episode,step,x,y,yaw,ey,epsi,s,speed,raw_steer,safe_steer,steer_correction,interventions,emergency,joint_envelope_violated,oscillation_persistent,cv_ok,cv_state_available,cv_perception_invalid,cv_ey,cv_epsi,cv_confidence,cv_curvature,cv_lane_width,cv_n_lines,cv_reason
0,1,-2.831143,-1.619606,-0.255325,-0.001054,0.009072,0.001485,0.037048,-0.045777,-0.045777,0.000000,,0,0,0,1,1,0,0.013318,-0.198097,0.6667,0.2107,0.2513,2,ok
0,2,-2.822809,-1.621631,-0.258760,-0.000824,0.005637,0.010058,0.100616,-0.047859,-0.047859,0.000000,,0,0,0,1,1,0,0.013594,-0.199282,0.6667,0.2033,0.2515,2,ok
0,3,-2.807110,-1.625613,-0.263133,-0.000554,0.001264,0.026252,0.164108,-0.061880,-0.061880,0.000000,,0,0,0,1,1,0,0.013452,-0.205334,0.6458,0.1848,0.2522,2,ok
0,4,-2.788770,-1.630294,-0.258553,-0.000267,0.005844,0.045178,0.199440,0.455337,0.088120,-0.367216,C-06,0,0,0,1,1,0,0.008091,-0.222527,0.6667,0.3063,0.2548,2,ok
0,5,-2.765521,-1.636193,-0.242139,-0.000641,-0.020463,0.069148,0.200257,0.480821,0.238120,-0.242701,C-06,0,0,0,1,1,0,0.012155,-0.231056,0.6042,0.1970,0.2441,2,ok
0,6,-2.746054,-1.641110,-0.219298,-0.001249,0.002378,0.089217,0.201251,0.391956,0.388120,-0.003836,C-06,0,0,0,1,1,0,0.012155,-0.231056,0.6042,0.1970,0.2441,2,ok
0,7,-2.726468,-1.646027,-0.186854,-0.001832,0.034822,0.108761,0.202509,0.576508,0.538120,-0.038387,C-06,0,0,0,1,1,0,0.003243,-0.212312,0.7500,0.3317,0.2602,2,ok
0,8,-2.702816,-1.651802,-0.153590,-0.003411,0.025546,0.133623,0.202872,0.430332,0.430332,0.000000,,0,0,0,1,1,0,0.004630,-0.192080,0.7500,0.2985,0.2626,2,ok
0,9,-2.683012,-1.656109,-0.126221,-0.004191,0.052915,0.153875,0.202155,0.343464,0.343464,0.000000,,0,0,0,1,1,0,0.005063,-0.154554,0.7292,0.2809,0.2687,2,ok
0,10,-2.659180,-1.659829,-0.110391,-0.004250,0.029962,0.177835,0.200927,-0.072174,0.193464,0.265638,C-06,0,0,0,1,1,0,0.005090,-0.141397,0.7083,0.2761,0.2688,2,ok
0,11,-2.639297,-1.662193,-0.106826,-0.003893,0.033527,0.197854,0.200180,-0.061644,0.043464,0.105108,C-06,0,0,0,1,1,0,0.005732,-0.121891,0.7500,0.2435,0.2635,2,ok
0,12,-2.619401,-1.664485,-0.096465,-0.003463,0.043888,0.217877,0.200373,0.167164,0.167164,0.000000,,0,0,0,1,1,0,0.006675,-0.120120,0.7083,0.2005,0.2632,2,ok
0,13,-2.599483,-1.666777,-0.085163,-0.003707,0.021212,0.237805,0.200578,0.169848,0.169848,0.000000,,0,0,0,1,1,0,0.005440,-0.123998,0.7083,0.2092,0.2589,2,ok
0,14,-2.575554,-1.669523,-0.067099,-0.004009,0.039277,0.261890,0.200807,0.227388,0.227388,0.000000,,0,0,0,1,1,0,0.005812,-0.120745,0.6667,0.1886,0.2643,2,ok
0,15,-2.555594,-1.671147,-0.061122,-0.003888,0.014684,0.281797,0.200212,-0.001127,0.077388,0.078515,C-06,0,0,0,1,1,0,0.005339,-0.114683,0.6667,0.1996,0.2661,2,ok
0,16,-2.535631,-1.672386,-0.060950,-0.003704,0.014856,0.301797,0.199998,-0.004018,-0.004018,0.000000,,0,0,0,1,1,0,0.007109,-0.101989,0.6667,0.1237,0.2665,2,ok
0,17,-2.515665,-1.673601,-0.054889,-0.003496,0.020917,0.321799,0.200064,0.098513,0.098513,0.000000,,0,0,0,1,1,0,0.005574,-0.106971,0.6875,0.1408,0.2706,2,ok
0,18,-2.491695,-1.675058,-0.044181,-0.003723,0.005153,0.345729,0.200169,0.132351,0.132351,0.000000,,0,0,0,1,1,0,0.002996,-0.103527,0.7292,0.1654,0.2651,2,ok
0,19,-2.467714,-1.676486,-0.035716,-0.004017,0.013619,0.369750,0.200190,0.100245,0.100245,0.000000,,0,0,0,1,1,0,0.003091,-0.098653,0.7708,0.1465,0.2695,2,ok
0,20,-2.447724,-1.677602,-0.026411,-0.004455,-0.000107,0.389665,0.200231,0.136469,0.136469,0.000000,,0,0,0,1,1,0,0.001657,-0.092036,0.7292,0.1726,0.2701,2,ok
0,21,-2.427729,-1.678543,-0.018075,-0.004941,0.008229,0.409676,0.200152,0.118274,0.118274,0.000000,,0,0,0,1,1,0,0.003739,-0.093696,0.7500,0.0915,0.2657,2,ok
0,22,-2.407731,-1.679249,-0.011130,-0.005192,0.015175,0.429685,0.200089,0.097423,0.097423,0.000000,,0,0,0,1,1,0,0.003310,-0.087103,0.7083,0.0879,0.2655,2,ok
0,23,-2.383732,-1.679998,0.001905,-0.005813,0.008185,0.453589,0.200097,0.157737,0.157737,0.000000,,0,0,0,1,1,0,0.003828,-0.082527,0.7292,0.0504,0.2624,2,ok
0,24,-2.363732,-1.680430,0.011347,-0.006169,0.017627,0.473590,0.200017,0.132165,0.132165,0.000000,,0,0,0,1,1,0,0.003219,-0.069206,0.6458,0.0514,0.2660,2,ok
0,25,-2.343734,-1.680542,0.018199,-0.006373,0.006884,0.493480,0.199969,0.095158,0.095158,0.000000,,0,0,0,1,1,0,0.002778,-0.057749,0.6458,0.0474,0.2697,2,ok
0,26,-2.323739,-1.680363,0.021960,-0.006463,0.010644,0.513476,0.199965,0.050723,0.050723,0.000000,,0,0,0,1,1,0,0.004188,-0.058563,0.6667,-0.0001,0.2688,2,ok
0,27,-2.299746,-1.680071,0.027230,-0.006494,0.015915,0.535804,0.199946,0.063970,0.063970,0.000000,,0,0,0,1,1,0,0.002065,-0.054200,0.7083,0.0462,0.2689,2,ok
0,28,-2.275758,-1.679728,0.037548,-0.006871,0.011101,0.561357,0.199883,0.128229,0.128229,0.000000,,0,0,0,1,1,0,0.001940,-0.052448,0.7500,0.0296,0.2691,2,ok
0,29,-2.255775,-1.679328,0.044790,-0.007049,0.018343,0.581344,0.199858,0.103455,0.103455,0.000000,,0,0,0,1,1,0,0.003054,-0.048097,0.7500,-0.0181,0.2698,2,ok
0,30,-2.231801,-1.678318,0.046287,-0.006942,0.007302,0.605257,0.199978,0.012062,0.012062,0.000000,,0,0,0,1,1,0,0.001986,-0.038851,0.7083,0.0124,0.2684,2,ok
0,31,-2.207825,-1.677265,0.044410,-0.006867,0.005424,0.629255,0.199995,-0.025018,-0.025018,0.000000,,0,0,0,1,1,0,0.002605,-0.034179,0.7083,-0.0307,0.2689,2,ok
0,32,-2.183844,-1.676212,0.032323,-0.006962,-0.017389,0.653176,0.200084,-0.155521,-0.155521,0.000000,,0,0,0,1,1,0,0.003096,-0.036775,0.7083,-0.0729,0.2679,2,ok
0,33,-2.159855,-1.675416,0.031136,-0.007436,-0.018576,0.677173,0.200007,0.045900,-0.005521,-0.051421,C-06,0,0,0,1,1,0,0.001776,-0.047918,0.6875,-0.1238,0.2698,2,ok
0,34,-2.135871,-1.674643,0.041343,-0.007996,-0.016813,0.701117,0.199937,0.133423,0.133423,0.000000,,0,0,0,1,1,0,0.002409,-0.053144,0.6667,-0.1558,0.2649,2,ok
0,35,-2.115891,-1.673998,0.049166,-0.008528,-0.008989,0.721100,0.199866,0.112257,0.112257,0.000000,,0,0,0,1,1,0,0.001076,-0.044191,0.7292,-0.1482,0.2651,2,ok
0,36,-2.091924,-1.673061,0.054599,-0.009035,-0.010851,0.745007,0.199879,0.062906,0.062906,0.000000,,0,0,0,1,1,0,-0.000095,-0.033215,0.7500,-0.1294,0.2681,2,ok
0,37,-2.067965,-1.672045,0.062210,-0.009628,-0.003240,0.768980,0.199802,0.095079,0.095079,0.000000,,0,0,0,1,1,0,-0.000044,-0.020656,0.7708,-0.1603,0.2692,2,ok
0,38,-2.044016,-1.670851,0.068637,-0.010041,0.003187,0.791942,0.199814,0.078076,0.078076,0.000000,,0,0,0,1,1,0,0.000472,-0.014951,0.7917,-0.1802,0.2704,2,ok
0,39,-2.024066,-1.669663,0.072462,-0.010279,0.002022,0.812899,0.199856,0.055039,0.055039,0.000000,,0,0,0,1,1,0,0.001492,0.000031,0.7708,-0.2255,0.2688,2,ok
0,40,-2.000128,-1.667957,0.071451,-0.010279,0.001011,0.836897,0.200003,-0.016761,-0.016761,0.000000,,0,0,0,1,1,0,0.001502,0.003969,0.7292,-0.2369,0.2678,2,ok
0,41,-1.976180,-1.666237,0.058807,-0.010378,-0.015459,0.860844,0.200161,-0.229789,-0.166761,0.063028,C-06,0,0,0,1,1,0,0.001380,0.004311,0.7500,-0.2539,0.2669,2,ok
0,42,-1.952213,-1.664517,0.045355,-0.010512,-0.028910,0.884873,0.200302,-0.163822,-0.163822,0.000000,,0,0,0,1,1,0,0.000130,0.000626,0.7083,-0.2578,0.2675,2,ok
0,43,-1.932232,-1.663544,0.043681,-0.011091,-0.032828,0.904862,0.200025,0.114787,-0.013822,-0.128609,C-06,0,0,0,1,1,0,-0.001563,-0.015193,0.6875,-0.2822,0.2623,2,ok
0,44,-1.908259,-1.662439,0.050701,-0.011853,-0.025808,0.928849,0.199959,0.092673,0.092673,0.000000,,0,0,0,1,1,0,-0.003827,-0.015845,0.7083,-0.2546,0.2629,2,ok
0,45,-1.884293,-1.661334,0.055699,-0.012617,-0.021096,0.952826,0.199904,0.058731,0.058731,0.000000,,0,0,0,1,1,0,-0.005027,-0.007358,0.7917,-0.2501,0.2632,2,ok
0,46,-1.860335,-1.660230,0.063620,-0.013382,-0.013176,0.976797,0.199812,0.099902,0.099902,0.000000,,0,0,0,1,1,0,-0.005934,0.004089,0.7917,-0.2464,0.2612,2,ok
0,47,-1.836392,-1.659110,0.073326,-0.014135,-0.002603,1.000750,0.199711,0.121049,0.121049,0.000000,,0,0,0,1,1,0,-0.006130,0.013689,0.7500,-0.2541,0.2601,2,ok
0,48,-1.816449,-1.657859,0.077827,-0.014447,0.001898,1.020730,0.199826,0.062741,0.062741,0.000000,,0,0,0,1,1,0,-0.008510,0.028223,0.7708,-0.1753,0.2638,2,ok
0,49,-1.792519,-1.656008,0.074573,-0.014474,-0.001356,1.043178,0.200048,-0.047166,-0.047166,0.000000,,0,0,0,1,1,0,-0.009676,0.048890,0.7292,-0.1366,0.2645,2,ok
0,50,-1.768574,-1.654141,0.059475,-0.014339,-0.013470,1.068831,0.200243,-0.322653,-0.197166,0.125487,C-06,0,0,0,1,1,0,-0.010550,0.055491,0.7500,-0.1038,0.2649,2,ok
0,51,-1.744600,-1.652273,0.031601,-0.014216,-0.041344,1.092809,0.200496,-0.386874,-0.347166,0.039708,C-06,0,0,0,1,1,0,-0.012142,0.050344,0.7083,-0.0848,0.2656,2,ok
0,52,-1.720607,-1.650736,0.014347,-0.014430,-0.054797,1.116915,0.200294,0.094827,-0.197166,-0.291993,C-06,0,0,0,1,1,0,-0.016201,0.028349,0.7292,-0.0412,0.2701,2,ok
0,53,-1.700608,-1.650263,0.010499,-0.015414,-0.058645,1.136895,0.200031,0.103297,-0.047166,-0.150463,C-06,0,0,0,1,1,0,-0.017013,0.014311,0.7708,-0.0421,0.2680,2,ok
0,54,-1.676611,-1.649976,0.018268,-0.016690,-0.045043,1.161017,0.199981,0.162555,0.102834,-0.059720,C-06,0,0,0,1,1,0,-0.017309,0.011201,0.7917,-0.0450,0.2666,2,ok
0,55,-1.652616,-1.649702,0.023812,-0.017925,-0.039499,1.184981,0.199958,0.064275,0.064275,0.000000,,0,0,0,1,1,0,-0.016151,0.012130,0.7917,-0.0514,0.2668,2,ok
0,56,-1.632624,-1.649474,0.031059,-0.018902,-0.025579,1.205023,0.199919,0.107921,0.107921,0.000000,,0,0,0,1,1,0,-0.015242,0.021127,0.7708,-0.0327,0.2686,2,ok
0,57,-1.608636,-1.648839,0.033592,-0.019683,-0.023046,1.229006,0.199968,0.024885,0.024885,0.000000,,0,0,0,1,1,0,-0.014161,0.027375,0.7292,-0.0352,0.2673,2,ok
0,58,-1.584647,-1.648084,0.026892,-0.020221,-0.019712,1.253197,0.200026,-0.087206,-0.087206,0.000000,,0,0,0,1,1,0,-0.013360,0.030846,0.7500,-0.0409,0.2664,2,ok
0,59,-1.560655,-1.647351,0.024591,-0.020667,-0.022013,1.277197,0.200027,-0.023862,-0.023862,0.000000,,0,0,0,1,1,0,-0.013388,0.024392,0.7083,-0.0296,0.2672,2,ok
0,60,-1.536664,-1.646705,0.030362,-0.021085,-0.006126,1.301400,0.199981,0.074958,0.074958,0.000000,,0,0,0,1,1,0,-0.011853,0.019271,0.6875,-0.0546,0.2649,2,ok
0,61,-1.516674,-1.646096,0.030722,-0.021260,-0.005766,1.321399,0.200000,-0.000878,-0.000878,0.000000,,0,0,0,1,1,0,-0.012363,0.027289,0.7292,-0.0263,0.2667,2,ok
0,62,-1.492683,-1.645358,0.025022,-0.021339,0.000333,1.345753,0.200031,-0.072421,-0.072421,0.000000,,0,0,0,1,1,0,-0.010854,0.028412,0.7500,-0.0396,0.2682,2,ok
0,63,-1.468692,-1.644757,0.028183,-0.021283,0.003494,1.369752,0.199982,0.045236,0.045236,0.000000,,0,0,0,1,1,0,-0.010705,0.023712,0.7708,-0.0344,0.2669,2,ok
0,64,-1.444703,-1.644165,0.033677,-0.021160,0.018816,1.393968,0.199949,0.067527,0.067527,0.000000,,0,0,0,1,1,0,-0.010705,0.023712,0.7708,-0.0344,0.2669,2,ok
0,65,-1.420719,-1.643561,0.038436,-0.020852,0.023575,1.417958,0.199925,0.056873,0.056873,0.000000,,0,0,0,1,1,0,-0.008461,0.027516,0.7708,-0.0475,0.2672,2,ok
0,66,-1.396735,-1.642661,0.033729,-0.020161,0.026715,1.442201,0.200030,-0.064593,-0.064593,0.000000,,0,0,0,1,1,0,-0.007439,0.035647,0.7500,-0.0383,0.2673,2,ok
0,67,-1.372743,-1.641745,0.016860,-0.019245,0.009846,1.466193,0.200114,-0.341918,-0.214593,0.127324,C-06,0,0,0,1,1,0,-0.006693,0.034289,0.7500,-0.0421,0.2673,2,ok
0,68,-1.348744,-1.640829,-0.003928,-0.018329,-0.006397,1.490192,0.200145,-0.248166,-0.248166,0.000000,,0,0,0,1,1,0,-0.007965,0.018093,0.7083,-0.0304,0.2662,2,ok
0,69,-1.328745,-1.640543,-0.011708,-0.018043,-0.014177,1.510191,0.199996,0.164073,-0.098166,-0.262238,C-06,0,0,0,1,1,0,-0.008029,-0.001449,0.7083,-0.0557,0.2658,2,ok
0,70,-1.304746,-1.640799,-0.008230,-0.018299,-0.010699,1.534190,0.200007,0.148855,0.051834,-0.097021,C-06,0,0,0,1,1,0,-0.009719,-0.013322,0.7500,-0.0442,0.2657,2,ok
0,71,-1.280746,-1.641089,0.004809,-0.018589,0.004809,1.558189,0.200013,0.162535,0.162535,0.000000,,0,0,0,1,1,0,-0.010018,-0.012203,0.7917,-0.0398,0.2664,2,ok
0,72,-1.256747,-1.641191,0.010069,-0.018691,0.010069,1.582189,0.199991,0.054988,0.054988,0.000000,,0,0,0,1,1,0,-0.009145,-0.001421,0.7917,-0.0383,0.2660,2,ok
0,73,-1.232749,-1.641221,0.018065,-0.018721,0.018065,1.606186,0.199969,0.097627,0.097627,0.000000,,0,0,0,1,1,0,-0.008461,0.006193,0.7708,-0.0384,0.2677,2,ok
0,74,-1.212753,-1.640942,0.019794,-0.018442,0.019794,1.626183,0.199985,0.020018,0.020018,0.000000,,0,0,0,1,1,0,-0.007899,0.012935,0.7083,-0.0173,0.2689,2,ok
0,75,-1.188756,-1.640524,0.010825,-0.018024,0.010825,1.650180,0.200018,-0.117864,-0.117864,0.000000,,0,0,0,1,1,0,-0.006492,0.018435,0.7292,-0.0460,0.2671,2,ok
0,76,-1.164756,-1.640103,-0.008403,-0.017603,-0.008403,1.674179,0.200025,-0.236511,-0.236511,0.000000,,0,0,0,1,1,0,-0.007048,0.013466,0.7083,-0.0409,0.2675,2,ok
0,77,-1.140758,-1.639962,-0.016551,-0.017462,-0.016551,1.698177,0.199974,0.113874,-0.086511,-0.200385,C-06,0,0,0,1,1,0,-0.008907,-0.007760,0.6875,-0.0442,0.2655,2,ok
0,78,-1.116761,-1.640346,-0.011909,-0.017846,-0.011909,1.722175,0.200014,0.145756,0.063489,-0.082267,C-06,0,0,0,1,1,0,-0.009876,-0.018668,0.7083,-0.0416,0.2660,2,ok
0,79,-1.096762,-1.640684,-0.001990,-0.018184,-0.001990,1.742174,0.200028,0.145647,0.145647,0.000000,,0,0,0,1,1,0,-0.010204,-0.016334,0.7708,-0.0382,0.2672,2,ok
0,80,-1.072762,-1.640913,0.002275,-0.018413,0.002275,1.766174,0.200005,0.045181,0.045181,0.000000,,0,0,0,1,1,0,-0.008841,-0.010514,0.8125,-0.0580,0.2675,2,ok
0,81,-1.048762,-1.641075,0.007131,-0.018575,0.007131,1.790174,0.199998,0.058095,0.058095,0.000000,,0,0,0,1,1,0,-0.009410,-0.000265,0.7500,-0.0221,0.2676,2,ok
0,82,-1.028763,-1.641110,0.010714,-0.018610,0.010714,1.810173,0.199989,0.050385,0.050385,0.000000,,0,0,0,1,1,0,-0.008647,0.001902,0.7708,-0.0386,0.2678,2,ok
0,83,-1.004765,-1.641044,0.014701,-0.018544,0.014701,1.834171,0.199981,0.047145,0.047145,0.000000,,0,0,0,1,1,0,-0.007643,0.005589,0.7292,-0.0514,0.2653,2,ok
0,84,-0.980767,-1.640728,0.011025,-0.018228,0.011025,1.858169,0.200006,-0.050665,-0.050665,0.000000,,0,0,0,1,1,0,-0.006950,0.010665,0.7292,-0.0549,0.2667,2,ok
0,85,-0.956767,-1.640399,0.000459,-0.017899,0.000459,1.882168,0.200019,-0.130080,-0.130080,0.000000,,0,0,0,1,1,0,-0.007291,0.010229,0.6875,-0.0441,0.2664,2,ok
0,86,-0.932767,-1.640383,0.001287,-0.017883,0.001287,1.906168,0.200000,0.119439,0.019920,-0.099519,C-06,0,0,0,1,1,0,-0.007963,0.003492,0.6875,-0.0362,0.2668,2,ok
0,87,-0.912767,-1.640389,0.003035,-0.017889,0.003035,1.926168,0.199999,0.025094,0.025094,0.000000,,0,0,0,1,1,0,-0.008276,-0.001886,0.7292,-0.0405,0.2665,2,ok
0,88,-0.888768,-1.640387,0.004625,-0.017887,0.004625,1.950168,0.199998,0.018366,0.018366,0.000000,,0,0,0,1,1,0,-0.008469,0.001012,0.7917,-0.0335,0.2658,2,ok
0,89,-0.864768,-1.640368,0.009135,-0.017868,0.009135,1.974167,0.199992,0.055578,0.055578,0.000000,,0,0,0,1,1,0,-0.007794,0.001621,0.7708,-0.0460,0.2682,2,ok
0,90,-0.840770,-1.640348,0.017484,-0.017848,0.017484,1.998165,0.199971,0.102028,0.102028,0.000000,,0,0,0,1,1,0,-0.007373,0.007891,0.7708,-0.0409,0.2666,2,ok
0,91,-0.816776,-1.640269,0.024804,-0.017769,0.024804,2.022160,0.199944,0.086504,0.086504,0.000000,,0,0,0,1,1,0,-0.007373,0.007891,0.7708,-0.0409,0.2666,2,ok
0,92,-0.796781,-1.639795,0.021387,-0.017295,0.021387,2.042154,0.200017,-0.078670,-0.063496,0.015173,C-06,0,0,0,1,1,0,-0.005212,0.020430,0.7292,-0.0523,0.2662,2,ok
0,93,-0.772784,-1.639186,0.004258,-0.016686,0.004258,2.066152,0.200062,-0.298224,-0.213496,0.084728,C-06,0,0,0,1,1,0,-0.005098,0.023081,0.7500,-0.0423,0.2662,2,ok
0,94,-0.748784,-1.638625,-0.006376,-0.016125,-0.006376,2.090152,0.200034,-0.119935,-0.119935,0.000000,,0,0,0,1,1,0,-0.006384,0.004132,0.7083,-0.0442,0.2665,2,ok
0,95,-0.728784,-1.638727,-0.005018,-0.016227,-0.005018,2.110151,0.200002,0.128024,0.030065,-0.097958,C-06,0,0,0,1,1,0,-0.007423,-0.005311,0.7083,-0.0400,0.2668,2,ok
0,96,-0.704784,-1.638893,-0.002130,-0.016393,-0.002130,2.134151,0.200004,0.034371,0.034371,0.000000,,0,0,0,1,1,0,-0.007642,-0.008263,0.7292,-0.0384,0.2678,2,ok
0,97,-0.680784,-1.639058,0.004614,-0.016558,0.004614,2.158151,0.200003,0.082448,0.082448,0.000000,,0,0,0,1,1,0,-0.006739,-0.007357,0.7917,-0.0541,0.2657,2,ok
0,98,-0.656785,-1.639184,0.009721,-0.016684,0.009721,2.182150,0.199992,0.059444,0.059444,0.000000,,0,0,0,1,1,0,-0.006943,0.001297,0.7917,-0.0365,0.2673,2,ok
0,99,-0.632787,-1.639240,0.016664,-0.016740,0.016664,2.206148,0.199973,0.084100,0.084100,0.000000,,0,0,0,1,1,0,-0.006441,0.007110,0.7708,-0.0357,0.2671,2,ok
0,100,-0.612790,-1.638989,0.018387,-0.016489,0.018387,2.226145,0.199987,0.019464,0.019464,0.000000,,0,0,0,1,1,0,-0.005429,0.013623,0.7292,-0.0383,0.2682,2,ok
0,101,-0.588793,-1.638605,0.008443,-0.016105,0.008443,2.250143,0.200018,-0.237716,-0.130536,0.107180,C-06,0,0,0,1,1,0,-0.004975,0.014636,0.7292,-0.0367,0.2674,2,ok
0,102,-0.564793,-1.638219,-0.014225,-0.015719,-0.014225,2.274142,0.200009,-0.333159,-0.280536,0.052623,C-06,0,0,0,1,1,0,-0.005341,0.008637,0.7083,-0.0405,0.2678,2,ok
0,103,-0.540798,-1.638051,-0.025927,-0.015551,-0.025927,2.298137,0.199936,0.112624,-0.130536,-0.243159,C-06,0,0,0,1,1,0,-0.007734,-0.013148,0.6875,-0.0421,0.2660,2,ok
0,104,-0.516806,-1.638646,-0.025046,-0.016146,-0.025046,2.322129,0.200007,0.184189,0.019464,-0.164724,C-06,0,0,0,1,1,0,-0.009215,-0.024495,0.7500,-0.0359,0.2682,2,ok
0,105,-0.496811,-1.639174,-0.014264,-0.016674,-0.014264,2.342125,0.200047,0.188017,0.169464,-0.018553,C-06,0,0,0,1,1,0,-0.010528,-0.027327,0.7917,-0.0243,0.2673,2,ok
0,106,-0.472812,-1.639693,-0.009648,-0.017193,-0.009648,2.366123,0.200029,0.046470,0.046470,0.000000,,0,0,0,1,1,0,-0.009449,-0.023373,0.7917,-0.0452,0.2682,2,ok
0,107,-0.448813,-1.640155,-0.001935,-0.017655,-0.001935,2.390123,0.200037,0.093654,0.093654,0.000000,,0,0,0,1,1,0,-0.009770,-0.012524,0.7500,-0.0189,0.2676,2,ok
0,108,-0.428813,-1.640365,0.001600,-0.017865,0.001600,2.410123,0.200007,0.046157,0.046157,0.000000,,0,0,0,1,1,0,-0.008299,-0.007104,0.7708,-0.0491,0.2662,2,ok
0,109,-0.404813,-1.640366,0.000579,-0.017866,0.000579,2.434123,0.200000,-0.016269,-0.016269,0.000000,,0,0,0,1,1,0,-0.009198,-0.001790,0.7083,-0.0122,0.2682,2,ok
0,110,-0.380813,-1.640355,-0.001364,-0.017855,-0.001364,2.458123,0.200000,-0.023351,-0.023351,0.000000,,0,0,0,1,1,0,-0.007890,-0.001540,0.7500,-0.0563,0.2665,2,ok
0,111,-0.356813,-1.640355,0.005699,-0.017855,0.005699,2.482123,0.199997,0.092395,0.092395,0.000000,,0,0,0,1,1,0,-0.008230,-0.004463,0.7083,-0.0523,0.2676,2,ok
0,112,-0.332814,-1.640356,0.012419,-0.017856,0.012419,2.506122,0.199985,0.078669,0.078669,0.000000,,0,0,0,1,1,0,-0.007868,-0.000136,0.6667,-0.0453,0.2651,2,ok
0,113,-0.312815,-1.640119,0.008840,-0.017619,0.008840,2.526120,0.200008,-0.063268,-0.063268,0.000000,,0,0,0,1,1,0,-0.007721,0.010346,0.7292,-0.0254,0.2679,2,ok
0,114,-0.288816,-1.639811,0.002412,-0.017311,0.002412,2.550120,0.200016,-0.076730,-0.076730,0.000000,,0,0,0,1,1,0,-0.006797,0.005838,0.7917,-0.0498,0.2657,2,ok
0,115,-0.264816,-1.639746,0.006924,-0.017246,0.006924,2.574120,0.199996,0.063488,0.063488,0.000000,,0,0,0,1,1,0,-0.006656,0.002527,0.7917,-0.0540,0.2664,2,ok
0,116,-0.240817,-1.639698,0.012639,-0.017198,0.012639,2.598118,0.199985,0.067941,0.067941,0.000000,,0,0,0,1,1,0,-0.007201,0.004012,0.7708,-0.0335,0.2665,2,ok
0,117,-0.216820,-1.639570,0.016437,-0.017070,0.016437,2.622116,0.199979,0.043734,0.043734,0.000000,,0,0,0,1,1,0,-0.006518,0.008800,0.7708,-0.0369,0.2673,2,ok
0,118,-0.196822,-1.639276,0.013171,-0.016776,0.013171,2.642114,0.200005,-0.054077,-0.054077,0.000000,,0,0,0,1,1,0,-0.005804,0.011196,0.7292,-0.0441,0.2662,2,ok
0,119,-0.172823,-1.638910,-0.003032,-0.016410,-0.003032,2.666113,0.200023,-0.295250,-0.204077,0.091173,C-06,0,0,0,1,1,0,-0.004985,0.013378,0.7708,-0.0554,0.2666,2,ok
0,120,-0.148823,-1.638771,-0.008466,-0.016271,-0.008466,2.690112,0.199994,0.017349,-0.054077,-0.071427,C-06,0,0,0,1,1,0,-0.007043,-0.003308,0.7083,-0.0442,0.2665,2,ok
0,121,-0.128823,-1.638913,-0.002681,-0.016413,-0.002681,2.710112,0.200005,0.112320,0.095923,-0.016397,C-06,0,0,0,1,1,0,-0.006813,-0.011375,0.6875,-0.0610,0.2649,2,ok
0,122,-0.104823,-1.639045,-0.000743,-0.016545,-0.000743,2.734112,0.200002,0.018306,0.018306,0.000000,,0,0,0,1,1,0,-0.007971,-0.007984,0.7292,-0.0336,0.2673,2,ok
0,123,-0.080824,-1.639154,0.004560,-0.016654,0.004560,2.758112,0.200000,0.065405,0.065405,0.000000,,0,0,0,1,1,0,-0.007802,-0.002241,0.7917,-0.0265,0.2682,2,ok
0,124,-0.056824,-1.639258,0.009717,-0.016758,0.009717,2.782111,0.199992,0.060686,0.060686,0.000000,,0,0,0,1,1,0,-0.007002,0.001778,0.7917,-0.0354,0.2671,2,ok
0,125,-0.032826,-1.639320,0.016856,-0.016820,0.016856,2.806109,0.199973,0.086741,0.086741,0.000000,,0,0,0,1,1,0,-0.006216,0.005755,0.7708,-0.0413,0.2672,2,ok
0,126,-0.012830,-1.639079,0.018842,-0.016579,0.018842,2.826106,0.199984,0.023326,0.023326,0.000000,,0,0,0,1,1,0,-0.005466,0.013506,0.7292,-0.0381,0.2684,2,ok
0,127,0.011168,-1.638680,0.009219,-0.016180,0.009219,2.850103,0.200019,-0.222021,-0.126674,0.095347,C-06,0,0,0,1,1,0,-0.004562,0.016325,0.7292,-0.0522,0.2656,2,ok
0,128,0.035167,-1.638277,-0.013127,-0.015777,-0.013127,2.874103,0.200014,-0.339069,-0.276674,0.062395,C-06,0,0,0,1,1,0,-0.005447,0.008930,0.7083,-0.0355,0.2674,2,ok
0,129,0.059163,-1.638098,-0.024619,-0.015598,-0.024619,2.898098,0.199942,-0.011615,-0.126674,-0.115059,C-06,0,0,0,1,1,0,-0.006787,-0.004497,0.7083,-0.0412,0.2661,2,ok
0,130,0.083156,-1.638663,-0.023417,-0.016163,-0.023417,2.922091,0.200008,0.178004,0.023326,-0.154678,C-06,0,0,0,1,1,0,-0.008675,-0.025729,0.7292,-0.0513,0.2669,2,ok
0,131,0.103152,-1.639164,-0.012589,-0.016664,-0.012589,2.942088,0.200045,0.169450,0.169450,0.000000,,0,0,0,1,1,0,-0.009737,-0.025631,0.7708,-0.0368,0.2681,2,ok
0,132,0.127151,-1.639765,-0.003037,-0.017265,-0.003037,2.966087,0.200062,0.108978,0.108978,0.000000,,0,0,0,1,1,0,-0.009861,-0.025236,0.7917,-0.0386,0.2677,2,ok
0,133,0.151151,-1.640276,0.006111,-0.017776,0.006111,2.990087,0.200026,0.107811,0.107811,0.000000,,0,0,0,1,1,0,-0.007844,-0.008201,0.7500,-0.0561,0.2671,2,ok
0,134,0.171150,-1.640315,0.009405,-0.017815,0.009405,3.010086,0.199991,0.041470,0.041470,0.000000,,0,0,0,1,1,0,-0.007342,-0.001128,0.7708,-0.0547,0.2667,2,ok
0,135,0.195150,-1.640133,0.006842,-0.017633,0.006842,3.034085,0.200002,-0.035714,-0.035714,0.000000,,0,0,0,1,1,0,-0.006616,0.005777,0.7500,-0.0592,0.2677,2,ok
0,136,0.219149,-1.639940,0.002929,-0.017440,0.002929,3.058085,0.200006,-0.046672,-0.046672,0.000000,,0,0,0,1,1,0,-0.007576,0.004033,0.7292,-0.0360,0.2669,2,ok
0,137,0.239149,-1.639837,0.001852,-0.017337,0.001852,3.078085,0.200002,-0.012505,-0.012505,0.000000,,0,0,0,1,1,0,-0.007888,0.002564,0.7083,-0.0343,0.2675,2,ok
0,138,0.263149,-1.639730,0.010547,-0.017230,0.010547,3.102084,0.199992,0.111762,0.111762,0.000000,,0,0,0,1,1,0,-0.007209,-0.001209,0.6667,-0.0494,0.2652,2,ok
0,139,0.287147,-1.639473,0.009422,-0.016973,0.009422,3.126083,0.200003,-0.022469,-0.022469,0.000000,,0,0,0,1,1,0,-0.005857,0.002145,0.7292,-0.0654,0.2650,2,ok
0,140,0.307147,-1.639249,0.002493,-0.016749,0.002493,3.146083,0.200012,-0.102187,-0.102187,0.000000,,0,0,0,1,1,0,-0.006318,0.006264,0.7917,-0.0417,0.2668,2,ok
0,141,0.327147,-1.639196,0.004403,-0.016696,0.004403,3.166082,0.199999,0.037262,0.037262,0.000000,,0,0,0,1,1,0,-0.007044,0.002462,0.7708,-0.0359,0.2684,2,ok
0,142,0.351146,-1.639149,0.009582,-0.016649,0.009582,3.190082,0.199992,0.062963,0.062963,0.000000,,0,0,0,1,1,0,-0.007123,0.002059,0.7500,-0.0308,0.2685,2,ok
0,143,0.371145,-1.639108,0.013209,-0.016608,0.013209,3.210081,0.199984,0.050784,0.050784,0.000000,,0,0,0,1,1,0,-0.006384,0.006497,0.7708,-0.0378,0.2667,2,ok
0,144,0.395143,-1.638861,0.014706,-0.016361,0.014706,3.234078,0.199991,0.015739,0.015739,0.000000,,0,0,0,1,1,0,-0.005388,0.009273,0.7292,-0.0518,0.2661,2,ok
0,145,0.419141,-1.638570,0.004220,-0.016070,0.004220,3.258077,0.200012,-0.218287,-0.134261,0.084026,C-06,0,0,0,1,1,0,-0.005217,0.011625,0.7500,-0.0385,0.2672,2,ok
0,146,0.439141,-1.638328,-0.012938,-0.015828,-0.012938,3.278076,0.200000,-0.254811,-0.254811,0.000000,,0,0,0,1,1,0,-0.006049,0.004912,0.7083,-0.0376,0.2682,2,ok
0,147,0.463137,-1.638231,-0.022493,-0.015731,-0.022493,3.302072,0.199951,0.071872,-0.104811,-0.176683,C-06,0,0,0,1,1,0,-0.005845,-0.001226,0.7083,-0.0502,0.2659,2,ok
0,148,0.487131,-1.638742,-0.019589,-0.016242,-0.019589,3.326067,0.200013,0.147570,0.045189,-0.102381,C-06,0,0,0,1,1,0,-0.009023,-0.019692,0.7083,-0.0328,0.2679,2,ok
0,149,0.507129,-1.639197,-0.008673,-0.016697,-0.008673,3.346065,0.200043,0.166057,0.166057,0.000000,,0,0,0,1,1,0,-0.009142,-0.023571,0.7917,-0.0489,0.2654,2,ok
0,150,0.527129,-1.639562,-0.004163,-0.017062,-0.004163,3.366064,0.200025,0.056251,0.056251,0.000000,,0,0,0,1,1,0,-0.008720,-0.013856,0.7708,-0.0362,0.2669,2,ok
0,151,0.551129,-1.639915,0.001224,-0.017415,0.001224,3.390064,0.200016,0.063931,0.063931,0.000000,,0,0,0,1,1,0,-0.008713,-0.007685,0.7917,-0.0278,0.2673,2,ok
0,152,0.571129,-1.639982,0.003091,-0.017482,0.003091,3.410064,0.199999,0.023579,0.023579,0.000000,,0,0,0,1,1,0,-0.008481,-0.003379,0.7500,-0.0273,0.2669,2,ok
0,153,0.595129,-1.639994,0.004878,-0.017494,0.004878,3.434064,0.199998,0.020969,0.020969,0.000000,,0,0,0,1,1,0,-0.008767,-0.001301,0.7083,-0.0085,0.2684,2,ok
0,154,0.619128,-1.639942,0.002354,-0.017442,0.002354,3.458064,0.200000,-0.033600,-0.033600,0.000000,,0,0,0,1,1,0,-0.007691,0.002338,0.7292,-0.0392,0.2672,2,ok
0,155,0.639128,-1.639896,-0.002052,-0.017396,-0.002052,3.478064,0.200000,-0.064792,-0.064792,0.000000,,0,0,0,1,1,0,-0.007891,0.001374,0.7083,-0.0353,0.2671,2,ok
0,156,0.663128,-1.639946,0.004423,-0.017446,0.004423,3.502064,0.199999,0.123651,0.085208,-0.038443,C-06,0,0,0,1,1,0,-0.008619,-0.002871,0.6875,-0.0286,0.2664,2,ok
0,157,0.687128,-1.639917,0.006485,-0.017417,0.006485,3.526063,0.199996,0.020014,0.020014,0.000000,,0,0,0,1,1,0,-0.007963,-0.000027,0.7500,-0.0372,0.2669,2,ok
0,158,0.707128,-1.639841,0.001227,-0.017341,0.001227,3.546063,0.200001,-0.084032,-0.084032,0.000000,,0,0,0,1,1,0,-0.007215,0.003703,0.7917,-0.0412,0.2677,2,ok
0,159,0.727128,-1.639821,0.003089,-0.017321,0.003089,3.566063,0.199999,0.036414,0.036414,0.000000,,0,0,0,1,1,0,-0.007758,-0.001242,0.7708,-0.0390,0.2666,2,ok
0,160,0.751127,-1.639803,0.008977,-0.017303,0.008977,3.586935,0.199992,0.072019,0.072019,0.000000,,0,0,0,1,1,0,-0.007740,-0.000145,0.7500,-0.0341,0.2677,2,ok
0,161,0.771126,-1.639788,0.013957,-0.017288,0.013957,3.610061,0.199981,0.070801,0.070801,0.000000,,0,0,0,1,1,0,-0.007859,0.006066,0.7292,-0.0130,0.2674,2,ok
0,162,0.795123,-1.639603,0.017190,-0.017103,0.017190,3.634058,0.199980,0.036146,0.036146,0.000000,,0,0,0,1,1,0,-0.007478,0.010828,0.6875,-0.0089,0.2684,2,ok
0,163,0.819121,-1.639232,0.008507,-0.016732,0.008507,3.658056,0.200017,-0.155901,-0.113854,0.042047,C-06,0,0,0,1,1,0,-0.006048,0.012923,0.7083,-0.0295,0.2668,2,ok
0,164,0.839120,-1.638917,-0.009154,-0.016417,-0.009154,3.678056,0.200018,-0.268210,-0.263854,0.004356,C-06,0,0,0,1,1,0,-0.006760,0.009636,0.6667,-0.0218,0.2669,2,ok
0,165,0.863118,-1.638696,-0.019598,-0.016196,-0.019598,3.702053,0.199965,0.121538,-0.113854,-0.235391,C-06,0,0,0,1,1,0,-0.008399,-0.003431,0.6458,-0.0209,0.2674,2,ok
0,166,0.887113,-1.639138,-0.017435,-0.016638,-0.017435,3.726049,0.200009,0.132594,0.036146,-0.096447,C-06,0,0,0,1,1,0,-0.008744,-0.018330,0.7083,-0.0449,0.2661,2,ok
0,167,0.907112,-1.639538,-0.007765,-0.017038,-0.007765,3.746047,0.200033,0.147113,0.147113,0.000000,,0,0,0,1,1,0,-0.009113,-0.020265,0.7708,-0.0518,0.2670,2,ok
0,168,0.927111,-1.639857,-0.003882,-0.017357,-0.003882,3.766047,0.200019,0.048133,0.048133,0.000000,,0,0,0,1,1,0,-0.008709,-0.013559,0.7292,-0.0448,0.2647,2,ok
0,169,0.951111,-1.640190,0.002258,-0.017690,0.002258,3.787135,0.200018,0.073846,0.073846,0.000000,,0,0,0,1,1,0,-0.008186,-0.008675,0.7083,-0.0572,0.2652,2,ok
0,170,0.971111,-1.640317,0.005731,-0.017817,0.005731,3.810047,0.199999,0.047339,0.047339,0.000000,,0,0,0,1,1,0,-0.005911,-0.002417,0.7500,-0.1180,0.2681,2,ok
0,171,0.995110,-1.640353,0.009360,-0.017853,0.009360,3.834046,0.199992,0.042662,0.042662,0.000000,,0,0,0,1,1,0,-0.005755,0.003469,0.7083,-0.1175,0.2693,2,ok
0,172,1.019109,-1.640171,0.007937,-0.017671,0.007937,3.858045,0.200000,-0.020663,-0.020663,0.000000,,0,0,0,1,1,0,-0.004718,0.008136,0.7083,-0.1505,0.2708,2,ok
0,173,1.039109,-1.640011,0.004452,-0.017511,0.004452,3.878045,0.200004,-0.051606,-0.051606,0.000000,,0,0,0,1,1,0,-0.004718,0.008136,0.7083,-0.1505,0.2708,2,ok
0,174,1.063108,-1.639905,0.011873,-0.017405,0.011873,3.902044,0.199989,0.143772,0.098394,-0.045378,C-06,0,0,0,1,1,0,-0.002984,0.002410,0.6250,-0.2183,0.2680,2,ok
0,175,1.087106,-1.639802,0.016761,-0.017302,0.016761,3.926041,0.199975,0.055209,0.055209,0.000000,,0,0,0,1,1,0,-0.003073,0.008534,0.7083,-0.2299,0.2671,2,ok
0,176,1.107103,-1.639492,0.013236,-0.016992,0.013236,3.946039,0.200008,-0.059093,-0.059093,0.000000,,0,0,0,1,1,0,-0.003073,0.008534,0.7083,-0.2299,0.2671,2,ok
0,177,1.127102,-1.639228,0.013838,-0.016728,0.013838,3.966037,0.199998,0.013822,0.013822,0.000000,,0,0,0,1,1,0,-0.003683,0.020414,0.7292,-0.2475,0.2626,2,ok
0,178,1.151099,-1.638918,0.017877,-0.016418,0.017877,3.987435,0.199985,0.050245,0.050245,0.000000,,0,0,0,1,1,0,-0.004061,0.025205,0.7292,-0.2608,0.2631,2,ok
0,179,1.171095,-1.638562,0.017624,-0.016062,0.017624,4.010031,0.200002,-0.007747,-0.007747,0.000000,,0,0,0,1,1,0,-0.005212,0.032218,0.7500,-0.2227,0.2638,2,ok
0,180,1.195092,-1.638127,0.016846,-0.015627,0.016846,4.034027,0.200004,-0.009359,-0.009359,0.000000,,0,0,0,1,1,0,-0.005569,0.041356,0.7083,-0.2155,0.2655,2,ok
0,181,1.219090,-1.637693,0.004364,-0.015193,0.004364,4.058026,0.200030,-0.367703,-0.159359,0.208344,C-06,0,0,0,1,1,0,-0.007645,0.047986,0.7292,-0.1609,0.2661,2,ok
0,182,1.239090,-1.637330,-0.016473,-0.014830,-0.016473,4.078025,0.200009,-0.443310,-0.309359,0.133951,C-06,0,0,0,1,1,0,-0.008646,0.049250,0.6667,-0.1609,0.2641,2,ok
0,183,1.263083,-1.637106,-0.030558,-0.014606,-0.030558,4.102018,0.199911,0.033461,-0.159359,-0.192820,C-06,0,0,0,1,1,0,-0.012173,0.035171,0.6250,-0.1279,0.2684,2,ok
0,184,1.287070,-1.637772,-0.032170,-0.015272,-0.032170,4.126006,0.199988,0.132258,-0.009359,-0.141617,C-06,0,0,0,1,1,0,-0.012533,0.023611,0.6875,-0.1322,0.2705,2,ok
0,185,1.307060,-1.638391,-0.032674,-0.015891,-0.030616,4.145995,0.199991,-0.007121,-0.007121,0.000000,,0,0,0,1,1,0,-0.013552,0.023256,0.7500,-0.1324,0.2662,2,ok
0,186,1.327050,-1.639016,-0.030653,-0.016516,-0.028595,4.165985,0.200003,0.032006,0.032006,0.000000,,0,0,0,1,1,0,-0.013862,0.023827,0.7500,-0.1251,0.2668,2,ok
0,187,1.351040,-1.639765,-0.025893,-0.017265,-0.023836,4.187635,0.200029,0.058200,0.058200,0.000000,,0,0,0,1,1,0,-0.014658,0.025603,0.7708,-0.1046,0.2660,2,ok
0,188,1.371035,-1.640390,-0.018151,-0.017890,-0.011962,4.209971,0.200063,0.115291,0.115291,0.000000,,0,0,0,1,1,0,-0.014814,0.031364,0.7292,-0.0697,0.2673,2,ok
0,189,1.395032,-1.640861,-0.016906,-0.018361,-0.010717,4.233967,0.200006,0.007634,0.007634,0.000000,,0,0,0,1,1,0,-0.013838,0.045219,0.6875,-0.0624,0.2696,2,ok
0,190,1.419026,-1.641304,-0.026906,-0.018589,-0.012870,4.258154,0.199964,-0.130890,-0.130890,0.000000,,0,0,0,1,1,0,-0.014004,0.052465,0.6875,-0.0259,0.2679,2,ok
0,191,1.439013,-1.641674,-0.044774,-0.018753,-0.030738,4.278144,0.199843,-0.271066,-0.271066,0.000000,,0,0,0,1,1,0,-0.014275,0.049001,0.6458,-0.0039,0.2649,2,ok
0,192,1.462983,-1.642295,-0.055459,-0.018957,-0.032022,4.302316,0.199792,0.159676,-0.121066,-0.280742,C-06,0,0,0,1,1,0,-0.016554,0.038094,0.6458,0.0339,0.2672,2,ok
0,193,1.486944,-1.643525,-0.057735,-0.019692,-0.034298,4.326297,0.199953,-0.021127,-0.021127,0.000000,,0,0,0,1,1,0,-0.017423,0.025918,0.6875,0.0376,0.2674,2,ok
0,194,1.506912,-1.644632,-0.054704,-0.020157,-0.019874,4.346661,0.200007,0.049071,0.049071,0.000000,,0,0,0,1,1,0,-0.016805,0.019594,0.7292,0.0387,0.2652,2,ok
0,195,1.526883,-1.645742,-0.052763,-0.020482,-0.017933,4.366660,0.200029,0.026881,0.026881,0.000000,,0,0,0,1,1,0,-0.015520,0.019435,0.7500,0.0286,0.2630,2,ok
0,196,1.550855,-1.647073,-0.043714,-0.020809,0.001720,4.390827,0.200113,0.115200,0.115200,0.000000,,0,0,0,1,1,0,-0.013458,0.019493,0.7083,-0.0004,0.2618,2,ok
0,197,1.570839,-1.648183,-0.036327,-0.020978,0.009107,4.410841,0.200173,0.106613,0.106613,0.000000,,0,0,0,1,1,0,-0.013962,0.025057,0.7083,0.0180,0.2613,2,ok
0,198,1.594824,-1.649178,-0.033572,-0.020812,0.022280,4.435055,0.200044,0.029327,0.029327,0.000000,,0,0,0,1,1,0,-0.011911,0.031155,0.6667,0.0374,0.2650,2,ok
0,199,1.618807,-1.650024,-0.042869,-0.020291,0.012982,4.459047,0.199943,-0.199677,-0.120673,0.079004,C-06,0,0,0,1,1,0,-0.012445,0.037944,0.6875,0.1119,0.2703,2,ok
0,200,1.638781,-1.650726,-0.060449,-0.019854,-0.004597,4.479028,0.199770,-0.280599,-0.270673,0.009926,C-06,0,0,0,1,1,0,-0.012253,0.033340,0.6667,0.0890,0.2676,2,ok
0,201,1.662728,-1.651733,-0.070890,-0.019355,-0.008366,4.503117,0.199722,0.334470,-0.120673,-0.455143,C-06,0,0,0,1,1,0,-0.013091,0.019078,0.6458,0.1041,0.2647,2,ok
0,202,1.686669,-1.653395,-0.069344,-0.019499,-0.006819,4.527115,0.200020,0.044809,0.029327,-0.015482,C-06,0,0,0,1,1,0,-0.016417,0.008706,0.7292,0.1703,0.2676,2,ok
0,203,1.706624,-1.654812,-0.064856,-0.019486,0.003930,4.547304,0.200078,0.069205,0.069205,0.000000,,0,0,0,1,1,0,-0.016042,0.003984,0.7917,0.1803,0.2677,2,ok
0,204,1.726583,-1.656228,-0.061777,-0.019447,0.007009,4.567314,0.200114,0.043603,0.043603,0.000000,,0,0,0,1,1,0,-0.013982,0.005600,0.7708,0.1623,0.2646,2,ok
0,205,1.750543,-1.657913,-0.053817,-0.019387,0.019175,4.591330,0.200199,0.101521,0.101521,0.000000,,0,0,0,1,1,0,-0.014267,0.005733,0.7500,0.1958,0.2668,2,ok
0,206,1.770517,-1.659214,-0.049051,-0.019236,0.023941,4.611345,0.200151,0.066937,0.066937,0.000000,,0,0,0,1,1,0,-0.013038,0.011607,0.7292,0.2122,0.2660,2,ok
0,207,1.794487,-1.660407,-0.050537,-0.018650,0.025363,4.635446,0.199987,-0.021946,-0.021946,0.000000,,0,0,0,1,1,0,-0.012143,0.012578,0.7292,0.2371,0.2668,2,ok
0,208,1.818448,-1.661587,-0.063874,-0.017952,0.012025,4.659426,0.199842,-0.197681,-0.171946,0.025735,C-06,0,0,0,1,1,0,-0.010045,0.007439,0.7083,0.2177,0.2680,2,ok
0,209,1.838398,-1.662570,-0.077770,-0.017371,-0.001871,4.678732,0.199650,-0.208478,-0.208478,0.000000,,0,0,0,1,1,0,-0.010261,0.002011,0.6667,0.2248,0.2687,2,ok
0,210,1.862320,-1.664211,-0.083091,-0.017144,-0.006265,4.703363,0.199826,0.120096,-0.058478,-0.178574,C-06,0,0,0,1,1,0,-0.012773,-0.024587,0.6458,0.2639,0.2690,2,ok
0,211,1.886243,-1.666194,-0.076427,-0.017257,0.000399,4.727368,0.200104,0.140484,0.091522,-0.048962,C-06,0,0,0,1,1,0,-0.013276,-0.030689,0.7083,0.2716,0.2687,2,ok
0,212,1.906190,-1.667858,-0.068944,-0.017364,0.007624,4.747381,0.200212,0.112701,0.112701,0.000000,,0,0,0,1,1,0,-0.010970,-0.039158,0.7708,0.2453,0.2680,2,ok
0,213,1.926146,-1.669496,-0.063255,-0.017445,0.013312,4.767404,0.200232,0.081856,0.081856,0.000000,,0,0,0,1,1,0,-0.009620,-0.038015,0.7708,0.2358,0.2660,2,ok
0,214,1.950103,-1.671330,-0.056455,-0.017417,0.017842,4.791423,0.200217,0.083452,0.083452,0.000000,,0,0,0,1,1,0,-0.008380,-0.037261,0.7083,0.2248,0.2652,2,ok
0,215,1.970075,-1.672764,-0.050045,-0.017303,0.024253,4.811446,0.200228,0.094657,0.094657,0.000000,,0,0,0,1,1,0,-0.007528,-0.037752,0.7083,0.2269,0.2632,2,ok
0,216,1.994047,-1.674124,-0.046572,-0.016843,0.024268,4.835349,0.200080,0.038972,0.038972,0.000000,,0,0,0,1,1,0,-0.005786,-0.033816,0.7083,0.1784,0.2562,2,ok
0,217,2.018023,-1.675403,-0.043129,-0.016409,0.027711,4.859355,0.200081,0.041979,0.041979,0.000000,,0,0,0,1,1,0,-0.011946,-0.030632,0.7083,0.4047,0.2691,2,ok
0,218,2.038006,-1.676432,-0.038567,-0.016012,0.032273,4.879361,0.200114,0.068076,0.068076,0.000000,,0,0,0,1,1,0,-0.011689,-0.031191,0.6667,0.4219,0.2674,2,ok
0,219,2.061992,-1.677667,-0.028445,-0.015637,0.037425,4.903306,0.200181,0.125467,0.125467,0.000000,,0,0,0,1,1,0,-0.012615,-0.043537,0.6458,0.4905,0.2727,2,ok
0,220,2.085984,-1.678486,-0.025367,-0.014848,0.040504,4.927299,0.200036,0.030504,0.030504,0.000000,,0,0,0,1,1,0,-0.009185,-0.039509,0.6875,0.4435,0.2689,2,ok
0,221,2.105977,-1.679017,-0.024854,-0.014144,0.034080,4.947195,0.200006,0.005902,0.005902,0.000000,,0,0,0,1,1,0,-0.010354,-0.039562,0.7292,0.5513,0.2665,2,ok
0,222,2.125972,-1.679538,-0.021451,-0.013451,0.037483,4.967185,0.200021,0.052248,0.052248,0.000000,,0,0,0,1,1,0,-0.009028,-0.044610,0.7500,0.5326,0.2681,2,ok
0,223,2.149967,-1.680161,-0.018697,-0.012689,0.031787,4.991076,0.200029,0.031662,0.031662,0.000000,,0,0,0,1,1,0,-0.007801,-0.050947,0.7500,0.5474,0.2666,2,ok
0,224,2.169964,-1.680664,-0.013435,-0.012131,0.037049,5.011072,0.200044,0.079127,0.079127,0.000000,,0,0,0,1,1,0,-0.008638,-0.053638,0.7500,0.6152,0.2708,2,ok
0,225,2.193963,-1.681182,-0.009164,-0.011378,0.041320,5.032795,0.200030,0.048898,0.048898,0.000000,,0,0,0,1,1,0,0.003770,-0.067351,0.6667,0.2539,0.2491,2,ok
0,226,2.217962,-1.681417,-0.008794,-0.010611,0.031765,5.058934,0.200001,0.001620,0.001620,0.000000,,0,0,0,1,1,0,-0.009138,-0.072157,0.7083,0.7225,0.2717,2,ok
0,227,2.237962,-1.681600,-0.001087,-0.009940,0.039472,5.078923,0.200008,0.119271,0.119271,0.000000,,0,0,0,1,1,0,-0.004292,-0.088697,0.7083,0.6345,0.2672,2,ok
0,228,2.261961,-1.681819,0.009213,-0.009387,0.037249,5.102784,0.200001,0.121745,0.121745,0.000000,,0,0,0,1,1,0,-0.004558,-0.093699,0.6667,0.6563,0.2656,2,ok
0,229,2.285959,-1.682036,0.020574,-0.008907,0.048610,5.126777,0.199967,0.135794,0.135794,0.000000,,0,0,0,1,1,0,-0.004179,-0.103032,0.7292,0.7262,0.2676,2,ok
0,230,2.305952,-1.682069,0.029560,-0.008485,0.042822,5.146665,0.199916,0.128513,0.128513,0.000000,,0,0,0,1,1,0,-0.002224,-0.101818,0.7708,0.7455,0.2672,2,ok
0,231,2.325939,-1.681998,0.042528,-0.008067,0.055791,5.166648,0.199827,0.191895,0.191895,0.000000,,0,0,0,1,1,0,-0.003038,-0.098415,0.7500,0.8030,0.2674,2,ok
0,232,2.349906,-1.681851,0.062775,-0.007505,0.076038,5.187872,0.199632,0.251142,0.251142,0.000000,,0,0,0,1,1,0,-0.001290,-0.098276,0.7500,0.8067,0.2667,2,ok
0,233,2.369857,-1.681293,0.077244,-0.007036,0.073294,5.210415,0.199541,0.210882,0.210882,0.000000,,0,0,0,1,1,0,0.002412,-0.095121,0.7500,0.7637,0.2636,2,ok
0,234,2.393772,-1.680054,0.090698,-0.005843,0.086749,5.234332,0.199532,0.164298,0.164298,0.000000,,0,0,0,1,1,0,0.002490,-0.098486,0.7500,0.8156,0.2634,2,ok
0,235,2.417670,-1.677960,0.092644,-0.004137,0.069395,5.258160,0.199950,-0.140313,0.014298,0.154611,C-06,0,0,0,1,1,0,0.009146,-0.105295,0.7500,0.7107,0.2644,2,ok
0,236,2.437591,-1.676131,0.084473,-0.002723,0.061223,5.278114,0.200119,-0.202567,-0.135702,0.066864,C-06,0,0,0,1,1,0,0.008792,-0.118132,0.6875,0.7617,0.2644,2,ok
0,237,2.461506,-1.674102,0.084908,-0.001400,0.038073,5.302037,0.199989,0.478761,0.014298,-0.464463,C-06,0,0,0,1,1,0,0.010911,-0.141972,0.6875,0.7212,0.2621,2,ok
0,238,2.485407,-1.672083,0.097045,-0.000419,0.050210,5.326004,0.199780,0.485140,0.164298,-0.320842,C-06,0,0,0,1,1,0,0.012608,-0.173451,0.6667,0.6937,0.2573,2,ok
0,239,2.505302,-1.670401,0.108161,0.000399,0.061326,5.345933,0.199555,0.168435,0.168435,0.000000,,0,0,0,1,1,0,0.013652,-0.178664,0.7292,0.6790,0.2612,2,ok
0,240,2.525163,-1.668719,0.128093,0.000738,0.055904,5.365892,0.199102,0.316223,0.316223,0.000000,,0,0,0,1,1,0,0.014492,-0.181880,0.7708,0.6677,0.2651,2,ok
0,241,2.548917,-1.666695,0.158789,0.001156,0.086601,5.389728,0.198284,0.402968,0.402968,0.000000,,0,0,0,1,1,0,0.016607,-0.174034,0.7708,0.6280,0.2619,2,ok
0,242,2.568610,-1.664869,0.192834,0.001314,0.090182,5.409548,0.197349,0.596071,0.552968,-0.043104,C-06,0,0,0,1,1,0,0.017488,-0.165041,0.7292,0.6566,0.2648,2,ok
0,243,2.592089,-1.661499,0.223512,0.002310,0.120861,5.433247,0.197603,0.336424,0.402968,0.066543,C-06,0,0,0,1,1,0,0.021255,-0.145810,0.7500,0.5914,0.2655,2,ok
0,244,2.615438,-1.656920,0.242771,0.004411,0.106699,5.457063,0.198308,0.073912,0.252968,0.179056,C-06,0,0,0,1,1,0,0.033099,-0.133026,0.6667,0.2889,0.2439,2,ok
0,245,2.634834,-1.652379,0.249553,0.006426,0.113481,5.476881,0.199266,-0.293299,0.102968,0.396267,C-06,0,0,0,1,1,0,0.023946,-0.128548,0.6875,0.6311,0.2653,2,ok
0,246,2.658096,-1.646468,0.246894,0.009303,0.110822,5.500710,0.200137,-0.588364,-0.047032,0.541332,C-06,0,0,0,1,1,0,0.025970,-0.130058,0.7083,0.5915,0.2649,2,ok
0,247,2.681375,-1.640534,0.244696,0.011437,0.069398,5.525084,0.200214,-0.029155,-0.029155,0.000000,,0,0,0,1,1,0,0.026377,-0.140665,0.6875,0.5773,0.2630,2,ok
0,248,2.700765,-1.635685,0.251260,0.012872,0.075962,5.545019,0.199701,1.000000,0.120845,-0.879155,C-06,0,0,0,1,1,0,0.025361,-0.169435,0.7083,0.5831,0.2610,2,ok
0,249,2.720100,-1.630842,0.266684,0.014310,0.091386,5.562802,0.198961,1.000000,0.270845,-0.729155,C-06,0,0,0,1,1,0,0.023783,-0.170668,0.7292,0.6209,0.2597,2,ok
0,250,2.743192,-1.625024,0.285078,0.015088,0.068300,5.589230,0.198112,0.257996,0.257996,0.000000,,0,0,0,1,1,0,0.024792,-0.168736,0.7708,0.5978,0.2626,2,ok
0,251,2.762364,-1.619655,0.292066,0.016333,0.075288,5.609100,0.199172,0.105590,0.107996,0.002406,C-06,0,0,0,1,1,0,0.026465,-0.160414,0.7708,0.5843,0.2610,2,ok
0,252,2.785334,-1.612874,0.295824,0.017363,0.035997,5.633924,0.199610,0.049981,0.049981,0.000000,,0,0,0,1,1,0,0.025140,-0.158601,0.7292,0.6210,0.2657,2,ok
0,253,2.808265,-1.606035,0.303671,0.017990,0.043845,5.657844,0.199197,0.116190,0.116190,0.000000,,0,0,0,1,1,0,0.026054,-0.180907,0.7292,0.5737,0.2650,2,ok
0,254,2.827307,-1.600286,0.318364,0.018412,0.017276,5.678548,0.198522,0.410642,0.266190,-0.144452,C-06,0,0,0,1,1,0,0.027056,-0.185865,0.7500,0.5316,0.2648,2,ok
0,255,2.850003,-1.593378,0.344650,0.018115,0.043562,5.702270,0.197008,0.392709,0.392709,0.000000,,0,0,0,1,1,0,0.025530,-0.183472,0.6875,0.5632,0.2633,2,ok
0,256,2.872511,-1.585847,0.363755,0.018469,0.062667,5.726002,0.197858,0.273561,0.273561,0.000000,,0,0,0,1,1,0,0.026867,-0.174956,0.7083,0.5398,0.2635,2,ok
0,257,2.891166,-1.579035,0.373616,0.018705,0.032143,5.746527,0.198668,0.167482,0.167482,0.000000,,0,0,0,1,1,0,0.028244,-0.178684,0.6458,0.5290,0.2625,2,ok
0,258,2.909726,-1.572014,0.390618,0.019056,0.049145,5.766367,0.197901,0.867207,0.317482,-0.549726,C-06,0,0,0,1,1,0,0.029107,-0.173303,0.7083,0.5136,0.2611,2,ok
0,259,2.931862,-1.563179,0.402259,0.019669,0.024750,5.790890,0.198683,0.106239,0.167482,0.061243,C-06,0,0,0,1,1,0,0.029957,-0.165613,0.7917,0.5029,0.2643,2,ok
0,260,2.950258,-1.555388,0.403794,0.020092,0.026285,5.810863,0.199861,-0.058733,0.017482,0.076215,C-06,0,0,0,1,1,0,0.029884,-0.162973,0.7708,0.5007,0.2651,2,ok
0,261,2.972293,-1.545959,0.411483,0.020687,0.033974,5.834824,0.199471,0.123403,0.123403,0.000000,,0,0,0,1,1,0,0.028995,-0.157627,0.7708,0.5070,0.2657,2,ok
0,262,2.994227,-1.536528,0.424762,0.020629,0.013459,5.859382,0.198500,0.209797,0.209797,0.000000,,0,0,0,1,1,0,0.027222,-0.167454,0.7917,0.5216,0.2656,2,ok
0,263,3.012398,-1.528605,0.437446,0.020604,0.026143,5.879205,0.198201,0.238242,0.238242,0.000000,,0,0,0,1,1,0,0.027227,-0.181896,0.7500,0.5180,0.2643,2,ok
0,264,3.034033,-1.518842,0.458255,0.020528,0.014203,5.903589,0.197599,0.330378,0.330378,0.000000,,0,0,0,1,1,0,0.026283,-0.179799,0.7500,0.5411,0.2657,2,ok
0,265,3.055489,-1.508468,0.470377,0.020685,0.026325,5.927421,0.198705,-0.126871,0.180378,0.307249,C-06,0,0,0,1,1,0,0.026640,-0.173519,0.7292,0.5399,0.2629,2,ok
0,266,3.073243,-1.499568,0.487138,0.021100,0.043086,5.946166,0.197988,0.446777,0.330378,-0.116399,C-06,0,0,0,1,1,0,0.025699,-0.167078,0.6667,0.5701,0.2617,2,ok
0,267,3.090806,-1.490535,0.511168,0.021014,0.035120,5.967725,0.196937,1.000000,0.480378,-0.519622,C-06,0,0,0,1,1,0,0.025380,-0.161182,0.6875,0.5810,0.2622,2,ok
0,268,3.111613,-1.479090,0.531848,0.021629,0.055800,5.991464,0.198025,0.270188,0.330378,0.060190,C-06,0,0,0,1,1,0,0.026433,-0.147818,0.7083,0.5895,0.2631,2,ok
0,269,3.128799,-1.469084,0.541449,0.022269,0.034308,6.012014,0.198958,-0.111224,0.180378,0.291602,C-06,0,0,0,1,1,0,0.026832,-0.137177,0.7917,0.6264,0.2675,2,ok
0,270,3.149349,-1.456739,0.543800,0.023068,0.036659,6.035974,0.199826,0.019334,0.030378,0.011044,C-06,0,0,0,1,1,0,0.029164,-0.137497,0.7708,0.5946,0.2677,2,ok
0,271,3.169917,-1.444322,0.538463,0.023715,0.000311,6.060742,0.200457,-0.096464,-0.096464,0.000000,,0,0,0,1,1,0,0.031090,-0.147841,0.7500,0.5524,0.2630,2,ok
0,272,3.187079,-1.434058,0.540611,0.023705,0.002459,6.080739,0.199830,0.085659,0.053536,-0.032123,C-06,0,0,0,1,1,0,0.030524,-0.167226,0.7500,0.5316,0.2639,2,ok
0,273,3.207610,-1.421707,0.548309,0.023755,0.010157,6.104699,0.199354,0.133382,0.133382,0.000000,,0,0,0,1,1,0,0.030291,-0.178357,0.7500,0.5091,0.2657,2,ok
0,274,3.228018,-1.409290,0.560409,0.023320,-0.007838,6.129258,0.198903,0.207806,0.207806,0.000000,,0,0,0,1,1,0,0.028605,-0.183779,0.7292,0.5373,0.2633,2,ok
0,275,3.244872,-1.398712,0.577349,0.023173,0.009102,6.149156,0.198337,0.680278,0.357806,-0.322472,C-06,0,0,0,1,1,0,0.028758,-0.189220,0.7083,0.5307,0.2618,2,ok
0,276,3.261502,-1.387913,0.601328,0.023085,0.003447,6.169703,0.197948,0.949607,0.507806,-0.441801,C-06,0,0,0,1,1,0,0.030981,-0.199485,0.6667,0.4843,0.2625,2,ok
0,277,3.277821,-1.376690,0.632068,0.023156,0.034187,6.189509,0.198033,0.922068,0.657806,-0.264261,C-06,0,0,0,1,1,0,0.031457,-0.188000,0.7083,0.4972,0.2669,2,ok
0,278,3.296974,-1.362477,0.661030,0.024100,0.063149,6.213341,0.199053,0.019635,0.507806,0.488171,C-06,0,0,0,1,1,0,0.032895,-0.177941,0.6875,0.4908,0.2634,2,ok
0,279,3.312654,-1.350150,0.677994,0.024915,0.051071,6.233960,0.199591,-0.009205,0.357806,0.367011,C-06,0,0,0,1,1,0,0.035215,-0.147857,0.7708,0.5063,0.2663,2,ok
0,280,3.328165,-1.337556,0.687980,0.026004,0.061056,6.253911,0.199857,0.029430,0.207806,0.178376,C-06,0,0,0,1,1,0,0.035957,-0.130432,0.7500,0.5249,0.2684,2,ok
0,281,3.346674,-1.322285,0.691656,0.027226,0.035733,6.278636,0.199971,-0.187851,0.057806,0.245657,C-06,0,0,0,1,1,0,0.036327,-0.125051,0.7292,0.5261,0.2652,2,ok
0,282,3.362090,-1.309540,0.689328,0.027926,0.033404,6.298626,0.200036,-0.059883,-0.059883,0.000000,,0,0,0,1,1,0,0.036159,-0.134975,0.7292,0.5387,0.2666,2,ok
0,283,3.380645,-1.294306,0.684646,0.028685,0.028722,6.322196,0.200070,-0.087920,-0.087920,0.000000,,0,0,0,1,1,0,0.035174,-0.140749,0.7083,0.5671,0.2647,2,ok
0,284,3.396199,-1.281700,0.674309,0.028589,-0.010236,6.343471,0.200295,-0.572047,-0.237920,0.334128,C-06,0,0,0,1,1,0,0.031789,-0.161912,0.6667,0.6223,0.2637,2,ok
0,285,3.411925,-1.269259,0.657053,0.028281,-0.027492,6.363520,0.200755,-0.393286,-0.387920,0.005367,C-06,0,0,0,1,1,0,0.029953,-0.182753,0.6875,0.6261,0.2641,2,ok
0,286,3.431031,-1.254624,0.643217,0.027187,-0.070812,6.388347,0.200598,0.461095,-0.237920,-0.699015,C-06,0,0,0,1,1,0,0.025673,-0.222789,0.6667,0.6662,0.2620,2,ok
0,287,3.447063,-1.242624,0.638749,0.025779,-0.075280,6.408323,0.200237,0.609276,-0.087920,-0.697196,C-06,0,0,0,1,1,0,0.022153,-0.236958,0.7500,0.6652,0.2591,2,ok
0,288,3.463108,-1.230699,0.641229,0.024307,-0.072800,6.428260,0.199838,0.544037,0.062080,-0.481957,C-06,0,0,0,1,1,0,0.017534,-0.255940,0.7917,0.7180,0.2590,2,ok
0,289,3.482263,-1.216311,0.652577,0.021991,-0.090016,6.452809,0.199538,0.225528,0.212080,-0.013448,C-06,0,0,0,1,1,0,0.014715,-0.265920,0.7917,0.7370,0.2584,2,ok
0,290,3.498058,-1.204121,0.668770,0.020303,-0.073823,6.472690,0.199445,0.713606,0.362080,-0.351526,C-06,0,0,0,1,1,0,0.010046,-0.268493,0.7708,0.7847,0.2600,2,ok
0,291,3.513611,-1.191612,0.691554,0.018689,-0.079851,6.493227,0.199710,0.726176,0.512080,-0.214096,C-06,0,0,0,1,1,0,0.010325,-0.270259,0.7500,0.7623,0.2591,2,ok
0,292,3.531940,-1.176119,0.712790,0.016936,-0.058615,6.517163,0.200220,0.385435,0.385435,0.000000,,0,0,0,1,1,0,0.008853,-0.269363,0.7500,0.8000,0.2615,2,ok
0,293,3.547026,-1.162955,0.723905,0.015789,-0.047500,6.536633,0.200303,0.175343,0.235435,0.060092,C-06,0,0,0,1,1,0,0.007539,-0.262646,0.7083,0.8317,0.2605,2,ok
0,294,3.561994,-1.149672,0.728301,0.014315,-0.073124,6.557487,0.200134,0.054166,0.085435,0.031269,C-06,0,0,0,1,1,0,0.008515,-0.261422,0.7500,0.8040,0.2628,2,ok
0,295,3.579871,-1.133591,0.740853,0.012728,-0.060571,6.581480,0.200544,0.462168,0.235435,-0.226734,C-06,0,0,0,1,1,0,0.008814,-0.269634,0.6875,0.7737,0.2529,2,ok
0,296,3.594592,-1.119969,0.758409,0.011337,-0.072448,6.601856,0.200647,0.513174,0.385435,-0.127739,C-06,0,0,0,1,1,0,0.006125,-0.284515,0.7083,0.7870,0.2581,2,ok
0,297,3.611818,-1.103210,0.788677,0.009966,-0.042180,6.625850,0.199942,0.650900,0.535435,-0.115465,C-06,0,0,0,1,1,0,0.003831,-0.280990,0.7083,0.8473,0.2560,2,ok
0,298,3.625772,-1.088925,0.808301,0.009335,-0.022556,6.643956,0.199480,0.400125,0.400125,0.000000,,0,0,0,1,1,0,0.009238,-0.263353,0.8125,0.7095,0.2542,2,ok
0,299,3.639450,-1.074441,0.827239,0.008291,-0.033812,6.666025,0.199006,0.402966,0.402966,0.000000,,0,0,0,1,1,0,0.010692,-0.252998,0.8125,0.6843,0.2598,2,ok
0,300,3.655435,-1.056645,0.857123,0.007717,-0.003928,6.689940,0.199572,0.570253,0.552966,-0.017287,C-06,0,0,0,1,1,0,0.009522,-0.247650,0.7708,0.7226,0.2619,2,ok
0,301,3.668376,-1.041402,0.877900,0.007475,-0.014654,6.710135,0.200183,0.456902,0.456902,0.000000,,0,0,0,1,1,0,0.009021,-0.235837,0.7292,0.7633,0.2621,2,ok
0,302,3.681076,-1.025919,0.892426,0.007369,-0.000128,6.730160,0.200324,0.305352,0.306902,0.001551,C-06,0,0,0,1,1,0,0.025314,-0.240703,0.7292,0.2756,0.2403,2,ok
0,303,3.696088,-1.007161,0.901583,0.007532,0.009029,6.751746,0.200229,-0.212561,0.156902,0.369463,C-06,0,0,0,1,1,0,0.016610,-0.240399,0.7500,0.5734,0.2578,2,ok
0,304,3.708490,-0.991468,0.902312,0.006961,-0.022579,6.774456,0.200010,-0.436382,0.006902,0.443285,C-06,0,0,0,1,1,0,0.013510,-0.252860,0.7292,0.6550,0.2550,2,ok
0,305,3.720907,-0.975807,0.896292,0.006453,-0.028598,6.794435,0.199824,-0.138994,-0.138994,0.000000,,0,0,0,1,1,0,0.013121,-0.255738,0.6875,0.6179,0.2600,2,ok
0,306,3.735899,-0.957066,0.896347,0.005354,-0.062024,6.818593,0.200013,0.513347,0.011006,-0.502342,C-06,0,0,0,1,1,0,0.015217,-0.278753,0.7292,0.4726,0.2462,2,ok
0,307,3.748367,-0.941406,0.903229,0.004199,-0.055142,6.838577,0.200246,0.197201,0.161006,-0.036195,C-06,0,0,0,1,1,0,0.008370,-0.294899,0.7292,0.5616,0.2469,2,ok
0,308,3.760718,-0.925619,0.917002,0.003213,-0.041369,6.858597,0.200649,0.678626,0.311006,-0.367620,C-06,0,0,0,1,1,0,0.004143,-0.304725,0.7708,0.5896,0.2497,2,ok
0,309,3.775266,-0.906391,0.942276,0.001634,-0.053907,6.882764,0.201412,0.851127,0.461006,-0.390121,C-06,0,0,0,1,1,0,0.005310,-0.304973,0.7708,0.5135,0.2527,2,ok
0,310,3.787136,-0.890070,0.967382,0.000657,-0.028801,6.902921,0.202109,0.531466,0.531466,0.000000,,0,0,0,1,1,0,0.003928,-0.297869,0.7292,0.4910,0.2505,2,ok
0,311,3.800892,-0.870154,0.990132,-0.000433,-0.045231,6.927113,0.201801,0.170518,0.381466,0.210948,C-06,0,0,0,1,1,0,0.003351,-0.289802,0.7083,0.4669,0.2494,2,ok
0,312,3.811980,-0.853364,1.002069,-0.001303,-0.033294,6.947215,0.201176,0.090045,0.231466,0.141422,C-06,0,0,0,1,1,0,0.002120,-0.278796,0.7083,0.4903,0.2535,2,ok
0,313,3.822814,-0.836420,1.020284,-0.001874,-0.015080,6.967318,0.201804,0.454587,0.381466,-0.073121,C-06,0,0,0,1,1,0,0.001204,-0.274150,0.7083,0.4899,0.2568,2,ok
0,314,3.835668,-0.815788,1.049885,-0.003320,-0.026813,6.991489,0.203205,0.499623,0.499623,0.000000,,0,0,0,1,1,0,-0.000509,-0.274083,0.7083,0.4919,0.2584,2,ok
0,315,3.846023,-0.798329,1.072752,-0.004188,-0.003946,7.011770,0.203071,0.443503,0.443503,0.000000,,0,0,0,1,1,0,-0.001485,-0.260604,0.6875,0.4819,0.2551,2,ok
0,316,3.856052,-0.780649,1.096296,-0.004948,-0.021480,7.031881,0.203363,0.454578,0.454578,0.000000,,0,0,0,1,1,0,-0.004419,-0.242566,0.6875,0.5062,0.2620,2,ok
0,317,3.867687,-0.759105,1.133973,-0.006076,0.016197,7.056340,0.204893,0.729523,0.604578,-0.124945,C-06,0,0,0,1,1,0,-0.001304,-0.229188,0.7500,0.4303,0.2611,2,ok
0,318,3.876878,-0.740868,1.161695,-0.006438,0.043920,7.076759,0.204234,0.505903,0.505903,0.000000,,0,0,0,1,1,0,0.000346,-0.194302,0.8125,0.4141,0.2647,2,ok
0,319,3.885407,-0.722438,1.181857,-0.006786,0.024678,7.096799,0.202995,0.006917,0.355903,0.348986,C-06,0,0,0,1,1,0,0.002374,-0.176569,0.8125,0.3775,0.2648,2,ok
0,320,3.895041,-0.700146,1.200685,-0.006784,0.043506,7.121084,0.202344,0.277832,0.277832,0.000000,,0,0,0,1,1,0,0.002696,-0.160195,0.8125,0.3805,0.2663,2,ok
0,321,3.902619,-0.681460,1.211692,-0.006514,0.017413,7.141031,0.201581,0.188951,0.188951,0.000000,,0,0,0,1,1,0,0.002302,-0.151418,0.7917,0.3898,0.2652,2,ok
0,322,3.910047,-0.662683,1.227503,-0.006548,0.033224,7.161224,0.202383,0.287455,0.287455,0.000000,,0,0,0,1,1,0,0.002055,-0.145489,0.7917,0.3975,0.2645,2,ok
0,323,3.918879,-0.639985,1.253116,-0.006453,0.058838,7.185579,0.203256,0.378740,0.378740,0.000000,,0,0,0,1,1,0,0.001628,-0.154934,0.7708,0.4044,0.2651,2,ok
0,324,3.925621,-0.620941,1.267113,-0.006263,0.039192,7.205579,0.201902,0.059661,0.228740,0.169078,C-06,0,0,0,1,1,0,0.003793,-0.139452,0.7500,0.3905,0.2648,2,ok
0,325,3.933003,-0.598015,1.273254,-0.005496,0.045333,7.229652,0.200632,-0.028623,0.078740,0.107363,C-06,0,0,0,1,1,0,0.004266,-0.132311,0.7083,0.3914,0.2636,2,ok
0,326,3.938880,-0.578903,1.269739,-0.004813,0.010936,7.249457,0.199811,-0.187591,-0.071260,0.116331,C-06,0,0,0,1,1,0,0.003764,-0.134836,0.7083,0.3903,0.2630,2,ok
0,327,3.944742,-0.559827,1.261074,-0.004634,0.002271,7.269412,0.199328,-0.155561,-0.155561,0.000000,,0,0,0,1,1,0,0.001775,-0.148430,0.7083,0.4177,0.2627,2,ok
0,328,3.952042,-0.536975,1.260077,-0.004685,0.001274,7.293402,0.199956,0.171589,-0.005561,-0.177150,C-06,0,0,0,1,1,0,0.000897,-0.160319,0.7708,0.3884,0.2629,2,ok
0,329,3.958156,-0.517912,1.267597,-0.005167,-0.021130,7.313291,0.200408,0.264578,0.144439,-0.120139,C-06,0,0,0,1,1,0,-0.000516,-0.170778,0.8125,0.3794,0.2633,2,ok
0,330,3.964271,-0.498779,1.283973,-0.005740,-0.004754,7.333369,0.201290,0.478647,0.294439,-0.184208,C-06,0,0,0,1,1,0,-0.000636,-0.176921,0.8125,0.3560,0.2607,2,ok
0,331,3.971610,-0.475663,1.314779,-0.006565,-0.002332,7.357438,0.202845,0.470912,0.444439,-0.026473,C-06,0,0,0,1,1,0,-0.005279,-0.167209,0.7500,0.4669,0.2615,2,ok
0,332,3.977642,-0.456254,1.339787,-0.007534,0.022676,7.377739,0.203283,0.411091,0.411091,0.000000,,0,0,0,1,1,0,-0.003141,-0.151423,0.7708,0.4227,0.2646,2,ok
0,333,3.983038,-0.436740,1.359535,-0.007862,0.042424,7.397982,0.202343,0.313630,0.313630,0.000000,,0,0,0,1,1,0,-0.001833,-0.136982,0.7500,0.4521,0.2687,2,ok
0,334,3.988581,-0.413241,1.372293,-0.007834,0.029397,7.421906,0.201123,0.040037,0.163630,0.123593,C-06,0,0,0,1,1,0,-0.003014,-0.124021,0.7500,0.5099,0.2690,2,ok
0,335,3.992589,-0.393630,1.373935,-0.007357,0.031039,7.441918,0.200093,0.014420,0.014420,0.000000,,0,0,0,1,1,0,-0.000641,-0.123261,0.7292,0.4670,0.2682,2,ok
0,336,3.996503,-0.374030,1.366295,-0.006895,-0.002216,7.461733,0.199717,-0.195920,-0.135580,0.060340,C-06,0,0,0,1,1,0,-0.000736,-0.130422,0.7083,0.4756,0.2681,2,ok
0,337,4.001196,-0.350548,1.359037,-0.006794,-0.009474,7.485679,0.199418,-0.095173,-0.095173,0.000000,,0,0,0,1,1,0,-0.003240,-0.147688,0.6875,0.5101,0.2690,2,ok
0,338,4.005383,-0.330991,1.361651,-0.006983,-0.006860,7.505678,0.200114,0.200065,0.054827,-0.145238,C-06,0,0,0,1,1,0,-0.004581,-0.169997,0.7917,0.4964,0.2628,2,ok
0,339,4.010436,-0.307480,1.376170,-0.007675,-0.017252,7.529551,0.200664,0.364230,0.204827,-0.159403,C-06,0,0,0,1,1,0,-0.005125,-0.174995,0.8333,0.4702,0.2595,2,ok
0,340,4.014646,-0.287820,1.397506,-0.008335,0.004084,7.549646,0.201413,0.547312,0.354827,-0.192485,C-06,0,0,0,1,1,0,-0.007234,-0.172315,0.7708,0.5346,0.2638,2,ok
0,341,4.018857,-0.268078,1.423834,-0.009138,0.006546,7.569592,0.202233,0.418045,0.418045,0.000000,,0,0,0,1,1,0,-0.008487,-0.159670,0.7917,0.5917,0.2623,2,ok
0,342,4.023641,-0.244289,1.452938,-0.010245,0.035649,7.593832,0.202090,0.372112,0.372112,0.000000,,0,0,0,1,1,0,-0.005285,-0.140219,0.7917,0.5389,0.2626,2,ok
0,343,4.026711,-0.224410,1.468401,-0.010254,0.051113,7.613947,0.201034,0.079120,0.222112,0.142992,C-06,0,0,0,1,1,0,-0.005451,-0.133171,0.7708,0.5627,0.2675,2,ok
0,344,4.029012,-0.204508,1.473986,-0.009906,0.032565,7.633736,0.200284,-0.065648,0.072112,0.137760,C-06,0,0,0,1,1,0,-0.003532,-0.126923,0.7708,0.5442,0.2686,2,ok
0,345,4.031344,-0.180623,1.470909,-0.009144,0.029487,7.657723,0.199937,-0.045993,-0.045993,0.000000,,0,0,0,1,1,0,-0.003564,-0.125760,0.7292,0.6011,0.2675,2,ok
0,346,4.033271,-0.160733,1.460231,-0.008680,-0.005890,7.677498,0.199724,-0.169868,-0.169868,0.000000,,0,0,0,1,1,0,-0.000739,-0.151427,0.6875,0.5233,0.2610,2,ok
0,347,4.035414,-0.140859,1.458232,-0.008708,-0.007890,7.697488,0.199918,0.051493,-0.019868,-0.071361,C-06,0,0,0,1,1,0,-0.004951,-0.170815,0.7708,0.5916,0.2652,2,ok
0,348,4.038098,-0.116999,1.467566,-0.008850,0.001445,7.721497,0.200184,0.227198,0.130132,-0.097066,C-06,0,0,0,1,1,0,-0.006898,-0.183555,0.7708,0.6232,0.2646,2,ok
0,349,4.040339,-0.097090,1.485291,-0.009450,-0.005000,7.741299,0.200508,0.524839,0.280132,-0.244707,C-06,0,0,0,1,1,0,-0.007029,-0.185960,0.8125,0.6038,0.2610,2,ok
0,350,4.042580,-0.077142,1.513300,-0.010073,0.023009,7.761362,0.200904,0.505232,0.430132,-0.075100,C-06,0,0,0,1,1,0,-0.004769,-0.183281,0.8125,0.5660,0.2587,2,ok
0,351,4.045269,-0.053162,1.551678,-0.011069,0.035950,7.785196,0.201208,0.465807,0.465807,0.000000,,0,0,0,1,1,0,-0.006696,-0.178774,0.7708,0.6267,0.2651,2,ok
0,352,4.046790,-0.033163,1.574708,-0.011495,0.058980,7.805248,0.200411,0.218946,0.315807,0.096861,C-06,0,0,0,1,1,0,-0.000408,-0.144606,0.7917,0.5512,0.2622,2,ok
0,353,4.047393,-0.009165,1.589460,-0.010786,0.073733,7.828818,0.199995,0.031127,0.165807,0.134679,C-06,0,0,0,1,1,0,-0.000088,-0.133826,0.7708,0.5862,0.2668,2,ok
0,354,4.047104,0.010831,1.591302,-0.009866,0.049521,7.848975,0.199988,-0.068556,0.015807,0.084363,C-06,0,0,0,1,1,0,0.002130,-0.139014,0.7292,0.5563,0.2667,2,ok
0,355,4.046759,0.030826,1.596706,-0.008881,0.054925,7.868948,0.199964,0.082696,0.082696,0.000000,,0,0,0,1,1,0,0.001072,-0.142655,0.7083,0.5913,0.2687,2,ok
0,356,4.046140,0.054819,1.591989,-0.007821,0.022622,7.892679,0.200023,-0.120318,-0.067304,0.053014,C-06,0,0,0,1,1,0,-0.000574,-0.154322,0.7292,0.6331,0.2678,2,ok
0,357,4.045613,0.074816,1.587297,-0.007256,0.017930,7.912674,0.200041,-0.067122,-0.067122,0.000000,,0,0,0,1,1,0,0.000357,-0.176270,0.7292,0.6011,0.2651,2,ok
0,358,4.045273,0.094812,1.592037,-0.006878,0.022670,7.932670,0.199982,0.241516,0.082878,-0.158639,C-06,0,0,0,1,1,0,-0.003593,-0.186092,0.7708,0.6769,0.2652,2,ok
0,359,4.044887,0.118801,1.610370,-0.006996,0.011341,7.956483,0.199876,0.327754,0.232878,-0.094876,C-06,0,0,0,1,1,0,-0.003252,-0.191947,0.7917,0.6348,0.2583,2,ok
0,360,4.044566,0.138774,1.635612,-0.007158,0.036583,7.976458,0.199624,0.456615,0.382878,-0.073737,C-06,0,0,0,1,1,0,-0.003674,-0.189480,0.8125,0.6592,0.2632,2,ok
0,361,4.044184,0.158717,1.656190,-0.007490,0.024312,7.996162,0.199360,0.299584,0.299584,0.000000,,0,0,0,1,1,0,-0.006085,-0.183453,0.7708,0.7379,0.2651,2,ok
0,362,4.043202,0.182603,1.679690,-0.007873,0.047811,8.020065,0.199115,0.294830,0.294830,0.000000,,0,0,0,1,1,0,-0.004226,-0.167082,0.8125,0.7085,0.2628,2,ok
0,363,4.042010,0.202460,1.701214,-0.007818,0.069335,8.039958,0.198805,0.332237,0.332237,0.000000,,0,0,0,1,1,0,-0.004835,-0.165690,0.7708,0.7717,0.2733,2,ok
0,364,4.039968,0.222274,1.713529,-0.007502,0.048184,8.059592,0.199183,-0.196997,0.182237,0.379234,C-06,0,0,0,1,1,0,-0.002644,-0.159927,0.7500,0.7442,0.2686,2,ok
0,365,4.036688,0.246023,1.716800,-0.006456,0.051454,8.083544,0.199837,-0.322006,0.032237,0.354243,C-06,0,0,0,1,1,0,-0.003728,-0.154144,0.7292,0.7949,0.2718,2,ok
0,366,4.033784,0.265818,1.710108,-0.005622,0.010122,8.103311,0.200182,-0.278475,-0.117763,0.160712,C-06,0,0,0,1,1,0,-0.004656,-0.167337,0.6875,0.8219,0.2685,2,ok
0,367,4.030453,0.289583,1.712102,-0.005455,0.012116,8.127307,0.199938,0.053079,0.032237,-0.020842,C-06,0,0,0,1,1,0,-0.008589,-0.191738,0.7083,0.8837,0.2705,2,ok
0,368,4.027683,0.309369,1.722953,-0.005320,0.022967,8.147286,0.199640,0.242137,0.182237,-0.059900,C-06,0,0,0,1,1,0,-0.007849,-0.204485,0.7708,0.8855,0.2679,2,ok
0,369,4.024913,0.329108,1.743242,-0.005657,0.008571,8.167038,0.199011,0.531124,0.332237,-0.198887,C-06,0,0,0,1,1,0,-0.008842,-0.206565,0.8125,0.9191,0.2679,2,ok
0,370,4.021588,0.352689,1.772519,-0.006262,0.037848,8.190845,0.197946,0.393352,0.393352,0.000000,,0,0,0,1,1,0,-0.008652,-0.199813,0.8333,0.9409,0.2672,2,ok
0,371,4.018241,0.372250,1.788344,-0.006306,0.020450,8.210490,0.198487,0.222767,0.243352,0.020586,C-06,0,0,0,1,1,0,-0.009720,-0.188677,0.8125,1.0050,0.2712,2,ok
0,372,4.014494,0.391748,1.802161,-0.006456,0.034267,8.230345,0.198533,0.224334,0.224334,0.000000,,0,0,0,1,1,0,-0.006314,-0.177529,0.7917,0.9522,0.2648,2,ok
0,373,4.009614,0.415063,1.818349,-0.006243,0.050455,8.254164,0.198479,0.222460,0.222460,0.000000,,0,0,0,1,1,0,-0.006156,-0.190359,0.7500,0.9795,0.2653,2,ok
0,374,4.004910,0.434439,1.823452,-0.005869,0.022644,8.273899,0.199475,0.045497,0.072460,0.026963,C-06,0,0,0,1,1,0,-0.006156,-0.190359,0.7500,0.9795,0.2653,2,ok
0,375,3.999921,0.453814,1.819279,-0.005440,0.018471,8.293901,0.200189,-0.244077,-0.077540,0.166537,C-06,0,0,0,1,1,0,-0.009645,-0.201330,0.7500,1.1163,0.2717,2,ok
0,376,3.994020,0.477065,1.823841,-0.005008,0.023033,8.314577,0.199777,0.091066,0.072460,-0.018607,C-06,0,0,0,1,1,0,-0.009710,-0.222087,0.7083,1.1073,0.2666,2,ok
0,377,3.989107,0.496399,1.836276,-0.005321,0.001792,8.337685,0.199184,0.758915,0.222460,-0.536455,C-06,0,0,0,1,1,0,-0.012060,-0.245575,0.7500,1.1543,0.2657,2,ok
0,378,3.984195,0.515643,1.857645,-0.005517,0.023160,8.357545,0.198084,0.695965,0.372460,-0.323505,C-06,0,0,0,1,1,0,-0.011349,-0.251113,0.7500,1.1587,0.2671,2,ok
0,379,3.978291,0.538543,1.892447,-0.006153,0.022287,8.380973,0.196291,0.509170,0.509170,0.000000,,0,0,0,1,1,0,-0.014692,-0.243959,0.8750,1.2727,0.2731,2,ok
0,380,3.972688,0.557447,1.913677,-0.006325,0.043517,8.400689,0.197250,0.289361,0.359170,0.069809,C-06,0,0,0,1,1,0,-0.007948,-0.226722,0.8125,1.1626,0.2658,2,ok
0,381,3.965490,0.579917,1.946283,-0.006015,0.076123,8.423386,0.196280,0.489771,0.489771,0.000000,,0,0,0,1,1,0,-0.008302,-0.220001,0.8125,1.2110,0.2700,2,ok
0,382,3.958743,0.598448,1.966152,-0.005742,0.058567,8.443778,0.197311,0.348069,0.348069,0.000000,,0,0,0,1,1,0,-0.005178,-0.207903,0.7917,1.1744,0.2726,2,ok
0,383,3.951363,0.616858,1.977688,-0.004802,0.070104,8.463590,0.198452,-0.122395,0.198069,0.320464,C-06,0,0,0,1,1,0,-0.001458,-0.215671,0.7708,1.1236,0.2681,2,ok
0,384,3.941953,0.638880,1.981251,-0.003509,0.033052,8.487340,0.199620,-0.377555,0.048069,0.425625,C-06,0,0,0,1,1,0,-0.001996,-0.224426,0.7708,1.1648,0.2691,2,ok
0,385,3.933976,0.657236,1.976295,-0.002825,0.028096,8.507343,0.200352,-0.352971,-0.101931,0.251040,C-06,0,0,0,1,1,0,-0.002145,-0.240625,0.7708,1.1837,0.2621,2,ok
0,386,3.926081,0.675608,1.978416,-0.002224,0.030216,8.527330,0.199853,0.139273,0.048069,-0.091204,C-06,0,0,0,1,1,0,-0.001999,-0.257065,0.7292,1.1684,0.2634,2,ok
0,387,3.916566,0.697587,1.990591,-0.002188,-0.000378,8.551191,0.199161,0.696494,0.198069,-0.498425,C-06,0,0,0,1,1,0,-0.006174,-0.292795,0.6667,1.2248,0.2657,2,ok
0,388,3.908601,0.715779,2.008645,-0.002286,0.017675,8.571051,0.197963,0.472482,0.348069,-0.124413,C-06,0,0,0,1,1,0,-0.005997,-0.300812,0.7292,1.2385,0.2603,2,ok
0,389,3.900563,0.733785,2.034350,-0.002243,0.043381,8.588828,0.196457,0.701870,0.498069,-0.203801,C-06,0,0,0,1,1,0,-0.007225,-0.295559,0.8750,1.2730,0.2545,2,ok
0,390,3.890452,0.755074,2.067130,-0.002787,0.030645,8.614230,0.196513,0.526142,0.526142,0.000000,,0,0,0,1,1,0,-0.004760,-0.281801,0.8333,1.2172,0.2542,2,ok
0,391,3.881402,0.772531,2.094146,-0.002484,0.057661,8.633891,0.196764,0.528882,0.528882,0.000000,,0,0,0,1,1,0,-0.002385,-0.273421,0.8125,1.1834,0.2554,2,ok
0,392,3.871827,0.789702,2.124639,-0.002009,0.040701,8.653444,0.196677,0.615390,0.615390,0.000000,,0,0,0,1,1,0,-0.003207,-0.264502,0.7708,1.2209,0.2584,2,ok
0,393,3.859499,0.809898,2.158269,-0.001126,0.074331,8.677089,0.197458,0.568255,0.568255,0.000000,,0,0,0,1,1,0,0.004667,-0.261585,0.8125,1.0722,0.2486,2,ok
0,394,3.848558,0.826426,2.179031,0.000339,0.095093,8.696857,0.198405,0.417750,0.418255,0.000505,C-06,0,0,0,1,1,0,0.009469,-0.248836,0.8125,1.0253,0.2511,2,ok
0,395,3.834888,0.846009,2.194939,0.001676,0.061183,8.720733,0.199126,-0.226564,0.268255,0.494819,C-06,0,0,0,1,1,0,0.010017,-0.249102,0.7500,1.0464,0.2543,2,ok
0,396,3.823217,0.862201,2.200956,0.002935,0.067201,8.740653,0.199642,-0.457980,0.118255,0.576235,C-06,0,0,0,1,1,0,0.014971,-0.253387,0.7708,0.9409,0.2528,2,ok
0,397,3.811431,0.878362,2.200133,0.004117,0.014290,8.760826,0.200084,-0.027717,-0.027717,0.000000,,0,0,0,1,1,0,0.015387,-0.273151,0.7292,0.9503,0.2495,2,ok
0,398,3.797294,0.897722,2.206533,0.004540,0.020690,8.784794,0.199655,0.563425,0.122283,-0.441142,C-06,0,0,0,1,1,0,0.015250,-0.295730,0.6875,0.9442,0.2528,2,ok
0,399,3.785402,0.913746,2.218680,0.005047,0.032837,8.804742,0.199355,0.588132,0.272283,-0.315849,C-06,0,0,0,1,1,0,0.016499,-0.318019,0.7917,0.8646,0.2466,2,ok
0,400,3.773282,0.929582,2.237687,0.005239,-0.001850,8.824965,0.199317,0.716182,0.422283,-0.293898,C-06,0,0,0,1,1,0,0.014687,-0.322149,0.8333,0.8513,0.2482,2,ok
0,401,3.758236,0.948214,2.268361,0.005541,0.028824,8.848912,0.199826,0.612616,0.572283,-0.040333,C-06,0,0,0,1,1,0,0.014602,-0.319761,0.8125,0.8259,0.2465,2,ok
0,402,3.745240,0.963432,2.287933,0.006341,0.048396,8.868909,0.200356,0.424513,0.424513,0.000000,,0,0,0,1,1,0,0.016026,-0.306023,0.8125,0.7676,0.2517,2,ok
0,403,3.731924,0.978454,2.311527,0.006446,0.017041,8.889343,0.201183,0.522025,0.522025,0.000000,,0,0,0,1,1,0,0.017514,-0.306843,0.8125,0.7111,0.2498,2,ok
0,404,3.715459,0.996072,2.342682,0.007128,0.048196,8.913447,0.200489,0.552301,0.552301,0.000000,,0,0,0,1,1,0,0.017514,-0.306843,0.8125,0.7111,0.2498,2,ok
0,405,3.701371,1.010278,2.362457,0.007927,0.011588,8.933874,0.199878,0.248557,0.402301,0.153744,C-06,0,0,0,1,1,0,0.017173,-0.293401,0.7500,0.6989,0.2574,2,ok
0,406,3.687076,1.024238,2.375054,0.008287,0.024186,8.953852,0.199728,0.246560,0.252301,0.005741,C-06,0,0,0,1,1,0,0.019400,-0.288003,0.7500,0.6276,0.2549,2,ok
0,407,3.669719,1.040721,2.394470,0.009053,0.043602,8.977776,0.199212,0.349640,0.349640,0.000000,,0,0,0,1,1,0,0.021103,-0.289763,0.7708,0.5608,0.2564,2,ok
0,408,3.654991,1.054149,2.417064,0.009316,0.009519,8.998232,0.199282,0.619595,0.499640,-0.119955,C-06,0,0,0,1,1,0,0.018373,-0.290070,0.7500,0.5603,0.2569,2,ok
0,409,3.636849,1.069812,2.444435,0.009854,0.036889,9.022194,0.200102,0.505844,0.505844,0.000000,,0,0,0,1,1,0,0.019857,-0.284372,0.7708,0.5152,0.2606,2,ok
0,410,3.621375,1.082540,2.466904,0.010781,0.059359,9.041403,0.200593,0.495733,0.495733,0.000000,,0,0,0,1,1,0,0.016727,-0.262139,0.8125,0.5656,0.2619,2,ok
0,411,3.605653,1.094994,2.483350,0.010834,0.019294,9.062898,0.200658,0.325068,0.345733,0.020665,C-06,0,0,0,1,1,0,0.016713,-0.254345,0.8125,0.5591,0.2612,2,ok
0,412,3.586573,1.109651,2.495858,0.011334,0.031802,9.086952,0.200521,0.215768,0.215768,0.000000,,0,0,0,1,1,0,0.018983,-0.234270,0.8333,0.4740,0.2583,2,ok
0,413,3.570576,1.121687,2.499421,0.011456,-0.020243,9.107607,0.200168,-0.073777,0.065768,0.139545,C-06,0,0,0,1,1,0,0.016601,-0.232225,0.8542,0.4974,0.2609,2,ok
0,414,3.554537,1.133671,2.503372,0.011034,-0.016292,9.127625,0.200233,0.086096,0.086096,0.000000,,0,0,0,1,1,0,0.014887,-0.246227,0.7917,0.5054,0.2608,2,ok
0,415,3.535175,1.147951,2.516124,0.010677,-0.003539,9.151681,0.200752,0.354823,0.236096,-0.118727,C-06,0,0,0,1,1,0,0.013707,-0.258686,0.7708,0.4752,0.2591,2,ok
0,416,3.518927,1.159679,2.521665,0.009652,-0.049891,9.172283,0.200361,0.106447,0.106447,0.000000,,0,0,0,1,1,0,0.011639,-0.259657,0.7708,0.4283,0.2561,2,ok
0,417,3.502597,1.171297,2.531008,0.008582,-0.040549,9.192295,0.200760,0.204407,0.204407,0.000000,,0,0,0,1,1,0,0.008713,-0.260756,0.7500,0.4436,0.2581,2,ok
0,418,3.482851,1.185115,2.543281,0.007240,-0.074037,9.216750,0.200886,0.213897,0.213897,0.000000,,0,0,0,1,1,0,0.004521,-0.261425,0.7292,0.4669,0.2629,2,ok
0,419,3.466234,1.196380,2.560354,0.005592,-0.056963,9.236757,0.201417,0.566543,0.363897,-0.202646,C-06,0,0,0,1,1,0,0.002079,-0.261229,0.7500,0.4793,0.2622,2,ok
0,420,3.449389,1.207493,2.585034,0.004188,-0.032284,9.256889,0.202760,0.649236,0.513897,-0.135339,C-06,0,0,0,1,1,0,0.002529,-0.251634,0.8333,0.4133,0.2572,2,ok
0,421,3.428808,1.220587,2.618233,0.002361,-0.040514,9.281349,0.203531,0.554769,0.554769,0.000000,,0,0,0,1,1,0,0.002412,-0.241573,0.7917,0.4123,0.2565,2,ok
0,422,3.411378,1.230947,2.639531,0.001123,-0.019216,9.301587,0.202763,0.392679,0.404769,0.012090,C-06,0,0,0,1,1,0,0.003427,-0.213398,0.8125,0.3885,0.2628,2,ok
0,423,3.390215,1.242890,2.661579,0.000066,-0.032588,9.325873,0.202554,0.352151,0.352151,0.000000,,0,0,0,1,1,0,0.002216,-0.195788,0.8333,0.4011,0.2622,2,ok
0,424,3.372362,1.252533,2.687330,-0.000912,-0.006837,9.346140,0.203796,0.531484,0.502151,-0.029334,C-06,0,0,0,1,1,0,0.000805,-0.189985,0.8125,0.4323,0.2651,2,ok
0,425,3.354268,1.262021,2.716174,-0.001645,0.022007,9.366557,0.204453,0.542535,0.542535,0.000000,,0,0,0,1,1,0,0.002171,-0.171207,0.7917,0.3936,0.2615,2,ok
0,426,3.332278,1.272594,2.742509,-0.002191,0.018442,9.390893,0.203286,0.007832,0.392535,0.384702,C-06,0,0,0,1,1,0,0.002183,-0.147805,0.7708,0.4026,0.2643,2,ok
0,427,3.313795,1.280768,2.756404,-0.002250,0.032338,9.411102,0.202021,0.025937,0.242535,0.216597,C-06,0,0,0,1,1,0,0.004630,-0.132665,0.7292,0.3896,0.2651,2,ok
0,428,3.295237,1.288452,2.762210,-0.001829,0.038143,9.429002,0.200760,-0.240050,0.092535,0.332584,C-06,0,0,0,1,1,0,0.004128,-0.124301,0.7292,0.4143,0.2657,2,ok
0,429,3.272928,1.297435,2.765582,-0.001764,0.013811,9.455186,0.200395,0.048343,0.048343,0.000000,,0,0,0,1,1,0,0.005450,-0.125773,0.7292,0.3913,0.2688,2,ok
0,430,3.254314,1.304871,2.768603,-0.001607,0.016831,9.475229,0.200447,0.054540,0.054540,0.000000,,0,0,0,1,1,0,0.006513,-0.138092,0.7708,0.3498,0.2649,2,ok
0,431,3.235666,1.312271,2.775458,-0.001717,-0.002328,9.495254,0.200844,0.128281,0.128281,0.000000,,0,0,0,1,1,0,0.002965,-0.135359,0.8333,0.3960,0.2652,2,ok
0,432,3.213213,1.321136,2.785949,-0.002007,0.008163,9.519392,0.201311,0.157319,0.157319,0.000000,,0,0,0,1,1,0,0.003886,-0.136327,0.8333,0.3677,0.2651,2,ok
0,433,3.194440,1.328324,2.792861,-0.002155,-0.009403,9.539436,0.200993,0.119738,0.119738,0.000000,,0,0,0,1,1,0,0.002371,-0.130940,0.7917,0.3941,0.2667,2,ok
0,434,3.175618,1.335414,2.800874,-0.002629,-0.001390,9.559544,0.201188,0.142824,0.142824,0.000000,,0,0,0,1,1,0,0.002371,-0.130940,0.7917,0.3941,0.2667,2,ok
0,435,3.152949,1.343807,2.813310,-0.003062,0.011047,9.583713,0.201535,0.183920,0.183920,0.000000,,0,0,0,1,1,0,0.002328,-0.136923,0.7500,0.3567,0.2629,2,ok
0,436,3.133979,1.350669,2.825496,-0.003580,0.000279,9.603817,0.201786,0.213826,0.213826,0.000000,,0,0,0,1,1,0,0.003055,-0.134934,0.7500,0.3322,0.2629,2,ok
0,437,3.111114,1.358629,2.840225,-0.004018,0.015008,9.628024,0.201749,0.211329,0.211329,0.000000,,0,0,0,1,1,0,0.003170,-0.129491,0.7292,0.3273,0.2632,2,ok
0,438,3.092001,1.364717,2.844520,-0.004023,-0.003403,9.647980,0.200490,-0.133065,0.061329,0.194394,C-06,0,0,0,1,1,0,0.004049,-0.126847,0.6875,0.3186,0.2628,2,ok
0,439,3.072884,1.370578,2.841632,-0.004151,-0.006291,9.667975,0.199834,-0.058185,-0.058185,0.000000,,0,0,0,1,1,0,0.002668,-0.125869,0.7708,0.3205,0.2680,2,ok
0,440,3.049938,1.377671,2.847414,-0.004360,-0.000509,9.691992,0.200320,0.180452,0.091815,-0.088637,C-06,0,0,0,1,1,0,0.001911,-0.130579,0.8125,0.3176,0.2665,2,ok
0,441,3.030773,1.383585,2.856421,-0.004853,-0.011877,9.711964,0.200801,0.159095,0.159095,0.000000,,0,0,0,1,1,0,0.000287,-0.132164,0.8333,0.3299,0.2651,2,ok
0,442,3.011563,1.389418,2.862272,-0.005289,-0.006025,9.732035,0.200742,0.093907,0.093907,0.000000,,0,0,0,1,1,0,-0.000150,-0.131488,0.8333,0.3358,0.2655,2,ok
0,443,2.988453,1.396334,2.875245,-0.005935,-0.014280,9.756022,0.201339,0.189255,0.189255,0.000000,,0,0,0,1,1,0,-0.000439,-0.131631,0.8125,0.3268,0.2659,2,ok
0,444,2.969110,1.402068,2.894899,-0.006694,0.005373,9.776183,0.202185,0.342309,0.339255,-0.003055,C-06,0,0,0,1,1,0,-0.000998,-0.131507,0.8125,0.3261,0.2658,2,ok
0,445,2.949670,1.407717,2.914248,-0.007348,0.024723,9.796417,0.202451,0.317291,0.317291,0.000000,,0,0,0,1,1,0,-0.000854,-0.130002,0.7917,0.3255,0.2631,2,ok
0,446,2.926239,1.413854,2.932620,-0.007826,0.023306,9.820517,0.201778,0.244799,0.244799,0.000000,,0,0,0,1,1,0,0.000048,-0.107530,0.7708,0.3290,0.2632,2,ok
0,447,2.906659,1.418275,2.939158,-0.007570,0.029844,9.840588,0.200641,0.054243,0.094799,0.040556,C-06,0,0,0,1,1,0,-0.000093,-0.098677,0.7083,0.3433,0.2648,2,ok
0,448,2.887051,1.422597,2.948184,-0.007434,0.019232,9.860489,0.200953,0.149139,0.149139,0.000000,,0,0,0,1,1,0,-0.000004,-0.096933,0.7083,0.3464,0.2677,2,ok
0,449,2.863486,1.427411,2.953182,-0.007211,0.024231,9.884539,0.200392,0.061429,0.061429,0.000000,,0,0,0,1,1,0,0.001647,-0.101283,0.7292,0.3245,0.2634,2,ok
0,450,2.843835,1.431276,2.955952,-0.006878,0.027000,9.903844,0.200268,0.042733,0.042733,0.000000,,0,0,0,1,1,0,0.002011,-0.097135,0.7917,0.3055,0.2638,2,ok
0,451,2.820232,1.435874,2.963243,-0.006895,0.015704,9.928482,0.200509,0.100277,0.100277,0.000000,,0,0,0,1,1,0,0.001963,-0.101673,0.8125,0.2974,0.2629,2,ok
0,452,2.800536,1.439704,2.971004,-0.006894,0.023466,9.948547,0.200767,0.124917,0.124917,0.000000,,0,0,0,1,1,0,0.002035,-0.099570,0.8333,0.2966,0.2634,2,ok
0,453,2.780819,1.443272,2.974969,-0.006844,0.008093,9.968466,0.200339,0.057722,0.057722,0.000000,,0,0,0,1,1,0,0.000721,-0.099059,0.7708,0.3296,0.2650,2,ok
0,454,2.757142,1.447462,2.979985,-0.006849,0.013109,9.992511,0.200383,0.066285,0.066285,0.000000,,0,0,0,1,1,0,-0.001962,-0.098060,0.7708,0.3870,0.2680,2,ok
0,455,2.737396,1.450840,2.983585,-0.006810,-0.001678,10.012426,0.200316,0.055869,0.055869,0.000000,,0,0,0,1,1,0,-0.001188,-0.102510,0.7708,0.3583,0.2638,2,ok
0,456,2.717630,1.454178,2.994525,-0.007003,0.009263,10.032471,0.200618,0.181595,0.181595,0.000000,,0,0,0,1,1,0,-0.000589,-0.104961,0.7500,0.3349,0.2618,2,ok
0,457,2.693865,1.458183,3.009066,-0.007229,0.023804,10.056571,0.201012,0.188194,0.188194,0.000000,,0,0,0,1,1,0,-0.001108,-0.106704,0.7083,0.3424,0.2641,2,ok
0,458,2.674035,1.460969,3.012334,-0.007175,0.009336,10.076455,0.200184,0.016342,0.038194,0.021852,C-06,0,0,0,1,1,0,-0.003577,-0.103921,0.7292,0.4073,0.2696,2,ok
0,459,2.654198,1.463671,3.015059,-0.007121,0.012061,10.096475,0.200200,0.042091,0.042091,0.000000,,0,0,0,1,1,0,-0.002420,-0.105895,0.7500,0.3800,0.2693,2,ok
0,460,2.630377,1.466880,3.024193,-0.007162,0.002718,10.120375,0.200405,0.121810,0.121810,0.000000,,0,0,0,1,1,0,-0.001314,-0.108610,0.8333,0.3575,0.2660,2,ok
0,461,2.610505,1.469554,3.033091,-0.007460,0.011615,10.140424,0.200604,0.136533,0.136533,0.000000,,0,0,0,1,1,0,-0.004281,-0.109314,0.8333,0.4338,0.2685,2,ok
0,462,2.590613,1.472168,3.042648,-0.007696,0.021172,10.160486,0.200621,0.145287,0.145287,0.000000,,0,0,0,1,1,0,-0.004080,-0.107766,0.8333,0.4280,0.2678,2,ok
0,463,2.566719,1.474954,3.051831,-0.007924,0.012660,10.184421,0.200436,0.112960,0.112960,0.000000,,0,0,0,1,1,0,-0.001836,-0.108087,0.7708,0.3724,0.2710,2,ok
0,464,2.546794,1.477078,3.058772,-0.007978,0.019601,10.204459,0.200371,0.103204,0.103204,0.000000,,0,0,0,1,1,0,-0.003525,-0.100336,0.7500,0.4014,0.2649,2,ok
0,465,2.522869,1.479419,3.066495,-0.008062,0.009655,10.228331,0.200315,0.095407,0.095407,0.000000,,0,0,0,1,1,0,-0.007240,-0.096431,0.7917,0.5015,0.2683,2,ok
0,466,2.502916,1.481284,3.079770,-0.008277,0.022930,10.248370,0.200478,0.205577,0.205577,0.000000,,0,0,0,1,1,0,-0.006389,-0.094926,0.7292,0.4729,0.2691,2,ok
0,467,2.482949,1.482950,3.088938,-0.008292,0.032099,10.268407,0.200342,0.129149,0.129149,0.000000,,0,0,0,1,1,0,-0.004498,-0.088810,0.6875,0.4427,0.2660,2,ok
0,468,2.458979,1.484472,3.094520,-0.008135,0.020424,10.292314,0.200139,0.064125,0.064125,0.000000,,0,0,0,1,1,0,-0.012150,-0.091162,0.7292,0.6122,0.2754,2,ok
0,469,2.438998,1.485665,3.100304,-0.007946,0.026208,10.312329,0.200174,0.085459,0.085459,0.000000,,0,0,0,1,1,0,-0.007696,-0.087172,0.7708,0.5496,0.2715,2,ok
0,470,2.419013,1.486787,3.106323,-0.007885,0.014604,10.332193,0.200159,0.087384,0.087384,0.000000,,0,0,0,1,1,0,-0.006986,-0.090340,0.7917,0.5525,0.2702,2,ok
0,471,2.395024,1.488055,3.118012,-0.007958,0.026292,10.356216,0.200221,0.143389,0.143389,0.000000,,0,0,0,1,1,0,-0.007284,-0.090990,0.8125,0.5615,0.2633,2,ok
0,472,2.375027,1.489002,3.127576,-0.007909,0.035857,10.374166,0.200164,0.136272,0.136272,0.000000,,0,0,0,1,1,0,-0.006336,-0.092867,0.7917,0.5941,0.2672,2,ok
0,473,2.355028,1.489713,3.136231,-0.008002,0.027628,10.396110,0.200096,0.122070,0.122070,0.000000,,0,0,0,1,1,0,-0.005672,-0.086067,0.7917,0.5881,0.2624,2,ok
0,474,2.331028,1.490404,-3.134799,-0.007910,0.039783,10.420120,0.200055,0.144889,0.144889,0.000000,,0,0,0,1,1,0,-0.002998,-0.093395,0.7708,0.5491,0.2656,2,ok
0,475,2.311030,1.490803,-3.124012,-0.007894,0.032908,10.439987,0.199994,0.154384,0.154384,0.000000,,0,0,0,1,1,0,-0.004797,-0.086670,0.7500,0.6092,0.2648,2,ok
0,476,2.291035,1.490894,-3.115062,-0.007678,0.041857,10.459981,0.199932,0.126932,0.126932,0.000000,,0,0,0,1,1,0,-0.001812,-0.085225,0.7708,0.5792,0.2665,2,ok
0,477,2.267045,1.490536,-3.109115,-0.007047,0.030575,10.483841,0.199930,0.067440,0.067440,0.000000,,0,0,0,1,1,0,-0.001812,-0.085225,0.7708,0.5792,0.2665,2,ok
0,478,2.247059,1.490158,-3.100083,-0.006707,0.039607,10.503828,0.199868,0.136105,0.136105,0.000000,,0,0,0,1,1,0,0.002377,-0.100408,0.7500,0.5496,0.2643,2,ok
0,479,2.223089,1.489704,-3.082625,-0.006298,0.057065,10.527799,0.199698,0.217992,0.217992,0.000000,,0,0,0,1,1,0,0.006155,-0.103897,0.7708,0.4930,0.2600,3,ok
0,480,2.203132,1.489152,-3.069550,-0.006079,0.052135,10.547654,0.199606,0.190844,0.190844,0.000000,,0,0,0,1,1,0,0.005978,-0.099784,0.8333,0.5306,0.2690,2,ok
0,481,2.183195,1.488367,-3.055803,-0.005676,0.065882,10.567603,0.199483,0.205782,0.205782,0.000000,,0,0,0,1,1,0,0.010119,-0.093618,0.7917,0.4536,0.2664,2,ok
0,482,2.159295,1.486800,-3.044971,-0.004717,0.059517,10.591449,0.199585,0.130366,0.130366,0.000000,,0,0,0,1,1,0,0.010587,-0.092962,0.7917,0.4788,0.2656,2,ok
0,483,2.139392,1.485059,-3.040894,-0.003702,0.063594,10.611401,0.199803,0.054620,0.054620,0.000000,,0,0,0,1,1,0,0.013284,-0.091582,0.8125,0.4244,0.2662,2,ok
0,484,2.119498,1.483226,-3.037132,-0.002593,0.067356,10.631350,0.199788,0.057046,0.057046,0.000000,,0,0,0,1,1,0,0.014878,-0.104160,0.8125,0.3976,0.2610,2,ok
0,485,2.095621,1.480733,-3.043721,-0.001396,0.042106,10.655276,0.200130,-0.122241,-0.092954,0.029287,C-06,0,0,0,1,1,0,0.015246,-0.111629,0.7708,0.3914,0.2647,3,ok
0,486,2.075719,1.478777,-3.040683,-0.000585,0.045145,10.675257,0.199936,0.257775,0.057046,-0.200729,C-06,0,0,0,1,1,0,0.016066,-0.130224,0.7500,0.3423,0.2599,2,ok
0,487,2.055833,1.476831,-3.027922,0.000113,0.035964,10.695224,0.199677,0.440964,0.207046,-0.233919,C-06,0,0,0,1,1,0,0.013956,-0.139971,0.7292,0.3654,0.2660,2,ok
0,488,2.032018,1.474495,-3.007216,0.000762,0.056670,10.719146,0.199176,0.268482,0.268482,0.000000,,0,0,0,1,1,0,0.015777,-0.141687,0.7708,0.3376,0.2606,2,ok
0,489,2.012226,1.472549,-2.986541,0.001306,0.077344,10.739025,0.198592,0.325578,0.325578,0.000000,,0,0,0,1,1,0,0.015102,-0.131006,0.7708,0.3539,0.2658,2,ok
0,490,1.992493,1.470181,-2.970313,0.001805,0.067580,10.758927,0.198732,0.249375,0.249375,0.000000,,0,0,0,1,1,0,0.016319,-0.113038,0.8333,0.3285,0.2645,3,ok
0,491,1.968862,1.466427,-2.962109,0.003295,0.075783,10.782807,0.199431,0.035094,0.099375,0.064280,C-06,0,0,0,1,1,0,0.018470,-0.100459,0.8333,0.2835,0.2640,2,ok
0,492,1.949184,1.462870,-2.961953,0.004649,0.047356,10.802896,0.200007,-0.003742,-0.003742,0.000000,,0,0,0,1,1,0,0.017981,-0.095889,0.7917,0.2998,0.2643,3,ok
0,493,1.925588,1.458582,-2.953219,0.005868,0.056091,10.826848,0.199701,0.125069,0.125069,0.000000,,0,0,0,1,1,0,0.019979,-0.107060,0.8333,0.2319,0.2628,2,ok
0,494,1.905945,1.454875,-2.951832,0.007018,0.057477,10.846804,0.199911,0.014390,0.014390,0.000000,,0,0,0,1,1,0,0.018065,-0.108577,0.7708,0.2709,0.2626,2,ok
0,495,1.886297,1.451120,-2.956288,0.007502,0.021614,10.867067,0.200124,-0.076458,-0.076458,0.000000,,0,0,0,1,1,0,0.019905,-0.113419,0.7917,0.2096,0.2622,3,ok
0,496,1.862712,1.446701,-2.953805,0.007955,0.024098,10.891058,0.199901,0.041136,0.041136,0.000000,,0,0,0,1,1,0,0.019905,-0.113419,0.7917,0.2096,0.2622,3,ok
0,497,1.843083,1.443024,-2.942711,0.008027,0.004222,10.911302,0.199502,0.474318,0.191136,-0.283181,C-06,0,0,0,1,1,0,0.016868,-0.126444,0.7500,0.2001,0.2620,2,ok
0,498,1.823516,1.439346,-2.922643,0.007737,0.024290,10.931210,0.198707,0.419823,0.341136,-0.078687,C-06,0,0,0,1,1,0,0.015745,-0.125909,0.7083,0.2028,0.2621,2,ok
0,499,1.800183,1.434933,-2.887481,0.007419,0.059451,10.954954,0.197119,0.544592,0.491136,-0.053455,C-06,0,0,0,1,1,0,0.015743,-0.113647,0.7917,0.2004,0.2643,2,ok
0,500,1.780881,1.430715,-2.866411,0.007198,0.052787,10.974914,0.197603,0.003236,0.341136,0.337900,C-06,0,0,0,1,1,0,0.019679,-0.077911,0.8333,0.1496,0.2625,3,ok
0,501,1.761668,1.425726,-2.854470,0.007722,0.064728,10.994757,0.198574,-0.268021,0.191136,0.459158,C-06,0,0,0,1,1,0,0.020263,-0.063007,0.8125,0.1691,0.2677,3,ok
0,502,1.738665,1.419050,-2.850853,0.008819,0.043695,11.018873,0.199681,-0.087229,0.041136,0.128365,C-06,0,0,0,1,1,0,0.021532,-0.053009,0.7917,0.1534,0.2639,2,ok
0,503,1.719490,1.413322,-2.856352,0.009624,0.038195,11.038869,0.200290,-0.104695,-0.104695,0.000000,,0,0,0,1,1,0,0.022139,-0.053350,0.8125,0.1382,0.2671,2,ok
0,504,1.700261,1.407585,-2.870638,0.010424,0.023909,11.058919,0.201017,-0.270750,-0.254695,0.016055,C-06,0,0,0,1,1,0,0.021641,-0.054234,0.7708,0.1474,0.2661,3,ok
0,505,1.677052,1.400701,-2.898957,0.010973,-0.025016,11.083305,0.202377,-0.411090,-0.404695,0.006395,C-06,0,0,0,1,1,0,0.020950,-0.068252,0.7917,0.0925,0.2628,3,ok
0,506,1.657599,1.395262,-2.915128,0.011075,-0.041187,11.103505,0.201928,0.098674,-0.254695,-0.353369,C-06,0,0,0,1,1,0,0.015693,-0.102956,0.7292,0.0997,0.2656,2,ok
0,507,1.634188,1.389549,-2.923496,0.010099,-0.067277,11.127819,0.200741,0.933760,-0.104695,-1.038455,C-06,0,0,0,1,1,0,0.011488,-0.121313,0.7500,0.1125,0.2677,2,ok
0,508,1.614665,1.385206,-2.921380,0.008686,-0.065161,11.147769,0.199901,0.157888,0.045305,-0.112583,C-06,0,0,0,1,1,0,0.010037,-0.137569,0.7500,0.0880,0.2624,3,ok
0,509,1.595168,1.380885,-2.911444,0.007258,-0.055225,11.166431,0.199488,0.174788,0.174788,0.000000,,0,0,0,1,1,0,0.007024,-0.137486,0.8125,0.1026,0.2665,2,ok
0,510,1.571816,1.375565,-2.906711,0.005342,-0.066676,11.191663,0.199603,0.056833,0.056833,0.000000,,0,0,0,1,1,0,0.008096,-0.134902,0.7917,0.0329,0.2668,2,ok
0,511,1.552376,1.371074,-2.901789,0.003820,-0.061754,11.211557,0.199415,0.086088,0.086088,0.000000,,0,0,0,1,1,0,0.003385,-0.128881,0.7917,0.1025,0.2667,2,ok
0,512,1.532967,1.366579,-2.893482,0.002139,-0.067506,11.231451,0.199042,0.141571,0.141571,0.000000,,0,0,0,1,1,0,0.003817,-0.125384,0.8125,0.0394,0.2684,2,ok
0,513,1.509746,1.361168,-2.878373,0.000060,-0.052396,11.255203,0.198476,0.214539,0.214539,0.000000,,0,0,0,1,1,0,0.001845,-0.118555,0.7708,0.0411,0.2650,2,ok
0,514,1.490484,1.356548,-2.859409,-0.001616,-0.044457,11.274924,0.197648,0.330072,0.330072,0.000000,,0,0,0,1,1,0,0.001257,-0.101834,0.7708,0.0088,0.2671,2,ok
0,515,1.471326,1.351646,-2.841387,-0.003206,-0.026435,11.294635,0.197740,0.305139,0.305139,0.000000,,0,0,0,1,1,0,0.000935,-0.087108,0.7292,0.0186,0.2659,2,ok
0,516,1.448443,1.344935,-2.829841,-0.004296,-0.014889,11.318457,0.198796,-0.081968,0.155139,0.237108,C-06,0,0,0,1,1,0,0.001619,-0.069984,0.7292,0.0009,0.2682,3,ok
0,517,1.429421,1.338943,-2.825742,-0.004929,-0.020311,11.338360,0.199498,0.063369,0.063369,0.000000,,0,0,0,1,1,0,-0.001211,-0.058882,0.7292,0.0465,0.2697,2,ok
0,518,1.410423,1.332877,-2.821411,-0.005504,-0.015980,11.358294,0.199396,0.076082,0.076082,0.000000,,0,0,0,1,1,0,0.001904,-0.055706,0.8125,-0.0313,0.2652,2,ok
0,519,1.387662,1.325486,-2.816466,-0.006145,-0.019261,11.382177,0.199431,0.071346,0.071346,0.000000,,0,0,0,1,1,0,0.001488,-0.052113,0.8333,-0.0438,0.2702,3,ok
0,520,1.368728,1.319271,-2.810459,-0.006694,-0.013254,11.402097,0.199147,0.107291,0.107291,0.000000,,0,0,0,1,1,0,0.001018,-0.048094,0.8333,-0.0593,0.2663,2,ok
0,521,1.346058,1.311681,-2.803790,-0.007213,-0.006585,11.423018,0.199227,0.096791,0.096791,0.000000,,0,0,0,1,1,0,0.000236,-0.040275,0.7917,-0.0528,0.2702,3,ok
0,522,1.327201,1.305179,-2.799996,-0.007608,-0.009231,11.445896,0.199485,0.064024,0.064024,0.000000,,0,0,0,1,1,0,-0.000495,-0.032015,0.7917,-0.0491,0.2645,2,ok
0,523,1.308361,1.298510,-2.798996,-0.007823,-0.008231,11.465881,0.199886,0.014072,0.014072,0.000000,,0,0,0,1,1,0,0.000517,-0.022605,0.7708,-0.0842,0.2656,2,ok
0,524,1.285740,1.290449,-2.803212,-0.008133,-0.017137,11.489842,0.200256,-0.066787,-0.066787,0.000000,,0,0,0,1,1,0,-0.000643,-0.020894,0.7500,-0.0741,0.2652,3,ok
0,525,1.266874,1.283809,-2.802825,-0.008511,-0.016751,11.509839,0.199959,0.013270,0.013270,0.000000,,0,0,0,1,1,0,-0.002495,-0.022580,0.7292,-0.0558,0.2678,3,ok
0,526,1.248038,1.277162,-2.794231,-0.008905,-0.012500,11.529759,0.199490,0.161824,0.161824,0.000000,,0,0,0,1,1,0,-0.001008,-0.026488,0.7292,-0.1136,0.2656,3,ok
0,527,1.225501,1.269171,-2.787173,-0.009442,-0.005442,11.553664,0.199190,0.101001,0.101001,0.000000,,0,0,0,1,1,0,-0.000936,-0.023026,0.7292,-0.1144,0.2653,2,ok
0,528,1.206738,1.262244,-2.789331,-0.009631,-0.007600,11.573664,0.200141,-0.108002,-0.048999,0.059003,C-06,0,0,0,1,1,0,-0.001014,-0.011646,0.8125,-0.1166,0.2671,2,ok
0,529,1.187980,1.255344,-2.784848,-0.009810,-0.006131,11.593668,0.199715,0.088315,0.088315,0.000000,,0,0,0,1,1,0,-0.002041,-0.008652,0.8125,-0.1170,0.2655,3,ok
0,530,1.165512,1.247066,-2.779942,-0.010010,-0.001226,11.617612,0.199422,0.071718,0.071718,0.000000,,0,0,0,1,1,0,-0.001016,0.000791,0.8125,-0.1515,0.2649,2,ok
0,531,1.146806,1.239996,-2.780105,-0.010073,-0.003030,11.637557,0.200028,-0.008571,-0.008571,0.000000,,0,0,0,1,1,0,-0.001016,0.000791,0.8125,-0.1515,0.2649,2,ok
0,532,1.128094,1.232914,-2.781593,-0.010166,-0.004517,11.657565,0.200122,-0.028042,-0.028042,0.000000,,0,0,0,1,1,0,-0.001180,0.011537,0.8125,-0.1559,0.2698,3,ok
0,533,1.105588,1.224460,-2.792870,-0.010334,-0.015381,11.681610,0.200689,-0.193785,-0.178042,0.015743,C-06,0,0,0,1,1,0,-0.001714,0.015561,0.7500,-0.1623,0.2663,2,ok
0,534,1.086747,1.217416,-2.806538,-0.010501,-0.029049,11.701724,0.201536,-0.244058,-0.244058,0.000000,,0,0,0,1,1,0,-0.002206,0.005135,0.7083,-0.1941,0.2683,3,ok
0,535,1.064052,1.209311,-2.813695,-0.011055,-0.036206,11.725504,0.200773,0.056537,-0.094058,-0.150595,C-06,0,0,0,1,1,0,-0.001573,-0.002702,0.7500,-0.2440,0.2646,2,ok
0,536,1.045124,1.202856,-2.811110,-0.011793,-0.033864,11.745806,0.199844,0.104494,0.055942,-0.048552,C-06,0,0,0,1,1,0,-0.005793,-0.004950,0.7083,-0.1987,0.2685,2,ok
0,537,1.026223,1.196418,-2.805802,-0.012538,-0.028557,11.765760,0.199523,0.095688,0.095688,0.000000,,0,0,0,1,1,0,-0.006239,-0.002361,0.7708,-0.2108,0.2695,3,ok
0,538,1.003592,1.188689,-2.798281,-0.013346,-0.018362,11.789717,0.199113,0.110981,0.110981,0.000000,,0,0,0,1,1,0,-0.006500,0.003971,0.8333,-0.2088,0.2658,2,ok
0,539,0.984781,1.182170,-2.791811,-0.013894,-0.011892,11.809619,0.199085,0.114340,0.114340,0.000000,,0,0,0,1,1,0,-0.004551,0.010262,0.8125,-0.2596,0.2682,2,ok
0,540,0.966015,1.175537,-2.784983,-0.014325,-0.002097,11.829497,0.199028,0.121539,0.121539,0.000000,,0,0,0,1,1,0,-0.004694,0.018036,0.8125,-0.2554,0.2722,2,ok
0,541,0.943541,1.167257,-2.781594,-0.014554,0.001292,11.853447,0.199636,0.045001,0.045001,0.000000,,0,0,0,1,1,0,-0.005170,0.030067,0.7708,-0.2329,0.2667,3,ok
0,542,0.924810,1.160216,-2.785860,-0.014614,-0.002975,11.873458,0.200274,-0.085473,-0.085473,0.000000,,0,0,0,1,1,0,-0.002960,0.044846,0.7917,-0.2980,0.2661,2,ok
0,543,0.906021,1.153194,-2.798542,-0.014533,-0.011635,11.893654,0.200959,-0.423777,-0.235473,0.188303,C-06,0,0,0,1,1,0,-0.003221,0.049276,0.7500,-0.3114,0.2640,3,ok
0,544,0.883322,1.144769,-2.824279,-0.014478,-0.037371,11.917866,0.202498,-0.403067,-0.385473,0.017594,C-06,0,0,0,1,1,0,-0.004133,0.041297,0.7500,-0.3163,0.2692,3,ok
0,545,0.864275,1.138037,-2.838582,-0.014720,-0.047151,11.938094,0.201960,0.124267,-0.235473,-0.359741,C-06,0,0,0,1,1,0,-0.006689,0.029285,0.6875,-0.3198,0.2696,2,ok
0,546,0.845168,1.131866,-2.844288,-0.015500,-0.052857,11.958158,0.200687,0.078025,-0.085473,-0.163498,C-06,0,0,0,1,1,0,-0.006220,0.012101,0.7708,-0.3802,0.2688,2,ok
0,547,0.822231,1.124821,-2.840495,-0.016727,-0.042327,11.982214,0.199788,0.157344,0.064527,-0.092817,C-06,0,0,0,1,1,0,-0.008366,0.011111,0.8333,-0.3869,0.2683,2,ok
0,548,0.803145,1.118966,-2.835695,-0.017681,-0.037527,12.002155,0.199517,0.083785,0.083785,0.000000,,0,0,0,1,1,0,-0.006616,0.014288,0.8125,-0.4495,0.2664,3,ok
0,549,0.780284,1.111933,-2.828857,-0.018782,-0.023902,12.026179,0.199222,0.099118,0.099118,0.000000,,0,0,0,1,1,0,-0.009629,0.035932,0.8125,-0.4074,0.2699,3,ok
0,550,0.761276,1.106020,-2.821425,-0.019517,-0.016471,12.046071,0.198972,0.130888,0.130888,0.000000,,0,0,0,1,1,0,-0.007829,0.044959,0.8125,-0.4479,0.2723,2,ok
0,551,0.742293,1.099743,-2.821915,-0.019901,-0.016960,12.066061,0.200043,-0.062152,-0.019112,0.043040,C-06,0,0,0,1,1,0,-0.006548,0.059445,0.8125,-0.4874,0.2693,2,ok
0,552,0.719474,1.092202,-2.832051,-0.020189,-0.018611,12.090285,0.200561,-0.156645,-0.156645,0.000000,,0,0,0,1,1,0,-0.004917,0.063700,0.7917,-0.5353,0.2679,3,ok
0,553,0.700382,1.085918,-2.846743,-0.020408,-0.033303,12.110383,0.201375,-0.260518,-0.260518,0.000000,,0,0,0,1,1,0,-0.004482,0.065598,0.7292,-0.5623,0.2672,3,ok
0,554,0.681223,1.079863,-2.853947,-0.020772,-0.030413,12.130673,0.200885,-0.055663,-0.110518,-0.054854,C-06,0,0,0,1,1,0,-0.005218,0.072323,0.6875,-0.5683,0.2604,3,ok
0,555,0.658200,1.072976,-2.856234,-0.021456,-0.032701,12.154694,0.200227,-0.028941,-0.028941,0.000000,,0,0,0,1,1,0,-0.007180,0.065422,0.7917,-0.5794,0.2659,3,ok
0,556,0.638998,1.067268,-2.860269,-0.022008,-0.025547,12.174947,0.200425,-0.071515,-0.071515,0.000000,,0,0,0,1,1,0,-0.009397,0.069012,0.8333,-0.5902,0.2680,3,ok
0,557,0.619776,1.061608,-2.863205,-0.022457,-0.028482,12.194980,0.200375,-0.048032,-0.048032,0.000000,,0,0,0,1,1,0,-0.006592,0.069793,0.8125,-0.6706,0.2727,3,ok
0,558,0.596691,1.054906,-2.866154,-0.023087,-0.031431,12.218387,0.200319,-0.041120,-0.041120,0.000000,,0,0,0,1,1,0,-0.008342,0.071399,0.7917,-0.6615,0.2723,3,ok
0,559,0.577443,1.049455,-2.866507,-0.023457,-0.019845,12.239328,0.200025,-0.003308,-0.003308,0.000000,,0,0,0,1,1,0,-0.008875,0.075967,0.7917,-0.6699,0.2713,3,ok
0,560,0.558188,1.044013,-2.869369,-0.023849,-0.022707,12.259334,0.200165,-0.052334,-0.052334,0.000000,,0,0,0,1,1,0,-0.010491,0.089727,0.7708,-0.6414,0.2693,3,ok
0,561,0.535031,1.037494,-2.883064,-0.024137,-0.023082,12.283688,0.200806,-0.218331,-0.202334,0.015996,C-06,0,0,0,1,1,0,-0.007276,0.105703,0.7708,-0.7618,0.2669,3,ok
0,562,0.515647,1.032062,-2.903500,-0.024324,-0.043518,12.303817,0.201752,-0.354141,-0.352334,0.001806,C-06,0,0,0,1,1,0,-0.009554,0.107368,0.7500,-0.7483,0.2653,3,ok
0,563,0.492281,1.025828,-2.918788,-0.024680,-0.044325,12.328327,0.201496,-0.110825,-0.202334,-0.091509,C-06,0,0,0,1,1,0,-0.012125,0.106150,0.7292,-0.7354,0.2640,3,ok
0,564,0.472766,1.021247,-2.922800,-0.025454,-0.048337,12.348358,0.200383,-0.054923,-0.054923,0.000000,,0,0,0,1,1,0,-0.011716,0.099767,0.7292,-0.8060,0.2629,3,ok
0,565,0.453250,1.016898,-2.918745,-0.026367,-0.028235,12.368766,0.199828,0.076060,0.076060,0.000000,,0,0,0,1,1,0,-0.013449,0.100722,0.7708,-0.7911,0.2643,3,ok
0,566,0.429840,1.011593,-2.920430,-0.027079,-0.029920,12.392759,0.200082,-0.029237,-0.029237,0.000000,,0,0,0,1,1,0,-0.016466,0.116361,0.8125,-0.7458,0.2619,3,ok
0,567,0.410319,1.007166,-2.924534,-0.027671,-0.034024,12.411459,0.200250,-0.070236,-0.070236,0.000000,,0,0,0,1,1,0,-0.016452,0.127641,0.7917,-0.7524,0.2627,3,ok
0,568,0.390794,1.002856,-2.921115,-0.028028,-0.012746,12.433206,0.199850,0.067318,0.067318,0.000000,,0,0,0,1,1,0,-0.018381,0.135624,0.7708,-0.7277,0.2627,3,ok
0,569,0.367379,0.997641,-2.919900,-0.028441,-0.011531,12.457191,0.199912,0.012877,0.012877,0.000000,,0,0,0,1,1,0,-0.016741,0.159102,0.7500,-0.7813,0.2599,3,ok
0,570,0.347854,0.993246,-2.927469,-0.028347,0.000587,12.477819,0.200303,-0.216337,-0.137123,0.079214,C-06,0,0,0,1,1,0,-0.017865,0.183483,0.7500,-0.7236,0.2612,3,ok
0,571,0.328279,0.988847,-2.943581,-0.028221,-0.015526,12.497882,0.200929,-0.273527,-0.273527,0.000000,,0,0,0,1,1,0,-0.018469,0.191434,0.7292,-0.7132,0.2631,3,ok
0,572,0.304721,0.983709,-2.954733,-0.027885,-0.005754,12.522597,0.200917,-0.139685,-0.139685,0.000000,,0,0,0,1,1,0,-0.017762,0.203581,0.7292,-0.7352,0.2553,3,ok
0,573,0.285067,0.979958,-2.954846,-0.027979,-0.005867,12.542605,0.200002,0.220580,0.010315,-0.210265,C-06,0,0,0,1,1,0,-0.021744,0.201486,0.7500,-0.6458,0.2585,3,ok
0,574,0.265406,0.976244,-2.960344,-0.027910,0.013062,12.563244,0.200188,-0.097462,-0.097462,0.000000,,0,0,0,1,1,0,-0.020257,0.203595,0.7500,-0.6741,0.2587,3,ok
0,575,0.241794,0.971845,-2.962525,-0.027587,0.010880,12.587261,0.200149,-0.024600,-0.024600,0.000000,,0,0,0,1,1,0,-0.020399,0.220795,0.8125,-0.6310,0.2569,3,ok
0,576,0.222110,0.968202,-2.964746,-0.027195,0.033837,12.607899,0.200218,-0.036182,-0.036182,0.000000,,0,0,0,1,1,0,-0.019258,0.237173,0.8125,-0.5936,0.2532,3,ok
0,577,0.198459,0.963849,-2.977955,-0.026376,0.020628,12.631933,0.200612,-0.344622,-0.186182,0.158440,C-06,0,0,0,1,1,0,-0.016567,0.256134,0.7917,-0.6000,0.2558,3,ok
0,578,0.174742,0.959498,-2.998999,-0.025281,0.027328,12.656890,0.201236,-0.281193,-0.281193,0.000000,,0,0,0,1,1,0,-0.017933,0.264242,0.7708,-0.5307,0.2579,3,ok
0,579,0.154912,0.955871,-3.024622,-0.023938,0.001706,12.677005,0.201883,-0.403632,-0.403632,0.000000,,0,0,0,1,1,0,-0.015234,0.257389,0.6875,-0.5558,0.2568,3,ok
0,580,0.131046,0.952107,-3.046491,-0.022742,0.010054,12.701722,0.201225,-0.266638,-0.266638,0.000000,,0,0,0,1,1,0,-0.014438,0.248636,0.7292,-0.5408,0.2590,3,ok
0,581,0.111128,0.949806,-3.055085,-0.022218,0.001459,12.721765,0.200439,0.981723,-0.116638,-1.098361,C-06,0,0,0,1,1,0,-0.015104,0.240362,0.7708,-0.4700,0.2563,3,ok
0,582,0.087219,0.947691,-3.053238,-0.022045,0.035950,12.746529,0.199975,0.538735,0.033362,-0.505373,C-06,0,0,0,1,1,0,-0.014616,0.236528,0.7917,-0.4325,0.2612,3,ok
0,583,0.067292,0.945926,-3.060286,-0.021368,0.028903,12.766523,0.200114,-0.199414,-0.116638,0.082776,C-06,0,0,0,1,1,0,-0.010188,0.245102,0.8125,-0.4688,0.2574,3,ok
0,584,0.043353,0.943805,-3.080971,-0.020402,0.041098,12.791255,0.200401,-0.294103,-0.266638,0.027465,C-06,0,0,0,1,1,0,-0.008037,0.247704,0.7917,-0.4489,0.2592,3,ok
0,585,0.023382,0.942038,-3.095794,-0.019028,0.026275,12.811258,0.200563,-0.214367,-0.214367,0.000000,,0,0,0,1,1,0,-0.008303,0.248384,0.8125,-0.3751,0.2615,3,ok
0,586,-0.000602,0.939994,-3.116436,-0.017341,0.040329,12.835885,0.200539,-0.251112,-0.251112,0.000000,,0,0,0,1,1,0,-0.005444,0.242210,0.7917,-0.3913,0.2585,3,ok
0,587,-0.024600,0.938171,3.136354,-0.015152,0.009933,12.859852,0.200549,-0.368801,-0.368801,0.000000,,0,0,0,1,1,0,-0.004904,0.231589,0.7292,-0.3470,0.2634,3,ok
0,588,-0.044594,0.936762,3.101241,-0.013438,-0.025180,12.878123,0.200306,-0.557119,-0.518801,0.038318,C-06,0,0,0,1,1,0,-0.001638,0.217277,0.7500,-0.3927,0.2611,3,ok
0,589,-0.068553,0.936142,3.067034,-0.011549,-0.025586,12.904188,0.199472,-0.410950,-0.410950,0.000000,,0,0,0,1,1,0,-0.004028,0.200989,0.7292,-0.3181,0.2621,3,ok
0,590,-0.088482,0.936766,3.048794,-0.011173,-0.043826,12.923981,0.199333,0.501476,-0.260950,-0.762425,C-06,0,0,0,1,1,0,-0.003753,0.162986,0.8125,-0.3096,0.2606,3,ok
0,591,-0.112359,0.938237,3.032062,-0.010610,-0.028309,12.948424,0.199307,-0.207403,-0.207403,0.000000,,0,0,0,1,1,0,-0.004630,0.150840,0.8125,-0.2782,0.2641,3,ok
0,592,-0.132225,0.939846,3.019676,-0.010535,-0.040695,12.968355,0.199284,-0.187563,-0.187563,0.000000,,0,0,0,1,1,0,-0.003804,0.142244,0.8333,-0.2831,0.2616,3,ok
0,593,-0.156041,0.942612,3.016042,-0.010611,-0.013658,12.992646,0.199833,0.003085,-0.037563,-0.040648,C-06,0,0,0,1,1,0,-0.003796,0.133497,0.7917,-0.2682,0.2654,3,ok
0,594,-0.175874,0.944982,3.007824,-0.010701,-0.021876,13.012620,0.199638,-0.134310,-0.134310,0.000000,,0,0,0,1,1,0,-0.001462,0.137138,0.8125,-0.2669,0.2618,3,ok
0,595,-0.199638,0.947826,2.994814,-0.010265,-0.006684,13.036839,0.199282,-0.170162,-0.170162,0.000000,,0,0,0,1,1,0,-0.001462,0.137138,0.8125,-0.2669,0.2618,3,ok
0,596,-0.223353,0.950717,2.979462,-0.009781,-0.022037,13.060724,0.198995,-0.201944,-0.201944,0.000000,,0,0,0,1,1,0,-0.001860,0.130785,0.7292,-0.2177,0.2682,3,ok
0,597,-0.243083,0.953774,2.975485,-0.009550,-0.000064,13.080953,0.199713,0.505874,-0.051944,-0.557818,C-06,0,0,0,1,1,0,-0.003123,0.129987,0.7083,-0.1905,0.2661,3,ok
0,598,-0.266764,0.957734,2.982121,-0.009479,0.006573,13.104963,0.200210,1.000000,0.098056,-0.901944,C-06,0,0,0,1,1,0,0.000244,0.125202,0.7708,-0.2338,0.2656,3,ok
0,599,-0.286507,0.960913,2.979514,-0.008967,0.027434,13.125166,0.199911,-0.215776,-0.051944,0.163832,C-06,0,0,0,1,1,0,0.001174,0.133663,0.8125,-0.1889,0.2682,3,ok
0,600,-0.310165,0.964715,2.965010,-0.008205,0.012930,13.149115,0.199447,-0.393141,-0.201944,0.191197,C-06,0,0,0,1,1,0,0.004182,0.133999,0.8125,-0.2346,0.2666,3,ok
0,601,-0.329821,0.967883,2.946227,-0.007317,0.015634,13.169188,0.198778,-0.308423,-0.308423,0.000000,,0,0,0,1,1,0,0.002583,0.132940,0.7917,-0.1527,0.2640,3,ok
0,602,-0.353318,0.971799,2.926931,-0.006146,-0.003662,13.192980,0.198429,-0.256648,-0.256648,0.000000,,0,0,0,1,1,0,0.004498,0.124628,0.7917,-0.1940,0.2625,3,ok
0,603,-0.372818,0.975304,2.907514,-0.005291,-0.003375,13.212872,0.197949,-0.322319,-0.322319,0.000000,,0,0,0,1,1,0,0.003226,0.108362,0.8125,-0.1563,0.2653,3,ok
0,604,-0.396083,0.979846,2.879444,-0.004366,-0.031445,13.236559,0.197358,-0.393156,-0.393156,0.000000,,0,0,0,1,1,0,0.003455,0.090265,0.7292,-0.1692,0.2618,3,ok
0,605,-0.419165,0.984963,2.848504,-0.003921,-0.044393,13.260267,0.196890,-0.438840,-0.438840,0.000000,,0,0,0,1,1,0,0.002193,0.080174,0.7500,-0.1480,0.2658,3,ok
0,606,-0.438258,0.990107,2.830906,-0.004200,-0.061991,13.280040,0.197824,1.000000,-0.288840,-1.288840,C-06,0,0,0,1,1,0,0.001886,0.039790,0.7917,-0.1579,0.2602,2,ok
0,607,-0.461069,0.997105,2.820566,-0.005361,-0.072332,13.300992,0.198910,1.000000,-0.138840,-1.138840,C-06,0,0,0,1,1,0,-0.002175,0.022741,0.8125,-0.1154,0.2673,3,ok
0,608,-0.480045,1.003381,2.820597,-0.006351,-0.055890,13.323928,0.199965,0.270156,0.011160,-0.258996,C-06,0,0,0,1,1,0,-0.004416,0.011260,0.8125,-0.0967,0.2663,3,ok
0,609,-0.502855,1.010951,2.830977,-0.007631,-0.045509,13.347927,0.200579,0.324283,0.161160,-0.163123,C-06,0,0,0,1,1,0,-0.005257,0.015755,0.7917,-0.0909,0.2674,3,ok
0,610,-0.521917,1.017246,2.836791,-0.008405,-0.024572,13.368093,0.200769,0.094787,0.094787,0.000000,,0,0,0,1,1,0,-0.005006,0.024990,0.8125,-0.0795,0.2654,2,ok
0,611,-0.544822,1.024552,2.839873,-0.009069,-0.021490,13.392127,0.200327,0.040886,0.040886,0.000000,,0,0,0,1,1,0,-0.004911,0.039120,0.7917,-0.0556,0.2690,3,ok
0,612,-0.563904,1.030499,2.834191,-0.009264,-0.013275,13.412252,0.199685,-0.431275,-0.109114,0.322162,C-06,0,0,0,1,1,0,-0.003160,0.045227,0.7708,-0.0661,0.2649,3,ok
0,613,-0.586718,1.037627,2.816985,-0.009418,-0.030481,13.436154,0.198694,-0.470547,-0.259114,0.211434,C-06,0,0,0,1,1,0,-0.003453,0.040706,0.7500,-0.0528,0.2707,3,ok
0,614,-0.609431,1.045039,2.808864,-0.009717,-0.026781,13.460150,0.199132,0.013544,-0.109114,-0.122658,C-06,0,0,0,1,1,0,-0.003365,0.037613,0.7292,-0.0660,0.2632,3,ok
0,615,-0.628337,1.051554,2.810417,-0.010206,-0.025228,13.480141,0.200112,0.451759,0.040886,-0.410872,C-06,0,0,0,1,1,0,-0.006554,0.027737,0.7917,-0.0215,0.2691,3,ok
0,616,-0.651077,1.059357,2.822760,-0.010655,-0.001663,13.504294,0.200698,0.303933,0.190886,-0.113046,C-06,0,0,0,1,1,0,-0.005469,0.027507,0.8125,-0.0455,0.2642,2,ok
0,617,-0.670103,1.065857,2.833735,-0.010869,0.009312,13.524398,0.201340,0.189556,0.189556,0.000000,,0,0,0,1,1,0,-0.004129,0.037780,0.7917,-0.0162,0.2672,3,ok
0,618,-0.693016,1.073517,2.845177,-0.010929,0.030328,13.548643,0.201320,0.161777,0.161777,0.000000,,0,0,0,1,1,0,-0.002582,0.049921,0.8333,-0.0049,0.2646,3,ok
0,619,-0.712149,1.079402,2.846484,-0.010371,0.031635,13.568653,0.200093,-0.003850,0.011777,0.015627,C-06,0,0,0,1,1,0,-0.000783,0.055965,0.7917,0.0060,0.2677,3,ok
0,620,-0.735133,1.086411,2.853262,-0.009644,0.038413,13.592434,0.200425,0.103054,0.103054,0.000000,,0,0,0,1,1,0,0.000965,0.063228,0.7917,0.0002,0.2640,3,ok
0,621,-0.754304,1.092105,2.851227,-0.008670,0.044992,13.612751,0.199879,-0.254732,-0.046946,0.207786,C-06,0,0,0,1,1,0,0.001887,0.069495,0.7917,0.0230,0.2641,3,ok
0,622,-0.777256,1.098942,2.838082,-0.007528,0.031847,13.636673,0.199220,-0.481870,-0.196946,0.284924,C-06,0,0,0,1,1,0,0.002899,0.074292,0.7500,0.0580,0.2684,3,ok
0,623,-0.800136,1.105936,2.832109,-0.006422,0.033168,13.660623,0.199390,-0.077544,-0.077544,0.000000,,0,0,0,1,1,0,0.004014,0.061454,0.7083,0.0491,0.2622,3,ok
0,624,-0.819193,1.112012,2.835501,-0.005710,0.036561,13.680614,0.200190,1.000000,0.072456,-0.927544,C-06,0,0,0,1,1,0,0.002649,0.057807,0.7917,0.0841,0.2685,3,ok
0,625,-0.842127,1.119319,2.850237,-0.004760,0.057797,13.704698,0.200976,0.396512,0.222456,-0.174056,C-06,0,0,0,1,1,0,0.004903,0.056016,0.8125,0.0700,0.2658,3,ok
0,626,-0.861299,1.125223,2.855121,-0.003722,0.062681,13.724732,0.200574,-0.366818,0.072456,0.439275,C-06,0,0,0,1,1,0,0.008910,0.070021,0.7917,0.0745,0.2660,3,ok
0,627,-0.884307,1.132017,2.850308,-0.002164,0.063159,13.748683,0.199748,-0.518352,-0.077544,0.440808,C-06,0,0,0,1,1,0,0.011334,0.075588,0.7917,0.0750,0.2680,3,ok
0,628,-0.903431,1.137669,2.837778,-0.000817,0.050629,13.768579,0.199076,-0.553759,-0.227544,0.326215,C-06,0,0,0,1,1,0,0.011464,0.072135,0.8125,0.1089,0.2657,3,ok
0,629,-0.926242,1.144452,2.812455,0.000752,0.025307,13.789573,0.197598,-0.391795,-0.377544,0.014251,C-06,0,0,0,1,1,0,0.013356,0.062066,0.7708,0.0830,0.2657,3,ok
0,630,-0.945099,1.150230,2.791534,0.001973,0.008134,13.812009,0.197183,-0.366918,-0.366918,0.000000,,0,0,0,1,1,0,0.010882,0.031881,0.7500,0.1195,0.2650,3,ok
0,631,-0.967503,1.157601,2.757511,0.002938,-0.025890,13.835574,0.196086,-0.670349,-0.516918,0.153431,C-06,0,0,0,1,1,0,0.010068,0.017747,0.7500,0.1357,0.2662,3,ok
0,632,-0.989639,1.165930,2.732671,0.003011,-0.047624,13.859210,0.197190,0.295031,-0.366918,-0.661949,C-06,0,0,0,1,1,0,0.006592,-0.021969,0.6875,0.1429,0.2664,3,ok
0,633,-1.007937,1.173549,2.720209,0.002400,-0.060086,13.879022,0.198329,1.000000,-0.216918,-1.216918,C-06,0,0,0,1,1,0,0.003656,-0.045470,0.7500,0.1725,0.2680,2,ok
0,634,-1.029810,1.183249,2.715136,0.001106,-0.063094,13.902915,0.199480,0.503711,-0.066918,-0.570629,C-06,0,0,0,1,1,0,-0.000428,-0.061621,0.8542,0.2197,0.2671,3,ok
0,635,-1.048025,1.191516,2.717137,-0.000155,-0.061093,13.922879,0.200162,0.046350,0.046350,0.000000,,0,0,0,1,1,0,-0.001727,-0.079076,0.8333,0.2113,0.2689,2,ok
0,636,-1.069920,1.201450,2.722290,-0.001643,-0.055057,13.946879,0.200538,0.081489,0.081489,0.000000,,0,0,0,1,1,0,-0.001477,-0.080890,0.7917,0.1891,0.2663,2,ok
0,637,-1.088212,1.209728,2.728733,-0.002825,-0.048614,13.966923,0.200980,0.122041,0.122041,0.000000,,0,0,0,1,1,0,-0.004966,-0.076067,0.8125,0.2496,0.2654,2,ok
0,638,-1.110219,1.219475,2.733385,-0.004050,-0.043962,13.988745,0.200542,0.067537,0.067537,0.000000,,0,0,0,1,1,0,-0.005693,-0.077217,0.7917,0.2834,0.2712,2,ok
0,639,-1.128604,1.227527,2.741035,-0.005005,-0.036648,14.011006,0.200964,0.146722,0.146722,0.000000,,0,0,0,1,1,0,-0.004983,-0.069684,0.7083,0.2482,0.2677,2,ok
0,640,-1.150737,1.237065,2.747907,-0.006007,-0.029776,14.035085,0.200829,0.101659,0.101659,0.000000,,0,0,0,1,1,0,-0.006824,-0.067557,0.7500,0.3002,0.2682,2,ok
0,641,-1.172919,1.246373,2.751709,-0.006820,-0.026727,14.059115,0.200445,0.054761,0.054761,0.000000,,0,0,0,1,1,0,-0.009385,-0.064329,0.7500,0.3569,0.2698,2,ok
0,642,-1.191433,1.254082,2.755656,-0.007448,-0.022780,14.079159,0.200595,0.072918,0.072918,0.000000,,0,0,0,1,1,0,-0.007719,-0.066909,0.7500,0.3417,0.2725,2,ok
0,643,-1.213698,1.263288,2.762554,-0.008161,-0.018391,14.103233,0.200869,0.105631,0.105631,0.000000,,0,0,0,1,1,0,-0.008410,-0.066963,0.8542,0.3655,0.2748,2,ok
0,644,-1.232296,1.270835,2.767377,-0.008631,-0.013569,14.123298,0.200699,0.085048,0.085048,0.000000,,0,0,0,1,1,0,-0.007384,-0.065559,0.8125,0.3571,0.2672,2,ok
0,645,-1.254666,1.279807,2.774629,-0.009121,-0.010194,14.147370,0.200908,0.109886,0.109886,0.000000,,0,0,0,1,1,0,-0.008620,-0.063319,0.8125,0.4064,0.2670,2,ok
0,646,-1.273359,1.287201,2.781730,-0.009471,-0.003093,14.167470,0.201061,0.127875,0.127875,0.000000,,0,0,0,1,1,0,-0.008928,-0.069292,0.7917,0.4352,0.2678,2,ok
0,647,-1.295853,1.295876,2.789105,-0.009684,0.004282,14.190128,0.200893,0.107915,0.107915,0.000000,,0,0,0,1,1,0,-0.008531,-0.067457,0.7708,0.4403,0.2678,2,ok
0,648,-1.314646,1.302999,2.795853,-0.009870,0.005839,14.211618,0.200995,0.119959,0.119959,0.000000,,0,0,0,1,1,0,-0.007420,-0.065091,0.7500,0.4384,0.2625,2,ok
0,649,-1.337259,1.311397,2.804279,-0.009921,0.014266,14.235741,0.201025,0.123713,0.123713,0.000000,,0,0,0,1,1,0,-0.008502,-0.060916,0.7292,0.4793,0.2638,2,ok
0,650,-1.359928,1.319504,2.809463,-0.009822,0.012997,14.259741,0.200596,0.072621,0.072621,0.000000,,0,0,0,1,1,0,-0.008180,-0.066573,0.7083,0.5030,0.2669,2,ok
0,651,-1.378850,1.326183,2.814160,-0.009689,0.017694,14.279806,0.200679,0.082809,0.082809,0.000000,,0,0,0,1,1,0,-0.006252,-0.069014,0.7917,0.5002,0.2653,2,ok
0,652,-1.401584,1.333973,2.816423,-0.009411,0.012092,14.303754,0.200233,0.028750,0.028750,0.000000,,0,0,0,1,1,0,-0.005460,-0.070302,0.7917,0.5005,0.2657,2,ok
0,653,-1.420560,1.340394,2.824489,-0.009192,0.020158,14.323786,0.200547,0.148545,0.148545,0.000000,,0,0,0,1,1,0,-0.003859,-0.077924,0.7917,0.4927,0.2666,2,ok
0,654,-1.443398,1.348095,2.833694,-0.008939,0.019360,14.347818,0.201074,0.131336,0.131336,0.000000,,0,0,0,1,1,0,-0.004860,-0.082174,0.8125,0.5428,0.2663,2,ok
0,655,-1.462477,1.354400,2.840459,-0.008726,0.026125,14.367912,0.200933,0.114953,0.114953,0.000000,,0,0,0,1,1,0,-0.000973,-0.083951,0.8125,0.5031,0.2667,2,ok
0,656,-1.485428,1.361825,2.849363,-0.008319,0.035029,14.392031,0.201031,0.127752,0.127752,0.000000,,0,0,0,1,1,0,-0.001080,-0.085447,0.7917,0.5202,0.2642,2,ok
0,657,-1.504595,1.367764,2.854173,-0.007906,0.028798,14.412010,0.200623,0.078375,0.078375,0.000000,,0,0,0,1,1,0,0.001027,-0.087266,0.7708,0.5101,0.2632,2,ok
0,658,-1.527634,1.374804,2.861291,-0.007343,0.035916,14.436094,0.200808,0.102022,0.102022,0.000000,,0,0,0,1,1,0,0.003880,-0.089461,0.7500,0.4702,0.2617,2,ok
0,659,-1.550739,1.381771,2.874636,-0.006927,0.036373,14.460106,0.201430,0.194331,0.194331,0.000000,,0,0,0,1,1,0,0.006078,-0.095158,0.7292,0.4502,0.2589,2,ok
0,660,-1.570070,1.387577,2.890820,-0.006690,0.052557,14.480289,0.202203,0.278621,0.278621,0.000000,,0,0,0,1,1,0,0.009606,-0.107449,0.7917,0.4180,0.2543,2,ok
0,661,-1.593351,1.393909,2.900893,-0.005861,0.047234,14.504324,0.200964,0.126734,0.128621,0.001887,C-06,0,0,0,1,1,0,0.009099,-0.104539,0.7708,0.4424,0.2621,2,ok
0,662,-1.612791,1.398960,2.907887,-0.005128,0.054228,14.524396,0.200840,0.114086,0.114086,0.000000,,0,0,0,1,1,0,0.011436,-0.103859,0.8125,0.4254,0.2600,2,ok
0,663,-1.636170,1.404919,2.919579,-0.004135,0.065921,14.548502,0.201188,0.163036,0.163036,0.000000,,0,0,0,1,1,0,0.012049,-0.103306,0.7917,0.4163,0.2626,2,ok
0,664,-1.655703,1.409791,2.931136,-0.003542,0.059110,14.568552,0.201356,0.189548,0.189548,0.000000,,0,0,0,1,1,0,0.014903,-0.106756,0.8125,0.3719,0.2614,2,ok
0,665,-1.679194,1.415117,2.938973,-0.002342,0.066947,14.592609,0.200673,0.099354,0.099354,0.000000,,0,0,0,1,1,0,0.016094,-0.110481,0.7917,0.3521,0.2617,2,ok
0,666,-1.698782,1.419157,2.936824,-0.001166,0.045048,14.612540,0.199907,-0.045134,-0.045134,0.000000,,0,0,0,1,1,0,0.015170,-0.115681,0.7917,0.3914,0.2672,2,ok
0,667,-1.722279,1.424025,2.936304,-0.000003,0.044527,14.636507,0.199970,-0.004647,-0.004647,0.000000,,0,0,0,1,1,0,0.014794,-0.129368,0.7500,0.3694,0.2661,2,ok
0,668,-1.745796,1.428917,2.946251,0.001002,0.030454,14.660528,0.200370,0.327780,0.145353,-0.182428,C-06,0,0,0,1,1,0,0.014568,-0.135753,0.7292,0.3448,0.2665,2,ok
0,669,-1.765433,1.432994,2.955145,0.001470,0.039348,14.680578,0.200701,0.142145,0.142145,0.000000,,0,0,0,1,1,0,0.014568,-0.135753,0.7292,0.3448,0.2665,2,ok
0,670,-1.789045,1.437885,2.968266,0.002044,0.052469,14.704684,0.201122,0.176087,0.176087,0.000000,,0,0,0,1,1,0,0.013107,-0.132420,0.7708,0.3492,0.2655,2,ok
0,671,-1.808766,1.441887,2.981103,0.002210,0.037987,14.724856,0.201260,0.204658,0.204658,0.000000,,0,0,0,1,1,0,0.011894,-0.133645,0.8125,0.3758,0.2679,2,ok
0,672,-1.832503,1.446551,3.007232,0.002468,0.064116,14.749045,0.201939,0.351050,0.351050,0.000000,,0,0,0,1,1,0,0.012246,-0.121855,0.8125,0.3513,0.2662,2,ok
0,673,-1.852346,1.450030,3.024687,0.002832,0.050356,14.769282,0.201354,0.259959,0.259959,0.000000,,0,0,0,1,1,0,0.013255,-0.110317,0.7917,0.3406,0.2669,2,ok
0,674,-1.876197,1.453298,3.035291,0.003661,0.060960,14.793341,0.200560,0.126322,0.126322,0.000000,,0,0,0,1,1,0,0.014471,-0.094834,0.7917,0.3249,0.2647,2,ok
0,675,-1.896083,1.455450,3.034240,0.004916,0.059909,14.813305,0.199987,-0.120833,-0.023678,0.097155,C-06,0,0,0,1,1,0,0.014190,-0.093504,0.7917,0.3426,0.2642,3,ok
0,676,-1.919930,1.458005,3.021540,0.005701,0.016420,14.837448,0.199714,-0.266246,-0.173678,0.092568,C-06,0,0,0,1,1,0,0.013213,-0.101806,0.7708,0.3460,0.2645,2,ok
0,677,-1.943752,1.460800,3.018897,0.006167,0.013776,14.861429,0.199896,0.265073,-0.023678,-0.288751,C-06,0,0,0,1,1,0,0.012317,-0.116250,0.7292,0.3273,0.2654,2,ok
0,678,-1.963610,1.463243,3.026419,0.005994,-0.008120,14.881680,0.200167,0.399543,0.126322,-0.273222,C-06,0,0,0,1,1,0,0.006111,-0.133797,0.6667,0.4086,0.2723,2,ok
0,679,-1.987468,1.466180,3.040090,0.005375,0.005551,14.905711,0.200458,0.176485,0.176485,0.000000,,0,0,0,1,1,0,0.007482,-0.131834,0.7708,0.3811,0.2639,2,ok
0,680,-2.007376,1.468627,3.050787,0.004862,0.016248,14.924047,0.200650,0.159804,0.159804,0.000000,,0,0,0,1,1,0,0.008901,-0.127511,0.8125,0.3348,0.2597,2,ok
0,681,-2.031296,1.471522,3.069686,0.003706,0.008670,14.949939,0.200900,0.239497,0.239497,0.000000,,0,0,0,1,1,0,0.005746,-0.121350,0.8333,0.4187,0.2675,2,ok
0,682,-2.051254,1.473714,3.085254,0.002999,0.024239,14.970005,0.200729,0.228777,0.228777,0.000000,,0,0,0,1,1,0,0.008024,-0.114890,0.8333,0.3754,0.2684,2,ok
0,683,-2.075225,1.475736,3.099612,0.002471,0.015575,14.994103,0.200416,0.171257,0.171257,0.000000,,0,0,0,1,1,0,0.009703,-0.102561,0.7917,0.3384,0.2669,2,ok
0,684,-2.095211,1.477093,3.110156,0.002267,0.026120,15.014135,0.200295,0.151091,0.151091,0.000000,,0,0,0,1,1,0,0.009217,-0.093704,0.7917,0.3565,0.2664,2,ok
0,685,-2.119200,1.477878,3.110975,0.002683,0.008364,15.038182,0.200001,-0.080678,0.001091,0.081769,C-06,0,0,0,1,1,0,0.007798,-0.088252,0.7917,0.4046,0.2690,2,ok
0,686,-2.143184,1.478618,3.099364,0.002860,-0.003247,15.062178,0.199922,-0.236195,-0.148909,0.087286,C-06,0,0,0,1,1,0,0.008823,-0.093556,0.7708,0.3753,0.2694,2,ok
0,687,-2.163166,1.479460,3.098819,0.002782,-0.003792,15.081116,0.200000,0.234391,0.001091,-0.233300,C-06,0,0,0,1,1,0,0.007620,-0.108463,0.7083,0.3718,0.2655,2,ok
0,688,-2.187149,1.480488,3.110505,0.002242,-0.009240,15.106224,0.200083,0.182442,0.151091,-0.031351,C-06,0,0,0,1,1,0,0.007005,-0.124467,0.6875,0.3738,0.2625,2,ok
0,689,-2.207142,1.481344,3.118038,0.001807,-0.001706,15.126230,0.200126,0.105169,0.105169,0.000000,,0,0,0,1,1,0,0.006135,-0.123321,0.7917,0.3744,0.2645,2,ok
0,690,-2.231138,1.482363,3.128814,0.001002,-0.008573,15.150262,0.200147,0.130077,0.130077,0.000000,,0,0,0,1,1,0,0.004704,-0.123900,0.8125,0.3932,0.2623,2,ok
0,691,-2.251137,1.483148,3.140503,0.000294,0.003117,15.170264,0.200140,0.168691,0.168691,0.000000,,0,0,0,1,1,0,0.006248,-0.116317,0.8333,0.3457,0.2616,2,ok
0,692,-2.275137,1.483635,-3.133031,-0.000236,-0.004447,15.194263,0.200016,0.110502,0.110502,0.000000,,0,0,0,1,1,0,0.003390,-0.113376,0.7917,0.4121,0.2648,2,ok
0,693,-2.295135,1.483905,-3.123583,-0.000737,0.005001,15.214257,0.199982,0.136761,0.136761,0.000000,,0,0,0,1,1,0,0.002568,-0.111127,0.8125,0.4255,0.2662,2,ok
0,694,-2.319128,1.483992,-3.112648,-0.001101,0.015935,15.237532,0.199919,0.130522,0.130522,0.000000,,0,0,0,1,1,0,0.002744,-0.109182,0.7708,0.4120,0.2637,2,ok
0,695,-2.343111,1.483930,-3.095290,-0.001785,0.016046,15.262200,0.199794,0.215208,0.215208,0.000000,,0,0,0,1,1,0,0.003451,-0.108738,0.7500,0.4040,0.2636,2,ok
0,696,-2.363083,1.483613,-3.082788,-0.002079,0.028548,15.282172,0.199711,0.180460,0.180460,0.000000,,0,0,0,1,1,0,0.002307,-0.105052,0.7500,0.4308,0.2675,2,ok
0,697,-2.387035,1.482606,-3.074006,-0.002086,0.019679,15.306110,0.199769,0.102612,0.102612,0.000000,,0,0,0,1,1,0,0.005412,-0.104090,0.7083,0.3914,0.2643,2,ok
0,698,-2.406978,1.481654,-3.057715,-0.002089,0.035971,15.326076,0.199540,0.265887,0.252612,-0.013275,C-06,0,0,0,1,1,0,0.002510,-0.093809,0.7500,0.4433,0.2715,2,ok
0,699,-2.430884,1.480025,-3.048878,-0.001743,0.027101,15.350003,0.199677,0.040638,0.102612,0.061975,C-06,0,0,0,1,1,0,0.004876,-0.085913,0.8125,0.4086,0.2671,2,ok
0,700,-2.450794,1.478351,-3.045093,-0.001369,0.030886,15.369980,0.199815,0.053439,0.053439,0.000000,,0,0,0,1,1,0,0.003926,-0.082337,0.8333,0.4535,0.2677,2,ok
0,701,-2.474674,1.476276,-3.037136,-0.000853,0.038842,15.393944,0.199668,0.103668,0.103668,0.000000,,0,0,0,1,1,0,0.005025,-0.083503,0.8333,0.4398,0.2664,2,ok
0,702,-2.494558,1.474489,-3.030729,-0.000742,0.027587,15.413892,0.199635,0.096688,0.096688,0.000000,,0,0,0,1,1,0,0.005103,-0.082039,0.8125,0.4483,0.2678,2,ok
0,703,-2.518403,1.472065,-3.025532,-0.000337,0.032783,15.437857,0.199739,0.064332,0.064332,0.000000,,0,0,0,1,1,0,0.006048,-0.085635,0.7708,0.4354,0.2639,2,ok
0,704,-2.542249,1.469296,-3.031610,0.000173,0.009033,15.461856,0.200134,-0.210689,-0.085668,0.125020,C-06,0,0,0,1,1,0,0.005947,-0.087995,0.7708,0.4393,0.2646,2,ok
0,705,-2.562139,1.466976,-3.042368,0.000494,-0.001725,15.481878,0.200352,-0.171464,-0.171464,0.000000,,0,0,0,1,1,0,0.005947,-0.087995,0.7708,0.4393,0.2646,2,ok
0,706,-2.586025,1.464518,-3.044876,0.000416,-0.021962,15.505899,0.200080,0.214950,-0.021464,-0.236414,C-06,0,0,0,1,1,0,0.001339,-0.114806,0.7500,0.4946,0.2686,2,ok
0,707,-2.605926,1.462565,-3.038198,-0.000005,-0.015284,15.525891,0.199892,0.112050,0.112050,0.000000,,0,0,0,1,1,0,0.000430,-0.135104,0.7708,0.4710,0.2633,2,ok
0,708,-2.629791,1.460227,-3.033278,-0.000515,-0.010364,15.549865,0.199785,0.058546,0.058546,0.000000,,0,0,0,1,1,0,0.000888,-0.137203,0.7917,0.4677,0.2663,2,ok
0,709,-2.649665,1.458278,-3.025379,-0.001266,-0.019677,15.569811,0.199614,0.123893,0.123893,0.000000,,0,0,0,1,1,0,-0.000929,-0.137074,0.8333,0.4861,0.2629,2,ok
0,710,-2.673489,1.455918,-3.014959,-0.002163,-0.009257,15.593734,0.199446,0.133525,0.133525,0.000000,,0,0,0,1,1,0,-0.000967,-0.135448,0.8333,0.4750,0.2670,2,ok
0,711,-2.693314,1.453862,-3.003455,-0.003002,-0.016548,15.613604,0.199212,0.181388,0.181388,0.000000,,0,0,0,1,1,0,-0.002323,-0.131448,0.7917,0.5128,0.2682,2,ok
0,712,-2.717060,1.451215,-2.988126,-0.004025,-0.001218,15.637475,0.199054,0.199756,0.199756,0.000000,,0,0,0,1,1,0,-0.004501,-0.137978,0.7917,0.5510,0.2661,2,ok
0,713,-2.740755,1.448063,-2.975995,-0.004640,-0.006887,15.661296,0.199188,0.155963,0.155963,0.000000,,0,0,0,1,1,0,-0.003129,-0.139452,0.8125,0.5131,0.2650,2,ok
0,714,-2.760459,1.445284,-2.962779,-0.005244,0.006329,15.681187,0.198851,0.213317,0.213317,0.000000,,0,0,0,1,1,0,-0.002586,-0.130050,0.7500,0.4999,0.2606,2,ok
0,715,-2.784059,1.441319,-2.955324,-0.005341,0.013784,15.705117,0.199464,0.090525,0.090525,0.000000,,0,0,0,1,1,0,-0.002586,-0.130050,0.7500,0.4999,0.2606,2,ok
0,716,-2.803718,1.437630,-2.958359,-0.005447,-0.008226,15.724993,0.200113,-0.139455,-0.059475,0.079981,C-06,0,0,0,1,1,0,-0.011110,-0.131067,0.7292,0.6517,0.2766,2,ok
0,717,-2.827332,1.433178,-2.966181,-0.005631,-0.016048,15.749023,0.200382,-0.106859,-0.106859,0.000000,,0,0,0,1,1,0,-0.011462,-0.137362,0.7708,0.6826,0.2724,2,ok
0,718,-2.847023,1.429680,-2.964145,-0.006118,-0.032798,15.768935,0.199921,0.165695,0.043141,-0.122554,C-06,0,0,0,1,1,0,-0.007224,-0.146960,0.7917,0.5588,0.2682,2,ok
0,719,-2.870618,1.425502,-2.950439,-0.006899,-0.019092,15.792884,0.199445,0.257933,0.193141,-0.064792,C-06,0,0,0,1,1,0,-0.012984,-0.154563,0.8125,0.6775,0.2646,2,ok
0,720,-2.890216,1.422020,-2.930058,-0.007537,0.001289,15.812513,0.198666,0.403028,0.343141,-0.059888,C-06,0,0,0,1,1,0,-0.013156,-0.149718,0.8125,0.6825,0.2670,2,ok
0,721,-2.913592,1.417841,-2.895652,-0.008827,0.015540,15.836315,0.197158,0.479753,0.479753,0.000000,,0,0,0,1,1,0,-0.013508,-0.148739,0.7917,0.7318,0.2668,2,ok
0,722,-2.936794,1.412901,-2.871232,-0.009333,0.039961,15.860033,0.197699,0.103168,0.329753,0.226585,C-06,0,0,0,1,1,0,-0.011466,-0.128601,0.7292,0.7242,0.2756,2,ok
0,723,-2.956036,1.407986,-2.859929,-0.009204,0.032214,15.879737,0.198666,-0.080004,0.179753,0.259756,C-06,0,0,0,1,1,0,-0.012948,-0.111449,0.7708,0.8061,0.2749,2,ok
0,724,-2.979075,1.401444,-2.856105,-0.008511,0.036038,15.903677,0.199663,0.043708,0.043708,0.000000,,0,0,0,1,1,0,-0.008004,-0.104633,0.7500,0.7175,0.2644,2,ok
0,725,-2.998241,1.395898,-2.846881,-0.007976,0.024165,15.923432,0.199286,0.167248,0.167248,0.000000,,0,0,0,1,1,0,-0.008146,-0.105513,0.7083,0.7476,0.2639,2,ok
0,726,-3.021197,1.388972,-2.844964,-0.007454,0.026082,15.947405,0.199864,0.015534,0.017248,0.001714,C-06,0,0,0,1,1,0,-0.013725,-0.118255,0.7292,0.8967,0.2760,2,ok
0,727,-3.040318,1.383171,-2.842700,-0.006988,0.028345,15.967380,0.199748,0.040363,0.040363,0.000000,,0,0,0,1,1,0,-0.015209,-0.126908,0.7708,0.9765,0.2717,2,ok
0,728,-3.063229,1.376210,-2.835570,-0.006802,0.014715,15.991200,0.199354,0.106085,0.106085,0.000000,,0,0,0,1,1,0,-0.010142,-0.132612,0.7917,0.8767,0.2759,2,ok
0,729,-3.082281,1.370395,-2.829270,-0.006662,0.021015,16.011119,0.199148,0.108717,0.108717,0.000000,,0,0,0,1,1,0,-0.013302,-0.144437,0.8125,1.0129,0.2719,2,ok
0,730,-3.105084,1.363327,-2.819190,-0.006687,0.008670,16.034833,0.198838,0.148197,0.148197,0.000000,,0,0,0,1,1,0,-0.015680,-0.146095,0.8125,1.0910,0.2722,2,ok
0,731,-3.127780,1.356113,-2.801170,-0.006821,0.026690,16.058648,0.197939,0.270677,0.270677,0.000000,,0,0,0,1,1,0,-0.017273,-0.158018,0.7708,1.1612,0.2755,2,ok
0,732,-3.146590,1.349843,-2.788737,-0.006654,0.039123,16.075596,0.198308,0.214767,0.214767,0.000000,,0,0,0,1,1,0,-0.015166,-0.158376,0.7708,1.1087,0.2615,2,ok
0,733,-3.169087,1.341696,-2.783665,-0.006415,0.021367,16.102256,0.199477,-0.009396,0.064767,0.074163,C-06,0,0,0,1,1,0,-0.013217,-0.153809,0.7708,1.1265,0.2623,2,ok
0,734,-3.187832,1.334703,-2.787844,-0.005971,0.017188,16.122258,0.200245,-0.193805,-0.085233,0.108571,C-06,0,0,0,1,1,0,-0.015285,-0.164199,0.7292,1.2348,0.2669,2,ok
0,735,-3.210338,1.326391,-2.785435,-0.005958,-0.004902,16.146102,0.199830,0.043301,0.043301,0.000000,,0,0,0,1,1,0,-0.022248,-0.192982,0.6875,1.3673,0.2781,2,ok
0,736,-3.229063,1.319469,-2.779319,-0.006073,0.001213,16.166065,0.199441,0.113322,0.113322,0.000000,,0,0,0,1,1,0,-0.021109,-0.201599,0.7500,1.3882,0.2730,2,ok
0,737,-3.251436,1.311113,-2.762467,-0.006342,-0.007169,16.189788,0.198484,0.562736,0.263322,-0.299415,C-06,0,0,0,1,1,0,-0.015704,-0.217501,0.7917,1.2905,0.2575,2,ok
0,738,-3.269936,1.304114,-2.740453,-0.006811,0.014846,16.209562,0.197076,0.604413,0.413322,-0.191092,C-06,0,0,0,1,1,0,-0.013246,-0.222106,0.7917,1.2879,0.2610,2,ok
0,739,-3.291894,1.295463,-2.711634,-0.007049,0.043665,16.233162,0.196681,0.444193,0.444193,0.000000,,0,0,0,1,1,0,-0.015102,-0.215171,0.8125,1.3852,0.2613,2,ok
0,740,-3.313609,1.285903,-2.692151,-0.006932,0.035745,16.256703,0.197825,0.197844,0.294193,0.096349,C-06,0,0,0,1,1,0,-0.011559,-0.205639,0.7708,1.3370,0.2709,2,ok
0,741,-3.331586,1.277400,-2.684096,-0.006335,0.043800,16.276580,0.198936,-0.008144,0.144193,0.152337,C-06,0,0,0,1,1,0,-0.005496,-0.219763,0.7500,1.2251,0.2614,2,ok
0,742,-3.353113,1.266807,-2.683829,-0.005581,0.014588,16.300398,0.200022,-0.321807,-0.005807,0.316000,C-06,0,0,0,1,1,0,-0.003668,-0.227512,0.7500,1.1951,0.2605,2,ok
0,743,-3.371070,1.257968,-2.687754,-0.005223,0.010663,16.320409,0.200290,-0.080466,-0.080466,0.000000,,0,0,0,1,1,0,-0.012227,-0.253370,0.7500,1.4372,0.2616,2,ok
0,744,-3.392624,1.247447,-2.683988,-0.004874,0.014428,16.342125,0.199691,0.686959,0.069534,-0.617426,C-06,0,0,0,1,1,0,-0.005665,-0.266407,0.7083,1.2659,0.2588,2,ok
0,745,-3.410521,1.238612,-2.673135,-0.005211,-0.009952,16.364189,0.199205,0.414382,0.219534,-0.194848,C-06,0,0,0,1,1,0,-0.020010,-0.308681,0.7083,1.5550,0.2692,2,ok
0,746,-3.431817,1.227942,-2.650755,-0.005388,0.012428,16.388008,0.197638,0.769052,0.369534,-0.399519,C-06,0,0,0,1,1,0,-0.011383,-0.318360,0.7292,1.3603,0.2498,2,ok
0,747,-3.449335,1.218886,-2.624709,-0.005688,-0.002237,16.407534,0.196752,0.856380,0.519534,-0.336847,C-06,0,0,0,1,1,0,-0.011719,-0.318840,0.7500,1.3805,0.2521,2,ok
0,748,-3.469984,1.207479,-2.588704,-0.005749,0.033769,16.431124,0.196741,0.600556,0.600556,0.000000,,0,0,0,1,1,0,-0.010345,-0.317478,0.7917,1.3570,0.2502,2,ok
0,749,-3.490232,1.195125,-2.561538,-0.004787,0.060934,16.451613,0.197882,0.109081,0.450556,0.341475,C-06,0,0,0,1,1,0,-0.008163,-0.294735,0.7917,1.3222,0.2554,2,ok
0,750,-3.506874,1.184288,-2.546345,-0.004645,0.030129,16.474417,0.198726,0.265738,0.300556,0.034818,C-06,0,0,0,1,1,0,-0.009360,-0.278044,0.7917,1.3673,0.2578,2,ok
0,751,-3.526581,1.170863,-2.521571,-0.003777,0.054902,16.498246,0.198507,0.437790,0.437790,0.000000,,0,0,0,1,1,0,-0.003972,-0.289780,0.7500,1.2246,0.2603,2,ok
0,752,-3.542749,1.159297,-2.502862,-0.003117,0.022543,16.517936,0.198926,0.393851,0.393851,0.000000,,0,0,0,1,1,0,-0.005652,-0.294729,0.7292,1.2782,0.2547,2,ok
0,753,-3.561892,1.144967,-2.485625,-0.002466,0.039779,16.541839,0.199378,0.303305,0.303305,0.000000,,0,0,0,1,1,0,-0.005004,-0.293495,0.7500,1.2625,0.2540,2,ok
0,754,-3.577637,1.132723,-2.468275,-0.001557,0.057130,16.561764,0.199485,0.383293,0.383293,0.000000,,0,0,0,1,1,0,-0.006727,-0.299116,0.7083,1.2956,0.2577,2,ok
0,755,-3.596186,1.117551,-2.439698,-0.000987,0.030083,16.585645,0.199946,0.649574,0.533293,-0.116281,C-06,0,0,0,1,1,0,0.002408,-0.322241,0.6667,1.0614,0.2540,2,ok
0,756,-3.611345,1.104414,-2.409188,-0.000093,0.060594,16.605685,0.201190,0.906791,0.683293,-0.223499,C-06,0,0,0,1,1,0,-0.000295,-0.306190,0.7292,1.1460,0.2548,2,ok
0,757,-3.629076,1.088013,-2.368401,0.001314,0.045420,16.629855,0.200606,0.725773,0.725773,0.000000,,0,0,0,1,1,0,0.002734,-0.287179,0.7917,1.0888,0.2503,2,ok
0,758,-3.645975,1.071002,-2.334667,0.002787,0.079154,16.653788,0.199316,0.526135,0.575773,0.049638,C-06,0,0,0,1,1,0,0.003306,-0.263107,0.7917,1.1134,0.2548,2,ok
0,759,-3.659656,1.056512,-2.314063,0.004516,0.099758,16.673642,0.198946,0.216113,0.425773,0.209661,C-06,0,0,0,1,1,0,0.006474,-0.247645,0.8125,1.0723,0.2583,2,ok
0,760,-3.675753,1.038793,-2.298210,0.005979,0.059354,16.697825,0.199565,-0.128309,0.275773,0.404082,C-06,0,0,0,1,1,0,0.008241,-0.236041,0.8333,1.0665,0.2582,2,ok
0,761,-3.689002,1.023831,-2.291977,0.007189,0.065587,16.717772,0.199853,-0.047609,0.125773,0.173382,C-06,0,0,0,1,1,0,0.011307,-0.248747,0.7500,0.9873,0.2515,2,ok
0,762,-3.704795,1.005776,-2.286057,0.008465,0.015425,16.742190,0.199914,0.107584,0.107584,0.000000,,0,0,0,1,1,0,0.014890,-0.262919,0.7292,0.8932,0.2540,2,ok
0,763,-3.717891,0.990666,-2.283632,0.008771,0.017850,16.762183,0.199969,0.048950,0.048950,0.000000,,0,0,0,1,1,0,0.011493,-0.271370,0.7500,0.9613,0.2506,2,ok
0,764,-3.733569,0.972497,-2.281681,0.009191,0.019801,16.786177,0.199983,0.035113,0.035113,0.000000,,0,0,0,1,1,0,0.010335,-0.276248,0.7708,0.9755,0.2517,2,ok
0,765,-3.746564,0.957300,-2.273912,0.008891,-0.027662,16.806680,0.199992,0.582509,0.185113,-0.397396,C-06,0,0,0,1,1,0,0.004226,-0.316280,0.7083,0.9922,0.2630,2,ok
0,766,-3.761951,0.938862,-2.256366,0.008381,-0.010117,16.830689,0.200248,0.491067,0.335113,-0.155955,C-06,0,0,0,1,1,0,0.002393,-0.321312,0.7708,1.0190,0.2575,2,ok
0,767,-3.777023,0.920095,-2.230320,0.008043,-0.037896,16.855196,0.200891,0.653999,0.485113,-0.168886,C-06,0,0,0,1,1,0,0.000544,-0.318752,0.8542,1.0080,0.2612,2,ok
0,768,-3.789271,0.904130,-2.203322,0.007369,-0.010898,16.875306,0.201708,0.588249,0.588249,0.000000,,0,0,0,1,1,0,0.001502,-0.312364,0.8125,0.9802,0.2583,2,ok
0,769,-3.803534,0.884579,-2.175700,0.007141,0.016725,16.899506,0.201865,0.476219,0.476219,0.000000,,0,0,0,1,1,0,0.000639,-0.302194,0.7917,0.9819,0.2601,2,ok
0,770,-3.815098,0.867993,-2.151335,0.006656,-0.010943,16.920099,0.202394,0.506093,0.506093,0.000000,,0,0,0,1,1,0,0.003670,-0.297229,0.7708,0.8878,0.2550,2,ok
0,771,-3.828520,0.847747,-2.123666,0.006219,0.016726,16.944386,0.202592,0.465941,0.465941,0.000000,,0,0,0,1,1,0,0.002741,-0.282792,0.7708,0.8886,0.2608,2,ok
0,772,-3.839243,0.830640,-2.107330,0.006371,0.033063,16.962873,0.201891,0.235261,0.315941,0.080680,C-06,0,0,0,1,1,0,0.004165,-0.267458,0.7292,0.8147,0.2569,2,ok
0,773,-3.851747,0.809909,-2.090225,0.005635,-0.000477,16.989101,0.201793,0.280222,0.280222,0.000000,,0,0,0,1,1,0,0.003690,-0.260217,0.7292,0.8238,0.2568,2,ok
0,774,-3.861947,0.792470,-2.074465,0.005373,0.015283,17.009301,0.202101,0.310617,0.310617,0.000000,,0,0,0,1,1,0,-0.000726,-0.258242,0.6667,0.8882,0.2705,2,ok
0,775,-3.873872,0.771296,-2.046462,0.004761,-0.004719,17.033842,0.203399,0.551512,0.460617,-0.090895,C-06,0,0,0,1,1,0,-0.004314,-0.260195,0.6875,0.9225,0.2719,2,ok
0,776,-3.885539,0.749762,-2.008345,0.004094,0.033398,17.058325,0.204938,0.614070,0.610617,-0.003453,C-06,0,0,0,1,1,0,-0.001194,-0.245093,0.7083,0.8299,0.2777,2,ok
0,777,-3.894680,0.731539,-1.982783,0.003984,0.013176,17.078910,0.203825,0.364769,0.460617,0.095848,C-06,0,0,0,1,1,0,0.001037,-0.226525,0.7917,0.8205,0.2709,2,ok
0,778,-3.904848,0.709444,-1.961575,0.003733,0.034384,17.103230,0.202597,0.233556,0.310617,0.077061,C-06,0,0,0,1,1,0,0.002368,-0.207377,0.7917,0.8027,0.2676,2,ok
0,779,-3.912743,0.690915,-1.952092,0.004098,0.043867,17.123369,0.201328,-0.064097,0.160617,0.224714,C-06,0,0,0,1,1,0,0.002071,-0.192536,0.7917,0.8181,0.2626,2,ok
0,780,-3.921964,0.668594,-1.941983,0.004108,0.011014,17.147688,0.201251,0.150744,0.150744,0.000000,,0,0,0,1,1,0,0.002657,-0.193708,0.7708,0.8027,0.2623,2,ok
0,781,-3.929465,0.649901,-1.925803,0.004093,0.027194,17.167829,0.201890,0.532893,0.300744,-0.232149,C-06,0,0,0,1,1,0,0.015940,-0.203975,0.7292,0.3693,0.2367,2,ok
0,782,-3.938126,0.627350,-1.914871,0.004152,-0.002894,17.192166,0.201256,0.142945,0.150744,0.007799,C-06,0,0,0,1,1,0,0.002170,-0.204167,0.7292,0.8071,0.2642,2,ok
0,783,-3.944889,0.608518,-1.914232,0.004027,-0.002255,17.212175,0.200006,-0.187921,0.000744,0.188664,C-06,0,0,0,1,1,0,0.003483,-0.202595,0.7292,0.7551,0.2633,2,ok
0,784,-3.952970,0.585955,-1.923616,0.003896,-0.011640,17.236141,0.199427,-0.240484,-0.149256,0.091227,C-06,0,0,0,1,1,0,0.001370,-0.216289,0.6875,0.7674,0.2593,2,ok
0,785,-3.961263,0.563437,-1.924075,0.002811,-0.049904,17.260253,0.200003,0.694500,0.000744,-0.693756,C-06,0,0,0,1,1,0,-0.004294,-0.242807,0.7292,0.8382,0.2651,2,ok
0,786,-3.968183,0.544648,-1.916301,0.001783,-0.042131,17.280249,0.200469,0.464293,0.150744,-0.313550,C-06,0,0,0,1,1,0,-0.003375,-0.256689,0.7292,0.7671,0.2596,2,ok
0,787,-3.976486,0.521991,-1.896453,0.000224,-0.058098,17.304365,0.201669,0.432531,0.300744,-0.131787,C-06,0,0,0,1,1,0,-0.003531,-0.263977,0.8333,0.7142,0.2556,2,ok
0,788,-3.983406,0.502974,-1.873943,-0.001490,-0.035588,17.324529,0.202963,0.397963,0.397963,0.000000,,0,0,0,1,1,0,-0.003225,-0.259337,0.7500,0.6660,0.2567,2,ok
0,789,-3.991563,0.479971,-1.845143,-0.003359,-0.006788,17.348863,0.203696,0.441727,0.441727,0.000000,,0,0,0,1,1,0,-0.003704,-0.250308,0.7500,0.6545,0.2557,2,ok
0,790,-3.998024,0.460650,-1.818489,-0.005195,-0.013582,17.369044,0.203684,0.446105,0.446105,0.000000,,0,0,0,1,1,0,-0.006707,-0.240787,0.7708,0.7076,0.2648,2,ok
0,791,-4.005234,0.437289,-1.784488,-0.006841,0.020419,17.393438,0.203671,0.466215,0.466215,0.000000,,0,0,0,1,1,0,-0.005349,-0.233373,0.7292,0.6601,0.2628,2,ok
0,792,-4.010336,0.417701,-1.764148,-0.007619,0.007656,17.413448,0.202265,0.222372,0.316215,0.093843,C-06,0,0,0,1,1,0,-0.003080,-0.203191,0.7500,0.5808,0.2590,2,ok
0,793,-4.015487,0.394117,-1.750957,-0.007940,0.020848,17.437586,0.201079,-0.013883,0.166215,0.180098,C-06,0,0,0,1,1,0,-0.001868,-0.195850,0.7292,0.5425,0.2575,2,ok
0,794,-4.020267,0.370482,-1.739557,-0.008026,-0.001487,17.461457,0.200925,0.149363,0.149363,0.000000,,0,0,0,1,1,0,-0.002820,-0.190237,0.6875,0.5669,0.2616,2,ok
0,795,-4.024118,0.350738,-1.721423,-0.008456,0.016648,17.481568,0.201418,0.566438,0.299363,-0.267076,C-06,0,0,0,1,1,0,-0.009846,-0.195840,0.7083,0.6831,0.2680,2,ok
0,796,-4.028738,0.326956,-1.687645,-0.008956,0.050425,17.505790,0.202296,0.581247,0.449363,-0.131884,C-06,0,0,0,1,1,0,-0.007294,-0.189171,0.7708,0.6110,0.2635,2,ok
0,797,-4.032019,0.307069,-1.667148,-0.009322,0.037062,17.525624,0.201422,0.142828,0.299363,0.156535,C-06,0,0,0,1,1,0,-0.002805,-0.163788,0.7500,0.5219,0.2650,2,ok
0,798,-4.034898,0.283166,-1.654465,-0.008936,0.049745,17.549698,0.200567,0.044760,0.149363,0.104603,C-06,0,0,0,1,1,0,-0.002519,-0.153060,0.7708,0.5178,0.2591,2,ok
0,799,-4.036727,0.263233,-1.651092,-0.008205,0.018338,17.569366,0.200140,0.042766,0.042766,0.000000,,0,0,0,1,1,0,-0.006960,-0.140242,0.7708,0.6413,0.2646,2,ok
0,800,-4.038847,0.239298,-1.636408,-0.008034,0.033022,17.593394,0.200341,0.426189,0.192766,-0.233423,C-06,0,0,0,1,1,0,-0.004456,-0.142188,0.7708,0.5609,0.2666,2,ok
0,801,-4.040613,0.219329,-1.613941,-0.007889,0.055489,17.613441,0.200582,0.352257,0.342766,-0.009492,C-06,0,0,0,1,1,0,0.003360,-0.149709,0.7292,0.2828,0.2445,2,ok
0,802,-4.042400,0.195343,-1.597189,-0.007945,0.037992,17.637236,0.200374,0.040008,0.192766,0.152758,C-06,0,0,0,1,1,0,-0.002223,-0.139343,0.7292,0.5154,0.2591,2,ok
0,803,-4.043234,0.171350,-1.592769,-0.007276,0.042412,17.661234,0.200047,-0.157738,0.042766,0.200504,C-06,0,0,0,1,1,0,-0.003698,-0.132993,0.7083,0.5784,0.2619,2,ok
0,804,-4.043705,0.151356,-1.599245,-0.006725,0.003487,17.680988,0.199974,-0.293886,-0.107234,0.186651,C-06,0,0,0,1,1,0,-0.000842,-0.137173,0.6667,0.4823,0.2633,2,ok
0,805,-4.044255,0.127367,-1.603644,-0.006607,-0.000913,17.704983,0.199946,-0.048978,-0.048978,0.000000,,0,0,0,1,1,0,-0.005637,-0.148736,0.6875,0.5732,0.2662,2,ok
0,806,-4.044888,0.107377,-1.597604,-0.006682,0.005128,17.724984,0.200031,0.236731,0.101022,-0.135709,C-06,0,0,0,1,1,0,-0.008038,-0.169116,0.7708,0.5814,0.2722,2,ok
0,807,-4.045665,0.083381,-1.577578,-0.007365,-0.004438,17.748795,0.200099,0.285004,0.251022,-0.033981,C-06,0,0,0,1,1,0,-0.007416,-0.171234,0.7917,0.5416,0.2719,2,ok
0,808,-4.046312,0.063381,-1.553378,-0.008012,0.019762,17.768794,0.200079,0.351825,0.351825,0.000000,,0,0,0,1,1,0,-0.006904,-0.167155,0.7500,0.5308,0.2631,2,ok
0,809,-4.046924,0.039392,-1.530860,-0.008914,0.013906,17.792553,0.199872,0.266650,0.266650,0.000000,,0,0,0,1,1,0,-0.010427,-0.149984,0.7917,0.6351,0.2666,2,ok
0,810,-4.046964,0.019416,-1.513706,-0.009479,0.031061,17.812521,0.199689,0.249159,0.249159,0.000000,,0,0,0,1,1,0,-0.004149,-0.136546,0.7292,0.4824,0.2572,2,ok
0,811,-4.045993,-0.004539,-1.504992,-0.009138,0.039775,17.834894,0.199782,0.026403,0.099159,0.072756,C-06,0,0,0,1,1,0,-0.007210,-0.131401,0.7708,0.5851,0.2596,2,ok
0,812,-4.044433,-0.028487,-1.505753,-0.008876,0.012939,17.860250,0.200010,-0.014207,-0.014207,0.000000,,0,0,0,1,1,0,-0.005079,-0.129479,0.7083,0.5213,0.2634,2,ok
0,813,-4.043117,-0.048448,-1.512031,-0.008609,0.006661,17.880253,0.200084,-0.100160,-0.100160,0.000000,,0,0,0,1,1,0,-0.008875,-0.138055,0.7083,0.6230,0.2612,2,ok
0,814,-4.041624,-0.072409,-1.514369,-0.008799,-0.020548,17.904029,0.200055,-0.023489,-0.023489,0.000000,,0,0,0,1,1,0,-0.008863,-0.156305,0.6250,0.5731,0.2673,2,ok
0,815,-4.040465,-0.092373,-1.506660,-0.009224,-0.012840,17.924022,0.199928,0.183240,0.126511,-0.056729,C-06,0,0,0,1,1,0,-0.012338,-0.167216,0.7292,0.6381,0.2634,2,ok
0,816,-4.039081,-0.116306,-1.485229,-0.009890,-0.016390,17.947762,0.199619,0.500610,0.276511,-0.224100,C-06,0,0,0,1,1,0,-0.011761,-0.169075,0.7708,0.5928,0.2643,2,ok
0,817,-4.037927,-0.136208,-1.457860,-0.010779,0.010979,17.967677,0.199095,0.465754,0.426511,-0.039244,C-06,0,0,0,1,1,0,-0.011004,-0.159744,0.7500,0.5911,0.2638,2,ok
0,818,-4.036198,-0.160021,-1.434879,-0.011496,0.033960,17.991542,0.198879,0.285060,0.285060,0.000000,,0,0,0,1,1,0,-0.012265,-0.146839,0.7708,0.6590,0.2594,2,ok
0,819,-4.034209,-0.179815,-1.419002,-0.011918,0.025378,18.011179,0.198886,0.244945,0.244945,0.000000,,0,0,0,1,1,0,-0.007144,-0.129286,0.7292,0.5705,0.2632,2,ok
0,820,-4.030982,-0.203520,-1.409458,-0.011656,0.034923,18.035101,0.199397,0.115685,0.115685,0.000000,,0,0,0,1,1,0,-0.008406,-0.137729,0.7500,0.6291,0.2611,2,ok
0,821,-4.027386,-0.227196,-1.403325,-0.011336,0.017422,18.058740,0.199567,0.078874,0.078874,0.000000,,0,0,0,1,1,0,-0.009262,-0.135692,0.7292,0.6654,0.2599,2,ok
0,822,-4.024112,-0.246913,-1.401915,-0.011069,0.018831,18.078726,0.199901,0.017270,0.017270,0.000000,,0,0,0,1,1,0,-0.009262,-0.135692,0.7292,0.6654,0.2599,2,ok
0,823,-4.020081,-0.270588,-1.411135,-0.010651,0.009612,18.100428,0.200286,-0.138640,-0.132730,0.005910,C-06,0,0,0,1,1,0,-0.007493,-0.142073,0.6667,0.6257,0.2648,2,ok
0,824,-4.016899,-0.290334,-1.410712,-0.011002,-0.014544,18.122485,0.199971,0.083162,0.017270,-0.065893,C-06,0,0,0,1,1,0,-0.012279,-0.180277,0.6875,0.7251,0.2647,2,ok
0,825,-4.013097,-0.314005,-1.398630,-0.011374,-0.002461,18.146456,0.199594,0.479717,0.167270,-0.312447,C-06,0,0,0,1,1,0,-0.016976,-0.183295,0.7083,0.8219,0.2622,2,ok
0,826,-4.009929,-0.333677,-1.379528,-0.011967,-0.008306,18.166112,0.198933,0.677942,0.317270,-0.360672,C-06,0,0,0,1,1,0,-0.016399,-0.187211,0.7708,0.8046,0.2624,2,ok
0,827,-4.006127,-0.357161,-1.345786,-0.012844,0.025437,18.189885,0.197585,0.502226,0.467270,-0.034956,C-06,0,0,0,1,1,0,-0.015848,-0.176046,0.7708,0.8148,0.2636,2,ok
0,828,-4.002468,-0.376609,-1.325667,-0.013071,0.045555,18.206363,0.197899,0.319267,0.319267,0.000000,,0,0,0,1,1,0,-0.014405,-0.152981,0.7500,0.8535,0.2651,2,ok
0,829,-3.997683,-0.399795,-1.292777,-0.013676,0.053183,18.232975,0.196800,0.529181,0.469267,-0.059914,C-06,0,0,0,1,1,0,-0.014405,-0.152981,0.7500,0.8535,0.2651,2,ok
0,830,-3.991911,-0.422792,-1.269491,-0.013189,0.076468,18.256681,0.197640,0.295770,0.319267,0.023497,C-06,0,0,0,1,1,0,0.004507,-0.141589,0.6875,0.3687,0.2377,2,ok
0,831,-3.986347,-0.441858,-1.259016,-0.012425,0.060724,18.276218,0.198691,-0.087891,0.169267,0.257158,C-06,0,0,0,1,1,0,-0.006539,-0.134386,0.6875,0.8020,0.2673,2,ok
0,832,-3.979045,-0.464692,-1.257064,-0.010977,0.062676,18.300147,0.199846,-0.108322,0.019267,0.127589,C-06,0,0,0,1,1,0,-0.004341,-0.131234,0.6875,0.7856,0.2638,2,ok
0,833,-3.972875,-0.483725,-1.260635,-0.009895,0.030953,18.319836,0.200201,-0.069204,-0.069204,0.000000,,0,0,0,1,1,0,-0.003948,-0.148025,0.6667,0.8173,0.2617,2,ok
0,834,-3.965466,-0.506597,-1.265336,-0.009036,0.026252,18.343862,0.200472,-0.067359,-0.067359,0.000000,,0,0,0,1,1,0,-0.002811,-0.174484,0.6875,0.7872,0.2563,2,ok
0,835,-3.959440,-0.525661,-1.261185,-0.008463,0.030403,18.363847,0.199777,0.199785,0.082641,-0.117143,C-06,0,0,0,1,1,0,-0.003056,-0.191239,0.7292,0.7831,0.2552,2,ok
0,836,-3.952222,-0.548466,-1.245827,-0.008372,0.017217,18.387528,0.198893,0.252779,0.232641,-0.020138,C-06,0,0,0,1,1,0,-0.004093,-0.203155,0.7917,0.7918,0.2556,2,ok
0,837,-3.946207,-0.567353,-1.224736,-0.008323,0.038308,18.407350,0.197602,0.487405,0.382641,-0.104763,C-06,0,0,0,1,1,0,-0.000679,-0.209122,0.7500,0.7190,0.2590,2,ok
0,838,-3.938550,-0.589861,-1.208353,-0.008148,0.023674,18.430861,0.198168,0.230246,0.232641,0.002395,C-06,0,0,0,1,1,0,-0.000827,-0.199638,0.7708,0.7297,0.2577,2,ok
0,839,-3.930395,-0.612248,-1.196171,-0.007882,0.035856,18.454687,0.198588,0.177855,0.177855,0.000000,,0,0,0,1,1,0,0.000028,-0.204488,0.7500,0.6939,0.2564,2,ok
0,840,-3.923139,-0.630851,-1.193946,-0.007209,0.038081,18.474156,0.199775,-0.029010,0.027855,0.056866,C-06,0,0,0,1,1,0,-0.000054,-0.209331,0.7292,0.6955,0.2580,2,ok
0,841,-3.914309,-0.653191,-1.199966,-0.007021,-0.001922,18.498447,0.200397,-0.099027,-0.099027,0.000000,,0,0,0,1,1,0,-0.000747,-0.216251,0.7292,0.6863,0.2582,2,ok
0,842,-3.907056,-0.671826,-1.197807,-0.006959,0.000238,18.518444,0.199852,0.311718,0.050973,-0.260745,C-06,0,0,0,1,1,0,-0.004247,-0.237627,0.6875,0.6981,0.2586,2,ok
0,843,-3.898309,-0.694123,-1.185190,-0.007334,-0.023536,18.542140,0.199188,0.332691,0.200973,-0.131719,C-06,0,0,0,1,1,0,-0.003685,-0.248552,0.6875,0.6699,0.2547,2,ok
0,844,-3.891017,-0.712594,-1.168838,-0.007893,-0.007184,18.561991,0.198045,0.304372,0.304372,0.000000,,0,0,0,1,1,0,-0.006742,-0.255953,0.6875,0.6665,0.2567,2,ok
0,845,-3.882169,-0.734546,-1.139929,-0.008392,0.021725,18.582993,0.196612,0.546572,0.454372,-0.092200,C-06,0,0,0,1,1,0,-0.006330,-0.251618,0.7500,0.6318,0.2547,2,ok
0,846,-3.874450,-0.752609,-1.113796,-0.009354,0.008521,18.604912,0.196455,0.492849,0.492849,0.000000,,0,0,0,1,1,0,-0.005058,-0.238586,0.7292,0.5931,0.2555,2,ok
0,847,-3.864532,-0.773958,-1.078665,-0.009651,0.043653,18.628450,0.196229,0.564371,0.564371,0.000000,,0,0,0,1,1,0,-0.005954,-0.221258,0.7500,0.6180,0.2643,2,ok
0,848,-3.853624,-0.794953,-1.051873,-0.009453,0.029201,18.651728,0.197337,0.427057,0.427057,0.000000,,0,0,0,1,1,0,-0.003838,-0.206819,0.7708,0.5803,0.2644,2,ok
0,849,-3.844062,-0.812204,-1.028352,-0.009092,0.052722,18.671448,0.197319,0.470155,0.470155,0.000000,,0,0,0,1,1,0,-0.002161,-0.197877,0.7292,0.5430,0.2638,2,ok
0,850,-3.831885,-0.832635,-1.008851,-0.007912,0.072223,18.693702,0.198328,0.210627,0.320155,0.109529,C-06,0,0,0,1,1,0,0.007053,-0.182299,0.6875,0.2606,0.2460,2,ok
0,851,-3.821324,-0.849509,-0.999944,-0.007488,0.039757,18.714731,0.199152,0.160789,0.170155,0.009366,C-06,0,0,0,1,1,0,-0.001560,-0.167082,0.6875,0.5657,0.2658,2,ok
0,852,-3.808366,-0.869690,-0.998241,-0.006626,0.041460,18.738698,0.199901,-0.182538,0.020155,0.202693,C-06,0,0,0,1,1,0,-0.002742,-0.162704,0.6667,0.6031,0.2635,2,ok
0,853,-3.797530,-0.886529,-1.004088,-0.006264,-0.003377,18.758469,0.200505,-0.257685,-0.129845,0.127840,C-06,0,0,0,1,1,0,-0.003370,-0.171531,0.6458,0.6099,0.2619,2,ok
0,854,-3.784643,-0.906777,-1.003492,-0.006444,-0.002781,18.782469,0.199925,0.163284,0.020155,-0.143129,C-06,0,0,0,1,1,0,-0.006780,-0.186558,0.6667,0.6491,0.2650,2,ok
0,855,-3.773896,-0.923605,-0.995753,-0.006563,0.004958,18.802437,0.199344,0.535019,0.170155,-0.364864,C-06,0,0,0,1,1,0,-0.009649,-0.201269,0.7708,0.6745,0.2635,2,ok
0,856,-3.760837,-0.943630,-0.977627,-0.007305,-0.014410,18.826090,0.198622,0.530233,0.320155,-0.210078,C-06,0,0,0,1,1,0,-0.008441,-0.206662,0.7292,0.6246,0.2629,2,ok
0,857,-3.747520,-0.963391,-0.956747,-0.007734,0.006470,18.849915,0.198679,0.365294,0.365294,0.000000,,0,0,0,1,1,0,-0.007345,-0.205501,0.7292,0.6014,0.2586,2,ok
0,858,-3.736066,-0.979624,-0.936903,-0.008034,-0.008522,18.869536,0.198765,0.424269,0.424269,0.000000,,0,0,0,1,1,0,-0.006667,-0.200136,0.7083,0.5864,0.2591,2,ok
0,859,-3.721830,-0.998790,-0.912948,-0.008119,0.015433,18.893411,0.199149,0.428698,0.428698,0.000000,,0,0,0,1,1,0,0.002953,-0.195562,0.7083,0.2803,0.2422,2,ok
0,860,-3.709572,-1.014532,-0.899562,-0.007735,0.028819,18.911988,0.199604,-0.049782,0.278698,0.328481,C-06,0,0,0,1,1,0,-0.004372,-0.183944,0.6875,0.5666,0.2620,2,ok
0,861,-3.694604,-1.033265,-0.892028,-0.007804,0.004153,18.937082,0.199861,0.068829,0.128698,0.059869,C-06,0,0,0,1,1,0,-0.004925,-0.173258,0.6667,0.5802,0.2616,2,ok
0,862,-3.682023,-1.048799,-0.886687,-0.007696,0.009493,18.957071,0.199901,0.116648,0.116648,0.000000,,0,0,0,1,1,0,-0.004287,-0.177776,0.6875,0.5588,0.2623,2,ok
0,863,-3.666755,-1.067297,-0.872806,-0.007845,-0.007816,18.980797,0.199934,0.486915,0.266648,-0.220267,C-06,0,0,0,1,1,0,-0.003851,-0.195725,0.6667,0.5388,0.2625,2,ok
0,864,-3.653770,-1.082523,-0.854622,-0.007903,0.010367,19.000808,0.200325,0.664027,0.416648,-0.247379,C-06,0,0,0,1,1,0,-0.004915,-0.194622,0.7083,0.5547,0.2612,2,ok
0,865,-3.637859,-1.100558,-0.837533,-0.007698,-0.003255,19.024656,0.200562,0.303943,0.303943,0.000000,,0,0,0,1,1,0,-0.004831,-0.183875,0.7708,0.5692,0.2641,2,ok
0,866,-3.621696,-1.118370,-0.826628,-0.007660,0.007650,19.048708,0.200472,0.188262,0.188262,0.000000,,0,0,0,1,1,0,-0.002945,-0.177669,0.7292,0.5269,0.2643,2,ok
0,867,-3.608076,-1.133080,-0.816472,-0.007427,0.017806,19.068754,0.200417,0.219325,0.219325,0.000000,,0,0,0,1,1,0,-0.004764,-0.171837,0.7500,0.5700,0.2595,2,ok
0,868,-3.591525,-1.150517,-0.803042,-0.007458,0.001036,19.092562,0.200257,0.237098,0.237098,0.000000,,0,0,0,1,1,0,-0.005505,-0.168607,0.7292,0.5835,0.2620,2,ok
0,869,-3.577521,-1.164817,-0.786509,-0.007298,0.017569,19.112577,0.200042,0.351182,0.351182,0.000000,,0,0,0,1,1,0,0.003477,-0.171695,0.6875,0.2964,0.2432,2,ok
0,870,-3.560473,-1.181700,-0.774348,-0.007007,0.000965,19.136364,0.199876,-0.023208,0.201182,0.224391,C-06,0,0,0,1,1,0,-0.005188,-0.170126,0.7292,0.6133,0.2654,2,ok
0,871,-3.546158,-1.195661,-0.771391,-0.006967,0.003922,19.156359,0.199958,-0.250883,0.051182,0.302066,C-06,0,0,0,1,1,0,-0.004886,-0.168112,0.7083,0.6196,0.2672,2,ok
0,872,-3.528983,-1.212434,-0.776716,-0.006937,-0.001402,19.180366,0.200052,-0.169693,-0.098818,0.070875,C-06,0,0,0,1,1,0,-0.004563,-0.172361,0.7083,0.6236,0.2655,2,ok
0,873,-3.514711,-1.226442,-0.774764,-0.007552,-0.028508,19.200143,0.199969,0.611507,0.051182,-0.560325,C-06,0,0,0,1,1,0,-0.006826,-0.203089,0.7083,0.6151,0.2589,2,ok
0,874,-3.497501,-1.243139,-0.763603,-0.008170,-0.017348,19.224114,0.199746,0.590416,0.201182,-0.389234,C-06,0,0,0,1,1,0,-0.007578,-0.208953,0.7292,0.5954,0.2580,2,ok
0,875,-3.480104,-1.259573,-0.744282,-0.008827,-0.026809,19.247814,0.199146,0.402297,0.351182,-0.051115,C-06,0,0,0,1,1,0,-0.009159,-0.210554,0.7708,0.6207,0.2615,2,ok
0,876,-3.465384,-1.273025,-0.731781,-0.009276,-0.014309,19.267750,0.199534,0.253163,0.253163,0.000000,,0,0,0,1,1,0,-0.008911,-0.203877,0.7500,0.6102,0.2598,2,ok
0,877,-3.447421,-1.288877,-0.710701,-0.009500,-0.022410,19.291444,0.199780,0.392788,0.392788,0.000000,,0,0,0,1,1,0,-0.009674,-0.200447,0.7292,0.6351,0.2597,2,ok
0,878,-3.432130,-1.301776,-0.688678,-0.009710,-0.000387,19.311449,0.200291,0.498935,0.498935,0.000000,,0,0,0,1,1,0,0.001093,-0.199112,0.7083,0.3055,0.2405,2,ok
0,879,-3.413450,-1.316917,-0.669130,-0.009492,0.019161,19.335494,0.200505,0.093702,0.348935,0.255233,C-06,0,0,0,1,1,0,-0.008353,-0.189066,0.7292,0.6473,0.2612,2,ok
0,880,-3.397700,-1.329301,-0.659417,-0.009436,0.000570,19.355244,0.200371,-0.002293,0.198935,0.201228,C-06,0,0,0,1,1,0,-0.008182,-0.180327,0.7292,0.6572,0.2625,2,ok
0,881,-3.378690,-1.343989,-0.654154,-0.009387,0.005834,19.379267,0.200182,0.087322,0.087322,0.000000,,0,0,0,1,1,0,-0.008551,-0.177925,0.6667,0.6832,0.2634,2,ok
0,882,-3.362759,-1.356144,-0.643619,-0.009348,-0.013021,19.399018,0.200592,0.559166,0.237322,-0.321844,C-06,0,0,0,1,1,0,-0.011514,-0.191459,0.6667,0.7341,0.2657,2,ok
0,883,-3.343414,-1.370515,-0.622355,-0.009589,0.008243,19.423114,0.201276,0.746552,0.387322,-0.359230,C-06,0,0,0,1,1,0,-0.009762,-0.191043,0.6667,0.6866,0.2672,2,ok
0,884,-3.323711,-1.384538,-0.592039,-0.009338,0.038559,19.447297,0.202340,0.607938,0.537322,-0.070616,C-06,0,0,0,1,1,0,-0.008014,-0.185220,0.6667,0.6672,0.2620,2,ok
0,885,-3.307006,-1.395873,-0.572565,-0.009162,0.028142,19.467243,0.201926,0.360834,0.387322,0.026488,C-06,0,0,0,1,1,0,-0.007143,-0.180524,0.7292,0.6601,0.2638,2,ok
0,886,-3.286738,-1.409011,-0.558073,-0.008489,0.042634,19.491387,0.201279,0.147490,0.237322,0.089832,C-06,0,0,0,1,1,0,-0.006677,-0.156818,0.7292,0.7382,0.2676,2,ok
0,887,-3.269744,-1.419658,-0.553216,-0.007905,0.018373,19.511173,0.200481,-0.044939,0.087322,0.132261,C-06,0,0,0,1,1,0,-0.006170,-0.158216,0.7292,0.7727,0.2694,2,ok
0,888,-3.249244,-1.432269,-0.539650,-0.007435,0.031939,19.535238,0.201113,0.256739,0.237322,-0.019417,C-06,0,0,0,1,1,0,-0.001510,-0.159521,0.6667,0.6455,0.2603,2,ok
0,889,-3.231995,-1.442650,-0.520793,-0.006846,0.050796,19.555361,0.202024,0.478197,0.387322,-0.090874,C-06,0,0,0,1,1,0,-0.004729,-0.161324,0.6667,0.7594,0.2656,2,ok
0,890,-3.211084,-1.454816,-0.505636,-0.006481,0.035873,19.579344,0.201590,0.057753,0.237322,0.179569,C-06,0,0,0,1,1,0,-0.007385,-0.149365,0.6667,0.8755,0.2672,2,ok
0,891,-3.193560,-1.464591,-0.500607,-0.005841,0.040902,19.599400,0.200590,-0.293230,0.087322,0.380552,C-06,0,0,0,1,1,0,-0.004164,-0.161353,0.6042,0.8337,0.2666,2,ok
0,892,-3.172521,-1.476124,-0.503919,-0.005256,0.006906,19.623240,0.199756,-0.282737,-0.062678,0.220059,C-06,0,0,0,1,1,0,0.026912,-0.199242,0.5417,0.3890,0.2014,2,ok
0,893,-3.151532,-1.487655,-0.508654,-0.004970,0.002170,19.647187,0.199489,-0.078084,-0.078084,0.000000,,0,0,0,1,1,0,0.022596,-0.203972,0.5833,0.3933,0.2067,2,ok
0,894,-3.134065,-1.497392,-0.508737,-0.004981,-0.028619,19.667008,0.200012,0.003276,0.003276,0.000000,,0,0,0,1,1,0,-0.006166,-0.221953,0.6458,0.9079,0.2596,2,ok
0,895,-3.113055,-1.509082,-0.499720,-0.005683,-0.019602,19.691041,0.200724,0.640272,0.153276,-0.486996,C-06,0,0,0,1,1,0,0.013788,-0.228731,0.6458,0.4190,0.2160,2,ok
0,896,-3.095433,-1.518721,-0.484666,-0.006124,-0.004547,19.711122,0.201405,0.574937,0.303276,-0.271661,C-06,0,0,0,1,1,0,-0.002345,-0.238146,0.7292,0.7571,0.2555,2,ok
0,897,-3.074049,-1.530200,-0.456809,-0.006978,-0.008942,19.735195,0.203271,0.559639,0.453276,-0.106363,C-06,0,0,0,1,1,0,-0.004106,-0.234486,0.7500,0.7794,0.2550,2,ok
0,898,-3.055994,-1.539623,-0.432070,-0.007619,0.015797,19.755551,0.203754,0.465028,0.465028,0.000000,,0,0,0,1,1,0,-0.002410,-0.243664,0.7292,0.7430,0.2541,2,ok
0,899,-3.034093,-1.550190,-0.411007,-0.007883,0.003949,19.779619,0.202584,0.289122,0.315028,0.025906,C-06,0,0,0,1,1,0,-0.000756,-0.239362,0.7500,0.7129,0.2543,2,ok
0,900,-3.015719,-1.558445,-0.401403,-0.007979,0.013553,19.799762,0.201346,0.148218,0.165028,0.016810,C-06,0,0,0,1,1,0,0.001511,-0.227287,0.7083,0.6569,0.2569,2,ok
0,901,-2.993558,-1.568187,-0.386059,-0.007900,0.028898,19.823970,0.201966,0.236207,0.236207,0.000000,,0,0,0,1,1,0,0.003658,-0.234353,0.6667,0.5927,0.2553,2,ok
0,902,-2.971218,-1.577716,-0.361159,-0.008401,0.020967,19.847952,0.203151,0.382240,0.382240,0.000000,,0,0,0,1,1,0,0.005858,-0.247470,0.6875,0.5305,0.2528,2,ok
0,903,-2.952410,-1.585566,-0.331604,-0.008725,0.050522,19.868330,0.204628,0.654237,0.532240,-0.121997,C-06,0,0,0,1,1,0,0.000797,-0.232628,0.7083,0.6163,0.2622,2,ok
0,904,-2.929613,-1.594277,-0.304531,-0.008745,0.040712,19.892477,0.203273,0.370232,0.382240,0.012007,C-06,0,0,0,1,1,0,0.004071,-0.219276,0.7917,0.5427,0.2637,2,ok
0,905,-2.910477,-1.600984,-0.285225,-0.008488,0.060019,19.912753,0.202724,0.325739,0.325739,0.000000,,0,0,0,1,1,0,0.004115,-0.191285,0.7500,0.5366,0.2627,2,ok
0,906,-2.887373,-1.608555,-0.262703,-0.007859,0.042472,19.936777,0.202576,0.315888,0.315888,0.000000,,0,0,0,1,1,0,0.005809,-0.187341,0.7292,0.4929,0.2621,2,ok
0,907,-2.868031,-1.614162,-0.252102,-0.007209,0.053073,19.956905,0.201283,0.099036,0.165888,0.066852,C-06,0,0,0,1,1,0,0.005275,-0.172111,0.7292,0.5020,0.2642,2,ok
0,908,-2.844728,-1.620674,-0.230025,-0.006196,0.075150,19.981079,0.202097,0.357789,0.315888,-0.041901,C-06,0,0,0,1,1,0,0.005877,-0.177380,0.7292,0.4559,0.2607,2,ok
0,909,-2.825230,-1.625669,-0.219205,-0.005355,0.045192,0.008780,0.201202,-0.032298,0.165888,0.198186,C-06,0,0,0,1,1,0,0.007835,-0.169588,0.7083,0.3872,0.2587,2,ok
0,910,-2.801799,-1.630945,-0.217663,-0.004308,0.046734,0.032775,0.200109,-0.242647,0.015888,0.258535,C-06,0,0,0,1,1,0,0.012926,-0.167044,0.6667,0.2058,0.2500,2,ok
0,911,-2.778388,-1.636129,-0.226856,-0.003350,-0.005180,0.056570,0.199622,-0.231386,-0.134112,0.097274,C-06,0,0,0,1,1,0,0.007511,-0.174217,0.6458,0.3347,0.2602,2,ok
0,912,-2.758900,-1.640626,-0.226351,-0.003543,-0.004675,0.076569,0.200036,0.053317,0.015888,-0.037429,C-06,0,0,0,1,1,0,0.005817,-0.198241,0.6458,0.3124,0.2597,2,ok
0,913,-2.735483,-1.646014,-0.214765,-0.003761,0.006911,0.100596,0.200474,0.445614,0.165888,-0.279726,C-06,0,0,0,1,1,0,0.001470,-0.206106,0.6875,0.3701,0.2584,2,ok
0,914,-2.715906,-1.650504,-0.196125,-0.004419,-0.016988,0.120508,0.201197,0.578908,0.315888,-0.263020,C-06,0,0,0,1,1,0,0.000954,-0.206784,0.7500,0.3053,0.2634,2,ok
0,915,-2.692293,-1.655892,-0.161771,-0.005599,0.017365,0.144699,0.202379,0.569613,0.465888,-0.103725,C-06,0,0,0,1,1,0,0.000389,-0.194210,0.7500,0.2774,0.2639,2,ok
0,916,-2.672511,-1.660335,-0.132899,-0.006517,0.046237,0.163706,0.202800,0.448134,0.448134,0.000000,,0,0,0,1,1,0,0.000716,-0.174722,0.7292,0.2766,0.2660,2,ok
0,917,-2.648669,-1.665191,-0.095223,-0.008136,0.045130,0.188975,0.202577,0.479844,0.479844,0.000000,,0,0,0,1,1,0,0.001418,-0.145145,0.7292,0.2436,0.2638,2,ok
0,918,-2.628740,-1.668180,-0.072360,-0.008391,0.067994,0.209127,0.201360,0.118192,0.329844,0.211652,C-06,0,0,0,1,1,0,0.002565,-0.125256,0.7500,0.2203,0.2632,2,ok
0,919,-2.604789,-1.670622,-0.056975,-0.008071,0.049401,0.232917,0.200541,-0.058071,0.179844,0.237915,C-06,0,0,0,1,1,0,0.004120,-0.097667,0.7083,0.2102,0.2602,2,ok
0,920,-2.580821,-1.672569,-0.044564,-0.007575,0.061812,0.256959,0.200364,0.149400,0.149400,0.000000,,0,0,0,1,1,0,0.005554,-0.092586,0.7292,0.1701,0.2633,2,ok
0,921,-2.560836,-1.673999,-0.033520,-0.007105,0.042286,0.276771,0.200333,0.160752,0.160752,0.000000,,0,0,0,1,1,0,0.005672,-0.086032,0.6667,0.1743,0.2678,2,ok
0,922,-2.536847,-1.675133,-0.026474,-0.006531,0.049332,0.300780,0.200115,0.079851,0.079851,0.000000,,0,0,0,1,1,0,0.006079,-0.077095,0.6458,0.1521,0.2674,2,ok
0,923,-2.516853,-1.675881,-0.022045,-0.005855,0.053761,0.320777,0.200074,0.062188,0.062188,0.000000,,0,0,0,1,1,0,0.005278,-0.073441,0.6667,0.1684,0.2668,2,ok
0,924,-2.492857,-1.676613,-0.017778,-0.005331,0.031556,0.344641,0.200049,0.050216,0.050216,0.000000,,0,0,0,1,1,0,0.005637,-0.070097,0.7292,0.1360,0.2668,2,ok
0,925,-2.472859,-1.677174,-0.008475,-0.004947,0.040859,0.364644,0.200070,0.139794,0.139794,0.000000,,0,0,0,1,1,0,0.005054,-0.069133,0.7292,0.1345,0.2704,2,ok
0,926,-2.448860,-1.677672,-0.001974,-0.004551,0.024330,0.388532,0.200031,0.072883,0.072883,0.000000,,0,0,0,1,1,0,0.003677,-0.064656,0.7083,0.1801,0.2708,2,ok
0,927,-2.428860,-1.677986,0.003560,-0.004410,0.029865,0.408534,0.200017,0.078593,0.078593,0.000000,,0,0,0,1,1,0,0.007277,-0.064325,0.7500,0.0705,0.2672,2,ok
0,928,-2.404860,-1.677915,-0.001668,-0.003793,0.024636,0.431499,0.200001,-0.086759,-0.071407,0.015351,C-06,0,0,0,1,1,0,0.007477,-0.064218,0.7292,0.0568,0.2628,2,ok
0,929,-2.380860,-1.677820,-0.013490,-0.003625,-0.007209,0.456452,0.199985,-0.145291,-0.145291,0.000000,,0,0,0,1,1,0,0.006264,-0.068049,0.7292,0.0532,0.2640,2,ok
0,930,-2.360862,-1.678075,-0.014110,-0.003803,-0.007830,0.476451,0.200001,0.122880,0.004709,-0.118171,C-06,0,0,0,1,1,0,0.003734,-0.076543,0.6667,0.0663,0.2651,2,ok
0,931,-2.336864,-1.678420,-0.006600,-0.004344,-0.017915,0.500378,0.200016,0.094284,0.094284,0.000000,,0,0,0,1,1,0,0.001996,-0.080840,0.6458,0.0472,0.2693,2,ok
0,932,-2.316864,-1.678708,0.000385,-0.004901,-0.010930,0.520372,0.200021,0.099212,0.099212,0.000000,,0,0,0,1,1,0,0.002070,-0.080063,0.6875,0.0155,0.2648,2,ok
0,933,-2.292864,-1.679053,0.009800,-0.005701,-0.016646,0.544278,0.200011,0.111951,0.111951,0.000000,,0,0,0,1,1,0,0.000801,-0.077078,0.7292,0.0422,0.2709,2,ok
0,934,-2.272867,-1.679313,0.019989,-0.006539,-0.006458,0.564260,0.199975,0.147965,0.147965,0.000000,,0,0,0,1,1,0,0.001617,-0.072437,0.7292,-0.0075,0.2690,2,ok
0,935,-2.248875,-1.679399,0.031905,-0.007320,0.005459,0.587626,0.199902,0.142388,0.142388,0.000000,,0,0,0,1,1,0,0.001770,-0.069477,0.7500,-0.0232,0.2681,2,ok
0,936,-2.228888,-1.679153,0.039883,-0.007895,0.000897,0.608133,0.199871,0.113723,0.113723,0.000000,,0,0,0,1,1,0,0.000184,-0.048546,0.7292,-0.0027,0.2700,2,ok
0,937,-2.204909,-1.678363,0.043512,-0.008083,0.004526,0.632124,0.199937,0.039588,0.039588,0.000000,,0,0,0,1,1,0,0.000669,-0.040799,0.6875,-0.0314,0.2686,2,ok
0,938,-2.180931,-1.677363,0.041440,-0.008265,-0.008272,0.656024,0.200004,-0.029290,-0.029290,0.000000,,0,0,0,1,1,0,0.000279,-0.039643,0.7083,-0.0481,0.2657,2,ok
0,939,-2.160950,-1.676536,0.046417,-0.008496,-0.003295,0.676021,0.199958,0.081602,0.081602,0.000000,,0,0,0,1,1,0,-0.000056,-0.037227,0.6458,-0.0675,0.2660,2,ok
0,940,-2.136981,-1.675545,0.056194,-0.008832,-0.001962,0.699956,0.199860,0.121924,0.121924,0.000000,,0,0,0,1,1,0,-0.000048,-0.035373,0.6875,-0.0992,0.2671,2,ok
0,941,-2.117016,-1.674625,0.060688,-0.009088,0.002532,0.719941,0.199867,0.061770,0.061770,0.000000,,0,0,0,1,1,0,0.001109,-0.022547,0.7083,-0.1389,0.2681,2,ok
0,942,-2.093057,-1.673184,0.056475,-0.009060,-0.001681,0.741228,0.200048,-0.059297,-0.059297,0.000000,,0,0,0,1,1,0,0.000458,-0.016886,0.7708,-0.1194,0.2688,2,ok
0,943,-2.073091,-1.672054,0.059769,-0.009293,-0.005681,0.763865,0.199961,0.058609,0.058609,0.000000,,0,0,0,1,1,0,-0.000153,-0.016518,0.7917,-0.1356,0.2710,2,ok
0,944,-2.049138,-1.670707,0.066060,-0.009555,0.000610,0.787854,0.199883,0.078422,0.078422,0.000000,,0,0,0,1,1,0,-0.000254,-0.013655,0.7917,-0.1609,0.2694,2,ok
0,945,-2.029183,-1.669507,0.068673,-0.009759,-0.001768,0.807805,0.199907,0.036484,0.036484,0.000000,,0,0,0,1,1,0,0.001391,-0.003683,0.7708,-0.2153,0.2693,2,ok
0,946,-2.005242,-1.667985,0.071376,-0.009944,0.000936,0.831794,0.199912,0.033167,0.033167,0.000000,,0,0,0,1,1,0,0.001742,0.001848,0.7292,-0.2391,0.2687,2,ok
0,947,-1.981297,-1.666296,0.062752,-0.010042,-0.011513,0.855738,0.200101,-0.184457,-0.116833,0.067624,C-06,0,0,0,1,1,0,0.002374,0.003878,0.7500,-0.2625,0.2676,2,ok
0,948,-1.961327,-1.664881,0.045968,-0.010172,-0.028297,0.875757,0.200280,-0.261815,-0.261815,0.000000,,0,0,0,1,1,0,0.000529,0.001802,0.7083,-0.2550,0.2677,2,ok
0,949,-1.937347,-1.663359,0.035777,-0.010508,-0.040732,0.899777,0.200217,0.015753,-0.111815,-0.127568,C-06,0,0,0,1,1,0,-0.000469,-0.009098,0.7083,-0.2693,0.2640,2,ok
0,950,-1.917360,-1.662611,0.037553,-0.011317,-0.038956,0.919761,0.199987,0.132881,0.038185,-0.094696,C-06,0,0,0,1,1,0,-0.002849,-0.024014,0.7292,-0.2917,0.2593,2,ok
0,951,-1.893382,-1.661757,0.048623,-0.012330,-0.027886,0.943273,0.199895,0.142224,0.142224,0.000000,,0,0,0,1,1,0,-0.005178,-0.021020,0.7708,-0.2682,0.2628,2,ok
0,952,-1.873409,-1.661044,0.055113,-0.013175,-0.021682,0.963699,0.199833,0.091325,0.091325,0.000000,,0,0,0,1,1,0,-0.006201,-0.013523,0.7917,-0.2534,0.2616,2,ok
0,953,-1.849451,-1.660042,0.061989,-0.014043,-0.014806,0.987663,0.199823,0.083687,0.083687,0.000000,,0,0,0,1,1,0,-0.006969,0.004161,0.7917,-0.2385,0.2618,2,ok
0,954,-1.829494,-1.659126,0.069676,-0.014690,-0.006253,1.007626,0.199737,0.115768,0.115768,0.000000,,0,0,0,1,1,0,-0.010167,0.017640,0.7708,-0.1630,0.2646,2,ok
0,955,-1.805555,-1.657629,0.073489,-0.015070,-0.002440,1.031608,0.199881,0.044073,0.044073,0.000000,,0,0,0,1,1,0,-0.010304,0.036149,0.7500,-0.1567,0.2646,2,ok
0,956,-1.781618,-1.655901,0.070411,-0.015149,-0.002535,1.055694,0.200028,-0.044242,-0.044242,0.000000,,0,0,0,1,1,0,-0.010304,0.036149,0.7500,-0.1567,0.2646,2,ok
0,957,-1.761660,-1.654451,0.058259,-0.015150,-0.014686,1.075704,0.200178,-0.305062,-0.194242,0.110820,C-06,0,0,0,1,1,0,-0.011950,0.054353,0.7083,-0.1018,0.2648,2,ok
0,958,-1.737688,-1.652711,0.036210,-0.015156,-0.032935,1.099735,0.200386,-0.273881,-0.273881,0.000000,,0,0,0,1,1,0,-0.012460,0.053796,0.7292,-0.0859,0.2659,2,ok
0,959,-1.717698,-1.651560,0.026869,-0.015463,-0.042275,1.119756,0.200205,0.132734,-0.123881,-0.256615,C-06,0,0,0,1,1,0,-0.015826,0.034422,0.7500,-0.0485,0.2687,2,ok
0,960,-1.693706,-1.650886,0.027610,-0.016539,-0.041534,1.142240,0.199993,0.018540,0.018540,0.000000,,0,0,0,1,1,0,-0.017233,0.026878,0.7708,-0.0231,0.2671,2,ok
0,961,-1.673715,-1.650360,0.030991,-0.017255,-0.032319,1.163883,0.199974,0.051019,0.051019,0.000000,,0,0,0,1,1,0,-0.016520,0.024257,0.7917,-0.0323,0.2677,2,ok
0,962,-1.649728,-1.649728,0.034225,-0.018133,-0.029086,1.187862,0.199953,0.038166,0.038166,0.000000,,0,0,0,1,1,0,-0.014966,0.026851,0.7917,-0.0427,0.2671,2,ok
0,963,-1.629742,-1.649196,0.042576,-0.018795,-0.014062,1.207916,0.199894,0.129337,0.129337,0.000000,,0,0,0,1,1,0,-0.014156,0.031977,0.7708,-0.0381,0.2662,2,ok
0,964,-1.605767,-1.648383,0.047222,-0.019396,-0.009416,1.231898,0.199910,0.053829,0.053829,0.000000,,0,0,0,1,1,0,-0.012758,0.039510,0.7292,-0.0307,0.2669,2,ok
0,965,-1.581790,-1.647267,0.040132,-0.019545,-0.006472,1.256092,0.200058,-0.166117,-0.096171,0.069946,C-06,0,0,0,1,1,0,-0.011217,0.042815,0.7292,-0.0373,0.2682,2,ok
0,966,-1.561801,-1.646324,0.024125,-0.019586,-0.022479,1.276103,0.200159,-0.307933,-0.246171,0.061762,C-06,0,0,0,1,1,0,-0.010792,0.040549,0.7083,-0.0378,0.2664,2,ok
0,967,-1.537806,-1.645369,0.015521,-0.019705,-0.020967,1.300312,0.200104,-0.052614,-0.096171,-0.043557,C-06,0,0,0,1,1,0,-0.011019,0.030183,0.7083,-0.0335,0.2661,2,ok
0,968,-1.517808,-1.645038,0.018603,-0.020158,-0.017885,1.320307,0.199990,0.130327,0.053829,-0.076498,C-06,0,0,0,1,1,0,-0.011064,0.015107,0.7083,-0.0518,0.2661,2,ok
0,969,-1.493812,-1.644590,0.014203,-0.020546,-0.010486,1.344642,0.200015,-0.059728,-0.059728,0.000000,,0,0,0,1,1,0,-0.010976,0.014541,0.7708,-0.0426,0.2671,2,ok
0,970,-1.473814,-1.644299,0.013803,-0.020710,-0.010886,1.364642,0.200001,-0.001631,-0.001631,0.000000,,0,0,0,1,1,0,-0.010976,0.014541,0.7708,-0.0426,0.2671,2,ok
0,971,-1.449817,-1.643960,0.019456,-0.020916,-0.005233,1.386432,0.199983,0.072092,0.072092,0.000000,,0,0,0,1,1,0,-0.010664,0.011515,0.7708,-0.0504,0.2657,2,ok
0,972,-1.429822,-1.643677,0.024239,-0.020856,0.009378,1.408854,0.199962,0.068390,0.068390,0.000000,,0,0,0,1,1,0,-0.009594,0.015739,0.7500,-0.0499,0.2662,2,ok
0,973,-1.405830,-1.643323,0.029436,-0.020798,0.014575,1.432848,0.199942,0.061921,0.061921,0.000000,,0,0,0,1,1,0,-0.008807,0.022834,0.7292,-0.0452,0.2664,2,ok
0,974,-1.381839,-1.642634,0.023033,-0.020134,0.016019,1.457097,0.200033,-0.152500,-0.088079,0.064420,C-06,0,0,0,1,1,0,-0.007927,0.026412,0.7500,-0.0455,0.2669,2,ok
0,975,-1.361842,-1.642043,0.007411,-0.019543,0.000397,1.477094,0.200080,-0.261913,-0.238079,0.023833,C-06,0,0,0,1,1,0,-0.007972,0.022425,0.7083,-0.0403,0.2677,2,ok
0,976,-1.337842,-1.641517,-0.000815,-0.019017,-0.003284,1.501094,0.200033,0.142304,-0.088079,-0.230384,C-06,0,0,0,1,1,0,-0.008470,0.013241,0.6667,-0.0476,0.2672,2,ok
0,977,-1.317842,-1.641515,0.002752,-0.019015,0.000283,1.521094,0.200000,0.091364,0.061921,-0.029443,C-06,0,0,0,1,1,0,-0.009336,-0.002624,0.7500,-0.0473,0.2653,2,ok
0,978,-1.293842,-1.641545,0.010649,-0.019045,0.010649,1.545093,0.199990,0.095357,0.095357,0.000000,,0,0,0,1,1,0,-0.009968,-0.002811,0.7500,-0.0352,0.2662,2,ok
0,979,-1.273844,-1.641530,0.014897,-0.019030,0.014897,1.565091,0.199979,0.057908,0.057908,0.000000,,0,0,0,1,1,0,-0.008908,0.006507,0.7708,-0.0335,0.2673,2,ok
0,980,-1.249848,-1.641460,0.023012,-0.018960,0.023012,1.589087,0.199950,0.098547,0.098547,0.000000,,0,0,0,1,1,0,-0.007913,0.009592,0.7708,-0.0448,0.2670,2,ok
0,981,-1.229855,-1.641235,0.027801,-0.018735,0.027801,1.609081,0.199943,0.066224,0.066224,0.000000,,0,0,0,1,1,0,-0.007315,0.017216,0.7708,-0.0403,0.2669,2,ok
0,982,-1.205864,-1.640585,0.025177,-0.018085,0.025177,1.633072,0.200013,-0.037869,-0.037869,0.000000,,0,0,0,1,1,0,-0.005744,0.024311,0.7292,-0.0450,0.2664,2,ok
0,983,-1.181868,-1.639917,0.010466,-0.017417,0.010466,1.657068,0.200065,-0.335124,-0.187869,0.147255,C-06,0,0,0,1,1,0,-0.005908,0.023179,0.7500,-0.0313,0.2675,2,ok
0,984,-1.161868,-1.639360,-0.011820,-0.016860,-0.011820,1.677067,0.200066,-0.330147,-0.330147,0.000000,,0,0,0,1,1,0,-0.006455,0.016154,0.7083,-0.0356,0.2672,2,ok
0,985,-1.137873,-1.638939,-0.027788,-0.016439,-0.027788,1.701062,0.199937,-0.051599,-0.180147,-0.128548,C-06,0,0,0,1,1,0,-0.006884,0.008449,0.7083,-0.0388,0.2670,2,ok
0,986,-1.117882,-1.639371,-0.030409,-0.016871,-0.030409,1.721053,0.199966,0.195497,-0.030147,-0.225644,C-06,0,0,0,1,1,0,-0.010255,-0.027229,0.7292,-0.0434,0.2667,2,ok
0,987,-1.093890,-1.640058,-0.021310,-0.017558,-0.021310,1.745045,0.200036,0.207295,0.119853,-0.087441,C-06,0,0,0,1,1,0,-0.011632,-0.031730,0.7917,-0.0283,0.2674,2,ok
0,988,-1.073893,-1.640637,-0.012584,-0.018137,-0.012584,1.765042,0.200067,0.125041,0.125041,0.000000,,0,0,0,1,1,0,-0.011142,-0.027552,0.7708,-0.0382,0.2673,2,ok
0,989,-1.049894,-1.641331,0.002998,-0.018831,0.002998,1.789042,0.200083,0.188661,0.188661,0.000000,,0,0,0,1,1,0,-0.011492,-0.017567,0.7500,-0.0152,0.2681,2,ok
0,990,-1.029894,-1.641618,0.010287,-0.019118,0.010287,1.809041,0.200001,0.095880,0.095880,0.000000,,0,0,0,1,1,0,-0.009428,-0.003862,0.7500,-0.0352,0.2663,2,ok
0,991,-1.005895,-1.641395,0.006616,-0.018895,0.006616,1.833040,0.200007,-0.074799,-0.054120,0.020679,C-06,0,0,0,1,1,0,-0.009642,0.007697,0.7292,-0.0075,0.2681,2,ok
0,992,-0.981896,-1.641139,-0.001895,-0.018639,-0.001895,1.857040,0.200011,-0.103417,-0.103417,0.000000,,0,0,0,1,1,0,-0.008507,0.005811,0.7500,-0.0463,0.2663,2,ok
0,993,-0.961896,-1.641136,-0.003118,-0.018636,-0.003118,1.877040,0.199999,-0.009783,-0.009783,0.000000,,0,0,0,1,1,0,-0.008507,0.005811,0.7500,-0.0463,0.2663,2,ok
0,994,-0.937896,-1.641161,0.007909,-0.018661,0.007909,1.901040,0.199995,0.142465,0.140217,-0.002249,C-06,0,0,0,1,1,0,-0.009189,-0.002691,0.6667,-0.0484,0.2654,2,ok
0,995,-0.917897,-1.641179,0.012255,-0.018679,0.012255,1.921039,0.199986,0.057686,0.057686,0.000000,,0,0,0,1,1,0,-0.008050,0.002685,0.7500,-0.0528,0.2674,2,ok
0,996,-0.893898,-1.640911,0.007687,-0.018411,0.007687,1.945037,0.200008,-0.061836,-0.061836,0.000000,,0,0,0,1,1,0,-0.007438,0.008655,0.7708,-0.0506,0.2660,2,ok
0,997,-0.873899,-1.640757,0.009021,-0.018257,0.009021,1.965037,0.199997,0.026261,0.026261,0.000000,,0,0,0,1,1,0,-0.007563,0.005608,0.8125,-0.0489,0.2679,2,ok
0,998,-0.849901,-1.640581,0.014992,-0.018081,0.014992,1.989035,0.199984,0.074224,0.074224,0.000000,,0,0,0,1,1,0,-0.007886,0.005591,0.7708,-0.0427,0.2652,2,ok
0,999,-0.829903,-1.640432,0.018575,-0.017932,0.018575,2.009032,0.199973,0.049975,0.049975,0.000000,,0,0,0,1,1,0,-0.006960,0.011071,0.7500,-0.0398,0.2671,2,ok
0,1000,-0.805907,-1.640024,0.017974,-0.017524,0.017974,2.033028,0.199999,-0.011301,-0.011301,0.000000,,0,0,0,1,1,0,-0.006173,0.016871,0.7292,-0.0474,0.2663,2,ok
0,1001,-0.781909,-1.639600,0.005230,-0.017100,0.005230,2.057026,0.200028,-0.252121,-0.161301,0.090820,C-06,0,0,0,1,1,0,-0.005954,0.015575,0.7500,-0.0415,0.2662,2,ok
0,1002,-0.761910,-1.639247,-0.008606,-0.016747,-0.008606,2.077026,0.200025,-0.199005,-0.199005,0.000000,,0,0,0,1,1,0,-0.006283,0.007381,0.6875,-0.0474,0.2667,2,ok
0,1003,-0.737911,-1.639249,-0.013591,-0.016749,-0.013591,2.101024,0.199983,0.099509,-0.049005,-0.148514,C-06,0,0,0,1,1,0,-0.007888,-0.003918,0.6667,-0.0402,0.2677,2,ok
0,1004,-0.717912,-1.639491,-0.007478,-0.016991,-0.007478,2.121023,0.200010,0.127001,0.100995,-0.026007,C-06,0,0,0,1,1,0,-0.008473,-0.016248,0.7292,-0.0511,0.2667,2,ok
0,1005,-0.693913,-1.639800,0.002445,-0.017300,0.002445,2.145023,0.200016,0.118035,0.118035,0.000000,,0,0,0,1,1,0,-0.009068,-0.010171,0.7917,-0.0319,0.2671,2,ok
0,1006,-0.673913,-1.639993,0.007596,-0.017493,0.007596,2.165023,0.200000,0.069612,0.069612,0.000000,,0,0,0,1,1,0,-0.008097,-0.003750,0.7708,-0.0390,0.2662,2,ok
0,1007,-0.649914,-1.640126,0.014385,-0.017626,0.014385,2.189021,0.199981,0.081182,0.081182,0.000000,,0,0,0,1,1,0,-0.007627,0.004696,0.7500,-0.0347,0.2676,2,ok
0,1008,-0.629917,-1.639965,0.016976,-0.017465,0.016976,2.209019,0.199981,0.033658,0.033658,0.000000,,0,0,0,1,1,0,-0.006498,0.010538,0.7500,-0.0426,0.2660,2,ok
0,1009,-0.605920,-1.639601,0.016507,-0.017101,0.016507,2.233015,0.199997,-0.008015,-0.008015,0.000000,,0,0,0,1,1,0,-0.006221,0.016419,0.7292,-0.0343,0.2672,2,ok
0,1010,-0.581922,-1.639230,0.004135,-0.016730,0.004135,2.257014,0.200022,-0.258616,-0.158015,0.100601,C-06,0,0,0,1,1,0,-0.005985,0.014032,0.7500,-0.0332,0.2674,2,ok
0,1011,-0.561922,-1.638921,-0.015601,-0.016421,-0.015601,2.277013,0.200003,-0.293348,-0.293348,0.000000,,0,0,0,1,1,0,-0.005299,0.014376,0.7708,-0.0517,0.2665,2,ok
0,1012,-0.537929,-1.638741,-0.028464,-0.016241,-0.028464,2.301007,0.199922,0.082668,-0.143348,-0.226015,C-06,0,0,0,1,1,0,-0.007702,-0.006388,0.6667,-0.0430,0.2665,2,ok
0,1013,-0.517937,-1.639281,-0.028736,-0.016781,-0.028736,2.320998,0.200002,0.155151,0.006652,-0.148498,C-06,0,0,0,1,1,0,-0.010160,-0.028325,0.7292,-0.0418,0.2673,2,ok
0,1014,-0.493944,-1.639979,-0.016370,-0.017479,-0.016370,2.344992,0.200056,0.193897,0.156652,-0.037245,C-06,0,0,0,1,1,0,-0.011137,-0.030582,0.7917,-0.0354,0.2671,2,ok
0,1015,-0.473945,-1.640561,-0.009489,-0.018061,-0.009489,2.364990,0.200075,0.092928,0.092928,0.000000,,0,0,0,1,1,0,-0.010302,-0.023471,0.7708,-0.0466,0.2670,2,ok
0,1016,-0.449945,-1.641247,0.002812,-0.018747,0.002812,2.388990,0.200081,0.149161,0.149161,0.000000,,0,0,0,1,1,0,-0.010621,-0.013975,0.7500,-0.0213,0.2684,2,ok
0,1017,-0.429946,-1.641399,0.007056,-0.018899,0.007056,2.408990,0.199997,0.054292,0.054292,0.000000,,0,0,0,1,1,0,-0.008921,-0.003226,0.7708,-0.0444,0.2671,2,ok
0,1018,-0.405946,-1.641259,0.002976,-0.018759,0.002976,2.432989,0.200003,-0.054201,-0.054201,0.000000,,0,0,0,1,1,0,-0.008919,0.003206,0.7708,-0.0450,0.2665,2,ok
0,1019,-0.381946,-1.641105,-0.002811,-0.018605,-0.002811,2.456989,0.200003,-0.069184,-0.069184,0.000000,,0,0,0,1,1,0,-0.009329,0.001049,0.7292,-0.0310,0.2670,2,ok
0,1020,-0.361946,-1.641154,0.001029,-0.018654,0.001029,2.476989,0.200001,0.066230,0.066230,0.000000,,0,0,0,1,1,0,-0.009168,-0.003550,0.6875,-0.0473,0.2664,2,ok
0,1021,-0.337947,-1.641231,0.010279,-0.018731,0.010279,2.500989,0.199991,0.112530,0.112530,0.000000,,0,0,0,1,1,0,-0.008581,-0.006121,0.6458,-0.0535,0.2648,2,ok
0,1022,-0.317948,-1.641035,0.010792,-0.018535,0.010792,2.520988,0.200000,-0.001888,-0.001888,0.000000,,0,0,0,1,1,0,-0.008526,0.006909,0.7292,-0.0334,0.2672,2,ok
0,1023,-0.293949,-1.640774,0.006231,-0.018274,0.006231,2.544987,0.200008,-0.057955,-0.057955,0.000000,,0,0,0,1,1,0,-0.008010,0.009972,0.7708,-0.0334,0.2672,2,ok
0,1024,-0.273949,-1.640647,0.006873,-0.018147,0.006873,2.564986,0.199999,0.015096,0.015096,0.000000,,0,0,0,1,1,0,-0.007859,0.006732,0.7917,-0.0397,0.2671,2,ok
0,1025,-0.249950,-1.640506,0.011608,-0.018006,0.011608,2.588985,0.199991,0.059158,0.059158,0.000000,,0,0,0,1,1,0,-0.007625,0.002792,0.7917,-0.0535,0.2662,2,ok
0,1026,-0.229952,-1.640388,0.015681,-0.017888,0.015681,2.608983,0.199980,0.057973,0.057973,0.000000,,0,0,0,1,1,0,-0.006963,0.011206,0.7708,-0.0469,0.2663,2,ok
0,1027,-0.205956,-1.640131,0.018301,-0.017631,0.018301,2.632980,0.199982,0.029291,0.029291,0.000000,,0,0,0,1,1,0,-0.006707,0.013393,0.7292,-0.0350,0.2670,2,ok
0,1028,-0.181958,-1.639740,0.009166,-0.017240,0.009166,2.656977,0.200018,-0.181658,-0.120709,0.060948,C-06,0,0,0,1,1,0,-0.005984,0.012621,0.7292,-0.0496,0.2664,2,ok
0,1029,-0.161958,-1.639409,-0.006365,-0.016909,-0.006365,2.676977,0.200024,-0.227866,-0.227866,0.000000,,0,0,0,1,1,0,-0.006334,0.009819,0.7083,-0.0430,0.2664,2,ok
0,1030,-0.137960,-1.639255,-0.013795,-0.016755,-0.013795,2.700976,0.199983,0.074596,-0.077866,-0.152462,C-06,0,0,0,1,1,0,-0.007359,-0.001471,0.6667,-0.0434,0.2661,2,ok
0,1031,-0.117961,-1.639518,-0.009448,-0.017018,-0.009448,2.720974,0.200010,0.131148,0.072134,-0.059014,C-06,0,0,0,1,1,0,-0.008557,-0.016422,0.7292,-0.0485,0.2665,2,ok
0,1032,-0.093961,-1.639857,0.001461,-0.017357,0.001461,2.744974,0.200020,0.131511,0.131511,0.000000,,0,0,0,1,1,0,-0.009183,-0.012263,0.8125,-0.0317,0.2676,2,ok
0,1033,-0.073962,-1.640084,0.007039,-0.017584,0.007039,2.764974,0.200003,0.074448,0.074448,0.000000,,0,0,0,1,1,0,-0.007897,-0.006863,0.7917,-0.0481,0.2670,2,ok
0,1034,-0.049963,-1.640235,0.013748,-0.017735,0.013748,2.785935,0.199983,0.079848,0.079848,0.000000,,0,0,0,1,1,0,-0.007014,0.000808,0.7917,-0.0559,0.2656,2,ok
0,1035,-0.029965,-1.640084,0.016288,-0.017584,0.016288,2.808970,0.199982,0.032960,0.032960,0.000000,,0,0,0,1,1,0,-0.006328,0.011547,0.7708,-0.0511,0.2672,2,ok
0,1036,-0.005969,-1.639736,0.017213,-0.017236,0.017213,2.832967,0.199993,0.009652,0.009652,0.000000,,0,0,0,1,1,0,-0.006007,0.012518,0.7292,-0.0457,0.2660,2,ok
0,1037,0.018029,-1.639370,0.006342,-0.016870,0.006342,2.856965,0.200018,-0.234836,-0.140348,0.094488,C-06,0,0,0,1,1,0,-0.005852,0.013907,0.7292,-0.0384,0.2670,2,ok
0,1038,0.038029,-1.639066,-0.013069,-0.016566,-0.013069,2.876964,0.200009,-0.304821,-0.290348,0.014473,C-06,0,0,0,1,1,0,-0.005786,0.014590,0.7292,-0.0377,0.2678,2,ok
0,1039,0.062024,-1.638839,-0.025703,-0.016339,-0.025703,2.900960,0.199938,0.062100,-0.140348,-0.202447,C-06,0,0,0,1,1,0,-0.007416,-0.004930,0.6875,-0.0425,0.2660,2,ok
0,1040,0.082017,-1.639324,-0.025769,-0.016824,-0.025769,2.920953,0.200003,0.159000,0.009652,-0.149348,C-06,0,0,0,1,1,0,-0.009424,-0.019340,0.7292,-0.0402,0.2657,2,ok
0,1041,0.106012,-1.639955,-0.013125,-0.017455,-0.013125,2.944948,0.200050,0.172404,0.159652,-0.012752,C-06,0,0,0,1,1,0,-0.010718,-0.029243,0.7917,-0.0373,0.2659,2,ok
0,1042,0.126011,-1.640473,-0.006996,-0.017973,-0.006996,2.964947,0.200054,0.080851,0.080851,0.000000,,0,0,0,1,1,0,-0.010117,-0.020910,0.7708,-0.0385,0.2661,2,ok
0,1043,0.150011,-1.641010,0.000915,-0.018510,0.000915,2.986235,0.200038,0.094084,0.094084,0.000000,,0,0,0,1,1,0,-0.009910,-0.012346,0.7500,-0.0293,0.2671,2,ok
0,1044,0.170011,-1.641087,0.002902,-0.018587,0.002902,3.008947,0.200000,0.023114,0.023114,0.000000,,0,0,0,1,1,0,-0.008801,-0.000402,0.7500,-0.0464,0.2675,2,ok
0,1045,0.194011,-1.641080,-0.000073,-0.018580,-0.000073,3.032947,0.200000,-0.038884,-0.038884,0.000000,,0,0,0,1,1,0,-0.008573,0.000270,0.7292,-0.0492,0.2673,2,ok
0,1046,0.218011,-1.641070,-0.009143,-0.018570,-0.009143,3.056946,0.199992,-0.111849,-0.111849,0.000000,,0,0,0,1,1,0,-0.009197,0.000874,0.7500,-0.0408,0.2660,2,ok
0,1047,0.238010,-1.641251,-0.007018,-0.018751,-0.007018,3.076946,0.200004,0.081540,0.038151,-0.043389,C-06,0,0,0,1,1,0,-0.009707,-0.007293,0.6875,-0.0487,0.2669,2,ok
0,1048,0.262010,-1.641480,-0.000216,-0.018980,-0.000216,3.100945,0.200009,0.083009,0.083009,0.000000,,0,0,0,1,1,0,-0.009679,-0.010303,0.6458,-0.0542,0.2655,2,ok
0,1049,0.282010,-1.641670,0.006075,-0.019170,0.006075,3.120945,0.200006,0.089488,0.089488,0.000000,,0,0,0,1,1,0,-0.009679,-0.010303,0.6458,-0.0542,0.2655,2,ok
0,1050,0.306009,-1.641581,0.007429,-0.019081,0.007429,3.144945,0.199997,0.011435,0.011435,0.000000,,0,0,0,1,1,0,-0.008756,0.002478,0.7917,-0.0510,0.2673,2,ok
0,1051,0.326009,-1.641479,0.008725,-0.018979,0.008725,3.164944,0.199995,0.018932,0.018932,0.000000,,0,0,0,1,1,0,-0.008572,0.003371,0.7917,-0.0510,0.2655,2,ok
0,1052,0.350007,-1.641358,0.011693,-0.018858,0.011693,3.186435,0.199989,0.035885,0.035885,0.000000,,0,0,0,1,1,0,-0.008146,0.004886,0.7917,-0.0532,0.2668,2,ok
0,1053,0.370005,-1.641256,0.016593,-0.018756,0.016593,3.208941,0.199976,0.072525,0.072525,0.000000,,0,0,0,1,1,0,-0.008183,0.010149,0.7708,-0.0354,0.2676,2,ok
0,1054,0.394002,-1.640949,0.018609,-0.018449,0.018609,3.232937,0.199985,0.021900,0.021900,0.000000,,0,0,0,1,1,0,-0.007602,0.014247,0.7292,-0.0353,0.2670,2,ok
0,1055,0.417999,-1.640557,0.008761,-0.018057,0.008761,3.256935,0.200019,-0.154482,-0.128100,0.026382,C-06,0,0,0,1,1,0,-0.007041,0.015888,0.7500,-0.0391,0.2670,2,ok
0,1056,0.437999,-1.640228,-0.006303,-0.017728,-0.006303,3.276934,0.200024,-0.221916,-0.221916,0.000000,,0,0,0,1,1,0,-0.006914,0.015849,0.7292,-0.0412,0.2672,2,ok
0,1057,0.461998,-1.640095,-0.013232,-0.017595,-0.013232,3.300933,0.199984,0.074957,-0.071916,-0.146873,C-06,0,0,0,1,1,0,-0.008390,-0.002267,0.6875,-0.0404,0.2668,2,ok
0,1058,0.481996,-1.640343,-0.008688,-0.017843,-0.008688,3.320932,0.200011,0.132945,0.078084,-0.054861,C-06,0,0,0,1,1,0,-0.009499,-0.016195,0.7292,-0.0462,0.2659,2,ok
0,1059,0.505996,-1.640670,0.000139,-0.018170,0.000139,3.344931,0.200019,0.106073,0.106073,0.000000,,0,0,0,1,1,0,-0.008957,-0.014152,0.8333,-0.0585,0.2670,2,ok
0,1060,0.525996,-1.640881,0.004736,-0.018381,0.004736,3.364931,0.200005,0.061457,0.061457,0.000000,,0,0,0,1,1,0,-0.008929,-0.005792,0.7917,-0.0446,0.2674,2,ok
0,1061,0.549995,-1.641045,0.010681,-0.018545,0.010681,3.386635,0.199991,0.070987,0.070987,0.000000,,0,0,0,1,1,0,-0.007951,-0.001031,0.7917,-0.0639,0.2653,2,ok
0,1062,0.569993,-1.641027,0.014607,-0.018527,0.014607,3.408929,0.199980,0.054974,0.054974,0.000000,,0,0,0,1,1,0,-0.007873,0.006962,0.7708,-0.0431,0.2680,2,ok
0,1063,0.593990,-1.640928,0.020120,-0.018428,0.020120,3.432925,0.199964,0.066421,0.066421,0.000000,,0,0,0,1,1,0,-0.007873,0.006962,0.7708,-0.0431,0.2680,2,ok
0,1064,0.617986,-1.640461,0.014049,-0.017961,0.014049,3.456922,0.200021,-0.093795,-0.083579,0.010216,C-06,0,0,0,1,1,0,-0.006859,0.016317,0.7500,-0.0346,0.2668,2,ok
0,1065,0.637985,-1.640053,0.000225,-0.017553,0.000225,3.476921,0.200041,-0.208276,-0.208276,0.000000,,0,0,0,1,1,0,-0.006610,0.014309,0.7083,-0.0418,0.2672,2,ok
0,1066,0.661985,-1.639815,-0.005366,-0.017315,-0.005366,3.500921,0.200003,0.026222,-0.058276,-0.084498,C-06,0,0,0,1,1,0,-0.006674,0.002023,0.6875,-0.0580,0.2663,2,ok
0,1067,0.681985,-1.639896,-0.000592,-0.017396,-0.000592,3.520921,0.200002,0.080055,0.080055,0.000000,,0,0,0,1,1,0,-0.008102,-0.008032,0.7292,-0.0519,0.2671,2,ok
0,1068,0.705985,-1.640017,0.002962,-0.017517,0.002962,3.544921,0.200002,0.039506,0.039506,0.000000,,0,0,0,1,1,0,-0.008065,-0.004383,0.7708,-0.0476,0.2679,2,ok
0,1069,0.725985,-1.640102,0.005867,-0.017602,0.005867,3.564920,0.199998,0.041260,0.041260,0.000000,,0,0,0,1,1,0,-0.008096,-0.000053,0.7917,-0.0377,0.2660,2,ok
0,1070,0.749984,-1.640166,0.013631,-0.017666,0.013631,3.586935,0.199983,0.095352,0.095352,0.000000,,0,0,0,1,1,0,-0.007491,0.001668,0.7917,-0.0441,0.2663,2,ok
0,1071,0.769981,-1.640136,0.018629,-0.017636,0.018629,3.608917,0.199968,0.069582,0.069582,0.000000,,0,0,0,1,1,0,-0.006796,0.011222,0.7500,-0.0379,0.2660,2,ok
0,1072,0.793976,-1.639776,0.020518,-0.017276,0.020518,3.632912,0.199985,0.019165,0.019165,0.000000,,0,0,0,1,1,0,-0.006153,0.015353,0.7083,-0.0373,0.2656,2,ok
0,1073,0.817973,-1.639340,0.010563,-0.016840,0.010563,3.656909,0.200021,-0.265424,-0.130835,0.134589,C-06,0,0,0,1,1,0,-0.005289,0.015884,0.7292,-0.0458,0.2655,2,ok
0,1074,0.837973,-1.638974,-0.008398,-0.016474,-0.008398,3.676908,0.200028,-0.380638,-0.280835,0.099803,C-06,0,0,0,1,1,0,-0.005236,0.016138,0.7083,-0.0427,0.2651,2,ok
0,1075,0.861970,-1.638670,-0.020274,-0.016170,-0.020274,3.700906,0.199966,0.015618,-0.130835,-0.146453,C-06,0,0,0,1,1,0,-0.007075,0.000241,0.6667,-0.0396,0.2673,2,ok
0,1076,0.881966,-1.639048,-0.019682,-0.016548,-0.019682,3.720902,0.200004,0.150584,0.019165,-0.131419,C-06,0,0,0,1,1,0,-0.008069,-0.022955,0.7083,-0.0647,0.2659,2,ok
0,1077,0.905963,-1.639547,-0.007730,-0.017047,-0.007730,3.744899,0.200036,0.151729,0.151729,0.000000,,0,0,0,1,1,0,-0.009408,-0.023373,0.7917,-0.0511,0.2665,2,ok
0,1078,0.925963,-1.639890,-0.003266,-0.017390,-0.003266,3.764899,0.200022,0.055593,0.055593,0.000000,,0,0,0,1,1,0,-0.007807,-0.015977,0.7500,-0.0787,0.2673,2,ok
0,1079,0.949963,-1.640224,0.002238,-0.017724,0.002238,3.787135,0.200014,0.065336,0.065336,0.000000,,0,0,0,1,1,0,-0.007570,-0.008749,0.7083,-0.0731,0.2646,2,ok
0,1080,0.969963,-1.640307,0.004815,-0.017807,0.004815,3.808898,0.199998,0.034319,0.034319,0.000000,,0,0,0,1,1,0,-0.005821,0.001318,0.7292,-0.1192,0.2698,2,ok
0,1081,0.993963,-1.640332,0.007751,-0.017832,0.007751,3.832898,0.199994,0.034725,0.034725,0.000000,,0,0,0,1,1,0,-0.006578,-0.000610,0.7083,-0.0974,0.2671,2,ok
0,1082,1.017962,-1.640197,0.006588,-0.017697,0.006588,3.856897,0.199999,-0.016820,-0.016820,0.000000,,0,0,0,1,1,0,-0.005319,0.005151,0.7083,-0.1385,0.2709,2,ok
0,1083,1.037962,-1.640078,0.002245,-0.017578,0.002245,3.876897,0.200003,-0.064580,-0.064580,0.000000,,0,0,0,1,1,0,-0.004218,0.004686,0.6458,-0.1773,0.2707,2,ok
0,1084,1.061961,-1.640026,0.008510,-0.017526,0.008510,3.900897,0.199994,0.108820,0.085420,-0.023400,C-06,0,0,0,1,1,0,-0.004714,0.002567,0.6250,-0.1858,0.2711,2,ok
0,1085,1.081960,-1.639955,0.010903,-0.017455,0.010903,3.920896,0.199990,0.029549,0.029549,0.000000,,0,0,0,1,1,0,-0.003159,0.008498,0.6875,-0.2434,0.2668,2,ok
0,1086,1.105960,-1.639746,0.004178,-0.017246,0.004178,3.944895,0.200006,-0.087583,-0.087583,0.000000,,0,0,0,1,1,0,-0.002469,0.011113,0.7083,-0.2625,0.2628,2,ok
0,1087,1.125959,-1.639664,0.004205,-0.017164,0.004205,3.964895,0.200000,0.006070,0.006070,0.000000,,0,0,0,1,1,0,-0.003746,0.010789,0.7500,-0.2677,0.2630,2,ok
0,1088,1.149959,-1.639572,0.007449,-0.017072,0.007449,3.987435,0.199996,0.040374,0.040374,0.000000,,0,0,0,1,1,0,-0.005968,0.013868,0.7500,-0.2345,0.2651,2,ok
0,1089,1.169958,-1.639425,0.007114,-0.016925,0.007114,4.008894,0.200001,-0.007708,-0.007708,0.000000,,0,0,0,1,1,0,-0.007465,0.022853,0.7500,-0.2157,0.2647,2,ok
0,1090,1.193958,-1.639242,0.003668,-0.016742,0.003668,4.032894,0.200004,-0.042811,-0.042811,0.000000,,0,0,0,1,1,0,-0.008226,0.031563,0.6875,-0.1985,0.2658,2,ok
0,1091,1.217958,-1.639059,-0.011250,-0.016559,-0.011250,4.056893,0.199995,-0.186961,-0.186961,0.000000,,0,0,0,1,1,0,-0.010277,0.037288,0.7292,-0.1580,0.2662,2,ok
0,1092,1.237955,-1.638906,-0.023552,-0.016406,-0.023552,4.076890,0.199953,-0.173382,-0.173382,0.000000,,0,0,0,1,1,0,-0.011925,0.034081,0.6458,-0.1541,0.2638,2,ok
0,1093,1.261947,-1.639352,-0.026450,-0.016852,-0.026450,4.100882,0.199977,0.087422,-0.023382,-0.110804,C-06,0,0,0,1,1,0,-0.013370,0.028760,0.6042,-0.1634,0.2672,2,ok
0,1094,1.281940,-1.639856,-0.026228,-0.017356,-0.026228,4.120875,0.199996,0.005205,0.005205,0.000000,,0,0,0,1,1,0,-0.015253,0.022448,0.6875,-0.1120,0.2673,2,ok
0,1095,1.305933,-1.640468,-0.021487,-0.017968,-0.019430,4.144868,0.200018,0.060131,0.060131,0.000000,,0,0,0,1,1,0,-0.014973,0.027316,0.7083,-0.1373,0.2673,2,ok
0,1096,1.325929,-1.640978,-0.016950,-0.018478,-0.014892,4.164865,0.200035,0.065306,0.065306,0.000000,,0,0,0,1,1,0,-0.014755,0.030266,0.7500,-0.1185,0.2672,2,ok
0,1097,1.349927,-1.641590,-0.008206,-0.019090,-0.006149,4.187635,0.200058,0.106659,0.106659,0.000000,,0,0,0,1,1,0,-0.015559,0.042388,0.7083,-0.0892,0.2664,2,ok
0,1098,1.369927,-1.641911,-0.004871,-0.019411,0.001318,4.208862,0.200017,0.042853,0.042853,0.000000,,0,0,0,1,1,0,-0.014389,0.049064,0.7083,-0.0678,0.2656,2,ok
0,1099,1.393926,-1.642068,-0.007028,-0.019568,-0.000839,4.232862,0.199999,-0.028646,-0.028646,0.000000,,0,0,0,1,1,0,-0.013400,0.060434,0.7083,-0.0611,0.2711,2,ok
0,1100,1.417924,-1.642218,-0.020998,-0.019514,-0.006962,4.257061,0.199963,-0.250592,-0.178646,0.071946,C-06,0,0,0,1,1,0,-0.015143,0.065646,0.7083,0.0087,0.2675,2,ok
0,1101,1.437914,-1.642343,-0.042722,-0.019434,-0.028686,4.277051,0.199832,-0.359107,-0.328646,0.030461,C-06,0,0,0,1,1,0,-0.014715,0.059505,0.6458,-0.0055,0.2665,2,ok
0,1102,1.461882,-1.642699,-0.058236,-0.019383,-0.034800,4.301224,0.199717,-0.102182,-0.178646,-0.076464,C-06,0,0,0,1,1,0,-0.015942,0.053694,0.6667,0.0232,0.2657,2,ok
0,1103,1.481847,-1.643740,-0.060907,-0.020012,-0.037470,4.321206,0.199934,0.219712,-0.028646,-0.248358,C-06,0,0,0,1,1,0,-0.018026,0.026777,0.7083,0.0423,0.2662,2,ok
0,1104,1.505806,-1.645159,-0.055401,-0.020727,-0.020571,4.345576,0.200043,0.075102,0.075102,0.000000,,0,0,0,1,1,0,-0.019178,0.017813,0.7500,0.0801,0.2675,2,ok
0,1105,1.525778,-1.646347,-0.050438,-0.021130,-0.015608,4.365579,0.200096,0.072450,0.072450,0.000000,,0,0,0,1,1,0,-0.016565,0.019277,0.7292,0.0325,0.2662,2,ok
0,1106,1.549751,-1.647772,-0.043784,-0.021559,0.001650,4.389757,0.200158,0.081461,0.081461,0.000000,,0,0,0,1,1,0,-0.014931,0.021066,0.7083,0.0190,0.2642,2,ok
0,1107,1.569735,-1.648958,-0.036569,-0.021805,0.008865,4.409775,0.200208,0.106481,0.106481,0.000000,,0,0,0,1,1,0,-0.012315,0.023557,0.7083,-0.0269,0.2601,2,ok
0,1108,1.593719,-1.649909,-0.034944,-0.021628,0.010490,4.431540,0.200024,0.015780,0.015780,0.000000,,0,0,0,1,1,0,-0.012146,0.032496,0.6875,0.0189,0.2665,2,ok
0,1109,1.617700,-1.650800,-0.045426,-0.021128,0.010425,4.457986,0.199936,-0.177449,-0.134220,0.043229,C-06,0,0,0,1,1,0,-0.013355,0.037120,0.6875,0.0992,0.2689,2,ok
0,1110,1.637672,-1.651541,-0.061185,-0.020732,-0.005333,4.477967,0.199774,-0.240676,-0.240676,0.000000,,0,0,0,1,1,0,-0.012264,0.032678,0.6458,0.0467,0.2663,2,ok
0,1111,1.661621,-1.652671,-0.069083,-0.020361,-0.006559,4.502071,0.199787,0.064823,-0.090676,-0.155498,C-06,0,0,0,1,1,0,-0.012664,0.026553,0.6667,0.0793,0.2689,2,ok
0,1112,1.681575,-1.654035,-0.065832,-0.020460,-0.003308,4.522071,0.200047,0.117590,0.059324,-0.058266,C-06,0,0,0,1,1,0,-0.015096,0.010822,0.6667,0.1282,0.2671,2,ok
0,1113,1.705524,-1.655646,-0.064796,-0.020397,0.003991,4.546268,0.200024,0.009418,0.009418,0.000000,,0,0,0,1,1,0,-0.014670,0.001450,0.7500,0.1159,0.2643,2,ok
0,1114,1.725485,-1.656978,-0.059509,-0.020274,0.009277,4.566273,0.200086,0.084476,0.084476,0.000000,,0,0,0,1,1,0,-0.015285,0.007615,0.7708,0.1608,0.2646,2,ok
0,1115,1.749446,-1.658575,-0.053263,-0.020128,0.019729,4.590284,0.200157,0.075951,0.075951,0.000000,,0,0,0,1,1,0,-0.015564,0.011244,0.7500,0.2097,0.2674,2,ok
0,1116,1.769421,-1.659886,-0.048092,-0.019986,0.024900,4.610301,0.200170,0.075562,0.075562,0.000000,,0,0,0,1,1,0,-0.013183,0.011909,0.7500,0.2090,0.2673,2,ok
0,1117,1.793392,-1.661055,-0.050675,-0.019382,0.025224,4.634404,0.199972,-0.039471,-0.039471,0.000000,,0,0,0,1,1,0,-0.011768,0.012050,0.7083,0.2150,0.2675,2,ok
0,1118,1.817352,-1.662199,-0.065233,-0.018648,0.010666,4.658381,0.199811,-0.198218,-0.189471,0.008747,C-06,0,0,0,1,1,0,-0.011182,0.009187,0.7083,0.2208,0.2679,2,ok
0,1119,1.837306,-1.663280,-0.070592,-0.018165,0.005307,4.678358,0.199827,-0.069522,-0.069522,0.000000,,0,0,0,1,1,0,-0.010429,-0.006039,0.7083,0.2086,0.2674,2,ok
0,1120,1.861250,-1.664959,-0.064958,-0.017974,0.011868,4.702354,0.200077,0.095129,0.080478,-0.014651,C-06,0,0,0,1,1,0,-0.013363,-0.015618,0.6458,0.2714,0.2701,2,ok
0,1121,1.881209,-1.666324,-0.063253,-0.017779,0.013573,4.722359,0.200054,0.020969,0.020969,0.000000,,0,0,0,1,1,0,-0.010917,-0.019026,0.7083,0.2485,0.2662,2,ok
0,1122,1.905165,-1.667939,-0.057799,-0.017525,0.018769,4.746365,0.200116,0.069884,0.069884,0.000000,,0,0,0,1,1,0,-0.009195,-0.024293,0.7708,0.2256,0.2674,2,ok
0,1123,1.925135,-1.669284,-0.050210,-0.017313,0.026357,4.766380,0.200196,0.113968,0.113968,0.000000,,0,0,0,1,1,0,-0.009555,-0.025674,0.7708,0.2464,0.2665,2,ok
0,1124,1.949109,-1.670796,-0.043433,-0.016962,0.030865,4.790391,0.200168,0.080093,0.080093,0.000000,,0,0,0,1,1,0,-0.006884,-0.025556,0.7292,0.2285,0.2660,2,ok
0,1125,1.969090,-1.671680,-0.043397,-0.016298,0.030901,4.810380,0.199997,-0.005528,-0.005528,0.000000,,0,0,0,1,1,0,-0.008669,-0.021226,0.7292,0.3156,0.2696,2,ok
0,1126,1.993061,-1.672713,-0.055200,-0.015505,0.015640,4.834266,0.199887,-0.153507,-0.153507,0.000000,,0,0,0,1,1,0,-0.003397,-0.026872,0.6875,0.1705,0.2569,2,ok
0,1127,2.017016,-1.673746,-0.067567,-0.014828,0.003273,4.858233,0.199737,-0.151595,-0.151595,0.000000,,0,0,0,1,1,0,-0.011393,-0.036331,0.7083,0.4064,0.2695,2,ok
0,1128,2.036969,-1.675067,-0.068487,-0.014725,0.002353,4.878230,0.199996,0.149796,-0.001595,-0.151391,C-06,0,0,0,1,1,0,-0.012213,-0.048456,0.6875,0.4086,0.2679,2,ok
0,1129,2.060920,-1.676702,-0.059494,-0.014746,0.006377,4.902172,0.200105,0.117997,0.117997,0.000000,,0,0,0,1,1,0,-0.014816,-0.069776,0.6458,0.4876,0.2716,2,ok
0,1130,2.080886,-1.678010,-0.056564,-0.014715,0.009307,4.922181,0.200090,0.037360,0.037360,0.000000,,0,0,0,1,1,0,-0.012755,-0.067589,0.7292,0.4771,0.2679,2,ok
0,1131,2.104854,-1.679542,-0.046661,-0.014736,0.012272,4.946106,0.200185,0.126664,0.126664,0.000000,,0,0,0,1,1,0,-0.012418,-0.069993,0.7292,0.4943,0.2664,2,ok
0,1132,2.124835,-1.680772,-0.040329,-0.014752,0.018604,4.966125,0.200181,0.089515,0.089515,0.000000,,0,0,0,1,1,0,-0.013365,-0.068418,0.7500,0.5522,0.2664,2,ok
0,1133,2.148819,-1.682102,-0.032659,-0.014688,0.017825,4.990032,0.200162,0.092747,0.092747,0.000000,,0,0,0,1,1,0,-0.011440,-0.066537,0.7292,0.5355,0.2661,2,ok
0,1134,2.168810,-1.683105,-0.025412,-0.014630,0.025072,5.010048,0.200160,0.105422,0.105422,0.000000,,0,0,0,1,1,0,-0.011734,-0.076379,0.7500,0.6031,0.2708,2,ok
0,1135,2.192804,-1.683922,-0.021022,-0.014175,0.029462,5.032795,0.200055,0.050177,0.050177,0.000000,,0,0,0,1,1,0,-0.000208,-0.080625,0.7083,0.2679,0.2480,2,ok
0,1136,2.216801,-1.684671,-0.010236,-0.013912,0.030324,5.057912,0.200086,0.133874,0.133874,0.000000,,0,0,0,1,1,0,-0.011111,-0.083134,0.7292,0.6550,0.2676,2,ok
0,1137,2.236800,-1.685296,0.001694,-0.013683,0.042254,5.077921,0.200097,0.171764,0.171764,0.000000,,0,0,0,1,1,0,-0.009331,-0.088049,0.6667,0.6488,0.2675,2,ok
0,1138,2.260800,-1.685636,0.009842,-0.013237,0.037878,5.101734,0.200000,0.090827,0.090827,0.000000,,0,0,0,1,1,0,-0.008657,-0.093827,0.6667,0.7036,0.2676,2,ok
0,1139,2.280798,-1.685675,0.014590,-0.012694,0.042626,5.121725,0.199979,0.065869,0.065869,0.000000,,0,0,0,1,1,0,-0.006987,-0.103899,0.7083,0.7127,0.2690,2,ok
0,1140,2.304795,-1.685519,0.018672,-0.011954,0.031934,5.145568,0.199973,0.047523,0.047523,0.000000,,0,0,0,1,1,0,-0.006782,-0.105620,0.7708,0.7367,0.2667,2,ok
0,1141,2.324790,-1.685339,0.026078,-0.011428,0.039341,5.165557,0.199942,0.111066,0.111066,0.000000,,0,0,0,1,1,0,-0.006983,-0.113024,0.7708,0.7693,0.2659,2,ok
0,1142,2.348779,-1.685108,0.035339,-0.010781,0.048602,5.187872,0.199893,0.111322,0.111322,0.000000,,0,0,0,1,1,0,-0.006427,-0.114830,0.7500,0.7722,0.2656,2,ok
0,1143,2.368764,-1.684621,0.039850,-0.010362,0.035901,5.209316,0.199916,0.061869,0.061869,0.000000,,0,0,0,1,1,0,-0.005770,-0.119266,0.7500,0.8317,0.2669,2,ok
0,1144,2.392740,-1.683962,0.050038,-0.009749,0.046089,5.233293,0.199830,0.127244,0.127244,0.000000,,0,0,0,1,1,0,-0.004206,-0.137695,0.7083,0.8155,0.2625,2,ok
0,1145,2.416706,-1.683042,0.056175,-0.009197,0.032925,5.257090,0.199861,0.071586,0.071586,0.000000,,0,0,0,1,1,0,-0.001779,-0.144126,0.7292,0.7759,0.2629,2,ok
0,1146,2.436671,-1.682189,0.062064,-0.008761,0.038815,5.277068,0.199815,0.087886,0.087886,0.000000,,0,0,0,1,1,0,-0.002173,-0.151360,0.6875,0.8050,0.2610,2,ok
0,1147,2.460628,-1.680717,0.057870,-0.007971,0.011035,5.300873,0.200053,-0.107348,-0.062114,0.045234,C-06,0,0,0,1,1,0,0.001077,-0.165271,0.6875,0.7430,0.2642,2,ok
0,1148,2.480596,-1.679468,0.055284,-0.007589,0.008449,5.320876,0.200084,-0.035852,-0.035852,0.000000,,0,0,0,1,1,0,0.002073,-0.195974,0.7292,0.7093,0.2638,2,ok
0,1149,2.504554,-1.678114,0.063733,-0.007275,0.016898,5.344871,0.199914,0.144984,0.114148,-0.030836,C-06,0,0,0,1,1,0,-0.000198,-0.204257,0.7083,0.7548,0.2616,2,ok
0,1150,2.524502,-1.676994,0.080537,-0.007474,0.008349,5.364674,0.199682,0.511005,0.264148,-0.246857,C-06,0,0,0,1,1,0,-0.000200,-0.223851,0.7708,0.7335,0.2630,2,ok
0,1151,2.548391,-1.675649,0.112532,-0.007742,0.040344,5.388599,0.199084,0.590014,0.414148,-0.175866,C-06,0,0,0,1,1,0,0.002149,-0.223953,0.7500,0.6641,0.2604,2,ok
0,1152,2.568236,-1.674439,0.136256,-0.008170,0.033604,5.408215,0.198672,0.359522,0.359522,0.000000,,0,0,0,1,1,0,0.003793,-0.205075,0.7500,0.6418,0.2621,2,ok
0,1153,2.591967,-1.672329,0.162896,-0.008454,0.060244,5.432038,0.198427,0.345149,0.345149,0.000000,,0,0,0,1,1,0,0.016393,-0.202242,0.7083,0.2573,0.2441,2,ok
0,1154,2.615617,-1.669085,0.178426,-0.007602,0.075774,5.453126,0.198940,0.029445,0.195149,0.165704,C-06,0,0,0,1,1,0,0.005206,-0.195219,0.7500,0.6102,0.2631,2,ok
0,1155,2.639226,-1.664992,0.182596,-0.006646,0.046524,5.479618,0.199731,-0.368735,0.045149,0.413884,C-06,0,0,0,1,1,0,0.005287,-0.190738,0.7083,0.6096,0.2625,2,ok
0,1156,2.658902,-1.661367,0.176748,-0.005576,0.040676,5.499597,0.200200,-0.385645,-0.104851,0.280794,C-06,0,0,0,1,1,0,0.004467,-0.198922,0.6875,0.6008,0.2603,2,ok
0,1157,2.682524,-1.657148,0.179475,-0.005126,0.004177,5.523353,0.199896,0.053963,0.045149,-0.008814,C-06,0,0,0,1,1,0,0.002224,-0.223493,0.6458,0.6236,0.2597,2,ok
0,1158,2.702184,-1.653639,0.190877,-0.005058,0.015579,5.543323,0.199503,0.654310,0.195149,-0.459161,C-06,0,0,0,1,1,0,0.000474,-0.232852,0.6875,0.6188,0.2551,2,ok
0,1159,2.725691,-1.649429,0.215637,-0.005122,-0.001141,5.567016,0.198543,0.487238,0.345149,-0.142089,C-06,0,0,0,1,1,0,-0.000998,-0.231126,0.7708,0.6147,0.2585,2,ok
0,1160,2.749052,-1.645215,0.247500,-0.005882,0.030722,5.590742,0.197186,0.443343,0.443343,0.000000,,0,0,0,1,1,0,-0.002020,-0.215552,0.7292,0.6299,0.2574,2,ok
0,1161,2.768392,-1.641070,0.266793,-0.005869,0.050015,5.610522,0.197842,0.309875,0.309875,0.000000,,0,0,0,1,1,0,-0.001761,-0.198349,0.7500,0.6419,0.2620,2,ok
0,1162,2.791447,-1.635698,0.296934,-0.006266,0.037108,5.633879,0.196899,0.434115,0.434115,0.000000,,0,0,0,1,1,0,-0.000325,-0.188999,0.7500,0.6003,0.2632,2,ok
0,1163,2.810503,-1.630667,0.319887,-0.006374,0.060060,5.653587,0.197073,0.392880,0.392880,0.000000,,0,0,0,1,1,0,0.003376,-0.186536,0.7292,0.5093,0.2597,2,ok
0,1164,2.833216,-1.623682,0.337414,-0.005548,0.077587,5.674363,0.198108,0.164330,0.242880,0.078550,C-06,0,0,0,1,1,0,0.003141,-0.173949,0.7292,0.5497,0.2630,2,ok
0,1165,2.852067,-1.617253,0.343311,-0.005263,0.042223,5.696999,0.199256,-0.293381,0.092880,0.386261,C-06,0,0,0,1,1,0,0.004624,-0.162177,0.7500,0.5278,0.2663,2,ok
0,1166,2.874676,-1.609189,0.340115,-0.004431,0.039027,5.720990,0.200201,-0.374676,-0.057120,0.317556,C-06,0,0,0,1,1,0,0.003716,-0.166164,0.7083,0.5380,0.2649,2,ok
0,1167,2.893551,-1.602454,0.333519,-0.004147,-0.007954,5.740877,0.200599,-0.120387,-0.120387,0.000000,,0,0,0,1,1,0,0.001522,-0.187413,0.6667,0.5659,0.2652,2,ok
0,1168,2.916225,-1.594592,0.335025,-0.004390,-0.006448,5.764874,0.199895,0.140843,0.029613,-0.111230,C-06,0,0,0,1,1,0,0.001201,-0.202995,0.6875,0.5286,0.2608,2,ok
0,1169,2.938848,-1.586701,0.346493,-0.004767,-0.031016,5.788666,0.199320,0.448753,0.179613,-0.269140,C-06,0,0,0,1,1,0,-0.001073,-0.218681,0.7708,0.5195,0.2621,2,ok
0,1170,2.957600,-1.580122,0.364504,-0.005603,-0.013005,5.808521,0.198170,0.487181,0.329613,-0.157568,C-06,0,0,0,1,1,0,-0.002426,-0.214782,0.7708,0.5304,0.2620,2,ok
0,1171,2.979911,-1.572185,0.390473,-0.006495,0.012964,5.832185,0.196980,0.392595,0.392595,0.000000,,0,0,0,1,1,0,-0.003794,-0.208861,0.7500,0.5510,0.2628,2,ok
0,1172,2.998329,-1.565132,0.410209,-0.007222,-0.001094,5.851675,0.197258,0.357996,0.357996,0.000000,,0,0,0,1,1,0,-0.002901,-0.195644,0.7708,0.5173,0.2652,2,ok
0,1173,3.020262,-1.555935,0.425372,-0.007586,0.014069,5.875456,0.198294,0.222413,0.222413,0.000000,,0,0,0,1,1,0,-0.003279,-0.193599,0.7500,0.5315,0.2640,2,ok
0,1174,3.038460,-1.547793,0.429846,-0.007421,0.018543,5.892132,0.199440,0.021428,0.072413,0.050985,C-06,0,0,0,1,1,0,-0.004130,-0.190384,0.7500,0.5593,0.2650,2,ok
0,1175,3.060254,-1.537897,0.434303,-0.007940,-0.009749,5.919088,0.199470,0.068929,0.068929,0.000000,,0,0,0,1,1,0,-0.004654,-0.192965,0.7292,0.5482,0.2610,2,ok
0,1176,3.078352,-1.529500,0.445520,-0.008127,0.001468,5.939039,0.199130,0.481515,0.218929,-0.262586,C-06,0,0,0,1,1,0,-0.006196,-0.197456,0.6875,0.5556,0.2620,2,ok
0,1177,3.099895,-1.519368,0.468185,-0.008774,-0.007863,5.962563,0.197541,0.498912,0.368929,-0.129983,C-06,0,0,0,1,1,0,-0.009002,-0.201567,0.6667,0.5931,0.2633,2,ok
0,1178,3.121139,-1.509017,0.500079,-0.009331,0.024030,5.986188,0.196592,0.679068,0.518929,-0.160140,C-06,0,0,0,1,1,0,-0.008724,-0.184302,0.7292,0.5921,0.2667,2,ok
0,1179,3.138594,-1.499766,0.519515,-0.009304,0.012374,6.005659,0.197698,0.283307,0.368929,0.085622,C-06,0,0,0,1,1,0,-0.007557,-0.168468,0.7708,0.6058,0.2655,2,ok
0,1180,3.159321,-1.488088,0.536976,-0.009175,0.029834,6.029449,0.198344,0.282289,0.282289,0.000000,,0,0,0,1,1,0,-0.005557,-0.158551,0.7708,0.5957,0.2670,2,ok
0,1181,3.176454,-1.477994,0.546914,-0.008683,0.039773,6.049329,0.198912,0.193148,0.193148,0.000000,,0,0,0,1,1,0,-0.004405,-0.155073,0.7500,0.5953,0.2648,2,ok
0,1182,3.196864,-1.465661,0.561491,-0.008436,0.023339,6.072902,0.198686,0.250685,0.250685,0.000000,,0,0,0,1,1,0,-0.003275,-0.152901,0.7500,0.5867,0.2666,2,ok
0,1183,3.213695,-1.455099,0.580584,-0.008020,0.042432,6.092767,0.198122,0.430152,0.400685,-0.029466,C-06,0,0,0,1,1,0,0.007754,-0.156081,0.7083,0.2559,0.2464,2,ok
0,1184,3.233659,-1.442032,0.595706,-0.007316,0.027459,6.116404,0.198941,0.031406,0.250685,0.219279,C-06,0,0,0,1,1,0,-0.000353,-0.148047,0.7083,0.5496,0.2652,2,ok
0,1185,3.250182,-1.430844,0.600997,-0.006772,0.032751,6.136351,0.199592,-0.140681,0.100685,0.241366,C-06,0,0,0,1,1,0,0.000804,-0.142910,0.6875,0.5421,0.2644,2,ok
0,1186,3.269989,-1.417273,0.598660,-0.005983,0.030413,6.160349,0.200203,-0.210613,-0.049315,0.161298,C-06,0,0,0,1,1,0,0.000804,-0.142910,0.6875,0.5421,0.2644,2,ok
0,1187,3.289846,-1.403725,0.594045,-0.005952,-0.003835,6.184202,0.200351,-0.081918,-0.081918,0.000000,,0,0,0,1,1,0,0.003920,-0.177039,0.6875,0.4813,0.2651,2,ok
0,1188,3.306407,-1.392531,0.596745,-0.006041,-0.001135,6.204192,0.199737,0.158168,0.068082,-0.090086,C-06,0,0,0,1,1,0,0.000196,-0.194252,0.6875,0.5122,0.2652,2,ok
0,1189,3.326182,-1.379036,0.608787,-0.006412,-0.018137,6.227954,0.199173,0.248202,0.218082,-0.030119,C-06,0,0,0,1,1,0,0.000239,-0.202285,0.8125,0.4699,0.2634,2,ok
0,1190,3.342494,-1.367591,0.625817,-0.006723,-0.001106,6.247878,0.198821,0.578572,0.368082,-0.210490,C-06,0,0,0,1,1,0,-0.001983,-0.199856,0.7708,0.5016,0.2635,2,ok
0,1191,3.361747,-1.353467,0.654369,-0.006591,0.027446,6.268572,0.198895,0.526406,0.518082,-0.008324,C-06,0,0,0,1,1,0,-0.004514,-0.190720,0.7292,0.5590,0.2662,2,ok
0,1192,3.377501,-1.341258,0.672722,-0.006610,0.016799,6.291498,0.199468,0.388193,0.388193,0.000000,,0,0,0,1,1,0,-0.003011,-0.173890,0.7292,0.5421,0.2652,2,ok
0,1193,3.396077,-1.326121,0.698844,-0.005940,0.042921,6.315452,0.199886,0.485169,0.485169,0.000000,,0,0,0,1,1,0,-0.002953,-0.163292,0.7083,0.5801,0.2641,2,ok
0,1194,3.411299,-1.313135,0.714390,-0.005311,0.029845,6.335287,0.200228,0.017616,0.335169,0.317552,C-06,0,0,0,1,1,0,-0.000474,-0.155468,0.7083,0.5577,0.2651,2,ok
0,1195,3.429375,-1.297312,0.724984,-0.004486,0.040439,6.359296,0.200252,-0.234868,0.185169,0.420037,C-06,0,0,0,1,1,0,0.001145,-0.147872,0.7292,0.5771,0.2641,2,ok
0,1196,3.447326,-1.281372,0.727398,-0.003704,0.013369,6.383180,0.200053,-0.410256,0.035169,0.445425,C-06,0,0,0,1,1,0,0.000645,-0.149055,0.6458,0.6225,0.2623,2,ok
0,1197,3.462277,-1.268105,0.722630,-0.003446,0.008601,6.403167,0.199856,-0.140017,-0.114831,0.025186,C-06,0,0,0,1,1,0,-0.000166,-0.163156,0.7083,0.6369,0.2617,2,ok
0,1198,3.480310,-1.252286,0.717929,-0.003273,0.003901,6.427155,0.200028,0.179753,0.035169,-0.144585,C-06,0,0,0,1,1,0,0.000828,-0.173313,0.7708,0.5996,0.2583,2,ok
0,1199,3.495349,-1.239074,0.725888,-0.003632,-0.016705,6.447075,0.200262,0.197962,0.185169,-0.012793,C-06,0,0,0,1,1,0,-0.004005,-0.188776,0.7708,0.6819,0.2601,2,ok
0,1200,3.513251,-1.222989,0.743829,-0.003872,0.001236,6.471140,0.200830,0.405695,0.335169,-0.070526,C-06,0,0,0,1,1,0,-0.002863,-0.195421,0.8125,0.6428,0.2587,2,ok
0,1201,3.527912,-1.209298,0.764948,-0.003953,-0.006457,6.491074,0.200590,0.457554,0.457554,0.000000,,0,0,0,1,1,0,-0.006376,-0.188443,0.7292,0.7365,0.2615,2,ok
0,1202,3.545085,-1.192495,0.786216,-0.003961,0.014811,6.515099,0.200003,0.364214,0.364214,0.000000,,0,0,0,1,1,0,-0.003524,-0.190793,0.7708,0.7089,0.2642,2,ok
0,1203,3.559136,-1.178273,0.797052,-0.003629,0.025647,6.535088,0.199861,0.118942,0.214214,0.095272,C-06,0,0,0,1,1,0,-0.003969,-0.186202,0.7083,0.7609,0.2620,2,ok
0,1204,3.575867,-1.161077,0.801244,-0.003580,-0.000180,6.558996,0.199941,-0.217446,0.064214,0.281660,C-06,0,0,0,1,1,0,-0.002076,-0.183950,0.7500,0.7522,0.2675,2,ok
0,1205,3.592599,-1.143862,0.796895,-0.003556,-0.004529,6.583002,0.200059,-0.284789,-0.085786,0.199003,C-06,0,0,0,1,1,0,-0.004269,-0.195715,0.6667,0.8010,0.2617,2,ok
0,1206,3.606564,-1.129550,0.799394,-0.003962,-0.031464,6.602885,0.199948,0.549878,0.064214,-0.485664,C-06,0,0,0,1,1,0,-0.001167,-0.223444,0.6875,0.7057,0.2596,2,ok
0,1207,3.623198,-1.112287,0.811187,-0.004556,-0.019670,6.626850,0.199678,0.558519,0.214214,-0.344304,C-06,0,0,0,1,1,0,-0.004382,-0.235098,0.7083,0.7556,0.2559,2,ok
0,1208,3.636854,-1.097756,0.827775,-0.004802,-0.003083,6.643956,0.199093,0.418994,0.364214,-0.054780,C-06,0,0,0,1,1,0,-0.001018,-0.235548,0.7917,0.6535,0.2525,2,ok
0,1209,3.652919,-1.080034,0.847138,-0.005578,-0.013914,6.670534,0.199526,0.348780,0.348780,0.000000,,0,0,0,1,1,0,-0.000742,-0.233232,0.7917,0.6496,0.2582,2,ok
0,1210,3.666030,-1.064971,0.864831,-0.005747,0.003779,6.690503,0.199897,0.394662,0.394662,0.000000,,0,0,0,1,1,0,-0.003178,-0.228239,0.7708,0.7263,0.2610,2,ok
0,1211,3.681394,-1.046492,0.893753,-0.005841,0.001200,6.714385,0.200594,0.630549,0.544662,-0.085887,C-06,0,0,0,1,1,0,-0.003502,-0.222829,0.7292,0.7544,0.2624,2,ok
0,1212,3.693876,-1.030756,0.917772,-0.005618,0.025219,6.734470,0.201094,0.520857,0.520857,0.000000,,0,0,0,1,1,0,0.011714,-0.229970,0.7083,0.3144,0.2370,2,ok
0,1213,3.708447,-1.011538,0.939071,-0.005071,0.014181,6.758392,0.201093,0.210278,0.370857,0.160580,C-06,0,0,0,1,1,0,0.004319,-0.221356,0.7500,0.5907,0.2587,2,ok
0,1214,3.722642,-0.992075,0.952114,-0.004713,0.027224,6.782478,0.200758,-0.033367,0.220857,0.254224,C-06,0,0,0,1,1,0,0.004595,-0.215983,0.6875,0.6286,0.2600,2,ok
0,1215,3.734255,-0.975757,0.956060,-0.004183,0.031170,6.802500,0.200253,-0.021923,0.070857,0.092781,C-06,0,0,0,1,1,0,0.005067,-0.217486,0.6875,0.6099,0.2617,2,ok
0,1216,3.748091,-0.956072,0.968143,-0.004033,0.009773,6.826436,0.200883,0.455712,0.220857,-0.234855,C-06,0,0,0,1,1,0,0.004967,-0.229258,0.6667,0.5776,0.2599,2,ok
0,1217,3.759427,-0.939503,0.985432,-0.003739,0.027062,6.846510,0.201428,0.443941,0.370857,-0.073084,C-06,0,0,0,1,1,0,0.006949,-0.224074,0.7292,0.4870,0.2518,2,ok
0,1218,3.772887,-0.919330,1.011818,-0.003471,0.015635,6.870640,0.202447,0.454361,0.454361,0.000000,,0,0,0,1,1,0,0.006028,-0.223891,0.7708,0.5131,0.2517,2,ok
0,1219,3.783693,-0.902290,1.027506,-0.003164,0.031323,6.890815,0.201767,0.251559,0.304361,0.052803,C-06,0,0,0,1,1,0,0.008466,-0.208368,0.8333,0.4601,0.2609,2,ok
0,1220,3.796380,-0.881613,1.049600,-0.002436,0.053417,6.914438,0.202362,0.370269,0.370269,0.000000,,0,0,0,1,1,0,0.006153,-0.201450,0.7708,0.5099,0.2608,2,ok
0,1221,3.806551,-0.864204,1.062275,-0.002224,0.026912,6.935126,0.201578,0.237754,0.237754,0.000000,,0,0,0,1,1,0,0.005560,-0.203595,0.7708,0.5317,0.2609,2,ok
0,1222,3.818464,-0.843162,1.075926,-0.001613,0.040562,6.959298,0.201524,0.220288,0.220288,0.000000,,0,0,0,1,1,0,0.008575,-0.202389,0.7292,0.4332,0.2603,2,ok
0,1223,3.829944,-0.822010,1.080912,-0.001220,0.004214,6.983300,0.200489,-0.257649,0.070288,0.327937,C-06,0,0,0,1,1,0,0.008016,-0.204677,0.7708,0.4343,0.2610,2,ok
0,1224,3.839358,-0.804376,1.077425,-0.001175,0.000727,7.003290,0.199704,-0.352667,-0.079712,0.272954,C-06,0,0,0,1,1,0,0.006937,-0.204750,0.7500,0.4371,0.2590,2,ok
0,1225,3.850672,-0.783257,1.074159,-0.001156,-0.002539,7.025444,0.199652,-0.051336,-0.051336,0.000000,,0,0,0,1,1,0,0.004646,-0.211894,0.7292,0.4635,0.2590,2,ok
0,1226,3.860199,-0.765654,1.078770,-0.002174,-0.039006,7.047190,0.200375,0.541398,0.098664,-0.442734,C-06,0,0,0,1,1,0,0.001851,-0.236149,0.7500,0.4297,0.2613,2,ok
0,1227,3.871536,-0.744422,1.093570,-0.003169,-0.024206,7.071238,0.201125,0.264788,0.248664,-0.016123,C-06,0,0,0,1,1,0,-0.000679,-0.240079,0.7708,0.4216,0.2617,2,ok
0,1228,3.880935,-0.726608,1.104079,-0.004336,-0.053100,7.091197,0.201462,0.197079,0.197079,0.000000,,0,0,0,1,1,0,-0.005040,-0.238569,0.7708,0.4778,0.2597,2,ok
0,1229,3.891968,-0.705066,1.125401,-0.005915,-0.031779,7.115348,0.202439,0.445831,0.347079,-0.098751,C-06,0,0,0,1,1,0,-0.003767,-0.235875,0.7917,0.3997,0.2610,2,ok
0,1230,3.901057,-0.686911,1.151444,-0.007055,-0.005735,7.135415,0.203896,0.566569,0.497079,-0.069489,C-06,0,0,0,1,1,0,-0.004115,-0.237465,0.7708,0.3990,0.2629,2,ok
0,1231,3.911613,-0.664849,1.181353,-0.008799,-0.012926,7.159782,0.203854,0.453422,0.453422,0.000000,,0,0,0,1,1,0,-0.005878,-0.225512,0.7708,0.4147,0.2627,2,ok
0,1232,3.921645,-0.642507,1.213213,-0.009951,0.018934,7.184246,0.204157,0.477798,0.477798,0.000000,,0,0,0,1,1,0,-0.005267,-0.201574,0.7708,0.4048,0.2615,2,ok
0,1233,3.929277,-0.623704,1.232525,-0.010636,0.004604,7.204209,0.202804,0.025330,0.327798,0.302468,C-06,0,0,0,1,1,0,-0.004701,-0.182006,0.7500,0.3959,0.2633,2,ok
0,1234,3.937651,-0.601011,1.245444,-0.010881,0.017523,7.228396,0.201481,0.004093,0.177798,0.173705,C-06,0,0,0,1,1,0,-0.005043,-0.168918,0.7083,0.4030,0.2617,2,ok
0,1235,3.944414,-0.582006,1.263570,-0.011026,0.004767,7.248171,0.202196,0.438489,0.327798,-0.110691,C-06,0,0,0,1,1,0,-0.004533,-0.166895,0.7083,0.3905,0.2611,2,ok
0,1236,3.952523,-0.559020,1.296246,-0.011807,0.037443,7.272534,0.203944,0.474723,0.474723,0.000000,,0,0,0,1,1,0,-0.006692,-0.160482,0.7083,0.4264,0.2634,2,ok
0,1237,3.958722,-0.539714,1.316326,-0.011881,0.057523,7.292810,0.202625,0.069411,0.324723,0.255313,C-06,0,0,0,1,1,0,-0.002991,-0.134377,0.7708,0.3801,0.2633,2,ok
0,1238,3.965266,-0.516446,1.329724,-0.011593,0.040997,7.316671,0.201329,-0.057340,0.174723,0.232063,C-06,0,0,0,1,1,0,-0.001275,-0.119833,0.8125,0.3661,0.2651,2,ok
0,1239,3.970125,-0.497017,1.331954,-0.010875,0.043228,7.336685,0.200179,-0.001229,0.024723,0.025953,C-06,0,0,0,1,1,0,-0.001114,-0.116205,0.8125,0.3646,0.2649,2,ok
0,1240,3.975848,-0.473668,1.343925,-0.010167,0.026814,7.360432,0.200596,0.177823,0.174723,-0.003099,C-06,0,0,0,1,1,0,-0.003115,-0.113685,0.7708,0.4252,0.2643,2,ok
0,1241,3.981569,-0.450241,1.360237,-0.009827,0.043126,7.384545,0.201278,0.224915,0.224915,0.000000,,0,0,0,1,1,0,-0.002053,-0.119110,0.7708,0.4166,0.2681,2,ok
0,1242,3.986278,-0.430656,1.373054,-0.009472,0.055942,7.404250,0.201430,0.205516,0.205516,0.000000,,0,0,0,1,1,0,-0.001975,-0.112309,0.7500,0.4281,0.2693,2,ok
0,1243,3.991452,-0.407098,1.384273,-0.009259,0.041377,7.428536,0.200961,0.146130,0.146130,0.000000,,0,0,0,1,1,0,-0.001975,-0.112309,0.7500,0.4281,0.2693,2,ok
0,1244,3.995635,-0.387417,1.400356,-0.008937,0.057460,7.448654,0.201458,0.268145,0.268145,0.000000,,0,0,0,1,1,0,-0.000608,-0.116370,0.7292,0.4618,0.2696,2,ok
0,1245,4.000222,-0.363739,1.412844,-0.008479,0.044332,7.472559,0.200928,0.155863,0.155863,0.000000,,0,0,0,1,1,0,-0.000275,-0.113441,0.7083,0.4752,0.2695,2,ok
0,1246,4.003559,-0.343981,1.417191,-0.007795,0.048679,7.492586,0.200340,0.061280,0.061280,0.000000,,0,0,0,1,1,0,-0.000103,-0.113623,0.7292,0.5033,0.2663,2,ok
0,1247,4.007479,-0.320252,1.423708,-0.007029,0.030286,7.516457,0.200469,0.085960,0.085960,0.000000,,0,0,0,1,1,0,0.000236,-0.112322,0.7917,0.4974,0.2670,2,ok
0,1248,4.010708,-0.300457,1.431682,-0.006699,0.038260,7.536511,0.200670,0.126766,0.126766,0.000000,,0,0,0,1,1,0,0.001518,-0.114514,0.8333,0.4735,0.2623,2,ok
0,1249,4.014450,-0.276673,1.441107,-0.006166,0.047684,7.560581,0.200617,0.120933,0.120933,0.000000,,0,0,0,1,1,0,0.000305,-0.116451,0.7708,0.5282,0.2650,2,ok
0,1250,4.017795,-0.252866,1.446640,-0.005773,0.029351,7.584465,0.200322,0.067635,0.067635,0.000000,,0,0,0,1,1,0,-0.000432,-0.114067,0.7708,0.5657,0.2646,2,ok
0,1251,4.020507,-0.233014,1.452047,-0.005432,0.034759,7.604499,0.200392,0.084127,0.084127,0.000000,,0,0,0,1,1,0,0.001974,-0.126152,0.7708,0.5060,0.2628,2,ok
0,1252,4.023715,-0.209169,1.462119,-0.005252,0.020698,7.628432,0.200591,0.130737,0.130737,0.000000,,0,0,0,1,1,0,-0.000784,-0.131166,0.7500,0.5870,0.2624,2,ok
0,1253,4.026358,-0.189276,1.473545,-0.005313,0.032123,7.648500,0.200768,0.177216,0.177216,0.000000,,0,0,0,1,1,0,-0.001231,-0.136196,0.7292,0.6133,0.2678,2,ok
0,1254,4.028818,-0.165385,1.476619,-0.004678,0.035198,7.669568,0.200100,0.022065,0.027216,0.005151,C-06,0,0,0,1,1,0,0.000584,-0.135250,0.7500,0.5851,0.2664,2,ok
0,1255,4.030714,-0.145480,1.469327,-0.004522,0.003206,7.692395,0.199875,-0.150011,-0.122784,0.027227,C-06,0,0,0,1,1,0,-0.000479,-0.157722,0.7500,0.6192,0.2671,2,ok
0,1256,4.032991,-0.121609,1.465035,-0.004260,-0.001087,7.716373,0.199814,-0.049178,-0.049178,0.000000,,0,0,0,1,1,0,0.000459,-0.162971,0.7708,0.5873,0.2666,2,ok
0,1257,4.035093,-0.101715,1.470796,-0.004594,-0.019495,7.736265,0.200116,0.317339,0.100822,-0.216516,C-06,0,0,0,1,1,0,-0.001320,-0.182888,0.8125,0.5949,0.2648,2,ok
0,1258,4.037632,-0.077815,1.489856,-0.005196,-0.000436,7.760293,0.200451,0.377952,0.250822,-0.127130,C-06,0,0,0,1,1,0,-0.000436,-0.190585,0.8125,0.5649,0.2577,2,ok
0,1259,4.040172,-0.053868,1.521736,-0.006018,0.006008,7.784212,0.200862,0.469067,0.400822,-0.068245,C-06,0,0,0,1,1,0,-0.000992,-0.182525,0.8333,0.5797,0.2635,2,ok
0,1260,4.042247,-0.033882,1.545789,-0.006998,0.030062,7.804282,0.200876,0.343734,0.343734,0.000000,,0,0,0,1,1,0,0.000371,-0.175380,0.7708,0.5617,0.2602,2,ok
0,1261,4.043929,-0.009885,1.568486,-0.007366,0.052759,7.828335,0.200354,0.265693,0.265693,0.000000,,0,0,0,1,1,0,0.001066,-0.169231,0.8125,0.5894,0.2642,2,ok
0,1262,4.044415,0.010115,1.577428,-0.007201,0.035648,7.848173,0.200029,-0.239342,0.115693,0.355035,C-06,0,0,0,1,1,0,-0.000772,-0.160637,0.7292,0.6533,0.2691,2,ok
0,1263,4.044282,0.034115,1.575399,-0.006301,0.033619,7.872156,0.200003,-0.352105,-0.034307,0.317798,C-06,0,0,0,1,1,0,0.001706,-0.158155,0.7292,0.6095,0.2662,2,ok
0,1264,4.044138,0.054115,1.563618,-0.005819,-0.005750,7.891971,0.200001,-0.179890,-0.179890,0.000000,,0,0,0,1,1,0,-0.002376,-0.190996,0.7083,0.6758,0.2683,2,ok
0,1265,4.044194,0.078114,1.560349,-0.005831,-0.009019,7.915970,0.199991,0.168020,-0.029890,-0.197910,C-06,0,0,0,1,1,0,-0.001234,-0.202205,0.7292,0.6039,0.2596,2,ok
0,1266,4.044359,0.098113,1.567783,-0.005958,-0.001584,7.935545,0.200006,0.479750,0.120110,-0.359640,C-06,0,0,0,1,1,0,-0.004660,-0.217503,0.8125,0.6516,0.2601,2,ok
0,1267,4.044565,0.122112,1.589640,-0.006754,-0.009388,7.959801,0.199976,0.555151,0.270110,-0.285041,C-06,0,0,0,1,1,0,-0.007775,-0.221891,0.8125,0.7113,0.2611,2,ok
0,1268,4.044771,0.146096,1.623435,-0.007541,0.024406,7.983773,0.199747,0.459036,0.420110,-0.038927,C-06,0,0,0,1,1,0,-0.008894,-0.210174,0.7708,0.7352,0.2637,2,ok
0,1269,4.044933,0.166050,1.653009,-0.008657,0.021131,8.003440,0.199353,0.438388,0.438388,0.000000,,0,0,0,1,1,0,-0.005819,-0.191221,0.7917,0.6870,0.2632,2,ok
0,1270,4.044248,0.189937,1.681460,-0.009337,0.049582,8.027327,0.198995,0.351605,0.351605,0.000000,,0,0,0,1,1,0,-0.009221,-0.181772,0.7500,0.8092,0.2721,2,ok
0,1271,4.043154,0.209787,1.705610,-0.009505,0.040265,8.046862,0.198659,0.371679,0.371679,0.000000,,0,0,0,1,1,0,-0.007817,-0.170123,0.7708,0.7889,0.2703,2,ok
0,1272,4.040700,0.233538,1.723567,-0.009284,0.058221,8.070738,0.198969,-0.042124,0.221679,0.263803,C-06,0,0,0,1,1,0,-0.005056,-0.160949,0.7708,0.7488,0.2649,2,ok
0,1273,4.037888,0.253296,1.728830,-0.008331,0.063485,8.090673,0.199623,-0.281542,0.071679,0.353221,C-06,0,0,0,1,1,0,-0.005950,-0.151482,0.7500,0.8202,0.2715,2,ok
0,1274,4.034124,0.277005,1.723650,-0.007435,0.023664,8.114355,0.200159,-0.376211,-0.078321,0.297890,C-06,0,0,0,1,1,0,-0.010069,-0.168520,0.7083,0.8867,0.2763,2,ok
0,1275,4.030985,0.296775,1.721382,-0.006931,0.021396,8.134366,0.200181,-0.033623,-0.033623,0.000000,,0,0,0,1,1,0,-0.010263,-0.175051,0.7292,0.8945,0.2764,2,ok
0,1276,4.027381,0.320489,1.729714,-0.006672,-0.004957,8.158131,0.199756,0.281443,0.116377,-0.165066,C-06,0,0,0,1,1,0,-0.009622,-0.195191,0.7917,0.9110,0.2639,2,ok
0,1277,4.023783,0.344151,1.749029,-0.007020,0.014359,8.182062,0.199134,0.425431,0.266377,-0.159055,C-06,0,0,0,1,1,0,-0.008800,-0.203566,0.8125,0.8971,0.2660,2,ok
0,1278,4.020785,0.363789,1.774122,-0.007297,0.039451,8.201926,0.198218,0.702215,0.416377,-0.285838,C-06,0,0,0,1,1,0,-0.012008,-0.200941,0.7917,1.0053,0.2724,2,ok
0,1279,4.017044,0.387220,1.803587,-0.008069,0.035693,8.225405,0.197546,0.398581,0.398581,0.000000,,0,0,0,1,1,0,-0.008772,-0.188277,0.7708,0.9524,0.2654,2,ok
0,1280,4.013197,0.406635,1.822710,-0.008103,0.054816,8.245197,0.197927,0.308258,0.308258,0.000000,,0,0,0,1,1,0,-0.010319,-0.190506,0.7708,1.0465,0.2711,2,ok
0,1281,4.007658,0.429839,1.834746,-0.007494,0.033938,8.268793,0.198856,0.049418,0.158258,0.108840,C-06,0,0,0,1,1,0,-0.006327,-0.183148,0.7708,0.9779,0.2641,2,ok
0,1282,4.002481,0.449142,1.835957,-0.006864,0.035149,8.288768,0.199938,-0.388259,0.008258,0.396517,C-06,0,0,0,1,1,0,-0.005395,-0.186534,0.7292,0.9940,0.2650,2,ok
0,1283,3.996192,0.472330,1.826516,-0.006041,0.025708,8.312779,0.200448,-0.386678,-0.141742,0.244937,C-06,0,0,0,1,1,0,-0.008464,-0.197169,0.7500,1.0834,0.2637,2,ok
0,1284,3.991131,0.491681,1.826378,-0.006065,-0.008107,8.332606,0.199980,0.568597,0.008258,-0.560339,C-06,0,0,0,1,1,0,-0.011520,-0.238217,0.7292,1.1417,0.2660,2,ok
0,1285,3.985063,0.514872,1.836887,-0.006158,0.002402,8.356577,0.199504,0.670575,0.158258,-0.512317,C-06,0,0,0,1,1,0,-0.013948,-0.249922,0.7708,1.1846,0.2679,2,ok
0,1286,3.978995,0.537963,1.857920,-0.006656,-0.012240,8.380212,0.198421,0.588825,0.308258,-0.280566,C-06,0,0,0,1,1,0,-0.013056,-0.264973,0.8333,1.1903,0.2659,2,ok
0,1287,3.973938,0.557071,1.883806,-0.007411,0.013646,8.399964,0.196974,0.540301,0.458258,-0.082042,C-06,0,0,0,1,1,0,-0.010300,-0.263089,0.7917,1.1311,0.2592,2,ok
0,1288,3.967471,0.579796,1.912449,-0.007875,0.042289,8.423386,0.196871,0.413014,0.413014,0.000000,,0,0,0,1,1,0,-0.010795,-0.251705,0.7917,1.1735,0.2616,2,ok
0,1289,3.961633,0.598545,1.940736,-0.008505,0.033152,8.442923,0.196140,0.510475,0.510475,0.000000,,0,0,0,1,1,0,-0.009497,-0.242144,0.7708,1.1557,0.2684,2,ok
0,1290,3.953841,0.620780,1.972601,-0.008428,0.065016,8.466483,0.196371,0.478472,0.478472,0.000000,,0,0,0,1,1,0,-0.010066,-0.247427,0.7917,1.2060,0.2713,2,ok
0,1291,3.946526,0.639111,1.991195,-0.007848,0.042996,8.485877,0.197495,0.201073,0.328472,0.127399,C-06,0,0,0,1,1,0,-0.006826,-0.238765,0.7708,1.1772,0.2677,2,ok
0,1292,3.937021,0.660958,2.003410,-0.007024,0.055211,8.509688,0.198637,0.056560,0.178472,0.121912,C-06,0,0,0,1,1,0,-0.004146,-0.235331,0.7708,1.1389,0.2653,2,ok
0,1293,3.928742,0.679096,2.007728,-0.005979,0.059528,8.529598,0.199449,0.071828,0.071828,0.000000,,0,0,0,1,1,0,-0.005570,-0.240791,0.7708,1.1933,0.2588,2,ok
0,1294,3.918611,0.700775,2.021279,-0.005351,0.030309,8.553276,0.198936,0.638195,0.221828,-0.416367,C-06,0,0,0,1,1,0,-0.005777,-0.262281,0.6667,1.1769,0.2657,2,ok
0,1295,3.908398,0.722265,2.044065,-0.004732,0.053095,8.577061,0.197428,0.580862,0.371828,-0.209034,C-06,0,0,0,1,1,0,-0.006235,-0.271389,0.7500,1.2144,0.2592,2,ok
0,1296,3.899705,0.739948,2.070444,-0.004313,0.033960,8.596564,0.196570,0.607780,0.521828,-0.085953,C-06,0,0,0,1,1,0,-0.005867,-0.260963,0.8542,1.2222,0.2588,2,ok
0,1297,3.888576,0.760872,2.094431,-0.003697,0.057947,8.620255,0.197654,0.381660,0.381660,0.000000,,0,0,0,1,1,0,-0.002714,-0.253139,0.8542,1.1778,0.2577,2,ok
0,1298,3.878864,0.778064,2.120388,-0.002683,0.083904,8.639975,0.197066,0.551667,0.531660,-0.020007,C-06,0,0,0,1,1,0,-0.000176,-0.247253,0.8125,1.1469,0.2558,2,ok
0,1299,3.866594,0.798353,2.148139,-0.001673,0.064201,8.663549,0.197778,0.465003,0.465003,0.000000,,0,0,0,1,1,0,0.000186,-0.238815,0.8125,1.1756,0.2589,2,ok
0,1300,3.855813,0.815023,2.163916,-0.000416,0.079978,8.683362,0.198644,0.125415,0.315003,0.189588,C-06,0,0,0,1,1,0,0.003636,-0.242131,0.7708,1.1337,0.2557,2,ok
0,1301,3.842449,0.834852,2.174046,0.001216,0.040290,8.707263,0.199344,-0.264119,0.165003,0.429122,C-06,0,0,0,1,1,0,0.010284,-0.248659,0.7917,1.0215,0.2522,2,ok
0,1302,3.831106,0.851312,2.175342,0.002054,0.041587,8.727235,0.199941,-0.482093,0.015003,0.497096,C-06,0,0,0,1,1,0,0.009757,-0.259050,0.7500,1.0453,0.2546,2,ok
0,1303,3.817466,0.871078,2.172244,0.003078,0.038489,8.751229,0.200234,-0.058134,-0.058134,0.000000,,0,0,0,1,1,0,0.012905,-0.275815,0.7917,0.9596,0.2499,2,ok
0,1304,3.803885,0.890838,2.176950,0.003111,-0.008894,8.775371,0.199644,0.657975,0.091866,-0.566110,C-06,0,0,0,1,1,0,0.013698,-0.323971,0.7500,0.9015,0.2436,2,ok
0,1305,3.792488,0.907215,2.187970,0.003009,0.002127,8.795323,0.199153,0.639675,0.241866,-0.397809,C-06,0,0,0,1,1,0,0.009889,-0.342487,0.7708,0.9436,0.2450,2,ok
0,1306,3.778556,0.926638,2.209765,0.002916,-0.029772,8.819391,0.198935,0.835120,0.391866,-0.443254,C-06,0,0,0,1,1,0,0.011419,-0.348752,0.8333,0.8491,0.2449,2,ok
0,1307,3.766572,0.942548,2.234388,0.002494,-0.005149,8.839304,0.199044,0.889437,0.541866,-0.347572,C-06,0,0,0,1,1,0,0.009820,-0.346172,0.7917,0.8513,0.2431,2,ok
0,1308,3.751544,0.961183,2.271138,0.002779,0.031601,8.863242,0.199871,0.682162,0.682162,0.000000,,0,0,0,1,1,0,0.010753,-0.339986,0.7708,0.7975,0.2483,2,ok
0,1309,3.738469,0.976360,2.295595,0.002926,0.001108,8.883442,0.200691,0.210876,0.532162,0.321285,C-06,0,0,0,1,1,0,0.012410,-0.328601,0.8125,0.7321,0.2492,2,ok
0,1310,3.722361,0.994276,2.317357,0.003144,0.022870,8.907533,0.200923,0.218938,0.382162,0.163224,C-06,0,0,0,1,1,0,0.010638,-0.310064,0.7917,0.7532,0.2557,2,ok
0,1311,3.708646,1.008928,2.335775,0.003727,0.041289,8.927201,0.200499,0.391299,0.391299,0.000000,,0,0,0,1,1,0,0.011763,-0.311095,0.7708,0.7020,0.2554,2,ok
0,1312,3.691802,1.026056,2.362806,0.003648,0.011938,8.951824,0.199852,0.473330,0.473330,0.000000,,0,0,0,1,1,0,0.012049,-0.312546,0.7500,0.6811,0.2579,2,ok
0,1313,3.674598,1.042716,2.385628,0.004181,0.034759,8.975767,0.199331,0.393554,0.393554,0.000000,,0,0,0,1,1,0,0.013799,-0.300652,0.7292,0.5868,0.2541,2,ok
0,1314,3.660008,1.056267,2.409106,0.004381,0.001560,8.995929,0.199016,0.512407,0.512407,0.000000,,0,0,0,1,1,0,0.014178,-0.303559,0.7292,0.5551,0.2567,2,ok
0,1315,3.641948,1.072005,2.444545,0.004808,0.037000,9.019880,0.200125,0.819854,0.662407,-0.157447,C-06,0,0,0,1,1,0,0.012543,-0.287904,0.7500,0.5503,0.2590,2,ok
0,1316,3.626397,1.084703,2.479571,0.005809,0.072026,9.039932,0.201333,0.781276,0.781276,0.000000,,0,0,0,1,1,0,0.011829,-0.278506,0.7708,0.5586,0.2598,2,ok
0,1317,3.607205,1.099431,2.515559,0.006401,0.051503,9.064462,0.201986,0.335035,0.631276,0.296240,C-06,0,0,0,1,1,0,0.012349,-0.240251,0.8125,0.5583,0.2625,2,ok
0,1318,3.590860,1.111265,2.539081,0.007393,0.075025,9.084617,0.201925,0.139785,0.481276,0.341490,C-06,0,0,0,1,1,0,0.018021,-0.206186,0.8542,0.4536,0.2600,2,ok
0,1319,3.570950,1.124984,2.558911,0.008556,0.039248,9.109221,0.201542,-0.043480,0.331276,0.374755,C-06,0,0,0,1,1,0,0.019371,-0.191375,0.7917,0.4382,0.2612,2,ok
0,1320,3.554179,1.136115,2.571887,0.009254,0.052223,9.129338,0.201312,0.259646,0.259646,0.000000,,0,0,0,1,1,0,0.018763,-0.184170,0.8125,0.4655,0.2642,2,ok
0,1321,3.533872,1.149213,2.587268,0.010409,0.067604,9.153475,0.201428,0.259680,0.259680,0.000000,,0,0,0,1,1,0,0.018926,-0.192593,0.7917,0.4596,0.2634,2,ok
0,1322,3.513353,1.162059,2.605568,0.010626,0.034012,9.178264,0.201850,0.308450,0.308450,0.000000,,0,0,0,1,1,0,0.018653,-0.187366,0.7708,0.4413,0.2622,2,ok
0,1323,3.496063,1.172546,2.624974,0.011026,0.053418,9.198482,0.202537,0.390846,0.390846,0.000000,,0,0,0,1,1,0,0.019863,-0.178505,0.7083,0.4017,0.2588,2,ok
0,1324,3.475102,1.184642,2.640393,0.011459,0.023076,9.223266,0.201636,0.210519,0.240846,0.030327,C-06,0,0,0,1,1,0,0.020318,-0.169839,0.7292,0.3963,0.2591,2,ok
0,1325,3.457477,1.194471,2.659197,0.011557,0.041880,9.243447,0.202480,0.375542,0.375542,0.000000,,0,0,0,1,1,0,0.019296,-0.166506,0.7917,0.4159,0.2610,2,ok
0,1326,3.436074,1.206124,2.685453,0.011922,0.068136,9.267390,0.203231,0.419783,0.419783,0.000000,,0,0,0,1,1,0,0.019381,-0.159185,0.7917,0.4184,0.2638,2,ok
0,1327,3.417995,1.215514,2.715240,0.011819,0.056493,9.288643,0.204672,0.651942,0.569783,-0.082159,C-06,0,0,0,1,1,0,0.023277,-0.141687,0.8125,0.3481,0.2625,2,ok
0,1328,3.396006,1.226152,2.743270,0.012420,0.084523,9.313062,0.203527,0.036476,0.419783,0.383308,C-06,0,0,0,1,1,0,0.023250,-0.128761,0.8125,0.3625,0.2641,2,ok
0,1329,3.377511,1.234361,2.758771,0.013249,0.064605,9.333642,0.202258,-0.040188,0.269783,0.309971,C-06,0,0,0,1,1,0,0.026161,-0.101349,0.8125,0.3610,0.2636,2,ok
0,1330,3.355207,1.243564,2.767355,0.014591,0.073189,9.357732,0.200989,-0.021759,0.119783,0.141543,C-06,0,0,0,1,1,0,0.025271,-0.083989,0.7917,0.4111,0.2654,2,ok
0,1331,3.332872,1.252351,2.766014,0.016108,0.041947,9.382215,0.199889,-0.436878,-0.030217,0.406661,C-06,0,0,0,1,1,0,0.028251,-0.088084,0.7708,0.3637,0.2636,3,ok
0,1332,3.314298,1.259687,2.756602,0.016852,0.032536,9.402171,0.199395,-0.843337,-0.180217,0.663121,C-06,0,0,0,1,1,0,0.027570,-0.096140,0.7708,0.3823,0.2644,2,ok
0,1333,3.292147,1.268493,2.735619,0.017689,0.011552,9.425994,0.197927,-0.993387,-0.330217,0.663170,C-06,0,0,0,1,1,0,0.026590,-0.116529,0.7500,0.3843,0.2641,2,ok
0,1334,3.273817,1.276116,2.725132,0.017636,-0.026639,9.446300,0.198600,0.850291,-0.180217,-1.030507,C-06,0,0,0,1,1,0,0.021620,-0.142428,0.7292,0.4118,0.2716,2,ok
0,1335,3.251884,1.285765,2.722508,0.016999,-0.029263,9.470253,0.199763,1.000000,-0.030217,-1.030217,C-06,0,0,0,1,1,0,0.021586,-0.163078,0.7292,0.3743,0.2624,2,ok
0,1336,3.233593,1.293901,2.728400,0.016186,-0.049386,9.490650,0.200417,0.319782,0.119783,-0.199998,C-06,0,0,0,1,1,0,0.017636,-0.180365,0.8125,0.3983,0.2653,2,ok
0,1337,3.211580,1.303667,2.735202,0.014899,-0.042584,9.514697,0.200832,0.103066,0.103066,0.000000,,0,0,0,1,1,0,0.016196,-0.186732,0.8333,0.3876,0.2663,2,ok
0,1338,3.193189,1.311718,2.740382,0.013924,-0.037405,9.534750,0.200763,0.094188,0.094188,0.000000,,0,0,0,1,1,0,0.013614,-0.180511,0.7917,0.4151,0.2654,2,ok
0,1339,3.171035,1.321247,2.753777,0.012256,-0.048487,9.559189,0.201400,0.210554,0.210554,0.000000,,0,0,0,1,1,0,0.013943,-0.188435,0.7917,0.3527,0.2613,2,ok
0,1340,3.148763,1.330660,2.765955,0.010729,-0.036309,9.583321,0.201505,0.181051,0.181051,0.000000,,0,0,0,1,1,0,0.011999,-0.182925,0.7708,0.3557,0.2621,2,ok
0,1341,3.130139,1.338141,2.770698,0.009521,-0.054518,9.603561,0.200639,0.077690,0.077690,0.000000,,0,0,0,1,1,0,0.010769,-0.181004,0.7292,0.3599,0.2604,2,ok
0,1342,3.107786,1.346854,2.766552,0.008209,-0.058664,9.627516,0.199735,-0.206182,-0.072310,0.133872,C-06,0,0,0,1,1,0,0.009684,-0.184092,0.7292,0.3455,0.2621,2,ok
0,1343,3.089181,1.354153,2.765455,0.006906,-0.082467,9.647651,0.199868,-0.016355,-0.016355,0.000000,,0,0,0,1,1,0,0.007400,-0.195536,0.7083,0.3474,0.2607,2,ok
0,1344,3.066826,1.362967,2.773678,0.004878,-0.074245,9.671595,0.200534,0.142440,0.133645,-0.008795,C-06,0,0,0,1,1,0,0.006253,-0.199769,0.7500,0.3451,0.2619,2,ok
0,1345,3.048113,1.370297,2.788893,0.003228,-0.059030,9.691624,0.201431,0.593343,0.283645,-0.309698,C-06,0,0,0,1,1,0,0.002738,-0.202440,0.8333,0.3375,0.2635,2,ok
0,1346,3.025479,1.379091,2.817707,0.000902,-0.050590,9.715850,0.203188,0.511557,0.433645,-0.077912,C-06,0,0,0,1,1,0,0.000403,-0.193232,0.8125,0.3487,0.2638,2,ok
0,1347,3.006434,1.386384,2.845683,-0.000984,-0.022614,9.736156,0.204226,0.486303,0.486303,0.000000,,0,0,0,1,1,0,0.000308,-0.173797,0.8125,0.3408,0.2643,2,ok
0,1348,2.983359,1.394662,2.881136,-0.003052,-0.008390,9.760543,0.204247,0.500313,0.500313,0.000000,,0,0,0,1,1,0,0.000200,-0.169888,0.8333,0.3468,0.2635,2,ok
0,1349,2.960090,1.401829,2.907212,-0.004227,0.017686,9.784863,0.202766,0.197440,0.350313,0.152873,C-06,0,0,0,1,1,0,0.002775,-0.127903,0.8125,0.3171,0.2634,2,ok
0,1350,2.940607,1.406994,2.919938,-0.004497,0.010624,9.804948,0.201476,0.046848,0.200313,0.153465,C-06,0,0,0,1,1,0,0.004088,-0.115173,0.7917,0.3013,0.2648,2,ok
0,1351,2.917169,1.412642,2.929336,-0.004537,0.020022,9.829057,0.200866,0.123332,0.123332,0.000000,,0,0,0,1,1,0,0.004286,-0.106440,0.7917,0.3049,0.2639,2,ok
0,1352,2.897595,1.417237,2.941107,-0.004452,0.031794,9.849163,0.201282,0.197447,0.197447,0.000000,,0,0,0,1,1,0,0.002818,-0.101787,0.7292,0.3474,0.2661,2,ok
0,1353,2.874053,1.422394,2.950422,-0.004516,0.021471,9.873156,0.200796,0.120535,0.120535,0.000000,,0,0,0,1,1,0,0.003653,-0.104786,0.6875,0.3390,0.2656,2,ok
0,1354,2.854407,1.426430,2.955899,-0.004351,0.026948,9.893212,0.200543,0.085034,0.085034,0.000000,,0,0,0,1,1,0,0.004566,-0.099410,0.7500,0.3203,0.2637,2,ok
0,1355,2.830805,1.431144,2.962707,-0.004272,0.015169,9.917201,0.200567,0.090648,0.090648,0.000000,,0,0,0,1,1,0,0.004055,-0.098726,0.8333,0.3230,0.2635,2,ok
0,1356,2.811108,1.435002,2.972023,-0.004297,0.024484,9.937271,0.200853,0.152144,0.152144,0.000000,,0,0,0,1,1,0,0.004972,-0.097710,0.7917,0.3024,0.2621,2,ok
0,1357,2.787437,1.439371,2.979637,-0.004153,0.012761,9.961270,0.200567,0.096577,0.096577,0.000000,,0,0,0,1,1,0,0.003521,-0.098118,0.7500,0.3412,0.2648,2,ok
0,1358,2.763731,1.443629,2.990383,-0.004222,0.023507,9.985355,0.200825,0.143508,0.143508,0.000000,,0,0,0,1,1,0,0.002225,-0.098605,0.7708,0.3829,0.2681,2,ok
0,1359,2.743947,1.447027,2.998893,-0.004125,0.032017,10.005429,0.200722,0.131512,0.131512,0.000000,,0,0,0,1,1,0,0.003608,-0.094926,0.8125,0.3419,0.2646,2,ok
0,1360,2.720179,1.450746,3.005943,-0.004014,0.020681,10.029416,0.200454,0.088001,0.088001,0.000000,,0,0,0,1,1,0,0.003608,-0.094926,0.8125,0.3419,0.2646,2,ok
0,1361,2.700356,1.453688,3.011124,-0.003809,0.025861,10.049455,0.200395,0.079322,0.079322,0.000000,,0,0,0,1,1,0,0.004516,-0.087761,0.7083,0.3283,0.2644,2,ok
0,1362,2.676552,1.457017,3.015820,-0.003608,0.012822,10.073418,0.200281,0.058822,0.058822,0.000000,,0,0,0,1,1,0,0.003880,-0.090148,0.7292,0.3457,0.2655,2,ok
0,1363,2.656699,1.459736,3.025150,-0.003568,0.022152,10.093456,0.200485,0.150125,0.150125,0.000000,,0,0,0,1,1,0,0.001672,-0.097480,0.7917,0.3791,0.2704,2,ok
0,1364,2.632848,1.462949,3.035095,-0.003552,0.013619,10.117455,0.200552,0.124601,0.124601,0.000000,,0,0,0,1,1,0,0.002754,-0.097387,0.8125,0.3677,0.2676,2,ok
0,1365,2.612952,1.465518,3.045036,-0.003743,0.023560,10.137516,0.200643,0.152209,0.152209,0.000000,,0,0,0,1,1,0,0.000976,-0.096896,0.8333,0.4347,0.2697,2,ok
0,1366,2.589053,1.468257,3.054415,-0.003627,0.032940,10.161571,0.200434,0.114860,0.114860,0.000000,,0,0,0,1,1,0,0.001532,-0.096968,0.8542,0.4218,0.2683,2,ok
0,1367,2.565139,1.470562,3.059185,-0.003392,0.020014,10.185539,0.200190,0.055933,0.055933,0.000000,,0,0,0,1,1,0,0.004184,-0.090138,0.7708,0.3561,0.2708,2,ok
0,1368,2.545200,1.472420,3.067780,-0.003181,0.028609,10.205563,0.200312,0.134081,0.134081,0.000000,,0,0,0,1,1,0,0.001683,-0.090872,0.7917,0.4093,0.2658,2,ok
0,1369,2.521263,1.474301,3.070508,-0.002829,0.013668,10.229510,0.200079,0.027422,0.027422,0.000000,,0,0,0,1,1,0,-0.001877,-0.088541,0.7917,0.5126,0.2688,2,ok
0,1370,2.501314,1.475767,3.070000,-0.002646,0.013160,10.249512,0.200022,-0.010989,-0.010989,0.000000,,0,0,0,1,1,0,-0.000503,-0.088256,0.7708,0.4736,0.2705,2,ok
0,1371,2.477369,1.477520,3.077839,-0.002469,0.003743,10.273487,0.200122,0.104718,0.104718,0.000000,,0,0,0,1,1,0,0.001485,-0.094067,0.6875,0.4189,0.2663,2,ok
0,1372,2.457405,1.478980,3.086753,-0.002547,0.012657,10.293505,0.200227,0.133353,0.133353,0.000000,,0,0,0,1,1,0,-0.006617,-0.095961,0.7708,0.6030,0.2719,2,ok
0,1373,2.433434,1.480726,3.097633,-0.002634,0.023537,10.317539,0.200310,0.132361,0.132361,0.000000,,0,0,0,1,1,0,-0.003147,-0.099492,0.7708,0.5444,0.2708,2,ok
0,1374,2.413450,1.482064,3.106962,-0.002891,0.015243,10.337515,0.200272,0.135575,0.135575,0.000000,,0,0,0,1,1,0,-0.000326,-0.097577,0.7917,0.5058,0.2701,2,ok
0,1375,2.389459,1.483530,3.121607,-0.003161,0.029887,10.361549,0.200290,0.178213,0.178213,0.000000,,0,0,0,1,1,0,-0.000840,-0.092894,0.7917,0.5391,0.2626,2,ok
0,1376,2.365462,1.484465,3.131218,-0.003097,0.022615,10.385511,0.200104,0.110325,0.110325,0.000000,,0,0,0,1,1,0,-0.000647,-0.088866,0.8125,0.5846,0.2661,2,ok
0,1377,2.345462,1.485091,3.139704,-0.003070,0.031101,10.405521,0.200078,0.121114,0.121114,0.000000,,0,0,0,1,1,0,-0.001355,-0.089424,0.8125,0.6019,0.2655,2,ok
0,1378,2.321462,1.485162,3.139911,-0.002413,0.013646,10.429469,0.200000,-0.006087,-0.006087,0.000000,,0,0,0,1,1,0,0.001072,-0.089533,0.7917,0.5768,0.2627,2,ok
0,1379,2.301462,1.485186,3.132989,-0.002130,0.006723,10.449467,0.199993,-0.106420,-0.106420,0.000000,,0,0,0,1,1,0,-0.000503,-0.093617,0.7708,0.6395,0.2672,2,ok
0,1380,2.277463,1.485394,3.135999,-0.001970,0.009734,10.473466,0.200005,0.088342,0.043580,-0.044762,C-06,0,0,0,1,1,0,0.002550,-0.105479,0.7292,0.5512,0.2636,2,ok
0,1381,2.257463,1.485575,3.141380,-0.002103,-0.002116,10.493433,0.200008,0.078664,0.078664,0.000000,,0,0,0,1,1,0,0.002748,-0.128672,0.7292,0.5649,0.2629,2,ok
0,1382,2.233464,1.485792,-3.132227,-0.002367,0.007463,10.517432,0.200000,0.115629,0.115629,0.000000,,0,0,0,1,1,0,0.005045,-0.136844,0.7708,0.5070,0.2612,2,ok
0,1383,2.213465,1.485882,-3.126442,-0.002611,-0.004757,10.537386,0.199978,0.079495,0.079495,0.000000,,0,0,0,1,1,0,0.002690,-0.138316,0.8125,0.5727,0.2653,2,ok
0,1384,2.189471,1.485909,-3.113636,-0.003099,0.008049,10.561375,0.199925,0.158129,0.158129,0.000000,,0,0,0,1,1,0,0.006719,-0.147848,0.8333,0.4816,0.2622,2,ok
0,1385,2.165485,1.485845,-3.100588,-0.003495,0.021097,10.582810,0.199844,0.157153,0.157153,0.000000,,0,0,0,1,1,0,0.006347,-0.145085,0.7917,0.4902,0.2641,2,ok
0,1386,2.145505,1.485338,-3.094158,-0.003757,0.010330,10.605283,0.199863,0.088747,0.088747,0.000000,,0,0,0,1,1,0,0.007999,-0.142437,0.8125,0.4400,0.2633,2,ok
0,1387,2.121538,1.484612,-3.084096,-0.003904,0.020393,10.629260,0.199778,0.125201,0.125201,0.000000,,0,0,0,1,1,0,0.009488,-0.151655,0.8125,0.4018,0.2593,2,ok
0,1388,2.101576,1.483895,-3.075152,-0.004211,0.010676,10.649150,0.199724,0.132216,0.132216,0.000000,,0,0,0,1,1,0,0.007728,-0.159437,0.7917,0.4177,0.2623,2,ok
0,1389,2.077637,1.482758,-3.065264,-0.004450,0.020564,10.673114,0.199697,0.121389,0.121389,0.000000,,0,0,0,1,1,0,0.008796,-0.160210,0.7083,0.3633,0.2605,2,ok
0,1390,2.057695,1.481265,-3.066564,-0.004179,-0.002679,10.693055,0.200015,-0.096854,-0.028611,0.068243,C-06,0,0,0,1,1,0,0.007373,-0.171433,0.7083,0.3659,0.2639,2,ok
0,1391,2.033760,1.479439,-3.069359,-0.004047,-0.005474,10.717059,0.200056,-0.034836,-0.034836,0.000000,,0,0,0,1,1,0,0.008064,-0.178694,0.7708,0.3175,0.2573,2,ok
0,1392,2.013817,1.477993,-3.062474,-0.004012,0.001412,10.737054,0.199900,0.255445,0.115164,-0.140281,C-06,0,0,0,1,1,0,0.003512,-0.182039,0.7917,0.3593,0.2631,2,ok
0,1393,1.989912,1.476265,-3.042151,-0.004497,-0.004259,10.760917,0.199551,0.339252,0.265164,-0.074087,C-06,0,0,0,1,1,0,0.003704,-0.184208,0.7917,0.3027,0.2608,2,ok
0,1394,1.966054,1.474534,-3.023266,-0.005042,0.014627,10.784832,0.199163,0.237402,0.237402,0.000000,,0,0,0,1,1,0,0.002438,-0.168926,0.8333,0.3100,0.2650,2,ok
0,1395,1.946217,1.472997,-3.004287,-0.005776,0.005022,10.804536,0.198837,0.294931,0.294931,0.000000,,0,0,0,1,1,0,0.001781,-0.155284,0.8125,0.2927,0.2621,2,ok
0,1396,1.922491,1.470858,-2.976264,-0.006705,0.033045,10.828340,0.198318,0.369267,0.369267,0.000000,,0,0,0,1,1,0,0.002450,-0.152143,0.7917,0.2628,0.2626,2,ok
0,1397,1.902790,1.468204,-2.961688,-0.006605,0.047621,10.847856,0.198816,0.059863,0.219267,0.159404,C-06,0,0,0,1,1,0,0.002618,-0.140485,0.7500,0.2560,0.2621,2,ok
0,1398,1.879191,1.464150,-2.955703,-0.006525,0.022199,10.871916,0.199587,-0.027667,0.069267,0.096934,C-06,0,0,0,1,1,0,0.004337,-0.130054,0.7917,0.2156,0.2615,2,ok
0,1399,1.859529,1.460467,-2.960054,-0.006148,0.017848,10.891917,0.200153,-0.162737,-0.080733,0.082004,C-06,0,0,0,1,1,0,0.002444,-0.125868,0.7292,0.2239,0.2604,2,ok
0,1400,1.835908,1.456027,-2.967720,-0.006144,-0.020788,10.915747,0.200417,-0.102690,-0.102690,0.000000,,0,0,0,1,1,0,0.002871,-0.134682,0.7292,0.1675,0.2602,2,ok
0,1401,1.816212,1.452556,-2.965518,-0.006661,-0.018585,10.935739,0.199915,0.095748,0.047310,-0.048437,C-06,0,0,0,1,1,0,-0.002858,-0.142047,0.7292,0.2313,0.2642,2,ok
0,1402,1.792612,1.448415,-2.951394,-0.007397,-0.032196,10.959491,0.199427,0.344076,0.197310,-0.146766,C-06,0,0,0,1,1,0,-0.002529,-0.147266,0.8333,0.1649,0.2623,2,ok
0,1403,1.769101,1.444273,-2.926371,-0.008669,-0.007173,10.983329,0.198459,0.377442,0.347310,-0.030131,C-06,0,0,0,1,1,0,-0.005561,-0.143882,0.7917,0.2147,0.2656,2,ok
0,1404,1.749592,1.440508,-2.913594,-0.009404,0.005604,11.003185,0.198710,0.113599,0.197310,0.083711,C-06,0,0,0,1,1,0,-0.003496,-0.124322,0.8125,0.1447,0.2645,2,ok
0,1405,1.726251,1.435625,-2.899617,-0.010312,-0.005070,11.026799,0.198697,0.191255,0.191255,0.000000,,0,0,0,1,1,0,-0.004626,-0.114357,0.7917,0.1734,0.2646,2,ok
0,1406,1.706866,1.431347,-2.886347,-0.010965,0.008201,11.046640,0.198446,0.223103,0.223103,0.000000,,0,0,0,1,1,0,-0.003641,-0.106381,0.8125,0.1283,0.2663,2,ok
0,1407,1.683693,1.425882,-2.870273,-0.011556,0.003668,11.070243,0.198384,0.224436,0.224436,0.000000,,0,0,0,1,1,0,-0.003240,-0.094356,0.7500,0.1029,0.2640,2,ok
0,1408,1.664474,1.421128,-2.851433,-0.012052,0.022507,11.090035,0.197627,0.327186,0.327186,0.000000,,0,0,0,1,1,0,-0.003114,-0.078671,0.7292,0.0880,0.2666,2,ok
0,1409,1.641525,1.414712,-2.838268,-0.011932,0.035672,11.113864,0.198644,-0.029993,0.177186,0.207179,C-06,0,0,0,1,1,0,-0.003627,-0.060812,0.7292,0.1098,0.2639,2,ok
0,1410,1.622457,1.408942,-2.832516,-0.011837,0.023704,11.133523,0.199279,0.091935,0.091935,0.000000,,0,0,0,1,1,0,-0.001834,-0.058373,0.7083,0.0829,0.2667,2,ok
0,1411,1.599618,1.401863,-2.825924,-0.011576,0.030295,11.157432,0.199251,0.095046,0.095046,0.000000,,0,0,0,1,1,0,-0.003106,-0.052104,0.7917,0.1033,0.2667,2,ok
0,1412,1.576824,1.394590,-2.820554,-0.011319,0.019480,11.181200,0.199394,0.076314,0.076314,0.000000,,0,0,0,1,1,0,-0.001407,-0.045446,0.8125,0.0669,0.2694,2,ok
0,1413,1.557864,1.388462,-2.814672,-0.011134,0.025363,11.201125,0.199170,0.104592,0.104592,0.000000,,0,0,0,1,1,0,-0.001935,-0.042556,0.7917,0.0711,0.2648,3,ok
0,1414,1.535157,1.380931,-2.809194,-0.010820,0.016782,11.224906,0.199377,0.077909,0.077909,0.000000,,0,0,0,1,1,0,-0.001465,-0.038900,0.8125,0.0556,0.2694,2,ok
0,1415,1.516265,1.374542,-2.805151,-0.010623,0.020825,11.244848,0.199437,0.070168,0.070168,0.000000,,0,0,0,1,1,0,-0.002043,-0.031443,0.7917,0.0643,0.2661,3,ok
0,1416,1.493619,1.366685,-2.803029,-0.010199,0.022948,11.268815,0.199766,0.028972,0.028972,0.000000,,0,0,0,1,1,0,-0.001350,-0.026621,0.7917,0.0414,0.2669,2,ok
0,1417,1.474743,1.360045,-2.806951,-0.010039,0.008001,11.288674,0.200237,-0.076675,-0.076675,0.000000,,0,0,0,1,1,0,-0.001350,-0.024972,0.7500,0.0304,0.2670,2,ok
0,1418,1.452053,1.352071,-2.812401,-0.009871,0.002551,11.312723,0.200571,-0.079562,-0.079562,0.000000,,0,0,0,1,1,0,0.000087,-0.032576,0.7708,-0.0101,0.2665,2,ok
0,1419,1.433136,1.345592,-2.809083,-0.009971,-0.003652,11.332651,0.199805,0.138878,0.070438,-0.068440,C-06,0,0,0,1,1,0,-0.001099,-0.036213,0.6667,-0.0117,0.2669,3,ok
0,1420,1.410477,1.337835,-2.802223,-0.010164,0.003208,11.356600,0.199384,0.102038,0.102038,0.000000,,0,0,0,1,1,0,-0.001727,-0.040854,0.7917,-0.0172,0.2673,2,ok
0,1421,1.387859,1.329941,-2.799027,-0.010271,-0.001822,11.380486,0.199650,0.043340,0.043340,0.000000,,0,0,0,1,1,0,0.000462,-0.034765,0.7917,-0.0679,0.2655,3,ok
0,1422,1.369040,1.323325,-2.792963,-0.010404,0.004243,11.400433,0.199294,0.112096,0.112096,0.000000,,0,0,0,1,1,0,-0.002046,-0.029902,0.8125,-0.0254,0.2675,2,ok
0,1423,1.346507,1.315283,-2.787661,-0.010451,0.009544,11.423018,0.199390,0.075754,0.075754,0.000000,,0,0,0,1,1,0,-0.001677,-0.024300,0.8125,-0.0449,0.2690,3,ok
0,1424,1.327759,1.308471,-2.783949,-0.010507,0.006816,11.444240,0.199475,0.065003,0.065003,0.000000,,0,0,0,1,1,0,-0.001616,-0.017642,0.7917,-0.0488,0.2664,3,ok
0,1425,1.305286,1.300124,-2.782071,-0.010395,0.008694,11.468213,0.199796,0.025169,0.025169,0.000000,,0,0,0,1,1,0,-0.000499,-0.011401,0.8125,-0.0827,0.2657,2,ok
0,1426,1.286545,1.293090,-2.788374,-0.010325,-0.002299,11.488164,0.200394,-0.184391,-0.124831,0.059560,C-06,0,0,0,1,1,0,-0.001508,-0.003048,0.7500,-0.0743,0.2662,3,ok
0,1427,1.263964,1.284643,-2.804467,-0.010311,-0.018393,11.512273,0.201391,-0.245796,-0.245796,0.000000,,0,0,0,1,1,0,-0.002795,-0.007574,0.7292,-0.0715,0.2679,3,ok
0,1428,1.245069,1.277838,-2.810552,-0.010592,-0.028821,11.532294,0.200789,0.140953,-0.095796,-0.236749,C-06,0,0,0,1,1,0,-0.001448,-0.026071,0.6875,-0.1389,0.2664,3,ok
0,1429,1.222381,1.270023,-2.807537,-0.011346,-0.025805,11.556278,0.199811,0.167908,0.054204,-0.113704,C-06,0,0,0,1,1,0,-0.003490,-0.035170,0.7708,-0.1262,0.2643,2,ok
0,1430,1.199744,1.262228,-2.797740,-0.012091,-0.019023,11.580230,0.199215,0.150526,0.150526,0.000000,,0,0,0,1,1,0,-0.004667,-0.031852,0.8542,-0.1347,0.2652,3,ok
0,1431,1.180936,1.255669,-2.791818,-0.012605,-0.013101,11.600142,0.199194,0.100484,0.100484,0.000000,,0,0,0,1,1,0,-0.005605,-0.018731,0.7917,-0.1245,0.2654,2,ok
0,1432,1.158417,1.247657,-2.784871,-0.013071,-0.006154,11.624039,0.199176,0.102652,0.102652,0.000000,,0,0,0,1,1,0,-0.004514,-0.010171,0.8125,-0.1647,0.2653,2,ok
0,1433,1.139692,1.240814,-2.780418,-0.013385,-0.003343,11.643906,0.199379,0.077114,0.077114,0.000000,,0,0,0,1,1,0,-0.006011,-0.000367,0.7917,-0.1271,0.2680,3,ok
0,1434,1.117265,1.232500,-2.774741,-0.013660,0.002335,11.667823,0.199318,0.084770,0.084770,0.000000,,0,0,0,1,1,0,-0.005360,0.007283,0.7917,-0.1449,0.2673,3,ok
0,1435,1.098587,1.225341,-2.777703,-0.013663,-0.000214,11.687832,0.200187,-0.069329,-0.065230,0.004099,C-06,0,0,0,1,1,0,-0.005368,0.018467,0.7500,-0.1390,0.2694,2,ok
0,1436,1.076104,1.216780,-2.791448,-0.013716,-0.013959,11.711889,0.200902,-0.283176,-0.215230,0.067946,C-06,0,0,0,1,1,0,-0.002413,0.018598,0.7500,-0.2123,0.2674,3,ok
0,1437,1.057302,1.209799,-2.795660,-0.013924,-0.018415,11.731951,0.200536,0.058570,-0.065230,-0.123800,C-06,0,0,0,1,1,0,-0.007126,0.016437,0.7083,-0.1548,0.2682,2,ok
0,1438,1.034739,1.201658,-2.791524,-0.014387,-0.014279,11.755933,0.199736,0.066660,0.066660,0.000000,,0,0,0,1,1,0,-0.006167,0.015412,0.7083,-0.2048,0.2694,2,ok
0,1439,1.012177,1.193427,-2.796564,-0.014745,-0.016645,11.780013,0.200323,-0.131176,-0.083340,0.047836,C-06,0,0,0,1,1,0,-0.007084,0.018684,0.8333,-0.1982,0.2668,3,ok
0,1440,0.993356,1.186661,-2.796035,-0.015065,-0.016116,11.800011,0.199946,0.017484,0.017484,0.000000,,0,0,0,1,1,0,-0.005732,0.015707,0.8333,-0.2493,0.2670,2,ok
0,1441,0.970800,1.178547,-2.789210,-0.015444,-0.009291,11.823978,0.199541,0.106281,0.106281,0.000000,,0,0,0,1,1,0,-0.005749,0.016808,0.8333,-0.2629,0.2675,2,ok
0,1442,0.952043,1.171752,-2.785558,-0.015741,-0.002672,11.843904,0.199506,0.061141,0.061141,0.000000,,0,0,0,1,1,0,-0.006750,0.024757,0.7708,-0.2386,0.2673,3,ok
0,1443,0.929559,1.163461,-2.783061,-0.015963,-0.000175,11.867867,0.199715,0.035234,0.035234,0.000000,,0,0,0,1,1,0,-0.005994,0.036649,0.7708,-0.2590,0.2654,2,ok
0,1444,0.910812,1.156446,-2.788890,-0.015928,-0.001982,11.888034,0.200366,-0.170406,-0.114766,0.055639,C-06,0,0,0,1,1,0,-0.004575,0.046884,0.7917,-0.3009,0.2636,2,ok
0,1445,0.888223,1.148031,-2.806101,-0.015843,-0.019194,11.912139,0.201396,-0.477725,-0.264766,0.212959,C-06,0,0,0,1,1,0,-0.003536,0.047647,0.7292,-0.3442,0.2639,3,ok
0,1446,0.869276,1.141019,-2.826042,-0.015800,-0.034611,11.932373,0.202578,-0.355256,-0.355256,0.000000,,0,0,0,1,1,0,-0.005833,0.048293,0.7083,-0.3048,0.2691,3,ok
0,1447,0.846404,1.133074,-2.841076,-0.016208,-0.049644,11.956582,0.201695,0.201547,-0.205256,-0.406804,C-06,0,0,0,1,1,0,-0.006145,0.028928,0.7708,-0.3655,0.2674,2,ok
0,1448,0.823463,1.125824,-2.845401,-0.017253,-0.047233,11.980715,0.200441,0.098550,-0.055256,-0.153806,C-06,0,0,0,1,1,0,-0.009185,0.015626,0.8333,-0.3890,0.2680,3,ok
0,1449,0.804346,1.119980,-2.840528,-0.018228,-0.042360,12.000682,0.199730,0.156870,0.094744,-0.062126,C-06,0,0,0,1,1,0,-0.008430,0.015471,0.8125,-0.4421,0.2671,3,ok
0,1450,0.781449,1.112980,-2.833985,-0.019396,-0.035817,12.022914,0.199355,0.093618,0.093618,0.000000,,0,0,0,1,1,0,-0.011409,0.026015,0.8125,-0.3984,0.2705,3,ok
0,1451,0.762413,1.107147,-2.825297,-0.020203,-0.020342,12.044624,0.198858,0.155889,0.155889,0.000000,,0,0,0,1,1,0,-0.010084,0.035460,0.8125,-0.4308,0.2716,2,ok
0,1452,0.739609,1.099707,-2.824367,-0.020757,-0.019413,12.068605,0.199953,-0.007349,0.005889,0.013238,C-06,0,0,0,1,1,0,-0.008279,0.051794,0.7917,-0.4795,0.2686,2,ok
0,1453,0.720586,1.093469,-2.831927,-0.021029,-0.018487,12.088824,0.200418,-0.172997,-0.144111,0.028886,C-06,0,0,0,1,1,0,-0.005690,0.068800,0.7708,-0.5386,0.2686,2,ok
0,1454,0.697691,1.085982,-2.841978,-0.021338,-0.028538,12.112909,0.200992,-0.143943,-0.143943,0.000000,,0,0,0,1,1,0,-0.008338,0.070779,0.7500,-0.5182,0.2666,2,ok
0,1455,0.678559,1.079785,-2.850127,-0.021533,-0.026593,12.133228,0.201123,-0.138918,-0.138918,0.000000,,0,0,0,1,1,0,-0.007324,0.064790,0.7292,-0.5462,0.2655,2,ok
0,1456,0.655560,1.072800,-2.852773,-0.022118,-0.029240,12.157256,0.200238,-0.030259,-0.030259,0.000000,,0,0,0,1,1,0,-0.007143,0.069600,0.7917,-0.5842,0.2636,3,ok
0,1457,0.632535,1.065867,-2.858712,-0.022638,-0.023989,12.181530,0.200537,-0.088130,-0.088130,0.000000,,0,0,0,1,1,0,-0.010078,0.072684,0.8125,-0.5805,0.2667,3,ok
0,1458,0.613320,1.060153,-2.862331,-0.023033,-0.027608,12.201573,0.200462,-0.058970,-0.058970,0.000000,,0,0,0,1,1,0,-0.007201,0.077972,0.8333,-0.6744,0.2722,3,ok
0,1459,0.590236,1.053389,-2.866450,-0.023502,-0.019788,12.225944,0.200451,-0.057920,-0.057920,0.000000,,0,0,0,1,1,0,-0.008897,0.077314,0.7917,-0.6625,0.2714,3,ok
0,1460,0.570985,1.047911,-2.867663,-0.023857,-0.021001,12.245957,0.200132,-0.017195,-0.017195,0.000000,,0,0,0,1,1,0,-0.009344,0.079789,0.7917,-0.6599,0.2705,3,ok
0,1461,0.547852,1.041395,-2.877069,-0.024308,-0.017087,12.270288,0.200506,-0.141350,-0.141350,0.000000,,0,0,0,1,1,0,-0.011612,0.097246,0.7708,-0.6378,0.2692,3,ok
0,1462,0.528509,1.035967,-2.892733,-0.024488,-0.032751,12.290377,0.201252,-0.272431,-0.272431,0.000000,,0,0,0,1,1,0,-0.009904,0.103922,0.7500,-0.6939,0.2727,3,ok
0,1463,0.505204,1.029512,-2.908039,-0.024787,-0.048057,12.314558,0.201565,-0.206848,-0.206848,0.000000,,0,0,0,1,1,0,-0.010803,0.101729,0.7500,-0.7427,0.2672,3,ok
0,1464,0.485732,1.024630,-2.914300,-0.025267,-0.039837,12.334959,0.200683,-0.094651,-0.094651,0.000000,,0,0,0,1,1,0,-0.013172,0.102148,0.7500,-0.7253,0.2644,3,ok
0,1465,0.462335,1.019019,-2.919499,-0.026080,-0.045036,12.359006,0.200488,-0.069144,-0.069144,0.000000,,0,0,0,1,1,0,-0.011776,0.104342,0.7500,-0.8129,0.2635,3,ok
0,1466,0.438927,1.013726,-2.917961,-0.026874,-0.027451,12.383427,0.199928,0.025009,0.025009,0.000000,,0,0,0,1,1,0,-0.015520,0.113495,0.8333,-0.7634,0.2617,3,ok
0,1467,0.419419,1.009291,-2.921318,-0.027454,-0.030808,12.403425,0.200140,-0.061368,-0.061368,0.000000,,0,0,0,1,1,0,-0.017475,0.127636,0.8125,-0.7304,0.2619,3,ok
0,1468,0.395999,1.004048,-2.921152,-0.027968,-0.012782,12.427867,0.199984,0.005645,0.005645,0.000000,,0,0,0,1,1,0,-0.017375,0.132253,0.7708,-0.7350,0.2633,3,ok
0,1469,0.376489,0.999682,-2.918239,-0.028292,-0.009870,12.447857,0.199866,0.050829,0.050829,0.000000,,0,0,0,1,1,0,-0.016896,0.155291,0.7708,-0.7720,0.2571,3,ok
0,1470,0.353070,0.994366,-2.924735,-0.028329,0.003320,12.472484,0.200273,-0.125409,-0.099171,0.026238,C-06,0,0,0,1,1,0,-0.016477,0.163943,0.7917,-0.7768,0.2602,3,ok
0,1471,0.333510,0.989931,-2.939301,-0.028165,-0.011245,12.492540,0.200845,-0.272160,-0.249171,0.022989,C-06,0,0,0,1,1,0,-0.019278,0.192477,0.7292,-0.6994,0.2638,3,ok
0,1472,0.309959,0.984609,-2.956221,-0.027763,-0.007242,12.517283,0.201486,-0.224469,-0.224469,0.000000,,0,0,0,1,1,0,-0.016546,0.204426,0.7083,-0.7546,0.2557,3,ok
0,1473,0.290291,0.980696,-2.961571,-0.027700,-0.012592,12.537337,0.200464,0.090834,-0.074469,-0.165303,C-06,0,0,0,1,1,0,-0.021124,0.198842,0.7708,-0.6683,0.2592,3,ok
0,1474,0.266660,0.976103,-2.970631,-0.027558,0.002774,12.562032,0.200749,-0.122200,-0.122200,0.000000,,0,0,0,1,1,0,-0.020392,0.198584,0.7917,-0.6693,0.2599,3,ok
0,1475,0.242997,0.971754,-2.976955,-0.027293,-0.003550,12.586090,0.200475,-0.080649,-0.080649,0.000000,,0,0,0,1,1,0,-0.020890,0.213262,0.8333,-0.6318,0.2566,3,ok
0,1476,0.223273,0.968462,-2.973270,-0.027280,0.025313,12.606711,0.199879,0.136062,0.069351,-0.066711,C-06,0,0,0,1,1,0,-0.020890,0.213262,0.8333,-0.6318,0.2566,3,ok
0,1477,0.199603,0.964440,-2.978593,-0.026791,0.019989,12.630715,0.200176,-0.138630,-0.080649,0.057981,C-06,0,0,0,1,1,0,-0.018007,0.244989,0.8125,-0.6135,0.2561,3,ok
0,1478,0.179848,0.961082,-2.992280,-0.026273,0.034047,12.651637,0.200580,-0.280349,-0.230649,0.049700,C-06,0,0,0,1,1,0,-0.018569,0.259187,0.7917,-0.5485,0.2572,3,ok
0,1479,0.156069,0.957053,-3.020985,-0.024980,0.005342,12.675720,0.201333,-0.441546,-0.380649,0.060897,C-06,0,0,0,1,1,0,-0.015163,0.258589,0.7292,-0.5787,0.2560,3,ok
0,1480,0.136192,0.953799,-3.040042,-0.024013,-0.013714,12.694458,0.201363,-0.281441,-0.281441,0.000000,,0,0,0,1,1,0,-0.016628,0.248343,0.7292,-0.5028,0.2607,3,ok
0,1481,0.112302,0.950861,-3.051341,-0.023165,0.005204,12.720503,0.200518,0.315404,-0.131441,-0.446845,C-06,0,0,0,1,1,0,-0.016628,0.248343,0.7292,-0.5028,0.2607,3,ok
0,1482,0.092383,0.949022,-3.050916,-0.023102,0.005628,12.740506,0.199990,0.689446,0.018559,-0.670887,C-06,0,0,0,1,1,0,-0.015909,0.238880,0.7708,-0.4295,0.2587,3,ok
0,1483,0.068479,0.946864,-3.053448,-0.022240,0.035740,12.765286,0.200032,-0.035438,-0.035438,0.000000,,0,0,0,1,1,0,-0.013709,0.241365,0.7917,-0.4541,0.2615,3,ok
0,1484,0.044564,0.944705,-3.062399,-0.021278,0.059670,12.790028,0.200176,-0.116792,-0.116792,0.000000,,0,0,0,1,1,0,-0.008735,0.255257,0.7708,-0.4206,0.2587,3,ok
0,1485,0.024616,0.942906,-3.077982,-0.019872,0.044087,12.810007,0.200393,-0.241663,-0.241663,0.000000,,0,0,0,1,1,0,-0.008104,0.257924,0.8125,-0.3783,0.2595,3,ok
0,1486,0.000650,0.940748,-3.099848,-0.018185,0.022221,12.832318,0.200625,-0.268284,-0.268284,0.000000,,0,0,0,1,1,0,-0.004859,0.262182,0.7917,-0.3979,0.2561,3,ok
0,1487,-0.019342,0.938949,-3.127858,-0.016010,0.028906,12.854606,0.200784,-0.467313,-0.418284,0.049029,C-06,0,0,0,1,1,0,-0.004628,0.253282,0.7500,-0.3487,0.2605,3,ok
0,1488,-0.043340,0.937017,3.121209,-0.013712,-0.005212,12.878123,0.200388,-0.402979,-0.402979,0.000000,,0,0,0,1,1,0,-0.002337,0.235918,0.7292,-0.3537,0.2604,3,ok
0,1489,-0.063330,0.936298,3.098296,-0.011967,0.005676,12.898979,0.199880,-0.325143,-0.325143,0.000000,,0,0,0,1,1,0,-0.002747,0.211473,0.7500,-0.3113,0.2640,3,ok
0,1490,-0.087298,0.936632,3.083057,-0.011099,-0.009563,12.922934,0.199718,0.251875,-0.175143,-0.427018,C-06,0,0,0,1,1,0,-0.000275,0.190580,0.7500,-0.3296,0.2597,3,ok
0,1491,-0.107262,0.937687,3.080524,-0.010492,0.020153,12.943298,0.199942,0.059128,-0.025143,-0.084271,C-06,0,0,0,1,1,0,-0.001209,0.185405,0.8125,-0.2747,0.2633,3,ok
0,1492,-0.131207,0.939034,3.067120,-0.009812,0.006749,12.967271,0.199771,-0.334040,-0.175143,0.158898,C-06,0,0,0,1,1,0,0.001190,0.184959,0.8333,-0.2883,0.2604,3,ok
0,1493,-0.155117,0.940381,3.042061,-0.008500,0.012361,12.991473,0.199350,-0.350854,-0.325143,0.025711,C-06,0,0,0,1,1,0,0.002725,0.178490,0.7917,-0.2569,0.2655,3,ok
0,1494,-0.174991,0.941503,3.016961,-0.007346,-0.012738,13.011346,0.198800,-0.386595,-0.386595,0.000000,,0,0,0,1,1,0,0.003021,0.169009,0.7500,-0.2501,0.2622,3,ok
0,1495,-0.198747,0.942985,2.980559,-0.005598,-0.020939,13.035273,0.198047,-0.476880,-0.476880,0.000000,,0,0,0,1,1,0,0.003404,0.149446,0.7500,-0.2615,0.2663,3,ok
0,1496,-0.218423,0.944638,2.941868,-0.004458,-0.059631,13.054986,0.197005,-0.781780,-0.626880,0.154899,C-06,0,0,0,1,1,0,0.001747,0.126627,0.7083,-0.2281,0.2661,3,ok
0,1497,-0.241853,0.947975,2.905833,-0.004039,-0.069716,13.078768,0.197122,-0.245808,-0.476880,-0.231072,C-06,0,0,0,1,1,0,0.000188,0.103410,0.7292,-0.2219,0.2665,3,ok
0,1498,-0.261250,0.951832,2.885380,-0.004586,-0.090169,13.098536,0.197791,1.000000,-0.326880,-1.326880,C-06,0,0,0,1,1,0,-0.002433,0.058182,0.7917,-0.2236,0.2652,3,ok
0,1499,-0.284423,0.957426,2.872042,-0.005940,-0.080038,13.122457,0.198714,0.899298,-0.176880,-1.076178,C-06,0,0,0,1,1,0,-0.005457,0.039484,0.8542,-0.1854,0.2692,2,ok
0,1500,-0.303695,0.962677,2.869992,-0.007434,-0.082088,13.142375,0.199796,0.052886,-0.026880,-0.079766,C-06,0,0,0,1,1,0,-0.007212,0.031294,0.8125,-0.1791,0.2651,3,ok
0,1501,-0.326838,0.969112,2.877994,-0.009153,-0.052599,13.166534,0.200394,0.137407,0.123120,-0.014288,C-06,0,0,0,1,1,0,-0.007232,0.025478,0.8125,-0.1841,0.2690,3,ok
0,1502,-0.350029,0.975550,2.884319,-0.010511,-0.046274,13.190563,0.200654,0.085636,0.085636,0.000000,,0,0,0,1,1,0,-0.007405,0.045141,0.7292,-0.1696,0.2644,2,ok
0,1503,-0.369364,0.980654,2.881216,-0.011292,-0.029673,13.210740,0.199845,-0.167421,-0.064364,0.103057,C-06,0,0,0,1,1,0,-0.007062,0.052867,0.7917,-0.1644,0.2658,3,ok
0,1504,-0.392513,0.986756,2.866774,-0.011911,-0.044115,13.234671,0.199133,-0.518661,-0.214364,0.304297,C-06,0,0,0,1,1,0,-0.008756,0.062448,0.7917,-0.1059,0.2683,3,ok
0,1505,-0.411713,0.991840,2.848382,-0.012449,-0.062507,13.253115,0.198158,-0.323111,-0.323111,0.000000,,0,0,0,1,1,0,-0.008585,0.054683,0.7292,-0.1315,0.2663,3,ok
0,1506,-0.434643,0.998354,2.835702,-0.013084,-0.057196,13.278568,0.198670,0.366372,-0.173111,-0.539483,C-06,0,0,0,1,1,0,-0.007965,0.042556,0.7500,-0.1555,0.2638,2,ok
0,1507,-0.453707,1.004311,2.833741,-0.014159,-0.059156,13.298512,0.199817,0.153086,-0.023111,-0.176197,C-06,0,0,0,1,1,0,-0.012040,0.024702,0.8125,-0.1015,0.2688,3,ok
0,1508,-0.476572,1.011521,2.831837,-0.015120,-0.044650,13.322727,0.199781,-0.027618,-0.027618,0.000000,,0,0,0,1,1,0,-0.011252,0.025550,0.8542,-0.1257,0.2644,2,ok
0,1509,-0.495622,1.017583,2.832646,-0.015938,-0.043840,13.342701,0.199949,0.017120,0.017120,0.000000,,0,0,0,1,1,0,-0.012093,0.023647,0.8333,-0.1060,0.2675,2,ok
0,1510,-0.518499,1.024862,2.836616,-0.016671,-0.024746,13.366924,0.200170,0.059114,0.059114,0.000000,,0,0,0,1,1,0,-0.012659,0.028659,0.7917,-0.1002,0.2672,2,ok
0,1511,-0.541390,1.032067,2.835819,-0.017242,-0.025544,13.390915,0.199943,-0.015884,-0.015884,0.000000,,0,0,0,1,1,0,-0.012717,0.037005,0.7708,-0.0642,0.2702,3,ok
0,1512,-0.560438,1.038088,2.827227,-0.017534,-0.020239,13.411154,0.199534,-0.160078,-0.160078,0.000000,,0,0,0,1,1,0,-0.011623,0.039159,0.7917,-0.0829,0.2657,2,ok
0,1513,-0.583196,1.045314,2.809060,-0.017798,-0.038406,13.435030,0.198456,-0.271799,-0.271799,0.000000,,0,0,0,1,1,0,-0.012858,0.036662,0.7292,-0.0523,0.2694,3,ok
0,1514,-0.602074,1.051603,2.801497,-0.018200,-0.034148,13.455124,0.199030,0.102030,-0.121799,-0.223829,C-06,0,0,0,1,1,0,-0.014697,0.031011,0.6875,-0.0333,0.2680,2,ok
0,1515,-0.624696,1.059599,2.801205,-0.018975,-0.034440,13.479105,0.200011,0.003024,0.003024,0.000000,,0,0,0,1,1,0,-0.017157,0.020001,0.8125,-0.0035,0.2670,3,ok
0,1516,-0.643559,1.066279,2.804399,-0.019583,-0.020024,13.499321,0.200199,0.060961,0.060961,0.000000,,0,0,0,1,1,0,-0.015329,0.020346,0.8750,-0.0375,0.2646,3,ok
0,1517,-0.666228,1.074296,2.809739,-0.020098,-0.014684,13.523361,0.200527,0.078657,0.078657,0.000000,,0,0,0,1,1,0,-0.016098,0.022724,0.7917,-0.0091,0.2656,3,ok
0,1518,-0.685155,1.080975,2.815631,-0.020514,-0.008792,13.543428,0.200861,0.104627,0.104627,0.000000,,0,0,0,1,1,0,-0.014863,0.024031,0.8125,-0.0320,0.2659,2,ok
0,1519,-0.707925,1.088943,2.824678,-0.020763,0.009829,13.567710,0.201091,0.132571,0.132571,0.000000,,0,0,0,1,1,0,-0.014998,0.023715,0.7917,0.0243,0.2647,3,ok
0,1520,-0.730740,1.096496,2.826995,-0.020605,0.012147,13.591741,0.200227,0.028151,0.028151,0.000000,,0,0,0,1,1,0,-0.012320,0.040798,0.7708,0.0028,0.2644,2,ok
0,1521,-0.749740,1.102688,2.820633,-0.020167,0.014398,13.611947,0.199638,-0.235029,-0.121849,0.113180,C-06,0,0,0,1,1,0,-0.012447,0.047083,0.7708,0.0308,0.2653,3,ok
0,1522,-0.772448,1.110111,2.802615,-0.019659,-0.003620,13.635832,0.198559,-0.472327,-0.271849,0.200478,C-06,0,0,0,1,1,0,-0.013730,0.048808,0.7292,0.0723,0.2677,2,ok
0,1523,-0.791283,1.116529,2.794994,-0.019382,-0.003947,13.655865,0.199027,0.068316,-0.121849,-0.190166,C-06,0,0,0,1,1,0,-0.012221,0.030917,0.6875,0.0389,0.2636,3,ok
0,1524,-0.813860,1.124672,2.796475,-0.019427,-0.002466,13.679866,0.200103,0.441642,0.028151,-0.413491,C-06,0,0,0,1,1,0,-0.014620,0.022502,0.7917,0.0763,0.2690,3,ok
0,1525,-0.832665,1.131438,2.791323,-0.019392,-0.001117,13.699973,0.199683,-0.100717,-0.100717,0.000000,,0,0,0,1,1,0,-0.012990,0.019396,0.8750,0.0591,0.2641,2,ok
0,1526,-0.855213,1.139672,2.793246,-0.019382,0.000806,13.723977,0.200131,0.036502,0.036502,0.000000,,0,0,0,1,1,0,-0.013185,0.014378,0.8125,0.0731,0.2646,2,ok
0,1527,-0.874027,1.146539,2.797880,-0.019354,0.010731,13.744092,0.200417,0.085289,0.085289,0.000000,,0,0,0,1,1,0,-0.013300,0.014127,0.7917,0.0940,0.2663,3,ok
0,1528,-0.896643,1.154764,2.802684,-0.019206,0.015535,13.768156,0.200571,0.069477,0.069477,0.000000,,0,0,0,1,1,0,-0.012422,0.015725,0.7917,0.1025,0.2663,3,ok
0,1529,-0.919277,1.162750,2.802256,-0.018826,0.015107,13.789573,0.199956,-0.011737,-0.011737,0.000000,,0,0,0,1,1,0,-0.010578,0.017104,0.7917,0.0949,0.2657,2,ok
0,1530,-0.938110,1.169407,2.793674,-0.018437,0.010274,13.812198,0.199490,-0.229013,-0.161737,0.067276,C-06,0,0,0,1,1,0,-0.009906,0.017739,0.7708,0.1008,0.2651,2,ok
0,1531,-0.960596,1.177397,2.774524,-0.018023,-0.008876,13.836057,0.198256,-0.293861,-0.293861,0.000000,,0,0,0,1,1,0,-0.010632,0.015502,0.7500,0.1246,0.2656,2,ok
0,1532,-0.979230,1.184321,2.765808,-0.017880,-0.014487,13.856024,0.198853,0.082942,-0.143861,-0.226803,C-06,0,0,0,1,1,0,-0.016487,-0.000890,0.7083,0.2152,0.2745,2,ok
0,1533,-1.001551,1.193115,2.765464,-0.018158,-0.014830,13.880013,0.200022,0.174953,0.006139,-0.168813,C-06,0,0,0,1,1,0,-0.013437,-0.016695,0.7708,0.1564,0.2646,2,ok
0,1534,-1.020180,1.200461,2.773601,-0.018405,-0.004629,13.900024,0.200517,0.195658,0.156139,-0.039518,C-06,0,0,0,1,1,0,-0.015169,-0.023486,0.8125,0.1787,0.2669,2,ok
0,1535,-1.042604,1.209264,2.780567,-0.018671,0.002337,13.924113,0.200825,0.099822,0.099822,0.000000,,0,0,0,1,1,0,-0.014422,-0.023359,0.7917,0.2035,0.2694,3,ok
0,1536,-1.061329,1.216455,2.784553,-0.018729,0.007206,13.944228,0.200565,0.068697,0.068697,0.000000,,0,0,0,1,1,0,-0.014226,-0.019279,0.7708,0.2203,0.2680,2,ok
0,1537,-1.083836,1.224995,2.789578,-0.018647,0.012231,13.968300,0.200614,0.074585,0.074585,0.000000,,0,0,0,1,1,0,-0.013939,-0.012768,0.8125,0.2245,0.2649,2,ok
0,1538,-1.106363,1.233273,2.789134,-0.018317,0.011451,13.992285,0.199962,-0.009399,-0.009399,0.000000,,0,0,0,1,1,0,-0.013931,-0.012913,0.7708,0.2685,0.2717,3,ok
0,1539,-1.125129,1.240166,2.787537,-0.018051,0.009854,14.012275,0.199863,-0.029931,-0.029931,0.000000,,0,0,0,1,1,0,-0.012163,-0.017297,0.7292,0.2388,0.2686,2,ok
0,1540,-1.147660,1.248486,2.792907,-0.017774,0.015224,14.036291,0.200338,0.087487,0.087487,0.000000,,0,0,0,1,1,0,-0.012451,-0.017324,0.7500,0.2582,0.2656,2,ok
0,1541,-1.166471,1.255423,2.797248,-0.017570,0.018812,14.056302,0.200616,0.075649,0.075649,0.000000,,0,0,0,1,1,0,-0.014868,-0.022113,0.7292,0.3337,0.2683,2,ok
0,1542,-1.189074,1.263609,2.799968,-0.017192,0.021532,14.080338,0.200308,0.037686,0.037686,0.000000,,0,0,0,1,1,0,-0.014523,-0.020056,0.7083,0.3325,0.2726,2,ok
0,1543,-1.207923,1.270358,2.801454,-0.016817,0.020509,14.100336,0.200205,0.025128,0.025128,0.000000,,0,0,0,1,1,0,-0.013484,-0.023002,0.8542,0.3794,0.2733,2,ok
0,1544,-1.230570,1.278436,2.807413,-0.016351,0.026467,14.124377,0.200552,0.091806,0.091806,0.000000,,0,0,0,1,1,0,-0.010546,-0.026241,0.7917,0.3346,0.2676,2,ok
0,1545,-1.249478,1.285141,2.811815,-0.015938,0.026992,14.144389,0.200621,0.075682,0.075682,0.000000,,0,0,0,1,1,0,-0.012148,-0.027916,0.8125,0.4037,0.2670,2,ok
0,1546,-1.272193,1.292974,2.813770,-0.015286,0.028947,14.168408,0.200207,0.025440,0.025440,0.000000,,0,0,0,1,1,0,-0.011245,-0.022011,0.7917,0.4204,0.2662,2,ok
0,1547,-1.294888,1.300704,2.805966,-0.014544,0.021143,14.190128,0.199536,-0.124870,-0.124560,0.000310,C-06,0,0,0,1,1,0,-0.009156,-0.034463,0.7708,0.4208,0.2679,2,ok
0,1548,-1.313741,1.307142,2.796275,-0.014070,0.006261,14.212203,0.198934,-0.173926,-0.173926,0.000000,,0,0,0,1,1,0,-0.010214,-0.042780,0.7500,0.4325,0.2626,2,ok
0,1549,-1.336313,1.315209,2.794132,-0.013825,0.004118,14.236173,0.199806,0.153621,-0.023926,-0.177547,C-06,0,0,0,1,1,0,-0.011427,-0.054387,0.7500,0.4691,0.2645,2,ok
0,1550,-1.355137,1.322017,2.800465,-0.013810,0.003999,14.256085,0.200385,0.146936,0.126074,-0.020862,C-06,0,0,0,1,1,0,-0.013456,-0.071324,0.7083,0.5013,0.2652,2,ok
0,1551,-1.377771,1.330154,2.804530,-0.013791,0.008064,14.280138,0.200443,0.054054,0.054054,0.000000,,0,0,0,1,1,0,-0.012103,-0.074757,0.7708,0.4999,0.2660,2,ok
0,1552,-1.396663,1.336898,2.809983,-0.013800,0.005653,14.300078,0.200747,0.099200,0.099200,0.000000,,0,0,0,1,1,0,-0.009950,-0.082134,0.8333,0.4931,0.2663,2,ok
0,1553,-1.419383,1.344943,2.817208,-0.013875,0.012877,14.324180,0.200867,0.105403,0.105403,0.000000,,0,0,0,1,1,0,-0.009256,-0.087172,0.7708,0.5044,0.2651,2,ok
0,1554,-1.438364,1.351568,2.824976,-0.013846,0.020646,14.343070,0.201132,0.137406,0.137406,0.000000,,0,0,0,1,1,0,-0.009397,-0.087937,0.7917,0.5247,0.2655,2,ok
0,1555,-1.461195,1.359250,2.831282,-0.013730,0.016948,14.368269,0.200711,0.087424,0.087424,0.000000,,0,0,0,1,1,0,-0.009397,-0.087937,0.7917,0.5247,0.2655,2,ok
0,1556,-1.484071,1.366789,2.837461,-0.013454,0.023127,14.392354,0.200718,0.088709,0.088709,0.000000,,0,0,0,1,1,0,-0.007103,-0.094663,0.8333,0.5163,0.2658,2,ok
0,1557,-1.503173,1.373001,2.844194,-0.013325,0.018819,14.412307,0.200951,0.117450,0.117450,0.000000,,0,0,0,1,1,0,-0.005581,-0.095835,0.7917,0.5001,0.2639,2,ok
0,1558,-1.526162,1.380401,2.857122,-0.013119,0.031747,14.436458,0.201532,0.188695,0.188695,0.000000,,0,0,0,1,1,0,-0.004673,-0.098176,0.7500,0.4953,0.2631,2,ok
0,1559,-1.545369,1.386121,2.860123,-0.012682,0.021860,14.456281,0.200303,0.011154,0.038695,0.027541,C-06,0,0,0,1,1,0,-0.000618,-0.103748,0.7500,0.4548,0.2613,2,ok
0,1560,-1.568422,1.392822,2.859274,-0.012188,0.021011,14.480284,0.200022,-0.015653,-0.015653,0.000000,,0,0,0,1,1,0,0.002255,-0.118736,0.7708,0.4273,0.2546,2,ok
0,1561,-1.587642,1.398396,2.864175,-0.011764,0.025912,14.497716,0.200248,0.092414,0.092414,0.000000,,0,0,0,1,1,0,0.000873,-0.122216,0.7708,0.4421,0.2626,2,ok
0,1562,-1.610775,1.405083,2.880694,-0.011572,0.027036,14.524220,0.201068,0.273105,0.242414,-0.030691,C-06,0,0,0,1,1,0,0.000054,-0.135893,0.8125,0.4468,0.2582,2,ok
0,1563,-1.630118,1.410493,2.887771,-0.011210,0.034113,14.544302,0.200817,0.107011,0.107011,0.000000,,0,0,0,1,1,0,0.003123,-0.138383,0.8333,0.4011,0.2603,2,ok
0,1564,-1.653378,1.416871,2.897823,-0.010987,0.025797,14.568220,0.201063,0.140431,0.140431,0.000000,,0,0,0,1,1,0,0.003820,-0.136682,0.8125,0.3852,0.2615,2,ok
0,1565,-1.676712,1.423157,2.913786,-0.010754,0.041760,14.592385,0.201694,0.225284,0.225284,0.000000,,0,0,0,1,1,0,0.004611,-0.145890,0.7708,0.3571,0.2604,2,ok
0,1566,-1.696213,1.427970,2.921052,-0.010342,0.029276,14.612257,0.200788,0.110447,0.110447,0.000000,,0,0,0,1,1,0,0.002883,-0.144379,0.7708,0.3955,0.2647,2,ok
0,1567,-1.719664,1.433626,2.934173,-0.009953,0.042397,14.636377,0.201281,0.182800,0.182800,0.000000,,0,0,0,1,1,0,0.003531,-0.145504,0.7708,0.3683,0.2654,2,ok
0,1568,-1.739242,1.437853,2.936859,-0.009149,0.045083,14.654810,0.200218,-0.162145,0.032800,0.194945,C-06,0,0,0,1,1,0,0.003917,-0.146125,0.7292,0.3605,0.2639,2,ok
0,1569,-1.762723,1.442737,2.928916,-0.008633,0.013119,14.680141,0.199688,-0.139853,-0.117200,0.022652,C-06,0,0,0,1,1,0,0.002194,-0.147878,0.7083,0.3667,0.2662,2,ok
0,1570,-1.782273,1.446955,2.930183,-0.008322,0.014386,14.700139,0.200069,0.040156,0.032800,-0.007357,C-06,0,0,0,1,1,0,-0.001643,-0.158456,0.7708,0.3916,0.2679,2,ok
0,1571,-1.805768,1.452033,2.942851,-0.008334,-0.000265,14.723983,0.200554,0.259710,0.182800,-0.076910,C-06,0,0,0,1,1,0,-0.003358,-0.165630,0.8125,0.3802,0.2666,2,ok
0,1572,-1.825411,1.456265,2.962839,-0.008485,0.019723,14.744075,0.201271,0.421873,0.332800,-0.089073,C-06,0,0,0,1,1,0,-0.002508,-0.163120,0.8125,0.3469,0.2667,2,ok
0,1573,-1.849075,1.461335,2.986015,-0.008864,0.011684,14.767978,0.201917,0.302514,0.302514,0.000000,,0,0,0,1,1,0,-0.002736,-0.154100,0.7917,0.3443,0.2645,2,ok
0,1574,-1.872830,1.466162,3.011810,-0.009589,0.037479,14.792207,0.201949,0.335650,0.335650,0.000000,,0,0,0,1,1,0,-0.002449,-0.137214,0.7917,0.3387,0.2637,2,ok
0,1575,-1.892679,1.469344,3.024748,-0.009354,0.050417,14.812308,0.200919,0.109103,0.185650,0.076547,C-06,0,0,0,1,1,0,-0.002268,-0.125291,0.7708,0.3414,0.2642,2,ok
0,1576,-1.916524,1.472390,3.030464,-0.009013,0.025344,14.836026,0.200281,0.064365,0.064365,0.000000,,0,0,0,1,1,0,-0.002804,-0.114044,0.7708,0.3554,0.2627,2,ok
0,1577,-1.936413,1.474842,3.043038,-0.008742,0.037918,14.856064,0.200520,0.204193,0.204193,0.000000,,0,0,0,1,1,0,-0.002683,-0.112115,0.7292,0.3423,0.2663,2,ok
0,1578,-1.960303,1.477404,3.048063,-0.008421,0.013524,14.879756,0.200204,-0.157313,0.054193,0.211506,C-06,0,0,0,1,1,0,-0.003624,-0.111795,0.7500,0.3640,0.2699,2,ok
0,1579,-1.980211,1.479282,3.042505,-0.008367,0.007966,14.899752,0.199896,-0.108029,-0.095807,0.012223,C-06,0,0,0,1,1,0,-0.006007,-0.103613,0.7083,0.4123,0.2673,2,ok
0,1580,-2.004096,1.481658,3.045981,-0.008425,0.011442,14.923755,0.200073,0.056839,0.054193,-0.002645,C-06,0,0,0,1,1,0,-0.004514,-0.113291,0.7708,0.3642,0.2636,3,ok
0,1581,-2.024015,1.483646,3.058601,-0.008924,-0.002415,14.943577,0.200288,0.259966,0.204193,-0.055772,C-06,0,0,0,1,1,0,-0.008021,-0.122895,0.8333,0.4198,0.2670,2,ok
0,1582,-2.047943,1.486024,3.068989,-0.009522,0.007974,14.967615,0.200413,0.124052,0.124052,0.000000,,0,0,0,1,1,0,-0.006102,-0.123160,0.8542,0.3784,0.2683,2,ok
0,1583,-2.071889,1.488292,3.080732,-0.010256,-0.003304,14.991496,0.200439,0.145857,0.145857,0.000000,,0,0,0,1,1,0,-0.004764,-0.114311,0.7708,0.3354,0.2668,2,ok
0,1584,-2.091862,1.490075,3.099936,-0.010886,0.015900,15.011538,0.200610,0.352054,0.295857,-0.056197,C-06,0,0,0,1,1,0,-0.006755,-0.112014,0.8125,0.3719,0.2650,2,ok
0,1585,-2.115851,1.492175,3.125483,-0.011732,0.022872,15.035382,0.200632,0.307358,0.307358,0.000000,,0,0,0,1,1,0,-0.006921,-0.101253,0.7708,0.3989,0.2690,2,ok
0,1586,-2.135851,1.493426,-3.139071,-0.012217,0.041504,15.055415,0.200289,0.260668,0.260668,0.000000,,0,0,0,1,1,0,-0.004497,-0.090276,0.7708,0.3663,0.2698,2,ok
0,1587,-2.159850,1.493894,-3.127841,-0.011767,0.052734,15.079414,0.199998,0.122219,0.122219,0.000000,,0,0,0,1,1,0,-0.002676,-0.076193,0.7083,0.3565,0.2667,2,ok
0,1588,-2.179846,1.494120,-3.116132,-0.011542,0.047309,15.099209,0.199950,0.170700,0.170700,0.000000,,0,0,0,1,1,0,-0.001726,-0.071344,0.7083,0.3589,0.2650,2,ok
0,1589,-2.203835,1.493885,-3.108112,-0.010801,0.055329,15.123188,0.199911,0.091628,0.091628,0.000000,,0,0,0,1,1,0,-0.001704,-0.066459,0.7917,0.3894,0.2676,3,ok
0,1590,-2.223825,1.493246,-3.111264,-0.009909,0.034535,15.142990,0.200019,-0.062650,-0.058372,0.004278,C-06,0,0,0,1,1,0,0.000077,-0.063015,0.7917,0.3501,0.2668,2,ok
0,1591,-2.247813,1.492520,-3.108607,-0.009091,0.037192,15.166976,0.199982,0.037936,0.037936,0.000000,,0,0,0,1,1,0,-0.000437,-0.068759,0.8333,0.3688,0.2642,2,ok
0,1592,-2.271796,1.491799,-3.098845,-0.008362,0.029738,15.190828,0.199912,0.124365,0.124365,0.000000,,0,0,0,1,1,0,-0.002682,-0.071373,0.7917,0.4260,0.2668,2,ok
0,1593,-2.291775,1.491190,-3.093243,-0.007983,0.035340,15.210813,0.199871,0.079817,0.079817,0.000000,,0,0,0,1,1,0,-0.001146,-0.069928,0.7917,0.4108,0.2642,2,ok
0,1594,-2.315741,1.490401,-3.084169,-0.007470,0.044415,15.234787,0.199794,0.112644,0.112644,0.000000,,0,0,0,1,1,0,-0.000550,-0.081290,0.7917,0.4115,0.2664,2,ok
0,1595,-2.335709,1.489278,-3.084853,-0.006904,0.026483,15.254637,0.200009,-0.018073,-0.018073,0.000000,,0,0,0,1,1,0,0.001533,-0.080408,0.7708,0.3783,0.2664,2,ok
0,1596,-2.359672,1.487897,-3.088930,-0.006257,0.022407,15.278632,0.200052,-0.052098,-0.052098,0.000000,,0,0,0,1,1,0,0.001355,-0.079932,0.7917,0.3817,0.2637,2,ok
0,1597,-2.379642,1.486843,-3.082891,-0.005964,0.010795,15.298522,0.199935,0.154793,0.097902,-0.056891,C-06,0,0,0,1,1,0,-0.001701,-0.097236,0.7083,0.4139,0.2695,3,ok
0,1598,-2.403592,1.485584,-3.070720,-0.005852,0.022966,15.322505,0.199782,0.153083,0.153083,0.000000,,0,0,0,1,1,0,-0.004952,-0.103914,0.7292,0.4779,0.2723,2,ok
0,1599,-2.423536,1.484506,-3.063110,-0.005730,0.030576,15.342116,0.199713,0.109544,0.109544,0.000000,,0,0,0,1,1,0,-0.001223,-0.093320,0.7917,0.4297,0.2658,2,ok
0,1600,-2.447450,1.483114,-3.051060,-0.005903,0.024918,15.366333,0.199560,0.152344,0.152344,0.000000,,0,0,0,1,1,0,-0.001774,-0.094115,0.8333,0.4669,0.2690,2,ok
0,1601,-2.471339,1.481456,-3.039752,-0.005805,0.036227,15.390279,0.199531,0.141211,0.141211,0.000000,,0,0,0,1,1,0,0.000164,-0.088922,0.8333,0.4265,0.2653,3,ok
0,1602,-2.491229,1.479724,-3.033317,-0.005677,0.024999,15.410133,0.199648,0.095038,0.095038,0.000000,,0,0,0,1,1,0,-0.000072,-0.086010,0.8125,0.4550,0.2684,2,ok
0,1603,-2.515077,1.477494,-3.025110,-0.005466,0.033206,15.434085,0.199588,0.104675,0.104675,0.000000,,0,0,0,1,1,0,0.000441,-0.089580,0.7917,0.4348,0.2695,2,ok
0,1604,-2.534937,1.475369,-3.020811,-0.005139,0.019833,15.453973,0.199734,0.063114,0.063114,0.000000,,0,0,0,1,1,0,0.000756,-0.090543,0.7708,0.4427,0.2634,2,ok
0,1605,-2.558762,1.472503,-3.021283,-0.004668,0.019360,15.477966,0.199998,-0.009710,-0.009710,0.000000,,0,0,0,1,1,0,0.000756,-0.090543,0.7708,0.4427,0.2634,2,ok
0,1606,-2.578610,1.470103,-3.014656,-0.004263,0.025987,15.497954,0.199846,0.111927,0.111927,0.000000,,0,0,0,1,1,0,-0.001976,-0.101441,0.7500,0.4918,0.2703,2,ok
0,1607,-2.602397,1.467224,-3.001475,-0.004213,0.021439,15.521834,0.199505,0.173335,0.173335,0.000000,,0,0,0,1,1,0,0.001409,-0.109001,0.7083,0.4243,0.2691,2,ok
0,1608,-2.622193,1.464662,-2.995921,-0.004017,0.026993,15.541794,0.199615,0.078472,0.078472,0.000000,,0,0,0,1,1,0,-0.001723,-0.099666,0.7917,0.5080,0.2697,2,ok
0,1609,-2.645921,1.461504,-2.985541,-0.003953,0.020161,15.565663,0.199330,0.139279,0.139279,0.000000,,0,0,0,1,1,0,0.000942,-0.095523,0.8125,0.4668,0.2663,2,ok
0,1610,-2.669604,1.458308,-2.972119,-0.004003,0.033582,15.589561,0.199064,0.178531,0.178531,0.000000,,0,0,0,1,1,0,0.001196,-0.097846,0.8125,0.4802,0.2694,2,ok
0,1611,-2.689304,1.455272,-2.964420,-0.003781,0.022487,15.609425,0.199344,0.116663,0.116663,0.000000,,0,0,0,1,1,0,0.001408,-0.087575,0.8125,0.4833,0.2656,2,ok
0,1612,-2.712912,1.451359,-2.956805,-0.003531,0.030102,15.633354,0.199415,0.099814,0.099814,0.000000,,0,0,0,1,1,0,0.001750,-0.088583,0.7917,0.4954,0.2695,2,ok
0,1613,-2.732559,1.447976,-2.949985,-0.003199,0.036922,15.653287,0.199342,0.109891,0.109891,0.000000,,0,0,0,1,1,0,0.001736,-0.099236,0.7708,0.5044,0.2681,2,ok
0,1614,-2.756118,1.443422,-2.949994,-0.002673,0.019114,15.677225,0.200019,-0.008041,-0.008041,0.000000,,0,0,0,1,1,0,0.001813,-0.100208,0.7500,0.5042,0.2617,2,ok
0,1615,-2.775746,1.439603,-2.946252,-0.002239,0.022856,15.697215,0.199888,0.065655,0.065655,0.000000,,0,0,0,1,1,0,0.003606,-0.108149,0.7083,0.4634,0.2653,2,ok
0,1616,-2.799265,1.435020,-2.935446,-0.002027,0.014687,15.721127,0.199477,0.151372,0.151372,0.000000,,0,0,0,1,1,0,-0.001207,-0.116820,0.6875,0.5549,0.2672,2,ok
0,1617,-2.818825,1.431198,-2.927554,-0.002048,0.022580,15.741057,0.199188,0.126095,0.126095,0.000000,,0,0,0,1,1,0,-0.001831,-0.113909,0.7708,0.5790,0.2739,2,ok
0,1618,-2.842257,1.426410,-2.919740,-0.001934,0.011607,15.764946,0.199304,0.104764,0.104764,0.000000,,0,0,0,1,1,0,-0.004255,-0.109953,0.7917,0.6679,0.2675,2,ok
0,1619,-2.865627,1.421501,-2.903717,-0.001954,0.027630,15.788827,0.198664,0.227567,0.227567,0.000000,,0,0,0,1,1,0,-0.003860,-0.108357,0.8333,0.6810,0.2664,2,ok
0,1620,-2.885035,1.417276,-2.891431,-0.001826,0.039916,15.808688,0.198604,0.201486,0.201486,0.000000,,0,0,0,1,1,0,-0.002638,-0.103811,0.8542,0.6735,0.2633,2,ok
0,1621,-2.908248,1.411825,-2.878294,-0.001748,0.032898,15.832492,0.198699,0.181440,0.181440,0.000000,,0,0,0,1,1,0,-0.000194,-0.095882,0.7708,0.6456,0.2684,2,ok
0,1622,-2.927519,1.407127,-2.862632,-0.001588,0.048561,15.852326,0.198041,0.271635,0.271635,0.000000,,0,0,0,1,1,0,-0.000690,-0.100403,0.7708,0.6911,0.2719,2,ok
0,1623,-2.950559,1.400840,-2.853471,-0.000933,0.038672,15.876180,0.199076,0.043274,0.121635,0.078361,C-06,0,0,0,1,1,0,-0.003367,-0.099133,0.7917,0.7914,0.2692,2,ok
0,1624,-2.969735,1.395175,-2.854423,-0.000144,0.037720,15.896160,0.200073,-0.164793,-0.028365,0.136428,C-06,0,0,0,1,1,0,0.002353,-0.096846,0.7500,0.7074,0.2652,2,ok
0,1625,-2.992737,1.388378,-2.849192,0.000806,0.042950,15.917512,0.199721,0.082146,0.082146,0.000000,,0,0,0,1,1,0,0.001557,-0.105585,0.7083,0.7323,0.2628,2,ok
0,1626,-3.011853,1.382715,-2.836404,0.001078,0.034642,15.940078,0.199030,0.320640,0.232146,-0.088494,C-06,0,0,0,1,1,0,-0.007853,-0.119910,0.7083,0.9310,0.2822,2,ok
0,1627,-3.034652,1.375919,-2.810780,0.001517,0.060266,15.963865,0.197526,0.380875,0.380875,0.000000,,0,0,0,1,1,0,-0.005077,-0.114672,0.7500,0.9264,0.2850,2,ok
0,1628,-3.057284,1.368630,-2.794361,0.002160,0.055924,15.987664,0.198189,0.136957,0.230875,0.093918,C-06,0,0,0,1,1,0,0.000240,-0.105803,0.8125,0.9403,0.2730,2,ok
0,1629,-3.076062,1.362082,-2.786359,0.003079,0.063926,16.007529,0.198926,0.134523,0.134523,0.000000,,0,0,0,1,1,0,0.000240,-0.105803,0.8125,0.9403,0.2730,2,ok
0,1630,-3.098552,1.353800,-2.784043,0.004390,0.043817,16.031556,0.199781,0.027050,0.027050,0.000000,,0,0,0,1,1,0,0.001808,-0.099285,0.8333,0.9770,0.2719,2,ok
0,1631,-3.117274,1.346861,-2.780054,0.005220,0.047806,16.051505,0.199541,0.075448,0.075448,0.000000,,0,0,0,1,1,0,-0.000397,-0.108376,0.8125,1.1001,0.2701,2,ok
0,1632,-3.139670,1.338486,-2.767218,0.006283,0.060642,16.075393,0.198854,0.200772,0.200772,0.000000,,0,0,0,1,1,0,-0.001200,-0.126339,0.7917,1.1678,0.2731,2,ok
0,1633,-3.158247,1.331464,-2.757015,0.006812,0.048017,16.095381,0.198556,0.182467,0.182467,0.000000,,0,0,0,1,1,0,-0.000964,-0.131504,0.7708,1.1942,0.2702,2,ok
0,1634,-3.180479,1.322532,-2.754189,0.007941,0.050843,16.119313,0.199739,-0.048640,0.032467,0.081107,C-06,0,0,0,1,1,0,0.002775,-0.130141,0.7292,1.1681,0.2772,2,ok
0,1635,-3.198964,1.314978,-2.744802,0.008729,0.035730,16.139475,0.199384,0.742787,0.182467,-0.560320,C-06,0,0,0,1,1,0,0.004697,-0.145936,0.6875,1.1659,0.2605,2,ok
0,1636,-3.221004,1.305903,-2.723742,0.009461,0.056790,16.163299,0.197894,1.000000,0.332467,-0.667533,C-06,0,0,0,1,1,0,-0.000870,-0.166058,0.7292,1.3272,0.2732,2,ok
0,1637,-3.242791,1.296714,-2.693323,0.010251,0.061975,16.187190,0.196483,0.624878,0.482467,-0.142411,C-06,0,0,0,1,1,0,0.005509,-0.162925,0.8333,1.3034,0.2673,2,ok
0,1638,-3.260735,1.288460,-2.675298,0.011154,0.080000,16.206921,0.197618,-0.051780,0.332467,0.384247,C-06,0,0,0,1,1,0,0.013224,-0.156589,0.7917,1.1859,0.2606,2,ok
0,1639,-3.282104,1.277904,-2.663186,0.012903,0.092113,16.230691,0.198712,0.075031,0.182467,0.107436,C-06,0,0,0,1,1,0,0.015908,-0.148294,0.7917,1.2061,0.2699,2,ok
0,1640,-3.299845,1.268740,-2.660865,0.014305,0.067030,16.250959,0.199770,-0.129336,0.032467,0.161803,C-06,0,0,0,1,1,0,0.016852,-0.154066,0.7708,1.2543,0.2721,2,ok
0,1641,-3.321083,1.257642,-2.652998,0.015975,0.074897,16.274863,0.199390,0.131658,0.131658,0.000000,,0,0,0,1,1,0,0.019471,-0.180204,0.8125,1.2325,0.2594,2,ok
0,1642,-3.338720,1.248344,-2.648193,0.017252,0.050223,16.295229,0.199385,0.089976,0.089976,0.000000,,0,0,0,1,1,0,0.022847,-0.201454,0.7292,1.1978,0.2621,2,ok
0,1643,-3.359862,1.236980,-2.649313,0.018540,0.049103,16.319197,0.200114,-0.024838,-0.024838,0.000000,,0,0,0,1,1,0,0.023111,-0.208577,0.7292,1.2082,0.2621,2,ok
0,1644,-3.377465,1.227527,-2.644114,0.019603,0.054302,16.339149,0.199584,0.110637,0.110637,0.000000,,0,0,0,1,1,0,0.019897,-0.234186,0.7292,1.3079,0.2680,2,ok
0,1645,-3.398471,1.216072,-2.628775,0.020343,0.034408,16.363703,0.198798,0.963489,0.260637,-0.702852,C-06,0,0,0,1,1,0,0.013048,-0.270622,0.6875,1.4368,0.2664,2,ok
0,1646,-3.419242,1.204476,-2.604376,0.021229,0.058807,16.387475,0.197603,0.976017,0.410637,-0.565380,C-06,0,0,0,1,1,0,0.013666,-0.273982,0.7292,1.4528,0.2675,2,ok
0,1647,-3.436317,1.194520,-2.583385,0.021933,0.039087,16.407992,0.197758,0.422069,0.422069,0.000000,,0,0,0,1,1,0,0.020370,-0.271854,0.8333,1.3525,0.2611,2,ok
0,1648,-3.456565,1.181959,-2.566772,0.023076,0.055701,16.431793,0.198677,0.238606,0.272069,0.033463,C-06,0,0,0,1,1,0,0.020431,-0.266886,0.8333,1.3757,0.2616,2,ok
0,1649,-3.473298,1.171174,-2.557206,0.024374,0.065266,16.451613,0.199124,0.191160,0.191160,0.000000,,0,0,0,1,1,0,0.024980,-0.267370,0.7917,1.2671,0.2561,2,ok
0,1650,-3.493277,1.157965,-2.551914,0.024876,0.024559,16.476925,0.199635,0.082599,0.082599,0.000000,,0,0,0,1,1,0,0.022029,-0.265201,0.7917,1.3361,0.2606,2,ok
0,1651,-3.509874,1.146880,-2.547241,0.025420,0.029232,16.496876,0.199583,0.097668,0.097668,0.000000,,0,0,0,1,1,0,0.022879,-0.301559,0.7917,1.2880,0.2526,2,ok
0,1652,-3.529670,1.133433,-2.533558,0.025552,-0.008154,16.522186,0.199054,0.447053,0.247668,-0.199384,C-06,0,0,0,1,1,0,0.023017,-0.315003,0.7500,1.2705,0.2586,2,ok
0,1653,-3.545984,1.121999,-2.515196,0.025472,0.010209,16.542107,0.198734,0.400930,0.397668,-0.003262,C-06,0,0,0,1,1,0,0.018466,-0.327286,0.7500,1.3624,0.2567,2,ok
0,1654,-3.565295,1.107938,-2.496572,0.025807,0.028832,16.565146,0.199186,0.327822,0.327822,0.000000,,0,0,0,1,1,0,0.021212,-0.336428,0.6667,1.2571,0.2495,2,ok
0,1655,-3.584354,1.093477,-2.480204,0.025234,-0.010422,16.591309,0.199464,0.292863,0.292863,0.000000,,0,0,0,1,1,0,0.020842,-0.349287,0.7083,1.2415,0.2530,2,ok
0,1656,-3.600054,1.081160,-2.466691,0.025148,0.003090,16.611263,0.199626,0.294867,0.294867,0.000000,,0,0,0,1,1,0,0.017760,-0.347941,0.7708,1.2686,0.2530,2,ok
0,1657,-3.618619,1.066000,-2.443097,0.024710,-0.029276,16.636678,0.199890,0.492242,0.444867,-0.047375,C-06,0,0,0,1,1,0,0.017913,-0.344035,0.7917,1.2394,0.2554,2,ok
0,1658,-3.633834,1.053001,-2.424595,0.024306,-0.010774,16.656686,0.200340,0.408630,0.408630,0.000000,,0,0,0,1,1,0,0.014196,-0.337728,0.8125,1.2952,0.2581,2,ok
0,1659,-3.651857,1.037065,-2.406378,0.024228,0.007443,16.679185,0.200640,0.326186,0.326186,0.000000,,0,0,0,1,1,0,0.018729,-0.335090,0.7500,1.1564,0.2521,2,ok
0,1660,-3.666670,1.023514,-2.387365,0.023205,-0.029800,16.702206,0.200804,0.414101,0.414101,0.000000,,0,0,0,1,1,0,0.016259,-0.346474,0.7708,1.1401,0.2486,2,ok
0,1661,-3.684014,1.006841,-2.359139,0.022730,-0.001575,16.726259,0.200124,0.498121,0.498121,0.000000,,0,0,0,1,1,0,0.018090,-0.348005,0.7292,1.0702,0.2529,2,ok
0,1662,-3.698069,0.992631,-2.341299,0.022240,-0.039817,16.747508,0.199705,0.358914,0.358914,0.000000,,0,0,0,1,1,0,0.017560,-0.344987,0.7917,1.0684,0.2497,2,ok
0,1663,-3.714648,0.975340,-2.325762,0.021403,-0.024280,16.771449,0.199525,0.266632,0.266632,0.000000,,0,0,0,1,1,0,0.016746,-0.339864,0.7917,1.0728,0.2495,2,ok
0,1664,-3.730899,0.957794,-2.302978,0.020820,-0.056729,16.796515,0.199213,0.502351,0.416632,-0.085719,C-06,0,0,0,1,1,0,0.011171,-0.351352,0.6875,1.0721,0.2617,2,ok
0,1665,-3.744083,0.942814,-2.277635,0.019872,-0.031385,16.816448,0.199805,0.792110,0.566632,-0.225478,C-06,0,0,0,1,1,0,0.010442,-0.347287,0.7292,1.0684,0.2602,2,ok
0,1666,-3.759415,0.924277,-2.239164,0.019467,0.007086,16.840501,0.201036,0.892755,0.716632,-0.176122,C-06,0,0,0,1,1,0,0.010427,-0.334001,0.7708,1.0613,0.2588,2,ok
0,1667,-3.771792,0.908415,-2.212429,0.019093,-0.020005,16.861653,0.201446,0.555581,0.566632,0.011051,C-06,0,0,0,1,1,0,0.010428,-0.313597,0.8542,1.0388,0.2620,2,ok
0,1668,-3.786212,0.888972,-2.181646,0.018674,0.010778,16.885856,0.202007,0.541441,0.541441,0.000000,,0,0,0,1,1,0,0.013240,-0.303260,0.8125,0.9825,0.2593,2,ok
0,1669,-3.797811,0.872478,-2.162299,0.018836,0.030126,16.906019,0.201711,0.307014,0.391441,0.084427,C-06,0,0,0,1,1,0,0.014334,-0.282102,0.8125,0.9473,0.2618,2,ok
0,1670,-3.811295,0.852455,-2.147604,0.018215,-0.007212,16.931159,0.201167,0.035841,0.241441,0.205600,C-06,0,0,0,1,1,0,0.016207,-0.282776,0.7500,0.8818,0.2579,2,ok
0,1671,-3.822249,0.835661,-2.142605,0.018003,-0.002213,16.951208,0.200455,-0.065255,0.091441,0.156696,C-06,0,0,0,1,1,0,0.013518,-0.279701,0.7708,0.8972,0.2589,2,ok
0,1672,-3.835236,0.815494,-2.145454,0.017236,-0.055706,16.976093,0.199723,-0.250004,-0.058559,0.191445,C-06,0,0,0,1,1,0,0.014911,-0.277838,0.7292,0.8255,0.2556,2,ok
0,1673,-3.848282,0.795321,-2.140599,0.015850,-0.050851,17.000077,0.200437,0.335807,0.091441,-0.244366,C-06,0,0,0,1,1,0,0.002883,-0.300568,0.6875,0.9955,0.2632,2,ok
0,1674,-3.859072,0.778424,-2.129325,0.014806,-0.039577,17.018986,0.200925,0.458403,0.241441,-0.216962,C-06,0,0,0,1,1,0,-0.001257,-0.321182,0.6875,0.9818,0.2738,2,ok
0,1675,-3.871864,0.757934,-2.106569,0.012595,-0.064826,17.044853,0.202194,0.728314,0.391441,-0.336872,C-06,0,0,0,1,1,0,-0.002344,-0.320565,0.7083,0.9686,0.2677,2,ok
0,1676,-3.882376,0.740606,-2.079799,0.011055,-0.038056,17.065061,0.203618,0.804911,0.541441,-0.263470,C-06,0,0,0,1,1,0,0.000960,-0.317204,0.7708,0.8545,0.2674,2,ok
0,1677,-3.894622,0.719471,-2.048544,0.008969,-0.052585,17.089900,0.203696,0.502382,0.502382,0.000000,,0,0,0,1,1,0,0.000464,-0.303470,0.7917,0.8412,0.2655,2,ok
0,1678,-3.904235,0.701622,-2.029445,0.007489,-0.033486,17.110119,0.202686,0.322202,0.352382,0.030181,C-06,0,0,0,1,1,0,0.000770,-0.277175,0.7292,0.7840,0.2637,2,ok
0,1679,-3.915440,0.679963,-2.002172,0.005939,-0.049175,17.134708,0.203478,0.431546,0.431546,0.000000,,0,0,0,1,1,0,-0.003345,-0.263319,0.7708,0.8564,0.2586,2,ok
0,1680,-3.924400,0.661704,-1.979754,0.004408,-0.026757,17.154989,0.203425,0.412707,0.412707,0.000000,,0,0,0,1,1,0,-0.004556,-0.262797,0.7500,0.9020,0.2626,2,ok
0,1681,-3.934598,0.639570,-1.955372,0.003168,-0.002376,17.179328,0.203101,0.366853,0.366853,0.000000,,0,0,0,1,1,0,-0.003993,-0.258135,0.7500,0.8662,0.2619,2,ok
0,1682,-3.944031,0.617253,-1.940199,0.001935,-0.028222,17.203651,0.201816,0.208823,0.216853,0.008030,C-06,0,0,0,1,1,0,-0.002633,-0.239090,0.7083,0.7862,0.2609,2,ok
0,1683,-3.951709,0.598548,-1.924727,0.000904,-0.012750,17.223844,0.202360,0.278286,0.278286,0.000000,,0,0,0,1,1,0,-0.005048,-0.234684,0.7083,0.8386,0.2574,2,ok
0,1684,-3.960725,0.575932,-1.898286,-0.000385,-0.024116,17.248162,0.203422,0.396140,0.396140,0.000000,,0,0,0,1,1,0,-0.009972,-0.249559,0.7083,0.8782,0.2687,2,ok
0,1685,-3.968061,0.556902,-1.867469,-0.001740,0.006702,17.268511,0.204727,0.577905,0.546140,-0.031765,C-06,0,0,0,1,1,0,-0.006375,-0.236602,0.7500,0.8106,0.2641,2,ok
0,1686,-3.976467,0.533823,-1.829030,-0.002914,0.045140,17.293045,0.204624,0.540989,0.540989,0.000000,,0,0,0,1,1,0,-0.002963,-0.217010,0.7708,0.7385,0.2627,2,ok
0,1687,-3.982540,0.514426,-1.804870,-0.003645,0.033485,17.313248,0.203121,0.271806,0.390989,0.119183,C-06,0,0,0,1,1,0,0.000027,-0.183011,0.8125,0.6861,0.2616,2,ok
0,1688,-3.988819,0.491030,-1.786674,-0.003597,0.051681,17.337471,0.201776,-0.018562,0.240989,0.259552,C-06,0,0,0,1,1,0,0.001752,-0.175909,0.7708,0.6532,0.2627,2,ok
0,1689,-3.993355,0.471481,-1.780585,-0.003139,0.024322,17.357430,0.200627,-0.074300,0.090989,0.165289,C-06,0,0,0,1,1,0,0.002374,-0.162515,0.7292,0.6592,0.2618,2,ok
0,1690,-3.998666,0.447968,-1.763447,-0.002903,0.041460,17.381535,0.201193,0.362689,0.240989,-0.121700,C-06,0,0,0,1,1,0,0.005192,-0.164259,0.7292,0.5649,0.2618,2,ok
0,1691,-4.003969,0.424367,-1.742875,-0.002639,0.062032,17.403113,0.201821,0.274930,0.274930,0.000000,,0,0,0,1,1,0,0.004113,-0.173785,0.7708,0.6019,0.2604,2,ok
0,1692,-4.007762,0.404647,-1.734456,-0.002482,0.037349,17.425721,0.200749,0.056101,0.124930,0.068829,C-06,0,0,0,1,1,0,0.005585,-0.166788,0.7292,0.5578,0.2592,2,ok
0,1693,-4.011719,0.380969,-1.735684,-0.001613,0.036120,17.449712,0.199986,-0.095744,-0.025070,0.070674,C-06,0,0,0,1,1,0,0.005754,-0.164048,0.6667,0.5481,0.2615,2,ok
0,1694,-4.014991,0.361244,-1.737925,-0.001253,0.000145,17.469661,0.199914,-0.036214,-0.036214,0.000000,,0,0,0,1,1,0,0.003053,-0.180225,0.6250,0.5709,0.2659,2,ok
0,1695,-4.018984,0.337567,-1.731839,-0.001153,0.006231,17.493671,0.200191,0.086856,0.086856,0.000000,,0,0,0,1,1,0,-0.001625,-0.188308,0.7708,0.6573,0.2665,2,ok
0,1696,-4.022313,0.317806,-1.717675,-0.001066,0.020395,17.510996,0.200605,0.232906,0.232906,0.000000,,0,0,0,1,1,0,0.000239,-0.197832,0.7917,0.5566,0.2612,2,ok
0,1697,-4.026309,0.294026,-1.694413,-0.001898,0.009797,17.537774,0.201221,0.304700,0.304700,0.000000,,0,0,0,1,1,0,0.002482,-0.194945,0.7292,0.4839,0.2655,2,ok
0,1698,-4.029258,0.274165,-1.683468,-0.002128,0.020742,17.557851,0.200731,0.148762,0.154700,0.005939,C-06,0,0,0,1,1,0,-0.003360,-0.183381,0.7917,0.6389,0.2659,2,ok
0,1699,-4.032618,0.250297,-1.667094,-0.002882,0.002336,17.581851,0.200930,0.210102,0.210102,0.000000,,0,0,0,1,1,0,-0.003026,-0.173636,0.7708,0.6173,0.2641,2,ok
0,1700,-4.035862,0.226380,-1.639636,-0.003832,0.029794,17.605968,0.201331,0.353436,0.353436,0.000000,,0,0,0,1,1,0,0.005921,-0.177425,0.7083,0.2894,0.2434,2,ok
0,1701,-4.037929,0.206418,-1.625259,-0.004176,0.009922,17.625902,0.200613,-0.049141,0.203436,0.252578,C-06,0,0,0,1,1,0,0.000647,-0.164177,0.7083,0.4813,0.2626,2,ok
0,1702,-4.039463,0.182450,-1.620246,-0.004207,0.014935,17.649919,0.200118,-0.312687,0.053436,0.366124,C-06,0,0,0,1,1,0,-0.001011,-0.155031,0.6875,0.5443,0.2615,2,ok
0,1703,-4.040466,0.162478,-1.626110,-0.003958,0.009071,17.669916,0.199944,-0.307472,-0.096564,0.210908,C-06,0,0,0,1,1,0,-0.001772,-0.153265,0.6875,0.5518,0.2640,2,ok
0,1704,-4.041655,0.138521,-1.635544,-0.004319,-0.032812,17.693761,0.199832,-0.117002,-0.117002,0.000000,,0,0,0,1,1,0,-0.002415,-0.177510,0.6458,0.5210,0.2631,2,ok
0,1705,-4.042929,0.118562,-1.633839,-0.005036,-0.031108,17.713748,0.200017,0.470343,0.032998,-0.437346,C-06,0,0,0,1,1,0,-0.011467,-0.196862,0.7708,0.6602,0.2702,2,ok
0,1706,-4.044475,0.094600,-1.619689,-0.006175,-0.046548,17.737575,0.200169,0.535936,0.182998,-0.352939,C-06,0,0,0,1,1,0,-0.007238,-0.205685,0.7708,0.4894,0.2636,2,ok
0,1707,-4.045764,0.074616,-1.597752,-0.007464,-0.024612,17.757560,0.200335,0.384693,0.332998,-0.051695,C-06,0,0,0,1,1,0,-0.010221,-0.204177,0.7917,0.5449,0.2577,2,ok
0,1708,-4.047270,0.050619,-1.577405,-0.008970,-0.004265,17.781556,0.200321,0.235704,0.235704,0.000000,,0,0,0,1,1,0,-0.012791,-0.198722,0.7917,0.6121,0.2686,2,ok
0,1709,-4.048517,0.026620,-1.553666,-0.010841,-0.008899,17.805278,0.200162,0.284161,0.284161,0.000000,,0,0,0,1,1,0,-0.010472,-0.182747,0.7708,0.5145,0.2553,2,ok
0,1710,-4.048682,0.006625,-1.543278,-0.011532,0.001488,17.825262,0.199927,0.136737,0.136737,0.000000,,0,0,0,1,1,0,-0.011791,-0.169217,0.7083,0.5641,0.2638,2,ok
0,1711,-4.048347,-0.017363,-1.536329,-0.012201,-0.017637,17.848936,0.199915,0.080207,0.080207,0.000000,,0,0,0,1,1,0,-0.012495,-0.166253,0.7500,0.5574,0.2588,2,ok
0,1712,-4.047978,-0.037348,-1.528943,-0.012880,-0.010251,17.868913,0.199865,0.109096,0.109096,0.000000,,0,0,0,1,1,0,-0.014297,-0.167438,0.6875,0.6038,0.2634,2,ok
0,1713,-4.047496,-0.061316,-1.508515,-0.013775,-0.014695,17.892506,0.199665,0.535346,0.259096,-0.276250,C-06,0,0,0,1,1,0,-0.015069,-0.175142,0.6875,0.5898,0.2628,2,ok
0,1714,-4.047095,-0.081259,-1.481693,-0.014953,0.012127,17.912418,0.199273,0.609339,0.409096,-0.200243,C-06,0,0,0,1,1,0,-0.018158,-0.164218,0.7292,0.6538,0.2645,2,ok
0,1715,-4.046532,-0.105117,-1.442959,-0.016280,0.050861,17.936246,0.198539,0.495042,0.495042,0.000000,,0,0,0,1,1,0,-0.014818,-0.148774,0.7083,0.6035,0.2662,2,ok
0,1716,-4.045028,-0.124922,-1.419921,-0.016688,0.048919,17.955724,0.198550,0.065787,0.345042,0.279255,C-06,0,0,0,1,1,0,-0.013704,-0.120514,0.7917,0.6179,0.2599,2,ok
0,1717,-4.042079,-0.148619,-1.404375,-0.016180,0.064465,17.979598,0.199003,-0.122445,0.195042,0.317487,C-06,0,0,0,1,1,0,-0.011782,-0.108278,0.7708,0.5973,0.2670,2,ok
0,1718,-4.038270,-0.172278,-1.400277,-0.015013,0.044104,18.003197,0.199745,-0.033419,0.045042,0.078461,C-06,0,0,0,1,1,0,-0.010321,-0.091893,0.7500,0.6551,0.2710,2,ok
0,1719,-4.035027,-0.191978,-1.394215,-0.014238,0.050166,18.023147,0.199556,0.100060,0.100060,0.000000,,0,0,0,1,1,0,-0.008564,-0.095177,0.7500,0.6158,0.2635,2,ok
0,1720,-4.031135,-0.215569,-1.376574,-0.013302,0.067806,18.047038,0.198934,0.245110,0.245110,0.000000,,0,0,0,1,1,0,-0.008397,-0.113527,0.7083,0.6465,0.2678,2,ok
0,1721,-4.027616,-0.235175,-1.368092,-0.012765,0.052655,18.066594,0.199223,0.125293,0.125293,0.000000,,0,0,0,1,1,0,-0.006270,-0.114600,0.7083,0.6219,0.2645,2,ok
0,1722,-4.023251,-0.258649,-1.353427,-0.011986,0.067320,18.090457,0.198698,0.206658,0.206658,0.000000,,0,0,0,1,1,0,-0.005769,-0.109154,0.6667,0.6422,0.2667,2,ok
0,1723,-4.019362,-0.278156,-1.343139,-0.011310,0.053029,18.110063,0.198909,0.165010,0.165010,0.000000,,0,0,0,1,1,0,-0.004632,-0.109796,0.6458,0.6564,0.2655,2,ok
0,1724,-4.014141,-0.301521,-1.338006,-0.010232,0.058162,18.133981,0.199555,0.064165,0.064165,0.000000,,0,0,0,1,1,0,-0.005570,-0.116321,0.6667,0.7089,0.2698,2,ok
0,1725,-4.009695,-0.320973,-1.333887,-0.009235,0.062281,18.153334,0.199524,0.068053,0.068053,0.000000,,0,0,0,1,1,0,-0.007075,-0.116391,0.7083,0.7747,0.2661,2,ok
0,1726,-4.004305,-0.344277,-1.324584,-0.008531,0.046639,18.177608,0.199122,0.132099,0.132099,0.000000,,0,0,0,1,1,0,-0.003844,-0.119002,0.7500,0.7139,0.2662,2,ok
0,1727,-3.998770,-0.367528,-1.316234,-0.007664,0.054988,18.201494,0.199177,0.114588,0.114588,0.000000,,0,0,0,1,1,0,-0.004808,-0.123722,0.7500,0.7787,0.2663,2,ok
0,1728,-3.993931,-0.386871,-1.311175,-0.007131,0.034785,18.221216,0.199399,0.082136,0.082136,0.000000,,0,0,0,1,1,0,-0.003135,-0.128637,0.7500,0.7705,0.2686,2,ok
0,1729,-3.988024,-0.410044,-1.303981,-0.006553,0.041979,18.245124,0.199250,0.101542,0.101542,0.000000,,0,0,0,1,1,0,-0.004577,-0.144045,0.7292,0.8262,0.2654,2,ok
0,1730,-3.983015,-0.429318,-1.296848,-0.006104,0.022892,18.264886,0.199096,0.121605,0.121605,0.000000,,0,0,0,1,1,0,0.010059,-0.154353,0.6875,0.3767,0.2366,2,ok
0,1731,-3.976737,-0.452403,-1.290838,-0.005711,0.028902,18.288806,0.199379,0.081945,0.081945,0.000000,,0,0,0,1,1,0,-0.002905,-0.159895,0.7083,0.8314,0.2652,2,ok
0,1732,-3.971225,-0.471632,-1.294211,-0.005109,0.025529,18.308801,0.200173,-0.075427,-0.068055,0.007372,C-06,0,0,0,1,1,0,-0.001435,-0.171680,0.6458,0.8048,0.2598,2,ok
0,1733,-3.964673,-0.494721,-1.294438,-0.005019,-0.002850,18.332658,0.199995,0.001454,0.001454,0.000000,,0,0,0,1,1,0,-0.000285,-0.202887,0.6250,0.7774,0.2566,2,ok
0,1734,-3.959215,-0.513942,-1.286221,-0.005037,0.005366,18.352638,0.199589,0.201122,0.151454,-0.049668,C-06,0,0,0,1,1,0,-0.003048,-0.213754,0.7083,0.8169,0.2561,2,ok
0,1735,-3.952667,-0.536910,-1.265901,-0.005316,-0.002857,18.376375,0.198483,0.519133,0.301454,-0.217678,C-06,0,0,0,1,1,0,-0.002880,-0.220750,0.7500,0.8011,0.2567,2,ok
0,1736,-3.946118,-0.559694,-1.235523,-0.005933,0.027521,18.400073,0.196681,0.551225,0.451454,-0.099771,C-06,0,0,0,1,1,0,-0.001652,-0.219550,0.7708,0.7759,0.2548,2,ok
0,1737,-3.940421,-0.578490,-1.208464,-0.006160,0.054580,18.419712,0.196363,0.479979,0.479979,0.000000,,0,0,0,1,1,0,-0.001652,-0.219550,0.7708,0.7759,0.2548,2,ok
0,1738,-3.932576,-0.600829,-1.185390,-0.006151,0.046637,18.443191,0.197396,0.335587,0.335587,0.000000,,0,0,0,1,1,0,0.002240,-0.192177,0.7500,0.7119,0.2574,2,ok
0,1739,-3.925495,-0.619304,-1.170248,-0.005601,0.061779,18.462969,0.197897,0.270274,0.270274,0.000000,,0,0,0,1,1,0,0.003829,-0.193040,0.7292,0.6863,0.2594,2,ok
0,1740,-3.916355,-0.641362,-1.161690,-0.004673,0.036355,18.486675,0.199054,-0.003092,0.120274,0.123365,C-06,0,0,0,1,1,0,0.004856,-0.189767,0.7292,0.6619,0.2568,2,ok
0,1741,-3.908409,-0.659714,-1.162894,-0.003863,0.035151,18.506658,0.200092,-0.286492,-0.029726,0.256766,C-06,0,0,0,1,1,0,0.004277,-0.191803,0.7292,0.6806,0.2589,2,ok
0,1742,-3.898889,-0.681795,-1.174047,-0.002926,0.023997,18.528068,0.200755,-0.241830,-0.179726,0.062103,C-06,0,0,0,1,1,0,0.002393,-0.203602,0.7083,0.6794,0.2591,2,ok
0,1743,-3.891113,-0.700252,-1.176262,-0.003128,-0.014608,18.550605,0.200240,0.410685,-0.029726,-0.440412,C-06,0,0,0,1,1,0,0.000564,-0.224830,0.7083,0.6619,0.2564,2,ok
0,1744,-3.881886,-0.722377,-1.168960,-0.003345,-0.007307,18.574576,0.199495,0.480902,0.120274,-0.360629,C-06,0,0,0,1,1,0,-0.001948,-0.242970,0.7083,0.6639,0.2547,2,ok
0,1745,-3.872605,-0.744387,-1.151818,-0.004134,-0.029501,18.598297,0.198463,0.401031,0.270274,-0.130758,C-06,0,0,0,1,1,0,-0.004030,-0.255959,0.7292,0.6453,0.2612,2,ok
0,1746,-3.864838,-0.762573,-1.130851,-0.005000,-0.008534,18.618054,0.197047,0.400332,0.400332,0.000000,,0,0,0,1,1,0,-0.004405,-0.258565,0.7500,0.6380,0.2621,2,ok
0,1747,-3.855237,-0.784112,-1.096570,-0.005797,-0.015495,18.641396,0.196174,0.569667,0.550332,-0.019335,C-06,0,0,0,1,1,0,-0.002058,-0.258356,0.7083,0.5502,0.2589,2,ok
0,1748,-3.846584,-0.801793,-1.072536,-0.006440,0.008538,18.661069,0.196986,0.455276,0.455276,0.000000,,0,0,0,1,1,0,-0.003586,-0.231942,0.7292,0.5903,0.2639,2,ok
0,1749,-3.835538,-0.822717,-1.045347,-0.006490,0.035727,18.684730,0.197299,0.443152,0.443152,0.000000,,0,0,0,1,1,0,0.006748,-0.225703,0.6875,0.2501,0.2456,2,ok
0,1750,-3.825732,-0.839939,-1.030031,-0.006403,0.009670,18.704251,0.198308,0.193019,0.293152,0.100133,C-06,0,0,0,1,1,0,-0.003931,-0.209447,0.7083,0.5962,0.2642,2,ok
0,1751,-3.813481,-0.860456,-1.020918,-0.006320,0.018783,18.728146,0.199203,-0.101469,0.143152,0.244621,C-06,0,0,0,1,1,0,-0.005816,-0.189716,0.6875,0.6419,0.2662,2,ok
0,1752,-3.803138,-0.877459,-1.011510,-0.006088,0.028191,18.748047,0.198971,0.193815,0.193815,0.000000,,0,0,0,1,1,0,-0.004933,-0.187597,0.7083,0.6147,0.2645,2,ok
0,1753,-3.790446,-0.897680,-0.991809,-0.006374,0.008902,18.771680,0.198371,0.391190,0.343815,-0.047375,C-06,0,0,0,1,1,0,-0.004933,-0.187597,0.7083,0.6147,0.2645,2,ok
0,1754,-3.777438,-0.917601,-0.966118,-0.006275,0.034593,18.795472,0.198230,0.450046,0.450046,0.000000,,0,0,0,1,1,0,-0.006428,-0.187975,0.7292,0.6406,0.2634,2,ok
0,1755,-3.766143,-0.933970,-0.951418,-0.006108,0.011799,18.815133,0.198971,0.228864,0.300046,0.071181,C-06,0,0,0,1,1,0,-0.004780,-0.176467,0.7500,0.6254,0.2636,2,ok
0,1756,-3.752228,-0.953436,-0.941066,-0.005879,0.022152,18.839061,0.199467,0.174850,0.174850,0.000000,,0,0,0,1,1,0,-0.003285,-0.169179,0.7292,0.6103,0.2626,2,ok
0,1757,-3.740461,-0.969570,-0.936052,-0.005497,0.027166,18.857908,0.199708,0.102237,0.102237,0.000000,,0,0,0,1,1,0,-0.003285,-0.169179,0.7292,0.6103,0.2626,2,ok
0,1758,-3.726201,-0.988814,-0.924281,-0.005642,0.004100,18.882805,0.199474,0.217665,0.217665,0.000000,,0,0,0,1,1,0,-0.001375,-0.178521,0.7292,0.5578,0.2577,2,ok
0,1759,-3.714115,-1.004682,-0.907832,-0.005472,0.020549,18.902751,0.199348,0.379817,0.367665,-0.012151,C-06,0,0,0,1,1,0,0.006495,-0.185874,0.6875,0.2777,0.2434,2,ok
0,1760,-3.699288,-1.023503,-0.895367,-0.005358,0.000813,18.926534,0.199731,-0.128843,0.217665,0.346508,C-06,0,0,0,1,1,0,-0.002131,-0.180935,0.7083,0.5692,0.2605,2,ok
0,1761,-3.686766,-1.039086,-0.891734,-0.005326,0.004447,18.946525,0.199928,-0.244168,0.067665,0.311833,C-06,0,0,0,1,1,0,-0.002323,-0.176667,0.6458,0.5802,0.2635,2,ok
0,1762,-3.671693,-1.057763,-0.892120,-0.005384,-0.027130,18.970346,0.200013,-0.012420,-0.012420,0.000000,,0,0,0,1,1,0,-0.003504,-0.181788,0.6250,0.5890,0.2632,2,ok
0,1763,-3.656586,-1.076395,-0.885106,-0.006050,-0.020117,18.994325,0.199892,0.737564,0.137580,-0.599983,C-06,0,0,0,1,1,0,0.008150,-0.207159,0.6667,0.2660,0.2380,2,ok
0,1764,-3.643848,-1.091799,-0.872626,-0.006412,-0.007636,19.014309,0.199930,0.710998,0.287580,-0.423417,C-06,0,0,0,1,1,0,-0.005188,-0.211726,0.7500,0.5673,0.2594,2,ok
0,1765,-3.628218,-1.110041,-0.849568,-0.006910,-0.015290,19.038156,0.200475,0.435198,0.435198,0.000000,,0,0,0,1,1,0,-0.005980,-0.209625,0.7708,0.5612,0.2627,2,ok
0,1766,-3.614903,-1.125031,-0.835209,-0.007091,-0.000931,19.058205,0.200606,0.304908,0.304908,0.000000,,0,0,0,1,1,0,-0.006649,-0.200138,0.7708,0.5910,0.2598,2,ok
0,1767,-3.598612,-1.142771,-0.813540,-0.007185,-0.009463,19.082067,0.200686,0.391840,0.391840,0.000000,,0,0,0,1,1,0,-0.007061,-0.185568,0.7292,0.6018,0.2642,2,ok
0,1768,-3.584755,-1.157250,-0.797201,-0.007256,0.006877,19.102107,0.200254,0.339185,0.339185,0.000000,,0,0,0,1,1,0,-0.007358,-0.178161,0.7500,0.6275,0.2627,2,ok
0,1769,-3.567861,-1.174308,-0.782630,-0.006930,0.021447,19.126113,0.199970,0.246938,0.246938,0.000000,,0,0,0,1,1,0,0.003913,-0.174406,0.6875,0.2887,0.2443,2,ok
0,1770,-3.553644,-1.188370,-0.777373,-0.006996,-0.002060,19.145909,0.199956,0.096227,0.096938,0.000711,C-06,0,0,0,1,1,0,-0.005509,-0.173543,0.7292,0.6265,0.2666,2,ok
0,1771,-3.536552,-1.205220,-0.779860,-0.007078,-0.004547,19.169911,0.200017,-0.060699,-0.053062,0.007637,C-06,0,0,0,1,1,0,-0.005562,-0.175083,0.6875,0.6322,0.2657,2,ok
0,1772,-3.519456,-1.222058,-0.774772,-0.007542,-0.028517,19.193683,0.199941,0.578038,0.096938,-0.481100,C-06,0,0,0,1,1,0,-0.007701,-0.201851,0.6667,0.6325,0.2653,2,ok
0,1773,-3.505120,-1.235973,-0.763566,-0.008062,-0.017311,19.213655,0.199689,0.722011,0.246938,-0.475073,C-06,0,0,0,1,1,0,-0.008791,-0.209137,0.7292,0.6420,0.2606,2,ok
0,1774,-3.487718,-1.252383,-0.741691,-0.008340,0.004565,19.234400,0.199027,0.567651,0.396938,-0.170713,C-06,0,0,0,1,1,0,-0.008931,-0.204335,0.7500,0.6241,0.2605,2,ok
0,1775,-3.472956,-1.265787,-0.727384,-0.008805,-0.009912,19.257285,0.199521,0.303312,0.303312,0.000000,,0,0,0,1,1,0,-0.009205,-0.198323,0.7917,0.6312,0.2588,2,ok
0,1776,-3.454945,-1.281589,-0.709969,-0.008858,0.007503,19.281247,0.199839,0.320754,0.320754,0.000000,,0,0,0,1,1,0,-0.007033,-0.191998,0.7500,0.5841,0.2580,2,ok
0,1777,-3.439665,-1.294498,-0.691437,-0.008896,-0.003146,19.301005,0.200197,0.421047,0.421047,0.000000,,0,0,0,1,1,0,-0.006761,-0.184732,0.7292,0.5987,0.2596,2,ok
0,1778,-3.421054,-1.309700,-0.675704,-0.008769,0.012587,19.325034,0.200328,0.279409,0.279409,0.000000,,0,0,0,1,1,0,0.004173,-0.185652,0.7083,0.2689,0.2441,2,ok
0,1779,-3.405406,-1.322185,-0.669231,-0.008538,-0.009244,19.344794,0.200189,0.095289,0.129409,0.034120,C-06,0,0,0,1,1,0,0.004280,-0.182349,0.6667,0.2754,0.2437,2,ok
0,1780,-3.386541,-1.337053,-0.663603,-0.008719,-0.003616,19.368812,0.200170,0.100223,0.100223,0.000000,,0,0,0,1,1,0,0.002197,-0.180447,0.6458,0.3060,0.2439,2,ok
0,1781,-3.367541,-1.351793,-0.650289,-0.008718,0.009699,19.392860,0.200558,0.416747,0.250223,-0.166524,C-06,0,0,0,1,1,0,-0.008706,-0.190343,0.6250,0.6748,0.2640,2,ok
0,1782,-3.351518,-1.363884,-0.632162,-0.008995,-0.001564,19.412660,0.201172,0.754293,0.400223,-0.354070,C-06,0,0,0,1,1,0,-0.009599,-0.193526,0.6458,0.6792,0.2644,2,ok
0,1783,-3.331948,-1.378068,-0.601381,-0.008951,0.029217,19.436830,0.202222,0.707496,0.550223,-0.157273,C-06,0,0,0,1,1,0,-0.010163,-0.188924,0.6875,0.7220,0.2663,2,ok
0,1784,-3.315344,-1.389539,-0.581477,-0.008673,0.019230,19.456783,0.201880,0.263950,0.400223,0.136273,C-06,0,0,0,1,1,0,-0.006235,-0.175913,0.7292,0.6630,0.2617,2,ok
0,1785,-3.295187,-1.402847,-0.566310,-0.008204,0.034397,19.480932,0.201289,0.201895,0.250223,0.048328,C-06,0,0,0,1,1,0,-0.006609,-0.165888,0.7500,0.6992,0.2622,2,ok
0,1786,-3.278277,-1.413636,-0.560767,-0.007501,0.039940,19.500979,0.200531,0.000762,0.100223,0.099461,C-06,0,0,0,1,1,0,-0.005086,-0.155165,0.6875,0.7376,0.2692,2,ok
0,1787,-3.257921,-1.426452,-0.555736,-0.007230,0.015853,19.524793,0.200454,0.083618,0.083618,0.000000,,0,0,0,1,1,0,-0.006350,-0.162291,0.7292,0.7840,0.2695,2,ok
0,1788,-3.240876,-1.437005,-0.544749,-0.006897,0.026840,19.544837,0.200891,0.505351,0.233618,-0.271733,C-06,0,0,0,1,1,0,0.008501,-0.163562,0.6458,0.3272,0.2393,2,ok
0,1789,-3.220218,-1.449525,-0.522264,-0.006647,0.019246,19.568791,0.202186,0.426120,0.383618,-0.042501,C-06,0,0,0,1,1,0,-0.008127,-0.172333,0.6875,0.8518,0.2656,2,ok
0,1790,-3.199327,-1.461719,-0.507425,-0.006347,0.034084,19.592978,0.201556,0.121020,0.233618,0.112598,C-06,0,0,0,1,1,0,-0.006827,-0.170394,0.6042,0.8798,0.2708,2,ok
0,1791,-3.181820,-1.471522,-0.502516,-0.005739,0.038994,19.609727,0.200562,-0.278916,0.083618,0.362535,C-06,0,0,0,1,1,0,-0.005425,-0.169947,0.5625,0.8638,0.2642,2,ok
0,1792,-3.160805,-1.483095,-0.506050,-0.005562,0.004774,19.636870,0.199740,-0.245641,-0.066382,0.179259,C-06,0,0,0,1,1,0,-0.005425,-0.169947,0.5625,0.8638,0.2642,2,ok
0,1793,-3.143339,-1.492732,-0.511989,-0.005361,-0.001164,19.656817,0.199247,-0.120108,-0.120108,0.000000,,0,0,0,1,1,0,0.021061,-0.214139,0.6042,0.3928,0.2086,2,ok
0,1794,-3.122413,-1.504482,-0.510776,-0.005908,-0.030657,19.680616,0.200114,0.113604,0.029892,-0.083712,C-06,0,0,0,1,1,0,-0.006264,-0.220174,0.6458,0.9038,0.2595,2,ok
0,1795,-3.104927,-1.514259,-0.502140,-0.006535,-0.022021,19.700640,0.200679,0.546389,0.179892,-0.366497,C-06,0,0,0,1,1,0,-0.004743,-0.241724,0.6667,0.7930,0.2523,2,ok
0,1796,-3.083781,-1.525885,-0.482308,-0.007321,-0.034441,19.724555,0.201841,0.547205,0.329892,-0.217313,C-06,0,0,0,1,1,0,-0.006770,-0.244291,0.7292,0.8166,0.2523,2,ok
0,1797,-3.065988,-1.535499,-0.465983,-0.008248,-0.018116,19.744757,0.202325,0.310662,0.310662,0.000000,,0,0,0,1,1,0,-0.004606,-0.255721,0.7292,0.7591,0.2521,2,ok
0,1798,-3.044403,-1.546743,-0.437913,-0.008995,0.009954,19.769084,0.203595,0.450204,0.450204,0.000000,,0,0,0,1,1,0,-0.003997,-0.258467,0.7292,0.7373,0.2509,2,ok
0,1799,-3.022533,-1.557581,-0.410838,-0.009953,0.004119,19.793183,0.203443,0.415700,0.415700,0.000000,,0,0,0,1,1,0,-0.001815,-0.246821,0.7292,0.6612,0.2548,2,ok
0,1800,-3.004119,-1.566132,-0.390947,-0.010304,0.024009,19.813482,0.203018,0.359045,0.359045,0.000000,,0,0,0,1,1,0,-0.000380,-0.239044,0.7292,0.6229,0.2565,2,ok
0,1801,-2.981786,-1.576052,-0.357601,-0.010770,0.024525,19.837518,0.204447,0.538698,0.509045,-0.029653,C-06,0,0,0,1,1,0,0.001309,-0.240170,0.6667,0.5820,0.2571,2,ok
0,1802,-2.962947,-1.584087,-0.326311,-0.011255,0.055815,19.857994,0.204906,0.554200,0.554200,0.000000,,0,0,0,1,1,0,0.001836,-0.228191,0.7083,0.5716,0.2613,2,ok
0,1803,-2.940104,-1.592750,-0.297432,-0.010839,0.084694,19.880040,0.203462,0.381787,0.404200,0.022413,C-06,0,0,0,1,1,0,0.001854,-0.212334,0.7083,0.5787,0.2629,2,ok
0,1804,-2.920936,-1.599190,-0.281746,-0.010387,0.063497,19.902312,0.202087,0.164744,0.254200,0.089456,C-06,0,0,0,1,1,0,0.003984,-0.184506,0.7708,0.5444,0.2623,2,ok
0,1805,-2.897853,-1.606149,-0.273613,-0.009015,0.071631,19.926382,0.200819,-0.022533,0.104200,0.126733,C-06,0,0,0,1,1,0,0.004987,-0.177201,0.7708,0.5044,0.2623,2,ok
0,1806,-2.878592,-1.611608,-0.272107,-0.008046,0.033068,19.946071,0.200149,0.019399,0.019399,0.000000,,0,0,0,1,1,0,0.004987,-0.177201,0.7708,0.5044,0.2623,2,ok
0,1807,-2.855442,-1.618065,-0.260755,-0.007028,0.044420,19.970084,0.200556,0.402795,0.169399,-0.233396,C-06,0,0,0,1,1,0,0.004049,-0.179129,0.7292,0.4807,0.2635,2,ok
0,1808,-2.832189,-1.624519,-0.238472,-0.005975,0.066703,19.992133,0.201595,0.410486,0.319399,-0.091086,C-06,0,0,0,1,1,0,0.004536,-0.191808,0.7083,0.4040,0.2571,2,ok
0,1809,-2.812729,-1.629664,-0.227496,-0.005936,0.036901,0.021891,0.201252,-0.050076,0.169399,0.219475,C-06,0,0,0,1,1,0,0.005673,-0.192945,0.6875,0.3672,0.2571,2,ok
0,1810,-2.789340,-1.635152,-0.225428,-0.005104,0.038969,0.045901,0.200136,-0.181303,0.019399,0.200703,C-06,0,0,0,1,1,0,0.005666,-0.181755,0.6667,0.3440,0.2600,2,ok
0,1811,-2.769836,-1.639681,-0.220775,-0.004977,0.000901,0.065686,0.200321,0.081254,0.081254,0.000000,,0,0,0,1,1,0,0.011683,-0.199483,0.6042,0.1776,0.2465,2,ok
0,1812,-2.746380,-1.645116,-0.204584,-0.005231,0.017092,0.089762,0.200967,0.514513,0.231254,-0.283259,C-06,0,0,0,1,1,0,0.000954,-0.195036,0.7083,0.3678,0.2645,2,ok
0,1813,-2.726754,-1.649645,-0.181722,-0.005427,0.039954,0.108761,0.201807,0.467602,0.381254,-0.086348,C-06,0,0,0,1,1,0,0.000371,-0.192853,0.7500,0.3484,0.2627,2,ok
0,1814,-2.703100,-1.654947,-0.157890,-0.006557,0.021246,0.133893,0.201978,0.308692,0.308692,0.000000,,0,0,0,1,1,0,0.001574,-0.178906,0.7500,0.3028,0.2623,2,ok
0,1815,-2.683323,-1.658837,-0.141350,-0.006932,0.037786,0.154045,0.201479,0.253264,0.253264,0.000000,,0,0,0,1,1,0,0.002699,-0.163710,0.7500,0.2508,0.2661,2,ok
0,1816,-2.659535,-1.662983,-0.123949,-0.007423,0.016404,0.177911,0.201172,0.222100,0.222100,0.000000,,0,0,0,1,1,0,0.002543,-0.149138,0.7292,0.2301,0.2647,2,ok
0,1817,-2.635693,-1.666781,-0.105260,-0.007949,0.035093,0.202048,0.201143,0.238253,0.238253,0.000000,,0,0,0,1,1,0,0.002525,-0.136019,0.7708,0.1827,0.2642,2,ok
0,1818,-2.615796,-1.669189,-0.098614,-0.007762,0.007762,0.221822,0.200358,0.076011,0.088253,0.012242,C-06,0,0,0,1,1,0,0.002191,-0.128285,0.7083,0.1772,0.2630,2,ok
0,1819,-2.591903,-1.671925,-0.089878,-0.008059,0.016498,0.245869,0.200426,0.110452,0.110452,0.000000,,0,0,0,1,1,0,0.000152,-0.127354,0.6875,0.2228,0.2652,2,ok
0,1820,-2.571985,-1.673757,-0.091880,-0.007860,0.014496,0.265870,0.199978,-0.130944,-0.039548,0.091396,C-06,0,0,0,1,1,0,0.000588,-0.126713,0.6667,0.1793,0.2645,2,ok
0,1821,-2.548098,-1.675927,-0.102689,-0.008123,-0.026883,0.289614,0.199777,-0.143807,-0.143807,0.000000,,0,0,0,1,1,0,0.000824,-0.126495,0.6458,0.1350,0.2644,2,ok
0,1822,-2.528204,-1.677969,-0.102978,-0.008745,-0.027172,0.309603,0.200003,0.200008,0.006193,-0.193814,C-06,0,0,0,1,1,0,-0.004004,-0.143954,0.6875,0.1602,0.2680,2,ok
0,1823,-2.504319,-1.680440,-0.091535,-0.009695,-0.042201,0.333374,0.200214,0.498568,0.156193,-0.342375,C-06,0,0,0,1,1,0,-0.005961,-0.147924,0.7292,0.1276,0.2648,2,ok
0,1824,-2.484387,-1.682500,-0.071917,-0.010811,-0.022583,0.353381,0.200527,0.556236,0.306193,-0.250043,C-06,0,0,0,1,1,0,-0.008161,-0.145418,0.7292,0.1486,0.2668,2,ok
0,1825,-2.460424,-1.684971,-0.035571,-0.012149,0.013763,0.377434,0.200919,0.482425,0.456193,-0.026232,C-06,0,0,0,1,1,0,-0.009073,-0.134863,0.7292,0.1804,0.2712,2,ok
0,1826,-2.436430,-1.687037,-0.009083,-0.013631,0.017222,0.401171,0.200545,0.114995,0.306193,0.191198,C-06,0,0,0,1,1,0,-0.005063,-0.096153,0.7500,0.1002,0.2659,2,ok
0,1827,-2.416430,-1.687802,0.002722,-0.013941,0.029027,0.421183,0.200096,-0.113513,0.156193,0.269706,C-06,0,0,0,1,1,0,-0.005512,-0.077959,0.6875,0.1091,0.2652,2,ok
0,1828,-2.392430,-1.687785,0.003884,-0.013634,0.010165,0.444921,0.199999,-0.007175,0.006193,0.013368,C-06,0,0,0,1,1,0,-0.002529,-0.066051,0.7083,0.0378,0.2643,2,ok
0,1829,-2.372431,-1.687733,0.013809,-0.013506,0.020089,0.464919,0.199983,0.209298,0.156193,-0.053105,C-06,0,0,0,1,1,0,-0.005210,-0.063424,0.7083,0.0921,0.2667,2,ok
0,1830,-2.348434,-1.687519,0.016911,-0.013286,0.005596,0.488687,0.199983,0.030539,0.030539,0.000000,,0,0,0,1,1,0,-0.003465,-0.064392,0.6458,0.0382,0.2648,2,ok
0,1831,-2.328437,-1.687285,0.019014,-0.013321,0.007699,0.508685,0.199980,0.030043,0.030043,0.000000,,0,0,0,1,1,0,-0.002584,-0.054378,0.6667,-0.0041,0.2659,2,ok
0,1832,-2.304444,-1.686976,0.028460,-0.013335,0.017145,0.532680,0.199938,0.118943,0.118943,0.000000,,0,0,0,1,1,0,-0.006155,-0.055527,0.6875,0.0688,0.2695,2,ok
0,1833,-2.284456,-1.686718,0.039105,-0.013606,0.012658,0.552462,0.199868,0.156556,0.156556,0.000000,,0,0,0,1,1,0,-0.004200,-0.053920,0.7292,0.0002,0.2693,2,ok
0,1834,-2.260479,-1.686214,0.048565,-0.013796,0.022119,0.576443,0.199834,0.111670,0.111670,0.000000,,0,0,0,1,1,0,-0.003902,-0.042913,0.7292,0.0056,0.2708,2,ok
0,1835,-2.236513,-1.685504,0.058357,-0.013930,0.019371,0.600255,0.199781,0.119765,0.119765,0.000000,,0,0,0,1,1,0,-0.003806,-0.034278,0.7292,0.0059,0.2690,2,ok
0,1836,-2.216549,-1.684472,0.061206,-0.013712,0.022220,0.620245,0.199918,0.035930,0.035930,0.000000,,0,0,0,1,1,0,-0.003323,-0.024588,0.7292,-0.0153,0.2672,2,ok
0,1837,-2.192593,-1.683052,0.059458,-0.013330,0.009746,0.644078,0.200000,-0.025667,-0.025667,0.000000,,0,0,0,1,1,0,-0.003001,-0.018387,0.7083,-0.0302,0.2687,2,ok
0,1838,-2.172626,-1.681861,0.056265,-0.013197,0.006553,0.664079,0.200036,-0.048750,-0.048750,0.000000,,0,0,0,1,1,0,-0.000531,-0.021358,0.7500,-0.1158,0.2707,2,ok
0,1839,-2.148669,-1.680512,0.063680,-0.013116,0.013968,0.688074,0.199913,0.103730,0.101250,-0.002480,C-06,0,0,0,1,1,0,-0.003446,-0.022528,0.6667,-0.0752,0.2655,2,ok
0,1840,-2.128715,-1.679392,0.072027,-0.013159,0.013871,0.707981,0.199802,0.125343,0.125343,0.000000,,0,0,0,1,1,0,0.000116,-0.021895,0.7083,-0.1746,0.2675,2,ok
0,1841,-2.104781,-1.677813,0.075580,-0.012990,0.017424,0.731967,0.199891,0.038873,0.038873,0.000000,,0,0,0,1,1,0,-0.001023,-0.005824,0.7500,-0.1506,0.2666,2,ok
0,1842,-2.084835,-1.676328,0.071386,-0.012769,0.005936,0.751861,0.200044,-0.068426,-0.068426,0.000000,,0,0,0,1,1,0,-0.001306,0.000398,0.7917,-0.1453,0.2703,2,ok
0,1843,-2.060901,-1.674619,0.077184,-0.012669,0.011734,0.775856,0.199914,0.083734,0.081574,-0.002160,C-06,0,0,0,1,1,0,-0.001189,-0.001882,0.7917,-0.1697,0.2698,2,ok
0,1844,-2.036975,-1.672902,0.080593,-0.012592,0.010153,0.799791,0.199883,0.039506,0.039506,0.000000,,0,0,0,1,1,0,-0.001590,0.006812,0.7500,-0.1625,0.2703,2,ok
0,1845,-2.017040,-1.671314,0.080563,-0.012426,0.010123,0.819789,0.199991,-0.003930,-0.003930,0.000000,,0,0,0,1,1,0,0.000270,0.006761,0.7500,-0.2281,0.2687,2,ok
0,1846,-1.993114,-1.669395,0.075385,-0.012213,0.004945,0.842570,0.200068,-0.068295,-0.068295,0.000000,,0,0,0,1,1,0,-0.000105,0.013032,0.7292,-0.2320,0.2692,2,ok
0,1847,-1.973162,-1.667796,0.061641,-0.012165,-0.012624,0.863733,0.200250,-0.288901,-0.218295,0.070606,C-06,0,0,0,1,1,0,-0.000226,0.010606,0.7500,-0.2441,0.2671,2,ok
0,1848,-1.949198,-1.665879,0.048874,-0.012102,-0.025391,0.887773,0.200382,-0.147652,-0.147652,0.000000,,0,0,0,1,1,0,-0.001631,0.006598,0.6875,-0.2524,0.2652,2,ok
0,1849,-1.929221,-1.664877,0.048417,-0.012654,-0.028092,0.907760,0.199999,0.097427,0.002348,-0.095079,C-06,0,0,0,1,1,0,-0.002653,-0.012696,0.6875,-0.2777,0.2625,2,ok
0,1850,-1.905252,-1.663718,0.052891,-0.013362,-0.023618,0.931747,0.199956,0.057957,0.057957,0.000000,,0,0,0,1,1,0,-0.004543,-0.008173,0.7292,-0.2803,0.2613,2,ok
0,1851,-1.885283,-1.662753,0.058618,-0.013954,-0.018177,0.951728,0.199894,0.085383,0.085383,0.000000,,0,0,0,1,1,0,-0.005783,-0.002750,0.7917,-0.2639,0.2626,2,ok
0,1852,-1.861329,-1.661594,0.065740,-0.014665,-0.011056,0.975699,0.199806,0.087544,0.087544,0.000000,,0,0,0,1,1,0,-0.007452,0.005856,0.7708,-0.2333,0.2634,2,ok
0,1853,-1.837389,-1.660417,0.075779,-0.015359,-0.000150,0.999654,0.199689,0.126609,0.126609,0.000000,,0,0,0,1,1,0,-0.008296,0.021664,0.7500,-0.2176,0.2620,2,ok
0,1854,-1.817450,-1.659097,0.079898,-0.015603,0.003970,1.019635,0.199840,0.055566,0.055566,0.000000,,0,0,0,1,1,0,-0.008481,0.028901,0.7292,-0.2101,0.2608,2,ok
0,1855,-1.793524,-1.657200,0.075836,-0.015584,-0.000092,1.043178,0.200059,-0.058578,-0.058578,0.000000,,0,0,0,1,1,0,-0.010855,0.050535,0.7292,-0.1243,0.2653,2,ok
0,1856,-1.773573,-1.655605,0.062857,-0.015438,-0.010088,1.063740,0.200231,-0.342753,-0.208578,0.134175,C-06,0,0,0,1,1,0,-0.011435,0.054553,0.7500,-0.1115,0.2642,2,ok
0,1857,-1.749602,-1.653692,0.034203,-0.015268,-0.038742,1.087786,0.200509,-0.385225,-0.358578,0.026647,C-06,0,0,0,1,1,0,-0.013163,0.058460,0.6875,-0.0812,0.2662,2,ok
0,1858,-1.729609,-1.652299,0.018837,-0.015333,-0.050307,1.107822,0.200358,0.048460,-0.208578,-0.257039,C-06,0,0,0,1,1,0,-0.016933,0.033235,0.7083,-0.0462,0.2698,2,ok
0,1859,-1.705612,-1.651584,0.013166,-0.016368,-0.055979,1.131808,0.200048,0.080691,-0.058578,-0.139269,C-06,0,0,0,1,1,0,-0.018088,0.018517,0.7292,-0.0436,0.2683,2,ok
0,1860,-1.685615,-1.651304,0.019026,-0.017449,-0.044285,1.151947,0.199983,0.195248,0.091422,-0.103826,C-06,0,0,0,1,1,0,-0.018764,0.012894,0.7917,-0.0268,0.2669,2,ok
0,1861,-1.661621,-1.650978,0.025910,-0.018633,-0.037401,1.175914,0.199953,0.081711,0.081711,0.000000,,0,0,0,1,1,0,-0.018199,0.015260,0.7708,-0.0280,0.2675,2,ok
0,1862,-1.637632,-1.650653,0.035098,-0.019784,-0.021540,1.199953,0.199898,0.112213,0.112213,0.000000,,0,0,0,1,1,0,-0.015947,0.021902,0.7500,-0.0415,0.2677,2,ok
0,1863,-1.617646,-1.650151,0.039217,-0.020460,-0.017421,1.219934,0.199924,0.056281,0.056281,0.000000,,0,0,0,1,1,0,-0.015091,0.030437,0.7708,-0.0403,0.2665,2,ok
0,1864,-1.593662,-1.649228,0.032395,-0.020921,-0.014209,1.244138,0.200046,-0.094946,-0.093719,0.001227,C-06,0,0,0,1,1,0,-0.013852,0.035331,0.7292,-0.0403,0.2674,2,ok
0,1865,-1.573671,-1.648445,0.027978,-0.021121,-0.018626,1.264143,0.200074,-0.061762,-0.061762,0.000000,,0,0,0,1,1,0,-0.013241,0.032890,0.7292,-0.0469,0.2661,2,ok
0,1866,-1.549681,-1.647763,0.029639,-0.021619,-0.016965,1.288138,0.199990,0.025216,0.025216,0.000000,,0,0,0,1,1,0,-0.013594,0.027876,0.7292,-0.0368,0.2670,2,ok
0,1867,-1.529690,-1.647209,0.032496,-0.021862,-0.003992,1.308348,0.199972,0.042413,0.042413,0.000000,,0,0,0,1,1,0,-0.012074,0.025966,0.7083,-0.0442,0.2657,2,ok
0,1868,-1.505703,-1.646433,0.031174,-0.022028,-0.005314,1.332348,0.200009,-0.019670,-0.019670,0.000000,,0,0,0,1,1,0,-0.012074,0.025966,0.7083,-0.0442,0.2657,2,ok
0,1869,-1.485711,-1.645782,0.027054,-0.021921,0.002365,1.352714,0.200032,-0.062505,-0.062505,0.000000,,0,0,0,1,1,0,-0.011359,0.029370,0.7917,-0.0306,0.2672,2,ok
0,1870,-1.461721,-1.645131,0.029497,-0.021816,0.004808,1.376713,0.199985,0.036241,0.036241,0.000000,,0,0,0,1,1,0,-0.011005,0.027066,0.7708,-0.0300,0.2681,2,ok
0,1871,-1.437733,-1.644491,0.035524,-0.021571,0.020664,1.400933,0.199947,0.074863,0.074863,0.000000,,0,0,0,1,1,0,-0.009833,0.027111,0.7917,-0.0399,0.2670,2,ok
0,1872,-1.417747,-1.643910,0.038382,-0.021238,0.023521,1.420925,0.199946,0.038872,0.038872,0.000000,,0,0,0,1,1,0,-0.008447,0.030522,0.7708,-0.0437,0.2672,2,ok
0,1873,-1.393762,-1.643021,0.030038,-0.020521,0.023025,1.445174,0.200048,-0.162518,-0.111128,0.051390,C-06,0,0,0,1,1,0,-0.006938,0.034217,0.7292,-0.0550,0.2667,2,ok
0,1874,-1.373767,-1.642272,0.012768,-0.019772,0.005755,1.465169,0.200121,-0.460449,-0.261128,0.199322,C-06,0,0,0,1,1,0,-0.006991,0.030999,0.7292,-0.0483,0.2676,2,ok
0,1875,-1.349767,-1.641373,-0.009261,-0.018873,-0.011730,1.489168,0.200133,-0.260231,-0.260231,0.000000,,0,0,0,1,1,0,-0.007937,0.019548,0.7292,-0.0464,0.2663,2,ok
0,1876,-1.329769,-1.641149,-0.017859,-0.018649,-0.020328,1.509166,0.199973,0.117026,-0.110231,-0.227257,C-06,0,0,0,1,1,0,-0.010274,-0.007465,0.6875,-0.0393,0.2665,2,ok
0,1877,-1.305773,-1.641556,-0.015184,-0.019056,-0.017653,1.533163,0.200009,0.185499,0.039769,-0.145730,C-06,0,0,0,1,1,0,-0.011621,-0.018081,0.7500,-0.0359,0.2666,2,ok
0,1878,-1.285774,-1.641918,-0.003928,-0.019418,-0.003928,1.553162,0.200031,0.171621,0.171621,0.000000,,0,0,0,1,1,0,-0.011763,-0.018666,0.7917,-0.0401,0.2662,2,ok
0,1879,-1.261774,-1.642298,0.002769,-0.019798,0.002769,1.577162,0.200016,0.073174,0.073174,0.000000,,0,0,0,1,1,0,-0.011285,-0.010610,0.7917,-0.0320,0.2669,2,ok
0,1880,-1.237774,-1.642525,0.008900,-0.020025,0.008900,1.601161,0.199997,0.072400,0.072400,0.000000,,0,0,0,1,1,0,-0.009973,-0.000146,0.7708,-0.0461,0.2669,2,ok
0,1881,-1.217775,-1.642362,0.008197,-0.019862,0.008197,1.621161,0.200002,-0.016372,-0.016372,0.000000,,0,0,0,1,1,0,-0.009525,0.005896,0.7708,-0.0458,0.2664,2,ok
0,1882,-1.193775,-1.642140,0.002254,-0.019640,0.002254,1.645160,0.200008,-0.073791,-0.073791,0.000000,,0,0,0,1,1,0,-0.010105,0.005658,0.7292,-0.0184,0.2691,2,ok
0,1883,-1.173775,-1.641988,-0.000189,-0.019488,-0.000189,1.665160,0.200004,-0.031120,-0.031120,0.000000,,0,0,0,1,1,0,-0.010048,0.004020,0.7500,-0.0356,0.2672,2,ok
0,1884,-1.149776,-1.641938,0.006791,-0.019438,0.006791,1.689160,0.199996,0.089654,0.089654,0.000000,,0,0,0,1,1,0,-0.010065,-0.001575,0.7083,-0.0445,0.2667,2,ok
0,1885,-1.129776,-1.641902,0.009758,-0.019402,0.009758,1.709159,0.199991,0.038561,0.038561,0.000000,,0,0,0,1,1,0,-0.009137,0.001943,0.6875,-0.0462,0.2668,2,ok
0,1886,-1.105777,-1.641691,0.009671,-0.019191,0.009671,1.733158,0.199999,-0.003487,-0.003487,0.000000,,0,0,0,1,1,0,-0.008643,0.007255,0.7500,-0.0454,0.2678,2,ok
0,1887,-1.085778,-1.641506,0.011202,-0.019006,0.011202,1.753157,0.199996,0.023681,0.023681,0.000000,,0,0,0,1,1,0,-0.008289,0.006785,0.7917,-0.0547,0.2662,2,ok
0,1888,-1.061781,-1.641285,0.015796,-0.018785,0.015796,1.777155,0.199984,0.056530,0.056530,0.000000,,0,0,0,1,1,0,-0.008939,0.008806,0.7708,-0.0269,0.2679,2,ok
0,1889,-1.037785,-1.641064,0.022624,-0.018564,0.022624,1.801150,0.199959,0.083207,0.083207,0.000000,,0,0,0,1,1,0,-0.007600,0.014441,0.7708,-0.0398,0.2674,2,ok
0,1890,-1.017791,-1.640791,0.026373,-0.018291,0.026373,1.821144,0.199956,0.051628,0.051628,0.000000,,0,0,0,1,1,0,-0.006350,0.016881,0.7708,-0.0469,0.2663,2,ok
0,1891,-0.993797,-1.640181,0.018798,-0.017681,0.018798,1.845138,0.200030,-0.177339,-0.098372,0.078967,C-06,0,0,0,1,1,0,-0.005660,0.024579,0.7292,-0.0451,0.2665,2,ok
0,1892,-0.973799,-1.639664,0.002511,-0.017164,0.002511,1.865137,0.200066,-0.413058,-0.248372,0.164686,C-06,0,0,0,1,1,0,-0.005720,0.020749,0.7292,-0.0415,0.2670,2,ok
0,1893,-0.949800,-1.639044,-0.013787,-0.016544,-0.013787,1.889136,0.200050,-0.189156,-0.189156,0.000000,,0,0,0,1,1,0,-0.006617,0.007936,0.7083,-0.0435,0.2671,2,ok
0,1894,-0.929802,-1.639153,-0.017275,-0.016653,-0.017275,1.909133,0.199979,0.122302,-0.039156,-0.161457,C-06,0,0,0,1,1,0,-0.007897,-0.005464,0.6875,-0.0416,0.2663,2,ok
0,1895,-0.905804,-1.639527,-0.008945,-0.017027,-0.008945,1.933131,0.200017,0.130683,0.110844,-0.019838,C-06,0,0,0,1,1,0,-0.009359,-0.018383,0.7500,-0.0422,0.2666,2,ok
0,1896,-0.885805,-1.639848,0.001640,-0.017348,0.001640,1.953131,0.200026,0.152987,0.152987,0.000000,,0,0,0,1,1,0,-0.008648,-0.016253,0.7917,-0.0504,0.2666,2,ok
0,1897,-0.861805,-1.640129,0.008885,-0.017629,0.008885,1.977130,0.200000,0.080764,0.080764,0.000000,,0,0,0,1,1,0,-0.007810,-0.005708,0.8125,-0.0503,0.2673,2,ok
0,1898,-0.837807,-1.640210,0.015043,-0.017710,0.015043,2.001129,0.199978,0.072671,0.072671,0.000000,,0,0,0,1,1,0,-0.007593,0.004518,0.7708,-0.0271,0.2695,2,ok
0,1899,-0.817810,-1.640026,0.017433,-0.017526,0.017433,2.021126,0.199981,0.032112,0.032112,0.000000,,0,0,0,1,1,0,-0.006202,0.010677,0.7917,-0.0522,0.2678,2,ok
0,1900,-0.793812,-1.639656,0.010399,-0.017156,0.010399,2.045123,0.200013,-0.092131,-0.092131,0.000000,,0,0,0,1,1,0,-0.006272,0.015691,0.7292,-0.0384,0.2670,2,ok
0,1901,-0.773812,-1.639342,-0.005623,-0.016842,-0.005623,2.065123,0.200022,-0.263151,-0.242131,0.021021,C-06,0,0,0,1,1,0,-0.006169,0.011833,0.7292,-0.0425,0.2671,2,ok
0,1902,-0.749814,-1.639120,-0.014261,-0.016620,-0.014261,2.089122,0.199984,-0.038534,-0.092131,-0.053596,C-06,0,0,0,1,1,0,-0.007107,0.000085,0.7083,-0.0437,0.2677,2,ok
0,1903,-0.729815,-1.639382,-0.010997,-0.016882,-0.010997,2.109120,0.200008,0.130657,0.057869,-0.072787,C-06,0,0,0,1,1,0,-0.008198,-0.016627,0.7292,-0.0558,0.2662,2,ok
0,1904,-0.705816,-1.639729,-0.000766,-0.017229,-0.000766,2.133120,0.200021,0.124629,0.124629,0.000000,,0,0,0,1,1,0,-0.009429,-0.012858,0.7500,-0.0281,0.2676,2,ok
0,1905,-0.685816,-1.640016,0.005861,-0.017516,0.005861,2.153119,0.200016,0.091083,0.091083,0.000000,,0,0,0,1,1,0,-0.009013,-0.010256,0.7917,-0.0306,0.2667,2,ok
0,1906,-0.661817,-1.640132,0.011248,-0.017632,0.011248,2.177119,0.199988,0.061831,0.061831,0.000000,,0,0,0,1,1,0,-0.007503,0.002204,0.7708,-0.0421,0.2679,2,ok
0,1907,-0.637820,-1.640161,0.018346,-0.017661,0.018346,2.201116,0.199968,0.085573,0.085573,0.000000,,0,0,0,1,1,0,-0.006414,0.008788,0.7917,-0.0538,0.2681,2,ok
0,1908,-0.617824,-1.639958,0.021684,-0.017458,0.021684,2.221112,0.199969,0.044943,0.044943,0.000000,,0,0,0,1,1,0,-0.005792,0.013067,0.7708,-0.0517,0.2666,2,ok
0,1909,-0.593828,-1.639470,0.013643,-0.016970,0.013643,2.245108,0.200023,-0.171405,-0.105057,0.066348,C-06,0,0,0,1,1,0,-0.005025,0.016938,0.7292,-0.0547,0.2662,2,ok
0,1910,-0.573828,-1.639054,-0.003169,-0.016554,-0.003169,2.265107,0.200043,-0.365872,-0.255057,0.110815,C-06,0,0,0,1,1,0,-0.005555,0.013746,0.7292,-0.0440,0.2659,2,ok
0,1911,-0.549831,-1.638556,-0.023671,-0.016056,-0.023671,2.289105,0.199991,-0.242685,-0.242685,0.000000,,0,0,0,1,1,0,-0.006168,0.011482,0.7083,-0.0336,0.2681,2,ok
0,1912,-0.529839,-1.638684,-0.030965,-0.016184,-0.030965,2.309097,0.199920,0.131963,-0.092685,-0.224648,C-06,0,0,0,1,1,0,-0.009317,-0.023263,0.7083,-0.0412,0.2676,2,ok
0,1913,-0.505849,-1.639396,-0.027084,-0.016896,-0.027084,2.333087,0.200021,0.193852,0.057315,-0.136538,C-06,0,0,0,1,1,0,-0.010530,-0.027895,0.7292,-0.0278,0.2681,2,ok
0,1914,-0.485854,-1.640014,-0.014694,-0.017514,-0.014694,2.353082,0.200072,0.190582,0.190582,0.000000,,0,0,0,1,1,0,-0.011197,-0.031127,0.7917,-0.0336,0.2667,2,ok
0,1915,-0.461855,-1.640744,-0.005150,-0.018244,-0.005150,2.377081,0.200077,0.107544,0.107544,0.000000,,0,0,0,1,1,0,-0.010639,-0.022822,0.7917,-0.0337,0.2665,2,ok
0,1916,-0.437855,-1.641373,0.005974,-0.018873,0.005974,2.401080,0.200048,0.132641,0.132641,0.000000,,0,0,0,1,1,0,-0.009666,-0.009924,0.7500,-0.0354,0.2667,2,ok
0,1917,-0.417855,-1.641285,0.006044,-0.018785,0.006044,2.421080,0.200001,-0.010576,-0.010576,0.000000,,0,0,0,1,1,0,-0.008661,-0.000076,0.7708,-0.0470,0.2675,2,ok
0,1918,-0.393856,-1.641124,-0.003453,-0.018624,-0.003453,2.445080,0.200004,-0.120616,-0.120616,0.000000,,0,0,0,1,1,0,-0.008610,0.003528,0.7292,-0.0432,0.2676,2,ok
0,1919,-0.373856,-1.641077,-0.006345,-0.018577,-0.006345,2.465080,0.199996,-0.034046,-0.034046,0.000000,,0,0,0,1,1,0,-0.009210,-0.001009,0.7500,-0.0412,0.2676,2,ok
0,1920,-0.349856,-1.641179,0.001583,-0.018679,0.001583,2.489080,0.200002,0.104422,0.104422,0.000000,,0,0,0,1,1,0,-0.009932,-0.006876,0.7083,-0.0456,0.2674,2,ok
0,1921,-0.329856,-1.641272,0.007032,-0.018772,0.007032,2.509079,0.199998,0.075128,0.075128,0.000000,,0,0,0,1,1,0,-0.008734,-0.007299,0.6875,-0.0624,0.2660,2,ok
0,1922,-0.305857,-1.641112,0.006174,-0.018612,0.006174,2.533079,0.200002,-0.016378,-0.016378,0.000000,,0,0,0,1,1,0,-0.008382,0.002058,0.7500,-0.0474,0.2671,2,ok
0,1923,-0.285857,-1.640963,0.008532,-0.018463,0.008532,2.553078,0.199999,0.037491,0.037491,0.000000,,0,0,0,1,1,0,-0.009038,0.005671,0.7917,-0.0269,0.2668,2,ok
0,1924,-0.261859,-1.640784,0.012620,-0.018284,0.012620,2.577077,0.199990,0.049256,0.049256,0.000000,,0,0,0,1,1,0,-0.008240,0.003917,0.7708,-0.0415,0.2678,2,ok
0,1925,-0.237862,-1.640606,0.019566,-0.018106,0.019566,2.601074,0.199969,0.084464,0.084464,0.000000,,0,0,0,1,1,0,-0.007289,0.010081,0.7917,-0.0442,0.2670,2,ok
0,1926,-0.217867,-1.640423,0.023976,-0.017923,0.023976,2.621069,0.199956,0.061380,0.061380,0.000000,,0,0,0,1,1,0,-0.006384,0.013954,0.7708,-0.0434,0.2666,2,ok
0,1927,-0.193872,-1.639865,0.017401,-0.017365,0.017401,2.645064,0.200026,-0.138985,-0.088620,0.050365,C-06,0,0,0,1,1,0,-0.005861,0.021113,0.7292,-0.0364,0.2682,2,ok
0,1928,-0.173873,-1.639386,0.001787,-0.016886,0.001787,2.665062,0.200057,-0.392171,-0.238620,0.153550,C-06,0,0,0,1,1,0,-0.005596,0.017930,0.7292,-0.0461,0.2666,2,ok
0,1929,-0.149874,-1.638810,-0.014585,-0.016310,-0.014585,2.689062,0.200038,-0.191600,-0.191600,0.000000,,0,0,0,1,1,0,-0.006312,0.006528,0.7500,-0.0500,0.2680,2,ok
0,1930,-0.129877,-1.638924,-0.018347,-0.016424,-0.018347,2.709059,0.199976,0.136714,-0.041600,-0.178313,C-06,0,0,0,1,1,0,-0.008124,-0.014783,0.6875,-0.0476,0.2657,2,ok
0,1931,-0.105879,-1.639327,-0.010224,-0.016827,-0.010224,2.733056,0.200019,0.164387,0.108400,-0.055987,C-06,0,0,0,1,1,0,-0.008910,-0.022516,0.7500,-0.0485,0.2663,2,ok
0,1932,-0.085880,-1.639672,-0.002135,-0.017172,-0.002135,2.753056,0.200029,0.115288,0.115288,0.000000,,0,0,0,1,1,0,-0.009466,-0.014747,0.7917,-0.0281,0.2676,2,ok
0,1933,-0.061880,-1.639987,0.003616,-0.017487,0.003616,2.777056,0.200010,0.065256,0.065256,0.000000,,0,0,0,1,1,0,-0.008501,-0.009150,0.7708,-0.0372,0.2670,2,ok
0,1934,-0.037881,-1.640207,0.010433,-0.017707,0.010433,2.801055,0.199995,0.081719,0.081719,0.000000,,0,0,0,1,1,0,-0.007940,0.002286,0.7500,-0.0331,0.2670,2,ok
0,1935,-0.017882,-1.640176,0.014025,-0.017676,0.014025,2.821053,0.199982,0.049211,0.049211,0.000000,,0,0,0,1,1,0,-0.007191,0.007415,0.7708,-0.0433,0.2676,2,ok
0,1936,0.006115,-1.639856,0.014191,-0.017356,0.014191,2.845051,0.199999,-0.001403,-0.001403,0.000000,,0,0,0,1,1,0,-0.007027,0.009174,0.7292,-0.0392,0.2671,2,ok
0,1937,0.026114,-1.639576,0.004606,-0.017076,0.004606,2.865050,0.200017,-0.163318,-0.151403,0.011915,C-06,0,0,0,1,1,0,-0.006572,0.012641,0.7292,-0.0359,0.2673,2,ok
0,1938,0.050114,-1.639240,-0.008150,-0.016740,-0.008150,2.886035,0.200014,-0.150423,-0.150423,0.000000,,0,0,0,1,1,0,-0.006542,0.007598,0.7083,-0.0402,0.2666,2,ok
0,1939,0.070113,-1.639384,-0.008919,-0.016884,-0.008919,2.909049,0.200000,0.091680,-0.000423,-0.092103,C-06,0,0,0,1,1,0,-0.006782,-0.009033,0.7292,-0.0703,0.2651,2,ok
0,1940,0.094113,-1.639596,-0.001464,-0.017096,-0.001464,2.933048,0.200007,0.095393,0.095393,0.000000,,0,0,0,1,1,0,-0.009172,-0.009967,0.7500,-0.0245,0.2665,2,ok
0,1941,0.114113,-1.639773,0.006189,-0.017273,0.006189,2.953048,0.200004,0.109398,0.109398,0.000000,,0,0,0,1,1,0,-0.008355,-0.005286,0.7917,-0.0327,0.2672,2,ok
0,1942,0.138112,-1.639938,0.013094,-0.017438,0.013094,2.977047,0.199985,0.079839,0.079839,0.000000,,0,0,0,1,1,0,-0.007564,0.002020,0.7708,-0.0389,0.2679,2,ok
0,1943,0.162108,-1.639950,0.019935,-0.017450,0.019935,3.001044,0.199962,0.081539,0.081539,0.000000,,0,0,0,1,1,0,-0.006216,0.008385,0.7917,-0.0482,0.2659,2,ok
0,1944,0.182104,-1.639722,0.023396,-0.017222,0.023396,3.021039,0.199964,0.047191,0.047191,0.000000,,0,0,0,1,1,0,-0.005456,0.013667,0.7708,-0.0511,0.2663,2,ok
0,1945,0.206099,-1.639190,0.015653,-0.016690,0.015653,3.045034,0.200026,-0.180834,-0.102809,0.078025,C-06,0,0,0,1,1,0,-0.004846,0.019907,0.7292,-0.0490,0.2658,2,ok
0,1946,0.226098,-1.638737,-0.001089,-0.016237,-0.001089,3.065033,0.200051,-0.411680,-0.252809,0.158871,C-06,0,0,0,1,1,0,-0.004692,0.016887,0.7292,-0.0489,0.2657,2,ok
0,1947,0.250097,-1.638193,-0.017611,-0.015693,-0.017611,3.086335,0.200023,-0.191612,-0.191612,0.000000,,0,0,0,1,1,0,-0.006423,0.005859,0.7292,-0.0328,0.2685,2,ok
0,1948,0.270093,-1.638371,-0.021261,-0.015871,-0.021261,3.109028,0.199971,0.137031,-0.041612,-0.178643,C-06,0,0,0,1,1,0,-0.007309,-0.018983,0.7083,-0.0619,0.2657,2,ok
0,1949,0.294089,-1.638845,-0.013155,-0.016345,-0.013155,3.133024,0.200023,0.171918,0.108388,-0.063530,C-06,0,0,0,1,1,0,-0.009286,-0.022249,0.7500,-0.0357,0.2668,2,ok
0,1950,0.314088,-1.639249,-0.005201,-0.016749,-0.005201,3.153023,0.200038,0.113311,0.113311,0.000000,,0,0,0,1,1,0,-0.008216,-0.020133,0.7917,-0.0583,0.2670,2,ok
0,1951,0.338088,-1.639599,-0.000195,-0.017099,-0.000195,3.177023,0.200015,0.055664,0.055664,0.000000,,0,0,0,1,1,0,-0.008195,-0.011504,0.7917,-0.0415,0.2674,2,ok
0,1952,0.362088,-1.639875,0.006061,-0.017375,0.006061,3.201023,0.200007,0.074560,0.074560,0.000000,,0,0,0,1,1,0,-0.007570,-0.004192,0.7500,-0.0461,0.2661,2,ok
0,1953,0.382087,-1.639913,0.009278,-0.017413,0.009278,3.221023,0.199992,0.043507,0.043507,0.000000,,0,0,0,1,1,0,-0.006806,-0.000127,0.7500,-0.0577,0.2653,2,ok
0,1954,0.406086,-1.639732,0.006474,-0.017232,0.006474,3.245022,0.200002,-0.038220,-0.038220,0.000000,,0,0,0,1,1,0,-0.006812,0.006136,0.7292,-0.0466,0.2678,2,ok
0,1955,0.426086,-1.639572,-0.001143,-0.017072,-0.001143,3.265022,0.200006,-0.112904,-0.112904,0.000000,,0,0,0,1,1,0,-0.006659,0.006301,0.7500,-0.0494,0.2679,2,ok
0,1956,0.450086,-1.639598,0.001126,-0.017098,0.001126,3.286535,0.200000,0.057541,0.037096,-0.020445,C-06,0,0,0,1,1,0,-0.007545,0.001099,0.7292,-0.0387,0.2675,2,ok
0,1957,0.470086,-1.639633,0.003942,-0.017133,0.003942,3.309022,0.199999,0.040050,0.040050,0.000000,,0,0,0,1,1,0,-0.007797,-0.000884,0.7083,-0.0385,0.2672,2,ok
0,1958,0.494086,-1.639557,0.001973,-0.017057,0.001973,3.333021,0.200001,-0.026178,-0.026178,0.000000,,0,0,0,1,1,0,-0.007401,0.000081,0.7292,-0.0371,0.2670,2,ok
0,1959,0.514086,-1.639512,0.001937,-0.017012,0.001937,3.353021,0.200000,0.001443,0.001443,0.000000,,0,0,0,1,1,0,-0.007430,0.001085,0.7917,-0.0382,0.2677,2,ok
0,1960,0.538086,-1.639461,0.006467,-0.016961,0.006467,3.377021,0.199997,0.056922,0.056922,0.000000,,0,0,0,1,1,0,-0.008078,0.000146,0.7708,-0.0233,0.2668,2,ok
0,1961,0.562085,-1.639409,0.012573,-0.016909,0.012573,3.401020,0.199985,0.073296,0.073296,0.000000,,0,0,0,1,1,0,-0.007050,0.005561,0.7708,-0.0313,0.2672,2,ok
0,1962,0.582082,-1.639350,0.016640,-0.016850,0.016640,3.421018,0.199975,0.056883,0.056883,0.000000,,0,0,0,1,1,0,-0.006342,0.010152,0.7708,-0.0338,0.2675,2,ok
0,1963,0.606080,-1.638974,0.009662,-0.016474,0.009662,3.445016,0.200017,-0.105217,-0.093117,0.012100,C-06,0,0,0,1,1,0,-0.005488,0.014292,0.7292,-0.0412,0.2672,2,ok
0,1964,0.626080,-1.638647,-0.006432,-0.016147,-0.006432,3.465015,0.200024,-0.297957,-0.243117,0.054840,C-06,0,0,0,1,1,0,-0.005778,0.010974,0.7292,-0.0387,0.2681,2,ok
0,1965,0.650078,-1.638439,-0.015148,-0.015939,-0.015148,3.486835,0.199980,-0.087539,-0.093117,-0.005579,C-06,0,0,0,1,1,0,-0.006410,-0.001053,0.7292,-0.0447,0.2669,2,ok
0,1966,0.670076,-1.638716,-0.012059,-0.016216,-0.012059,3.509012,0.200009,0.121531,0.056883,-0.064648,C-06,0,0,0,1,1,0,-0.008339,-0.013019,0.6875,-0.0336,0.2673,2,ok
0,1967,0.694075,-1.639085,-0.003469,-0.016585,-0.003469,3.533011,0.200022,0.104594,0.104594,0.000000,,0,0,0,1,1,0,-0.008289,-0.017396,0.7083,-0.0428,0.2669,2,ok
0,1968,0.714075,-1.639393,0.003065,-0.016893,0.003065,3.553011,0.200023,0.091466,0.091466,0.000000,,0,0,0,1,1,0,-0.008184,-0.008824,0.7917,-0.0338,0.2681,2,ok
0,1969,0.738075,-1.639548,0.007894,-0.017048,0.007894,3.577011,0.199996,0.054925,0.054925,0.000000,,0,0,0,1,1,0,-0.007277,-0.003510,0.7708,-0.0402,0.2667,2,ok
0,1970,0.762074,-1.639629,0.014527,-0.017129,0.014527,3.601009,0.199980,0.080138,0.080138,0.000000,,0,0,0,1,1,0,-0.005510,0.001299,0.7708,-0.0730,0.2665,2,ok
0,1971,0.782071,-1.639548,0.018764,-0.017048,0.018764,3.621006,0.199970,0.059055,0.059055,0.000000,,0,0,0,1,1,0,-0.006374,0.009938,0.7500,-0.0354,0.2654,2,ok
0,1972,0.806068,-1.639115,0.011764,-0.016615,0.011764,3.645003,0.200020,-0.118873,-0.090945,0.027928,C-06,0,0,0,1,1,0,-0.005479,0.016178,0.7083,-0.0393,0.2656,2,ok
0,1973,0.826067,-1.638745,-0.004381,-0.016245,-0.004381,3.665003,0.200033,-0.309992,-0.240945,0.069047,C-06,0,0,0,1,1,0,-0.005479,0.016178,0.7083,-0.0393,0.2656,2,ok
0,1974,0.850066,-1.638421,-0.014461,-0.015921,-0.014461,3.687035,0.199989,-0.110548,-0.110548,0.000000,,0,0,0,1,1,0,-0.006672,0.000600,0.7083,-0.0392,0.2665,2,ok
0,1975,0.870064,-1.638684,-0.012465,-0.016184,-0.012465,3.709000,0.200006,0.105388,0.039452,-0.065935,C-06,0,0,0,1,1,0,-0.008239,-0.015392,0.6667,-0.0392,0.2654,2,ok
0,1976,0.894063,-1.639040,-0.005441,-0.016540,-0.005441,3.732999,0.200019,0.086475,0.086475,0.000000,,0,0,0,1,1,0,-0.008652,-0.014621,0.7292,-0.0314,0.2657,2,ok
0,1977,0.914063,-1.639337,0.000950,-0.016837,0.000950,3.752999,0.200022,0.090718,0.090718,0.000000,,0,0,0,1,1,0,-0.008186,-0.011146,0.7500,-0.0465,0.2676,2,ok
0,1978,0.938063,-1.639657,0.008515,-0.017157,0.008515,3.776998,0.200002,0.083421,0.083421,0.000000,,0,0,0,1,1,0,-0.007370,-0.005463,0.7292,-0.0467,0.2643,2,ok
0,1979,0.962061,-1.639845,0.017263,-0.017345,0.017263,3.800996,0.199974,0.105149,0.105149,0.000000,,0,0,0,1,1,0,-0.005964,0.002286,0.7500,-0.0671,0.2659,2,ok
0,1980,0.982057,-1.639714,0.021628,-0.017214,0.021628,3.820992,0.199963,0.058741,0.058741,0.000000,,0,0,0,1,1,0,-0.005261,0.011775,0.7292,-0.0777,0.2676,2,ok
0,1981,1.006053,-1.639215,0.014824,-0.016715,0.014824,3.844988,0.200023,-0.143554,-0.091259,0.052294,C-06,0,0,0,1,1,0,-0.002518,0.018637,0.7083,-0.1418,0.2692,2,ok
0,1982,1.026052,-1.638785,-0.001109,-0.016285,-0.001109,3.864987,0.200046,-0.386483,-0.241259,0.145223,C-06,0,0,0,1,1,0,-0.002255,0.015943,0.6875,-0.1595,0.2707,2,ok
0,1983,1.050050,-1.638270,-0.017982,-0.015770,-0.017982,3.887235,0.200016,-0.196933,-0.196933,0.000000,,0,0,0,1,1,0,-0.003302,0.007002,0.6667,-0.1713,0.2707,2,ok
0,1984,1.070046,-1.638439,-0.022004,-0.015939,-0.022004,3.908982,0.199967,0.135978,-0.046933,-0.182911,C-06,0,0,0,1,1,0,-0.004150,-0.018377,0.6667,-0.2300,0.2669,2,ok
0,1985,1.094042,-1.638936,-0.014233,-0.016436,-0.014233,3.932978,0.200024,0.148913,0.103067,-0.045846,C-06,0,0,0,1,1,0,-0.004210,-0.020991,0.7083,-0.2766,0.2644,2,ok
0,1986,1.114041,-1.639361,-0.001842,-0.016861,-0.001842,3.952977,0.200044,0.182238,0.182238,0.000000,,0,0,0,1,1,0,-0.004210,-0.020991,0.7083,-0.2766,0.2644,2,ok
0,1987,1.138041,-1.639802,0.007095,-0.017302,0.007095,3.976977,0.200017,0.100653,0.100653,0.000000,,0,0,0,1,1,0,-0.006548,0.000120,0.7292,-0.2329,0.2646,2,ok
0,1988,1.162040,-1.640031,0.015459,-0.017531,0.015459,4.000975,0.199980,0.099113,0.099113,0.000000,,0,0,0,1,1,0,-0.006456,0.020077,0.7292,-0.2387,0.2630,2,ok
0,1989,1.182037,-1.639862,0.018326,-0.017362,0.018326,4.020972,0.199978,0.036583,0.036583,0.000000,,0,0,0,1,1,0,-0.007447,0.036921,0.7500,-0.2085,0.2648,2,ok
0,1990,1.206034,-1.639464,0.009685,-0.016964,0.009685,4.044970,0.200018,-0.124208,-0.113417,0.010791,C-06,0,0,0,1,1,0,-0.007655,0.042838,0.7083,-0.1900,0.2661,2,ok
0,1991,1.226034,-1.639124,-0.007839,-0.016624,-0.007839,4.064969,0.200024,-0.372359,-0.263417,0.108942,C-06,0,0,0,1,1,0,-0.009640,0.045550,0.7083,-0.1553,0.2664,2,ok
0,1992,1.250029,-1.638718,-0.030405,-0.016218,-0.030405,4.087535,0.199942,-0.269489,-0.269489,0.000000,,0,0,0,1,1,0,-0.010473,0.041025,0.6458,-0.1740,0.2660,2,ok
0,1993,1.270016,-1.638899,-0.039420,-0.016399,-0.039420,4.108952,0.199870,0.025279,-0.119489,-0.144768,C-06,0,0,0,1,1,0,-0.014239,0.019665,0.6667,-0.1387,0.2669,2,ok
0,1994,1.293998,-1.639815,-0.037641,-0.017315,-0.037641,4.132934,0.200014,0.081090,0.030511,-0.050579,C-06,0,0,0,1,1,0,-0.016000,0.013739,0.7083,-0.1375,0.2686,2,ok
0,1995,1.313987,-1.640607,-0.027452,-0.018107,-0.025395,4.152923,0.200078,0.159692,0.159692,0.000000,,0,0,0,1,1,0,-0.016963,0.017784,0.7500,-0.1079,0.2665,2,ok
0,1996,1.337980,-1.641472,-0.022494,-0.018972,-0.020436,4.176915,0.200063,0.054074,0.054074,0.000000,,0,0,0,1,1,0,-0.015869,0.024029,0.7708,-0.1212,0.2660,2,ok
0,1997,1.361976,-1.642276,-0.011855,-0.019776,-0.005666,4.200912,0.200097,0.131796,0.131796,0.000000,,0,0,0,1,1,0,-0.015435,0.037895,0.7292,-0.1053,0.2653,2,ok
0,1998,1.381975,-1.642845,-0.005020,-0.020345,0.001169,4.220911,0.200061,0.094476,0.094476,0.000000,,0,0,0,1,1,0,-0.015435,0.037895,0.7292,-0.1053,0.2653,2,ok
0,1999,1.405975,-1.642981,-0.008421,-0.020400,0.005615,4.245121,0.199995,-0.047887,-0.047887,0.000000,,0,0,0,1,1,0,-0.014654,0.060023,0.6875,-0.0415,0.2701,2,ok
0,2000,1.425973,-1.643075,-0.021333,-0.020288,-0.007297,4.265118,0.199960,-0.210833,-0.197887,0.012946,C-06,0,0,0,1,1,0,-0.015476,0.064304,0.6875,0.0029,0.2693,2,ok
0,2001,1.449960,-1.643188,-0.043768,-0.020118,-0.020332,4.289314,0.199820,-0.275717,-0.275717,0.000000,,0,0,0,1,1,0,-0.015316,0.058598,0.6458,0.0025,0.2649,2,ok
0,2002,1.469936,-1.643633,-0.053234,-0.020151,-0.029797,4.309295,0.199798,0.225425,-0.125717,-0.351142,C-06,0,0,0,1,1,0,-0.018413,0.038802,0.6875,0.0611,0.2672,2,ok
0,2003,1.493900,-1.644815,-0.055407,-0.020838,-0.031971,4.333279,0.199959,-0.019415,-0.019415,0.000000,,0,0,0,1,1,0,-0.018704,0.026694,0.7292,0.0683,0.2657,2,ok
0,2004,1.513871,-1.645875,-0.052291,-0.021125,-0.017461,4.353663,0.200007,0.051786,0.051786,0.000000,,0,0,0,1,1,0,-0.016662,0.021428,0.7500,0.0172,0.2634,2,ok
0,2005,1.537840,-1.647149,-0.049345,-0.021459,-0.014515,4.377663,0.200037,0.034761,0.034761,0.000000,,0,0,0,1,1,0,-0.015736,0.019237,0.7500,0.0195,0.2632,2,ok
0,2006,1.561816,-1.648423,-0.039518,-0.021643,0.005916,4.401840,0.200122,0.124449,0.124449,0.000000,,0,0,0,1,1,0,-0.013254,0.021554,0.7292,-0.0108,0.2618,2,ok
0,2007,1.581803,-1.649483,-0.033048,-0.021762,0.012386,4.421854,0.200161,0.091704,0.091704,0.000000,,0,0,0,1,1,0,-0.013217,0.031978,0.6667,0.0308,0.2650,2,ok
0,2008,1.605788,-1.650300,-0.037305,-0.021308,0.018546,4.446064,0.199973,-0.102400,-0.058296,0.044105,C-06,0,0,0,1,1,0,-0.012901,0.039091,0.7083,0.0669,0.2680,2,ok
0,2009,1.625769,-1.650966,-0.050687,-0.020835,0.005165,4.466051,0.199862,-0.281918,-0.208296,0.073622,C-06,0,0,0,1,1,0,-0.012399,0.035864,0.6667,0.0924,0.2705,2,ok
0,2010,1.649724,-1.651765,-0.071282,-0.020210,-0.008758,4.490141,0.199617,-0.255918,-0.255918,0.000000,,0,0,0,1,1,0,-0.012339,0.037782,0.6250,0.0550,0.2653,2,ok
0,2011,1.669667,-1.652833,-0.079240,-0.020013,-0.016716,4.510111,0.199718,0.140981,-0.105918,-0.246899,C-06,0,0,0,1,1,0,-0.015576,0.004285,0.7292,0.1231,0.2662,2,ok
0,2012,1.693594,-1.654691,-0.076430,-0.020312,-0.007644,4.534300,0.200032,0.152985,0.044082,-0.108903,C-06,0,0,0,1,1,0,-0.017456,-0.006472,0.7708,0.1720,0.2675,2,ok
0,2013,1.713539,-1.656262,-0.070335,-0.020429,-0.001549,4.554307,0.200118,0.094709,0.094709,0.000000,,0,0,0,1,1,0,-0.016414,-0.006754,0.7917,0.1397,0.2635,2,ok
0,2014,1.737482,-1.658028,-0.068184,-0.020450,0.000603,4.578315,0.200060,0.021651,0.021651,0.000000,,0,0,0,1,1,0,-0.016517,-0.002101,0.7708,0.1848,0.2654,2,ok
0,2015,1.761429,-1.659764,-0.064214,-0.020444,0.008779,4.602322,0.200109,0.050549,0.050549,0.000000,,0,0,0,1,1,0,-0.015675,-0.001921,0.7500,0.2049,0.2658,2,ok
0,2016,1.781390,-1.661161,-0.061782,-0.020390,0.011211,4.622331,0.200090,0.034572,0.034572,0.000000,,0,0,0,1,1,0,-0.014881,-0.003261,0.7083,0.2192,0.2682,2,ok
0,2017,1.805342,-1.662688,-0.064721,-0.020075,0.011178,4.646446,0.199985,-0.040083,-0.040083,0.000000,,0,0,0,1,1,0,-0.013438,-0.004596,0.7083,0.2120,0.2687,2,ok
0,2018,1.825300,-1.663983,-0.064807,-0.019805,0.011092,4.666444,0.200002,0.002127,0.002127,0.000000,,0,0,0,1,1,0,-0.013182,-0.003448,0.6875,0.2180,0.2691,2,ok
0,2019,1.849254,-1.665540,-0.057970,-0.019487,0.018856,4.690441,0.200082,0.089705,0.089705,0.000000,,0,0,0,1,1,0,-0.012533,-0.011481,0.6875,0.2183,0.2664,2,ok
0,2020,1.869223,-1.666837,-0.054457,-0.019224,0.022369,4.710449,0.200117,0.049104,0.049104,0.000000,,0,0,0,1,1,0,-0.012462,-0.013635,0.6667,0.2254,0.2667,2,ok
0,2021,1.893187,-1.668180,-0.055522,-0.018697,0.021045,4.734442,0.200000,-0.016946,-0.016946,0.000000,,0,0,0,1,1,0,-0.010668,-0.011765,0.7500,0.2480,0.2669,2,ok
0,2022,1.913157,-1.669290,-0.053532,-0.018250,0.023036,4.754438,0.200020,0.033403,0.033403,0.000000,,0,0,0,1,1,0,-0.009612,-0.018243,0.7708,0.2403,0.2670,2,ok
0,2023,1.937125,-1.670621,-0.049916,-0.017714,0.026651,4.778437,0.200057,0.044741,0.044741,0.000000,,0,0,0,1,1,0,-0.007942,-0.021454,0.7708,0.2202,0.2653,2,ok
0,2024,1.961096,-1.671933,-0.047340,-0.017169,0.026957,4.802430,0.200062,0.030508,0.030508,0.000000,,0,0,0,1,1,0,-0.010552,-0.023439,0.7292,0.3322,0.2693,2,ok
0,2025,1.981074,-1.672924,-0.046427,-0.016612,0.027871,4.822425,0.200023,0.012030,0.012030,0.000000,,0,0,0,1,1,0,-0.002966,-0.031913,0.6667,0.1225,0.2598,2,ok
0,2026,2.005045,-1.674095,-0.053648,-0.016029,0.017192,4.846317,0.199954,-0.095388,-0.095388,0.000000,,0,0,0,1,1,0,-0.005041,-0.030372,0.6875,0.1803,0.2560,2,ok
0,2027,2.025015,-1.675165,-0.054121,-0.015674,0.016719,4.866313,0.199997,-0.001292,-0.001292,0.000000,,0,0,0,1,1,0,-0.011952,-0.033564,0.6875,0.4117,0.2694,2,ok
0,2028,2.048987,-1.676457,-0.042616,-0.015300,0.023255,4.890249,0.200104,0.159511,0.148708,-0.010803,C-06,0,0,0,1,1,0,-0.012447,-0.043412,0.6667,0.4262,0.2672,2,ok
0,2029,2.068972,-1.677534,-0.034424,-0.015037,0.031446,4.910262,0.200168,0.116524,0.116524,0.000000,,0,0,0,1,1,0,-0.012882,-0.050362,0.7083,0.5056,0.2713,2,ok
0,2030,2.092960,-1.678561,-0.029950,-0.014479,0.028983,4.934174,0.200071,0.049338,0.049338,0.000000,,0,0,0,1,1,0,-0.009118,-0.044709,0.7083,0.4515,0.2671,2,ok
0,2031,2.112952,-1.679352,-0.025856,-0.014055,0.033077,4.954177,0.200080,0.059766,0.059766,0.000000,,0,0,0,1,1,0,-0.011214,-0.046812,0.7500,0.5603,0.2682,2,ok
0,2032,2.136946,-1.680262,-0.018146,-0.013508,0.040787,4.978182,0.200109,0.094486,0.094486,0.000000,,0,0,0,1,1,0,-0.008247,-0.049383,0.7708,0.5116,0.2675,2,ok
0,2033,2.160943,-1.680903,-0.013792,-0.012848,0.036692,5.002075,0.200039,0.048758,0.048758,0.000000,,0,0,0,1,1,0,-0.007878,-0.050972,0.7292,0.5673,0.2687,2,ok
0,2034,2.180942,-1.681379,-0.007603,-0.012264,0.042881,5.022071,0.200050,0.091156,0.091156,0.000000,,0,0,0,1,1,0,-0.007236,-0.061338,0.7292,0.5876,0.2698,2,ok
0,2035,2.204941,-1.681576,-0.010444,-0.011325,0.030116,5.045931,0.199994,-0.043061,-0.043061,0.000000,,0,0,0,1,1,0,-0.007884,-0.063996,0.7292,0.6638,0.2712,2,ok
0,2036,2.224939,-1.681718,-0.012279,-0.010614,0.028281,5.065918,0.199990,-0.023813,-0.023813,0.000000,,0,0,0,1,1,0,-0.007479,-0.075977,0.7083,0.6753,0.2706,2,ok
0,2037,2.248939,-1.681956,-0.002654,-0.009902,0.025381,5.089771,0.200009,0.132349,0.126187,-0.006162,C-06,0,0,0,1,1,0,-0.004594,-0.092719,0.6667,0.6329,0.2686,2,ok
0,2038,2.268938,-1.682158,0.006824,-0.009523,0.034860,5.109768,0.200006,0.134821,0.134821,0.000000,,0,0,0,1,1,0,-0.007726,-0.108545,0.6875,0.7567,0.2674,2,ok
0,2039,2.292937,-1.682366,0.015166,-0.009033,0.043202,5.133762,0.199981,0.097041,0.097041,0.000000,,0,0,0,1,1,0,-0.003533,-0.110167,0.7083,0.6973,0.2675,2,ok
0,2040,2.312933,-1.682461,0.025644,-0.008756,0.038907,5.153651,0.199939,0.153740,0.153740,0.000000,,0,0,0,1,1,0,-0.003061,-0.110556,0.7708,0.7408,0.2669,2,ok
0,2041,2.336920,-1.682508,0.040018,-0.008386,0.053281,5.177635,0.199847,0.174375,0.174375,0.000000,,0,0,0,1,1,0,-0.003171,-0.111446,0.7500,0.7750,0.2668,2,ok
0,2042,2.360894,-1.682153,0.052940,-0.007879,0.048991,5.201450,0.199771,0.155724,0.155724,0.000000,,0,0,0,1,1,0,-0.001861,-0.107889,0.7500,0.7943,0.2647,2,ok
0,2043,2.380859,-1.681630,0.063970,-0.007394,0.060021,5.221417,0.199696,0.162541,0.162541,0.000000,,0,0,0,1,1,0,0.000425,-0.119606,0.7708,0.7847,0.2664,2,ok
0,2044,2.404797,-1.680798,0.079929,-0.006705,0.056679,5.245230,0.199537,0.199357,0.199357,0.000000,,0,0,0,1,1,0,0.001110,-0.119110,0.7083,0.8087,0.2628,2,ok
0,2045,2.424724,-1.679720,0.090819,-0.006043,0.067569,5.265175,0.199540,0.160445,0.160445,0.000000,,0,0,0,1,1,0,0.005483,-0.126087,0.7500,0.7390,0.2665,2,ok
0,2046,2.448613,-1.678049,0.101983,-0.004871,0.078734,5.289094,0.199536,0.139285,0.139285,0.000000,,0,0,0,1,1,0,0.005769,-0.127036,0.6875,0.7772,0.2626,2,ok
0,2047,2.468495,-1.676529,0.115523,-0.004128,0.068688,5.308914,0.199265,0.210382,0.210382,0.000000,,0,0,0,1,1,0,0.008308,-0.147921,0.6458,0.7615,0.2643,2,ok
0,2048,2.492303,-1.674642,0.137534,-0.003274,0.090699,5.332782,0.198857,0.287426,0.287426,0.000000,,0,0,0,1,1,0,0.012826,-0.150314,0.7083,0.6834,0.2617,2,ok
0,2049,2.512079,-1.672897,0.162696,-0.002549,0.090508,5.352555,0.198240,0.401997,0.401997,0.000000,,0,0,0,1,1,0,0.014160,-0.144763,0.7292,0.6867,0.2634,2,ok
0,2050,2.535712,-1.670017,0.186771,-0.001268,0.114583,5.376329,0.198343,0.311957,0.311957,0.000000,,0,0,0,1,1,0,0.016013,-0.143691,0.7708,0.6590,0.2647,2,ok
0,2051,2.559265,-1.666080,0.199592,0.001072,0.127403,5.399355,0.199023,-0.057590,0.161957,0.219547,C-06,0,0,0,1,1,0,0.022458,-0.126926,0.7708,0.5835,0.2651,2,ok
0,2052,2.578864,-1.662166,0.200896,0.002974,0.098245,5.420022,0.199923,-0.035102,0.011957,0.047059,C-06,0,0,0,1,1,0,0.022223,-0.126249,0.7292,0.6264,0.2657,2,ok
0,2053,2.602381,-1.657382,0.200874,0.005371,0.098222,5.443900,0.199995,-0.001181,-0.001181,0.000000,,0,0,0,1,1,0,0.023788,-0.126696,0.7292,0.5934,0.2671,2,ok
0,2054,2.621968,-1.653394,0.206704,0.007070,0.070632,5.463992,0.199778,0.102514,0.102514,0.000000,,0,0,0,1,1,0,0.023513,-0.152950,0.7500,0.5893,0.2653,2,ok
0,2055,2.645425,-1.648608,0.220212,0.008807,0.084140,5.487868,0.199231,0.188378,0.188378,0.000000,,0,0,0,1,1,0,0.022565,-0.164646,0.7083,0.6058,0.2628,2,ok
0,2056,2.664899,-1.644620,0.240031,0.010263,0.103959,5.507677,0.198370,0.731138,0.338378,-0.392759,C-06,0,0,0,1,1,0,0.022686,-0.167441,0.6667,0.6153,0.2609,2,ok
0,2057,2.688111,-1.639832,0.274454,0.010968,0.099156,5.531840,0.196721,1.000000,0.488378,-0.511622,C-06,0,0,0,1,1,0,0.024570,-0.169521,0.6458,0.5924,0.2606,2,ok
0,2058,2.707262,-1.635643,0.310841,0.011794,0.135543,5.551427,0.195580,0.634409,0.634409,0.000000,,0,0,0,1,1,0,0.027467,-0.152508,0.7083,0.5727,0.2619,2,ok
0,2059,2.729981,-1.629403,0.344878,0.013565,0.128100,5.575395,0.196369,-0.039220,0.484409,0.523629,C-06,0,0,0,1,1,0,0.027034,-0.139327,0.6875,0.5969,0.2596,2,ok
0,2060,2.752470,-1.621987,0.368065,0.016119,0.151287,5.598937,0.197404,-0.024722,0.334409,0.359131,C-06,0,0,0,1,1,0,0.034589,-0.094022,0.7708,0.5422,0.2656,2,ok
0,2061,2.771090,-1.615122,0.378956,0.018944,0.162178,5.618327,0.198538,-0.138402,0.184409,0.322811,C-06,0,0,0,1,1,0,0.036886,-0.085827,0.7500,0.5509,0.2656,2,ok
0,2062,2.793372,-1.606319,0.381838,0.021597,0.122011,5.643392,0.199722,-0.323275,0.034409,0.357684,C-06,0,0,0,1,1,0,0.038218,-0.080895,0.7292,0.5684,0.2637,2,ok
0,2063,2.811951,-1.598869,0.375961,0.023949,0.116134,5.663271,0.200387,-0.222671,-0.115591,0.107080,C-06,0,0,0,1,1,0,0.040868,-0.096153,0.7083,0.5195,0.2656,2,ok
0,2064,2.834323,-1.589923,0.364469,0.026160,0.063381,5.688375,0.201148,-0.175143,-0.175143,0.000000,,0,0,0,1,1,0,0.041211,-0.109176,0.7292,0.5266,0.2625,2,ok
0,2065,2.853036,-1.582569,0.357189,0.027496,0.056101,5.708437,0.201047,-0.126156,-0.126156,0.000000,,0,0,0,1,1,0,0.038419,-0.133305,0.6875,0.5540,0.2648,2,ok
0,2066,2.875519,-1.574165,0.358202,0.028565,0.016729,5.733438,0.199913,0.032617,0.023844,-0.008773,C-06,0,0,0,1,1,0,0.038130,-0.158260,0.6875,0.5454,0.2626,2,ok
0,2067,2.894220,-1.567153,0.367357,0.028861,0.025884,5.753407,0.199433,0.635821,0.173844,-0.461977,C-06,0,0,0,1,1,0,0.039531,-0.177601,0.6875,0.4830,0.2622,2,ok
0,2068,2.916531,-1.558737,0.388150,0.029262,0.046677,5.777250,0.198031,0.661672,0.323844,-0.337828,C-06,0,0,0,1,1,0,0.039486,-0.185504,0.7292,0.4821,0.2626,2,ok
0,2069,2.938656,-1.550165,0.407712,0.029241,0.030203,5.802021,0.197717,0.295566,0.295566,0.000000,,0,0,0,1,1,0,0.038426,-0.170921,0.7708,0.5146,0.2653,2,ok
0,2070,2.956972,-1.542526,0.418465,0.029551,0.040956,5.821865,0.198529,0.189915,0.189915,0.000000,,0,0,0,1,1,0,0.037471,-0.160807,0.7708,0.5396,0.2646,2,ok
0,2071,2.978883,-1.532846,0.421635,0.030152,0.010332,5.846800,0.199687,-0.072188,0.039915,0.112102,C-06,0,0,0,1,1,0,0.038232,-0.157643,0.7500,0.5248,0.2666,2,ok
0,2072,2.997125,-1.524701,0.423165,0.030302,0.011862,5.866777,0.199786,0.027309,0.027309,0.000000,,0,0,0,1,1,0,0.036879,-0.158809,0.7500,0.5388,0.2661,2,ok
0,2073,3.019040,-1.514847,0.415963,0.030546,0.004660,5.890804,0.200518,-0.172802,-0.122691,0.050112,C-06,0,0,0,1,1,0,0.037540,-0.183066,0.7708,0.5089,0.2632,2,ok
0,2074,3.037387,-1.506686,0.401862,0.030066,-0.042190,5.911837,0.201273,-0.299506,-0.272691,0.026815,C-06,0,0,0,1,1,0,0.032986,-0.201853,0.7083,0.5501,0.2624,2,ok
0,2075,3.059519,-1.497087,0.393105,0.029233,-0.050947,5.935946,0.201003,0.146988,-0.122691,-0.269679,C-06,0,0,0,1,1,0,0.028849,-0.223729,0.6875,0.5810,0.2629,2,ok
0,2076,3.077992,-1.489412,0.393940,0.027893,-0.082108,5.956857,0.199920,0.590326,0.027309,-0.563016,C-06,0,0,0,1,1,0,0.025601,-0.238451,0.6667,0.6097,0.2660,2,ok
0,2077,3.100107,-1.480199,0.404870,0.025926,-0.071179,5.980732,0.199263,0.361415,0.177309,-0.184106,C-06,0,0,0,1,1,0,0.018871,-0.251113,0.7083,0.6766,0.2624,2,ok
0,2078,3.122072,-1.470949,0.425423,0.023910,-0.081718,6.005229,0.197891,0.347137,0.327309,-0.019827,C-06,0,0,0,1,1,0,0.017381,-0.253976,0.7708,0.6665,0.2614,2,ok
0,2079,3.140238,-1.462989,0.437219,0.022036,-0.069922,6.024974,0.198413,0.209558,0.209558,0.000000,,0,0,0,1,1,0,0.016347,-0.250439,0.7500,0.6552,0.2631,2,ok
0,2080,3.161951,-1.452943,0.442519,0.020259,-0.064623,6.048832,0.199433,0.074621,0.074621,0.000000,,0,0,0,1,1,0,0.017740,-0.251133,0.7708,0.5831,0.2593,2,ok
0,2081,3.180003,-1.444496,0.447656,0.018384,-0.090496,6.069307,0.199262,0.098069,0.098069,0.000000,,0,0,0,1,1,0,0.015981,-0.248232,0.7500,0.6008,0.2592,2,ok
0,2082,3.201565,-1.434176,0.462619,0.016163,-0.075533,6.093107,0.198664,0.446186,0.248069,-0.198117,C-06,0,0,0,1,1,0,0.014190,-0.262335,0.7292,0.5926,0.2605,2,ok
0,2083,3.219387,-1.425547,0.479748,0.014257,-0.088499,6.113239,0.197668,0.334481,0.334481,0.000000,,0,0,0,1,1,0,0.009654,-0.268414,0.6875,0.6056,0.2610,2,ok
0,2084,3.240578,-1.414790,0.497558,0.011928,-0.070689,6.136889,0.198100,0.283944,0.283944,0.000000,,0,0,0,1,1,0,0.008236,-0.258104,0.7083,0.6041,0.2623,2,ok
0,2085,3.258060,-1.405528,0.517536,0.010334,-0.050710,6.156608,0.197488,0.400494,0.400494,0.000000,,0,0,0,1,1,0,0.010181,-0.274827,0.6250,0.5286,0.2566,2,ok
0,2086,3.278723,-1.393995,0.550175,0.008354,-0.047705,6.180500,0.196972,0.589436,0.550494,-0.038942,C-06,0,0,0,1,1,0,0.007834,-0.264237,0.7083,0.5553,0.2639,2,ok
0,2087,3.298987,-1.381734,0.580688,0.007059,-0.017193,6.204149,0.197595,0.514125,0.514125,0.000000,,0,0,0,1,1,0,0.008510,-0.236831,0.7500,0.5276,0.2646,2,ok
0,2088,3.315607,-1.370907,0.598871,0.006377,-0.028053,6.224165,0.198499,0.338868,0.364125,0.025257,C-06,0,0,0,1,1,0,0.009522,-0.223365,0.7917,0.5185,0.2659,2,ok
0,2089,3.335319,-1.357445,0.615017,0.005703,-0.011907,6.248026,0.199013,0.275812,0.275812,0.000000,,0,0,0,1,1,0,0.010030,-0.210778,0.7708,0.4948,0.2630,2,ok
0,2090,3.351614,-1.345932,0.621503,0.005457,-0.005421,6.267977,0.199579,-0.012785,0.125812,0.138597,C-06,0,0,0,1,1,0,0.009614,-0.203958,0.7708,0.5066,0.2649,2,ok
0,2091,3.371059,-1.331970,0.631214,0.004679,-0.024709,6.292057,0.199480,0.173810,0.173810,0.000000,,0,0,0,1,1,0,0.006191,-0.196154,0.7292,0.5667,0.2640,2,ok
0,2092,3.387127,-1.320151,0.644987,0.004249,-0.010936,6.311999,0.199247,0.303470,0.303470,0.000000,,0,0,0,1,1,0,0.002848,-0.207019,0.7292,0.6209,0.2645,2,ok
0,2093,3.406237,-1.305706,0.654045,0.003645,-0.030500,6.336064,0.199676,-0.174801,0.153470,0.328271,C-06,0,0,0,1,1,0,0.003584,-0.204240,0.7292,0.5948,0.2656,2,ok
0,2094,3.422103,-1.293534,0.654692,0.003040,-0.029853,6.356052,0.199993,-0.303678,0.003470,0.307148,C-06,0,0,0,1,1,0,0.001422,-0.203738,0.6875,0.6386,0.2630,2,ok
0,2095,3.441087,-1.278892,0.662634,0.002252,-0.051395,6.380083,0.199729,0.239670,0.153470,-0.086199,C-06,0,0,0,1,1,0,0.000265,-0.217680,0.6667,0.6549,0.2616,2,ok
0,2096,3.459893,-1.264047,0.678741,0.001183,-0.035288,6.404018,0.199665,0.605257,0.303470,-0.301787,C-06,0,0,0,1,1,0,-0.001046,-0.230794,0.7292,0.6352,0.2556,2,ok
0,2097,3.475338,-1.251378,0.698672,0.000665,-0.015356,6.423987,0.199891,0.569661,0.453470,-0.116191,C-06,0,0,0,1,1,0,-0.004535,-0.226614,0.8125,0.7237,0.2623,2,ok
0,2098,3.493567,-1.235729,0.722310,0.000038,-0.020283,6.448021,0.200505,0.435841,0.435841,0.000000,,0,0,0,1,1,0,-0.003117,-0.221014,0.7917,0.6854,0.2605,2,ok
0,2099,3.508545,-1.222378,0.739521,-0.000242,-0.003072,6.468084,0.200815,0.368133,0.368133,0.000000,,0,0,0,1,1,0,-0.000921,-0.205159,0.8333,0.6658,0.2603,2,ok
0,2100,3.526163,-1.205957,0.768335,-0.000342,-0.003070,6.492160,0.200567,0.538226,0.518133,-0.020093,C-06,0,0,0,1,1,0,-0.002346,-0.197545,0.7500,0.7312,0.2628,2,ok
0,2101,3.540428,-1.191917,0.788168,-0.000290,0.016763,6.512176,0.199960,0.403800,0.403800,0.000000,,0,0,0,1,1,0,0.000401,-0.189812,0.7708,0.7125,0.2642,2,ok
0,2102,3.557218,-1.174794,0.803373,0.000199,0.031968,6.536152,0.199740,0.090459,0.253800,0.163340,C-06,0,0,0,1,1,0,-0.000584,-0.181453,0.7083,0.7912,0.2623,2,ok
0,2103,3.571060,-1.160376,0.808881,0.000353,0.007457,6.556144,0.199857,-0.301007,0.103800,0.404807,C-06,0,0,0,1,1,0,0.001962,-0.178689,0.7500,0.7579,0.2671,2,ok
0,2104,3.587642,-1.143018,0.806750,0.000584,0.005326,6.580148,0.200059,-0.362348,-0.046200,0.316148,C-06,0,0,0,1,1,0,0.001755,-0.181848,0.6875,0.7737,0.2625,2,ok
0,2105,3.604259,-1.125696,0.805381,0.000342,-0.025477,6.604167,0.200027,-0.022838,-0.022838,0.000000,,0,0,0,1,1,0,0.005136,-0.216264,0.6875,0.6838,0.2589,2,ok
0,2106,3.618079,-1.111259,0.810911,-0.000088,-0.019946,6.624149,0.199809,0.367624,0.127162,-0.240462,C-06,0,0,0,1,1,0,0.000690,-0.226947,0.7083,0.7601,0.2572,2,ok
0,2107,3.634485,-1.093817,0.825962,-0.000535,-0.035089,6.648076,0.199332,0.569387,0.277162,-0.292226,C-06,0,0,0,1,1,0,0.003542,-0.233984,0.7917,0.6599,0.2532,2,ok
0,2108,3.647906,-1.079069,0.845060,-0.001143,-0.015991,6.668008,0.199360,0.588662,0.427162,-0.161501,C-06,0,0,0,1,1,0,0.003334,-0.231591,0.7917,0.6581,0.2598,2,ok
0,2109,3.663592,-1.060946,0.872481,-0.001277,0.011429,6.691975,0.200076,0.511854,0.511854,0.000000,,0,0,0,1,1,0,0.002962,-0.230645,0.7708,0.6797,0.2614,2,ok
0,2110,3.676339,-1.045495,0.893395,-0.001288,0.000841,6.711974,0.200498,0.459130,0.459130,0.000000,,0,0,0,1,1,0,0.001342,-0.216793,0.7292,0.7594,0.2615,2,ok
0,2111,3.691294,-1.026604,0.919224,-0.000997,0.026671,6.736066,0.201014,0.468945,0.468945,0.000000,,0,0,0,1,1,0,0.016481,-0.223068,0.7083,0.3217,0.2367,2,ok
0,2112,3.703435,-1.010607,0.934619,-0.000506,0.009729,6.756122,0.200886,0.137815,0.318945,0.181130,C-06,0,0,0,1,1,0,0.009388,-0.224098,0.7500,0.5874,0.2589,2,ok
0,2113,3.717702,-0.991228,0.944671,-0.000256,0.019781,6.780185,0.200535,-0.392836,0.168945,0.561781,C-06,0,0,0,1,1,0,0.008934,-0.219112,0.6875,0.6316,0.2586,2,ok
0,2114,3.731764,-0.971766,0.946314,0.000207,0.021424,6.804192,0.200061,-0.313715,0.018945,0.332660,C-06,0,0,0,1,1,0,0.010698,-0.226316,0.7083,0.5701,0.2614,2,ok
0,2115,3.743456,-0.955500,0.953817,0.000084,-0.004554,6.824230,0.200591,0.341960,0.168945,-0.173014,C-06,0,0,0,1,1,0,0.007626,-0.232987,0.6875,0.5938,0.2554,2,ok
0,2116,3.757333,-0.935807,0.971595,0.000104,0.013224,6.848321,0.201312,0.470369,0.318945,-0.151423,C-06,0,0,0,1,1,0,0.010927,-0.240303,0.7083,0.4981,0.2454,2,ok
0,2117,3.768746,-0.919189,0.990496,0.000069,-0.005687,6.868487,0.201882,0.397529,0.397529,0.000000,,0,0,0,1,1,0,0.006410,-0.236549,0.7917,0.5560,0.2530,2,ok
0,2118,3.782140,-0.898955,1.015935,-0.000037,0.019753,6.892752,0.202380,0.432571,0.432571,0.000000,,0,0,0,1,1,0,0.009010,-0.231273,0.8125,0.4775,0.2595,2,ok
0,2119,3.792992,-0.881838,1.038813,0.000274,0.042630,6.913017,0.202815,0.459372,0.459372,0.000000,,0,0,0,1,1,0,0.007091,-0.219493,0.7500,0.5302,0.2596,2,ok
0,2120,3.805523,-0.861009,1.063140,0.000301,0.027777,6.937337,0.202647,0.395071,0.395071,0.000000,,0,0,0,1,1,0,0.007241,-0.206509,0.7292,0.5399,0.2621,2,ok
0,2121,3.815517,-0.843460,1.077821,0.000761,0.042458,6.957527,0.201931,0.276893,0.276893,0.000000,,0,0,0,1,1,0,0.011506,-0.204944,0.7292,0.4212,0.2594,2,ok
0,2122,3.827024,-0.822266,1.086344,0.001232,0.009646,6.981693,0.200899,-0.283551,0.126893,0.410443,C-06,0,0,0,1,1,0,0.010693,-0.201659,0.7708,0.4316,0.2608,2,ok
0,2123,3.838208,-0.801031,1.085376,0.001420,0.008678,7.005693,0.199909,-0.385078,-0.023107,0.361970,C-06,0,0,0,1,1,0,0.009020,-0.202167,0.7292,0.4654,0.2636,2,ok
0,2124,3.847540,-0.783378,1.077001,0.001547,0.000302,7.025444,0.199352,-0.284434,-0.173107,0.111326,C-06,0,0,0,1,1,0,0.005738,-0.213609,0.6667,0.4830,0.2592,2,ok
0,2125,3.858893,-0.762259,1.075026,0.000477,-0.042750,7.049681,0.199843,0.689076,-0.023107,-0.712183,C-06,0,0,0,1,1,0,0.005105,-0.231647,0.7500,0.4260,0.2615,2,ok
0,2126,3.868406,-0.744640,1.081170,-0.000444,-0.036606,7.069683,0.200486,0.319395,0.126893,-0.192502,C-06,0,0,0,1,1,0,0.002924,-0.244108,0.7708,0.4114,0.2595,2,ok
0,2127,3.879820,-0.723406,1.090924,-0.002041,-0.066255,7.093694,0.201135,0.158073,0.158073,0.000000,,0,0,0,1,1,0,-0.002111,-0.249609,0.7708,0.4691,0.2582,2,ok
0,2128,3.889171,-0.705598,1.106352,-0.003559,-0.050827,7.113750,0.201669,0.559561,0.308073,-0.251488,C-06,0,0,0,1,1,0,-0.003709,-0.254255,0.7500,0.4176,0.2604,2,ok
0,2129,3.900298,-0.683995,1.134884,-0.005201,-0.022295,7.135415,0.203515,0.745559,0.458073,-0.287486,C-06,0,0,0,1,1,0,-0.005101,-0.247640,0.7500,0.4215,0.2603,2,ok
0,2130,3.909308,-0.665776,1.156509,-0.006994,-0.037769,7.158075,0.203269,0.397089,0.397089,0.000000,,0,0,0,1,1,0,-0.005870,-0.245758,0.7708,0.4254,0.2603,2,ok
0,2131,3.919612,-0.643691,1.180856,-0.008493,-0.013423,7.182399,0.203105,0.368733,0.368733,0.000000,,0,0,0,1,1,0,-0.006252,-0.228724,0.7500,0.4206,0.2590,2,ok
0,2132,3.929540,-0.621349,1.214229,-0.010091,-0.013692,7.206514,0.204454,0.509618,0.509618,0.000000,,0,0,0,1,1,0,-0.005915,-0.214133,0.7083,0.3886,0.2608,2,ok
0,2133,3.937217,-0.602534,1.235381,-0.010984,0.007460,7.226816,0.203091,0.354810,0.359618,0.004807,C-06,0,0,0,1,1,0,-0.005659,-0.194473,0.7292,0.3832,0.2610,2,ok
0,2134,3.945691,-0.579802,1.253073,-0.011577,-0.005730,7.250659,0.202110,0.250871,0.250871,0.000000,,0,0,0,1,1,0,-0.006704,-0.181391,0.6667,0.4078,0.2606,2,ok
0,2135,3.952504,-0.560737,1.275554,-0.012308,0.016751,7.270891,0.203020,0.566943,0.400871,-0.166071,C-06,0,0,0,1,1,0,-0.007433,-0.173726,0.6875,0.4191,0.2625,2,ok
0,2136,3.960644,-0.537658,1.311694,-0.013091,0.052891,7.295351,0.204408,0.517934,0.517934,0.000000,,0,0,0,1,1,0,-0.007409,-0.160245,0.7292,0.4111,0.2623,2,ok
0,2137,3.966680,-0.518268,1.334613,-0.013456,0.045887,7.315312,0.202928,0.058144,0.367934,0.309790,C-06,0,0,0,1,1,0,-0.003708,-0.128928,0.8125,0.3681,0.2644,2,ok
0,2138,3.972943,-0.494887,1.351264,-0.012992,0.062537,7.339513,0.201607,-0.145812,0.217934,0.363746,C-06,0,0,0,1,1,0,-0.001283,-0.111956,0.7917,0.3459,0.2632,2,ok
0,2139,3.977497,-0.475355,1.356191,-0.012187,0.039080,7.359213,0.200471,-0.095520,0.067934,0.163454,C-06,0,0,0,1,1,0,-0.003721,-0.099757,0.7708,0.4265,0.2664,2,ok
0,2140,3.982840,-0.451890,1.362183,-0.011471,0.045072,7.383267,0.200560,0.081790,0.081790,0.000000,,0,0,0,1,1,0,-0.002972,-0.092972,0.7917,0.4244,0.2660,2,ok
0,2141,3.988117,-0.428388,1.371613,-0.010684,0.054502,7.404250,0.200881,0.129754,0.129754,0.000000,,0,0,0,1,1,0,-0.003155,-0.112832,0.7500,0.4510,0.2706,2,ok
0,2142,3.992413,-0.408769,1.379500,-0.010569,0.036604,7.427122,0.200837,0.126345,0.126345,0.000000,,0,0,0,1,1,0,-0.002166,-0.116205,0.7708,0.4424,0.2730,2,ok
0,2143,3.997463,-0.385176,1.393380,-0.010218,0.050484,7.451246,0.201223,0.188239,0.188239,0.000000,,0,0,0,1,1,0,-0.002040,-0.118788,0.7083,0.4537,0.2682,2,ok
0,2144,4.001125,-0.365484,1.396555,-0.009714,0.028044,7.471031,0.200229,-0.128169,0.038239,0.166408,C-06,0,0,0,1,1,0,-0.001032,-0.119419,0.6667,0.4546,0.2690,2,ok
0,2145,4.005291,-0.341862,1.388870,-0.009068,0.020358,7.495009,0.199740,-0.122259,-0.111761,0.010498,C-06,0,0,0,1,1,0,-0.003274,-0.125646,0.6667,0.5063,0.2693,2,ok
0,2146,4.008907,-0.322189,1.390690,-0.008778,-0.002733,7.514804,0.200073,0.072368,0.038239,-0.034129,C-06,0,0,0,1,1,0,-0.004634,-0.139204,0.8333,0.5078,0.2634,2,ok
0,2147,4.013258,-0.298551,1.404118,-0.008871,0.010696,7.538838,0.200512,0.221699,0.188239,-0.033460,C-06,0,0,0,1,1,0,-0.004087,-0.144900,0.8333,0.4714,0.2604,2,ok
0,2148,4.016884,-0.278806,1.418277,-0.008940,0.024854,7.558914,0.200952,0.224794,0.224794,0.000000,,0,0,0,1,1,0,-0.006406,-0.145636,0.7708,0.5574,0.2634,2,ok
0,2149,4.021235,-0.255042,1.444225,-0.009503,0.026937,7.582838,0.201655,0.343316,0.343316,0.000000,,0,0,0,1,1,0,-0.007118,-0.138523,0.7708,0.5894,0.2643,2,ok
0,2150,4.025156,-0.231204,1.464523,-0.009751,0.047235,7.606995,0.201231,0.252385,0.252385,0.000000,,0,0,0,1,1,0,-0.004440,-0.128019,0.8125,0.5638,0.2691,2,ok
0,2151,4.027628,-0.211309,1.472104,-0.009409,0.030683,7.626814,0.200420,0.022632,0.102385,0.079753,C-06,0,0,0,1,1,0,-0.003217,-0.126679,0.8125,0.5407,0.2689,2,ok
0,2152,4.030158,-0.187421,1.475816,-0.008843,0.034395,7.650829,0.200162,0.043106,0.043106,0.000000,,0,0,0,1,1,0,-0.003416,-0.123839,0.7500,0.5975,0.2682,2,ok
0,2153,4.032061,-0.167517,1.469350,-0.008169,0.027929,7.669568,0.199880,-0.133210,-0.106894,0.026317,C-06,0,0,0,1,1,0,-0.002336,-0.128683,0.7292,0.5749,0.2659,2,ok
0,2154,4.034396,-0.143644,1.466640,-0.007989,0.000519,7.694610,0.199890,-0.028929,-0.028929,0.000000,,0,0,0,1,1,0,0.000083,-0.157672,0.6667,0.5340,0.2571,2,ok
0,2155,4.036464,-0.123746,1.473712,-0.007939,0.007590,7.714615,0.200130,0.191363,0.121071,-0.070292,C-06,0,0,0,1,1,0,-0.001466,-0.172056,0.7708,0.5266,0.2566,2,ok
0,2156,4.038955,-0.099841,1.490587,-0.008293,0.000296,7.738445,0.200423,0.217296,0.217296,0.000000,,0,0,0,1,1,0,-0.005028,-0.177320,0.8333,0.6017,0.2643,2,ok
0,2157,4.041032,-0.079891,1.510422,-0.008752,0.020130,7.758498,0.200699,0.300319,0.300319,0.000000,,0,0,0,1,1,0,-0.002449,-0.175708,0.8125,0.5586,0.2588,2,ok
0,2158,4.043126,-0.055925,1.524929,-0.009080,0.009202,7.782320,0.200430,0.167894,0.167894,0.000000,,0,0,0,1,1,0,-0.003999,-0.165938,0.7917,0.6174,0.2653,2,ok
0,2159,4.045023,-0.031939,1.550291,-0.009663,0.034563,7.806373,0.200576,0.363303,0.317894,-0.045409,C-06,0,0,0,1,1,0,-0.001400,-0.170337,0.7708,0.5531,0.2598,2,ok
0,2160,4.046521,-0.011941,1.572659,-0.010067,0.056932,7.826424,0.200447,0.318019,0.318019,0.000000,,0,0,0,1,1,0,-0.001624,-0.162092,0.8125,0.5956,0.2646,2,ok
0,2161,4.047184,0.012058,1.587619,-0.009906,0.045838,7.850203,0.200010,-0.286626,0.168019,0.454645,C-06,0,0,0,1,1,0,-0.002696,-0.156310,0.7500,0.6478,0.2694,2,ok
0,2162,4.046935,0.032055,1.589513,-0.009019,0.047732,7.870182,0.199987,-0.328586,0.018019,0.346605,C-06,0,0,0,1,1,0,-0.000129,-0.150719,0.7292,0.6025,0.2661,2,ok
0,2163,4.046545,0.056052,1.579346,-0.008223,0.009979,7.893913,0.200019,-0.344769,-0.131981,0.212788,C-06,0,0,0,1,1,0,-0.001612,-0.159565,0.7292,0.6411,0.2685,2,ok
0,2164,4.046374,0.076051,1.579757,-0.008015,0.010389,7.913912,0.199998,0.092208,0.018019,-0.074189,C-06,0,0,0,1,1,0,-0.001756,-0.189619,0.7292,0.5960,0.2614,2,ok
0,2165,4.046186,0.100049,1.592820,-0.007781,0.023453,7.935545,0.199960,0.349449,0.168019,-0.181430,C-06,0,0,0,1,1,0,-0.005438,-0.197902,0.7917,0.6615,0.2624,2,ok
0,2166,4.046029,0.120038,1.613799,-0.008167,0.014770,7.957692,0.199831,0.503629,0.318019,-0.185610,C-06,0,0,0,1,1,0,-0.007231,-0.198317,0.8125,0.7091,0.2652,2,ok
0,2167,4.045840,0.143992,1.651025,-0.008558,0.051996,7.981643,0.199390,0.480762,0.468019,-0.012742,C-06,0,0,0,1,1,0,-0.004903,-0.188965,0.8125,0.6550,0.2631,2,ok
0,2168,4.045144,0.167884,1.678717,-0.008972,0.046839,8.005259,0.199048,0.339136,0.339136,0.000000,,0,0,0,1,1,0,-0.004323,-0.159771,0.7917,0.6973,0.2660,2,ok
0,2169,4.043860,0.187747,1.697461,-0.008824,0.065583,8.025162,0.198972,0.281970,0.281970,0.000000,,0,0,0,1,1,0,-0.003683,-0.156752,0.7500,0.7177,0.2669,2,ok
0,2170,4.041307,0.211536,1.708538,-0.007830,0.043192,8.048776,0.199407,0.056453,0.131970,0.075517,C-06,0,0,0,1,1,0,-0.005011,-0.154660,0.7917,0.7861,0.2706,2,ok
0,2171,4.038594,0.231347,1.707966,-0.006981,0.042621,8.068754,0.200007,-0.230888,-0.018030,0.212858,C-06,0,0,0,1,1,0,-0.002624,-0.150519,0.7708,0.7424,0.2652,2,ok
0,2172,4.035304,0.255139,1.695943,-0.005931,0.030598,8.092749,0.200305,-0.171101,-0.168030,0.003071,C-06,0,0,0,1,1,0,-0.005356,-0.160945,0.7500,0.8339,0.2708,2,ok
0,2173,4.032564,0.274993,1.687299,-0.005623,-0.012687,8.112566,0.200516,-0.129212,-0.129212,0.000000,,0,0,0,1,1,0,-0.004233,-0.169797,0.7500,0.8064,0.2693,2,ok
0,2174,4.029741,0.298830,1.688231,-0.005970,-0.011755,8.136567,0.199984,0.179942,0.020788,-0.159153,C-06,0,0,0,1,1,0,-0.011497,-0.217935,0.7708,0.9075,0.2658,2,ok
0,2175,4.027413,0.318680,1.698697,-0.006406,-0.035973,8.156341,0.199743,0.497409,0.170788,-0.326621,C-06,0,0,0,1,1,0,-0.014035,-0.231847,0.7917,0.9621,0.2638,2,ok
0,2176,4.024620,0.342447,1.722582,-0.007565,-0.012089,8.180243,0.199100,0.360022,0.320788,-0.039234,C-06,0,0,0,1,1,0,-0.014925,-0.237471,0.8125,0.9851,0.2631,2,ok
0,2177,4.021820,0.366124,1.747649,-0.008703,0.012978,8.204058,0.198354,0.329243,0.329243,0.000000,,0,0,0,1,1,0,-0.013367,-0.229011,0.7708,0.9676,0.2660,2,ok
0,2178,4.019369,0.385760,1.776759,-0.010062,0.008865,8.223516,0.197441,0.727791,0.479243,-0.248548,C-06,0,0,0,1,1,0,-0.014851,-0.218063,0.7708,1.0110,0.2654,2,ok
0,2179,4.015939,0.409155,1.814570,-0.011287,0.046676,8.247130,0.196840,0.517463,0.517463,0.000000,,0,0,0,1,1,0,-0.012954,-0.216313,0.7708,0.9921,0.2641,2,ok
0,2180,4.012004,0.428506,1.837269,-0.011420,0.036461,8.266501,0.197486,0.087899,0.367463,0.279564,C-06,0,0,0,1,1,0,-0.014618,-0.200800,0.7500,1.0804,0.2718,2,ok
0,2181,4.006266,0.451605,1.853495,-0.011112,0.052687,8.290300,0.198399,0.035017,0.217463,0.182446,C-06,0,0,0,1,1,0,-0.010005,-0.186966,0.7500,0.9952,0.2664,2,ok
0,2182,4.000855,0.470796,1.858104,-0.010230,0.057296,8.310221,0.199481,-0.055901,0.067463,0.123363,C-06,0,0,0,1,1,0,-0.009632,-0.186074,0.7708,1.0543,0.2637,2,ok
0,2183,3.994065,0.493828,1.852841,-0.009453,0.018356,8.333927,0.200268,-0.125141,-0.082537,0.042604,C-06,0,0,0,1,1,0,-0.009757,-0.190528,0.7083,1.0520,0.2665,2,ok
0,2184,3.988494,0.513031,1.856168,-0.009001,0.021683,8.353916,0.199826,0.548809,0.067463,-0.481347,C-06,0,0,0,1,1,0,-0.012533,-0.226185,0.7500,1.1270,0.2670,2,ok
0,2185,3.981818,0.536013,1.870693,-0.008785,0.000533,8.377522,0.199049,0.775002,0.217463,-0.557540,C-06,0,0,0,1,1,0,-0.014073,-0.237958,0.8333,1.1808,0.2666,2,ok
0,2186,3.975141,0.558855,1.895468,-0.009083,0.025308,8.401318,0.197619,0.637394,0.367463,-0.269931,C-06,0,0,0,1,1,0,-0.011079,-0.243996,0.7917,1.1338,0.2641,2,ok
0,2187,3.969390,0.577749,1.914267,-0.009111,0.044106,8.421068,0.197488,0.326142,0.326142,0.000000,,0,0,0,1,1,0,-0.015083,-0.238006,0.8125,1.2615,0.2700,2,ok
0,2188,3.962101,0.600230,1.943089,-0.009498,0.035504,8.444361,0.196680,0.433776,0.433776,0.000000,,0,0,0,1,1,0,-0.010217,-0.233606,0.7708,1.1569,0.2664,2,ok
0,2189,3.955510,0.618775,1.966030,-0.009348,0.058445,8.464042,0.196835,0.412964,0.412964,0.000000,,0,0,0,1,1,0,-0.010638,-0.244612,0.7917,1.1985,0.2712,2,ok
0,2190,3.946735,0.640838,1.983983,-0.008676,0.035783,8.487407,0.197969,0.243593,0.262964,0.019371,C-06,0,0,0,1,1,0,-0.009842,-0.242882,0.7708,1.2079,0.2683,2,ok
0,2191,3.939016,0.659108,1.995673,-0.008200,0.047473,8.507234,0.198370,0.212256,0.212256,0.000000,,0,0,0,1,1,0,-0.007341,-0.240398,0.7917,1.1788,0.2658,2,ok
0,2192,3.929493,0.680872,2.016538,-0.007329,0.068339,8.530975,0.197539,0.332152,0.332152,0.000000,,0,0,0,1,1,0,-0.007617,-0.250581,0.7708,1.2046,0.2588,2,ok
0,2193,3.921313,0.698813,2.041300,-0.007024,0.050331,8.550387,0.196608,0.642933,0.482152,-0.160781,C-06,0,0,0,1,1,0,-0.007131,-0.263023,0.6667,1.1825,0.2646,2,ok
0,2194,3.911042,0.720017,2.075599,-0.006237,0.084629,8.573934,0.196399,0.556536,0.556536,0.000000,,0,0,0,1,1,0,-0.005604,-0.253526,0.7292,1.1839,0.2640,2,ok
0,2195,3.899810,0.740873,2.100832,-0.004820,0.064348,8.597345,0.197560,0.288117,0.406536,0.118419,C-06,0,0,0,1,1,0,-0.000884,-0.231862,0.8333,1.1444,0.2583,2,ok
0,2196,3.889892,0.758059,2.114268,-0.003619,0.077784,8.617151,0.198534,0.062973,0.256536,0.193563,C-06,0,0,0,1,1,0,0.000785,-0.224169,0.8542,1.1482,0.2579,2,ok
0,2197,3.877557,0.778554,2.121251,-0.001733,0.084767,8.640997,0.199408,-0.139066,0.106536,0.245602,C-06,0,0,0,1,1,0,0.003818,-0.220706,0.8333,1.1019,0.2573,2,ok
0,2198,3.867159,0.795574,2.126256,-0.000807,0.042318,8.660849,0.199456,0.100272,0.100272,0.000000,,0,0,0,1,1,0,0.005124,-0.226784,0.8333,1.0894,0.2549,2,ok
0,2199,3.854503,0.815878,2.140589,0.000309,0.056651,8.684748,0.198792,0.377825,0.250272,-0.127554,C-06,0,0,0,1,1,0,0.002837,-0.226904,0.7917,1.1505,0.2588,2,ok
0,2200,3.843784,0.832618,2.159557,0.001275,0.025802,8.704662,0.198223,0.508903,0.400272,-0.108631,C-06,0,0,0,1,1,0,0.006205,-0.275546,0.7500,1.0921,0.2523,2,ok
0,2201,3.830537,0.852473,2.174643,0.001919,0.040888,8.728521,0.199009,0.177553,0.250272,0.072719,C-06,0,0,0,1,1,0,0.010192,-0.276417,0.7708,1.0004,0.2505,2,ok
0,2202,3.819209,0.868903,2.180028,0.002761,0.046273,8.748460,0.199622,0.048131,0.100272,0.052141,C-06,0,0,0,1,1,0,0.010682,-0.277980,0.7708,0.9950,0.2508,2,ok
0,2203,3.805460,0.888494,2.193796,0.003171,0.007952,8.772548,0.199175,0.433182,0.250272,-0.182910,C-06,0,0,0,1,1,0,0.010668,-0.312137,0.6875,0.9916,0.2537,2,ok
0,2204,3.791406,0.907833,2.215835,0.003538,0.029992,8.796452,0.199004,0.604402,0.400272,-0.204130,C-06,0,0,0,1,1,0,0.012434,-0.324713,0.7500,0.9188,0.2456,2,ok
0,2205,3.779314,0.923668,2.240742,0.004318,0.054899,8.813484,0.199173,0.817268,0.550272,-0.266996,C-06,0,0,0,1,1,0,0.013140,-0.322152,0.8125,0.8711,0.2499,2,ok
0,2206,3.764228,0.942264,2.269433,0.004512,0.029896,8.840531,0.199869,0.526243,0.526243,0.000000,,0,0,0,1,1,0,0.014942,-0.309569,0.8125,0.8083,0.2456,2,ok
0,2207,3.751190,0.957463,2.292776,0.005357,0.053239,8.860538,0.200582,0.517255,0.517255,0.000000,,0,0,0,1,1,0,0.016997,-0.302407,0.8333,0.7592,0.2518,2,ok
0,2208,3.735046,0.975401,2.325168,0.006126,0.030682,8.884988,0.201152,0.586892,0.586892,0.000000,,0,0,0,1,1,0,0.017405,-0.298164,0.8125,0.7422,0.2516,2,ok
0,2209,3.721194,0.989894,2.346456,0.006918,0.051969,8.905020,0.200280,0.415113,0.436892,0.021778,C-06,0,0,0,1,1,0,0.019539,-0.283144,0.8125,0.6811,0.2548,2,ok
0,2210,3.704245,1.006889,2.363594,0.008375,0.069108,8.927201,0.199889,0.286665,0.286892,0.000227,C-06,0,0,0,1,1,0,0.019999,-0.277715,0.7708,0.6667,0.2570,2,ok
0,2211,3.689958,1.020872,2.370742,0.008602,0.019873,8.949431,0.199886,0.060840,0.136892,0.076052,C-06,0,0,0,1,1,0,0.019007,-0.279319,0.7292,0.6677,0.2589,2,ok
0,2212,3.672740,1.037590,2.370564,0.009104,0.019696,8.973426,0.200011,-0.026091,-0.013108,0.012983,C-06,0,0,0,1,1,0,0.021668,-0.282095,0.7708,0.5928,0.2575,2,ok
0,2213,3.655491,1.054257,2.377888,0.008901,-0.029658,8.997933,0.199827,0.488364,0.136892,-0.351472,C-06,0,0,0,1,1,0,0.017476,-0.307343,0.7292,0.5589,0.2557,2,ok
0,2214,3.641015,1.067998,2.390923,0.008407,-0.016623,9.017887,0.199414,0.339978,0.286892,-0.053086,C-06,0,0,0,1,1,0,0.011962,-0.313393,0.7708,0.6031,0.2600,2,ok
0,2215,3.623386,1.084164,2.414726,0.008228,0.007180,9.041403,0.199314,0.604658,0.436892,-0.167766,C-06,0,0,0,1,1,0,0.011747,-0.315813,0.8125,0.5886,0.2595,2,ok
0,2216,3.608326,1.097276,2.439126,0.007382,-0.024930,9.062239,0.199965,0.549634,0.549634,0.000000,,0,0,0,1,1,0,0.011214,-0.300844,0.8333,0.5068,0.2534,2,ok
0,2217,3.589835,1.112615,2.461304,0.006981,-0.002751,9.086261,0.200385,0.374643,0.399634,0.024990,C-06,0,0,0,1,1,0,0.010280,-0.285149,0.8125,0.4953,0.2569,2,ok
0,2218,3.574181,1.125145,2.478425,0.006546,-0.041239,9.106686,0.200632,0.372523,0.372523,0.000000,,0,0,0,1,1,0,0.007992,-0.269965,0.7917,0.5103,0.2600,2,ok
0,2219,3.555104,1.139883,2.501238,0.005651,-0.018426,9.130776,0.201077,0.412521,0.412521,0.000000,,0,0,0,1,1,0,0.007180,-0.275528,0.7708,0.5029,0.2594,2,ok
0,2220,3.538939,1.151895,2.523177,0.005280,0.003513,9.150912,0.201613,0.469626,0.469626,0.000000,,0,0,0,1,1,0,0.007481,-0.269783,0.7708,0.4602,0.2602,2,ok
0,2221,3.519205,1.165929,2.549469,0.004224,-0.022087,9.175394,0.201986,0.456279,0.456279,0.000000,,0,0,0,1,1,0,0.006074,-0.259679,0.7500,0.4477,0.2573,2,ok
0,2222,3.499133,1.179509,2.573509,0.003501,0.001953,9.199618,0.202088,0.408464,0.408464,0.000000,,0,0,0,1,1,0,0.005727,-0.234318,0.7292,0.4395,0.2580,2,ok
0,2223,3.482169,1.190512,2.593544,0.002875,-0.023773,9.219995,0.202302,0.404550,0.404550,0.000000,,0,0,0,1,1,0,0.005681,-0.228986,0.7083,0.4336,0.2577,2,ok
0,2224,3.461548,1.203298,2.615580,0.001868,-0.001737,9.244237,0.202273,0.363114,0.363114,0.000000,,0,0,0,1,1,0,0.003058,-0.211749,0.7917,0.4612,0.2628,2,ok
0,2225,3.444151,1.213688,2.636447,0.001365,0.019130,9.264495,0.202804,0.414733,0.414733,0.000000,,0,0,0,1,1,0,0.003319,-0.203023,0.7708,0.4392,0.2614,2,ok
0,2226,3.423026,1.225672,2.657646,0.000485,-0.001101,9.288816,0.202423,0.337725,0.337725,0.000000,,0,0,0,1,1,0,0.006061,-0.190623,0.7917,0.3703,0.2598,2,ok
0,2227,3.405273,1.235190,2.668001,0.000143,0.009255,9.308957,0.201370,0.183826,0.187725,0.003899,C-06,0,0,0,1,1,0,0.005152,-0.176293,0.8333,0.3894,0.2630,2,ok
0,2228,3.383834,1.246429,2.683318,-0.000367,-0.010849,9.333157,0.201867,0.246410,0.246410,0.000000,,0,0,0,1,1,0,0.004976,-0.168360,0.8333,0.3835,0.2652,2,ok
0,2229,3.365811,1.255569,2.703919,-0.000818,0.009752,9.353360,0.202787,0.428005,0.396410,-0.031596,C-06,0,0,0,1,1,0,0.003041,-0.165698,0.8333,0.4081,0.2599,2,ok
0,2230,3.343988,1.266129,2.720431,-0.000906,0.026264,9.375493,0.201984,0.193714,0.246410,0.052695,C-06,0,0,0,1,1,0,0.003683,-0.154132,0.7708,0.3915,0.2629,2,ok
0,2231,3.322049,1.276109,2.727364,-0.001299,0.003298,9.401672,0.200771,-0.048701,0.096410,0.145111,C-06,0,0,0,1,1,0,0.003598,-0.142488,0.7708,0.4045,0.2647,2,ok
0,2232,3.303747,1.284171,2.725039,-0.001329,0.000972,9.421671,0.199838,-0.343791,-0.053590,0.290200,C-06,0,0,0,1,1,0,0.002112,-0.143385,0.7292,0.4191,0.2658,2,ok
0,2233,3.281809,1.293840,2.723114,-0.001794,-0.028657,9.445604,0.199779,-0.028102,-0.028102,0.000000,,0,0,0,1,1,0,0.003388,-0.159424,0.7083,0.3682,0.2642,2,ok
0,2234,3.263524,1.301965,2.726366,-0.002400,-0.025405,9.465604,0.200236,0.069002,0.069002,0.000000,,0,0,0,1,1,0,0.001577,-0.172331,0.7292,0.3693,0.2618,2,ok
0,2235,3.241502,1.311645,2.740021,-0.003210,-0.037765,9.489578,0.200926,0.320070,0.219002,-0.101068,C-06,0,0,0,1,1,0,-0.001221,-0.176231,0.8125,0.3955,0.2662,2,ok
0,2236,3.223025,1.319708,2.758294,-0.004166,-0.019492,9.509714,0.202183,0.342020,0.342020,0.000000,,0,0,0,1,1,0,-0.001727,-0.175711,0.8333,0.3767,0.2655,2,ok
0,2237,3.200682,1.329230,2.777567,-0.005108,-0.000219,9.533984,0.202416,0.285356,0.285356,0.000000,,0,0,0,1,1,0,-0.002780,-0.160026,0.7917,0.3931,0.2661,2,ok
0,2238,3.181923,1.336956,2.797778,-0.006167,-0.004486,9.554102,0.203124,0.363388,0.363388,0.000000,,0,0,0,1,1,0,-0.003113,-0.145389,0.7917,0.3899,0.2648,2,ok
0,2239,3.159237,1.345792,2.820974,-0.007013,0.018710,9.578434,0.202872,0.336176,0.336176,0.000000,,0,0,0,1,1,0,-0.001057,-0.138326,0.7917,0.3438,0.2624,2,ok
0,2240,3.136407,1.353807,2.834624,-0.007319,0.009407,9.602489,0.201539,0.000018,0.186176,0.186158,C-06,0,0,0,1,1,0,-0.000061,-0.125049,0.7500,0.3369,0.2633,2,ok
0,2241,3.117333,1.359939,2.837175,-0.007200,0.011958,9.622523,0.200290,0.020909,0.036176,0.015266,C-06,0,0,0,1,1,0,0.000709,-0.119506,0.7083,0.3263,0.2643,2,ok
0,2242,3.094461,1.367135,2.829739,-0.007046,-0.018184,9.646318,0.199585,-0.358562,-0.113824,0.244738,C-06,0,0,0,1,1,0,0.000158,-0.122002,0.7083,0.3277,0.2633,2,ok
0,2243,3.075438,1.373157,2.826102,-0.007354,-0.021821,9.666269,0.199536,-0.058435,-0.058435,0.000000,,0,0,0,1,1,0,-0.001816,-0.136199,0.7292,0.3488,0.2635,2,ok
0,2244,3.052604,1.380598,2.831726,-0.007928,-0.016196,9.690278,0.200328,0.168644,0.091565,-0.077078,C-06,0,0,0,1,1,0,-0.002914,-0.143530,0.7708,0.3220,0.2655,2,ok
0,2245,3.033520,1.386803,2.844943,-0.008693,-0.023355,9.710187,0.201035,0.260393,0.241565,-0.018828,C-06,0,0,0,1,1,0,-0.005542,-0.150007,0.8333,0.3347,0.2634,2,ok
0,2246,3.010493,1.394250,2.867558,-0.009653,-0.000739,9.734368,0.202235,0.326271,0.326271,0.000000,,0,0,0,1,1,0,-0.005685,-0.145162,0.8542,0.3298,0.2667,2,ok
0,2247,2.991195,1.400297,2.884176,-0.010454,-0.005349,9.754348,0.202207,0.275204,0.275204,0.000000,,0,0,0,1,1,0,-0.005563,-0.135222,0.8333,0.3426,0.2649,2,ok
0,2248,2.967921,1.407240,2.906354,-0.011410,0.016829,9.778617,0.202407,0.307948,0.307948,0.000000,,0,0,0,1,1,0,-0.004930,-0.127856,0.8125,0.3358,0.2653,2,ok
0,2249,2.944547,1.413309,2.918682,-0.011554,0.009368,9.802585,0.201151,0.065705,0.157948,0.092243,C-06,0,0,0,1,1,0,-0.003621,-0.108059,0.7917,0.3199,0.2641,2,ok
0,2250,2.925012,1.418212,2.932851,-0.011779,0.023537,9.822725,0.201675,0.237362,0.237362,0.000000,,0,0,0,1,1,0,-0.003823,-0.105143,0.7500,0.3268,0.2636,2,ok
0,2251,2.901514,1.423468,2.940011,-0.011424,0.030697,9.846801,0.200588,-0.016658,0.087362,0.104020,C-06,0,0,0,1,1,0,-0.003799,-0.100268,0.7292,0.3456,0.2659,2,ok
0,2252,2.881924,1.427489,2.936908,-0.011145,0.007957,9.866526,0.199873,-0.107602,-0.062638,0.044964,C-06,0,0,0,1,1,0,-0.002876,-0.106006,0.6667,0.3339,0.2647,2,ok
0,2253,2.858430,1.432308,2.935086,-0.010941,0.006135,9.890508,0.199860,-0.021443,-0.021443,0.000000,,0,0,0,1,1,0,-0.002874,-0.108605,0.7708,0.3171,0.2638,2,ok
0,2254,2.838842,1.436406,2.942294,-0.010971,-0.005244,9.910316,0.200271,0.235329,0.128557,-0.106772,C-06,0,0,0,1,1,0,-0.004312,-0.116284,0.7708,0.3154,0.2625,2,ok
0,2255,2.815295,1.441329,2.951666,-0.011307,0.004127,9.934370,0.200627,0.125067,0.125067,0.000000,,0,0,0,1,1,0,-0.004170,-0.116501,0.7917,0.3010,0.2626,2,ok
0,2256,2.795640,1.445415,2.959281,-0.011565,0.011743,9.954443,0.200779,0.121343,0.121343,0.000000,,0,0,0,1,1,0,-0.005522,-0.116319,0.7708,0.3352,0.2655,2,ok
0,2257,2.772007,1.450244,2.974447,-0.012176,0.007571,9.978357,0.201253,0.205769,0.205769,0.000000,,0,0,0,1,1,0,-0.005900,-0.109231,0.7500,0.3318,0.2647,2,ok
0,2258,2.748296,1.455068,2.999525,-0.012800,0.032649,10.002546,0.201991,0.336230,0.336230,0.000000,,0,0,0,1,1,0,-0.006710,-0.106515,0.7500,0.3478,0.2655,2,ok
0,2259,2.728472,1.458742,3.017908,-0.013213,0.032646,10.022480,0.201526,0.279372,0.279372,0.000000,,0,0,0,1,1,0,-0.005135,-0.090123,0.7292,0.3338,0.2637,2,ok
0,2260,2.704633,1.462424,3.034125,-0.013107,0.048863,10.046602,0.200952,0.201211,0.201211,0.000000,,0,0,0,1,1,0,-0.003967,-0.076425,0.7083,0.3396,0.2644,2,ok
0,2261,2.684736,1.465093,3.045271,-0.012734,0.042273,10.066423,0.200706,0.165630,0.165630,0.000000,,0,0,0,1,1,0,-0.004660,-0.073237,0.7292,0.3882,0.2699,2,ok
0,2262,2.660838,1.467788,3.053847,-0.012113,0.050849,10.090466,0.200387,0.103074,0.103074,0.000000,,0,0,0,1,1,0,-0.005254,-0.071999,0.7292,0.3995,0.2717,2,ok
0,2263,2.640911,1.469714,3.057516,-0.011277,0.054518,10.110467,0.200174,0.050646,0.050646,0.000000,,0,0,0,1,1,0,-0.003311,-0.064086,0.7917,0.3782,0.2707,2,ok
0,2264,2.616994,1.471837,3.059902,-0.010497,0.038427,10.134252,0.200092,0.028202,0.028202,0.000000,,0,0,0,1,1,0,-0.001205,-0.072093,0.8125,0.3585,0.2637,2,ok
0,2265,2.597055,1.473576,3.067795,-0.009858,0.046320,10.154256,0.200205,0.125366,0.125366,0.000000,,0,0,0,1,1,0,-0.003937,-0.076937,0.8125,0.4354,0.2682,2,ok
0,2266,2.573113,1.475651,3.075365,-0.009277,0.036194,10.178133,0.200272,0.091430,0.091430,0.000000,,0,0,0,1,1,0,-0.001051,-0.077966,0.7708,0.3770,0.2707,2,ok
0,2267,2.549158,1.477657,3.085577,-0.008798,0.046406,10.202167,0.200352,0.127413,0.127413,0.000000,,0,0,0,1,1,0,-0.002110,-0.073137,0.7917,0.4104,0.2670,2,ok
0,2268,2.529187,1.479021,3.090640,-0.008186,0.033801,10.222002,0.200164,0.070095,0.070095,0.000000,,0,0,0,1,1,0,-0.002110,-0.073137,0.7917,0.4104,0.2670,2,ok
0,2269,2.505220,1.480257,3.087004,-0.007443,0.030165,10.245989,0.199960,-0.053146,-0.053146,0.000000,,0,0,0,1,1,0,-0.003242,-0.068885,0.7708,0.4710,0.2703,2,ok
0,2270,2.485251,1.481274,3.085147,-0.006810,0.028307,10.265974,0.199947,-0.024680,-0.024680,0.000000,,0,0,0,1,1,0,-0.002611,-0.072505,0.7292,0.4512,0.2699,2,ok
0,2271,2.461283,1.482593,3.094637,-0.006420,0.020541,10.289885,0.200079,0.168189,0.125320,-0.042869,C-06,0,0,0,1,1,0,-0.006215,-0.083549,0.6875,0.5209,0.2682,2,ok
0,2272,2.441300,1.483696,3.106838,-0.006140,0.032742,10.309896,0.200179,0.181993,0.181993,0.000000,,0,0,0,1,1,0,-0.005094,-0.088826,0.7708,0.5370,0.2702,2,ok
0,2273,2.417311,1.484980,3.117242,-0.005995,0.025522,10.333803,0.200186,0.120833,0.120833,0.000000,,0,0,0,1,1,0,-0.003750,-0.085758,0.8333,0.5361,0.2703,2,ok
0,2274,2.397315,1.485943,3.127429,-0.005962,0.035710,10.353823,0.200187,0.147972,0.147972,0.000000,,0,0,0,1,1,0,-0.003893,-0.081716,0.8333,0.5581,0.2644,2,ok
0,2275,2.373316,1.486551,3.133145,-0.005438,0.024542,10.377729,0.200040,0.061926,0.061926,0.000000,,0,0,0,1,1,0,-0.004196,-0.082661,0.8333,0.6090,0.2687,2,ok
0,2276,2.349317,1.487039,3.139322,-0.005143,0.030719,10.401732,0.200032,0.073561,0.073561,0.000000,,0,0,0,1,1,0,-0.002532,-0.078059,0.7917,0.5857,0.2628,2,ok
0,2277,2.329317,1.487302,-3.139505,-0.004753,0.035077,10.421730,0.200012,0.060555,0.060555,0.000000,,0,0,0,1,1,0,-0.001195,-0.090552,0.7500,0.5858,0.2635,2,ok
0,2278,2.305317,1.487276,3.141364,-0.004280,0.015098,10.445645,0.200000,-0.033001,-0.033001,0.000000,,0,0,0,1,1,0,-0.001289,-0.092217,0.7500,0.5992,0.2653,2,ok
0,2279,2.285317,1.487276,-3.136686,-0.003973,0.020234,10.465642,0.199998,0.082293,0.082293,0.000000,,0,0,0,1,1,0,0.000395,-0.097817,0.7292,0.5722,0.2635,2,ok
0,2280,2.261318,1.487280,-3.128417,-0.003801,0.011273,10.489575,0.199984,0.098897,0.098897,0.000000,,0,0,0,1,1,0,0.000076,-0.108064,0.7083,0.5952,0.2627,2,ok
0,2281,2.241321,1.487283,-3.119819,-0.003842,0.019870,10.509572,0.199955,0.124417,0.124417,0.000000,,0,0,0,1,1,0,0.004255,-0.117410,0.7708,0.5212,0.2627,2,ok
0,2282,2.217330,1.487217,-3.109975,-0.003823,0.029715,10.530700,0.199908,0.117541,0.117541,0.000000,,0,0,0,1,1,0,0.002390,-0.123969,0.7917,0.5883,0.2662,2,ok
0,2283,2.197343,1.487048,-3.099727,-0.004086,0.021957,10.553483,0.199841,0.151124,0.151124,0.000000,,0,0,0,1,1,0,0.002390,-0.123969,0.7917,0.5883,0.2662,2,ok
0,2284,2.173371,1.486610,-3.087663,-0.004108,0.034022,10.577459,0.199773,0.146409,0.146409,0.000000,,0,0,0,1,1,0,0.007755,-0.128044,0.8333,0.4749,0.2598,2,ok
0,2285,2.149414,1.485870,-3.075772,-0.004147,0.028716,10.601357,0.199707,0.145694,0.145694,0.000000,,0,0,0,1,1,0,0.008895,-0.126466,0.8125,0.4536,0.2646,2,ok
0,2286,2.129463,1.484935,-3.067854,-0.003939,0.036634,10.621329,0.199721,0.114713,0.114713,0.000000,,0,0,0,1,1,0,0.010051,-0.134638,0.8125,0.4251,0.2589,2,ok
0,2287,2.105537,1.483630,-3.057650,-0.003719,0.028178,10.645210,0.199650,0.127381,0.127381,0.000000,,0,0,0,1,1,0,0.009662,-0.139044,0.7708,0.4230,0.2624,2,ok
0,2288,2.085618,1.482432,-3.044811,-0.003666,0.041017,10.665165,0.199439,0.199704,0.199704,0.000000,,0,0,0,1,1,0,0.011300,-0.142000,0.7500,0.3663,0.2634,2,ok
0,2289,2.061750,1.480843,-3.028551,-0.003449,0.057276,10.687330,0.199288,0.205654,0.205654,0.000000,,0,0,0,1,1,0,0.011142,-0.141554,0.7292,0.3773,0.2643,2,ok
0,2290,2.041888,1.478987,-3.019917,-0.003022,0.043968,10.708983,0.199487,0.127742,0.127742,0.000000,,0,0,0,1,1,0,0.012194,-0.142973,0.7083,0.3393,0.2636,2,ok
0,2291,2.018086,1.476608,-3.006343,-0.002329,0.057543,10.732894,0.199244,0.177019,0.177019,0.000000,,0,0,0,1,1,0,0.013379,-0.134059,0.7917,0.2926,0.2589,2,ok
0,2292,1.998285,1.474462,-2.994173,-0.001906,0.043720,10.752754,0.199129,0.189497,0.189497,0.000000,,0,0,0,1,1,0,0.011347,-0.129480,0.7917,0.3374,0.2646,3,ok
0,2293,1.974590,1.471724,-2.969065,-0.001433,0.068827,10.776601,0.198388,0.350693,0.339497,-0.011196,C-06,0,0,0,1,1,0,0.012254,-0.122747,0.8333,0.2942,0.2626,2,ok
0,2294,1.950988,1.468398,-2.949891,-0.000602,0.059419,10.800396,0.198606,0.248392,0.248392,0.000000,,0,0,0,1,1,0,0.012881,-0.100718,0.7708,0.2944,0.2660,2,ok
0,2295,1.931376,1.465050,-2.939049,0.000197,0.070260,10.820276,0.198973,0.168931,0.168931,0.000000,,0,0,0,1,1,0,0.015409,-0.094637,0.8125,0.2468,0.2631,2,ok
0,2296,1.907873,1.460299,-2.936987,0.001888,0.072322,10.844195,0.199877,-0.008200,0.018931,0.027132,C-06,0,0,0,1,1,0,0.014734,-0.093567,0.7708,0.2722,0.2656,2,ok
0,2297,1.888277,1.456237,-2.944449,0.002784,0.033453,10.864267,0.200277,-0.239912,-0.131069,0.108844,C-06,0,0,0,1,1,0,0.015653,-0.096149,0.7917,0.2381,0.2638,3,ok
0,2298,1.864716,1.451359,-2.955756,0.003693,0.022146,10.888310,0.200697,-0.152293,-0.152293,0.000000,,0,0,0,1,1,0,0.016393,-0.106946,0.7500,0.1918,0.2606,2,ok
0,2299,1.845058,1.447644,-2.956559,0.003892,-0.009626,10.908448,0.200014,0.391851,-0.002293,-0.394144,C-06,0,0,0,1,1,0,0.013042,-0.131131,0.7083,0.1877,0.2603,2,ok
0,2300,1.821485,1.443223,-2.948402,0.003534,-0.001470,10.932429,0.199722,0.114867,0.114867,0.000000,,0,0,0,1,1,0,0.009379,-0.133522,0.7500,0.2230,0.2648,2,ok
0,2301,1.801870,1.439539,-2.941283,0.003242,0.005650,10.952384,0.199449,0.114300,0.114300,0.000000,,0,0,0,1,1,0,0.009476,-0.132908,0.8125,0.1834,0.2623,2,ok
0,2302,1.778377,1.435116,-2.930004,0.002345,-0.010806,10.976359,0.199026,0.154264,0.154264,0.000000,,0,0,0,1,1,0,0.009313,-0.127547,0.7917,0.1618,0.2614,2,ok
0,2303,1.754943,1.430554,-2.917945,0.001501,0.001254,11.000219,0.198927,0.164245,0.164245,0.000000,,0,0,0,1,1,0,0.007636,-0.123917,0.8333,0.1739,0.2648,2,ok
0,2304,1.731565,1.425583,-2.908899,0.000732,-0.014352,11.024135,0.199177,0.120929,0.120929,0.000000,,0,0,0,1,1,0,0.008362,-0.115694,0.7708,0.1237,0.2638,2,ok
0,2305,1.708225,1.420219,-2.904421,0.000153,-0.009874,11.048076,0.199595,0.057594,0.057594,0.000000,,0,0,0,1,1,0,0.008362,-0.115694,0.7708,0.1237,0.2638,2,ok
0,2306,1.684917,1.414786,-2.897194,-0.000531,-0.023253,11.071997,0.199286,0.102168,0.102168,0.000000,,0,0,0,1,1,0,0.005843,-0.108204,0.7500,0.1007,0.2616,2,ok
0,2307,1.665535,1.410247,-2.887013,-0.001278,-0.013073,11.091889,0.198835,0.174589,0.174589,0.000000,,0,0,0,1,1,0,0.003265,-0.103392,0.7500,0.1310,0.2678,2,ok
0,2308,1.646205,1.405603,-2.876948,-0.001910,-0.003007,11.111759,0.198789,0.167712,0.167712,0.000000,,0,0,0,1,1,0,0.003151,-0.097001,0.7292,0.1097,0.2636,2,ok
0,2309,1.623051,1.399417,-2.874310,-0.002539,-0.018091,11.135674,0.199784,0.028667,0.028667,0.000000,,0,0,0,1,1,0,0.002139,-0.096405,0.7292,0.1199,0.2687,2,ok
0,2310,1.599923,1.393174,-2.867661,-0.003161,-0.011442,11.159621,0.199464,0.098200,0.098200,0.000000,,0,0,0,1,1,0,0.003446,-0.092661,0.7917,0.0576,0.2628,2,ok
0,2311,1.580695,1.387972,-2.857890,-0.003846,-0.017855,11.179483,0.198958,0.169999,0.169999,0.000000,,0,0,0,1,1,0,0.001764,-0.086961,0.8125,0.0743,0.2691,2,ok
0,2312,1.561520,1.382712,-2.848632,-0.004554,-0.008598,11.199353,0.198812,0.156553,0.156553,0.000000,,0,0,0,1,1,0,0.001219,-0.081871,0.8125,0.0661,0.2656,2,ok
0,2313,1.538582,1.376174,-2.837267,-0.005234,-0.011290,11.223130,0.198751,0.162465,0.162465,0.000000,,0,0,0,1,1,0,0.000634,-0.072493,0.8125,0.0718,0.2693,2,ok
0,2314,1.515721,1.369311,-2.827541,-0.005821,-0.001564,11.246992,0.198923,0.138060,0.138060,0.000000,,0,0,0,1,1,0,0.000443,-0.062485,0.7708,0.0573,0.2675,2,ok
0,2315,1.492914,1.362066,-2.822380,-0.006029,0.003597,11.269752,0.199437,0.070984,0.070984,0.000000,,0,0,0,1,1,0,0.000688,-0.049285,0.7917,0.0477,0.2713,2,ok
0,2316,1.473935,1.355901,-2.819192,-0.006382,-0.004240,11.290785,0.199569,0.053991,0.053991,0.000000,,0,0,0,1,1,0,0.000930,-0.046802,0.7292,0.0246,0.2666,3,ok
0,2317,1.454976,1.349679,-2.815860,-0.006659,-0.000908,11.310737,0.199534,0.058259,0.058259,0.000000,,0,0,0,1,1,0,0.001584,-0.044470,0.7708,0.0015,0.2650,2,ok
0,2318,1.432262,1.342168,-2.809365,-0.007030,-0.003934,11.334610,0.199229,0.096725,0.096725,0.000000,,0,0,0,1,1,0,0.001276,-0.043176,0.6458,-0.0090,0.2676,3,ok
0,2319,1.409592,1.334481,-2.804914,-0.007292,0.000517,11.358546,0.199497,0.062681,0.062681,0.000000,,0,0,0,1,1,0,0.001171,-0.037891,0.8125,-0.0212,0.2662,2,ok
0,2320,1.390714,1.327879,-2.805459,-0.007366,-0.008254,11.378495,0.200044,-0.014251,-0.014251,0.000000,,0,0,0,1,1,0,0.002407,-0.035545,0.7917,-0.0496,0.2658,3,ok
0,2321,1.371844,1.321282,-2.801884,-0.007534,-0.004679,11.398484,0.199786,0.069892,0.069892,0.000000,,0,0,0,1,1,0,0.000814,-0.031904,0.8125,-0.0444,0.2656,3,ok
0,2322,1.349217,1.313284,-2.801734,-0.007654,-0.004528,11.422483,0.200005,-0.001376,-0.001376,0.000000,,0,0,0,1,1,0,0.000625,-0.033878,0.8125,-0.0489,0.2691,3,ok
0,2323,1.326599,1.305282,-2.799136,-0.007911,-0.008371,11.446426,0.199850,0.040960,0.040960,0.000000,,0,0,0,1,1,0,-0.000014,-0.033076,0.7917,-0.0503,0.2652,3,ok
0,2324,1.303993,1.297227,-2.799334,-0.008119,-0.008569,11.470423,0.200008,-0.005649,-0.005649,0.000000,,0,0,0,1,1,0,-0.000044,-0.023193,0.7917,-0.0764,0.2653,2,ok
0,2325,1.285142,1.290512,-2.803004,-0.008400,-0.016929,11.490381,0.200227,-0.069249,-0.069249,0.000000,,0,0,0,1,1,0,-0.001383,-0.020553,0.7500,-0.0683,0.2667,3,ok
0,2326,1.266281,1.283868,-2.801330,-0.008775,-0.015256,11.510373,0.199883,0.038203,0.038203,0.000000,,0,0,0,1,1,0,-0.002622,-0.021710,0.7083,-0.0627,0.2674,2,ok
0,2327,1.243698,1.275870,-2.790655,-0.009239,-0.008924,11.534275,0.199326,0.166761,0.166761,0.000000,,0,0,0,1,1,0,-0.000362,-0.027853,0.7083,-0.1271,0.2642,3,ok
0,2328,1.221186,1.267788,-2.784683,-0.009681,-0.002952,11.558189,0.199324,0.083950,0.083950,0.000000,,0,0,0,1,1,0,-0.002222,-0.015442,0.7917,-0.0926,0.2691,2,ok
0,2329,1.202438,1.260813,-2.787793,-0.009816,-0.009076,11.578210,0.200190,-0.122909,-0.066050,0.056859,C-06,0,0,0,1,1,0,-0.000181,-0.008710,0.8125,-0.1337,0.2656,2,ok
0,2330,1.183686,1.253884,-2.784546,-0.009964,-0.005829,11.598201,0.199783,0.068769,0.068769,0.000000,,0,0,0,1,1,0,-0.001722,-0.005597,0.8125,-0.1196,0.2660,3,ok
0,2331,1.161211,1.245569,-2.781691,-0.010130,-0.002974,11.622164,0.199669,0.040897,0.040897,0.000000,,0,0,0,1,1,0,-0.001622,0.000716,0.8333,-0.1479,0.2655,2,ok
0,2332,1.138743,1.237121,-2.783451,-0.010278,-0.006375,11.646115,0.200115,-0.030358,-0.030358,0.000000,,0,0,0,1,1,0,-0.002007,0.004397,0.7917,-0.1379,0.2686,3,ok
0,2333,1.116254,1.228667,-2.786369,-0.010443,-0.009293,11.670141,0.200303,-0.043973,-0.043973,0.000000,,0,0,0,1,1,0,-0.002192,0.009021,0.7500,-0.1530,0.2676,2,ok
0,2334,1.097470,1.221694,-2.796637,-0.010657,-0.019148,11.690181,0.200663,-0.295238,-0.193973,0.101265,C-06,0,0,0,1,1,0,-0.003890,0.011991,0.7500,-0.1277,0.2693,2,ok
0,2335,1.078601,1.214726,-2.811241,-0.010904,-0.033753,11.710294,0.201559,-0.261273,-0.261273,0.000000,,0,0,0,1,1,0,-0.002556,0.003908,0.7292,-0.1915,0.2663,3,ok
0,2336,1.055864,1.206688,-2.819524,-0.011532,-0.042279,11.734406,0.200915,0.087400,-0.111273,-0.198673,C-06,0,0,0,1,1,0,-0.006345,0.001913,0.7292,-0.1601,0.2730,2,ok
0,2337,1.033104,1.199078,-2.817468,-0.012562,-0.040223,11.758382,0.199866,0.130132,0.038727,-0.091404,C-06,0,0,0,1,1,0,-0.008624,-0.009527,0.7500,-0.1635,0.2692,3,ok
0,2338,1.014173,1.192721,-2.808050,-0.013393,-0.030805,11.775295,0.199428,0.177308,0.177308,0.000000,,0,0,0,1,1,0,-0.007881,-0.007889,0.8333,-0.2070,0.2666,2,ok
0,2339,0.995295,1.186340,-2.802357,-0.014080,-0.022438,11.798310,0.199250,0.093792,0.093792,0.000000,,0,0,0,1,1,0,-0.006677,-0.000333,0.8125,-0.2432,0.2675,2,ok
0,2340,0.972689,1.178563,-2.795655,-0.014792,-0.015736,11.822205,0.199210,0.098604,0.098604,0.000000,,0,0,0,1,1,0,-0.004898,0.008241,0.8125,-0.2781,0.2706,2,ok
0,2341,0.950143,1.170661,-2.787778,-0.015396,-0.004892,11.846067,0.199060,0.117457,0.117457,0.000000,,0,0,0,1,1,0,-0.007127,0.018300,0.7708,-0.2352,0.2673,3,ok
0,2342,0.927659,1.162558,-2.780731,-0.015793,0.002155,11.869963,0.199168,0.103606,0.103606,0.000000,,0,0,0,1,1,0,-0.006030,0.032058,0.7708,-0.2586,0.2666,2,ok
0,2343,0.908943,1.155511,-2.782650,-0.015698,0.004257,11.890111,0.200133,-0.163321,-0.046394,0.116927,C-06,0,0,0,1,1,0,-0.003861,0.047762,0.7708,-0.3085,0.2648,2,ok
0,2344,0.890184,1.148486,-2.793025,-0.015592,-0.006118,11.910142,0.200622,-0.431734,-0.196394,0.235340,C-06,0,0,0,1,1,0,-0.002138,0.054010,0.7292,-0.3545,0.2654,3,ok
0,2345,0.867561,1.140059,-2.809783,-0.015489,-0.018351,11.934313,0.201661,-0.248589,-0.248589,0.000000,,0,0,0,1,1,0,-0.004111,0.054098,0.7083,-0.3212,0.2675,3,ok
0,2346,0.844839,1.132014,-2.817181,-0.015752,-0.025750,11.958415,0.200810,0.591622,-0.098589,-0.690211,C-06,0,0,0,1,1,0,-0.003408,0.037564,0.7708,-0.3929,0.2676,2,ok
0,2347,0.825873,1.125549,-2.819843,-0.016177,-0.021676,11.978540,0.200338,-0.041637,-0.041637,0.000000,,0,0,0,1,1,0,-0.005331,0.035892,0.8333,-0.3988,0.2671,2,ok
0,2348,0.806892,1.119137,-2.822328,-0.016573,-0.024160,11.998571,0.200350,-0.043182,-0.043182,0.000000,,0,0,0,1,1,0,-0.003959,0.039876,0.8125,-0.4463,0.2668,3,ok
0,2349,0.784106,1.111573,-2.821828,-0.017172,-0.023660,12.022573,0.200035,0.010832,0.010832,0.000000,,0,0,0,1,1,0,-0.007428,0.042346,0.7917,-0.3945,0.2699,2,ok
0,2350,0.761325,1.104017,-2.821185,-0.017611,-0.016231,12.046690,0.199997,0.009189,0.009189,0.000000,,0,0,0,1,1,0,-0.006068,0.053520,0.8125,-0.4310,0.2708,2,ok
0,2351,0.738539,1.096460,-2.823408,-0.018050,-0.018453,12.070693,0.200121,-0.034772,-0.034772,0.000000,,0,0,0,1,1,0,-0.004650,0.060186,0.8125,-0.4910,0.2674,2,ok
0,2352,0.719514,1.090202,-2.833365,-0.018284,-0.019925,12.090893,0.200541,-0.229898,-0.184772,0.045127,C-06,0,0,0,1,1,0,-0.003130,0.067641,0.7917,-0.5347,0.2695,3,ok
0,2353,0.700403,1.083948,-2.852233,-0.018537,-0.038793,12.111000,0.201572,-0.353617,-0.334772,0.018845,C-06,0,0,0,1,1,0,-0.004176,0.070200,0.7708,-0.5414,0.2697,3,ok
0,2354,0.677353,1.076642,-2.865958,-0.018928,-0.042425,12.135359,0.201484,0.034271,-0.184772,-0.219043,C-06,0,0,0,1,1,0,-0.005008,0.070070,0.7083,-0.5518,0.2617,3,ok
0,2355,0.654248,1.070006,-2.868976,-0.019877,-0.045443,12.159379,0.200268,-0.028383,-0.034772,-0.006389,C-06,0,0,0,1,1,0,-0.008568,0.053844,0.7917,-0.5591,0.2662,2,ok
0,2356,0.634982,1.064569,-2.870328,-0.020657,-0.035606,12.179592,0.200170,-0.022147,-0.022147,0.000000,,0,0,0,1,1,0,-0.009473,0.057210,0.8333,-0.5802,0.2682,3,ok
0,2357,0.615711,1.059165,-2.871510,-0.021365,-0.036787,12.199595,0.200151,-0.019694,-0.019694,0.000000,,0,0,0,1,1,0,-0.006363,0.061264,0.8333,-0.6756,0.2732,3,ok
0,2358,0.592582,1.052723,-2.870827,-0.022182,-0.024165,12.223893,0.200049,0.011397,0.011397,0.000000,,0,0,0,1,1,0,-0.008361,0.066245,0.7917,-0.6551,0.2727,3,ok
0,2359,0.569464,1.046282,-2.868513,-0.022741,-0.021852,12.247885,0.199934,0.034182,0.034182,0.000000,,0,0,0,1,1,0,-0.008472,0.073259,0.7708,-0.6757,0.2705,3,ok
0,2360,0.546344,1.039809,-2.871686,-0.023205,-0.011704,12.272178,0.200161,-0.048199,-0.048199,0.000000,,0,0,0,1,1,0,-0.009782,0.087270,0.7708,-0.6481,0.2674,3,ok
0,2361,0.527044,1.034413,-2.881396,-0.023404,-0.021414,12.292217,0.200631,-0.173348,-0.173348,0.000000,,0,0,0,1,1,0,-0.007298,0.109242,0.7708,-0.7537,0.2658,3,ok
0,2362,0.507676,1.029017,-2.898838,-0.023623,-0.038856,12.312322,0.201449,-0.300791,-0.300791,0.000000,,0,0,0,1,1,0,-0.008286,0.109764,0.7500,-0.7448,0.2670,3,ok
0,2363,0.484344,1.022826,-2.910575,-0.023897,-0.036112,12.336776,0.201116,0.063067,-0.150791,-0.213858,C-06,0,0,0,1,1,0,-0.009853,0.114978,0.7292,-0.7383,0.2632,3,ok
0,2364,0.460959,1.016998,-2.919092,-0.024498,-0.044629,12.360870,0.200819,-0.114052,-0.114052,0.000000,,0,0,0,1,1,0,-0.011123,0.114307,0.7708,-0.7948,0.2633,3,ok
0,2365,0.441439,1.012350,-2.924763,-0.024914,-0.034253,12.381339,0.200638,-0.090805,-0.090805,0.000000,,0,0,0,1,1,0,-0.014147,0.117740,0.8333,-0.7573,0.2616,3,ok
0,2366,0.421893,1.007772,-2.931943,-0.025365,-0.041433,12.401409,0.200825,-0.118490,-0.118490,0.000000,,0,0,0,1,1,0,-0.014957,0.119899,0.8333,-0.7499,0.2621,3,ok
0,2367,0.398411,1.002685,-2.934347,-0.026078,-0.025978,12.425841,0.200175,-0.026225,-0.026225,0.000000,,0,0,0,1,1,0,-0.016915,0.123733,0.7708,-0.7308,0.2629,3,ok
0,2368,0.374926,0.997699,-2.933572,-0.026730,-0.025203,12.449841,0.200049,0.012375,0.012375,0.000000,,0,0,0,1,1,0,-0.014494,0.139561,0.7292,-0.8155,0.2625,3,ok
0,2369,0.351423,0.992739,-2.942941,-0.027091,-0.014886,12.474440,0.200355,-0.177127,-0.137625,0.039502,C-06,0,0,0,1,1,0,-0.017275,0.165243,0.7708,-0.7371,0.2610,3,ok
0,2370,0.331785,0.988607,-2.960089,-0.027239,-0.032033,12.494507,0.200972,-0.295611,-0.287625,0.007986,C-06,0,0,0,1,1,0,-0.019238,0.175058,0.7292,-0.7105,0.2662,3,ok
0,2371,0.312093,0.984540,-2.971374,-0.027285,-0.022395,12.515203,0.201070,-0.170275,-0.170275,0.000000,,0,0,0,1,1,0,-0.019296,0.187996,0.7292,-0.7143,0.2507,3,ok
0,2372,0.288435,0.980391,-2.973491,-0.027757,-0.024511,12.539218,0.200117,0.009443,-0.020275,-0.029718,C-06,0,0,0,1,1,0,-0.021833,0.180680,0.7708,-0.6799,0.2609,3,ok
0,2373,0.264754,0.976293,-2.983565,-0.028070,-0.010160,12.563879,0.200423,-0.138317,-0.138317,0.000000,,0,0,0,1,1,0,-0.023187,0.193086,0.8125,-0.6203,0.2572,3,ok
0,2374,0.244998,0.973009,-2.986966,-0.028190,-0.013560,12.583906,0.200264,-0.047700,-0.047700,0.000000,,0,0,0,1,1,0,-0.023181,0.199895,0.8333,-0.6181,0.2581,3,ok
0,2375,0.225227,0.969765,-2.992967,-0.028281,0.005615,12.604585,0.200427,-0.097362,-0.097362,0.000000,,0,0,0,1,1,0,-0.021941,0.200668,0.8125,-0.6427,0.2545,3,ok
0,2376,0.201478,0.965884,-3.001383,-0.027944,-0.002801,12.628648,0.200586,-0.109496,-0.109496,0.000000,,0,0,0,1,1,0,-0.023852,0.229258,0.7917,-0.5417,0.2556,3,ok
0,2377,0.177709,0.962434,-3.003684,-0.027860,0.022644,12.653608,0.200124,-0.024700,-0.024700,0.000000,,0,0,0,1,1,0,-0.021951,0.233585,0.7917,-0.5532,0.2588,3,ok
0,2378,0.153918,0.959031,-3.016320,-0.027190,0.010008,12.677632,0.200433,-0.243544,-0.174700,0.068844,C-06,0,0,0,1,1,0,-0.022831,0.240138,0.7708,-0.4811,0.2605,3,ok
0,2379,0.134052,0.956195,-3.036633,-0.026547,0.019911,12.698365,0.200886,-0.345475,-0.324700,0.020775,C-06,0,0,0,1,1,0,-0.017900,0.249064,0.7708,-0.5161,0.2582,3,ok
0,2380,0.114145,0.953375,-3.053830,-0.025505,0.002715,12.718444,0.201105,-0.255412,-0.255412,0.000000,,0,0,0,1,1,0,-0.018646,0.251556,0.7292,-0.4809,0.2598,3,ok
0,2381,0.090228,0.950861,-3.062922,-0.025125,-0.006377,12.740641,0.200365,0.509700,-0.105412,-0.615112,C-06,0,0,0,1,1,0,-0.018863,0.240583,0.7500,-0.4287,0.2590,3,ok
0,2382,0.066295,0.948636,-3.070280,-0.024129,0.018908,12.767370,0.200285,-0.090472,-0.090472,0.000000,,0,0,0,1,1,0,-0.015890,0.236845,0.8333,-0.4486,0.2624,3,ok
0,2383,0.046338,0.946863,-3.083282,-0.023446,0.005906,12.786509,0.200437,-0.201112,-0.201112,0.000000,,0,0,0,1,1,0,-0.012666,0.238999,0.7708,-0.4324,0.2612,3,ok
0,2384,0.026364,0.945095,-3.097361,-0.022026,0.024709,12.808216,0.200549,-0.206304,-0.206304,0.000000,,0,0,0,1,1,0,-0.012666,0.238999,0.7708,-0.4324,0.2612,3,ok
0,2385,0.002381,0.943394,-3.110972,-0.020796,0.011098,12.832228,0.200316,-0.161257,-0.161257,0.000000,,0,0,0,1,1,0,-0.008421,0.239349,0.8125,-0.4187,0.2584,3,ok
0,2386,-0.021614,0.941883,-3.135928,-0.018910,0.020837,12.856923,0.200391,-0.337978,-0.311257,0.026721,C-06,0,0,0,1,1,0,-0.008018,0.235138,0.7500,-0.3708,0.2619,3,ok
0,2387,-0.045611,0.940380,3.112015,-0.016933,0.019395,12.881487,0.200279,-0.425570,-0.425570,0.000000,,0,0,0,1,1,0,-0.004663,0.219524,0.7292,-0.3796,0.2594,3,ok
0,2388,-0.065594,0.939893,3.089923,-0.015444,-0.002698,12.901421,0.199760,-0.310996,-0.310996,0.000000,,0,0,0,1,1,0,-0.007158,0.203557,0.7708,-0.3031,0.2627,3,ok
0,2389,-0.085560,0.940358,3.078102,-0.014907,-0.014518,12.921385,0.199701,0.411456,-0.160996,-0.572452,C-06,0,0,0,1,1,0,-0.006894,0.196562,0.7500,-0.3093,0.2655,3,ok
0,2390,-0.109503,0.941371,3.067070,-0.013974,0.006700,12.945842,0.199679,-0.134941,-0.134941,0.000000,,0,0,0,1,1,0,-0.005122,0.177670,0.8125,-0.2941,0.2634,3,ok
0,2391,-0.133416,0.942539,3.045112,-0.013117,-0.015259,12.969768,0.199327,-0.422232,-0.284941,0.137291,C-06,0,0,0,1,1,0,-0.003730,0.173463,0.7917,-0.2729,0.2603,3,ok
0,2392,-0.153301,0.943549,3.024121,-0.011855,-0.005579,12.990031,0.198972,-0.320978,-0.320978,0.000000,,0,0,0,1,1,0,-0.003018,0.160243,0.7917,-0.2636,0.2644,3,ok
0,2393,-0.173138,0.944934,3.003330,-0.010966,-0.026369,13.009896,0.198786,-0.221808,-0.221808,0.000000,,0,0,0,1,1,0,-0.002623,0.150693,0.7500,-0.2532,0.2630,3,ok
0,2394,-0.196884,0.947621,2.989001,-0.010451,-0.012498,13.034084,0.199122,-0.184388,-0.184388,0.000000,,0,0,0,1,1,0,-0.001829,0.133300,0.7500,-0.2660,0.2679,3,ok
0,2395,-0.220565,0.950516,2.967105,-0.009975,-0.034394,13.057936,0.198512,-0.295646,-0.295646,0.000000,,0,0,0,1,1,0,-0.002552,0.124286,0.7292,-0.2399,0.2665,3,ok
0,2396,-0.244175,0.954204,2.955513,-0.009790,-0.020036,13.082102,0.199161,0.932106,-0.145646,-1.077752,C-06,0,0,0,1,1,0,-0.005077,0.116646,0.7292,-0.1791,0.2670,3,ok
0,2397,-0.263828,0.957878,2.955125,-0.010113,-0.020424,13.102093,0.199999,1.000000,0.004354,-0.995646,C-06,0,0,0,1,1,0,-0.002038,0.105363,0.7500,-0.2374,0.2668,3,ok
0,2398,-0.283496,0.961585,2.963994,-0.010200,0.011914,13.122337,0.200296,0.369663,0.154354,-0.215309,C-06,0,0,0,1,1,0,-0.003338,0.104574,0.8333,-0.2013,0.2649,3,ok
0,2399,-0.307122,0.965836,2.964986,-0.009884,0.012906,13.146340,0.200026,-0.258633,0.004354,0.262987,C-06,0,0,0,1,1,0,-0.002524,0.108834,0.7917,-0.1865,0.2677,3,ok
0,2400,-0.330729,0.970053,2.954914,-0.009245,0.024321,13.170536,0.199659,-0.393582,-0.145646,0.247936,C-06,0,0,0,1,1,0,-0.000071,0.123272,0.8333,-0.1871,0.2639,3,ok
0,2401,-0.350349,0.973566,2.937323,-0.008505,0.006730,13.190455,0.199009,-0.389918,-0.295646,0.094272,C-06,0,0,0,1,1,0,0.003369,0.127371,0.7917,-0.1919,0.2642,3,ok
0,2402,-0.369892,0.977080,2.917124,-0.007691,0.006235,13.210433,0.198171,-0.330574,-0.330574,0.000000,,0,0,0,1,1,0,0.002304,0.125782,0.7917,-0.1620,0.2627,3,ok
0,2403,-0.393233,0.981630,2.896480,-0.006757,-0.014409,13.234194,0.198133,-0.280044,-0.280044,0.000000,,0,0,0,1,1,0,0.000958,0.101999,0.7083,-0.1367,0.2635,3,ok
0,2404,-0.416437,0.986540,2.869607,-0.006122,-0.023290,13.258012,0.197361,-0.382538,-0.382538,0.000000,,0,0,0,1,1,0,0.000047,0.090120,0.7292,-0.1254,0.2643,3,ok
0,2405,-0.439496,0.992378,2.852457,-0.006097,-0.040440,13.281799,0.198277,1.000000,-0.232538,-1.232538,C-06,0,0,0,1,1,0,-0.000310,0.060284,0.7917,-0.1305,0.2614,3,ok
0,2406,-0.458649,0.997883,2.846983,-0.006712,-0.045914,13.300992,0.199362,1.000000,-0.082538,-1.082538,C-06,0,0,0,1,1,0,-0.001723,0.044155,0.8125,-0.1146,0.2679,3,ok
0,2407,-0.477795,1.003677,2.850292,-0.007231,-0.026195,13.321836,0.200177,0.601188,0.067462,-0.533726,C-06,0,0,0,1,1,0,-0.002003,0.039801,0.8333,-0.1205,0.2642,3,ok
0,2408,-0.500830,1.010647,2.864896,-0.007873,-0.011591,13.345894,0.200933,0.263026,0.217462,-0.045565,C-06,0,0,0,1,1,0,-0.001844,0.039902,0.8333,-0.1088,0.2687,3,ok
0,2409,-0.523937,1.017376,2.870329,-0.007970,0.008966,13.370071,0.200524,-0.052537,0.067462,0.119999,C-06,0,0,0,1,1,0,-0.000782,0.060786,0.7917,-0.0736,0.2651,2,ok
0,2410,-0.543222,1.022924,2.876597,-0.007950,0.015235,13.390138,0.200815,0.107807,0.107807,0.000000,,0,0,0,1,1,0,-0.000415,0.072689,0.7917,-0.0502,0.2693,3,ok
0,2411,-0.562521,1.028179,2.874814,-0.007449,0.027348,13.410252,0.199897,-0.154428,-0.042193,0.112235,C-06,0,0,0,1,1,0,0.001160,0.080966,0.7500,-0.0452,0.2670,3,ok
0,2412,-0.585633,1.034467,2.861908,-0.006713,0.014441,13.434193,0.199277,-0.498762,-0.192193,0.306569,C-06,0,0,0,1,1,0,0.003858,0.081663,0.7500,-0.0706,0.2682,3,ok
0,2413,-0.608647,1.040756,2.845801,-0.005872,0.010156,13.458106,0.198403,-0.230873,-0.230873,0.000000,,0,0,0,1,1,0,0.003858,0.081663,0.7500,-0.0706,0.2682,3,ok
0,2414,-0.631581,1.047542,2.839504,-0.005400,0.003859,13.482018,0.199369,1.000000,-0.080873,-1.080873,C-06,0,0,0,1,1,0,0.001377,0.065812,0.7917,-0.0147,0.2687,3,ok
0,2415,-0.650683,1.053477,2.842807,-0.005194,0.018384,13.502078,0.200182,0.662671,0.069127,-0.593544,C-06,0,0,0,1,1,0,0.002403,0.059484,0.8125,-0.0252,0.2637,3,ok
0,2416,-0.669797,1.059364,2.842482,-0.004799,0.018059,13.522074,0.199966,-0.012143,-0.012143,0.000000,,0,0,0,1,1,0,0.003632,0.059597,0.8333,-0.0168,0.2664,3,ok
0,2417,-0.692696,1.066436,2.831881,-0.004345,0.007458,13.543450,0.199426,-0.286338,-0.162143,0.124195,C-06,0,0,0,1,1,0,0.005144,0.061002,0.8333,-0.0164,0.2640,3,ok
0,2418,-0.715502,1.073510,2.817618,-0.003715,0.002770,13.569940,0.198587,-0.208636,-0.208636,0.000000,,0,0,0,1,1,0,0.005741,0.044544,0.7917,-0.0062,0.2678,3,ok
0,2419,-0.734431,1.079562,2.808296,-0.003381,-0.006553,13.589811,0.198749,-0.158615,-0.158615,0.000000,,0,0,0,1,1,0,0.005069,0.042441,0.7917,-0.0007,0.2653,3,ok
0,2420,-0.753278,1.085794,2.791541,-0.003054,-0.014694,13.609695,0.198020,-0.330987,-0.308615,0.022372,C-06,0,0,0,1,1,0,0.002961,0.032431,0.7708,0.0307,0.2645,3,ok
0,2421,-0.775697,1.093340,2.761252,-0.002756,-0.044982,13.633348,0.196499,-0.469901,-0.458615,0.011286,C-06,0,0,0,1,1,0,0.001267,0.018552,0.7083,0.0577,0.2689,3,ok
0,2422,-0.797884,1.101675,2.740116,-0.003172,-0.058825,13.657066,0.197611,1.000000,-0.308615,-1.308615,C-06,0,0,0,1,1,0,-0.000051,-0.000514,0.7083,0.0377,0.2662,3,ok
0,2423,-0.819921,1.110773,2.729054,-0.004298,-0.069887,13.680880,0.198761,1.000000,-0.158615,-1.158615,C-06,0,0,0,1,1,0,-0.004323,-0.025606,0.7917,0.0926,0.2671,3,ok
0,2424,-0.838236,1.118768,2.728012,-0.005578,-0.064428,13.700855,0.199932,0.176039,-0.008615,-0.184654,C-06,0,0,0,1,1,0,-0.005195,-0.045178,0.8333,0.0606,0.2656,2,ok
0,2425,-0.856566,1.126805,2.732484,-0.006833,-0.059956,13.720830,0.200310,0.090556,0.090556,0.000000,,0,0,0,1,1,0,-0.006430,-0.049440,0.8125,0.0661,0.2645,3,ok
0,2426,-0.878614,1.136451,2.738610,-0.008300,-0.048538,13.744887,0.200751,0.093671,0.093671,0.000000,,0,0,0,1,1,0,-0.007889,-0.048181,0.7917,0.0920,0.2663,2,ok
0,2427,-0.900740,1.146070,2.749306,-0.009630,-0.037843,13.768976,0.201378,0.167602,0.167602,0.000000,,0,0,0,1,1,0,-0.007798,-0.041033,0.7917,0.0874,0.2651,2,ok
0,2428,-0.919243,1.153884,2.755089,-0.010525,-0.032060,13.789042,0.200812,0.099178,0.099178,0.000000,,0,0,0,1,1,0,-0.008272,-0.035452,0.7708,0.1191,0.2673,2,ok
0,2429,-0.937781,1.161522,2.758470,-0.011170,-0.024931,13.809121,0.200471,0.057775,0.057775,0.000000,,0,0,0,1,1,0,-0.007289,-0.034445,0.7500,0.0985,0.2661,2,ok
0,2430,-0.960060,1.170613,2.762730,-0.011859,-0.020670,13.833174,0.200526,0.064272,0.064272,0.000000,,0,0,0,1,1,0,-0.007882,-0.028718,0.7292,0.1239,0.2657,2,ok
0,2431,-0.982390,1.179653,2.770213,-0.012393,-0.010082,13.857317,0.200954,0.115558,0.115558,0.000000,,0,0,0,1,1,0,-0.011745,-0.024039,0.7083,0.2034,0.2735,2,ok
0,2432,-1.004775,1.188498,2.774887,-0.012696,-0.005407,13.881384,0.200556,0.067691,0.067691,0.000000,,0,0,0,1,1,0,-0.009048,-0.018409,0.7708,0.1705,0.2670,2,ok
0,2433,-1.023449,1.195694,2.775756,-0.012787,-0.002473,13.901387,0.200089,0.010960,0.010960,0.000000,,0,0,0,1,1,0,-0.009321,-0.017115,0.8542,0.2060,0.2677,3,ok
0,2434,-1.042142,1.202854,2.780900,-0.012843,0.002670,13.921405,0.200337,0.098457,0.098457,0.000000,,0,0,0,1,1,0,-0.009321,-0.017115,0.8542,0.2060,0.2677,3,ok
0,2435,-1.064605,1.211357,2.782387,-0.012795,0.005040,13.945462,0.200141,0.017280,0.017280,0.000000,,0,0,0,1,1,0,-0.008357,-0.017683,0.7917,0.2177,0.2683,2,ok
0,2436,-1.087063,1.219805,2.779588,-0.012647,0.002241,13.969456,0.199852,-0.045337,-0.045337,0.000000,,0,0,0,1,1,0,-0.007715,-0.018773,0.8125,0.2279,0.2656,2,ok
0,2437,-1.105748,1.226844,2.774226,-0.012531,-0.003121,13.988745,0.199506,-0.099683,-0.099683,0.000000,,0,0,0,1,1,0,-0.008556,-0.025293,0.7708,0.2616,0.2704,3,ok
0,2438,-1.124381,1.233882,2.764729,-0.012449,-0.012954,14.009331,0.198876,-0.174459,-0.174459,0.000000,,0,0,0,1,1,0,-0.008038,-0.028196,0.7500,0.2438,0.2676,2,ok
0,2439,-1.146684,1.242661,2.762508,-0.012681,-0.015175,14.033299,0.199802,0.098505,-0.024459,-0.122963,C-06,0,0,0,1,1,0,-0.009820,-0.036803,0.7500,0.2663,0.2646,2,ok
0,2440,-1.169011,1.251541,2.770138,-0.013038,-0.008298,14.057297,0.200501,0.124900,0.124900,0.000000,,0,0,0,1,1,0,-0.013530,-0.044728,0.7292,0.3388,0.2682,2,ok
0,2441,-1.191401,1.260408,2.776238,-0.013373,-0.002198,14.081377,0.200732,0.088803,0.088803,0.000000,,0,0,0,1,1,0,-0.010729,-0.049734,0.7500,0.3105,0.2751,3,ok
0,2442,-1.210099,1.267721,2.781536,-0.013580,0.000591,14.101438,0.200783,0.094852,0.094852,0.000000,,0,0,0,1,1,0,-0.012156,-0.047494,0.8333,0.3701,0.2739,2,ok
0,2443,-1.228835,1.274937,2.786831,-0.013693,0.005885,14.121515,0.200776,0.093996,0.093996,0.000000,,0,0,0,1,1,0,-0.009726,-0.046748,0.7917,0.3342,0.2669,2,ok
0,2444,-1.251370,1.283489,2.793915,-0.013727,0.009092,14.145579,0.200868,0.104918,0.104918,0.000000,,0,0,0,1,1,0,-0.011994,-0.045390,0.8333,0.4046,0.2679,2,ok
0,2445,-1.273967,1.291919,2.802157,-0.013674,0.017334,14.169697,0.201008,0.121639,0.121639,0.000000,,0,0,0,1,1,0,-0.011943,-0.049440,0.7917,0.4492,0.2668,2,ok
0,2446,-1.292842,1.298742,2.807062,-0.013426,0.022239,14.189766,0.200689,0.083750,0.083750,0.000000,,0,0,0,1,1,0,-0.009414,-0.049526,0.7708,0.4244,0.2678,2,ok
0,2447,-1.311738,1.305347,2.808263,-0.013080,0.018249,14.209703,0.200138,0.016979,0.016979,0.000000,,0,0,0,1,1,0,-0.008114,-0.043785,0.7500,0.3964,0.2650,2,ok
0,2448,-1.334427,1.313249,2.811050,-0.012639,0.021036,14.233725,0.200298,0.041851,0.041851,0.000000,,0,0,0,1,1,0,-0.008636,-0.046612,0.7292,0.4576,0.2634,2,ok
0,2449,-1.357155,1.321151,2.818366,-0.012312,0.021900,14.257690,0.200729,0.111821,0.111821,0.000000,,0,0,0,1,1,0,-0.009592,-0.049867,0.7292,0.4847,0.2652,2,ok
0,2450,-1.379948,1.329047,2.828248,-0.012011,0.031782,14.281811,0.201189,0.144367,0.144367,0.000000,,0,0,0,1,1,0,-0.008603,-0.060494,0.7292,0.5023,0.2647,2,ok
0,2451,-1.398985,1.335311,2.831141,-0.011534,0.026810,14.301744,0.200335,0.041626,0.041626,0.000000,,0,0,0,1,1,0,-0.005717,-0.057842,0.7917,0.4921,0.2671,2,ok
0,2452,-1.418046,1.341527,2.836979,-0.011094,0.032649,14.321788,0.200645,0.104610,0.104610,0.000000,,0,0,0,1,1,0,-0.004149,-0.064624,0.7917,0.4948,0.2661,2,ok
0,2453,-1.440960,1.348906,2.842405,-0.010475,0.038074,14.343070,0.200608,0.075643,0.075643,0.000000,,0,0,0,1,1,0,-0.004681,-0.068578,0.8125,0.5401,0.2641,2,ok
0,2454,-1.463909,1.356122,2.846524,-0.009892,0.032190,14.369824,0.200459,0.057513,0.057513,0.000000,,0,0,0,1,1,0,-0.002472,-0.071361,0.8125,0.5244,0.2663,2,ok
0,2455,-1.483058,1.362090,2.851366,-0.009337,0.037032,14.389874,0.200674,0.084496,0.084496,0.000000,,0,0,0,1,1,0,-0.000909,-0.079571,0.7917,0.5073,0.2662,2,ok
0,2456,-1.502218,1.367825,2.849559,-0.008711,0.024185,14.409773,0.199896,-0.039739,-0.039739,0.000000,,0,0,0,1,1,0,0.001310,-0.083565,0.7708,0.4800,0.2663,2,ok
0,2457,-1.525216,1.374736,2.854141,-0.008039,0.028766,14.433777,0.200247,0.071980,0.071980,0.000000,,0,0,0,1,1,0,0.000633,-0.088585,0.7292,0.5071,0.2628,2,ok
0,2458,-1.548258,1.381649,2.862730,-0.007551,0.024467,14.457702,0.200697,0.130344,0.130344,0.000000,,0,0,0,1,1,0,0.003686,-0.099897,0.7500,0.4673,0.2595,2,ok
0,2459,-1.571359,1.388540,2.871324,-0.007224,0.033061,14.481806,0.200944,0.120133,0.120133,0.000000,,0,0,0,1,1,0,0.006969,-0.115029,0.7917,0.4424,0.2534,2,ok
0,2460,-1.590650,1.394138,2.878009,-0.006854,0.024350,14.501803,0.200867,0.111720,0.111720,0.000000,,0,0,0,1,1,0,0.006211,-0.120324,0.7708,0.4550,0.2581,2,ok
0,2461,-1.609984,1.399665,2.887912,-0.006607,0.034254,14.521909,0.201304,0.169708,0.169708,0.000000,,0,0,0,1,1,0,0.006847,-0.120719,0.8125,0.4450,0.2605,2,ok
0,2462,-1.633250,1.406121,2.899318,-0.006124,0.045659,14.546049,0.201189,0.156829,0.156829,0.000000,,0,0,0,1,1,0,0.009116,-0.124260,0.8333,0.4074,0.2618,2,ok
0,2463,-1.656576,1.412244,2.908816,-0.005670,0.036790,14.570053,0.200949,0.128578,0.128578,0.000000,,0,0,0,1,1,0,0.010505,-0.122924,0.7917,0.3788,0.2611,2,ok
0,2464,-1.676050,1.417104,2.914844,-0.005103,0.042817,14.590117,0.200697,0.096627,0.096627,0.000000,,0,0,0,1,1,0,0.010943,-0.133243,0.7917,0.3597,0.2616,2,ok
0,2465,-1.695554,1.421876,2.921769,-0.004606,0.029993,14.610094,0.200817,0.114575,0.114575,0.000000,,0,0,0,1,1,0,0.009597,-0.142038,0.7708,0.3954,0.2652,2,ok
0,2466,-1.719010,1.427531,2.935361,-0.004215,0.043585,14.634219,0.201326,0.189254,0.189254,0.000000,,0,0,0,1,1,0,0.010059,-0.144925,0.7500,0.3634,0.2666,2,ok
0,2467,-1.742533,1.432981,2.948513,-0.003695,0.032716,14.658267,0.201191,0.175484,0.175484,0.000000,,0,0,0,1,1,0,0.010039,-0.142492,0.7500,0.3475,0.2665,2,ok
0,2468,-1.766095,1.437718,2.951857,-0.002982,0.036060,14.682291,0.200231,0.036429,0.036429,0.000000,,0,0,0,1,1,0,0.009422,-0.136136,0.7500,0.3497,0.2655,2,ok
0,2469,-1.785747,1.441608,2.957575,-0.002328,0.041778,14.702313,0.200422,0.095701,0.095701,0.000000,,0,0,0,1,1,0,0.006244,-0.136841,0.7500,0.3976,0.2685,2,ok
0,2470,-1.805422,1.445498,2.965133,-0.002006,0.022017,14.722316,0.200685,0.122016,0.122016,0.000000,,0,0,0,1,1,0,0.005967,-0.140618,0.8125,0.3773,0.2670,2,ok
0,2471,-1.829071,1.450137,2.975818,-0.001741,0.032702,14.746414,0.200867,0.142097,0.142097,0.000000,,0,0,0,1,1,0,0.007633,-0.139507,0.7708,0.3249,0.2670,2,ok
0,2472,-1.852765,1.454610,2.988035,-0.001611,0.013704,14.770473,0.200942,0.160862,0.160862,0.000000,,0,0,0,1,1,0,0.005767,-0.136404,0.8125,0.3375,0.2642,2,ok
0,2473,-1.872540,1.457966,2.994658,-0.001560,0.020327,14.790531,0.200543,0.098714,0.098714,0.000000,,0,0,0,1,1,0,0.005376,-0.134297,0.7917,0.3278,0.2638,2,ok
0,2474,-1.892336,1.461230,3.002729,-0.001416,0.028398,14.810593,0.200684,0.127314,0.127314,0.000000,,0,0,0,1,1,0,0.004151,-0.135431,0.7917,0.3497,0.2629,2,ok
0,2475,-1.916129,1.465091,3.017959,-0.001835,0.012839,14.834644,0.201033,0.198985,0.198985,0.000000,,0,0,0,1,1,0,0.003042,-0.133916,0.7708,0.3536,0.2624,2,ok
0,2476,-1.939970,1.468820,3.035462,-0.002292,0.030342,14.858771,0.201070,0.224083,0.224083,0.000000,,0,0,0,1,1,0,0.003289,-0.129068,0.7292,0.3359,0.2648,2,ok
0,2477,-1.963844,1.471652,3.042045,-0.002353,0.007506,14.882725,0.200299,-0.018769,0.074083,0.092852,C-06,0,0,0,1,1,0,-0.001103,-0.119120,0.6875,0.4214,0.2699,2,ok
0,2478,-1.983748,1.473786,3.045178,-0.002556,0.010639,14.902742,0.200172,0.044918,0.044918,0.000000,,0,0,0,1,1,0,-0.000608,-0.114533,0.7083,0.4129,0.2663,2,ok
0,2479,-2.003660,1.475880,3.050336,-0.002716,0.015797,14.922763,0.200259,0.079710,0.079710,0.000000,,0,0,0,1,1,0,0.001922,-0.116635,0.7708,0.3363,0.2622,3,ok
0,2480,-2.027572,1.478391,3.062549,-0.003420,0.001534,14.946735,0.200462,0.157970,0.157970,0.000000,,0,0,0,1,1,0,-0.001765,-0.118883,0.8333,0.4207,0.2671,2,ok
0,2481,-2.051508,1.480826,3.074489,-0.004075,0.013474,14.970785,0.200475,0.147083,0.147083,0.000000,,0,0,0,1,1,0,-0.000852,-0.114942,0.7917,0.3944,0.2659,2,ok
0,2482,-2.071469,1.482592,3.083269,-0.004590,-0.000768,14.990748,0.200364,0.127842,0.127842,0.000000,,0,0,0,1,1,0,0.000661,-0.109542,0.7708,0.3486,0.2667,2,ok
0,2483,-2.091437,1.483974,3.087754,-0.004819,0.003717,15.010763,0.200147,0.061071,0.061071,0.000000,,0,0,0,1,1,0,-0.000029,-0.108512,0.7917,0.3641,0.2647,2,ok
0,2484,-2.115408,1.485553,3.096941,-0.005131,-0.005670,15.034686,0.200230,0.115172,0.115172,0.000000,,0,0,0,1,1,0,-0.001549,-0.109189,0.7500,0.4098,0.2680,2,ok
0,2485,-2.139391,1.487132,3.111904,-0.005792,0.009293,15.058712,0.200340,0.185778,0.185778,0.000000,,0,0,0,1,1,0,-0.001179,-0.111261,0.7500,0.3754,0.2687,2,ok
0,2486,-2.163386,1.488692,3.131672,-0.006434,0.029061,15.081116,0.200361,0.239164,0.239164,0.000000,,0,0,0,1,1,0,0.000268,-0.106657,0.7292,0.3617,0.2641,2,ok
0,2487,-2.183385,1.489240,3.138829,-0.006588,0.019085,15.102645,0.200047,0.089253,0.089253,0.000000,,0,0,0,1,1,0,0.001799,-0.105345,0.7292,0.3346,0.2623,2,ok
0,2488,-2.203385,1.489667,-3.134257,-0.006594,0.029184,15.122649,0.200041,0.146665,0.146665,0.000000,,0,0,0,1,1,0,-0.000110,-0.095787,0.7708,0.3885,0.2665,2,ok
0,2489,-2.227383,1.490053,-3.122426,-0.006703,0.023373,15.146536,0.199976,0.140072,0.140072,0.000000,,0,0,0,1,1,0,0.002124,-0.093969,0.8125,0.3357,0.2648,2,ok
0,2490,-2.251375,1.490218,-3.108891,-0.006775,0.036908,15.170529,0.199897,0.163519,0.163519,0.000000,,0,0,0,1,1,0,0.001987,-0.082190,0.8333,0.3476,0.2638,2,ok
0,2491,-2.271362,1.489798,-3.104042,-0.006356,0.024541,15.190417,0.199921,0.062915,0.062915,0.000000,,0,0,0,1,1,0,-0.000070,-0.074192,0.7917,0.4154,0.2661,2,ok
0,2492,-2.291346,1.489258,-3.099766,-0.006046,0.028817,15.210407,0.199911,0.061977,0.061977,0.000000,,0,0,0,1,1,0,0.000913,-0.073445,0.7917,0.4033,0.2651,2,ok
0,2493,-2.315322,1.488546,-3.092505,-0.005610,0.036079,15.234388,0.199856,0.090015,0.090015,0.000000,,0,0,0,1,1,0,0.001160,-0.087086,0.7917,0.4025,0.2662,2,ok
0,2494,-2.339293,1.487384,-3.093393,-0.005121,0.017943,15.258278,0.200012,-0.017200,-0.017200,0.000000,,0,0,0,1,1,0,0.003059,-0.088380,0.7708,0.3679,0.2667,2,ok
0,2495,-2.363261,1.486197,-3.086260,-0.004667,0.025076,15.282271,0.199943,0.093793,0.093793,0.000000,,0,0,0,1,1,0,-0.000421,-0.095043,0.7500,0.4359,0.2680,2,ok
0,2496,-2.383224,1.485208,-3.075640,-0.004503,0.018045,15.302179,0.199818,0.161456,0.161456,0.000000,,0,0,0,1,1,0,0.000286,-0.103852,0.6875,0.4140,0.2676,3,ok
0,2497,-2.403175,1.484218,-3.067265,-0.004468,0.026421,15.322155,0.199705,0.121637,0.121637,0.000000,,0,0,0,1,1,0,-0.001172,-0.091071,0.7708,0.4530,0.2700,2,ok
0,2498,-2.427103,1.482742,-3.060554,-0.004207,0.015425,15.346053,0.199773,0.080403,0.080403,0.000000,,0,0,0,1,1,0,0.000406,-0.088789,0.7917,0.4365,0.2669,2,ok
0,2499,-2.451012,1.481166,-3.048745,-0.004192,0.027233,15.370014,0.199581,0.151306,0.151306,0.000000,,0,0,0,1,1,0,0.000977,-0.091637,0.8333,0.4331,0.2678,2,ok
0,2500,-2.470918,1.479684,-3.040807,-0.004009,0.035171,15.389975,0.199606,0.116830,0.116830,0.000000,,0,0,0,1,1,0,0.002011,-0.089698,0.8333,0.4246,0.2645,3,ok
0,2501,-2.490812,1.477878,-3.036369,-0.003803,0.021947,15.409874,0.199767,0.062732,0.062732,0.000000,,0,0,0,1,1,0,0.001749,-0.086048,0.8125,0.4529,0.2680,2,ok
0,2502,-2.514668,1.475633,-3.027044,-0.003577,0.031272,15.433834,0.199578,0.122322,0.122322,0.000000,,0,0,0,1,1,0,0.001433,-0.091624,0.8125,0.4505,0.2677,2,ok
0,2503,-2.538510,1.472910,-3.027116,-0.003050,0.013528,15.457774,0.200006,-0.007473,-0.007473,0.000000,,0,0,0,1,1,0,0.002262,-0.093210,0.7708,0.4433,0.2632,2,ok
0,2504,-2.562360,1.470162,-3.033089,-0.002698,0.007555,15.481780,0.200132,-0.081096,-0.081096,0.000000,,0,0,0,1,1,0,0.003061,-0.091753,0.7500,0.4272,0.2657,2,ok
0,2505,-2.582240,1.467993,-3.029403,-0.002526,0.011241,15.498573,0.199916,0.092778,0.068904,-0.023873,C-06,0,0,0,1,1,0,-0.000881,-0.113410,0.7500,0.4846,0.2693,2,ok
0,2506,-2.602109,1.465835,-3.024870,-0.002800,-0.001956,15.521713,0.199814,0.069110,0.069110,0.000000,,0,0,0,1,1,0,0.000985,-0.122764,0.7292,0.4354,0.2675,2,ok
0,2507,-2.625937,1.463245,-3.019035,-0.003054,0.003879,15.545680,0.199684,0.074752,0.074752,0.000000,,0,0,0,1,1,0,-0.001788,-0.122285,0.7917,0.4968,0.2690,2,ok
0,2508,-2.649740,1.460634,-3.007567,-0.003610,-0.001866,15.569566,0.199411,0.151303,0.151303,0.000000,,0,0,0,1,1,0,-0.001507,-0.121545,0.8333,0.4752,0.2628,2,ok
0,2509,-2.669548,1.458387,-2.998175,-0.004073,0.007526,15.589495,0.199330,0.144906,0.144906,0.000000,,0,0,0,1,1,0,-0.001789,-0.117421,0.8333,0.4863,0.2691,2,ok
0,2510,-2.689331,1.455912,-2.989688,-0.004418,-0.002781,15.609354,0.199356,0.131211,0.131211,0.000000,,0,0,0,1,1,0,-0.001284,-0.114265,0.8125,0.4772,0.2638,2,ok
0,2511,-2.713039,1.452641,-2.981264,-0.004818,0.005643,15.633283,0.199434,0.108595,0.108595,0.000000,,0,0,0,1,1,0,-0.001099,-0.127134,0.7917,0.4857,0.2682,2,ok
0,2512,-2.736715,1.449165,-2.972898,-0.005011,0.014009,15.655343,0.199404,0.109812,0.109812,0.000000,,0,0,0,1,1,0,-0.003282,-0.125599,0.7917,0.5218,0.2658,2,ok
0,2513,-2.760345,1.445576,-2.958214,-0.005512,0.010894,15.681025,0.198934,0.200807,0.200807,0.000000,,0,0,0,1,1,0,-0.002220,-0.123091,0.7292,0.4957,0.2621,2,ok
0,2514,-2.779987,1.442458,-2.945961,-0.005772,0.023147,15.700911,0.198856,0.195525,0.195525,0.000000,,0,0,0,1,1,0,-0.004189,-0.120500,0.7292,0.5442,0.2703,2,ok
0,2515,-2.799597,1.438717,-2.942373,-0.005719,0.007761,15.720740,0.199712,-0.031418,0.045525,0.076943,C-06,0,0,0,1,1,0,-0.002723,-0.121225,0.6875,0.5127,0.2638,2,ok
0,2516,-2.823115,1.434092,-2.939298,-0.005715,0.010836,15.744709,0.199737,0.041007,0.041007,0.000000,,0,0,0,1,1,0,-0.004550,-0.117419,0.7500,0.5489,0.2712,2,ok
0,2517,-2.846608,1.429426,-2.931688,-0.005784,-0.000341,15.768581,0.199452,0.106592,0.106592,0.000000,,0,0,0,1,1,0,-0.005470,-0.122539,0.7917,0.5767,0.2676,2,ok
0,2518,-2.866154,1.425532,-2.924328,-0.006008,0.007019,15.788510,0.199214,0.120624,0.120624,0.000000,,0,0,0,1,1,0,-0.009467,-0.122432,0.8125,0.6831,0.2663,2,ok
0,2519,-2.885665,1.421570,-2.915554,-0.006158,0.015793,15.808418,0.199042,0.144615,0.144615,0.000000,,0,0,0,1,1,0,-0.010162,-0.121338,0.7917,0.7109,0.2659,2,ok
0,2520,-2.909020,1.416669,-2.902733,-0.006639,0.008460,15.832133,0.198796,0.177459,0.177459,0.000000,,0,0,0,1,1,0,-0.009548,-0.118845,0.7917,0.6954,0.2765,2,ok
0,2521,-2.932301,1.411488,-2.889674,-0.006929,0.021519,15.855982,0.198737,0.180412,0.180412,0.000000,,0,0,0,1,1,0,-0.011775,-0.122735,0.7917,0.7710,0.2744,2,ok
0,2522,-2.955511,1.405903,-2.879003,-0.007056,0.013139,15.879739,0.198943,0.146085,0.146085,0.000000,,0,0,0,1,1,0,-0.011928,-0.126002,0.7708,0.8087,0.2742,2,ok
0,2523,-2.974795,1.401116,-2.867146,-0.007144,0.024997,15.899608,0.198513,0.204137,0.204137,0.000000,,0,0,0,1,1,0,-0.012088,-0.123297,0.7292,0.8360,0.2736,2,ok
0,2524,-2.994034,1.395837,-2.863303,-0.006744,0.028840,15.917512,0.199588,-0.064402,0.054137,0.118539,C-06,0,0,0,1,1,0,-0.012021,-0.123554,0.7500,0.8445,0.2723,2,ok
0,2525,-3.017128,1.389250,-2.869357,-0.006632,0.001688,15.943410,0.200314,-0.111622,-0.095863,0.015759,C-06,0,0,0,1,1,0,-0.015240,-0.132829,0.6875,0.8918,0.2838,2,ok
0,2526,-3.040236,1.382794,-2.866149,-0.006603,0.004897,15.967403,0.199830,0.064119,0.054137,-0.009982,C-06,0,0,0,1,1,0,-0.017470,-0.149751,0.7917,1.0010,0.2707,2,ok
0,2527,-3.059454,1.377411,-2.854957,-0.006875,-0.004672,15.987239,0.199287,0.219747,0.204137,-0.015610,C-06,0,0,0,1,1,0,-0.017157,-0.157538,0.8125,1.0128,0.2750,2,ok
0,2528,-3.078605,1.372027,-2.843381,-0.007178,0.006904,16.007130,0.198645,0.196923,0.196923,0.000000,,0,0,0,1,1,0,-0.019073,-0.160594,0.8333,1.0866,0.2696,2,ok
0,2529,-3.101471,1.365541,-2.822142,-0.007679,0.005718,16.030713,0.197653,0.309813,0.309813,0.000000,,0,0,0,1,1,0,-0.015321,-0.159292,0.7917,1.0221,0.2752,2,ok
0,2530,-3.124141,1.358815,-2.791517,-0.008269,0.036344,16.054353,0.196526,0.470475,0.459813,-0.010662,C-06,0,0,0,1,1,0,-0.021426,-0.151435,0.8125,1.2095,0.2736,2,ok
0,2531,-3.146593,1.351225,-2.769893,-0.007970,0.057967,16.075596,0.197585,0.064091,0.309813,0.245722,C-06,0,0,0,1,1,0,-0.011872,-0.149589,0.7708,1.0488,0.2653,2,ok
0,2532,-3.165190,1.344248,-2.760314,-0.007544,0.044718,16.097736,0.198730,-0.195766,0.159813,0.355579,C-06,0,0,0,1,1,0,-0.007916,-0.137026,0.7292,1.0034,0.2709,2,ok
0,2533,-3.183715,1.337108,-2.749763,-0.006889,0.055269,16.117579,0.198480,0.192828,0.192828,0.000000,,0,0,0,1,1,0,-0.013008,-0.134417,0.7292,1.1846,0.2776,2,ok
0,2534,-3.205863,1.328120,-2.743052,-0.006001,0.037480,16.141305,0.199245,0.095009,0.095009,0.000000,,0,0,0,1,1,0,-0.013208,-0.141609,0.7292,1.2264,0.2672,2,ok
0,2535,-3.227980,1.318813,-2.742993,-0.005078,0.037540,16.165283,0.200019,-0.004950,-0.004950,0.000000,,0,0,0,1,1,0,-0.015423,-0.161921,0.7083,1.3127,0.2713,2,ok
0,2536,-3.246408,1.311045,-2.741818,-0.004389,0.013481,16.185155,0.199941,0.023415,0.023415,0.000000,,0,0,0,1,1,0,-0.012779,-0.177718,0.8333,1.3373,0.2685,2,ok
0,2537,-3.264800,1.303260,-2.733067,-0.004089,0.022231,16.205124,0.199412,0.302534,0.173415,-0.129119,C-06,0,0,0,1,1,0,-0.012745,-0.196066,0.8333,1.3649,0.2668,2,ok
0,2538,-3.286779,1.293907,-2.723642,-0.003685,0.031657,16.229007,0.198891,0.142421,0.142421,0.000000,,0,0,0,1,1,0,-0.005278,-0.204028,0.7708,1.2064,0.2632,2,ok
0,2539,-3.308676,1.284350,-2.716116,-0.003535,0.011780,16.252804,0.199118,0.113840,0.113840,0.000000,,0,0,0,1,1,0,-0.010271,-0.208950,0.8125,1.3692,0.2660,2,ok
0,2540,-3.330458,1.274572,-2.699774,-0.003292,0.028121,16.276678,0.198395,0.271277,0.263840,-0.007436,C-06,0,0,0,1,1,0,-0.004163,-0.243508,0.7292,1.2345,0.2614,2,ok
0,2541,-3.348479,1.266339,-2.686110,-0.003186,0.012306,16.296403,0.198116,0.256543,0.256543,0.000000,,0,0,0,1,1,0,-0.007629,-0.248295,0.7708,1.3422,0.2552,2,ok
0,2542,-3.366410,1.257680,-2.679837,-0.002980,0.018579,16.316314,0.199218,0.051463,0.106543,0.055080,C-06,0,0,0,1,1,0,-0.009430,-0.253608,0.7917,1.4239,0.2619,2,ok
0,2543,-3.387817,1.247056,-2.664396,-0.002475,0.034020,16.340207,0.198593,0.296809,0.256543,-0.040266,C-06,0,0,0,1,1,0,-0.002658,-0.265178,0.6458,1.2495,0.2571,2,ok
0,2544,-3.409002,1.236300,-2.639762,-0.002462,0.023421,16.363887,0.197327,0.560659,0.406543,-0.154117,C-06,0,0,0,1,1,0,-0.014552,-0.292247,0.7292,1.5224,0.2683,2,ok
0,2545,-3.426426,1.227071,-2.616837,-0.002162,0.046346,16.383602,0.197231,0.453501,0.453501,0.000000,,0,0,0,1,1,0,-0.003069,-0.287477,0.7292,1.2821,0.2504,2,ok
0,2546,-3.443623,1.217376,-2.594600,-0.001594,0.027872,16.403275,0.197528,0.441717,0.441717,0.000000,,0,0,0,1,1,0,-0.005492,-0.276476,0.8333,1.3760,0.2631,2,ok
0,2547,-3.463943,1.205176,-2.566199,-0.000802,0.056273,16.426963,0.197672,0.481525,0.481525,0.000000,,0,0,0,1,1,0,-0.004156,-0.271897,0.7917,1.3784,0.2611,2,ok
0,2548,-3.483889,1.192302,-2.537403,0.000761,0.085070,16.450651,0.198040,0.496449,0.496449,0.000000,,0,0,0,1,1,0,0.000772,-0.266025,0.7917,1.2653,0.2575,2,ok
0,2549,-3.503497,1.178731,-2.516999,0.001857,0.059474,16.474517,0.198876,0.186600,0.346449,0.159849,C-06,0,0,0,1,1,0,0.001382,-0.248555,0.7917,1.2818,0.2592,2,ok
0,2550,-3.519661,1.167061,-2.507158,0.003127,0.069315,16.494413,0.199435,-0.081059,0.196449,0.277508,C-06,0,0,0,1,1,0,0.007081,-0.262836,0.7500,1.1589,0.2599,2,ok
0,2551,-3.535749,1.155209,-2.504412,0.004261,0.020993,16.514580,0.199872,-0.203067,0.046449,0.249516,C-06,0,0,0,1,1,0,0.005588,-0.271601,0.7708,1.2112,0.2539,2,ok
0,2552,-3.555061,1.140935,-2.507766,0.004769,0.017639,16.538589,0.200191,-0.066194,-0.066194,0.000000,,0,0,0,1,1,0,0.004855,-0.284457,0.7083,1.2241,0.2603,2,ok
0,2553,-3.574373,1.126715,-2.503545,0.005234,0.021859,16.562567,0.199771,0.476223,0.083806,-0.392417,C-06,0,0,0,1,1,0,-0.002695,-0.322021,0.6875,1.3535,0.2589,2,ok
0,2554,-3.590379,1.114787,-2.493134,0.004784,-0.023353,16.582807,0.199452,0.500597,0.233806,-0.266791,C-06,0,0,0,1,1,0,0.000410,-0.351108,0.6875,1.2368,0.2517,2,ok
0,2555,-3.606218,1.102664,-2.475829,0.004461,-0.006047,16.602751,0.199363,0.681625,0.383806,-0.297819,C-06,0,0,0,1,1,0,-0.002704,-0.352324,0.7292,1.2703,0.2519,2,ok
0,2556,-3.624882,1.087660,-2.447205,0.004366,-0.033384,16.626958,0.199764,0.779400,0.533806,-0.245594,C-06,0,0,0,1,1,0,-0.003642,-0.354572,0.7917,1.2567,0.2548,2,ok
0,2557,-3.643145,1.072055,-2.419391,0.003881,-0.005570,16.650974,0.200585,0.513176,0.513176,0.000000,,0,0,0,1,1,0,-0.003408,-0.343381,0.7708,1.2376,0.2526,2,ok
0,2558,-3.661096,1.056004,-2.398816,0.003938,0.015005,16.675054,0.200875,0.356643,0.363176,0.006533,C-06,0,0,0,1,1,0,-0.000157,-0.329324,0.7708,1.1027,0.2460,2,ok
0,2559,-3.675815,1.042353,-2.381590,0.003417,-0.024026,16.695351,0.200579,0.367309,0.367309,0.000000,,0,0,0,1,1,0,-0.000157,-0.329324,0.7708,1.1027,0.2460,2,ok
0,2560,-3.690240,1.028446,-2.363568,0.003050,-0.006004,16.715384,0.200186,0.378214,0.378214,0.000000,,0,0,0,1,1,0,0.000188,-0.341392,0.7292,1.0349,0.2495,2,ok
0,2561,-3.707136,1.011422,-2.339207,0.002958,-0.037726,16.739540,0.199602,0.424027,0.424027,0.000000,,0,0,0,1,1,0,0.001541,-0.342984,0.7083,0.9937,0.2491,2,ok
0,2562,-3.723584,0.994088,-2.312371,0.002246,-0.010890,16.763426,0.198827,0.477930,0.477930,0.000000,,0,0,0,1,1,0,-0.002455,-0.333006,0.7292,1.0491,0.2484,2,ok
0,2563,-3.736953,0.979313,-2.293564,0.002125,0.007918,16.783351,0.199470,0.403118,0.403118,0.000000,,0,0,0,1,1,0,-0.005943,-0.333785,0.6667,1.0726,0.2560,2,ok
0,2564,-3.750019,0.964201,-2.271590,0.001884,-0.025340,16.803446,0.200018,0.491601,0.491601,0.000000,,0,0,0,1,1,0,-0.005818,-0.330796,0.6875,1.0404,0.2630,2,ok
0,2565,-3.765331,0.945680,-2.248481,0.001484,-0.002231,16.827473,0.200455,0.423189,0.423189,0.000000,,0,0,0,1,1,0,-0.005797,-0.312688,0.7500,1.0278,0.2627,2,ok
0,2566,-3.780297,0.926826,-2.227337,0.001563,0.018913,16.849755,0.200746,0.378876,0.378876,0.000000,,0,0,0,1,1,0,-0.004716,-0.310049,0.7917,1.0141,0.2598,2,ok
0,2567,-3.794923,0.907711,-2.213448,0.000688,-0.021024,16.875681,0.200607,0.239466,0.239466,0.000000,,0,0,0,1,1,0,-0.004817,-0.307744,0.7917,0.9714,0.2596,2,ok
0,2568,-3.806897,0.891600,-2.195665,0.000321,-0.003240,16.895752,0.201247,0.490497,0.389466,-0.101031,C-06,0,0,0,1,1,0,-0.006518,-0.312911,0.7708,0.9810,0.2598,2,ok
0,2569,-3.818632,0.875239,-2.170550,-0.000218,-0.030157,16.915888,0.202209,0.606704,0.539466,-0.067237,C-06,0,0,0,1,1,0,-0.005780,-0.311373,0.7500,0.9209,0.2569,2,ok
0,2570,-3.832331,0.855272,-2.147492,-0.001039,-0.007100,16.940089,0.201887,0.384489,0.389466,0.004978,C-06,0,0,0,1,1,0,-0.005938,-0.303949,0.7500,0.8918,0.2595,2,ok
0,2571,-3.845589,0.835034,-2.128894,-0.001342,0.011499,16.962873,0.201687,0.312528,0.312528,0.000000,,0,0,0,1,1,0,-0.004658,-0.288165,0.7083,0.8081,0.2539,2,ok
0,2572,-3.856405,0.817979,-2.111644,-0.002400,-0.021896,16.984381,0.202052,0.349113,0.349113,0.000000,,0,0,0,1,1,0,-0.006506,-0.284282,0.6875,0.8527,0.2545,2,ok
0,2573,-3.866974,0.800719,-2.088260,-0.003071,0.001488,17.004609,0.203070,0.472997,0.472997,0.000000,,0,0,0,1,1,0,-0.012400,-0.285713,0.6667,0.9480,0.2639,2,ok
0,2574,-3.879358,0.779685,-2.057617,-0.003925,-0.015875,17.028842,0.203580,0.498780,0.498780,0.000000,,0,0,0,1,1,0,-0.014164,-0.279425,0.6667,0.9294,0.2726,2,ok
0,2575,-3.891253,0.758293,-2.024240,-0.004860,0.017503,17.053301,0.204151,0.532245,0.532245,0.000000,,0,0,0,1,1,0,-0.014009,-0.265787,0.7083,0.9193,0.2728,2,ok
0,2576,-3.902663,0.736503,-1.980904,-0.005183,0.060839,17.074710,0.205794,0.723997,0.682245,-0.041753,C-06,0,0,0,1,1,0,-0.009169,-0.234824,0.7917,0.8231,0.2696,2,ok
0,2577,-3.911500,0.718044,-1.950998,-0.005853,0.044961,17.098099,0.204599,0.458207,0.532245,0.074038,C-06,0,0,0,1,1,0,-0.007302,-0.207645,0.7917,0.8029,0.2673,2,ok
0,2578,-3.919603,0.699392,-1.929060,-0.005626,0.066899,17.118435,0.203284,0.251259,0.382245,0.130985,C-06,0,0,0,1,1,0,-0.005370,-0.185813,0.7917,0.7912,0.2674,2,ok
0,2579,-3.928517,0.676846,-1.912749,-0.005043,0.040248,17.142462,0.201958,0.193864,0.232245,0.038381,C-06,0,0,0,1,1,0,-0.004274,-0.172820,0.7708,0.7921,0.2637,2,ok
0,2580,-3.937021,0.654180,-1.898488,-0.004512,0.054509,17.166666,0.201735,0.207080,0.207080,0.000000,,0,0,0,1,1,0,-0.001937,-0.172554,0.7708,0.7491,0.2629,2,ok
0,2581,-3.943921,0.635188,-1.879947,-0.003858,0.073050,17.185411,0.202556,0.331526,0.331526,0.000000,,0,0,0,1,1,0,0.010184,-0.173854,0.7083,0.3595,0.2383,2,ok
0,2582,-3.950400,0.616102,-1.868911,-0.003690,0.043066,17.206851,0.201490,-0.159116,0.181526,0.340642,C-06,0,0,0,1,1,0,-0.001793,-0.166087,0.7292,0.7730,0.2646,2,ok
0,2583,-3.957541,0.593148,-1.866076,-0.002804,0.045901,17.230874,0.200250,-0.241654,0.031526,0.273180,C-06,0,0,0,1,1,0,-0.000927,-0.165815,0.7292,0.7647,0.2609,2,ok
0,2584,-3.964533,0.570206,-1.872823,-0.002321,0.001348,17.254760,0.199624,-0.157517,-0.118474,0.039043,C-06,0,0,0,1,1,0,-0.000360,-0.167608,0.7083,0.7409,0.2628,2,ok
0,2585,-3.971671,0.547289,-1.871241,-0.002332,0.002930,17.278763,0.200105,0.038395,0.031526,-0.006869,C-06,0,0,0,1,1,0,-0.005111,-0.195179,0.7292,0.8121,0.2677,2,ok
0,2586,-3.977590,0.528158,-1.861369,-0.002452,-0.023014,17.298700,0.200511,0.320177,0.181526,-0.138652,C-06,0,0,0,1,1,0,-0.003214,-0.212639,0.8125,0.7186,0.2601,2,ok
0,2587,-3.983507,0.508947,-1.842574,-0.003148,-0.004219,17.318790,0.201484,0.516563,0.331526,-0.185037,C-06,0,0,0,1,1,0,-0.002663,-0.214437,0.7708,0.6716,0.2591,2,ok
0,2588,-3.990607,0.485726,-1.808688,-0.003939,0.029667,17.343058,0.203100,0.573570,0.481526,-0.092044,C-06,0,0,0,1,1,0,-0.002974,-0.208914,0.7500,0.6829,0.2599,2,ok
0,2589,-3.997297,0.462328,-1.781772,-0.004872,0.023134,17.367244,0.202709,0.357728,0.357728,0.000000,,0,0,0,1,1,0,0.000843,-0.189107,0.7292,0.6024,0.2608,2,ok
0,2590,-4.002583,0.442718,-1.754141,-0.005509,0.050766,17.387545,0.203312,0.451539,0.451539,0.000000,,0,0,0,1,1,0,-0.001655,-0.183118,0.7500,0.6794,0.2615,2,ok
0,2591,-4.007101,0.423017,-1.734244,-0.005516,0.037560,17.407592,0.201964,0.132973,0.301539,0.168566,C-06,0,0,0,1,1,0,0.000066,-0.181976,0.7500,0.6381,0.2605,2,ok
0,2592,-4.011527,0.399312,-1.721937,-0.005101,0.049867,17.431703,0.200874,-0.284172,0.151539,0.435711,C-06,0,0,0,1,1,0,0.003827,-0.158660,0.7500,0.5528,0.2607,2,ok
0,2593,-4.015183,0.375582,-1.720665,-0.003928,0.051140,17.455684,0.200008,-0.296855,0.001539,0.298395,C-06,0,0,0,1,1,0,0.004841,-0.158110,0.6667,0.5272,0.2622,2,ok
0,2594,-4.018773,0.351866,-1.729389,-0.003382,0.008682,17.479546,0.199756,-0.120234,-0.120234,0.000000,,0,0,0,1,1,0,0.001627,-0.172887,0.6667,0.5755,0.2609,2,ok
0,2595,-4.021929,0.332116,-1.728270,-0.003126,0.009800,17.499545,0.200050,0.186707,0.029766,-0.156942,C-06,0,0,0,1,1,0,-0.001465,-0.186713,0.7708,0.6029,0.2632,2,ok
0,2596,-4.025099,0.312351,-1.719379,-0.003182,-0.015169,17.519454,0.200305,0.147667,0.147667,0.000000,,0,0,0,1,1,0,-0.001465,-0.186713,0.7708,0.6029,0.2632,2,ok
0,2597,-4.028903,0.288580,-1.697253,-0.003729,0.006957,17.543521,0.200893,0.381602,0.297667,-0.083935,C-06,0,0,0,1,1,0,-0.000587,-0.199146,0.7292,0.4958,0.2630,2,ok
0,2598,-4.032707,0.264735,-1.670804,-0.004267,0.033406,17.565599,0.201485,0.337816,0.337816,0.000000,,0,0,0,1,1,0,-0.005520,-0.189582,0.7917,0.6272,0.2636,2,ok
0,2599,-4.035772,0.244814,-1.648053,-0.005499,0.021377,17.587610,0.201475,0.341325,0.341325,0.000000,,0,0,0,1,1,0,-0.002208,-0.170607,0.7708,0.5326,0.2635,2,ok
0,2600,-4.038595,0.224855,-1.619833,-0.006406,0.049597,17.607747,0.201574,0.422376,0.422376,0.000000,,0,0,0,1,1,0,0.005038,-0.162355,0.6875,0.2906,0.2433,2,ok
0,2601,-4.040870,0.200872,-1.596380,-0.006765,0.038801,17.631622,0.200615,-0.002767,0.272376,0.275144,C-06,0,0,0,1,1,0,-0.001392,-0.145197,0.7292,0.5249,0.2575,2,ok
0,2602,-4.042005,0.176877,-1.585259,-0.006395,0.049922,17.655641,0.200142,-0.159711,0.122376,0.282087,C-06,0,0,0,1,1,0,-0.001236,-0.136669,0.7292,0.5262,0.2582,2,ok
0,2603,-4.042373,0.152880,-1.586931,-0.005437,0.015801,17.679428,0.199994,-0.275140,-0.027624,0.247516,C-06,0,0,0,1,1,0,0.001364,-0.128957,0.6875,0.4823,0.2641,2,ok
0,2604,-4.042655,0.132884,-1.596418,-0.005161,0.006313,17.699424,0.199957,-0.146039,-0.146039,0.000000,,0,0,0,1,1,0,-0.002116,-0.141693,0.6667,0.5505,0.2634,2,ok
0,2605,-4.043086,0.112891,-1.598775,-0.005035,0.003957,17.719421,0.199975,-0.024069,-0.024069,0.000000,,0,0,0,1,1,0,-0.003501,-0.156748,0.7292,0.5412,0.2625,2,ok
0,2606,-4.043709,0.088898,-1.589164,-0.005409,-0.016024,17.743277,0.200033,0.296471,0.125931,-0.170540,C-06,0,0,0,1,1,0,-0.008673,-0.166443,0.7917,0.6385,0.2638,2,ok
0,2607,-4.044336,0.064899,-1.566808,-0.006036,0.006332,17.767276,0.200067,0.362784,0.275931,-0.086853,C-06,0,0,0,1,1,0,-0.005657,-0.174177,0.7708,0.5411,0.2610,2,ok
0,2608,-4.044859,0.044901,-1.550340,-0.006704,-0.005574,17.787100,0.200030,0.231400,0.231400,0.000000,,0,0,0,1,1,0,-0.008822,-0.160017,0.7917,0.6182,0.2647,2,ok
0,2609,-4.045382,0.024912,-1.526635,-0.007752,0.018131,17.807068,0.199885,0.351295,0.351295,0.000000,,0,0,0,1,1,0,-0.003270,-0.147711,0.7083,0.4708,0.2642,2,ok
0,2610,-4.045606,0.000953,-1.499058,-0.008607,0.045708,17.831013,0.199505,0.336679,0.336679,0.000000,,0,0,0,1,1,0,-0.007640,-0.149829,0.7292,0.6056,0.2666,2,ok
0,2611,-4.044600,-0.022971,-1.483371,-0.008753,0.035321,17.854732,0.199506,-0.073999,0.186679,0.260679,C-06,0,0,0,1,1,0,-0.004280,-0.129146,0.7292,0.5472,0.2617,2,ok
0,2612,-4.042667,-0.046874,-1.479623,-0.008076,0.039069,17.878704,0.199877,-0.080710,0.036679,0.117390,C-06,0,0,0,1,1,0,-0.006002,-0.118058,0.7083,0.6207,0.2624,2,ok
0,2613,-4.040859,-0.066796,-1.486248,-0.007592,0.007573,17.898495,0.200107,-0.248455,-0.113321,0.135135,C-06,0,0,0,1,1,0,-0.003136,-0.124037,0.6458,0.5412,0.2655,2,ok
0,2614,-4.039040,-0.086728,-1.490501,-0.007356,0.003320,17.918508,0.200180,-0.059076,-0.059076,0.000000,,0,0,0,1,1,0,-0.009004,-0.140212,0.7083,0.6665,0.2670,2,ok
0,2615,-4.037104,-0.110646,-1.484102,-0.007319,0.009719,17.941334,0.199895,0.214637,0.090924,-0.123713,C-06,0,0,0,1,1,0,-0.007070,-0.148800,0.7292,0.5964,0.2672,2,ok
0,2616,-4.035186,-0.134538,-1.467099,-0.007881,0.001741,17.966296,0.199583,0.222840,0.222840,0.000000,,0,0,0,1,1,0,-0.007572,-0.152623,0.7500,0.5831,0.2650,2,ok
0,2617,-4.033587,-0.154410,-1.448013,-0.008325,0.020827,17.986227,0.199163,0.297199,0.297199,0.000000,,0,0,0,1,1,0,-0.008411,-0.150568,0.7500,0.6207,0.2578,2,ok
0,2618,-4.031956,-0.174234,-1.428609,-0.008990,0.015772,18.005921,0.198778,0.299404,0.299404,0.000000,,0,0,0,1,1,0,-0.006717,-0.142506,0.7292,0.6141,0.2647,2,ok
0,2619,-4.029567,-0.197950,-1.405055,-0.009561,0.039326,18.029750,0.198538,0.307344,0.307344,0.000000,,0,0,0,1,1,0,-0.007420,-0.139684,0.7500,0.6666,0.2625,2,ok
0,2620,-4.026136,-0.221594,-1.392324,-0.009256,0.028423,18.053391,0.199128,0.070880,0.157344,0.086463,C-06,0,0,0,1,1,0,-0.004911,-0.135491,0.7083,0.6267,0.2641,2,ok
0,2621,-4.021919,-0.245209,-1.391106,-0.008644,0.029641,18.077371,0.199956,-0.083844,0.007344,0.091188,C-06,0,0,0,1,1,0,-0.003488,-0.129892,0.6875,0.6190,0.2684,2,ok
0,2622,-4.018346,-0.264900,-1.399197,-0.008078,0.021549,18.097376,0.200263,-0.143639,-0.142656,0.000983,C-06,0,0,0,1,1,0,-0.007790,-0.133771,0.7083,0.7416,0.2682,2,ok
0,2623,-4.014771,-0.284617,-1.405368,-0.007912,-0.009199,18.117224,0.200473,-0.093437,-0.093437,0.000000,,0,0,0,1,1,0,-0.007790,-0.133771,0.7083,0.7416,0.2682,2,ok
0,2624,-4.010807,-0.308284,-1.402387,-0.008124,-0.006219,18.141221,0.199896,0.047752,0.047752,0.000000,,0,0,0,1,1,0,-0.010553,-0.174597,0.6875,0.7501,0.2677,2,ok
0,2625,-4.006863,-0.331918,-1.388350,-0.008616,-0.017128,18.164988,0.199432,0.357936,0.197752,-0.160183,C-06,0,0,0,1,1,0,-0.012491,-0.185077,0.7708,0.7915,0.2648,2,ok
0,2626,-4.003576,-0.351549,-1.367573,-0.009243,0.003649,18.184882,0.198669,0.515983,0.347752,-0.168230,C-06,0,0,0,1,1,0,-0.014435,-0.182497,0.7917,0.8488,0.2611,2,ok
0,2627,-4.000290,-0.371077,-1.337907,-0.009850,0.033316,18.204676,0.197432,0.527990,0.497752,-0.030238,C-06,0,0,0,1,1,0,-0.015820,-0.173237,0.7500,0.9164,0.2636,2,ok
0,2628,-3.995719,-0.394353,-1.311994,-0.010545,0.033966,18.228110,0.197650,0.335544,0.347752,0.012208,C-06,0,0,0,1,1,0,-0.008953,-0.155778,0.7083,0.7803,0.2671,2,ok
0,2629,-3.990466,-0.417477,-1.287603,-0.010594,0.058356,18.251822,0.197562,0.341647,0.341647,0.000000,,0,0,0,1,1,0,0.005778,-0.154379,0.7083,0.3549,0.2382,2,ok
0,2630,-3.984255,-0.440470,-1.273362,-0.010055,0.046378,18.275389,0.198549,-0.012856,0.191647,0.204503,C-06,0,0,0,1,1,0,-0.004430,-0.148870,0.7083,0.7765,0.2661,2,ok
0,2631,-3.978495,-0.459583,-1.270480,-0.009184,0.049260,18.295331,0.199673,-0.238624,0.041647,0.280271,C-06,0,0,0,1,1,0,-0.004153,-0.144462,0.6875,0.8199,0.2645,2,ok
0,2632,-3.972584,-0.478702,-1.276055,-0.008169,0.043685,18.312750,0.200304,-0.256498,-0.108353,0.148145,C-06,0,0,0,1,1,0,-0.001996,-0.152189,0.6667,0.7792,0.2609,2,ok
0,2633,-3.965606,-0.501671,-1.276789,-0.007821,0.014798,18.339086,0.200027,-0.003459,-0.003459,0.000000,,0,0,0,1,1,0,-0.003423,-0.186174,0.6250,0.8220,0.2572,2,ok
0,2634,-3.958651,-0.524610,-1.267230,-0.007416,0.024358,18.363053,0.199487,0.239540,0.146541,-0.092999,C-06,0,0,0,1,1,0,-0.003965,-0.204844,0.7292,0.8049,0.2554,2,ok
0,2635,-3.952855,-0.543648,-1.250813,-0.007525,0.012231,18.382744,0.198554,0.331470,0.296541,-0.034929,C-06,0,0,0,1,1,0,-0.003572,-0.211441,0.7917,0.7891,0.2559,2,ok
0,2636,-3.947060,-0.562556,-1.226104,-0.007692,0.036940,18.402519,0.197045,0.444989,0.444989,0.000000,,0,0,0,1,1,0,-0.002437,-0.209851,0.7917,0.7657,0.2551,2,ok
0,2637,-3.939565,-0.585057,-1.205494,-0.007512,0.026533,18.425994,0.197697,0.193704,0.294989,0.101284,C-06,0,0,0,1,1,0,0.000041,-0.202381,0.7708,0.7278,0.2550,2,ok
0,2638,-3.931348,-0.607418,-1.193011,-0.007179,0.039016,18.449813,0.198594,0.177199,0.177199,0.000000,,0,0,0,1,1,0,-0.000493,-0.192449,0.7708,0.7483,0.2575,2,ok
0,2639,-3.922558,-0.629712,-1.190608,-0.006283,0.041419,18.473762,0.199780,0.026180,0.027199,0.001018,C-06,0,0,0,1,1,0,0.001267,-0.203326,0.7292,0.6941,0.2573,2,ok
0,2640,-3.915138,-0.648305,-1.196806,-0.006036,0.001239,18.493590,0.200406,-0.184828,-0.122801,0.062027,C-06,0,0,0,1,1,0,0.000475,-0.212587,0.7292,0.6877,0.2587,2,ok
0,2641,-3.907829,-0.666921,-1.195884,-0.005916,0.002161,18.513590,0.199920,0.030470,0.027199,-0.003271,C-06,0,0,0,1,1,0,-0.000322,-0.228453,0.7083,0.6713,0.2554,2,ok
0,2642,-3.899040,-0.689207,-1.184755,-0.006073,-0.023102,18.537333,0.199276,0.417549,0.177199,-0.240350,C-06,0,0,0,1,1,0,-0.001370,-0.246365,0.6875,0.6488,0.2532,2,ok
0,2643,-3.890249,-0.711374,-1.169629,-0.006708,-0.007976,18.561170,0.198213,0.232406,0.232406,0.000000,,0,0,0,1,1,0,-0.005174,-0.252990,0.6875,0.6577,0.2566,2,ok
0,2644,-3.882808,-0.729709,-1.149477,-0.007077,0.012177,18.580955,0.197210,0.532501,0.382406,-0.150095,C-06,0,0,0,1,1,0,-0.006275,-0.250076,0.7500,0.6588,0.2572,2,ok
0,2645,-3.875218,-0.747863,-1.125663,-0.007994,-0.003346,18.600301,0.196702,0.449244,0.449244,0.000000,,0,0,0,1,1,0,-0.006671,-0.244167,0.7500,0.6521,0.2605,2,ok
0,2646,-3.865542,-0.769358,-1.093832,-0.008571,0.028486,18.623866,0.196488,0.506484,0.506484,0.000000,,0,0,0,1,1,0,-0.003487,-0.237104,0.7500,0.5618,0.2581,2,ok
0,2647,-3.855129,-0.790483,-1.058696,-0.008687,0.022378,18.647074,0.196387,0.570698,0.570698,0.000000,,0,0,0,1,1,0,-0.003225,-0.220498,0.7083,0.5631,0.2641,2,ok
0,2648,-3.843733,-0.811247,-1.032656,-0.008353,0.048418,18.670757,0.197554,0.367541,0.420698,0.053157,C-06,0,0,0,1,1,0,-0.003956,-0.199506,0.7500,0.6128,0.2669,2,ok
0,2649,-3.833670,-0.828346,-1.018587,-0.007478,0.062488,18.690578,0.198514,0.221921,0.270698,0.048778,C-06,0,0,0,1,1,0,0.007649,-0.184434,0.6875,0.2552,0.2460,2,ok
0,2650,-3.823341,-0.845302,-1.005023,-0.007079,0.034678,18.710083,0.198594,0.274421,0.274421,0.000000,,0,0,0,1,1,0,-0.004343,-0.173799,0.7083,0.6433,0.2635,2,ok
0,2651,-3.810541,-0.865510,-0.997237,-0.006367,0.042464,18.733993,0.199389,-0.253943,0.124421,0.378364,C-06,0,0,0,1,1,0,-0.002594,-0.167121,0.6458,0.6007,0.2656,2,ok
0,2652,-3.797524,-0.885672,-0.998223,-0.005793,0.002488,18.757753,0.200095,-0.231906,-0.025579,0.206327,C-06,0,0,0,1,1,0,-0.006011,-0.177015,0.6250,0.6718,0.2664,2,ok
0,2653,-3.786688,-0.902470,-0.995736,-0.005821,0.004975,18.777743,0.199779,0.056661,0.056661,0.000000,,0,0,0,1,1,0,-0.006560,-0.181815,0.7083,0.6650,0.2655,2,ok
0,2654,-3.775810,-0.919204,-0.986121,-0.005779,0.014590,18.797701,0.199183,0.435167,0.206661,-0.228507,C-06,0,0,0,1,1,0,-0.006610,-0.190963,0.7292,0.6446,0.2619,2,ok
0,2655,-3.762559,-0.939085,-0.965869,-0.006108,-0.002651,18.821380,0.198601,0.536049,0.356661,-0.179388,C-06,0,0,0,1,1,0,-0.006803,-0.195674,0.7708,0.6407,0.2628,2,ok
0,2656,-3.748969,-0.958659,-0.941215,-0.006206,0.022002,18.845208,0.198659,0.437096,0.437096,0.000000,,0,0,0,1,1,0,-0.005844,-0.189215,0.7292,0.6207,0.2628,2,ok
0,2657,-3.734829,-0.977881,-0.916429,-0.006000,0.011952,18.868882,0.199059,0.442421,0.442421,0.000000,,0,0,0,1,1,0,-0.005178,-0.189630,0.7500,0.6125,0.2604,2,ok
0,2658,-3.722624,-0.993643,-0.898999,-0.005671,0.029382,18.888813,0.199475,0.373227,0.373227,0.000000,,0,0,0,1,1,0,-0.000802,-0.171660,0.7083,0.5408,0.2599,2,ok
0,2659,-3.710105,-1.009191,-0.881973,-0.004962,0.046408,18.908763,0.199748,0.374750,0.374750,0.000000,,0,0,0,1,1,0,0.008635,-0.168789,0.7083,0.2744,0.2444,2,ok
0,2660,-3.694746,-1.027619,-0.869361,-0.004385,0.026820,18.932587,0.199981,-0.129412,0.224750,0.354163,C-06,0,0,0,1,1,0,0.000744,-0.158637,0.7083,0.5718,0.2608,2,ok
0,2661,-3.679213,-1.045916,-0.864871,-0.003701,0.031309,18.956577,0.200013,-0.356032,0.074750,0.430782,C-06,0,0,0,1,1,0,0.001575,-0.152188,0.6875,0.5656,0.2629,2,ok
0,2662,-3.666256,-1.061150,-0.867703,-0.003464,-0.002713,18.976457,0.199999,-0.233960,-0.075250,0.158710,C-06,0,0,0,1,1,0,0.000356,-0.166891,0.6458,0.5802,0.2642,2,ok
0,2663,-3.653306,-1.076393,-0.864826,-0.003559,0.000164,18.996458,0.200013,0.074984,0.074750,-0.000234,C-06,0,0,0,1,1,0,0.000794,-0.182537,0.6875,0.5628,0.2622,2,ok
0,2664,-3.637634,-1.094588,-0.853135,-0.003511,0.011855,19.019810,0.200202,0.277487,0.224750,-0.052737,C-06,0,0,0,1,1,0,-0.002406,-0.187052,0.7708,0.6068,0.2619,2,ok
0,2665,-3.621706,-1.112605,-0.836557,-0.003801,-0.002279,19.044426,0.200586,0.307465,0.307465,0.000000,,0,0,0,1,1,0,-0.001176,-0.192055,0.7708,0.5622,0.2620,2,ok
0,2666,-3.605539,-1.130392,-0.827233,-0.003743,0.007045,19.068462,0.200391,0.124573,0.157465,0.032893,C-06,0,0,0,1,1,0,-0.001264,-0.180780,0.7292,0.5535,0.2608,2,ok
0,2667,-3.591961,-1.145114,-0.821877,-0.004022,-0.017799,19.088369,0.200246,0.110981,0.110981,0.000000,,0,0,0,1,1,0,-0.001264,-0.180780,0.7292,0.5535,0.2608,2,ok
0,2668,-3.578263,-1.159734,-0.810161,-0.004305,-0.006083,19.108401,0.200397,0.265382,0.260981,-0.004400,C-06,0,0,0,1,1,0,-0.005850,-0.185575,0.7500,0.6563,0.2641,2,ok
0,2669,-3.561655,-1.177081,-0.803331,-0.004534,-0.028018,19.132288,0.200120,0.067652,0.110981,0.043330,C-06,0,0,0,1,1,0,-0.004702,-0.190102,0.7292,0.6176,0.2641,2,ok
0,2670,-3.544932,-1.194313,-0.796235,-0.005147,-0.020921,19.156292,0.200081,0.124394,0.124394,0.000000,,0,0,0,1,1,0,-0.005763,-0.195485,0.6875,0.6357,0.2674,2,ok
0,2671,-3.530858,-1.208531,-0.783509,-0.005460,-0.008196,19.176296,0.199982,0.542148,0.274394,-0.267754,C-06,0,0,0,1,1,0,-0.007867,-0.202781,0.6875,0.6715,0.2640,2,ok
0,2672,-3.516594,-1.222510,-0.763689,-0.005936,-0.017434,19.196094,0.199481,0.563441,0.424394,-0.139047,C-06,0,0,0,1,1,0,-0.007458,-0.207467,0.6667,0.6419,0.2660,2,ok
0,2673,-3.499163,-1.238833,-0.731832,-0.006130,0.014424,19.219974,0.198914,0.715370,0.574394,-0.140976,C-06,0,0,0,1,1,0,-0.006778,-0.199565,0.7292,0.6430,0.2629,2,ok
0,2674,-3.481189,-1.254652,-0.708036,-0.005835,0.009436,19.243761,0.199831,0.351780,0.424394,0.072614,C-06,0,0,0,1,1,0,-0.004008,-0.183645,0.7708,0.6044,0.2597,2,ok
0,2675,-3.462839,-1.270126,-0.692780,-0.005418,0.024693,19.267760,0.200116,0.272847,0.274394,0.001547,C-06,0,0,0,1,1,0,-0.003274,-0.163024,0.7708,0.6436,0.2605,2,ok
0,2676,-3.447407,-1.282861,-0.686615,-0.004858,0.030858,19.287760,0.200089,-0.024896,0.124394,0.149291,C-06,0,0,0,1,1,0,-0.001054,-0.161115,0.7500,0.6106,0.2605,2,ok
0,2677,-3.431869,-1.295491,-0.674826,-0.004697,0.013465,19.307648,0.200329,0.271343,0.271343,0.000000,,0,0,0,1,1,0,0.000119,-0.163343,0.7500,0.5829,0.2602,2,ok
0,2678,-3.412967,-1.310400,-0.652130,-0.004159,0.036161,19.331717,0.200903,0.466608,0.421343,-0.045265,C-06,0,0,0,1,1,0,0.009342,-0.171299,0.7083,0.2869,0.2433,2,ok
0,2679,-3.393775,-1.324950,-0.636362,-0.003593,0.023625,19.355678,0.200753,-0.000413,0.271343,0.271756,C-06,0,0,0,1,1,0,-0.000142,-0.161118,0.7083,0.6538,0.2638,2,ok
0,2680,-3.377650,-1.336848,-0.630155,-0.003108,0.029832,19.375711,0.200366,-0.235956,0.121343,0.357299,C-06,0,0,0,1,1,0,0.010348,-0.155272,0.6458,0.3025,0.2448,2,ok
0,2681,-3.361494,-1.348632,-0.631008,-0.002513,0.028979,19.395134,0.199915,-0.261046,-0.028657,0.232389,C-06,0,0,0,1,1,0,0.002903,-0.160421,0.6667,0.6030,0.2629,2,ok
0,2682,-3.342131,-1.362789,-0.633212,-0.002587,-0.002614,19.419608,0.199885,-0.039681,-0.039681,0.000000,,0,0,0,1,1,0,-0.000521,-0.173604,0.6250,0.6703,0.2669,2,ok
0,2683,-3.322749,-1.376985,-0.627619,-0.002664,0.002979,19.443633,0.200343,0.167838,0.110319,-0.057520,C-06,0,0,0,1,1,0,-0.001925,-0.183793,0.6667,0.6902,0.2662,2,ok
0,2684,-3.303240,-1.391066,-0.615401,-0.003067,-0.014694,19.467618,0.200787,0.221572,0.221572,0.000000,,0,0,0,1,1,0,-0.003600,-0.191632,0.7500,0.7092,0.2623,2,ok
0,2685,-3.286814,-1.402610,-0.598150,-0.003260,0.002558,19.487694,0.201450,0.487762,0.371572,-0.116190,C-06,0,0,0,1,1,0,-0.005601,-0.196841,0.7500,0.7670,0.2638,2,ok
0,2686,-3.270201,-1.413995,-0.582791,-0.003387,-0.011202,19.507728,0.201456,0.313109,0.313109,0.000000,,0,0,0,1,1,0,-0.005399,-0.196815,0.7083,0.7716,0.2698,2,ok
0,2687,-3.250046,-1.427356,-0.564854,-0.003735,0.006735,19.531907,0.201585,0.304751,0.304751,0.000000,,0,0,0,1,1,0,-0.003675,-0.182232,0.6875,0.7417,0.2626,2,ok
0,2688,-3.229693,-1.440330,-0.552306,-0.003650,0.019283,19.556044,0.201139,0.205400,0.205400,0.000000,,0,0,0,1,1,0,-0.006271,-0.188140,0.6875,0.8536,0.2658,2,ok
0,2689,-3.212647,-1.450861,-0.549024,-0.003895,-0.007514,19.575969,0.200311,-0.059609,0.055400,0.115009,C-06,0,0,0,1,1,0,-0.006988,-0.174284,0.5833,0.8800,0.2720,2,ok
0,2690,-3.195605,-1.461299,-0.553126,-0.004071,-0.011616,19.595952,0.199639,-0.093136,-0.093136,0.000000,,0,0,0,1,1,0,-0.005517,-0.203612,0.6042,0.8284,0.2648,2,ok
0,2691,-3.175170,-1.473909,-0.550338,-0.004631,-0.039514,19.619844,0.200268,0.183546,0.056864,-0.126682,C-06,0,0,0,1,1,0,0.021617,-0.213973,0.5625,0.3917,0.2039,2,ok
0,2692,-3.154644,-1.486460,-0.538498,-0.005461,-0.027674,19.643889,0.200979,0.431950,0.206864,-0.225086,C-06,0,0,0,1,1,0,0.019230,-0.253435,0.5833,0.3928,0.2037,2,ok
0,2693,-3.133932,-1.498924,-0.520089,-0.006279,-0.039971,19.667831,0.201992,0.311626,0.311626,0.000000,,0,0,0,1,1,0,0.013817,-0.256640,0.6250,0.3988,0.2126,2,ok
0,2694,-3.116468,-1.509115,-0.497084,-0.007283,-0.016965,19.688026,0.203037,0.476362,0.461626,-0.014736,C-06,0,0,0,1,1,0,0.010295,-0.247954,0.6250,0.4171,0.2166,2,ok
0,2695,-3.098748,-1.519161,-0.465949,-0.008042,0.014170,19.708382,0.204662,0.612375,0.611626,-0.000749,C-06,0,0,0,1,1,0,-0.004592,-0.238003,0.7083,0.7676,0.2538,2,ok
0,2696,-3.077093,-1.530871,-0.424688,-0.008905,0.023179,19.732744,0.205368,0.647693,0.647693,0.000000,,0,0,0,1,1,0,-0.005525,-0.217325,0.7292,0.8098,0.2545,2,ok
0,2697,-3.055064,-1.541617,-0.391484,-0.009012,0.056383,19.757254,0.204243,0.219600,0.497693,0.278093,C-06,0,0,0,1,1,0,0.001317,-0.204745,0.7083,0.7114,0.2567,2,ok
0,2698,-3.036501,-1.549846,-0.371552,-0.008545,0.043404,19.777278,0.202957,0.236831,0.347693,0.110862,C-06,0,0,0,1,1,0,0.004295,-0.196929,0.7292,0.6611,0.2573,2,ok
0,2699,-3.017822,-1.557472,-0.359777,-0.007943,0.055179,19.797445,0.201656,-0.010316,0.197693,0.208009,C-06,0,0,0,1,1,0,0.006720,-0.187565,0.7500,0.6291,0.2598,2,ok
0,2700,-2.995340,-1.566031,-0.355954,-0.006652,0.059003,19.821467,0.200391,-0.313068,0.047693,0.360762,C-06,0,0,0,1,1,0,0.006932,-0.185970,0.6667,0.6260,0.2590,2,ok
0,2701,-2.972867,-1.574399,-0.362143,-0.005931,0.019984,19.845191,0.199599,-0.133724,-0.102307,0.031417,C-06,0,0,0,1,1,0,0.009121,-0.205395,0.6667,0.5624,0.2582,2,ok
0,2702,-2.950416,-1.582897,-0.359616,-0.005507,0.022510,19.869192,0.200172,0.242754,0.047693,-0.195061,C-06,0,0,0,1,1,0,0.005456,-0.225379,0.7083,0.5877,0.2592,2,ok
0,2703,-2.931662,-1.589936,-0.349258,-0.005369,-0.004014,19.889064,0.200620,0.427921,0.197693,-0.230228,C-06,0,0,0,1,1,0,0.004624,-0.235240,0.7708,0.5562,0.2611,2,ok
0,2704,-2.912808,-1.596970,-0.330127,-0.005516,0.015117,19.909187,0.201787,0.484213,0.347693,-0.136519,C-06,0,0,0,1,1,0,0.002916,-0.236728,0.7708,0.5590,0.2595,2,ok
0,2705,-2.889994,-1.605411,-0.300040,-0.005629,0.045204,19.931985,0.203524,0.440652,0.440652,0.000000,,0,0,0,1,1,0,0.002817,-0.231532,0.7292,0.5324,0.2601,2,ok
0,2706,-2.866987,-1.613292,-0.277539,-0.006059,0.027636,19.957629,0.202561,0.309417,0.309417,0.000000,,0,0,0,1,1,0,0.003658,-0.211104,0.7292,0.4987,0.2619,2,ok
0,2707,-2.847709,-1.619397,-0.261286,-0.005903,0.043889,19.977850,0.202175,0.270131,0.270131,0.000000,,0,0,0,1,1,0,0.010852,-0.206667,0.6875,0.2355,0.2459,2,ok
0,2708,-2.828361,-1.624951,-0.251340,-0.005483,0.013057,0.005570,0.201204,0.156329,0.156329,0.000000,,0,0,0,1,1,0,0.005327,-0.200842,0.7083,0.3829,0.2581,2,ok
0,2709,-2.805091,-1.631224,-0.243286,-0.005440,0.021111,0.029671,0.200812,0.108439,0.108439,0.000000,,0,0,0,1,1,0,0.009764,-0.197819,0.6875,0.2225,0.2477,2,ok
0,2710,-2.781748,-1.637346,-0.225033,-0.005232,0.039364,0.053053,0.201479,0.298534,0.258439,-0.040096,C-06,0,0,0,1,1,0,0.003698,-0.201502,0.6458,0.3522,0.2589,2,ok
0,2711,-2.758281,-1.643465,-0.195698,-0.006183,0.025978,0.077784,0.202649,0.636526,0.408439,-0.228087,C-06,0,0,0,1,1,0,0.009779,-0.209201,0.6250,0.1774,0.2469,2,ok
0,2712,-2.738610,-1.648539,-0.166279,-0.006900,0.055397,0.098087,0.203335,0.472111,0.472111,0.000000,,0,0,0,1,1,0,0.002079,-0.188472,0.6875,0.3467,0.2595,2,ok
0,2713,-2.718851,-1.652800,-0.145022,-0.007195,0.034114,0.118009,0.201980,0.189931,0.322111,0.132181,C-06,0,0,0,1,1,0,0.003095,-0.166720,0.7500,0.3203,0.2602,2,ok
0,2714,-2.695079,-1.656877,-0.130959,-0.007055,0.048177,0.142128,0.200913,-0.048457,0.172111,0.220569,C-06,0,0,0,1,1,0,0.003364,-0.147363,0.7500,0.3037,0.2652,2,ok
0,2715,-2.671280,-1.660110,-0.128545,-0.006080,0.050591,0.163706,0.200105,0.005032,0.022111,0.017079,C-06,0,0,0,1,1,0,0.003009,-0.132124,0.6875,0.2844,0.2678,2,ok
0,2716,-2.651434,-1.662752,-0.118917,-0.006094,0.021437,0.185905,0.200324,0.161247,0.161247,0.000000,,0,0,0,1,1,0,0.003009,-0.132124,0.6875,0.2844,0.2678,2,ok
0,2717,-2.631557,-1.665394,-0.102114,-0.006013,0.038240,0.205957,0.200685,0.265060,0.265060,0.000000,,0,0,0,1,1,0,0.003099,-0.130418,0.7083,0.2020,0.2618,2,ok
0,2718,-2.607664,-1.668476,-0.087176,-0.006228,0.019200,0.229839,0.200732,0.181533,0.181533,0.000000,,0,0,0,1,1,0,0.003455,-0.127106,0.7292,0.1983,0.2628,2,ok
0,2719,-2.583739,-1.671309,-0.070673,-0.006618,0.035702,0.253928,0.200740,0.206499,0.206499,0.000000,,0,0,0,1,1,0,0.002868,-0.118912,0.6875,0.2074,0.2664,2,ok
0,2720,-2.559794,-1.673246,-0.065260,-0.006280,0.010546,0.277757,0.200158,-0.192305,0.056499,0.248804,C-06,0,0,0,1,1,0,0.004080,-0.111375,0.6667,0.1614,0.2671,2,ok
0,2721,-2.539840,-1.674561,-0.070762,-0.006173,0.005044,0.297754,0.199927,-0.094456,-0.093501,0.000955,C-06,0,0,0,1,1,0,0.003339,-0.105836,0.6667,0.1485,0.2682,2,ok
0,2722,-2.519888,-1.675975,-0.067702,-0.006165,0.008104,0.317756,0.200045,0.098912,0.056499,-0.042413,C-06,0,0,0,1,1,0,0.001017,-0.112397,0.6667,0.1778,0.2683,2,ok
0,2723,-2.495932,-1.677682,-0.051771,-0.006544,-0.002437,0.341620,0.200230,0.233525,0.206499,-0.027026,C-06,0,0,0,1,1,0,-0.000407,-0.115066,0.7292,0.1534,0.2655,2,ok
0,2724,-2.471961,-1.679188,-0.045574,-0.006916,0.003760,0.365636,0.200148,0.069509,0.069509,0.000000,,0,0,0,1,1,0,-0.001053,-0.101013,0.7500,0.1592,0.2696,2,ok
0,2725,-2.451978,-1.680374,-0.037825,-0.007323,-0.011520,0.385475,0.200205,0.116535,0.116535,0.000000,,0,0,0,1,1,0,-0.002115,-0.099769,0.7083,0.1605,0.2685,2,ok
0,2726,-2.431989,-1.681559,-0.026269,-0.008054,0.000036,0.405487,0.200279,0.171483,0.171483,0.000000,,0,0,0,1,1,0,-0.000987,-0.102573,0.7500,0.0994,0.2659,2,ok
0,2727,-2.407993,-1.682925,-0.010260,-0.008872,0.016045,0.429507,0.200251,0.192003,0.192003,0.000000,,0,0,0,1,1,0,0.000032,-0.092537,0.7292,0.0586,0.2625,2,ok
0,2728,-2.383993,-1.684068,0.009474,-0.009884,0.015754,0.453343,0.200162,0.236120,0.236120,0.000000,,0,0,0,1,1,0,0.000652,-0.087577,0.7292,0.0342,0.2627,2,ok
0,2729,-2.359997,-1.684497,0.023343,-0.010222,0.029623,0.477341,0.199959,0.159937,0.159937,0.000000,,0,0,0,1,1,0,-0.000113,-0.064331,0.6667,0.0553,0.2666,2,ok
0,2730,-2.340005,-1.684486,0.032567,-0.010366,0.021252,0.497156,0.199900,0.130717,0.130717,0.000000,,0,0,0,1,1,0,0.000887,-0.048545,0.6250,0.0254,0.2674,2,ok
0,2731,-2.320017,-1.684038,0.036757,-0.010188,0.025442,0.517148,0.199929,0.056870,0.056870,0.000000,,0,0,0,1,1,0,0.001910,-0.050314,0.6458,0.0020,0.2669,2,ok
0,2732,-2.296034,-1.683305,0.039926,-0.009859,0.013479,0.540986,0.199946,0.037130,0.037130,0.000000,,0,0,0,1,1,0,-0.000822,-0.038470,0.6875,0.0643,0.2702,2,ok
0,2733,-2.272056,-1.682525,0.045577,-0.009773,0.019130,0.564977,0.199901,0.070450,0.070450,0.000000,,0,0,0,1,1,0,0.001056,-0.041285,0.7500,-0.0059,0.2702,2,ok
0,2734,-2.252079,-1.681817,0.049770,-0.009644,0.023323,0.584966,0.199894,0.060357,0.060357,0.000000,,0,0,0,1,1,0,0.001293,-0.034001,0.7708,-0.0226,0.2674,2,ok
0,2735,-2.232105,-1.680892,0.051257,-0.009502,0.012271,0.604848,0.199964,0.018362,0.018362,0.000000,,0,0,0,1,1,0,0.000026,-0.035334,0.7083,0.0042,0.2697,2,ok
0,2736,-2.208137,-1.679697,0.052006,-0.009284,0.013020,0.628845,0.199982,0.008650,0.008650,0.000000,,0,0,0,1,1,0,0.000533,-0.030892,0.7292,-0.0251,0.2691,2,ok
0,2737,-2.184165,-1.678490,0.044035,-0.009220,-0.005677,0.652735,0.200056,-0.105939,-0.105939,0.000000,,0,0,0,1,1,0,0.002196,-0.030252,0.7083,-0.0812,0.2675,2,ok
0,2738,-2.160187,-1.677418,0.043064,-0.009417,-0.006648,0.676736,0.200009,-0.005039,-0.005039,0.000000,,0,0,0,1,1,0,0.000632,-0.036926,0.7083,-0.1018,0.2678,2,ok
0,2739,-2.140209,-1.676537,0.050863,-0.009633,-0.007292,0.696675,0.199940,0.126546,0.126546,0.000000,,0,0,0,1,1,0,-0.000140,-0.037433,0.6875,-0.1214,0.2678,2,ok
0,2740,-2.120238,-1.675656,0.056757,-0.009928,-0.001398,0.716663,0.199876,0.083314,0.083314,0.000000,,0,0,0,1,1,0,0.001135,-0.035546,0.7083,-0.1572,0.2650,2,ok
0,2741,-2.096277,-1.674305,0.056824,-0.009989,-0.001331,0.740662,0.200004,-0.005120,-0.005120,0.000000,,0,0,0,1,1,0,-0.000835,-0.022243,0.7500,-0.1143,0.2702,2,ok
0,2742,-2.072320,-1.672933,0.062918,-0.010221,-0.002532,0.764576,0.199935,0.081133,0.081133,0.000000,,0,0,0,1,1,0,-0.001436,-0.016142,0.7917,-0.1286,0.2711,2,ok
0,2743,-2.052363,-1.671789,0.068068,-0.010418,0.002618,0.784565,0.199868,0.075636,0.075636,0.000000,,0,0,0,1,1,0,-0.000654,-0.009971,0.7917,-0.1634,0.2709,2,ok
0,2744,-2.032414,-1.670645,0.074894,-0.010666,0.004454,0.804502,0.199773,0.103100,0.103100,0.000000,,0,0,0,1,1,0,-0.001049,-0.008903,0.7500,-0.1422,0.2727,2,ok
0,2745,-2.008484,-1.668984,0.077955,-0.010710,0.007515,0.828489,0.199902,0.033857,0.033857,0.000000,,0,0,0,1,1,0,0.002554,0.001043,0.7708,-0.2532,0.2687,2,ok
0,2746,-1.984550,-1.667135,0.069523,-0.010627,-0.004742,0.852430,0.200111,-0.133333,-0.116143,0.017190,C-06,0,0,0,1,1,0,0.001698,0.009641,0.7292,-0.2438,0.2696,2,ok
0,2747,-1.960593,-1.665276,0.048511,-0.010622,-0.025755,0.876459,0.200354,-0.270597,-0.266143,0.004454,C-06,0,0,0,1,1,0,0.000034,0.004687,0.6875,-0.2375,0.2679,2,ok
0,2748,-1.940612,-1.663919,0.039679,-0.010813,-0.036830,0.896478,0.200245,0.040416,-0.116143,-0.156559,C-06,0,0,0,1,1,0,-0.000786,-0.008022,0.7083,-0.2647,0.2634,2,ok
0,2749,-1.920628,-1.663096,0.041261,-0.011546,-0.035248,0.916466,0.199987,0.133536,0.033857,-0.099680,C-06,0,0,0,1,1,0,-0.000916,-0.019142,0.6875,-0.2923,0.2615,2,ok
0,2750,-1.896653,-1.662148,0.050339,-0.012465,-0.026169,0.940442,0.199907,0.115614,0.115614,0.000000,,0,0,0,1,1,0,-0.002846,-0.019885,0.7083,-0.2945,0.2599,2,ok
0,2751,-1.872690,-1.661199,0.060476,-0.013387,-0.016319,0.964404,0.199796,0.124457,0.124457,0.000000,,0,0,0,1,1,0,-0.006475,-0.002501,0.7917,-0.2430,0.2631,2,ok
0,2752,-1.852730,-1.660254,0.066023,-0.014000,-0.010772,0.984377,0.199818,0.079452,0.079452,0.000000,,0,0,0,1,1,0,-0.006578,0.010223,0.7917,-0.2444,0.2595,2,ok
0,2753,-1.832778,-1.659216,0.071911,-0.014522,-0.004018,1.004345,0.199784,0.087601,0.087601,0.000000,,0,0,0,1,1,0,-0.009086,0.021452,0.7917,-0.1782,0.2651,2,ok
0,2754,-1.808844,-1.657712,0.076735,-0.014896,0.000806,1.028323,0.199840,0.057956,0.057956,0.000000,,0,0,0,1,1,0,-0.009520,0.034656,0.7708,-0.1609,0.2633,2,ok
0,2755,-1.784909,-1.655880,0.069902,-0.014889,-0.003043,1.052413,0.200098,-0.121387,-0.092044,0.029343,C-06,0,0,0,1,1,0,-0.009725,0.049249,0.7292,-0.1456,0.2647,2,ok
0,2756,-1.760954,-1.654036,0.050874,-0.014787,-0.022071,1.076439,0.200322,-0.386465,-0.242044,0.144421,C-06,0,0,0,1,1,0,-0.012227,0.056998,0.6875,-0.0830,0.2654,2,ok
0,2757,-1.740971,-1.652499,0.028650,-0.014705,-0.040494,1.096477,0.200500,-0.330471,-0.330471,0.000000,,0,0,0,1,1,0,-0.012419,0.052848,0.7292,-0.0890,0.2662,2,ok
0,2758,-1.720975,-1.651298,0.015295,-0.014963,-0.053850,1.116506,0.200263,0.152242,-0.180471,-0.332713,C-06,0,0,0,1,1,0,-0.016965,0.032203,0.7083,-0.0320,0.2700,2,ok
0,2759,-1.696978,-1.650785,0.012092,-0.016199,-0.057053,1.140478,0.200020,0.135025,-0.030471,-0.165495,C-06,0,0,0,1,1,0,-0.016697,0.014444,0.7708,-0.0583,0.2680,2,ok
0,2760,-1.672981,-1.650444,0.021112,-0.017385,-0.042199,1.164610,0.199977,0.171619,0.119529,-0.052090,C-06,0,0,0,1,1,0,-0.018309,0.012000,0.7708,-0.0283,0.2668,2,ok
0,2761,-1.652986,-1.650159,0.024636,-0.018358,-0.038675,1.184583,0.199963,0.044546,0.044546,0.000000,,0,0,0,1,1,0,-0.017161,0.017379,0.7500,-0.0293,0.2674,2,ok
0,2762,-1.632994,-1.649847,0.031527,-0.019252,-0.025111,1.204631,0.199927,0.103654,0.103654,0.000000,,0,0,0,1,1,0,-0.015884,0.022927,0.7500,-0.0292,0.2676,2,ok
0,2763,-1.609007,-1.649166,0.033415,-0.019987,-0.023222,1.228617,0.199978,0.016907,0.016907,0.000000,,0,0,0,1,1,0,-0.014876,0.021985,0.7500,-0.0461,0.2668,2,ok
0,2764,-1.585018,-1.648427,0.028804,-0.020545,-0.017800,1.252810,0.200011,-0.059780,-0.059780,0.000000,,0,0,0,1,1,0,-0.013665,0.030804,0.7500,-0.0463,0.2663,2,ok
0,2765,-1.561027,-1.647686,0.022708,-0.020984,-0.023897,1.276809,0.200042,-0.073851,-0.073851,0.000000,,0,0,0,1,1,0,-0.013387,0.027032,0.6875,-0.0370,0.2666,2,ok
0,2766,-1.541032,-1.647228,0.026436,-0.021436,-0.010052,1.297015,0.199981,0.064208,0.064208,0.000000,,0,0,0,1,1,0,-0.012142,0.020705,0.6458,-0.0606,0.2657,2,ok
0,2767,-1.521040,-1.646761,0.028033,-0.021754,-0.008455,1.317010,0.199979,0.019384,0.019384,0.000000,,0,0,0,1,1,0,-0.011849,0.019964,0.7292,-0.0544,0.2656,2,ok
0,2768,-1.497048,-1.646150,0.024020,-0.022032,-0.000669,1.341371,0.200006,-0.052036,-0.052036,0.000000,,0,0,0,1,1,0,-0.012732,0.025999,0.7500,-0.0163,0.2675,2,ok
0,2769,-1.473056,-1.645578,0.026241,-0.022005,0.001552,1.365371,0.199988,0.031747,0.031747,0.000000,,0,0,0,1,1,0,-0.011618,0.022154,0.7708,-0.0352,0.2671,2,ok
0,2770,-1.453063,-1.645102,0.029806,-0.021984,0.005117,1.385369,0.199969,0.052805,0.052805,0.000000,,0,0,0,1,1,0,-0.010848,0.022569,0.7500,-0.0392,0.2676,2,ok
0,2771,-1.433074,-1.644627,0.035016,-0.021765,0.020155,1.405591,0.199936,0.076915,0.076915,0.000000,,0,0,0,1,1,0,-0.009556,0.026506,0.7708,-0.0512,0.2663,2,ok
0,2772,-1.409090,-1.643903,0.037682,-0.021337,0.022821,1.429582,0.199959,0.028955,0.028955,0.000000,,0,0,0,1,1,0,-0.008628,0.032486,0.7708,-0.0467,0.2669,2,ok
0,2773,-1.385104,-1.643039,0.028633,-0.020539,0.021619,1.453832,0.200047,-0.217559,-0.121045,0.096514,C-06,0,0,0,1,1,0,-0.008043,0.035493,0.7500,-0.0342,0.2675,2,ok
0,2774,-1.361108,-1.642168,0.006940,-0.019668,-0.000073,1.477827,0.200125,-0.435029,-0.271045,0.163984,C-06,0,0,0,1,1,0,-0.007104,0.027561,0.6875,-0.0533,0.2657,2,ok
0,2775,-1.341108,-1.641442,-0.009771,-0.018942,-0.012240,1.497827,0.200124,-0.234143,-0.234143,0.000000,,0,0,0,1,1,0,-0.008480,0.022329,0.7083,-0.0287,0.2671,2,ok
0,2776,-1.321110,-1.641313,-0.016537,-0.018813,-0.019006,1.517825,0.199974,0.169294,-0.084143,-0.253437,C-06,0,0,0,1,1,0,-0.010553,-0.004970,0.7500,-0.0343,0.2670,2,ok
0,2777,-1.297113,-1.641695,-0.011806,-0.019195,-0.011806,1.541823,0.200014,0.191746,0.065857,-0.125889,C-06,0,0,0,1,1,0,-0.011767,-0.016629,0.7708,-0.0285,0.2676,2,ok
0,2778,-1.273113,-1.642101,-0.000439,-0.019601,-0.000439,1.565822,0.200029,0.139128,0.139128,0.000000,,0,0,0,1,1,0,-0.011730,-0.014930,0.7708,-0.0339,0.2674,2,ok
0,2779,-1.253114,-1.642381,0.005449,-0.019881,0.005449,1.584535,0.200010,0.078457,0.078457,0.000000,,0,0,0,1,1,0,-0.011180,-0.004763,0.7500,-0.0282,0.2675,2,ok
0,2780,-1.233114,-1.642458,0.009190,-0.019958,0.009190,1.605821,0.199992,0.051190,0.051190,0.000000,,0,0,0,1,1,0,-0.010404,0.001739,0.7500,-0.0280,0.2675,2,ok
0,2781,-1.209115,-1.642271,0.006571,-0.019771,0.006571,1.629821,0.200002,-0.036380,-0.036380,0.000000,,0,0,0,1,1,0,-0.009239,0.005404,0.7292,-0.0469,0.2677,2,ok
0,2782,-1.185115,-1.642070,0.001460,-0.019570,0.001460,1.653820,0.200007,-0.062037,-0.062037,0.000000,,0,0,0,1,1,0,-0.009521,0.005654,0.7500,-0.0406,0.2674,2,ok
0,2783,-1.161115,-1.642032,0.005470,-0.019532,0.005470,1.677820,0.199997,0.055861,0.055861,0.000000,,0,0,0,1,1,0,-0.010211,0.000551,0.7083,-0.0368,0.2672,2,ok
0,2784,-1.141116,-1.642010,0.012591,-0.019510,0.012591,1.697819,0.199985,0.105369,0.105369,0.000000,,0,0,0,1,1,0,-0.009191,0.003307,0.6875,-0.0525,0.2661,2,ok
0,2785,-1.121118,-1.641770,0.013214,-0.019270,0.013214,1.717818,0.199999,0.001619,0.001619,0.000000,,0,0,0,1,1,0,-0.008466,0.007098,0.7292,-0.0477,0.2664,2,ok
0,2786,-1.097120,-1.641461,0.010444,-0.018961,0.010444,1.741816,0.200005,-0.035077,-0.035077,0.000000,,0,0,0,1,1,0,-0.008751,0.011086,0.7500,-0.0279,0.2680,2,ok
0,2787,-1.073121,-1.641208,0.013477,-0.018708,0.013477,1.765814,0.199993,0.041534,0.041534,0.000000,,0,0,0,1,1,0,-0.008688,0.010626,0.7917,-0.0300,0.2676,2,ok
0,2788,-1.053124,-1.641001,0.017565,-0.018501,0.017565,1.784735,0.199981,0.059613,0.059613,0.000000,,0,0,0,1,1,0,-0.007658,0.008301,0.7500,-0.0436,0.2673,2,ok
0,2789,-1.033128,-1.640794,0.022732,-0.018294,0.022732,1.805808,0.199960,0.075084,0.075084,0.000000,,0,0,0,1,1,0,-0.007307,0.011875,0.7708,-0.0357,0.2671,2,ok
0,2790,-1.009135,-1.640370,0.025443,-0.017870,0.025443,1.829801,0.199973,0.029785,0.029785,0.000000,,0,0,0,1,1,0,-0.007294,0.020539,0.7292,-0.0121,0.2688,2,ok
0,2791,-0.985140,-1.639805,0.016495,-0.017305,0.016495,1.853795,0.200028,-0.242481,-0.120215,0.122267,C-06,0,0,0,1,1,0,-0.005525,0.022727,0.7500,-0.0463,0.2653,2,ok
0,2792,-0.961141,-1.639232,-0.005288,-0.016732,-0.005288,1.877794,0.200055,-0.388450,-0.270215,0.118235,C-06,0,0,0,1,1,0,-0.005684,0.015450,0.6875,-0.0450,0.2657,2,ok
0,2793,-0.941142,-1.638925,-0.014611,-0.016425,-0.014611,1.897793,0.199992,0.067092,-0.120215,-0.187307,C-06,0,0,0,1,1,0,-0.006737,0.000665,0.6875,-0.0466,0.2663,2,ok
0,2794,-0.921144,-1.639187,-0.013386,-0.016687,-0.013386,1.917791,0.200005,0.115227,0.029785,-0.085442,C-06,0,0,0,1,1,0,-0.008318,-0.009150,0.7083,-0.0381,0.2670,2,ok
0,2795,-0.897146,-1.639550,-0.003648,-0.017050,-0.003648,1.941790,0.200021,0.122315,0.122315,0.000000,,0,0,0,1,1,0,-0.009355,-0.015114,0.7708,-0.0311,0.2678,2,ok
0,2796,-0.873146,-1.639914,0.005857,-0.017414,0.005857,1.965790,0.200020,0.111339,0.111339,0.000000,,0,0,0,1,1,0,-0.008340,-0.006024,0.7708,-0.0385,0.2681,2,ok
0,2797,-0.853147,-1.640162,0.013266,-0.017662,0.013266,1.985035,0.199992,0.104805,0.104805,0.000000,,0,0,0,1,1,0,-0.007720,0.001842,0.7500,-0.0353,0.2678,2,ok
0,2798,-0.833149,-1.640049,0.016381,-0.017549,0.016381,2.005787,0.199980,0.039893,0.039893,0.000000,,0,0,0,1,1,0,-0.006924,0.008810,0.7708,-0.0401,0.2674,2,ok
0,2799,-0.809153,-1.639800,0.019417,-0.017300,0.019417,2.029783,0.199977,0.035944,0.035944,0.000000,,0,0,0,1,1,0,-0.006034,0.012436,0.7500,-0.0485,0.2669,2,ok
0,2800,-0.785156,-1.639375,0.010624,-0.016875,0.010624,2.053780,0.200020,-0.214161,-0.114056,0.100105,C-06,0,0,0,1,1,0,-0.005628,0.014002,0.7500,-0.0505,0.2654,2,ok
0,2801,-0.761156,-1.638943,-0.010765,-0.016443,-0.010765,2.077779,0.200023,-0.297327,-0.264056,0.033272,C-06,0,0,0,1,1,0,-0.005902,0.009536,0.7083,-0.0447,0.2667,2,ok
0,2802,-0.741158,-1.638765,-0.019309,-0.016265,-0.019309,2.097777,0.199967,0.088547,-0.114056,-0.202603,C-06,0,0,0,1,1,0,-0.007512,-0.004075,0.6875,-0.0419,0.2664,2,ok
0,2803,-0.721162,-1.639128,-0.017455,-0.016628,-0.017455,2.117773,0.200007,0.152429,0.035944,-0.116485,C-06,0,0,0,1,1,0,-0.008979,-0.019168,0.7500,-0.0408,0.2665,2,ok
0,2804,-0.697164,-1.639597,-0.004066,-0.017097,-0.004066,2.141772,0.200036,0.169708,0.169708,0.000000,,0,0,0,1,1,0,-0.009381,-0.020592,0.7708,-0.0383,0.2687,2,ok
0,2805,-0.673164,-1.639934,0.001609,-0.017434,0.001609,2.165772,0.200013,0.060457,0.060457,0.000000,,0,0,0,1,1,0,-0.009479,-0.012109,0.7917,-0.0267,0.2668,2,ok
0,2806,-0.653164,-1.640149,0.007050,-0.017649,0.007050,2.185235,0.200005,0.078317,0.078317,0.000000,,0,0,0,1,1,0,-0.007477,-0.004393,0.7500,-0.0571,0.2666,2,ok
0,2807,-0.633165,-1.640181,0.010534,-0.017681,0.010534,2.205771,0.199989,0.047997,0.047997,0.000000,,0,0,0,1,1,0,-0.007362,0.003748,0.7708,-0.0471,0.2669,2,ok
0,2808,-0.609167,-1.640107,0.014287,-0.017607,0.014287,2.229769,0.199982,0.044298,0.044298,0.000000,,0,0,0,1,1,0,-0.006978,0.006026,0.7292,-0.0416,0.2664,2,ok
0,2809,-0.585168,-1.639802,0.007576,-0.017302,0.007576,2.253767,0.200011,-0.089848,-0.089848,0.000000,,0,0,0,1,1,0,-0.007082,0.012681,0.7292,-0.0289,0.2675,2,ok
0,2810,-0.561168,-1.639484,-0.004672,-0.016984,-0.004672,2.277767,0.200016,-0.148119,-0.148119,0.000000,,0,0,0,1,1,0,-0.006735,0.005172,0.7083,-0.0440,0.2663,2,ok
0,2811,-0.541169,-1.639566,-0.005281,-0.017066,-0.005281,2.297767,0.200000,0.100763,0.001881,-0.098882,C-06,0,0,0,1,1,0,-0.006335,-0.005169,0.6875,-0.0696,0.2651,2,ok
0,2812,-0.521169,-1.639674,-0.001674,-0.017174,-0.001674,2.317767,0.200003,0.055037,0.055037,0.000000,,0,0,0,1,1,0,-0.007851,-0.008672,0.7500,-0.0509,0.2660,2,ok
0,2813,-0.497169,-1.639804,0.001433,-0.017304,0.001433,2.341767,0.200003,0.035449,0.035449,0.000000,,0,0,0,1,1,0,-0.008494,-0.005878,0.7708,-0.0324,0.2666,2,ok
0,2814,-0.473169,-1.639933,0.007928,-0.017433,0.007928,2.365766,0.199997,0.079778,0.079778,0.000000,,0,0,0,1,1,0,-0.008066,0.000079,0.7708,-0.0326,0.2675,2,ok
0,2815,-0.453170,-1.640040,0.014170,-0.017540,0.014170,2.385435,0.199983,0.089611,0.089611,0.000000,,0,0,0,1,1,0,-0.007443,0.003163,0.7500,-0.0345,0.2672,2,ok
0,2816,-0.433173,-1.640014,0.019345,-0.017514,0.019345,2.405762,0.199965,0.072945,0.072945,0.000000,,0,0,0,1,1,0,-0.007512,0.011647,0.7500,-0.0123,0.2684,2,ok
0,2817,-0.409178,-1.639638,0.021282,-0.017138,0.021282,2.429757,0.199984,0.019558,0.019558,0.000000,,0,0,0,1,1,0,-0.005492,0.014096,0.7500,-0.0529,0.2669,2,ok
0,2818,-0.385182,-1.639183,0.011365,-0.016683,0.011365,2.453754,0.200022,-0.242355,-0.130442,0.111913,C-06,0,0,0,1,1,0,-0.005098,0.019137,0.7500,-0.0459,0.2659,2,ok
0,2819,-0.361182,-1.638725,-0.011407,-0.016225,-0.011407,2.477753,0.200026,-0.331487,-0.280442,0.051045,C-06,0,0,0,1,1,0,-0.005887,0.010934,0.7083,-0.0373,0.2682,2,ok
0,2820,-0.341185,-1.638508,-0.021304,-0.016008,-0.021304,2.497750,0.199961,0.082060,-0.130442,-0.212503,C-06,0,0,0,1,1,0,-0.007378,-0.003937,0.6875,-0.0411,0.2671,2,ok
0,2821,-0.321190,-1.638913,-0.020476,-0.016413,-0.020476,2.517746,0.200005,0.171743,0.019558,-0.152186,C-06,0,0,0,1,1,0,-0.009322,-0.018204,0.7292,-0.0302,0.2668,2,ok
0,2822,-0.297192,-1.639432,-0.006950,-0.016932,-0.006950,2.541743,0.200041,0.183611,0.169558,-0.014053,C-06,0,0,0,1,1,0,-0.009395,-0.022913,0.7708,-0.0444,0.2671,2,ok
0,2823,-0.273192,-1.639876,-0.000463,-0.017376,-0.000463,2.565743,0.200025,0.070788,0.070788,0.000000,,0,0,0,1,1,0,-0.008473,-0.011862,0.7708,-0.0400,0.2672,2,ok
0,2824,-0.253192,-1.640137,0.004573,-0.017637,0.004573,2.585735,0.200010,0.071262,0.071262,0.000000,,0,0,0,1,1,0,-0.007997,-0.004948,0.7500,-0.0442,0.2683,2,ok
0,2825,-0.233193,-1.640170,0.007105,-0.017670,0.007105,2.605743,0.199995,0.032830,0.032830,0.000000,,0,0,0,1,1,0,-0.007479,-0.001965,0.7708,-0.0495,0.2673,2,ok
0,2826,-0.209194,-1.640161,0.011025,-0.017661,0.011025,2.629742,0.199988,0.047408,0.047408,0.000000,,0,0,0,1,1,0,-0.007620,0.000949,0.7500,-0.0392,0.2673,2,ok
0,2827,-0.185195,-1.639935,0.009246,-0.017435,0.009246,2.653740,0.200001,-0.026165,-0.026165,0.000000,,0,0,0,1,1,0,-0.007241,0.006839,0.7500,-0.0403,0.2669,2,ok
0,2828,-0.161195,-1.639695,-0.001149,-0.017195,-0.001149,2.677740,0.200010,-0.129894,-0.129894,0.000000,,0,0,0,1,1,0,-0.006921,0.007778,0.6667,-0.0381,0.2667,2,ok
0,2829,-0.141195,-1.639715,-0.000271,-0.017215,-0.000271,2.697740,0.200000,0.081153,0.020106,-0.061047,C-06,0,0,0,1,1,0,-0.006256,0.000153,0.6875,-0.0649,0.2661,2,ok
0,2830,-0.121195,-1.639747,0.001275,-0.017247,0.001275,2.717740,0.200000,0.021982,0.021982,0.000000,,0,0,0,1,1,0,-0.007693,-0.003299,0.7083,-0.0476,0.2667,2,ok
0,2831,-0.097195,-1.639764,-0.000208,-0.017264,-0.000208,2.741740,0.200000,-0.020375,-0.020375,0.000000,,0,0,0,1,1,0,-0.007632,-0.000516,0.7500,-0.0435,0.2670,2,ok
0,2832,-0.073196,-1.639779,0.004435,-0.017279,0.004435,2.765740,0.199998,0.060761,0.060761,0.000000,,0,0,0,1,1,0,-0.007797,-0.000268,0.7917,-0.0401,0.2676,2,ok
0,2833,-0.053196,-1.639792,0.008348,-0.017292,0.008348,2.785740,0.199993,0.055239,0.055239,0.000000,,0,0,0,1,1,0,-0.007639,0.001711,0.7500,-0.0384,0.2677,2,ok
0,2834,-0.033197,-1.639804,0.014730,-0.017304,0.014730,2.805738,0.199979,0.093631,0.093631,0.000000,,0,0,0,1,1,0,-0.007432,0.006531,0.7500,-0.0255,0.2679,2,ok
0,2835,-0.009201,-1.639672,0.019550,-0.017172,0.019550,2.829735,0.199969,0.054812,0.054812,0.000000,,0,0,0,1,1,0,-0.005873,0.009390,0.7500,-0.0510,0.2672,2,ok
0,2836,0.014796,-1.639226,0.012309,-0.016726,0.012309,2.853731,0.200021,-0.165788,-0.095188,0.070600,C-06,0,0,0,1,1,0,-0.005382,0.013430,0.7500,-0.0478,0.2653,2,ok
0,2837,0.038795,-1.638767,-0.007485,-0.016267,-0.007485,2.877731,0.200032,-0.328642,-0.245188,0.083454,C-06,0,0,0,1,1,0,-0.005878,0.010504,0.6667,-0.0373,0.2679,2,ok
0,2838,0.058794,-1.638586,-0.014826,-0.016086,-0.014826,2.897729,0.199982,0.087359,-0.095188,-0.182547,C-06,0,0,0,1,1,0,-0.007078,-0.003344,0.6667,-0.0448,0.2669,2,ok
0,2839,0.078792,-1.638859,-0.011774,-0.016359,-0.011774,2.917728,0.200008,0.128385,0.054812,-0.073573,C-06,0,0,0,1,1,0,-0.007879,-0.015797,0.7500,-0.0490,0.2676,2,ok
0,2840,0.102791,-1.639219,-0.000147,-0.016719,-0.000147,2.941727,0.200023,0.144148,0.144148,0.000000,,0,0,0,1,1,0,-0.008429,-0.015674,0.7708,-0.0428,0.2683,2,ok
0,2841,0.126791,-1.639571,0.008565,-0.017071,0.008565,2.965727,0.200010,0.099885,0.099885,0.000000,,0,0,0,1,1,0,-0.008018,-0.003660,0.7708,-0.0253,0.2670,2,ok
0,2842,0.146790,-1.639677,0.014136,-0.017177,0.014136,2.985725,0.199981,0.077507,0.077507,0.000000,,0,0,0,1,1,0,-0.007127,0.005449,0.7500,-0.0303,0.2676,2,ok
0,2843,0.166787,-1.639531,0.016927,-0.017031,0.016927,3.005723,0.199980,0.036572,0.036572,0.000000,,0,0,0,1,1,0,-0.005709,0.008622,0.7708,-0.0531,0.2669,2,ok
0,2844,0.190784,-1.639202,0.018572,-0.016702,0.018572,3.029719,0.199987,0.018702,0.018702,0.000000,,0,0,0,1,1,0,-0.005718,0.014203,0.7500,-0.0371,0.2680,2,ok
0,2845,0.214781,-1.638814,0.008566,-0.016314,0.008566,3.053717,0.200018,-0.232943,-0.131298,0.101644,C-06,0,0,0,1,1,0,-0.005217,0.016015,0.7500,-0.0428,0.2682,2,ok
0,2846,0.238781,-1.638424,-0.014272,-0.015924,-0.014272,3.077716,0.200009,-0.297078,-0.281298,0.015780,C-06,0,0,0,1,1,0,-0.005907,0.007282,0.6667,-0.0373,0.2675,2,ok
0,2847,0.258777,-1.638260,-0.024001,-0.015760,-0.024001,3.097712,0.199946,0.079886,-0.131298,-0.211185,C-06,0,0,0,1,1,0,-0.007259,-0.009559,0.6875,-0.0420,0.2662,2,ok
0,2848,0.278771,-1.638708,-0.023547,-0.016208,-0.023547,3.117706,0.200005,0.171036,0.018702,-0.152334,C-06,0,0,0,1,1,0,-0.008704,-0.022188,0.7500,-0.0434,0.2674,2,ok
0,2849,0.302767,-1.639298,-0.010438,-0.016798,-0.010438,3.141702,0.200048,0.184031,0.168702,-0.015330,C-06,0,0,0,1,1,0,-0.009903,-0.025852,0.7708,-0.0328,0.2683,2,ok
0,2850,0.326766,-1.639789,-0.004687,-0.017289,-0.004687,3.165702,0.200030,0.061802,0.061802,0.000000,,0,0,0,1,1,0,-0.009190,-0.013023,0.7708,-0.0314,0.2668,2,ok
0,2851,0.346766,-1.640089,-0.000554,-0.017589,-0.000554,3.185702,0.200017,0.058261,0.058261,0.000000,,0,0,0,1,1,0,-0.009329,-0.007405,0.7500,-0.0172,0.2675,2,ok
0,2852,0.366766,-1.640175,0.000963,-0.017675,0.000963,3.205702,0.200001,0.018668,0.018668,0.000000,,0,0,0,1,1,0,-0.008109,-0.005123,0.7708,-0.0489,0.2667,2,ok
0,2853,0.390766,-1.640241,0.002961,-0.017741,0.002961,3.229702,0.200000,0.023851,0.023851,0.000000,,0,0,0,1,1,0,-0.007867,-0.002413,0.7292,-0.0532,0.2659,2,ok
0,2854,0.414766,-1.640232,0.000026,-0.017732,0.000026,3.253702,0.200000,-0.039570,-0.039570,0.000000,,0,0,0,1,1,0,-0.008266,0.001276,0.7500,-0.0354,0.2672,2,ok
0,2855,0.438766,-1.640235,0.001077,-0.017735,0.001077,3.277702,0.200000,0.016234,0.016234,0.000000,,0,0,0,1,1,0,-0.007589,-0.002105,0.7292,-0.0579,0.2661,2,ok
0,2856,0.458766,-1.640239,0.007090,-0.017739,0.007090,3.297701,0.199995,0.091874,0.091874,0.000000,,0,0,0,1,1,0,-0.008479,-0.002410,0.7083,-0.0349,0.2661,2,ok
0,2857,0.478765,-1.640121,0.007925,-0.017621,0.007925,3.317701,0.199998,0.006743,0.006743,0.000000,,0,0,0,1,1,0,-0.008002,0.002537,0.7292,-0.0328,0.2670,2,ok
0,2858,0.502765,-1.639965,0.003680,-0.017465,0.003680,3.341700,0.200003,-0.054552,-0.054552,0.000000,,0,0,0,1,1,0,-0.006894,0.002764,0.7500,-0.0467,0.2657,2,ok
0,2859,0.526765,-1.639878,0.004698,-0.017378,0.004698,3.365700,0.199999,0.016296,0.016296,0.000000,,0,0,0,1,1,0,-0.007891,0.002057,0.7708,-0.0331,0.2672,2,ok
0,2860,0.546764,-1.639810,0.007089,-0.017310,0.007089,3.385700,0.199996,0.035232,0.035232,0.000000,,0,0,0,1,1,0,-0.007624,0.001006,0.7500,-0.0363,0.2670,2,ok
0,2861,0.566763,-1.639742,0.011930,-0.017242,0.011930,3.405699,0.199988,0.071815,0.071815,0.000000,,0,0,0,1,1,0,-0.007004,0.002136,0.7708,-0.0436,0.2665,2,ok
0,2862,0.590761,-1.639607,0.015360,-0.017107,0.015360,3.429697,0.199982,0.038538,0.038538,0.000000,,0,0,0,1,1,0,-0.006319,0.007075,0.7500,-0.0469,0.2667,2,ok
0,2863,0.614759,-1.639281,0.008890,-0.016781,0.008890,3.453695,0.200011,-0.085179,-0.085179,0.000000,,0,0,0,1,1,0,-0.005788,0.009257,0.7500,-0.0517,0.2669,2,ok
0,2864,0.638759,-1.638946,-0.005802,-0.016446,-0.005802,3.477694,0.200017,-0.179818,-0.179818,0.000000,,0,0,0,1,1,0,-0.006212,0.005894,0.6875,-0.0438,0.2664,2,ok
0,2865,0.658758,-1.638951,-0.008755,-0.016451,-0.008755,3.497694,0.199993,0.086011,-0.029818,-0.115830,C-06,0,0,0,1,1,0,-0.007291,-0.001358,0.6667,-0.0390,0.2672,2,ok
0,2866,0.678758,-1.639081,-0.002346,-0.016581,-0.002346,3.517694,0.200004,0.100526,0.100526,0.000000,,0,0,0,1,1,0,-0.008027,-0.008837,0.7292,-0.0392,0.2666,2,ok
0,2867,0.702758,-1.639244,0.001855,-0.016744,0.001855,3.541693,0.200004,0.046793,0.046793,0.000000,,0,0,0,1,1,0,-0.008180,-0.006404,0.7500,-0.0324,0.2677,2,ok
0,2868,0.726758,-1.639407,0.008073,-0.016907,0.008073,3.565693,0.199999,0.075333,0.075333,0.000000,,0,0,0,1,1,0,-0.007509,0.000830,0.7708,-0.0293,0.2678,2,ok
0,2869,0.746756,-1.639528,0.013996,-0.017028,0.013996,3.585692,0.199983,0.084667,0.084667,0.000000,,0,0,0,1,1,0,-0.007255,0.003301,0.7917,-0.0301,0.2675,2,ok
0,2870,0.766754,-1.639478,0.018635,-0.016978,0.018635,3.605689,0.199969,0.064867,0.064867,0.000000,,0,0,0,1,1,0,-0.006375,0.010318,0.7500,-0.0333,0.2657,2,ok
0,2871,0.790749,-1.639239,0.023020,-0.016739,0.023020,3.629684,0.199963,0.051590,0.051590,0.000000,,0,0,0,1,1,0,-0.005610,0.012056,0.7292,-0.0455,0.2654,2,ok
0,2872,0.814744,-1.638715,0.015847,-0.016215,0.015847,3.653679,0.200025,-0.213854,-0.098410,0.115444,C-06,0,0,0,1,1,0,-0.005103,0.019105,0.7083,-0.0339,0.2644,2,ok
0,2873,0.838743,-1.638173,-0.004200,-0.015673,-0.004200,3.677678,0.200050,-0.411650,-0.248410,0.163240,C-06,0,0,0,1,1,0,-0.005339,0.014512,0.6667,-0.0256,0.2665,2,ok
0,2874,0.858742,-1.637915,-0.011890,-0.015415,-0.011890,3.697678,0.199995,-0.051765,-0.098410,-0.046644,C-06,0,0,0,1,1,0,-0.004913,-0.002739,0.6458,-0.0589,0.2644,2,ok
0,2875,0.878741,-1.638130,-0.009054,-0.015630,-0.009054,3.717676,0.200006,0.135055,0.051590,-0.083464,C-06,0,0,0,1,1,0,-0.006824,-0.014106,0.6875,-0.0458,0.2648,2,ok
0,2876,0.902741,-1.638422,0.002276,-0.015922,0.002276,3.741676,0.200015,0.139600,0.139600,0.000000,,0,0,0,1,1,0,-0.008460,-0.014096,0.6875,-0.0169,0.2666,2,ok
0,2877,0.926740,-1.638707,0.010899,-0.016207,0.010899,3.765675,0.200000,0.099257,0.099257,0.000000,,0,0,0,1,1,0,-0.006596,-0.000021,0.7292,-0.0355,0.2645,2,ok
0,2878,0.946738,-1.638723,0.015616,-0.016223,0.015616,3.785674,0.199977,0.065529,0.065529,0.000000,,0,0,0,1,1,0,-0.005332,0.007114,0.7083,-0.0509,0.2631,2,ok
0,2879,0.966735,-1.638493,0.017310,-0.015993,0.017310,3.805671,0.199987,0.021082,0.021082,0.000000,,0,0,0,1,1,0,-0.002816,0.011337,0.7500,-0.1148,0.2711,2,ok
0,2880,0.990732,-1.638142,0.015623,-0.015642,0.015623,3.829668,0.199997,-0.022717,-0.022717,0.000000,,0,0,0,1,1,0,-0.002511,0.013615,0.7292,-0.1158,0.2698,2,ok
0,2881,1.014731,-1.637788,0.002103,-0.015288,0.002103,3.853666,0.200021,-0.281036,-0.172717,0.108319,C-06,0,0,0,1,1,0,-0.001639,0.013119,0.7292,-0.1417,0.2706,2,ok
0,2882,1.038729,-1.637435,-0.021350,-0.014935,-0.021350,3.877665,0.199981,-0.285875,-0.285875,0.000000,,0,0,0,1,1,0,-0.003510,0.004945,0.6042,-0.1353,0.2710,2,ok
0,2883,1.058722,-1.637395,-0.031455,-0.014895,-0.031455,3.897658,0.199905,0.105439,-0.135875,-0.241314,C-06,0,0,0,1,1,0,-0.004244,-0.015614,0.6250,-0.1866,0.2704,2,ok
0,2884,1.078712,-1.637995,-0.031214,-0.015495,-0.031214,3.917647,0.200004,0.156364,0.014125,-0.142239,C-06,0,0,0,1,1,0,-0.004802,-0.026550,0.7083,-0.2375,0.2670,2,ok
0,2885,1.102704,-1.638762,-0.018556,-0.016262,-0.018556,3.941640,0.200065,0.207762,0.164125,-0.043637,C-06,0,0,0,1,1,0,-0.005772,-0.029123,0.7292,-0.2558,0.2647,2,ok
0,2886,1.126701,-1.639466,-0.012630,-0.016966,-0.012630,3.965637,0.200055,0.066410,0.066410,0.000000,,0,0,0,1,1,0,-0.006586,-0.014983,0.7500,-0.2586,0.2630,2,ok
0,2887,1.146700,-1.639973,-0.007411,-0.017473,-0.007411,3.985636,0.200049,0.074815,0.074815,0.000000,,0,0,0,1,1,0,-0.006562,-0.003533,0.7083,-0.2815,0.2632,2,ok
0,2888,1.166700,-1.640322,-0.003383,-0.017822,-0.003383,4.005635,0.200022,0.055564,0.055564,0.000000,,0,0,0,1,1,0,-0.008027,0.005032,0.7292,-0.2558,0.2628,2,ok
0,2889,1.190700,-1.640449,-0.002375,-0.017949,-0.002375,4.029635,0.200001,0.009186,0.009186,0.000000,,0,0,0,1,1,0,-0.010262,0.017752,0.7083,-0.2066,0.2654,2,ok
0,2890,1.214699,-1.640552,-0.007593,-0.018052,-0.007593,4.053635,0.199996,-0.065254,-0.065254,0.000000,,0,0,0,1,1,0,-0.010976,0.022189,0.7083,-0.1847,0.2663,2,ok
0,2891,1.238699,-1.640737,-0.007210,-0.018237,-0.007210,4.077634,0.200001,0.008935,0.008935,0.000000,,0,0,0,1,1,0,-0.014111,0.033517,0.6667,-0.1394,0.2648,2,ok
0,2892,1.258698,-1.640895,-0.001197,-0.018395,-0.001197,4.097634,0.200006,0.092690,0.092690,0.000000,,0,0,0,1,1,0,-0.016123,0.042978,0.6042,-0.1159,0.2709,2,ok
0,2893,1.278698,-1.640920,-0.001412,-0.018420,-0.001412,4.117634,0.200000,-0.010361,-0.010361,0.000000,,0,0,0,1,1,0,-0.013795,0.043170,0.6667,-0.1242,0.2694,2,ok
0,2894,1.302698,-1.640938,-0.006071,-0.018438,-0.004013,4.141634,0.199997,-0.057905,-0.057905,0.000000,,0,0,0,1,1,0,-0.014155,0.048546,0.6875,-0.1066,0.2655,2,ok
0,2895,1.326698,-1.641054,-0.006943,-0.018554,-0.004886,4.165633,0.199998,-0.007370,-0.007370,0.000000,,0,0,0,1,1,0,-0.013981,0.051678,0.7500,-0.1026,0.2676,2,ok
0,2896,1.346697,-1.641162,-0.006353,-0.018662,-0.004295,4.185633,0.199999,0.009562,0.009562,0.000000,,0,0,0,1,1,0,-0.013997,0.054853,0.7083,-0.0935,0.2657,2,ok
0,2897,1.366697,-1.641271,-0.002257,-0.018771,0.003932,4.205633,0.200002,0.061924,0.061924,0.000000,,0,0,0,1,1,0,-0.013429,0.054446,0.7292,-0.0859,0.2645,2,ok
0,2898,1.390697,-1.641401,0.002090,-0.018901,0.008279,4.229633,0.200003,0.050545,0.050545,0.000000,,0,0,0,1,1,0,-0.013375,0.061146,0.7083,-0.0456,0.2668,2,ok
0,2899,1.414697,-1.641356,-0.005341,-0.018686,0.008695,4.253826,0.199998,-0.225503,-0.099455,0.126048,C-06,0,0,0,1,1,0,-0.013028,0.070994,0.6875,-0.0174,0.2680,2,ok
0,2900,1.438694,-1.641299,-0.025357,-0.018382,-0.011321,4.277821,0.199941,-0.502981,-0.249455,0.253526,C-06,0,0,0,1,1,0,-0.012791,0.068548,0.6667,0.0070,0.2657,2,ok
0,2901,1.458685,-1.641468,-0.033011,-0.018218,-0.009575,4.298002,0.199908,-0.046401,-0.099455,-0.053054,C-06,0,0,0,1,1,0,-0.014789,0.061098,0.6458,0.0543,0.2676,2,ok
0,2902,1.478675,-1.642099,-0.030286,-0.018436,-0.006850,4.318001,0.200016,0.536278,0.050545,-0.485734,C-06,0,0,0,1,1,0,-0.014633,0.047402,0.6875,0.0451,0.2675,2,ok
0,2903,1.502668,-1.642890,-0.016030,-0.018582,0.018799,4.342352,0.200081,0.179887,0.179887,0.000000,,0,0,0,1,1,0,-0.013327,0.045009,0.7292,0.0539,0.2657,2,ok
0,2904,1.526667,-1.643681,-0.001784,-0.018432,0.033046,4.366363,0.200108,0.167916,0.167916,0.000000,,0,0,0,1,1,0,-0.008878,0.059272,0.7292,0.0130,0.2651,2,ok
0,2905,1.546666,-1.644340,0.014528,-0.018276,0.059962,4.386515,0.200090,0.237508,0.237508,0.000000,,0,0,0,1,1,0,-0.006693,0.069788,0.7083,0.0318,0.2636,2,ok
0,2906,1.566663,-1.644382,0.021404,-0.017378,0.066838,4.406491,0.199956,-0.028215,0.087508,0.115722,C-06,0,0,0,1,1,0,-0.002088,0.084209,0.7083,-0.0190,0.2650,2,ok
0,2907,1.590658,-1.643886,0.020177,-0.015756,0.065611,4.430436,0.200007,-0.022147,-0.022147,0.000000,,0,0,0,1,1,0,-0.000373,0.089966,0.6875,0.0060,0.2678,2,ok
0,2908,1.614655,-1.643361,0.006429,-0.013875,0.062280,4.454522,0.200043,-0.389660,-0.172147,0.217513,C-06,0,0,0,1,1,0,-0.000288,0.093545,0.7083,0.0783,0.2692,2,ok
0,2909,1.638654,-1.642836,-0.019721,-0.011984,0.036131,4.478452,0.200014,-0.433346,-0.322147,0.111198,C-06,0,0,0,1,1,0,0.001838,0.080438,0.6250,0.0424,0.2668,2,ok
0,2910,1.658647,-1.642576,-0.033752,-0.010475,0.028772,4.498464,0.199895,-0.192566,-0.192566,0.000000,,0,0,0,1,1,0,-0.000131,0.061714,0.6250,0.1126,0.2649,2,ok
0,2911,1.678634,-1.643077,-0.037430,-0.009710,0.025094,4.518443,0.199943,1.000000,-0.042566,-1.042566,C-06,0,0,0,1,1,0,-0.000197,0.049620,0.6875,0.1036,0.2655,2,ok
0,2912,1.702620,-1.643947,-0.029277,-0.008940,0.039509,4.542521,0.200046,0.790989,0.107434,-0.683554,C-06,0,0,0,1,1,0,0.000476,0.036049,0.7083,0.0972,0.2636,2,ok
0,2913,1.726609,-1.644648,-0.032262,-0.007896,0.036524,4.566498,0.199981,-0.081520,-0.042566,0.038954,C-06,0,0,0,1,1,0,0.000796,0.044098,0.7500,0.1743,0.2664,2,ok
0,2914,1.746596,-1.645226,-0.039475,-0.007021,0.033518,4.586473,0.199931,-0.109541,-0.109541,0.000000,,0,0,0,1,1,0,0.001145,0.040475,0.7500,0.2061,0.2662,2,ok
0,2915,1.766577,-1.645804,-0.046798,-0.006148,0.026195,4.606444,0.199868,-0.106268,-0.106268,0.000000,,0,0,0,1,1,0,0.001790,0.035017,0.7708,0.2041,0.2672,2,ok
0,2916,1.790552,-1.646899,-0.043956,-0.005501,0.029037,4.628879,0.200023,0.251984,0.043732,-0.208252,C-06,0,0,0,1,1,0,0.002060,0.018474,0.7083,0.2262,0.2681,2,ok
0,2917,1.814525,-1.647953,-0.051722,-0.004667,0.024177,4.654448,0.199928,-0.225392,-0.106268,0.119124,C-06,0,0,0,1,1,0,0.002370,0.016623,0.7083,0.2557,0.2665,2,ok
0,2918,1.838480,-1.649001,-0.071688,-0.003838,0.004211,4.678411,0.199691,-0.331328,-0.256268,0.075059,C-06,0,0,0,1,1,0,0.005132,0.002388,0.6875,0.2135,0.2677,2,ok
0,2919,1.858422,-1.650092,-0.079567,-0.003372,-0.002741,4.698377,0.199716,1.000000,-0.106268,-1.106268,C-06,0,0,0,1,1,0,0.003887,-0.016727,0.6667,0.2249,0.2652,2,ok
0,2920,1.878360,-1.651643,-0.077374,-0.003364,-0.000548,4.718375,0.200023,1.000000,0.043732,-0.956268,C-06,0,0,0,1,1,0,0.001829,-0.028729,0.7083,0.2644,0.2667,2,ok
0,2921,1.902300,-1.653536,-0.062481,-0.003388,0.014086,4.742389,0.200223,0.430730,0.193732,-0.236998,C-06,0,0,0,1,1,0,0.002779,-0.035867,0.7917,0.2466,0.2668,2,ok
0,2922,1.926265,-1.655430,-0.044822,-0.003413,0.031745,4.766429,0.200414,0.216904,0.216904,0.000000,,0,0,0,1,1,0,0.005799,-0.031405,0.7708,0.2298,0.2655,2,ok
0,2923,1.946248,-1.656568,-0.039484,-0.002997,0.034814,4.786438,0.200127,-0.032290,0.066904,0.099194,C-06,0,0,0,1,1,0,0.007281,-0.020369,0.7083,0.2474,0.2647,2,ok
0,2924,1.966235,-1.657625,-0.032058,-0.002506,0.042240,4.806447,0.200173,0.110677,0.110677,0.000000,,0,0,0,1,1,0,0.006408,-0.016286,0.7292,0.3058,0.2692,2,ok
0,2925,1.990226,-1.658806,-0.023335,-0.001828,0.050963,4.829387,0.200149,0.104258,0.104258,0.000000,,0,0,0,1,1,0,0.012771,-0.017152,0.6667,0.1514,0.2579,2,ok
0,2926,2.014218,-1.659389,-0.026486,-0.000707,0.044354,4.854420,0.199985,-0.232191,-0.045742,0.186449,C-06,0,0,0,1,1,0,0.006167,-0.010438,0.7083,0.4029,0.2692,2,ok
0,2927,2.038205,-1.659946,-0.041691,0.000446,0.029150,4.878384,0.199886,-0.492060,-0.195742,0.296318,C-06,0,0,0,1,1,0,0.006723,-0.010217,0.6667,0.4089,0.2696,2,ok
0,2928,2.058185,-1.660625,-0.045668,0.001112,0.020202,4.898368,0.199924,0.657574,-0.045742,-0.703316,C-06,0,0,0,1,1,0,0.003912,-0.035424,0.6458,0.5006,0.2737,2,ok
0,2929,2.078167,-1.661517,-0.039356,0.001559,0.026515,4.918364,0.200046,1.000000,0.104258,-0.895742,C-06,0,0,0,1,1,0,0.005902,-0.052009,0.7083,0.4548,0.2701,2,ok
0,2930,2.102156,-1.662601,-0.019123,0.002010,0.039810,4.942385,0.200164,0.483219,0.254258,-0.228961,C-06,0,0,0,1,1,0,0.007519,-0.052831,0.7292,0.4427,0.2660,2,ok
0,2931,2.126153,-1.663469,-0.009488,0.002600,0.049446,4.966391,0.200091,-0.168407,0.104258,0.272665,C-06,0,0,0,1,1,0,0.007729,-0.039896,0.7500,0.5443,0.2682,2,ok
0,2932,2.146152,-1.663682,-0.011920,0.003565,0.038564,4.986393,0.199994,-0.052405,-0.045742,0.006663,C-06,0,0,0,1,1,0,0.010680,-0.037962,0.7500,0.5166,0.2643,2,ok
0,2933,2.166149,-1.663864,-0.021401,0.004443,0.029084,5.006372,0.199965,-0.143458,-0.143458,0.000000,,0,0,0,1,1,0,0.009282,-0.045642,0.7500,0.6120,0.2709,2,ok
0,2934,2.190143,-1.664321,-0.023329,0.005257,0.027155,5.030356,0.199987,-0.014409,-0.014409,0.000000,,0,0,0,1,1,0,0.011759,-0.068581,0.6875,0.5424,0.2683,2,ok
0,2935,2.214133,-1.664811,-0.035970,0.005816,0.004590,5.054399,0.199917,-0.246564,-0.164409,0.082155,C-06,0,0,0,1,1,0,0.008961,-0.082489,0.7292,0.6457,0.2703,2,ok
0,2936,2.238116,-1.665616,-0.037891,0.006035,0.002669,5.078395,0.199979,0.483935,-0.014409,-0.498344,C-06,0,0,0,1,1,0,0.009579,-0.110483,0.6875,0.6329,0.2671,2,ok
0,2937,2.258104,-1.666331,-0.029440,0.005983,-0.001404,5.098479,0.200038,1.000000,0.135591,-0.864409,C-06,0,0,0,1,1,0,0.006906,-0.136244,0.6667,0.7100,0.2673,2,ok
0,2938,2.278100,-1.667046,-0.010445,0.005848,0.017591,5.118487,0.200115,1.000000,0.285591,-0.714409,C-06,0,0,0,1,1,0,0.006092,-0.142392,0.6875,0.7478,0.2668,2,ok
0,2939,2.302098,-1.667905,0.025340,0.005610,0.038603,5.142566,0.200072,0.447686,0.435591,-0.012096,C-06,0,0,0,1,1,0,0.007556,-0.133552,0.7500,0.7632,0.2651,2,ok
0,2940,2.326080,-1.668400,0.049749,0.005531,0.063012,5.166553,0.199771,-0.043395,0.285591,0.328986,C-06,0,0,0,1,1,0,0.011463,-0.106363,0.7500,0.7873,0.2668,2,ok
0,2941,2.346050,-1.667886,0.059749,0.006391,0.073012,5.186511,0.199753,-0.095301,0.135591,0.230892,C-06,0,0,0,1,1,0,0.013913,-0.098131,0.7500,0.7871,0.2661,2,ok
0,2942,2.366014,-1.666726,0.059595,0.007538,0.055646,5.206600,0.200007,-0.045649,-0.014409,0.031239,C-06,0,0,0,1,1,0,0.016256,-0.091558,0.7708,0.7768,0.2648,2,ok
0,2943,2.389977,-1.665282,0.050914,0.008937,0.046965,5.230566,0.200099,-0.111895,-0.111895,0.000000,,0,0,0,1,1,0,0.016120,-0.110453,0.7500,0.8099,0.2628,2,ok
0,2944,2.413949,-1.663841,0.045069,0.010057,0.021819,5.254734,0.200144,-0.068162,-0.068162,0.000000,,0,0,0,1,1,0,0.018305,-0.135636,0.7500,0.7642,0.2635,2,ok
0,2945,2.437925,-1.662738,0.045407,0.010660,0.022157,5.278728,0.199997,0.009329,0.009329,0.000000,,0,0,0,1,1,0,0.019140,-0.166727,0.7083,0.7499,0.2599,2,ok
0,2946,2.457900,-1.661836,0.055382,0.011010,0.008547,5.298966,0.199903,0.913246,0.159329,-0.753916,C-06,0,0,0,1,1,0,0.019611,-0.185217,0.6667,0.7356,0.2631,2,ok
0,2947,2.477858,-1.660935,0.075322,0.011046,0.028487,5.318944,0.199654,1.000000,0.309329,-0.690671,C-06,0,0,0,1,1,0,0.020436,-0.203438,0.6875,0.7359,0.2569,2,ok
0,2948,2.501753,-1.659853,0.111092,0.011090,0.064257,5.342864,0.199008,0.474778,0.459329,-0.015448,C-06,0,0,0,1,1,0,0.021819,-0.200136,0.7083,0.7125,0.2593,2,ok
0,2949,2.525537,-1.658765,0.157491,0.010644,0.085303,5.366935,0.197826,0.705718,0.609329,-0.096388,C-06,0,0,0,1,1,0,0.023655,-0.186283,0.7708,0.7068,0.2619,2,ok
0,2950,2.545239,-1.656934,0.187166,0.011143,0.114978,5.386716,0.197747,0.074781,0.459329,0.384548,C-06,0,0,0,1,1,0,0.026458,-0.167780,0.7708,0.6971,0.2665,2,ok
0,2951,2.564850,-1.654064,0.207163,0.012442,0.104511,5.406893,0.198201,0.022580,0.309329,0.286749,C-06,0,0,0,1,1,0,0.031622,-0.133564,0.7292,0.6441,0.2673,2,ok
0,2952,2.588304,-1.649619,0.219626,0.014509,0.116974,5.430674,0.198970,-0.112364,0.159329,0.271693,C-06,0,0,0,1,1,0,0.034894,-0.126483,0.7500,0.6012,0.2693,2,ok
0,2953,2.611722,-1.644439,0.221051,0.017311,0.118399,5.453126,0.199936,-0.013531,0.009329,0.022860,C-06,0,0,0,1,1,0,0.045220,-0.128538,0.6875,0.2771,0.2447,2,ok
0,2954,2.635161,-1.639178,0.211439,0.019476,0.075368,5.478900,0.200385,-0.396905,-0.140671,0.256235,C-06,0,0,0,1,1,0,0.035483,-0.145631,0.6875,0.6141,0.2632,2,ok
0,2955,2.654749,-1.634792,0.194239,0.021312,0.058168,5.498889,0.201043,-0.590738,-0.290671,0.300067,C-06,0,0,0,1,1,0,0.035349,-0.152938,0.6875,0.6076,0.2638,2,ok
0,2956,2.674392,-1.630558,0.184670,0.022467,0.009372,5.519925,0.200917,-0.077135,-0.140671,-0.063536,C-06,0,0,0,1,1,0,0.032741,-0.189153,0.6458,0.6018,0.2623,2,ok
0,2957,2.697986,-1.626118,0.184614,0.022775,0.009316,5.543931,0.199997,0.560094,0.009329,-0.550765,C-06,0,0,0,1,1,0,0.030169,-0.211269,0.6458,0.6357,0.2584,2,ok
0,2958,2.721555,-1.621715,0.195640,0.022844,-0.021139,5.568762,0.199607,0.529380,0.159329,-0.370051,C-06,0,0,0,1,1,0,0.025230,-0.233966,0.7708,0.6563,0.2577,2,ok
0,2959,2.741152,-1.618046,0.206919,0.022338,-0.009859,5.588692,0.199168,0.183662,0.183662,0.000000,,0,0,0,1,1,0,0.026107,-0.233564,0.7708,0.5886,0.2568,2,ok
0,2960,2.760705,-1.614333,0.216769,0.021884,-0.000009,5.608589,0.198987,0.157953,0.157953,0.000000,,0,0,0,1,1,0,0.022777,-0.234289,0.7292,0.6616,0.2598,2,ok
0,2961,2.784090,-1.609737,0.237407,0.020715,-0.022420,5.633540,0.198175,0.290978,0.290978,0.000000,,0,0,0,1,1,0,0.022520,-0.233049,0.7292,0.6175,0.2607,2,ok
0,2962,2.807335,-1.605062,0.266107,0.019172,0.006280,5.657200,0.197259,0.405530,0.405530,0.000000,,0,0,0,1,1,0,0.022379,-0.242478,0.7292,0.5964,0.2591,2,ok
0,2963,2.830428,-1.599427,0.284952,0.018284,-0.016136,5.681782,0.198130,0.217143,0.255530,0.038387,C-06,0,0,0,1,1,0,0.022747,-0.225428,0.7500,0.5538,0.2641,2,ok
0,2964,2.849571,-1.594441,0.302952,0.017233,0.001864,5.701536,0.197688,0.311423,0.311423,0.000000,,0,0,0,1,1,0,0.021469,-0.219430,0.7083,0.5688,0.2643,2,ok
0,2965,2.868628,-1.588831,0.313048,0.016803,0.011960,5.721397,0.198748,-0.056307,0.161423,0.217731,C-06,0,0,0,1,1,0,0.021530,-0.215370,0.6875,0.5578,0.2633,2,ok
0,2966,2.891454,-1.581480,0.314452,0.016305,-0.027021,5.745973,0.199909,-0.145309,0.011423,0.156733,C-06,0,0,0,1,1,0,0.022353,-0.223144,0.6667,0.5158,0.2582,2,ok
0,2967,2.914262,-1.574092,0.318924,0.015571,-0.022549,5.769937,0.199659,0.068537,0.068537,0.000000,,0,0,0,1,1,0,0.017871,-0.228968,0.7500,0.5642,0.2628,2,ok
0,2968,2.933219,-1.567896,0.330661,0.014785,-0.046848,5.790403,0.199105,0.358603,0.218537,-0.140066,C-06,0,0,0,1,1,0,0.016442,-0.234530,0.7708,0.5488,0.2617,2,ok
0,2969,2.952113,-1.561595,0.337029,0.013638,-0.040480,5.810287,0.199187,0.101895,0.101895,0.000000,,0,0,0,1,1,0,0.015480,-0.229975,0.7917,0.5349,0.2627,2,ok
0,2970,2.974724,-1.553933,0.346896,0.012379,-0.030613,5.834128,0.198825,0.147794,0.147794,0.000000,,0,0,0,1,1,0,0.012908,-0.232544,0.7500,0.5604,0.2616,2,ok
0,2971,2.997217,-1.546096,0.366328,0.010664,-0.044975,5.858286,0.197901,0.357805,0.297794,-0.060011,C-06,0,0,0,1,1,0,0.011011,-0.231385,0.7500,0.5550,0.2649,2,ok
0,2972,3.019577,-1.537796,0.376829,0.009306,-0.034474,5.882098,0.198822,0.129319,0.147794,0.018475,C-06,0,0,0,1,1,0,0.008804,-0.241461,0.7500,0.5655,0.2629,2,ok
0,2973,3.038170,-1.530454,0.377375,0.008264,-0.066677,5.902339,0.199994,-0.033533,-0.002206,0.031327,C-06,0,0,0,1,1,0,0.007213,-0.239034,0.7500,0.5643,0.2622,2,ok
0,2974,3.056737,-1.523085,0.384927,0.006947,-0.059125,5.922271,0.199509,0.203028,0.147794,-0.055234,C-06,0,0,0,1,1,0,0.004953,-0.245417,0.7292,0.5750,0.2625,2,ok
0,2975,3.078897,-1.514227,0.403874,0.005433,-0.040178,5.946089,0.198239,0.336196,0.297794,-0.038402,C-06,0,0,0,1,1,0,0.004953,-0.245417,0.7292,0.5750,0.2625,2,ok
0,2976,3.100874,-1.505264,0.423428,0.003306,-0.052620,5.969907,0.197713,0.299942,0.299942,0.000000,,0,0,0,1,1,0,-0.002613,-0.243890,0.6875,0.6472,0.2623,2,ok
0,2977,3.119012,-1.497493,0.446904,0.001883,-0.029144,5.989589,0.196705,0.529296,0.449942,-0.079354,C-06,0,0,0,1,1,0,-0.003737,-0.233738,0.7708,0.6590,0.2617,2,ok
0,2978,3.136944,-1.489399,0.470902,0.000557,-0.036239,6.009256,0.196798,0.454695,0.454695,0.000000,,0,0,0,1,1,0,-0.003115,-0.225230,0.7708,0.6425,0.2621,2,ok
0,2979,3.158215,-1.478901,0.491725,-0.000609,-0.015416,6.032949,0.197779,0.327529,0.327529,0.000000,,0,0,0,1,1,0,-0.002012,-0.211172,0.7500,0.6226,0.2637,2,ok
0,2980,3.179223,-1.467945,0.518151,-0.001247,0.011010,6.053868,0.197266,0.437510,0.437510,0.000000,,0,0,0,1,1,0,-0.001533,-0.202705,0.7292,0.6220,0.2642,2,ok
0,2981,3.199922,-1.456395,0.543161,-0.002057,0.005009,6.080285,0.197654,0.411960,0.411960,0.000000,,0,0,0,1,1,0,0.001679,-0.191731,0.7500,0.5451,0.2643,2,ok
0,2982,3.216941,-1.446308,0.562940,-0.002145,0.024788,6.100069,0.197939,0.397228,0.397228,0.000000,,0,0,0,1,1,0,0.003583,-0.183944,0.7500,0.5129,0.2650,2,ok
0,2983,3.233784,-1.435767,0.575698,-0.002102,0.007451,6.119879,0.198803,-0.045632,0.247228,0.292861,C-06,0,0,0,1,1,0,0.002487,-0.177185,0.7083,0.5472,0.2637,2,ok
0,2984,3.253872,-1.422746,0.581914,-0.001928,0.013667,6.143818,0.199547,-0.279721,0.097228,0.376949,C-06,0,0,0,1,1,0,0.003564,-0.165273,0.6667,0.5495,0.2631,2,ok
0,2985,3.273935,-1.409554,0.579418,-0.001798,-0.018463,6.167774,0.200247,-0.358811,-0.052772,0.306040,C-06,0,0,0,1,1,0,0.005632,-0.192556,0.6250,0.5040,0.2619,2,ok
0,2986,3.290700,-1.398594,0.573745,-0.002195,-0.024136,6.187799,0.200524,-0.121065,-0.121065,0.000000,,0,0,0,1,1,0,0.005758,-0.196373,0.6458,0.4793,0.2635,2,ok
0,2987,3.307494,-1.387733,0.574717,-0.002691,-0.023164,6.207794,0.199917,0.430662,0.028935,-0.401727,C-06,0,0,0,1,1,0,0.001861,-0.215188,0.7292,0.5067,0.2638,2,ok
0,2988,3.327577,-1.374685,0.584659,-0.003708,-0.042265,6.231638,0.199182,0.511658,0.178935,-0.332723,C-06,0,0,0,1,1,0,-0.000628,-0.224639,0.7917,0.5093,0.2653,2,ok
0,2989,3.347472,-1.361431,0.603103,-0.004658,-0.023821,6.255525,0.198690,0.530358,0.328935,-0.201423,C-06,0,0,0,1,1,0,-0.002876,-0.225021,0.7708,0.5248,0.2640,2,ok
0,2990,3.367101,-1.347889,0.623192,-0.005523,-0.032731,6.279213,0.198839,0.352332,0.352332,0.000000,,0,0,0,1,1,0,-0.006603,-0.214040,0.7292,0.5914,0.2644,2,ok
0,2991,3.383210,-1.336201,0.646247,-0.006083,-0.009676,6.299107,0.198770,0.531358,0.502332,-0.029026,C-06,0,0,0,1,1,0,0.003498,-0.209779,0.7083,0.2555,0.2441,2,ok
0,2992,3.399072,-1.324145,0.663141,-0.006200,0.007218,6.319030,0.199378,0.155889,0.352332,0.196443,C-06,0,0,0,1,1,0,-0.006975,-0.199916,0.7292,0.6063,0.2645,2,ok
0,2993,3.417895,-1.309318,0.674832,-0.006525,-0.009713,6.342811,0.199745,-0.078911,0.202332,0.281243,C-06,0,0,0,1,1,0,-0.006120,-0.190273,0.7292,0.5990,0.2644,2,ok
0,2994,3.436593,-1.294293,0.679924,-0.006712,-0.004621,6.366797,0.199913,0.085238,0.085238,0.000000,,0,0,0,1,1,0,-0.006636,-0.189579,0.6875,0.6225,0.2644,2,ok
0,2995,3.452083,-1.281666,0.690233,-0.007038,-0.023796,6.386587,0.199860,0.581094,0.235238,-0.345856,C-06,0,0,0,1,1,0,-0.008665,-0.208326,0.7083,0.6642,0.2620,2,ok
0,2996,3.467402,-1.268817,0.707113,-0.007337,-0.006916,6.406579,0.200082,0.647238,0.385238,-0.262000,C-06,0,0,0,1,1,0,-0.008596,-0.207429,0.7083,0.6545,0.2593,2,ok
0,2997,3.485525,-1.252974,0.735820,-0.007204,0.021791,6.429311,0.201054,0.600443,0.535238,-0.065205,C-06,0,0,0,1,1,0,-0.008151,-0.197837,0.8125,0.6584,0.2601,2,ok
0,2998,3.503267,-1.236670,0.757780,-0.007210,0.015187,6.454535,0.200661,0.306324,0.385238,0.078914,C-06,0,0,0,1,1,0,-0.007431,-0.185900,0.7708,0.6800,0.2612,2,ok
0,2999,3.520585,-1.219989,0.779418,-0.006616,0.036825,6.478573,0.200154,0.377268,0.377268,0.000000,,0,0,0,1,1,0,-0.004835,-0.170185,0.7917,0.6733,0.2591,2,ok
0,3000,3.534699,-1.205826,0.795712,-0.006220,0.024307,6.498352,0.199815,0.333862,0.333862,0.000000,,0,0,0,1,1,0,-0.005636,-0.163369,0.7500,0.7324,0.2638,2,ok
