episode,step,sim_time_s,x,y,yaw,ey,epsi,s,speed,raw_steer,safe_steer,steer_correction,raw_throttle,safe_throttle,throttle_correction,interventions,emergency,joint_envelope_violated,oscillation_persistent,cv_ok,cv_state_available,cv_perception_invalid,cv_ey,cv_epsi,cv_confidence,cv_curvature,cv_lane_width,cv_n_lines,cv_reason
0,1,0.980000,-2.826047,-1.600914,-0.254467,0.018372,0.050708,19.992133,0.037363,0.081351,0.081351,0.000000,1.000000,1.000000,0.000000,,0,0,0,1,1,0,0.033170,-0.232711,0.6667,0.1998,0.2544,2,ok
0,2,1.100000,-2.817641,-1.602911,-0.250993,0.018595,0.013404,0.010142,0.101164,0.046081,0.046081,0.000000,1.000000,1.000000,0.000000,,0,0,0,1,1,0,0.033418,-0.228852,0.6667,0.2015,0.2538,2,ok
0,3,1.220000,-2.801832,-1.606794,-0.248132,0.018990,0.016265,0.026416,0.165042,0.007157,0.007157,0.000000,1.000000,1.000000,0.000000,,0,0,0,1,1,0,0.033507,-0.226562,0.6458,0.1975,0.2541,2,ok
0,4,1.320000,-2.782994,-1.611334,-0.244025,0.019544,0.020372,0.045785,0.217535,0.071731,0.071731,0.000000,1.000000,1.000000,0.000000,,0,0,0,1,1,0,0.027408,-0.213484,0.6667,0.3600,0.2624,2,ok
0,5,1.440000,-2.757714,-1.617461,-0.228725,0.019333,-0.007049,0.072737,0.216800,0.224997,0.221731,-0.003266,0.983514,0.983514,0.000000,C-06,0,0,0,1,1,0,0.033797,-0.218151,0.6250,0.1793,0.2502,2,ok
0,6,1.540000,-2.736578,-1.622541,-0.223689,0.018926,-0.002013,0.094471,0.217417,0.070991,0.071731,0.000740,0.985948,0.985948,0.000000,C-06,0,0,0,1,1,0,0.023887,-0.168852,0.6875,0.3855,0.2645,2,ok
0,7,1.640000,-2.715139,-1.627567,-0.216870,0.018299,-0.037733,0.117256,0.220628,0.114302,0.114302,0.000000,1.000000,1.000000,0.000000,,0,0,0,1,1,0,0.024037,-0.184032,0.7083,0.3567,0.2626,2,ok
0,8,1.760000,-2.690054,-1.633488,-0.198227,0.016852,-0.019091,0.142990,0.214516,0.402133,0.264302,-0.137831,0.968122,0.968122,0.000000,C-06,0,0,0,1,1,0,0.022816,-0.242955,0.7292,0.2795,0.2658,2,ok
0,9,1.860000,-2.669875,-1.638302,-0.173424,0.015637,0.005712,0.163699,0.206792,0.479025,0.414302,-0.064724,0.928398,0.928398,0.000000,C-06,0,0,0,1,1,0,0.020352,-0.243038,0.7500,0.2547,0.2659,2,ok
0,10,1.980000,-2.645365,-1.644062,-0.131048,0.013247,0.009305,0.189381,0.210645,0.589864,0.564302,-0.025562,0.940784,0.940784,0.000000,C-06,0,0,0,1,1,0,0.020289,-0.238228,0.7292,0.2354,0.2660,2,ok
0,11,2.080000,-2.623761,-1.648167,-0.103121,0.012112,0.037232,0.211342,0.222166,-0.242675,0.414302,0.656977,1.000000,1.000000,0.000000,C-06,0,0,0,1,1,0,0.020956,-0.186284,0.7083,0.2014,0.2617,2,ok
0,12,2.180000,-2.601857,-1.651278,-0.084772,0.011471,0.021604,0.233870,0.221105,-0.498505,0.264302,0.762807,1.000000,1.000000,0.000000,C-06,0,0,0,1,1,0,0.020895,-0.147637,0.7083,0.2100,0.2600,2,ok
0,13,2.280000,-2.579928,-1.653528,-0.076377,0.011459,0.029999,0.255914,0.220386,-0.742405,0.114302,0.856707,1.000000,1.000000,0.000000,C-06,0,0,0,1,1,0,0.020983,-0.129108,0.6667,0.2065,0.2662,2,ok
0,14,2.400000,-2.553607,-1.655581,-0.078422,0.011780,-0.002616,0.282673,0.219970,-0.055094,-0.035698,0.019395,1.000000,1.000000,0.000000,C-06,0,0,0,1,1,0,0.022483,-0.136414,0.6667,0.1459,0.2665,2,ok
0,15,2.500000,-2.531669,-1.657305,-0.071687,0.011620,0.004119,0.304677,0.220107,0.131373,0.114302,-0.017072,1.000000,1.000000,0.000000,C-06,0,0,0,1,1,0,0.022305,-0.133946,0.6458,0.1347,0.2666,2,ok
0,16,2.600000,-2.509767,-1.659034,-0.054676,0.011454,0.021130,0.325826,0.219741,0.372597,0.264302,-0.108295,0.997274,0.997274,0.000000,C-06,0,0,0,1,1,0,0.018550,-0.140056,0.6875,0.1579,0.2678,2,ok
0,17,2.700000,-2.489292,-1.660769,-0.034904,0.010664,0.014430,0.347455,0.203613,0.299555,0.299555,0.000000,0.922746,0.922746,0.000000,,0,0,0,1,1,0,0.017704,-0.118680,0.7500,0.1723,0.2682,2,ok
0,18,2.820000,-2.463289,-1.662827,0.001867,0.009835,0.051201,0.373526,0.220664,0.569115,0.449555,-0.119560,1.000000,1.000000,0.000000,C-06,0,0,0,1,1,0,0.018511,-0.105928,0.7500,0.1471,0.2701,2,ok
0,19,2.940000,-2.436893,-1.663971,0.027956,0.009418,0.054260,0.400183,0.220016,-0.289443,0.299555,0.588998,1.000000,1.000000,0.000000,C-06,0,0,0,1,1,0,0.020793,-0.074515,0.7292,0.1377,0.2699,2,ok
0,20,3.040000,-2.414906,-1.663886,0.039067,0.010004,0.065372,0.422163,0.219850,-0.853152,0.149555,1.002707,1.000000,1.000000,0.000000,C-06,0,0,0,1,1,0,0.022897,-0.035227,0.7500,0.0942,0.2655,2,ok
0,21,3.140000,-2.392923,-1.663058,0.039864,0.011091,0.046144,0.444333,0.220000,-0.563673,-0.000445,0.563228,1.000000,1.000000,0.000000,C-06,0,0,0,1,1,0,0.025793,-0.037632,0.7083,0.0484,0.2643,2,ok
0,22,3.240000,-2.370937,-1.662181,0.030506,0.012052,0.036786,0.466316,0.220069,-0.680911,-0.150445,0.530466,1.000000,1.000000,0.000000,C-06,0,0,0,1,1,0,0.025553,-0.025811,0.7292,0.0585,0.2629,2,ok
0,23,3.360000,-2.344543,-1.661128,0.006357,0.013050,-0.004959,0.492933,0.220169,-0.390999,-0.300445,0.090554,1.000000,1.000000,0.000000,C-06,0,0,0,1,1,0,0.026107,-0.059014,0.6458,0.0287,0.2670,2,ok
0,24,3.460000,-2.322543,-1.660474,-0.005150,0.013408,-0.016466,0.514940,0.220063,-0.080737,-0.150445,-0.069708,1.000000,1.000000,0.000000,C-06,0,0,0,1,1,0,0.021132,-0.089400,0.6875,0.0399,0.2669,2,ok
0,25,3.560000,-2.302562,-1.660545,-0.005964,0.013068,-0.017279,0.534918,0.198000,0.216435,-0.000445,-0.216880,0.876844,0.900000,0.023156,C-06,0,0,0,1,1,0,0.019635,-0.121094,0.7083,0.0250,0.2674,2,ok
0,26,3.660000,-2.284433,-1.660528,0.003244,0.012572,-0.023203,0.553242,0.179360,0.409712,0.149555,-0.260157,0.815276,0.815276,0.000000,C-06,0,0,0,1,1,0,0.019642,-0.133409,0.7292,-0.0005,0.2665,2,ok
0,27,3.780000,-2.260881,-1.660459,0.027437,0.011960,0.000990,0.576786,0.201292,0.450462,0.299555,-0.150907,1.000000,0.915276,-0.084724,C-06,0,0,0,1,1,0,0.017828,-0.126652,0.7708,0.0204,0.2682,2,ok
0,28,3.900000,-2.234946,-1.660276,0.040606,0.011213,0.001620,0.602849,0.219841,-0.154071,0.149555,0.303626,1.000000,1.000000,0.000000,C-06,0,0,0,1,1,0,0.019449,-0.109908,0.7292,0.0095,0.2686,2,ok
0,29,4.000000,-2.212965,-1.659414,0.041402,0.011179,0.002416,0.624847,0.220000,-0.867449,-0.000445,0.867004,1.000000,1.000000,0.000000,C-06,0,0,0,1,1,0,0.020526,-0.094597,0.7292,-0.0196,0.2674,2,ok
0,30,4.120000,-2.186582,-1.658321,0.029656,0.011048,-0.020056,0.651387,0.220088,-1.000000,-0.150445,0.849555,1.000000,1.000000,0.000000,C-06,0,0,0,1,1,0,0.020344,-0.086497,0.6667,-0.0258,0.2683,2,ok
0,31,4.240000,-2.160189,-1.657228,0.012259,0.010745,-0.037453,0.677802,0.220170,-0.211577,-0.211577,0.000000,1.000000,1.000000,0.000000,,0,0,0,1,1,0,0.019367,-0.112999,0.6458,-0.0934,0.2653,2,ok
0,32,4.360000,-2.133790,-1.656652,0.006309,0.009841,-0.051847,0.704253,0.220032,0.085647,-0.061577,-0.147224,1.000000,1.000000,0.000000,C-06,0,0,0,1,1,0,0.018721,-0.155662,0.6667,-0.1435,0.2659,2,ok
0,33,4.480000,-2.107391,-1.656464,0.012914,0.008475,-0.045241,0.730618,0.219987,0.872163,0.088423,-0.783740,1.000000,1.000000,0.000000,C-06,0,0,0,1,1,0,0.013850,-0.178729,0.6875,-0.1322,0.2680,2,ok
0,34,4.600000,-2.080998,-1.656294,0.031913,0.006962,-0.033537,0.757033,0.219899,0.701668,0.238423,-0.463245,1.000000,1.000000,0.000000,C-06,0,0,0,1,1,0,0.012980,-0.168046,0.7917,-0.1462,0.2676,2,ok
0,35,4.700000,-2.059020,-1.656153,0.057456,0.005630,-0.007994,0.778971,0.219660,1.000000,0.388423,-0.611577,1.000000,1.000000,0.000000,C-06,0,0,0,1,1,0,0.013488,-0.156423,0.7708,-0.1656,0.2674,2,ok
0,36,4.820000,-2.033515,-1.655564,0.077658,0.004456,0.007218,0.804476,0.211999,0.158824,0.238423,0.079599,0.965952,0.965952,0.000000,C-06,0,0,0,1,1,0,0.013488,-0.156423,0.7708,-0.1656,0.2674,2,ok
0,37,4.940000,-2.007305,-1.653865,0.085497,0.004287,0.015057,0.830740,0.219736,-0.185859,0.088423,0.274282,1.000000,1.000000,0.000000,C-06,0,0,0,1,1,0,0.017522,-0.083434,0.7708,-0.2338,0.2679,2,ok
0,38,5.060000,-1.980997,-1.651621,0.081104,0.004567,0.006839,0.857169,0.220081,-0.660821,-0.061577,0.599244,1.000000,1.000000,0.000000,C-06,0,0,0,1,1,0,0.018064,-0.073345,0.7292,-0.2488,0.2695,2,ok
0,39,5.160000,-1.959059,-1.649736,0.067663,0.004753,-0.006602,0.879187,0.220292,-0.703587,-0.211577,0.492010,1.000000,1.000000,0.000000,C-06,0,0,0,1,1,0,0.017011,-0.058868,0.6875,-0.2441,0.2659,2,ok
0,40,5.280000,-1.932714,-1.647731,0.061830,0.004712,-0.014679,0.905612,0.220165,-0.058841,-0.061577,-0.002736,1.000000,1.000000,0.000000,C-06,0,0,0,1,1,0,0.017825,-0.073788,0.6875,-0.2940,0.2598,2,ok
0,41,5.400000,-1.906353,-1.645813,0.045522,0.004574,-0.030987,0.932042,0.220344,-0.210197,-0.210197,0.000000,1.000000,1.000000,0.000000,,0,0,0,1,1,0,0.014348,-0.066620,0.7500,-0.2505,0.2630,2,ok
0,42,5.520000,-1.882263,-1.644063,0.017812,0.004444,-0.058983,0.956195,0.198837,-0.411248,-0.360197,0.051051,0.901573,0.901573,0.000000,C-06,0,0,0,1,1,0,0.012549,-0.066791,0.7708,-0.2609,0.2609,2,ok
0,43,5.620000,-1.860848,-1.642954,0.002258,0.003881,-0.074537,0.977632,0.220207,0.930742,-0.210197,-1.140939,1.000000,1.000000,0.000000,C-06,0,0,0,1,1,0,0.007110,-0.095632,0.7917,-0.2378,0.2618,2,ok
0,44,5.740000,-1.834448,-1.642629,-0.003606,0.002144,-0.079535,1.003978,0.220006,1.000000,-0.060197,-1.060197,1.000000,1.000000,0.000000,C-06,0,0,0,1,1,0,0.002374,-0.103449,0.7708,-0.1971,0.2639,2,ok
0,45,5.860000,-1.808048,-1.642702,0.003256,0.000006,-0.072673,1.030291,0.220000,1.000000,0.089803,-0.910197,1.000000,1.000000,0.000000,C-06,0,0,0,1,1,0,0.002374,-0.103449,0.7708,-0.1971,0.2639,2,ok
0,46,5.980000,-1.781650,-1.642791,0.022388,-0.002071,-0.050557,1.056613,0.219950,0.590345,0.239803,-0.350542,1.000000,1.000000,0.000000,C-06,0,0,0,1,1,0,-0.004530,-0.060454,0.7500,-0.1184,0.2666,2,ok
0,47,6.100000,-1.755260,-1.642543,0.030630,-0.003738,-0.042315,1.082952,0.219919,-0.172709,0.089803,0.262512,1.000000,1.000000,0.000000,C-06,0,0,0,1,1,0,-0.005745,-0.011065,0.7083,-0.0808,0.2655,2,ok
0,48,6.200000,-1.733271,-1.641963,0.032631,-0.004758,-0.036513,1.104923,0.219970,0.024287,0.024287,0.000000,1.000000,1.000000,0.000000,,0,0,0,1,1,0,-0.005162,0.006715,0.6875,-0.0732,0.2676,2,ok
0,49,6.320000,-1.706882,-1.641147,0.023172,-0.005866,-0.045972,1.131302,0.220045,-0.349662,-0.125713,0.223949,1.000000,1.000000,0.000000,C-06,0,0,0,1,1,0,-0.006025,0.022723,0.7083,-0.0488,0.2684,2,ok
0,50,6.440000,-1.680489,-1.640536,0.024077,-0.007024,-0.039233,1.157740,0.219993,0.020765,0.020765,0.000000,1.000000,1.000000,0.000000,,0,0,0,1,1,0,-0.006584,0.024278,0.7917,-0.0300,0.2686,2,ok
0,51,6.560000,-1.654096,-1.639936,0.020892,-0.008086,-0.042418,1.184119,0.220008,-0.042038,-0.042038,0.000000,1.000000,1.000000,0.000000,,0,0,0,1,1,0,-0.005960,0.024354,0.7917,-0.0376,0.2672,2,ok
0,52,6.680000,-1.627704,-1.639387,0.028906,-0.009123,-0.027732,1.210529,0.219958,0.274234,0.107962,-0.166272,1.000000,1.000000,0.000000,C-06,0,0,0,1,1,0,-0.005215,0.016936,0.7708,-0.0449,0.2663,2,ok
0,53,6.780000,-1.605713,-1.638754,0.026855,-0.009787,-0.029783,1.232519,0.220015,-0.397394,-0.042038,0.355356,1.000000,1.000000,0.000000,C-06,0,0,0,1,1,0,-0.005053,0.027387,0.7083,-0.0113,0.2684,2,ok
0,54,6.900000,-1.579319,-1.637975,0.017045,-0.010386,-0.029559,1.259016,0.220062,-0.123242,-0.123242,0.000000,1.000000,1.000000,0.000000,,0,0,0,1,1,0,-0.003704,0.027493,0.7500,-0.0383,0.2674,2,ok
0,55,7.020000,-1.552920,-1.637196,-0.000923,-0.010905,-0.047527,1.285421,0.220096,-0.220092,-0.220092,0.000000,1.000000,1.000000,0.000000,,0,0,0,1,1,0,-0.004101,0.022209,0.6875,-0.0341,0.2664,2,ok
0,56,7.120000,-1.530921,-1.636962,-0.006629,-0.011575,-0.043117,1.307521,0.220001,0.230340,-0.070092,-0.300432,1.000000,1.000000,0.000000,C-06,0,0,0,1,1,0,-0.003897,-0.002882,0.6875,-0.0490,0.2663,2,ok
0,57,7.240000,-1.504521,-1.637123,-0.000811,-0.012771,-0.037299,1.333894,0.220005,0.985489,0.079908,-0.905581,1.000000,1.000000,0.000000,C-06,0,0,0,1,1,0,-0.005328,-0.028694,0.7500,-0.0497,0.2666,2,ok
0,58,7.360000,-1.478122,-1.637308,0.017648,-0.013622,-0.007041,1.360493,0.219974,1.000000,0.229908,-0.770092,1.000000,1.000000,0.000000,C-06,0,0,0,1,1,0,-0.005310,-0.023161,0.7917,-0.0443,0.2673,2,ok
0,59,7.480000,-1.451737,-1.637493,0.048269,-0.014406,0.023580,1.386432,0.219764,0.435835,0.379908,-0.055927,1.000000,1.000000,0.000000,C-06,0,0,0,1,1,0,-0.004036,0.016378,0.7500,-0.0236,0.2676,2,ok
0,60,7.600000,-1.425383,-1.637078,0.067914,-0.014311,0.053054,1.413375,0.219579,-0.954870,0.229908,1.184778,1.000000,1.000000,0.000000,C-06,0,0,0,1,1,0,-0.000646,0.050921,0.7708,-0.0348,0.2671,2,ok
0,61,7.700000,-1.403439,-1.635870,0.074135,-0.013375,0.059275,1.435035,0.219792,-0.875424,0.079908,0.955332,1.000000,1.000000,0.000000,C-06,0,0,0,1,1,0,0.002323,0.079187,0.7708,-0.0434,0.2671,2,ok
0,62,7.820000,-1.377107,-1.633929,0.069337,-0.011429,0.062324,1.461828,0.220078,-1.000000,-0.070092,0.929908,1.000000,1.000000,0.000000,C-06,0,0,0,1,1,0,0.004303,0.102037,0.7500,-0.0351,0.2667,2,ok
0,63,7.940000,-1.350758,-1.631963,0.052411,-0.009463,0.049942,1.488178,0.220298,-0.409881,-0.220092,0.189789,1.000000,1.000000,0.000000,C-06,0,0,0,1,1,0,0.006847,0.094811,0.7083,-0.0409,0.2669,2,ok
0,64,8.060000,-1.324378,-1.629997,0.022802,-0.007497,0.020333,1.514558,0.220545,-0.394426,-0.370092,0.024334,1.000000,1.000000,0.000000,C-06,0,0,0,1,1,0,0.006147,0.085684,0.6875,-0.0242,0.2673,2,ok
0,65,8.180000,-1.298341,-1.628535,0.003510,-0.006035,0.003510,1.540595,0.217034,0.131988,-0.220092,-0.352080,0.985427,0.985427,0.000000,C-06,0,0,0,1,1,0,0.005522,0.019698,0.7708,-0.0451,0.2673,2,ok
0,66,8.300000,-1.272335,-1.628142,-0.003090,-0.005642,-0.003090,1.566601,0.216725,0.080864,-0.070092,-0.150956,0.985059,0.985059,0.000000,C-06,0,0,0,1,1,0,0.004271,-0.005047,0.7917,-0.0388,0.2671,2,ok
0,67,8.420000,-1.248731,-1.628105,0.002450,-0.005605,0.002450,1.590205,0.194713,0.271397,0.079908,-0.191489,0.723530,0.885059,0.161529,C-06,0,0,0,1,1,0,0.004045,-0.011597,0.7917,-0.0423,0.2672,2,ok
0,68,8.540000,-1.223336,-1.628054,0.020833,-0.005554,0.020833,1.615600,0.216670,0.497725,0.229908,-0.267817,1.000000,0.985059,-0.014941,C-06,0,0,0,1,1,0,0.004274,-0.020291,0.7500,-0.0522,0.2667,2,ok
0,69,8.640000,-1.201375,-1.627949,0.029052,-0.005449,0.029052,1.634535,0.219917,0.109544,0.109544,0.000000,1.000000,1.000000,0.000000,,0,0,0,1,1,0,0.006496,0.002809,0.7500,-0.0526,0.2664,2,ok
0,70,8.760000,-1.174985,-1.627211,0.026549,-0.004711,0.026549,1.663950,0.220016,-0.352050,-0.040456,0.311594,1.000000,1.000000,0.000000,C-06,0,0,0,1,1,0,0.007398,0.026127,0.7500,-0.0368,0.2669,2,ok
0,71,8.880000,-1.148591,-1.626437,0.011528,-0.003937,0.011528,1.690345,0.220078,-0.893314,-0.190456,0.702859,1.000000,1.000000,0.000000,C-06,0,0,0,1,1,0,0.008533,0.025086,0.7292,-0.0435,0.2666,2,ok
0,72,9.000000,-1.122191,-1.625663,-0.004291,-0.003163,-0.004291,1.716744,0.220093,-0.186608,-0.186608,0.000000,1.000000,1.000000,0.000000,,0,0,0,1,1,0,0.007720,0.008110,0.7083,-0.0451,0.2665,2,ok
0,73,9.120000,-1.095792,-1.625611,-0.008030,-0.003111,-0.008030,1.743144,0.219993,0.026971,-0.036608,-0.063579,1.000000,1.000000,0.000000,C-06,0,0,0,1,1,0,0.008119,-0.007565,0.7292,-0.0591,0.2655,2,ok
0,74,9.220000,-1.075801,-1.625688,-0.001163,-0.003188,-0.001163,1.763135,0.198001,0.183505,0.113392,-0.070113,0.772298,0.900000,0.127702,C-06,0,0,0,1,1,0,0.005697,-0.024043,0.7917,-0.0384,0.2677,2,ok
0,75,9.340000,-1.050172,-1.625752,0.020072,-0.003252,0.020072,1.788764,0.217786,0.270185,0.263392,-0.006793,0.990116,0.990116,0.000000,C-06,0,0,0,1,1,0,0.005895,-0.032410,0.7917,-0.0418,0.2678,2,ok
0,76,9.460000,-1.023800,-1.625753,0.033129,-0.003253,0.033129,1.815135,0.219886,0.149794,0.149794,0.000000,1.000000,1.000000,0.000000,,0,0,0,1,1,0,0.008624,0.000586,0.7708,-0.0539,0.2668,2,ok
0,77,9.580000,-0.997416,-1.624906,0.033943,-0.002406,0.033943,1.841520,0.220000,-0.900728,-0.000206,0.900522,1.000000,1.000000,0.000000,C-06,0,0,0,1,1,0,0.010453,0.034984,0.7292,-0.0367,0.2676,2,ok
0,78,9.700000,-0.971026,-1.624010,0.022159,-0.001510,0.022159,1.867909,0.220070,-1.000000,-0.150206,0.849794,1.000000,1.000000,0.000000,C-06,0,0,0,1,1,0,0.011566,0.035173,0.7292,-0.0414,0.2668,2,ok
0,79,9.800000,-0.949029,-1.623263,0.002249,-0.000763,0.002249,1.889907,0.220125,-0.330944,-0.300206,0.030738,1.000000,1.000000,0.000000,C-06,0,0,0,1,1,0,0.011380,0.026986,0.7083,-0.0410,0.2670,2,ok
0,80,9.920000,-0.922629,-1.622624,-0.011345,-0.000124,-0.011345,1.916306,0.220023,-0.093342,-0.150206,-0.056864,1.000000,1.000000,0.000000,C-06,0,0,0,1,1,0,0.010602,0.007698,0.6875,-0.0434,0.2658,2,ok
0,81,10.040000,-0.898511,-1.622739,-0.016739,-0.000239,-0.016739,1.940425,0.199407,-0.058108,-0.058108,0.000000,0.906500,0.906500,0.000000,,0,0,0,1,1,0,0.008463,-0.027177,0.7708,-0.0411,0.2667,2,ok
0,82,10.140000,-0.880569,-1.622957,-0.011384,-0.000457,-0.011384,1.958367,0.177431,0.410181,0.091892,-0.318289,0.699470,0.806500,0.107029,C-06,0,0,0,1,1,0,0.007455,-0.039629,0.7917,-0.0323,0.2677,2,ok
0,83,10.260000,-0.857261,-1.623220,-0.011491,-0.000720,-0.011491,1.981675,0.199430,-0.007996,-0.007996,0.000000,1.000000,0.906500,-0.093500,C-06,0,0,0,1,1,0,0.007374,-0.030084,0.7917,-0.0359,0.2663,2,ok
0,84,10.380000,-0.831424,-1.623462,-0.000581,-0.000962,-0.000581,2.007512,0.220008,0.178156,0.142004,-0.036151,1.000000,1.000000,0.000000,C-06,0,0,0,1,1,0,0.008259,-0.039534,0.7708,-0.0566,0.2669,2,ok
0,85,10.500000,-0.805024,-1.623474,-0.000617,-0.000974,-0.000617,2.033912,0.220000,-0.393333,-0.007996,0.385338,1.000000,1.000000,0.000000,C-06,0,0,0,1,1,0,0.008780,-0.022366,0.7292,-0.0520,0.2661,2,ok
0,86,10.620000,-0.778625,-1.623473,-0.013225,-0.000973,-0.013225,2.060311,0.219982,-0.237439,-0.157996,0.079443,1.000000,1.000000,0.000000,C-06,0,0,0,1,1,0,0.008934,-0.016942,0.7292,-0.0444,0.2666,2,ok
0,87,10.720000,-0.756630,-1.623472,-0.032264,-0.000972,-0.032264,2.082305,0.219893,-0.284065,-0.284065,0.000000,1.000000,1.000000,0.000000,,0,0,0,1,1,0,0.009159,-0.019947,0.7292,-0.0513,0.2667,2,ok
0,88,10.840000,-0.730250,-1.623820,-0.044222,-0.001320,-0.044222,2.108685,0.219830,0.708080,-0.134065,-0.842145,1.000000,1.000000,0.000000,C-06,0,0,0,1,1,0,0.006409,-0.064256,0.7083,-0.0605,0.2643,2,ok
0,89,10.960000,-0.703876,-1.624960,-0.043640,-0.002460,-0.043640,2.135059,0.220009,1.000000,0.015935,-0.984065,1.000000,1.000000,0.000000,C-06,0,0,0,1,1,0,0.003314,-0.076253,0.7500,-0.0352,0.2667,2,ok
0,90,11.080000,-0.677495,-1.626139,-0.030831,-0.003639,-0.030831,2.161440,0.220110,1.000000,0.165935,-0.834065,1.000000,1.000000,0.000000,C-06,0,0,0,1,1,0,0.002038,-0.082059,0.7708,-0.0450,0.2660,2,ok
0,91,11.200000,-0.651100,-1.627318,-0.005271,-0.004818,-0.005271,2.185235,0.220214,1.000000,0.315935,-0.684065,1.000000,1.000000,0.000000,C-06,0,0,0,1,1,0,0.001950,-0.072674,0.7500,-0.0370,0.2683,2,ok
0,92,11.300000,-0.629101,-1.628007,0.007330,-0.005507,0.007330,2.209835,0.220065,0.141799,0.165935,0.024135,1.000000,1.000000,0.000000,C-06,0,0,0,1,1,0,0.002761,-0.062696,0.7708,-0.0503,0.2665,2,ok
0,93,11.420000,-0.602702,-1.627898,0.009313,-0.005398,0.009313,2.235335,0.219995,-0.679277,0.015935,0.695212,1.000000,1.000000,0.000000,C-06,0,0,0,1,1,0,0.004685,-0.015109,0.7292,-0.0439,0.2673,2,ok
0,94,11.540000,-0.576302,-1.627717,-0.000980,-0.005217,-0.000980,2.262634,0.220005,-0.718667,-0.134065,0.584602,1.000000,1.000000,0.000000,C-06,0,0,0,1,1,0,0.005040,0.004868,0.7083,-0.0356,0.2656,2,ok
0,95,11.640000,-0.554303,-1.627565,-0.019989,-0.005065,-0.019989,2.284632,0.219966,-0.449163,-0.284065,0.165098,1.000000,1.000000,0.000000,C-06,0,0,0,1,1,0,0.004691,-0.014071,0.7083,-0.0395,0.2680,2,ok
0,96,11.760000,-0.527913,-1.627590,-0.031939,-0.005090,-0.031939,2.311023,0.219896,0.093875,-0.134065,-0.227940,1.000000,1.000000,0.000000,C-06,0,0,0,1,1,0,0.003016,-0.030809,0.6667,-0.0428,0.2665,2,ok
0,97,11.880000,-0.501526,-1.628404,-0.031457,-0.005904,-0.031457,2.335435,0.220007,1.000000,0.015935,-0.984065,1.000000,1.000000,0.000000,C-06,0,0,0,1,1,0,0.000497,-0.062997,0.7708,-0.0340,0.2668,2,ok
0,98,12.000000,-0.475135,-1.629263,-0.018649,-0.006763,-0.018649,2.363800,0.220075,1.000000,0.165935,-0.834065,1.000000,1.000000,0.000000,C-06,0,0,0,1,1,0,0.000497,-0.062997,0.7708,-0.0340,0.2668,2,ok
0,99,12.120000,-0.448736,-1.630122,0.006986,-0.007622,0.006986,2.390199,0.220113,1.000000,0.315935,-0.684065,1.000000,1.000000,0.000000,C-06,0,0,0,1,1,0,0.000812,-0.058651,0.7917,-0.0592,0.2666,2,ok
0,100,12.220000,-0.426739,-1.630535,0.019502,-0.008035,0.019502,2.412197,0.219978,-0.083522,0.165935,0.249457,1.000000,1.000000,0.000000,C-06,0,0,0,1,1,0,0.001842,-0.031960,0.7500,-0.0492,0.2668,2,ok
0,101,12.340000,-0.400344,-1.630107,0.021574,-0.007607,0.021574,2.435535,0.219987,-0.808530,0.015935,0.824465,1.000000,1.000000,0.000000,C-06,0,0,0,1,1,0,0.003968,0.008085,0.7500,-0.0422,0.2668,2,ok
0,102,12.460000,-0.373948,-1.629596,0.011256,-0.007096,0.011256,2.464987,0.220026,-0.669874,-0.134065,0.535809,1.000000,1.000000,0.000000,C-06,0,0,0,1,1,0,0.003968,0.008085,0.7500,-0.0422,0.2668,2,ok
0,103,12.580000,-0.347549,-1.629084,-0.011716,-0.006584,-0.011716,2.491387,0.220029,-0.510500,-0.284065,0.226435,1.000000,1.000000,0.000000,C-06,0,0,0,1,1,0,0.004261,0.001759,0.7083,-0.0425,0.2667,2,ok
0,104,12.700000,-0.321155,-1.628620,-0.030667,-0.006120,-0.030667,2.517780,0.219918,-0.222677,-0.222677,0.000000,1.000000,1.000000,0.000000,,0,0,0,1,1,0,0.004111,-0.011227,0.6875,-0.0538,0.2652,2,ok
0,105,12.800000,-0.299168,-1.629019,-0.036545,-0.006519,-0.036545,2.539768,0.219912,1.000000,-0.072677,-1.072677,1.000000,1.000000,0.000000,C-06,0,0,0,1,1,0,0.000187,-0.047494,0.7708,-0.0327,0.2668,2,ok
0,106,12.920000,-0.272783,-1.629971,-0.030942,-0.007471,-0.030942,2.566152,0.220042,1.000000,0.077323,-0.922677,1.000000,1.000000,0.000000,C-06,0,0,0,1,1,0,-0.000984,-0.071690,0.7917,-0.0412,0.2671,2,ok
0,107,13.040000,-0.246390,-1.630945,-0.012654,-0.008445,-0.012654,2.592545,0.220129,1.000000,0.227323,-0.772677,1.000000,1.000000,0.000000,C-06,0,0,0,1,1,0,-0.001847,-0.065742,0.7500,-0.0381,0.2669,2,ok
0,108,13.140000,-0.224391,-1.631756,0.012982,-0.009256,0.012982,2.614545,0.220135,0.457210,0.377323,-0.079888,1.000000,1.000000,0.000000,C-06,0,0,0,1,1,0,-0.000949,-0.043547,0.7500,-0.0415,0.2665,2,ok
0,109,13.260000,-0.197999,-1.632288,0.032865,-0.009788,0.032865,2.640937,0.219899,-0.552868,0.227323,0.780190,1.000000,1.000000,0.000000,C-06,0,0,0,1,1,0,0.001087,-0.013307,0.7292,-0.0445,0.2669,2,ok
0,110,13.380000,-0.171616,-1.631741,0.040021,-0.009241,0.040021,2.667319,0.219897,-1.000000,0.077323,1.077323,1.000000,1.000000,0.000000,C-06,0,0,0,1,1,0,0.003920,0.031895,0.7292,-0.0462,0.2667,2,ok
0,111,13.500000,-0.145235,-1.630694,0.034599,-0.008194,0.034599,2.693700,0.220045,-0.828026,-0.072677,0.755349,1.000000,1.000000,0.000000,C-06,0,0,0,1,1,0,0.005195,0.043306,0.7083,-0.0439,0.2671,2,ok
0,112,13.620000,-0.118844,-1.629631,0.016746,-0.007131,0.016746,2.720091,0.220144,-0.905864,-0.222677,0.683187,1.000000,1.000000,0.000000,C-06,0,0,0,1,1,0,0.006161,0.040694,0.6875,-0.0482,0.2664,2,ok
0,113,13.720000,-0.096846,-1.628746,0.003499,-0.006246,0.003499,2.742090,0.220173,-0.185831,-0.185831,0.000000,1.000000,1.000000,0.000000,,0,0,0,1,1,0,0.004636,0.015328,0.7708,-0.0345,0.2674,2,ok
0,114,13.840000,-0.071903,-1.628247,-0.005247,-0.005747,-0.005247,2.767032,0.207188,-0.098405,-0.098405,0.000000,0.941666,0.941666,0.000000,,0,0,0,1,1,0,0.004320,0.006943,0.7917,-0.0379,0.2668,2,ok
0,115,13.960000,-0.046609,-1.628350,-0.001785,-0.005850,-0.001785,2.792326,0.211189,0.501119,0.051595,-0.449524,0.959937,0.959937,0.000000,C-06,0,0,0,1,1,0,0.003132,-0.020070,0.7500,-0.0307,0.2673,2,ok
0,116,14.080000,-0.020358,-1.628472,0.014162,-0.005972,0.014162,2.818577,0.219983,0.393316,0.201595,-0.191721,1.000000,1.000000,0.000000,C-06,0,0,0,1,1,0,0.003488,-0.017945,0.7708,-0.0390,0.2669,2,ok
0,117,14.200000,0.006036,-1.628559,0.025417,-0.006059,0.025417,2.844972,0.219932,0.130700,0.130700,0.000000,1.000000,1.000000,0.000000,,0,0,0,1,1,0,0.004905,0.000861,0.7292,-0.0426,0.2668,2,ok
0,118,14.300000,0.028029,-1.628031,0.024922,-0.005531,0.024922,2.866965,0.220006,-0.366896,-0.019300,0.347596,1.000000,1.000000,0.000000,C-06,0,0,0,1,1,0,0.006657,0.010738,0.7292,-0.0504,0.2678,2,ok
0,119,14.420000,0.054424,-1.627344,0.011669,-0.004844,0.011669,2.893360,0.220058,-0.640800,-0.169300,0.471500,1.000000,1.000000,0.000000,C-06,0,0,0,1,1,0,0.007498,0.014767,0.7083,-0.0547,0.2686,2,ok
0,120,14.540000,0.080823,-1.626658,-0.014375,-0.004158,-0.014375,2.919759,0.220055,-0.332878,-0.319300,0.013578,1.000000,1.000000,0.000000,C-06,0,0,0,1,1,0,0.006651,-0.000457,0.7083,-0.0426,0.2687,2,ok
0,121,14.640000,0.102819,-1.626400,-0.026960,-0.003900,-0.026960,2.941754,0.219927,0.320618,-0.169300,-0.489918,1.000000,1.000000,0.000000,C-06,0,0,0,1,1,0,0.004479,-0.021064,0.7708,-0.0356,0.2666,2,ok
0,122,14.760000,0.129208,-1.627012,-0.029303,-0.004512,-0.029303,2.968143,0.219978,1.000000,-0.019300,-1.019300,1.000000,1.000000,0.000000,C-06,0,0,0,1,1,0,0.003260,-0.055775,0.8125,-0.0476,0.2676,2,ok
0,123,14.880000,0.155600,-1.627734,-0.019311,-0.005234,-0.019311,2.994535,0.220040,1.000000,0.130700,-0.869300,1.000000,1.000000,0.000000,C-06,0,0,0,1,1,0,0.001447,-0.067314,0.7500,-0.0319,0.2682,2,ok
0,124,15.000000,0.181998,-1.628458,0.003334,-0.005958,0.003334,3.020933,0.220082,1.000000,0.280700,-0.719300,1.000000,1.000000,0.000000,C-06,0,0,0,1,1,0,0.001571,-0.058070,0.7708,-0.0406,0.2669,2,ok
0,125,15.120000,0.208397,-1.628876,0.015241,-0.006376,0.015241,3.047332,0.219987,-0.539888,0.130700,0.670588,1.000000,1.000000,0.000000,C-06,0,0,0,1,1,0,0.002260,-0.023511,0.7083,-0.0080,0.2681,2,ok
0,126,15.220000,0.230394,-1.628571,0.014743,-0.006071,0.014743,3.069330,0.220004,-0.651366,-0.019300,0.632066,1.000000,1.000000,0.000000,C-06,0,0,0,1,1,0,0.005294,0.002333,0.7083,-0.0451,0.2666,2,ok
0,127,15.340000,0.256793,-1.628151,0.001399,-0.005651,0.001399,3.095728,0.220027,-0.817071,-0.169300,0.647771,1.000000,1.000000,0.000000,C-06,0,0,0,1,1,0,0.005451,0.010617,0.7083,-0.0428,0.2660,2,ok
0,128,15.460000,0.281517,-1.627705,-0.023701,-0.005205,-0.023701,3.120453,0.204282,-0.547246,-0.319300,0.227946,0.928636,0.928636,0.000000,C-06,0,0,0,1,1,0,0.004675,-0.008614,0.7083,-0.0416,0.2675,2,ok
0,129,15.580000,0.307569,-1.627678,-0.038542,-0.005178,-0.038542,3.146505,0.219847,1.000000,-0.169300,-1.169300,1.000000,1.000000,0.000000,C-06,0,0,0,1,1,0,0.001989,-0.051131,0.7917,-0.0484,0.2667,2,ok
0,130,15.700000,0.333948,-1.628601,-0.040763,-0.006101,-0.040763,3.172884,0.219969,1.000000,-0.019300,-1.019300,1.000000,1.000000,0.000000,C-06,0,0,0,1,1,0,0.000988,-0.060931,0.7917,-0.0458,0.2666,2,ok
0,131,15.800000,0.355933,-1.629459,-0.032760,-0.006959,-0.032760,3.194868,0.220047,1.000000,0.130700,-0.869300,1.000000,1.000000,0.000000,C-06,0,0,0,1,1,0,-0.000876,-0.075937,0.7500,-0.0511,0.2652,2,ok
0,132,15.920000,0.382326,-1.630492,-0.010314,-0.007992,-0.010314,3.221261,0.220154,1.000000,0.280700,-0.719300,1.000000,1.000000,0.000000,C-06,0,0,0,1,1,0,-0.000876,-0.075937,0.7500,-0.0511,0.2652,2,ok
0,133,16.040000,0.408725,-1.631271,0.001525,-0.008771,0.001525,3.247661,0.220064,-0.328351,0.130700,0.459051,1.000000,1.000000,0.000000,C-06,0,0,0,1,1,0,-0.000071,-0.036983,0.7500,-0.0389,0.2665,2,ok
0,134,16.140000,0.430725,-1.631263,0.000916,-0.008763,0.000916,3.269661,0.220000,-0.179387,-0.019300,0.160087,1.000000,1.000000,0.000000,C-06,0,0,0,1,1,0,0.000701,-0.021277,0.7083,-0.0373,0.2681,2,ok
0,135,16.260000,0.457125,-1.631206,-0.012446,-0.008706,-0.012446,3.296060,0.219985,-0.357564,-0.169300,0.188265,1.000000,1.000000,0.000000,C-06,0,0,0,1,1,0,0.001385,-0.015446,0.7292,-0.0525,0.2656,2,ok
0,136,16.380000,0.483522,-1.631460,-0.014811,-0.008960,-0.014811,3.322458,0.219990,0.125604,-0.019300,-0.144904,1.000000,1.000000,0.000000,C-06,0,0,0,1,1,0,-0.000150,-0.038227,0.7083,-0.0456,0.2674,2,ok
0,137,16.480000,0.505521,-1.631736,-0.006568,-0.009236,-0.006568,3.344456,0.220012,0.568623,0.130700,-0.437923,1.000000,1.000000,0.000000,C-06,0,0,0,1,1,0,-0.001110,-0.039207,0.7917,-0.0403,0.2667,2,ok
0,138,16.600000,0.531920,-1.632070,0.016104,-0.009570,0.016104,3.370855,0.219993,0.951036,0.280700,-0.670336,1.000000,1.000000,0.000000,C-06,0,0,0,1,1,0,-0.001060,-0.029398,0.7708,-0.0358,0.2673,2,ok
0,139,16.720000,0.558313,-1.632142,0.027805,-0.009642,0.027805,3.397249,0.219919,-0.163775,0.130700,0.294475,1.000000,1.000000,0.000000,C-06,0,0,0,1,1,0,0.000633,-0.003142,0.7500,-0.0319,0.2671,2,ok
0,140,16.820000,0.580305,-1.631558,0.027207,-0.009058,0.027207,3.419240,0.220006,-0.983371,-0.019300,0.964071,1.000000,1.000000,0.000000,C-06,0,0,0,1,1,0,0.003540,0.022596,0.7708,-0.0489,0.2668,2,ok
0,141,16.920000,0.602299,-1.630935,0.016137,-0.008435,0.016137,3.441235,0.220057,-0.905371,-0.169300,0.736071,1.000000,1.000000,0.000000,C-06,0,0,0,1,1,0,0.004336,0.022072,0.7292,-0.0542,0.2674,2,ok
0,142,17.040000,0.628698,-1.630189,-0.009902,-0.007689,-0.009902,3.467634,0.220080,-0.320646,-0.319300,0.001346,1.000000,1.000000,0.000000,C-06,0,0,0,1,1,0,0.003684,0.012718,0.7292,-0.0521,0.2658,2,ok
0,143,17.140000,0.650695,-1.629833,-0.022522,-0.007333,-0.022522,3.486835,0.219959,-0.156059,-0.169300,-0.013241,1.000000,1.000000,0.000000,C-06,0,0,0,1,1,0,0.001615,-0.020669,0.7083,-0.0400,0.2675,2,ok
0,144,17.260000,0.677087,-1.630328,-0.024871,-0.007828,-0.024871,3.516023,0.219982,1.000000,-0.019300,-1.019300,1.000000,1.000000,0.000000,C-06,0,0,0,1,1,0,0.000631,-0.047020,0.7292,-0.0566,0.2663,2,ok
0,145,17.380000,0.703482,-1.630930,-0.014850,-0.008430,-0.014850,3.542417,0.220032,1.000000,0.130700,-0.869300,1.000000,1.000000,0.000000,C-06,0,0,0,1,1,0,0.000343,-0.058295,0.7500,-0.0600,0.2652,2,ok
0,146,17.480000,0.725481,-1.631435,0.004082,-0.008935,0.004082,3.564417,0.220057,1.000000,0.280700,-0.719300,1.000000,1.000000,0.000000,C-06,0,0,0,1,1,0,-0.000723,-0.046365,0.7917,-0.0411,0.2666,2,ok
0,147,17.600000,0.751878,-1.632012,0.021600,-0.009512,0.021600,3.590814,0.219986,0.202792,0.202792,0.000000,1.000000,1.000000,0.000000,,0,0,0,1,1,0,-0.000134,-0.039463,0.7917,-0.0444,0.2674,2,ok
0,148,17.720000,0.778270,-1.631675,0.026860,-0.009175,0.026860,3.617206,0.219953,-0.526143,0.052792,0.578936,1.000000,1.000000,0.000000,C-06,0,0,0,1,1,0,0.002169,0.004686,0.7500,-0.0382,0.2673,2,ok
0,149,17.820000,0.800264,-1.631105,0.020846,-0.008605,0.020846,3.636935,0.220028,-0.911965,-0.097208,0.814757,1.000000,1.000000,0.000000,C-06,0,0,0,1,1,0,0.003208,0.027416,0.7292,-0.0296,0.2667,2,ok
0,150,17.920000,0.822262,-1.630522,0.004451,-0.008022,0.004451,3.661197,0.220074,-0.601756,-0.247208,0.354549,1.000000,1.000000,0.000000,C-06,0,0,0,1,1,0,0.003442,0.018494,0.7083,-0.0328,0.2665,2,ok
0,151,18.040000,0.848660,-1.629823,-0.023653,-0.007323,-0.023653,3.687035,0.220022,-0.340192,-0.340192,0.000000,1.000000,1.000000,0.000000,,0,0,0,1,1,0,0.003261,0.005595,0.6875,-0.0400,0.2668,2,ok
0,152,18.140000,0.870649,-1.629694,-0.037716,-0.007194,-0.037716,3.709584,0.219850,1.000000,-0.190192,-1.190192,1.000000,1.000000,0.000000,C-06,0,0,0,1,1,0,-0.000309,-0.035978,0.6458,-0.0255,0.2678,2,ok
0,153,18.260000,0.897028,-1.630508,-0.041877,-0.008008,-0.041877,3.735963,0.219938,1.000000,-0.040192,-1.040192,1.000000,1.000000,0.000000,C-06,0,0,0,1,1,0,-0.001255,-0.054288,0.7083,-0.0321,0.2668,2,ok
0,154,18.380000,0.923408,-1.631585,-0.033659,-0.009085,-0.033659,3.762344,0.220059,1.000000,0.109808,-0.890192,1.000000,1.000000,0.000000,C-06,0,0,0,1,1,0,-0.002336,-0.100297,0.7500,-0.0759,0.2668,2,ok
0,155,18.480000,0.945401,-1.632490,-0.016524,-0.009990,-0.016524,3.784336,0.220152,1.000000,0.259808,-0.740192,1.000000,1.000000,0.000000,C-06,0,0,0,1,1,0,-0.003825,-0.066611,0.7083,-0.0450,0.2643,2,ok
0,156,18.600000,0.971800,-1.633577,0.003935,-0.011077,0.003935,3.810735,0.220185,0.240695,0.240695,0.000000,1.000000,1.000000,0.000000,,0,0,0,1,1,0,-0.000561,-0.088418,0.7500,-0.1162,0.2682,2,ok
0,157,18.720000,0.998199,-1.633856,0.012357,-0.011356,0.012357,3.837134,0.219987,-0.175037,0.090695,0.265732,1.000000,1.000000,0.000000,C-06,0,0,0,1,1,0,0.000354,-0.058098,0.7083,-0.1159,0.2701,2,ok
0,158,18.820000,1.020197,-1.633609,0.009097,-0.011109,0.009097,3.859133,0.220008,-0.353851,-0.059305,0.294546,1.000000,1.000000,0.000000,C-06,0,0,0,1,1,0,0.002730,-0.060690,0.6875,-0.1613,0.2712,2,ok
0,159,18.920000,1.042197,-1.633330,-0.004720,-0.010830,-0.004720,3.881133,0.220016,-0.505239,-0.209305,0.295934,1.000000,1.000000,0.000000,C-06,0,0,0,1,1,0,0.002669,-0.049995,0.6667,-0.1752,0.2698,2,ok
0,160,19.040000,1.068596,-1.633229,-0.010484,-0.010729,-0.010484,3.907532,0.219989,0.030504,-0.059305,-0.089810,1.000000,1.000000,0.000000,C-06,0,0,0,1,1,0,0.002258,-0.053589,0.6458,-0.1863,0.2700,2,ok
0,161,19.140000,1.090596,-1.633439,-0.004958,-0.010939,-0.004958,3.929531,0.220009,0.303847,0.090695,-0.213152,1.000000,1.000000,0.000000,C-06,0,0,0,1,1,0,0.002941,-0.076114,0.6667,-0.2440,0.2641,2,ok
0,162,19.260000,1.116995,-1.633710,0.014339,-0.011210,0.014339,3.955930,0.219992,0.776542,0.240695,-0.535847,1.000000,1.000000,0.000000,C-06,0,0,0,1,1,0,0.000601,-0.086377,0.7500,-0.2435,0.2650,2,ok
0,163,19.380000,1.143389,-1.633823,0.025739,-0.011323,0.025739,3.982325,0.219930,0.129515,0.129515,0.000000,1.000000,1.000000,0.000000,,0,0,0,1,1,0,0.000891,-0.030780,0.7292,-0.2198,0.2643,2,ok
0,164,19.480000,1.165382,-1.633287,0.025163,-0.010787,0.025163,4.004317,0.220006,-0.785789,-0.020485,0.765304,1.000000,1.000000,0.000000,C-06,0,0,0,1,1,0,0.001463,-0.009221,0.7500,-0.2307,0.2640,2,ok
0,165,19.600000,1.191777,-1.632593,0.011918,-0.010093,0.011918,4.030712,0.220059,-0.843974,-0.170485,0.673490,1.000000,1.000000,0.000000,C-06,0,0,0,1,1,0,0.001381,0.007059,0.7292,-0.2300,0.2667,2,ok
0,166,19.720000,1.218176,-1.631898,-0.014122,-0.009398,-0.014122,4.057112,0.220058,-0.349231,-0.320485,0.028746,1.000000,1.000000,0.000000,C-06,0,0,0,1,1,0,0.001381,0.007059,0.7292,-0.2300,0.2667,2,ok
0,167,19.820000,1.240171,-1.631631,-0.026791,-0.009131,-0.026791,4.079107,0.219929,0.111157,-0.170485,-0.281642,1.000000,1.000000,0.000000,C-06,0,0,0,1,1,0,-0.005205,0.004179,0.6667,-0.1534,0.2644,2,ok
0,168,19.920000,1.262162,-1.632119,-0.029053,-0.009619,-0.029053,4.101098,0.219977,1.000000,-0.020485,-1.020485,1.000000,1.000000,0.000000,C-06,0,0,0,1,1,0,-0.008262,-0.001704,0.6250,-0.1223,0.2707,2,ok
0,169,20.040000,1.288554,-1.632835,-0.019261,-0.010335,-0.019261,4.127490,0.220039,1.000000,0.129515,-0.870485,1.000000,1.000000,0.000000,C-06,0,0,0,1,1,0,-0.008094,-0.001163,0.6875,-0.1133,0.2683,2,ok
0,170,20.140000,1.310553,-1.633435,-0.000564,-0.010935,0.001494,4.149488,0.220081,0.898678,0.279515,-0.619163,1.000000,1.000000,0.000000,C-06,0,0,0,1,1,0,-0.008347,0.003522,0.7292,-0.1204,0.2669,2,ok
0,171,20.260000,1.336952,-1.633947,0.011168,-0.011447,0.013226,4.175888,0.220009,-0.043506,0.129515,0.173021,1.000000,1.000000,0.000000,C-06,0,0,0,1,1,0,-0.006609,0.051248,0.7500,-0.0918,0.2662,2,ok
0,172,20.380000,1.363351,-1.633676,0.010193,-0.011176,0.016382,4.202286,0.220004,-0.965774,-0.020485,0.945289,1.000000,1.000000,0.000000,C-06,0,0,0,1,1,0,-0.004042,0.099999,0.7500,-0.0917,0.2657,2,ok
0,173,20.480000,1.385350,-1.633417,-0.001087,-0.010917,0.005102,4.224286,0.220015,-0.817078,-0.170485,0.646593,1.000000,1.000000,0.000000,C-06,0,0,0,1,1,0,-0.004111,0.109929,0.7500,-0.0466,0.2671,2,ok
0,174,20.600000,1.411747,-1.633108,-0.026994,-0.010468,-0.012958,4.250791,0.219942,-0.389555,-0.320485,0.069070,1.000000,1.000000,0.000000,C-06,0,0,0,1,1,0,-0.004310,0.110982,0.6875,-0.0324,0.2685,2,ok
0,175,20.720000,1.438131,-1.633175,-0.042005,-0.010263,-0.027969,4.277174,0.219823,0.049970,-0.170485,-0.220455,1.000000,1.000000,0.000000,C-06,0,0,0,1,1,0,-0.006539,0.098265,0.6875,0.0112,0.2682,2,ok
0,176,20.820000,1.460107,-1.633701,-0.050351,-0.010424,-0.026915,4.299263,0.219814,-0.117874,-0.117874,0.000000,1.000000,1.000000,0.000000,,0,0,0,1,1,0,-0.007283,0.072476,0.6458,0.0227,0.2658,2,ok
0,177,20.920000,1.482080,-1.634777,-0.048895,-0.011046,-0.025458,4.321253,0.220016,0.395933,0.032126,-0.363806,1.000000,1.000000,0.000000,C-06,0,0,0,1,1,0,-0.007283,0.072476,0.6458,0.0227,0.2658,2,ok
0,178,21.040000,1.508456,-1.636109,-0.034683,-0.011580,0.000146,4.347869,0.220142,0.421469,0.182126,-0.239343,1.000000,1.000000,0.000000,C-06,0,0,0,1,1,0,-0.008464,0.074144,0.7500,0.0734,0.2658,2,ok
0,179,21.140000,1.530249,-1.636974,-0.031726,-0.011589,0.003104,4.369679,0.217943,-0.122697,0.032126,0.154823,0.990441,0.990441,0.000000,C-06,0,0,0,1,1,0,-0.005075,0.074683,0.7292,0.0351,0.2634,2,ok
0,180,21.260000,1.556608,-1.637847,-0.040585,-0.011322,0.004849,4.396141,0.219941,-0.575746,-0.117874,0.457872,1.000000,1.000000,0.000000,C-06,0,0,0,1,1,0,-0.002519,0.078566,0.7083,0.0208,0.2638,2,ok
0,181,21.380000,1.582974,-1.638713,-0.061541,-0.010949,-0.016107,4.422518,0.219716,-0.576813,-0.267874,0.308939,1.000000,1.000000,0.000000,C-06,0,0,0,1,1,0,0.000126,0.058469,0.7083,-0.0473,0.2624,2,ok
0,182,21.480000,1.604926,-1.639682,-0.070104,-0.010756,-0.014252,4.444599,0.219722,-0.120118,-0.120118,0.000000,1.000000,1.000000,0.000000,,0,0,0,1,1,0,-0.005428,0.059442,0.6875,0.0903,0.2676,2,ok
0,183,21.600000,1.631262,-1.641500,-0.068309,-0.011072,-0.012458,4.470996,0.220024,0.112721,0.029882,-0.082839,1.000000,1.000000,0.000000,C-06,0,0,0,1,1,0,-0.005886,0.031280,0.6667,0.1017,0.2716,2,ok
0,184,21.720000,1.657611,-1.643347,-0.054667,-0.011309,0.007857,4.497480,0.220201,1.000000,0.179882,-0.820118,1.000000,1.000000,0.000000,C-06,0,0,0,1,1,0,-0.004121,0.030186,0.6250,0.0587,0.2666,2,ok
0,185,21.820000,1.679580,-1.644647,-0.051904,-0.011217,0.010620,4.519487,0.220066,-0.297403,0.029882,0.327285,1.000000,1.000000,0.000000,C-06,0,0,0,1,1,0,-0.006772,0.073378,0.7083,0.1464,0.2679,2,ok
0,186,21.920000,1.701547,-1.645817,-0.059213,-0.010883,0.009573,4.541587,0.219928,-0.380211,-0.120118,0.260093,1.000000,1.000000,0.000000,C-06,0,0,0,1,1,0,-0.003396,0.096735,0.7917,0.1231,0.2631,2,ok
0,187,22.040000,1.727883,-1.647213,-0.080197,-0.010361,-0.011411,4.567955,0.219618,-0.522361,-0.270118,0.252243,1.000000,1.000000,0.000000,C-06,0,0,0,1,1,0,-0.004522,0.083565,0.7500,0.1586,0.2657,2,ok
0,188,22.140000,1.749802,-1.648492,-0.091301,-0.010046,-0.018308,4.589907,0.219535,-0.158085,-0.158085,0.000000,1.000000,1.000000,0.000000,,0,0,0,1,1,0,-0.007922,0.080303,0.7292,0.2330,0.2638,2,ok
0,189,22.260000,1.776089,-1.650848,-0.092648,-0.010489,-0.019656,4.616296,0.219972,1.000000,-0.008085,-1.008085,1.000000,1.000000,0.000000,C-06,0,0,0,1,1,0,-0.007970,0.048407,0.7500,0.2251,0.2662,2,ok
0,190,22.380000,1.802388,-1.653263,-0.081972,-0.010911,-0.006073,4.642763,0.220174,1.000000,0.141915,-0.858085,1.000000,1.000000,0.000000,C-06,0,0,0,1,1,0,-0.008239,0.034866,0.7292,0.2400,0.2667,2,ok
0,191,22.480000,1.824329,-1.655276,-0.063200,-0.011201,0.012700,4.664794,0.220466,0.341119,0.291915,-0.049204,1.000000,1.000000,0.000000,C-06,0,0,0,1,1,0,-0.006373,0.032892,0.6875,0.2249,0.2671,2,ok
0,192,22.600000,1.850686,-1.657458,-0.050755,-0.011318,0.026071,4.691238,0.220366,-0.035854,0.141915,0.177769,1.000000,1.000000,0.000000,C-06,0,0,0,1,1,0,-0.004479,0.054916,0.6875,0.2309,0.2679,2,ok
0,193,22.720000,1.877053,-1.658826,-0.050592,-0.010627,0.026234,4.717631,0.219995,-0.345575,-0.008085,0.337490,1.000000,1.000000,0.000000,C-06,0,0,0,1,1,0,-0.002881,0.069182,0.6667,0.2287,0.2653,2,ok
0,194,22.820000,1.899020,-1.659927,-0.060347,-0.010015,0.016220,4.739616,0.219883,-0.570302,-0.158085,0.412217,1.000000,1.000000,0.000000,C-06,0,0,0,1,1,0,-0.000950,0.065791,0.7708,0.2488,0.2683,2,ok
0,195,22.920000,1.920966,-1.661029,-0.080240,-0.009407,-0.003673,4.761581,0.219588,-0.344845,-0.308085,0.036760,1.000000,1.000000,0.000000,C-06,0,0,0,1,1,0,-0.001257,0.066456,0.7708,0.2542,0.2661,2,ok
0,196,23.040000,1.947265,-1.662594,-0.093635,-0.008927,-0.019337,4.787918,0.219522,0.009929,-0.158085,-0.168014,1.000000,1.000000,0.000000,C-06,0,0,0,1,1,0,-0.002119,0.007839,0.7292,0.2432,0.2660,2,ok
0,197,23.140000,1.969167,-1.664601,-0.094873,-0.009234,-0.020575,4.809909,0.219971,1.000000,-0.008085,-1.008085,1.000000,1.000000,0.000000,C-06,0,0,0,1,1,0,-0.003193,-0.021316,0.7083,0.2324,0.2633,2,ok
0,198,23.260000,1.995459,-1.667076,-0.084412,-0.009711,-0.013572,4.836256,0.220175,1.000000,0.141915,-0.858085,1.000000,1.000000,0.000000,C-06,0,0,0,1,1,0,-0.001143,-0.030879,0.6667,0.1492,0.2581,2,ok
0,199,23.380000,2.021766,-1.669304,-0.084252,-0.010059,-0.013412,4.862655,0.219993,-0.027720,-0.008085,0.019635,1.000000,1.000000,0.000000,C-06,0,0,0,1,1,0,-0.009431,0.034916,0.6875,0.4014,0.2690,2,ok
0,200,23.480000,2.043695,-1.671146,-0.075634,-0.010355,-0.009764,4.884614,0.220135,0.288585,0.141915,-0.146670,1.000000,1.000000,0.000000,C-06,0,0,0,1,1,0,-0.011653,0.036271,0.6458,0.4658,0.2715,2,ok
0,201,23.600000,2.070039,-1.673357,-0.052801,-0.010798,0.013070,4.911047,0.220452,0.552967,0.291915,-0.261053,1.000000,1.000000,0.000000,C-06,0,0,0,1,1,0,-0.012309,0.073780,0.6875,0.5098,0.2735,2,ok
0,202,23.720000,2.095091,-1.675589,-0.020068,-0.011383,0.038865,4.936121,0.208220,0.412291,0.412291,0.000000,0.942888,0.942888,0.000000,,0,0,0,1,1,0,-0.008826,0.039329,0.7500,0.4830,0.2664,2,ok
0,203,23.820000,2.116858,-1.676941,-0.000847,-0.011412,0.058086,4.957930,0.220302,-0.088453,0.262291,0.350744,1.000000,1.000000,0.000000,C-06,0,0,0,1,1,0,-0.006970,0.131508,0.7500,0.5620,0.2673,2,ok
0,204,23.920000,2.138858,-1.677378,0.007849,-0.010513,0.066783,4.979916,0.220016,-0.310615,0.112291,0.422906,1.000000,1.000000,0.000000,C-06,0,0,0,1,1,0,-0.003069,0.113392,0.7708,0.5266,0.2672,2,ok
0,205,24.040000,2.165257,-1.677192,0.005433,-0.008914,0.055917,5.006187,0.220004,-0.759373,-0.037709,0.721664,1.000000,1.000000,0.000000,C-06,0,0,0,1,1,0,-0.002303,0.122688,0.7500,0.5448,0.2656,2,ok
0,206,24.140000,2.187257,-1.677009,-0.006863,-0.007566,0.043621,5.028147,0.220003,-0.968051,-0.187709,0.780342,1.000000,1.000000,0.000000,C-06,0,0,0,1,1,0,-0.002766,0.193193,0.7292,0.6279,0.2692,2,ok
0,207,24.260000,2.213648,-1.677047,-0.010795,-0.006430,0.029765,5.054437,0.219914,0.076415,-0.037709,-0.114124,0.999659,0.999659,0.000000,C-06,0,0,0,1,1,0,-0.002324,0.093667,0.7500,0.6593,0.2710,2,ok
0,208,24.380000,2.240046,-1.677290,-0.002098,-0.005545,0.038461,5.080822,0.220009,0.610327,0.112291,-0.498036,1.000000,1.000000,0.000000,C-06,0,0,0,1,1,0,0.000145,0.084379,0.7083,0.6241,0.2667,2,ok
0,209,24.480000,2.262045,-1.677498,0.015527,-0.005066,0.043562,5.102743,0.219987,1.000000,0.262291,-0.737709,1.000000,1.000000,0.000000,C-06,0,0,0,1,1,0,-0.001442,0.055110,0.6667,0.7154,0.2706,2,ok
0,210,24.600000,2.288431,-1.677748,0.048855,-0.004549,0.076891,5.129124,0.219764,0.704370,0.412291,-0.292079,1.000000,1.000000,0.000000,C-06,0,0,0,1,1,0,0.000756,0.179310,0.7292,0.7249,0.2705,2,ok
0,211,24.720000,2.313422,-1.677698,0.074959,-0.003985,0.088221,5.154058,0.207534,0.316534,0.316534,0.000000,0.945813,0.945813,0.000000,,0,0,0,1,1,0,0.001319,0.068785,0.7292,0.7440,0.2677,2,ok
0,212,24.820000,2.335138,-1.676619,0.086871,-0.002529,0.100134,5.175752,0.219541,0.126589,0.166534,0.039945,1.000000,1.000000,0.000000,C-06,0,0,0,1,1,0,0.007911,0.098531,0.7500,0.7661,0.2677,2,ok
0,213,24.920000,2.357053,-1.674784,0.088581,-0.000502,0.084632,5.197624,0.219945,-0.645887,0.016534,0.662420,1.000000,1.000000,0.000000,C-06,0,0,0,1,1,0,0.009958,0.099788,0.7292,0.7928,0.2666,2,ok
0,214,25.040000,2.383360,-1.672473,0.078844,0.001758,0.074894,5.223935,0.220154,-0.526432,-0.133466,0.392966,1.000000,1.000000,0.000000,C-06,0,0,0,1,1,0,0.015195,0.068265,0.7708,0.7057,0.2651,2,ok
0,215,25.140000,2.405305,-1.670544,0.060505,0.003536,0.037255,5.245952,0.220428,-0.311868,-0.283466,0.028401,1.000000,1.000000,0.000000,C-06,0,0,0,1,1,0,0.012888,0.108194,0.7083,0.8009,0.2653,2,ok
0,216,25.260000,2.430392,-1.668216,0.038976,0.005340,0.015726,5.271082,0.209066,-0.262928,-0.262928,0.000000,0.947115,0.947115,0.000000,,0,0,0,1,1,0,0.013470,0.053032,0.7292,0.7800,0.2637,2,ok
0,217,25.380000,2.455090,-1.666785,0.028844,0.006255,0.005595,5.292883,0.205966,0.021669,-0.112928,-0.134597,0.935353,0.935353,0.000000,C-06,0,0,0,1,1,0,0.013171,-0.105216,0.6667,0.7501,0.2667,2,ok
0,218,25.480000,2.476500,-1.666148,0.030545,0.005897,-0.016290,5.317362,0.215935,0.942145,0.037072,-0.905074,0.981591,0.981591,0.000000,C-06,0,0,0,1,1,0,0.013203,-0.091193,0.6875,0.7267,0.2630,2,ok
0,219,25.600000,2.500996,-1.665446,0.044581,0.005535,-0.002254,5.341866,0.202870,0.932224,0.187072,-0.745153,0.922641,0.922641,0.000000,C-06,0,0,0,1,1,0,0.012859,-0.197627,0.7083,0.7268,0.2674,2,ok
0,220,25.720000,2.523931,-1.664768,0.070477,0.004763,-0.001711,5.364928,0.189532,0.653655,0.337072,-0.316583,0.863194,0.863194,0.000000,C-06,0,0,0,1,1,0,0.010465,-0.211962,0.7708,0.7465,0.2657,2,ok
0,221,25.820000,2.544393,-1.664181,0.101891,0.003970,0.029703,5.385383,0.210926,1.000000,0.487072,-0.512928,1.000000,0.963194,-0.036806,C-06,0,0,0,1,1,0,0.011352,-0.241934,0.7500,0.7353,0.2686,2,ok
0,222,25.920000,2.566099,-1.663546,0.142475,0.002882,0.039823,5.407182,0.217986,1.000000,0.637072,-0.362928,1.000000,1.000000,0.000000,C-06,0,0,0,1,1,0,0.012978,-0.239805,0.7292,0.6863,0.2662,2,ok
0,223,26.040000,2.592152,-1.661369,0.180614,0.002432,0.077962,5.433323,0.217678,-0.967550,0.487072,1.454622,1.000000,1.000000,0.000000,C-06,0,0,0,1,1,0,0.017802,-0.198757,0.7292,0.5848,0.2646,2,ok
0,224,26.140000,2.613748,-1.658331,0.202429,0.003286,0.099777,5.453126,0.218075,-0.952210,0.337072,1.289281,1.000000,1.000000,0.000000,C-06,0,0,0,1,1,0,0.017300,-0.075716,0.7292,0.6334,0.2681,2,ok
0,225,26.260000,2.639569,-1.653582,0.216888,0.004626,0.080816,5.481423,0.218806,-0.749565,0.187072,0.936637,1.000000,1.000000,0.000000,C-06,0,0,0,1,1,0,0.018381,-0.115199,0.6875,0.6250,0.2680,2,ok
0,226,26.380000,2.665339,-1.648023,0.220272,0.006831,0.084200,5.507677,0.219749,-0.161122,0.037072,0.198194,1.000000,1.000000,0.000000,C-06,0,0,0,1,1,0,0.019772,-0.101951,0.6875,0.5927,0.2663,2,ok
0,227,26.480000,2.686784,-1.643302,0.230821,0.007779,0.055523,5.529935,0.219344,0.225158,0.187072,-0.038087,1.000000,1.000000,0.000000,C-06,0,0,0,1,1,0,0.019289,-0.044526,0.6458,0.6024,0.2622,2,ok
0,228,26.600000,2.712412,-1.637633,0.254574,0.008946,0.079276,5.556157,0.218147,0.578291,0.337072,-0.241219,1.000000,1.000000,0.000000,C-06,0,0,0,1,1,0,0.019062,-0.090185,0.6875,0.5951,0.2640,2,ok
0,229,26.720000,2.737897,-1.631645,0.273371,0.009720,0.056592,5.582668,0.218138,0.258366,0.258366,0.000000,1.000000,1.000000,0.000000,,0,0,0,1,1,0,0.017114,-0.099675,0.7292,0.6384,0.2668,2,ok
0,230,26.820000,2.759057,-1.625961,0.280433,0.010857,0.063655,5.604549,0.219181,-0.182040,0.108366,0.290406,1.000000,1.000000,0.000000,C-06,0,0,0,1,1,0,0.020667,-0.142700,0.7708,0.5644,0.2649,2,ok
0,231,26.920000,2.780201,-1.619889,0.278698,0.011927,0.018871,5.627140,0.220116,-0.057488,-0.041634,0.015854,1.000000,1.000000,0.000000,C-06,0,0,0,1,1,0,0.019390,-0.148808,0.7292,0.5992,0.2673,2,ok
0,232,27.040000,2.805221,-1.612728,0.283745,0.012322,0.023919,5.653162,0.216432,0.080436,0.080436,0.000000,0.985090,0.985090,0.000000,,0,0,0,1,1,0,0.020505,-0.174795,0.7292,0.5283,0.2623,2,ok
0,233,27.140000,2.826267,-1.606758,0.296480,0.012602,0.036653,5.674363,0.218757,0.403456,0.230436,-0.173020,1.000000,1.000000,0.000000,C-06,0,0,0,1,1,0,0.017635,-0.076285,0.7292,0.5911,0.2679,2,ok
0,234,27.260000,2.851417,-1.599592,0.322203,0.011765,0.021115,5.701734,0.217150,0.632148,0.380436,-0.251712,1.000000,1.000000,0.000000,C-06,0,0,0,1,1,0,0.017045,-0.125236,0.7083,0.5804,0.2688,2,ok
0,235,27.380000,2.876386,-1.591739,0.338680,0.011679,0.037592,5.727908,0.218193,0.171530,0.230436,0.058906,1.000000,1.000000,0.000000,C-06,0,0,0,1,1,0,0.017368,-0.095234,0.7083,0.5627,0.2683,2,ok
0,236,27.480000,2.897115,-1.584593,0.343867,0.011466,0.002394,5.750254,0.219353,0.048934,0.080436,0.031502,1.000000,1.000000,0.000000,C-06,0,0,0,1,1,0,0.017522,-0.035235,0.6458,0.5614,0.2663,2,ok
0,237,27.600000,2.920700,-1.576154,0.339722,0.011459,-0.001750,5.775303,0.208218,-0.234561,-0.069564,0.164998,0.945104,0.945104,0.000000,C-06,0,0,0,1,1,0,0.017964,-0.138659,0.7083,0.5295,0.2662,2,ok
0,238,27.720000,2.944480,-1.567816,0.344489,0.010688,-0.033020,5.800893,0.210024,0.407648,0.080436,-0.327212,0.957132,0.957132,0.000000,C-06,0,0,0,1,1,0,0.015374,-0.208578,0.7708,0.5347,0.2663,2,ok
0,239,27.820000,2.963063,-1.561159,0.356402,0.009987,-0.021107,5.820620,0.195496,0.819127,0.230436,-0.588691,0.891716,0.891716,0.000000,C-06,0,0,0,1,1,0,0.010834,-0.177311,0.7500,0.5633,0.2688,2,ok
0,240,27.920000,2.979572,-1.554978,0.376176,0.009613,-0.001333,5.837993,0.173399,1.000000,0.380436,-0.619564,0.791974,0.791974,0.000000,C-06,0,0,0,1,1,0,0.009393,-0.176658,0.7500,0.5752,0.2683,2,ok
0,241,28.040000,3.000761,-1.547302,0.410472,0.008139,-0.000831,5.861050,0.192255,1.000000,0.530436,-0.469564,1.000000,0.891974,-0.108026,C-06,0,0,0,1,1,0,0.010189,-0.221530,0.7708,0.5504,0.2679,2,ok
0,242,28.140000,3.020104,-1.539388,0.431774,0.007636,0.020471,5.881943,0.215371,-0.895315,0.380436,1.275752,1.000000,0.991974,-0.008026,C-06,0,0,0,1,1,0,0.011759,-0.196355,0.7500,0.5339,0.2668,2,ok
0,243,28.260000,3.043977,-1.528680,0.447235,0.007373,0.003183,5.908345,0.218279,-1.000000,0.230436,1.230436,1.000000,1.000000,0.000000,C-06,0,0,0,1,1,0,0.011001,-0.157640,0.7292,0.5655,0.2695,2,ok
0,244,28.380000,3.067744,-1.517376,0.453007,0.007377,0.008955,5.934663,0.219399,-0.476013,0.080436,0.556449,1.000000,1.000000,0.000000,C-06,0,0,0,1,1,0,0.011077,-0.128390,0.6875,0.5617,0.2664,2,ok
0,245,28.480000,3.085701,-1.508641,0.454869,0.007272,-0.021180,5.954878,0.197888,0.032371,0.032371,0.000000,0.881020,0.900000,0.018980,C-06,0,0,0,1,1,0,0.006575,-0.075031,0.6458,0.6230,0.2726,2,ok
0,246,28.600000,3.105994,-1.498762,0.453548,0.006732,-0.022500,5.977441,0.187597,-0.023713,-0.023713,0.000000,0.853056,0.853056,0.000000,,0,0,0,1,1,0,0.004335,-0.088699,0.7083,0.6598,0.2702,2,ok
0,247,28.720000,3.126850,-1.488738,0.460885,0.006063,-0.015164,5.999971,0.193542,0.684255,0.126287,-0.557968,0.883953,0.883953,0.000000,C-06,0,0,0,1,1,0,0.004823,-0.150185,0.7708,0.6225,0.2657,2,ok
0,248,28.820000,3.145208,-1.479872,0.474753,0.004866,-0.032388,6.021110,0.206489,0.944200,0.276287,-0.667914,0.947477,0.947477,0.000000,C-06,0,0,0,1,1,0,0.003604,-0.185120,0.7500,0.6055,0.2662,2,ok
0,249,28.920000,3.164487,-1.470307,0.496256,0.003852,-0.010885,6.042607,0.217152,1.000000,0.426287,-0.573713,1.000000,1.000000,0.000000,C-06,0,0,0,1,1,0,0.004290,-0.156961,0.7500,0.5762,0.2656,2,ok
0,250,29.040000,3.187485,-1.458154,0.530907,0.002823,-0.007245,6.068710,0.216565,1.000000,0.576287,-0.423713,1.000000,1.000000,0.000000,C-06,0,0,0,1,1,0,0.003929,-0.143670,0.7500,0.5878,0.2680,2,ok
0,251,29.140000,3.206330,-1.447299,0.552878,0.002456,0.014726,6.090456,0.217673,0.069100,0.426287,0.357186,1.000000,1.000000,0.000000,C-06,0,0,0,1,1,0,0.015395,-0.195405,0.7083,0.2522,0.2480,2,ok
0,252,29.260000,3.228675,-1.433582,0.569874,0.002488,0.001627,6.116747,0.218616,-1.000000,0.276287,1.276287,1.000000,1.000000,0.000000,C-06,0,0,0,1,1,0,0.006817,-0.109875,0.6875,0.5596,0.2644,2,ok
0,253,29.380000,3.250842,-1.419393,0.577894,0.002528,0.009647,6.143067,0.219396,-0.931765,0.126287,1.058052,1.000000,1.000000,0.000000,C-06,0,0,0,1,1,0,0.008441,-0.092030,0.7083,0.5383,0.2669,2,ok
0,254,29.480000,3.269271,-1.407379,0.577179,0.002627,-0.020702,6.165148,0.220077,-0.175705,-0.023713,0.151992,1.000000,1.000000,0.000000,C-06,0,0,0,1,1,0,0.008959,-0.076695,0.6667,0.5218,0.2681,2,ok
0,255,29.600000,3.289324,-1.394301,0.583826,0.002126,-0.014055,6.189084,0.197432,0.177944,0.126287,-0.051658,0.797881,0.900000,0.102119,C-06,0,0,0,1,1,0,0.008959,-0.076695,0.6667,0.5218,0.2681,2,ok
0,256,29.720000,3.308868,-1.381324,0.599311,0.001829,0.001430,6.212541,0.194869,0.865937,0.276287,-0.589650,0.890929,0.890929,0.000000,C-06,0,0,0,1,1,0,0.007390,-0.186561,0.7292,0.5059,0.2685,2,ok
0,257,29.820000,3.326215,-1.369484,0.619207,0.001301,-0.007716,6.233589,0.215282,0.704686,0.426287,-0.278399,0.985219,0.985219,0.000000,C-06,0,0,0,1,1,0,0.006458,-0.229350,0.7917,0.5035,0.2678,2,ok
0,258,29.920000,3.343938,-1.356771,0.645843,0.001189,0.018920,6.255399,0.218576,0.926935,0.576287,-0.350648,1.000000,1.000000,0.000000,C-06,0,0,0,1,1,0,0.006047,-0.171919,0.7917,0.5099,0.2677,2,ok
0,259,30.040000,3.364824,-1.340792,0.669983,0.001490,0.014060,6.281736,0.219365,0.007462,0.426287,0.418825,1.000000,1.000000,0.000000,C-06,0,0,0,1,1,0,0.005325,-0.168204,0.7500,0.5450,0.2689,2,ok
0,260,30.140000,3.381976,-1.327069,0.683074,0.001907,0.027151,6.303698,0.219748,-0.465506,0.276287,0.741793,1.000000,1.000000,0.000000,C-06,0,0,0,1,1,0,0.004970,-0.142606,0.7708,0.5768,0.2690,2,ok
0,261,30.260000,3.402388,-1.310345,0.690413,0.002485,0.005868,6.330149,0.219928,-0.384224,0.126287,0.510511,1.000000,1.000000,0.000000,C-06,0,0,0,1,1,0,0.005623,-0.114663,0.7500,0.6026,0.2671,2,ok
0,262,30.380000,3.422746,-1.293536,0.689535,0.002632,0.004991,6.356549,0.220014,-0.256715,-0.023713,0.233002,1.000000,1.000000,0.000000,C-06,0,0,0,1,1,0,0.005533,-0.116398,0.7083,0.6124,0.2682,2,ok
0,263,30.480000,3.438123,-1.280808,0.694715,0.002766,0.010170,6.375642,0.197952,0.470511,0.126287,-0.344224,0.895041,0.900000,0.004959,C-06,0,0,0,1,1,0,0.004656,-0.078576,0.6458,0.6145,0.2651,2,ok
0,264,30.600000,3.454805,-1.266727,0.709045,0.002483,-0.004984,6.398416,0.180816,0.314737,0.276287,-0.038451,0.821452,0.821452,0.000000,C-06,0,0,0,1,1,0,0.002973,-0.122699,0.7083,0.6460,0.2652,2,ok
0,265,30.720000,3.472092,-1.251594,0.731773,0.002624,0.017744,6.421391,0.193980,0.504981,0.426287,-0.078694,0.878354,0.878354,0.000000,C-06,0,0,0,1,1,0,0.003211,-0.096321,0.7083,0.6392,0.2626,2,ok
0,266,30.820000,3.487502,-1.237518,0.745446,0.002817,0.002852,6.442342,0.215259,0.283287,0.283287,0.000000,1.000000,0.978354,-0.021646,C-06,0,0,0,1,1,0,0.003351,-0.111865,0.7708,0.6791,0.2646,2,ok
0,267,30.920000,3.503581,-1.222569,0.752041,0.002972,0.009448,6.464295,0.220248,-0.064562,0.133287,0.197849,1.000000,1.000000,0.000000,C-06,0,0,0,1,1,0,0.004594,-0.145338,0.8125,0.6769,0.2668,2,ok
0,268,31.040000,3.522846,-1.204500,0.755415,0.003019,-0.015990,6.490811,0.220098,0.054505,0.054505,0.000000,1.000000,1.000000,0.000000,,0,0,0,1,1,0,0.003541,0.009637,0.7500,0.7116,0.2656,2,ok
0,269,31.140000,3.537382,-1.190735,0.764514,0.002686,-0.006891,6.510827,0.198260,0.645478,0.204505,-0.440973,0.890060,0.900000,0.009940,C-06,0,0,0,1,1,0,0.003455,-0.154983,0.7917,0.6954,0.2670,2,ok
0,270,31.260000,3.554275,-1.174251,0.784410,0.002646,0.013005,6.534429,0.196439,0.933998,0.354505,-0.579493,0.892724,0.892724,0.000000,C-06,0,0,0,1,1,0,0.000932,-0.132841,0.7292,0.7720,0.2681,2,ok
0,271,31.380000,3.572141,-1.155972,0.812855,0.002651,0.011431,6.560053,0.217612,0.935937,0.504505,-0.431432,1.000000,0.992724,-0.007276,C-06,0,0,0,1,1,0,0.003188,-0.147382,0.7083,0.7305,0.2674,2,ok
0,272,31.480000,3.586597,-1.140481,0.829914,0.003103,0.028489,6.581237,0.210959,-0.008205,0.354505,0.362710,0.962765,0.962765,0.000000,C-06,0,0,0,1,1,0,0.002540,-0.003353,0.7083,0.8021,0.2668,2,ok
0,273,31.600000,3.604210,-1.121053,0.841808,0.003516,0.010951,6.607558,0.219660,-0.512997,0.204505,0.717502,1.000000,1.000000,0.000000,C-06,0,0,0,1,1,0,0.012091,-0.092411,0.7083,0.6399,0.2612,2,ok
0,274,31.720000,3.621756,-1.101341,0.845358,0.003905,0.014500,6.633944,0.219923,-0.242806,0.054505,0.297311,1.000000,1.000000,0.000000,C-06,0,0,0,1,1,0,0.005967,-0.047273,0.6875,0.7962,0.2678,2,ok
0,275,31.820000,3.636288,-1.084847,0.853699,0.003928,-0.007352,6.656064,0.219819,0.194396,0.194396,0.000000,1.000000,1.000000,0.000000,,0,0,0,1,1,0,0.007868,-0.176745,0.7917,0.7575,0.2676,2,ok
0,276,31.920000,3.650626,-1.068177,0.868724,0.003873,0.007673,6.678051,0.219997,0.746566,0.344396,-0.402170,1.000000,1.000000,0.000000,C-06,0,0,0,1,1,0,0.011809,-0.194474,0.8125,0.6300,0.2630,2,ok
0,277,32.020000,3.664693,-1.051229,0.890673,0.004203,0.029621,6.697787,0.220475,1.000000,0.494396,-0.505604,1.000000,1.000000,0.000000,C-06,0,0,0,1,1,0,0.008243,-0.120829,0.7708,0.7329,0.2656,2,ok
0,278,32.140000,3.681141,-1.030424,0.925768,0.004480,0.033214,6.726703,0.221553,1.000000,0.644396,-0.355604,1.000000,1.000000,0.000000,C-06,0,0,0,1,1,0,0.024285,-0.224206,0.7292,0.2687,0.2451,2,ok
0,279,32.240000,3.694405,-1.012687,0.949598,0.005357,0.057044,6.748833,0.221647,0.308290,0.494396,0.186106,1.000000,1.000000,0.000000,C-06,0,0,0,1,1,0,0.024285,-0.224206,0.7292,0.2687,0.2451,2,ok
0,280,32.340000,3.707280,-0.994687,0.966548,0.005992,0.041657,6.771156,0.221356,-0.970651,0.344396,1.315047,1.000000,1.000000,0.000000,C-06,0,0,0,1,1,0,0.016889,-0.178705,0.7500,0.5965,0.2643,2,ok
0,281,32.460000,3.722327,-0.972870,0.978377,0.007084,0.053487,6.797636,0.220843,-0.629929,0.194396,0.824325,1.000000,1.000000,0.000000,C-06,0,0,0,1,1,0,0.018785,-0.102554,0.7083,0.6036,0.2656,2,ok
0,282,32.560000,3.734626,-0.954600,0.981038,0.007817,0.022667,6.819873,0.220196,-0.257462,0.044396,0.301858,1.000000,1.000000,0.000000,C-06,0,0,0,1,1,0,0.020242,-0.124143,0.6875,0.5596,0.2628,2,ok
0,283,32.680000,3.749310,-0.932688,0.976765,0.008457,0.018395,6.846243,0.219648,-0.082177,-0.082177,0.000000,1.000000,1.000000,0.000000,,0,0,0,1,1,0,0.020242,-0.124143,0.6875,0.5596,0.2628,2,ok
0,284,32.780000,3.760829,-0.915620,0.979398,0.008647,-0.016785,6.867131,0.204689,0.569073,0.067823,-0.501250,0.929217,0.929217,0.000000,C-06,0,0,0,1,1,0,0.016798,-0.158502,0.7917,0.5365,0.2588,2,ok
0,285,32.880000,3.772710,-0.897574,0.989435,0.008606,-0.006748,6.888736,0.219660,0.839532,0.217823,-0.621709,1.000000,1.000000,0.000000,C-06,0,0,0,1,1,0,0.017796,-0.293778,0.8333,0.4727,0.2615,2,ok
0,286,33.000000,3.785830,-0.877402,1.010312,0.008696,0.014130,6.912799,0.199662,1.000000,0.367823,-0.632177,0.852063,0.900000,0.047937,C-06,0,0,0,1,1,0,0.013709,-0.294356,0.7708,0.5305,0.2654,2,ok
0,287,33.100000,3.796664,-0.859160,1.035435,0.008849,0.000071,6.934364,0.218299,1.000000,0.517823,-0.482177,1.000000,1.000000,0.000000,C-06,0,0,0,1,1,0,0.012992,-0.294790,0.7292,0.5405,0.2632,2,ok
0,288,33.200000,3.807578,-0.840061,1.068695,0.009317,0.033332,6.956357,0.221414,1.000000,0.667823,-0.332177,1.000000,1.000000,0.000000,C-06,0,0,0,1,1,0,0.015724,-0.235074,0.7292,0.4564,0.2624,2,ok
0,289,33.320000,3.820655,-0.816713,1.101684,0.009470,0.024986,6.983574,0.223884,-1.000000,0.517823,1.517823,1.000000,1.000000,0.000000,C-06,0,0,0,1,1,0,0.017629,-0.175586,0.7708,0.4373,0.2647,2,ok
0,290,33.420000,3.831037,-0.796991,1.121553,0.009649,0.044854,7.005861,0.222853,-1.000000,0.367823,1.367823,1.000000,1.000000,0.000000,C-06,0,0,0,1,1,0,0.016951,-0.124025,0.6875,0.4997,0.2670,2,ok
0,291,33.520000,3.840873,-0.777116,1.133600,0.010382,0.056902,7.025444,0.221707,-1.000000,0.217823,1.217823,1.000000,1.000000,0.000000,C-06,0,0,0,1,1,0,0.018033,-0.080739,0.7083,0.4768,0.2648,2,ok
0,292,33.640000,3.852155,-0.753169,1.138535,0.010493,0.020760,7.054945,0.220529,-0.293201,0.067823,0.361025,1.000000,1.000000,0.000000,C-06,0,0,0,1,1,0,0.019853,-0.122484,0.7500,0.4108,0.2665,2,ok
0,293,33.740000,3.861377,-0.733208,1.134629,0.010852,0.016853,7.076930,0.219682,-0.196059,-0.082177,0.113883,1.000000,1.000000,0.000000,C-06,0,0,0,1,1,0,0.018596,-0.141686,0.7708,0.4135,0.2687,2,ok
0,294,33.840000,3.870566,-0.713495,1.137675,0.010385,-0.019505,7.099119,0.217425,0.441475,0.067823,-0.373652,0.986944,0.986944,0.000000,C-06,0,0,0,1,1,0,0.014309,-0.125255,0.7708,0.4781,0.2623,2,ok
0,295,33.960000,3.880818,-0.691225,1.150893,0.009811,-0.006286,7.123629,0.203634,0.917267,0.217823,-0.699444,0.921392,0.921392,0.000000,C-06,0,0,0,1,1,0,0.015021,-0.203001,0.8125,0.4014,0.2677,2,ok
0,296,34.060000,3.888980,-0.673460,1.170065,0.009107,-0.024214,7.143480,0.195148,1.000000,0.367823,-0.632177,0.876067,0.876067,0.000000,C-06,0,0,0,1,1,0,0.012938,-0.200773,0.8125,0.4155,0.2684,2,ok
0,297,34.180000,3.898688,-0.650907,1.203735,0.008334,0.009456,7.168021,0.207209,0.891471,0.517823,-0.373648,0.929656,0.929656,0.000000,C-06,0,0,0,1,1,0,0.012163,-0.142453,0.7708,0.4173,0.2681,2,ok
0,298,34.280000,3.906755,-0.630595,1.225096,0.008268,0.030817,7.189471,0.222051,-0.230594,0.367823,0.598417,1.000000,1.000000,0.000000,C-06,0,0,0,1,1,0,0.013774,-0.133273,0.7708,0.4038,0.2666,2,ok
0,299,34.380000,3.914610,-0.609846,1.238214,0.007841,0.010293,7.212319,0.221825,-0.586988,0.217823,0.804812,1.000000,1.000000,0.000000,C-06,0,0,0,1,1,0,0.015439,-0.110726,0.7500,0.3913,0.2653,2,ok
0,300,34.500000,3.923389,-0.584867,1.243578,0.007984,0.015657,7.238796,0.220554,-0.719842,0.067823,0.787666,1.000000,1.000000,0.000000,C-06,0,0,0,1,1,0,0.015081,-0.101724,0.7292,0.3890,0.2655,2,ok
0,301,34.600000,3.930133,-0.565036,1.239507,0.007717,-0.019296,7.260031,0.208487,-0.087742,-0.082177,0.005566,0.948750,0.948750,0.000000,C-06,0,0,0,1,1,0,0.010565,-0.064924,0.6667,0.4590,0.2703,2,ok
0,302,34.700000,3.936946,-0.544779,1.242672,0.007346,-0.016131,7.281399,0.214626,0.268653,0.067823,-0.200830,0.977162,0.977162,0.000000,C-06,0,0,0,1,1,0,0.011495,-0.099955,0.7083,0.4075,0.2641,2,ok
0,303,34.820000,3.944405,-0.522552,1.256423,0.006758,-0.032304,7.305021,0.193542,0.639467,0.217823,-0.421643,0.847808,0.877162,0.029354,C-06,0,0,0,1,1,0,0.009941,-0.183262,0.8125,0.3919,0.2653,2,ok
0,304,34.920000,3.950541,-0.502622,1.277033,0.006387,-0.011693,7.325871,0.214625,0.976726,0.367823,-0.608903,1.000000,0.977162,-0.022838,C-06,0,0,0,1,1,0,0.009884,-0.193595,0.8125,0.3723,0.2632,2,ok
0,305,35.020000,3.956623,-0.483628,1.300603,0.005809,0.011877,7.345807,0.197517,0.417626,0.417626,0.000000,0.886767,0.886767,0.000000,,0,0,0,1,1,0,0.006394,-0.117294,0.7500,0.4743,0.2646,2,ok
0,306,35.140000,3.963787,-0.459456,1.320396,0.005074,0.003285,7.371163,0.213112,-0.178859,0.267626,0.446485,0.960194,0.960194,0.000000,C-06,0,0,0,1,1,0,0.009351,-0.144007,0.7708,0.4227,0.2668,2,ok
0,307,35.240000,3.969402,-0.438238,1.328064,0.004962,0.010953,7.393111,0.220725,-0.458944,0.117626,0.576570,1.000000,1.000000,0.000000,C-06,0,0,0,1,1,0,0.009369,-0.127783,0.7500,0.4390,0.2695,2,ok
0,308,35.340000,3.974702,-0.416885,1.326755,0.004880,-0.016141,7.415253,0.219916,-0.233731,-0.032374,0.201357,1.000000,1.000000,0.000000,C-06,0,0,0,1,1,0,0.008616,-0.036658,0.7708,0.4722,0.2750,2,ok
0,309,35.460000,3.981082,-0.391245,1.334495,0.004392,-0.008401,7.441670,0.220381,0.143772,0.117626,-0.026146,1.000000,1.000000,0.000000,C-06,0,0,0,1,1,0,0.008136,-0.025162,0.7500,0.4853,0.2722,2,ok
0,310,35.560000,3.985820,-0.371743,1.349379,0.004030,-0.019133,7.461835,0.198766,0.529801,0.267626,-0.262175,0.843165,0.900000,0.056835,C-06,0,0,0,1,1,0,0.004055,-0.146765,0.6875,0.5294,0.2734,2,ok
0,311,35.680000,3.991442,-0.347312,1.358718,0.003410,-0.009794,7.486898,0.210857,0.054929,0.117626,0.062697,0.956011,0.956011,0.000000,C-06,0,0,0,1,1,0,0.005132,0.003954,0.7292,0.5202,0.2738,2,ok
0,312,35.780000,3.995481,-0.328670,1.369809,0.003183,0.001297,7.505970,0.188756,0.191438,0.191438,0.000000,0.823093,0.856011,0.032917,C-06,0,0,0,1,1,0,0.004044,-0.081524,0.7917,0.5269,0.2692,2,ok
0,313,35.880000,3.999440,-0.308643,1.383893,0.002940,-0.009530,7.526457,0.210369,0.228944,0.228944,0.000000,1.000000,0.956011,-0.043989,C-06,0,0,0,1,1,0,0.005899,-0.136320,0.8333,0.4799,0.2620,2,ok
0,314,36.000000,4.004165,-0.282824,1.395497,0.002866,0.002075,7.552705,0.220154,0.148962,0.148962,0.000000,1.000000,1.000000,0.000000,,0,0,0,1,1,0,0.005460,-0.133855,0.7708,0.5072,0.2650,2,ok
0,315,36.100000,4.007780,-0.262675,1.403635,0.002633,-0.013653,7.573246,0.203086,0.131713,0.131713,0.000000,0.921540,0.921540,0.000000,,0,0,0,1,1,0,0.002856,-0.000358,0.7708,0.5935,0.2673,2,ok
0,316,36.200000,4.011352,-0.241878,1.420522,0.002267,0.003234,7.594344,0.213015,0.292632,0.281713,-0.010919,0.965585,0.965585,0.000000,C-06,0,0,0,1,1,0,0.004269,-0.112287,0.8125,0.5508,0.2652,2,ok
0,317,36.320000,4.015651,-0.217538,1.452809,0.001723,0.035521,7.616728,0.205434,0.655689,0.431713,-0.223976,0.926089,0.926089,0.000000,C-06,0,0,0,1,1,0,0.004020,-0.022431,0.7917,0.5719,0.2696,2,ok
0,318,36.420000,4.019031,-0.196020,1.472098,0.001085,0.030677,7.640870,0.221315,0.010022,0.281713,0.271692,1.000000,1.000000,0.000000,C-06,0,0,0,1,1,0,0.005437,-0.086125,0.7292,0.6074,0.2694,2,ok
0,319,36.520000,4.021629,-0.174117,1.481483,0.001327,0.040062,7.662925,0.220510,-0.584810,0.131713,0.716524,1.000000,1.000000,0.000000,C-06,0,0,0,1,1,0,0.007328,0.029364,0.7500,0.5868,0.2678,2,ok
0,320,36.640000,4.024009,-0.147821,1.481468,0.001897,0.015346,7.689357,0.219992,-0.008436,-0.008436,0.000000,1.000000,1.000000,0.000000,,0,0,0,1,1,0,0.010523,0.027961,0.6667,0.5424,0.2615,2,ok
0,321,36.740000,4.025962,-0.125901,1.490236,0.002275,0.024114,7.711360,0.220146,0.179240,0.141564,-0.037675,1.000000,1.000000,0.000000,C-06,0,0,0,1,1,0,0.008786,-0.023057,0.7500,0.5672,0.2694,2,ok
0,322,36.840000,4.027916,-0.103958,1.509002,0.002379,0.018710,7.733451,0.220432,0.300549,0.291564,-0.008985,1.000000,1.000000,0.000000,C-06,0,0,0,1,1,0,0.007475,-0.123341,0.7917,0.6081,0.2686,2,ok
0,323,36.960000,4.030201,-0.077596,1.525041,0.002228,0.034750,7.759911,0.220489,0.189721,0.189721,0.000000,1.000000,1.000000,0.000000,,0,0,0,1,1,0,0.010760,-0.110668,0.8125,0.5552,0.2671,2,ok
0,324,37.060000,4.031359,-0.055618,1.528296,0.002687,0.012569,7.781984,0.220075,-0.253138,0.039721,0.292859,1.000000,1.000000,0.000000,C-06,0,0,0,1,1,0,0.012859,-0.082952,0.7917,0.5148,0.2622,2,ok
0,325,37.180000,4.032670,-0.029236,1.539711,0.002819,0.023984,7.808398,0.220161,0.145060,0.145060,0.000000,1.000000,1.000000,0.000000,,0,0,0,1,1,0,0.011054,-0.042011,0.7708,0.5550,0.2646,2,ok
0,326,37.280000,4.033762,-0.007242,1.559245,0.002930,0.043518,7.828818,0.220253,0.555463,0.295060,-0.260403,1.000000,1.000000,0.000000,C-06,0,0,0,1,1,0,0.009348,-0.141577,0.7708,0.6088,0.2676,2,ok
0,327,37.380000,4.034794,0.014758,1.576171,0.002564,0.034390,7.852506,0.220181,0.235665,0.235665,0.000000,1.000000,1.000000,0.000000,,0,0,0,1,1,0,0.010769,-0.071127,0.7292,0.5946,0.2695,2,ok
0,328,37.500000,4.035020,0.041157,1.584266,0.003182,0.042485,7.878899,0.219982,0.040851,0.085665,0.044813,1.000000,1.000000,0.000000,C-06,0,0,0,1,1,0,0.011465,-0.106806,0.7083,0.6033,0.2708,2,ok
0,329,37.600000,4.034810,0.063154,1.586105,0.003525,0.016738,7.900993,0.219988,0.022434,0.022434,0.000000,1.000000,1.000000,0.000000,,0,0,0,1,1,0,0.009236,0.056089,0.7083,0.6531,0.2698,2,ok
0,330,37.700000,4.034565,0.085151,1.588512,0.003812,0.019144,7.922990,0.219980,0.035416,0.035416,0.000000,1.000000,1.000000,0.000000,,0,0,0,1,1,0,0.006309,0.088427,0.7292,0.6904,0.2764,2,ok
0,331,37.820000,4.034268,0.111544,1.602635,0.003796,0.003606,7.949485,0.219907,0.557251,0.185416,-0.371835,1.000000,1.000000,0.000000,C-06,0,0,0,1,1,0,0.008095,-0.081530,0.8125,0.6432,0.2675,2,ok
0,332,37.920000,4.034020,0.133523,1.624666,0.003511,0.025637,7.971464,0.219709,0.692820,0.335416,-0.357404,1.000000,1.000000,0.000000,C-06,0,0,0,1,1,0,0.006801,-0.093510,0.8333,0.6671,0.2660,2,ok
0,333,38.020000,4.033773,0.155470,1.656445,0.003089,0.024566,7.993514,0.219241,0.816641,0.485416,-0.331225,1.000000,1.000000,0.000000,C-06,0,0,0,1,1,0,0.004617,0.024090,0.7708,0.7354,0.2687,2,ok
0,334,38.140000,4.032736,0.181373,1.683878,0.002645,0.051999,8.019435,0.215698,0.276906,0.335416,0.058510,0.985157,0.985157,0.000000,C-06,0,0,0,1,1,0,0.006997,-0.058154,0.7917,0.6891,0.2696,2,ok
0,335,38.240000,4.030836,0.203184,1.696739,0.003297,0.064861,8.041318,0.219257,-0.355783,0.185416,0.541199,1.000000,1.000000,0.000000,C-06,0,0,0,1,1,0,0.005894,0.104234,0.7500,0.7811,0.2771,2,ok
0,336,38.340000,4.028201,0.225004,1.699736,0.003959,0.034390,8.063411,0.219838,-0.439608,0.035416,0.475024,1.000000,1.000000,0.000000,C-06,0,0,0,1,1,0,0.008062,-0.063177,0.7292,0.7430,0.2710,2,ok
0,337,38.460000,4.024957,0.251177,1.704370,0.004742,0.039024,8.089773,0.219718,0.061229,0.061229,0.000000,1.000000,1.000000,0.000000,,0,0,0,1,1,0,0.006204,0.162094,0.7292,0.8099,0.2756,2,ok
0,338,38.560000,4.022243,0.272964,1.717138,0.004876,0.017152,8.111916,0.219358,0.738999,0.211229,-0.527771,1.000000,1.000000,0.000000,C-06,0,0,0,1,1,0,0.000315,0.199917,0.7292,0.9085,0.2778,2,ok
0,339,38.680000,4.018982,0.299045,1.735675,0.004668,0.035689,8.138200,0.218783,0.243965,0.243965,0.000000,1.000000,1.000000,0.000000,,0,0,0,1,1,0,0.003587,0.056091,0.7292,0.8629,0.2744,2,ok
0,340,38.780000,4.016045,0.319829,1.748214,0.004618,0.013543,8.159346,0.208982,0.195040,0.195040,0.000000,0.954733,0.954733,0.000000,,0,0,0,1,1,0,0.003568,-0.055881,0.8333,0.9021,0.2695,2,ok
0,341,38.880000,4.012477,0.341314,1.755007,0.004599,0.020336,8.181125,0.219407,0.101186,0.101186,0.000000,1.000000,1.000000,0.000000,,0,0,0,1,1,0,0.004725,0.113819,0.8125,0.8968,0.2724,2,ok
0,342,39.000000,4.008020,0.367224,1.772989,0.004728,0.038319,8.206703,0.218734,0.533699,0.251186,-0.282512,1.000000,1.000000,0.000000,C-06,0,0,0,1,1,0,0.003370,0.119978,0.7708,0.9386,0.2709,2,ok
0,343,39.100000,4.004320,0.387775,1.796300,0.004300,0.028406,8.228444,0.206808,1.000000,0.401186,-0.598814,0.948614,0.948614,0.000000,C-06,0,0,0,1,1,0,0.003083,0.012580,0.7917,0.9563,0.2684,2,ok
0,344,39.200000,4.000589,0.408665,1.828467,0.003862,0.060573,8.249660,0.213101,0.698564,0.551186,-0.147378,0.984656,0.984656,0.000000,C-06,0,0,0,1,1,0,0.003809,0.018573,0.7500,0.9802,0.2707,2,ok
0,345,39.320000,3.994901,0.434050,1.857884,0.003964,0.057076,8.275808,0.217134,-0.169658,0.401186,0.570844,1.000000,1.000000,0.000000,C-06,0,0,0,1,1,0,0.003229,0.246959,0.7500,1.0500,0.2734,2,ok
0,346,39.420000,3.989220,0.455099,1.873343,0.004684,0.072535,8.297598,0.218101,-0.841381,0.251186,1.092567,1.000000,1.000000,0.000000,C-06,0,0,0,1,1,0,0.009235,-0.015799,0.7292,0.9787,0.2681,2,ok
0,347,39.520000,3.982891,0.476076,1.879945,0.005907,0.045460,8.319641,0.219207,-0.725935,0.101186,0.827121,1.000000,1.000000,0.000000,C-06,0,0,0,1,1,0,0.008561,0.127561,0.7500,1.0345,0.2698,2,ok
0,348,39.640000,3.974872,0.501233,1.877257,0.007195,0.042773,8.346013,0.220180,-0.129284,-0.048814,0.080471,1.000000,1.000000,0.000000,C-06,0,0,0,1,1,0,0.007762,0.144744,0.7292,1.0761,0.2744,2,ok
0,349,39.740000,3.968234,0.522193,1.882383,0.008226,0.047898,8.367975,0.219679,0.434920,0.101186,-0.333733,1.000000,1.000000,0.000000,C-06,0,0,0,1,1,0,0.007087,0.011457,0.7708,1.1044,0.2738,2,ok
0,350,39.840000,3.961602,0.543090,1.896115,0.008476,0.025955,8.390203,0.218810,0.575194,0.251186,-0.324008,1.000000,1.000000,0.000000,C-06,0,0,0,1,1,0,0.006490,0.186255,0.8125,1.1548,0.2717,2,ok
0,351,39.960000,3.953634,0.568016,1.917147,0.008804,0.046987,8.416370,0.217580,0.311352,0.311352,0.000000,1.000000,1.000000,0.000000,,0,0,0,1,1,0,0.007034,0.037673,0.8125,1.1696,0.2735,2,ok
0,352,40.060000,3.946800,0.588616,1.942401,0.008763,0.034817,8.438403,0.216462,0.631487,0.461352,-0.170136,1.000000,1.000000,0.000000,C-06,0,0,0,1,1,0,0.010804,-0.153500,0.7708,1.1097,0.2728,2,ok
0,353,40.180000,3.937786,0.613108,1.963754,0.009254,0.056169,8.464496,0.217573,0.211850,0.311352,0.099502,1.000000,1.000000,0.000000,C-06,0,0,0,1,1,0,0.009031,0.173687,0.7917,1.1911,0.2772,2,ok
0,354,40.280000,3.929619,0.633389,1.973208,0.009979,0.025009,8.486759,0.218728,-0.269346,0.161352,0.430697,1.000000,1.000000,0.000000,C-06,0,0,0,1,1,0,0.009880,0.175171,0.7708,1.1974,0.2752,2,ok
0,355,40.380000,3.921031,0.653624,1.974407,0.010542,0.026207,8.508734,0.219909,0.001116,0.011352,0.010235,1.000000,1.000000,0.000000,C-06,0,0,0,1,1,0,0.010638,0.176914,0.7917,1.1845,0.2713,2,ok
0,356,40.500000,3.910720,0.677722,1.984483,0.011289,0.036283,8.533359,0.217961,0.463523,0.161352,-0.302171,0.994203,0.994203,0.000000,C-06,0,0,0,1,1,0,0.011332,0.169852,0.7292,1.1731,0.2711,2,ok
0,357,40.600000,3.902124,0.697799,1.997445,0.010927,0.006476,8.557243,0.218108,0.247099,0.247099,0.000000,1.000000,1.000000,0.000000,,0,0,0,1,1,0,0.004890,-0.023804,0.7292,1.2906,0.2698,2,ok
0,358,40.700000,3.893363,0.717736,2.017905,0.010847,0.026935,8.579020,0.217072,0.401415,0.397099,-0.004316,1.000000,1.000000,0.000000,C-06,0,0,0,1,1,0,0.007392,0.190594,0.7292,1.2366,0.2697,2,ok
0,359,40.820000,3.882512,0.741349,2.051674,0.010446,0.015190,8.605494,0.216233,0.585717,0.547099,-0.038618,1.000000,1.000000,0.000000,C-06,0,0,0,1,1,0,0.005887,-0.040655,0.8750,1.2799,0.2676,2,ok
0,360,40.920000,3.872807,0.760721,2.077365,0.010479,0.040880,8.627161,0.216799,0.494305,0.494305,0.000000,1.000000,1.000000,0.000000,,0,0,0,1,1,0,0.009033,-0.170229,0.8333,1.2170,0.2625,2,ok
0,361,41.020000,3.862421,0.779859,2.095472,0.011008,0.011535,8.649455,0.217885,0.183182,0.344305,0.161123,1.000000,1.000000,0.000000,C-06,0,0,0,1,1,0,0.009256,-0.205987,0.8125,1.2330,0.2618,2,ok
0,362,41.140000,3.849345,0.802622,2.107848,0.011288,0.023910,8.675705,0.218857,0.125270,0.194305,0.069035,1.000000,1.000000,0.000000,C-06,0,0,0,1,1,0,0.013748,0.021398,0.7917,1.1351,0.2601,2,ok
0,363,41.240000,3.838167,0.821434,2.124453,0.011844,0.040515,8.697581,0.218148,0.393847,0.344305,-0.049542,1.000000,1.000000,0.000000,C-06,0,0,0,1,1,0,0.013064,-0.269260,0.7917,1.1568,0.2612,2,ok
0,364,41.340000,3.826762,0.840013,2.148227,0.011748,0.014472,8.719983,0.217637,0.801679,0.494305,-0.307374,1.000000,1.000000,0.000000,C-06,0,0,0,1,1,0,0.013077,-0.231741,0.7500,1.1487,0.2599,2,ok
0,365,41.460000,3.812502,0.861920,2.177477,0.012155,0.043722,8.746119,0.218047,0.504508,0.504508,0.000000,1.000000,1.000000,0.000000,,0,0,0,1,1,0,0.017147,-0.237702,0.7708,1.0489,0.2588,2,ok
0,366,41.560000,3.800283,0.879240,2.194892,0.012729,0.009049,8.767958,0.210778,0.290082,0.354508,0.064426,0.961341,0.961341,0.000000,C-06,0,0,0,1,1,0,0.027068,-0.202613,0.7292,0.8544,0.2504,2,ok
0,367,41.680000,3.784923,0.900467,2.206965,0.013079,0.021122,8.794157,0.219425,0.097868,0.204508,0.106640,1.000000,1.000000,0.000000,C-06,0,0,0,1,1,0,0.023196,-0.125404,0.7292,0.9094,0.2565,2,ok
0,368,41.780000,3.771857,0.918114,2.214375,0.013452,-0.025162,8.816835,0.219610,0.154362,0.154362,0.000000,1.000000,1.000000,0.000000,,0,0,0,1,1,0,0.023196,-0.125404,0.7292,0.9094,0.2565,2,ok
0,369,41.880000,3.758899,0.935262,2.227906,0.013030,-0.011631,8.838324,0.214327,0.464629,0.304362,-0.160267,0.976988,0.976988,0.000000,C-06,0,0,0,1,1,0,0.021472,-0.265035,0.8125,0.8441,0.2557,2,ok
0,370,42.000000,3.743948,0.954328,2.251320,0.012987,0.011783,8.862553,0.200993,0.435250,0.435250,0.000000,0.915666,0.915666,0.000000,,0,0,0,1,1,0,0.021512,-0.313036,0.8333,0.7832,0.2574,2,ok
0,371,42.100000,3.730221,0.970914,2.275933,0.012714,-0.018554,8.884817,0.220033,0.555143,0.555143,0.000000,1.000000,1.000000,0.000000,,0,0,0,1,1,0,0.019323,-0.320000,0.7708,0.7951,0.2579,2,ok
0,372,42.200000,3.717084,0.986048,2.299644,0.012544,0.005158,8.904857,0.198803,0.518861,0.518861,0.000000,0.870265,0.900000,0.029735,C-06,0,0,0,1,1,0,0.018842,-0.320000,0.7917,0.7584,0.2606,2,ok
0,373,42.320000,3.700297,1.004448,2.320818,0.012787,-0.030051,8.930481,0.210152,0.363961,0.368861,0.004900,0.951710,0.951710,0.000000,C-06,0,0,0,1,1,0,0.018669,-0.320000,0.7708,0.7291,0.2612,2,ok
0,374,42.420000,3.685827,1.019698,2.344833,0.012366,-0.006036,8.951499,0.210109,0.692280,0.518861,-0.173419,0.953269,0.953269,0.000000,C-06,0,0,0,1,1,0,0.020723,-0.320000,0.7708,0.6183,0.2641,2,ok
0,375,42.520000,3.670794,1.034647,2.376443,0.012557,0.025575,8.972699,0.211800,0.981065,0.668861,-0.312203,0.966056,0.966056,0.000000,C-06,0,0,0,1,1,0,0.021309,-0.304228,0.7708,0.5835,0.2639,2,ok
0,376,42.640000,3.651849,1.052384,2.412313,0.012732,0.004767,8.999380,0.217001,0.637266,0.637266,0.000000,0.991426,0.991426,0.000000,,0,0,0,1,1,0,0.020680,-0.191241,0.7292,0.5816,0.2676,2,ok
0,377,42.740000,3.635354,1.066843,2.434925,0.013059,0.027380,9.021314,0.219844,-0.117706,0.487266,0.604973,1.000000,1.000000,0.000000,C-06,0,0,0,1,1,0,0.020740,-0.290674,0.7500,0.5555,0.2648,2,ok
0,378,42.840000,3.618511,1.081005,2.450550,0.013840,0.043005,9.041403,0.220167,-0.366442,0.337266,0.703708,1.000000,1.000000,0.000000,C-06,0,0,0,1,1,0,0.019536,-0.293376,0.8333,0.5641,0.2659,2,ok
0,379,42.960000,3.598075,1.097747,2.461211,0.013426,-0.002845,9.070532,0.220184,-0.061733,0.187266,0.248999,1.000000,1.000000,0.000000,C-06,0,0,0,1,1,0,0.017640,-0.294241,0.8125,0.5642,0.2670,2,ok
0,380,43.060000,3.580876,1.111527,2.476065,0.013434,0.012009,9.092570,0.220540,0.377796,0.337266,-0.040530,1.000000,1.000000,0.000000,C-06,0,0,0,1,1,0,0.016628,-0.263028,0.8542,0.5093,0.2655,2,ok
0,381,43.180000,3.561210,1.126738,2.502621,0.012794,-0.017043,9.118165,0.206493,0.806947,0.487266,-0.319681,0.932711,0.932711,0.000000,C-06,0,0,0,1,1,0,0.015674,-0.268657,0.7917,0.4942,0.2661,2,ok
0,382,43.280000,3.543611,1.139274,2.532209,0.012831,0.012545,9.139772,0.219980,1.000000,0.637266,-0.362734,1.000000,1.000000,0.000000,C-06,0,0,0,1,1,0,0.015165,-0.256464,0.7500,0.4799,0.2660,2,ok
0,383,43.380000,3.525420,1.151888,2.556224,0.012757,-0.015332,9.162627,0.222226,0.450730,0.487266,0.036536,1.000000,1.000000,0.000000,C-06,0,0,0,1,1,0,0.015798,-0.277350,0.7917,0.4654,0.2630,2,ok
0,384,43.500000,3.503267,1.166619,2.576571,0.012175,0.005015,9.189225,0.221751,-1.000000,0.337266,1.337266,1.000000,1.000000,0.000000,C-06,0,0,0,1,1,0,0.017902,-0.205989,0.7292,0.4091,0.2624,2,ok
0,385,43.600000,3.484626,1.178502,2.586363,0.012118,0.014807,9.211331,0.221022,-1.000000,0.187266,1.187266,1.000000,1.000000,0.000000,C-06,0,0,0,1,1,0,0.016019,-0.157240,0.7500,0.4341,0.2636,2,ok
0,386,43.700000,3.465913,1.190123,2.588886,0.011199,-0.028431,9.233963,0.220205,-0.531268,0.037266,0.568534,1.000000,1.000000,0.000000,C-06,0,0,0,1,1,0,0.015179,-0.163885,0.7500,0.4173,0.2653,2,ok
0,387,43.820000,3.443376,1.203983,2.599461,0.010199,-0.017857,9.260402,0.220967,0.667662,0.187266,-0.480396,1.000000,1.000000,0.000000,C-06,0,0,0,1,1,0,0.011134,-0.165713,0.7917,0.4632,0.2675,2,ok
0,388,43.920000,3.424443,1.215395,2.615836,0.008975,-0.042911,9.282855,0.221742,0.925557,0.337266,-0.588291,1.000000,1.000000,0.000000,C-06,0,0,0,1,1,0,0.011306,-0.210366,0.7917,0.3778,0.2650,2,ok
0,389,44.020000,3.405286,1.226679,2.640142,0.007705,-0.018604,9.305052,0.223310,1.000000,0.487266,-0.512734,1.000000,1.000000,0.000000,C-06,0,0,0,1,1,0,0.009585,-0.220231,0.8333,0.4008,0.2670,2,ok
0,390,44.140000,3.381901,1.239955,2.679235,0.006306,-0.014931,9.332101,0.224887,1.000000,0.637266,-0.362734,1.000000,1.000000,0.000000,C-06,0,0,0,1,1,0,0.008944,-0.220236,0.8333,0.3995,0.2669,2,ok
0,391,44.240000,3.362083,1.250374,2.705658,0.005478,0.011491,9.354476,0.223901,-0.152709,0.487266,0.639976,1.000000,1.000000,0.000000,C-06,0,0,0,1,1,0,0.007428,-0.182607,0.8125,0.4298,0.2671,2,ok
0,392,44.340000,3.342053,1.260134,2.724460,0.005337,0.030293,9.375493,0.222744,-0.657854,0.337266,0.995121,1.000000,1.000000,0.000000,C-06,0,0,0,1,1,0,0.010454,-0.099822,0.7708,0.3872,0.2661,2,ok
0,393,44.460000,3.317846,1.271140,2.737292,0.004939,0.013225,9.403524,0.221525,-0.590220,0.187266,0.777486,1.000000,1.000000,0.000000,C-06,0,0,0,1,1,0,0.010230,-0.075667,0.7708,0.4011,0.2674,2,ok
0,394,44.560000,3.297606,1.279861,2.739914,0.005086,0.015848,9.425562,0.220300,-0.459210,0.037266,0.496476,1.000000,1.000000,0.000000,C-06,0,0,0,1,1,0,0.010230,-0.075667,0.7708,0.4011,0.2674,2,ok
0,395,44.680000,3.273274,1.290261,2.746755,0.004747,-0.005016,9.452152,0.220766,0.108316,0.108316,0.000000,1.000000,1.000000,0.000000,,0,0,0,1,1,0,0.010801,-0.110927,0.7500,0.3638,0.2669,2,ok
0,396,44.780000,3.252914,1.298844,2.760260,0.004501,0.008489,9.474246,0.221415,0.328352,0.258316,-0.070035,1.000000,1.000000,0.000000,C-06,0,0,0,1,1,0,0.010423,-0.124828,0.7500,0.3596,0.2675,2,ok
0,397,44.880000,3.232453,1.307309,2.770213,0.004063,-0.007573,9.496490,0.221427,0.171816,0.171816,0.000000,1.000000,1.000000,0.000000,,0,0,0,1,1,0,0.008594,-0.114746,0.8125,0.3894,0.2680,2,ok
0,398,45.000000,3.207839,1.316942,2.772351,0.003826,-0.005436,9.522920,0.220178,-0.002062,0.021816,0.023879,1.000000,1.000000,0.000000,C-06,0,0,0,1,1,0,0.008963,-0.103258,0.8333,0.3803,0.2686,2,ok
0,399,45.100000,3.187290,1.324884,2.781219,0.003454,-0.021045,9.545048,0.220604,0.394686,0.171816,-0.222870,1.000000,1.000000,0.000000,C-06,0,0,0,1,1,0,0.007094,-0.100710,0.7917,0.3898,0.2677,2,ok
0,400,45.200000,3.166701,1.332823,2.798576,0.002762,-0.003688,9.567105,0.221170,0.691991,0.321816,-0.370174,0.996718,0.996718,0.000000,C-06,0,0,0,1,1,0,0.005775,-0.106061,0.7917,0.3883,0.2667,2,ok
0,401,45.320000,3.141713,1.342349,2.830391,0.001915,0.005174,9.593875,0.223876,0.519362,0.471816,-0.047546,1.000000,1.000000,0.000000,C-06,0,0,0,1,1,0,0.007621,-0.113632,0.7917,0.3474,0.2639,2,ok
0,402,45.420000,3.120704,1.349769,2.849838,0.001412,0.024622,9.616150,0.222687,-0.039564,0.321816,0.361380,1.000000,1.000000,0.000000,C-06,0,0,0,1,1,0,0.008792,-0.072464,0.7500,0.3479,0.2640,2,ok
0,403,45.520000,3.099599,1.356484,2.860597,0.001610,0.035380,9.638297,0.221380,-0.173437,0.171816,0.345254,1.000000,1.000000,0.000000,C-06,0,0,0,1,1,0,0.008792,-0.072464,0.7500,0.3479,0.2640,2,ok
0,404,45.640000,3.074192,1.364214,2.872252,0.001570,0.024329,9.664896,0.221291,0.163400,0.163400,0.000000,1.000000,1.000000,0.000000,,0,0,0,1,1,0,0.011692,-0.049160,0.7083,0.3171,0.2646,2,ok
0,405,45.740000,3.052980,1.370116,2.873677,0.002004,0.025755,9.686910,0.220102,-0.237889,0.013400,0.251289,1.000000,1.000000,0.000000,C-06,0,0,0,1,1,0,0.010427,-0.049683,0.7917,0.3311,0.2687,2,ok
0,406,45.840000,3.031773,1.375953,2.870327,0.002226,0.002029,9.708942,0.219851,-0.062026,-0.062026,0.000000,1.000000,1.000000,0.000000,,0,0,0,1,1,0,0.010375,-0.051272,0.8542,0.3284,0.2677,2,ok
0,407,45.960000,3.006321,1.383028,2.876027,0.002277,0.007730,9.735360,0.220317,0.139456,0.087974,-0.051482,1.000000,1.000000,0.000000,C-06,0,0,0,1,1,0,0.009289,-0.062424,0.8333,0.3424,0.2658,2,ok
0,408,46.060000,2.985077,1.388928,2.881163,0.002077,-0.008362,9.757457,0.220601,0.085845,0.085845,0.000000,1.000000,1.000000,0.000000,,0,0,0,1,1,0,0.008309,-0.095885,0.8333,0.3354,0.2681,2,ok
0,409,46.180000,2.959516,1.395960,2.897493,0.001602,0.007968,9.783963,0.221330,0.343489,0.235845,-0.107644,1.000000,1.000000,0.000000,C-06,0,0,0,1,1,0,0.007030,-0.090112,0.8125,0.3459,0.2679,2,ok
0,410,46.280000,2.938151,1.401490,2.903342,0.001427,-0.005972,9.806055,0.220631,0.011995,0.085845,0.073850,1.000000,1.000000,0.000000,C-06,0,0,0,1,1,0,0.007862,-0.080927,0.7708,0.3275,0.2655,2,ok
0,411,46.380000,2.916779,1.406697,2.900216,0.001335,-0.009098,9.828053,0.219838,-0.080525,-0.064155,0.016370,1.000000,1.000000,0.000000,C-06,0,0,0,1,1,0,0.008168,-0.080440,0.7708,0.3243,0.2635,2,ok
0,412,46.500000,2.891127,1.413009,2.906048,0.001088,-0.022903,9.854496,0.220288,0.307256,0.085845,-0.221411,1.000000,1.000000,0.000000,C-06,0,0,0,1,1,0,0.005122,-0.083495,0.7292,0.3609,0.2673,2,ok
0,413,46.600000,2.869702,1.418271,2.919812,0.000426,-0.009140,9.876548,0.220931,0.300758,0.235845,-0.064914,1.000000,1.000000,0.000000,C-06,0,0,0,1,1,0,0.006427,-0.095588,0.7292,0.3188,0.2651,2,ok
0,414,46.700000,2.848203,1.423533,2.936343,-0.000220,0.007391,9.898672,0.221677,0.271267,0.271267,0.000000,1.000000,1.000000,0.000000,,0,0,0,1,1,0,0.006470,-0.105214,0.7500,0.3039,0.2640,2,ok
0,415,46.820000,2.822329,1.429289,2.946245,-0.000832,-0.001293,9.925166,0.220808,0.101606,0.121267,0.019661,1.000000,1.000000,0.000000,C-06,0,0,0,1,1,0,0.005884,-0.095801,0.8125,0.3087,0.2645,2,ok
0,416,46.920000,2.800738,1.433742,2.950664,-0.001080,0.003125,9.947211,0.220426,0.066255,0.066255,0.000000,1.000000,1.000000,0.000000,,0,0,0,1,1,0,0.006172,-0.091951,0.8333,0.3010,0.2640,2,ok
0,417,47.020000,2.779113,1.438115,2.963402,-0.001468,-0.003474,9.969249,0.220856,0.255820,0.216255,-0.039565,1.000000,1.000000,0.000000,C-06,0,0,0,1,1,0,0.006172,-0.091951,0.8333,0.3010,0.2640,2,ok
0,418,47.140000,2.753094,1.443355,2.981755,-0.002101,0.014878,9.995783,0.221464,0.388601,0.366255,-0.022346,1.000000,1.000000,0.000000,C-06,0,0,0,1,1,0,0.002642,-0.041871,0.7917,0.3720,0.2674,2,ok
0,419,47.240000,2.731349,1.447464,2.996023,-0.002526,0.010761,10.017868,0.221248,0.045915,0.216255,0.170340,1.000000,1.000000,0.000000,C-06,0,0,0,1,1,0,0.003751,-0.055822,0.7708,0.3500,0.2659,2,ok
0,420,47.340000,2.709573,1.450869,3.000977,-0.002471,0.015715,10.039909,0.220345,-0.053499,0.066255,0.119754,1.000000,1.000000,0.000000,C-06,0,0,0,1,1,0,0.005043,-0.052090,0.7500,0.3314,0.2647,2,ok
0,421,47.460000,2.683433,1.454584,3.001239,-0.002145,-0.001759,10.066268,0.220003,-0.001108,-0.001108,0.000000,1.000000,1.000000,0.000000,,0,0,0,1,1,0,0.002406,-0.011041,0.7292,0.3976,0.2713,2,ok
0,422,47.560000,2.661658,1.457664,2.995346,-0.002198,-0.007652,10.088260,0.219831,-0.100578,-0.100578,0.000000,1.000000,1.000000,0.000000,,0,0,0,1,1,0,0.001356,-0.000027,0.7292,0.4010,0.2698,2,ok
0,423,47.680000,2.635535,1.461513,2.998359,-0.002414,-0.004639,10.113051,0.220104,0.450622,0.049422,-0.401200,1.000000,1.000000,0.000000,C-06,0,0,0,1,1,0,0.000751,-0.049371,0.8125,0.3728,0.2682,2,ok
0,424,47.780000,2.613743,1.464729,3.010386,-0.003053,-0.011090,10.136636,0.220447,0.633665,0.199422,-0.434243,1.000000,1.000000,0.000000,C-06,0,0,0,1,1,0,-0.002663,-0.063410,0.8333,0.4492,0.2704,2,ok
0,425,47.880000,2.591904,1.467945,3.032347,-0.003656,0.010871,10.158703,0.221011,0.679238,0.349422,-0.329816,1.000000,1.000000,0.000000,C-06,0,0,0,1,1,0,-0.001838,-0.075570,0.8333,0.4251,0.2691,2,ok
0,426,48.000000,2.565619,1.471805,3.065701,-0.004677,0.026530,10.185190,0.221686,0.423110,0.423110,0.000000,1.000000,1.000000,0.000000,,0,0,0,1,1,0,0.000621,-0.030953,0.7708,0.3767,0.2720,2,ok
0,427,48.100000,2.543667,1.474444,3.086415,-0.005035,0.047244,10.207298,0.220981,0.296269,0.296269,0.000000,1.000000,1.000000,0.000000,,0,0,0,1,1,0,0.000177,-0.000970,0.7917,0.4135,0.2675,2,ok
0,428,48.200000,2.521694,1.476169,3.097285,-0.004727,0.040445,10.229235,0.220345,-0.390899,0.146269,0.537169,1.000000,1.000000,0.000000,C-06,0,0,0,1,1,0,-0.002052,0.071921,0.7917,0.5139,0.2703,2,ok
0,429,48.320000,2.495319,1.477370,3.097908,-0.003750,0.041068,10.255619,0.219998,-0.408582,-0.003731,0.404851,1.000000,1.000000,0.000000,C-06,0,0,0,1,1,0,0.000393,0.091338,0.7500,0.4739,0.2708,2,ok
0,430,48.420000,2.473344,1.478326,3.088406,-0.002996,0.014311,10.277558,0.219903,-0.311988,-0.153731,0.158257,1.000000,1.000000,0.000000,C-06,0,0,0,1,1,0,0.002304,0.098302,0.7083,0.4325,0.2719,2,ok
0,431,48.520000,2.451376,1.479484,3.087639,-0.002634,0.013543,10.299554,0.219992,0.358802,-0.003731,-0.362532,1.000000,1.000000,0.000000,C-06,0,0,0,1,1,0,-0.004476,0.094596,0.7708,0.5828,0.2725,2,ok
0,432,48.640000,2.425008,1.480890,3.098737,-0.002294,0.007018,10.325913,0.220105,0.717617,0.146269,-0.571348,1.000000,1.000000,0.000000,C-06,0,0,0,1,1,0,-0.001992,0.084062,0.7708,0.5394,0.2697,2,ok
0,433,48.740000,2.403022,1.482062,3.113823,-0.002370,0.022103,10.347930,0.220222,0.224410,0.224410,0.000000,1.000000,1.000000,0.000000,,0,0,0,1,1,0,-0.002744,0.042318,0.8125,0.5640,0.2643,2,ok
0,434,48.840000,2.381028,1.482928,3.119749,-0.002141,0.028029,10.369939,0.220090,-0.288914,0.074410,0.363325,1.000000,1.000000,0.000000,C-06,0,0,0,1,1,0,-0.002309,0.034513,0.8542,0.6029,0.2700,2,ok
0,435,48.960000,2.355276,1.483512,3.115493,-0.001812,0.006890,10.395661,0.214218,-0.060215,-0.060215,0.000000,0.973813,0.973813,0.000000,,0,0,0,1,1,0,-0.000163,0.059695,0.8125,0.5834,0.2667,2,ok
0,436,49.060000,2.333354,1.483988,3.109921,-0.001573,0.001318,10.417586,0.219944,-0.081788,-0.081788,0.000000,1.000000,1.000000,0.000000,,0,0,0,1,1,0,0.000330,0.039142,0.7500,0.5682,0.2639,2,ok
0,437,49.180000,2.306966,1.484818,3.114799,-0.001847,-0.011467,10.443959,0.220033,0.315697,0.068212,-0.247485,1.000000,1.000000,0.000000,C-06,0,0,0,1,1,0,-0.001741,0.038618,0.7708,0.6004,0.2648,2,ok
0,438,49.280000,2.284970,1.485524,3.129091,-0.002215,0.002826,10.465962,0.220093,0.436465,0.218212,-0.218253,1.000000,1.000000,0.000000,C-06,0,0,0,1,1,0,0.000626,-0.022648,0.7500,0.5489,0.2647,2,ok
0,439,49.380000,2.262971,1.486229,-3.129097,-0.002747,0.010593,10.487924,0.220099,0.529461,0.368212,-0.161249,1.000000,1.000000,0.000000,C-06,0,0,0,1,1,0,-0.001159,0.034298,0.6875,0.6109,0.2676,2,ok
0,440,49.500000,2.237500,1.486757,-3.110182,-0.003323,0.029508,10.513394,0.211808,-0.043603,0.218212,0.261815,0.963146,0.963146,0.000000,C-06,0,0,0,1,1,0,0.001677,0.008118,0.7500,0.5695,0.2660,2,ok
0,441,49.600000,2.215636,1.486330,-3.104615,-0.003017,0.017070,10.535207,0.219915,-0.108727,0.068212,0.176939,1.000000,1.000000,0.000000,C-06,0,0,0,1,1,0,0.007799,-0.007656,0.7917,0.4937,0.2617,2,ok
0,442,49.700000,2.193649,1.485533,-3.109238,-0.002642,0.012447,10.557205,0.220036,-0.149816,-0.081788,0.068028,1.000000,1.000000,0.000000,C-06,0,0,0,1,1,0,0.007495,-0.049234,0.8333,0.5113,0.2683,2,ok
0,443,49.820000,2.167263,1.484670,-3.110001,-0.002285,0.011684,10.582810,0.220004,-0.003302,-0.003302,0.000000,1.000000,1.000000,0.000000,,0,0,0,1,1,0,0.008076,-0.054657,0.8333,0.4902,0.2613,2,ok
0,444,49.920000,2.145277,1.483961,-3.101013,-0.002391,0.003476,10.605561,0.219938,0.374154,0.146698,-0.227456,1.000000,1.000000,0.000000,C-06,0,0,0,1,1,0,0.008027,-0.109412,0.8333,0.4666,0.2648,2,ok
0,445,50.020000,2.123304,1.483253,-3.081636,-0.002482,0.022852,10.627545,0.219733,0.631900,0.296698,-0.335202,1.000000,1.000000,0.000000,C-06,0,0,0,1,1,0,0.007721,-0.132542,0.7500,0.4501,0.2636,2,ok
0,446,50.140000,2.096975,1.482404,-3.055350,-0.002986,0.030477,10.653828,0.219319,0.327001,0.327001,0.000000,1.000000,1.000000,0.000000,,0,0,0,1,1,0,0.009562,-0.120946,0.7917,0.4050,0.2652,2,ok
0,447,50.240000,2.075070,1.481080,-3.042825,-0.002922,0.043002,10.675773,0.219444,0.055679,0.177001,0.121322,1.000000,1.000000,0.000000,C-06,0,0,0,1,1,0,0.011070,-0.107992,0.7292,0.3770,0.2613,2,ok
0,448,50.340000,2.053181,1.479019,-3.040333,-0.002258,0.023553,10.697716,0.219899,-0.109051,0.027001,0.136053,1.000000,1.000000,0.000000,C-06,0,0,0,1,1,0,0.011275,-0.119053,0.7292,0.3694,0.2667,2,ok
0,449,50.460000,2.026910,1.476388,-3.044973,-0.001487,0.018913,10.724107,0.220069,-0.064226,-0.064226,0.000000,1.000000,1.000000,0.000000,,0,0,0,1,1,0,0.011572,-0.097473,0.7500,0.3460,0.2614,2,ok
0,450,50.560000,2.005400,1.474305,-3.040145,-0.001073,-0.002253,10.745686,0.215612,0.631183,0.085774,-0.545409,0.980517,0.980517,0.000000,C-06,0,0,0,1,1,0,0.009476,-0.181572,0.8542,0.3082,0.2694,2,ok
0,451,50.680000,1.979212,1.471808,-3.022452,-0.001077,0.015441,10.771993,0.219451,0.825252,0.235774,-0.589478,1.000000,1.000000,0.000000,C-06,0,0,0,1,1,0,0.009008,-0.158057,0.7917,0.2952,0.2650,2,ok
0,452,50.780000,1.957400,1.469727,-2.998284,-0.001079,0.039608,10.793404,0.218779,0.907158,0.385774,-0.521384,1.000000,1.000000,0.000000,C-06,0,0,0,1,1,0,0.008008,-0.181850,0.7917,0.2842,0.2680,2,ok
0,453,50.880000,1.936868,1.467555,-2.979433,-0.001581,0.029877,10.814508,0.205127,0.287510,0.287510,0.000000,0.938593,0.938593,0.000000,,0,0,0,1,1,0,0.007189,-0.141270,0.7917,0.2910,0.2650,2,ok
0,454,51.000000,1.911097,1.463786,-2.968277,-0.001157,0.041032,10.840550,0.219244,-0.064783,0.137510,0.202293,1.000000,1.000000,0.000000,C-06,0,0,0,1,1,0,0.010054,-0.150798,0.8125,0.2342,0.2620,2,ok
0,455,51.100000,1.889428,1.460028,-2.968300,-0.000764,0.009602,10.862504,0.220002,-0.088302,-0.012490,0.075812,1.000000,1.000000,0.000000,C-06,0,0,0,1,1,0,0.008544,-0.120757,0.7708,0.2571,0.2630,3,ok
0,456,51.200000,1.867742,1.456232,-2.977561,-0.000612,0.000341,10.884519,0.220321,-0.192780,-0.162490,0.030290,1.000000,1.000000,0.000000,C-06,0,0,0,1,1,0,0.009996,-0.139391,0.7917,0.2061,0.2628,2,ok
0,457,51.320000,1.841691,1.451887,-2.979279,-0.000936,-0.032346,10.910903,0.220070,0.412518,-0.012490,-0.425008,1.000000,1.000000,0.000000,C-06,0,0,0,1,1,0,0.007907,-0.142804,0.7083,0.2034,0.2654,2,ok
0,458,51.420000,1.821953,1.448633,-2.971638,-0.001675,-0.024705,10.930893,0.197813,0.869605,0.137510,-0.732095,0.803673,0.900000,0.096327,C-06,0,0,0,1,1,0,0.001563,-0.150782,0.7083,0.2215,0.2665,2,ok
0,459,51.520000,1.801463,1.445390,-2.954405,-0.002574,-0.007472,10.951619,0.209488,0.955528,0.287510,-0.668017,0.957262,0.957262,0.000000,C-06,0,0,0,1,1,0,0.001792,-0.190426,0.8333,0.1661,0.2637,2,ok
0,460,51.640000,1.775753,1.441466,-2.922706,-0.004433,-0.003508,10.977483,0.217438,0.981214,0.437510,-0.543704,1.000000,1.000000,0.000000,C-06,0,0,0,1,1,0,-0.000487,-0.145180,0.7917,0.2104,0.2672,2,ok
0,461,51.740000,1.754324,1.437417,-2.904441,-0.005324,0.014758,10.999273,0.218113,0.128242,0.287510,0.159269,1.000000,1.000000,0.000000,C-06,0,0,0,1,1,0,0.001436,-0.145247,0.8542,0.1596,0.2657,2,ok
0,462,51.840000,1.732965,1.432599,-2.895358,-0.005719,-0.000811,11.021043,0.219033,-0.211223,0.137510,0.348733,1.000000,1.000000,0.000000,C-06,0,0,0,1,1,0,0.003593,-0.143585,0.7917,0.1059,0.2645,3,ok
0,463,51.960000,1.707363,1.426201,-2.895531,-0.005856,-0.000983,11.047432,0.219995,-0.272729,-0.012490,0.260239,1.000000,1.000000,0.000000,C-06,0,0,0,1,1,0,0.000882,-0.098745,0.7917,0.1693,0.2670,2,ok
0,464,52.060000,1.686006,1.420843,-2.903686,-0.006085,-0.029745,11.069345,0.220390,-0.144627,-0.144627,0.000000,1.000000,1.000000,0.000000,,0,0,0,1,1,0,0.000864,-0.143428,0.7500,0.0975,0.2617,3,ok
0,465,52.180000,1.662476,1.415135,-2.904071,-0.006801,-0.030130,11.093547,0.200244,0.598008,0.005373,-0.592635,0.910210,0.910210,0.000000,C-06,0,0,0,1,1,0,-0.001924,-0.142315,0.7292,0.0993,0.2695,2,ok
0,466,52.280000,1.643118,1.410444,-2.895354,-0.007396,-0.021413,11.113456,0.198897,0.682165,0.155373,-0.526792,0.905802,0.905802,0.000000,C-06,0,0,0,1,1,0,-0.003713,-0.137027,0.6875,0.1041,0.2650,2,ok
0,467,52.380000,1.622357,1.405712,-2.877850,-0.008770,-0.021631,11.134541,0.217868,0.640984,0.305373,-0.335611,1.000000,1.000000,0.000000,C-06,0,0,0,1,1,0,-0.005410,-0.138820,0.7708,0.1015,0.2688,2,ok
0,468,52.500000,1.596953,1.399650,-2.854302,-0.010216,0.001918,11.160619,0.217584,0.332772,0.332772,0.000000,1.000000,1.000000,0.000000,,0,0,0,1,1,0,-0.004844,-0.140693,0.7708,0.0881,0.2648,2,ok
0,469,52.600000,1.575906,1.393992,-2.838137,-0.011022,0.001897,11.182255,0.217962,0.270394,0.270394,0.000000,1.000000,1.000000,0.000000,,0,0,0,1,1,0,-0.004520,-0.104245,0.8333,0.0858,0.2694,2,ok
0,470,52.700000,1.554939,1.387684,-2.830340,-0.011266,0.009695,11.204148,0.219058,-0.009170,0.120394,0.129564,1.000000,1.000000,0.000000,C-06,0,0,0,1,1,0,-0.003898,-0.079060,0.7917,0.0672,0.2662,2,ok
0,471,52.820000,1.529805,1.379612,-2.831780,-0.011231,-0.005804,11.230403,0.220111,-0.116853,-0.029606,0.087247,1.000000,1.000000,0.000000,C-06,0,0,0,1,1,0,-0.004488,-0.062893,0.8125,0.0734,0.2697,3,ok
0,472,52.920000,1.508870,1.372904,-2.825569,-0.011367,0.000407,11.252385,0.219616,0.129211,0.120394,-0.008817,1.000000,1.000000,0.000000,C-06,0,0,0,1,1,0,-0.004204,-0.059355,0.7917,0.0712,0.2681,3,ok
0,473,53.020000,1.488008,1.366200,-2.810860,-0.011549,0.004092,11.274129,0.218670,0.308892,0.270394,-0.038498,1.000000,1.000000,0.000000,C-06,0,0,0,1,1,0,-0.004366,-0.074915,0.7917,0.0312,0.2702,2,ok
0,474,53.140000,1.463079,1.357877,-2.801997,-0.011779,0.012955,11.300409,0.219039,0.069197,0.120394,0.051197,1.000000,1.000000,0.000000,C-06,0,0,0,1,1,0,-0.003895,-0.052963,0.7708,0.0314,0.2683,3,ok
0,475,53.240000,1.442334,1.350564,-2.802990,-0.011604,0.011962,11.321141,0.220092,-0.164218,-0.029606,0.134612,1.000000,1.000000,0.000000,C-06,0,0,0,1,1,0,-0.001146,-0.067173,0.7292,-0.0261,0.2659,2,ok
0,476,53.340000,1.421604,1.343257,-2.796797,-0.011590,0.008634,11.344305,0.219588,0.159083,0.120394,-0.038689,1.000000,1.000000,0.000000,C-06,0,0,0,1,1,0,-0.003185,-0.049524,0.7083,0.0064,0.2684,2,ok
0,477,53.460000,1.396833,1.334483,-2.779222,-0.011524,0.026209,11.370583,0.218380,0.290398,0.270394,-0.020005,1.000000,1.000000,0.000000,C-06,0,0,0,1,1,0,-0.001499,-0.061797,0.7917,-0.0362,0.2664,2,ok
0,478,53.560000,1.376295,1.326919,-2.771145,-0.011335,0.026060,11.392390,0.218913,0.135878,0.135878,0.000000,1.000000,1.000000,0.000000,,0,0,0,1,1,0,-0.000709,-0.025510,0.8125,-0.0359,0.2669,3,ok
0,479,53.680000,1.351687,1.317372,-2.771501,-0.010666,0.025704,11.418777,0.220058,-0.311743,-0.014122,0.297620,1.000000,1.000000,0.000000,C-06,0,0,0,1,1,0,0.001263,-0.024614,0.8125,-0.0649,0.2678,3,ok
0,480,53.780000,1.331146,1.309414,-2.780023,-0.010229,0.010742,11.440736,0.220585,-0.313990,-0.164122,0.149867,1.000000,1.000000,0.000000,C-06,0,0,0,1,1,0,-0.000213,-0.006568,0.8125,-0.0365,0.2664,2,ok
0,481,53.880000,1.310518,1.301458,-2.793577,-0.009849,-0.002813,11.462842,0.221534,-0.246782,-0.246782,0.000000,1.000000,1.000000,0.000000,,0,0,0,1,1,0,0.000725,-0.027120,0.7917,-0.0816,0.2644,2,ok
0,482,54.000000,1.285668,1.292254,-2.800607,-0.009849,-0.014532,11.489278,0.220798,0.050309,-0.096782,-0.147091,1.000000,1.000000,0.000000,C-06,0,0,0,1,1,0,0.000311,-0.048470,0.7917,-0.0906,0.2657,2,ok
0,483,54.100000,1.264942,1.284885,-2.798111,-0.010196,-0.012036,11.511273,0.219830,0.787481,0.053218,-0.734263,1.000000,1.000000,0.000000,C-06,0,0,0,1,1,0,-0.003826,-0.051276,0.7292,-0.0500,0.2669,3,ok
0,484,54.200000,1.244264,1.277489,-2.787327,-0.010551,-0.005596,11.533170,0.219248,1.000000,0.203218,-0.796782,1.000000,1.000000,0.000000,C-06,0,0,0,1,1,0,-0.003826,-0.051276,0.7292,-0.0500,0.2669,3,ok
0,485,54.320000,1.219606,1.268611,-2.764404,-0.011011,0.017328,11.559373,0.217588,0.627641,0.353218,-0.274423,1.000000,1.000000,0.000000,C-06,0,0,0,1,1,0,-0.001713,-0.065528,0.7292,-0.1169,0.2642,2,ok
0,486,54.420000,1.199203,1.260844,-2.752532,-0.010987,0.026185,11.581225,0.218394,-0.353115,0.203218,0.556333,1.000000,1.000000,0.000000,C-06,0,0,0,1,1,0,0.000815,-0.031118,0.8125,-0.1372,0.2656,2,ok
0,487,54.520000,1.178864,1.252593,-2.749008,-0.010460,0.029709,11.603167,0.219573,-0.638911,0.053218,0.692129,1.000000,1.000000,0.000000,C-06,0,0,0,1,1,0,0.000952,-0.019211,0.8333,-0.1321,0.2631,2,ok
0,488,54.640000,1.154448,1.242497,-2.754722,-0.009669,0.022354,11.629527,0.220437,-1.000000,-0.096782,0.903218,1.000000,1.000000,0.000000,C-06,0,0,0,1,1,0,0.001746,0.005554,0.8125,-0.1399,0.2653,3,ok
0,489,54.740000,1.134023,1.234128,-2.767804,-0.009174,0.009271,11.651595,0.221180,-0.778848,-0.246782,0.532066,1.000000,1.000000,0.000000,C-06,0,0,0,1,1,0,0.001354,0.012932,0.8125,-0.1321,0.2685,3,ok
0,490,54.840000,1.113498,1.225793,-2.778840,-0.008748,-0.001764,11.673743,0.221611,-0.193057,-0.193057,0.000000,1.000000,1.000000,0.000000,,0,0,0,1,1,0,0.001305,-0.006997,0.7500,-0.1567,0.2686,3,ok
0,491,54.960000,1.088798,1.216334,-2.782174,-0.008756,-0.004685,11.700196,0.220353,0.009244,-0.043057,-0.052301,1.000000,1.000000,0.000000,C-06,0,0,0,1,1,0,0.001657,-0.026670,0.7708,-0.1802,0.2667,2,ok
0,492,55.060000,1.068215,1.208592,-2.778911,-0.008894,-0.001422,11.722187,0.219765,0.066073,0.066073,0.000000,1.000000,1.000000,0.000000,,0,0,0,1,1,0,0.001668,-0.055704,0.7708,-0.2199,0.2675,2,ok
0,493,55.180000,1.043547,1.199300,-2.775886,-0.009036,0.001359,11.748550,0.219648,0.043452,0.043452,0.000000,1.000000,1.000000,0.000000,,0,0,0,1,1,0,0.000458,-0.031708,0.7083,-0.1958,0.2679,2,ok
0,494,55.280000,1.022983,1.191436,-2.781233,-0.009043,-0.003988,11.770566,0.220379,-0.251245,-0.106548,0.144697,1.000000,1.000000,0.000000,C-06,0,0,0,1,1,0,0.000744,-0.006091,0.7500,-0.2040,0.2681,3,ok
0,495,55.380000,1.002388,1.183629,-2.783147,-0.009038,-0.003227,11.792632,0.220240,-0.029334,-0.029334,0.000000,1.000000,1.000000,0.000000,,0,0,0,1,1,0,0.002092,-0.042623,0.8542,-0.2467,0.2683,3,ok
0,496,55.500000,0.977636,1.174298,-2.790107,-0.009054,-0.010188,11.819085,0.220676,-0.107876,-0.107876,0.000000,1.000000,1.000000,0.000000,,0,0,0,1,1,0,0.002627,-0.055035,0.8333,-0.2818,0.2672,2,ok
0,497,55.600000,0.956950,1.166523,-2.798430,-0.009112,-0.015544,11.841170,0.221239,-0.149486,-0.149486,0.000000,1.000000,1.000000,0.000000,,0,0,0,1,1,0,0.000891,-0.040152,0.8125,-0.2527,0.2693,3,ok
0,498,55.700000,0.936229,1.159108,-2.798913,-0.009528,-0.016027,11.863174,0.220002,0.067317,0.000514,-0.066802,1.000000,1.000000,0.000000,C-06,0,0,0,1,1,0,-0.000979,-0.028271,0.7708,-0.2379,0.2666,2,ok
0,499,55.820000,0.911333,1.150237,-2.806691,-0.009922,-0.019784,11.889693,0.220510,-0.121748,-0.121748,0.000000,1.000000,1.000000,0.000000,,0,0,0,1,1,0,0.000261,-0.056953,0.7917,-0.2958,0.2657,2,ok
0,500,55.920000,0.890548,1.142968,-2.808304,-0.010289,-0.021397,11.911709,0.220163,-0.020058,-0.020058,0.000000,1.000000,1.000000,0.000000,,0,0,0,1,1,0,-0.001882,-0.060984,0.7083,-0.2814,0.2706,3,ok
0,501,56.020000,0.869779,1.135769,-2.801823,-0.010698,-0.010392,11.933706,0.219576,0.126418,0.126418,0.000000,1.000000,1.000000,0.000000,,0,0,0,1,1,0,-0.001446,-0.062468,0.7083,-0.3021,0.2669,3,ok
0,502,56.140000,0.844887,1.126970,-2.802743,-0.010999,-0.011312,11.960106,0.220092,-0.483788,-0.023582,0.460206,1.000000,1.000000,0.000000,C-06,0,0,0,1,1,0,0.001720,-0.081844,0.7708,-0.3838,0.2669,3,ok
0,503,56.240000,0.824108,1.119657,-2.811775,-0.011232,-0.013607,11.982196,0.220571,-0.171770,-0.171770,0.000000,1.000000,1.000000,0.000000,,0,0,0,1,1,0,0.001209,-0.070281,0.8125,-0.3934,0.2673,3,ok
0,504,56.340000,0.803266,1.112347,-2.819612,-0.011412,-0.021444,12.004283,0.221094,-0.133426,-0.133426,0.000000,1.000000,1.000000,0.000000,,0,0,0,1,1,0,0.002208,-0.083960,0.8333,-0.4213,0.2676,3,ok
0,505,56.460000,0.778218,1.103980,-2.820223,-0.011967,-0.015268,12.030768,0.220000,0.000065,0.000065,0.000000,1.000000,1.000000,0.000000,,0,0,0,1,1,0,-0.000127,-0.105999,0.7917,-0.4184,0.2699,3,ok
0,506,56.560000,0.757336,1.097031,-2.822873,-0.012347,-0.017918,12.052773,0.220164,-0.049623,-0.049623,0.000000,1.000000,1.000000,0.000000,,0,0,0,1,1,0,-0.000466,-0.094609,0.8125,-0.4441,0.2708,3,ok
0,507,56.680000,0.732283,1.088760,-2.818004,-0.012795,-0.004564,12.079274,0.219681,0.079542,0.079542,0.000000,1.000000,1.000000,0.000000,,0,0,0,1,1,0,0.001052,-0.084325,0.7917,-0.4880,0.2694,3,ok
0,508,56.780000,0.711414,1.081770,-2.821514,-0.012920,-0.008074,12.101282,0.220218,-0.132618,-0.070458,0.062160,1.000000,1.000000,0.000000,C-06,0,0,0,1,1,0,0.002823,-0.081953,0.7500,-0.5414,0.2684,3,ok
0,509,56.880000,0.690494,1.074792,-2.833515,-0.013073,-0.020075,12.120921,0.220901,-0.317790,-0.220458,0.097332,1.000000,1.000000,0.000000,C-06,0,0,0,1,1,0,0.003185,-0.046389,0.7292,-0.5523,0.2662,3,ok
0,510,57.000000,0.665243,1.066421,-2.858670,-0.013022,-0.035136,12.150064,0.222405,-0.412173,-0.370458,0.041715,1.000000,1.000000,0.000000,C-06,0,0,0,1,1,0,0.003379,-0.049061,0.7500,-0.5797,0.2639,3,ok
0,511,57.100000,0.644075,1.059788,-2.872303,-0.013366,-0.048769,12.169684,0.221763,0.250022,-0.220458,-0.470480,1.000000,1.000000,0.000000,C-06,0,0,0,1,1,0,-0.000325,-0.063653,0.7917,-0.5746,0.2683,3,ok
0,512,57.200000,0.622851,1.053752,-2.877323,-0.014038,-0.042600,12.194437,0.220541,1.000000,-0.070458,-1.070458,1.000000,1.000000,0.000000,C-06,0,0,0,1,1,0,-0.002247,-0.111673,0.8125,-0.5831,0.2675,3,ok
0,513,57.320000,0.597383,1.046845,-2.872305,-0.015197,-0.037582,12.218387,0.219729,1.000000,0.079542,-0.920458,1.000000,1.000000,0.000000,C-06,0,0,0,1,1,0,-0.001398,-0.177818,0.8542,-0.6434,0.2700,3,ok
0,514,57.420000,0.576211,1.041100,-2.859575,-0.015822,-0.012914,12.242937,0.219022,0.646893,0.229542,-0.417351,1.000000,1.000000,0.000000,C-06,0,0,0,1,1,0,-0.003809,-0.060565,0.7708,-0.6240,0.2689,3,ok
0,515,57.520000,0.555098,1.035149,-2.854171,-0.016266,-0.007510,12.264867,0.219389,-0.031971,0.079542,0.111514,1.000000,1.000000,0.000000,C-06,0,0,0,1,1,0,-0.002257,-0.066008,0.7292,-0.6516,0.2707,3,ok
0,516,57.640000,0.529768,1.027678,-2.858411,-0.016178,0.001571,12.291479,0.220248,-0.281815,-0.070458,0.211357,1.000000,1.000000,0.000000,C-06,0,0,0,1,1,0,0.001448,-0.037323,0.7500,-0.7495,0.2679,3,ok
0,517,57.740000,0.508610,1.021444,-2.870683,-0.016089,-0.010701,12.313536,0.220912,-0.298891,-0.220458,0.078434,1.000000,1.000000,0.000000,C-06,0,0,0,1,1,0,0.001659,-0.006698,0.7500,-0.7534,0.2694,3,ok
0,518,57.840000,0.487354,1.015210,-2.892053,-0.015755,-0.017590,12.335900,0.222050,-0.646111,-0.370458,0.275653,1.000000,1.000000,0.000000,C-06,0,0,0,1,1,0,0.003085,0.072817,0.7083,-0.7895,0.2651,3,ok
0,519,57.960000,0.461661,1.007729,-2.929201,-0.015376,-0.054738,12.362658,0.223831,-0.601161,-0.520458,0.080703,1.000000,1.000000,0.000000,C-06,0,0,0,1,1,0,0.000751,0.078140,0.7500,-0.7672,0.2691,3,ok
0,520,58.060000,0.440101,1.002107,-2.952975,-0.015330,-0.062466,12.385194,0.222642,0.493639,-0.370458,-0.864097,1.000000,1.000000,0.000000,C-06,0,0,0,1,1,0,-0.006382,-0.118957,0.8125,-0.7394,0.2645,3,ok
0,521,58.180000,0.414126,0.996456,-2.970426,-0.016350,-0.079916,12.411459,0.221410,1.000000,-0.220458,-1.220458,1.000000,1.000000,0.000000,C-06,0,0,0,1,1,0,-0.009770,-0.080518,0.7917,-0.7209,0.2647,3,ok
0,522,58.280000,0.392436,0.992489,-2.975662,-0.017565,-0.067293,12.434037,0.220414,1.000000,-0.070458,-1.070458,1.000000,1.000000,0.000000,C-06,0,0,0,1,1,0,-0.010558,-0.085735,0.7917,-0.7247,0.2648,3,ok
0,523,58.380000,0.370745,0.988842,-2.971439,-0.019098,-0.063070,12.455979,0.219847,0.560228,0.079542,-0.480686,1.000000,1.000000,0.000000,C-06,0,0,0,1,1,0,-0.011431,-0.057850,0.7708,-0.7791,0.2654,3,ok
0,524,58.500000,0.344719,0.984370,-2.975063,-0.020343,-0.047008,12.482773,0.220134,-0.053624,-0.053624,0.000000,1.000000,1.000000,0.000000,,0,0,0,1,1,0,-0.014586,0.009808,0.7500,-0.7094,0.2655,3,ok
0,525,58.600000,0.323022,0.980696,-2.975931,-0.021377,-0.047875,12.504755,0.220058,-0.010200,-0.010200,0.000000,1.000000,1.000000,0.000000,,0,0,0,1,1,0,-0.014571,0.011546,0.6875,-0.7317,0.2642,3,ok
0,526,58.700000,0.302268,0.977135,-2.973975,-0.021905,-0.024996,12.526267,0.209788,0.034428,0.034428,0.000000,0.953125,0.953125,0.000000,,0,0,0,1,1,0,-0.015977,0.084310,0.7500,-0.6907,0.2571,3,ok
0,527,58.820000,0.276435,0.972932,-2.981802,-0.022741,-0.032823,12.552426,0.219749,-0.154264,-0.115572,0.038692,0.998922,0.998922,0.000000,C-06,0,0,0,1,1,0,-0.018157,0.152203,0.7708,-0.6425,0.2645,3,ok
0,528,58.920000,0.255611,0.969586,-2.980334,-0.023014,-0.006929,12.574028,0.210154,0.156032,0.034428,-0.121604,0.955528,0.955528,0.000000,C-06,0,0,0,1,1,0,-0.018484,0.086299,0.8125,-0.6094,0.2617,3,ok
0,529,59.020000,0.234044,0.966215,-2.986904,-0.023356,-0.013498,12.595855,0.219961,-0.234202,-0.115572,0.118630,1.000000,1.000000,0.000000,C-06,0,0,0,1,1,0,-0.016291,0.140029,0.8125,-0.6372,0.2587,3,ok
0,530,59.140000,0.207923,0.962167,-3.006448,-0.023317,-0.007866,12.622821,0.220560,-0.413530,-0.265572,0.147958,1.000000,1.000000,0.000000,C-06,0,0,0,1,1,0,-0.017946,0.163674,0.7917,-0.5658,0.2595,3,ok
0,531,59.240000,0.186089,0.958794,-3.032239,-0.023199,-0.033657,12.644913,0.221237,-0.407675,-0.407675,0.000000,1.000000,1.000000,0.000000,,0,0,0,1,1,0,-0.017533,0.217634,0.7708,-0.5671,0.2638,3,ok
0,532,59.340000,0.164191,0.955421,-3.059282,-0.022433,-0.032955,12.667837,0.221807,-0.407273,-0.407273,0.000000,1.000000,1.000000,0.000000,,0,0,0,1,1,0,-0.020456,0.240120,0.7708,-0.4876,0.2636,3,ok
0,533,59.460000,0.137855,0.952035,-3.086318,-0.022071,-0.059991,12.694388,0.221125,-0.327626,-0.327626,0.000000,1.000000,1.000000,0.000000,,0,0,0,1,1,0,-0.018621,0.173409,0.7500,-0.5126,0.2610,3,ok
0,534,59.560000,0.115877,0.949836,-3.106803,-0.021827,-0.050258,12.717032,0.220767,-0.296415,-0.296415,0.000000,1.000000,1.000000,0.000000,,0,0,0,1,1,0,-0.020716,0.244552,0.7083,-0.4680,0.2663,3,ok
0,535,59.680000,0.089488,0.948327,-3.119767,-0.022556,-0.030579,12.744229,0.220220,-0.023626,-0.146415,-0.122789,1.000000,1.000000,0.000000,C-06,0,0,0,1,1,0,-0.021314,0.143377,0.8333,-0.4125,0.2658,3,ok
0,536,59.780000,0.067491,0.947265,-3.132720,-0.022695,-0.043532,12.766251,0.220218,-0.187913,-0.187913,0.000000,1.000000,1.000000,0.000000,,0,0,0,1,1,0,-0.020357,0.200689,0.7917,-0.4091,0.2660,3,ok
0,537,59.880000,0.045491,0.946298,3.127706,-0.022928,-0.066290,12.786509,0.220195,-0.400864,-0.337913,0.062952,1.000000,1.000000,0.000000,C-06,0,0,0,1,1,0,-0.019376,0.165856,0.7917,-0.3971,0.2643,3,ok
0,538,60.000000,0.019101,0.945572,3.103813,-0.022645,-0.057303,12.815469,0.219879,-0.282465,-0.282465,0.000000,1.000000,1.000000,0.000000,,0,0,0,1,1,0,-0.020576,0.170099,0.8125,-0.3565,0.2638,3,ok
0,539,60.100000,-0.002879,0.945928,3.093743,-0.023240,-0.032678,12.838252,0.219812,-0.102301,-0.132465,-0.030163,1.000000,1.000000,0.000000,C-06,0,0,0,1,1,0,-0.018184,0.135332,0.7708,-0.4018,0.2641,3,ok
0,540,60.200000,-0.024845,0.946460,3.077863,-0.023436,-0.048558,12.860224,0.219631,-0.243314,-0.243314,0.000000,1.000000,1.000000,0.000000,,0,0,0,1,1,0,-0.019346,0.139890,0.7708,-0.3499,0.2686,3,ok
0,541,60.320000,-0.051162,0.947101,3.047081,-0.023366,-0.045539,12.887369,0.219116,-0.566571,-0.393314,0.173257,1.000000,1.000000,0.000000,C-06,0,0,0,1,1,0,-0.017643,0.143603,0.6875,-0.3569,0.2649,3,ok
0,542,60.420000,-0.072927,0.947774,3.014483,-0.022948,-0.078137,12.909140,0.217359,-0.503847,-0.503847,0.000000,0.994959,0.994959,0.000000,,0,0,0,1,1,0,-0.019798,0.152649,0.7708,-0.3138,0.2661,3,ok
0,543,60.520000,-0.094702,0.949510,2.990764,-0.023334,-0.069607,12.931782,0.218489,0.585207,-0.353847,-0.939054,1.000000,1.000000,0.000000,C-06,0,0,0,1,1,0,-0.020999,0.089193,0.7917,-0.3087,0.2667,3,ok
0,544,60.640000,-0.120768,0.952809,2.974544,-0.024419,-0.085827,12.958034,0.218949,1.000000,-0.203847,-1.203847,1.000000,1.000000,0.000000,C-06,0,0,0,1,1,0,-0.022630,0.050671,0.8333,-0.2988,0.2663,3,ok
0,545,60.740000,-0.142453,0.956296,2.970459,-0.025758,-0.059241,12.980710,0.219695,1.000000,-0.053847,-1.053847,1.000000,1.000000,0.000000,C-06,0,0,0,1,1,0,-0.024377,0.046884,0.8125,-0.2578,0.2663,2,ok
0,546,60.840000,-0.164141,0.960035,2.975807,-0.026996,-0.053893,13.002683,0.220191,0.273861,0.096153,-0.177708,1.000000,1.000000,0.000000,C-06,0,0,0,1,1,0,-0.023566,0.042645,0.7917,-0.2763,0.2670,2,ok
0,547,60.960000,-0.190188,0.964530,2.979955,-0.028136,-0.021544,13.029841,0.220296,0.051798,0.051798,0.000000,1.000000,1.000000,0.000000,,0,0,0,1,1,0,-0.023762,0.050006,0.7917,-0.2680,0.2648,2,ok
0,548,61.060000,-0.211900,0.968099,2.979211,-0.028605,-0.022288,13.051840,0.220002,-0.017316,-0.017316,0.000000,1.000000,1.000000,0.000000,,0,0,0,1,1,0,-0.022674,0.100840,0.7292,-0.2217,0.2691,3,ok
0,549,61.180000,-0.237956,0.972367,2.980736,-0.028739,0.005187,13.079020,0.220050,0.022009,0.022009,0.000000,1.000000,1.000000,0.000000,,0,0,0,1,1,0,-0.022674,0.135675,0.7083,-0.1958,0.2666,3,ok
0,550,61.280000,-0.259677,0.975923,2.983489,-0.028599,0.007940,13.101029,0.220142,0.044309,0.044309,0.000000,1.000000,1.000000,0.000000,,0,0,0,1,1,0,-0.019116,0.127943,0.7500,-0.2289,0.2673,3,ok
0,551,61.380000,-0.281420,0.979480,2.994978,-0.028163,0.042898,13.123699,0.220504,0.194709,0.194309,-0.000400,1.000000,1.000000,0.000000,C-06,0,0,0,1,1,0,-0.019148,0.159397,0.8542,-0.1789,0.2655,3,ok
0,552,61.500000,-0.307546,0.983478,2.999179,-0.027124,0.047099,13.150109,0.220230,-0.227903,0.044309,0.272212,1.000000,1.000000,0.000000,C-06,0,0,0,1,1,0,-0.015121,0.170543,0.7917,-0.2005,0.2658,3,ok
0,553,61.600000,-0.329316,0.986607,2.993844,-0.025721,0.063251,13.172676,0.219836,-0.093943,-0.093943,0.000000,1.000000,1.000000,0.000000,,0,0,0,1,1,0,-0.013974,0.209591,0.7917,-0.1527,0.2651,3,ok
0,554,61.700000,-0.351054,0.989725,2.979202,-0.024144,0.048609,13.194580,0.219363,-0.469608,-0.243943,0.225665,1.000000,1.000000,0.000000,C-06,0,0,0,1,1,0,-0.009956,0.202260,0.7917,-0.1848,0.2636,3,ok
0,555,61.820000,-0.377044,0.993467,2.950429,-0.021997,0.039541,13.221158,0.218287,-0.603624,-0.393943,0.209681,1.000000,1.000000,0.000000,C-06,0,0,0,1,1,0,-0.009021,0.202947,0.8333,-0.1778,0.2622,3,ok
0,556,61.920000,-0.398572,0.996588,2.917435,-0.020089,0.006546,13.242828,0.216883,-0.564934,-0.543943,0.020991,1.000000,1.000000,0.000000,C-06,0,0,0,1,1,0,-0.008983,0.168891,0.7292,-0.1407,0.2621,3,ok
0,557,62.020000,-0.419958,1.000505,2.892752,-0.018788,-0.000146,13.264866,0.217416,-0.187169,-0.393943,-0.206774,1.000000,1.000000,0.000000,C-06,0,0,0,1,1,0,-0.012246,0.155471,0.7083,-0.0883,0.2679,3,ok
0,558,62.140000,-0.445482,1.006352,2.874444,-0.018164,-0.018453,13.291044,0.218257,0.270884,-0.243943,-0.514827,1.000000,1.000000,0.000000,C-06,0,0,0,1,1,0,-0.009718,0.091208,0.7917,-0.1419,0.2655,3,ok
0,559,62.240000,-0.466682,1.011932,2.868216,-0.018127,-0.008271,13.313296,0.219296,0.193132,-0.093943,-0.287075,1.000000,1.000000,0.000000,C-06,0,0,0,1,1,0,-0.010598,0.086788,0.7917,-0.1223,0.2683,3,ok
0,560,62.340000,-0.487871,1.017859,2.870987,-0.018250,-0.005500,13.335299,0.220158,0.585071,0.056057,-0.529014,1.000000,1.000000,0.000000,C-06,0,0,0,1,1,0,-0.010367,0.070873,0.8125,-0.1310,0.2633,3,ok
0,561,62.460000,-0.513356,1.024988,2.884960,-0.018219,0.023598,13.362017,0.220895,0.391541,0.206057,-0.185484,1.000000,1.000000,0.000000,C-06,0,0,0,1,1,0,-0.010367,0.070873,0.8125,-0.1310,0.2633,3,ok
0,562,62.560000,-0.534648,1.030704,2.888966,-0.017803,0.027603,13.384059,0.220420,-0.155303,0.056057,0.211360,1.000000,1.000000,0.000000,C-06,0,0,0,1,1,0,-0.008507,0.118545,0.7917,-0.0657,0.2681,3,ok
0,563,62.680000,-0.560192,1.037308,2.882798,-0.016860,0.035332,13.410691,0.219674,-0.384143,-0.093943,0.290200,1.000000,1.000000,0.000000,C-06,0,0,0,1,1,0,-0.006608,0.140057,0.7708,-0.0672,0.2657,3,ok
0,564,62.780000,-0.581423,1.042802,2.869131,-0.015914,0.021665,13.432601,0.218938,-0.355804,-0.243943,0.111861,1.000000,1.000000,0.000000,C-06,0,0,0,1,1,0,-0.004751,0.120495,0.7708,-0.0757,0.2692,3,ok
0,565,62.880000,-0.602546,1.048297,2.846772,-0.014906,0.011127,13.454573,0.217639,-0.510407,-0.393943,0.116464,1.000000,1.000000,0.000000,C-06,0,0,0,1,1,0,-0.006395,0.132105,0.7292,-0.0263,0.2671,3,ok
0,566,63.000000,-0.627736,1.055398,2.829068,-0.014052,-0.006576,13.480731,0.218132,-0.101704,-0.243943,-0.142239,1.000000,1.000000,0.000000,C-06,0,0,0,1,1,0,-0.006568,0.100322,0.7500,-0.0378,0.2678,3,ok
0,567,63.100000,-0.646734,1.061509,2.823142,-0.014059,-0.001281,13.500844,0.197734,0.074968,-0.093943,-0.168912,0.861302,0.900000,0.038698,C-06,0,0,0,1,1,0,-0.005903,0.065788,0.7917,-0.0557,0.2658,3,ok
0,568,63.200000,-0.666762,1.067968,2.825745,-0.013921,0.001322,13.521886,0.214110,0.553799,0.056057,-0.497742,0.974721,0.974721,0.000000,C-06,0,0,0,1,1,0,-0.008613,0.076816,0.8333,0.0090,0.2646,3,ok
0,569,63.320000,-0.691825,1.075829,2.834344,-0.013501,0.019495,13.548256,0.219662,0.128392,0.128392,0.000000,1.000000,1.000000,0.000000,,0,0,0,1,1,0,-0.006573,0.059471,0.8333,-0.0246,0.2635,3,ok
0,570,63.420000,-0.712795,1.082461,2.833794,-0.013062,0.018945,13.570245,0.219927,-0.448926,-0.021608,0.427318,1.000000,1.000000,0.000000,C-06,0,0,0,1,1,0,-0.003503,0.074684,0.7917,-0.0126,0.2681,3,ok
0,571,63.520000,-0.733733,1.089127,2.824581,-0.012665,0.009733,13.592215,0.219448,-0.514704,-0.171608,0.343097,1.000000,1.000000,0.000000,C-06,0,0,0,1,1,0,-0.002870,0.085603,0.7708,0.0015,0.2648,3,ok
0,572,63.640000,-0.758761,1.097127,2.810859,-0.011935,0.004625,13.618619,0.218540,-0.200832,-0.200832,0.000000,1.000000,1.000000,0.000000,,0,0,0,1,1,0,-0.003961,0.082251,0.7708,0.0254,0.2652,3,ok
0,573,63.740000,-0.779537,1.103984,2.802047,-0.011531,-0.004188,13.640494,0.218807,-0.150261,-0.150261,0.000000,1.000000,1.000000,0.000000,,0,0,0,1,1,0,-0.006392,0.101380,0.7500,0.0826,0.2677,3,ok
0,574,63.840000,-0.800223,1.111029,2.785827,-0.011187,-0.013114,13.662425,0.218014,-0.432212,-0.300261,0.131951,1.000000,1.000000,0.000000,C-06,0,0,0,1,1,0,-0.003930,0.052244,0.7292,0.0267,0.2642,3,ok
0,575,63.960000,-0.824917,1.119927,2.775005,-0.011228,-0.023935,13.688673,0.218800,0.505248,-0.150261,-0.655510,1.000000,1.000000,0.000000,C-06,0,0,0,1,1,0,-0.004917,0.041824,0.7708,0.0407,0.2624,2,ok
0,576,64.060000,-0.845450,1.127798,2.774319,-0.011582,-0.018121,13.710731,0.219998,1.000000,-0.000261,-1.000261,1.000000,1.000000,0.000000,C-06,0,0,0,1,1,0,-0.008580,0.039805,0.8125,0.1082,0.2678,2,ok
0,577,64.180000,-0.870130,1.137277,2.783659,-0.012011,-0.008781,13.737165,0.220647,1.000000,0.149739,-0.850261,1.000000,1.000000,0.000000,C-06,0,0,0,1,1,0,-0.007181,0.019651,0.8333,0.0746,0.2653,3,ok
0,578,64.300000,-0.894941,1.146741,2.803206,-0.012274,0.016057,13.763772,0.221938,1.000000,0.299739,-0.700261,1.000000,1.000000,0.000000,C-06,0,0,0,1,1,0,-0.007286,0.043073,0.8125,0.1092,0.2679,2,ok
0,579,64.400000,-0.915730,1.154334,2.812554,-0.012168,0.025405,13.785904,0.221240,-0.714951,0.149739,0.864689,1.000000,1.000000,0.000000,C-06,0,0,0,1,1,0,-0.005059,0.069333,0.8125,0.0986,0.2644,2,ok
0,580,64.520000,-0.940719,1.162879,2.813224,-0.011409,0.029823,13.812348,0.220001,-0.476501,-0.000261,0.476239,1.000000,1.000000,0.000000,C-06,0,0,0,1,1,0,-0.005464,0.094577,0.7917,0.1442,0.2680,2,ok
0,581,64.620000,-0.961517,1.169974,2.805231,-0.010749,0.021831,13.834314,0.219489,-0.624895,-0.150261,0.474634,1.000000,1.000000,0.000000,C-06,0,0,0,1,1,0,-0.002154,0.094943,0.7500,0.1413,0.2667,3,ok
0,582,64.740000,-0.986354,1.178488,2.785546,-0.009894,0.005251,13.860608,0.218134,-0.852423,-0.300261,0.552162,1.000000,1.000000,0.000000,C-06,0,0,0,1,1,0,-0.005868,0.119903,0.7083,0.2144,0.2733,3,ok
0,583,64.840000,-1.006900,1.185627,2.766232,-0.009257,-0.014062,13.882349,0.217288,-0.348295,-0.348295,0.000000,1.000000,1.000000,0.000000,,0,0,0,1,1,0,-0.003140,0.066205,0.7917,0.1605,0.2665,2,ok
0,584,64.960000,-1.031392,1.194937,2.752347,-0.009259,-0.025883,13.908544,0.218432,1.000000,-0.198295,-1.198295,1.000000,1.000000,0.000000,C-06,0,0,0,1,1,0,-0.006189,0.053898,0.8542,0.2066,0.2681,3,ok
0,585,65.060000,-1.051730,1.203197,2.749012,-0.009759,-0.029218,13.930489,0.219613,1.000000,-0.048295,-1.048295,1.000000,1.000000,0.000000,C-06,0,0,0,1,1,0,-0.007780,0.020435,0.8125,0.2078,0.2689,2,ok
0,586,65.180000,-1.076149,1.213294,2.755132,-0.010473,-0.022215,13.956934,0.220463,1.000000,0.101705,-0.898295,1.000000,1.000000,0.000000,C-06,0,0,0,1,1,0,-0.007938,0.002684,0.8125,0.2043,0.2657,2,ok
0,587,65.300000,-1.100676,1.223337,2.771134,-0.011072,-0.006213,13.983431,0.221425,1.000000,0.251705,-0.748295,1.000000,1.000000,0.000000,C-06,0,0,0,1,1,0,-0.010392,0.030624,0.7917,0.2773,0.2690,3,ok
0,588,65.400000,-1.121211,1.231477,2.777509,-0.011335,-0.000174,14.005511,0.220839,0.059135,0.101705,0.042570,1.000000,1.000000,0.000000,C-06,0,0,0,1,1,0,-0.009803,0.072780,0.7292,0.2939,0.2727,3,ok
0,589,65.520000,-1.145872,1.240891,2.774949,-0.011318,-0.002734,14.031908,0.219806,-0.314246,-0.048295,0.265951,1.000000,1.000000,0.000000,C-06,0,0,0,1,1,0,-0.006851,0.025789,0.7292,0.2354,0.2670,2,ok
0,590,65.620000,-1.166371,1.248777,2.764582,-0.011392,-0.013854,14.053847,0.219286,-0.251799,-0.198295,0.053503,1.000000,1.000000,0.000000,C-06,0,0,0,1,1,0,-0.010843,0.076218,0.7292,0.3454,0.2686,2,ok
0,591,65.740000,-1.190897,1.258413,2.760857,-0.011687,-0.017579,14.080197,0.219611,0.384988,-0.048295,-0.433283,1.000000,1.000000,0.000000,C-06,0,0,0,1,1,0,-0.011146,0.081154,0.7708,0.3484,0.2747,3,ok
0,592,65.840000,-1.211338,1.266584,2.765805,-0.012078,-0.015140,14.102194,0.220366,0.539135,0.101705,-0.437430,1.000000,1.000000,0.000000,C-06,0,0,0,1,1,0,-0.011342,0.068379,0.7917,0.3512,0.2750,2,ok
0,593,65.960000,-1.235970,1.276359,2.781988,-0.012496,0.001042,14.128690,0.221390,0.362761,0.251705,-0.111056,1.000000,1.000000,0.000000,C-06,0,0,0,1,1,0,-0.010735,0.021382,0.7917,0.3454,0.2683,2,ok
0,594,66.060000,-1.256618,1.284492,2.796654,-0.012821,0.011831,14.150845,0.222197,0.260349,0.260349,0.000000,1.000000,1.000000,0.000000,,0,0,0,1,1,0,-0.011157,0.061317,0.8125,0.4147,0.2656,2,ok
0,595,66.180000,-1.281500,1.293659,2.804712,-0.012655,0.019890,14.177362,0.220911,-0.032415,0.110349,0.142765,1.000000,1.000000,0.000000,C-06,0,0,0,1,1,0,-0.010835,0.086451,0.7917,0.4529,0.2661,2,ok
0,596,66.300000,-1.306408,1.302395,2.802441,-0.012155,0.012427,14.203681,0.219841,-0.119486,-0.039651,0.079835,1.000000,1.000000,0.000000,C-06,0,0,0,1,1,0,-0.010835,0.086451,0.7917,0.4529,0.2661,2,ok
0,597,66.400000,-1.327121,1.309713,2.792475,-0.011851,0.002461,14.225647,0.219357,-0.257122,-0.189651,0.067471,1.000000,1.000000,0.000000,C-06,0,0,0,1,1,0,-0.008753,0.074738,0.7500,0.4487,0.2622,2,ok
0,598,66.520000,-1.351880,1.318511,2.781946,-0.011616,-0.014520,14.251834,0.218773,-0.153745,-0.153745,0.000000,1.000000,1.000000,0.000000,,0,0,0,1,1,0,-0.009765,0.084895,0.7500,0.4794,0.2651,2,ok
0,599,66.620000,-1.372467,1.326233,2.781060,-0.011900,-0.015406,14.273819,0.219970,0.604834,-0.003745,-0.608580,1.000000,1.000000,0.000000,C-06,0,0,0,1,1,0,-0.011329,0.069212,0.7708,0.5026,0.2666,2,ok
0,600,66.740000,-1.396301,1.335205,2.790085,-0.012323,-0.014246,14.299177,0.211794,0.511380,0.146255,-0.365126,0.959894,0.959894,0.000000,C-06,0,0,0,1,1,0,-0.012684,0.053544,0.8125,0.5325,0.2645,2,ok
0,601,66.840000,-1.416874,1.342652,2.806048,-0.012543,0.001717,14.321054,0.220602,0.650128,0.296255,-0.353874,1.000000,1.000000,0.000000,C-06,0,0,0,1,1,0,-0.010435,0.023699,0.7917,0.4966,0.2672,2,ok
0,602,66.960000,-1.441888,1.351584,2.826621,-0.012729,0.012287,14.347520,0.221967,0.298549,0.298549,0.000000,1.000000,1.000000,0.000000,,0,0,0,1,1,0,-0.009773,0.040921,0.8125,0.5348,0.2655,2,ok
0,603,67.060000,-1.462839,1.358707,2.835950,-0.012684,0.021616,14.369649,0.221215,0.084918,0.148549,0.063631,1.000000,1.000000,0.000000,C-06,0,0,0,1,1,0,-0.006734,0.009968,0.8125,0.5242,0.2690,2,ok
0,604,67.180000,-1.488024,1.366694,2.837425,-0.012084,0.023091,14.394332,0.220105,0.013171,0.013171,0.000000,1.000000,1.000000,0.000000,,0,0,0,1,1,0,-0.004106,0.015774,0.8333,0.4948,0.2643,2,ok
0,605,67.300000,-1.513195,1.374601,2.832749,-0.011692,0.007374,14.422324,0.219715,-0.072483,-0.072483,0.000000,1.000000,1.000000,0.000000,,0,0,0,1,1,0,-0.004255,0.008544,0.7917,0.5073,0.2651,2,ok
0,606,67.400000,-1.534165,1.381288,2.836697,-0.011444,0.011322,14.444333,0.220250,0.488636,0.077517,-0.411119,1.000000,1.000000,0.000000,C-06,0,0,0,1,1,0,-0.002217,-0.030661,0.7708,0.4725,0.2635,2,ok
0,607,67.520000,-1.557241,1.388452,2.851462,-0.011359,0.013199,14.468308,0.199796,0.901425,0.227517,-0.673908,0.905540,0.905540,0.000000,C-06,0,0,0,1,1,0,0.000692,-0.039764,0.7500,0.4328,0.2562,2,ok
0,608,67.620000,-1.577401,1.394348,2.873142,-0.010961,0.034879,14.489308,0.212584,0.511665,0.377517,-0.134148,0.963248,0.963248,0.000000,C-06,0,0,0,1,1,0,0.001155,-0.078916,0.7708,0.4336,0.2607,2,ok
0,609,67.740000,-1.602856,1.401406,2.909132,-0.010318,0.055473,14.515579,0.221928,0.507970,0.507970,0.000000,1.000000,1.000000,0.000000,,0,0,0,1,1,0,0.001155,-0.078916,0.7708,0.4336,0.2607,2,ok
0,610,67.840000,-1.624321,1.407260,2.931790,-0.009774,0.078131,14.537822,0.222676,-0.121728,0.357970,0.479698,1.000000,1.000000,0.000000,C-06,0,0,0,1,1,0,0.006009,-0.037462,0.7917,0.4303,0.2625,2,ok
0,611,67.960000,-1.650187,1.413390,2.947974,-0.008494,0.075948,14.564209,0.221422,-0.348932,0.207970,0.556902,1.000000,1.000000,0.000000,C-06,0,0,0,1,1,0,0.010560,-0.038841,0.8125,0.3809,0.2625,2,ok
0,612,68.060000,-1.671786,1.417798,2.952261,-0.006920,0.080235,14.586197,0.220370,-0.425893,0.057970,0.483863,1.000000,1.000000,0.000000,C-06,0,0,0,1,1,0,0.014023,-0.043116,0.7917,0.3432,0.2644,2,ok
0,613,68.180000,-1.697701,1.422777,2.946186,-0.004942,0.054410,14.612399,0.219756,-0.378943,-0.092030,0.286913,1.000000,1.000000,0.000000,C-06,0,0,0,1,1,0,0.014154,-0.044572,0.7917,0.3438,0.2632,2,ok
0,614,68.300000,-1.723586,1.427751,2.941560,-0.003283,0.049784,14.638705,0.219622,-0.059814,-0.059814,0.000000,1.000000,1.000000,0.000000,,0,0,0,1,1,0,0.013226,-0.051018,0.7500,0.3592,0.2693,2,ok
0,615,68.400000,-1.745157,1.432112,2.946454,-0.002255,0.030657,14.660627,0.220199,0.112353,0.090186,-0.022167,1.000000,1.000000,0.000000,C-06,0,0,0,1,1,0,0.011483,-0.069190,0.7292,0.3641,0.2669,2,ok
0,616,68.520000,-1.771096,1.437361,2.963583,-0.001503,0.047786,14.687081,0.220866,1.000000,0.240186,-0.759814,1.000000,1.000000,0.000000,C-06,0,0,0,1,1,0,0.010714,-0.078551,0.7083,0.3541,0.2677,2,ok
0,617,68.620000,-1.792790,1.441735,2.987500,-0.000859,0.071703,14.707884,0.221704,0.614873,0.390186,-0.224687,1.000000,1.000000,0.000000,C-06,0,0,0,1,1,0,0.008803,-0.079032,0.7708,0.3851,0.2689,2,ok
0,618,68.740000,-1.818273,1.446475,3.006761,-0.000351,0.063645,14.735096,0.215559,-0.133736,0.240186,0.373922,0.973722,0.973722,0.000000,C-06,0,0,0,1,1,0,0.011126,-0.083479,0.8125,0.3446,0.2707,2,ok
0,619,68.840000,-1.840015,1.449698,3.013310,0.000913,0.070194,14.757040,0.220445,-0.165008,0.090186,0.255194,1.000000,1.000000,0.000000,C-06,0,0,0,1,1,0,0.011760,-0.051898,0.8125,0.3440,0.2674,2,ok
0,620,68.960000,-1.866192,1.453089,3.009375,0.002168,0.035044,14.783446,0.219884,-0.184598,-0.059814,0.124783,1.000000,1.000000,0.000000,C-06,0,0,0,1,1,0,0.012105,-0.048260,0.7917,0.3350,0.2653,2,ok
0,621,69.060000,-1.888003,1.455988,3.011910,0.003014,0.037579,14.805433,0.220076,0.048172,0.048172,0.000000,1.000000,1.000000,0.000000,,0,0,0,1,1,0,0.009664,-0.054955,0.7708,0.3569,0.2663,2,ok
0,622,69.180000,-1.914204,1.459477,3.026557,0.003466,0.021437,14.831974,0.220453,0.353817,0.198172,-0.155645,1.000000,1.000000,0.000000,C-06,0,0,0,1,1,0,0.008969,-0.070541,0.7500,0.3559,0.2640,2,ok
0,623,69.300000,-1.940458,1.462965,3.047072,0.003574,0.041951,14.858459,0.220919,0.263074,0.263074,0.000000,1.000000,1.000000,0.000000,,0,0,0,1,1,0,0.009567,-0.075814,0.7292,0.3431,0.2674,2,ok
0,624,69.400000,-1.962368,1.465406,3.055229,0.003721,0.020690,14.880653,0.220420,0.071692,0.113074,0.041382,1.000000,1.000000,0.000000,C-06,0,0,0,1,1,0,0.007390,0.005157,0.7083,0.3943,0.2725,2,ok
0,625,69.520000,-1.988686,1.468194,3.070526,0.003487,0.035987,14.907117,0.220660,0.195251,0.195251,0.000000,1.000000,1.000000,0.000000,,0,0,0,1,1,0,0.007699,-0.002886,0.7500,0.3986,0.2682,2,ok
0,626,69.620000,-2.010639,1.470313,3.082283,0.003382,0.021268,14.929249,0.220515,0.171903,0.171903,0.000000,1.000000,1.000000,0.000000,,0,0,0,1,1,0,0.010603,-0.027615,0.8125,0.3358,0.2628,3,ok
0,627,69.740000,-2.035847,1.472493,3.101484,0.003076,0.040468,14.954550,0.210277,0.240110,0.240110,0.000000,0.953062,0.953062,0.000000,,0,0,0,1,1,0,0.008676,-0.017485,0.8333,0.4035,0.2685,2,ok
0,628,69.840000,-2.057665,1.473812,3.110832,0.003376,0.049816,14.976406,0.220225,0.126941,0.126941,0.000000,1.000000,1.000000,0.000000,,0,0,0,1,1,0,0.010945,-0.002568,0.8333,0.3762,0.2682,2,ok
0,629,69.960000,-2.084053,1.474649,3.109658,0.004064,0.025621,15.002854,0.219990,-0.228230,-0.023059,0.205171,1.000000,1.000000,0.000000,C-06,0,0,0,1,1,0,0.012910,0.000996,0.7917,0.3355,0.2697,2,ok
0,630,70.060000,-2.106038,1.475317,3.098650,0.004664,0.014614,15.024840,0.219905,-0.268516,-0.173059,0.095457,1.000000,1.000000,0.000000,C-06,0,0,0,1,1,0,0.010632,-0.017775,0.7708,0.3923,0.2690,3,ok
0,631,70.180000,-2.132411,1.476367,3.096127,0.004698,-0.006484,15.051326,0.219960,0.052570,-0.023059,-0.075630,1.000000,1.000000,0.000000,C-06,0,0,0,1,1,0,0.008955,-0.009674,0.7708,0.3912,0.2698,2,ok
0,632,70.300000,-2.158789,1.477526,3.105710,0.004547,0.003100,15.077729,0.220068,0.478545,0.126941,-0.351604,1.000000,1.000000,0.000000,C-06,0,0,0,1,1,0,0.009427,-0.048568,0.7292,0.3627,0.2675,2,ok
0,633,70.400000,-2.180780,1.478496,3.123809,0.004099,0.004064,15.099814,0.220174,1.000000,0.276941,-0.723059,1.000000,1.000000,0.000000,C-06,0,0,0,1,1,0,0.009725,-0.053977,0.7292,0.3457,0.2629,2,ok
0,634,70.520000,-2.207179,1.479659,-3.134553,0.003492,0.028889,15.126232,0.220210,0.295020,0.295020,0.000000,1.000000,1.000000,0.000000,,0,0,0,1,1,0,0.009400,-0.043056,0.7917,0.3748,0.2710,2,ok
0,635,70.620000,-2.229177,1.480024,-3.123604,0.003334,0.022195,15.148292,0.219978,-0.087007,0.145020,0.232027,1.000000,1.000000,0.000000,C-06,0,0,0,1,1,0,0.009527,-0.013589,0.8125,0.3936,0.2651,2,ok
0,636,70.740000,-2.255573,1.479570,-3.123388,0.003888,0.022411,15.174686,0.220001,-0.242409,-0.004980,0.237428,1.000000,1.000000,0.000000,C-06,0,0,0,1,1,0,0.012359,-0.025279,0.8333,0.3446,0.2634,3,ok
0,637,70.840000,-2.277571,1.479162,-3.133070,0.004208,-0.004487,15.196748,0.220029,-0.151181,-0.151181,0.000000,1.000000,1.000000,0.000000,,0,0,0,1,1,0,0.009137,0.003933,0.7917,0.4196,0.2670,2,ok
0,638,70.960000,-2.303970,1.478935,-3.133698,0.004131,-0.005115,15.223148,0.220000,0.177694,-0.001181,-0.178875,1.000000,1.000000,0.000000,C-06,0,0,0,1,1,0,0.009167,-0.039188,0.7917,0.3882,0.2645,2,ok
0,639,71.060000,-2.325968,1.478756,-3.124210,0.003910,-0.012874,15.245223,0.219976,0.518487,0.148819,-0.369668,1.000000,1.000000,0.000000,C-06,0,0,0,1,1,0,0.007900,-0.059095,0.7708,0.3767,0.2653,2,ok
0,640,71.180000,-2.352357,1.478542,-3.100372,0.003318,0.010964,15.271606,0.219830,0.960181,0.298819,-0.661362,1.000000,1.000000,0.000000,C-06,0,0,0,1,1,0,0.007900,-0.059095,0.7708,0.3767,0.2653,2,ok
0,641,71.300000,-2.378716,1.478328,-3.072161,0.002585,0.021524,15.298005,0.219497,0.347703,0.347703,0.000000,1.000000,1.000000,0.000000,,0,0,0,1,1,0,0.007765,-0.014450,0.7292,0.4048,0.2703,3,ok
0,642,71.400000,-2.400650,1.477479,-3.057564,0.002384,0.036121,15.319955,0.219486,0.203301,0.203301,0.000000,1.000000,1.000000,0.000000,,0,0,0,1,1,0,0.005770,0.009860,0.7500,0.4591,0.2710,2,ok
0,643,71.520000,-2.426950,1.475483,-3.052375,0.003046,0.023603,15.346373,0.219828,-0.075604,0.053301,0.128905,1.000000,1.000000,0.000000,C-06,0,0,0,1,1,0,0.008383,0.006271,0.7708,0.4279,0.2702,2,ok
0,644,71.620000,-2.448867,1.473532,-3.058026,0.003565,0.017953,15.368371,0.220105,-0.179886,-0.096699,0.083187,1.000000,1.000000,0.000000,C-06,0,0,0,1,1,0,0.008514,0.012855,0.8333,0.4574,0.2693,2,ok
0,645,71.740000,-2.475176,1.471326,-3.058663,0.004054,0.017316,15.394327,0.220005,-0.001591,-0.001591,0.000000,1.000000,1.000000,0.000000,,0,0,0,1,1,0,0.009639,-0.005835,0.8333,0.4148,0.2665,3,ok
0,646,71.840000,-2.497093,1.469497,-3.049753,0.004019,0.008563,15.416839,0.219845,0.418939,0.148409,-0.270531,1.000000,1.000000,0.000000,C-06,0,0,0,1,1,0,0.007500,-0.022742,0.8125,0.4631,0.2693,2,ok
0,647,71.960000,-2.523353,1.467303,-3.026977,0.003991,0.031339,15.443191,0.219347,0.900437,0.298409,-0.602028,1.000000,1.000000,0.000000,C-06,0,0,0,1,1,0,0.009511,-0.006931,0.7708,0.4118,0.2658,2,ok
0,648,72.060000,-2.545192,1.465308,-3.014668,0.003847,0.025976,15.465183,0.219275,0.178485,0.178485,0.000000,1.000000,1.000000,0.000000,,0,0,0,1,1,0,0.009458,0.031939,0.7708,0.4491,0.2697,2,ok
0,649,72.180000,-2.571374,1.462086,-3.011656,0.004438,0.028987,15.491555,0.219869,-0.129067,0.028485,0.157553,1.000000,1.000000,0.000000,C-06,0,0,0,1,1,0,0.010877,0.010920,0.7708,0.4320,0.2660,2,ok
0,650,72.300000,-2.597555,1.458709,-3.014107,0.004816,0.008807,15.518037,0.220023,-0.035321,-0.035321,0.000000,1.000000,1.000000,0.000000,,0,0,0,1,1,0,0.008073,0.040730,0.7500,0.4879,0.2705,2,ok
0,651,72.400000,-2.619368,1.455914,-3.007566,0.005004,0.015348,15.540027,0.219821,0.415095,0.114679,-0.300416,1.000000,1.000000,0.000000,C-06,0,0,0,1,1,0,0.009636,-0.006855,0.7708,0.4463,0.2660,2,ok
0,652,72.520000,-2.645497,1.452563,-2.987884,0.004963,0.017818,15.566457,0.219224,0.384590,0.264679,-0.119911,1.000000,1.000000,0.000000,C-06,0,0,0,1,1,0,0.007405,0.016252,0.7917,0.4940,0.2698,2,ok
0,653,72.620000,-2.665829,1.449792,-2.963284,0.004947,0.042418,15.586978,0.202606,0.699030,0.414679,-0.284352,0.926756,0.926756,0.000000,C-06,0,0,0,1,1,0,0.009018,0.012618,0.8125,0.4980,0.2699,2,ok
0,654,72.740000,-2.691399,1.445951,-2.942609,0.005109,0.044298,15.612923,0.218463,0.191875,0.264679,0.072804,1.000000,1.000000,0.000000,C-06,0,0,0,1,1,0,0.011417,0.024250,0.8125,0.4824,0.2664,3,ok
0,655,72.840000,-2.712946,1.441920,-2.934820,0.005791,0.052087,15.634834,0.219273,-0.627126,0.114679,0.741804,1.000000,1.000000,0.000000,C-06,0,0,0,1,1,0,0.013255,0.049692,0.7917,0.4872,0.2713,2,ok
0,656,72.960000,-2.738787,1.436541,-2.936774,0.007049,0.032334,15.661312,0.220052,-1.000000,-0.035321,0.964679,1.000000,1.000000,0.000000,C-06,0,0,0,1,1,0,0.013255,0.049692,0.7917,0.4872,0.2713,2,ok
0,657,73.060000,-2.760349,1.432038,-2.947464,0.007828,0.021644,15.683326,0.220487,-0.650238,-0.185321,0.464917,1.000000,1.000000,0.000000,C-06,0,0,0,1,1,0,0.012228,0.089600,0.7708,0.5438,0.2684,2,ok
0,658,73.180000,-2.786264,1.426846,-2.950865,0.008549,0.018243,15.707803,0.220224,0.090759,-0.035321,-0.126080,1.000000,1.000000,0.000000,C-06,0,0,0,1,1,0,0.008733,0.064727,0.7500,0.5887,0.2695,2,ok
0,659,73.300000,-2.812167,1.421837,-2.943041,0.008421,0.007093,15.736329,0.219683,0.581523,0.114679,-0.466844,1.000000,1.000000,0.000000,C-06,0,0,0,1,1,0,0.004519,0.115875,0.7500,0.6417,0.2776,2,ok
0,660,73.400000,-2.833702,1.417669,-2.927486,0.008358,0.022648,15.758264,0.219020,0.884781,0.264679,-0.620102,1.000000,1.000000,0.000000,C-06,0,0,0,1,1,0,0.004440,0.122764,0.7708,0.6705,0.2749,2,ok
0,661,73.520000,-2.857399,1.412702,-2.899141,0.008354,0.032206,15.782591,0.198830,0.430358,0.414679,-0.015679,0.910312,0.910312,0.000000,C-06,0,0,0,1,1,0,0.009081,0.051989,0.7917,0.5839,0.2684,2,ok
0,662,73.620000,-2.878247,1.408131,-2.882628,0.008523,0.048718,15.803935,0.218151,0.211662,0.264679,0.053017,1.000000,1.000000,0.000000,C-06,0,0,0,1,1,0,0.010035,0.070874,0.8333,0.6400,0.2664,2,ok
0,663,73.740000,-2.903735,1.401682,-2.873759,0.009160,0.037434,15.830422,0.219153,-0.262069,0.114679,0.376748,1.000000,1.000000,0.000000,C-06,0,0,0,1,1,0,0.009156,0.072848,0.8125,0.6920,0.2673,2,ok
0,664,73.840000,-2.924953,1.395875,-2.875223,0.009953,0.035969,15.852406,0.220097,-1.000000,-0.035321,0.964679,1.000000,1.000000,0.000000,C-06,0,0,0,1,1,0,0.011547,0.146853,0.7708,0.6862,0.2719,2,ok
0,665,73.960000,-2.950462,1.388899,-2.887746,0.010667,0.004397,15.879014,0.220706,-0.537861,-0.185321,0.352540,1.000000,1.000000,0.000000,C-06,0,0,0,1,1,0,0.010808,0.208114,0.7292,0.7176,0.2754,2,ok
0,666,74.060000,-2.971767,1.383291,-2.890597,0.010880,0.001546,15.901043,0.220263,0.311608,-0.035321,-0.346929,1.000000,1.000000,0.000000,C-06,0,0,0,1,1,0,0.001122,0.166819,0.7292,0.9365,0.2749,2,ok
0,667,74.180000,-2.997316,1.376731,-2.882955,0.010738,-0.011909,15.927677,0.219603,0.364088,0.114679,-0.249409,1.000000,1.000000,0.000000,C-06,0,0,0,1,1,0,-0.001888,0.094860,0.7083,0.9425,0.2794,2,ok
0,668,74.300000,-3.022777,1.370177,-2.864652,0.010230,0.006394,15.953963,0.218601,1.000000,0.264679,-0.735321,1.000000,1.000000,0.000000,C-06,0,0,0,1,1,0,-0.000267,0.132604,0.7500,0.9459,0.2800,2,ok
0,669,74.400000,-3.043908,1.364494,-2.855035,0.009939,-0.004750,15.976024,0.218849,0.152433,0.152433,0.000000,1.000000,1.000000,0.000000,,0,0,0,1,1,0,-0.000368,0.069960,0.8125,1.0060,0.2729,2,ok
0,670,74.520000,-3.069219,1.357139,-2.851795,0.009769,-0.001510,16.002381,0.219680,0.041214,0.041214,0.000000,1.000000,1.000000,0.000000,,0,0,0,1,1,0,0.001050,0.123260,0.8125,1.0059,0.2757,2,ok
0,671,74.620000,-3.090150,1.350928,-2.841362,0.009751,0.008923,16.022721,0.217889,0.325773,0.191214,-0.134559,0.993546,0.993546,0.000000,C-06,0,0,0,1,1,0,0.000050,0.124141,0.7917,1.0601,0.2745,2,ok
0,672,74.740000,-3.115265,1.343470,-2.818410,0.009065,0.009450,16.050640,0.217746,0.354649,0.341214,-0.013435,1.000000,1.000000,0.000000,C-06,0,0,0,1,1,0,-0.005379,0.192512,0.8125,1.2199,0.2764,2,ok
0,673,74.840000,-3.136066,1.337033,-2.801583,0.008775,0.026277,16.072412,0.217742,0.290529,0.290529,0.000000,1.000000,1.000000,0.000000,,0,0,0,1,1,0,-0.004631,0.191682,0.8125,1.2388,0.2737,2,ok
0,674,74.960000,-3.160907,1.328529,-2.791401,0.008710,0.013631,16.098858,0.218878,0.029768,0.140529,0.110761,1.000000,1.000000,0.000000,C-06,0,0,0,1,1,0,0.002590,0.041544,0.7500,1.0787,0.2684,2,ok
0,675,75.060000,-3.181555,1.321110,-2.787213,0.008930,0.017819,16.120797,0.219450,0.068209,0.068209,0.000000,1.000000,1.000000,0.000000,,0,0,0,1,1,0,-0.001068,0.223126,0.7292,1.2398,0.2671,2,ok
0,676,75.180000,-3.206254,1.312042,-2.773286,0.008910,0.007247,16.147332,0.218786,0.363494,0.218209,-0.145285,1.000000,1.000000,0.000000,C-06,0,0,0,1,1,0,-0.003027,0.150179,0.7083,1.2936,0.2700,2,ok
0,677,75.300000,-3.230773,1.302929,-2.749552,0.008804,0.030980,16.173490,0.217156,0.467065,0.368209,-0.098856,1.000000,1.000000,0.000000,C-06,0,0,0,1,1,0,-0.003157,0.218707,0.7500,1.3535,0.2747,2,ok
0,678,75.400000,-3.251049,1.294867,-2.737050,0.008858,0.018249,16.195537,0.218292,0.190396,0.218209,0.027813,1.000000,1.000000,0.000000,C-06,0,0,0,1,1,0,0.003020,-0.008080,0.8125,1.2534,0.2656,2,ok
0,679,75.520000,-3.275290,1.284594,-2.732082,0.009265,0.023217,16.221862,0.219460,-0.027865,0.068209,0.096074,1.000000,1.000000,0.000000,C-06,0,0,0,1,1,0,0.000304,0.182385,0.8333,1.3823,0.2724,2,ok
0,680,75.620000,-3.295425,1.275871,-2.720894,0.009539,0.007001,16.244053,0.219027,0.277069,0.218209,-0.058860,1.000000,1.000000,0.000000,C-06,0,0,0,1,1,0,0.001821,0.275096,0.8125,1.3909,0.2686,2,ok
0,681,75.740000,-3.319401,1.265353,-2.697841,0.009582,0.030054,16.270235,0.217287,0.456913,0.368209,-0.088704,1.000000,1.000000,0.000000,C-06,0,0,0,1,1,0,0.006400,-0.051312,0.7708,1.2994,0.2657,2,ok
0,682,75.840000,-3.338767,1.256397,-2.685668,0.009944,0.012748,16.291845,0.213074,0.110694,0.218209,0.107515,0.975825,0.975825,0.000000,C-06,0,0,0,1,1,0,0.006682,-0.077796,0.7708,1.3311,0.2624,2,ok
0,683,75.960000,-3.362299,1.245171,-2.666511,0.010089,0.031905,16.317917,0.217808,0.310237,0.310237,0.000000,1.000000,1.000000,0.000000,,0,0,0,1,1,0,0.004762,0.015529,0.7292,1.4107,0.2685,2,ok
0,684,76.060000,-3.381435,1.235564,-2.649004,0.010640,0.049413,16.339322,0.213554,0.339564,0.339564,0.000000,0.981151,0.981151,0.000000,,0,0,0,1,1,0,0.011040,-0.064881,0.7083,1.2815,0.2572,2,ok
0,685,76.180000,-3.404555,1.223360,-2.632208,0.011086,0.030975,16.365809,0.218259,0.268678,0.268678,0.000000,1.000000,1.000000,0.000000,,0,0,0,1,1,0,0.005292,0.320000,0.7083,1.4097,0.2744,2,ok
0,686,76.300000,-3.427499,1.210712,-2.616011,0.011921,0.047172,16.391994,0.218371,0.265261,0.265261,0.000000,1.000000,1.000000,0.000000,,0,0,0,1,1,0,0.003474,0.005633,0.7500,1.4642,0.2780,2,ok
0,687,76.400000,-3.446491,1.199764,-2.609502,0.012407,0.012971,16.414337,0.219307,0.090841,0.115261,0.024420,1.000000,1.000000,0.000000,C-06,0,0,0,1,1,0,0.007754,0.043264,0.8333,1.3994,0.2728,2,ok
0,688,76.520000,-3.469141,1.186371,-2.594137,0.013110,0.028336,16.440642,0.218615,0.352123,0.265261,-0.086861,1.000000,1.000000,0.000000,C-06,0,0,0,1,1,0,0.007506,-0.084318,0.7917,1.4127,0.2707,2,ok
0,689,76.620000,-3.487814,1.175041,-2.574075,0.013332,0.002398,16.463207,0.217896,0.818237,0.415261,-0.402976,1.000000,1.000000,0.000000,C-06,0,0,0,1,1,0,0.006996,-0.231259,0.7917,1.4040,0.2671,2,ok
0,690,76.740000,-3.509847,1.160987,-2.541710,0.013494,0.034763,16.489341,0.217687,0.606967,0.565261,-0.041706,1.000000,1.000000,0.000000,C-06,0,0,0,1,1,0,0.011022,-0.072516,0.7500,1.2786,0.2703,2,ok
0,691,76.840000,-3.527826,1.148687,-2.512864,0.014160,0.012540,16.511875,0.218109,0.607736,0.607736,0.000000,1.000000,1.000000,0.000000,,0,0,0,1,1,0,0.009252,-0.209604,0.7708,1.3228,0.2638,2,ok
0,692,76.960000,-3.548969,1.133122,-2.486682,0.014666,0.038723,16.538125,0.219036,0.135884,0.457736,0.321852,1.000000,1.000000,0.000000,C-06,0,0,0,1,1,0,0.012830,0.105122,0.7292,1.2431,0.2707,2,ok
0,693,77.060000,-3.566093,1.119828,-2.472017,0.015637,0.053388,16.559781,0.216469,-0.058538,0.307736,0.366274,0.986041,0.986041,0.000000,C-06,0,0,0,1,1,0,0.011429,-0.107410,0.7500,1.2934,0.2691,2,ok
0,694,77.180000,-3.586698,1.103402,-2.463021,0.015996,0.006761,16.586987,0.219827,0.119995,0.157736,0.037742,1.000000,1.000000,0.000000,C-06,0,0,0,1,1,0,0.011429,-0.107410,0.7500,1.2934,0.2691,2,ok
0,695,77.300000,-3.607119,1.086707,-2.446798,0.016414,0.022983,16.613361,0.219877,0.382102,0.307736,-0.074365,1.000000,1.000000,0.000000,C-06,0,0,0,1,1,0,0.015173,-0.194015,0.7083,1.1742,0.2637,2,ok
0,696,77.400000,-3.623938,1.072528,-2.435104,0.016297,-0.021283,16.636311,0.220049,0.256885,0.256885,0.000000,1.000000,1.000000,0.000000,,0,0,0,1,1,0,0.012168,-0.099974,0.8125,1.1932,0.2700,2,ok
0,697,77.520000,-3.642417,1.056482,-2.413560,0.015999,0.000261,16.660783,0.202806,0.526514,0.406885,-0.119628,0.919044,0.919044,0.000000,C-06,0,0,0,1,1,0,0.008581,-0.267244,0.7917,1.2401,0.2652,2,ok
0,698,77.620000,-3.657238,1.043084,-2.388205,0.016155,0.025616,16.679185,0.199485,0.571618,0.556885,-0.014733,0.901641,0.901641,0.000000,C-06,0,0,0,1,1,0,0.028796,-0.251900,0.7500,0.5420,0.2248,2,ok
0,699,77.740000,-3.674029,1.026837,-2.350708,0.015651,0.006856,16.705060,0.193758,0.659470,0.659470,0.000000,0.881370,0.881370,0.000000,,0,0,0,1,1,0,0.010647,-0.291023,0.7500,1.1062,0.2584,2,ok
0,700,77.840000,-3.688597,1.011802,-2.325909,0.015981,0.031655,16.725992,0.215019,0.278018,0.509470,0.231452,1.000000,0.981370,-0.018630,C-06,0,0,0,1,1,0,0.015479,-0.183757,0.7500,0.9880,0.2644,2,ok
0,701,77.960000,-3.705543,0.993454,-2.305276,0.016120,-0.003795,16.751875,0.207131,0.256068,0.359470,0.103402,0.944800,0.944800,0.000000,C-06,0,0,0,1,1,0,0.015819,-0.265845,0.7708,0.9951,0.2589,2,ok
0,702,78.060000,-3.718708,0.978731,-2.295267,0.016116,0.006215,16.771626,0.196613,0.191177,0.209470,0.018293,0.895015,0.895015,0.000000,C-06,0,0,0,1,1,0,0.014642,-0.204505,0.7708,1.0091,0.2601,2,ok
0,703,78.180000,-3.735117,0.959880,-2.276225,0.016223,-0.029975,16.797519,0.210737,0.582740,0.359470,-0.223269,0.958256,0.958256,0.000000,C-06,0,0,0,1,1,0,0.011023,0.076164,0.6667,1.0240,0.2727,2,ok
0,704,78.300000,-3.751428,0.940310,-2.252324,0.015697,-0.006074,16.822989,0.212632,0.448441,0.448441,0.000000,0.964664,0.964664,0.000000,,0,0,0,1,1,0,0.010752,0.031954,0.7083,0.9870,0.2784,2,ok
0,705,78.400000,-3.764351,0.924204,-2.236020,0.015656,0.010230,16.843639,0.206088,0.349442,0.349442,0.000000,0.934203,0.934203,0.000000,,0,0,0,1,1,0,0.010053,-0.099875,0.7500,1.0144,0.2723,2,ok
0,706,78.520000,-3.779010,0.905344,-2.219090,0.015009,-0.026665,16.868349,0.197994,0.297922,0.297922,0.000000,0.896846,0.896846,0.000000,,0,0,0,1,1,0,0.007893,-0.231069,0.8542,1.0178,0.2720,2,ok
0,707,78.620000,-3.790960,0.889508,-2.203205,0.014501,-0.010780,16.888182,0.198536,0.342900,0.342900,0.000000,0.897881,0.897881,0.000000,,0,0,0,1,1,0,0.008855,-0.226337,0.8125,0.9766,0.2687,2,ok
0,708,78.740000,-3.804995,0.869919,-2.175597,0.014142,-0.035204,16.913046,0.202150,0.679991,0.492900,-0.187091,0.912190,0.912190,0.000000,C-06,0,0,0,1,1,0,0.008153,-0.268023,0.7708,0.9339,0.2661,2,ok
0,709,78.840000,-3.816694,0.852036,-2.145035,0.013887,-0.004642,16.934414,0.218889,0.839414,0.642900,-0.196514,1.000000,1.000000,0.000000,C-06,0,0,0,1,1,0,0.008153,-0.268023,0.7708,0.9339,0.2661,2,ok
0,710,78.960000,-3.830832,0.829945,-2.115240,0.013838,0.025153,16.960641,0.219723,0.218626,0.492900,0.274275,0.986329,0.986329,0.000000,C-06,0,0,0,1,1,0,0.010401,-0.249377,0.7292,0.8210,0.2628,2,ok
0,711,79.060000,-3.841819,0.812122,-2.097315,0.013176,-0.007566,16.982275,0.208371,-0.088646,0.342900,0.431547,0.937415,0.937415,0.000000,C-06,0,0,0,1,1,0,0.009712,-0.200044,0.7292,0.8332,0.2624,2,ok
0,712,79.180000,-3.854686,0.789457,-2.084939,0.013174,0.004810,17.008338,0.219562,-0.139958,0.192900,0.332858,1.000000,1.000000,0.000000,C-06,0,0,0,1,1,0,0.004742,-0.039684,0.7292,0.9344,0.2749,2,ok
0,713,79.300000,-3.867575,0.766406,-2.074925,0.012589,-0.033182,17.035357,0.220508,0.161122,0.161122,0.000000,1.000000,1.000000,0.000000,,0,0,0,1,1,0,0.003239,0.068229,0.6667,0.9163,0.2819,2,ok
0,714,79.400000,-3.878225,0.747100,-2.059667,0.011822,-0.017924,17.057392,0.221060,0.539586,0.311122,-0.228463,0.998078,0.998078,0.000000,C-06,0,0,0,1,1,0,0.001766,0.025656,0.7292,0.9207,0.2816,2,ok
0,715,79.520000,-3.890348,0.724858,-2.031617,0.010667,-0.035658,17.083237,0.210846,0.643282,0.461122,-0.182159,0.942393,0.942393,0.000000,C-06,0,0,0,1,1,0,0.003230,-0.039912,0.7917,0.8466,0.2807,2,ok
0,716,79.620000,-3.900302,0.705420,-2.005253,0.009526,-0.009294,17.105046,0.220621,0.498383,0.498383,0.000000,0.987378,0.987378,0.000000,,0,0,0,1,1,0,0.003651,-0.058713,0.7917,0.8180,0.2746,2,ok
0,717,79.740000,-3.912066,0.681341,-1.976648,0.008629,0.019311,17.130260,0.223632,0.436830,0.436830,0.000000,1.000000,1.000000,0.000000,,0,0,0,1,1,0,0.002528,-0.134047,0.7917,0.8444,0.2658,2,ok
0,718,79.840000,-3.921201,0.661057,-1.960360,0.007618,-0.007363,17.154401,0.222387,0.202655,0.286830,0.084175,1.000000,1.000000,0.000000,C-06,0,0,0,1,1,0,0.002321,-0.123817,0.7708,0.8403,0.2667,2,ok
0,719,79.960000,-3.931695,0.636550,-1.943137,0.006986,0.009860,17.181053,0.222152,0.256700,0.256700,0.000000,1.000000,1.000000,0.000000,,0,0,0,1,1,0,0.002476,-0.156462,0.7708,0.8292,0.2692,2,ok
0,720,80.060000,-3.940171,0.615975,-1.921072,0.006001,-0.009095,17.203575,0.223233,0.555921,0.406700,-0.149221,1.000000,1.000000,0.000000,C-06,0,0,0,1,1,0,0.003042,-0.164934,0.7083,0.7784,0.2680,2,ok
0,721,80.180000,-3.949842,0.591086,-1.900763,0.005143,0.011214,17.230263,0.222444,0.288901,0.288901,0.000000,1.000000,1.000000,0.000000,,0,0,0,1,1,0,0.002398,-0.101695,0.7292,0.7857,0.2642,2,ok
0,722,80.300000,-3.959056,0.566025,-1.880157,0.004151,-0.005987,17.257126,0.222510,0.298379,0.298379,0.000000,1.000000,1.000000,0.000000,,0,0,0,1,1,0,-0.002623,0.025266,0.7083,0.8631,0.2747,2,ok
0,723,80.400000,-3.966098,0.545034,-1.870197,0.003658,0.003973,17.279261,0.221289,0.158120,0.158120,0.000000,1.000000,1.000000,0.000000,,0,0,0,1,1,0,-0.000394,-0.007356,0.7083,0.8246,0.2715,2,ok
0,724,80.520000,-3.974309,0.519733,-1.849303,0.002915,-0.010948,17.305976,0.222243,0.845912,0.308120,-0.537792,1.000000,1.000000,0.000000,C-06,0,0,0,1,1,0,0.002349,-0.127813,0.8333,0.7351,0.2677,2,ok
0,725,80.620000,-3.981122,0.498506,-1.822760,0.001881,0.015595,17.328245,0.223595,1.000000,0.458120,-0.541880,1.000000,1.000000,0.000000,C-06,0,0,0,1,1,0,0.005036,-0.172173,0.7708,0.6434,0.2635,2,ok
0,726,80.740000,-3.989194,0.472808,-1.779068,0.000605,0.025839,17.355182,0.224867,1.000000,0.608120,-0.391880,1.000000,1.000000,0.000000,C-06,0,0,0,1,1,0,0.005049,-0.173164,0.7292,0.6359,0.2634,2,ok
0,727,80.840000,-3.994971,0.451220,-1.749797,-0.000055,0.055110,17.377520,0.223281,-0.627099,0.458120,1.085220,1.000000,1.000000,0.000000,C-06,0,0,0,1,1,0,0.007497,-0.135296,0.7292,0.5933,0.2636,2,ok
0,728,80.960000,-4.000663,0.425186,-1.725583,0.000389,0.079324,17.403113,0.221927,-0.751130,0.308120,1.059250,1.000000,1.000000,0.000000,C-06,0,0,0,1,1,0,0.005262,-0.069113,0.7708,0.6821,0.2673,2,ok
0,729,81.060000,-4.004529,0.403430,-1.714733,0.000930,0.057072,17.426266,0.220879,-0.714567,0.158120,0.872687,1.000000,1.000000,0.000000,C-06,0,0,0,1,1,0,0.011472,-0.068169,0.7292,0.5432,0.2635,2,ok
0,730,81.180000,-4.008363,0.377300,-1.713426,0.002410,0.058378,17.452635,0.220041,-0.452035,0.008120,0.460155,1.000000,1.000000,0.000000,C-06,0,0,0,1,1,0,0.011728,-0.069738,0.6875,0.5395,0.2648,2,ok
0,731,81.300000,-4.012149,0.351149,-1.702120,0.003268,0.035951,17.479124,0.220360,0.386334,0.158120,-0.228214,1.000000,1.000000,0.000000,C-06,0,0,0,1,1,0,0.008068,-0.034956,0.6667,0.6049,0.2647,2,ok
0,732,81.400000,-4.015304,0.329314,-1.682975,0.003879,0.055096,17.501177,0.220855,0.315231,0.308120,-0.007110,1.000000,1.000000,0.000000,C-06,0,0,0,1,1,0,0.005895,-0.044355,0.7708,0.6406,0.2708,2,ok
0,733,81.520000,-4.018801,0.303060,-1.669739,0.004317,0.034471,17.527806,0.220675,-0.121477,0.158120,0.279597,1.000000,1.000000,0.000000,C-06,0,0,0,1,1,0,0.010745,-0.095525,0.7500,0.5384,0.2654,2,ok
0,734,81.620000,-4.021021,0.281166,-1.668602,0.005085,0.035608,17.549799,0.220030,-0.102930,0.008120,0.111051,1.000000,1.000000,0.000000,C-06,0,0,0,1,1,0,0.010425,-0.070964,0.7708,0.5318,0.2643,2,ok
0,735,81.740000,-4.023635,0.254881,-1.659434,0.005623,0.009996,17.576431,0.220208,0.122897,0.122897,0.000000,1.000000,1.000000,0.000000,,0,0,0,1,1,0,0.007472,-0.039087,0.7708,0.6048,0.2669,2,ok
0,736,81.840000,-4.025813,0.232953,-1.642028,0.005545,0.027402,17.598468,0.220505,0.474376,0.272897,-0.201479,1.000000,1.000000,0.000000,C-06,0,0,0,1,1,0,0.009230,-0.087337,0.7500,0.5258,0.2686,2,ok
0,737,81.960000,-4.028427,0.206595,-1.610450,0.005295,0.024731,17.625131,0.220890,0.394571,0.394571,0.000000,1.000000,1.000000,0.000000,,0,0,0,1,1,0,0.016267,-0.082098,0.7292,0.2841,0.2466,2,ok
0,738,82.060000,-4.030132,0.184606,-1.592615,0.004971,0.042566,17.647184,0.220464,-0.205684,0.244571,0.450255,1.000000,1.000000,0.000000,C-06,0,0,0,1,1,0,0.010600,-0.070290,0.7083,0.5322,0.2644,2,ok
0,739,82.180000,-4.031107,0.158210,-1.583812,0.005650,0.051369,17.673589,0.220089,-0.181467,0.094571,0.276038,1.000000,1.000000,0.000000,C-06,0,0,0,1,1,0,0.010421,-0.030987,0.7083,0.5322,0.2641,2,ok
0,740,82.300000,-4.031471,0.131812,-1.587680,0.006048,0.015052,17.700183,0.219987,-0.205900,-0.055429,0.150471,1.000000,1.000000,0.000000,C-06,0,0,0,1,1,0,0.013037,-0.008050,0.6458,0.4582,0.2670,2,ok
0,741,82.400000,-4.031842,0.109815,-1.581920,0.006291,0.020811,17.722183,0.220018,0.215809,0.094571,-0.121238,1.000000,1.000000,0.000000,C-06,0,0,0,1,1,0,0.009733,-0.050753,0.7292,0.5251,0.2648,2,ok
0,742,82.520000,-4.032295,0.083415,-1.569858,0.006005,0.003282,17.748760,0.220032,0.145646,0.145646,0.000000,1.000000,1.000000,0.000000,,0,0,0,1,1,0,0.009490,-0.086181,0.7292,0.5056,0.2687,2,ok
0,743,82.620000,-4.032672,0.061416,-1.555964,0.005628,0.017176,17.770759,0.220011,0.201461,0.201461,0.000000,1.000000,1.000000,0.000000,,0,0,0,1,1,0,0.008481,-0.104189,0.7500,0.5144,0.2662,2,ok
0,744,82.740000,-4.032851,0.035022,-1.543371,0.005040,0.001395,17.797291,0.219921,0.146700,0.146700,0.000000,1.000000,1.000000,0.000000,,0,0,0,1,1,0,0.004099,-0.037727,0.8125,0.6349,0.2674,2,ok
0,745,82.840000,-4.032838,0.013036,-1.528551,0.004475,0.016215,17.819270,0.219811,0.220867,0.220867,0.000000,1.000000,1.000000,0.000000,,0,0,0,1,1,0,0.009173,-0.097861,0.7292,0.4734,0.2625,2,ok
0,746,82.960000,-4.032747,-0.013324,-1.502492,0.003590,0.016200,17.845721,0.219513,0.326595,0.326595,0.000000,1.000000,1.000000,0.000000,,0,0,0,1,1,0,0.004321,-0.040141,0.7708,0.5984,0.2611,2,ok
0,747,83.060000,-4.031837,-0.035262,-1.489748,0.003348,0.028944,17.867676,0.219556,-0.095327,0.176595,0.271922,1.000000,1.000000,0.000000,C-06,0,0,0,1,1,0,0.004298,-0.010867,0.7083,0.6377,0.2650,2,ok
0,748,83.180000,-4.030502,-0.061547,-1.464779,0.003148,0.029041,17.894081,0.219075,0.323829,0.323829,0.000000,1.000000,1.000000,0.000000,,0,0,0,1,1,0,0.006002,-0.014942,0.6875,0.5897,0.2661,2,ok
0,749,83.300000,-4.028328,-0.087777,-1.450350,0.003238,0.043470,17.920401,0.219327,0.029552,0.173829,0.144278,1.000000,1.000000,0.000000,C-06,0,0,0,1,1,0,0.002574,0.091507,0.7083,0.6960,0.2713,2,ok
0,750,83.400000,-4.025777,-0.109614,-1.448198,0.004054,0.045623,17.941334,0.219895,-0.031640,0.023829,0.055469,1.000000,1.000000,0.000000,C-06,0,0,0,1,1,0,0.007939,0.012621,0.7083,0.5931,0.2678,2,ok
0,751,83.520000,-4.022721,-0.134493,-1.436113,0.004523,0.032726,17.967527,0.207343,0.268215,0.173829,-0.094385,0.943828,0.943828,0.000000,C-06,0,0,0,1,1,0,0.007596,-0.004855,0.7917,0.6051,0.2642,2,ok
0,752,83.620000,-4.020164,-0.156000,-1.416171,0.004866,0.052669,17.989182,0.218428,0.339427,0.323829,-0.015597,0.997741,0.997741,0.000000,C-06,0,0,0,1,1,0,0.008271,-0.022010,0.7500,0.5971,0.2671,2,ok
0,753,83.740000,-4.016706,-0.182047,-1.400745,0.005173,0.043636,18.015565,0.218984,0.192793,0.192793,0.000000,1.000000,1.000000,0.000000,,0,0,0,1,1,0,0.010892,-0.022355,0.7292,0.6041,0.2661,2,ok
0,754,83.840000,-4.013291,-0.203579,-1.394067,0.005891,0.050313,18.037354,0.217936,0.098876,0.098876,0.000000,0.993174,0.993174,0.000000,,0,0,0,1,1,0,0.012353,-0.018905,0.7292,0.5928,0.2651,2,ok
0,755,83.960000,-4.008686,-0.229560,-1.397240,0.006795,0.023507,18.063894,0.220095,-0.298887,-0.051124,0.247763,1.000000,1.000000,0.000000,C-06,0,0,0,1,1,0,0.011231,0.014371,0.7292,0.6427,0.2622,2,ok
0,756,84.060000,-4.004829,-0.251247,-1.407495,0.007341,0.013251,18.085915,0.220452,-0.173384,-0.173384,0.000000,1.000000,1.000000,0.000000,,0,0,0,1,1,0,0.011099,-0.006436,0.6667,0.6556,0.2661,2,ok
0,757,84.180000,-4.000465,-0.277302,-1.409762,0.007448,-0.013593,18.112509,0.220131,0.490410,-0.023384,-0.513794,1.000000,1.000000,0.000000,C-06,0,0,0,1,1,0,0.007359,0.056630,0.6042,0.6932,0.2725,2,ok
0,758,84.300000,-3.996229,-0.303342,-1.400721,0.007090,-0.004553,18.138889,0.219690,1.000000,0.126616,-0.873384,1.000000,1.000000,0.000000,C-06,0,0,0,1,1,0,0.005321,-0.034359,0.6875,0.7398,0.2697,2,ok
0,759,84.400000,-3.992704,-0.324995,-1.384234,0.006626,-0.013012,18.160977,0.219077,0.818298,0.276616,-0.541682,1.000000,1.000000,0.000000,C-06,0,0,0,1,1,0,0.003377,-0.059905,0.7708,0.7902,0.2674,2,ok
0,760,84.520000,-3.988473,-0.350866,-1.355807,0.005701,0.015415,18.187175,0.217869,0.390332,0.390332,0.000000,1.000000,1.000000,0.000000,,0,0,0,1,1,0,0.004003,-0.082171,0.7708,0.7758,0.2688,2,ok
0,761,84.620000,-3.984386,-0.372322,-1.340665,0.005500,0.030557,18.206363,0.218431,-0.011775,0.240332,0.252108,1.000000,1.000000,0.000000,C-06,0,0,0,1,1,0,0.002744,0.028897,0.7500,0.8725,0.2687,2,ok
0,762,84.740000,-3.978630,-0.398003,-1.333410,0.005295,0.012550,18.235486,0.219370,-0.173329,0.090332,0.263661,1.000000,1.000000,0.000000,C-06,0,0,0,1,1,0,0.004729,0.138317,0.7292,0.8415,0.2714,2,ok
0,763,84.840000,-3.973690,-0.419352,-1.319670,0.005340,0.026289,18.257399,0.218800,0.376149,0.240332,-0.135817,1.000000,1.000000,0.000000,C-06,0,0,0,1,1,0,0.019954,-0.095900,0.6875,0.3642,0.2401,2,ok
0,764,84.960000,-3.967773,-0.443874,-1.292851,0.005079,0.026889,18.282750,0.208608,0.651357,0.390332,-0.261025,0.957790,0.957790,0.000000,C-06,0,0,0,1,1,0,0.006661,-0.028560,0.6875,0.8218,0.2695,2,ok
0,765,85.060000,-3.962290,-0.464864,-1.278206,0.005218,0.041534,18.304444,0.218204,0.103674,0.240332,0.136658,1.000000,1.000000,0.000000,C-06,0,0,0,1,1,0,0.008477,0.002522,0.7083,0.8097,0.2657,2,ok
0,766,85.180000,-3.954906,-0.490113,-1.271143,0.005637,0.020444,18.330902,0.219297,0.030865,0.090332,0.059467,1.000000,1.000000,0.000000,C-06,0,0,0,1,1,0,0.010328,0.090064,0.6667,0.8028,0.2642,2,ok
0,767,85.300000,-3.947125,-0.515348,-1.274690,0.006206,0.016897,18.357303,0.220218,-0.386995,-0.059668,0.327328,1.000000,1.000000,0.000000,C-06,0,0,0,1,1,0,0.012471,-0.006116,0.6875,0.7663,0.2582,2,ok
0,768,85.400000,-3.940705,-0.536377,-1.270071,0.006251,-0.007027,18.379469,0.219717,0.457297,0.090332,-0.366965,1.000000,1.000000,0.000000,C-06,0,0,0,1,1,0,0.010724,-0.100598,0.7500,0.7906,0.2600,2,ok
0,769,85.520000,-3.933437,-0.559822,-1.254739,0.006121,0.008305,18.404014,0.202340,0.413365,0.240332,-0.173033,0.923481,0.923481,0.000000,C-06,0,0,0,1,1,0,0.011493,-0.095450,0.7292,0.7272,0.2627,2,ok
0,770,85.620000,-3.927393,-0.579861,-1.232950,0.005694,-0.000923,18.425130,0.210047,1.000000,0.390332,-0.609668,0.968276,0.968276,0.000000,C-06,0,0,0,1,1,0,0.012257,-0.082871,0.7500,0.6926,0.2654,2,ok
0,771,85.740000,-3.919886,-0.603707,-1.197118,0.004865,0.034909,18.450115,0.207769,1.000000,0.540332,-0.459668,0.962995,0.962995,0.000000,C-06,0,0,0,1,1,0,0.011279,-0.137656,0.7500,0.7184,0.2642,2,ok
0,772,85.840000,-3.912920,-0.623928,-1.160210,0.004728,0.071817,18.471502,0.214934,0.681559,0.681559,0.000000,1.000000,1.000000,0.000000,,0,0,0,1,1,0,0.012025,-0.122336,0.7292,0.6920,0.2616,2,ok
0,773,85.960000,-3.903181,-0.647942,-1.125225,0.005251,0.072820,18.497555,0.216111,-1.000000,0.531559,1.531559,1.000000,1.000000,0.000000,C-06,0,0,0,1,1,0,0.013735,-0.099007,0.7292,0.6765,0.2631,2,ok
0,774,86.060000,-3.894160,-0.667692,-1.104424,0.006560,0.093620,18.519229,0.217269,-0.917848,0.381559,1.299407,1.000000,1.000000,0.000000,C-06,0,0,0,1,1,0,0.018532,-0.033559,0.6875,0.6325,0.2640,2,ok
0,775,86.180000,-3.882565,-0.691179,-1.089232,0.008299,0.072421,18.545625,0.218380,-0.817604,0.231559,1.049163,1.000000,1.000000,0.000000,C-06,0,0,0,1,1,0,0.019771,0.012800,0.6667,0.6368,0.2631,2,ok
0,776,86.300000,-3.870430,-0.714540,-1.083672,0.010270,0.077982,18.571876,0.219433,-0.391414,0.081559,0.472973,1.000000,1.000000,0.000000,C-06,0,0,0,1,1,0,0.021901,-0.032938,0.6875,0.5975,0.2626,2,ok
0,777,86.400000,-3.860137,-0.733927,-1.072636,0.011632,0.049681,18.594263,0.219062,0.224835,0.224835,0.000000,1.000000,1.000000,0.000000,,0,0,0,1,1,0,0.021918,-0.049541,0.7083,0.5944,0.2630,2,ok
0,778,86.520000,-3.847663,-0.757056,-1.062951,0.012871,0.059366,18.620511,0.218999,0.153050,0.153050,0.000000,1.000000,1.000000,0.000000,,0,0,0,1,1,0,0.021423,-0.106613,0.7708,0.6071,0.2655,2,ok
0,779,86.620000,-3.836987,-0.776268,-1.061354,0.014002,0.019720,18.643021,0.219865,0.020601,0.020601,0.000000,1.000000,1.000000,0.000000,,0,0,0,1,1,0,0.022386,-0.094342,0.7500,0.5799,0.2697,2,ok
0,780,86.740000,-3.824134,-0.799306,-1.059789,0.014557,0.021285,18.669396,0.219832,0.025885,0.025885,0.000000,1.000000,1.000000,0.000000,,0,0,0,1,1,0,0.021072,-0.109179,0.7500,0.5828,0.2688,2,ok
0,781,86.840000,-3.813452,-0.818320,-1.051414,0.015080,0.029660,18.691199,0.217581,0.449335,0.175885,-0.273449,0.992324,0.992324,0.000000,C-06,0,0,0,1,1,0,0.020702,-0.179213,0.7292,0.5369,0.2655,2,ok
0,782,86.960000,-3.800478,-0.841102,-1.032287,0.014732,0.007414,18.718123,0.218100,0.439693,0.325885,-0.113807,1.000000,1.000000,0.000000,C-06,0,0,0,1,1,0,0.017525,-0.174342,0.7083,0.6027,0.2685,2,ok
0,783,87.060000,-3.789385,-0.859861,-1.009185,0.014714,0.030516,18.739916,0.217514,0.508637,0.475885,-0.032752,1.000000,1.000000,0.000000,C-06,0,0,0,1,1,0,0.015909,-0.049078,0.6667,0.6143,0.2694,2,ok
0,784,87.180000,-3.775478,-0.882058,-0.988716,0.014679,0.011995,18.766695,0.218422,0.339427,0.339427,0.000000,1.000000,1.000000,0.000000,,0,0,0,1,1,0,0.016185,-0.051243,0.6250,0.6107,0.2671,2,ok
0,785,87.300000,-3.761026,-0.904022,-0.977090,0.014881,0.023621,18.792986,0.219187,-0.595843,0.189427,0.785270,1.000000,1.000000,0.000000,C-06,0,0,0,1,1,0,0.015918,-0.077144,0.6875,0.6275,0.2670,2,ok
0,786,87.400000,-3.748731,-0.922239,-0.974677,0.014883,-0.011459,18.815515,0.219834,-0.351550,0.039427,0.390978,1.000000,1.000000,0.000000,C-06,0,0,0,1,1,0,0.015388,-0.111037,0.7708,0.6493,0.2690,2,ok
0,787,87.520000,-3.733917,-0.944072,-0.972745,0.014491,-0.009528,18.841896,0.219864,0.032959,0.032959,0.000000,1.000000,1.000000,0.000000,,0,0,0,1,1,0,0.015485,-0.118307,0.7708,0.6378,0.2661,2,ok
0,788,87.620000,-3.721529,-0.962205,-0.964477,0.014041,-0.036096,18.864299,0.219291,0.447789,0.182959,-0.264829,1.000000,1.000000,0.000000,C-06,0,0,0,1,1,0,0.014571,-0.177775,0.7292,0.6108,0.2630,2,ok
0,789,87.740000,-3.707856,-0.981816,-0.949375,0.013239,-0.020994,18.888192,0.197086,0.272464,0.272464,0.000000,0.843447,0.900000,0.056553,C-06,0,0,0,1,1,0,0.022982,-0.214495,0.7083,0.2902,0.2446,2,ok
0,790,87.840000,-3.696491,-0.997564,-0.929984,0.012904,-0.001603,18.907610,0.193594,0.792051,0.422464,-0.369587,0.885061,0.885061,0.000000,C-06,0,0,0,1,1,0,0.013313,-0.160314,0.6875,0.5909,0.2655,2,ok
0,791,87.960000,-3.681216,-1.017671,-0.898814,0.012393,-0.002634,18.933280,0.215901,0.828221,0.572464,-0.255757,1.000000,0.985061,-0.014939,C-06,0,0,0,1,1,0,0.013173,-0.160798,0.6667,0.5774,0.2655,2,ok
0,792,88.060000,-3.667435,-1.034725,-0.879132,0.012489,0.017048,18.955206,0.219767,-0.272590,0.422464,0.695054,1.000000,1.000000,0.000000,C-06,0,0,0,1,1,0,0.014051,-0.032464,0.6667,0.6080,0.2660,2,ok
0,793,88.180000,-3.650449,-1.054928,-0.863974,0.012585,0.001016,18.982026,0.220057,-0.471136,0.272464,0.743600,1.000000,1.000000,0.000000,C-06,0,0,0,1,1,0,0.015369,-0.019452,0.6667,0.5902,0.2682,2,ok
0,794,88.300000,-3.633230,-1.074949,-0.856874,0.012619,0.008116,19.008433,0.220083,-0.341567,0.122464,0.464030,1.000000,1.000000,0.000000,C-06,0,0,0,1,1,0,0.018206,-0.057211,0.6667,0.5181,0.2652,2,ok
0,795,88.400000,-3.618829,-1.091579,-0.857779,0.012438,-0.023500,19.030763,0.219983,-0.098720,-0.027536,0.071184,1.000000,1.000000,0.000000,C-06,0,0,0,1,1,0,0.014749,-0.124343,0.7917,0.6002,0.2658,2,ok
0,796,88.520000,-3.601511,-1.111518,-0.852006,0.011906,-0.017728,19.057167,0.220120,0.316050,0.122464,-0.193587,1.000000,1.000000,0.000000,C-06,0,0,0,1,1,0,0.015117,-0.110593,0.7292,0.5610,0.2701,2,ok
0,797,88.620000,-3.587131,-1.127813,-0.840041,0.011461,-0.035963,19.079264,0.217192,0.423983,0.272464,-0.151519,0.985133,0.985133,0.000000,C-06,0,0,0,1,1,0,0.010445,-0.189128,0.7500,0.6125,0.2679,2,ok
0,798,88.740000,-3.569491,-1.147166,-0.816958,0.010732,-0.012880,19.105439,0.218444,0.752492,0.422464,-0.330029,0.989148,0.989148,0.000000,C-06,0,0,0,1,1,0,0.007900,-0.143697,0.7292,0.6645,0.2681,2,ok
0,799,88.840000,-3.555804,-1.161461,-0.790201,0.010667,0.013877,19.125231,0.195824,0.754433,0.572464,-0.181969,0.872422,0.889148,0.016726,C-06,0,0,0,1,1,0,0.009354,-0.054203,0.7083,0.6305,0.2685,2,ok
0,800,88.960000,-3.537654,-1.179357,-0.765304,0.010631,0.010009,19.151030,0.217137,0.100959,0.422464,0.321505,1.000000,0.989148,-0.010852,C-06,0,0,0,1,1,0,0.009816,-0.112948,0.7292,0.6564,0.2708,2,ok
0,801,89.060000,-3.521762,-1.194471,-0.751851,0.010950,0.023462,19.172958,0.219462,-0.607781,0.272464,0.880245,1.000000,1.000000,0.000000,C-06,0,0,0,1,1,0,0.012202,-0.084856,0.7292,0.6480,0.2678,2,ok
0,802,89.180000,-3.502449,-1.212426,-0.744479,0.011065,0.001776,19.199665,0.219699,-0.220689,0.122464,0.343153,1.000000,1.000000,0.000000,C-06,0,0,0,1,1,0,0.015243,-0.007901,0.6667,0.5934,0.2686,2,ok
0,803,89.300000,-3.483034,-1.230322,-0.745600,0.011059,0.000655,19.226069,0.220066,-0.161186,-0.027536,0.133650,1.000000,1.000000,0.000000,C-06,0,0,0,1,1,0,0.014006,-0.082452,0.7083,0.6157,0.2674,2,ok
0,804,89.400000,-3.466863,-1.245210,-0.740461,0.010701,-0.022989,19.248338,0.219714,0.420044,0.122464,-0.297580,1.000000,1.000000,0.000000,C-06,0,0,0,1,1,0,0.012791,-0.127437,0.7708,0.6309,0.2655,2,ok
0,805,89.520000,-3.447316,-1.262884,-0.725949,0.010248,-0.008476,19.274687,0.219594,0.465380,0.272464,-0.192917,1.000000,1.000000,0.000000,C-06,0,0,0,1,1,0,0.011818,-0.159369,0.7708,0.6213,0.2647,2,ok
0,806,89.620000,-3.430770,-1.277339,-0.707279,0.009999,-0.018988,19.296939,0.219852,0.467294,0.422464,-0.044830,1.000000,1.000000,0.000000,C-06,0,0,0,1,1,0,0.011605,-0.170572,0.7500,0.6021,0.2624,2,ok
0,807,89.740000,-3.411391,-1.293461,-0.676816,0.009906,0.011475,19.322147,0.209679,0.819399,0.572464,-0.246935,0.950229,0.950229,0.000000,C-06,0,0,0,1,1,0,0.022007,-0.185719,0.7083,0.2843,0.2455,2,ok
0,808,89.840000,-3.394247,-1.306965,-0.656924,0.010408,0.031367,19.341467,0.220794,-0.022221,0.422464,0.444685,1.000000,1.000000,0.000000,C-06,0,0,0,1,1,0,0.022069,-0.131568,0.7083,0.3071,0.2445,2,ok
0,809,89.960000,-3.373213,-1.323047,-0.641217,0.010516,0.018770,19.370756,0.220705,-0.534683,0.272464,0.807146,1.000000,1.000000,0.000000,C-06,0,0,0,1,1,0,0.012221,-0.043515,0.6875,0.6683,0.2665,2,ok
0,810,90.060000,-3.355540,-1.336210,-0.634978,0.010951,0.025009,19.392788,0.220347,-0.336601,0.122464,0.459065,1.000000,1.000000,0.000000,C-06,0,0,0,1,1,0,0.013275,-0.063834,0.6667,0.6648,0.2671,2,ok
0,811,90.180000,-3.334209,-1.351862,-0.624869,0.010910,0.005729,19.419586,0.220584,0.181911,0.181911,0.000000,1.000000,1.000000,0.000000,,0,0,0,1,1,0,0.013523,-0.056186,0.6458,0.6540,0.2704,2,ok
0,812,90.300000,-3.312683,-1.367295,-0.609469,0.011093,0.021129,19.446072,0.221039,0.276556,0.276556,0.000000,1.000000,1.000000,0.000000,,0,0,0,1,1,0,0.010694,0.024398,0.6667,0.7374,0.2695,2,ok
0,813,90.400000,-3.294561,-1.379966,-0.596049,0.010998,0.004658,19.468472,0.221180,0.279777,0.279777,0.000000,1.000000,1.000000,0.000000,,0,0,0,1,1,0,0.014046,-0.099750,0.7292,0.6442,0.2670,2,ok
0,814,90.520000,-3.272652,-1.394824,-0.588070,0.011183,0.012637,19.494944,0.220581,-0.182687,0.129777,0.312464,1.000000,1.000000,0.000000,C-06,0,0,0,1,1,0,0.012470,-0.111439,0.7083,0.7217,0.2681,2,ok
0,815,90.620000,-3.254334,-1.407041,-0.586144,0.011040,-0.014555,19.517319,0.220149,0.032833,0.032833,0.000000,1.000000,1.000000,0.000000,,0,0,0,1,1,0,0.010004,-0.034938,0.7083,0.8000,0.2731,2,ok
0,816,90.740000,-3.232272,-1.421642,-0.575982,0.010679,-0.004393,19.543774,0.220887,0.280778,0.182833,-0.097945,1.000000,1.000000,0.000000,C-06,0,0,0,1,1,0,0.024662,-0.140655,0.6458,0.3286,0.2419,2,ok
0,817,90.840000,-3.214703,-1.433067,-0.560358,0.010302,-0.018849,19.565046,0.208954,0.896802,0.332833,-0.563969,0.941804,0.941804,0.000000,C-06,0,0,0,1,1,0,0.005766,-0.112532,0.7083,0.8821,0.2721,2,ok
0,818,90.960000,-3.194634,-1.445807,-0.532197,0.009711,0.009312,19.588810,0.197677,0.991927,0.482833,-0.509094,0.885079,0.885079,0.000000,C-06,0,0,0,1,1,0,0.005844,-0.041789,0.5833,0.8993,0.2741,2,ok
0,819,91.060000,-3.177377,-1.456214,-0.509064,0.009672,0.032445,19.608962,0.202544,0.453625,0.453625,0.000000,0.906872,0.906872,0.000000,,0,0,0,1,1,0,0.007091,-0.064052,0.6042,0.8668,0.2702,2,ok
0,820,91.180000,-3.154663,-1.468415,-0.489746,0.010240,0.021079,19.634996,0.219002,-0.296429,0.303625,0.600054,1.000000,1.000000,0.000000,C-06,0,0,0,1,1,0,0.040027,0.070731,0.5625,0.3923,0.2060,2,ok
0,821,91.300000,-3.131301,-1.480598,-0.479609,0.011126,0.031215,19.661329,0.219963,-0.414407,0.153625,0.568032,1.000000,1.000000,0.000000,C-06,0,0,0,1,1,0,0.038708,0.037805,0.6042,0.3831,0.2142,2,ok
0,822,91.400000,-3.111777,-1.490744,-0.478951,0.011183,0.001167,19.683731,0.220026,-0.159541,0.003625,0.163166,1.000000,1.000000,0.000000,C-06,0,0,0,1,1,0,0.017223,0.080616,0.6458,0.7836,0.2555,2,ok
0,823,91.520000,-3.088297,-1.502911,-0.469901,0.011196,0.010218,19.710176,0.220767,0.325795,0.153625,-0.172170,1.000000,1.000000,0.000000,C-06,0,0,0,1,1,0,0.018607,0.034232,0.6667,0.7343,0.2580,2,ok
0,824,91.620000,-3.068610,-1.512961,-0.454542,0.010912,-0.006676,19.732602,0.221637,0.334866,0.303625,-0.031241,1.000000,1.000000,0.000000,C-06,0,0,0,1,1,0,0.015943,-0.119281,0.7500,0.7681,0.2607,2,ok
0,825,91.740000,-3.044772,-1.524954,-0.433554,0.010468,0.014313,19.759283,0.222619,0.329617,0.329617,0.000000,1.000000,1.000000,0.000000,,0,0,0,1,1,0,0.017744,-0.138080,0.7292,0.7251,0.2609,2,ok
0,826,91.840000,-3.024697,-1.534683,-0.408180,0.010101,0.006776,19.781921,0.223972,0.610416,0.479617,-0.130799,1.000000,1.000000,0.000000,C-06,0,0,0,1,1,0,0.018066,-0.143700,0.7292,0.7027,0.2612,2,ok
0,827,91.960000,-3.000348,-1.545737,-0.385739,0.009869,0.029217,19.808660,0.222763,0.010706,0.329617,0.318911,1.000000,1.000000,0.000000,C-06,0,0,0,1,1,0,0.019658,-0.128761,0.6875,0.6669,0.2617,2,ok
0,828,92.060000,-2.980293,-1.554167,-0.375305,0.010111,0.006821,19.830799,0.217236,-0.245374,0.179617,0.424991,0.980661,0.980661,0.000000,C-06,0,0,0,1,1,0,0.024100,-0.149371,0.6667,0.5665,0.2630,2,ok
0,829,92.180000,-2.956919,-1.563312,-0.372721,0.010276,0.009406,19.855897,0.208709,-0.252938,0.029617,0.282555,0.949195,0.949195,0.000000,C-06,0,0,0,1,1,0,0.022765,-0.039966,0.6458,0.5946,0.2600,2,ok
0,830,92.300000,-2.932652,-1.572441,-0.361359,0.010785,0.020767,19.880040,0.217486,0.220191,0.179617,-0.040574,0.990248,0.990248,0.000000,C-06,0,0,0,1,1,0,0.021028,-0.187278,0.7083,0.5809,0.2639,2,ok
0,831,92.400000,-2.912036,-1.580047,-0.343673,0.010647,0.001571,19.904113,0.220585,0.481063,0.329617,-0.151446,1.000000,1.000000,0.000000,C-06,0,0,0,1,1,0,0.017923,-0.239813,0.7708,0.5766,0.2637,2,ok
0,832,92.520000,-2.887046,-1.589174,-0.311502,0.010636,0.033742,19.930718,0.222699,0.874175,0.479617,-0.394558,1.000000,1.000000,0.000000,C-06,0,0,0,1,1,0,0.018066,-0.276511,0.7500,0.5531,0.2639,2,ok
0,833,92.620000,-2.865992,-1.596779,-0.275386,0.009952,0.029789,19.953469,0.224842,0.966263,0.629617,-0.336646,1.000000,1.000000,0.000000,C-06,0,0,0,1,1,0,0.019244,-0.267538,0.7292,0.4937,0.2640,2,ok
0,834,92.740000,-2.840465,-1.605218,-0.240189,0.009820,0.064986,19.980354,0.223911,-0.824198,0.479617,1.303816,1.000000,1.000000,0.000000,C-06,0,0,0,1,1,0,0.028460,-0.239189,0.7083,0.2199,0.2492,2,ok
0,835,92.840000,-2.819042,-1.611282,-0.219362,0.010150,0.045035,0.010982,0.222494,-0.574165,0.329617,0.903782,1.000000,1.000000,0.000000,C-06,0,0,0,1,1,0,0.023144,-0.196820,0.7083,0.3852,0.2623,2,ok
0,836,92.960000,-2.793234,-1.617563,-0.205392,0.010850,0.059005,0.037534,0.221257,-0.724824,0.179617,0.904442,1.000000,1.000000,0.000000,C-06,0,0,0,1,1,0,0.028702,-0.191789,0.6667,0.1858,0.2541,2,ok
0,837,93.060000,-2.771690,-1.622147,-0.202900,0.011746,0.018776,0.060099,0.220195,-0.066383,0.029617,0.096000,1.000000,1.000000,0.000000,C-06,0,0,0,1,1,0,0.024455,-0.167622,0.6250,0.3024,0.2632,2,ok
0,838,93.180000,-2.745815,-1.627579,-0.196181,0.012015,0.025495,0.086536,0.220463,0.094733,0.094733,0.000000,1.000000,1.000000,0.000000,,0,0,0,1,1,0,0.022802,-0.143534,0.7083,0.3148,0.2641,2,ok
0,839,93.300000,-2.719880,-1.633011,-0.178720,0.012110,0.000416,0.113539,0.221145,0.274503,0.244733,-0.029769,1.000000,1.000000,0.000000,C-06,0,0,0,1,1,0,0.019840,-0.145578,0.7083,0.3447,0.2631,2,ok
0,840,93.400000,-2.698216,-1.637189,-0.171969,0.011781,0.007167,0.135599,0.220576,0.068170,0.094733,0.026564,1.000000,1.000000,0.000000,C-06,0,0,0,1,1,0,0.020354,-0.180157,0.7500,0.2996,0.2657,2,ok
0,841,93.520000,-2.672200,-1.641801,-0.169572,0.011786,0.009564,0.162021,0.220158,0.027003,0.027003,0.000000,1.000000,1.000000,0.000000,,0,0,0,1,1,0,0.021577,-0.212142,0.7500,0.2136,0.2681,2,ok
0,842,93.620000,-2.650498,-1.645596,-0.159265,0.011030,-0.018912,0.184503,0.220484,0.415976,0.177003,-0.238973,1.000000,1.000000,0.000000,C-06,0,0,0,1,1,0,0.016714,-0.204918,0.7292,0.2428,0.2657,2,ok
0,843,93.740000,-2.624485,-1.650151,-0.135017,0.010049,0.005336,0.210894,0.220337,0.735644,0.327003,-0.408641,0.995778,0.995778,0.000000,C-06,0,0,0,1,1,0,0.015922,-0.216779,0.7083,0.2020,0.2626,2,ok
0,844,93.840000,-2.603068,-1.653952,-0.104669,0.008688,0.001707,0.232937,0.217477,0.573924,0.477003,-0.096921,0.978849,0.978849,0.000000,C-06,0,0,0,1,1,0,0.014259,-0.202865,0.7083,0.2392,0.2660,2,ok
0,845,93.960000,-2.576834,-1.657876,-0.077673,0.007447,0.028703,0.259433,0.221364,-0.240897,0.327003,0.567900,1.000000,1.000000,0.000000,C-06,0,0,0,1,1,0,0.014959,-0.165653,0.6667,0.2217,0.2658,2,ok
0,846,94.060000,-2.554890,-1.660172,-0.065076,0.007109,0.010730,0.281719,0.220569,-0.101789,0.177003,0.278792,1.000000,1.000000,0.000000,C-06,0,0,0,1,1,0,0.017872,-0.136247,0.6458,0.1379,0.2664,2,ok
0,847,94.180000,-2.528543,-1.662016,-0.062057,0.007144,0.013750,0.308130,0.220069,-0.271251,0.027003,0.298254,1.000000,1.000000,0.000000,C-06,0,0,0,1,1,0,0.018385,-0.132739,0.6875,0.1091,0.2644,2,ok
0,848,94.300000,-2.502193,-1.663673,-0.061595,0.007154,-0.012261,0.334705,0.220010,0.004143,0.004143,0.000000,1.000000,1.000000,0.000000,,0,0,0,1,1,0,0.014711,-0.127063,0.7083,0.1522,0.2686,2,ok
0,849,94.400000,-2.480233,-1.665043,-0.059106,0.006822,-0.009772,0.356705,0.220041,0.039907,0.039907,0.000000,1.000000,1.000000,0.000000,,0,0,0,1,1,0,0.012470,-0.114802,0.7500,0.1759,0.2687,2,ok
0,850,94.520000,-2.453876,-1.666687,-0.054019,0.006317,-0.027714,0.383267,0.220103,0.063385,0.063385,0.000000,1.000000,1.000000,0.000000,,0,0,0,1,1,0,0.010952,-0.138464,0.7083,0.1785,0.2702,2,ok
0,851,94.620000,-2.431901,-1.668057,-0.040315,0.005447,-0.014010,0.405267,0.220241,0.332529,0.213385,-0.119144,1.000000,1.000000,0.000000,C-06,0,0,0,1,1,0,0.011952,-0.161038,0.7500,0.0830,0.2668,2,ok
0,852,94.740000,-2.405519,-1.669362,-0.034328,0.004744,-0.008023,0.431499,0.220105,0.061391,0.063385,0.001995,1.000000,1.000000,0.000000,C-06,0,0,0,1,1,0,0.010726,-0.147728,0.7083,0.0947,0.2658,2,ok
0,853,94.840000,-2.383534,-1.670132,-0.038782,0.004054,-0.032502,0.453750,0.219965,-0.075469,-0.075469,0.000000,1.000000,1.000000,0.000000,,0,0,0,1,1,0,0.009478,-0.140637,0.6875,0.1053,0.2662,2,ok
0,854,94.960000,-2.357154,-1.671119,-0.039965,0.003167,-0.033685,0.480133,0.219983,-0.010507,-0.010507,0.000000,1.000000,1.000000,0.000000,,0,0,0,1,1,0,0.009478,-0.140637,0.6875,0.1053,0.2662,2,ok
0,855,95.060000,-2.335169,-1.671956,-0.031343,0.002097,-0.042658,0.502161,0.220048,0.136523,0.136523,0.000000,1.000000,1.000000,0.000000,,0,0,0,1,1,0,0.006937,-0.178781,0.6667,0.0053,0.2667,2,ok
0,856,95.180000,-2.308775,-1.672960,-0.008383,0.000738,-0.019699,0.528538,0.220149,0.438737,0.286523,-0.152215,1.000000,1.000000,0.000000,C-06,0,0,0,1,1,0,0.006671,-0.190337,0.7083,-0.0070,0.2692,2,ok
0,857,95.300000,-2.282377,-1.673965,0.025189,-0.000918,-0.001258,0.554908,0.220098,0.404405,0.404405,0.000000,1.000000,1.000000,0.000000,,0,0,0,1,1,0,0.005850,-0.144987,0.7292,0.0078,0.2665,2,ok
0,858,95.400000,-2.260390,-1.674275,0.043765,-0.001865,0.017319,0.576877,0.219800,-0.116761,0.254405,0.371166,1.000000,1.000000,0.000000,C-06,0,0,0,1,1,0,0.007300,-0.117787,0.7500,-0.0173,0.2694,2,ok
0,859,95.520000,-2.234022,-1.673538,0.053093,-0.002075,0.014107,0.603232,0.219819,-0.150265,0.104405,0.254670,1.000000,1.000000,0.000000,C-06,0,0,0,1,1,0,0.007454,-0.089964,0.7500,-0.0018,0.2696,2,ok
0,860,95.620000,-2.212052,-1.672403,0.050736,-0.001837,0.011750,0.625230,0.220023,-0.470285,-0.045595,0.424691,1.000000,1.000000,0.000000,C-06,0,0,0,1,1,0,0.008300,-0.077179,0.7292,-0.0267,0.2686,2,ok
0,861,95.740000,-2.185677,-1.671007,0.035529,-0.001667,-0.014183,0.651620,0.220163,-0.568419,-0.195595,0.372824,1.000000,1.000000,0.000000,C-06,0,0,0,1,1,0,0.007879,-0.075961,0.6875,-0.0310,0.2683,2,ok
0,862,95.840000,-2.163689,-1.669941,0.028859,-0.001766,-0.020853,0.673635,0.220135,-0.087629,-0.087629,0.000000,1.000000,1.000000,0.000000,,0,0,0,1,1,0,0.006552,-0.087468,0.6667,-0.0688,0.2657,2,ok
0,863,95.960000,-2.137301,-1.669167,0.033359,-0.002446,-0.024796,0.700012,0.219969,0.786723,0.062371,-0.724352,1.000000,1.000000,0.000000,C-06,0,0,0,1,1,0,0.006552,-0.087468,0.6667,-0.0688,0.2657,2,ok
0,864,96.060000,-2.115319,-1.668540,0.047158,-0.003114,-0.010998,0.721993,0.219853,1.000000,0.212371,-0.787629,1.000000,1.000000,0.000000,C-06,0,0,0,1,1,0,0.006367,-0.135902,0.7292,-0.1620,0.2654,2,ok
0,865,96.180000,-2.088969,-1.667788,0.075776,-0.003972,0.010326,0.748309,0.219480,0.505967,0.362371,-0.143595,1.000000,1.000000,0.000000,C-06,0,0,0,1,1,0,0.004077,-0.123124,0.7292,-0.1150,0.2680,2,ok
0,866,96.300000,-2.062855,-1.666566,0.093360,-0.004503,0.027910,0.774446,0.217716,0.112786,0.212371,0.099585,0.992345,0.992345,0.000000,C-06,0,0,0,1,1,0,0.006868,-0.087812,0.7917,-0.1466,0.2708,2,ok
0,867,96.400000,-2.040973,-1.664738,0.098317,-0.004164,0.027877,0.796385,0.219781,-0.442840,0.062371,0.505211,1.000000,1.000000,0.000000,C-06,0,0,0,1,1,0,0.006868,-0.087812,0.7917,-0.1466,0.2708,2,ok
0,868,96.520000,-2.014693,-1.662157,0.092119,-0.003458,0.021679,0.822781,0.220128,-0.906355,-0.087629,0.818726,1.000000,1.000000,0.000000,C-06,0,0,0,1,1,0,0.009847,-0.049491,0.7500,-0.1831,0.2712,2,ok
0,869,96.620000,-1.992774,-1.659992,0.077226,-0.002857,0.006786,0.842570,0.220395,-0.629232,-0.237629,0.391603,1.000000,1.000000,0.000000,C-06,0,0,0,1,1,0,0.011116,-0.051734,0.7500,-0.2404,0.2692,2,ok
0,870,96.740000,-1.966428,-1.657394,0.049997,-0.002313,-0.024268,0.871249,0.220775,-0.340803,-0.340803,0.000000,1.000000,1.000000,0.000000,,0,0,0,1,1,0,0.009113,-0.068383,0.7083,-0.2371,0.2681,2,ok
0,871,96.840000,-1.944446,-1.655293,0.028034,-0.001914,-0.046232,0.893121,0.220766,-0.316646,-0.316646,0.000000,1.000000,1.000000,0.000000,,0,0,0,1,1,0,0.007645,-0.093437,0.7083,-0.2701,0.2620,2,ok
0,872,96.960000,-1.918051,-1.653874,0.013198,-0.002552,-0.063311,0.919752,0.220207,1.000000,-0.166646,-1.166646,1.000000,1.000000,0.000000,C-06,0,0,0,1,1,0,0.007530,-0.109630,0.6667,-0.2862,0.2613,2,ok
0,873,97.060000,-1.896053,-1.653494,0.011183,-0.003884,-0.065326,0.941713,0.220009,1.000000,-0.016646,-1.016646,1.000000,1.000000,0.000000,C-06,0,0,0,1,1,0,0.000859,-0.136934,0.8125,-0.2679,0.2615,2,ok
0,874,97.180000,-1.869656,-1.653135,0.021335,-0.005583,-0.055460,0.968057,0.219972,1.000000,0.133354,-0.866646,1.000000,1.000000,0.000000,C-06,0,0,0,1,1,0,-0.002601,-0.114732,0.7708,-0.2419,0.2620,2,ok
0,875,97.300000,-1.843270,-1.652778,0.043836,-0.007283,-0.032959,0.993325,0.219819,0.930293,0.283354,-0.646939,1.000000,1.000000,0.000000,C-06,0,0,0,1,1,0,-0.003339,-0.086166,0.7500,-0.2523,0.2597,2,ok
0,876,97.400000,-1.821298,-1.652369,0.056349,-0.008594,-0.019579,1.016325,0.219723,0.173970,0.173970,0.000000,1.000000,1.000000,0.000000,,0,0,0,1,1,0,-0.005020,-0.054087,0.7708,-0.1858,0.2650,2,ok
0,877,97.520000,-1.794943,-1.650998,0.059131,-0.009290,-0.016797,1.042707,0.219946,-0.301754,0.023970,0.325724,1.000000,1.000000,0.000000,C-06,0,0,0,1,1,0,-0.005595,-0.006316,0.7292,-0.1574,0.2652,2,ok
0,878,97.620000,-1.772977,-1.649728,0.051531,-0.009618,-0.021414,1.064760,0.220073,-0.272351,-0.126030,0.146322,1.000000,1.000000,0.000000,C-06,0,0,0,1,1,0,-0.007298,0.040885,0.7292,-0.1062,0.2644,2,ok
0,879,97.740000,-1.746604,-1.648196,0.038348,-0.010004,-0.034597,1.091174,0.220203,-0.162137,-0.162137,0.000000,1.000000,1.000000,0.000000,,0,0,0,1,1,0,-0.009087,0.046323,0.7083,-0.0717,0.2674,2,ok
0,880,97.840000,-1.724620,-1.647300,0.036783,-0.010711,-0.032362,1.113163,0.220019,0.043411,-0.012137,-0.055548,1.000000,1.000000,0.000000,C-06,0,0,0,1,1,0,-0.010443,0.038378,0.6875,-0.0557,0.2683,2,ok
0,881,97.960000,-1.698242,-1.646275,0.047234,-0.011610,-0.021910,1.139545,0.219926,0.430087,0.137863,-0.292223,1.000000,1.000000,0.000000,C-06,0,0,0,1,1,0,-0.010887,0.041691,0.7292,-0.0450,0.2678,2,ok
0,882,98.060000,-1.676276,-1.645421,0.063545,-0.012165,0.000234,1.161637,0.219735,0.248426,0.248426,0.000000,1.000000,1.000000,0.000000,,0,0,0,1,1,0,-0.008924,0.059131,0.7917,-0.0353,0.2677,2,ok
0,883,98.180000,-1.649938,-1.644099,0.072363,-0.012501,0.009052,1.188007,0.219756,-0.711917,0.098426,0.810343,1.000000,1.000000,0.000000,C-06,0,0,0,1,1,0,-0.005545,0.079631,0.7917,-0.0511,0.2673,2,ok
0,884,98.300000,-1.623604,-1.642233,0.069045,-0.012206,0.012407,1.214453,0.220040,-1.000000,-0.051574,0.948426,1.000000,1.000000,0.000000,C-06,0,0,0,1,1,0,-0.003226,0.091652,0.7708,-0.0562,0.2666,2,ok
0,885,98.400000,-1.601648,-1.640654,0.056076,-0.011924,-0.000562,1.236464,0.220212,-0.597602,-0.201574,0.396028,1.000000,1.000000,0.000000,C-06,0,0,0,1,1,0,-0.001868,0.095229,0.7708,-0.0501,0.2674,2,ok
0,886,98.520000,-1.575277,-1.638759,0.036490,-0.011368,-0.010114,1.263014,0.220412,-0.240928,-0.240928,0.000000,1.000000,1.000000,0.000000,,0,0,0,1,1,0,-0.001360,0.081394,0.7500,-0.0512,0.2672,2,ok
0,887,98.620000,-1.553289,-1.637635,0.029347,-0.011325,-0.017258,1.285031,0.220143,0.017716,-0.090928,-0.108643,1.000000,1.000000,0.000000,C-06,0,0,0,1,1,0,-0.001786,0.042644,0.7083,-0.0501,0.2673,2,ok
0,888,98.740000,-1.526895,-1.636421,0.010102,-0.011192,-0.026386,1.311565,0.220219,-0.414536,-0.240928,0.173608,1.000000,1.000000,0.000000,C-06,0,0,0,1,1,0,-0.001354,0.031849,0.6667,-0.0575,0.2662,2,ok
0,889,98.840000,-1.504895,-1.635870,0.002933,-0.011504,-0.033555,1.333569,0.220046,0.934099,-0.090928,-1.025027,1.000000,1.000000,0.000000,C-06,0,0,0,1,1,0,-0.002685,0.009076,0.7292,-0.0441,0.2674,2,ok
0,890,98.960000,-1.478495,-1.635776,0.007130,-0.012082,-0.017559,1.360155,0.219995,0.933490,0.059072,-0.874417,1.000000,1.000000,0.000000,C-06,0,0,0,1,1,0,-0.003183,-0.004851,0.7917,-0.0462,0.2663,2,ok
0,891,99.060000,-1.456498,-1.635721,0.021044,-0.012526,-0.003645,1.382148,0.219956,0.869314,0.209072,-0.660242,1.000000,1.000000,0.000000,C-06,0,0,0,1,1,0,-0.003296,-0.008198,0.7500,-0.0278,0.2680,2,ok
0,892,99.180000,-1.430105,-1.635388,0.026725,-0.012563,0.011864,1.408673,0.219949,-0.099955,0.059072,0.159027,1.000000,1.000000,0.000000,C-06,0,0,0,1,1,0,-0.001495,0.020033,0.7708,-0.0354,0.2667,2,ok
0,893,99.300000,-1.403713,-1.634702,0.020076,-0.012203,0.005216,1.435035,0.220033,-0.634569,-0.090928,0.543641,1.000000,1.000000,0.000000,C-06,0,0,0,1,1,0,0.000091,0.022403,0.7292,-0.0524,0.2670,2,ok
0,894,99.400000,-1.381715,-1.634114,0.004117,-0.011614,-0.002897,1.457220,0.220076,-0.422005,-0.240928,0.181078,1.000000,1.000000,0.000000,C-06,0,0,0,1,1,0,-0.000185,0.030661,0.7292,-0.0354,0.2660,2,ok
0,895,99.520000,-1.355316,-1.633409,-0.017337,-0.010909,-0.024351,1.483619,0.220049,-0.254462,-0.254462,0.000000,1.000000,1.000000,0.000000,,0,0,0,1,1,0,-0.000832,0.004978,0.7083,-0.0381,0.2666,2,ok
0,896,99.620000,-1.333321,-1.633408,-0.025487,-0.010908,-0.027956,1.505614,0.219934,0.301886,-0.104462,-0.406348,1.000000,1.000000,0.000000,C-06,0,0,0,1,1,0,-0.001438,-0.012976,0.7083,-0.0458,0.2673,2,ok
0,897,99.740000,-1.306929,-1.634053,-0.022560,-0.011553,-0.025029,1.532006,0.220016,1.000000,0.045538,-0.954462,1.000000,1.000000,0.000000,C-06,0,0,0,1,1,0,-0.003389,-0.050580,0.7292,-0.0528,0.2660,2,ok
0,898,99.840000,-1.284933,-1.634619,-0.009927,-0.012119,-0.009927,1.554003,0.220060,1.000000,0.195538,-0.804462,1.000000,1.000000,0.000000,C-06,0,0,0,1,1,0,-0.004516,-0.057787,0.7917,-0.0464,0.2668,2,ok
0,899,99.960000,-1.258534,-1.635299,0.018210,-0.012799,0.018210,1.580402,0.220041,1.000000,0.345538,-0.654462,1.000000,1.000000,0.000000,C-06,0,0,0,1,1,0,-0.004979,-0.031070,0.7917,-0.0244,0.2660,2,ok
0,900,100.060000,-1.236541,-1.635556,0.032685,-0.013056,0.032685,1.602394,0.219890,-0.089706,0.195538,0.285244,1.000000,1.000000,0.000000,C-06,0,0,0,1,1,0,-0.001021,0.008226,0.7708,-0.0458,0.2668,2,ok
0,901,100.180000,-1.210158,-1.634892,0.037200,-0.012392,0.037200,1.628778,0.219939,-0.842479,0.045538,0.888018,1.000000,1.000000,0.000000,C-06,0,0,0,1,1,0,0.000426,0.035274,0.7500,-0.0436,0.2666,2,ok
0,902,100.300000,-1.183773,-1.633936,0.029391,-0.011436,0.029391,1.655163,0.220050,-0.979046,-0.104462,0.874585,1.000000,1.000000,0.000000,C-06,0,0,0,1,1,0,0.001600,0.042834,0.7500,-0.0402,0.2666,2,ok
0,903,100.400000,-1.161778,-1.633130,0.012476,-0.010630,0.012476,1.677157,0.220128,-0.434984,-0.254462,0.180522,1.000000,1.000000,0.000000,C-06,0,0,0,1,1,0,0.001844,0.034083,0.7083,-0.0395,0.2675,2,ok
0,904,100.520000,-1.135379,-1.632162,-0.020826,-0.009662,-0.020826,1.703556,0.220107,-0.506909,-0.404462,0.102447,1.000000,1.000000,0.000000,C-06,0,0,0,1,1,0,0.001594,0.033110,0.7292,-0.0364,0.2674,2,ok
0,905,100.620000,-1.113390,-1.631764,-0.039348,-0.009264,-0.039348,1.725546,0.219846,1.000000,-0.254462,-1.254462,1.000000,1.000000,0.000000,C-06,0,0,0,1,1,0,-0.002415,-0.034621,0.7292,-0.0350,0.2660,2,ok
0,906,100.740000,-1.087016,-1.632379,-0.048811,-0.009879,-0.048811,1.751919,0.219836,1.000000,-0.104462,-1.104462,1.000000,1.000000,0.000000,C-06,0,0,0,1,1,0,-0.004323,-0.071841,0.7917,-0.0421,0.2666,2,ok
0,907,100.840000,-1.065042,-1.633418,-0.046554,-0.010918,-0.046554,1.773894,0.220021,1.000000,0.045538,-0.954462,1.000000,1.000000,0.000000,C-06,0,0,0,1,1,0,-0.005635,-0.091281,0.7917,-0.0449,0.2672,2,ok
0,908,100.960000,-1.038662,-1.634704,-0.031414,-0.012204,-0.031414,1.800273,0.220147,0.365037,0.195538,-0.169499,1.000000,1.000000,0.000000,C-06,0,0,0,1,1,0,-0.006742,-0.092868,0.7708,-0.0481,0.2659,2,ok
0,909,101.060000,-1.016668,-1.635776,-0.008336,-0.013276,-0.008336,1.822268,0.220251,0.416602,0.345538,-0.071064,1.000000,1.000000,0.000000,C-06,0,0,0,1,1,0,-0.006569,-0.068397,0.7292,-0.0467,0.2657,2,ok
0,910,101.180000,-0.990268,-1.636762,0.008788,-0.014262,0.008788,1.848668,0.220088,-0.037070,0.195538,0.232608,1.000000,1.000000,0.000000,C-06,0,0,0,1,1,0,-0.005038,-0.034836,0.7292,-0.0421,0.2672,2,ok
0,911,101.300000,-0.963870,-1.636739,0.013480,-0.014239,0.013480,1.875066,0.219983,-0.028789,0.045538,0.074327,1.000000,1.000000,0.000000,C-06,0,0,0,1,1,0,-0.003914,-0.009093,0.7083,-0.0438,0.2669,2,ok
0,912,101.400000,-0.941873,-1.636629,0.020406,-0.014129,0.020406,1.897063,0.219959,0.103290,0.103290,0.000000,1.000000,1.000000,0.000000,,0,0,0,1,1,0,-0.003056,-0.004964,0.7083,-0.0468,0.2681,2,ok
0,913,101.520000,-0.915478,-1.636110,0.017373,-0.013610,0.017373,1.923458,0.220013,-0.437617,-0.046710,0.390907,1.000000,1.000000,0.000000,C-06,0,0,0,1,1,0,-0.002648,0.008964,0.7083,-0.0362,0.2678,2,ok
0,914,101.620000,-0.893479,-1.635654,0.004614,-0.013154,0.004614,1.945456,0.220044,-0.409388,-0.196710,0.212678,1.000000,1.000000,0.000000,C-06,0,0,0,1,1,0,-0.002434,0.019052,0.8125,-0.0302,0.2676,2,ok
0,915,101.740000,-0.867079,-1.635352,0.000112,-0.012852,0.000112,1.971856,0.220010,0.010101,-0.046710,-0.056811,1.000000,1.000000,0.000000,C-06,0,0,0,1,1,0,-0.002445,-0.004592,0.7708,-0.0488,0.2668,2,ok
0,916,101.840000,-0.845080,-1.635316,0.006515,-0.012816,0.006515,1.993856,0.219996,0.532908,0.103290,-0.429618,1.000000,1.000000,0.000000,C-06,0,0,0,1,1,0,-0.003048,-0.016230,0.7500,-0.0468,0.2669,2,ok
0,917,101.960000,-0.818684,-1.635287,0.026836,-0.012787,0.026836,2.020252,0.219926,0.951187,0.253290,-0.697897,1.000000,1.000000,0.000000,C-06,0,0,0,1,1,0,-0.003641,-0.012249,0.7500,-0.0367,0.2675,2,ok
0,918,102.060000,-0.796694,-1.635039,0.034852,-0.012539,0.034852,2.042241,0.219895,-0.470443,0.103290,0.573734,1.000000,1.000000,0.000000,C-06,0,0,0,1,1,0,-0.000650,0.021900,0.7083,-0.0176,0.2691,2,ok
0,919,102.180000,-0.770309,-1.634145,0.031640,-0.011645,0.031640,2.068626,0.220022,-0.555019,-0.046710,0.508309,1.000000,1.000000,0.000000,C-06,0,0,0,1,1,0,0.001559,0.033571,0.7500,-0.0445,0.2671,2,ok
0,920,102.300000,-0.743917,-1.633226,0.016145,-0.010726,0.016145,2.095018,0.220102,-0.806015,-0.196710,0.609305,1.000000,1.000000,0.000000,C-06,0,0,0,1,1,0,0.001928,0.035050,0.7083,-0.0405,0.2670,2,ok
0,921,102.400000,-0.721918,-1.632460,-0.007223,-0.009960,-0.007223,2.117017,0.220129,-0.377289,-0.346710,0.030580,1.000000,1.000000,0.000000,C-06,0,0,0,1,1,0,0.001332,0.021215,0.7083,-0.0452,0.2668,2,ok
0,922,102.520000,-0.695522,-1.631890,-0.024416,-0.009390,-0.024416,2.143414,0.219958,0.663684,-0.196710,-0.860393,1.000000,1.000000,0.000000,C-06,0,0,0,1,1,0,-0.000544,-0.000870,0.7500,-0.0302,0.2667,2,ok
0,923,102.620000,-0.673530,-1.632237,-0.028510,-0.009737,-0.028510,2.165406,0.219954,1.000000,-0.046710,-1.046710,1.000000,1.000000,0.000000,C-06,0,0,0,1,1,0,-0.003246,-0.042833,0.7708,-0.0285,0.2670,2,ok
0,924,102.740000,-0.647138,-1.632961,-0.020858,-0.010461,-0.020858,2.191797,0.220036,1.000000,0.103290,-0.896710,1.000000,1.000000,0.000000,C-06,0,0,0,1,1,0,-0.003878,-0.057451,0.7500,-0.0351,0.2674,2,ok
0,925,102.840000,-0.625140,-1.633576,-0.004034,-0.011076,-0.004034,2.213795,0.220083,1.000000,0.253290,-0.746710,1.000000,1.000000,0.000000,C-06,0,0,0,1,1,0,-0.003465,-0.051898,0.7500,-0.0462,0.2655,2,ok
0,926,102.960000,-0.598740,-1.634083,0.005386,-0.011583,0.005386,2.240195,0.220022,-0.257960,0.103290,0.361251,1.000000,1.000000,0.000000,C-06,0,0,0,1,1,0,-0.003547,-0.034150,0.7292,-0.0181,0.2692,2,ok
0,927,103.060000,-0.576741,-1.633986,0.002875,-0.011486,0.002875,2.262195,0.220003,-0.148320,-0.046710,0.101610,1.000000,1.000000,0.000000,C-06,0,0,0,1,1,0,-0.001682,-0.008354,0.7083,-0.0376,0.2674,2,ok
0,928,103.180000,-0.550341,-1.633832,-0.011738,-0.011332,-0.011738,2.288594,0.219990,-0.182630,-0.182630,0.000000,1.000000,1.000000,0.000000,,0,0,0,1,1,0,-0.000865,-0.015914,0.7083,-0.0541,0.2659,2,ok
0,929,103.300000,-0.523944,-1.634015,-0.015228,-0.011515,-0.015228,2.314992,0.219984,0.197418,-0.032630,-0.230048,1.000000,1.000000,0.000000,C-06,0,0,0,1,1,0,-0.002808,-0.031988,0.7083,-0.0395,0.2676,2,ok
0,930,103.400000,-0.501945,-1.634309,-0.008109,-0.011809,-0.008109,2.335435,0.220013,0.747591,0.117370,-0.630221,1.000000,1.000000,0.000000,C-06,0,0,0,1,1,0,-0.003728,-0.034953,0.7500,-0.0341,0.2666,2,ok
0,931,103.520000,-0.475546,-1.634673,0.013450,-0.012173,0.013450,2.363389,0.220004,1.000000,0.267370,-0.732630,1.000000,1.000000,0.000000,C-06,0,0,0,1,1,0,-0.003347,-0.046891,0.8333,-0.0556,0.2674,2,ok
0,932,103.620000,-0.453551,-1.634955,0.027108,-0.012455,0.027108,2.385385,0.219933,0.190147,0.190147,0.000000,1.000000,1.000000,0.000000,,0,0,0,1,1,0,-0.002682,-0.010642,0.7917,-0.0351,0.2669,2,ok
0,933,103.740000,-0.427162,-1.634423,0.031295,-0.011923,0.031295,2.411773,0.219955,-0.261905,0.040147,0.302052,1.000000,1.000000,0.000000,C-06,0,0,0,1,1,0,-0.000661,0.019600,0.7500,-0.0388,0.2665,2,ok
0,934,103.840000,-0.405171,-1.633764,0.024547,-0.011264,0.024547,2.433764,0.220033,-0.906126,-0.109853,0.796273,1.000000,1.000000,0.000000,C-06,0,0,0,1,1,0,0.001066,0.026000,0.7708,-0.0441,0.2671,2,ok
0,935,103.960000,-0.378775,-1.632961,0.003743,-0.010461,0.003743,2.460161,0.220099,-0.706389,-0.259853,0.446536,1.000000,1.000000,0.000000,C-06,0,0,0,1,1,0,0.001659,0.024856,0.7292,-0.0426,0.2679,2,ok
0,936,104.060000,-0.356775,-1.632291,-0.012093,-0.009791,-0.012093,2.482160,0.220088,-0.221775,-0.221775,0.000000,1.000000,1.000000,0.000000,,0,0,0,1,1,0,-0.000292,-0.008195,0.7083,-0.0395,0.2669,2,ok
0,937,104.180000,-0.330378,-1.632304,-0.018879,-0.009804,-0.018879,2.508557,0.219965,1.000000,-0.071775,-1.071775,1.000000,1.000000,0.000000,C-06,0,0,0,1,1,0,-0.001377,-0.034534,0.7083,-0.0440,0.2666,2,ok
0,938,104.300000,-0.303982,-1.632788,-0.013245,-0.010288,-0.013245,2.534954,0.220021,1.000000,0.078225,-0.921775,1.000000,1.000000,0.000000,C-06,0,0,0,1,1,0,-0.001377,-0.034534,0.7083,-0.0440,0.2666,2,ok
0,939,104.400000,-0.281983,-1.633212,0.001674,-0.010712,0.001674,2.556953,0.220041,0.974650,0.228225,-0.746425,1.000000,1.000000,0.000000,C-06,0,0,0,1,0,0,-0.001377,-0.034534,0.7083,-0.0440,0.2666,2,ok
0,940,104.520000,-0.255587,-1.633721,0.032378,-0.011221,0.032378,2.583348,0.219936,0.489508,0.378225,-0.111283,1.000000,1.000000,0.000000,C-06,0,0,0,1,1,0,-0.001923,-0.027358,0.7917,-0.0345,0.2672,2,ok
0,941,104.620000,-0.233606,-1.633767,0.048962,-0.011267,0.048962,2.605329,0.219750,-0.844074,0.228225,1.072299,1.000000,1.000000,0.000000,C-06,0,0,0,1,1,0,0.001786,0.027699,0.7708,-0.0358,0.2669,2,ok
0,942,104.740000,-0.207243,-1.632796,0.056216,-0.010296,0.056216,2.631692,0.219847,-0.995588,0.078225,1.073812,1.000000,1.000000,0.000000,C-06,0,0,0,1,1,0,0.003454,0.041914,0.7708,-0.0541,0.2672,2,ok
0,943,104.840000,-0.185276,-1.631576,0.052211,-0.009076,0.052211,2.653660,0.220050,-1.000000,-0.071775,0.928225,1.000000,1.000000,0.000000,C-06,0,0,0,1,1,0,0.005524,0.073050,0.7292,-0.0315,0.2672,2,ok
0,944,104.960000,-0.158902,-1.630082,0.034745,-0.007582,0.034745,2.680034,0.220213,-0.722384,-0.221775,0.500609,1.000000,1.000000,0.000000,C-06,0,0,0,1,1,0,0.006964,0.068110,0.7292,-0.0435,0.2671,2,ok
0,945,105.060000,-0.136910,-1.628836,0.019645,-0.006336,0.019645,2.702025,0.220306,-0.216995,-0.216995,0.000000,1.000000,1.000000,0.000000,,0,0,0,1,1,0,0.006504,0.041035,0.6875,-0.0415,0.2672,2,ok
0,946,105.180000,-0.110514,-1.628036,0.013266,-0.005536,0.013266,2.728422,0.220056,0.177530,-0.066995,-0.244525,1.000000,1.000000,0.000000,C-06,0,0,0,1,1,0,0.006761,0.009320,0.7500,-0.0548,0.2669,2,ok
0,947,105.300000,-0.086482,-1.627654,-0.003023,-0.005154,-0.003023,2.752453,0.198023,-0.432989,-0.216995,0.215994,0.873590,0.900000,0.026410,C-06,0,0,0,1,1,0,0.005393,0.010622,0.7917,-0.0259,0.2683,2,ok
0,948,105.400000,-0.067197,-1.627485,-0.008917,-0.004985,-0.008917,2.771738,0.192210,0.232940,-0.066995,-0.299935,0.873700,0.873700,0.000000,C-06,0,0,0,1,1,0,0.005246,-0.009071,0.7708,-0.0443,0.2667,2,ok
0,949,105.520000,-0.042118,-1.627643,-0.002869,-0.005143,-0.002869,2.796817,0.214218,0.350322,0.083005,-0.267317,1.000000,0.973700,-0.026300,C-06,0,0,0,1,1,0,0.002887,-0.026054,0.7500,-0.0151,0.2688,2,ok
0,950,105.620000,-0.020191,-1.627779,0.012672,-0.005279,0.012672,2.818744,0.219989,0.547225,0.233005,-0.314220,1.000000,1.000000,0.000000,C-06,0,0,0,1,1,0,0.004075,-0.019327,0.7708,-0.0413,0.2660,2,ok
0,951,105.740000,0.006205,-1.627754,0.020502,-0.005254,0.020502,2.845140,0.219957,-0.019022,0.083005,0.102027,1.000000,1.000000,0.000000,C-06,0,0,0,1,1,0,0.006158,-0.008106,0.7292,-0.0529,0.2669,2,ok
0,952,105.840000,0.028201,-1.627321,0.016732,-0.004821,0.016732,2.867136,0.220017,-0.396310,-0.066995,0.329315,1.000000,1.000000,0.000000,C-06,0,0,0,1,1,0,0.006533,0.017724,0.7083,-0.0373,0.2663,2,ok
0,953,105.960000,0.054600,-1.626767,-0.000642,-0.004267,-0.000642,2.893535,0.220048,-0.832302,-0.216995,0.615307,1.000000,1.000000,0.000000,C-06,0,0,0,1,1,0,0.007174,0.011272,0.7083,-0.0438,0.2675,2,ok
0,954,106.060000,0.076599,-1.626550,-0.005918,-0.004050,-0.005918,2.915535,0.220002,0.048622,-0.066995,-0.115617,1.000000,1.000000,0.000000,C-06,0,0,0,1,1,0,0.005745,-0.018216,0.7500,-0.0452,0.2671,2,ok
0,955,106.180000,0.100512,-1.626588,0.000286,-0.004088,0.000286,2.939447,0.198000,0.281166,0.083005,-0.198161,0.898183,0.900000,0.001817,C-06,0,0,0,1,1,0,0.004400,-0.019250,0.7708,-0.0263,0.2676,2,ok
0,956,106.300000,0.124828,-1.626582,-0.001216,-0.004082,-0.001216,2.963763,0.203180,-0.025181,-0.025181,0.000000,0.923545,0.923545,0.000000,,0,0,0,1,1,0,0.004981,-0.008756,0.7917,-0.0307,0.2662,2,ok
0,957,106.400000,0.146415,-1.626593,-0.007832,-0.004093,-0.007832,2.985351,0.219994,-0.101359,-0.101359,0.000000,1.000000,1.000000,0.000000,,0,0,0,1,1,0,0.005888,-0.022543,0.7917,-0.0432,0.2674,2,ok
0,958,106.520000,0.172811,-1.626614,-0.028182,-0.004114,-0.028182,3.011746,0.219919,-0.285317,-0.251359,0.033958,1.000000,1.000000,0.000000,C-06,0,0,0,1,1,0,0.004722,-0.009448,0.7500,-0.0209,0.2667,2,ok
0,959,106.620000,0.194799,-1.626895,-0.035954,-0.004395,-0.035954,3.033735,0.219892,0.469965,-0.101359,-0.571324,1.000000,1.000000,0.000000,C-06,0,0,0,1,1,0,0.002448,-0.056725,0.7500,-0.0413,0.2674,2,ok
0,960,106.740000,0.221183,-1.627815,-0.032690,-0.005315,-0.032690,3.060119,0.220023,1.000000,0.048641,-0.951359,1.000000,1.000000,0.000000,C-06,0,0,0,1,1,0,0.001287,-0.075923,0.7292,-0.0469,0.2673,2,ok
0,961,106.840000,0.243175,-1.628606,-0.019821,-0.006106,-0.019821,3.082111,0.220095,1.000000,0.198641,-0.801359,1.000000,1.000000,0.000000,C-06,0,0,0,1,1,0,0.000825,-0.074495,0.7292,-0.0513,0.2674,2,ok
0,962,106.960000,0.269574,-1.629555,0.008568,-0.007055,0.008568,3.108509,0.220136,0.516952,0.348641,-0.168311,1.000000,1.000000,0.000000,C-06,0,0,0,1,1,0,0.000817,-0.055929,0.6875,-0.0450,0.2664,2,ok
0,963,107.060000,0.291571,-1.630041,0.023246,-0.007541,0.023246,3.130506,0.219969,-0.370694,0.198641,0.569335,1.000000,1.000000,0.000000,C-06,0,0,0,1,1,0,0.003219,-0.001544,0.7500,-0.0365,0.2670,2,ok
0,964,107.180000,0.317962,-1.629633,0.027841,-0.007133,0.027841,3.156897,0.219954,-0.744120,0.048641,0.792761,1.000000,1.000000,0.000000,C-06,0,0,0,1,1,0,0.004660,0.022794,0.7917,-0.0363,0.2670,2,ok
0,965,107.300000,0.344354,-1.628926,0.020344,-0.006426,0.020344,3.183289,0.220035,-1.000000,-0.101359,0.898641,1.000000,1.000000,0.000000,C-06,0,0,0,1,1,0,0.005496,0.031511,0.7917,-0.0333,0.2669,2,ok
0,966,107.400000,0.366352,-1.628324,0.004180,-0.005824,0.004180,3.205287,0.220079,-0.596393,-0.251359,0.345034,1.000000,1.000000,0.000000,C-06,0,0,0,1,1,0,0.005904,0.024244,0.7500,-0.0364,0.2671,2,ok
0,967,107.520000,0.392752,-1.627732,-0.007098,-0.005232,-0.007098,3.231687,0.220029,-0.125542,-0.125542,0.000000,1.000000,1.000000,0.000000,,0,0,0,1,1,0,0.005454,0.002062,0.7708,-0.0482,0.2668,2,ok
0,968,107.620000,0.414534,-1.627396,-0.017538,-0.004896,-0.017538,3.253469,0.217619,-0.151019,-0.151019,0.000000,0.989246,0.989246,0.000000,,0,0,0,1,1,0,0.003754,-0.024923,0.7500,-0.0418,0.2666,2,ok
0,969,107.740000,0.440906,-1.627826,-0.018463,-0.005326,-0.018463,3.279842,0.219999,0.232909,-0.001019,-0.233927,1.000000,1.000000,0.000000,C-06,0,0,0,1,1,0,0.002591,-0.039272,0.7083,-0.0334,0.2670,2,ok
0,970,107.840000,0.462904,-1.628228,-0.008970,-0.005728,-0.008970,3.301840,0.220027,1.000000,0.148981,-0.851019,1.000000,1.000000,0.000000,C-06,0,0,0,1,1,0,0.002893,-0.046373,0.6875,-0.0520,0.2651,2,ok
0,971,107.960000,0.489304,-1.628691,-0.003161,-0.006191,-0.003161,3.328239,0.220026,0.063668,0.063668,0.000000,1.000000,1.000000,0.000000,,0,0,0,1,1,0,0.002878,-0.041129,0.7292,-0.0500,0.2668,2,ok
0,972,108.060000,0.510609,-1.628773,-0.002891,-0.006273,-0.002891,3.349544,0.212527,-0.000692,-0.000692,0.000000,0.966031,0.966031,0.000000,,0,0,0,1,1,0,0.003276,-0.024477,0.7917,-0.0462,0.2670,2,ok
0,973,108.180000,0.536890,-1.628860,-0.014514,-0.006360,-0.014514,3.375825,0.219980,-0.417402,-0.150692,0.266710,1.000000,1.000000,0.000000,C-06,0,0,0,1,1,0,0.003364,-0.019445,0.7917,-0.0503,0.2661,2,ok
0,974,108.300000,0.563284,-1.628949,-0.026022,-0.006449,-0.026022,3.402220,0.219930,-0.136507,-0.136507,0.000000,1.000000,1.000000,0.000000,,0,0,0,1,1,0,0.002282,-0.040309,0.7917,-0.0475,0.2673,2,ok
0,975,108.400000,0.585277,-1.629492,-0.026032,-0.006992,-0.026032,3.424212,0.220004,0.732809,0.013493,-0.719316,1.000000,1.000000,0.000000,C-06,0,0,0,1,1,0,0.000827,-0.055498,0.7708,-0.0483,0.2675,2,ok
0,976,108.520000,0.611671,-1.630198,-0.013488,-0.007698,-0.013488,3.450606,0.220057,1.000000,0.163493,-0.836507,1.000000,1.000000,0.000000,C-06,0,0,0,1,1,0,0.000110,-0.062013,0.7292,-0.0462,0.2667,2,ok
0,977,108.620000,0.633670,-1.630787,0.007465,-0.008287,0.007465,3.472606,0.220074,0.312050,0.312050,0.000000,1.000000,1.000000,0.000000,,0,0,0,1,1,0,-0.000259,-0.050058,0.7083,-0.0407,0.2667,2,ok
0,978,108.740000,0.660067,-1.631214,0.021756,-0.008714,0.021756,3.499003,0.219961,-0.146376,0.162050,0.308426,1.000000,1.000000,0.000000,C-06,0,0,0,1,1,0,0.002573,-0.015331,0.6667,-0.0564,0.2659,2,ok
0,979,108.840000,0.682061,-1.630809,0.023436,-0.008309,0.023436,3.520997,0.219989,-0.564805,0.012050,0.576855,1.000000,1.000000,0.000000,C-06,0,0,0,1,1,0,0.003737,0.008994,0.7083,-0.0505,0.2660,2,ok
0,980,108.960000,0.708457,-1.630249,0.012707,-0.007749,0.012707,3.547392,0.220030,-0.971734,-0.137950,0.833784,1.000000,1.000000,0.000000,C-06,0,0,0,1,1,0,0.003711,0.027704,0.7500,-0.0306,0.2667,2,ok
0,981,109.060000,0.730456,-1.629782,0.002441,-0.007282,0.002441,3.569391,0.220048,-0.146424,-0.146424,0.000000,1.000000,1.000000,0.000000,,0,0,0,1,1,0,0.002987,0.011008,0.7708,-0.0249,0.2676,2,ok
0,982,109.180000,0.756856,-1.629705,0.001893,-0.007205,0.001893,3.595791,0.220000,0.367386,0.003576,-0.363810,1.000000,1.000000,0.000000,C-06,0,0,0,1,1,0,0.002670,-0.010261,0.7500,-0.0363,0.2673,2,ok
0,983,109.300000,0.783255,-1.629662,0.013803,-0.007162,0.013803,3.622191,0.219981,0.652050,0.153576,-0.498475,1.000000,1.000000,0.000000,C-06,0,0,0,1,1,0,0.002450,-0.013675,0.7500,-0.0361,0.2653,2,ok
0,984,109.400000,0.805253,-1.629375,0.015001,-0.006875,0.015001,3.644188,0.219998,-0.079028,0.003576,0.082604,1.000000,1.000000,0.000000,C-06,0,0,0,1,1,0,0.002916,0.001812,0.7083,-0.0202,0.2657,2,ok
0,985,109.520000,0.831651,-1.628996,0.003705,-0.006496,0.003705,3.670587,0.220021,-0.335329,-0.146424,0.188905,1.000000,1.000000,0.000000,C-06,0,0,0,1,1,0,0.004708,0.000394,0.7083,-0.0467,0.2665,2,ok
0,986,109.620000,0.853650,-1.628681,-0.016325,-0.006181,-0.016325,3.692586,0.219997,-0.476912,-0.296424,0.180487,1.000000,1.000000,0.000000,C-06,0,0,0,1,1,0,0.004230,-0.015391,0.6875,-0.0496,0.2657,2,ok
0,987,109.740000,0.880043,-1.628557,-0.029335,-0.006057,-0.029335,3.718979,0.219909,0.457203,-0.146424,-0.603627,1.000000,1.000000,0.000000,C-06,0,0,0,1,1,0,0.001926,-0.033482,0.6875,-0.0410,0.2661,2,ok
0,988,109.840000,0.902033,-1.629182,-0.029610,-0.006682,-0.029610,3.740969,0.220001,1.000000,0.003576,-0.996424,1.000000,1.000000,0.000000,C-06,0,0,0,1,1,0,0.000280,-0.060216,0.7292,-0.0428,0.2656,2,ok
0,989,109.960000,0.928426,-1.629969,-0.017718,-0.007469,-0.017718,3.767361,0.220061,1.000000,0.153576,-0.846424,1.000000,1.000000,0.000000,C-06,0,0,0,1,1,0,0.000293,-0.080564,0.7708,-0.0687,0.2676,2,ok
0,990,110.060000,0.950424,-1.630625,0.002805,-0.008125,0.002805,3.787135,0.220097,1.000000,0.303576,-0.696424,1.000000,1.000000,0.000000,C-06,0,0,0,1,1,0,-0.000280,-0.057666,0.7292,-0.0407,0.2651,2,ok
0,991,110.180000,0.976823,-1.631141,0.016639,-0.008641,0.016639,3.815758,0.219991,-0.365328,0.153576,0.518904,1.000000,1.000000,0.000000,C-06,0,0,0,1,1,0,0.004083,-0.055243,0.7292,-0.1229,0.2694,2,ok
0,992,110.300000,1.003219,-1.630745,0.017780,-0.008245,0.017780,3.842154,0.219997,-0.762421,0.003576,0.765997,1.000000,1.000000,0.000000,C-06,0,0,0,1,1,0,0.005701,-0.041124,0.7292,-0.1452,0.2697,2,ok
0,993,110.400000,1.025217,-1.630368,0.008462,-0.007868,0.008462,3.864152,0.220023,-0.563710,-0.146424,0.417286,1.000000,1.000000,0.000000,C-06,0,0,0,1,1,0,0.005947,-0.042452,0.7083,-0.1441,0.2702,2,ok
0,994,110.520000,1.051616,-1.629916,-0.015543,-0.007416,-0.015543,3.890551,0.220009,-0.465591,-0.296424,0.169167,1.000000,1.000000,0.000000,C-06,0,0,0,1,1,0,0.006002,-0.040639,0.6458,-0.1601,0.2703,2,ok
0,995,110.620000,1.073611,-1.629768,-0.026629,-0.007268,-0.026629,3.912546,0.219925,0.635955,-0.146424,-0.782379,1.000000,1.000000,0.000000,C-06,0,0,0,1,1,0,0.005559,-0.082542,0.6667,-0.2366,0.2647,2,ok
0,996,110.740000,1.100001,-1.630443,-0.027167,-0.007943,-0.027167,3.937335,0.220001,1.000000,0.003576,-0.996424,1.000000,1.000000,0.000000,C-06,0,0,0,1,1,0,0.004601,-0.115091,0.6875,-0.2590,0.2633,2,ok
0,997,110.840000,1.121995,-1.631046,-0.017512,-0.008546,-0.017512,3.960931,0.220047,1.000000,0.153576,-0.846424,1.000000,1.000000,0.000000,C-06,0,0,0,1,1,0,0.002049,-0.125528,0.7500,-0.2607,0.2633,2,ok
0,998,110.960000,1.148394,-1.631770,0.007192,-0.009270,0.007192,3.987329,0.220079,1.000000,0.303576,-0.696424,1.000000,1.000000,0.000000,C-06,0,0,0,1,1,0,0.000395,-0.100920,0.7500,-0.2472,0.2655,2,ok
0,999,111.060000,1.170392,-1.632131,0.018840,-0.009631,0.018840,4.009327,0.219976,-0.133055,0.153576,0.286630,1.000000,1.000000,0.000000,C-06,0,0,0,1,1,0,0.000287,-0.026883,0.7500,-0.2103,0.2639,2,ok
0,1000,111.180000,1.196787,-1.631673,0.019874,-0.009173,0.019874,4.035722,0.219997,-0.773293,0.003576,0.776869,1.000000,1.000000,0.000000,C-06,0,0,0,1,1,0,0.000468,0.007071,0.7083,-0.1965,0.2652,2,ok
0,1001,111.300000,1.223184,-1.631166,0.008298,-0.008666,0.008298,4.062119,0.220032,-0.721546,-0.146424,0.575121,1.000000,1.000000,0.000000,C-06,0,0,0,1,1,0,-0.000497,0.033430,0.7292,-0.1624,0.2661,2,ok
0,1002,111.400000,1.245184,-1.630743,-0.007824,-0.008243,-0.007824,4.084119,0.220035,-0.236504,-0.236504,0.000000,1.000000,1.000000,0.000000,,0,0,0,1,1,0,-0.001749,0.043882,0.6458,-0.1515,0.2635,2,ok
0,1003,111.520000,1.271580,-1.630289,-0.023598,-0.007789,-0.023598,4.110516,0.219958,-0.184158,-0.184158,0.000000,1.000000,1.000000,0.000000,,0,0,0,1,1,0,-0.004151,0.036212,0.6250,-0.1265,0.2689,2,ok
0,1004,111.620000,1.293573,-1.630669,-0.026610,-0.008169,-0.026610,4.132508,0.219967,0.808745,-0.034158,-0.842903,1.000000,1.000000,0.000000,C-06,0,0,0,1,1,0,-0.005265,0.008421,0.7083,-0.1283,0.2688,2,ok
0,1005,111.740000,1.319966,-1.631331,-0.017922,-0.008831,-0.015865,4.158901,0.220034,0.939395,0.115842,-0.823553,1.000000,1.000000,0.000000,C-06,0,0,0,1,1,0,-0.005721,0.007648,0.7500,-0.1202,0.2666,2,ok
0,1006,111.840000,1.341965,-1.631890,-0.002702,-0.009390,-0.000644,4.180900,0.220070,0.224543,0.224543,0.000000,1.000000,1.000000,0.000000,,0,0,0,1,1,0,-0.005757,0.027825,0.7500,-0.1027,0.2678,2,ok
0,1007,111.960000,1.368339,-1.632253,0.004382,-0.009753,0.010571,4.207275,0.219785,-0.571393,0.074543,0.645936,0.998978,0.998978,0.000000,C-06,0,0,0,1,1,0,-0.003875,0.059540,0.7500,-0.1001,0.2663,2,ok
0,1008,112.060000,1.390337,-1.632171,-0.000113,-0.009671,0.006076,4.229272,0.220002,-0.735323,-0.075457,0.659866,1.000000,1.000000,0.000000,C-06,0,0,0,1,1,0,-0.002260,0.097676,0.6875,-0.0649,0.2700,2,ok
0,1009,112.180000,1.416735,-1.632045,-0.018187,-0.009354,-0.004151,4.255768,0.219969,-0.559066,-0.225457,0.333609,1.000000,1.000000,0.000000,C-06,0,0,0,1,1,0,-0.004327,0.123673,0.7083,0.0100,0.2673,2,ok
0,1010,112.300000,1.443129,-1.632227,-0.025571,-0.009264,-0.011535,4.282162,0.219942,-0.078214,-0.078214,0.000000,1.000000,1.000000,0.000000,,0,0,0,1,1,0,-0.003928,0.101443,0.6667,-0.0053,0.2656,2,ok
0,1011,112.400000,1.465117,-1.632473,-0.040429,-0.009093,-0.016993,4.304247,0.219842,-0.313321,-0.228214,0.085107,1.000000,1.000000,0.000000,C-06,0,0,0,1,1,0,-0.005381,0.111122,0.6458,0.0422,0.2658,2,ok
0,1012,112.520000,1.491491,-1.633239,-0.047616,-0.009314,-0.024179,4.330631,0.219873,0.012651,-0.078214,-0.090866,1.000000,1.000000,0.000000,C-06,0,0,0,1,1,0,-0.005750,0.098247,0.6667,0.0575,0.2672,2,ok
0,1013,112.620000,1.511482,-1.634111,-0.043736,-0.009464,-0.008906,4.350814,0.198004,0.463591,0.071786,-0.391805,0.797146,0.900000,0.102854,C-06,0,0,0,1,1,0,-0.004005,0.057181,0.7500,0.0209,0.2633,2,ok
0,1014,112.740000,1.537235,-1.635137,-0.026416,-0.009479,0.008413,4.376588,0.220081,0.224835,0.221786,-0.003049,1.000000,1.000000,0.000000,C-06,0,0,0,1,1,0,-0.002631,0.055476,0.7500,0.0125,0.2626,2,ok
0,1015,112.840000,1.559229,-1.635944,-0.020669,-0.009298,0.024765,4.398669,0.220083,-0.089310,0.071786,0.161096,1.000000,1.000000,0.000000,C-06,0,0,0,1,1,0,-0.000297,0.078384,0.7292,0.0119,0.2631,2,ok
0,1016,112.960000,1.585622,-1.636501,-0.026379,-0.008615,0.019055,4.425059,0.219971,-0.685027,-0.078214,0.606813,1.000000,1.000000,0.000000,C-06,0,0,0,1,1,0,0.003333,0.094546,0.7083,-0.0275,0.2620,2,ok
0,1017,113.060000,1.607609,-1.636948,-0.041126,-0.007874,0.014726,4.447123,0.219867,-0.614872,-0.228214,0.386657,1.000000,1.000000,0.000000,C-06,0,0,0,1,1,0,0.001407,0.105630,0.7083,0.0851,0.2689,2,ok
0,1018,113.180000,1.633976,-1.637485,-0.058746,-0.006908,-0.002895,4.473477,0.219676,-0.213683,-0.213683,0.000000,1.000000,1.000000,0.000000,,0,0,0,1,1,0,0.001810,0.086598,0.6250,0.0381,0.2661,2,ok
0,1019,113.300000,1.660325,-1.638772,-0.064769,-0.006572,-0.002245,4.499899,0.219852,0.007464,-0.063683,-0.071147,1.000000,1.000000,0.000000,C-06,0,0,0,1,1,0,0.000967,0.064722,0.6458,0.0819,0.2659,2,ok
0,1020,113.400000,1.681481,-1.640106,-0.060052,-0.006564,0.002472,4.521097,0.211008,0.196077,0.086317,-0.109760,0.958912,0.958912,0.000000,C-06,0,0,0,1,1,0,-0.001335,0.068001,0.7083,0.1355,0.2679,2,ok
0,1021,113.520000,1.704299,-1.641474,-0.057217,-0.006352,0.011570,4.544016,0.188986,0.032482,0.032482,0.000000,0.810415,0.858912,0.048497,C-06,0,0,0,1,1,0,-0.001452,0.080293,0.7500,0.1527,0.2694,2,ok
0,1022,113.620000,1.724794,-1.642582,-0.064490,-0.005967,0.004296,4.564538,0.210823,-0.207743,-0.117518,0.090226,1.000000,0.958912,-0.041088,C-06,0,0,0,1,1,0,0.000329,0.086777,0.7500,0.1574,0.2644,2,ok
0,1023,113.740000,1.750985,-1.643933,-0.075101,-0.005413,-0.002108,4.590757,0.219678,-0.131862,-0.131862,0.000000,1.000000,1.000000,0.000000,,0,0,0,1,1,0,-0.000181,0.094667,0.7708,0.1854,0.2626,2,ok
0,1024,113.840000,1.772923,-1.645553,-0.074599,-0.005437,-0.001606,4.612755,0.220011,0.055187,0.018138,-0.037049,1.000000,1.000000,0.000000,C-06,0,0,0,1,1,0,-0.001339,0.073741,0.7500,0.2265,0.2656,2,ok
0,1025,113.960000,1.799256,-1.647540,-0.067230,-0.005450,0.008669,4.639194,0.220121,0.096067,0.096067,0.000000,1.000000,1.000000,0.000000,,0,0,0,1,1,0,-0.000855,0.062006,0.7083,0.2294,0.2667,2,ok
0,1026,114.060000,1.821205,-1.649022,-0.070019,-0.005210,0.005880,4.661191,0.219954,-0.286256,-0.053933,0.232323,1.000000,1.000000,0.000000,C-06,0,0,0,1,1,0,0.001742,0.054259,0.6875,0.2168,0.2681,2,ok
0,1027,114.180000,1.847526,-1.650782,-0.085657,-0.004908,-0.008831,4.687567,0.219698,-0.278911,-0.203933,0.074978,1.000000,1.000000,0.000000,C-06,0,0,0,1,1,0,0.001703,0.050782,0.6667,0.2282,0.2669,2,ok
0,1028,114.300000,1.873823,-1.652851,-0.090686,-0.004922,-0.013860,4.713945,0.219823,0.061451,-0.053933,-0.115385,1.000000,1.000000,0.000000,C-06,0,0,0,1,1,0,0.000514,0.031212,0.6875,0.2457,0.2675,2,ok
0,1029,114.400000,1.895737,-1.654834,-0.085082,-0.005193,-0.008515,4.735947,0.220106,0.965283,0.096067,-0.869216,1.000000,1.000000,0.000000,C-06,0,0,0,1,1,0,-0.000636,0.016139,0.7500,0.2596,0.2662,2,ok
0,1030,114.520000,1.922060,-1.657231,-0.066019,-0.005536,0.010549,4.762377,0.220415,0.838637,0.246067,-0.592570,1.000000,1.000000,0.000000,C-06,0,0,0,1,1,0,0.000705,-0.010039,0.7708,0.2289,0.2681,2,ok
0,1031,114.620000,1.944028,-1.659229,-0.039993,-0.005822,0.034305,4.784431,0.220717,0.627972,0.396067,-0.231906,1.000000,1.000000,0.000000,C-06,0,0,0,1,1,0,0.003094,0.015676,0.7292,0.2358,0.2659,2,ok
0,1032,114.740000,1.970416,-1.661226,-0.018846,-0.005773,0.055452,4.810894,0.220440,-0.556964,0.246067,0.803031,1.000000,1.000000,0.000000,C-06,0,0,0,1,1,0,0.005357,0.055306,0.7083,0.2456,0.2650,2,ok
0,1033,114.840000,1.992414,-1.662003,-0.011249,-0.004868,0.059591,4.832857,0.220084,-0.768246,0.096067,0.864312,1.000000,1.000000,0.000000,C-06,0,0,0,1,1,0,0.008020,0.052225,0.7083,0.2127,0.2650,2,ok
0,1034,114.960000,2.018812,-1.662320,-0.014998,-0.003304,0.055842,4.859210,0.219989,-0.938256,-0.053933,0.884322,1.000000,1.000000,0.000000,C-06,0,0,0,1,1,0,0.004098,0.153202,0.7292,0.4109,0.2682,2,ok
0,1035,115.060000,2.040807,-1.662561,-0.028274,-0.001977,0.042566,4.879916,0.219930,-0.571550,-0.203933,0.367617,1.000000,1.000000,0.000000,C-06,0,0,0,1,1,0,0.005064,0.144793,0.6667,0.4361,0.2673,2,ok
0,1036,115.180000,2.067187,-1.662850,-0.048613,-0.000505,0.017258,4.907498,0.219763,-0.248433,-0.248433,0.000000,1.000000,1.000000,0.000000,,0,0,0,1,1,0,0.003228,0.123909,0.6458,0.5004,0.2715,2,ok
0,1037,115.300000,2.092787,-1.663710,-0.057421,0.000349,0.008450,4.930729,0.213043,0.039156,-0.098433,-0.137589,0.969231,0.969231,0.000000,C-06,0,0,0,1,1,0,0.003158,0.071962,0.7292,0.4858,0.2677,2,ok
0,1038,115.400000,2.112411,-1.664696,-0.054717,0.000541,0.004216,4.952748,0.195077,0.455725,0.051567,-0.404158,0.886905,0.886905,0.000000,C-06,0,0,0,1,1,0,0.001096,0.091872,0.7500,0.5578,0.2681,2,ok
0,1039,115.520000,2.137784,-1.665856,-0.039301,0.000923,0.019632,4.978145,0.217156,0.912184,0.201567,-0.710617,1.000000,0.986905,-0.013095,C-06,0,0,0,1,1,0,0.001986,0.040700,0.7708,0.5404,0.2663,2,ok
0,1040,115.620000,2.159738,-1.666810,-0.015953,0.001161,0.034531,5.000126,0.220174,1.000000,0.351567,-0.648433,1.000000,1.000000,0.000000,C-06,0,0,0,1,1,0,0.002214,0.089400,0.7500,0.6316,0.2720,2,ok
0,1041,115.740000,2.186137,-1.667955,0.006335,0.001416,0.056819,5.026548,0.220204,0.259651,0.259651,0.000000,1.000000,1.000000,0.000000,,0,0,0,1,1,0,0.006829,0.121982,0.7083,0.5858,0.2688,2,ok
0,1042,115.840000,2.208136,-1.668222,0.014806,0.002152,0.055366,5.048553,0.219982,-0.563755,0.109651,0.673406,1.000000,1.000000,0.000000,C-06,0,0,0,1,1,0,0.007386,0.095601,0.7500,0.6650,0.2714,2,ok
0,1043,115.960000,2.234533,-1.667854,0.012182,0.003647,0.052742,5.074911,0.220009,-1.000000,-0.040349,0.959651,1.000000,1.000000,0.000000,C-06,0,0,0,1,1,0,0.009017,0.154394,0.7083,0.6864,0.2692,2,ok
0,1044,116.060000,2.256532,-1.667520,-0.000277,0.004748,0.027759,5.096942,0.220025,-0.408137,-0.190349,0.217788,1.000000,1.000000,0.000000,C-06,0,0,0,1,1,0,0.009411,0.110545,0.6667,0.7217,0.2727,2,ok
0,1045,116.180000,2.282932,-1.667374,-0.004556,0.005661,0.023479,5.123326,0.219999,0.039992,-0.040349,-0.080341,1.000000,1.000000,0.000000,C-06,0,0,0,1,1,0,0.009248,0.169573,0.7292,0.7398,0.2692,2,ok
0,1046,116.300000,2.309332,-1.667452,0.003840,0.006189,0.017103,5.149791,0.220000,0.291415,0.109651,-0.181764,1.000000,1.000000,0.000000,C-06,0,0,0,1,1,0,0.008401,-0.002056,0.7917,0.7798,0.2685,2,ok
0,1047,116.400000,2.331330,-1.667524,0.021318,0.006498,0.034581,5.171787,0.219956,0.613312,0.259651,-0.353661,1.000000,1.000000,0.000000,C-06,0,0,0,1,1,0,0.009438,0.002809,0.7500,0.7836,0.2683,2,ok
0,1048,116.520000,2.357712,-1.667612,0.051915,0.006669,0.047965,5.198296,0.219721,0.377539,0.377539,0.000000,1.000000,1.000000,0.000000,,0,0,0,1,1,0,0.009130,-0.019807,0.7917,0.7985,0.2664,2,ok
0,1049,116.620000,2.379672,-1.667216,0.068248,0.007022,0.064299,5.220257,0.219578,0.121519,0.227539,0.106020,1.000000,1.000000,0.000000,C-06,0,0,0,1,1,0,0.014360,-0.010733,0.7292,0.8057,0.2684,2,ok
0,1050,116.740000,2.406003,-1.665719,0.075150,0.008345,0.051901,5.246751,0.219794,-0.575855,0.077539,0.653393,1.000000,1.000000,0.000000,C-06,0,0,0,1,1,0,0.016327,0.075338,0.7292,0.7836,0.2639,2,ok
0,1051,116.840000,2.427944,-1.664083,0.071146,0.009523,0.047896,5.268720,0.220067,-0.883271,-0.072461,0.810809,1.000000,1.000000,0.000000,C-06,0,0,0,1,1,0,0.018624,0.067233,0.7292,0.7953,0.2630,2,ok
0,1052,116.960000,2.454281,-1.662090,0.066709,0.010966,0.043459,5.292883,0.220135,-0.053611,-0.053611,0.000000,1.000000,1.000000,0.000000,,0,0,0,1,1,0,0.022878,-0.035666,0.7292,0.7019,0.2635,2,ok
0,1053,117.060000,2.476228,-1.660616,0.072395,0.011435,0.025560,5.317330,0.219915,0.435552,0.096389,-0.339163,1.000000,1.000000,0.000000,C-06,0,0,0,1,1,0,0.022021,-0.025618,0.6667,0.7330,0.2626,2,ok
0,1054,117.180000,2.502541,-1.658862,0.091206,0.012046,0.044371,5.343694,0.219590,0.358411,0.246389,-0.112022,1.000000,1.000000,0.000000,C-06,0,0,0,1,1,0,0.022578,-0.102041,0.7292,0.7109,0.2647,2,ok
0,1055,117.300000,2.527357,-1.656935,0.099624,0.012347,0.027436,5.368874,0.206604,0.091600,0.096389,0.004790,0.940609,0.940609,0.000000,C-06,0,0,0,1,1,0,0.023938,-0.144073,0.7708,0.6900,0.2657,2,ok
0,1056,117.400000,2.548999,-1.654933,0.103157,0.012886,0.030969,5.390602,0.219814,0.050085,0.050085,0.000000,1.000000,1.000000,0.000000,,0,0,0,1,1,0,0.024602,-0.191011,0.7500,0.6648,0.2662,2,ok
0,1057,117.520000,2.574917,-1.652440,0.113256,0.013047,0.010604,5.417071,0.216603,0.134477,0.134477,0.000000,0.986284,0.986284,0.000000,,0,0,0,1,1,0,0.023253,-0.204871,0.7500,0.6801,0.2660,2,ok
0,1058,117.620000,2.596716,-1.650358,0.130826,0.012929,0.028174,5.438969,0.219140,0.347409,0.284477,-0.062933,1.000000,1.000000,0.000000,C-06,0,0,0,1,1,0,0.023086,-0.094871,0.7083,0.6359,0.2698,2,ok
0,1059,117.740000,2.621369,-1.647582,0.142269,0.012911,0.006197,5.464143,0.205779,0.137082,0.137082,0.000000,0.938244,0.938244,0.000000,,0,0,0,1,1,0,0.022697,-0.230221,0.7083,0.6171,0.2663,2,ok
0,1060,117.840000,2.642839,-1.645114,0.159681,0.012603,0.023609,5.485752,0.218648,0.560913,0.287082,-0.273832,1.000000,1.000000,0.000000,C-06,0,0,0,1,1,0,0.020372,-0.196894,0.6875,0.6534,0.2653,2,ok
0,1061,117.960000,2.668862,-1.641693,0.178629,0.012452,0.003331,5.512558,0.218681,0.246508,0.246508,0.000000,1.000000,1.000000,0.000000,,0,0,0,1,1,0,0.020372,-0.196894,0.6875,0.6534,0.2653,2,ok
0,1062,118.060000,2.689824,-1.638193,0.185470,0.012287,0.010172,5.533810,0.211972,-0.076129,0.096508,0.172637,0.966096,0.966096,0.000000,C-06,0,0,0,1,1,0,0.016662,-0.144825,0.7083,0.6610,0.2674,2,ok
0,1063,118.180000,2.715616,-1.633831,0.202970,0.012139,0.027672,5.559968,0.218571,0.329095,0.246508,-0.082587,1.000000,1.000000,0.000000,C-06,0,0,0,1,1,0,0.017290,-0.182164,0.7292,0.6143,0.2620,2,ok
0,1064,118.300000,2.740750,-1.629446,0.229768,0.011273,0.012990,5.585918,0.211459,0.375511,0.375511,0.000000,0.971772,0.971772,0.000000,,0,0,0,1,1,0,0.014515,-0.131397,0.7500,0.6626,0.2657,2,ok
0,1065,118.400000,2.762007,-1.625581,0.260608,0.010613,0.043830,5.607513,0.216578,0.789854,0.525511,-0.264344,1.000000,1.000000,0.000000,C-06,0,0,0,1,1,0,0.014805,-0.229121,0.7500,0.6307,0.2655,2,ok
0,1066,118.520000,2.787416,-1.619740,0.288233,0.010190,0.028407,5.634145,0.217296,0.103475,0.375511,0.272036,1.000000,1.000000,0.000000,C-06,0,0,0,1,1,0,0.015297,-0.128838,0.7708,0.6248,0.2655,2,ok
0,1067,118.620000,2.808463,-1.613978,0.302091,0.010270,0.042265,5.655966,0.218288,-0.429271,0.225511,0.654782,1.000000,1.000000,0.000000,C-06,0,0,0,1,1,0,0.017403,-0.113244,0.7292,0.5824,0.2680,2,ok
0,1068,118.740000,2.833641,-1.606314,0.308076,0.010748,0.006988,5.682757,0.219406,-0.324840,0.075511,0.400351,1.000000,1.000000,0.000000,C-06,0,0,0,1,1,0,0.018695,-0.174400,0.7500,0.5423,0.2692,2,ok
0,1069,118.840000,2.854575,-1.599823,0.317597,0.010587,0.016509,5.704673,0.218882,0.171043,0.171043,0.000000,1.000000,1.000000,0.000000,,0,0,0,1,1,0,0.017313,-0.112332,0.7292,0.5671,0.2690,2,ok
0,1070,118.960000,2.879568,-1.591982,0.338957,0.010484,0.037869,5.729455,0.217608,0.581041,0.321043,-0.259999,1.000000,1.000000,0.000000,C-06,0,0,0,1,1,0,0.016356,-0.107051,0.6875,0.5485,0.2676,2,ok
0,1071,119.060000,2.900276,-1.584994,0.349289,0.010022,0.007816,5.753095,0.218641,0.127465,0.171043,0.043577,1.000000,1.000000,0.000000,C-06,0,0,0,1,1,0,0.016295,-0.020432,0.6458,0.5549,0.2628,2,ok
0,1072,119.180000,2.922778,-1.576814,0.351402,0.010137,0.009930,5.777036,0.197921,-0.049054,0.021043,0.070097,0.883694,0.900000,0.016306,C-06,0,0,0,1,1,0,0.017298,-0.140353,0.7708,0.5004,0.2703,2,ok
0,1073,119.300000,2.946951,-1.568217,0.362257,0.009400,-0.015252,5.803039,0.218637,0.241252,0.171043,-0.070210,1.000000,1.000000,0.000000,C-06,0,0,0,1,1,0,0.014754,-0.231815,0.7917,0.5208,0.2676,2,ok
0,1074,119.400000,2.967139,-1.560785,0.379319,0.008825,0.001810,5.824545,0.214118,0.837151,0.321043,-0.516108,0.982188,0.982188,0.000000,C-06,0,0,0,1,1,0,0.013982,-0.224291,0.8125,0.5066,0.2670,2,ok
0,1075,119.520000,2.991379,-1.551732,0.409618,0.007841,-0.001685,5.850678,0.215491,0.840789,0.471043,-0.369746,0.995781,0.995781,0.000000,C-06,0,0,0,1,1,0,0.012750,-0.218946,0.7917,0.5135,0.2668,2,ok
0,1076,119.620000,3.011470,-1.543436,0.427641,0.007389,0.016338,5.872410,0.217560,0.176752,0.321043,0.144291,1.000000,1.000000,0.000000,C-06,0,0,0,1,1,0,0.011371,-0.120003,0.7292,0.5568,0.2685,2,ok
0,1077,119.740000,3.035426,-1.532742,0.439241,0.007376,-0.004811,5.898878,0.218702,-0.120982,0.171043,0.292025,1.000000,1.000000,0.000000,C-06,0,0,0,1,1,0,0.012196,-0.112227,0.7292,0.5381,0.2671,2,ok
0,1078,119.840000,3.055327,-1.523422,0.440932,0.007248,-0.003120,5.920854,0.219839,-0.258943,0.021043,0.279986,1.000000,1.000000,0.000000,C-06,0,0,0,1,1,0,0.011403,-0.099865,0.7292,0.5579,0.2676,2,ok
0,1079,119.960000,3.078181,-1.512627,0.447412,0.007186,0.003360,5.946129,0.209725,0.107746,0.107746,0.000000,0.955544,0.955544,0.000000,,0,0,0,1,1,0,0.012353,-0.184494,0.7292,0.5242,0.2674,2,ok
0,1080,120.060000,3.095274,-1.504425,0.460191,0.006623,-0.015857,5.965317,0.187371,0.335238,0.257746,-0.077492,0.849261,0.855544,0.006282,C-06,0,0,0,1,1,0,0.003535,-0.092964,0.7083,0.6645,0.2691,2,ok
0,1081,120.180000,3.116960,-1.493995,0.480777,0.005933,0.004728,5.989372,0.203573,0.330757,0.330757,0.000000,0.935798,0.935798,0.000000,,0,0,0,1,1,0,0.004603,-0.114476,0.7292,0.6353,0.2675,2,ok
0,1082,120.300000,3.138588,-1.483035,0.506685,0.005320,-0.000456,6.013787,0.201778,0.425057,0.425057,0.000000,0.929695,0.929695,0.000000,,0,0,0,1,1,0,0.005157,-0.130809,0.7708,0.6303,0.2666,2,ok
0,1083,120.400000,3.157472,-1.472744,0.521200,0.005133,0.014059,6.035292,0.218285,0.106330,0.275057,0.168727,1.000000,1.000000,0.000000,C-06,0,0,0,1,1,0,0.006079,-0.132325,0.7708,0.6167,0.2674,2,ok
0,1084,120.520000,3.180311,-1.459700,0.529184,0.005181,-0.008968,6.061761,0.219239,-0.133546,0.125057,0.258603,1.000000,1.000000,0.000000,C-06,0,0,0,1,1,0,0.008331,-0.148473,0.7292,0.5943,0.2678,2,ok
0,1085,120.620000,3.199303,-1.448600,0.528535,0.004949,-0.009617,6.083757,0.220082,-0.113777,-0.024943,0.088834,1.000000,1.000000,0.000000,C-06,0,0,0,1,1,0,0.009436,-0.110939,0.7292,0.5592,0.2686,2,ok
0,1086,120.740000,3.221964,-1.435344,0.535465,0.004682,-0.002687,6.107598,0.218371,0.563455,0.125057,-0.438398,0.995509,0.995509,0.000000,C-06,0,0,0,1,1,0,0.008392,-0.114833,0.7083,0.5627,0.2662,2,ok
0,1087,120.840000,3.239082,-1.425171,0.548411,0.003981,-0.019836,6.130044,0.196633,1.000000,0.275057,-0.724943,0.898308,0.898308,0.000000,C-06,0,0,0,1,1,0,0.006676,-0.174279,0.6875,0.5536,0.2649,2,ok
0,1088,120.960000,3.257866,-1.413631,0.572857,0.003608,0.004611,6.152087,0.181867,0.814626,0.425057,-0.389569,0.835092,0.835092,0.000000,C-06,0,0,0,1,1,0,0.006339,-0.128231,0.7083,0.5525,0.2656,2,ok
0,1089,121.060000,3.274498,-1.403026,0.600214,0.003276,0.002333,6.171919,0.203375,0.791404,0.575057,-0.216347,0.975662,0.935092,-0.040570,C-06,0,0,0,1,1,0,0.008883,-0.128527,0.6458,0.5128,0.2651,2,ok
0,1090,121.180000,3.295858,-1.388336,0.625075,0.003370,0.027194,6.197842,0.218626,-0.384783,0.425057,0.809840,1.000000,1.000000,0.000000,C-06,0,0,0,1,1,0,0.010582,-0.129302,0.6875,0.5111,0.2692,2,ok
0,1091,121.300000,3.317138,-1.372882,0.641109,0.003879,0.014185,6.224245,0.219277,-0.449088,0.275057,0.724146,1.000000,1.000000,0.000000,C-06,0,0,0,1,1,0,0.010582,-0.129302,0.6875,0.5111,0.2692,2,ok
0,1092,121.400000,3.334724,-1.359721,0.647512,0.004209,0.020588,6.246209,0.219704,-0.302696,0.125057,0.427753,1.000000,1.000000,0.000000,C-06,0,0,0,1,1,0,0.011670,-0.086369,0.7500,0.5144,0.2706,2,ok
0,1093,121.520000,3.355785,-1.343797,0.646539,0.004621,-0.009384,6.272740,0.220059,-0.350187,-0.024943,0.325244,1.000000,1.000000,0.000000,C-06,0,0,0,1,1,0,0.010370,-0.138143,0.7500,0.5495,0.2681,2,ok
0,1094,121.620000,3.373237,-1.330590,0.651927,0.004446,-0.003996,6.294624,0.218709,0.744129,0.125057,-0.619072,0.995380,0.995380,0.000000,C-06,0,0,0,1,1,0,0.008119,-0.167295,0.7292,0.5454,0.2671,2,ok
0,1095,121.740000,3.392086,-1.316080,0.666579,0.004451,0.010656,6.318411,0.196539,0.783240,0.275057,-0.508183,0.866880,0.895380,0.028500,C-06,0,0,0,1,1,0,0.016713,-0.166500,0.7083,0.2539,0.2478,2,ok
0,1096,121.840000,3.406693,-1.304444,0.685338,0.004334,0.000793,6.337216,0.185774,1.000000,0.425057,-0.574943,0.846034,0.846034,0.000000,C-06,0,0,0,1,1,0,0.005253,-0.166863,0.7292,0.6010,0.2674,2,ok
0,1097,121.960000,3.425229,-1.288851,0.715902,0.004690,0.031357,6.361435,0.206538,0.642769,0.575057,-0.067712,0.936881,0.936881,0.000000,C-06,0,0,0,1,1,0,0.006404,-0.088483,0.7083,0.5844,0.2679,2,ok
0,1098,122.060000,3.441482,-1.274426,0.735856,0.005372,0.021827,6.383303,0.220787,-0.113180,0.425057,0.538237,1.000000,1.000000,0.000000,C-06,0,0,0,1,1,0,0.009735,-0.067609,0.6667,0.6031,0.2626,2,ok
0,1099,122.180000,3.461002,-1.256548,0.751731,0.006130,0.037703,6.409761,0.220570,-0.514397,0.275057,0.789454,1.000000,1.000000,0.000000,C-06,0,0,0,1,1,0,0.010197,-0.082792,0.7292,0.6339,0.2671,2,ok
0,1100,122.300000,3.480249,-1.238443,0.759302,0.007036,0.016709,6.436370,0.220197,-0.449357,0.125057,0.574414,1.000000,1.000000,0.000000,C-06,0,0,0,1,1,0,0.013242,-0.067385,0.7917,0.5923,0.2607,2,ok
0,1101,122.400000,3.496193,-1.223269,0.762684,0.007448,0.020091,6.458376,0.220090,0.066063,0.066063,0.000000,1.000000,1.000000,0.000000,,0,0,0,1,1,0,0.011739,-0.082322,0.7708,0.6440,0.2651,2,ok
0,1102,122.520000,3.515209,-1.204926,0.774403,0.008121,0.031810,6.483031,0.220147,0.248959,0.216063,-0.032896,1.000000,1.000000,0.000000,C-06,0,0,0,1,1,0,0.010202,-0.110472,0.8125,0.6977,0.2679,2,ok
0,1103,122.620000,3.530875,-1.189471,0.783463,0.008141,0.012058,6.507062,0.220026,0.185825,0.185825,0.000000,1.000000,1.000000,0.000000,,0,0,0,1,1,0,0.010197,-0.120996,0.7708,0.7130,0.2679,2,ok
0,1104,122.740000,3.549416,-1.170699,0.801448,0.008583,0.030043,6.533443,0.219713,0.319268,0.319268,0.000000,1.000000,1.000000,0.000000,,0,0,0,1,1,0,0.008933,-0.027005,0.7292,0.7684,0.2694,2,ok
0,1105,122.840000,3.564650,-1.154854,0.810002,0.008798,0.008578,6.555627,0.219756,0.154680,0.169268,0.014588,1.000000,1.000000,0.000000,C-06,0,0,0,1,1,0,0.010150,-0.138134,0.7708,0.7638,0.2717,2,ok
0,1106,122.960000,3.582728,-1.135684,0.823319,0.009222,0.021894,6.581973,0.219460,0.240049,0.240049,0.000000,1.000000,1.000000,0.000000,,0,0,0,1,1,0,0.010361,-0.015136,0.7083,0.7819,0.2649,2,ok
0,1107,123.060000,3.597561,-1.119511,0.838805,0.009458,0.007948,6.604200,0.219364,0.341037,0.341037,0.000000,1.000000,1.000000,0.000000,,0,0,0,1,1,0,0.017025,-0.098116,0.6875,0.6517,0.2636,2,ok
0,1108,123.180000,3.613742,-1.101311,0.849951,0.009832,0.019094,6.628550,0.201363,0.064568,0.191037,0.126468,0.916297,0.916297,0.000000,C-06,0,0,0,1,1,0,0.017025,-0.098116,0.6875,0.6517,0.2636,2,ok
0,1109,123.300000,3.630845,-1.081789,0.852669,0.010051,-0.008382,6.654848,0.219961,-0.322929,0.041037,0.363965,1.000000,1.000000,0.000000,C-06,0,0,0,1,1,0,0.014627,-0.155933,0.7500,0.7317,0.2665,2,ok
0,1110,123.400000,3.645257,-1.065182,0.860830,0.009899,-0.000221,6.676837,0.219908,0.240396,0.191037,-0.049359,1.000000,1.000000,0.000000,C-06,0,0,0,1,1,0,0.018088,-0.189322,0.7917,0.6336,0.2631,2,ok
0,1111,123.520000,3.661795,-1.045615,0.878571,0.009930,-0.013983,6.702717,0.213042,0.750365,0.341037,-0.409329,0.967687,0.967687,0.000000,C-06,0,0,0,1,1,0,0.014735,-0.202925,0.7708,0.7104,0.2657,2,ok
0,1112,123.620000,3.675637,-1.028611,0.900315,0.009896,0.007762,6.724642,0.220676,1.000000,0.491037,-0.508963,1.000000,1.000000,0.000000,C-06,0,0,0,1,1,0,0.012450,-0.230634,0.7292,0.7742,0.2673,2,ok
0,1113,123.740000,3.691918,-1.007650,0.935461,0.010462,0.042908,6.751178,0.221788,0.793138,0.641037,-0.152101,1.000000,1.000000,0.000000,C-06,0,0,0,1,1,0,0.019695,-0.233080,0.7708,0.5966,0.2631,2,ok
0,1114,123.840000,3.705042,-0.989787,0.959296,0.010727,0.034405,6.773726,0.221808,-0.775458,0.491037,1.266495,1.000000,1.000000,0.000000,C-06,0,0,0,1,1,0,0.019894,-0.139583,0.7292,0.6340,0.2637,2,ok
0,1115,123.960000,3.720276,-0.968018,0.979423,0.011640,0.054533,6.800280,0.221491,-0.923456,0.341037,1.264493,1.000000,1.000000,0.000000,C-06,0,0,0,1,1,0,0.021500,-0.125535,0.7083,0.6118,0.2654,2,ok
0,1116,124.060000,3.732614,-0.949694,0.989079,0.012290,0.030709,6.822721,0.220894,-0.686400,0.191037,0.877436,1.000000,1.000000,0.000000,C-06,0,0,0,1,1,0,0.023154,-0.083457,0.6458,0.6057,0.2622,2,ok
0,1117,124.180000,3.747134,-0.927613,0.991923,0.013161,0.033552,6.849134,0.220195,-0.438232,0.041037,0.479269,1.000000,1.000000,0.000000,C-06,0,0,0,1,1,0,0.027244,-0.126042,0.7292,0.4653,0.2555,2,ok
0,1118,124.300000,3.761587,-0.905503,0.993404,0.013560,-0.002778,6.876006,0.220116,0.024168,0.024168,0.000000,1.000000,1.000000,0.000000,,0,0,0,1,1,0,0.026471,-0.133659,0.7500,0.4848,0.2544,2,ok
0,1119,124.400000,3.773320,-0.887445,1.001366,0.013650,0.005183,6.897541,0.215280,0.335846,0.174168,-0.161678,0.975215,0.975215,0.000000,C-06,0,0,0,1,1,0,0.024075,-0.272505,0.8333,0.4744,0.2637,2,ok
0,1120,124.520000,3.787224,-0.865202,1.019928,0.013836,-0.015436,6.924327,0.219780,0.575089,0.324168,-0.250921,0.997132,0.997132,0.000000,C-06,0,0,0,1,1,0,0.018957,-0.204056,0.7500,0.5468,0.2645,2,ok
0,1121,124.620000,3.798769,-0.846337,1.042978,0.013642,0.007614,6.946443,0.222236,1.000000,0.474168,-0.525832,1.000000,1.000000,0.000000,C-06,0,0,0,1,1,0,0.020537,-0.241706,0.7292,0.4505,0.2629,2,ok
0,1122,124.740000,3.812478,-0.823292,1.080573,0.013563,0.003875,6.973910,0.224449,0.862893,0.624168,-0.238724,1.000000,1.000000,0.000000,C-06,0,0,0,1,1,0,0.019978,-0.170035,0.7500,0.4734,0.2646,2,ok
0,1123,124.840000,3.823342,-0.803755,1.105752,0.013231,0.029054,6.996262,0.223582,-0.077531,0.474168,0.551699,1.000000,1.000000,0.000000,C-06,0,0,0,1,1,0,0.021187,-0.178324,0.7708,0.4433,0.2650,2,ok
0,1124,124.960000,3.835613,-0.780032,1.127037,0.013638,0.050339,7.022968,0.222532,-0.678793,0.324168,1.002961,1.000000,1.000000,0.000000,C-06,0,0,0,1,1,0,0.021713,-0.112217,0.7292,0.4541,0.2635,2,ok
0,1125,125.060000,3.845293,-0.760114,1.137016,0.013660,0.019240,7.045709,0.221367,-0.613872,0.174168,0.788040,1.000000,1.000000,0.000000,C-06,0,0,0,1,1,0,0.021768,-0.123983,0.7500,0.4254,0.2691,2,ok
0,1126,125.180000,3.856431,-0.736144,1.139143,0.014032,0.021367,7.072138,0.220188,-0.533849,0.024168,0.558017,1.000000,1.000000,0.000000,C-06,0,0,0,1,1,0,0.022364,-0.143414,0.7708,0.4111,0.2684,2,ok
0,1127,125.300000,3.867477,-0.712121,1.147830,0.013766,-0.009349,7.099155,0.220677,0.141938,0.141938,0.000000,1.000000,1.000000,0.000000,,0,0,0,1,1,0,0.020511,-0.145352,0.7917,0.4191,0.2647,2,ok
0,1128,125.400000,3.876619,-0.691996,1.162921,0.013359,0.005742,7.121255,0.221591,0.430842,0.291938,-0.138904,1.000000,1.000000,0.000000,C-06,0,0,0,1,1,0,0.019572,-0.194738,0.8125,0.3995,0.2685,2,ok
0,1129,125.520000,3.887553,-0.667621,1.191402,0.012573,-0.002877,7.148390,0.223641,0.575157,0.441938,-0.133219,1.000000,1.000000,0.000000,C-06,0,0,0,1,1,0,0.018368,-0.185874,0.7917,0.4038,0.2681,2,ok
0,1130,125.620000,3.896533,-0.647078,1.219056,0.011742,0.024777,7.170795,0.224326,0.497858,0.497858,0.000000,1.000000,1.000000,0.000000,,0,0,0,1,1,0,0.017525,-0.117487,0.7708,0.4218,0.2656,2,ok
0,1131,125.740000,3.906370,-0.622184,1.243496,0.011445,0.015575,7.197928,0.222967,-0.192981,0.347858,0.540839,1.000000,1.000000,0.000000,C-06,0,0,0,1,1,0,0.019324,-0.091793,0.7500,0.3943,0.2670,2,ok
0,1132,125.840000,3.913847,-0.601308,1.255527,0.011434,0.027606,7.220102,0.221642,-0.406527,0.197858,0.604385,1.000000,1.000000,0.000000,C-06,0,0,0,1,1,0,0.019520,-0.088693,0.7500,0.4035,0.2664,2,ok
0,1133,125.960000,3.922154,-0.576191,1.259471,0.011951,0.000668,7.246986,0.220386,-0.183648,0.047858,0.231506,1.000000,1.000000,0.000000,C-06,0,0,0,1,1,0,0.020509,-0.079990,0.7292,0.3839,0.2640,2,ok
0,1134,126.060000,3.928952,-0.555214,1.270418,0.011811,0.011615,7.269036,0.220823,0.228173,0.197858,-0.030315,1.000000,1.000000,0.000000,C-06,0,0,0,1,1,0,0.017276,-0.052276,0.6667,0.4335,0.2673,2,ok
0,1135,126.180000,3.937107,-0.529919,1.291336,0.011685,0.032533,7.295613,0.222057,0.304051,0.304051,0.000000,1.000000,1.000000,0.000000,,0,0,0,1,1,0,0.018025,-0.087976,0.7500,0.4007,0.2637,2,ok
0,1136,126.300000,3.944782,-0.504500,1.302860,0.011400,0.014133,7.322470,0.221212,0.144676,0.154051,0.009376,1.000000,1.000000,0.000000,C-06,0,0,0,1,1,0,0.019275,-0.132373,0.8125,0.3724,0.2658,2,ok
0,1137,126.400000,3.950585,-0.483941,1.307212,0.011523,0.018486,7.343832,0.213030,0.066612,0.066612,0.000000,0.965999,0.965999,0.000000,,0,0,0,1,1,0,0.020495,-0.137315,0.8125,0.3414,0.2635,2,ok
0,1138,126.520000,3.956974,-0.460393,1.306004,0.011434,-0.011107,7.368546,0.202586,-0.023006,-0.023006,0.000000,0.920898,0.920898,0.000000,,0,0,0,1,1,0,0.016922,-0.124919,0.7917,0.4200,0.2671,2,ok
0,1139,126.620000,3.962302,-0.439515,1.312953,0.011515,-0.004159,7.390094,0.219309,0.159870,0.126994,-0.032876,1.000000,1.000000,0.000000,C-06,0,0,0,1,1,0,0.015126,-0.147932,0.7292,0.4209,0.2685,2,ok
0,1140,126.740000,3.968712,-0.413928,1.332097,0.011380,-0.010799,7.416797,0.220289,0.582791,0.276994,-0.305797,1.000000,1.000000,0.000000,C-06,0,0,0,1,1,0,0.013314,-0.059272,0.7500,0.4732,0.2735,2,ok
0,1141,126.840000,3.974054,-0.392499,1.353750,0.010962,0.010854,7.438878,0.221323,0.361368,0.361368,0.000000,1.000000,1.000000,0.000000,,0,0,0,1,1,0,0.013794,-0.042158,0.7083,0.4816,0.2700,2,ok
0,1142,126.960000,3.980459,-0.366653,1.377676,0.010301,0.009165,7.465750,0.222267,0.319587,0.319587,0.000000,1.000000,1.000000,0.000000,,0,0,0,1,1,0,0.014188,-0.124842,0.7083,0.5026,0.2714,2,ok
0,1143,127.060000,3.985155,-0.345037,1.388993,0.010026,0.020481,7.487868,0.221102,-0.086080,0.169587,0.255667,1.000000,1.000000,0.000000,C-06,0,0,0,1,1,0,0.016198,-0.030864,0.6875,0.4857,0.2699,2,ok
0,1144,127.180000,3.990009,-0.319065,1.391230,0.010374,-0.002192,7.514529,0.220119,-0.001385,0.019587,0.020972,1.000000,1.000000,0.000000,C-06,0,0,0,1,1,0,0.014716,0.038980,0.7500,0.5242,0.2694,2,ok
0,1145,127.300000,3.994788,-0.293064,1.403249,0.010280,0.009827,7.540965,0.220521,0.234738,0.169587,-0.065151,1.000000,1.000000,0.000000,C-06,0,0,0,1,1,0,0.015923,-0.104395,0.8333,0.4716,0.2631,2,ok
0,1146,127.400000,3.998519,-0.271367,1.405251,0.010453,0.011829,7.562980,0.220121,0.021106,0.021106,0.000000,1.000000,1.000000,0.000000,,0,0,0,1,1,0,0.013486,-0.057459,0.7708,0.5409,0.2660,2,ok
0,1147,127.520000,4.002916,-0.245653,1.417271,0.010031,-0.000017,7.589329,0.217234,0.185237,0.171106,-0.014131,0.984974,0.984974,0.000000,C-06,0,0,0,1,1,0,0.011809,0.020357,0.7708,0.5977,0.2668,2,ok
0,1148,127.620000,4.006573,-0.223920,1.429731,0.009724,0.012443,7.611366,0.220842,0.195483,0.195483,0.000000,1.000000,1.000000,0.000000,,0,0,0,1,1,0,0.012341,-0.022392,0.7917,0.5691,0.2685,2,ok
0,1149,127.740000,4.010961,-0.197745,1.451646,0.008865,0.010225,7.638120,0.221453,0.287336,0.287336,0.000000,1.000000,1.000000,0.000000,,0,0,0,1,1,0,0.011018,-0.046257,0.7292,0.6110,0.2678,2,ok
0,1150,127.840000,4.014403,-0.175879,1.469681,0.008266,0.028260,7.660248,0.221287,0.273163,0.273163,0.000000,1.000000,1.000000,0.000000,,0,0,0,1,1,0,0.011883,-0.037148,0.7500,0.6093,0.2696,2,ok
0,1151,127.960000,4.018276,-0.149576,1.502747,0.007412,0.036625,7.687005,0.221778,0.425295,0.423163,-0.002132,1.000000,1.000000,0.000000,C-06,0,0,0,1,1,0,0.013926,0.002996,0.7292,0.5724,0.2673,2,ok
0,1152,128.060000,4.020688,-0.127613,1.522120,0.007338,0.055998,7.709100,0.220819,-0.075488,0.273163,0.348652,1.000000,1.000000,0.000000,C-06,0,0,0,1,1,0,0.017406,-0.005883,0.7500,0.5515,0.2696,2,ok
0,1153,128.180000,4.022468,-0.101238,1.533136,0.008028,0.042845,7.735723,0.220249,-0.190455,0.123163,0.313618,1.000000,1.000000,0.000000,C-06,0,0,0,1,1,0,0.017604,-0.078295,0.7917,0.5788,0.2689,2,ok
0,1154,128.300000,4.023492,-0.074857,1.531761,0.009137,0.041470,7.762100,0.219986,-0.160198,-0.026837,0.133361,1.000000,1.000000,0.000000,C-06,0,0,0,1,1,0,0.018002,0.025064,0.7917,0.5930,0.2660,2,ok
0,1155,128.420000,4.024475,-0.048481,1.522370,0.009950,0.006643,7.788733,0.219900,-0.122784,-0.122784,0.000000,1.000000,1.000000,0.000000,,0,0,0,1,1,0,0.021764,-0.071071,0.7917,0.4981,0.2627,2,ok
0,1156,128.520000,4.025527,-0.026507,1.523497,0.010100,0.007769,7.810732,0.220013,0.067024,0.027216,-0.039809,1.000000,1.000000,0.000000,C-06,0,0,0,1,1,0,0.014988,-0.003600,0.7917,0.6263,0.2697,2,ok
0,1157,128.640000,4.026811,-0.000129,1.537211,0.010067,-0.004570,7.837371,0.220131,0.491536,0.177216,-0.314320,1.000000,1.000000,0.000000,C-06,0,0,0,1,1,0,0.014988,-0.003600,0.7917,0.6263,0.2697,2,ok
0,1158,128.740000,4.027881,0.021864,1.558968,0.009701,0.017188,7.859388,0.220241,0.877918,0.327216,-0.550702,1.000000,1.000000,0.000000,C-06,0,0,0,1,1,0,0.014333,-0.159618,0.7500,0.6349,0.2677,2,ok
0,1159,128.860000,4.029137,0.048264,1.582949,0.009170,0.013581,7.886092,0.220185,0.280654,0.280654,0.000000,1.000000,1.000000,0.000000,,0,0,0,1,1,0,0.015341,-0.067189,0.6875,0.6206,0.2689,2,ok
0,1160,128.980000,4.030083,0.074654,1.611697,0.008274,0.042329,7.912483,0.219896,0.348911,0.348911,0.000000,1.000000,1.000000,0.000000,,0,0,0,1,1,0,0.017916,-0.053934,0.7292,0.5779,0.2646,2,ok
0,1161,129.080000,4.029862,0.096628,1.625993,0.008536,0.056626,7.934457,0.219711,-0.494117,0.198911,0.693028,1.000000,1.000000,0.000000,C-06,0,0,0,1,1,0,0.015007,-0.087277,0.7708,0.6608,0.2697,2,ok
0,1162,129.200000,4.028615,0.122983,1.630821,0.009171,0.031792,7.961058,0.219892,-0.096641,0.048911,0.145552,1.000000,1.000000,0.000000,C-06,0,0,0,1,1,0,0.016524,-0.083492,0.8125,0.6207,0.2628,2,ok
0,1163,129.300000,4.027461,0.144941,1.634323,0.009793,0.035294,7.983038,0.219880,0.051830,0.051830,0.000000,1.000000,1.000000,0.000000,,0,0,0,1,1,0,0.015580,-0.056135,0.8333,0.6527,0.2682,2,ok
0,1164,129.420000,4.026026,0.171275,1.649756,0.009921,0.017878,8.009736,0.219653,0.228582,0.201830,-0.026752,1.000000,1.000000,0.000000,C-06,0,0,0,1,1,0,0.012695,-0.041303,0.7917,0.7128,0.2693,2,ok
0,1165,129.520000,4.024829,0.193188,1.670352,0.009864,0.038473,8.031681,0.219262,0.319995,0.319995,0.000000,1.000000,1.000000,0.000000,,0,0,0,1,1,0,0.012695,-0.041303,0.7917,0.7128,0.2693,2,ok
0,1166,129.640000,4.023337,0.219415,1.699723,0.009325,0.034377,8.058302,0.218677,0.377035,0.377035,0.000000,1.000000,1.000000,0.000000,,0,0,0,1,1,0,0.012159,-0.032558,0.7292,0.7580,0.2703,2,ok
0,1167,129.740000,4.021196,0.241209,1.715244,0.009418,0.049899,8.080200,0.218989,0.120643,0.227035,0.106392,1.000000,1.000000,0.000000,C-06,0,0,0,1,1,0,0.009961,0.009037,0.7917,0.8258,0.2744,2,ok
0,1168,129.860000,4.017924,0.267309,1.727921,0.009903,0.027935,8.106881,0.219198,0.160067,0.160067,0.000000,1.000000,1.000000,0.000000,,0,0,0,1,1,0,0.011193,0.144274,0.7083,0.8402,0.2716,2,ok
0,1169,129.980000,4.013844,0.293379,1.729366,0.010507,0.029380,8.133262,0.219945,-0.073131,0.010067,0.083198,1.000000,1.000000,0.000000,C-06,0,0,0,1,1,0,0.008531,0.016094,0.7292,0.9064,0.2732,2,ok
0,1170,130.080000,4.010402,0.315088,1.738696,0.011056,0.038710,8.152666,0.219642,0.226406,0.160067,-0.066339,1.000000,1.000000,0.000000,C-06,0,0,0,1,1,0,0.008747,-0.025258,0.7708,0.9140,0.2693,2,ok
0,1171,130.200000,4.006271,0.341067,1.761278,0.010761,0.026607,8.181904,0.218791,0.611068,0.310067,-0.301001,1.000000,1.000000,0.000000,C-06,0,0,0,1,1,0,0.009062,-0.070837,0.8333,0.9320,0.2694,2,ok
0,1172,130.300000,4.002784,0.362631,1.779160,0.010648,0.044489,8.203748,0.218293,0.285808,0.285808,0.000000,1.000000,1.000000,0.000000,,0,0,0,1,1,0,0.009858,0.097223,0.8125,0.9146,0.2704,2,ok
0,1173,130.420000,3.997874,0.388354,1.793120,0.010507,0.025226,8.230276,0.218213,0.183454,0.183454,0.000000,0.997296,0.997296,0.000000,,0,0,0,1,1,0,0.010381,0.133516,0.7917,0.9513,0.2721,2,ok
0,1174,130.520000,3.993362,0.409788,1.801552,0.010728,0.033658,8.252179,0.219083,0.135511,0.135511,0.000000,1.000000,1.000000,0.000000,,0,0,0,1,1,0,0.009931,-0.071095,0.7500,0.9956,0.2684,2,ok
0,1175,130.640000,3.987772,0.435429,1.821514,0.010589,0.020706,8.278779,0.218208,0.529196,0.285511,-0.243686,1.000000,1.000000,0.000000,C-06,0,0,0,1,1,0,0.010377,-0.084028,0.7500,0.9935,0.2696,2,ok
0,1176,130.740000,3.982971,0.456694,1.838814,0.010403,0.038006,8.300578,0.217953,0.289292,0.289292,0.000000,1.000000,1.000000,0.000000,,0,0,0,1,1,0,0.008721,0.057239,0.7500,1.0673,0.2724,2,ok
0,1177,130.860000,3.976348,0.482111,1.849470,0.010680,0.014986,8.327154,0.218958,0.066175,0.139292,0.073118,1.000000,1.000000,0.000000,C-06,0,0,0,1,1,0,0.009296,0.068193,0.7500,1.0697,0.2704,2,ok
0,1178,130.980000,3.969114,0.507493,1.849072,0.011152,0.014588,8.353542,0.219990,-0.267556,-0.010708,0.256848,1.000000,1.000000,0.000000,C-06,0,0,0,1,1,0,0.008392,0.110673,0.7292,1.1102,0.2747,2,ok
0,1179,131.080000,3.963072,0.528626,1.856577,0.011302,-0.013583,8.375942,0.219582,0.268136,0.139292,-0.128844,1.000000,1.000000,0.000000,C-06,0,0,0,1,1,0,0.002342,0.087331,0.8333,1.2675,0.2812,2,ok
0,1180,131.200000,3.955821,0.553887,1.875214,0.010846,0.005054,8.402220,0.218465,0.274996,0.274996,0.000000,1.000000,1.000000,0.000000,,0,0,0,1,1,0,0.004607,-0.129986,0.8333,1.2259,0.2717,2,ok
0,1181,131.300000,3.949778,0.574798,1.899092,0.010506,0.028931,8.423386,0.216931,1.000000,0.424996,-0.575004,1.000000,1.000000,0.000000,C-06,0,0,0,1,1,0,0.006236,-0.211994,0.7917,1.1918,0.2686,2,ok
0,1182,131.420000,3.942294,0.599623,1.937395,0.009414,0.029810,8.450278,0.215665,0.839063,0.574996,-0.264066,1.000000,1.000000,0.000000,C-06,0,0,0,1,1,0,0.003932,0.201968,0.7708,1.2759,0.2792,2,ok
0,1183,131.520000,3.935164,0.620055,1.963298,0.009455,0.055713,8.471919,0.216502,0.456160,0.456160,0.000000,1.000000,1.000000,0.000000,,0,0,0,1,1,0,0.008273,0.242327,0.7708,1.2022,0.2776,2,ok
0,1184,131.640000,3.925586,0.644338,1.984113,0.009713,0.035913,8.498424,0.217639,-0.083997,0.306160,0.390157,1.000000,1.000000,0.000000,C-06,0,0,0,1,1,0,0.010218,0.173399,0.7500,1.1762,0.2746,2,ok
0,1185,131.740000,3.916978,0.664444,1.993084,0.010341,0.044884,8.520286,0.218789,-1.000000,0.156160,1.156160,1.000000,1.000000,0.000000,C-06,0,0,0,1,1,0,0.010545,0.254442,0.7500,1.1839,0.2724,2,ok
0,1186,131.860000,3.906638,0.687409,2.000897,0.011015,0.009928,8.545916,0.209038,0.120503,0.120503,0.000000,0.952420,0.952420,0.000000,,0,0,0,1,1,0,0.011206,0.231299,0.6667,1.1738,0.2697,2,ok
0,1187,131.980000,3.896032,0.711164,2.017665,0.011074,0.026695,8.571931,0.217985,0.300942,0.270503,-0.030439,1.000000,1.000000,0.000000,C-06,0,0,0,1,1,0,0.008765,0.224443,0.7083,1.2245,0.2681,2,ok
0,1188,132.080000,3.886845,0.730936,2.031922,0.011218,-0.004562,8.594242,0.218041,0.269055,0.269055,0.000000,1.000000,1.000000,0.000000,,0,0,0,1,1,0,0.007583,-0.138878,0.8125,1.2606,0.2651,2,ok
0,1189,132.200000,3.875443,0.754430,2.057521,0.010930,0.021036,8.620355,0.217132,0.643662,0.419055,-0.224607,1.000000,1.000000,0.000000,C-06,0,0,0,1,1,0,0.008532,-0.184522,0.8333,1.2324,0.2637,2,ok
0,1190,132.300000,3.865580,0.773751,2.081632,0.011129,0.045148,8.642047,0.216981,0.471775,0.471775,0.000000,1.000000,1.000000,0.000000,,0,0,0,1,1,0,0.008348,-0.209190,0.7708,1.2474,0.2653,2,ok
0,1191,132.420000,3.853046,0.796594,2.110220,0.011006,0.026282,8.668637,0.217277,0.470833,0.470833,0.000000,1.000000,1.000000,0.000000,,0,0,0,1,1,0,0.011451,-0.066686,0.7917,1.1682,0.2614,2,ok
0,1192,132.520000,3.841979,0.815361,2.129292,0.011488,0.045354,8.690419,0.217995,0.377160,0.377160,0.000000,1.000000,1.000000,0.000000,,0,0,0,1,1,0,0.013535,-0.258372,0.7917,1.1457,0.2603,2,ok
0,1193,132.640000,3.828102,0.837648,2.143256,0.011872,0.009501,8.717268,0.218878,0.096752,0.227160,0.130407,1.000000,1.000000,0.000000,C-06,0,0,0,1,1,0,0.016408,-0.097129,0.7500,1.0739,0.2583,2,ok
0,1194,132.740000,3.816280,0.856052,2.158526,0.012081,0.024771,8.739141,0.218567,0.320011,0.320011,0.000000,1.000000,1.000000,0.000000,,0,0,0,1,1,0,0.017691,-0.230034,0.7917,1.0402,0.2569,2,ok
0,1195,132.860000,3.801871,0.877644,2.174138,0.012348,-0.011706,8.765739,0.216153,0.266790,0.266790,0.000000,0.987337,0.987337,0.000000,,0,0,0,1,1,0,0.016682,-0.238605,0.6667,1.0564,0.2629,2,ok
0,1196,132.980000,3.787315,0.898578,2.195720,0.012210,0.009876,8.791235,0.211764,0.387241,0.387241,0.000000,0.968259,0.968259,0.000000,,0,0,0,1,1,0,0.019028,-0.132245,0.7292,0.9606,0.2580,2,ok
0,1197,133.080000,3.775432,0.914836,2.211605,0.012574,0.025762,8.811370,0.200077,0.335687,0.335687,0.000000,0.913114,0.913114,0.000000,,0,0,0,1,1,0,0.020755,-0.320000,0.8125,0.8803,0.2547,2,ok
0,1198,133.200000,3.761447,0.933292,2.238009,0.012245,-0.001528,8.835200,0.192377,0.544774,0.485687,-0.059086,0.877992,0.877992,0.000000,C-06,0,0,0,1,1,0,0.020890,-0.270583,0.8125,0.8439,0.2557,2,ok
0,1199,133.300000,3.749146,0.948584,2.266307,0.012455,0.026770,8.854825,0.197067,0.652231,0.635687,-0.016544,0.896927,0.896927,0.000000,C-06,0,0,0,1,1,0,0.020746,-0.276921,0.8125,0.8259,0.2575,2,ok
0,1200,133.420000,3.732647,0.967780,2.298148,0.012969,0.003662,8.880863,0.214446,0.584661,0.584661,0.000000,0.970912,0.970912,0.000000,,0,0,0,1,1,0,0.022064,-0.288784,0.8333,0.7530,0.2599,2,ok
0,1201,133.520000,3.717900,0.984018,2.318708,0.013277,0.024221,8.902796,0.220930,0.406188,0.434661,0.028474,1.000000,1.000000,0.000000,C-06,0,0,0,1,1,0,0.022883,-0.320000,0.8125,0.7207,0.2601,2,ok
0,1202,133.640000,3.700073,1.002995,2.335397,0.014081,0.040910,8.927201,0.216555,0.136205,0.284661,0.148456,0.982684,0.982684,0.000000,C-06,0,0,0,1,1,0,0.023510,-0.320000,0.7917,0.7020,0.2615,2,ok
0,1203,133.740000,3.685203,1.018361,2.345888,0.013750,-0.004981,8.950987,0.213538,0.213915,0.213915,0.000000,0.970007,0.970007,0.000000,,0,0,0,1,1,0,0.021660,-0.320000,0.7917,0.6837,0.2649,2,ok
0,1204,133.860000,3.667171,1.036550,2.359565,0.013797,0.008697,8.976599,0.213271,0.649524,0.363915,-0.285610,0.969643,0.969643,0.000000,C-06,0,0,0,1,1,0,0.023876,-0.306428,0.7708,0.5936,0.2634,2,ok
0,1205,133.980000,3.649358,1.053831,2.388431,0.013328,-0.019114,9.002199,0.205944,0.673029,0.513915,-0.159114,0.940434,0.940434,0.000000,C-06,0,0,0,1,1,0,0.018367,-0.265244,0.7292,0.6023,0.2670,2,ok
0,1206,134.080000,3.635415,1.066629,2.409591,0.013177,0.002046,9.021124,0.186746,0.448616,0.448616,0.000000,0.851641,0.851641,0.000000,,0,0,0,1,1,0,0.016659,-0.320000,0.7708,0.6024,0.2664,2,ok
0,1207,134.200000,3.618115,1.081951,2.427189,0.013214,-0.036867,9.045016,0.193464,0.312054,0.312054,0.000000,0.880490,0.880490,0.000000,,0,0,0,1,1,0,0.014897,-0.320000,0.7917,0.6162,0.2674,2,ok
0,1208,134.300000,3.602199,1.095526,2.444733,0.012580,-0.019323,9.065925,0.215798,0.398540,0.398540,0.000000,1.000000,0.980490,-0.019510,C-06,0,0,0,1,1,0,0.017634,-0.315196,0.8333,0.4906,0.2609,2,ok
0,1209,134.420000,3.582965,1.111294,2.470174,0.012309,0.006118,9.090795,0.206460,0.475730,0.475730,0.000000,0.935559,0.935559,0.000000,,0,0,0,1,1,0,0.015299,-0.320000,0.8125,0.5058,0.2624,2,ok
0,1210,134.520000,3.567190,1.123678,2.495660,0.011805,-0.024003,9.111520,0.200312,0.558415,0.558415,0.000000,0.904464,0.904464,0.000000,,0,0,0,1,1,0,0.013448,-0.275934,0.7917,0.5209,0.2652,2,ok
0,1211,134.640000,3.546365,1.138908,2.519201,0.011527,-0.000463,9.137318,0.220252,0.340357,0.408415,0.068057,1.000000,1.000000,0.000000,C-06,0,0,0,1,1,0,0.014178,-0.302150,0.7500,0.4813,0.2642,2,ok
0,1212,134.740000,3.528407,1.151758,2.532016,0.011267,-0.039540,9.160035,0.220970,0.190941,0.258415,0.067473,1.000000,1.000000,0.000000,C-06,0,0,0,1,1,0,0.013765,-0.302529,0.7708,0.4733,0.2646,2,ok
0,1213,134.860000,3.506637,1.166942,2.548921,0.010097,-0.022635,9.186552,0.221276,0.294918,0.294918,0.000000,1.000000,1.000000,0.000000,,0,0,0,1,1,0,0.014118,-0.251601,0.7708,0.4230,0.2621,2,ok
0,1214,134.980000,3.484606,1.181808,2.567567,0.009338,-0.003990,9.211822,0.221580,0.321107,0.321107,0.000000,1.000000,1.000000,0.000000,,0,0,0,1,1,0,0.011181,-0.179718,0.7083,0.4503,0.2602,2,ok
0,1215,135.080000,3.466003,1.193880,2.590241,0.007883,-0.027076,9.235731,0.222637,0.524895,0.471107,-0.053788,1.000000,1.000000,0.000000,C-06,0,0,0,1,1,0,0.007171,-0.188373,0.7917,0.4668,0.2683,2,ok
0,1216,135.200000,3.443344,1.208000,2.615352,0.006717,-0.001965,9.262403,0.222590,0.414114,0.414114,0.000000,1.000000,1.000000,0.000000,,0,0,0,1,1,0,0.007788,-0.240884,0.7708,0.4278,0.2653,2,ok
0,1217,135.300000,3.424241,1.219267,2.629406,0.005624,-0.029341,9.284805,0.221731,0.162669,0.264114,0.101446,1.000000,1.000000,0.000000,C-06,0,0,0,1,1,0,0.009260,-0.199236,0.7917,0.3829,0.2625,2,ok
0,1218,135.420000,3.401109,1.232497,2.648468,0.004443,-0.010279,9.311427,0.222175,0.311941,0.311941,0.000000,1.000000,1.000000,0.000000,,0,0,0,1,1,0,0.007941,-0.197637,0.8333,0.3936,0.2675,2,ok
0,1219,135.520000,3.381646,1.243236,2.665157,0.003458,-0.029010,9.333750,0.222349,0.322055,0.322055,0.000000,1.000000,1.000000,0.000000,,0,0,0,1,1,0,0.004923,-0.190688,0.8125,0.4300,0.2669,2,ok
0,1220,135.640000,3.358017,1.255772,2.694465,0.002369,0.000298,9.360476,0.223700,0.502103,0.472055,-0.030047,1.000000,1.000000,0.000000,C-06,0,0,0,1,1,0,0.004682,-0.152251,0.7917,0.4097,0.2646,2,ok
0,1221,135.740000,3.338094,1.265711,2.712310,0.001775,-0.011757,9.382801,0.222574,-0.160358,0.322055,0.482413,1.000000,1.000000,0.000000,C-06,0,0,0,1,1,0,0.003290,-0.096584,0.7500,0.4308,0.2651,2,ok
0,1222,135.860000,3.314022,1.276970,2.724131,0.001137,0.000064,9.409368,0.221380,-0.356046,0.172055,0.528102,1.000000,1.000000,0.000000,C-06,0,0,0,1,1,0,0.004517,-0.100172,0.7708,0.4064,0.2665,2,ok
0,1223,135.980000,3.289876,1.287716,2.726141,0.000824,-0.025630,9.435821,0.220175,-0.429811,0.022055,0.451866,1.000000,1.000000,0.000000,C-06,0,0,0,1,1,0,0.007423,-0.120867,0.7083,0.3445,0.2632,2,ok
0,1224,136.080000,3.271540,1.295780,2.734630,0.000294,-0.017141,9.455845,0.198567,0.385698,0.172055,-0.213643,0.789085,0.900000,0.110915,C-06,0,0,0,1,1,0,0.005137,-0.143970,0.7708,0.3541,0.2652,2,ok
0,1225,136.200000,3.249739,1.305329,2.755155,-0.000301,0.003384,9.479638,0.198923,0.682500,0.322055,-0.360445,0.895061,0.895061,0.000000,C-06,0,0,0,1,1,0,0.002720,-0.144149,0.7708,0.3881,0.2695,2,ok
0,1226,136.300000,3.230284,1.313249,2.780628,-0.000715,0.002841,9.500631,0.213931,0.478027,0.472055,-0.005971,0.966211,0.966211,0.000000,C-06,0,0,0,1,1,0,0.002641,-0.131826,0.8125,0.3912,0.2673,2,ok
0,1227,136.420000,3.205588,1.322733,2.803299,-0.000784,0.025512,9.527086,0.221997,-0.155622,0.322055,0.477678,1.000000,1.000000,0.000000,C-06,0,0,0,1,1,0,0.005004,-0.114156,0.8333,0.3596,0.2674,2,ok
0,1228,136.520000,3.184796,1.330363,2.813674,-0.000893,0.011410,9.549212,0.221429,-0.372289,0.172055,0.544344,1.000000,1.000000,0.000000,C-06,0,0,0,1,1,0,0.004277,-0.053658,0.8125,0.4022,0.2676,2,ok
0,1229,136.640000,3.159793,1.338920,2.815544,-0.000711,0.013280,9.575638,0.220179,-0.203627,0.022055,0.225682,1.000000,1.000000,0.000000,C-06,0,0,0,1,1,0,0.006609,-0.067223,0.8125,0.3483,0.2645,2,ok
0,1230,136.740000,3.138928,1.345984,2.823006,-0.000672,-0.002210,9.597654,0.220510,0.139092,0.139092,0.000000,1.000000,1.000000,0.000000,,0,0,0,1,1,0,0.005828,-0.081789,0.7708,0.3460,0.2636,2,ok
0,1231,136.860000,3.113783,1.354458,2.842246,-0.000885,0.017030,9.624188,0.221701,0.288455,0.288455,0.000000,1.000000,1.000000,0.000000,,0,0,0,1,1,0,0.005072,-0.077308,0.7500,0.3574,0.2638,2,ok
0,1232,136.980000,3.088447,1.362931,2.872474,-0.001292,0.024551,9.650872,0.223447,0.702180,0.438455,-0.263725,1.000000,1.000000,0.000000,C-06,0,0,0,1,1,0,0.006917,-0.062323,0.6875,0.3296,0.2651,2,ok
0,1233,137.080000,3.067187,1.369459,2.890424,-0.001444,0.042502,9.673112,0.222285,0.091503,0.288455,0.196952,1.000000,1.000000,0.000000,C-06,0,0,0,1,1,0,0.008361,-0.048582,0.7500,0.3244,0.2673,2,ok
0,1234,137.200000,3.041579,1.376409,2.901118,-0.000858,0.032820,9.699623,0.221037,-0.333485,0.138455,0.471940,1.000000,1.000000,0.000000,C-06,0,0,0,1,1,0,0.009313,-0.031222,0.8125,0.3241,0.2671,2,ok
0,1235,137.300000,3.020210,1.381684,2.901153,-0.000174,0.032855,9.721623,0.220010,-0.121052,-0.011545,0.109507,1.000000,1.000000,0.000000,C-06,0,0,0,1,1,0,0.009649,-0.020331,0.8333,0.3231,0.2664,2,ok
0,1236,137.420000,2.994543,1.387972,2.910496,0.000693,0.042198,9.746404,0.220446,0.289085,0.138455,-0.150630,1.000000,1.000000,0.000000,C-06,0,0,0,1,1,0,0.010176,-0.036193,0.8333,0.3191,0.2669,2,ok
0,1237,137.520000,2.973108,1.393212,2.918370,0.000894,0.028845,9.770114,0.220827,0.128232,0.128232,0.000000,1.000000,1.000000,0.000000,,0,0,0,1,1,0,0.009936,-0.047628,0.8125,0.3227,0.2675,2,ok
0,1238,137.640000,2.947338,1.399384,2.926933,0.001304,0.037407,9.796610,0.220811,0.115512,0.115512,0.000000,1.000000,1.000000,0.000000,,0,0,0,1,1,0,0.010650,-0.052377,0.8125,0.3189,0.2686,2,ok
0,1239,137.740000,2.925825,1.404401,2.935237,0.001464,0.025923,9.818721,0.220937,0.135578,0.135578,0.000000,1.000000,1.000000,0.000000,,0,0,0,1,1,0,0.010850,-0.045085,0.7708,0.3172,0.2639,2,ok
0,1240,137.860000,2.899984,1.409845,2.934940,0.002182,0.025626,9.845119,0.219996,-0.012766,-0.012766,0.000000,1.000000,1.000000,0.000000,,0,0,0,1,1,0,0.011548,-0.045968,0.7292,0.3058,0.2646,2,ok
0,1241,137.980000,2.874122,1.415263,2.944381,0.002443,0.015430,9.871596,0.220390,0.341615,0.137234,-0.204381,1.000000,1.000000,0.000000,C-06,0,0,0,1,1,0,0.011403,-0.054834,0.7083,0.3089,0.2676,2,ok
0,1242,138.080000,2.852515,1.419778,2.961425,0.002549,0.032474,9.893669,0.221060,0.406452,0.287234,-0.119218,1.000000,1.000000,0.000000,C-06,0,0,0,1,1,0,0.011950,-0.061881,0.7500,0.2962,0.2636,2,ok
0,1243,138.200000,2.826483,1.425196,2.988632,0.002392,0.041093,9.920307,0.222028,0.362872,0.362872,0.000000,1.000000,1.000000,0.000000,,0,0,0,1,1,0,0.011741,-0.058517,0.7708,0.2983,0.2638,2,ok
0,1244,138.300000,2.804715,1.429178,3.003143,0.002640,0.055604,9.942434,0.221187,-0.072980,0.212872,0.285851,1.000000,1.000000,0.000000,C-06,0,0,0,1,1,0,0.013665,-0.027957,0.8125,0.3096,0.2640,2,ok
0,1245,138.420000,2.778557,1.433051,3.008715,0.003616,0.041839,9.968915,0.220313,-0.302665,0.062872,0.365537,1.000000,1.000000,0.000000,C-06,0,0,0,1,1,0,0.015269,-0.013068,0.8333,0.3015,0.2657,2,ok
0,1246,138.520000,2.756757,1.435977,3.003833,0.004528,0.036957,9.990892,0.219859,-1.000000,-0.087128,0.912872,1.000000,1.000000,0.000000,C-06,0,0,0,1,1,0,0.013312,0.035860,0.7708,0.3738,0.2690,2,ok
0,1247,138.640000,2.730638,1.439469,2.986501,0.005482,0.001239,10.017316,0.219326,-0.464093,-0.237128,0.226964,1.000000,1.000000,0.000000,C-06,0,0,0,1,1,0,0.014242,-0.009500,0.7708,0.3417,0.2665,2,ok
0,1248,138.740000,2.708914,1.442623,2.980164,0.005776,-0.005098,10.039266,0.219536,0.187288,-0.087128,-0.274416,1.000000,1.000000,0.000000,C-06,0,0,0,1,1,0,0.013132,-0.046268,0.7292,0.3274,0.2641,2,ok
0,1249,138.860000,2.682849,1.446858,2.984548,0.005587,-0.018450,10.065782,0.220149,0.423359,0.062872,-0.360488,1.000000,1.000000,0.000000,C-06,0,0,0,1,1,0,0.008761,-0.037208,0.7292,0.3977,0.2704,2,ok
0,1250,138.980000,2.656745,1.451106,3.000077,0.004974,-0.002920,10.092223,0.220635,1.000000,0.212872,-0.787128,1.000000,1.000000,0.000000,C-06,0,0,0,1,1,0,0.007098,-0.039561,0.7917,0.3904,0.2700,2,ok
0,1251,139.080000,2.634933,1.454645,3.022674,0.004472,0.019676,10.113051,0.221261,0.784451,0.362872,-0.421580,1.000000,1.000000,0.000000,C-06,0,0,0,1,1,0,0.008861,-0.056211,0.7917,0.3603,0.2684,2,ok
0,1252,139.200000,2.609005,1.458473,3.040212,0.003721,0.018737,10.140599,0.218178,-0.001710,0.212872,0.214582,0.987335,0.987335,0.000000,C-06,0,0,0,1,1,0,0.007567,-0.043144,0.8333,0.4324,0.2706,2,ok
0,1253,139.300000,2.587143,1.460922,3.045291,0.003882,0.023816,10.162597,0.220243,-0.216206,0.062872,0.279077,1.000000,1.000000,0.000000,C-06,0,0,0,1,1,0,0.008614,-0.030204,0.8542,0.4162,0.2699,2,ok
0,1254,139.420000,2.560872,1.463472,3.039249,0.004101,0.000078,10.189051,0.219870,-0.220890,-0.087128,0.133762,1.000000,1.000000,0.000000,C-06,0,0,0,1,1,0,0.010263,-0.002677,0.7917,0.3741,0.2711,2,ok
0,1255,139.520000,2.538984,1.465718,3.042664,0.004128,0.003493,10.211054,0.220079,0.129472,0.062872,-0.066600,1.000000,1.000000,0.000000,C-06,0,0,0,1,1,0,0.005950,-0.016072,0.7708,0.4376,0.2659,2,ok
0,1256,139.640000,2.512694,1.468425,3.058785,0.003733,0.001946,10.237565,0.220389,0.427764,0.212872,-0.214893,1.000000,1.000000,0.000000,C-06,0,0,0,1,1,0,0.005950,-0.016072,0.7708,0.4376,0.2659,2,ok
0,1257,139.740000,2.490757,1.470681,3.074377,0.003293,0.017537,10.259614,0.220646,0.233264,0.233264,0.000000,1.000000,1.000000,0.000000,,0,0,0,1,1,0,0.005757,-0.030352,0.7083,0.4383,0.2667,2,ok
0,1258,139.860000,2.464409,1.472778,3.081984,0.003156,0.007888,10.286089,0.220223,-0.007513,0.083264,0.090777,1.000000,1.000000,0.000000,C-06,0,0,0,1,1,0,0.002825,0.032595,0.6667,0.5227,0.2680,2,ok
0,1259,139.980000,2.438059,1.474366,3.077425,0.003392,0.003329,10.312485,0.219936,-0.089607,-0.066736,0.022871,1.000000,1.000000,0.000000,C-06,0,0,0,1,1,0,0.003371,0.074810,0.7708,0.5366,0.2703,2,ok
0,1260,140.080000,2.416107,1.475667,3.073574,0.003366,-0.018146,10.334542,0.219880,-0.056245,-0.056245,0.000000,1.000000,1.000000,0.000000,,0,0,0,1,1,0,0.003105,0.012433,0.8125,0.5335,0.2698,2,ok
0,1261,140.200000,2.389776,1.477228,3.064776,0.003117,-0.026943,10.360918,0.219744,-0.112204,-0.112204,0.000000,1.000000,1.000000,0.000000,,0,0,0,1,1,0,-0.001653,0.005305,0.8125,0.6392,0.2693,2,ok
0,1262,140.300000,2.367840,1.478881,3.066481,0.002407,-0.042122,10.382952,0.220022,0.424275,0.037796,-0.386479,1.000000,1.000000,0.000000,C-06,0,0,0,1,1,0,-0.001287,-0.000698,0.7917,0.6112,0.2676,2,ok
0,1263,140.420000,2.343534,1.480489,3.080194,0.001592,-0.028409,10.407298,0.201199,0.793692,0.187796,-0.605896,0.914367,0.914367,0.000000,C-06,0,0,0,1,1,0,-0.002656,-0.021792,0.8125,0.6007,0.2649,2,ok
0,1264,140.520000,2.324043,1.481808,3.102083,0.000910,-0.006521,10.426294,0.194544,0.774239,0.337796,-0.436443,0.882989,0.882989,0.000000,C-06,0,0,0,1,1,0,-0.003216,-0.053391,0.7500,0.6193,0.2650,2,ok
0,1265,140.640000,2.299231,1.483368,3.120451,-0.000279,-0.005815,10.451670,0.209876,0.213327,0.213327,0.000000,0.952390,0.952390,0.000000,,0,0,0,1,1,0,-0.000213,-0.016632,0.7708,0.5929,0.2638,2,ok
0,1266,140.740000,2.277386,1.484063,3.125417,-0.000638,-0.000848,10.473523,0.220059,-0.256735,0.063327,0.320061,1.000000,1.000000,0.000000,C-06,0,0,0,1,1,0,0.004520,-0.071233,0.7708,0.5090,0.2638,2,ok
0,1267,140.860000,2.252279,1.484481,3.121129,-0.001020,-0.022366,10.498619,0.208332,-0.061371,-0.061371,0.000000,0.947039,0.947039,0.000000,,0,0,0,1,1,0,0.002811,0.003592,0.7083,0.5694,0.2652,2,ok
0,1268,140.980000,2.227251,1.484994,3.127926,-0.001580,-0.015569,10.523646,0.208641,0.512303,0.088629,-0.423674,0.948258,0.948258,0.000000,C-06,0,0,0,1,1,0,-0.000517,0.005305,0.7500,0.6163,0.2688,2,ok
0,1269,141.080000,2.205584,1.485413,-3.139433,-0.002293,-0.017748,10.545275,0.218307,0.785375,0.238629,-0.546746,0.992123,0.992123,0.000000,C-06,0,0,0,1,1,0,0.002441,-0.092541,0.8125,0.5372,0.2644,2,ok
0,1270,141.200000,2.179690,1.485918,-3.107800,-0.003295,0.013885,10.571154,0.215487,0.897741,0.388629,-0.509111,0.979811,0.979811,0.000000,C-06,0,0,0,1,1,0,0.006584,-0.154465,0.8333,0.4383,0.2632,2,ok
0,1271,141.300000,2.160133,1.486166,-3.084696,-0.004053,0.019793,10.590634,0.193273,0.340061,0.340061,0.000000,0.816723,0.879811,0.063087,C-06,0,0,0,1,1,0,0.002992,-0.080536,0.7917,0.5381,0.2655,2,ok
0,1272,141.420000,2.134965,1.485468,-3.068279,-0.004271,0.036209,10.615811,0.215147,-0.393720,0.190061,0.583781,1.000000,0.979811,-0.020189,C-06,0,0,0,1,1,0,0.008714,-0.109145,0.8125,0.4369,0.2641,2,ok
0,1273,141.520000,2.113079,1.484018,-3.064762,-0.003618,0.039726,10.635044,0.219886,-0.415579,0.040061,0.455640,1.000000,1.000000,0.000000,C-06,0,0,0,1,1,0,0.009412,-0.096128,0.7708,0.4271,0.2636,2,ok
0,1274,141.640000,2.086750,1.482007,-3.072912,-0.003177,0.012915,10.664060,0.220120,-0.219439,-0.109939,0.109500,1.000000,1.000000,0.000000,C-06,0,0,0,1,1,0,0.010513,-0.087987,0.7292,0.3856,0.2640,2,ok
0,1275,141.740000,2.064802,1.480495,-3.071045,-0.002927,0.014782,10.686058,0.219965,0.495872,0.040061,-0.455810,1.000000,1.000000,0.000000,C-06,0,0,0,1,1,0,0.009065,-0.142739,0.7292,0.3803,0.2657,2,ok
0,1276,141.860000,2.038481,1.478699,-3.056727,-0.002975,0.007159,10.712402,0.219732,0.606100,0.190061,-0.416039,1.000000,1.000000,0.000000,C-06,0,0,0,1,1,0,0.008562,-0.129322,0.7292,0.3434,0.2645,2,ok
0,1277,141.980000,2.013591,1.476924,-3.031284,-0.002962,0.032602,10.737355,0.206144,0.780616,0.340061,-0.440555,0.940196,0.940196,0.000000,C-06,0,0,0,1,1,0,0.006428,-0.170832,0.7917,0.3464,0.2670,2,ok
0,1278,142.080000,1.992872,1.475444,-3.007548,-0.003399,0.030344,10.758048,0.207574,0.364857,0.364857,0.000000,0.949468,0.949468,0.000000,,0,0,0,1,1,0,0.007959,-0.146593,0.7917,0.3020,0.2637,2,ok
0,1279,142.200000,1.966930,1.472668,-2.990201,-0.003101,0.047692,10.784137,0.218992,-0.150336,0.214857,0.365193,1.000000,1.000000,0.000000,C-06,0,0,0,1,1,0,0.008592,-0.138405,0.8333,0.2826,0.2630,2,ok
0,1280,142.300000,1.945191,1.469556,-2.985370,-0.002496,0.023940,10.805997,0.219659,-0.238402,0.064857,0.303259,1.000000,1.000000,0.000000,C-06,0,0,0,1,1,0,0.007672,-0.132270,0.8542,0.3110,0.2685,2,ok
0,1281,142.420000,1.919141,1.465712,-2.970853,-0.002032,0.038457,10.832325,0.219181,0.202585,0.202585,0.000000,1.000000,1.000000,0.000000,,0,0,0,1,1,0,0.009132,-0.132698,0.8125,0.2448,0.2630,2,ok
0,1282,142.520000,1.897501,1.462508,-2.949340,-0.001873,0.028562,10.854131,0.218361,0.372139,0.352585,-0.019553,1.000000,1.000000,0.000000,C-06,0,0,0,1,1,0,0.008150,-0.122080,0.7708,0.2459,0.2647,2,ok
0,1283,142.640000,1.871630,1.458070,-2.933635,-0.001780,0.044267,10.880380,0.218752,0.120201,0.202585,0.082384,1.000000,1.000000,0.000000,C-06,0,0,0,1,1,0,0.011061,-0.131865,0.7708,0.1782,0.2629,2,ok
0,1284,142.740000,1.850129,1.453978,-2.922609,-0.001305,0.055293,10.902206,0.218859,0.176946,0.176946,0.000000,1.000000,1.000000,0.000000,,0,0,0,1,1,0,0.009922,-0.104541,0.6875,0.2117,0.2653,2,ok
0,1285,142.860000,1.824387,1.448592,-2.913415,-0.001150,0.033517,10.928517,0.219181,0.121329,0.121329,0.000000,1.000000,1.000000,0.000000,,0,0,0,1,1,0,0.010934,-0.098691,0.7292,0.1722,0.2642,2,ok
0,1286,142.980000,1.798669,1.442672,-2.914858,-0.000466,0.032075,10.954898,0.220013,-0.049304,-0.028671,0.020633,1.000000,1.000000,0.000000,C-06,0,0,0,1,1,0,0.008794,-0.081973,0.8125,0.1916,0.2651,2,ok
0,1287,143.080000,1.777210,1.437718,-2.924902,-0.000453,-0.005704,10.976910,0.220464,-0.225236,-0.178671,0.046565,1.000000,1.000000,0.000000,C-06,0,0,0,1,1,0,0.008651,-0.113904,0.7917,0.1552,0.2625,2,ok
0,1288,143.200000,1.751418,1.431966,-2.927578,-0.000669,-0.008380,11.003334,0.220195,0.164013,-0.028671,-0.192684,1.000000,1.000000,0.000000,C-06,0,0,0,1,1,0,0.006533,-0.125208,0.8542,0.1557,0.2645,2,ok
0,1289,143.300000,1.729934,1.427289,-2.920959,-0.001324,-0.026412,11.025294,0.219706,0.708641,0.121329,-0.587312,1.000000,1.000000,0.000000,C-06,0,0,0,1,1,0,0.006145,-0.144425,0.8125,0.1293,0.2651,2,ok
0,1290,143.420000,1.706462,1.422038,-2.903159,-0.002045,-0.008612,11.049335,0.197293,0.697877,0.271329,-0.426548,0.870263,0.900000,0.029737,C-06,0,0,0,1,1,0,0.002771,-0.149667,0.8125,0.1384,0.2669,2,ok
0,1291,143.520000,1.686686,1.417680,-2.878719,-0.002854,-0.004778,11.069525,0.202979,0.593765,0.421329,-0.172436,0.932812,0.932812,0.000000,C-06,0,0,0,1,1,0,0.001955,-0.121379,0.7500,0.1388,0.2647,2,ok
0,1292,143.640000,1.661558,1.411580,-2.858711,-0.003616,0.015230,11.095372,0.218017,0.149753,0.271329,0.121577,1.000000,1.000000,0.000000,C-06,0,0,0,1,1,0,0.004085,-0.103164,0.7083,0.1006,0.2651,2,ok
0,1293,143.740000,1.640459,1.405720,-2.850842,-0.003543,0.023099,11.114258,0.219072,-0.141120,0.121329,0.262449,1.000000,1.000000,0.000000,C-06,0,0,0,1,1,0,0.003986,-0.091530,0.7500,0.1052,0.2641,3,ok
0,1294,143.860000,1.615163,1.398164,-2.852323,-0.003590,0.003896,11.143591,0.220104,-0.071888,-0.028671,0.043218,1.000000,1.000000,0.000000,C-06,0,0,0,1,1,0,0.003802,-0.071576,0.7292,0.1047,0.2695,2,ok
0,1295,143.980000,1.589835,1.390587,-2.859493,-0.003612,-0.019459,11.169979,0.220515,-0.106495,-0.106495,0.000000,1.000000,1.000000,0.000000,,0,0,0,1,1,0,0.005317,-0.098983,0.8333,0.0454,0.2642,3,ok
0,1296,144.080000,1.568708,1.384455,-2.857651,-0.004071,-0.017617,11.191973,0.219877,0.336536,0.043505,-0.293031,1.000000,1.000000,0.000000,C-06,0,0,0,1,1,0,0.002914,-0.107358,0.7917,0.0607,0.2665,2,ok
0,1297,144.200000,1.543410,1.377093,-2.844783,-0.004601,-0.004749,11.217985,0.219185,0.833213,0.193505,-0.639708,1.000000,1.000000,0.000000,C-06,0,0,0,1,1,0,0.001462,-0.104918,0.8333,0.0503,0.2665,2,ok
0,1298,144.300000,1.522432,1.370956,-2.825668,-0.005298,0.000308,11.240102,0.218001,0.449438,0.343505,-0.105933,1.000000,1.000000,0.000000,C-06,0,0,0,1,1,0,0.000886,-0.105618,0.7708,0.0481,0.2665,2,ok
0,1299,144.420000,1.497399,1.363180,-2.811673,-0.005692,0.014303,11.266312,0.218482,0.077204,0.193505,0.116301,1.000000,1.000000,0.000000,C-06,0,0,0,1,1,0,0.002473,-0.102894,0.8125,0.0129,0.2653,2,ok
0,1300,144.520000,1.476599,1.356152,-2.808487,-0.005754,0.006465,11.288184,0.219650,-0.141230,0.043505,0.184735,1.000000,1.000000,0.000000,C-06,0,0,0,1,1,0,0.002686,-0.042182,0.7500,0.0248,0.2654,3,ok
0,1301,144.640000,1.451630,1.347523,-2.813775,-0.005708,0.001177,11.314601,0.220352,-0.086127,-0.086127,0.000000,1.000000,1.000000,0.000000,,0,0,0,1,1,0,0.002686,-0.042182,0.7500,0.0248,0.2654,3,ok
0,1302,144.740000,1.430810,1.340434,-2.810920,-0.005876,-0.005489,11.336555,0.219813,0.060459,0.060459,0.000000,1.000000,1.000000,0.000000,,0,0,0,1,0,0,0.002686,-0.042182,0.7500,0.0248,0.2654,3,ok
0,1303,144.860000,1.405896,1.331901,-2.797254,-0.006083,0.008177,11.362889,0.219008,0.502245,0.210459,-0.291786,1.000000,1.000000,0.000000,C-06,0,0,0,1,1,0,0.002047,-0.070850,0.8125,-0.0153,0.2666,2,ok
0,1304,144.980000,1.381086,1.323227,-2.788587,-0.006241,0.008618,11.389129,0.219027,0.121477,0.121477,0.000000,1.000000,1.000000,0.000000,,0,0,0,1,1,0,0.002104,-0.043379,0.8125,-0.0111,0.2678,3,ok
0,1305,145.080000,1.360442,1.315635,-2.789415,-0.006073,0.007790,11.411124,0.220084,-0.026661,-0.026661,0.000000,1.000000,1.000000,0.000000,,0,0,0,1,1,0,0.004251,-0.041315,0.8333,-0.0608,0.2650,3,ok
0,1306,145.200000,1.335628,1.306509,-2.797430,-0.005960,-0.006666,11.437526,0.220592,-0.124403,-0.124403,0.000000,1.000000,1.000000,0.000000,,0,0,0,1,1,0,0.002635,-0.034639,0.7917,-0.0305,0.2665,2,ok
0,1307,145.300000,1.314898,1.298930,-2.802655,-0.005969,-0.011890,11.459597,0.220733,-0.089060,-0.089060,0.000000,1.000000,1.000000,0.000000,,0,0,0,1,1,0,0.003131,-0.061693,0.7917,-0.0752,0.2656,2,ok
0,1308,145.420000,1.290012,1.290138,-2.799283,-0.006347,-0.013208,11.485949,0.219765,0.331328,0.060940,-0.270387,1.000000,1.000000,0.000000,C-06,0,0,0,1,1,0,0.002498,-0.080087,0.7917,-0.0993,0.2652,2,ok
0,1309,145.520000,1.269327,1.282786,-2.788140,-0.006696,-0.002065,11.507899,0.219161,0.546616,0.210940,-0.335676,1.000000,1.000000,0.000000,C-06,0,0,0,1,1,0,-0.000064,-0.062317,0.7292,-0.0659,0.2664,3,ok
0,1310,145.640000,1.244664,1.273960,-2.764689,-0.007110,0.017043,11.534050,0.217463,0.629120,0.360940,-0.268180,1.000000,1.000000,0.000000,C-06,0,0,0,1,1,0,0.002424,-0.067854,0.7292,-0.1210,0.2661,2,ok
0,1311,145.740000,1.224261,1.266214,-2.752304,-0.007118,0.029427,11.555874,0.218335,-0.362404,0.210940,0.573345,1.000000,1.000000,0.000000,C-06,0,0,0,1,1,0,0.004943,-0.037782,0.7292,-0.1265,0.2640,3,ok
0,1312,145.860000,1.199862,1.256310,-2.747685,-0.006514,0.031032,11.582212,0.219512,-0.907903,0.060940,0.968844,1.000000,1.000000,0.000000,C-06,0,0,0,1,1,0,0.005604,-0.007306,0.7917,-0.1219,0.2669,3,ok
0,1313,145.980000,1.175460,1.246181,-2.752969,-0.005665,0.025748,11.608619,0.220407,-1.000000,-0.089060,0.910940,1.000000,1.000000,0.000000,C-06,0,0,0,1,1,0,0.006191,0.016933,0.8125,-0.1193,0.2652,3,ok
0,1314,146.080000,1.155053,1.237789,-2.765443,-0.005057,0.011633,11.630649,0.221087,-0.685656,-0.239060,0.446596,1.000000,1.000000,0.000000,C-06,0,0,0,1,1,0,0.007448,0.002080,0.7917,-0.1591,0.2665,3,ok
0,1315,146.200000,1.130430,1.227752,-2.779670,-0.004509,-0.002594,11.657233,0.221761,-0.210454,-0.210454,0.000000,1.000000,1.000000,0.000000,,0,0,0,1,1,0,0.004508,0.008830,0.7917,-0.1155,0.2672,3,ok
0,1316,146.300000,1.109838,1.219844,-2.783672,-0.004503,-0.006183,11.679294,0.220496,-0.036293,-0.060454,-0.024162,1.000000,1.000000,0.000000,C-06,0,0,0,1,1,0,0.005140,-0.030815,0.7708,-0.1686,0.2685,3,ok
0,1317,146.420000,1.085072,1.210438,-2.792528,-0.004584,-0.015039,11.705785,0.221059,-0.136206,-0.136206,0.000000,1.000000,1.000000,0.000000,,0,0,0,1,1,0,0.002693,-0.024569,0.7500,-0.1403,0.2691,2,ok
0,1318,146.520000,1.064366,1.202632,-2.801571,-0.004706,-0.024082,11.725504,0.221342,-0.161342,-0.161342,0.000000,1.000000,1.000000,0.000000,,0,0,0,1,1,0,0.005885,-0.080835,0.7500,-0.2402,0.2664,2,ok
0,1319,146.640000,1.039469,1.193791,-2.803033,-0.005349,-0.025787,11.754329,0.220092,0.105786,-0.011342,-0.117128,1.000000,1.000000,0.000000,C-06,0,0,0,1,1,0,0.005885,-0.080835,0.7500,-0.2402,0.2664,2,ok
0,1320,146.740000,1.018741,1.186483,-2.795904,-0.005934,-0.018659,11.775295,0.219531,0.250393,0.138658,-0.111735,1.000000,1.000000,0.000000,C-06,0,0,0,1,1,0,0.001354,-0.054401,0.7708,-0.2085,0.2676,3,ok
0,1321,146.860000,0.993984,1.177716,-2.777196,-0.006475,0.002723,11.802584,0.218217,0.324443,0.288658,-0.035786,1.000000,1.000000,0.000000,C-06,0,0,0,1,1,0,0.001490,-0.070251,0.8333,-0.2126,0.2655,2,ok
0,1322,146.980000,0.969367,1.168572,-2.767210,-0.006624,0.015676,11.828834,0.218892,-0.351221,0.138658,0.489879,1.000000,1.000000,0.000000,C-06,0,0,0,1,1,0,0.004800,-0.053044,0.8125,-0.2638,0.2707,3,ok
0,1323,147.080000,0.948892,1.160537,-2.767337,-0.006373,0.015549,11.850827,0.220037,-0.776237,-0.011342,0.764894,1.000000,1.000000,0.000000,C-06,0,0,0,1,1,0,0.004909,0.006025,0.7708,-0.2408,0.2655,3,ok
0,1324,147.200000,0.924275,1.150886,-2.777409,-0.006079,0.005477,11.874734,0.220704,-1.000000,-0.161342,0.838658,1.000000,1.000000,0.000000,C-06,0,0,0,1,1,0,0.006906,0.001063,0.7708,-0.2865,0.2652,3,ok
0,1325,147.300000,0.903656,1.142854,-2.794393,-0.005649,-0.007485,11.899449,0.221846,-0.656091,-0.311342,0.344749,1.000000,1.000000,0.000000,C-06,0,0,0,1,1,0,0.006861,-0.017169,0.7708,-0.3097,0.2635,3,ok
0,1326,147.420000,0.878749,1.133325,-2.812975,-0.005321,-0.026067,11.924184,0.222277,-0.270003,-0.270003,0.000000,1.000000,1.000000,0.000000,,0,0,0,1,1,0,0.005433,-0.038295,0.7292,-0.3069,0.2703,3,ok
0,1327,147.520000,0.857892,1.125907,-2.822502,-0.005527,-0.031071,11.948261,0.221300,-0.157445,-0.157445,0.000000,1.000000,1.000000,0.000000,,0,0,0,1,1,0,0.004638,-0.074693,0.6875,-0.3256,0.2692,3,ok
0,1328,147.640000,0.832817,1.117594,-2.823712,-0.006348,-0.032281,11.973600,0.220060,0.244186,-0.007445,-0.251631,1.000000,1.000000,0.000000,C-06,0,0,0,1,1,0,0.004070,-0.098146,0.7708,-0.3841,0.2663,2,ok
0,1329,147.740000,0.811957,1.110722,-2.816192,-0.006940,-0.018024,11.996656,0.219366,0.257936,0.142555,-0.115381,0.999247,0.999247,0.000000,C-06,0,0,0,1,1,0,0.005211,-0.116818,0.8333,-0.4273,0.2670,3,ok
0,1330,147.860000,0.786988,1.102477,-2.805596,-0.007638,-0.007428,12.022914,0.218801,0.155070,0.155070,0.000000,1.000000,1.000000,0.000000,,0,0,0,1,1,0,0.005211,-0.116818,0.8333,-0.4273,0.2670,3,ok
0,1331,147.980000,0.762071,1.093797,-2.804563,-0.007724,0.000392,12.049380,0.219959,-0.544263,0.005070,0.549334,1.000000,1.000000,0.000000,C-06,0,0,0,1,1,0,0.005486,-0.076888,0.8125,-0.4334,0.2722,3,ok
0,1332,148.080000,0.741284,1.086522,-2.812169,-0.007765,-0.007214,12.071403,0.220487,-0.485487,-0.144930,0.340558,1.000000,1.000000,0.000000,C-06,0,0,0,1,1,0,0.007715,-0.055269,0.8125,-0.4945,0.2691,3,ok
0,1333,148.200000,0.716226,1.077792,-2.831725,-0.007600,-0.018285,12.098013,0.221735,-0.506068,-0.294930,0.211139,1.000000,1.000000,0.000000,C-06,0,0,0,1,1,0,0.008782,-0.072696,0.7917,-0.5380,0.2691,3,ok
0,1334,148.300000,0.695212,1.070520,-2.851071,-0.007505,-0.037631,12.120250,0.222804,-0.335289,-0.335289,0.000000,1.000000,1.000000,0.000000,,0,0,0,1,1,0,0.006818,-0.051473,0.7500,-0.5287,0.2682,3,ok
0,1335,148.420000,0.669848,1.062312,-2.869779,-0.007676,-0.046245,12.146981,0.222093,-0.258700,-0.258700,0.000000,1.000000,1.000000,0.000000,,0,0,0,1,1,0,0.007174,-0.067899,0.7292,-0.5673,0.2640,3,ok
0,1336,148.520000,0.648634,1.056148,-2.876720,-0.008479,-0.053187,12.169057,0.220843,0.466622,-0.108700,-0.575322,1.000000,1.000000,0.000000,C-06,0,0,0,1,1,0,0.003414,-0.103181,0.8125,-0.5816,0.2682,3,ok
0,1337,148.640000,0.623162,1.049225,-2.874319,-0.009631,-0.039596,12.195517,0.219858,0.710020,0.041300,-0.668720,1.000000,1.000000,0.000000,C-06,0,0,0,1,1,0,0.001671,-0.126969,0.8125,-0.5900,0.2671,3,ok
0,1338,148.740000,0.601971,1.043453,-2.863826,-0.010572,-0.029103,12.217460,0.219338,0.364915,0.191300,-0.173615,1.000000,1.000000,0.000000,C-06,0,0,0,1,1,0,0.003477,-0.185109,0.8125,-0.6588,0.2721,3,ok
0,1339,148.860000,0.576598,1.036311,-2.860181,-0.011127,-0.013520,12.243958,0.219683,-0.191325,0.041300,0.232625,1.000000,1.000000,0.000000,C-06,0,0,0,1,1,0,0.003401,-0.146333,0.7917,-0.6635,0.2714,3,ok
0,1340,148.980000,0.551214,1.028984,-2.867216,-0.011452,-0.007234,12.270519,0.220398,-0.360693,-0.108700,0.251993,1.000000,1.000000,0.000000,C-06,0,0,0,1,1,0,0.004145,-0.131697,0.7500,-0.6993,0.2735,3,ok
0,1341,149.080000,0.530008,1.022870,-2.877611,-0.011494,-0.017629,12.292589,0.220969,-0.180987,-0.180987,0.000000,1.000000,1.000000,0.000000,,0,0,0,1,1,0,0.005500,-0.054742,0.7500,-0.7555,0.2674,3,ok
0,1342,149.200000,0.504495,1.015721,-2.885283,-0.011689,-0.010820,12.319241,0.220774,-0.101410,-0.101410,0.000000,1.000000,1.000000,0.000000,,0,0,0,1,1,0,0.005336,-0.080529,0.7500,-0.7602,0.2682,3,ok
0,1343,149.300000,0.483176,1.009894,-2.899743,-0.011742,-0.025280,12.341341,0.221351,-0.762195,-0.251410,0.510785,1.000000,1.000000,0.000000,C-06,0,0,0,1,1,0,0.004027,0.044099,0.7292,-0.7670,0.2688,3,ok
0,1344,149.420000,0.457461,1.002906,-2.928250,-0.011766,-0.037740,12.368184,0.222698,-0.522645,-0.401410,0.121235,1.000000,1.000000,0.000000,C-06,0,0,0,1,1,0,0.003465,-0.017044,0.7500,-0.7956,0.2654,3,ok
0,1345,149.520000,0.436155,0.997633,-2.944541,-0.011984,-0.054031,12.390132,0.219190,0.040162,-0.251410,-0.291572,0.988302,0.988302,0.000000,C-06,0,0,0,1,1,0,-0.002072,-0.112216,0.8125,-0.7481,0.2629,3,ok
0,1346,149.640000,0.410265,0.992150,-2.952718,-0.013060,-0.044349,12.416784,0.220657,0.099391,-0.101410,-0.200801,1.000000,1.000000,0.000000,C-06,0,0,0,1,1,0,-0.004701,-0.066745,0.7917,-0.7317,0.2652,3,ok
0,1347,149.740000,0.388659,0.988004,-2.950363,-0.014088,-0.041994,12.438759,0.219895,0.313835,0.048590,-0.265245,1.000000,1.000000,0.000000,C-06,0,0,0,1,1,0,-0.006274,-0.007610,0.7708,-0.7277,0.2653,3,ok
0,1348,149.860000,0.362862,0.983052,-2.948990,-0.015188,-0.020935,12.465328,0.218824,0.016146,0.016146,0.000000,0.995115,0.995115,0.000000,,0,0,0,1,1,0,-0.004456,-0.018599,0.7292,-0.7946,0.2639,3,ok
0,1349,149.980000,0.337335,0.978076,-2.948507,-0.015767,-0.020452,12.491330,0.216577,0.005799,0.005799,0.000000,0.984511,0.984511,0.000000,,0,0,0,1,1,0,-0.006154,0.019597,0.7708,-0.7485,0.2647,3,ok
0,1350,150.080000,0.315846,0.973913,-2.956609,-0.016136,-0.007630,12.513561,0.219347,-0.202737,-0.144201,0.058537,0.995985,0.995985,0.000000,C-06,0,0,0,1,1,0,-0.008913,0.066073,0.7292,-0.6857,0.2616,3,ok
0,1351,150.200000,0.289859,0.968918,-2.977959,-0.016224,-0.028980,12.540023,0.220980,-0.350104,-0.294201,0.055903,1.000000,1.000000,0.000000,C-06,0,0,0,1,1,0,-0.008319,0.164952,0.7708,-0.6861,0.2628,3,ok
0,1352,150.300000,0.268113,0.964756,-3.002190,-0.016129,-0.028784,12.562529,0.221765,-0.386573,-0.386573,0.000000,1.000000,1.000000,0.000000,,0,0,0,1,1,0,-0.010227,0.155366,0.7917,-0.6586,0.2635,3,ok
0,1353,150.420000,0.241921,0.959905,-3.030723,-0.015800,-0.057317,12.589164,0.221921,-0.363445,-0.363445,0.000000,1.000000,1.000000,0.000000,,0,0,0,1,1,0,-0.011419,0.145444,0.7708,-0.6334,0.2636,3,ok
0,1354,150.520000,0.220026,0.956219,-3.058653,-0.015650,-0.060071,12.611727,0.221990,-0.425639,-0.425639,0.000000,1.000000,1.000000,0.000000,,0,0,0,1,1,0,-0.014969,0.099700,0.7917,-0.5835,0.2611,3,ok
0,1355,150.640000,0.193693,0.953006,-3.081550,-0.016353,-0.082967,12.638245,0.220938,-0.145237,-0.275639,-0.130403,1.000000,1.000000,0.000000,C-06,0,0,0,1,1,0,-0.016777,0.133662,0.7708,-0.5500,0.2635,3,ok
0,1356,150.740000,0.171727,0.951248,-3.090864,-0.017429,-0.064537,12.660826,0.220316,0.161037,-0.125639,-0.286677,1.000000,1.000000,0.000000,C-06,0,0,0,1,1,0,-0.019391,0.110718,0.7708,-0.4954,0.2607,3,ok
0,1357,150.860000,0.145356,0.949554,-3.098678,-0.018751,-0.072350,12.687218,0.220195,-0.092993,-0.092993,0.000000,1.000000,1.000000,0.000000,,0,0,0,1,1,0,-0.018543,0.079562,0.7292,-0.5126,0.2632,3,ok
0,1358,150.980000,0.118971,0.947980,-3.117816,-0.019703,-0.061271,12.714115,0.220323,-0.662440,-0.242993,0.419447,1.000000,1.000000,0.000000,C-06,0,0,0,1,1,0,-0.020239,0.199764,0.7500,-0.4521,0.2681,3,ok
0,1359,151.080000,0.097853,0.946654,3.139120,-0.020257,-0.087521,12.735268,0.210363,-0.500527,-0.392993,0.107534,0.954292,0.954292,0.000000,C-06,0,0,0,1,1,0,-0.020168,0.146273,0.7708,-0.4323,0.2652,3,ok
0,1360,151.200000,0.071886,0.945756,3.118087,-0.020948,-0.075910,12.761944,0.217095,-0.098872,-0.242993,-0.144122,0.986768,0.986768,0.000000,C-06,0,0,0,1,1,0,-0.020643,0.110271,0.8333,-0.4119,0.2672,3,ok
0,1361,151.300000,0.049919,0.945934,3.110976,-0.022323,-0.083021,12.783869,0.219918,0.515757,-0.092993,-0.608750,1.000000,1.000000,0.000000,C-06,0,0,0,1,1,0,-0.020605,0.098437,0.7917,-0.4269,0.2652,3,ok
0,1362,151.420000,0.023530,0.946710,3.114729,-0.023696,-0.046387,12.811018,0.220023,0.331201,0.057007,-0.274194,1.000000,1.000000,0.000000,C-06,0,0,0,1,1,0,-0.022285,0.118740,0.7917,-0.3720,0.2635,3,ok
0,1363,151.520000,0.001537,0.947385,3.117411,-0.024803,-0.043705,12.832318,0.220039,0.037366,0.037366,0.000000,1.000000,1.000000,0.000000,,0,0,0,1,1,0,-0.019013,0.140687,0.7708,-0.3935,0.2641,3,ok
0,1364,151.640000,-0.023572,0.947996,3.111039,-0.024992,-0.015382,12.858975,0.208603,-0.084749,-0.084749,0.000000,0.948354,0.948354,0.000000,,0,0,0,1,1,0,-0.019621,0.186611,0.7708,-0.3270,0.2652,3,ok
0,1365,151.740000,-0.045375,0.948513,3.095612,-0.025067,0.002992,12.881659,0.219838,-0.270766,-0.234749,0.036017,1.000000,1.000000,0.000000,C-06,0,0,0,1,1,0,-0.015384,0.173652,0.7500,-0.3765,0.2625,3,ok
0,1366,151.860000,-0.071725,0.949135,3.065265,-0.024367,-0.027355,12.908008,0.219444,-0.675645,-0.384749,0.290896,1.000000,1.000000,0.000000,C-06,0,0,0,1,1,0,-0.017896,0.225959,0.7500,-0.2983,0.2658,3,ok
0,1367,151.980000,-0.098026,0.950308,3.045695,-0.023849,-0.014676,12.935162,0.219333,-0.207489,-0.234749,-0.027260,1.000000,1.000000,0.000000,C-06,0,0,0,1,1,0,-0.016903,0.153138,0.8125,-0.3067,0.2671,3,ok
0,1368,152.080000,-0.119914,0.951968,3.035943,-0.023654,-0.024428,12.957112,0.219509,-0.140543,-0.140543,0.000000,1.000000,1.000000,0.000000,,0,0,0,1,1,0,-0.016882,0.134463,0.8333,-0.2894,0.2663,3,ok
0,1369,152.200000,-0.146136,0.954136,3.014078,-0.023192,-0.015621,12.984122,0.218990,-0.452150,-0.290543,0.161607,1.000000,1.000000,0.000000,C-06,0,0,0,1,1,0,-0.016825,0.163171,0.7708,-0.2613,0.2652,3,ok
0,1370,152.300000,-0.167936,0.956292,2.999605,-0.022844,-0.030095,13.006026,0.219043,-0.217222,-0.217222,0.000000,1.000000,1.000000,0.000000,,0,0,0,1,1,0,-0.015108,0.127380,0.7917,-0.2743,0.2677,3,ok
0,1371,152.420000,-0.194032,0.959228,2.979900,-0.022344,-0.021599,13.032899,0.218741,-0.259279,-0.259279,0.000000,1.000000,1.000000,0.000000,,0,0,0,1,1,0,-0.016005,0.125991,0.8125,-0.2470,0.2638,3,ok
0,1372,152.520000,-0.215728,0.962389,2.970988,-0.022412,-0.030511,13.054824,0.219293,-0.129670,-0.129670,0.000000,1.000000,1.000000,0.000000,,0,0,0,1,1,0,-0.016068,0.131011,0.7292,-0.2331,0.2700,3,ok
0,1373,152.640000,-0.241701,0.966365,2.950811,-0.022194,-0.024738,13.081704,0.218576,-0.297512,-0.279670,0.017842,1.000000,1.000000,0.000000,C-06,0,0,0,1,1,0,-0.015398,0.103954,0.7500,-0.2319,0.2661,3,ok
0,1374,152.740000,-0.263281,0.970160,2.941605,-0.022313,-0.033944,13.103615,0.219157,-0.137333,-0.137333,0.000000,1.000000,1.000000,0.000000,,0,0,0,1,1,0,-0.015881,0.092331,0.7500,-0.2192,0.2687,3,ok
0,1375,152.860000,-0.289153,0.975369,2.941796,-0.022657,-0.010284,13.130510,0.220005,0.174668,0.012667,-0.162001,1.000000,1.000000,0.000000,C-06,0,0,0,1,1,0,-0.016733,0.094043,0.8542,-0.1828,0.2683,3,ok
0,1376,152.980000,-0.315055,0.980611,2.953138,-0.022882,0.001058,13.156936,0.220453,0.206855,0.162667,-0.044188,1.000000,1.000000,0.000000,C-06,0,0,0,1,1,0,-0.015841,0.105657,0.8333,-0.1776,0.2655,3,ok
0,1377,153.080000,-0.336635,0.984761,2.954685,-0.022360,0.024092,13.179435,0.219689,-0.190806,0.012667,0.203473,0.998230,0.998230,0.000000,C-06,0,0,0,1,1,0,-0.013937,0.136575,0.7917,-0.1594,0.2642,3,ok
0,1378,153.200000,-0.362549,0.989668,2.945278,-0.021643,0.014685,13.205235,0.219630,-0.320847,-0.137333,0.183515,1.000000,1.000000,0.000000,C-06,0,0,0,1,1,0,-0.010462,0.138488,0.8125,-0.1807,0.2647,3,ok
0,1379,153.300000,-0.384091,0.993754,2.928305,-0.020658,0.017416,13.228083,0.218909,-0.367102,-0.287333,0.079770,1.000000,1.000000,0.000000,C-06,0,0,0,1,1,0,-0.010462,0.138488,0.8125,-0.1807,0.2647,3,ok
0,1380,153.420000,-0.409851,0.998808,2.913713,-0.019659,0.002824,13.253115,0.218727,-0.193295,-0.193295,0.000000,1.000000,1.000000,0.000000,,0,0,0,1,1,0,-0.009982,0.136647,0.7292,-0.1448,0.2631,3,ok
0,1381,153.520000,-0.431233,1.003229,2.893764,-0.018649,0.000867,13.276465,0.217879,-0.707464,-0.343295,0.364169,1.000000,1.000000,0.000000,C-06,0,0,0,1,1,0,-0.007017,0.107952,0.7083,-0.1783,0.2614,3,ok
0,1382,153.640000,-0.456776,1.009182,2.879087,-0.018123,-0.013810,13.300992,0.218614,-0.179043,-0.193295,-0.014252,1.000000,1.000000,0.000000,C-06,0,0,0,1,1,0,-0.010307,0.107861,0.7917,-0.1040,0.2665,3,ok
0,1383,153.740000,-0.476653,1.014408,2.875937,-0.017882,-0.000550,13.323567,0.204593,0.165169,-0.043295,-0.208464,0.931441,0.931441,0.000000,C-06,0,0,0,1,1,0,-0.010433,0.098628,0.8750,-0.0944,0.2668,3,ok
0,1384,153.860000,-0.501844,1.020905,2.882879,-0.017499,0.006393,13.349099,0.219494,0.289459,0.106705,-0.182754,1.000000,1.000000,0.000000,C-06,0,0,0,1,1,0,-0.009935,0.083537,0.8125,-0.0961,0.2687,3,ok
0,1385,153.980000,-0.527358,1.027639,2.880237,-0.016881,0.018875,13.376205,0.219840,-0.214368,-0.043295,0.171073,1.000000,1.000000,0.000000,C-06,0,0,0,1,1,0,-0.008015,0.106534,0.7708,-0.0803,0.2656,3,ok
0,1386,154.080000,-0.548603,1.033259,2.877586,-0.016385,0.016224,13.397395,0.219694,-0.044475,-0.044475,0.000000,1.000000,1.000000,0.000000,,0,0,0,1,1,0,-0.008256,0.127892,0.7917,-0.0414,0.2696,3,ok
0,1387,154.200000,-0.574045,1.040054,2.864477,-0.015440,0.017011,13.424742,0.219097,-0.300108,-0.194475,0.105632,1.000000,1.000000,0.000000,C-06,0,0,0,1,1,0,-0.005152,0.101800,0.7708,-0.0849,0.2663,3,ok
0,1388,154.300000,-0.595161,1.045720,2.849140,-0.014692,0.001674,13.446015,0.218197,-0.267359,-0.267359,0.000000,1.000000,1.000000,0.000000,,0,0,0,1,1,0,-0.006828,0.128007,0.7500,-0.0265,0.2685,3,ok
0,1389,154.420000,-0.620333,1.052593,2.820946,-0.013618,-0.014699,13.472826,0.216880,-0.615272,-0.417359,0.197912,1.000000,1.000000,0.000000,C-06,0,0,0,1,1,0,-0.006490,0.103891,0.7083,-0.0353,0.2639,3,ok
0,1390,154.520000,-0.641154,1.058998,2.804966,-0.013422,-0.030679,13.494592,0.217919,0.365567,-0.267359,-0.632926,1.000000,1.000000,0.000000,C-06,0,0,0,1,1,0,-0.007845,0.066047,0.7917,-0.0369,0.2640,2,ok
0,1391,154.640000,-0.666032,1.067462,2.796342,-0.013669,-0.028081,13.521035,0.219061,1.000000,-0.117359,-1.117359,1.000000,1.000000,0.000000,C-06,0,0,0,1,1,0,-0.010063,0.047054,0.8333,0.0078,0.2646,3,ok
0,1392,154.740000,-0.686736,1.074893,2.797503,-0.014243,-0.026920,13.543024,0.220102,1.000000,0.032641,-0.967359,1.000000,1.000000,0.000000,C-06,0,0,0,1,1,0,-0.010063,0.047054,0.8333,0.0078,0.2646,3,ok
0,1393,154.860000,-0.711637,1.083798,2.809283,-0.014700,-0.005566,13.569576,0.220762,1.000000,0.182641,-0.817359,1.000000,1.000000,0.000000,C-06,0,0,0,1,1,0,-0.010435,0.033399,0.8125,0.0157,0.2657,2,ok
0,1394,154.980000,-0.736608,1.092478,2.812217,-0.014878,0.005982,13.596175,0.220265,-0.251848,0.032641,0.284489,1.000000,1.000000,0.000000,C-06,0,0,0,1,1,0,-0.008184,0.049444,0.7708,0.0126,0.2646,3,ok
0,1395,155.080000,-0.757406,1.099597,2.806247,-0.014714,0.000012,13.618158,0.219610,-0.204579,-0.117359,0.087220,1.000000,1.000000,0.000000,C-06,0,0,0,1,1,0,-0.008575,0.070861,0.7500,0.0381,0.2678,2,ok
0,1396,155.200000,-0.782298,1.108133,2.797578,-0.014510,-0.001363,13.644574,0.219011,-0.127582,-0.127582,0.000000,1.000000,1.000000,0.000000,,0,0,0,1,1,0,-0.008595,0.070653,0.7292,0.0523,0.2659,2,ok
0,1397,155.300000,-0.802967,1.115269,2.785955,-0.014252,-0.012985,13.666439,0.218316,-0.212903,-0.212903,0.000000,1.000000,1.000000,0.000000,,0,0,0,1,1,0,-0.008241,0.061173,0.7083,0.0534,0.2636,3,ok
0,1398,155.420000,-0.827690,1.124325,2.781018,-0.014433,-0.017923,13.690578,0.219492,0.286554,-0.062903,-0.349457,1.000000,1.000000,0.000000,C-06,0,0,0,1,1,0,-0.008395,0.040071,0.7500,0.0438,0.2643,2,ok
0,1399,155.520000,-0.848289,1.132078,2.785295,-0.014628,-0.007145,13.714867,0.220295,1.000000,0.087097,-0.912903,1.000000,1.000000,0.000000,C-06,0,0,0,1,1,0,-0.010437,0.047076,0.8125,0.0943,0.2654,2,ok
0,1400,155.640000,-0.873097,1.141360,2.800676,-0.014827,0.008235,13.740088,0.221238,1.000000,0.237097,-0.762903,1.000000,1.000000,0.000000,C-06,0,0,0,1,1,0,-0.009086,0.036977,0.8333,0.0800,0.2651,3,ok
0,1401,155.740000,-0.893867,1.149022,2.810429,-0.014786,0.023280,13.763558,0.221385,0.166686,0.166686,0.000000,1.000000,1.000000,0.000000,,0,0,0,1,1,0,-0.008704,0.070553,0.7917,0.1132,0.2670,2,ok
0,1402,155.860000,-0.918843,1.157655,2.812268,-0.014200,0.025119,13.789573,0.220135,-0.610337,0.016686,0.627022,1.000000,1.000000,0.000000,C-06,0,0,0,1,1,0,-0.004542,0.058652,0.7917,0.0644,0.2648,3,ok
0,1403,155.980000,-0.943792,1.166194,2.803881,-0.013434,0.020481,13.816389,0.219452,-0.442446,-0.133314,0.309132,1.000000,1.000000,0.000000,C-06,0,0,0,1,1,0,-0.003669,0.078876,0.7708,0.1012,0.2645,3,ok
0,1404,156.080000,-0.964495,1.173315,2.788549,-0.012831,0.005149,13.838275,0.218432,-0.380945,-0.283314,0.097631,1.000000,1.000000,0.000000,C-06,0,0,0,1,1,0,-0.005000,0.084975,0.7500,0.1443,0.2673,2,ok
0,1405,156.200000,-0.989221,1.182182,2.778937,-0.012327,-0.001358,13.864601,0.218933,-0.118867,-0.133314,-0.014447,1.000000,1.000000,0.000000,C-06,0,0,0,1,1,0,-0.004667,0.068430,0.6875,0.1201,0.2636,2,ok
0,1406,156.300000,-1.009788,1.189972,2.779194,-0.012291,-0.001100,13.886594,0.220053,1.000000,0.016686,-0.983314,1.000000,1.000000,0.000000,C-06,0,0,0,1,1,0,-0.006508,0.049829,0.7917,0.1595,0.2659,2,ok
0,1407,156.420000,-1.034518,1.199331,2.789610,-0.012257,0.011380,13.913027,0.220706,1.000000,0.166686,-0.833314,1.000000,1.000000,0.000000,C-06,0,0,0,1,1,0,-0.008638,0.063753,0.8542,0.2122,0.2668,3,ok
0,1408,156.520000,-1.055230,1.207129,2.806851,-0.012192,0.028622,13.935158,0.221871,0.798111,0.316686,-0.481425,1.000000,1.000000,0.000000,C-06,0,0,0,1,1,0,-0.006821,0.073767,0.8125,0.2166,0.2675,2,ok
0,1409,156.640000,-1.080219,1.216160,2.819029,-0.011692,0.041682,13.961761,0.221381,-0.377831,0.166686,0.544517,1.000000,1.000000,0.000000,C-06,0,0,0,1,1,0,-0.004099,0.100286,0.8125,0.2155,0.2645,2,ok
0,1410,156.740000,-1.101092,1.223182,2.820599,-0.010778,0.043252,13.983764,0.220135,-0.938571,0.016686,0.955257,1.000000,1.000000,0.000000,C-06,0,0,0,1,1,0,-0.002665,0.109482,0.7917,0.2340,0.2682,2,ok
0,1411,156.860000,-1.126111,1.231513,2.812085,-0.009618,0.034402,14.010100,0.219456,-0.850074,-0.133314,0.716759,1.000000,1.000000,0.000000,C-06,0,0,0,1,1,0,-0.001923,0.132449,0.7500,0.2498,0.2708,3,ok
0,1412,156.980000,-1.151013,1.239843,2.793466,-0.008503,0.015783,14.036336,0.218207,-0.465537,-0.283314,0.182223,1.000000,1.000000,0.000000,C-06,0,0,0,1,1,0,-0.000506,0.114668,0.7500,0.2544,0.2639,2,ok
0,1413,157.080000,-1.171607,1.246823,2.769907,-0.007706,-0.008529,14.058047,0.216676,-0.523878,-0.433314,0.090563,1.000000,1.000000,0.000000,C-06,0,0,0,1,1,0,-0.003391,0.111227,0.7500,0.3100,0.2667,2,ok
0,1414,157.200000,-1.196108,1.255890,2.750582,-0.007478,-0.027853,14.084172,0.217783,1.000000,-0.283314,-1.283314,1.000000,1.000000,0.000000,C-06,0,0,0,1,1,0,-0.005446,0.090838,0.7708,0.3279,0.2747,3,ok
0,1415,157.300000,-1.216411,1.264055,2.742493,-0.007916,-0.038452,14.106042,0.218944,1.000000,-0.133314,-1.133314,1.000000,1.000000,0.000000,C-06,0,0,0,1,1,0,-0.008269,0.062361,0.8333,0.3753,0.2737,2,ok
0,1416,157.420000,-1.240736,1.274304,2.743011,-0.008886,-0.037935,14.132420,0.220070,1.000000,0.016686,-0.983314,1.000000,1.000000,0.000000,C-06,0,0,0,1,1,0,-0.008269,0.062361,0.8333,0.3753,0.2737,2,ok
0,1417,157.520000,-1.260304,1.282523,2.751403,-0.009681,-0.033420,14.153604,0.211724,0.592588,0.166686,-0.425902,0.959729,0.959729,0.000000,C-06,0,0,0,1,1,0,-0.013030,0.006530,0.7917,0.4437,0.2667,2,ok
0,1418,157.640000,-1.283582,1.292298,2.771946,-0.010648,-0.012877,14.178832,0.210917,0.521907,0.316686,-0.205221,0.948788,0.948788,0.000000,C-06,0,0,0,1,1,0,-0.013103,0.008596,0.7500,0.4558,0.2669,2,ok
0,1419,157.740000,-1.303445,1.300344,2.785018,-0.011257,-0.004996,14.200191,0.214812,0.226497,0.226497,0.000000,0.967772,0.967772,0.000000,,0,0,0,1,1,0,-0.010337,0.005706,0.7500,0.4101,0.2646,2,ok
0,1420,157.860000,-1.328125,1.309522,2.790806,-0.011324,0.000793,14.226522,0.220217,0.072292,0.076497,0.004206,1.000000,1.000000,0.000000,C-06,0,0,0,1,1,0,-0.010619,0.062428,0.7500,0.4609,0.2648,2,ok
0,1421,157.980000,-1.352979,1.318644,2.805513,-0.011368,0.009047,14.252912,0.221110,0.301675,0.226497,-0.075178,1.000000,1.000000,0.000000,C-06,0,0,0,1,1,0,-0.010619,0.062428,0.7500,0.4609,0.2648,2,ok
0,1422,158.080000,-1.373804,1.326243,2.821561,-0.011457,0.025095,14.275080,0.222169,0.284158,0.284158,0.000000,1.000000,1.000000,0.000000,,0,0,0,1,1,0,-0.010839,0.093241,0.7292,0.5114,0.2656,2,ok
0,1423,158.200000,-1.398918,1.334964,2.834578,-0.011229,0.030247,14.301566,0.221490,0.181032,0.181032,0.000000,1.000000,1.000000,0.000000,,0,0,0,1,1,0,-0.006646,0.100140,0.7917,0.5026,0.2663,2,ok
0,1424,158.300000,-1.419900,1.341695,2.837090,-0.010638,0.032759,14.323593,0.220248,-0.294102,0.031032,0.325134,1.000000,1.000000,0.000000,C-06,0,0,0,1,1,0,-0.005328,0.098628,0.7917,0.5189,0.2656,2,ok
0,1425,158.420000,-1.445058,1.349613,2.829563,-0.009837,0.015229,14.349881,0.219536,-0.142773,-0.118968,0.023805,1.000000,1.000000,0.000000,C-06,0,0,0,1,1,0,-0.004422,0.102994,0.8125,0.5391,0.2653,2,ok
0,1426,158.520000,-1.465996,1.356363,2.830142,-0.009444,0.015808,14.371876,0.220064,0.021353,0.021353,0.000000,1.000000,1.000000,0.000000,,0,0,0,1,1,0,-0.004696,0.075181,0.7708,0.5612,0.2650,2,ok
0,1427,158.640000,-1.491168,1.364453,2.841371,-0.008985,0.015996,14.398223,0.220669,0.419032,0.171353,-0.247678,1.000000,1.000000,0.000000,C-06,0,0,0,1,1,0,-0.003004,0.045778,0.8125,0.5189,0.2679,2,ok
0,1428,158.740000,-1.512191,1.371004,2.843235,-0.008592,0.017860,14.420240,0.220169,-0.019343,0.021353,0.040696,1.000000,1.000000,0.000000,C-06,0,0,0,1,1,0,-0.000669,0.004248,0.7917,0.4972,0.2649,2,ok
0,1429,158.860000,-1.537400,1.378766,2.836277,-0.008033,0.010902,14.445846,0.219581,-0.107818,-0.107818,0.000000,1.000000,1.000000,0.000000,,0,0,0,1,1,0,0.002214,-0.021205,0.7708,0.4645,0.2624,2,ok
0,1430,158.980000,-1.562585,1.386698,2.838509,-0.008088,0.000246,14.472884,0.220155,0.557063,0.042182,-0.514882,1.000000,1.000000,0.000000,C-06,0,0,0,1,1,0,0.004267,-0.055814,0.7708,0.4281,0.2570,2,ok
0,1431,159.080000,-1.581721,1.392644,2.848658,-0.008044,0.010395,14.492922,0.198464,0.621970,0.192182,-0.429788,0.794167,0.900000,0.105833,C-06,0,0,0,1,1,0,0.000898,-0.063829,0.7708,0.4822,0.2606,2,ok
0,1432,159.200000,-1.606541,1.399678,2.872268,-0.007607,0.018609,14.518615,0.219939,0.736958,0.342182,-0.394776,1.000000,1.000000,0.000000,C-06,0,0,0,1,1,0,0.002520,-0.099977,0.8125,0.4462,0.2611,2,ok
0,1433,159.300000,-1.627792,1.405533,2.887018,-0.007125,0.033359,14.540652,0.220771,0.238098,0.238098,0.000000,1.000000,1.000000,0.000000,,0,0,0,1,1,0,0.004455,-0.096615,0.8333,0.4333,0.2603,2,ok
0,1434,159.420000,-1.653366,1.412404,2.894022,-0.006688,0.021996,14.567005,0.220660,-0.276406,0.088098,0.364503,1.000000,1.000000,0.000000,C-06,0,0,0,1,1,0,0.006578,-0.092325,0.7917,0.4085,0.2617,2,ok
0,1435,159.520000,-1.674689,1.417810,2.891047,-0.006150,0.019021,14.588996,0.219839,-0.221595,-0.061902,0.159693,1.000000,1.000000,0.000000,C-06,0,0,0,1,1,0,0.008361,-0.121511,0.7917,0.3629,0.2640,2,ok
0,1436,159.640000,-1.699639,1.424191,2.896673,-0.005825,0.004897,14.614629,0.214330,0.647236,0.088098,-0.559139,0.972925,0.972925,0.000000,C-06,0,0,0,1,1,0,0.006041,-0.088989,0.7917,0.4127,0.2680,2,ok
0,1437,159.740000,-1.718574,1.428896,2.909484,-0.005646,0.017708,14.634139,0.192549,0.832729,0.238098,-0.594632,0.835606,0.872925,0.037319,C-06,0,0,0,1,1,0,0.005220,-0.125955,0.7292,0.3715,0.2683,2,ok
0,1438,159.860000,-1.739111,1.434187,2.936287,-0.005632,0.044511,14.654810,0.175019,0.823767,0.388098,-0.435670,0.786859,0.786859,0.000000,C-06,0,0,0,1,1,0,0.003891,-0.119582,0.7292,0.3721,0.2683,2,ok
0,1439,159.980000,-1.761468,1.439321,2.954871,-0.005590,0.039074,14.678145,0.196371,0.121715,0.238098,0.116382,0.941491,0.886859,-0.054632,C-06,0,0,0,1,1,0,0.005242,-0.091536,0.7292,0.3644,0.2676,2,ok
0,1440,160.080000,-1.782204,1.443245,2.961171,-0.004723,0.045374,14.699232,0.217079,-0.336623,0.088098,0.424721,1.000000,0.986859,-0.013141,C-06,0,0,0,1,1,0,0.005767,-0.098787,0.7917,0.3546,0.2673,2,ok
0,1441,160.200000,-1.808139,1.447924,2.957211,-0.003830,0.014095,14.725469,0.219769,-0.067973,-0.061902,0.006071,1.000000,1.000000,0.000000,C-06,0,0,0,1,1,0,0.004217,-0.095024,0.8333,0.3756,0.2696,2,ok
0,1442,160.300000,-1.829774,1.451954,2.962022,-0.003377,0.018906,14.747472,0.220187,0.306010,0.088098,-0.217912,1.000000,1.000000,0.000000,C-06,0,0,0,1,1,0,0.003856,-0.100886,0.8125,0.3750,0.2703,2,ok
0,1443,160.420000,-1.855786,1.456801,2.979065,-0.003257,0.004734,14.773822,0.220797,0.834837,0.238098,-0.596739,1.000000,1.000000,0.000000,C-06,0,0,0,1,1,0,0.002353,-0.111589,0.8333,0.3666,0.2670,2,ok
0,1444,160.520000,-1.875911,1.460633,3.002388,-0.003617,0.028057,14.794305,0.203160,0.919153,0.388098,-0.531055,0.916034,0.916034,0.000000,C-06,0,0,0,1,1,0,0.001320,-0.099443,0.8125,0.3525,0.2684,2,ok
0,1445,160.640000,-1.901676,1.465189,3.043720,-0.003894,0.038600,14.820338,0.222162,0.713013,0.538098,-0.174915,1.000000,1.000000,0.000000,C-06,0,0,0,1,1,0,0.000873,-0.089304,0.7500,0.3630,0.2661,2,ok
0,1446,160.740000,-1.923597,1.468556,3.070436,-0.004254,0.065315,14.842513,0.221621,-0.220080,0.388098,0.608178,1.000000,1.000000,0.000000,C-06,0,0,0,1,1,0,0.003427,-0.052242,0.7708,0.3610,0.2658,2,ok
0,1447,160.860000,-1.949948,1.471344,3.090723,-0.003438,0.085603,14.868999,0.220701,-0.649705,0.238098,0.887802,1.000000,1.000000,0.000000,C-06,0,0,0,1,1,0,0.006095,-0.016562,0.7083,0.3321,0.2666,2,ok
0,1448,160.980000,-1.976319,1.473047,3.098820,-0.002537,0.064281,14.895277,0.220183,-0.224337,0.088098,0.312435,1.000000,1.000000,0.000000,C-06,0,0,0,1,1,0,0.004674,0.058239,0.7083,0.4055,0.2692,2,ok
0,1449,161.080000,-1.998298,1.474004,3.095348,-0.001367,0.060809,14.917245,0.219964,-0.362547,-0.061902,0.300644,1.000000,1.000000,0.000000,C-06,0,0,0,1,1,0,0.007455,0.037816,0.7708,0.3614,0.2660,2,ok
0,1450,161.200000,-2.024659,1.475122,3.079022,-0.000375,0.018007,14.943588,0.219778,-0.467341,-0.211902,0.255438,1.000000,1.000000,0.000000,C-06,0,0,0,1,1,0,0.007741,0.030928,0.8125,0.3605,0.2639,2,ok
0,1451,161.300000,-2.046612,1.476298,3.073901,0.000078,0.012886,14.965567,0.219849,0.397296,-0.061902,-0.459198,1.000000,1.000000,0.000000,C-06,0,0,0,1,1,0,0.006154,-0.029071,0.8125,0.3810,0.2705,2,ok
0,1452,161.420000,-2.072957,1.478075,3.080356,0.000005,-0.003681,14.991973,0.220090,0.980364,0.088098,-0.892266,1.000000,1.000000,0.000000,C-06,0,0,0,1,1,0,0.004855,-0.028134,0.7708,0.3710,0.2683,2,ok
0,1453,161.520000,-2.094924,1.479568,3.095690,-0.000220,0.011653,15.013990,0.220266,1.000000,0.238098,-0.761902,1.000000,1.000000,0.000000,C-06,0,0,0,1,1,0,0.004598,-0.056371,0.7917,0.3569,0.2663,2,ok
0,1454,161.640000,-2.121303,1.481265,3.106811,-0.000621,0.004200,15.040413,0.220254,0.130897,0.130897,0.000000,1.000000,1.000000,0.000000,,0,0,0,1,1,0,0.003344,-0.049198,0.7708,0.4002,0.2675,2,ok
0,1455,161.740000,-2.143289,1.482055,3.106126,-0.000570,0.003515,15.062414,0.219993,-0.262417,-0.019103,0.243314,1.000000,1.000000,0.000000,C-06,0,0,0,1,1,0,0.005594,-0.018416,0.7292,0.3459,0.2707,2,ok
0,1456,161.860000,-2.169667,1.482963,3.093630,-0.000602,-0.026114,15.088797,0.219884,-0.161933,-0.161933,0.000000,1.000000,1.000000,0.000000,,0,0,0,1,1,0,0.005263,-0.029195,0.7292,0.3628,0.2684,2,ok
0,1457,161.980000,-2.196028,1.483872,3.080967,-0.000955,-0.038777,15.115171,0.219734,-0.154166,-0.154166,0.000000,1.000000,1.000000,0.000000,,0,0,0,1,1,0,0.004475,-0.045797,0.7083,0.3587,0.2642,2,ok
0,1458,162.080000,-2.215948,1.485056,3.080042,-0.001719,-0.039702,15.133328,0.197997,0.696895,-0.004166,-0.701061,0.771403,0.900000,0.128597,C-06,0,0,0,1,1,0,-0.000628,-0.094959,0.8125,0.3692,0.2682,2,ok
0,1459,162.200000,-2.239727,1.486511,3.090944,-0.003113,-0.046442,15.158866,0.198640,0.867881,0.145834,-0.722048,0.902410,0.902410,0.000000,C-06,0,0,0,1,1,0,-0.003144,-0.125731,0.7917,0.3758,0.2621,2,ok
0,1460,162.300000,-2.261103,1.487699,3.110239,-0.004219,-0.027147,15.180248,0.220200,1.000000,0.295834,-0.704166,1.000000,1.000000,0.000000,C-06,0,0,0,1,1,0,-0.005442,-0.143664,0.8125,0.4222,0.2701,2,ok
0,1461,162.420000,-2.287398,1.489116,-3.136491,-0.005859,-0.007908,15.206460,0.219377,0.639320,0.445834,-0.193486,0.995727,0.995727,0.000000,C-06,0,0,0,1,1,0,-0.005139,-0.107407,0.7917,0.3977,0.2666,2,ok
0,1462,162.520000,-2.309386,1.490002,-3.114901,-0.006998,0.013682,15.228437,0.220027,0.199125,0.295834,0.096709,1.000000,1.000000,0.000000,C-06,0,0,0,1,1,0,-0.005493,-0.061778,0.8125,0.4309,0.2673,2,ok
0,1463,162.640000,-2.335772,1.489882,-3.102027,-0.007510,0.009309,15.254682,0.219848,-0.529704,0.145834,0.675538,1.000000,1.000000,0.000000,C-06,0,0,0,1,1,0,-0.001854,-0.034141,0.7708,0.3745,0.2663,2,ok
0,1464,162.740000,-2.357754,1.489043,-3.101484,-0.007344,0.009852,15.276679,0.220002,-0.621252,-0.004166,0.617086,1.000000,1.000000,0.000000,C-06,0,0,0,1,1,0,-0.002825,-0.029932,0.7083,0.4108,0.2655,2,ok
0,1465,162.860000,-2.384127,1.487979,-3.090884,-0.007314,0.002801,15.302948,0.219902,0.139348,0.139348,0.000000,1.000000,1.000000,0.000000,,0,0,0,1,1,0,-0.002966,-0.009199,0.7292,0.4058,0.2693,3,ok
0,1466,162.980000,-2.410476,1.486915,-3.068227,-0.007511,0.025458,15.329318,0.219604,0.484256,0.289348,-0.194907,1.000000,1.000000,0.000000,C-06,0,0,0,1,1,0,-0.005002,-0.005054,0.7708,0.4440,0.2716,2,ok
0,1467,163.080000,-2.432407,1.485831,-3.056368,-0.007635,0.019610,15.351145,0.219545,0.169281,0.169281,0.000000,1.000000,1.000000,0.000000,,0,0,0,1,1,0,-0.001986,-0.002797,0.8333,0.4049,0.2666,3,ok
0,1468,163.200000,-2.458708,1.483679,-3.054014,-0.007200,0.021964,15.377530,0.219936,-0.126696,0.019281,0.145977,1.000000,1.000000,0.000000,C-06,0,0,0,1,1,0,-0.003172,0.001210,0.8333,0.4511,0.2686,2,ok
0,1469,163.300000,-2.480622,1.481790,-3.053248,-0.006841,0.005068,15.399390,0.219964,0.010714,0.010714,0.000000,1.000000,1.000000,0.000000,,0,0,0,1,1,0,-0.001568,0.000042,0.7917,0.4226,0.2667,3,ok
0,1470,163.420000,-2.506907,1.479508,-3.041522,-0.006784,0.016793,15.425773,0.219736,0.400009,0.160714,-0.239295,1.000000,1.000000,0.000000,C-06,0,0,0,1,1,0,-0.003041,-0.016837,0.8125,0.4572,0.2686,2,ok
0,1471,163.520000,-2.528785,1.477607,-3.031133,-0.006734,0.027182,15.446513,0.219498,0.157126,0.157126,0.000000,1.000000,1.000000,0.000000,,0,0,0,1,1,0,-0.002503,-0.026480,0.7708,0.4466,0.2653,2,ok
0,1472,163.640000,-2.554994,1.475325,-3.011270,-0.007100,0.029374,15.473935,0.218988,0.261291,0.261291,0.000000,1.000000,1.000000,0.000000,,0,0,0,1,1,0,-0.001470,0.013556,0.7500,0.4307,0.2695,2,ok
0,1473,163.740000,-2.576360,1.473336,-2.992316,-0.007254,0.048327,15.495392,0.214065,0.297223,0.297223,0.000000,0.978927,0.978927,0.000000,,0,0,0,1,1,0,-0.001507,-0.001226,0.7500,0.4547,0.2671,2,ok
0,1474,163.860000,-2.602068,1.470038,-2.978460,-0.006968,0.044454,15.521174,0.216137,0.171948,0.171948,0.000000,0.986452,0.986452,0.000000,,0,0,0,1,1,0,-0.001404,0.062365,0.7083,0.4599,0.2715,2,ok
0,1475,163.980000,-2.628080,1.465847,-2.976018,-0.005892,0.046896,15.547500,0.219877,-0.072134,0.021948,0.094082,1.000000,1.000000,0.000000,C-06,0,0,0,1,1,0,-0.000645,0.065343,0.7917,0.4863,0.2731,2,ok
0,1476,164.080000,-2.649778,1.462246,-2.975425,-0.005212,0.030277,15.569384,0.219953,0.008261,0.008261,0.000000,1.000000,1.000000,0.000000,,0,0,0,1,1,0,0.001225,0.033228,0.8333,0.4672,0.2651,2,ok
0,1477,164.200000,-2.675791,1.457905,-2.964255,-0.004444,0.041447,15.595746,0.219572,0.395277,0.158261,-0.237017,1.000000,1.000000,0.000000,C-06,0,0,0,1,1,0,0.001556,0.021296,0.7917,0.4684,0.2711,2,ok
0,1478,164.300000,-2.697411,1.454288,-2.945589,-0.004051,0.041318,15.617587,0.218843,0.423896,0.308261,-0.115636,1.000000,1.000000,0.000000,C-06,0,0,0,1,1,0,0.001845,0.013796,0.8125,0.4737,0.2671,2,ok
0,1479,164.420000,-2.723270,1.449607,-2.933033,-0.003387,0.053874,15.643859,0.219007,-0.021031,0.158261,0.179292,1.000000,1.000000,0.000000,C-06,0,0,0,1,1,0,0.001638,0.039527,0.7917,0.5253,0.2681,2,ok
0,1480,164.520000,-2.744790,1.445093,-2.931872,-0.002398,0.037236,15.665777,0.219945,-0.379037,0.008261,0.387298,1.000000,1.000000,0.000000,C-06,0,0,0,1,1,0,0.005076,0.036214,0.7708,0.4788,0.2625,2,ok
0,1481,164.640000,-2.770635,1.439598,-2.941624,-0.001367,0.027484,15.692180,0.220408,-0.209045,-0.141739,0.067306,1.000000,1.000000,0.000000,C-06,0,0,0,1,1,0,0.003082,0.094952,0.7708,0.5370,0.2679,2,ok
0,1482,164.740000,-2.792198,1.435222,-2.941582,-0.000863,0.008552,15.714154,0.219989,0.057401,0.008261,-0.049141,1.000000,1.000000,0.000000,C-06,0,0,0,1,1,0,-0.000716,0.085238,0.7500,0.6061,0.2687,2,ok
0,1483,164.860000,-2.818044,1.429977,-2.930455,-0.000699,0.019678,15.740526,0.219536,1.000000,0.158261,-0.841739,1.000000,1.000000,0.000000,C-06,0,0,0,1,1,0,-0.005472,0.099694,0.7708,0.6687,0.2757,2,ok
0,1484,164.980000,-2.843798,1.424731,-2.908605,-0.000609,0.022742,15.766800,0.218525,0.893358,0.308261,-0.585097,1.000000,1.000000,0.000000,C-06,0,0,0,1,1,0,0.001035,0.074410,0.7708,0.5722,0.2717,2,ok
0,1485,165.080000,-2.865176,1.420035,-2.898431,-0.000427,0.032916,15.788687,0.218902,0.076390,0.158261,0.081870,1.000000,1.000000,0.000000,C-06,0,0,0,1,1,0,-0.001676,0.057533,0.8333,0.6824,0.2679,3,ok
0,1486,165.200000,-2.890793,1.413719,-2.897105,0.000466,0.034242,15.812513,0.219940,-0.083753,0.008261,0.092014,1.000000,1.000000,0.000000,C-06,0,0,0,1,1,0,-0.000506,0.070096,0.8542,0.6771,0.2649,2,ok
0,1487,165.300000,-2.912157,1.408395,-2.904940,0.000696,0.006253,15.837082,0.220377,-0.240298,-0.141739,0.098559,1.000000,1.000000,0.000000,C-06,0,0,0,1,1,0,0.001533,0.105729,0.7708,0.6461,0.2712,2,ok
0,1488,165.420000,-2.937823,1.402207,-2.904888,0.000841,0.006304,15.863483,0.219974,0.128873,0.008261,-0.120612,1.000000,1.000000,0.000000,C-06,0,0,0,1,1,0,-0.002383,0.182047,0.7500,0.7470,0.2747,2,ok
0,1489,165.520000,-2.959188,1.397048,-2.895994,0.000627,-0.003851,15.885475,0.219575,0.255929,0.158261,-0.097668,1.000000,1.000000,0.000000,C-06,0,0,0,1,1,0,-0.005540,0.152619,0.7500,0.8087,0.2751,2,ok
0,1490,165.640000,-2.984729,1.390857,-2.874693,0.000366,0.017450,15.911754,0.218450,0.333029,0.308261,-0.024768,1.000000,1.000000,0.000000,C-06,0,0,0,1,1,0,-0.004009,0.029542,0.7292,0.7807,0.2629,2,ok
0,1491,165.740000,-3.005874,1.385697,-2.848482,-0.000193,0.022564,15.933519,0.216936,0.466067,0.458261,-0.007806,1.000000,1.000000,0.000000,C-06,0,0,0,1,1,0,-0.012511,0.111009,0.7292,0.9639,0.2782,2,ok
0,1492,165.860000,-3.031061,1.378793,-2.826443,-0.000290,0.044603,15.959635,0.217661,-0.073104,0.308261,0.381364,1.000000,1.000000,0.000000,C-06,0,0,0,1,1,0,-0.012617,0.221650,0.7917,1.0297,0.2816,2,ok
0,1493,165.980000,-3.056110,1.370974,-2.814790,0.000248,0.035496,15.985870,0.218754,-0.463291,0.158261,0.621551,1.000000,1.000000,0.000000,C-06,0,0,0,1,1,0,-0.005614,0.124802,0.8333,0.9915,0.2713,2,ok
0,1494,166.080000,-3.076940,1.363942,-2.813711,0.001046,0.036574,16.007841,0.219933,-0.153948,0.008261,0.162209,1.000000,1.000000,0.000000,C-06,0,0,0,1,1,0,-0.003858,0.167898,0.8125,0.9715,0.2751,2,ok
0,1495,166.200000,-3.101945,1.355462,-2.816793,0.001762,0.011067,16.034272,0.220137,-0.048742,-0.048742,0.000000,1.000000,1.000000,0.000000,,0,0,0,1,1,0,-0.008776,0.236009,0.8125,1.1415,0.2728,2,ok
0,1496,166.300000,-3.122796,1.348442,-2.816797,0.002013,0.011063,16.056271,0.219986,0.004198,0.004198,0.000000,1.000000,1.000000,0.000000,,0,0,0,1,1,0,-0.009197,0.207924,0.8125,1.1757,0.2717,2,ok
0,1497,166.420000,-3.147784,1.340018,-2.807918,0.002172,-0.002887,16.082688,0.219438,0.502659,0.154198,-0.348461,1.000000,1.000000,0.000000,C-06,0,0,0,1,1,0,-0.005649,0.044198,0.7917,1.1052,0.2665,2,ok
0,1498,166.520000,-3.168514,1.332996,-2.791456,0.001990,0.013576,16.104574,0.218322,0.827359,0.304198,-0.523161,1.000000,1.000000,0.000000,C-06,0,0,0,1,1,0,-0.012112,0.222424,0.7917,1.3036,0.2721,2,ok
0,1499,166.640000,-3.193215,1.324488,-2.770345,0.001907,0.034687,16.128537,0.217548,0.313475,0.313475,0.000000,1.000000,1.000000,0.000000,,0,0,0,1,1,0,-0.005897,0.083974,0.7292,1.1834,0.2674,2,ok
0,1500,166.740000,-3.212924,1.317087,-2.760629,0.001839,0.019904,16.151799,0.209971,-0.053215,0.163475,0.216691,0.960322,0.960322,0.000000,C-06,0,0,0,1,1,0,-0.012077,0.289040,0.6875,1.3492,0.2774,2,ok
0,1501,166.860000,-3.234907,1.308299,-2.759218,0.002323,0.021314,16.175468,0.196527,-0.280615,0.013475,0.294090,0.893689,0.893689,0.000000,C-06,0,0,0,1,1,0,-0.007620,0.216019,0.7500,1.3138,0.2750,2,ok
0,1502,166.980000,-3.258639,1.298985,-2.749051,0.002189,0.006248,16.201022,0.217316,0.190316,0.163475,-0.026841,1.000000,0.993689,-0.006311,C-06,0,0,0,1,1,0,-0.002018,-0.033891,0.7917,1.2136,0.2661,2,ok
0,1503,167.080000,-3.278612,1.290900,-2.732573,0.002173,0.022726,16.222570,0.214710,0.786447,0.313475,-0.472972,0.984905,0.984905,0.000000,C-06,0,0,0,1,1,0,-0.000607,0.056000,0.7708,1.2212,0.2701,2,ok
0,1504,167.200000,-3.302647,1.281008,-2.703222,0.001941,0.024674,16.248616,0.216560,1.000000,0.463475,-0.536525,1.000000,1.000000,0.000000,C-06,0,0,0,1,1,0,-0.005512,0.268991,0.8125,1.3896,0.2691,2,ok
0,1505,167.300000,-3.322420,1.272296,-2.671521,0.002011,0.056374,16.270223,0.215703,0.965555,0.613475,-0.352080,1.000000,1.000000,0.000000,C-06,0,0,0,1,1,0,-0.004402,0.153824,0.7917,1.4115,0.2697,2,ok
0,1506,167.420000,-3.345774,1.260847,-2.641960,0.002936,0.056456,16.296292,0.216936,0.088211,0.463475,0.375264,1.000000,1.000000,0.000000,C-06,0,0,0,1,1,0,-0.004402,0.153824,0.7917,1.4115,0.2697,2,ok
0,1507,167.520000,-3.364994,1.250584,-2.625342,0.004044,0.073074,16.318052,0.218016,-1.000000,0.313475,1.313475,1.000000,1.000000,0.000000,C-06,0,0,0,1,1,0,0.004017,0.163447,0.7917,1.3404,0.2680,2,ok
0,1508,167.640000,-3.387883,1.237689,-2.614997,0.005973,0.083419,16.342125,0.218997,-1.000000,0.163475,1.163475,1.000000,1.000000,0.000000,C-06,0,0,0,1,1,0,0.006677,0.162407,0.7500,1.3166,0.2695,2,ok
0,1509,167.740000,-3.406893,1.226645,-2.613785,0.007096,0.049398,16.366398,0.219918,-0.528390,0.013475,0.541865,1.000000,1.000000,0.000000,C-06,0,0,0,1,1,0,0.005633,0.103920,0.6875,1.3481,0.2711,2,ok
0,1510,167.860000,-3.428114,1.214251,-2.604666,0.008489,0.058517,16.390934,0.203112,0.331531,0.163475,-0.168056,0.926671,0.926671,0.000000,C-06,0,0,0,1,1,0,0.004015,0.037936,0.7292,1.4008,0.2767,2,ok
0,1511,167.980000,-3.450392,1.201061,-2.594713,0.009378,0.027760,16.417117,0.218155,0.165882,0.165882,0.000000,0.995868,0.995868,0.000000,,0,0,0,1,1,0,0.005215,-0.063033,0.8333,1.3948,0.2707,2,ok
0,1512,168.080000,-3.468779,1.189826,-2.579739,0.010266,0.042734,16.438647,0.214531,0.362632,0.315882,-0.046750,0.981067,0.981067,0.000000,C-06,0,0,0,1,1,0,0.009507,-0.142338,0.7917,1.2888,0.2661,2,ok
0,1513,168.200000,-3.490895,1.175963,-2.552964,0.010911,0.023510,16.465325,0.217928,0.755655,0.465882,-0.289773,1.000000,1.000000,0.000000,C-06,0,0,0,1,1,0,0.006688,-0.182882,0.8125,1.3518,0.2667,2,ok
0,1514,168.300000,-3.509019,1.163860,-2.524208,0.011503,0.052265,16.487110,0.217858,0.609935,0.609935,0.000000,1.000000,1.000000,0.000000,,0,0,0,1,1,0,0.011723,-0.058468,0.7500,1.2261,0.2682,2,ok
0,1515,168.420000,-3.530336,1.148576,-2.497553,0.012802,0.027851,16.513988,0.218836,0.450352,0.459935,0.009584,1.000000,1.000000,0.000000,C-06,0,0,0,1,1,0,0.010955,-0.188659,0.7917,1.2633,0.2633,2,ok
0,1516,168.520000,-3.547827,1.135350,-2.482659,0.013505,0.042746,16.535905,0.219401,0.102364,0.309935,0.207572,1.000000,1.000000,0.000000,C-06,0,0,0,1,1,0,0.013927,-0.023814,0.7292,1.2141,0.2722,2,ok
0,1517,168.640000,-3.568620,1.119141,-2.473265,0.014739,0.052139,16.562241,0.219755,-0.148569,0.159935,0.308504,1.000000,1.000000,0.000000,C-06,0,0,0,1,1,0,0.013156,-0.115215,0.7500,1.2461,0.2662,2,ok
0,1518,168.740000,-3.585454,1.105789,-2.468279,0.014897,0.001503,16.584530,0.214388,0.104999,0.104999,0.000000,0.975117,0.975117,0.000000,,0,0,0,1,1,0,0.017964,-0.095641,0.6667,1.0784,0.2682,2,ok
0,1519,168.860000,-3.605932,1.089285,-2.454922,0.015129,0.014859,16.610829,0.219808,0.358185,0.254999,-0.103185,1.000000,1.000000,0.000000,C-06,0,0,0,1,1,0,0.012078,-0.213550,0.7292,1.1955,0.2642,2,ok
0,1520,168.980000,-3.624328,1.073921,-2.433694,0.014997,-0.019873,16.635677,0.198105,0.466760,0.404999,-0.061760,0.841547,0.900000,0.058453,C-06,0,0,0,1,1,0,0.009755,-0.112814,0.7917,1.2016,0.2697,2,ok
0,1521,169.080000,-3.639334,1.060882,-2.415597,0.014762,-0.001776,16.655555,0.199061,0.398734,0.398734,0.000000,0.902300,0.902300,0.000000,,0,0,0,1,1,0,0.006900,-0.287819,0.7917,1.2382,0.2682,2,ok
0,1522,169.200000,-3.656103,1.045722,-2.385547,0.014939,0.028274,16.678160,0.187500,0.733775,0.548734,-0.185041,0.847655,0.847655,0.000000,C-06,0,0,0,1,1,0,0.008813,-0.272762,0.7708,1.1493,0.2609,2,ok
0,1523,169.300000,-3.670604,1.031647,-2.358465,0.014671,-0.000901,16.699237,0.208609,0.568509,0.568509,0.000000,0.961694,0.947655,-0.014040,C-06,0,0,0,1,1,0,0.008403,-0.293386,0.7500,1.1615,0.2625,2,ok
0,1524,169.420000,-3.688939,1.012974,-2.333838,0.014911,0.023727,16.725405,0.219472,0.393152,0.418509,0.025357,1.000000,1.000000,0.000000,C-06,0,0,0,1,1,0,0.013682,-0.178433,0.7292,1.0089,0.2638,2,ok
0,1525,169.520000,-3.703987,0.997040,-2.314570,0.014890,-0.013089,16.748165,0.218950,0.408842,0.408842,0.000000,0.999791,0.999791,0.000000,,0,0,0,1,1,0,0.013038,-0.266511,0.7500,1.0263,0.2606,2,ok
0,1526,169.640000,-3.720015,0.979285,-2.293410,0.014772,0.008072,16.772084,0.197460,0.379789,0.379789,0.000000,0.892876,0.899791,0.006915,C-06,0,0,0,1,1,0,0.012190,-0.204300,0.7708,1.0231,0.2597,2,ok
0,1527,169.740000,-3.733488,0.963684,-2.270068,0.015124,0.031414,16.792694,0.208200,0.609435,0.529789,-0.079647,0.946119,0.946119,0.000000,C-06,0,0,0,1,1,0,0.013152,0.019641,0.6667,0.9661,0.2704,2,ok
0,1528,169.860000,-3.748738,0.945213,-2.248956,0.014739,-0.002706,16.817479,0.199142,0.295637,0.379789,0.084152,0.903364,0.903364,0.000000,C-06,0,0,0,1,1,0,0.010169,0.044427,0.7083,0.9892,0.2779,2,ok
0,1529,169.980000,-3.763561,0.926638,-2.235850,0.014754,0.010400,16.841244,0.198018,0.065475,0.229789,0.164314,0.898381,0.898381,0.000000,C-06,0,0,0,1,1,0,0.009806,-0.105889,0.7917,1.0084,0.2695,2,ok
0,1530,170.080000,-3.776223,0.910320,-2.225997,0.014381,-0.033572,16.862681,0.208407,0.212834,0.212834,0.000000,0.945825,0.945825,0.000000,,0,0,0,1,1,0,0.006942,-0.216386,0.8542,1.0233,0.2712,2,ok
0,1531,170.200000,-3.790538,0.891560,-2.210651,0.013651,-0.018227,16.886268,0.196037,0.278693,0.278693,0.000000,0.887732,0.887732,0.000000,,0,0,0,1,1,0,0.007244,-0.224066,0.8125,0.9897,0.2689,2,ok
0,1532,170.300000,-3.802845,0.874509,-2.191058,0.013560,0.001367,16.906309,0.216972,0.770142,0.428693,-0.341449,0.993477,0.987732,-0.005745,C-06,0,0,0,1,1,0,0.007903,-0.281862,0.7917,0.9213,0.2650,2,ok
0,1533,170.420000,-3.818011,0.852804,-2.158188,0.012364,-0.017795,16.934474,0.222358,1.000000,0.578693,-0.421307,1.000000,1.000000,0.000000,C-06,0,0,0,1,1,0,0.005678,-0.277774,0.7708,0.9426,0.2677,2,ok
0,1534,170.520000,-3.830334,0.834551,-2.128266,0.011781,0.012127,16.956490,0.220297,0.612975,0.612975,0.000000,0.986202,0.986202,0.000000,,0,0,0,1,1,0,0.008240,-0.282634,0.7500,0.8244,0.2616,2,ok
0,1535,170.640000,-3.844589,0.811977,-2.099937,0.010839,-0.010189,16.983769,0.222866,0.454720,0.462975,0.008256,1.000000,1.000000,0.000000,C-06,0,0,0,1,1,0,0.006469,-0.213601,0.6875,0.8548,0.2636,2,ok
0,1536,170.740000,-3.855924,0.793052,-2.078726,0.010323,0.011022,17.005822,0.220500,0.413854,0.413854,0.000000,0.989694,0.989694,0.000000,,0,0,0,1,1,0,0.006469,-0.213601,0.6875,0.8548,0.2636,2,ok
0,1537,170.860000,-3.869016,0.769893,-2.061867,0.009727,-0.020125,17.032898,0.221847,0.118224,0.263854,0.145629,1.000000,1.000000,0.000000,C-06,0,0,0,1,1,0,-0.000072,0.076712,0.6667,0.9289,0.2856,2,ok
0,1538,170.980000,-3.881592,0.746563,-2.054227,0.009061,-0.012484,17.059394,0.220807,0.040990,0.113854,0.072864,1.000000,1.000000,0.000000,C-06,0,0,0,1,1,0,0.002834,0.060393,0.7083,0.8379,0.2838,2,ok
0,1539,171.080000,-3.891256,0.728173,-2.041163,0.008485,-0.045204,17.080583,0.207072,0.296939,0.263854,-0.033086,0.935605,0.935605,0.000000,C-06,0,0,0,1,1,0,0.001686,-0.038510,0.7917,0.8336,0.2773,2,ok
0,1540,171.200000,-3.902723,0.705688,-2.015681,0.007207,-0.019722,17.105790,0.211584,0.507444,0.413854,-0.093590,0.951260,0.951260,0.000000,C-06,0,0,0,1,1,0,0.000466,-0.051163,0.7708,0.8255,0.2736,2,ok
0,1541,171.300000,-3.911848,0.687615,-1.991536,0.006264,0.004423,17.126015,0.201724,0.454675,0.454675,0.000000,0.899963,0.899963,0.000000,,0,0,0,1,1,0,-0.001136,-0.157389,0.7500,0.8544,0.2665,2,ok
0,1542,171.420000,-3.922483,0.664610,-1.964433,0.005107,-0.011436,17.151579,0.213859,0.411001,0.411001,0.000000,0.958641,0.958641,0.000000,,0,0,0,1,1,0,-0.000502,-0.148047,0.7708,0.8228,0.2671,2,ok
0,1543,171.520000,-3.931154,0.644355,-1.949379,0.004587,0.003618,17.173605,0.221921,0.038887,0.261001,0.222113,1.000000,1.000000,0.000000,C-06,0,0,0,1,1,0,-0.000761,-0.164986,0.7708,0.8372,0.2689,2,ok
0,1544,171.640000,-3.941356,0.619748,-1.933390,0.003630,-0.021413,17.200409,0.221991,0.237235,0.237235,0.000000,1.000000,1.000000,0.000000,,0,0,0,1,1,0,-0.000538,-0.168016,0.7292,0.8086,0.2700,2,ok
0,1545,171.740000,-3.949609,0.599101,-1.912214,0.002701,-0.000237,17.222625,0.223020,0.436569,0.387235,-0.049335,1.000000,1.000000,0.000000,C-06,0,0,0,1,1,0,-0.001071,-0.109875,0.7083,0.8092,0.2625,2,ok
0,1546,171.860000,-3.959414,0.574075,-1.875948,0.001418,-0.001777,17.249546,0.224689,0.719401,0.537235,-0.182166,1.000000,1.000000,0.000000,C-06,0,0,0,1,1,0,-0.000775,-0.087671,0.6875,0.7650,0.2633,2,ok
0,1547,171.980000,-3.968294,0.548786,-1.847970,0.000448,0.026201,17.276331,0.223233,0.332304,0.387235,0.054931,1.000000,1.000000,0.000000,C-06,0,0,0,1,1,0,-0.000962,-0.021282,0.7292,0.7783,0.2720,2,ok
0,1548,172.080000,-3.974867,0.527580,-1.833101,0.000328,0.005254,17.298547,0.221887,-0.944481,0.237235,1.181716,1.000000,1.000000,0.000000,C-06,0,0,0,1,1,0,0.001913,-0.102648,0.8125,0.7189,0.2665,2,ok
0,1549,172.200000,-3.981958,0.502057,-1.826096,0.000147,0.012259,17.325036,0.220663,-0.964488,0.087235,1.051723,1.000000,1.000000,0.000000,C-06,0,0,0,1,1,0,0.004118,-0.112442,0.7917,0.6589,0.2661,2,ok
0,1550,172.300000,-3.987528,0.480774,-1.828145,0.000327,0.010210,17.347035,0.219881,-0.045055,-0.045055,0.000000,1.000000,1.000000,0.000000,,0,0,0,1,1,0,0.004118,-0.112442,0.7917,0.6589,0.2661,2,ok
0,1551,172.420000,-3.993567,0.457102,-1.821357,-0.000041,-0.016450,17.371473,0.202519,0.757396,0.104945,-0.652451,0.920963,0.920963,0.000000,C-06,0,0,0,1,1,0,0.002394,-0.178150,0.7292,0.6388,0.2646,2,ok
0,1552,172.520000,-3.998551,0.436900,-1.806776,-0.000248,-0.001870,17.392279,0.209240,0.571039,0.254945,-0.316094,0.950245,0.950245,0.000000,C-06,0,0,0,1,1,0,0.000151,-0.171571,0.7708,0.6384,0.2621,2,ok
0,1553,172.640000,-4.004514,0.411314,-1.777658,-0.000636,-0.005854,17.418539,0.220904,0.968940,0.404945,-0.563996,1.000000,1.000000,0.000000,C-06,0,0,0,1,1,0,0.000011,-0.186436,0.7708,0.6217,0.2630,2,ok
0,1554,172.740000,-4.009481,0.389714,-1.743895,-0.001174,0.027910,17.440697,0.222260,1.000000,0.554945,-0.445055,1.000000,1.000000,0.000000,C-06,0,0,0,1,1,0,0.003356,-0.153934,0.6667,0.5443,0.2659,2,ok
0,1555,172.860000,-4.015269,0.363640,-1.712124,-0.001935,0.025946,17.467347,0.222512,-0.530433,0.404945,0.935378,1.000000,1.000000,0.000000,C-06,0,0,0,1,1,0,0.004013,-0.123501,0.6458,0.5453,0.2653,2,ok
0,1556,172.980000,-4.019864,0.337466,-1.691516,-0.002002,0.046554,17.493921,0.221331,-1.000000,0.254945,1.254945,1.000000,1.000000,0.000000,C-06,0,0,0,1,1,0,0.000926,-0.055527,0.7708,0.6344,0.2699,2,ok
0,1557,173.080000,-4.022856,0.315615,-1.683837,-0.001402,0.020373,17.515916,0.220475,-0.662235,0.104945,0.767180,1.000000,1.000000,0.000000,C-06,0,0,0,1,1,0,0.004753,-0.084659,0.7292,0.5317,0.2630,2,ok
0,1558,173.200000,-4.025886,0.289386,-1.686557,-0.000849,0.017653,17.542313,0.219958,-0.185496,-0.045055,0.140440,1.000000,1.000000,0.000000,C-06,0,0,0,1,1,0,0.005756,-0.075508,0.7500,0.5037,0.2675,2,ok
0,1559,173.300000,-4.028428,0.267527,-1.680369,-0.000406,0.023841,17.564316,0.220147,0.620283,0.104945,-0.515338,1.000000,1.000000,0.000000,C-06,0,0,0,1,1,0,-0.000527,-0.077981,0.8125,0.6344,0.2694,2,ok
0,1560,173.420000,-4.031143,0.243552,-1.662358,-0.000770,0.007072,17.588424,0.198417,0.985452,0.254945,-0.730507,0.753751,0.900000,0.146249,C-06,0,0,0,1,1,0,-0.000567,-0.113797,0.7708,0.5898,0.2667,2,ok
0,1561,173.520000,-4.033348,0.225667,-1.637610,-0.001261,0.031820,17.606438,0.176964,1.000000,0.404945,-0.595055,0.789939,0.800000,0.010061,C-06,0,0,0,1,1,0,-0.000567,-0.113797,0.7708,0.5898,0.2667,2,ok
0,1562,173.640000,-4.035959,0.202537,-1.598107,-0.001968,0.037074,17.629653,0.199100,0.485505,0.485505,0.000000,0.928360,0.900000,-0.028360,C-06,0,0,0,1,1,0,0.001938,-0.087898,0.7292,0.5188,0.2602,2,ok
0,1563,173.740000,-4.037699,0.181162,-1.573716,-0.002366,0.061465,17.651095,0.220517,-0.327971,0.335505,0.663476,1.000000,1.000000,0.000000,C-06,0,0,0,1,1,0,0.001885,-0.069996,0.7292,0.5505,0.2636,2,ok
0,1564,173.860000,-4.038537,0.154763,-1.557237,-0.001550,0.077943,17.674454,0.220038,-0.332439,0.185505,0.517944,1.000000,1.000000,0.000000,C-06,0,0,0,1,1,0,0.005049,-0.017889,0.7292,0.5306,0.2648,2,ok
0,1565,173.980000,-4.038343,0.128366,-1.553509,-0.000725,0.049223,17.703820,0.219980,-0.350156,0.035505,0.385660,1.000000,1.000000,0.000000,C-06,0,0,0,1,1,0,0.005341,0.026776,0.6458,0.5276,0.2635,2,ok
0,1566,174.080000,-4.038000,0.106368,-1.560634,0.000231,0.042098,17.725800,0.220016,-0.224051,-0.114495,0.109555,1.000000,1.000000,0.000000,C-06,0,0,0,1,1,0,0.007717,-0.037364,0.7083,0.4711,0.2687,2,ok
0,1567,174.200000,-4.037737,0.079970,-1.558723,0.000563,0.014418,17.752206,0.219994,0.031456,0.031456,0.000000,1.000000,1.000000,0.000000,,0,0,0,1,1,0,0.002168,0.009175,0.8125,0.6035,0.2712,2,ok
0,1568,174.300000,-4.037525,0.057973,-1.549006,0.000775,0.024134,17.774203,0.219961,0.151538,0.151538,0.000000,1.000000,1.000000,0.000000,,0,0,0,1,1,0,0.005538,-0.082243,0.7708,0.4846,0.2646,2,ok
0,1569,174.420000,-4.037272,0.031588,-1.525013,0.000530,0.019753,17.800608,0.219791,0.477765,0.301538,-0.176227,1.000000,1.000000,0.000000,C-06,0,0,0,1,1,0,0.005538,-0.082243,0.7708,0.4846,0.2646,2,ok
0,1570,174.520000,-4.036920,0.009619,-1.510697,0.000304,0.034069,17.822578,0.219669,0.203557,0.203557,0.000000,1.000000,1.000000,0.000000,,0,0,0,1,1,0,0.002018,-0.004461,0.7292,0.6030,0.2687,2,ok
0,1571,174.640000,-4.035724,-0.016726,-1.501947,0.000438,0.016745,17.848962,0.219763,0.101368,0.101368,0.000000,1.000000,1.000000,0.000000,,0,0,0,1,1,0,0.002018,-0.004461,0.7292,0.6030,0.2687,2,ok
0,1572,174.740000,-4.034290,-0.038672,-1.500180,0.000719,0.018512,17.870953,0.219945,0.020440,0.020440,0.000000,1.000000,1.000000,0.000000,,0,0,0,1,1,0,0.003156,-0.026781,0.6667,0.5759,0.2650,2,ok
0,1573,174.860000,-4.032523,-0.064994,-1.487136,0.000861,0.006685,17.897358,0.219736,0.463427,0.170440,-0.292987,1.000000,1.000000,0.000000,C-06,0,0,0,1,1,0,0.003541,-0.031486,0.7292,0.5667,0.2636,2,ok
0,1574,174.980000,-4.030755,-0.091273,-1.462300,0.000543,0.031521,17.923694,0.219229,0.323938,0.320440,-0.003498,1.000000,1.000000,0.000000,C-06,0,0,0,1,1,0,-0.000050,-0.008111,0.6875,0.6454,0.2669,2,ok
0,1575,175.080000,-4.028889,-0.113128,-1.450585,0.000573,0.018255,17.945643,0.219340,-0.138656,0.170440,0.309096,1.000000,1.000000,0.000000,C-06,0,0,0,1,1,0,0.001106,0.007584,0.7500,0.6437,0.2635,2,ok
0,1576,175.200000,-4.025817,-0.139333,-1.448192,0.000948,0.020648,17.972024,0.219910,-0.070719,0.020440,0.091159,1.000000,1.000000,0.000000,C-06,0,0,0,1,1,0,0.003233,-0.021706,0.7708,0.6122,0.2681,2,ok
0,1577,175.300000,-4.023150,-0.161174,-1.453311,0.001366,0.015529,17.994024,0.220101,-0.085747,-0.085747,0.000000,1.000000,1.000000,0.000000,,0,0,0,1,1,0,0.001676,-0.001457,0.7708,0.6597,0.2627,2,ok
0,1578,175.420000,-4.020057,-0.187386,-1.448909,0.001185,-0.004528,18.020447,0.219884,0.344881,0.064253,-0.280628,1.000000,1.000000,0.000000,C-06,0,0,0,1,1,0,0.003363,-0.070556,0.7292,0.6047,0.2664,2,ok
0,1579,175.520000,-4.017489,-0.208937,-1.435888,0.001060,0.008492,18.042150,0.216513,0.710744,0.214253,-0.496492,0.986063,0.986063,0.000000,C-06,0,0,0,1,1,0,0.001433,-0.091893,0.7292,0.6359,0.2677,2,ok
0,1580,175.640000,-4.014419,-0.234027,-1.408843,0.000455,0.011904,18.067447,0.209628,0.898174,0.364253,-0.533922,0.958076,0.958076,0.000000,C-06,0,0,0,1,1,0,0.000296,-0.026170,0.7292,0.6805,0.2695,2,ok
0,1581,175.740000,-4.011866,-0.254422,-1.381229,-0.000094,0.039518,18.087993,0.204653,0.446015,0.446015,0.000000,0.939538,0.939538,0.000000,,0,0,0,1,1,0,0.003119,-0.059139,0.6667,0.6286,0.2675,2,ok
0,1582,175.860000,-4.007825,-0.280038,-1.358433,-0.000276,0.037735,18.113923,0.218213,-0.267009,0.296015,0.563024,1.000000,1.000000,0.000000,C-06,0,0,0,1,1,0,0.004833,-0.009771,0.6458,0.6374,0.2655,2,ok
0,1583,175.980000,-4.002697,-0.305811,-1.346900,0.000292,0.049268,18.140195,0.219034,-0.341713,0.146015,0.487727,1.000000,1.000000,0.000000,C-06,0,0,0,1,1,0,0.001979,0.047829,0.7083,0.7661,0.2665,2,ok
0,1584,176.080000,-3.997839,-0.327259,-1.346407,0.001146,0.024815,18.162189,0.219998,-0.302005,-0.003985,0.298020,1.000000,1.000000,0.000000,C-06,0,0,0,1,1,0,0.003935,0.018061,0.7500,0.7446,0.2676,2,ok
0,1585,176.200000,-3.991966,-0.352995,-1.345558,0.001859,0.025664,18.188577,0.219960,0.012536,0.012536,0.000000,1.000000,1.000000,0.000000,,0,0,0,1,1,0,0.003422,0.003055,0.7708,0.7750,0.2677,2,ok
0,1586,176.300000,-3.987053,-0.374419,-1.336718,0.002356,0.009241,18.210617,0.219599,0.198150,0.162536,-0.035614,1.000000,1.000000,0.000000,C-06,0,0,0,1,1,0,0.001690,-0.004362,0.7708,0.8206,0.2647,2,ok
0,1587,176.420000,-3.981155,-0.400034,-1.315047,0.002381,0.030912,18.236902,0.218501,0.395309,0.312536,-0.082773,1.000000,1.000000,0.000000,C-06,0,0,0,1,1,0,0.003219,-0.042987,0.7083,0.7952,0.2674,2,ok
0,1588,176.520000,-3.976239,-0.421251,-1.290919,0.002430,0.055040,18.258681,0.217157,0.413340,0.413340,0.000000,1.000000,1.000000,0.000000,,0,0,0,1,1,0,0.018532,-0.089448,0.6667,0.3469,0.2408,2,ok
0,1589,176.640000,-3.969597,-0.446551,-1.271685,0.002652,0.048055,18.284895,0.218023,-0.081181,0.263340,0.344521,1.000000,1.000000,0.000000,C-06,0,0,0,1,1,0,0.005097,0.031879,0.7292,0.8332,0.2690,2,ok
0,1590,176.740000,-3.963366,-0.467548,-1.264363,0.003514,0.055377,18.306780,0.219116,-0.265827,0.113340,0.379167,1.000000,1.000000,0.000000,C-06,0,0,0,1,1,0,0.007918,0.060208,0.6875,0.8256,0.2654,2,ok
0,1591,176.860000,-3.955415,-0.492723,-1.266298,0.004432,0.025290,18.333273,0.220136,-0.082149,-0.036660,0.045488,1.000000,1.000000,0.000000,C-06,0,0,0,1,1,0,0.009847,0.062861,0.6875,0.8023,0.2623,2,ok
0,1592,176.980000,-3.947500,-0.517884,-1.259156,0.005150,0.032432,18.359639,0.219558,0.317848,0.113340,-0.204508,1.000000,1.000000,0.000000,C-06,0,0,0,1,1,0,0.009492,-0.056804,0.7083,0.8197,0.2618,2,ok
0,1593,177.080000,-3.940907,-0.538778,-1.244812,0.005335,0.018232,18.381698,0.218650,0.571794,0.263340,-0.308454,1.000000,1.000000,0.000000,C-06,0,0,0,1,1,0,0.011140,-0.017594,0.7292,0.7647,0.2640,2,ok
0,1594,177.200000,-3.932993,-0.563672,-1.217321,0.005385,0.045723,18.407819,0.216828,0.513763,0.413340,-0.100424,1.000000,1.000000,0.000000,C-06,0,0,0,1,1,0,0.012765,-0.144288,0.7917,0.7276,0.2571,2,ok
0,1595,177.300000,-3.925851,-0.584250,-1.201807,0.005693,0.030220,18.429781,0.217927,0.216693,0.263340,0.046647,1.000000,1.000000,0.000000,C-06,0,0,0,1,1,0,0.013762,-0.173514,0.7500,0.7188,0.2627,2,ok
0,1596,177.420000,-3.916552,-0.608831,-1.193542,0.006311,0.038485,18.456055,0.219092,0.026422,0.113340,0.086918,1.000000,1.000000,0.000000,C-06,0,0,0,1,1,0,0.013918,-0.106650,0.7708,0.7371,0.2615,2,ok
0,1597,177.520000,-3.908605,-0.629230,-1.179642,0.006924,0.018403,18.478144,0.218445,0.357766,0.263340,-0.094426,1.000000,1.000000,0.000000,C-06,0,0,0,1,1,0,0.015159,-0.100350,0.7292,0.6774,0.2613,2,ok
0,1598,177.640000,-3.898994,-0.653504,-1.153214,0.007156,0.044831,18.504251,0.216856,0.887253,0.413340,-0.473913,1.000000,1.000000,0.000000,C-06,0,0,0,1,1,0,0.014394,-0.095871,0.7292,0.6884,0.2630,2,ok
0,1599,177.740000,-3.890733,-0.673050,-1.135468,0.007830,0.062577,18.525461,0.211898,0.323427,0.323427,0.000000,0.974241,0.974241,0.000000,,0,0,0,1,1,0,0.015764,-0.146137,0.7292,0.6512,0.2616,2,ok
0,1600,177.860000,-3.879880,-0.696852,-1.123689,0.008537,0.037964,18.551897,0.218699,-0.162590,0.173427,0.336017,1.000000,1.000000,0.000000,C-06,0,0,0,1,1,0,0.015108,-0.004512,0.6667,0.6680,0.2658,2,ok
0,1601,177.980000,-3.868504,-0.720642,-1.121551,0.009641,0.040102,18.578243,0.219823,-0.480627,0.023427,0.504053,1.000000,1.000000,0.000000,C-06,0,0,0,1,1,0,0.016342,-0.104832,0.7083,0.6284,0.2647,2,ok
0,1602,178.080000,-3.858951,-0.740421,-1.112972,0.009892,0.009346,18.600630,0.219307,0.251398,0.173427,-0.077972,1.000000,1.000000,0.000000,C-06,0,0,0,1,1,0,0.016013,-0.121479,0.7500,0.6053,0.2648,2,ok
0,1603,178.200000,-3.847736,-0.763036,-1.093505,0.010218,0.028812,18.625871,0.208761,0.602426,0.323427,-0.278999,0.955139,0.955139,0.000000,C-06,0,0,0,1,1,0,0.015823,-0.196289,0.7708,0.5787,0.2664,2,ok
0,1604,178.300000,-3.838275,-0.781963,-1.069723,0.010195,0.011351,18.647448,0.211906,0.744898,0.473427,-0.271472,0.977366,0.977366,0.000000,C-06,0,0,0,1,1,0,0.015020,-0.150734,0.7500,0.5994,0.2693,2,ok
0,1605,178.420000,-3.826388,-0.804195,-1.043643,0.010274,0.037432,18.672658,0.210067,0.423465,0.423465,0.000000,0.966531,0.966531,0.000000,,0,0,0,1,1,0,0.014536,-0.136490,0.7292,0.6022,0.2698,2,ok
0,1606,178.520000,-3.815572,-0.823033,-1.029253,0.010999,0.051822,18.693702,0.218424,-0.137533,0.273465,0.410999,1.000000,1.000000,0.000000,C-06,0,0,0,1,1,0,0.024822,-0.180585,0.6875,0.2744,0.2477,2,ok
0,1607,178.640000,-3.802044,-0.845598,-1.021247,0.011093,0.018454,18.721193,0.219311,-0.416249,0.123465,0.539714,1.000000,1.000000,0.000000,C-06,0,0,0,1,1,0,0.014651,-0.105046,0.6667,0.5844,0.2701,2,ok
0,1608,178.740000,-3.790559,-0.864362,-1.022191,0.011410,0.017510,18.743190,0.220090,-0.051362,-0.026535,0.024827,1.000000,1.000000,0.000000,C-06,0,0,0,1,1,0,0.013095,-0.026311,0.6875,0.6184,0.2697,2,ok
0,1609,178.860000,-3.776793,-0.886845,-1.015440,0.010975,-0.014729,18.770000,0.219359,0.297992,0.123465,-0.174527,1.000000,1.000000,0.000000,C-06,0,0,0,1,1,0,0.009550,-0.064405,0.6458,0.6688,0.2691,2,ok
0,1610,178.980000,-3.763472,-0.908229,-0.999934,0.010542,0.000777,18.795190,0.208563,0.385434,0.273465,-0.111969,0.954103,0.954103,0.000000,C-06,0,0,0,1,1,0,0.008970,-0.080138,0.7083,0.6355,0.2686,2,ok
0,1611,179.080000,-3.751839,-0.926478,-0.979935,0.009906,-0.016718,18.817203,0.218146,0.565102,0.423465,-0.141636,1.000000,1.000000,0.000000,C-06,0,0,0,1,1,0,0.009024,-0.114326,0.7500,0.6294,0.2681,2,ok
0,1612,179.200000,-3.737230,-0.948203,-0.952853,0.009408,0.010365,18.843379,0.218349,0.473560,0.473560,0.000000,1.000000,1.000000,0.000000,,0,0,0,1,1,0,0.009361,-0.186007,0.7500,0.6232,0.2656,2,ok
0,1613,179.300000,-3.724522,-0.966030,-0.937040,0.009353,-0.008659,18.865568,0.219058,-0.026889,0.323560,0.350449,1.000000,1.000000,0.000000,C-06,0,0,0,1,1,0,0.011595,-0.175995,0.7292,0.5797,0.2614,2,ok
0,1614,179.420000,-3.708870,-0.987213,-0.926293,0.009194,0.002088,18.891906,0.219568,-0.321911,0.173560,0.495470,1.000000,1.000000,0.000000,C-06,0,0,0,1,1,0,0.012478,-0.179501,0.7292,0.5826,0.2641,2,ok
0,1615,179.520000,-3.695650,-1.004789,-0.924913,0.009249,0.003468,18.911988,0.219943,-0.083688,0.023560,0.107248,1.000000,1.000000,0.000000,C-06,0,0,0,1,1,0,0.011557,-0.154720,0.7083,0.5874,0.2639,2,ok
0,1616,179.640000,-3.680929,-1.024227,-0.915816,0.008519,-0.019636,18.938576,0.201865,0.628609,0.173560,-0.455049,0.919208,0.919208,0.000000,C-06,0,0,0,1,1,0,0.009073,-0.148774,0.6875,0.6049,0.2654,2,ok
0,1617,179.740000,-3.668170,-1.040711,-0.901279,0.008173,-0.005099,18.959419,0.209428,0.639284,0.323560,-0.315724,0.954147,0.954147,0.000000,C-06,0,0,0,1,1,0,0.010209,-0.129046,0.6667,0.5517,0.2659,2,ok
0,1618,179.860000,-3.653911,-1.058383,-0.876065,0.007708,-0.011075,18.982395,0.187714,0.484157,0.473560,-0.010598,0.842198,0.854147,0.011950,C-06,0,0,0,1,1,0,0.010815,-0.123289,0.6458,0.5249,0.2638,2,ok
0,1619,179.980000,-3.639191,-1.075616,-0.851831,0.007660,0.013159,19.005058,0.195814,0.156171,0.323560,0.167389,0.959153,0.954147,-0.005006,C-06,0,0,0,1,1,0,0.010343,-0.126642,0.7083,0.5623,0.2661,2,ok
0,1620,180.080000,-3.624914,-1.091783,-0.843627,0.007789,-0.009348,19.026832,0.220251,-0.102799,0.173560,0.276359,1.000000,1.000000,0.000000,C-06,0,0,0,1,1,0,0.010972,-0.125130,0.7292,0.5556,0.2650,2,ok
0,1621,180.200000,-3.607342,-1.111493,-0.841847,0.007598,-0.007569,19.053237,0.220038,-0.296163,0.023560,0.319722,1.000000,1.000000,0.000000,C-06,0,0,0,1,1,0,0.010316,-0.081981,0.7292,0.5780,0.2700,2,ok
0,1622,180.300000,-3.592700,-1.127906,-0.843481,0.007447,-0.009203,19.073476,0.219938,-0.040784,-0.040784,0.000000,1.000000,1.000000,0.000000,,0,0,0,1,1,0,0.009130,-0.158722,0.7292,0.5795,0.2654,2,ok
0,1623,180.420000,-3.576724,-1.145799,-0.838111,0.006473,-0.034034,19.099436,0.198201,1.000000,0.109216,-0.890784,0.841414,0.900000,0.058586,C-06,0,0,0,1,1,0,0.005245,-0.158333,0.7708,0.6453,0.2665,2,ok
0,1624,180.520000,-3.563960,-1.159905,-0.826626,0.005874,-0.022548,19.118450,0.189653,1.000000,0.259216,-0.740784,0.859113,0.859113,0.000000,C-06,0,0,0,1,1,0,0.003808,-0.077812,0.7083,0.6196,0.2693,2,ok
0,1625,180.640000,-3.548054,-1.176797,-0.803996,0.005185,-0.028682,19.141807,0.194338,1.000000,0.409216,-0.590784,0.881181,0.881181,0.000000,C-06,0,0,0,1,1,0,0.002243,-0.157284,0.7083,0.6544,0.2681,2,ok
0,1626,180.740000,-3.533320,-1.191687,-0.777689,0.004853,-0.002376,19.162752,0.215656,0.919531,0.559216,-0.360315,1.000000,0.981181,-0.018819,C-06,0,0,0,1,1,0,0.004089,-0.178346,0.6875,0.6235,0.2677,2,ok
0,1627,180.860000,-3.514392,-1.209963,-0.754021,0.004784,-0.007766,19.189212,0.219257,-0.242713,0.409216,0.651929,1.000000,1.000000,0.000000,C-06,0,0,0,1,1,0,0.003825,-0.101148,0.6875,0.6600,0.2693,2,ok
0,1628,180.980000,-3.495092,-1.227887,-0.738991,0.004679,0.007264,19.215551,0.219411,-1.000000,0.259216,1.259216,1.000000,1.000000,0.000000,C-06,0,0,0,1,1,0,0.007265,-0.108266,0.7292,0.6034,0.2636,2,ok
0,1629,181.080000,-3.478813,-1.242656,-0.733451,0.004763,-0.015978,19.237658,0.219791,-0.373545,0.109216,0.482761,1.000000,1.000000,0.000000,C-06,0,0,0,1,1,0,0.008425,-0.118390,0.7708,0.5778,0.2620,2,ok
0,1630,181.200000,-3.459195,-1.260316,-0.732389,0.004367,-0.014916,19.264051,0.219976,0.013630,0.013630,0.000000,1.000000,1.000000,0.000000,,0,0,0,1,1,0,0.005989,-0.132276,0.7917,0.6326,0.2640,2,ok
0,1631,181.300000,-3.443537,-1.274312,-0.725541,0.004127,-0.008069,19.285051,0.208733,0.706525,0.163630,-0.542895,0.949862,0.949862,0.000000,C-06,0,0,0,1,1,0,0.005741,-0.168848,0.7292,0.6127,0.2640,2,ok
0,1632,181.420000,-3.426498,-1.289189,-0.709006,0.003581,-0.020715,19.307777,0.186831,1.000000,0.313630,-0.686370,0.822680,0.849862,0.027182,C-06,0,0,0,1,1,0,0.003943,-0.163791,0.7708,0.6436,0.2626,2,ok
0,1633,181.520000,-3.411146,-1.302112,-0.688663,0.003391,-0.000372,19.327844,0.205019,1.000000,0.463630,-0.536370,0.930663,0.930663,0.000000,C-06,0,0,0,1,1,0,0.013671,-0.190183,0.7083,0.3015,0.2444,2,ok
0,1634,181.640000,-3.390743,-1.318408,-0.655494,0.003435,0.004493,19.354062,0.221222,0.971583,0.613630,-0.357953,1.000000,1.000000,0.000000,C-06,0,0,0,1,1,0,0.003410,-0.129428,0.7292,0.6598,0.2670,2,ok
0,1635,181.740000,-3.373153,-1.331818,-0.633288,0.003624,0.026699,19.376180,0.221335,-0.598390,0.463630,1.062019,1.000000,1.000000,0.000000,C-06,0,0,0,1,1,0,0.015100,-0.128364,0.6458,0.2971,0.2480,2,ok
0,1636,181.860000,-3.351728,-1.347457,-0.614962,0.004165,0.015636,19.402827,0.221118,-0.824206,0.313630,1.137836,1.000000,1.000000,0.000000,C-06,0,0,0,1,1,0,0.007514,-0.070182,0.6667,0.6321,0.2669,2,ok
0,1637,181.980000,-3.330086,-1.362713,-0.604993,0.004561,0.025604,19.429303,0.220641,-0.274629,0.163630,0.438258,1.000000,1.000000,0.000000,C-06,0,0,0,1,1,0,0.008548,-0.038938,0.6667,0.6541,0.2685,2,ok
0,1638,182.080000,-3.311981,-1.375228,-0.603835,0.005092,0.026762,19.448680,0.220054,-0.262267,0.013630,0.275897,1.000000,1.000000,0.000000,C-06,0,0,0,1,1,0,0.008340,-0.080177,0.6875,0.6783,0.2683,2,ok
0,1639,182.200000,-3.290188,-1.390213,-0.594977,0.005037,0.005731,19.477885,0.220696,0.317396,0.163630,-0.153766,1.000000,1.000000,0.000000,C-06,0,0,0,1,1,0,0.006227,-0.082457,0.7500,0.7228,0.2657,2,ok
0,1640,182.300000,-3.271884,-1.402542,-0.580456,0.005262,0.020251,19.499953,0.221313,0.514412,0.313630,-0.200782,1.000000,1.000000,0.000000,C-06,0,0,0,1,1,0,0.005446,-0.029443,0.7292,0.7529,0.2718,2,ok
0,1641,182.420000,-3.249624,-1.417129,-0.553728,0.005098,0.017861,19.526735,0.222564,0.506031,0.463630,-0.042401,1.000000,1.000000,0.000000,C-06,0,0,0,1,1,0,0.004042,-0.031205,0.7083,0.7986,0.2733,2,ok
0,1642,182.520000,-3.231106,-1.428837,-0.527101,0.005256,0.044488,19.548643,0.219017,0.537560,0.537560,0.000000,0.980241,0.980241,0.000000,,0,0,0,1,1,0,0.006843,-0.121640,0.6875,0.7257,0.2655,2,ok
0,1643,182.640000,-3.208173,-1.442406,-0.502766,0.005657,0.038743,19.575452,0.222633,-0.074555,0.387560,0.462115,1.000000,1.000000,0.000000,C-06,0,0,0,1,1,0,0.007654,0.085400,0.6458,0.8024,0.2737,2,ok
0,1644,182.740000,-3.188827,-1.453236,-0.490027,0.006332,0.051483,19.597613,0.221665,-0.539733,0.237560,0.777292,1.000000,1.000000,0.000000,C-06,0,0,0,1,1,0,0.006282,0.030819,0.5833,0.8770,0.2739,2,ok
0,1645,182.860000,-3.165492,-1.465759,-0.483947,0.007225,0.026878,19.624261,0.220619,-0.288769,0.087560,0.376329,1.000000,1.000000,0.000000,C-06,0,0,0,1,1,0,0.009747,0.039733,0.5625,0.8517,0.2667,2,ok
0,1646,182.980000,-3.142074,-1.478175,-0.475396,0.007936,0.035428,19.650758,0.221017,0.140424,0.140424,0.000000,1.000000,1.000000,0.000000,,0,0,0,1,1,0,0.038153,0.061892,0.5833,0.3766,0.2129,2,ok
0,1647,183.080000,-3.122463,-1.488432,-0.464933,0.008316,0.015186,19.673181,0.221525,0.205008,0.205008,0.000000,1.000000,1.000000,0.000000,,0,0,0,1,1,0,0.036882,0.059199,0.6042,0.3953,0.2138,2,ok
0,1648,183.200000,-3.098742,-1.500521,-0.443000,0.008508,0.037119,19.699804,0.222712,0.752115,0.355008,-0.397108,1.000000,1.000000,0.000000,C-06,0,0,0,1,1,0,0.033253,-0.094547,0.6250,0.3637,0.2267,2,ok
0,1649,183.300000,-3.078808,-1.510229,-0.431273,0.008941,0.016594,19.722230,0.221619,0.188500,0.205008,0.016507,1.000000,1.000000,0.000000,C-06,0,0,0,1,1,0,0.016967,0.029058,0.6875,0.7684,0.2588,2,ok
0,1650,183.420000,-3.054913,-1.521400,-0.422613,0.009263,0.025254,19.748605,0.219679,0.128685,0.128685,0.000000,0.993895,0.993895,0.000000,,0,0,0,1,1,0,0.017922,-0.075234,0.7500,0.7432,0.2609,2,ok
0,1651,183.520000,-3.035766,-1.530153,-0.408290,0.009699,0.039577,19.769654,0.210052,0.289204,0.278685,-0.010519,0.946793,0.946793,0.000000,C-06,0,0,0,1,1,0,0.020191,-0.117836,0.7292,0.6871,0.2624,2,ok
0,1652,183.640000,-3.011888,-1.540413,-0.399256,0.010057,0.015700,19.795953,0.217820,0.057269,0.128685,0.071416,0.988791,0.988791,0.000000,C-06,0,0,0,1,1,0,0.021222,-0.172867,0.7292,0.6531,0.2626,2,ok
0,1653,183.740000,-2.991588,-1.548947,-0.385489,0.010487,0.029467,19.817969,0.220935,0.261507,0.261507,0.000000,1.000000,1.000000,0.000000,,0,0,0,1,1,0,0.021762,-0.188252,0.7292,0.6134,0.2629,2,ok
0,1654,183.860000,-2.967151,-1.559037,-0.377472,0.010456,0.004654,19.844809,0.220270,-0.104903,0.111507,0.216409,0.997057,0.997057,0.000000,C-06,0,0,0,1,1,0,0.022666,-0.090882,0.6667,0.5847,0.2627,2,ok
0,1655,183.980000,-2.942563,-1.569015,-0.366205,0.010296,0.015922,19.871345,0.221436,0.172631,0.172631,0.000000,1.000000,1.000000,0.000000,,0,0,0,1,1,0,0.019744,-0.186908,0.7083,0.6045,0.2637,2,ok
0,1656,184.080000,-2.922143,-1.577185,-0.349870,0.009872,-0.004627,19.893638,0.220285,0.299188,0.299188,0.000000,0.990322,0.990322,0.000000,,0,0,0,1,1,0,0.020958,-0.282843,0.7917,0.5418,0.2657,2,ok
0,1657,184.200000,-2.897236,-1.586891,-0.319824,0.009288,0.025420,19.920362,0.223844,0.723428,0.449188,-0.274240,1.000000,1.000000,0.000000,C-06,0,0,0,1,1,0,0.017792,-0.249743,0.7708,0.5398,0.2636,2,ok
0,1658,184.300000,-2.876243,-1.594850,-0.285829,0.008617,0.019346,19.943124,0.225237,0.763082,0.599188,-0.163894,1.000000,1.000000,0.000000,C-06,0,0,0,1,1,0,0.018038,-0.259491,0.7292,0.5210,0.2620,2,ok
0,1659,184.420000,-2.852049,-1.603107,-0.253010,0.008246,0.052165,19.968685,0.212068,-0.068020,0.449188,0.517208,0.947034,0.947034,0.000000,C-06,0,0,0,1,1,0,0.018958,-0.247669,0.7292,0.4843,0.2650,2,ok
0,1660,184.520000,-2.830897,-1.609230,-0.234217,0.008964,0.070958,19.990694,0.222311,-0.441768,0.299188,0.740956,1.000000,1.000000,0.000000,C-06,0,0,0,1,1,0,0.026965,-0.201769,0.6875,0.2212,0.2506,2,ok
0,1661,184.640000,-2.805181,-1.615791,-0.222617,0.009430,0.041780,0.025540,0.221079,-0.485005,0.149188,0.634193,1.000000,1.000000,0.000000,C-06,0,0,0,1,1,0,0.022747,-0.195956,0.7083,0.3537,0.2603,2,ok
0,1662,184.740000,-2.783721,-1.620669,-0.222023,0.010345,0.042374,0.047529,0.220000,-0.157928,-0.000812,0.157116,1.000000,1.000000,0.000000,C-06,0,0,0,1,1,0,0.026342,-0.191015,0.6458,0.1946,0.2533,2,ok
0,1663,184.860000,-2.757942,-1.626482,-0.211802,0.010474,0.009874,0.074457,0.220449,0.420628,0.149188,-0.271439,1.000000,1.000000,0.000000,C-06,0,0,0,1,1,0,0.027674,-0.186153,0.6250,0.1720,0.2504,2,ok
0,1664,184.980000,-2.732094,-1.632296,-0.197414,0.010365,0.024262,0.100951,0.221071,0.196460,0.196460,0.000000,1.000000,1.000000,0.000000,,0,0,0,1,1,0,0.017483,-0.156120,0.6875,0.3482,0.2635,2,ok
0,1665,185.080000,-2.710484,-1.637140,-0.178678,0.009686,0.000458,0.123512,0.221810,0.309932,0.309932,0.000000,1.000000,1.000000,0.000000,,0,0,0,1,1,0,0.018250,-0.204334,0.7500,0.2919,0.2660,2,ok
0,1666,185.200000,-2.684474,-1.642344,-0.165846,0.009107,0.013290,0.150031,0.220977,0.089179,0.159932,0.070753,1.000000,1.000000,0.000000,C-06,0,0,0,1,1,0,0.017506,-0.200404,0.7500,0.2634,0.2656,2,ok
0,1667,185.300000,-2.662770,-1.646082,-0.163263,0.008882,-0.022909,0.172411,0.220172,0.030211,0.030211,0.000000,1.000000,1.000000,0.000000,,0,0,0,1,1,0,0.015299,-0.217673,0.7292,0.2812,0.2680,2,ok
0,1668,185.420000,-2.636698,-1.650495,-0.151740,0.008050,-0.011386,0.198840,0.220541,0.160919,0.160919,0.000000,1.000000,1.000000,0.000000,,0,0,0,1,1,0,0.015618,-0.196427,0.7292,0.2428,0.2656,2,ok
0,1669,185.520000,-2.616796,-1.653790,-0.133708,0.007487,0.006645,0.218211,0.198888,0.900442,0.310919,-0.589523,0.899707,0.900000,0.000293,C-06,0,0,0,1,1,0,0.011600,-0.222806,0.7083,0.2381,0.2675,2,ok
0,1670,185.640000,-2.591293,-1.657669,-0.098378,0.006185,0.007998,0.245028,0.219725,0.611829,0.460919,-0.150909,0.992895,0.992895,0.000000,C-06,0,0,0,1,1,0,0.011700,-0.204270,0.6875,0.2138,0.2666,2,ok
0,1671,185.740000,-2.569788,-1.660742,-0.076868,0.005311,0.029508,0.266734,0.216942,0.135971,0.310919,0.174949,0.980293,0.980293,0.000000,C-06,0,0,0,1,1,0,0.013011,-0.168642,0.6875,0.1991,0.2652,2,ok
0,1672,185.860000,-2.543503,-1.663382,-0.062976,0.004717,0.012830,0.293306,0.220496,0.017910,0.160919,0.143010,1.000000,1.000000,0.000000,C-06,0,0,0,1,1,0,0.014386,-0.143559,0.6458,0.1540,0.2683,2,ok
0,1673,185.980000,-2.517153,-1.665111,-0.061269,0.004867,0.014537,0.319711,0.220027,-0.367365,0.010919,0.378285,1.000000,1.000000,0.000000,C-06,0,0,0,1,1,0,0.013972,-0.128415,0.6667,0.1429,0.2674,2,ok
0,1674,186.080000,-2.495200,-1.666493,-0.069779,0.004667,-0.020445,0.341824,0.219907,-0.319572,-0.139081,0.180492,1.000000,1.000000,0.000000,C-06,0,0,0,1,1,0,0.013972,-0.128415,0.6667,0.1429,0.2674,2,ok
0,1675,186.200000,-2.468864,-1.668334,-0.069610,0.004072,-0.020276,0.368217,0.220009,0.031361,0.010919,-0.020441,1.000000,1.000000,0.000000,C-06,0,0,0,1,1,0,0.009498,-0.140913,0.7500,0.1446,0.2697,2,ok
0,1676,186.300000,-2.446911,-1.669878,-0.059720,0.003286,-0.033416,0.390302,0.220142,0.302922,0.160919,-0.142002,1.000000,1.000000,0.000000,C-06,0,0,0,1,1,0,0.006643,-0.157329,0.7292,0.1603,0.2666,2,ok
0,1677,186.420000,-2.420542,-1.671730,-0.035068,0.002034,-0.008764,0.416706,0.220397,0.687668,0.310919,-0.376748,1.000000,1.000000,0.000000,C-06,0,0,0,1,1,0,0.008155,-0.181077,0.7500,0.0777,0.2664,2,ok
0,1678,186.520000,-2.398913,-1.673279,-0.013673,0.000847,-0.007393,0.438382,0.216590,0.307255,0.307255,0.000000,0.982088,0.982088,0.000000,,0,0,0,1,1,0,0.008338,-0.168461,0.7083,0.0532,0.2628,2,ok
0,1679,186.640000,-2.372595,-1.674287,0.000401,-0.000060,0.006681,0.464704,0.219718,-0.021956,0.157255,0.179211,0.998249,0.998249,0.000000,C-06,0,0,0,1,1,0,0.006890,-0.106440,0.6667,0.0973,0.2654,2,ok
0,1680,186.740000,-2.350598,-1.674328,0.001553,-0.000017,0.007833,0.483799,0.220000,-0.187333,0.007255,0.194588,1.000000,1.000000,0.000000,C-06,0,0,0,1,1,0,0.009403,-0.117724,0.6875,0.0328,0.2654,2,ok
0,1681,186.860000,-2.324198,-1.674323,-0.006189,-0.000417,-0.017504,0.513098,0.219996,-0.098670,-0.098670,0.000000,1.000000,1.000000,0.000000,,0,0,0,1,1,0,0.008674,-0.117810,0.6667,0.0088,0.2679,2,ok
0,1682,186.980000,-2.297798,-1.674489,-0.002634,-0.000995,-0.029081,0.539478,0.220004,0.237923,0.051330,-0.186593,1.000000,1.000000,0.000000,C-06,0,0,0,1,1,0,0.005641,-0.127457,0.7083,0.0177,0.2686,2,ok
0,1683,187.080000,-2.275799,-1.674636,0.010506,-0.001779,-0.015940,0.561465,0.219994,0.484945,0.201330,-0.283615,1.000000,1.000000,0.000000,C-06,0,0,0,1,1,0,0.004587,-0.129923,0.7500,0.0090,0.2684,2,ok
0,1684,187.200000,-2.249406,-1.674812,0.034003,-0.002719,0.007556,0.587626,0.219886,0.286428,0.286428,0.000000,1.000000,1.000000,0.000000,,0,0,0,1,1,0,0.004312,-0.130385,0.7292,-0.0039,0.2676,2,ok
0,1685,187.300000,-2.227423,-1.674589,0.045497,-0.003395,0.006511,0.609782,0.219807,0.155898,0.155898,0.000000,1.000000,1.000000,0.000000,,0,0,0,1,1,0,0.004223,-0.128028,0.7292,0.0168,0.2697,2,ok
0,1686,187.420000,-2.201052,-1.673438,0.046807,-0.003319,0.007822,0.636179,0.219989,-0.052975,0.005898,0.058873,1.000000,1.000000,0.000000,C-06,0,0,0,1,1,0,0.006240,-0.101766,0.7083,-0.0333,0.2675,2,ok
0,1687,187.520000,-2.179072,-1.672432,0.037826,-0.003440,-0.011886,0.658141,0.220068,-0.193101,-0.144102,0.048999,1.000000,1.000000,0.000000,C-06,0,0,0,1,1,0,0.006946,-0.082717,0.7292,-0.0582,0.2673,2,ok
0,1688,187.640000,-2.152685,-1.671225,0.023842,-0.003629,-0.025870,0.684555,0.220164,-0.169586,-0.169586,0.000000,1.000000,1.000000,0.000000,,0,0,0,1,1,0,0.004666,-0.093062,0.6667,-0.0764,0.2652,2,ok
0,1689,187.740000,-2.130691,-1.670625,0.021949,-0.004290,-0.036206,0.706525,0.220019,0.195768,-0.019586,-0.215354,1.000000,1.000000,0.000000,C-06,0,0,0,1,1,0,0.002832,-0.121272,0.6667,-0.1094,0.2677,2,ok
0,1690,187.860000,-2.104300,-1.669990,0.031899,-0.005209,-0.026257,0.732907,0.219955,0.495649,0.130414,-0.365235,1.000000,1.000000,0.000000,C-06,0,0,0,1,1,0,0.003640,-0.138591,0.7083,-0.1530,0.2634,2,ok
0,1691,187.980000,-2.077924,-1.669358,0.054002,-0.006278,-0.011448,0.759223,0.219755,0.656131,0.280414,-0.375717,1.000000,1.000000,0.000000,C-06,0,0,0,1,1,0,0.000844,-0.141799,0.7917,-0.1446,0.2686,2,ok
0,1692,188.080000,-2.055963,-1.668590,0.063622,-0.006984,-0.001828,0.781187,0.219735,-0.085626,0.130414,0.216040,1.000000,1.000000,0.000000,C-06,0,0,0,1,1,0,0.002194,-0.116082,0.7917,-0.1653,0.2684,2,ok
0,1693,188.200000,-2.029616,-1.666943,0.062855,-0.007172,-0.007585,0.807556,0.220015,-0.034115,-0.019586,0.014529,1.000000,1.000000,0.000000,C-06,0,0,0,1,1,0,0.002477,-0.099620,0.7500,-0.1637,0.2708,2,ok
0,1694,188.300000,-2.007655,-1.665537,0.056012,-0.007330,-0.014428,0.829561,0.220100,-0.106691,-0.106691,0.000000,1.000000,1.000000,0.000000,,0,0,0,1,1,0,0.002477,-0.099620,0.7500,-0.1637,0.2708,2,ok
0,1695,188.420000,-1.981295,-1.663958,0.053260,-0.007711,-0.021005,0.855921,0.220064,-0.028371,-0.028371,0.000000,1.000000,1.000000,0.000000,,0,0,0,1,1,0,0.003671,-0.110049,0.7292,-0.2592,0.2684,2,ok
0,1696,188.520000,-1.959330,-1.662758,0.060561,-0.008209,-0.013705,0.877913,0.219927,0.346920,0.121629,-0.225290,1.000000,1.000000,0.000000,C-06,0,0,0,1,1,0,0.001601,-0.108432,0.6875,-0.2633,0.2653,2,ok
0,1697,188.640000,-1.932996,-1.661326,0.081548,-0.008820,0.005039,0.904273,0.219611,0.348282,0.271629,-0.076653,1.000000,1.000000,0.000000,C-06,0,0,0,1,1,0,0.003216,-0.093000,0.6458,-0.2909,0.2619,2,ok
0,1698,188.740000,-1.911078,-1.659910,0.090405,-0.009112,0.013896,0.926235,0.219630,-0.136912,0.121629,0.258542,1.000000,1.000000,0.000000,C-06,0,0,0,1,1,0,0.002262,-0.051936,0.7292,-0.2579,0.2632,2,ok
0,1699,188.860000,-1.884785,-1.657565,0.088954,-0.008821,0.012159,0.952629,0.220025,-0.608714,-0.028371,0.580343,1.000000,1.000000,0.000000,C-06,0,0,0,1,1,0,0.002830,-0.012754,0.7500,-0.2553,0.2612,2,ok
0,1700,188.980000,-1.858475,-1.655183,0.075618,-0.008497,-0.001178,0.979044,0.220256,-0.829052,-0.178371,0.650681,1.000000,1.000000,0.000000,C-06,0,0,0,1,1,0,0.001265,0.008930,0.7708,-0.2277,0.2624,2,ok
0,1701,189.080000,-1.836523,-1.653199,0.054383,-0.008231,-0.021545,1.001082,0.220554,-0.406744,-0.328371,0.078373,1.000000,1.000000,0.000000,C-06,0,0,0,1,1,0,0.000338,0.010959,0.7500,-0.2360,0.2611,2,ok
0,1702,189.200000,-1.810152,-1.651104,0.038850,-0.008205,-0.037079,1.027536,0.220406,0.391658,-0.178371,-0.570029,1.000000,1.000000,0.000000,C-06,0,0,0,1,1,0,-0.004612,0.004066,0.7708,-0.1627,0.2643,2,ok
0,1703,189.300000,-1.788167,-1.650119,0.035953,-0.008907,-0.036992,1.049582,0.220045,1.000000,-0.028371,-1.028371,1.000000,1.000000,0.000000,C-06,0,0,0,1,1,0,-0.007480,-0.002261,0.7292,-0.1325,0.2656,2,ok
0,1704,189.420000,-1.761788,-1.649129,0.045004,-0.009833,-0.027941,1.075963,0.219935,1.000000,0.121629,-0.878371,1.000000,1.000000,0.000000,C-06,0,0,0,1,1,0,-0.009503,0.005183,0.7500,-0.1061,0.2660,2,ok
0,1705,189.520000,-1.739819,-1.648309,0.062522,-0.010610,-0.006623,1.097930,0.219737,0.570410,0.271629,-0.298781,1.000000,1.000000,0.000000,C-06,0,0,0,1,1,0,-0.010683,0.028267,0.7083,-0.0708,0.2663,2,ok
0,1706,189.640000,-1.713480,-1.647097,0.072926,-0.011319,0.003782,1.124288,0.219706,-0.259202,0.121629,0.380831,1.000000,1.000000,0.000000,C-06,0,0,0,1,1,0,-0.007573,0.064126,0.7292,-0.0739,0.2662,2,ok
0,1707,189.740000,-1.691539,-1.645530,0.071842,-0.011314,0.008531,1.146398,0.220017,-0.380217,-0.028371,0.351846,1.000000,1.000000,0.000000,C-06,0,0,0,1,1,0,-0.007573,0.064126,0.7292,-0.0739,0.2662,2,ok
0,1708,189.860000,-1.665196,-1.643604,0.058355,-0.011049,-0.004956,1.172810,0.220202,-0.788962,-0.178371,0.610591,1.000000,1.000000,0.000000,C-06,0,0,0,1,1,0,-0.004634,0.096078,0.7917,-0.0531,0.2666,2,ok
0,1709,189.980000,-1.638824,-1.641679,0.032231,-0.010755,-0.024407,1.199293,0.220461,-0.408826,-0.328371,0.080455,1.000000,1.000000,0.000000,C-06,0,0,0,1,1,0,-0.003969,0.072914,0.7500,-0.0507,0.2675,2,ok
0,1710,190.080000,-1.616832,-1.640368,0.019268,-0.010743,-0.037370,1.221324,0.220273,0.284088,-0.178371,-0.462459,1.000000,1.000000,0.000000,C-06,0,0,0,1,1,0,-0.005047,0.043856,0.7708,-0.0512,0.2668,2,ok
0,1711,190.200000,-1.590435,-1.639720,0.016040,-0.011583,-0.030564,1.247827,0.220022,0.656478,-0.028371,-0.684849,1.000000,1.000000,0.000000,C-06,0,0,0,1,1,0,-0.006351,0.022528,0.7292,-0.0312,0.2678,2,ok
0,1712,190.300000,-1.568440,-1.639323,0.023305,-0.012267,-0.023299,1.269816,0.219977,1.000000,0.121629,-0.878371,1.000000,1.000000,0.000000,C-06,0,0,0,1,1,0,-0.005612,0.007606,0.7500,-0.0518,0.2670,2,ok
0,1713,190.420000,-1.542055,-1.638857,0.044810,-0.013032,0.008322,1.296321,0.219823,0.364699,0.271629,-0.093070,1.000000,1.000000,0.000000,C-06,0,0,0,1,1,0,-0.005190,0.014876,0.6875,-0.0417,0.2674,2,ok
0,1714,190.520000,-1.520082,-1.638265,0.053783,-0.013302,0.017295,1.318300,0.219794,-0.252584,0.121629,0.374214,1.000000,1.000000,0.000000,C-06,0,0,0,1,1,0,-0.003127,0.038622,0.6875,-0.0444,0.2657,2,ok
0,1715,190.640000,-1.493720,-1.636876,0.052195,-0.012836,0.027506,1.344910,0.220019,-0.565560,-0.028371,0.537189,1.000000,1.000000,0.000000,C-06,0,0,0,1,1,0,-0.003127,0.038622,0.6875,-0.0444,0.2657,2,ok
0,1716,190.740000,-1.471744,-1.635690,0.040681,-0.012150,0.015992,1.366907,0.220132,-0.760930,-0.178371,0.582559,1.000000,1.000000,0.000000,C-06,0,0,0,1,1,0,0.000924,0.071397,0.7917,-0.0300,0.2675,2,ok
0,1717,190.860000,-1.445355,-1.634267,0.014245,-0.011255,-0.000616,1.393438,0.220293,-0.600887,-0.328371,0.272517,1.000000,1.000000,0.000000,C-06,0,0,0,1,1,0,0.001534,0.059680,0.7917,-0.0365,0.2668,2,ok
0,1718,190.980000,-1.418956,-1.633190,-0.001294,-0.010503,-0.016155,1.419849,0.220126,0.260035,-0.178371,-0.438406,1.000000,1.000000,0.000000,C-06,0,0,0,1,1,0,0.000139,0.008676,0.7708,-0.0507,0.2664,2,ok
0,1719,191.080000,-1.396956,-1.633091,-0.004047,-0.010591,-0.011061,1.441980,0.219999,0.352483,-0.028371,-0.380853,1.000000,1.000000,0.000000,C-06,0,0,0,1,1,0,-0.000548,-0.016757,0.7292,-0.0532,0.2670,2,ok
0,1720,191.200000,-1.370556,-1.633142,0.005338,-0.010642,-0.001675,1.468379,0.219998,1.000000,0.121629,-0.878371,1.000000,1.000000,0.000000,C-06,0,0,0,1,1,0,-0.001136,-0.024462,0.7500,-0.0515,0.2668,2,ok
0,1721,191.300000,-1.348558,-1.633190,0.023321,-0.010690,0.020852,1.490377,0.219946,0.551070,0.271629,-0.279441,1.000000,1.000000,0.000000,C-06,0,0,0,1,1,0,-0.001157,-0.025038,0.6875,-0.0492,0.2670,2,ok
0,1722,191.420000,-1.322170,-1.633026,0.034418,-0.010526,0.031949,1.516766,0.219887,-0.205498,0.121629,0.327127,1.000000,1.000000,0.000000,C-06,0,0,0,1,1,0,0.000610,0.004957,0.6875,-0.0369,0.2673,2,ok
0,1723,191.520000,-1.300183,-1.632300,0.033305,-0.009800,0.033305,1.538753,0.220010,-0.662900,-0.028371,0.634529,1.000000,1.000000,0.000000,C-06,0,0,0,1,1,0,0.002138,0.033747,0.7292,-0.0259,0.2671,2,ok
0,1724,191.640000,-1.273793,-1.631381,0.019471,-0.008881,0.019471,1.565143,0.220089,-0.770673,-0.178371,0.592302,1.000000,1.000000,0.000000,C-06,0,0,0,1,1,0,0.003743,0.038148,0.7917,-0.0418,0.2673,2,ok
0,1725,191.740000,-1.251915,-1.630614,0.005401,-0.008114,0.005401,1.584535,0.218826,-0.202188,-0.202188,0.000000,0.994072,0.994072,0.000000,,0,0,0,1,1,0,0.003712,0.025635,0.7917,-0.0468,0.2665,2,ok
0,1726,191.860000,-1.225525,-1.630252,0.000223,-0.007752,0.000223,1.613410,0.220012,0.288471,-0.052188,-0.340659,1.000000,1.000000,0.000000,C-06,0,0,0,1,1,0,0.003169,-0.002879,0.7708,-0.0561,0.2663,2,ok
0,1727,191.980000,-1.199126,-1.630212,0.007524,-0.007712,0.007524,1.639810,0.219994,0.212543,0.097812,-0.114730,1.000000,1.000000,0.000000,C-06,0,0,0,1,1,0,0.002019,-0.016334,0.7292,-0.0456,0.2667,2,ok
0,1728,192.080000,-1.177126,-1.630047,0.004743,-0.007547,0.004743,1.661809,0.220004,-0.246965,-0.052188,0.194778,1.000000,1.000000,0.000000,C-06,0,0,0,1,1,0,0.002620,-0.007747,0.7292,-0.0414,0.2672,2,ok
0,1729,192.200000,-1.150726,-1.629834,-0.006054,-0.007334,-0.006054,1.688209,0.220004,-0.133355,-0.133355,0.000000,1.000000,1.000000,0.000000,,0,0,0,1,1,0,0.003155,-0.007718,0.7083,-0.0485,0.2673,2,ok
0,1730,192.300000,-1.128728,-1.629657,-0.016045,-0.007157,-0.016045,1.710208,0.219981,-0.142840,-0.142840,0.000000,1.000000,1.000000,0.000000,,0,0,0,1,1,0,0.002095,-0.018638,0.6875,-0.0383,0.2669,2,ok
0,1731,192.420000,-1.102331,-1.630057,-0.016289,-0.007557,-0.016289,1.734735,0.220002,0.591771,0.007160,-0.584611,1.000000,1.000000,0.000000,C-06,0,0,0,1,1,0,0.000743,-0.032599,0.7292,-0.0349,0.2677,2,ok
0,1732,192.520000,-1.080333,-1.630426,-0.006311,-0.007926,-0.006311,1.758603,0.220026,0.939790,0.157160,-0.782630,1.000000,1.000000,0.000000,C-06,0,0,0,1,1,0,0.000251,-0.043378,0.7917,-0.0438,0.2673,2,ok
0,1733,192.640000,-1.053934,-1.630870,0.018686,-0.008370,0.018686,1.784735,0.219997,0.709235,0.307160,-0.402075,1.000000,1.000000,0.000000,C-06,0,0,0,1,1,0,0.000623,-0.025810,0.7708,-0.0373,0.2671,2,ok
0,1734,192.740000,-1.031941,-1.630987,0.030181,-0.008487,0.030181,1.806995,0.219904,-0.529281,0.157160,0.686441,1.000000,1.000000,0.000000,C-06,0,0,0,1,1,0,0.002409,0.001478,0.7708,-0.0305,0.2679,2,ok
0,1735,192.860000,-1.005554,-1.630243,0.031507,-0.007743,0.031507,1.833382,0.219991,-1.000000,0.007160,1.007160,1.000000,1.000000,0.000000,C-06,0,0,0,1,1,0,0.004521,0.024741,0.7500,-0.0431,0.2673,2,ok
0,1736,192.980000,-0.979163,-1.629445,0.020530,-0.006945,0.020530,1.859772,0.220051,-0.796435,-0.142840,0.653595,1.000000,1.000000,0.000000,C-06,0,0,0,1,1,0,0.005521,0.033249,0.7500,-0.0455,0.2670,2,ok
0,1737,193.080000,-0.957165,-1.628781,0.000907,-0.006281,0.000907,1.881771,0.220100,-0.561146,-0.292840,0.268306,1.000000,1.000000,0.000000,C-06,0,0,0,1,1,0,0.005035,0.025018,0.7292,-0.0311,0.2680,2,ok
0,1738,193.200000,-0.930766,-1.628003,-0.018830,-0.005503,-0.018830,1.908169,0.220037,-0.230058,-0.230058,0.000000,1.000000,1.000000,0.000000,,0,0,0,1,1,0,0.004035,-0.007170,0.6875,-0.0378,0.2676,2,ok
0,1739,193.300000,-0.908772,-1.628113,-0.025270,-0.005613,-0.025270,1.930163,0.219942,0.844404,-0.080058,-0.924462,1.000000,1.000000,0.000000,C-06,0,0,0,1,1,0,0.002712,-0.028370,0.7292,-0.0452,0.2658,2,ok
0,1740,193.420000,-0.882379,-1.628762,-0.020440,-0.006262,-0.020440,1.956556,0.220026,1.000000,0.069942,-0.930058,1.000000,1.000000,0.000000,C-06,0,0,0,1,1,0,0.001092,-0.050708,0.7917,-0.0313,0.2671,2,ok
0,1741,193.520000,-0.860382,-1.629329,-0.006071,-0.006829,-0.006071,1.978554,0.220068,1.000000,0.219942,-0.780058,1.000000,1.000000,0.000000,C-06,0,0,0,1,1,0,0.000961,-0.048783,0.7917,-0.0465,0.2660,2,ok
0,1742,193.640000,-0.833984,-1.630010,0.024076,-0.007510,0.024076,2.004952,0.220016,0.564880,0.369942,-0.194938,1.000000,1.000000,0.000000,C-06,0,0,0,1,1,0,0.001915,-0.031853,0.7500,-0.0451,0.2670,2,ok
0,1743,193.740000,-0.811995,-1.630217,0.039972,-0.007717,0.039972,2.026940,0.219832,-0.521815,0.219942,0.741758,1.000000,1.000000,0.000000,C-06,0,0,0,1,1,0,0.003137,-0.014988,0.7292,-0.0500,0.2669,2,ok
0,1744,193.860000,-0.785620,-1.629444,0.046277,-0.006944,0.046277,2.053315,0.219888,-0.533627,0.069942,0.603569,1.000000,1.000000,0.000000,C-06,0,0,0,1,1,0,0.006233,0.037060,0.7292,-0.0396,0.2670,2,ok
0,1745,193.980000,-0.759245,-1.628230,0.040178,-0.005730,0.040178,2.079690,0.220057,-0.496923,-0.080058,0.416865,1.000000,1.000000,0.000000,C-06,0,0,0,1,1,0,0.008465,0.057472,0.6875,-0.0403,0.2665,2,ok
0,1746,194.080000,-0.737257,-1.627208,0.025189,-0.004708,0.025189,2.101678,0.220162,-0.799966,-0.230058,0.569908,1.000000,1.000000,0.000000,C-06,0,0,0,1,1,0,0.008890,0.050742,0.6667,-0.0343,0.2674,2,ok
0,1747,194.200000,-0.710861,-1.625982,0.003482,-0.003482,0.003482,2.128075,0.220235,-0.259763,-0.259763,0.000000,1.000000,1.000000,0.000000,,0,0,0,1,1,0,0.008587,0.030457,0.7500,-0.0388,0.2672,2,ok
0,1748,194.300000,-0.688861,-1.625312,-0.008990,-0.002812,-0.008990,2.150075,0.220055,-0.168243,-0.168243,0.000000,1.000000,1.000000,0.000000,,0,0,0,1,1,0,0.007105,0.004648,0.7708,-0.0372,0.2676,2,ok
0,1749,194.420000,-0.664920,-1.625510,-0.011288,-0.003010,-0.011288,2.174015,0.197999,0.274323,-0.018243,-0.292566,0.789731,0.900000,0.110269,C-06,0,0,0,1,1,0,0.005747,-0.013129,0.7708,-0.0311,0.2661,2,ok
0,1750,194.520000,-0.644038,-1.625704,-0.003110,-0.003204,-0.003110,2.194897,0.211729,0.400680,0.131757,-0.268923,0.962374,0.962374,0.000000,C-06,0,0,0,1,1,0,0.005096,-0.030368,0.7708,-0.0354,0.2671,2,ok
0,1751,194.640000,-0.617751,-1.625918,0.019898,-0.003418,0.019898,2.221185,0.219968,0.619827,0.281757,-0.338069,1.000000,1.000000,0.000000,C-06,0,0,0,1,1,0,0.005942,-0.034496,0.7708,-0.0520,0.2660,2,ok
0,1752,194.740000,-0.595758,-1.625915,0.029934,-0.003415,0.029934,2.243178,0.219907,-0.083950,0.131757,0.215707,1.000000,1.000000,0.000000,C-06,0,0,0,1,1,0,0.008042,0.000791,0.7292,-0.0424,0.2671,2,ok
0,1753,194.860000,-0.569369,-1.625150,0.029157,-0.002650,0.029157,2.269566,0.220008,-0.543473,-0.018243,0.525230,1.000000,1.000000,0.000000,C-06,0,0,0,1,1,0,0.009469,0.029620,0.7292,-0.0391,0.2661,2,ok
0,1754,194.980000,-0.542977,-1.624347,0.015925,-0.001847,0.015925,2.295959,0.220071,-0.897173,-0.168243,0.728930,1.000000,1.000000,0.000000,C-06,0,0,0,1,1,0,0.010786,0.032651,0.6875,-0.0389,0.2664,2,ok
0,1755,195.080000,-0.520978,-1.623678,-0.000310,-0.001178,-0.000310,2.317958,0.220102,-0.235751,-0.235751,0.000000,1.000000,1.000000,0.000000,,0,0,0,1,1,0,0.011241,0.008801,0.7292,-0.0580,0.2658,2,ok
0,1756,195.200000,-0.494578,-1.623342,-0.008334,-0.000842,-0.008334,2.344358,0.220001,-0.020302,-0.085751,-0.065450,1.000000,1.000000,0.000000,C-06,0,0,0,1,1,0,0.009063,-0.005401,0.7708,-0.0403,0.2665,2,ok
0,1757,195.300000,-0.474547,-1.623413,-0.004960,-0.000913,-0.004960,2.364388,0.197999,0.104822,0.064249,-0.040573,0.801565,0.900000,0.098435,C-06,0,0,0,1,1,0,0.008142,-0.021794,0.7917,-0.0419,0.2662,2,ok
0,1758,195.420000,-0.449212,-1.623548,-0.009364,-0.001048,-0.009364,2.389723,0.213852,-0.059174,-0.059174,0.000000,0.972081,0.972081,0.000000,,0,0,0,1,1,0,0.008252,-0.026911,0.7708,-0.0476,0.2665,2,ok
0,1759,195.520000,-0.427294,-1.623741,-0.003857,-0.001241,-0.003857,2.411642,0.220007,0.225309,0.090826,-0.134483,1.000000,1.000000,0.000000,C-06,0,0,0,1,1,0,0.007404,-0.025688,0.7292,-0.0313,0.2672,2,ok
0,1760,195.640000,-0.400894,-1.623839,-0.007954,-0.001339,-0.007954,2.435535,0.219995,-0.112085,-0.059174,0.052912,1.000000,1.000000,0.000000,C-06,0,0,0,1,1,0,0.006763,-0.026433,0.7292,-0.0114,0.2685,2,ok
0,1761,195.740000,-0.378896,-1.623913,-0.016864,-0.001413,-0.016864,2.460040,0.219972,-0.132661,-0.132661,0.000000,1.000000,1.000000,0.000000,,0,0,0,1,1,0,0.007768,-0.026930,0.7292,-0.0413,0.2665,2,ok
0,1762,195.860000,-0.352505,-1.624001,-0.034932,-0.001501,-0.034932,2.485635,0.219873,-0.222472,-0.222472,0.000000,1.000000,1.000000,0.000000,,0,0,0,1,1,0,0.007049,-0.037154,0.6875,-0.0465,0.2657,2,ok
0,1763,195.980000,-0.326125,-1.624635,-0.041773,-0.002135,-0.041773,2.512811,0.219898,-0.040031,-0.072472,-0.032441,1.000000,1.000000,0.000000,C-06,0,0,0,1,1,0,0.006184,-0.043020,0.6875,-0.0408,0.2668,2,ok
0,1764,196.080000,-0.304142,-1.625544,-0.037036,-0.003044,-0.037036,2.534793,0.220041,1.000000,0.077528,-0.922472,1.000000,1.000000,0.000000,C-06,0,0,0,1,1,0,0.002596,-0.075281,0.7708,-0.0379,0.2668,2,ok
0,1765,196.200000,-0.277753,-1.626653,-0.019015,-0.004153,-0.019015,2.561182,0.220150,1.000000,0.227528,-0.772472,1.000000,1.000000,0.000000,C-06,0,0,0,1,1,0,0.002247,-0.076754,0.7917,-0.0450,0.2665,2,ok
0,1766,196.300000,-0.255754,-1.627577,0.006398,-0.005077,0.006398,2.583181,0.220191,1.000000,0.377528,-0.622472,1.000000,1.000000,0.000000,C-06,0,0,0,1,1,0,0.001912,-0.066122,0.7708,-0.0360,0.2668,2,ok
0,1767,196.420000,-0.229359,-1.628287,0.026384,-0.005787,0.026384,2.609577,0.219961,-0.264278,0.227528,0.491807,1.000000,1.000000,0.000000,C-06,0,0,0,1,1,0,0.004418,-0.029804,0.7917,-0.0466,0.2666,2,ok
0,1768,196.520000,-0.207368,-1.627996,0.032513,-0.005496,0.032513,2.631567,0.219920,-0.942077,0.077528,1.019605,1.000000,1.000000,0.000000,C-06,0,0,0,1,1,0,0.006005,0.009581,0.7708,-0.0357,0.2679,2,ok
0,1769,196.640000,-0.180980,-1.627150,0.027291,-0.004650,0.027291,2.657955,0.220035,-0.779207,-0.072472,0.706735,1.000000,1.000000,0.000000,C-06,0,0,0,1,1,0,0.008346,0.035125,0.7292,-0.0471,0.2671,2,ok
0,1770,196.740000,-0.158985,-1.626427,0.012389,-0.003927,0.012389,2.679950,0.220100,-0.773970,-0.222472,0.551498,1.000000,1.000000,0.000000,C-06,0,0,0,1,1,0,0.008656,0.027750,0.7083,-0.0460,0.2667,2,ok
0,1771,196.860000,-0.132586,-1.625559,-0.008743,-0.003059,-0.008743,2.706350,0.220112,-0.251330,-0.251330,0.000000,1.000000,1.000000,0.000000,,0,0,0,1,1,0,0.008676,0.013277,0.6667,-0.0507,0.2651,2,ok
0,1772,196.980000,-0.106188,-1.625375,-0.018032,-0.002875,-0.018032,2.732747,0.219966,0.358402,-0.101330,-0.459732,1.000000,1.000000,0.000000,C-06,0,0,0,1,1,0,0.005779,-0.026211,0.7500,-0.0399,0.2664,2,ok
0,1773,197.080000,-0.086229,-1.625661,-0.015409,-0.003161,-0.015409,2.752707,0.197999,0.762285,0.048670,-0.713615,0.880584,0.900000,0.019416,C-06,0,0,0,1,1,0,0.005159,-0.037993,0.7917,-0.0487,0.2656,2,ok
0,1774,197.200000,-0.060438,-1.625994,0.000385,-0.003494,0.000385,2.778497,0.220017,0.462255,0.198670,-0.263585,1.000000,1.000000,0.000000,C-06,0,0,0,1,1,0,0.004595,-0.041907,0.7917,-0.0429,0.2672,2,ok
0,1775,197.300000,-0.038439,-1.626142,0.004789,-0.003642,0.004789,2.800497,0.220000,-0.130656,0.048670,0.179326,1.000000,1.000000,0.000000,C-06,0,0,0,1,1,0,0.005652,-0.027726,0.7500,-0.0397,0.2667,2,ok
0,1776,197.420000,-0.012039,-1.626048,-0.003131,-0.003548,-0.003131,2.826897,0.220001,-0.602626,-0.101330,0.501296,1.000000,1.000000,0.000000,C-06,0,0,0,1,1,0,0.005758,-0.010702,0.7500,-0.0266,0.2666,2,ok
0,1777,197.520000,0.009960,-1.625962,-0.020036,-0.003462,-0.020036,2.848895,0.219962,-0.517555,-0.251330,0.266225,1.000000,1.000000,0.000000,C-06,0,0,0,1,1,0,0.006151,-0.016328,0.7292,-0.0479,0.2653,2,ok
0,1778,197.640000,0.036345,-1.625859,-0.044755,-0.003359,-0.044755,2.875281,0.219792,-0.299999,-0.299999,0.000000,1.000000,1.000000,0.000000,,0,0,0,1,1,0,0.004205,-0.041906,0.7083,-0.0432,0.2662,2,ok
0,1779,197.740000,0.058317,-1.626332,-0.055774,-0.003832,-0.055774,2.897253,0.219751,1.000000,-0.149999,-1.149999,1.000000,1.000000,0.000000,C-06,0,0,0,1,1,0,0.002897,-0.056884,0.7083,-0.0376,0.2667,2,ok
0,1780,197.860000,0.084675,-1.627780,-0.056490,-0.005280,-0.056490,2.923611,0.220000,1.000000,0.000001,-0.999999,1.000000,1.000000,0.000000,C-06,0,0,0,1,1,0,-0.000682,-0.096716,0.7083,-0.0346,0.2676,2,ok
0,1781,197.980000,0.111040,-1.629271,-0.045205,-0.006771,-0.045205,2.949976,0.220120,1.000000,0.150001,-0.849999,1.000000,1.000000,0.000000,C-06,0,0,0,1,1,0,-0.003031,-0.102235,0.7917,-0.0309,0.2664,2,ok
0,1782,198.080000,0.133026,-1.630513,-0.025094,-0.008013,-0.025094,2.971961,0.220275,0.960555,0.300001,-0.660554,1.000000,1.000000,0.000000,C-06,0,0,0,1,1,0,-0.003106,-0.088208,0.7917,-0.0360,0.2667,2,ok
0,1783,198.200000,0.159424,-1.632004,0.012014,-0.009504,0.012014,2.998359,0.220339,0.559352,0.450001,-0.109351,1.000000,1.000000,0.000000,C-06,0,0,0,1,1,0,-0.002800,-0.084009,0.7500,-0.0325,0.2678,2,ok
0,1784,198.300000,0.181417,-1.632761,0.033907,-0.010261,0.033907,3.020353,0.219941,-0.108589,0.300001,0.408589,1.000000,1.000000,0.000000,C-06,0,0,0,1,1,0,-0.000263,-0.019446,0.7292,-0.0221,0.2682,2,ok
0,1785,198.420000,0.207795,-1.632465,0.047167,-0.009965,0.047167,3.046730,0.219801,-0.605927,0.150001,0.755927,1.000000,1.000000,0.000000,C-06,0,0,0,1,1,0,0.002948,0.018410,0.7292,-0.0533,0.2666,2,ok
0,1786,198.520000,0.229770,-1.631451,0.047784,-0.008951,0.047784,3.068705,0.220000,-1.000000,0.000001,1.000001,1.000000,1.000000,0.000000,C-06,0,0,0,1,1,0,0.004471,0.030628,0.7292,-0.0622,0.2661,2,ok
0,1787,198.640000,0.256146,-1.630190,0.036331,-0.007690,0.036331,3.095081,0.220101,-0.755295,-0.149999,0.605296,1.000000,1.000000,0.000000,C-06,0,0,0,1,1,0,0.006953,0.054998,0.7083,-0.0506,0.2670,2,ok
0,1788,198.740000,0.278137,-1.629139,0.016415,-0.006639,0.016415,3.117073,0.220217,-0.536254,-0.299999,0.236255,1.000000,1.000000,0.000000,C-06,0,0,0,1,1,0,0.006479,0.050740,0.7083,-0.0359,0.2672,2,ok
0,1789,198.860000,0.304536,-1.628129,0.002882,-0.005629,0.002882,3.143472,0.220114,0.040663,-0.149999,-0.190662,1.000000,1.000000,0.000000,C-06,0,0,0,1,1,0,0.005656,0.021806,0.7500,-0.0339,0.2678,2,ok
0,1790,198.980000,0.328520,-1.628027,0.001990,-0.005527,0.001990,3.167455,0.198190,0.047352,0.000001,-0.047352,0.900863,0.900863,0.000000,C-06,0,0,0,1,1,0,0.004455,0.005330,0.7917,-0.0350,0.2672,2,ok
0,1791,199.080000,0.347343,-1.628003,0.010984,-0.005503,0.010984,3.186278,0.186647,0.237730,0.150001,-0.087730,0.848439,0.848439,0.000000,C-06,0,0,0,1,1,0,0.003970,-0.014191,0.7500,-0.0254,0.2682,2,ok
0,1792,199.200000,0.371794,-1.627946,0.031970,-0.005446,0.031970,3.210729,0.208557,0.257476,0.257476,0.000000,1.000000,0.948439,-0.051561,C-06,0,0,0,1,1,0,0.005218,-0.004776,0.7708,-0.0401,0.2681,2,ok
0,1793,199.300000,0.393572,-1.627606,0.040247,-0.005106,0.040247,3.232508,0.219869,-0.377159,0.107476,0.484635,1.000000,1.000000,0.000000,C-06,0,0,0,1,1,0,0.006850,0.023617,0.7500,-0.0322,0.2670,2,ok
0,1794,199.420000,0.419952,-1.626570,0.037388,-0.004070,0.037388,3.258888,0.220023,-0.873688,-0.042524,0.831164,1.000000,1.000000,0.000000,C-06,0,0,0,1,1,0,0.008990,0.043859,0.7500,-0.0455,0.2663,2,ok
0,1795,199.520000,0.441941,-1.625686,0.024776,-0.003186,0.024776,3.280877,0.220106,-0.629907,-0.192524,0.437383,1.000000,1.000000,0.000000,C-06,0,0,0,1,1,0,0.010252,0.045216,0.7083,-0.0370,0.2672,2,ok
0,1796,199.640000,0.468338,-1.624625,0.004857,-0.002125,0.004857,3.307273,0.220174,-0.240183,-0.240183,0.000000,1.000000,1.000000,0.000000,,0,0,0,1,1,0,0.009616,0.030351,0.6875,-0.0332,0.2674,2,ok
0,1797,199.740000,0.490338,-1.624191,-0.002281,-0.001691,-0.002281,3.329273,0.220026,0.109158,-0.090183,-0.199341,1.000000,1.000000,0.000000,C-06,0,0,0,1,1,0,0.009351,-0.001820,0.7292,-0.0512,0.2667,2,ok
0,1798,199.860000,0.514392,-1.624065,-0.020234,-0.001565,-0.020234,3.353327,0.197965,-0.238828,-0.238828,0.000000,0.854540,0.900000,0.045460,C-06,0,0,0,1,1,0,0.007970,-0.013811,0.7917,-0.0369,0.2671,2,ok
0,1799,199.980000,0.538132,-1.624198,-0.028302,-0.001698,-0.028302,3.377068,0.197824,0.855443,-0.088828,-0.944270,0.899509,0.899509,0.000000,C-06,0,0,0,1,1,0,0.005503,-0.042239,0.7917,-0.0306,0.2671,2,ok
0,1800,200.080000,0.559489,-1.624715,-0.024960,-0.002215,-0.024960,3.398425,0.219888,1.000000,0.061172,-0.938828,1.000000,0.999509,-0.000491,C-06,0,0,0,1,1,0,0.005114,-0.061876,0.7708,-0.0481,0.2668,2,ok
0,1801,200.200000,0.585884,-1.625360,-0.008069,-0.002860,-0.008069,3.424819,0.220057,1.000000,0.211172,-0.788828,1.000000,1.000000,0.000000,C-06,0,0,0,1,1,0,0.004236,-0.054094,0.7708,-0.0412,0.2664,2,ok
0,1802,200.300000,0.607884,-1.625740,-0.002789,-0.003240,-0.002789,3.446819,0.220023,-0.237078,0.061172,0.298251,1.000000,1.000000,0.000000,C-06,0,0,0,1,1,0,0.005569,-0.043296,0.7292,-0.0493,0.2667,2,ok
0,1803,200.420000,0.634283,-1.625839,-0.009232,-0.003339,-0.009232,3.473219,0.219992,-0.275270,-0.088828,0.186443,1.000000,1.000000,0.000000,C-06,0,0,0,1,1,0,0.006160,-0.031161,0.7500,-0.0524,0.2656,2,ok
0,1804,200.520000,0.656280,-1.625903,-0.023326,-0.003403,-0.023326,3.495216,0.219945,-0.211923,-0.211923,0.000000,1.000000,1.000000,0.000000,,0,0,0,1,1,0,0.004431,-0.027126,0.6667,-0.0261,0.2688,2,ok
0,1805,200.640000,0.682671,-1.626283,-0.029236,-0.003783,-0.029236,3.521606,0.219941,0.033346,-0.061923,-0.095269,1.000000,1.000000,0.000000,C-06,0,0,0,1,1,0,0.004108,-0.054933,0.7708,-0.0455,0.2679,2,ok
0,1806,200.740000,0.704663,-1.626909,-0.024060,-0.004409,-0.024060,3.543598,0.220030,0.848519,0.088077,-0.760442,1.000000,1.000000,0.000000,C-06,0,0,0,1,1,0,0.002572,-0.056248,0.7708,-0.0398,0.2671,2,ok
0,1807,200.860000,0.731059,-1.627685,-0.004882,-0.005185,-0.004882,3.569995,0.220091,1.000000,0.238077,-0.761923,1.000000,1.000000,0.000000,C-06,0,0,0,1,1,0,0.002639,-0.060282,0.7917,-0.0505,0.2668,2,ok
0,1808,200.980000,0.757459,-1.628158,0.003352,-0.005658,0.003352,3.596395,0.220020,-0.038324,0.088077,0.126401,1.000000,1.000000,0.000000,C-06,0,0,0,1,1,0,0.003282,-0.022600,0.7500,-0.0253,0.2675,2,ok
0,1809,201.080000,0.779459,-1.628105,-0.000109,-0.005605,-0.000109,3.618395,0.220002,-0.382764,-0.061923,0.320841,1.000000,1.000000,0.000000,C-06,0,0,0,1,1,0,0.003282,-0.022600,0.7500,-0.0253,0.2675,2,ok
0,1810,201.200000,0.805858,-1.628005,-0.017257,-0.005505,-0.017257,3.644793,0.219972,-0.583670,-0.211923,0.371747,1.000000,1.000000,0.000000,C-06,0,0,0,1,1,0,0.003193,-0.009609,0.6875,-0.0080,0.2683,2,ok
0,1811,201.300000,0.827850,-1.627922,-0.034353,-0.005422,-0.034353,3.666786,0.219879,-0.248378,-0.248378,0.000000,1.000000,1.000000,0.000000,,0,0,0,1,1,0,0.003491,-0.020226,0.7083,-0.0323,0.2659,2,ok
0,1812,201.420000,0.854230,-1.628441,-0.043240,-0.005941,-0.043240,3.693166,0.219865,0.248534,-0.098378,-0.346912,1.000000,1.000000,0.000000,C-06,0,0,0,1,1,0,0.000673,-0.055089,0.6667,-0.0331,0.2666,2,ok
0,1813,201.520000,0.876210,-1.629359,-0.040564,-0.006859,-0.040564,3.715146,0.220022,1.000000,0.051622,-0.948378,1.000000,1.000000,0.000000,C-06,0,0,0,1,1,0,-0.001486,-0.082053,0.7083,-0.0402,0.2664,2,ok
0,1814,201.640000,0.902596,-1.630497,-0.024751,-0.007997,-0.024751,3.741531,0.220133,1.000000,0.201622,-0.798378,1.000000,1.000000,0.000000,C-06,0,0,0,1,1,0,-0.002606,-0.082961,0.7292,-0.0367,0.2653,2,ok
0,1815,201.740000,0.924593,-1.631446,-0.001031,-0.008946,-0.001031,3.763529,0.220204,0.455830,0.351622,-0.104208,1.000000,1.000000,0.000000,C-06,0,0,0,1,1,0,-0.001571,-0.071288,0.7500,-0.0456,0.2654,2,ok
0,1816,201.860000,0.950992,-1.632260,0.016564,-0.009760,0.016564,3.787135,0.220028,0.050854,0.201622,0.150767,1.000000,1.000000,0.000000,C-06,0,0,0,1,1,0,0.000132,-0.044330,0.7500,-0.0622,0.2654,2,ok
0,1817,201.980000,0.977387,-1.632046,0.021534,-0.009546,0.021534,3.816322,0.219965,-0.574914,0.051622,0.626536,1.000000,1.000000,0.000000,C-06,0,0,0,1,1,0,0.003876,-0.026429,0.7500,-0.1140,0.2691,2,ok
0,1818,202.080000,0.999383,-1.631596,0.015525,-0.009096,0.015525,3.837235,0.220021,-0.889885,-0.098378,0.791507,1.000000,1.000000,0.000000,C-06,0,0,0,1,1,0,0.005343,-0.028413,0.7083,-0.1403,0.2696,2,ok
0,1819,202.200000,1.025782,-1.631040,-0.004522,-0.008540,-0.004522,3.864717,0.220047,-0.605814,-0.248378,0.357436,1.000000,1.000000,0.000000,C-06,0,0,0,1,1,0,0.005462,-0.025862,0.7292,-0.1413,0.2706,2,ok
0,1820,202.300000,1.047781,-1.630780,-0.012815,-0.008280,-0.012815,3.886716,0.219990,-0.106128,-0.106128,0.000000,1.000000,1.000000,0.000000,,0,0,0,1,1,0,0.004258,-0.058035,0.6667,-0.1718,0.2708,2,ok
0,1821,202.420000,1.074179,-1.631093,-0.010002,-0.008593,-0.010002,3.913115,0.220008,0.712564,0.043872,-0.668692,1.000000,1.000000,0.000000,C-06,0,0,0,1,1,0,0.004435,-0.083928,0.6250,-0.2245,0.2685,2,ok
0,1822,202.520000,1.096179,-1.631385,0.002615,-0.008885,0.002615,3.935114,0.220019,1.000000,0.193872,-0.806128,1.000000,1.000000,0.000000,C-06,0,0,0,1,1,0,0.004172,-0.101741,0.7083,-0.2636,0.2651,2,ok
0,1823,202.640000,1.121387,-1.631753,0.030080,-0.009253,0.030080,3.960323,0.208875,0.454310,0.343872,-0.110438,0.949723,0.949723,0.000000,C-06,0,0,0,1,1,0,0.003709,-0.076303,0.7500,-0.2528,0.2650,2,ok
0,1824,202.740000,1.143206,-1.631740,0.044012,-0.009240,0.044012,3.982141,0.219800,-0.923630,0.193872,1.117502,1.000000,1.000000,0.000000,C-06,0,0,0,1,1,0,0.004409,-0.024147,0.7500,-0.2324,0.2644,2,ok
0,1825,202.860000,1.169577,-1.630772,0.048459,-0.008272,0.048459,4.008513,0.219922,-0.787145,0.043872,0.831017,1.000000,1.000000,0.000000,C-06,0,0,0,1,1,0,0.006754,0.006864,0.7292,-0.2618,0.2627,2,ok
0,1826,202.980000,1.195950,-1.629516,0.040572,-0.007016,0.040572,4.034886,0.220069,-0.962480,-0.106128,0.856352,1.000000,1.000000,0.000000,C-06,0,0,0,1,1,0,0.005458,0.057742,0.7083,-0.1914,0.2660,2,ok
0,1827,203.080000,1.217938,-1.628461,0.023772,-0.005961,0.023772,4.056874,0.220186,-0.590088,-0.256128,0.333960,1.000000,1.000000,0.000000,C-06,0,0,0,1,1,0,0.004844,0.064790,0.7083,-0.1755,0.2643,2,ok
0,1828,203.200000,1.244335,-1.627222,0.008522,-0.004722,0.008522,4.083270,0.220194,-0.176818,-0.176818,0.000000,1.000000,1.000000,0.000000,,0,0,0,1,1,0,0.002861,0.067867,0.6667,-0.1495,0.2635,2,ok
0,1829,203.300000,1.266334,-1.626308,-0.013457,-0.003808,-0.013457,4.105270,0.220173,-0.355310,-0.326818,0.028492,1.000000,1.000000,0.000000,C-06,0,0,0,1,1,0,0.001130,0.057279,0.6042,-0.1318,0.2676,2,ok
0,1830,203.420000,1.292728,-1.625957,-0.029140,-0.003457,-0.029140,4.131663,0.219913,-0.080829,-0.176818,-0.095989,1.000000,1.000000,0.000000,C-06,0,0,0,1,1,0,0.000407,0.047874,0.7083,-0.1203,0.2693,2,ok
0,1831,203.520000,1.312700,-1.626523,-0.031737,-0.004023,-0.029680,4.151635,0.197998,0.301049,-0.026818,-0.327867,0.873355,0.900000,0.026645,C-06,0,0,0,1,1,0,-0.001684,0.014746,0.7500,-0.1057,0.2640,2,ok
0,1832,203.640000,1.338262,-1.627255,-0.022539,-0.004755,-0.020482,4.177198,0.217335,0.495703,0.123182,-0.372521,0.987764,0.987764,0.000000,C-06,0,0,0,1,1,0,-0.001345,0.004515,0.7708,-0.1221,0.2671,2,ok
0,1833,203.740000,1.360237,-1.627856,-0.013817,-0.005356,-0.007628,4.199172,0.220059,0.124829,0.124829,0.000000,1.000000,1.000000,0.000000,,0,0,0,1,1,0,-0.001550,0.034691,0.7292,-0.0926,0.2671,2,ok
0,1834,203.860000,1.386634,-1.628229,-0.015076,-0.005729,-0.008887,4.225570,0.219995,-0.344303,-0.025171,0.319132,1.000000,1.000000,0.000000,C-06,0,0,0,1,1,0,-0.001491,0.063173,0.7500,-0.0528,0.2651,2,ok
0,1835,203.980000,1.413028,-1.628578,-0.028891,-0.005925,-0.014855,4.252025,0.219932,-0.451980,-0.175171,0.276810,1.000000,1.000000,0.000000,C-06,0,0,0,1,1,0,-0.000252,0.073651,0.6875,-0.0585,0.2700,2,ok
0,1836,204.080000,1.435017,-1.629007,-0.033799,-0.006128,-0.019763,4.274017,0.219929,-0.062869,-0.062869,0.000000,1.000000,1.000000,0.000000,,0,0,0,1,1,0,-0.002749,0.091758,0.6458,0.0192,0.2690,2,ok
0,1837,204.200000,1.461394,-1.629597,-0.050441,-0.006294,-0.027005,4.300465,0.219784,-0.262381,-0.212869,0.049512,1.000000,1.000000,0.000000,C-06,0,0,0,1,1,0,-0.003694,0.080966,0.6458,0.0409,0.2696,2,ok
0,1838,204.300000,1.483362,-1.630488,-0.055567,-0.006731,-0.032131,4.322447,0.219875,0.068715,-0.062869,-0.131584,1.000000,1.000000,0.000000,C-06,0,0,0,1,1,0,-0.004237,0.083526,0.6875,0.0536,0.2666,2,ok
0,1839,204.420000,1.507264,-1.631732,-0.049338,-0.007253,-0.014508,4.346507,0.198028,0.372348,0.087131,-0.285217,0.825308,0.900000,0.074692,C-06,0,0,0,1,1,0,-0.003795,0.055716,0.7500,0.0488,0.2676,2,ok
0,1840,204.520000,1.528341,-1.632750,-0.034092,-0.007443,0.000738,4.367607,0.215176,0.414510,0.237131,-0.177379,0.977588,0.977588,0.000000,C-06,0,0,0,1,1,0,-0.000892,0.030253,0.7292,-0.0105,0.2651,2,ok
0,1841,204.640000,1.554679,-1.633939,-0.026198,-0.007509,0.019236,4.394030,0.220125,-0.111342,0.087131,0.198473,1.000000,1.000000,0.000000,C-06,0,0,0,1,1,0,0.000678,0.079375,0.7083,0.0308,0.2633,2,ok
0,1842,204.740000,1.576670,-1.634531,-0.029770,-0.007068,0.015664,4.416025,0.219977,-0.734965,-0.062869,0.672096,1.000000,1.000000,0.000000,C-06,0,0,0,1,1,0,0.005796,0.066065,0.6875,-0.0613,0.2627,2,ok
0,1843,204.860000,1.603051,-1.635212,-0.046456,-0.006400,0.009395,4.442473,0.219844,-0.896021,-0.212869,0.683152,1.000000,1.000000,0.000000,C-06,0,0,0,1,1,0,0.003081,0.096695,0.6875,0.0358,0.2651,2,ok
0,1844,204.980000,1.629409,-1.635892,-0.065969,-0.005578,-0.010117,4.468827,0.219608,-0.239906,-0.239906,0.000000,1.000000,1.000000,0.000000,,0,0,0,1,1,0,0.003054,0.069493,0.6458,0.0311,0.2664,2,ok
0,1845,205.080000,1.651356,-1.637031,-0.072770,-0.005402,-0.010246,4.490838,0.219773,-0.045411,-0.089906,-0.044496,1.000000,1.000000,0.000000,C-06,0,0,0,1,1,0,0.000892,0.068031,0.6667,0.0857,0.2672,2,ok
0,1846,205.200000,1.675885,-1.638808,-0.068551,-0.005623,-0.006027,4.515430,0.204167,0.229743,0.060094,-0.169649,0.927749,0.927749,0.000000,C-06,0,0,0,1,1,0,0.000321,0.039944,0.7292,0.0981,0.2665,2,ok
0,1847,205.300000,1.694370,-1.640072,-0.056370,-0.005675,0.012416,4.534011,0.182300,0.293376,0.210094,-0.083282,0.828067,0.828067,0.000000,C-06,0,0,0,1,1,0,-0.000096,0.053273,0.7083,0.1034,0.2639,2,ok
0,1848,205.420000,1.718215,-1.641530,-0.050615,-0.005396,0.018171,4.557900,0.204268,-0.281484,0.060094,0.341578,0.974364,0.928067,-0.046297,C-06,0,0,0,1,1,0,-0.000741,0.081114,0.7917,0.1725,0.2669,2,ok
0,1849,205.520000,1.739825,-1.642591,-0.055806,-0.004884,0.012980,4.579249,0.219913,-0.330540,-0.089906,0.240634,1.000000,1.000000,0.000000,C-06,0,0,0,1,1,0,0.001954,0.106596,0.7292,0.1697,0.2628,2,ok
0,1850,205.640000,1.766170,-1.643854,-0.074397,-0.004232,-0.001404,4.605896,0.219658,-0.598260,-0.239906,0.358354,1.000000,1.000000,0.000000,C-06,0,0,0,1,1,0,0.001680,0.095782,0.7500,0.2103,0.2666,2,ok
0,1851,205.740000,1.788100,-1.645041,-0.084557,-0.003825,-0.011564,4.627854,0.219602,-0.144536,-0.144536,0.000000,1.000000,1.000000,0.000000,,0,0,0,1,1,0,0.001126,0.070574,0.7083,0.2183,0.2673,2,ok
0,1852,205.860000,1.814390,-1.646680,-0.098413,-0.003408,-0.022514,4.654213,0.219450,-0.175468,-0.175468,0.000000,1.000000,1.000000,0.000000,,0,0,0,1,1,0,0.000531,0.046190,0.7292,0.2259,0.2678,2,ok
0,1853,205.980000,1.840658,-1.649168,-0.100943,-0.003834,-0.025044,4.678732,0.219905,0.851072,-0.025468,-0.876540,1.000000,1.000000,0.000000,C-06,0,0,0,1,1,0,0.000538,0.000577,0.7083,0.2141,0.2676,2,ok
0,1854,206.080000,1.862553,-1.651372,-0.093634,-0.004326,-0.016808,4.702595,0.220140,1.000000,0.124532,-0.875468,1.000000,1.000000,0.000000,C-06,0,0,0,1,1,0,-0.001575,0.009123,0.6667,0.2650,0.2689,2,ok
0,1855,206.200000,1.888860,-1.654025,-0.072477,-0.004921,0.004349,4.728784,0.220517,0.956184,0.274532,-0.681652,1.000000,1.000000,0.000000,C-06,0,0,0,1,1,0,-0.001183,0.005747,0.6875,0.2554,0.2675,2,ok
0,1856,206.300000,1.910344,-1.656243,-0.044945,-0.005462,0.031622,4.750619,0.215297,0.425100,0.424532,-0.000568,0.974466,0.974466,0.000000,C-06,0,0,0,1,1,0,0.001223,0.013371,0.7708,0.2483,0.2683,2,ok
0,1857,206.420000,1.935958,-1.658452,-0.021488,-0.005672,0.055079,4.776327,0.214071,0.174005,0.274532,0.100527,0.970508,0.970508,0.000000,C-06,0,0,0,1,1,0,0.001223,0.013371,0.7708,0.2483,0.2683,2,ok
0,1858,206.520000,1.957879,-1.659374,-0.012113,-0.004895,0.062185,4.798251,0.220128,-0.578788,0.124532,0.703320,1.000000,1.000000,0.000000,C-06,0,0,0,1,1,0,0.007232,0.053087,0.7708,0.2047,0.2644,2,ok
0,1859,206.640000,1.984277,-1.659717,-0.013503,-0.003197,0.060795,4.824597,0.219995,-0.818188,-0.025468,0.792720,1.000000,1.000000,0.000000,C-06,0,0,0,1,1,0,0.011023,0.094562,0.7083,0.2226,0.2627,2,ok
0,1860,206.740000,2.006273,-1.659972,-0.024707,-0.001854,0.046133,4.846536,0.219951,-0.983626,-0.175468,0.808157,1.000000,1.000000,0.000000,C-06,0,0,0,1,1,0,0.012811,0.128419,0.6875,0.1691,0.2564,2,ok
0,1861,206.860000,2.032654,-1.660277,-0.050723,-0.000280,0.020117,4.872872,0.219745,-0.564175,-0.325468,0.238707,1.000000,1.000000,0.000000,C-06,0,0,0,1,1,0,0.006493,0.137058,0.6875,0.4088,0.2687,2,ok
0,1862,206.980000,2.059008,-1.660971,-0.065907,0.000822,-0.000037,4.899212,0.219657,-0.136860,-0.175468,-0.038608,1.000000,1.000000,0.000000,C-06,0,0,0,1,1,0,0.006493,0.137058,0.6875,0.4088,0.2687,2,ok
0,1863,207.080000,2.080945,-1.661745,-0.086790,0.001518,-0.020919,4.921151,0.219332,-0.364336,-0.325468,0.038868,1.000000,1.000000,0.000000,C-06,0,0,0,1,0,0,0.006493,0.137058,0.6875,0.4088,0.2687,2,ok
0,1864,207.200000,2.107226,-1.663395,-0.101631,0.001525,-0.042698,4.947494,0.219431,0.806905,-0.175468,-0.982373,1.000000,1.000000,0.000000,C-06,0,0,0,1,1,0,0.000272,0.011636,0.7292,0.5239,0.2691,2,ok
0,1865,207.300000,2.128971,-1.665506,-0.104114,0.000737,-0.045181,4.969327,0.218391,0.484308,-0.025468,-0.509776,0.993131,0.993131,0.000000,C-06,0,0,0,1,1,0,-0.001743,-0.023235,0.7708,0.5385,0.2670,2,ok
0,1866,207.420000,2.154282,-1.668143,-0.095144,-0.000459,-0.044660,4.994748,0.211549,0.822657,0.124532,-0.698125,0.960764,0.960764,0.000000,C-06,0,0,0,1,1,0,-0.004233,-0.071602,0.7500,0.5917,0.2692,2,ok
0,1867,207.520000,2.173422,-1.670110,-0.078825,-0.001409,-0.028340,5.013966,0.189768,0.639954,0.274532,-0.365422,0.822126,0.860764,0.038638,C-06,0,0,0,1,1,0,-0.004975,-0.020528,0.7500,0.6107,0.2703,2,ok
0,1868,207.640000,2.198129,-1.672418,-0.045192,-0.002467,-0.004632,5.038735,0.212004,0.839873,0.424532,-0.415341,0.966599,0.960764,-0.005835,C-06,0,0,0,1,1,0,-0.004953,-0.044845,0.7083,0.6435,0.2695,2,ok
0,1869,207.740000,2.219988,-1.674269,-0.025462,-0.003383,0.015098,5.060653,0.220592,-0.029379,0.274532,0.303911,1.000000,1.000000,0.000000,C-06,0,0,0,1,1,0,-0.003748,0.056825,0.7083,0.6960,0.2695,2,ok
0,1870,207.860000,2.246383,-1.675453,-0.014263,-0.003439,0.026297,5.084342,0.220138,-0.327525,0.124532,0.452057,1.000000,1.000000,0.000000,C-06,0,0,0,1,1,0,0.000392,0.010081,0.6875,0.6358,0.2668,2,ok
0,1871,207.980000,2.272780,-1.675852,-0.015348,-0.003109,0.012687,5.113425,0.219995,-0.021607,-0.021607,0.000000,1.000000,1.000000,0.000000,,0,0,0,1,1,0,-0.000671,0.124357,0.6875,0.7237,0.2696,2,ok
0,1872,208.080000,2.294778,-1.676161,-0.011167,-0.002778,0.016869,5.135422,0.220007,0.066647,0.066647,0.000000,1.000000,1.000000,0.000000,,0,0,0,1,1,0,-0.000905,0.049187,0.6875,0.7444,0.2700,2,ok
0,1873,208.200000,2.321177,-1.676533,-0.001216,-0.002686,0.012046,5.161791,0.220021,0.121000,0.121000,0.000000,1.000000,1.000000,0.000000,,0,0,0,1,1,0,-0.000001,-0.018721,0.7708,0.7517,0.2691,2,ok
0,1874,208.300000,2.343176,-1.676843,0.016800,-0.002614,0.030062,5.183793,0.219994,0.308274,0.271000,-0.037274,1.000000,1.000000,0.000000,C-06,0,0,0,1,1,0,-0.000448,-0.042564,0.7708,0.7851,0.2667,2,ok
0,1875,208.420000,2.369564,-1.677214,0.041921,-0.002957,0.037971,5.210130,0.219839,0.303854,0.303854,0.000000,1.000000,1.000000,0.000000,,0,0,0,1,1,0,-0.001695,0.050211,0.7500,0.8374,0.2677,2,ok
0,1876,208.520000,2.391539,-1.676827,0.053225,-0.002611,0.049276,5.232106,0.219762,0.142544,0.153854,0.011310,1.000000,1.000000,0.000000,C-06,0,0,0,1,1,0,0.002713,0.057644,0.7083,0.8297,0.2651,2,ok
0,1877,208.640000,2.417900,-1.675460,0.054258,-0.001642,0.031009,5.258442,0.219992,-0.069133,0.003854,0.072987,1.000000,1.000000,0.000000,C-06,0,0,0,1,1,0,0.002713,0.057644,0.7083,0.8297,0.2651,2,ok
0,1878,208.740000,2.439863,-1.674282,0.062419,-0.000923,0.039169,5.280425,0.219894,0.132327,0.132327,0.000000,1.000000,1.000000,0.000000,,0,0,0,1,1,0,0.006873,0.027309,0.6875,0.7773,0.2666,2,ok
0,1879,208.860000,2.466193,-1.672869,0.084240,-0.000371,0.037405,5.306773,0.219555,0.681151,0.282327,-0.398825,1.000000,1.000000,0.000000,C-06,0,0,0,1,1,0,0.009438,-0.099202,0.6667,0.7324,0.2696,2,ok
0,1880,208.980000,2.492474,-1.671425,0.104928,-0.000068,0.058093,5.333093,0.219205,0.258198,0.258198,0.000000,1.000000,1.000000,0.000000,,0,0,0,1,1,0,0.012409,-0.050242,0.6875,0.7070,0.2657,2,ok
0,1881,209.080000,2.514344,-1.669474,0.112764,0.000714,0.040576,5.355046,0.219585,-0.304806,0.108198,0.413004,1.000000,1.000000,0.000000,C-06,0,0,0,1,1,0,0.012857,-0.080514,0.7500,0.7058,0.2662,2,ok
0,1882,209.200000,2.540570,-1.666673,0.116752,0.001741,0.044564,5.381401,0.219805,0.047028,0.047028,0.000000,1.000000,1.000000,0.000000,,0,0,0,1,1,0,0.014545,-0.123333,0.7708,0.6801,0.2678,2,ok
0,1883,209.300000,2.562406,-1.664279,0.128539,0.002524,0.025887,5.403434,0.219515,0.323432,0.197028,-0.126403,1.000000,1.000000,0.000000,C-06,0,0,0,1,1,0,0.014644,-0.172051,0.7292,0.6677,0.2663,2,ok
0,1884,209.420000,2.588544,-1.661406,0.153869,0.002758,0.051217,5.429729,0.218755,0.338930,0.338930,0.000000,1.000000,1.000000,0.000000,,0,0,0,1,1,0,0.016074,-0.136966,0.7500,0.6058,0.2663,2,ok
0,1885,209.520000,2.609681,-1.659020,0.181720,0.003008,0.079068,5.450999,0.211501,0.452446,0.452446,0.000000,0.970950,0.970950,0.000000,,0,0,0,1,1,0,0.016530,-0.121335,0.7500,0.5998,0.2683,2,ok
0,1886,209.640000,2.635506,-1.655188,0.205111,0.003554,0.069040,5.477188,0.218228,0.022816,0.302446,0.279630,1.000000,1.000000,0.000000,C-06,0,0,0,1,1,0,0.016665,-0.146919,0.7083,0.6120,0.2668,2,ok
0,1887,209.740000,2.657020,-1.651120,0.215298,0.004828,0.079226,5.499046,0.219020,-0.315258,0.152446,0.467703,1.000000,1.000000,0.000000,C-06,0,0,0,1,1,0,0.017304,-0.075448,0.6667,0.6043,0.2666,2,ok
0,1888,209.860000,2.682807,-1.645501,0.216033,0.006297,0.040735,5.525639,0.219983,-0.157424,0.002446,0.159870,1.000000,1.000000,0.000000,C-06,0,0,0,1,1,0,0.017833,-0.031273,0.6667,0.5970,0.2661,2,ok
0,1889,209.980000,2.708577,-1.639851,0.222545,0.007422,0.047247,5.551996,0.219695,0.095370,0.095370,0.000000,1.000000,1.000000,0.000000,,0,0,0,1,1,0,0.016908,-0.114630,0.6875,0.5762,0.2635,2,ok
0,1890,210.080000,2.730001,-1.635143,0.236699,0.007948,0.019921,5.574216,0.219028,0.460944,0.245370,-0.215574,1.000000,1.000000,0.000000,C-06,0,0,0,1,1,0,0.013377,-0.155637,0.7708,0.6460,0.2655,2,ok
0,1891,210.200000,2.755579,-1.629493,0.264457,0.008130,0.047679,5.600409,0.217581,0.416099,0.395370,-0.020728,1.000000,1.000000,0.000000,C-06,0,0,0,1,1,0,0.014313,-0.163684,0.7708,0.6052,0.2624,2,ok
0,1892,210.300000,2.776119,-1.624481,0.279522,0.008557,0.019695,5.622003,0.211057,0.199275,0.245370,0.046095,0.967489,0.967489,0.000000,C-06,0,0,0,1,1,0,0.013608,-0.136183,0.7083,0.6373,0.2642,2,ok
0,1893,210.420000,2.801366,-1.617476,0.287003,0.008742,0.027177,5.648203,0.219270,-0.037580,0.095370,0.132951,1.000000,1.000000,0.000000,C-06,0,0,0,1,1,0,0.016257,-0.120981,0.7500,0.5677,0.2632,2,ok
0,1894,210.520000,2.822424,-1.611452,0.300810,0.009071,0.040983,5.670104,0.218644,0.408100,0.245370,-0.162730,1.000000,1.000000,0.000000,C-06,0,0,0,1,1,0,0.014387,-0.066842,0.7292,0.5875,0.2688,2,ok
0,1895,210.640000,2.845856,-1.604247,0.326784,0.009014,0.025696,5.695023,0.201989,0.951050,0.395370,-0.555679,0.925251,0.925251,0.000000,C-06,0,0,0,1,1,0,0.015538,-0.193563,0.7500,0.5542,0.2700,2,ok
0,1896,210.740000,2.865820,-1.597913,0.341440,0.008999,0.040352,5.715968,0.210817,0.245477,0.245477,0.000000,0.966986,0.966986,0.000000,,0,0,0,1,1,0,0.015873,-0.108768,0.7083,0.5584,0.2675,2,ok
0,1897,210.860000,2.890549,-1.589320,0.348558,0.009229,0.007085,5.742478,0.219016,-0.138675,0.095477,0.234152,0.999014,0.999014,0.000000,C-06,0,0,0,1,1,0,0.015259,-0.012268,0.6458,0.5733,0.2649,2,ok
0,1898,210.980000,2.914948,-1.580467,0.345563,0.009338,0.004090,5.768433,0.216180,-0.260546,-0.054523,0.206023,0.981613,0.981613,0.000000,C-06,0,0,0,1,1,0,0.014622,-0.137758,0.7083,0.5637,0.2703,2,ok
0,1899,211.080000,2.934911,-1.573269,0.350381,0.009167,-0.027128,5.789985,0.211725,0.378382,0.095477,-0.282905,0.963715,0.963715,0.000000,C-06,0,0,0,1,1,0,0.013871,-0.197225,0.7708,0.5313,0.2669,2,ok
0,1900,211.200000,2.958364,-1.564652,0.366166,0.008483,-0.011343,5.814961,0.207378,0.719337,0.245477,-0.473860,0.946831,0.946831,0.000000,C-06,0,0,0,1,1,0,0.012285,-0.217925,0.7500,0.5317,0.2679,2,ok
0,1901,211.300000,2.978616,-1.557389,0.387327,0.007728,0.009818,5.836463,0.216942,0.933256,0.395477,-0.537779,1.000000,1.000000,0.000000,C-06,0,0,0,1,1,0,0.010341,-0.161835,0.7500,0.5560,0.2682,2,ok
0,1902,211.420000,3.002669,-1.548253,0.422236,0.006503,0.010933,5.862416,0.213712,0.885561,0.545477,-0.340084,0.989963,0.989963,0.000000,C-06,0,0,0,1,1,0,0.009898,-0.154776,0.7500,0.5538,0.2678,2,ok
0,1903,211.520000,3.022615,-1.539778,0.444103,0.006272,0.032800,5.884087,0.217070,-0.043984,0.395477,0.439460,1.000000,1.000000,0.000000,C-06,0,0,0,1,1,0,0.010935,-0.124869,0.7708,0.5342,0.2679,2,ok
0,1904,211.640000,3.046360,-1.528766,0.460239,0.006273,0.016187,5.910460,0.218207,-0.205406,0.245477,0.450882,1.000000,1.000000,0.000000,C-06,0,0,0,1,1,0,0.011231,-0.099220,0.7292,0.5500,0.2678,2,ok
0,1905,211.740000,3.066041,-1.519110,0.465831,0.006542,0.021779,5.932381,0.219304,-0.501983,0.095477,0.597460,1.000000,1.000000,0.000000,C-06,0,0,0,1,1,0,0.012072,-0.077549,0.7083,0.5468,0.2665,2,ok
0,1906,211.860000,3.089641,-1.507264,0.462953,0.006686,-0.013096,5.959011,0.220236,-0.176259,-0.054523,0.121736,1.000000,1.000000,0.000000,C-06,0,0,0,1,1,0,0.010420,-0.032737,0.6667,0.5679,0.2657,2,ok
0,1907,211.980000,3.111459,-1.496304,0.468287,0.006407,-0.007761,5.983425,0.201999,0.238839,0.095477,-0.143363,0.918987,0.918987,0.000000,C-06,0,0,0,1,1,0,0.008169,-0.165174,0.7292,0.5622,0.2682,2,ok
0,1908,212.080000,3.129471,-1.487163,0.480643,0.006144,-0.026498,6.003813,0.201548,0.592059,0.245477,-0.346582,0.920399,0.920399,0.000000,C-06,0,0,0,1,1,0,0.006074,-0.188012,0.7917,0.5970,0.2690,2,ok
0,1909,212.200000,3.152375,-1.475506,0.504513,0.005197,-0.002628,6.029495,0.217413,0.806927,0.395477,-0.411450,1.000000,1.000000,0.000000,C-06,0,0,0,1,1,0,0.006134,-0.163055,0.7500,0.5985,0.2684,2,ok
0,1910,212.300000,3.171441,-1.465235,0.531558,0.004904,0.024417,6.051150,0.216088,0.557744,0.545477,-0.012268,0.996976,0.996976,0.000000,C-06,0,0,0,1,1,0,0.006276,-0.176459,0.7292,0.6110,0.2683,2,ok
0,1911,212.420000,3.193506,-1.452431,0.555745,0.004640,0.017594,6.076816,0.212486,-0.192827,0.395477,0.588304,0.975527,0.975527,0.000000,C-06,0,0,0,1,1,0,0.009178,-0.115367,0.7500,0.5509,0.2659,2,ok
0,1912,212.520000,3.212060,-1.440993,0.568483,0.004923,0.030332,6.098610,0.218760,-0.093005,0.245477,0.338482,1.000000,1.000000,0.000000,C-06,0,0,0,1,1,0,0.011814,-0.135838,0.7292,0.5199,0.2687,2,ok
0,1913,212.640000,3.234260,-1.426823,0.574700,0.005182,0.006453,6.125091,0.219534,-0.478022,0.095477,0.573499,1.000000,1.000000,0.000000,C-06,0,0,0,1,1,0,0.011207,-0.123275,0.7083,0.5519,0.2681,2,ok
0,1914,212.740000,3.252735,-1.414864,0.572550,0.005327,0.004303,6.147098,0.220234,-0.082934,-0.054523,0.028411,1.000000,1.000000,0.000000,C-06,0,0,0,1,1,0,0.011011,-0.071448,0.6875,0.5573,0.2670,2,ok
0,1915,212.860000,3.274122,-1.401053,0.577584,0.005118,-0.020297,6.172720,0.211358,0.500909,0.095477,-0.405432,0.962692,0.962692,0.000000,C-06,0,0,0,1,1,0,0.011710,-0.132340,0.6458,0.5123,0.2685,2,ok
0,1916,212.980000,3.295431,-1.387128,0.591361,0.004609,-0.006520,6.198171,0.211897,0.434790,0.245477,-0.189314,0.968038,0.968038,0.000000,C-06,0,0,0,1,1,0,0.011004,-0.180418,0.7083,0.4887,0.2682,2,ok
0,1917,213.080000,3.312517,-1.375573,0.609732,0.004414,-0.017192,6.218925,0.204961,0.657712,0.395477,-0.262236,0.938220,0.938220,0.000000,C-06,0,0,0,1,1,0,0.008888,-0.198549,0.7708,0.5222,0.2696,2,ok
0,1918,213.200000,3.332296,-1.361587,0.638365,0.004125,0.011441,6.243148,0.201298,0.514075,0.514075,0.000000,0.921414,0.921414,0.000000,,0,0,0,1,1,0,0.008888,-0.198549,0.7708,0.5222,0.2696,2,ok
0,1919,213.300000,3.349500,-1.348725,0.655970,0.004437,0.029046,6.264625,0.219251,-0.070300,0.364075,0.434375,1.000000,1.000000,0.000000,C-06,0,0,0,1,1,0,0.009801,-0.155638,0.7917,0.5077,0.2681,2,ok
0,1920,213.420000,3.370312,-1.332563,0.668713,0.004666,0.012790,6.291103,0.219675,-0.208109,0.214075,0.422184,1.000000,1.000000,0.000000,C-06,0,0,0,1,1,0,0.008254,-0.133336,0.7917,0.5748,0.2715,2,ok
0,1921,213.520000,3.387546,-1.318907,0.672200,0.004979,0.016277,6.313090,0.219913,-0.223650,0.064075,0.287724,1.000000,1.000000,0.000000,C-06,0,0,0,1,1,0,0.008540,-0.076410,0.7083,0.5757,0.2680,2,ok
0,1922,213.640000,3.408116,-1.302396,0.683344,0.005021,-0.001201,6.339613,0.219808,0.434174,0.214075,-0.220099,1.000000,1.000000,0.000000,C-06,0,0,0,1,1,0,0.007253,-0.152372,0.7292,0.6024,0.2686,2,ok
0,1923,213.740000,3.423531,-1.289686,0.699213,0.005118,0.014668,6.359592,0.197925,0.577473,0.364075,-0.213398,0.873184,0.900000,0.026816,C-06,0,0,0,1,1,0,0.006505,-0.142872,0.7292,0.6285,0.2683,2,ok
0,1924,213.860000,3.441462,-1.274377,0.714844,0.005422,0.000815,6.383319,0.196474,0.284544,0.284544,0.000000,0.892137,0.892137,0.000000,,0,0,0,1,1,0,0.007432,-0.080665,0.6458,0.6145,0.2661,2,ok
0,1925,213.980000,3.457380,-1.260468,0.722875,0.005533,0.008846,6.404458,0.174436,-0.241364,0.134544,0.375908,0.788946,0.792137,0.003191,C-06,0,0,0,1,1,0,0.008571,-0.108214,0.6875,0.6164,0.2652,2,ok
0,1926,214.080000,3.471630,-1.247893,0.722718,0.005727,0.008689,6.423462,0.196251,-0.078854,-0.015456,0.063398,0.977319,0.892137,-0.085182,C-06,0,0,0,1,1,0,0.009091,-0.103187,0.7708,0.6172,0.2630,2,ok
0,1927,214.200000,3.490749,-1.230919,0.729557,0.005488,-0.013036,6.449194,0.218491,0.239121,0.134544,-0.104577,1.000000,0.992137,-0.007863,C-06,0,0,0,1,1,0,0.005654,-0.114468,0.7708,0.6810,0.2639,2,ok
0,1928,214.300000,3.507008,-1.216259,0.742287,0.005308,-0.000306,6.471086,0.219155,0.906174,0.284544,-0.621629,0.993066,0.993066,0.000000,C-06,0,0,0,1,1,0,0.007142,-0.150532,0.8333,0.6367,0.2627,2,ok
0,1929,214.420000,3.524897,-1.199591,0.766187,0.005092,-0.005218,6.495710,0.202203,1.000000,0.434544,-0.565456,0.916715,0.916715,0.000000,C-06,0,0,0,1,1,0,0.003123,0.002904,0.7708,0.7409,0.2684,2,ok
0,1930,214.520000,3.540057,-1.184615,0.792375,0.005187,0.020970,6.517019,0.215543,0.550673,0.550673,0.000000,0.980548,0.980548,0.000000,,0,0,0,1,1,0,0.004893,-0.116334,0.7500,0.7423,0.2682,2,ok
0,1931,214.640000,3.558337,-1.165706,0.815788,0.005749,0.014363,6.543448,0.219296,-0.131505,0.400673,0.532177,1.000000,1.000000,0.000000,C-06,0,0,0,1,1,0,0.006192,-0.098820,0.7083,0.7612,0.2675,2,ok
0,1932,214.740000,3.573311,-1.149653,0.828095,0.006222,0.026671,6.565396,0.219376,-0.316436,0.250673,0.567109,1.000000,1.000000,0.000000,C-06,0,0,0,1,1,0,0.006381,-0.106403,0.7292,0.7974,0.2696,2,ok
0,1933,214.860000,3.591100,-1.130180,0.834261,0.007064,0.032837,6.590094,0.219789,-0.439068,0.100673,0.539741,1.000000,1.000000,0.000000,C-06,0,0,0,1,1,0,0.008877,0.011057,0.7083,0.7801,0.2665,2,ok
0,1934,214.980000,3.608812,-1.110615,0.836261,0.007178,0.005404,6.618361,0.219939,0.031455,0.031455,0.000000,1.000000,1.000000,0.000000,,0,0,0,1,1,0,0.013628,0.048417,0.7083,0.7020,0.2602,2,ok
0,1935,215.080000,3.623119,-1.094698,0.841374,0.007389,0.010517,6.639761,0.213378,0.117247,0.117247,0.000000,0.970792,0.970792,0.000000,,0,0,0,1,1,0,0.008997,-0.048641,0.6875,0.8006,0.2673,2,ok
0,1936,215.200000,3.639128,-1.076555,0.855472,0.007161,-0.005580,6.664210,0.200664,0.503480,0.267247,-0.236234,0.913117,0.913117,0.000000,C-06,0,0,0,1,1,0,0.014741,-0.196472,0.8125,0.6250,0.2614,2,ok
0,1937,215.300000,3.653093,-1.060205,0.873673,0.007181,0.012622,6.685712,0.220089,0.865685,0.417247,-0.448438,1.000000,1.000000,0.000000,C-06,0,0,0,1,1,0,0.011990,-0.067150,0.7917,0.7003,0.2626,2,ok
0,1938,215.420000,3.669837,-1.039716,0.904155,0.007403,0.011602,6.712365,0.220869,1.000000,0.567247,-0.432753,1.000000,1.000000,0.000000,C-06,0,0,0,1,1,0,0.010964,-0.119304,0.7708,0.7440,0.2656,2,ok
0,1939,215.520000,3.683406,-1.022291,0.923952,0.007846,0.031399,6.734445,0.220983,0.153344,0.417247,0.263903,1.000000,1.000000,0.000000,C-06,0,0,0,1,1,0,0.015399,-0.126514,0.7292,0.6823,0.2659,2,ok
0,1940,215.640000,3.699299,-1.001099,0.939477,0.008516,0.014587,6.761234,0.220793,-1.000000,0.267247,1.267247,1.000000,1.000000,0.000000,C-06,0,0,0,1,1,0,0.019632,-0.198307,0.7500,0.5795,0.2624,2,ok
0,1941,215.740000,3.712294,-0.983297,0.945584,0.008834,0.020693,6.783272,0.220375,-0.810095,0.117247,0.927342,1.000000,1.000000,0.000000,C-06,0,0,0,1,1,0,0.018767,-0.126141,0.7083,0.6192,0.2646,2,ok
0,1942,215.860000,3.727744,-0.961896,0.944379,0.009232,-0.013991,6.809944,0.219902,-0.031181,-0.031181,0.000000,1.000000,1.000000,0.000000,,0,0,0,1,1,0,0.019309,-0.199238,0.6875,0.6079,0.2646,2,ok
0,1943,215.980000,3.743212,-0.940465,0.950552,0.008953,-0.007818,6.836373,0.220402,0.409680,0.118819,-0.290861,1.000000,1.000000,0.000000,C-06,0,0,0,1,1,0,0.019864,-0.152756,0.7083,0.4997,0.2517,2,ok
0,1944,216.080000,3.755450,-0.923246,0.962760,0.008886,0.004390,6.857497,0.210894,0.649598,0.268819,-0.380779,0.953955,0.953955,0.000000,C-06,0,0,0,1,1,0,0.016359,-0.194089,0.7917,0.5232,0.2580,2,ok
0,1945,216.200000,3.770049,-0.901544,0.986429,0.008655,-0.009753,6.883957,0.220186,0.882361,0.418819,-0.463542,1.000000,1.000000,0.000000,C-06,0,0,0,1,1,0,0.015400,-0.253876,0.7917,0.5035,0.2630,2,ok
0,1946,216.300000,3.782201,-0.883038,1.013577,0.008640,0.017394,6.906096,0.222614,0.932127,0.568819,-0.363308,1.000000,1.000000,0.000000,C-06,0,0,0,1,1,0,0.015768,-0.300335,0.8125,0.4861,0.2625,2,ok
0,1947,216.420000,3.796571,-0.860350,1.056158,0.008317,0.020795,6.933296,0.224743,0.960938,0.718819,-0.242119,1.000000,1.000000,0.000000,C-06,0,0,0,1,1,0,0.013203,-0.213718,0.7500,0.5495,0.2666,2,ok
0,1948,216.520000,3.807929,-0.841041,1.085921,0.008512,0.050557,6.955697,0.224107,-1.000000,0.568819,1.568819,1.000000,1.000000,0.000000,C-06,0,0,0,1,1,0,0.018487,-0.204272,0.7083,0.4342,0.2632,2,ok
0,1949,216.640000,3.820737,-0.817520,1.112847,0.009016,0.036149,6.982902,0.223203,-1.000000,0.418819,1.418819,1.000000,1.000000,0.000000,C-06,0,0,0,1,1,0,0.019928,-0.140446,0.7708,0.4286,0.2652,2,ok
0,1950,216.740000,3.830800,-0.797713,1.127716,0.009517,0.051018,7.005113,0.222094,-1.000000,0.268819,1.268819,1.000000,1.000000,0.000000,C-06,0,0,0,1,1,0,0.020169,-0.113334,0.7500,0.4351,0.2646,2,ok
0,1951,216.860000,3.842293,-0.773814,1.135917,0.010415,0.018141,7.032065,0.220927,-0.519639,0.118819,0.638459,1.000000,1.000000,0.000000,C-06,0,0,0,1,1,0,0.020453,-0.094207,0.7292,0.4490,0.2601,2,ok
0,1952,216.980000,3.853425,-0.749876,1.134482,0.010779,0.016706,7.058462,0.219866,-0.250834,-0.031181,0.219653,1.000000,1.000000,0.000000,C-06,0,0,0,1,1,0,0.018676,-0.116719,0.7708,0.4248,0.2685,2,ok
0,1953,217.080000,3.862722,-0.729914,1.140181,0.011070,0.022405,7.080481,0.220459,0.176293,0.118819,-0.057474,1.000000,1.000000,0.000000,C-06,0,0,0,1,1,0,0.018427,-0.156526,0.7917,0.4138,0.2690,2,ok
0,1954,217.200000,3.873756,-0.706089,1.156861,0.010396,-0.000318,7.107183,0.219209,0.532718,0.268819,-0.263899,0.988467,0.988467,0.000000,C-06,0,0,0,1,1,0,0.016603,-0.147865,0.7917,0.4106,0.2673,2,ok
0,1955,217.300000,3.882884,-0.685886,1.178909,0.010034,0.021730,7.129350,0.222749,0.752041,0.418819,-0.333222,1.000000,1.000000,0.000000,C-06,0,0,0,1,1,0,0.016500,-0.189834,0.8125,0.3908,0.2689,2,ok
0,1956,217.420000,3.892807,-0.663535,1.215740,0.009181,0.021461,7.154116,0.202867,0.693427,0.568819,-0.124608,0.885936,0.900000,0.014064,C-06,0,0,0,1,1,0,0.015561,-0.170689,0.7917,0.4078,0.2672,2,ok
0,1957,217.520000,3.900710,-0.643360,1.240126,0.009217,0.045847,7.175784,0.222382,-0.253405,0.418819,0.672224,1.000000,1.000000,0.000000,C-06,0,0,0,1,1,0,0.017615,-0.097115,0.7708,0.3985,0.2667,2,ok
0,1958,217.640000,3.909865,-0.618307,1.259436,0.009459,0.031515,7.202754,0.222252,-0.519624,0.268819,0.788443,1.000000,1.000000,0.000000,C-06,0,0,0,1,1,0,0.018955,-0.072650,0.7500,0.3925,0.2658,2,ok
0,1959,217.740000,3.916865,-0.597338,1.267052,0.009928,0.039131,7.224857,0.220965,-0.724266,0.118819,0.843085,1.000000,1.000000,0.000000,C-06,0,0,0,1,1,0,0.019728,-0.061157,0.7292,0.3864,0.2656,2,ok
0,1960,217.860000,3.924776,-0.572150,1.265584,0.010673,0.006781,7.251631,0.219886,-0.054092,-0.031181,0.022911,1.000000,1.000000,0.000000,C-06,0,0,0,1,1,0,0.019348,-0.056847,0.7083,0.3913,0.2646,2,ok
0,1961,217.980000,3.932709,-0.546943,1.273133,0.010730,0.014330,7.278056,0.220456,0.793239,0.118819,-0.674419,1.000000,1.000000,0.000000,C-06,0,0,0,1,1,0,0.016302,-0.052817,0.7500,0.4202,0.2663,2,ok
0,1962,218.080000,3.939240,-0.525901,1.275709,0.010866,0.016906,7.297450,0.220304,0.038329,0.038329,0.000000,1.000000,1.000000,0.000000,,0,0,0,1,1,0,0.017211,-0.135471,0.7917,0.3873,0.2663,2,ok
0,1963,218.200000,3.946944,-0.500647,1.274413,0.010391,-0.014313,7.326772,0.219979,-0.021003,-0.021003,0.000000,1.000000,1.000000,0.000000,,0,0,0,1,1,0,0.017343,-0.160024,0.8125,0.3636,0.2650,2,ok
0,1964,218.300000,3.953371,-0.479588,1.281016,0.010053,-0.007710,7.348787,0.220384,0.334986,0.128997,-0.205989,1.000000,1.000000,0.000000,C-06,0,0,0,1,1,0,0.011532,-0.114007,0.7500,0.4678,0.2670,2,ok
0,1965,218.420000,3.961085,-0.454222,1.299926,0.009003,-0.017185,7.375551,0.221459,0.606407,0.278997,-0.327410,1.000000,1.000000,0.000000,C-06,0,0,0,1,1,0,0.011390,-0.171918,0.7708,0.4351,0.2669,2,ok
0,1966,218.520000,3.967519,-0.433329,1.324752,0.008017,0.007641,7.397391,0.218751,0.792551,0.428997,-0.363554,0.980193,0.980193,0.000000,C-06,0,0,0,1,1,0,0.009628,-0.163963,0.7708,0.4904,0.2715,2,ok
0,1967,218.640000,3.975006,-0.408082,1.355722,0.006552,0.012826,7.423901,0.219420,0.423211,0.423211,0.000000,0.982517,0.982517,0.000000,,0,0,0,1,1,0,0.010691,-0.053589,0.7708,0.4719,0.2726,2,ok
0,1968,218.740000,3.980413,-0.386584,1.373254,0.006086,0.030358,7.446064,0.221931,-0.404291,0.273211,0.677502,1.000000,1.000000,0.000000,C-06,0,0,0,1,1,0,0.012307,-0.072561,0.7292,0.4651,0.2691,2,ok
0,1969,218.860000,3.985986,-0.360670,1.383260,0.006083,0.014749,7.472718,0.220801,-0.222040,0.123211,0.345251,1.000000,1.000000,0.000000,C-06,0,0,0,1,1,0,0.013303,-0.111226,0.6875,0.4661,0.2698,2,ok
0,1970,218.980000,3.990954,-0.334736,1.381735,0.006405,0.013224,7.499122,0.219984,-0.156287,-0.026789,0.129498,1.000000,1.000000,0.000000,C-06,0,0,0,1,1,0,0.009835,0.050802,0.7500,0.5334,0.2723,2,ok
0,1971,219.080000,3.995090,-0.313115,1.388689,0.006429,-0.004734,7.521285,0.220265,0.183959,0.123211,-0.060748,1.000000,1.000000,0.000000,C-06,0,0,0,1,1,0,0.010400,-0.096301,0.8333,0.5040,0.2650,2,ok
0,1972,219.200000,4.000054,-0.287108,1.408574,0.006152,0.015151,7.547761,0.220985,0.305256,0.273211,-0.032045,1.000000,1.000000,0.000000,C-06,0,0,0,1,1,0,0.012449,-0.124140,0.7917,0.4434,0.2617,2,ok
0,1973,219.300000,4.003952,-0.265381,1.417222,0.006005,-0.000067,7.569989,0.220704,0.104403,0.123211,0.018808,1.000000,1.000000,0.000000,C-06,0,0,0,1,1,0,0.007683,-0.039624,0.7500,0.5917,0.2662,2,ok
0,1974,219.420000,4.008140,-0.239283,1.420927,0.005837,0.003639,7.596420,0.220226,0.042051,0.042051,0.000000,1.000000,1.000000,0.000000,,0,0,0,1,1,0,0.009062,-0.003401,0.7708,0.5598,0.2654,2,ok
0,1975,219.520000,4.011570,-0.217513,1.432525,0.005760,0.015237,7.616728,0.220563,0.392977,0.192051,-0.200927,1.000000,1.000000,0.000000,C-06,0,0,0,1,1,0,0.008971,-0.026781,0.7708,0.5536,0.2688,2,ok
0,1976,219.640000,4.015686,-0.191322,1.458587,0.005006,0.017166,7.645098,0.221261,0.377607,0.342051,-0.035557,1.000000,1.000000,0.000000,C-06,0,0,0,1,1,0,0.006961,-0.109067,0.7083,0.6169,0.2684,2,ok
0,1977,219.740000,4.019093,-0.169434,1.481245,0.004445,0.039824,7.667242,0.221573,0.342404,0.342404,0.000000,1.000000,1.000000,0.000000,,0,0,0,1,1,0,0.009592,-0.006013,0.7500,0.5805,0.2665,2,ok
0,1978,219.860000,4.022175,-0.143121,1.497578,0.004218,0.031456,7.693836,0.220683,0.014021,0.192404,0.178383,1.000000,1.000000,0.000000,C-06,0,0,0,1,1,0,0.009592,-0.006013,0.7500,0.5805,0.2665,2,ok
0,1979,219.980000,4.024284,-0.116787,1.501733,0.004908,0.035612,7.720245,0.220122,-0.027085,0.042404,0.069489,1.000000,1.000000,0.000000,C-06,0,0,0,1,1,0,0.013640,0.014149,0.7708,0.5538,0.2645,2,ok
0,1980,220.080000,4.025817,-0.094845,1.495118,0.005207,0.004827,7.742365,0.219906,-0.212560,-0.107596,0.104964,1.000000,1.000000,0.000000,C-06,0,0,0,1,1,0,0.011400,-0.079753,0.8125,0.6007,0.2684,2,ok
0,1981,220.200000,4.027815,-0.068518,1.498009,0.005340,0.007717,7.768767,0.220050,0.470148,0.042404,-0.427744,1.000000,1.000000,0.000000,C-06,0,0,0,1,1,0,0.011663,-0.046753,0.8125,0.5759,0.2621,2,ok
0,1982,220.300000,4.029486,-0.046568,1.510220,0.005051,-0.005507,7.790918,0.220222,0.527226,0.192404,-0.334822,1.000000,1.000000,0.000000,C-06,0,0,0,1,1,0,0.010470,-0.149781,0.8333,0.5856,0.2673,2,ok
0,1983,220.420000,4.031499,-0.020721,1.537161,0.004453,0.021434,7.816836,0.215593,0.511373,0.342404,-0.168968,0.977590,0.977590,0.000000,C-06,0,0,0,1,1,0,0.011103,-0.161897,0.7917,0.5606,0.2654,2,ok
0,1984,220.520000,4.033203,-0.000780,1.569421,0.003658,0.027641,7.836926,0.197428,0.958166,0.492404,-0.465762,0.894046,0.894046,0.000000,C-06,0,0,0,1,1,0,0.007199,0.025911,0.7292,0.6870,0.2702,2,ok
0,1985,220.640000,4.034585,0.024838,1.599124,0.003095,0.057343,7.862574,0.218765,-0.106588,0.342404,0.448992,1.000000,0.994046,-0.005954,C-06,0,0,0,1,1,0,0.011621,-0.114480,0.7500,0.6234,0.2679,2,ok
0,1986,220.740000,4.034638,0.046812,1.613296,0.003744,0.071515,7.882045,0.219812,-0.593383,0.192404,0.785787,1.000000,1.000000,0.000000,C-06,0,0,0,1,1,0,0.011094,0.080230,0.7292,0.6632,0.2709,2,ok
0,1987,220.860000,4.033705,0.073185,1.617627,0.004650,0.048260,7.911022,0.219927,-0.416615,0.042404,0.459019,1.000000,1.000000,0.000000,C-06,0,0,0,1,1,0,0.011709,0.037681,0.7083,0.6541,0.2740,2,ok
0,1988,220.980000,4.032664,0.099553,1.622490,0.005740,0.053123,7.935545,0.219889,0.060381,0.060381,0.000000,1.000000,1.000000,0.000000,,0,0,0,1,1,0,0.012096,-0.008302,0.7708,0.6657,0.2697,2,ok
0,1989,221.080000,4.031764,0.121517,1.634300,0.006058,0.035272,7.959516,0.219750,0.184060,0.184060,0.000000,1.000000,1.000000,0.000000,,0,0,0,1,1,0,0.012280,-0.115139,0.7917,0.6530,0.2661,2,ok
0,1990,221.200000,4.030584,0.147853,1.645799,0.006600,0.046771,7.985873,0.219663,0.138792,0.138792,0.000000,1.000000,1.000000,0.000000,,0,0,0,1,1,0,0.011963,0.015552,0.7917,0.6633,0.2665,2,ok
0,1991,221.300000,4.029223,0.169786,1.651956,0.006815,0.020078,8.008067,0.219751,0.087995,0.087995,0.000000,1.000000,1.000000,0.000000,,0,0,0,1,1,0,0.010254,-0.028655,0.8125,0.7145,0.2697,2,ok
0,1992,221.420000,4.027481,0.196080,1.669993,0.007052,0.038115,8.034417,0.219418,0.508904,0.237995,-0.270909,1.000000,1.000000,0.000000,C-06,0,0,0,1,1,0,0.006257,0.135120,0.7500,0.8173,0.2761,2,ok
0,1993,221.520000,4.026029,0.217944,1.694517,0.006782,0.029171,8.056585,0.218838,0.631477,0.387995,-0.243482,1.000000,1.000000,0.000000,C-06,0,0,0,1,1,0,0.006523,0.082956,0.7500,0.8249,0.2759,2,ok
0,1994,221.640000,4.023573,0.244109,1.713663,0.006780,0.048318,8.082864,0.218960,-0.050227,0.237995,0.288222,1.000000,1.000000,0.000000,C-06,0,0,0,1,1,0,0.007987,0.162605,0.7083,0.8203,0.2756,2,ok
0,1995,221.740000,4.020716,0.265873,1.720010,0.007324,0.020024,8.105089,0.219561,0.031137,0.087995,0.056858,1.000000,1.000000,0.000000,C-06,0,0,0,1,1,0,0.007632,0.118458,0.7500,0.8390,0.2719,2,ok
0,1996,221.860000,4.016806,0.291986,1.716045,0.007755,0.016059,8.131490,0.220132,-0.161680,-0.062005,0.099675,1.000000,1.000000,0.000000,C-06,0,0,0,1,1,0,0.006872,0.172971,0.6875,0.8471,0.2728,2,ok
0,1997,221.980000,4.012985,0.318098,1.722074,0.007921,-0.012597,8.158143,0.219807,0.532236,0.087995,-0.444241,1.000000,1.000000,0.000000,C-06,0,0,0,1,1,0,0.005090,-0.070787,0.8125,0.9059,0.2704,2,ok
0,1998,222.080000,4.009807,0.339824,1.736401,0.007477,0.001730,8.180095,0.219335,0.596344,0.237995,-0.358349,1.000000,1.000000,0.000000,C-06,0,0,0,1,1,0,0.004729,0.086419,0.7917,0.9135,0.2725,2,ok
0,1999,222.200000,4.005994,0.365800,1.764764,0.006961,0.030093,8.206345,0.218257,1.000000,0.387995,-0.612005,1.000000,1.000000,0.000000,C-06,0,0,0,1,1,0,0.004385,0.096880,0.7708,0.9437,0.2743,2,ok
0,2000,222.300000,4.002819,0.387081,1.797217,0.005908,0.029323,8.228058,0.214219,1.000000,0.537995,-0.462005,0.987753,0.987753,0.000000,C-06,0,0,0,1,1,0,-0.000476,0.238283,0.7917,1.0708,0.2773,2,ok
0,2001,222.420000,3.997972,0.412687,1.826265,0.005639,0.058371,8.254117,0.217405,-0.040251,0.387995,0.428246,1.000000,1.000000,0.000000,C-06,0,0,0,1,1,0,0.005482,-0.088684,0.7708,0.9818,0.2701,2,ok
0,2002,222.520000,3.992973,0.433929,1.841155,0.005868,0.040347,8.276130,0.218286,-1.000000,0.237995,1.237995,1.000000,1.000000,0.000000,C-06,0,0,0,1,1,0,0.004098,0.204751,0.7708,1.0809,0.2750,2,ok
0,2003,222.640000,3.986158,0.459343,1.848060,0.006695,0.047252,8.302429,0.219335,-0.834477,0.087995,0.922472,1.000000,1.000000,0.000000,C-06,0,0,0,1,1,0,0.004573,0.220850,0.7500,1.0994,0.2742,2,ok
0,2004,222.740000,3.980150,0.480510,1.845036,0.007417,0.010551,8.324630,0.220174,-0.085389,-0.062005,0.023384,1.000000,1.000000,0.000000,C-06,0,0,0,1,1,0,0.006451,0.133577,0.7083,1.0719,0.2708,2,ok
0,2005,222.860000,3.973002,0.505907,1.850530,0.007802,0.016046,8.351011,0.219682,0.278740,0.087995,-0.190745,1.000000,1.000000,0.000000,C-06,0,0,0,1,1,0,0.004388,-0.014425,0.7500,1.1208,0.2741,2,ok
0,2006,222.980000,3.966393,0.528943,1.865902,0.008033,-0.004258,8.375274,0.197238,0.293098,0.237995,-0.055103,0.893250,0.900000,0.006750,C-06,0,0,0,1,1,0,0.004122,0.182997,0.7708,1.1456,0.2741,2,ok
0,2007,223.080000,3.960771,0.549346,1.887017,0.007440,0.016856,8.396429,0.217186,0.375287,0.375287,0.000000,1.000000,1.000000,0.000000,,0,0,0,1,1,0,0.002341,-0.113651,0.8333,1.2101,0.2701,2,ok
0,2008,223.200000,3.953520,0.574291,1.922320,0.007077,0.052159,8.422404,0.216040,1.000000,0.525287,-0.474713,1.000000,1.000000,0.000000,C-06,0,0,0,1,1,0,0.000479,0.042690,0.8125,1.2797,0.2776,2,ok
0,2009,223.300000,3.946969,0.594804,1.959437,0.006576,0.051852,8.444193,0.214955,0.866002,0.675287,-0.190715,1.000000,1.000000,0.000000,C-06,0,0,0,1,1,0,0.007607,-0.158917,0.7708,1.1289,0.2741,2,ok
0,2010,223.420000,3.937835,0.619052,1.994504,0.007260,0.086919,8.470096,0.216066,-0.124316,0.525287,0.649604,1.000000,1.000000,0.000000,C-06,0,0,0,1,1,0,0.009448,-0.123614,0.7708,1.1298,0.2738,2,ok
0,2011,223.520000,3.929293,0.639010,2.015263,0.008220,0.067064,8.492107,0.217217,-1.000000,0.375287,1.375287,1.000000,1.000000,0.000000,C-06,0,0,0,1,1,0,0.010850,0.177773,0.7917,1.1533,0.2728,2,ok
0,2012,223.640000,3.918247,0.662756,2.030272,0.009781,0.082072,8.518250,0.218350,-1.000000,0.225287,1.225287,1.000000,1.000000,0.000000,C-06,0,0,0,1,1,0,0.010850,0.177773,0.7917,1.1533,0.2728,2,ok
0,2013,223.740000,3.908585,0.682449,2.034881,0.011248,0.043911,8.540592,0.219448,-0.919883,0.075287,0.995171,1.000000,1.000000,0.000000,C-06,0,0,0,1,1,0,0.013672,0.120309,0.7708,1.1742,0.2687,2,ok
0,2014,223.860000,3.896780,0.706077,2.030804,0.012454,0.039835,8.566978,0.220331,-0.206119,-0.074713,0.131407,1.000000,1.000000,0.000000,C-06,0,0,0,1,1,0,0.012143,0.030615,0.7292,1.2123,0.2686,2,ok
0,2015,223.980000,3.885060,0.729726,2.032273,0.013355,-0.004211,8.593956,0.219851,0.030316,0.030316,0.000000,1.000000,1.000000,0.000000,,0,0,0,1,1,0,0.011629,-0.104996,0.8333,1.2364,0.2666,2,ok
0,2016,224.080000,3.875269,0.749377,2.041069,0.013342,0.004584,8.615911,0.219171,0.205797,0.180316,-0.025481,0.999506,0.999506,0.000000,C-06,0,0,0,1,1,0,0.012590,0.170962,0.8333,1.2018,0.2657,2,ok
0,2017,224.200000,3.863936,0.771565,2.060735,0.013576,0.024251,8.640825,0.205751,0.494586,0.330316,-0.164270,0.941796,0.941796,0.000000,C-06,0,0,0,1,1,0,0.008285,-0.212993,0.7708,1.2862,0.2667,2,ok
0,2018,224.300000,3.854147,0.790528,2.084761,0.013011,0.000823,8.662807,0.215148,0.745183,0.480316,-0.264868,0.991776,0.991776,0.000000,C-06,0,0,0,1,1,0,0.011316,-0.110585,0.8125,1.2058,0.2627,2,ok
0,2019,224.420000,3.841992,0.812212,2.119744,0.013015,0.035806,8.687665,0.205244,0.592454,0.592454,0.000000,0.947820,0.947820,0.000000,,0,0,0,1,1,0,0.010993,-0.289930,0.7917,1.2175,0.2600,2,ok
0,2020,224.520000,3.830860,0.830676,2.142176,0.013249,0.008421,8.709898,0.217807,0.301781,0.442454,0.140673,1.000000,1.000000,0.000000,C-06,0,0,0,1,1,0,0.016755,-0.107811,0.7500,1.0904,0.2589,2,ok
0,2021,224.640000,3.817055,0.851921,2.159841,0.013625,0.026085,8.735231,0.209970,0.076607,0.292454,0.215848,0.959725,0.959725,0.000000,C-06,0,0,0,1,1,0,0.019722,-0.235857,0.7708,1.0317,0.2589,2,ok
0,2022,224.740000,3.805045,0.869936,2.171185,0.014200,0.037429,8.756875,0.217565,0.230588,0.230588,0.000000,0.993203,0.993203,0.000000,,0,0,0,1,1,0,0.019345,-0.257448,0.6875,1.0487,0.2604,2,ok
0,2023,224.860000,3.790188,0.891594,2.186656,0.013878,0.000813,8.783870,0.219033,0.272335,0.272335,0.000000,1.000000,1.000000,0.000000,,0,0,0,1,1,0,0.027007,-0.199477,0.7292,0.8819,0.2492,2,ok
0,2024,224.980000,3.775625,0.911985,2.206537,0.014057,0.020693,8.808927,0.207750,0.357764,0.357764,0.000000,0.948935,0.948935,0.000000,,0,0,0,1,1,0,0.019960,-0.320000,0.8125,0.9392,0.2586,2,ok
0,2025,225.080000,3.763648,0.928000,2.221367,0.013788,-0.018170,8.829681,0.198756,0.314822,0.314822,0.000000,0.906383,0.906383,0.000000,,0,0,0,1,1,0,0.022236,-0.275904,0.8125,0.8438,0.2559,2,ok
0,2026,225.200000,3.748196,0.947981,2.246456,0.013574,0.006919,8.854939,0.213216,0.566518,0.464822,-0.101696,0.971811,0.971811,0.000000,C-06,0,0,0,1,1,0,0.020409,-0.320000,0.8333,0.8441,0.2587,2,ok
0,2027,225.300000,3.735764,0.963158,2.273568,0.013691,-0.020918,8.875335,0.194494,0.731221,0.614822,-0.116398,0.884264,0.884264,0.000000,C-06,0,0,0,1,1,0,0.019995,-0.228563,0.7917,0.8065,0.2633,2,ok
0,2028,225.420000,3.719558,0.981762,2.304946,0.013527,0.010460,8.900007,0.208051,0.573788,0.573788,0.000000,0.940827,0.940827,0.000000,,0,0,0,1,1,0,0.019875,-0.320000,0.7708,0.7836,0.2601,2,ok
0,2029,225.520000,3.704755,0.997643,2.333808,0.014113,0.039321,8.921709,0.220526,0.619953,0.619953,0.000000,1.000000,1.000000,0.000000,,0,0,0,1,1,0,0.021098,-0.320000,0.7708,0.7212,0.2620,2,ok
0,2030,225.640000,3.686196,1.016447,2.368783,0.014388,0.017915,8.948927,0.219609,0.605651,0.605651,0.000000,1.000000,1.000000,0.000000,,0,0,0,1,1,0,0.021733,-0.320000,0.7500,0.6997,0.2651,2,ok
0,2031,225.740000,3.671316,1.030691,2.390912,0.014966,0.040044,8.969518,0.204205,0.378835,0.455651,0.076816,0.932377,0.932377,0.000000,C-06,0,0,0,1,1,0,0.023248,-0.320000,0.7708,0.6558,0.2684,2,ok
0,2032,225.860000,3.652179,1.048328,2.408394,0.015520,0.000849,8.996417,0.219409,-0.161578,0.305651,0.467229,1.000000,1.000000,0.000000,C-06,0,0,0,1,1,0,0.026921,-0.271369,0.7708,0.5608,0.2645,2,ok
0,2033,225.980000,3.632515,1.065902,2.417524,0.015660,0.009979,9.022790,0.219789,-0.455927,0.155651,0.611578,1.000000,1.000000,0.000000,C-06,0,0,0,1,1,0,0.022422,-0.285750,0.7708,0.5724,0.2674,2,ok
0,2034,226.080000,3.616028,1.080465,2.418330,0.015679,-0.045725,9.045715,0.219993,-0.041012,0.005651,0.046663,1.000000,1.000000,0.000000,C-06,0,0,0,1,1,0,0.018554,-0.258161,0.8125,0.6023,0.2688,2,ok
0,2035,226.200000,3.597597,1.096626,2.426212,0.014600,-0.037844,9.070203,0.202902,0.432759,0.155651,-0.277108,0.922860,0.922860,0.000000,C-06,0,0,0,1,1,0,0.018530,-0.305667,0.8125,0.5104,0.2610,2,ok
0,2036,226.300000,3.583687,1.108560,2.439358,0.013991,-0.024698,9.088521,0.181186,0.506999,0.305651,-0.201348,0.823588,0.823588,0.000000,C-06,0,0,0,1,1,0,0.015669,-0.320000,0.8333,0.5038,0.2614,2,ok
0,2037,226.420000,3.565331,1.123741,2.463618,0.012835,-0.056045,9.113070,0.203672,0.855845,0.455651,-0.400194,1.000000,0.923588,-0.076412,C-06,0,0,0,1,1,0,0.012292,-0.320000,0.7708,0.5310,0.2635,2,ok
0,2038,226.520000,3.548310,1.137043,2.490959,0.011913,-0.028705,9.134652,0.220757,0.889492,0.605651,-0.283841,1.000000,1.000000,0.000000,C-06,0,0,0,1,1,0,0.012418,-0.320000,0.7500,0.4718,0.2644,2,ok
0,2039,226.640000,3.527094,1.153006,2.517169,0.010915,-0.054387,9.161812,0.221464,0.318979,0.455651,0.136672,1.000000,1.000000,0.000000,C-06,0,0,0,1,1,0,0.011583,-0.320000,0.7708,0.4515,0.2634,2,ok
0,2040,226.740000,3.509099,1.165973,2.540676,0.009598,-0.030880,9.183953,0.222009,0.495865,0.495865,0.000000,1.000000,1.000000,0.000000,,0,0,0,1,1,0,0.011449,-0.284267,0.7708,0.4305,0.2630,2,ok
0,2041,226.860000,3.487110,1.181077,2.570101,0.008614,-0.001456,9.210612,0.222532,0.505548,0.505548,0.000000,1.000000,1.000000,0.000000,,0,0,0,1,1,0,0.010345,-0.232974,0.7708,0.4369,0.2637,2,ok
0,2042,226.980000,3.464750,1.195549,2.591809,0.007045,-0.025509,9.237642,0.222001,-0.129370,0.355548,0.484918,1.000000,1.000000,0.000000,C-06,0,0,0,1,1,0,0.007104,-0.184453,0.7917,0.4618,0.2669,2,ok
0,2043,227.080000,3.445927,1.207180,2.602695,0.006162,-0.014622,9.259750,0.221213,-0.218186,0.205548,0.423734,1.000000,1.000000,0.000000,C-06,0,0,0,1,1,0,0.007104,-0.184453,0.7917,0.4618,0.2669,2,ok
0,2044,227.200000,3.423239,1.220768,2.606573,0.004747,-0.052174,9.286383,0.220332,-0.180600,0.055548,0.236148,1.000000,1.000000,0.000000,C-06,0,0,0,1,1,0,0.008598,-0.216455,0.7917,0.3558,0.2633,2,ok
0,2045,227.300000,3.404263,1.231986,2.616293,0.003454,-0.042454,9.308389,0.220855,0.466025,0.205548,-0.260477,1.000000,1.000000,0.000000,C-06,0,0,0,1,1,0,0.004294,-0.217353,0.8125,0.4105,0.2676,2,ok
0,2046,227.420000,3.381326,1.245363,2.635127,0.001678,-0.059040,9.334957,0.221879,0.316453,0.316453,0.000000,0.998914,0.998914,0.000000,,0,0,0,1,1,0,0.002602,-0.217056,0.7917,0.4207,0.2643,2,ok
0,2047,227.520000,3.362075,1.256288,2.658592,0.000149,-0.035575,9.357040,0.222061,0.572989,0.466453,-0.106536,0.994053,0.994053,0.000000,C-06,0,0,0,1,1,0,-0.001499,-0.200675,0.7917,0.4252,0.2633,2,ok
0,2048,227.640000,3.338516,1.269146,2.690601,-0.001540,-0.033466,9.383795,0.223981,0.510447,0.510447,0.000000,1.000000,1.000000,0.000000,,0,0,0,1,1,0,-0.002544,-0.150161,0.7708,0.4251,0.2687,2,ok
0,2049,227.740000,3.318620,1.279205,2.710469,-0.002757,-0.013598,9.406056,0.222881,0.124002,0.360447,0.236445,1.000000,1.000000,0.000000,C-06,0,0,0,1,1,0,-0.001176,-0.130266,0.7292,0.4075,0.2686,2,ok
0,2050,227.860000,3.294555,1.290566,2.724781,-0.003584,-0.026990,9.432567,0.221695,-0.548115,0.210447,0.758563,1.000000,1.000000,0.000000,C-06,0,0,0,1,1,0,-0.001894,-0.097006,0.7500,0.4311,0.2674,2,ok
0,2051,227.980000,3.270388,1.301358,2.729381,-0.004435,-0.022390,9.459021,0.220483,-0.360025,0.060447,0.420472,1.000000,1.000000,0.000000,C-06,0,0,0,1,1,0,-0.000934,-0.133769,0.7500,0.3748,0.2651,2,ok
0,2052,228.080000,3.250186,1.310192,2.740204,-0.004973,-0.011567,9.481063,0.220864,0.255815,0.210447,-0.045368,1.000000,1.000000,0.000000,C-06,0,0,0,1,1,0,-0.002494,-0.153617,0.7917,0.3862,0.2681,2,ok
0,2053,228.200000,3.225771,1.320774,2.763516,-0.006140,-0.014271,9.507528,0.222585,0.733827,0.360447,-0.373379,1.000000,1.000000,0.000000,C-06,0,0,0,1,1,0,-0.004629,-0.148733,0.8333,0.4046,0.2673,2,ok
0,2054,228.300000,3.205217,1.329541,2.791512,-0.007013,0.013725,9.529856,0.224357,0.940728,0.510447,-0.430281,1.000000,1.000000,0.000000,C-06,0,0,0,1,1,0,-0.004248,-0.120944,0.8333,0.3975,0.2682,2,ok
0,2055,228.420000,3.180305,1.339368,2.816850,-0.007910,0.014586,9.556426,0.223078,0.281087,0.360447,0.079361,1.000000,1.000000,0.000000,C-06,0,0,0,1,1,0,-0.004105,-0.089091,0.8125,0.4025,0.2672,2,ok
0,2056,228.520000,3.159408,1.346822,2.829720,-0.008042,0.027456,9.578612,0.221747,-0.332404,0.210447,0.542852,1.000000,1.000000,0.000000,C-06,0,0,0,1,1,0,-0.000430,-0.075105,0.7500,0.3408,0.2653,2,ok
0,2057,228.640000,3.134260,1.355076,2.834637,-0.007856,0.009420,9.604924,0.220487,-0.518232,0.060447,0.578680,1.000000,1.000000,0.000000,C-06,0,0,0,1,1,0,-0.000271,-0.065466,0.7500,0.3477,0.2638,2,ok
0,2058,228.740000,3.113303,1.361731,2.829832,-0.007647,0.004616,9.626911,0.219715,-0.415420,-0.089553,0.325867,1.000000,1.000000,0.000000,C-06,0,0,0,1,1,0,0.000308,-0.067169,0.7083,0.3257,0.2656,2,ok
0,2059,228.860000,3.090452,1.368941,2.833328,-0.007624,-0.014595,9.650677,0.198302,0.631549,0.060447,-0.571102,0.902355,0.902355,0.000000,C-06,0,0,0,1,1,0,-0.000558,-0.074444,0.7083,0.3260,0.2640,2,ok
0,2060,228.980000,3.067106,1.376106,2.847269,-0.007788,-0.000654,9.675097,0.204490,0.809428,0.210447,-0.598980,0.929112,0.929112,0.000000,C-06,0,0,0,1,1,0,-0.002834,-0.099757,0.7917,0.3282,0.2686,2,ok
0,2061,229.080000,3.046315,1.382060,2.867701,-0.007524,0.019779,9.693753,0.219927,0.674043,0.360447,-0.313596,1.000000,1.000000,0.000000,C-06,0,0,0,1,1,0,-0.003023,-0.097321,0.8542,0.3353,0.2680,2,ok
0,2062,229.200000,3.020789,1.389199,2.900604,-0.007566,0.032306,9.723091,0.221691,0.464644,0.464644,0.000000,1.000000,1.000000,0.000000,,0,0,0,1,1,0,-0.001631,-0.084545,0.8125,0.3311,0.2660,2,ok
0,2063,229.300000,2.999374,1.395124,2.920376,-0.007497,0.052078,9.745311,0.222380,-0.177936,0.314644,0.492579,1.000000,1.000000,0.000000,C-06,0,0,0,1,1,0,0.000736,-0.063923,0.8542,0.3259,0.2669,2,ok
0,2064,229.420000,2.973578,1.401413,2.933405,-0.007167,0.043880,9.771692,0.221155,-0.227744,0.164644,0.392388,1.000000,1.000000,0.000000,C-06,0,0,0,1,1,0,0.003014,-0.041234,0.8333,0.3217,0.2678,2,ok
0,2065,229.520000,2.952049,1.406015,2.934870,-0.006288,0.045344,9.793690,0.220097,-0.285892,0.014644,0.300536,1.000000,1.000000,0.000000,C-06,0,0,0,1,1,0,0.004531,-0.027060,0.7708,0.3124,0.2666,2,ok
0,2066,229.640000,2.926234,1.411436,2.925712,-0.005472,0.016398,9.819960,0.219604,-0.156226,-0.135356,0.020870,1.000000,1.000000,0.000000,C-06,0,0,0,1,1,0,0.004537,-0.029068,0.7500,0.3187,0.2647,2,ok
0,2067,229.740000,2.904768,1.415950,2.915779,-0.004868,0.006465,9.841887,0.219141,-0.164319,-0.164319,0.000000,1.000000,1.000000,0.000000,,0,0,0,1,1,0,0.004537,-0.029068,0.7500,0.3187,0.2647,2,ok
0,2068,229.860000,2.879045,1.421809,2.913994,-0.004988,-0.014958,9.868152,0.219900,0.114477,-0.014319,-0.128796,1.000000,1.000000,0.000000,C-06,0,0,0,1,1,0,0.001653,-0.050591,0.7083,0.3442,0.2667,2,ok
0,2069,229.980000,2.854175,1.427562,2.923048,-0.005410,-0.005904,9.893675,0.212239,0.525552,0.135681,-0.389871,0.962866,0.962866,0.000000,C-06,0,0,0,1,1,0,0.000207,-0.097074,0.7500,0.3178,0.2643,2,ok
0,2070,230.080000,2.835344,1.431841,2.938967,-0.005823,-0.008572,9.912878,0.190671,0.598927,0.285681,-0.313246,0.862040,0.862866,0.000826,C-06,0,0,0,1,1,0,-0.000309,-0.109976,0.8125,0.3062,0.2644,2,ok
0,2071,230.200000,2.810944,1.436891,2.969240,-0.006121,0.021701,9.937793,0.212828,0.411068,0.411068,0.000000,1.000000,0.962866,-0.037134,C-06,0,0,0,1,1,0,0.000382,-0.102916,0.7917,0.2958,0.2631,2,ok
0,2072,230.300000,2.789345,1.441082,2.986456,-0.006170,0.019579,9.959689,0.221327,-0.043051,0.261068,0.304119,1.000000,1.000000,0.000000,C-06,0,0,0,1,1,0,0.000691,-0.069261,0.7708,0.3304,0.2663,2,ok
0,2073,230.420000,2.763242,1.445535,2.995787,-0.006014,0.028910,9.986169,0.220608,-0.184512,0.111068,0.295580,1.000000,1.000000,0.000000,C-06,0,0,0,1,1,0,0.001861,-0.033342,0.7500,0.3407,0.2654,2,ok
0,2074,230.520000,2.741478,1.448781,2.993990,-0.005423,0.027114,10.008166,0.219982,-0.164121,-0.038932,0.125189,1.000000,1.000000,0.000000,C-06,0,0,0,1,1,0,0.001907,-0.015033,0.7917,0.3575,0.2662,2,ok
0,2075,230.640000,2.715384,1.452645,2.983423,-0.005137,-0.001840,10.034449,0.219645,-0.144842,-0.144842,0.000000,1.000000,1.000000,0.000000,,0,0,0,1,1,0,0.002433,-0.039458,0.7500,0.3296,0.2637,2,ok
0,2076,230.740000,2.693661,1.456102,2.983078,-0.005142,-0.002184,10.056446,0.220002,0.150720,0.005158,-0.145561,1.000000,1.000000,0.000000,C-06,0,0,0,1,1,0,0.000565,-0.070315,0.7292,0.3426,0.2666,2,ok
0,2077,230.860000,2.667571,1.460271,2.994140,-0.005594,-0.008858,10.082761,0.220351,0.423834,0.155158,-0.268676,1.000000,1.000000,0.000000,C-06,0,0,0,1,1,0,-0.002759,-0.036730,0.7292,0.3987,0.2704,2,ok
0,2078,230.980000,2.643354,1.464200,3.016304,-0.006152,0.013306,10.107289,0.203107,0.579493,0.305158,-0.274335,0.918548,0.918548,0.000000,C-06,0,0,0,1,1,0,-0.002340,-0.053888,0.7917,0.3634,0.2694,2,ok
0,2079,231.080000,2.621933,1.467443,3.044391,-0.006719,0.022915,10.128826,0.221306,0.440937,0.440937,0.000000,1.000000,1.000000,0.000000,,0,0,0,1,1,0,-0.001640,-0.054545,0.8125,0.3722,0.2656,2,ok
0,2080,231.200000,2.595629,1.471034,3.068261,-0.007165,0.046786,10.155370,0.221136,0.078867,0.290937,0.212070,1.000000,1.000000,0.000000,C-06,0,0,0,1,1,0,-0.003797,-0.026262,0.8333,0.4438,0.2703,2,ok
0,2081,231.300000,2.573680,1.473129,3.078638,-0.006827,0.039467,10.177309,0.220424,-0.322835,0.140937,0.463771,1.000000,1.000000,0.000000,C-06,0,0,0,1,1,0,0.001531,0.028529,0.7708,0.3734,0.2728,2,ok
0,2082,231.420000,2.547331,1.474819,3.078721,-0.005787,0.039550,10.203691,0.219993,-0.230148,-0.009063,0.221085,1.000000,1.000000,0.000000,C-06,0,0,0,1,1,0,0.002434,0.026896,0.7917,0.3638,0.2710,2,ok
0,2083,231.520000,2.525380,1.476190,3.071351,-0.005051,0.014511,10.225563,0.219892,-0.117973,-0.117973,0.000000,1.000000,1.000000,0.000000,,0,0,0,1,1,0,-0.002894,0.073313,0.7917,0.5121,0.2698,2,ok
0,2084,231.640000,2.499044,1.478044,3.072217,-0.004728,0.015377,10.251962,0.220018,0.016412,0.016412,0.000000,1.000000,1.000000,0.000000,,0,0,0,1,1,0,-0.001991,0.055521,0.7708,0.4609,0.2710,2,ok
0,2085,231.740000,2.477096,1.479597,3.073508,-0.004523,-0.000587,10.273903,0.220038,0.019312,0.019312,0.000000,1.000000,1.000000,0.000000,,0,0,0,1,1,0,-0.002131,0.042306,0.7292,0.4624,0.2679,2,ok
0,2086,231.860000,2.450747,1.481460,3.086389,-0.004562,0.012294,10.300317,0.220205,0.332437,0.169312,-0.163125,1.000000,1.000000,0.000000,C-06,0,0,0,1,1,0,-0.009042,0.074468,0.7500,0.5959,0.2751,2,ok
0,2087,231.980000,2.424373,1.483323,3.111436,-0.004692,0.019717,10.326668,0.220439,0.315647,0.315647,0.000000,1.000000,1.000000,0.000000,,0,0,0,1,1,0,-0.005010,0.042405,0.7917,0.5544,0.2709,2,ok
0,2088,232.080000,2.402379,1.484549,3.123740,-0.004822,0.032021,10.348695,0.220236,-0.156418,0.165647,0.322064,1.000000,1.000000,0.000000,C-06,0,0,0,1,1,0,-0.004159,0.058708,0.8125,0.5662,0.2646,2,ok
0,2089,232.200000,2.375983,1.485107,3.125793,-0.004066,0.034073,10.374166,0.220011,-0.256411,0.015647,0.272058,1.000000,1.000000,0.000000,C-06,0,0,0,1,1,0,-0.003283,0.087666,0.8333,0.6066,0.2685,2,ok
0,2090,232.300000,2.353987,1.485506,3.117251,-0.003763,0.008647,10.397014,0.219974,-0.206332,-0.134353,0.071979,1.000000,1.000000,0.000000,C-06,0,0,0,1,1,0,-0.001855,0.072292,0.8125,0.5861,0.2667,2,ok
0,2091,232.420000,2.327595,1.486153,3.117816,-0.003549,0.009213,10.423413,0.220006,0.043687,0.015647,-0.028040,1.000000,1.000000,0.000000,C-06,0,0,0,1,1,0,-0.001206,0.041630,0.8125,0.5654,0.2659,2,ok
0,2092,232.520000,2.305599,1.486700,3.128339,-0.003708,0.002074,10.445354,0.220047,0.390497,0.165647,-0.224851,1.000000,1.000000,0.000000,C-06,0,0,0,1,1,0,-0.002430,0.042696,0.7708,0.5929,0.2654,2,ok
0,2093,232.640000,2.279200,1.487357,-3.133063,-0.003960,0.023856,10.471760,0.220062,0.265046,0.265046,0.000000,1.000000,1.000000,0.000000,,0,0,0,1,1,0,0.000367,-0.006865,0.7500,0.5420,0.2635,2,ok
0,2094,232.740000,2.257206,1.487905,-3.105178,-0.004434,0.034512,10.493686,0.219935,0.486527,0.415046,-0.071481,1.000000,1.000000,0.000000,C-06,0,0,0,1,1,0,-0.000492,0.040904,0.7083,0.5969,0.2702,2,ok
0,2095,232.860000,2.230837,1.487944,-3.082508,-0.004524,0.057182,10.520055,0.219640,0.148768,0.265046,0.116278,1.000000,1.000000,0.000000,C-06,0,0,0,1,1,0,-0.000492,0.040904,0.7083,0.5969,0.2702,2,ok
0,2096,232.980000,2.204492,1.486833,-3.072410,-0.003734,0.049275,10.546339,0.219735,-0.239742,0.115046,0.354788,1.000000,1.000000,0.000000,C-06,0,0,0,1,1,0,0.007884,0.003777,0.8542,0.5446,0.2705,2,ok
0,2097,233.080000,2.182544,1.485347,-3.074036,-0.002669,0.047649,10.568312,0.220020,-0.203463,-0.034954,0.168509,1.000000,1.000000,0.000000,C-06,0,0,0,1,1,0,0.012487,-0.033271,0.7917,0.4483,0.2669,2,ok
0,2098,233.200000,2.156195,1.483525,-3.084884,-0.001558,0.019604,10.594665,0.220163,-0.141421,-0.141421,0.000000,1.000000,1.000000,0.000000,,0,0,0,1,1,0,0.012095,-0.010940,0.8333,0.4731,0.2641,2,ok
0,2099,233.300000,2.134230,1.482271,-3.084919,-0.001103,0.019569,10.616662,0.219995,0.101332,0.008579,-0.092752,1.000000,1.000000,0.000000,C-06,0,0,0,1,1,0,0.013086,-0.093133,0.8125,0.4177,0.2647,2,ok
0,2100,233.420000,2.107880,1.480787,-3.074873,-0.000746,0.010954,10.643035,0.219866,0.133243,0.133243,0.000000,1.000000,1.000000,0.000000,,0,0,0,1,1,0,0.010850,-0.111852,0.7708,0.4324,0.2637,2,ok
0,2101,233.520000,2.085943,1.479549,-3.056523,-0.000770,0.029305,10.665006,0.219573,0.818972,0.283243,-0.535729,1.000000,1.000000,0.000000,C-06,0,0,0,1,1,0,0.012479,-0.116645,0.7292,0.3695,0.2621,2,ok
0,2102,233.640000,2.059666,1.478060,-3.033986,-0.000843,0.029900,10.691315,0.219126,0.282896,0.282896,0.000000,1.000000,1.000000,0.000000,,0,0,0,1,1,0,0.011945,-0.129375,0.7292,0.3799,0.2655,2,ok
0,2103,233.740000,2.037821,1.476672,-3.011458,-0.001000,0.052427,10.713203,0.218734,0.347983,0.347983,0.000000,1.000000,1.000000,0.000000,,0,0,0,1,1,0,0.012068,-0.109487,0.7083,0.3778,0.2685,2,ok
0,2104,233.860000,2.011674,1.473922,-2.995380,-0.000102,0.068506,10.739479,0.219092,-0.028120,0.197983,0.226103,1.000000,1.000000,0.000000,C-06,0,0,0,1,1,0,0.014845,-0.098995,0.7708,0.3255,0.2624,2,ok
0,2105,233.980000,1.985565,1.470252,-2.991001,0.001076,0.046891,10.765816,0.219753,-0.233670,0.047983,0.281654,1.000000,1.000000,0.000000,C-06,0,0,0,1,1,0,0.014952,-0.089085,0.8125,0.3088,0.2649,2,ok
0,2106,234.080000,1.963808,1.466956,-2.995291,0.002288,0.042602,10.787788,0.220135,-0.073775,-0.073775,0.000000,1.000000,1.000000,0.000000,,0,0,0,1,1,0,0.014131,-0.111575,0.8542,0.3134,0.2678,2,ok
0,2107,234.200000,1.937889,1.463136,-2.990263,0.002932,0.019047,10.814063,0.218074,0.163490,0.076225,-0.087265,0.991981,0.991981,0.000000,C-06,0,0,0,1,1,0,0.012902,-0.077565,0.7708,0.3150,0.2666,2,ok
0,2108,234.300000,1.916183,1.459959,-2.976790,0.003292,0.032519,10.835997,0.219361,0.292383,0.226225,-0.066159,1.000000,1.000000,0.000000,C-06,0,0,0,1,1,0,0.013751,-0.141221,0.8125,0.2498,0.2634,2,ok
0,2109,234.420000,1.890170,1.456103,-2.963716,0.003229,0.014186,10.862421,0.219065,0.168861,0.168861,0.000000,1.000000,1.000000,0.000000,,0,0,0,1,1,0,0.011370,-0.124607,0.7708,0.2673,0.2643,3,ok
0,2110,234.520000,1.868522,1.452284,-2.961862,0.003412,0.016040,10.884403,0.219887,-0.110685,0.018861,0.129547,1.000000,1.000000,0.000000,C-06,0,0,0,1,1,0,0.012360,-0.130436,0.6875,0.2255,0.2647,2,ok
0,2111,234.640000,1.842574,1.447624,-2.949989,0.003417,-0.003056,10.910885,0.219462,0.613519,0.168861,-0.444658,1.000000,1.000000,0.000000,C-06,0,0,0,1,1,0,0.010620,-0.126626,0.7500,0.2179,0.2626,2,ok
0,2112,234.740000,1.821016,1.443741,-2.931019,0.002933,0.015913,10.932785,0.218666,0.324393,0.318861,-0.005531,1.000000,1.000000,0.000000,C-06,0,0,0,1,1,0,0.009656,-0.110090,0.7083,0.2182,0.2662,2,ok
0,2113,234.860000,1.795238,1.438702,-2.917796,0.002742,0.029137,10.955981,0.218892,0.030784,0.168861,0.138077,1.000000,1.000000,0.000000,C-06,0,0,0,1,1,0,0.010128,-0.119024,0.8125,0.1938,0.2636,2,ok
0,2114,234.980000,1.769503,1.432908,-2.915949,0.002494,0.003249,10.985503,0.219869,-0.139321,0.018861,0.158182,1.000000,1.000000,0.000000,C-06,0,0,0,1,1,0,0.009060,-0.095888,0.8125,0.2072,0.2664,2,ok
0,2115,235.080000,1.748044,1.427988,-2.923324,0.002444,-0.004126,11.007518,0.220331,-0.218375,-0.131139,0.087236,1.000000,1.000000,0.000000,C-06,0,0,0,1,1,0,0.010102,-0.127903,0.8125,0.1396,0.2666,2,ok
0,2116,235.200000,1.722271,1.422273,-2.922680,0.001639,-0.028133,11.033960,0.219945,0.369492,0.018861,-0.350631,1.000000,1.000000,0.000000,C-06,0,0,0,1,1,0,0.006352,-0.122367,0.7917,0.1800,0.2668,2,ok
0,2117,235.300000,1.700816,1.417510,-2.913333,0.000945,-0.018786,11.055926,0.219553,0.613422,0.168861,-0.444561,1.000000,1.000000,0.000000,C-06,0,0,0,1,1,0,0.006617,-0.162925,0.7917,0.1097,0.2661,2,ok
0,2118,235.420000,1.675415,1.411797,-2.890879,-0.000161,-0.016938,11.081951,0.216228,0.542209,0.318861,-0.223348,0.989415,0.989415,0.000000,C-06,0,0,0,1,1,0,0.003082,-0.136187,0.7500,0.1524,0.2654,2,ok
0,2119,235.520000,1.654370,1.407036,-2.867316,-0.001134,0.006625,11.103505,0.215188,0.401739,0.401739,0.000000,0.990564,0.990564,0.000000,,0,0,0,1,1,0,0.004326,-0.128234,0.7083,0.1061,0.2659,2,ok
0,2120,235.640000,1.630403,1.401118,-2.842481,-0.002069,0.013738,11.128143,0.204914,0.349662,0.349662,0.000000,0.943092,0.943092,0.000000,,0,0,0,1,1,0,0.006794,-0.095139,0.7083,0.0711,0.2642,2,ok
0,2121,235.740000,1.609653,1.395135,-2.830133,-0.002261,0.026086,11.149736,0.218460,-0.084080,0.199662,0.283743,1.000000,1.000000,0.000000,C-06,0,0,0,1,1,0,0.005300,-0.081139,0.7500,0.1014,0.2686,2,ok
0,2122,235.860000,1.584542,1.387170,-2.826064,-0.001931,0.013970,11.176051,0.219605,-0.125021,0.049662,0.174683,1.000000,1.000000,0.000000,C-06,0,0,0,1,1,0,0.006879,-0.066376,0.7708,0.0891,0.2658,2,ok
0,2123,235.980000,1.559431,1.378982,-2.830334,-0.001619,0.009700,11.202462,0.220276,-0.069855,-0.069855,0.000000,1.000000,1.000000,0.000000,,0,0,0,1,1,0,0.007621,-0.050573,0.7917,0.0764,0.2684,3,ok
0,2124,236.080000,1.538499,1.372243,-2.826338,-0.001524,-0.000362,11.224431,0.219740,0.225057,0.080145,-0.144912,1.000000,1.000000,0.000000,C-06,0,0,0,1,1,0,0.005870,-0.054297,0.8125,0.0790,0.2695,3,ok
0,2125,236.200000,1.513459,1.364151,-2.811285,-0.001620,0.014691,11.250747,0.218813,0.643585,0.230145,-0.413440,1.000000,1.000000,0.000000,C-06,0,0,0,1,1,0,0.006003,-0.063907,0.7708,0.0606,0.2680,3,ok
0,2126,236.300000,1.492689,1.357355,-2.800166,-0.001621,0.025811,11.269752,0.218489,0.191359,0.191359,0.000000,1.000000,1.000000,0.000000,,0,0,0,1,1,0,0.007805,-0.066227,0.8125,0.0104,0.2665,3,ok
0,2127,236.420000,1.467830,1.348612,-2.796741,-0.001473,0.018212,11.298927,0.219666,-0.299126,0.041359,0.340485,1.000000,1.000000,0.000000,C-06,0,0,0,1,1,0,0.007578,-0.027777,0.7500,0.0361,0.2662,3,ok
0,2128,236.520000,1.447107,1.341178,-2.802357,-0.001177,0.012595,11.320941,0.220376,-0.527976,-0.108641,0.419334,1.000000,1.000000,0.000000,C-06,0,0,0,1,1,0,0.010901,-0.063521,0.7292,-0.0433,0.2668,2,ok
0,2129,236.640000,1.422142,1.332261,-2.819292,-0.001038,-0.013861,11.347442,0.221453,-0.344014,-0.258641,0.085372,1.000000,1.000000,0.000000,C-06,0,0,0,1,1,0,0.006893,-0.039570,0.7500,0.0192,0.2701,2,ok
0,2130,236.740000,1.401249,1.325075,-2.826264,-0.001184,-0.020833,11.369536,0.220888,0.461808,-0.108641,-0.570450,1.000000,1.000000,0.000000,C-06,0,0,0,1,1,0,0.007368,-0.082743,0.7917,-0.0354,0.2659,3,ok
0,2131,236.860000,1.376157,1.316874,-2.824105,-0.001928,-0.026899,11.395915,0.219845,1.000000,0.041359,-0.958641,1.000000,1.000000,0.000000,C-06,0,0,0,1,1,0,0.004686,-0.090933,0.8125,-0.0257,0.2665,3,ok
0,2132,236.980000,1.351123,1.308647,-2.811806,-0.002645,-0.014601,11.422256,0.219197,1.000000,0.191359,-0.808641,1.000000,1.000000,0.000000,C-06,0,0,0,1,1,0,0.004110,-0.092318,0.8333,-0.0494,0.2653,3,ok
0,2133,237.080000,1.330374,1.301787,-2.793113,-0.003332,-0.002348,11.444083,0.217933,1.000000,0.341359,-0.658641,1.000000,1.000000,0.000000,C-06,0,0,0,1,1,0,0.003098,-0.081698,0.7917,-0.0459,0.2662,2,ok
0,2134,237.200000,1.305625,1.293153,-2.779545,-0.003733,0.011220,11.470292,0.218480,-0.015306,0.191359,0.206664,1.000000,1.000000,0.000000,C-06,0,0,0,1,1,0,0.003098,-0.081698,0.7917,-0.0459,0.2662,2,ok
0,2135,237.300000,1.285065,1.285447,-2.776542,-0.003682,0.009532,11.492224,0.219665,-0.747326,0.041359,0.788684,1.000000,1.000000,0.000000,C-06,0,0,0,1,1,0,0.005731,-0.036608,0.7292,-0.0802,0.2656,3,ok
0,2136,237.420000,1.260377,1.276025,-2.783145,-0.003492,0.002929,11.518648,0.220470,-0.605861,-0.108641,0.497220,1.000000,1.000000,0.000000,C-06,0,0,0,1,1,0,0.005346,-0.019714,0.7292,-0.0611,0.2681,2,ok
0,2137,237.520000,1.239725,1.268198,-2.797037,-0.003478,-0.015306,11.540713,0.221305,-0.572469,-0.258641,0.313827,1.000000,1.000000,0.000000,C-06,0,0,0,1,1,0,0.006923,-0.046913,0.7292,-0.1168,0.2657,2,ok
0,2138,237.640000,1.214775,1.258808,-2.821338,-0.003565,-0.039607,11.567372,0.222919,-0.361911,-0.361911,0.000000,1.000000,1.000000,0.000000,,0,0,0,1,1,0,0.005825,-0.049126,0.7500,-0.1084,0.2628,3,ok
0,2139,237.740000,1.193848,1.251445,-2.834156,-0.004089,-0.055439,11.589557,0.221754,1.000000,-0.211911,-1.211911,1.000000,1.000000,0.000000,C-06,0,0,0,1,1,0,0.002444,-0.101419,0.8333,-0.1366,0.2645,3,ok
0,2140,237.860000,1.168664,1.243299,-2.839102,-0.005372,-0.060385,11.615995,0.220497,1.000000,-0.061911,-1.061911,1.000000,1.000000,0.000000,C-06,0,0,0,1,1,0,-0.000928,-0.119106,0.8125,-0.1394,0.2636,2,ok
0,2141,237.980000,1.143481,1.235421,-2.833781,-0.006993,-0.056705,11.642301,0.219680,1.000000,0.088089,-0.911911,1.000000,1.000000,0.000000,C-06,0,0,0,1,1,0,-0.004566,-0.126384,0.7917,-0.1322,0.2684,2,ok
0,2142,238.080000,1.122555,1.228859,-2.820853,-0.008365,-0.043777,11.664188,0.218901,0.380427,0.238089,-0.142337,1.000000,1.000000,0.000000,C-06,0,0,0,1,1,0,-0.004695,-0.129875,0.7708,-0.1616,0.2693,2,ok
0,2143,238.200000,1.097574,1.220964,-2.803542,-0.009938,-0.026053,11.690344,0.218027,0.252622,0.252622,0.000000,1.000000,1.000000,0.000000,,0,0,0,1,1,0,-0.005741,-0.094121,0.7708,-0.1476,0.2705,3,ok
0,2144,238.300000,1.076844,1.213870,-2.797178,-0.010734,-0.019690,11.712240,0.219178,-0.074046,0.102622,0.176668,1.000000,1.000000,0.000000,C-06,0,0,0,1,1,0,-0.002831,-0.101683,0.7083,-0.2072,0.2671,3,ok
0,2145,238.420000,1.051998,1.204965,-2.796921,-0.011306,-0.019675,11.738632,0.220013,-0.003295,-0.003295,0.000000,1.000000,1.000000,0.000000,,0,0,0,1,1,0,-0.002724,-0.087236,0.7500,-0.2031,0.2673,2,ok
0,2146,238.520000,1.031318,1.197532,-2.789285,-0.011756,-0.012040,11.760603,0.219492,0.282944,0.146705,-0.136240,1.000000,1.000000,0.000000,C-06,0,0,0,1,1,0,-0.005478,-0.031237,0.7708,-0.1681,0.2686,3,ok
0,2147,238.640000,1.006543,1.188420,-2.788914,-0.012051,-0.008995,11.787052,0.220013,-0.098545,-0.003295,0.095249,1.000000,1.000000,0.000000,C-06,0,0,0,1,1,0,-0.004067,-0.045889,0.8542,-0.2014,0.2662,3,ok
0,2148,238.740000,0.985923,1.180821,-2.781398,-0.012228,-0.001479,11.809027,0.219491,0.232615,0.146705,-0.085910,1.000000,1.000000,0.000000,C-06,0,0,0,1,1,0,-0.001616,-0.061532,0.8125,-0.2599,0.2681,2,ok
0,2149,238.860000,0.961239,1.171622,-2.777138,-0.012358,0.005748,11.835352,0.219531,0.057971,0.057971,0.000000,1.000000,1.000000,0.000000,,0,0,0,1,1,0,-0.002940,-0.030373,0.7917,-0.2339,0.2708,2,ok
0,2150,238.980000,0.936550,1.162215,-2.782716,-0.012319,0.000170,11.861772,0.220402,-0.409854,-0.092029,0.317825,1.000000,1.000000,0.000000,C-06,0,0,0,1,1,0,-0.002102,-0.002365,0.7708,-0.2423,0.2657,3,ok
0,2151,239.080000,0.915905,1.154408,-2.795666,-0.012254,-0.008759,11.883960,0.221142,-0.347408,-0.242029,0.105379,1.000000,1.000000,0.000000,C-06,0,0,0,1,1,0,-0.000720,-0.019992,0.7708,-0.2807,0.2653,3,ok
0,2152,239.200000,0.891036,1.145270,-2.802550,-0.012280,-0.015643,11.910455,0.220758,-0.074149,-0.092029,-0.017880,1.000000,1.000000,0.000000,C-06,0,0,0,1,1,0,-0.000408,-0.052922,0.7292,-0.3361,0.2636,3,ok
0,2153,239.300000,0.870295,1.137939,-2.799953,-0.012558,-0.008522,11.932475,0.219820,0.062062,0.057971,-0.004091,1.000000,1.000000,0.000000,C-06,0,0,0,1,1,0,-0.001901,-0.076928,0.7292,-0.3209,0.2692,3,ok
0,2154,239.420000,0.845403,1.129093,-2.804703,-0.012815,-0.013271,11.958891,0.220331,-0.080321,-0.080321,0.000000,1.000000,1.000000,0.000000,,0,0,0,1,1,0,-0.001758,-0.066318,0.7292,-0.3523,0.2686,3,ok
0,2155,239.520000,0.824633,1.121763,-2.806646,-0.013036,-0.008478,11.980990,0.220258,-0.031626,-0.031626,0.000000,1.000000,1.000000,0.000000,,0,0,0,1,1,0,-0.000289,-0.080367,0.8542,-0.4092,0.2673,3,ok
0,2156,239.640000,0.799696,1.113061,-2.807442,-0.013293,-0.009274,12.007400,0.220083,-0.010198,-0.010198,0.000000,1.000000,1.000000,0.000000,,0,0,0,1,1,0,0.000782,-0.093012,0.8125,-0.4477,0.2665,3,ok
0,2157,239.740000,0.778886,1.105845,-2.815836,-0.013505,-0.010882,12.029519,0.220528,-0.312059,-0.160198,0.151861,1.000000,1.000000,0.000000,C-06,0,0,0,1,1,0,-0.001363,-0.082237,0.8125,-0.4110,0.2719,3,ok
0,2158,239.860000,0.753803,1.097188,-2.833515,-0.013668,-0.028561,12.056053,0.221655,-0.262889,-0.262889,0.000000,1.000000,1.000000,0.000000,,0,0,0,1,1,0,-0.000884,-0.089012,0.8125,-0.4429,0.2711,3,ok
0,2159,239.980000,0.728610,1.088916,-2.842115,-0.014129,-0.028675,12.082700,0.220913,0.053500,-0.112889,-0.166389,1.000000,1.000000,0.000000,C-06,0,0,0,1,1,0,-0.001114,-0.104818,0.7708,-0.5142,0.2684,3,ok
0,2160,240.080000,0.707592,1.082410,-2.840664,-0.014760,-0.027224,12.104693,0.219892,0.342216,0.037111,-0.305104,1.000000,1.000000,0.000000,C-06,0,0,0,1,1,0,-0.001155,-0.114861,0.7500,-0.5418,0.2689,2,ok
0,2161,240.200000,0.682424,1.074594,-2.828279,-0.015392,-0.004746,12.131186,0.219235,0.540730,0.187111,-0.353619,1.000000,1.000000,0.000000,C-06,0,0,0,1,1,0,-0.001240,-0.079197,0.7083,-0.5491,0.2659,3,ok
0,2162,240.300000,0.661506,1.067887,-2.825607,-0.015587,-0.002074,12.153152,0.219704,-0.080370,0.037111,0.117481,1.000000,1.000000,0.000000,C-06,0,0,0,1,1,0,0.001461,-0.060936,0.7500,-0.5902,0.2645,3,ok
0,2163,240.420000,0.636387,1.059687,-2.832700,-0.015579,0.002023,12.179738,0.220444,-0.173146,-0.112889,0.060257,1.000000,1.000000,0.000000,C-06,0,0,0,1,1,0,0.000053,-0.025191,0.7917,-0.5860,0.2681,3,ok
0,2164,240.520000,0.615393,1.052847,-2.843875,-0.015442,-0.009152,12.201818,0.221126,-0.198613,-0.198613,0.000000,1.000000,1.000000,0.000000,,0,0,0,1,1,0,0.002728,-0.127136,0.8333,-0.6560,0.2728,3,ok
0,2165,240.640000,0.590757,1.045172,-2.847921,-0.015488,-0.001259,12.227835,0.214640,-0.039207,-0.048613,-0.009406,0.973880,0.973880,0.000000,C-06,0,0,0,1,1,0,0.002728,-0.127136,0.8333,-0.6560,0.2728,3,ok
0,2166,240.740000,0.569769,1.038876,-2.846480,-0.015567,0.000181,12.249747,0.219762,0.030361,0.030361,0.000000,1.000000,1.000000,0.000000,,0,0,0,1,1,0,-0.000022,-0.020895,0.7708,-0.6475,0.2689,3,ok
0,2167,240.860000,0.544501,1.031213,-2.849086,-0.015464,0.010896,12.276345,0.220124,-0.040188,-0.040188,0.000000,1.000000,1.000000,0.000000,,0,0,0,1,1,0,0.000732,-0.105936,0.7500,-0.6880,0.2728,3,ok
0,2168,240.980000,0.519244,1.023601,-2.842891,-0.015196,0.017091,12.302723,0.219628,0.098164,0.098164,0.000000,1.000000,1.000000,0.000000,,0,0,0,1,1,0,0.003638,-0.050532,0.7500,-0.7694,0.2694,3,ok
0,2169,241.080000,0.498212,1.017131,-2.845288,-0.014720,0.029175,12.324922,0.220152,-0.580442,-0.051836,0.528606,1.000000,1.000000,0.000000,C-06,0,0,0,1,1,0,0.005119,0.079570,0.6875,-0.7777,0.2672,3,ok
0,2170,241.200000,0.472913,1.009379,-2.858926,-0.013974,0.015537,12.351372,0.220886,-0.221531,-0.201836,0.019695,1.000000,1.000000,0.000000,C-06,0,0,0,1,1,0,0.005834,0.128539,0.7500,-0.7915,0.2674,3,ok
0,2171,241.300000,0.451753,1.002922,-2.869782,-0.013207,0.020728,12.373707,0.221445,-0.181591,-0.181591,0.000000,1.000000,1.000000,0.000000,,0,0,0,1,1,0,0.006629,-0.042777,0.7917,-0.8210,0.2623,3,ok
0,2172,241.420000,0.426247,0.995289,-2.892728,-0.012190,-0.002218,12.400312,0.222439,-0.404031,-0.331591,0.072440,1.000000,1.000000,0.000000,C-06,0,0,0,1,1,0,0.003626,0.014258,0.8125,-0.7786,0.2633,3,ok
0,2173,241.520000,0.404854,0.988960,-2.921209,-0.011225,-0.012839,12.422791,0.223734,-0.632868,-0.481591,0.151277,1.000000,1.000000,0.000000,C-06,0,0,0,1,1,0,0.001719,0.090858,0.7917,-0.7500,0.2654,3,ok
0,2174,241.640000,0.379021,0.982202,-2.946551,-0.010705,-0.038182,12.449489,0.222374,-0.243366,-0.331591,-0.088225,1.000000,1.000000,0.000000,C-06,0,0,0,1,1,0,0.001894,-0.063134,0.7500,-0.7995,0.2651,3,ok
0,2175,241.740000,0.357403,0.977238,-2.963118,-0.010671,-0.035063,12.471901,0.221723,-0.259037,-0.259037,0.000000,1.000000,1.000000,0.000000,,0,0,0,1,1,0,-0.001366,0.036954,0.7708,-0.7512,0.2650,3,ok
0,2176,241.860000,0.331378,0.971728,-2.983082,-0.010835,-0.055026,12.498502,0.221633,-0.262764,-0.262764,0.000000,1.000000,1.000000,0.000000,,0,0,0,1,1,0,-0.005753,0.082629,0.7500,-0.6726,0.2660,3,ok
0,2177,241.980000,0.305289,0.967181,-2.992332,-0.011556,-0.043353,12.525214,0.220628,-0.097949,-0.112764,-0.014815,1.000000,1.000000,0.000000,C-06,0,0,0,1,1,0,-0.007176,0.072588,0.7708,-0.6758,0.2593,3,ok
0,2178,242.080000,0.283510,0.963519,-3.008510,-0.012145,-0.059531,12.547291,0.221081,-0.310882,-0.262764,0.048118,1.000000,1.000000,0.000000,C-06,0,0,0,1,1,0,-0.007616,0.110453,0.7708,-0.6776,0.2652,3,ok
0,2179,242.200000,0.257294,0.959124,-3.039965,-0.012418,-0.066560,12.574147,0.221874,-0.451512,-0.412764,0.038748,1.000000,1.000000,0.000000,C-06,0,0,0,1,1,0,-0.010062,0.132289,0.8125,-0.6236,0.2645,3,ok
0,2180,242.300000,0.235373,0.955463,-3.076738,-0.012534,-0.103333,12.596372,0.222540,-0.564417,-0.562764,0.001653,1.000000,1.000000,0.000000,C-06,0,0,0,1,1,0,-0.011180,0.044903,0.7917,-0.5970,0.2630,3,ok
0,2181,242.420000,0.209004,0.952169,-3.111496,-0.013268,-0.112914,12.623225,0.221187,0.159533,-0.412764,-0.572297,1.000000,1.000000,0.000000,C-06,0,0,0,1,1,0,-0.015166,0.044926,0.7917,-0.5847,0.2611,3,ok
0,2182,242.520000,0.187009,0.950579,-3.130739,-0.014938,-0.132156,12.645215,0.220407,0.944396,-0.262764,-1.207160,1.000000,1.000000,0.000000,C-06,0,0,0,1,1,0,-0.020117,0.054795,0.7500,-0.5286,0.2647,2,ok
0,2183,242.640000,0.160609,0.949823,-3.140942,-0.017279,-0.114615,12.672034,0.220057,1.000000,-0.112764,-1.112764,1.000000,1.000000,0.000000,C-06,0,0,0,1,1,0,-0.026273,0.067264,0.7708,-0.4157,0.2667,3,ok
0,2184,242.740000,0.138609,0.949793,-3.138872,-0.019757,-0.112544,12.693894,0.219999,0.414420,0.037236,-0.377184,1.000000,1.000000,0.000000,C-06,0,0,0,1,1,0,-0.023200,0.073025,0.6875,-0.4905,0.2624,3,ok
0,2185,242.860000,0.112211,0.949786,-3.124035,-0.022102,-0.067490,12.720689,0.219969,0.456304,0.187236,-0.269068,1.000000,1.000000,0.000000,C-06,0,0,0,1,1,0,-0.025896,0.088931,0.7917,-0.4241,0.2660,3,ok
0,2186,242.980000,0.085900,0.949781,-3.102479,-0.024203,-0.013290,12.747732,0.219134,0.263665,0.263665,0.000000,0.996790,0.996790,0.000000,,0,0,0,1,1,0,-0.023005,0.108389,0.8333,-0.4145,0.2651,3,ok
0,2187,243.080000,0.063926,0.949310,-3.093917,-0.024931,-0.004728,12.769699,0.219831,-0.190609,0.113665,0.304274,1.000000,1.000000,0.000000,C-06,0,0,0,1,1,0,-0.021443,0.139395,0.8125,-0.4148,0.2634,3,ok
0,2188,243.200000,0.037555,0.948085,-3.096055,-0.024795,0.026015,12.796968,0.220022,-0.078390,-0.036335,0.042055,1.000000,1.000000,0.000000,C-06,0,0,0,1,1,0,-0.017549,0.227944,0.7917,-0.3948,0.2618,3,ok
0,2189,243.300000,0.015573,0.947033,-3.107755,-0.024176,0.014314,12.818967,0.220120,-0.278100,-0.186335,0.091765,1.000000,1.000000,0.000000,C-06,0,0,0,1,1,0,-0.015095,0.278435,0.8125,-0.3834,0.2652,3,ok
0,2190,243.420000,-0.010820,0.945772,-3.134882,-0.022962,0.021883,12.846190,0.220244,-1.000000,-0.336335,0.663665,1.000000,1.000000,0.000000,C-06,0,0,0,1,1,0,-0.011680,0.243970,0.8125,-0.3989,0.2630,3,ok
0,2191,243.520000,-0.032818,0.944720,3.115093,-0.021575,-0.011328,12.868170,0.220184,-0.547319,-0.486335,0.060984,1.000000,1.000000,0.000000,C-06,0,0,0,1,1,0,-0.010510,0.210554,0.7292,-0.3673,0.2688,3,ok
0,2192,243.640000,-0.059195,0.944143,3.086529,-0.020009,-0.006092,12.895243,0.219688,-0.195042,-0.336335,-0.141294,1.000000,1.000000,0.000000,C-06,0,0,0,1,1,0,-0.010857,0.235749,0.7292,-0.3407,0.2635,3,ok
0,2193,243.740000,-0.081152,0.944719,3.073014,-0.019484,-0.019606,12.917202,0.219624,0.073737,-0.186335,-0.260072,1.000000,1.000000,0.000000,C-06,0,0,0,1,1,0,-0.012955,0.216668,0.7708,-0.2742,0.2659,3,ok
0,2194,243.860000,-0.107479,0.946010,3.061420,-0.018768,0.001049,12.944218,0.219633,-0.140687,-0.140687,0.000000,1.000000,1.000000,0.000000,,0,0,0,1,1,0,-0.009802,0.164882,0.8125,-0.3183,0.2669,3,ok
0,2195,243.980000,-0.133769,0.947480,3.038887,-0.018011,-0.021484,12.970146,0.219207,-0.421558,-0.290687,0.130871,1.000000,1.000000,0.000000,C-06,0,0,0,1,1,0,-0.007967,0.174030,0.8125,-0.3037,0.2641,3,ok
0,2196,244.080000,-0.155620,0.948706,3.010895,-0.016713,-0.018804,12.992924,0.218519,-0.792971,-0.440687,0.352284,1.000000,1.000000,0.000000,C-06,0,0,0,1,1,0,-0.008636,0.164641,0.7917,-0.2671,0.2668,3,ok
0,2197,244.200000,-0.181712,0.950420,2.966382,-0.015437,-0.063318,13.016549,0.217440,-0.624030,-0.590687,0.033343,1.000000,1.000000,0.000000,C-06,0,0,0,1,1,0,-0.008766,0.138922,0.7917,-0.2539,0.2648,3,ok
0,2198,244.300000,-0.203315,0.953027,2.937182,-0.014896,-0.064317,13.041213,0.217514,-0.454120,-0.454120,0.000000,1.000000,1.000000,0.000000,,0,0,0,1,1,0,-0.009773,0.111210,0.7292,-0.2500,0.2695,3,ok
0,2199,244.420000,-0.229098,0.957492,2.913822,-0.015562,-0.061727,13.067791,0.218071,-0.023559,-0.304120,-0.280560,1.000000,1.000000,0.000000,C-06,0,0,0,1,1,0,-0.010012,0.033929,0.7292,-0.2769,0.2654,3,ok
0,2200,244.520000,-0.250504,0.962068,2.903859,-0.016480,-0.071690,13.089661,0.218944,1.000000,-0.154120,-1.154120,1.000000,1.000000,0.000000,C-06,0,0,0,1,1,0,-0.016657,0.046382,0.8125,-0.1704,0.2695,3,ok
0,2201,244.640000,-0.276157,0.968260,2.903013,-0.018148,-0.049067,13.116400,0.219971,1.000000,-0.004120,-1.004120,1.000000,1.000000,0.000000,C-06,0,0,0,1,1,0,-0.014569,0.010477,0.8542,-0.2235,0.2693,2,ok
0,2202,244.740000,-0.297553,0.973459,2.911212,-0.019186,-0.040868,13.138394,0.220384,1.000000,0.145880,-0.854120,1.000000,1.000000,0.000000,C-06,0,0,0,1,1,0,-0.015953,0.033949,0.8125,-0.1945,0.2653,3,ok
0,2203,244.860000,-0.323314,0.979698,2.932088,-0.020246,0.001495,13.165342,0.221337,0.584247,0.295880,-0.288367,1.000000,1.000000,0.000000,C-06,0,0,0,1,1,0,-0.015120,0.043419,0.7917,-0.1858,0.2684,3,ok
0,2204,244.980000,-0.349169,0.985613,2.943613,-0.020527,0.013020,13.191863,0.220988,-0.222570,0.145880,0.368451,1.000000,1.000000,0.000000,C-06,0,0,0,1,1,0,-0.011612,0.093126,0.7917,-0.1858,0.2638,3,ok
0,2205,245.080000,-0.370741,0.989965,2.944013,-0.020037,0.033124,13.214219,0.220000,-0.760337,-0.004120,0.756217,1.000000,1.000000,0.000000,C-06,0,0,0,1,1,0,-0.011306,0.141580,0.8125,-0.1361,0.2642,3,ok
0,2206,245.200000,-0.396602,0.995148,2.933449,-0.019140,0.022560,13.240579,0.219565,-0.582725,-0.154120,0.428605,1.000000,1.000000,0.000000,C-06,0,0,0,1,1,0,-0.008046,0.136562,0.7500,-0.1576,0.2657,3,ok
0,2207,245.300000,-0.418088,0.999467,2.915665,-0.018243,0.022768,13.262798,0.218765,-0.586258,-0.304120,0.282138,1.000000,1.000000,0.000000,C-06,0,0,0,1,1,0,-0.008333,0.157742,0.7500,-0.1216,0.2658,3,ok
0,2208,245.420000,-0.443721,1.004649,2.883493,-0.016948,-0.009404,13.288918,0.217135,-0.523960,-0.454120,0.069841,1.000000,1.000000,0.000000,C-06,0,0,0,1,1,0,-0.005839,0.131865,0.7292,-0.1627,0.2637,3,ok
0,2209,245.520000,-0.464922,1.009368,2.859505,-0.016118,-0.016981,13.310922,0.217176,-0.398879,-0.398879,0.000000,1.000000,1.000000,0.000000,,0,0,0,1,1,0,-0.008664,0.117662,0.8125,-0.1030,0.2670,3,ok
0,2210,245.640000,-0.490209,1.016105,2.841314,-0.015941,-0.035172,13.337090,0.218123,0.280940,-0.248879,-0.529818,1.000000,1.000000,0.000000,C-06,0,0,0,1,1,0,-0.009258,0.082908,0.8125,-0.1156,0.2636,3,ok
0,2211,245.740000,-0.511201,1.022390,2.834838,-0.016321,-0.026525,13.359226,0.219226,1.000000,-0.098879,-1.098879,1.000000,1.000000,0.000000,C-06,0,0,0,1,1,0,-0.011612,0.051749,0.8125,-0.0947,0.2651,3,ok
0,2212,245.860000,-0.536377,1.030348,2.837689,-0.016981,-0.023673,13.385622,0.220188,1.000000,0.051121,-0.948879,1.000000,1.000000,0.000000,C-06,0,0,0,1,1,0,-0.011971,0.039953,0.8125,-0.0884,0.2661,2,ok
0,2213,245.980000,-0.561616,1.038293,2.850955,-0.017386,0.003489,13.412340,0.220882,1.000000,0.201121,-0.798879,1.000000,1.000000,0.000000,C-06,0,0,0,1,1,0,-0.013151,0.049078,0.7917,-0.0648,0.2702,2,ok
0,2214,246.080000,-0.582707,1.044707,2.854672,-0.017361,0.007206,13.434385,0.220403,-0.165862,0.051121,0.216983,1.000000,1.000000,0.000000,C-06,0,0,0,1,1,0,-0.010121,0.072052,0.7292,-0.0597,0.2691,3,ok
0,2215,246.200000,-0.608007,1.052184,2.848461,-0.016958,0.012816,13.460954,0.219630,-0.454278,-0.098879,0.355399,1.000000,1.000000,0.000000,C-06,0,0,0,1,1,0,-0.009571,0.098518,0.7292,-0.0373,0.2667,3,ok
0,2216,246.300000,-0.629026,1.058405,2.834619,-0.016527,-0.001026,13.482870,0.218798,-0.748700,-0.248879,0.499822,1.000000,1.000000,0.000000,C-06,0,0,0,1,1,0,-0.008354,0.099436,0.7500,-0.0384,0.2637,3,ok
0,2217,246.420000,-0.654159,1.066160,2.826946,-0.016151,0.002523,13.509351,0.219221,0.059497,-0.098879,-0.158376,1.000000,1.000000,0.000000,C-06,0,0,0,1,1,0,-0.008506,0.087544,0.8125,-0.0381,0.2648,3,ok
0,2218,246.520000,-0.675084,1.072954,2.829192,-0.016050,0.004769,13.531351,0.220152,0.670400,0.051121,-0.619278,1.000000,1.000000,0.000000,C-06,0,0,0,1,1,0,-0.008894,0.068685,0.8125,-0.0155,0.2659,3,ok
0,2219,246.640000,-0.700209,1.081076,2.829695,-0.015784,0.014846,13.557879,0.220036,0.004524,0.004524,0.000000,1.000000,1.000000,0.000000,,0,0,0,1,1,0,-0.008758,0.085747,0.8125,0.0135,0.2658,3,ok
0,2220,246.740000,-0.721123,1.087828,2.822003,-0.015476,0.007154,13.579854,0.219529,-0.141898,-0.141898,0.000000,1.000000,1.000000,0.000000,,0,0,0,1,1,0,-0.008079,0.087944,0.8125,0.0177,0.2646,3,ok
0,2221,246.860000,-0.746129,1.095929,2.808092,-0.014984,0.001858,13.606303,0.218610,-0.206521,-0.206521,0.000000,1.000000,1.000000,0.000000,,0,0,0,1,1,0,-0.006954,0.077867,0.7708,0.0126,0.2652,3,ok
0,2222,246.980000,-0.771015,1.104159,2.794367,-0.014516,-0.011868,13.632510,0.218414,-0.200656,-0.200656,0.000000,1.000000,1.000000,0.000000,,0,0,0,1,1,0,-0.009511,0.080553,0.7292,0.0592,0.2692,2,ok
0,2223,247.080000,-0.791686,1.111538,2.790809,-0.014547,-0.008132,13.654561,0.219590,0.503547,-0.050656,-0.554203,1.000000,1.000000,0.000000,C-06,0,0,0,1,1,0,-0.009653,0.056712,0.7292,0.0523,0.2655,3,ok
0,2224,247.200000,-0.816503,1.120606,2.796841,-0.014708,-0.002099,13.680981,0.220419,0.921936,0.099344,-0.822592,1.000000,1.000000,0.000000,C-06,0,0,0,1,1,0,-0.010810,0.061227,0.7917,0.0835,0.2681,3,ok
0,2225,247.300000,-0.837255,1.128144,2.810318,-0.014722,0.017877,13.703152,0.221214,0.575627,0.249344,-0.326283,1.000000,1.000000,0.000000,C-06,0,0,0,1,1,0,-0.009082,0.055025,0.7917,0.0739,0.2662,2,ok
0,2226,247.420000,-0.862267,1.137064,2.821373,-0.014511,0.028932,13.729706,0.221292,0.156341,0.156341,0.000000,1.000000,1.000000,0.000000,,0,0,0,1,1,0,-0.008214,0.082823,0.8333,0.1008,0.2656,2,ok
0,2227,247.520000,-0.883154,1.144018,2.822432,-0.013818,0.035283,13.751774,0.220051,-1.000000,0.006341,1.006341,1.000000,1.000000,0.000000,C-06,0,0,0,1,1,0,-0.004174,0.094734,0.8125,0.0877,0.2666,3,ok
0,2228,247.640000,-0.908186,1.152303,2.813293,-0.012885,0.026144,13.778124,0.219421,-1.000000,-0.143659,0.856341,1.000000,1.000000,0.000000,C-06,0,0,0,1,1,0,-0.003041,0.099229,0.7917,0.0960,0.2669,3,ok
0,2229,247.740000,-0.928957,1.159205,2.797289,-0.012098,0.013888,13.800045,0.218353,-0.627451,-0.293659,0.333792,1.000000,1.000000,0.000000,C-06,0,0,0,1,1,0,-0.002853,0.092765,0.7708,0.1067,0.2658,3,ok
0,2230,247.860000,-0.953758,1.167826,2.786837,-0.011463,0.003437,13.826294,0.218852,-0.057760,-0.143659,-0.085899,1.000000,1.000000,0.000000,C-06,0,0,0,1,1,0,-0.003371,0.071338,0.7500,0.1109,0.2653,3,ok
0,2231,247.980000,-0.978465,1.176691,2.776171,-0.011022,-0.004124,13.852595,0.218733,-0.158767,-0.158767,0.000000,1.000000,1.000000,0.000000,,0,0,0,1,1,0,-0.005149,0.070160,0.7292,0.1537,0.2677,3,ok
0,2232,248.080000,-0.999006,1.184526,2.775089,-0.011036,-0.005206,13.874580,0.219929,1.000000,-0.008767,-1.008767,1.000000,1.000000,0.000000,C-06,0,0,0,1,1,0,-0.005058,0.035293,0.7708,0.1474,0.2649,2,ok
0,2233,248.200000,-1.023691,1.193986,2.783950,-0.011104,0.005720,13.901007,0.220616,0.958553,0.141233,-0.817320,1.000000,1.000000,0.000000,C-06,0,0,0,1,1,0,-0.007425,0.051432,0.8333,0.1931,0.2673,2,ok
0,2234,248.300000,-1.044354,1.201853,2.799523,-0.011122,0.021293,13.923117,0.221614,1.000000,0.291233,-0.708767,1.000000,1.000000,0.000000,C-06,0,0,0,1,1,0,-0.007410,0.062163,0.8333,0.2055,0.2697,3,ok
0,2235,248.420000,-1.069278,1.211042,2.811219,-0.010829,0.033872,13.949713,0.221334,0.160768,0.160768,0.000000,1.000000,1.000000,0.000000,,0,0,0,1,1,0,-0.005874,0.086408,0.8333,0.2380,0.2658,2,ok
0,2236,248.520000,-1.090095,1.218214,2.812441,-0.010075,0.035094,13.971718,0.220087,-0.928921,0.010768,0.939689,1.000000,1.000000,0.000000,C-06,0,0,0,1,1,0,-0.001380,0.088421,0.7708,0.2049,0.2677,2,ok
0,2237,248.640000,-1.115043,1.226748,2.803654,-0.009122,0.025971,13.998061,0.219428,-0.851063,-0.139232,0.711830,1.000000,1.000000,0.000000,C-06,0,0,0,1,1,0,-0.001984,0.127475,0.7500,0.2596,0.2708,3,ok
0,2238,248.740000,-1.135744,1.233864,2.788076,-0.008373,0.010393,14.019938,0.218383,-0.448783,-0.289232,0.159551,1.000000,1.000000,0.000000,C-06,0,0,0,1,1,0,-0.001251,0.088606,0.7292,0.2494,0.2676,2,ok
0,2239,248.860000,-1.160450,1.242645,2.775019,-0.007764,-0.003417,14.046134,0.218518,-0.186437,-0.186437,0.000000,1.000000,1.000000,0.000000,,0,0,0,1,1,0,-0.002114,0.084095,0.7292,0.2688,0.2655,2,ok
0,2240,248.980000,-1.185079,1.252028,2.771978,-0.007786,-0.006458,14.072490,0.219705,1.000000,-0.036437,-1.036437,1.000000,1.000000,0.000000,C-06,0,0,0,1,1,0,-0.006196,0.084419,0.7708,0.3370,0.2718,3,ok
0,2241,249.080000,-1.205613,1.259973,2.777701,-0.007923,-0.003244,14.094498,0.220406,1.000000,0.113563,-0.886437,1.000000,1.000000,0.000000,C-06,0,0,0,1,1,0,-0.006525,0.081096,0.8125,0.3621,0.2751,2,ok
0,2242,249.200000,-1.230360,1.269489,2.794804,-0.008058,0.013858,14.121011,0.221516,1.000000,0.263563,-0.736437,1.000000,1.000000,0.000000,C-06,0,0,0,1,1,0,-0.003990,0.031621,0.8125,0.3197,0.2670,2,ok
0,2243,249.300000,-1.251119,1.277417,2.814182,-0.008130,0.029359,14.143210,0.222818,0.347228,0.347228,0.000000,1.000000,1.000000,0.000000,,0,0,0,1,1,0,-0.005418,0.070078,0.8542,0.3927,0.2679,2,ok
0,2244,249.420000,-1.276179,1.286358,2.828544,-0.007691,0.043721,14.169813,0.221634,-0.337919,0.197228,0.535147,1.000000,1.000000,0.000000,C-06,0,0,0,1,1,0,-0.004358,0.103991,0.7917,0.4278,0.2649,2,ok
0,2245,249.520000,-1.297123,1.293247,2.831989,-0.006776,0.047166,14.190128,0.220380,-0.882223,0.047228,0.929452,1.000000,1.000000,0.000000,C-06,0,0,0,1,1,0,-0.001663,0.121365,0.7917,0.4299,0.2678,2,ok
0,2246,249.640000,-1.322245,1.301295,2.825594,-0.005640,0.035580,14.218158,0.219595,-0.683037,-0.102772,0.580265,1.000000,1.000000,0.000000,C-06,0,0,0,1,1,0,0.000762,0.120843,0.7500,0.4287,0.2617,2,ok
0,2247,249.740000,-1.343110,1.308001,2.811718,-0.004710,0.021704,14.240055,0.218732,-0.786398,-0.252772,0.533627,1.000000,1.000000,0.000000,C-06,0,0,0,1,1,0,0.001282,0.119112,0.7500,0.4616,0.2631,2,ok
0,2248,249.860000,-1.368051,1.316337,2.803972,-0.004088,0.007506,14.266309,0.219179,-0.040689,-0.102772,-0.062083,1.000000,1.000000,0.000000,C-06,0,0,0,1,1,0,-0.000992,0.126959,0.7083,0.4977,0.2639,2,ok
0,2249,249.980000,-1.392969,1.325070,2.806591,-0.003854,0.010125,14.291993,0.220185,1.000000,0.047228,-0.952772,1.000000,1.000000,0.000000,C-06,0,0,0,1,1,0,-0.000896,0.082360,0.7708,0.5090,0.2658,2,ok
0,2250,250.080000,-1.413782,1.332316,2.817248,-0.003812,0.012917,14.314717,0.220710,0.966697,0.197228,-0.769468,1.000000,1.000000,0.000000,C-06,0,0,0,1,1,0,-0.000378,0.064649,0.7917,0.5101,0.2670,2,ok
0,2251,250.200000,-1.438899,1.341008,2.840784,-0.003705,0.036453,14.341295,0.222188,0.810003,0.347228,-0.462774,1.000000,1.000000,0.000000,C-06,0,0,0,1,1,0,0.000308,0.070787,0.8125,0.5397,0.2647,2,ok
0,2252,250.300000,-1.459951,1.347946,2.852893,-0.003437,0.038559,14.363432,0.221604,-0.120347,0.197228,0.317575,1.000000,1.000000,0.000000,C-06,0,0,0,1,1,0,0.003154,0.036010,0.8333,0.5270,0.2677,2,ok
0,2253,250.420000,-1.485276,1.355593,2.856947,-0.002472,0.042613,14.389868,0.220371,-0.290075,0.047228,0.337304,1.000000,1.000000,0.000000,C-06,0,0,0,1,1,0,0.004973,0.049536,0.8125,0.5354,0.2689,2,ok
0,2254,250.520000,-1.506376,1.361776,2.851575,-0.001661,0.026200,14.411818,0.219687,-0.390427,-0.102772,0.287656,1.000000,1.000000,0.000000,C-06,0,0,0,1,1,0,0.008638,0.033608,0.7708,0.4888,0.2656,2,ok
0,2255,250.640000,-1.531612,1.369185,2.834714,-0.000758,0.009339,14.438104,0.218672,-0.382942,-0.252772,0.130170,1.000000,1.000000,0.000000,C-06,0,0,0,1,1,0,0.008944,0.024490,0.7708,0.4889,0.2659,2,ok
0,2256,250.740000,-1.552560,1.375620,2.828045,-0.000512,-0.010218,14.460006,0.219191,0.487619,-0.102772,-0.590391,1.000000,1.000000,0.000000,C-06,0,0,0,1,1,0,0.012782,-0.026571,0.7292,0.4298,0.2573,2,ok
0,2257,250.860000,-1.577682,1.383751,2.830790,-0.000765,-0.007473,14.486410,0.220179,1.000000,0.047228,-0.952772,1.000000,1.000000,0.000000,C-06,0,0,0,1,1,0,0.009703,-0.092339,0.7917,0.4489,0.2609,2,ok
0,2258,250.980000,-1.602865,1.391857,2.843729,-0.001168,-0.009929,14.512851,0.220847,1.000000,0.197228,-0.802772,1.000000,1.000000,0.000000,C-06,0,0,0,1,1,0,0.008062,-0.118542,0.8125,0.4525,0.2600,2,ok
0,2259,251.080000,-1.623955,1.398609,2.863279,-0.001592,0.009620,14.534991,0.221985,0.771572,0.347228,-0.424344,1.000000,1.000000,0.000000,C-06,0,0,0,1,1,0,0.008594,-0.129523,0.8333,0.4361,0.2604,2,ok
0,2260,251.200000,-1.649456,1.406712,2.898074,-0.002260,0.026048,14.561706,0.223848,0.684064,0.497228,-0.186836,1.000000,1.000000,0.000000,C-06,0,0,0,1,1,0,0.009891,-0.126572,0.7917,0.4141,0.2618,2,ok
0,2261,251.300000,-1.670865,1.412889,2.920127,-0.002440,0.048101,14.583988,0.222652,-0.169254,0.347228,0.516482,1.000000,1.000000,0.000000,C-06,0,0,0,1,1,0,0.012687,-0.122022,0.7917,0.3759,0.2611,2,ok
0,2262,251.420000,-1.696666,1.419279,2.935576,-0.001813,0.043800,14.610522,0.221390,-0.277061,0.197228,0.474290,1.000000,1.000000,0.000000,C-06,0,0,0,1,1,0,0.014521,-0.121322,0.7917,0.3476,0.2628,2,ok
0,2263,251.520000,-1.718210,1.423925,2.939255,-0.000923,0.047479,14.632543,0.220313,-0.179133,0.047228,0.226361,1.000000,1.000000,0.000000,C-06,0,0,0,1,1,0,0.013357,-0.066674,0.7708,0.3942,0.2667,2,ok
0,2264,251.640000,-1.744055,1.429236,2.932351,0.000298,0.016554,14.658904,0.219703,-0.210592,-0.102772,0.107821,1.000000,1.000000,0.000000,C-06,0,0,0,1,1,0,0.014299,-0.080637,0.7292,0.3442,0.2686,2,ok
0,2265,251.740000,-1.765579,1.433802,2.934598,0.000716,0.018801,14.680903,0.220109,0.387953,0.047228,-0.340724,1.000000,1.000000,0.000000,C-06,0,0,0,1,1,0,0.012195,-0.084237,0.7083,0.3501,0.2694,2,ok
0,2266,251.860000,-1.791450,1.439295,2.948474,0.001214,0.032677,14.707345,0.220682,0.431256,0.197228,-0.234028,1.000000,1.000000,0.000000,C-06,0,0,0,1,1,0,0.008481,-0.119658,0.7500,0.3925,0.2704,2,ok
0,2267,251.980000,-1.817418,1.444789,2.973746,0.001127,0.030630,14.733916,0.221642,0.369635,0.347228,-0.022407,1.000000,1.000000,0.000000,C-06,0,0,0,1,1,0,0.008583,-0.133399,0.8125,0.3632,0.2695,2,ok
0,2268,252.080000,-1.839133,1.449019,2.987113,0.001399,0.043997,14.756039,0.221171,0.035353,0.197228,0.161875,1.000000,1.000000,0.000000,C-06,0,0,0,1,1,0,0.008916,-0.101347,0.8333,0.3550,0.2669,2,ok
0,2269,252.200000,-1.865242,1.453551,2.998356,0.001551,0.024025,14.782588,0.220781,0.142180,0.142180,0.000000,1.000000,1.000000,0.000000,,0,0,0,1,1,0,0.009683,-0.095857,0.8125,0.3352,0.2656,2,ok
0,2270,252.300000,-1.887040,1.457185,3.015160,0.001671,0.040829,14.804687,0.221221,0.271989,0.271989,0.000000,1.000000,1.000000,0.000000,,0,0,0,1,1,0,0.009683,-0.095857,0.8125,0.3352,0.2656,2,ok
0,2271,252.420000,-1.913168,1.461151,3.030473,0.001667,0.025352,14.831175,0.220102,0.188499,0.188499,0.000000,0.996404,0.996404,0.000000,,0,0,0,1,1,0,0.008328,-0.076601,0.7917,0.3455,0.2652,2,ok
0,2272,252.520000,-1.935030,1.463735,3.033806,0.002075,0.028686,14.853186,0.220160,-0.024836,0.038499,0.063335,1.000000,1.000000,0.000000,C-06,0,0,0,1,1,0,0.007896,-0.064508,0.7500,0.3558,0.2664,2,ok
0,2273,252.640000,-1.961277,1.466602,3.033649,0.002425,-0.000890,14.879682,0.220012,-0.004876,-0.004876,0.000000,1.000000,1.000000,0.000000,,0,0,0,1,1,0,0.005060,-0.005579,0.7083,0.3961,0.2722,2,ok
0,2274,252.740000,-1.983157,1.468982,3.041883,0.002169,0.007344,14.901690,0.220187,0.137206,0.137206,0.000000,1.000000,1.000000,0.000000,,0,0,0,1,1,0,0.005843,-0.039301,0.7500,0.3650,0.2674,2,ok
0,2275,252.860000,-2.009452,1.471839,3.063877,0.001772,0.002862,14.928178,0.220606,0.310221,0.287206,-0.023015,1.000000,1.000000,0.000000,C-06,0,0,0,1,1,0,0.006027,-0.071378,0.7708,0.3408,0.2640,3,ok
0,2276,252.980000,-2.035784,1.474384,3.075620,0.001185,0.014605,14.954627,0.220426,-0.088119,0.137206,0.225325,1.000000,1.000000,0.000000,C-06,0,0,0,1,1,0,0.004878,-0.048960,0.8333,0.4050,0.2686,2,ok
0,2277,253.080000,-2.057736,1.475867,3.075575,0.001332,0.014560,14.976629,0.219993,-0.273142,-0.012794,0.260348,1.000000,1.000000,0.000000,C-06,0,0,0,1,1,0,0.005284,-0.017327,0.7708,0.3985,0.2660,2,ok
0,2278,253.200000,-2.084082,1.477594,3.080131,0.001127,-0.003905,15.003053,0.220053,0.060756,0.060756,0.000000,1.000000,1.000000,0.000000,,0,0,0,1,1,0,0.006260,-0.044834,0.7708,0.3488,0.2686,2,ok
0,2279,253.300000,-2.106039,1.478945,3.076793,0.001042,-0.007243,15.025051,0.219952,-0.060976,-0.060976,0.000000,1.000000,1.000000,0.000000,,0,0,0,1,1,0,0.003820,-0.063037,0.7500,0.4066,0.2705,2,ok
0,2280,253.420000,-2.132388,1.480657,3.083027,0.000411,-0.019584,15.051467,0.220085,0.186711,0.089024,-0.097687,1.000000,1.000000,0.000000,C-06,0,0,0,1,1,0,0.002765,-0.053459,0.7917,0.3965,0.2695,2,ok
0,2281,253.520000,-2.154359,1.482089,3.098452,-0.000181,-0.004159,15.073476,0.220253,0.350228,0.239024,-0.111203,1.000000,1.000000,0.000000,C-06,0,0,0,1,1,0,0.003165,-0.075729,0.6875,0.3738,0.2675,2,ok
0,2282,253.640000,-2.180747,1.483809,3.129947,-0.001213,0.010202,15.099893,0.220447,0.521991,0.389024,-0.132966,1.000000,1.000000,0.000000,C-06,0,0,0,1,1,0,-0.000846,-0.032130,0.7500,0.4302,0.2732,2,ok
0,2283,253.740000,-2.201133,1.484889,-3.135574,-0.001864,0.027867,15.120297,0.202648,-0.061415,0.239024,0.300440,0.920218,0.920218,0.000000,C-06,0,0,0,1,1,0,0.005353,-0.022203,0.7500,0.3601,0.2676,2,ok
0,2284,253.860000,-2.227109,1.485114,-3.127200,-0.001764,0.018599,15.146243,0.219979,-0.408464,0.089024,0.497489,1.000000,1.000000,0.000000,C-06,0,0,0,1,1,0,0.006635,-0.006725,0.7917,0.3342,0.2684,2,ok
0,2285,253.980000,-2.253507,1.484753,-3.131638,-0.001302,0.014161,15.172640,0.220012,-0.204063,-0.060976,0.143087,1.000000,1.000000,0.000000,C-06,0,0,0,1,1,0,0.006665,-0.031820,0.8333,0.3473,0.2645,2,ok
0,2286,254.080000,-2.275505,1.484533,-3.131012,-0.001139,-0.002428,15.194621,0.219998,0.012721,0.012721,0.000000,1.000000,1.000000,0.000000,,0,0,0,1,1,0,0.002775,0.008336,0.8333,0.4349,0.2675,2,ok
0,2287,254.200000,-2.301902,1.484276,-3.118196,-0.001186,0.010387,15.221018,0.219953,0.207595,0.162721,-0.044874,1.000000,1.000000,0.000000,C-06,0,0,0,1,1,0,0.003420,-0.042931,0.7917,0.3912,0.2650,2,ok
0,2288,254.300000,-2.323891,1.484062,-3.102553,-0.001329,0.008783,15.242984,0.219850,0.231708,0.231708,0.000000,1.000000,1.000000,0.000000,,0,0,0,1,1,0,0.002718,-0.016533,0.7708,0.4063,0.2655,2,ok
0,2289,254.420000,-2.350266,1.483346,-3.094968,-0.001420,0.016368,15.269369,0.219872,-0.131611,0.081708,0.213319,1.000000,1.000000,0.000000,C-06,0,0,0,1,1,0,0.004622,-0.044104,0.7708,0.3868,0.2645,2,ok
0,2290,254.520000,-2.372244,1.482338,-3.098764,-0.001085,0.012572,15.289856,0.220039,-0.096308,-0.068292,0.028016,1.000000,1.000000,0.000000,C-06,0,0,0,1,1,0,0.003751,0.005796,0.7292,0.4071,0.2709,2,ok
0,2291,254.640000,-2.398622,1.481096,-3.102644,-0.001132,-0.008959,15.317756,0.220075,-0.045437,-0.045437,0.000000,1.000000,1.000000,0.000000,,0,0,0,1,1,0,-0.000900,-0.007688,0.7500,0.4743,0.2720,2,ok
0,2292,254.740000,-2.420603,1.480216,-3.096415,-0.001304,-0.002730,15.339753,0.219950,0.362779,0.104563,-0.258216,1.000000,1.000000,0.000000,C-06,0,0,0,1,1,0,0.001838,-0.015997,0.7708,0.3989,0.2712,2,ok
0,2293,254.860000,-2.446963,1.479176,-3.076503,-0.001942,-0.000524,15.366103,0.219719,0.568255,0.254563,-0.313692,1.000000,1.000000,0.000000,C-06,0,0,0,1,1,0,-0.000135,-0.045144,0.8125,0.4489,0.2705,2,ok
0,2294,254.980000,-2.473284,1.478136,-3.052108,-0.002618,0.023870,15.392436,0.219313,0.306039,0.306039,0.000000,1.000000,1.000000,0.000000,,0,0,0,1,1,0,0.001310,-0.035717,0.7917,0.4252,0.2657,2,ok
0,2295,255.080000,-2.495171,1.477193,-3.028884,-0.003488,0.029431,15.414275,0.218926,0.353973,0.353973,0.000000,1.000000,1.000000,0.000000,,0,0,0,1,1,0,0.001310,-0.035717,0.7917,0.4252,0.2657,2,ok
0,2296,255.200000,-2.521377,1.474936,-3.012253,-0.003448,0.046063,15.440578,0.219172,0.006401,0.203973,0.197572,1.000000,1.000000,0.000000,C-06,0,0,0,1,1,0,0.003674,0.029166,0.7917,0.4190,0.2680,2,ok
0,2297,255.300000,-2.543186,1.472284,-3.007961,-0.002894,0.032682,15.462490,0.219749,-0.151893,0.053973,0.205867,1.000000,1.000000,0.000000,C-06,0,0,0,1,1,0,0.003674,0.029166,0.7917,0.4190,0.2680,2,ok
0,2298,255.420000,-2.569361,1.468775,-3.014573,-0.002017,0.026071,15.488884,0.220186,-0.470875,-0.096027,0.374848,1.000000,1.000000,0.000000,C-06,0,0,0,1,1,0,0.003768,0.062873,0.7708,0.4535,0.2711,2,ok
0,2299,255.520000,-2.591190,1.465839,-3.018853,-0.001508,0.004061,15.510870,0.220295,-0.063048,-0.063048,0.000000,1.000000,1.000000,0.000000,,0,0,0,1,1,0,0.001544,0.023757,0.7292,0.4691,0.2749,2,ok
0,2300,255.640000,-2.617382,1.462597,-3.012725,-0.001397,0.010190,15.537262,0.219836,0.175750,0.086952,-0.088798,1.000000,1.000000,0.000000,C-06,0,0,0,1,1,0,0.001577,-0.003543,0.7708,0.4662,0.2656,2,ok
0,2301,255.740000,-2.639179,1.459908,-2.997971,-0.001457,0.007731,15.559200,0.219416,0.613627,0.236952,-0.376675,1.000000,1.000000,0.000000,C-06,0,0,0,1,1,0,0.002157,-0.017471,0.7917,0.4634,0.2702,2,ok
0,2302,255.860000,-2.665292,1.456407,-2.990676,-0.001534,0.015025,15.585547,0.219561,-0.038244,0.086952,0.125197,1.000000,1.000000,0.000000,C-06,0,0,0,1,1,0,0.001549,-0.022751,0.8125,0.4732,0.2652,2,ok
0,2303,255.980000,-2.691383,1.452610,-2.986521,-0.001470,0.000386,15.611888,0.219728,0.051731,0.051731,0.000000,1.000000,1.000000,0.000000,,0,0,0,1,1,0,0.002168,-0.018354,0.8125,0.4834,0.2666,2,ok
0,2304,256.100000,-2.717445,1.448746,-2.975410,-0.001644,0.011497,15.638233,0.219365,0.151275,0.151275,0.000000,1.000000,1.000000,0.000000,,0,0,0,1,1,0,0.002736,-0.022208,0.7917,0.4717,0.2698,2,ok
0,2305,256.220000,-2.743451,1.444857,-2.962092,-0.001938,0.007016,15.664498,0.219016,0.177125,0.177125,0.000000,1.000000,1.000000,0.000000,,0,0,0,1,1,0,0.002987,-0.046883,0.7708,0.4630,0.2658,2,ok
0,2306,256.340000,-2.769419,1.440246,-2.959380,-0.001799,0.009728,15.690872,0.219837,-0.079823,0.027125,0.106948,1.000000,1.000000,0.000000,C-06,0,0,0,1,1,0,0.002939,-0.025189,0.7083,0.4697,0.2620,2,ok
0,2307,256.440000,-2.791036,1.436335,-2.949210,-0.001731,0.000924,15.712800,0.219481,0.504811,0.177125,-0.327686,1.000000,1.000000,0.000000,C-06,0,0,0,1,1,0,-0.000639,0.087855,0.7292,0.5533,0.2735,2,ok
0,2308,256.540000,-2.812591,1.432423,-2.929990,-0.002048,0.020143,15.734704,0.218671,0.320943,0.320943,0.000000,1.000000,1.000000,0.000000,,0,0,0,1,1,0,-0.006661,0.076309,0.7708,0.6582,0.2746,2,ok
0,2309,256.660000,-2.838346,1.427591,-2.910515,-0.002273,0.039618,15.760186,0.218298,0.261802,0.261802,0.000000,1.000000,1.000000,0.000000,,0,0,0,1,1,0,-0.005229,0.136942,0.7708,0.6700,0.2738,2,ok
0,2310,256.780000,-2.864015,1.421871,-2.901608,-0.001983,0.029739,15.787173,0.219220,-0.129600,0.111802,0.241402,1.000000,1.000000,0.000000,C-06,0,0,0,1,1,0,-0.002958,0.061731,0.8333,0.6770,0.2677,2,ok
0,2311,256.880000,-2.885388,1.416653,-2.903452,-0.001290,0.027894,15.809163,0.220100,-0.226305,-0.038198,0.188107,1.000000,1.000000,0.000000,C-06,0,0,0,1,1,0,-0.001059,0.074461,0.8333,0.6473,0.2668,2,ok
0,2312,256.980000,-2.906755,1.411464,-2.898256,-0.001054,0.012936,15.831121,0.219745,0.093329,0.093329,0.000000,1.000000,1.000000,0.000000,,0,0,0,1,1,0,-0.000794,0.102211,0.7708,0.6443,0.2710,2,ok
0,2313,257.100000,-2.932383,1.405103,-2.900610,-0.000732,0.010582,15.857524,0.220132,-0.041668,-0.041668,0.000000,1.000000,1.000000,0.000000,,0,0,0,1,1,0,-0.004501,0.186194,0.7917,0.7495,0.2762,2,ok
0,2314,257.220000,-2.957999,1.398803,-2.893374,-0.000783,-0.001232,15.883892,0.219637,0.215446,0.108332,-0.107114,1.000000,1.000000,0.000000,C-06,0,0,0,1,1,0,-0.006539,0.158693,0.7708,0.8067,0.2740,2,ok
0,2315,257.340000,-2.983533,1.392506,-2.875586,-0.000940,0.016557,15.910191,0.218699,0.275008,0.258332,-0.016676,1.000000,1.000000,0.000000,C-06,0,0,0,1,1,0,-0.004742,0.036374,0.7292,0.7702,0.2618,2,ok
0,2316,257.440000,-3.004693,1.387259,-2.852204,-0.001382,0.018842,15.931963,0.217363,0.550272,0.408332,-0.141940,1.000000,1.000000,0.000000,C-06,0,0,0,1,1,0,-0.013068,0.107427,0.7292,0.9480,0.2778,2,ok
0,2317,257.540000,-3.025726,1.381536,-2.836349,-0.001503,0.034696,15.953760,0.218044,-0.079361,0.258332,0.337694,1.000000,1.000000,0.000000,C-06,0,0,0,1,1,0,-0.012692,0.286852,0.7708,0.9956,0.2827,2,ok
0,2318,257.660000,-3.050870,1.373865,-2.828092,-0.001028,0.022193,15.980023,0.219149,-0.383540,0.108332,0.491873,1.000000,1.000000,0.000000,C-06,0,0,0,1,1,0,-0.008628,0.122542,0.7917,0.9846,0.2726,2,ok
0,2319,257.780000,-3.075991,1.365734,-2.830451,-0.000401,0.019834,16.006420,0.220158,-0.205013,-0.041668,0.163345,1.000000,1.000000,0.000000,C-06,0,0,0,1,1,0,-0.007626,0.096792,0.8333,1.0268,0.2734,2,ok
0,2320,257.880000,-3.096918,1.358998,-2.824932,-0.000052,0.002928,16.028399,0.219653,0.291875,0.108332,-0.183542,1.000000,1.000000,0.000000,C-06,0,0,0,1,1,0,-0.011842,0.211321,0.8125,1.1432,0.2732,2,ok
0,2321,257.980000,-3.117778,1.352267,-2.810834,-0.000079,0.017027,16.050319,0.218747,0.527680,0.258332,-0.269348,1.000000,1.000000,0.000000,C-06,0,0,0,1,1,0,-0.013017,0.209551,0.7917,1.2036,0.2742,2,ok
0,2322,258.100000,-3.142632,1.344189,-2.783762,-0.000056,0.044098,16.075596,0.216886,0.520269,0.408332,-0.111937,1.000000,1.000000,0.000000,C-06,0,0,0,1,1,0,-0.006550,0.043664,0.7917,1.0778,0.2654,2,ok
0,2323,258.220000,-3.167273,1.335447,-2.765776,0.000084,0.039255,16.102596,0.217965,0.225935,0.258332,0.032397,1.000000,1.000000,0.000000,C-06,0,0,0,1,1,0,-0.005769,0.064062,0.7500,1.1155,0.2666,2,ok
0,2324,258.340000,-3.191790,1.325964,-2.757962,0.000982,0.047069,16.128537,0.219133,-0.133973,0.108332,0.242305,1.000000,1.000000,0.000000,C-06,0,0,0,1,1,0,-0.007194,0.240038,0.7500,1.2365,0.2669,2,ok
0,2325,258.440000,-3.212149,1.317929,-2.747362,0.001324,0.033171,16.150777,0.218497,0.200032,0.200032,0.000000,1.000000,1.000000,0.000000,,0,0,0,1,1,0,-0.004023,0.119155,0.6875,1.1737,0.2637,2,ok
0,2326,258.540000,-3.232440,1.309601,-2.742799,0.001973,0.037734,16.172701,0.219410,0.074081,0.074081,0.000000,1.000000,1.000000,0.000000,,0,0,0,1,1,0,-0.001329,0.060035,0.7083,1.1744,0.2666,2,ok
0,2327,258.660000,-3.256700,1.299416,-2.728779,0.002518,0.026520,16.199063,0.218741,0.357630,0.224081,-0.133548,1.000000,1.000000,0.000000,C-06,0,0,0,1,1,0,-0.001329,0.060035,0.7083,1.1744,0.2666,2,ok
0,2328,258.780000,-3.280769,1.289185,-2.707186,0.002951,0.048112,16.225213,0.217439,0.340014,0.340014,0.000000,1.000000,1.000000,0.000000,,0,0,0,1,1,0,-0.002786,0.320000,0.7917,1.3403,0.2696,2,ok
0,2329,258.880000,-3.300673,1.280178,-2.696443,0.003491,0.031452,16.247139,0.218572,-0.034135,0.190014,0.224149,1.000000,1.000000,0.000000,C-06,0,0,0,1,1,0,0.001633,0.260666,0.7917,1.2750,0.2668,2,ok
0,2330,258.980000,-3.320500,1.270837,-2.690633,0.004116,0.037263,16.269048,0.219229,0.102961,0.102961,0.000000,1.000000,1.000000,0.000000,,0,0,0,1,1,0,-0.001484,0.173698,0.7917,1.3762,0.2673,2,ok
0,2331,259.100000,-3.343520,1.259668,-2.675471,0.004962,0.022946,16.294754,0.212012,0.347299,0.252961,-0.094338,0.969089,0.969089,0.000000,C-06,0,0,0,1,1,0,0.003453,-0.061011,0.7708,1.2969,0.2631,2,ok
0,2332,259.220000,-3.366867,1.248252,-2.651063,0.005358,0.047354,16.320740,0.217265,0.689189,0.402961,-0.286228,1.000000,1.000000,0.000000,C-06,0,0,0,1,1,0,0.001443,0.018579,0.7292,1.3850,0.2675,2,ok
0,2333,259.340000,-3.387979,1.236913,-2.625791,0.006635,0.072625,16.342125,0.196989,0.420973,0.420973,0.000000,0.903311,0.903311,0.000000,,0,0,0,1,1,0,0.007262,-0.040087,0.7083,1.2676,0.2583,2,ok
0,2334,259.440000,-3.406526,1.226554,-2.611426,0.007345,0.051757,16.366112,0.218365,0.125837,0.270973,0.145136,1.000000,1.000000,0.000000,C-06,0,0,0,1,1,0,0.001617,0.085687,0.7083,1.4142,0.2759,2,ok
0,2335,259.540000,-3.423952,1.216354,-2.604714,0.008508,0.058469,16.386270,0.200015,-0.189614,0.120973,0.310587,0.911887,0.911887,0.000000,C-06,0,0,0,1,1,0,0.003457,0.021928,0.7500,1.4146,0.2785,2,ok
0,2336,259.660000,-3.446192,1.203150,-2.599968,0.009593,0.022505,16.412431,0.219558,0.076320,0.076320,0.000000,1.000000,1.000000,0.000000,,0,0,0,1,1,0,0.009217,-0.080262,0.7917,1.3088,0.2672,2,ok
0,2337,259.780000,-3.467188,1.190483,-2.587221,0.010465,0.035252,16.436937,0.202469,0.446584,0.226320,-0.220264,0.925091,0.925091,0.000000,C-06,0,0,0,1,1,0,0.009439,-0.149312,0.7917,1.2939,0.2661,2,ok
0,2338,259.880000,-3.485507,1.179256,-2.569095,0.010994,0.007378,16.459010,0.218145,0.764587,0.376320,-0.388267,1.000000,1.000000,0.000000,C-06,0,0,0,1,1,0,0.008039,-0.166726,0.7708,1.3160,0.2635,2,ok
0,2339,259.980000,-3.503850,1.167464,-2.543857,0.011206,0.032617,16.480816,0.217810,0.754582,0.526320,-0.228261,1.000000,1.000000,0.000000,C-06,0,0,0,1,1,0,0.009879,-0.059787,0.7500,1.2606,0.2691,2,ok
0,2340,260.100000,-3.525418,1.152679,-2.509849,0.012234,0.066625,16.506945,0.218201,0.599578,0.599578,0.000000,1.000000,1.000000,0.000000,,0,0,0,1,1,0,0.008966,-0.206609,0.7917,1.2851,0.2640,2,ok
0,2341,260.220000,-3.546517,1.137040,-2.484105,0.012882,0.041300,16.533860,0.219100,0.344220,0.449578,0.105358,1.000000,1.000000,0.000000,C-06,0,0,0,1,1,0,0.013586,-0.064462,0.7292,1.1994,0.2695,2,ok
0,2342,260.340000,-3.567043,1.120980,-2.467035,0.014148,0.058370,16.559892,0.217010,-0.049752,0.299578,0.349330,0.988157,0.988157,0.000000,C-06,0,0,0,1,1,0,0.011190,-0.099662,0.7500,1.2713,0.2689,2,ok
0,2343,260.440000,-3.583881,1.107429,-2.459738,0.014587,0.010044,16.582278,0.216036,0.063212,0.149578,0.086366,0.982629,0.982629,0.000000,C-06,0,0,0,1,1,0,0.012387,0.219891,0.6875,1.2172,0.2791,2,ok
0,2344,260.540000,-3.600880,1.093550,-2.452580,0.014920,0.017201,16.604221,0.219899,0.158837,0.158837,0.000000,1.000000,1.000000,0.000000,,0,0,0,1,1,0,0.012481,-0.191972,0.7292,1.2067,0.2659,2,ok
0,2345,260.660000,-3.621096,1.076640,-2.436214,0.015115,-0.022393,16.631455,0.219728,0.559373,0.308837,-0.250536,0.998603,0.998603,0.000000,C-06,0,0,0,1,1,0,0.010424,-0.172431,0.7917,1.2207,0.2646,2,ok
0,2346,260.780000,-3.639804,1.060391,-2.411750,0.014816,0.002071,16.656233,0.205828,0.464559,0.458837,-0.005722,0.932207,0.932207,0.000000,C-06,0,0,0,1,1,0,0.009683,-0.110063,0.8125,1.2061,0.2681,2,ok
0,2347,260.880000,-3.654742,1.046869,-2.391091,0.014987,0.022730,16.676381,0.201136,0.443937,0.443937,0.000000,0.909858,0.909858,0.000000,,0,0,0,1,1,0,0.009683,-0.110063,0.8125,1.2061,0.2681,2,ok
0,2348,260.980000,-3.668735,1.033564,-2.363406,0.014638,-0.005842,16.696560,0.192017,0.737952,0.593937,-0.144015,0.871411,0.871411,0.000000,C-06,0,0,0,1,1,0,0.028076,-0.241373,0.7500,0.5364,0.2250,2,ok
0,2349,261.100000,-3.685835,1.016228,-2.332897,0.014805,0.024667,16.720909,0.204439,0.526215,0.526215,0.000000,0.932381,0.932381,0.000000,,0,0,0,1,1,0,0.013339,-0.179107,0.7500,1.0097,0.2642,2,ok
0,2350,261.220000,-3.703610,0.997311,-2.311207,0.014990,-0.009725,16.747712,0.218607,0.150281,0.376215,0.225934,0.997727,0.997727,0.000000,C-06,0,0,0,1,1,0,0.014902,-0.174330,0.7292,0.9832,0.2644,2,ok
0,2351,261.340000,-3.719657,0.979452,-2.292827,0.014928,0.008654,16.771721,0.198138,0.328478,0.328478,0.000000,0.902502,0.902502,0.000000,,0,0,0,1,1,0,0.013144,-0.207617,0.7708,1.0191,0.2602,2,ok
0,2352,261.440000,-3.732476,0.964611,-2.271972,0.015261,0.029510,16.791329,0.196046,0.472728,0.472728,0.000000,0.891072,0.891072,0.000000,,0,0,0,1,1,0,0.012496,-0.160283,0.6875,1.0083,0.2620,2,ok
0,2353,261.540000,-3.745687,0.948694,-2.253825,0.014949,-0.007575,16.812855,0.209558,0.397576,0.397576,0.000000,0.951010,0.951010,0.000000,,0,0,0,1,1,0,0.010455,0.043866,0.7083,0.9905,0.2769,2,ok
0,2354,261.660000,-3.761279,0.929323,-2.239791,0.014861,0.006459,16.837722,0.207134,0.075976,0.247576,0.171600,0.939871,0.939871,0.000000,C-06,0,0,0,1,1,0,0.009388,-0.066031,0.7292,1.0157,0.2744,2,ok
0,2355,261.780000,-3.776467,0.909954,-2.226330,0.014395,-0.033905,16.863121,0.205029,0.243308,0.243308,0.000000,0.929715,0.929715,0.000000,,0,0,0,1,1,0,0.008001,-0.269066,0.8750,0.9996,0.2716,2,ok
0,2356,261.880000,-3.788160,0.894661,-2.210986,0.013781,-0.018561,16.882362,0.191423,0.338535,0.338535,0.000000,0.866067,0.866067,0.000000,,0,0,0,1,1,0,0.007306,-0.226831,0.8125,0.9852,0.2680,2,ok
0,2357,261.980000,-3.800178,0.877927,-2.188349,0.013740,0.004076,16.902965,0.212198,0.798693,0.488535,-0.310159,0.979118,0.966067,-0.013051,C-06,0,0,0,1,1,0,0.008099,-0.277372,0.7917,0.9181,0.2651,2,ok
0,2358,262.100000,-3.814945,0.856211,-2.151944,0.013117,-0.011552,16.929953,0.221094,0.922596,0.638535,-0.284062,1.000000,1.000000,0.000000,C-06,0,0,0,1,1,0,0.006833,-0.258678,0.7500,0.9352,0.2673,2,ok
0,2359,262.220000,-3.829610,0.833970,-2.122547,0.012704,0.017846,16.956591,0.222358,0.282895,0.488535,0.205640,0.998311,0.998311,0.000000,C-06,0,0,0,1,1,0,0.007059,-0.233021,0.7708,0.9049,0.2692,2,ok
0,2360,262.340000,-3.842956,0.812551,-2.101588,0.011976,-0.011840,16.982464,0.209485,0.108138,0.338535,0.230397,0.942770,0.942770,0.000000,C-06,0,0,0,1,1,0,0.008215,-0.196031,0.6667,0.8561,0.2644,2,ok
0,2361,262.440000,-3.853721,0.793935,-2.091505,0.011804,-0.001756,17.003967,0.216424,0.015802,0.188535,0.172733,0.984495,0.984495,0.000000,C-06,0,0,0,1,1,0,0.008282,-0.202046,0.7083,0.8247,0.2633,2,ok
0,2362,262.540000,-3.864468,0.774820,-2.081558,0.011555,-0.039816,17.026447,0.219910,0.195769,0.195769,0.000000,1.000000,1.000000,0.000000,,0,0,0,1,1,0,0.000247,0.071925,0.6667,0.9402,0.2874,2,ok
0,2363,262.660000,-3.877258,0.751991,-2.060966,0.010471,-0.019223,17.052593,0.218667,0.598387,0.345769,-0.252618,0.984384,0.984384,0.000000,C-06,0,0,0,1,1,0,0.000263,0.037073,0.7083,0.9225,0.2825,2,ok
0,2364,262.780000,-3.889443,0.729853,-2.031200,0.009453,-0.035241,17.078308,0.210393,0.486798,0.486798,0.000000,0.939400,0.939400,0.000000,,0,0,0,1,1,0,0.002992,-0.054800,0.7917,0.8252,0.2769,2,ok
0,2365,262.880000,-3.899182,0.710969,-2.012645,0.008281,-0.016686,17.099524,0.212862,0.311410,0.336798,0.025388,0.955531,0.955531,0.000000,C-06,0,0,0,1,1,0,0.002997,-0.051830,0.7917,0.8087,0.2749,2,ok
0,2366,262.980000,-3.908719,0.691152,-1.995787,0.007674,0.000172,17.121508,0.221867,0.312123,0.312123,0.000000,1.000000,1.000000,0.000000,,0,0,0,1,1,0,0.000803,-0.137354,0.7708,0.8518,0.2671,2,ok
0,2367,263.100000,-3.920099,0.666981,-1.973221,0.006439,-0.020224,17.148491,0.222885,0.348490,0.348490,0.000000,1.000000,1.000000,0.000000,,0,0,0,1,1,0,0.000630,-0.137761,0.7708,0.8250,0.2669,2,ok
0,2368,263.220000,-3.931137,0.642533,-1.940905,0.005279,0.012092,17.175291,0.224297,0.640740,0.498490,-0.142250,1.000000,1.000000,0.000000,C-06,0,0,0,1,1,0,0.014193,-0.158500,0.7292,0.3865,0.2395,2,ok
0,2369,263.340000,-3.941840,0.617728,-1.897635,0.003845,0.014342,17.202475,0.225771,0.777475,0.648490,-0.128985,1.000000,1.000000,0.000000,C-06,0,0,0,1,1,0,0.000669,-0.154423,0.7292,0.8048,0.2688,2,ok
0,2370,263.440000,-3.949927,0.596790,-1.867979,0.003169,0.043997,17.224911,0.224309,-0.669302,0.498490,1.167793,1.000000,1.000000,0.000000,C-06,0,0,0,1,1,0,0.004279,-0.140757,0.7292,0.7420,0.2693,2,ok
0,2371,263.540000,-3.957139,0.575686,-1.846768,0.003113,0.027402,17.247331,0.222884,-1.000000,0.348490,1.348490,1.000000,1.000000,0.000000,C-06,0,0,0,1,1,0,0.003673,-0.024051,0.6875,0.7692,0.2659,2,ok
0,2372,263.660000,-3.964853,0.550231,-1.831932,0.003304,0.042238,17.273929,0.221563,-0.868243,0.198490,1.066734,1.000000,1.000000,0.000000,C-06,0,0,0,1,1,0,0.001320,0.054523,0.7292,0.8204,0.2767,2,ok
0,2373,263.780000,-3.971811,0.524710,-1.827808,0.004027,0.010547,17.300519,0.220366,-0.363788,0.048490,0.412278,1.000000,1.000000,0.000000,C-06,0,0,0,1,1,0,0.007411,-0.066496,0.8125,0.7042,0.2669,2,ok
0,2374,263.880000,-3.977539,0.503422,-1.823759,0.004055,0.014596,17.322565,0.220519,0.068892,0.068892,0.000000,1.000000,1.000000,0.000000,,0,0,0,1,1,0,0.007896,-0.090063,0.7917,0.6736,0.2661,2,ok
0,2375,263.980000,-3.983204,0.482090,-1.811240,0.004157,0.027115,17.344635,0.221008,0.757089,0.218892,-0.538198,1.000000,1.000000,0.000000,C-06,0,0,0,1,1,0,0.008161,-0.136409,0.7292,0.6377,0.2620,2,ok
0,2376,264.100000,-3.989708,0.457798,-1.785590,0.003555,0.019317,17.369909,0.208660,1.000000,0.368892,-0.631108,0.937928,0.937928,0.000000,C-06,0,0,0,1,1,0,0.007961,-0.160089,0.7292,0.6256,0.2641,2,ok
0,2377,264.220000,-3.996184,0.433103,-1.747863,0.002929,0.057044,17.395430,0.213874,0.752751,0.518892,-0.233860,0.955962,0.955962,0.000000,C-06,0,0,0,1,1,0,0.006701,-0.109941,0.7500,0.6695,0.2662,2,ok
0,2378,264.340000,-4.001989,0.407194,-1.719003,0.002664,0.052801,17.422069,0.222311,-0.139578,0.368892,0.508469,1.000000,1.000000,0.000000,C-06,0,0,0,1,1,0,0.010718,-0.093058,0.7292,0.5811,0.2635,2,ok
0,2379,264.440000,-4.005894,0.385411,-1.704152,0.003204,0.067652,17.444193,0.221195,-0.735218,0.218892,0.954110,1.000000,1.000000,0.000000,C-06,0,0,0,1,1,0,0.014018,-0.064211,0.6875,0.5113,0.2640,2,ok
0,2380,264.540000,-4.009045,0.363598,-1.698987,0.004205,0.039083,17.466327,0.220335,-0.228457,0.068892,0.297348,1.000000,1.000000,0.000000,C-06,0,0,0,1,1,0,0.014158,-0.034335,0.6667,0.5273,0.2653,2,ok
0,2381,264.660000,-4.012432,0.337417,-1.700952,0.005329,0.037118,17.492703,0.219940,-0.032156,-0.032156,0.000000,1.000000,1.000000,0.000000,,0,0,0,1,1,0,0.011855,-0.027476,0.7083,0.5685,0.2628,2,ok
0,2382,264.780000,-4.015859,0.311228,-1.692558,0.006125,0.011653,17.519314,0.220223,0.349678,0.117844,-0.231834,1.000000,1.000000,0.000000,C-06,0,0,0,1,1,0,0.011311,-0.119354,0.7917,0.5430,0.2647,2,ok
0,2383,264.880000,-4.018717,0.289371,-1.675954,0.006255,0.028256,17.541357,0.220622,0.324275,0.267844,-0.056431,1.000000,1.000000,0.000000,C-06,0,0,0,1,1,0,0.011128,-0.114085,0.7708,0.5222,0.2668,2,ok
0,2384,264.980000,-4.021576,0.267468,-1.651423,0.006391,0.052787,17.563446,0.221116,0.377931,0.377931,0.000000,1.000000,1.000000,0.000000,,0,0,0,1,1,0,0.011053,-0.103953,0.7917,0.5126,0.2622,2,ok
0,2385,265.100000,-4.024534,0.241134,-1.632113,0.006039,0.037317,17.590202,0.220746,0.037712,0.227931,0.190219,1.000000,1.000000,0.000000,C-06,0,0,0,1,1,0,0.009086,-0.078351,0.7708,0.5944,0.2691,2,ok
0,2386,265.220000,-4.026469,0.214777,-1.624910,0.006625,0.044521,17.616623,0.220192,-0.137774,0.077931,0.215705,1.000000,1.000000,0.000000,C-06,0,0,0,1,1,0,0.011257,-0.055910,0.7292,0.5384,0.2677,2,ok
0,2387,265.340000,-4.028262,0.188406,-1.608617,0.006599,0.026563,17.643274,0.220343,0.208409,0.208409,0.000000,1.000000,1.000000,0.000000,,0,0,0,1,1,0,0.010832,-0.063879,0.7292,0.5312,0.2614,2,ok
0,2388,265.440000,-4.029644,0.166417,-1.596908,0.006596,0.038272,17.665306,0.220289,0.165597,0.165597,0.000000,1.000000,1.000000,0.000000,,0,0,0,1,1,0,0.009579,-0.046720,0.6875,0.5614,0.2629,2,ok
0,2389,265.540000,-4.030888,0.144421,-1.575755,0.006279,0.026977,17.687564,0.220347,0.506167,0.315597,-0.190570,1.000000,1.000000,0.000000,C-06,0,0,0,1,1,0,0.013050,-0.021059,0.6042,0.4626,0.2665,2,ok
0,2390,265.660000,-4.031961,0.118022,-1.555182,0.005943,0.047550,17.713982,0.220079,0.238037,0.238037,0.000000,1.000000,1.000000,0.000000,,0,0,0,1,1,0,0.013050,-0.021059,0.6042,0.4626,0.2665,2,ok
0,2391,265.780000,-4.031921,0.091627,-1.546942,0.006379,0.026198,17.740548,0.219944,-0.036309,0.088037,0.124346,1.000000,1.000000,0.000000,C-06,0,0,0,1,1,0,0.011860,-0.016126,0.7708,0.5303,0.2621,2,ok
0,2392,265.880000,-4.031592,0.069634,-1.542873,0.006708,0.030267,17.762541,0.219948,0.055905,0.055905,0.000000,1.000000,1.000000,0.000000,,0,0,0,1,1,0,0.010525,-0.019740,0.7708,0.5498,0.2635,2,ok
0,2393,265.980000,-4.031205,0.047647,-1.530940,0.007095,0.042201,17.781675,0.219865,0.180786,0.180786,0.000000,1.000000,1.000000,0.000000,,0,0,0,1,1,0,0.009111,0.055937,0.7708,0.5868,0.2759,2,ok
0,2394,266.100000,-4.030279,0.021270,-1.527564,0.007249,0.017202,17.811106,0.219950,0.026776,0.030786,0.004010,1.000000,1.000000,0.000000,C-06,0,0,0,1,1,0,0.010666,-0.036869,0.7708,0.5407,0.2642,2,ok
0,2395,266.220000,-4.029240,-0.002878,-1.525450,0.007652,0.019317,17.834894,0.200072,0.026091,0.026091,0.000000,0.909495,0.909495,0.000000,,0,0,0,1,1,0,0.009287,-0.017825,0.7083,0.5798,0.2700,2,ok
0,2396,266.340000,-4.028171,-0.028731,-1.511970,0.007352,0.006722,17.861347,0.219811,0.206292,0.176091,-0.030201,1.000000,1.000000,0.000000,C-06,0,0,0,1,1,0,0.009181,-0.071043,0.6875,0.5355,0.2634,2,ok
0,2397,266.440000,-4.027273,-0.050679,-1.490949,0.007097,0.027743,17.883311,0.219504,0.460949,0.326091,-0.134859,1.000000,1.000000,0.000000,C-06,0,0,0,1,1,0,0.005834,-0.032509,0.7083,0.6446,0.2645,2,ok
0,2398,266.540000,-4.026375,-0.072579,-1.460215,0.006389,0.033606,17.905406,0.218882,0.843939,0.476091,-0.367848,1.000000,1.000000,0.000000,C-06,0,0,0,1,1,0,0.009167,-0.027662,0.6458,0.5637,0.2701,2,ok
0,2399,266.660000,-4.024570,-0.098776,-1.433956,0.006115,0.059864,17.931663,0.218722,-0.167608,0.326091,0.493698,1.000000,1.000000,0.000000,C-06,0,0,0,1,1,0,0.009040,-0.008807,0.7292,0.6099,0.2678,2,ok
0,2400,266.780000,-4.021566,-0.124901,-1.419637,0.006653,0.049203,17.958104,0.219156,-0.207550,0.176091,0.383640,1.000000,1.000000,0.000000,C-06,0,0,0,1,1,0,0.011249,0.031186,0.7917,0.6127,0.2629,2,ok
0,2401,266.880000,-4.018353,-0.146645,-1.417191,0.007624,0.051649,17.980062,0.219862,-0.270972,0.026091,0.297062,1.000000,1.000000,0.000000,C-06,0,0,0,1,1,0,0.013896,0.014187,0.7500,0.5737,0.2661,2,ok
0,2402,266.980000,-4.014991,-0.168396,-1.424237,0.008567,0.020144,18.002232,0.220220,-0.833604,-0.123909,0.709695,1.000000,1.000000,0.000000,C-06,0,0,0,1,1,0,0.012519,0.050533,0.7500,0.6537,0.2719,2,ok
0,2403,267.100000,-4.011138,-0.194512,-1.422914,0.009151,0.021467,18.028624,0.219944,0.097983,0.026091,-0.071893,1.000000,1.000000,0.000000,C-06,0,0,0,1,1,0,0.012727,-0.002536,0.7500,0.6295,0.2630,2,ok
0,2404,267.220000,-4.007297,-0.220601,-1.410446,0.009518,0.010301,18.055247,0.219546,0.292727,0.176091,-0.116637,1.000000,1.000000,0.000000,C-06,0,0,0,1,1,0,0.012265,-0.041688,0.7083,0.6478,0.2678,2,ok
0,2405,267.340000,-4.003462,-0.246231,-1.394056,0.009448,0.026691,18.081162,0.215402,0.219111,0.219111,0.000000,0.983456,0.983456,0.000000,,0,0,0,1,1,0,0.011858,-0.038166,0.6667,0.6700,0.2683,2,ok
0,2406,267.440000,-4.000008,-0.267828,-1.384208,0.009609,0.036539,18.100428,0.219125,0.151018,0.151018,0.000000,1.000000,1.000000,0.000000,,0,0,0,1,1,0,0.011249,0.040458,0.6875,0.7033,0.2695,2,ok
0,2407,267.540000,-3.996400,-0.289411,-1.366369,0.009345,0.029799,18.125140,0.218468,0.943476,0.301018,-0.642458,1.000000,1.000000,0.000000,C-06,0,0,0,1,1,0,0.011175,0.023921,0.6458,0.7121,0.2692,2,ok
0,2408,267.660000,-3.991890,-0.314844,-1.346167,0.009364,0.050001,18.150970,0.215015,0.271890,0.271890,0.000000,0.985180,0.985180,0.000000,,0,0,0,1,1,0,0.010768,0.016569,0.7083,0.7534,0.2677,2,ok
0,2409,267.780000,-3.986870,-0.339216,-1.331554,0.009557,0.039668,18.176065,0.206829,0.195611,0.195611,0.000000,0.946152,0.946152,0.000000,,0,0,0,1,1,0,0.012538,-0.010046,0.7708,0.7625,0.2705,2,ok
0,2410,267.880000,-3.981840,-0.360364,-1.328055,0.010342,0.043167,18.197789,0.219674,-0.106210,0.045611,0.151822,1.000000,1.000000,0.000000,C-06,0,0,0,1,1,0,0.013023,0.052585,0.7500,0.7714,0.2700,2,ok
0,2411,267.980000,-3.976660,-0.381711,-1.325299,0.010856,0.020660,18.220047,0.219672,-0.117926,-0.104389,0.013538,1.000000,1.000000,0.000000,C-06,0,0,0,1,1,0,0.011917,0.053711,0.7500,0.8283,0.2693,2,ok
0,2412,268.100000,-3.970257,-0.407316,-1.323519,0.011375,0.022441,18.246435,0.219896,0.032548,0.032548,0.000000,1.000000,1.000000,0.000000,,0,0,0,1,1,0,0.012008,0.040676,0.7292,0.8508,0.2688,2,ok
0,2413,268.220000,-3.963852,-0.432685,-1.311075,0.011637,0.008665,18.272874,0.217583,0.243446,0.182548,-0.060897,0.991914,0.991914,0.000000,C-06,0,0,0,1,1,0,0.011550,-0.046802,0.7083,0.8698,0.2681,2,ok
0,2414,268.340000,-3.957445,-0.458108,-1.288796,0.011580,0.030944,18.299091,0.218015,0.321422,0.321422,0.000000,1.000000,1.000000,0.000000,,0,0,0,1,1,0,0.014635,-0.010094,0.7083,0.8035,0.2661,2,ok
0,2415,268.440000,-3.952085,-0.479158,-1.262056,0.011351,0.029532,18.321139,0.216566,0.837872,0.471422,-0.366450,1.000000,1.000000,0.000000,C-06,0,0,0,1,1,0,0.014720,0.058428,0.6667,0.8353,0.2662,2,ok
0,2416,268.540000,-3.946464,-0.500000,-1.227097,0.011046,0.064491,18.342723,0.215416,0.770657,0.621422,-0.149235,1.000000,1.000000,0.000000,C-06,0,0,0,1,1,0,0.016187,0.018289,0.6458,0.8081,0.2622,2,ok
0,2417,268.660000,-3.938499,-0.524706,-1.194704,0.011938,0.096884,18.366403,0.216387,-0.097177,0.471422,0.568599,1.000000,1.000000,0.000000,C-06,0,0,0,1,1,0,0.020309,0.059882,0.6667,0.7512,0.2617,2,ok
0,2418,268.780000,-3.929383,-0.549149,-1.172662,0.013201,0.090382,18.395057,0.217503,-0.443804,0.321422,0.765226,1.000000,1.000000,0.000000,C-06,0,0,0,1,1,0,0.026199,-0.028513,0.7708,0.7301,0.2639,2,ok
0,2419,268.880000,-3.921123,-0.569383,-1.162605,0.014985,0.100439,18.416839,0.218656,-0.607067,0.171422,0.778489,1.000000,1.000000,0.000000,C-06,0,0,0,1,1,0,0.029415,-0.033527,0.7708,0.6920,0.2617,2,ok
0,2420,268.980000,-3.912431,-0.589565,-1.160860,0.016589,0.071167,18.439248,0.219830,-0.915060,0.021422,0.936482,1.000000,1.000000,0.000000,C-06,0,0,0,1,1,0,0.030144,0.003598,0.7500,0.6978,0.2619,2,ok
0,2421,269.100000,-3.901911,-0.613815,-1.168668,0.018469,0.063359,18.465615,0.220598,-0.283349,-0.128578,0.154771,1.000000,1.000000,0.000000,C-06,0,0,0,1,1,0,0.031211,-0.032599,0.7500,0.6630,0.2630,2,ok
0,2422,269.220000,-3.891392,-0.638159,-1.178622,0.019771,0.019422,18.492670,0.221251,-0.152664,-0.152664,0.000000,1.000000,1.000000,0.000000,,0,0,0,1,1,0,0.031018,-0.066327,0.7292,0.6449,0.2618,2,ok
0,2423,269.340000,-3.880988,-0.662638,-1.195862,0.020669,0.002182,18.519253,0.222223,-0.265861,-0.265861,0.000000,1.000000,1.000000,0.000000,,0,0,0,1,1,0,0.029851,-0.077927,0.7292,0.6573,0.2622,2,ok
0,2424,269.440000,-3.873420,-0.681351,-1.202985,0.020572,-0.041332,18.540186,0.200028,0.384964,-0.115861,-0.500824,0.904865,0.904865,0.000000,C-06,0,0,0,1,1,0,0.024375,-0.045541,0.6250,0.6616,0.2629,2,ok
0,2425,269.540000,-3.865860,-0.701076,-1.201761,0.019766,-0.040107,18.561294,0.214740,0.884214,0.034139,-0.850074,0.977347,0.977347,0.000000,C-06,0,0,0,1,1,0,0.020332,-0.178096,0.6875,0.6755,0.2636,2,ok
0,2426,269.660000,-3.856997,-0.723978,-1.190325,0.018768,-0.068007,18.586652,0.203386,0.526089,0.184139,-0.341949,0.927865,0.927865,0.000000,C-06,0,0,0,1,1,0,0.018365,-0.274930,0.7500,0.6615,0.2648,2,ok
0,2427,269.780000,-3.848219,-0.745561,-1.169253,0.017343,-0.046935,18.609907,0.192564,0.718279,0.334139,-0.384139,0.879333,0.879333,0.000000,C-06,0,0,0,1,1,0,0.013164,-0.269363,0.7708,0.7013,0.2652,2,ok
0,2428,269.880000,-3.840912,-0.763008,-1.143782,0.016382,-0.021465,18.628799,0.187969,0.644099,0.484139,-0.159959,0.864299,0.864299,0.000000,C-06,0,0,0,1,1,0,0.015664,-0.318967,0.7292,0.6010,0.2664,2,ok
0,2429,269.980000,-3.833002,-0.781607,-1.116872,0.015019,-0.035798,18.649605,0.207919,0.505270,0.505270,0.000000,0.961703,0.961703,0.000000,,0,0,0,1,1,0,0.013342,-0.238696,0.7500,0.6545,0.2704,2,ok
0,2430,270.100000,-3.821922,-0.805085,-1.093841,0.013802,-0.012767,18.675537,0.217506,0.198049,0.355270,0.157220,1.000000,1.000000,0.000000,C-06,0,0,0,1,1,0,0.025236,-0.303546,0.7083,0.2583,0.2473,2,ok
0,2431,270.220000,-3.810031,-0.828455,-1.080545,0.012959,-0.040844,18.702373,0.218592,0.187700,0.205270,0.017570,1.000000,1.000000,0.000000,C-06,0,0,0,1,1,0,0.011903,-0.175836,0.7292,0.6365,0.2713,2,ok
0,2432,270.340000,-3.797661,-0.851718,-1.076569,0.011744,-0.036867,18.728692,0.219622,-0.039287,0.055270,0.094557,1.000000,1.000000,0.000000,C-06,0,0,0,1,1,0,0.008716,-0.205947,0.6875,0.6601,0.2671,2,ok
0,2433,270.440000,-3.787227,-0.871035,-1.066445,0.010875,-0.026744,18.749028,0.219129,0.354255,0.205270,-0.148985,1.000000,1.000000,0.000000,C-06,0,0,0,1,1,0,0.004908,-0.138118,0.6250,0.6773,0.2725,2,ok
0,2434,270.540000,-3.776695,-0.890204,-1.048794,0.009233,-0.048083,18.772873,0.217971,0.728749,0.355270,-0.373480,1.000000,1.000000,0.000000,C-06,0,0,0,1,1,0,0.004908,-0.138118,0.6250,0.6773,0.2725,2,ok
0,2435,270.660000,-3.764347,-0.911507,-1.019597,0.008026,-0.018886,18.797466,0.202512,0.634605,0.505270,-0.129336,0.930519,0.930519,0.000000,C-06,0,0,0,1,1,0,0.002137,-0.130977,0.7292,0.6806,0.2682,2,ok
0,2436,270.780000,-3.751372,-0.932780,-0.997883,0.006673,-0.034666,18.822633,0.208309,0.357314,0.357314,0.000000,0.954845,0.954845,0.000000,,0,0,0,1,1,0,0.002752,-0.202664,0.7500,0.6627,0.2670,2,ok
0,2437,270.880000,-3.739697,-0.951016,-0.977877,0.005773,-0.014660,18.844268,0.218208,0.415232,0.415232,0.000000,1.000000,1.000000,0.000000,,0,0,0,1,1,0,0.004486,-0.206551,0.7083,0.6070,0.2648,2,ok
0,2438,270.980000,-3.727481,-0.969175,-0.964513,0.005100,-0.036132,18.866314,0.218971,0.064139,0.265232,0.201093,1.000000,1.000000,0.000000,C-06,0,0,0,1,1,0,0.005290,-0.203730,0.7083,0.5800,0.2606,2,ok
0,2439,271.100000,-3.712400,-0.990700,-0.941450,0.004279,-0.013069,18.892583,0.218722,0.600040,0.415232,-0.184808,1.000000,1.000000,0.000000,C-06,0,0,0,1,1,0,0.014007,-0.226995,0.7083,0.2799,0.2449,2,ok
0,2440,271.220000,-3.696755,-1.011801,-0.910287,0.003934,-0.014107,18.918984,0.218931,0.792933,0.565232,-0.227701,1.000000,1.000000,0.000000,C-06,0,0,0,1,1,0,0.004465,-0.192281,0.7083,0.5883,0.2647,2,ok
0,2441,271.340000,-3.680425,-1.032456,-0.887002,0.003768,0.009178,18.945314,0.219627,-0.554779,0.415232,0.970011,1.000000,1.000000,0.000000,C-06,0,0,0,1,1,0,0.004935,-0.091068,0.6875,0.5983,0.2679,2,ok
0,2442,271.440000,-3.666443,-1.049420,-0.874540,0.004076,0.021640,18.966055,0.219913,-1.000000,0.265232,1.265232,1.000000,1.000000,0.000000,C-06,0,0,0,1,1,0,0.006647,-0.115723,0.6875,0.5721,0.2653,2,ok
0,2443,271.540000,-3.652286,-1.066257,-0.868896,0.003815,-0.003906,18.989429,0.219994,-0.613234,0.115232,0.728465,1.000000,1.000000,0.000000,C-06,0,0,0,1,1,0,0.006647,-0.115723,0.6875,0.5721,0.2653,2,ok
0,2444,271.660000,-3.635114,-1.086322,-0.855765,0.003784,0.009225,19.015839,0.220184,0.251365,0.251365,0.000000,1.000000,1.000000,0.000000,,0,0,0,1,1,0,0.006657,-0.104680,0.7083,0.5796,0.2658,2,ok
0,2445,271.780000,-3.617597,-1.106159,-0.834143,0.003571,0.000135,19.042402,0.220818,0.508081,0.401365,-0.106716,1.000000,1.000000,0.000000,C-06,0,0,0,1,1,0,0.006927,-0.112443,0.7500,0.5440,0.2684,2,ok
0,2446,271.880000,-3.602799,-1.122352,-0.821951,0.003683,0.012328,19.064338,0.219245,0.170631,0.251365,0.080734,0.994000,0.994000,0.000000,C-06,0,0,0,1,1,0,0.006591,-0.134292,0.7292,0.5575,0.2649,2,ok
0,2447,271.980000,-3.588880,-1.137235,-0.812296,0.003664,-0.008218,19.084834,0.202328,0.200291,0.200291,0.000000,0.918181,0.918181,0.000000,,0,0,0,1,1,0,0.005183,-0.141357,0.7292,0.5940,0.2657,2,ok
0,2448,272.100000,-3.571311,-1.155706,-0.808870,0.003496,-0.004792,19.110325,0.214463,0.017893,0.050291,0.032398,0.974510,0.974510,0.000000,C-06,0,0,0,1,1,0,0.003725,-0.108030,0.7708,0.6395,0.2671,2,ok
0,2449,272.220000,-3.555130,-1.172533,-0.798140,0.003281,-0.022827,19.133768,0.192549,0.605483,0.200291,-0.405192,0.860965,0.874510,0.013545,C-06,0,0,0,1,1,0,0.003764,-0.082855,0.7292,0.6226,0.2681,2,ok
0,2450,272.340000,-3.538032,-1.189740,-0.778386,0.002947,-0.003073,19.158023,0.203721,0.816559,0.350291,-0.466268,0.926572,0.926572,0.000000,C-06,0,0,0,1,1,0,0.002580,-0.129728,0.6667,0.6372,0.2698,2,ok
0,2451,272.440000,-3.524726,-1.202622,-0.755003,0.003052,0.020310,19.176543,0.183467,0.686183,0.500291,-0.185892,0.837899,0.837899,0.000000,C-06,0,0,0,1,1,0,0.002953,-0.112179,0.7292,0.6373,0.2691,2,ok
0,2452,272.540000,-3.510125,-1.216222,-0.738140,0.003071,0.008115,19.196591,0.205555,0.042488,0.350291,0.307803,0.957348,0.937899,-0.019449,C-06,0,0,0,1,1,0,0.005164,-0.014717,0.6667,0.6074,0.2698,2,ok
0,2453,272.660000,-3.490749,-1.233692,-0.726578,0.003353,0.019677,19.222678,0.219697,-0.319563,0.200291,0.519854,1.000000,1.000000,0.000000,C-06,0,0,0,1,1,0,0.006085,-0.083673,0.7292,0.6160,0.2642,2,ok
0,2454,272.780000,-3.470995,-1.251192,-0.723268,0.003477,-0.005796,19.249162,0.219936,-0.139102,0.050291,0.189392,1.000000,1.000000,0.000000,C-06,0,0,0,1,1,0,0.006821,-0.109630,0.7708,0.6166,0.2653,2,ok
0,2455,272.880000,-3.454464,-1.265684,-0.714511,0.003437,0.002962,19.271145,0.219846,0.280466,0.200291,-0.080175,1.000000,1.000000,0.000000,C-06,0,0,0,1,1,0,0.006156,-0.131633,0.7708,0.6210,0.2654,2,ok
0,2456,272.980000,-3.438490,-1.279337,-0.699290,0.003543,-0.010999,19.292258,0.209358,0.722023,0.350291,-0.371732,0.951434,0.951434,0.000000,C-06,0,0,0,1,1,0,0.004730,-0.142347,0.7500,0.6434,0.2653,2,ok
0,2457,273.100000,-3.419648,-1.294841,-0.672689,0.003584,0.015602,19.316658,0.203127,0.989915,0.500291,-0.489625,0.920390,0.920390,0.000000,C-06,0,0,0,1,1,0,0.005694,-0.143161,0.7292,0.6095,0.2633,2,ok
0,2458,273.220000,-3.400855,-1.309632,-0.652979,0.004144,0.035312,19.340567,0.199234,0.249568,0.350291,0.100723,0.902242,0.902242,0.000000,C-06,0,0,0,1,1,0,0.005719,-0.058765,0.7083,0.6603,0.2673,2,ok
0,2459,273.340000,-3.380216,-1.325193,-0.641428,0.004528,0.018559,19.366539,0.220221,-0.295396,0.200291,0.495686,1.000000,1.000000,0.000000,C-06,0,0,0,1,1,0,0.007283,-0.033975,0.6875,0.6672,0.2684,2,ok
0,2460,273.440000,-3.362567,-1.338353,-0.638580,0.004950,0.021407,19.388550,0.220136,-0.509911,0.050291,0.560202,1.000000,1.000000,0.000000,C-06,0,0,0,1,1,0,0.017465,-0.088722,0.6458,0.3108,0.2467,2,ok
0,2461,273.540000,-3.345933,-1.350668,-0.633251,0.004978,-0.002654,19.409403,0.205959,0.119109,0.119109,0.000000,0.934606,0.934606,0.000000,,0,0,0,1,1,0,0.004941,-0.022936,0.6667,0.7229,0.2714,2,ok
0,2462,273.660000,-3.325044,-1.365917,-0.628749,0.004936,0.001849,19.435265,0.217374,0.077256,0.077256,0.000000,0.987622,0.987622,0.000000,,0,0,0,1,1,0,0.006648,-0.061022,0.6458,0.6707,0.2695,2,ok
0,2463,273.780000,-3.305796,-1.379830,-0.616525,0.004738,-0.015818,19.459141,0.196504,0.390744,0.227256,-0.163488,0.889572,0.889572,0.000000,C-06,0,0,0,1,1,0,0.004538,-0.120692,0.7500,0.7046,0.2666,2,ok
0,2464,273.880000,-3.288421,-1.391757,-0.599023,0.004767,0.001685,19.480216,0.217142,0.695314,0.377256,-0.318059,1.000000,0.989572,-0.010428,C-06,0,0,0,1,1,0,0.002850,-0.120285,0.7500,0.7551,0.2679,2,ok
0,2465,273.980000,-3.270426,-1.403910,-0.574101,0.004962,0.026606,19.501930,0.218128,0.572800,0.527256,-0.045545,0.981567,0.981567,0.000000,C-06,0,0,0,1,1,0,0.004018,0.044328,0.6875,0.7544,0.2752,2,ok
0,2466,274.100000,-3.248130,-1.418389,-0.551214,0.004845,0.020375,19.528673,0.222109,0.004842,0.377256,0.372414,1.000000,1.000000,0.000000,C-06,0,0,0,1,1,0,0.006847,-0.137489,0.6875,0.7267,0.2673,2,ok
0,2467,274.220000,-3.225539,-1.432367,-0.536893,0.005295,0.034696,19.555235,0.221353,-0.222627,0.227256,0.449883,1.000000,1.000000,0.000000,C-06,0,0,0,1,1,0,0.019335,-0.105320,0.6458,0.3393,0.2412,2,ok
0,2468,274.340000,-3.202817,-1.445927,-0.531847,0.005396,0.009662,19.581856,0.220468,-0.279151,0.077256,0.356407,1.000000,1.000000,0.000000,C-06,0,0,0,1,1,0,0.003795,-0.002094,0.6250,0.8831,0.2763,2,ok
0,2469,274.440000,-3.184242,-1.456861,-0.521071,0.005584,0.020438,19.603410,0.215450,0.450843,0.227256,-0.223587,0.974160,0.974160,0.000000,C-06,0,0,0,1,1,0,0.005266,-0.070365,0.6042,0.8332,0.2694,2,ok
0,2470,274.540000,-3.166218,-1.467342,-0.502579,0.005490,0.008246,19.624407,0.208396,0.487920,0.377256,-0.110664,0.935950,0.935950,0.000000,C-06,0,0,0,1,1,0,0.005266,-0.070365,0.6042,0.8332,0.2694,2,ok
0,2471,274.660000,-3.143676,-1.479684,-0.487943,0.005834,0.022881,19.650104,0.215497,0.035229,0.227256,0.192027,0.975166,0.975166,0.000000,C-06,0,0,0,1,1,0,0.033874,0.043238,0.5833,0.3778,0.2115,2,ok
0,2472,274.780000,-3.120378,-1.491929,-0.482577,0.006172,-0.002458,19.676642,0.219934,-0.034186,0.077256,0.111442,1.000000,1.000000,0.000000,C-06,0,0,0,1,1,0,0.027950,-0.019602,0.6250,0.4214,0.2201,2,ok
0,2473,274.880000,-3.102151,-1.501455,-0.477548,0.006108,0.002571,19.697208,0.204759,0.099082,0.099082,0.000000,0.929040,0.929040,0.000000,,0,0,0,1,1,0,0.012266,0.072237,0.6458,0.7640,0.2540,2,ok
0,2474,274.980000,-3.083554,-1.510866,-0.465153,0.006319,0.014966,19.717670,0.209375,0.251680,0.249082,-0.002598,0.951713,0.951713,0.000000,C-06,0,0,0,1,1,0,0.010578,0.030051,0.6875,0.7946,0.2605,2,ok
0,2475,275.100000,-3.059985,-1.522135,-0.440488,0.006397,0.007379,19.744357,0.219936,0.860633,0.399082,-0.461551,1.000000,1.000000,0.000000,C-06,0,0,0,1,1,0,0.008690,-0.037672,0.7292,0.8134,0.2594,2,ok
0,2476,275.220000,-3.035918,-1.533401,-0.405517,0.006708,0.042350,19.770928,0.222766,0.937375,0.549082,-0.388293,1.000000,1.000000,0.000000,C-06,0,0,0,1,1,0,0.013773,-0.135449,0.7292,0.7212,0.2603,2,ok
0,2477,275.340000,-3.011520,-1.544483,-0.378427,0.006486,0.036529,19.797940,0.223386,-0.626620,0.399082,1.025701,1.000000,1.000000,0.000000,C-06,0,0,0,1,1,0,0.018588,-0.177268,0.7083,0.6427,0.2624,2,ok
0,2478,275.440000,-2.991016,-1.553046,-0.363812,0.006972,0.051145,19.820155,0.222093,-1.000000,0.249082,1.249082,1.000000,1.000000,0.000000,C-06,0,0,0,1,1,0,0.020069,-0.165628,0.7292,0.6129,0.2634,2,ok
0,2479,275.540000,-2.970430,-1.561060,-0.357642,0.007363,0.024484,19.842514,0.220818,-0.392256,0.099082,0.491338,1.000000,1.000000,0.000000,C-06,0,0,0,1,1,0,0.021987,-0.123743,0.6667,0.5601,0.2627,2,ok
0,2480,275.660000,-2.946343,-1.570087,-0.358837,0.007900,0.023290,19.868231,0.213892,-0.025240,-0.025240,0.000000,0.972464,0.972464,0.000000,,0,0,0,1,1,0,0.020491,-0.203521,0.7083,0.5692,0.2674,2,ok
0,2481,275.780000,-2.921664,-1.579117,-0.351055,0.008222,-0.005811,19.894750,0.219835,0.420477,0.124760,-0.295717,1.000000,1.000000,0.000000,C-06,0,0,0,1,1,0,0.017583,-0.233059,0.7708,0.5579,0.2656,2,ok
0,2482,275.880000,-2.901356,-1.586643,-0.336281,0.008110,0.008963,19.916407,0.216550,0.745133,0.274760,-0.470373,0.978014,0.978014,0.000000,C-06,0,0,0,1,1,0,0.015619,-0.273386,0.7500,0.5658,0.2659,2,ok
0,2483,275.980000,-2.880737,-1.594166,-0.312651,0.007878,-0.007476,19.938638,0.220469,1.000000,0.424760,-0.575240,0.990423,0.990423,0.000000,C-06,0,0,0,1,1,0,0.015370,-0.280095,0.7500,0.5179,0.2624,2,ok
0,2484,276.100000,-2.855491,-1.603189,-0.273018,0.007104,0.032157,19.965438,0.224694,1.000000,0.574760,-0.425240,1.000000,1.000000,0.000000,C-06,0,0,0,1,1,0,0.016417,-0.303582,0.7500,0.4792,0.2661,2,ok
0,2485,276.220000,-2.829959,-1.611440,-0.241556,0.007153,0.063619,19.992133,0.223426,-0.352324,0.424760,0.777084,1.000000,1.000000,0.000000,C-06,0,0,0,1,1,0,0.023418,-0.243111,0.6875,0.2355,0.2493,2,ok
0,2486,276.340000,-2.804260,-1.618538,-0.220674,0.007020,0.043723,0.027149,0.222053,-1.000000,0.274760,1.274760,1.000000,1.000000,0.000000,C-06,0,0,0,1,1,0,0.023422,-0.204495,0.6667,0.2142,0.2512,2,ok
0,2487,276.440000,-2.782773,-1.623683,-0.212513,0.007685,0.051884,0.049233,0.220874,-0.664444,0.124760,0.789204,1.000000,1.000000,0.000000,C-06,0,0,0,1,1,0,0.018729,-0.188965,0.6667,0.3577,0.2624,2,ok
0,2488,276.540000,-2.762719,-1.628025,-0.212260,0.007938,0.009416,0.070125,0.204038,-0.004415,-0.004415,0.000000,0.927489,0.927489,0.000000,,0,0,0,1,1,0,0.019102,-0.138531,0.6458,0.3253,0.2627,2,ok
0,2489,276.660000,-2.737736,-1.633181,-0.203077,0.008285,0.018599,0.095633,0.214232,0.135016,0.135016,0.000000,0.974115,0.974115,0.000000,,0,0,0,1,1,0,0.015521,-0.130686,0.6667,0.3665,0.2635,2,ok
0,2490,276.780000,-2.713197,-1.638347,-0.182835,0.008024,-0.003699,0.121052,0.208656,0.383527,0.285016,-0.098511,0.943927,0.943927,0.000000,C-06,0,0,0,1,1,0,0.014861,-0.195809,0.7500,0.3177,0.2645,2,ok
0,2491,276.880000,-2.691730,-1.642638,-0.157762,0.007550,0.021374,0.142937,0.221408,0.405414,0.405414,0.000000,1.000000,1.000000,0.000000,,0,0,0,1,1,0,0.015474,-0.201392,0.7292,0.2635,0.2655,2,ok
0,2492,276.980000,-2.669974,-1.646799,-0.140561,0.007254,0.038575,0.163706,0.221470,0.010440,0.255414,0.244974,1.000000,1.000000,0.000000,C-06,0,0,0,1,1,0,0.014546,-0.199637,0.7083,0.2849,0.2704,2,ok
0,2493,277.100000,-2.643817,-1.650869,-0.131680,0.006713,0.008673,0.191838,0.220535,-0.151612,0.105414,0.257026,1.000000,1.000000,0.000000,C-06,0,0,0,1,1,0,0.015171,-0.169130,0.7292,0.2314,0.2656,2,ok
0,2494,277.220000,-2.617643,-1.654359,-0.130945,0.006808,0.009408,0.218211,0.220008,0.001655,0.001655,0.000000,1.000000,1.000000,0.000000,,0,0,0,1,1,0,0.015171,-0.169130,0.7292,0.2314,0.2656,2,ok
0,2495,277.340000,-2.591453,-1.657813,-0.120062,0.006026,-0.013686,0.244884,0.220290,0.485117,0.151655,-0.333462,1.000000,1.000000,0.000000,C-06,0,0,0,1,1,0,0.012411,-0.191203,0.7083,0.2265,0.2671,2,ok
0,2496,277.440000,-2.569589,-1.660691,-0.101205,0.005382,0.005171,0.266927,0.220734,0.444610,0.301655,-0.142955,1.000000,1.000000,0.000000,C-06,0,0,0,1,1,0,0.011147,-0.191911,0.6667,0.1932,0.2665,2,ok
0,2497,277.540000,-2.547674,-1.663570,-0.072367,0.004233,0.003440,0.289158,0.221278,0.446049,0.446049,0.000000,1.000000,1.000000,0.000000,,0,0,0,1,1,0,0.012225,-0.199033,0.6458,0.1443,0.2655,2,ok
0,2498,277.660000,-2.523457,-1.666418,-0.047452,0.003114,0.028354,0.313516,0.201805,-0.118352,0.296049,0.414402,0.913063,0.913063,0.000000,C-06,0,0,0,1,1,0,0.014059,-0.177694,0.6875,0.0882,0.2661,2,ok
0,2499,277.780000,-2.497548,-1.668220,-0.034628,0.002831,0.014707,0.339559,0.220291,-0.321282,0.146049,0.467331,1.000000,1.000000,0.000000,C-06,0,0,0,1,1,0,0.011774,-0.106330,0.7292,0.1461,0.2660,2,ok
0,2500,277.880000,-2.475561,-1.669010,-0.034172,0.003081,0.015162,0.361559,0.219999,-0.088389,-0.003951,0.084438,1.000000,1.000000,0.000000,C-06,0,0,0,1,1,0,0.011774,-0.106330,0.7292,0.1461,0.2660,2,ok
0,2501,277.980000,-2.453572,-1.669757,-0.027532,0.003255,-0.001227,0.383640,0.220041,0.104896,0.104896,0.000000,1.000000,1.000000,0.000000,,0,0,0,1,1,0,0.009243,-0.108943,0.7292,0.1798,0.2690,2,ok
0,2502,278.100000,-2.427183,-1.670481,-0.030520,0.003132,-0.004215,0.410039,0.219979,-0.195686,-0.045104,0.150582,1.000000,1.000000,0.000000,C-06,0,0,0,1,1,0,0.011986,-0.118132,0.7500,0.0932,0.2671,2,ok
0,2503,278.220000,-2.400795,-1.671270,-0.031114,0.002849,-0.024834,0.436493,0.219994,-0.004426,-0.004426,0.000000,1.000000,1.000000,0.000000,,0,0,0,1,1,0,0.010783,-0.124373,0.7083,0.0738,0.2636,2,ok
0,2504,278.340000,-2.374405,-1.672070,-0.021008,0.002150,-0.014728,0.462886,0.220050,0.131053,0.131053,0.000000,1.000000,1.000000,0.000000,,0,0,0,1,1,0,0.007975,-0.134772,0.6667,0.0817,0.2656,2,ok
0,2505,278.440000,-2.352409,-1.672536,-0.021479,0.001768,-0.015199,0.483799,0.219995,-0.085892,-0.018947,0.066946,1.000000,1.000000,0.000000,C-06,0,0,0,1,1,0,0.008692,-0.142721,0.6667,0.0356,0.2657,2,ok
0,2506,278.540000,-2.330413,-1.672984,-0.013263,0.001005,-0.024578,0.506902,0.220025,0.134580,0.131053,-0.003527,1.000000,1.000000,0.000000,C-06,0,0,0,1,1,0,0.007724,-0.149134,0.6667,0.0156,0.2678,2,ok
0,2507,278.660000,-2.304014,-1.673521,-0.007657,0.000113,-0.018972,0.533291,0.220037,0.062457,0.062457,0.000000,1.000000,1.000000,0.000000,,0,0,0,1,1,0,0.005106,-0.124815,0.6667,0.0654,0.2680,2,ok
0,2508,278.780000,-2.277615,-1.674032,0.009377,-0.001123,-0.017070,0.559667,0.220033,0.251489,0.212457,-0.039032,1.000000,1.000000,0.000000,C-06,0,0,0,1,1,0,0.005677,-0.142108,0.7500,0.0002,0.2689,2,ok
0,2509,278.880000,-2.255618,-1.674450,0.024368,-0.002178,-0.002079,0.581642,0.219970,0.214308,0.214308,0.000000,1.000000,1.000000,0.000000,,0,0,0,1,1,0,0.005631,-0.139998,0.7500,-0.0127,0.2700,2,ok
0,2510,278.980000,-2.233627,-1.674318,0.032803,-0.002871,-0.006182,0.603595,0.219898,0.114143,0.114143,0.000000,1.000000,1.000000,0.000000,,0,0,0,1,1,0,0.004802,-0.119846,0.7083,-0.0042,0.2682,2,ok
0,2511,279.100000,-2.207241,-1.673479,0.030579,-0.003108,-0.008407,0.629993,0.220016,-0.094698,-0.035857,0.058841,1.000000,1.000000,0.000000,C-06,0,0,0,1,1,0,0.004618,-0.097359,0.7292,-0.0105,0.2681,2,ok
0,2512,279.220000,-2.180853,-1.672667,0.030952,-0.003580,-0.018760,0.656350,0.219998,0.007811,0.007811,0.000000,1.000000,1.000000,0.000000,,0,0,0,1,1,0,0.004431,-0.093642,0.6875,-0.0397,0.2657,2,ok
0,2513,279.340000,-2.154462,-1.671860,0.020025,-0.004170,-0.029686,0.682747,0.220056,-0.219122,-0.142189,0.076933,1.000000,1.000000,0.000000,C-06,0,0,0,1,1,0,0.003242,-0.101204,0.6667,-0.0727,0.2659,2,ok
0,2514,279.440000,-2.132467,-1.671416,0.019727,-0.004976,-0.038428,0.704706,0.219998,0.086139,0.007811,-0.078328,1.000000,1.000000,0.000000,C-06,0,0,0,1,1,0,0.003227,-0.124253,0.7083,-0.1103,0.2671,2,ok
0,2515,279.540000,-2.110473,-1.670992,0.029661,-0.005847,-0.028494,0.726686,0.219948,0.523123,0.157811,-0.365312,1.000000,1.000000,0.000000,C-06,0,0,0,1,1,0,0.002046,-0.150007,0.7292,-0.1506,0.2647,2,ok
0,2516,279.660000,-2.084096,-1.670483,0.054146,-0.006988,-0.011304,0.752990,0.219732,0.469776,0.307811,-0.161966,1.000000,1.000000,0.000000,C-06,0,0,0,1,1,0,0.000412,-0.160489,0.7500,-0.1326,0.2679,2,ok
0,2517,279.780000,-2.057746,-1.669631,0.067759,-0.007904,0.002309,0.779338,0.219670,0.042646,0.157811,0.115165,1.000000,1.000000,0.000000,C-06,0,0,0,1,1,0,0.002146,-0.112976,0.7917,-0.1698,0.2688,2,ok
0,2518,279.880000,-2.035798,-1.668197,0.069100,-0.007983,-0.001340,0.801300,0.219979,-0.031954,0.007811,0.039765,1.000000,1.000000,0.000000,C-06,0,0,0,1,1,0,0.000978,-0.089942,0.7500,-0.1356,0.2720,2,ok
0,2519,279.980000,-2.013845,-1.666708,0.060378,-0.008059,-0.010062,0.823304,0.220096,-0.172335,-0.142189,0.030146,1.000000,1.000000,0.000000,C-06,0,0,0,1,1,0,0.004358,-0.096137,0.7708,-0.2437,0.2681,2,ok
0,2520,280.100000,-1.987489,-1.664938,0.055563,-0.008211,-0.018702,0.849669,0.220130,-0.053744,-0.053744,0.000000,1.000000,1.000000,0.000000,,0,0,0,1,1,0,0.002835,-0.097619,0.7292,-0.2509,0.2679,2,ok
0,2521,280.220000,-1.961134,-1.663458,0.062589,-0.008768,-0.011676,0.876059,0.219913,0.327553,0.096256,-0.231297,1.000000,1.000000,0.000000,C-06,0,0,0,1,1,0,0.001093,-0.100442,0.7292,-0.2403,0.2674,2,ok
0,2522,280.340000,-1.934802,-1.661993,0.081509,-0.009345,0.005000,0.902420,0.219625,0.558418,0.246256,-0.312162,1.000000,1.000000,0.000000,C-06,0,0,0,1,1,0,0.001054,-0.098766,0.7083,-0.2571,0.2653,2,ok
0,2523,280.440000,-1.912882,-1.660504,0.088566,-0.009564,0.012057,0.924390,0.219705,-0.006303,0.096256,0.102559,1.000000,1.000000,0.000000,C-06,0,0,0,1,1,0,0.002266,-0.051904,0.7083,-0.2659,0.2621,2,ok
0,2524,280.540000,-1.890967,-1.658585,0.085724,-0.009355,0.009215,0.943273,0.220049,-0.502331,-0.053744,0.448586,1.000000,1.000000,0.000000,C-06,0,0,0,1,1,0,0.002322,-0.018793,0.7500,-0.2636,0.2614,2,ok
0,2525,280.660000,-1.864648,-1.656251,0.070102,-0.009080,-0.006694,0.972807,0.220308,-0.587167,-0.203744,0.383423,1.000000,1.000000,0.000000,C-06,0,0,0,1,1,0,0.002322,-0.018793,0.7500,-0.2636,0.2614,2,ok
0,2526,280.780000,-1.838291,-1.653918,0.042192,-0.008809,-0.033737,0.999263,0.220650,-0.412823,-0.353744,0.059079,1.000000,1.000000,0.000000,C-06,0,0,0,1,1,0,0.000946,-0.003696,0.7708,-0.2402,0.2626,2,ok
0,2527,280.880000,-1.816305,-1.652308,0.027237,-0.008924,-0.048692,1.021308,0.220395,0.840379,-0.203744,-1.044124,1.000000,1.000000,0.000000,C-06,0,0,0,1,1,0,-0.006036,-0.022598,0.7708,-0.1743,0.2654,2,ok
0,2528,280.980000,-1.794311,-1.651502,0.022857,-0.009842,-0.053072,1.043178,0.220063,1.000000,-0.053744,-1.053744,1.000000,1.000000,0.000000,C-06,0,0,0,1,1,0,-0.009701,-0.025565,0.7292,-0.1329,0.2657,2,ok
0,2529,281.100000,-1.767920,-1.650875,0.030030,-0.011130,-0.042915,1.069720,0.219962,1.000000,0.096256,-0.903744,1.000000,1.000000,0.000000,C-06,0,0,0,1,1,0,-0.009701,-0.025565,0.7292,-0.1329,0.2657,2,ok
0,2530,281.220000,-1.741541,-1.650263,0.049459,-0.012433,-0.019686,1.096071,0.219800,0.349184,0.246256,-0.102928,1.000000,1.000000,0.000000,C-06,0,0,0,1,1,0,-0.013873,0.008736,0.7083,-0.0663,0.2668,2,ok
0,2531,281.340000,-1.715187,-1.649642,0.068504,-0.013733,-0.000640,1.122400,0.219571,0.232350,0.232350,0.000000,1.000000,1.000000,0.000000,,0,0,0,1,1,0,-0.011148,0.039916,0.7292,-0.0628,0.2676,2,ok
0,2532,281.440000,-1.693244,-1.648429,0.074887,-0.014122,0.005743,1.142240,0.219784,-0.413964,0.082350,0.496314,1.000000,1.000000,0.000000,C-06,0,0,0,1,1,0,-0.010710,0.088427,0.7500,-0.0284,0.2671,2,ok
0,2533,281.540000,-1.671304,-1.646800,0.071198,-0.013854,0.007887,1.166513,0.220062,-0.649020,-0.067650,0.581370,1.000000,1.000000,0.000000,C-06,0,0,0,1,1,0,-0.007829,0.097505,0.7917,-0.0448,0.2675,2,ok
0,2534,281.660000,-1.644957,-1.644813,0.054288,-0.013528,-0.009023,1.191537,0.220289,-0.791741,-0.217650,0.574091,1.000000,1.000000,0.000000,C-06,0,0,0,1,1,0,-0.007923,0.108834,0.7708,-0.0186,0.2683,2,ok
0,2535,281.780000,-1.618582,-1.642827,0.032195,-0.013095,-0.024443,1.219432,0.220501,-0.271596,-0.271596,0.000000,1.000000,1.000000,0.000000,,0,0,0,1,1,0,-0.006284,0.087133,0.7708,-0.0378,0.2669,2,ok
0,2536,281.880000,-1.596591,-1.641694,0.023094,-0.013260,-0.033544,1.240723,0.220176,0.398332,-0.121596,-0.519928,1.000000,1.000000,0.000000,C-06,0,0,0,1,1,0,-0.007802,0.048225,0.7083,-0.0081,0.2683,2,ok
0,2537,281.980000,-1.574597,-1.641162,0.024426,-0.013802,-0.022179,1.263576,0.219992,0.719839,0.028404,-0.691435,1.000000,1.000000,0.000000,C-06,0,0,0,1,1,0,-0.006645,0.022154,0.7083,-0.0520,0.2670,2,ok
0,2538,282.100000,-1.548210,-1.640561,0.038320,-0.014498,-0.008284,1.289582,0.219901,1.000000,0.178404,-0.821596,1.000000,1.000000,0.000000,C-06,0,0,0,1,1,0,-0.006533,0.021589,0.7083,-0.0412,0.2667,2,ok
0,2539,282.220000,-1.521831,-1.639656,0.041501,-0.014623,0.005013,1.316498,0.219955,-0.313028,0.028404,0.341432,1.000000,1.000000,0.000000,C-06,0,0,0,1,1,0,-0.004437,0.036822,0.6875,-0.0481,0.2653,2,ok
0,2540,282.340000,-1.495450,-1.638599,0.032430,-0.014520,0.007741,1.343141,0.220060,-0.462301,-0.121596,0.340705,1.000000,1.000000,0.000000,C-06,0,0,0,1,1,0,-0.002511,0.049330,0.7500,-0.0427,0.2675,2,ok
0,2541,282.440000,-1.473456,-1.637713,0.014559,-0.014133,-0.010130,1.365149,0.220152,-0.396474,-0.271596,0.124878,1.000000,1.000000,0.000000,C-06,0,0,0,1,1,0,-0.002701,0.043059,0.7917,-0.0347,0.2681,2,ok
0,2542,282.540000,-1.451457,-1.636985,0.005243,-0.013905,-0.019446,1.386432,0.220089,-0.044713,-0.121596,-0.076883,1.000000,1.000000,0.000000,C-06,0,0,0,1,1,0,-0.003689,0.025682,0.7917,-0.0353,0.2670,2,ok
0,2543,282.660000,-1.425058,-1.636831,0.007097,-0.014068,-0.007763,1.413702,0.219997,1.000000,0.028404,-0.971596,1.000000,1.000000,0.000000,C-06,0,0,0,1,1,0,-0.004390,0.002131,0.7708,-0.0370,0.2672,2,ok
0,2544,282.780000,-1.398661,-1.636703,0.021047,-0.014203,0.014033,1.440275,0.219957,1.000000,0.178404,-0.821596,1.000000,1.000000,0.000000,C-06,0,0,0,1,1,0,-0.004107,-0.007919,0.7292,-0.0399,0.2675,2,ok
0,2545,282.880000,-1.376666,-1.636337,0.023661,-0.013837,0.016647,1.462269,0.219975,-0.141769,0.028404,0.170174,1.000000,1.000000,0.000000,C-06,0,0,0,1,1,0,-0.002878,0.013718,0.7083,-0.0293,0.2676,2,ok
0,2546,282.980000,-1.354671,-1.635858,0.016680,-0.013358,0.009666,1.484265,0.220022,-0.113621,-0.113621,0.000000,1.000000,1.000000,0.000000,,0,0,0,1,1,0,-0.001876,0.024490,0.7292,-0.0356,0.2669,2,ok
0,2547,283.100000,-1.328272,-1.635274,-0.004543,-0.012774,-0.007012,1.510663,0.220052,-0.290731,-0.263621,0.027110,1.000000,1.000000,0.000000,C-06,0,0,0,1,1,0,-0.000173,0.012130,0.6875,-0.0659,0.2637,2,ok
0,2548,283.220000,-1.301876,-1.634690,-0.026414,-0.012190,-0.028883,1.534435,0.219983,-0.259891,-0.259891,0.000000,1.000000,1.000000,0.000000,,0,0,0,1,1,0,-0.001420,0.004697,0.7292,-0.0486,0.2660,2,ok
0,2549,283.340000,-1.275489,-1.634943,-0.036203,-0.012443,-0.036203,1.563446,0.219885,1.000000,-0.109891,-1.109891,1.000000,1.000000,0.000000,C-06,0,0,0,1,1,0,-0.005540,-0.046802,0.7708,-0.0430,0.2656,2,ok
0,2550,283.440000,-1.253503,-1.635708,-0.034296,-0.013208,-0.034296,1.584535,0.220015,1.000000,0.040109,-0.959891,1.000000,1.000000,0.000000,C-06,0,0,0,1,1,0,-0.006694,-0.065416,0.7500,-0.0498,0.2661,2,ok
0,2551,283.540000,-1.231512,-1.636509,-0.022036,-0.014009,-0.022036,1.607423,0.220089,1.000000,0.190109,-0.809891,1.000000,1.000000,0.000000,C-06,0,0,0,1,1,0,-0.007464,-0.075906,0.7708,-0.0455,0.2663,2,ok
0,2552,283.660000,-1.205114,-1.637469,0.005611,-0.014969,0.005611,1.633821,0.220143,0.377103,0.340109,-0.036994,1.000000,1.000000,0.000000,C-06,0,0,0,1,1,0,-0.007534,-0.061810,0.7292,-0.0450,0.2662,2,ok
0,2553,283.780000,-1.178717,-1.638057,0.022480,-0.015557,0.022480,1.660218,0.219970,-0.067948,0.190109,0.258056,1.000000,1.000000,0.000000,C-06,0,0,0,1,1,0,-0.005329,-0.007893,0.7083,-0.0320,0.2675,2,ok
0,2554,283.880000,-1.156724,-1.637727,0.026014,-0.015227,0.026014,1.682212,0.219963,-0.034756,0.040109,0.074865,1.000000,1.000000,0.000000,C-06,0,0,0,1,1,0,-0.003746,0.010572,0.7500,-0.0421,0.2681,2,ok
0,2555,283.980000,-1.134730,-1.637186,0.019346,-0.014686,0.019346,1.704206,0.220026,-0.277292,-0.109891,0.167400,1.000000,1.000000,0.000000,C-06,0,0,0,1,1,0,-0.001653,0.019708,0.6875,-0.0571,0.2652,2,ok
0,2556,284.100000,-1.108331,-1.636523,-0.001640,-0.014023,-0.001640,1.730604,0.220069,-0.557849,-0.259891,0.297958,1.000000,1.000000,0.000000,C-06,0,0,0,1,1,0,-0.001653,0.019708,0.6875,-0.0571,0.2652,2,ok
0,2557,284.220000,-1.081932,-1.636141,-0.011698,-0.013641,-0.011698,1.757003,0.219996,0.320222,-0.109891,-0.430114,1.000000,1.000000,0.000000,C-06,0,0,0,1,1,0,-0.004069,-0.001928,0.7917,-0.0331,0.2677,2,ok
0,2558,284.340000,-1.055534,-1.636425,-0.009194,-0.013925,-0.009194,1.783402,0.220007,1.000000,0.040109,-0.959891,1.000000,1.000000,0.000000,C-06,0,0,0,1,1,0,-0.005467,-0.032017,0.7917,-0.0412,0.2670,2,ok
0,2559,284.440000,-1.033534,-1.636693,0.003160,-0.014193,0.003160,1.805401,0.220016,1.000000,0.190109,-0.809891,1.000000,1.000000,0.000000,C-06,0,0,0,1,1,0,-0.005651,-0.027691,0.7708,-0.0424,0.2652,2,ok
0,2560,284.540000,-1.011537,-1.636961,0.026045,-0.014461,0.026045,1.827399,0.219949,0.343070,0.340109,-0.002961,1.000000,1.000000,0.000000,C-06,0,0,0,1,1,0,-0.005040,-0.017408,0.7500,-0.0415,0.2665,2,ok
0,2561,284.660000,-0.985153,-1.636987,0.042581,-0.014487,0.042581,1.853783,0.219812,-0.510997,0.190109,0.701105,1.000000,1.000000,0.000000,C-06,0,0,0,1,1,0,-0.002767,0.010118,0.7500,-0.0454,0.2668,2,ok
0,2562,284.780000,-0.958779,-1.636040,0.046619,-0.013540,0.046619,1.880156,0.219931,-0.601438,0.040109,0.641546,1.000000,1.000000,0.000000,C-06,0,0,0,1,1,0,-0.000970,0.041913,0.7500,-0.0334,0.2673,2,ok
0,2563,284.880000,-0.936801,-1.635039,0.040038,-0.012539,0.040038,1.902135,0.220053,-0.685862,-0.109891,0.575971,1.000000,1.000000,0.000000,C-06,0,0,0,1,1,0,0.000928,0.061293,0.6667,-0.0302,0.2674,2,ok
0,2564,284.980000,-0.914812,-1.634028,0.023074,-0.011528,0.023074,1.924123,0.220169,-0.931799,-0.259891,0.671907,1.000000,1.000000,0.000000,C-06,0,0,0,1,1,0,0.001723,0.054948,0.7500,-0.0304,0.2670,2,ok
0,2565,285.100000,-0.889093,-1.632803,-0.000002,-0.010303,-0.000002,1.949842,0.214115,-0.275831,-0.275831,0.000000,0.972146,0.972146,0.000000,,0,0,0,1,1,0,0.001680,0.047949,0.7292,-0.0400,0.2671,2,ok
0,2566,285.220000,-0.862769,-1.632288,-0.011419,-0.009788,-0.011419,1.976166,0.220006,0.517854,-0.125831,-0.643685,1.000000,1.000000,0.000000,C-06,0,0,0,1,1,0,-0.000318,0.000614,0.7708,-0.0307,0.2681,2,ok
0,2567,285.340000,-0.836371,-1.632566,-0.010136,-0.010066,-0.010136,2.002565,0.220004,1.000000,0.024169,-0.975831,1.000000,1.000000,0.000000,C-06,0,0,0,1,1,0,-0.001804,-0.032747,0.7500,-0.0298,0.2680,2,ok
0,2568,285.440000,-0.814371,-1.632829,0.001193,-0.010329,0.001193,2.024564,0.220016,1.000000,0.174169,-0.825831,1.000000,1.000000,0.000000,C-06,0,0,0,1,1,0,-0.001910,-0.031146,0.7708,-0.0382,0.2671,2,ok
0,2569,285.540000,-0.792371,-1.633064,0.007332,-0.010564,0.007332,2.046564,0.220002,0.080396,0.080396,0.000000,1.000000,1.000000,0.000000,,0,0,0,1,1,0,-0.000719,-0.024768,0.7500,-0.0525,0.2668,2,ok
0,2570,285.660000,-0.765972,-1.632886,0.002370,-0.010386,0.002370,2.072964,0.220006,-0.079705,-0.069604,0.010101,1.000000,1.000000,0.000000,C-06,0,0,0,1,1,0,-0.000590,-0.010324,0.7500,-0.0393,0.2664,2,ok
0,2571,285.780000,-0.739572,-1.632800,0.001484,-0.010300,0.001484,2.099364,0.220001,-0.006215,-0.006215,0.000000,1.000000,1.000000,0.000000,,0,0,0,1,1,0,-0.000847,-0.005987,0.6875,-0.0317,0.2666,2,ok
0,2572,285.880000,-0.717572,-1.632742,0.004051,-0.010242,0.004051,2.121364,0.219999,0.040213,0.040213,0.000000,1.000000,1.000000,0.000000,,0,0,0,1,1,0,-0.000272,-0.013182,0.7083,-0.0479,0.2661,2,ok
0,2573,285.980000,-0.695572,-1.632651,-0.001217,-0.010151,-0.001217,2.143363,0.220002,-0.084916,-0.084916,0.000000,1.000000,1.000000,0.000000,,0,0,0,1,1,0,-0.000448,-0.006968,0.7708,-0.0373,0.2668,2,ok
0,2574,286.100000,-0.670450,-1.632683,0.003379,-0.010183,0.003379,2.168486,0.208537,0.189192,0.065084,-0.124108,0.947900,0.947900,0.000000,C-06,0,0,0,1,1,0,-0.000659,-0.015696,0.7708,-0.0337,0.2674,2,ok
0,2575,286.220000,-0.644261,-1.632615,0.001066,-0.010115,0.001066,2.194674,0.220001,-0.034306,-0.034306,0.000000,1.000000,1.000000,0.000000,,0,0,0,1,1,0,-0.000518,-0.014632,0.7500,-0.0383,0.2679,2,ok
0,2576,286.340000,-0.617862,-1.632540,-0.013562,-0.010040,-0.013562,2.221074,0.219983,-0.226101,-0.184306,0.041795,1.000000,1.000000,0.000000,C-06,0,0,0,1,1,0,-0.000282,-0.013078,0.7708,-0.0379,0.2672,2,ok
0,2577,286.440000,-0.595865,-1.632721,-0.016813,-0.010221,-0.016813,2.243071,0.219981,0.210192,-0.034306,-0.244498,1.000000,1.000000,0.000000,C-06,0,0,0,1,1,0,-0.001424,-0.032591,0.7292,-0.0464,0.2673,2,ok
0,2578,286.540000,-0.573867,-1.633052,-0.009710,-0.010552,-0.009710,2.265069,0.220015,0.499877,0.115694,-0.384183,1.000000,1.000000,0.000000,C-06,0,0,0,1,1,0,-0.001851,-0.043109,0.7500,-0.0554,0.2666,2,ok
0,2579,286.660000,-0.547467,-1.633461,0.011712,-0.010961,0.011712,2.291468,0.220014,0.880015,0.265694,-0.614321,1.000000,1.000000,0.000000,C-06,0,0,0,1,1,0,-0.002419,-0.035340,0.7292,-0.0427,0.2656,2,ok
0,2580,286.780000,-0.521071,-1.633594,0.022188,-0.011094,0.022188,2.317864,0.219948,0.037221,0.115694,0.078473,1.000000,1.000000,0.000000,C-06,0,0,0,1,1,0,0.000599,-0.006513,0.7292,-0.0562,0.2666,2,ok
0,2581,286.880000,-0.499076,-1.633132,0.020555,-0.010632,0.020555,2.339859,0.220009,-0.400400,-0.034306,0.366094,1.000000,1.000000,0.000000,C-06,0,0,0,1,1,0,0.000392,0.012677,0.7292,-0.0378,0.2671,2,ok
0,2582,286.980000,-0.477079,-1.632637,0.008591,-0.010137,0.008591,2.361856,0.220046,-0.744366,-0.184306,0.560061,1.000000,1.000000,0.000000,C-06,0,0,0,1,1,0,0.001011,0.021259,0.7917,-0.0230,0.2681,2,ok
0,2583,287.100000,-0.450680,-1.632042,-0.018701,-0.009542,-0.018701,2.385435,0.220022,-0.366983,-0.334306,0.032678,1.000000,1.000000,0.000000,C-06,0,0,0,1,1,0,0.000505,0.006771,0.7917,-0.0312,0.2671,2,ok
0,2584,287.220000,-0.424290,-1.631832,-0.034942,-0.009332,-0.034942,2.414645,0.219871,0.635920,-0.184306,-0.820225,1.000000,1.000000,0.000000,C-06,0,0,0,1,1,0,-0.000692,-0.031525,0.7708,-0.0499,0.2672,2,ok
0,2585,287.340000,-0.397908,-1.632598,-0.038519,-0.010098,-0.038519,2.441027,0.219951,1.000000,-0.034306,-1.034306,1.000000,1.000000,0.000000,C-06,0,0,0,1,1,0,-0.003858,-0.066514,0.7292,-0.0429,0.2659,2,ok
0,2586,287.440000,-0.375922,-1.633415,-0.031409,-0.010915,-0.031409,2.463013,0.220043,1.000000,0.115694,-0.884306,1.000000,1.000000,0.000000,C-06,0,0,0,1,1,0,-0.005060,-0.077293,0.6875,-0.0390,0.2674,2,ok
0,2587,287.540000,-0.353929,-1.634240,-0.018686,-0.011740,-0.018686,2.485006,0.220113,0.189286,0.189286,0.000000,1.000000,1.000000,0.000000,,0,0,0,1,1,0,-0.005434,-0.079555,0.7083,-0.0471,0.2667,2,ok
0,2588,287.660000,-0.327531,-1.635230,0.009026,-0.012730,0.009026,2.511405,0.220148,0.361803,0.339286,-0.022516,1.000000,1.000000,0.000000,C-06,0,0,0,1,1,0,-0.004323,-0.055286,0.7083,-0.0489,0.2658,2,ok
0,2589,287.780000,-0.301135,-1.635730,0.025690,-0.013230,0.025690,2.535635,0.219944,0.132673,0.189286,0.056614,1.000000,1.000000,0.000000,C-06,0,0,0,1,1,0,-0.002975,0.001467,0.7500,-0.0256,0.2678,2,ok
0,2590,287.880000,-0.279185,-1.635331,0.029263,-0.012831,0.029263,2.559750,0.219508,-0.231379,0.039286,0.270665,0.997952,0.997952,0.000000,C-06,0,0,0,1,1,0,-0.001337,0.025528,0.7917,-0.0304,0.2671,2,ok
0,2591,287.980000,-0.257198,-1.634718,0.022448,-0.012218,0.022448,2.581738,0.220030,-0.932236,-0.110714,0.821523,1.000000,1.000000,0.000000,C-06,0,0,0,1,1,0,-0.000270,0.031931,0.7917,-0.0310,0.2678,2,ok
0,2592,288.100000,-0.230800,-1.633971,0.001435,-0.011471,0.001435,2.608135,0.220087,-0.880734,-0.260714,0.620021,1.000000,1.000000,0.000000,C-06,0,0,0,1,1,0,0.000068,0.023359,0.7708,-0.0329,0.2683,2,ok
0,2593,288.220000,-0.204401,-1.633329,-0.012387,-0.010829,-0.012387,2.634535,0.220022,-0.158180,-0.158180,0.000000,1.000000,1.000000,0.000000,,0,0,0,1,1,0,-0.001039,-0.000638,0.7708,-0.0377,0.2675,2,ok
0,2594,288.340000,-0.178003,-1.633599,-0.013814,-0.011099,-0.013814,2.660932,0.219996,1.000000,-0.008180,-1.008180,1.000000,1.000000,0.000000,C-06,0,0,0,1,1,0,-0.002196,-0.035223,0.7292,-0.0524,0.2661,2,ok
0,2595,288.440000,-0.156004,-1.633869,-0.004585,-0.011369,-0.004585,2.682931,0.220014,1.000000,0.141820,-0.858180,1.000000,1.000000,0.000000,C-06,0,0,0,1,1,0,-0.003676,-0.033276,0.7292,-0.0303,0.2677,2,ok
0,2596,288.540000,-0.134005,-1.634139,0.015235,-0.011639,0.015235,2.704930,0.219995,0.894519,0.291820,-0.602699,1.000000,1.000000,0.000000,C-06,0,0,0,1,1,0,-0.002700,-0.034348,0.6875,-0.0408,0.2679,2,ok
0,2597,288.660000,-0.107611,-1.634273,0.027765,-0.011773,0.027765,2.731324,0.219919,-0.093814,0.141820,0.235634,1.000000,1.000000,0.000000,C-06,0,0,0,1,1,0,-0.000999,-0.005263,0.7292,-0.0419,0.2668,2,ok
0,2598,288.780000,-0.081222,-1.633565,0.027819,-0.011065,0.027819,2.757714,0.220003,-0.711671,-0.008180,0.703491,1.000000,1.000000,0.000000,C-06,0,0,0,1,1,0,0.001162,0.029695,0.7917,-0.0432,0.2667,2,ok
0,2599,288.880000,-0.059228,-1.632941,0.017741,-0.010441,0.017741,2.779708,0.220052,-1.000000,-0.158180,0.841820,1.000000,1.000000,0.000000,C-06,0,0,0,1,1,0,0.002049,0.028173,0.7917,-0.0462,0.2675,2,ok
0,2600,288.980000,-0.037229,-1.632316,-0.003002,-0.009816,-0.003002,2.801706,0.220088,-0.689079,-0.308180,0.380899,1.000000,1.000000,0.000000,C-06,0,0,0,1,1,0,0.001371,0.019005,0.7708,-0.0291,0.2673,2,ok
0,2601,289.100000,-0.010831,-1.631789,-0.017116,-0.009289,-0.017116,2.828105,0.219990,0.419204,-0.158180,-0.577384,1.000000,1.000000,0.000000,C-06,0,0,0,1,1,0,0.000557,-0.014127,0.7708,-0.0544,0.2661,2,ok
0,2602,289.220000,0.015565,-1.632188,-0.018434,-0.009688,-0.018434,2.854501,0.219994,1.000000,-0.008180,-1.008180,1.000000,1.000000,0.000000,C-06,0,0,0,1,1,0,-0.001523,-0.031096,0.7500,-0.0375,0.2663,2,ok
0,2603,289.340000,0.041962,-1.632634,-0.007448,-0.010134,-0.007448,2.880898,0.220024,1.000000,0.141820,-0.858180,1.000000,1.000000,0.000000,C-06,0,0,0,1,1,0,-0.002298,-0.045798,0.6875,-0.0350,0.2673,2,ok
0,2604,289.440000,0.063962,-1.633006,0.012072,-0.010506,0.012072,2.902898,0.220018,1.000000,0.291820,-0.708180,1.000000,1.000000,0.000000,C-06,0,0,0,1,1,0,-0.001324,-0.037652,0.6875,-0.0493,0.2663,2,ok
0,2605,289.540000,0.085959,-1.633213,0.022758,-0.010713,0.022758,2.924894,0.219948,-0.161055,0.141820,0.302875,1.000000,1.000000,0.000000,C-06,0,0,0,1,1,0,0.000718,-0.016473,0.7500,-0.0613,0.2656,2,ok
0,2606,289.660000,0.112352,-1.632630,0.022602,-0.010130,0.022602,2.951287,0.220003,-0.537398,-0.008180,0.529217,1.000000,1.000000,0.000000,C-06,0,0,0,1,1,0,0.001218,0.010902,0.7708,-0.0303,0.2685,2,ok
0,2607,289.780000,0.138748,-1.632018,0.010267,-0.009518,0.010267,2.977683,0.220046,-1.000000,-0.158180,0.841820,1.000000,1.000000,0.000000,C-06,0,0,0,1,1,0,0.001753,0.025994,0.7917,-0.0249,0.2672,2,ok
0,2608,289.880000,0.160747,-1.631507,-0.010618,-0.009007,-0.010618,2.999683,0.220049,-0.600203,-0.308180,0.292022,1.000000,1.000000,0.000000,C-06,0,0,0,1,1,0,0.001604,0.006110,0.7500,-0.0374,0.2669,2,ok
0,2609,289.980000,0.182744,-1.631210,-0.022456,-0.008710,-0.022456,3.021679,0.219955,0.432179,-0.158180,-0.590360,1.000000,1.000000,0.000000,C-06,0,0,0,1,1,0,-0.000314,-0.020153,0.7708,-0.0338,0.2667,2,ok
0,2610,290.100000,0.209137,-1.631753,-0.023664,-0.009253,-0.023664,3.048072,0.219992,1.000000,-0.008180,-1.008180,1.000000,1.000000,0.000000,C-06,0,0,0,1,1,0,-0.001359,-0.049131,0.7292,-0.0483,0.2670,2,ok
0,2611,290.220000,0.235532,-1.632338,-0.012611,-0.009838,-0.012611,3.074468,0.220035,1.000000,0.141820,-0.858180,1.000000,1.000000,0.000000,C-06,0,0,0,1,1,0,-0.002293,-0.053051,0.6875,-0.0449,0.2667,2,ok
0,2612,290.340000,0.261931,-1.632923,0.011120,-0.010423,0.011120,3.100867,0.220043,0.850183,0.291820,-0.558363,1.000000,1.000000,0.000000,C-06,0,0,0,1,1,0,-0.000877,-0.044379,0.6875,-0.0608,0.2650,2,ok
0,2613,290.440000,0.283928,-1.633158,0.021813,-0.010658,0.021813,3.122864,0.219954,-0.151713,0.141820,0.293533,1.000000,1.000000,0.000000,C-06,0,0,0,1,1,0,-0.000384,-0.011755,0.7500,-0.0359,0.2672,2,ok
0,2614,290.540000,0.305923,-1.632706,0.021981,-0.010206,0.021981,3.144858,0.220002,-0.518104,-0.008180,0.509924,1.000000,1.000000,0.000000,C-06,0,0,0,1,1,0,0.001271,0.014976,0.7708,-0.0384,0.2666,2,ok
0,2615,290.660000,0.332319,-1.632113,0.009535,-0.009613,0.009535,3.171255,0.220044,-0.885146,-0.158180,0.726965,1.000000,1.000000,0.000000,C-06,0,0,0,1,1,0,0.002193,0.018706,0.7917,-0.0438,0.2664,2,ok
0,2616,290.780000,0.358718,-1.631520,-0.015463,-0.009020,-0.015463,3.197654,0.220033,-0.568255,-0.308180,0.260075,1.000000,1.000000,0.000000,C-06,0,0,0,1,1,0,0.001194,0.002027,0.7500,-0.0374,0.2678,2,ok
0,2617,290.880000,0.380713,-1.631325,-0.027266,-0.008825,-0.027266,3.219649,0.219923,0.799122,-0.158180,-0.957302,1.000000,1.000000,0.000000,C-06,0,0,0,1,1,0,-0.000503,-0.032240,0.7708,-0.0422,0.2666,2,ok
0,2618,290.980000,0.402704,-1.631869,-0.028565,-0.009369,-0.028565,3.241640,0.219991,1.000000,-0.008180,-1.008180,1.000000,1.000000,0.000000,C-06,0,0,0,1,1,0,-0.002682,-0.061401,0.7292,-0.0222,0.2692,2,ok
0,2619,291.100000,0.429097,-1.632584,-0.017653,-0.010084,-0.017653,3.268032,0.220044,1.000000,0.141820,-0.858180,1.000000,1.000000,0.000000,C-06,0,0,0,1,1,0,-0.003859,-0.058034,0.6875,-0.0251,0.2676,2,ok
0,2620,291.220000,0.455495,-1.633298,0.002878,-0.010798,0.002878,3.294431,0.220080,0.251543,0.251543,0.000000,1.000000,1.000000,0.000000,,0,0,0,1,1,0,-0.003555,-0.049483,0.7083,-0.0309,0.2674,2,ok
0,2621,291.340000,0.481892,-1.634013,0.027732,-0.011513,0.027732,3.320827,0.220003,0.298900,0.298900,0.000000,1.000000,1.000000,0.000000,,0,0,0,1,1,0,-0.002418,-0.026804,0.6875,-0.0322,0.2668,2,ok
0,2622,291.440000,0.503879,-1.633929,0.038799,-0.011429,0.038799,3.342815,0.219852,-0.408308,0.148900,0.557208,1.000000,1.000000,0.000000,C-06,0,0,0,1,1,0,0.000402,0.019679,0.7500,-0.0299,0.2668,2,ok
0,2623,291.540000,0.525862,-1.633103,0.039448,-0.010603,0.039448,3.364798,0.220000,-0.644300,-0.001100,0.643200,1.000000,1.000000,0.000000,C-06,0,0,0,1,1,0,0.002335,0.023884,0.8125,-0.0532,0.2676,2,ok
0,2624,291.660000,0.552247,-1.632060,0.027632,-0.009560,0.027632,3.391182,0.220084,-0.961552,-0.151100,0.810452,1.000000,1.000000,0.000000,C-06,0,0,0,1,1,0,0.003770,0.046216,0.7917,-0.0416,0.2674,2,ok
0,2625,291.780000,0.578643,-1.631018,0.003380,-0.008518,0.003380,3.417578,0.220169,-0.464920,-0.301100,0.163821,1.000000,1.000000,0.000000,C-06,0,0,0,1,1,0,0.003649,0.029680,0.7708,-0.0442,0.2666,2,ok
0,2626,291.880000,0.600642,-1.630423,-0.008171,-0.007923,-0.008171,3.436735,0.220044,0.116835,-0.151100,-0.267935,1.000000,1.000000,0.000000,C-06,0,0,0,1,1,0,0.002162,-0.001669,0.7292,-0.0455,0.2667,2,ok
0,2627,291.980000,0.622642,-1.630566,-0.009093,-0.008066,-0.009093,3.461577,0.220000,0.043490,-0.001100,-0.044590,1.000000,1.000000,0.000000,C-06,0,0,0,1,1,0,0.000643,-0.019552,0.7083,-0.0344,0.2668,2,ok
0,2628,292.100000,0.649041,-1.630801,0.002455,-0.008301,0.002455,3.486835,0.220008,1.000000,0.148900,-0.851100,1.000000,1.000000,0.000000,C-06,0,0,0,1,1,0,0.000312,-0.028995,0.7083,-0.0390,0.2667,2,ok
0,2629,292.220000,0.675440,-1.631036,0.014642,-0.008536,0.014642,3.514376,0.219987,0.144001,0.144001,0.000000,1.000000,1.000000,0.000000,,0,0,0,1,1,0,0.001594,-0.026262,0.6875,-0.0502,0.2666,2,ok
0,2630,292.340000,0.701837,-1.630668,0.014878,-0.008168,0.014878,3.540773,0.220001,-0.454196,-0.005999,0.448197,1.000000,1.000000,0.000000,C-06,0,0,0,1,1,0,0.002461,0.011008,0.7500,-0.0362,0.2666,2,ok
0,2631,292.440000,0.723836,-1.630331,0.004867,-0.007831,0.004867,3.562771,0.220023,-0.644056,-0.155999,0.488056,1.000000,1.000000,0.000000,C-06,0,0,0,1,1,0,0.003304,0.008416,0.7917,-0.0402,0.2672,2,ok
0,2632,292.540000,0.745835,-1.629994,-0.015633,-0.007494,-0.015633,3.584771,0.220003,-0.515103,-0.305999,0.209104,1.000000,1.000000,0.000000,C-06,0,0,0,1,1,0,0.002554,0.003633,0.7917,-0.0337,0.2670,2,ok
0,2633,292.660000,0.772228,-1.629819,-0.029551,-0.007319,-0.029551,3.611163,0.219908,0.469700,-0.155999,-0.625699,1.000000,1.000000,0.000000,C-06,0,0,0,1,1,0,0.001324,-0.028549,0.7708,-0.0444,0.2664,2,ok
0,2634,292.780000,0.798616,-1.630559,-0.030572,-0.008059,-0.030572,3.636935,0.219993,1.000000,-0.005999,-1.005999,1.000000,1.000000,0.000000,C-06,0,0,0,1,1,0,-0.001433,-0.063715,0.7083,-0.0381,0.2654,2,ok
0,2635,292.880000,0.820608,-1.631207,-0.021397,-0.008707,-0.021397,3.659544,0.220043,1.000000,0.144001,-0.855999,1.000000,1.000000,0.000000,C-06,0,0,0,1,1,0,-0.002256,-0.061278,0.6875,-0.0374,0.2658,2,ok
0,2636,292.980000,0.842606,-1.631855,-0.001597,-0.009355,-0.001597,3.681542,0.220095,0.545101,0.294001,-0.251101,1.000000,1.000000,0.000000,C-06,0,0,0,1,1,0,-0.001706,-0.058826,0.6667,-0.0489,0.2661,2,ok
0,2637,293.100000,0.869006,-1.632454,0.011153,-0.009954,0.011153,3.707941,0.220019,0.139977,0.144001,0.004024,1.000000,1.000000,0.000000,C-06,0,0,0,1,1,0,-0.001065,-0.023744,0.6458,-0.0269,0.2671,2,ok
0,2638,293.220000,0.895404,-1.632178,0.011179,-0.009678,0.011179,3.734339,0.220001,-0.381202,-0.005999,0.375203,1.000000,1.000000,0.000000,C-06,0,0,0,1,1,0,0.000629,-0.008025,0.6667,-0.0412,0.2660,2,ok
0,2639,293.340000,0.921803,-1.631870,-0.000959,-0.009370,-0.000959,3.760739,0.220015,-0.372495,-0.155999,0.216496,1.000000,1.000000,0.000000,C-06,0,0,0,1,1,0,0.001453,-0.003965,0.7500,-0.0476,0.2657,2,ok
0,2640,293.440000,0.943802,-1.631614,-0.021395,-0.009114,-0.021395,3.782737,0.219970,-0.455304,-0.305999,0.149305,1.000000,1.000000,0.000000,C-06,0,0,0,1,1,0,0.001354,-0.023772,0.7500,-0.0666,0.2641,2,ok
0,2641,293.540000,0.965793,-1.631568,-0.032997,-0.009068,-0.032997,3.804729,0.219886,0.567708,-0.155999,-0.723708,1.000000,1.000000,0.000000,C-06,0,0,0,1,1,0,0.000890,-0.070988,0.7500,-0.1106,0.2687,2,ok
0,2642,293.660000,0.992178,-1.632398,-0.034015,-0.009898,-0.034015,3.831114,0.219992,1.000000,-0.005999,-1.005999,1.000000,1.000000,0.000000,C-06,0,0,0,1,1,0,-0.001015,-0.096848,0.7292,-0.1158,0.2693,2,ok
0,2643,293.780000,1.018567,-1.633267,-0.022960,-0.010767,-0.022960,3.857502,0.220058,1.000000,0.144001,-0.855999,1.000000,1.000000,0.000000,C-06,0,0,0,1,1,0,-0.002089,-0.126096,0.6875,-0.1448,0.2702,2,ok
0,2644,293.880000,1.040561,-1.633774,-0.022642,-0.011274,-0.022642,3.879497,0.219998,-0.029265,-0.005999,0.023266,1.000000,1.000000,0.000000,C-06,0,0,0,1,1,0,-0.001743,-0.113196,0.6875,-0.1584,0.2695,2,ok
0,2645,293.980000,1.062555,-1.634264,-0.023516,-0.011764,-0.023516,3.901491,0.219994,-0.013042,-0.013042,0.000000,1.000000,1.000000,0.000000,,0,0,0,1,1,0,-0.001393,-0.094329,0.6250,-0.1874,0.2700,2,ok
0,2646,294.100000,1.088951,-1.634853,-0.012871,-0.012353,-0.012871,3.927886,0.220035,0.477118,0.136958,-0.340160,1.000000,1.000000,0.000000,C-06,0,0,0,1,1,0,-0.001407,-0.108074,0.7083,-0.2268,0.2665,2,ok
0,2647,294.220000,1.115350,-1.635441,0.010344,-0.012941,0.010344,3.954286,0.220045,0.332255,0.286958,-0.045297,1.000000,1.000000,0.000000,C-06,0,0,0,1,1,0,-0.001604,-0.105817,0.7708,-0.2412,0.2644,2,ok
0,2648,294.340000,1.141746,-1.635697,0.022614,-0.013197,0.022614,3.980682,0.219948,-0.059100,0.136958,0.196058,1.000000,1.000000,0.000000,C-06,0,0,0,1,1,0,-0.000374,-0.056301,0.7500,-0.2512,0.2650,2,ok
0,2649,294.440000,1.163740,-1.635227,0.022446,-0.012727,0.022446,4.002676,0.220004,-0.305164,-0.013042,0.292122,1.000000,1.000000,0.000000,C-06,0,0,0,1,1,0,0.000595,-0.037402,0.7083,-0.2711,0.2640,2,ok
0,2650,294.540000,1.185737,-1.634716,0.011991,-0.012216,0.011991,4.024672,0.220042,-0.630634,-0.163042,0.467593,1.000000,1.000000,0.000000,C-06,0,0,0,1,1,0,-0.000483,-0.003726,0.7292,-0.2394,0.2667,2,ok
0,2651,294.660000,1.212136,-1.634104,-0.013422,-0.011604,-0.013422,4.051072,0.220043,-0.398505,-0.313042,0.085463,1.000000,1.000000,0.000000,C-06,0,0,0,1,1,0,-0.002080,0.015103,0.6875,-0.1952,0.2657,2,ok
0,2652,294.780000,1.238530,-1.633833,-0.027948,-0.011333,-0.027948,4.077466,0.219919,-0.044718,-0.163042,-0.118324,1.000000,1.000000,0.000000,C-06,0,0,0,1,1,0,-0.004624,0.019844,0.7292,-0.1567,0.2662,2,ok
0,2653,294.880000,1.260521,-1.634376,-0.029585,-0.011876,-0.029585,4.099456,0.219985,1.000000,-0.013042,-1.013042,1.000000,1.000000,0.000000,C-06,0,0,0,1,1,0,-0.011000,0.001362,0.6250,-0.1125,0.2707,2,ok
0,2654,294.980000,1.282513,-1.634980,-0.021102,-0.012480,-0.021102,4.121449,0.220031,1.000000,0.136958,-0.863042,1.000000,1.000000,0.000000,C-06,0,0,0,1,1,0,-0.011489,0.000153,0.6667,-0.0933,0.2714,2,ok
0,2655,295.100000,1.308911,-1.635704,0.002158,-0.013204,0.004215,4.147847,0.220083,0.853170,0.286958,-0.566212,1.000000,1.000000,0.000000,C-06,0,0,0,1,1,0,-0.011339,0.005906,0.7083,-0.1074,0.2703,2,ok
0,2656,295.220000,1.335310,-1.636177,0.014391,-0.013677,0.016448,4.174246,0.219995,0.069665,0.136958,0.067294,1.000000,1.000000,0.000000,C-06,0,0,0,1,1,0,-0.007198,0.029661,0.7708,-0.1315,0.2674,2,ok
0,2657,295.340000,1.361707,-1.635821,0.014039,-0.013321,0.020228,4.200643,0.220003,-0.786956,-0.013042,0.773914,1.000000,1.000000,0.000000,C-06,0,0,0,1,1,0,-0.005615,0.094965,0.7292,-0.1097,0.2658,2,ok
0,2658,295.440000,1.383706,-1.635491,0.003525,-0.012991,0.009714,4.222642,0.220023,-0.879318,-0.163042,0.716276,1.000000,1.000000,0.000000,C-06,0,0,0,1,1,0,-0.005376,0.117573,0.7292,-0.0668,0.2644,2,ok
0,2659,295.540000,1.405705,-1.635161,-0.017562,-0.012583,-0.003526,4.244771,0.219995,-0.418185,-0.313042,0.105143,1.000000,1.000000,0.000000,C-06,0,0,0,1,1,0,-0.005747,0.114849,0.6875,-0.0436,0.2689,2,ok
0,2660,295.660000,1.432097,-1.635006,-0.031839,-0.012157,-0.017803,4.271159,0.219893,0.016006,-0.163042,-0.179047,1.000000,1.000000,0.000000,C-06,0,0,0,1,1,0,-0.008428,0.118397,0.7083,0.0190,0.2683,2,ok
0,2661,295.780000,1.458471,-1.635061,-0.056717,-0.011818,-0.033280,4.297656,0.219661,-0.327074,-0.313042,0.014032,1.000000,1.000000,0.000000,C-06,0,0,0,1,1,0,-0.009506,0.092206,0.6458,0.0413,0.2671,2,ok
0,2662,295.880000,1.480427,-1.635757,-0.068536,-0.012059,-0.045099,4.319622,0.219658,1.000000,-0.163042,-1.163042,1.000000,1.000000,0.000000,C-06,0,0,0,1,1,0,-0.011786,0.076793,0.6875,0.0722,0.2682,2,ok
0,2663,295.980000,1.502374,-1.637199,-0.070029,-0.012907,-0.035199,4.341835,0.219965,1.000000,-0.013042,-1.013042,1.000000,1.000000,0.000000,C-06,0,0,0,1,1,0,-0.010805,0.037461,0.7500,0.0496,0.2658,2,ok
0,2664,296.100000,1.528718,-1.639010,-0.059797,-0.013684,-0.024967,4.368229,0.220119,1.000000,0.136958,-0.863042,1.000000,1.000000,0.000000,C-06,0,0,0,1,1,0,-0.009335,0.012385,0.7292,0.0037,0.2646,2,ok
0,2665,296.220000,1.555085,-1.640823,-0.037236,-0.014367,0.008198,4.394759,0.220357,1.000000,0.286958,-0.713042,1.000000,1.000000,0.000000,C-06,0,0,0,1,1,0,-0.009710,0.019703,0.7500,0.0217,0.2630,2,ok
0,2666,296.340000,1.581473,-1.642325,-0.025086,-0.014628,0.020348,4.421188,0.220218,-0.358326,0.136958,0.495285,1.000000,1.000000,0.000000,C-06,0,0,0,1,1,0,-0.003735,0.056495,0.7083,-0.0330,0.2626,2,ok
0,2667,296.440000,1.603466,-1.642905,-0.025253,-0.014056,0.030598,4.443325,0.219996,-0.616634,-0.013042,0.603592,1.000000,1.000000,0.000000,C-06,0,0,0,1,1,0,-0.005362,0.080435,0.6458,0.0514,0.2646,2,ok
0,2668,296.540000,1.625456,-1.643444,-0.035513,-0.013343,0.020338,4.465310,0.219932,-0.747083,-0.163042,0.584041,1.000000,1.000000,0.000000,C-06,0,0,0,1,1,0,-0.004944,0.110015,0.7083,0.0983,0.2688,2,ok
0,2669,296.660000,1.651825,-1.644091,-0.060330,-0.012417,0.002194,4.491753,0.219681,-0.317377,-0.313042,0.004336,1.000000,1.000000,0.000000,C-06,0,0,0,1,1,0,-0.003733,0.109275,0.6458,0.0786,0.2667,2,ok
0,2670,296.780000,1.678165,-1.645091,-0.074311,-0.011749,-0.011787,4.518103,0.219623,-0.045104,-0.163042,-0.117938,1.000000,1.000000,0.000000,C-06,0,0,0,1,1,0,-0.006826,0.075156,0.7083,0.1384,0.2679,2,ok
0,2671,296.880000,1.700102,-1.646653,-0.076000,-0.011822,-0.007214,4.540207,0.219962,0.561680,-0.013042,-0.574722,1.000000,1.000000,0.000000,C-06,0,0,0,1,1,0,-0.006826,0.075156,0.7083,0.1384,0.2679,2,ok
0,2672,296.980000,1.722045,-1.648295,-0.067661,-0.011865,0.001125,4.562211,0.220104,1.000000,0.136958,-0.863042,1.000000,1.000000,0.000000,C-06,0,0,0,1,1,0,-0.008859,0.063311,0.8125,0.1774,0.2675,2,ok
0,2673,297.100000,1.748401,-1.650269,-0.045114,-0.011919,0.027878,4.588639,0.220380,0.508165,0.286958,-0.221207,1.000000,1.000000,0.000000,C-06,0,0,0,1,1,0,-0.008629,0.084545,0.7500,0.2250,0.2647,2,ok
0,2674,297.220000,1.774788,-1.652242,-0.014116,-0.011973,0.058877,4.615100,0.220587,0.378474,0.378474,0.000000,1.000000,1.000000,0.000000,,0,0,0,1,1,0,-0.006744,0.080211,0.7708,0.2073,0.2660,2,ok
0,2675,297.340000,1.801188,-1.653532,0.006110,-0.011272,0.082009,4.641588,0.220161,-0.323667,0.228474,0.552141,1.000000,1.000000,0.000000,C-06,0,0,0,1,1,0,0.000701,0.137136,0.7083,0.2087,0.2671,2,ok
0,2676,297.440000,1.823187,-1.653701,0.012492,-0.009720,0.088392,4.663533,0.219985,-0.602548,0.078474,0.681022,1.000000,1.000000,0.000000,C-06,0,0,0,1,1,0,0.001639,0.162945,0.7083,0.2332,0.2662,2,ok
0,2677,297.540000,1.845185,-1.653439,0.008184,-0.007740,0.085010,4.685441,0.220010,-0.731564,-0.071526,0.660038,1.000000,1.000000,0.000000,C-06,0,0,0,1,1,0,0.006830,0.175750,0.7083,0.2259,0.2666,2,ok
0,2678,297.660000,1.871585,-1.653100,-0.009827,-0.005345,0.066999,4.711734,0.220009,-0.431075,-0.221526,0.209549,1.000000,1.000000,0.000000,C-06,0,0,0,1,1,0,0.008756,0.171053,0.6667,0.2332,0.2653,2,ok
0,2679,297.780000,1.897976,-1.652762,-0.039811,-0.002953,0.036757,4.738018,0.219856,-0.452822,-0.371526,0.081296,1.000000,1.000000,0.000000,C-06,0,0,0,1,1,0,0.009564,0.135134,0.7292,0.2451,0.2681,2,ok
0,2680,297.880000,1.919950,-1.652903,-0.055861,-0.001385,0.020707,4.759937,0.219691,-0.015758,-0.221526,-0.205768,1.000000,1.000000,0.000000,C-06,0,0,0,1,1,0,0.009086,0.094572,0.7708,0.2421,0.2661,2,ok
0,2681,297.980000,1.941909,-1.653660,-0.065838,-0.000432,0.010729,4.778936,0.219705,-0.141940,-0.141940,0.000000,1.000000,1.000000,0.000000,,0,0,0,1,1,0,0.009617,0.043805,0.7292,0.2214,0.2654,2,ok
0,2682,298.100000,1.965897,-1.654960,-0.086136,0.000125,-0.011838,4.805905,0.197588,-0.276347,-0.276347,0.000000,0.803459,0.900000,0.096541,C-06,0,0,0,1,1,0,0.005711,0.064659,0.7292,0.3248,0.2686,2,ok
0,2683,298.220000,1.988547,-1.656511,-0.097069,0.000329,-0.022771,4.828606,0.188519,0.327681,-0.126347,-0.454028,0.858732,0.858732,0.000000,C-06,0,0,0,1,1,0,0.010698,-0.008510,0.6667,0.1397,0.2593,2,ok
0,2684,298.340000,2.013185,-1.658786,-0.095704,-0.000180,-0.024864,4.853346,0.210858,0.692652,0.023653,-0.668999,1.000000,0.958732,-0.041268,C-06,0,0,0,1,1,0,-0.000731,0.025472,0.7083,0.4152,0.2701,2,ok
0,2685,298.440000,2.034941,-1.660725,-0.085165,-0.000564,-0.014325,4.875185,0.220044,1.000000,0.173653,-0.826347,1.000000,1.000000,0.000000,C-06,0,0,0,1,1,0,-0.000560,-0.001734,0.6667,0.4016,0.2681,2,ok
0,2686,298.540000,2.056878,-1.662662,-0.064282,-0.001008,0.001589,4.897200,0.220381,1.000000,0.323653,-0.676347,1.000000,1.000000,0.000000,C-06,0,0,0,1,1,0,-0.003129,0.032781,0.6458,0.4914,0.2719,2,ok
0,2687,298.660000,2.083236,-1.664939,-0.049243,-0.001516,0.016627,4.923651,0.220459,0.120366,0.173653,0.053287,1.000000,1.000000,0.000000,C-06,0,0,0,1,1,0,-0.002984,0.066231,0.6875,0.5099,0.2735,2,ok
0,2688,298.780000,2.109606,-1.666352,-0.046572,-0.001282,0.012361,4.950049,0.220047,-0.125991,0.023653,0.149644,1.000000,1.000000,0.000000,C-06,0,0,0,1,1,0,0.000018,0.098947,0.7500,0.5666,0.2691,2,ok
0,2689,298.880000,2.131586,-1.667469,-0.037520,-0.001064,0.021413,4.972056,0.220124,0.142904,0.142904,0.000000,1.000000,1.000000,0.000000,,0,0,0,1,1,0,0.001671,0.051304,0.7708,0.5258,0.2669,2,ok
0,2690,298.980000,2.153574,-1.668586,-0.029347,-0.000939,0.021137,4.994064,0.220186,0.115936,0.115936,0.000000,1.000000,1.000000,0.000000,,0,0,0,1,1,0,0.000746,0.044370,0.7500,0.6123,0.2695,2,ok
0,2691,299.100000,2.179968,-1.669920,-0.008097,-0.000873,0.042387,5.020492,0.220271,0.410831,0.265936,-0.144895,1.000000,1.000000,0.000000,C-06,0,0,0,1,1,0,0.001758,0.130183,0.7292,0.6267,0.2702,2,ok
0,2692,299.220000,2.205601,-1.670616,0.002920,-0.000347,0.043480,5.046123,0.212990,-0.035050,0.115936,0.150986,0.967936,0.967936,0.000000,C-06,0,0,0,1,1,0,0.015432,0.040515,0.6875,0.2598,0.2497,2,ok
0,2693,299.340000,2.231914,-1.670569,0.000701,0.000822,0.041261,5.072410,0.220001,-0.271049,-0.034064,0.236985,1.000000,1.000000,0.000000,C-06,0,0,0,1,1,0,0.006262,0.127831,0.6875,0.6640,0.2708,2,ok
0,2694,299.440000,2.253913,-1.670507,-0.011213,0.001686,0.016822,5.094411,0.219989,-0.865379,-0.184064,0.681316,1.000000,1.000000,0.000000,C-06,0,0,0,1,1,0,0.007375,0.077498,0.6667,0.6723,0.2673,2,ok
0,2695,299.540000,2.275911,-1.670641,-0.014453,0.002192,0.013583,5.116403,0.219984,0.125180,-0.034064,-0.159243,1.000000,1.000000,0.000000,C-06,0,0,0,1,1,0,0.006328,0.055430,0.6667,0.7030,0.2712,2,ok
0,2696,299.660000,2.302310,-1.670977,-0.005582,0.002542,0.007680,5.142831,0.220015,0.767194,0.115936,-0.651257,1.000000,1.000000,0.000000,C-06,0,0,0,1,1,0,0.005206,-0.004561,0.7500,0.7290,0.2663,2,ok
0,2697,299.780000,2.328710,-1.671321,0.004365,0.002656,0.017628,5.169233,0.220017,0.117343,0.117343,0.000000,1.000000,1.000000,0.000000,,0,0,0,1,1,0,0.005286,-0.010581,0.7708,0.7578,0.2695,2,ok
0,2698,299.880000,2.350708,-1.671608,0.022060,0.002685,0.018111,5.191285,0.219970,0.319905,0.267343,-0.052562,1.000000,1.000000,0.000000,C-06,0,0,0,1,1,0,0.005459,0.038176,0.7500,0.8021,0.2669,2,ok
0,2699,299.980000,2.372541,-1.671530,0.031080,0.002722,0.027130,5.213118,0.218178,0.113767,0.117343,0.003576,0.992146,0.992146,0.000000,C-06,0,0,0,1,1,0,0.006578,0.025551,0.7708,0.7801,0.2645,2,ok
0,2700,300.100000,2.398901,-1.670820,0.033544,0.003381,0.029594,5.239479,0.219829,0.025772,0.025772,0.000000,0.999373,0.999373,0.000000,,0,0,0,1,1,0,0.006578,0.025551,0.7708,0.7801,0.2645,2,ok
0,2701,300.220000,2.424468,-1.670072,0.046919,0.003608,0.023669,5.265121,0.212341,0.192653,0.175772,-0.016881,0.965806,0.965806,0.000000,C-06,0,0,0,1,1,0,0.009835,-0.058684,0.7500,0.7771,0.2658,2,ok
0,2702,300.340000,2.450725,-1.669312,0.072748,0.003820,0.049499,5.291388,0.219529,0.390355,0.325772,-0.064583,1.000000,1.000000,0.000000,C-06,0,0,0,1,1,0,0.013050,-0.104504,0.7083,0.7422,0.2634,2,ok
0,2703,300.440000,2.472646,-1.668668,0.096991,0.003545,0.050156,5.313402,0.219109,0.365753,0.365753,0.000000,1.000000,1.000000,0.000000,,0,0,0,1,1,0,0.014560,0.059347,0.6667,0.7436,0.2624,2,ok
0,2704,300.540000,2.494525,-1.667222,0.111994,0.004042,0.065159,5.335323,0.219254,-0.017749,0.215753,0.233502,1.000000,1.000000,0.000000,C-06,0,0,0,1,1,0,0.017682,-0.047648,0.6875,0.6940,0.2653,2,ok
0,2705,300.660000,2.520750,-1.664519,0.117870,0.005226,0.045681,5.361771,0.219728,-0.081329,0.065753,0.147082,1.000000,1.000000,0.000000,C-06,0,0,0,1,1,0,0.019241,-0.088426,0.7500,0.6692,0.2664,2,ok
0,2706,300.780000,2.546964,-1.661466,0.119140,0.006505,0.046952,5.388132,0.219943,0.013092,0.013092,0.000000,1.000000,1.000000,0.000000,,0,0,0,1,1,0,0.020644,-0.137996,0.7708,0.6366,0.2669,2,ok
0,2707,300.880000,2.567665,-1.658995,0.128658,0.007253,0.026006,5.409198,0.207116,0.202209,0.163092,-0.039118,0.942461,0.942461,0.000000,C-06,0,0,0,1,1,0,0.019541,-0.190143,0.7292,0.6430,0.2666,2,ok
0,2708,300.980000,2.589217,-1.656514,0.147987,0.007557,0.045335,5.430890,0.219045,0.459373,0.313092,-0.146281,1.000000,1.000000,0.000000,C-06,0,0,0,1,1,0,0.019698,-0.205187,0.7292,0.6122,0.2657,2,ok
0,2709,301.100000,2.615287,-1.653410,0.168073,0.007911,0.032002,5.457364,0.218695,0.259221,0.259221,0.000000,1.000000,1.000000,0.000000,,0,0,0,1,1,0,0.019614,-0.134972,0.7083,0.6228,0.2664,2,ok
0,2710,301.220000,2.641294,-1.649351,0.176945,0.008600,0.040873,5.483677,0.219381,0.073418,0.109221,0.035803,1.000000,1.000000,0.000000,C-06,0,0,0,1,1,0,0.019187,-0.173026,0.7083,0.6319,0.2683,2,ok
0,2711,301.340000,2.667247,-1.645134,0.192213,0.009451,0.056141,5.507677,0.218819,0.210519,0.210519,0.000000,1.000000,1.000000,0.000000,,0,0,0,1,1,0,0.018094,-0.084616,0.6875,0.6257,0.2664,2,ok
0,2712,301.440000,2.688822,-1.641319,0.201520,0.009381,0.026222,5.532284,0.219114,0.143912,0.143912,0.000000,1.000000,1.000000,0.000000,,0,0,0,1,1,0,0.016182,-0.082149,0.6458,0.6452,0.2649,2,ok
0,2713,301.540000,2.708413,-1.637359,0.201914,0.009905,0.026616,5.552265,0.197973,-0.050099,-0.006088,0.044012,0.851715,0.900000,0.048285,C-06,0,0,0,1,1,0,0.014661,-0.116764,0.7083,0.6790,0.2689,2,ok
0,2714,301.660000,2.733108,-1.632562,0.211966,0.009823,-0.004812,5.577793,0.211609,0.331973,0.143912,-0.188061,0.966001,0.966001,0.000000,C-06,0,0,0,1,1,0,0.013510,-0.180700,0.7708,0.6595,0.2638,2,ok
0,2715,301.780000,2.758761,-1.627673,0.232836,0.009245,0.016058,5.603902,0.218099,0.762018,0.293912,-0.468106,1.000000,1.000000,0.000000,C-06,0,0,0,1,1,0,0.012977,-0.145943,0.7500,0.6280,0.2608,2,ok
0,2716,301.880000,2.780102,-1.623431,0.258762,0.008533,-0.001065,5.626122,0.217054,1.000000,0.443912,-0.556088,1.000000,1.000000,0.000000,C-06,0,0,0,1,1,0,0.012773,-0.125392,0.7917,0.5900,0.2625,2,ok
0,2717,301.980000,2.801271,-1.618959,0.293276,0.007335,0.033449,5.647725,0.215900,1.000000,0.593912,-0.406088,1.000000,1.000000,0.000000,C-06,0,0,0,1,1,0,0.011377,-0.226464,0.7292,0.6188,0.2652,2,ok
0,2718,302.100000,2.826416,-1.612358,0.324983,0.007156,0.065157,5.673721,0.216682,-0.661671,0.443912,1.105584,1.000000,1.000000,0.000000,C-06,0,0,0,1,1,0,0.014425,-0.192173,0.7292,0.5631,0.2678,2,ok
0,2719,302.220000,2.851342,-1.604565,0.345861,0.007048,0.044773,5.700155,0.217710,-0.537456,0.293912,0.831368,1.000000,1.000000,0.000000,C-06,0,0,0,1,1,0,0.014229,-0.091716,0.7292,0.5806,0.2671,2,ok
0,2720,302.340000,2.876130,-1.595916,0.356235,0.007777,0.055147,5.726398,0.218850,-0.750369,0.143912,0.894281,1.000000,1.000000,0.000000,C-06,0,0,0,1,1,0,0.015999,-0.072677,0.7083,0.5450,0.2667,2,ok
0,2721,302.440000,2.896745,-1.588266,0.356487,0.008133,0.015014,5.748667,0.219983,-0.040518,-0.006088,0.034430,1.000000,1.000000,0.000000,C-06,0,0,0,1,1,0,0.016721,-0.024413,0.6667,0.5337,0.2649,2,ok
0,2722,302.540000,2.917355,-1.580593,0.358636,0.008408,0.017163,5.770657,0.219839,0.041147,0.041147,0.000000,1.000000,1.000000,0.000000,,0,0,0,1,1,0,0.017073,-0.133078,0.6875,0.5062,0.2672,2,ok
0,2723,302.660000,2.941963,-1.571349,0.370791,0.008339,-0.006718,5.797247,0.218596,0.454301,0.191147,-0.263154,0.997416,0.997416,0.000000,C-06,0,0,0,1,1,0,0.013974,-0.173544,0.7708,0.5367,0.2681,2,ok
0,2724,302.780000,2.965293,-1.562134,0.392317,0.008255,0.014808,5.822330,0.207221,0.477569,0.341147,-0.136422,0.946423,0.946423,0.000000,C-06,0,0,0,1,1,0,0.013246,-0.146213,0.7917,0.5187,0.2670,2,ok
0,2725,302.880000,2.985305,-1.554377,0.418331,0.007852,0.007028,5.844053,0.216294,0.547093,0.491147,-0.055946,1.000000,1.000000,0.000000,C-06,0,0,0,1,1,0,0.013934,-0.200138,0.7917,0.5083,0.2695,2,ok
0,2726,302.980000,3.005014,-1.546051,0.437300,0.007580,0.025997,5.865447,0.213791,0.218490,0.341147,0.122657,0.983411,0.983411,0.000000,C-06,0,0,0,1,1,0,0.013700,-0.119570,0.7500,0.5301,0.2680,2,ok
0,2727,303.100000,3.028817,-1.535159,0.450196,0.008018,0.038893,5.891621,0.218575,-0.264988,0.191147,0.456135,1.000000,1.000000,0.000000,C-06,0,0,0,1,1,0,0.015443,-0.139157,0.7708,0.5031,0.2660,2,ok
0,2728,303.220000,3.052565,-1.523732,0.453457,0.008154,0.009405,5.918226,0.219692,-0.139437,0.041147,0.180584,1.000000,1.000000,0.000000,C-06,0,0,0,1,1,0,0.014103,-0.148622,0.7500,0.5326,0.2681,2,ok
0,2729,303.340000,3.076235,-1.512169,0.464872,0.008435,0.020820,5.944568,0.219064,0.476170,0.191147,-0.285023,1.000000,1.000000,0.000000,C-06,0,0,0,1,1,0,0.012203,-0.116865,0.7083,0.5576,0.2662,2,ok
0,2730,303.440000,3.095817,-1.502448,0.482158,0.008129,0.006110,5.966708,0.217926,0.442037,0.341147,-0.100890,1.000000,1.000000,0.000000,C-06,0,0,0,1,1,0,0.010002,-0.094501,0.6875,0.5846,0.2702,2,ok
0,2731,303.540000,3.114369,-1.492737,0.492710,0.008240,0.016662,5.987647,0.208246,0.077292,0.191147,0.113855,0.950164,0.950164,0.000000,C-06,0,0,0,1,1,0,0.007812,-0.082574,0.7083,0.6299,0.2706,2,ok
0,2732,303.660000,3.136366,-1.480956,0.495882,0.008216,-0.011259,6.012856,0.207930,-0.024985,0.041147,0.066132,0.946408,0.946408,0.000000,C-06,0,0,0,1,1,0,0.007812,-0.082574,0.7083,0.6299,0.2706,2,ok
0,2733,303.780000,3.159352,-1.468606,0.502507,0.007835,-0.004634,6.038947,0.219252,0.112342,0.112342,0.000000,1.000000,1.000000,0.000000,,0,0,0,1,1,0,0.009629,-0.161048,0.7500,0.6000,0.2673,2,ok
0,2734,303.880000,3.178166,-1.458247,0.515140,0.007530,-0.023011,6.060667,0.213708,0.702111,0.262342,-0.439769,0.976162,0.976162,0.000000,C-06,0,0,0,1,1,0,0.009071,-0.182557,0.7500,0.5959,0.2673,2,ok
0,2735,303.980000,3.196603,-1.447847,0.535280,0.006982,-0.002872,6.081828,0.210652,1.000000,0.412342,-0.587658,0.967337,0.967337,0.000000,C-06,0,0,0,1,1,0,0.019852,-0.198707,0.7292,0.2448,0.2488,2,ok
0,2736,304.100000,3.216346,-1.436044,0.560219,0.006967,0.022067,6.104830,0.189161,0.424958,0.424958,0.000000,0.867631,0.867631,0.000000,,0,0,0,1,1,0,0.011841,-0.208195,0.7500,0.5180,0.2687,2,ok
0,2737,304.220000,3.237342,-1.422934,0.577053,0.006803,0.008806,6.129781,0.211559,0.057321,0.274958,0.217637,1.000000,0.967631,-0.032369,C-06,0,0,0,1,1,0,0.013437,-0.174624,0.7500,0.4906,0.2675,2,ok
0,2738,304.340000,3.259329,-1.408629,0.584884,0.007037,0.016638,6.156010,0.219429,-0.485742,0.124958,0.610700,1.000000,1.000000,0.000000,C-06,0,0,0,1,1,0,0.012615,-0.122959,0.6875,0.5452,0.2679,2,ok
0,2739,304.440000,3.275987,-1.397617,0.584181,0.006904,-0.013700,6.176198,0.198003,-0.104173,-0.025042,0.079131,0.870453,0.900000,0.029547,C-06,0,0,0,1,1,0,0.015256,-0.159019,0.6667,0.4796,0.2668,2,ok
0,2740,304.540000,3.291047,-1.387651,0.589048,0.006648,-0.008833,6.194255,0.178810,0.112242,0.112242,0.000000,0.814489,0.814489,0.000000,,0,0,0,1,1,0,0.014454,-0.166376,0.6875,0.4785,0.2685,2,ok
0,2741,304.660000,3.310344,-1.374775,0.603681,0.006406,0.005801,6.215085,0.197193,0.352057,0.262242,-0.089814,0.901057,0.901057,0.000000,C-06,0,0,0,1,1,0,0.012866,-0.154995,0.7500,0.4750,0.2694,2,ok
0,2742,304.780000,3.331456,-1.360144,0.626824,0.005786,-0.000100,6.243314,0.218693,0.598927,0.412242,-0.186684,1.000000,1.000000,0.000000,C-06,0,0,0,1,1,0,0.009227,-0.184706,0.7500,0.5443,0.2688,2,ok
0,2743,304.880000,3.348780,-1.347435,0.645712,0.005904,0.018788,6.264800,0.213926,0.402485,0.402485,0.000000,0.976895,0.976895,0.000000,,0,0,0,1,1,0,0.009508,-0.077902,0.7500,0.5363,0.2685,2,ok
0,2744,304.980000,3.365813,-1.334527,0.658001,0.005852,0.002078,6.286340,0.213741,0.022911,0.252485,0.229574,0.973804,0.973804,0.000000,C-06,0,0,0,1,1,0,0.008786,-0.103493,0.7500,0.5669,0.2703,2,ok
0,2745,305.100000,3.386593,-1.318397,0.664160,0.005965,0.008237,6.312646,0.219826,-0.053505,0.102485,0.155989,1.000000,1.000000,0.000000,C-06,0,0,0,1,1,0,0.018592,-0.153104,0.7083,0.2581,0.2475,2,ok
0,2746,305.220000,3.407279,-1.302048,0.677400,0.005820,-0.007145,6.339184,0.219708,0.256173,0.252485,-0.003688,1.000000,1.000000,0.000000,C-06,0,0,0,1,1,0,0.007772,-0.136005,0.7083,0.6001,0.2656,2,ok
0,2747,305.340000,3.425996,-1.286728,0.698662,0.005850,0.014117,6.363372,0.200245,0.613115,0.402485,-0.210630,0.910632,0.910632,0.000000,C-06,0,0,0,1,1,0,0.007772,-0.136005,0.7083,0.6001,0.2656,2,ok
0,2748,305.440000,3.440472,-1.274375,0.715282,0.006071,0.001253,6.382572,0.189610,0.366836,0.366836,0.000000,0.860646,0.860646,0.000000,,0,0,0,1,1,0,0.007610,-0.150829,0.7083,0.6066,0.2668,2,ok
0,2749,305.540000,3.455474,-1.261208,0.725573,0.006220,0.011544,6.402532,0.201982,-0.061653,0.216836,0.278488,0.916730,0.916730,0.000000,C-06,0,0,0,1,1,0,0.007789,-0.106175,0.7083,0.6446,0.2664,2,ok
0,2750,305.660000,3.472372,-1.246166,0.729771,0.006548,0.015742,6.425153,0.187600,-0.319343,0.066836,0.386179,0.852224,0.852224,0.000000,C-06,0,0,0,1,1,0,0.008137,-0.114427,0.7292,0.6562,0.2661,2,ok
0,2751,305.780000,3.490656,-1.229853,0.725748,0.006336,-0.016845,6.449846,0.209369,-0.143307,-0.083164,0.060143,1.000000,0.952224,-0.047776,C-06,0,0,0,1,1,0,0.008634,-0.100574,0.8333,0.6455,0.2635,2,ok
0,2752,305.880000,3.506321,-1.215930,0.728465,0.006015,-0.014128,6.470802,0.209616,0.765864,0.066836,-0.699029,0.952317,0.952317,0.000000,C-06,0,0,0,1,1,0,0.006380,-0.143759,0.8333,0.6722,0.2644,2,ok
0,2753,305.980000,3.522538,-1.201325,0.737972,0.005503,-0.033433,6.492811,0.220381,0.745092,0.216836,-0.528256,1.000000,1.000000,0.000000,C-06,0,0,0,1,1,0,0.006380,-0.143759,0.8333,0.6722,0.2644,2,ok
0,2754,306.100000,3.541995,-1.183377,0.757992,0.004716,-0.013413,6.519271,0.220624,1.000000,0.366836,-0.633164,1.000000,1.000000,0.000000,C-06,0,0,0,1,0,0,0.006380,-0.143759,0.8333,0.6722,0.2644,2,ok
0,2755,306.220000,3.560961,-1.164960,0.787100,0.004389,-0.014325,6.545814,0.219990,0.676372,0.516836,-0.159536,1.000000,1.000000,0.000000,C-06,0,0,0,1,1,0,-0.000290,-0.140125,0.7083,0.8278,0.2671,2,ok
0,2756,306.340000,3.579296,-1.146066,0.819152,0.004437,0.017727,6.572142,0.218910,0.562326,0.562326,0.000000,1.000000,1.000000,0.000000,,0,0,0,1,1,0,0.003150,-0.047194,0.7083,0.7891,0.2655,2,ok
0,2757,306.440000,3.594104,-1.129956,0.845865,0.004948,0.015008,6.594165,0.219149,0.577371,0.577371,0.000000,1.000000,1.000000,0.000000,,0,0,0,1,1,0,0.003490,-0.022892,0.7083,0.7950,0.2677,2,ok
0,2758,306.540000,3.608524,-1.113386,0.865770,0.005518,0.034913,6.616124,0.219912,-1.000000,0.427371,1.427371,1.000000,1.000000,0.000000,C-06,0,0,0,1,1,0,0.012628,-0.084351,0.6875,0.6520,0.2610,2,ok
0,2759,306.660000,3.625487,-1.093146,0.881202,0.006692,0.050345,6.642506,0.220157,-0.502015,0.277371,0.779386,1.000000,1.000000,0.000000,C-06,0,0,0,1,1,0,0.012295,-0.120458,0.7292,0.7207,0.2681,2,ok
0,2760,306.780000,3.642224,-1.072713,0.888605,0.007307,0.027553,6.669142,0.220116,-0.394750,0.127371,0.522121,1.000000,1.000000,0.000000,C-06,0,0,0,1,1,0,0.020195,-0.147468,0.8125,0.5742,0.2613,2,ok
0,2761,306.880000,3.656072,-1.055606,0.893080,0.007909,0.032029,6.691144,0.220106,0.095962,0.095962,0.000000,1.000000,1.000000,0.000000,,0,0,0,1,1,0,0.017674,-0.095287,0.8125,0.6420,0.2641,2,ok
0,2762,306.980000,3.669823,-1.038398,0.903838,0.008244,0.011284,6.713380,0.220381,0.256805,0.245962,-0.010843,1.000000,1.000000,0.000000,C-06,0,0,0,1,1,0,0.015133,-0.099846,0.7500,0.7090,0.2661,2,ok
0,2763,307.100000,3.686075,-1.017503,0.922975,0.008790,0.030422,6.739844,0.220812,0.349692,0.349692,0.000000,1.000000,1.000000,0.000000,,0,0,0,1,1,0,0.018060,-0.217340,0.7500,0.6370,0.2679,2,ok
0,2764,307.220000,3.701258,-0.997210,0.950649,0.009288,0.025758,6.765520,0.210950,0.523142,0.499692,-0.023450,0.951211,0.951211,0.000000,C-06,0,0,0,1,1,0,0.017178,-0.232143,0.7500,0.6722,0.2678,2,ok
0,2765,307.340000,3.716217,-0.975713,0.971226,0.010258,0.046335,6.791691,0.220272,-0.038011,0.349692,0.387703,1.000000,1.000000,0.000000,C-06,0,0,0,1,1,0,0.020607,-0.121713,0.7083,0.6104,0.2667,2,ok
0,2766,307.440000,3.728671,-0.957485,0.981393,0.011018,0.023023,6.814082,0.220885,-0.415940,0.199692,0.615632,1.000000,1.000000,0.000000,C-06,0,0,0,1,1,0,0.022670,-0.202572,0.6875,0.5753,0.2671,2,ok
0,2767,307.540000,3.740918,-0.939176,0.984390,0.011571,0.026019,6.836103,0.220225,-0.327696,0.049692,0.377388,1.000000,1.000000,0.000000,C-06,0,0,0,1,1,0,0.023839,-0.122150,0.6875,0.5494,0.2576,2,ok
0,2768,307.660000,3.755528,-0.917207,0.981176,0.012305,0.022806,6.859909,0.219727,-0.061821,-0.061821,0.000000,1.000000,1.000000,0.000000,,0,0,0,1,1,0,0.024429,-0.139284,0.7500,0.4817,0.2576,2,ok
0,2769,307.780000,3.769509,-0.896288,0.985670,0.011988,-0.010512,6.888056,0.209033,0.577882,0.088179,-0.489703,0.948319,0.948319,0.000000,C-06,0,0,0,1,1,0,0.021411,-0.281205,0.8125,0.4769,0.2621,2,ok
0,2770,307.880000,3.781333,-0.878061,0.996667,0.012095,0.000484,6.909783,0.219668,0.765920,0.238179,-0.527741,1.000000,1.000000,0.000000,C-06,0,0,0,1,1,0,0.021411,-0.281205,0.8125,0.4769,0.2621,2,ok
0,2771,307.980000,3.792180,-0.861134,1.014906,0.011679,-0.020457,6.930365,0.199454,1.000000,0.388179,-0.611821,0.892899,0.900000,0.007101,C-06,0,0,0,1,1,0,0.018391,-0.270657,0.7500,0.4469,0.2574,2,ok
0,2772,308.100000,3.805057,-0.839013,1.046630,0.012017,0.011266,6.955958,0.218718,0.874922,0.538179,-0.336743,1.000000,1.000000,0.000000,C-06,0,0,0,1,1,0,0.016541,-0.194872,0.7500,0.4863,0.2636,2,ok
0,2773,308.220000,3.817995,-0.815898,1.088255,0.012199,0.011556,6.983035,0.222540,1.000000,0.688179,-0.311821,1.000000,1.000000,0.000000,C-06,0,0,0,1,1,0,0.017391,-0.278903,0.7500,0.4647,0.2649,2,ok
0,2774,308.340000,3.830831,-0.792304,1.122806,0.012047,0.046108,7.009893,0.224230,-1.000000,0.538179,1.538179,1.000000,1.000000,0.000000,C-06,0,0,0,1,1,0,0.020019,-0.132740,0.7292,0.4521,0.2621,2,ok
0,2775,308.440000,3.840873,-0.772374,1.144126,0.012319,0.026350,7.032746,0.223130,-1.000000,0.388179,1.388179,1.000000,1.000000,0.000000,C-06,0,0,0,1,1,0,0.022256,-0.143602,0.7083,0.4169,0.2688,2,ok
0,2776,308.540000,3.850323,-0.752283,1.157705,0.012528,0.039929,7.054947,0.221931,-0.619234,0.238179,0.857413,1.000000,1.000000,0.000000,C-06,0,0,0,1,1,0,0.022550,-0.111886,0.7292,0.4082,0.2671,2,ok
0,2777,308.660000,3.861071,-0.728068,1.164051,0.013358,0.046275,7.080725,0.220710,-0.363669,0.088179,0.451848,1.000000,1.000000,0.000000,C-06,0,0,0,1,1,0,0.022955,-0.120299,0.7708,0.4070,0.2671,2,ok
0,2778,308.780000,3.871547,-0.703813,1.165428,0.013327,0.008249,7.108396,0.220129,0.016189,0.016189,0.000000,1.000000,1.000000,0.000000,,0,0,0,1,1,0,0.021569,-0.151740,0.8125,0.4002,0.2679,2,ok
0,2779,308.880000,3.880223,-0.683562,1.173971,0.013398,0.016791,7.130428,0.220631,0.398859,0.166189,-0.232670,1.000000,1.000000,0.000000,C-06,0,0,0,1,1,0,0.020240,-0.164811,0.7917,0.3977,0.2683,2,ok
0,2780,308.980000,3.888879,-0.663205,1.190635,0.012957,-0.003644,7.152984,0.221793,0.460217,0.316189,-0.144028,1.000000,1.000000,0.000000,C-06,0,0,0,1,1,0,0.018593,-0.166625,0.7917,0.4089,0.2667,2,ok
0,2781,309.100000,3.899225,-0.638583,1.213267,0.012348,0.018989,7.179685,0.222884,0.338923,0.338923,0.000000,1.000000,1.000000,0.000000,,0,0,0,1,1,0,0.018513,-0.127247,0.7708,0.4091,0.2669,2,ok
0,2782,309.220000,3.908858,-0.613788,1.226791,0.011929,-0.001129,7.206671,0.221579,-0.012469,0.188923,0.201392,1.000000,1.000000,0.000000,C-06,0,0,0,1,1,0,0.018564,-0.110549,0.7500,0.3982,0.2666,2,ok
0,2783,309.340000,3.917854,-0.588918,1.230052,0.011832,0.002131,7.233118,0.220318,-0.191972,0.038923,0.230895,1.000000,1.000000,0.000000,C-06,0,0,0,1,1,0,0.018762,-0.104754,0.7292,0.3974,0.2660,2,ok
0,2784,309.440000,3.925226,-0.568149,1.240123,0.011453,-0.018680,7.255580,0.220696,0.512989,0.188923,-0.324066,1.000000,1.000000,0.000000,C-06,0,0,0,1,1,0,0.013926,-0.079741,0.6667,0.4489,0.2682,2,ok
0,2785,309.540000,3.932499,-0.547323,1.244637,0.010816,-0.014166,7.277630,0.220574,0.070273,0.070273,0.000000,1.000000,1.000000,0.000000,,0,0,0,1,1,0,0.013866,-0.103293,0.7292,0.4267,0.2662,2,ok
0,2786,309.660000,3.940697,-0.523385,1.258852,0.010090,-0.029875,7.303193,0.210255,0.361773,0.220273,-0.141501,0.950358,0.950358,0.000000,C-06,0,0,0,1,1,0,0.014180,-0.180425,0.8125,0.3892,0.2650,2,ok
0,2787,309.780000,3.948845,-0.498357,1.283900,0.009199,-0.004826,7.329499,0.221584,0.481616,0.370273,-0.111343,1.000000,1.000000,0.000000,C-06,0,0,0,1,1,0,0.013664,-0.192668,0.8125,0.3774,0.2653,2,ok
0,2788,309.880000,3.955410,-0.478032,1.300449,0.008525,0.011723,7.350842,0.212885,0.272602,0.272602,0.000000,0.957599,0.957599,0.000000,,0,0,0,1,1,0,0.010527,-0.117771,0.7500,0.4614,0.2650,2,ok
0,2789,309.980000,3.961425,-0.456953,1.308499,0.007989,-0.008612,7.372993,0.220703,0.017933,0.122602,0.104669,1.000000,1.000000,0.000000,C-06,0,0,0,1,1,0,0.011725,-0.145413,0.7708,0.4270,0.2661,2,ok
0,2790,310.100000,3.968278,-0.431456,1.308157,0.007752,-0.008954,7.399394,0.219957,-0.012744,-0.012744,0.000000,1.000000,1.000000,0.000000,,0,0,0,1,1,0,0.009974,-0.138940,0.7292,0.4762,0.2709,2,ok
0,2791,310.220000,3.974730,-0.407397,1.317190,0.006973,-0.025706,7.424508,0.206855,0.720225,0.137256,-0.582969,0.938260,0.938260,0.000000,C-06,0,0,0,1,1,0,0.009116,-0.064029,0.7708,0.4781,0.2749,2,ok
0,2792,310.340000,3.981167,-0.383698,1.337095,0.005996,-0.005801,7.449046,0.204779,0.711232,0.287256,-0.423976,0.923619,0.923619,0.000000,C-06,0,0,0,1,1,0,0.008043,-0.176766,0.7083,0.4795,0.2698,2,ok
0,2793,310.440000,3.985936,-0.365698,1.350035,0.005125,-0.018477,7.467781,0.184615,0.206369,0.206369,0.000000,0.832206,0.832206,0.000000,,0,0,0,1,1,0,0.006865,-0.067169,0.6667,0.5008,0.2749,2,ok
0,2794,310.540000,3.989938,-0.348625,1.354170,0.004621,-0.014341,7.485310,0.174630,-0.382799,0.056369,0.439168,0.791992,0.791992,0.000000,C-06,0,0,0,1,1,0,0.005969,0.018133,0.7500,0.5202,0.2755,2,ok
0,2795,310.660000,3.994644,-0.326199,1.359793,0.004498,-0.008719,7.508224,0.195859,0.077315,0.077315,0.000000,1.000000,0.891992,-0.108008,C-06,0,0,0,1,1,0,0.005933,-0.087141,0.7708,0.5170,0.2683,2,ok
0,2796,310.780000,3.999329,-0.301167,1.375756,0.004374,-0.017667,7.533796,0.217586,0.478145,0.227315,-0.250829,1.000000,0.991992,-0.008008,C-06,0,0,0,1,1,0,0.006456,-0.158685,0.8333,0.4696,0.2631,2,ok
0,2797,310.880000,4.003246,-0.280887,1.397919,0.004114,0.004497,7.554448,0.205145,0.483063,0.377315,-0.105747,0.929377,0.929377,0.000000,C-06,0,0,0,1,1,0,0.003695,-0.092052,0.7708,0.5644,0.2683,2,ok
0,2798,310.980000,4.007176,-0.261511,1.415618,0.003407,-0.001670,7.574305,0.197228,0.269668,0.269668,0.000000,0.889318,0.889318,0.000000,,0,0,0,1,1,0,0.004026,-0.017824,0.7708,0.5868,0.2656,2,ok
0,2799,311.100000,4.011311,-0.236258,1.425424,0.003163,0.008136,7.599893,0.218030,-0.279013,0.119668,0.398681,1.000000,0.989318,-0.010682,C-06,0,0,0,1,1,0,0.007405,-0.110192,0.8125,0.5185,0.2645,2,ok
0,2800,311.220000,4.015113,-0.210157,1.423684,0.003151,-0.017737,7.626345,0.219902,-0.226562,-0.030332,0.196230,1.000000,1.000000,0.000000,C-06,0,0,0,1,1,0,0.004809,-0.041256,0.7917,0.5743,0.2706,2,ok
0,2801,311.340000,4.018716,-0.185793,1.431806,0.002713,-0.009615,7.650971,0.203953,0.526252,0.119668,-0.406584,0.926017,0.926017,0.000000,C-06,0,0,0,1,1,0,0.004536,-0.063075,0.7292,0.5948,0.2687,2,ok
0,2802,311.440000,4.021655,-0.166751,1.447733,0.002249,0.006311,7.669568,0.191007,0.738209,0.269668,-0.468540,0.864556,0.864556,0.000000,C-06,0,0,0,1,1,0,0.004933,-0.110789,0.6875,0.5715,0.2665,2,ok
0,2803,311.540000,4.024317,-0.149743,1.470156,0.001387,0.004035,7.687478,0.169387,0.365124,0.365124,0.000000,0.748575,0.764556,0.015981,C-06,0,0,0,1,1,0,0.004022,-0.037183,0.7292,0.5827,0.2699,2,ok
0,2804,311.660000,4.027280,-0.127612,1.488074,0.000784,0.021953,7.709798,0.191075,-0.029046,0.215124,0.244170,0.956980,0.864556,-0.092424,C-06,0,0,0,1,1,0,0.006820,-0.068609,0.7708,0.5585,0.2691,2,ok
0,2805,311.780000,4.029475,-0.102848,1.494142,0.000914,0.003851,7.734683,0.212324,-0.145759,0.065124,0.210883,1.000000,0.964556,-0.035444,C-06,0,0,0,1,1,0,0.006289,-0.063755,0.8125,0.5976,0.2692,2,ok
0,2806,311.880000,4.031117,-0.081013,1.489057,0.001040,-0.001234,7.756579,0.219880,-0.181189,-0.084876,0.096313,1.000000,1.000000,0.000000,C-06,0,0,0,1,1,0,0.007662,-0.048597,0.7708,0.5703,0.2632,2,ok
0,2807,311.980000,4.032802,-0.060379,1.492561,0.001026,0.002269,7.775739,0.205885,0.735322,0.065124,-0.670198,0.935569,0.935569,0.000000,C-06,0,0,0,1,1,0,0.004631,-0.087846,0.7917,0.6155,0.2693,2,ok
0,2808,312.100000,4.034539,-0.038092,1.507999,0.000468,-0.007728,7.799657,0.184010,1.000000,0.215124,-0.784876,0.746942,0.835569,0.088626,C-06,0,0,0,1,1,0,0.005233,-0.086680,0.7708,0.5669,0.2641,2,ok
0,2809,312.220000,4.036234,-0.014680,1.536952,0.000055,0.021224,7.823127,0.198208,1.000000,0.365124,-0.634876,0.899225,0.899225,0.000000,C-06,0,0,0,1,1,0,0.002481,-0.185789,0.7708,0.6431,0.2678,2,ok
0,2810,312.340000,4.037894,0.011109,1.579400,-0.000651,0.037619,7.848958,0.220255,1.000000,0.515124,-0.484876,1.000000,0.999225,-0.000775,C-06,0,0,0,1,1,0,0.003649,-0.099275,0.7292,0.6272,0.2649,2,ok
0,2811,312.440000,4.038929,0.033102,1.605741,-0.000983,0.063960,7.870972,0.220007,-0.657158,0.365124,1.022282,1.000000,1.000000,0.000000,C-06,0,0,0,1,1,0,0.007614,-0.130169,0.7292,0.6113,0.2699,2,ok
0,2812,312.540000,4.038905,0.055081,1.621412,-0.000585,0.052045,7.892927,0.219739,-0.786613,0.215124,1.001737,1.000000,1.000000,0.000000,C-06,0,0,0,1,1,0,0.007716,0.081766,0.7083,0.6352,0.2703,2,ok
0,2813,312.660000,4.037841,0.081442,1.627585,0.000529,0.058218,7.919286,0.219868,-0.302316,0.065124,0.367440,1.000000,1.000000,0.000000,C-06,0,0,0,1,1,0,0.006141,0.115374,0.7500,0.6776,0.2769,2,ok
0,2814,312.780000,4.036353,0.107804,1.621447,0.001802,0.022418,7.945695,0.220073,-0.184169,-0.084876,0.099293,1.000000,1.000000,0.000000,C-06,0,0,0,1,1,0,0.009348,-0.020608,0.7917,0.6356,0.2687,2,ok
0,2815,312.880000,4.035238,0.129774,1.625116,0.002385,0.026088,7.967686,0.219956,0.431395,0.065124,-0.366272,1.000000,1.000000,0.000000,C-06,0,0,0,1,1,0,0.005947,-0.030728,0.8125,0.7024,0.2695,2,ok
0,2816,312.980000,4.034132,0.151733,1.638711,0.002959,0.039682,7.989261,0.219783,0.691917,0.215124,-0.476793,1.000000,1.000000,0.000000,C-06,0,0,0,1,1,0,0.003431,0.047948,0.7708,0.7569,0.2696,2,ok
0,2817,313.100000,4.032806,0.178044,1.667066,0.002765,0.035188,8.016107,0.219288,0.604639,0.365124,-0.239515,1.000000,1.000000,0.000000,C-06,0,0,0,1,1,0,0.005687,-0.111826,0.8125,0.6966,0.2650,2,ok
0,2818,313.220000,4.031508,0.202542,1.705585,0.002662,0.073706,8.040638,0.201778,0.975963,0.515124,-0.460839,0.924015,0.924015,0.000000,C-06,0,0,0,1,1,0,0.002031,0.114292,0.7708,0.8106,0.2756,2,ok
0,2819,313.340000,4.029209,0.228258,1.734564,0.002652,0.069219,8.066557,0.218313,0.021557,0.365124,0.343567,1.000000,1.000000,0.000000,C-06,0,0,0,1,1,0,0.005970,0.004655,0.7292,0.7772,0.2716,2,ok
0,2820,313.440000,4.026235,0.249937,1.748893,0.003585,0.083547,8.088418,0.218834,-0.757875,0.215124,0.972999,1.000000,1.000000,0.000000,C-06,0,0,0,1,1,0,0.007349,0.159504,0.7292,0.7986,0.2731,2,ok
0,2821,313.540000,4.022531,0.271578,1.753566,0.004772,0.053580,8.110505,0.219614,-0.664262,0.065124,0.729386,1.000000,1.000000,0.000000,C-06,0,0,0,1,1,0,0.008969,0.200050,0.7083,0.8028,0.2709,2,ok
0,2822,313.660000,4.017859,0.297531,1.756699,0.005981,0.056713,8.136847,0.219755,0.040383,0.040383,0.000000,1.000000,1.000000,0.000000,,0,0,0,1,1,0,0.007106,0.132352,0.7083,0.8403,0.2759,2,ok
0,2823,313.780000,4.013137,0.323458,1.764249,0.006888,0.029578,8.163405,0.219467,0.104074,0.104074,0.000000,1.000000,1.000000,0.000000,,0,0,0,1,1,0,0.008330,0.013855,0.7500,0.8675,0.2694,2,ok
0,2824,313.880000,4.009082,0.345038,1.768513,0.007334,0.033842,8.185358,0.219588,0.065776,0.065776,0.000000,1.000000,1.000000,0.000000,,0,0,0,1,1,0,0.008330,0.013855,0.7500,0.8675,0.2694,2,ok
0,2825,313.980000,4.004972,0.366594,1.776060,0.007837,0.041390,8.206703,0.219287,0.124834,0.124834,0.000000,1.000000,1.000000,0.000000,,0,0,0,1,1,0,0.007998,0.130302,0.7708,0.9236,0.2700,2,ok
0,2826,314.100000,4.000026,0.392387,1.795820,0.007606,0.027925,8.233808,0.218423,0.450201,0.274834,-0.175367,1.000000,1.000000,0.000000,C-06,0,0,0,1,1,0,0.007419,0.015280,0.7917,0.9425,0.2691,2,ok
0,2827,314.220000,3.994953,0.418053,1.818542,0.007547,0.050648,8.259971,0.217897,0.313848,0.313848,0.000000,1.000000,1.000000,0.000000,,0,0,0,1,1,0,0.007599,-0.083968,0.7500,0.9758,0.2684,2,ok
0,2828,314.340000,3.989034,0.443595,1.833935,0.007494,0.033127,8.286440,0.218519,0.206989,0.206989,0.000000,1.000000,1.000000,0.000000,,0,0,0,1,1,0,0.008735,-0.070547,0.7500,0.9897,0.2696,2,ok
0,2829,314.440000,3.983459,0.464824,1.837975,0.008071,0.037167,8.308382,0.219573,-0.169348,0.056989,0.226337,1.000000,1.000000,0.000000,C-06,0,0,0,1,1,0,0.007135,0.188620,0.7292,1.0550,0.2710,2,ok
0,2830,314.540000,3.977806,0.486019,1.846686,0.008267,0.012202,8.330556,0.219127,0.153341,0.153341,0.000000,1.000000,1.000000,0.000000,,0,0,0,1,1,0,0.002543,0.289140,0.6875,1.1417,0.2734,2,ok
0,2831,314.660000,3.971034,0.510690,1.855699,0.008475,0.021214,8.356139,0.212568,0.126151,0.126151,0.000000,0.970538,0.970538,0.000000,,0,0,0,1,1,0,0.002801,-0.028816,0.7500,1.1748,0.2755,2,ok
0,2832,314.780000,3.964139,0.535332,1.865320,0.008319,-0.004841,8.382042,0.217617,0.187190,0.187190,0.000000,0.995616,0.995616,0.000000,,0,0,0,1,1,0,0.001132,0.218040,0.8542,1.2447,0.2798,2,ok
0,2833,314.880000,3.958232,0.556150,1.884203,0.007878,0.014042,8.403678,0.215761,0.679566,0.337190,-0.342376,0.991161,0.991161,0.000000,C-06,0,0,0,1,1,0,0.001081,0.193148,0.8125,1.2604,0.2788,2,ok
0,2834,314.980000,3.952236,0.576965,1.911337,0.007522,0.041177,8.423386,0.216333,1.000000,0.487190,-0.512810,1.000000,1.000000,0.000000,C-06,0,0,0,1,1,0,0.005579,-0.176925,0.7917,1.1470,0.2710,2,ok
0,2835,315.100000,3.944531,0.601660,1.953497,0.006633,0.045912,8.451470,0.215218,0.811711,0.637190,-0.174521,1.000000,1.000000,0.000000,C-06,0,0,0,1,1,0,0.004293,-0.153821,0.7917,1.2063,0.2681,2,ok
0,2836,315.220000,3.935506,0.625981,1.986378,0.007190,0.078793,8.477405,0.216316,0.224723,0.487190,0.262467,1.000000,1.000000,0.000000,C-06,0,0,0,1,1,0,0.006059,0.166265,0.7708,1.2042,0.2772,2,ok
0,2837,315.340000,3.925362,0.650009,2.008892,0.007840,0.060693,8.503782,0.217471,-1.000000,0.337190,1.337190,1.000000,1.000000,0.000000,C-06,0,0,0,1,1,0,0.009062,-0.067389,0.7917,1.1852,0.2698,2,ok
0,2838,315.440000,3.916272,0.669881,2.019380,0.009002,0.071180,8.525602,0.218601,-1.000000,0.187190,1.187190,1.000000,1.000000,0.000000,C-06,0,0,0,1,1,0,0.011493,0.044525,0.7708,1.1474,0.2716,2,ok
0,2839,315.540000,3.906786,0.689689,2.021998,0.009956,0.031028,8.547940,0.219720,-0.884538,0.037190,0.921729,1.000000,1.000000,0.000000,C-06,0,0,0,1,1,0,0.013112,0.230711,0.6667,1.1350,0.2672,2,ok
0,2840,315.660000,3.896200,0.711725,2.016495,0.010693,0.025526,8.572375,0.202588,-0.096752,-0.096752,0.000000,0.920304,0.920304,0.000000,,0,0,0,1,1,0,0.010294,0.138588,0.7083,1.1916,0.2705,2,ok
0,2841,315.780000,3.885083,0.735137,2.019162,0.010918,-0.017322,8.598788,0.219598,0.380227,0.053248,-0.326979,1.000000,1.000000,0.000000,C-06,0,0,0,1,1,0,0.006999,-0.017263,0.8542,1.2626,0.2667,2,ok
0,2842,315.880000,3.875550,0.754918,2.029225,0.010617,-0.007260,8.620744,0.219198,0.518888,0.203248,-0.315641,1.000000,1.000000,0.000000,C-06,0,0,0,1,1,0,0.005738,-0.195279,0.8333,1.2643,0.2637,2,ok
0,2843,315.980000,3.866057,0.773965,2.046901,0.010606,0.010417,8.642026,0.211353,0.893000,0.353248,-0.539753,0.965339,0.965339,0.000000,C-06,0,0,0,1,1,0,0.005873,0.030893,0.8125,1.2472,0.2636,2,ok
0,2844,316.100000,3.854685,0.795600,2.077173,0.010062,-0.006765,8.666969,0.201726,0.618006,0.503248,-0.114759,0.924918,0.924918,0.000000,C-06,0,0,0,1,1,0,0.004614,-0.261281,0.7708,1.2716,0.2621,2,ok
0,2845,316.220000,3.843023,0.817233,2.114390,0.009661,0.030452,8.691542,0.205437,0.623456,0.623456,0.000000,0.949828,0.949828,0.000000,,0,0,0,1,1,0,0.006869,-0.320000,0.7917,1.2219,0.2601,2,ok
0,2846,316.340000,3.829743,0.839449,2.144160,0.009524,0.010404,8.717919,0.217590,0.492079,0.492079,0.000000,1.000000,1.000000,0.000000,,0,0,0,1,1,0,0.012655,-0.146139,0.7708,1.0871,0.2581,2,ok
0,2847,316.440000,3.817982,0.857750,2.174733,0.009737,0.040977,8.739672,0.217456,0.677941,0.642079,-0.035861,1.000000,1.000000,0.000000,C-06,0,0,0,1,1,0,0.014828,-0.243853,0.7708,1.0407,0.2590,2,ok
0,2848,316.540000,3.805579,0.875705,2.198677,0.010431,0.012833,8.762019,0.218457,0.268330,0.492079,0.223749,1.000000,1.000000,0.000000,C-06,0,0,0,1,1,0,0.015616,-0.217318,0.6667,1.0461,0.2617,2,ok
0,2849,316.660000,3.791297,0.894949,2.218464,0.011041,0.032620,8.785977,0.197439,-0.255632,0.342079,0.597712,0.899282,0.900000,0.000718,C-06,0,0,0,1,1,0,0.024207,-0.207458,0.7500,0.8608,0.2521,2,ok
0,2850,316.780000,3.775694,0.915433,2.229648,0.012016,0.043805,8.811707,0.219630,-0.128548,0.192079,0.320627,1.000000,1.000000,0.000000,C-06,0,0,0,1,1,0,0.022556,-0.273088,0.8125,0.8689,0.2600,2,ok
0,2851,316.880000,3.762175,0.932742,2.242863,0.012014,0.003326,8.834318,0.219590,0.295092,0.295092,0.000000,1.000000,1.000000,0.000000,,0,0,0,1,1,0,0.022732,-0.248801,0.8333,0.8160,0.2577,2,ok
0,2852,316.980000,3.748843,0.949246,2.262482,0.012284,0.022945,8.855532,0.211765,0.440575,0.440575,0.000000,0.963675,0.963675,0.000000,,0,0,0,1,1,0,0.022007,-0.320000,0.8333,0.7932,0.2583,2,ok
0,2853,317.100000,3.731815,0.969305,2.288606,0.012583,-0.005881,8.882557,0.220423,0.486014,0.486014,0.000000,1.000000,1.000000,0.000000,,0,0,0,1,1,0,0.021042,-0.222369,0.7917,0.7709,0.2618,2,ok
0,2854,317.220000,3.714121,0.989069,2.323218,0.012767,0.028732,8.909083,0.221331,0.838453,0.636014,-0.202440,1.000000,1.000000,0.000000,C-06,0,0,0,1,1,0,0.019573,-0.320000,0.7708,0.7806,0.2609,2,ok
0,2855,317.340000,3.695808,1.008169,2.351506,0.013366,0.000637,8.936283,0.220170,0.282265,0.486014,0.203748,1.000000,1.000000,0.000000,C-06,0,0,0,1,1,0,0.020738,-0.320000,0.7708,0.7194,0.2643,2,ok
0,2856,317.440000,3.680714,1.023137,2.370416,0.013588,0.019548,8.957539,0.211663,0.384165,0.384165,0.000000,0.963461,0.963461,0.000000,,0,0,0,1,1,0,0.022984,-0.320000,0.7917,0.6511,0.2667,2,ok
0,2857,317.540000,3.665602,1.037623,2.387039,0.014159,0.036170,8.978465,0.208831,0.347205,0.347205,0.000000,0.952063,0.952063,0.000000,,0,0,0,1,1,0,0.024311,-0.273740,0.7708,0.5782,0.2647,2,ok
0,2858,317.660000,3.646467,1.055463,2.398686,0.014054,-0.008860,9.005438,0.219508,0.130765,0.197205,0.066440,1.000000,1.000000,0.000000,C-06,0,0,0,1,1,0,0.023862,-0.192825,0.7292,0.5679,0.2657,2,ok
0,2859,317.780000,3.627884,1.072396,2.407007,0.013946,-0.000538,9.030579,0.208650,0.146551,0.146551,0.000000,0.949734,0.949734,0.000000,,0,0,0,1,1,0,0.018575,-0.320000,0.8125,0.5893,0.2653,2,ok
0,2860,317.880000,3.613299,1.085423,2.418526,0.013517,-0.045530,9.050945,0.194075,0.259781,0.259781,0.000000,0.883706,0.883706,0.000000,,0,0,0,1,1,0,0.015516,-0.320000,0.8125,0.5819,0.2652,2,ok
0,2861,317.980000,3.598788,1.098023,2.436500,0.012765,-0.027555,9.070148,0.192022,0.491417,0.409781,-0.081635,0.873215,0.873215,0.000000,C-06,0,0,0,1,1,0,0.013922,-0.266723,0.7917,0.5445,0.2623,2,ok
0,2862,318.100000,3.580832,1.112920,2.466264,0.012375,0.002209,9.093477,0.194955,0.941707,0.559781,-0.381926,0.883202,0.883202,0.000000,C-06,0,0,0,1,1,0,0.013204,-0.320000,0.8333,0.5199,0.2624,2,ok
0,2863,318.220000,3.560773,1.128327,2.503104,0.011755,-0.016560,9.119444,0.217209,0.672238,0.672238,0.000000,1.000000,0.983202,-0.016798,C-06,0,0,0,1,1,0,0.012201,-0.284870,0.7917,0.5233,0.2672,2,ok
0,2864,318.340000,3.539369,1.143978,2.533287,0.011471,0.013623,9.145958,0.221981,0.046626,0.522238,0.475612,1.000000,1.000000,0.000000,C-06,0,0,0,1,1,0,0.014324,-0.263104,0.7500,0.4721,0.2661,2,ok
0,2865,318.440000,3.521199,1.156661,2.551738,0.010985,-0.019818,9.168748,0.221646,-0.265000,0.372238,0.637237,1.000000,1.000000,0.000000,C-06,0,0,0,1,1,0,0.014523,-0.300896,0.7708,0.4676,0.2647,2,ok
0,2866,318.540000,3.502845,1.168986,2.563076,0.010401,-0.008480,9.190848,0.221062,-0.201345,0.222238,0.423582,1.000000,1.000000,0.000000,C-06,0,0,0,1,1,0,0.014724,-0.213083,0.7500,0.4187,0.2625,2,ok
0,2867,318.660000,3.480703,1.183451,2.567908,0.009745,-0.049410,9.217803,0.220355,-0.249016,0.072238,0.321253,1.000000,1.000000,0.000000,C-06,0,0,0,1,1,0,0.012752,-0.161548,0.7083,0.4331,0.2639,2,ok
0,2868,318.780000,3.458445,1.197778,2.580404,0.008201,-0.036913,9.244228,0.221151,0.287828,0.222238,-0.065590,1.000000,1.000000,0.000000,C-06,0,0,0,1,1,0,0.006219,-0.185932,0.7917,0.4831,0.2700,2,ok
0,2869,318.880000,3.439721,1.209552,2.598248,0.007144,-0.019069,9.266321,0.221931,0.568044,0.372238,-0.195806,1.000000,1.000000,0.000000,C-06,0,0,0,1,1,0,0.007755,-0.245634,0.8125,0.3956,0.2636,2,ok
0,2870,318.980000,3.420750,1.221176,2.623984,0.005524,-0.034763,9.288783,0.223387,0.728723,0.522238,-0.206485,1.000000,1.000000,0.000000,C-06,0,0,0,1,1,0,0.006898,-0.203281,0.7917,0.3840,0.2658,2,ok
0,2871,319.100000,3.397634,1.234658,2.651187,0.004111,-0.007559,9.315506,0.223098,0.438380,0.438380,0.000000,1.000000,1.000000,0.000000,,0,0,0,1,1,0,0.006965,-0.216098,0.7917,0.3909,0.2658,2,ok
0,2872,319.220000,3.374228,1.247420,2.669867,0.002892,-0.024300,9.342247,0.222123,-0.249461,0.288380,0.537841,1.000000,1.000000,0.000000,C-06,0,0,0,1,1,0,0.005212,-0.203702,0.8125,0.4109,0.2666,2,ok
0,2873,319.340000,3.350653,1.259591,2.679157,0.002109,-0.015010,9.368766,0.221031,-0.733341,0.138380,0.871721,1.000000,1.000000,0.000000,C-06,0,0,0,1,1,0,0.004359,-0.157462,0.7917,0.4047,0.2638,2,ok
0,2874,319.440000,3.330921,1.269596,2.688129,0.001099,-0.035938,9.390930,0.221308,0.172169,0.172169,0.000000,1.000000,1.000000,0.000000,,0,0,0,1,1,0,0.001926,-0.126290,0.7708,0.4193,0.2660,2,ok
0,2875,319.540000,3.311071,1.279409,2.704571,0.000089,-0.019496,9.413051,0.222047,0.807708,0.322169,-0.485539,1.000000,1.000000,0.000000,C-06,0,0,0,1,1,0,0.001460,-0.128240,0.7292,0.4076,0.2673,2,ok
0,2876,319.660000,3.286994,1.291081,2.734451,-0.001201,-0.017321,9.439761,0.223932,0.631162,0.472169,-0.158993,1.000000,1.000000,0.000000,C-06,0,0,0,1,1,0,0.003417,-0.148760,0.7083,0.3583,0.2617,2,ok
0,2877,319.780000,3.262640,1.302095,2.756162,-0.002186,0.004391,9.466472,0.222699,0.247910,0.322169,0.074259,1.000000,1.000000,0.000000,C-06,0,0,0,1,1,0,0.003095,-0.133243,0.7500,0.3661,0.2640,2,ok
0,2878,319.880000,3.242209,1.310660,2.766406,-0.002542,-0.011381,9.488566,0.221427,-0.056743,0.172169,0.228912,1.000000,1.000000,0.000000,C-06,0,0,0,1,1,0,0.002264,-0.121041,0.8125,0.3871,0.2695,2,ok
0,2879,319.980000,3.221730,1.318773,2.768315,-0.002831,-0.009472,9.510592,0.220181,-0.170621,0.022169,0.192790,1.000000,1.000000,0.000000,C-06,0,0,0,1,1,0,0.001443,-0.112309,0.8333,0.3904,0.2667,2,ok
0,2880,320.100000,3.198540,1.327826,2.778904,-0.003033,0.001118,9.535228,0.206574,0.236028,0.172169,-0.063859,0.935876,0.935876,0.000000,C-06,0,0,0,1,1,0,0.000215,-0.101956,0.7917,0.3911,0.2682,2,ok
0,2881,320.220000,3.177581,1.335863,2.799394,-0.003702,-0.002870,9.557840,0.185433,0.561719,0.322169,-0.239551,0.779783,0.835876,0.056093,C-06,0,0,0,1,1,0,-0.001427,-0.095609,0.7917,0.4068,0.2671,2,ok
0,2882,320.340000,3.155495,1.343803,2.831043,-0.003899,0.028780,9.581308,0.198292,0.787086,0.472169,-0.314918,0.892850,0.892850,0.000000,C-06,0,0,0,1,1,0,0.000977,-0.112057,0.7917,0.3443,0.2641,2,ok
0,2883,320.440000,3.135225,1.350392,2.850581,-0.003705,0.025365,9.602547,0.219282,-0.325344,0.322169,0.647512,1.000000,0.992850,-0.007150,C-06,0,0,0,1,1,0,0.002598,-0.072175,0.7500,0.3562,0.2644,2,ok
0,2884,320.540000,3.114128,1.356969,2.861449,-0.003379,0.036232,9.624643,0.221376,-0.540588,0.172169,0.712757,1.000000,1.000000,0.000000,C-06,0,0,0,1,1,0,0.002598,-0.072175,0.7500,0.3562,0.2644,2,ok
0,2885,320.660000,3.088747,1.364340,2.863737,-0.002728,0.015814,9.650990,0.220172,0.005417,0.022169,0.016752,1.000000,1.000000,0.000000,C-06,0,0,0,1,0,0,0.002598,-0.072175,0.7500,0.3562,0.2644,2,ok
0,2886,320.780000,3.063321,1.371594,2.875159,-0.002380,0.027236,9.677427,0.220637,0.372040,0.172169,-0.199871,1.000000,1.000000,0.000000,C-06,0,0,0,1,1,0,0.005448,-0.049884,0.7917,0.3346,0.2685,2,ok
0,2887,320.880000,3.042079,1.377602,2.881417,-0.002141,0.013119,9.699463,0.220765,0.099636,0.099636,0.000000,1.000000,1.000000,0.000000,,0,0,0,1,1,0,0.005715,-0.050575,0.7708,0.3331,0.2665,2,ok
0,2888,320.980000,3.020825,1.383274,2.878964,-0.001871,0.010667,9.721459,0.219862,-0.063743,-0.050364,0.013379,1.000000,1.000000,0.000000,C-06,0,0,0,1,1,0,0.006027,-0.060808,0.8333,0.3290,0.2657,2,ok
0,2889,321.100000,2.995339,1.390061,2.876471,-0.001533,0.008174,9.746404,0.219745,-0.033996,-0.033996,0.000000,1.000000,1.000000,0.000000,,0,0,0,1,1,0,0.005267,-0.077118,0.8542,0.3297,0.2681,2,ok
0,2890,321.220000,2.969836,1.396976,2.884270,-0.001941,-0.005255,9.774217,0.220413,0.422488,0.116004,-0.306484,1.000000,1.000000,0.000000,C-06,0,0,0,1,1,0,0.004370,-0.096130,0.8125,0.3302,0.2679,2,ok
0,2891,321.340000,2.944248,1.403896,2.902712,-0.002302,0.013187,9.798841,0.221350,0.461894,0.266004,-0.195890,1.000000,1.000000,0.000000,C-06,0,0,0,1,1,0,0.003536,-0.097121,0.8333,0.3240,0.2660,2,ok
0,2892,321.440000,2.922825,1.409663,2.922259,-0.002955,0.012945,9.822863,0.222287,0.325525,0.325525,0.000000,1.000000,1.000000,0.000000,,0,0,0,1,1,0,0.003875,-0.087691,0.7708,0.3221,0.2653,2,ok
0,2893,321.540000,2.902213,1.415188,2.948772,-0.003534,0.039458,9.844194,0.212758,0.442164,0.442164,0.000000,0.952179,0.952179,0.000000,,0,0,0,1,1,0,0.003491,-0.067840,0.7292,0.3477,0.2671,2,ok
0,2894,321.660000,2.876395,1.421533,2.981573,-0.004164,0.052621,9.870686,0.222905,0.433023,0.433023,0.000000,1.000000,1.000000,0.000000,,0,0,0,1,1,0,0.003705,-0.049529,0.7292,0.3492,0.2662,2,ok
0,2895,321.780000,2.850286,1.426681,3.004119,-0.003734,0.075167,9.897294,0.221629,0.072379,0.283023,0.210644,1.000000,1.000000,0.000000,C-06,0,0,0,1,1,0,0.008582,0.004600,0.7708,0.3182,0.2660,2,ok
0,2896,321.880000,2.828479,1.430109,3.013450,-0.002812,0.065912,9.919286,0.220673,-0.422302,0.133023,0.555325,1.000000,1.000000,0.000000,C-06,0,0,0,1,1,0,0.009743,0.010552,0.7708,0.3074,0.2648,2,ok
0,2897,321.980000,2.806659,1.432954,3.013040,-0.001437,0.065502,9.941248,0.219990,-0.504895,-0.016977,0.487918,1.000000,1.000000,0.000000,C-06,0,0,0,1,1,0,0.012364,0.019733,0.8125,0.3034,0.2659,2,ok
0,2898,322.100000,2.780497,1.436328,3.000835,0.000051,0.033959,9.967575,0.219649,-0.950811,-0.166977,0.783834,1.000000,1.000000,0.000000,C-06,0,0,0,1,1,0,0.013382,0.007300,0.8125,0.2908,0.2646,2,ok
0,2899,322.220000,2.754392,1.439702,2.982726,0.001271,0.015850,9.993869,0.219070,-0.240010,-0.240010,0.000000,1.000000,1.000000,0.000000,,0,0,0,1,1,0,0.011757,-0.003739,0.7708,0.3192,0.2661,2,ok
0,2900,322.340000,2.728341,1.443585,2.975268,0.001777,-0.009994,10.020231,0.219510,0.652653,-0.090010,-0.742663,1.000000,1.000000,0.000000,C-06,0,0,0,1,1,0,0.008278,-0.042509,0.7708,0.3387,0.2660,2,ok
0,2901,322.440000,2.706640,1.447213,2.978373,0.001600,-0.006890,10.042232,0.220115,0.650271,0.059990,-0.590281,1.000000,1.000000,0.000000,C-06,0,0,0,1,1,0,0.007022,-0.065855,0.7083,0.3404,0.2644,2,ok
0,2902,322.540000,2.684913,1.450863,2.990829,0.001337,-0.012169,10.064289,0.220521,1.000000,0.209990,-0.790010,1.000000,1.000000,0.000000,C-06,0,0,0,1,1,0,0.003685,-0.045129,0.7292,0.3997,0.2713,2,ok
0,2903,322.660000,2.658764,1.455242,3.017792,0.000599,0.014794,10.090792,0.221311,0.464950,0.359990,-0.104960,1.000000,1.000000,0.000000,C-06,0,0,0,1,1,0,0.002721,-0.025773,0.7500,0.4029,0.2709,2,ok
0,2904,322.780000,2.632538,1.459218,3.035135,0.000190,0.013659,10.117320,0.220980,-0.136755,0.209990,0.346745,1.000000,1.000000,0.000000,C-06,0,0,0,1,1,0,0.006390,-0.026405,0.7917,0.3630,0.2682,2,ok
0,2905,322.880000,2.610657,1.461767,3.039903,0.000254,0.018427,10.139350,0.220242,-0.244662,0.059990,0.304651,1.000000,1.000000,0.000000,C-06,0,0,0,1,1,0,0.007520,-0.038985,0.8125,0.3560,0.2658,2,ok
0,2906,322.980000,2.588775,1.464011,3.034833,0.000621,0.013358,10.161343,0.219887,-0.088524,-0.088524,0.000000,1.000000,1.000000,0.000000,,0,0,0,1,1,0,0.005500,-0.021218,0.8542,0.4120,0.2696,2,ok
0,2907,323.100000,2.563267,1.466732,3.033670,0.000612,-0.005501,10.187005,0.213325,-0.009481,-0.009481,0.000000,0.969794,0.969794,0.000000,,0,0,0,1,1,0,0.005500,-0.021218,0.8542,0.4120,0.2696,2,ok
0,2908,323.220000,2.537107,1.469467,3.043805,0.000593,0.004634,10.213308,0.220122,0.250725,0.140519,-0.110206,1.000000,1.000000,0.000000,C-06,0,0,0,1,1,0,0.003024,-0.032344,0.7917,0.4104,0.2679,2,ok
0,2909,323.340000,2.510808,1.472203,3.066195,0.000123,0.009355,10.239757,0.220539,0.327272,0.290519,-0.036753,1.000000,1.000000,0.000000,C-06,0,0,0,1,1,0,-0.001051,0.006795,0.7917,0.5033,0.2698,2,ok
0,2910,323.440000,2.488862,1.474301,3.076417,-0.000159,0.019577,10.261801,0.220434,-0.019408,0.140519,0.159927,1.000000,1.000000,0.000000,C-06,0,0,0,1,1,0,0.002704,-0.023027,0.7292,0.4337,0.2664,2,ok
0,2911,323.540000,2.466908,1.475766,3.076594,0.000003,0.002499,10.283802,0.219995,-0.034762,-0.009481,0.025281,1.000000,1.000000,0.000000,C-06,0,0,0,1,1,0,-0.000087,0.033514,0.6667,0.5180,0.2684,2,ok
0,2912,323.660000,2.440573,1.477470,3.064689,0.000122,-0.009406,10.310191,0.219819,-0.288478,-0.159481,0.128997,1.000000,1.000000,0.000000,C-06,0,0,0,1,1,0,-0.001670,0.056134,0.8125,0.5578,0.2724,2,ok
0,2913,323.780000,2.414263,1.479174,3.054285,-0.000045,-0.037435,10.336559,0.219631,-0.127539,-0.127539,0.000000,1.000000,1.000000,0.000000,,0,0,0,1,1,0,-0.001711,0.017467,0.7917,0.5491,0.2710,2,ok
0,2914,323.880000,2.394402,1.480872,3.055207,-0.000753,-0.036513,10.356480,0.198001,0.828736,0.022461,-0.806275,0.849340,0.900000,0.050660,C-06,0,0,0,1,1,0,-0.007580,-0.029175,0.8542,0.6425,0.2695,2,ok
0,2915,323.980000,2.376625,1.482329,3.065323,-0.001324,-0.026397,10.374166,0.176064,0.956471,0.172461,-0.784010,0.796761,0.800000,0.003239,C-06,0,0,0,1,1,0,-0.006496,-0.027882,0.8125,0.6033,0.2668,2,ok
0,2916,324.100000,2.353477,1.484018,3.090819,-0.002259,-0.017785,10.397475,0.198228,1.000000,0.322461,-0.677539,0.918747,0.900000,-0.018747,C-06,0,0,0,1,1,0,-0.007147,-0.026823,0.8333,0.6052,0.2662,2,ok
0,2917,324.220000,2.330189,1.485706,3.128979,-0.003187,0.020376,10.420805,0.194205,0.820068,0.472461,-0.347607,0.880525,0.880525,0.000000,C-06,0,0,0,1,1,0,-0.005116,-0.056997,0.7500,0.5894,0.2653,2,ok
0,2918,324.340000,2.304905,1.487243,-3.126173,-0.004240,0.030747,10.446057,0.215946,-0.439215,0.322461,0.761676,1.000000,0.980525,-0.019475,C-06,0,0,0,1,1,0,-0.001485,0.055881,0.7708,0.5981,0.2664,2,ok
0,2919,324.440000,2.282951,1.487515,-3.113476,-0.004175,0.043444,10.468012,0.219920,-0.557189,0.172461,0.729650,1.000000,1.000000,0.000000,C-06,0,0,0,1,1,0,0.001618,0.044286,0.7292,0.5682,0.2661,2,ok
0,2920,324.540000,2.260961,1.487004,-3.111079,-0.003526,0.028611,10.489932,0.219974,-0.320247,0.022461,0.342708,1.000000,1.000000,0.000000,C-06,0,0,0,1,1,0,0.003118,0.047792,0.7083,0.5817,0.2648,2,ok
0,2921,324.660000,2.234570,1.486247,-3.120805,-0.002819,0.018885,10.516325,0.220042,-0.191597,-0.127539,0.064058,1.000000,1.000000,0.000000,C-06,0,0,0,1,1,0,0.005963,0.043210,0.7500,0.5445,0.2652,2,ok
0,2922,324.780000,2.208174,1.485486,-3.128097,-0.002316,-0.006412,10.542684,0.220070,-0.083928,-0.083928,0.000000,1.000000,1.000000,0.000000,,0,0,0,1,1,0,0.004524,-0.017025,0.8333,0.5597,0.2681,2,ok
0,2923,324.880000,2.186176,1.485172,-3.126391,-0.002424,-0.004706,10.564684,0.219994,0.034163,0.034163,0.000000,1.000000,1.000000,0.000000,,0,0,0,1,1,0,0.006794,-0.079702,0.8333,0.4964,0.2655,2,ok
0,2924,324.980000,2.164181,1.484885,-3.114594,-0.002626,-0.010106,10.586636,0.219943,0.831563,0.184163,-0.647401,1.000000,1.000000,0.000000,C-06,0,0,0,1,1,0,0.003268,-0.060755,0.8333,0.5587,0.2667,2,ok
0,2925,325.100000,2.137869,1.484542,-3.088011,-0.003240,0.016477,10.612942,0.219093,0.789705,0.334163,-0.455542,0.997160,0.997160,0.000000,C-06,0,0,0,1,1,0,0.006489,-0.136862,0.8125,0.4593,0.2639,2,ok
0,2926,325.220000,2.111547,1.484198,-3.049852,-0.003942,0.035975,10.639177,0.219129,0.691458,0.484163,-0.207296,1.000000,1.000000,0.000000,C-06,0,0,0,1,1,0,0.007863,-0.134666,0.7500,0.4392,0.2642,2,ok
0,2927,325.340000,2.085296,1.482961,-3.022517,-0.004213,0.063311,10.665457,0.218892,-0.258251,0.334163,0.592414,1.000000,1.000000,0.000000,C-06,0,0,0,1,1,0,0.012058,-0.095337,0.7500,0.3652,0.2655,2,ok
0,2928,325.440000,2.063470,1.480920,-3.009693,-0.003427,0.076135,10.687330,0.219227,-0.541960,0.184163,0.726123,1.000000,1.000000,0.000000,C-06,0,0,0,1,1,0,0.014604,-0.085310,0.7708,0.3305,0.2622,2,ok
0,2929,325.540000,2.041666,1.478150,-3.006789,-0.002203,0.057096,10.709264,0.219838,-0.566598,0.034163,0.600761,1.000000,1.000000,0.000000,C-06,0,0,0,1,1,0,0.013698,-0.026026,0.6667,0.3611,0.2679,2,ok
0,2930,325.660000,2.015500,1.474632,-3.010406,-0.000541,0.053480,10.735613,0.220074,-0.051874,-0.051874,0.000000,1.000000,1.000000,0.000000,,0,0,0,1,1,0,0.016137,-0.082233,0.8125,0.2984,0.2611,2,ok
0,2931,325.780000,1.989334,1.471180,-3.005605,0.000510,0.032287,10.761976,0.219860,0.070603,0.070603,0.000000,1.000000,1.000000,0.000000,,0,0,0,1,1,0,0.013293,-0.108900,0.8125,0.3077,0.2639,2,ok
0,2932,325.880000,1.967531,1.468199,-3.010004,0.001405,0.027888,10.783963,0.220129,-0.142750,-0.079397,0.063353,1.000000,1.000000,0.000000,C-06,0,0,0,1,1,0,0.013155,-0.120517,0.8333,0.2921,0.2638,2,ok
0,2933,325.980000,1.945726,1.465312,-3.006165,0.001782,0.003145,10.806012,0.219887,0.257799,0.070603,-0.187196,1.000000,1.000000,0.000000,C-06,0,0,0,1,1,0,0.010698,-0.133891,0.8125,0.2937,0.2646,2,ok
0,2934,326.100000,1.919596,1.461856,-2.990077,0.001850,0.019232,10.832369,0.219403,0.491900,0.220603,-0.271297,1.000000,1.000000,0.000000,C-06,0,0,0,1,1,0,0.011410,-0.160816,0.7917,0.2538,0.2617,2,ok
0,2935,326.220000,1.893554,1.458400,-2.962777,0.001525,0.015125,10.858704,0.218449,0.491929,0.370603,-0.121326,1.000000,1.000000,0.000000,C-06,0,0,0,1,1,0,0.010300,-0.149257,0.7500,0.2395,0.2655,2,ok
0,2936,326.340000,1.867625,1.454498,-2.942444,0.001079,0.035459,10.884921,0.218470,0.263105,0.263105,0.000000,1.000000,1.000000,0.000000,,0,0,0,1,1,0,0.010035,-0.120957,0.6875,0.2486,0.2652,2,ok
0,2937,326.440000,1.846783,1.450908,-2.926770,0.001036,0.020162,10.906107,0.210755,0.253860,0.253860,0.000000,0.965095,0.965095,0.000000,,0,0,0,1,1,0,0.010864,-0.109363,0.7500,0.2170,0.2644,2,ok
0,2938,326.540000,1.825411,1.446522,-2.919720,0.001082,0.027212,10.927925,0.219307,0.022001,0.103860,0.081859,1.000000,1.000000,0.000000,C-06,0,0,0,1,1,0,0.013213,-0.118215,0.7500,0.1489,0.2625,2,ok
0,2939,326.660000,1.799666,1.440804,-2.917227,0.001563,0.029706,10.954293,0.219797,0.029547,0.029547,0.000000,1.000000,1.000000,0.000000,,0,0,0,1,1,0,0.013213,-0.118215,0.7500,0.1489,0.2625,2,ok
0,2940,326.780000,1.773919,1.434948,-2.920767,0.001503,-0.001568,10.980741,0.220139,-0.053305,-0.053305,0.000000,1.000000,1.000000,0.000000,,0,0,0,1,1,0,0.010419,-0.121099,0.8125,0.1674,0.2623,2,ok
0,2941,326.880000,1.752449,1.430075,-2.922303,0.001405,-0.003105,11.002756,0.220158,-0.022921,-0.022921,0.000000,1.000000,1.000000,0.000000,,0,0,0,1,1,0,0.008195,-0.123538,0.8542,0.1539,0.2660,2,ok
0,2942,326.980000,1.730991,1.425286,-2.915268,0.000878,-0.020721,11.024765,0.219682,0.383755,0.127079,-0.256677,1.000000,1.000000,0.000000,C-06,0,0,0,1,1,0,0.006117,-0.129123,0.7917,0.1682,0.2656,2,ok
0,2943,327.100000,1.705320,1.419545,-2.895879,0.000088,-0.001332,11.051058,0.218736,0.495248,0.277079,-0.218170,1.000000,1.000000,0.000000,C-06,0,0,0,1,1,0,0.006176,-0.144366,0.7917,0.1257,0.2664,2,ok
0,2944,327.220000,1.679775,1.413739,-2.877144,-0.000881,-0.003203,11.077233,0.218165,0.259265,0.259265,0.000000,1.000000,1.000000,0.000000,,0,0,0,1,1,0,0.006182,-0.149351,0.7708,0.1110,0.2624,2,ok
0,2945,327.340000,1.655532,1.407493,-2.867943,-0.001267,0.005998,11.102264,0.207988,0.120476,0.120476,0.000000,0.949476,0.949476,0.000000,,0,0,0,1,1,0,0.004937,-0.100439,0.7083,0.1280,0.2662,2,ok
0,2946,327.440000,1.634532,1.401694,-2.869055,-0.001442,-0.012836,11.124021,0.219843,-0.084690,-0.029524,0.055166,1.000000,1.000000,0.000000,C-06,0,0,0,1,1,0,0.008161,-0.108457,0.7083,0.0593,0.2599,2,ok
0,2947,327.540000,1.613323,1.395828,-2.876808,-0.001878,-0.020589,11.146022,0.220260,-0.136906,-0.136906,0.000000,1.000000,1.000000,0.000000,,0,0,0,1,1,0,0.006385,-0.088188,0.7083,0.0762,0.2645,2,ok
0,2948,327.660000,1.587842,1.388925,-2.876503,-0.002621,-0.036468,11.172378,0.219955,0.320732,0.013094,-0.307639,1.000000,1.000000,0.000000,C-06,0,0,0,1,1,0,0.004266,-0.141110,0.8125,0.0567,0.2621,2,ok
0,2949,327.780000,1.562399,1.382008,-2.865625,-0.003620,-0.025591,11.198725,0.219417,0.646605,0.163094,-0.483511,1.000000,1.000000,0.000000,C-06,0,0,0,1,1,0,0.000949,-0.132747,0.8125,0.0586,0.2660,2,ok
0,2950,327.880000,1.541283,1.376243,-2.847957,-0.004426,-0.007923,11.217985,0.218394,0.555890,0.313094,-0.242796,1.000000,1.000000,0.000000,C-06,0,0,0,1,1,0,-0.000319,-0.119079,0.8125,0.0678,0.2678,2,ok
0,2951,327.980000,1.520896,1.370488,-2.825249,-0.005330,0.000727,11.241707,0.210667,0.398260,0.398260,0.000000,0.968852,0.968852,0.000000,,0,0,0,1,1,0,-0.000165,-0.109041,0.7500,0.0544,0.2668,2,ok
0,2952,328.100000,1.495975,1.362851,-2.807395,-0.005822,0.018581,11.267768,0.218065,-0.030831,0.248260,0.279091,1.000000,1.000000,0.000000,C-06,0,0,0,1,1,0,0.000392,-0.087628,0.7917,0.0475,0.2668,2,ok
0,2953,328.220000,1.471070,1.354411,-2.799976,-0.005904,0.014976,11.293978,0.219213,-0.168558,0.098260,0.266818,1.000000,1.000000,0.000000,C-06,0,0,0,1,1,0,0.002741,-0.054445,0.7292,0.0225,0.2678,3,ok
0,2954,328.340000,1.446186,1.345579,-2.802895,-0.005638,0.012057,11.320382,0.220203,-0.160387,-0.051740,0.108646,1.000000,1.000000,0.000000,C-06,0,0,0,1,1,0,0.005150,-0.057853,0.7292,-0.0208,0.2665,2,ok
0,2955,328.440000,1.425398,1.338250,-2.813872,-0.005609,-0.008441,11.342385,0.220759,-0.227779,-0.201740,0.026038,1.000000,1.000000,0.000000,C-06,0,0,0,1,1,0,0.004671,-0.054150,0.6875,-0.0152,0.2680,3,ok
0,2956,328.540000,1.404554,1.331072,-2.817539,-0.005747,-0.012107,11.364430,0.220421,0.294669,-0.051740,-0.346409,1.000000,1.000000,0.000000,C-06,0,0,0,1,1,0,0.003040,-0.072888,0.8125,-0.0326,0.2657,2,ok
0,2957,328.660000,1.379551,1.322662,-2.811420,-0.006228,-0.014215,11.390765,0.219597,1.000000,0.098260,-0.901740,1.000000,1.000000,0.000000,C-06,0,0,0,1,1,0,0.000081,-0.067277,0.8125,0.0008,0.2671,3,ok
0,2958,328.780000,1.354645,1.314237,-2.795097,-0.006716,0.002108,11.417053,0.218569,1.000000,0.248260,-0.751740,1.000000,1.000000,0.000000,C-06,0,0,0,1,1,0,0.000315,-0.074653,0.8333,-0.0331,0.2678,3,ok
0,2959,328.880000,1.334011,1.307191,-2.779487,-0.007156,0.011277,11.438810,0.217816,0.278200,0.278200,0.000000,1.000000,1.000000,0.000000,,0,0,0,1,1,0,0.000910,-0.054731,0.7917,-0.0402,0.2662,3,ok
0,2960,328.980000,1.313470,1.299630,-2.771704,-0.007118,0.019061,11.460698,0.218973,-0.195003,0.128200,0.323203,1.000000,1.000000,0.000000,C-06,0,0,0,1,1,0,0.000910,-0.054731,0.7917,-0.0402,0.2662,3,ok
0,2961,329.100000,1.288855,1.290098,-2.772488,-0.006714,0.013586,11.487047,0.220088,-0.649675,-0.021800,0.627875,1.000000,1.000000,0.000000,C-06,0,0,0,1,1,0,0.003409,-0.033435,0.7708,-0.0788,0.2654,2,ok
0,2962,329.220000,1.264185,1.280573,-2.783288,-0.006421,0.002786,11.513489,0.220743,-0.364212,-0.171800,0.192412,1.000000,1.000000,0.000000,C-06,0,0,0,1,1,0,0.002715,-0.009985,0.7500,-0.0582,0.2666,2,ok
0,2963,329.340000,1.239371,1.271055,-2.804334,-0.006275,-0.022603,11.540030,0.222173,-0.400318,-0.321800,0.078518,1.000000,1.000000,0.000000,C-06,0,0,0,1,1,0,0.003943,-0.039944,0.7500,-0.1072,0.2670,2,ok
0,2964,329.440000,1.218572,1.263444,-2.814615,-0.006550,-0.032884,11.562175,0.221427,0.787938,-0.171800,-0.959738,1.000000,1.000000,0.000000,C-06,0,0,0,1,1,0,-0.000538,-0.054495,0.7917,-0.0769,0.2684,2,ok
0,2965,329.540000,1.197729,1.256321,-2.816477,-0.007278,-0.037760,11.584203,0.220177,1.000000,-0.021800,-1.021800,1.000000,1.000000,0.000000,C-06,0,0,0,1,1,0,-0.000151,-0.097485,0.8542,-0.1322,0.2652,3,ok
0,2966,329.660000,1.172743,1.247887,-2.808415,-0.008221,-0.029698,11.610557,0.219478,1.000000,0.128200,-0.871800,1.000000,1.000000,0.000000,C-06,0,0,0,1,1,0,-0.002109,-0.096530,0.8125,-0.1359,0.2660,2,ok
0,2967,329.780000,1.147871,1.239448,-2.790267,-0.009179,-0.013191,11.636760,0.218269,1.000000,0.278200,-0.721800,1.000000,1.000000,0.000000,C-06,0,0,0,1,1,0,-0.005147,-0.063110,0.7708,-0.0930,0.2669,3,ok
0,2968,329.880000,1.127246,1.232108,-2.782515,-0.009717,-0.005439,11.658645,0.218973,0.034154,0.128200,0.094046,1.000000,1.000000,0.000000,C-06,0,0,0,1,1,0,-0.002119,-0.064811,0.8125,-0.1522,0.2690,2,ok
0,2969,329.980000,1.106649,1.224392,-2.783060,-0.009891,-0.005571,11.680643,0.220069,-0.485894,-0.021800,0.464094,1.000000,1.000000,0.000000,C-06,0,0,0,1,1,0,-0.001087,-0.049623,0.7708,-0.1779,0.2670,2,ok
0,2970,330.100000,1.081931,1.215103,-2.782307,-0.010064,-0.004819,11.707049,0.220023,0.012891,0.012891,0.000000,1.000000,1.000000,0.000000,,0,0,0,1,1,0,-0.001665,-0.033047,0.7500,-0.1681,0.2690,3,ok
0,2971,330.220000,1.057246,1.205818,-2.775502,-0.010226,0.001743,11.733426,0.219532,0.108912,0.108912,0.000000,1.000000,1.000000,0.000000,,0,0,0,1,1,0,-0.000398,-0.049658,0.7292,-0.1931,0.2676,3,ok
0,2972,330.340000,1.032588,1.196372,-2.777664,-0.010219,-0.000419,11.759832,0.220167,-0.074259,-0.041088,0.033171,1.000000,1.000000,0.000000,C-06,0,0,0,1,1,0,-0.001133,-0.034234,0.6875,-0.1876,0.2688,2,ok
0,2973,330.440000,1.011993,1.188541,-2.787715,-0.010239,-0.007796,11.781911,0.220672,-0.389360,-0.191088,0.198272,1.000000,1.000000,0.000000,C-06,0,0,0,1,1,0,-0.000732,-0.021627,0.7917,-0.1963,0.2666,3,ok
0,2974,330.540000,0.991322,1.180714,-2.796515,-0.010220,-0.016596,11.804014,0.221271,-0.152862,-0.152862,0.000000,1.000000,1.000000,0.000000,,0,0,0,1,1,0,-0.000493,-0.040325,0.8333,-0.2335,0.2677,2,ok
0,2975,330.660000,0.966456,1.171645,-2.801243,-0.010530,-0.018357,11.830465,0.220519,-0.063247,-0.063247,0.000000,1.000000,1.000000,0.000000,,0,0,0,1,1,0,-0.000545,-0.075091,0.8125,-0.2594,0.2681,2,ok
0,2976,330.780000,0.941591,1.162820,-2.795961,-0.011096,-0.013075,11.856844,0.219657,0.806432,0.086753,-0.719679,1.000000,1.000000,0.000000,C-06,0,0,0,1,1,0,-0.002846,-0.042292,0.7708,-0.2309,0.2667,3,ok
0,2977,330.880000,0.920883,1.155372,-2.798935,-0.011438,-0.012027,11.878956,0.220200,-0.087449,-0.063247,0.024202,1.000000,1.000000,0.000000,C-06,0,0,0,1,1,0,-0.001419,-0.054597,0.7917,-0.2942,0.2647,2,ok
0,2978,330.980000,0.900158,1.147963,-2.799750,-0.011653,-0.012843,11.900964,0.220082,-0.010099,-0.010099,0.000000,1.000000,1.000000,0.000000,,0,0,0,1,1,0,-0.001102,-0.056680,0.7708,-0.3142,0.2633,2,ok
0,2979,331.100000,0.875278,1.139085,-2.801748,-0.011920,-0.010317,11.927402,0.220211,-0.030647,-0.030647,0.000000,1.000000,1.000000,0.000000,,0,0,0,1,1,0,-0.001547,-0.077228,0.7292,-0.3185,0.2699,3,ok
0,2980,331.220000,0.850340,1.130283,-2.813422,-0.012234,-0.021991,11.953846,0.220747,-0.334534,-0.180647,0.153887,1.000000,1.000000,0.000000,C-06,0,0,0,1,1,0,-0.001583,-0.061905,0.7083,-0.3314,0.2696,3,ok
0,2981,331.340000,0.825334,1.121710,-2.816226,-0.012748,-0.018058,11.980347,0.220249,0.004496,-0.030647,-0.035143,1.000000,1.000000,0.000000,C-06,0,0,0,1,1,0,-0.001486,-0.084564,0.7917,-0.3918,0.2672,2,ok
0,2982,331.440000,0.804508,1.114675,-2.810044,-0.013181,-0.011876,12.002326,0.219602,0.368187,0.119353,-0.248834,1.000000,1.000000,0.000000,C-06,0,0,0,1,1,0,-0.000063,-0.106992,0.8333,-0.4392,0.2666,3,ok
0,2983,331.540000,0.783739,1.107645,-2.800843,-0.013600,-0.002675,12.022914,0.218979,0.164059,0.164059,0.000000,1.000000,1.000000,0.000000,,0,0,0,1,1,0,-0.002774,-0.101578,0.8125,-0.3922,0.2697,3,ok
0,2984,331.660000,0.758865,1.098857,-2.799367,-0.013561,0.005588,12.050724,0.219886,-0.247148,0.014059,0.261207,1.000000,1.000000,0.000000,C-06,0,0,0,1,1,0,0.000821,-0.086924,0.8125,-0.4479,0.2714,3,ok
0,2985,331.780000,0.733960,1.089998,-2.808169,-0.013425,0.005271,12.077287,0.220578,-0.431095,-0.135941,0.295154,1.000000,1.000000,0.000000,C-06,0,0,0,1,1,0,0.002501,-0.050863,0.7917,-0.5078,0.2691,3,ok
0,2986,331.880000,0.713119,1.082618,-2.823838,-0.013172,-0.010398,12.099395,0.221574,-0.299303,-0.285941,0.013362,1.000000,1.000000,0.000000,C-06,0,0,0,1,1,0,0.003929,-0.065770,0.7708,-0.5463,0.2685,3,ok
0,2987,331.980000,0.692189,1.075445,-2.832922,-0.013143,-0.019482,12.120921,0.221228,-0.149816,-0.149816,0.000000,1.000000,1.000000,0.000000,,0,0,0,1,1,0,0.002072,-0.041646,0.7292,-0.5386,0.2671,3,ok
0,2988,332.100000,0.666961,1.067041,-2.853112,-0.013072,-0.029579,12.148238,0.222161,-0.484644,-0.299816,0.184827,1.000000,1.000000,0.000000,C-06,0,0,0,1,1,0,0.003276,-0.051714,0.7500,-0.5804,0.2659,3,ok
0,2989,332.220000,0.641608,1.059153,-2.864358,-0.013484,-0.029635,12.174926,0.221192,0.071697,-0.149816,-0.221513,1.000000,1.000000,0.000000,C-06,0,0,0,1,1,0,0.001552,-0.046891,0.7917,-0.5696,0.2648,3,ok
0,2990,332.340000,0.616211,1.051911,-2.865055,-0.014301,-0.030333,12.201323,0.220000,0.555459,0.000184,-0.555276,1.000000,1.000000,0.000000,C-06,0,0,0,1,1,0,-0.002081,-0.094448,0.8125,-0.5738,0.2682,3,ok
0,2991,332.440000,0.595070,1.045904,-2.856913,-0.014934,-0.010252,12.223496,0.219552,0.586774,0.150184,-0.436590,1.000000,1.000000,0.000000,C-06,0,0,0,1,1,0,-0.000475,-0.150430,0.7917,-0.6542,0.2714,3,ok
0,2992,332.540000,0.573995,1.039897,-2.843939,-0.015315,0.002723,12.245407,0.218780,0.226192,0.226192,0.000000,1.000000,1.000000,0.000000,,0,0,0,1,1,0,0.000101,-0.133098,0.7917,-0.6749,0.2709,3,ok
0,2993,332.660000,0.548781,1.032336,-2.837894,-0.015350,0.022088,12.271921,0.219403,-0.266804,0.076192,0.342995,1.000000,1.000000,0.000000,C-06,0,0,0,1,1,0,0.000167,-0.003944,0.7708,-0.6582,0.2705,3,ok
0,2994,332.780000,0.523575,1.024454,-2.842325,-0.014808,0.017657,12.298325,0.220269,-0.160022,-0.073808,0.086214,1.000000,1.000000,0.000000,C-06,0,0,0,1,1,0,0.005695,-0.047813,0.7708,-0.7823,0.2693,3,ok
0,2995,332.880000,0.502517,1.017885,-2.854588,-0.014302,0.019875,12.320572,0.220945,-0.513298,-0.223808,0.289490,1.000000,1.000000,0.000000,C-06,0,0,0,1,1,0,0.005223,0.069818,0.7292,-0.7666,0.2692,3,ok
0,2996,332.980000,0.481354,1.011317,-2.876033,-0.013598,-0.001570,12.342719,0.222149,-0.471647,-0.373808,0.097839,1.000000,1.000000,0.000000,C-06,0,0,0,1,1,0,0.005096,0.123863,0.7292,-0.7767,0.2669,3,ok
0,2997,333.100000,0.455817,1.003739,-2.894429,-0.012984,-0.003919,12.369569,0.221949,-0.249930,-0.249930,0.000000,1.000000,1.000000,0.000000,,0,0,0,1,1,0,0.004591,-0.071521,0.7917,-0.8131,0.2628,3,ok
0,2998,333.220000,0.430152,0.996493,-2.916170,-0.012381,-0.025660,12.396230,0.222300,-0.302505,-0.302505,0.000000,1.000000,1.000000,0.000000,,0,0,0,1,1,0,0.000805,-0.062831,0.8333,-0.7545,0.2625,3,ok
0,2999,333.340000,0.404339,0.989541,-2.945479,-0.011911,-0.037110,12.423155,0.222949,-0.401703,-0.401703,0.000000,1.000000,1.000000,0.000000,,0,0,0,1,1,0,-0.001376,0.043234,0.7917,-0.7435,0.2656,3,ok
0,3000,333.440000,0.382696,0.983995,-2.979278,-0.011587,-0.070909,12.445496,0.223901,-0.582060,-0.551703,0.030358,1.000000,1.000000,0.000000,C-06,0,0,0,1,1,0,-0.001573,0.007546,0.7708,-0.7796,0.2660,3,ok
