# track mesh, Z-up, metres
mtllib complex_b.mtl
usemtl grass
o grass
v -4.19850 -2.43400 0.00000
v 4.27040 -2.43400 0.00000
v 4.27040 2.41900 0.00000
v -4.19850 2.41900 0.00000
f 1 2 3 4
usemtl asphalt
o asphalt
v -2.70569 -1.25771 0.00100
v -2.89431 -1.74229 0.00100
v -2.82444 -1.76568 0.00100
v -2.68076 -1.26592 0.00100
f 5 6 7 8
v -2.68076 -1.26592 0.00100
v -2.82444 -1.76568 0.00100
v -2.75729 -1.78208 0.00100
v -2.65071 -1.27312 0.00100
f 9 10 11 12
v -2.65071 -1.27312 0.00100
v -2.75729 -1.78208 0.00100
v -2.69369 -1.79336 0.00100
v -2.61571 -1.27924 0.00100
f 13 14 15 16
v -2.61571 -1.27924 0.00100
v -2.69369 -1.79336 0.00100
v -2.63318 -1.80108 0.00100
v -2.57702 -1.28412 0.00100
f 17 18 19 20
v -2.57702 -1.28412 0.00100
v -2.63318 -1.80108 0.00100
v -2.57403 -1.80642 0.00100
v -2.53657 -1.28778 0.00100
f 21 22 23 24
v -2.53657 -1.28778 0.00100
v -2.57403 -1.80642 0.00100
v -2.51658 -1.80956 0.00100
v -2.49422 -1.29004 0.00100
f 25 26 27 28
v -2.49422 -1.29004 0.00100
v -2.51658 -1.80956 0.00100
v -2.46060 -1.81135 0.00100
v -2.45020 -1.29145 0.00100
f 29 30 31 32
v -2.45020 -1.29145 0.00100
v -2.46060 -1.81135 0.00100
v -2.40540 -1.81180 0.00100
v -2.40540 -1.29180 0.00100
f 33 34 35 36
v -2.40540 -1.29180 0.00100
v -2.40540 -1.81180 0.00100
v -2.35124 -1.81137 0.00100
v -2.35956 -1.29143 0.00100
f 37 38 39 40
v -2.35956 -1.29143 0.00100
v -2.35124 -1.81137 0.00100
v -2.29760 -1.81008 0.00100
v -2.31320 -1.29032 0.00100
f 41 42 43 44
v -2.31320 -1.29032 0.00100
v -2.29760 -1.81008 0.00100
v -2.24474 -1.80818 0.00100
v -2.26606 -1.28862 0.00100
f 45 46 47 48
v -2.26606 -1.28862 0.00100
v -2.24474 -1.80818 0.00100
v -2.19224 -1.80576 0.00100
v -2.21876 -1.28644 0.00100
f 49 50 51 52
v -2.21876 -1.28644 0.00100
v -2.19224 -1.80576 0.00100
v -2.14043 -1.80286 0.00100
v -2.17057 -1.28374 0.00100
f 53 54 55 56
v -2.17057 -1.28374 0.00100
v -2.14043 -1.80286 0.00100
v -2.08896 -1.79977 0.00100
v -2.12224 -1.28083 0.00100
f 57 58 59 60
v -2.12224 -1.28083 0.00100
v -2.08896 -1.79977 0.00100
v -2.03777 -1.79628 0.00100
v -2.07363 -1.27752 0.00100
f 61 62 63 64
v -2.07363 -1.27752 0.00100
v -2.03777 -1.79628 0.00100
v -1.98735 -1.79274 0.00100
v -2.02425 -1.27406 0.00100
f 65 66 67 68
v -2.02425 -1.27406 0.00100
v -1.98735 -1.79274 0.00100
v -1.93691 -1.78911 0.00100
v -1.97489 -1.27049 0.00100
f 69 70 71 72
v -1.97489 -1.27049 0.00100
v -1.93691 -1.78911 0.00100
v -1.88686 -1.78539 0.00100
v -1.92534 -1.26681 0.00100
f 73 74 75 76
v -1.92534 -1.26681 0.00100
v -1.88686 -1.78539 0.00100
v -1.83723 -1.78171 0.00100
v -1.87517 -1.26309 0.00100
f 77 78 79 80
v -1.87517 -1.26309 0.00100
v -1.83723 -1.78171 0.00100
v -1.78759 -1.77813 0.00100
v -1.82501 -1.25947 0.00100
f 81 82 83 84
v -1.82501 -1.25947 0.00100
v -1.78759 -1.77813 0.00100
v -1.73847 -1.77458 0.00100
v -1.77433 -1.25582 0.00100
f 85 86 87 88
v -1.77433 -1.25582 0.00100
v -1.73847 -1.77458 0.00100
v -1.68986 -1.77137 0.00100
v -1.72314 -1.25243 0.00100
f 89 90 91 92
v -1.72314 -1.25243 0.00100
v -1.68986 -1.77137 0.00100
v -1.64126 -1.76835 0.00100
v -1.67194 -1.24925 0.00100
f 93 94 95 96
v -1.67194 -1.24925 0.00100
v -1.64126 -1.76835 0.00100
v -1.59344 -1.76566 0.00100
v -1.61996 -1.24634 0.00100
f 97 98 99 100
v -1.61996 -1.24634 0.00100
v -1.59344 -1.76566 0.00100
v -1.54579 -1.76347 0.00100
v -1.56761 -1.24393 0.00100
f 101 102 103 104
v -1.56761 -1.24393 0.00100
v -1.54579 -1.76347 0.00100
v -1.49864 -1.76168 0.00100
v -1.51476 -1.24192 0.00100
f 105 106 107 108
v -1.51476 -1.24192 0.00100
v -1.49864 -1.76168 0.00100
v -1.45202 -1.76056 0.00100
v -1.46138 -1.24064 0.00100
f 109 110 111 112
v -1.46138 -1.24064 0.00100
v -1.45202 -1.76056 0.00100
v -1.40514 -1.76000 0.00100
v -1.40826 -1.24000 0.00100
f 113 114 115 116
v -1.40826 -1.24000 0.00100
v -1.40514 -1.76000 0.00100
v -1.35670 -1.76000 0.00100
v -1.35670 -1.24000 0.00100
f 117 118 119 120
v -1.35670 -1.24000 0.00100
v -1.35670 -1.76000 0.00100
v -1.30670 -1.76000 0.00100
v -1.30670 -1.24000 0.00100
f 121 122 123 124
v -1.30670 -1.24000 0.00100
v -1.30670 -1.76000 0.00100
v -1.25670 -1.76000 0.00100
v -1.25670 -1.24000 0.00100
f 125 126 127 128
v -1.25670 -1.24000 0.00100
v -1.25670 -1.76000 0.00100
v -1.20670 -1.76000 0.00100
v -1.20670 -1.24000 0.00100
f 129 130 131 132
v -1.20670 -1.24000 0.00100
v -1.20670 -1.76000 0.00100
v -1.15670 -1.76000 0.00100
v -1.15670 -1.24000 0.00100
f 133 134 135 136
v -1.15670 -1.24000 0.00100
v -1.15670 -1.76000 0.00100
v -1.10670 -1.76000 0.00100
v -1.10670 -1.24000 0.00100
f 137 138 139 140
v -1.10670 -1.24000 0.00100
v -1.10670 -1.76000 0.00100
v -1.05670 -1.76000 0.00100
v -1.05670 -1.24000 0.00100
f 141 142 143 144
v -1.05670 -1.24000 0.00100
v -1.05670 -1.76000 0.00100
v -1.00660 -1.76000 0.00100
v -1.00660 -1.24000 0.00100
f 145 146 147 148
v -1.00660 -1.24000 0.00100
v -1.00660 -1.76000 0.00100
v -0.95660 -1.76000 0.00100
v -0.95660 -1.24000 0.00100
f 149 150 151 152
v -0.95660 -1.24000 0.00100
v -0.95660 -1.76000 0.00100
v -0.90660 -1.76000 0.00100
v -0.90660 -1.24000 0.00100
f 153 154 155 156
v -0.90660 -1.24000 0.00100
v -0.90660 -1.76000 0.00100
v -0.85660 -1.76000 0.00100
v -0.85660 -1.24000 0.00100
f 157 158 159 160
v -0.85660 -1.24000 0.00100
v -0.85660 -1.76000 0.00100
v -0.80660 -1.76000 0.00100
v -0.80660 -1.24000 0.00100
f 161 162 163 164
v -0.80660 -1.24000 0.00100
v -0.80660 -1.76000 0.00100
v -0.75660 -1.76000 0.00100
v -0.75660 -1.24000 0.00100
f 165 166 167 168
v -0.75660 -1.24000 0.00100
v -0.75660 -1.76000 0.00100
v -0.70660 -1.76000 0.00100
v -0.70660 -1.24000 0.00100
f 169 170 171 172
v -0.70660 -1.24000 0.00100
v -0.70660 -1.76000 0.00100
v -0.65660 -1.76000 0.00100
v -0.65660 -1.24000 0.00100
f 173 174 175 176
v -0.65660 -1.24000 0.00100
v -0.65660 -1.76000 0.00100
v -0.60660 -1.76000 0.00100
v -0.60660 -1.24000 0.00100
f 177 178 179 180
v -0.60660 -1.24000 0.00100
v -0.60660 -1.76000 0.00100
v -0.55650 -1.76000 0.00100
v -0.55650 -1.24000 0.00100
f 181 182 183 184
v -0.55650 -1.24000 0.00100
v -0.55650 -1.76000 0.00100
v -0.50650 -1.76000 0.00100
v -0.50650 -1.24000 0.00100
f 185 186 187 188
v -0.50650 -1.24000 0.00100
v -0.50650 -1.76000 0.00100
v -0.45650 -1.76000 0.00100
v -0.45650 -1.24000 0.00100
f 189 190 191 192
v -0.45650 -1.24000 0.00100
v -0.45650 -1.76000 0.00100
v -0.40650 -1.76000 0.00100
v -0.40650 -1.24000 0.00100
f 193 194 195 196
v -0.40650 -1.24000 0.00100
v -0.40650 -1.76000 0.00100
v -0.35650 -1.76000 0.00100
v -0.35650 -1.24000 0.00100
f 197 198 199 200
v -0.35650 -1.24000 0.00100
v -0.35650 -1.76000 0.00100
v -0.30650 -1.76000 0.00100
v -0.30650 -1.24000 0.00100
f 201 202 203 204
v -0.30650 -1.24000 0.00100
v -0.30650 -1.76000 0.00100
v -0.25650 -1.76000 0.00100
v -0.25650 -1.24000 0.00100
f 205 206 207 208
v -0.25650 -1.24000 0.00100
v -0.25650 -1.76000 0.00100
v -0.20650 -1.76000 0.00100
v -0.20650 -1.24000 0.00100
f 209 210 211 212
v -0.20650 -1.24000 0.00100
v -0.20650 -1.76000 0.00100
v -0.15650 -1.76000 0.00100
v -0.15650 -1.24000 0.00100
f 213 214 215 216
v -0.15650 -1.24000 0.00100
v -0.15650 -1.76000 0.00100
v -0.10640 -1.76000 0.00100
v -0.10640 -1.24000 0.00100
f 217 218 219 220
v -0.10640 -1.24000 0.00100
v -0.10640 -1.76000 0.00100
v -0.05640 -1.76000 0.00100
v -0.05640 -1.24000 0.00100
f 221 222 223 224
v -0.05640 -1.24000 0.00100
v -0.05640 -1.76000 0.00100
v -0.00640 -1.76000 0.00100
v -0.00640 -1.24000 0.00100
f 225 226 227 228
v -0.00640 -1.24000 0.00100
v -0.00640 -1.76000 0.00100
v 0.04360 -1.76000 0.00100
v 0.04360 -1.24000 0.00100
f 229 230 231 232
v 0.04360 -1.24000 0.00100
v 0.04360 -1.76000 0.00100
v 0.09360 -1.76000 0.00100
v 0.09360 -1.24000 0.00100
f 233 234 235 236
v 0.09360 -1.24000 0.00100
v 0.09360 -1.76000 0.00100
v 0.14360 -1.76000 0.00100
v 0.14360 -1.24000 0.00100
f 237 238 239 240
v 0.14360 -1.24000 0.00100
v 0.14360 -1.76000 0.00100
v 0.19360 -1.76000 0.00100
v 0.19360 -1.24000 0.00100
f 241 242 243 244
v 0.19360 -1.24000 0.00100
v 0.19360 -1.76000 0.00100
v 0.24360 -1.76000 0.00100
v 0.24360 -1.24000 0.00100
f 245 246 247 248
v 0.24360 -1.24000 0.00100
v 0.24360 -1.76000 0.00100
v 0.29360 -1.76000 0.00100
v 0.29360 -1.24000 0.00100
f 249 250 251 252
v 0.29360 -1.24000 0.00100
v 0.29360 -1.76000 0.00100
v 0.34370 -1.76000 0.00100
v 0.34370 -1.24000 0.00100
f 253 254 255 256
v 0.34370 -1.24000 0.00100
v 0.34370 -1.76000 0.00100
v 0.39370 -1.76000 0.00100
v 0.39370 -1.24000 0.00100
f 257 258 259 260
v 0.39370 -1.24000 0.00100
v 0.39370 -1.76000 0.00100
v 0.44370 -1.76000 0.00100
v 0.44370 -1.24000 0.00100
f 261 262 263 264
v 0.44370 -1.24000 0.00100
v 0.44370 -1.76000 0.00100
v 0.49370 -1.76000 0.00100
v 0.49370 -1.24000 0.00100
f 265 266 267 268
v 0.49370 -1.24000 0.00100
v 0.49370 -1.76000 0.00100
v 0.54370 -1.76000 0.00100
v 0.54370 -1.24000 0.00100
f 269 270 271 272
v 0.54370 -1.24000 0.00100
v 0.54370 -1.76000 0.00100
v 0.59370 -1.76000 0.00100
v 0.59370 -1.24000 0.00100
f 273 274 275 276
v 0.59370 -1.24000 0.00100
v 0.59370 -1.76000 0.00100
v 0.64370 -1.76000 0.00100
v 0.64370 -1.24000 0.00100
f 277 278 279 280
v 0.64370 -1.24000 0.00100
v 0.64370 -1.76000 0.00100
v 0.69370 -1.76000 0.00100
v 0.69370 -1.24000 0.00100
f 281 282 283 284
v 0.69370 -1.24000 0.00100
v 0.69370 -1.76000 0.00100
v 0.74370 -1.76000 0.00100
v 0.74370 -1.24000 0.00100
f 285 286 287 288
v 0.74370 -1.24000 0.00100
v 0.74370 -1.76000 0.00100
v 0.79380 -1.76000 0.00100
v 0.79380 -1.24000 0.00100
f 289 290 291 292
v 0.79380 -1.24000 0.00100
v 0.79380 -1.76000 0.00100
v 0.84380 -1.76000 0.00100
v 0.84380 -1.24000 0.00100
f 293 294 295 296
v 0.84380 -1.24000 0.00100
v 0.84380 -1.76000 0.00100
v 0.89380 -1.76000 0.00100
v 0.89380 -1.24000 0.00100
f 297 298 299 300
v 0.89380 -1.24000 0.00100
v 0.89380 -1.76000 0.00100
v 0.94380 -1.76000 0.00100
v 0.94380 -1.24000 0.00100
f 301 302 303 304
v 0.94380 -1.24000 0.00100
v 0.94380 -1.76000 0.00100
v 0.99380 -1.76000 0.00100
v 0.99380 -1.24000 0.00100
f 305 306 307 308
v 0.99380 -1.24000 0.00100
v 0.99380 -1.76000 0.00100
v 1.04380 -1.76000 0.00100
v 1.04380 -1.24000 0.00100
f 309 310 311 312
v 1.04380 -1.24000 0.00100
v 1.04380 -1.76000 0.00100
v 1.09380 -1.76000 0.00100
v 1.09380 -1.24000 0.00100
f 313 314 315 316
v 1.09380 -1.24000 0.00100
v 1.09380 -1.76000 0.00100
v 1.14380 -1.76000 0.00100
v 1.14380 -1.24000 0.00100
f 317 318 319 320
v 1.14380 -1.24000 0.00100
v 1.14380 -1.76000 0.00100
v 1.19380 -1.76000 0.00100
v 1.19380 -1.24000 0.00100
f 321 322 323 324
v 1.19380 -1.24000 0.00100
v 1.19380 -1.76000 0.00100
v 1.24390 -1.76000 0.00100
v 1.24390 -1.24000 0.00100
f 325 326 327 328
v 1.24390 -1.24000 0.00100
v 1.24390 -1.76000 0.00100
v 1.29390 -1.76000 0.00100
v 1.29390 -1.24000 0.00100
f 329 330 331 332
v 1.29390 -1.24000 0.00100
v 1.29390 -1.76000 0.00100
v 1.34390 -1.76000 0.00100
v 1.34390 -1.24000 0.00100
f 333 334 335 336
v 1.34390 -1.24000 0.00100
v 1.34390 -1.76000 0.00100
v 1.39260 -1.76000 0.00100
v 1.39520 -1.24000 0.00100
f 337 338 339 340
v 1.39520 -1.24000 0.00100
v 1.39260 -1.76000 0.00100
v 1.43844 -1.76044 0.00100
v 1.44936 -1.24056 0.00100
f 341 342 343 344
v 1.44936 -1.24056 0.00100
v 1.43844 -1.76044 0.00100
v 1.48350 -1.76189 0.00100
v 1.50430 -1.24231 0.00100
f 345 346 347 348
v 1.50430 -1.24231 0.00100
v 1.48350 -1.76189 0.00100
v 1.52897 -1.76408 0.00100
v 1.55863 -1.24492 0.00100
f 349 350 351 352
v 1.55863 -1.24492 0.00100
v 1.52897 -1.76408 0.00100
v 1.57499 -1.76713 0.00100
v 1.61241 -1.24847 0.00100
f 353 354 355 356
v 1.61241 -1.24847 0.00100
v 1.57499 -1.76713 0.00100
v 1.62203 -1.77080 0.00100
v 1.66517 -1.25260 0.00100
f 357 358 359 360
v 1.66517 -1.25260 0.00100
v 1.62203 -1.77080 0.00100
v 1.66949 -1.77500 0.00100
v 1.71731 -1.25720 0.00100
f 361 362 363 364
v 1.71731 -1.25720 0.00100
v 1.66949 -1.77500 0.00100
v 1.71746 -1.77962 0.00100
v 1.76894 -1.26218 0.00100
f 365 366 367 368
v 1.76894 -1.26218 0.00100
v 1.71746 -1.77962 0.00100
v 1.76613 -1.78462 0.00100
v 1.81967 -1.26738 0.00100
f 369 370 371 372
v 1.81967 -1.26738 0.00100
v 1.76613 -1.78462 0.00100
v 1.81516 -1.78974 0.00100
v 1.87024 -1.27266 0.00100
f 373 374 375 376
v 1.87024 -1.27266 0.00100
v 1.81516 -1.78974 0.00100
v 1.86432 -1.79508 0.00100
v 1.92048 -1.27812 0.00100
f 377 378 379 380
v 1.92048 -1.27812 0.00100
v 1.86432 -1.79508 0.00100
v 1.91427 -1.80051 0.00100
v 1.96993 -1.28349 0.00100
f 381 382 383 384
v 1.96993 -1.28349 0.00100
v 1.91427 -1.80051 0.00100
v 1.96477 -1.80589 0.00100
v 2.01883 -1.28871 0.00100
f 385 386 387 388
v 2.01883 -1.28871 0.00100
v 1.96477 -1.80589 0.00100
v 2.01563 -1.81110 0.00100
v 2.06757 -1.29370 0.00100
f 389 390 391 392
v 2.06757 -1.29370 0.00100
v 2.01563 -1.81110 0.00100
v 2.06723 -1.81617 0.00100
v 2.11557 -1.29843 0.00100
f 393 394 395 396
v 2.11557 -1.29843 0.00100
v 2.06723 -1.81617 0.00100
v 2.11935 -1.82078 0.00100
v 2.16305 -1.30262 0.00100
f 397 398 399 400
v 2.16305 -1.30262 0.00100
v 2.11935 -1.82078 0.00100
v 2.17201 -1.82501 0.00100
v 2.20999 -1.30639 0.00100
f 401 402 403 404
v 2.20999 -1.30639 0.00100
v 2.17201 -1.82501 0.00100
v 2.22531 -1.82853 0.00100
v 2.25649 -1.30947 0.00100
f 405 406 407 408
v 2.25649 -1.30947 0.00100
v 2.22531 -1.82853 0.00100
v 2.27947 -1.83145 0.00100
v 2.30233 -1.31195 0.00100
f 409 410 411 412
v 2.30233 -1.31195 0.00100
v 2.27947 -1.83145 0.00100
v 2.33492 -1.83333 0.00100
v 2.34688 -1.31347 0.00100
f 413 414 415 416
v 2.34688 -1.31347 0.00100
v 2.33492 -1.83333 0.00100
v 2.39090 -1.83400 0.00100
v 2.39090 -1.31400 0.00100
f 417 418 419 420
v 2.39090 -1.31400 0.00100
v 2.39090 -1.83400 0.00100
v 2.44818 -1.83330 0.00100
v 2.43362 -1.31350 0.00100
f 421 422 423 424
v 2.43362 -1.31350 0.00100
v 2.44818 -1.83330 0.00100
v 2.50640 -1.83073 0.00100
v 2.47520 -1.31167 0.00100
f 425 426 427 428
v 2.47520 -1.31167 0.00100
v 2.50640 -1.83073 0.00100
v 2.56644 -1.82612 0.00100
v 2.51496 -1.30868 0.00100
f 429 430 431 432
v 2.51496 -1.30868 0.00100
v 2.56644 -1.82612 0.00100
v 2.62802 -1.81855 0.00100
v 2.55258 -1.30405 0.00100
f 433 434 435 436
v 2.55258 -1.30405 0.00100
v 2.62802 -1.81855 0.00100
v 2.69109 -1.80775 0.00100
v 2.58811 -1.29805 0.00100
f 437 438 439 440
v 2.58811 -1.29805 0.00100
v 2.69109 -1.80775 0.00100
v 2.75642 -1.79242 0.00100
v 2.62018 -1.29058 0.00100
f 441 442 443 444
v 2.62018 -1.29058 0.00100
v 2.75642 -1.79242 0.00100
v 2.82276 -1.77183 0.00100
v 2.64944 -1.28157 0.00100
f 445 446 447 448
v 2.64944 -1.28157 0.00100
v 2.82276 -1.77183 0.00100
v 2.88930 -1.74525 0.00100
v 2.67570 -1.27115 0.00100
f 449 450 451 452
v 2.67570 -1.27115 0.00100
v 2.88930 -1.74525 0.00100
v 2.95255 -1.71343 0.00100
v 2.70165 -1.25797 0.00100
f 453 454 455 456
v 2.70165 -1.25797 0.00100
v 2.95255 -1.71343 0.00100
v 3.01066 -1.67866 0.00100
v 2.72934 -1.24134 0.00100
f 457 458 459 460
v 2.72934 -1.24134 0.00100
v 3.01066 -1.67866 0.00100
v 3.06511 -1.64115 0.00100
v 2.75729 -1.22205 0.00100
f 461 462 463 464
v 2.75729 -1.22205 0.00100
v 3.06511 -1.64115 0.00100
v 3.11633 -1.60113 0.00100
v 2.78487 -1.20047 0.00100
f 465 466 467 468
v 2.78487 -1.20047 0.00100
v 3.11633 -1.60113 0.00100
v 3.16462 -1.55889 0.00100
v 2.81178 -1.17691 0.00100
f 469 470 471 472
v 2.81178 -1.17691 0.00100
v 3.16462 -1.55889 0.00100
v 3.21005 -1.51462 0.00100
v 2.83795 -1.15138 0.00100
f 473 474 475 476
v 2.83795 -1.15138 0.00100
v 3.21005 -1.51462 0.00100
v 3.25244 -1.46901 0.00100
v 2.86356 -1.12379 0.00100
f 477 478 479 480
v 2.86356 -1.12379 0.00100
v 3.25244 -1.46901 0.00100
v 3.29236 -1.42195 0.00100
v 2.88844 -1.09445 0.00100
f 481 482 483 484
v 2.88844 -1.09445 0.00100
v 3.29236 -1.42195 0.00100
v 3.32990 -1.37349 0.00100
v 2.91210 -1.06391 0.00100
f 485 486 487 488
v 2.91210 -1.06391 0.00100
v 3.32990 -1.37349 0.00100
v 3.36494 -1.32404 0.00100
v 2.93486 -1.03176 0.00100
f 489 490 491 492
v 2.93486 -1.03176 0.00100
v 3.36494 -1.32404 0.00100
v 3.39756 -1.27399 0.00100
v 2.95684 -0.99801 0.00100
f 493 494 495 496
v 2.95684 -0.99801 0.00100
v 3.39756 -1.27399 0.00100
v 3.42834 -1.22280 0.00100
v 2.97766 -0.96340 0.00100
f 497 498 499 500
v 2.97766 -0.96340 0.00100
v 3.42834 -1.22280 0.00100
v 3.45672 -1.17126 0.00100
v 2.99748 -0.92734 0.00100
f 501 502 503 504
v 2.99748 -0.92734 0.00100
v 3.45672 -1.17126 0.00100
v 3.48348 -1.11899 0.00100
v 3.01632 -0.89061 0.00100
f 505 506 507 508
v 3.01632 -0.89061 0.00100
v 3.48348 -1.11899 0.00100
v 3.50828 -1.06579 0.00100
v 3.03372 -0.85321 0.00100
f 509 510 511 512
v 3.03372 -0.85321 0.00100
v 3.50828 -1.06579 0.00100
v 3.53130 -1.01230 0.00100
v 3.05030 -0.81470 0.00100
f 513 514 515 516
v 3.05030 -0.81470 0.00100
v 3.53130 -1.01230 0.00100
v 3.55253 -0.95806 0.00100
v 3.06547 -0.77594 0.00100
f 517 518 519 520
v 3.06547 -0.77594 0.00100
v 3.55253 -0.95806 0.00100
v 3.57188 -0.90383 0.00100
v 3.07972 -0.73597 0.00100
f 521 522 523 524
v 3.07972 -0.73597 0.00100
v 3.57188 -0.90383 0.00100
v 3.58981 -0.84873 0.00100
v 3.09279 -0.69587 0.00100
f 525 526 527 528
v 3.09279 -0.69587 0.00100
v 3.58981 -0.84873 0.00100
v 3.60597 -0.79297 0.00100
v 3.10443 -0.65563 0.00100
f 529 530 531 532
v 3.10443 -0.65563 0.00100
v 3.60597 -0.79297 0.00100
v 3.62042 -0.73700 0.00100
v 3.11498 -0.61480 0.00100
f 533 534 535 536
v 3.11498 -0.61480 0.00100
v 3.62042 -0.73700 0.00100
v 3.63323 -0.68014 0.00100
v 3.12417 -0.57406 0.00100
f 537 538 539 540
v 3.12417 -0.57406 0.00100
v 3.63323 -0.68014 0.00100
v 3.64414 -0.62323 0.00100
v 3.13206 -0.53277 0.00100
f 541 542 543 544
v 3.13206 -0.53277 0.00100
v 3.64414 -0.62323 0.00100
v 3.65343 -0.56577 0.00100
v 3.13877 -0.49143 0.00100
f 545 546 547 548
v 3.13877 -0.49143 0.00100
v 3.65343 -0.56577 0.00100
v 3.66093 -0.50657 0.00100
v 3.14387 -0.45143 0.00100
f 549 550 551 552
v 3.14387 -0.45143 0.00100
v 3.66093 -0.50657 0.00100
v 3.66608 -0.44713 0.00100
v 3.14732 -0.41127 0.00100
f 553 554 555 556
v 3.14732 -0.41127 0.00100
v 3.66608 -0.44713 0.00100
v 3.66912 -0.38881 0.00100
v 3.14948 -0.36959 0.00100
f 557 558 559 560
v 3.14948 -0.36959 0.00100
v 3.66912 -0.38881 0.00100
v 3.67039 -0.33128 0.00100
v 3.15041 -0.32712 0.00100
f 561 562 563 564
v 3.15041 -0.32712 0.00100
v 3.67039 -0.33128 0.00100
v 3.67006 -0.27452 0.00100
v 3.15014 -0.28388 0.00100
f 565 566 567 568
v 3.15014 -0.28388 0.00100
v 3.67006 -0.27452 0.00100
v 3.66837 -0.21828 0.00100
v 3.14883 -0.24012 0.00100
f 569 570 571 572
v 3.14883 -0.24012 0.00100
v 3.66837 -0.21828 0.00100
v 3.66537 -0.16266 0.00100
v 3.14643 -0.19594 0.00100
f 573 574 575 576
v 3.14643 -0.19594 0.00100
v 3.66537 -0.16266 0.00100
v 3.66128 -0.10757 0.00100
v 3.14312 -0.15123 0.00100
f 577 578 579 580
v 3.14312 -0.15123 0.00100
v 3.66128 -0.10757 0.00100
v 3.65612 -0.05283 0.00100
v 3.13888 -0.10637 0.00100
f 581 582 583 584
v 3.13888 -0.10637 0.00100
v 3.65612 -0.05283 0.00100
v 3.64999 0.00158 0.00100
v 3.13381 -0.06138 0.00100
f 585 586 587 588
v 3.13381 -0.06138 0.00100
v 3.64999 0.00158 0.00100
v 3.64291 0.05550 0.00100
v 3.12789 -0.01630 0.00100
f 589 590 591 592
v 3.12789 -0.01630 0.00100
v 3.64291 0.05550 0.00100
v 3.63496 0.10940 0.00100
v 3.12124 0.02880 0.00100
f 593 594 595 596
v 3.12124 0.02880 0.00100
v 3.63496 0.10940 0.00100
v 3.62598 0.16338 0.00100
v 3.11382 0.07342 0.00100
f 597 598 599 600
v 3.11382 0.07342 0.00100
v 3.62598 0.16338 0.00100
v 3.61617 0.21644 0.00100
v 3.10543 0.11876 0.00100
f 601 602 603 604
v 3.10543 0.11876 0.00100
v 3.61617 0.21644 0.00100
v 3.60564 0.26969 0.00100
v 3.09656 0.16371 0.00100
f 605 606 607 608
v 3.09656 0.16371 0.00100
v 3.60564 0.26969 0.00100
v 3.59397 0.32308 0.00100
v 3.08683 0.20812 0.00100
f 609 610 611 612
v 3.08683 0.20812 0.00100
v 3.59397 0.32308 0.00100
v 3.58159 0.37585 0.00100
v 3.07641 0.25255 0.00100
f 613 614 615 616
v 3.07641 0.25255 0.00100
v 3.58159 0.37585 0.00100
v 3.56825 0.42845 0.00100
v 3.06515 0.29695 0.00100
f 617 618 619 620
v 3.06515 0.29695 0.00100
v 3.56825 0.42845 0.00100
v 3.55405 0.48119 0.00100
v 3.05335 0.34081 0.00100
f 621 622 623 624
v 3.05335 0.34081 0.00100
v 3.55405 0.48119 0.00100
v 3.53862 0.53409 0.00100
v 3.04078 0.38391 0.00100
f 625 626 627 628
v 3.04078 0.38391 0.00100
v 3.53862 0.53409 0.00100
v 3.52233 0.58636 0.00100
v 3.02727 0.42724 0.00100
f 629 630 631 632
v 3.02727 0.42724 0.00100
v 3.52233 0.58636 0.00100
v 3.50497 0.63876 0.00100
v 3.01323 0.46964 0.00100
f 633 634 635 636
v 3.01323 0.46964 0.00100
v 3.50497 0.63876 0.00100
v 3.48626 0.69120 0.00100
v 2.99834 0.51140 0.00100
f 637 638 639 640
v 2.99834 0.51140 0.00100
v 3.48626 0.69120 0.00100
v 3.46647 0.74323 0.00100
v 2.98253 0.55297 0.00100
f 641 642 643 644
v 2.98253 0.55297 0.00100
v 3.46647 0.74323 0.00100
v 3.44499 0.79610 0.00100
v 2.96641 0.59270 0.00100
f 645 646 647 648
v 2.96641 0.59270 0.00100
v 3.44499 0.79610 0.00100
v 3.42172 0.84851 0.00100
v 2.94908 0.63169 0.00100
f 649 650 651 652
v 2.94908 0.63169 0.00100
v 3.42172 0.84851 0.00100
v 3.39697 0.90074 0.00100
v 2.93103 0.66986 0.00100
f 653 654 655 656
v 2.93103 0.66986 0.00100
v 3.39697 0.90074 0.00100
v 3.36969 0.95340 0.00100
v 2.91231 0.70600 0.00100
f 657 658 659 660
v 2.91231 0.70600 0.00100
v 3.36969 0.95340 0.00100
v 3.33974 1.00642 0.00100
v 2.89306 0.74018 0.00100
f 661 662 663 664
v 2.89306 0.74018 0.00100
v 3.33974 1.00642 0.00100
v 3.30641 1.05940 0.00100
v 2.87319 0.77180 0.00100
f 665 666 667 668
v 2.87319 0.77180 0.00100
v 3.30641 1.05940 0.00100
v 3.27043 1.11081 0.00100
v 2.85177 0.80239 0.00100
f 669 670 671 672
v 2.85177 0.80239 0.00100
v 3.27043 1.11081 0.00100
v 3.23235 1.15998 0.00100
v 2.82865 0.83222 0.00100
f 673 674 675 676
v 2.82865 0.83222 0.00100
v 3.23235 1.15998 0.00100
v 3.19278 1.20653 0.00100
v 2.80342 0.86187 0.00100
f 677 678 679 680
v 2.80342 0.86187 0.00100
v 3.19278 1.20653 0.00100
v 3.15178 1.25104 0.00100
v 2.77662 0.89096 0.00100
f 681 682 683 684
v 2.77662 0.89096 0.00100
v 3.15178 1.25104 0.00100
v 3.10947 1.29337 0.00100
v 2.74833 0.91923 0.00100
f 685 686 687 688
v 2.74833 0.91923 0.00100
v 3.10947 1.29337 0.00100
v 3.06614 1.33373 0.00100
v 2.71846 0.94707 0.00100
f 689 690 691 692
v 2.71846 0.94707 0.00100
v 3.06614 1.33373 0.00100
v 3.02182 1.37221 0.00100
v 2.68718 0.97419 0.00100
f 693 694 695 696
v 2.68718 0.97419 0.00100
v 3.02182 1.37221 0.00100
v 2.97669 1.40896 0.00100
v 2.65471 1.00064 0.00100
f 697 698 699 700
v 2.65471 1.00064 0.00100
v 2.97669 1.40896 0.00100
v 2.93079 1.44400 0.00100
v 2.62121 1.02620 0.00100
f 701 702 703 704
v 2.62121 1.02620 0.00100
v 2.93079 1.44400 0.00100
v 2.88433 1.47742 0.00100
v 2.58647 1.05118 0.00100
f 705 706 707 708
v 2.58647 1.05118 0.00100
v 2.88433 1.47742 0.00100
v 2.83690 1.50961 0.00100
v 2.55110 1.07519 0.00100
f 709 710 711 712
v 2.55110 1.07519 0.00100
v 2.83690 1.50961 0.00100
v 2.78880 1.54027 0.00100
v 2.51480 1.09833 0.00100
f 713 714 715 716
v 2.51480 1.09833 0.00100
v 2.78880 1.54027 0.00100
v 2.74012 1.56962 0.00100
v 2.47788 1.12058 0.00100
f 717 718 719 720
v 2.47788 1.12058 0.00100
v 2.74012 1.56962 0.00100
v 2.69104 1.59738 0.00100
v 2.43996 1.14202 0.00100
f 721 722 723 724
v 2.43996 1.14202 0.00100
v 2.69104 1.59738 0.00100
v 2.64120 1.62416 0.00100
v 2.40160 1.16264 0.00100
f 725 726 727 728
v 2.40160 1.16264 0.00100
v 2.64120 1.62416 0.00100
v 2.59037 1.64964 0.00100
v 2.36303 1.18196 0.00100
f 729 730 731 732
v 2.36303 1.18196 0.00100
v 2.59037 1.64964 0.00100
v 2.53970 1.67352 0.00100
v 2.32330 1.20068 0.00100
f 733 734 735 736
v 2.32330 1.20068 0.00100
v 2.53970 1.67352 0.00100
v 2.48772 1.69659 0.00100
v 2.28388 1.21821 0.00100
f 737 738 739 740
v 2.28388 1.21821 0.00100
v 2.48772 1.69659 0.00100
v 2.43463 1.71827 0.00100
v 2.24437 1.23433 0.00100
f 741 742 743 744
v 2.24437 1.23433 0.00100
v 2.43463 1.71827 0.00100
v 2.38105 1.73853 0.00100
v 2.20435 1.24947 0.00100
f 745 746 747 748
v 2.20435 1.24947 0.00100
v 2.38105 1.73853 0.00100
v 2.32653 1.75732 0.00100
v 2.16427 1.26328 0.00100
f 749 750 751 752
v 2.16427 1.26328 0.00100
v 2.32653 1.75732 0.00100
v 2.27105 1.77464 0.00100
v 2.12435 1.27576 0.00100
f 753 754 755 756
v 2.12435 1.27576 0.00100
v 2.27105 1.77464 0.00100
v 2.21348 1.79051 0.00100
v 2.08552 1.28649 0.00100
f 757 758 759 760
v 2.08552 1.28649 0.00100
v 2.21348 1.79051 0.00100
v 2.14969 1.80516 0.00100
v 2.05191 1.29444 0.00100
f 761 762 763 764
v 2.05191 1.29444 0.00100
v 2.14969 1.80516 0.00100
v 2.07526 1.81619 0.00100
v 2.02734 1.29841 0.00100
f 765 766 767 768
v 2.02734 1.29841 0.00100
v 2.07526 1.81619 0.00100
v 1.99671 1.81896 0.00100
v 2.00609 1.29904 0.00100
f 769 770 771 772
v 2.00609 1.29904 0.00100
v 1.99671 1.81896 0.00100
v 1.92079 1.81368 0.00100
v 1.98221 1.29732 0.00100
f 773 774 775 776
v 1.98221 1.29732 0.00100
v 1.92079 1.81368 0.00100
v 1.84886 1.80167 0.00100
v 1.95554 1.29273 0.00100
f 777 778 779 780
v 1.95554 1.29273 0.00100
v 1.84886 1.80167 0.00100
v 1.78210 1.78495 0.00100
v 1.92530 1.28505 0.00100
f 781 782 783 784
v 1.92530 1.28505 0.00100
v 1.78210 1.78495 0.00100
v 1.72009 1.76503 0.00100
v 1.89231 1.27437 0.00100
f 785 786 787 788
v 1.89231 1.27437 0.00100
v 1.72009 1.76503 0.00100
v 1.66221 1.74305 0.00100
v 1.85659 1.26075 0.00100
f 789 790 791 792
v 1.85659 1.26075 0.00100
v 1.66221 1.74305 0.00100
v 1.60838 1.72015 0.00100
v 1.81842 1.24445 0.00100
f 793 794 795 796
v 1.81842 1.24445 0.00100
v 1.60838 1.72015 0.00100
v 1.55769 1.69699 0.00100
v 1.77811 1.22601 0.00100
f 797 798 799 800
v 1.77811 1.22601 0.00100
v 1.55769 1.69699 0.00100
v 1.50997 1.67414 0.00100
v 1.73563 1.20566 0.00100
f 801 802 803 804
v 1.73563 1.20566 0.00100
v 1.50997 1.67414 0.00100
v 1.46497 1.65234 0.00100
v 1.69063 1.18386 0.00100
f 805 806 807 808
v 1.69063 1.18386 0.00100
v 1.46497 1.65234 0.00100
v 1.42218 1.63184 0.00100
v 1.64322 1.16116 0.00100
f 809 810 811 812
v 1.64322 1.16116 0.00100
v 1.42218 1.63184 0.00100
v 1.38175 1.61321 0.00100
v 1.59285 1.13799 0.00100
f 813 814 815 816
v 1.59285 1.13799 0.00100
v 1.38175 1.61321 0.00100
v 1.34357 1.59684 0.00100
v 1.53903 1.11496 0.00100
f 817 818 819 820
v 1.53903 1.11496 0.00100
v 1.34357 1.59684 0.00100
v 1.30826 1.58324 0.00100
v 1.48094 1.09276 0.00100
f 821 822 823 824
v 1.48094 1.09276 0.00100
v 1.30826 1.58324 0.00100
v 1.27595 1.57280 0.00100
v 1.41805 1.07260 0.00100
f 825 826 827 828
v 1.41805 1.07260 0.00100
v 1.27595 1.57280 0.00100
v 1.24671 1.56549 0.00100
v 1.35029 1.05591 0.00100
f 829 830 831 832
v 1.35029 1.05591 0.00100
v 1.24671 1.56549 0.00100
v 1.22125 1.56130 0.00100
v 1.27695 1.04430 0.00100
f 833 834 835 836
v 1.27695 1.04430 0.00100
v 1.22125 1.56130 0.00100
v 1.19816 1.56000 0.00100
v 1.20024 1.04000 0.00100
f 837 838 839 840
v 1.20024 1.04000 0.00100
v 1.19816 1.56000 0.00100
v 1.17195 1.56141 0.00100
v 1.12665 1.04339 0.00100
f 841 842 843 844
v 1.12665 1.04339 0.00100
v 1.17195 1.56141 0.00100
v 1.14130 1.56535 0.00100
v 1.05810 1.05205 0.00100
f 845 846 847 848
v 1.05810 1.05205 0.00100
v 1.14130 1.56535 0.00100
v 1.10857 1.57186 0.00100
v 0.99263 1.06494 0.00100
f 849 850 851 852
v 0.99263 1.06494 0.00100
v 1.10857 1.57186 0.00100
v 1.07318 1.58112 0.00100
v 0.93122 1.08088 0.00100
f 853 854 855 856
v 0.93122 1.08088 0.00100
v 1.07318 1.58112 0.00100
v 1.03553 1.59272 0.00100
v 0.87327 1.09868 0.00100
f 857 858 859 860
v 0.87327 1.09868 0.00100
v 1.03553 1.59272 0.00100
v 0.99618 1.60650 0.00100
v 0.81822 1.11790 0.00100
f 861 862 863 864
v 0.81822 1.11790 0.00100
v 0.99618 1.60650 0.00100
v 0.95486 1.62217 0.00100
v 0.76614 1.13763 0.00100
f 865 866 867 868
v 0.76614 1.13763 0.00100
v 0.95486 1.62217 0.00100
v 0.91195 1.63934 0.00100
v 0.71605 1.15766 0.00100
f 869 870 871 872
v 0.71605 1.15766 0.00100
v 0.91195 1.63934 0.00100
v 0.86736 1.65778 0.00100
v 0.66824 1.17742 0.00100
f 873 874 875 876
v 0.66824 1.17742 0.00100
v 0.86736 1.65778 0.00100
v 0.82093 1.67708 0.00100
v 0.62227 1.19652 0.00100
f 877 878 879 880
v 0.62227 1.19652 0.00100
v 0.82093 1.67708 0.00100
v 0.77268 1.69692 0.00100
v 0.57812 1.21468 0.00100
f 881 882 883 884
v 0.57812 1.21468 0.00100
v 0.77268 1.69692 0.00100
v 0.72218 1.71689 0.00100
v 0.53562 1.23151 0.00100
f 885 886 887 888
v 0.53562 1.23151 0.00100
v 0.72218 1.71689 0.00100
v 0.66935 1.73659 0.00100
v 0.49465 1.24681 0.00100
f 889 890 891 892
v 0.49465 1.24681 0.00100
v 0.66935 1.73659 0.00100
v 0.61379 1.75548 0.00100
v 0.45561 1.26012 0.00100
f 893 894 895 896
v 0.45561 1.26012 0.00100
v 0.61379 1.75548 0.00100
v 0.55517 1.77295 0.00100
v 0.41843 1.27125 0.00100
f 897 898 899 900
v 0.41843 1.27125 0.00100
v 0.55517 1.77295 0.00100
v 0.49278 1.78831 0.00100
v 0.38362 1.27989 0.00100
f 901 902 903 904
v 0.38362 1.27989 0.00100
v 0.49278 1.78831 0.00100
v 0.42646 1.80039 0.00100
v 0.35154 1.28581 0.00100
f 905 906 907 908
v 0.35154 1.28581 0.00100
v 0.42646 1.80039 0.00100
v 0.35675 1.80791 0.00100
v 0.32185 1.28909 0.00100
f 909 910 911 912
v 0.32185 1.28909 0.00100
v 0.35675 1.80791 0.00100
v 0.28471 1.80976 0.00100
v 0.29409 1.28984 0.00100
f 913 914 915 916
v 0.29409 1.28984 0.00100
v 0.28471 1.80976 0.00100
v 0.21296 1.80534 0.00100
v 0.26604 1.28806 0.00100
f 917 918 919 920
v 0.26604 1.28806 0.00100
v 0.21296 1.80534 0.00100
v 0.14397 1.79549 0.00100
v 0.23603 1.28371 0.00100
f 921 922 923 924
v 0.23603 1.28371 0.00100
v 0.14397 1.79549 0.00100
v 0.07896 1.78146 0.00100
v 0.20324 1.27654 0.00100
f 925 926 927 928
v 0.20324 1.27654 0.00100
v 0.07896 1.78146 0.00100
v 0.01805 1.76469 0.00100
v 0.16775 1.26671 0.00100
f 929 930 931 932
v 0.16775 1.26671 0.00100
v 0.01805 1.76469 0.00100
v -0.03949 1.74599 0.00100
v 0.13009 1.25441 0.00100
f 933 934 935 936
v 0.13009 1.25441 0.00100
v -0.03949 1.74599 0.00100
v -0.09366 1.72626 0.00100
v 0.09046 1.23994 0.00100
f 937 938 939 940
v 0.09046 1.23994 0.00100
v -0.09366 1.72626 0.00100
v -0.14516 1.70604 0.00100
v 0.04876 1.22356 0.00100
f 941 942 943 944
v 0.04876 1.22356 0.00100
v -0.14516 1.70604 0.00100
v -0.19427 1.68585 0.00100
v 0.00547 1.20575 0.00100
f 945 946 947 948
v 0.00547 1.20575 0.00100
v -0.19427 1.68585 0.00100
v -0.24135 1.66604 0.00100
v -0.03965 1.18676 0.00100
f 949 950 951 952
v -0.03965 1.18676 0.00100
v -0.24135 1.66604 0.00100
v -0.28638 1.64709 0.00100
v -0.08682 1.16691 0.00100
f 953 954 955 956
v -0.08682 1.16691 0.00100
v -0.28638 1.64709 0.00100
v -0.32977 1.62928 0.00100
v -0.13603 1.14672 0.00100
f 957 958 959 960
v -0.13603 1.14672 0.00100
v -0.32977 1.62928 0.00100
v -0.37125 1.61297 0.00100
v -0.18775 1.12643 0.00100
f 961 962 963 964
v -0.18775 1.12643 0.00100
v -0.37125 1.61297 0.00100
v -0.41082 1.59865 0.00100
v -0.24218 1.10675 0.00100
f 965 966 967 968
v -0.24218 1.10675 0.00100
v -0.41082 1.59865 0.00100
v -0.44893 1.58627 0.00100
v -0.29907 1.08833 0.00100
f 969 970 971 972
v -0.29907 1.08833 0.00100
v -0.44893 1.58627 0.00100
v -0.48538 1.57611 0.00100
v -0.35902 1.07169 0.00100
f 973 974 975 976
v -0.35902 1.07169 0.00100
v -0.48538 1.57611 0.00100
v -0.51989 1.56836 0.00100
v -0.42211 1.05764 0.00100
f 977 978 979 980
v -0.42211 1.05764 0.00100
v -0.51989 1.56836 0.00100
v -0.55214 1.56316 0.00100
v -0.48866 1.04704 0.00100
f 981 982 983 984
v -0.48866 1.04704 0.00100
v -0.55214 1.56316 0.00100
v -0.58243 1.56051 0.00100
v -0.55797 1.04109 0.00100
f 985 986 987 988
v -0.55797 1.04109 0.00100
v -0.58243 1.56051 0.00100
v -0.61135 1.56025 0.00100
v -0.62905 1.04055 0.00100
f 989 990 991 992
v -0.62905 1.04055 0.00100
v -0.61135 1.56025 0.00100
v -0.64086 1.56256 0.00100
v -0.69914 1.04584 0.00100
f 993 994 995 996
v -0.69914 1.04584 0.00100
v -0.64086 1.56256 0.00100
v -0.67322 1.56745 0.00100
v -0.76578 1.05575 0.00100
f 997 998 999 1000
v -0.76578 1.05575 0.00100
v -0.67322 1.56745 0.00100
v -0.70810 1.57491 0.00100
v -0.82870 1.06909 0.00100
f 1001 1002 1003 1004
v -0.82870 1.06909 0.00100
v -0.70810 1.57491 0.00100
v -0.74558 1.58485 0.00100
v -0.88802 1.08475 0.00100
f 1005 1006 1007 1008
v -0.88802 1.08475 0.00100
v -0.74558 1.58485 0.00100
v -0.78504 1.59693 0.00100
v -0.94416 1.10187 0.00100
f 1009 1010 1011 1012
v -0.94416 1.10187 0.00100
v -0.78504 1.59693 0.00100
v -0.82597 1.61075 0.00100
v -0.99803 1.12005 0.00100
f 1013 1014 1015 1016
v -0.99803 1.12005 0.00100
v -0.82597 1.61075 0.00100
v -0.86848 1.62623 0.00100
v -1.04952 1.13877 0.00100
f 1017 1018 1019 1020
v -1.04952 1.13877 0.00100
v -0.86848 1.62623 0.00100
v -0.91287 1.64306 0.00100
v -1.09853 1.15734 0.00100
f 1021 1022 1023 1024
v -1.09853 1.15734 0.00100
v -0.91287 1.64306 0.00100
v -0.95835 1.66059 0.00100
v -1.14645 1.17581 0.00100
f 1025 1026 1027 1028
v -1.14645 1.17581 0.00100
v -0.95835 1.66059 0.00100
v -1.00495 1.67879 0.00100
v -1.19305 1.19401 0.00100
f 1029 1030 1031 1032
v -1.19305 1.19401 0.00100
v -1.00495 1.67879 0.00100
v -1.05364 1.69756 0.00100
v -1.23776 1.21124 0.00100
f 1033 1034 1035 1036
v -1.23776 1.21124 0.00100
v -1.05364 1.69756 0.00100
v -1.10383 1.71621 0.00100
v -1.28117 1.22739 0.00100
f 1037 1038 1039 1040
v -1.28117 1.22739 0.00100
v -1.10383 1.71621 0.00100
v -1.15600 1.73466 0.00100
v -1.32340 1.24234 0.00100
f 1041 1042 1043 1044
v -1.32340 1.24234 0.00100
v -1.15600 1.73466 0.00100
v -1.21023 1.75234 0.00100
v -1.36417 1.25566 0.00100
f 1045 1046 1047 1048
v -1.36417 1.25566 0.00100
v -1.21023 1.75234 0.00100
v -1.26683 1.76895 0.00100
v -1.40357 1.26725 0.00100
f 1049 1050 1051 1052
v -1.40357 1.26725 0.00100
v -1.26683 1.76895 0.00100
v -1.32622 1.78387 0.00100
v -1.44118 1.27673 0.00100
f 1053 1054 1055 1056
v -1.44118 1.27673 0.00100
v -1.32622 1.78387 0.00100
v -1.38848 1.79641 0.00100
v -1.47692 1.28399 0.00100
f 1057 1058 1059 1060
v -1.47692 1.28399 0.00100
v -1.38848 1.79641 0.00100
v -1.45412 1.80578 0.00100
v -1.51028 1.28882 0.00100
f 1061 1062 1063 1064
v -1.51028 1.28882 0.00100
v -1.45412 1.80578 0.00100
v -1.52273 1.81083 0.00100
v -1.54147 1.29117 0.00100
f 1065 1066 1067 1068
v -1.54147 1.29117 0.00100
v -1.52273 1.81083 0.00100
v -1.59163 1.81072 0.00100
v -1.57237 1.29108 0.00100
f 1069 1070 1071 1072
v -1.57237 1.29108 0.00100
v -1.59163 1.81072 0.00100
v -1.65556 1.80622 0.00100
v -1.60824 1.28838 0.00100
f 1073 1074 1075 1076
v -1.60824 1.28838 0.00100
v -1.65556 1.80622 0.00100
v -1.71382 1.79980 0.00100
v -1.64938 1.28380 0.00100
f 1077 1078 1079 1080
v -1.64938 1.28380 0.00100
v -1.71382 1.79980 0.00100
v -1.77070 1.79188 0.00100
v -1.69170 1.27792 0.00100
f 1081 1082 1083 1084
v -1.69170 1.27792 0.00100
v -1.77070 1.79188 0.00100
v -1.82733 1.78235 0.00100
v -1.73367 1.27085 0.00100
f 1085 1086 1087 1088
v -1.73367 1.27085 0.00100
v -1.82733 1.78235 0.00100
v -1.88334 1.77126 0.00100
v -1.77566 1.26254 0.00100
f 1089 1090 1091 1092
v -1.77566 1.26254 0.00100
v -1.88334 1.77126 0.00100
v -1.93860 1.75881 0.00100
v -1.81800 1.25299 0.00100
f 1093 1094 1095 1096
v -1.81800 1.25299 0.00100
v -1.93860 1.75881 0.00100
v -1.99389 1.74490 0.00100
v -1.85971 1.24250 0.00100
f 1097 1098 1099 1100
v -1.85971 1.24250 0.00100
v -1.99389 1.74490 0.00100
v -2.04873 1.72940 0.00100
v -1.90107 1.23080 0.00100
f 1101 1102 1103 1104
v -1.90107 1.23080 0.00100
v -2.04873 1.72940 0.00100
v -2.10297 1.71260 0.00100
v -1.94243 1.21800 0.00100
f 1105 1106 1107 1108
v -1.94243 1.21800 0.00100
v -2.10297 1.71260 0.00100
v -2.15691 1.69428 0.00100
v -1.98329 1.20412 0.00100
f 1109 1110 1111 1112
v -1.98329 1.20412 0.00100
v -2.15691 1.69428 0.00100
v -2.21037 1.67456 0.00100
v -2.02363 1.18924 0.00100
f 1113 1114 1115 1116
v -2.02363 1.18924 0.00100
v -2.21037 1.67456 0.00100
v -2.26327 1.65335 0.00100
v -2.06353 1.17325 0.00100
f 1117 1118 1119 1120
v -2.06353 1.17325 0.00100
v -2.26327 1.65335 0.00100
v -2.31559 1.63078 0.00100
v -2.10301 1.15622 0.00100
f 1121 1122 1123 1124
v -2.10301 1.15622 0.00100
v -2.31559 1.63078 0.00100
v -2.36753 1.60664 0.00100
v -2.14187 1.13816 0.00100
f 1125 1126 1127 1128
v -2.14187 1.13816 0.00100
v -2.36753 1.60664 0.00100
v -2.41879 1.58107 0.00100
v -2.18001 1.11913 0.00100
f 1129 1130 1131 1132
v -2.18001 1.11913 0.00100
v -2.41879 1.58107 0.00100
v -2.46955 1.55390 0.00100
v -2.21745 1.09910 0.00100
f 1133 1134 1135 1136
v -2.21745 1.09910 0.00100
v -2.46955 1.55390 0.00100
v -2.51971 1.52512 0.00100
v -2.25409 1.07808 0.00100
f 1137 1138 1139 1140
v -2.25409 1.07808 0.00100
v -2.51971 1.52512 0.00100
v -2.56889 1.49488 0.00100
v -2.29011 1.05592 0.00100
f 1141 1142 1143 1144
v -2.29011 1.05592 0.00100
v -2.56889 1.49488 0.00100
v -2.61744 1.46304 0.00100
v -2.32516 1.03296 0.00100
f 1145 1146 1147 1148
v -2.32516 1.03296 0.00100
v -2.61744 1.46304 0.00100
v -2.66536 1.42930 0.00100
v -2.35904 1.00910 0.00100
f 1149 1150 1151 1152
v -2.35904 1.00910 0.00100
v -2.66536 1.42930 0.00100
v -2.71235 1.39384 0.00100
v -2.39185 0.98436 0.00100
f 1153 1154 1155 1156
v -2.39185 0.98436 0.00100
v -2.71235 1.39384 0.00100
v -2.75822 1.35661 0.00100
v -2.42358 0.95859 0.00100
f 1157 1158 1159 1160
v -2.42358 0.95859 0.00100
v -2.75822 1.35661 0.00100
v -2.80254 1.31803 0.00100
v -2.45486 0.93137 0.00100
f 1161 1162 1163 1164
v -2.45486 0.93137 0.00100
v -2.80254 1.31803 0.00100
v -2.84534 1.27828 0.00100
v -2.48526 0.90312 0.00100
f 1165 1166 1167 1168
v -2.48526 0.90312 0.00100
v -2.84534 1.27828 0.00100
v -2.88633 1.23765 0.00100
v -2.51527 0.87335 0.00100
f 1169 1170 1171 1172
v -2.51527 0.87335 0.00100
v -2.88633 1.23765 0.00100
v -2.92538 1.19680 0.00100
v -2.54542 0.84180 0.00100
f 1173 1174 1175 1176
v -2.54542 0.84180 0.00100
v -2.92538 1.19680 0.00100
v -2.96305 1.15555 0.00100
v -2.57515 0.80925 0.00100
f 1177 1178 1179 1180
v -2.57515 0.80925 0.00100
v -2.96305 1.15555 0.00100
v -2.99935 1.11397 0.00100
v -2.60465 0.77543 0.00100
f 1181 1182 1183 1184
v -2.60465 0.77543 0.00100
v -2.99935 1.11397 0.00100
v -3.03487 1.07182 0.00100
v -2.63353 0.74118 0.00100
f 1185 1186 1187 1188
v -2.63353 0.74118 0.00100
v -3.03487 1.07182 0.00100
v -3.06941 1.02894 0.00100
v -2.66179 0.70606 0.00100
f 1189 1190 1191 1192
v -2.66179 0.70606 0.00100
v -3.06941 1.02894 0.00100
v -3.10273 0.98617 0.00100
v -2.68987 0.67003 0.00100
f 1193 1194 1195 1196
v -2.68987 0.67003 0.00100
v -3.10273 0.98617 0.00100
v -3.13539 0.94277 0.00100
v -2.71741 0.63343 0.00100
f 1197 1198 1199 1200
v -2.71741 0.63343 0.00100
v -3.13539 0.94277 0.00100
v -3.16734 0.89887 0.00100
v -2.74426 0.59653 0.00100
f 1201 1202 1203 1204
v -2.74426 0.59653 0.00100
v -3.16734 0.89887 0.00100
v -3.19849 0.85448 0.00100
v -2.77051 0.55912 0.00100
f 1205 1206 1207 1208
v -2.77051 0.55912 0.00100
v -3.19849 0.85448 0.00100
v -3.22877 0.80986 0.00100
v -2.79643 0.52094 0.00100
f 1209 1210 1211 1212
v -2.79643 0.52094 0.00100
v -3.22877 0.80986 0.00100
v -3.25853 0.76463 0.00100
v -2.82167 0.48257 0.00100
f 1213 1214 1215 1216
v -2.82167 0.48257 0.00100
v -3.25853 0.76463 0.00100
v -3.28757 0.71880 0.00100
v -2.84623 0.44380 0.00100
f 1217 1218 1219 1220
v -2.84623 0.44380 0.00100
v -3.28757 0.71880 0.00100
v -3.31586 0.67262 0.00100
v -2.87014 0.40478 0.00100
f 1221 1222 1223 1224
v -2.87014 0.40478 0.00100
v -3.31586 0.67262 0.00100
v -3.34345 0.62580 0.00100
v -2.89335 0.36540 0.00100
f 1225 1226 1227 1228
v -2.89335 0.36540 0.00100
v -3.34345 0.62580 0.00100
v -3.37044 0.57826 0.00100
v -2.91576 0.32594 0.00100
f 1229 1230 1231 1232
v -2.91576 0.32594 0.00100
v -3.37044 0.57826 0.00100
v -3.39652 0.53016 0.00100
v -2.93728 0.28624 0.00100
f 1233 1234 1235 1236
v -2.93728 0.28624 0.00100
v -3.39652 0.53016 0.00100
v -3.42198 0.48122 0.00100
v -2.95802 0.24638 0.00100
f 1237 1238 1239 1240
v -2.95802 0.24638 0.00100
v -3.42198 0.48122 0.00100
v -3.44659 0.43121 0.00100
v -2.97761 0.20659 0.00100
f 1241 1242 1243 1244
v -2.97761 0.20659 0.00100
v -3.44659 0.43121 0.00100
v -3.47034 0.38021 0.00100
v -2.99606 0.16699 0.00100
f 1245 1246 1247 1248
v -2.99606 0.16699 0.00100
v -3.47034 0.38021 0.00100
v -3.49306 0.32779 0.00100
v -3.01314 0.12761 0.00100
f 1249 1250 1251 1252
v -3.01314 0.12761 0.00100
v -3.49306 0.32779 0.00100
v -3.51456 0.27413 0.00100
v -3.02884 0.08847 0.00100
f 1253 1254 1255 1256
v -3.02884 0.08847 0.00100
v -3.51456 0.27413 0.00100
v -3.53496 0.21800 0.00100
v -3.04264 0.05060 0.00100
f 1257 1258 1259 1260
v -3.04264 0.05060 0.00100
v -3.53496 0.21800 0.00100
v -3.55380 0.15837 0.00100
v -3.05400 0.01483 0.00100
f 1261 1262 1263 1264
v -3.05400 0.01483 0.00100
v -3.55380 0.15837 0.00100
v -3.56990 0.09598 0.00100
v -3.06290 -0.01958 0.00100
f 1265 1266 1267 1268
v -3.06290 -0.01958 0.00100
v -3.56990 0.09598 0.00100
v -3.58248 0.03241 0.00100
v -3.06972 -0.05401 0.00100
f 1269 1270 1271 1272
v -3.06972 -0.05401 0.00100
v -3.58248 0.03241 0.00100
v -3.59142 -0.03170 0.00100
v -3.07458 -0.08890 0.00100
f 1273 1274 1275 1276
v -3.07458 -0.08890 0.00100
v -3.59142 -0.03170 0.00100
v -3.59671 -0.09591 0.00100
v -3.07749 -0.12449 0.00100
f 1277 1278 1279 1280
v -3.07749 -0.12449 0.00100
v -3.59671 -0.09591 0.00100
v -3.59850 -0.15942 0.00100
v -3.07850 -0.16098 0.00100
f 1281 1282 1283 1284
v -3.07850 -0.16098 0.00100
v -3.59850 -0.15942 0.00100
v -3.59714 -0.22190 0.00100
v -3.07766 -0.19850 0.00100
f 1285 1286 1287 1288
v -3.07766 -0.19850 0.00100
v -3.59714 -0.22190 0.00100
v -3.59294 -0.28352 0.00100
v -3.07506 -0.23668 0.00100
f 1289 1290 1291 1292
v -3.07506 -0.23668 0.00100
v -3.59294 -0.28352 0.00100
v -3.58616 -0.34377 0.00100
v -3.07064 -0.27563 0.00100
f 1293 1294 1295 1296
v -3.07064 -0.27563 0.00100
v -3.58616 -0.34377 0.00100
v -3.57725 -0.40262 0.00100
v -3.06455 -0.31578 0.00100
f 1297 1298 1299 1300
v -3.06455 -0.31578 0.00100
v -3.57725 -0.40262 0.00100
v -3.56650 -0.46004 0.00100
v -3.05690 -0.35656 0.00100
f 1301 1302 1303 1304
v -3.05690 -0.35656 0.00100
v -3.56650 -0.46004 0.00100
v -3.55421 -0.51621 0.00100
v -3.04779 -0.39819 0.00100
f 1305 1306 1307 1308
v -3.04779 -0.39819 0.00100
v -3.55421 -0.51621 0.00100
v -3.54068 -0.57096 0.00100
v -3.03732 -0.44044 0.00100
f 1309 1310 1311 1312
v -3.03732 -0.44044 0.00100
v -3.54068 -0.57096 0.00100
v -3.52625 -0.62419 0.00100
v -3.02555 -0.48381 0.00100
f 1313 1314 1315 1316
v -3.02555 -0.48381 0.00100
v -3.52625 -0.62419 0.00100
v -3.51130 -0.67583 0.00100
v -3.01270 -0.52817 0.00100
f 1317 1318 1319 1320
v -3.01270 -0.52817 0.00100
v -3.51130 -0.67583 0.00100
v -3.49594 -0.72656 0.00100
v -2.99906 -0.57324 0.00100
f 1321 1322 1323 1324
v -2.99906 -0.57324 0.00100
v -3.49594 -0.72656 0.00100
v -3.48038 -0.77607 0.00100
v -2.98462 -0.61913 0.00100
f 1325 1326 1327 1328
v -2.98462 -0.61913 0.00100
v -3.48038 -0.77607 0.00100
v -3.46508 -0.82408 0.00100
v -2.96952 -0.66652 0.00100
f 1329 1330 1331 1332
v -2.96952 -0.66652 0.00100
v -3.46508 -0.82408 0.00100
v -3.45062 -0.86964 0.00100
v -2.95378 -0.71616 0.00100
f 1333 1334 1335 1336
v -2.95378 -0.71616 0.00100
v -3.45062 -0.86964 0.00100
v -3.43772 -0.91250 0.00100
v -2.93788 -0.76910 0.00100
f 1337 1338 1339 1340
v -2.93788 -0.76910 0.00100
v -3.43772 -0.91250 0.00100
v -3.42581 -0.95612 0.00100
v -2.92339 -0.82208 0.00100
f 1341 1342 1343 1344
v -2.92339 -0.82208 0.00100
v -3.42581 -0.95612 0.00100
v -3.41374 -1.00252 0.00100
v -2.91026 -0.87248 0.00100
f 1345 1346 1347 1348
v -2.91026 -0.87248 0.00100
v -3.41374 -1.00252 0.00100
v -3.40128 -1.05116 0.00100
v -2.89792 -0.92064 0.00100
f 1349 1350 1351 1352
v -2.89792 -0.92064 0.00100
v -3.40128 -1.05116 0.00100
v -3.38790 -1.10212 0.00100
v -2.88590 -0.96648 0.00100
f 1353 1354 1355 1356
v -2.88590 -0.96648 0.00100
v -3.38790 -1.10212 0.00100
v -3.37303 -1.15554 0.00100
v -2.87397 -1.00946 0.00100
f 1357 1358 1359 1360
v -2.87397 -1.00946 0.00100
v -3.37303 -1.15554 0.00100
v -3.35590 -1.21119 0.00100
v -2.86170 -1.04941 0.00100
f 1361 1362 1363 1364
v -2.86170 -1.04941 0.00100
v -3.35590 -1.21119 0.00100
v -3.33593 -1.26856 0.00100
v -2.84887 -1.08644 0.00100
f 1365 1366 1367 1368
v -2.84887 -1.08644 0.00100
v -3.33593 -1.26856 0.00100
v -3.31184 -1.32848 0.00100
v -2.83576 -1.11932 0.00100
f 1369 1370 1371 1372
v -2.83576 -1.11932 0.00100
v -3.31184 -1.32848 0.00100
v -3.28236 -1.38993 0.00100
v -2.82204 -1.14807 0.00100
f 1373 1374 1375 1376
v -2.82204 -1.14807 0.00100
v -3.28236 -1.38993 0.00100
v -3.24671 -1.45190 0.00100
v -2.80789 -1.17290 0.00100
f 1377 1378 1379 1380
v -2.80789 -1.17290 0.00100
v -3.24671 -1.45190 0.00100
v -3.20359 -1.51323 0.00100
v -2.79361 -1.19337 0.00100
f 1381 1382 1383 1384
v -2.79361 -1.19337 0.00100
v -3.20359 -1.51323 0.00100
v -3.15272 -1.57193 0.00100
v -2.77908 -1.21027 0.00100
f 1385 1386 1387 1388
v -2.77908 -1.21027 0.00100
v -3.15272 -1.57193 0.00100
v -3.09462 -1.62559 0.00100
v -2.76378 -1.22441 0.00100
f 1389 1390 1391 1392
v -2.76378 -1.22441 0.00100
v -3.09462 -1.62559 0.00100
v -3.03107 -1.67229 0.00100
v -2.74673 -1.23691 0.00100
f 1393 1394 1395 1396
v -2.74673 -1.23691 0.00100
v -3.03107 -1.67229 0.00100
v -2.96385 -1.71115 0.00100
v -2.72735 -1.24805 0.00100
f 1397 1398 1399 1400
v -2.72735 -1.24805 0.00100
v -2.96385 -1.71115 0.00100
v -2.89431 -1.74229 0.00100
v -2.70569 -1.25771 0.00100
f 1401 1402 1403 1404
usemtl line
o line
v -2.70387 -1.25305 0.00300
v -2.70750 -1.26237 0.00300
v -2.68214 -1.27073 0.00300
v -2.67938 -1.26112 0.00300
f 1405 1406 1407 1408
v -2.67938 -1.26112 0.00300
v -2.68214 -1.27073 0.00300
v -2.65174 -1.27801 0.00300
v -2.64969 -1.26823 0.00300
f 1409 1410 1411 1412
v -2.64969 -1.26823 0.00300
v -2.65174 -1.27801 0.00300
v -2.61646 -1.28418 0.00300
v -2.61496 -1.27430 0.00300
f 1413 1414 1415 1416
v -2.61496 -1.27430 0.00300
v -2.61646 -1.28418 0.00300
v -2.57756 -1.28909 0.00300
v -2.57648 -1.27915 0.00300
f 1417 1418 1419 1420
v -2.57648 -1.27915 0.00300
v -2.57756 -1.28909 0.00300
v -2.53693 -1.29276 0.00300
v -2.53621 -1.28279 0.00300
f 1421 1422 1423 1424
v -2.53621 -1.28279 0.00300
v -2.53693 -1.29276 0.00300
v -2.49443 -1.29504 0.00300
v -2.49400 -1.28505 0.00300
f 1425 1426 1427 1428
v -2.49400 -1.28505 0.00300
v -2.49443 -1.29504 0.00300
v -2.45030 -1.29645 0.00300
v -2.45010 -1.28645 0.00300
f 1429 1430 1431 1432
v -2.45010 -1.28645 0.00300
v -2.45030 -1.29645 0.00300
v -2.40540 -1.29680 0.00300
v -2.40540 -1.28680 0.00300
f 1433 1434 1435 1436
v -2.40540 -1.28680 0.00300
v -2.40540 -1.29680 0.00300
v -2.35948 -1.29643 0.00300
v -2.35964 -1.28643 0.00300
f 1437 1438 1439 1440
v -2.35964 -1.28643 0.00300
v -2.35948 -1.29643 0.00300
v -2.31305 -1.29531 0.00300
v -2.31335 -1.28532 0.00300
f 1441 1442 1443 1444
v -2.31335 -1.28532 0.00300
v -2.31305 -1.29531 0.00300
v -2.26586 -1.29361 0.00300
v -2.26627 -1.28362 0.00300
f 1445 1446 1447 1448
v -2.26627 -1.28362 0.00300
v -2.26586 -1.29361 0.00300
v -2.21850 -1.29143 0.00300
v -2.21901 -1.28144 0.00300
f 1449 1450 1451 1452
v -2.21901 -1.28144 0.00300
v -2.21850 -1.29143 0.00300
v -2.17028 -1.28873 0.00300
v -2.17086 -1.27875 0.00300
f 1453 1454 1455 1456
v -2.17086 -1.27875 0.00300
v -2.17028 -1.28873 0.00300
v -2.12192 -1.28582 0.00300
v -2.12256 -1.27584 0.00300
f 1457 1458 1459 1460
v -2.12256 -1.27584 0.00300
v -2.12192 -1.28582 0.00300
v -2.07329 -1.28251 0.00300
v -2.07398 -1.27253 0.00300
f 1461 1462 1463 1464
v -2.07398 -1.27253 0.00300
v -2.07329 -1.28251 0.00300
v -2.02390 -1.27904 0.00300
v -2.02461 -1.26907 0.00300
f 1465 1466 1467 1468
v -2.02461 -1.26907 0.00300
v -2.02390 -1.27904 0.00300
v -1.97452 -1.27548 0.00300
v -1.97525 -1.26551 0.00300
f 1469 1470 1471 1472
v -1.97525 -1.26551 0.00300
v -1.97452 -1.27548 0.00300
v -1.92497 -1.27180 0.00300
v -1.92572 -1.26183 0.00300
f 1473 1474 1475 1476
v -1.92572 -1.26183 0.00300
v -1.92497 -1.27180 0.00300
v -1.87480 -1.26808 0.00300
v -1.87553 -1.25811 0.00300
f 1477 1478 1479 1480
v -1.87553 -1.25811 0.00300
v -1.87480 -1.26808 0.00300
v -1.82465 -1.26446 0.00300
v -1.82537 -1.25449 0.00300
f 1481 1482 1483 1484
v -1.82537 -1.25449 0.00300
v -1.82465 -1.26446 0.00300
v -1.77399 -1.26081 0.00300
v -1.77468 -1.25083 0.00300
f 1485 1486 1487 1488
v -1.77468 -1.25083 0.00300
v -1.77399 -1.26081 0.00300
v -1.72282 -1.25742 0.00300
v -1.72346 -1.24744 0.00300
f 1489 1490 1491 1492
v -1.72346 -1.24744 0.00300
v -1.72282 -1.25742 0.00300
v -1.67165 -1.25424 0.00300
v -1.67224 -1.24426 0.00300
f 1493 1494 1495 1496
v -1.67224 -1.24426 0.00300
v -1.67165 -1.25424 0.00300
v -1.61970 -1.25133 0.00300
v -1.62021 -1.24134 0.00300
f 1497 1498 1499 1500
v -1.62021 -1.24134 0.00300
v -1.61970 -1.25133 0.00300
v -1.56740 -1.24892 0.00300
v -1.56782 -1.23893 0.00300
f 1501 1502 1503 1504
v -1.56782 -1.23893 0.00300
v -1.56740 -1.24892 0.00300
v -1.51460 -1.24692 0.00300
v -1.51491 -1.23693 0.00300
f 1505 1506 1507 1508
v -1.51491 -1.23693 0.00300
v -1.51460 -1.24692 0.00300
v -1.46129 -1.24564 0.00300
v -1.46147 -1.23564 0.00300
f 1509 1510 1511 1512
v -1.46147 -1.23564 0.00300
v -1.46129 -1.24564 0.00300
v -1.40823 -1.24500 0.00300
v -1.40829 -1.23500 0.00300
f 1513 1514 1515 1516
v -1.40829 -1.23500 0.00300
v -1.40823 -1.24500 0.00300
v -1.35670 -1.24500 0.00300
v -1.35670 -1.23500 0.00300
f 1517 1518 1519 1520
v -1.35670 -1.23500 0.00300
v -1.35670 -1.24500 0.00300
v -1.30670 -1.24500 0.00300
v -1.30670 -1.23500 0.00300
f 1521 1522 1523 1524
v -1.30670 -1.23500 0.00300
v -1.30670 -1.24500 0.00300
v -1.25670 -1.24500 0.00300
v -1.25670 -1.23500 0.00300
f 1525 1526 1527 1528
v -1.25670 -1.23500 0.00300
v -1.25670 -1.24500 0.00300
v -1.20670 -1.24500 0.00300
v -1.20670 -1.23500 0.00300
f 1529 1530 1531 1532
v -1.20670 -1.23500 0.00300
v -1.20670 -1.24500 0.00300
v -1.15670 -1.24500 0.00300
v -1.15670 -1.23500 0.00300
f 1533 1534 1535 1536
v -1.15670 -1.23500 0.00300
v -1.15670 -1.24500 0.00300
v -1.10670 -1.24500 0.00300
v -1.10670 -1.23500 0.00300
f 1537 1538 1539 1540
v -1.10670 -1.23500 0.00300
v -1.10670 -1.24500 0.00300
v -1.05670 -1.24500 0.00300
v -1.05670 -1.23500 0.00300
f 1541 1542 1543 1544
v -1.05670 -1.23500 0.00300
v -1.05670 -1.24500 0.00300
v -1.00660 -1.24500 0.00300
v -1.00660 -1.23500 0.00300
f 1545 1546 1547 1548
v -1.00660 -1.23500 0.00300
v -1.00660 -1.24500 0.00300
v -0.95660 -1.24500 0.00300
v -0.95660 -1.23500 0.00300
f 1549 1550 1551 1552
v -0.95660 -1.23500 0.00300
v -0.95660 -1.24500 0.00300
v -0.90660 -1.24500 0.00300
v -0.90660 -1.23500 0.00300
f 1553 1554 1555 1556
v -0.90660 -1.23500 0.00300
v -0.90660 -1.24500 0.00300
v -0.85660 -1.24500 0.00300
v -0.85660 -1.23500 0.00300
f 1557 1558 1559 1560
v -0.85660 -1.23500 0.00300
v -0.85660 -1.24500 0.00300
v -0.80660 -1.24500 0.00300
v -0.80660 -1.23500 0.00300
f 1561 1562 1563 1564
v -0.80660 -1.23500 0.00300
v -0.80660 -1.24500 0.00300
v -0.75660 -1.24500 0.00300
v -0.75660 -1.23500 0.00300
f 1565 1566 1567 1568
v -0.75660 -1.23500 0.00300
v -0.75660 -1.24500 0.00300
v -0.70660 -1.24500 0.00300
v -0.70660 -1.23500 0.00300
f 1569 1570 1571 1572
v -0.70660 -1.23500 0.00300
v -0.70660 -1.24500 0.00300
v -0.65660 -1.24500 0.00300
v -0.65660 -1.23500 0.00300
f 1573 1574 1575 1576
v -0.65660 -1.23500 0.00300
v -0.65660 -1.24500 0.00300
v -0.60660 -1.24500 0.00300
v -0.60660 -1.23500 0.00300
f 1577 1578 1579 1580
v -0.60660 -1.23500 0.00300
v -0.60660 -1.24500 0.00300
v -0.55650 -1.24500 0.00300
v -0.55650 -1.23500 0.00300
f 1581 1582 1583 1584
v -0.55650 -1.23500 0.00300
v -0.55650 -1.24500 0.00300
v -0.50650 -1.24500 0.00300
v -0.50650 -1.23500 0.00300
f 1585 1586 1587 1588
v -0.50650 -1.23500 0.00300
v -0.50650 -1.24500 0.00300
v -0.45650 -1.24500 0.00300
v -0.45650 -1.23500 0.00300
f 1589 1590 1591 1592
v -0.45650 -1.23500 0.00300
v -0.45650 -1.24500 0.00300
v -0.40650 -1.24500 0.00300
v -0.40650 -1.23500 0.00300
f 1593 1594 1595 1596
v -0.40650 -1.23500 0.00300
v -0.40650 -1.24500 0.00300
v -0.35650 -1.24500 0.00300
v -0.35650 -1.23500 0.00300
f 1597 1598 1599 1600
v -0.35650 -1.23500 0.00300
v -0.35650 -1.24500 0.00300
v -0.30650 -1.24500 0.00300
v -0.30650 -1.23500 0.00300
f 1601 1602 1603 1604
v -0.30650 -1.23500 0.00300
v -0.30650 -1.24500 0.00300
v -0.25650 -1.24500 0.00300
v -0.25650 -1.23500 0.00300
f 1605 1606 1607 1608
v -0.25650 -1.23500 0.00300
v -0.25650 -1.24500 0.00300
v -0.20650 -1.24500 0.00300
v -0.20650 -1.23500 0.00300
f 1609 1610 1611 1612
v -0.20650 -1.23500 0.00300
v -0.20650 -1.24500 0.00300
v -0.15650 -1.24500 0.00300
v -0.15650 -1.23500 0.00300
f 1613 1614 1615 1616
v -0.15650 -1.23500 0.00300
v -0.15650 -1.24500 0.00300
v -0.10640 -1.24500 0.00300
v -0.10640 -1.23500 0.00300
f 1617 1618 1619 1620
v -0.10640 -1.23500 0.00300
v -0.10640 -1.24500 0.00300
v -0.05640 -1.24500 0.00300
v -0.05640 -1.23500 0.00300
f 1621 1622 1623 1624
v -0.05640 -1.23500 0.00300
v -0.05640 -1.24500 0.00300
v -0.00640 -1.24500 0.00300
v -0.00640 -1.23500 0.00300
f 1625 1626 1627 1628
v -0.00640 -1.23500 0.00300
v -0.00640 -1.24500 0.00300
v 0.04360 -1.24500 0.00300
v 0.04360 -1.23500 0.00300
f 1629 1630 1631 1632
v 0.04360 -1.23500 0.00300
v 0.04360 -1.24500 0.00300
v 0.09360 -1.24500 0.00300
v 0.09360 -1.23500 0.00300
f 1633 1634 1635 1636
v 0.09360 -1.23500 0.00300
v 0.09360 -1.24500 0.00300
v 0.14360 -1.24500 0.00300
v 0.14360 -1.23500 0.00300
f 1637 1638 1639 1640
v 0.14360 -1.23500 0.00300
v 0.14360 -1.24500 0.00300
v 0.19360 -1.24500 0.00300
v 0.19360 -1.23500 0.00300
f 1641 1642 1643 1644
v 0.19360 -1.23500 0.00300
v 0.19360 -1.24500 0.00300
v 0.24360 -1.24500 0.00300
v 0.24360 -1.23500 0.00300
f 1645 1646 1647 1648
v 0.24360 -1.23500 0.00300
v 0.24360 -1.24500 0.00300
v 0.29360 -1.24500 0.00300
v 0.29360 -1.23500 0.00300
f 1649 1650 1651 1652
v 0.29360 -1.23500 0.00300
v 0.29360 -1.24500 0.00300
v 0.34370 -1.24500 0.00300
v 0.34370 -1.23500 0.00300
f 1653 1654 1655 1656
v 0.34370 -1.23500 0.00300
v 0.34370 -1.24500 0.00300
v 0.39370 -1.24500 0.00300
v 0.39370 -1.23500 0.00300
f 1657 1658 1659 1660
v 0.39370 -1.23500 0.00300
v 0.39370 -1.24500 0.00300
v 0.44370 -1.24500 0.00300
v 0.44370 -1.23500 0.00300
f 1661 1662 1663 1664
v 0.44370 -1.23500 0.00300
v 0.44370 -1.24500 0.00300
v 0.49370 -1.24500 0.00300
v 0.49370 -1.23500 0.00300
f 1665 1666 1667 1668
v 0.49370 -1.23500 0.00300
v 0.49370 -1.24500 0.00300
v 0.54370 -1.24500 0.00300
v 0.54370 -1.23500 0.00300
f 1669 1670 1671 1672
v 0.54370 -1.23500 0.00300
v 0.54370 -1.24500 0.00300
v 0.59370 -1.24500 0.00300
v 0.59370 -1.23500 0.00300
f 1673 1674 1675 1676
v 0.59370 -1.23500 0.00300
v 0.59370 -1.24500 0.00300
v 0.64370 -1.24500 0.00300
v 0.64370 -1.23500 0.00300
f 1677 1678 1679 1680
v 0.64370 -1.23500 0.00300
v 0.64370 -1.24500 0.00300
v 0.69370 -1.24500 0.00300
v 0.69370 -1.23500 0.00300
f 1681 1682 1683 1684
v 0.69370 -1.23500 0.00300
v 0.69370 -1.24500 0.00300
v 0.74370 -1.24500 0.00300
v 0.74370 -1.23500 0.00300
f 1685 1686 1687 1688
v 0.74370 -1.23500 0.00300
v 0.74370 -1.24500 0.00300
v 0.79380 -1.24500 0.00300
v 0.79380 -1.23500 0.00300
f 1689 1690 1691 1692
v 0.79380 -1.23500 0.00300
v 0.79380 -1.24500 0.00300
v 0.84380 -1.24500 0.00300
v 0.84380 -1.23500 0.00300
f 1693 1694 1695 1696
v 0.84380 -1.23500 0.00300
v 0.84380 -1.24500 0.00300
v 0.89380 -1.24500 0.00300
v 0.89380 -1.23500 0.00300
f 1697 1698 1699 1700
v 0.89380 -1.23500 0.00300
v 0.89380 -1.24500 0.00300
v 0.94380 -1.24500 0.00300
v 0.94380 -1.23500 0.00300
f 1701 1702 1703 1704
v 0.94380 -1.23500 0.00300
v 0.94380 -1.24500 0.00300
v 0.99380 -1.24500 0.00300
v 0.99380 -1.23500 0.00300
f 1705 1706 1707 1708
v 0.99380 -1.23500 0.00300
v 0.99380 -1.24500 0.00300
v 1.04380 -1.24500 0.00300
v 1.04380 -1.23500 0.00300
f 1709 1710 1711 1712
v 1.04380 -1.23500 0.00300
v 1.04380 -1.24500 0.00300
v 1.09380 -1.24500 0.00300
v 1.09380 -1.23500 0.00300
f 1713 1714 1715 1716
v 1.09380 -1.23500 0.00300
v 1.09380 -1.24500 0.00300
v 1.14380 -1.24500 0.00300
v 1.14380 -1.23500 0.00300
f 1717 1718 1719 1720
v 1.14380 -1.23500 0.00300
v 1.14380 -1.24500 0.00300
v 1.19380 -1.24500 0.00300
v 1.19380 -1.23500 0.00300
f 1721 1722 1723 1724
v 1.19380 -1.23500 0.00300
v 1.19380 -1.24500 0.00300
v 1.24390 -1.24500 0.00300
v 1.24390 -1.23500 0.00300
f 1725 1726 1727 1728
v 1.24390 -1.23500 0.00300
v 1.24390 -1.24500 0.00300
v 1.29390 -1.24500 0.00300
v 1.29390 -1.23500 0.00300
f 1729 1730 1731 1732
v 1.29390 -1.23500 0.00300
v 1.29390 -1.24500 0.00300
v 1.34390 -1.24500 0.00300
v 1.34390 -1.23500 0.00300
f 1733 1734 1735 1736
v 1.34390 -1.23500 0.00300
v 1.34390 -1.24500 0.00300
v 1.39517 -1.24500 0.00300
v 1.39522 -1.23500 0.00300
f 1737 1738 1739 1740
v 1.39522 -1.23500 0.00300
v 1.39517 -1.24500 0.00300
v 1.44925 -1.24556 0.00300
v 1.44946 -1.23556 0.00300
f 1741 1742 1743 1744
v 1.44946 -1.23556 0.00300
v 1.44925 -1.24556 0.00300
v 1.50410 -1.24730 0.00300
v 1.50450 -1.23731 0.00300
f 1745 1746 1747 1748
v 1.50450 -1.23731 0.00300
v 1.50410 -1.24730 0.00300
v 1.55834 -1.24991 0.00300
v 1.55891 -1.23993 0.00300
f 1749 1750 1751 1752
v 1.55891 -1.23993 0.00300
v 1.55834 -1.24991 0.00300
v 1.61205 -1.25346 0.00300
v 1.61277 -1.24349 0.00300
f 1753 1754 1755 1756
v 1.61277 -1.24349 0.00300
v 1.61205 -1.25346 0.00300
v 1.66476 -1.25758 0.00300
v 1.66559 -1.24761 0.00300
f 1757 1758 1759 1760
v 1.66559 -1.24761 0.00300
v 1.66476 -1.25758 0.00300
v 1.71685 -1.26218 0.00300
v 1.71777 -1.25222 0.00300
f 1761 1762 1763 1764
v 1.71777 -1.25222 0.00300
v 1.71685 -1.26218 0.00300
v 1.76845 -1.26715 0.00300
v 1.76944 -1.25720 0.00300
f 1765 1766 1767 1768
v 1.76944 -1.25720 0.00300
v 1.76845 -1.26715 0.00300
v 1.81916 -1.27236 0.00300
v 1.82019 -1.26241 0.00300
f 1769 1770 1771 1772
v 1.82019 -1.26241 0.00300
v 1.81916 -1.27236 0.00300
v 1.86971 -1.27763 0.00300
v 1.87077 -1.26769 0.00300
f 1773 1774 1775 1776
v 1.87077 -1.26769 0.00300
v 1.86971 -1.27763 0.00300
v 1.91994 -1.28309 0.00300
v 1.92102 -1.27315 0.00300
f 1777 1778 1779 1780
v 1.92102 -1.27315 0.00300
v 1.91994 -1.28309 0.00300
v 1.96939 -1.28846 0.00300
v 1.97046 -1.27852 0.00300
f 1781 1782 1783 1784
v 1.97046 -1.27852 0.00300
v 1.96939 -1.28846 0.00300
v 2.01831 -1.29368 0.00300
v 2.01935 -1.28374 0.00300
f 1785 1786 1787 1788
v 2.01935 -1.28374 0.00300
v 2.01831 -1.29368 0.00300
v 2.06707 -1.29868 0.00300
v 2.06807 -1.28873 0.00300
f 1789 1790 1791 1792
v 2.06807 -1.28873 0.00300
v 2.06707 -1.29868 0.00300
v 2.11511 -1.30340 0.00300
v 2.11604 -1.29345 0.00300
f 1793 1794 1795 1796
v 2.11604 -1.29345 0.00300
v 2.11511 -1.30340 0.00300
v 2.16263 -1.30760 0.00300
v 2.16347 -1.29764 0.00300
f 1797 1798 1799 1800
v 2.16347 -1.29764 0.00300
v 2.16263 -1.30760 0.00300
v 2.20962 -1.31138 0.00300
v 2.21035 -1.30141 0.00300
f 1801 1802 1803 1804
v 2.21035 -1.30141 0.00300
v 2.20962 -1.31138 0.00300
v 2.25619 -1.31446 0.00300
v 2.25679 -1.30448 0.00300
f 1805 1806 1807 1808
v 2.25679 -1.30448 0.00300
v 2.25619 -1.31446 0.00300
v 2.30211 -1.31695 0.00300
v 2.30255 -1.30696 0.00300
f 1809 1810 1811 1812
v 2.30255 -1.30696 0.00300
v 2.30211 -1.31695 0.00300
v 2.34676 -1.31847 0.00300
v 2.34699 -1.30847 0.00300
f 1813 1814 1815 1816
v 2.34699 -1.30847 0.00300
v 2.34676 -1.31847 0.00300
v 2.39090 -1.31900 0.00300
v 2.39090 -1.30900 0.00300
f 1817 1818 1819 1820
v 2.39090 -1.30900 0.00300
v 2.39090 -1.31900 0.00300
v 2.43376 -1.31850 0.00300
v 2.43348 -1.30850 0.00300
f 1821 1822 1823 1824
v 2.43348 -1.30850 0.00300
v 2.43376 -1.31850 0.00300
v 2.47550 -1.31666 0.00300
v 2.47490 -1.30668 0.00300
f 1825 1826 1827 1828
v 2.47490 -1.30668 0.00300
v 2.47550 -1.31666 0.00300
v 2.51545 -1.31365 0.00300
v 2.51446 -1.30370 0.00300
f 1829 1830 1831 1832
v 2.51446 -1.30370 0.00300
v 2.51545 -1.31365 0.00300
v 2.55331 -1.30900 0.00300
v 2.55186 -1.29910 0.00300
f 1833 1834 1835 1836
v 2.55186 -1.29910 0.00300
v 2.55331 -1.30900 0.00300
v 2.58910 -1.30295 0.00300
v 2.58712 -1.29315 0.00300
f 1837 1838 1839 1840
v 2.58712 -1.29315 0.00300
v 2.58910 -1.30295 0.00300
v 2.62149 -1.29541 0.00300
v 2.61887 -1.28576 0.00300
f 1841 1842 1843 1844
v 2.61887 -1.28576 0.00300
v 2.62149 -1.29541 0.00300
v 2.65111 -1.28628 0.00300
v 2.64778 -1.27685 0.00300
f 1845 1846 1847 1848
v 2.64778 -1.27685 0.00300
v 2.65111 -1.28628 0.00300
v 2.67775 -1.27571 0.00300
v 2.67364 -1.26659 0.00300
f 1849 1850 1851 1852
v 2.67364 -1.26659 0.00300
v 2.67775 -1.27571 0.00300
v 2.70406 -1.26235 0.00300
v 2.69924 -1.25359 0.00300
f 1853 1854 1855 1856
v 2.69924 -1.25359 0.00300
v 2.70406 -1.26235 0.00300
v 2.73204 -1.24554 0.00300
v 2.72663 -1.23713 0.00300
f 1857 1858 1859 1860
v 2.72663 -1.23713 0.00300
v 2.73204 -1.24554 0.00300
v 2.76025 -1.22608 0.00300
v 2.75433 -1.21802 0.00300
f 1861 1862 1863 1864
v 2.75433 -1.21802 0.00300
v 2.76025 -1.22608 0.00300
v 2.78806 -1.20432 0.00300
v 2.78168 -1.19661 0.00300
f 1865 1866 1867 1868
v 2.78168 -1.19661 0.00300
v 2.78806 -1.20432 0.00300
v 2.81517 -1.18058 0.00300
v 2.80839 -1.17324 0.00300
f 1869 1870 1871 1872
v 2.80839 -1.17324 0.00300
v 2.81517 -1.18058 0.00300
v 2.84153 -1.15487 0.00300
v 2.83438 -1.14788 0.00300
f 1873 1874 1875 1876
v 2.83438 -1.14788 0.00300
v 2.84153 -1.15487 0.00300
v 2.86730 -1.12711 0.00300
v 2.85982 -1.12048 0.00300
f 1877 1878 1879 1880
v 2.85982 -1.12048 0.00300
v 2.86730 -1.12711 0.00300
v 2.89233 -1.09760 0.00300
v 2.88456 -1.09130 0.00300
f 1881 1882 1883 1884
v 2.88456 -1.09130 0.00300
v 2.89233 -1.09760 0.00300
v 2.91612 -1.06689 0.00300
v 2.90808 -1.06093 0.00300
f 1885 1886 1887 1888
v 2.90808 -1.06093 0.00300
v 2.91612 -1.06689 0.00300
v 2.93899 -1.03457 0.00300
v 2.93072 -1.02895 0.00300
f 1889 1890 1891 1892
v 2.93072 -1.02895 0.00300
v 2.93899 -1.03457 0.00300
v 2.96108 -1.00067 0.00300
v 2.95260 -0.99536 0.00300
f 1893 1894 1895 1896
v 2.95260 -0.99536 0.00300
v 2.96108 -1.00067 0.00300
v 2.98199 -0.96590 0.00300
v 2.97332 -0.96091 0.00300
f 1897 1898 1899 1900
v 2.97332 -0.96091 0.00300
v 2.98199 -0.96590 0.00300
v 3.00190 -0.92968 0.00300
v 2.99306 -0.92499 0.00300
f 1901 1902 1903 1904
v 2.99306 -0.92499 0.00300
v 3.00190 -0.92968 0.00300
v 3.02081 -0.89281 0.00300
v 3.01183 -0.88841 0.00300
f 1905 1906 1907 1908
v 3.01183 -0.88841 0.00300
v 3.02081 -0.89281 0.00300
v 3.03828 -0.85525 0.00300
v 3.02916 -0.85116 0.00300
f 1909 1910 1911 1912
v 3.02916 -0.85116 0.00300
v 3.03828 -0.85525 0.00300
v 3.05493 -0.81660 0.00300
v 3.04568 -0.81280 0.00300
f 1913 1914 1915 1916
v 3.04568 -0.81280 0.00300
v 3.05493 -0.81660 0.00300
v 3.07015 -0.77769 0.00300
v 3.06079 -0.77418 0.00300
f 1917 1918 1919 1920
v 3.06079 -0.77418 0.00300
v 3.07015 -0.77769 0.00300
v 3.08445 -0.73758 0.00300
v 3.07499 -0.73435 0.00300
f 1921 1922 1923 1924
v 3.07499 -0.73435 0.00300
v 3.08445 -0.73758 0.00300
v 3.09757 -0.69734 0.00300
v 3.08801 -0.69440 0.00300
f 1925 1926 1927 1928
v 3.08801 -0.69440 0.00300
v 3.09757 -0.69734 0.00300
v 3.10926 -0.65695 0.00300
v 3.09961 -0.65430 0.00300
f 1929 1930 1931 1932
v 3.09961 -0.65430 0.00300
v 3.10926 -0.65695 0.00300
v 3.11984 -0.61598 0.00300
v 3.11012 -0.61363 0.00300
f 1933 1934 1935 1936
v 3.11012 -0.61363 0.00300
v 3.11984 -0.61598 0.00300
v 3.12906 -0.57508 0.00300
v 3.11927 -0.57304 0.00300
f 1937 1938 1939 1940
v 3.11927 -0.57304 0.00300
v 3.12906 -0.57508 0.00300
v 3.13699 -0.53364 0.00300
v 3.12714 -0.53190 0.00300
f 1941 1942 1943 1944
v 3.12714 -0.53190 0.00300
v 3.13699 -0.53364 0.00300
v 3.14372 -0.49215 0.00300
v 3.13382 -0.49072 0.00300
f 1945 1946 1947 1948
v 3.13382 -0.49072 0.00300
v 3.14372 -0.49215 0.00300
v 3.14884 -0.45196 0.00300
v 3.13889 -0.45090 0.00300
f 1949 1950 1951 1952
v 3.13889 -0.45090 0.00300
v 3.14884 -0.45196 0.00300
v 3.15231 -0.41161 0.00300
v 3.14233 -0.41092 0.00300
f 1953 1954 1955 1956
v 3.14233 -0.41092 0.00300
v 3.15231 -0.41161 0.00300
v 3.15447 -0.36977 0.00300
v 3.14448 -0.36940 0.00300
f 1957 1958 1959 1960
v 3.14448 -0.36940 0.00300
v 3.15447 -0.36977 0.00300
v 3.15541 -0.32716 0.00300
v 3.14541 -0.32708 0.00300
f 1961 1962 1963 1964
v 3.14541 -0.32708 0.00300
v 3.15541 -0.32716 0.00300
v 3.15514 -0.28379 0.00300
v 3.14514 -0.28397 0.00300
f 1965 1966 1967 1968
v 3.14514 -0.28397 0.00300
v 3.15514 -0.28379 0.00300
v 3.15383 -0.23991 0.00300
v 3.14383 -0.24033 0.00300
f 1969 1970 1971 1972
v 3.14383 -0.24033 0.00300
v 3.15383 -0.23991 0.00300
v 3.15142 -0.19562 0.00300
v 3.14144 -0.19626 0.00300
f 1973 1974 1975 1976
v 3.14144 -0.19626 0.00300
v 3.15142 -0.19562 0.00300
v 3.14810 -0.15081 0.00300
v 3.13814 -0.15165 0.00300
f 1977 1978 1979 1980
v 3.13814 -0.15165 0.00300
v 3.14810 -0.15081 0.00300
v 3.14386 -0.10586 0.00300
v 3.13391 -0.10689 0.00300
f 1981 1982 1983 1984
v 3.13391 -0.10689 0.00300
v 3.14386 -0.10586 0.00300
v 3.13878 -0.06077 0.00300
v 3.12885 -0.06199 0.00300
f 1985 1986 1987 1988
v 3.12885 -0.06199 0.00300
v 3.13878 -0.06077 0.00300
v 3.13284 -0.01561 0.00300
v 3.12294 -0.01699 0.00300
f 1989 1990 1991 1992
v 3.12294 -0.01699 0.00300
v 3.13284 -0.01561 0.00300
v 3.12618 0.02958 0.00300
v 3.11630 0.02803 0.00300
f 1993 1994 1995 1996
v 3.11630 0.02803 0.00300
v 3.12618 0.02958 0.00300
v 3.11874 0.07429 0.00300
v 3.10890 0.07256 0.00300
f 1997 1998 1999 2000
v 3.10890 0.07256 0.00300
v 3.11874 0.07429 0.00300
v 3.11034 0.11970 0.00300
v 3.10052 0.11782 0.00300
f 2001 2002 2003 2004
v 3.10052 0.11782 0.00300
v 3.11034 0.11970 0.00300
v 3.10145 0.16473 0.00300
v 3.09166 0.16269 0.00300
f 2005 2006 2007 2008
v 3.09166 0.16269 0.00300
v 3.10145 0.16473 0.00300
v 3.09171 0.20923 0.00300
v 3.08196 0.20702 0.00300
f 2009 2010 2011 2012
v 3.08196 0.20702 0.00300
v 3.09171 0.20923 0.00300
v 3.08127 0.25374 0.00300
v 3.07156 0.25136 0.00300
f 2013 2014 2015 2016
v 3.07156 0.25136 0.00300
v 3.08127 0.25374 0.00300
v 3.06999 0.29822 0.00300
v 3.06031 0.29569 0.00300
f 2017 2018 2019 2020
v 3.06031 0.29569 0.00300
v 3.06999 0.29822 0.00300
v 3.05817 0.34216 0.00300
v 3.04854 0.33946 0.00300
f 2021 2022 2023 2024
v 3.04854 0.33946 0.00300
v 3.05817 0.34216 0.00300
v 3.04557 0.38535 0.00300
v 3.03599 0.38246 0.00300
f 2025 2026 2027 2028
v 3.03599 0.38246 0.00300
v 3.04557 0.38535 0.00300
v 3.03203 0.42877 0.00300
v 3.02251 0.42571 0.00300
f 2029 2030 2031 2032
v 3.02251 0.42571 0.00300
v 3.03203 0.42877 0.00300
v 3.01796 0.47127 0.00300
v 3.00851 0.46802 0.00300
f 2033 2034 2035 2036
v 3.00851 0.46802 0.00300
v 3.01796 0.47127 0.00300
v 3.00303 0.51313 0.00300
v 2.99364 0.50968 0.00300
f 2037 2038 2039 2040
v 2.99364 0.50968 0.00300
v 3.00303 0.51313 0.00300
v 2.98718 0.55480 0.00300
v 2.97787 0.55114 0.00300
f 2041 2042 2043 2044
v 2.97787 0.55114 0.00300
v 2.98718 0.55480 0.00300
v 2.97102 0.59466 0.00300
v 2.96181 0.59075 0.00300
f 2045 2046 2047 2048
v 2.96181 0.59075 0.00300
v 2.97102 0.59466 0.00300
v 2.95362 0.63377 0.00300
v 2.94454 0.62960 0.00300
f 2049 2050 2051 2052
v 2.94454 0.62960 0.00300
v 2.95362 0.63377 0.00300
v 2.93551 0.67208 0.00300
v 2.92655 0.66764 0.00300
f 2053 2054 2055 2056
v 2.92655 0.66764 0.00300
v 2.93551 0.67208 0.00300
v 2.91671 0.70838 0.00300
v 2.90791 0.70362 0.00300
f 2057 2058 2059 2060
v 2.90791 0.70362 0.00300
v 2.91671 0.70838 0.00300
v 2.89736 0.74274 0.00300
v 2.88877 0.73762 0.00300
f 2061 2062 2063 2064
v 2.88877 0.73762 0.00300
v 2.89736 0.74274 0.00300
v 2.87735 0.77456 0.00300
v 2.86902 0.76903 0.00300
f 2065 2066 2067 2068
v 2.86902 0.76903 0.00300
v 2.87735 0.77456 0.00300
v 2.85579 0.80536 0.00300
v 2.84774 0.79943 0.00300
f 2069 2070 2071 2072
v 2.84774 0.79943 0.00300
v 2.85579 0.80536 0.00300
v 2.83253 0.83538 0.00300
v 2.82476 0.82907 0.00300
f 2073 2074 2075 2076
v 2.82476 0.82907 0.00300
v 2.83253 0.83538 0.00300
v 2.80716 0.86518 0.00300
v 2.79967 0.85856 0.00300
f 2077 2078 2079 2080
v 2.79967 0.85856 0.00300
v 2.80716 0.86518 0.00300
v 2.78023 0.89443 0.00300
v 2.77301 0.88750 0.00300
f 2081 2082 2083 2084
v 2.77301 0.88750 0.00300
v 2.78023 0.89443 0.00300
v 2.75181 0.92283 0.00300
v 2.74486 0.91563 0.00300
f 2085 2086 2087 2088
v 2.74486 0.91563 0.00300
v 2.75181 0.92283 0.00300
v 2.72180 0.95078 0.00300
v 2.71511 0.94335 0.00300
f 2089 2090 2091 2092
v 2.71511 0.94335 0.00300
v 2.72180 0.95078 0.00300
v 2.69040 0.97802 0.00300
v 2.68397 0.97036 0.00300
f 2093 2094 2095 2096
v 2.68397 0.97036 0.00300
v 2.69040 0.97802 0.00300
v 2.65781 1.00456 0.00300
v 2.65161 0.99671 0.00300
f 2097 2098 2099 2100
v 2.65161 0.99671 0.00300
v 2.65781 1.00456 0.00300
v 2.62419 1.03022 0.00300
v 2.61823 1.02218 0.00300
f 2101 2102 2103 2104
v 2.61823 1.02218 0.00300
v 2.62419 1.03022 0.00300
v 2.58934 1.05528 0.00300
v 2.58361 1.04708 0.00300
f 2105 2106 2107 2108
v 2.58361 1.04708 0.00300
v 2.58934 1.05528 0.00300
v 2.55385 1.07937 0.00300
v 2.54835 1.07101 0.00300
f 2109 2110 2111 2112
v 2.54835 1.07101 0.00300
v 2.55385 1.07937 0.00300
v 2.51743 1.10257 0.00300
v 2.51216 1.09408 0.00300
f 2113 2114 2115 2116
v 2.51216 1.09408 0.00300
v 2.51743 1.10257 0.00300
v 2.48040 1.12490 0.00300
v 2.47536 1.11627 0.00300
f 2117 2118 2119 2120
v 2.47536 1.11627 0.00300
v 2.48040 1.12490 0.00300
v 2.44238 1.14639 0.00300
v 2.43755 1.13764 0.00300
f 2121 2122 2123 2124
v 2.43755 1.13764 0.00300
v 2.44238 1.14639 0.00300
v 2.40391 1.16708 0.00300
v 2.39930 1.15821 0.00300
f 2125 2126 2127 2128
v 2.39930 1.15821 0.00300
v 2.40391 1.16708 0.00300
v 2.36522 1.18646 0.00300
v 2.36085 1.17747 0.00300
f 2129 2130 2131 2132
v 2.36085 1.17747 0.00300
v 2.36522 1.18646 0.00300
v 2.32538 1.20523 0.00300
v 2.32122 1.19614 0.00300
f 2133 2134 2135 2136
v 2.32122 1.19614 0.00300
v 2.32538 1.20523 0.00300
v 2.28584 1.22281 0.00300
v 2.28192 1.21361 0.00300
f 2137 2138 2139 2140
v 2.28192 1.21361 0.00300
v 2.28584 1.22281 0.00300
v 2.24620 1.23898 0.00300
v 2.24254 1.22967 0.00300
f 2141 2142 2143 2144
v 2.24254 1.22967 0.00300
v 2.24620 1.23898 0.00300
v 2.20605 1.25417 0.00300
v 2.20265 1.24477 0.00300
f 2145 2146 2147 2148
v 2.20265 1.24477 0.00300
v 2.20605 1.25417 0.00300
v 2.16583 1.26803 0.00300
v 2.16271 1.25853 0.00300
f 2149 2150 2151 2152
v 2.16271 1.25853 0.00300
v 2.16583 1.26803 0.00300
v 2.12576 1.28056 0.00300
v 2.12294 1.27096 0.00300
f 2153 2154 2155 2156
v 2.12294 1.27096 0.00300
v 2.12576 1.28056 0.00300
v 2.08675 1.29134 0.00300
v 2.08429 1.28165 0.00300
f 2157 2158 2159 2160
v 2.08429 1.28165 0.00300
v 2.08675 1.29134 0.00300
v 2.05285 1.29935 0.00300
v 2.05097 1.28953 0.00300
f 2161 2162 2163 2164
v 2.05097 1.28953 0.00300
v 2.05285 1.29935 0.00300
v 2.02780 1.30339 0.00300
v 2.02688 1.29343 0.00300
f 2165 2166 2167 2168
v 2.02688 1.29343 0.00300
v 2.02780 1.30339 0.00300
v 2.00600 1.30404 0.00300
v 2.00618 1.29404 0.00300
f 2169 2170 2171 2172
v 2.00618 1.29404 0.00300
v 2.00600 1.30404 0.00300
v 1.98162 1.30229 0.00300
v 1.98280 1.29236 0.00300
f 2173 2174 2175 2176
v 1.98280 1.29236 0.00300
v 1.98162 1.30229 0.00300
v 1.95451 1.29762 0.00300
v 1.95657 1.28784 0.00300
f 2177 2178 2179 2180
v 1.95657 1.28784 0.00300
v 1.95451 1.29762 0.00300
v 1.92392 1.28986 0.00300
v 1.92668 1.28025 0.00300
f 2181 2182 2183 2184
v 1.92668 1.28025 0.00300
v 1.92392 1.28986 0.00300
v 1.89066 1.27909 0.00300
v 1.89397 1.26966 0.00300
f 2185 2186 2187 2188
v 1.89397 1.26966 0.00300
v 1.89066 1.27909 0.00300
v 1.85472 1.26539 0.00300
v 1.85846 1.25611 0.00300
f 2189 2190 2191 2192
v 1.85846 1.25611 0.00300
v 1.85472 1.26539 0.00300
v 1.81640 1.24903 0.00300
v 1.82044 1.23988 0.00300
f 2193 2194 2195 2196
v 1.82044 1.23988 0.00300
v 1.81640 1.24903 0.00300
v 1.77599 1.23054 0.00300
v 1.78023 1.22148 0.00300
f 2197 2198 2199 2200
v 1.78023 1.22148 0.00300
v 1.77599 1.23054 0.00300
v 1.73346 1.21016 0.00300
v 1.73780 1.20115 0.00300
f 2201 2202 2203 2204
v 1.73780 1.20115 0.00300
v 1.73346 1.21016 0.00300
v 1.68846 1.18836 0.00300
v 1.69280 1.17935 0.00300
f 2205 2206 2207 2208
v 1.69280 1.17935 0.00300
v 1.68846 1.18836 0.00300
v 1.64109 1.16568 0.00300
v 1.64534 1.15663 0.00300
f 2209 2210 2211 2212
v 1.64534 1.15663 0.00300
v 1.64109 1.16568 0.00300
v 1.59082 1.14256 0.00300
v 1.59488 1.13342 0.00300
f 2213 2214 2215 2216
v 1.59488 1.13342 0.00300
v 1.59082 1.14256 0.00300
v 1.53715 1.11960 0.00300
v 1.54090 1.11033 0.00300
f 2217 2218 2219 2220
v 1.54090 1.11033 0.00300
v 1.53715 1.11960 0.00300
v 1.47928 1.09747 0.00300
v 1.48260 1.08804 0.00300
f 2221 2222 2223 2224
v 1.48260 1.08804 0.00300
v 1.47928 1.09747 0.00300
v 1.41668 1.07741 0.00300
v 1.41942 1.06779 0.00300
f 2225 2226 2227 2228
v 1.41942 1.06779 0.00300
v 1.41668 1.07741 0.00300
v 1.34929 1.06081 0.00300
v 1.35129 1.05101 0.00300
f 2229 2230 2231 2232
v 1.35129 1.05101 0.00300
v 1.34929 1.06081 0.00300
v 1.27642 1.04927 0.00300
v 1.27749 1.03933 0.00300
f 2233 2234 2235 2236
v 1.27749 1.03933 0.00300
v 1.27642 1.04927 0.00300
v 1.20022 1.04500 0.00300
v 1.20026 1.03500 0.00300
f 2237 2238 2239 2240
v 1.20026 1.03500 0.00300
v 1.20022 1.04500 0.00300
v 1.12709 1.04837 0.00300
v 1.12622 1.03841 0.00300
f 2241 2242 2243 2244
v 1.12622 1.03841 0.00300
v 1.12709 1.04837 0.00300
v 1.05890 1.05699 0.00300
v 1.05730 1.04711 0.00300
f 2245 2246 2247 2248
v 1.05730 1.04711 0.00300
v 1.05890 1.05699 0.00300
v 0.99375 1.06982 0.00300
v 0.99152 1.06007 0.00300
f 2249 2250 2251 2252
v 0.99152 1.06007 0.00300
v 0.99375 1.06982 0.00300
v 0.93258 1.08569 0.00300
v 0.92985 1.07607 0.00300
f 2253 2254 2255 2256
v 0.92985 1.07607 0.00300
v 0.93258 1.08569 0.00300
v 0.87483 1.10343 0.00300
v 0.87171 1.09393 0.00300
f 2257 2258 2259 2260
v 0.87171 1.09393 0.00300
v 0.87483 1.10343 0.00300
v 0.81993 1.12260 0.00300
v 0.81651 1.11320 0.00300
f 2261 2262 2263 2264
v 0.81651 1.11320 0.00300
v 0.81993 1.12260 0.00300
v 0.76795 1.14229 0.00300
v 0.76432 1.13297 0.00300
f 2265 2266 2267 2268
v 0.76432 1.13297 0.00300
v 0.76795 1.14229 0.00300
v 0.71794 1.16229 0.00300
v 0.71417 1.15302 0.00300
f 2269 2270 2271 2272
v 0.71417 1.15302 0.00300
v 0.71794 1.16229 0.00300
v 0.67016 1.18203 0.00300
v 0.66633 1.17280 0.00300
f 2273 2274 2275 2276
v 0.66633 1.17280 0.00300
v 0.67016 1.18203 0.00300
v 0.62418 1.20114 0.00300
v 0.62035 1.19190 0.00300
f 2277 2278 2279 2280
v 0.62035 1.19190 0.00300
v 0.62418 1.20114 0.00300
v 0.57999 1.21932 0.00300
v 0.57625 1.21005 0.00300
f 2281 2282 2283 2284
v 0.57625 1.21005 0.00300
v 0.57999 1.21932 0.00300
v 0.53741 1.23618 0.00300
v 0.53382 1.22684 0.00300
f 2285 2286 2287 2288
v 0.53382 1.22684 0.00300
v 0.53741 1.23618 0.00300
v 0.49633 1.25152 0.00300
v 0.49297 1.24210 0.00300
f 2289 2290 2291 2292
v 0.49297 1.24210 0.00300
v 0.49633 1.25152 0.00300
v 0.45713 1.26488 0.00300
v 0.45409 1.25536 0.00300
f 2293 2294 2295 2296
v 0.45409 1.25536 0.00300
v 0.45713 1.26488 0.00300
v 0.41975 1.27607 0.00300
v 0.41712 1.26643 0.00300
f 2297 2298 2299 2300
v 0.41712 1.26643 0.00300
v 0.41975 1.27607 0.00300
v 0.38467 1.28478 0.00300
v 0.38257 1.27501 0.00300
f 2301 2302 2303 2304
v 0.38257 1.27501 0.00300
v 0.38467 1.28478 0.00300
v 0.35226 1.29076 0.00300
v 0.35082 1.28087 0.00300
f 2305 2306 2307 2308
v 0.35082 1.28087 0.00300
v 0.35226 1.29076 0.00300
v 0.32219 1.29408 0.00300
v 0.32151 1.28410 0.00300
f 2309 2310 2311 2312
v 0.32151 1.28410 0.00300
v 0.32219 1.29408 0.00300
v 0.29400 1.29484 0.00300
v 0.29418 1.28484 0.00300
f 2313 2314 2315 2316
v 0.29418 1.28484 0.00300
v 0.29400 1.29484 0.00300
v 0.26553 1.29303 0.00300
v 0.26655 1.28308 0.00300
f 2317 2318 2319 2320
v 0.26655 1.28308 0.00300
v 0.26553 1.29303 0.00300
v 0.23514 1.28863 0.00300
v 0.23691 1.27879 0.00300
f 2321 2322 2323 2324
v 0.23691 1.27879 0.00300
v 0.23514 1.28863 0.00300
v 0.20205 1.28139 0.00300
v 0.20444 1.27168 0.00300
f 2325 2326 2327 2328
v 0.20444 1.27168 0.00300
v 0.20205 1.28139 0.00300
v 0.16631 1.27150 0.00300
v 0.16919 1.26192 0.00300
f 2329 2330 2331 2332
v 0.16919 1.26192 0.00300
v 0.16631 1.27150 0.00300
v 0.12846 1.25914 0.00300
v 0.13172 1.24969 0.00300
f 2333 2334 2335 2336
v 0.13172 1.24969 0.00300
v 0.12846 1.25914 0.00300
v 0.08869 1.24462 0.00300
v 0.09223 1.23527 0.00300
f 2337 2338 2339 2340
v 0.09223 1.23527 0.00300
v 0.08869 1.24462 0.00300
v 0.04690 1.22820 0.00300
v 0.05063 1.21892 0.00300
f 2341 2342 2343 2344
v 0.05063 1.21892 0.00300
v 0.04690 1.22820 0.00300
v 0.00355 1.21036 0.00300
v 0.00739 1.20113 0.00300
f 2345 2346 2347 2348
v 0.00739 1.20113 0.00300
v 0.00355 1.21036 0.00300
v -0.04159 1.19136 0.00300
v -0.03771 1.18215 0.00300
f 2349 2350 2351 2352
v -0.03771 1.18215 0.00300
v -0.04159 1.19136 0.00300
v -0.08874 1.17153 0.00300
v -0.08490 1.16229 0.00300
f 2353 2354 2355 2356
v -0.08490 1.16229 0.00300
v -0.08874 1.17153 0.00300
v -0.13789 1.15136 0.00300
v -0.13416 1.14208 0.00300
f 2357 2358 2359 2360
v -0.13416 1.14208 0.00300
v -0.13789 1.15136 0.00300
v -0.18952 1.13110 0.00300
v -0.18599 1.12175 0.00300
f 2361 2362 2363 2364
v -0.18599 1.12175 0.00300
v -0.18952 1.13110 0.00300
v -0.24380 1.11148 0.00300
v -0.24055 1.10202 0.00300
f 2365 2366 2367 2368
v -0.24055 1.10202 0.00300
v -0.24380 1.11148 0.00300
v -0.30052 1.09312 0.00300
v -0.29763 1.08354 0.00300
f 2369 2370 2371 2372
v -0.29763 1.08354 0.00300
v -0.30052 1.09312 0.00300
v -0.36023 1.07654 0.00300
v -0.35780 1.06684 0.00300
f 2373 2374 2375 2376
v -0.35780 1.06684 0.00300
v -0.36023 1.07654 0.00300
v -0.42305 1.06255 0.00300
v -0.42117 1.05273 0.00300
f 2377 2378 2379 2380
v -0.42117 1.05273 0.00300
v -0.42305 1.06255 0.00300
v -0.48927 1.05201 0.00300
v -0.48805 1.04208 0.00300
f 2381 2382 2383 2384
v -0.48805 1.04208 0.00300
v -0.48927 1.05201 0.00300
v -0.55820 1.04608 0.00300
v -0.55773 1.03609 0.00300
f 2385 2386 2387 2388
v -0.55773 1.03609 0.00300
v -0.55820 1.04608 0.00300
v -0.62888 1.04555 0.00300
v -0.62922 1.03555 0.00300
f 2389 2390 2391 2392
v -0.62922 1.03555 0.00300
v -0.62888 1.04555 0.00300
v -0.69858 1.05081 0.00300
v -0.69970 1.04087 0.00300
f 2393 2394 2395 2396
v -0.69970 1.04087 0.00300
v -0.69858 1.05081 0.00300
v -0.76489 1.06067 0.00300
v -0.76667 1.05083 0.00300
f 2397 2398 2399 2400
v -0.76667 1.05083 0.00300
v -0.76489 1.06067 0.00300
v -0.82754 1.07395 0.00300
v -0.82986 1.06423 0.00300
f 2401 2402 2403 2404
v -0.82986 1.06423 0.00300
v -0.82754 1.07395 0.00300
v -0.88665 1.08955 0.00300
v -0.88939 1.07994 0.00300
f 2405 2406 2407 2408
v -0.88939 1.07994 0.00300
v -0.88665 1.08955 0.00300
v -0.94263 1.10663 0.00300
v -0.94569 1.09711 0.00300
f 2409 2410 2411 2412
v -0.94569 1.09711 0.00300
v -0.94263 1.10663 0.00300
v -0.99638 1.12476 0.00300
v -0.99968 1.11533 0.00300
f 2413 2414 2415 2416
v -0.99968 1.11533 0.00300
v -0.99638 1.12476 0.00300
v -1.04778 1.14345 0.00300
v -1.05126 1.13408 0.00300
f 2417 2418 2419 2420
v -1.05126 1.13408 0.00300
v -1.04778 1.14345 0.00300
v -1.09674 1.16201 0.00300
v -1.10031 1.15267 0.00300
f 2421 2422 2423 2424
v -1.10031 1.15267 0.00300
v -1.09674 1.16201 0.00300
v -1.14464 1.18047 0.00300
v -1.14826 1.17114 0.00300
f 2425 2426 2427 2428
v -1.14826 1.17114 0.00300
v -1.14464 1.18047 0.00300
v -1.19124 1.19867 0.00300
v -1.19486 1.18934 0.00300
f 2429 2430 2431 2432
v -1.19486 1.18934 0.00300
v -1.19124 1.19867 0.00300
v -1.23599 1.21592 0.00300
v -1.23953 1.20657 0.00300
f 2433 2434 2435 2436
v -1.23953 1.20657 0.00300
v -1.23599 1.21592 0.00300
v -1.27946 1.23209 0.00300
v -1.28287 1.22269 0.00300
f 2437 2438 2439 2440
v -1.28287 1.22269 0.00300
v -1.27946 1.23209 0.00300
v -1.32179 1.24707 0.00300
v -1.32501 1.23761 0.00300
f 2441 2442 2443 2444
v -1.32501 1.23761 0.00300
v -1.32179 1.24707 0.00300
v -1.36269 1.26043 0.00300
v -1.36565 1.25088 0.00300
f 2445 2446 2447 2448
v -1.36565 1.25088 0.00300
v -1.36269 1.26043 0.00300
v -1.40225 1.27207 0.00300
v -1.40488 1.26243 0.00300
f 2449 2450 2451 2452
v -1.40488 1.26243 0.00300
v -1.40225 1.27207 0.00300
v -1.44007 1.28161 0.00300
v -1.44228 1.27186 0.00300
f 2453 2454 2455 2456
v -1.44228 1.27186 0.00300
v -1.44007 1.28161 0.00300
v -1.47607 1.28892 0.00300
v -1.47777 1.27906 0.00300
f 2457 2458 2459 2460
v -1.47777 1.27906 0.00300
v -1.47607 1.28892 0.00300
v -1.50974 1.29379 0.00300
v -1.51082 1.28385 0.00300
f 2461 2462 2463 2464
v -1.51082 1.28385 0.00300
v -1.50974 1.29379 0.00300
v -1.54129 1.29617 0.00300
v -1.54165 1.28617 0.00300
f 2465 2466 2467 2468
v -1.54165 1.28617 0.00300
v -1.54129 1.29617 0.00300
v -1.57255 1.29608 0.00300
v -1.57218 1.28608 0.00300
f 2469 2470 2471 2472
v -1.57218 1.28608 0.00300
v -1.57255 1.29608 0.00300
v -1.60870 1.29336 0.00300
v -1.60779 1.28340 0.00300
f 2473 2474 2475 2476
v -1.60779 1.28340 0.00300
v -1.60870 1.29336 0.00300
v -1.65000 1.28877 0.00300
v -1.64876 1.27884 0.00300
f 2477 2478 2479 2480
v -1.64876 1.27884 0.00300
v -1.65000 1.28877 0.00300
v -1.69246 1.28286 0.00300
v -1.69094 1.27298 0.00300
f 2481 2482 2483 2484
v -1.69094 1.27298 0.00300
v -1.69246 1.28286 0.00300
v -1.73457 1.27577 0.00300
v -1.73277 1.26593 0.00300
f 2485 2486 2487 2488
v -1.73277 1.26593 0.00300
v -1.73457 1.27577 0.00300
v -1.77670 1.26743 0.00300
v -1.77463 1.25764 0.00300
f 2489 2490 2491 2492
v -1.77463 1.25764 0.00300
v -1.77670 1.26743 0.00300
v -1.81916 1.25785 0.00300
v -1.81684 1.24813 0.00300
f 2493 2494 2495 2496
v -1.81684 1.24813 0.00300
v -1.81916 1.25785 0.00300
v -1.86100 1.24734 0.00300
v -1.85842 1.23767 0.00300
f 2497 2498 2499 2500
v -1.85842 1.23767 0.00300
v -1.86100 1.24734 0.00300
v -1.90249 1.23560 0.00300
v -1.89965 1.22601 0.00300
f 2501 2502 2503 2504
v -1.89965 1.22601 0.00300
v -1.90249 1.23560 0.00300
v -1.94398 1.22276 0.00300
v -1.94089 1.21324 0.00300
f 2505 2506 2507 2508
v -1.94089 1.21324 0.00300
v -1.94398 1.22276 0.00300
v -1.98496 1.20883 0.00300
v -1.98163 1.19941 0.00300
f 2509 2510 2511 2512
v -1.98163 1.19941 0.00300
v -1.98496 1.20883 0.00300
v -2.02543 1.19391 0.00300
v -2.02184 1.18458 0.00300
f 2513 2514 2515 2516
v -2.02184 1.18458 0.00300
v -2.02543 1.19391 0.00300
v -2.06545 1.17786 0.00300
v -2.06161 1.16863 0.00300
f 2517 2518 2519 2520
v -2.06161 1.16863 0.00300
v -2.06545 1.17786 0.00300
v -2.10505 1.16078 0.00300
v -2.10096 1.15166 0.00300
f 2521 2522 2523 2524
v -2.10096 1.15166 0.00300
v -2.10505 1.16078 0.00300
v -2.14404 1.14266 0.00300
v -2.13970 1.13365 0.00300
f 2525 2526 2527 2528
v -2.13970 1.13365 0.00300
v -2.14404 1.14266 0.00300
v -2.18231 1.12357 0.00300
v -2.17772 1.11469 0.00300
f 2529 2530 2531 2532
v -2.17772 1.11469 0.00300
v -2.18231 1.12357 0.00300
v -2.21988 1.10347 0.00300
v -2.21503 1.09472 0.00300
f 2533 2534 2535 2536
v -2.21503 1.09472 0.00300
v -2.21988 1.10347 0.00300
v -2.25664 1.08238 0.00300
v -2.25153 1.07378 0.00300
f 2537 2538 2539 2540
v -2.25153 1.07378 0.00300
v -2.25664 1.08238 0.00300
v -2.29279 1.06014 0.00300
v -2.28743 1.05170 0.00300
f 2541 2542 2543 2544
v -2.28743 1.05170 0.00300
v -2.29279 1.06014 0.00300
v -2.32797 1.03709 0.00300
v -2.32235 1.02882 0.00300
f 2545 2546 2547 2548
v -2.32235 1.02882 0.00300
v -2.32797 1.03709 0.00300
v -2.36199 1.01314 0.00300
v -2.35610 1.00506 0.00300
f 2549 2550 2551 2552
v -2.35610 1.00506 0.00300
v -2.36199 1.01314 0.00300
v -2.39493 0.98830 0.00300
v -2.38876 0.98042 0.00300
f 2553 2554 2555 2556
v -2.38876 0.98042 0.00300
v -2.39493 0.98830 0.00300
v -2.42680 0.96242 0.00300
v -2.42037 0.95476 0.00300
f 2557 2558 2559 2560
v -2.42037 0.95476 0.00300
v -2.42680 0.96242 0.00300
v -2.45820 0.93508 0.00300
v -2.45151 0.92765 0.00300
f 2561 2562 2563 2564
v -2.45151 0.92765 0.00300
v -2.45820 0.93508 0.00300
v -2.48873 0.90673 0.00300
v -2.48180 0.89951 0.00300
f 2565 2566 2567 2568
v -2.48180 0.89951 0.00300
v -2.48873 0.90673 0.00300
v -2.51884 0.87685 0.00300
v -2.51170 0.86985 0.00300
f 2569 2570 2571 2572
v -2.51170 0.86985 0.00300
v -2.51884 0.87685 0.00300
v -2.54907 0.84521 0.00300
v -2.54177 0.83838 0.00300
f 2573 2574 2575 2576
v -2.54177 0.83838 0.00300
v -2.54907 0.84521 0.00300
v -2.57888 0.81258 0.00300
v -2.57142 0.80592 0.00300
f 2577 2578 2579 2580
v -2.57142 0.80592 0.00300
v -2.57888 0.81258 0.00300
v -2.60844 0.77869 0.00300
v -2.60085 0.77217 0.00300
f 2581 2582 2583 2584
v -2.60085 0.77217 0.00300
v -2.60844 0.77869 0.00300
v -2.63739 0.74436 0.00300
v -2.62967 0.73800 0.00300
f 2585 2586 2587 2588
v -2.62967 0.73800 0.00300
v -2.63739 0.74436 0.00300
v -2.66571 0.70917 0.00300
v -2.65787 0.70296 0.00300
f 2589 2590 2591 2592
v -2.65787 0.70296 0.00300
v -2.66571 0.70917 0.00300
v -2.69384 0.67307 0.00300
v -2.68590 0.66699 0.00300
f 2593 2594 2595 2596
v -2.68590 0.66699 0.00300
v -2.69384 0.67307 0.00300
v -2.72143 0.63641 0.00300
v -2.71339 0.63046 0.00300
f 2597 2598 2599 2600
v -2.71339 0.63046 0.00300
v -2.72143 0.63641 0.00300
v -2.74833 0.59944 0.00300
v -2.74020 0.59362 0.00300
f 2601 2602 2603 2604
v -2.74020 0.59362 0.00300
v -2.74833 0.59944 0.00300
v -2.77463 0.56196 0.00300
v -2.76640 0.55628 0.00300
f 2605 2606 2607 2608
v -2.76640 0.55628 0.00300
v -2.77463 0.56196 0.00300
v -2.80058 0.52372 0.00300
v -2.79227 0.51816 0.00300
f 2609 2610 2611 2612
v -2.79227 0.51816 0.00300
v -2.80058 0.52372 0.00300
v -2.82587 0.48528 0.00300
v -2.81747 0.47986 0.00300
f 2613 2614 2615 2616
v -2.81747 0.47986 0.00300
v -2.82587 0.48528 0.00300
v -2.85047 0.44645 0.00300
v -2.84199 0.44116 0.00300
f 2617 2618 2619 2620
v -2.84199 0.44116 0.00300
v -2.85047 0.44645 0.00300
v -2.87443 0.40735 0.00300
v -2.86586 0.40220 0.00300
f 2621 2622 2623 2624
v -2.86586 0.40220 0.00300
v -2.87443 0.40735 0.00300
v -2.89768 0.36791 0.00300
v -2.88902 0.36290 0.00300
f 2625 2626 2627 2628
v -2.88902 0.36290 0.00300
v -2.89768 0.36791 0.00300
v -2.92013 0.32837 0.00300
v -2.91139 0.32352 0.00300
f 2629 2630 2631 2632
v -2.91139 0.32352 0.00300
v -2.92013 0.32837 0.00300
v -2.94170 0.28858 0.00300
v -2.93286 0.28389 0.00300
f 2633 2634 2635 2636
v -2.93286 0.28389 0.00300
v -2.94170 0.28858 0.00300
v -2.96248 0.24864 0.00300
v -2.95356 0.24412 0.00300
f 2637 2638 2639 2640
v -2.95356 0.24412 0.00300
v -2.96248 0.24864 0.00300
v -2.98212 0.20875 0.00300
v -2.97310 0.20443 0.00300
f 2641 2642 2643 2644
v -2.97310 0.20443 0.00300
v -2.98212 0.20875 0.00300
v -3.00062 0.16904 0.00300
v -2.99150 0.16494 0.00300
f 2645 2646 2647 2648
v -2.99150 0.16494 0.00300
v -3.00062 0.16904 0.00300
v -3.01775 0.12953 0.00300
v -3.00852 0.12568 0.00300
f 2649 2650 2651 2652
v -3.00852 0.12568 0.00300
v -3.01775 0.12953 0.00300
v -3.03351 0.09026 0.00300
v -3.02417 0.08669 0.00300
f 2653 2654 2655 2656
v -3.02417 0.08669 0.00300
v -3.03351 0.09026 0.00300
v -3.04737 0.05221 0.00300
v -3.03791 0.04899 0.00300
f 2657 2658 2659 2660
v -3.03791 0.04899 0.00300
v -3.04737 0.05221 0.00300
v -3.05881 0.01621 0.00300
v -3.04920 0.01345 0.00300
f 2661 2662 2663 2664
v -3.04920 0.01345 0.00300
v -3.05881 0.01621 0.00300
v -3.06778 -0.01847 0.00300
v -3.05803 -0.02069 0.00300
f 2665 2666 2667 2668
v -3.05803 -0.02069 0.00300
v -3.06778 -0.01847 0.00300
v -3.07465 -0.05318 0.00300
v -3.06478 -0.05484 0.00300
f 2669 2670 2671 2672
v -3.06478 -0.05484 0.00300
v -3.07465 -0.05318 0.00300
v -3.07955 -0.08835 0.00300
v -3.06961 -0.08945 0.00300
f 2673 2674 2675 2676
v -3.06961 -0.08945 0.00300
v -3.07955 -0.08835 0.00300
v -3.08249 -0.12422 0.00300
v -3.07250 -0.12477 0.00300
f 2677 2678 2679 2680
v -3.07250 -0.12477 0.00300
v -3.08249 -0.12422 0.00300
v -3.08350 -0.16096 0.00300
v -3.07350 -0.16099 0.00300
f 2681 2682 2683 2684
v -3.07350 -0.16099 0.00300
v -3.08350 -0.16096 0.00300
v -3.08266 -0.19873 0.00300
v -3.07267 -0.19828 0.00300
f 2685 2686 2687 2688
v -3.07267 -0.19828 0.00300
v -3.08266 -0.19873 0.00300
v -3.08004 -0.23713 0.00300
v -3.07008 -0.23623 0.00300
f 2689 2690 2691 2692
v -3.07008 -0.23623 0.00300
v -3.08004 -0.23713 0.00300
v -3.07560 -0.27628 0.00300
v -3.06569 -0.27497 0.00300
f 2693 2694 2695 2696
v -3.06569 -0.27497 0.00300
v -3.07560 -0.27628 0.00300
v -3.06948 -0.31662 0.00300
v -3.05962 -0.31495 0.00300
f 2697 2698 2699 2700
v -3.05962 -0.31495 0.00300
v -3.06948 -0.31662 0.00300
v -3.06180 -0.35756 0.00300
v -3.05200 -0.35557 0.00300
f 2701 2702 2703 2704
v -3.05200 -0.35557 0.00300
v -3.06180 -0.35756 0.00300
v -3.05266 -0.39932 0.00300
v -3.04292 -0.39705 0.00300
f 2705 2706 2707 2708
v -3.04292 -0.39705 0.00300
v -3.05266 -0.39932 0.00300
v -3.04216 -0.44170 0.00300
v -3.03248 -0.43919 0.00300
f 2709 2710 2711 2712
v -3.03248 -0.43919 0.00300
v -3.04216 -0.44170 0.00300
v -3.03037 -0.48516 0.00300
v -3.02074 -0.48246 0.00300
f 2713 2714 2715 2716
v -3.02074 -0.48246 0.00300
v -3.03037 -0.48516 0.00300
v -3.01750 -0.52959 0.00300
v -3.00791 -0.52675 0.00300
f 2717 2718 2719 2720
v -3.00791 -0.52675 0.00300
v -3.01750 -0.52959 0.00300
v -3.00384 -0.57471 0.00300
v -2.99428 -0.57176 0.00300
f 2721 2722 2723 2724
v -2.99428 -0.57176 0.00300
v -3.00384 -0.57471 0.00300
v -2.98939 -0.62064 0.00300
v -2.97986 -0.61762 0.00300
f 2725 2726 2727 2728
v -2.97986 -0.61762 0.00300
v -2.98939 -0.62064 0.00300
v -2.97429 -0.66804 0.00300
v -2.96476 -0.66501 0.00300
f 2729 2730 2731 2732
v -2.96476 -0.66501 0.00300
v -2.97429 -0.66804 0.00300
v -2.95856 -0.71764 0.00300
v -2.94900 -0.71469 0.00300
f 2733 2734 2735 2736
v -2.94900 -0.71469 0.00300
v -2.95856 -0.71764 0.00300
v -2.94269 -0.77048 0.00300
v -2.93308 -0.76772 0.00300
f 2737 2738 2739 2740
v -2.93308 -0.76772 0.00300
v -2.94269 -0.77048 0.00300
v -2.92822 -0.82336 0.00300
v -2.91856 -0.82079 0.00300
f 2741 2742 2743 2744
v -2.91856 -0.82079 0.00300
v -2.92822 -0.82336 0.00300
v -2.91510 -0.87373 0.00300
v -2.90542 -0.87123 0.00300
f 2745 2746 2747 2748
v -2.90542 -0.87123 0.00300
v -2.91510 -0.87373 0.00300
v -2.90276 -0.92190 0.00300
v -2.89308 -0.91939 0.00300
f 2749 2750 2751 2752
v -2.89308 -0.91939 0.00300
v -2.90276 -0.92190 0.00300
v -2.89073 -0.96779 0.00300
v -2.88107 -0.96518 0.00300
f 2753 2754 2755 2756
v -2.88107 -0.96518 0.00300
v -2.89073 -0.96779 0.00300
v -2.87877 -1.01087 0.00300
v -2.86917 -1.00806 0.00300
f 2757 2758 2759 2760
v -2.86917 -1.00806 0.00300
v -2.87877 -1.01087 0.00300
v -2.86646 -1.05096 0.00300
v -2.85695 -1.04785 0.00300
f 2761 2762 2763 2764
v -2.85695 -1.04785 0.00300
v -2.86646 -1.05096 0.00300
v -2.85355 -1.08819 0.00300
v -2.84419 -1.08468 0.00300
f 2765 2766 2767 2768
v -2.84419 -1.08468 0.00300
v -2.85355 -1.08819 0.00300
v -2.84034 -1.12133 0.00300
v -2.83118 -1.11731 0.00300
f 2769 2770 2771 2772
v -2.83118 -1.11731 0.00300
v -2.84034 -1.12133 0.00300
v -2.82646 -1.15039 0.00300
v -2.81761 -1.14574 0.00300
f 2773 2774 2775 2776
v -2.81761 -1.14574 0.00300
v -2.82646 -1.15039 0.00300
v -2.81211 -1.17558 0.00300
v -2.80368 -1.17021 0.00300
f 2777 2778 2779 2780
v -2.80368 -1.17021 0.00300
v -2.81211 -1.17558 0.00300
v -2.79755 -1.19644 0.00300
v -2.78966 -1.19029 0.00300
f 2781 2782 2783 2784
v -2.78966 -1.19029 0.00300
v -2.79755 -1.19644 0.00300
v -2.78267 -1.21375 0.00300
v -2.77549 -1.20680 0.00300
f 2785 2786 2787 2788
v -2.77549 -1.20680 0.00300
v -2.78267 -1.21375 0.00300
v -2.76696 -1.22827 0.00300
v -2.76060 -1.22055 0.00300
f 2789 2790 2791 2792
v -2.76060 -1.22055 0.00300
v -2.76696 -1.22827 0.00300
v -2.74946 -1.24110 0.00300
v -2.74399 -1.23273 0.00300
f 2793 2794 2795 2796
v -2.74399 -1.23273 0.00300
v -2.74946 -1.24110 0.00300
v -2.72962 -1.25250 0.00300
v -2.72508 -1.24359 0.00300
f 2797 2798 2799 2800
v -2.72508 -1.24359 0.00300
v -2.72962 -1.25250 0.00300
v -2.70750 -1.26237 0.00300
v -2.70387 -1.25305 0.00300
f 2801 2802 2803 2804
v -2.89250 -1.73763 0.00300
v -2.89613 -1.74695 0.00300
v -2.82582 -1.77048 0.00300
v -2.82306 -1.76087 0.00300
f 2805 2806 2807 2808
v -2.82306 -1.76087 0.00300
v -2.82582 -1.77048 0.00300
v -2.75831 -1.78697 0.00300
v -2.75626 -1.77719 0.00300
f 2809 2810 2811 2812
v -2.75626 -1.77719 0.00300
v -2.75831 -1.78697 0.00300
v -2.69444 -1.79830 0.00300
v -2.69294 -1.78842 0.00300
f 2813 2814 2815 2816
v -2.69294 -1.78842 0.00300
v -2.69444 -1.79830 0.00300
v -2.63372 -1.80605 0.00300
v -2.63264 -1.79611 0.00300
f 2817 2818 2819 2820
v -2.63264 -1.79611 0.00300
v -2.63372 -1.80605 0.00300
v -2.57439 -1.81141 0.00300
v -2.57367 -1.80144 0.00300
f 2821 2822 2823 2824
v -2.57367 -1.80144 0.00300
v -2.57439 -1.81141 0.00300
v -2.51680 -1.81455 0.00300
v -2.51637 -1.80456 0.00300
f 2825 2826 2827 2828
v -2.51637 -1.80456 0.00300
v -2.51680 -1.81455 0.00300
v -2.46070 -1.81635 0.00300
v -2.46050 -1.80635 0.00300
f 2829 2830 2831 2832
v -2.46050 -1.80635 0.00300
v -2.46070 -1.81635 0.00300
v -2.40540 -1.81680 0.00300
v -2.40540 -1.80680 0.00300
f 2833 2834 2835 2836
v -2.40540 -1.80680 0.00300
v -2.40540 -1.81680 0.00300
v -2.35116 -1.81637 0.00300
v -2.35132 -1.80637 0.00300
f 2837 2838 2839 2840
v -2.35132 -1.80637 0.00300
v -2.35116 -1.81637 0.00300
v -2.29745 -1.81508 0.00300
v -2.29775 -1.80509 0.00300
f 2841 2842 2843 2844
v -2.29775 -1.80509 0.00300
v -2.29745 -1.81508 0.00300
v -2.24453 -1.81318 0.00300
v -2.24494 -1.80319 0.00300
f 2845 2846 2847 2848
v -2.24494 -1.80319 0.00300
v -2.24453 -1.81318 0.00300
v -2.19199 -1.81076 0.00300
v -2.19250 -1.80077 0.00300
f 2849 2850 2851 2852
v -2.19250 -1.80077 0.00300
v -2.19199 -1.81076 0.00300
v -2.14014 -1.80785 0.00300
v -2.14072 -1.79787 0.00300
f 2853 2854 2855 2856
v -2.14072 -1.79787 0.00300
v -2.14014 -1.80785 0.00300
v -2.08864 -1.80476 0.00300
v -2.08928 -1.79478 0.00300
f 2857 2858 2859 2860
v -2.08928 -1.79478 0.00300
v -2.08864 -1.80476 0.00300
v -2.03742 -1.80127 0.00300
v -2.03811 -1.79129 0.00300
f 2861 2862 2863 2864
v -2.03811 -1.79129 0.00300
v -2.03742 -1.80127 0.00300
v -1.98699 -1.79773 0.00300
v -1.98770 -1.78776 0.00300
f 2865 2866 2867 2868
v -1.98770 -1.78776 0.00300
v -1.98699 -1.79773 0.00300
v -1.93655 -1.79409 0.00300
v -1.93728 -1.78412 0.00300
f 2869 2870 2871 2872
v -1.93728 -1.78412 0.00300
v -1.93655 -1.79409 0.00300
v -1.88648 -1.79037 0.00300
v -1.88723 -1.78040 0.00300
f 2873 2874 2875 2876
v -1.88723 -1.78040 0.00300
v -1.88648 -1.79037 0.00300
v -1.83687 -1.78669 0.00300
v -1.83760 -1.77672 0.00300
f 2877 2878 2879 2880
v -1.83760 -1.77672 0.00300
v -1.83687 -1.78669 0.00300
v -1.78723 -1.78311 0.00300
v -1.78795 -1.77314 0.00300
f 2881 2882 2883 2884
v -1.78795 -1.77314 0.00300
v -1.78723 -1.78311 0.00300
v -1.73812 -1.77957 0.00300
v -1.73881 -1.76959 0.00300
f 2885 2886 2887 2888
v -1.73881 -1.76959 0.00300
v -1.73812 -1.77957 0.00300
v -1.68954 -1.77636 0.00300
v -1.69018 -1.76638 0.00300
f 2889 2890 2891 2892
v -1.69018 -1.76638 0.00300
v -1.68954 -1.77636 0.00300
v -1.64096 -1.77334 0.00300
v -1.64155 -1.76336 0.00300
f 2893 2894 2895 2896
v -1.64155 -1.76336 0.00300
v -1.64096 -1.77334 0.00300
v -1.59319 -1.77066 0.00300
v -1.59370 -1.76067 0.00300
f 2897 2898 2899 2900
v -1.59370 -1.76067 0.00300
v -1.59319 -1.77066 0.00300
v -1.54558 -1.76847 0.00300
v -1.54600 -1.75848 0.00300
f 2901 2902 2903 2904
v -1.54600 -1.75848 0.00300
v -1.54558 -1.76847 0.00300
v -1.49849 -1.76667 0.00300
v -1.49880 -1.75668 0.00300
f 2905 2906 2907 2908
v -1.49880 -1.75668 0.00300
v -1.49849 -1.76667 0.00300
v -1.45193 -1.76556 0.00300
v -1.45211 -1.75556 0.00300
f 2909 2910 2911 2912
v -1.45211 -1.75556 0.00300
v -1.45193 -1.76556 0.00300
v -1.40511 -1.76500 0.00300
v -1.40517 -1.75500 0.00300
f 2913 2914 2915 2916
v -1.40517 -1.75500 0.00300
v -1.40511 -1.76500 0.00300
v -1.35670 -1.76500 0.00300
v -1.35670 -1.75500 0.00300
f 2917 2918 2919 2920
v -1.35670 -1.75500 0.00300
v -1.35670 -1.76500 0.00300
v -1.30670 -1.76500 0.00300
v -1.30670 -1.75500 0.00300
f 2921 2922 2923 2924
v -1.30670 -1.75500 0.00300
v -1.30670 -1.76500 0.00300
v -1.25670 -1.76500 0.00300
v -1.25670 -1.75500 0.00300
f 2925 2926 2927 2928
v -1.25670 -1.75500 0.00300
v -1.25670 -1.76500 0.00300
v -1.20670 -1.76500 0.00300
v -1.20670 -1.75500 0.00300
f 2929 2930 2931 2932
v -1.20670 -1.75500 0.00300
v -1.20670 -1.76500 0.00300
v -1.15670 -1.76500 0.00300
v -1.15670 -1.75500 0.00300
f 2933 2934 2935 2936
v -1.15670 -1.75500 0.00300
v -1.15670 -1.76500 0.00300
v -1.10670 -1.76500 0.00300
v -1.10670 -1.75500 0.00300
f 2937 2938 2939 2940
v -1.10670 -1.75500 0.00300
v -1.10670 -1.76500 0.00300
v -1.05670 -1.76500 0.00300
v -1.05670 -1.75500 0.00300
f 2941 2942 2943 2944
v -1.05670 -1.75500 0.00300
v -1.05670 -1.76500 0.00300
v -1.00660 -1.76500 0.00300
v -1.00660 -1.75500 0.00300
f 2945 2946 2947 2948
v -1.00660 -1.75500 0.00300
v -1.00660 -1.76500 0.00300
v -0.95660 -1.76500 0.00300
v -0.95660 -1.75500 0.00300
f 2949 2950 2951 2952
v -0.95660 -1.75500 0.00300
v -0.95660 -1.76500 0.00300
v -0.90660 -1.76500 0.00300
v -0.90660 -1.75500 0.00300
f 2953 2954 2955 2956
v -0.90660 -1.75500 0.00300
v -0.90660 -1.76500 0.00300
v -0.85660 -1.76500 0.00300
v -0.85660 -1.75500 0.00300
f 2957 2958 2959 2960
v -0.85660 -1.75500 0.00300
v -0.85660 -1.76500 0.00300
v -0.80660 -1.76500 0.00300
v -0.80660 -1.75500 0.00300
f 2961 2962 2963 2964
v -0.80660 -1.75500 0.00300
v -0.80660 -1.76500 0.00300
v -0.75660 -1.76500 0.00300
v -0.75660 -1.75500 0.00300
f 2965 2966 2967 2968
v -0.75660 -1.75500 0.00300
v -0.75660 -1.76500 0.00300
v -0.70660 -1.76500 0.00300
v -0.70660 -1.75500 0.00300
f 2969 2970 2971 2972
v -0.70660 -1.75500 0.00300
v -0.70660 -1.76500 0.00300
v -0.65660 -1.76500 0.00300
v -0.65660 -1.75500 0.00300
f 2973 2974 2975 2976
v -0.65660 -1.75500 0.00300
v -0.65660 -1.76500 0.00300
v -0.60660 -1.76500 0.00300
v -0.60660 -1.75500 0.00300
f 2977 2978 2979 2980
v -0.60660 -1.75500 0.00300
v -0.60660 -1.76500 0.00300
v -0.55650 -1.76500 0.00300
v -0.55650 -1.75500 0.00300
f 2981 2982 2983 2984
v -0.55650 -1.75500 0.00300
v -0.55650 -1.76500 0.00300
v -0.50650 -1.76500 0.00300
v -0.50650 -1.75500 0.00300
f 2985 2986 2987 2988
v -0.50650 -1.75500 0.00300
v -0.50650 -1.76500 0.00300
v -0.45650 -1.76500 0.00300
v -0.45650 -1.75500 0.00300
f 2989 2990 2991 2992
v -0.45650 -1.75500 0.00300
v -0.45650 -1.76500 0.00300
v -0.40650 -1.76500 0.00300
v -0.40650 -1.75500 0.00300
f 2993 2994 2995 2996
v -0.40650 -1.75500 0.00300
v -0.40650 -1.76500 0.00300
v -0.35650 -1.76500 0.00300
v -0.35650 -1.75500 0.00300
f 2997 2998 2999 3000
v -0.35650 -1.75500 0.00300
v -0.35650 -1.76500 0.00300
v -0.30650 -1.76500 0.00300
v -0.30650 -1.75500 0.00300
f 3001 3002 3003 3004
v -0.30650 -1.75500 0.00300
v -0.30650 -1.76500 0.00300
v -0.25650 -1.76500 0.00300
v -0.25650 -1.75500 0.00300
f 3005 3006 3007 3008
v -0.25650 -1.75500 0.00300
v -0.25650 -1.76500 0.00300
v -0.20650 -1.76500 0.00300
v -0.20650 -1.75500 0.00300
f 3009 3010 3011 3012
v -0.20650 -1.75500 0.00300
v -0.20650 -1.76500 0.00300
v -0.15650 -1.76500 0.00300
v -0.15650 -1.75500 0.00300
f 3013 3014 3015 3016
v -0.15650 -1.75500 0.00300
v -0.15650 -1.76500 0.00300
v -0.10640 -1.76500 0.00300
v -0.10640 -1.75500 0.00300
f 3017 3018 3019 3020
v -0.10640 -1.75500 0.00300
v -0.10640 -1.76500 0.00300
v -0.05640 -1.76500 0.00300
v -0.05640 -1.75500 0.00300
f 3021 3022 3023 3024
v -0.05640 -1.75500 0.00300
v -0.05640 -1.76500 0.00300
v -0.00640 -1.76500 0.00300
v -0.00640 -1.75500 0.00300
f 3025 3026 3027 3028
v -0.00640 -1.75500 0.00300
v -0.00640 -1.76500 0.00300
v 0.04360 -1.76500 0.00300
v 0.04360 -1.75500 0.00300
f 3029 3030 3031 3032
v 0.04360 -1.75500 0.00300
v 0.04360 -1.76500 0.00300
v 0.09360 -1.76500 0.00300
v 0.09360 -1.75500 0.00300
f 3033 3034 3035 3036
v 0.09360 -1.75500 0.00300
v 0.09360 -1.76500 0.00300
v 0.14360 -1.76500 0.00300
v 0.14360 -1.75500 0.00300
f 3037 3038 3039 3040
v 0.14360 -1.75500 0.00300
v 0.14360 -1.76500 0.00300
v 0.19360 -1.76500 0.00300
v 0.19360 -1.75500 0.00300
f 3041 3042 3043 3044
v 0.19360 -1.75500 0.00300
v 0.19360 -1.76500 0.00300
v 0.24360 -1.76500 0.00300
v 0.24360 -1.75500 0.00300
f 3045 3046 3047 3048
v 0.24360 -1.75500 0.00300
v 0.24360 -1.76500 0.00300
v 0.29360 -1.76500 0.00300
v 0.29360 -1.75500 0.00300
f 3049 3050 3051 3052
v 0.29360 -1.75500 0.00300
v 0.29360 -1.76500 0.00300
v 0.34370 -1.76500 0.00300
v 0.34370 -1.75500 0.00300
f 3053 3054 3055 3056
v 0.34370 -1.75500 0.00300
v 0.34370 -1.76500 0.00300
v 0.39370 -1.76500 0.00300
v 0.39370 -1.75500 0.00300
f 3057 3058 3059 3060
v 0.39370 -1.75500 0.00300
v 0.39370 -1.76500 0.00300
v 0.44370 -1.76500 0.00300
v 0.44370 -1.75500 0.00300
f 3061 3062 3063 3064
v 0.44370 -1.75500 0.00300
v 0.44370 -1.76500 0.00300
v 0.49370 -1.76500 0.00300
v 0.49370 -1.75500 0.00300
f 3065 3066 3067 3068
v 0.49370 -1.75500 0.00300
v 0.49370 -1.76500 0.00300
v 0.54370 -1.76500 0.00300
v 0.54370 -1.75500 0.00300
f 3069 3070 3071 3072
v 0.54370 -1.75500 0.00300
v 0.54370 -1.76500 0.00300
v 0.59370 -1.76500 0.00300
v 0.59370 -1.75500 0.00300
f 3073 3074 3075 3076
v 0.59370 -1.75500 0.00300
v 0.59370 -1.76500 0.00300
v 0.64370 -1.76500 0.00300
v 0.64370 -1.75500 0.00300
f 3077 3078 3079 3080
v 0.64370 -1.75500 0.00300
v 0.64370 -1.76500 0.00300
v 0.69370 -1.76500 0.00300
v 0.69370 -1.75500 0.00300
f 3081 3082 3083 3084
v 0.69370 -1.75500 0.00300
v 0.69370 -1.76500 0.00300
v 0.74370 -1.76500 0.00300
v 0.74370 -1.75500 0.00300
f 3085 3086 3087 3088
v 0.74370 -1.75500 0.00300
v 0.74370 -1.76500 0.00300
v 0.79380 -1.76500 0.00300
v 0.79380 -1.75500 0.00300
f 3089 3090 3091 3092
v 0.79380 -1.75500 0.00300
v 0.79380 -1.76500 0.00300
v 0.84380 -1.76500 0.00300
v 0.84380 -1.75500 0.00300
f 3093 3094 3095 3096
v 0.84380 -1.75500 0.00300
v 0.84380 -1.76500 0.00300
v 0.89380 -1.76500 0.00300
v 0.89380 -1.75500 0.00300
f 3097 3098 3099 3100
v 0.89380 -1.75500 0.00300
v 0.89380 -1.76500 0.00300
v 0.94380 -1.76500 0.00300
v 0.94380 -1.75500 0.00300
f 3101 3102 3103 3104
v 0.94380 -1.75500 0.00300
v 0.94380 -1.76500 0.00300
v 0.99380 -1.76500 0.00300
v 0.99380 -1.75500 0.00300
f 3105 3106 3107 3108
v 0.99380 -1.75500 0.00300
v 0.99380 -1.76500 0.00300
v 1.04380 -1.76500 0.00300
v 1.04380 -1.75500 0.00300
f 3109 3110 3111 3112
v 1.04380 -1.75500 0.00300
v 1.04380 -1.76500 0.00300
v 1.09380 -1.76500 0.00300
v 1.09380 -1.75500 0.00300
f 3113 3114 3115 3116
v 1.09380 -1.75500 0.00300
v 1.09380 -1.76500 0.00300
v 1.14380 -1.76500 0.00300
v 1.14380 -1.75500 0.00300
f 3117 3118 3119 3120
v 1.14380 -1.75500 0.00300
v 1.14380 -1.76500 0.00300
v 1.19380 -1.76500 0.00300
v 1.19380 -1.75500 0.00300
f 3121 3122 3123 3124
v 1.19380 -1.75500 0.00300
v 1.19380 -1.76500 0.00300
v 1.24390 -1.76500 0.00300
v 1.24390 -1.75500 0.00300
f 3125 3126 3127 3128
v 1.24390 -1.75500 0.00300
v 1.24390 -1.76500 0.00300
v 1.29390 -1.76500 0.00300
v 1.29390 -1.75500 0.00300
f 3129 3130 3131 3132
v 1.29390 -1.75500 0.00300
v 1.29390 -1.76500 0.00300
v 1.34390 -1.76500 0.00300
v 1.34390 -1.75500 0.00300
f 3133 3134 3135 3136
v 1.34390 -1.75500 0.00300
v 1.34390 -1.76500 0.00300
v 1.39258 -1.76500 0.00300
v 1.39263 -1.75500 0.00300
f 3137 3138 3139 3140
v 1.39263 -1.75500 0.00300
v 1.39258 -1.76500 0.00300
v 1.43834 -1.76544 0.00300
v 1.43855 -1.75544 0.00300
f 3141 3142 3143 3144
v 1.43855 -1.75544 0.00300
v 1.43834 -1.76544 0.00300
v 1.48330 -1.76689 0.00300
v 1.48370 -1.75690 0.00300
f 3145 3146 3147 3148
v 1.48370 -1.75690 0.00300
v 1.48330 -1.76689 0.00300
v 1.52869 -1.76907 0.00300
v 1.52926 -1.75909 0.00300
f 3149 3150 3151 3152
v 1.52926 -1.75909 0.00300
v 1.52869 -1.76907 0.00300
v 1.57463 -1.77211 0.00300
v 1.57535 -1.76214 0.00300
f 3153 3154 3155 3156
v 1.57535 -1.76214 0.00300
v 1.57463 -1.77211 0.00300
v 1.62161 -1.77579 0.00300
v 1.62244 -1.76582 0.00300
f 3157 3158 3159 3160
v 1.62244 -1.76582 0.00300
v 1.62161 -1.77579 0.00300
v 1.66903 -1.77998 0.00300
v 1.66995 -1.77002 0.00300
f 3161 3162 3163 3164
v 1.66995 -1.77002 0.00300
v 1.66903 -1.77998 0.00300
v 1.71696 -1.78460 0.00300
v 1.71795 -1.77465 0.00300
f 3165 3166 3167 3168
v 1.71795 -1.77465 0.00300
v 1.71696 -1.78460 0.00300
v 1.76561 -1.78959 0.00300
v 1.76664 -1.77964 0.00300
f 3169 3170 3171 3172
v 1.76664 -1.77964 0.00300
v 1.76561 -1.78959 0.00300
v 1.81463 -1.79471 0.00300
v 1.81569 -1.78477 0.00300
f 3173 3174 3175 3176
v 1.81569 -1.78477 0.00300
v 1.81463 -1.79471 0.00300
v 1.86378 -1.80005 0.00300
v 1.86486 -1.79011 0.00300
f 3177 3178 3179 3180
v 1.86486 -1.79011 0.00300
v 1.86378 -1.80005 0.00300
v 1.91374 -1.80548 0.00300
v 1.91481 -1.79554 0.00300
f 3181 3182 3183 3184
v 1.91481 -1.79554 0.00300
v 1.91374 -1.80548 0.00300
v 1.96425 -1.81086 0.00300
v 1.96529 -1.80092 0.00300
f 3185 3186 3187 3188
v 1.96529 -1.80092 0.00300
v 1.96425 -1.81086 0.00300
v 2.01513 -1.81607 0.00300
v 2.01613 -1.80612 0.00300
f 3189 3190 3191 3192
v 2.01613 -1.80612 0.00300
v 2.01513 -1.81607 0.00300
v 2.06676 -1.82115 0.00300
v 2.06769 -1.81120 0.00300
f 3193 3194 3195 3196
v 2.06769 -1.81120 0.00300
v 2.06676 -1.82115 0.00300
v 2.11893 -1.82576 0.00300
v 2.11977 -1.81580 0.00300
f 3197 3198 3199 3200
v 2.11977 -1.81580 0.00300
v 2.11893 -1.82576 0.00300
v 2.17165 -1.82999 0.00300
v 2.17238 -1.82002 0.00300
f 3201 3202 3203 3204
v 2.17238 -1.82002 0.00300
v 2.17165 -1.82999 0.00300
v 2.22501 -1.83352 0.00300
v 2.22561 -1.82354 0.00300
f 3205 3206 3207 3208
v 2.22561 -1.82354 0.00300
v 2.22501 -1.83352 0.00300
v 2.27925 -1.83644 0.00300
v 2.27969 -1.82645 0.00300
f 3209 3210 3211 3212
v 2.27969 -1.82645 0.00300
v 2.27925 -1.83644 0.00300
v 2.33481 -1.83833 0.00300
v 2.33504 -1.82833 0.00300
f 3213 3214 3215 3216
v 2.33504 -1.82833 0.00300
v 2.33481 -1.83833 0.00300
v 2.39090 -1.83900 0.00300
v 2.39090 -1.82900 0.00300
f 3217 3218 3219 3220
v 2.39090 -1.82900 0.00300
v 2.39090 -1.83900 0.00300
v 2.44832 -1.83830 0.00300
v 2.44804 -1.82830 0.00300
f 3221 3222 3223 3224
v 2.44804 -1.82830 0.00300
v 2.44832 -1.83830 0.00300
v 2.50670 -1.83572 0.00300
v 2.50610 -1.82574 0.00300
f 3225 3226 3227 3228
v 2.50610 -1.82574 0.00300
v 2.50670 -1.83572 0.00300
v 2.56694 -1.83110 0.00300
v 2.56595 -1.82115 0.00300
f 3229 3230 3231 3232
v 2.56595 -1.82115 0.00300
v 2.56694 -1.83110 0.00300
v 2.62874 -1.82350 0.00300
v 2.62729 -1.81360 0.00300
f 3233 3234 3235 3236
v 2.62729 -1.81360 0.00300
v 2.62874 -1.82350 0.00300
v 2.69208 -1.81265 0.00300
v 2.69010 -1.80285 0.00300
f 3237 3238 3239 3240
v 2.69010 -1.80285 0.00300
v 2.69208 -1.81265 0.00300
v 2.75773 -1.79724 0.00300
v 2.75511 -1.78759 0.00300
f 3241 3242 3243 3244
v 2.75511 -1.78759 0.00300
v 2.75773 -1.79724 0.00300
v 2.82442 -1.77655 0.00300
v 2.82109 -1.76712 0.00300
f 3245 3246 3247 3248
v 2.82109 -1.76712 0.00300
v 2.82442 -1.77655 0.00300
v 2.89136 -1.74981 0.00300
v 2.88725 -1.74069 0.00300
f 3249 3250 3251 3252
v 2.88725 -1.74069 0.00300
v 2.89136 -1.74981 0.00300
v 2.95496 -1.71781 0.00300
v 2.95014 -1.70905 0.00300
f 3253 3254 3255 3256
v 2.95014 -1.70905 0.00300
v 2.95496 -1.71781 0.00300
v 3.01337 -1.68287 0.00300
v 3.00796 -1.67446 0.00300
f 3257 3258 3259 3260
v 3.00796 -1.67446 0.00300
v 3.01337 -1.68287 0.00300
v 3.06807 -1.64518 0.00300
v 3.06215 -1.63712 0.00300
f 3261 3262 3263 3264
v 3.06215 -1.63712 0.00300
v 3.06807 -1.64518 0.00300
v 3.11952 -1.60499 0.00300
v 3.11314 -1.59728 0.00300
f 3265 3266 3267 3268
v 3.11314 -1.59728 0.00300
v 3.11952 -1.60499 0.00300
v 3.16801 -1.56256 0.00300
v 3.16123 -1.55522 0.00300
f 3269 3270 3271 3272
v 3.16123 -1.55522 0.00300
v 3.16801 -1.56256 0.00300
v 3.21362 -1.51812 0.00300
v 3.20647 -1.51113 0.00300
f 3273 3274 3275 3276
v 3.20647 -1.51113 0.00300
v 3.21362 -1.51812 0.00300
v 3.25618 -1.47232 0.00300
v 3.24870 -1.46569 0.00300
f 3277 3278 3279 3280
v 3.24870 -1.46569 0.00300
v 3.25618 -1.47232 0.00300
v 3.29624 -1.42510 0.00300
v 3.28847 -1.41880 0.00300
f 3281 3282 3283 3284
v 3.28847 -1.41880 0.00300
v 3.29624 -1.42510 0.00300
v 3.33392 -1.37647 0.00300
v 3.32588 -1.37051 0.00300
f 3285 3286 3287 3288
v 3.32588 -1.37051 0.00300
v 3.33392 -1.37647 0.00300
v 3.36908 -1.32685 0.00300
v 3.36081 -1.32123 0.00300
f 3289 3290 3291 3292
v 3.36081 -1.32123 0.00300
v 3.36908 -1.32685 0.00300
v 3.40180 -1.27664 0.00300
v 3.39332 -1.27133 0.00300
f 3293 3294 3295 3296
v 3.39332 -1.27133 0.00300
v 3.40180 -1.27664 0.00300
v 3.43268 -1.22529 0.00300
v 3.42401 -1.22030 0.00300
f 3297 3298 3299 3300
v 3.42401 -1.22030 0.00300
v 3.43268 -1.22529 0.00300
v 3.46114 -1.17361 0.00300
v 3.45230 -1.16892 0.00300
f 3301 3302 3303 3304
v 3.45230 -1.16892 0.00300
v 3.46114 -1.17361 0.00300
v 3.48797 -1.12119 0.00300
v 3.47899 -1.11679 0.00300
f 3305 3306 3307 3308
v 3.47899 -1.11679 0.00300
v 3.48797 -1.12119 0.00300
v 3.51284 -1.06784 0.00300
v 3.50372 -1.06375 0.00300
f 3309 3310 3311 3312
v 3.50372 -1.06375 0.00300
v 3.51284 -1.06784 0.00300
v 3.53592 -1.01420 0.00300
v 3.52667 -1.01040 0.00300
f 3313 3314 3315 3316
v 3.52667 -1.01040 0.00300
v 3.53592 -1.01420 0.00300
v 3.55721 -0.95982 0.00300
v 3.54785 -0.95631 0.00300
f 3317 3318 3319 3320
v 3.54785 -0.95631 0.00300
v 3.55721 -0.95982 0.00300
v 3.57661 -0.90545 0.00300
v 3.56715 -0.90222 0.00300
f 3321 3322 3323 3324
v 3.56715 -0.90222 0.00300
v 3.57661 -0.90545 0.00300
v 3.59459 -0.85020 0.00300
v 3.58503 -0.84726 0.00300
f 3325 3326 3327 3328
v 3.58503 -0.84726 0.00300
v 3.59459 -0.85020 0.00300
v 3.61079 -0.79430 0.00300
v 3.60114 -0.79165 0.00300
f 3329 3330 3331 3332
v 3.60114 -0.79165 0.00300
v 3.61079 -0.79430 0.00300
v 3.62528 -0.73817 0.00300
v 3.61556 -0.73582 0.00300
f 3333 3334 3335 3336
v 3.61556 -0.73582 0.00300
v 3.62528 -0.73817 0.00300
v 3.63813 -0.68116 0.00300
v 3.62834 -0.67912 0.00300
f 3337 3338 3339 3340
v 3.62834 -0.67912 0.00300
v 3.63813 -0.68116 0.00300
v 3.64906 -0.62410 0.00300
v 3.63921 -0.62236 0.00300
f 3341 3342 3343 3344
v 3.63921 -0.62236 0.00300
v 3.64906 -0.62410 0.00300
v 3.65838 -0.56648 0.00300
v 3.64848 -0.56505 0.00300
f 3345 3346 3347 3348
v 3.64848 -0.56505 0.00300
v 3.65838 -0.56648 0.00300
v 3.66591 -0.50710 0.00300
v 3.65596 -0.50604 0.00300
f 3349 3350 3351 3352
v 3.65596 -0.50604 0.00300
v 3.66591 -0.50710 0.00300
v 3.67107 -0.44748 0.00300
v 3.66109 -0.44679 0.00300
f 3353 3354 3355 3356
v 3.66109 -0.44679 0.00300
v 3.67107 -0.44748 0.00300
v 3.67412 -0.38900 0.00300
v 3.66413 -0.38863 0.00300
f 3357 3358 3359 3360
v 3.66413 -0.38863 0.00300
v 3.67412 -0.38900 0.00300
v 3.67539 -0.33132 0.00300
v 3.66539 -0.33124 0.00300
f 3361 3362 3363 3364
v 3.66539 -0.33124 0.00300
v 3.67539 -0.33132 0.00300
v 3.67506 -0.27443 0.00300
v 3.66506 -0.27461 0.00300
f 3365 3366 3367 3368
v 3.66506 -0.27461 0.00300
v 3.67506 -0.27443 0.00300
v 3.67337 -0.21807 0.00300
v 3.66337 -0.21849 0.00300
f 3369 3370 3371 3372
v 3.66337 -0.21849 0.00300
v 3.67337 -0.21807 0.00300
v 3.67036 -0.16234 0.00300
v 3.66038 -0.16298 0.00300
f 3373 3374 3375 3376
v 3.66038 -0.16298 0.00300
v 3.67036 -0.16234 0.00300
v 3.66626 -0.10715 0.00300
v 3.65630 -0.10799 0.00300
f 3377 3378 3379 3380
v 3.65630 -0.10799 0.00300
v 3.66626 -0.10715 0.00300
v 3.66109 -0.05231 0.00300
v 3.65114 -0.05334 0.00300
f 3381 3382 3383 3384
v 3.65114 -0.05334 0.00300
v 3.66109 -0.05231 0.00300
v 3.65495 0.00219 0.00300
v 3.64502 0.00097 0.00300
f 3385 3386 3387 3388
v 3.64502 0.00097 0.00300
v 3.65495 0.00219 0.00300
v 3.64786 0.05619 0.00300
v 3.63796 0.05481 0.00300
f 3389 3390 3391 3392
v 3.63796 0.05481 0.00300
v 3.64786 0.05619 0.00300
v 3.63990 0.11017 0.00300
v 3.63002 0.10862 0.00300
f 3393 3394 3395 3396
v 3.63002 0.10862 0.00300
v 3.63990 0.11017 0.00300
v 3.63090 0.16424 0.00300
v 3.62106 0.16251 0.00300
f 3397 3398 3399 3400
v 3.62106 0.16251 0.00300
v 3.63090 0.16424 0.00300
v 3.62108 0.21738 0.00300
v 3.61126 0.21550 0.00300
f 3401 3402 3403 3404
v 3.61126 0.21550 0.00300
v 3.62108 0.21738 0.00300
v 3.61054 0.27071 0.00300
v 3.60075 0.26867 0.00300
f 3405 3406 3407 3408
v 3.60075 0.26867 0.00300
v 3.61054 0.27071 0.00300
v 3.59884 0.32418 0.00300
v 3.58909 0.32197 0.00300
f 3409 3410 3411 3412
v 3.58909 0.32197 0.00300
v 3.59884 0.32418 0.00300
v 3.58644 0.37704 0.00300
v 3.57673 0.37466 0.00300
f 3413 3414 3415 3416
v 3.57673 0.37466 0.00300
v 3.58644 0.37704 0.00300
v 3.57309 0.42971 0.00300
v 3.56341 0.42718 0.00300
f 3417 3418 3419 3420
v 3.56341 0.42718 0.00300
v 3.57309 0.42971 0.00300
v 3.55886 0.48254 0.00300
v 3.54923 0.47984 0.00300
f 3421 3422 3423 3424
v 3.54923 0.47984 0.00300
v 3.55886 0.48254 0.00300
v 3.54341 0.53554 0.00300
v 3.53383 0.53265 0.00300
f 3425 3426 3427 3428
v 3.53383 0.53265 0.00300
v 3.54341 0.53554 0.00300
v 3.52709 0.58789 0.00300
v 3.51757 0.58483 0.00300
f 3429 3430 3431 3432
v 3.51757 0.58483 0.00300
v 3.52709 0.58789 0.00300
v 3.50969 0.64038 0.00300
v 3.50024 0.63713 0.00300
f 3433 3434 3435 3436
v 3.50024 0.63713 0.00300
v 3.50969 0.64038 0.00300
v 3.49096 0.69292 0.00300
v 3.48157 0.68947 0.00300
f 3437 3438 3439 3440
v 3.48157 0.68947 0.00300
v 3.49096 0.69292 0.00300
v 3.47113 0.74506 0.00300
v 3.46182 0.74140 0.00300
f 3441 3442 3443 3444
v 3.46182 0.74140 0.00300
v 3.47113 0.74506 0.00300
v 3.44959 0.79805 0.00300
v 3.44038 0.79414 0.00300
f 3445 3446 3447 3448
v 3.44038 0.79414 0.00300
v 3.44959 0.79805 0.00300
v 3.42626 0.85060 0.00300
v 3.41718 0.84643 0.00300
f 3449 3450 3451 3452
v 3.41718 0.84643 0.00300
v 3.42626 0.85060 0.00300
v 3.40145 0.90296 0.00300
v 3.39249 0.89852 0.00300
f 3453 3454 3455 3456
v 3.39249 0.89852 0.00300
v 3.40145 0.90296 0.00300
v 3.37409 0.95578 0.00300
v 3.36529 0.95102 0.00300
f 3457 3458 3459 3460
v 3.36529 0.95102 0.00300
v 3.37409 0.95578 0.00300
v 3.34403 1.00898 0.00300
v 3.33544 1.00386 0.00300
f 3461 3462 3463 3464
v 3.33544 1.00386 0.00300
v 3.34403 1.00898 0.00300
v 3.31058 1.06217 0.00300
v 3.30225 1.05664 0.00300
f 3465 3466 3467 3468
v 3.30225 1.05664 0.00300
v 3.31058 1.06217 0.00300
v 3.27446 1.11377 0.00300
v 3.26641 1.10784 0.00300
f 3469 3470 3471 3472
v 3.26641 1.10784 0.00300
v 3.27446 1.11377 0.00300
v 3.23624 1.16313 0.00300
v 3.22847 1.15682 0.00300
f 3473 3474 3475 3476
v 3.22847 1.15682 0.00300
v 3.23624 1.16313 0.00300
v 3.19653 1.20984 0.00300
v 3.18904 1.20322 0.00300
f 3477 3478 3479 3480
v 3.18904 1.20322 0.00300
v 3.19653 1.20984 0.00300
v 3.15539 1.25450 0.00300
v 3.14817 1.24757 0.00300
f 3481 3482 3483 3484
v 3.14817 1.24757 0.00300
v 3.15539 1.25450 0.00300
v 3.11294 1.29697 0.00300
v 3.10599 1.28977 0.00300
f 3485 3486 3487 3488
v 3.10599 1.28977 0.00300
v 3.11294 1.29697 0.00300
v 3.06949 1.33745 0.00300
v 3.06280 1.33002 0.00300
f 3489 3490 3491 3492
v 3.06280 1.33002 0.00300
v 3.06949 1.33745 0.00300
v 3.02503 1.37604 0.00300
v 3.01860 1.36838 0.00300
f 3493 3494 3495 3496
v 3.01860 1.36838 0.00300
v 3.02503 1.37604 0.00300
v 2.97979 1.41289 0.00300
v 2.97359 1.40504 0.00300
f 3497 3498 3499 3500
v 2.97359 1.40504 0.00300
v 2.97979 1.41289 0.00300
v 2.93377 1.44802 0.00300
v 2.92781 1.43998 0.00300
f 3501 3502 3503 3504
v 2.92781 1.43998 0.00300
v 2.93377 1.44802 0.00300
v 2.88719 1.48152 0.00300
v 2.88146 1.47332 0.00300
f 3505 3506 3507 3508
v 2.88146 1.47332 0.00300
v 2.88719 1.48152 0.00300
v 2.83965 1.51379 0.00300
v 2.83415 1.50543 0.00300
f 3509 3510 3511 3512
v 2.83415 1.50543 0.00300
v 2.83965 1.51379 0.00300
v 2.79144 1.54452 0.00300
v 2.78617 1.53603 0.00300
f 3513 3514 3515 3516
v 2.78617 1.53603 0.00300
v 2.79144 1.54452 0.00300
v 2.74264 1.57393 0.00300
v 2.73760 1.56530 0.00300
f 3517 3518 3519 3520
v 2.73760 1.56530 0.00300
v 2.74264 1.57393 0.00300
v 2.69345 1.60176 0.00300
v 2.68862 1.59301 0.00300
f 3521 3522 3523 3524
v 2.68862 1.59301 0.00300
v 2.69345 1.60176 0.00300
v 2.64350 1.62859 0.00300
v 2.63889 1.61972 0.00300
f 3525 3526 3527 3528
v 2.63889 1.61972 0.00300
v 2.64350 1.62859 0.00300
v 2.59255 1.65413 0.00300
v 2.58818 1.64514 0.00300
f 3529 3530 3531 3532
v 2.58818 1.64514 0.00300
v 2.59255 1.65413 0.00300
v 2.54178 1.67806 0.00300
v 2.53762 1.66897 0.00300
f 3533 3534 3535 3536
v 2.53762 1.66897 0.00300
v 2.54178 1.67806 0.00300
v 2.48968 1.70119 0.00300
v 2.48576 1.69199 0.00300
f 3537 3538 3539 3540
v 2.48576 1.69199 0.00300
v 2.48968 1.70119 0.00300
v 2.43646 1.72293 0.00300
v 2.43280 1.71362 0.00300
f 3541 3542 3543 3544
v 2.43280 1.71362 0.00300
v 2.43646 1.72293 0.00300
v 2.38275 1.74323 0.00300
v 2.37935 1.73383 0.00300
f 3545 3546 3547 3548
v 2.37935 1.73383 0.00300
v 2.38275 1.74323 0.00300
v 2.32809 1.76207 0.00300
v 2.32497 1.75257 0.00300
f 3549 3550 3551 3552
v 2.32497 1.75257 0.00300
v 2.32809 1.76207 0.00300
v 2.27246 1.77944 0.00300
v 2.26964 1.76984 0.00300
f 3553 3554 3555 3556
v 2.26964 1.76984 0.00300
v 2.27246 1.77944 0.00300
v 2.21471 1.79535 0.00300
v 2.21225 1.78566 0.00300
f 3557 3558 3559 3560
v 2.21225 1.78566 0.00300
v 2.21471 1.79535 0.00300
v 2.15063 1.81007 0.00300
v 2.14875 1.80025 0.00300
f 3561 3562 3563 3564
v 2.14875 1.80025 0.00300
v 2.15063 1.81007 0.00300
v 2.07572 1.82117 0.00300
v 2.07480 1.81121 0.00300
f 3565 3566 3567 3568
v 2.07480 1.81121 0.00300
v 2.07572 1.82117 0.00300
v 1.99662 1.82396 0.00300
v 1.99680 1.81396 0.00300
f 3569 3570 3571 3572
v 1.99680 1.81396 0.00300
v 1.99662 1.82396 0.00300
v 1.92020 1.81864 0.00300
v 1.92138 1.80871 0.00300
f 3573 3574 3575 3576
v 1.92138 1.80871 0.00300
v 1.92020 1.81864 0.00300
v 1.84783 1.80656 0.00300
v 1.84989 1.79678 0.00300
f 3577 3578 3579 3580
v 1.84989 1.79678 0.00300
v 1.84783 1.80656 0.00300
v 1.78072 1.78975 0.00300
v 1.78348 1.78014 0.00300
f 3581 3582 3583 3584
v 1.78348 1.78014 0.00300
v 1.78072 1.78975 0.00300
v 1.71843 1.76974 0.00300
v 1.72174 1.76031 0.00300
f 3585 3586 3587 3588
v 1.72174 1.76031 0.00300
v 1.71843 1.76974 0.00300
v 1.66034 1.74769 0.00300
v 1.66408 1.73841 0.00300
f 3589 3590 3591 3592
v 1.66408 1.73841 0.00300
v 1.66034 1.74769 0.00300
v 1.60636 1.72472 0.00300
v 1.61040 1.71557 0.00300
f 3593 3594 3595 3596
v 1.61040 1.71557 0.00300
v 1.60636 1.72472 0.00300
v 1.55557 1.70152 0.00300
v 1.55981 1.69246 0.00300
f 3597 3598 3599 3600
v 1.55981 1.69246 0.00300
v 1.55557 1.70152 0.00300
v 1.50780 1.67865 0.00300
v 1.51214 1.66964 0.00300
f 3601 3602 3603 3604
v 1.51214 1.66964 0.00300
v 1.50780 1.67865 0.00300
v 1.46280 1.65685 0.00300
v 1.46714 1.64784 0.00300
f 3605 3606 3607 3608
v 1.46714 1.64784 0.00300
v 1.46280 1.65685 0.00300
v 1.42006 1.63637 0.00300
v 1.42431 1.62732 0.00300
f 3609 3610 3611 3612
v 1.42431 1.62732 0.00300
v 1.42006 1.63637 0.00300
v 1.37972 1.61778 0.00300
v 1.38378 1.60864 0.00300
f 3613 3614 3615 3616
v 1.38378 1.60864 0.00300
v 1.37972 1.61778 0.00300
v 1.34170 1.60147 0.00300
v 1.34545 1.59220 0.00300
f 3617 3618 3619 3620
v 1.34545 1.59220 0.00300
v 1.34170 1.60147 0.00300
v 1.30660 1.58796 0.00300
v 1.30992 1.57853 0.00300
f 3621 3622 3623 3624
v 1.30992 1.57853 0.00300
v 1.30660 1.58796 0.00300
v 1.27458 1.57761 0.00300
v 1.27732 1.56799 0.00300
f 3625 3626 3627 3628
v 1.27732 1.56799 0.00300
v 1.27458 1.57761 0.00300
v 1.24571 1.57039 0.00300
v 1.24771 1.56059 0.00300
f 3629 3630 3631 3632
v 1.24771 1.56059 0.00300
v 1.24571 1.57039 0.00300
v 1.22071 1.56627 0.00300
v 1.22178 1.55633 0.00300
f 3633 3634 3635 3636
v 1.22178 1.55633 0.00300
v 1.22071 1.56627 0.00300
v 1.19814 1.56500 0.00300
v 1.19818 1.55500 0.00300
f 3637 3638 3639 3640
v 1.19818 1.55500 0.00300
v 1.19814 1.56500 0.00300
v 1.17238 1.56639 0.00300
v 1.17151 1.55643 0.00300
f 3641 3642 3643 3644
v 1.17151 1.55643 0.00300
v 1.17238 1.56639 0.00300
v 1.14210 1.57029 0.00300
v 1.14050 1.56041 0.00300
f 3645 3646 3647 3648
v 1.14050 1.56041 0.00300
v 1.14210 1.57029 0.00300
v 1.10968 1.57673 0.00300
v 1.10745 1.56698 0.00300
f 3649 3650 3651 3652
v 1.10745 1.56698 0.00300
v 1.10968 1.57673 0.00300
v 1.07455 1.58593 0.00300
v 1.07182 1.57631 0.00300
f 3653 3654 3655 3656
v 1.07182 1.57631 0.00300
v 1.07455 1.58593 0.00300
v 1.03709 1.59747 0.00300
v 1.03397 1.58797 0.00300
f 3657 3658 3659 3660
v 1.03397 1.58797 0.00300
v 1.03709 1.59747 0.00300
v 0.99789 1.61120 0.00300
v 0.99447 1.60180 0.00300
f 3661 3662 3663 3664
v 0.99447 1.60180 0.00300
v 0.99789 1.61120 0.00300
v 0.95668 1.62683 0.00300
v 0.95305 1.61751 0.00300
f 3665 3666 3667 3668
v 0.95305 1.61751 0.00300
v 0.95668 1.62683 0.00300
v 0.91383 1.64398 0.00300
v 0.91006 1.63471 0.00300
f 3669 3670 3671 3672
v 0.91006 1.63471 0.00300
v 0.91383 1.64398 0.00300
v 0.86927 1.66240 0.00300
v 0.86544 1.65317 0.00300
f 3673 3674 3675 3676
v 0.86544 1.65317 0.00300
v 0.86927 1.66240 0.00300
v 0.82285 1.68170 0.00300
v 0.81902 1.67246 0.00300
f 3677 3678 3679 3680
v 0.81902 1.67246 0.00300
v 0.82285 1.68170 0.00300
v 0.77455 1.70155 0.00300
v 0.77081 1.69228 0.00300
f 3681 3682 3683 3684
v 0.77081 1.69228 0.00300
v 0.77455 1.70155 0.00300
v 0.72398 1.72156 0.00300
v 0.72039 1.71222 0.00300
f 3685 3686 3687 3688
v 0.72039 1.71222 0.00300
v 0.72398 1.72156 0.00300
v 0.67103 1.74130 0.00300
v 0.66767 1.73188 0.00300
f 3689 3690 3691 3692
v 0.66767 1.73188 0.00300
v 0.67103 1.74130 0.00300
v 0.61531 1.76024 0.00300
v 0.61227 1.75072 0.00300
f 3693 3694 3695 3696
v 0.61227 1.75072 0.00300
v 0.61531 1.76024 0.00300
v 0.55648 1.77777 0.00300
v 0.55385 1.76813 0.00300
f 3697 3698 3699 3700
v 0.55385 1.76813 0.00300
v 0.55648 1.77777 0.00300
v 0.49383 1.79319 0.00300
v 0.49173 1.78342 0.00300
f 3701 3702 3703 3704
v 0.49173 1.78342 0.00300
v 0.49383 1.79319 0.00300
v 0.42718 1.80533 0.00300
v 0.42574 1.79544 0.00300
f 3705 3706 3707 3708
v 0.42574 1.79544 0.00300
v 0.42718 1.80533 0.00300
v 0.35709 1.81290 0.00300
v 0.35641 1.80292 0.00300
f 3709 3710 3711 3712
v 0.35641 1.80292 0.00300
v 0.35709 1.81290 0.00300
v 0.28462 1.81476 0.00300
v 0.28480 1.80476 0.00300
f 3713 3714 3715 3716
v 0.28480 1.80476 0.00300
v 0.28462 1.81476 0.00300
v 0.21245 1.81032 0.00300
v 0.21347 1.80037 0.00300
f 3717 3718 3719 3720
v 0.21347 1.80037 0.00300
v 0.21245 1.81032 0.00300
v 0.14309 1.80041 0.00300
v 0.14486 1.79057 0.00300
f 3721 3722 3723 3724
v 0.14486 1.79057 0.00300
v 0.14309 1.80041 0.00300
v 0.07776 1.78632 0.00300
v 0.08015 1.77661 0.00300
f 3725 3726 3727 3728
v 0.08015 1.77661 0.00300
v 0.07776 1.78632 0.00300
v 0.01661 1.76948 0.00300
v 0.01949 1.75990 0.00300
f 3729 3730 3731 3732
v 0.01949 1.75990 0.00300
v 0.01661 1.76948 0.00300
v -0.04112 1.75071 0.00300
v -0.03786 1.74126 0.00300
f 3733 3734 3735 3736
v -0.03786 1.74126 0.00300
v -0.04112 1.75071 0.00300
v -0.09543 1.73093 0.00300
v -0.09189 1.72158 0.00300
f 3737 3738 3739 3740
v -0.09189 1.72158 0.00300
v -0.09543 1.73093 0.00300
v -0.14703 1.71068 0.00300
v -0.14330 1.70140 0.00300
f 3741 3742 3743 3744
v -0.14330 1.70140 0.00300
v -0.14703 1.71068 0.00300
v -0.19619 1.69047 0.00300
v -0.19235 1.68124 0.00300
f 3745 3746 3747 3748
v -0.19235 1.68124 0.00300
v -0.19619 1.69047 0.00300
v -0.24329 1.67065 0.00300
v -0.23941 1.66144 0.00300
f 3749 3750 3751 3752
v -0.23941 1.66144 0.00300
v -0.24329 1.67065 0.00300
v -0.28830 1.65171 0.00300
v -0.28446 1.64247 0.00300
f 3753 3754 3755 3756
v -0.28446 1.64247 0.00300
v -0.28830 1.65171 0.00300
v -0.33164 1.63392 0.00300
v -0.32791 1.62464 0.00300
f 3757 3758 3759 3760
v -0.32791 1.62464 0.00300
v -0.33164 1.63392 0.00300
v -0.37301 1.61765 0.00300
v -0.36948 1.60830 0.00300
f 3761 3762 3763 3764
v -0.36948 1.60830 0.00300
v -0.37301 1.61765 0.00300
v -0.41245 1.60338 0.00300
v -0.40920 1.59392 0.00300
f 3765 3766 3767 3768
v -0.40920 1.59392 0.00300
v -0.41245 1.60338 0.00300
v -0.45037 1.59106 0.00300
v -0.44748 1.58148 0.00300
f 3769 3770 3771 3772
v -0.44748 1.58148 0.00300
v -0.45037 1.59106 0.00300
v -0.48660 1.58096 0.00300
v -0.48417 1.57126 0.00300
f 3773 3774 3775 3776
v -0.48417 1.57126 0.00300
v -0.48660 1.58096 0.00300
v -0.52083 1.57327 0.00300
v -0.51895 1.56345 0.00300
f 3777 3778 3779 3780
v -0.51895 1.56345 0.00300
v -0.52083 1.57327 0.00300
v -0.55275 1.56812 0.00300
v -0.55153 1.55819 0.00300
f 3781 3782 3783 3784
v -0.55153 1.55819 0.00300
v -0.55275 1.56812 0.00300
v -0.58267 1.56551 0.00300
v -0.58220 1.55552 0.00300
f 3785 3786 3787 3788
v -0.58220 1.55552 0.00300
v -0.58267 1.56551 0.00300
v -0.61118 1.56525 0.00300
v -0.61152 1.55525 0.00300
f 3789 3790 3791 3792
v -0.61152 1.55525 0.00300
v -0.61118 1.56525 0.00300
v -0.64030 1.56753 0.00300
v -0.64142 1.55759 0.00300
f 3793 3794 3795 3796
v -0.64142 1.55759 0.00300
v -0.64030 1.56753 0.00300
v -0.67233 1.57237 0.00300
v -0.67411 1.56253 0.00300
f 3797 3798 3799 3800
v -0.67411 1.56253 0.00300
v -0.67233 1.57237 0.00300
v -0.70694 1.57977 0.00300
v -0.70926 1.57005 0.00300
f 3801 3802 3803 3804
v -0.70926 1.57005 0.00300
v -0.70694 1.57977 0.00300
v -0.74421 1.58966 0.00300
v -0.74695 1.58005 0.00300
f 3805 3806 3807 3808
v -0.74695 1.58005 0.00300
v -0.74421 1.58966 0.00300
v -0.78351 1.60169 0.00300
v -0.78657 1.59217 0.00300
f 3809 3810 3811 3812
v -0.78657 1.59217 0.00300
v -0.78351 1.60169 0.00300
v -0.82432 1.61547 0.00300
v -0.82762 1.60604 0.00300
f 3813 3814 3815 3816
v -0.82762 1.60604 0.00300
v -0.82432 1.61547 0.00300
v -0.86674 1.63092 0.00300
v -0.87022 1.62155 0.00300
f 3817 3818 3819 3820
v -0.87022 1.62155 0.00300
v -0.86674 1.63092 0.00300
v -0.91109 1.64773 0.00300
v -0.91466 1.63839 0.00300
f 3821 3822 3823 3824
v -0.91466 1.63839 0.00300
v -0.91109 1.64773 0.00300
v -0.95654 1.66526 0.00300
v -0.96016 1.65593 0.00300
f 3825 3826 3827 3828
v -0.96016 1.65593 0.00300
v -0.95654 1.66526 0.00300
v -1.00314 1.68346 0.00300
v -1.00676 1.67413 0.00300
f 3829 3830 3831 3832
v -1.00676 1.67413 0.00300
v -1.00314 1.68346 0.00300
v -1.05187 1.70223 0.00300
v -1.05541 1.69288 0.00300
f 3833 3834 3835 3836
v -1.05541 1.69288 0.00300
v -1.05187 1.70223 0.00300
v -1.10213 1.72091 0.00300
v -1.10554 1.71151 0.00300
f 3837 3838 3839 3840
v -1.10554 1.71151 0.00300
v -1.10213 1.72091 0.00300
v -1.15439 1.73939 0.00300
v -1.15761 1.72993 0.00300
f 3841 3842 3843 3844
v -1.15761 1.72993 0.00300
v -1.15439 1.73939 0.00300
v -1.20875 1.75712 0.00300
v -1.21171 1.74757 0.00300
f 3845 3846 3847 3848
v -1.21171 1.74757 0.00300
v -1.20875 1.75712 0.00300
v -1.26552 1.77377 0.00300
v -1.26815 1.76413 0.00300
f 3849 3850 3851 3852
v -1.26815 1.76413 0.00300
v -1.26552 1.77377 0.00300
v -1.32512 1.78874 0.00300
v -1.32733 1.77899 0.00300
f 3853 3854 3855 3856
v -1.32733 1.77899 0.00300
v -1.32512 1.78874 0.00300
v -1.38763 1.80134 0.00300
v -1.38933 1.79148 0.00300
f 3857 3858 3859 3860
v -1.38933 1.79148 0.00300
v -1.38763 1.80134 0.00300
v -1.45358 1.81075 0.00300
v -1.45466 1.80081 0.00300
f 3861 3862 3863 3864
v -1.45466 1.80081 0.00300
v -1.45358 1.81075 0.00300
v -1.52255 1.81583 0.00300
v -1.52291 1.80583 0.00300
f 3865 3866 3867 3868
v -1.52291 1.80583 0.00300
v -1.52255 1.81583 0.00300
v -1.59182 1.81572 0.00300
v -1.59145 1.80572 0.00300
f 3869 3870 3871 3872
v -1.59145 1.80572 0.00300
v -1.59182 1.81572 0.00300
v -1.65601 1.81120 0.00300
v -1.65510 1.80124 0.00300
f 3873 3874 3875 3876
v -1.65510 1.80124 0.00300
v -1.65601 1.81120 0.00300
v -1.71444 1.80476 0.00300
v -1.71320 1.79483 0.00300
f 3877 3878 3879 3880
v -1.71320 1.79483 0.00300
v -1.71444 1.80476 0.00300
v -1.77146 1.79682 0.00300
v -1.76994 1.78694 0.00300
f 3881 3882 3883 3884
v -1.76994 1.78694 0.00300
v -1.77146 1.79682 0.00300
v -1.82823 1.78727 0.00300
v -1.82643 1.77743 0.00300
f 3885 3886 3887 3888
v -1.82643 1.77743 0.00300
v -1.82823 1.78727 0.00300
v -1.88437 1.77616 0.00300
v -1.88230 1.76637 0.00300
f 3889 3890 3891 3892
v -1.88230 1.76637 0.00300
v -1.88437 1.77616 0.00300
v -1.93976 1.76367 0.00300
v -1.93744 1.75395 0.00300
f 3893 3894 3895 3896
v -1.93744 1.75395 0.00300
v -1.93976 1.76367 0.00300
v -1.99518 1.74973 0.00300
v -1.99260 1.74006 0.00300
f 3897 3898 3899 3900
v -1.99260 1.74006 0.00300
v -1.99518 1.74973 0.00300
v -2.05015 1.73419 0.00300
v -2.04731 1.72460 0.00300
f 3901 3902 3903 3904
v -2.04731 1.72460 0.00300
v -2.05015 1.73419 0.00300
v -2.10451 1.71736 0.00300
v -2.10142 1.70784 0.00300
f 3905 3906 3907 3908
v -2.10142 1.70784 0.00300
v -2.10451 1.71736 0.00300
v -2.15857 1.69899 0.00300
v -2.15524 1.68957 0.00300
f 3909 3910 3911 3912
v -2.15524 1.68957 0.00300
v -2.15857 1.69899 0.00300
v -2.21216 1.67922 0.00300
v -2.20857 1.66989 0.00300
f 3913 3914 3915 3916
v -2.20857 1.66989 0.00300
v -2.21216 1.67922 0.00300
v -2.26519 1.65797 0.00300
v -2.26135 1.64874 0.00300
f 3917 3918 3919 3920
v -2.26135 1.64874 0.00300
v -2.26519 1.65797 0.00300
v -2.31764 1.63534 0.00300
v -2.31355 1.62622 0.00300
f 3921 3922 3923 3924
v -2.31355 1.62622 0.00300
v -2.31764 1.63534 0.00300
v -2.36970 1.61115 0.00300
v -2.36536 1.60214 0.00300
f 3925 3926 3927 3928
v -2.36536 1.60214 0.00300
v -2.36970 1.61115 0.00300
v -2.42108 1.58551 0.00300
v -2.41649 1.57663 0.00300
f 3929 3930 3931 3932
v -2.41649 1.57663 0.00300
v -2.42108 1.58551 0.00300
v -2.47197 1.55828 0.00300
v -2.46712 1.54953 0.00300
f 3933 3934 3935 3936
v -2.46712 1.54953 0.00300
v -2.47197 1.55828 0.00300
v -2.52227 1.52942 0.00300
v -2.51716 1.52082 0.00300
f 3937 3938 3939 3940
v -2.51716 1.52082 0.00300
v -2.52227 1.52942 0.00300
v -2.57157 1.49910 0.00300
v -2.56621 1.49066 0.00300
f 3941 3942 3943 3944
v -2.56621 1.49066 0.00300
v -2.57157 1.49910 0.00300
v -2.62025 1.46718 0.00300
v -2.61463 1.45891 0.00300
f 3945 3946 3947 3948
v -2.61463 1.45891 0.00300
v -2.62025 1.46718 0.00300
v -2.66830 1.43334 0.00300
v -2.66241 1.42526 0.00300
f 3949 3950 3951 3952
v -2.66241 1.42526 0.00300
v -2.66830 1.43334 0.00300
v -2.71544 1.39778 0.00300
v -2.70927 1.38990 0.00300
f 3953 3954 3955 3956
v -2.70927 1.38990 0.00300
v -2.71544 1.39778 0.00300
v -2.76143 1.36044 0.00300
v -2.75500 1.35278 0.00300
f 3957 3958 3959 3960
v -2.75500 1.35278 0.00300
v -2.76143 1.36044 0.00300
v -2.80589 1.32175 0.00300
v -2.79920 1.31432 0.00300
f 3961 3962 3963 3964
v -2.79920 1.31432 0.00300
v -2.80589 1.32175 0.00300
v -2.84880 1.28189 0.00300
v -2.84187 1.27467 0.00300
f 3965 3966 3967 3968
v -2.84187 1.27467 0.00300
v -2.84880 1.28189 0.00300
v -2.88990 1.24115 0.00300
v -2.88276 1.23415 0.00300
f 3969 3970 3971 3972
v -2.88276 1.23415 0.00300
v -2.88990 1.24115 0.00300
v -2.92903 1.20022 0.00300
v -2.92173 1.19339 0.00300
f 3973 3974 3975 3976
v -2.92173 1.19339 0.00300
v -2.92903 1.20022 0.00300
v -2.96678 1.15888 0.00300
v -2.95932 1.15222 0.00300
f 3977 3978 3979 3980
v -2.95932 1.15222 0.00300
v -2.96678 1.15888 0.00300
v -3.00315 1.11723 0.00300
v -2.99556 1.11071 0.00300
f 3981 3982 3983 3984
v -2.99556 1.11071 0.00300
v -3.00315 1.11723 0.00300
v -3.03873 1.07500 0.00300
v -3.03101 1.06864 0.00300
f 3985 3986 3987 3988
v -3.03101 1.06864 0.00300
v -3.03873 1.07500 0.00300
v -3.07333 1.03204 0.00300
v -3.06549 1.02583 0.00300
f 3989 3990 3991 3992
v -3.06549 1.02583 0.00300
v -3.07333 1.03204 0.00300
v -3.10670 0.98921 0.00300
v -3.09876 0.98313 0.00300
f 3993 3994 3995 3996
v -3.09876 0.98313 0.00300
v -3.10670 0.98921 0.00300
v -3.13941 0.94574 0.00300
v -3.13137 0.93979 0.00300
f 3997 3998 3999 4000
v -3.13137 0.93979 0.00300
v -3.13941 0.94574 0.00300
v -3.17140 0.90178 0.00300
v -3.16327 0.89596 0.00300
f 4001 4002 4003 4004
v -3.16327 0.89596 0.00300
v -3.17140 0.90178 0.00300
v -3.20260 0.85732 0.00300
v -3.19437 0.85164 0.00300
f 4005 4006 4007 4008
v -3.19437 0.85164 0.00300
v -3.20260 0.85732 0.00300
v -3.23293 0.81264 0.00300
v -3.22462 0.80708 0.00300
f 4009 4010 4011 4012
v -3.22462 0.80708 0.00300
v -3.23293 0.81264 0.00300
v -3.26273 0.76734 0.00300
v -3.25433 0.76192 0.00300
f 4013 4014 4015 4016
v -3.25433 0.76192 0.00300
v -3.26273 0.76734 0.00300
v -3.29181 0.72144 0.00300
v -3.28333 0.71615 0.00300
f 4017 4018 4019 4020
v -3.28333 0.71615 0.00300
v -3.29181 0.72144 0.00300
v -3.32014 0.67520 0.00300
v -3.31157 0.67005 0.00300
f 4021 4022 4023 4024
v -3.31157 0.67005 0.00300
v -3.32014 0.67520 0.00300
v -3.34778 0.62830 0.00300
v -3.33912 0.62329 0.00300
f 4025 4026 4027 4028
v -3.33912 0.62329 0.00300
v -3.34778 0.62830 0.00300
v -3.37481 0.58068 0.00300
v -3.36607 0.57583 0.00300
f 4029 4030 4031 4032
v -3.36607 0.57583 0.00300
v -3.37481 0.58068 0.00300
v -3.40094 0.53251 0.00300
v -3.39210 0.52782 0.00300
f 4033 4034 4035 4036
v -3.39210 0.52782 0.00300
v -3.40094 0.53251 0.00300
v -3.42644 0.48348 0.00300
v -3.41752 0.47896 0.00300
f 4037 4038 4039 4040
v -3.41752 0.47896 0.00300
v -3.42644 0.48348 0.00300
v -3.45110 0.43337 0.00300
v -3.44208 0.42905 0.00300
f 4041 4042 4043 4044
v -3.44208 0.42905 0.00300
v -3.45110 0.43337 0.00300
v -3.47490 0.38226 0.00300
v -3.46578 0.37816 0.00300
f 4045 4046 4047 4048
v -3.46578 0.37816 0.00300
v -3.47490 0.38226 0.00300
v -3.49768 0.32972 0.00300
v -3.48845 0.32587 0.00300
f 4049 4050 4051 4052
v -3.48845 0.32587 0.00300
v -3.49768 0.32972 0.00300
v -3.51923 0.27591 0.00300
v -3.50989 0.27234 0.00300
f 4053 4054 4055 4056
v -3.50989 0.27234 0.00300
v -3.51923 0.27591 0.00300
v -3.53969 0.21961 0.00300
v -3.53023 0.21639 0.00300
f 4057 4058 4059 4060
v -3.53023 0.21639 0.00300
v -3.53969 0.21961 0.00300
v -3.55860 0.15975 0.00300
v -3.54899 0.15699 0.00300
f 4061 4062 4063 4064
v -3.54899 0.15699 0.00300
v -3.55860 0.15975 0.00300
v -3.57477 0.09709 0.00300
v -3.56502 0.09487 0.00300
f 4065 4066 4067 4068
v -3.56502 0.09487 0.00300
v -3.57477 0.09709 0.00300
v -3.58742 0.03324 0.00300
v -3.57755 0.03158 0.00300
f 4069 4070 4071 4072
v -3.57755 0.03158 0.00300
v -3.58742 0.03324 0.00300
v -3.59639 -0.03115 0.00300
v -3.58645 -0.03225 0.00300
f 4073 4074 4075 4076
v -3.58645 -0.03225 0.00300
v -3.59639 -0.03115 0.00300
v -3.60170 -0.09563 0.00300
v -3.59171 -0.09618 0.00300
f 4077 4078 4079 4080
v -3.59171 -0.09618 0.00300
v -3.60170 -0.09563 0.00300
v -3.60350 -0.15941 0.00300
v -3.59350 -0.15944 0.00300
f 4081 4082 4083 4084
v -3.59350 -0.15944 0.00300
v -3.60350 -0.15941 0.00300
v -3.60213 -0.22212 0.00300
v -3.59214 -0.22167 0.00300
f 4085 4086 4087 4088
v -3.59214 -0.22167 0.00300
v -3.60213 -0.22212 0.00300
v -3.59792 -0.28397 0.00300
v -3.58796 -0.28307 0.00300
f 4089 4090 4091 4092
v -3.58796 -0.28307 0.00300
v -3.59792 -0.28397 0.00300
v -3.59111 -0.34443 0.00300
v -3.58120 -0.34312 0.00300
f 4093 4094 4095 4096
v -3.58120 -0.34312 0.00300
v -3.59111 -0.34443 0.00300
v -3.58218 -0.40345 0.00300
v -3.57232 -0.40178 0.00300
f 4097 4098 4099 4100
v -3.57232 -0.40178 0.00300
v -3.58218 -0.40345 0.00300
v -3.57140 -0.46103 0.00300
v -3.56160 -0.45904 0.00300
f 4101 4102 4103 4104
v -3.56160 -0.45904 0.00300
v -3.57140 -0.46103 0.00300
v -3.55908 -0.51735 0.00300
v -3.54934 -0.51508 0.00300
f 4105 4106 4107 4108
v -3.54934 -0.51508 0.00300
v -3.55908 -0.51735 0.00300
v -3.54552 -0.57221 0.00300
v -3.53584 -0.56970 0.00300
f 4109 4110 4111 4112
v -3.53584 -0.56970 0.00300
v -3.54552 -0.57221 0.00300
v -3.53106 -0.62554 0.00300
v -3.52143 -0.62284 0.00300
f 4113 4114 4115 4116
v -3.52143 -0.62284 0.00300
v -3.53106 -0.62554 0.00300
v -3.51609 -0.67725 0.00300
v -3.50650 -0.67441 0.00300
f 4117 4118 4119 4120
v -3.50650 -0.67441 0.00300
v -3.51609 -0.67725 0.00300
v -3.50072 -0.72804 0.00300
v -3.49116 -0.72509 0.00300
f 4121 4122 4123 4124
v -3.49116 -0.72509 0.00300
v -3.50072 -0.72804 0.00300
v -3.48514 -0.77758 0.00300
v -3.47561 -0.77456 0.00300
f 4125 4126 4127 4128
v -3.47561 -0.77456 0.00300
v -3.48514 -0.77758 0.00300
v -3.46984 -0.82559 0.00300
v -3.46031 -0.82256 0.00300
f 4129 4130 4131 4132
v -3.46031 -0.82256 0.00300
v -3.46984 -0.82559 0.00300
v -3.45540 -0.87111 0.00300
v -3.44584 -0.86816 0.00300
f 4133 4134 4135 4136
v -3.44584 -0.86816 0.00300
v -3.45540 -0.87111 0.00300
v -3.44252 -0.91388 0.00300
v -3.43291 -0.91112 0.00300
f 4137 4138 4139 4140
v -3.43291 -0.91112 0.00300
v -3.44252 -0.91388 0.00300
v -3.43064 -0.95741 0.00300
v -3.42098 -0.95484 0.00300
f 4141 4142 4143 4144
v -3.42098 -0.95484 0.00300
v -3.43064 -0.95741 0.00300
v -3.41858 -1.00377 0.00300
v -3.40890 -1.00127 0.00300
f 4145 4146 4147 4148
v -3.40890 -1.00127 0.00300
v -3.41858 -1.00377 0.00300
v -3.40612 -1.05241 0.00300
v -3.39644 -1.04990 0.00300
f 4149 4150 4151 4152
v -3.39644 -1.04990 0.00300
v -3.40612 -1.05241 0.00300
v -3.39273 -1.10342 0.00300
v -3.38307 -1.10081 0.00300
f 4153 4154 4155 4156
v -3.38307 -1.10081 0.00300
v -3.39273 -1.10342 0.00300
v -3.37783 -1.15694 0.00300
v -3.36823 -1.15413 0.00300
f 4157 4158 4159 4160
v -3.36823 -1.15413 0.00300
v -3.37783 -1.15694 0.00300
v -3.36065 -1.21275 0.00300
v -3.35114 -1.20964 0.00300
f 4161 4162 4163 4164
v -3.35114 -1.20964 0.00300
v -3.36065 -1.21275 0.00300
v -3.34061 -1.27032 0.00300
v -3.33125 -1.26681 0.00300
f 4165 4166 4167 4168
v -3.33125 -1.26681 0.00300
v -3.34061 -1.27032 0.00300
v -3.31642 -1.33049 0.00300
v -3.30726 -1.32647 0.00300
f 4169 4170 4171 4172
v -3.30726 -1.32647 0.00300
v -3.31642 -1.33049 0.00300
v -3.28679 -1.39226 0.00300
v -3.27794 -1.38761 0.00300
f 4173 4174 4175 4176
v -3.27794 -1.38761 0.00300
v -3.28679 -1.39226 0.00300
v -3.25092 -1.45459 0.00300
v -3.24249 -1.44922 0.00300
f 4177 4178 4179 4180
v -3.24249 -1.44922 0.00300
v -3.25092 -1.45459 0.00300
v -3.20754 -1.51631 0.00300
v -3.19965 -1.51016 0.00300
f 4181 4182 4183 4184
v -3.19965 -1.51016 0.00300
v -3.20754 -1.51631 0.00300
v -3.15631 -1.57540 0.00300
v -3.14913 -1.56845 0.00300
f 4185 4186 4187 4188
v -3.14913 -1.56845 0.00300
v -3.15631 -1.57540 0.00300
v -3.09780 -1.62945 0.00300
v -3.09144 -1.62173 0.00300
f 4189 4190 4191 4192
v -3.09144 -1.62173 0.00300
v -3.09780 -1.62945 0.00300
v -3.03381 -1.67647 0.00300
v -3.02834 -1.66810 0.00300
f 4193 4194 4195 4196
v -3.02834 -1.66810 0.00300
v -3.03381 -1.67647 0.00300
v -2.96612 -1.71561 0.00300
v -2.96158 -1.70670 0.00300
f 4197 4198 4199 4200
v -2.96158 -1.70670 0.00300
v -2.96612 -1.71561 0.00300
v -2.89613 -1.74695 0.00300
v -2.89250 -1.73763 0.00300
f 4201 4202 4203 4204
v -2.79819 -1.49534 0.00300
v -2.80181 -1.50466 0.00300
v -2.65651 -1.54096 0.00300
v -2.65289 -1.53164 0.00300
f 4205 4206 4207 4208
v -2.60456 -1.53763 0.00300
v -2.60564 -1.54757 0.00300
v -2.50594 -1.55477 0.00300
v -2.50486 -1.54483 0.00300
f 4209 4210 4211 4212
v -2.40540 -1.54680 0.00300
v -2.40540 -1.55680 0.00300
v -2.30540 -1.55520 0.00300
v -2.30540 -1.54520 0.00300
f 4213 4214 4215 4216
v -2.20575 -1.54111 0.00300
v -2.20525 -1.55109 0.00300
v -2.10535 -1.54529 0.00300
v -2.10585 -1.53531 0.00300
f 4217 4218 4219 4220
v -2.00615 -1.52841 0.00300
v -2.00545 -1.53839 0.00300
v -1.90575 -1.53109 0.00300
v -1.90645 -1.52111 0.00300
f 4221 4222 4223 4224
v -1.80666 -1.51381 0.00300
v -1.80594 -1.52379 0.00300
v -1.70614 -1.51689 0.00300
v -1.70686 -1.50691 0.00300
f 4225 4226 4227 4228
v -1.60695 -1.50101 0.00300
v -1.60645 -1.51099 0.00300
v -1.50645 -1.50679 0.00300
v -1.50695 -1.49681 0.00300
f 4229 4230 4231 4232
v -1.40673 -1.49500 0.00300
v -1.40667 -1.50500 0.00300
v -1.30667 -1.50500 0.00300
v -1.30673 -1.49500 0.00300
f 4233 4234 4235 4236
v -1.20670 -1.49500 0.00300
v -1.20670 -1.50500 0.00300
v -1.10670 -1.50500 0.00300
v -1.10670 -1.49500 0.00300
f 4237 4238 4239 4240
v -1.00660 -1.49500 0.00300
v -1.00660 -1.50500 0.00300
v -0.90660 -1.50500 0.00300
v -0.90660 -1.49500 0.00300
f 4241 4242 4243 4244
v -0.80660 -1.49500 0.00300
v -0.80660 -1.50500 0.00300
v -0.70660 -1.50500 0.00300
v -0.70660 -1.49500 0.00300
f 4245 4246 4247 4248
v -0.60660 -1.49500 0.00300
v -0.60660 -1.50500 0.00300
v -0.50650 -1.50500 0.00300
v -0.50650 -1.49500 0.00300
f 4249 4250 4251 4252
v -0.40650 -1.49500 0.00300
v -0.40650 -1.50500 0.00300
v -0.30650 -1.50500 0.00300
v -0.30650 -1.49500 0.00300
f 4253 4254 4255 4256
v -0.20650 -1.49500 0.00300
v -0.20650 -1.50500 0.00300
v -0.10640 -1.50500 0.00300
v -0.10640 -1.49500 0.00300
f 4257 4258 4259 4260
v -0.00640 -1.49500 0.00300
v -0.00640 -1.50500 0.00300
v 0.09360 -1.50500 0.00300
v 0.09360 -1.49500 0.00300
f 4261 4262 4263 4264
v 0.19360 -1.49500 0.00300
v 0.19360 -1.50500 0.00300
v 0.29360 -1.50500 0.00300
v 0.29360 -1.49500 0.00300
f 4265 4266 4267 4268
v 0.39370 -1.49500 0.00300
v 0.39370 -1.50500 0.00300
v 0.49370 -1.50500 0.00300
v 0.49370 -1.49500 0.00300
f 4269 4270 4271 4272
v 0.59370 -1.49500 0.00300
v 0.59370 -1.50500 0.00300
v 0.69370 -1.50500 0.00300
v 0.69370 -1.49500 0.00300
f 4273 4274 4275 4276
v 0.79380 -1.49500 0.00300
v 0.79380 -1.50500 0.00300
v 0.89380 -1.50500 0.00300
v 0.89380 -1.49500 0.00300
f 4277 4278 4279 4280
v 0.99380 -1.49500 0.00300
v 0.99380 -1.50500 0.00300
v 1.09380 -1.50500 0.00300
v 1.09380 -1.49500 0.00300
f 4281 4282 4283 4284
v 1.19380 -1.49500 0.00300
v 1.19380 -1.50500 0.00300
v 1.29390 -1.50500 0.00300
v 1.29390 -1.49500 0.00300
f 4285 4286 4287 4288
v 1.39392 -1.49500 0.00300
v 1.39388 -1.50500 0.00300
v 1.49388 -1.50710 0.00300
v 1.49392 -1.49710 0.00300
f 4289 4290 4291 4292
v 1.59406 -1.50281 0.00300
v 1.59334 -1.51279 0.00300
v 1.69304 -1.52109 0.00300
v 1.69376 -1.51111 0.00300
f 4293 4294 4295 4296
v 1.79341 -1.52103 0.00300
v 1.79239 -1.53097 0.00300
v 1.89189 -1.54157 0.00300
v 1.89291 -1.53163 0.00300
f 4297 4298 4299 4300
v 1.99232 -1.54233 0.00300
v 1.99128 -1.55227 0.00300
v 2.09088 -1.56227 0.00300
v 2.09192 -1.55233 0.00300
f 4301 4302 4303 4304
v 2.19137 -1.56071 0.00300
v 2.19063 -1.57069 0.00300
v 2.29053 -1.57669 0.00300
v 2.29127 -1.56671 0.00300
f 4305 4306 4307 4308
v 2.39090 -1.56900 0.00300
v 2.39090 -1.57900 0.00300
v 2.49080 -1.57620 0.00300
v 2.49080 -1.56620 0.00300
f 4309 4310 4311 4312
v 2.58957 -1.55635 0.00300
v 2.59103 -1.56625 0.00300
v 2.68903 -1.54645 0.00300
v 2.68757 -1.53655 0.00300
f 4313 4314 4315 4316
v 2.78045 -1.50364 0.00300
v 2.78455 -1.51276 0.00300
v 2.87205 -1.46456 0.00300
v 2.86795 -1.45544 0.00300
f 4317 4318 4319 4320
v 2.94741 -1.39695 0.00300
v 2.95379 -1.40465 0.00300
v 3.02719 -1.33685 0.00300
v 3.02081 -1.32915 0.00300
f 4321 4322 4323 4324
v 3.08652 -1.25505 0.00300
v 3.09428 -1.26135 0.00300
v 3.15378 -1.18105 0.00300
v 3.14602 -1.17475 0.00300
f 4325 4326 4327 4328
v 3.19867 -1.09061 0.00300
v 3.20733 -1.09559 0.00300
v 3.25423 -1.00729 0.00300
v 3.24557 -1.00231 0.00300
f 4329 4330 4331 4332
v 3.28618 -0.91160 0.00300
v 3.29542 -0.91540 0.00300
v 3.33042 -0.82180 0.00300
v 3.32118 -0.81800 0.00300
f 4333 4334 4335 4336
v 3.35038 -0.72298 0.00300
v 3.36002 -0.72562 0.00300
v 3.38352 -0.62842 0.00300
v 3.37388 -0.62578 0.00300
f 4337 4338 4339 4340
v 3.39115 -0.52789 0.00300
v 3.40105 -0.52931 0.00300
v 3.41165 -0.42991 0.00300
v 3.40175 -0.42849 0.00300
f 4341 4342 4343 4344
v 3.40540 -0.32916 0.00300
v 3.41540 -0.32924 0.00300
v 3.41360 -0.22924 0.00300
v 3.40360 -0.22916 0.00300
f 4345 4346 4347 4348
v 3.39722 -0.12982 0.00300
v 3.40718 -0.12898 0.00300
v 3.39688 -0.02948 0.00300
v 3.38692 -0.03032 0.00300
f 4349 4350 4351 4352
v 3.37316 0.06833 0.00300
v 3.38304 0.06987 0.00300
v 3.36574 0.16837 0.00300
v 3.35586 0.16683 0.00300
f 4353 4354 4355 4356
v 3.33552 0.26449 0.00300
v 3.34528 0.26671 0.00300
v 3.32158 0.36381 0.00300
v 3.31182 0.36159 0.00300
f 4357 4358 4359 4360
v 3.28491 0.45756 0.00300
v 3.29449 0.46044 0.00300
v 3.26389 0.55564 0.00300
v 3.25431 0.55276 0.00300
f 4361 4362 4363 4364
v 3.21985 0.64627 0.00300
v 3.22915 0.64993 0.00300
v 3.19005 0.74193 0.00300
v 3.18075 0.73827 0.00300
f 4365 4366 4367 4368
v 3.13660 0.82732 0.00300
v 3.14540 0.83208 0.00300
v 3.09420 0.91798 0.00300
v 3.08540 0.91322 0.00300
f 4369 4370 4371 4372
v 3.02662 0.99295 0.00300
v 3.03438 0.99925 0.00300
v 2.96808 1.07415 0.00300
v 2.96032 1.06785 0.00300
f 4373 4374 4375 4376
v 2.88896 1.13668 0.00300
v 2.89564 1.14412 0.00300
v 2.81904 1.20852 0.00300
v 2.81236 1.20108 0.00300
f 4377 4378 4379 4380
v 2.73254 1.26020 0.00300
v 2.73826 1.26840 0.00300
v 2.65466 1.32340 0.00300
v 2.64894 1.31520 0.00300
f 4381 4382 4383 4384
v 2.56309 1.36532 0.00300
v 2.56791 1.37408 0.00300
v 2.47911 1.42018 0.00300
v 2.47429 1.41142 0.00300
f 4385 4386 4387 4388
v 2.38384 1.45280 0.00300
v 2.38776 1.46200 0.00300
v 2.29466 1.49860 0.00300
v 2.29074 1.48940 0.00300
f 4389 4390 4391 4392
v 2.19629 1.52040 0.00300
v 2.19911 1.53000 0.00300
v 2.10221 1.55460 0.00300
v 2.09939 1.54500 0.00300
f 4393 4394 4395 4396
v 2.00149 1.55400 0.00300
v 2.00131 1.56400 0.00300
v 1.90211 1.55220 0.00300
v 1.90229 1.54220 0.00300
f 4397 4398 4399 4400
v 1.80786 1.51498 0.00300
v 1.80454 1.52442 0.00300
v 1.71174 1.48702 0.00300
v 1.71506 1.47758 0.00300
f 4401 4402 4403 4404
v 1.62497 1.43540 0.00300
v 1.62063 1.44440 0.00300
v 1.53053 1.40100 0.00300
v 1.53487 1.39200 0.00300
f 4405 4406 4407 4408
v 1.44318 1.35127 0.00300
v 1.43942 1.36053 0.00300
v 1.34512 1.32733 0.00300
v 1.34888 1.31807 0.00300
f 4409 4410 4411 4412
v 1.24964 1.29783 0.00300
v 1.24856 1.30777 0.00300
v 1.14876 1.30737 0.00300
v 1.14984 1.29743 0.00300
f 4413 4414 4415 4416
v 1.04949 1.31353 0.00300
v 1.05171 1.32327 0.00300
v 0.95551 1.35057 0.00300
v 0.95329 1.34083 0.00300
f 4417 4418 4419 4420
v 0.85869 1.37524 0.00300
v 0.86231 1.38456 0.00300
v 0.76961 1.42226 0.00300
v 0.76599 1.41294 0.00300
f 4421 4422 4423 4424
v 0.67353 1.45116 0.00300
v 0.67727 1.46044 0.00300
v 0.58387 1.49634 0.00300
v 0.58013 1.48706 0.00300
f 4425 4426 4427 4428
v 0.48549 1.51728 0.00300
v 0.48811 1.52692 0.00300
v 0.39031 1.54792 0.00300
v 0.38769 1.53828 0.00300
f 4429 4430 4431 4432
v 0.28949 1.54480 0.00300
v 0.28931 1.55480 0.00300
v 0.18991 1.54460 0.00300
v 0.19009 1.53460 0.00300
f 4433 4434 4435 4436
v 0.09434 1.51091 0.00300
v 0.09146 1.52049 0.00300
v -0.00304 1.48789 0.00300
v -0.00016 1.47831 0.00300
f 4437 4438 4439 4440
v -0.09248 1.44118 0.00300
v -0.09632 1.45042 0.00300
v -0.18852 1.41162 0.00300
v -0.18468 1.40238 0.00300
f 4441 4442 4443 4444
v -0.27774 1.36502 0.00300
v -0.28126 1.37438 0.00300
v -0.37576 1.34198 0.00300
v -0.37224 1.33262 0.00300
f 4445 4446 4447 4448
v -0.47006 1.30809 0.00300
v -0.47194 1.31791 0.00300
v -0.57114 1.30571 0.00300
v -0.56926 1.29589 0.00300
f 4449 4450 4451 4452
v -0.67056 1.29923 0.00300
v -0.66944 1.30917 0.00300
v -0.76784 1.32697 0.00300
v -0.76896 1.31703 0.00300
f 4453 4454 4455 4456
v -0.86613 1.34464 0.00300
v -0.86307 1.35416 0.00300
v -0.95747 1.38726 0.00300
v -0.96053 1.37774 0.00300
f 4457 4458 4459 4460
v -1.05421 1.41354 0.00300
v -1.05059 1.42286 0.00300
v -1.14389 1.45906 0.00300
v -1.14751 1.44974 0.00300
f 4461 4462 4463 4464
v -1.24131 1.48377 0.00300
v -1.23809 1.49323 0.00300
v -1.33359 1.52283 0.00300
v -1.33681 1.51337 0.00300
f 4465 4466 4467 4468
v -1.43355 1.53527 0.00300
v -1.43185 1.54513 0.00300
v -1.53125 1.55593 0.00300
v -1.53295 1.54607 0.00300
f 4469 4470 4471 4472
v -1.63145 1.54232 0.00300
v -1.63235 1.55228 0.00300
v -1.73165 1.53988 0.00300
v -1.73075 1.52992 0.00300
f 4473 4474 4475 4476
v -1.82846 1.51201 0.00300
v -1.83054 1.52179 0.00300
v -1.92784 1.49859 0.00300
v -1.92576 1.48881 0.00300
f 4477 4478 4479 4480
v -2.02116 1.46054 0.00300
v -2.02424 1.47006 0.00300
v -2.11854 1.43666 0.00300
v -2.11546 1.42714 0.00300
f 4481 4482 4483 4484
v -2.20726 1.38894 0.00300
v -2.21134 1.39806 0.00300
v -2.30144 1.35466 0.00300
v -2.29736 1.34554 0.00300
f 4485 4486 4487 4488
v -2.38435 1.29730 0.00300
v -2.38945 1.30590 0.00300
v -2.47385 1.25230 0.00300
v -2.46875 1.24370 0.00300
f 4489 4490 4491 4492
v -2.54902 1.18516 0.00300
v -2.55518 1.19304 0.00300
v -2.63178 1.12864 0.00300
v -2.62562 1.12076 0.00300
f 4493 4494 4495 4496
v -2.69723 1.05200 0.00300
v -2.70437 1.05900 0.00300
v -2.77267 0.98590 0.00300
v -2.76553 0.97890 0.00300
f 4497 4498 4499 4500
v -2.83034 0.90332 0.00300
v -2.83806 0.90968 0.00300
v -2.90016 0.83128 0.00300
v -2.89244 0.82492 0.00300
f 4501 4502 4503 4504
v -2.95173 0.74479 0.00300
v -2.95987 0.75061 0.00300
v -3.01667 0.66831 0.00300
v -3.00853 0.66249 0.00300
f 4505 4506 4507 4508
v -3.06266 0.57866 0.00300
v -3.07114 0.58394 0.00300
v -3.12264 0.49824 0.00300
v -3.11416 0.49296 0.00300
f 4509 4510 4511 4512
v -3.16248 0.40585 0.00300
v -3.17132 0.41055 0.00300
v -3.21652 0.32125 0.00300
v -3.20768 0.31655 0.00300
f 4513 4514 4515 4516
v -3.24849 0.22578 0.00300
v -3.25771 0.22962 0.00300
v -3.29341 0.13622 0.00300
v -3.28419 0.13238 0.00300
f 4517 4518 4519 4520
v -3.31153 0.03709 0.00300
v -3.32127 0.03931 0.00300
v -3.33787 -0.05919 0.00300
v -3.32813 -0.06141 0.00300
f 4521 4522 4523 4524
v -3.33350 -0.16021 0.00300
v -3.34350 -0.16019 0.00300
v -3.33900 -0.26009 0.00300
v -3.32900 -0.26011 0.00300
f 4525 4526 4527 4528
v -3.31597 -0.35837 0.00300
v -3.32583 -0.36003 0.00300
v -3.30593 -0.45803 0.00300
v -3.29607 -0.45637 0.00300
f 4529 4530 4531 4532
v -3.27109 -0.55265 0.00300
v -3.28071 -0.55535 0.00300
v -3.25231 -0.65125 0.00300
v -3.24269 -0.64855 0.00300
f 4533 4534 4535 4536
v -3.21254 -0.74379 0.00300
v -3.22206 -0.74681 0.00300
v -3.19256 -0.84231 0.00300
v -3.18304 -0.83929 0.00300
f 4537 4538 4539 4540
v -3.15716 -0.93625 0.00300
v -3.16684 -0.93875 0.00300
v -3.14174 -1.03555 0.00300
v -3.13206 -1.03305 0.00300
f 4541 4542 4543 4544
v -3.10405 -1.12874 0.00300
v -3.11355 -1.13186 0.00300
v -3.07855 -1.22546 0.00300
v -3.06905 -1.22234 0.00300
f 4545 4546 4547 4548
v -3.02308 -1.30972 0.00300
v -3.03152 -1.31508 0.00300
v -2.97012 -1.39378 0.00300
v -2.96168 -1.38842 0.00300
f 4549 4550 4551 4552
v -2.88617 -1.45041 0.00300
v -2.89163 -1.45879 0.00300
v -2.80273 -1.50419 0.00300
v -2.79727 -1.49581 0.00300
f 4553 4554 4555 4556
