#usda 1.0
(
    defaultPrim = "Track"
    upAxis = "Z"
)

def Xform "Track"
{
    def Material "Mat_grass"
    {
        token outputs:surface.connect = </Track/Mat_grass/S.outputs:surface>

        def Shader "S"
        {
            uniform token info:id = "UsdPreviewSurface"
            color3f inputs:diffuseColor = (0.32, 0.42, 0.24)
            float inputs:roughness = 0.9
            token outputs:surface
        }
    }

    def Mesh "grass" (
        prepend apiSchemas = ["MaterialBindingAPI"]
    )
    {
        int[] faceVertexCounts = [4]
        int[] faceVertexIndices = [0, 1, 2, 3]
        rel material:binding = </Track/Mat_grass>
        point3f[] points = [(-4.7758, -2.4118, 0), (4.7759, -2.4118, 0), (4.7759, 2.221, 0), (-4.7758, 2.221, 0)]
    }

    def Material "Mat_asphalt"
    {
        token outputs:surface.connect = </Track/Mat_asphalt/S.outputs:surface>

        def Shader "S"
        {
            uniform token info:id = "UsdPreviewSurface"
            color3f inputs:diffuseColor = (0.02, 0.02, 0.02)
            float inputs:roughness = 0.9
            token outputs:surface
        }
    }

    def Mesh "asphalt" (
        prepend apiSchemas = ["MaterialBindingAPI"]
    )
    {
        int[] faceVertexCounts = [4, 4, 4, 4, 4, 4, 4, 4, 4, 4, 4, 4, 4, 4, 4, 4, 4, 4, 4, 4, 4, 4, 4, 4, 4, 4, 4, 4, 4, 4, 4, 4, 4, 4, 4, 4, 4, 4, 4, 4, 4, 4, 4, 4, 4, 4, 4, 4, 4, 4, 4, 4, 4, 4, 4, 4, 4, 4, 4, 4, 4, 4, 4, 4, 4, 4, 4, 4, 4, 4, 4, 4, 4, 4, 4, 4, 4, 4, 4, 4, 4, 4, 4, 4, 4, 4, 4, 4, 4, 4, 4, 4, 4, 4, 4, 4, 4, 4, 4, 4, 4, 4, 4, 4, 4, 4, 4, 4, 4, 4, 4, 4, 4, 4, 4, 4, 4, 4, 4, 4, 4, 4, 4, 4, 4, 4, 4, 4, 4, 4, 4, 4, 4, 4, 4, 4, 4, 4, 4, 4, 4, 4, 4, 4, 4, 4, 4, 4, 4, 4, 4, 4, 4, 4, 4, 4, 4, 4, 4, 4, 4, 4, 4, 4, 4, 4, 4, 4, 4, 4, 4, 4, 4, 4, 4, 4, 4, 4, 4, 4, 4, 4, 4, 4, 4, 4, 4, 4, 4, 4, 4, 4, 4, 4, 4, 4, 4, 4, 4, 4, 4, 4, 4, 4, 4, 4, 4, 4, 4, 4, 4, 4, 4, 4, 4, 4, 4, 4, 4, 4, 4, 4, 4, 4, 4, 4, 4, 4, 4, 4, 4, 4, 4, 4, 4, 4, 4, 4, 4, 4, 4, 4, 4, 4, 4, 4, 4, 4, 4, 4, 4, 4, 4, 4, 4, 4, 4, 4, 4, 4, 4, 4, 4, 4, 4, 4, 4, 4, 4, 4, 4, 4, 4, 4, 4, 4, 4, 4, 4, 4, 4, 4, 4, 4, 4, 4, 4, 4, 4, 4, 4, 4, 4, 4, 4, 4, 4, 4, 4, 4, 4, 4, 4, 4, 4, 4, 4, 4, 4, 4, 4, 4, 4, 4, 4, 4, 4, 4, 4, 4, 4, 4, 4, 4, 4, 4, 4, 4, 4, 4, 4, 4, 4, 4, 4, 4, 4, 4, 4, 4, 4, 4, 4, 4, 4, 4, 4, 4, 4, 4, 4, 4, 4, 4, 4, 4, 4, 4, 4, 4, 4, 4, 4, 4, 4, 4, 4, 4, 4, 4, 4, 4, 4, 4, 4, 4, 4, 4, 4, 4, 4, 4, 4, 4]
        int[] faceVertexIndices = [0, 1, 2, 3, 4, 5, 6, 7, 8, 9, 10, 11, 12, 13, 14, 15, 16, 17, 18, 19, 20, 21, 22, 23, 24, 25, 26, 27, 28, 29, 30, 31, 32, 33, 34, 35, 36, 37, 38, 39, 40, 41, 42, 43, 44, 45, 46, 47, 48, 49, 50, 51, 52, 53, 54, 55, 56, 57, 58, 59, 60, 61, 62, 63, 64, 65, 66, 67, 68, 69, 70, 71, 72, 73, 74, 75, 76, 77, 78, 79, 80, 81, 82, 83, 84, 85, 86, 87, 88, 89, 90, 91, 92, 93, 94, 95, 96, 97, 98, 99, 100, 101, 102, 103, 104, 105, 106, 107, 108, 109, 110, 111, 112, 113, 114, 115, 116, 117, 118, 119, 120, 121, 122, 123, 124, 125, 126, 127, 128, 129, 130, 131, 132, 133, 134, 135, 136, 137, 138, 139, 140, 141, 142, 143, 144, 145, 146, 147, 148, 149, 150, 151, 152, 153, 154, 155, 156, 157, 158, 159, 160, 161, 162, 163, 164, 165, 166, 167, 168, 169, 170, 171, 172, 173, 174, 175, 176, 177, 178, 179, 180, 181, 182, 183, 184, 185, 186, 187, 188, 189, 190, 191, 192, 193, 194, 195, 196, 197, 198, 199, 200, 201, 202, 203, 204, 205, 206, 207, 208, 209, 210, 211, 212, 213, 214, 215, 216, 217, 218, 219, 220, 221, 222, 223, 224, 225, 226, 227, 228, 229, 230, 231, 232, 233, 234, 235, 236, 237, 238, 239, 240, 241, 242, 243, 244, 245, 246, 247, 248, 249, 250, 251, 252, 253, 254, 255, 256, 257, 258, 259, 260, 261, 262, 263, 264, 265, 266, 267, 268, 269, 270, 271, 272, 273, 274, 275, 276, 277, 278, 279, 280, 281, 282, 283, 284, 285, 286, 287, 288, 289, 290, 291, 292, 293, 294, 295, 296, 297, 298, 299, 300, 301, 302, 303, 304, 305, 306, 307, 308, 309, 310, 311, 312, 313, 314, 315, 316, 317, 318, 319, 320, 321, 322, 323, 324, 325, 326, 327, 328, 329, 330, 331, 332, 333, 334, 335, 336, 337, 338, 339, 340, 341, 342, 343, 344, 345, 346, 347, 348, 349, 350, 351, 352, 353, 354, 355, 356, 357, 358, 359, 360, 361, 362, 363, 364, 365, 366, 367, 368, 369, 370, 371, 372, 373, 374, 375, 376, 377, 378, 379, 380, 381, 382, 383, 384, 385, 386, 387, 388, 389, 390, 391, 392, 393, 394, 395, 396, 397, 398, 399, 400, 401, 402, 403, 404, 405, 406, 407, 408, 409, 410, 411, 412, 413, 414, 415, 416, 417, 418, 419, 420, 421, 422, 423, 424, 425, 426, 427, 428, 429, 430, 431, 432, 433, 434, 435, 436, 437, 438, 439, 440, 441, 442, 443, 444, 445, 446, 447, 448, 449, 450, 451, 452, 453, 454, 455, 456, 457, 458, 459, 460, 461, 462, 463, 464, 465, 466, 467, 468, 469, 470, 471, 472, 473, 474, 475, 476, 477, 478, 479, 480, 481, 482, 483, 484, 485, 486, 487, 488, 489, 490, 491, 492, 493, 494, 495, 496, 497, 498, 499, 500, 501, 502, 503, 504, 505, 506, 507, 508, 509, 510, 511, 512, 513, 514, 515, 516, 517, 518, 519, 520, 521, 522, 523, 524, 525, 526, 527, 528, 529, 530, 531, 532, 533, 534, 535, 536, 537, 538, 539, 540, 541, 542, 543, 544, 545, 546, 547, 548, 549, 550, 551, 552, 553, 554, 555, 556, 557, 558, 559, 560, 561, 562, 563, 564, 565, 566, 567, 568, 569, 570, 571, 572, 573, 574, 575, 576, 577, 578, 579, 580, 581, 582, 583, 584, 585, 586, 587, 588, 589, 590, 591, 592, 593, 594, 595, 596, 597, 598, 599, 600, 601, 602, 603, 604, 605, 606, 607, 608, 609, 610, 611, 612, 613, 614, 615, 616, 617, 618, 619, 620, 621, 622, 623, 624, 625, 626, 627, 628, 629, 630, 631, 632, 633, 634, 635, 636, 637, 638, 639, 640, 641, 642, 643, 644, 645, 646, 647, 648, 649, 650, 651, 652, 653, 654, 655, 656, 657, 658, 659, 660, 661, 662, 663, 664, 665, 666, 667, 668, 669, 670, 671, 672, 673, 674, 675, 676, 677, 678, 679, 680, 681, 682, 683, 684, 685, 686, 687, 688, 689, 690, 691, 692, 693, 694, 695, 696, 697, 698, 699, 700, 701, 702, 703, 704, 705, 706, 707, 708, 709, 710, 711, 712, 713, 714, 715, 716, 717, 718, 719, 720, 721, 722, 723, 724, 725, 726, 727, 728, 729, 730, 731, 732, 733, 734, 735, 736, 737, 738, 739, 740, 741, 742, 743, 744, 745, 746, 747, 748, 749, 750, 751, 752, 753, 754, 755, 756, 757, 758, 759, 760, 761, 762, 763, 764, 765, 766, 767, 768, 769, 770, 771, 772, 773, 774, 775, 776, 777, 778, 779, 780, 781, 782, 783, 784, 785, 786, 787, 788, 789, 790, 791, 792, 793, 794, 795, 796, 797, 798, 799, 800, 801, 802, 803, 804, 805, 806, 807, 808, 809, 810, 811, 812, 813, 814, 815, 816, 817, 818, 819, 820, 821, 822, 823, 824, 825, 826, 827, 828, 829, 830, 831, 832, 833, 834, 835, 836, 837, 838, 839, 840, 841, 842, 843, 844, 845, 846, 847, 848, 849, 850, 851, 852, 853, 854, 855, 856, 857, 858, 859, 860, 861, 862, 863, 864, 865, 866, 867, 868, 869, 870, 871, 872, 873, 874, 875, 876, 877, 878, 879, 880, 881, 882, 883, 884, 885, 886, 887, 888, 889, 890, 891, 892, 893, 894, 895, 896, 897, 898, 899, 900, 901, 902, 903, 904, 905, 906, 907, 908, 909, 910, 911, 912, 913, 914, 915, 916, 917, 918, 919, 920, 921, 922, 923, 924, 925, 926, 927, 928, 929, 930, 931, 932, 933, 934, 935, 936, 937, 938, 939, 940, 941, 942, 943, 944, 945, 946, 947, 948, 949, 950, 951, 952, 953, 954, 955, 956, 957, 958, 959, 960, 961, 962, 963, 964, 965, 966, 967, 968, 969, 970, 971, 972, 973, 974, 975, 976, 977, 978, 979, 980, 981, 982, 983, 984, 985, 986, 987, 988, 989, 990, 991, 992, 993, 994, 995, 996, 997, 998, 999, 1000, 1001, 1002, 1003, 1004, 1005, 1006, 1007, 1008, 1009, 1010, 1011, 1012, 1013, 1014, 1015, 1016, 1017, 1018, 1019, 1020, 1021, 1022, 1023, 1024, 1025, 1026, 1027, 1028, 1029, 1030, 1031, 1032, 1033, 1034, 1035, 1036, 1037, 1038, 1039, 1040, 1041, 1042, 1043, 1044, 1045, 1046, 1047, 1048, 1049, 1050, 1051, 1052, 1053, 1054, 1055, 1056, 1057, 1058, 1059, 1060, 1061, 1062, 1063, 1064, 1065, 1066, 1067, 1068, 1069, 1070, 1071, 1072, 1073, 1074, 1075, 1076, 1077, 1078, 1079, 1080, 1081, 1082, 1083, 1084, 1085, 1086, 1087, 1088, 1089, 1090, 1091, 1092, 1093, 1094, 1095, 1096, 1097, 1098, 1099, 1100, 1101, 1102, 1103, 1104, 1105, 1106, 1107, 1108, 1109, 1110, 1111, 1112, 1113, 1114, 1115, 1116, 1117, 1118, 1119, 1120, 1121, 1122, 1123, 1124, 1125, 1126, 1127, 1128, 1129, 1130, 1131, 1132, 1133, 1134, 1135, 1136, 1137, 1138, 1139, 1140, 1141, 1142, 1143, 1144, 1145, 1146, 1147, 1148, 1149, 1150, 1151, 1152, 1153, 1154, 1155, 1156, 1157, 1158, 1159, 1160, 1161, 1162, 1163, 1164, 1165, 1166, 1167, 1168, 1169, 1170, 1171, 1172, 1173, 1174, 1175, 1176, 1177, 1178, 1179, 1180, 1181, 1182, 1183, 1184, 1185, 1186, 1187, 1188, 1189, 1190, 1191, 1192, 1193, 1194, 1195, 1196, 1197, 1198, 1199, 1200, 1201, 1202, 1203, 1204, 1205, 1206, 1207, 1208, 1209, 1210, 1211, 1212, 1213, 1214, 1215, 1216, 1217, 1218, 1219, 1220, 1221, 1222, 1223, 1224, 1225, 1226, 1227, 1228, 1229, 1230, 1231, 1232, 1233, 1234, 1235, 1236, 1237, 1238, 1239, 1240, 1241, 1242, 1243, 1244, 1245, 1246, 1247, 1248, 1249, 1250, 1251, 1252, 1253, 1254, 1255, 1256, 1257, 1258, 1259, 1260, 1261, 1262, 1263, 1264, 1265, 1266, 1267, 1268, 1269, 1270, 1271, 1272, 1273, 1274, 1275, 1276, 1277, 1278, 1279, 1280, 1281, 1282, 1283, 1284, 1285, 1286, 1287, 1288, 1289, 1290, 1291, 1292, 1293, 1294, 1295, 1296, 1297, 1298, 1299, 1300, 1301, 1302, 1303, 1304, 1305, 1306, 1307, 1308, 1309, 1310, 1311, 1312, 1313, 1314, 1315, 1316, 1317, 1318, 1319, 1320, 1321, 1322, 1323, 1324, 1325, 1326, 1327, 1328, 1329, 1330, 1331, 1332, 1333, 1334, 1335, 1336, 1337, 1338, 1339, 1340, 1341, 1342, 1343, 1344, 1345, 1346, 1347, 1348, 1349, 1350, 1351, 1352, 1353, 1354, 1355, 1356, 1357, 1358, 1359, 1360, 1361, 1362, 1363, 1364, 1365, 1366, 1367, 1368, 1369, 1370, 1371, 1372, 1373, 1374, 1375, 1376, 1377, 1378, 1379, 1380, 1381, 1382, 1383, 1384, 1385, 1386, 1387, 1388, 1389, 1390, 1391, 1392, 1393, 1394, 1395, 1396, 1397, 1398, 1399, 1400, 1401, 1402, 1403, 1404, 1405, 1406, 1407, 1408, 1409, 1410, 1411, 1412, 1413, 1414, 1415, 1416, 1417, 1418, 1419, 1420, 1421, 1422, 1423, 1424, 1425, 1426, 1427, 1428, 1429, 1430, 1431, 1432, 1433, 1434, 1435, 1436, 1437, 1438, 1439, 1440, 1441, 1442, 1443, 1444, 1445, 1446, 1447, 1448, 1449, 1450, 1451, 1452, 1453, 1454, 1455, 1456, 1457, 1458, 1459, 1460, 1461, 1462, 1463, 1464, 1465, 1466, 1467, 1468, 1469, 1470, 1471, 1472, 1473, 1474, 1475, 1476, 1477, 1478, 1479, 1480, 1481, 1482, 1483, 1484, 1485, 1486, 1487, 1488, 1489, 1490, 1491, 1492, 1493, 1494, 1495, 1496, 1497, 1498, 1499, 1500, 1501, 1502, 1503, 1504, 1505, 1506, 1507, 1508, 1509, 1510, 1511, 1512, 1513, 1514, 1515, 1516, 1517, 1518, 1519, 1520, 1521, 1522, 1523, 1524, 1525, 1526, 1527, 1528, 1529, 1530, 1531, 1532, 1533, 1534, 1535]
        rel material:binding = </Track/Mat_asphalt>
        point3f[] points = [(-2.7254565, -1.2509152, 0.001), (-2.8745437, -1.7490848, 0.001), (-2.8140256, -1.7656193, 0.001), (-2.6893742, -1.2607807, 0.001), (-2.6893742, -1.2607807, 0.001), (-2.8140256, -1.7656193, 0.001), (-2.7534902, -1.7790108, 0.001), (-2.6521099, -1.2689892, 0.001), (-2.6521099, -1.2689892, 0.001), (-2.7534902, -1.7790108, 0.001), (-2.6938965, -1.7895583, 0.001), (-2.6133034, -1.2758417, 0.001), (-2.6133034, -1.2758417, 0.001), (-2.6938965, -1.7895583, 0.001), (-2.634906, -1.7976565, 0.001), (-2.573094, -1.2813435, 0.001), (-2.573094, -1.2813435, 0.001), (-2.634906, -1.7976565, 0.001), (-2.576522, -1.80364, 0.001), (-2.531878, -1.28556, 0.001), (-2.531878, -1.28556, 0.001), (-2.576522, -1.80364, 0.001), (-2.5195134, -1.8076487, 0.001), (-2.4888866, -1.2885513, 0.001), (-2.4888866, -1.2885513, 0.001), (-2.5195134, -1.8076487, 0.001), (-2.4632945, -1.8103409, 0.001), (-2.4451056, -1.2906591, 0.001), (-2.4451056, -1.2906591, 0.001), (-2.4632945, -1.8103409, 0.001), (-2.4075763, -1.811578, 0.001), (-2.4008236, -1.2916219, 0.001), (-2.4008236, -1.2916219, 0.001), (-2.4075763, -1.811578, 0.001), (-2.3528013, -1.8117968, 0.001), (-2.3553987, -1.2918032, 0.001), (-2.3553987, -1.2918032, 0.001), (-2.3528013, -1.8117968, 0.001), (-2.2986467, -1.8110428, 0.001), (-2.3095534, -1.2911572, 0.001), (-2.3095534, -1.2911572, 0.001), (-2.2986467, -1.8110428, 0.001), (-2.2449145, -1.8095412, 0.001), (-2.2630854, -1.2898588, 0.001), (-2.2630854, -1.2898588, 0.001), (-2.2449145, -1.8095412, 0.001), (-2.1917934, -1.8073133, 0.001), (-2.2162066, -1.2878867, 0.001), (-2.2162066, -1.2878867, 0.001), (-2.1917934, -1.8073133, 0.001), (-2.1394627, -1.8045933, 0.001), (-2.1685371, -1.2854067, 0.001), (-2.1685371, -1.2854067, 0.001), (-2.1394627, -1.8045933, 0.001), (-2.087636, -1.8014846, 0.001), (-2.120364, -1.2825155, 0.001), (-2.120364, -1.2825155, 0.001), (-2.087636, -1.8014846, 0.001), (-2.036167, -1.7980808, 0.001), (-2.0720332, -1.2793192, 0.001), (-2.0720332, -1.2793192, 0.001), (-2.036167, -1.7980808, 0.001), (-1.9849933, -1.7943896, 0.001), (-2.0234067, -1.2758104, 0.001), (-2.0234067, -1.2758104, 0.001), (-1.9849933, -1.7943896, 0.001), (-1.9342192, -1.7905312, 0.001), (-1.9741808, -1.2720689, 0.001), (-1.9741808, -1.2720689, 0.001), (-1.9342192, -1.7905312, 0.001), (-1.8840412, -1.7866095, 0.001), (-1.9245589, -1.2681905, 0.001), (-1.9245589, -1.2681905, 0.001), (-1.8840412, -1.7866095, 0.001), (-1.8341411, -1.7827095, 0.001), (-1.8746588, -1.2642905, 0.001), (-1.8746588, -1.2642905, 0.001), (-1.8341411, -1.7827095, 0.001), (-1.7847576, -1.7788494, 0.001), (-1.8242425, -1.2603506, 0.001), (-1.8242425, -1.2603506, 0.001), (-1.7847576, -1.7788494, 0.001), (-1.7356327, -1.7752073, 0.001), (-1.7735673, -1.2565928, 0.001), (-1.7735673, -1.2565928, 0.001), (-1.7356327, -1.7752073, 0.001), (-1.6870432, -1.7716998, 0.001), (-1.7223568, -1.2529002, 0.001), (-1.7223568, -1.2529002, 0.001), (-1.6870432, -1.7716998, 0.001), (-1.6388694, -1.7686176, 0.001), (-1.6705306, -1.2495824, 0.001), (-1.6705306, -1.2495824, 0.001), (-1.6388694, -1.7686176, 0.001), (-1.5906805, -1.7658217, 0.001), (-1.6187196, -1.2465782, 0.001), (-1.6187196, -1.2465782, 0.001), (-1.5906805, -1.7658217, 0.001), (-1.5432711, -1.7634487, 0.001), (-1.566129, -1.2439513, 0.001), (-1.566129, -1.2439513, 0.001), (-1.5432711, -1.7634487, 0.001), (-1.4966439, -1.7616751, 0.001), (-1.5127561, -1.2419249, 0.001), (-1.5127561, -1.2419249, 0.001), (-1.4966439, -1.7616751, 0.001), (-1.4500254, -1.760558, 0.001), (-1.4593745, -1.2406421, 0.001), (-1.4593745, -1.2406421, 0.001), (-1.4500254, -1.760558, 0.001), (-1.4030432, -1.7599953, 0.001), (-1.4061569, -1.2400047, 0.001), (-1.4061569, -1.2400047, 0.001), (-1.4030432, -1.7599953, 0.001), (-1.3545, -1.76, 0.001), (-1.3545, -1.24, 0.001), (-1.3545, -1.24, 0.001), (-1.3545, -1.76, 0.001), (-1.3045, -1.76, 0.001), (-1.3045, -1.24, 0.001), (-1.3045, -1.24, 0.001), (-1.3045, -1.76, 0.001), (-1.2544, -1.76, 0.001), (-1.2544, -1.24, 0.001), (-1.2544, -1.24, 0.001), (-1.2544, -1.76, 0.001), (-1.2044, -1.76, 0.001), (-1.2044, -1.24, 0.001), (-1.2044, -1.24, 0.001), (-1.2044, -1.76, 0.001), (-1.1543, -1.76, 0.001), (-1.1543, -1.24, 0.001), (-1.1543, -1.24, 0.001), (-1.1543, -1.76, 0.001), (-1.1042, -1.76, 0.001), (-1.1042, -1.24, 0.001), (-1.1042, -1.24, 0.001), (-1.1042, -1.76, 0.001), (-1.0542, -1.76, 0.001), (-1.0542, -1.24, 0.001), (-1.0542, -1.24, 0.001), (-1.0542, -1.76, 0.001), (-1.0041, -1.76, 0.001), (-1.0041, -1.24, 0.001), (-1.0041, -1.24, 0.001), (-1.0041, -1.76, 0.001), (-0.9541, -1.76, 0.001), (-0.9541, -1.24, 0.001), (-0.9541, -1.24, 0.001), (-0.9541, -1.76, 0.001), (-0.904, -1.76, 0.001), (-0.904, -1.24, 0.001), (-0.904, -1.24, 0.001), (-0.904, -1.76, 0.001), (-0.8539, -1.76, 0.001), (-0.8539, -1.24, 0.001), (-0.8539, -1.24, 0.001), (-0.8539, -1.76, 0.001), (-0.8039, -1.76, 0.001), (-0.8039, -1.24, 0.001), (-0.8039, -1.24, 0.001), (-0.8039, -1.76, 0.001), (-0.7538, -1.76, 0.001), (-0.7538, -1.24, 0.001), (-0.7538, -1.24, 0.001), (-0.7538, -1.76, 0.001), (-0.7038, -1.76, 0.001), (-0.7038, -1.24, 0.001), (-0.7038, -1.24, 0.001), (-0.7038, -1.76, 0.001), (-0.6537, -1.76, 0.001), (-0.6537, -1.24, 0.001), (-0.6537, -1.24, 0.001), (-0.6537, -1.76, 0.001), (-0.6036, -1.76, 0.001), (-0.6036, -1.24, 0.001), (-0.6036, -1.24, 0.001), (-0.6036, -1.76, 0.001), (-0.5536, -1.76, 0.001), (-0.5536, -1.24, 0.001), (-0.5536, -1.24, 0.001), (-0.5536, -1.76, 0.001), (-0.5035, -1.76, 0.001), (-0.5035, -1.24, 0.001), (-0.5035, -1.24, 0.001), (-0.5035, -1.76, 0.001), (-0.4535, -1.76, 0.001), (-0.4535, -1.24, 0.001), (-0.4535, -1.24, 0.001), (-0.4535, -1.76, 0.001), (-0.4034, -1.76, 0.001), (-0.4034, -1.24, 0.001), (-0.4034, -1.24, 0.001), (-0.4034, -1.76, 0.001), (-0.3533, -1.76, 0.001), (-0.3533, -1.24, 0.001), (-0.3533, -1.24, 0.001), (-0.3533, -1.76, 0.001), (-0.3033, -1.76, 0.001), (-0.3033, -1.24, 0.001), (-0.3033, -1.24, 0.001), (-0.3033, -1.76, 0.001), (-0.2532, -1.76, 0.001), (-0.2532, -1.24, 0.001), (-0.2532, -1.24, 0.001), (-0.2532, -1.76, 0.001), (-0.2032, -1.76, 0.001), (-0.2032, -1.24, 0.001), (-0.2032, -1.24, 0.001), (-0.2032, -1.76, 0.001), (-0.1531, -1.76, 0.001), (-0.1531, -1.24, 0.001), (-0.1531, -1.24, 0.001), (-0.1531, -1.76, 0.001), (-0.103, -1.76, 0.001), (-0.103, -1.24, 0.001), (-0.103, -1.24, 0.001), (-0.103, -1.76, 0.001), (-0.053, -1.76, 0.001), (-0.053, -1.24, 0.001), (-0.053, -1.24, 0.001), (-0.053, -1.76, 0.001), (-0.0029, -1.76, 0.001), (-0.0029, -1.24, 0.001), (-0.0029, -1.24, 0.001), (-0.0029, -1.76, 0.001), (0.0471, -1.76, 0.001), (0.0471, -1.24, 0.001), (0.0471, -1.24, 0.001), (0.0471, -1.76, 0.001), (0.0972, -1.76, 0.001), (0.0972, -1.24, 0.001), (0.0972, -1.24, 0.001), (0.0972, -1.76, 0.001), (0.1473, -1.76, 0.001), (0.1473, -1.24, 0.001), (0.1473, -1.24, 0.001), (0.1473, -1.76, 0.001), (0.1973, -1.76, 0.001), (0.1973, -1.24, 0.001), (0.1973, -1.24, 0.001), (0.1973, -1.76, 0.001), (0.2474, -1.76, 0.001), (0.2474, -1.24, 0.001), (0.2474, -1.24, 0.001), (0.2474, -1.76, 0.001), (0.2974, -1.76, 0.001), (0.2974, -1.24, 0.001), (0.2974, -1.24, 0.001), (0.2974, -1.76, 0.001), (0.3475, -1.76, 0.001), (0.3475, -1.24, 0.001), (0.3475, -1.24, 0.001), (0.3475, -1.76, 0.001), (0.3976, -1.76, 0.001), (0.3976, -1.24, 0.001), (0.3976, -1.24, 0.001), (0.3976, -1.76, 0.001), (0.4476, -1.76, 0.001), (0.4476, -1.24, 0.001), (0.4476, -1.24, 0.001), (0.4476, -1.76, 0.001), (0.4977, -1.76, 0.001), (0.4977, -1.24, 0.001), (0.4977, -1.24, 0.001), (0.4977, -1.76, 0.001), (0.5477, -1.76, 0.001), (0.5477, -1.24, 0.001), (0.5477, -1.24, 0.001), (0.5477, -1.76, 0.001), (0.5978, -1.76, 0.001), (0.5978, -1.24, 0.001), (0.5978, -1.24, 0.001), (0.5978, -1.76, 0.001), (0.6479, -1.76, 0.001), (0.6479, -1.24, 0.001), (0.6479, -1.24, 0.001), (0.6479, -1.76, 0.001), (0.6979, -1.76, 0.001), (0.6979, -1.24, 0.001), (0.6979, -1.24, 0.001), (0.6979, -1.76, 0.001), (0.748, -1.76, 0.001), (0.748, -1.24, 0.001), (0.748, -1.24, 0.001), (0.748, -1.76, 0.001), (0.798, -1.76, 0.001), (0.798, -1.24, 0.001), (0.798, -1.24, 0.001), (0.798, -1.76, 0.001), (0.8481, -1.76, 0.001), (0.8481, -1.24, 0.001), (0.8481, -1.24, 0.001), (0.8481, -1.76, 0.001), (0.8982, -1.76, 0.001), (0.8982, -1.24, 0.001), (0.8982, -1.24, 0.001), (0.8982, -1.76, 0.001), (0.9482, -1.76, 0.001), (0.9482, -1.24, 0.001), (0.9482, -1.24, 0.001), (0.9482, -1.76, 0.001), (0.9983, -1.76, 0.001), (0.9983, -1.24, 0.001), (0.9983, -1.24, 0.001), (0.9983, -1.76, 0.001), (1.0483, -1.76, 0.001), (1.0483, -1.24, 0.001), (1.0483, -1.24, 0.001), (1.0483, -1.76, 0.001), (1.0984, -1.76, 0.001), (1.0984, -1.24, 0.001), (1.0984, -1.24, 0.001), (1.0984, -1.76, 0.001), (1.1485, -1.76, 0.001), (1.1485, -1.24, 0.001), (1.1485, -1.24, 0.001), (1.1485, -1.76, 0.001), (1.1985, -1.76, 0.001), (1.1985, -1.24, 0.001), (1.1985, -1.24, 0.001), (1.1985, -1.76, 0.001), (1.2486, -1.76, 0.001), (1.2486, -1.24, 0.001), (1.2486, -1.24, 0.001), (1.2486, -1.76, 0.001), (1.2987, -1.76, 0.001), (1.2987, -1.24, 0.001), (1.2987, -1.24, 0.001), (1.2987, -1.76, 0.001), (1.3487, -1.76, 0.001), (1.3487, -1.24, 0.001), (1.3487, -1.24, 0.001), (1.3487, -1.76, 0.001), (1.3975013, -1.7599968, 0.001), (1.4000987, -1.2400032, 0.001), (1.4000987, -1.2400032, 0.001), (1.3975013, -1.7599968, 0.001), (1.4446447, -1.7604668, 0.001), (1.4529554, -1.2405332, 0.001), (1.4529554, -1.2405332, 0.001), (1.4446447, -1.7604668, 0.001), (1.4911113, -1.7614833, 0.001), (1.5066887, -1.2417167, 0.001), (1.5066887, -1.2417167, 0.001), (1.4911113, -1.7614833, 0.001), (1.5377303, -1.76326, 0.001), (1.5600697, -1.2437401, 0.001), (1.5600697, -1.2437401, 0.001), (1.5377303, -1.76326, 0.001), (1.5853982, -1.7655492, 0.001), (1.6124017, -1.2462509, 0.001), (1.6124017, -1.2462509, 0.001), (1.5853982, -1.7655492, 0.001), (1.6333125, -1.7682323, 0.001), (1.6644875, -1.2491677, 0.001), (1.6644875, -1.2491677, 0.001), (1.6333125, -1.7682323, 0.001), (1.6811432, -1.7712997, 0.001), (1.7164569, -1.2525003, 0.001), (1.7164569, -1.2525003, 0.001), (1.6811432, -1.7712997, 0.001), (1.7298515, -1.7748086, 0.001), (1.7677485, -1.2561914, 0.001), (1.7677485, -1.2561914, 0.001), (1.7298515, -1.7748086, 0.001), (1.7789576, -1.7784494, 0.001), (1.8184425, -1.2599506, 0.001), (1.8184425, -1.2599506, 0.001), (1.7789576, -1.7784494, 0.001), (1.8283411, -1.7823095, 0.001), (1.8688588, -1.2638905, 0.001), (1.8688588, -1.2638905, 0.001), (1.8283411, -1.7823095, 0.001), (1.8782412, -1.7862096, 0.001), (1.9187589, -1.2677904, 0.001), (1.9187589, -1.2677904, 0.001), (1.8782412, -1.7862096, 0.001), (1.9283993, -1.7901295, 0.001), (1.9684007, -1.2716705, 0.001), (1.9684007, -1.2716705, 0.001), (1.9283993, -1.7901295, 0.001), (1.9790933, -1.7939897, 0.001), (2.0175066, -1.2754104, 0.001), (2.0175066, -1.2754104, 0.001), (1.9790933, -1.7939897, 0.001), (2.0301263, -1.797664, 0.001), (2.0664737, -1.2789359, 0.001), (2.0664737, -1.2789359, 0.001), (2.0301263, -1.797664, 0.001), (2.0815773, -1.8011681, 0.001), (2.1148226, -1.2822319, 0.001), (2.1148226, -1.2822319, 0.001), (2.0815773, -1.8011681, 0.001), (2.1336627, -1.8042933, 0.001), (2.1627371, -1.2851068, 0.001), (2.1627371, -1.2851068, 0.001), (2.1336627, -1.8042933, 0.001), (2.1857343, -1.807001, 0.001), (2.2106657, -1.287599, 0.001), (2.2106657, -1.287599, 0.001), (2.1857343, -1.807001, 0.001), (2.238846, -1.8093317, 0.001), (2.257554, -1.2896683, 0.001), (2.257554, -1.2896683, 0.001), (2.238846, -1.8093317, 0.001), (2.2922275, -1.8108314, 0.001), (2.3041725, -1.2909687, 0.001), (2.3041725, -1.2909687, 0.001), (2.2922275, -1.8108314, 0.001), (2.3462222, -1.8117917, 0.001), (2.3503778, -1.2918082, 0.001), (2.3503778, -1.2918082, 0.001), (2.3462222, -1.8117917, 0.001), (2.401157, -1.8116843, 0.001), (2.395443, -1.2917157, 0.001), (2.395443, -1.2917157, 0.001), (2.401157, -1.8116843, 0.001), (2.4567075, -1.8105673, 0.001), (2.4400926, -1.2908328, 0.001), (2.4400926, -1.2908328, 0.001), (2.4567075, -1.8105673, 0.001), (2.5129516, -1.8080925, 0.001), (2.4838483, -1.2889075, 0.001), (2.4838483, -1.2889075, 0.001), (2.5129516, -1.8080925, 0.001), (2.5701067, -1.804184, 0.001), (2.5264933, -1.2860161, 0.001), (2.5264933, -1.2860161, 0.001), (2.5701067, -1.804184, 0.001), (2.6277952, -1.79841, 0.001), (2.5686047, -1.2817899, 0.001), (2.5686047, -1.2817899, 0.001), (2.6277952, -1.79841, 0.001), (2.6867878, -1.7907602, 0.001), (2.608812, -1.2766398, 0.001), (2.608812, -1.2766398, 0.001), (2.6867878, -1.7907602, 0.001), (2.74674, -1.7803173, 0.001), (2.64746, -1.2698827, 0.001), (2.64746, -1.2698827, 0.001), (2.74674, -1.7803173, 0.001), (2.8070405, -1.7673331, 0.001), (2.6849597, -1.2618668, 0.001), (2.6849597, -1.2618668, 0.001), (2.8070405, -1.7673331, 0.001), (2.8676085, -1.7510804, 0.001), (2.7211914, -1.2521195, 0.001), (2.7211914, -1.2521195, 0.001), (2.8676085, -1.7510804, 0.001), (2.9254873, -1.7326652, 0.001), (2.7587128, -1.2401347, 0.001), (2.7587128, -1.2401347, 0.001), (2.9254873, -1.7326652, 0.001), (2.9811752, -1.7126883, 0.001), (2.797225, -1.2263117, 0.001), (2.797225, -1.2263117, 0.001), (2.9811752, -1.7126883, 0.001), (3.035921, -1.6909077, 0.001), (2.8354788, -1.2110922, 0.001), (2.8354788, -1.2110922, 0.001), (3.035921, -1.6909077, 0.001), (3.0895994, -1.6674082, 0.001), (2.8736007, -1.1943917, 0.001), (2.8736007, -1.1943917, 0.001), (3.0895994, -1.6674082, 0.001), (3.1424513, -1.6422621, 0.001), (2.9111485, -1.1765379, 0.001), (2.9111485, -1.1765379, 0.001), (3.1424513, -1.6422621, 0.001), (3.1940784, -1.6155307, 0.001), (2.9483216, -1.1572694, 0.001), (2.9483216, -1.1572694, 0.001), (3.1940784, -1.6155307, 0.001), (3.2448905, -1.5873299, 0.001), (2.9851096, -1.1368701, 0.001), (2.9851096, -1.1368701, 0.001), (3.2448905, -1.5873299, 0.001), (3.2946, -1.5575631, 0.001), (3.0212, -1.115237, 0.001), (3.0212, -1.115237, 0.001), (3.2946, -1.5575631, 0.001), (3.3433623, -1.5264698, 0.001), (3.0568376, -1.0925303, 0.001), (3.0568376, -1.0925303, 0.001), (3.3433623, -1.5264698, 0.001), (3.3910704, -1.4938704, 0.001), (3.0919297, -1.0685296, 0.001), (3.0919297, -1.0685296, 0.001), (3.3910704, -1.4938704, 0.001), (3.4375842, -1.4602113, 0.001), (3.126416, -1.0435888, 0.001), (3.126416, -1.0435888, 0.001), (3.4375842, -1.4602113, 0.001), (3.4832957, -1.4249833, 0.001), (3.1601043, -1.0176167, 0.001), (3.1601043, -1.0176167, 0.001), (3.4832957, -1.4249833, 0.001), (3.5277152, -1.3887116, 0.001), (3.1930847, -0.9906884, 0.001), (3.1930847, -0.9906884, 0.001), (3.5277152, -1.3887116, 0.001), (3.5711956, -1.3510832, 0.001), (3.2254043, -0.9627169, 0.001), (3.2254043, -0.9627169, 0.001), (3.5711956, -1.3510832, 0.001), (3.6139128, -1.3119432, 0.001), (3.2564874, -0.9342568, 0.001), (3.2564874, -0.9342568, 0.001), (3.6139128, -1.3119432, 0.001), (3.6551073, -1.2716879, 0.001), (3.2868927, -0.9045121, 0.001), (3.2868927, -0.9045121, 0.001), (3.6551073, -1.2716879, 0.001), (3.6949954, -1.2306458, 0.001), (3.3168046, -0.87375414, 0.001), (3.3168046, -0.87375414, 0.001), (3.6949954, -1.2306458, 0.001), (3.7342556, -1.1877764, 0.001), (3.3451445, -0.8428235, 0.001), (3.3451445, -0.8428235, 0.001), (3.7342556, -1.1877764, 0.001), (3.7720163, -1.1437734, 0.001), (3.3725839, -0.81082654, 0.001), (3.3725839, -0.81082654, 0.001), (3.7720163, -1.1437734, 0.001), (3.8087375, -1.0984019, 0.001), (3.3988626, -0.7783981, 0.001), (3.3988626, -0.7783981, 0.001), (3.8087375, -1.0984019, 0.001), (3.843969, -1.0516024, 0.001), (3.423831, -0.7451976, 0.001), (3.423831, -0.7451976, 0.001), (3.843969, -1.0516024, 0.001), (3.8777235, -1.0038143, 0.001), (3.4478765, -0.7111857, 0.001), (3.4478765, -0.7111857, 0.001), (3.8777235, -1.0038143, 0.001), (3.9104457, -0.95387304, 0.001), (3.4699543, -0.67752695, 0.001), (3.4699543, -0.67752695, 0.001), (3.9104457, -0.95387304, 0.001), (3.9419825, -0.9012763, 0.001), (3.4900174, -0.6441237, 0.001), (3.4900174, -0.6441237, 0.001), (3.9419825, -0.9012763, 0.001), (3.9713604, -0.8467402, 0.001), (3.5080397, -0.61065984, 0.001), (3.5080397, -0.61065984, 0.001), (3.9713604, -0.8467402, 0.001), (3.997908, -0.79159933, 0.001), (3.5248919, -0.5756006, 0.001), (3.5248919, -0.5756006, 0.001), (3.997908, -0.79159933, 0.001), (4.0216517, -0.73675156, 0.001), (3.5409482, -0.5384484, 0.001), (3.5409482, -0.5384484, 0.001), (4.0216517, -0.73675156, 0.001), (4.0430775, -0.68220663, 0.001), (3.5561223, -0.49979335, 0.001), (3.5561223, -0.49979335, 0.001), (4.0430775, -0.68220663, 0.001), (4.062744, -0.6270541, 0.001), (3.570056, -0.4607459, 0.001), (3.570056, -0.4607459, 0.001), (4.062744, -0.6270541, 0.001), (4.080448, -0.5715298, 0.001), (3.5827518, -0.42087018, 0.001), (3.5827518, -0.42087018, 0.001), (4.080448, -0.5715298, 0.001), (4.0962024, -0.51664233, 0.001), (3.5945973, -0.37955767, 0.001), (3.5945973, -0.37955767, 0.001), (4.0962024, -0.51664233, 0.001), (4.110554, -0.4613759, 0.001), (3.6054456, -0.3378241, 0.001), (3.6054456, -0.3378241, 0.001), (4.110554, -0.4613759, 0.001), (4.1232986, -0.4058807, 0.001), (3.6151013, -0.29571933, 0.001), (3.6151013, -0.29571933, 0.001), (4.1232986, -0.4058807, 0.001), (4.1345234, -0.3508907, 0.001), (3.6238766, -0.2527093, 0.001), (3.6238766, -0.2527093, 0.001), (4.1345234, -0.3508907, 0.001), (4.1445484, -0.2953279, 0.001), (3.6316516, -0.20967208, 0.001), (3.6316516, -0.20967208, 0.001), (4.1445484, -0.2953279, 0.001), (4.153144, -0.23936944, 0.001), (3.6382563, -0.16663055, 0.001), (3.6382563, -0.16663055, 0.001), (4.153144, -0.23936944, 0.001), (4.1603174, -0.1837938, 0.001), (3.6438825, -0.1230062, 0.001), (3.6438825, -0.1230062, 0.001), (4.1603174, -0.1837938, 0.001), (4.166252, -0.12800531, 0.001), (3.648548, -0.079194695, 0.001), (3.648548, -0.079194695, 0.001), (4.166252, -0.12800531, 0.001), (4.1709, -0.07135684, 0.001), (3.6521003, -0.03604316, 0.001), (3.6521003, -0.03604316, 0.001), (4.1709, -0.07135684, 0.001), (4.1739597, -0.014869678, 0.001), (3.65444, 0.0074696783, 0.001), (3.65444, 0.0074696783, 0.001), (4.1739597, -0.014869678, 0.001), (4.1757627, 0.041885052, 0.001), (3.6558375, 0.050714947, 0.001), (3.6558375, 0.050714947, 0.001), (4.1757627, 0.041885052, 0.001), (4.1758842, 0.09925697, 0.001), (3.6559157, 0.09354303, 0.001), (3.6559157, 0.09354303, 0.001), (4.1758842, 0.09925697, 0.001), (4.174482, 0.15705106, 0.001), (3.6549182, 0.13574895, 0.001), (3.6549182, 0.13574895, 0.001), (4.174482, 0.15705106, 0.001), (4.171069, 0.21588413, 0.001), (3.6525311, 0.17691587, 0.001), (3.6525311, 0.17691587, 0.001), (4.171069, 0.21588413, 0.001), (4.165565, 0.27531156, 0.001), (3.648835, 0.21708845, 0.001), (3.648835, 0.21708845, 0.001), (4.165565, 0.27531156, 0.001), (4.1577044, 0.3344955, 0.001), (3.6434956, 0.2571045, 0.001), (3.6434956, 0.2571045, 0.001), (4.1577044, 0.3344955, 0.001), (4.1480184, 0.3921899, 0.001), (3.6365814, 0.2982101, 0.001), (3.6365814, 0.2982101, 0.001), (4.1480184, 0.3921899, 0.001), (4.1365986, 0.4493807, 0.001), (3.6284013, 0.3392193, 0.001), (3.6284013, 0.3392193, 0.001), (4.1365986, 0.4493807, 0.001), (4.1233215, 0.5061204, 0.001), (3.6188781, 0.37987962, 0.001), (3.6188781, 0.37987962, 0.001), (4.1233215, 0.5061204, 0.001), (4.108206, 0.5627932, 0.001), (3.6081939, 0.42000678, 0.001), (3.6081939, 0.42000678, 0.001), (4.108206, 0.5627932, 0.001), (4.0907464, 0.620038, 0.001), (3.5964534, 0.45856202, 0.001), (3.5964534, 0.45856202, 0.001), (4.0907464, 0.620038, 0.001), (4.0708647, 0.6770371, 0.001), (3.5833356, 0.49616286, 0.001), (3.5833356, 0.49616286, 0.001), (4.0708647, 0.6770371, 0.001), (4.048669, 0.73341364, 0.001), (3.5689309, 0.53278637, 0.001), (3.5689309, 0.53278637, 0.001), (4.048669, 0.73341364, 0.001), (4.0236883, 0.78974473, 0.001), (3.5533118, 0.5680553, 0.001), (3.5533118, 0.5680553, 0.001), (4.0236883, 0.78974473, 0.001), (3.995885, 0.8453508, 0.001), (3.5363152, 0.6020492, 0.001), (3.5363152, 0.6020492, 0.001), (3.995885, 0.8453508, 0.001), (3.9652195, 0.90011215, 0.001), (3.5181806, 0.63448787, 0.001), (3.5181806, 0.63448787, 0.001), (3.9652195, 0.90011215, 0.001), (3.9314528, 0.9537423, 0.001), (3.4985473, 0.6656577, 0.001), (3.4985473, 0.6656577, 0.001), (3.9314528, 0.9537423, 0.001), (3.8948529, 1.0058255, 0.001), (3.477547, 0.69557446, 0.001), (3.477547, 0.69557446, 0.001), (3.8948529, 1.0058255, 0.001), (3.8550375, 1.056448, 0.001), (3.4555624, 0.72355205, 0.001), (3.4555624, 0.72355205, 0.001), (3.8550375, 1.056448, 0.001), (3.8121793, 1.1050045, 0.001), (3.4322207, 0.7499954, 0.001), (3.4322207, 0.7499954, 0.001), (3.8121793, 1.1050045, 0.001), (3.766647, 1.1510545, 0.001), (3.407353, 0.7751455, 0.001), (3.407353, 0.7751455, 0.001), (3.766647, 1.1510545, 0.001), (3.7183845, 1.1946375, 0.001), (3.3812153, 0.7987625, 0.001), (3.3812153, 0.7987625, 0.001), (3.7183845, 1.1946375, 0.001), (3.667838, 1.2352175, 0.001), (3.353762, 0.8207826, 0.001), (3.353762, 0.8207826, 0.001), (3.667838, 1.2352175, 0.001), (3.6153398, 1.2727511, 0.001), (3.3248603, 0.84144884, 0.001), (3.3248603, 0.84144884, 0.001), (3.6153398, 1.2727511, 0.001), (3.5613015, 1.3070084, 0.001), (3.2942986, 0.86079156, 0.001), (3.2942986, 0.86079156, 0.001), (3.5613015, 1.3070084, 0.001), (3.5075898, 1.3373557, 0.001), (3.2608101, 0.8796443, 0.001), (3.2608101, 0.8796443, 0.001), (3.5075898, 1.3373557, 0.001), (3.4552479, 1.3643135, 0.001), (3.224152, 0.89848655, 0.001), (3.224152, 0.89848655, 0.001), (3.4552479, 1.3643135, 0.001), (3.4028122, 1.3893651, 0.001), (3.1861877, 0.916635, 0.001), (3.1861877, 0.916635, 0.001), (3.4028122, 1.3893651, 0.001), (3.3500826, 1.4125192, 0.001), (3.1473172, 0.93368083, 0.001), (3.1473172, 0.93368083, 0.001), (3.3500826, 1.4125192, 0.001), (3.297751, 1.4338847, 0.001), (3.107049, 0.9501153, 0.001), (3.107049, 0.9501153, 0.001), (3.297751, 1.4338847, 0.001), (3.2448697, 1.4539944, 0.001), (3.0663302, 0.9656056, 0.001), (3.0663302, 0.9656056, 0.001), (3.2448697, 1.4539944, 0.001), (3.1918411, 1.4726131, 0.001), (3.0247588, 0.98018694, 0.001), (3.0247588, 0.98018694, 0.001), (3.1918411, 1.4726131, 0.001), (3.138621, 1.490049, 0.001), (2.9827788, 0.993951, 0.001), (2.9827788, 0.993951, 0.001), (3.138621, 1.490049, 0.001), (3.0852907, 1.50609, 0.001), (2.9403093, 1.0067099, 0.001), (2.9403093, 1.0067099, 0.001), (3.0852907, 1.50609, 0.001), (3.031867, 1.5210476, 0.001), (2.897333, 1.0187523, 0.001), (2.897333, 1.0187523, 0.001), (3.031867, 1.5210476, 0.001), (2.9784257, 1.5347193, 0.001), (2.8537743, 1.0298808, 0.001), (2.8537743, 1.0298808, 0.001), (2.9784257, 1.5347193, 0.001), (2.9248192, 1.5474803, 0.001), (2.8099806, 1.0403196, 0.001), (2.8099806, 1.0403196, 0.001), (2.9248192, 1.5474803, 0.001), (2.870688, 1.5591085, 0.001), (2.7663121, 1.0496916, 0.001), (2.7663121, 1.0496916, 0.001), (2.870688, 1.5591085, 0.001), (2.8167918, 1.5696257, 0.001), (2.7218082, 1.0583743, 0.001), (2.7218082, 1.0583743, 0.001), (2.8167918, 1.5696257, 0.001), (2.76287, 1.5791414, 0.001), (2.67713, 1.0662587, 0.001), (2.67713, 1.0662587, 0.001), (2.76287, 1.5791414, 0.001), (2.7087874, 1.5876803, 0.001), (2.6324127, 1.0733197, 0.001), (2.6324127, 1.0733197, 0.001), (2.7087874, 1.5876803, 0.001), (2.654495, 1.5952334, 0.001), (2.587505, 1.0795666, 0.001), (2.587505, 1.0795666, 0.001), (2.654495, 1.5952334, 0.001), (2.6001263, 1.6017971, 0.001), (2.5424738, 1.0850029, 0.001), (2.5424738, 1.0850029, 0.001), (2.6001263, 1.6017971, 0.001), (2.5456479, 1.6073762, 0.001), (2.4973521, 1.0896238, 0.001), (2.4973521, 1.0896238, 0.001), (2.5456479, 1.6073762, 0.001), (2.4913425, 1.6119493, 0.001), (2.4518576, 1.0934507, 0.001), (2.4518576, 1.0934507, 0.001), (2.4913425, 1.6119493, 0.001), (2.4370286, 1.6156478, 0.001), (2.4063714, 1.0965523, 0.001), (2.4063714, 1.0965523, 0.001), (2.4370286, 1.6156478, 0.001), (2.3823512, 1.6183817, 0.001), (2.361049, 1.0988183, 0.001), (2.361049, 1.0988183, 0.001), (2.3823512, 1.6183817, 0.001), (2.327932, 1.6201253, 0.001), (2.315468, 1.1002747, 0.001), (2.315468, 1.1002747, 0.001), (2.327932, 1.6201253, 0.001), (2.2734163, 1.6209936, 0.001), (2.2697837, 1.1010064, 0.001), (2.2697837, 1.1010064, 0.001), (2.2734163, 1.6209936, 0.001), (2.218643, 1.6208843, 0.001), (2.224357, 1.1009157, 0.001), (2.224357, 1.1009157, 0.001), (2.218643, 1.6208843, 0.001), (2.164223, 1.6197982, 0.001), (2.1787772, 1.1000018, 0.001), (2.1787772, 1.1000018, 0.001), (2.164223, 1.6197982, 0.001), (2.1095526, 1.6178254, 0.001), (2.1334474, 1.0983746, 0.001), (2.1334474, 1.0983746, 0.001), (2.1095526, 1.6178254, 0.001), (2.0548775, 1.614768, 0.001), (2.0881226, 1.0958319, 0.001), (2.0881226, 1.0958319, 0.001), (2.0548775, 1.614768, 0.001), (2.0000513, 1.6108055, 0.001), (2.0431488, 1.0925945, 0.001), (2.0431488, 1.0925945, 0.001), (2.0000513, 1.6108055, 0.001), (1.9426173, 1.6053684, 0.001), (2.0007827, 1.0886316, 0.001), (2.0007827, 1.0886316, 0.001), (1.9426173, 1.6053684, 0.001), (1.8836585, 1.5976424, 0.001), (1.9605415, 1.0833576, 0.001), (1.9605415, 1.0833576, 0.001), (1.8836585, 1.5976424, 0.001), (1.8254126, 1.5878637, 0.001), (1.9199874, 1.0765363, 0.001), (1.9199874, 1.0765363, 0.001), (1.8254126, 1.5878637, 0.001), (1.7686193, 1.5763986, 0.001), (1.8787807, 1.0682014, 0.001), (1.8787807, 1.0682014, 0.001), (1.7686193, 1.5763986, 0.001), (1.7133691, 1.5636142, 0.001), (1.8364309, 1.0583857, 0.001), (1.8364309, 1.0583857, 0.001), (1.7133691, 1.5636142, 0.001), (1.6596824, 1.5498942, 0.001), (1.7931175, 1.0473058, 0.001), (1.7931175, 1.0473058, 0.001), (1.6596824, 1.5498942, 0.001), (1.6064669, 1.5352374, 0.001), (1.7497331, 1.0353626, 0.001), (1.7497331, 1.0353626, 0.001), (1.6064669, 1.5352374, 0.001), (1.5542222, 1.5196817, 0.001), (1.7059778, 1.0223184, 0.001), (1.7059778, 1.0223184, 0.001), (1.5542222, 1.5196817, 0.001), (1.5031489, 1.5037273, 0.001), (1.6616511, 1.0084728, 0.001), (1.6616511, 1.0084728, 0.001), (1.5031489, 1.5037273, 0.001), (1.4522694, 1.4870536, 0.001), (1.6173306, 0.9939464, 0.001), (1.6173306, 0.9939464, 0.001), (1.4522694, 1.4870536, 0.001), (1.4022264, 1.4699532, 0.001), (1.5725735, 0.9786469, 0.001), (1.5725735, 0.9786469, 0.001), (1.4022264, 1.4699532, 0.001), (1.3531641, 1.4526995, 0.001), (1.5272359, 0.9627005, 0.001), (1.5272359, 0.9627005, 0.001), (1.3531641, 1.4526995, 0.001), (1.3042885, 1.4351615, 0.001), (1.4819115, 0.94643855, 0.001), (1.4819115, 0.94643855, 0.001), (1.3042885, 1.4351615, 0.001), (1.2557476, 1.4172959, 0.001), (1.4364525, 0.9297041, 0.001), (1.4364525, 0.9297041, 0.001), (1.2557476, 1.4172959, 0.001), (1.2077656, 1.3993921, 0.001), (1.3906344, 0.91260785, 0.001), (1.3906344, 0.91260785, 0.001), (1.2077656, 1.3993921, 0.001), (1.1601977, 1.3814024, 0.001), (1.3446022, 0.8951977, 0.001), (1.3446022, 0.8951977, 0.001), (1.1601977, 1.3814024, 0.001), (1.1129441, 1.3634298, 0.001), (1.2982559, 0.8775702, 0.001), (1.2982559, 0.8775702, 0.001), (1.1129441, 1.3634298, 0.001), (1.065831, 1.3454101, 0.001), (1.2517691, 0.85978985, 0.001), (1.2517691, 0.85978985, 0.001), (1.065831, 1.3454101, 0.001), (1.019131, 1.3275101, 0.001), (1.2050691, 0.84188986, 0.001), (1.2050691, 0.84188986, 0.001), (1.019131, 1.3275101, 0.001), (0.97287077, 1.3098161, 0.001), (1.1577293, 0.8237839, 0.001), (1.1577293, 0.8237839, 0.001), (0.97287077, 1.3098161, 0.001), (0.92652494, 1.2922884, 0.001), (1.1104751, 0.80591166, 0.001), (1.1104751, 0.80591166, 0.001), (0.92652494, 1.2922884, 0.001), (0.88057864, 1.2749095, 0.001), (1.0628214, 0.78789043, 0.001), (1.0628214, 0.78789043, 0.001), (0.88057864, 1.2749095, 0.001), (0.83488876, 1.2579958, 0.001), (1.0145112, 0.7700042, 0.001), (1.0145112, 0.7700042, 0.001), (0.83488876, 1.2579958, 0.001), (0.789118, 1.2412448, 0.001), (0.966282, 0.7523553, 0.001), (0.966282, 0.7523553, 0.001), (0.789118, 1.2412448, 0.001), (0.7435641, 1.2248995, 0.001), (0.91763586, 0.7349005, 0.001), (0.91763586, 0.7349005, 0.001), (0.7435641, 1.2248995, 0.001), (0.6982264, 1.2089531, 0.001), (0.8685736, 0.7176469, 0.001), (0.8685736, 0.7176469, 0.001), (0.6982264, 1.2089531, 0.001), (0.6531578, 1.1935492, 0.001), (0.81884223, 0.7006509, 0.001), (0.81884223, 0.7006509, 0.001), (0.6531578, 1.1935492, 0.001), (0.6082316, 1.1786994, 0.001), (0.76876837, 0.6841006, 0.001), (0.76876837, 0.6841006, 0.001), (0.6082316, 1.1786994, 0.001), (0.56342596, 1.1644201, 0.001), (0.71817404, 0.66797984, 0.001), (0.71817404, 0.66797984, 0.001), (0.56342596, 1.1644201, 0.001), (0.51866597, 1.1507772, 0.001), (0.66713405, 0.6524227, 0.001), (0.66713405, 0.6524227, 0.001), (0.51866597, 1.1507772, 0.001), (0.47388726, 1.1377428, 0.001), (0.61571276, 0.63745725, 0.001), (0.61571276, 0.63745725, 0.001), (0.47388726, 1.1377428, 0.001), (0.42957538, 1.1255125, 0.001), (0.5636246, 0.6230875, 0.001), (0.5636246, 0.6230875, 0.001), (0.42957538, 1.1255125, 0.001), (0.38528508, 1.114098, 0.001), (0.5109149, 0.609502, 0.001), (0.5109149, 0.609502, 0.001), (0.38528508, 1.114098, 0.001), (0.34123996, 1.1035116, 0.001), (0.45756003, 0.59668845, 0.001), (0.45756003, 0.59668845, 0.001), (0.34123996, 1.1035116, 0.001), (0.29776242, 1.0939952, 0.001), (0.40323758, 0.5848047, 0.001), (0.40323758, 0.5848047, 0.001), (0.29776242, 1.0939952, 0.001), (0.25436392, 1.08551, 0.001), (0.3484361, 0.57409, 0.001), (0.3484361, 0.57409, 0.001), (0.25436392, 1.08551, 0.001), (0.21108322, 1.0780443, 0.001), (0.29311678, 0.5645557, 0.001), (0.29311678, 0.5645557, 0.001), (0.21108322, 1.0780443, 0.001), (0.16849454, 1.0717666, 0.001), (0.23650546, 0.5562334, 0.001), (0.23650546, 0.5562334, 0.001), (0.16849454, 1.0717666, 0.001), (0.12628569, 1.0668446, 0.001), (0.17931432, 0.5495555, 0.001), (0.17931432, 0.5495555, 0.001), (0.12628569, 1.0668446, 0.001), (0.084549636, 1.0631446, 0.001), (0.121450365, 0.54445547, 0.001), (0.121450365, 0.54445547, 0.001), (0.084549636, 1.0631446, 0.001), (0.043396167, 1.0609226, 0.001), (0.06260383, 0.5412774, 0.001), (0.06260383, 0.5412774, 0.001), (0.043396167, 1.0609226, 0.001), (0.0023805206, 1.0600995, 0.001), (0.0034194796, 0.5401005, 0.001), (0.0034194796, 0.5401005, 0.001), (0.0023805206, 1.0600995, 0.001), (-0.03852467, 1.0607586, 0.001), (-0.05567533, 0.54104143, 0.001), (-0.05567533, 0.54104143, 0.001), (-0.03852467, 1.0607586, 0.001), (-0.07970165, 1.0628172, 0.001), (-0.114498354, 0.5439828, 0.001), (-0.114498354, 0.5439828, 0.001), (-0.07970165, 1.0628172, 0.001), (-0.12128335, 1.0663251, 0.001), (-0.17271665, 0.548875, 0.001), (-0.17271665, 0.548875, 0.001), (-0.12128335, 1.0663251, 0.001), (-0.16346042, 1.0711665, 0.001), (-0.2299396, 0.5554335, 0.001), (-0.2299396, 0.5554335, 0.001), (-0.16346042, 1.0711665, 0.001), (-0.20604317, 1.0772645, 0.001), (-0.28655684, 0.56353545, 0.001), (-0.28655684, 0.56353545, 0.001), (-0.20604317, 1.0772645, 0.001), (-0.24911264, 1.0846103, 0.001), (-0.34208736, 0.57298964, 0.001), (-0.34208736, 0.57298964, 0.001), (-0.24911264, 1.0846103, 0.001), (-0.29261202, 1.0930085, 0.001), (-0.39698797, 0.5835915, 0.001), (-0.39698797, 0.5835915, 0.001), (-0.29261202, 1.0930085, 0.001), (-0.33628067, 1.1024804, 0.001), (-0.45111933, 0.5953196, 0.001), (-0.45111933, 0.5953196, 0.001), (-0.33628067, 1.1024804, 0.001), (-0.38031912, 1.1128796, 0.001), (-0.5044809, 0.60792035, 0.001), (-0.5044809, 0.60792035, 0.001), (-0.38031912, 1.1128796, 0.001), (-0.42442504, 1.1241585, 0.001), (-0.55737495, 0.62144154, 0.001), (-0.55737495, 0.62144154, 0.001), (-0.42442504, 1.1241585, 0.001), (-0.46883622, 1.1362977, 0.001), (-0.60956377, 0.6357023, 0.001), (-0.60956377, 0.6357023, 0.001), (-0.46883622, 1.1362977, 0.001), (-0.5133045, 1.1491482, 0.001), (-0.66129553, 0.6506518, 0.001), (-0.66129553, 0.6506518, 0.001), (-0.5133045, 1.1491482, 0.001), (-0.5580627, 1.1627939, 0.001), (-0.7123373, 0.6662062, 0.001), (-0.7123373, 0.6662062, 0.001), (-0.5580627, 1.1627939, 0.001), (-0.60294276, 1.1770002, 0.001), (-0.76285726, 0.68219984, 0.001), (-0.76285726, 0.68219984, 0.001), (-0.60294276, 1.1770002, 0.001), (-0.6479694, 1.1918536, 0.001), (-0.8130306, 0.6987464, 0.001), (-0.8130306, 0.6987464, 0.001), (-0.6479694, 1.1918536, 0.001), (-0.69319046, 1.2072135, 0.001), (-0.8626095, 0.7155865, 0.001), (-0.8626095, 0.7155865, 0.001), (-0.69319046, 1.2072135, 0.001), (-0.73829496, 1.2229813, 0.001), (-0.91190505, 0.7328186, 0.001), (-0.91190505, 0.7328186, 0.001), (-0.73829496, 1.2229813, 0.001), (-0.7837011, 1.2392749, 0.001), (-0.96069884, 0.75032514, 0.001), (-0.96069884, 0.75032514, 0.001), (-0.7837011, 1.2392749, 0.001), (-0.8294888, 1.2559958, 0.001), (-1.0091112, 0.76800424, 0.001), (-1.0091112, 0.76800424, 0.001), (-0.8294888, 1.2559958, 0.001), (-0.8753065, 1.2729946, 0.001), (-1.0570935, 0.78580534, 0.001), (-1.0570935, 0.78580534, 0.001), (-0.8753065, 1.2729946, 0.001), (-0.9212108, 1.2902209, 0.001), (-1.1049892, 0.8037792, 0.001), (-1.1049892, 0.8037792, 0.001), (-0.9212108, 1.2902209, 0.001), (-0.96738446, 1.3077832, 0.001), (-1.1524155, 0.82181674, 0.001), (-1.1524155, 0.82181674, 0.001), (-0.96738446, 1.3077832, 0.001), (-1.0138576, 1.3254968, 0.001), (-1.1993424, 0.8397032, 0.001), (-1.1993424, 0.8397032, 0.001), (-1.0138576, 1.3254968, 0.001), (-1.060431, 1.3433101, 0.001), (-1.246369, 0.85768986, 0.001), (-1.246369, 0.85768986, 0.001), (-1.060431, 1.3433101, 0.001), (-1.1073576, 1.3612968, 0.001), (-1.2928424, 0.87550324, 0.001), (-1.2928424, 0.87550324, 0.001), (-1.1073576, 1.3612968, 0.001), (-1.1546978, 1.3793024, 0.001), (-1.3391023, 0.8930977, 0.001), (-1.3391023, 0.8930977, 0.001), (-1.1546978, 1.3793024, 0.001), (-1.202038, 1.3972065, 0.001), (-1.3853619, 0.91059345, 0.001), (-1.3853619, 0.91059345, 0.001), (-1.202038, 1.3972065, 0.001), (-1.2500194, 1.4152112, 0.001), (-1.4311806, 0.9277888, 0.001), (-1.4311806, 0.9277888, 0.001), (-1.2500194, 1.4152112, 0.001), (-1.2985592, 1.433078, 0.001), (-1.4766407, 0.944522, 0.001), (-1.4766407, 0.944522, 0.001), (-1.2985592, 1.433078, 0.001), (-1.3474336, 1.4507174, 0.001), (-1.5219665, 0.96088254, 0.001), (-1.5219665, 0.96088254, 0.001), (-1.3474336, 1.4507174, 0.001), (-1.3967264, 1.4680531, 0.001), (-1.5670736, 0.97674686, 0.001), (-1.5670736, 0.97674686, 0.001), (-1.3967264, 1.4680531, 0.001), (-1.4464577, 1.4850491, 0.001), (-1.6121422, 0.9921509, 0.001), (-1.6121422, 0.9921509, 0.001), (-1.4464577, 1.4850491, 0.001), (-1.497078, 1.501776, 0.001), (-1.656522, 1.006824, 0.001), (-1.656522, 1.006824, 0.001), (-1.497078, 1.501776, 0.001), (-1.5484846, 1.517909, 0.001), (-1.7007154, 1.020691, 0.001), (-1.7007154, 1.020691, 0.001), (-1.5484846, 1.517909, 0.001), (-1.600249, 1.5333595, 0.001), (-1.744751, 1.0338405, 0.001), (-1.744751, 1.0338405, 0.001), (-1.600249, 1.5333595, 0.001), (-1.6531907, 1.5481826, 0.001), (-1.7882093, 1.0460174, 0.001), (-1.7882093, 1.0460174, 0.001), (-1.6531907, 1.5481826, 0.001), (-1.7071793, 1.5620944, 0.001), (-1.8312207, 1.0571055, 0.001), (-1.8312207, 1.0571055, 0.001), (-1.7071793, 1.5620944, 0.001), (-1.7621756, 1.5749363, 0.001), (-1.8738245, 1.0670637, 0.001), (-1.8738245, 1.0670637, 0.001), (-1.7621756, 1.5749363, 0.001), (-1.8186613, 1.5865669, 0.001), (-1.9153386, 1.075633, 0.001), (-1.9153386, 1.075633, 0.001), (-1.8186613, 1.5865669, 0.001), (-1.8765504, 1.5965436, 0.001), (-1.9560496, 1.0826565, 0.001), (-1.9560496, 1.0826565, 0.001), (-1.8765504, 1.5965436, 0.001), (-1.9355062, 1.6046174, 0.001), (-1.9962938, 1.0881826, 0.001), (-1.9962938, 1.0881826, 0.001), (-1.9355062, 1.6046174, 0.001), (-1.9933779, 1.61034, 0.001), (-2.038022, 1.09226, 0.001), (-2.038022, 1.09226, 0.001), (-1.9933779, 1.61034, 0.001), (-2.0488188, 1.6144514, 0.001), (-2.0825813, 1.0955486, 0.001), (-2.0825813, 1.0955486, 0.001), (-2.0488188, 1.6144514, 0.001), (-2.1031344, 1.617501, 0.001), (-2.1280656, 1.098099, 0.001), (-2.1280656, 1.098099, 0.001), (-2.1031344, 1.617501, 0.001), (-2.1579113, 1.6196833, 0.001), (-2.1734886, 1.0999167, 0.001), (-2.1734886, 1.0999167, 0.001), (-2.1579113, 1.6196833, 0.001), (-2.2125833, 1.6207813, 0.001), (-2.2188168, 1.1008186, 0.001), (-2.2188168, 1.1008186, 0.001), (-2.2125833, 1.6207813, 0.001), (-2.266839, 1.6209979, 0.001), (-2.264761, 1.1010021, 0.001), (-2.264761, 1.1010021, 0.001), (-2.266839, 1.6209979, 0.001), (-2.3212533, 1.6203429, 0.001), (-2.3103466, 1.1004572, 0.001), (-2.3103466, 1.1004572, 0.001), (-2.3212533, 1.6203429, 0.001), (-2.376022, 1.6187029, 0.001), (-2.3557777, 1.0990971, 0.001), (-2.3557777, 1.0990971, 0.001), (-2.376022, 1.6187029, 0.001), (-2.4307108, 1.6160778, 0.001), (-2.4010892, 1.0969222, 0.001), (-2.4010892, 1.0969222, 0.001), (-2.4307108, 1.6160778, 0.001), (-2.485284, 1.612469, 0.001), (-2.4463158, 1.0939311, 0.001), (-2.4463158, 1.0939311, 0.001), (-2.485284, 1.612469, 0.001), (-2.5395904, 1.6079, 0.001), (-2.4918096, 1.0900999, 0.001), (-2.4918096, 1.0900999, 0.001), (-2.5395904, 1.6079, 0.001), (-2.593813, 1.6024538, 0.001), (-2.5371869, 1.0855461, 0.001), (-2.5371869, 1.0855461, 0.001), (-2.593813, 1.6024538, 0.001), (-2.648184, 1.5959992, 0.001), (-2.5822158, 1.0802007, 0.001), (-2.5822158, 1.0802007, 0.001), (-2.648184, 1.5959992, 0.001), (-2.7024417, 1.5885608, 0.001), (-2.6271584, 1.0740392, 0.001), (-2.6271584, 1.0740392, 0.001), (-2.7024417, 1.5885608, 0.001), (-2.7563698, 1.5801739, 0.001), (-2.6722302, 1.0670261, 0.001), (-2.6722302, 1.0670261, 0.001), (-2.7563698, 1.5801739, 0.001), (-2.810636, 1.57081, 0.001), (-2.716564, 1.05939, 0.001), (-2.716564, 1.05939, 0.001), (-2.810636, 1.57081, 0.001), (-2.8646388, 1.5602595, 0.001), (-2.7607613, 1.0507406, 0.001), (-2.7607613, 1.0507406, 0.001), (-2.8646388, 1.5602595, 0.001), (-2.9183218, 1.5488596, 0.001), (-2.805078, 1.0413404, 0.001), (-2.805078, 1.0413404, 0.001), (-2.9183218, 1.5488596, 0.001), (-2.971931, 1.5363142, 0.001), (-2.848869, 1.0310857, 0.001), (-2.848869, 1.0310857, 0.001), (-2.971931, 1.5363142, 0.001), (-3.0257175, 1.5226942, 0.001), (-2.8922825, 1.0201058, 0.001), (-2.8922825, 1.0201058, 0.001), (-3.0257175, 1.5226942, 0.001), (-3.0791419, 1.5078487, 0.001), (-2.9352582, 1.0081513, 0.001), (-2.9352582, 1.0081513, 0.001), (-3.0791419, 1.5078487, 0.001), (-3.1323373, 1.4919939, 0.001), (-2.9780626, 0.99540615, 0.001), (-2.9780626, 0.99540615, 0.001), (-3.1323373, 1.4919939, 0.001), (-3.1856422, 1.4747491, 0.001), (-3.0199578, 0.98185086, 0.001), (-3.0199578, 0.98185086, 0.001), (-3.1856422, 1.4747491, 0.001), (-3.238682, 1.4562447, 0.001), (-3.061518, 0.96735525, 0.001), (-3.061518, 0.96735525, 0.001), (-3.238682, 1.4562447, 0.001), (-3.291487, 1.4363844, 0.001), (-3.102313, 0.9520156, 0.001), (-3.102313, 0.9520156, 0.001), (-3.291487, 1.4363844, 0.001), (-3.3440554, 1.4150838, 0.001), (-3.1425445, 0.9357162, 0.001), (-3.1425445, 0.9357162, 0.001), (-3.3440554, 1.4150838, 0.001), (-3.3966713, 1.3921486, 0.001), (-3.1817286, 0.9186514, 0.001), (-3.1817286, 0.9186514, 0.001), (-3.3966713, 1.3921486, 0.001), (-3.4490066, 1.3674272, 0.001), (-3.2199934, 0.90057284, 0.001), (-3.2199934, 0.90057284, 0.001), (-3.4490066, 1.3674272, 0.001), (-3.501264, 1.3408124, 0.001), (-3.256936, 0.8817876, 0.001), (-3.256936, 0.8817876, 0.001), (-3.501264, 1.3408124, 0.001), (-3.5551133, 1.310815, 0.001), (-3.2904866, 0.863185, 0.001), (-3.2904866, 0.863185, 0.001), (-3.5551133, 1.310815, 0.001), (-3.6093621, 1.276773, 0.001), (-3.321038, 0.844027, 0.001), (-3.321038, 0.844027, 0.001), (-3.6093621, 1.276773, 0.001), (-3.6619754, 1.2395935, 0.001), (-3.3502247, 0.8234065, 0.001), (-3.3502247, 0.8234065, 0.001), (-3.6619754, 1.2395935, 0.001), (-3.7126153, 1.1994116, 0.001), (-3.3779848, 0.8013884, 0.001), (-3.3779848, 0.8013884, 0.001), (-3.7126153, 1.1994116, 0.001), (-3.7611458, 1.1561954, 0.001), (-3.4042542, 0.7780046, 0.001), (-3.4042542, 0.7780046, 0.001), (-3.7611458, 1.1561954, 0.001), (-3.8069432, 1.1104127, 0.001), (-3.4292567, 0.75298727, 0.001), (-3.4292567, 0.75298727, 0.001), (-3.8069432, 1.1104127, 0.001), (-3.8500395, 1.062275, 0.001), (-3.4529605, 0.72652495, 0.001), (-3.4529605, 0.72652495, 0.001), (-3.8500395, 1.062275, 0.001), (-3.8901372, 1.0120476, 0.001), (-3.4752629, 0.69855237, 0.001), (-3.4752629, 0.69855237, 0.001), (-3.8901372, 1.0120476, 0.001), (-3.9272494, 0.9601388, 0.001), (-3.4963505, 0.6690612, 0.001), (-3.4963505, 0.6690612, 0.001), (-3.9272494, 0.9601388, 0.001), (-3.9615107, 0.90639794, 0.001), (-3.5158894, 0.63840204, 0.001), (-3.5158894, 0.63840204, 0.001), (-3.9615107, 0.90639794, 0.001), (-3.9925306, 0.8516785, 0.001), (-3.5342693, 0.6059215, 0.001), (-3.5342693, 0.6059215, 0.001), (-3.9925306, 0.8516785, 0.001), (-4.0206428, 0.7961945, 0.001), (-3.5513573, 0.5722055, 0.001), (-3.5513573, 0.5722055, 0.001), (-4.0206428, 0.7961945, 0.001), (-4.0458655, 0.7400096, 0.001), (-3.5671346, 0.5369904, 0.001), (-3.5671346, 0.5369904, 0.001), (-4.0458655, 0.7400096, 0.001), (-4.068492, 0.6834344, 0.001), (-3.5817077, 0.5005656, 0.001), (-3.5817077, 0.5005656, 0.001), (-4.068492, 0.6834344, 0.001), (-4.088487, 0.6266295, 0.001), (-3.5949128, 0.46297055, 0.001), (-3.5949128, 0.46297055, 0.001), (-4.088487, 0.6266295, 0.001), (-4.1062202, 0.56973016, 0.001), (-3.6069796, 0.42426983, 0.001), (-3.6069796, 0.42426983, 0.001), (-4.1062202, 0.56973016, 0.001), (-4.1217217, 0.5126148, 0.001), (-3.6176784, 0.38478523, 0.001), (-3.6176784, 0.38478523, 0.001), (-4.1217217, 0.5126148, 0.001), (-4.135136, 0.45582443, 0.001), (-3.6272638, 0.34417558, 0.001), (-3.6272638, 0.34417558, 0.001), (-4.135136, 0.45582443, 0.001), (-4.1467233, 0.39894044, 0.001), (-3.6356769, 0.30285954, 0.001), (-3.6356769, 0.30285954, 0.001), (-4.1467233, 0.39894044, 0.001), (-4.1566434, 0.3413496, 0.001), (-3.6427565, 0.2618504, 0.001), (-3.6427565, 0.2618504, 0.001), (-4.1566434, 0.3413496, 0.001), (-4.164747, 0.2821375, 0.001), (-3.6482525, 0.22186248, 0.001), (-3.6482525, 0.22186248, 0.001), (-4.164747, 0.2821375, 0.001), (-4.1704893, 0.22271699, 0.001), (-3.6521108, 0.18168302, 0.001), (-3.6521108, 0.18168302, 0.001), (-4.1704893, 0.22271699, 0.001), (-4.174137, 0.16388817, 0.001), (-3.6546628, 0.14051183, 0.001), (-3.6546628, 0.14051183, 0.001), (-4.174137, 0.16388817, 0.001), (-4.1757746, 0.10583601, 0.001), (-3.6558254, 0.09856399, 0.001), (-3.6558254, 0.09856399, 0.001), (-4.1757746, 0.10583601, 0.001), (-4.175778, 0.04872366, 0.001), (-3.655822, 0.055476338, 0.001), (-3.655822, 0.055476338, 0.001), (-4.175778, 0.04872366, 0.001), (-4.1743026, -0.008032297, 0.001), (-3.6546974, 0.012232297, 0.001), (-3.6546974, 0.012232297, 0.001), (-4.1743026, -0.008032297, 0.001), (-4.1713343, -0.06503981, 0.001), (-3.6524656, -0.030760188, 0.001), (-3.6524656, -0.030760188, 0.001), (-4.1713343, -0.06503981, 0.001), (-4.166824, -0.12143295, 0.001), (-3.6489763, -0.07416704, 0.001), (-3.6489763, -0.07416704, 0.001), (-4.166824, -0.12143295, 0.001), (-4.1611395, -0.17693904, 0.001), (-3.6444607, -0.11826096, 0.001), (-3.6444607, -0.11826096, 0.001), (-4.1611395, -0.17693904, 0.001), (-4.15412, -0.23312438, 0.001), (-3.6390798, -0.16147563, 0.001), (-3.6390798, -0.16147563, 0.001), (-4.15412, -0.23312438, 0.001), (-4.145532, -0.28912264, 0.001), (-3.6324677, -0.20447737, 0.001), (-3.6324677, -0.20447737, 0.001), (-4.145532, -0.28912264, 0.001), (-4.135814, -0.34418765, 0.001), (-3.6247857, -0.24801236, 0.001), (-3.6247857, -0.24801236, 0.001), (-4.135814, -0.34418765, 0.001), (-4.124706, -0.39968407, 0.001), (-3.6162941, -0.29051593, 0.001), (-3.6162941, -0.29051593, 0.001), (-4.124706, -0.39968407, 0.001), (-4.1120334, -0.45494038, 0.001), (-3.606567, -0.3328596, 0.001), (-3.606567, -0.3328596, 0.001), (-4.1120334, -0.45494038, 0.001), (-4.0980825, -0.5099093, 0.001), (-3.5959175, -0.3748907, 0.001), (-3.5959175, -0.3748907, 0.001), (-4.0980825, -0.5099093, 0.001), (-4.0823135, -0.5653819, 0.001), (-3.5842867, -0.4158181, 0.001), (-3.5842867, -0.4158181, 0.001), (-4.0823135, -0.5653819, 0.001), (-4.0648317, -0.6205971, 0.001), (-3.5715683, -0.4560029, 0.001), (-3.5715683, -0.4560029, 0.001), (-4.0648317, -0.6205971, 0.001), (-4.0455647, -0.67549545, 0.001), (-3.5576353, -0.49570456, 0.001), (-3.5576353, -0.49570456, 0.001), (-4.0455647, -0.67549545, 0.001), (-4.0244446, -0.7301486, 0.001), (-3.5427556, -0.5342514, 0.001), (-3.5427556, -0.5342514, 0.001), (-4.0244446, -0.7301486, 0.001), (-4.0007463, -0.785556, 0.001), (-3.5270538, -0.57104397, 0.001), (-3.5270538, -0.57104397, 0.001), (-4.0007463, -0.785556, 0.001), (-3.9743814, -0.8406102, 0.001), (-3.5102186, -0.6061898, 0.001), (-3.5102186, -0.6061898, 0.001), (-3.9743814, -0.8406102, 0.001), (-3.9455276, -0.89485824, 0.001), (-3.4920726, -0.64034176, 0.001), (-3.4920726, -0.64034176, 0.001), (-3.9455276, -0.89485824, 0.001), (-3.9143467, -0.94758797, 0.001), (-3.4722533, -0.67381203, 0.001), (-3.4722533, -0.67381203, 0.001), (-3.9143467, -0.94758797, 0.001), (-3.881751, -0.99793977, 0.001), (-3.4504488, -0.7074603, 0.001), (-3.4504488, -0.7074603, 0.001), (-3.881751, -0.99793977, 0.001), (-3.848019, -1.0461456, 0.001), (-3.426781, -0.74125445, 0.001), (-3.426781, -0.74125445, 0.001), (-3.848019, -1.0461456, 0.001), (-3.812911, -1.0930645, 0.001), (-3.4018888, -0.7745354, 0.001), (-3.4018888, -0.7745354, 0.001), (-3.812911, -1.0930645, 0.001), (-3.7762837, -1.138711, 0.001), (-3.3759162, -0.80688894, 0.001), (-3.3759162, -0.80688894, 0.001), (-3.7762837, -1.138711, 0.001), (-3.7386546, -1.1826984, 0.001), (-3.3483453, -0.8391017, 0.001), (-3.3483453, -0.8391017, 0.001), (-3.7386546, -1.1826984, 0.001), (-3.6998792, -1.2255045, 0.001), (-3.3199208, -0.87049544, 0.001), (-3.3199208, -0.87049544, 0.001), (-3.6998792, -1.2255045, 0.001), (-3.6596963, -1.267197, 0.001), (-3.2907038, -0.900803, 0.001), (-3.2907038, -0.900803, 0.001), (-3.6596963, -1.267197, 0.001), (-3.6185157, -1.3074609, 0.001), (-3.2602842, -0.930539, 0.001), (-3.2602842, -0.930539, 0.001), (-3.6185157, -1.3074609, 0.001), (-3.5763156, -1.34645, 0.001), (-3.2288845, -0.95954996, 0.001), (-3.2288845, -0.95954996, 0.001), (-3.5763156, -1.34645, 0.001), (-3.5330546, -1.3842028, 0.001), (-3.1967454, -0.9875971, 0.001), (-3.1967454, -0.9875971, 0.001), (-3.5330546, -1.3842028, 0.001), (-3.4886258, -1.4208019, 0.001), (-3.1639743, -1.0145981, 0.001), (-3.1639743, -1.0145981, 0.001), (-3.4886258, -1.4208019, 0.001), (-3.4430323, -1.4561504, 0.001), (-3.1303678, -1.0406495, 0.001), (-3.1303678, -1.0406495, 0.001), (-3.4430323, -1.4561504, 0.001), (-3.3966348, -1.4900306, 0.001), (-3.0959651, -1.0657693, 0.001), (-3.0959651, -1.0657693, 0.001), (-3.3966348, -1.4900306, 0.001), (-3.3488624, -1.5228724, 0.001), (-3.0611377, -1.0897275, 0.001), (-3.0611377, -1.0897275, 0.001), (-3.3488624, -1.5228724, 0.001), (-3.300092, -1.5541582, 0.001), (-3.025708, -1.1124418, 0.001), (-3.025708, -1.1124418, 0.001), (-3.300092, -1.5541582, 0.001), (-3.2508934, -1.5837485, 0.001), (-2.9891067, -1.1344516, 0.001), (-2.9891067, -1.1344516, 0.001), (-3.2508934, -1.5837485, 0.001), (-3.2003005, -1.6122797, 0.001), (-2.9524994, -1.1551204, 0.001), (-2.9524994, -1.1551204, 0.001), (-3.2003005, -1.6122797, 0.001), (-3.1483793, -1.639299, 0.001), (-2.9156206, -1.1743009, 0.001), (-2.9156206, -1.1743009, 0.001), (-3.1483793, -1.639299, 0.001), (-3.095954, -1.6645238, 0.001), (-2.877846, -1.1924762, 0.001), (-2.877846, -1.1924762, 0.001), (-3.095954, -1.6645238, 0.001), (-3.042076, -1.688391, 0.001), (-2.840124, -1.209209, 0.001), (-2.840124, -1.209209, 0.001), (-3.042076, -1.688391, 0.001), (-2.9873424, -1.7102968, 0.001), (-2.8018577, -1.2245033, 0.001), (-2.8018577, -1.2245033, 0.001), (-2.9873424, -1.7102968, 0.001), (-2.9323096, -1.7303135, 0.001), (-2.7628906, -1.2386864, 0.001), (-2.7628906, -1.2386864, 0.001), (-2.9323096, -1.7303135, 0.001), (-2.8745437, -1.7490848, 0.001), (-2.7254565, -1.2509152, 0.001)]
    }

    def Material "Mat_line"
    {
        token outputs:surface.connect = </Track/Mat_line/S.outputs:surface>

        def Shader "S"
        {
            uniform token info:id = "UsdPreviewSurface"
            color3f inputs:diffuseColor = (0.9, 0.9, 0.9)
            float inputs:roughness = 0.9
            token outputs:surface
        }
    }

    def Mesh "line" (
        prepend apiSchemas = ["MaterialBindingAPI"]
    )
    {
        int[] faceVertexCounts = [4, 4, 4, 4, 4, 4, 4, 4, 4, 4, 4, 4, 4, 4, 4, 4, 4, 4, 4, 4, 4, 4, 4, 4, 4, 4, 4, 4, 4, 4, 4, 4, 4, 4, 4, 4, 4, 4, 4, 4, 4, 4, 4, 4, 4, 4, 4, 4, 4, 4, 4, 4, 4, 4, 4, 4, 4, 4, 4, 4, 4, 4, 4, 4, 4, 4, 4, 4, 4, 4, 4, 4, 4, 4, 4, 4, 4, 4, 4, 4, 4, 4, 4, 4, 4, 4, 4, 4, 4, 4, 4, 4, 4, 4, 4, 4, 4, 4, 4, 4, 4, 4, 4, 4, 4, 4, 4, 4, 4, 4, 4, 4, 4, 4, 4, 4, 4, 4, 4, 4, 4, 4, 4, 4, 4, 4, 4, 4, 4, 4, 4, 4, 4, 4, 4, 4, 4, 4, 4, 4, 4, 4, 4, 4, 4, 4, 4, 4, 4, 4, 4, 4, 4, 4, 4, 4, 4, 4, 4, 4, 4, 4, 4, 4, 4, 4, 4, 4, 4, 4, 4, 4, 4, 4, 4, 4, 4, 4, 4, 4, 4, 4, 4, 4, 4, 4, 4, 4, 4, 4, 4, 4, 4, 4, 4, 4, 4, 4, 4, 4, 4, 4, 4, 4, 4, 4, 4, 4, 4, 4, 4, 4, 4, 4, 4, 4, 4, 4, 4, 4, 4, 4, 4, 4, 4, 4, 4, 4, 4, 4, 4, 4, 4, 4, 4, 4, 4, 4, 4, 4, 4, 4, 4, 4, 4, 4, 4, 4, 4, 4, 4, 4, 4, 4, 4, 4, 4, 4, 4, 4, 4, 4, 4, 4, 4, 4, 4, 4, 4, 4, 4, 4, 4, 4, 4, 4, 4, 4, 4, 4, 4, 4, 4, 4, 4, 4, 4, 4, 4, 4, 4, 4, 4, 4, 4, 4, 4, 4, 4, 4, 4, 4, 4, 4, 4, 4, 4, 4, 4, 4, 4, 4, 4, 4, 4, 4, 4, 4, 4, 4, 4, 4, 4, 4, 4, 4, 4, 4, 4, 4, 4, 4, 4, 4, 4, 4, 4, 4, 4, 4, 4, 4, 4, 4, 4, 4, 4, 4, 4, 4, 4, 4, 4, 4, 4, 4, 4, 4, 4, 4, 4, 4, 4, 4, 4, 4, 4, 4, 4, 4, 4, 4, 4, 4, 4, 4, 4, 4, 4, 4, 4, 4, 4, 4, 4, 4, 4, 4, 4, 4, 4, 4, 4, 4, 4, 4, 4, 4, 4, 4, 4, 4, 4, 4, 4, 4, 4, 4, 4, 4, 4, 4, 4, 4, 4, 4, 4, 4, 4, 4, 4, 4, 4, 4, 4, 4, 4, 4, 4, 4, 4, 4, 4, 4, 4, 4, 4, 4, 4, 4, 4, 4, 4, 4, 4, 4, 4, 4, 4, 4, 4, 4, 4, 4, 4, 4, 4, 4, 4, 4, 4, 4, 4, 4, 4, 4, 4, 4, 4, 4, 4, 4, 4, 4, 4, 4, 4, 4, 4, 4, 4, 4, 4, 4, 4, 4, 4, 4, 4, 4, 4, 4, 4, 4, 4, 4, 4, 4, 4, 4, 4, 4, 4, 4, 4, 4, 4, 4, 4, 4, 4, 4, 4, 4, 4, 4, 4, 4, 4, 4, 4, 4, 4, 4, 4, 4, 4, 4, 4, 4, 4, 4, 4, 4, 4, 4, 4, 4, 4, 4, 4, 4, 4, 4, 4, 4, 4, 4, 4, 4, 4, 4, 4, 4, 4, 4, 4, 4, 4, 4, 4, 4, 4, 4, 4, 4, 4, 4, 4, 4, 4, 4, 4, 4, 4, 4, 4, 4, 4, 4, 4, 4, 4, 4, 4, 4, 4, 4, 4, 4, 4, 4, 4, 4, 4, 4, 4, 4, 4, 4, 4, 4, 4, 4, 4, 4, 4, 4, 4, 4, 4, 4, 4, 4, 4, 4, 4, 4, 4, 4, 4, 4, 4, 4, 4, 4, 4, 4, 4, 4, 4, 4, 4, 4, 4, 4, 4, 4, 4, 4, 4, 4, 4, 4, 4, 4, 4, 4, 4, 4, 4, 4, 4, 4, 4, 4, 4, 4, 4, 4, 4, 4, 4, 4, 4, 4, 4, 4, 4, 4, 4, 4, 4, 4, 4, 4, 4, 4, 4, 4, 4, 4, 4, 4, 4, 4, 4, 4, 4, 4, 4, 4, 4, 4, 4, 4, 4, 4, 4, 4, 4, 4, 4, 4, 4, 4, 4, 4, 4, 4, 4, 4, 4, 4, 4, 4, 4, 4, 4, 4, 4, 4, 4, 4, 4, 4, 4, 4, 4, 4, 4, 4, 4, 4, 4, 4, 4, 4, 4, 4, 4, 4, 4, 4, 4, 4, 4, 4, 4, 4, 4, 4, 4, 4, 4, 4, 4, 4, 4, 4, 4, 4, 4, 4, 4, 4, 4, 4, 4, 4, 4, 4, 4, 4, 4, 4, 4, 4, 4, 4, 4, 4, 4, 4, 4, 4, 4, 4, 4, 4, 4, 4, 4, 4, 4, 4, 4, 4, 4, 4, 4, 4, 4, 4, 4, 4, 4, 4, 4, 4, 4, 4, 4, 4, 4, 4, 4, 4, 4, 4, 4, 4, 4, 4, 4, 4, 4, 4, 4, 4, 4, 4, 4, 4, 4, 4, 4, 4, 4, 4, 4, 4, 4, 4, 4, 4, 4, 4, 4, 4, 4, 4, 4, 4, 4, 4, 4, 4, 4, 4, 4, 4, 4, 4, 4]
        int[] faceVertexIndices = [0, 1, 2, 3, 4, 5, 6, 7, 8, 9, 10, 11, 12, 13, 14, 15, 16, 17, 18, 19, 20, 21, 22, 23, 24, 25, 26, 27, 28, 29, 30, 31, 32, 33, 34, 35, 36, 37, 38, 39, 40, 41, 42, 43, 44, 45, 46, 47, 48, 49, 50, 51, 52, 53, 54, 55, 56, 57, 58, 59, 60, 61, 62, 63, 64, 65, 66, 67, 68, 69, 70, 71, 72, 73, 74, 75, 76, 77, 78, 79, 80, 81, 82, 83, 84, 85, 86, 87, 88, 89, 90, 91, 92, 93, 94, 95, 96, 97, 98, 99, 100, 101, 102, 103, 104, 105, 106, 107, 108, 109, 110, 111, 112, 113, 114, 115, 116, 117, 118, 119, 120, 121, 122, 123, 124, 125, 126, 127, 128, 129, 130, 131, 132, 133, 134, 135, 136, 137, 138, 139, 140, 141, 142, 143, 144, 145, 146, 147, 148, 149, 150, 151, 152, 153, 154, 155, 156, 157, 158, 159, 160, 161, 162, 163, 164, 165, 166, 167, 168, 169, 170, 171, 172, 173, 174, 175, 176, 177, 178, 179, 180, 181, 182, 183, 184, 185, 186, 187, 188, 189, 190, 191, 192, 193, 194, 195, 196, 197, 198, 199, 200, 201, 202, 203, 204, 205, 206, 207, 208, 209, 210, 211, 212, 213, 214, 215, 216, 217, 218, 219, 220, 221, 222, 223, 224, 225, 226, 227, 228, 229, 230, 231, 232, 233, 234, 235, 236, 237, 238, 239, 240, 241, 242, 243, 244, 245, 246, 247, 248, 249, 250, 251, 252, 253, 254, 255, 256, 257, 258, 259, 260, 261, 262, 263, 264, 265, 266, 267, 268, 269, 270, 271, 272, 273, 274, 275, 276, 277, 278, 279, 280, 281, 282, 283, 284, 285, 286, 287, 288, 289, 290, 291, 292, 293, 294, 295, 296, 297, 298, 299, 300, 301, 302, 303, 304, 305, 306, 307, 308, 309, 310, 311, 312, 313, 314, 315, 316, 317, 318, 319, 320, 321, 322, 323, 324, 325, 326, 327, 328, 329, 330, 331, 332, 333, 334, 335, 336, 337, 338, 339, 340, 341, 342, 343, 344, 345, 346, 347, 348, 349, 350, 351, 352, 353, 354, 355, 356, 357, 358, 359, 360, 361, 362, 363, 364, 365, 366, 367, 368, 369, 370, 371, 372, 373, 374, 375, 376, 377, 378, 379, 380, 381, 382, 383, 384, 385, 386, 387, 388, 389, 390, 391, 392, 393, 394, 395, 396, 397, 398, 399, 400, 401, 402, 403, 404, 405, 406, 407, 408, 409, 410, 411, 412, 413, 414, 415, 416, 417, 418, 419, 420, 421, 422, 423, 424, 425, 426, 427, 428, 429, 430, 431, 432, 433, 434, 435, 436, 437, 438, 439, 440, 441, 442, 443, 444, 445, 446, 447, 448, 449, 450, 451, 452, 453, 454, 455, 456, 457, 458, 459, 460, 461, 462, 463, 464, 465, 466, 467, 468, 469, 470, 471, 472, 473, 474, 475, 476, 477, 478, 479, 480, 481, 482, 483, 484, 485, 486, 487, 488, 489, 490, 491, 492, 493, 494, 495, 496, 497, 498, 499, 500, 501, 502, 503, 504, 505, 506, 507, 508, 509, 510, 511, 512, 513, 514, 515, 516, 517, 518, 519, 520, 521, 522, 523, 524, 525, 526, 527, 528, 529, 530, 531, 532, 533, 534, 535, 536, 537, 538, 539, 540, 541, 542, 543, 544, 545, 546, 547, 548, 549, 550, 551, 552, 553, 554, 555, 556, 557, 558, 559, 560, 561, 562, 563, 564, 565, 566, 567, 568, 569, 570, 571, 572, 573, 574, 575, 576, 577, 578, 579, 580, 581, 582, 583, 584, 585, 586, 587, 588, 589, 590, 591, 592, 593, 594, 595, 596, 597, 598, 599, 600, 601, 602, 603, 604, 605, 606, 607, 608, 609, 610, 611, 612, 613, 614, 615, 616, 617, 618, 619, 620, 621, 622, 623, 624, 625, 626, 627, 628, 629, 630, 631, 632, 633, 634, 635, 636, 637, 638, 639, 640, 641, 642, 643, 644, 645, 646, 647, 648, 649, 650, 651, 652, 653, 654, 655, 656, 657, 658, 659, 660, 661, 662, 663, 664, 665, 666, 667, 668, 669, 670, 671, 672, 673, 674, 675, 676, 677, 678, 679, 680, 681, 682, 683, 684, 685, 686, 687, 688, 689, 690, 691, 692, 693, 694, 695, 696, 697, 698, 699, 700, 701, 702, 703, 704, 705, 706, 707, 708, 709, 710, 711, 712, 713, 714, 715, 716, 717, 718, 719, 720, 721, 722, 723, 724, 725, 726, 727, 728, 729, 730, 731, 732, 733, 734, 735, 736, 737, 738, 739, 740, 741, 742, 743, 744, 745, 746, 747, 748, 749, 750, 751, 752, 753, 754, 755, 756, 757, 758, 759, 760, 761, 762, 763, 764, 765, 766, 767, 768, 769, 770, 771, 772, 773, 774, 775, 776, 777, 778, 779, 780, 781, 782, 783, 784, 785, 786, 787, 788, 789, 790, 791, 792, 793, 794, 795, 796, 797, 798, 799, 800, 801, 802, 803, 804, 805, 806, 807, 808, 809, 810, 811, 812, 813, 814, 815, 816, 817, 818, 819, 820, 821, 822, 823, 824, 825, 826, 827, 828, 829, 830, 831, 832, 833, 834, 835, 836, 837, 838, 839, 840, 841, 842, 843, 844, 845, 846, 847, 848, 849, 850, 851, 852, 853, 854, 855, 856, 857, 858, 859, 860, 861, 862, 863, 864, 865, 866, 867, 868, 869, 870, 871, 872, 873, 874, 875, 876, 877, 878, 879, 880, 881, 882, 883, 884, 885, 886, 887, 888, 889, 890, 891, 892, 893, 894, 895, 896, 897, 898, 899, 900, 901, 902, 903, 904, 905, 906, 907, 908, 909, 910, 911, 912, 913, 914, 915, 916, 917, 918, 919, 920, 921, 922, 923, 924, 925, 926, 927, 928, 929, 930, 931, 932, 933, 934, 935, 936, 937, 938, 939, 940, 941, 942, 943, 944, 945, 946, 947, 948, 949, 950, 951, 952, 953, 954, 955, 956, 957, 958, 959, 960, 961, 962, 963, 964, 965, 966, 967, 968, 969, 970, 971, 972, 973, 974, 975, 976, 977, 978, 979, 980, 981, 982, 983, 984, 985, 986, 987, 988, 989, 990, 991, 992, 993, 994, 995, 996, 997, 998, 999, 1000, 1001, 1002, 1003, 1004, 1005, 1006, 1007, 1008, 1009, 1010, 1011, 1012, 1013, 1014, 1015, 1016, 1017, 1018, 1019, 1020, 1021, 1022, 1023, 1024, 1025, 1026, 1027, 1028, 1029, 1030, 1031, 1032, 1033, 1034, 1035, 1036, 1037, 1038, 1039, 1040, 1041, 1042, 1043, 1044, 1045, 1046, 1047, 1048, 1049, 1050, 1051, 1052, 1053, 1054, 1055, 1056, 1057, 1058, 1059, 1060, 1061, 1062, 1063, 1064, 1065, 1066, 1067, 1068, 1069, 1070, 1071, 1072, 1073, 1074, 1075, 1076, 1077, 1078, 1079, 1080, 1081, 1082, 1083, 1084, 1085, 1086, 1087, 1088, 1089, 1090, 1091, 1092, 1093, 1094, 1095, 1096, 1097, 1098, 1099, 1100, 1101, 1102, 1103, 1104, 1105, 1106, 1107, 1108, 1109, 1110, 1111, 1112, 1113, 1114, 1115, 1116, 1117, 1118, 1119, 1120, 1121, 1122, 1123, 1124, 1125, 1126, 1127, 1128, 1129, 1130, 1131, 1132, 1133, 1134, 1135, 1136, 1137, 1138, 1139, 1140, 1141, 1142, 1143, 1144, 1145, 1146, 1147, 1148, 1149, 1150, 1151, 1152, 1153, 1154, 1155, 1156, 1157, 1158, 1159, 1160, 1161, 1162, 1163, 1164, 1165, 1166, 1167, 1168, 1169, 1170, 1171, 1172, 1173, 1174, 1175, 1176, 1177, 1178, 1179, 1180, 1181, 1182, 1183, 1184, 1185, 1186, 1187, 1188, 1189, 1190, 1191, 1192, 1193, 1194, 1195, 1196, 1197, 1198, 1199, 1200, 1201, 1202, 1203, 1204, 1205, 1206, 1207, 1208, 1209, 1210, 1211, 1212, 1213, 1214, 1215, 1216, 1217, 1218, 1219, 1220, 1221, 1222, 1223, 1224, 1225, 1226, 1227, 1228, 1229, 1230, 1231, 1232, 1233, 1234, 1235, 1236, 1237, 1238, 1239, 1240, 1241, 1242, 1243, 1244, 1245, 1246, 1247, 1248, 1249, 1250, 1251, 1252, 1253, 1254, 1255, 1256, 1257, 1258, 1259, 1260, 1261, 1262, 1263, 1264, 1265, 1266, 1267, 1268, 1269, 1270, 1271, 1272, 1273, 1274, 1275, 1276, 1277, 1278, 1279, 1280, 1281, 1282, 1283, 1284, 1285, 1286, 1287, 1288, 1289, 1290, 1291, 1292, 1293, 1294, 1295, 1296, 1297, 1298, 1299, 1300, 1301, 1302, 1303, 1304, 1305, 1306, 1307, 1308, 1309, 1310, 1311, 1312, 1313, 1314, 1315, 1316, 1317, 1318, 1319, 1320, 1321, 1322, 1323, 1324, 1325, 1326, 1327, 1328, 1329, 1330, 1331, 1332, 1333, 1334, 1335, 1336, 1337, 1338, 1339, 1340, 1341, 1342, 1343, 1344, 1345, 1346, 1347, 1348, 1349, 1350, 1351, 1352, 1353, 1354, 1355, 1356, 1357, 1358, 1359, 1360, 1361, 1362, 1363, 1364, 1365, 1366, 1367, 1368, 1369, 1370, 1371, 1372, 1373, 1374, 1375, 1376, 1377, 1378, 1379, 1380, 1381, 1382, 1383, 1384, 1385, 1386, 1387, 1388, 1389, 1390, 1391, 1392, 1393, 1394, 1395, 1396, 1397, 1398, 1399, 1400, 1401, 1402, 1403, 1404, 1405, 1406, 1407, 1408, 1409, 1410, 1411, 1412, 1413, 1414, 1415, 1416, 1417, 1418, 1419, 1420, 1421, 1422, 1423, 1424, 1425, 1426, 1427, 1428, 1429, 1430, 1431, 1432, 1433, 1434, 1435, 1436, 1437, 1438, 1439, 1440, 1441, 1442, 1443, 1444, 1445, 1446, 1447, 1448, 1449, 1450, 1451, 1452, 1453, 1454, 1455, 1456, 1457, 1458, 1459, 1460, 1461, 1462, 1463, 1464, 1465, 1466, 1467, 1468, 1469, 1470, 1471, 1472, 1473, 1474, 1475, 1476, 1477, 1478, 1479, 1480, 1481, 1482, 1483, 1484, 1485, 1486, 1487, 1488, 1489, 1490, 1491, 1492, 1493, 1494, 1495, 1496, 1497, 1498, 1499, 1500, 1501, 1502, 1503, 1504, 1505, 1506, 1507, 1508, 1509, 1510, 1511, 1512, 1513, 1514, 1515, 1516, 1517, 1518, 1519, 1520, 1521, 1522, 1523, 1524, 1525, 1526, 1527, 1528, 1529, 1530, 1531, 1532, 1533, 1534, 1535, 1536, 1537, 1538, 1539, 1540, 1541, 1542, 1543, 1544, 1545, 1546, 1547, 1548, 1549, 1550, 1551, 1552, 1553, 1554, 1555, 1556, 1557, 1558, 1559, 1560, 1561, 1562, 1563, 1564, 1565, 1566, 1567, 1568, 1569, 1570, 1571, 1572, 1573, 1574, 1575, 1576, 1577, 1578, 1579, 1580, 1581, 1582, 1583, 1584, 1585, 1586, 1587, 1588, 1589, 1590, 1591, 1592, 1593, 1594, 1595, 1596, 1597, 1598, 1599, 1600, 1601, 1602, 1603, 1604, 1605, 1606, 1607, 1608, 1609, 1610, 1611, 1612, 1613, 1614, 1615, 1616, 1617, 1618, 1619, 1620, 1621, 1622, 1623, 1624, 1625, 1626, 1627, 1628, 1629, 1630, 1631, 1632, 1633, 1634, 1635, 1636, 1637, 1638, 1639, 1640, 1641, 1642, 1643, 1644, 1645, 1646, 1647, 1648, 1649, 1650, 1651, 1652, 1653, 1654, 1655, 1656, 1657, 1658, 1659, 1660, 1661, 1662, 1663, 1664, 1665, 1666, 1667, 1668, 1669, 1670, 1671, 1672, 1673, 1674, 1675, 1676, 1677, 1678, 1679, 1680, 1681, 1682, 1683, 1684, 1685, 1686, 1687, 1688, 1689, 1690, 1691, 1692, 1693, 1694, 1695, 1696, 1697, 1698, 1699, 1700, 1701, 1702, 1703, 1704, 1705, 1706, 1707, 1708, 1709, 1710, 1711, 1712, 1713, 1714, 1715, 1716, 1717, 1718, 1719, 1720, 1721, 1722, 1723, 1724, 1725, 1726, 1727, 1728, 1729, 1730, 1731, 1732, 1733, 1734, 1735, 1736, 1737, 1738, 1739, 1740, 1741, 1742, 1743, 1744, 1745, 1746, 1747, 1748, 1749, 1750, 1751, 1752, 1753, 1754, 1755, 1756, 1757, 1758, 1759, 1760, 1761, 1762, 1763, 1764, 1765, 1766, 1767, 1768, 1769, 1770, 1771, 1772, 1773, 1774, 1775, 1776, 1777, 1778, 1779, 1780, 1781, 1782, 1783, 1784, 1785, 1786, 1787, 1788, 1789, 1790, 1791, 1792, 1793, 1794, 1795, 1796, 1797, 1798, 1799, 1800, 1801, 1802, 1803, 1804, 1805, 1806, 1807, 1808, 1809, 1810, 1811, 1812, 1813, 1814, 1815, 1816, 1817, 1818, 1819, 1820, 1821, 1822, 1823, 1824, 1825, 1826, 1827, 1828, 1829, 1830, 1831, 1832, 1833, 1834, 1835, 1836, 1837, 1838, 1839, 1840, 1841, 1842, 1843, 1844, 1845, 1846, 1847, 1848, 1849, 1850, 1851, 1852, 1853, 1854, 1855, 1856, 1857, 1858, 1859, 1860, 1861, 1862, 1863, 1864, 1865, 1866, 1867, 1868, 1869, 1870, 1871, 1872, 1873, 1874, 1875, 1876, 1877, 1878, 1879, 1880, 1881, 1882, 1883, 1884, 1885, 1886, 1887, 1888, 1889, 1890, 1891, 1892, 1893, 1894, 1895, 1896, 1897, 1898, 1899, 1900, 1901, 1902, 1903, 1904, 1905, 1906, 1907, 1908, 1909, 1910, 1911, 1912, 1913, 1914, 1915, 1916, 1917, 1918, 1919, 1920, 1921, 1922, 1923, 1924, 1925, 1926, 1927, 1928, 1929, 1930, 1931, 1932, 1933, 1934, 1935, 1936, 1937, 1938, 1939, 1940, 1941, 1942, 1943, 1944, 1945, 1946, 1947, 1948, 1949, 1950, 1951, 1952, 1953, 1954, 1955, 1956, 1957, 1958, 1959, 1960, 1961, 1962, 1963, 1964, 1965, 1966, 1967, 1968, 1969, 1970, 1971, 1972, 1973, 1974, 1975, 1976, 1977, 1978, 1979, 1980, 1981, 1982, 1983, 1984, 1985, 1986, 1987, 1988, 1989, 1990, 1991, 1992, 1993, 1994, 1995, 1996, 1997, 1998, 1999, 2000, 2001, 2002, 2003, 2004, 2005, 2006, 2007, 2008, 2009, 2010, 2011, 2012, 2013, 2014, 2015, 2016, 2017, 2018, 2019, 2020, 2021, 2022, 2023, 2024, 2025, 2026, 2027, 2028, 2029, 2030, 2031, 2032, 2033, 2034, 2035, 2036, 2037, 2038, 2039, 2040, 2041, 2042, 2043, 2044, 2045, 2046, 2047, 2048, 2049, 2050, 2051, 2052, 2053, 2054, 2055, 2056, 2057, 2058, 2059, 2060, 2061, 2062, 2063, 2064, 2065, 2066, 2067, 2068, 2069, 2070, 2071, 2072, 2073, 2074, 2075, 2076, 2077, 2078, 2079, 2080, 2081, 2082, 2083, 2084, 2085, 2086, 2087, 2088, 2089, 2090, 2091, 2092, 2093, 2094, 2095, 2096, 2097, 2098, 2099, 2100, 2101, 2102, 2103, 2104, 2105, 2106, 2107, 2108, 2109, 2110, 2111, 2112, 2113, 2114, 2115, 2116, 2117, 2118, 2119, 2120, 2121, 2122, 2123, 2124, 2125, 2126, 2127, 2128, 2129, 2130, 2131, 2132, 2133, 2134, 2135, 2136, 2137, 2138, 2139, 2140, 2141, 2142, 2143, 2144, 2145, 2146, 2147, 2148, 2149, 2150, 2151, 2152, 2153, 2154, 2155, 2156, 2157, 2158, 2159, 2160, 2161, 2162, 2163, 2164, 2165, 2166, 2167, 2168, 2169, 2170, 2171, 2172, 2173, 2174, 2175, 2176, 2177, 2178, 2179, 2180, 2181, 2182, 2183, 2184, 2185, 2186, 2187, 2188, 2189, 2190, 2191, 2192, 2193, 2194, 2195, 2196, 2197, 2198, 2199, 2200, 2201, 2202, 2203, 2204, 2205, 2206, 2207, 2208, 2209, 2210, 2211, 2212, 2213, 2214, 2215, 2216, 2217, 2218, 2219, 2220, 2221, 2222, 2223, 2224, 2225, 2226, 2227, 2228, 2229, 2230, 2231, 2232, 2233, 2234, 2235, 2236, 2237, 2238, 2239, 2240, 2241, 2242, 2243, 2244, 2245, 2246, 2247, 2248, 2249, 2250, 2251, 2252, 2253, 2254, 2255, 2256, 2257, 2258, 2259, 2260, 2261, 2262, 2263, 2264, 2265, 2266, 2267, 2268, 2269, 2270, 2271, 2272, 2273, 2274, 2275, 2276, 2277, 2278, 2279, 2280, 2281, 2282, 2283, 2284, 2285, 2286, 2287, 2288, 2289, 2290, 2291, 2292, 2293, 2294, 2295, 2296, 2297, 2298, 2299, 2300, 2301, 2302, 2303, 2304, 2305, 2306, 2307, 2308, 2309, 2310, 2311, 2312, 2313, 2314, 2315, 2316, 2317, 2318, 2319, 2320, 2321, 2322, 2323, 2324, 2325, 2326, 2327, 2328, 2329, 2330, 2331, 2332, 2333, 2334, 2335, 2336, 2337, 2338, 2339, 2340, 2341, 2342, 2343, 2344, 2345, 2346, 2347, 2348, 2349, 2350, 2351, 2352, 2353, 2354, 2355, 2356, 2357, 2358, 2359, 2360, 2361, 2362, 2363, 2364, 2365, 2366, 2367, 2368, 2369, 2370, 2371, 2372, 2373, 2374, 2375, 2376, 2377, 2378, 2379, 2380, 2381, 2382, 2383, 2384, 2385, 2386, 2387, 2388, 2389, 2390, 2391, 2392, 2393, 2394, 2395, 2396, 2397, 2398, 2399, 2400, 2401, 2402, 2403, 2404, 2405, 2406, 2407, 2408, 2409, 2410, 2411, 2412, 2413, 2414, 2415, 2416, 2417, 2418, 2419, 2420, 2421, 2422, 2423, 2424, 2425, 2426, 2427, 2428, 2429, 2430, 2431, 2432, 2433, 2434, 2435, 2436, 2437, 2438, 2439, 2440, 2441, 2442, 2443, 2444, 2445, 2446, 2447, 2448, 2449, 2450, 2451, 2452, 2453, 2454, 2455, 2456, 2457, 2458, 2459, 2460, 2461, 2462, 2463, 2464, 2465, 2466, 2467, 2468, 2469, 2470, 2471, 2472, 2473, 2474, 2475, 2476, 2477, 2478, 2479, 2480, 2481, 2482, 2483, 2484, 2485, 2486, 2487, 2488, 2489, 2490, 2491, 2492, 2493, 2494, 2495, 2496, 2497, 2498, 2499, 2500, 2501, 2502, 2503, 2504, 2505, 2506, 2507, 2508, 2509, 2510, 2511, 2512, 2513, 2514, 2515, 2516, 2517, 2518, 2519, 2520, 2521, 2522, 2523, 2524, 2525, 2526, 2527, 2528, 2529, 2530, 2531, 2532, 2533, 2534, 2535, 2536, 2537, 2538, 2539, 2540, 2541, 2542, 2543, 2544, 2545, 2546, 2547, 2548, 2549, 2550, 2551, 2552, 2553, 2554, 2555, 2556, 2557, 2558, 2559, 2560, 2561, 2562, 2563, 2564, 2565, 2566, 2567, 2568, 2569, 2570, 2571, 2572, 2573, 2574, 2575, 2576, 2577, 2578, 2579, 2580, 2581, 2582, 2583, 2584, 2585, 2586, 2587, 2588, 2589, 2590, 2591, 2592, 2593, 2594, 2595, 2596, 2597, 2598, 2599, 2600, 2601, 2602, 2603, 2604, 2605, 2606, 2607, 2608, 2609, 2610, 2611, 2612, 2613, 2614, 2615, 2616, 2617, 2618, 2619, 2620, 2621, 2622, 2623, 2624, 2625, 2626, 2627, 2628, 2629, 2630, 2631, 2632, 2633, 2634, 2635, 2636, 2637, 2638, 2639, 2640, 2641, 2642, 2643, 2644, 2645, 2646, 2647, 2648, 2649, 2650, 2651, 2652, 2653, 2654, 2655, 2656, 2657, 2658, 2659, 2660, 2661, 2662, 2663, 2664, 2665, 2666, 2667, 2668, 2669, 2670, 2671, 2672, 2673, 2674, 2675, 2676, 2677, 2678, 2679, 2680, 2681, 2682, 2683, 2684, 2685, 2686, 2687, 2688, 2689, 2690, 2691, 2692, 2693, 2694, 2695, 2696, 2697, 2698, 2699, 2700, 2701, 2702, 2703, 2704, 2705, 2706, 2707, 2708, 2709, 2710, 2711, 2712, 2713, 2714, 2715, 2716, 2717, 2718, 2719, 2720, 2721, 2722, 2723, 2724, 2725, 2726, 2727, 2728, 2729, 2730, 2731, 2732, 2733, 2734, 2735, 2736, 2737, 2738, 2739, 2740, 2741, 2742, 2743, 2744, 2745, 2746, 2747, 2748, 2749, 2750, 2751, 2752, 2753, 2754, 2755, 2756, 2757, 2758, 2759, 2760, 2761, 2762, 2763, 2764, 2765, 2766, 2767, 2768, 2769, 2770, 2771, 2772, 2773, 2774, 2775, 2776, 2777, 2778, 2779, 2780, 2781, 2782, 2783, 2784, 2785, 2786, 2787, 2788, 2789, 2790, 2791, 2792, 2793, 2794, 2795, 2796, 2797, 2798, 2799, 2800, 2801, 2802, 2803, 2804, 2805, 2806, 2807, 2808, 2809, 2810, 2811, 2812, 2813, 2814, 2815, 2816, 2817, 2818, 2819, 2820, 2821, 2822, 2823, 2824, 2825, 2826, 2827, 2828, 2829, 2830, 2831, 2832, 2833, 2834, 2835, 2836, 2837, 2838, 2839, 2840, 2841, 2842, 2843, 2844, 2845, 2846, 2847, 2848, 2849, 2850, 2851, 2852, 2853, 2854, 2855, 2856, 2857, 2858, 2859, 2860, 2861, 2862, 2863, 2864, 2865, 2866, 2867, 2868, 2869, 2870, 2871, 2872, 2873, 2874, 2875, 2876, 2877, 2878, 2879, 2880, 2881, 2882, 2883, 2884, 2885, 2886, 2887, 2888, 2889, 2890, 2891, 2892, 2893, 2894, 2895, 2896, 2897, 2898, 2899, 2900, 2901, 2902, 2903, 2904, 2905, 2906, 2907, 2908, 2909, 2910, 2911, 2912, 2913, 2914, 2915, 2916, 2917, 2918, 2919, 2920, 2921, 2922, 2923, 2924, 2925, 2926, 2927, 2928, 2929, 2930, 2931, 2932, 2933, 2934, 2935, 2936, 2937, 2938, 2939, 2940, 2941, 2942, 2943, 2944, 2945, 2946, 2947, 2948, 2949, 2950, 2951, 2952, 2953, 2954, 2955, 2956, 2957, 2958, 2959, 2960, 2961, 2962, 2963, 2964, 2965, 2966, 2967, 2968, 2969, 2970, 2971, 2972, 2973, 2974, 2975, 2976, 2977, 2978, 2979, 2980, 2981, 2982, 2983, 2984, 2985, 2986, 2987, 2988, 2989, 2990, 2991, 2992, 2993, 2994, 2995, 2996, 2997, 2998, 2999, 3000, 3001, 3002, 3003, 3004, 3005, 3006, 3007, 3008, 3009, 3010, 3011, 3012, 3013, 3014, 3015, 3016, 3017, 3018, 3019, 3020, 3021, 3022, 3023, 3024, 3025, 3026, 3027, 3028, 3029, 3030, 3031, 3032, 3033, 3034, 3035, 3036, 3037, 3038, 3039, 3040, 3041, 3042, 3043, 3044, 3045, 3046, 3047, 3048, 3049, 3050, 3051, 3052, 3053, 3054, 3055, 3056, 3057, 3058, 3059, 3060, 3061, 3062, 3063, 3064, 3065, 3066, 3067, 3068, 3069, 3070, 3071, 3072, 3073, 3074, 3075, 3076, 3077, 3078, 3079, 3080, 3081, 3082, 3083, 3084, 3085, 3086, 3087, 3088, 3089, 3090, 3091, 3092, 3093, 3094, 3095, 3096, 3097, 3098, 3099, 3100, 3101, 3102, 3103, 3104, 3105, 3106, 3107, 3108, 3109, 3110, 3111, 3112, 3113, 3114, 3115, 3116, 3117, 3118, 3119, 3120, 3121, 3122, 3123, 3124, 3125, 3126, 3127, 3128, 3129, 3130, 3131, 3132, 3133, 3134, 3135, 3136, 3137, 3138, 3139, 3140, 3141, 3142, 3143, 3144, 3145, 3146, 3147, 3148, 3149, 3150, 3151, 3152, 3153, 3154, 3155, 3156, 3157, 3158, 3159, 3160, 3161, 3162, 3163, 3164, 3165, 3166, 3167, 3168, 3169, 3170, 3171, 3172, 3173, 3174, 3175, 3176, 3177, 3178, 3179, 3180, 3181, 3182, 3183, 3184, 3185, 3186, 3187, 3188, 3189, 3190, 3191, 3192, 3193, 3194, 3195, 3196, 3197, 3198, 3199, 3200, 3201, 3202, 3203, 3204, 3205, 3206, 3207, 3208, 3209, 3210, 3211, 3212, 3213, 3214, 3215, 3216, 3217, 3218, 3219, 3220, 3221, 3222, 3223, 3224, 3225, 3226, 3227, 3228, 3229, 3230, 3231, 3232, 3233, 3234, 3235, 3236, 3237, 3238, 3239, 3240, 3241, 3242, 3243, 3244, 3245, 3246, 3247, 3248, 3249, 3250, 3251, 3252, 3253, 3254, 3255, 3256, 3257, 3258, 3259, 3260, 3261, 3262, 3263, 3264, 3265, 3266, 3267, 3268, 3269, 3270, 3271, 3272, 3273, 3274, 3275, 3276, 3277, 3278, 3279, 3280, 3281, 3282, 3283, 3284, 3285, 3286, 3287, 3288, 3289, 3290, 3291, 3292, 3293, 3294, 3295, 3296, 3297, 3298, 3299, 3300, 3301, 3302, 3303, 3304, 3305, 3306, 3307, 3308, 3309, 3310, 3311, 3312, 3313, 3314, 3315, 3316, 3317, 3318, 3319, 3320, 3321, 3322, 3323, 3324, 3325, 3326, 3327, 3328, 3329, 3330, 3331, 3332, 3333, 3334, 3335, 3336, 3337, 3338, 3339, 3340, 3341, 3342, 3343, 3344, 3345, 3346, 3347, 3348, 3349, 3350, 3351, 3352, 3353, 3354, 3355, 3356, 3357, 3358, 3359, 3360, 3361, 3362, 3363, 3364, 3365, 3366, 3367, 3368, 3369, 3370, 3371, 3372, 3373, 3374, 3375, 3376, 3377, 3378, 3379, 3380, 3381, 3382, 3383, 3384, 3385, 3386, 3387, 3388, 3389, 3390, 3391, 3392, 3393, 3394, 3395, 3396, 3397, 3398, 3399, 3400, 3401, 3402, 3403, 3404, 3405, 3406, 3407, 3408, 3409, 3410, 3411, 3412, 3413, 3414, 3415, 3416, 3417, 3418, 3419, 3420, 3421, 3422, 3423, 3424, 3425, 3426, 3427, 3428, 3429, 3430, 3431, 3432, 3433, 3434, 3435, 3436, 3437, 3438, 3439, 3440, 3441, 3442, 3443, 3444, 3445, 3446, 3447, 3448, 3449, 3450, 3451, 3452, 3453, 3454, 3455, 3456, 3457, 3458, 3459]
        rel material:binding = </Track/Mat_line>
        point3f[] points = [(-2.7240229, -1.2461251, 0.003), (-2.7268898, -1.2557052, 0.003), (-2.6905727, -1.2656349, 0.003), (-2.6881757, -1.2559265, 0.003), (-2.6881757, -1.2559265, 0.003), (-2.6905727, -1.2656349, 0.003), (-2.6530845, -1.2738932, 0.003), (-2.651135, -1.2640852, 0.003), (-2.651135, -1.2640852, 0.003), (-2.6530845, -1.2738932, 0.003), (-2.6140783, -1.2807813, 0.003), (-2.6125286, -1.2709022, 0.003), (-2.6125286, -1.2709022, 0.003), (-2.6140783, -1.2807813, 0.003), (-2.5736883, -1.2863079, 0.003), (-2.5724995, -1.2763789, 0.003), (-2.5724995, -1.2763789, 0.003), (-2.5736883, -1.2863079, 0.003), (-2.5323071, -1.2905415, 0.003), (-2.5314486, -1.2805785, 0.003), (-2.5314486, -1.2805785, 0.003), (-2.5323071, -1.2905415, 0.003), (-2.489181, -1.2935426, 0.003), (-2.4885921, -1.28356, 0.003), (-2.4885921, -1.28356, 0.003), (-2.489181, -1.2935426, 0.003), (-2.4452806, -1.2956561, 0.003), (-2.4449308, -1.2856622, 0.003), (-2.4449308, -1.2856622, 0.003), (-2.4452806, -1.2956561, 0.003), (-2.4008887, -1.2966216, 0.003), (-2.4007587, -1.2866224, 0.003), (-2.4007587, -1.2866224, 0.003), (-2.4008887, -1.2966216, 0.003), (-2.3553736, -1.2968032, 0.003), (-2.3554237, -1.2868034, 0.003), (-2.3554237, -1.2868034, 0.003), (-2.3553736, -1.2968032, 0.003), (-2.3094485, -1.296156, 0.003), (-2.3096583, -1.2861583, 0.003), (-2.3096583, -1.2861583, 0.003), (-2.3094485, -1.296156, 0.003), (-2.2629106, -1.2948557, 0.003), (-2.2632601, -1.2848618, 0.003), (-2.2632601, -1.2848618, 0.003), (-2.2629106, -1.2948557, 0.003), (-2.2159717, -1.2928811, 0.003), (-2.2164412, -1.2828922, 0.003), (-2.2164412, -1.2828922, 0.003), (-2.2159717, -1.2928811, 0.003), (-2.1682577, -1.290399, 0.003), (-2.1688168, -1.2804146, 0.003), (-2.1688168, -1.2804146, 0.003), (-2.1682577, -1.290399, 0.003), (-2.1200492, -1.2875055, 0.003), (-2.1206787, -1.2775254, 0.003), (-2.1206787, -1.2775254, 0.003), (-2.1200492, -1.2875055, 0.003), (-2.0716882, -1.2843072, 0.003), (-2.072378, -1.2743311, 0.003), (-2.072378, -1.2743311, 0.003), (-2.0716882, -1.2843072, 0.003), (-2.0230372, -1.2807968, 0.003), (-2.023776, -1.2708241, 0.003), (-2.023776, -1.2708241, 0.003), (-2.0230372, -1.2807968, 0.003), (-1.9737965, -1.2770541, 0.003), (-1.974565, -1.2670836, 0.003), (-1.974565, -1.2670836, 0.003), (-1.9737965, -1.2770541, 0.003), (-1.9241693, -1.2731752, 0.003), (-1.9249485, -1.2632056, 0.003), (-1.9249485, -1.2632056, 0.003), (-1.9241693, -1.2731752, 0.003), (-1.8742692, -1.2692753, 0.003), (-1.8750484, -1.2593057, 0.003), (-1.8750484, -1.2593057, 0.003), (-1.8742692, -1.2692753, 0.003), (-1.8238628, -1.2653362, 0.003), (-1.8246222, -1.255365, 0.003), (-1.8246222, -1.255365, 0.003), (-1.8238628, -1.2653362, 0.003), (-1.7732027, -1.2615794, 0.003), (-1.7739321, -1.2516061, 0.003), (-1.7739321, -1.2516061, 0.003), (-1.7732027, -1.2615794, 0.003), (-1.7220173, -1.2578887, 0.003), (-1.7226964, -1.2479118, 0.003), (-1.7226964, -1.2479118, 0.003), (-1.7220173, -1.2578887, 0.003), (-1.6702261, -1.2545731, 0.003), (-1.670835, -1.2445917, 0.003), (-1.670835, -1.2445917, 0.003), (-1.6702261, -1.2545731, 0.003), (-1.6184499, -1.2515709, 0.003), (-1.6189892, -1.2415855, 0.003), (-1.6189892, -1.2415855, 0.003), (-1.6184499, -1.2515709, 0.003), (-1.5659091, -1.2489464, 0.003), (-1.5663487, -1.2389561, 0.003), (-1.5663487, -1.2389561, 0.003), (-1.5659091, -1.2489464, 0.003), (-1.5126013, -1.2469225, 0.003), (-1.5129111, -1.2369273, 0.003), (-1.5129111, -1.2369273, 0.003), (-1.5126013, -1.2469225, 0.003), (-1.4592847, -1.2456412, 0.003), (-1.4594644, -1.2356428, 0.003), (-1.4594644, -1.2356428, 0.003), (-1.4592847, -1.2456412, 0.003), (-1.406127, -1.2450045, 0.003), (-1.4061868, -1.2350048, 0.003), (-1.4061868, -1.2350048, 0.003), (-1.406127, -1.2450045, 0.003), (-1.3545, -1.245, 0.003), (-1.3545, -1.235, 0.003), (-1.3545, -1.235, 0.003), (-1.3545, -1.245, 0.003), (-1.3045, -1.245, 0.003), (-1.3045, -1.235, 0.003), (-1.3045, -1.235, 0.003), (-1.3045, -1.245, 0.003), (-1.2544, -1.245, 0.003), (-1.2544, -1.235, 0.003), (-1.2544, -1.235, 0.003), (-1.2544, -1.245, 0.003), (-1.2044, -1.245, 0.003), (-1.2044, -1.235, 0.003), (-1.2044, -1.235, 0.003), (-1.2044, -1.245, 0.003), (-1.1543, -1.245, 0.003), (-1.1543, -1.235, 0.003), (-1.1543, -1.235, 0.003), (-1.1543, -1.245, 0.003), (-1.1042, -1.245, 0.003), (-1.1042, -1.235, 0.003), (-1.1042, -1.235, 0.003), (-1.1042, -1.245, 0.003), (-1.0542, -1.245, 0.003), (-1.0542, -1.235, 0.003), (-1.0542, -1.235, 0.003), (-1.0542, -1.245, 0.003), (-1.0041, -1.245, 0.003), (-1.0041, -1.235, 0.003), (-1.0041, -1.235, 0.003), (-1.0041, -1.245, 0.003), (-0.9541, -1.245, 0.003), (-0.9541, -1.235, 0.003), (-0.9541, -1.235, 0.003), (-0.9541, -1.245, 0.003), (-0.904, -1.245, 0.003), (-0.904, -1.235, 0.003), (-0.904, -1.235, 0.003), (-0.904, -1.245, 0.003), (-0.8539, -1.245, 0.003), (-0.8539, -1.235, 0.003), (-0.8539, -1.235, 0.003), (-0.8539, -1.245, 0.003), (-0.8039, -1.245, 0.003), (-0.8039, -1.235, 0.003), (-0.8039, -1.235, 0.003), (-0.8039, -1.245, 0.003), (-0.7538, -1.245, 0.003), (-0.7538, -1.235, 0.003), (-0.7538, -1.235, 0.003), (-0.7538, -1.245, 0.003), (-0.7038, -1.245, 0.003), (-0.7038, -1.235, 0.003), (-0.7038, -1.235, 0.003), (-0.7038, -1.245, 0.003), (-0.6537, -1.245, 0.003), (-0.6537, -1.235, 0.003), (-0.6537, -1.235, 0.003), (-0.6537, -1.245, 0.003), (-0.6036, -1.245, 0.003), (-0.6036, -1.235, 0.003), (-0.6036, -1.235, 0.003), (-0.6036, -1.245, 0.003), (-0.5536, -1.245, 0.003), (-0.5536, -1.235, 0.003), (-0.5536, -1.235, 0.003), (-0.5536, -1.245, 0.003), (-0.5035, -1.245, 0.003), (-0.5035, -1.235, 0.003), (-0.5035, -1.235, 0.003), (-0.5035, -1.245, 0.003), (-0.4535, -1.245, 0.003), (-0.4535, -1.235, 0.003), (-0.4535, -1.235, 0.003), (-0.4535, -1.245, 0.003), (-0.4034, -1.245, 0.003), (-0.4034, -1.235, 0.003), (-0.4034, -1.235, 0.003), (-0.4034, -1.245, 0.003), (-0.3533, -1.245, 0.003), (-0.3533, -1.235, 0.003), (-0.3533, -1.235, 0.003), (-0.3533, -1.245, 0.003), (-0.3033, -1.245, 0.003), (-0.3033, -1.235, 0.003), (-0.3033, -1.235, 0.003), (-0.3033, -1.245, 0.003), (-0.2532, -1.245, 0.003), (-0.2532, -1.235, 0.003), (-0.2532, -1.235, 0.003), (-0.2532, -1.245, 0.003), (-0.2032, -1.245, 0.003), (-0.2032, -1.235, 0.003), (-0.2032, -1.235, 0.003), (-0.2032, -1.245, 0.003), (-0.1531, -1.245, 0.003), (-0.1531, -1.235, 0.003), (-0.1531, -1.235, 0.003), (-0.1531, -1.245, 0.003), (-0.103, -1.245, 0.003), (-0.103, -1.235, 0.003), (-0.103, -1.235, 0.003), (-0.103, -1.245, 0.003), (-0.053, -1.245, 0.003), (-0.053, -1.235, 0.003), (-0.053, -1.235, 0.003), (-0.053, -1.245, 0.003), (-0.0029, -1.245, 0.003), (-0.0029, -1.235, 0.003), (-0.0029, -1.235, 0.003), (-0.0029, -1.245, 0.003), (0.0471, -1.245, 0.003), (0.0471, -1.235, 0.003), (0.0471, -1.235, 0.003), (0.0471, -1.245, 0.003), (0.0972, -1.245, 0.003), (0.0972, -1.235, 0.003), (0.0972, -1.235, 0.003), (0.0972, -1.245, 0.003), (0.1473, -1.245, 0.003), (0.1473, -1.235, 0.003), (0.1473, -1.235, 0.003), (0.1473, -1.245, 0.003), (0.1973, -1.245, 0.003), (0.1973, -1.235, 0.003), (0.1973, -1.235, 0.003), (0.1973, -1.245, 0.003), (0.2474, -1.245, 0.003), (0.2474, -1.235, 0.003), (0.2474, -1.235, 0.003), (0.2474, -1.245, 0.003), (0.2974, -1.245, 0.003), (0.2974, -1.235, 0.003), (0.2974, -1.235, 0.003), (0.2974, -1.245, 0.003), (0.3475, -1.245, 0.003), (0.3475, -1.235, 0.003), (0.3475, -1.235, 0.003), (0.3475, -1.245, 0.003), (0.3976, -1.245, 0.003), (0.3976, -1.235, 0.003), (0.3976, -1.235, 0.003), (0.3976, -1.245, 0.003), (0.4476, -1.245, 0.003), (0.4476, -1.235, 0.003), (0.4476, -1.235, 0.003), (0.4476, -1.245, 0.003), (0.4977, -1.245, 0.003), (0.4977, -1.235, 0.003), (0.4977, -1.235, 0.003), (0.4977, -1.245, 0.003), (0.5477, -1.245, 0.003), (0.5477, -1.235, 0.003), (0.5477, -1.235, 0.003), (0.5477, -1.245, 0.003), (0.5978, -1.245, 0.003), (0.5978, -1.235, 0.003), (0.5978, -1.235, 0.003), (0.5978, -1.245, 0.003), (0.6479, -1.245, 0.003), (0.6479, -1.235, 0.003), (0.6479, -1.235, 0.003), (0.6479, -1.245, 0.003), (0.6979, -1.245, 0.003), (0.6979, -1.235, 0.003), (0.6979, -1.235, 0.003), (0.6979, -1.245, 0.003), (0.748, -1.245, 0.003), (0.748, -1.235, 0.003), (0.748, -1.235, 0.003), (0.748, -1.245, 0.003), (0.798, -1.245, 0.003), (0.798, -1.235, 0.003), (0.798, -1.235, 0.003), (0.798, -1.245, 0.003), (0.8481, -1.245, 0.003), (0.8481, -1.235, 0.003), (0.8481, -1.235, 0.003), (0.8481, -1.245, 0.003), (0.8982, -1.245, 0.003), (0.8982, -1.235, 0.003), (0.8982, -1.235, 0.003), (0.8982, -1.245, 0.003), (0.9482, -1.245, 0.003), (0.9482, -1.235, 0.003), (0.9482, -1.235, 0.003), (0.9482, -1.245, 0.003), (0.9983, -1.245, 0.003), (0.9983, -1.235, 0.003), (0.9983, -1.235, 0.003), (0.9983, -1.245, 0.003), (1.0483, -1.245, 0.003), (1.0483, -1.235, 0.003), (1.0483, -1.235, 0.003), (1.0483, -1.245, 0.003), (1.0984, -1.245, 0.003), (1.0984, -1.235, 0.003), (1.0984, -1.235, 0.003), (1.0984, -1.245, 0.003), (1.1485, -1.245, 0.003), (1.1485, -1.235, 0.003), (1.1485, -1.235, 0.003), (1.1485, -1.245, 0.003), (1.1985, -1.245, 0.003), (1.1985, -1.235, 0.003), (1.1985, -1.235, 0.003), (1.1985, -1.245, 0.003), (1.2486, -1.245, 0.003), (1.2486, -1.235, 0.003), (1.2486, -1.235, 0.003), (1.2486, -1.245, 0.003), (1.2987, -1.245, 0.003), (1.2987, -1.235, 0.003), (1.2987, -1.235, 0.003), (1.2987, -1.245, 0.003), (1.3487, -1.245, 0.003), (1.3487, -1.235, 0.003), (1.3487, -1.235, 0.003), (1.3487, -1.245, 0.003), (1.4000738, -1.2450032, 0.003), (1.4001237, -1.2350034, 0.003), (1.4001237, -1.2350034, 0.003), (1.4000738, -1.2450032, 0.003), (1.4528754, -1.2455325, 0.003), (1.4530352, -1.2355338, 0.003), (1.4530352, -1.2355338, 0.003), (1.4528754, -1.2455325, 0.003), (1.506539, -1.2467145, 0.003), (1.5068384, -1.2367189, 0.003), (1.5068384, -1.2367189, 0.003), (1.506539, -1.2467145, 0.003), (1.5598549, -1.2487354, 0.003), (1.5602845, -1.2387446, 0.003), (1.5602845, -1.2387446, 0.003), (1.5598549, -1.2487354, 0.003), (1.6121421, -1.2512441, 0.003), (1.6126614, -1.2412575, 0.003), (1.6126614, -1.2412575, 0.003), (1.6121421, -1.2512441, 0.003), (1.6641878, -1.2541587, 0.003), (1.6647873, -1.2441766, 0.003), (1.6647873, -1.2441766, 0.003), (1.6641878, -1.2541587, 0.003), (1.7161173, -1.2574887, 0.003), (1.7167964, -1.2475117, 0.003), (1.7167964, -1.2475117, 0.003), (1.7161173, -1.2574887, 0.003), (1.767384, -1.2611781, 0.003), (1.7681129, -1.2512047, 0.003), (1.7681129, -1.2512047, 0.003), (1.767384, -1.2611781, 0.003), (1.8180628, -1.2649362, 0.003), (1.8188221, -1.2549651, 0.003), (1.8188221, -1.2549651, 0.003), (1.8180628, -1.2649362, 0.003), (1.8684692, -1.2688752, 0.003), (1.8692485, -1.2589056, 0.003), (1.8692485, -1.2589056, 0.003), (1.8684692, -1.2688752, 0.003), (1.9183693, -1.2727753, 0.003), (1.9191484, -1.2628057, 0.003), (1.9191484, -1.2628057, 0.003), (1.9183693, -1.2727753, 0.003), (1.968016, -1.2766556, 0.003), (1.9687853, -1.2666852, 0.003), (1.9687853, -1.2666852, 0.003), (1.968016, -1.2766556, 0.003), (2.0171373, -1.2803967, 0.003), (2.017876, -1.270424, 0.003), (2.017876, -1.270424, 0.003), (2.0171373, -1.2803967, 0.003), (2.0661242, -1.2839237, 0.003), (2.0668232, -1.2739482, 0.003), (2.0668232, -1.2739482, 0.003), (2.0661242, -1.2839237, 0.003), (2.114503, -1.2872217, 0.003), (2.1151423, -1.2772422, 0.003), (2.1151423, -1.2772422, 0.003), (2.114503, -1.2872217, 0.003), (2.1624577, -1.2900989, 0.003), (2.1630168, -1.2801145, 0.003), (2.1630168, -1.2801145, 0.003), (2.1624577, -1.2900989, 0.003), (2.2104259, -1.2925932, 0.003), (2.2109053, -1.2826048, 0.003), (2.2109053, -1.2826048, 0.003), (2.2104259, -1.2925932, 0.003), (2.257374, -1.2946651, 0.003), (2.2577338, -1.2846715, 0.003), (2.2577338, -1.2846715, 0.003), (2.257374, -1.2946651, 0.003), (2.3040576, -1.2959673, 0.003), (2.3042872, -1.28597, 0.003), (2.3042872, -1.28597, 0.003), (2.3040576, -1.2959673, 0.003), (2.350338, -1.2968081, 0.003), (2.3504179, -1.2868085, 0.003), (2.3504179, -1.2868085, 0.003), (2.350338, -1.2968081, 0.003), (2.395498, -1.2967154, 0.003), (2.3953881, -1.286716, 0.003), (2.3953881, -1.286716, 0.003), (2.395498, -1.2967154, 0.003), (2.4402523, -1.2958302, 0.003), (2.4399328, -1.2858353, 0.003), (2.4399328, -1.2858353, 0.003), (2.4402523, -1.2958302, 0.003), (2.484128, -1.2938997, 0.003), (2.4835684, -1.2839154, 0.003), (2.4835684, -1.2839154, 0.003), (2.484128, -1.2938997, 0.003), (2.5269127, -1.2909985, 0.003), (2.526074, -1.2810338, 0.003), (2.526074, -1.2810338, 0.003), (2.5269127, -1.2909985, 0.003), (2.5691738, -1.2867573, 0.003), (2.5680356, -1.2768223, 0.003), (2.5680356, -1.2768223, 0.003), (2.5691738, -1.2867573, 0.003), (2.609562, -1.2815833, 0.003), (2.6080623, -1.2716963, 0.003), (2.6080623, -1.2716963, 0.003), (2.609562, -1.2815833, 0.003), (2.6484146, -1.2747908, 0.003), (2.6465054, -1.2649747, 0.003), (2.6465054, -1.2649747, 0.003), (2.6484146, -1.2747908, 0.003), (2.6861334, -1.2667271, 0.003), (2.6837857, -1.2570065, 0.003), (2.6837857, -1.2570065, 0.003), (2.6861334, -1.2667271, 0.003), (2.7225993, -1.2569172, 0.003), (2.7197835, -1.2473218, 0.003), (2.7197835, -1.2473218, 0.003), (2.7225993, -1.2569172, 0.003), (2.7603164, -1.2448707, 0.003), (2.7571092, -1.2353989, 0.003), (2.7571092, -1.2353989, 0.003), (2.7603164, -1.2448707, 0.003), (2.7989936, -1.2309884, 0.003), (2.7954562, -1.221635, 0.003), (2.7954562, -1.221635, 0.003), (2.7989936, -1.2309884, 0.003), (2.8374062, -1.2157059, 0.003), (2.8335514, -1.2064787, 0.003), (2.8335514, -1.2064787, 0.003), (2.8374062, -1.2157059, 0.003), (2.8756776, -1.19894, 0.003), (2.8715236, -1.1898435, 0.003), (2.8715236, -1.1898435, 0.003), (2.8756776, -1.19894, 0.003), (2.9133728, -1.181016, 0.003), (2.9089246, -1.1720598, 0.003), (2.9089246, -1.1720598, 0.003), (2.9133728, -1.181016, 0.003), (2.9506845, -1.1616757, 0.003), (2.9459584, -1.1528629, 0.003), (2.9459584, -1.1528629, 0.003), (2.9506845, -1.1616757, 0.003), (2.9876075, -1.1412015, 0.003), (2.9826117, -1.1325388, 0.003), (2.9826117, -1.1325388, 0.003), (2.9876075, -1.1412015, 0.003), (3.0238287, -1.1194901, 0.003), (3.0185711, -1.1109838, 0.003), (3.0185711, -1.1109838, 0.003), (3.0238287, -1.1194901, 0.003), (3.0595927, -1.0967027, 0.003), (3.0540826, -1.0883577, 0.003), (3.0540826, -1.0883577, 0.003), (3.0595927, -1.0967027, 0.003), (3.094806, -1.0726194, 0.003), (3.0890532, -1.0644398, 0.003), (3.0890532, -1.0644398, 0.003), (3.094806, -1.0726194, 0.003), (3.129408, -1.0475947, 0.003), (3.1234238, -1.0395827, 0.003), (3.1234238, -1.0395827, 0.003), (3.129408, -1.0475947, 0.003), (3.163212, -1.0215337, 0.003), (3.1569967, -1.0136998, 0.003), (3.1569967, -1.0136998, 0.003), (3.163212, -1.0215337, 0.003), (3.1963024, -0.99451554, 0.003), (3.1898673, -0.9868613, 0.003), (3.1898673, -0.9868613, 0.003), (3.1963024, -0.99451554, 0.003), (3.2287292, -0.96645117, 0.003), (3.2220795, -0.9589826, 0.003), (3.2220795, -0.9589826, 0.003), (3.2287292, -0.96645117, 0.003), (3.2599242, -0.9378884, 0.003), (3.2530506, -0.93062514, 0.003), (3.2530506, -0.93062514, 0.003), (3.2599242, -0.9378884, 0.003), (3.2904332, -0.9080426, 0.003), (3.2833521, -0.90098155, 0.003), (3.2833521, -0.90098155, 0.003), (3.2904332, -0.9080426, 0.003), (3.320441, -0.8771858, 0.003), (3.313168, -0.8703225, 0.003), (3.313168, -0.8703225, 0.003), (3.320441, -0.8771858, 0.003), (3.348886, -0.8461404, 0.003), (3.341403, -0.8395067, 0.003), (3.341403, -0.8395067, 0.003), (3.348886, -0.8461404, 0.003), (3.3764246, -0.8140279, 0.003), (3.368743, -0.8076251, 0.003), (3.368743, -0.8076251, 0.003), (3.3764246, -0.8140279, 0.003), (3.4028037, -0.78147507, 0.003), (3.3949213, -0.7753211, 0.003), (3.3949213, -0.7753211, 0.003), (3.4028037, -0.78147507, 0.003), (3.4278708, -0.7481438, 0.003), (3.4197912, -0.7422514, 0.003), (3.4197912, -0.7422514, 0.003), (3.4278708, -0.7481438, 0.003), (3.4520097, -0.7139994, 0.003), (3.4437432, -0.70837194, 0.003), (3.4437432, -0.70837194, 0.003), (3.4520097, -0.7139994, 0.003), (3.4741898, -0.6801841, 0.003), (3.4657187, -0.6748698, 0.003), (3.4657187, -0.6748698, 0.003), (3.4741898, -0.6801841, 0.003), (3.4943633, -0.6465963, 0.003), (3.4856715, -0.6416511, 0.003), (3.4856715, -0.6416511, 0.003), (3.4943633, -0.6465963, 0.003), (3.5124946, -0.6129298, 0.003), (3.5035846, -0.6083898, 0.003), (3.5035846, -0.6083898, 0.003), (3.5124946, -0.6129298, 0.003), (3.52944, -0.57767755, 0.003), (3.5203435, -0.5735237, 0.003), (3.5203435, -0.5735237, 0.003), (3.52944, -0.57767755, 0.003), (3.5455704, -0.5403552, 0.003), (3.5363262, -0.53654164, 0.003), (3.5363262, -0.53654164, 0.003), (3.5455704, -0.5403552, 0.003), (3.5608046, -0.50154734, 0.003), (3.5514402, -0.49803936, 0.003), (3.5514402, -0.49803936, 0.003), (3.5608046, -0.50154734, 0.003), (3.5747933, -0.462345, 0.003), (3.5653186, -0.45914677, 0.003), (3.5653186, -0.45914677, 0.003), (3.5747933, -0.462345, 0.003), (3.5875373, -0.42231882, 0.003), (3.5779662, -0.41942152, 0.003), (3.5779662, -0.41942152, 0.003), (3.5875373, -0.42231882, 0.003), (3.5994205, -0.3808758, 0.003), (3.5897744, -0.37823954, 0.003), (3.5897744, -0.37823954, 0.003), (3.5994205, -0.3808758, 0.003), (3.6103024, -0.3390121, 0.003), (3.6005888, -0.3366361, 0.003), (3.6005888, -0.3366361, 0.003), (3.6103024, -0.3390121, 0.003), (3.619988, -0.29677856, 0.003), (3.610215, -0.29466006, 0.003), (3.610215, -0.29466006, 0.003), (3.619988, -0.29677856, 0.003), (3.6287866, -0.25365338, 0.003), (3.6189663, -0.25176525, 0.003), (3.6189663, -0.25176525, 0.003), (3.6287866, -0.25365338, 0.003), (3.6365833, -0.2104957, 0.003), (3.62672, -0.20884848, 0.003), (3.62672, -0.20884848, 0.003), (3.6365833, -0.2104957, 0.003), (3.643207, -0.16732997, 0.003), (3.6333055, -0.16593115, 0.003), (3.6333055, -0.16593115, 0.003), (3.643207, -0.16732997, 0.003), (3.6488483, -0.1235907, 0.003), (3.638917, -0.122421704, 0.003), (3.638917, -0.122421704, 0.003), (3.6488483, -0.1235907, 0.003), (3.6535258, -0.07966402, 0.003), (3.64357, -0.07872536, 0.003), (3.64357, -0.07872536, 0.003), (3.6535258, -0.07966402, 0.003), (3.6570888, -0.036382712, 0.003), (3.647112, -0.035703603, 0.003), (3.647112, -0.035703603, 0.003), (3.6570888, -0.036382712, 0.003), (3.6594355, 0.0072548767, 0.003), (3.6494446, 0.00768448, 0.003), (3.6494446, 0.00768448, 0.003), (3.6594355, 0.0072548767, 0.003), (3.6608367, 0.050630044, 0.003), (3.6508381, 0.05079985, 0.003), (3.6508381, 0.05079985, 0.003), (3.6608367, 0.050630044, 0.003), (3.6609154, 0.09359797, 0.003), (3.650916, 0.09348809, 0.003), (3.650916, 0.09348809, 0.003), (3.6609154, 0.09359797, 0.003), (3.659914, 0.13595377, 0.003), (3.6499224, 0.13554412, 0.003), (3.6499224, 0.13554412, 0.003), (3.659914, 0.13595377, 0.003), (3.657517, 0.17729056, 0.003), (3.647545, 0.17654116, 0.003), (3.647545, 0.17654116, 0.003), (3.657517, 0.17729056, 0.003), (3.6538036, 0.21764828, 0.003), (3.6438663, 0.21652861, 0.003), (3.6438663, 0.21652861, 0.003), (3.6538036, 0.21764828, 0.003), (3.64844, 0.25784865, 0.003), (3.6385512, 0.25636035, 0.003), (3.6385512, 0.25636035, 0.003), (3.64844, 0.25784865, 0.003), (3.6414993, 0.29911375, 0.003), (3.6316638, 0.29730645, 0.003), (3.6316638, 0.29730645, 0.003), (3.6414993, 0.29911375, 0.003), (3.633288, 0.34027857, 0.003), (3.623515, 0.33816007, 0.003), (3.623515, 0.33816007, 0.003), (3.633288, 0.34027857, 0.003), (3.6237288, 0.38109347, 0.003), (3.6140277, 0.37866578, 0.003), (3.6140277, 0.37866578, 0.003), (3.6237288, 0.38109347, 0.003), (3.6130018, 0.42137975, 0.003), (3.6033862, 0.41863385, 0.003), (3.6033862, 0.41863385, 0.003), (3.6130018, 0.42137975, 0.003), (3.6012063, 0.4601147, 0.003), (3.5917008, 0.45700938, 0.003), (3.5917008, 0.45700938, 0.003), (3.6012063, 0.4601147, 0.003), (3.5880232, 0.49790204, 0.003), (3.5786479, 0.4944237, 0.003), (3.5786479, 0.4944237, 0.003), (3.5880232, 0.49790204, 0.003), (3.5735438, 0.5347155, 0.003), (3.564318, 0.53085726, 0.003), (3.564318, 0.53085726, 0.003), (3.5735438, 0.5347155, 0.003), (3.5578346, 0.5701869, 0.003), (3.548789, 0.56592363, 0.003), (3.548789, 0.56592363, 0.003), (3.5578346, 0.5701869, 0.003), (3.540734, 0.60438865, 0.003), (3.531896, 0.59970975, 0.003), (3.531896, 0.59970975, 0.003), (3.540734, 0.60438865, 0.003), (3.522479, 0.6370419, 0.003), (3.5138822, 0.6319338, 0.003), (3.5138822, 0.6319338, 0.003), (3.522479, 0.6370419, 0.003), (3.5027099, 0.6684277, 0.003), (3.4943848, 0.66288763, 0.003), (3.4943848, 0.66288763, 0.003), (3.5027099, 0.6684277, 0.003), (3.4815595, 0.6985576, 0.003), (3.4735346, 0.69259125, 0.003), (3.4735346, 0.69259125, 0.003), (3.4815595, 0.6985576, 0.003), (3.4594035, 0.726753, 0.003), (3.4517214, 0.72035116, 0.003), (3.4517214, 0.72035116, 0.003), (3.4594035, 0.726753, 0.003), (3.4358742, 0.75340897, 0.003), (3.4285672, 0.74658185, 0.003), (3.4285672, 0.74658185, 0.003), (3.4358742, 0.75340897, 0.003), (3.4108076, 0.77875996, 0.003), (3.403898, 0.771531, 0.003), (3.403898, 0.771531, 0.003), (3.4108076, 0.77875996, 0.003), (3.3844573, 0.80256903, 0.003), (3.3779736, 0.794956, 0.003), (3.3779736, 0.794956, 0.003), (3.3844573, 0.80256903, 0.003), (3.356782, 0.82476753, 0.003), (3.350742, 0.8167976, 0.003), (3.350742, 0.8167976, 0.003), (3.356782, 0.82476753, 0.003), (3.3276534, 0.845596, 0.003), (3.3220673, 0.83730173, 0.003), (3.3220673, 0.83730173, 0.003), (3.3276534, 0.845596, 0.003), (3.296866, 0.86508214, 0.003), (3.291731, 0.85650104, 0.003), (3.291731, 0.85650104, 0.003), (3.296866, 0.86508214, 0.003), (3.263183, 0.88404536, 0.003), (3.2584372, 0.8752432, 0.003), (3.2584372, 0.8752432, 0.003), (3.263183, 0.88404536, 0.003), (3.2263741, 0.90296566, 0.003), (3.22193, 0.89400744, 0.003), (3.22193, 0.89400744, 0.003), (3.2263741, 0.90296566, 0.003), (3.1882706, 0.9211804, 0.003), (3.1841047, 0.91208947, 0.003), (3.1841047, 0.91208947, 0.003), (3.1882706, 0.9211804, 0.003), (3.149267, 0.93828505, 0.003), (3.1453676, 0.9290766, 0.003), (3.1453676, 0.9290766, 0.003), (3.149267, 0.93828505, 0.003), (3.1088827, 0.9547669, 0.003), (3.1052155, 0.94546366, 0.003), (3.1052155, 0.94546366, 0.003), (3.1088827, 0.9547669, 0.003), (3.068047, 0.9703016, 0.003), (3.0646136, 0.96090955, 0.003), (3.0646136, 0.96090955, 0.003), (3.068047, 0.9703016, 0.003), (3.0263653, 0.9849218, 0.003), (3.0231524, 0.97545207, 0.003), (3.0231524, 0.97545207, 0.003), (3.0263653, 0.9849218, 0.003), (2.9842772, 0.9987212, 0.003), (2.9812803, 0.98918086, 0.003), (2.9812803, 0.98918086, 0.003), (2.9842772, 0.9987212, 0.003), (2.9417033, 1.0115117, 0.003), (2.9389153, 1.0019083, 0.003), (2.9389153, 1.0019083, 0.003), (2.9417033, 1.0115117, 0.003), (2.8986266, 1.0235821, 0.003), (2.8960392, 1.0139226, 0.003), (2.8960392, 1.0139226, 0.003), (2.8986266, 1.0235821, 0.003), (2.8549728, 1.034735, 0.003), (2.8525758, 1.0250264, 0.003), (2.8525758, 1.0250264, 0.003), (2.8549728, 1.034735, 0.003), (2.811085, 1.0451962, 0.003), (2.8088765, 1.0354431, 0.003), (2.8088765, 1.0354431, 0.003), (2.811085, 1.0451962, 0.003), (2.7673156, 1.0545897, 0.003), (2.7653084, 1.0447932, 0.003), (2.7653084, 1.0447932, 0.003), (2.7673156, 1.0545897, 0.003), (2.7227213, 1.0632901, 0.003), (2.7208948, 1.0534583, 0.003), (2.7208948, 1.0534583, 0.003), (2.7227213, 1.0632901, 0.003), (2.6779542, 1.0711902, 0.003), (2.6763055, 1.0613271, 0.003), (2.6763055, 1.0613271, 0.003), (2.6779542, 1.0711902, 0.003), (2.633147, 1.0782654, 0.003), (2.6316783, 1.0683739, 0.003), (2.6316783, 1.0683739, 0.003), (2.633147, 1.0782654, 0.003), (2.588149, 1.0845249, 0.003), (2.586861, 1.0746082, 0.003), (2.586861, 1.0746082, 0.003), (2.588149, 1.0845249, 0.003), (2.543028, 1.0899721, 0.003), (2.5419195, 1.0800338, 0.003), (2.5419195, 1.0800338, 0.003), (2.543028, 1.0899721, 0.003), (2.4978166, 1.0946022, 0.003), (2.4968877, 1.0846454, 0.003), (2.4968877, 1.0846454, 0.003), (2.4978166, 1.0946022, 0.003), (2.4522371, 1.0984362, 0.003), (2.451478, 1.0884651, 0.003), (2.451478, 1.0884651, 0.003), (2.4522371, 1.0984362, 0.003), (2.406666, 1.1015435, 0.003), (2.4060767, 1.091561, 0.003), (2.4060767, 1.091561, 0.003), (2.406666, 1.1015435, 0.003), (2.3612537, 1.103814, 0.003), (2.3608441, 1.0938225, 0.003), (2.3608441, 1.0938225, 0.003), (2.3612537, 1.103814, 0.003), (2.3155878, 1.1052732, 0.003), (2.3153481, 1.0952761, 0.003), (2.3153481, 1.0952761, 0.003), (2.3155878, 1.1052732, 0.003), (2.2698185, 1.1060063, 0.003), (2.2697487, 1.0960065, 0.003), (2.2697487, 1.0960065, 0.003), (2.2698185, 1.1060063, 0.003), (2.224302, 1.1059154, 0.003), (2.224412, 1.095916, 0.003), (2.224412, 1.095916, 0.003), (2.224302, 1.1059154, 0.003), (2.1786373, 1.1049999, 0.003), (2.1789172, 1.0950038, 0.003), (2.1789172, 1.0950038, 0.003), (2.1786373, 1.1049999, 0.003), (2.1332176, 1.1033694, 0.003), (2.133677, 1.09338, 0.003), (2.133677, 1.09338, 0.003), (2.1332176, 1.1033694, 0.003), (2.087803, 1.1008217, 0.003), (2.0884423, 1.0908421, 0.003), (2.0884423, 1.0908421, 0.003), (2.087803, 1.1008217, 0.003), (2.0427344, 1.0975773, 0.003), (2.0435634, 1.0876117, 0.003), (2.0435634, 1.0876117, 0.003), (2.0427344, 1.0975773, 0.003), (2.0002234, 1.0936003, 0.003), (2.001342, 1.083663, 0.003), (2.001342, 1.083663, 0.003), (2.0002234, 1.0936003, 0.003), (1.9598023, 1.0883026, 0.003), (1.9612807, 1.0784125, 0.003), (1.9612807, 1.0784125, 0.003), (1.9598023, 1.0883026, 0.003), (1.919078, 1.081453, 0.003), (1.9208968, 1.0716197, 0.003), (1.9208968, 1.0716197, 0.003), (1.919078, 1.081453, 0.003), (1.8777214, 1.0730879, 0.003), (1.8798399, 1.0633148, 0.003), (1.8798399, 1.0633148, 0.003), (1.8777214, 1.0730879, 0.003), (1.8352476, 1.0632437, 0.003), (1.8376142, 1.0535278, 0.003), (1.8376142, 1.0535278, 0.003), (1.8352476, 1.0632437, 0.003), (1.7918346, 1.0521384, 0.003), (1.7944006, 1.0424732, 0.003), (1.7944006, 1.0424732, 0.003), (1.7918346, 1.0521384, 0.003), (1.7483556, 1.0401691, 0.003), (1.7511107, 1.0305561, 0.003), (1.7511107, 1.0305561, 0.003), (1.7483556, 1.0401691, 0.003), (1.7045186, 1.0271007, 0.003), (1.7074369, 1.017536, 0.003), (1.7074369, 1.017536, 0.003), (1.7045186, 1.0271007, 0.003), (1.660127, 1.0132349, 0.003), (1.6631752, 1.0037106, 0.003), (1.6631752, 1.0037106, 0.003), (1.660127, 1.0132349, 0.003), (1.6157435, 0.99868774, 0.003), (1.6189177, 0.98920494, 0.003), (1.6189177, 0.98920494, 0.003), (1.6157435, 0.99868774, 0.003), (1.5709356, 0.98337096, 0.003), (1.5742116, 0.9739228, 0.003), (1.5742116, 0.9739228, 0.003), (1.5709356, 0.98337096, 0.003), (1.5255622, 0.96741205, 0.003), (1.5289097, 0.957989, 0.003), (1.5289097, 0.957989, 0.003), (1.5255622, 0.96741205, 0.003), (1.4802036, 0.9511378, 0.003), (1.4836195, 0.9417393, 0.003), (1.4836195, 0.9417393, 0.003), (1.4802036, 0.9511378, 0.003), (1.4347149, 0.9343925, 0.003), (1.43819, 0.92501575, 0.003), (1.43819, 0.92501575, 0.003), (1.4347149, 0.9343925, 0.003), (1.3888761, 0.9172884, 0.003), (1.3923928, 0.9079272, 0.003), (1.3923928, 0.9079272, 0.003), (1.3888761, 0.9172884, 0.003), (1.3428291, 0.8998727, 0.003), (1.3463753, 0.89052266, 0.003), (1.3463753, 0.89052266, 0.003), (1.3428291, 0.8998727, 0.003), (1.2964741, 0.88224196, 0.003), (1.3000377, 0.87289846, 0.003), (1.3000377, 0.87289846, 0.003), (1.2964741, 0.88224196, 0.003), (1.2499812, 0.8644593, 0.003), (1.2535568, 0.8551204, 0.003), (1.2535568, 0.8551204, 0.003), (1.2499812, 0.8644593, 0.003), (1.2032812, 0.8465593, 0.003), (1.2068568, 0.83722043, 0.003), (1.2068568, 0.83722043, 0.003), (1.2032812, 0.8465593, 0.003), (1.1559517, 0.82845724, 0.003), (1.1595067, 0.81911045, 0.003), (1.1595067, 0.81911045, 0.003), (1.1559517, 0.82845724, 0.003), (1.1087064, 0.81058836, 0.003), (1.1122439, 0.80123496, 0.003), (1.1122439, 0.80123496, 0.003), (1.1087064, 0.81058836, 0.003), (1.061069, 0.79257333, 0.003), (1.0645738, 0.7832076, 0.003), (1.0645738, 0.7832076, 0.003), (1.061069, 0.79257333, 0.003), (1.0127841, 0.7746964, 0.003), (1.0162383, 0.76531196, 0.003), (1.0162383, 0.76531196, 0.003), (1.0127841, 0.7746964, 0.003), (0.9645785, 0.7570561, 0.003), (0.9679855, 0.7476544, 0.003), (0.9679855, 0.7476544, 0.003), (0.9645785, 0.7570561, 0.003), (0.9159621, 0.73961204, 0.003), (0.9193096, 0.73018897, 0.003), (0.9193096, 0.73018897, 0.003), (0.9159621, 0.73961204, 0.003), (0.8669357, 0.722371, 0.003), (0.87021154, 0.71292275, 0.003), (0.87021154, 0.71292275, 0.003), (0.8669357, 0.722371, 0.003), (0.8172491, 0.7053903, 0.003), (0.82043535, 0.69591147, 0.003), (0.82043535, 0.69591147, 0.003), (0.8172491, 0.7053903, 0.003), (0.7672248, 0.68885636, 0.003), (0.770312, 0.67934483, 0.003), (0.770312, 0.67934483, 0.003), (0.7672248, 0.68885636, 0.003), (0.7166861, 0.6727533, 0.003), (0.719662, 0.66320634, 0.003), (0.719662, 0.66320634, 0.003), (0.7166861, 0.6727533, 0.003), (0.66570646, 0.65721464, 0.003), (0.66856164, 0.6476309, 0.003), (0.66856164, 0.6476309, 0.003), (0.66570646, 0.65721464, 0.003), (0.614349, 0.6422677, 0.003), (0.61707646, 0.63264686, 0.003), (0.61707646, 0.63264686, 0.003), (0.614349, 0.6422677, 0.003), (0.56233567, 0.62791854, 0.003), (0.5649136, 0.6182565, 0.003), (0.5649136, 0.6182565, 0.003), (0.56233567, 0.62791854, 0.003), (0.509707, 0.6143539, 0.003), (0.5121229, 0.60465014, 0.003), (0.5121229, 0.60465014, 0.003), (0.509707, 0.6143539, 0.003), (0.45644155, 0.6015618, 0.003), (0.45867848, 0.5918152, 0.003), (0.45867848, 0.5918152, 0.003), (0.45644155, 0.6015618, 0.003), (0.4022234, 0.5897008, 0.003), (0.40425178, 0.57990867, 0.003), (0.40425178, 0.57990867, 0.003), (0.4022234, 0.5897008, 0.003), (0.34753156, 0.5790075, 0.003), (0.34934062, 0.5691725, 0.003), (0.34934062, 0.5691725, 0.003), (0.34753156, 0.5790075, 0.003), (0.292328, 0.5694931, 0.003), (0.29390556, 0.55961835, 0.003), (0.29390556, 0.55961835, 0.003), (0.292328, 0.5694931, 0.003), (0.23585151, 0.5611904, 0.003), (0.23715942, 0.5512763, 0.003), (0.23715942, 0.5512763, 0.003), (0.23585151, 0.5611904, 0.003), (0.17880443, 0.5545294, 0.003), (0.1798242, 0.54458153, 0.003), (0.1798242, 0.54458153, 0.003), (0.17880443, 0.5545294, 0.003), (0.121095546, 0.5494429, 0.003), (0.121805176, 0.5394681, 0.003), (0.121805176, 0.5394681, 0.003), (0.121095546, 0.5494429, 0.003), (0.062419143, 0.546274, 0.003), (0.062788524, 0.5362809, 0.003), (0.062788524, 0.5362809, 0.003), (0.062419143, 0.546274, 0.003), (0.0034094895, 0.5451005, 0.003), (0.0034294694, 0.5351005, 0.003), (0.0034294694, 0.5351005, 0.003), (0.0034094895, 0.5451005, 0.003), (-0.05551042, 0.54603875, 0.003), (-0.055840243, 0.5360442, 0.003), (-0.055840243, 0.5360442, 0.003), (-0.05551042, 0.54603875, 0.003), (-0.11416377, 0.5489716, 0.003), (-0.11483294, 0.53899395, 0.003), (-0.11483294, 0.53899395, 0.003), (-0.11416377, 0.5489716, 0.003), (-0.1722221, 0.5538504, 0.003), (-0.1732112, 0.5438995, 0.003), (-0.1732112, 0.5438995, 0.003), (-0.1722221, 0.5538504, 0.003), (-0.22930036, 0.5603925, 0.003), (-0.23057881, 0.5504745, 0.003), (-0.23057881, 0.5504745, 0.003), (-0.22930036, 0.5603925, 0.003), (-0.28578267, 0.5684752, 0.003), (-0.28733099, 0.5585958, 0.003), (-0.28733099, 0.5585958, 0.003), (-0.28578267, 0.5684752, 0.003), (-0.34119338, 0.5779091, 0.003), (-0.34298134, 0.56807023, 0.003), (-0.34298134, 0.56807023, 0.003), (-0.34119338, 0.5779091, 0.003), (-0.39598435, 0.5884898, 0.003), (-0.3979916, 0.5786933, 0.003), (-0.3979916, 0.5786933, 0.003), (-0.39598435, 0.5884898, 0.003), (-0.45001513, 0.6001961, 0.003), (-0.45222354, 0.5904431, 0.003), (-0.45222354, 0.5904431, 0.003), (-0.45001513, 0.6001961, 0.003), (-0.503287, 0.61277574, 0.003), (-0.5056748, 0.603065, 0.003), (-0.5056748, 0.603065, 0.003), (-0.503287, 0.61277574, 0.003), (-0.5560966, 0.62627536, 0.003), (-0.55865335, 0.6166077, 0.003), (-0.55865335, 0.6166077, 0.003), (-0.5560966, 0.62627536, 0.003), (-0.6082106, 0.64051574, 0.003), (-0.6109169, 0.6308889, 0.003), (-0.6109169, 0.6308889, 0.003), (-0.6082106, 0.64051574, 0.003), (-0.6598726, 0.65544504, 0.003), (-0.66271853, 0.6458586, 0.003), (-0.66271853, 0.6458586, 0.003), (-0.6598726, 0.65544504, 0.003), (-0.7108539, 0.67098105, 0.003), (-0.7138207, 0.66143125, 0.003), (-0.7138207, 0.66143125, 0.003), (-0.7108539, 0.67098105, 0.003), (-0.7613196, 0.68695754, 0.003), (-0.7643949, 0.67744213, 0.003), (-0.7643949, 0.67744213, 0.003), (-0.7613196, 0.68695754, 0.003), (-0.81144345, 0.70348775, 0.003), (-0.8146177, 0.69400495, 0.003), (-0.8146177, 0.69400495, 0.003), (-0.81144345, 0.70348775, 0.003), (-0.8609805, 0.72031367, 0.003), (-0.86423856, 0.7108593, 0.003), (-0.86423856, 0.7108593, 0.003), (-0.8609805, 0.72031367, 0.003), (-0.91023576, 0.7375317, 0.003), (-0.9135744, 0.72810555, 0.003), (-0.9135744, 0.72810555, 0.003), (-0.91023576, 0.7375317, 0.003), (-0.95899695, 0.7550266, 0.003), (-0.96240073, 0.7456237, 0.003), (-0.96240073, 0.7456237, 0.003), (-0.95899695, 0.7550266, 0.003), (-1.0073841, 0.77269644, 0.003), (-1.0108384, 0.763312, 0.003), (-1.0108384, 0.763312, 0.003), (-1.0073841, 0.77269644, 0.003), (-1.0553455, 0.79048985, 0.003), (-1.0588415, 0.78112084, 0.003), (-1.0588415, 0.78112084, 0.003), (-1.0553455, 0.79048985, 0.003), (-1.1032221, 0.8084565, 0.003), (-1.1067563, 0.7991018, 0.003), (-1.1067563, 0.7991018, 0.003), (-1.1032221, 0.8084565, 0.003), (-1.1506364, 0.8264895, 0.003), (-1.1541947, 0.817144, 0.003), (-1.1541947, 0.817144, 0.003), (-1.1506364, 0.8264895, 0.003), (-1.1975589, 0.8443743, 0.003), (-1.2011259, 0.8350321, 0.003), (-1.2011259, 0.8350321, 0.003), (-1.1975589, 0.8443743, 0.003), (-1.2445811, 0.8623593, 0.003), (-1.2481569, 0.8530204, 0.003), (-1.2481569, 0.8530204, 0.003), (-1.2445811, 0.8623593, 0.003), (-1.2910589, 0.88017434, 0.003), (-1.2946259, 0.87083215, 0.003), (-1.2946259, 0.87083215, 0.003), (-1.2910589, 0.88017434, 0.003), (-1.3373291, 0.8977727, 0.003), (-1.3408754, 0.8884226, 0.003), (-1.3408754, 0.8884226, 0.003), (-1.3373291, 0.8977727, 0.003), (-1.3835992, 0.9152724, 0.003), (-1.3871247, 0.9059144, 0.003), (-1.3871247, 0.9059144, 0.003), (-1.3835992, 0.9152724, 0.003), (-1.4294387, 0.93247557, 0.003), (-1.4329226, 0.923102, 0.003), (-1.4329226, 0.923102, 0.003), (-1.4294387, 0.93247557, 0.003), (-1.4749284, 0.94921964, 0.003), (-1.478353, 0.93982434, 0.003), (-1.478353, 0.93982434, 0.003), (-1.4749284, 0.94921964, 0.003), (-1.5202882, 0.9655925, 0.003), (-1.5236447, 0.9561726, 0.003), (-1.5236447, 0.9561726, 0.003), (-1.5202882, 0.9655925, 0.003), (-1.5654356, 0.981471, 0.003), (-1.5687115, 0.9720228, 0.003), (-1.5687115, 0.9720228, 0.003), (-1.5654356, 0.981471, 0.003), (-1.6105491, 0.9968903, 0.003), (-1.6137353, 0.9874115, 0.003), (-1.6137353, 0.9874115, 0.003), (-1.6105491, 0.9968903, 0.003), (-1.654989, 1.0115831, 0.003), (-1.6580552, 1.0020648, 0.003), (-1.6580552, 1.0020648, 0.003), (-1.654989, 1.0115831, 0.003), (-1.6992517, 1.0254719, 0.003), (-1.7021792, 1.01591, 0.003), (-1.7021792, 1.01591, 0.003), (-1.6992517, 1.0254719, 0.003), (-1.7433615, 1.0386436, 0.003), (-1.7461404, 1.0290375, 0.003), (-1.7461404, 1.0290375, 0.003), (-1.7433615, 1.0386436, 0.003), (-1.786911, 1.0508459, 0.003), (-1.7895075, 1.0411888, 0.003), (-1.7895075, 1.0411888, 0.003), (-1.786911, 1.0508459, 0.003), (-1.830028, 1.0619613, 0.003), (-1.8324134, 1.0522499, 0.003), (-1.8324134, 1.0522499, 0.003), (-1.830028, 1.0619613, 0.003), (-1.8727509, 1.0719471, 0.003), (-1.874898, 1.0621803, 0.003), (-1.874898, 1.0621803, 0.003), (-1.8727509, 1.0719471, 0.003), (-1.914409, 1.0805459, 0.003), (-1.9162682, 1.0707202, 0.003), (-1.9162682, 1.0707202, 0.003), (-1.914409, 1.0805459, 0.003), (-1.9552852, 1.0875977, 0.003), (-1.956814, 1.0777153, 0.003), (-1.956814, 1.0777153, 0.003), (-1.9552852, 1.0875977, 0.003), (-1.9957093, 1.0931484, 0.003), (-1.9968783, 1.0832169, 0.003), (-1.9968783, 1.0832169, 0.003), (-1.9957093, 1.0931484, 0.003), (-2.037593, 1.0972415, 0.003), (-2.0384514, 1.0872785, 0.003), (-2.0384514, 1.0872785, 0.003), (-2.037593, 1.0972415, 0.003), (-2.0822566, 1.100538, 0.003), (-2.0829058, 1.0905591, 0.003), (-2.0829058, 1.0905591, 0.003), (-2.0822566, 1.100538, 0.003), (-2.127826, 1.1030933, 0.003), (-2.1283054, 1.0931047, 0.003), (-2.1283054, 1.0931047, 0.003), (-2.127826, 1.1030933, 0.003), (-2.173339, 1.1049144, 0.003), (-2.1736386, 1.094919, 0.003), (-2.1736386, 1.094919, 0.003), (-2.173339, 1.1049144, 0.003), (-2.2187567, 1.1058183, 0.003), (-2.2188766, 1.095819, 0.003), (-2.2188766, 1.095819, 0.003), (-2.2187567, 1.1058183, 0.003), (-2.264781, 1.1060021, 0.003), (-2.2647412, 1.0960021, 0.003), (-2.2647412, 1.0960021, 0.003), (-2.264781, 1.1060021, 0.003), (-2.3104515, 1.1054561, 0.003), (-2.3102417, 1.0954583, 0.003), (-2.3102417, 1.0954583, 0.003), (-2.3104515, 1.1054561, 0.003), (-2.3559725, 1.1040933, 0.003), (-2.3555832, 1.094101, 0.003), (-2.3555832, 1.094101, 0.003), (-2.3559725, 1.1040933, 0.003), (-2.401374, 1.101914, 0.003), (-2.4008045, 1.0919303, 0.003), (-2.4008045, 1.0919303, 0.003), (-2.401374, 1.101914, 0.003), (-2.4466906, 1.098917, 0.003), (-2.4459412, 1.0889452, 0.003), (-2.4459412, 1.0889452, 0.003), (-2.4466906, 1.098917, 0.003), (-2.492269, 1.0950788, 0.003), (-2.4913502, 1.085121, 0.003), (-2.4913502, 1.085121, 0.003), (-2.492269, 1.0950788, 0.003), (-2.5377314, 1.0905164, 0.003), (-2.5366426, 1.080576, 0.003), (-2.5366426, 1.080576, 0.003), (-2.5377314, 1.0905164, 0.003), (-2.5828502, 1.0851603, 0.003), (-2.5815816, 1.0752411, 0.003), (-2.5815816, 1.0752411, 0.003), (-2.5828502, 1.0851603, 0.003), (-2.6278822, 1.0789865, 0.003), (-2.6264346, 1.0690919, 0.003), (-2.6264346, 1.0690919, 0.003), (-2.6278822, 1.0789865, 0.003), (-2.6730392, 1.0719603, 0.003), (-2.671421, 1.0620921, 0.003), (-2.671421, 1.0620921, 0.003), (-2.6730392, 1.0719603, 0.003), (-2.7174685, 1.0643075, 0.003), (-2.7156594, 1.0544724, 0.003), (-2.7156594, 1.0544724, 0.003), (-2.7174685, 1.0643075, 0.003), (-2.76176, 1.0556397, 0.003), (-2.7597625, 1.0458413, 0.003), (-2.7597625, 1.0458413, 0.003), (-2.76176, 1.0556397, 0.003), (-2.806167, 1.0462203, 0.003), (-2.8039892, 1.0364604, 0.003), (-2.8039892, 1.0364604, 0.003), (-2.806167, 1.0462203, 0.003), (-2.8500524, 1.0359437, 0.003), (-2.8476858, 1.0262278, 0.003), (-2.8476858, 1.0262278, 0.003), (-2.8500524, 1.0359437, 0.003), (-2.8935654, 1.0249383, 0.003), (-2.8909993, 1.0152732, 0.003), (-2.8909993, 1.0152732, 0.003), (-2.8935654, 1.0249383, 0.003), (-2.9366417, 1.0129561, 0.003), (-2.9338746, 1.0033466, 0.003), (-2.9338746, 1.0033466, 0.003), (-2.9366417, 1.0129561, 0.003), (-2.979546, 1.0001811, 0.003), (-2.9765792, 0.9906313, 0.003), (-2.9765792, 0.9906313, 0.003), (-2.979546, 1.0001811, 0.003), (-3.021551, 0.98659027, 0.003), (-3.0183647, 0.97711146, 0.003), (-3.0183647, 0.97711146, 0.003), (-3.021551, 0.98659027, 0.003), (-3.0632215, 0.97205615, 0.003), (-3.0598145, 0.9626544, 0.003), (-3.0598145, 0.9626544, 0.003), (-3.0632215, 0.97205615, 0.003), (-3.104132, 0.95667297, 0.003), (-3.100494, 0.9473582, 0.003), (-3.100494, 0.9473582, 0.003), (-3.104132, 0.95667297, 0.003), (-3.1444821, 0.9403255, 0.003), (-3.1406069, 0.93110687, 0.003), (-3.1406069, 0.93110687, 0.003), (-3.1444821, 0.9403255, 0.003), (-3.1837955, 0.92320424, 0.003), (-3.1796618, 0.91409856, 0.003), (-3.1796618, 0.91409856, 0.003), (-3.1837955, 0.92320424, 0.003), (-3.2221954, 0.9050618, 0.003), (-3.2177913, 0.89608383, 0.003), (-3.2177913, 0.89608383, 0.003), (-3.2221954, 0.9050618, 0.003), (-3.2592852, 0.88620126, 0.003), (-3.2545867, 0.8773739, 0.003), (-3.2545867, 0.8773739, 0.003), (-3.2592852, 0.88620126, 0.003), (-3.293031, 0.8674891, 0.003), (-3.2879422, 0.8588809, 0.003), (-3.2879422, 0.8588809, 0.003), (-3.293031, 0.8674891, 0.003), (-3.3238103, 0.848188, 0.003), (-3.3182654, 0.8398659, 0.003), (-3.3182654, 0.8398659, 0.003), (-3.3238103, 0.848188, 0.003), (-3.3532224, 0.8274083, 0.003), (-3.347227, 0.8194047, 0.003), (-3.347227, 0.8194047, 0.003), (-3.3532224, 0.8274083, 0.003), (-3.3812025, 0.80521554, 0.003), (-3.374767, 0.7975613, 0.003), (-3.374767, 0.7975613, 0.003), (-3.3812025, 0.80521554, 0.003), (-3.4076858, 0.781641, 0.003), (-3.4008224, 0.7743681, 0.003), (-3.4008224, 0.7743681, 0.003), (-3.4076858, 0.781641, 0.003), (-3.4328883, 0.75642407, 0.003), (-3.425625, 0.7495505, 0.003), (-3.425625, 0.7495505, 0.003), (-3.4328883, 0.75642407, 0.003), (-3.4567785, 0.7297533, 0.003), (-3.4491425, 0.7232966, 0.003), (-3.4491425, 0.7232966, 0.003), (-3.4567785, 0.7297533, 0.003), (-3.479252, 0.70156676, 0.003), (-3.4712737, 0.695538, 0.003), (-3.4712737, 0.695538, 0.003), (-3.479252, 0.70156676, 0.003), (-3.5004938, 0.67186004, 0.003), (-3.4922073, 0.6662624, 0.003), (-3.4922073, 0.6662624, 0.003), (-3.5004938, 0.67186004, 0.003), (-3.5201743, 0.64097893, 0.003), (-3.5116045, 0.63582516, 0.003), (-3.5116045, 0.63582516, 0.003), (-3.5201743, 0.64097893, 0.003), (-3.5386755, 0.6082846, 0.003), (-3.5298629, 0.6035585, 0.003), (-3.5298629, 0.6035585, 0.003), (-3.5386755, 0.6082846, 0.003), (-3.5558696, 0.57435924, 0.003), (-3.546845, 0.5700517, 0.003), (-3.546845, 0.5700517, 0.003), (-3.5558696, 0.57435924, 0.003), (-3.5717378, 0.53894246, 0.003), (-3.5625315, 0.5350383, 0.003), (-3.5625315, 0.5350383, 0.003), (-3.5717378, 0.53894246, 0.003), (-3.5863883, 0.5023239, 0.003), (-3.5770273, 0.49880722, 0.003), (-3.5770273, 0.49880722, 0.003), (-3.5863883, 0.5023239, 0.003), (-3.5996587, 0.46454418, 0.003), (-3.5901668, 0.4613969, 0.003), (-3.5901668, 0.4613969, 0.003), (-3.5996587, 0.46454418, 0.003), (-3.61178, 0.42566848, 0.003), (-3.6021793, 0.42287117, 0.003), (-3.6021793, 0.42287117, 0.003), (-3.61178, 0.42566848, 0.003), (-3.622525, 0.38601437, 0.003), (-3.6128318, 0.3835561, 0.003), (-3.6128318, 0.3835561, 0.003), (-3.622525, 0.38601437, 0.003), (-3.632147, 0.34524912, 0.003), (-3.6223803, 0.343102, 0.003), (-3.6223803, 0.343102, 0.003), (-3.632147, 0.34524912, 0.003), (-3.6405907, 0.30378342, 0.003), (-3.6307628, 0.3019357, 0.003), (-3.6307628, 0.3019357, 0.003), (-3.6405907, 0.30378342, 0.003), (-3.6476977, 0.26261482, 0.003), (-3.6378152, 0.261086, 0.003), (-3.6378152, 0.261086, 0.003), (-3.6476977, 0.26261482, 0.003), (-3.653219, 0.22244205, 0.003), (-3.6432862, 0.2212829, 0.003), (-3.6432862, 0.2212829, 0.003), (-3.653219, 0.22244205, 0.003), (-3.6570952, 0.18207757, 0.003), (-3.6471264, 0.18128847, 0.003), (-3.6471264, 0.18128847, 0.003), (-3.6570952, 0.18207757, 0.003), (-3.6596577, 0.1407366, 0.003), (-3.649668, 0.14028706, 0.003), (-3.649668, 0.14028706, 0.003), (-3.6596577, 0.1407366, 0.003), (-3.660825, 0.098633915, 0.003), (-3.650826, 0.09849407, 0.003), (-3.650826, 0.09849407, 0.003), (-3.660825, 0.098633915, 0.003), (-3.6608214, 0.05541141, 0.003), (-3.6508224, 0.05554127, 0.003), (-3.6508224, 0.05554127, 0.003), (-3.6608214, 0.05541141, 0.003), (-3.6596937, 0.012037446, 0.003), (-3.6497014, 0.012427149, 0.003), (-3.6497014, 0.012427149, 0.003), (-3.6596937, 0.012037446, 0.003), (-3.6574547, -0.0310898, 0.003), (-3.6474764, -0.030430576, 0.003), (-3.6474764, -0.030430576, 0.003), (-3.6574547, -0.0310898, 0.003), (-3.6539557, -0.07462152, 0.003), (-3.643997, -0.073712565, 0.003), (-3.643997, -0.073712565, 0.003), (-3.6539557, -0.07462152, 0.003), (-3.6494286, -0.11882517, 0.003), (-3.6394925, -0.11769675, 0.003), (-3.6394925, -0.11769675, 0.003), (-3.6494286, -0.11882517, 0.003), (-3.6440322, -0.16216455, 0.003), (-3.6341276, -0.1607867, 0.003), (-3.6341276, -0.1607867, 0.003), (-3.6440322, -0.16216455, 0.003), (-3.637401, -0.20529127, 0.003), (-3.6275344, -0.20366347, 0.003), (-3.6275344, -0.20366347, 0.003), (-3.637401, -0.20529127, 0.003), (-3.6296995, -0.24893712, 0.003), (-3.6198719, -0.2470876, 0.003), (-3.6198719, -0.2470876, 0.003), (-3.6296995, -0.24893712, 0.003), (-3.6211827, -0.29156563, 0.003), (-3.6114056, -0.28946623, 0.003), (-3.6114056, -0.28946623, 0.003), (-3.6211827, -0.29156563, 0.003), (-3.611427, -0.33403346, 0.003), (-3.6017065, -0.33168575, 0.003), (-3.6017065, -0.33168575, 0.003), (-3.611427, -0.33403346, 0.003), (-3.600746, -0.37618896, 0.003), (-3.5910888, -0.37359244, 0.003), (-3.5910888, -0.37359244, 0.003), (-3.600746, -0.37618896, 0.003), (-3.5890753, -0.4172562, 0.003), (-3.5794978, -0.41437998, 0.003), (-3.5794978, -0.41437998, 0.003), (-3.5890753, -0.4172562, 0.003), (-3.5763113, -0.45758554, 0.003), (-3.5668254, -0.45442027, 0.003), (-3.5668254, -0.45442027, 0.003), (-3.5763113, -0.45758554, 0.003), (-3.562327, -0.49743333, 0.003), (-3.5529437, -0.49397582, 0.003), (-3.5529437, -0.49397582, 0.003), (-3.562327, -0.49743333, 0.003), (-3.5473871, -0.536135, 0.003), (-3.5381238, -0.53236777, 0.003), (-3.5381238, -0.53236777, 0.003), (-3.5473871, -0.536135, 0.003), (-3.5316086, -0.5731066, 0.003), (-3.522499, -0.56898135, 0.003), (-3.522499, -0.56898135, 0.003), (-3.5316086, -0.5731066, 0.003), (-3.5146818, -0.60844386, 0.003), (-3.5057554, -0.6039358, 0.003), (-3.5057554, -0.6039358, 0.003), (-3.5146818, -0.60844386, 0.003), (-3.4964328, -0.642789, 0.003), (-3.4877124, -0.63789445, 0.003), (-3.4877124, -0.63789445, 0.003), (-3.4964328, -0.642789, 0.003), (-3.476504, -0.6764445, 0.003), (-3.4680023, -0.6711796, 0.003), (-3.4680023, -0.6711796, 0.003), (-3.476504, -0.6764445, 0.003), (-3.454596, -0.7102533, 0.003), (-3.4463017, -0.7046672, 0.003), (-3.4463017, -0.7046672, 0.003), (-3.454596, -0.7102533, 0.003), (-3.4308314, -0.7441861, 0.003), (-3.4227307, -0.7383228, 0.003), (-3.4227307, -0.7383228, 0.003), (-3.4308314, -0.7441861, 0.003), (-3.405841, -0.7775982, 0.003), (-3.3979368, -0.77147263, 0.003), (-3.3979368, -0.77147263, 0.003), (-3.405841, -0.7775982, 0.003), (-3.379766, -0.8100796, 0.003), (-3.3720665, -0.80369836, 0.003), (-3.3720665, -0.80369836, 0.003), (-3.379766, -0.8100796, 0.003), (-3.3520985, -0.84240544, 0.003), (-3.3445923, -0.83579785, 0.003), (-3.3445923, -0.83579785, 0.003), (-3.3520985, -0.84240544, 0.003), (-3.323574, -0.873909, 0.003), (-3.3162673, -0.8670819, 0.003), (-3.3162673, -0.8670819, 0.003), (-3.323574, -0.873909, 0.003), (-3.2942517, -0.904326, 0.003), (-3.2871556, -0.89728, 0.003), (-3.2871556, -0.89728, 0.003), (-3.2942517, -0.904326, 0.003), (-3.2637289, -0.9341633, 0.003), (-3.2568398, -0.9269148, 0.003), (-3.2568398, -0.9269148, 0.003), (-3.2637289, -0.9341633, 0.003), (-3.2322252, -0.9632702, 0.003), (-3.2255437, -0.9558298, 0.003), (-3.2255437, -0.9558298, 0.003), (-3.2322252, -0.9632702, 0.003), (-3.199979, -0.9914107, 0.003), (-3.1935117, -0.9837836, 0.003), (-3.1935117, -0.9837836, 0.003), (-3.199979, -0.9914107, 0.003), (-3.167096, -1.0185039, 0.003), (-3.1608527, -1.0106924, 0.003), (-3.1608527, -1.0106924, 0.003), (-3.167096, -1.0185039, 0.003), (-3.1333742, -1.0446447, 0.003), (-3.1273613, -1.0366544, 0.003), (-3.1273613, -1.0366544, 0.003), (-3.1333742, -1.0446447, 0.003), (-3.0988562, -1.0698488, 0.003), (-3.093074, -1.06169, 0.003), (-3.093074, -1.06169, 0.003), (-3.0988562, -1.0698488, 0.003), (-3.0639043, -1.0938923, 0.003), (-3.058371, -1.0855627, 0.003), (-3.058371, -1.0855627, 0.003), (-3.0639043, -1.0938923, 0.003), (-3.0283463, -1.116689, 0.003), (-3.0230699, -1.1081945, 0.003), (-3.0230699, -1.1081945, 0.003), (-3.0283463, -1.116689, 0.003), (-2.9916239, -1.1387718, 0.003), (-2.9865894, -1.1301314, 0.003), (-2.9865894, -1.1301314, 0.003), (-2.9916239, -1.1387718, 0.003), (-2.9548821, -1.1595161, 0.003), (-2.9501166, -1.1507246, 0.003), (-2.9501166, -1.1507246, 0.003), (-2.9548821, -1.1595161, 0.003), (-2.9178586, -1.1787721, 0.003), (-2.9133825, -1.1698297, 0.003), (-2.9133825, -1.1698297, 0.003), (-2.9178586, -1.1787721, 0.003), (-2.8799434, -1.197015, 0.003), (-2.8757489, -1.1879373, 0.003), (-2.8757489, -1.1879373, 0.003), (-2.8799434, -1.197015, 0.003), (-2.8420658, -1.2138165, 0.003), (-2.8381822, -1.2046015, 0.003), (-2.8381822, -1.2046015, 0.003), (-2.8420658, -1.2138165, 0.003), (-2.803641, -1.2291743, 0.003), (-2.800074, -1.2198322, 0.003), (-2.800074, -1.2198322, 0.003), (-2.803641, -1.2291743, 0.003), (-2.7645195, -1.2434137, 0.003), (-2.7612615, -1.2339593, 0.003), (-2.7612615, -1.2339593, 0.003), (-2.7645195, -1.2434137, 0.003), (-2.7268898, -1.2557052, 0.003), (-2.7240229, -1.2461251, 0.003), (-2.87311, -1.7442948, 0.003), (-2.8759773, -1.7538749, 0.003), (-2.8152244, -1.7704735, 0.003), (-2.812827, -1.7607651, 0.003), (-2.812827, -1.7607651, 0.003), (-2.8152244, -1.7704735, 0.003), (-2.754465, -1.7839148, 0.003), (-2.7525153, -1.7741067, 0.003), (-2.7525153, -1.7741067, 0.003), (-2.754465, -1.7839148, 0.003), (-2.6946716, -1.7944978, 0.003), (-2.6931217, -1.7846187, 0.003), (-2.6931217, -1.7846187, 0.003), (-2.6946716, -1.7944978, 0.003), (-2.6355004, -1.8026211, 0.003), (-2.6343117, -1.7926921, 0.003), (-2.6343117, -1.7926921, 0.003), (-2.6355004, -1.8026211, 0.003), (-2.5769513, -1.8086215, 0.003), (-2.5760927, -1.7986585, 0.003), (-2.5760927, -1.7986585, 0.003), (-2.5769513, -1.8086215, 0.003), (-2.5198078, -1.81264, 0.003), (-2.519219, -1.8026574, 0.003), (-2.519219, -1.8026574, 0.003), (-2.5198078, -1.81264, 0.003), (-2.4634693, -1.8153378, 0.003), (-2.4631195, -1.805344, 0.003), (-2.4631195, -1.805344, 0.003), (-2.4634693, -1.8153378, 0.003), (-2.4076412, -1.8165777, 0.003), (-2.4075115, -1.8065785, 0.003), (-2.4075115, -1.8065785, 0.003), (-2.4076412, -1.8165777, 0.003), (-2.3527763, -1.8167967, 0.003), (-2.3528264, -1.8067968, 0.003), (-2.3528264, -1.8067968, 0.003), (-2.3527763, -1.8167967, 0.003), (-2.2985418, -1.8160417, 0.003), (-2.2987516, -1.8060439, 0.003), (-2.2987516, -1.8060439, 0.003), (-2.2985418, -1.8160417, 0.003), (-2.24474, -1.8145381, 0.003), (-2.2450893, -1.8045442, 0.003), (-2.2450893, -1.8045442, 0.003), (-2.24474, -1.8145381, 0.003), (-2.1915588, -1.8123078, 0.003), (-2.1920283, -1.8023188, 0.003), (-2.1920283, -1.8023188, 0.003), (-2.1915588, -1.8123078, 0.003), (-2.1391833, -1.8095855, 0.003), (-2.1397424, -1.7996011, 0.003), (-2.1397424, -1.7996011, 0.003), (-2.1391833, -1.8095855, 0.003), (-2.0873215, -1.8064746, 0.003), (-2.0879507, -1.7964945, 0.003), (-2.0879507, -1.7964945, 0.003), (-2.0873215, -1.8064746, 0.003), (-2.035822, -1.8030689, 0.003), (-2.0365117, -1.7930927, 0.003), (-2.0365117, -1.7930927, 0.003), (-2.035822, -1.8030689, 0.003), (-1.984624, -1.799376, 0.003), (-1.9853628, -1.7894033, 0.003), (-1.9853628, -1.7894033, 0.003), (-1.984624, -1.799376, 0.003), (-1.933835, -1.7955164, 0.003), (-1.9346035, -1.785546, 0.003), (-1.9346035, -1.785546, 0.003), (-1.933835, -1.7955164, 0.003), (-1.8836515, -1.7915943, 0.003), (-1.8844308, -1.7816247, 0.003), (-1.8844308, -1.7816247, 0.003), (-1.8836515, -1.7915943, 0.003), (-1.8337516, -1.7876943, 0.003), (-1.8345307, -1.7777247, 0.003), (-1.8345307, -1.7777247, 0.003), (-1.8337516, -1.7876943, 0.003), (-1.7843779, -1.7838349, 0.003), (-1.7851372, -1.7738638, 0.003), (-1.7851372, -1.7738638, 0.003), (-1.7843779, -1.7838349, 0.003), (-1.7352679, -1.7801939, 0.003), (-1.7359974, -1.7702205, 0.003), (-1.7359974, -1.7702205, 0.003), (-1.7352679, -1.7801939, 0.003), (-1.6867036, -1.7766882, 0.003), (-1.6873827, -1.7667114, 0.003), (-1.6873827, -1.7667114, 0.003), (-1.6867036, -1.7766882, 0.003), (-1.638565, -1.7736083, 0.003), (-1.6391739, -1.7636269, 0.003), (-1.6391739, -1.7636269, 0.003), (-1.638565, -1.7736083, 0.003), (-1.5904108, -1.7708144, 0.003), (-1.59095, -1.760829, 0.003), (-1.59095, -1.760829, 0.003), (-1.5904108, -1.7708144, 0.003), (-1.5430512, -1.7684438, 0.003), (-1.5434909, -1.7584535, 0.003), (-1.5434909, -1.7584535, 0.003), (-1.5430512, -1.7684438, 0.003), (-1.4964889, -1.7666727, 0.003), (-1.4967988, -1.7566775, 0.003), (-1.4967988, -1.7566775, 0.003), (-1.4964889, -1.7666727, 0.003), (-1.4499356, -1.7655572, 0.003), (-1.4501153, -1.7555587, 0.003), (-1.4501153, -1.7555587, 0.003), (-1.4499356, -1.7655572, 0.003), (-1.4030132, -1.7649952, 0.003), (-1.4030731, -1.7549955, 0.003), (-1.4030731, -1.7549955, 0.003), (-1.4030132, -1.7649952, 0.003), (-1.3545, -1.765, 0.003), (-1.3545, -1.755, 0.003), (-1.3545, -1.755, 0.003), (-1.3545, -1.765, 0.003), (-1.3045, -1.765, 0.003), (-1.3045, -1.755, 0.003), (-1.3045, -1.755, 0.003), (-1.3045, -1.765, 0.003), (-1.2544, -1.765, 0.003), (-1.2544, -1.755, 0.003), (-1.2544, -1.755, 0.003), (-1.2544, -1.765, 0.003), (-1.2044, -1.765, 0.003), (-1.2044, -1.755, 0.003), (-1.2044, -1.755, 0.003), (-1.2044, -1.765, 0.003), (-1.1543, -1.765, 0.003), (-1.1543, -1.755, 0.003), (-1.1543, -1.755, 0.003), (-1.1543, -1.765, 0.003), (-1.1042, -1.765, 0.003), (-1.1042, -1.755, 0.003), (-1.1042, -1.755, 0.003), (-1.1042, -1.765, 0.003), (-1.0542, -1.765, 0.003), (-1.0542, -1.755, 0.003), (-1.0542, -1.755, 0.003), (-1.0542, -1.765, 0.003), (-1.0041, -1.765, 0.003), (-1.0041, -1.755, 0.003), (-1.0041, -1.755, 0.003), (-1.0041, -1.765, 0.003), (-0.9541, -1.765, 0.003), (-0.9541, -1.755, 0.003), (-0.9541, -1.755, 0.003), (-0.9541, -1.765, 0.003), (-0.904, -1.765, 0.003), (-0.904, -1.755, 0.003), (-0.904, -1.755, 0.003), (-0.904, -1.765, 0.003), (-0.8539, -1.765, 0.003), (-0.8539, -1.755, 0.003), (-0.8539, -1.755, 0.003), (-0.8539, -1.765, 0.003), (-0.8039, -1.765, 0.003), (-0.8039, -1.755, 0.003), (-0.8039, -1.755, 0.003), (-0.8039, -1.765, 0.003), (-0.7538, -1.765, 0.003), (-0.7538, -1.755, 0.003), (-0.7538, -1.755, 0.003), (-0.7538, -1.765, 0.003), (-0.7038, -1.765, 0.003), (-0.7038, -1.755, 0.003), (-0.7038, -1.755, 0.003), (-0.7038, -1.765, 0.003), (-0.6537, -1.765, 0.003), (-0.6537, -1.755, 0.003), (-0.6537, -1.755, 0.003), (-0.6537, -1.765, 0.003), (-0.6036, -1.765, 0.003), (-0.6036, -1.755, 0.003), (-0.6036, -1.755, 0.003), (-0.6036, -1.765, 0.003), (-0.5536, -1.765, 0.003), (-0.5536, -1.755, 0.003), (-0.5536, -1.755, 0.003), (-0.5536, -1.765, 0.003), (-0.5035, -1.765, 0.003), (-0.5035, -1.755, 0.003), (-0.5035, -1.755, 0.003), (-0.5035, -1.765, 0.003), (-0.4535, -1.765, 0.003), (-0.4535, -1.755, 0.003), (-0.4535, -1.755, 0.003), (-0.4535, -1.765, 0.003), (-0.4034, -1.765, 0.003), (-0.4034, -1.755, 0.003), (-0.4034, -1.755, 0.003), (-0.4034, -1.765, 0.003), (-0.3533, -1.765, 0.003), (-0.3533, -1.755, 0.003), (-0.3533, -1.755, 0.003), (-0.3533, -1.765, 0.003), (-0.3033, -1.765, 0.003), (-0.3033, -1.755, 0.003), (-0.3033, -1.755, 0.003), (-0.3033, -1.765, 0.003), (-0.2532, -1.765, 0.003), (-0.2532, -1.755, 0.003), (-0.2532, -1.755, 0.003), (-0.2532, -1.765, 0.003), (-0.2032, -1.765, 0.003), (-0.2032, -1.755, 0.003), (-0.2032, -1.755, 0.003), (-0.2032, -1.765, 0.003), (-0.1531, -1.765, 0.003), (-0.1531, -1.755, 0.003), (-0.1531, -1.755, 0.003), (-0.1531, -1.765, 0.003), (-0.103, -1.765, 0.003), (-0.103, -1.755, 0.003), (-0.103, -1.755, 0.003), (-0.103, -1.765, 0.003), (-0.053, -1.765, 0.003), (-0.053, -1.755, 0.003), (-0.053, -1.755, 0.003), (-0.053, -1.765, 0.003), (-0.0029, -1.765, 0.003), (-0.0029, -1.755, 0.003), (-0.0029, -1.755, 0.003), (-0.0029, -1.765, 0.003), (0.0471, -1.765, 0.003), (0.0471, -1.755, 0.003), (0.0471, -1.755, 0.003), (0.0471, -1.765, 0.003), (0.0972, -1.765, 0.003), (0.0972, -1.755, 0.003), (0.0972, -1.755, 0.003), (0.0972, -1.765, 0.003), (0.1473, -1.765, 0.003), (0.1473, -1.755, 0.003), (0.1473, -1.755, 0.003), (0.1473, -1.765, 0.003), (0.1973, -1.765, 0.003), (0.1973, -1.755, 0.003), (0.1973, -1.755, 0.003), (0.1973, -1.765, 0.003), (0.2474, -1.765, 0.003), (0.2474, -1.755, 0.003), (0.2474, -1.755, 0.003), (0.2474, -1.765, 0.003), (0.2974, -1.765, 0.003), (0.2974, -1.755, 0.003), (0.2974, -1.755, 0.003), (0.2974, -1.765, 0.003), (0.3475, -1.765, 0.003), (0.3475, -1.755, 0.003), (0.3475, -1.755, 0.003), (0.3475, -1.765, 0.003), (0.3976, -1.765, 0.003), (0.3976, -1.755, 0.003), (0.3976, -1.755, 0.003), (0.3976, -1.765, 0.003), (0.4476, -1.765, 0.003), (0.4476, -1.755, 0.003), (0.4476, -1.755, 0.003), (0.4476, -1.765, 0.003), (0.4977, -1.765, 0.003), (0.4977, -1.755, 0.003), (0.4977, -1.755, 0.003), (0.4977, -1.765, 0.003), (0.5477, -1.765, 0.003), (0.5477, -1.755, 0.003), (0.5477, -1.755, 0.003), (0.5477, -1.765, 0.003), (0.5978, -1.765, 0.003), (0.5978, -1.755, 0.003), (0.5978, -1.755, 0.003), (0.5978, -1.765, 0.003), (0.6479, -1.765, 0.003), (0.6479, -1.755, 0.003), (0.6479, -1.755, 0.003), (0.6479, -1.765, 0.003), (0.6979, -1.765, 0.003), (0.6979, -1.755, 0.003), (0.6979, -1.755, 0.003), (0.6979, -1.765, 0.003), (0.748, -1.765, 0.003), (0.748, -1.755, 0.003), (0.748, -1.755, 0.003), (0.748, -1.765, 0.003), (0.798, -1.765, 0.003), (0.798, -1.755, 0.003), (0.798, -1.755, 0.003), (0.798, -1.765, 0.003), (0.8481, -1.765, 0.003), (0.8481, -1.755, 0.003), (0.8481, -1.755, 0.003), (0.8481, -1.765, 0.003), (0.8982, -1.765, 0.003), (0.8982, -1.755, 0.003), (0.8982, -1.755, 0.003), (0.8982, -1.765, 0.003), (0.9482, -1.765, 0.003), (0.9482, -1.755, 0.003), (0.9482, -1.755, 0.003), (0.9482, -1.765, 0.003), (0.9983, -1.765, 0.003), (0.9983, -1.755, 0.003), (0.9983, -1.755, 0.003), (0.9983, -1.765, 0.003), (1.0483, -1.765, 0.003), (1.0483, -1.755, 0.003), (1.0483, -1.755, 0.003), (1.0483, -1.765, 0.003), (1.0984, -1.765, 0.003), (1.0984, -1.755, 0.003), (1.0984, -1.755, 0.003), (1.0984, -1.765, 0.003), (1.1485, -1.765, 0.003), (1.1485, -1.755, 0.003), (1.1485, -1.755, 0.003), (1.1485, -1.765, 0.003), (1.1985, -1.765, 0.003), (1.1985, -1.755, 0.003), (1.1985, -1.755, 0.003), (1.1985, -1.765, 0.003), (1.2486, -1.765, 0.003), (1.2486, -1.755, 0.003), (1.2486, -1.755, 0.003), (1.2486, -1.765, 0.003), (1.2987, -1.765, 0.003), (1.2987, -1.755, 0.003), (1.2987, -1.755, 0.003), (1.2987, -1.765, 0.003), (1.3487, -1.765, 0.003), (1.3487, -1.755, 0.003), (1.3487, -1.755, 0.003), (1.3487, -1.765, 0.003), (1.3974763, -1.7649966, 0.003), (1.3975263, -1.7549968, 0.003), (1.3975263, -1.7549968, 0.003), (1.3974763, -1.7649966, 0.003), (1.4445648, -1.7654661, 0.003), (1.4447246, -1.7554674, 0.003), (1.4447246, -1.7554674, 0.003), (1.4445648, -1.7654661, 0.003), (1.4909616, -1.766481, 0.003), (1.4912611, -1.7564856, 0.003), (1.4912611, -1.7564856, 0.003), (1.4909616, -1.766481, 0.003), (1.5375155, -1.7682554, 0.003), (1.5379452, -1.7582645, 0.003), (1.5379452, -1.7582645, 0.003), (1.5375155, -1.7682554, 0.003), (1.5851386, -1.7705424, 0.003), (1.5856578, -1.760556, 0.003), (1.5856578, -1.760556, 0.003), (1.5851386, -1.7705424, 0.003), (1.6330128, -1.7732233, 0.003), (1.6336123, -1.7632413, 0.003), (1.6336123, -1.7632413, 0.003), (1.6330128, -1.7732233, 0.003), (1.6808037, -1.7762883, 0.003), (1.6814827, -1.7663113, 0.003), (1.6814827, -1.7663113, 0.003), (1.6808037, -1.7762883, 0.003), (1.7294872, -1.7797953, 0.003), (1.7302159, -1.7698219, 0.003), (1.7302159, -1.7698219, 0.003), (1.7294872, -1.7797953, 0.003), (1.7785779, -1.783435, 0.003), (1.7793372, -1.7734638, 0.003), (1.7793372, -1.7734638, 0.003), (1.7785779, -1.783435, 0.003), (1.8279516, -1.7872943, 0.003), (1.8287307, -1.7773247, 0.003), (1.8287307, -1.7773247, 0.003), (1.8279516, -1.7872943, 0.003), (1.8778516, -1.7911943, 0.003), (1.8786308, -1.7812247, 0.003), (1.8786308, -1.7812247, 0.003), (1.8778516, -1.7911943, 0.003), (1.9280146, -1.7951148, 0.003), (1.9287839, -1.7851444, 0.003), (1.9287839, -1.7851444, 0.003), (1.9280146, -1.7951148, 0.003), (1.978724, -1.798976, 0.003), (1.9794627, -1.7890033, 0.003), (1.9794627, -1.7890033, 0.003), (1.978724, -1.798976, 0.003), (2.0297768, -1.8026519, 0.003), (2.0304759, -1.7926763, 0.003), (2.0304759, -1.7926763, 0.003), (2.0297768, -1.8026519, 0.003), (2.0812578, -1.8061578, 0.003), (2.081897, -1.7961783, 0.003), (2.081897, -1.7961783, 0.003), (2.0812578, -1.8061578, 0.003), (2.1333833, -1.8092854, 0.003), (2.1339424, -1.7993011, 0.003), (2.1339424, -1.7993011, 0.003), (2.1333833, -1.8092854, 0.003), (2.1854947, -1.8119953, 0.003), (2.1859741, -1.8020067, 0.003), (2.1859741, -1.8020067, 0.003), (2.1854947, -1.8119953, 0.003), (2.238666, -1.8143284, 0.003), (2.2390258, -1.8043349, 0.003), (2.2390258, -1.8043349, 0.003), (2.238666, -1.8143284, 0.003), (2.2921126, -1.8158301, 0.003), (2.2923424, -1.8058327, 0.003), (2.2923424, -1.8058327, 0.003), (2.2921126, -1.8158301, 0.003), (2.346182, -1.8167915, 0.003), (2.3462622, -1.8067919, 0.003), (2.3462622, -1.8067919, 0.003), (2.346182, -1.8167915, 0.003), (2.401212, -1.816684, 0.003), (2.401102, -1.8066846, 0.003), (2.401102, -1.8066846, 0.003), (2.401212, -1.816684, 0.003), (2.4568672, -1.8155646, 0.003), (2.4565477, -1.8055698, 0.003), (2.4565477, -1.8055698, 0.003), (2.4568672, -1.8155646, 0.003), (2.5132315, -1.8130846, 0.003), (2.512672, -1.8031003, 0.003), (2.512672, -1.8031003, 0.003), (2.5132315, -1.8130846, 0.003), (2.5705261, -1.8091663, 0.003), (2.5696874, -1.7992015, 0.003), (2.5696874, -1.7992015, 0.003), (2.5705261, -1.8091663, 0.003), (2.6283646, -1.8033776, 0.003), (2.627226, -1.7934426, 0.003), (2.627226, -1.7934426, 0.003), (2.6283646, -1.8033776, 0.003), (2.6875377, -1.7957036, 0.003), (2.686038, -1.7858167, 0.003), (2.686038, -1.7858167, 0.003), (2.6875377, -1.7957036, 0.003), (2.7476947, -1.7852253, 0.003), (2.7457855, -1.7754092, 0.003), (2.7457855, -1.7754092, 0.003), (2.7476947, -1.7852253, 0.003), (2.8082142, -1.7721934, 0.003), (2.8058665, -1.762473, 0.003), (2.8058665, -1.762473, 0.003), (2.8082142, -1.7721934, 0.003), (2.8690164, -1.7558782, 0.003), (2.8662007, -1.7462827, 0.003), (2.8662007, -1.7462827, 0.003), (2.8690164, -1.7558782, 0.003), (2.927091, -1.7374011, 0.003), (2.9238837, -1.7279294, 0.003), (2.9238837, -1.7279294, 0.003), (2.927091, -1.7374011, 0.003), (2.9829438, -1.717365, 0.003), (2.9794064, -1.7080116, 0.003), (2.9794064, -1.7080116, 0.003), (2.9829438, -1.717365, 0.003), (3.0378485, -1.6955214, 0.003), (3.033994, -1.6862941, 0.003), (3.033994, -1.6862941, 0.003), (3.0378485, -1.6955214, 0.003), (3.0916762, -1.6719564, 0.003), (3.0875225, -1.66286, 0.003), (3.0875225, -1.66286, 0.003), (3.0916762, -1.6719564, 0.003), (3.1446755, -1.6467402, 0.003), (3.1402273, -1.637784, 0.003), (3.1402273, -1.637784, 0.003), (3.1446755, -1.6467402, 0.003), (3.1964414, -1.6199371, 0.003), (3.1917155, -1.6111244, 0.003), (3.1917155, -1.6111244, 0.003), (3.1964414, -1.6199371, 0.003), (3.2473884, -1.5916612, 0.003), (3.2423925, -1.5829985, 0.003), (3.2423925, -1.5829985, 0.003), (3.2473884, -1.5916612, 0.003), (3.2972288, -1.5618162, 0.003), (3.2919712, -1.5533099, 0.003), (3.2919712, -1.5533099, 0.003), (3.2972288, -1.5618162, 0.003), (3.3461175, -1.5306423, 0.003), (3.3406074, -1.5222973, 0.003), (3.3406074, -1.5222973, 0.003), (3.3461175, -1.5306423, 0.003), (3.3939466, -1.4979602, 0.003), (3.388194, -1.4897805, 0.003), (3.388194, -1.4897805, 0.003), (3.3939466, -1.4979602, 0.003), (3.440576, -1.4642173, 0.003), (3.434592, -1.4562052, 0.003), (3.434592, -1.4562052, 0.003), (3.440576, -1.4642173, 0.003), (3.4864032, -1.4289002, 0.003), (3.480188, -1.4210663, 0.003), (3.480188, -1.4210663, 0.003), (3.4864032, -1.4289002, 0.003), (3.530933, -1.3925388, 0.003), (3.5244975, -1.3848845, 0.003), (3.5244975, -1.3848845, 0.003), (3.530933, -1.3925388, 0.003), (3.5745206, -1.3548174, 0.003), (3.5678709, -1.3473488, 0.003), (3.5678709, -1.3473488, 0.003), (3.5745206, -1.3548174, 0.003), (3.6173494, -1.3155749, 0.003), (3.610476, -1.3083116, 0.003), (3.610476, -1.3083116, 0.003), (3.6173494, -1.3155749, 0.003), (3.6586478, -1.2752185, 0.003), (3.6515667, -1.2681574, 0.003), (3.6515667, -1.2681574, 0.003), (3.6586478, -1.2752185, 0.003), (3.698632, -1.2340775, 0.003), (3.691359, -1.2272142, 0.003), (3.691359, -1.2272142, 0.003), (3.698632, -1.2340775, 0.003), (3.737997, -1.1910933, 0.003), (3.730514, -1.1844596, 0.003), (3.730514, -1.1844596, 0.003), (3.737997, -1.1910933, 0.003), (3.775857, -1.1469749, 0.003), (3.7681756, -1.1405721, 0.003), (3.7681756, -1.1405721, 0.003), (3.775857, -1.1469749, 0.003), (3.8126786, -1.1014788, 0.003), (3.8047965, -1.095325, 0.003), (3.8047965, -1.095325, 0.003), (3.8126786, -1.1014788, 0.003), (3.8480089, -1.0545486, 0.003), (3.8399293, -1.0486562, 0.003), (3.8399293, -1.0486562, 0.003), (3.8480089, -1.0545486, 0.003), (3.8818567, -1.006628, 0.003), (3.8735905, -1.0010005, 0.003), (3.8735905, -1.0010005, 0.003), (3.8818567, -1.006628, 0.003), (3.9146812, -0.9565302, 0.003), (3.9062102, -0.95121586, 0.003), (3.9062102, -0.95121586, 0.003), (3.9146812, -0.9565302, 0.003), (3.9463284, -0.9037489, 0.003), (3.9376369, -0.8988037, 0.003), (3.9376369, -0.8988037, 0.003), (3.9463284, -0.9037489, 0.003), (3.9758153, -0.84901017, 0.003), (3.9669054, -0.84447014, 0.003), (3.9669054, -0.84447014, 0.003), (3.9758153, -0.84901017, 0.003), (4.0024567, -0.79367626, 0.003), (3.99336, -0.78952247, 0.003), (3.99336, -0.78952247, 0.003), (4.0024567, -0.79367626, 0.003), (4.0262737, -0.73865837, 0.003), (4.01703, -0.7348448, 0.003), (4.01703, -0.7348448, 0.003), (4.0262737, -0.73865837, 0.003), (4.04776, -0.6839606, 0.003), (4.0383954, -0.6804527, 0.003), (4.0383954, -0.6804527, 0.003), (4.04776, -0.6839606, 0.003), (4.0674815, -0.6286532, 0.003), (4.058007, -0.625455, 0.003), (4.058007, -0.625455, 0.003), (4.0674815, -0.6286532, 0.003), (4.0852337, -0.5729785, 0.003), (4.0756626, -0.5700812, 0.003), (4.0756626, -0.5700812, 0.003), (4.0852337, -0.5729785, 0.003), (4.1010256, -0.5179604, 0.003), (4.0913796, -0.51532423, 0.003), (4.0913796, -0.51532423, 0.003), (4.1010256, -0.5179604, 0.003), (4.1154113, -0.4625639, 0.003), (4.1056976, -0.4601879, 0.003), (4.1056976, -0.4601879, 0.003), (4.1154113, -0.4625639, 0.003), (4.1281853, -0.40693992, 0.003), (4.118412, -0.40482146, 0.003), (4.118412, -0.40482146, 0.003), (4.1281853, -0.40693992, 0.003), (4.1394334, -0.35183474, 0.003), (4.1296134, -0.34994665, 0.003), (4.1296134, -0.34994665, 0.003), (4.1394334, -0.35183474, 0.003), (4.14948, -0.29615152, 0.003), (4.1396165, -0.2945043, 0.003), (4.1396165, -0.2945043, 0.003), (4.14948, -0.29615152, 0.003), (4.1580944, -0.24006885, 0.003), (4.148193, -0.23867004, 0.003), (4.148193, -0.23867004, 0.003), (4.1580944, -0.24006885, 0.003), (4.165283, -0.1843783, 0.003), (4.1553516, -0.1832093, 0.003), (4.1553516, -0.1832093, 0.003), (4.165283, -0.1843783, 0.003), (4.17123, -0.12847464, 0.003), (4.161274, -0.12753597, 0.003), (4.161274, -0.12753597, 0.003), (4.17123, -0.12847464, 0.003), (4.175888, -0.07169639, 0.003), (4.165911, -0.07101729, 0.003), (4.165911, -0.07101729, 0.003), (4.175888, -0.07169639, 0.003), (4.1789556, -0.01508448, 0.003), (4.1689644, -0.014654877, 0.003), (4.1689644, -0.014654877, 0.003), (4.1789556, -0.01508448, 0.003), (4.180762, 0.04180015, 0.003), (4.170763, 0.041969955, 0.003), (4.170763, 0.041969955, 0.003), (4.180762, 0.04180015, 0.003), (4.180884, 0.09931191, 0.003), (4.1708846, 0.09920203, 0.003), (4.1708846, 0.09920203, 0.003), (4.180884, 0.09931191, 0.003), (4.1794777, 0.15725587, 0.003), (4.169486, 0.15684623, 0.003), (4.169486, 0.15684623, 0.003), (4.1794777, 0.15725587, 0.003), (4.176055, 0.21625884, 0.003), (4.166083, 0.21550944, 0.003), (4.166083, 0.21550944, 0.003), (4.176055, 0.21625884, 0.003), (4.1705337, 0.2758714, 0.003), (4.1605964, 0.27475172, 0.003), (4.1605964, 0.27475172, 0.003), (4.1705337, 0.2758714, 0.003), (4.1626487, 0.33523965, 0.003), (4.15276, 0.33375135, 0.003), (4.15276, 0.33375135, 0.003), (4.1626487, 0.33523965, 0.003), (4.152936, 0.39309356, 0.003), (4.1431007, 0.39128625, 0.003), (4.1431007, 0.39128625, 0.003), (4.152936, 0.39309356, 0.003), (4.141485, 0.45043993, 0.003), (4.131712, 0.44832143, 0.003), (4.131712, 0.44832143, 0.003), (4.141485, 0.45043993, 0.003), (4.1281724, 0.50733423, 0.003), (4.118471, 0.50490654, 0.003), (4.118471, 0.50490654, 0.003), (4.1281724, 0.50733423, 0.003), (4.1130137, 0.5641661, 0.003), (4.1033983, 0.56142026, 0.003), (4.1033983, 0.56142026, 0.003), (4.1130137, 0.5641661, 0.003), (4.0954995, 0.6215906, 0.003), (4.085994, 0.61848533, 0.003), (4.085994, 0.61848533, 0.003), (4.0954995, 0.6215906, 0.003), (4.0755525, 0.6787763, 0.003), (4.066177, 0.675298, 0.003), (4.066177, 0.675298, 0.003), (4.0755525, 0.6787763, 0.003), (4.053282, 0.73534274, 0.003), (4.0440564, 0.73148453, 0.003), (4.0440564, 0.73148453, 0.003), (4.053282, 0.73534274, 0.003), (4.028211, 0.7918764, 0.003), (4.019165, 0.7876131, 0.003), (4.019165, 0.7876131, 0.003), (4.028211, 0.7918764, 0.003), (4.0003037, 0.8476902, 0.003), (3.9914658, 0.8430114, 0.003), (3.9914658, 0.8430114, 0.003), (4.0003037, 0.8476902, 0.003), (3.969518, 0.9026662, 0.003), (3.960921, 0.89755803, 0.003), (3.960921, 0.89755803, 0.003), (3.969518, 0.9026662, 0.003), (3.9356153, 0.9565124, 0.003), (3.9272902, 0.95097226, 0.003), (3.9272902, 0.95097226, 0.003), (3.9356153, 0.9565124, 0.003), (3.8988655, 1.0088087, 0.003), (3.8908403, 1.0028424, 0.003), (3.8908403, 1.0028424, 0.003), (3.8988655, 1.0088087, 0.003), (3.8588786, 1.0596489, 0.003), (3.8511965, 1.053247, 0.003), (3.8511965, 1.053247, 0.003), (3.8588786, 1.0596489, 0.003), (3.8158326, 1.1084181, 0.003), (3.8085258, 1.101591, 0.003), (3.8085258, 1.101591, 0.003), (3.8158326, 1.1084181, 0.003), (3.7701018, 1.154669, 0.003), (3.7631924, 1.14744, 0.003), (3.7631924, 1.14744, 0.003), (3.7701018, 1.154669, 0.003), (3.7216265, 1.198444, 0.003), (3.7151425, 1.190831, 0.003), (3.7151425, 1.190831, 0.003), (3.7216265, 1.198444, 0.003), (3.670858, 1.2392024, 0.003), (3.664818, 1.2312324, 0.003), (3.664818, 1.2312324, 0.003), (3.670858, 1.2392024, 0.003), (3.6181328, 1.2768983, 0.003), (3.6125467, 1.268604, 0.003), (3.6125467, 1.268604, 0.003), (3.6181328, 1.2768983, 0.003), (3.5638688, 1.311299, 0.003), (3.5587342, 1.3027179, 0.003), (3.5587342, 1.3027179, 0.003), (3.5638688, 1.311299, 0.003), (3.5099628, 1.3417568, 0.003), (3.505217, 1.3329546, 0.003), (3.505217, 1.3329546, 0.003), (3.5099628, 1.3417568, 0.003), (3.45747, 1.3687925, 0.003), (3.4530258, 1.3598343, 0.003), (3.4530258, 1.3598343, 0.003), (3.45747, 1.3687925, 0.003), (3.4048953, 1.3939105, 0.003), (3.4007294, 1.3848196, 0.003), (3.4007294, 1.3848196, 0.003), (3.4048953, 1.3939105, 0.003), (3.3520324, 1.4171234, 0.003), (3.348133, 1.407915, 0.003), (3.348133, 1.407915, 0.003), (3.3520324, 1.4171234, 0.003), (3.2995846, 1.4385363, 0.003), (3.2959173, 1.4292331, 0.003), (3.2959173, 1.4292331, 0.003), (3.2995846, 1.4385363, 0.003), (3.2465866, 1.4586904, 0.003), (3.243153, 1.4492984, 0.003), (3.243153, 1.4492984, 0.003), (3.2465866, 1.4586904, 0.003), (3.1934478, 1.477348, 0.003), (3.1902347, 1.4678782, 0.003), (3.1902347, 1.4678782, 0.003), (3.1934478, 1.477348, 0.003), (3.1401196, 1.4948192, 0.003), (3.1371226, 1.4852788, 0.003), (3.1371226, 1.4852788, 0.003), (3.1401196, 1.4948192, 0.003), (3.0866847, 1.5108918, 0.003), (3.0838966, 1.5012883, 0.003), (3.0838966, 1.5012883, 0.003), (3.0866847, 1.5108918, 0.003), (3.0331607, 1.5258774, 0.003), (3.0305734, 1.516218, 0.003), (3.0305734, 1.516218, 0.003), (3.0331607, 1.5258774, 0.003), (2.9796243, 1.5395736, 0.003), (2.9772272, 1.529865, 0.003), (2.9772272, 1.529865, 0.003), (2.9796243, 1.5395736, 0.003), (2.9259236, 1.552357, 0.003), (2.923715, 1.5426039, 0.003), (2.923715, 1.5426039, 0.003), (2.9259236, 1.552357, 0.003), (2.8716917, 1.5640067, 0.003), (2.8696845, 1.5542103, 0.003), (2.8696845, 1.5542103, 0.003), (2.8716917, 1.5640067, 0.003), (2.8177052, 1.5745416, 0.003), (2.8158786, 1.5647099, 0.003), (2.8158786, 1.5647099, 0.003), (2.8177052, 1.5745416, 0.003), (2.7636945, 1.5840728, 0.003), (2.7620456, 1.5742098, 0.003), (2.7620456, 1.5742098, 0.003), (2.7636945, 1.5840728, 0.003), (2.7095218, 1.5926261, 0.003), (2.708053, 1.5827346, 0.003), (2.708053, 1.5827346, 0.003), (2.7095218, 1.5926261, 0.003), (2.6551392, 1.6001918, 0.003), (2.6538508, 1.5902752, 0.003), (2.6538508, 1.5902752, 0.003), (2.6551392, 1.6001918, 0.003), (2.6006806, 1.6067662, 0.003), (2.599572, 1.5968279, 0.003), (2.599572, 1.5968279, 0.003), (2.6006806, 1.6067662, 0.003), (2.5461123, 1.6123545, 0.003), (2.5451837, 1.6023978, 0.003), (2.5451837, 1.6023978, 0.003), (2.5461123, 1.6123545, 0.003), (2.491722, 1.6169349, 0.003), (2.4909627, 1.6069638, 0.003), (2.4909627, 1.6069638, 0.003), (2.491722, 1.6169349, 0.003), (2.4373233, 1.6206391, 0.003), (2.436734, 1.6106565, 0.003), (2.436734, 1.6106565, 0.003), (2.4373233, 1.6206391, 0.003), (2.382556, 1.6233776, 0.003), (2.3821461, 1.6133859, 0.003), (2.3821461, 1.6133859, 0.003), (2.382556, 1.6233776, 0.003), (2.3280518, 1.6251239, 0.003), (2.3278122, 1.6151267, 0.003), (2.3278122, 1.6151267, 0.003), (2.3280518, 1.6251239, 0.003), (2.2734513, 1.6259935, 0.003), (2.2733815, 1.6159937, 0.003), (2.2733815, 1.6159937, 0.003), (2.2734513, 1.6259935, 0.003), (2.218588, 1.625884, 0.003), (2.218698, 1.6158847, 0.003), (2.218698, 1.6158847, 0.003), (2.218588, 1.625884, 0.003), (2.164083, 1.6247962, 0.003), (2.164363, 1.6148001, 0.003), (2.164363, 1.6148001, 0.003), (2.164083, 1.6247962, 0.003), (2.1093228, 1.62282, 0.003), (2.1097825, 1.6128306, 0.003), (2.1097825, 1.6128306, 0.003), (2.1093228, 1.62282, 0.003), (2.0545578, 1.6197579, 0.003), (2.055197, 1.6097783, 0.003), (2.055197, 1.6097783, 0.003), (2.0545578, 1.6197579, 0.003), (1.9996368, 1.6157882, 0.003), (2.0004656, 1.6058227, 0.003), (2.0004656, 1.6058227, 0.003), (1.9996368, 1.6157882, 0.003), (1.9420581, 1.6103369, 0.003), (1.9431766, 1.6003997, 0.003), (1.9431766, 1.6003997, 0.003), (1.9420581, 1.6103369, 0.003), (1.8829192, 1.6025875, 0.003), (1.8843977, 1.5926974, 0.003), (1.8843977, 1.5926974, 0.003), (1.8829192, 1.6025875, 0.003), (1.8245033, 1.5927802, 0.003), (1.826322, 1.582947, 0.003), (1.826322, 1.582947, 0.003), (1.8245033, 1.5927802, 0.003), (1.7675601, 1.5812851, 0.003), (1.7696786, 1.5715121, 0.003), (1.7696786, 1.5715121, 0.003), (1.7675601, 1.5812851, 0.003), (1.7121859, 1.5684721, 0.003), (1.7145524, 1.5587562, 0.003), (1.7145524, 1.5587562, 0.003), (1.7121859, 1.5684721, 0.003), (1.6583995, 1.5547267, 0.003), (1.6609654, 1.5450616, 0.003), (1.6609654, 1.5450616, 0.003), (1.6583995, 1.5547267, 0.003), (1.6050893, 1.5400438, 0.003), (1.6078445, 1.5304309, 0.003), (1.6078445, 1.5304309, 0.003), (1.6050893, 1.5400438, 0.003), (1.552763, 1.524464, 0.003), (1.5556813, 1.5148993, 0.003), (1.5556813, 1.5148993, 0.003), (1.552763, 1.524464, 0.003), (1.5016248, 1.5084894, 0.003), (1.5046729, 1.4989651, 0.003), (1.5046729, 1.4989651, 0.003), (1.5016248, 1.5084894, 0.003), (1.4506823, 1.4917951, 0.003), (1.4538566, 1.4823122, 0.003), (1.4538566, 1.4823122, 0.003), (1.4506823, 1.4917951, 0.003), (1.4005884, 1.4746772, 0.003), (1.4038644, 1.465229, 0.003), (1.4038644, 1.465229, 0.003), (1.4005884, 1.4746772, 0.003), (1.3514904, 1.457411, 0.003), (1.3548379, 1.4479879, 0.003), (1.3548379, 1.4479879, 0.003), (1.3514904, 1.457411, 0.003), (1.3025806, 1.4398607, 0.003), (1.3059964, 1.4304622, 0.003), (1.3059964, 1.4304622, 0.003), (1.3025806, 1.4398607, 0.003), (1.25401, 1.4219843, 0.003), (1.257485, 1.4126076, 0.003), (1.257485, 1.4126076, 0.003), (1.25401, 1.4219843, 0.003), (1.2060072, 1.4040728, 0.003), (1.2095239, 1.3947115, 0.003), (1.2095239, 1.3947115, 0.003), (1.2060072, 1.4040728, 0.003), (1.1584246, 1.3860774, 0.003), (1.1619709, 1.3767272, 0.003), (1.1619709, 1.3767272, 0.003), (1.1584246, 1.3860774, 0.003), (1.1111622, 1.3681015, 0.003), (1.114726, 1.3587581, 0.003), (1.114726, 1.3587581, 0.003), (1.1111622, 1.3681015, 0.003), (1.0640432, 1.3500795, 0.003), (1.0676188, 1.3407407, 0.003), (1.0676188, 1.3407407, 0.003), (1.0640432, 1.3500795, 0.003), (1.0173432, 1.3321795, 0.003), (1.0209188, 1.3228407, 0.003), (1.0209188, 1.3228407, 0.003), (1.0173432, 1.3321795, 0.003), (0.9710933, 1.3144895, 0.003), (0.9746483, 1.3051428, 0.003), (0.9746483, 1.3051428, 0.003), (0.9710933, 1.3144895, 0.003), (0.92475617, 1.2969651, 0.003), (0.92829365, 1.2876117, 0.003), (0.92829365, 1.2876117, 0.003), (0.92475617, 1.2969651, 0.003), (0.8788263, 1.2795924, 0.003), (0.88233095, 1.2702267, 0.003), (0.88233095, 1.2702267, 0.003), (0.8788263, 1.2795924, 0.003), (0.83316165, 1.262688, 0.003), (0.8366159, 1.2533035, 0.003), (0.8366159, 1.2533035, 0.003), (0.83316165, 1.262688, 0.003), (0.7874145, 1.2459456, 0.003), (0.7908215, 1.2365439, 0.003), (0.7908215, 1.2365439, 0.003), (0.7874145, 1.2459456, 0.003), (0.7418904, 1.229611, 0.003), (0.7452379, 1.220188, 0.003), (0.7452379, 1.220188, 0.003), (0.7418904, 1.229611, 0.003), (0.69658846, 1.2136772, 0.003), (0.6998643, 1.204229, 0.003), (0.6998643, 1.204229, 0.003), (0.69658846, 1.2136772, 0.003), (0.65156466, 1.1982886, 0.003), (0.6547509, 1.1888098, 0.003), (0.6547509, 1.1888098, 0.003), (0.65156466, 1.1982886, 0.003), (0.60668796, 1.1834551, 0.003), (0.60977525, 1.1739436, 0.003), (0.60977525, 1.1739436, 0.003), (0.60668796, 1.1834551, 0.003), (0.561938, 1.1691936, 0.003), (0.56491387, 1.1596467, 0.003), (0.56491387, 1.1596467, 0.003), (0.561938, 1.1691936, 0.003), (0.5172384, 1.1555691, 0.003), (0.5200935, 1.1459854, 0.003), (0.5200935, 1.1459854, 0.003), (0.5172384, 1.1555691, 0.003), (0.47252357, 1.1425532, 0.003), (0.47525096, 1.1329323, 0.003), (0.47525096, 1.1329323, 0.003), (0.47252357, 1.1425532, 0.003), (0.42828643, 1.1303434, 0.003), (0.4308643, 1.1206814, 0.003), (0.4308643, 1.1206814, 0.003), (0.42828643, 1.1303434, 0.003), (0.38407707, 1.1189499, 0.003), (0.38649306, 1.1092461, 0.003), (0.38649306, 1.1092461, 0.003), (0.38407707, 1.1189499, 0.003), (0.3401215, 1.1083848, 0.003), (0.34235844, 1.0986383, 0.003), (0.34235844, 1.0986383, 0.003), (0.3401215, 1.1083848, 0.003), (0.29674822, 1.0988914, 0.003), (0.2987766, 1.0890992, 0.003), (0.2987766, 1.0890992, 0.003), (0.29674822, 1.0988914, 0.003), (0.25345936, 1.0904275, 0.003), (0.25526845, 1.0805925, 0.003), (0.25526845, 1.0805925, 0.003), (0.25345936, 1.0904275, 0.003), (0.21029444, 1.0829817, 0.003), (0.21187201, 1.0731069, 0.003), (0.21187201, 1.0731069, 0.003), (0.21029444, 1.0829817, 0.003), (0.16784059, 1.0767237, 0.003), (0.16914849, 1.0668095, 0.003), (0.16914849, 1.0668095, 0.003), (0.16784059, 1.0767237, 0.003), (0.1257758, 1.0718185, 0.003), (0.12679558, 1.0618706, 0.003), (0.12679558, 1.0618706, 0.003), (0.1257758, 1.0718185, 0.003), (0.084194824, 1.0681319, 0.003), (0.084904455, 1.0581571, 0.003), (0.084904455, 1.0581571, 0.003), (0.084194824, 1.0681319, 0.003), (0.04321148, 1.0659192, 0.003), (0.043580856, 1.055926, 0.003), (0.043580856, 1.055926, 0.003), (0.04321148, 1.0659192, 0.003), (0.0023705305, 1.0650995, 0.003), (0.0023905104, 1.0550995, 0.003), (0.0023905104, 1.0550995, 0.003), (0.0023705305, 1.0650995, 0.003), (-0.038359758, 1.0657558, 0.003), (-0.03868958, 1.0557612, 0.003), (-0.03868958, 1.0557612, 0.003), (-0.038359758, 1.0657558, 0.003), (-0.079367064, 1.067806, 0.003), (-0.08003623, 1.0578284, 0.003), (-0.08003623, 1.0578284, 0.003), (-0.079367064, 1.067806, 0.003), (-0.120788805, 1.0713005, 0.003), (-0.12177791, 1.0613495, 0.003), (-0.12177791, 1.0613495, 0.003), (-0.120788805, 1.0713005, 0.003), (-0.16282119, 1.0761255, 0.003), (-0.16409963, 1.0662075, 0.003), (-0.16409963, 1.0662075, 0.003), (-0.16282119, 1.0761255, 0.003), (-0.20526901, 1.0822042, 0.003), (-0.20681734, 1.0723249, 0.003), (-0.20681734, 1.0723249, 0.003), (-0.20526901, 1.0822042, 0.003), (-0.24821866, 1.0895298, 0.003), (-0.25000662, 1.0796909, 0.003), (-0.25000662, 1.0796909, 0.003), (-0.24821866, 1.0895298, 0.003), (-0.2916084, 1.0979067, 0.003), (-0.29361564, 1.0881102, 0.003), (-0.29361564, 1.0881102, 0.003), (-0.2916084, 1.0979067, 0.003), (-0.33517644, 1.1073569, 0.003), (-0.33738488, 1.0976038, 0.003), (-0.33738488, 1.0976038, 0.003), (-0.33517644, 1.1073569, 0.003), (-0.37912524, 1.117735, 0.003), (-0.38151297, 1.1080242, 0.003), (-0.38151297, 1.1080242, 0.003), (-0.37912524, 1.117735, 0.003), (-0.42314667, 1.1289923, 0.003), (-0.4257034, 1.1193247, 0.003), (-0.4257034, 1.1193247, 0.003), (-0.42314667, 1.1289923, 0.003), (-0.46748307, 1.1411111, 0.003), (-0.47018936, 1.1314843, 0.003), (-0.47018936, 1.1314843, 0.003), (-0.46748307, 1.1411111, 0.003), (-0.5118815, 1.1539414, 0.003), (-0.5147274, 1.1443549, 0.003), (-0.5147274, 1.1443549, 0.003), (-0.5118815, 1.1539414, 0.003), (-0.5565793, 1.1675687, 0.003), (-0.5595461, 1.158019, 0.003), (-0.5595461, 1.158019, 0.003), (-0.5565793, 1.1675687, 0.003), (-0.60140514, 1.1817578, 0.003), (-0.6044804, 1.1722425, 0.003), (-0.6044804, 1.1722425, 0.003), (-0.60140514, 1.1817578, 0.003), (-0.6463823, 1.1965951, 0.003), (-0.6495565, 1.1871122, 0.003), (-0.6495565, 1.1871122, 0.003), (-0.6463823, 1.1965951, 0.003), (-0.69156146, 1.2119408, 0.003), (-0.6948195, 1.2024864, 0.003), (-0.6948195, 1.2024864, 0.003), (-0.69156146, 1.2119408, 0.003), (-0.7366256, 1.2276945, 0.003), (-0.73996425, 1.2182683, 0.003), (-0.73996425, 1.2182683, 0.003), (-0.7366256, 1.2276945, 0.003), (-0.78199923, 1.2439762, 0.003), (-0.7854031, 1.2345734, 0.003), (-0.7854031, 1.2345734, 0.003), (-0.78199923, 1.2439762, 0.003), (-0.82776165, 1.2606881, 0.003), (-0.8312159, 1.2513036, 0.003), (-0.8312159, 1.2513036, 0.003), (-0.82776165, 1.2606881, 0.003), (-0.8735585, 1.2776792, 0.003), (-0.8770544, 1.2683102, 0.003), (-0.8770544, 1.2683102, 0.003), (-0.8735585, 1.2776792, 0.003), (-0.9194437, 1.2948982, 0.003), (-0.9229779, 1.2855436, 0.003), (-0.9229779, 1.2855436, 0.003), (-0.9194437, 1.2948982, 0.003), (-0.9656053, 1.312456, 0.003), (-0.9691636, 1.3031105, 0.003), (-0.9691636, 1.3031105, 0.003), (-0.9656053, 1.312456, 0.003), (-1.0120741, 1.3301679, 0.003), (-1.0156411, 1.3208257, 0.003), (-1.0156411, 1.3208257, 0.003), (-1.0120741, 1.3301679, 0.003), (-1.0586431, 1.3479795, 0.003), (-1.0622189, 1.3386407, 0.003), (-1.0622189, 1.3386407, 0.003), (-1.0586431, 1.3479795, 0.003), (-1.1055741, 1.3659679, 0.003), (-1.1091411, 1.3566257, 0.003), (-1.1091411, 1.3566257, 0.003), (-1.1055741, 1.3659679, 0.003), (-1.1529247, 1.3839774, 0.003), (-1.1564709, 1.3746272, 0.003), (-1.1564709, 1.3746272, 0.003), (-1.1529247, 1.3839774, 0.003), (-1.2002753, 1.4018855, 0.003), (-1.2038008, 1.3925276, 0.003), (-1.2038008, 1.3925276, 0.003), (-1.2002753, 1.4018855, 0.003), (-1.2482774, 1.4198979, 0.003), (-1.2517613, 1.4105245, 0.003), (-1.2517613, 1.4105245, 0.003), (-1.2482774, 1.4198979, 0.003), (-1.2968469, 1.4377756, 0.003), (-1.3002715, 1.4283804, 0.003), (-1.3002715, 1.4283804, 0.003), (-1.2968469, 1.4377756, 0.003), (-1.3457553, 1.4554274, 0.003), (-1.3491118, 1.4460075, 0.003), (-1.3491118, 1.4460075, 0.003), (-1.3457553, 1.4554274, 0.003), (-1.3950884, 1.4727772, 0.003), (-1.3983643, 1.4633291, 0.003), (-1.3983643, 1.4633291, 0.003), (-1.3950884, 1.4727772, 0.003), (-1.4448646, 1.4897885, 0.003), (-1.4480509, 1.4803097, 0.003), (-1.4480509, 1.4803097, 0.003), (-1.4448646, 1.4897885, 0.003), (-1.4955448, 1.5065352, 0.003), (-1.4986111, 1.4970169, 0.003), (-1.4986111, 1.4970169, 0.003), (-1.4955448, 1.5065352, 0.003), (-1.5470208, 1.5226899, 0.003), (-1.5499483, 1.513128, 0.003), (-1.5499483, 1.513128, 0.003), (-1.5470208, 1.5226899, 0.003), (-1.5988597, 1.5381626, 0.003), (-1.6016386, 1.5285565, 0.003), (-1.6016386, 1.5285565, 0.003), (-1.5988597, 1.5381626, 0.003), (-1.6518924, 1.5530112, 0.003), (-1.6544889, 1.5433542, 0.003), (-1.6544889, 1.5433542, 0.003), (-1.6518924, 1.5530112, 0.003), (-1.7059866, 1.5669501, 0.003), (-1.708372, 1.5572387, 0.003), (-1.708372, 1.5572387, 0.003), (-1.7059866, 1.5669501, 0.003), (-1.761102, 1.5798197, 0.003), (-1.7632492, 1.5700529, 0.003), (-1.7632492, 1.5700529, 0.003), (-1.761102, 1.5798197, 0.003), (-1.8177317, 1.5914798, 0.003), (-1.8195909, 1.5816542, 0.003), (-1.8195909, 1.5816542, 0.003), (-1.8177317, 1.5914798, 0.003), (-1.875786, 1.6014848, 0.003), (-1.8773148, 1.5916023, 0.003), (-1.8773148, 1.5916023, 0.003), (-1.875786, 1.6014848, 0.003), (-1.9349217, 1.6095831, 0.003), (-1.9360907, 1.5996517, 0.003), (-1.9360907, 1.5996517, 0.003), (-1.9349217, 1.6095831, 0.003), (-1.9929487, 1.6153215, 0.003), (-1.9938072, 1.6053585, 0.003), (-1.9938072, 1.6053585, 0.003), (-1.9929487, 1.6153215, 0.003), (-2.048494, 1.6194408, 0.003), (-2.0491433, 1.6094619, 0.003), (-2.0491433, 1.6094619, 0.003), (-2.048494, 1.6194408, 0.003), (-2.1028945, 1.6224953, 0.003), (-2.103374, 1.6125067, 0.003), (-2.103374, 1.6125067, 0.003), (-2.1028945, 1.6224953, 0.003), (-2.1577616, 1.6246811, 0.003), (-2.158061, 1.6146855, 0.003), (-2.158061, 1.6146855, 0.003), (-2.1577616, 1.6246811, 0.003), (-2.2125235, 1.6257809, 0.003), (-2.2126434, 1.6157817, 0.003), (-2.2126434, 1.6157817, 0.003), (-2.2125235, 1.6257809, 0.003), (-2.2668588, 1.6259979, 0.003), (-2.266819, 1.6159979, 0.003), (-2.266819, 1.6159979, 0.003), (-2.2668588, 1.6259979, 0.003), (-2.3213582, 1.6253417, 0.003), (-2.3211484, 1.6153439, 0.003), (-2.3211484, 1.6153439, 0.003), (-2.3213582, 1.6253417, 0.003), (-2.376217, 1.6236991, 0.003), (-2.3758276, 1.6137067, 0.003), (-2.3758276, 1.6137067, 0.003), (-2.376217, 1.6236991, 0.003), (-2.4309955, 1.6210697, 0.003), (-2.430426, 1.6110859, 0.003), (-2.430426, 1.6110859, 0.003), (-2.4309955, 1.6210697, 0.003), (-2.485659, 1.6174549, 0.003), (-2.4849095, 1.6074829, 0.003), (-2.4849095, 1.6074829, 0.003), (-2.485659, 1.6174549, 0.003), (-2.5400498, 1.6128789, 0.003), (-2.539131, 1.6029212, 0.003), (-2.539131, 1.6029212, 0.003), (-2.5400498, 1.6128789, 0.003), (-2.5943575, 1.607424, 0.003), (-2.5932686, 1.5974835, 0.003), (-2.5932686, 1.5974835, 0.003), (-2.5943575, 1.607424, 0.003), (-2.6488185, 1.600959, 0.003), (-2.6475499, 1.5910397, 0.003), (-2.6475499, 1.5910397, 0.003), (-2.6488185, 1.600959, 0.003), (-2.7031655, 1.5935081, 0.003), (-2.7017176, 1.5836135, 0.003), (-2.7017176, 1.5836135, 0.003), (-2.7031655, 1.5935081, 0.003), (-2.7571788, 1.5851079, 0.003), (-2.7555609, 1.5752398, 0.003), (-2.7555609, 1.5752398, 0.003), (-2.7571788, 1.5851079, 0.003), (-2.8115406, 1.5757275, 0.003), (-2.8097315, 1.5658925, 0.003), (-2.8097315, 1.5658925, 0.003), (-2.8115406, 1.5757275, 0.003), (-2.8656375, 1.5651586, 0.003), (-2.8636398, 1.5553602, 0.003), (-2.8636398, 1.5553602, 0.003), (-2.8656375, 1.5651586, 0.003), (-2.9194107, 1.5537397, 0.003), (-2.917233, 1.5439796, 0.003), (-2.917233, 1.5439796, 0.003), (-2.9194107, 1.5537397, 0.003), (-2.9731143, 1.5411721, 0.003), (-2.9707477, 1.5314562, 0.003), (-2.9707477, 1.5314562, 0.003), (-2.9731143, 1.5411721, 0.003), (-3.0270007, 1.5275267, 0.003), (-3.0244346, 1.5178616, 0.003), (-3.0244346, 1.5178616, 0.003), (-3.0270007, 1.5275267, 0.003), (-3.0805254, 1.5126535, 0.003), (-3.0777583, 1.5030439, 0.003), (-3.0777583, 1.5030439, 0.003), (-3.0805254, 1.5126535, 0.003), (-3.1338208, 1.4967687, 0.003), (-3.130854, 1.487219, 0.003), (-3.130854, 1.487219, 0.003), (-3.1338208, 1.4967687, 0.003), (-3.1872354, 1.4794885, 0.003), (-3.1840491, 1.4700097, 0.003), (-3.1840491, 1.4700097, 0.003), (-3.1872354, 1.4794885, 0.003), (-3.2403855, 1.4609456, 0.003), (-3.2369785, 1.4515439, 0.003), (-3.2369785, 1.4515439, 0.003), (-3.2403855, 1.4609456, 0.003), (-3.293306, 1.4410418, 0.003), (-3.289668, 1.431727, 0.003), (-3.289668, 1.431727, 0.003), (-3.293306, 1.4410418, 0.003), (-3.345993, 1.4196931, 0.003), (-3.3421178, 1.4104745, 0.003), (-3.3421178, 1.4104745, 0.003), (-3.345993, 1.4196931, 0.003), (-3.3987381, 1.3967015, 0.003), (-3.3946047, 1.3875958, 0.003), (-3.3946047, 1.3875958, 0.003), (-3.3987381, 1.3967015, 0.003), (-3.4512086, 1.3719162, 0.003), (-3.4468045, 1.3629382, 0.003), (-3.4468045, 1.3629382, 0.003), (-3.4512086, 1.3719162, 0.003), (-3.5036132, 1.3452262, 0.003), (-3.4989147, 1.3363987, 0.003), (-3.4989147, 1.3363987, 0.003), (-3.5036132, 1.3452262, 0.003), (-3.557658, 1.3151191, 0.003), (-3.552569, 1.3065109, 0.003), (-3.552569, 1.3065109, 0.003), (-3.557658, 1.3151191, 0.003), (-3.6121345, 1.2809341, 0.003), (-3.6065898, 1.272612, 0.003), (-3.6065898, 1.272612, 0.003), (-3.6121345, 1.2809341, 0.003), (-3.6649728, 1.2435952, 0.003), (-3.6589777, 1.2355917, 0.003), (-3.6589777, 1.2355917, 0.003), (-3.6649728, 1.2435952, 0.003), (-3.7158327, 1.2032387, 0.003), (-3.7093976, 1.1955844, 0.003), (-3.7093976, 1.1955844, 0.003), (-3.7158327, 1.2032387, 0.003), (-3.7645774, 1.1598319, 0.003), (-3.7577143, 1.152559, 0.003), (-3.7577143, 1.152559, 0.003), (-3.7645774, 1.1598319, 0.003), (-3.8105748, 1.1138495, 0.003), (-3.8033116, 1.1069759, 0.003), (-3.8033116, 1.1069759, 0.003), (-3.8105748, 1.1138495, 0.003), (-3.8538575, 1.0655035, 0.003), (-3.8462214, 1.0590467, 0.003), (-3.8462214, 1.0590467, 0.003), (-3.8538575, 1.0655035, 0.003), (-3.8941264, 1.015062, 0.003), (-3.886148, 1.0090332, 0.003), (-3.886148, 1.0090332, 0.003), (-3.8941264, 1.015062, 0.003), (-3.9313927, 0.96293765, 0.003), (-3.9231062, 0.95734, 0.003), (-3.9231062, 0.95734, 0.003), (-3.9313927, 0.96293765, 0.003), (-3.9657953, 0.9089748, 0.003), (-3.9572258, 0.90382105, 0.003), (-3.9572258, 0.90382105, 0.003), (-3.9657953, 0.9089748, 0.003), (-3.996937, 0.8540415, 0.003), (-3.9881244, 0.8493154, 0.003), (-3.9881244, 0.8493154, 0.003), (-3.996937, 0.8540415, 0.003), (-4.025155, 0.79834825, 0.003), (-4.0161304, 0.79404074, 0.003), (-4.0161304, 0.79404074, 0.003), (-4.025155, 0.79834825, 0.003), (-4.0504684, 0.7419617, 0.003), (-4.041262, 0.7380575, 0.003), (-4.041262, 0.7380575, 0.003), (-4.0504684, 0.7419617, 0.003), (-4.0731726, 0.68519276, 0.003), (-4.063812, 0.68167603, 0.003), (-4.063812, 0.68167603, 0.003), (-4.0731726, 0.68519276, 0.003), (-4.093233, 0.6282031, 0.003), (-4.083741, 0.6250558, 0.003), (-4.083741, 0.6250558, 0.003), (-4.093233, 0.6282031, 0.003), (-4.1110206, 0.57112885, 0.003), (-4.10142, 0.56833154, 0.003), (-4.10142, 0.56833154, 0.003), (-4.1110206, 0.57112885, 0.003), (-4.1265683, 0.5138439, 0.003), (-4.116875, 0.5113856, 0.003), (-4.116875, 0.5113856, 0.003), (-4.1265683, 0.5138439, 0.003), (-4.14002, 0.45689797, 0.003), (-4.130253, 0.4547509, 0.003), (-4.130253, 0.4547509, 0.003), (-4.14002, 0.45689797, 0.003), (-4.151637, 0.3998643, 0.003), (-4.1418095, 0.3980166, 0.003), (-4.1418095, 0.3980166, 0.003), (-4.151637, 0.3998643, 0.003), (-4.161585, 0.34211403, 0.003), (-4.1517024, 0.3405852, 0.003), (-4.1517024, 0.3405852, 0.003), (-4.161585, 0.34211403, 0.003), (-4.1697135, 0.28271708, 0.003), (-4.159781, 0.28155795, 0.003), (-4.159781, 0.28155795, 0.003), (-4.1697135, 0.28271708, 0.003), (-4.1754737, 0.22311154, 0.003), (-4.165505, 0.22232242, 0.003), (-4.165505, 0.22232242, 0.003), (-4.1754737, 0.22311154, 0.003), (-4.179132, 0.16411294, 0.003), (-4.1691422, 0.1636634, 0.003), (-4.1691422, 0.1636634, 0.003), (-4.179132, 0.16411294, 0.003), (-4.180774, 0.10590593, 0.003), (-4.170775, 0.10576609, 0.003), (-4.170775, 0.10576609, 0.003), (-4.180774, 0.10590593, 0.003), (-4.1807775, 0.048658732, 0.003), (-4.1707783, 0.048788592, 0.003), (-4.1707783, 0.048788592, 0.003), (-4.1807775, 0.048658732, 0.003), (-4.179299, -0.008227149, 0.003), (-4.1693063, -0.0078374455, 0.003), (-4.1693063, -0.0078374455, 0.003), (-4.179299, -0.008227149, 0.003), (-4.1763234, -0.06536943, 0.003), (-4.166345, -0.0647102, 0.003), (-4.166345, -0.0647102, 0.003), (-4.1763234, -0.06536943, 0.003), (-4.171803, -0.12188744, 0.003), (-4.1618443, -0.120978475, 0.003), (-4.1618443, -0.120978475, 0.003), (-4.171803, -0.12188744, 0.003), (-4.166107, -0.17750326, 0.003), (-4.1561713, -0.17637482, 0.003), (-4.1561713, -0.17637482, 0.003), (-4.166107, -0.17750326, 0.003), (-4.1590724, -0.2338133, 0.003), (-4.149168, -0.23243544, 0.003), (-4.149168, -0.23243544, 0.003), (-4.1590724, -0.2338133, 0.003), (-4.1504655, -0.2899365, 0.003), (-4.140599, -0.28830874, 0.003), (-4.140599, -0.28830874, 0.003), (-4.1504655, -0.2899365, 0.003), (-4.140728, -0.3451124, 0.003), (-4.1309004, -0.34326288, 0.003), (-4.1309004, -0.34326288, 0.003), (-4.140728, -0.3451124, 0.003), (-4.1295943, -0.40073377, 0.003), (-4.1198173, -0.39863437, 0.003), (-4.1198173, -0.39863437, 0.003), (-4.1295943, -0.40073377, 0.003), (-4.1168933, -0.45611423, 0.003), (-4.107173, -0.45376652, 0.003), (-4.107173, -0.45376652, 0.003), (-4.1168933, -0.45611423, 0.003), (-4.102911, -0.5112075, 0.003), (-4.093254, -0.508611, 0.003), (-4.093254, -0.508611, 0.003), (-4.102911, -0.5112075, 0.003), (-4.087102, -0.56682, 0.003), (-4.0775247, -0.5639438, 0.003), (-4.0775247, -0.5639438, 0.003), (-4.087102, -0.56682, 0.003), (-4.069575, -0.62217975, 0.003), (-4.0600886, -0.61901444, 0.003), (-4.0600886, -0.61901444, 0.003), (-4.069575, -0.62217975, 0.003), (-4.0502563, -0.6772242, 0.003), (-4.040873, -0.6737667, 0.003), (-4.040873, -0.6737667, 0.003), (-4.0502563, -0.6772242, 0.003), (-4.029076, -0.73203224, 0.003), (-4.019813, -0.728265, 0.003), (-4.019813, -0.728265, 0.003), (-4.029076, -0.73203224, 0.003), (-4.005301, -0.78761864, 0.003), (-3.9961915, -0.7834934, 0.003), (-3.9961915, -0.7834934, 0.003), (-4.005301, -0.78761864, 0.003), (-3.9788444, -0.8428642, 0.003), (-3.9699183, -0.83835614, 0.003), (-3.9699183, -0.83835614, 0.003), (-3.9788444, -0.8428642, 0.003), (-3.9498875, -0.89730555, 0.003), (-3.9411674, -0.892411, 0.003), (-3.9411674, -0.892411, 0.003), (-3.9498875, -0.89730555, 0.003), (-3.9185977, -0.9502204, 0.003), (-3.910096, -0.9449555, 0.003), (-3.910096, -0.9449555, 0.003), (-3.9185977, -0.9502204, 0.003), (-3.8858984, -1.0007328, 0.003), (-3.877604, -0.9951467, 0.003), (-3.877604, -0.9951467, 0.003), (-3.8858984, -1.0007328, 0.003), (-3.8520694, -1.0490772, 0.003), (-3.8439686, -1.0432138, 0.003), (-3.8439686, -1.0432138, 0.003), (-3.8520694, -1.0490772, 0.003), (-3.8168633, -1.0961274, 0.003), (-3.808959, -1.0900018, 0.003), (-3.808959, -1.0900018, 0.003), (-3.8168633, -1.0961274, 0.003), (-3.7801335, -1.1419016, 0.003), (-3.772434, -1.1355205, 0.003), (-3.772434, -1.1355205, 0.003), (-3.7801335, -1.1419016, 0.003), (-3.7424076, -1.1860021, 0.003), (-3.7349017, -1.1793945, 0.003), (-3.7349017, -1.1793945, 0.003), (-3.7424076, -1.1860021, 0.003), (-3.7035327, -1.2289181, 0.003), (-3.696226, -1.2220911, 0.003), (-3.696226, -1.2220911, 0.003), (-3.7035327, -1.2289181, 0.003), (-3.6632442, -1.27072, 0.003), (-3.6561482, -1.2636739, 0.003), (-3.6561482, -1.2636739, 0.003), (-3.6632442, -1.27072, 0.003), (-3.6219604, -1.3110852, 0.003), (-3.6150713, -1.3038367, 0.003), (-3.6150713, -1.3038367, 0.003), (-3.6219604, -1.3110852, 0.003), (-3.5796561, -1.3501703, 0.003), (-3.572975, -1.3427298, 0.003), (-3.572975, -1.3427298, 0.003), (-3.5796561, -1.3501703, 0.003), (-3.5362883, -1.3880163, 0.003), (-3.529821, -1.3803893, 0.003), (-3.529821, -1.3803893, 0.003), (-3.5362883, -1.3880163, 0.003), (-3.4917474, -1.4247077, 0.003), (-3.485504, -1.4168961, 0.003), (-3.485504, -1.4168961, 0.003), (-3.4917474, -1.4247077, 0.003), (-3.4460385, -1.4601456, 0.003), (-3.4400258, -1.4521552, 0.003), (-3.4400258, -1.4521552, 0.003), (-3.4460385, -1.4601456, 0.003), (-3.399526, -1.4941101, 0.003), (-3.393744, -1.4859512, 0.003), (-3.393744, -1.4859512, 0.003), (-3.399526, -1.4941101, 0.003), (-3.3516288, -1.5270374, 0.003), (-3.3460958, -1.5187076, 0.003), (-3.3460958, -1.5187076, 0.003), (-3.3516288, -1.5270374, 0.003), (-3.3027303, -1.5584055, 0.003), (-3.2974536, -1.549911, 0.003), (-3.2974536, -1.549911, 0.003), (-3.3027303, -1.5584055, 0.003), (-3.2534106, -1.5880686, 0.003), (-3.2483761, -1.5794283, 0.003), (-3.2483761, -1.5794283, 0.003), (-3.2534106, -1.5880686, 0.003), (-3.2026832, -1.6166754, 0.003), (-3.197918, -1.6078839, 0.003), (-3.197918, -1.6078839, 0.003), (-3.2026832, -1.6166754, 0.003), (-3.1506176, -1.6437702, 0.003), (-3.1461413, -1.634828, 0.003), (-3.1461413, -1.634828, 0.003), (-3.1506176, -1.6437702, 0.003), (-3.098051, -1.6690627, 0.003), (-3.0938568, -1.659985, 0.003), (-3.0938568, -1.659985, 0.003), (-3.098051, -1.6690627, 0.003), (-3.0440178, -1.6929985, 0.003), (-3.0401342, -1.6837834, 0.003), (-3.0401342, -1.6837834, 0.003), (-3.0440178, -1.6929985, 0.003), (-2.989126, -1.7149678, 0.003), (-2.985559, -1.7056257, 0.003), (-2.985559, -1.7056257, 0.003), (-2.989126, -1.7149678, 0.003), (-2.9339385, -1.7350407, 0.003), (-2.9306805, -1.7255863, 0.003), (-2.9306805, -1.7255863, 0.003), (-2.9339385, -1.7350407, 0.003), (-2.8759773, -1.7538749, 0.003), (-2.87311, -1.7442948, 0.003), (-2.7985666, -1.4952099, 0.003), (-2.8014336, -1.5047901, 0.003), (-2.7042336, -1.5287901, 0.003), (-2.7013664, -1.5192099, 0.003), (-2.6034057, -1.5345354, 0.003), (-2.6045942, -1.5444646, 0.003), (-2.5047944, -1.5530646, 0.003), (-2.5036056, -1.5431354, 0.003), (-2.404135, -1.5466005, 0.003), (-2.404265, -1.5565996, 0.003), (-2.304165, -1.5560995, 0.003), (-2.3040352, -1.5461004, 0.003), (-2.2042348, -1.5426055, 0.003), (-2.2037652, -1.5525945, 0.003), (-2.1037652, -1.5469944, 0.003), (-2.1042347, -1.5370055, 0.003), (-2.0045693, -1.5301137, 0.003), (-2.0038307, -1.5400864, 0.003), (-1.9039307, -1.5323863, 0.003), (-1.9046694, -1.5224136, 0.003), (-1.8048797, -1.5146145, 0.003), (-1.8041203, -1.5245856, 0.003), (-1.7043203, -1.5172856, 0.003), (-1.7050797, -1.5073144, 0.003), (-1.6049696, -1.5012072, 0.003), (-1.6044304, -1.5111927, 0.003), (-1.5044304, -1.5067928, 0.003), (-1.5049696, -1.4968072, 0.003), (-1.40463, -1.4950001, 0.003), (-1.4045701, -1.5049999, 0.003), (-1.3044701, -1.5049999, 0.003), (-1.3045299, -1.4950001, 0.003), (-1.2044, -1.495, 0.003), (-1.2044, -1.505, 0.003), (-1.1042, -1.505, 0.003), (-1.1042, -1.495, 0.003), (-1.0041, -1.495, 0.003), (-1.0041, -1.505, 0.003), (-0.904, -1.505, 0.003), (-0.904, -1.495, 0.003), (-0.8039, -1.495, 0.003), (-0.8039, -1.505, 0.003), (-0.7038, -1.505, 0.003), (-0.7038, -1.495, 0.003), (-0.6036, -1.495, 0.003), (-0.6036, -1.505, 0.003), (-0.5035, -1.505, 0.003), (-0.5035, -1.495, 0.003), (-0.4034, -1.495, 0.003), (-0.4034, -1.505, 0.003), (-0.3033, -1.505, 0.003), (-0.3033, -1.495, 0.003), (-0.2032, -1.495, 0.003), (-0.2032, -1.505, 0.003), (-0.103, -1.505, 0.003), (-0.103, -1.495, 0.003), (-0.0029, -1.495, 0.003), (-0.0029, -1.505, 0.003), (0.0972, -1.505, 0.003), (0.0972, -1.495, 0.003), (0.1973, -1.495, 0.003), (0.1973, -1.505, 0.003), (0.2974, -1.505, 0.003), (0.2974, -1.495, 0.003), (0.3976, -1.495, 0.003), (0.3976, -1.505, 0.003), (0.4977, -1.505, 0.003), (0.4977, -1.495, 0.003), (0.5978, -1.495, 0.003), (0.5978, -1.505, 0.003), (0.6979, -1.505, 0.003), (0.6979, -1.495, 0.003), (0.798, -1.495, 0.003), (0.798, -1.505, 0.003), (0.8982, -1.505, 0.003), (0.8982, -1.495, 0.003), (0.9983, -1.495, 0.003), (0.9983, -1.505, 0.003), (1.0984, -1.505, 0.003), (1.0984, -1.495, 0.003), (1.1985, -1.495, 0.003), (1.1985, -1.505, 0.003), (1.2987, -1.505, 0.003), (1.2987, -1.495, 0.003), (1.3988249, -1.495, 0.003), (1.398775, -1.505, 0.003), (1.498875, -1.5065999, 0.003), (1.498925, -1.4966, 0.003), (1.5991596, -1.5009067, 0.003), (1.5986403, -1.5108932, 0.003), (1.6985403, -1.5168933, 0.003), (1.6990596, -1.5069067, 0.003), (1.7990797, -1.5142144, 0.003), (1.7983203, -1.5241855, 0.003), (1.8981203, -1.5319855, 0.003), (1.8988796, -1.5220144, 0.003), (1.9986694, -1.5297136, 0.003), (1.9979306, -1.5396863, 0.003), (2.0978305, -1.5466863, 0.003), (2.0985694, -1.5367137, 0.003), (2.1984398, -1.5423057, 0.003), (2.1979604, -1.5522943, 0.003), (2.2979603, -1.5558943, 0.003), (2.2984397, -1.5459057, 0.003), (2.398245, -1.5467004, 0.003), (2.398355, -1.5566998, 0.003), (2.498455, -1.5534997, 0.003), (2.4983451, -1.5435003, 0.003), (2.597631, -1.5351325, 0.003), (2.5987692, -1.5450675, 0.003), (2.697669, -1.5300674, 0.003), (2.6965308, -1.5201325, 0.003), (2.792992, -1.4968023, 0.003), (2.7958078, -1.5063977, 0.003), (2.8906078, -1.4742976, 0.003), (2.887792, -1.4647022, 0.003), (2.9795232, -1.4263518, 0.003), (2.983677, -1.4354483, 0.003), (3.073277, -1.3909482, 0.003), (3.069123, -1.3818518, 0.003), (3.155271, -1.3321469, 0.003), (3.160529, -1.3406532, 0.003), (3.244129, -1.2854531, 0.003), (3.238871, -1.2769469, 0.003), (3.3185923, -1.217383, 0.003), (3.3248076, -1.225217, 0.003), (3.4014077, -1.160817, 0.003), (3.3951924, -1.1529831, 0.003), (3.4674594, -1.0845695, 0.003), (3.4745405, -1.0916306, 0.003), (3.5432405, -1.0188305, 0.003), (3.5361595, -1.0117694, 0.003), (3.599859, -0.93532306, 0.003), (3.607741, -0.94147694, 0.003), (3.6667411, -0.860577, 0.003), (3.6588588, -0.85442305, 0.003), (3.7116542, -0.7702274, 0.003), (3.7203457, -0.77517265, 0.003), (3.7657459, -0.68607265, 0.003), (3.757054, -0.68112737, 0.003), (3.7949178, -0.58924603, 0.003), (3.8042822, -0.59275395, 0.003), (3.8362823, -0.49795398, 0.003), (3.8269176, -0.49444604, 0.003), (3.8531432, -0.398412, 0.003), (3.8628569, -0.400788, 0.003), (3.8840568, -0.302988, 0.003), (3.8743432, -0.300612, 0.003), (3.8907492, -0.2023006, 0.003), (3.9006507, -0.20369941, 0.003), (3.912351, -0.10429941, 0.003), (3.9024491, -0.10290059, 0.003), (3.9092047, -0.0034851986, 0.003), (3.9191954, -0.0039148014, 0.003), (3.9208953, 0.0961852, 0.003), (3.9109046, 0.0966148, 0.003), (3.906814, 0.19602531, 0.003), (3.916786, 0.19677469, 0.003), (3.905586, 0.2961747, 0.003), (3.8956141, 0.2954253, 0.003), (3.8776135, 0.39324075, 0.003), (3.8873866, 0.39535925, 0.003), (3.8630865, 0.49245924, 0.003), (3.8533134, 0.49034077, 0.003), (3.8224123, 0.5848608, 0.003), (3.8317878, 0.58833915, 0.003), (3.7931879, 0.68063915, 0.003), (3.7838123, 0.6771608, 0.003), (3.7374015, 0.7647459, 0.003), (3.7459984, 0.76985407, 0.003), (3.6904984, 0.8532541, 0.003), (3.6819015, 0.8481459, 0.003), (3.6185465, 0.92408645, 0.003), (3.6258535, 0.93091357, 0.003), (3.5534534, 1.0001136, 0.003), (3.5461466, 0.99328643, 0.003), (3.4673069, 1.0529529, 0.003), (3.472893, 1.0612471, 0.003), (3.3869932, 1.1126472, 0.003), (3.381407, 1.1043528, 0.003), (3.292417, 1.1484545, 0.003), (3.296583, 1.1575454, 0.003), (3.204483, 1.1965455, 0.003), (3.2003171, 1.1874545, 0.003), (3.1066935, 1.2216651, 0.003), (3.1099067, 1.2311349, 0.003), (3.0144064, 1.2611349, 0.003), (3.0111935, 1.2516651, 0.003), (2.9149015, 1.2774458, 0.003), (2.9172986, 1.2871542, 0.003), (2.8196986, 1.3092542, 0.003), (2.8173015, 1.2995458, 0.003), (2.7191756, 1.3177685, 0.003), (2.7208245, 1.3276316, 0.003), (2.6218245, 1.3423315, 0.003), (2.6201756, 1.3324684, 0.003), (2.5210357, 1.3435216, 0.003), (2.5219643, 1.3534784, 0.003), (2.4221644, 1.3610784, 0.003), (2.4212356, 1.3511217, 0.003), (2.3215802, 1.3552015, 0.003), (2.3218198, 1.3651986, 0.003), (2.2216198, 1.3658986, 0.003), (2.2213802, 1.3559015, 0.003), (2.1217299, 1.3531053, 0.003), (2.1212702, 1.3630947, 0.003), (2.0213702, 1.3566947, 0.003), (2.0218298, 1.3467053, 0.003), (1.9228393, 1.335555, 0.003), (1.9213607, 1.345445, 0.003), (1.8229607, 1.327245, 0.003), (1.8244393, 1.3173549, 0.003), (1.7276831, 1.2937675, 0.003), (1.725117, 1.3034326, 0.003), (1.628817, 1.2758325, 0.003), (1.6313831, 1.2661674, 0.003), (1.5363871, 1.2357585, 0.003), (1.5332129, 1.2452414, 0.003), (1.4386128, 1.2124414, 0.003), (1.4417871, 1.2029586, 0.003), (1.3478376, 1.1688116, 0.003), (1.3443625, 1.1781883, 0.003), (1.2506624, 1.1429883, 0.003), (1.2541375, 1.1336116, 0.003), (1.1605879, 1.0979306, 0.003), (1.1570121, 1.1072694, 0.003), (1.0635121, 1.0714694, 0.003), (1.0670879, 1.0621306, 0.003), (0.9734523, 1.0267171, 0.003), (0.96994764, 1.0360829, 0.003), (0.87594765, 1.0014828, 0.003), (0.87945235, 0.9921171, 0.003), (0.78503793, 0.9585759, 0.003), (0.78176206, 0.9680241, 0.003), (0.68686205, 0.9361241, 0.003), (0.690138, 0.9266759, 0.003), (0.59432757, 0.89680815, 0.003), (0.59147245, 0.90639186, 0.003), (0.4951724, 0.87909186, 0.003), (0.4980276, 0.86950815, 0.003), (0.40051845, 0.8452267, 0.003), (0.39828154, 0.8549733, 0.003), (0.30028152, 0.8346733, 0.003), (0.30251846, 0.8249267, 0.003), (0.20315395, 0.80904293, 0.003), (0.20184605, 0.81895703, 0.003), (0.10234605, 0.80875707, 0.003), (0.10365395, 0.79884297, 0.003), (0.00290999, 0.79510003, 0.003), (0.00289001, 0.80509996, 0.003), (-0.09710999, 0.8084, 0.003), (-0.09709001, 0.7984, 0.003), (-0.19733922, 0.808341, 0.003), (-0.19606078, 0.818259, 0.003), (-0.29496077, 0.83375895, 0.003), (-0.29623923, 0.82384104, 0.003), (-0.3948042, 0.84402347, 0.003), (-0.39259577, 0.8537766, 0.003), (-0.48979577, 0.87767655, 0.003), (-0.49200422, 0.86792344, 0.003), (-0.588723, 0.8951068, 0.003), (-0.585877, 0.90469325, 0.003), (-0.681477, 0.9343932, 0.003), (-0.684323, 0.9248068, 0.003), (-0.77952904, 0.9566728, 0.003), (-0.776271, 0.96612716, 0.003), (-0.87057096, 0.99952716, 0.003), (-0.873829, 0.9900728, 0.003), (-0.96794796, 1.0247155, 0.003), (-0.964452, 1.0340846, 0.003), (-1.0581521, 1.0694845, 0.003), (-1.061648, 1.0601155, 0.003), (-1.1551878, 1.0958306, 0.003), (-1.1516122, 1.1051694, 0.003), (-1.2451122, 1.1408694, 0.003), (-1.2486879, 1.1315305, 0.003), (-1.3423419, 1.1668133, 0.003), (-1.338858, 1.1761868, 0.003), (-1.432958, 1.2104868, 0.003), (-1.4364419, 1.2011132, 0.003), (-1.5308931, 1.2338606, 0.003), (-1.5277069, 1.2433394, 0.003), (-1.6230069, 1.2740394, 0.003), (-1.6261932, 1.2645606, 0.003), (-1.7219982, 1.2922715, 0.003), (-1.7194017, 1.3019285, 0.003), (-1.8167018, 1.3258286, 0.003), (-1.8192983, 1.3161715, 0.003), (-1.9170644, 1.3346587, 0.003), (-1.9155356, 1.3445412, 0.003), (-2.0149355, 1.3562412, 0.003), (-2.0164645, 1.3463588, 0.003), (-2.1158397, 1.3528057, 0.003), (-2.1153603, 1.3627943, 0.003), (-2.2154603, 1.3657943, 0.003), (-2.2159398, 1.3558058, 0.003), (-2.315695, 1.3554012, 0.003), (-2.3159049, 1.3653989, 0.003), (-2.416005, 1.361499, 0.003), (-2.415795, 1.3515011, 0.003), (-2.5152407, 1.3440212, 0.003), (-2.5161595, 1.3539789, 0.003), (-2.6156595, 1.3430789, 0.003), (-2.6147406, 1.3331212, 0.003), (-2.713491, 1.3186659, 0.003), (-2.715109, 1.3285341, 0.003), (-2.813509, 1.3104341, 0.003), (-2.811891, 1.3005658, 0.003), (-2.9092166, 1.2788421, 0.003), (-2.9115832, 1.288558, 0.003), (-3.0083833, 1.2628579, 0.003), (-3.0060167, 1.253142, 0.003), (-3.1012068, 1.2235606, 0.003), (-3.104393, 1.2330394, 0.003), (-3.198493, 1.1989394, 0.003), (-3.1953068, 1.1894606, 0.003), (-3.2871332, 1.1508472, 0.003), (-3.2912667, 1.1599529, 0.003), (-3.3811667, 1.1158528, 0.003), (-3.3770332, 1.1067472, 0.003), (-3.4624276, 1.056239, 0.003), (-3.4679723, 1.064561, 0.003), (-3.5480723, 1.0045611, 0.003), (-3.5425277, 0.996239, 0.003), (-3.6144683, 0.9282632, 0.003), (-3.6217315, 0.9351368, 0.003), (-3.6863315, 0.85873675, 0.003), (-3.6790683, 0.8518632, 0.003), (-3.7344153, 0.76982313, 0.003), (-3.7429848, 0.7749769, 0.003), (-3.7902849, 0.6867769, 0.003), (-3.7817152, 0.6816231, 0.003), (-3.8204193, 0.5902417, 0.003), (-3.8297806, 0.59375834, 0.003), (-3.8612807, 0.49875835, 0.003), (-3.8519194, 0.49524164, 0.003), (-3.8763165, 0.39892647, 0.003), (-3.8860834, 0.40107355, 0.003), (-3.9045835, 0.30267355, 0.003), (-3.8948166, 0.30052644, 0.003), (-3.9063156, 0.20180544, 0.003), (-3.9162843, 0.20259456, 0.003), (-3.9207845, 0.102594554, 0.003), (-3.9108155, 0.10180544, 0.003), (-3.9095037, 0.002294852, 0.003), (-3.9194963, 0.0019051482, 0.003), (-3.9128962, -0.09799485, 0.003), (-3.9029038, -0.09760515, 0.003), (-3.8916476, -0.19661108, 0.003), (-3.9015522, -0.19798893, 0.003), (-3.8852522, -0.29678893, 0.003), (-3.8753476, -0.29541108, 0.003), (-3.8544397, -0.39272615, 0.003), (-3.8641603, -0.39507386, 0.003), (-3.8381603, -0.49177384, 0.003), (-3.8284397, -0.48942614, 0.003), (-3.7969084, -0.58387125, 0.003), (-3.8062916, -0.58732873, 0.003), (-3.7685916, -0.68002874, 0.003), (-3.7592084, -0.67657125, 0.003), (-3.7144399, -0.76515275, 0.003), (-3.72316, -0.77004725, 0.003), (-3.6704602, -0.8551473, 0.003), (-3.6617398, -0.85025275, 0.003), (-3.603448, -0.9307372, 0.003), (-3.6113522, -0.93686277, 0.003), (-3.5474522, -1.0139627, 0.003), (-3.539548, -1.0078372, 0.003), (-3.471652, -1.080477, 0.003), (-3.478748, -1.087523, 0.003), (-3.406148, -1.156523, 0.003), (-3.399052, -1.149477, 0.003), (-3.3231783, -1.2137942, 0.003), (-3.3294218, -1.2216058, 0.003), (-3.2494216, -1.2818058, 0.003), (-3.2431784, -1.2739942, 0.003), (-3.1602616, -1.3290527, 0.003), (-3.1655383, -1.3375473, 0.003), (-3.0790384, -1.3879473, 0.003), (-3.0737617, -1.3794527, 0.003), (-2.9848027, -1.423961, 0.003), (-2.9889972, -1.433039, 0.003), (-2.8966973, -1.471939, 0.003), (-2.8925028, -1.4628611, 0.003), (-2.7985666, -1.4952099, 0.003), (-2.8014336, -1.5047901, 0.003), (-2.8014336, -1.5047901, 0.003), (-2.7985666, -1.4952099, 0.003)]
    }
}

