episode,step,x,y,yaw,ey,epsi,s,speed,raw_steer,safe_steer,steer_correction,interventions,emergency,joint_envelope_violated,oscillation_persistent,cv_ok,cv_state_available,cv_perception_invalid,cv_ey,cv_epsi,cv_confidence,cv_curvature,cv_lane_width,cv_n_lines,cv_reason
0,1,-2.830416,-1.616841,-0.263004,0.001875,0.042171,19.992133,0.036720,-0.015596,-0.015596,0.000000,,0,0,0,1,1,0,0.016047,-0.208305,0.6667,0.1941,0.2516,2,ok
0,2,-2.822158,-1.618997,-0.264544,0.001888,-0.000147,0.009997,0.100271,-0.021935,-0.021935,0.000000,,0,0,0,1,1,0,0.016202,-0.209947,0.6667,0.1998,0.2510,2,ok
0,3,-2.806537,-1.623195,-0.265404,0.001929,-0.001007,0.026172,0.163950,-0.011300,-0.011300,0.000000,,0,0,0,1,1,0,0.015610,-0.213251,0.6458,0.1848,0.2516,2,ok
0,4,-2.788230,-1.627638,-0.244179,0.002438,0.020218,0.045004,0.199003,0.396126,0.396126,0.000000,C-06,0,0,0,1,1,0,0.009330,-0.223260,0.6250,0.3314,0.2583,2,ok
0,5,-2.764859,-1.632957,-0.214060,0.002661,0.007616,0.069098,0.200342,0.412509,0.412509,0.000000,,0,0,0,1,1,0,0.009624,-0.222780,0.6458,0.3230,0.2595,2,ok
0,6,-2.745285,-1.637390,-0.200362,0.002549,0.021314,0.089167,0.200922,0.206540,0.206540,0.000000,C-06,0,0,0,1,1,0,0.007867,-0.202336,0.6667,0.3902,0.2600,2,ok
0,7,-2.725663,-1.641815,-0.188596,0.002455,0.033080,0.108761,0.201261,0.187421,0.187421,0.000000,,0,0,0,1,1,0,0.009566,-0.189176,0.7292,0.3392,0.2602,2,ok
0,8,-2.702086,-1.646359,-0.188550,0.002076,-0.009414,0.133391,0.199996,-0.012842,-0.012842,0.000000,C-06,0,0,0,1,1,0,0.010322,-0.185549,0.7500,0.2838,0.2638,2,ok
0,9,-2.682442,-1.650106,-0.188787,0.001819,-0.009651,0.153388,0.199994,0.154254,0.154254,0.000000,C-06,0,0,0,1,1,0,0.008767,-0.183092,0.7500,0.2593,0.2641,2,ok
0,10,-2.658798,-1.654623,-0.152207,0.000960,-0.011854,0.177506,0.201183,0.518808,0.518808,0.000000,C-06,0,0,0,1,1,0,0.005468,-0.190687,0.7292,0.2345,0.2638,2,ok
0,11,-2.638985,-1.658386,-0.121066,-0.000079,0.019287,0.197646,0.202030,0.478344,0.478344,0.000000,,0,0,0,1,1,0,0.006568,-0.171438,0.7500,0.2038,0.2634,2,ok
0,12,-2.619121,-1.661067,-0.114260,-0.000038,0.026094,0.217690,0.200307,0.068774,0.068774,0.000000,C-06,0,0,0,1,1,0,0.007805,-0.147404,0.7083,0.1927,0.2626,2,ok
0,13,-2.599247,-1.663545,-0.110032,-0.000467,-0.003657,0.237712,0.200277,0.064016,0.064016,0.000000,,0,0,0,1,1,0,0.005062,-0.139750,0.6875,0.2662,0.2630,2,ok
0,14,-2.575409,-1.666193,-0.123868,-0.000682,-0.017492,0.261696,0.199692,-0.195634,-0.195634,0.000000,C-06,0,0,0,1,1,0,0.006180,-0.142857,0.6667,0.1875,0.2638,2,ok
0,15,-2.555562,-1.668631,-0.122434,-0.001376,-0.046627,0.281650,0.200017,0.041482,0.041482,0.000000,C-06,0,0,0,1,1,0,0.004713,-0.153883,0.6458,0.1518,0.2649,2,ok
0,16,-2.535700,-1.671090,-0.111763,-0.002416,-0.035957,0.301637,0.200254,0.174471,0.174471,0.000000,,0,0,0,1,1,0,0.003075,-0.165477,0.7083,0.1125,0.2645,2,ok
0,17,-2.515804,-1.673549,-0.090917,-0.003455,-0.015111,0.321657,0.200665,0.330795,0.330795,0.000000,C-06,0,0,0,1,1,0,-0.001672,-0.160091,0.7083,0.1851,0.2658,2,ok
0,18,-2.491879,-1.676501,-0.066578,-0.005173,-0.017243,0.345613,0.201052,0.300562,0.300562,0.000000,,0,0,0,1,1,0,-0.000755,-0.157246,0.7292,0.1463,0.2665,2,ok
0,19,-2.467925,-1.678499,-0.057638,-0.006038,-0.008303,0.369635,0.200263,0.097457,0.097457,0.000000,C-06,0,0,0,1,1,0,-0.001123,-0.120063,0.7500,0.1423,0.2688,2,ok
0,20,-2.447954,-1.679993,-0.050612,-0.006851,-0.024307,0.389490,0.200255,0.103349,0.103349,0.000000,,0,0,0,1,1,0,-0.002157,-0.113835,0.7083,0.1419,0.2677,2,ok
0,21,-2.427973,-1.681414,-0.033316,-0.007817,-0.007011,0.409499,0.200387,0.262862,0.262862,0.000000,C-06,0,0,0,1,1,0,-0.001046,-0.115777,0.7500,0.0744,0.2653,2,ok
0,22,-2.407978,-1.682836,-0.012963,-0.008783,0.013342,0.429520,0.200485,0.293622,0.293622,0.000000,,0,0,0,1,1,0,-0.000963,-0.102883,0.7083,0.0535,0.2628,2,ok
0,23,-2.383979,-1.684226,0.009625,-0.010042,0.015905,0.453358,0.200216,0.265252,0.265252,0.000000,,0,0,0,1,1,0,-0.000808,-0.088507,0.7292,0.0585,0.2628,2,ok
0,24,-2.363980,-1.684122,0.011644,-0.009862,0.017924,0.473357,0.199996,0.009838,0.009838,0.000000,C-06,0,0,0,1,1,0,-0.000447,-0.061283,0.6667,0.0551,0.2655,2,ok
0,25,-2.343982,-1.683929,0.017006,-0.009756,0.005691,0.493187,0.199981,0.082116,0.082116,0.000000,,0,0,0,1,1,0,-0.001307,-0.054196,0.6458,0.0535,0.2700,2,ok
0,26,-2.323986,-1.683737,0.021634,-0.009833,0.010319,0.513184,0.199964,0.064858,0.064858,0.000000,,0,0,0,1,1,0,-0.000475,-0.053014,0.7083,0.0118,0.2692,2,ok
0,27,-2.299993,-1.683471,0.027066,-0.009890,0.015751,0.535804,0.199946,0.065024,0.065024,0.000000,,0,0,0,1,1,0,-0.000771,-0.053735,0.7083,0.0238,0.2696,2,ok
0,28,-2.276005,-1.683139,0.036002,-0.010273,0.009555,0.561012,0.199892,0.109431,0.109431,0.000000,,0,0,0,1,1,0,-0.000634,-0.052530,0.7292,0.0021,0.2675,2,ok
0,29,-2.256021,-1.682803,0.043822,-0.010516,0.017375,0.580998,0.199853,0.113841,0.113841,0.000000,,0,0,0,1,1,0,-0.000954,-0.050405,0.7500,-0.0069,0.2701,2,ok
0,30,-2.232049,-1.682199,0.053361,-0.010810,0.014375,0.604850,0.199808,0.116148,0.116148,0.000000,,0,0,0,1,1,0,-0.001944,-0.041053,0.7083,0.0271,0.2706,2,ok
0,31,-2.208087,-1.681140,0.058151,-0.010727,0.019166,0.628836,0.199885,0.054950,0.054950,0.000000,,0,0,0,1,1,0,-0.000230,-0.029602,0.7292,-0.0362,0.2686,2,ok
0,32,-2.184125,-1.679765,0.053856,-0.010495,0.004144,0.652708,0.200042,-0.058814,-0.058814,0.000000,,0,0,0,1,1,0,0.000865,-0.026929,0.7083,-0.0762,0.2672,2,ok
0,33,-2.160157,-1.678378,0.049201,-0.010377,-0.000511,0.676716,0.200090,-0.056614,-0.056614,0.000000,,0,0,0,1,1,0,-0.001024,-0.027206,0.6458,-0.0758,0.2673,2,ok
0,34,-2.136190,-1.677191,0.057643,-0.010522,-0.000512,0.700648,0.199912,0.115131,0.115131,0.000000,C-06,0,0,0,1,1,0,-0.001881,-0.026106,0.6875,-0.1018,0.2718,2,ok
0,35,-2.116227,-1.676213,0.062798,-0.010720,0.004642,0.720635,0.199849,0.072412,0.072412,0.000000,,0,0,0,1,1,0,0.000708,-0.026593,0.7083,-0.1545,0.2652,2,ok
0,36,-2.092273,-1.674717,0.060856,-0.010664,-0.004594,0.744548,0.200026,-0.029126,-0.029126,0.000000,,0,0,0,1,1,0,-0.000222,-0.019340,0.7500,-0.1311,0.2691,2,ok
0,37,-2.068321,-1.673253,0.066700,-0.010809,0.001250,0.768544,0.199930,0.079162,0.079162,0.000000,,0,0,0,1,1,0,-0.001490,-0.011053,0.7708,-0.1419,0.2698,2,ok
0,38,-2.044380,-1.671793,0.072682,-0.010957,0.007232,0.791942,0.199847,0.073467,0.073467,0.000000,,0,0,0,1,1,0,-0.000452,-0.010254,0.7917,-0.1725,0.2706,2,ok
0,39,-2.024435,-1.670522,0.076535,-0.011109,0.006095,0.812469,0.199845,0.056003,0.056003,0.000000,,0,0,0,1,1,0,0.001018,0.004077,0.7708,-0.2236,0.2690,2,ok
0,40,-2.000505,-1.668719,0.075928,-0.011013,0.005488,0.836467,0.199997,-0.011508,-0.011508,0.000000,,0,0,0,1,1,0,0.001175,0.009365,0.7292,-0.2374,0.2684,2,ok
0,41,-1.976561,-1.666902,0.058753,-0.011012,-0.015512,0.860413,0.200218,-0.227950,-0.227950,0.000000,C-06,0,0,0,1,1,0,0.001757,0.008946,0.7292,-0.2537,0.2692,2,ok
0,42,-1.952588,-1.665085,0.033683,-0.011050,-0.040582,0.884455,0.200451,-0.310649,-0.310649,0.000000,,0,0,0,1,1,0,0.000345,0.011738,0.7292,-0.2481,0.2669,2,ok
0,43,-1.932600,-1.664359,0.038402,-0.011875,-0.038107,0.904432,0.199965,0.101587,0.101587,0.000000,C-06,0,0,0,1,1,0,-0.002812,-0.025553,0.6875,-0.2903,0.2612,2,ok
0,44,-1.908623,-1.663565,0.048958,-0.012947,-0.027551,0.928398,0.199875,0.129861,0.129861,0.000000,,0,0,0,1,1,0,-0.005498,-0.020476,0.7292,-0.2665,0.2619,2,ok
0,45,-1.884658,-1.662762,0.058345,-0.014012,-0.018451,0.952351,0.199789,0.113628,0.113628,0.000000,,0,0,0,1,1,0,-0.005866,-0.009918,0.7917,-0.2670,0.2617,2,ok
0,46,-1.860702,-1.661581,0.063089,-0.014701,-0.013706,0.976326,0.199876,0.054704,0.054704,0.000000,,0,0,0,1,1,0,-0.007669,0.007045,0.7917,-0.2297,0.2610,2,ok
0,47,-1.836756,-1.660321,0.071509,-0.015313,-0.004420,1.000292,0.199770,0.107409,0.107409,0.000000,,0,0,0,1,1,0,-0.007259,0.013180,0.7500,-0.2580,0.2592,2,ok
0,48,-1.816812,-1.659215,0.078272,-0.015771,0.002343,1.020262,0.199735,0.100013,0.100013,0.000000,,0,0,0,1,1,0,-0.010150,0.023885,0.7708,-0.1655,0.2647,2,ok
0,49,-1.792885,-1.657365,0.076969,-0.015798,0.001041,1.043178,0.200017,-0.022464,-0.022464,0.000000,,0,0,0,1,1,0,-0.010797,0.045870,0.7292,-0.1443,0.2656,2,ok
0,50,-1.768941,-1.655492,0.057071,-0.015660,-0.015874,1.068368,0.200272,-0.266489,-0.266489,0.000000,C-06,0,0,0,1,1,0,-0.010954,0.055860,0.7292,-0.1253,0.2653,2,ok
0,51,-1.744964,-1.653619,0.028674,-0.015531,-0.044271,1.092417,0.200518,-0.348152,-0.348152,0.000000,,0,0,0,1,1,0,-0.013586,0.051918,0.7292,-0.0851,0.2667,2,ok
0,52,-1.720974,-1.652888,0.030025,-0.016549,-0.039120,1.116392,0.199985,0.040936,0.040936,0.000000,C-06,0,0,0,1,1,0,-0.017082,0.023609,0.7292,-0.0577,0.2683,2,ok
0,53,-1.700983,-1.652343,0.031463,-0.017462,-0.037682,1.136370,0.199977,0.018988,0.018988,0.000000,,0,0,0,1,1,0,-0.018049,0.026929,0.7500,-0.0327,0.2667,2,ok
0,54,-1.676997,-1.651680,0.037670,-0.018366,-0.025640,1.160524,0.199937,0.078533,0.078533,0.000000,,0,0,0,1,1,0,-0.016839,0.027969,0.7917,-0.0468,0.2663,2,ok
0,55,-1.653017,-1.651014,0.043819,-0.019209,-0.019491,1.184498,0.199892,0.074113,0.074113,0.000000,,0,0,0,1,1,0,-0.015855,0.033654,0.7917,-0.0400,0.2672,2,ok
0,56,-1.633040,-1.650431,0.051258,-0.019833,-0.005380,1.204551,0.199827,0.111576,0.111576,0.000000,,0,0,0,1,1,0,-0.014568,0.040267,0.7500,-0.0240,0.2685,2,ok
0,57,-1.609075,-1.649471,0.057076,-0.020287,0.000439,1.228531,0.199863,0.068492,0.068492,0.000000,,0,0,0,1,1,0,-0.012382,0.046962,0.7708,-0.0522,0.2662,2,ok
0,58,-1.585108,-1.648116,0.045792,-0.020230,-0.000813,1.252736,0.200114,-0.155990,-0.155990,0.000000,C-06,0,0,0,1,1,0,-0.011322,0.053179,0.7500,-0.0364,0.2675,2,ok
0,59,-1.561120,-1.646738,0.012019,-0.020033,-0.034586,1.276762,0.200310,-0.433693,-0.433693,0.000000,C-06,0,0,0,1,1,0,-0.010498,0.044019,0.6875,-0.0455,0.2675,2,ok
0,60,-1.537121,-1.646287,0.006831,-0.020650,-0.029657,1.300960,0.200017,-0.036858,-0.036858,0.000000,C-06,0,0,0,1,1,0,-0.011652,0.017942,0.6667,-0.0575,0.2656,2,ok
0,61,-1.517122,-1.646109,0.013528,-0.021256,-0.022960,1.320950,0.199990,0.110877,0.110877,0.000000,,0,0,0,1,1,0,-0.013375,0.005391,0.7500,-0.0485,0.2656,2,ok
0,62,-1.493126,-1.645909,0.021836,-0.021880,-0.002853,1.345298,0.199961,0.098120,0.098120,0.000000,,0,0,0,1,1,0,-0.013740,0.007522,0.7708,-0.0295,0.2666,2,ok
0,63,-1.469133,-1.645668,0.028079,-0.022184,0.003390,1.369290,0.199939,0.073295,0.073295,0.000000,,0,0,0,1,1,0,-0.011892,0.018223,0.7708,-0.0333,0.2674,2,ok
0,64,-1.445145,-1.645325,0.035391,-0.022315,0.020531,1.393511,0.199906,0.088863,0.088863,0.000000,,0,0,0,1,1,0,-0.010957,0.022930,0.7500,-0.0309,0.2672,2,ok
0,65,-1.421162,-1.644680,0.039760,-0.021966,0.024899,1.417501,0.199929,0.050491,0.050491,0.000000,,0,0,0,1,1,0,-0.009135,0.032740,0.7708,-0.0441,0.2665,2,ok
0,66,-1.397179,-1.643751,0.034477,-0.021251,0.027464,1.441756,0.200032,-0.069580,-0.069580,0.000000,,0,0,0,1,1,0,-0.007788,0.035550,0.7500,-0.0526,0.2667,2,ok
0,67,-1.373186,-1.642812,0.004471,-0.020312,-0.002543,1.465750,0.200149,-0.389816,-0.389816,0.000000,C-06,0,0,0,1,1,0,-0.007619,0.034788,0.7500,-0.0466,0.2666,2,ok
0,68,-1.349186,-1.642465,-0.002296,-0.019965,-0.004765,1.489750,0.200011,-0.059563,-0.059563,0.000000,C-06,0,0,0,1,1,0,-0.009620,0.007115,0.7083,-0.0462,0.2660,2,ok
0,69,-1.329186,-1.642485,0.001735,-0.019985,-0.000734,1.509750,0.200000,0.068291,0.068291,0.000000,,0,0,0,1,1,0,-0.009620,0.007115,0.7083,-0.0462,0.2660,2,ok
0,70,-1.305186,-1.642534,0.007368,-0.020034,0.004899,1.533750,0.199995,0.066375,0.066375,0.000000,,0,0,0,1,1,0,-0.010247,-0.005069,0.7500,-0.0530,0.2655,2,ok
0,71,-1.281188,-1.642582,0.016532,-0.020082,0.016532,1.557748,0.199974,0.111514,0.111514,0.000000,,0,0,0,1,1,0,-0.010057,0.003750,0.7917,-0.0339,0.2662,2,ok
0,72,-1.257192,-1.642325,0.019713,-0.019825,0.019713,1.581744,0.199978,0.032639,0.032639,0.000000,,0,0,0,1,1,0,-0.008847,0.010775,0.7917,-0.0423,0.2664,2,ok
0,73,-1.233198,-1.642011,0.026128,-0.019511,0.026128,1.605738,0.199950,0.080002,0.080002,0.000000,,0,0,0,1,1,0,-0.008665,0.016603,0.7708,-0.0304,0.2674,2,ok
0,74,-1.213205,-1.641608,0.028689,-0.019108,0.028689,1.625730,0.199965,0.033596,0.033596,0.000000,,0,0,0,1,1,0,-0.007196,0.022017,0.7292,-0.0372,0.2670,2,ok
0,75,-1.189211,-1.640947,0.012136,-0.018447,0.012136,1.649724,0.200061,-0.219183,-0.219183,0.000000,C-06,0,0,0,1,1,0,-0.006347,0.026903,0.7500,-0.0434,0.2672,2,ok
0,76,-1.165212,-1.640277,-0.015493,-0.017777,-0.015493,1.673723,0.200058,-0.334951,-0.334951,0.000000,,0,0,0,1,1,0,-0.007206,0.015434,0.7083,-0.0377,0.2672,2,ok
0,77,-1.141215,-1.640618,-0.014671,-0.018118,-0.014671,1.697720,0.200007,0.032936,0.032936,0.000000,C-06,0,0,0,1,1,0,-0.008699,-0.002931,0.7083,-0.0457,0.2656,2,ok
0,78,-1.117216,-1.641028,-0.001399,-0.018528,-0.001399,1.721719,0.200029,0.166933,0.166933,0.000000,,0,0,0,1,1,0,-0.010243,-0.017749,0.7083,-0.0513,0.2663,2,ok
0,79,-1.097216,-1.641369,0.008128,-0.018869,0.008128,1.741719,0.200023,0.132106,0.132106,0.000000,,0,0,0,1,1,0,-0.009785,-0.009821,0.7708,-0.0445,0.2671,2,ok
0,80,-1.073218,-1.641437,0.013773,-0.018937,0.013773,1.765718,0.199982,0.062897,0.062897,0.000000,,0,0,0,1,1,0,-0.008403,-0.000758,0.7917,-0.0538,0.2674,2,ok
0,81,-1.049221,-1.641279,0.017420,-0.018779,0.017420,1.789715,0.199977,0.042171,0.042171,0.000000,,0,0,0,1,1,0,-0.007904,0.009592,0.7500,-0.0413,0.2673,2,ok
0,82,-1.029225,-1.641102,0.021367,-0.018602,0.021367,1.809711,0.199964,0.057579,0.057579,0.000000,,0,0,0,1,1,0,-0.007642,0.014545,0.7708,-0.0359,0.2669,2,ok
0,83,-1.005231,-1.640715,0.024030,-0.018215,0.024030,1.833705,0.199974,0.029984,0.029984,0.000000,,0,0,0,1,1,0,-0.006537,0.018847,0.7292,-0.0476,0.2673,2,ok
0,84,-0.981234,-1.640169,0.004663,-0.017669,0.004663,1.857701,0.200050,-0.256280,-0.256280,0.000000,C-06,0,0,0,1,1,0,-0.005785,0.020702,0.7500,-0.0435,0.2665,2,ok
0,85,-0.957235,-1.639616,-0.015180,-0.017116,-0.015180,1.881701,0.200033,-0.233217,-0.233217,0.000000,,0,0,0,1,1,0,-0.006812,0.006076,0.6875,-0.0517,0.2655,2,ok
0,86,-0.933237,-1.639928,-0.007655,-0.017428,-0.007655,1.905699,0.200018,0.116197,0.116197,0.000000,C-06,0,0,0,1,1,0,-0.007694,-0.011064,0.6875,-0.0627,0.2649,2,ok
0,87,-0.913237,-1.640241,-0.000158,-0.017741,-0.000158,1.925699,0.200025,0.105417,0.105417,0.000000,,0,0,0,1,1,0,-0.008981,-0.012392,0.7500,-0.0415,0.2678,2,ok
0,88,-0.889237,-1.640612,0.008931,-0.018112,0.008931,1.949698,0.200013,0.107436,0.107436,0.000000,,0,0,0,1,1,0,-0.009060,-0.006758,0.7708,-0.0367,0.2661,2,ok
0,89,-0.865239,-1.640758,0.016472,-0.018258,0.016472,1.973696,0.199975,0.088416,0.088416,0.000000,,0,0,0,1,1,0,-0.007619,0.003061,0.7917,-0.0452,0.2676,2,ok
0,90,-0.841244,-1.640669,0.022919,-0.018169,0.022919,1.997692,0.199953,0.076194,0.076194,0.000000,,0,0,0,1,1,0,-0.007445,0.009692,0.7500,-0.0356,0.2670,2,ok
0,91,-0.817251,-1.640240,0.025521,-0.017740,0.025521,2.021684,0.199974,0.028350,0.028350,0.000000,,0,0,0,1,1,0,-0.005757,0.017524,0.7708,-0.0505,0.2658,2,ok
0,92,-0.797256,-1.639771,0.019249,-0.017271,0.019249,2.041679,0.200018,-0.102242,-0.102242,0.000000,,0,0,0,1,1,0,-0.005309,0.023222,0.7292,-0.0457,0.2677,2,ok
0,93,-0.773258,-1.639200,-0.011323,-0.016700,-0.011323,2.065678,0.200047,-0.391964,-0.391964,0.000000,C-06,0,0,0,1,1,0,-0.005052,0.018903,0.7500,-0.0457,0.2657,2,ok
0,94,-0.749263,-1.638735,-0.028860,-0.016235,-0.028860,2.089672,0.199936,-0.195654,-0.195654,0.000000,C-06,0,0,0,1,1,0,-0.006633,0.004084,0.7292,-0.0446,0.2670,2,ok
0,95,-0.729270,-1.639241,-0.021252,-0.016741,-0.021252,2.109666,0.200029,0.133728,0.133728,0.000000,C-06,0,0,0,1,1,0,-0.010034,-0.023852,0.7083,-0.0390,0.2676,2,ok
0,96,-0.705272,-1.639904,-0.005682,-0.017404,-0.005682,2.133663,0.200072,0.188860,0.188860,0.000000,,0,0,0,1,1,0,-0.010078,-0.027801,0.7500,-0.0443,0.2670,2,ok
0,97,-0.681272,-1.640412,0.002581,-0.017912,0.002581,2.157663,0.200030,0.092590,0.092590,0.000000,,0,0,0,1,1,0,-0.008963,-0.009714,0.7917,-0.0363,0.2668,2,ok
0,98,-0.657273,-1.640506,0.005911,-0.018006,0.005911,2.181663,0.199997,0.035504,0.035504,0.000000,,0,0,0,1,1,0,-0.007852,-0.002166,0.8125,-0.0493,0.2670,2,ok
0,99,-0.633273,-1.640536,0.009943,-0.018036,0.009943,2.205662,0.199991,0.048586,0.048586,0.000000,,0,0,0,1,1,0,-0.007972,0.002260,0.7708,-0.0450,0.2670,2,ok
0,100,-0.613275,-1.640508,0.013361,-0.018008,0.013361,2.225661,0.199984,0.048673,0.048673,0.000000,,0,0,0,1,1,0,-0.007479,0.008754,0.7292,-0.0400,0.2670,2,ok
0,101,-0.589276,-1.640222,0.009517,-0.017722,0.009517,2.249659,0.200006,-0.051993,-0.051993,0.000000,,0,0,0,1,1,0,-0.007088,0.008459,0.7292,-0.0405,0.2667,2,ok
0,102,-0.565277,-1.639924,-0.002207,-0.017424,-0.002207,2.273659,0.200015,-0.144650,-0.144650,0.000000,,0,0,0,1,1,0,-0.007058,0.010481,0.7083,-0.0401,0.2676,2,ok
0,103,-0.541277,-1.639970,0.005795,-0.017470,0.005795,2.297659,0.199998,0.111557,0.111557,0.000000,C-06,0,0,0,1,1,0,-0.008452,-0.002041,0.6875,-0.0340,0.2676,2,ok
0,104,-0.517278,-1.639920,0.008268,-0.017420,0.008268,2.321658,0.199994,0.023373,0.023373,0.000000,,0,0,0,1,1,0,-0.007215,0.003134,0.7500,-0.0484,0.2664,2,ok
0,105,-0.497278,-1.639806,0.003180,-0.017306,0.003180,2.341658,0.200002,-0.079452,-0.079452,0.000000,,0,0,0,1,1,0,-0.007045,0.005450,0.7708,-0.0393,0.2677,2,ok
0,106,-0.473278,-1.639733,0.007537,-0.017233,0.007537,2.365657,0.199995,0.057912,0.057912,0.000000,,0,0,0,1,1,0,-0.007397,0.003803,0.7917,-0.0387,0.2673,2,ok
0,107,-0.449279,-1.639664,0.012686,-0.017164,0.012686,2.389656,0.199985,0.061220,0.061220,0.000000,,0,0,0,1,1,0,-0.007579,0.005127,0.7500,-0.0194,0.2677,2,ok
0,108,-0.429282,-1.639605,0.017424,-0.017105,0.017424,2.409654,0.199971,0.068099,0.068099,0.000000,,0,0,0,1,1,0,-0.006303,0.009854,0.7708,-0.0439,0.2668,2,ok
0,109,-0.405286,-1.639271,0.019230,-0.016771,0.019230,2.433650,0.199987,0.018636,0.018636,0.000000,,0,0,0,1,1,0,-0.005668,0.014212,0.7292,-0.0445,0.2654,2,ok
0,110,-0.381288,-1.638856,-0.000567,-0.016356,-0.000567,2.457648,0.200030,-0.260352,-0.260352,0.000000,C-06,0,0,0,1,1,0,-0.005493,0.015573,0.7292,-0.0341,0.2676,2,ok
0,111,-0.357289,-1.638439,-0.017515,-0.015939,-0.017515,2.481647,0.200002,-0.198110,-0.198110,0.000000,,0,0,0,1,1,0,-0.006746,0.004000,0.7083,-0.0370,0.2674,2,ok
0,112,-0.333292,-1.638777,-0.010149,-0.016277,-0.010149,2.505644,0.200016,0.111103,0.111103,0.000000,C-06,0,0,0,1,1,0,-0.008300,-0.012190,0.6875,-0.0336,0.2668,2,ok
0,113,-0.313292,-1.639104,-0.003471,-0.016604,-0.003471,2.525643,0.200025,0.093344,0.093344,0.000000,,0,0,0,1,1,0,-0.007690,-0.016293,0.7500,-0.0522,0.2669,2,ok
0,114,-0.289292,-1.639490,0.003801,-0.016990,0.003801,2.549643,0.200020,0.085358,0.085358,0.000000,,0,0,0,1,1,0,-0.007589,-0.008012,0.7917,-0.0471,0.2661,2,ok
0,115,-0.265293,-1.639718,0.010462,-0.017218,0.010462,2.573643,0.199994,0.078562,0.078562,0.000000,,0,0,0,1,1,0,-0.007903,-0.000092,0.7708,-0.0233,0.2672,2,ok
0,116,-0.241295,-1.639804,0.017582,-0.017304,0.017582,2.597640,0.199970,0.085038,0.085038,0.000000,,0,0,0,1,1,0,-0.006623,0.006661,0.7500,-0.0410,0.2663,2,ok
0,117,-0.217300,-1.639593,0.022033,-0.017093,0.022033,2.621636,0.199965,0.051420,0.051420,0.000000,,0,0,0,1,1,0,-0.005988,0.014420,0.7708,-0.0425,0.2658,2,ok
0,118,-0.197304,-1.639178,0.019051,-0.016678,0.019051,2.641631,0.200008,-0.048249,-0.048249,0.000000,,0,0,0,1,1,0,-0.005464,0.018391,0.7500,-0.0419,0.2674,2,ok
0,119,-0.173306,-1.638669,-0.007230,-0.016169,-0.007230,2.665630,0.200041,-0.338829,-0.338829,0.000000,C-06,0,0,0,1,1,0,-0.004860,0.016627,0.7500,-0.0428,0.2679,2,ok
0,120,-0.149307,-1.638749,-0.010794,-0.016249,-0.010794,2.689629,0.199992,-0.023008,-0.023008,0.000000,C-06,0,0,0,1,1,0,-0.006853,-0.005380,0.6875,-0.0457,0.2660,2,ok
0,121,-0.129307,-1.638917,-0.002328,-0.016417,-0.002328,2.709628,0.200006,0.134270,0.134270,0.000000,C-06,0,0,0,1,1,0,-0.008038,-0.012444,0.6875,-0.0431,0.2657,2,ok
0,122,-0.105307,-1.639122,0.002689,-0.016622,0.002689,2.733628,0.200007,0.053734,0.053734,0.000000,,0,0,0,1,1,0,-0.008162,-0.006783,0.7292,-0.0279,0.2679,2,ok
0,123,-0.081308,-1.639276,0.007237,-0.016776,0.007237,2.757628,0.199997,0.053722,0.053722,0.000000,,0,0,0,1,1,0,-0.007016,-0.001791,0.7917,-0.0420,0.2675,2,ok
0,124,-0.057309,-1.639293,0.011231,-0.016793,0.011231,2.781627,0.199988,0.046840,0.046840,0.000000,,0,0,0,1,1,0,-0.006855,0.005050,0.7917,-0.0350,0.2673,2,ok
0,125,-0.033311,-1.639255,0.018280,-0.016755,0.018280,2.805624,0.199968,0.085851,0.085851,0.000000,,0,0,0,1,1,0,-0.005966,0.007729,0.7708,-0.0458,0.2669,2,ok
0,126,-0.013315,-1.638964,0.019863,-0.016464,0.019863,2.825620,0.199987,0.017889,0.017889,0.000000,,0,0,0,1,1,0,-0.005066,0.016386,0.7500,-0.0465,0.2659,2,ok
0,127,0.010683,-1.638537,0.002655,-0.016037,0.002655,2.849618,0.200031,-0.227801,-0.227801,0.000000,C-06,0,0,0,1,1,0,-0.004519,0.015592,0.7500,-0.0448,0.2674,2,ok
0,128,0.034679,-1.638107,-0.031017,-0.015607,-0.031017,2.873615,0.199945,-0.417263,-0.417263,0.000000,C-06,0,0,0,1,1,0,-0.004575,0.012816,0.7500,-0.0461,0.2678,2,ok
0,129,0.058669,-1.638772,-0.024475,-0.016272,-0.024475,2.897605,0.200036,0.120234,0.120234,0.000000,C-06,0,0,0,1,1,0,-0.009770,-0.030876,0.6667,-0.0446,0.2663,2,ok
0,130,0.082664,-1.639524,-0.014743,-0.017024,-0.014743,2.921600,0.200075,0.115793,0.115793,0.000000,,0,0,0,1,1,0,-0.010065,-0.029677,0.7083,-0.0398,0.2662,2,ok
0,131,0.102663,-1.640151,-0.003743,-0.017651,-0.003743,2.941599,0.200096,0.159101,0.159101,0.000000,,0,0,0,1,1,0,-0.009339,-0.023037,0.7708,-0.0500,0.2657,2,ok
0,132,0.126663,-1.640471,0.001444,-0.017971,0.001444,2.965599,0.200009,0.052073,0.052073,0.000000,,0,0,0,1,1,0,-0.009297,-0.012139,0.7917,-0.0336,0.2691,2,ok
0,133,0.150663,-1.640608,0.005036,-0.018108,0.005036,2.989599,0.199999,0.041680,0.041680,0.000000,,0,0,0,1,1,0,-0.008738,-0.000830,0.7708,-0.0290,0.2686,2,ok
0,134,0.170663,-1.640661,0.008125,-0.018161,0.008125,3.009598,0.199994,0.043986,0.043986,0.000000,,0,0,0,1,1,0,-0.007763,0.000731,0.7708,-0.0532,0.2661,2,ok
0,135,0.194661,-1.640667,0.012496,-0.018167,0.012496,3.033597,0.199985,0.052375,0.052375,0.000000,,0,0,0,1,1,0,-0.007395,0.003798,0.7292,-0.0530,0.2677,2,ok
0,136,0.218660,-1.640401,0.010164,-0.017901,0.010164,3.057595,0.200003,-0.033631,-0.033631,0.000000,,0,0,0,1,1,0,-0.007281,0.011122,0.7500,-0.0431,0.2674,2,ok
0,137,0.238659,-1.640165,0.001819,-0.017665,0.001819,3.077595,0.200013,-0.126879,-0.126879,0.000000,,0,0,0,1,1,0,-0.006953,0.007935,0.7083,-0.0490,0.2670,2,ok
0,138,0.262659,-1.640121,0.010073,-0.017621,0.010073,3.101594,0.199991,0.116191,0.116191,0.000000,C-06,0,0,0,1,1,0,-0.007955,0.002627,0.6875,-0.0335,0.2669,2,ok
0,139,0.286658,-1.639887,0.010726,-0.017387,0.010726,3.125593,0.199999,0.002026,0.002026,0.000000,,0,0,0,1,1,0,-0.007396,0.005178,0.7500,-0.0406,0.2669,2,ok
0,140,0.306657,-1.639680,0.004043,-0.017180,0.004043,3.145592,0.200009,-0.104894,-0.104894,0.000000,,0,0,0,1,1,0,-0.006855,0.009413,0.7708,-0.0387,0.2689,2,ok
0,141,0.326657,-1.639600,0.006723,-0.017100,0.006723,3.165592,0.199997,0.047827,0.047827,0.000000,C-06,0,0,0,1,1,0,-0.007367,0.003655,0.7708,-0.0358,0.2673,2,ok
0,142,0.350656,-1.639514,0.010427,-0.017014,0.010427,3.186435,0.199991,0.043613,0.043613,0.000000,,0,0,0,1,1,0,-0.006781,0.001761,0.7500,-0.0411,0.2662,2,ok
0,143,0.370654,-1.639442,0.014803,-0.016942,0.014803,3.209590,0.199980,0.063318,0.063318,0.000000,,0,0,0,1,1,0,-0.006826,0.007071,0.7500,-0.0303,0.2675,2,ok
0,144,0.394651,-1.639166,0.016580,-0.016666,0.016580,3.233587,0.199989,0.018128,0.018128,0.000000,,0,0,0,1,1,0,-0.005845,0.012837,0.7292,-0.0447,0.2668,2,ok
0,145,0.418650,-1.638821,-0.000339,-0.016321,-0.000339,3.257585,0.200021,-0.223420,-0.223420,0.000000,C-06,0,0,0,1,1,0,-0.004726,0.013817,0.7500,-0.0512,0.2660,2,ok
0,146,0.438649,-1.638531,-0.014498,-0.016031,-0.014498,3.277585,0.200002,-0.199027,-0.199027,0.000000,,0,0,0,1,1,0,-0.006189,-0.000192,0.7083,-0.0504,0.2667,2,ok
0,147,0.462648,-1.638798,-0.006399,-0.016298,-0.006399,3.301583,0.200011,0.117561,0.117561,0.000000,C-06,0,0,0,1,1,0,-0.007790,-0.012893,0.6667,-0.0465,0.2659,2,ok
0,148,0.486647,-1.639103,0.002648,-0.016603,0.002648,3.325583,0.200016,0.105899,0.105899,0.000000,,0,0,0,1,1,0,-0.008565,-0.011770,0.7500,-0.0302,0.2672,2,ok
0,149,0.506647,-1.639111,0.004171,-0.016611,0.004171,3.345583,0.199998,0.014184,0.014184,0.000000,,0,0,0,1,1,0,-0.007533,0.000393,0.7917,-0.0260,0.2670,2,ok
0,150,0.526647,-1.639087,0.006804,-0.016587,0.006804,3.365582,0.199996,0.038553,0.038553,0.000000,,0,0,0,1,1,0,-0.007033,0.001677,0.7708,-0.0331,0.2674,2,ok
0,151,0.550646,-1.639058,0.013025,-0.016558,0.013025,3.386635,0.199984,0.075966,0.075966,0.000000,,0,0,0,1,1,0,-0.006225,0.002790,0.7500,-0.0439,0.2666,2,ok
0,152,0.570644,-1.638970,0.016636,-0.016470,0.016636,3.409579,0.199977,0.049692,0.049692,0.000000,,0,0,0,1,1,0,-0.006490,0.008822,0.7500,-0.0202,0.2682,2,ok
0,153,0.594640,-1.638691,0.019184,-0.016191,0.019184,3.433575,0.199981,0.028981,0.028981,0.000000,,0,0,0,1,1,0,-0.005835,0.011286,0.7500,-0.0282,0.2676,2,ok
0,154,0.618638,-1.638269,0.001280,-0.015769,0.001280,3.457573,0.200031,-0.235668,-0.235668,0.000000,C-06,0,0,0,1,1,0,-0.004618,0.015889,0.7500,-0.0382,0.2673,2,ok
0,155,0.638637,-1.637913,-0.019407,-0.015413,-0.019407,3.477572,0.199998,-0.298820,-0.298820,0.000000,,0,0,0,1,1,0,-0.005606,0.004963,0.7083,-0.0431,0.2677,2,ok
0,156,0.662632,-1.638353,-0.018869,-0.015853,-0.018869,3.501567,0.200007,0.026668,0.026668,0.000000,C-06,0,0,0,1,1,0,-0.006917,-0.004986,0.7083,-0.0364,0.2667,2,ok
0,157,0.686630,-1.638851,-0.005640,-0.016351,-0.005640,3.525565,0.200039,0.166234,0.166234,0.000000,,0,0,0,1,1,0,-0.008445,-0.023013,0.7500,-0.0490,0.2663,2,ok
0,158,0.706630,-1.639264,0.001788,-0.016764,0.001788,3.545565,0.200039,0.100467,0.100467,0.000000,,0,0,0,1,1,0,-0.008173,-0.009689,0.7917,-0.0325,0.2672,2,ok
0,159,0.726630,-1.639389,0.005048,-0.016889,0.005048,3.565565,0.199999,0.042066,0.042066,0.000000,,0,0,0,1,1,0,-0.006473,-0.004193,0.7708,-0.0593,0.2653,2,ok
0,160,0.750629,-1.639462,0.009279,-0.016962,0.009279,3.586935,0.199992,0.050541,0.050541,0.000000,,0,0,0,1,1,0,-0.007144,0.003154,0.7500,-0.0384,0.2675,2,ok
0,161,0.770628,-1.639478,0.013560,-0.016978,0.013560,3.609563,0.199982,0.061847,0.061847,0.000000,,0,0,0,1,1,0,-0.006292,0.005730,0.7708,-0.0466,0.2665,2,ok
0,162,0.794625,-1.639281,0.016291,-0.016781,0.016291,3.633560,0.199984,0.030374,0.030374,0.000000,,0,0,0,1,1,0,-0.006132,0.008429,0.7083,-0.0406,0.2659,2,ok
0,163,0.818624,-1.638933,0.001306,-0.016433,0.001306,3.657559,0.200021,-0.194197,-0.194197,0.000000,C-06,0,0,0,1,1,0,-0.005386,0.012083,0.7083,-0.0395,0.2668,2,ok
0,164,0.838623,-1.638638,-0.013368,-0.016138,-0.013368,3.677558,0.200006,-0.209326,-0.209326,0.000000,,0,0,0,1,1,0,-0.006851,0.004650,0.6667,-0.0316,0.2667,2,ok
0,165,0.862622,-1.638885,-0.005272,-0.016385,-0.005272,3.701557,0.200011,0.118205,0.118205,0.000000,C-06,0,0,0,1,1,0,-0.008257,-0.011672,0.6458,-0.0275,0.2659,2,ok
0,166,0.886622,-1.639171,0.002097,-0.016671,0.002097,3.725557,0.200014,0.085217,0.085217,0.000000,,0,0,0,1,1,0,-0.007615,-0.013502,0.7083,-0.0519,0.2661,2,ok
0,167,0.906621,-1.639159,0.002872,-0.016659,0.002872,3.745557,0.199999,0.005361,0.005361,0.000000,,0,0,0,1,1,0,-0.006783,-0.005868,0.7500,-0.0598,0.2644,2,ok
0,168,0.926621,-1.639124,0.007344,-0.016624,0.007344,3.765557,0.199995,0.068170,0.068170,0.000000,,0,0,0,1,1,0,-0.007519,-0.000448,0.7292,-0.0242,0.2648,2,ok
0,169,0.950620,-1.639081,0.014549,-0.016581,0.014549,3.787135,0.199980,0.086520,0.086520,0.000000,,0,0,0,1,1,0,-0.006240,0.002790,0.7083,-0.0532,0.2648,2,ok
0,170,0.970617,-1.639026,0.019487,-0.016526,0.019487,3.809552,0.199965,0.069717,0.069717,0.000000,,0,0,0,1,1,0,-0.003326,0.010594,0.7500,-0.1171,0.2703,2,ok
0,171,0.994612,-1.638576,0.018845,-0.016076,0.018845,3.833548,0.200003,-0.013290,-0.013290,0.000000,,0,0,0,1,1,0,-0.002880,0.013386,0.7292,-0.1200,0.2706,2,ok
0,172,1.018611,-1.638104,-0.005014,-0.015604,-0.005014,3.857546,0.200037,-0.311211,-0.311211,0.000000,C-06,0,0,0,1,1,0,-0.001721,0.016531,0.7083,-0.1459,0.2711,2,ok
0,173,1.038609,-1.637710,-0.020987,-0.015210,-0.020987,3.877544,0.199998,-0.222251,-0.222251,0.000000,,0,0,0,1,1,0,-0.002826,-0.000832,0.6458,-0.1784,0.2710,2,ok
0,174,1.062605,-1.638161,-0.011699,-0.015661,-0.011699,3.901541,0.200029,0.132546,0.132546,0.000000,C-06,0,0,0,1,1,0,-0.004283,-0.019482,0.6250,-0.2079,0.2699,2,ok
0,175,1.086605,-1.638662,-0.001318,-0.016162,-0.001318,3.925540,0.200043,0.122215,0.122215,0.000000,,0,0,0,1,1,0,-0.004583,-0.015916,0.7083,-0.2223,0.2674,2,ok
0,176,1.106605,-1.638885,0.002837,-0.016385,0.002837,3.945540,0.200007,0.053963,0.053963,0.000000,,0,0,0,1,1,0,-0.003423,-0.004612,0.7292,-0.2559,0.2649,2,ok
0,177,1.126604,-1.639051,0.008713,-0.016551,0.008713,3.965540,0.200000,0.085908,0.085908,0.000000,,0,0,0,1,1,0,-0.004347,0.007383,0.7292,-0.2469,0.2647,2,ok
0,178,1.150603,-1.639138,0.014945,-0.016638,0.014945,3.987435,0.199979,0.073095,0.073095,0.000000,,0,0,0,1,1,0,-0.003126,0.018691,0.7083,-0.3010,0.2634,2,ok
0,179,1.170600,-1.638901,0.016228,-0.016401,0.016228,4.009536,0.199991,0.014179,0.014179,0.000000,,0,0,0,1,1,0,-0.005289,0.028441,0.7292,-0.2372,0.2653,2,ok
0,180,1.194597,-1.638581,0.014472,-0.016081,0.014472,4.033533,0.199997,-0.023471,-0.023471,0.000000,,0,0,0,1,1,0,-0.005980,0.040043,0.7083,-0.2223,0.2660,2,ok
0,181,1.218596,-1.638260,-0.009497,-0.015760,-0.009497,4.057532,0.200011,-0.313505,-0.313505,0.000000,C-06,0,0,0,1,1,0,-0.008572,0.045998,0.7292,-0.1523,0.2656,2,ok
0,182,1.238592,-1.637994,-0.031095,-0.015494,-0.031095,4.077527,0.199928,-0.308974,-0.308974,0.000000,,0,0,0,1,1,0,-0.011036,0.037442,0.6667,-0.1527,0.2633,2,ok
0,183,1.262581,-1.638696,-0.028497,-0.016196,-0.028497,4.101516,0.200021,0.054465,0.054465,0.000000,C-06,0,0,0,1,1,0,-0.014816,0.021392,0.6250,-0.1220,0.2696,2,ok
0,184,1.286572,-1.639462,-0.026441,-0.016962,-0.026441,4.125507,0.200028,0.023096,0.023096,0.000000,,0,0,0,1,1,0,-0.015290,0.018381,0.6875,-0.1087,0.2707,2,ok
0,185,1.306566,-1.640084,-0.022316,-0.017584,-0.020259,4.145501,0.200046,0.062492,0.062492,0.000000,,0,0,0,1,1,0,-0.014718,0.029082,0.7500,-0.1279,0.2659,2,ok
0,186,1.326562,-1.640706,-0.017526,-0.018206,-0.015469,4.165497,0.200065,0.068971,0.068971,0.000000,,0,0,0,1,1,0,-0.014743,0.032012,0.7500,-0.1109,0.2651,2,ok
0,187,1.350559,-1.641451,-0.009435,-0.018951,-0.007377,4.187635,0.200083,0.098067,0.098067,0.000000,,0,0,0,1,1,0,-0.015317,0.042820,0.7083,-0.0901,0.2651,2,ok
0,188,1.370559,-1.641914,-0.003908,-0.019414,0.002281,4.209494,0.200040,0.076703,0.076703,0.000000,,0,0,0,1,1,0,-0.015317,0.042820,0.7083,-0.0901,0.2651,2,ok
0,189,1.394559,-1.642024,-0.004544,-0.019524,0.001645,4.233494,0.199999,-0.013638,-0.013638,0.000000,,0,0,0,1,1,0,-0.014299,0.058652,0.7083,-0.0406,0.2678,2,ok
0,190,1.418557,-1.642107,-0.014634,-0.019397,-0.000598,4.257694,0.199981,-0.126573,-0.126573,0.000000,,0,0,0,1,1,0,-0.014194,0.066086,0.7083,-0.0014,0.2675,2,ok
0,191,1.438551,-1.642177,-0.037727,-0.019261,-0.023691,4.277686,0.199869,-0.358675,-0.358675,0.000000,C-06,0,0,0,1,1,0,-0.015376,0.061813,0.6875,0.0378,0.2673,2,ok
0,192,1.462536,-1.643029,-0.028848,-0.019700,-0.005411,4.301884,0.200058,0.146588,0.146588,0.000000,C-06,0,0,0,1,1,0,-0.016326,0.046519,0.6458,0.0434,0.2661,2,ok
0,193,1.486531,-1.643941,-0.007752,-0.020116,0.015685,4.325893,0.200137,0.259373,0.259373,0.000000,,0,0,0,1,1,0,-0.016801,0.039834,0.6458,0.0333,0.2656,2,ok
0,194,1.506531,-1.644564,0.002503,-0.020104,0.037333,4.346277,0.200071,0.135081,0.135081,0.000000,,0,0,0,1,1,0,-0.011712,0.064663,0.7500,0.0492,0.2678,3,ok
0,195,1.526528,-1.645075,0.028149,-0.019830,0.062979,4.366279,0.199994,0.394521,0.394521,0.000000,C-06,0,0,0,1,1,0,-0.008585,0.076860,0.7292,0.0295,0.2651,2,ok
0,196,1.550515,-1.644813,0.038036,-0.018568,0.083470,4.390381,0.199887,0.101050,0.101050,0.000000,C-06,0,0,0,1,1,0,-0.006583,0.081556,0.7500,0.0320,0.2632,2,ok
0,197,1.570504,-1.644118,0.025698,-0.016934,0.071132,4.410316,0.200060,-0.208125,-0.208125,0.000000,C-06,0,0,0,1,1,0,0.000927,0.107571,0.7083,-0.0288,0.2638,2,ok
0,198,1.594501,-1.643253,-0.010798,-0.014943,0.034636,4.431540,0.200122,-0.447916,-0.447916,0.000000,C-06,0,0,0,1,1,0,0.000776,0.104905,0.7083,0.0258,0.2662,2,ok
0,199,1.618489,-1.642388,-0.049953,-0.012685,0.005898,4.458294,0.199898,-0.471844,-0.471844,0.000000,,0,0,0,1,1,0,-0.003032,0.064558,0.6875,0.1078,0.2709,2,ok
0,200,1.638459,-1.643007,-0.058328,-0.012166,-0.002477,4.478267,0.199818,-0.093815,-0.093815,0.000000,C-06,0,0,0,1,1,0,-0.004717,0.032931,0.6667,0.0870,0.2673,2,ok
0,201,1.662440,-1.644349,0.009176,-0.012004,0.071700,4.502363,0.200321,1.000000,1.000000,0.000000,C-06,0,0,0,1,1,0,-0.004267,0.017860,0.6458,0.0825,0.2670,2,ok
0,202,1.686417,-1.645717,0.070947,-0.011852,0.133472,4.526378,0.199860,0.734236,0.734236,0.000000,C-06,0,0,0,1,1,0,-0.006734,0.014997,0.6875,0.1447,0.2687,2,ok
0,203,1.706365,-1.644503,0.067985,-0.009223,0.136771,4.546297,0.200074,-0.132122,-0.132122,0.000000,C-06,0,0,0,1,1,0,0.004180,0.109564,0.7708,0.1896,0.2672,3,ok
0,204,1.726318,-1.643142,0.070235,-0.006415,0.139021,4.566098,0.199966,0.048349,0.048349,0.000000,C-06,0,0,0,1,1,0,0.011480,0.140153,0.7500,0.2062,0.2676,3,ok
0,205,1.750259,-1.641457,0.069631,-0.002995,0.142624,4.589853,0.200011,-0.011000,-0.011000,0.000000,,0,0,0,1,1,0,0.014852,0.142892,0.7292,0.2068,0.2629,2,ok
0,206,1.770210,-1.640049,0.070277,-0.000144,0.143270,4.609649,0.200003,0.011116,0.011116,0.000000,,0,0,0,1,1,0,0.018859,0.137026,0.6875,0.2230,0.2668,3,ok
0,207,1.794145,-1.638359,0.077417,0.003303,0.153316,4.633380,0.199903,0.092302,0.092302,0.000000,,0,0,0,1,1,0,0.023022,0.133587,0.6875,0.2108,0.2681,3,ok
0,208,1.818091,-1.636503,0.052886,0.007027,0.128785,4.657107,0.200312,-0.345304,-0.345304,0.000000,C-06,0,0,0,1,1,0,0.028494,0.135547,0.6458,0.2303,0.2695,3,ok
0,209,1.838079,-1.634946,0.000988,0.010143,0.076887,4.676912,0.200603,-0.820498,-0.820498,0.000000,C-06,0,0,0,1,1,0,0.029145,0.114515,0.6042,0.2481,0.2677,3,ok
0,210,1.862079,-1.634811,-0.004860,0.012148,0.071966,4.700832,0.199998,-0.020092,-0.020092,0.000000,C-06,0,0,0,1,1,0,0.026857,0.067252,0.5833,0.2557,0.2690,2,ok
0,211,1.886078,-1.634866,0.012424,0.013963,0.089250,4.724763,0.199987,0.221308,0.221308,0.000000,C-06,0,0,0,1,1,0,0.026769,0.042832,0.6667,0.2532,0.2658,2,ok
0,212,1.906072,-1.634914,0.035546,0.015471,0.112113,4.744702,0.199883,0.342331,0.342331,0.000000,,0,0,0,1,1,0,0.031716,0.046061,0.7083,0.2588,0.2695,2,ok
0,213,1.926060,-1.634249,0.031357,0.017688,0.107925,4.764578,0.200030,-0.095460,-0.095460,0.000000,C-06,0,0,0,1,1,0,0.036519,0.062748,0.6667,0.2445,0.2682,3,ok
0,214,1.950054,-1.633380,0.012984,0.020416,0.087281,4.788440,0.200112,-0.229399,-0.229399,0.000000,,0,0,0,1,1,0,0.038760,0.062407,0.6667,0.2384,0.2672,2,ok
0,215,1.970053,-1.632656,-0.007371,0.022683,0.066927,4.808324,0.200127,-0.293464,-0.293464,0.000000,,0,0,0,1,1,0,0.038760,0.062407,0.6667,0.2384,0.2672,2,ok
0,216,1.994051,-1.632384,-0.017510,0.024810,0.056787,4.829387,0.199974,-0.109320,-0.109320,0.000000,C-06,0,0,0,1,1,0,0.037222,0.019072,0.6250,0.3178,0.2667,3,ok
0,217,2.018047,-1.632753,-0.018694,0.026134,0.052146,4.856341,0.199994,-0.008191,-0.008191,0.000000,,0,0,0,1,1,0,0.033780,0.000779,0.6667,0.4188,0.2682,3,ok
0,218,2.038044,-1.633093,-0.015626,0.027219,0.055215,4.876311,0.200004,0.048066,0.048066,0.000000,,0,0,0,1,1,0,0.034191,-0.006562,0.6458,0.4343,0.2669,2,ok
0,219,2.062043,-1.633502,0.008507,0.028433,0.074378,4.900402,0.200024,0.309246,0.309246,0.000000,C-06,0,0,0,1,1,0,0.033520,-0.017557,0.5833,0.5037,0.2711,3,ok
0,220,2.086039,-1.633907,0.025720,0.029634,0.091591,4.924372,0.199962,0.195462,0.195462,0.000000,,0,0,0,1,1,0,0.033520,-0.017557,0.5833,0.5037,0.2711,3,ok
0,221,2.106035,-1.633473,0.015104,0.031319,0.074037,4.944489,0.200037,-0.191330,-0.191330,0.000000,C-06,0,0,0,1,1,0,0.042163,0.003943,0.6875,0.5152,0.2633,3,ok
0,222,2.126033,-1.632995,0.010414,0.033010,0.069347,4.964422,0.200039,-0.055828,-0.055828,0.000000,,0,0,0,1,1,0,0.043283,-0.006551,0.6667,0.5251,0.2694,3,ok
0,223,2.150031,-1.632718,0.017232,0.034691,0.067716,4.988626,0.199983,0.091014,0.091014,0.000000,,0,0,0,1,1,0,0.044798,-0.019747,0.6667,0.5223,0.2656,3,ok
0,224,2.170028,-1.632374,0.015859,0.036093,0.066344,5.008577,0.200006,-0.028233,-0.028233,0.000000,,0,0,0,1,1,0,0.044422,-0.023806,0.6458,0.5755,0.2717,3,ok
0,225,2.194026,-1.631950,0.007401,0.037788,0.057885,5.032519,0.200025,-0.105419,-0.105419,0.000000,,0,0,0,1,1,0,0.046985,-0.034828,0.6250,0.5760,0.2679,3,ok
0,226,2.218026,-1.631526,-0.000264,0.039237,0.040296,5.056869,0.200031,-0.089512,-0.089512,0.000000,,0,0,0,1,1,0,0.046467,-0.056702,0.6458,0.6327,0.2684,3,ok
0,227,2.238026,-1.631174,-0.008450,0.040442,0.032110,5.076835,0.200022,-0.117949,-0.117949,0.000000,,0,0,0,1,1,0,0.048332,-0.079046,0.6458,0.6304,0.2682,2,ok
0,228,2.262025,-1.631349,-0.000088,0.041064,0.027948,5.101382,0.200008,0.114653,0.114653,0.000000,C-06,0,0,0,1,1,0,0.043866,-0.108027,0.6042,0.7404,0.2703,2,ok
0,229,2.286025,-1.631475,0.002885,0.041635,0.030921,5.125375,0.200001,0.031563,0.031563,0.000000,,0,0,0,1,1,0,0.044459,-0.113394,0.6250,0.7394,0.2712,2,ok
0,230,2.306025,-1.631480,0.004166,0.042098,0.017429,5.145861,0.199998,0.017128,0.017128,0.000000,,0,0,0,1,1,0,0.046989,-0.121435,0.7083,0.7521,0.2639,2,ok
0,231,2.326025,-1.631468,0.008497,0.042457,0.021760,5.165857,0.199993,0.064987,0.064987,0.000000,,0,0,0,1,1,0,0.044794,-0.122640,0.7083,0.8225,0.2639,2,ok
0,232,2.350024,-1.631338,0.010266,0.043002,0.023529,5.187872,0.199994,0.018222,0.018222,0.000000,,0,0,0,1,1,0,0.045352,-0.132863,0.7083,0.8365,0.2645,2,ok
0,233,2.370023,-1.631182,-0.003429,0.043074,-0.007379,5.210678,0.200006,-0.221617,-0.221617,0.000000,C-06,0,0,0,1,1,0,0.045133,-0.139401,0.6875,0.8608,0.2632,2,ok
0,234,2.394021,-1.630992,-0.021999,0.043219,-0.025948,5.234676,0.199961,-0.220402,-0.220402,0.000000,,0,0,0,1,1,0,0.047994,-0.156028,0.7292,0.7860,0.2629,2,ok
0,235,2.418014,-1.631431,-0.024646,0.042375,-0.047895,5.259475,0.199983,-0.018025,-0.018025,0.000000,C-06,0,0,0,1,1,0,0.044708,-0.217710,0.7083,0.7864,0.2605,2,ok
0,236,2.438011,-1.631889,-0.008264,0.041500,-0.031514,5.279457,0.200044,0.265678,0.265678,0.000000,C-06,0,0,0,1,1,0,0.041324,-0.237704,0.6667,0.8488,0.2584,2,ok
0,237,2.462006,-1.632442,0.040940,0.040199,-0.005895,5.304343,0.199904,0.624139,0.624139,0.000000,C-06,0,0,0,1,1,0,0.044220,-0.254272,0.6667,0.7685,0.2590,2,ok
0,238,2.485966,-1.632787,0.072029,0.038815,0.025194,5.328265,0.199501,0.363905,0.363905,0.000000,C-06,0,0,0,1,1,0,0.045234,-0.235362,0.7083,0.7758,0.2597,2,ok
0,239,2.505903,-1.631996,0.085686,0.038675,0.013498,5.349150,0.199511,0.190509,0.190509,0.000000,C-06,0,0,0,1,1,0,0.049151,-0.208178,0.7292,0.7290,0.2624,2,ok
0,240,2.525812,-1.631003,0.105614,0.038325,0.033425,5.369080,0.199157,0.310194,0.310194,0.000000,,0,0,0,1,1,0,0.050497,-0.203728,0.7292,0.6851,0.2635,2,ok
0,241,2.549658,-1.629129,0.120513,0.038587,0.048325,5.392998,0.199317,0.179807,0.179807,0.000000,,0,0,0,1,1,0,0.050069,-0.200495,0.7292,0.6962,0.2636,2,ok
0,242,2.569505,-1.626981,0.126137,0.038921,0.023485,5.414244,0.199659,0.078953,0.078953,0.000000,,0,0,0,1,1,0,0.051057,-0.196162,0.7500,0.6688,0.2643,2,ok
0,243,2.593308,-1.624135,0.130101,0.039361,0.027449,5.438212,0.199776,0.049327,0.049327,0.000000,,0,0,0,1,1,0,0.063218,-0.214934,0.6875,0.2605,0.2435,2,ok
0,244,2.617103,-1.621102,0.131955,0.039720,-0.004117,5.463310,0.199896,0.022217,0.022217,0.000000,,0,0,0,1,1,0,0.049247,-0.227055,0.7083,0.6219,0.2601,2,ok
0,245,2.636955,-1.618480,0.106689,0.039772,-0.029383,5.483335,0.200556,-0.441802,-0.441802,0.000000,C-06,0,0,0,1,1,0,0.045891,-0.237716,0.6875,0.6842,0.2605,2,ok
0,246,2.660822,-1.615912,0.106659,0.039256,-0.029413,5.507334,0.199977,0.029039,0.029039,0.000000,C-06,0,0,0,1,1,0,0.042376,-0.267734,0.6458,0.6639,0.2580,2,ok
0,247,2.684676,-1.613386,0.114467,0.037611,-0.060831,5.533014,0.199812,0.104456,0.104456,0.000000,,0,0,0,1,1,0,0.038201,-0.298016,0.6875,0.6675,0.2585,2,ok
0,248,2.704525,-1.611280,0.132360,0.036264,-0.042938,5.552929,0.199393,0.292240,0.292240,0.000000,C-06,0,0,0,1,1,0,0.034023,-0.302010,0.7292,0.6745,0.2522,2,ok
0,249,2.724301,-1.609175,0.169373,0.034534,-0.047405,5.574066,0.198331,0.619136,0.619136,0.000000,C-06,0,0,0,1,1,0,0.032518,-0.299431,0.7500,0.6842,0.2552,2,ok
0,250,2.747886,-1.606391,0.201842,0.032329,-0.014936,5.597712,0.197740,0.418543,0.418543,0.000000,C-06,0,0,0,1,1,0,0.030941,-0.268704,0.7500,0.6895,0.2571,2,ok
0,251,2.767426,-1.603463,0.227671,0.031111,0.010893,5.617433,0.197482,0.419727,0.419727,0.000000,,0,0,0,1,1,0,0.033439,-0.250616,0.7708,0.5988,0.2570,2,ok
0,252,2.790733,-1.599051,0.253940,0.029301,-0.005887,5.642738,0.197623,0.357148,0.357148,0.000000,,0,0,0,1,1,0,0.032010,-0.243165,0.7292,0.6288,0.2593,2,ok
0,253,2.813900,-1.593760,0.274010,0.028373,0.014184,5.666484,0.198036,0.275095,0.275095,0.000000,,0,0,0,1,1,0,0.032560,-0.229580,0.7292,0.5814,0.2618,2,ok
0,254,2.833136,-1.588563,0.279850,0.027816,-0.021238,5.687656,0.199373,0.082779,0.082779,0.000000,C-06,0,0,0,1,1,0,0.031129,-0.223909,0.7292,0.5901,0.2625,2,ok
0,255,2.856167,-1.582204,0.290767,0.026895,-0.010322,5.711531,0.198827,0.160083,0.160083,0.000000,,0,0,0,1,1,0,0.031278,-0.225045,0.7083,0.5452,0.2626,2,ok
0,256,2.879140,-1.575508,0.296143,0.026079,-0.045330,5.736394,0.199442,0.071921,0.071921,0.000000,,0,0,0,1,1,0,0.029005,-0.230482,0.6667,0.5734,0.2613,2,ok
0,257,2.898271,-1.569681,0.295443,0.025115,-0.046030,5.756369,0.200054,-0.019392,-0.019392,0.000000,,0,0,0,1,1,0,0.027943,-0.243536,0.6875,0.5374,0.2615,2,ok
0,258,2.917377,-1.563858,0.305813,0.024156,-0.035659,5.776320,0.199444,0.197929,0.197929,0.000000,C-06,0,0,0,1,1,0,0.024610,-0.251833,0.7708,0.5545,0.2617,2,ok
0,259,2.940141,-1.556773,0.340790,0.022553,-0.036719,5.800953,0.197651,0.538102,0.538102,0.000000,C-06,0,0,0,1,1,0,0.023916,-0.251411,0.7708,0.5232,0.2640,2,ok
0,260,2.958941,-1.550483,0.354235,0.021431,-0.023274,5.820746,0.198324,0.212496,0.212496,0.000000,C-06,0,0,0,1,1,0,0.023033,-0.234226,0.7917,0.5452,0.2646,2,ok
0,261,2.981383,-1.542636,0.370552,0.020181,-0.040751,5.845167,0.198080,0.244102,0.244102,0.000000,,0,0,0,1,1,0,0.022491,-0.222866,0.7500,0.5586,0.2633,2,ok
0,262,3.003607,-1.534333,0.405393,0.018880,-0.005910,5.868855,0.196559,0.553226,0.553226,0.000000,C-06,0,0,0,1,1,0,0.021143,-0.225154,0.7500,0.5312,0.2628,2,ok
0,263,3.021909,-1.526946,0.424257,0.018312,0.012954,5.888583,0.197454,0.335336,0.335336,0.000000,C-06,0,0,0,1,1,0,0.020515,-0.210964,0.7292,0.5637,0.2640,2,ok
0,264,3.043637,-1.517646,0.453470,0.017484,0.009418,5.912776,0.196641,0.463541,0.463541,0.000000,,0,0,0,1,1,0,0.020541,-0.197228,0.7083,0.5653,0.2637,2,ok
0,265,3.065103,-1.507536,0.473295,0.017398,0.029243,5.936503,0.197860,0.302214,0.302214,0.000000,C-06,0,0,0,1,1,0,0.021763,-0.185068,0.6875,0.5518,0.2624,2,ok
0,266,3.082845,-1.498682,0.485991,0.017430,0.009942,5.956912,0.198352,0.238474,0.238474,0.000000,,0,0,0,1,1,0,0.020937,-0.170537,0.6667,0.5776,0.2629,2,ok
0,267,3.100418,-1.489478,0.510775,0.017539,0.034727,5.976749,0.197456,0.505208,0.505208,0.000000,C-06,0,0,0,1,1,0,0.017892,-0.163626,0.7083,0.6574,0.2677,2,ok
0,268,3.121206,-1.478092,0.535625,0.018112,0.059577,5.999971,0.197634,0.402649,0.402649,0.000000,,0,0,0,1,1,0,0.020422,-0.160590,0.7083,0.6157,0.2626,2,ok
0,269,3.138408,-1.467912,0.532987,0.018623,0.025846,6.020982,0.200270,-0.094708,-0.094708,0.000000,C-06,0,0,0,1,1,0,0.023784,-0.141132,0.7708,0.6078,0.2682,2,ok
0,270,3.159090,-1.455704,0.531506,0.019238,0.024365,6.044990,0.200122,-0.020171,-0.020171,0.000000,,0,0,0,1,1,0,0.025380,-0.144303,0.7708,0.5745,0.2646,2,ok
0,271,3.179724,-1.443539,0.541227,0.019348,0.003075,6.069559,0.199180,0.174836,0.174836,0.000000,C-06,0,0,0,1,1,0,0.025158,-0.163311,0.7500,0.5523,0.2618,2,ok
0,272,3.196784,-1.433245,0.557822,0.019417,0.019670,6.089484,0.198613,0.347035,0.347035,0.000000,C-06,0,0,0,1,1,0,0.026833,-0.174005,0.7708,0.5013,0.2646,2,ok
0,273,3.217020,-1.420715,0.577464,0.019604,0.009217,6.113842,0.198412,0.331946,0.331946,0.000000,,0,0,0,1,1,0,0.024723,-0.168977,0.7083,0.5639,0.2631,2,ok
0,274,3.237177,-1.407655,0.568412,0.019773,0.000165,6.137859,0.200672,-0.182081,-0.182081,0.000000,C-06,0,0,0,1,1,0,0.025981,-0.161987,0.6875,0.5505,0.2648,2,ok
0,275,3.253973,-1.396850,0.581297,0.019849,0.013050,6.157831,0.199063,0.305699,0.305699,0.000000,C-06,0,0,0,1,1,0,0.025687,-0.184701,0.6667,0.5348,0.2644,2,ok
0,276,3.270445,-1.385906,0.627025,0.019701,0.029144,6.178221,0.196814,1.000000,1.000000,0.000000,C-06,0,0,0,1,1,0,0.027913,-0.201321,0.6875,0.4798,0.2605,2,ok
0,277,3.286449,-1.374201,0.658346,0.020349,0.060466,6.198038,0.198722,0.644134,0.644134,0.000000,C-06,0,0,0,1,1,0,0.028115,-0.166057,0.6875,0.5360,0.2697,2,ok
0,278,3.305422,-1.359503,0.657472,0.021588,0.030548,6.222615,0.200119,-0.061227,-0.061227,0.000000,C-06,0,0,0,1,1,0,0.033420,-0.143145,0.7500,0.4885,0.2665,2,ok
0,279,3.321214,-1.347265,0.664649,0.022225,0.037725,6.242584,0.199710,0.172424,0.172424,0.000000,C-06,0,0,0,1,1,0,0.033301,-0.145296,0.7708,0.4862,0.2663,2,ok
0,280,3.336954,-1.334928,0.664442,0.022971,0.037519,6.262569,0.200029,-0.017842,-0.017842,0.000000,C-06,0,0,0,1,1,0,0.031831,-0.147191,0.7292,0.5114,0.2667,2,ok
0,281,3.355868,-1.320139,0.661637,0.023320,0.005714,6.287232,0.200094,-0.052858,-0.052858,0.000000,,0,0,0,1,1,0,0.029308,-0.144200,0.7708,0.5665,0.2691,2,ok
0,282,3.371609,-1.307832,0.668799,0.023475,0.012876,6.307212,0.199740,0.171941,0.171941,0.000000,C-06,0,0,0,1,1,0,0.026987,-0.169614,0.7083,0.5757,0.2651,2,ok
0,283,3.390427,-1.292942,0.669886,0.023532,-0.014659,6.331889,0.199986,0.010340,0.010340,0.000000,C-06,0,0,0,1,1,0,0.025811,-0.175889,0.6875,0.6148,0.2642,2,ok
0,284,3.406012,-1.280458,0.686125,0.023346,0.001581,6.351857,0.199692,0.387924,0.387924,0.000000,C-06,0,0,0,1,1,0,0.024282,-0.184289,0.7083,0.6340,0.2637,2,ok
0,285,3.421293,-1.267515,0.726408,0.023707,0.041863,6.371880,0.201256,0.940213,0.940213,0.000000,C-06,0,0,0,1,1,0,0.027018,-0.189701,0.7083,0.5753,0.2619,2,ok
0,286,3.439100,-1.251166,0.772962,0.024525,0.058933,6.396713,0.200709,0.821016,0.821016,0.000000,,0,0,0,1,1,0,0.026476,-0.173282,0.7083,0.6454,0.2640,2,ok
0,287,3.453340,-1.237109,0.783734,0.025847,0.069706,6.416678,0.200021,0.172046,0.172046,0.000000,C-06,0,0,0,1,1,0,0.030811,-0.140945,0.6875,0.6529,0.2640,2,ok
0,288,3.467428,-1.222921,0.795004,0.027141,0.052411,6.437407,0.199874,0.239589,0.239589,0.000000,,0,0,0,1,1,0,0.034309,-0.122708,0.7708,0.6381,0.2615,2,ok
0,289,3.484171,-1.205741,0.802118,0.028492,0.059525,6.461358,0.199887,0.116570,0.116570,0.000000,,0,0,0,1,1,0,0.034636,-0.121934,0.7917,0.6711,0.2633,2,ok
0,290,3.498079,-1.191366,0.801022,0.029691,0.058429,6.481324,0.200032,-0.035130,-0.035130,0.000000,C-06,0,0,0,1,1,0,0.035270,-0.122395,0.7500,0.7046,0.2635,2,ok
0,291,3.512023,-1.177020,0.797478,0.030226,0.026073,6.502301,0.200055,-0.076099,-0.076099,0.000000,,0,0,0,1,1,0,0.035270,-0.122395,0.7500,0.7046,0.2635,2,ok
0,292,3.528766,-1.159832,0.800397,0.030795,0.028992,6.526290,0.199949,0.058732,0.058732,0.000000,,0,0,0,1,1,0,0.034297,-0.160474,0.7083,0.7373,0.2645,2,ok
0,293,3.542714,-1.145492,0.797169,0.031044,-0.004256,6.547030,0.200054,-0.076991,-0.076991,0.000000,,0,0,0,1,1,0,0.034434,-0.172327,0.7500,0.7330,0.2653,2,ok
0,294,3.556842,-1.131345,0.771179,0.030793,-0.030246,6.567022,0.199568,-0.577237,-0.577237,0.000000,C-06,0,0,0,1,1,0,0.032107,-0.182788,0.6875,0.7748,0.2609,2,ok
0,295,3.574081,-1.114654,0.769162,0.030089,-0.032262,6.590094,0.200006,0.006252,0.006252,0.000000,C-06,0,0,0,1,1,0,0.029260,-0.216694,0.6667,0.8093,0.2626,2,ok
0,296,3.588337,-1.100610,0.789984,0.029031,-0.040873,6.611897,0.199909,0.471696,0.471696,0.000000,C-06,0,0,0,1,1,0,0.025213,-0.259683,0.6875,0.8136,0.2574,2,ok
0,297,3.605041,-1.083435,0.811711,0.028326,-0.019146,6.635846,0.199438,0.372148,0.372148,0.000000,,0,0,0,1,1,0,0.030538,-0.249367,0.8125,0.6844,0.2529,2,ok
0,298,3.618649,-1.068900,0.833673,0.027698,-0.027378,6.656711,0.198954,0.477087,0.477087,0.000000,,0,0,0,1,1,0,0.032517,-0.242918,0.8125,0.6479,0.2569,2,ok
0,299,3.631958,-1.054055,0.851470,0.027238,-0.009581,6.676644,0.199583,0.380149,0.380149,0.000000,,0,0,0,1,1,0,0.029364,-0.232968,0.7708,0.7380,0.2557,2,ok
0,300,3.647575,-1.035855,0.873551,0.027122,-0.019002,6.701335,0.200085,0.410924,0.410924,0.000000,,0,0,0,1,1,0,0.030743,-0.227238,0.7917,0.7256,0.2608,2,ok
0,301,3.660340,-1.020439,0.886453,0.026924,-0.006100,6.721350,0.200221,0.276331,0.276331,0.000000,,0,0,0,1,1,0,0.046077,-0.220863,0.7292,0.2706,0.2411,2,ok
0,302,3.672953,-1.004899,0.892955,0.026922,0.000401,6.741364,0.200146,0.132890,0.132890,0.000000,,0,0,0,1,1,0,0.032573,-0.240133,0.7292,0.7128,0.2658,2,ok
0,303,3.687956,-0.986133,0.902695,0.026577,-0.022196,6.766374,0.200271,0.180082,0.180082,0.000000,,0,0,0,1,1,0,0.034691,-0.248128,0.7292,0.6221,0.2570,2,ok
0,304,3.700331,-0.970379,0.911667,0.026160,-0.013224,6.786403,0.200368,0.196189,0.196189,0.000000,,0,0,0,1,1,0,0.032875,-0.257744,0.6875,0.6253,0.2593,2,ok
0,305,3.712597,-0.954608,0.904343,0.025839,-0.020547,6.805807,0.199712,-0.178768,-0.178768,0.000000,C-06,0,0,0,1,1,0,0.029699,-0.261564,0.6875,0.6461,0.2661,2,ok
0,306,3.727439,-0.935749,0.904074,0.024559,-0.054296,6.831129,0.200009,0.005900,0.005900,0.000000,C-06,0,0,0,1,1,0,0.032454,-0.279840,0.7083,0.5307,0.2448,2,ok
0,307,3.739773,-0.919879,0.931720,0.023635,-0.026650,6.851208,0.201710,0.646346,0.646346,0.000000,C-06,0,0,0,1,1,0,0.026727,-0.289349,0.7708,0.5644,0.2517,2,ok
0,308,3.751808,-0.903656,0.960780,0.022751,-0.035403,6.872189,0.202275,0.609355,0.609355,0.000000,,0,0,0,1,1,0,0.023571,-0.283424,0.7917,0.6096,0.2538,2,ok
0,309,3.765548,-0.883957,0.962750,0.022062,-0.033433,6.896197,0.199996,-0.004277,-0.004277,0.000000,C-06,0,0,0,1,1,0,0.025770,-0.268216,0.7917,0.5660,0.2615,2,ok
0,310,3.776973,-0.867528,0.965333,0.021516,-0.030850,6.914438,0.200226,0.059120,0.059120,0.000000,,0,0,0,1,1,0,0.026827,-0.267723,0.7500,0.4308,0.2512,2,ok
0,311,3.790629,-0.847597,0.997166,0.019973,-0.038198,6.941175,0.202742,0.586256,0.586256,0.000000,C-06,0,0,0,1,1,0,0.020409,-0.287758,0.7500,0.5458,0.2558,2,ok
0,312,3.801567,-0.830742,1.005989,0.019266,-0.029375,6.961255,0.200731,0.141034,0.141034,0.000000,C-06,0,0,0,1,1,0,0.021210,-0.278263,0.7292,0.5040,0.2593,2,ok
0,313,3.812284,-0.813855,1.003943,0.018197,-0.072755,6.982134,0.199838,-0.057599,-0.057599,0.000000,C-06,0,0,0,1,1,0,0.018256,-0.271815,0.7083,0.5224,0.2608,2,ok
0,314,3.825151,-0.793507,1.021480,0.016483,-0.055218,7.006147,0.201407,0.322353,0.322353,0.000000,C-06,0,0,0,1,1,0,0.015864,-0.281153,0.7292,0.4984,0.2613,2,ok
0,315,3.835793,-0.776374,1.036179,0.015209,-0.040519,7.025444,0.201755,0.291002,0.291002,0.000000,,0,0,0,1,1,0,0.012325,-0.287586,0.6875,0.5212,0.2574,2,ok
0,316,3.846184,-0.759061,1.057652,0.013314,-0.060124,7.047045,0.202718,0.435320,0.435320,0.000000,,0,0,0,1,1,0,0.013282,-0.279380,0.7500,0.4589,0.2597,2,ok
0,317,3.858412,-0.737942,1.095419,0.011468,-0.022357,7.071378,0.204650,0.624028,0.624028,0.000000,C-06,0,0,0,1,1,0,0.013915,-0.272419,0.7917,0.4052,0.2568,2,ok
0,318,3.868045,-0.720058,1.117089,0.010095,-0.040090,7.092095,0.203026,0.391967,0.391967,0.000000,C-06,0,0,0,1,1,0,0.010430,-0.235986,0.7917,0.4587,0.2604,2,ok
0,319,3.877285,-0.701998,1.136546,0.008779,-0.020633,7.112339,0.202893,0.362639,0.362639,0.000000,,0,0,0,1,1,0,0.011650,-0.221367,0.8125,0.4102,0.2633,2,ok
0,320,3.888053,-0.680087,1.165333,0.007589,0.008154,7.135415,0.203757,0.449379,0.449379,0.000000,,0,0,0,1,1,0,0.010649,-0.206997,0.8125,0.4199,0.2640,2,ok
0,321,3.896431,-0.661640,1.182455,0.006503,-0.011823,7.157207,0.202500,0.298755,0.298755,0.000000,C-06,0,0,0,1,1,0,0.010123,-0.187638,0.7917,0.4239,0.2652,2,ok
0,322,3.904230,-0.643098,1.190220,0.006038,-0.004059,7.177317,0.201038,0.126035,0.126035,0.000000,C-06,0,0,0,1,1,0,0.010757,-0.198469,0.7500,0.4083,0.2629,2,ok
0,323,3.913219,-0.620902,1.168572,0.005428,-0.059349,7.201441,0.198718,-0.366861,-0.366861,0.000000,C-06,0,0,0,1,1,0,0.009959,-0.195775,0.7292,0.3996,0.2618,2,ok
0,324,3.920895,-0.602528,1.161824,0.004386,-0.066097,7.221327,0.199179,-0.104179,-0.104179,0.000000,C-06,0,0,0,1,1,0,0.004183,-0.228667,0.7083,0.4254,0.2606,2,ok
0,325,3.930420,-0.580405,1.186440,0.002866,-0.041481,7.243527,0.201657,0.415596,0.415596,0.000000,C-06,0,0,0,1,1,0,0.000775,-0.247417,0.6875,0.4187,0.2594,2,ok
0,326,3.938201,-0.561821,1.197185,0.000998,-0.061618,7.265534,0.201442,0.173399,0.173399,0.000000,C-06,0,0,0,1,1,0,-0.000719,-0.237958,0.7083,0.4242,0.2588,2,ok
0,327,3.945672,-0.543117,1.222587,-0.000469,-0.036216,7.285621,0.202142,0.482223,0.482223,0.000000,C-06,0,0,0,1,1,0,-0.001836,-0.229254,0.7917,0.4173,0.2589,2,ok
0,328,3.954609,-0.520439,1.252485,-0.002460,-0.036242,7.309880,0.203758,0.433070,0.433070,0.000000,,0,0,0,1,1,0,-0.001147,-0.219820,0.8125,0.3894,0.2598,2,ok
0,329,3.961397,-0.501395,1.267462,-0.003703,-0.021264,7.330059,0.202018,0.242147,0.242147,0.000000,C-06,0,0,0,1,1,0,-0.000410,-0.204022,0.7917,0.3713,0.2604,2,ok
0,330,3.967895,-0.482267,1.281703,-0.004644,-0.007023,7.350239,0.202009,0.243582,0.243582,0.000000,,0,0,0,1,1,0,-0.004490,-0.181797,0.7500,0.4668,0.2619,2,ok
0,331,3.975419,-0.459168,1.311533,-0.006114,-0.005578,7.374360,0.203145,0.431457,0.431457,0.000000,C-06,0,0,0,1,1,0,-0.004088,-0.171028,0.7708,0.4321,0.2634,2,ok
0,332,3.981392,-0.439783,1.332976,-0.007032,0.015865,7.394624,0.202779,0.349926,0.349926,0.000000,,0,0,0,1,1,0,-0.004780,-0.158823,0.7708,0.4795,0.2689,2,ok
0,333,3.986593,-0.420317,1.345080,-0.007477,0.002184,7.414566,0.201380,0.186520,0.186520,0.000000,C-06,0,0,0,1,1,0,-0.003723,-0.148347,0.7708,0.4740,0.2716,2,ok
0,334,3.992066,-0.396942,1.337240,-0.007588,-0.005656,7.438572,0.199783,-0.130445,-0.130445,0.000000,C-06,0,0,0,1,1,0,-0.003238,-0.146684,0.7083,0.4715,0.2677,2,ok
0,335,3.996592,-0.377516,1.323421,-0.007657,-0.019475,7.457497,0.199159,-0.236858,-0.236858,0.000000,,0,0,0,1,1,0,-0.006050,-0.159838,0.7083,0.5148,0.2695,2,ok
0,336,4.001431,-0.358071,1.352172,-0.008529,-0.016340,7.478355,0.201145,0.570190,0.570190,0.000000,C-06,0,0,0,1,1,0,-0.008464,-0.187672,0.6875,0.5102,0.2689,2,ok
0,337,4.007277,-0.334515,1.407251,-0.009544,0.038739,7.502604,0.203173,0.750364,0.750364,0.000000,C-06,0,0,0,1,1,0,-0.009293,-0.185714,0.7292,0.5274,0.2642,2,ok
0,338,4.010813,-0.314764,1.415668,-0.009337,0.022245,7.522449,0.200441,0.078139,0.078139,0.000000,C-06,0,0,0,1,1,0,-0.002930,-0.132220,0.8333,0.4873,0.2632,2,ok
0,339,4.014536,-0.291061,1.410082,-0.008800,0.016659,7.546437,0.199826,-0.084707,-0.084707,0.000000,C-06,0,0,0,1,1,0,-0.001154,-0.123683,0.7708,0.4553,0.2601,2,ok
0,340,4.017734,-0.271316,1.412564,-0.008449,0.019141,7.563508,0.200083,0.048736,0.048736,0.000000,,0,0,0,1,1,0,-0.005891,-0.137531,0.7500,0.5746,0.2642,2,ok
0,341,4.020895,-0.251535,1.435531,-0.008634,0.018243,7.586252,0.200635,0.398730,0.398730,0.000000,C-06,0,0,0,1,1,0,-0.006793,-0.140236,0.7708,0.5788,0.2634,2,ok
0,342,4.024684,-0.227716,1.460687,-0.008754,0.043399,7.610371,0.201256,0.315461,0.315461,0.000000,,0,0,0,1,1,0,-0.006175,-0.143833,0.7708,0.5769,0.2682,2,ok
0,343,4.026991,-0.207832,1.463664,-0.008330,0.022243,7.630180,0.200084,0.020601,0.020601,0.000000,C-06,0,0,0,1,1,0,-0.004324,-0.132034,0.7500,0.5973,0.2614,2,ok
0,344,4.029146,-0.187954,1.456665,-0.007908,0.015244,7.650171,0.199867,-0.121361,-0.121361,0.000000,,0,0,0,1,1,0,-0.003964,-0.130844,0.7292,0.6173,0.2677,2,ok
0,345,4.031725,-0.164138,1.435622,-0.007503,-0.030500,7.673948,0.199364,-0.284203,-0.284203,0.000000,C-06,0,0,0,1,1,0,-0.002968,-0.141598,0.7292,0.5806,0.2656,2,ok
0,346,4.034402,-0.144313,1.444269,-0.008066,-0.021852,7.693946,0.200240,0.171327,0.171327,0.000000,C-06,0,0,0,1,1,0,-0.006768,-0.192163,0.7708,0.5999,0.2625,2,ok
0,347,4.037121,-0.124447,1.466874,-0.008667,0.000752,7.713988,0.200743,0.363189,0.363189,0.000000,C-06,0,0,0,1,1,0,-0.007454,-0.201572,0.7500,0.6164,0.2613,2,ok
0,348,4.040383,-0.100537,1.504518,-0.009772,0.014227,7.737867,0.201381,0.477147,0.477147,0.000000,,0,0,0,1,1,0,-0.006711,-0.189462,0.8333,0.6036,0.2624,2,ok
0,349,4.042485,-0.080570,1.521387,-0.010255,0.031096,7.757939,0.200675,0.229420,0.229420,0.000000,C-06,0,0,0,1,1,0,-0.002553,-0.167547,0.7917,0.5540,0.2593,2,ok
0,350,4.044376,-0.060585,1.545039,-0.010527,0.054748,7.775739,0.200818,0.354816,0.354816,0.000000,,0,0,0,1,1,0,-0.003755,-0.150873,0.7708,0.6079,0.2663,2,ok
0,351,4.045643,-0.036589,1.559030,-0.010537,0.043302,7.801764,0.200182,0.152851,0.152851,0.000000,C-06,0,0,0,1,1,0,-0.002367,-0.138704,0.7708,0.5910,0.2620,2,ok
0,352,4.046506,-0.016589,1.575934,-0.010306,0.060207,7.821781,0.200184,0.248321,0.248321,0.000000,,0,0,0,1,1,0,-0.001605,-0.146332,0.7708,0.6043,0.2657,2,ok
0,353,4.046425,0.007410,1.564254,-0.009295,0.022473,7.845534,0.200001,-0.168976,-0.168976,0.000000,C-06,0,0,0,1,1,0,0.000810,-0.146482,0.7083,0.5681,0.2639,2,ok
0,354,4.046296,0.027409,1.555049,-0.008528,0.013268,7.865518,0.199981,-0.128140,-0.128140,0.000000,,0,0,0,1,1,0,-0.001069,-0.164671,0.7292,0.6042,0.2673,2,ok
0,355,4.046374,0.047406,1.550097,-0.008068,-0.019270,7.885266,0.199963,-0.066482,-0.066482,0.000000,,0,0,0,1,1,0,-0.001361,-0.191280,0.6875,0.5720,0.2614,2,ok
0,356,4.046859,0.071404,1.583860,-0.008508,0.014492,7.909265,0.200031,0.461012,0.461012,0.000000,C-06,0,0,0,1,1,0,-0.003864,-0.217601,0.7292,0.5922,0.2589,2,ok
0,357,4.047279,0.091390,1.628707,-0.008891,0.059340,7.929252,0.199737,0.672325,0.672325,0.000000,C-06,0,0,0,1,1,0,-0.006653,-0.208578,0.7708,0.6769,0.2642,2,ok
0,358,4.047517,0.111334,1.660286,-0.009444,0.061257,7.948955,0.199229,0.446859,0.446859,0.000000,C-06,0,0,0,1,1,0,-0.005577,-0.193973,0.7708,0.6674,0.2630,2,ok
0,359,4.045654,0.135230,1.666823,-0.008161,0.067794,7.972888,0.199783,0.063804,0.063804,0.000000,C-06,0,0,0,1,1,0,-0.000997,-0.143894,0.7917,0.6601,0.2635,2,ok
0,360,4.043749,0.155143,1.660114,-0.006852,0.028235,7.992618,0.200121,-0.115568,-0.115568,0.000000,C-06,0,0,0,1,1,0,-0.000352,-0.137986,0.7500,0.6845,0.2667,2,ok
0,361,4.041947,0.175064,1.659201,-0.006191,0.027323,8.012610,0.200020,-0.005999,-0.005999,0.000000,,0,0,0,1,1,0,-0.000352,-0.137986,0.7500,0.6845,0.2667,2,ok
0,362,4.039828,0.198951,1.678139,-0.005438,0.046261,8.036579,0.199651,0.259276,0.259276,0.000000,C-06,0,0,0,1,1,0,-0.005197,-0.168007,0.7708,0.7845,0.2723,2,ok
0,363,4.038062,0.218823,1.689801,-0.005281,0.024456,8.056334,0.199383,0.172113,0.172113,0.000000,,0,0,0,1,1,0,-0.003390,-0.179152,0.7292,0.7621,0.2660,2,ok
0,364,4.035743,0.238682,1.688243,-0.004829,0.022898,8.076324,0.200018,-0.039070,-0.039070,0.000000,C-06,0,0,0,1,1,0,-0.002806,-0.175710,0.7083,0.7744,0.2663,2,ok
0,365,4.032909,0.262545,1.664336,-0.004239,-0.001010,8.098089,0.200498,-0.331836,-0.331836,0.000000,C-06,0,0,0,1,1,0,-0.002806,-0.175710,0.7083,0.7744,0.2663,2,ok
0,366,4.030979,0.282440,1.687483,-0.005035,-0.012503,8.120157,0.199574,0.448063,0.448063,0.000000,C-06,0,0,0,1,1,0,-0.011426,-0.234030,0.7083,0.8846,0.2660,2,ok
0,367,4.028711,0.306208,1.731933,-0.005922,0.031947,8.144017,0.198377,0.583364,0.583364,0.000000,,0,0,0,1,1,0,-0.009925,-0.227715,0.7708,0.8828,0.2662,2,ok
0,368,4.026562,0.325905,1.757377,-0.006756,0.022706,8.163607,0.198026,0.387690,0.387690,0.000000,C-06,0,0,0,1,1,0,-0.008210,-0.202060,0.8125,0.9036,0.2672,2,ok
0,369,4.023822,0.345514,1.780065,-0.007283,0.045394,8.183400,0.197921,0.362998,0.362998,0.000000,,0,0,0,1,1,0,-0.006434,-0.182924,0.7917,0.8931,0.2674,2,ok
0,370,4.019159,0.368966,1.788471,-0.006546,0.053800,8.206703,0.199374,0.094991,0.094991,0.000000,C-06,0,0,0,1,1,0,-0.006895,-0.168284,0.7917,0.9410,0.2689,2,ok
0,371,4.015082,0.388482,1.794311,-0.006392,0.026417,8.227026,0.199362,0.095272,0.095272,0.000000,,0,0,0,1,1,0,-0.007812,-0.165739,0.8125,0.9808,0.2714,2,ok
0,372,4.010773,0.407931,1.819559,-0.005981,0.051665,8.246943,0.198666,0.447189,0.447189,0.000000,C-06,0,0,0,1,1,0,-0.009310,-0.190462,0.7708,1.0525,0.2700,2,ok
0,373,4.005571,0.431117,1.843864,-0.005754,0.043056,8.270514,0.197668,0.332542,0.332542,0.000000,,0,0,0,1,1,0,-0.006732,-0.196138,0.7500,0.9870,0.2643,2,ok
0,374,4.000359,0.450381,1.840181,-0.005082,0.039373,8.290458,0.199876,-0.099416,-0.099416,0.000000,C-06,0,0,0,1,1,0,-0.002336,-0.180176,0.7292,0.9844,0.2653,2,ok
0,375,3.995048,0.469712,1.817670,-0.004329,0.016862,8.310492,0.201019,-0.412697,-0.412697,0.000000,C-06,0,0,0,1,1,0,-0.005615,-0.193759,0.7500,1.0705,0.2645,2,ok
0,376,3.989116,0.492912,1.847537,-0.004434,0.013052,8.334313,0.198642,0.513910,0.513910,0.000000,C-06,0,0,0,1,1,0,-0.011631,-0.248950,0.7292,1.1650,0.2673,2,ok
0,377,3.984208,0.512046,1.885545,-0.004605,0.051061,8.354065,0.196534,0.664260,0.664260,0.000000,C-06,0,0,0,1,1,0,-0.010576,-0.242919,0.7708,1.1659,0.2678,2,ok
0,378,3.978958,0.530970,1.914249,-0.004575,0.044089,8.373537,0.196370,0.484903,0.484903,0.000000,C-06,0,0,0,1,1,0,-0.008005,-0.233768,0.7708,1.1427,0.2673,2,ok
0,379,3.971330,0.553503,1.929313,-0.003873,0.059153,8.397315,0.198387,0.204122,0.204122,0.000000,C-06,0,0,0,1,1,0,-0.002319,-0.202956,0.8333,1.1043,0.2684,2,ok
0,380,3.964407,0.572243,1.924472,-0.002735,0.054312,8.417261,0.200067,-0.109393,-0.109393,0.000000,C-06,0,0,0,1,1,0,-0.003011,-0.198805,0.8333,1.1614,0.2735,2,ok
0,381,3.956102,0.594724,1.933791,-0.002027,0.026206,8.441124,0.199391,0.154746,0.154746,0.000000,C-06,0,0,0,1,1,0,-0.000658,-0.218123,0.7708,1.1183,0.2670,2,ok
0,382,3.949044,0.613328,1.961644,-0.001454,0.054059,8.461015,0.198093,0.545740,0.545740,0.000000,C-06,0,0,0,1,1,0,-0.003474,-0.246152,0.7917,1.2036,0.2697,2,ok
0,383,3.941472,0.631808,1.962754,-0.000355,0.055169,8.478318,0.199893,-0.022829,-0.022829,0.000000,C-06,0,0,0,1,1,0,-0.001803,-0.246064,0.7708,1.2020,0.2691,2,ok
0,384,3.932336,0.654070,1.942653,-0.000138,-0.005547,8.505000,0.201216,-0.326240,-0.326240,0.000000,C-06,0,0,0,1,1,0,-0.001362,-0.251750,0.7708,1.2098,0.2617,2,ok
0,385,3.924992,0.672649,1.960448,-0.000124,0.012248,8.524977,0.199049,0.375787,0.375787,0.000000,C-06,0,0,0,1,1,0,-0.003112,-0.284771,0.7083,1.2131,0.2640,2,ok
0,386,3.917670,0.691053,1.986130,-0.000546,-0.004840,8.544771,0.197206,0.478430,0.478430,0.000000,,0,0,0,1,1,0,-0.008166,-0.317863,0.6875,1.2812,0.2651,2,ok
0,387,3.908754,0.712813,2.026851,-0.001223,0.035881,8.568278,0.195431,0.642146,0.642146,0.000000,C-06,0,0,0,1,1,0,-0.005688,-0.306127,0.7083,1.2534,0.2602,2,ok
0,388,3.900727,0.730578,2.070172,-0.001092,0.079202,8.587771,0.194527,0.847307,0.847307,0.000000,C-06,0,0,0,1,1,0,-0.004716,-0.279323,0.8542,1.2653,0.2582,2,ok
0,389,3.891651,0.747987,2.099774,-0.000695,0.063290,8.607353,0.196653,0.558623,0.558623,0.000000,C-06,0,0,0,1,1,0,0.001104,-0.252996,0.8333,1.1770,0.2580,2,ok
0,390,3.879752,0.768597,2.116924,0.000749,0.080439,8.631107,0.198480,0.269274,0.269274,0.000000,C-06,0,0,0,1,1,0,0.005144,-0.231317,0.8542,1.1275,0.2559,2,ok
0,391,3.869410,0.785710,2.111049,0.002051,0.027111,8.651143,0.200370,-0.153378,-0.153378,0.000000,C-06,0,0,0,1,1,0,0.007387,-0.224966,0.7917,1.1046,0.2554,2,ok
0,392,3.859124,0.802802,2.124141,0.002669,0.040203,8.671082,0.198864,0.297185,0.297185,0.000000,C-06,0,0,0,1,1,0,0.004777,-0.237778,0.7500,1.1646,0.2578,2,ok
0,393,3.846578,0.823011,2.158337,0.003736,0.074399,8.694845,0.197296,0.605004,0.605004,0.000000,C-06,0,0,0,1,1,0,0.008463,-0.277123,0.7917,1.0811,0.2508,2,ok
0,394,3.835523,0.839661,2.154626,0.004518,0.020871,8.715021,0.200375,-0.142943,-0.142943,0.000000,C-06,0,0,0,1,1,0,0.009878,-0.267092,0.7292,1.0977,0.2532,2,ok
0,395,3.822245,0.859732,2.147590,0.005072,0.013835,8.739081,0.200573,-0.118641,-0.118641,0.000000,,0,0,0,1,1,0,0.012607,-0.290930,0.7708,1.0066,0.2501,2,ok
0,396,3.811333,0.876391,2.169437,0.005441,0.035682,8.756998,0.198081,0.507525,0.507525,0.000000,C-06,0,0,0,1,1,0,0.013365,-0.325148,0.7083,0.9553,0.2436,2,ok
0,397,3.800194,0.892755,2.197653,0.005026,0.011810,8.779063,0.198100,0.598370,0.598370,0.000000,,0,0,0,1,1,0,0.013809,-0.346085,0.7083,0.9323,0.2417,2,ok
0,398,3.785952,0.911836,2.248424,0.005696,0.062580,8.802864,0.198862,0.934787,0.934787,0.000000,C-06,0,0,0,1,1,0,0.014788,-0.329787,0.7917,0.8917,0.2498,2,ok
0,399,3.773215,0.927216,2.280051,0.006756,0.040514,8.823148,0.200206,0.680135,0.680135,0.000000,C-06,0,0,0,1,1,0,0.017074,-0.306608,0.8333,0.8565,0.2524,2,ok
0,400,3.759979,0.942314,2.308211,0.007820,0.068674,8.843198,0.201256,0.611572,0.611572,0.000000,,0,0,0,1,1,0,0.019496,-0.281662,0.8125,0.8156,0.2524,2,ok
0,401,3.743749,0.960055,2.316970,0.009602,0.077433,8.867176,0.200292,0.122020,0.122020,0.000000,C-06,0,0,0,1,1,0,0.025498,-0.266505,0.8333,0.7002,0.2519,2,ok
0,402,3.730174,0.974739,2.316238,0.010217,0.021751,8.887717,0.199934,-0.027687,-0.027687,0.000000,,0,0,0,1,1,0,0.024168,-0.263681,0.7708,0.7020,0.2564,2,ok
0,403,3.716520,0.989404,2.329663,0.010747,0.035177,8.907747,0.200513,0.313551,0.313551,0.000000,C-06,0,0,0,1,1,0,0.023785,-0.280645,0.7708,0.6888,0.2525,2,ok
0,404,3.699810,1.006685,2.352846,0.011562,0.001977,8.932415,0.200106,0.409136,0.409136,0.000000,,0,0,0,1,1,0,0.021286,-0.294583,0.7917,0.7001,0.2566,2,ok
0,405,3.685630,1.020782,2.365565,0.011744,0.014697,8.952409,0.199871,0.252204,0.252204,0.000000,C-06,0,0,0,1,1,0,0.022435,-0.296833,0.7500,0.6302,0.2554,2,ok
0,406,3.671301,1.034697,2.378858,0.012161,0.027990,8.972379,0.199635,0.280234,0.280234,0.000000,,0,0,0,1,1,0,0.023711,-0.300809,0.7708,0.5680,0.2564,2,ok
0,407,3.653886,1.051047,2.406231,0.012359,-0.001315,8.996972,0.198954,0.500465,0.500465,0.000000,C-06,0,0,0,1,1,0,0.023711,-0.300809,0.7708,0.5680,0.2564,2,ok
0,408,3.639003,1.064312,2.426489,0.012492,0.018943,9.016909,0.199630,0.437922,0.437922,0.000000,,0,0,0,1,1,0,0.019778,-0.286495,0.7708,0.5622,0.2600,2,ok
0,409,3.620705,1.079837,2.451322,0.013236,0.043776,9.040894,0.200239,0.461876,0.461876,0.000000,,0,0,0,1,1,0,0.017571,-0.273752,0.8125,0.5856,0.2614,2,ok
0,410,3.605159,1.092489,2.471087,0.013097,0.007032,9.061715,0.200598,0.432680,0.432680,0.000000,,0,0,0,1,1,0,0.017688,-0.260340,0.8125,0.5555,0.2620,2,ok
0,411,3.589385,1.104889,2.487900,0.013290,0.023844,9.081779,0.200749,0.359252,0.359252,0.000000,,0,0,0,1,1,0,0.019826,-0.247956,0.8125,0.4790,0.2598,2,ok
0,412,3.570305,1.119469,2.490655,0.013417,-0.029008,9.106538,0.200066,0.029752,0.029752,0.000000,C-06,0,0,0,1,1,0,0.018000,-0.240712,0.8542,0.5002,0.2612,2,ok
0,413,3.554391,1.131587,2.491362,0.012814,-0.028302,9.126532,0.200031,0.013792,0.013792,0.000000,,0,0,0,1,1,0,0.016648,-0.255528,0.7917,0.4945,0.2606,2,ok
0,414,3.538377,1.143680,2.508368,0.012290,-0.011296,9.146592,0.201119,0.387554,0.387554,0.000000,C-06,0,0,0,1,1,0,0.015438,-0.269490,0.7500,0.4649,0.2580,2,ok
0,415,3.518933,1.157901,2.521694,0.011151,-0.049862,9.171326,0.200759,0.223913,0.223913,0.000000,C-06,0,0,0,1,1,0,0.012055,-0.269168,0.7708,0.4632,0.2585,2,ok
0,416,3.502575,1.169570,2.535734,0.010053,-0.035823,9.191389,0.201166,0.300037,0.300037,0.000000,,0,0,0,1,1,0,0.011157,-0.265157,0.7708,0.4378,0.2567,2,ok
0,417,3.486038,1.181073,2.553276,0.009191,-0.018280,9.211515,0.201651,0.369009,0.369009,0.000000,,0,0,0,1,1,0,0.007096,-0.257874,0.7292,0.4646,0.2612,2,ok
0,418,3.465828,1.194480,2.592449,0.007446,-0.024869,9.236177,0.203698,0.683459,0.683459,0.000000,C-06,0,0,0,1,1,0,0.005208,-0.248139,0.7708,0.4711,0.2623,2,ok
0,419,3.448631,1.205304,2.618924,0.006467,0.001607,9.256474,0.203265,0.512319,0.512319,0.000000,C-06,0,0,0,1,1,0,0.007103,-0.226459,0.7708,0.4251,0.2608,2,ok
0,420,3.431251,1.215429,2.627865,0.005829,-0.030882,9.276817,0.200966,0.148634,0.148634,0.000000,C-06,0,0,0,1,1,0,0.008948,-0.205149,0.7917,0.3998,0.2587,2,ok
0,421,3.410234,1.227227,2.648665,0.004954,-0.010082,9.300902,0.201616,0.353281,0.353281,0.000000,C-06,0,0,0,1,1,0,0.009312,-0.200353,0.8333,0.3750,0.2614,2,ok
0,422,3.392553,1.236937,2.661611,0.004409,0.002864,9.321067,0.201740,0.241394,0.241394,0.000000,,0,0,0,1,1,0,0.006854,-0.183699,0.8333,0.4102,0.2634,2,ok
0,423,3.371139,1.248312,2.685492,0.003423,-0.008674,9.345418,0.202915,0.388820,0.388820,0.000000,,0,0,0,1,1,0,0.006339,-0.184623,0.8333,0.4030,0.2612,2,ok
0,424,3.353111,1.257520,2.702205,0.002914,0.008039,9.365656,0.202423,0.307564,0.307564,0.000000,,0,0,0,1,1,0,0.006530,-0.174118,0.7917,0.3958,0.2609,2,ok
0,425,3.335053,1.266139,2.689560,0.002605,-0.034506,9.385758,0.199363,-0.292844,-0.292844,0.000000,C-06,0,0,0,1,1,0,0.005608,-0.156753,0.7708,0.4087,0.2644,2,ok
0,426,3.313575,1.276427,2.668220,0.001814,-0.055846,9.409560,0.197659,-0.340865,-0.340865,0.000000,,0,0,0,1,1,0,0.004659,-0.170274,0.7500,0.4045,0.2635,2,ok
0,427,3.295770,1.285514,2.670810,0.000647,-0.053256,9.429002,0.200252,0.085425,0.085425,0.000000,C-06,0,0,0,1,1,0,0.001640,-0.200317,0.7083,0.3808,0.2590,2,ok
0,428,3.277831,1.294584,2.699276,-0.000979,-0.052495,9.449569,0.202082,0.583266,0.583266,0.000000,C-06,0,0,0,1,1,0,-0.000514,-0.217774,0.7708,0.3586,0.2631,2,ok
0,429,3.255989,1.305435,2.729285,-0.002763,-0.022487,9.473892,0.203777,0.455189,0.455189,0.000000,,0,0,0,1,1,0,-0.003979,-0.213828,0.7708,0.4090,0.2638,2,ok
0,430,3.237602,1.313874,2.744590,-0.003905,-0.033196,9.494015,0.202202,0.265996,0.265996,0.000000,C-06,0,0,0,1,1,0,-0.003316,-0.179392,0.8333,0.4086,0.2656,2,ok
0,431,3.219083,1.322094,2.765030,-0.004991,-0.012756,9.514248,0.203215,0.378644,0.378644,0.000000,,0,0,0,1,1,0,-0.002924,-0.167579,0.8333,0.3857,0.2659,2,ok
0,432,3.196625,1.331799,2.798375,-0.006157,-0.003889,9.538522,0.204407,0.502601,0.502601,0.000000,,0,0,0,1,1,0,-0.003527,-0.153894,0.7917,0.3998,0.2648,2,ok
0,433,3.177735,1.339073,2.814623,-0.006782,0.012359,9.558755,0.202229,0.263651,0.263651,0.000000,C-06,0,0,0,1,1,0,-0.002300,-0.132646,0.7917,0.3888,0.2670,2,ok
0,434,3.158774,1.345685,2.820220,-0.006759,0.017957,9.578835,0.200673,0.082323,0.082323,0.000000,C-06,0,0,0,1,1,0,0.000191,-0.122086,0.7500,0.3423,0.2621,2,ok
0,435,3.135995,1.353326,2.822132,-0.006733,-0.003085,9.602730,0.200191,0.023692,0.023692,0.000000,,0,0,0,1,1,0,-0.000226,-0.120397,0.7708,0.3541,0.2622,2,ok
0,436,3.116983,1.359617,2.830525,-0.006785,0.005308,9.622756,0.200486,0.156084,0.156084,0.000000,,0,0,0,1,1,0,-0.000289,-0.131139,0.7292,0.3242,0.2633,2,ok
0,437,3.094150,1.367012,2.825383,-0.006838,-0.022540,9.646581,0.199817,-0.089152,-0.089152,0.000000,C-06,0,0,0,1,1,0,-0.000391,-0.131429,0.6875,0.3296,0.2629,2,ok
0,438,3.075149,1.373169,2.823028,-0.007283,-0.024895,9.666549,0.199703,-0.037162,-0.037162,0.000000,,0,0,0,1,1,0,-0.004313,-0.140695,0.7708,0.3735,0.2636,2,ok
0,439,3.056115,1.379423,2.838061,-0.007811,-0.009862,9.686578,0.200812,0.291086,0.291086,0.000000,C-06,0,0,0,1,1,0,-0.002736,-0.146157,0.7708,0.3206,0.2653,2,ok
0,440,3.033157,1.386936,2.853474,-0.008724,-0.014824,9.710572,0.201681,0.215013,0.215013,0.000000,,0,0,0,1,1,0,-0.004054,-0.144434,0.8333,0.3222,0.2654,2,ok
0,441,3.013951,1.393020,2.864168,-0.009402,-0.004130,9.730706,0.201434,0.178383,0.178383,0.000000,,0,0,0,1,1,0,-0.005098,-0.140296,0.8333,0.3437,0.2641,2,ok
0,442,2.994694,1.398799,2.872070,-0.009870,-0.017456,9.750587,0.201016,0.129177,0.129177,0.000000,,0,0,0,1,1,0,-0.004249,-0.131138,0.8125,0.3169,0.2653,2,ok
0,443,2.971496,1.405523,2.894262,-0.010633,0.004736,9.774729,0.201784,0.323351,0.323351,0.000000,C-06,0,0,0,1,1,0,-0.004911,-0.128752,0.8125,0.3275,0.2667,2,ok
0,444,2.952060,1.411106,2.913171,-0.011223,0.023646,9.794942,0.202402,0.310879,0.310879,0.000000,,0,0,0,1,1,0,-0.004619,-0.118303,0.8333,0.3214,0.2652,2,ok
0,445,2.932561,1.415935,2.920614,-0.011320,0.011300,9.814853,0.200761,0.106714,0.106714,0.000000,C-06,0,0,0,1,1,0,-0.002704,-0.109639,0.7917,0.3025,0.2649,2,ok
0,446,2.909131,1.421392,2.925606,-0.011176,0.016292,9.838910,0.200454,0.065297,0.065297,0.000000,,0,0,0,1,1,0,-0.003780,-0.106693,0.7083,0.3268,0.2663,2,ok
0,447,2.889626,1.425701,2.909617,-0.011008,-0.019335,9.858620,0.199366,-0.298560,-0.298560,0.000000,C-06,0,0,0,1,1,0,-0.004744,-0.109607,0.7083,0.3426,0.2674,2,ok
0,448,2.870174,1.430151,2.904921,-0.011290,-0.024031,9.878572,0.199559,-0.062856,-0.062856,0.000000,C-06,0,0,0,1,1,0,-0.005412,-0.129965,0.7500,0.3214,0.2634,2,ok
0,449,2.846792,1.435746,2.926083,-0.011868,-0.002869,9.902608,0.200841,0.321705,0.321705,0.000000,C-06,0,0,0,1,1,0,-0.007161,-0.144118,0.7708,0.3081,0.2616,2,ok
0,450,2.827214,1.440420,2.946073,-0.012691,-0.001465,9.922497,0.201638,0.323055,0.323055,0.000000,,0,0,0,1,1,0,-0.007272,-0.129634,0.8125,0.3094,0.2632,2,ok
0,451,2.803649,1.445401,2.954588,-0.013080,0.007049,9.946579,0.200633,0.098079,0.098079,0.000000,C-06,0,0,0,1,1,0,-0.007547,-0.115907,0.8125,0.3395,0.2668,2,ok
0,452,2.783987,1.449382,2.960622,-0.013411,-0.006254,9.966410,0.200606,0.096023,0.096023,0.000000,,0,0,0,1,1,0,-0.007639,-0.113896,0.7708,0.3364,0.2654,2,ok
0,453,2.764283,1.453240,2.979833,-0.013782,0.012957,9.986484,0.201079,0.326281,0.326281,0.000000,C-06,0,0,0,1,1,0,-0.009842,-0.112832,0.7917,0.3782,0.2693,2,ok
0,454,2.740548,1.457864,3.006632,-0.014206,0.039756,10.008505,0.201860,0.349499,0.349499,0.000000,,0,0,0,1,1,0,-0.008820,-0.106021,0.7917,0.3633,0.2638,2,ok
0,455,2.720710,1.461239,3.021697,-0.014460,0.036435,10.030538,0.201138,0.220667,0.220667,0.000000,,0,0,0,1,1,0,-0.006401,-0.091121,0.7500,0.3400,0.2636,2,ok
0,456,2.700846,1.463881,3.027186,-0.013952,0.041923,10.050570,0.200329,0.073300,0.073300,0.000000,,0,0,0,1,1,0,-0.004506,-0.076585,0.7083,0.3230,0.2644,2,ok
0,457,2.677000,1.466724,3.029577,-0.013284,0.026579,10.074311,0.200114,0.026837,0.026837,0.000000,,0,0,0,1,1,0,-0.006999,-0.076183,0.7292,0.3969,0.2708,2,ok
0,458,2.657123,1.469054,3.031712,-0.012855,0.028714,10.094320,0.200139,0.032955,0.032955,0.000000,,0,0,0,1,1,0,-0.006420,-0.085269,0.7708,0.3829,0.2697,2,ok
0,459,2.637238,1.471368,3.037189,-0.012409,0.034191,10.113051,0.200245,0.087123,0.087123,0.000000,,0,0,0,1,1,0,-0.006008,-0.089387,0.7917,0.3698,0.2675,2,ok
0,460,2.613358,1.474144,3.046120,-0.012356,0.024644,10.138136,0.200421,0.114199,0.114199,0.000000,,0,0,0,1,1,0,-0.007851,-0.093345,0.8333,0.4315,0.2687,2,ok
0,461,2.593441,1.476437,3.054554,-0.012270,0.033078,10.158184,0.200488,0.127578,0.127578,0.000000,,0,0,0,1,1,0,-0.007432,-0.093671,0.8333,0.4286,0.2680,2,ok
0,462,2.573510,1.478578,3.062968,-0.012229,0.023797,10.178041,0.200444,0.125478,0.125478,0.000000,,0,0,0,1,1,0,-0.005178,-0.093749,0.7708,0.3784,0.2701,2,ok
0,463,2.549576,1.480881,3.072031,-0.012047,0.032860,10.202085,0.200353,0.111304,0.111304,0.000000,,0,0,0,1,1,0,-0.005408,-0.089215,0.7708,0.3783,0.2689,2,ok
0,464,2.529619,1.482628,3.079404,-0.011816,0.022564,10.221868,0.200316,0.108670,0.108670,0.000000,,0,0,0,1,1,0,-0.009594,-0.083603,0.7917,0.5006,0.2688,2,ok
0,465,2.505656,1.484629,3.093918,-0.011836,0.037078,10.245915,0.200461,0.180766,0.180766,0.000000,,0,0,0,1,1,0,-0.008594,-0.078788,0.7500,0.4734,0.2701,2,ok
0,466,2.485673,1.486191,3.106318,-0.011746,0.049478,10.265959,0.200400,0.180103,0.180103,0.000000,,0,0,0,1,1,0,-0.005857,-0.073099,0.7083,0.4324,0.2673,2,ok
0,467,2.465683,1.487230,3.113159,-0.011349,0.039063,10.285816,0.200144,0.091486,0.091486,0.000000,,0,0,0,1,1,0,-0.008808,-0.070304,0.7083,0.5197,0.2663,2,ok
0,468,2.441691,1.488166,3.118531,-0.010626,0.044436,10.309815,0.200077,0.062402,0.062402,0.000000,,0,0,0,1,1,0,-0.008850,-0.066737,0.7917,0.5476,0.2730,2,ok
0,469,2.421696,1.488663,3.119314,-0.009892,0.027595,10.329607,0.200006,0.006170,0.006170,0.000000,,0,0,0,1,1,0,-0.006586,-0.070054,0.7917,0.5264,0.2684,2,ok
0,470,2.401700,1.489133,3.127901,-0.009367,0.036181,10.349602,0.200035,0.135367,0.135367,0.000000,,0,0,0,1,1,0,-0.008094,-0.074527,0.8125,0.5694,0.2640,2,ok
0,471,2.377701,1.489698,3.140120,-0.008737,0.048400,10.373599,0.200055,0.145315,0.145315,0.000000,,0,0,0,1,1,0,-0.008053,-0.077857,0.8542,0.6083,0.2696,2,ok
0,472,2.357701,1.490042,-3.136451,-0.008418,0.038131,10.393450,0.200017,0.089064,0.089064,0.000000,,0,0,0,1,1,0,-0.005105,-0.077333,0.8125,0.5895,0.2637,2,ok
0,473,2.337701,1.490257,-3.130074,-0.007981,0.044508,10.413446,0.199994,0.090687,0.090687,0.000000,,0,0,0,1,1,0,-0.003005,-0.080144,0.8333,0.5668,0.2667,2,ok
0,474,2.313703,1.490002,-3.132023,-0.007134,0.024897,10.437302,0.200005,-0.031532,-0.031532,0.000000,,0,0,0,1,1,0,-0.002976,-0.080927,0.7500,0.5863,0.2634,2,ok
0,475,2.293703,1.489764,-3.138525,-0.006589,0.018395,10.457295,0.200013,-0.097284,-0.097284,0.000000,,0,0,0,1,1,0,-0.002976,-0.080927,0.7500,0.5863,0.2634,2,ok
0,476,2.273704,1.489699,-3.134333,-0.006217,0.022587,10.477292,0.199996,0.072611,0.072611,0.000000,C-06,0,0,0,1,1,0,-0.001087,-0.098604,0.7292,0.5588,0.2583,2,ok
0,477,2.249705,1.489637,-3.129440,-0.006181,0.010250,10.501183,0.199986,0.056930,0.056930,0.000000,,0,0,0,1,1,0,-0.001182,-0.117467,0.7292,0.5770,0.2638,2,ok
0,478,2.229707,1.489579,-3.125405,-0.006161,0.014285,10.521181,0.199976,0.057606,0.057606,0.000000,,0,0,0,1,1,0,0.002814,-0.128415,0.7917,0.5126,0.2584,2,ok
0,479,2.205712,1.489475,-3.116326,-0.006352,0.005359,10.545069,0.199940,0.111268,0.111268,0.000000,,0,0,0,1,1,0,-0.000606,-0.131217,0.8125,0.5788,0.2657,2,ok
0,480,2.185721,1.489388,-3.105809,-0.006648,0.015876,10.565057,0.199878,0.154855,0.154855,0.000000,,0,0,0,1,1,0,0.004252,-0.139567,0.8333,0.4660,0.2617,2,ok
0,481,2.165738,1.489178,-3.095515,-0.006822,0.026170,10.582810,0.199816,0.149147,0.149147,0.000000,,0,0,0,1,1,0,0.002937,-0.139411,0.7917,0.5025,0.2633,2,ok
0,482,2.141770,1.488542,-3.085453,-0.007096,0.019035,10.608899,0.199789,0.120953,0.120953,0.000000,,0,0,0,1,1,0,0.005402,-0.138565,0.8125,0.4371,0.2629,2,ok
0,483,2.121807,1.487886,-3.074702,-0.007167,0.029787,10.628872,0.199679,0.161655,0.161655,0.000000,,0,0,0,1,1,0,0.006302,-0.147988,0.7500,0.4069,0.2578,2,ok
0,484,2.101860,1.487065,-3.064007,-0.007360,0.021821,10.648685,0.199620,0.158318,0.158318,0.000000,,0,0,0,1,1,0,0.004906,-0.148706,0.7708,0.4323,0.2610,2,ok
0,485,2.077944,1.485769,-3.051698,-0.007438,0.034130,10.672636,0.199562,0.153035,0.153035,0.000000,,0,0,0,1,1,0,0.006244,-0.150153,0.7500,0.3761,0.2615,2,ok
0,486,2.058021,1.484052,-3.056406,-0.006936,0.007479,10.692532,0.200045,-0.091983,-0.091983,0.000000,C-06,0,0,0,1,1,0,0.005919,-0.151262,0.7292,0.3656,0.2637,2,ok
0,487,2.038089,1.482291,-3.062321,-0.006587,0.001565,10.712539,0.200142,-0.088089,-0.088089,0.000000,,0,0,0,1,1,0,0.005183,-0.165113,0.7708,0.3467,0.2578,2,ok
0,488,2.014180,1.480386,-3.044733,-0.006373,0.019153,10.736523,0.199703,0.246704,0.246704,0.000000,C-06,0,0,0,1,1,0,0.000896,-0.172797,0.7917,0.3808,0.2647,2,ok
0,489,1.994287,1.478809,-3.031684,-0.006613,0.006209,10.756320,0.199433,0.193720,0.193720,0.000000,,0,0,0,1,1,0,0.003652,-0.171491,0.7917,0.2927,0.2620,2,ok
0,490,1.974420,1.477100,-3.021117,-0.006801,0.016776,10.776260,0.199386,0.158698,0.158698,0.000000,,0,0,0,1,1,0,0.000556,-0.158053,0.8125,0.3559,0.2660,2,ok
0,491,1.950617,1.474855,-3.005768,-0.007053,0.003541,10.799935,0.199159,0.199494,0.199494,0.000000,,0,0,0,1,1,0,0.002110,-0.151071,0.7917,0.2795,0.2656,2,ok
0,492,1.930831,1.472848,-2.983291,-0.007606,0.026019,10.819814,0.198557,0.365029,0.365029,0.000000,C-06,0,0,0,1,1,0,0.002420,-0.145316,0.7917,0.2528,0.2604,2,ok
0,493,1.907172,1.469908,-2.963085,-0.007733,0.046225,10.843655,0.198638,0.259735,0.259735,0.000000,,0,0,0,1,1,0,0.002129,-0.137674,0.7500,0.2511,0.2633,2,ok
0,494,1.887498,1.466511,-2.959351,-0.007477,0.018551,10.863333,0.199752,0.041588,0.041588,0.000000,C-06,0,0,0,1,1,0,0.001987,-0.133759,0.7708,0.2480,0.2634,2,ok
0,495,1.867839,1.463022,-2.953497,-0.007292,0.024405,10.883298,0.199558,0.097521,0.097521,0.000000,,0,0,0,1,1,0,0.002269,-0.126786,0.6875,0.2228,0.2648,2,ok
0,496,1.844229,1.458623,-2.971060,-0.007033,-0.024127,10.907075,0.200466,-0.256731,-0.256731,0.000000,C-06,0,0,0,1,1,0,0.000996,-0.126040,0.7500,0.2162,0.2638,2,ok
0,497,1.824513,1.455173,-2.973470,-0.007575,-0.026538,10.927083,0.200124,-0.021443,-0.021443,0.000000,C-06,0,0,0,1,1,0,0.001585,-0.142380,0.7500,0.1484,0.2602,2,ok
0,498,1.804820,1.451823,-2.956735,-0.008209,-0.009803,10.947049,0.199455,0.300819,0.300819,0.000000,C-06,0,0,0,1,1,0,-0.004416,-0.147686,0.7083,0.2289,0.2637,2,ok
0,499,1.781303,1.447809,-2.924260,-0.009360,-0.005062,10.970644,0.198202,0.445302,0.445302,0.000000,,0,0,0,1,1,0,-0.003571,-0.148890,0.8333,0.1397,0.2615,2,ok
0,500,1.761799,1.443895,-2.913677,-0.009948,0.005521,10.990528,0.198998,0.150780,0.150780,0.000000,C-06,0,0,0,1,1,0,-0.003533,-0.119016,0.8333,0.1652,0.2648,2,ok
0,501,1.742335,1.439716,-2.905345,-0.010270,0.013853,11.009153,0.199071,0.135971,0.135971,0.000000,,0,0,0,1,1,0,-0.003361,-0.109533,0.7708,0.1471,0.2638,2,ok
0,502,1.719013,1.434236,-2.901676,-0.010757,-0.007128,11.034155,0.199686,0.044211,0.044211,0.000000,,0,0,0,1,1,0,-0.005111,-0.102749,0.8125,0.1684,0.2668,2,ok
0,503,1.699628,1.429489,-2.882619,-0.010955,0.011928,11.054112,0.199152,0.347195,0.347195,0.000000,C-06,0,0,0,1,1,0,-0.004391,-0.103892,0.7708,0.1166,0.2668,2,ok
0,504,1.680346,1.424733,-2.862961,-0.011332,0.010980,11.073775,0.198138,0.329292,0.329292,0.000000,,0,0,0,1,1,0,-0.003782,-0.094420,0.7500,0.0999,0.2618,2,ok
0,505,1.657346,1.418877,-2.841150,-0.011766,0.032791,11.097505,0.197718,0.308206,0.308206,0.000000,,0,0,0,1,1,0,-0.003768,-0.084260,0.7500,0.1092,0.2656,2,ok
0,506,1.638256,1.413082,-2.837437,-0.011225,0.036504,11.114258,0.199670,0.041825,0.041825,0.000000,C-06,0,0,0,1,1,0,-0.000540,-0.049605,0.7500,0.0774,0.2633,3,ok
0,507,1.615372,1.406017,-2.833482,-0.011057,0.022737,11.141149,0.199547,0.057477,0.057477,0.000000,,0,0,0,1,1,0,-0.002914,-0.055090,0.7292,0.1195,0.2686,2,ok
0,508,1.596321,1.400043,-2.830916,-0.010773,0.025303,11.161112,0.199657,0.043243,0.043243,0.000000,,0,0,0,1,1,0,-0.001603,-0.052804,0.7708,0.0820,0.2653,2,ok
0,509,1.577296,1.394040,-2.824972,-0.010653,0.015063,11.180914,0.199335,0.106851,0.106851,0.000000,,0,0,0,1,1,0,-0.002093,-0.050705,0.8125,0.0863,0.2695,2,ok
0,510,1.554520,1.386817,-2.816568,-0.010563,0.023466,11.204808,0.199033,0.122483,0.122483,0.000000,,0,0,0,1,1,0,-0.001526,-0.049832,0.7917,0.0621,0.2655,2,ok
0,511,1.535587,1.380637,-2.810547,-0.010407,0.015430,11.224589,0.199174,0.103898,0.103898,0.000000,,0,0,0,1,1,0,-0.000117,-0.044872,0.8333,0.0303,0.2663,2,ok
0,512,1.516686,1.374270,-2.806548,-0.010234,0.019428,11.244532,0.199466,0.066597,0.066597,0.000000,,0,0,0,1,1,0,-0.001630,-0.034829,0.7917,0.0608,0.2662,3,ok
0,513,1.494030,1.366445,-2.804412,-0.009843,0.021565,11.268499,0.199771,0.028337,0.028337,0.000000,,0,0,0,1,1,0,-0.000429,-0.030306,0.7917,0.0238,0.2663,2,ok
0,514,1.475138,1.359831,-2.810458,-0.009708,0.004494,11.288369,0.200359,-0.116954,-0.116954,0.000000,,0,0,0,1,1,0,-0.000914,-0.025812,0.7500,0.0225,0.2663,3,ok
0,515,1.456216,1.353266,-2.812727,-0.009648,0.002225,11.308398,0.200274,-0.033718,-0.033718,0.000000,,0,0,0,1,1,0,-0.000078,-0.035244,0.7708,-0.0066,0.2663,2,ok
0,516,1.433537,1.345512,-2.803130,-0.009762,0.002301,11.332299,0.199427,0.152060,0.152060,0.000000,C-06,0,0,0,1,1,0,-0.000573,-0.036225,0.6667,-0.0316,0.2670,3,ok
0,517,1.414688,1.339016,-2.798454,-0.009882,0.006977,11.352236,0.199370,0.078466,0.078466,0.000000,,0,0,0,1,1,0,-0.000761,-0.037218,0.7917,-0.0216,0.2665,3,ok
0,518,1.395854,1.332295,-2.798717,-0.009784,0.006714,11.372124,0.200034,-0.010954,-0.010954,0.000000,,0,0,0,1,1,0,0.000345,-0.033822,0.8125,-0.0437,0.2665,2,ok
0,519,1.373273,1.324226,-2.792714,-0.009822,0.004491,11.396144,0.199633,0.094955,0.094955,0.000000,,0,0,0,1,1,0,-0.001311,-0.028542,0.8125,-0.0257,0.2655,3,ok
0,520,1.354493,1.317501,-2.788455,-0.009839,0.008750,11.416093,0.199403,0.074097,0.074097,0.000000,,0,0,0,1,1,0,-0.000977,-0.027812,0.7917,-0.0386,0.2658,3,ok
0,521,1.331986,1.309283,-2.785695,-0.009817,0.005069,11.439992,0.199681,0.039335,0.039335,0.000000,,0,0,0,1,1,0,-0.000988,-0.016760,0.7917,-0.0489,0.2658,3,ok
0,522,1.313242,1.302343,-2.784782,-0.009744,0.005983,11.459979,0.199882,0.014476,0.014476,0.000000,,0,0,0,1,1,0,-0.000140,-0.011071,0.8125,-0.0785,0.2658,2,ok
0,523,1.294469,1.295359,-2.795099,-0.009678,-0.009024,11.479947,0.200630,-0.197381,-0.197381,0.000000,C-06,0,0,0,1,1,0,-0.000127,-0.006684,0.7917,-0.0847,0.2641,2,ok
0,524,1.271833,1.286975,-2.810996,-0.009743,-0.024921,11.504086,0.201614,-0.234757,-0.234757,0.000000,,0,0,0,1,1,0,-0.002542,-0.012271,0.7500,-0.0613,0.2688,2,ok
0,525,1.252929,1.280389,-2.805352,-0.010186,-0.019278,11.524099,0.199862,0.129992,0.129992,0.000000,C-06,0,0,0,1,1,0,-0.003166,-0.025012,0.7500,-0.0962,0.2650,2,ok
0,526,1.234078,1.273840,-2.796638,-0.010758,-0.014906,11.543988,0.199317,0.154647,0.154647,0.000000,,0,0,0,1,1,0,-0.003634,-0.036057,0.7083,-0.1043,0.2638,2,ok
0,527,1.211515,1.265881,-2.791113,-0.011334,-0.009382,11.567907,0.199383,0.076646,0.076646,0.000000,,0,0,0,1,1,0,-0.004318,-0.024672,0.7917,-0.1009,0.2686,2,ok
0,528,1.192751,1.259186,-2.785045,-0.011718,-0.006328,11.587847,0.199120,0.109841,0.109841,0.000000,,0,0,0,1,1,0,-0.002456,-0.014564,0.8542,-0.1499,0.2659,3,ok
0,529,1.174021,1.252306,-2.781849,-0.011904,-0.003133,11.607800,0.199574,0.052690,0.052690,0.000000,,0,0,0,1,1,0,-0.003176,-0.003270,0.8125,-0.1402,0.2647,2,ok
0,530,1.151579,1.243992,-2.776628,-0.012093,0.000448,11.631670,0.199361,0.079297,0.079297,0.000000,,0,0,0,1,1,0,-0.003272,0.000521,0.8333,-0.1472,0.2655,2,ok
0,531,1.132906,1.236938,-2.773922,-0.012198,0.003154,11.651631,0.199628,0.046003,0.046003,0.000000,,0,0,0,1,1,0,-0.003682,0.009702,0.8125,-0.1354,0.2681,3,ok
0,532,1.114233,1.229753,-2.777002,-0.012181,0.000074,11.671637,0.200206,-0.064135,-0.064135,0.000000,,0,0,0,1,1,0,-0.003156,0.016431,0.7500,-0.1529,0.2674,2,ok
0,533,1.091730,1.221197,-2.797869,-0.012247,-0.020381,11.695718,0.201269,-0.330179,-0.330179,0.000000,C-06,0,0,0,1,1,0,-0.004262,0.018306,0.7500,-0.1308,0.2700,2,ok
0,534,1.072873,1.214255,-2.805100,-0.012515,-0.027611,11.715810,0.200899,-0.108814,-0.108814,0.000000,C-06,0,0,0,1,1,0,-0.003678,0.000876,0.7500,-0.2144,0.2674,2,ok
0,535,1.050238,1.206311,-2.799170,-0.013192,-0.021925,11.739794,0.199644,0.101482,0.101482,0.000000,C-06,0,0,0,1,1,0,-0.006469,0.003771,0.6875,-0.1791,0.2722,2,ok
0,536,1.031395,1.199600,-2.801146,-0.013661,-0.023900,11.759792,0.200131,-0.046868,-0.046868,0.000000,,0,0,0,1,1,0,-0.008477,0.009826,0.7500,-0.1544,0.2699,3,ok
0,537,1.012546,1.192923,-2.799779,-0.014142,-0.019859,11.779845,0.199906,0.030384,0.030384,0.000000,,0,0,0,1,1,0,-0.007477,0.009239,0.8333,-0.1908,0.2670,2,ok
0,538,0.989953,1.184914,-2.795160,-0.014633,-0.015241,11.803811,0.199621,0.070168,0.070168,0.000000,,0,0,0,1,1,0,-0.005996,0.009508,0.8125,-0.2444,0.2684,2,ok
0,539,0.971162,1.178239,-2.788564,-0.015028,-0.008645,11.823748,0.199205,0.120805,0.120805,0.000000,,0,0,0,1,1,0,-0.005683,0.015541,0.7917,-0.2527,0.2685,2,ok
0,540,0.952415,1.171495,-2.783156,-0.015369,-0.000270,11.843647,0.199244,0.094093,0.094093,0.000000,,0,0,0,1,1,0,-0.006071,0.023671,0.7708,-0.2455,0.2676,3,ok
0,541,0.929953,1.163162,-2.780213,-0.015544,0.002673,11.867604,0.199676,0.039963,0.039963,0.000000,,0,0,0,1,1,0,-0.005401,0.038679,0.7708,-0.2612,0.2658,2,ok
0,542,0.911209,1.156114,-2.791831,-0.015479,-0.004923,11.887776,0.200648,-0.230664,-0.230664,0.000000,C-06,0,0,0,1,1,0,-0.003301,0.051343,0.7708,-0.3144,0.2652,3,ok
0,543,0.892338,1.149091,-2.818379,-0.015415,-0.031471,11.907912,0.202130,-0.492047,-0.492047,0.000000,C-06,0,0,0,1,1,0,-0.003017,0.048170,0.7292,-0.3509,0.2650,3,ok
0,544,0.869550,1.141330,-2.824569,-0.015998,-0.033138,11.932008,0.200480,-0.059147,-0.059147,0.000000,C-06,0,0,0,1,1,0,-0.005109,0.028831,0.6875,-0.3553,0.2651,3,ok
0,545,0.850559,1.135084,-2.819782,-0.016666,-0.028350,11.951989,0.199732,0.096264,0.096264,0.000000,C-06,0,0,0,1,1,0,-0.006628,0.022843,0.7708,-0.3711,0.2667,2,ok
0,546,0.831582,1.128761,-2.821634,-0.017258,-0.030203,11.971983,0.200119,-0.043603,-0.043603,0.000000,,0,0,0,1,1,0,-0.006451,0.025877,0.7917,-0.3996,0.2644,2,ok
0,547,0.808803,1.121213,-2.820391,-0.017879,-0.022223,11.996070,0.199918,0.022491,0.022491,0.000000,,0,0,0,1,1,0,-0.005899,0.037527,0.8333,-0.4269,0.2673,3,ok
0,548,0.789836,1.114926,-2.817065,-0.018387,-0.018897,12.016045,0.199725,0.060116,0.060116,0.000000,,0,0,0,1,1,0,-0.008012,0.042017,0.8125,-0.4052,0.2703,2,ok
0,549,0.767101,1.107368,-2.813906,-0.018854,-0.008952,12.040129,0.199640,0.044836,0.044836,0.000000,,0,0,0,1,1,0,-0.006193,0.054185,0.8125,-0.4419,0.2713,2,ok
0,550,0.748175,1.101030,-2.810959,-0.019161,-0.006005,12.060086,0.199583,0.052006,0.052006,0.000000,,0,0,0,1,1,0,-0.005671,0.068649,0.7917,-0.4790,0.2686,3,ok
0,551,0.729237,1.094554,-2.818517,-0.019262,-0.005077,12.080286,0.200407,-0.149373,-0.149373,0.000000,C-06,0,0,0,1,1,0,-0.003388,0.074853,0.7917,-0.5257,0.2695,3,ok
0,552,0.706387,1.086823,-2.844675,-0.019326,-0.031235,12.104408,0.201729,-0.393977,-0.393977,0.000000,C-06,0,0,0,1,1,0,-0.003333,0.077952,0.7500,-0.5460,0.2661,3,ok
0,553,0.687222,1.080518,-2.858119,-0.019511,-0.034585,12.124772,0.201746,-0.214103,-0.214103,0.000000,C-06,0,0,0,1,1,0,-0.005407,0.066629,0.7292,-0.5436,0.2656,3,ok
0,554,0.668021,1.074837,-2.856907,-0.020142,-0.033373,12.144786,0.200081,0.038706,0.038706,0.000000,C-06,0,0,0,1,1,0,-0.006313,0.062915,0.7500,-0.5693,0.2654,3,ok
0,555,0.644976,1.068090,-2.860429,-0.020966,-0.036896,12.168783,0.200189,-0.056417,-0.056417,0.000000,,0,0,0,1,1,0,-0.008111,0.060046,0.7917,-0.5757,0.2665,3,ok
0,556,0.625754,1.062470,-2.863151,-0.021461,-0.028428,12.189023,0.200335,-0.045288,-0.045288,0.000000,,0,0,0,1,1,0,-0.008930,0.069083,0.8125,-0.6012,0.2683,3,ok
0,557,0.606517,1.056872,-2.865796,-0.021974,-0.031073,12.209051,0.200347,-0.044635,-0.044635,0.000000,,0,0,0,1,1,0,-0.007542,0.073834,0.8542,-0.6519,0.2709,3,ok
0,558,0.583422,1.050323,-2.866233,-0.022549,-0.019571,12.233355,0.200026,-0.003396,-0.003396,0.000000,,0,0,0,1,1,0,-0.008130,0.074594,0.7917,-0.6546,0.2716,3,ok
0,559,0.564174,1.044876,-2.866860,-0.022934,-0.020199,12.253356,0.200056,-0.011214,-0.011214,0.000000,,0,0,0,1,1,0,-0.008577,0.079991,0.7708,-0.6671,0.2715,3,ok
0,560,0.544901,1.039449,-2.876239,-0.023262,-0.016257,12.273664,0.200450,-0.173072,-0.173072,0.000000,C-06,0,0,0,1,1,0,-0.008700,0.102574,0.7500,-0.6903,0.2723,3,ok
0,561,0.521685,1.032939,-2.895217,-0.023484,-0.035235,12.297775,0.201362,-0.270134,-0.270134,0.000000,,0,0,0,1,1,0,-0.007773,0.108917,0.7292,-0.7518,0.2666,3,ok
0,562,0.502276,1.027884,-2.900081,-0.024040,-0.040099,12.315302,0.200518,-0.070208,-0.070208,0.000000,C-06,0,0,0,1,1,0,-0.010159,0.107864,0.7083,-0.7378,0.2644,3,ok
0,563,0.478976,1.022137,-2.898546,-0.024661,-0.024083,12.342134,0.199921,0.026112,0.026112,0.000000,,0,0,0,1,1,0,-0.010605,0.113116,0.7708,-0.7650,0.2672,3,ok
0,564,0.459549,1.017324,-2.905303,-0.025187,-0.030840,12.362141,0.200298,-0.123487,-0.123487,0.000000,,0,0,0,1,1,0,-0.010813,0.125553,0.7708,-0.7868,0.2628,3,ok
0,565,0.440100,1.012585,-2.907222,-0.025476,-0.016713,12.382577,0.200176,-0.024618,-0.024618,0.000000,,0,0,0,1,1,0,-0.012662,0.131215,0.8333,-0.7608,0.2625,3,ok
0,566,0.416752,1.006965,-2.908425,-0.025868,-0.017915,12.406588,0.200114,-0.015977,-0.015977,0.000000,,0,0,0,1,1,0,-0.014064,0.138998,0.8333,-0.7405,0.2601,3,ok
0,567,0.397293,1.002336,-2.908629,-0.026000,-0.000260,12.427010,0.200018,-0.002559,-0.002559,0.000000,,0,0,0,1,1,0,-0.013216,0.141848,0.7917,-0.7674,0.2624,3,ok
0,568,0.377830,0.997711,-2.910182,-0.026061,-0.001813,12.447015,0.200083,-0.027239,-0.027239,0.000000,,0,0,0,1,1,0,-0.012164,0.167158,0.7708,-0.8010,0.2592,3,ok
0,569,0.354430,0.992206,-2.926139,-0.025929,0.001917,12.471615,0.200650,-0.233214,-0.233214,0.000000,C-06,0,0,0,1,1,0,-0.013261,0.183967,0.7708,-0.7633,0.2587,3,ok
0,570,0.334855,0.987622,-2.944587,-0.025622,-0.016531,12.491717,0.201379,-0.304301,-0.304301,0.000000,,0,0,0,1,1,0,-0.017929,0.192528,0.7500,-0.6697,0.2601,3,ok
0,571,0.315224,0.983363,-2.953236,-0.025529,-0.004257,12.512356,0.200824,-0.125605,-0.125605,0.000000,C-06,0,0,0,1,1,0,-0.014615,0.201992,0.7083,-0.7504,0.2545,3,ok
0,572,0.291718,0.978779,-2.919110,-0.025545,0.029869,12.536304,0.198800,0.527896,0.527896,0.000000,C-06,0,0,0,1,1,0,-0.018728,0.196412,0.7708,-0.6698,0.2599,3,ok
0,573,0.272211,0.974373,-2.922367,-0.024967,0.026612,12.554059,0.200243,-0.110708,-0.110708,0.000000,C-06,0,0,0,1,1,0,-0.016389,0.230110,0.7708,-0.6452,0.2563,3,ok
0,574,0.252645,0.969929,-2.946007,-0.023855,0.027398,12.576893,0.201098,-0.419910,-0.419910,0.000000,C-06,0,0,0,1,1,0,-0.013627,0.259368,0.8125,-0.6334,0.2548,3,ok
0,575,0.229036,0.964598,-2.976456,-0.022613,-0.003051,12.601064,0.202173,-0.402307,-0.402307,0.000000,,0,0,0,1,1,0,-0.011470,0.254087,0.7917,-0.6635,0.2532,3,ok
0,576,0.209289,0.960850,-2.987297,-0.021813,0.011286,12.621664,0.200884,-0.151250,-0.151250,0.000000,C-06,0,0,0,1,1,0,-0.014516,0.230992,0.7708,-0.5894,0.2581,3,ok
0,577,0.185548,0.956564,-3.002294,-0.021073,-0.003712,12.645777,0.201109,-0.197745,-0.197745,0.000000,,0,0,0,1,1,0,-0.013962,0.247422,0.7917,-0.5571,0.2581,3,ok
0,578,0.161744,0.952393,-3.026353,-0.019704,-0.000026,12.670613,0.201663,-0.314395,-0.314395,0.000000,,0,0,0,1,1,0,-0.011859,0.245627,0.7292,-0.5697,0.2573,3,ok
0,579,0.141853,0.949055,-3.048561,-0.018654,-0.022234,12.690755,0.201618,-0.337682,-0.337682,0.000000,,0,0,0,1,1,0,-0.010875,0.239023,0.7292,-0.5530,0.2582,3,ok
0,580,0.117965,0.946700,-3.039859,-0.018518,0.016686,12.715232,0.199876,0.138730,0.138730,0.000000,C-06,0,0,0,1,1,0,-0.011727,0.237625,0.7292,-0.5185,0.2612,3,ok
0,581,0.098115,0.944806,-2.991326,-0.018393,0.065219,12.735172,0.198743,0.883882,0.883882,0.000000,C-06,0,0,0,1,1,0,-0.010461,0.247671,0.7500,-0.4309,0.2593,3,ok
0,582,0.074420,0.941641,-2.976358,-0.016701,0.112830,12.759639,0.199268,0.139400,0.139400,0.000000,C-06,0,0,0,1,1,0,-0.006716,0.261580,0.8125,-0.4592,0.2611,3,ok
0,583,0.054690,0.938419,-2.978569,-0.014560,0.110619,12.779515,0.200005,-0.048613,-0.048613,0.000000,C-06,0,0,0,1,1,0,0.005083,0.334647,0.7292,-0.4694,0.2563,3,ok
0,584,0.030968,0.934516,-3.002125,-0.011359,0.119944,12.803821,0.200679,-0.329721,-0.329721,0.000000,C-06,0,0,0,1,1,0,0.008755,0.346171,0.6667,-0.4528,0.2569,3,ok
0,585,0.011125,0.931264,-3.031834,-0.008497,0.090236,12.823724,0.201403,-0.467967,-0.467967,0.000000,,0,0,0,1,1,0,0.013081,0.343438,0.6458,-0.4287,0.2540,3,ok
0,586,-0.012783,0.927361,-3.080498,-0.004524,0.076267,12.847872,0.202230,-0.617854,-0.617854,0.000000,,0,0,0,1,1,0,0.012393,0.325467,0.6458,-0.3542,0.2557,3,ok
0,587,-0.036761,0.924071,-3.119944,-0.000868,0.036821,12.871797,0.201392,-0.468384,-0.468384,0.000000,,0,0,0,1,1,0,0.012379,0.293648,0.6250,-0.3234,0.2539,3,ok
0,588,-0.056760,0.922360,3.137530,0.001624,0.044909,12.891719,0.200531,-0.357237,-0.357237,0.000000,,0,0,0,1,1,0,0.015410,0.262405,0.6250,-0.3474,0.2581,3,ok
0,589,-0.080759,0.922249,3.132826,0.002939,0.040206,12.915682,0.199993,-0.038196,-0.038196,0.000000,C-06,0,0,0,1,1,0,0.016520,0.239641,0.7083,-0.3287,0.2627,3,ok
0,590,-0.100759,0.922384,3.136802,0.004206,0.076431,12.935525,0.200003,0.064422,0.064422,0.000000,,0,0,0,1,1,0,0.018867,0.237319,0.7500,-0.2891,0.2593,3,ok
0,591,-0.124755,0.922495,3.111749,0.006123,0.051378,12.959445,0.199920,-0.343856,-0.343856,0.000000,C-06,0,0,0,1,1,0,0.025443,0.243924,0.7083,-0.3513,0.2625,3,ok
0,592,-0.144732,0.922584,3.075451,0.007994,0.045751,12.979123,0.199591,-0.545570,-0.545570,0.000000,C-06,0,0,0,1,1,0,0.024998,0.236110,0.6875,-0.2937,0.2621,3,ok
0,593,-0.168652,0.922913,3.046146,0.010399,0.016446,13.002924,0.199187,-0.351915,-0.351915,0.000000,C-06,0,0,0,1,1,0,0.023080,0.205876,0.7292,-0.2472,0.2625,3,ok
0,594,-0.188540,0.923867,3.025845,0.011888,0.024347,13.022471,0.199025,-0.304133,-0.304133,0.000000,,0,0,0,1,1,0,0.025172,0.186779,0.7292,-0.2973,0.2621,3,ok
0,595,-0.212339,0.925466,2.998603,0.013663,-0.002895,13.046258,0.198614,-0.352324,-0.352324,0.000000,,0,0,0,1,1,0,0.022699,0.160298,0.6667,-0.2024,0.2668,3,ok
0,596,-0.236086,0.928763,2.995394,0.013933,0.019845,13.069858,0.199893,-0.020966,-0.020966,0.000000,C-06,0,0,0,1,1,0,0.023410,0.148145,0.7083,-0.2204,0.2611,3,ok
0,597,-0.255905,0.931664,3.023776,0.014399,0.048227,13.089883,0.200686,0.508551,0.508551,0.000000,C-06,0,0,0,1,1,0,0.024180,0.139422,0.6667,-0.2052,0.2706,3,ok
0,598,-0.279769,0.935151,3.045251,0.015045,0.093171,13.113655,0.201159,0.253796,0.253796,0.000000,C-06,0,0,0,1,1,0,0.027762,0.161707,0.7292,-0.2141,0.2606,3,ok
0,599,-0.299682,0.937313,3.050471,0.016705,0.098391,13.133616,0.200234,0.062870,0.062870,0.000000,C-06,0,0,0,1,1,0,0.031654,0.195349,0.7292,-0.1805,0.2646,3,ok
0,600,-0.323553,0.939509,3.023276,0.019086,0.071196,13.157470,0.199464,-0.382160,-0.382160,0.000000,C-06,0,0,0,1,1,0,0.037097,0.218697,0.6667,-0.1594,0.2599,3,ok
0,601,-0.343361,0.941327,2.980615,0.021511,0.050022,13.176769,0.198327,-0.697322,-0.697322,0.000000,C-06,0,0,0,1,1,0,0.038564,0.213722,0.7083,-0.1696,0.2609,3,ok
0,602,-0.366989,0.944082,2.952172,0.023844,0.021579,13.200443,0.198154,-0.350095,-0.350095,0.000000,C-06,0,0,0,1,1,0,0.036799,0.183070,0.7083,-0.1443,0.2578,3,ok
0,603,-0.386614,0.947500,2.943873,0.024939,0.032984,13.219912,0.199293,-0.115575,-0.115575,0.000000,C-06,0,0,0,1,1,0,0.033829,0.140204,0.6667,-0.0761,0.2626,3,ok
0,604,-0.410088,0.951868,2.918582,0.026080,0.007693,13.243762,0.198480,-0.364086,-0.364086,0.000000,C-06,0,0,0,1,1,0,0.037666,0.133991,0.6667,-0.1444,0.2631,3,ok
0,605,-0.433417,0.956272,2.890302,0.027397,-0.002596,13.267008,0.197451,-0.390035,-0.390035,0.000000,,0,0,0,1,1,0,0.035807,0.111120,0.6250,-0.0913,0.2676,3,ok
0,606,-0.452817,0.961044,2.906542,0.027554,0.013645,13.286986,0.200466,0.353705,0.353705,0.000000,C-06,0,0,0,1,1,0,0.038297,0.090019,0.7292,-0.1554,0.2641,3,ok
0,607,-0.476194,0.966896,2.919225,0.027823,0.042739,13.310581,0.201055,0.160003,0.160003,0.000000,C-06,0,0,0,1,1,0,0.036819,0.084762,0.7708,-0.0916,0.2640,3,ok
0,608,-0.495693,0.971392,2.914314,0.028634,0.037827,13.330575,0.199925,-0.100300,-0.100300,0.000000,C-06,0,0,0,1,1,0,0.041160,0.119968,0.7083,-0.0940,0.2645,3,ok
0,609,-0.519012,0.976751,2.890373,0.029693,0.029011,13.354068,0.198860,-0.346148,-0.346148,0.000000,C-06,0,0,0,1,1,0,0.042307,0.109161,0.7292,-0.0798,0.2646,3,ok
0,610,-0.538322,0.981218,2.865387,0.030759,0.004024,13.373858,0.197608,-0.422967,-0.422967,0.000000,,0,0,0,1,1,0,0.044528,0.105328,0.6875,-0.1218,0.2668,3,ok
0,611,-0.561319,0.986810,2.837732,0.031767,-0.023630,13.397395,0.197149,-0.390562,-0.390562,0.000000,,0,0,0,1,1,0,0.039021,0.076373,0.7083,-0.0340,0.2683,3,ok
0,612,-0.580336,0.992019,2.815792,0.032338,-0.031674,13.416729,0.197153,-0.378615,-0.378615,0.000000,,0,0,0,1,1,0,0.038491,0.045874,0.6875,-0.0546,0.2658,3,ok
0,613,-0.603037,0.999445,2.807565,0.031866,-0.039901,13.440610,0.199181,-0.102756,-0.102756,0.000000,C-06,0,0,0,1,1,0,0.036305,0.028671,0.6875,-0.0380,0.2702,3,ok
0,614,-0.625776,1.007236,2.826522,0.031259,-0.009122,13.464288,0.200916,0.304004,0.304004,0.000000,C-06,0,0,0,1,1,0,0.037209,0.027109,0.7083,-0.0563,0.2638,3,ok
0,615,-0.644817,1.013652,2.833942,0.030906,-0.001702,13.484378,0.200917,0.112483,0.112483,0.000000,C-06,0,0,0,1,1,0,0.035411,0.039611,0.7500,-0.0084,0.2685,3,ok
0,616,-0.667742,1.021225,2.849425,0.030778,0.025002,13.508180,0.201601,0.231091,0.231091,0.000000,,0,0,0,1,1,0,0.037610,0.050325,0.7292,-0.0257,0.2628,3,ok
0,617,-0.686915,1.027214,2.855869,0.031094,0.031446,13.528263,0.200788,0.098861,0.098861,0.000000,,0,0,0,1,1,0,0.038677,0.054843,0.7917,-0.0098,0.2632,3,ok
0,618,-0.709908,1.034044,2.844729,0.031875,0.029881,13.551992,0.199536,-0.176606,-0.176606,0.000000,C-06,0,0,0,1,1,0,0.042620,0.071795,0.7083,0.0093,0.2633,3,ok
0,619,-0.728984,1.039723,2.827388,0.032610,0.012540,13.571882,0.198563,-0.310974,-0.310974,0.000000,,0,0,0,1,1,0,0.043142,0.066185,0.7083,0.0160,0.2655,3,ok
0,620,-0.751748,1.046651,2.811597,0.033344,-0.003252,13.592434,0.198263,-0.223334,-0.223334,0.000000,,0,0,0,1,1,0,0.043113,0.053363,0.6667,0.0075,0.2624,3,ok
0,621,-0.770591,1.052736,2.786791,0.033870,-0.019444,13.615094,0.197298,-0.457708,-0.457708,0.000000,C-06,0,0,0,1,1,0,0.041108,0.036246,0.7083,0.0389,0.2671,3,ok
0,622,-0.793093,1.060963,2.788072,0.033552,-0.018162,13.639051,0.199931,0.051221,0.051221,0.000000,C-06,0,0,0,1,1,0,0.038259,0.016588,0.6667,0.0618,0.2651,3,ok
0,623,-0.815732,1.069267,2.821513,0.033359,0.022573,13.662929,0.201962,0.528699,0.528699,0.000000,C-06,0,0,0,1,1,0,0.038464,0.014811,0.6667,0.0615,0.2640,3,ok
0,624,-0.834755,1.075881,2.832636,0.033553,0.033695,13.683069,0.201328,0.161180,0.161180,0.000000,C-06,0,0,0,1,1,0,0.039687,0.032643,0.7500,0.0990,0.2694,3,ok
0,625,-0.857582,1.083278,2.820749,0.034396,0.028308,13.706838,0.199512,-0.198482,-0.198482,0.000000,C-06,0,0,0,1,1,0,0.043418,0.046150,0.6875,0.0698,0.2658,3,ok
0,626,-0.876534,1.089417,2.812371,0.035138,0.019930,13.726746,0.198993,-0.141245,-0.141245,0.000000,,0,0,0,1,1,0,0.046059,0.046900,0.7292,0.0668,0.2646,3,ok
0,627,-0.899225,1.097024,2.807492,0.035832,0.020343,13.750508,0.199466,-0.066581,-0.066581,0.000000,,0,0,0,1,1,0,0.044653,0.034959,0.7083,0.1103,0.2664,3,ok
0,628,-0.918089,1.103456,2.797845,0.036358,0.010696,13.770432,0.199028,-0.178266,-0.178266,0.000000,,0,0,0,1,1,0,0.044872,0.028369,0.7292,0.1218,0.2638,3,ok
0,629,-0.940653,1.111320,2.790252,0.036844,0.006852,13.794183,0.199139,-0.107494,-0.107494,0.000000,,0,0,0,1,1,0,0.042504,0.026160,0.7292,0.1661,0.2660,3,ok
0,630,-0.959375,1.118104,2.772742,0.037066,-0.010659,13.814094,0.198606,-0.331467,-0.331467,0.000000,C-06,0,0,0,1,1,0,0.045258,0.009672,0.7083,0.1172,0.2646,3,ok
0,631,-0.981787,1.126739,2.780562,0.036850,-0.002839,13.838111,0.200520,0.142919,0.142919,0.000000,C-06,0,0,0,1,1,0,0.040974,-0.010435,0.7083,0.1810,0.2663,3,ok
0,632,-1.004397,1.135276,2.822974,0.036910,0.042679,13.862098,0.202674,0.669154,0.669154,0.000000,C-06,0,0,0,1,1,0,0.044221,-0.011415,0.6250,0.1245,0.2637,3,ok
0,633,-1.023382,1.141615,2.817133,0.037739,0.036838,13.882096,0.199737,-0.162882,-0.162882,0.000000,C-06,0,0,0,1,1,0,0.047022,0.014852,0.7292,0.1533,0.2660,3,ok
0,634,-1.046095,1.149154,2.807983,0.038761,0.029753,13.906033,0.199170,-0.131205,-0.131205,0.000000,,0,0,0,1,1,0,0.047492,0.034838,0.7292,0.1993,0.2666,3,ok
0,635,-1.064982,1.155617,2.805191,0.039426,0.026961,13.925983,0.199664,-0.041650,-0.041650,0.000000,,0,0,0,1,1,0,0.047992,0.013940,0.7083,0.2212,0.2686,3,ok
0,636,-1.087622,1.163430,2.801535,0.040194,0.024188,13.949801,0.199563,-0.054314,-0.054314,0.000000,,0,0,0,1,1,0,0.048783,0.004868,0.7292,0.2152,0.2659,3,ok
0,637,-1.106450,1.170006,2.792845,0.040793,0.015498,13.969735,0.199171,-0.162765,-0.162765,0.000000,,0,0,0,1,1,0,0.049870,0.003614,0.6875,0.2096,0.2672,3,ok
0,638,-1.128962,1.177925,2.782309,0.041452,0.004626,13.993620,0.198765,-0.155095,-0.155095,0.000000,,0,0,0,1,1,0,0.049247,-0.001988,0.7083,0.2286,0.2681,3,ok
0,639,-1.147635,1.184656,2.767629,0.041836,-0.010054,14.013465,0.198045,-0.272778,-0.272778,0.000000,,0,0,0,1,1,0,0.047878,-0.008613,0.6875,0.2474,0.2657,3,ok
0,640,-1.169885,1.192865,2.747065,0.042117,-0.030618,14.037180,0.197584,-0.311149,-0.311149,0.000000,,0,0,0,1,1,0,0.047878,-0.008613,0.6875,0.2474,0.2657,3,ok
0,641,-1.192051,1.202034,2.750667,0.041424,-0.027769,14.061247,0.200207,0.078578,0.078578,0.000000,C-06,0,0,0,1,1,0,0.039853,-0.057438,0.7083,0.3673,0.2711,3,ok
0,642,-1.210534,1.209654,2.747879,0.040868,-0.030556,14.081231,0.199795,-0.060648,-0.060648,0.000000,,0,0,0,1,1,0,0.042074,-0.072391,0.7083,0.3341,0.2741,3,ok
0,643,-1.232687,1.218811,2.745760,0.040159,-0.035185,14.105239,0.199761,-0.029797,-0.029797,0.000000,,0,0,0,1,1,0,0.041106,-0.073231,0.7917,0.3600,0.2739,2,ok
0,644,-1.251144,1.226505,2.746792,0.039501,-0.034153,14.125224,0.200017,0.023079,0.023079,0.000000,,0,0,0,1,1,0,0.039986,-0.080437,0.8125,0.3651,0.2673,3,ok
0,645,-1.273276,1.235735,2.741791,0.038681,-0.043031,14.149299,0.199654,-0.082410,-0.082410,0.000000,,0,0,0,1,1,0,0.038160,-0.086046,0.8125,0.4093,0.2650,2,ok
0,646,-1.291649,1.243518,2.728003,0.037854,-0.056820,14.169235,0.199081,-0.270577,-0.270577,0.000000,C-06,0,0,0,1,1,0,0.035754,-0.098548,0.7708,0.4533,0.2656,2,ok
0,647,-1.313611,1.253142,2.725990,0.036547,-0.064024,14.193389,0.199875,-0.015877,-0.015877,0.000000,C-06,0,0,0,1,1,0,0.036065,-0.111199,0.7500,0.3995,0.2645,2,ok
0,648,-1.331898,1.261187,2.723156,0.035329,-0.066858,14.213330,0.199681,-0.055482,-0.055482,0.000000,,0,0,0,1,1,0,0.031617,-0.122791,0.7292,0.4659,0.2634,2,ok
0,649,-1.353772,1.270931,2.711267,0.033760,-0.078747,14.237225,0.199141,-0.192746,-0.192746,0.000000,,0,0,0,1,1,0,0.028453,-0.131861,0.7292,0.5108,0.2640,2,ok
0,650,-1.375744,1.280909,2.748686,0.031850,-0.047780,14.261534,0.202537,0.638935,0.638935,0.000000,C-06,0,0,0,1,1,0,0.026131,-0.156833,0.7292,0.5176,0.2623,2,ok
0,651,-1.394362,1.289240,2.787632,0.030325,-0.008834,14.281873,0.205127,0.704351,0.704351,0.000000,,0,0,0,1,1,0,0.027169,-0.144356,0.7500,0.5197,0.2639,2,ok
0,652,-1.416992,1.298414,2.815629,0.029243,0.011298,14.306528,0.203330,0.386185,0.386185,0.000000,C-06,0,0,0,1,1,0,0.030798,-0.115822,0.8333,0.5126,0.2640,2,ok
0,653,-1.435944,1.304942,2.815459,0.029353,0.011128,14.326573,0.200143,-0.039098,-0.039098,0.000000,C-06,0,0,0,1,1,0,0.035321,-0.088030,0.7708,0.5063,0.2656,2,ok
0,654,-1.458604,1.312638,2.794512,0.029531,-0.019822,14.350723,0.198767,-0.330510,-0.330510,0.000000,C-06,0,0,0,1,1,0,0.034938,-0.092112,0.7500,0.5318,0.2633,2,ok
0,655,-1.477384,1.319248,2.787383,0.029359,-0.026951,14.370632,0.199137,-0.107711,-0.107711,0.000000,C-06,0,0,0,1,1,0,0.032596,-0.109374,0.7708,0.5511,0.2656,2,ok
0,656,-1.499934,1.327481,2.798440,0.028872,-0.015894,14.394332,0.200449,0.181671,0.181671,0.000000,C-06,0,0,0,1,1,0,0.033065,-0.132077,0.8125,0.5150,0.2629,2,ok
0,657,-1.518689,1.334238,2.771434,0.028352,-0.053941,14.414846,0.198399,-0.553219,-0.553219,0.000000,C-06,0,0,0,1,1,0,0.032940,-0.136446,0.7708,0.5122,0.2618,2,ok
0,658,-1.540966,1.342418,2.750298,0.027593,-0.075077,14.438566,0.197649,-0.302172,-0.302172,0.000000,C-06,0,0,0,1,1,0,0.031465,-0.170032,0.7708,0.4846,0.2598,2,ok
0,659,-1.563358,1.351415,2.805951,0.025814,-0.032312,14.463078,0.203159,0.947817,0.947817,0.000000,C-06,0,0,0,1,1,0,0.030821,-0.213803,0.7708,0.4652,0.2487,2,ok
0,660,-1.582419,1.358956,2.863857,0.024313,0.025594,14.483521,0.206425,1.000000,1.000000,0.000000,,0,0,0,1,1,0,0.030182,-0.193622,0.7708,0.4791,0.2577,2,ok
0,661,-1.605559,1.365986,2.878620,0.024390,0.024961,14.508016,0.201154,0.147492,0.147492,0.000000,C-06,0,0,0,1,1,0,0.034893,-0.152050,0.8125,0.4668,0.2559,2,ok
0,662,-1.624876,1.371213,2.879494,0.024919,0.025835,14.528020,0.200023,0.003064,0.003064,0.000000,,0,0,0,1,1,0,0.039462,-0.122628,0.7917,0.4329,0.2605,2,ok
0,663,-1.648029,1.377432,2.870184,0.025598,0.016526,14.549697,0.199549,-0.141297,-0.141297,0.000000,,0,0,0,1,1,0,0.040592,-0.129637,0.8333,0.4066,0.2610,2,ok
0,664,-1.667305,1.382771,2.874165,0.025604,0.002139,14.572445,0.200162,0.083525,0.083525,0.000000,C-06,0,0,0,1,1,0,0.040016,-0.147194,0.7917,0.3733,0.2610,2,ok
0,665,-1.690429,1.389118,2.866064,0.025722,-0.005962,14.596424,0.199605,-0.125305,-0.125305,0.000000,C-06,0,0,0,1,1,0,0.037320,-0.171452,0.7708,0.4106,0.2647,2,ok
0,666,-1.709632,1.394405,2.849705,0.025513,-0.042071,14.616854,0.198753,-0.292603,-0.292603,0.000000,C-06,0,0,0,1,1,0,0.035189,-0.193454,0.7500,0.3865,0.2640,2,ok
0,667,-1.732640,1.401295,2.857981,0.024596,-0.033795,14.640855,0.200449,0.138120,0.138120,0.000000,C-06,0,0,0,1,1,0,0.031918,-0.216222,0.7500,0.3637,0.2629,2,ok
0,668,-1.755827,1.408065,2.909822,0.023582,-0.005975,14.665584,0.202523,0.793013,0.793013,0.000000,C-06,0,0,0,1,1,0,0.029118,-0.221407,0.7083,0.3720,0.2641,2,ok
0,669,-1.775327,1.413067,2.922791,0.023118,0.006994,14.685710,0.201175,0.162519,0.162519,0.000000,C-06,0,0,0,1,1,0,0.027897,-0.214851,0.7500,0.3827,0.2629,2,ok
0,670,-1.798843,1.418653,2.961366,0.022993,0.045569,14.707884,0.202102,0.551106,0.551106,0.000000,C-06,0,0,0,1,1,0,0.029519,-0.175740,0.7500,0.3992,0.2679,2,ok
0,671,-1.818525,1.422310,2.962986,0.023361,0.019870,14.730431,0.200050,-0.012200,-0.012200,0.000000,C-06,0,0,0,1,1,0,0.032030,-0.143915,0.7917,0.3508,0.2671,2,ok
0,672,-1.842126,1.426607,2.954301,0.023952,0.011185,14.754413,0.199754,-0.123914,-0.123914,0.000000,,0,0,0,1,1,0,0.030689,-0.139662,0.8333,0.3683,0.2650,2,ok
0,673,-1.861775,1.430330,2.954056,0.023846,-0.020275,14.775229,0.200010,0.005171,0.005171,0.000000,,0,0,0,1,1,0,0.030112,-0.150907,0.8125,0.3324,0.2640,2,ok
0,674,-1.885396,1.434805,2.975370,0.023447,0.001039,14.799267,0.200701,0.307166,0.307166,0.000000,C-06,0,0,0,1,1,0,0.026299,-0.166603,0.8125,0.3612,0.2644,2,ok
0,675,-1.905156,1.438533,2.999037,0.022988,-0.006084,14.820167,0.201414,0.375358,0.375358,0.000000,,0,0,0,1,1,0,0.025837,-0.157567,0.7500,0.3622,0.2623,2,ok
0,676,-1.928907,1.442045,2.993105,0.022733,-0.012015,14.844175,0.199885,-0.109287,-0.109287,0.000000,C-06,0,0,0,1,1,0,0.026071,-0.149340,0.7708,0.3573,0.2630,2,ok
0,677,-1.952652,1.445600,2.999639,0.022434,-0.005481,14.868183,0.200192,0.097926,0.097926,0.000000,C-06,0,0,0,1,1,0,0.022338,-0.145672,0.7500,0.4051,0.2698,2,ok
0,678,-1.972503,1.448448,3.053333,0.021579,0.018794,14.889103,0.201165,1.000000,1.000000,0.000000,C-06,0,0,0,1,1,0,0.020616,-0.155555,0.7083,0.4079,0.2664,2,ok
0,679,-1.996460,1.451852,3.116138,0.020504,0.081599,14.913277,0.201922,0.754006,0.754006,0.000000,C-06,0,0,0,1,1,0,0.023829,-0.135199,0.7500,0.3710,0.2625,3,ok
0,680,-2.016453,1.452509,3.108155,0.021567,0.047140,14.933729,0.199942,-0.210294,-0.210294,0.000000,C-06,0,0,0,1,1,0,0.032584,-0.060358,0.8333,0.3365,0.2617,3,ok
0,681,-2.040431,1.453039,3.088600,0.022816,0.027585,14.957680,0.199777,-0.238666,-0.238666,0.000000,,0,0,0,1,1,0,0.031415,-0.062547,0.8333,0.3888,0.2696,3,ok
0,682,-2.060398,1.453748,3.080812,0.023588,0.019797,14.976691,0.199792,-0.104608,-0.104608,0.000000,,0,0,0,1,1,0,0.030141,-0.084558,0.7708,0.3849,0.2662,2,ok
0,683,-2.084360,1.455126,3.091320,0.023573,0.007284,15.002036,0.200084,0.146698,0.146698,0.000000,C-06,0,0,0,1,1,0,0.030354,-0.098642,0.7708,0.3392,0.2666,2,ok
0,684,-2.104325,1.456180,3.070409,0.023671,-0.013628,15.022028,0.199786,-0.373586,-0.373586,0.000000,C-06,0,0,0,1,1,0,0.027808,-0.103717,0.7917,0.4101,0.2679,3,ok
0,685,-2.128196,1.457432,3.004431,0.023459,-0.098180,15.046390,0.198481,-0.888064,-0.888064,0.000000,C-06,0,0,0,1,1,0,0.025805,-0.126477,0.7708,0.3841,0.2669,2,ok
0,686,-2.151942,1.460343,2.991992,0.021457,-0.110619,15.070231,0.199503,-0.100586,-0.100586,0.000000,C-06,0,0,0,1,1,0,0.019762,-0.186445,0.6875,0.3643,0.2652,2,ok
0,687,-2.171759,1.463252,3.030360,0.019149,-0.089384,15.090474,0.200873,0.738321,0.738321,0.000000,C-06,0,0,0,1,1,0,0.014207,-0.227875,0.7708,0.4083,0.2625,2,ok
0,688,-2.195661,1.466785,3.072792,0.016121,-0.046952,15.114445,0.201661,0.514198,0.514198,0.000000,C-06,0,0,0,1,1,0,0.012490,-0.221519,0.7917,0.3891,0.2613,2,ok
0,689,-2.215620,1.468490,3.080653,0.014836,-0.039091,15.133328,0.200228,0.082926,0.082926,0.000000,C-06,0,0,0,1,1,0,0.015139,-0.169216,0.7917,0.3651,0.2654,2,ok
0,690,-2.239588,1.470340,3.101136,0.013058,-0.036251,15.158666,0.200421,0.263888,0.263888,0.000000,C-06,0,0,0,1,1,0,0.016094,-0.164417,0.7917,0.3402,0.2643,2,ok
0,691,-2.259577,1.471857,3.116842,0.011617,-0.020544,15.178661,0.200451,0.224048,0.224048,0.000000,,0,0,0,1,1,0,0.012383,-0.150713,0.8125,0.4101,0.2660,2,ok
0,692,-2.283574,1.473475,3.139141,0.009825,-0.015461,15.202817,0.200360,0.267589,0.267589,0.000000,,0,0,0,1,1,0,0.012283,-0.137255,0.7917,0.4034,0.2644,2,ok
0,693,-2.303572,1.474637,-3.115706,0.008433,0.012877,15.222800,0.200278,0.417111,0.417111,0.000000,,0,0,0,1,1,0,0.011988,-0.126932,0.7917,0.4076,0.2649,2,ok
0,694,-2.327559,1.474636,-3.102239,0.007980,0.009097,15.246939,0.199858,0.144889,0.144889,0.000000,C-06,0,0,0,1,1,0,0.014675,-0.108611,0.7708,0.3731,0.2639,2,ok
0,695,-2.351544,1.473759,-3.112928,0.008123,-0.001591,15.270940,0.200060,-0.149741,-0.149741,0.000000,C-06,0,0,0,1,1,0,0.014177,-0.104521,0.7292,0.4012,0.2629,2,ok
0,696,-2.371536,1.473181,-3.111805,0.008090,-0.000469,15.289856,0.199991,0.030955,0.030955,0.000000,C-06,0,0,0,1,1,0,0.012216,-0.113079,0.7500,0.4114,0.2671,2,ok
0,697,-2.395501,1.472506,-3.060860,0.007597,0.032826,15.315050,0.199470,0.729248,0.729248,0.000000,C-06,0,0,0,1,1,0,0.008188,-0.125449,0.7083,0.4544,0.2729,2,ok
0,698,-2.415398,1.471945,-3.020409,0.007206,0.073276,15.334950,0.198664,0.601161,0.601161,0.000000,,0,0,0,1,1,0,0.010273,-0.112249,0.7708,0.4414,0.2694,2,ok
0,699,-2.439212,1.469156,-3.016659,0.008562,0.059319,15.359021,0.199963,0.008263,0.008263,0.000000,C-06,0,0,0,1,1,0,0.018226,-0.052893,0.8750,0.4128,0.2666,3,ok
0,700,-2.459062,1.466692,-3.022223,0.009727,0.053755,15.378990,0.200091,-0.093557,-0.093557,0.000000,,0,0,0,1,1,0,0.019003,-0.046988,0.7917,0.4309,0.2683,3,ok
0,701,-2.482927,1.463736,-3.052136,0.010954,0.006179,15.403209,0.200691,-0.407904,-0.407904,0.000000,C-06,0,0,0,1,1,0,0.019776,-0.056469,0.8125,0.4161,0.2671,2,ok
0,702,-2.502859,1.461424,-3.064834,0.011577,-0.006519,15.423265,0.200620,-0.170095,-0.170095,0.000000,C-06,0,0,0,1,1,0,0.016557,-0.104560,0.8125,0.4172,0.2694,3,ok
0,703,-2.526799,1.459034,-3.076750,0.011941,-0.018434,15.446513,0.200459,-0.145898,-0.145898,0.000000,,0,0,0,1,1,0,0.014049,-0.126007,0.7708,0.4386,0.2622,2,ok
0,704,-2.550740,1.457381,-3.064571,0.011180,-0.023927,15.471494,0.199871,0.173941,0.173941,0.000000,C-06,0,0,0,1,1,0,0.011904,-0.141574,0.7917,0.4501,0.2659,2,ok
0,705,-2.570656,1.456034,-3.033502,0.010530,0.007141,15.491445,0.199328,0.510846,0.510846,0.000000,C-06,0,0,0,1,1,0,0.009552,-0.145117,0.7292,0.4912,0.2686,2,ok
0,706,-2.594487,1.454259,-3.013319,0.009599,0.009596,15.515518,0.199069,0.242859,0.242859,0.000000,C-06,0,0,0,1,1,0,0.011589,-0.137941,0.7500,0.4621,0.2668,2,ok
0,707,-2.614296,1.452543,-2.993037,0.008952,0.029877,15.535391,0.198650,0.320807,0.320807,0.000000,,0,0,0,1,1,0,0.013397,-0.114143,0.7917,0.4602,0.2637,2,ok
0,708,-2.638028,1.449053,-2.992296,0.009454,0.013406,15.559534,0.200007,-0.010977,-0.010977,0.000000,C-06,0,0,0,1,1,0,0.014232,-0.094506,0.7917,0.4770,0.2663,2,ok
0,709,-2.657813,1.446073,-2.997795,0.009720,0.007906,15.579540,0.200157,-0.092832,-0.092832,0.000000,,0,0,0,1,1,0,0.014687,-0.097720,0.8333,0.4646,0.2654,2,ok
0,710,-2.681548,1.442631,-2.986351,0.009907,0.019351,15.603126,0.199671,0.169232,0.169232,0.000000,C-06,0,0,0,1,1,0,0.013508,-0.106774,0.8333,0.4846,0.2659,2,ok
0,711,-2.701279,1.439772,-2.967831,0.009701,0.019076,15.623633,0.199089,0.304586,0.304586,0.000000,,0,0,0,1,1,0,0.013755,-0.110586,0.7917,0.4883,0.2690,2,ok
0,712,-2.724897,1.435936,-2.959272,0.009873,0.027635,15.647561,0.199424,0.099315,0.099315,0.000000,C-06,0,0,0,1,1,0,0.013674,-0.108157,0.7708,0.5181,0.2666,2,ok
0,713,-2.748543,1.431667,-2.982755,0.010196,-0.013647,15.671753,0.200652,-0.346724,-0.346724,0.000000,C-06,0,0,0,1,1,0,0.014467,-0.107499,0.7500,0.5019,0.2614,2,ok
0,714,-2.768288,1.428501,-2.979282,0.009967,-0.010173,15.691750,0.199853,0.087988,0.087988,0.000000,C-06,0,0,0,1,1,0,0.013610,-0.126294,0.7083,0.4840,0.2604,2,ok
0,715,-2.791851,1.424639,-2.914153,0.009589,0.035980,15.715854,0.197645,1.000000,1.000000,0.000000,C-06,0,0,0,1,1,0,0.009158,-0.144202,0.7083,0.5316,0.2605,2,ok
0,716,-2.811229,1.421404,-2.870737,0.009026,0.079396,15.735492,0.195670,0.692762,0.692762,0.000000,C-06,0,0,0,1,1,0,0.010618,-0.102090,0.7500,0.5927,0.2783,2,ok
0,717,-2.834337,1.415180,-2.869176,0.010679,0.080957,15.759367,0.199880,-0.033515,-0.033515,0.000000,C-06,0,0,0,1,1,0,0.016470,-0.061068,0.7500,0.5942,0.2650,3,ok
0,718,-2.853623,1.409827,-2.878778,0.011946,0.052569,15.779490,0.200387,-0.174772,-0.174772,0.000000,,0,0,0,1,1,0,0.018082,-0.053100,0.8125,0.6097,0.2665,2,ok
0,719,-2.876817,1.403428,-2.884100,0.013421,0.047247,15.803505,0.200515,-0.067773,-0.067773,0.000000,,0,0,0,1,1,0,0.018188,-0.059461,0.8333,0.6119,0.2658,3,ok
0,720,-2.896190,1.398209,-2.898230,0.014268,0.012962,15.823873,0.200944,-0.253184,-0.253184,0.000000,C-06,0,0,0,1,1,0,0.017478,-0.087549,0.7917,0.6279,0.2714,2,ok
0,721,-2.919545,1.391955,-2.920967,0.015007,-0.009774,15.848039,0.201948,-0.315639,-0.315639,0.000000,,0,0,0,1,1,0,0.011453,-0.113598,0.7917,0.7538,0.2759,2,ok
0,722,-2.942967,1.386602,-2.920878,0.014732,-0.028735,15.872311,0.200059,0.024903,0.024903,0.000000,C-06,0,0,0,1,1,0,0.006476,-0.143418,0.7917,0.8407,0.2714,2,ok
0,723,-2.962440,1.382219,-2.900316,0.014205,-0.008173,15.892265,0.199144,0.373757,0.373757,0.000000,C-06,0,0,0,1,1,0,0.003899,-0.156943,0.7708,0.8860,0.2703,2,ok
0,724,-2.985617,1.376963,-2.855946,0.013618,0.036197,15.916022,0.196947,0.645725,0.645725,0.000000,C-06,0,0,0,1,1,0,0.004600,-0.159228,0.7292,0.8817,0.2680,2,ok
0,725,-3.004758,1.371825,-2.840922,0.013470,0.030124,15.936161,0.198347,0.218678,0.218678,0.000000,C-06,0,0,0,1,1,0,0.004375,-0.132585,0.7083,0.9391,0.2804,2,ok
0,726,-3.027664,1.364857,-2.836655,0.014047,0.034391,15.960096,0.199598,0.051033,0.051033,0.000000,C-06,0,0,0,1,1,0,0.008402,-0.120008,0.7500,0.9202,0.2833,2,ok
0,727,-3.046746,1.358859,-2.838808,0.014531,0.011477,15.980351,0.200128,-0.044929,-0.044929,0.000000,,0,0,0,1,1,0,0.008000,-0.124020,0.8125,0.9839,0.2689,2,ok
0,728,-3.069619,1.351703,-2.828057,0.014865,0.022228,16.004315,0.199399,0.168409,0.168409,0.000000,C-06,0,0,0,1,1,0,0.010792,-0.134703,0.7917,0.9368,0.2779,2,ok
0,729,-3.088617,1.345743,-2.819279,0.015158,0.031006,16.022721,0.198872,0.151073,0.151073,0.000000,,0,0,0,1,1,0,0.004237,-0.141739,0.8125,1.1378,0.2717,2,ok
0,730,-3.111334,1.338528,-2.806981,0.014978,0.020880,16.048424,0.198581,0.180489,0.180489,0.000000,,0,0,0,1,1,0,0.003054,-0.140091,0.8125,1.2014,0.2726,2,ok
0,731,-3.133960,1.330991,-2.796031,0.015173,0.031829,16.072271,0.198737,0.159252,0.159252,0.000000,,0,0,0,1,1,0,0.009181,-0.157134,0.7708,1.0848,0.2632,2,ok
0,732,-3.152755,1.324431,-2.789459,0.015259,0.015572,16.092505,0.199093,0.113332,0.113332,0.000000,,0,0,0,1,1,0,0.005241,-0.156701,0.7708,1.2003,0.2740,2,ok
0,733,-3.175232,1.316452,-2.777039,0.015408,0.027993,16.116356,0.198498,0.189415,0.189415,0.000000,,0,0,0,1,1,0,0.004503,-0.160733,0.7708,1.2670,0.2721,2,ok
0,734,-3.193760,1.309413,-2.728112,0.015770,0.052420,16.136565,0.196542,1.000000,1.000000,0.000000,C-06,0,0,0,1,1,0,-0.000855,-0.176450,0.7292,1.3678,0.2791,2,ok
0,735,-3.215415,1.300809,-2.664190,0.016197,0.116343,16.159862,0.193307,1.000000,1.000000,0.000000,,0,0,0,1,1,0,-0.000855,-0.176450,0.7292,1.3678,0.2791,2,ok
0,736,-3.233124,1.291746,-2.656438,0.018443,0.124095,16.179629,0.199568,0.061839,0.061839,0.000000,C-06,0,0,0,1,1,0,0.020594,-0.116679,0.7083,1.1824,0.2745,2,ok
0,737,-3.254422,1.280556,-2.669823,0.020852,0.085476,16.204043,0.201056,-0.232588,-0.232588,0.000000,C-06,0,0,0,1,1,0,0.026143,-0.103076,0.7708,1.1717,0.2701,2,ok
0,738,-3.272257,1.271403,-2.673436,0.022628,0.081863,16.224010,0.200400,-0.054550,-0.054550,0.000000,C-06,0,0,0,1,1,0,0.027529,-0.139590,0.7708,1.1984,0.2684,2,ok
0,739,-3.293635,1.260549,-2.665321,0.024297,0.062574,16.248545,0.199449,0.141217,0.141217,0.000000,C-06,0,0,0,1,1,0,0.028456,-0.158759,0.7917,1.2095,0.2660,2,ok
0,740,-3.314900,1.249692,-2.653527,0.025735,0.074369,16.272378,0.198676,0.192015,0.192015,0.000000,,0,0,0,1,1,0,0.028404,-0.182174,0.7500,1.2577,0.2670,2,ok
0,741,-3.332521,1.240492,-2.644352,0.026995,0.054064,16.292961,0.198812,0.176302,0.176302,0.000000,,0,0,0,1,1,0,0.030546,-0.196402,0.7917,1.2374,0.2562,2,ok
0,742,-3.353692,1.229091,-2.659704,0.028304,0.038713,16.316970,0.201089,-0.276731,-0.276731,0.000000,C-06,0,0,0,1,1,0,0.032895,-0.204245,0.7292,1.2189,0.2613,2,ok
0,743,-3.371467,1.219604,-2.671242,0.029325,0.027175,16.337093,0.201597,-0.216722,-0.216722,0.000000,,0,0,0,1,1,0,0.030703,-0.227098,0.7292,1.2905,0.2671,2,ok
0,744,-3.392750,1.208621,-2.648034,0.029580,0.015149,16.361994,0.198495,0.421839,0.421839,0.000000,C-06,0,0,0,1,1,0,0.017892,-0.285188,0.7292,1.5210,0.2693,2,ok
0,745,-3.410275,1.199435,-2.629833,0.029796,0.033350,16.381780,0.197763,0.349451,0.349451,0.000000,,0,0,0,1,1,0,0.028568,-0.296485,0.7292,1.2991,0.2497,2,ok
0,746,-3.431052,1.188026,-2.604599,0.030167,0.017874,16.406545,0.197548,0.419778,0.419778,0.000000,,0,0,0,1,1,0,0.024737,-0.291259,0.8125,1.4165,0.2618,2,ok
0,747,-3.448173,1.177955,-2.592697,0.030652,0.029775,16.426402,0.198751,0.223832,0.223832,0.000000,C-06,0,0,0,1,1,0,0.029071,-0.285489,0.8125,1.3217,0.2549,2,ok
0,748,-3.468601,1.165507,-2.585683,0.031608,0.036789,16.450305,0.199400,0.110879,0.110879,0.000000,,0,0,0,1,1,0,0.029934,-0.288808,0.7917,1.2996,0.2549,2,ok
0,749,-3.488959,1.152886,-2.581314,0.031474,-0.004840,16.475975,0.199623,0.071255,0.071255,0.000000,,0,0,0,1,1,0,0.028471,-0.311114,0.7708,1.3083,0.2557,2,ok
0,750,-3.505810,1.142259,-2.562822,0.031496,0.013651,16.495897,0.198440,0.406339,0.406339,0.000000,C-06,0,0,0,1,1,0,0.025625,-0.326244,0.7708,1.3517,0.2527,2,ok
0,751,-3.525691,1.129226,-2.530471,0.031285,-0.005067,16.521365,0.197878,0.570454,0.570454,0.000000,C-06,0,0,0,1,1,0,0.023941,-0.336341,0.7917,1.3818,0.2530,2,ok
0,752,-3.542000,1.117797,-2.519120,0.031202,0.006285,16.541280,0.199285,0.215766,0.215766,0.000000,C-06,0,0,0,1,1,0,0.024044,-0.329382,0.7292,1.3645,0.2573,2,ok
0,753,-3.561440,1.103817,-2.510886,0.031397,0.014519,16.565146,0.199572,0.142230,0.142230,0.000000,,0,0,0,1,1,0,0.032589,-0.341331,0.6667,1.1370,0.2486,2,ok
0,754,-3.577512,1.092006,-2.496560,0.030634,-0.026779,16.586857,0.199205,0.320434,0.320434,0.000000,C-06,0,0,0,1,1,0,0.024643,-0.360237,0.6875,1.2790,0.2542,2,ok
0,755,-3.596520,1.077481,-2.472630,0.030226,-0.002848,16.610775,0.199326,0.439841,0.439841,0.000000,,0,0,0,1,1,0,0.021431,-0.359863,0.7917,1.3112,0.2532,2,ok
0,756,-3.612076,1.064989,-2.451060,0.029815,-0.037239,16.632462,0.199710,0.476651,0.476651,0.000000,,0,0,0,1,1,0,0.023116,-0.350557,0.7917,1.2225,0.2524,2,ok
0,757,-3.630481,1.049599,-2.439300,0.029075,-0.025479,16.656442,0.199991,0.201916,0.201916,0.000000,C-06,0,0,0,1,1,0,0.017168,-0.340367,0.7708,1.3432,0.2595,2,ok
0,758,-3.648682,1.033911,-2.418047,0.028696,-0.004226,16.679185,0.200501,0.404177,0.404177,0.000000,C-06,0,0,0,1,1,0,0.039721,-0.340943,0.7292,0.5663,0.2124,2,ok
0,759,-3.663652,1.020522,-2.397892,0.027454,-0.040328,16.702187,0.201079,0.439934,0.439934,0.000000,,0,0,0,1,1,0,0.039721,-0.340943,0.7292,0.5663,0.2124,2,ok
0,760,-3.681219,1.004029,-2.369275,0.026694,-0.011711,16.726272,0.200434,0.509592,0.509592,0.000000,,0,0,0,1,1,0,0.022196,-0.364745,0.7500,1.0708,0.2499,2,ok
0,761,-3.695464,0.989975,-2.356366,0.025952,-0.054884,16.747752,0.200012,0.246469,0.246469,0.000000,C-06,0,0,0,1,1,0,0.018858,-0.350583,0.7917,1.1081,0.2502,2,ok
0,762,-3.712337,0.972919,-2.344575,0.024740,-0.043093,16.771713,0.199869,0.200609,0.200609,0.000000,,0,0,0,1,1,0,0.018022,-0.348979,0.7500,1.0968,0.2492,2,ok
0,763,-3.726181,0.958555,-2.325140,0.023991,-0.023658,16.791648,0.199233,0.427823,0.427823,0.000000,C-06,0,0,0,1,1,0,0.012346,-0.367598,0.6875,1.1063,0.2620,2,ok
0,764,-3.742312,0.940962,-2.289831,0.022412,-0.043582,16.816789,0.199269,0.651683,0.651683,0.000000,C-06,0,0,0,1,1,0,0.011767,-0.366843,0.7083,1.0873,0.2617,2,ok
0,765,-3.755260,0.925721,-2.256666,0.021812,-0.010416,16.836778,0.200507,0.743229,0.743229,0.000000,,0,0,0,1,1,0,0.009243,-0.342815,0.8125,1.1027,0.2607,2,ok
0,766,-3.770325,0.906921,-2.226706,0.021156,-0.034281,16.862015,0.201055,0.532625,0.532625,0.000000,C-06,0,0,0,1,1,0,0.012474,-0.320731,0.8125,1.0372,0.2602,2,ok
0,767,-3.784962,0.887678,-2.195315,0.020445,-0.002890,16.886181,0.201799,0.560990,0.560990,0.000000,,0,0,0,1,1,0,0.014039,-0.311035,0.8125,0.9869,0.2582,2,ok
0,768,-3.796775,0.871318,-2.172013,0.020353,0.020412,16.906309,0.201948,0.481604,0.481604,0.000000,,0,0,0,1,1,0,0.016527,-0.300786,0.7917,0.8987,0.2562,2,ok
0,769,-3.810479,0.851387,-2.151501,0.019477,-0.011109,16.931620,0.201632,0.345982,0.345982,0.000000,,0,0,0,1,1,0,0.016353,-0.299221,0.7500,0.8976,0.2566,2,ok
0,770,-3.821495,0.834632,-2.146243,0.019191,-0.005851,16.951671,0.200420,0.086358,0.086358,0.000000,C-06,0,0,0,1,1,0,0.015929,-0.282768,0.7292,0.8267,0.2546,2,ok
0,771,-3.834578,0.814527,-2.151395,0.018286,-0.061646,16.976609,0.199632,-0.098929,-0.098929,0.000000,C-06,0,0,0,1,1,0,0.013012,-0.286898,0.7083,0.8738,0.2559,2,ok
0,772,-3.845533,0.797698,-2.129283,0.017066,-0.039535,16.996653,0.201822,0.498535,0.498535,0.000000,C-06,0,0,0,1,1,0,0.004666,-0.302788,0.7292,0.9932,0.2624,2,ok
0,773,-3.858490,0.777206,-2.107517,0.015914,-0.017769,17.018986,0.202126,0.355109,0.355109,0.000000,,0,0,0,1,1,0,0.001402,-0.312105,0.6667,0.9682,0.2745,2,ok
0,774,-3.868907,0.759879,-2.078540,0.014353,-0.036797,17.041780,0.203237,0.591834,0.591834,0.000000,C-06,0,0,0,1,1,0,0.001842,-0.295971,0.7292,0.9255,0.2700,2,ok
0,775,-3.881272,0.738661,-2.034030,0.012920,0.007713,17.066297,0.205586,0.723380,0.723380,0.000000,,0,0,0,1,1,0,0.005249,-0.283157,0.7708,0.8492,0.2690,2,ok
0,776,-3.892622,0.717036,-2.005485,0.011789,-0.009526,17.091306,0.203436,0.428708,0.428708,0.000000,C-06,0,0,0,1,1,0,0.005669,-0.253198,0.7917,0.8387,0.2668,2,ok
0,777,-3.901616,0.698806,-1.983754,0.011030,0.012205,17.111619,0.203304,0.400474,0.400474,0.000000,,0,0,0,1,1,0,0.007157,-0.235395,0.7917,0.8025,0.2651,2,ok
0,778,-3.911428,0.676783,-1.976349,0.010845,-0.023352,17.136169,0.200763,0.094536,0.094536,0.000000,C-06,0,0,0,1,1,0,0.006157,-0.223018,0.7708,0.8348,0.2596,2,ok
0,779,-3.919332,0.658411,-1.978289,0.010337,-0.025292,17.156163,0.199860,-0.047097,-0.047097,0.000000,,0,0,0,1,1,0,0.019024,-0.230347,0.7292,0.3826,0.2350,2,ok
0,780,-3.928844,0.636303,-1.961156,0.009724,-0.008159,17.180222,0.201176,0.282549,0.282549,0.000000,C-06,0,0,0,1,1,0,0.003233,-0.248101,0.7292,0.8361,0.2624,2,ok
0,781,-3.936653,0.617776,-1.953539,0.008721,-0.041562,17.200707,0.201028,0.124898,0.124898,0.000000,C-06,0,0,0,1,1,0,0.002976,-0.245659,0.6875,0.8054,0.2622,2,ok
0,782,-3.945816,0.595437,-1.935381,0.007496,-0.023404,17.224822,0.201770,0.283757,0.283757,0.000000,C-06,0,0,0,1,1,0,0.001206,-0.244781,0.7083,0.8158,0.2569,2,ok
0,783,-3.953306,0.576654,-1.905526,0.006485,-0.031355,17.245269,0.203062,0.553604,0.553604,0.000000,C-06,0,0,0,1,1,0,-0.004276,-0.256637,0.6875,0.8821,0.2653,2,ok
0,784,-3.962216,0.553856,-1.871311,0.004746,0.002859,17.269685,0.204268,0.489787,0.489787,0.000000,,0,0,0,1,1,0,0.000539,-0.239006,0.7083,0.7979,0.2628,2,ok
0,785,-3.970413,0.530826,-1.840555,0.003757,0.033615,17.294110,0.203637,0.431176,0.431176,0.000000,,0,0,0,1,1,0,0.003327,-0.213187,0.8125,0.7330,0.2632,2,ok
0,786,-3.975902,0.511535,-1.836169,0.003517,0.002186,17.314306,0.200376,0.049040,0.049040,0.000000,C-06,0,0,0,1,1,0,0.005315,-0.199700,0.8125,0.6943,0.2611,2,ok
0,787,-3.982203,0.488396,-1.843906,0.003477,-0.005551,17.338287,0.199612,-0.120826,-0.120826,0.000000,C-06,0,0,0,1,1,0,0.007602,-0.194853,0.7917,0.6336,0.2604,2,ok
0,788,-3.987593,0.469086,-1.820333,0.003019,-0.015426,17.358437,0.201128,0.458588,0.458588,0.000000,C-06,0,0,0,1,1,0,0.001249,-0.212453,0.7500,0.7271,0.2655,2,ok
0,789,-3.994078,0.445736,-1.787778,0.002074,0.017128,17.382652,0.202595,0.395319,0.395319,0.000000,,0,0,0,1,1,0,0.003556,-0.216886,0.7292,0.6514,0.2650,2,ok
0,790,-3.998491,0.426204,-1.789103,0.002269,0.015804,17.402675,0.200031,-0.051164,-0.051164,0.000000,C-06,0,0,0,1,1,0,0.005001,-0.204412,0.7708,0.6287,0.2580,2,ok
0,791,-4.003695,0.402832,-1.812820,0.001866,-0.041016,17.426685,0.199009,-0.353366,-0.353366,0.000000,C-06,0,0,0,1,1,0,0.006291,-0.205274,0.7500,0.5657,0.2577,2,ok
0,792,-4.008449,0.383394,-1.801111,0.001105,-0.029306,17.446681,0.200477,0.243908,0.243908,0.000000,C-06,0,0,0,1,1,0,0.000999,-0.246010,0.6458,0.5645,0.2588,2,ok
0,793,-4.014191,0.359950,-1.769683,-0.000244,-0.031613,17.470800,0.201755,0.443075,0.443075,0.000000,C-06,0,0,0,1,1,0,-0.006231,-0.248446,0.7083,0.6797,0.2610,2,ok
0,794,-4.019934,0.336341,-1.732242,-0.001880,0.005828,17.495041,0.203062,0.500083,0.500083,0.000000,,0,0,0,1,1,0,-0.001985,-0.230482,0.7500,0.5741,0.2564,2,ok
0,795,-4.024431,0.316558,-1.703755,-0.003090,0.000455,17.515195,0.202742,0.440427,0.440427,0.000000,,0,0,0,1,1,0,-0.001364,-0.211137,0.7917,0.5628,0.2597,2,ok
0,796,-4.028155,0.292749,-1.691196,-0.003554,0.013014,17.539289,0.200711,0.144702,0.144702,0.000000,C-06,0,0,0,1,1,0,0.001454,-0.190694,0.7500,0.4872,0.2657,2,ok
0,797,-4.031051,0.272869,-1.666961,-0.003729,0.037249,17.559378,0.201139,0.396787,0.396787,0.000000,C-06,0,0,0,1,1,0,-0.003961,-0.179146,0.7917,0.6380,0.2670,2,ok
0,798,-4.034336,0.248956,-1.644571,-0.004464,0.024859,17.583350,0.201070,0.271388,0.271388,0.000000,,0,0,0,1,1,0,-0.002302,-0.159767,0.7708,0.5886,0.2653,2,ok
0,799,-4.036659,0.228998,-1.627037,-0.004874,0.042393,17.603438,0.200851,0.257824,0.257824,0.000000,,0,0,0,1,1,0,-0.001526,-0.156180,0.7500,0.5557,0.2585,2,ok
0,800,-4.038118,0.205034,-1.624355,-0.004279,0.010826,17.627296,0.200035,0.015989,0.015989,0.000000,C-06,0,0,0,1,1,0,0.000567,-0.148431,0.7083,0.5138,0.2622,2,ok
0,801,-4.039221,0.185067,-1.633719,-0.004130,0.001461,17.647292,0.199915,-0.153148,-0.153148,0.000000,C-06,0,0,0,1,1,0,-0.001459,-0.153085,0.7083,0.5552,0.2631,2,ok
0,802,-4.040542,0.161123,-1.643769,-0.003949,-0.008588,17.671273,0.199778,-0.122011,-0.122011,0.000000,,0,0,0,1,1,0,-0.003356,-0.171522,0.7083,0.5252,0.2605,2,ok
0,803,-4.042218,0.137172,-1.622062,-0.004844,-0.019331,17.695125,0.200228,0.308508,0.308508,0.000000,C-06,0,0,0,1,1,0,-0.005732,-0.194195,0.6875,0.5362,0.2568,2,ok
0,804,-4.043637,0.117185,-1.586778,-0.005705,0.015954,17.715144,0.200470,0.527993,0.527993,0.000000,C-06,0,0,0,1,1,0,-0.007830,-0.194183,0.7292,0.5712,0.2613,2,ok
0,805,-4.045340,0.093187,-1.545408,-0.007040,0.027732,17.738988,0.200447,0.488220,0.488220,0.000000,,0,0,0,1,1,0,-0.009186,-0.187076,0.7500,0.6082,0.2728,2,ok
0,806,-4.044984,0.073195,-1.541835,-0.006684,0.031305,17.758980,0.199979,0.018737,0.018737,0.000000,C-06,0,0,0,1,1,0,-0.004381,-0.147122,0.8125,0.5573,0.2615,2,ok
0,807,-4.044346,0.049203,-1.549336,-0.006046,0.023804,17.781675,0.200023,-0.095892,-0.095892,0.000000,,0,0,0,1,1,0,-0.004527,-0.125108,0.7708,0.5939,0.2746,2,ok
0,808,-4.043918,0.029208,-1.546872,-0.006176,-0.002106,17.802812,0.199988,0.045869,0.045869,0.000000,,0,0,0,1,1,0,-0.004558,-0.140030,0.7708,0.5463,0.2599,2,ok
0,809,-4.043414,0.005226,-1.514883,-0.006304,0.029884,17.826799,0.199749,0.432239,0.432239,0.000000,C-06,0,0,0,1,1,0,-0.007094,-0.155433,0.7083,0.6067,0.2657,2,ok
0,810,-4.042902,-0.014733,-1.500413,-0.006625,0.018279,17.846595,0.199615,0.193525,0.193525,0.000000,C-06,0,0,0,1,1,0,-0.002453,-0.137840,0.7083,0.5056,0.2616,2,ok
0,811,-4.041297,-0.038675,-1.503607,-0.006278,0.015085,17.870589,0.200010,-0.048306,-0.048306,0.000000,C-06,0,0,0,1,1,0,-0.006125,-0.132448,0.7083,0.6450,0.2624,2,ok
0,812,-4.039663,-0.062638,-1.529808,-0.006071,-0.035987,17.894444,0.200284,-0.345839,-0.345839,0.000000,C-06,0,0,0,1,1,0,-0.006051,-0.143323,0.6875,0.6069,0.2640,2,ok
0,813,-4.038807,-0.082620,-1.524619,-0.006799,-0.030798,17.914431,0.199954,0.117833,0.117833,0.000000,C-06,0,0,0,1,1,0,-0.011332,-0.169577,0.7083,0.6811,0.2647,2,ok
0,814,-4.037837,-0.106575,-1.492984,-0.007728,0.000836,17.938387,0.199582,0.414121,0.414121,0.000000,C-06,0,0,0,1,1,0,-0.015100,-0.186801,0.7500,0.7082,0.2731,2,ok
0,815,-4.037029,-0.126490,-1.465341,-0.008891,0.003499,17.958102,0.199084,0.415217,0.415217,0.000000,,0,0,0,1,1,0,-0.009622,-0.165661,0.7708,0.5985,0.2638,2,ok
0,816,-4.035334,-0.150330,-1.446046,-0.009645,0.022794,17.981990,0.199128,0.232096,0.232096,0.000000,C-06,0,0,0,1,1,0,-0.008934,-0.144993,0.7708,0.6216,0.2647,2,ok
0,817,-4.033456,-0.170157,-1.432756,-0.009973,0.011624,18.001689,0.199134,0.202745,0.202745,0.000000,,0,0,0,1,1,0,-0.008673,-0.134268,0.7500,0.6410,0.2657,2,ok
0,818,-4.030940,-0.193897,-1.413667,-0.010421,0.030714,18.025558,0.198826,0.250629,0.250629,0.000000,,0,0,0,1,1,0,-0.008224,-0.134413,0.7500,0.6392,0.2605,2,ok
0,819,-4.028398,-0.213629,-1.400440,-0.010346,0.043940,18.045453,0.198933,0.205725,0.205725,0.000000,,0,0,0,1,1,0,-0.007375,-0.136069,0.7292,0.6622,0.2605,2,ok
0,820,-4.024433,-0.237285,-1.403478,-0.009936,0.017269,18.069159,0.200014,-0.056045,-0.056045,0.000000,C-06,0,0,0,1,1,0,-0.007079,-0.134745,0.6875,0.6684,0.2649,2,ok
0,821,-4.020421,-0.260976,-1.417599,-0.009539,0.003148,18.093184,0.200444,-0.194816,-0.194816,0.000000,,0,0,0,1,1,0,-0.005799,-0.144738,0.6667,0.6148,0.2651,2,ok
0,822,-4.017328,-0.280746,-1.419377,-0.009758,-0.023209,18.112967,0.200070,-0.013185,-0.013185,0.000000,C-06,0,0,0,1,1,0,-0.013059,-0.175949,0.6250,0.7696,0.2622,2,ok
0,823,-4.013706,-0.304428,-1.394216,-0.010309,0.001952,18.136919,0.199230,0.364122,0.364122,0.000000,C-06,0,0,0,1,1,0,-0.013271,-0.188870,0.6875,0.7418,0.2638,2,ok
0,824,-4.010691,-0.324056,-1.360409,-0.010827,0.010813,18.156529,0.197979,0.560790,0.560790,0.000000,C-06,0,0,0,1,1,0,-0.013167,-0.177505,0.7708,0.7657,0.2624,2,ok
0,825,-4.006257,-0.347481,-1.344115,-0.011074,0.027107,18.180368,0.198730,0.194727,0.194727,0.000000,C-06,0,0,0,1,1,0,-0.009643,-0.156120,0.7500,0.7332,0.2678,2,ok
0,826,-4.002197,-0.366945,-1.333463,-0.010910,0.037760,18.200250,0.198826,0.173478,0.173478,0.000000,,0,0,0,1,1,0,-0.009646,-0.146025,0.7292,0.7732,0.2653,2,ok
0,827,-3.997009,-0.390238,-1.321554,-0.010884,0.024406,18.223811,0.198856,0.163578,0.163578,0.000000,,0,0,0,1,1,0,-0.009698,-0.146640,0.7708,0.8031,0.2655,2,ok
0,828,-3.992398,-0.409559,-1.295481,-0.010707,0.050479,18.243673,0.198023,0.467435,0.467435,0.000000,C-06,0,0,0,1,1,0,0.006344,-0.159260,0.6875,0.3340,0.2387,2,ok
0,829,-3.985989,-0.432632,-1.290567,-0.009803,0.029173,18.267365,0.199701,0.039041,0.039041,0.000000,C-06,0,0,0,1,1,0,-0.008102,-0.152190,0.7292,0.8749,0.2641,2,ok
0,830,-3.979369,-0.455734,-1.303422,-0.009083,0.016318,18.291386,0.200612,-0.199028,-0.199028,0.000000,C-06,0,0,0,1,1,0,-0.006988,-0.155073,0.6875,0.8508,0.2610,2,ok
0,831,-3.973846,-0.475062,-1.318756,-0.008495,0.000984,18.311479,0.201361,-0.260893,-0.260893,0.000000,,0,0,0,1,1,0,-0.004476,-0.180499,0.6875,0.7942,0.2591,2,ok
0,832,-3.967771,-0.498307,-1.318544,-0.008981,-0.026956,18.335258,0.200097,0.022210,0.022210,0.000000,C-06,0,0,0,1,1,0,-0.006063,-0.192913,0.6667,0.8046,0.2594,2,ok
0,833,-3.962755,-0.517620,-1.295107,-0.009449,-0.003519,18.355206,0.198950,0.436082,0.436082,0.000000,C-06,0,0,0,1,1,0,-0.008981,-0.242646,0.7500,0.7935,0.2550,2,ok
0,834,-3.956737,-0.540596,-1.259788,-0.010307,0.003256,18.378664,0.196995,0.506716,0.506716,0.000000,,0,0,0,1,1,0,-0.009734,-0.238679,0.7917,0.8285,0.2518,2,ok
0,835,-3.951508,-0.559554,-1.233674,-0.011030,0.029370,18.398317,0.196617,0.451470,0.451470,0.000000,,0,0,0,1,1,0,-0.004652,-0.222474,0.7708,0.7227,0.2543,2,ok
0,836,-3.944318,-0.582103,-1.209275,-0.010965,0.053769,18.420200,0.197271,0.353104,0.353104,0.000000,,0,0,0,1,1,0,-0.004155,-0.207757,0.7500,0.7351,0.2579,2,ok
0,837,-3.937949,-0.600721,-1.184016,-0.011184,0.048011,18.441307,0.196477,0.461889,0.461889,0.000000,,0,0,0,1,1,0,-0.002607,-0.191631,0.7500,0.7096,0.2599,2,ok
0,838,-3.929584,-0.622828,-1.158045,-0.010627,0.073982,18.464936,0.197030,0.389752,0.389752,0.000000,,0,0,0,1,1,0,-0.001639,-0.188251,0.7500,0.7066,0.2568,2,ok
0,839,-3.920168,-0.644767,-1.149387,-0.009456,0.048658,18.488480,0.199060,0.120872,0.120872,0.000000,C-06,0,0,0,1,1,0,-0.000841,-0.184101,0.7500,0.6956,0.2579,2,ok
0,840,-3.912053,-0.663069,-1.163771,-0.008470,0.034274,18.508476,0.200775,-0.293982,-0.293982,0.000000,C-06,0,0,0,1,1,0,0.001854,-0.180642,0.6667,0.6368,0.2587,2,ok
0,841,-3.902300,-0.685214,-1.186940,-0.007500,-0.025287,18.532379,0.202399,-0.355560,-0.355560,0.000000,,0,0,0,1,1,0,0.000691,-0.193691,0.6667,0.6362,0.2578,2,ok
0,842,-3.894673,-0.703711,-1.171229,-0.007761,-0.009576,18.552385,0.199309,0.346151,0.346151,0.000000,C-06,0,0,0,1,1,0,-0.005774,-0.243535,0.6875,0.6555,0.2553,2,ok
0,843,-3.885571,-0.725749,-1.156669,-0.008060,0.004985,18.576228,0.198338,0.214210,0.214210,0.000000,,0,0,0,1,1,0,-0.006502,-0.246994,0.7500,0.6521,0.2567,2,ok
0,844,-3.877821,-0.743983,-1.137192,-0.008662,-0.014874,18.595677,0.197471,0.375458,0.375458,0.000000,C-06,0,0,0,1,1,0,-0.007157,-0.248285,0.7500,0.6497,0.2598,2,ok
0,845,-3.868343,-0.765615,-1.108109,-0.009476,0.014208,18.619280,0.196705,0.461232,0.461232,0.000000,,0,0,0,1,1,0,-0.005314,-0.245254,0.7500,0.5686,0.2538,2,ok
0,846,-3.859987,-0.783386,-1.079964,-0.009632,0.042353,18.638231,0.196334,0.546317,0.546317,0.000000,,0,0,0,1,1,0,-0.004750,-0.228707,0.7500,0.5563,0.2598,2,ok
0,847,-3.849222,-0.804356,-1.045708,-0.009972,0.035366,18.662098,0.196607,0.558658,0.558658,0.000000,,0,0,0,1,1,0,-0.007128,-0.200984,0.7500,0.6322,0.2665,2,ok
0,848,-3.837395,-0.825020,-1.029777,-0.009210,0.051297,18.685895,0.198590,0.244089,0.244089,0.000000,C-06,0,0,0,1,1,0,0.005081,-0.196563,0.6875,0.2696,0.2451,2,ok
0,849,-3.827166,-0.842132,-1.024249,-0.008755,0.015452,18.705407,0.199450,0.097214,0.097214,0.000000,,0,0,0,1,1,0,-0.004171,-0.185940,0.7292,0.5828,0.2650,2,ok
0,850,-3.814767,-0.862595,-1.017553,-0.008517,0.022148,18.729331,0.199381,0.112914,0.112914,0.000000,,0,0,0,1,1,0,-0.005337,-0.181618,0.6667,0.5901,0.2646,2,ok
0,851,-3.804314,-0.879529,-1.000911,-0.008155,0.038790,18.749028,0.198315,0.358665,0.358665,0.000000,C-06,0,0,0,1,1,0,-0.008778,-0.187492,0.6458,0.6550,0.2636,2,ok
0,852,-3.791411,-0.899480,-0.960398,-0.008162,0.040313,18.772667,0.197281,0.725935,0.725935,0.000000,C-06,0,0,0,1,1,0,-0.009431,-0.185489,0.6458,0.6650,0.2650,2,ok
0,853,-3.779997,-0.915783,-0.947327,-0.007436,0.053384,18.792555,0.199239,0.231902,0.231902,0.000000,C-06,0,0,0,1,1,0,-0.004526,-0.165266,0.6875,0.5953,0.2635,2,ok
0,854,-3.765979,-0.935259,-0.946889,-0.006714,0.016329,18.816283,0.200027,-0.008327,-0.008327,0.000000,C-06,0,0,0,1,1,0,-0.003139,-0.152951,0.7708,0.6169,0.2632,2,ok
0,855,-3.754291,-0.951488,-0.946366,-0.006451,0.016852,18.836282,0.199978,0.012523,0.012523,0.000000,,0,0,0,1,1,0,-0.003480,-0.163816,0.7500,0.6190,0.2646,2,ok
0,856,-3.740227,-0.970847,-0.929329,-0.006038,0.033888,18.857908,0.199159,0.320953,0.320953,0.000000,C-06,0,0,0,1,1,0,-0.003319,-0.170910,0.7292,0.6048,0.2625,2,ok
0,857,-3.725775,-0.989903,-0.904989,-0.005954,0.023392,18.883932,0.199259,0.445524,0.445524,0.000000,,0,0,0,1,1,0,-0.001392,-0.179505,0.7292,0.5503,0.2578,2,ok
0,858,-3.713365,-1.005528,-0.888383,-0.005378,0.039998,18.903877,0.199659,0.358542,0.358542,0.000000,,0,0,0,1,1,0,0.007153,-0.172284,0.6875,0.2917,0.2426,2,ok
0,859,-3.698253,-1.024181,-0.893922,-0.004974,0.002258,18.927711,0.200155,-0.136206,-0.136206,0.000000,C-06,0,0,0,1,1,0,-0.000122,-0.162903,0.7083,0.5689,0.2620,2,ok
0,860,-3.685763,-1.039857,-0.908329,-0.005025,-0.012149,18.947753,0.200571,-0.330345,-0.330345,0.000000,C-06,0,0,0,1,1,0,-0.000431,-0.174133,0.6667,0.5556,0.2626,2,ok
0,861,-3.671018,-1.058803,-0.910359,-0.005550,-0.045370,18.971575,0.200028,-0.015420,-0.015420,0.000000,C-06,0,0,0,1,1,0,-0.002259,-0.211619,0.6042,0.5347,0.2587,2,ok
0,862,-3.658642,-1.074444,-0.883869,-0.006340,-0.018880,18.991505,0.199517,0.616700,0.616700,0.000000,C-06,0,0,0,1,1,0,0.006327,-0.224378,0.6667,0.2625,0.2374,2,ok
0,863,-3.643187,-1.092800,-0.856183,-0.006561,0.008807,19.015499,0.200338,0.506616,0.506616,0.000000,,0,0,0,1,1,0,-0.006209,-0.215866,0.7292,0.5682,0.2601,2,ok
0,864,-3.629996,-1.107866,-0.845800,-0.006769,-0.011522,19.035350,0.200281,0.206735,0.206735,0.000000,C-06,0,0,0,1,1,0,-0.003919,-0.193505,0.7500,0.5469,0.2643,2,ok
0,865,-3.613927,-1.125779,-0.827889,-0.006869,0.006389,19.059415,0.200804,0.332019,0.332019,0.000000,,0,0,0,1,1,0,-0.006546,-0.189047,0.7500,0.6192,0.2695,2,ok
0,866,-3.597496,-1.143389,-0.804981,-0.006810,-0.000903,19.083286,0.200504,0.410250,0.410250,0.000000,,0,0,0,1,1,0,-0.006099,-0.178011,0.7500,0.5925,0.2632,2,ok
0,867,-3.583503,-1.157711,-0.786608,-0.006674,0.017469,19.103309,0.200049,0.380186,0.380186,0.000000,,0,0,0,1,1,0,-0.006803,-0.177968,0.7708,0.6417,0.2644,2,ok
0,868,-3.566407,-1.174520,-0.765182,-0.006030,0.038896,19.127226,0.199577,0.371100,0.371100,0.000000,,0,0,0,1,1,0,-0.005519,-0.165258,0.6875,0.6474,0.2663,2,ok
0,869,-3.552002,-1.188399,-0.770196,-0.005868,0.005118,19.147103,0.200127,-0.138047,-0.138047,0.000000,C-06,0,0,0,1,1,0,-0.002407,-0.158909,0.7083,0.6215,0.2669,2,ok
0,870,-3.534881,-1.205235,-0.785490,-0.005920,-0.010176,19.171115,0.200010,-0.274004,-0.274004,0.000000,,0,0,0,1,1,0,-0.002772,-0.158877,0.7083,0.6259,0.2665,2,ok
0,871,-3.520773,-1.219409,-0.789466,-0.006487,-0.043211,19.190920,0.199985,-0.067714,-0.067714,0.000000,C-06,0,0,0,1,1,0,-0.005389,-0.200534,0.6458,0.6171,0.2626,2,ok
0,872,-3.503689,-1.236198,-0.757530,-0.007259,-0.011275,19.214859,0.199061,0.598379,0.598379,0.000000,C-06,0,0,0,1,1,0,-0.009248,-0.216835,0.7083,0.6498,0.2602,2,ok
0,873,-3.489145,-1.249762,-0.733171,-0.007379,0.013084,19.234400,0.198984,0.517968,0.517968,0.000000,,0,0,0,1,1,0,-0.008183,-0.200718,0.7708,0.6439,0.2617,2,ok
0,874,-3.471221,-1.265657,-0.715212,-0.007566,0.002260,19.258507,0.199739,0.313678,0.313678,0.000000,C-06,0,0,0,1,1,0,-0.006136,-0.182331,0.7708,0.6240,0.2607,2,ok
0,875,-3.452969,-1.281227,-0.696063,-0.007286,0.021409,19.282496,0.200096,0.357818,0.357818,0.000000,,0,0,0,1,1,0,-0.005710,-0.181252,0.7708,0.6199,0.2623,2,ok
0,876,-3.437494,-1.293949,-0.675478,-0.007091,0.012813,19.302329,0.200538,0.461094,0.461094,0.000000,,0,0,0,1,1,0,-0.003230,-0.174248,0.7500,0.5827,0.2592,2,ok
0,877,-3.418594,-1.308877,-0.652543,-0.006569,0.035748,19.326408,0.200878,0.412415,0.412415,0.000000,,0,0,0,1,1,0,-0.002373,-0.176066,0.7292,0.5945,0.2613,2,ok
0,878,-3.402665,-1.321016,-0.647125,-0.005934,0.012862,19.346242,0.200221,0.093335,0.093335,0.000000,C-06,0,0,0,1,1,0,0.008677,-0.160983,0.7083,0.2918,0.2436,2,ok
0,879,-3.383616,-1.335534,-0.661983,-0.005726,-0.001996,19.370192,0.199475,-0.290795,-0.290795,0.000000,C-06,0,0,0,1,1,0,-0.002027,-0.160667,0.6667,0.6545,0.2653,2,ok
0,880,-3.367920,-1.347859,-0.674868,-0.005842,-0.014881,19.390149,0.199645,-0.280352,-0.280352,0.000000,,0,0,0,1,1,0,0.006620,-0.166771,0.6458,0.3051,0.2442,2,ok
0,881,-3.349092,-1.362807,-0.661308,-0.006696,-0.030710,19.413988,0.200493,0.276934,0.276934,0.000000,C-06,0,0,0,1,1,0,-0.006917,-0.210337,0.6250,0.6570,0.2633,2,ok
0,882,-3.333186,-1.375070,-0.640124,-0.007255,-0.009526,19.434066,0.201236,0.472434,0.472434,0.000000,C-06,0,0,0,1,1,0,-0.009716,-0.217362,0.6667,0.7026,0.2623,2,ok
0,883,-3.313735,-1.389461,-0.611139,-0.007697,-0.010432,19.458064,0.201898,0.513602,0.513602,0.000000,,0,0,0,1,1,0,-0.009856,-0.205812,0.7500,0.7217,0.2612,2,ok
0,884,-3.293937,-1.403334,-0.590569,-0.007896,0.010138,19.482238,0.201524,0.346247,0.346247,0.000000,C-06,0,0,0,1,1,0,-0.010645,-0.198143,0.7500,0.7645,0.2628,2,ok
0,885,-3.277229,-1.414633,-0.572928,-0.007728,0.027779,19.502408,0.201804,0.363577,0.363577,0.000000,,0,0,0,1,1,0,-0.008154,-0.184296,0.6875,0.7517,0.2680,2,ok
0,886,-3.256879,-1.427849,-0.543765,-0.007843,0.027824,19.526425,0.202902,0.498636,0.498636,0.000000,,0,0,0,1,1,0,-0.008926,-0.180487,0.7083,0.8073,0.2683,2,ok
0,887,-3.239664,-1.438483,-0.524427,-0.007485,0.047162,19.546656,0.202375,0.376858,0.376858,0.000000,,0,0,0,1,1,0,0.007606,-0.161421,0.6458,0.3406,0.2400,2,ok
0,888,-3.218806,-1.450697,-0.510951,-0.006924,0.030558,19.570604,0.201377,0.209375,0.209375,0.000000,C-06,0,0,0,1,1,0,0.007606,-0.161421,0.6458,0.3406,0.2400,2,ok
0,889,-3.201374,-1.460560,-0.515070,-0.006407,0.026440,19.590626,0.199996,-0.107034,-0.107034,0.000000,C-06,0,0,0,1,1,0,-0.004401,-0.163520,0.6042,0.8349,0.2702,2,ok
0,890,-3.180574,-1.472391,-0.530248,-0.005968,-0.019424,19.614392,0.198784,-0.260968,-0.260968,0.000000,C-06,0,0,0,1,1,0,-0.006297,-0.168294,0.6042,0.8646,0.2651,2,ok
0,891,-3.163368,-1.482377,-0.539357,-0.006198,-0.028533,19.634285,0.198985,-0.174164,-0.174164,0.000000,,0,0,0,1,1,0,0.023029,-0.224204,0.5625,0.3895,0.2019,2,ok
0,892,-3.142704,-1.494698,-0.525802,-0.006760,-0.014978,19.658337,0.201178,0.255188,0.255188,0.000000,C-06,0,0,0,1,1,0,0.012765,-0.250469,0.6250,0.4107,0.2125,2,ok
0,893,-3.121846,-1.506978,-0.508889,-0.007863,-0.028770,19.682268,0.201851,0.278778,0.278778,0.000000,,0,0,0,1,1,0,0.009695,-0.249795,0.6458,0.4333,0.2139,2,ok
0,894,-3.104262,-1.516879,-0.482962,-0.008555,-0.002844,19.702437,0.202743,0.518579,0.518579,0.000000,C-06,0,0,0,1,1,0,-0.006864,-0.246786,0.6875,0.7992,0.2536,2,ok
0,895,-3.082838,-1.528625,-0.451814,-0.009379,-0.003947,19.726594,0.203845,0.492750,0.492750,0.000000,,0,0,0,1,1,0,-0.007145,-0.233417,0.7083,0.8087,0.2531,2,ok
0,896,-3.064748,-1.537907,-0.429464,-0.009878,0.018403,19.746920,0.203323,0.411683,0.411683,0.000000,,0,0,0,1,1,0,-0.002531,-0.226976,0.7292,0.7220,0.2545,2,ok
0,897,-3.042832,-1.548370,-0.410419,-0.009778,0.037448,19.771205,0.202325,0.284074,0.284074,0.000000,,0,0,0,1,1,0,-0.001123,-0.223945,0.7292,0.6965,0.2560,2,ok
0,898,-3.024462,-1.556549,-0.403112,-0.009791,0.011845,19.791001,0.200992,0.122289,0.122289,0.000000,C-06,0,0,0,1,1,0,0.000130,-0.218696,0.7500,0.6603,0.2570,2,ok
0,899,-3.002343,-1.566210,-0.393651,-0.009654,0.021306,19.815138,0.201190,0.145209,0.145209,0.000000,,0,0,0,1,1,0,0.002226,-0.226400,0.7292,0.6051,0.2572,2,ok
0,900,-2.983803,-1.573999,-0.373848,-0.009610,0.008278,19.834885,0.201681,0.380715,0.380715,0.000000,C-06,0,0,0,1,1,0,0.002207,-0.244908,0.6875,0.5603,0.2550,2,ok
0,901,-2.961310,-1.583327,-0.336832,-0.009942,0.045295,19.859233,0.204031,0.562710,0.562710,0.000000,C-06,0,0,0,1,1,0,0.000425,-0.237356,0.6875,0.6008,0.2606,2,ok
0,902,-2.938531,-1.592342,-0.303589,-0.009983,0.041655,19.883436,0.204138,0.475531,0.475531,0.000000,,0,0,0,1,1,0,0.002298,-0.215958,0.7292,0.5732,0.2611,2,ok
0,903,-2.919397,-1.598892,-0.287868,-0.009580,0.057375,19.903656,0.202052,0.248795,0.248795,0.000000,C-06,0,0,0,1,1,0,0.003170,-0.197061,0.7708,0.5610,0.2619,2,ok
0,904,-2.896335,-1.606233,-0.273137,-0.008573,0.072107,19.927837,0.201648,0.204892,0.204892,0.000000,,0,0,0,1,1,0,0.004520,-0.189505,0.7708,0.5273,0.2621,2,ok
0,905,-2.877057,-1.611880,-0.266480,-0.007831,0.038695,19.947615,0.200806,0.103598,0.103598,0.000000,,0,0,0,1,1,0,0.005337,-0.180951,0.7500,0.4777,0.2623,2,ok
0,906,-2.853836,-1.618399,-0.242361,-0.006849,0.062814,19.971715,0.201535,0.354866,0.354866,0.000000,C-06,0,0,0,1,1,0,0.004900,-0.186510,0.7292,0.4635,0.2626,2,ok
0,907,-2.834371,-1.623824,-0.220972,-0.005988,0.084203,19.991903,0.202486,0.350944,0.350944,0.000000,,0,0,0,1,1,0,0.012015,-0.181963,0.7083,0.2307,0.2473,2,ok
0,908,-2.810988,-1.629211,-0.236783,-0.005042,0.027614,0.023452,0.199428,-0.261591,-0.261591,0.000000,C-06,0,0,0,1,1,0,0.007793,-0.168951,0.7083,0.3723,0.2582,2,ok
0,909,-2.791597,-1.633634,-0.258320,-0.004231,0.006077,0.043325,0.198419,-0.366770,-0.366770,0.000000,,0,0,0,1,1,0,0.004446,-0.188057,0.6458,0.3656,0.2603,2,ok
0,910,-2.768326,-1.639653,-0.231137,-0.004624,-0.009461,0.067154,0.201078,0.441181,0.441181,0.000000,C-06,0,0,0,1,1,0,0.007982,-0.230641,0.6250,0.1733,0.2471,2,ok
0,911,-2.744872,-1.645722,-0.195133,-0.005498,0.026543,0.091365,0.202555,0.490033,0.490033,0.000000,,0,0,0,1,1,0,0.005387,-0.216462,0.6458,0.2066,0.2469,2,ok
0,912,-2.725194,-1.650778,-0.163107,-0.006197,0.058569,0.108761,0.203627,0.510716,0.510716,0.000000,,0,0,0,1,1,0,0.000918,-0.194915,0.7292,0.3441,0.2582,2,ok
0,913,-2.701462,-1.655833,-0.136114,-0.007143,0.043022,0.135661,0.202008,0.336241,0.336241,0.000000,C-06,0,0,0,1,1,0,0.002362,-0.182419,0.7500,0.3113,0.2619,2,ok
0,914,-2.681633,-1.658987,-0.126396,-0.006784,0.052740,0.155736,0.200693,0.136939,0.136939,0.000000,C-06,0,0,0,1,1,0,0.004928,-0.139562,0.7500,0.2278,0.2671,2,ok
0,915,-2.657823,-1.662037,-0.126162,-0.006254,0.014191,0.179478,0.199996,-0.005352,-0.005352,0.000000,,0,0,0,1,1,0,0.003358,-0.126893,0.7500,0.2465,0.2653,2,ok
0,916,-2.637964,-1.664554,-0.109156,-0.006051,0.031198,0.199495,0.200374,0.284335,0.284335,0.000000,C-06,0,0,0,1,1,0,0.003108,-0.135413,0.7500,0.2052,0.2629,2,ok
0,917,-2.614084,-1.667574,-0.090769,-0.005983,0.015606,0.223361,0.200745,0.228037,0.228037,0.000000,,0,0,0,1,1,0,0.003791,-0.132857,0.7083,0.1705,0.2632,2,ok
0,918,-2.594153,-1.670062,-0.075765,-0.006434,0.030610,0.243441,0.200855,0.223777,0.223777,0.000000,,0,0,0,1,1,0,0.003107,-0.119329,0.6875,0.2108,0.2656,2,ok
0,919,-2.570230,-1.671945,-0.086250,-0.005879,0.020126,0.267432,0.199849,-0.153821,-0.153821,0.000000,C-06,0,0,0,1,1,0,0.004729,-0.113817,0.6875,0.1698,0.2640,2,ok
0,920,-2.546324,-1.673908,-0.089375,-0.005983,-0.013569,0.291240,0.199898,-0.030746,-0.030746,0.000000,,0,0,0,1,1,0,0.002452,-0.120163,0.6458,0.1460,0.2684,2,ok
0,921,-2.526400,-1.675666,-0.084670,-0.006320,-0.008864,0.311239,0.200059,0.080388,0.080388,0.000000,,0,0,0,1,1,0,0.003098,-0.132037,0.6875,0.0719,0.2650,2,ok
0,922,-2.502474,-1.677785,-0.071993,-0.006955,-0.022659,0.335091,0.200253,0.164209,0.164209,0.000000,,0,0,0,1,1,0,-0.002247,-0.132637,0.7083,0.1582,0.2662,2,ok
0,923,-2.482519,-1.679551,-0.060820,-0.007777,-0.011486,0.355107,0.200402,0.165103,0.165103,0.000000,,0,0,0,1,1,0,-0.003829,-0.122174,0.7292,0.1617,0.2697,2,ok
0,924,-2.458561,-1.681077,-0.059046,-0.008171,-0.009712,0.378785,0.200031,0.012820,0.012820,0.000000,C-06,0,0,0,1,1,0,-0.004405,-0.114625,0.7292,0.1698,0.2693,2,ok
0,925,-2.438591,-1.682307,-0.048635,-0.008952,-0.022330,0.398903,0.200136,0.166466,0.166466,0.000000,C-06,0,0,0,1,1,0,-0.003060,-0.112315,0.7500,0.0894,0.2669,2,ok
0,926,-2.414608,-1.683783,-0.024424,-0.009881,0.001880,0.422914,0.200313,0.303367,0.303367,0.000000,,0,0,0,1,1,0,-0.003885,-0.115942,0.7083,0.0762,0.2657,2,ok
0,927,-2.394612,-1.684624,-0.016436,-0.010481,-0.010156,0.442727,0.200113,0.099790,0.099790,0.000000,C-06,0,0,0,1,1,0,-0.002574,-0.094046,0.7292,0.0526,0.2632,2,ok
0,928,-2.370614,-1.685482,-0.006214,-0.011248,0.000066,0.466728,0.200101,0.122585,0.122585,0.000000,,0,0,0,1,1,0,-0.003529,-0.085014,0.6667,0.0602,0.2653,2,ok
0,929,-2.346617,-1.685665,-0.027819,-0.011457,-0.039134,0.490529,0.199932,-0.295468,-0.295468,0.000000,C-06,0,0,0,1,1,0,-0.003478,-0.079785,0.6667,0.0432,0.2653,2,ok
0,930,-2.326626,-1.686127,-0.031263,-0.012187,-0.042578,0.510511,0.199968,-0.027808,-0.027808,0.000000,C-06,0,0,0,1,1,0,-0.003862,-0.091180,0.6667,-0.0300,0.2654,2,ok
0,931,-2.302632,-1.686857,-0.008566,-0.013241,-0.019881,0.534493,0.200085,0.302959,0.302959,0.000000,C-06,0,0,0,1,1,0,-0.010581,-0.102378,0.6875,0.0740,0.2672,2,ok
0,932,-2.282633,-1.687472,0.011258,-0.014412,-0.015188,0.554262,0.200084,0.279302,0.279302,0.000000,,0,0,0,1,1,0,-0.009226,-0.093288,0.7500,0.0163,0.2699,2,ok
0,933,-2.258635,-1.687394,0.015931,-0.015029,-0.010516,0.578252,0.199980,0.043284,0.043284,0.000000,C-06,0,0,0,1,1,0,-0.008402,-0.072122,0.7500,-0.0008,0.2685,2,ok
0,934,-2.238636,-1.687103,0.004504,-0.015442,-0.034482,0.598069,0.200020,-0.184680,-0.184680,0.000000,C-06,0,0,0,1,1,0,-0.008566,-0.066296,0.7292,-0.0056,0.2687,2,ok
0,935,-2.214640,-1.687001,0.029725,-0.016318,-0.009261,0.622050,0.199921,0.356429,0.356429,0.000000,C-06,0,0,0,1,1,0,-0.010247,-0.072308,0.7292,-0.0191,0.2697,2,ok
0,936,-2.194657,-1.686932,0.052424,-0.017063,0.013439,0.639168,0.199739,0.327651,0.327651,0.000000,,0,0,0,1,1,0,-0.008484,-0.054639,0.7292,-0.0872,0.2668,2,ok
0,937,-2.170702,-1.686432,0.069320,-0.017862,0.019608,0.665759,0.199616,0.199483,0.199483,0.000000,,0,0,0,1,1,0,-0.007593,-0.031282,0.7292,-0.0770,0.2665,2,ok
0,938,-2.146762,-1.684842,0.071144,-0.017541,0.021432,0.689750,0.199973,0.009670,0.009670,0.000000,C-06,0,0,0,1,1,0,-0.007011,-0.016078,0.7083,-0.0865,0.2680,2,ok
0,939,-2.126813,-1.683441,0.071580,-0.017313,0.013425,0.709642,0.199983,0.006230,0.006230,0.000000,,0,0,0,1,1,0,-0.004518,-0.009514,0.7083,-0.1527,0.2694,2,ok
0,940,-2.102874,-1.681742,0.071340,-0.017025,0.013184,0.733639,0.199994,-0.003635,-0.003635,0.000000,,0,0,0,1,1,0,-0.004089,-0.010082,0.7083,-0.1535,0.2647,2,ok
0,941,-2.082927,-1.680325,0.073679,-0.016886,0.008229,0.753497,0.199962,0.037699,0.037699,0.000000,,0,0,0,1,1,0,-0.005493,-0.005239,0.8125,-0.1616,0.2700,2,ok
0,942,-2.058997,-1.678625,0.079742,-0.016794,0.014292,0.777487,0.199872,0.077913,0.077913,0.000000,,0,0,0,1,1,0,-0.005725,-0.001434,0.7708,-0.1614,0.2689,2,ok
0,943,-2.039067,-1.677208,0.087172,-0.016739,0.016732,0.797399,0.199751,0.113544,0.113544,0.000000,,0,0,0,1,1,0,-0.005349,0.000298,0.7917,-0.1684,0.2713,2,ok
0,944,-2.015167,-1.675483,0.095812,-0.016717,0.025372,0.821361,0.199651,0.107729,0.107729,0.000000,,0,0,0,1,1,0,-0.003630,0.013247,0.7917,-0.2188,0.2694,2,ok
0,945,-1.995258,-1.673605,0.094888,-0.016259,0.024448,0.841353,0.200013,-0.024754,-0.024754,0.000000,,0,0,0,1,1,0,-0.001813,0.025999,0.7292,-0.2554,0.2693,2,ok
0,946,-1.971349,-1.671313,0.077334,-0.015811,0.003069,0.865269,0.200301,-0.238509,-0.238509,0.000000,C-06,0,0,0,1,1,0,-0.001727,0.030409,0.7500,-0.2591,0.2662,2,ok
0,947,-1.947406,-1.669021,0.059502,-0.015373,-0.014763,0.889318,0.200548,-0.218649,-0.218649,0.000000,,0,0,0,1,1,0,-0.004298,0.021573,0.7083,-0.2430,0.2646,2,ok
0,948,-1.927444,-1.667762,0.064808,-0.015669,-0.011701,0.909308,0.199950,0.103817,0.103817,0.000000,C-06,0,0,0,1,1,0,-0.003981,0.003195,0.6875,-0.2830,0.2613,2,ok
0,949,-1.903496,-1.666277,0.066954,-0.016050,-0.009555,0.933299,0.199947,0.020860,0.020860,0.000000,,0,0,0,1,1,0,-0.005521,0.000122,0.7500,-0.2785,0.2622,2,ok
0,950,-1.883541,-1.664973,0.066496,-0.016303,-0.010299,0.953293,0.199985,-0.008223,-0.008223,0.000000,,0,0,0,1,1,0,-0.007448,0.013735,0.7917,-0.2525,0.2611,2,ok
0,951,-1.859598,-1.663404,0.072131,-0.016605,-0.004664,0.977285,0.199912,0.074992,0.074992,0.000000,,0,0,0,1,1,0,-0.009009,0.016163,0.7708,-0.2318,0.2618,2,ok
0,952,-1.839656,-1.662097,0.080170,-0.016857,0.004241,0.997263,0.199793,0.123577,0.123577,0.000000,,0,0,0,1,1,0,-0.008142,0.020320,0.7500,-0.2565,0.2607,2,ok
0,953,-1.815737,-1.660359,0.084593,-0.016995,0.008665,1.021244,0.199846,0.050080,0.050080,0.000000,,0,0,0,1,1,0,-0.010411,0.034429,0.7708,-0.1799,0.2628,2,ok
0,954,-1.795806,-1.658687,0.080445,-0.016887,0.004516,1.041245,0.200062,-0.072717,-0.072717,0.000000,,0,0,0,1,1,0,-0.011198,0.056832,0.7292,-0.1331,0.2639,2,ok
0,955,-1.771866,-1.656662,0.058496,-0.016615,-0.014449,1.065365,0.200357,-0.290965,-0.290965,0.000000,C-06,0,0,0,1,1,0,-0.012193,0.063883,0.7292,-0.1109,0.2643,2,ok
0,956,-1.747890,-1.654637,0.027865,-0.016334,-0.045080,1.089425,0.200625,-0.377769,-0.377769,0.000000,,0,0,0,1,1,0,-0.013623,0.060921,0.7083,-0.0904,0.2642,2,ok
0,957,-1.727895,-1.653852,0.022133,-0.017006,-0.047011,1.109419,0.200059,-0.051548,-0.051548,0.000000,C-06,0,0,0,1,0,0,-0.013623,0.060921,0.7083,-0.0904,0.2642,2,ok
0,958,-1.703903,-1.653290,0.027175,-0.018194,-0.041969,1.133389,0.199979,0.069244,0.069244,0.000000,,0,0,0,1,1,0,-0.019053,0.018847,0.7292,-0.0466,0.2689,2,ok
0,959,-1.683913,-1.652835,0.036731,-0.019084,-0.026579,1.153549,0.199921,0.142164,0.142164,0.000000,,0,0,0,1,1,0,-0.019249,0.022467,0.8125,-0.0390,0.2660,2,ok
0,960,-1.659933,-1.652276,0.044597,-0.020034,-0.018714,1.177517,0.199869,0.093088,0.093088,0.000000,,0,0,0,1,1,0,-0.017398,0.028310,0.7917,-0.0535,0.2673,2,ok
0,961,-1.639956,-1.651725,0.051685,-0.020716,-0.004953,1.197571,0.199829,0.104216,0.104216,0.000000,,0,0,0,1,1,0,-0.015417,0.039120,0.7708,-0.0444,0.2676,2,ok
0,962,-1.615993,-1.650828,0.059041,-0.021234,0.002403,1.221545,0.199823,0.088994,0.088994,0.000000,,0,0,0,1,1,0,-0.014222,0.045867,0.7500,-0.0367,0.2675,2,ok
0,963,-1.596027,-1.649659,0.057602,-0.021245,0.000965,1.240723,0.200019,-0.027193,-0.027193,0.000000,,0,0,0,1,1,0,-0.012017,0.056167,0.7500,-0.0442,0.2664,2,ok
0,964,-1.572054,-1.648236,0.034028,-0.020992,-0.012576,1.265768,0.200227,-0.315963,-0.315963,0.000000,C-06,0,0,0,1,1,0,-0.010690,0.054182,0.7292,-0.0409,0.2679,2,ok
0,965,-1.548060,-1.646813,0.009593,-0.020749,-0.037011,1.289582,0.200340,-0.290442,-0.290442,0.000000,,0,0,0,1,1,0,-0.011982,0.037684,0.7083,-0.0344,0.2672,2,ok
0,966,-1.528062,-1.646564,0.013117,-0.021282,-0.023371,1.310001,0.199990,0.083726,0.083726,0.000000,C-06,0,0,0,1,1,0,-0.013490,0.019675,0.6875,-0.0404,0.2670,2,ok
0,967,-1.504065,-1.646370,0.018645,-0.022029,-0.017843,1.333987,0.199973,0.064829,0.064829,0.000000,,0,0,0,1,1,0,-0.013543,0.008048,0.7292,-0.0427,0.2665,2,ok
0,968,-1.484070,-1.646209,0.025865,-0.022386,0.001176,1.354345,0.199942,0.107038,0.107038,0.000000,,0,0,0,1,1,0,-0.012187,0.014746,0.7917,-0.0446,0.2678,2,ok
0,969,-1.460080,-1.645888,0.032340,-0.022610,0.007651,1.378336,0.199924,0.075931,0.075931,0.000000,,0,0,0,1,1,0,-0.011390,0.021721,0.7917,-0.0418,0.2671,2,ok
0,970,-1.440093,-1.645545,0.039343,-0.022597,0.024482,1.398561,0.199881,0.102963,0.102963,0.000000,,0,0,0,1,1,0,-0.010503,0.027158,0.7500,-0.0388,0.2678,2,ok
0,971,-1.416114,-1.644847,0.044605,-0.022194,0.029745,1.422547,0.199906,0.060906,0.060906,0.000000,,0,0,0,1,1,0,-0.008974,0.033013,0.7500,-0.0498,0.2664,2,ok
0,972,-1.396130,-1.643968,0.034628,-0.021468,0.027615,1.442805,0.200077,-0.168087,-0.168087,0.000000,C-06,0,0,0,1,1,0,-0.007202,0.041367,0.7500,-0.0504,0.2664,2,ok
0,973,-1.372136,-1.642891,-0.002003,-0.020391,-0.009017,1.466800,0.200201,-0.467493,-0.467493,0.000000,C-06,0,0,0,1,1,0,-0.008048,0.032866,0.7500,-0.0333,0.2677,2,ok
0,974,-1.348136,-1.642739,-0.008438,-0.020239,-0.010907,1.490799,0.199993,-0.046257,-0.046257,0.000000,C-06,0,0,0,1,1,0,-0.009979,0.005905,0.7083,-0.0521,0.2666,2,ok
0,975,-1.328136,-1.642876,-0.001021,-0.020376,-0.003490,1.510799,0.200005,0.121335,0.121335,0.000000,C-06,0,0,0,1,1,0,-0.011650,-0.008626,0.7292,-0.0440,0.2674,2,ok
0,976,-1.304137,-1.643056,0.010154,-0.020556,0.007685,1.534435,0.199996,0.132599,0.132599,0.000000,,0,0,0,1,1,0,-0.011883,-0.006513,0.7292,-0.0369,0.2681,2,ok
0,977,-1.284139,-1.643174,0.017040,-0.020674,0.017040,1.554797,0.199973,0.095181,0.095181,0.000000,,0,0,0,1,1,0,-0.010325,0.006161,0.7917,-0.0350,0.2674,2,ok
0,978,-1.260143,-1.642916,0.020267,-0.020416,0.020267,1.578793,0.199976,0.035482,0.035482,0.000000,,0,0,0,1,1,0,-0.009510,0.012508,0.7917,-0.0391,0.2668,2,ok
0,979,-1.240148,-1.642655,0.025892,-0.020155,0.025892,1.598787,0.199952,0.084325,0.084325,0.000000,,0,0,0,1,1,0,-0.008315,0.016512,0.7708,-0.0522,0.2674,2,ok
0,980,-1.216158,-1.642304,0.031805,-0.019804,0.031805,1.622777,0.199930,0.070143,0.070143,0.000000,,0,0,0,1,1,0,-0.008254,0.019630,0.7708,-0.0348,0.2671,2,ok
0,981,-1.196168,-1.641684,0.030218,-0.019184,0.030218,1.642767,0.200011,-0.030194,-0.030194,0.000000,,0,0,0,1,1,0,-0.008168,0.023205,0.7292,-0.0147,0.2683,2,ok
0,982,-1.172173,-1.640916,0.004410,-0.018416,0.004410,1.666763,0.200099,-0.337474,-0.337474,0.000000,C-06,0,0,0,1,1,0,-0.006149,0.029910,0.7083,-0.0428,0.2676,2,ok
0,983,-1.148176,-1.640147,-0.028183,-0.017647,-0.028183,1.690760,0.200031,-0.390629,-0.390629,0.000000,,0,0,0,1,1,0,-0.006639,0.021250,0.7083,-0.0440,0.2678,2,ok
0,984,-1.128183,-1.640612,-0.020835,-0.018112,-0.020835,1.710753,0.200036,0.159186,0.159186,0.000000,C-06,0,0,0,1,1,0,-0.009743,-0.015888,0.6875,-0.0572,0.2651,2,ok
0,985,-1.104185,-1.641297,-0.004257,-0.018797,-0.004257,1.734735,0.200079,0.199602,0.199602,0.000000,,0,0,0,1,1,0,-0.011586,-0.031927,0.7083,-0.0471,0.2661,2,ok
0,986,-1.084185,-1.641853,0.006307,-0.019353,0.006307,1.754751,0.200059,0.145701,0.145701,0.000000,,0,0,0,1,1,0,-0.010251,-0.009488,0.7917,-0.0374,0.2676,2,ok
0,987,-1.060186,-1.641874,0.010037,-0.019374,0.010037,1.778750,0.199991,0.037766,0.037766,0.000000,,0,0,0,1,1,0,-0.009429,0.001937,0.7917,-0.0395,0.2674,2,ok
0,988,-1.040187,-1.641797,0.012513,-0.019297,0.012513,1.798748,0.199987,0.035051,0.035051,0.000000,,0,0,0,1,1,0,-0.008670,0.006883,0.7708,-0.0439,0.2673,2,ok
0,989,-1.016190,-1.641668,0.016818,-0.019168,0.016818,1.822746,0.199976,0.052177,0.052177,0.000000,,0,0,0,1,1,0,-0.007994,0.008879,0.7708,-0.0524,0.2673,2,ok
0,990,-0.996192,-1.641361,0.014909,-0.018861,0.014909,1.842743,0.200003,-0.033535,-0.033535,0.000000,,0,0,0,1,1,0,-0.007709,0.015255,0.7500,-0.0423,0.2683,2,ok
0,991,-0.972193,-1.640976,0.001528,-0.018476,0.001528,1.866742,0.200025,-0.169564,-0.169564,0.000000,,0,0,0,1,1,0,-0.007398,0.011943,0.7083,-0.0494,0.2668,2,ok
0,992,-0.948193,-1.640937,0.005095,-0.018437,0.005095,1.890742,0.199998,0.057969,0.057969,0.000000,C-06,0,0,0,1,1,0,-0.008216,0.002375,0.7083,-0.0495,0.2676,2,ok
0,993,-0.928194,-1.640926,0.011219,-0.018426,0.011219,1.910741,0.199988,0.089893,0.089893,0.000000,,0,0,0,1,1,0,-0.009217,-0.001288,0.6667,-0.0396,0.2661,2,ok
0,994,-0.904195,-1.640663,0.005438,-0.018163,0.005438,1.934740,0.200011,-0.082695,-0.082695,0.000000,C-06,0,0,0,1,1,0,-0.008356,0.006872,0.7292,-0.0336,0.2678,2,ok
0,995,-0.884195,-1.640551,0.004982,-0.018051,0.004982,1.954740,0.200000,-0.000728,-0.000728,0.000000,,0,0,0,1,1,0,-0.008104,0.003015,0.7917,-0.0389,0.2671,2,ok
0,996,-0.860196,-1.640428,0.007287,-0.017928,0.007287,1.978740,0.199997,0.028988,0.028988,0.000000,,0,0,0,1,1,0,-0.008633,0.003864,0.7917,-0.0273,0.2679,2,ok
0,997,-0.840197,-1.640325,0.011773,-0.017825,0.011773,1.998739,0.199989,0.066487,0.066487,0.000000,,0,0,0,1,1,0,-0.007555,0.004414,0.7708,-0.0491,0.2669,2,ok
0,998,-0.816199,-1.640202,0.016859,-0.017702,0.016859,2.022736,0.199975,0.060071,0.060071,0.000000,,0,0,0,1,1,0,-0.007490,0.006920,0.7708,-0.0360,0.2670,2,ok
0,999,-0.796201,-1.639876,0.011616,-0.017376,0.011616,2.042734,0.200014,-0.083500,-0.083500,0.000000,,0,0,0,1,1,0,-0.005862,0.012188,0.7500,-0.0520,0.2664,2,ok
0,1000,-0.772202,-1.639471,-0.006592,-0.016971,-0.006592,2.066734,0.200025,-0.226947,-0.226947,0.000000,,0,0,0,1,1,0,-0.007097,0.011643,0.6875,-0.0278,0.2680,2,ok
0,1001,-0.748202,-1.639574,-0.003110,-0.017074,-0.003110,2.090733,0.200002,0.056527,0.056527,0.000000,C-06,0,0,0,1,1,0,-0.007972,-0.003225,0.7083,-0.0375,0.2667,2,ok
0,1002,-0.728202,-1.639682,0.002296,-0.017182,0.002296,2.110733,0.200003,0.078157,0.078157,0.000000,,0,0,0,1,1,0,-0.007813,-0.009637,0.7083,-0.0510,0.2666,2,ok
0,1003,-0.704202,-1.639638,0.002926,-0.017138,0.002926,2.134733,0.200000,0.002380,0.002380,0.000000,,0,0,0,1,1,0,-0.007592,-0.004806,0.7292,-0.0458,0.2660,2,ok
0,1004,-0.684203,-1.639589,0.005775,-0.017089,0.005775,2.154733,0.199997,0.043353,0.043353,0.000000,,0,0,0,1,1,0,-0.007522,0.001121,0.7917,-0.0365,0.2675,2,ok
0,1005,-0.660203,-1.639531,0.010124,-0.017031,0.010124,2.178732,0.199991,0.051968,0.051968,0.000000,,0,0,0,1,1,0,-0.007215,0.000630,0.7708,-0.0471,0.2663,2,ok
0,1006,-0.640205,-1.639482,0.015722,-0.016982,0.015722,2.198731,0.199977,0.081868,0.081868,0.000000,,0,0,0,1,1,0,-0.007489,0.005449,0.7500,-0.0223,0.2680,2,ok
0,1007,-0.616209,-1.639330,0.020572,-0.016830,0.020572,2.222727,0.199966,0.056308,0.056308,0.000000,,0,0,0,1,1,0,-0.005975,0.008880,0.7708,-0.0476,0.2667,2,ok
0,1008,-0.596213,-1.638939,0.016691,-0.016439,0.016691,2.242723,0.200012,-0.062304,-0.062304,0.000000,,0,0,0,1,1,0,-0.005218,0.015943,0.7292,-0.0418,0.2682,2,ok
0,1009,-0.572214,-1.638457,-0.006216,-0.015957,-0.006216,2.266722,0.200038,-0.286534,-0.286534,0.000000,C-06,0,0,0,1,1,0,-0.004716,0.014281,0.7292,-0.0457,0.2682,2,ok
0,1010,-0.548215,-1.638426,-0.011244,-0.015926,-0.011244,2.290721,0.199988,-0.045227,-0.045227,0.000000,C-06,0,0,0,1,1,0,-0.006834,-0.001105,0.6875,-0.0350,0.2672,2,ok
0,1011,-0.528215,-1.638622,-0.002531,-0.016122,-0.002531,2.310720,0.200010,0.138286,0.138286,0.000000,C-06,0,0,0,1,1,0,-0.006452,-0.010826,0.7292,-0.0633,0.2660,2,ok
0,1012,-0.504215,-1.638868,0.008514,-0.016368,0.008514,2.334720,0.200004,0.129743,0.129743,0.000000,,0,0,0,1,1,0,-0.008042,-0.012687,0.7500,-0.0393,0.2671,2,ok
0,1013,-0.484217,-1.639018,0.015197,-0.016518,0.015197,2.354719,0.199980,0.092555,0.092555,0.000000,,0,0,0,1,1,0,-0.006226,0.003838,0.7917,-0.0376,0.2660,2,ok
0,1014,-0.460220,-1.638821,0.018797,-0.016321,0.018797,2.378715,0.199976,0.039306,0.039306,0.000000,,0,0,0,1,1,0,-0.005564,0.011764,0.7917,-0.0309,0.2663,2,ok
0,1015,-0.440224,-1.638481,0.019548,-0.015981,0.019548,2.398711,0.199994,0.008278,0.008278,0.000000,,0,0,0,1,1,0,-0.005564,0.011764,0.7917,-0.0309,0.2663,2,ok
0,1016,-0.416229,-1.638018,0.019527,-0.015518,0.019527,2.422707,0.200000,-0.000873,-0.000873,0.000000,,0,0,0,1,1,0,-0.004348,0.016534,0.7708,-0.0366,0.2668,2,ok
0,1017,-0.396231,-1.637630,0.007031,-0.015130,0.007031,2.442705,0.200032,-0.197556,-0.197556,0.000000,C-06,0,0,0,1,1,0,-0.003039,0.014577,0.7500,-0.0554,0.2666,2,ok
0,1018,-0.372232,-1.637164,-0.019754,-0.014664,-0.019754,2.466704,0.200003,-0.326426,-0.326426,0.000000,,0,0,0,1,1,0,-0.004701,0.007177,0.7083,-0.0366,0.2672,2,ok
0,1019,-0.348236,-1.637605,-0.015770,-0.015105,-0.015770,2.490699,0.200018,0.073534,0.073534,0.000000,C-06,0,0,0,1,1,0,-0.006576,-0.017320,0.7083,-0.0478,0.2664,2,ok
0,1020,-0.328238,-1.638024,-0.005686,-0.015524,-0.005686,2.510698,0.200040,0.150278,0.150278,0.000000,,0,0,0,1,1,0,-0.007672,-0.019419,0.7083,-0.0421,0.2674,2,ok
0,1021,-0.304238,-1.638503,0.002409,-0.016003,0.002409,2.534698,0.200030,0.091513,0.091513,0.000000,,0,0,0,1,1,0,-0.007256,-0.011256,0.7292,-0.0380,0.2681,2,ok
0,1022,-0.284238,-1.638722,0.007755,-0.016222,0.007755,2.554698,0.200001,0.074938,0.074938,0.000000,,0,0,0,1,1,0,-0.006697,-0.001575,0.7917,-0.0340,0.2668,2,ok
0,1023,-0.260239,-1.638744,0.012132,-0.016244,0.012132,2.578696,0.199986,0.050445,0.050445,0.000000,,0,0,0,1,1,0,-0.006315,0.003214,0.7708,-0.0379,0.2672,2,ok
0,1024,-0.240241,-1.638659,0.015300,-0.016159,0.015300,2.598694,0.199980,0.044701,0.044701,0.000000,,0,0,0,1,1,0,-0.005427,0.008527,0.7500,-0.0421,0.2668,2,ok
0,1025,-0.216244,-1.638407,0.017745,-0.015907,0.017745,2.622691,0.199983,0.028145,0.028145,0.000000,,0,0,0,1,1,0,-0.004870,0.010336,0.7708,-0.0440,0.2667,2,ok
0,1026,-0.196246,-1.638089,0.005160,-0.015589,0.005160,2.642690,0.200023,-0.199774,-0.199774,0.000000,C-06,0,0,0,1,1,0,-0.003899,0.015716,0.7292,-0.0511,0.2662,2,ok
0,1027,-0.172247,-1.637701,-0.019885,-0.015201,-0.019885,2.666688,0.199991,-0.303691,-0.303691,0.000000,,0,0,0,1,1,0,-0.005452,0.002414,0.7083,-0.0373,0.2677,2,ok
0,1028,-0.148252,-1.638146,-0.016041,-0.015646,-0.016041,2.690684,0.200018,0.073515,0.073515,0.000000,C-06,0,0,0,1,1,0,-0.007786,-0.014789,0.6875,-0.0325,0.2665,2,ok
0,1029,-0.128253,-1.638569,-0.006468,-0.016069,-0.006468,2.710682,0.200040,0.142266,0.142266,0.000000,,0,0,0,1,1,0,-0.008285,-0.020533,0.6875,-0.0419,0.2656,2,ok
0,1030,-0.104253,-1.639062,0.001934,-0.016562,0.001934,2.734682,0.200033,0.093816,0.093816,0.000000,,0,0,0,1,1,0,-0.007736,-0.012707,0.7292,-0.0442,0.2672,2,ok
0,1031,-0.084253,-1.639316,0.007815,-0.016816,0.007815,2.754682,0.200004,0.082546,0.082546,0.000000,,0,0,0,1,1,0,-0.007507,-0.000467,0.7917,-0.0276,0.2675,2,ok
0,1032,-0.060255,-1.639289,0.011215,-0.016789,0.011215,2.778681,0.199989,0.037270,0.037270,0.000000,,0,0,0,1,1,0,-0.006560,0.004128,0.7917,-0.0376,0.2666,2,ok
0,1033,-0.040256,-1.639218,0.015507,-0.016718,0.015507,2.798679,0.199978,0.063246,0.063246,0.000000,,0,0,0,1,1,0,-0.006340,0.008964,0.7500,-0.0345,0.2671,2,ok
0,1034,-0.016260,-1.639040,0.019641,-0.016540,0.019641,2.822675,0.199971,0.048381,0.048381,0.000000,,0,0,0,1,1,0,-0.006178,0.011480,0.7500,-0.0235,0.2676,2,ok
0,1035,0.003737,-1.638673,0.011754,-0.016173,0.011754,2.842673,0.200021,-0.128058,-0.128058,0.000000,C-06,0,0,0,1,1,0,-0.005038,0.015297,0.7500,-0.0416,0.2677,2,ok
0,1036,0.027737,-1.638216,-0.012056,-0.015716,-0.012056,2.866672,0.200024,-0.294392,-0.294392,0.000000,C-06,0,0,0,1,1,0,-0.004915,0.007593,0.6875,-0.0459,0.2674,2,ok
0,1037,0.051735,-1.638493,-0.010646,-0.015993,-0.010646,2.890670,0.200007,0.037490,0.037490,0.000000,C-06,0,0,0,1,1,0,-0.006842,-0.009039,0.7083,-0.0450,0.2666,2,ok
0,1038,0.071734,-1.638764,-0.001276,-0.016264,-0.001276,2.910670,0.200018,0.143910,0.143910,0.000000,,0,0,0,1,1,0,-0.007571,-0.013943,0.7083,-0.0449,0.2665,2,ok
0,1039,0.095734,-1.639021,0.004142,-0.016521,0.004142,2.934670,0.200005,0.058125,0.058125,0.000000,,0,0,0,1,1,0,-0.007575,-0.006964,0.7292,-0.0383,0.2677,2,ok
0,1040,0.115734,-1.639134,0.008063,-0.016634,0.008063,2.954669,0.199995,0.055452,0.055452,0.000000,,0,0,0,1,1,0,-0.006731,0.002347,0.7917,-0.0376,0.2680,2,ok
0,1041,0.139733,-1.639118,0.011790,-0.016618,0.011790,2.978668,0.199987,0.043364,0.043364,0.000000,,0,0,0,1,1,0,-0.006394,0.004141,0.7917,-0.0396,0.2675,2,ok
0,1042,0.159731,-1.639058,0.015678,-0.016558,0.015678,2.998666,0.199977,0.056349,0.056349,0.000000,,0,0,0,1,1,0,-0.006241,0.007114,0.7500,-0.0266,0.2686,2,ok
0,1043,0.183727,-1.638832,0.018842,-0.016332,0.018842,3.022663,0.199977,0.036527,0.036527,0.000000,,0,0,0,1,1,0,-0.005021,0.010841,0.7708,-0.0497,0.2651,2,ok
0,1044,0.203725,-1.638484,0.005630,-0.015984,0.005630,3.042661,0.200028,-0.210867,-0.210867,0.000000,C-06,0,0,0,1,1,0,-0.004390,0.016842,0.7500,-0.0465,0.2656,2,ok
0,1045,0.227724,-1.638056,-0.018335,-0.015556,-0.018335,3.066660,0.200002,-0.288654,-0.288654,0.000000,,0,0,0,1,1,0,-0.006058,0.003955,0.7083,-0.0317,0.2682,2,ok
0,1046,0.251721,-1.638469,-0.014013,-0.015969,-0.014013,3.090656,0.200018,0.075176,0.075176,0.000000,C-06,0,0,0,1,1,0,-0.007693,-0.013040,0.7083,-0.0408,0.2676,2,ok
0,1047,0.271720,-1.638859,-0.004533,-0.016359,-0.004533,3.110655,0.200035,0.140400,0.140400,0.000000,,0,0,0,1,1,0,-0.008517,-0.017133,0.7083,-0.0396,0.2682,2,ok
0,1048,0.295720,-1.639284,0.002684,-0.016784,0.002684,3.134655,0.200021,0.081098,0.081098,0.000000,,0,0,0,1,1,0,-0.007126,-0.013638,0.7500,-0.0592,0.2669,2,ok
0,1049,0.315719,-1.639501,0.008101,-0.017001,0.008101,3.154655,0.200001,0.076473,0.076473,0.000000,,0,0,0,1,1,0,-0.007864,0.000758,0.7917,-0.0204,0.2674,2,ok
0,1050,0.339718,-1.639462,0.011409,-0.016962,0.011409,3.178654,0.199989,0.036524,0.036524,0.000000,,0,0,0,1,1,0,-0.006718,0.005158,0.7917,-0.0395,0.2676,2,ok
0,1051,0.359716,-1.639384,0.016084,-0.016884,0.016084,3.198652,0.199976,0.068973,0.068973,0.000000,,0,0,0,1,1,0,-0.006667,0.009419,0.7500,-0.0285,0.2677,2,ok
0,1052,0.383712,-1.639202,0.020435,-0.016702,0.020435,3.222648,0.199968,0.050790,0.050790,0.000000,,0,0,0,1,1,0,-0.005275,0.011495,0.7708,-0.0545,0.2671,2,ok
0,1053,0.403710,-1.638813,0.008455,-0.016313,0.008455,3.242645,0.200033,-0.197967,-0.197967,0.000000,C-06,0,0,0,1,1,0,-0.004980,0.016650,0.7500,-0.0386,0.2670,2,ok
0,1054,0.427709,-1.638326,-0.016903,-0.015826,-0.016903,3.266645,0.200016,-0.307578,-0.307578,0.000000,,0,0,0,1,1,0,-0.005982,0.007950,0.7083,-0.0359,0.2681,2,ok
0,1055,0.451706,-1.638708,-0.012776,-0.016208,-0.012776,3.290642,0.200014,0.067058,0.067058,0.000000,C-06,0,0,0,1,1,0,-0.007513,-0.013919,0.6875,-0.0489,0.2658,2,ok
0,1056,0.471705,-1.639062,-0.003590,-0.016562,-0.003590,3.310641,0.200030,0.136547,0.136547,0.000000,,0,0,0,1,1,0,-0.008414,-0.017624,0.6875,-0.0407,0.2652,2,ok
0,1057,0.495705,-1.639486,0.005575,-0.016986,0.005575,3.334641,0.200028,0.106811,0.106811,0.000000,,0,0,0,1,1,0,-0.008764,-0.014807,0.7292,-0.0278,0.2662,2,ok
0,1058,0.515704,-1.639727,0.012656,-0.017227,0.012656,3.354640,0.199993,0.100169,0.100169,0.000000,,0,0,0,1,1,0,-0.007656,0.003682,0.7917,-0.0229,0.2676,2,ok
0,1059,0.539702,-1.639576,0.015913,-0.017076,0.015913,3.378637,0.199982,0.035472,0.035472,0.000000,,0,0,0,1,1,0,-0.006632,0.010441,0.7917,-0.0369,0.2672,2,ok
0,1060,0.559699,-1.639365,0.018077,-0.016865,0.018077,3.398634,0.199981,0.030644,0.030644,0.000000,,0,0,0,1,1,0,-0.006122,0.014455,0.7500,-0.0310,0.2683,2,ok
0,1061,0.583695,-1.639036,0.020286,-0.016536,0.020286,3.422630,0.199981,0.026033,0.026033,0.000000,,0,0,0,1,1,0,-0.005260,0.014452,0.7708,-0.0468,0.2656,2,ok
0,1062,0.603692,-1.638666,0.006310,-0.016166,0.006310,3.442628,0.200030,-0.225558,-0.225558,0.000000,C-06,0,0,0,1,1,0,-0.004507,0.017163,0.7500,-0.0450,0.2674,2,ok
0,1063,0.627691,-1.638215,-0.018465,-0.015715,-0.018465,3.466627,0.200005,-0.298478,-0.298478,0.000000,,0,0,0,1,1,0,-0.006027,0.004431,0.6875,-0.0343,0.2677,2,ok
0,1064,0.651687,-1.638628,-0.015143,-0.016128,-0.015143,3.490623,0.200015,0.062823,0.062823,0.000000,C-06,0,0,0,1,1,0,-0.007356,-0.014441,0.7083,-0.0520,0.2664,2,ok
0,1065,0.671686,-1.639020,-0.006006,-0.016520,-0.006006,3.510622,0.200034,0.136481,0.136481,0.000000,,0,0,0,1,1,0,-0.008410,-0.019927,0.6875,-0.0447,0.2654,2,ok
0,1066,0.695686,-1.639477,0.001424,-0.016977,0.001424,3.534622,0.200029,0.085474,0.085474,0.000000,,0,0,0,1,1,0,-0.008178,-0.011490,0.7292,-0.0435,0.2684,2,ok
0,1067,0.715686,-1.639748,0.007405,-0.017248,0.007405,3.554621,0.200007,0.084672,0.084672,0.000000,,0,0,0,1,1,0,-0.007659,-0.001351,0.7917,-0.0381,0.2678,2,ok
0,1068,0.739685,-1.639698,0.010143,-0.017198,0.010143,3.578620,0.199991,0.029189,0.029189,0.000000,,0,0,0,1,1,0,-0.006618,0.001765,0.7917,-0.0534,0.2662,2,ok
0,1069,0.759683,-1.639616,0.015814,-0.017116,0.015814,3.598619,0.199978,0.084991,0.084991,0.000000,,0,0,0,1,1,0,-0.007543,0.007821,0.7500,-0.0139,0.2684,2,ok
0,1070,0.783679,-1.639479,0.021146,-0.016979,0.021146,3.622615,0.199963,0.062225,0.062225,0.000000,,0,0,0,1,1,0,-0.006308,0.010329,0.7500,-0.0361,0.2660,2,ok
0,1071,0.803676,-1.639069,0.010742,-0.016569,0.010742,3.642612,0.200033,-0.170379,-0.170379,0.000000,C-06,0,0,0,1,1,0,-0.005335,0.017734,0.7292,-0.0323,0.2666,2,ok
0,1072,0.827676,-1.638554,-0.014286,-0.016054,-0.014286,3.666611,0.200029,-0.307125,-0.307125,0.000000,,0,0,0,1,1,0,-0.006012,0.010901,0.6875,-0.0338,0.2650,2,ok
0,1073,0.851673,-1.638871,-0.013167,-0.016371,-0.013167,3.690608,0.200008,0.037861,0.037861,0.000000,C-06,0,0,0,1,1,0,-0.007694,-0.011132,0.6667,-0.0453,0.2657,2,ok
0,1074,0.871672,-1.639189,-0.004711,-0.016689,-0.004711,3.710608,0.200023,0.128383,0.128383,0.000000,,0,0,0,1,1,0,-0.008220,-0.017203,0.6667,-0.0449,0.2656,2,ok
0,1075,0.895672,-1.639566,0.002164,-0.017066,0.002164,3.734607,0.200021,0.077641,0.077641,0.000000,,0,0,0,1,1,0,-0.008379,-0.011845,0.7083,-0.0416,0.2667,2,ok
0,1076,0.915672,-1.639827,0.008413,-0.017327,0.008413,3.754607,0.200005,0.089160,0.089160,0.000000,,0,0,0,1,1,0,-0.006797,-0.004990,0.7708,-0.0716,0.2667,2,ok
0,1077,0.939670,-1.639756,0.011232,-0.017256,0.011232,3.778606,0.199990,0.029413,0.029413,0.000000,,0,0,0,1,1,0,-0.006756,0.006070,0.7500,-0.0544,0.2653,2,ok
0,1078,0.959668,-1.639652,0.017836,-0.017152,0.017836,3.798604,0.199972,0.100443,0.100443,0.000000,,0,0,0,1,1,0,-0.004745,0.006626,0.7500,-0.0998,0.2687,2,ok
0,1079,0.983663,-1.639472,0.023327,-0.016972,0.023327,3.822599,0.199957,0.063378,0.063378,0.000000,,0,0,0,1,1,0,-0.003480,0.011991,0.7500,-0.1228,0.2706,2,ok
0,1080,1.003660,-1.639015,0.011059,-0.016515,0.011059,3.842595,0.200041,-0.195327,-0.195327,0.000000,C-06,0,0,0,1,1,0,-0.001695,0.019500,0.7292,-0.1554,0.2717,2,ok
0,1081,1.027659,-1.638450,-0.016685,-0.015950,-0.016685,3.866595,0.200032,-0.340243,-0.340243,0.000000,,0,0,0,1,1,0,-0.002576,0.011110,0.6458,-0.1691,0.2696,2,ok
0,1082,1.051656,-1.638825,-0.014597,-0.016325,-0.014597,3.890591,0.200010,0.046164,0.046164,0.000000,C-06,0,0,0,1,1,0,-0.005309,-0.011056,0.6458,-0.1684,0.2699,2,ok
0,1083,1.071655,-1.639184,-0.005645,-0.016684,-0.005645,3.910590,0.200028,0.133436,0.133436,0.000000,,0,0,0,1,1,0,-0.004374,-0.020776,0.6250,-0.2159,0.2683,2,ok
0,1084,1.095654,-1.639527,-0.000703,-0.017027,-0.000703,3.934590,0.200015,0.052930,0.052930,0.000000,,0,0,0,1,1,0,-0.004209,-0.009314,0.6875,-0.2418,0.2642,2,ok
0,1085,1.115654,-1.639763,0.007017,-0.017263,0.007017,3.954590,0.200010,0.112588,0.112588,0.000000,,0,0,0,1,1,0,-0.004782,0.003043,0.7500,-0.2490,0.2639,2,ok
0,1086,1.139653,-1.639806,0.011678,-0.017306,0.011678,3.978589,0.199987,0.051113,0.051113,0.000000,,0,0,0,1,1,0,-0.006162,0.015060,0.7500,-0.2210,0.2656,2,ok
0,1087,1.159651,-1.639784,0.016657,-0.017284,0.016657,3.998587,0.199973,0.072272,0.072272,0.000000,,0,0,0,1,1,0,-0.004809,0.022442,0.7292,-0.2716,0.2615,2,ok
0,1088,1.183647,-1.639506,0.019281,-0.017006,0.019281,4.022583,0.199981,0.028334,0.028334,0.000000,,0,0,0,1,1,0,-0.006314,0.036929,0.7500,-0.2268,0.2651,2,ok
0,1089,1.203645,-1.639164,0.013001,-0.016664,0.013001,4.042580,0.200012,-0.100485,-0.100485,0.000000,,0,0,0,1,1,0,-0.007499,0.043005,0.7292,-0.1845,0.2657,2,ok
0,1090,1.227644,-1.638746,-0.017009,-0.016246,-0.017009,4.066579,0.200006,-0.376361,-0.376361,0.000000,C-06,0,0,0,1,1,0,-0.008968,0.050244,0.6875,-0.1746,0.2633,2,ok
0,1091,1.251636,-1.638520,-0.032111,-0.016020,-0.032111,4.087535,0.199902,-0.166308,-0.166308,0.000000,C-06,0,0,0,1,1,0,-0.012337,0.034644,0.6667,-0.1491,0.2657,2,ok
0,1092,1.271626,-1.639094,-0.028551,-0.016594,-0.028551,4.110562,0.200015,0.071785,0.071785,0.000000,C-06,0,0,0,1,1,0,-0.015482,0.019822,0.6458,-0.1113,0.2695,2,ok
0,1093,1.295617,-1.639808,-0.027461,-0.017308,-0.027461,4.134552,0.200010,0.008890,0.008890,0.000000,,0,0,0,1,1,0,-0.016575,0.019128,0.6875,-0.0911,0.2699,2,ok
0,1094,1.315611,-1.640393,-0.020645,-0.017893,-0.018587,4.154546,0.200041,0.105805,0.105805,0.000000,,0,0,0,1,1,0,-0.015455,0.027223,0.7500,-0.1121,0.2657,2,ok
0,1095,1.339607,-1.641081,-0.015949,-0.018581,-0.013891,4.178542,0.200048,0.052870,0.052870,0.000000,,0,0,0,1,1,0,-0.014567,0.029667,0.7500,-0.1193,0.2661,2,ok
0,1096,1.359605,-1.641618,-0.008864,-0.019118,-0.002675,4.198541,0.200063,0.104223,0.104223,0.000000,,0,0,0,1,1,0,-0.014479,0.042173,0.7500,-0.0987,0.2654,2,ok
0,1097,1.383605,-1.641995,-0.005244,-0.019495,0.000946,4.222540,0.200016,0.039016,0.039016,0.000000,,0,0,0,1,1,0,-0.013942,0.048991,0.7292,-0.0792,0.2650,2,ok
0,1098,1.403604,-1.642138,-0.010813,-0.019581,0.003223,4.242741,0.199994,-0.086872,-0.086872,0.000000,,0,0,0,1,1,0,-0.015281,0.066622,0.6667,0.0105,0.2679,2,ok
0,1099,1.427597,-1.642300,-0.038193,-0.019497,-0.024157,4.266734,0.199869,-0.352153,-0.352153,0.000000,C-06,0,0,0,1,1,0,-0.015485,0.061483,0.6667,0.0303,0.2694,2,ok
0,1100,1.451572,-1.642686,-0.050936,-0.019583,-0.027500,4.290916,0.199794,-0.141937,-0.141937,0.000000,C-06,0,0,0,1,1,0,-0.016669,0.044648,0.6667,0.0227,0.2645,2,ok
0,1101,1.471548,-1.643647,-0.046293,-0.020132,-0.022856,4.310907,0.200036,0.087922,0.087922,0.000000,C-06,0,0,0,1,1,0,-0.018222,0.029867,0.6458,0.0369,0.2668,2,ok
0,1102,1.495520,-1.644756,-0.049664,-0.020745,-0.026228,4.334148,0.199967,-0.045928,-0.045928,0.000000,,0,0,0,1,1,0,-0.018019,0.027462,0.7083,0.0602,0.2673,2,ok
0,1103,1.515497,-1.645748,-0.047661,-0.020935,-0.012832,4.355282,0.200020,0.035286,0.035286,0.000000,,0,0,0,1,1,0,-0.014570,0.024804,0.7500,-0.0004,0.2641,2,ok
0,1104,1.539472,-1.646944,-0.042724,-0.021190,-0.007894,4.379286,0.200064,0.061220,0.061220,0.000000,,0,0,0,1,1,0,-0.013618,0.025584,0.7500,-0.0121,0.2626,2,ok
0,1105,1.559457,-1.647942,-0.035281,-0.021272,0.010153,4.399460,0.200121,0.111696,0.111696,0.000000,,0,0,0,1,1,0,-0.013067,0.026240,0.7083,-0.0024,0.2627,2,ok
0,1106,1.583444,-1.649052,-0.029431,-0.021254,0.016003,4.423473,0.200102,0.067807,0.067807,0.000000,,0,0,0,1,1,0,-0.011008,0.034883,0.7083,-0.0227,0.2645,2,ok
0,1107,1.603433,-1.649650,-0.038423,-0.020792,0.017428,4.443676,0.199942,-0.144579,-0.144579,0.000000,C-06,0,0,0,1,1,0,-0.012365,0.041238,0.7083,0.0958,0.2699,2,ok
0,1108,1.627399,-1.650350,-0.067677,-0.020128,-0.011826,4.467643,0.199646,-0.377116,-0.377116,0.000000,C-06,0,0,0,1,1,0,-0.010871,0.036000,0.6458,0.0372,0.2660,2,ok
0,1109,1.651324,-1.651088,-0.090225,-0.019432,-0.027701,4.491695,0.199339,-0.273570,-0.273570,0.000000,,0,0,0,1,1,0,-0.010871,0.036000,0.6458,0.0372,0.2660,2,ok
0,1110,1.671245,-1.652785,-0.085562,-0.019866,-0.023038,4.511683,0.200039,0.095799,0.095799,0.000000,C-06,0,0,0,1,1,0,-0.017457,-0.005837,0.7083,0.1314,0.2688,2,ok
0,1111,1.695171,-1.654898,-0.070850,-0.020403,-0.002064,4.535888,0.200264,0.188755,0.188755,0.000000,,0,0,0,1,1,0,-0.018756,-0.018161,0.7708,0.1687,0.2683,2,ok
0,1112,1.715126,-1.656626,-0.063749,-0.020677,0.005037,4.555915,0.200291,0.099506,0.099506,0.000000,,0,0,0,1,1,0,-0.016120,-0.001458,0.7292,0.1571,0.2643,2,ok
0,1113,1.739080,-1.658356,-0.059359,-0.020661,0.009427,4.579249,0.200130,0.050558,0.050558,0.000000,,0,0,0,1,1,0,-0.015141,0.008451,0.7292,0.1663,0.2633,2,ok
0,1114,1.759046,-1.659622,-0.057701,-0.020476,0.015291,4.599935,0.200054,0.022696,0.022696,0.000000,,0,0,0,1,1,0,-0.015468,0.010929,0.7500,0.2137,0.2660,2,ok
0,1115,1.783008,-1.661113,-0.054256,-0.020224,0.018737,4.623942,0.200090,0.043508,0.043508,0.000000,,0,0,0,1,1,0,-0.014347,0.005668,0.7292,0.2205,0.2667,2,ok
0,1116,1.802979,-1.662210,-0.054101,-0.019784,0.021798,4.644053,0.200002,-0.001313,-0.001313,0.000000,,0,0,0,1,1,0,-0.012807,0.008188,0.7292,0.2277,0.2681,2,ok
0,1117,1.826939,-1.663512,-0.062664,-0.019207,0.013235,4.668041,0.199907,-0.112640,-0.112640,0.000000,,0,0,0,1,1,0,-0.011189,0.003968,0.6875,0.2154,0.2699,2,ok
0,1118,1.850895,-1.665015,-0.056702,-0.018836,0.020124,4.692036,0.200074,0.085851,0.085851,0.000000,C-06,0,0,0,1,1,0,-0.012002,-0.006941,0.6667,0.2370,0.2680,2,ok
0,1119,1.870864,-1.666222,-0.054945,-0.018483,0.021881,4.712038,0.200052,0.022596,0.022596,0.000000,,0,0,0,1,1,0,-0.011456,-0.011211,0.6667,0.2494,0.2671,2,ok
0,1120,1.894826,-1.667595,-0.058453,-0.017986,0.018115,4.736031,0.199987,-0.046655,-0.046655,0.000000,,0,0,0,1,1,0,-0.010572,-0.010735,0.7292,0.2602,0.2662,2,ok
0,1121,1.914793,-1.668766,-0.055767,-0.017600,0.020801,4.756028,0.200031,0.046509,0.046509,0.000000,,0,0,0,1,1,0,-0.009529,-0.017394,0.7708,0.2512,0.2680,2,ok
0,1122,1.938757,-1.670173,-0.053585,-0.017140,0.022983,4.778936,0.200056,0.025423,0.025423,0.000000,,0,0,0,1,1,0,-0.007871,-0.027208,0.7500,0.2354,0.2653,2,ok
0,1123,1.958730,-1.671344,-0.050706,-0.016764,0.023591,4.800025,0.200084,0.043577,0.043577,0.000000,,0,0,0,1,1,0,-0.009412,-0.026934,0.7500,0.3040,0.2712,2,ok
0,1124,1.982701,-1.672735,-0.046813,-0.016297,0.027484,4.824032,0.200099,0.047598,0.047598,0.000000,,0,0,0,1,1,0,-0.002967,-0.035859,0.6875,0.1252,0.2596,2,ok
0,1125,2.002678,-1.673701,-0.049075,-0.015805,0.021765,4.843929,0.199989,-0.039423,-0.039423,0.000000,,0,0,0,1,1,0,-0.011139,-0.030512,0.7292,0.4027,0.2701,2,ok
0,1126,2.026646,-1.674846,-0.055075,-0.015240,0.015765,4.867917,0.199928,-0.075303,-0.075303,0.000000,,0,0,0,1,1,0,-0.011836,-0.030718,0.7083,0.4144,0.2699,2,ok
0,1127,2.050615,-1.676165,-0.044873,-0.014899,0.020998,4.891854,0.200101,0.139639,0.139639,0.000000,C-06,0,0,0,1,1,0,-0.011147,-0.038881,0.6667,0.4112,0.2679,2,ok
0,1128,2.070598,-1.677273,-0.036947,-0.014668,0.028923,4.911867,0.200167,0.113530,0.113530,0.000000,,0,0,0,1,1,0,-0.012938,-0.053497,0.6667,0.4975,0.2730,2,ok
0,1129,2.094585,-1.678428,-0.031054,-0.014247,0.027879,4.935788,0.200107,0.067927,0.067927,0.000000,,0,0,0,1,1,0,-0.010651,-0.046670,0.7292,0.4836,0.2663,2,ok
0,1130,2.114577,-1.679323,-0.023927,-0.013928,0.035006,4.955798,0.200141,0.105260,0.105260,0.000000,,0,0,0,1,1,0,-0.011252,-0.049988,0.7708,0.5714,0.2676,2,ok
0,1131,2.138572,-1.680205,-0.017418,-0.013352,0.041515,4.979802,0.200081,0.075984,0.075984,0.000000,,0,0,0,1,1,0,-0.007541,-0.050014,0.7708,0.5047,0.2677,2,ok
0,1132,2.158569,-1.680729,-0.013858,-0.012800,0.036626,4.999696,0.200039,0.048920,0.048920,0.000000,,0,0,0,1,1,0,-0.008158,-0.048298,0.7708,0.5793,0.2695,2,ok
0,1133,2.182568,-1.681302,-0.007265,-0.012102,0.043219,5.023691,0.200051,0.079999,0.079999,0.000000,,0,0,0,1,1,0,-0.008077,-0.061894,0.7292,0.6151,0.2703,2,ok
0,1134,2.202567,-1.681464,-0.010119,-0.011315,0.030441,5.043555,0.199995,-0.050394,-0.050394,0.000000,,0,0,0,1,1,0,0.004316,-0.065696,0.6875,0.2601,0.2493,2,ok
0,1135,2.226566,-1.681708,-0.008738,-0.010534,0.031822,5.067543,0.200003,0.020687,0.020687,0.000000,,0,0,0,1,1,0,-0.006584,-0.078530,0.6875,0.6687,0.2692,2,ok
0,1136,2.250566,-1.681956,0.001361,-0.009856,0.029396,5.091397,0.200011,0.126546,0.126546,0.000000,,0,0,0,1,1,0,-0.004017,-0.095797,0.6667,0.6370,0.2663,2,ok
0,1137,2.270566,-1.682164,0.008173,-0.009482,0.036208,5.111395,0.200005,0.094267,0.094267,0.000000,,0,0,0,1,1,0,-0.004017,-0.095797,0.6667,0.6370,0.2663,2,ok
0,1138,2.294564,-1.682357,0.016418,-0.008977,0.044454,5.135388,0.199976,0.098124,0.098124,0.000000,,0,0,0,1,1,0,-0.004086,-0.106618,0.7083,0.7170,0.2695,2,ok
0,1139,2.314559,-1.682427,0.025610,-0.008693,0.038872,5.155277,0.199938,0.134700,0.134700,0.000000,,0,0,0,1,1,0,-0.003003,-0.111212,0.7708,0.7438,0.2670,2,ok
0,1140,2.338547,-1.682411,0.038642,-0.008261,0.051905,5.179260,0.199859,0.158153,0.158153,0.000000,,0,0,0,1,1,0,-0.002815,-0.110690,0.7917,0.7736,0.2640,2,ok
0,1141,2.358528,-1.682059,0.047271,-0.007781,0.043321,5.199085,0.199830,0.122557,0.122557,0.000000,,0,0,0,1,1,0,-0.002266,-0.110117,0.7500,0.8064,0.2659,2,ok
0,1142,2.382494,-1.681475,0.059771,-0.007242,0.055821,5.223052,0.199731,0.153868,0.153868,0.000000,,0,0,0,1,1,0,0.000200,-0.110153,0.7708,0.7876,0.2702,2,ok
0,1143,2.402451,-1.680815,0.070887,-0.006621,0.066938,5.240172,0.199650,0.164971,0.164971,0.000000,,0,0,0,1,1,0,0.002766,-0.132576,0.7500,0.7655,0.2633,2,ok
0,1144,2.426380,-1.679664,0.082821,-0.006021,0.059571,5.266832,0.199614,0.146699,0.146699,0.000000,,0,0,0,1,1,0,0.003180,-0.132445,0.7083,0.7891,0.2611,2,ok
0,1145,2.450283,-1.678300,0.097186,-0.005157,0.073936,5.290758,0.199455,0.181047,0.181047,0.000000,,0,0,0,1,1,0,0.007294,-0.136812,0.7292,0.7142,0.2616,2,ok
0,1146,2.470178,-1.676874,0.108110,-0.004545,0.061275,5.310581,0.199434,0.164066,0.164066,0.000000,,0,0,0,1,1,0,0.007170,-0.159958,0.6250,0.7612,0.2617,2,ok
0,1147,2.494011,-1.675000,0.127935,-0.003706,0.081100,5.334473,0.199023,0.259621,0.259621,0.000000,,0,0,0,1,1,0,0.011990,-0.160495,0.6875,0.6834,0.2590,2,ok
0,1148,2.513823,-1.673290,0.146699,-0.003059,0.074511,5.354269,0.198759,0.292570,0.292570,0.000000,,0,0,0,1,1,0,0.013274,-0.154132,0.7500,0.6703,0.2626,2,ok
0,1149,2.537497,-1.670965,0.184086,-0.002335,0.111898,5.378046,0.197643,0.506215,0.506215,0.000000,C-06,0,0,0,1,1,0,0.014552,-0.149538,0.7708,0.6787,0.2656,2,ok
0,1150,2.557129,-1.667919,0.198577,-0.000618,0.126389,5.397839,0.198770,0.209072,0.209072,0.000000,C-06,0,0,0,1,1,0,0.019282,-0.135469,0.7708,0.6089,0.2658,2,ok
0,1151,2.580651,-1.663276,0.200982,0.001690,0.098330,5.421688,0.199843,0.024408,0.024408,0.000000,C-06,0,0,0,1,1,0,0.021030,-0.128146,0.7292,0.6141,0.2682,2,ok
0,1152,2.600243,-1.659361,0.203835,0.003617,0.101184,5.441574,0.199741,0.047636,0.047636,0.000000,,0,0,0,1,1,0,0.023310,-0.129255,0.7292,0.5565,0.2656,2,ok
0,1153,2.623726,-1.654663,0.212232,0.005586,0.076160,5.465572,0.199411,0.117660,0.117660,0.000000,,0,0,0,1,1,0,0.021931,-0.154369,0.6875,0.5824,0.2627,2,ok
0,1154,2.647140,-1.649965,0.231596,0.007241,0.095524,5.489395,0.198600,0.275097,0.275097,0.000000,C-06,0,0,0,1,1,0,0.020985,-0.161326,0.7083,0.6221,0.2657,2,ok
0,1155,2.670402,-1.645242,0.266812,0.008691,0.091513,5.513464,0.196985,0.508480,0.508480,0.000000,C-06,0,0,0,1,1,0,0.021161,-0.157448,0.6667,0.6316,0.2603,2,ok
0,1156,2.689640,-1.640701,0.286392,0.009849,0.111094,5.533196,0.197718,0.315849,0.315849,0.000000,C-06,0,0,0,1,1,0,0.025865,-0.147740,0.6458,0.5885,0.2590,2,ok
0,1157,2.712549,-1.634838,0.319319,0.011676,0.144021,5.556774,0.196482,0.481528,0.481528,0.000000,C-06,0,0,0,1,1,0,0.025718,-0.137719,0.6667,0.5987,0.2638,2,ok
0,1158,2.731484,-1.629113,0.335562,0.013535,0.118783,5.576926,0.197935,0.266537,0.266537,0.000000,C-06,0,0,0,1,1,0,0.028090,-0.115065,0.7292,0.6258,0.2615,2,ok
0,1159,2.754036,-1.621870,0.363587,0.015907,0.146809,5.600493,0.196759,0.423699,0.423699,0.000000,C-06,0,0,0,1,1,0,0.031994,-0.104559,0.7708,0.5722,0.2655,2,ok
0,1160,2.776490,-1.613487,0.355605,0.019075,0.095778,5.625225,0.200249,-0.156957,-0.156957,0.000000,C-06,0,0,0,1,1,0,0.035604,-0.091146,0.7083,0.5751,0.2673,2,ok
0,1161,2.795285,-1.606444,0.341459,0.020977,0.081632,5.645207,0.201134,-0.257947,-0.257947,0.000000,,0,0,0,1,1,0,0.034994,-0.100032,0.7500,0.5861,0.2665,2,ok
0,1162,2.817922,-1.598281,0.336631,0.022960,0.076805,5.669188,0.200481,-0.058749,-0.058749,0.000000,C-06,0,0,0,1,1,0,0.034759,-0.131981,0.7083,0.5613,0.2637,2,ok
0,1163,2.836804,-1.591636,0.335424,0.023776,0.034336,5.690220,0.200145,-0.017892,-0.017892,0.000000,,0,0,0,1,1,0,0.033736,-0.152124,0.7292,0.5618,0.2638,2,ok
0,1164,2.859572,-1.583734,0.304797,0.024404,0.003709,5.714312,0.201728,-0.485208,-0.485208,0.000000,C-06,0,0,0,1,1,0,0.033736,-0.152124,0.7292,0.5618,0.2638,2,ok
0,1165,2.878681,-1.577464,0.295735,0.024393,-0.045737,5.735302,0.201044,-0.128827,-0.128827,0.000000,C-06,0,0,0,1,1,0,0.028831,-0.217408,0.6667,0.5520,0.2581,2,ok
0,1166,2.901586,-1.570381,0.312810,0.023338,-0.028663,5.759254,0.199228,0.276967,0.276967,0.000000,C-06,0,0,0,1,1,0,0.026961,-0.242875,0.6875,0.5295,0.2600,2,ok
0,1167,2.920569,-1.564500,0.327800,0.022475,-0.013673,5.779109,0.198325,0.258866,0.258866,0.000000,,0,0,0,1,1,0,0.024572,-0.241570,0.7917,0.5452,0.2604,2,ok
0,1168,2.943206,-1.557391,0.349676,0.020843,-0.027833,5.803572,0.197490,0.324672,0.324672,0.000000,,0,0,0,1,1,0,0.023884,-0.232983,0.7917,0.5373,0.2646,2,ok
0,1169,2.965684,-1.549662,0.366154,0.019695,-0.011355,5.827313,0.198127,0.237905,0.237905,0.000000,,0,0,0,1,1,0,0.021659,-0.221087,0.7500,0.5584,0.2628,2,ok
0,1170,2.984303,-1.542963,0.381576,0.018710,-0.029727,5.847711,0.197808,0.280199,0.280199,0.000000,,0,0,0,1,1,0,0.021659,-0.221087,0.7500,0.5584,0.2628,2,ok
0,1171,3.006471,-1.534626,0.405446,0.017464,-0.005857,5.871362,0.197179,0.367706,0.367706,0.000000,,0,0,0,1,1,0,0.019802,-0.215692,0.7500,0.5538,0.2639,2,ok
0,1172,3.024787,-1.527156,0.420912,0.016966,0.009609,5.891136,0.197878,0.276911,0.276911,0.000000,,0,0,0,1,1,0,0.019415,-0.212696,0.7292,0.5590,0.2622,2,ok
0,1173,3.046587,-1.517845,0.442365,0.016038,-0.001688,5.915355,0.197498,0.336349,0.336349,0.000000,,0,0,0,1,1,0,0.019306,-0.204330,0.7292,0.5581,0.2630,2,ok
0,1174,3.064633,-1.509421,0.448311,0.015897,0.004259,5.935269,0.199294,0.093876,0.093876,0.000000,C-06,0,0,0,1,1,0,0.018879,-0.190765,0.6875,0.5615,0.2620,2,ok
0,1175,3.086294,-1.499041,0.441232,0.015528,-0.034817,5.959812,0.200475,-0.122090,-0.122090,0.000000,C-06,0,0,0,1,1,0,0.015835,-0.194509,0.6667,0.6045,0.2622,2,ok
0,1176,3.104397,-1.490405,0.437014,0.014890,-0.039034,5.979859,0.200583,-0.075114,-0.075114,0.000000,,0,0,0,1,1,0,0.011083,-0.198747,0.7083,0.6686,0.2675,2,ok
0,1177,3.126054,-1.480193,0.455336,0.013896,-0.051805,6.004215,0.198815,0.306117,0.306117,0.000000,C-06,0,0,0,1,1,0,0.009777,-0.214191,0.7708,0.6505,0.2650,2,ok
0,1178,3.147547,-1.469855,0.466561,0.012483,-0.040580,6.028024,0.198767,0.170274,0.170274,0.000000,,0,0,0,1,1,0,0.010012,-0.220689,0.7500,0.6346,0.2625,2,ok
0,1179,3.165364,-1.461076,0.476793,0.011493,-0.030348,6.047861,0.198604,0.197236,0.197236,0.000000,,0,0,0,1,1,0,0.010262,-0.222097,0.7292,0.6031,0.2619,2,ok
0,1180,3.186579,-1.450291,0.496849,0.010034,-0.041303,6.071972,0.197786,0.330905,0.330905,0.000000,,0,0,0,1,1,0,0.009381,-0.219878,0.7292,0.5952,0.2636,2,ok
0,1181,3.204139,-1.440818,0.500436,0.009142,-0.037716,6.091904,0.199669,0.049294,0.049294,0.000000,C-06,0,0,0,1,1,0,0.010519,-0.225370,0.7083,0.5377,0.2615,2,ok
0,1182,3.225250,-1.429334,0.489931,0.007911,-0.078316,6.116144,0.200720,-0.186240,-0.186240,0.000000,C-06,0,0,0,1,1,0,0.008876,-0.224841,0.7083,0.5642,0.2623,2,ok
0,1183,3.242884,-1.419861,0.493984,0.006414,-0.074263,6.136106,0.199940,0.102269,0.102269,0.000000,C-06,0,0,0,1,1,0,0.003011,-0.246180,0.7083,0.6097,0.2621,2,ok
0,1184,3.263916,-1.408475,0.512035,0.004700,-0.056212,6.159960,0.198575,0.306645,0.306645,0.000000,C-06,0,0,0,1,1,0,0.002913,-0.271266,0.6667,0.5555,0.2593,2,ok
0,1185,3.281271,-1.398925,0.528476,0.002846,-0.069405,6.179825,0.198030,0.325442,0.325442,0.000000,,0,0,0,1,1,0,0.002392,-0.269571,0.6875,0.5284,0.2595,2,ok
0,1186,3.301767,-1.386911,0.567007,0.001217,-0.030874,6.203527,0.196645,0.664166,0.664166,0.000000,C-06,0,0,0,1,1,0,0.002686,-0.264147,0.7500,0.4979,0.2600,2,ok
0,1187,3.321807,-1.374244,0.597892,0.000036,-0.029031,6.227226,0.197843,0.519645,0.519645,0.000000,,0,0,0,1,1,0,0.001480,-0.233038,0.7917,0.5324,0.2661,2,ok
0,1188,3.338239,-1.363082,0.614658,-0.000575,-0.012266,6.247080,0.198798,0.334500,0.334500,0.000000,C-06,0,0,0,1,1,0,0.001801,-0.214917,0.7500,0.5311,0.2650,2,ok
0,1189,3.357685,-1.349267,0.638098,-0.000807,0.011174,6.268572,0.198847,0.418688,0.418688,0.000000,,0,0,0,1,1,0,0.000688,-0.199687,0.7292,0.5572,0.2664,2,ok
0,1190,3.373628,-1.337362,0.658609,-0.001160,0.002686,6.290805,0.199133,0.442963,0.442963,0.000000,,0,0,0,1,1,0,-0.000106,-0.185259,0.7500,0.5786,0.2655,2,ok
0,1191,3.392451,-1.322583,0.679804,-0.000925,0.023880,6.314735,0.199592,0.381953,0.381953,0.000000,,0,0,0,1,1,0,0.010917,-0.179227,0.7083,0.2475,0.2455,2,ok
0,1192,3.408035,-1.310024,0.672747,-0.000837,-0.011798,6.334726,0.200268,-0.204934,-0.204934,0.000000,C-06,0,0,0,1,1,0,0.001969,-0.171783,0.7292,0.5944,0.2658,2,ok
0,1193,3.426953,-1.295144,0.652054,-0.001274,-0.032491,6.358791,0.200832,-0.386895,-0.386895,0.000000,C-06,0,0,0,1,1,0,0.001001,-0.186257,0.7083,0.6058,0.2632,2,ok
0,1194,3.442845,-1.282996,0.654380,-0.001915,-0.030165,6.375642,0.199822,0.085120,0.085120,0.000000,C-06,0,0,0,1,1,0,-0.004857,-0.224343,0.6667,0.6658,0.2625,2,ok
0,1195,3.461709,-1.268268,0.680108,-0.003198,-0.033920,6.402631,0.199471,0.496035,0.496035,0.000000,C-06,0,0,0,1,1,0,-0.006095,-0.236102,0.7083,0.6445,0.2584,2,ok
0,1196,3.480185,-1.252992,0.704260,-0.003725,-0.009769,6.426599,0.200010,0.443205,0.443205,0.000000,,0,0,0,1,1,0,-0.008056,-0.222224,0.7708,0.7034,0.2608,2,ok
0,1197,3.495348,-1.239917,0.720729,-0.004253,-0.021864,6.446504,0.200386,0.359868,0.359868,0.000000,,0,0,0,1,1,0,-0.007609,-0.208094,0.7708,0.7044,0.2612,2,ok
0,1198,3.513325,-1.223902,0.740910,-0.004595,-0.001684,6.470578,0.200885,0.385763,0.385763,0.000000,,0,0,0,1,1,0,-0.006287,-0.202032,0.8333,0.6876,0.2623,2,ok
0,1199,3.528052,-1.210247,0.762780,-0.004729,-0.008625,6.490510,0.200672,0.471991,0.471991,0.000000,,0,0,0,1,1,0,-0.006249,-0.198286,0.7500,0.7050,0.2605,2,ok
0,1200,3.545268,-1.193482,0.783714,-0.004795,0.012309,6.514539,0.200054,0.355067,0.355067,0.000000,,0,0,0,1,1,0,-0.004928,-0.197843,0.7917,0.7036,0.2631,2,ok
0,1201,3.559358,-1.179294,0.794159,-0.004514,0.022754,6.534533,0.199901,0.205651,0.205651,0.000000,,0,0,0,1,1,0,-0.005071,-0.188274,0.7083,0.7735,0.2619,2,ok
0,1202,3.576210,-1.162203,0.789470,-0.004612,-0.011954,6.558428,0.200025,-0.098948,-0.098948,0.000000,C-06,0,0,0,1,1,0,-0.003198,-0.187391,0.7083,0.7352,0.2666,2,ok
0,1203,3.590314,-1.148021,0.786954,-0.004820,-0.014471,6.578428,0.200004,-0.048494,-0.048494,0.000000,,0,0,0,1,1,0,-0.003198,-0.187391,0.7083,0.7352,0.2666,2,ok
0,1204,3.607038,-1.130882,0.814589,-0.005212,-0.016268,6.602223,0.199138,0.517946,0.517946,0.000000,C-06,0,0,0,1,1,0,-0.004543,-0.229359,0.6875,0.7372,0.2555,2,ok
0,1205,3.623237,-1.113358,0.845304,-0.005309,0.014446,6.626088,0.199169,0.552687,0.552687,0.000000,,0,0,0,1,1,0,-0.004670,-0.224550,0.7083,0.7713,0.2575,2,ok
0,1206,3.636356,-1.098309,0.865105,-0.004808,0.034248,6.643956,0.199894,0.426861,0.426861,0.000000,,0,0,0,1,1,0,-0.003192,-0.207236,0.7917,0.7793,0.2658,2,ok
0,1207,3.651758,-1.079884,0.885663,-0.004599,0.024611,6.669893,0.200285,0.378260,0.378260,0.000000,,0,0,0,1,1,0,0.005214,-0.195313,0.8125,0.5952,0.2585,2,ok
0,1208,3.664358,-1.064310,0.899423,-0.004046,0.038372,6.689918,0.200399,0.293938,0.293938,0.000000,,0,0,0,1,1,0,0.004980,-0.191367,0.8125,0.6340,0.2627,2,ok
0,1209,3.679276,-1.045506,0.899969,-0.003575,0.007416,6.713816,0.199982,-0.013202,-0.013202,0.000000,C-06,0,0,0,1,1,0,0.003882,-0.187098,0.7708,0.6820,0.2613,2,ok
0,1210,3.691698,-1.029817,0.903946,-0.003335,0.011393,6.733826,0.200150,0.095546,0.095546,0.000000,,0,0,0,1,1,0,0.015490,-0.215237,0.7083,0.3108,0.2381,2,ok
0,1211,3.706504,-1.010887,0.914046,-0.003127,-0.010844,6.757744,0.200372,0.188247,0.188247,0.000000,,0,0,0,1,1,0,0.005818,-0.232460,0.7500,0.5960,0.2592,2,ok
0,1212,3.718711,-0.995015,0.919033,-0.003339,-0.005857,6.777766,0.200220,0.100676,0.100676,0.000000,,0,0,0,1,1,0,0.003637,-0.240291,0.7083,0.6494,0.2590,2,ok
0,1213,3.733230,-0.975792,0.939998,-0.003385,0.015107,6.801856,0.201167,0.391741,0.391741,0.000000,C-06,0,0,0,1,1,0,0.004820,-0.245564,0.6875,0.5838,0.2633,2,ok
0,1214,3.747455,-0.956237,0.965386,-0.003608,0.007016,6.825934,0.201752,0.449347,0.449347,0.000000,,0,0,0,1,1,0,0.009030,-0.248022,0.7083,0.4626,0.2439,2,ok
0,1215,3.758905,-0.939616,0.998081,-0.003378,0.039711,6.846116,0.203115,0.695126,0.695126,0.000000,C-06,0,0,0,1,1,0,0.008003,-0.242143,0.7083,0.4854,0.2452,2,ok
0,1216,3.772136,-0.919291,1.021387,-0.002822,0.025205,6.870261,0.202108,0.373159,0.373159,0.000000,C-06,0,0,0,1,1,0,0.007853,-0.216084,0.7708,0.5025,0.2512,2,ok
0,1217,3.782817,-0.902147,1.038326,-0.002354,0.042144,6.890454,0.202043,0.335353,0.335353,0.000000,,0,0,0,1,1,0,0.009248,-0.205745,0.8125,0.4601,0.2589,2,ok
0,1218,3.795154,-0.881398,1.049648,-0.001293,0.053466,6.914438,0.201114,0.175796,0.175796,0.000000,C-06,0,0,0,1,1,0,0.010223,-0.195807,0.8333,0.4623,0.2605,2,ok
0,1219,3.805155,-0.864038,1.052388,-0.000941,0.017024,6.934550,0.200302,0.047449,0.047449,0.000000,,0,0,0,1,1,0,0.008127,-0.193750,0.7500,0.5079,0.2616,2,ok
0,1220,3.817074,-0.843101,1.068773,-0.000390,0.033410,6.958636,0.201425,0.284484,0.284484,0.000000,C-06,0,0,0,1,1,0,0.009148,-0.211898,0.7083,0.4362,0.2592,2,ok
0,1221,3.826752,-0.825567,1.068051,-0.000089,-0.008647,6.978656,0.200111,-0.037054,-0.037054,0.000000,C-06,0,0,0,1,1,0,0.009203,-0.212578,0.7708,0.4229,0.2633,2,ok
0,1222,3.838319,-0.804590,1.058462,-0.000361,-0.018236,7.002609,0.199233,-0.163026,-0.163026,0.000000,,0,0,0,1,1,0,0.005721,-0.213910,0.7083,0.4732,0.2644,2,ok
0,1223,3.850010,-0.783560,1.080158,-0.000716,0.003460,7.025444,0.201464,0.389267,0.389267,0.000000,C-06,0,0,0,1,1,0,-0.001622,-0.237786,0.6875,0.5105,0.2629,2,ok
0,1224,3.859756,-0.765822,1.101200,-0.001848,-0.016576,7.046845,0.203024,0.405054,0.405054,0.000000,,0,0,0,1,1,0,0.000585,-0.231477,0.7708,0.4450,0.2649,2,ok
0,1225,3.871203,-0.744236,1.137035,-0.002788,0.019259,7.071261,0.204662,0.574338,0.574338,0.000000,C-06,0,0,0,1,1,0,0.000662,-0.220266,0.7917,0.4387,0.2639,2,ok
0,1226,3.880016,-0.726017,1.152910,-0.003258,-0.004269,7.091375,0.202141,0.264362,0.264362,0.000000,C-06,0,0,0,1,1,0,0.001736,-0.207849,0.7917,0.4351,0.2603,2,ok
0,1227,3.889887,-0.704052,1.158399,-0.003603,0.001220,7.115453,0.200568,0.071071,0.071071,0.000000,C-06,0,0,0,1,1,0,0.002412,-0.186356,0.7708,0.4081,0.2651,2,ok
0,1228,3.897955,-0.685648,1.180886,-0.003706,0.023706,7.135415,0.201702,0.439979,0.439979,0.000000,C-06,0,0,0,1,1,0,0.000632,-0.185368,0.7917,0.4137,0.2647,2,ok
0,1229,3.907604,-0.663348,1.203390,-0.004519,0.009111,7.159711,0.202814,0.330896,0.330896,0.000000,,0,0,0,1,1,0,0.000706,-0.171785,0.7917,0.4151,0.2649,2,ok
0,1230,3.915419,-0.644614,1.223133,-0.004929,0.028854,7.180005,0.203023,0.352426,0.352426,0.000000,,0,0,0,1,1,0,0.001699,-0.178939,0.7500,0.4012,0.2629,2,ok
0,1231,3.923748,-0.622023,1.228408,-0.004864,0.000487,7.203930,0.200468,0.057019,0.057019,0.000000,C-06,0,0,0,1,1,0,0.001940,-0.169347,0.7500,0.3997,0.2628,2,ok
0,1232,3.931852,-0.599495,1.207119,-0.004910,-0.020802,7.227871,0.198795,-0.343654,-0.343654,0.000000,C-06,0,0,0,1,1,0,0.002041,-0.170580,0.7083,0.3804,0.2618,2,ok
0,1233,3.938899,-0.580775,1.216922,-0.005397,-0.041881,7.247677,0.200431,0.208021,0.208021,0.000000,C-06,0,0,0,1,1,0,-0.005787,-0.193375,0.6667,0.4601,0.2662,2,ok
0,1234,3.947243,-0.558104,1.260350,-0.006498,0.001547,7.271810,0.202583,0.682489,0.682489,0.000000,C-06,0,0,0,1,1,0,-0.005766,-0.208084,0.7083,0.4302,0.2625,2,ok
0,1235,3.954189,-0.538948,1.299132,-0.007327,0.040329,7.292170,0.204692,0.658869,0.658869,0.000000,,0,0,0,1,1,0,-0.004264,-0.183189,0.7500,0.4140,0.2605,2,ok
0,1236,3.961579,-0.515743,1.325399,-0.007855,0.036673,7.316324,0.202765,0.344605,0.344605,0.000000,C-06,0,0,0,1,1,0,-0.001501,-0.168411,0.8125,0.3816,0.2624,2,ok
0,1237,3.966710,-0.496323,1.332357,-0.007401,0.043631,7.336405,0.200715,0.096669,0.096669,0.000000,C-06,0,0,0,1,1,0,0.003066,-0.120908,0.8125,0.3512,0.2618,2,ok
0,1238,3.972395,-0.473014,1.327090,-0.006661,0.009979,7.360198,0.199756,-0.085346,-0.085346,0.000000,C-06,0,0,0,1,1,0,0.000490,-0.115898,0.7708,0.4234,0.2664,2,ok
0,1239,3.977220,-0.453577,1.340618,-0.006455,0.023507,7.380224,0.200596,0.252017,0.252017,0.000000,C-06,0,0,0,1,1,0,-0.000059,-0.114581,0.7708,0.4229,0.2661,2,ok
0,1240,3.983019,-0.430179,1.352130,-0.006197,0.035018,7.404250,0.201084,0.150600,0.150600,0.000000,,0,0,0,1,1,0,-0.000272,-0.134482,0.7292,0.4250,0.2681,2,ok
0,1241,3.988707,-0.406720,1.364252,-0.006498,0.021356,7.428291,0.201157,0.164758,0.164758,0.000000,,0,0,0,1,1,0,0.000053,-0.133651,0.7500,0.4513,0.2715,2,ok
0,1242,3.992896,-0.387153,1.359224,-0.006209,0.016328,7.448300,0.199922,-0.101938,-0.101938,0.000000,C-06,0,0,0,1,1,0,0.000184,-0.133220,0.7500,0.4568,0.2675,2,ok
0,1243,3.997883,-0.363710,1.350213,-0.006182,-0.018299,7.472120,0.199548,-0.123369,-0.123369,0.000000,,0,0,0,1,1,0,-0.002518,-0.150948,0.6667,0.4981,0.2719,2,ok
0,1244,4.002250,-0.344191,1.352885,-0.006555,-0.015627,7.492118,0.200126,0.058613,0.058613,0.000000,C-06,0,0,0,1,1,0,-0.005153,-0.168189,0.7292,0.5182,0.2715,2,ok
0,1245,4.007470,-0.320710,1.374227,-0.007101,-0.019196,7.516005,0.200866,0.311197,0.311197,0.000000,C-06,0,0,0,1,1,0,-0.005333,-0.178260,0.7917,0.5053,0.2623,2,ok
0,1246,4.011816,-0.301051,1.398303,-0.007895,0.004881,7.536123,0.201724,0.389984,0.389984,0.000000,,0,0,0,1,1,0,-0.003392,-0.166443,0.8125,0.4501,0.2587,2,ok
0,1247,4.016679,-0.277370,1.416498,-0.008484,0.023075,7.560291,0.201399,0.229838,0.229838,0.000000,C-06,0,0,0,1,1,0,-0.006096,-0.151355,0.7500,0.5553,0.2636,2,ok
0,1248,4.020486,-0.257584,1.432988,-0.009151,0.015700,7.580212,0.201493,0.258871,0.258871,0.000000,,0,0,0,1,1,0,-0.006022,-0.140817,0.7708,0.5725,0.2630,2,ok
0,1249,4.024749,-0.233777,1.455059,-0.009741,0.037771,7.604390,0.201494,0.284087,0.284087,0.000000,,0,0,0,1,1,0,-0.004069,-0.140525,0.8125,0.5236,0.2630,2,ok
0,1250,4.027604,-0.209936,1.454767,-0.009208,0.013346,7.628172,0.199991,-0.025613,-0.025613,0.000000,C-06,0,0,0,1,1,0,-0.004486,-0.132076,0.7500,0.5789,0.2632,2,ok
0,1251,4.029910,-0.190081,1.444705,-0.008939,0.003284,7.648159,0.199762,-0.168025,-0.168025,0.000000,,0,0,0,1,1,0,-0.004486,-0.139552,0.7292,0.5932,0.2682,2,ok
0,1252,4.032677,-0.166298,1.427779,-0.008622,-0.013642,7.669568,0.199319,-0.221562,-0.221562,0.000000,,0,0,0,1,1,0,-0.005003,-0.159037,0.7500,0.5737,0.2630,2,ok
0,1253,4.035489,-0.146483,1.444730,-0.009378,-0.021391,7.691903,0.200426,0.313707,0.313707,0.000000,C-06,0,0,0,1,1,0,-0.009098,-0.194559,0.7083,0.6209,0.2630,2,ok
0,1254,4.038913,-0.122618,1.488132,-0.010256,0.022011,7.715996,0.201314,0.565812,0.565812,0.000000,C-06,0,0,0,1,1,0,-0.004484,-0.205632,0.7500,0.5063,0.2570,2,ok
0,1255,4.041474,-0.102670,1.508922,-0.011032,0.018630,7.735829,0.201024,0.284545,0.284545,0.000000,C-06,0,0,0,1,1,0,-0.006031,-0.170589,0.8333,0.5966,0.2637,2,ok
0,1256,4.044122,-0.078700,1.533861,-0.011736,0.043569,7.759934,0.200857,0.304552,0.304552,0.000000,,0,0,0,1,1,0,-0.002722,-0.155838,0.7917,0.5591,0.2596,2,ok
0,1257,4.045205,-0.058711,1.541063,-0.011308,0.025335,7.779651,0.200138,0.085971,0.085971,0.000000,C-06,0,0,0,1,1,0,-0.003753,-0.144367,0.7708,0.5976,0.2673,2,ok
0,1258,4.046335,-0.034716,1.563087,-0.011125,0.047360,7.803672,0.200214,0.278286,0.278286,0.000000,C-06,0,0,0,1,1,0,-0.001950,-0.138369,0.7917,0.5631,0.2635,2,ok
0,1259,4.047463,-0.010717,1.588497,-0.010941,0.072769,7.827697,0.200188,0.301939,0.301939,0.000000,,0,0,0,1,1,0,-0.000915,-0.146821,0.7917,0.5873,0.2663,2,ok
0,1260,4.047188,0.009280,1.586465,-0.009999,0.044684,7.847427,0.200011,-0.061045,-0.061045,0.000000,C-06,0,0,0,1,1,0,-0.001352,-0.142868,0.7292,0.6198,0.2640,2,ok
0,1261,4.046730,0.033277,1.583841,-0.008774,0.042060,7.871397,0.200019,-0.029349,-0.029349,0.000000,,0,0,0,1,1,0,-0.000123,-0.144438,0.7292,0.6042,0.2669,2,ok
0,1262,4.046348,0.053276,1.574799,-0.008031,0.005432,7.891137,0.200034,-0.137523,-0.137523,0.000000,,0,0,0,1,1,0,-0.002744,-0.165621,0.7083,0.6555,0.2666,2,ok
0,1263,4.046247,0.077276,1.574696,-0.007885,0.005329,7.915136,0.200000,0.006012,0.006012,0.000000,,0,0,0,1,1,0,-0.000633,-0.187889,0.7292,0.5921,0.2623,2,ok
0,1264,4.046179,0.097273,1.600966,-0.007779,0.031598,7.935133,0.199920,0.435106,0.435106,0.000000,C-06,0,0,0,1,1,0,-0.005191,-0.203638,0.8125,0.6416,0.2616,2,ok
0,1265,4.046096,0.121245,1.636364,-0.008264,0.037335,7.958897,0.199592,0.430050,0.430050,0.000000,,0,0,0,1,1,0,-0.006564,-0.192432,0.8125,0.7091,0.2641,2,ok
0,1266,4.045658,0.141188,1.655277,-0.008308,0.056248,7.978845,0.199403,0.268984,0.268984,0.000000,C-06,0,0,0,1,1,0,-0.002502,-0.170699,0.8333,0.6520,0.2648,2,ok
0,1267,4.044354,0.165085,1.671217,-0.008024,0.039339,8.002509,0.199401,0.195078,0.195078,0.000000,,0,0,0,1,1,0,-0.003311,-0.156315,0.7917,0.7027,0.2668,2,ok
0,1268,4.042782,0.188938,1.691751,-0.007816,0.059873,8.026413,0.199069,0.264642,0.264642,0.000000,,0,0,0,1,1,0,-0.004141,-0.158572,0.7917,0.7497,0.2712,2,ok
0,1269,4.040966,0.208775,1.704780,-0.007136,0.072902,8.043550,0.199189,0.194197,0.194197,0.000000,,0,0,0,1,1,0,-0.003702,-0.156770,0.7708,0.7648,0.2717,2,ok
0,1270,4.037860,0.232575,1.693155,-0.006365,0.027809,8.070045,0.200228,-0.178205,-0.178205,0.000000,C-06,0,0,0,1,1,0,-0.001895,-0.155051,0.7708,0.7372,0.2651,2,ok
0,1271,4.035227,0.252440,1.680473,-0.005601,0.015127,8.090070,0.200519,-0.194850,-0.194850,0.000000,,0,0,0,1,1,0,-0.006341,-0.170212,0.7292,0.8452,0.2706,2,ok
0,1272,4.032565,0.276296,1.681590,-0.005796,-0.018396,8.113858,0.199977,0.029350,0.029350,0.000000,C-06,0,0,0,1,1,0,-0.012689,-0.208163,0.6875,0.9104,0.2773,2,ok
0,1273,4.030353,0.296140,1.714309,-0.006221,0.014323,8.133820,0.199236,0.583475,0.583475,0.000000,C-06,0,0,0,1,1,0,-0.012494,-0.227489,0.7500,0.9200,0.2656,2,ok
0,1274,4.027696,0.319809,1.758624,-0.006871,0.023953,8.157408,0.197800,0.581513,0.581513,0.000000,,0,0,0,1,1,0,-0.010977,-0.212350,0.7917,0.9223,0.2626,2,ok
0,1275,4.024732,0.339418,1.777607,-0.007177,0.042937,8.177237,0.198360,0.278494,0.278494,0.000000,C-06,0,0,0,1,1,0,-0.007843,-0.187981,0.8125,0.9278,0.2648,2,ok
0,1276,4.020206,0.362880,1.787781,-0.006577,0.053111,8.201124,0.199159,0.129613,0.129613,0.000000,,0,0,0,1,1,0,-0.005347,-0.172027,0.8333,0.9059,0.2650,2,ok
0,1277,4.015376,0.386295,1.796312,-0.006251,0.028418,8.224825,0.199228,0.115391,0.115391,0.000000,,0,0,0,1,1,0,-0.006334,-0.170253,0.7917,0.9608,0.2674,2,ok
0,1278,4.011049,0.405728,1.825210,-0.005819,0.057316,8.244729,0.198458,0.524243,0.524243,0.000000,C-06,0,0,0,1,1,0,-0.006248,-0.190194,0.7500,0.9884,0.2654,2,ok
0,1279,4.005545,0.428901,1.841707,-0.005222,0.040899,8.268362,0.198477,0.210833,0.210833,0.000000,C-06,0,0,0,1,1,0,-0.004059,-0.186790,0.7292,0.9835,0.2657,2,ok
0,1280,4.000308,0.448202,1.827361,-0.004535,0.026553,8.288349,0.200489,-0.288507,-0.288507,0.000000,C-06,0,0,0,1,1,0,-0.002412,-0.179419,0.7500,0.9817,0.2658,2,ok
0,1281,3.993970,0.471491,1.801472,-0.003686,0.000664,8.312470,0.201687,-0.362286,-0.362286,0.000000,,0,0,0,1,1,0,-0.004498,-0.193959,0.7292,1.0398,0.2688,2,ok
0,1282,3.989303,0.490917,1.824995,-0.004102,-0.009490,8.332337,0.199073,0.474964,0.474964,0.000000,C-06,0,0,0,1,1,0,-0.014459,-0.263508,0.7500,1.2077,0.2678,2,ok
0,1283,3.983766,0.514043,1.857807,-0.004691,0.023323,8.356109,0.197372,0.458976,0.458976,0.000000,,0,0,0,1,1,0,-0.011877,-0.262006,0.7500,1.1794,0.2679,2,ok
0,1284,3.979115,0.533133,1.889684,-0.005358,0.019523,8.375559,0.196013,0.554837,0.554837,0.000000,,0,0,0,1,1,0,-0.014438,-0.242191,0.8750,1.2789,0.2734,2,ok
0,1285,3.972263,0.555838,1.910757,-0.005448,0.040596,8.399275,0.197780,0.286838,0.286838,0.000000,C-06,0,0,0,1,1,0,-0.011051,-0.228990,0.8542,1.2339,0.2741,2,ok
0,1286,3.964957,0.578348,1.940134,-0.005047,0.069973,8.422937,0.196591,0.446494,0.446494,0.000000,C-06,0,0,0,1,1,0,-0.007805,-0.222263,0.8125,1.2110,0.2696,2,ok
0,1287,3.958336,0.596926,1.959993,-0.004859,0.052408,8.442473,0.197281,0.351451,0.351451,0.000000,,0,0,0,1,1,0,-0.005185,-0.212162,0.7917,1.1886,0.2723,2,ok
0,1288,3.949267,0.619135,1.957301,-0.003567,0.049717,8.466428,0.200258,-0.070346,-0.070346,0.000000,C-06,0,0,0,1,1,0,-0.001061,-0.224847,0.7708,1.1227,0.2668,2,ok
0,1289,3.941727,0.637709,1.942673,-0.002869,-0.005526,8.486334,0.200923,-0.283893,-0.283893,0.000000,C-06,0,0,0,1,1,0,-0.003824,-0.238138,0.7708,1.2013,0.2686,2,ok
0,1290,3.932986,0.660025,1.954493,-0.002928,0.006293,8.510301,0.199237,0.205724,0.205724,0.000000,C-06,0,0,0,1,1,0,-0.007133,-0.266848,0.8125,1.2559,0.2622,2,ok
0,1291,3.925563,0.678476,1.980932,-0.002795,0.032732,8.530189,0.198019,0.511818,0.511818,0.000000,C-06,0,0,0,1,1,0,-0.008079,-0.298386,0.6875,1.2603,0.2588,2,ok
0,1292,3.916588,0.700333,2.012152,-0.003322,0.021182,8.553693,0.196466,0.480518,0.480518,0.000000,,0,0,0,1,1,0,-0.010796,-0.297103,0.7500,1.3113,0.2597,2,ok
0,1293,3.908489,0.718225,2.058531,-0.003177,0.067561,8.573332,0.194730,0.932877,0.932877,0.000000,C-06,0,0,0,1,1,0,-0.005117,-0.285422,0.7292,1.2112,0.2618,2,ok
0,1294,3.897923,0.739170,2.102480,-0.002371,0.065996,8.596663,0.195851,0.703228,0.703228,0.000000,C-06,0,0,0,1,1,0,-0.003318,-0.260002,0.8333,1.2167,0.2579,2,ok
0,1295,3.885981,0.759729,2.121748,-0.000865,0.085264,8.620391,0.198394,0.290983,0.290983,0.000000,C-06,0,0,0,1,1,0,0.004009,-0.220105,0.8542,1.1424,0.2602,2,ok
0,1296,3.875567,0.776787,2.117129,0.000837,0.080645,8.640304,0.200184,-0.119007,-0.119007,0.000000,C-06,0,0,0,1,1,0,0.007630,-0.216940,0.8333,1.0923,0.2563,2,ok
0,1297,3.863103,0.797257,2.123711,0.001909,0.039773,8.664300,0.199406,0.124823,0.124823,0.000000,C-06,0,0,0,1,1,0,0.005213,-0.226939,0.8125,1.1596,0.2607,2,ok
0,1298,3.852598,0.814158,2.147727,0.002811,0.063789,8.684179,0.198000,0.519731,0.519731,0.000000,C-06,0,0,0,1,1,0,0.008587,-0.260359,0.7917,1.0738,0.2505,2,ok
0,1299,3.839610,0.834163,2.163689,0.003986,0.029934,8.708192,0.198887,0.257902,0.257902,0.000000,C-06,0,0,0,1,1,0,0.007994,-0.271461,0.7917,1.1116,0.2530,2,ok
0,1300,3.828437,0.850775,2.157768,0.004600,0.024013,8.728202,0.200588,-0.152525,-0.152525,0.000000,C-06,0,0,0,1,1,0,0.013817,-0.274213,0.7917,0.9878,0.2500,2,ok
0,1301,3.815061,0.870641,2.177398,0.005346,0.043643,8.752140,0.198632,0.378141,0.378141,0.000000,C-06,0,0,0,1,1,0,0.011714,-0.299196,0.6875,1.0204,0.2503,2,ok
0,1302,3.803680,0.886920,2.204894,0.005532,0.019051,8.772284,0.198260,0.597277,0.597277,0.000000,C-06,0,0,0,1,1,0,0.018393,-0.329096,0.7292,0.8740,0.2389,2,ok
0,1303,3.789414,0.906026,2.236663,0.006208,0.050820,8.796120,0.199050,0.568208,0.568208,0.000000,,0,0,0,1,1,0,0.016887,-0.320195,0.7292,0.8913,0.2438,2,ok
0,1304,3.774428,0.924690,2.264405,0.007364,0.024868,8.820413,0.199761,0.504782,0.504782,0.000000,,0,0,0,1,1,0,0.018960,-0.300517,0.8333,0.8475,0.2526,2,ok
0,1305,3.761499,0.939953,2.283907,0.008085,0.044370,8.840403,0.200251,0.428326,0.428326,0.000000,,0,0,0,1,1,0,0.020118,-0.288228,0.8125,0.8076,0.2496,2,ok
0,1306,3.745625,0.958023,2.303127,0.009384,0.063590,8.864420,0.200620,0.347079,0.347079,0.000000,,0,0,0,1,1,0,0.022543,-0.284492,0.8333,0.7442,0.2535,2,ok
0,1307,3.732164,0.972890,2.314865,0.009949,0.020379,8.885013,0.200613,0.245164,0.245164,0.000000,,0,0,0,1,1,0,0.021593,-0.274896,0.8125,0.7474,0.2565,2,ok
0,1308,3.715744,0.990476,2.334274,0.010618,0.039788,8.909063,0.200478,0.351079,0.351079,0.000000,,0,0,0,1,1,0,0.022648,-0.285645,0.7917,0.6949,0.2531,2,ok
0,1309,3.701820,1.004867,2.347511,0.011532,0.053025,8.927201,0.200150,0.272200,0.272200,0.000000,,0,0,0,1,1,0,0.021089,-0.293865,0.7500,0.6925,0.2574,2,ok
0,1310,3.684960,1.021951,2.351137,0.011399,0.000268,8.953712,0.200014,0.047733,0.047733,0.000000,C-06,0,0,0,1,1,0,0.023475,-0.298449,0.7708,0.5944,0.2553,2,ok
0,1311,3.670775,1.036031,2.371817,0.011598,0.020949,8.973697,0.199609,0.459842,0.459842,0.000000,C-06,0,0,0,1,1,0,0.021756,-0.307669,0.7292,0.5784,0.2571,2,ok
0,1312,3.653457,1.052518,2.396801,0.011554,-0.010744,8.998277,0.198951,0.439798,0.439798,0.000000,,0,0,0,1,1,0,0.019298,-0.319475,0.7292,0.5845,0.2568,2,ok
0,1313,3.635646,1.068442,2.436303,0.011677,0.028758,9.022168,0.199798,0.738385,0.738385,0.000000,C-06,0,0,0,1,1,0,0.017411,-0.299332,0.7500,0.5697,0.2597,2,ok
0,1314,3.620254,1.081251,2.461722,0.012489,0.054176,9.041403,0.200532,0.550283,0.550283,0.000000,C-06,0,0,0,1,1,0,0.017019,-0.272457,0.7917,0.5763,0.2619,2,ok
0,1315,3.601452,1.096255,2.479449,0.012478,0.015393,9.066963,0.200534,0.306178,0.306178,0.000000,C-06,0,0,0,1,1,0,0.016819,-0.250841,0.8125,0.5766,0.2624,2,ok
0,1316,3.585603,1.108542,2.491889,0.012806,0.027833,9.087015,0.200599,0.265732,0.265732,0.000000,,0,0,0,1,1,0,0.016819,-0.250841,0.8125,0.5766,0.2624,2,ok
0,1317,3.566482,1.123055,2.492387,0.012724,-0.027276,9.111734,0.199979,-0.009466,-0.009466,0.000000,C-06,0,0,0,1,1,0,0.017693,-0.238770,0.8333,0.5029,0.2607,2,ok
0,1318,3.550476,1.135134,2.505664,0.012206,-0.014000,9.131779,0.200839,0.300708,0.300708,0.000000,C-06,0,0,0,1,1,0,0.015233,-0.260235,0.7292,0.4830,0.2601,2,ok
0,1319,3.531050,1.149416,2.522448,0.011885,0.002784,9.155227,0.201011,0.296107,0.296107,0.000000,,0,0,0,1,1,0,0.014227,-0.261495,0.7500,0.4909,0.2595,2,ok
0,1320,3.514719,1.161054,2.529668,0.010744,-0.041889,9.176573,0.200517,0.140564,0.140564,0.000000,C-06,0,0,0,1,1,0,0.013051,-0.256209,0.7708,0.4337,0.2577,2,ok
0,1321,3.494986,1.174841,2.542875,0.009664,-0.028681,9.200621,0.200972,0.235465,0.235465,0.000000,,0,0,0,1,1,0,0.011934,-0.257669,0.7708,0.4288,0.2567,2,ok
0,1322,3.475043,1.188460,2.560735,0.008162,-0.056582,9.225193,0.201464,0.310589,0.310589,0.000000,,0,0,0,1,1,0,0.006746,-0.253573,0.7708,0.4569,0.2606,2,ok
0,1323,3.458170,1.199510,2.590787,0.006827,-0.026530,9.245318,0.202878,0.637228,0.637228,0.000000,C-06,0,0,0,1,1,0,0.005543,-0.245227,0.7500,0.4345,0.2596,2,ok
0,1324,3.437549,1.212408,2.618055,0.005724,0.000738,9.267390,0.202791,0.440479,0.440479,0.000000,C-06,0,0,0,1,1,0,0.006681,-0.228960,0.8125,0.4005,0.2591,2,ok
0,1325,3.420175,1.222566,2.627910,0.004551,-0.030836,9.289931,0.201134,0.174363,0.174363,0.000000,C-06,0,0,0,1,1,0,0.007329,-0.212803,0.7917,0.3827,0.2616,2,ok
0,1326,3.399130,1.234445,2.653914,0.003616,-0.004832,9.314079,0.202370,0.442900,0.442900,0.000000,C-06,0,0,0,1,1,0,0.006746,-0.206546,0.8125,0.3916,0.2625,2,ok
0,1327,3.381349,1.244296,2.678698,0.002631,-0.015468,9.334475,0.203632,0.477056,0.477056,0.000000,,0,0,0,1,1,0,0.003709,-0.186462,0.8125,0.4324,0.2646,2,ok
0,1328,3.359736,1.255590,2.705004,0.001789,0.010838,9.358847,0.203255,0.408034,0.408034,0.000000,,0,0,0,1,1,0,0.005363,-0.173445,0.7917,0.4095,0.2606,2,ok
0,1329,3.341617,1.264147,2.702109,0.001792,-0.021958,9.378947,0.200004,-0.092221,-0.092221,0.000000,C-06,0,0,0,1,1,0,0.004423,-0.154961,0.7500,0.4236,0.2624,2,ok
0,1330,3.319948,1.274353,2.691928,0.001152,-0.032139,9.402891,0.199229,-0.164339,-0.164339,0.000000,,0,0,0,1,1,0,0.005467,-0.148102,0.7708,0.4031,0.2634,2,ok
0,1331,3.298410,1.284567,2.677056,0.000453,-0.047011,9.426718,0.198265,-0.239836,-0.239836,0.000000,,0,0,0,1,1,0,-0.000704,-0.184011,0.7292,0.4369,0.2650,2,ok
0,1332,3.280440,1.293445,2.700686,-0.000911,-0.051085,9.446722,0.201498,0.512339,0.512339,0.000000,C-06,0,0,0,1,1,0,-0.001408,-0.203148,0.7708,0.3793,0.2648,2,ok
0,1333,3.258571,1.304133,2.734016,-0.002534,-0.017755,9.471009,0.203968,0.514692,0.514692,0.000000,,0,0,0,1,1,0,-0.003412,-0.202818,0.7708,0.4098,0.2636,2,ok
0,1334,3.240127,1.312646,2.754643,-0.003656,-0.023144,9.491218,0.203041,0.360605,0.360605,0.000000,C-06,0,0,0,1,1,0,-0.001571,-0.182649,0.8125,0.3865,0.2645,2,ok
0,1335,3.217787,1.322455,2.780871,-0.004868,0.003085,9.515587,0.203392,0.394505,0.394505,0.000000,,0,0,0,1,1,0,-0.002453,-0.162746,0.8125,0.4062,0.2643,2,ok
0,1336,3.199037,1.329827,2.790774,-0.005080,0.012988,9.535228,0.201318,0.158011,0.158011,0.000000,C-06,0,0,0,1,1,0,-0.001252,-0.139357,0.7917,0.3950,0.2656,2,ok
0,1337,3.176465,1.338322,2.798780,-0.005653,-0.003483,9.559705,0.200951,0.114850,0.114850,0.000000,,0,0,0,1,1,0,-0.001643,-0.132390,0.7917,0.3886,0.2658,2,ok
0,1338,3.157569,1.345138,2.818767,-0.005844,0.016504,9.579792,0.201419,0.376501,0.376501,0.000000,C-06,0,0,0,1,1,0,-0.000036,-0.134339,0.7917,0.3403,0.2630,2,ok
0,1339,3.134741,1.353260,2.836491,-0.006279,0.011275,9.603901,0.202056,0.246173,0.246173,0.000000,,0,0,0,1,1,0,-0.000646,-0.130298,0.7500,0.3629,0.2624,2,ok
0,1340,3.111794,1.361009,2.852063,-0.006491,0.026846,9.628120,0.201811,0.220511,0.220511,0.000000,,0,0,0,1,1,0,0.001960,-0.118737,0.7083,0.3221,0.2648,2,ok
0,1341,3.092653,1.366832,2.840944,-0.006236,-0.006978,9.647963,0.199631,-0.226532,-0.226532,0.000000,C-06,0,0,0,1,1,0,0.002611,-0.115033,0.7083,0.3249,0.2642,2,ok
0,1342,3.069740,1.373904,2.838726,-0.006434,-0.009197,9.671942,0.199845,-0.019560,-0.019560,0.000000,C-06,0,0,0,1,1,0,0.000253,-0.122264,0.7708,0.3282,0.2657,2,ok
0,1343,3.050628,1.379867,2.847289,-0.006661,-0.000634,9.691961,0.200457,0.163128,0.163128,0.000000,C-06,0,0,0,1,1,0,-0.001493,-0.132621,0.8125,0.3270,0.2660,2,ok
0,1344,3.027633,1.387024,2.854795,-0.007318,-0.013502,9.715915,0.200814,0.101988,0.101988,0.000000,,0,0,0,1,1,0,-0.002410,-0.135812,0.8333,0.3328,0.2643,2,ok
0,1345,3.008424,1.392956,2.864535,-0.007850,-0.003763,9.736012,0.201283,0.170183,0.170183,0.000000,,0,0,0,1,1,0,-0.002826,-0.135969,0.8333,0.3244,0.2651,2,ok
0,1346,2.985286,1.400061,2.881368,-0.008760,-0.008158,9.760014,0.201916,0.240164,0.240164,0.000000,,0,0,0,1,1,0,-0.003444,-0.131181,0.8125,0.3314,0.2649,2,ok
0,1347,2.965909,1.405865,2.902622,-0.009579,0.013096,9.780226,0.202737,0.364532,0.364532,0.000000,,0,0,0,1,1,0,-0.003574,-0.126719,0.8125,0.3290,0.2653,2,ok
0,1348,2.942543,1.412185,2.919234,-0.009996,0.009920,9.804272,0.201608,0.216708,0.216708,0.000000,,0,0,0,1,1,0,-0.003013,-0.116268,0.7917,0.3297,0.2640,2,ok
0,1349,2.919092,1.418137,2.935722,-0.010329,0.026408,9.828465,0.201599,0.223516,0.223516,0.000000,,0,0,0,1,1,0,-0.002677,-0.102078,0.7708,0.3319,0.2632,2,ok
0,1350,2.899516,1.422323,2.933422,-0.009846,0.024108,9.848477,0.200005,-0.061081,-0.061081,0.000000,C-06,0,0,0,1,1,0,-0.002490,-0.102301,0.7083,0.3435,0.2667,2,ok
0,1351,2.876048,1.427281,2.928038,-0.009712,-0.000913,9.872229,0.199786,-0.073445,-0.073445,0.000000,,0,0,0,1,1,0,-0.001346,-0.105636,0.7083,0.3210,0.2643,2,ok
0,1352,2.856501,1.431518,2.928908,-0.009765,-0.000043,9.892229,0.200048,0.021912,0.021912,0.000000,,0,0,0,1,1,0,-0.003159,-0.113912,0.7500,0.3197,0.2642,2,ok
0,1353,2.833015,1.436611,2.940572,-0.010061,-0.006966,9.916075,0.200494,0.169181,0.169181,0.000000,,0,0,0,1,1,0,-0.004248,-0.123341,0.8125,0.3206,0.2637,2,ok
0,1354,2.813405,1.440839,2.946884,-0.010466,-0.000655,9.936132,0.200630,0.095389,0.095389,0.000000,,0,0,0,1,1,0,-0.004101,-0.121612,0.8125,0.3072,0.2629,2,ok
0,1355,2.789831,1.445851,2.959504,-0.010951,-0.007373,9.960041,0.201057,0.173099,0.173099,0.000000,,0,0,0,1,1,0,-0.005457,-0.115091,0.7708,0.3308,0.2655,2,ok
0,1356,2.770130,1.450027,2.978217,-0.011635,0.011341,9.980167,0.201673,0.309276,0.309276,0.000000,,0,0,0,1,1,0,-0.007519,-0.113547,0.7917,0.3800,0.2697,2,ok
0,1357,2.746402,1.454989,3.004692,-0.012393,0.037815,10.004397,0.202086,0.346336,0.346336,0.000000,,0,0,0,1,1,0,-0.005437,-0.109951,0.7708,0.3401,0.2660,2,ok
0,1358,2.722601,1.458949,3.020385,-0.012495,0.035123,10.028311,0.200977,0.191612,0.191612,0.000000,C-06,0,0,0,1,1,0,-0.003504,-0.086921,0.7500,0.3314,0.2639,2,ok
0,1359,2.702737,1.461762,3.028909,-0.012156,0.043646,10.048370,0.200579,0.125269,0.125269,0.000000,,0,0,0,1,1,0,-0.002548,-0.074721,0.7083,0.3244,0.2645,2,ok
0,1360,2.678870,1.465008,3.044454,-0.011842,0.041456,10.072222,0.200873,0.201178,0.201178,0.000000,,0,0,0,1,1,0,-0.005129,-0.074329,0.7292,0.4100,0.2699,2,ok
0,1361,2.658958,1.467241,3.050735,-0.011312,0.047737,10.092252,0.200322,0.084962,0.084962,0.000000,,0,0,0,1,1,0,-0.003828,-0.075304,0.7500,0.3867,0.2720,2,ok
0,1362,2.635053,1.469599,3.054744,-0.010357,0.051746,10.113051,0.200168,0.047865,0.047865,0.000000,,0,0,0,1,1,0,-0.002078,-0.070062,0.7708,0.3645,0.2692,2,ok
0,1363,2.615125,1.471478,3.057750,-0.009918,0.036275,10.136064,0.200152,0.044721,0.044721,0.000000,,0,0,0,1,1,0,-0.000644,-0.072335,0.8542,0.3457,0.2636,2,ok
0,1364,2.591202,1.473690,3.065521,-0.009277,0.044046,10.160081,0.200266,0.100447,0.100447,0.000000,,0,0,0,1,1,0,-0.002993,-0.080708,0.8542,0.4183,0.2690,2,ok
0,1365,2.571255,1.475526,3.072738,-0.008961,0.033567,10.179969,0.200337,0.107600,0.107600,0.000000,,0,0,0,1,1,0,-0.000375,-0.082934,0.7708,0.3594,0.2720,2,ok
0,1366,2.547304,1.477642,3.083179,-0.008592,0.044007,10.204010,0.200370,0.129768,0.129768,0.000000,,0,0,0,1,1,0,-0.000949,-0.078389,0.7708,0.3748,0.2688,2,ok
0,1367,2.523340,1.479349,3.089788,-0.008031,0.032948,10.227856,0.200185,0.077195,0.077195,0.000000,,0,0,0,1,1,0,-0.005337,-0.072032,0.7917,0.5109,0.2691,2,ok
0,1368,2.503367,1.480402,3.088410,-0.007434,0.031570,10.247847,0.199982,-0.028927,-0.028927,0.000000,,0,0,0,1,1,0,-0.003402,-0.072345,0.7708,0.4681,0.2712,2,ok
0,1369,2.479400,1.481666,3.091066,-0.006719,0.034226,10.269777,0.200022,0.037057,0.037057,0.000000,,0,0,0,1,1,0,-0.002242,-0.076638,0.6875,0.4424,0.2662,2,ok
0,1370,2.459422,1.482722,3.099554,-0.006420,0.025458,10.291751,0.200098,0.130326,0.130326,0.000000,,0,0,0,1,1,0,-0.004596,-0.085855,0.7292,0.5011,0.2640,2,ok
0,1371,2.435438,1.483989,3.109968,-0.006027,0.035873,10.315765,0.200176,0.125367,0.125367,0.000000,,0,0,0,1,1,0,-0.006263,-0.083351,0.7708,0.5623,0.2701,2,ok
0,1372,2.415446,1.484952,3.116802,-0.005875,0.025083,10.335664,0.200140,0.096372,0.096372,0.000000,,0,0,0,1,1,0,-0.005111,-0.081807,0.8125,0.5761,0.2658,2,ok
0,1373,2.391451,1.485990,3.126581,-0.005718,0.034861,10.359681,0.200137,0.117748,0.117748,0.000000,,0,0,0,1,1,0,-0.001757,-0.081111,0.7917,0.5193,0.2627,2,ok
0,1374,2.371453,1.486504,3.130933,-0.005330,0.022330,10.379590,0.200041,0.057151,0.057151,0.000000,,0,0,0,1,1,0,-0.003686,-0.084874,0.7917,0.6056,0.2676,2,ok
0,1375,2.347453,1.487041,3.138422,-0.005084,0.029819,10.403594,0.200049,0.090853,0.090853,0.000000,,0,0,0,1,1,0,-0.002779,-0.081896,0.8125,0.5857,0.2662,2,ok
0,1376,2.323453,1.487390,-3.139069,-0.004650,0.035513,10.426294,0.200013,0.065397,0.065397,0.000000,,0,0,0,1,1,0,-0.000656,-0.090861,0.7917,0.5723,0.2619,2,ok
0,1377,2.303453,1.487359,-3.138948,-0.004334,0.017972,10.447509,0.200000,-0.003110,-0.003110,0.000000,,0,0,0,1,1,0,-0.000920,-0.089815,0.7917,0.6025,0.2656,2,ok
0,1378,2.279454,1.487299,-3.126599,-0.003905,0.030321,10.471505,0.199980,0.158810,0.158810,0.000000,C-06,0,0,0,1,1,0,0.001901,-0.097871,0.7292,0.5358,0.2628,2,ok
0,1379,2.259458,1.487249,-3.117241,-0.003774,0.022449,10.491434,0.199944,0.132087,0.132087,0.000000,,0,0,0,1,1,0,-0.000240,-0.112904,0.6875,0.6109,0.2680,2,ok
0,1380,2.235471,1.487189,-3.101751,-0.003760,0.037939,10.515422,0.199848,0.190478,0.190478,0.000000,,0,0,0,1,1,0,0.005322,-0.112348,0.7708,0.5318,0.2624,2,ok
0,1381,2.215490,1.486810,-3.093156,-0.003500,0.028528,10.535343,0.199825,0.121568,0.121568,0.000000,,0,0,0,1,1,0,0.005032,-0.110002,0.7917,0.5699,0.2673,2,ok
0,1382,2.191524,1.486096,-3.083590,-0.003245,0.038095,10.559319,0.199787,0.116434,0.116434,0.000000,,0,0,0,1,1,0,0.005032,-0.110002,0.7917,0.5699,0.2673,2,ok
0,1383,2.171568,1.485389,-3.066052,-0.002922,0.055633,10.579284,0.199570,0.275255,0.275255,0.000000,C-06,0,0,0,1,1,0,0.010813,-0.115183,0.8333,0.4603,0.2611,2,ok
0,1384,2.147660,1.484508,-3.042941,-0.002850,0.061548,10.603160,0.199230,0.289317,0.289317,0.000000,,0,0,0,1,1,0,0.011551,-0.111559,0.8333,0.4678,0.2648,2,ok
0,1385,2.123781,1.482263,-3.040005,-0.001475,0.064483,10.627104,0.199923,0.020449,0.020449,0.000000,C-06,0,0,0,1,1,0,0.015563,-0.105457,0.8125,0.4085,0.2606,2,ok
0,1386,2.103875,1.480238,-3.051141,-0.000429,0.034687,10.647064,0.200202,-0.187320,-0.187320,0.000000,C-06,0,0,0,1,1,0,0.016098,-0.111907,0.7708,0.3957,0.2640,3,ok
0,1387,2.079971,1.478053,-3.052464,0.000381,0.033364,10.671055,0.200020,-0.005940,-0.005940,0.000000,C-06,0,0,0,1,1,0,0.015511,-0.129596,0.7500,0.3729,0.2629,2,ok
0,1388,2.060072,1.476272,-3.025874,0.000969,0.038012,10.691036,0.199496,0.470054,0.470054,0.000000,C-06,0,0,0,1,1,0,0.013916,-0.142964,0.7292,0.3746,0.2638,2,ok
0,1389,2.036259,1.474098,-3.008776,0.001458,0.055109,10.714943,0.199177,0.199795,0.199795,0.000000,C-06,0,0,0,1,1,0,0.014899,-0.150322,0.7083,0.3537,0.2636,2,ok
0,1390,2.016472,1.472122,-2.981032,0.002032,0.082853,10.734820,0.198466,0.452870,0.452870,0.000000,C-06,0,0,0,1,1,0,0.016303,-0.130573,0.7708,0.3520,0.2664,2,ok
0,1391,1.992797,1.468495,-2.974946,0.003512,0.062946,10.758784,0.199716,0.051184,0.051184,0.000000,C-06,0,0,0,1,1,0,0.018593,-0.106789,0.8125,0.3239,0.2659,3,ok
0,1392,1.973073,1.465205,-2.975838,0.004912,0.062055,10.778732,0.199998,-0.018313,-0.018313,0.000000,,0,0,0,1,1,0,0.020344,-0.099856,0.8333,0.2762,0.2635,2,ok
0,1393,1.949410,1.461247,-2.971476,0.006287,0.037833,10.802881,0.199861,0.062595,0.062595,0.000000,,0,0,0,1,1,0,0.018256,-0.102105,0.7708,0.3069,0.2660,2,ok
0,1394,1.925792,1.457289,-2.953055,0.007176,0.056254,10.826812,0.199239,0.261561,0.261561,0.000000,C-06,0,0,0,1,1,0,0.020137,-0.115751,0.8125,0.2310,0.2614,2,ok
0,1395,1.906158,1.453736,-2.947675,0.008175,0.061635,10.846739,0.199553,0.072695,0.072695,0.000000,C-06,0,0,0,1,1,0,0.018757,-0.111265,0.7708,0.2814,0.2625,2,ok
0,1396,1.882574,1.449130,-2.964410,0.008849,0.013492,10.871067,0.200574,-0.246193,-0.246193,0.000000,C-06,0,0,0,1,1,0,0.021804,-0.112233,0.7917,0.2049,0.2622,3,ok
0,1397,1.862889,1.445601,-2.961698,0.009069,0.016204,10.891065,0.199870,0.070056,0.070056,0.000000,C-06,0,0,0,1,1,0,0.019532,-0.124397,0.6875,0.2053,0.2632,2,ok
0,1398,1.839361,1.441305,-2.920516,0.008970,0.026416,10.915292,0.198489,0.619558,0.619558,0.000000,C-06,0,0,0,1,1,0,0.017093,-0.136311,0.7292,0.1994,0.2615,2,ok
0,1399,1.819932,1.437720,-2.883797,0.008618,0.063135,10.935046,0.196786,0.604822,0.604822,0.000000,,0,0,0,1,1,0,0.017900,-0.126115,0.7083,0.1845,0.2610,2,ok
0,1400,1.796758,1.431862,-2.875558,0.009664,0.043640,10.959187,0.199433,0.076436,0.076436,0.000000,C-06,0,0,0,1,1,0,0.021734,-0.073049,0.8125,0.1802,0.2652,2,ok
0,1401,1.777430,1.426652,-2.889569,0.010378,0.029629,10.979192,0.200559,-0.263570,-0.263570,0.000000,C-06,0,0,0,1,1,0,0.023095,-0.063063,0.8333,0.1587,0.2631,3,ok
0,1402,1.754165,1.420435,-2.896921,0.011184,0.022277,11.003260,0.200684,-0.091452,-0.091452,0.000000,C-06,0,0,0,1,1,0,0.021134,-0.073540,0.8333,0.1727,0.2666,2,ok
0,1403,1.730880,1.414610,-2.896283,0.011195,-0.001735,11.027514,0.199956,0.015121,0.015121,0.000000,,0,0,0,1,1,0,0.019074,-0.094594,0.7917,0.1606,0.2658,3,ok
0,1404,1.711509,1.409753,-2.882624,0.011107,0.011924,11.047485,0.199383,0.251210,0.251210,0.000000,C-06,0,0,0,1,1,0,0.019491,-0.098906,0.7917,0.1164,0.2669,2,ok
0,1405,1.688362,1.403923,-2.865759,0.010857,0.008181,11.071546,0.198519,0.234893,0.234893,0.000000,,0,0,0,1,1,0,0.019109,-0.088279,0.7708,0.1136,0.2619,2,ok
0,1406,1.669069,1.398585,-2.888885,0.010903,-0.014944,11.091565,0.200928,-0.465282,-0.465282,0.000000,C-06,0,0,0,1,1,0,0.019188,-0.075933,0.7500,0.1135,0.2667,3,ok
0,1407,1.645786,1.392306,-2.901162,0.010803,-0.027221,11.114258,0.200918,-0.122659,-0.122659,0.000000,C-06,0,0,0,1,1,0,0.017108,-0.077727,0.7292,0.1221,0.2648,3,ok
0,1408,1.626466,1.387472,-2.850877,0.009884,0.005342,11.135813,0.197729,1.000000,1.000000,0.000000,C-06,0,0,0,1,1,0,0.013530,-0.115665,0.8125,0.0903,0.2679,2,ok
0,1409,1.603720,1.381701,-2.783990,0.008919,0.072229,11.159259,0.193624,0.967677,0.967677,0.000000,,0,0,0,1,1,0,0.017181,-0.080497,0.7708,0.0770,0.2640,3,ok
0,1410,1.585011,1.374879,-2.780840,0.009938,0.059194,11.179275,0.199855,-0.028985,-0.028985,0.000000,C-06,0,0,0,1,1,0,0.024415,-0.026247,0.8333,0.0299,0.2654,3,ok
0,1411,1.562516,1.366412,-2.791115,0.011298,0.048920,11.203272,0.200630,-0.160820,-0.160820,0.000000,,0,0,0,1,1,0,0.024535,0.001892,0.8125,0.0844,0.2668,3,ok
0,1412,1.539916,1.357944,-2.805919,0.012508,0.020057,11.227532,0.201552,-0.221442,-0.221442,0.000000,,0,0,0,1,1,0,0.024165,-0.011187,0.7708,0.0684,0.2694,3,ok
0,1413,1.521004,1.351072,-2.814448,0.013156,0.011528,11.247643,0.201181,-0.142538,-0.142538,0.000000,,0,0,0,1,1,0,0.023655,-0.022659,0.7708,0.0380,0.2674,3,ok
0,1414,1.498139,1.343290,-2.855512,0.013441,-0.029536,11.269752,0.202357,-0.640687,-0.640687,0.000000,C-06,0,0,0,1,1,0,0.023711,-0.031691,0.8125,0.0024,0.2666,3,ok
0,1415,1.478832,1.336826,-2.901859,0.013249,-0.086907,11.292352,0.204633,-0.787587,-0.787587,0.000000,,0,0,0,1,1,0,0.018611,-0.059609,0.7292,0.0382,0.2667,3,ok
0,1416,1.455516,1.330923,-2.898867,0.011255,-0.083915,11.316321,0.200036,0.096588,0.096588,0.000000,C-06,0,0,0,1,1,0,0.015411,-0.103031,0.7292,-0.0159,0.2644,2,ok
0,1417,1.436175,1.326108,-2.866328,0.009419,-0.060897,11.336242,0.198506,0.606440,0.606440,0.000000,C-06,0,0,0,1,1,0,0.010049,-0.127386,0.7917,-0.0170,0.2633,2,ok
0,1418,1.413167,1.320287,-2.840848,0.007284,-0.035417,11.359879,0.197485,0.342362,0.342362,0.000000,C-06,0,0,0,1,1,0,0.011420,-0.102928,0.7917,-0.0414,0.2650,2,ok
0,1419,1.394106,1.314842,-2.827399,0.006051,-0.030193,11.379708,0.198284,0.223704,0.223704,0.000000,,0,0,0,1,1,0,0.011712,-0.078521,0.8125,-0.0398,0.2701,3,ok
0,1420,1.371335,1.307896,-2.813096,0.004892,-0.015891,11.403487,0.198396,0.205775,0.205775,0.000000,,0,0,0,1,1,0,0.012620,-0.063888,0.7917,-0.0611,0.2657,2,ok
0,1421,1.348645,1.300352,-2.806777,0.004297,-0.016013,11.427419,0.199322,0.084822,0.084822,0.000000,,0,0,0,1,1,0,0.010576,-0.045266,0.7708,-0.0251,0.2664,3,ok
0,1422,1.329772,1.293952,-2.801639,0.003818,-0.010874,11.447342,0.199275,0.090536,0.090536,0.000000,,0,0,0,1,1,0,0.010714,-0.032788,0.7917,-0.0459,0.2649,2,ok
0,1423,1.307117,1.285969,-2.809663,0.003526,-0.018899,11.471360,0.200460,-0.131118,-0.131118,0.000000,C-06,0,0,0,1,1,0,0.011460,-0.024119,0.7917,-0.0735,0.2645,3,ok
0,1424,1.288164,1.279305,-2.824574,0.003156,-0.038499,11.491470,0.201331,-0.269976,-0.269976,0.000000,,0,0,0,1,1,0,0.009647,-0.025446,0.7500,-0.0600,0.2666,3,ok
0,1425,1.265318,1.271495,-2.835195,0.002480,-0.049121,11.515604,0.201172,-0.143001,-0.143001,0.000000,,0,0,0,1,1,0,0.009647,-0.025446,0.7500,-0.0600,0.2666,3,ok
0,1426,1.246285,1.265379,-2.821309,0.001487,-0.039578,11.535582,0.199406,0.280322,0.280322,0.000000,C-06,0,0,0,1,1,0,0.007244,-0.059905,0.7292,-0.1265,0.2656,2,ok
0,1427,1.223557,1.258073,-2.808462,0.000242,-0.026731,11.559424,0.198606,0.179527,0.179527,0.000000,,0,0,0,1,1,0,0.004513,-0.048601,0.7917,-0.0882,0.2689,2,ok
0,1428,1.204702,1.251950,-2.794124,-0.000725,-0.015407,11.579226,0.197979,0.258842,0.258842,0.000000,,0,0,0,1,1,0,0.006814,-0.034968,0.8542,-0.1283,0.2646,3,ok
0,1429,1.182148,1.243825,-2.792238,-0.001097,-0.013521,11.603195,0.199910,0.011092,0.011092,0.000000,C-06,0,0,0,1,1,0,0.006814,-0.034968,0.8542,-0.1283,0.2646,3,ok
0,1430,1.159631,1.235611,-2.783629,-0.001373,-0.004912,11.625256,0.199471,0.136447,0.136447,0.000000,,0,0,0,1,1,0,0.005174,-0.004211,0.7708,-0.1092,0.2665,3,ok
0,1431,1.140924,1.228764,-2.776324,-0.001694,0.000752,11.647073,0.198985,0.129538,0.129538,0.000000,,0,0,0,1,1,0,0.006025,0.002357,0.8125,-0.1314,0.2682,3,ok
0,1432,1.118514,1.220211,-2.775436,-0.001739,0.001639,11.671060,0.199960,0.004887,0.004887,0.000000,,0,0,0,1,1,0,0.007085,0.014827,0.7500,-0.1484,0.2681,3,ok
0,1433,1.099816,1.213051,-2.782819,-0.001747,-0.005330,11.691083,0.200461,-0.144693,-0.144693,0.000000,,0,0,0,1,1,0,0.006587,0.017431,0.7292,-0.1297,0.2680,3,ok
0,1434,1.077276,1.204458,-2.799896,-0.001791,-0.022407,11.715205,0.201534,-0.260569,-0.260569,0.000000,,0,0,0,1,1,0,0.008538,0.019160,0.7292,-0.1952,0.2685,3,ok
0,1435,1.058552,1.197657,-2.758231,-0.002137,0.019015,11.735124,0.197617,0.876540,0.876540,0.000000,C-06,0,0,0,1,1,0,0.004204,0.012872,0.7083,-0.1681,0.2723,2,ok
0,1436,1.036479,1.189461,-2.719328,-0.002374,0.057918,11.758669,0.195746,0.573195,0.573195,0.000000,C-06,0,0,0,1,1,0,0.007845,0.043073,0.7500,-0.1808,0.2704,3,ok
0,1437,1.018258,1.181338,-2.715880,-0.001287,0.064039,11.778595,0.199828,0.021979,0.021979,0.000000,C-06,0,0,0,1,1,0,0.014086,0.079666,0.8125,-0.2210,0.2693,3,ok
0,1438,0.996313,1.171428,-2.735349,0.000230,0.044570,11.802626,0.201370,-0.322646,-0.322646,0.000000,C-06,0,0,0,1,1,0,0.018273,0.096396,0.8542,-0.2705,0.2681,3,ok
0,1439,0.974151,1.161515,-2.760743,0.001673,0.019176,11.825108,0.203137,-0.388026,-0.388026,0.000000,,0,0,0,1,1,0,0.018041,0.091117,0.8125,-0.2773,0.2677,3,ok
0,1440,0.955545,1.153790,-2.770478,0.002295,0.012407,11.847000,0.201310,-0.157768,-0.157768,0.000000,C-06,0,0,0,1,1,0,0.014789,0.064071,0.7708,-0.2340,0.2659,3,ok
0,1441,0.933143,1.144843,-2.778778,0.002715,0.004108,11.871119,0.201004,-0.121138,-0.121138,0.000000,,0,0,0,1,1,0,0.014694,0.060122,0.7500,-0.2651,0.2656,3,ok
0,1442,0.914354,1.137682,-2.808516,0.002903,-0.021609,11.891200,0.201935,-0.582486,-0.582486,0.000000,C-06,0,0,0,1,1,0,0.015444,0.054329,0.7500,-0.2997,0.2642,3,ok
0,1443,0.891500,1.129113,-2.855758,0.003041,-0.068851,11.915606,0.204623,-0.687559,-0.687559,0.000000,,0,0,0,1,1,0,0.014512,0.044858,0.7292,-0.3353,0.2644,3,ok
0,1444,0.872408,1.123198,-2.811032,0.002010,-0.019600,11.935562,0.197992,1.000000,1.000000,0.000000,C-06,0,0,0,1,1,0,0.006872,-0.005801,0.7500,-0.3140,0.2718,3,ok
0,1445,0.849965,1.116265,-2.748967,0.000799,0.042465,11.959021,0.193805,0.915884,0.915884,0.000000,,0,0,0,1,1,0,0.012671,0.024006,0.7500,-0.3866,0.2668,3,ok
0,1446,0.831533,1.108822,-2.740704,0.001477,0.057464,11.978880,0.199422,0.072634,0.072634,0.000000,C-06,0,0,0,1,1,0,0.018449,0.082825,0.8125,-0.4073,0.2673,3,ok
0,1447,0.809423,1.099461,-2.743813,0.002798,0.054354,12.002853,0.200231,-0.054910,-0.054910,0.000000,,0,0,0,1,1,0,0.022115,0.113141,0.8542,-0.4371,0.2672,3,ok
0,1448,0.787228,1.090164,-2.760020,0.004057,0.044935,12.026857,0.201064,-0.260842,-0.260842,0.000000,C-06,0,0,0,1,1,0,0.024291,0.127346,0.7917,-0.4410,0.2720,3,ok
0,1449,0.768608,1.082421,-2.776090,0.005178,0.028864,12.046991,0.202143,-0.289796,-0.289796,0.000000,,0,0,0,1,1,0,0.023679,0.124176,0.8125,-0.4457,0.2694,3,ok
0,1450,0.746085,1.073166,-2.802833,0.006428,0.002122,12.071310,0.203477,-0.402067,-0.402067,0.000000,,0,0,0,1,1,0,0.025474,0.113646,0.7917,-0.5104,0.2682,3,ok
0,1451,0.727164,1.065922,-2.820374,0.007166,-0.006934,12.091495,0.202524,-0.297275,-0.297275,0.000000,,0,0,0,1,1,0,0.025504,0.099459,0.7917,-0.5418,0.2682,3,ok
0,1452,0.704281,1.057554,-2.851743,0.007695,-0.038303,12.115854,0.203846,-0.462655,-0.462655,0.000000,C-06,0,0,0,1,1,0,0.022844,0.086926,0.7292,-0.5255,0.2645,3,ok
0,1453,0.685065,1.051199,-2.868807,0.007650,-0.045273,12.136019,0.202245,-0.274786,-0.274786,0.000000,C-06,0,0,0,1,1,0,0.021762,0.065923,0.7292,-0.5622,0.2633,3,ok
0,1454,0.662104,1.044529,-2.815320,0.006779,0.008213,12.159913,0.197450,0.904831,0.904831,0.000000,C-06,0,0,0,1,1,0,0.018937,0.054291,0.7708,-0.5639,0.2655,3,ok
0,1455,0.643287,1.039012,-2.778083,0.006215,0.056640,12.179448,0.195326,0.632013,0.632013,0.000000,C-06,0,0,0,1,1,0,0.021808,0.088216,0.8542,-0.5844,0.2671,3,ok
0,1456,0.620857,1.030699,-2.780468,0.007319,0.054254,12.203342,0.199811,-0.083159,-0.083159,0.000000,C-06,0,0,0,1,1,0,0.030390,0.145008,0.7917,-0.6776,0.2705,3,ok
0,1457,0.598380,1.022278,-2.786506,0.008634,0.060156,12.227198,0.200206,-0.089847,-0.089847,0.000000,,0,0,0,1,1,0,0.032450,0.164983,0.7083,-0.6782,0.2677,3,ok
0,1458,0.579623,1.015301,-2.787672,0.009855,0.058990,12.247173,0.200119,-0.014632,-0.014632,0.000000,,0,0,0,1,1,0,0.034260,0.167441,0.7292,-0.7210,0.2705,3,ok
0,1459,0.557102,1.006943,-2.789719,0.011356,0.070263,12.271010,0.200242,-0.031333,-0.031333,0.000000,,0,0,0,1,1,0,0.035469,0.186521,0.6875,-0.7361,0.2696,3,ok
0,1460,0.538319,0.999978,-2.792473,0.012808,0.067509,12.290990,0.200411,-0.050225,-0.050225,0.000000,,0,0,0,1,1,0,0.039650,0.194125,0.6875,-0.8101,0.2650,3,ok
0,1461,0.515663,0.991758,-2.823404,0.014385,0.036578,12.315039,0.201774,-0.531886,-0.531886,0.000000,C-06,0,0,0,1,1,0,0.038468,0.210787,0.6250,-0.7739,0.2610,3,ok
0,1462,0.496547,0.984926,-2.865415,0.015883,0.009048,12.335092,0.204066,-0.741036,-0.741036,0.000000,C-06,0,0,0,1,1,0,0.042351,0.216260,0.6042,-0.8369,0.2670,3,ok
0,1463,0.473452,0.978261,-2.862613,0.016167,0.011850,12.359128,0.199854,0.105438,0.105438,0.000000,C-06,0,0,0,1,1,0,0.036987,0.173122,0.7083,-0.8257,0.2582,3,ok
0,1464,0.454273,0.972800,-2.844024,0.016588,0.046485,12.378795,0.198919,0.342247,0.342247,0.000000,C-06,0,0,0,1,1,0,0.035507,0.170035,0.7708,-0.7979,0.2594,3,ok
0,1465,0.431372,0.966114,-2.832316,0.017339,0.058194,12.402640,0.198802,0.154758,0.154758,0.000000,C-06,0,0,0,1,1,0,0.037782,0.196383,0.7083,-0.8125,0.2618,3,ok
0,1466,0.408430,0.958883,-2.858524,0.018853,0.049845,12.426357,0.201283,-0.423910,-0.423910,0.000000,C-06,0,0,0,1,1,0,0.040800,0.239618,0.6875,-0.8162,0.2589,3,ok
0,1467,0.389144,0.952829,-2.890065,0.020222,0.018304,12.446525,0.202861,-0.540500,-0.540500,0.000000,,0,0,0,1,1,0,0.039711,0.243884,0.6458,-0.8130,0.2518,3,ok
0,1468,0.365816,0.945802,-2.918543,0.021835,0.009513,12.470381,0.202973,-0.380748,-0.380748,0.000000,C-06,0,0,0,1,1,0,0.036143,0.228519,0.6667,-0.7490,0.2549,3,ok
0,1469,0.346255,0.940274,-2.945526,0.023067,-0.017471,12.490670,0.203327,-0.441591,-0.441591,0.000000,,0,0,0,1,1,0,0.034269,0.214285,0.6458,-0.7318,0.2605,3,ok
0,1470,0.322648,0.934320,-2.976187,0.024027,-0.027208,12.514490,0.202769,-0.404168,-0.404168,0.000000,,0,0,0,1,1,0,0.034265,0.196144,0.6458,-0.7418,0.2597,3,ok
0,1471,0.302932,0.930900,-2.966647,0.023596,-0.017668,12.534495,0.199738,0.203469,0.203469,0.000000,C-06,0,0,0,1,1,0,0.029683,0.182301,0.6875,-0.6673,0.2615,3,ok
0,1472,0.279320,0.926925,-2.956533,0.023055,0.016873,12.557913,0.199373,0.129501,0.129501,0.000000,,0,0,0,1,1,0,0.029173,0.201052,0.7083,-0.6363,0.2565,3,ok
0,1473,0.259650,0.923323,-2.964061,0.023263,0.009344,12.577909,0.200150,-0.141909,-0.141909,0.000000,C-06,0,0,0,1,1,0,0.031625,0.227841,0.7083,-0.6330,0.2544,3,ok
0,1474,0.235943,0.919045,-3.014182,0.023451,-0.040776,12.601144,0.201483,-0.727423,-0.727423,0.000000,C-06,0,0,0,1,1,0,0.031695,0.244409,0.7083,-0.6129,0.2491,3,ok
0,1475,0.212098,0.914959,-3.040668,0.023991,-0.042086,12.625650,0.201526,-0.309911,-0.309911,0.000000,C-06,0,0,0,1,1,0,0.027329,0.214816,0.6875,-0.5486,0.2569,3,ok
0,1476,0.192181,0.912021,-3.060072,0.023961,-0.061490,12.645782,0.201234,-0.289747,-0.289747,0.000000,,0,0,0,1,1,0,0.026282,0.204771,0.7083,-0.5407,0.2591,3,ok
0,1477,0.168242,0.909096,-3.081073,0.024051,-0.054746,12.669092,0.200888,-0.257687,-0.257687,0.000000,,0,0,0,1,1,0,0.024981,0.193140,0.6875,-0.4920,0.2627,3,ok
0,1478,0.148267,0.906898,-3.102930,0.023958,-0.076603,12.689187,0.200960,-0.324391,-0.324391,0.000000,,0,0,0,1,1,0,0.025846,0.182169,0.6875,-0.5095,0.2569,3,ok
0,1479,0.124293,0.905824,-3.084884,0.022760,-0.028339,12.712558,0.199848,0.280705,0.280705,0.000000,C-06,0,0,0,1,1,0,0.024722,0.181200,0.6458,-0.4769,0.2591,3,ok
0,1480,0.104331,0.905030,-3.074398,0.021778,-0.017853,12.732510,0.199714,0.143199,0.143199,0.000000,,0,0,0,1,1,0,0.026496,0.199960,0.6875,-0.4371,0.2598,3,ok
0,1481,0.080379,0.903514,-3.084485,0.021694,0.004704,12.755766,0.200088,-0.146758,-0.146758,0.000000,C-06,0,0,0,1,1,0,0.028587,0.229454,0.6875,-0.4151,0.2571,3,ok
0,1482,0.060398,0.902217,-3.119217,0.021900,-0.030028,12.775788,0.200360,-0.564692,-0.564692,0.000000,C-06,0,0,0,1,1,0,0.029919,0.238775,0.7292,-0.4162,0.2529,3,ok
0,1483,0.036400,0.900660,3.124372,0.022598,-0.036744,12.799056,0.200396,-0.462350,-0.462350,0.000000,,0,0,0,1,1,0,0.029046,0.212091,0.7292,-0.3780,0.2579,3,ok
0,1484,0.012415,0.899512,3.090797,0.023275,-0.070318,12.823058,0.199855,-0.400156,-0.400156,0.000000,,0,0,0,1,1,0,0.026725,0.178134,0.6875,-0.3581,0.2588,3,ok
0,1485,-0.007551,0.899801,3.075668,0.022953,-0.050752,12.842219,0.199635,-0.205867,-0.205867,0.000000,C-06,0,0,0,1,1,0,0.027750,0.153962,0.7083,-0.3811,0.2637,3,ok
0,1486,-0.031481,0.900502,3.055725,0.022618,-0.070695,12.866157,0.199413,-0.250085,-0.250085,0.000000,,0,0,0,1,1,0,0.024575,0.145238,0.7083,-0.3106,0.2652,3,ok
0,1487,-0.051422,0.902091,3.079373,0.021600,-0.013247,12.885371,0.200285,0.439312,0.439312,0.000000,C-06,0,0,0,1,1,0,0.026891,0.143463,0.6458,-0.3449,0.2591,3,ok
0,1488,-0.075395,0.904088,3.110945,0.020807,0.018324,12.909414,0.200589,0.379412,0.379412,0.000000,,0,0,0,1,1,0,0.027059,0.147671,0.7292,-0.3121,0.2640,3,ok
0,1489,-0.095389,0.905185,3.121641,0.020890,0.061270,12.928722,0.200196,0.136149,0.136149,0.000000,C-06,0,0,0,1,1,0,0.034386,0.210845,0.7083,-0.3174,0.2609,3,ok
0,1490,-0.119377,0.905735,3.096817,0.022369,0.036446,12.952670,0.199857,-0.345226,-0.345226,0.000000,C-06,0,0,0,1,1,0,0.040029,0.224027,0.6458,-0.3234,0.2656,3,ok
0,1491,-0.139332,0.906161,3.052655,0.023630,-0.007716,12.970146,0.199300,-0.695882,-0.695882,0.000000,C-06,0,0,0,1,1,0,0.040526,0.215481,0.6458,-0.3192,0.2642,3,ok
0,1492,-0.163204,0.907209,3.025748,0.025378,-0.003952,12.995718,0.199009,-0.311604,-0.311604,0.000000,C-06,0,0,0,1,1,0,0.038273,0.183545,0.6667,-0.2785,0.2670,3,ok
0,1493,-0.187025,0.909459,3.013786,0.025863,-0.015913,13.016549,0.199402,-0.143849,-0.143849,0.000000,C-06,0,0,0,1,1,0,0.035802,0.157040,0.7083,-0.2461,0.2608,3,ok
0,1494,-0.206838,0.911497,2.994521,0.026716,-0.006977,13.038840,0.198921,-0.315706,-0.315706,0.000000,C-06,0,0,0,1,1,0,0.036651,0.148350,0.6667,-0.2429,0.2674,3,ok
0,1495,-0.230494,0.913944,2.948312,0.027632,-0.053187,13.062604,0.197415,-0.636602,-0.636602,0.000000,C-06,0,0,0,1,1,0,0.037577,0.139738,0.6667,-0.2568,0.2637,3,ok
0,1496,-0.250127,0.917620,2.955899,0.027274,-0.019650,13.081829,0.200265,0.204510,0.204510,0.000000,C-06,0,0,0,1,1,0,0.032801,0.119216,0.6667,-0.1903,0.2666,3,ok
0,1497,-0.273756,0.922236,2.976178,0.026690,0.000629,13.105898,0.200955,0.271555,0.271555,0.000000,,0,0,0,1,1,0,0.034358,0.095847,0.7083,-0.2183,0.2684,3,ok
0,1498,-0.293483,0.925567,2.974398,0.027060,0.022317,13.125298,0.199933,-0.055713,-0.055713,0.000000,C-06,0,0,0,1,1,0,0.035899,0.129803,0.7292,-0.1580,0.2659,3,ok
0,1499,-0.317112,0.929508,2.955154,0.027681,0.003074,13.149245,0.199294,-0.274345,-0.274345,0.000000,C-06,0,0,0,1,1,0,0.038537,0.141306,0.7292,-0.1826,0.2604,3,ok
0,1500,-0.336714,0.932792,2.927908,0.028437,-0.002685,13.168459,0.198256,-0.455519,-0.455519,0.000000,C-06,0,0,0,1,1,0,0.037503,0.126668,0.7292,-0.1436,0.2625,3,ok
0,1501,-0.360100,0.936912,2.902042,0.029385,-0.028551,13.192186,0.197769,-0.347930,-0.347930,0.000000,,0,0,0,1,1,0,0.038379,0.111475,0.6875,-0.1780,0.2620,3,ok
0,1502,-0.383359,0.941899,2.883260,0.029642,-0.027629,13.215457,0.198242,-0.252903,-0.252903,0.000000,,0,0,0,1,1,0,0.035263,0.083105,0.7083,-0.1292,0.2653,3,ok
0,1503,-0.402665,0.946576,2.872067,0.029526,-0.038822,13.235321,0.198677,-0.182317,-0.182317,0.000000,,0,0,0,1,1,0,0.035463,0.073692,0.6667,-0.1490,0.2607,3,ok
0,1504,-0.425888,0.952857,2.906058,0.028851,0.013161,13.258870,0.201409,0.542182,0.542182,0.000000,C-06,0,0,0,1,1,0,0.033678,0.060166,0.6875,-0.1168,0.2648,3,ok
0,1505,-0.445398,0.958127,2.933799,0.028553,0.040902,13.279077,0.202608,0.445599,0.445599,0.000000,,0,0,0,1,1,0,0.037920,0.074746,0.6667,-0.1421,0.2615,3,ok
0,1506,-0.468855,0.963191,2.920173,0.029426,0.027276,13.300992,0.199529,-0.227329,-0.227329,0.000000,C-06,0,0,0,1,1,0,0.040334,0.113190,0.6875,-0.0984,0.2637,3,ok
0,1507,-0.488321,0.967348,2.899723,0.030588,0.023236,13.322398,0.198631,-0.344394,-0.344394,0.000000,,0,0,0,1,1,0,0.045331,0.120787,0.7292,-0.1393,0.2633,3,ok
0,1508,-0.511549,0.972352,2.874717,0.031894,-0.001770,13.346122,0.197608,-0.347225,-0.347225,0.000000,,0,0,0,1,1,0,0.041935,0.104261,0.7708,-0.0819,0.2646,3,ok
0,1509,-0.530795,0.976976,2.857612,0.032747,-0.003750,13.365450,0.197935,-0.284702,-0.284702,0.000000,,0,0,0,1,1,0,0.042007,0.078729,0.7292,-0.0880,0.2638,3,ok
0,1510,-0.553763,0.982975,2.836839,0.033355,-0.024524,13.389181,0.197788,-0.296279,-0.296279,0.000000,,0,0,0,1,1,0,0.040639,0.070634,0.7292,-0.0670,0.2672,3,ok
0,1511,-0.576597,0.989635,2.820637,0.033525,-0.026829,13.412457,0.198238,-0.228517,-0.228517,0.000000,,0,0,0,1,1,0,0.040111,0.040607,0.7292,-0.0695,0.2656,3,ok
0,1512,-0.595565,0.995872,2.818331,0.033100,-0.029135,13.432420,0.199811,-0.023487,-0.023487,0.000000,C-06,0,0,0,1,1,0,0.037754,0.034798,0.6667,-0.0352,0.2674,3,ok
0,1513,-0.618449,1.003492,2.856300,0.032611,0.020655,13.456172,0.202054,0.587556,0.587556,0.000000,C-06,0,0,0,1,1,0,0.036604,0.037258,0.6667,-0.0184,0.2670,3,ok
0,1514,-0.637681,1.009502,2.869021,0.032702,0.033377,13.476321,0.201403,0.175726,0.175726,0.000000,C-06,0,0,0,1,1,0,0.039558,0.061539,0.6875,-0.0150,0.2663,3,ok
0,1515,-0.660758,1.016080,2.855667,0.033477,0.031244,13.499935,0.199519,-0.215342,-0.215342,0.000000,C-06,0,0,0,1,1,0,0.042515,0.078017,0.7083,-0.0141,0.2682,3,ok
0,1516,-0.679906,1.021534,2.841619,0.034294,0.017196,13.519828,0.198745,-0.240951,-0.240951,0.000000,,0,0,0,1,1,0,0.044944,0.078634,0.7500,-0.0066,0.2658,3,ok
0,1517,-0.702770,1.028108,2.823824,0.035211,-0.000599,13.543450,0.198040,-0.256424,-0.256424,0.000000,,0,0,0,1,1,0,0.045542,0.060728,0.7708,-0.0173,0.2642,3,ok
0,1518,-0.721736,1.033998,2.813455,0.035710,-0.001394,13.563181,0.198628,-0.175055,-0.175055,0.000000,,0,0,0,1,1,0,0.042901,0.044734,0.7083,0.0354,0.2639,3,ok
0,1519,-0.744410,1.041356,2.801699,0.036007,-0.013150,13.587017,0.198648,-0.171222,-0.171222,0.000000,,0,0,0,1,1,0,0.043818,0.036502,0.7292,0.0042,0.2627,3,ok
0,1520,-0.766987,1.048975,2.789371,0.036226,-0.016864,13.610449,0.198560,-0.181789,-0.181789,0.000000,,0,0,0,1,1,0,0.041919,0.025182,0.7083,0.0468,0.2642,3,ok
0,1521,-0.785747,1.055775,2.786146,0.036017,-0.020089,13.630401,0.199615,-0.047633,-0.047633,0.000000,,0,0,0,1,1,0,0.040192,0.015802,0.6667,0.0717,0.2691,3,ok
0,1522,-0.808372,1.064120,2.821202,0.035720,0.022261,13.654264,0.202081,0.569150,0.569150,0.000000,C-06,0,0,0,1,1,0,0.041824,0.012524,0.6458,0.0377,0.2633,3,ok
0,1523,-0.827429,1.071079,2.845149,0.035601,0.046208,13.674552,0.203400,0.397667,0.397667,0.000000,C-06,0,0,0,1,1,0,0.040370,0.013084,0.6458,0.0735,0.2664,3,ok
0,1524,-0.850340,1.078240,2.830374,0.036642,0.037934,13.698306,0.199398,-0.252441,-0.252441,0.000000,C-06,0,0,0,1,1,0,0.044883,0.044178,0.7083,0.0868,0.2687,3,ok
0,1525,-0.869341,1.084149,2.818205,0.037616,0.025765,13.718181,0.198666,-0.207172,-0.207172,0.000000,,0,0,0,1,1,0,0.048800,0.054880,0.7083,0.0875,0.2672,3,ok
0,1526,-0.892029,1.091273,2.800418,0.038715,0.007977,13.740088,0.197958,-0.262581,-0.262581,0.000000,,0,0,0,1,1,0,0.047885,0.045220,0.7500,0.1001,0.2635,3,ok
0,1527,-0.910836,1.097581,2.788689,0.039345,0.001541,13.761589,0.198405,-0.201973,-0.201973,0.000000,,0,0,0,1,1,0,0.047168,0.028296,0.7083,0.1141,0.2661,3,ok
0,1528,-0.933303,1.105487,2.775719,0.039741,-0.011430,13.785403,0.198482,-0.191510,-0.191510,0.000000,,0,0,0,1,1,0,0.046885,0.017721,0.7292,0.1001,0.2639,3,ok
0,1529,-0.955651,1.113657,2.761064,0.039922,-0.022336,13.809047,0.198259,-0.220760,-0.220760,0.000000,,0,0,0,1,1,0,0.046526,-0.006186,0.7083,0.1090,0.2641,3,ok
0,1530,-0.974207,1.120999,2.757972,0.039563,-0.025428,13.828999,0.199669,-0.041136,-0.041136,0.000000,C-06,0,0,0,1,1,0,0.043649,-0.021543,0.7083,0.1514,0.2660,3,ok
0,1531,-0.996546,1.129979,2.778892,0.039067,-0.001403,13.852876,0.201357,0.339623,0.339623,0.000000,C-06,0,0,0,1,1,0,0.039121,-0.023050,0.6667,0.2220,0.2720,3,ok
0,1532,-1.015278,1.137317,2.787644,0.038873,0.007350,13.872994,0.201158,0.139212,0.139212,0.000000,C-06,0,0,0,1,1,0,0.042931,-0.017480,0.6875,0.1925,0.2679,3,ok
0,1533,-1.037828,1.145915,2.796685,0.038854,0.018456,13.897154,0.201102,0.132724,0.132724,0.000000,,0,0,0,1,1,0,0.044741,0.000077,0.7500,0.1892,0.2657,3,ok
0,1534,-1.056629,1.152762,2.789263,0.039129,0.011033,13.917161,0.199782,-0.153203,-0.153203,0.000000,C-06,0,0,0,1,1,0,0.046223,0.005684,0.7292,0.2094,0.2666,3,ok
0,1535,-1.079150,1.161052,2.788648,0.039376,0.010419,13.938732,0.199999,-0.000147,-0.000147,0.000000,C-06,0,0,0,1,1,0,0.045391,-0.003926,0.7292,0.2347,0.2659,3,ok
0,1536,-1.097920,1.167965,2.789766,0.039646,0.012419,13.961040,0.200067,0.021531,0.021531,0.000000,,0,0,0,1,1,0,0.046262,-0.007785,0.7500,0.2178,0.2620,3,ok
0,1537,-1.120455,1.176260,2.791007,0.039966,0.013660,13.985051,0.200147,0.018077,0.018077,0.000000,,0,0,0,1,1,0,0.045380,-0.007666,0.7292,0.2575,0.2687,3,ok
0,1538,-1.142936,1.184529,2.775289,0.040275,-0.002394,14.009031,0.199089,-0.253903,-0.253903,0.000000,C-06,0,0,0,1,1,0,0.046707,-0.006480,0.6875,0.2550,0.2664,3,ok
0,1539,-1.161583,1.191517,2.768696,0.040410,-0.008987,14.028944,0.199151,-0.105914,-0.105914,0.000000,,0,0,0,1,1,0,0.045817,-0.025695,0.6875,0.2650,0.2633,3,ok
0,1540,-1.184025,1.200188,2.792050,0.040299,0.013614,14.053089,0.201279,0.372975,0.372975,0.000000,C-06,0,0,0,1,1,0,0.041923,-0.040887,0.6458,0.3351,0.2667,3,ok
0,1541,-1.202869,1.207422,2.807392,0.040231,0.028956,14.073273,0.202204,0.260430,0.260430,0.000000,,0,0,0,1,1,0,0.043339,-0.032398,0.7083,0.3492,0.2718,3,ok
0,1542,-1.225564,1.215446,2.812405,0.040783,0.031459,14.097386,0.200484,0.059269,0.059269,0.000000,C-06,0,0,0,1,1,0,0.045573,-0.018418,0.7292,0.3653,0.2712,3,ok
0,1543,-1.244490,1.221928,2.812249,0.041425,0.031304,14.117380,0.200021,-0.005989,-0.005989,0.000000,,0,0,0,1,1,0,0.046367,-0.016696,0.7500,0.3942,0.2715,3,ok
0,1544,-1.267196,1.229697,2.811203,0.042201,0.030257,14.139496,0.199959,-0.015891,-0.015891,0.000000,,0,0,0,1,1,0,0.046447,-0.017140,0.7500,0.4217,0.2647,3,ok
0,1545,-1.286110,1.236172,2.809826,0.042784,0.025003,14.161468,0.199876,-0.024779,-0.024779,0.000000,,0,0,0,1,1,0,0.047263,-0.022771,0.7083,0.4343,0.2630,3,ok
0,1546,-1.308798,1.243962,2.808932,0.043466,0.024109,14.185446,0.199902,-0.012189,-0.012189,0.000000,,0,0,0,1,1,0,0.047054,-0.034111,0.7083,0.4582,0.2648,3,ok
0,1547,-1.331425,1.251799,2.793224,0.043973,0.003210,14.209637,0.199062,-0.248729,-0.248729,0.000000,C-06,0,0,0,1,1,0,0.048782,-0.039431,0.6875,0.4382,0.2590,3,ok
0,1548,-1.350178,1.258331,2.780157,0.044337,-0.009857,14.229492,0.198206,-0.230238,-0.230238,0.000000,,0,0,0,1,1,0,0.047718,-0.055978,0.6458,0.4740,0.2627,3,ok
0,1549,-1.372645,1.266706,2.785795,0.044161,-0.010671,14.253803,0.200134,0.107245,0.107245,0.000000,C-06,0,0,0,1,1,0,0.042969,-0.081133,0.6458,0.5256,0.2659,2,ok
0,1550,-1.391389,1.273669,2.784347,0.043966,-0.012119,14.273797,0.199889,-0.034376,-0.034376,0.000000,,0,0,0,1,1,0,0.043953,-0.088041,0.7500,0.5330,0.2628,2,ok
0,1551,-1.413889,1.282062,2.788644,0.043646,-0.015687,14.298190,0.200277,0.071804,0.071804,0.000000,,0,0,0,1,1,0,0.044504,-0.091608,0.7292,0.5416,0.2642,2,ok
0,1552,-1.432650,1.288977,2.786321,0.043329,-0.018010,14.318182,0.199841,-0.049952,-0.049952,0.000000,,0,0,0,1,1,0,0.046614,-0.106716,0.7292,0.5164,0.2642,2,ok
0,1553,-1.455133,1.297266,2.781779,0.042945,-0.022552,14.342141,0.199546,-0.068310,-0.068310,0.000000,,0,0,0,1,1,0,0.046012,-0.110454,0.7708,0.5324,0.2645,2,ok
0,1554,-1.473831,1.304174,2.775457,0.042470,-0.038877,14.362389,0.199135,-0.116161,-0.116161,0.000000,,0,0,0,1,1,0,0.043986,-0.121477,0.7708,0.5542,0.2642,2,ok
0,1555,-1.496183,1.312492,2.761856,0.041838,-0.052478,14.386230,0.198347,-0.209315,-0.209315,0.000000,,0,0,0,1,1,0,0.044599,-0.139397,0.7708,0.5223,0.2651,2,ok
0,1556,-1.518478,1.321287,2.763915,0.040580,-0.061460,14.410573,0.199902,0.046219,0.046219,0.000000,C-06,0,0,0,1,1,0,0.042162,-0.166730,0.7708,0.5172,0.2632,2,ok
0,1557,-1.537089,1.328638,2.769760,0.039454,-0.055615,14.430551,0.200287,0.109689,0.109689,0.000000,,0,0,0,1,1,0,0.042263,-0.176868,0.7708,0.5017,0.2595,2,ok
0,1558,-1.559525,1.337402,2.788590,0.038041,-0.049673,14.455232,0.201309,0.293193,0.293193,0.000000,C-06,0,0,0,1,1,0,0.044974,-0.198285,0.7500,0.4574,0.2513,2,ok
0,1559,-1.578367,1.344703,2.811760,0.036704,-0.026503,14.475395,0.202735,0.419317,0.419317,0.000000,,0,0,0,1,1,0,0.043287,-0.190256,0.7708,0.4723,0.2580,2,ok
0,1560,-1.601203,1.353455,2.847337,0.035176,0.009074,14.497716,0.204538,0.519446,0.519446,0.000000,,0,0,0,1,1,0,0.044276,-0.181929,0.7917,0.4610,0.2581,2,ok
0,1561,-1.620370,1.359514,2.854681,0.034836,0.001023,14.520351,0.200702,0.088189,0.088189,0.000000,C-06,0,0,0,1,1,0,0.045929,-0.154290,0.8125,0.4537,0.2581,2,ok
0,1562,-1.643416,1.366576,2.862986,0.034676,0.009327,14.544454,0.200944,0.118869,0.118869,0.000000,,0,0,0,1,1,0,0.046970,-0.151869,0.8125,0.4262,0.2601,2,ok
0,1563,-1.662642,1.372088,2.861476,0.034636,-0.010550,14.565077,0.199913,-0.033374,-0.033374,0.000000,C-06,0,0,0,1,1,0,0.047054,-0.154847,0.7917,0.4006,0.2593,2,ok
0,1564,-1.685722,1.378724,2.866500,0.034463,-0.005527,14.589091,0.200259,0.077759,0.077759,0.000000,,0,0,0,1,1,0,0.047439,-0.176311,0.7917,0.3702,0.2600,2,ok
0,1565,-1.708760,1.385260,2.846556,0.034149,-0.045220,14.613724,0.198999,-0.314693,-0.314693,0.000000,C-06,0,0,0,1,1,0,0.044551,-0.189268,0.7708,0.3948,0.2649,2,ok
0,1566,-1.727819,1.390701,2.819679,0.033648,-0.072097,14.633537,0.197465,-0.479427,-0.479427,0.000000,C-06,0,0,0,1,1,0,0.041724,-0.212462,0.7500,0.3686,0.2642,2,ok
0,1567,-1.750598,1.398180,2.825794,0.032028,-0.090003,14.658256,0.200236,0.134088,0.134088,0.000000,C-06,0,0,0,1,1,0,0.035179,-0.240995,0.7292,0.3788,0.2648,2,ok
0,1568,-1.769653,1.404476,2.840917,0.030204,-0.074880,14.678240,0.201083,0.273929,0.273929,0.000000,,0,0,0,1,1,0,0.029262,-0.255506,0.7083,0.4340,0.2660,2,ok
0,1569,-1.792683,1.412030,2.873641,0.028052,-0.042156,14.702382,0.202798,0.479227,0.479227,0.000000,C-06,0,0,0,1,1,0,0.028360,-0.249935,0.7917,0.4054,0.2652,2,ok
0,1570,-1.812044,1.418322,2.903573,0.025949,-0.039543,14.723275,0.204129,0.499603,0.499603,0.000000,,0,0,0,1,1,0,0.027003,-0.226172,0.7917,0.3834,0.2647,2,ok
0,1571,-1.835469,1.425499,2.941844,0.023683,-0.001272,14.747670,0.204058,0.520643,0.520643,0.000000,,0,0,0,1,1,0,0.027904,-0.202157,0.7917,0.3450,0.2662,2,ok
0,1572,-1.855125,1.430703,2.970298,0.022350,-0.004033,14.768739,0.203183,0.448520,0.448520,0.000000,,0,0,0,1,1,0,0.027884,-0.182165,0.8125,0.3321,0.2632,2,ok
0,1573,-1.878826,1.435952,2.997365,0.021202,0.023034,14.792987,0.202164,0.348598,0.348598,0.000000,,0,0,0,1,1,0,0.027782,-0.159060,0.7708,0.3330,0.2633,2,ok
0,1574,-1.902579,1.439505,2.996299,0.021733,0.021968,14.815690,0.199973,-0.041888,-0.041888,0.000000,C-06,0,0,0,1,1,0,0.028034,-0.134694,0.7708,0.3337,0.2635,2,ok
0,1575,-1.922340,1.442396,2.975149,0.021493,-0.029972,14.837716,0.199388,-0.373089,-0.373089,0.000000,C-06,0,0,0,1,1,0,0.025353,-0.138087,0.7500,0.3611,0.2637,2,ok
0,1576,-1.946058,1.446366,3.009142,0.020781,0.004022,14.861754,0.200991,0.536804,0.536804,0.000000,C-06,0,0,0,1,1,0,0.020746,-0.157974,0.7500,0.3966,0.2688,2,ok
0,1577,-1.965945,1.449705,3.070682,0.019694,0.036143,14.882697,0.202219,1.000000,1.000000,0.000000,C-06,0,0,0,1,1,0,0.019783,-0.158930,0.7083,0.3882,0.2687,2,ok
0,1578,-1.989915,1.453191,3.113085,0.018539,0.078546,14.906892,0.201555,0.477631,0.477631,0.000000,C-06,0,0,0,1,1,0,0.023408,-0.118276,0.7708,0.3896,0.2639,2,ok
0,1579,-2.009907,1.453903,3.107326,0.019692,0.046311,14.927304,0.199957,-0.144747,-0.144747,0.000000,C-06,0,0,0,1,1,0,0.030474,-0.056850,0.8125,0.3505,0.2631,3,ok
0,1580,-2.033884,1.454543,3.088846,0.020830,0.027831,14.951262,0.199802,-0.230420,-0.230420,0.000000,,0,0,0,1,1,0,0.028477,-0.058923,0.8333,0.4127,0.2693,3,ok
0,1581,-2.053854,1.455477,3.085632,0.021378,0.024617,14.971247,0.199930,-0.033151,-0.033151,0.000000,C-06,0,0,0,1,1,0,0.027624,-0.083355,0.8125,0.4041,0.2665,2,ok
0,1582,-2.077818,1.456774,3.088870,0.021551,0.004834,14.995600,0.200015,0.044358,0.044358,0.000000,,0,0,0,1,1,0,0.028875,-0.093836,0.7917,0.3410,0.2670,2,ok
0,1583,-2.101762,1.458036,3.053959,0.021670,-0.030077,15.019576,0.199540,-0.498668,-0.498668,0.000000,C-06,0,0,0,1,1,0,0.025987,-0.102758,0.7500,0.4032,0.2689,3,ok
0,1584,-2.121648,1.459085,3.015826,0.021556,-0.086785,15.039910,0.198749,-0.586122,-0.586122,0.000000,,0,0,0,1,1,0,0.022930,-0.133270,0.7917,0.3837,0.2684,2,ok
0,1585,-2.145449,1.462025,3.013223,0.019528,-0.089388,15.063807,0.200008,0.011073,0.011073,0.000000,C-06,0,0,0,1,1,0,0.019066,-0.178396,0.7083,0.3459,0.2684,2,ok
0,1586,-2.165318,1.464585,3.046542,0.017729,-0.056068,15.081116,0.200695,0.580253,0.580253,0.000000,C-06,0,0,0,1,1,0,0.011374,-0.205510,0.6875,0.4408,0.2703,2,ok
0,1587,-2.189229,1.467415,3.062358,0.015355,-0.057386,15.108028,0.200611,0.164608,0.164608,0.000000,C-06,0,0,0,1,1,0,0.012414,-0.196969,0.7917,0.4136,0.2625,2,ok
0,1588,-2.209172,1.469354,3.069780,0.013837,-0.049964,15.128007,0.200347,0.107315,0.107315,0.000000,,0,0,0,1,1,0,0.013298,-0.175697,0.8125,0.3842,0.2642,2,ok
0,1589,-2.233123,1.471574,3.085770,0.011799,-0.051617,15.152205,0.200535,0.201250,0.201250,0.000000,,0,0,0,1,1,0,0.011337,-0.169926,0.8125,0.3925,0.2602,2,ok
0,1590,-2.253097,1.473233,3.097012,0.010216,-0.040374,15.172186,0.200401,0.161438,0.161438,0.000000,,0,0,0,1,1,0,0.009167,-0.161850,0.8333,0.4334,0.2658,2,ok
0,1591,-2.277077,1.474567,3.102733,0.008808,-0.051869,15.196307,0.200118,0.063402,0.063402,0.000000,,0,0,0,1,1,0,0.008242,-0.148390,0.8125,0.4229,0.2642,2,ok
0,1592,-2.301064,1.475803,3.116159,0.007296,-0.038443,15.220278,0.200197,0.168842,0.168842,0.000000,,0,0,0,1,1,0,0.006460,-0.162305,0.7708,0.4150,0.2629,2,ok
0,1593,-2.321059,1.476755,3.125366,0.006114,-0.029236,15.237532,0.200163,0.129136,0.129136,0.000000,,0,0,0,1,1,0,0.007036,-0.160291,0.7708,0.3853,0.2612,2,ok
0,1594,-2.345058,1.477774,3.140792,0.004308,-0.031057,15.264334,0.200169,0.186709,0.186709,0.000000,,0,0,0,1,1,0,0.005621,-0.155002,0.7292,0.4026,0.2630,2,ok
0,1595,-2.365058,1.477874,3.134897,0.003597,-0.036953,15.284322,0.199996,-0.111026,-0.111026,0.000000,C-06,0,0,0,1,1,0,0.004247,-0.151697,0.7292,0.4146,0.2636,2,ok
0,1596,-2.389056,1.477919,3.125298,0.002499,-0.064202,15.308353,0.199975,-0.114040,-0.114040,0.000000,,0,0,0,1,1,0,-0.000808,-0.153849,0.7083,0.4778,0.2738,2,ok
0,1597,-2.409055,1.478218,3.134658,0.001243,-0.054842,15.328314,0.200020,0.160478,0.160478,0.000000,C-06,0,0,0,1,1,0,-0.001021,-0.172563,0.7917,0.4139,0.2659,2,ok
0,1598,-2.433054,1.478605,-3.122301,-0.000466,-0.046322,15.352261,0.199993,0.320060,0.320060,0.000000,C-06,0,0,0,1,1,0,-0.004488,-0.175795,0.8125,0.4652,0.2658,2,ok
0,1599,-2.453045,1.478927,-3.103070,-0.002089,-0.027091,15.372189,0.199885,0.274707,0.274707,0.000000,,0,0,0,1,1,0,-0.002992,-0.160624,0.8542,0.4351,0.2650,2,ok
0,1600,-2.477017,1.478895,-3.083965,-0.003619,-0.007987,15.394327,0.199690,0.229564,0.229564,0.000000,,0,0,0,1,1,0,-0.003393,-0.144246,0.7708,0.4551,0.2643,2,ok
0,1601,-2.500965,1.478253,-3.067981,-0.005032,-0.009665,15.419959,0.199590,0.194546,0.194546,0.000000,,0,0,0,1,1,0,-0.003805,-0.138137,0.8333,0.4527,0.2653,2,ok
0,1602,-2.520898,1.477514,-3.051113,-0.005976,0.007202,15.439883,0.199362,0.256385,0.256385,0.000000,,0,0,0,1,1,0,-0.003478,-0.131342,0.7708,0.4555,0.2625,2,ok
0,1603,-2.544785,1.475908,-3.038572,-0.006660,0.002072,15.463718,0.199498,0.151060,0.151060,0.000000,,0,0,0,1,1,0,-0.004408,-0.118910,0.7917,0.4723,0.2666,2,ok
0,1604,-2.564666,1.474394,-3.026025,-0.007139,0.014618,15.483651,0.199303,0.194184,0.194184,0.000000,,0,0,0,1,1,0,-0.002137,-0.115425,0.7083,0.4104,0.2662,2,ok
0,1605,-2.588513,1.471727,-3.033523,-0.007037,-0.010609,15.507515,0.200113,-0.118370,-0.118370,0.000000,C-06,0,0,0,1,1,0,-0.004960,-0.114364,0.7500,0.4815,0.2696,2,ok
0,1606,-2.608403,1.469460,-3.039422,-0.007145,-0.016508,15.527533,0.200238,-0.087197,-0.087197,0.000000,,0,0,0,1,1,0,-0.005156,-0.122255,0.7708,0.4607,0.2643,2,ok
0,1607,-2.632268,1.467003,-3.030502,-0.007537,-0.007588,15.550842,0.199814,0.127363,0.127363,0.000000,C-06,0,0,0,1,1,0,-0.006540,-0.135470,0.7917,0.4630,0.2669,2,ok
0,1608,-2.652135,1.464970,-3.021264,-0.008231,-0.015563,15.571349,0.199604,0.141945,0.141945,0.000000,,0,0,0,1,1,0,-0.008694,-0.134760,0.8333,0.5005,0.2637,2,ok
0,1609,-2.675936,1.462531,-3.004311,-0.009047,0.001391,15.595261,0.199180,0.221912,0.221912,0.000000,,0,0,0,1,1,0,-0.007954,-0.134010,0.8333,0.4790,0.2682,2,ok
0,1610,-2.699684,1.459921,-2.988610,-0.009966,-0.001703,15.618970,0.199046,0.202262,0.202262,0.000000,,0,0,0,1,1,0,-0.008339,-0.122336,0.7917,0.5102,0.2687,2,ok
0,1611,-2.719417,1.457562,-2.966626,-0.010658,0.020281,15.638831,0.198399,0.360067,0.360067,0.000000,C-06,0,0,0,1,1,0,-0.007475,-0.128222,0.7917,0.4961,0.2633,2,ok
0,1612,-2.743012,1.454095,-2.949233,-0.010967,0.019875,15.662497,0.198734,0.222171,0.222171,0.000000,,0,0,0,1,1,0,-0.005340,-0.117659,0.7500,0.4639,0.2643,2,ok
0,1613,-2.762620,1.450772,-2.937493,-0.011019,0.031615,15.682385,0.198872,0.185845,0.185845,0.000000,,0,0,0,1,1,0,-0.005340,-0.117659,0.7500,0.4639,0.2643,2,ok
0,1614,-2.786081,1.446546,-2.920836,-0.010835,0.048272,15.706223,0.198556,0.228493,0.228493,0.000000,,0,0,0,1,1,0,-0.003294,-0.102704,0.7083,0.4391,0.2639,2,ok
0,1615,-2.805579,1.442443,-2.914043,-0.010529,0.036090,15.725892,0.199303,0.103251,0.103251,0.000000,,0,0,0,1,1,0,-0.008336,-0.099046,0.7083,0.5770,0.2692,2,ok
0,1616,-2.828936,1.437372,-2.904776,-0.010056,0.045357,15.749788,0.199118,0.128535,0.128535,0.000000,,0,0,0,1,1,0,-0.008146,-0.094790,0.7292,0.5902,0.2685,2,ok
0,1617,-2.848365,1.432886,-2.899642,-0.009531,0.031705,15.769587,0.199426,0.081335,0.081335,0.000000,,0,0,0,1,1,0,-0.006975,-0.091623,0.7708,0.5990,0.2700,2,ok
0,1618,-2.871637,1.427422,-2.889260,-0.008988,0.042087,15.793485,0.198971,0.148210,0.148210,0.000000,,0,0,0,1,1,0,-0.009291,-0.090725,0.8333,0.6761,0.2665,2,ok
0,1619,-2.894848,1.421786,-2.879719,-0.008375,0.031474,15.817166,0.199045,0.131691,0.131691,0.000000,,0,0,0,1,1,0,-0.007785,-0.091834,0.7917,0.6782,0.2689,2,ok
0,1620,-2.914145,1.416929,-2.871426,-0.008066,0.039766,15.837063,0.198973,0.139691,0.139691,0.000000,,0,0,0,1,1,0,-0.009942,-0.087906,0.8125,0.7519,0.2723,2,ok
0,1621,-2.937236,1.410938,-2.859525,-0.007524,0.051667,15.860912,0.198741,0.169158,0.169158,0.000000,,0,0,0,1,1,0,-0.008311,-0.092521,0.7917,0.7344,0.2766,2,ok
0,1622,-2.956420,1.405719,-2.850224,-0.007100,0.041919,15.880665,0.198811,0.157122,0.157122,0.000000,,0,0,0,1,1,0,-0.004123,-0.097146,0.7500,0.6750,0.2654,2,ok
0,1623,-2.979373,1.399179,-2.839999,-0.006389,0.052143,15.904521,0.198884,0.145085,0.145085,0.000000,,0,0,0,1,1,0,-0.004446,-0.094420,0.7500,0.7036,0.2648,2,ok
0,1624,-2.998444,1.393558,-2.831105,-0.005776,0.039940,15.924254,0.198810,0.153580,0.153580,0.000000,,0,0,0,1,1,0,-0.010022,-0.098791,0.7500,0.8811,0.2702,2,ok
0,1625,-3.021243,1.386664,-2.816538,-0.005242,0.054508,15.948067,0.198338,0.214098,0.214098,0.000000,,0,0,0,1,1,0,-0.010275,-0.102250,0.7292,0.9045,0.2793,2,ok
0,1626,-3.040162,1.380635,-2.806039,-0.004503,0.065007,15.967910,0.198576,0.181037,0.181037,0.000000,,0,0,0,1,1,0,-0.011101,-0.104328,0.7500,0.9388,0.2878,2,ok
0,1627,-3.062786,1.373023,-2.796755,-0.003620,0.053530,15.991684,0.198940,0.133108,0.133108,0.000000,,0,0,0,1,1,0,-0.006040,-0.099099,0.8125,0.9431,0.2731,2,ok
0,1628,-3.085297,1.365173,-2.777306,-0.002517,0.072979,16.015499,0.198079,0.300508,0.300508,0.000000,C-06,0,0,0,1,1,0,-0.004974,-0.105820,0.8333,0.9809,0.2727,2,ok
0,1629,-3.103950,1.358320,-2.768164,-0.001574,0.059696,16.035298,0.198782,0.152862,0.152862,0.000000,,0,0,0,1,1,0,-0.006121,-0.102170,0.8125,1.0788,0.2770,2,ok
0,1630,-3.126269,1.349730,-2.762314,-0.000283,0.065546,16.059178,0.199330,0.083422,0.083422,0.000000,,0,0,0,1,1,0,-0.002867,-0.096313,0.7917,1.0586,0.2724,2,ok
0,1631,-3.144856,1.342335,-2.764867,0.000946,0.040165,16.079160,0.200160,-0.053026,-0.053026,0.000000,,0,0,0,1,1,0,-0.003752,-0.116295,0.7708,1.1353,0.2738,2,ok
0,1632,-3.167179,1.333472,-2.766282,0.001979,0.038750,16.103157,0.200154,-0.018918,-0.018918,0.000000,,0,0,0,1,1,0,-0.001381,-0.123234,0.7500,1.1020,0.2784,2,ok
0,1633,-3.185707,1.326117,-2.742248,0.002837,0.062784,16.123073,0.198502,0.481881,0.481881,0.000000,C-06,0,0,0,1,1,0,-0.004557,-0.146196,0.7500,1.2241,0.2672,2,ok
0,1634,-3.207606,1.317291,-2.696591,0.003521,0.083942,16.146749,0.195097,0.726314,0.726314,0.000000,C-06,0,0,0,1,1,0,-0.004633,-0.154097,0.7083,1.2585,0.2740,2,ok
0,1635,-3.225594,1.308978,-2.683635,0.004967,0.096898,16.166512,0.198510,0.202945,0.202945,0.000000,C-06,0,0,0,1,1,0,0.000299,-0.126691,0.7708,1.2665,0.2773,2,ok
0,1636,-3.247138,1.298472,-2.688186,0.006987,0.067113,16.190558,0.200036,-0.092193,-0.092193,0.000000,C-06,0,0,0,1,1,0,0.009769,-0.122040,0.7708,1.1571,0.2649,2,ok
0,1637,-3.268741,1.287944,-2.693573,0.008622,0.061725,16.214534,0.200460,-0.084027,-0.084027,0.000000,,0,0,0,1,1,0,0.009825,-0.124144,0.8125,1.2011,0.2682,2,ok
0,1638,-3.286726,1.279278,-2.682688,0.009892,0.072610,16.234457,0.199170,0.229428,0.229428,0.000000,C-06,0,0,0,1,1,0,0.006995,-0.163903,0.8125,1.3341,0.2678,2,ok
0,1639,-3.308161,1.268872,-2.667375,0.010855,0.060521,16.258526,0.198271,0.243664,0.243664,0.000000,,0,0,0,1,1,0,0.012825,-0.176141,0.7708,1.2272,0.2664,2,ok
0,1640,-3.325905,1.259962,-2.656631,0.011920,0.071265,16.278353,0.198585,0.203782,0.203782,0.000000,,0,0,0,1,1,0,0.013141,-0.195235,0.7708,1.2814,0.2688,2,ok
0,1641,-3.347047,1.249041,-2.640201,0.013078,0.058215,16.302467,0.198209,0.270245,0.270245,0.000000,,0,0,0,1,1,0,0.015170,-0.204850,0.7500,1.2593,0.2576,2,ok
0,1642,-3.364545,1.239567,-2.632282,0.014205,0.066134,16.322333,0.199062,0.144145,0.144145,0.000000,,0,0,0,1,1,0,0.012999,-0.214337,0.7708,1.3705,0.2656,2,ok
0,1643,-3.385307,1.227866,-2.597881,0.015822,0.065302,16.346616,0.197205,0.604834,0.604834,0.000000,C-06,0,0,0,1,1,0,0.018468,-0.225181,0.7292,1.2589,0.2549,2,ok
0,1644,-3.402240,1.217885,-2.562419,0.017015,0.100763,16.366235,0.196568,0.728851,0.728851,0.000000,,0,0,0,1,1,0,0.018468,-0.225181,0.7292,1.2589,0.2549,2,ok
0,1645,-3.421955,1.204882,-2.506221,0.019634,0.156962,16.389707,0.197112,1.000000,1.000000,0.000000,C-06,0,0,0,1,1,0,0.022128,-0.220509,0.7292,1.2978,0.2661,2,ok
0,1646,-3.441209,1.190602,-2.501186,0.022982,0.121286,16.414171,0.199963,0.014378,0.014378,0.000000,C-06,0,0,0,1,1,0,0.033005,-0.180395,0.7708,1.2160,0.2704,2,ok
0,1647,-3.457244,1.178651,-2.500906,0.025637,0.121567,16.433992,0.199986,0.005381,0.005381,0.000000,,0,0,0,1,1,0,0.036329,-0.184431,0.8125,1.1700,0.2605,2,ok
0,1648,-3.476429,1.164284,-2.492807,0.028500,0.083666,16.459300,0.199650,0.150947,0.150947,0.000000,,0,0,0,1,1,0,0.035781,-0.192369,0.7917,1.2067,0.2625,2,ok
0,1649,-3.492331,1.152199,-2.487184,0.030261,0.089290,16.479195,0.199751,0.118966,0.118966,0.000000,,0,0,0,1,1,0,0.034518,-0.201600,0.8125,1.2407,0.2628,2,ok
0,1650,-3.511295,1.137547,-2.476241,0.032563,0.100233,16.503049,0.199663,0.203490,0.203490,0.000000,,0,0,0,1,1,0,0.037917,-0.225305,0.7500,1.1572,0.2626,2,ok
0,1651,-3.526960,1.125167,-2.464873,0.033866,0.060532,16.524744,0.199701,0.252455,0.252455,0.000000,,0,0,0,1,1,0,0.039331,-0.249929,0.7292,1.1478,0.2597,2,ok
0,1652,-3.545738,1.110177,-2.475194,0.035267,0.050211,16.548731,0.200335,-0.212765,-0.212765,0.000000,C-06,0,0,0,1,1,0,0.038132,-0.259812,0.7917,1.1943,0.2584,2,ok
0,1653,-3.561483,1.097824,-2.478586,0.036020,-0.008804,16.570677,0.200109,-0.063219,-0.063219,0.000000,,0,0,0,1,1,0,0.033997,-0.289505,0.6875,1.2611,0.2604,2,ok
0,1654,-3.580374,1.083039,-2.474882,0.035889,-0.005100,16.594666,0.199881,0.075291,0.075291,0.000000,,0,0,0,1,1,0,0.035941,-0.327980,0.6875,1.1719,0.2519,2,ok
0,1655,-3.599072,1.068064,-2.452265,0.036026,0.017517,16.618621,0.199718,0.429658,0.429658,0.000000,C-06,0,0,0,1,1,0,0.028924,-0.344151,0.8125,1.2604,0.2520,2,ok
0,1656,-3.614336,1.055108,-2.418339,0.035694,-0.004518,16.640720,0.200911,0.782332,0.782332,0.000000,C-06,0,0,0,1,1,0,0.029936,-0.340457,0.8125,1.2248,0.2571,2,ok
0,1657,-3.632268,1.039024,-2.396673,0.035788,0.017148,16.664808,0.200931,0.372546,0.372546,0.000000,C-06,0,0,0,1,1,0,0.029615,-0.318297,0.7708,1.2129,0.2573,2,ok
0,1658,-3.646954,1.025350,-2.380836,0.035848,-0.023272,16.686966,0.200509,0.333832,0.333832,0.000000,,0,0,0,1,1,0,0.032581,-0.306466,0.7708,1.1027,0.2519,2,ok
0,1659,-3.664244,1.008657,-2.363949,0.035425,-0.006385,16.710996,0.200146,0.291894,0.291894,0.000000,,0,0,0,1,1,0,0.031379,-0.323606,0.7500,1.1214,0.2508,2,ok
0,1660,-3.678401,0.994528,-2.349594,0.035406,0.007970,16.730997,0.199899,0.297179,0.297179,0.000000,,0,0,0,1,1,0,0.034346,-0.333587,0.7083,1.0034,0.2522,2,ok
0,1661,-3.695151,0.977367,-2.337247,0.034588,-0.035766,16.756944,0.199773,0.208828,0.208828,0.000000,,0,0,0,1,1,0,0.032088,-0.332860,0.7917,1.0431,0.2496,2,ok
0,1662,-3.708914,0.962919,-2.321865,0.033956,-0.020383,16.776888,0.199333,0.331825,0.331825,0.000000,,0,0,0,1,1,0,0.028065,-0.337341,0.7083,1.0763,0.2503,2,ok
0,1663,-3.725038,0.945293,-2.292316,0.033203,-0.046066,16.802622,0.199313,0.545464,0.545464,0.000000,C-06,0,0,0,1,1,0,0.024576,-0.349601,0.6875,1.0699,0.2608,2,ok
0,1664,-3.740738,0.927172,-2.276206,0.032250,-0.029956,16.826580,0.199942,0.281332,0.281332,0.000000,C-06,0,0,0,1,1,0,0.025249,-0.337374,0.7708,1.0432,0.2568,2,ok
0,1665,-3.753638,0.911886,-2.267207,0.031715,-0.020957,16.846574,0.200052,0.194888,0.194888,0.000000,,0,0,0,1,1,0,0.021570,-0.332845,0.8333,1.0646,0.2603,2,ok
0,1666,-3.768900,0.893317,-2.245681,0.030228,-0.053256,16.872251,0.200490,0.409111,0.409111,0.000000,C-06,0,0,0,1,1,0,0.021188,-0.335724,0.8125,1.0351,0.2586,2,ok
0,1667,-3.781358,0.877579,-2.225592,0.029250,-0.033167,16.892299,0.200894,0.439258,0.439258,0.000000,,0,0,0,1,1,0,0.021188,-0.335724,0.8125,1.0351,0.2586,2,ok
0,1668,-3.795963,0.858375,-2.202152,0.027962,-0.061759,16.917926,0.201233,0.416810,0.416810,0.000000,,0,0,0,1,1,0,0.020769,-0.334693,0.7917,0.9686,0.2562,2,ok
0,1669,-3.807823,0.842141,-2.187035,0.026686,-0.046642,16.937990,0.201098,0.312019,0.312019,0.000000,,0,0,0,1,1,0,0.019997,-0.325656,0.7500,0.8733,0.2557,2,ok
0,1670,-3.821739,0.822470,-2.174902,0.025522,-0.034510,16.962058,0.200810,0.205306,0.205306,0.000000,,0,0,0,1,1,0,0.018001,-0.322045,0.7083,0.8804,0.2564,2,ok
0,1671,-3.833181,0.805943,-2.162662,0.023739,-0.072914,16.983385,0.201124,0.257912,0.257912,0.000000,,0,0,0,1,1,0,0.010072,-0.320701,0.7292,1.0172,0.2621,2,ok
0,1672,-3.846630,0.785880,-2.140023,0.021946,-0.050275,17.007472,0.202009,0.395766,0.395766,0.000000,,0,0,0,1,1,0,0.008354,-0.329303,0.7083,1.0055,0.2604,2,ok
0,1673,-3.859757,0.765457,-2.106245,0.019991,-0.064503,17.032668,0.203505,0.578611,0.578611,0.000000,C-06,0,0,0,1,1,0,0.003325,-0.322598,0.7083,0.9905,0.2715,2,ok
0,1674,-3.870327,0.748045,-2.061896,0.018439,-0.020153,17.052978,0.205318,0.892215,0.892215,0.000000,C-06,0,0,0,1,1,0,0.005834,-0.302444,0.7708,0.9250,0.2677,2,ok
0,1675,-3.882473,0.726645,-2.019541,0.017125,-0.023582,17.078388,0.205206,0.655783,0.655783,0.000000,C-06,0,0,0,1,1,0,0.010558,-0.279024,0.7917,0.8297,0.2693,2,ok
0,1676,-3.891697,0.708529,-1.997505,0.016109,-0.001546,17.098692,0.203193,0.394495,0.394495,0.000000,C-06,0,0,0,1,1,0,0.010561,-0.246131,0.7708,0.8348,0.2669,2,ok
0,1677,-3.901663,0.686675,-1.998076,0.015944,-0.002117,17.122711,0.199856,-0.039287,-0.039287,0.000000,C-06,0,0,0,1,1,0,0.012523,-0.229727,0.7708,0.7981,0.2648,2,ok
0,1678,-3.909948,0.668473,-1.997877,0.015308,-0.044880,17.143334,0.200011,0.006471,0.006471,0.000000,,0,0,0,1,1,0,0.011582,-0.235189,0.7292,0.7483,0.2545,2,ok
0,1679,-3.919889,0.646510,-1.971233,0.014243,-0.018236,17.167418,0.201855,0.444135,0.444135,0.000000,C-06,0,0,0,1,1,0,0.005358,-0.257093,0.7500,0.8793,0.2628,2,ok
0,1680,-3.927821,0.628062,-1.964892,0.013736,-0.011895,17.185411,0.200695,0.085393,0.085393,0.000000,C-06,0,0,0,1,1,0,0.006667,-0.254377,0.7292,0.8240,0.2612,2,ok
0,1681,-3.937053,0.605924,-1.970365,0.012279,-0.058388,17.212020,0.199645,-0.093985,-0.093985,0.000000,C-06,0,0,0,1,1,0,0.006709,-0.248998,0.7083,0.7946,0.2609,2,ok
0,1682,-3.946388,0.583700,-1.941911,0.010854,-0.029934,17.236083,0.201898,0.476281,0.476281,0.000000,C-06,0,0,0,1,1,0,-0.003312,-0.281931,0.6875,0.9177,0.2662,2,ok
0,1683,-3.954175,0.564953,-1.910582,0.009130,-0.036411,17.256700,0.203901,0.562575,0.562575,0.000000,,0,0,0,1,1,0,-0.001407,-0.267070,0.7500,0.8637,0.2634,2,ok
0,1684,-3.963473,0.542161,-1.866818,0.007019,0.007353,17.281225,0.205687,0.636798,0.636798,0.000000,,0,0,0,1,1,0,0.003218,-0.252031,0.7292,0.7735,0.2606,2,ok
0,1685,-3.970071,0.522968,-1.846169,0.006161,-0.007814,17.301747,0.202639,0.318931,0.318931,0.000000,C-06,0,0,0,1,1,0,0.005591,-0.225072,0.8333,0.7237,0.2608,2,ok
0,1686,-3.976970,0.499837,-1.835816,0.005541,0.002539,17.325876,0.201059,0.135252,0.135252,0.000000,C-06,0,0,0,1,1,0,0.007774,-0.202527,0.7708,0.6680,0.2606,2,ok
0,1687,-3.982251,0.480534,-1.836016,0.005483,0.002339,17.345889,0.200026,-0.015584,-0.015584,0.000000,C-06,0,0,0,1,1,0,0.006520,-0.203867,0.7292,0.6837,0.2610,2,ok
0,1688,-3.988543,0.457318,-1.816263,0.004798,-0.011356,17.370108,0.200920,0.298086,0.298086,0.000000,C-06,0,0,0,1,1,0,0.003194,-0.206668,0.7708,0.7257,0.2665,2,ok
0,1689,-3.993787,0.437871,-1.796075,0.004165,0.008831,17.390240,0.201827,0.335327,0.335327,0.000000,,0,0,0,1,1,0,0.004106,-0.220863,0.7500,0.6786,0.2651,2,ok
0,1690,-3.999252,0.414495,-1.804566,0.003882,-0.032762,17.414368,0.199752,-0.144325,-0.144325,0.000000,C-06,0,0,0,1,1,0,0.006012,-0.215483,0.7708,0.6217,0.2578,2,ok
0,1691,-4.004670,0.391180,-1.816069,0.003246,-0.044264,17.438296,0.199224,-0.159170,-0.159170,0.000000,,0,0,0,1,1,0,0.004245,-0.230876,0.6875,0.5913,0.2608,2,ok
0,1692,-4.009489,0.371732,-1.792360,0.002422,-0.020555,17.457006,0.200980,0.459949,0.459949,0.000000,C-06,0,0,0,1,1,0,-0.004338,-0.258385,0.6667,0.6653,0.2706,2,ok
0,1693,-4.015308,0.348252,-1.766128,0.000648,-0.028058,17.482516,0.202055,0.346732,0.346732,0.000000,,0,0,0,1,1,0,-0.003859,-0.251075,0.7500,0.6546,0.2597,2,ok
0,1694,-4.020121,0.328566,-1.726982,-0.000740,0.011088,17.502735,0.203269,0.651327,0.651327,0.000000,C-06,0,0,0,1,1,0,-0.002029,-0.234546,0.7708,0.5985,0.2589,2,ok
0,1695,-4.025087,0.304804,-1.697350,-0.002148,0.006860,17.526929,0.202104,0.362013,0.362013,0.000000,C-06,0,0,0,1,1,0,-0.000046,-0.214002,0.7708,0.5383,0.2615,2,ok
0,1696,-4.028303,0.284946,-1.682373,-0.002642,0.021837,17.547041,0.201071,0.218014,0.218014,0.000000,,0,0,0,1,1,0,-0.002929,-0.182450,0.7917,0.6480,0.2666,2,ok
0,1697,-4.031927,0.261063,-1.655654,-0.003221,0.013776,17.571068,0.201534,0.346107,0.346107,0.000000,,0,0,0,1,1,0,-0.002929,-0.182450,0.7917,0.6480,0.2666,2,ok
0,1698,-4.034355,0.241123,-1.640296,-0.003736,0.029134,17.591149,0.200787,0.218852,0.218852,0.000000,,0,0,0,1,1,0,-0.000449,-0.156851,0.7708,0.5580,0.2661,2,ok
0,1699,-4.037000,0.217164,-1.617547,-0.004085,0.051883,17.615251,0.200870,0.283115,0.283115,0.000000,,0,0,0,1,1,0,-0.000449,-0.156851,0.7708,0.5580,0.2661,2,ok
0,1700,-4.038192,0.193190,-1.618746,-0.003612,0.016435,17.639121,0.199980,-0.037616,-0.037616,0.000000,C-06,0,0,0,1,1,0,0.000654,-0.142206,0.7292,0.5306,0.2595,2,ok
0,1701,-4.039105,0.173219,-1.631145,-0.003272,0.004036,17.659110,0.199853,-0.196228,-0.196228,0.000000,C-06,0,0,0,1,1,0,-0.001159,-0.153741,0.7083,0.5663,0.2594,2,ok
0,1702,-4.040372,0.149267,-1.635912,-0.003335,-0.033181,17.682984,0.199882,-0.049892,-0.049892,0.000000,,0,0,0,1,1,0,-0.002337,-0.181284,0.6042,0.5312,0.2645,2,ok
0,1703,-4.041666,0.129302,-1.623510,-0.004073,-0.020779,17.702977,0.200140,0.201351,0.201351,0.000000,C-06,0,0,0,1,1,0,-0.004420,-0.189415,0.7292,0.5145,0.2603,2,ok
0,1704,-4.043232,0.105318,-1.583965,-0.004970,0.018767,17.726995,0.200402,0.505531,0.505531,0.000000,C-06,0,0,0,1,1,0,-0.009301,-0.193581,0.7500,0.6275,0.2718,2,ok
0,1705,-4.044190,0.085319,-1.568791,-0.005890,0.004350,17.746857,0.200168,0.199194,0.199194,0.000000,C-06,0,0,0,1,1,0,-0.005833,-0.166561,0.8125,0.5716,0.2607,2,ok
0,1706,-4.045055,0.061321,-1.548983,-0.006755,0.024157,17.770855,0.200037,0.237680,0.237680,0.000000,,0,0,0,1,1,0,-0.002664,-0.153538,0.7708,0.4874,0.2617,2,ok
0,1707,-4.045064,0.041328,-1.539863,-0.007003,0.004903,17.790666,0.199910,0.122699,0.122699,0.000000,,0,0,0,1,1,0,-0.008534,-0.144220,0.7917,0.6352,0.2659,2,ok
0,1708,-4.044915,0.017352,-1.512070,-0.007485,0.032696,17.814638,0.199675,0.357760,0.357760,0.000000,C-06,0,0,0,1,1,0,-0.002276,-0.137117,0.7083,0.4696,0.2645,2,ok
0,1709,-4.044009,-0.006597,-1.500448,-0.007303,0.018244,17.838413,0.199710,0.128987,0.128987,0.000000,C-06,0,0,0,1,1,0,-0.005399,-0.128548,0.7708,0.5850,0.2600,2,ok
0,1710,-4.042648,-0.026547,-1.499388,-0.006991,0.019304,17.858406,0.199984,0.005839,0.005839,0.000000,,0,0,0,1,1,0,-0.002653,-0.125758,0.6875,0.5133,0.2634,2,ok
0,1711,-4.040962,-0.050490,-1.504568,-0.006564,0.014124,17.882404,0.200052,-0.068705,-0.068705,0.000000,,0,0,0,1,1,0,-0.006083,-0.130629,0.7500,0.6141,0.2625,2,ok
0,1712,-4.039598,-0.070447,-1.505769,-0.006624,-0.011948,17.902233,0.200035,-0.013291,-0.013291,0.000000,,0,0,0,1,1,0,-0.005635,-0.152439,0.6250,0.5524,0.2680,2,ok
0,1713,-4.037977,-0.094394,-1.502546,-0.006904,-0.008725,17.926233,0.199993,0.043704,0.043704,0.000000,,0,0,0,1,1,0,-0.005635,-0.152439,0.6250,0.5524,0.2680,2,ok
0,1714,-4.036626,-0.114337,-1.487573,-0.007247,-0.018733,17.946054,0.199780,0.239729,0.239729,0.000000,C-06,0,0,0,1,1,0,-0.011090,-0.162898,0.7708,0.6580,0.2622,2,ok
0,1715,-4.035005,-0.138231,-1.466442,-0.008080,0.002398,17.969989,0.199390,0.266383,0.266383,0.000000,,0,0,0,1,1,0,-0.008701,-0.162189,0.7500,0.5991,0.2641,2,ok
0,1716,-4.033654,-0.158099,-1.445195,-0.008769,0.023645,17.989891,0.198913,0.327312,0.327312,0.000000,,0,0,0,1,1,0,-0.012257,-0.151060,0.7708,0.7242,0.2647,2,ok
0,1717,-4.031660,-0.181873,-1.421983,-0.009644,0.022397,18.013538,0.198724,0.297443,0.297443,0.000000,,0,0,0,1,1,0,-0.006759,-0.140840,0.7292,0.6042,0.2640,2,ok
0,1718,-4.028803,-0.205577,-1.405512,-0.009750,0.038869,18.037413,0.198945,0.209311,0.209311,0.000000,,0,0,0,1,1,0,-0.006285,-0.138195,0.7083,0.6388,0.2679,2,ok
0,1719,-4.025605,-0.225308,-1.408780,-0.009290,0.011967,18.057142,0.200025,-0.072562,-0.072562,0.000000,C-06,0,0,0,1,1,0,-0.005034,-0.133753,0.7083,0.6142,0.2637,2,ok
0,1720,-4.021709,-0.249002,-1.413296,-0.009008,0.007451,18.081153,0.200168,-0.058089,-0.058089,0.000000,,0,0,0,1,1,0,-0.005178,-0.142756,0.6458,0.6184,0.2695,2,ok
0,1721,-4.018463,-0.268765,-1.420242,-0.008776,0.000504,18.100428,0.200373,-0.113892,-0.113892,0.000000,,0,0,0,1,1,0,-0.007968,-0.157179,0.6667,0.6731,0.2632,2,ok
0,1722,-4.014835,-0.292483,-1.413485,-0.009343,-0.017317,18.124959,0.199820,0.101977,0.101977,0.000000,C-06,0,0,0,1,1,0,-0.012023,-0.182816,0.6458,0.7413,0.2685,2,ok
0,1723,-4.011760,-0.312186,-1.379565,-0.009741,0.016603,18.144898,0.198833,0.608850,0.608850,0.000000,C-06,0,0,0,1,1,0,-0.014028,-0.191425,0.7292,0.7814,0.2650,2,ok
0,1724,-4.008056,-0.335676,-1.349862,-0.010523,0.021360,18.168439,0.197711,0.385784,0.385784,0.000000,C-06,0,0,0,1,1,0,-0.011733,-0.171143,0.7500,0.7735,0.2672,2,ok
0,1725,-4.004263,-0.355156,-1.335397,-0.010624,0.035825,18.188285,0.198512,0.224906,0.224906,0.000000,C-06,0,0,0,1,1,0,-0.012075,-0.149617,0.7708,0.8417,0.2639,2,ok
0,1726,-3.998711,-0.378487,-1.333927,-0.009916,0.012032,18.211976,0.199962,0.005376,0.005376,0.000000,C-06,0,0,0,1,1,0,-0.011300,-0.140510,0.7292,0.8477,0.2626,2,ok
0,1727,-3.993080,-0.401752,-1.309242,-0.009627,0.036718,18.235911,0.198879,0.372111,0.372111,0.000000,C-06,0,0,0,1,1,0,-0.010912,-0.162401,0.7292,0.8612,0.2648,2,ok
0,1728,-3.988386,-0.421011,-1.286172,-0.009356,0.059787,18.255732,0.197677,0.389991,0.389991,0.000000,,0,0,0,1,1,0,0.006760,-0.158575,0.6875,0.3634,0.2370,2,ok
0,1729,-3.981767,-0.444055,-1.291744,-0.008528,0.027996,18.279477,0.200177,-0.116188,-0.116188,0.000000,C-06,0,0,0,1,1,0,-0.004075,-0.148051,0.6875,0.7860,0.2657,2,ok
0,1730,-3.976187,-0.463327,-1.309729,-0.007871,0.010011,18.299529,0.201066,-0.322385,-0.322385,0.000000,C-06,0,0,0,1,1,0,-0.003909,-0.157981,0.6875,0.8108,0.2632,2,ok
0,1731,-3.969819,-0.486536,-1.315821,-0.007725,-0.024234,18.323376,0.200510,-0.067365,-0.067365,0.000000,C-06,0,0,0,1,1,0,-0.006402,-0.187810,0.6667,0.8416,0.2604,2,ok
0,1732,-3.964714,-0.505838,-1.293143,-0.008104,-0.001555,18.343338,0.199045,0.431077,0.431077,0.000000,C-06,0,0,0,1,1,0,-0.006735,-0.233711,0.6875,0.7899,0.2560,2,ok
0,1733,-3.958601,-0.528789,-1.254550,-0.008514,0.037038,18.366403,0.196895,0.559043,0.559043,0.000000,,0,0,0,1,1,0,-0.006879,-0.225443,0.7708,0.8058,0.2560,2,ok
0,1734,-3.953046,-0.547731,-1.234498,-0.008937,0.028546,18.386580,0.197457,0.332124,0.332124,0.000000,C-06,0,0,0,1,1,0,-0.003113,-0.210482,0.7708,0.7610,0.2560,2,ok
0,1735,-3.945889,-0.570287,-1.209560,-0.008904,0.053484,18.410244,0.197153,0.369301,0.369301,0.000000,,0,0,0,1,1,0,-0.001763,-0.199941,0.7500,0.7454,0.2575,2,ok
0,1736,-3.938078,-0.592637,-1.186290,-0.008624,0.045738,18.433637,0.197316,0.346415,0.346415,0.000000,,0,0,0,1,1,0,0.000694,-0.186261,0.7708,0.7128,0.2590,2,ok
0,1737,-3.930893,-0.611134,-1.175344,-0.007982,0.056683,18.453470,0.198529,0.186745,0.186745,0.000000,C-06,0,0,0,1,1,0,0.001605,-0.185375,0.7500,0.6957,0.2573,2,ok
0,1738,-3.922024,-0.633214,-1.160583,-0.006941,0.071444,18.474156,0.198232,0.227560,0.227560,0.000000,,0,0,0,1,1,0,0.002722,-0.189722,0.7500,0.6697,0.2579,2,ok
0,1739,-3.914138,-0.651583,-1.171206,-0.006283,0.026839,18.497009,0.200577,-0.263383,-0.263383,0.000000,C-06,0,0,0,1,1,0,0.003117,-0.185643,0.7083,0.6642,0.2579,2,ok
0,1740,-3.904608,-0.673771,-1.188479,-0.005375,0.009566,18.521140,0.201789,-0.260939,-0.260939,0.000000,,0,0,0,1,1,0,0.002652,-0.197091,0.6875,0.6555,0.2589,2,ok
0,1741,-3.897049,-0.692279,-1.173061,-0.005451,-0.011408,18.540940,0.199219,0.330262,0.330262,0.000000,C-06,0,0,0,1,1,0,-0.002661,-0.241706,0.6458,0.6670,0.2550,2,ok
0,1742,-3.888021,-0.714292,-1.148678,-0.005806,0.012976,18.564730,0.197434,0.375722,0.375722,0.000000,,0,0,0,1,1,0,-0.003096,-0.245674,0.6875,0.6465,0.2560,2,ok
0,1743,-3.880396,-0.732428,-1.121982,-0.005928,0.039671,18.582993,0.196304,0.508620,0.508620,0.000000,,0,0,0,1,1,0,-0.002371,-0.234787,0.7708,0.6283,0.2586,2,ok
0,1744,-3.870477,-0.753923,-1.098143,-0.006341,0.024174,18.607816,0.197404,0.367638,0.367638,0.000000,,0,0,0,1,1,0,-0.002158,-0.222924,0.7708,0.6257,0.2629,2,ok
0,1745,-3.859920,-0.775181,-1.078292,-0.006021,0.044025,18.631549,0.197870,0.314498,0.314498,0.000000,,0,0,0,1,1,0,0.001268,-0.206036,0.7083,0.5327,0.2639,2,ok
0,1746,-3.850750,-0.792692,-1.054173,-0.005855,0.026902,18.651078,0.196967,0.483937,0.483937,0.000000,C-06,0,0,0,1,1,0,0.001218,-0.202585,0.7083,0.5387,0.2640,2,ok
0,1747,-3.839261,-0.813397,-1.027068,-0.005410,0.054006,18.674752,0.197472,0.445368,0.445368,0.000000,,0,0,0,1,1,0,0.001582,-0.200068,0.7292,0.5422,0.2618,2,ok
0,1748,-3.829098,-0.830432,-1.012375,-0.004418,0.068699,18.693702,0.198530,0.276224,0.276224,0.000000,C-06,0,0,0,1,1,0,0.010394,-0.184531,0.7083,0.2660,0.2452,2,ok
0,1749,-3.816433,-0.850845,-1.023817,-0.003962,0.015884,18.718373,0.200835,-0.228297,-0.228297,0.000000,C-06,0,0,0,1,1,0,0.000819,-0.171344,0.7292,0.5981,0.2672,2,ok
0,1750,-3.805936,-0.868012,-1.040938,-0.003681,-0.001237,18.738493,0.201873,-0.352328,-0.352328,0.000000,,0,0,0,1,1,0,-0.002556,-0.181926,0.6667,0.6248,0.2637,2,ok
0,1751,-3.793673,-0.888606,-1.018728,-0.004154,-0.018017,18.762309,0.198581,0.430914,0.430914,0.000000,C-06,0,0,0,1,1,0,-0.007946,-0.215222,0.6458,0.6871,0.2636,2,ok
0,1752,-3.783391,-0.905497,-0.992109,-0.004698,0.008602,18.782075,0.197391,0.551122,0.551122,0.000000,,0,0,0,1,1,0,-0.009242,-0.214078,0.7083,0.6938,0.2624,2,ok
0,1753,-3.770451,-0.925378,-0.960280,-0.004634,0.040431,18.803699,0.197946,0.549218,0.549218,0.000000,,0,0,0,1,1,0,-0.006585,-0.196652,0.7500,0.6559,0.2615,2,ok
0,1754,-3.756719,-0.944950,-0.948071,-0.004688,0.015147,18.829533,0.199377,0.188484,0.188484,0.000000,C-06,0,0,0,1,1,0,-0.004337,-0.183124,0.7708,0.6327,0.2626,2,ok
0,1755,-3.745047,-0.961098,-0.930616,-0.004393,0.032601,18.849456,0.198964,0.387545,0.387545,0.000000,C-06,0,0,0,1,1,0,-0.001876,-0.173370,0.7292,0.6052,0.2623,2,ok
0,1756,-3.730692,-0.980241,-0.916446,-0.004101,0.011935,18.873249,0.199483,0.245026,0.245026,0.000000,,0,0,0,1,1,0,-0.001129,-0.168537,0.7500,0.6089,0.2618,2,ok
0,1757,-3.718472,-0.996014,-0.900469,-0.003767,0.027912,18.893200,0.199481,0.353835,0.353835,0.000000,,0,0,0,1,1,0,0.009359,-0.170097,0.6875,0.2784,0.2429,2,ok
0,1758,-3.703509,-1.014746,-0.890819,-0.003178,0.005362,18.917060,0.199827,0.166698,0.166698,0.000000,C-06,0,0,0,1,1,0,0.010164,-0.169564,0.7083,0.2762,0.2437,2,ok
0,1759,-3.690967,-1.030362,-0.902989,-0.003151,-0.006808,18.937090,0.200462,-0.306212,-0.306212,0.000000,C-06,0,0,0,1,1,0,0.001442,-0.166202,0.7083,0.5669,0.2611,2,ok
0,1760,-3.676152,-1.049340,-0.921338,-0.003452,-0.025158,18.961164,0.200752,-0.332813,-0.332813,0.000000,,0,0,0,1,1,0,-0.001472,-0.184244,0.6667,0.5933,0.2632,2,ok
0,1761,-3.663968,-1.065162,-0.901373,-0.004340,-0.036384,18.980992,0.199255,0.490659,0.490659,0.000000,C-06,0,0,0,1,1,0,-0.004610,-0.220315,0.6667,0.5756,0.2616,2,ok
0,1762,-3.648916,-1.083787,-0.875261,-0.005041,-0.010271,19.004928,0.199816,0.478892,0.478892,0.000000,,0,0,0,1,1,0,-0.006254,-0.226926,0.6875,0.5930,0.2621,2,ok
0,1763,-3.633293,-1.102038,-0.847686,-0.005305,-0.013407,19.028817,0.200612,0.511523,0.511523,0.000000,,0,0,0,1,1,0,-0.004618,-0.207952,0.7500,0.5655,0.2587,2,ok
0,1764,-3.619979,-1.117008,-0.837933,-0.005473,-0.003655,19.048850,0.200348,0.189260,0.189260,0.000000,C-06,0,0,0,1,1,0,-0.003219,-0.189801,0.7500,0.5583,0.2618,2,ok
0,1765,-3.603730,-1.134806,-0.815144,-0.005362,0.019135,19.072949,0.200782,0.421572,0.421572,0.000000,C-06,0,0,0,1,1,0,-0.004216,-0.184831,0.7500,0.5860,0.2616,2,ok
0,1766,-3.589878,-1.149299,-0.796075,-0.005426,0.008003,19.092827,0.200276,0.399065,0.399065,0.000000,,0,0,0,1,1,0,-0.005280,-0.173398,0.7292,0.6182,0.2626,2,ok
0,1767,-3.572910,-1.166269,-0.773411,-0.004986,0.030666,19.116821,0.199748,0.390868,0.390868,0.000000,,0,0,0,1,1,0,-0.003964,-0.170622,0.7292,0.6120,0.2650,2,ok
0,1768,-3.558583,-1.180221,-0.772054,-0.004628,0.003259,19.136679,0.200003,-0.004365,-0.004365,0.000000,C-06,0,0,0,1,1,0,-0.001008,-0.162566,0.7083,0.6044,0.2657,2,ok
0,1769,-3.541518,-1.197106,-0.790368,-0.004754,-0.015055,19.160686,0.199920,-0.339028,-0.339028,0.000000,C-06,0,0,0,1,1,0,-0.001011,-0.167216,0.6875,0.5985,0.2673,2,ok
0,1770,-3.527543,-1.211387,-0.803918,-0.005182,-0.028604,19.180662,0.199708,-0.277551,-0.277551,0.000000,,0,0,0,1,1,0,-0.004968,-0.191078,0.6875,0.6429,0.2637,2,ok
0,1771,-3.510666,-1.228445,-0.772687,-0.006284,-0.026431,19.204475,0.199607,0.600245,0.600245,0.000000,C-06,0,0,0,1,1,0,-0.006870,-0.223388,0.6875,0.6160,0.2602,2,ok
0,1772,-3.493377,-1.244949,-0.744168,-0.006707,0.002088,19.228374,0.198801,0.496738,0.496738,0.000000,,0,0,0,1,1,0,-0.006869,-0.210347,0.7708,0.5933,0.2613,2,ok
0,1773,-3.478644,-1.258352,-0.724800,-0.006947,-0.007328,19.248111,0.199406,0.412809,0.412809,0.000000,,0,0,0,1,1,0,-0.007558,-0.202612,0.7708,0.6390,0.2614,2,ok
0,1774,-3.460622,-1.274168,-0.714805,-0.007003,0.002667,19.272089,0.199868,0.168690,0.168690,0.000000,C-06,0,0,0,1,1,0,-0.005608,-0.183647,0.7708,0.6218,0.2617,2,ok
0,1775,-3.445405,-1.287139,-0.694700,-0.006876,-0.006410,19.291892,0.200150,0.472623,0.472623,0.000000,C-06,0,0,0,1,1,0,-0.004378,-0.184934,0.7292,0.5989,0.2607,2,ok
0,1776,-3.426801,-1.302364,-0.672742,-0.006771,0.015549,19.315933,0.200516,0.400084,0.400084,0.000000,,0,0,0,1,1,0,-0.003958,-0.180926,0.7292,0.5957,0.2618,2,ok
0,1777,-3.411061,-1.314795,-0.657059,-0.006336,0.031232,19.335985,0.200657,0.336863,0.336863,0.000000,,0,0,0,1,1,0,-0.004311,-0.175165,0.7500,0.6571,0.2604,2,ok
0,1778,-3.392081,-1.329470,-0.661831,-0.006125,-0.001843,19.359787,0.199788,-0.117924,-0.117924,0.000000,C-06,0,0,0,1,1,0,-0.002874,-0.167390,0.7083,0.6361,0.2628,2,ok
0,1779,-3.376383,-1.341801,-0.675439,-0.006244,-0.015452,19.379749,0.199610,-0.312753,-0.312753,0.000000,C-06,0,0,0,1,1,0,0.005232,-0.177610,0.6458,0.3116,0.2436,2,ok
0,1780,-3.357744,-1.356880,-0.687400,-0.006994,-0.056803,19.403506,0.199847,-0.213703,-0.213703,0.000000,,0,0,0,1,1,0,-0.004021,-0.186558,0.6250,0.6235,0.2629,2,ok
0,1781,-3.339068,-1.372023,-0.668245,-0.008252,-0.037648,19.427516,0.200584,0.394268,0.394268,0.000000,C-06,0,0,0,1,1,0,-0.012196,-0.238561,0.6667,0.6943,0.2616,2,ok
0,1782,-3.323300,-1.384394,-0.657113,-0.008979,-0.026515,19.447545,0.200454,0.231708,0.231708,0.000000,C-06,0,0,0,1,1,0,-0.012466,-0.234063,0.7083,0.6931,0.2607,2,ok
0,1783,-3.304128,-1.399029,-0.632741,-0.010129,-0.032033,19.471402,0.201309,0.450879,0.450879,0.000000,C-06,0,0,0,1,1,0,-0.015359,-0.232784,0.7292,0.7695,0.2590,2,ok
0,1784,-3.287889,-1.410928,-0.613701,-0.010721,-0.012993,19.491526,0.201434,0.397442,0.397442,0.000000,,0,0,0,1,1,0,-0.016250,-0.227264,0.6875,0.8056,0.2656,2,ok
0,1785,-3.268105,-1.424872,-0.589492,-0.011406,-0.017903,19.515371,0.201870,0.421457,0.421457,0.000000,,0,0,0,1,1,0,-0.014928,-0.217337,0.7083,0.7929,0.2663,2,ok
0,1786,-3.251357,-1.436209,-0.566504,-0.011892,0.005085,19.535589,0.202454,0.475220,0.475220,0.000000,,0,0,0,1,1,0,-0.000317,-0.203509,0.6667,0.3360,0.2379,2,ok
0,1787,-3.230958,-1.449336,-0.543340,-0.012014,-0.001830,19.559485,0.202227,0.382952,0.382952,0.000000,,0,0,0,1,1,0,-0.015366,-0.186894,0.6875,0.8565,0.2667,2,ok
0,1788,-3.213798,-1.459770,-0.536334,-0.012125,0.005176,19.579568,0.200701,0.117781,0.117781,0.000000,C-06,0,0,0,1,1,0,-0.014635,-0.170514,0.5833,0.8696,0.2720,2,ok
0,1789,-3.193147,-1.472073,-0.533126,-0.012042,0.008384,19.603606,0.200292,0.048549,0.048549,0.000000,,0,0,0,1,1,0,-0.012937,-0.193144,0.6042,0.8268,0.2649,2,ok
0,1790,-3.172383,-1.484319,-0.516300,-0.012324,-0.005476,19.627392,0.201585,0.294933,0.294933,0.000000,C-06,0,0,0,1,1,0,0.015822,-0.240644,0.5625,0.3978,0.2003,2,ok
0,1791,-3.154906,-1.494484,-0.498849,-0.012576,0.011975,19.647608,0.202374,0.345201,0.345201,0.000000,,0,0,0,1,1,0,0.012070,-0.215206,0.6042,0.3932,0.2090,2,ok
0,1792,-3.133689,-1.506416,-0.473160,-0.012817,0.006959,19.671496,0.203093,0.417630,0.417630,0.000000,,0,0,0,1,1,0,-0.014814,-0.224598,0.6250,0.9351,0.2601,2,ok
0,1793,-3.115762,-1.516072,-0.444417,-0.013134,0.035701,19.691857,0.204390,0.552139,0.552139,0.000000,,0,0,0,1,1,0,0.008542,-0.207581,0.6250,0.4095,0.2186,2,ok
0,1794,-3.093913,-1.527272,-0.408154,-0.013015,0.071965,19.716408,0.204725,0.560990,0.560990,0.000000,,0,0,0,1,1,0,-0.006070,-0.199665,0.6667,0.7495,0.2520,2,ok
0,1795,-3.075500,-1.535569,-0.395218,-0.012444,0.052649,19.736220,0.201723,0.209146,0.209146,0.000000,C-06,0,0,0,1,1,0,-0.001464,-0.157700,0.7500,0.7268,0.2590,2,ok
0,1796,-3.053273,-1.545266,-0.377946,-0.011519,0.069921,19.760453,0.202208,0.263242,0.263242,0.000000,,0,0,0,1,1,0,0.001224,-0.174306,0.7083,0.6930,0.2567,2,ok
0,1797,-3.034652,-1.552908,-0.369294,-0.010595,0.045662,19.780210,0.201207,0.145511,0.145511,0.000000,,0,0,0,1,1,0,0.003603,-0.178039,0.7500,0.6426,0.2581,2,ok
0,1798,-3.012315,-1.561664,-0.381418,-0.009542,0.033538,19.804178,0.199427,-0.207697,-0.207697,0.000000,C-06,0,0,0,1,1,0,0.005179,-0.183937,0.7500,0.6208,0.2592,2,ok
0,1799,-2.990100,-1.570397,-0.394799,-0.008518,0.020158,19.825780,0.198485,-0.201585,-0.201585,0.000000,,0,0,0,1,1,0,0.004025,-0.215061,0.6875,0.5827,0.2576,2,ok
0,1800,-2.971556,-1.578004,-0.368972,-0.008794,0.013154,19.847744,0.201461,0.534891,0.534891,0.000000,C-06,0,0,0,1,1,0,0.000701,-0.246654,0.7083,0.6009,0.2576,2,ok
0,1801,-2.949053,-1.587170,-0.341275,-0.008971,0.040851,19.872041,0.203277,0.401052,0.401052,0.000000,,0,0,0,1,1,0,0.000355,-0.242937,0.7083,0.5954,0.2578,2,ok
0,1802,-2.930135,-1.594619,-0.319188,-0.009245,0.026056,19.892104,0.203309,0.384383,0.384383,0.000000,,0,0,0,1,1,0,0.001880,-0.227486,0.7708,0.5604,0.2604,2,ok
0,1803,-2.907286,-1.602677,-0.303332,-0.008985,0.041911,19.916331,0.201781,0.214759,0.214759,0.000000,C-06,0,0,0,1,1,0,0.002224,-0.212649,0.7500,0.5403,0.2604,2,ok
0,1804,-2.888148,-1.609191,-0.285435,-0.008703,0.019740,19.936236,0.202597,0.314543,0.314543,0.000000,,0,0,0,1,1,0,0.002224,-0.212649,0.7500,0.5403,0.2604,2,ok
0,1805,-2.865044,-1.616788,-0.262337,-0.008783,0.042838,19.960557,0.202657,0.325269,0.325269,0.000000,,0,0,0,1,1,0,0.002605,-0.197151,0.7292,0.4733,0.2607,2,ok
0,1806,-2.845671,-1.622861,-0.238853,-0.008567,0.066322,19.980859,0.203192,0.396395,0.396395,0.000000,,0,0,0,1,1,0,0.002744,-0.196812,0.7292,0.4592,0.2619,2,ok
0,1807,-2.822310,-1.629096,-0.224360,-0.007898,0.040037,0.012496,0.201364,0.184910,0.184910,0.000000,C-06,0,0,0,1,1,0,0.004459,-0.184602,0.7083,0.3908,0.2597,2,ok
0,1808,-2.798936,-1.634531,-0.235091,-0.007019,0.029306,0.036477,0.199657,-0.170686,-0.170686,0.000000,C-06,0,0,0,1,1,0,0.008810,-0.172261,0.6458,0.2031,0.2511,2,ok
0,1809,-2.779493,-1.639136,-0.237277,-0.006369,0.027120,0.053053,0.199828,-0.024226,-0.024226,0.000000,,0,0,0,1,1,0,0.002601,-0.191826,0.6250,0.3295,0.2601,2,ok
0,1810,-2.756058,-1.644771,-0.190005,-0.006979,0.031671,0.080236,0.201857,0.727675,0.727675,0.000000,C-06,0,0,0,1,1,0,0.006182,-0.212095,0.6458,0.1683,0.2485,2,ok
0,1811,-2.736350,-1.649472,-0.151365,-0.007325,0.070311,0.100495,0.203163,0.602309,0.602309,0.000000,,0,0,0,1,1,0,-0.000675,-0.194276,0.6875,0.3666,0.2609,2,ok
0,1812,-2.712587,-1.653928,-0.130961,-0.007210,0.048175,0.124375,0.201309,0.237235,0.237235,0.000000,C-06,0,0,0,1,1,0,0.003673,-0.159033,0.7500,0.3176,0.2631,2,ok
0,1813,-2.692754,-1.656600,-0.129414,-0.006376,0.049723,0.144369,0.200022,0.004702,0.004702,0.000000,C-06,0,0,0,1,1,0,0.006941,-0.132026,0.7292,0.2334,0.2664,2,ok
0,1814,-2.668957,-1.659717,-0.131039,-0.005467,0.009315,0.168132,0.199982,-0.022443,-0.022443,0.000000,,0,0,0,1,1,0,0.004501,-0.130418,0.7083,0.2661,0.2673,2,ok
0,1815,-2.649110,-1.662331,-0.114243,-0.005362,0.026110,0.188150,0.200386,0.289450,0.289450,0.000000,C-06,0,0,0,1,1,0,0.004213,-0.130944,0.7708,0.2197,0.2656,2,ok
0,1816,-2.625252,-1.665452,-0.103556,-0.005215,0.036797,0.212211,0.200545,0.125427,0.125427,0.000000,C-06,0,0,0,1,1,0,0.003712,-0.131088,0.7083,0.2124,0.2630,2,ok
0,1817,-2.601365,-1.668476,-0.090136,-0.005588,0.016239,0.236106,0.200701,0.171339,0.171339,0.000000,,0,0,0,1,1,0,0.001783,-0.128744,0.6875,0.2549,0.2631,2,ok
0,1818,-2.581438,-1.670719,-0.080830,-0.005797,0.025546,0.256157,0.200500,0.136736,0.136736,0.000000,,0,0,0,1,1,0,0.002865,-0.123828,0.6667,0.2037,0.2649,2,ok
0,1819,-2.557528,-1.672752,-0.093907,-0.005626,-0.018101,0.279983,0.199824,-0.190580,-0.190580,0.000000,C-06,0,0,0,1,1,0,0.002891,-0.120315,0.6667,0.1948,0.2661,2,ok
0,1820,-2.537622,-1.674413,-0.100253,-0.005868,-0.024446,0.299956,0.199695,-0.091545,-0.091545,0.000000,,0,0,0,1,1,0,0.002810,-0.126613,0.6667,0.1101,0.2666,2,ok
0,1821,-2.513734,-1.676781,-0.091553,-0.006531,-0.015747,0.323952,0.200154,0.127883,0.127883,0.000000,C-06,0,0,0,1,1,0,0.002006,-0.136567,0.6667,0.0954,0.2642,2,ok
0,1822,-2.493802,-1.678780,-0.071723,-0.007540,-0.022389,0.343800,0.200468,0.313650,0.313650,0.000000,C-06,0,0,0,1,1,0,-0.004899,-0.143280,0.7500,0.1888,0.2653,2,ok
0,1823,-2.469847,-1.681178,-0.050672,-0.008805,-0.001338,0.367841,0.200731,0.254694,0.254694,0.000000,,0,0,0,1,1,0,-0.004878,-0.125548,0.7708,0.1598,0.2674,2,ok
0,1824,-2.449869,-1.682607,-0.042013,-0.009508,-0.015708,0.387635,0.200255,0.116121,0.116121,0.000000,,0,0,0,1,1,0,-0.004444,-0.110065,0.7500,0.1429,0.2679,2,ok
0,1825,-2.425884,-1.684157,-0.029300,-0.010512,-0.002995,0.411649,0.200294,0.155709,0.155709,0.000000,,0,0,0,1,1,0,-0.002807,-0.107794,0.7500,0.0795,0.2654,2,ok
0,1826,-2.401890,-1.685562,-0.014060,-0.011446,-0.007780,0.435452,0.200260,0.183199,0.183199,0.000000,,0,0,0,1,1,0,-0.003385,-0.097466,0.7083,0.0586,0.2626,2,ok
0,1827,-2.381891,-1.686595,0.005094,-0.012404,0.011374,0.455456,0.200265,0.279516,0.279516,0.000000,,0,0,0,1,1,0,-0.005520,-0.084138,0.6875,0.1133,0.2669,2,ok
0,1828,-2.357891,-1.686527,0.001788,-0.012244,0.008069,0.479455,0.200004,-0.061202,-0.061202,0.000000,C-06,0,0,0,1,1,0,-0.003545,-0.070301,0.6667,0.0566,0.2662,2,ok
0,1829,-2.337891,-1.686399,-0.005612,-0.012308,-0.016928,0.499244,0.200001,-0.107166,-0.107166,0.000000,,0,0,0,1,1,0,-0.002334,-0.065056,0.6667,0.0300,0.2656,2,ok
0,1830,-2.313891,-1.686528,-0.004946,-0.012760,-0.016261,0.523240,0.200001,0.015132,0.015132,0.000000,,0,0,0,1,1,0,-0.004314,-0.073752,0.7083,0.0011,0.2688,2,ok
0,1831,-2.293892,-1.686650,0.012329,-0.013265,-0.014117,0.543031,0.199991,0.270152,0.270152,0.000000,C-06,0,0,0,1,1,0,-0.006428,-0.084090,0.7292,-0.0069,0.2681,2,ok
0,1832,-2.269897,-1.686797,0.028076,-0.014106,0.001629,0.567012,0.199929,0.182775,0.182775,0.000000,,0,0,0,1,1,0,-0.006338,-0.071174,0.7292,-0.0020,0.2698,2,ok
0,1833,-2.249911,-1.686919,0.047458,-0.014807,0.021011,0.586985,0.199789,0.291000,0.291000,0.000000,,0,0,0,1,1,0,-0.005637,-0.054727,0.7292,-0.0255,0.2679,2,ok
0,1834,-2.225950,-1.686597,0.065207,-0.015453,0.026222,0.610765,0.199636,0.211604,0.211604,0.000000,,0,0,0,1,1,0,-0.006528,-0.044153,0.7292,0.0129,0.2680,2,ok
0,1835,-2.202003,-1.685113,0.067182,-0.014945,0.028196,0.634753,0.199972,0.010612,0.010612,0.000000,C-06,0,0,0,1,1,0,-0.004459,-0.018608,0.6667,-0.0126,0.2676,2,ok
0,1836,-2.182046,-1.683811,0.063199,-0.014646,0.013487,0.654570,0.200022,-0.065488,-0.065488,0.000000,,0,0,0,1,1,0,-0.003230,-0.014511,0.7083,-0.0661,0.2667,2,ok
0,1837,-2.158090,-1.682249,0.058103,-0.014352,0.008391,0.678575,0.200084,-0.062284,-0.062284,0.000000,,0,0,0,1,1,0,-0.003297,-0.018148,0.6667,-0.0906,0.2674,2,ok
0,1838,-2.138127,-1.681082,0.065124,-0.014292,0.006968,0.698486,0.199915,0.122743,0.122743,0.000000,C-06,0,0,0,1,1,0,-0.003806,-0.021003,0.6875,-0.1113,0.2679,2,ok
0,1839,-2.114182,-1.679683,0.069339,-0.014305,0.011184,0.722472,0.199878,0.048150,0.048150,0.000000,,0,0,0,1,1,0,-0.002526,-0.021287,0.6875,-0.1496,0.2651,2,ok
0,1840,-2.094229,-1.678326,0.067424,-0.014123,0.009268,0.741228,0.200011,-0.032611,-0.032611,0.000000,,0,0,0,1,1,0,-0.002925,-0.008751,0.7917,-0.1478,0.2709,2,ok
0,1841,-2.070287,-1.676711,0.072140,-0.014127,0.006690,0.766351,0.199936,0.064584,0.064584,0.000000,,0,0,0,1,1,0,-0.004305,-0.005875,0.7708,-0.1350,0.2705,2,ok
0,1842,-2.050343,-1.675366,0.077939,-0.014123,0.012489,0.786340,0.199851,0.088013,0.088013,0.000000,,0,0,0,1,1,0,-0.002831,-0.002844,0.7917,-0.1812,0.2704,2,ok
0,1843,-2.026424,-1.673753,0.086802,-0.014191,0.016362,0.810255,0.199707,0.111847,0.111847,0.000000,,0,0,0,1,1,0,-0.003585,0.001083,0.7708,-0.1582,0.2724,2,ok
0,1844,-2.002519,-1.671855,0.090931,-0.013998,0.020491,0.834235,0.199843,0.047796,0.047796,0.000000,,0,0,0,1,1,0,-0.000690,0.020017,0.7292,-0.2381,0.2679,2,ok
0,1845,-1.982594,-1.670048,0.080539,-0.013682,0.006273,0.854155,0.200171,-0.175753,-0.175753,0.000000,C-06,0,0,0,1,1,0,-0.000100,0.023677,0.7500,-0.2524,0.2674,2,ok
0,1846,-1.958651,-1.667863,0.055928,-0.013351,-0.018337,0.878195,0.200502,-0.313428,-0.313428,0.000000,,0,0,0,1,1,0,-0.000840,0.020419,0.7083,-0.2638,0.2664,2,ok
0,1847,-1.938675,-1.666070,0.040484,-0.013108,-0.036025,0.898243,0.200560,-0.217556,-0.217556,0.000000,,0,0,0,1,1,0,-0.001931,0.013446,0.7083,-0.2507,0.2669,2,ok
0,1848,-1.914697,-1.665026,0.047884,-0.013931,-0.028625,0.922229,0.199939,0.115289,0.115289,0.000000,C-06,0,0,0,1,1,0,-0.003935,-0.011247,0.7083,-0.2883,0.2613,2,ok
0,1849,-1.894726,-1.664216,0.059071,-0.014677,-0.017438,0.942203,0.199823,0.168304,0.168304,0.000000,,0,0,0,1,1,0,-0.006451,-0.014312,0.7500,-0.2737,0.2628,2,ok
0,1850,-1.870774,-1.663149,0.067207,-0.015480,-0.009588,0.966163,0.199785,0.094985,0.094985,0.000000,,0,0,0,1,1,0,-0.006717,0.004899,0.7917,-0.2699,0.2619,2,ok
0,1851,-1.850822,-1.662052,0.072326,-0.015941,-0.004470,0.986139,0.199812,0.074104,0.074104,0.000000,,0,0,0,1,1,0,-0.007880,0.016130,0.7917,-0.2436,0.2611,2,ok
0,1852,-1.826892,-1.660646,0.080144,-0.016409,0.004215,1.010101,0.199732,0.098486,0.098486,0.000000,,0,0,0,1,1,0,-0.008339,0.026135,0.7708,-0.2365,0.2607,2,ok
0,1853,-1.802975,-1.659006,0.086305,-0.016644,0.010376,1.034073,0.199772,0.075129,0.075129,0.000000,,0,0,0,1,1,0,-0.009845,0.030369,0.7708,-0.1890,0.2630,2,ok
0,1854,-1.783044,-1.657296,0.078454,-0.016437,0.005509,1.054171,0.200126,-0.134814,-0.134814,0.000000,C-06,0,0,0,1,1,0,-0.010705,0.061960,0.7500,-0.1330,0.2648,2,ok
0,1855,-1.759098,-1.655220,0.053170,-0.016103,-0.019775,1.078204,0.200452,-0.328426,-0.328426,0.000000,C-06,0,0,0,1,1,0,-0.012276,0.064310,0.7083,-0.0896,0.2660,2,ok
0,1856,-1.739118,-1.653492,0.036562,-0.015831,-0.032583,1.098252,0.200589,-0.235151,-0.235151,0.000000,,0,0,0,1,1,0,-0.013656,0.053485,0.7083,-0.0845,0.2670,2,ok
0,1857,-1.715141,-1.652555,0.053293,-0.016642,-0.015852,1.122234,0.199851,0.251117,0.251117,0.000000,C-06,0,0,0,1,1,0,-0.015960,0.037940,0.7083,-0.0551,0.2677,2,ok
0,1858,-1.695169,-1.651515,0.050796,-0.017059,-0.018349,1.142229,0.200024,-0.059923,-0.059923,0.000000,C-06,0,0,0,1,1,0,-0.016014,0.036913,0.7500,-0.0446,0.2680,2,ok
0,1859,-1.671198,-1.650236,0.048376,-0.017290,-0.014934,1.166402,0.200049,-0.027569,-0.027569,0.000000,,0,0,0,1,1,0,-0.013805,0.047905,0.7917,-0.0369,0.2670,2,ok
0,1860,-1.651222,-1.649224,0.049085,-0.017536,-0.014226,1.186403,0.200014,0.013224,0.013224,0.000000,,0,0,0,1,1,0,-0.012686,0.046482,0.7917,-0.0432,0.2673,2,ok
0,1861,-1.627253,-1.648014,0.052309,-0.017762,-0.004329,1.210471,0.199982,0.040889,0.040889,0.000000,,0,0,0,1,1,0,-0.011761,0.045709,0.7708,-0.0457,0.2663,2,ok
0,1862,-1.603286,-1.646789,0.053195,-0.017952,-0.003442,1.234468,0.199982,0.008675,0.008675,0.000000,,0,0,0,1,1,0,-0.009736,0.049230,0.7292,-0.0412,0.2667,2,ok
0,1863,-1.583307,-1.645733,0.033903,-0.017938,-0.012701,1.254652,0.200157,-0.323655,-0.323655,0.000000,C-06,0,0,0,1,1,0,-0.008823,0.050625,0.7500,-0.0368,0.2668,2,ok
0,1864,-1.559311,-1.644462,-0.001836,-0.017848,-0.048440,1.278681,0.200280,-0.432997,-0.432997,0.000000,,0,0,0,1,1,0,-0.009055,0.038101,0.7083,-0.0457,0.2671,2,ok
0,1865,-1.539312,-1.644087,-0.011575,-0.018365,-0.048063,1.298857,0.200002,-0.111038,-0.111038,0.000000,C-06,0,0,0,1,1,0,-0.010446,0.025935,0.6875,-0.0348,0.2675,2,ok
0,1866,-1.515313,-1.644328,-0.000087,-0.019548,-0.036575,1.322828,0.200013,0.157964,0.157964,0.000000,C-06,0,0,0,1,1,0,-0.013039,-0.009966,0.7500,-0.0527,0.2671,2,ok
0,1867,-1.495313,-1.644560,0.011349,-0.020482,-0.013340,1.343142,0.200002,0.162359,0.162359,0.000000,,0,0,0,1,1,0,-0.012665,-0.005305,0.8125,-0.0448,0.2680,2,ok
0,1868,-1.471316,-1.644611,0.018521,-0.021078,-0.006168,1.367132,0.199967,0.080492,0.080492,0.000000,,0,0,0,1,1,0,-0.011459,0.006682,0.7708,-0.0442,0.2673,2,ok
0,1869,-1.451320,-1.644434,0.022442,-0.021356,-0.002247,1.386432,0.199962,0.054609,0.054609,0.000000,,0,0,0,1,1,0,-0.010976,0.013380,0.7500,-0.0385,0.2677,2,ok
0,1870,-1.427327,-1.644101,0.026770,-0.021311,0.011909,1.411343,0.199955,0.051602,0.051602,0.000000,,0,0,0,1,1,0,-0.010102,0.019106,0.7708,-0.0405,0.2673,2,ok
0,1871,-1.403336,-1.643536,0.028419,-0.021041,0.013558,1.435035,0.199980,0.018097,0.018097,0.000000,,0,0,0,1,1,0,-0.009762,0.022954,0.7292,-0.0151,0.2688,2,ok
0,1872,-1.383342,-1.643009,0.018187,-0.020509,0.011174,1.455593,0.200035,-0.164046,-0.164046,0.000000,C-06,0,0,0,1,1,0,-0.008699,0.025061,0.7500,-0.0297,0.2670,2,ok
0,1873,-1.359344,-1.642374,0.001720,-0.019874,-0.005294,1.479592,0.200069,-0.197119,-0.197119,0.000000,,0,0,0,1,1,0,-0.008800,0.018859,0.6875,-0.0380,0.2676,2,ok
0,1874,-1.339344,-1.642266,0.008055,-0.019766,0.005586,1.499591,0.199995,0.122438,0.122438,0.000000,C-06,0,0,0,1,1,0,-0.009232,0.006862,0.6458,-0.0468,0.2658,2,ok
0,1875,-1.315345,-1.642184,0.011161,-0.019684,0.008692,1.523590,0.199989,0.033071,0.033071,0.000000,,0,0,0,1,1,0,-0.009276,0.001656,0.7500,-0.0567,0.2657,2,ok
0,1876,-1.295346,-1.642005,0.009226,-0.019505,0.009226,1.543589,0.200000,-0.032315,-0.032315,0.000000,,0,0,0,1,1,0,-0.008657,0.008083,0.7917,-0.0512,0.2668,2,ok
0,1877,-1.271347,-1.641787,0.011713,-0.019287,0.011713,1.567588,0.199995,0.034243,0.034243,0.000000,,0,0,0,1,1,0,-0.009099,0.007645,0.7708,-0.0370,0.2682,2,ok
0,1878,-1.251350,-1.641607,0.018168,-0.019107,0.018168,1.584535,0.199977,0.096866,0.096866,0.000000,,0,0,0,1,1,0,-0.009372,0.009583,0.7500,-0.0179,0.2679,2,ok
0,1879,-1.227355,-1.641387,0.023882,-0.018887,0.023882,1.611580,0.199954,0.066459,0.066459,0.000000,,0,0,0,1,1,0,-0.007761,0.012510,0.7500,-0.0455,0.2664,2,ok
0,1880,-1.203362,-1.640834,0.022016,-0.018334,0.022016,1.634535,0.200008,-0.028892,-0.028892,0.000000,,0,0,0,1,1,0,-0.006619,0.020873,0.7500,-0.0435,0.2674,2,ok
0,1881,-1.183364,-1.640355,0.005318,-0.017855,0.005318,1.655572,0.200053,-0.265400,-0.265400,0.000000,C-06,0,0,0,1,1,0,-0.006166,0.018426,0.7500,-0.0435,0.2664,2,ok
0,1882,-1.159364,-1.639781,-0.010160,-0.017281,-0.010160,1.679571,0.200048,-0.176782,-0.176782,0.000000,,0,0,0,1,1,0,-0.007299,0.007940,0.7083,-0.0418,0.2661,2,ok
0,1883,-1.139365,-1.639900,-0.003944,-0.017400,-0.003944,1.699571,0.200004,0.108533,0.108533,0.000000,C-06,0,0,0,1,1,0,-0.008271,-0.007619,0.6875,-0.0529,0.2674,2,ok
0,1884,-1.115365,-1.640090,0.005176,-0.017590,0.005176,1.723571,0.200004,0.107465,0.107465,0.000000,,0,0,0,1,1,0,-0.009321,-0.009143,0.7292,-0.0299,0.2677,2,ok
0,1885,-1.095365,-1.640092,0.007624,-0.017592,0.007624,1.743570,0.199995,0.029253,0.029253,0.000000,,0,0,0,1,1,0,-0.007638,0.002718,0.7917,-0.0423,0.2670,2,ok
0,1886,-1.071366,-1.640053,0.011216,-0.017553,0.011216,1.767569,0.199988,0.043372,0.043372,0.000000,,0,0,0,1,1,0,-0.007235,0.003063,0.7708,-0.0450,0.2665,2,ok
0,1887,-1.051368,-1.640007,0.016602,-0.017507,0.016602,1.784735,0.199974,0.079785,0.079785,0.000000,,0,0,0,1,1,0,-0.007469,0.008265,0.7500,-0.0253,0.2677,2,ok
0,1888,-1.027373,-1.639816,0.021053,-0.017316,0.021053,1.811563,0.199967,0.051168,0.051168,0.000000,,0,0,0,1,1,0,-0.006488,0.014056,0.7708,-0.0356,0.2674,2,ok
0,1889,-1.003377,-1.639341,0.016570,-0.016841,0.016570,1.834835,0.200013,-0.060633,-0.060633,0.000000,,0,0,0,1,1,0,-0.005078,0.019042,0.7500,-0.0458,0.2659,2,ok
0,1890,-0.983378,-1.638934,-0.004108,-0.016434,-0.004108,1.855557,0.200040,-0.319205,-0.319205,0.000000,C-06,0,0,0,1,1,0,-0.005607,0.017016,0.7500,-0.0342,0.2670,2,ok
0,1891,-0.959380,-1.638521,-0.016418,-0.016021,-0.016418,1.879556,0.199990,-0.134813,-0.134813,0.000000,C-06,0,0,0,1,1,0,-0.006573,-0.001148,0.7083,-0.0455,0.2667,2,ok
0,1892,-0.939382,-1.638808,-0.009908,-0.016308,-0.009908,1.899554,0.200017,0.115707,0.115707,0.000000,C-06,0,0,0,1,1,0,-0.007933,-0.013855,0.6875,-0.0477,0.2671,2,ok
0,1893,-0.915382,-1.639205,0.001557,-0.016705,0.001557,1.923554,0.200027,0.136205,0.136205,0.000000,,0,0,0,1,1,0,-0.008418,-0.018663,0.7500,-0.0444,0.2670,2,ok
0,1894,-0.895382,-1.639337,0.005194,-0.016837,0.005194,1.943553,0.200000,0.045056,0.045056,0.000000,,0,0,0,1,1,0,-0.007509,-0.002436,0.7917,-0.0374,0.2674,2,ok
0,1895,-0.871383,-1.639402,0.009148,-0.016902,0.009148,1.967553,0.199992,0.046885,0.046885,0.000000,,0,0,0,1,1,0,-0.006960,0.002172,0.7917,-0.0380,0.2681,2,ok
0,1896,-0.851384,-1.639411,0.013536,-0.016911,0.013536,1.985035,0.199982,0.063622,0.063622,0.000000,,0,0,0,1,1,0,-0.006817,0.006579,0.7500,-0.0295,0.2675,2,ok
0,1897,-0.827387,-1.639343,0.018923,-0.016843,0.018923,2.011548,0.199968,0.064154,0.064154,0.000000,,0,0,0,1,1,0,-0.006817,0.006579,0.7500,-0.0295,0.2675,2,ok
0,1898,-0.803391,-1.638907,0.014401,-0.016407,0.014401,2.035035,0.200014,-0.061940,-0.061940,0.000000,,0,0,0,1,1,0,-0.005299,0.014697,0.7500,-0.0369,0.2673,2,ok
0,1899,-0.783391,-1.638528,-0.000560,-0.016028,-0.000560,2.055544,0.200036,-0.229790,-0.229790,0.000000,C-06,0,0,0,1,1,0,-0.005305,0.011351,0.7500,-0.0350,0.2675,2,ok
0,1900,-0.759392,-1.638074,-0.015225,-0.015574,-0.015225,2.079543,0.200015,-0.170039,-0.170039,0.000000,,0,0,0,1,1,0,-0.006153,0.003677,0.7083,-0.0381,0.2670,2,ok
0,1901,-0.739394,-1.638291,-0.009117,-0.015791,-0.009117,2.099541,0.200009,0.112864,0.112864,0.000000,C-06,0,0,0,1,1,0,-0.007555,-0.010491,0.6875,-0.0432,0.2681,2,ok
0,1902,-0.715394,-1.638614,0.001133,-0.016114,0.001133,2.123541,0.200018,0.121340,0.121340,0.000000,,0,0,0,1,1,0,-0.007827,-0.017119,0.7292,-0.0419,0.2665,2,ok
0,1903,-0.695394,-1.638709,0.003864,-0.016209,0.003864,2.143541,0.200000,0.032402,0.032402,0.000000,,0,0,0,1,1,0,-0.006932,-0.002279,0.7917,-0.0366,0.2671,2,ok
0,1904,-0.671395,-1.638775,0.007726,-0.016275,0.007726,2.167541,0.199995,0.046456,0.046456,0.000000,,0,0,0,1,1,0,-0.006545,-0.000309,0.7708,-0.0345,0.2673,2,ok
0,1905,-0.651396,-1.638812,0.012170,-0.016312,0.012170,2.185235,0.199986,0.064450,0.064450,0.000000,,0,0,0,1,1,0,-0.006420,0.004101,0.7917,-0.0366,0.2674,2,ok
0,1906,-0.627398,-1.638700,0.015959,-0.016200,0.015959,2.211537,0.199979,0.044010,0.044010,0.000000,,0,0,0,1,1,0,-0.005733,0.007605,0.7500,-0.0321,0.2675,2,ok
0,1907,-0.603401,-1.638357,0.012575,-0.015857,0.012575,2.235335,0.200006,-0.045855,-0.045855,0.000000,,0,0,0,1,1,0,-0.004521,0.015127,0.7500,-0.0486,0.2666,2,ok
0,1908,-0.583401,-1.638062,-0.002927,-0.015562,-0.002927,2.255534,0.200021,-0.238748,-0.238748,0.000000,C-06,0,0,0,1,1,0,-0.004521,0.015127,0.7500,-0.0486,0.2666,2,ok
0,1909,-0.559402,-1.637726,-0.013237,-0.015226,-0.013237,2.279533,0.199996,-0.114666,-0.114666,0.000000,,0,0,0,1,1,0,-0.006023,-0.000911,0.6875,-0.0383,0.2676,2,ok
0,1910,-0.539404,-1.637968,-0.010791,-0.015468,-0.010791,2.299532,0.200006,0.045030,0.045030,0.000000,C-06,0,0,0,1,1,0,-0.006540,-0.008936,0.7083,-0.0460,0.2671,2,ok
0,1911,-0.515404,-1.638293,-0.000794,-0.015793,-0.000794,2.323531,0.200018,0.123981,0.123981,0.000000,,0,0,0,1,1,0,-0.007623,-0.014597,0.7500,-0.0392,0.2669,2,ok
0,1912,-0.495404,-1.638467,0.002825,-0.015967,0.002825,2.343531,0.200004,0.045688,0.045688,0.000000,,0,0,0,1,1,0,-0.006685,-0.010532,0.7708,-0.0514,0.2662,2,ok
0,1913,-0.471405,-1.638604,0.007156,-0.016104,0.007156,2.367531,0.199997,0.051488,0.051488,0.000000,,0,0,0,1,1,0,-0.005821,-0.000940,0.7708,-0.0494,0.2680,2,ok
0,1914,-0.451406,-1.638674,0.012140,-0.016174,0.012140,2.385435,0.199987,0.072104,0.072104,0.000000,,0,0,0,1,1,0,-0.005777,0.002793,0.7500,-0.0400,0.2668,2,ok
0,1915,-0.427408,-1.638602,0.016760,-0.016102,0.016760,2.411527,0.199975,0.054006,0.054006,0.000000,,0,0,0,1,1,0,-0.005967,0.009158,0.7500,-0.0249,0.2677,2,ok
0,1916,-0.403411,-1.638226,0.011187,-0.015726,0.011187,2.435525,0.200013,-0.073578,-0.073578,0.000000,,0,0,0,1,1,0,-0.004672,0.012968,0.7500,-0.0404,0.2676,2,ok
0,1917,-0.383411,-1.637903,-0.008327,-0.015403,-0.008327,2.455524,0.200021,-0.302828,-0.302828,0.000000,C-06,0,0,0,1,1,0,-0.004764,0.011369,0.7500,-0.0435,0.2653,2,ok
0,1918,-0.359413,-1.637794,-0.016362,-0.015294,-0.016362,2.479522,0.199974,-0.080329,-0.080329,0.000000,C-06,0,0,0,1,1,0,-0.006111,-0.003168,0.7083,-0.0460,0.2662,2,ok
0,1919,-0.339415,-1.638105,-0.008949,-0.015605,-0.008949,2.499521,0.200019,0.122934,0.122934,0.000000,C-06,0,0,0,1,1,0,-0.006994,-0.017078,0.6667,-0.0448,0.2655,2,ok
0,1920,-0.315415,-1.638507,0.000752,-0.016007,0.000752,2.523520,0.200028,0.113985,0.113985,0.000000,,0,0,0,1,1,0,-0.007647,-0.016397,0.7292,-0.0413,0.2668,2,ok
0,1921,-0.295415,-1.638589,0.002982,-0.016089,0.002982,2.543520,0.200000,0.024296,0.024296,0.000000,,0,0,0,1,1,0,-0.006816,-0.002322,0.7917,-0.0390,0.2673,2,ok
0,1922,-0.271416,-1.638638,0.006407,-0.016138,0.006407,2.567520,0.199997,0.041596,0.041596,0.000000,,0,0,0,1,1,0,-0.006263,-0.000613,0.7708,-0.0392,0.2671,2,ok
0,1923,-0.251416,-1.638679,0.011277,-0.016179,0.011277,2.585735,0.199988,0.071612,0.071612,0.000000,,0,0,0,1,1,0,-0.006444,0.001800,0.7500,-0.0296,0.2672,2,ok
0,1924,-0.227419,-1.638606,0.015488,-0.016106,0.015488,2.611517,0.199979,0.048692,0.048692,0.000000,,0,0,0,1,1,0,-0.005420,0.006743,0.7708,-0.0452,0.2672,2,ok
0,1925,-0.203421,-1.638267,0.011659,-0.015767,0.011659,2.635515,0.200007,-0.050088,-0.050088,0.000000,,0,0,0,1,1,0,-0.005725,0.014204,0.7292,-0.0099,0.2683,2,ok
0,1926,-0.183421,-1.637977,-0.006715,-0.015477,-0.006715,2.655514,0.200018,-0.285218,-0.285218,0.000000,C-06,0,0,0,1,1,0,-0.004662,0.011243,0.7500,-0.0454,0.2655,2,ok
0,1927,-0.159423,-1.637701,-0.017462,-0.015201,-0.017462,2.679512,0.199976,-0.115980,-0.115980,0.000000,C-06,0,0,0,1,1,0,-0.006447,-0.003993,0.6875,-0.0352,0.2675,2,ok
0,1928,-0.139425,-1.638011,-0.010604,-0.015511,-0.010604,2.699510,0.200018,0.119739,0.119739,0.000000,C-06,0,0,0,1,1,0,-0.006658,-0.013638,0.6875,-0.0529,0.2653,2,ok
0,1929,-0.115426,-1.638430,0.000376,-0.015930,0.000376,2.723510,0.200030,0.130215,0.130215,0.000000,,0,0,0,1,1,0,-0.007893,-0.016245,0.7500,-0.0397,0.2676,2,ok
0,1930,-0.095426,-1.638523,0.002750,-0.016023,0.002750,2.743510,0.200000,0.026210,0.026210,0.000000,,0,0,0,1,1,0,-0.006915,-0.004328,0.7917,-0.0334,0.2661,2,ok
0,1931,-0.071426,-1.638587,0.006548,-0.016087,0.006548,2.767509,0.199997,0.046175,0.046175,0.000000,,0,0,0,1,1,0,-0.006491,-0.000241,0.7708,-0.0360,0.2671,2,ok
0,1932,-0.051427,-1.638641,0.011228,-0.016141,0.011228,2.785935,0.199989,0.068278,0.068278,0.000000,,0,0,0,1,1,0,-0.006144,0.002188,0.7500,-0.0339,0.2687,2,ok
0,1933,-0.027429,-1.638561,0.015244,-0.016061,0.015244,2.811506,0.199980,0.046229,0.046229,0.000000,,0,0,0,1,1,0,-0.005555,0.005774,0.7708,-0.0417,0.2682,2,ok
0,1934,-0.003431,-1.638233,0.011323,-0.015733,0.011323,2.835504,0.200007,-0.052873,-0.052873,0.000000,,0,0,0,1,1,0,-0.005676,0.013461,0.7292,-0.0102,0.2687,2,ok
0,1935,0.016568,-1.637949,-0.007028,-0.015449,-0.007028,2.855504,0.200017,-0.284332,-0.284332,0.000000,C-06,0,0,0,1,1,0,-0.004413,0.012255,0.7500,-0.0510,0.2665,2,ok
0,1936,0.040566,-1.637697,-0.016798,-0.015197,-0.016798,2.879502,0.199977,-0.108341,-0.108341,0.000000,C-06,0,0,0,1,1,0,-0.006187,-0.003818,0.6875,-0.0417,0.2674,2,ok
0,1937,0.060563,-1.638011,-0.016608,-0.015511,-0.016608,2.899499,0.200002,0.011208,0.011208,0.000000,,0,0,0,1,1,0,-0.006187,-0.003818,0.6875,-0.0417,0.2674,2,ok
0,1938,0.084562,-1.638425,-0.004792,-0.015925,-0.004792,2.923497,0.200027,0.149164,0.149164,0.000000,,0,0,0,1,1,0,-0.008187,-0.018676,0.7500,-0.0377,0.2672,2,ok
0,1939,0.104562,-1.638771,0.002663,-0.016271,0.002663,2.943497,0.200029,0.102642,0.102642,0.000000,,0,0,0,1,1,0,-0.007227,-0.008858,0.7917,-0.0437,0.2671,2,ok
0,1940,0.128561,-1.638963,0.008106,-0.016463,0.008106,2.967497,0.199996,0.061570,0.061570,0.000000,,0,0,0,1,1,0,-0.006063,-0.002256,0.7917,-0.0551,0.2669,2,ok
0,1941,0.148560,-1.638991,0.011935,-0.016491,0.011935,2.986235,0.199986,0.054001,0.054001,0.000000,,0,0,0,1,1,0,-0.006131,0.003510,0.7500,-0.0445,0.2670,2,ok
0,1942,0.172558,-1.638877,0.015553,-0.016377,0.015553,3.011494,0.199981,0.042201,0.042201,0.000000,,0,0,0,1,1,0,-0.006124,0.006618,0.7708,-0.0331,0.2674,2,ok
0,1943,0.196556,-1.638546,0.012159,-0.016046,0.012159,3.035491,0.200005,-0.046656,-0.046656,0.000000,,0,0,0,1,1,0,-0.005017,0.011771,0.7500,-0.0393,0.2674,2,ok
0,1944,0.216555,-1.638260,-0.005599,-0.015760,-0.005599,3.055491,0.200018,-0.278304,-0.278304,0.000000,C-06,0,0,0,1,1,0,-0.004817,0.012386,0.7500,-0.0472,0.2659,2,ok
0,1945,0.240551,-1.637918,-0.028850,-0.015418,-0.028850,3.079487,0.199943,-0.276787,-0.276787,0.000000,,0,0,0,1,1,0,-0.005126,0.006292,0.7083,-0.0406,0.2669,2,ok
0,1946,0.260544,-1.638429,-0.022628,-0.015929,-0.022628,3.099479,0.200032,0.127379,0.127379,0.000000,C-06,0,0,0,1,1,0,-0.008693,-0.020450,0.6875,-0.0369,0.2667,2,ok
0,1947,0.284540,-1.639131,-0.009696,-0.016631,-0.009696,3.123476,0.200075,0.155807,0.155807,0.000000,,0,0,0,1,1,0,-0.009109,-0.029279,0.7500,-0.0522,0.2672,2,ok
0,1948,0.304540,-1.639708,-0.001007,-0.017208,-0.001007,3.143476,0.200074,0.121088,0.121088,0.000000,,0,0,0,1,1,0,-0.009212,-0.013739,0.7917,-0.0264,0.2666,2,ok
0,1949,0.328540,-1.639940,0.003402,-0.017440,0.003402,3.167476,0.200003,0.046968,0.046968,0.000000,,0,0,0,1,1,0,-0.009212,-0.013739,0.7917,-0.0264,0.2666,2,ok
0,1950,0.348540,-1.639989,0.005755,-0.017489,0.005755,3.186435,0.199997,0.032302,0.032302,0.000000,,0,0,0,1,1,0,-0.008004,-0.000807,0.7500,-0.0320,0.2667,2,ok
0,1951,0.372539,-1.640011,0.012215,-0.017511,0.012215,3.211474,0.199986,0.079835,0.079835,0.000000,,0,0,0,1,1,0,-0.007736,0.000192,0.7500,-0.0322,0.2674,2,ok
0,1952,0.396537,-1.639781,0.013742,-0.017281,0.013742,3.235472,0.199993,0.013722,0.013722,0.000000,,0,0,0,1,1,0,-0.006542,0.008654,0.7500,-0.0435,0.2664,2,ok
0,1953,0.416536,-1.639561,0.006093,-0.017061,0.006093,3.255471,0.200008,-0.120643,-0.120643,0.000000,,0,0,0,1,1,0,-0.005996,0.009430,0.7500,-0.0494,0.2664,2,ok
0,1954,0.440536,-1.639297,-0.006820,-0.016797,-0.006820,3.279471,0.200008,-0.154323,-0.154323,0.000000,,0,0,0,1,1,0,-0.006670,0.005476,0.6875,-0.0397,0.2670,2,ok
0,1955,0.460535,-1.639414,-0.001227,-0.016914,-0.001227,3.299471,0.200005,0.105025,0.105025,0.000000,C-06,0,0,0,1,1,0,-0.006686,-0.005376,0.6458,-0.0590,0.2648,2,ok
0,1956,0.484535,-1.639596,0.003495,-0.017096,0.003495,3.323471,0.200005,0.053488,0.053488,0.000000,,0,0,0,1,1,0,-0.007630,-0.007343,0.7292,-0.0477,0.2671,2,ok
0,1957,0.504535,-1.639554,0.002176,-0.017054,0.002176,3.343471,0.200000,-0.024315,-0.024315,0.000000,,0,0,0,1,1,0,-0.007432,0.001661,0.8125,-0.0397,0.2667,2,ok
0,1958,0.528535,-1.639487,0.004214,-0.016987,0.004214,3.367470,0.199999,0.027240,0.027240,0.000000,,0,0,0,1,1,0,-0.007435,0.000209,0.7917,-0.0382,0.2671,2,ok
0,1959,0.548535,-1.639430,0.009816,-0.016930,0.009816,3.386635,0.199992,0.084355,0.084355,0.000000,,0,0,0,1,1,0,-0.007518,0.001094,0.7917,-0.0329,0.2681,2,ok
0,1960,0.572533,-1.639363,0.015096,-0.016863,0.015096,3.411468,0.199979,0.061339,0.061339,0.000000,,0,0,0,1,1,0,-0.006384,0.002711,0.7708,-0.0470,0.2665,2,ok
0,1961,0.596530,-1.639036,0.015879,-0.016536,0.015879,3.435465,0.199996,0.007046,0.007046,0.000000,,0,0,0,1,1,0,-0.005260,0.010583,0.7500,-0.0532,0.2657,2,ok
0,1962,0.616529,-1.638747,0.001458,-0.016247,0.001458,3.455464,0.200020,-0.227217,-0.227217,0.000000,C-06,0,0,0,1,1,0,-0.005446,0.013203,0.7500,-0.0352,0.2673,2,ok
0,1963,0.640528,-1.638401,-0.015329,-0.015901,-0.015329,3.479463,0.200000,-0.196760,-0.196760,0.000000,,0,0,0,1,1,0,-0.006075,0.003716,0.6875,-0.0443,0.2667,2,ok
0,1964,0.660525,-1.638628,-0.014016,-0.016128,-0.014016,3.499461,0.199999,0.038379,0.038379,0.000000,C-06,0,0,0,1,1,0,-0.006707,-0.004048,0.7292,-0.0481,0.2673,2,ok
0,1965,0.684524,-1.638955,-0.003911,-0.016455,-0.003911,3.523460,0.200017,0.126270,0.126270,0.000000,,0,0,0,1,1,0,-0.008618,-0.017763,0.7292,-0.0386,0.2655,2,ok
0,1966,0.704524,-1.639219,0.000488,-0.016719,0.000488,3.543460,0.200014,0.057381,0.057381,0.000000,,0,0,0,1,1,0,-0.007700,-0.006745,0.8125,-0.0434,0.2669,2,ok
0,1967,0.728524,-1.639424,0.005016,-0.016924,0.005016,3.567460,0.200002,0.053152,0.053152,0.000000,,0,0,0,1,1,0,-0.007291,-0.002048,0.7708,-0.0425,0.2678,2,ok
0,1968,0.748524,-1.639542,0.010021,-0.017042,0.010021,3.586935,0.199994,0.072618,0.072618,0.000000,,0,0,0,1,1,0,-0.007658,0.002071,0.7500,-0.0209,0.2677,2,ok
0,1969,0.772521,-1.639585,0.015946,-0.017085,0.015946,3.611457,0.199976,0.070215,0.070215,0.000000,,0,0,0,1,1,0,-0.006285,0.005323,0.7708,-0.0487,0.2666,2,ok
0,1970,0.796518,-1.639221,0.015945,-0.016721,0.015945,3.635454,0.200001,-0.005062,-0.005062,0.000000,,0,0,0,1,1,0,-0.005586,0.013971,0.7292,-0.0450,0.2655,2,ok
0,1971,0.816517,-1.638897,0.001024,-0.016397,0.001024,3.655453,0.200026,-0.236200,-0.236200,0.000000,C-06,0,0,0,1,1,0,-0.005661,0.012164,0.7292,-0.0338,0.2673,2,ok
0,1972,0.840516,-1.638509,-0.015132,-0.016009,-0.015132,3.679452,0.200005,-0.188279,-0.188279,0.000000,,0,0,0,1,1,0,-0.006313,0.003311,0.6667,-0.0438,0.2672,2,ok
0,1973,0.860515,-1.638728,-0.009617,-0.016228,-0.009617,3.699450,0.200008,0.105063,0.105063,0.000000,C-06,0,0,0,1,1,0,-0.008022,-0.009283,0.6250,-0.0335,0.2657,2,ok
0,1974,0.884514,-1.639047,0.000446,-0.016547,0.000446,3.723450,0.200018,0.119672,0.119672,0.000000,,0,0,0,1,1,0,-0.008274,-0.014510,0.7083,-0.0384,0.2657,2,ok
0,1975,0.904514,-1.639115,0.002452,-0.016615,0.002452,3.743450,0.200000,0.020356,0.020356,0.000000,,0,0,0,1,1,0,-0.006601,-0.001574,0.7917,-0.0647,0.2666,2,ok
0,1976,0.928514,-1.639158,0.006778,-0.016658,0.006778,3.767449,0.199996,0.053313,0.053313,0.000000,,0,0,0,1,1,0,-0.005641,-0.002036,0.7500,-0.0805,0.2668,2,ok
0,1977,0.948513,-1.639193,0.012593,-0.016693,0.012593,3.787135,0.199985,0.084916,0.084916,0.000000,,0,0,0,1,1,0,-0.006894,0.002420,0.7500,-0.0436,0.2665,2,ok
0,1978,0.972510,-1.639193,0.019410,-0.016693,0.019410,3.811445,0.199967,0.060942,0.060942,0.000000,,0,0,0,1,1,0,-0.005512,0.008863,0.7292,-0.0649,0.2660,2,ok
0,1979,0.996506,-1.638751,0.017470,-0.016251,0.017470,3.835441,0.200006,-0.028567,-0.028567,0.000000,,0,0,0,1,1,0,-0.002088,0.018066,0.6875,-0.1404,0.2693,2,ok
0,1980,1.016504,-1.638369,-0.001646,-0.015869,-0.001646,3.855440,0.200036,-0.302164,-0.302164,0.000000,C-06,0,0,0,1,1,0,-0.002118,0.017271,0.7083,-0.1499,0.2696,2,ok
0,1981,1.040500,-1.637910,-0.031451,-0.015410,-0.031451,3.879436,0.199946,-0.358263,-0.358263,0.000000,,0,0,0,1,1,0,-0.001725,0.014301,0.6875,-0.1670,0.2706,2,ok
0,1982,1.060491,-1.638472,-0.027850,-0.015972,-0.027850,3.899426,0.200027,0.092376,0.092376,0.000000,C-06,0,0,0,1,1,0,-0.001982,-0.019246,0.6458,-0.2599,0.2630,2,ok
0,1983,1.084485,-1.639254,-0.015225,-0.016754,-0.015225,3.923420,0.200081,0.155899,0.155899,0.000000,,0,0,0,1,1,0,-0.006511,-0.030344,0.7083,-0.2239,0.2671,2,ok
0,1984,1.104484,-1.639906,-0.004157,-0.017406,-0.004157,3.943419,0.200104,0.157485,0.157485,0.000000,,0,0,0,1,1,0,-0.006299,-0.014952,0.7500,-0.2476,0.2644,2,ok
0,1985,1.128484,-1.640273,0.001672,-0.017773,0.001672,3.967419,0.200014,0.062185,0.062185,0.000000,,0,0,0,1,1,0,-0.006059,-0.001521,0.7292,-0.2552,0.2644,2,ok
0,1986,1.148484,-1.640469,0.006288,-0.017969,0.006288,3.987419,0.200002,0.065648,0.065648,0.000000,,0,0,0,1,1,0,-0.006142,0.010703,0.7292,-0.2655,0.2634,2,ok
0,1987,1.172482,-1.640641,0.014236,-0.018141,0.014236,4.011418,0.199985,0.096259,0.096259,0.000000,,0,0,0,1,1,0,-0.008002,0.021787,0.7292,-0.2276,0.2637,2,ok
0,1988,1.196480,-1.640339,0.015187,-0.017839,0.015187,4.035415,0.199997,0.005235,0.005235,0.000000,,0,0,0,1,1,0,-0.008478,0.038089,0.7083,-0.2045,0.2656,2,ok
0,1989,1.216478,-1.640056,0.004044,-0.017556,0.004044,4.055414,0.200018,-0.177969,-0.177969,0.000000,C-06,0,0,0,1,1,0,-0.009931,0.045860,0.7292,-0.1630,0.2660,2,ok
0,1990,1.240477,-1.639718,-0.020480,-0.017218,-0.020480,4.079413,0.199983,-0.300219,-0.300219,0.000000,,0,0,0,1,1,0,-0.010793,0.046515,0.6458,-0.1676,0.2625,2,ok
0,1991,1.260473,-1.640088,-0.016209,-0.017588,-0.016209,4.099409,0.200019,0.096907,0.096907,0.000000,C-06,0,0,0,1,1,0,-0.015888,0.037682,0.6042,-0.1156,0.2713,2,ok
0,1992,1.284470,-1.640474,-0.017790,-0.017974,-0.017790,4.123405,0.199993,-0.026226,-0.026226,0.000000,,0,0,0,1,1,0,-0.015545,0.029676,0.6667,-0.1101,0.2723,2,ok
0,1993,1.304466,-1.640788,-0.021140,-0.018288,-0.019082,4.143402,0.199981,-0.049325,-0.049325,0.000000,,0,0,0,1,1,0,-0.014228,0.037079,0.7500,-0.1444,0.2642,2,ok
0,1994,1.328461,-1.641293,-0.019034,-0.018793,-0.016976,4.167397,0.200009,0.030719,0.030719,0.000000,,0,0,0,1,1,0,-0.015338,0.036091,0.7500,-0.1104,0.2681,2,ok
0,1995,1.348459,-1.641721,-0.012818,-0.019221,-0.010761,4.187394,0.200028,0.094232,0.094232,0.000000,,0,0,0,1,1,0,-0.016458,0.041724,0.7083,-0.0752,0.2658,2,ok
0,1996,1.372457,-1.642178,-0.009371,-0.019678,-0.003182,4.211393,0.200022,0.038072,0.038072,0.000000,,0,0,0,1,1,0,-0.014958,0.042979,0.7292,-0.0853,0.2648,2,ok
0,1997,1.396456,-1.642451,-0.012195,-0.019951,-0.006006,4.235391,0.199997,-0.038880,-0.038880,0.000000,,0,0,0,1,1,0,-0.014146,0.056278,0.6875,-0.0617,0.2711,2,ok
0,1998,1.416453,-1.642669,-0.023585,-0.019980,-0.009549,4.255595,0.199959,-0.174893,-0.174893,0.000000,,0,0,0,1,1,0,-0.015382,0.059156,0.7083,-0.0148,0.2672,2,ok
0,1999,1.440437,-1.642931,-0.048366,-0.019995,-0.034330,4.279580,0.199789,-0.308707,-0.308707,0.000000,,0,0,0,1,1,0,-0.015098,0.053122,0.6667,-0.0140,0.2653,2,ok
0,2000,1.460415,-1.643830,-0.042138,-0.020544,-0.018701,4.299781,0.200049,0.131959,0.131959,0.000000,C-06,0,0,0,1,1,0,-0.016739,0.037266,0.6458,0.0074,0.2652,2,ok
0,2001,1.484394,-1.644835,-0.041677,-0.021054,-0.018240,4.323775,0.199998,-0.003480,-0.003480,0.000000,,0,0,0,1,1,0,-0.019177,0.030930,0.6667,0.0533,0.2675,2,ok
0,2002,1.504375,-1.645664,-0.046765,-0.021287,-0.011935,4.344166,0.199956,-0.080055,-0.080055,0.000000,,0,0,0,1,1,0,-0.017020,0.036343,0.7500,0.0604,0.2669,2,ok
0,2003,1.528350,-1.646787,-0.044786,-0.021469,-0.009956,4.368166,0.200021,0.031729,0.031729,0.000000,,0,0,0,1,1,0,-0.014956,0.030421,0.7292,0.0063,0.2632,2,ok
0,2004,1.548332,-1.647730,-0.038560,-0.021584,0.006874,4.388338,0.200071,0.095991,0.095991,0.000000,,0,0,0,1,1,0,-0.014772,0.028575,0.7083,0.0300,0.2645,2,ok
0,2005,1.572316,-1.648838,-0.034313,-0.021564,0.011121,4.412348,0.200079,0.048872,0.048872,0.000000,,0,0,0,1,1,0,-0.011520,0.029078,0.6875,-0.0363,0.2625,2,ok
0,2006,1.596300,-1.649691,-0.039124,-0.021240,0.016727,4.436557,0.199972,-0.064424,-0.064424,0.000000,,0,0,0,1,1,0,-0.011918,0.039144,0.6875,0.0392,0.2648,2,ok
0,2007,1.616278,-1.650392,-0.054853,-0.020803,0.000998,4.456543,0.199832,-0.248975,-0.248975,0.000000,C-06,0,0,0,1,1,0,-0.013743,0.034014,0.6875,0.1140,0.2700,2,ok
0,2008,1.640232,-1.651234,-0.069640,-0.020279,-0.013789,4.480505,0.199648,-0.177202,-0.177202,0.000000,,0,0,0,1,1,0,-0.013929,0.025340,0.6667,0.0852,0.2670,2,ok
0,2009,1.660185,-1.652528,-0.065592,-0.020309,-0.003067,4.500629,0.200019,0.082398,0.082398,0.000000,C-06,0,0,0,1,1,0,-0.013242,0.008713,0.6458,0.0719,0.2659,2,ok
0,2010,1.684136,-1.654142,-0.062773,-0.020405,-0.000249,4.524634,0.200057,0.030751,0.030751,0.000000,,0,0,0,1,1,0,-0.014141,0.003100,0.7083,0.0955,0.2634,2,ok
0,2011,1.704099,-1.655487,-0.058602,-0.020342,0.010184,4.544835,0.200107,0.063721,0.063721,0.000000,,0,0,0,1,1,0,-0.016125,0.005263,0.7708,0.1691,0.2682,2,ok
0,2012,1.728061,-1.657088,-0.054097,-0.020197,0.014689,4.568850,0.200130,0.054550,0.054550,0.000000,,0,0,0,1,1,0,-0.013978,0.011770,0.7500,0.1561,0.2644,2,ok
0,2013,1.748034,-1.658383,-0.048601,-0.020038,0.024392,4.588862,0.200180,0.082627,0.082627,0.000000,,0,0,0,1,1,0,-0.014589,0.016761,0.7500,0.2059,0.2659,2,ok
0,2014,1.772008,-1.659730,-0.044692,-0.019643,0.028301,4.612870,0.200091,0.045287,0.045287,0.000000,,0,0,0,1,1,0,-0.012987,0.017346,0.7500,0.2063,0.2660,2,ok
0,2015,1.795980,-1.660827,-0.052078,-0.018953,0.023821,4.636967,0.199938,-0.099811,-0.099811,0.000000,,0,0,0,1,1,0,-0.011175,0.014710,0.7083,0.2213,0.2673,2,ok
0,2016,1.815944,-1.661732,-0.068681,-0.018293,0.007219,4.656941,0.199747,-0.258866,-0.258866,0.000000,C-06,0,0,0,1,1,0,-0.010691,0.008116,0.7083,0.2209,0.2680,2,ok
0,2017,1.839883,-1.663221,-0.073166,-0.017904,0.002734,4.678732,0.199885,-0.042600,-0.042600,0.000000,C-06,0,0,0,1,1,0,-0.010523,-0.013137,0.6875,0.2113,0.2670,2,ok
0,2018,1.859834,-1.664670,-0.066476,-0.017795,0.010350,4.700920,0.200085,0.110300,0.110300,0.000000,C-06,0,0,0,1,1,0,-0.010922,-0.025387,0.6667,0.2171,0.2664,2,ok
0,2019,1.883784,-1.666416,-0.062129,-0.017670,0.014697,4.724934,0.200131,0.049330,0.049330,0.000000,,0,0,0,1,1,0,-0.011726,-0.023014,0.7083,0.2564,0.2679,2,ok
0,2020,1.903750,-1.667851,-0.055649,-0.017547,0.020919,4.744947,0.200201,0.098384,0.098384,0.000000,,0,0,0,1,1,0,-0.010656,-0.020415,0.7500,0.2571,0.2656,2,ok
0,2021,1.927717,-1.669500,-0.048822,-0.017328,0.027745,4.768970,0.200191,0.082453,0.082453,0.000000,,0,0,0,1,1,0,-0.007361,-0.025521,0.7708,0.2200,0.2650,2,ok
0,2022,1.947694,-1.670620,-0.045853,-0.016895,0.028445,4.788967,0.200083,0.040787,0.040787,0.000000,,0,0,0,1,1,0,-0.006451,-0.022890,0.7292,0.2181,0.2658,2,ok
0,2023,1.971669,-1.671733,-0.045540,-0.016152,0.028757,4.812956,0.200003,0.001848,0.001848,0.000000,,0,0,0,1,1,0,-0.005834,-0.025490,0.7083,0.2248,0.2635,2,ok
0,2024,1.995638,-1.672834,-0.057676,-0.015442,0.013164,4.836844,0.199885,-0.161959,-0.161959,0.000000,C-06,0,0,0,1,1,0,-0.009052,-0.029654,0.6875,0.3641,0.2722,2,ok
0,2025,2.015601,-1.673752,-0.064281,-0.014936,0.006559,4.856822,0.199802,-0.092245,-0.092245,0.000000,,0,0,0,1,1,0,-0.011829,-0.038204,0.7083,0.4090,0.2692,2,ok
0,2026,2.039558,-1.675250,-0.052893,-0.014723,0.017947,4.879916,0.200115,0.155489,0.155489,0.000000,C-06,0,0,0,1,1,0,-0.012484,-0.050701,0.6667,0.4161,0.2670,2,ok
0,2027,2.059535,-1.676515,-0.043778,-0.014652,0.022092,4.900778,0.200204,0.131073,0.131073,0.000000,,0,0,0,1,1,0,-0.013753,-0.057924,0.6458,0.4921,0.2713,2,ok
0,2028,2.083515,-1.677765,-0.039223,-0.014294,0.026647,4.924787,0.200090,0.049699,0.049699,0.000000,,0,0,0,1,1,0,-0.011326,-0.053342,0.6875,0.4703,0.2718,2,ok
0,2029,2.103501,-1.678747,-0.034115,-0.014025,0.024818,4.944707,0.200123,0.075802,0.075802,0.000000,,0,0,0,1,1,0,-0.010988,-0.052101,0.7292,0.5298,0.2659,2,ok
0,2030,2.127490,-1.679881,-0.027398,-0.013702,0.031535,4.968720,0.200121,0.081051,0.081051,0.000000,,0,0,0,1,1,0,-0.010660,-0.054997,0.7500,0.5492,0.2673,2,ok
0,2031,2.147484,-1.680721,-0.021499,-0.013379,0.028985,4.988625,0.200108,0.084999,0.084999,0.000000,,0,0,0,1,1,0,-0.008711,-0.057955,0.7500,0.5342,0.2651,2,ok
0,2032,2.171480,-1.681618,-0.013294,-0.013004,0.037190,5.012635,0.200099,0.098640,0.098640,0.000000,,0,0,0,1,1,0,-0.010018,-0.058320,0.7500,0.6229,0.2712,2,ok
0,2033,2.195479,-1.682406,-0.002708,-0.012559,0.037852,5.036513,0.200089,0.126690,0.126690,0.000000,,0,0,0,1,1,0,-0.006422,-0.069333,0.6875,0.5578,0.2686,2,ok
0,2034,2.215479,-1.682606,0.000284,-0.011905,0.040843,5.056504,0.200006,0.035822,0.035822,0.000000,,0,0,0,1,1,0,-0.008244,-0.065544,0.7083,0.6697,0.2662,2,ok
0,2035,2.239479,-1.682705,0.002499,-0.010979,0.043058,5.080486,0.200000,0.025496,0.025496,0.000000,,0,0,0,1,1,0,-0.005418,-0.078922,0.6667,0.6535,0.2691,2,ok
0,2036,2.259479,-1.682760,0.006865,-0.010400,0.034901,5.100330,0.199996,0.065593,0.065593,0.000000,,0,0,0,1,1,0,-0.004408,-0.082650,0.6458,0.6496,0.2666,2,ok
0,2037,2.283476,-1.682826,0.022089,-0.009769,0.050125,5.124319,0.199955,0.188819,0.188819,0.000000,,0,0,0,1,1,0,-0.005702,-0.106575,0.6875,0.7292,0.2681,2,ok
0,2038,2.303469,-1.682763,0.030267,-0.009222,0.043530,5.144194,0.199916,0.111351,0.111351,0.000000,,0,0,0,1,1,0,-0.003977,-0.105127,0.7292,0.7271,0.2640,2,ok
0,2039,2.327449,-1.682579,0.051498,-0.008622,0.064761,5.168167,0.199751,0.266136,0.266136,0.000000,C-06,0,0,0,1,1,0,-0.002857,-0.102282,0.7708,0.7759,0.2651,2,ok
0,2040,2.347414,-1.682275,0.066757,-0.007971,0.080020,5.187872,0.199615,0.220645,0.220645,0.000000,,0,0,0,1,1,0,0.001228,-0.096151,0.7917,0.7300,0.2658,2,ok
0,2041,2.371349,-1.681258,0.079498,-0.007004,0.075549,5.211908,0.199618,0.153486,0.153486,0.000000,,0,0,0,1,1,0,0.001742,-0.089564,0.7708,0.7780,0.2644,2,ok
0,2042,2.395268,-1.679578,0.084534,-0.005370,0.080585,5.235830,0.199827,0.056859,0.056859,0.000000,,0,0,0,1,1,0,0.017863,-0.099707,0.7083,0.3699,0.2382,2,ok
0,2043,2.415203,-1.677901,0.076098,-0.004025,0.052849,5.255694,0.200130,-0.143023,-0.143023,0.000000,C-06,0,0,0,1,1,0,0.008148,-0.110045,0.7500,0.7253,0.2653,2,ok
0,2044,2.439124,-1.676005,0.087472,-0.002630,0.064222,5.279649,0.199866,0.160815,0.160815,0.000000,C-06,0,0,0,1,1,0,0.007707,-0.129804,0.6875,0.7603,0.2647,2,ok
0,2045,2.459022,-1.674432,0.116612,-0.001622,0.069777,5.299541,0.199304,0.481544,0.481544,0.000000,C-06,0,0,0,1,1,0,0.010721,-0.144543,0.6875,0.7152,0.2662,2,ok
0,2046,2.482815,-1.672542,0.145131,-0.000765,0.098296,5.323394,0.198577,0.357157,0.357157,0.000000,,0,0,0,1,1,0,0.012648,-0.152630,0.6667,0.7202,0.2636,2,ok
0,2047,2.502586,-1.670183,0.157090,0.000734,0.110255,5.343249,0.199139,0.175042,0.175042,0.000000,C-06,0,0,0,1,1,0,0.018751,-0.133207,0.7083,0.6776,0.2631,2,ok
0,2048,2.526305,-1.666520,0.148221,0.002854,0.076033,5.367179,0.200171,-0.130707,-0.130707,0.000000,C-06,0,0,0,1,1,0,0.021480,-0.131848,0.7708,0.6494,0.2677,2,ok
0,2049,2.546081,-1.663569,0.151656,0.004467,0.079468,5.387109,0.199893,0.064028,0.064028,0.000000,C-06,0,0,0,1,1,0,0.020187,-0.144014,0.7500,0.6751,0.2648,2,ok
0,2050,2.569774,-1.660034,0.169533,0.006007,0.066881,5.411192,0.199350,0.250128,0.250128,0.000000,C-06,0,0,0,1,1,0,0.020195,-0.160661,0.7292,0.6747,0.2671,2,ok
0,2051,2.593390,-1.656500,0.189058,0.007152,0.086407,5.435043,0.198665,0.258883,0.258883,0.000000,,0,0,0,1,1,0,0.023513,-0.168878,0.7083,0.6000,0.2661,2,ok
0,2052,2.613022,-1.652958,0.194332,0.008705,0.091680,5.453126,0.199576,0.068850,0.068850,0.000000,C-06,0,0,0,1,1,0,0.023378,-0.168859,0.7500,0.6198,0.2640,2,ok
0,2053,2.636584,-1.648337,0.187364,0.010210,0.051292,5.479135,0.200253,-0.105740,-0.105740,0.000000,C-06,0,0,0,1,1,0,0.023672,-0.171627,0.6875,0.6131,0.2643,2,ok
0,2054,2.656205,-1.644552,0.204956,0.011446,0.068885,5.499080,0.199470,0.329518,0.329518,0.000000,C-06,0,0,0,1,1,0,0.022115,-0.187420,0.6667,0.6389,0.2635,2,ok
0,2055,2.679593,-1.640018,0.249226,0.012253,0.073928,5.523418,0.197570,0.632245,0.632245,0.000000,C-06,0,0,0,1,1,0,0.020547,-0.193304,0.6458,0.6364,0.2615,2,ok
0,2056,2.698859,-1.636240,0.294591,0.012654,0.119293,5.543047,0.195220,0.776381,0.776381,0.000000,,0,0,0,1,1,0,0.026809,-0.172507,0.7083,0.5692,0.2594,2,ok
0,2057,2.721789,-1.629467,0.301255,0.015214,0.084477,5.567371,0.199694,0.038915,0.038915,0.000000,C-06,0,0,0,1,1,0,0.029284,-0.132343,0.7083,0.5843,0.2591,2,ok
0,2058,2.740870,-1.623629,0.308162,0.016937,0.091384,5.587250,0.199345,0.126457,0.126457,0.000000,,0,0,0,1,1,0,0.029586,-0.127684,0.7500,0.6170,0.2623,2,ok
0,2059,2.763725,-1.616456,0.311597,0.019178,0.094819,5.611100,0.199647,0.044486,0.044486,0.000000,,0,0,0,1,1,0,0.031011,-0.132955,0.7500,0.5860,0.2640,2,ok
0,2060,2.786604,-1.609115,0.301146,0.020660,0.041320,5.636129,0.200545,-0.163576,-0.163576,0.000000,C-06,0,0,0,1,1,0,0.031490,-0.143702,0.7500,0.5777,0.2639,2,ok
0,2061,2.805707,-1.603173,0.300925,0.021420,0.041098,5.656120,0.200001,0.008306,0.008306,0.000000,C-06,0,0,0,1,1,0,0.031573,-0.170498,0.7083,0.5394,0.2632,2,ok
0,2062,2.828644,-1.596059,0.296142,0.022035,-0.004946,5.681103,0.200257,-0.073471,-0.073471,0.000000,,0,0,0,1,1,0,0.029368,-0.185956,0.7292,0.5600,0.2640,2,ok
0,2063,2.847742,-1.590220,0.307457,0.021810,0.006369,5.701073,0.199392,0.208634,0.208634,0.000000,C-06,0,0,0,1,1,0,0.027706,-0.200117,0.6875,0.5633,0.2639,2,ok
0,2064,2.870459,-1.582981,0.352873,0.021822,0.051785,5.724916,0.197322,0.719170,0.719170,0.000000,C-06,0,0,0,1,1,0,0.025737,-0.206502,0.6875,0.5902,0.2605,2,ok
0,2065,2.889065,-1.576935,0.398876,0.021390,0.057403,5.745256,0.194149,0.837435,0.837435,0.000000,,0,0,0,1,1,0,0.030308,-0.189509,0.6667,0.5175,0.2601,2,ok
0,2066,2.911123,-1.567830,0.408110,0.022524,0.066637,5.769093,0.199285,0.090522,0.090522,0.000000,C-06,0,0,0,1,1,0,0.033297,-0.153086,0.7083,0.5249,0.2635,2,ok
0,2067,2.929455,-1.560058,0.414739,0.023459,0.037230,5.789810,0.199031,0.123802,0.123802,0.000000,,0,0,0,1,1,0,0.034353,-0.145403,0.7500,0.5308,0.2679,2,ok
0,2068,2.951328,-1.550490,0.434603,0.024244,0.057094,5.813671,0.198269,0.320524,0.320524,0.000000,C-06,0,0,0,1,1,0,0.034869,-0.149113,0.7708,0.5038,0.2641,2,ok
0,2069,2.973103,-1.540392,0.431833,0.025558,0.054324,5.837639,0.200290,-0.066832,-0.066832,0.000000,C-06,0,0,0,1,1,0,0.035572,-0.139638,0.7917,0.5116,0.2684,2,ok
0,2070,2.991294,-1.531948,0.425107,0.026000,0.013804,5.858530,0.200783,-0.129607,-0.129607,0.000000,,0,0,0,1,1,0,0.035033,-0.148651,0.7708,0.5104,0.2661,2,ok
0,2071,3.013171,-1.522000,0.422764,0.026345,0.011461,5.882560,0.200239,-0.030316,-0.030316,0.000000,,0,0,0,1,1,0,0.032395,-0.174010,0.7083,0.5423,0.2646,2,ok
0,2072,3.031437,-1.513792,0.415508,0.026203,-0.028544,5.903413,0.200496,-0.145214,-0.145214,0.000000,,0,0,0,1,1,0,0.030698,-0.188357,0.7500,0.5518,0.2647,2,ok
0,2073,3.053412,-1.504043,0.412460,0.025572,-0.031592,5.927444,0.200316,-0.039643,-0.039643,0.000000,,0,0,0,1,1,0,0.029529,-0.196116,0.7292,0.5650,0.2631,2,ok
0,2074,3.071617,-1.495960,0.444545,0.025056,0.000493,5.946166,0.197975,0.658072,0.658072,0.000000,C-06,0,0,0,1,1,0,0.021408,-0.224698,0.6667,0.6327,0.2634,2,ok
0,2075,3.092988,-1.486239,0.501536,0.023828,0.025487,5.971635,0.194045,0.931217,0.931217,0.000000,C-06,0,0,0,1,1,0,0.020924,-0.205141,0.7083,0.6601,0.2659,2,ok
0,2076,3.110359,-1.477164,0.534224,0.023916,0.058175,5.991234,0.196392,0.615341,0.615341,0.000000,C-06,0,0,0,1,1,0,0.025253,-0.170397,0.7083,0.6397,0.2648,2,ok
0,2077,3.131019,-1.464977,0.530508,0.024780,0.023366,6.015951,0.200426,-0.115764,-0.115764,0.000000,C-06,0,0,0,1,1,0,0.029076,-0.139831,0.7917,0.6267,0.2658,2,ok
0,2078,3.151733,-1.452818,0.528793,0.025336,0.021652,6.039964,0.200135,-0.022054,-0.022054,0.000000,,0,0,0,1,1,0,0.031831,-0.150025,0.7708,0.5700,0.2647,2,ok
0,2079,3.169032,-1.442727,0.522047,0.025537,-0.016105,6.060803,0.200542,-0.143565,-0.143565,0.000000,,0,0,0,1,1,0,0.031444,-0.164253,0.7708,0.5571,0.2616,2,ok
0,2080,3.189785,-1.430703,0.531701,0.025194,-0.006451,6.084784,0.199415,0.179062,0.179062,0.000000,C-06,0,0,0,1,1,0,0.039898,-0.181215,0.7292,0.2371,0.2469,2,ok
0,2081,3.206987,-1.420657,0.538794,0.024977,0.000643,6.104704,0.199194,0.137869,0.137869,0.000000,,0,0,0,1,1,0,0.030084,-0.190315,0.7500,0.5292,0.2661,2,ok
0,2082,3.227451,-1.408420,0.561620,0.024359,-0.006627,6.129248,0.197923,0.397579,0.397579,0.000000,C-06,0,0,0,1,1,0,0.028573,-0.193335,0.7292,0.5434,0.2628,2,ok
0,2083,3.244296,-1.397930,0.576886,0.024142,0.008639,6.149091,0.198535,0.305045,0.305045,0.000000,,0,0,0,1,1,0,0.028096,-0.192068,0.6875,0.5506,0.2624,2,ok
0,2084,3.264186,-1.384880,0.611982,0.024077,0.014102,6.173629,0.197704,0.622040,0.622040,0.000000,C-06,0,0,0,1,1,0,0.031590,-0.201876,0.6875,0.4955,0.2649,2,ok
0,2085,3.280351,-1.373456,0.647761,0.024402,0.049880,6.193422,0.198147,0.768972,0.768972,0.000000,,0,0,0,1,1,0,0.032921,-0.194981,0.6875,0.4782,0.2638,2,ok
0,2086,3.299416,-1.358942,0.655659,0.025644,0.057778,6.215085,0.199800,0.097928,0.097928,0.000000,C-06,0,0,0,1,1,0,0.036126,-0.160094,0.7083,0.4818,0.2658,2,ok
0,2087,3.318393,-1.344293,0.662065,0.026287,0.035141,6.242045,0.199791,0.116932,0.116932,0.000000,,0,0,0,1,1,0,0.036249,-0.146892,0.7708,0.5085,0.2672,2,ok
0,2088,3.334183,-1.332004,0.658855,0.026965,0.031932,6.262042,0.200159,-0.083820,-0.083820,0.000000,C-06,0,0,0,1,1,0,0.035179,-0.146958,0.7292,0.5316,0.2683,2,ok
0,2089,3.353187,-1.317321,0.655141,0.027188,-0.000782,6.286826,0.200135,-0.065938,-0.065938,0.000000,,0,0,0,1,1,0,0.033149,-0.153628,0.7500,0.5574,0.2662,2,ok
0,2090,3.369054,-1.305137,0.654186,0.027169,-0.001737,6.306830,0.200034,-0.016685,-0.016685,0.000000,,0,0,0,1,1,0,0.031027,-0.168651,0.7292,0.5717,0.2643,2,ok
0,2091,3.388129,-1.290545,0.649720,0.026841,-0.034825,6.331625,0.200193,-0.085468,-0.085468,0.000000,,0,0,0,1,1,0,0.028626,-0.186129,0.7292,0.6072,0.2640,2,ok
0,2092,3.404015,-1.278434,0.657030,0.026176,-0.027515,6.351590,0.199648,0.176453,0.176453,0.000000,C-06,0,0,0,1,1,0,0.025538,-0.204855,0.7083,0.6369,0.2627,2,ok
0,2093,3.422671,-1.263452,0.706460,0.025983,0.021915,6.375517,0.200079,0.959450,0.959450,0.000000,C-06,0,0,0,1,1,0,0.023746,-0.213302,0.6667,0.6573,0.2621,2,ok
0,2094,3.437794,-1.250132,0.752253,0.026162,0.038225,6.396401,0.202166,1.000000,1.000000,0.000000,,0,0,0,1,1,0,0.026917,-0.197651,0.6875,0.6370,0.2601,2,ok
0,2095,3.455240,-1.233594,0.764922,0.027263,0.050893,6.420414,0.200196,0.158130,0.158130,0.000000,C-06,0,0,0,1,1,0,0.030882,-0.163831,0.6875,0.6417,0.2604,2,ok
0,2096,3.472530,-1.216935,0.769210,0.028107,0.026617,6.445213,0.200067,0.069050,0.069050,0.000000,,0,0,0,1,1,0,0.033795,-0.143830,0.7917,0.6530,0.2644,2,ok
0,2097,3.486880,-1.202993,0.773715,0.028688,0.031122,6.465212,0.200067,0.096303,0.096303,0.000000,,0,0,0,1,1,0,0.033963,-0.151018,0.7917,0.6592,0.2636,2,ok
0,2098,3.504050,-1.186226,0.772867,0.029227,0.001462,6.490164,0.199984,-0.021650,-0.021650,0.000000,,0,0,0,1,1,0,0.034011,-0.157453,0.7708,0.6680,0.2614,2,ok
0,2099,3.518370,-1.172265,0.772437,0.029184,0.001032,6.510164,0.199994,-0.007875,-0.007875,0.000000,,0,0,0,1,1,0,0.032457,-0.166717,0.7708,0.7032,0.2663,2,ok
0,2100,3.535597,-1.155574,0.765262,0.029058,-0.006143,6.534150,0.199846,-0.131539,-0.131539,0.000000,,0,0,0,1,1,0,0.030118,-0.187943,0.7292,0.7583,0.2647,2,ok
0,2101,3.550035,-1.141753,0.760729,0.028408,-0.040695,6.554816,0.199866,-0.092347,-0.092347,0.000000,,0,0,0,1,1,0,0.029060,-0.213661,0.7083,0.7274,0.2626,2,ok
0,2102,3.567336,-1.125081,0.776926,0.027646,-0.024498,6.578831,0.200169,0.310782,0.310782,0.000000,C-06,0,0,0,1,1,0,0.023585,-0.229532,0.6667,0.8306,0.2626,2,ok
0,2103,3.581370,-1.110886,0.811345,0.027221,-0.019512,6.599615,0.198929,0.750731,0.750731,0.000000,C-06,0,0,0,1,1,0,0.026512,-0.247863,0.6875,0.7599,0.2566,2,ok
0,2104,3.597737,-1.093431,0.827625,0.026954,-0.003232,6.623542,0.199367,0.253267,0.253267,0.000000,C-06,0,0,0,1,1,0,0.026143,-0.232433,0.6875,0.7965,0.2622,2,ok
0,2105,3.613764,-1.075681,0.852182,0.027000,-0.008869,6.648383,0.199511,0.458971,0.458971,0.000000,C-06,0,0,0,1,1,0,0.033420,-0.217443,0.8125,0.6453,0.2546,2,ok
0,2106,3.626850,-1.060577,0.862102,0.026878,0.001051,6.668368,0.199920,0.198311,0.198311,0.000000,C-06,0,0,0,1,1,0,0.034915,-0.207718,0.7917,0.6342,0.2606,2,ok
0,2107,3.642377,-1.042277,0.872647,0.026980,0.011596,6.692366,0.200037,0.195975,0.195975,0.000000,,0,0,0,1,1,0,0.034703,-0.210201,0.7708,0.6610,0.2615,2,ok
0,2108,3.655170,-1.026891,0.883047,0.026872,-0.009506,6.713082,0.200152,0.233259,0.233259,0.000000,,0,0,0,1,1,0,0.030961,-0.210623,0.7292,0.7605,0.2625,2,ok
0,2109,3.670309,-1.008221,0.900211,0.026881,0.007658,6.737119,0.200444,0.319620,0.319620,0.000000,,0,0,0,1,1,0,0.046506,-0.230860,0.7292,0.2705,0.2407,2,ok
0,2110,3.682713,-0.992457,0.915794,0.026965,-0.009097,6.758169,0.200692,0.340232,0.340232,0.000000,,0,0,0,1,1,0,0.035087,-0.240490,0.7292,0.6234,0.2583,2,ok
0,2111,3.697314,-0.973330,0.928302,0.026796,0.003412,6.782231,0.200548,0.215665,0.215665,0.000000,,0,0,0,1,1,0,0.034750,-0.238659,0.7083,0.6360,0.2592,2,ok
0,2112,3.709316,-0.957261,0.937928,0.026865,0.013038,6.802287,0.200595,0.204539,0.204539,0.000000,,0,0,0,1,1,0,0.036617,-0.241379,0.7083,0.5733,0.2621,2,ok
0,2113,3.723541,-0.937741,0.962787,0.026595,0.004417,6.827254,0.201706,0.447893,0.447893,0.000000,C-06,0,0,0,1,1,0,0.034604,-0.248712,0.6667,0.5844,0.2561,2,ok
0,2114,3.737356,-0.917813,0.997758,0.026801,0.039388,6.851501,0.203045,0.612476,0.612476,0.000000,C-06,0,0,0,1,1,0,0.037458,-0.236157,0.7500,0.4966,0.2502,2,ok
0,2115,3.748429,-0.900896,1.018098,0.027090,0.021916,6.872644,0.202189,0.393863,0.393863,0.000000,C-06,0,0,0,1,1,0,0.038524,-0.219278,0.8125,0.4743,0.2575,2,ok
0,2116,3.761182,-0.880383,1.031518,0.027673,0.035335,6.896792,0.201257,0.213231,0.213231,0.000000,C-06,0,0,0,1,1,0,0.040780,-0.203697,0.8333,0.4524,0.2609,2,ok
0,2117,3.771623,-0.863164,1.042954,0.028262,0.007591,6.918048,0.201415,0.228736,0.228736,0.000000,,0,0,0,1,1,0,0.037162,-0.199888,0.7500,0.5294,0.2609,2,ok
0,2118,3.783727,-0.842426,1.043006,0.028552,0.007643,6.942057,0.200012,-0.009142,-0.009142,0.000000,C-06,0,0,0,1,1,0,0.036764,-0.203230,0.7500,0.5284,0.2616,2,ok
0,2119,3.793800,-0.825082,1.057478,0.028838,0.022115,6.962112,0.201174,0.309913,0.309913,0.000000,C-06,0,0,0,1,1,0,0.036055,-0.223906,0.7500,0.4774,0.2591,2,ok
0,2120,3.805756,-0.804009,1.087204,0.028605,0.010505,6.987722,0.203037,0.490857,0.490857,0.000000,C-06,0,0,0,1,1,0,0.035042,-0.222838,0.7500,0.4805,0.2625,2,ok
0,2121,3.815411,-0.786221,1.104323,0.028510,0.027625,7.007961,0.202351,0.314385,0.314385,0.000000,C-06,0,0,0,1,1,0,0.036281,-0.207915,0.7292,0.4535,0.2583,2,ok
0,2122,3.826702,-0.764660,1.128571,0.028434,0.010795,7.033543,0.203044,0.385991,0.385991,0.000000,,0,0,0,1,1,0,0.037031,-0.199007,0.6875,0.4232,0.2652,2,ok
0,2123,3.837090,-0.742685,1.190667,0.028616,0.072892,7.057849,0.204586,1.000000,1.000000,0.000000,C-06,0,0,0,1,1,0,0.037863,-0.190518,0.7708,0.4046,0.2626,2,ok
0,2124,3.845190,-0.724015,1.215319,0.029424,0.097543,7.078184,0.203366,0.390991,0.390991,0.000000,C-06,0,0,0,1,1,0,0.041653,-0.151446,0.7917,0.4041,0.2650,2,ok
0,2125,3.853710,-0.701486,1.221168,0.030622,0.063989,7.103455,0.200547,0.066474,0.066474,0.000000,C-06,0,0,0,1,1,0,0.045537,-0.122634,0.7917,0.3653,0.2670,3,ok
0,2126,3.860577,-0.682710,1.216230,0.031769,0.059050,7.123413,0.199712,-0.101655,-0.101655,0.000000,C-06,0,0,0,1,1,0,0.045486,-0.120370,0.7708,0.3802,0.2678,2,ok
0,2127,3.868803,-0.660224,1.211266,0.032730,0.016987,7.148405,0.199418,-0.072225,-0.072225,0.000000,,0,0,0,1,1,0,0.045345,-0.120849,0.7917,0.3798,0.2671,2,ok
0,2128,3.875833,-0.641504,1.211260,0.033045,0.016982,7.168399,0.200017,0.005360,0.005360,0.000000,,0,0,0,1,1,0,0.041888,-0.156860,0.7708,0.4021,0.2644,2,ok
0,2129,3.884284,-0.619033,1.212550,0.033303,-0.015371,7.193458,0.200099,0.020099,0.020099,0.000000,,0,0,0,1,1,0,0.040942,-0.170339,0.7500,0.3951,0.2622,2,ok
0,2130,3.891299,-0.600392,1.184468,0.032973,-0.043453,7.213373,0.198211,-0.561659,-0.561659,0.000000,C-06,0,0,0,1,1,0,0.039558,-0.176741,0.7292,0.3934,0.2639,2,ok
0,2131,3.900031,-0.578230,1.170697,0.032213,-0.057224,7.237181,0.198547,-0.184871,-0.184871,0.000000,C-06,0,0,0,1,1,0,0.036549,-0.203727,0.7083,0.3929,0.2620,2,ok
0,2132,3.909319,-0.555990,1.204677,0.030292,-0.054126,7.262362,0.202129,0.571461,0.571461,0.000000,C-06,0,0,0,1,1,0,0.027459,-0.239807,0.7292,0.4450,0.2621,2,ok
0,2133,3.917084,-0.537220,1.232156,0.028564,-0.026647,7.282601,0.203905,0.479940,0.479940,0.000000,,0,0,0,1,1,0,0.027961,-0.225452,0.7500,0.4381,0.2592,2,ok
0,2134,3.926302,-0.514422,1.275487,0.026406,-0.013240,7.307815,0.205682,0.636452,0.636452,0.000000,C-06,0,0,0,1,1,0,0.029748,-0.204011,0.8125,0.3980,0.2615,2,ok
0,2135,3.933190,-0.495206,1.303839,0.025114,0.015113,7.328187,0.203914,0.462135,0.462135,0.000000,C-06,0,0,0,1,1,0,0.031690,-0.179305,0.7917,0.3662,0.2601,2,ok
0,2136,3.939741,-0.472030,1.310283,0.025244,0.021557,7.350842,0.200470,0.061674,0.061674,0.000000,C-06,0,0,0,1,1,0,0.028546,-0.149319,0.7500,0.4721,0.2634,2,ok
0,2137,3.945064,-0.452693,1.315138,0.024894,-0.001973,7.373012,0.200628,0.082516,0.082516,0.000000,,0,0,0,1,1,0,0.030348,-0.134815,0.7708,0.4260,0.2650,2,ok
0,2138,3.951146,-0.429483,1.311354,0.024831,-0.005758,7.397006,0.199814,-0.061445,-0.061445,0.000000,,0,0,0,1,1,0,0.028704,-0.152181,0.7292,0.4632,0.2698,2,ok
0,2139,3.956270,-0.410136,1.318820,0.024355,-0.024076,7.417712,0.200338,0.140387,0.140387,0.000000,C-06,0,0,0,1,1,0,0.027762,-0.166289,0.7708,0.4629,0.2713,2,ok
0,2140,3.962254,-0.386790,1.359005,0.023740,0.016109,7.441804,0.201684,0.598120,0.598120,0.000000,C-06,0,0,0,1,1,0,0.026243,-0.174241,0.7083,0.4752,0.2657,2,ok
0,2141,3.968227,-0.363209,1.410794,0.022975,0.042282,7.466676,0.203547,0.695179,0.695179,0.000000,,0,0,0,1,1,0,0.028362,-0.159583,0.6458,0.4929,0.2689,2,ok
0,2142,3.972238,-0.343432,1.430334,0.023002,0.061823,7.486856,0.201598,0.272031,0.272031,0.000000,C-06,0,0,0,1,1,0,0.031251,-0.123102,0.6875,0.4994,0.2715,2,ok
0,2143,3.976048,-0.319651,1.440763,0.024028,0.072251,7.510469,0.200642,0.125393,0.125393,0.000000,,0,0,0,1,1,0,0.032870,-0.102408,0.7708,0.5127,0.2672,2,ok
0,2144,3.978715,-0.299823,1.437405,0.024900,0.043982,7.531465,0.199973,-0.068384,-0.068384,0.000000,C-06,0,0,0,1,1,0,0.033228,-0.094133,0.8333,0.5137,0.2651,3,ok
0,2145,3.981877,-0.276039,1.435219,0.026003,0.041797,7.555432,0.199911,-0.026735,-0.026735,0.000000,,0,0,0,1,1,0,0.036379,-0.096372,0.8125,0.4561,0.2641,3,ok
0,2146,3.984543,-0.256224,1.434353,0.026580,0.017064,7.576085,0.199941,-0.012242,-0.012242,0.000000,,0,0,0,1,1,0,0.031615,-0.116554,0.7917,0.5827,0.2646,2,ok
0,2147,3.987806,-0.232432,1.444661,0.026977,0.027373,7.600096,0.200256,0.143815,0.143815,0.000000,C-06,0,0,0,1,1,0,0.033311,-0.130654,0.8125,0.5253,0.2634,2,ok
0,2148,3.990361,-0.212619,1.420034,0.027380,-0.021387,7.620719,0.199404,-0.450120,-0.450120,0.000000,C-06,0,0,0,1,1,0,0.032926,-0.136266,0.7708,0.5495,0.2679,2,ok
0,2149,3.993410,-0.188998,1.364276,0.027396,-0.077145,7.644535,0.197498,-0.768486,-0.768486,0.000000,C-06,0,0,0,1,1,0,0.029200,-0.159189,0.7083,0.6187,0.2671,2,ok
0,2150,3.997999,-0.165539,1.354216,0.025864,-0.087205,7.668390,0.199326,-0.103038,-0.103038,0.000000,C-06,0,0,0,1,1,0,0.020899,-0.251110,0.7083,0.6479,0.2610,2,ok
0,2151,4.002219,-0.145929,1.403379,0.023764,-0.062743,7.688932,0.201606,0.946107,0.946107,0.000000,C-06,0,0,0,1,1,0,0.021913,-0.269463,0.7083,0.5494,0.2514,2,ok
0,2152,4.007310,-0.122192,1.440501,0.021215,-0.025621,7.713074,0.202748,0.449181,0.449181,0.000000,C-06,0,0,0,1,1,0,0.019811,-0.252908,0.7917,0.6190,0.2634,2,ok
0,2153,4.010038,-0.102357,1.441846,0.020328,-0.048446,7.733604,0.200016,-0.020801,-0.020801,0.000000,C-06,0,0,0,1,1,0,0.021451,-0.220946,0.8125,0.6031,0.2617,2,ok
0,2154,4.013127,-0.078546,1.449150,0.019170,-0.041142,7.757586,0.200175,0.103030,0.103030,0.000000,,0,0,0,1,1,0,0.021451,-0.220946,0.8125,0.6031,0.2617,2,ok
0,2155,4.015701,-0.058673,1.468352,0.018209,-0.021940,7.775739,0.200586,0.313066,0.313066,0.000000,C-06,0,0,0,1,1,0,0.018973,-0.221098,0.8125,0.5941,0.2582,2,ok
0,2156,4.018790,-0.034767,1.497725,0.016376,-0.018002,7.802116,0.201100,0.368787,0.368787,0.000000,,0,0,0,1,1,0,0.016803,-0.220238,0.8333,0.6389,0.2659,2,ok
0,2157,4.021219,-0.014807,1.518251,0.015040,0.002524,7.822179,0.200990,0.297235,0.297235,0.000000,,0,0,0,1,1,0,0.017721,-0.214234,0.7917,0.6425,0.2623,2,ok
0,2158,4.023670,0.009173,1.543494,0.013503,0.001714,7.846569,0.200755,0.305809,0.305809,0.000000,,0,0,0,1,1,0,0.017253,-0.206608,0.7292,0.6583,0.2621,2,ok
0,2159,4.025737,0.033170,1.574517,0.012204,0.032736,7.870620,0.200586,0.372504,0.372504,0.000000,,0,0,0,1,1,0,0.017710,-0.194836,0.7500,0.6419,0.2697,2,ok
0,2160,4.026321,0.053169,1.587881,0.011995,0.018513,7.890992,0.200016,0.177840,0.177840,0.000000,C-06,0,0,0,1,1,0,0.015403,-0.195509,0.7083,0.6909,0.2691,2,ok
0,2161,4.026784,0.077155,1.620596,0.011578,0.051228,7.914979,0.199804,0.414747,0.414747,0.000000,C-06,0,0,0,1,1,0,0.020624,-0.185887,0.7292,0.5828,0.2628,2,ok
0,2162,4.027164,0.097110,1.654609,0.011235,0.085242,7.934934,0.199357,0.509210,0.509210,0.000000,,0,0,0,1,1,0,0.018152,-0.172407,0.7708,0.6703,0.2665,2,ok
0,2163,4.026262,0.120998,1.679268,0.011571,0.080240,7.959130,0.199117,0.295975,0.295975,0.000000,C-06,0,0,0,1,1,0,0.021044,-0.146057,0.8125,0.6388,0.2622,2,ok
0,2164,4.024180,0.140880,1.678014,0.013171,0.078985,7.979057,0.200021,-0.045085,-0.045085,0.000000,C-06,0,0,0,1,1,0,0.022091,-0.123887,0.8125,0.6846,0.2653,2,ok
0,2165,4.021584,0.164759,1.663464,0.014728,0.031586,8.003484,0.200300,-0.195592,-0.195592,0.000000,C-06,0,0,0,1,1,0,0.021261,-0.128147,0.7917,0.7135,0.2689,2,ok
0,2166,4.019674,0.184667,1.671384,0.015497,0.039506,8.023469,0.199896,0.147648,0.147648,0.000000,C-06,0,0,0,1,1,0,0.019719,-0.145996,0.7292,0.7245,0.2681,2,ok
0,2167,4.017406,0.208519,1.692657,0.016248,0.027312,8.048008,0.199439,0.279140,0.279140,0.000000,,0,0,0,1,1,0,0.016303,-0.170643,0.7708,0.8015,0.2721,2,ok
0,2168,4.015138,0.232300,1.719384,0.016283,0.054039,8.071897,0.198733,0.348488,0.348488,0.000000,,0,0,0,1,1,0,0.018436,-0.171082,0.7083,0.8108,0.2695,2,ok
0,2169,4.012292,0.252081,1.716437,0.017266,0.051092,8.091857,0.200023,-0.079389,-0.079389,0.000000,C-06,0,0,0,1,1,0,0.018834,-0.165513,0.7292,0.8175,0.2720,2,ok
0,2170,4.008804,0.275759,1.758157,0.017829,0.058171,8.116460,0.198716,0.628986,0.628986,0.000000,C-06,0,0,0,1,1,0,0.015169,-0.175728,0.7292,0.8890,0.2754,2,ok
0,2171,4.005898,0.295296,1.816617,0.018132,0.116631,8.136210,0.196310,1.000000,1.000000,0.000000,C-06,0,0,0,1,1,0,0.017286,-0.163521,0.7708,0.9020,0.2710,2,ok
0,2172,4.000853,0.318490,1.841061,0.019823,0.106390,8.160528,0.197988,0.284675,0.284675,0.000000,C-06,0,0,0,1,1,0,0.025573,-0.133288,0.7500,0.8511,0.2665,2,ok
0,2173,3.995606,0.337781,1.832806,0.021821,0.098135,8.180419,0.200297,-0.174980,-0.174980,0.000000,C-06,0,0,0,1,1,0,0.030009,-0.104254,0.7708,0.8122,0.2676,2,ok
0,2174,3.989240,0.361002,1.819259,0.024276,0.084588,8.204372,0.200956,-0.188956,-0.188956,0.000000,,0,0,0,1,1,0,0.031870,-0.113602,0.7917,0.8764,0.2689,2,ok
0,2175,3.984302,0.380392,1.818534,0.025377,0.050640,8.225130,0.200004,0.003397,0.003397,0.000000,C-06,0,0,0,1,1,0,0.030141,-0.133151,0.7917,0.9217,0.2657,2,ok
0,2176,3.978417,0.403614,1.834851,0.026594,0.066957,8.249056,0.199241,0.244816,0.244816,0.000000,C-06,0,0,0,1,1,0,0.029817,-0.164097,0.7500,0.9433,0.2673,2,ok
0,2177,3.972181,0.426789,1.831443,0.027741,0.030635,8.273930,0.200146,-0.066739,-0.066739,0.000000,C-06,0,0,0,1,1,0,0.028209,-0.174842,0.7708,1.0550,0.2705,2,ok
0,2178,3.967028,0.446193,1.793692,0.028324,-0.007116,8.293999,0.201631,-0.704984,-0.704984,0.000000,C-06,0,0,0,1,1,0,0.026594,-0.190501,0.7500,1.1022,0.2722,2,ok
0,2179,3.961574,0.469626,1.786401,0.028165,-0.048083,8.318882,0.200395,-0.057055,-0.057055,0.000000,C-06,0,0,0,1,1,0,0.022906,-0.233861,0.7083,1.1172,0.2684,2,ok
0,2180,3.957278,0.489143,1.797296,0.027304,-0.037189,8.338848,0.199567,0.205438,0.205438,0.000000,C-06,0,0,0,1,1,0,0.015698,-0.279945,0.7083,1.2391,0.2704,2,ok
0,2181,3.952142,0.512449,1.827574,0.026281,-0.006911,8.362691,0.198193,0.438427,0.438427,0.000000,C-06,0,0,0,1,1,0,0.010834,-0.290105,0.8125,1.3572,0.2749,2,ok
0,2182,3.947862,0.531701,1.863883,0.024947,-0.006277,8.383332,0.196311,0.630641,0.630641,0.000000,C-06,0,0,0,1,1,0,0.013360,-0.275734,0.8125,1.3346,0.2738,2,ok
0,2183,3.941966,0.554563,1.895119,0.023897,0.024959,8.406919,0.196768,0.435473,0.435473,0.000000,C-06,0,0,0,1,1,0,0.016296,-0.259200,0.8125,1.2905,0.2723,2,ok
0,2184,3.936136,0.573466,1.911227,0.023803,0.003642,8.427583,0.197910,0.269096,0.269096,0.000000,C-06,0,0,0,1,1,0,0.023330,-0.248712,0.7917,1.1300,0.2628,2,ok
0,2185,3.928796,0.595993,1.935120,0.023357,0.027535,8.451272,0.197231,0.358286,0.358286,0.000000,,0,0,0,1,1,0,0.021268,-0.257704,0.7917,1.2049,0.2614,2,ok
0,2186,3.920449,0.618382,1.942447,0.023906,0.034863,8.475159,0.199253,0.092966,0.092966,0.000000,C-06,0,0,0,1,1,0,0.021229,-0.259565,0.7708,1.2383,0.2688,2,ok
0,2187,3.913277,0.637005,1.945455,0.023854,-0.002744,8.496120,0.199588,0.051028,0.051028,0.000000,,0,0,0,1,1,0,0.020018,-0.271559,0.8125,1.2617,0.2616,2,ok
0,2188,3.904499,0.659360,1.940413,0.023816,-0.007787,8.520137,0.200339,-0.084805,-0.084805,0.000000,,0,0,0,1,1,0,0.020165,-0.285806,0.7500,1.2473,0.2616,2,ok
0,2189,3.897272,0.677973,1.951747,0.023404,-0.039223,8.541090,0.199251,0.228423,0.228423,0.000000,C-06,0,0,0,1,1,0,0.016391,-0.318193,0.6875,1.2772,0.2652,2,ok
0,2190,3.888380,0.700085,1.990914,0.022562,-0.000056,8.564908,0.197264,0.636303,0.636303,0.000000,C-06,0,0,0,1,1,0,0.016391,-0.318193,0.6875,1.2772,0.2652,2,ok
0,2191,3.880847,0.718232,2.018017,0.022087,0.027048,8.584551,0.196384,0.495924,0.495924,0.000000,,0,0,0,1,1,0,0.015327,-0.315627,0.8333,1.3090,0.2546,2,ok
0,2192,3.870704,0.739804,2.029474,0.021701,-0.007011,8.609384,0.198853,0.155836,0.155836,0.000000,C-06,0,0,0,1,1,0,0.017894,-0.294493,0.8125,1.2601,0.2563,2,ok
0,2193,3.862007,0.757675,2.044169,0.021504,0.007685,8.629257,0.198227,0.291589,0.291589,0.000000,,0,0,0,1,1,0,0.017362,-0.297714,0.7708,1.2731,0.2587,2,ok
0,2194,3.851355,0.778949,2.059807,0.021107,-0.024131,8.654070,0.198304,0.247365,0.247365,0.000000,,0,0,0,1,1,0,0.017350,-0.294417,0.8333,1.2436,0.2535,2,ok
0,2195,3.840332,0.800002,2.084015,0.020432,0.000078,8.677825,0.197430,0.404245,0.404245,0.000000,C-06,0,0,0,1,1,0,0.017894,-0.326881,0.7708,1.2189,0.2489,2,ok
0,2196,3.830656,0.817377,2.092987,0.020380,0.009049,8.697713,0.199029,0.155777,0.155777,0.000000,C-06,0,0,0,1,1,0,0.019320,-0.328151,0.7708,1.1670,0.2470,2,ok
0,2197,3.818720,0.838069,2.111882,0.019590,-0.021873,8.722619,0.198334,0.325194,0.325194,0.000000,C-06,0,0,0,1,1,0,0.020197,-0.333804,0.7917,1.1298,0.2476,2,ok
0,2198,3.808497,0.855061,2.142309,0.019197,0.008553,8.742446,0.197128,0.645497,0.645497,0.000000,C-06,0,0,0,1,1,0,0.017276,-0.339751,0.7292,1.1934,0.2513,2,ok
0,2199,3.795717,0.875046,2.172551,0.018877,-0.013293,8.767154,0.197947,0.509596,0.509596,0.000000,,0,0,0,1,1,0,0.026653,-0.361954,0.7292,0.9675,0.2383,2,ok
0,2200,3.784508,0.891407,2.194541,0.018631,0.008698,8.786985,0.198499,0.457501,0.457501,0.000000,,0,0,0,1,1,0,0.025526,-0.344030,0.7292,0.9565,0.2437,2,ok
0,2201,3.770402,0.910639,2.230249,0.019103,0.044405,8.810832,0.198740,0.649270,0.649270,0.000000,C-06,0,0,0,1,1,0,0.025835,-0.335289,0.8125,0.9268,0.2511,2,ok
0,2202,3.758086,0.926312,2.251232,0.019203,0.011695,8.831794,0.199539,0.440752,0.440752,0.000000,C-06,0,0,0,1,1,0,0.029090,-0.322545,0.8333,0.8293,0.2473,2,ok
0,2203,3.742911,0.944883,2.261613,0.019644,0.022076,8.855772,0.199903,0.173024,0.173024,0.000000,C-06,0,0,0,1,1,0,0.030814,-0.312114,0.8333,0.7796,0.2507,2,ok
0,2204,3.727444,0.963232,2.282563,0.019879,-0.011923,8.880898,0.200203,0.402745,0.402745,0.000000,C-06,0,0,0,1,1,0,0.028479,-0.312329,0.7917,0.7630,0.2523,2,ok
0,2205,3.714262,0.978322,2.298340,0.019774,0.003854,8.900934,0.200512,0.342774,0.342774,0.000000,,0,0,0,1,1,0,0.027658,-0.322766,0.7917,0.7516,0.2533,2,ok
0,2206,3.698180,0.996212,2.311587,0.019988,0.017100,8.924988,0.200535,0.231739,0.231739,0.000000,,0,0,0,1,1,0,0.028444,-0.323971,0.7917,0.7173,0.2537,2,ok
0,2207,3.684641,1.010967,2.317091,0.019345,-0.033778,8.946121,0.200264,0.110864,0.110864,0.000000,,0,0,0,1,1,0,0.025428,-0.330180,0.7708,0.7127,0.2558,2,ok
0,2208,3.668138,1.028493,2.342765,0.018771,-0.008104,8.970187,0.200418,0.481019,0.481019,0.000000,C-06,0,0,0,1,1,0,0.025750,-0.339254,0.7708,0.6305,0.2536,2,ok
0,2209,3.654043,1.042693,2.363679,0.018453,-0.043866,8.991256,0.199841,0.429964,0.429964,0.000000,,0,0,0,1,1,0,0.026446,-0.350431,0.7083,0.5708,0.2499,2,ok
0,2210,3.636799,1.059159,2.408647,0.017792,0.001102,9.015090,0.198360,0.823008,0.823008,0.000000,C-06,0,0,0,1,1,0,0.019789,-0.324004,0.7708,0.6293,0.2622,2,ok
0,2211,3.621768,1.072259,2.447033,0.018147,0.039488,9.035025,0.200239,0.850028,0.850028,0.000000,,0,0,0,1,1,0,0.021014,-0.303051,0.8333,0.5955,0.2598,2,ok
0,2212,3.603110,1.087450,2.474937,0.018310,0.010881,9.060162,0.200754,0.489705,0.489705,0.000000,C-06,0,0,0,1,1,0,0.021498,-0.269973,0.7917,0.5910,0.2610,2,ok
0,2213,3.584207,1.102264,2.479240,0.018577,0.015184,9.084177,0.200089,0.051005,0.051005,0.000000,C-06,0,0,0,1,1,0,0.025666,-0.240181,0.8125,0.4779,0.2592,2,ok
0,2214,3.568441,1.114565,2.478155,0.018491,-0.041509,9.105202,0.199950,-0.029223,-0.029223,0.000000,,0,0,0,1,1,0,0.021912,-0.242529,0.8333,0.5208,0.2615,2,ok
0,2215,3.549392,1.129293,2.498918,0.017588,-0.020746,9.129264,0.201008,0.399665,0.399665,0.000000,C-06,0,0,0,1,1,0,0.019668,-0.269071,0.7500,0.5107,0.2602,2,ok
0,2216,3.533301,1.141306,2.512330,0.017174,-0.007334,9.149341,0.200847,0.278329,0.278329,0.000000,,0,0,0,1,1,0,0.018672,-0.269947,0.7292,0.4916,0.2590,2,ok
0,2217,3.513897,1.155446,2.511378,0.015920,-0.060178,9.174265,0.199937,-0.038224,-0.038224,0.000000,C-06,0,0,0,1,1,0,0.017859,-0.265040,0.7708,0.4541,0.2587,2,ok
0,2218,3.497719,1.167232,2.515265,0.014627,-0.056291,9.194240,0.200294,0.093023,0.093023,0.000000,,0,0,0,1,1,0,0.016124,-0.264844,0.7708,0.4408,0.2572,2,ok
0,2219,3.478186,1.181289,2.528412,0.012864,-0.088905,9.218932,0.200870,0.239705,0.239705,0.000000,,0,0,0,1,1,0,0.009466,-0.280531,0.7292,0.4662,0.2598,2,ok
0,2220,3.461773,1.192855,2.538317,0.010854,-0.079000,9.238911,0.200813,0.204633,0.204633,0.000000,,0,0,0,1,1,0,0.007775,-0.275438,0.7500,0.4377,0.2585,2,ok
0,2221,3.441810,1.206464,2.569913,0.008808,-0.047404,9.262984,0.202665,0.569849,0.569849,0.000000,C-06,0,0,0,1,1,0,0.005827,-0.273555,0.8125,0.4205,0.2564,2,ok
0,2222,3.421426,1.219785,2.601523,0.006451,-0.057223,9.287545,0.203137,0.529474,0.529474,0.000000,,0,0,0,1,1,0,0.003896,-0.256051,0.8333,0.4262,0.2590,2,ok
0,2223,3.404114,1.230525,2.633825,0.004822,-0.024922,9.307853,0.204386,0.648338,0.648338,0.000000,,0,0,0,1,1,0,0.005154,-0.238116,0.7917,0.3946,0.2627,2,ok
0,2224,3.382976,1.242693,2.662417,0.003373,-0.031750,9.332315,0.203265,0.446876,0.446876,0.000000,C-06,0,0,0,1,1,0,0.003531,-0.210439,0.8125,0.4228,0.2642,2,ok
0,2225,3.365135,1.252363,2.682978,0.002366,-0.011188,9.352584,0.202958,0.387066,0.387066,0.000000,,0,0,0,1,1,0,0.003951,-0.192493,0.8333,0.4144,0.2607,2,ok
0,2226,3.343452,1.263614,2.715188,0.001594,0.021021,9.375493,0.204197,0.513357,0.513357,0.000000,,0,0,0,1,1,0,0.005002,-0.178351,0.7708,0.3869,0.2641,2,ok
0,2227,3.325230,1.271932,2.716629,0.001247,-0.007437,9.397080,0.200031,-0.007191,-0.007191,0.000000,C-06,0,0,0,1,1,0,0.004893,-0.152806,0.7708,0.4060,0.2651,2,ok
0,2228,3.303450,1.281828,2.698255,0.000936,-0.025811,9.421001,0.198665,-0.306085,-0.306085,0.000000,C-06,0,0,0,1,1,0,0.003512,-0.151641,0.7500,0.4301,0.2634,2,ok
0,2229,3.285413,1.290283,2.692181,0.000135,-0.059590,9.440923,0.199271,-0.097095,-0.097095,0.000000,C-06,0,0,0,1,1,0,0.003162,-0.175921,0.7083,0.3747,0.2636,2,ok
0,2230,3.263702,1.300674,2.712835,-0.001273,-0.038936,9.464951,0.201425,0.356595,0.356595,0.000000,C-06,0,0,0,1,1,0,-0.000532,-0.199312,0.7500,0.3835,0.2610,2,ok
0,2231,3.241728,1.311079,2.743784,-0.002762,-0.034002,9.489164,0.203648,0.484473,0.484473,0.000000,,0,0,0,1,1,0,-0.002455,-0.191380,0.8125,0.4008,0.2651,2,ok
0,2232,3.223220,1.319346,2.761714,-0.003897,-0.016072,9.509404,0.202627,0.311704,0.311704,0.000000,C-06,0,0,0,1,1,0,-0.001565,-0.175863,0.8333,0.3781,0.2654,2,ok
0,2233,3.200812,1.328961,2.789860,-0.004903,0.012073,9.533766,0.203701,0.427386,0.427386,0.000000,,0,0,0,1,1,0,-0.001930,-0.156034,0.7917,0.3916,0.2665,2,ok
0,2234,3.181980,1.336391,2.806198,-0.005653,0.003934,9.553862,0.202358,0.277815,0.277815,0.000000,,0,0,0,1,1,0,-0.002405,-0.139353,0.7917,0.4006,0.2662,2,ok
0,2235,3.159281,1.344564,2.814885,-0.005868,0.012622,9.577986,0.200950,0.115263,0.115263,0.000000,C-06,0,0,0,1,1,0,0.000580,-0.129720,0.7917,0.3373,0.2632,2,ok
0,2236,3.140319,1.351197,2.821068,-0.006058,-0.004149,9.597957,0.200878,0.106943,0.106943,0.000000,,0,0,0,1,1,0,-0.000416,-0.129237,0.7708,0.3590,0.2631,2,ok
0,2237,3.117495,1.359073,2.833935,-0.006428,0.008719,9.622099,0.201556,0.190063,0.190063,0.000000,,0,0,0,1,1,0,-0.000050,-0.130973,0.7083,0.3401,0.2633,2,ok
0,2238,3.098467,1.365246,2.821098,-0.006362,-0.004119,9.641139,0.199549,-0.259546,-0.259546,0.000000,C-06,0,0,0,1,1,0,0.000936,-0.129813,0.7292,0.3210,0.2630,2,ok
0,2239,3.075718,1.372637,2.814124,-0.006936,-0.033799,9.665851,0.199287,-0.089587,-0.089587,0.000000,C-06,0,0,0,1,1,0,-0.000845,-0.141284,0.7292,0.3310,0.2614,2,ok
0,2240,3.052928,1.380282,2.833872,-0.007719,-0.014050,9.689877,0.200951,0.318197,0.318197,0.000000,C-06,0,0,0,1,1,0,-0.005125,-0.158789,0.8333,0.3361,0.2648,2,ok
0,2241,3.033811,1.386665,2.853242,-0.008638,-0.015056,9.709869,0.202030,0.332709,0.332709,0.000000,,0,0,0,1,1,0,-0.005072,-0.150698,0.8333,0.3314,0.2641,2,ok
0,2242,3.010732,1.394215,2.874118,-0.009685,0.005820,9.734129,0.202378,0.291670,0.291670,0.000000,,0,0,0,1,1,0,-0.004871,-0.137024,0.8542,0.3371,0.2656,2,ok
0,2243,2.991405,1.400077,2.888881,-0.010293,-0.000644,9.754091,0.201918,0.242793,0.242793,0.000000,,0,0,0,1,1,0,-0.004003,-0.125566,0.8125,0.3228,0.2669,2,ok
0,2244,2.968123,1.406648,2.903846,-0.010886,0.014321,9.778275,0.201557,0.204290,0.204290,0.000000,,0,0,0,1,1,0,-0.004391,-0.113605,0.8125,0.3313,0.2664,2,ok
0,2245,2.948649,1.411960,2.920207,-0.011205,0.030681,9.798458,0.202056,0.272824,0.272824,0.000000,,0,0,0,1,1,0,-0.003794,-0.110581,0.7917,0.3295,0.2634,2,ok
0,2246,2.925186,1.417992,2.939223,-0.011606,0.029909,9.822504,0.201837,0.256057,0.256057,0.000000,,0,0,0,1,1,0,-0.003180,-0.101744,0.7708,0.3193,0.2634,2,ok
0,2247,2.905582,1.422241,2.944730,-0.011177,0.035417,9.842558,0.200499,0.075660,0.075660,0.000000,C-06,0,0,0,1,1,0,-0.001733,-0.095288,0.7500,0.3141,0.2677,2,ok
0,2248,2.882043,1.426976,2.945811,-0.010669,0.016860,9.866302,0.200068,0.010657,0.010657,0.000000,,0,0,0,1,1,0,-0.002928,-0.090060,0.7083,0.3508,0.2653,2,ok
0,2249,2.858503,1.431686,2.944837,-0.010348,0.015885,9.890306,0.200031,-0.014517,-0.014517,0.000000,,0,0,0,1,1,0,-0.002092,-0.101148,0.7292,0.3283,0.2642,2,ok
0,2250,2.838875,1.435598,2.952768,-0.010185,0.005229,9.910129,0.200283,0.140092,0.140092,0.000000,C-06,0,0,0,1,1,0,-0.002497,-0.105599,0.8125,0.3088,0.2638,2,ok
0,2251,2.815276,1.440291,2.964946,-0.010285,0.017407,9.934191,0.200715,0.163142,0.163142,0.000000,,0,0,0,1,1,0,-0.002635,-0.106137,0.8125,0.3080,0.2627,2,ok
0,2252,2.795573,1.444149,2.973067,-0.010309,0.025528,9.954268,0.200765,0.125064,0.125064,0.000000,,0,0,0,1,1,0,-0.003694,-0.102462,0.8125,0.3474,0.2663,2,ok
0,2253,2.771893,1.448601,2.983134,-0.010538,0.016258,9.978183,0.200780,0.132410,0.132410,0.000000,,0,0,0,1,1,0,-0.003694,-0.102462,0.8125,0.3474,0.2663,2,ok
0,2254,2.752130,1.452159,2.992105,-0.010603,0.025229,9.998264,0.200803,0.140947,0.140947,0.000000,,0,0,0,1,1,0,-0.004509,-0.097205,0.7500,0.3729,0.2645,2,ok
0,2255,2.728382,1.456121,3.001064,-0.010610,0.015802,10.022158,0.200614,0.114301,0.114301,0.000000,,0,0,0,1,1,0,-0.003239,-0.092796,0.7708,0.3387,0.2634,2,ok
0,2256,2.708563,1.459322,3.013764,-0.010660,0.028502,10.042234,0.200914,0.204122,0.204122,0.000000,,0,0,0,1,1,0,-0.002995,-0.092114,0.7083,0.3357,0.2633,2,ok
0,2257,2.684747,1.462689,3.020971,-0.010354,0.017973,10.066082,0.200401,0.084986,0.084986,0.000000,,0,0,0,1,1,0,-0.002556,-0.092389,0.7292,0.3259,0.2645,2,ok
0,2258,2.660919,1.465638,3.022441,-0.009995,0.019443,10.090089,0.200065,0.014621,0.014621,0.000000,,0,0,0,1,1,0,-0.003448,-0.095576,0.7500,0.3656,0.2697,2,ok
0,2259,2.641053,1.468069,3.029362,-0.009667,0.026364,10.110100,0.200213,0.113632,0.113632,0.000000,,0,0,0,1,1,0,-0.003829,-0.097978,0.7708,0.3693,0.2681,2,ok
0,2260,2.617192,1.470985,3.038558,-0.009674,0.017082,10.133954,0.200409,0.116489,0.116489,0.000000,,0,0,0,1,1,0,-0.003240,-0.099292,0.8125,0.3603,0.2641,2,ok
0,2261,2.597290,1.473411,3.047360,-0.009722,0.025884,10.154003,0.200549,0.134418,0.134418,0.000000,,0,0,0,1,1,0,-0.005062,-0.100601,0.8333,0.4225,0.2680,2,ok
0,2262,2.573384,1.476188,3.058760,-0.009839,0.019589,10.177919,0.200535,0.142973,0.142973,0.000000,,0,0,0,1,1,0,-0.002851,-0.101382,0.7708,0.3714,0.2712,2,ok
0,2263,2.553446,1.478226,3.066759,-0.009807,0.027588,10.197961,0.200396,0.117336,0.117336,0.000000,,0,0,0,1,1,0,-0.004699,-0.092237,0.7917,0.4088,0.2662,2,ok
0,2264,2.529505,1.480481,3.076753,-0.009668,0.019913,10.221806,0.200378,0.123676,0.123676,0.000000,,0,0,0,1,1,0,-0.008404,-0.085234,0.7917,0.5139,0.2705,2,ok
0,2265,2.509540,1.482257,3.088906,-0.009791,0.032066,10.241849,0.200502,0.183062,0.183062,0.000000,,0,0,0,1,1,0,-0.008123,-0.082805,0.7917,0.5056,0.2679,2,ok
0,2266,2.485565,1.484210,3.103574,-0.009762,0.046734,10.265903,0.200411,0.177742,0.177742,0.000000,,0,0,0,1,1,0,-0.004858,-0.078861,0.7292,0.4499,0.2686,2,ok
0,2267,2.461578,1.485545,3.112597,-0.009385,0.038502,10.289795,0.200171,0.103676,0.103676,0.000000,,0,0,0,1,1,0,-0.006625,-0.070990,0.7292,0.5151,0.2654,2,ok
0,2268,2.441585,1.486356,3.117303,-0.008813,0.043207,10.309796,0.200083,0.064530,0.064530,0.000000,,0,0,0,1,1,0,-0.006612,-0.072523,0.7708,0.5466,0.2715,2,ok
0,2269,2.417592,1.486961,3.116069,-0.007988,0.024349,10.333621,0.199995,-0.020599,-0.020599,0.000000,,0,0,0,1,1,0,-0.005334,-0.072467,0.7917,0.5389,0.2715,2,ok
0,2270,2.397597,1.487455,3.124872,-0.007486,0.033153,10.353616,0.200031,0.142977,0.142977,0.000000,C-06,0,0,0,1,1,0,-0.006439,-0.076980,0.8125,0.5715,0.2641,2,ok
0,2271,2.373599,1.488047,3.136537,-0.006942,0.027934,10.377495,0.200058,0.137995,0.137995,0.000000,,0,0,0,1,1,0,-0.006136,-0.085767,0.8333,0.6062,0.2682,2,ok
0,2272,2.353599,1.488456,-3.140195,-0.006699,0.034387,10.397498,0.200031,0.087755,0.087755,0.000000,,0,0,0,1,1,0,-0.003892,-0.073788,0.7917,0.5895,0.2631,2,ok
0,2273,2.329599,1.488789,-3.132545,-0.006249,0.042037,10.421496,0.200003,0.090503,0.090503,0.000000,,0,0,0,1,1,0,-0.002258,-0.085497,0.7500,0.5858,0.2638,2,ok
0,2274,2.309600,1.488628,-3.133433,-0.005697,0.023486,10.441383,0.200002,-0.020612,-0.020612,0.000000,,0,0,0,1,1,0,-0.001719,-0.084101,0.7708,0.5739,0.2621,2,ok
0,2275,2.285600,1.488401,-3.138078,-0.005102,0.018842,10.465376,0.200007,-0.057076,-0.057076,0.000000,,0,0,0,1,1,0,-0.001421,-0.084382,0.7917,0.6068,0.2655,2,ok
0,2276,2.261601,1.488316,-3.129086,-0.004836,0.010604,10.489289,0.199987,0.116036,0.116036,0.000000,C-06,0,0,0,1,1,0,-0.000566,-0.117850,0.7083,0.5855,0.2661,2,ok
0,2277,2.241604,1.488249,-3.121050,-0.004808,0.018640,10.509287,0.199961,0.114689,0.114689,0.000000,,0,0,0,1,1,0,0.002740,-0.120735,0.7917,0.5311,0.2634,2,ok
0,2278,2.217612,1.488170,-3.109374,-0.004775,0.030316,10.530700,0.199901,0.141484,0.141484,0.000000,,0,0,0,1,1,0,0.001158,-0.124673,0.7708,0.5879,0.2666,2,ok
0,2279,2.197627,1.488084,-3.096819,-0.005116,0.024866,10.553179,0.199810,0.186205,0.186205,0.000000,,0,0,0,1,1,0,0.004578,-0.125451,0.8333,0.5223,0.2657,2,ok
0,2280,2.173661,1.487751,-3.080954,-0.005243,0.040731,10.577147,0.199687,0.194038,0.194038,0.000000,,0,0,0,1,1,0,0.006748,-0.125623,0.8125,0.4768,0.2607,2,ok
0,2281,2.153706,1.487192,-3.067438,-0.005312,0.037050,10.597019,0.199579,0.200072,0.200072,0.000000,,0,0,0,1,1,0,0.008534,-0.118989,0.8333,0.4541,0.2646,2,ok
0,2282,2.129788,1.486190,-3.050430,-0.005181,0.054058,10.620958,0.199431,0.212314,0.212314,0.000000,,0,0,0,1,1,0,0.010531,-0.124203,0.8125,0.4141,0.2596,2,ok
0,2283,2.109885,1.485067,-3.035637,-0.004904,0.050191,10.640787,0.199293,0.223989,0.223989,0.000000,,0,0,0,1,1,0,0.010887,-0.123439,0.7708,0.4099,0.2619,3,ok
0,2284,2.086040,1.483203,-3.020516,-0.004412,0.065312,10.664700,0.199282,0.189938,0.189938,0.000000,,0,0,0,1,1,0,0.012879,-0.120500,0.7708,0.3711,0.2644,2,ok
0,2285,2.062232,1.480783,-3.009646,-0.003361,0.076182,10.687330,0.199413,0.136296,0.136296,0.000000,,0,0,0,1,1,0,0.013286,-0.113975,0.7292,0.3669,0.2646,2,ok
0,2286,2.042418,1.478551,-3.000906,-0.002551,0.062979,10.708485,0.199382,0.135049,0.135049,0.000000,,0,0,0,1,1,0,0.014606,-0.126124,0.6875,0.3369,0.2650,2,ok
0,2287,2.018675,1.475681,-2.989315,-0.001363,0.074570,10.732372,0.199267,0.150965,0.150965,0.000000,,0,0,0,1,1,0,0.016242,-0.118634,0.8125,0.3019,0.2610,2,ok
0,2288,1.998915,1.472905,-2.983521,-0.000296,0.054371,10.752274,0.199555,0.085194,0.085194,0.000000,,0,0,0,1,1,0,0.014556,-0.112781,0.7917,0.3378,0.2665,2,ok
0,2289,1.975243,1.469474,-2.967979,0.000869,0.069913,10.776165,0.199083,0.214316,0.214316,0.000000,,0,0,0,1,1,0,0.015525,-0.110862,0.8333,0.2955,0.2635,2,ok
0,2290,1.955552,1.466186,-2.963840,0.002270,0.074053,10.793404,0.199684,0.054268,0.054268,0.000000,C-06,0,0,0,1,1,0,0.015385,-0.098951,0.7708,0.2982,0.2667,2,ok
0,2291,1.931942,1.462151,-2.958152,0.003144,0.051158,10.820087,0.199547,0.076886,0.076886,0.000000,,0,0,0,1,1,0,0.015423,-0.096611,0.8125,0.2914,0.2638,2,ok
0,2292,1.912293,1.458754,-2.949347,0.003988,0.059962,10.840010,0.199253,0.146672,0.146672,0.000000,,0,0,0,1,1,0,0.017578,-0.108450,0.8125,0.2290,0.2628,2,ok
0,2293,1.888738,1.454194,-2.949044,0.004875,0.028858,10.864150,0.200001,-0.006197,-0.006197,0.000000,C-06,0,0,0,1,1,0,0.016088,-0.111883,0.7917,0.2476,0.2643,2,ok
0,2294,1.865178,1.449600,-2.950527,0.005504,0.027375,10.888145,0.200055,-0.020768,-0.020768,0.000000,,0,0,0,1,1,0,0.016537,-0.117956,0.6875,0.2057,0.2648,2,ok
0,2295,1.845576,1.445792,-2.930573,0.005810,0.016359,10.908308,0.199286,0.365255,0.365255,0.000000,C-06,0,0,0,1,1,0,0.015111,-0.122309,0.7292,0.1962,0.2612,2,ok
0,2296,1.822165,1.441223,-2.909190,0.005629,0.037743,10.932160,0.198355,0.285261,0.285261,0.000000,,0,0,0,1,1,0,0.015736,-0.115579,0.7083,0.1850,0.2614,2,ok
0,2297,1.802731,1.437092,-2.897252,0.005810,0.049681,10.952027,0.198700,0.189573,0.189573,0.000000,,0,0,0,1,1,0,0.015104,-0.096175,0.7917,0.2037,0.2648,2,ok
0,2298,1.779458,1.431447,-2.892893,0.006164,0.026306,10.976134,0.199616,0.053210,0.053210,0.000000,,0,0,0,1,1,0,0.017078,-0.085958,0.8125,0.1571,0.2638,2,ok
0,2299,1.760093,1.426679,-2.884527,0.006438,0.034671,10.996076,0.199242,0.146634,0.146634,0.000000,,0,0,0,1,1,0,0.016486,-0.083131,0.8333,0.1559,0.2656,2,ok
0,2300,1.736891,1.420665,-2.881785,0.006815,0.012763,11.020192,0.199775,0.030351,0.030351,0.000000,,0,0,0,1,1,0,0.017801,-0.083938,0.7917,0.1200,0.2628,3,ok
0,2301,1.717575,1.415614,-2.876647,0.006929,0.017901,11.040157,0.199536,0.089843,0.089843,0.000000,,0,0,0,1,1,0,0.015753,-0.081631,0.7917,0.1547,0.2669,2,ok
0,2302,1.694391,1.409341,-2.884431,0.007270,0.010117,11.061687,0.200368,-0.120134,-0.120134,0.000000,C-06,0,0,0,1,1,0,0.017061,-0.082093,0.7708,0.1003,0.2663,3,ok
0,2303,1.671195,1.403232,-2.878463,0.006984,-0.004522,11.088285,0.199704,0.098526,0.098526,0.000000,C-06,0,0,0,1,1,0,0.014370,-0.088168,0.7708,0.1046,0.2663,2,ok
0,2304,1.648116,1.396989,-2.846363,0.006903,0.027578,11.112193,0.198405,0.492790,0.492790,0.000000,C-06,0,0,0,1,1,0,0.012785,-0.083044,0.7292,0.1142,0.2644,3,ok
0,2305,1.625249,1.390700,-2.820540,0.006442,0.035679,11.136057,0.197287,0.361254,0.361254,0.000000,,0,0,0,1,1,0,0.015347,-0.074713,0.7083,0.0863,0.2660,3,ok
0,2306,1.602447,1.383254,-2.830814,0.007066,0.025405,11.160035,0.200433,-0.190157,-0.190157,0.000000,C-06,0,0,0,1,1,0,0.017927,-0.042683,0.7708,0.0831,0.2664,2,ok
0,2307,1.583388,1.376993,-2.836148,0.007436,0.003887,11.180193,0.200673,-0.083117,-0.083117,0.000000,,0,0,0,1,1,0,0.017103,-0.044842,0.8125,0.0807,0.2685,3,ok
0,2308,1.564337,1.370958,-2.827218,0.007504,0.012817,11.200176,0.199530,0.174189,0.174189,0.000000,C-06,0,0,0,1,1,0,0.016121,-0.054945,0.7917,0.0645,0.2658,2,ok
0,2309,1.541541,1.363724,-2.820094,0.007519,0.005882,11.224190,0.199217,0.099031,0.099031,0.000000,,0,0,0,1,1,0,0.015798,-0.055805,0.8125,0.0576,0.2680,3,ok
0,2310,1.518833,1.356353,-2.803150,0.007463,0.022826,11.248064,0.198462,0.253459,0.253459,0.000000,C-06,0,0,0,1,1,0,0.015923,-0.038604,0.7917,0.0475,0.2667,2,ok
0,2311,1.499968,1.349784,-2.803813,0.007838,0.022163,11.268036,0.199872,-0.025924,-0.025924,0.000000,C-06,0,0,0,1,1,0,0.018847,-0.027784,0.8125,-0.0032,0.2678,3,ok
0,2312,1.481060,1.343161,-2.816873,0.007982,-0.001921,11.288187,0.200748,-0.247071,-0.247071,0.000000,C-06,0,0,0,1,1,0,0.017888,-0.027102,0.7500,0.0234,0.2664,3,ok
0,2313,1.458214,1.335210,-2.845079,0.008077,-0.030127,11.312377,0.202349,-0.420044,-0.420044,0.000000,C-06,0,0,0,1,1,0,0.016501,-0.036201,0.7292,0.0112,0.2664,2,ok
0,2314,1.435438,1.327951,-2.787160,0.007436,0.018271,11.336327,0.197120,1.000000,1.000000,0.000000,C-06,0,0,0,1,1,0,0.014192,-0.060395,0.6667,-0.0051,0.2656,2,ok
0,2315,1.413222,1.320736,-2.720856,0.006879,0.084575,11.359679,0.192923,1.000000,1.000000,0.000000,,0,0,0,1,1,0,0.017785,-0.025527,0.8125,-0.0252,0.2664,2,ok
0,2316,1.394984,1.312736,-2.721031,0.008329,0.076174,11.379594,0.199977,-0.098166,-0.098166,0.000000,C-06,0,0,0,1,1,0,0.024561,0.027119,0.7917,-0.0401,0.2646,3,ok
0,2317,1.376715,1.304571,-2.723794,0.009840,0.073412,11.399548,0.200193,-0.046904,-0.046904,0.000000,,0,0,0,1,1,0,0.027204,0.052117,0.8125,-0.0385,0.2677,3,ok
0,2318,1.354766,1.294777,-2.726500,0.011640,0.070705,11.423018,0.200328,-0.041247,-0.041247,0.000000,,0,0,0,1,1,0,0.027377,0.048838,0.7917,-0.0415,0.2641,3,ok
0,2319,1.332738,1.285096,-2.741242,0.013154,0.049523,11.447601,0.201007,-0.238506,-0.238506,0.000000,C-06,0,0,0,1,1,0,0.029545,0.047672,0.7708,-0.0656,0.2664,3,ok
0,2320,1.314253,1.277034,-2.759310,0.014370,0.031454,11.467731,0.202252,-0.336614,-0.336614,0.000000,,0,0,0,1,1,0,0.029798,0.040058,0.7708,-0.0957,0.2681,3,ok
0,2321,1.295667,1.269372,-2.766483,0.015085,0.019592,11.487916,0.200909,-0.110262,-0.110262,0.000000,C-06,0,0,0,1,1,0,0.026980,0.024308,0.7292,-0.0713,0.2644,3,ok
0,2322,1.273271,1.260367,-2.781932,0.015687,0.004143,11.512047,0.201624,-0.237551,-0.237551,0.000000,,0,0,0,1,1,0,0.025474,0.015884,0.7500,-0.0546,0.2685,3,ok
0,2323,1.250687,1.251515,-2.812548,0.016010,-0.030817,11.536393,0.203018,-0.466922,-0.466922,0.000000,C-06,0,0,0,1,1,0,0.026875,0.001229,0.7083,-0.1117,0.2646,3,ok
0,2324,1.228058,1.243637,-2.786243,0.015336,-0.004511,11.560345,0.198540,0.468790,0.468790,0.000000,C-06,0,0,0,1,1,0,0.022515,-0.033556,0.7917,-0.1040,0.2687,3,ok
0,2325,1.209478,1.236959,-2.734902,0.014987,0.043815,11.580058,0.195724,1.000000,1.000000,0.000000,C-06,0,0,0,1,1,0,0.022662,-0.033099,0.7917,-0.1235,0.2672,3,ok
0,2326,1.191139,1.229144,-2.732170,0.015814,0.046547,11.599975,0.199863,-0.049645,-0.049645,0.000000,C-06,0,0,0,1,1,0,0.025942,-0.004902,0.8542,-0.1471,0.2649,3,ok
0,2327,1.169078,1.219605,-2.742097,0.016939,0.036620,11.623984,0.200642,-0.159566,-0.159566,0.000000,,0,0,0,1,1,0,0.030737,0.055178,0.7708,-0.1257,0.2620,3,ok
0,2328,1.146920,1.210065,-2.752614,0.017912,0.024461,11.648176,0.201311,-0.159289,-0.159289,0.000000,,0,0,0,1,1,0,0.029723,0.045407,0.7708,-0.1165,0.2673,3,ok
0,2329,1.128344,1.202318,-2.772813,0.018489,0.004263,11.668294,0.201865,-0.385751,-0.385751,0.000000,C-06,0,0,0,1,1,0,0.031150,0.044452,0.7292,-0.1644,0.2688,3,ok
0,2330,1.109651,1.194830,-2.782580,0.018787,-0.005092,11.688421,0.201313,-0.157620,-0.157620,0.000000,C-06,0,0,0,1,1,0,0.028592,0.027797,0.7292,-0.1386,0.2693,3,ok
0,2331,1.087126,1.186009,-2.796026,0.018962,-0.018538,11.712611,0.201684,-0.200617,-0.200617,0.000000,,0,0,0,1,1,0,0.029494,0.017295,0.7292,-0.1945,0.2674,3,ok
0,2332,1.064442,1.177518,-2.824394,0.018776,-0.047149,11.736823,0.202608,-0.446103,-0.446103,0.000000,C-06,0,0,0,1,1,0,0.030378,0.011504,0.7500,-0.2459,0.2655,3,ok
0,2333,1.041726,1.169916,-2.796327,0.017755,-0.019082,11.760755,0.198475,0.494089,0.494089,0.000000,C-06,0,0,0,1,1,0,0.023315,-0.008371,0.7917,-0.1820,0.2694,3,ok
0,2334,1.023048,1.163643,-2.754030,0.016959,0.025889,11.780366,0.195675,0.787136,0.787136,0.000000,C-06,0,0,0,1,1,0,0.024482,0.002887,0.8333,-0.2003,0.2670,3,ok
0,2335,1.004535,1.156200,-2.756779,0.017381,0.023140,11.800314,0.200124,-0.125785,-0.125785,0.000000,C-06,0,0,0,1,1,0,0.029395,0.042770,0.8333,-0.2400,0.2680,3,ok
0,2336,0.982220,1.147143,-2.773296,0.017970,0.006623,11.824390,0.201223,-0.256632,-0.256632,0.000000,,0,0,0,1,1,0,0.032440,0.065532,0.7708,-0.2548,0.2669,3,ok
0,2337,0.959782,1.138208,-2.783968,0.018367,-0.001082,11.848564,0.201259,-0.151206,-0.151206,0.000000,,0,0,0,1,1,0,0.030708,0.053110,0.7708,-0.2376,0.2662,3,ok
0,2338,0.940992,1.130960,-2.801162,0.018479,-0.018276,11.868703,0.201880,-0.319667,-0.319667,0.000000,C-06,0,0,0,1,1,0,0.028532,0.051536,0.7708,-0.2326,0.2645,3,ok
0,2339,0.922120,1.124133,-2.806281,0.018302,-0.019374,11.888598,0.200590,-0.071889,-0.071889,0.000000,C-06,0,0,0,1,1,0,0.029232,0.038267,0.7708,-0.3039,0.2645,3,ok
0,2340,0.899394,1.116162,-2.823591,0.017922,-0.036683,11.912678,0.201176,-0.265363,-0.265363,0.000000,C-06,0,0,0,1,1,0,0.029434,0.032094,0.7083,-0.3472,0.2637,3,ok
0,2341,0.876490,1.108200,-2.854538,0.017497,-0.063107,11.936889,0.202887,-0.459529,-0.459529,0.000000,C-06,0,0,0,1,1,0,0.028515,0.024304,0.6667,-0.3467,0.2673,3,ok
0,2342,0.853567,1.101240,-2.820857,0.016147,-0.029426,11.960807,0.198371,0.583921,0.583921,0.000000,C-06,0,0,0,1,1,0,0.024611,-0.000436,0.7500,-0.3729,0.2697,3,ok
0,2343,0.834713,1.095511,-2.781722,0.015079,0.016446,11.980396,0.195905,0.698174,0.698174,0.000000,,0,0,0,1,1,0,0.025276,0.021093,0.8333,-0.3930,0.2667,3,ok
0,2344,0.816000,1.088595,-2.783328,0.015249,0.014840,12.000345,0.200010,-0.093245,-0.093245,0.000000,C-06,0,0,0,1,1,0,0.031022,0.062655,0.8333,-0.4462,0.2671,3,ok
0,2345,0.793456,1.080188,-2.800854,0.015525,-0.002686,12.022914,0.201043,-0.273219,-0.273219,0.000000,C-06,0,0,0,1,1,0,0.033090,0.082825,0.7917,-0.4594,0.2659,3,ok
0,2346,0.770779,1.071797,-2.815077,0.015919,-0.010122,12.048472,0.201696,-0.202687,-0.202687,0.000000,,0,0,0,1,1,0,0.030411,0.075621,0.8125,-0.4439,0.2717,3,ok
0,2347,0.751782,1.064911,-2.832579,0.016106,-0.027624,12.068677,0.202523,-0.310788,-0.310788,0.000000,,0,0,0,1,1,0,0.030451,0.074549,0.8125,-0.4853,0.2673,3,ok
0,2348,0.732703,1.058543,-2.840651,0.015938,-0.027211,12.088635,0.201017,-0.125055,-0.125055,0.000000,C-06,0,0,0,1,1,0,0.030986,0.061889,0.7917,-0.5327,0.2690,3,ok
0,2349,0.709681,1.051287,-2.872339,0.015370,-0.058899,12.112767,0.201935,-0.479502,-0.479502,0.000000,C-06,0,0,0,1,1,0,0.029457,0.059570,0.7708,-0.5330,0.2695,3,ok
0,2350,0.686455,1.044051,-2.901751,0.014874,-0.078217,12.136942,0.203257,-0.403108,-0.403108,0.000000,,0,0,0,1,1,0,0.028247,0.053897,0.7083,-0.5521,0.2639,3,ok
0,2351,0.663269,1.038133,-2.850926,0.013218,-0.027392,12.160814,0.197810,0.849213,0.849213,0.000000,C-06,0,0,0,1,1,0,0.021887,0.023572,0.7917,-0.5494,0.2676,3,ok
0,2352,0.644219,1.033279,-2.814399,0.011960,0.020324,12.180301,0.195654,0.607694,0.607694,0.000000,C-06,0,0,0,1,1,0,0.024792,0.054233,0.8333,-0.5866,0.2686,3,ok
0,2353,0.625284,1.027065,-2.816467,0.012126,0.018256,12.200229,0.199839,-0.100363,-0.100363,0.000000,C-06,0,0,0,1,1,0,0.031123,0.106258,0.8125,-0.6558,0.2702,3,ok
0,2354,0.602492,1.019453,-2.830234,0.012532,0.016428,12.224085,0.200637,-0.206946,-0.206946,0.000000,,0,0,0,1,1,0,0.031123,0.106258,0.8125,-0.6558,0.2702,3,ok
0,2355,0.579596,1.011840,-2.844261,0.013159,0.002400,12.248205,0.201437,-0.200552,-0.200552,0.000000,,0,0,0,1,1,0,0.031474,0.124308,0.7500,-0.6530,0.2659,3,ok
0,2356,0.560447,1.005652,-2.853282,0.013512,-0.006620,12.266882,0.201215,-0.150353,-0.150353,0.000000,,0,0,0,1,1,0,0.031430,0.131997,0.7292,-0.7031,0.2729,3,ok
0,2357,0.541223,0.999649,-2.872289,0.013934,-0.012307,12.288293,0.201842,-0.340164,-0.340164,0.000000,C-06,0,0,0,1,1,0,0.033353,0.129059,0.7292,-0.7703,0.2670,3,ok
0,2358,0.518035,0.992672,-2.888992,0.014169,-0.029010,12.312507,0.201766,-0.224624,-0.224624,0.000000,,0,0,0,1,1,0,0.032192,0.130736,0.7083,-0.7536,0.2675,3,ok
0,2359,0.494762,0.986246,-2.900345,0.014136,-0.025882,12.336461,0.201142,-0.151095,-0.151095,0.000000,,0,0,0,1,1,0,0.030170,0.128106,0.6875,-0.7535,0.2634,3,ok
0,2360,0.471435,0.980218,-2.907996,0.013743,-0.033533,12.360551,0.200749,-0.102136,-0.102136,0.000000,,0,0,0,1,1,0,0.029779,0.123495,0.7500,-0.8053,0.2615,3,ok
0,2361,0.451982,0.975573,-2.905738,0.013331,-0.015229,12.380320,0.199890,0.047990,0.047990,0.000000,C-06,0,0,0,1,1,0,0.026839,0.128166,0.8333,-0.7715,0.2602,3,ok
0,2362,0.432516,0.970899,-2.915250,0.012992,-0.024740,12.400336,0.200407,-0.174504,-0.174504,0.000000,C-06,0,0,0,1,1,0,0.025864,0.137623,0.8333,-0.7535,0.2603,3,ok
0,2363,0.409091,0.965287,-2.929576,0.012782,-0.021207,12.424215,0.201012,-0.195770,-0.195770,0.000000,,0,0,0,1,1,0,0.025160,0.142840,0.7708,-0.7460,0.2626,3,ok
0,2364,0.385585,0.959674,-2.947789,0.012734,-0.039420,12.448382,0.201718,-0.248004,-0.248004,0.000000,,0,0,0,1,1,0,0.024887,0.153385,0.7500,-0.7978,0.2593,3,ok
0,2365,0.365924,0.955041,-2.967074,0.012831,-0.039019,12.468306,0.202117,-0.312200,-0.312200,0.000000,,0,0,0,1,1,0,0.021902,0.153497,0.7500,-0.7407,0.2611,3,ok
0,2366,0.346193,0.950620,-2.988614,0.012946,-0.060559,12.488527,0.202179,-0.340923,-0.340923,0.000000,,0,0,0,1,1,0,0.017994,0.148265,0.7500,-0.6755,0.2633,3,ok
0,2367,0.322409,0.945585,-3.028856,0.012925,-0.079877,12.512560,0.203062,-0.534176,-0.534176,0.000000,C-06,0,0,0,1,1,0,0.017296,0.145377,0.6667,-0.7038,0.2619,3,ok
0,2368,0.298534,0.941999,-3.048913,0.011860,-0.099934,12.536680,0.201014,-0.230892,-0.230892,0.000000,C-06,0,0,0,1,1,0,0.012637,0.130042,0.7917,-0.6451,0.2580,3,ok
0,2369,0.274661,0.939712,-3.025488,0.009662,-0.052083,12.560332,0.199543,0.345816,0.345816,0.000000,C-06,0,0,0,1,1,0,0.009266,0.113912,0.8125,-0.6256,0.2631,3,ok
0,2370,0.254786,0.937451,-3.036519,0.008514,-0.063113,12.580301,0.200199,-0.217598,-0.217598,0.000000,C-06,0,0,0,1,1,0,0.008271,0.138030,0.7917,-0.5715,0.2603,3,ok
0,2371,0.234878,0.935157,-3.055924,0.007393,-0.082519,12.600310,0.200564,-0.296804,-0.296804,0.000000,,0,0,0,1,1,0,0.010144,0.155114,0.7917,-0.6203,0.2580,3,ok
0,2372,0.210944,0.932403,-3.080091,0.006567,-0.081509,12.624220,0.200922,-0.299065,-0.299065,0.000000,,0,0,0,1,1,0,0.006235,0.153473,0.7917,-0.5495,0.2601,3,ok
0,2373,0.186970,0.929650,-3.114112,0.005756,-0.115530,12.647955,0.201227,-0.422613,-0.422613,0.000000,,0,0,0,1,1,0,0.002247,0.154729,0.7708,-0.4924,0.2594,3,ok
0,2374,0.166972,0.927404,3.132031,0.005718,-0.124827,12.668268,0.201098,-0.534526,-0.534526,0.000000,,0,0,0,1,1,0,0.000053,0.140219,0.7292,-0.4705,0.2669,3,ok
0,2375,0.146974,0.927204,3.123719,0.003638,-0.133138,12.688158,0.199969,-0.082287,-0.082287,0.000000,C-06,0,0,0,1,1,0,-0.000952,0.116859,0.7083,-0.4973,0.2607,3,ok
0,2376,0.122980,0.927572,-3.092921,0.000980,-0.036376,12.711934,0.199824,1.000000,1.000000,0.000000,C-06,0,0,0,1,1,0,-0.005313,0.113739,0.7708,-0.4258,0.2667,3,ok
0,2377,0.099033,0.927519,-3.062859,-0.001093,-0.006314,12.735792,0.199423,0.318369,0.318369,0.000000,C-06,0,0,0,1,1,0,0.000032,0.155788,0.7500,-0.4507,0.2619,3,ok
0,2378,0.075108,0.925716,-3.063805,-0.000762,0.025383,12.759820,0.200026,-0.037315,-0.037315,0.000000,C-06,0,0,0,1,1,0,0.008772,0.232931,0.7708,-0.4589,0.2603,3,ok
0,2379,0.055163,0.924125,-3.071260,-0.000261,0.017928,12.779822,0.200132,-0.116948,-0.116948,0.000000,,0,0,0,1,1,0,0.009550,0.245211,0.7708,-0.4102,0.2565,3,ok
0,2380,0.035205,0.922535,-3.083194,0.000704,0.038875,12.799820,0.200284,-0.180904,-0.180904,0.000000,,0,0,0,1,1,0,0.011589,0.248781,0.7292,-0.3891,0.2580,3,ok
0,2381,0.011237,0.920631,-3.096214,0.002136,0.025855,12.823821,0.200393,-0.157364,-0.157364,0.000000,,0,0,0,1,1,0,0.015344,0.250508,0.7083,-0.4109,0.2592,3,ok
0,2382,-0.012738,0.919506,-3.094603,0.003330,0.062162,12.847706,0.199983,0.030819,0.030819,0.000000,C-06,0,0,0,1,1,0,0.015721,0.253051,0.6667,-0.3451,0.2582,3,ok
0,2383,-0.032723,0.918566,-3.115123,0.004574,0.041642,12.867674,0.200145,-0.342057,-0.342057,0.000000,C-06,0,0,0,1,1,0,0.019757,0.261736,0.6250,-0.3541,0.2590,3,ok
0,2384,-0.052720,0.917624,3.130545,0.006151,0.037925,12.887447,0.200214,-0.555642,-0.555642,0.000000,C-06,0,0,0,1,1,0,0.021258,0.262127,0.6042,-0.3415,0.2576,3,ok
0,2385,-0.076715,0.917077,3.111383,0.007901,0.018762,12.911383,0.199931,-0.207415,-0.207415,0.000000,C-06,0,0,0,1,1,0,0.018658,0.231232,0.6875,-0.2819,0.2592,3,ok
0,2386,-0.100703,0.917717,3.111753,0.008852,0.051382,12.935076,0.200000,0.022370,0.022370,0.000000,C-06,0,0,0,1,1,0,0.023365,0.211494,0.7083,-0.3473,0.2625,3,ok
0,2387,-0.124691,0.918433,3.106989,0.010165,0.046618,12.959038,0.199971,-0.063757,-0.063757,0.000000,,0,0,0,1,1,0,0.024728,0.220361,0.7292,-0.3054,0.2604,3,ok
0,2388,-0.144666,0.919030,3.072823,0.011517,0.043123,12.978652,0.199646,-0.584812,-0.584812,0.000000,C-06,0,0,0,1,1,0,0.027627,0.222798,0.6875,-0.2883,0.2623,3,ok
0,2389,-0.164591,0.919627,3.038788,0.013199,0.009088,12.998515,0.199071,-0.502170,-0.502170,0.000000,,0,0,0,1,1,0,0.026650,0.201243,0.7083,-0.2458,0.2629,3,ok
0,2390,-0.188424,0.920789,3.008831,0.014919,0.007333,13.021921,0.198678,-0.374317,-0.374317,0.000000,,0,0,0,1,1,0,0.028546,0.190504,0.6875,-0.3064,0.2637,3,ok
0,2391,-0.212158,0.922599,2.976779,0.016476,-0.024720,13.045674,0.198162,-0.418922,-0.418922,0.000000,,0,0,0,1,1,0,0.026271,0.151100,0.7083,-0.2585,0.2686,3,ok
0,2392,-0.231852,0.924981,2.956251,0.016897,-0.045247,13.063317,0.198332,-0.317148,-0.317148,0.000000,,0,0,0,1,1,0,0.024450,0.134159,0.6875,-0.2222,0.2657,3,ok
0,2393,-0.251472,0.927829,2.936849,0.017435,-0.038700,13.084868,0.198356,0.327778,0.327778,0.000000,C-06,0,0,0,1,1,0,0.023248,0.105808,0.7083,-0.2082,0.2697,3,ok
0,2394,-0.275019,0.932640,2.958265,0.016646,-0.017284,13.108889,0.200656,0.291559,0.291559,0.000000,,0,0,0,1,1,0,0.024201,0.089905,0.7708,-0.2379,0.2656,3,ok
0,2395,-0.298653,0.937450,2.975047,0.016376,0.022967,13.132632,0.201240,0.217766,0.217766,0.000000,,0,0,0,1,1,0,0.023415,0.102140,0.8333,-0.1744,0.2655,3,ok
0,2396,-0.322302,0.941517,2.964242,0.016877,0.012162,13.156623,0.199721,-0.165271,-0.165271,0.000000,C-06,0,0,0,1,1,0,0.028247,0.133114,0.7917,-0.1762,0.2635,3,ok
0,2397,-0.341974,0.944872,2.955917,0.017752,0.025324,13.176167,0.199421,-0.129601,-0.129601,0.000000,,0,0,0,1,1,0,0.028037,0.134714,0.7083,-0.1454,0.2628,3,ok
0,2398,-0.361638,0.948486,2.961624,0.018403,0.031031,13.196151,0.200085,0.109706,0.109706,0.000000,C-06,0,0,0,1,1,0,0.028037,0.134714,0.7083,-0.1454,0.2628,3,ok
0,2399,-0.385214,0.952790,2.943149,0.019469,0.032260,13.219765,0.199359,-0.275514,-0.275514,0.000000,C-06,0,0,0,1,1,0,0.030094,0.142781,0.6875,-0.1300,0.2632,3,ok
0,2400,-0.408626,0.957090,2.893880,0.020662,-0.017009,13.243539,0.197293,-0.715784,-0.715784,0.000000,C-06,0,0,0,1,1,0,0.032103,0.132428,0.6667,-0.1412,0.2609,3,ok
0,2401,-0.428003,0.961879,2.891855,0.020628,-0.001042,13.263143,0.199887,0.026158,0.026158,0.000000,C-06,0,0,0,1,1,0,0.027752,0.094283,0.6667,-0.0926,0.2665,3,ok
0,2402,-0.447428,0.966818,2.912755,0.020630,0.019858,13.283186,0.200900,0.376652,0.376652,0.000000,C-06,0,0,0,1,1,0,0.029493,0.083159,0.7708,-0.1396,0.2615,3,ok
0,2403,-0.470890,0.972747,2.947527,0.020778,0.071041,13.307010,0.202309,0.477515,0.477515,0.000000,,0,0,0,1,1,0,0.031030,0.095601,0.7500,-0.0944,0.2673,3,ok
0,2404,-0.494446,0.977485,2.947482,0.022427,0.070995,13.330981,0.200009,-0.042899,-0.042899,0.000000,C-06,0,0,0,1,1,0,0.036502,0.128522,0.7292,-0.1217,0.2635,3,ok
0,2405,-0.517916,0.982120,2.911248,0.024231,0.049886,13.354504,0.198592,-0.545854,-0.545854,0.000000,C-06,0,0,0,1,1,0,0.040709,0.148373,0.6875,-0.0980,0.2645,3,ok
0,2406,-0.537330,0.985983,2.887383,0.025906,0.026020,13.374228,0.197480,-0.381701,-0.381701,0.000000,C-06,0,0,0,1,1,0,0.040654,0.122499,0.6875,-0.0988,0.2671,3,ok
0,2407,-0.556635,0.990231,2.867220,0.027182,0.005857,13.393953,0.197649,-0.334522,-0.334522,0.000000,,0,0,0,1,1,0,0.038128,0.109366,0.7083,-0.0624,0.2685,3,ok
0,2408,-0.579639,0.995742,2.837288,0.028573,-0.010178,13.417150,0.196882,-0.430958,-0.430958,0.000000,,0,0,0,1,1,0,0.037416,0.083868,0.6875,-0.0678,0.2634,3,ok
0,2409,-0.602479,1.002441,2.822449,0.028837,-0.025017,13.440951,0.198462,-0.198654,-0.198654,0.000000,C-06,0,0,0,1,1,0,0.033908,0.054710,0.6875,-0.0195,0.2682,3,ok
0,2410,-0.621516,1.008614,2.841294,0.028657,0.005649,13.460645,0.200825,0.384777,0.384777,0.000000,C-06,0,0,0,1,1,0,0.035179,0.046580,0.7083,-0.0467,0.2634,3,ok
0,2411,-0.640683,1.014825,2.862779,0.028537,0.027134,13.480793,0.202000,0.364600,0.364600,0.000000,,0,0,0,1,1,0,0.035288,0.055667,0.7500,-0.0142,0.2679,3,ok
0,2412,-0.663824,1.022164,2.883779,0.028659,0.059356,13.504753,0.202326,0.288898,0.288898,0.000000,,0,0,0,1,1,0,0.035288,0.055667,0.7500,-0.0142,0.2679,3,ok
0,2413,-0.687009,1.028403,2.874273,0.029994,0.049850,13.528725,0.199663,-0.166365,-0.166365,0.000000,C-06,0,0,0,1,1,0,0.042331,0.094819,0.7500,-0.0088,0.2659,3,ok
0,2414,-0.710069,1.034575,2.846000,0.031424,0.031152,13.552315,0.198194,-0.421091,-0.421091,0.000000,C-06,0,0,0,1,1,0,0.044118,0.090950,0.6875,0.0144,0.2627,3,ok
0,2415,-0.729137,1.039742,2.824456,0.032642,0.009608,13.572033,0.197261,-0.366839,-0.366839,0.000000,,0,0,0,1,1,0,0.042873,0.077327,0.7083,0.0251,0.2645,3,ok
0,2416,-0.748069,1.045208,2.801905,0.033531,-0.012944,13.591718,0.196998,-0.395631,-0.395631,0.000000,,0,0,0,1,1,0,0.041155,0.056062,0.6875,0.0334,0.2608,3,ok
0,2417,-0.770578,1.052321,2.772644,0.034258,-0.033591,13.614945,0.196677,-0.434533,-0.434533,0.000000,,0,0,0,1,1,0,0.040027,0.034257,0.7083,0.0423,0.2643,3,ok
0,2418,-0.792900,1.060586,2.758823,0.033844,-0.047412,13.638744,0.198468,-0.193769,-0.193769,0.000000,C-06,0,0,0,1,1,0,0.035876,0.002669,0.7083,0.0798,0.2640,3,ok
0,2419,-0.811408,1.067708,2.746844,0.033367,-0.052097,13.658333,0.198283,-0.218725,-0.218725,0.000000,,0,0,0,1,1,0,0.035149,-0.013287,0.7292,0.0661,0.2659,3,ok
0,2420,-0.829838,1.075173,2.738830,0.032561,-0.060111,13.678201,0.198893,-0.140369,-0.140369,0.000000,,0,0,0,1,1,0,0.034861,-0.023188,0.7500,0.0499,0.2639,3,ok
0,2421,-0.851921,1.084570,2.740009,0.031239,-0.052431,13.701965,0.200096,0.024956,0.024956,0.000000,C-06,0,0,0,1,1,0,0.033075,-0.032802,0.8333,0.0724,0.2642,3,ok
0,2422,-0.874004,1.093951,2.738109,0.030011,-0.054331,13.725926,0.199861,-0.033443,-0.033443,0.000000,,0,0,0,1,1,0,0.032808,-0.039043,0.7917,0.0600,0.2640,3,ok
0,2423,-0.896057,1.103330,2.733869,0.028819,-0.053280,13.749730,0.199561,-0.066927,-0.066927,0.000000,,0,0,0,1,1,0,0.030228,-0.038666,0.8125,0.1073,0.2677,3,ok
0,2424,-0.914403,1.111157,2.729952,0.027855,-0.057197,13.769652,0.199430,-0.072328,-0.072328,0.000000,,0,0,0,1,1,0,0.030678,-0.044236,0.7917,0.0796,0.2650,2,ok
0,2425,-0.932683,1.119153,2.716968,0.026712,-0.070180,13.789572,0.199113,-0.256831,-0.256831,0.000000,C-06,0,0,0,1,1,0,0.028026,-0.051736,0.7917,0.1239,0.2648,3,ok
0,2426,-0.954336,1.128961,2.671325,0.025131,-0.112075,13.813188,0.196360,-0.764473,-0.764473,0.000000,C-06,0,0,0,1,1,0,0.025942,-0.058665,0.7500,0.1213,0.2654,2,ok
0,2427,-0.975591,1.139425,2.647530,0.022796,-0.135870,13.836765,0.197614,-0.354539,-0.354539,0.000000,C-06,0,0,0,1,1,0,0.013039,-0.108850,0.7083,0.2312,0.2753,2,ok
0,2428,-0.993321,1.148772,2.678969,0.020356,-0.101326,13.856548,0.201930,0.703290,0.703290,0.000000,C-06,0,0,0,1,1,0,0.013462,-0.132513,0.7917,0.1633,0.2656,2,ok
0,2429,-1.011285,1.157925,2.691966,0.018193,-0.088329,13.876592,0.201555,0.202565,0.202565,0.000000,C-06,0,0,0,1,1,0,0.011182,-0.139077,0.7708,0.1712,0.2681,2,ok
0,2430,-1.033059,1.168447,2.725427,0.016097,-0.052802,13.900697,0.202667,0.547024,0.547024,0.000000,C-06,0,0,0,1,1,0,0.012607,-0.101232,0.8333,0.1945,0.2658,2,ok
0,2431,-1.055101,1.178571,2.743312,0.014459,-0.034918,13.924897,0.202082,0.252200,0.252200,0.000000,C-06,0,0,0,1,1,0,0.013139,-0.082256,0.8125,0.2166,0.2670,2,ok
0,2432,-1.077205,1.187993,2.737965,0.013530,-0.039382,13.948866,0.199887,-0.106383,-0.106383,0.000000,C-06,0,0,0,1,1,0,0.016234,-0.057775,0.8333,0.1907,0.2653,2,ok
0,2433,-1.095591,1.195824,2.736479,0.012799,-0.040868,13.968836,0.199839,-0.020251,-0.020251,0.000000,,0,0,0,1,1,0,0.013619,-0.058365,0.8125,0.2477,0.2654,3,ok
0,2434,-1.113941,1.203705,2.728013,0.012007,-0.049334,13.988745,0.199423,-0.166859,-0.166859,0.000000,,0,0,0,1,1,0,0.011786,-0.063488,0.7917,0.2756,0.2714,2,ok
0,2435,-1.135913,1.213352,2.727637,0.010846,-0.050046,14.012768,0.200022,0.005777,0.005777,0.000000,C-06,0,0,0,1,1,0,0.011317,-0.073928,0.7083,0.2652,0.2681,2,ok
0,2436,-1.158126,1.222998,2.787235,0.009772,0.009552,14.036961,0.203868,1.000000,1.000000,0.000000,C-06,0,0,0,1,1,0,0.007717,-0.079130,0.7500,0.3064,0.2663,2,ok
0,2437,-1.176960,1.230485,2.807278,0.009468,0.028842,14.057248,0.202525,0.296686,0.296686,0.000000,C-06,0,0,0,1,1,0,0.010113,-0.041770,0.7500,0.3546,0.2707,2,ok
0,2438,-1.195842,1.237130,2.802342,0.009964,0.023906,14.077259,0.199817,-0.118005,-0.118005,0.000000,C-06,0,0,0,1,1,0,0.015970,-0.016696,0.7708,0.3110,0.2760,3,ok
0,2439,-1.218452,1.245042,2.796776,0.010587,0.015831,14.101216,0.199457,-0.078992,-0.078992,0.000000,,0,0,0,1,1,0,0.015524,-0.018345,0.8125,0.3659,0.2741,3,ok
0,2440,-1.240988,1.253067,2.781750,0.011064,0.000805,14.125134,0.198933,-0.270625,-0.270625,0.000000,C-06,0,0,0,1,1,0,0.017372,-0.027473,0.8125,0.3313,0.2668,2,ok
0,2441,-1.263325,1.261127,2.751699,0.011411,-0.033124,14.148910,0.196908,-0.464814,-0.464814,0.000000,C-06,0,0,0,1,1,0,0.013728,-0.045554,0.7917,0.4038,0.2652,2,ok
0,2442,-1.281766,1.268330,2.737365,0.011150,-0.047458,14.168706,0.198114,-0.242198,-0.242198,0.000000,C-06,0,0,0,1,1,0,0.010550,-0.079782,0.7917,0.4422,0.2669,2,ok
0,2443,-1.300118,1.275952,2.728436,0.010467,-0.056387,14.188566,0.198777,-0.156655,-0.156655,0.000000,,0,0,0,1,1,0,0.009375,-0.102894,0.7500,0.4017,0.2629,2,ok
0,2444,-1.322160,1.285495,2.743434,0.009153,-0.046580,14.212609,0.200791,0.259752,0.259752,0.000000,C-06,0,0,0,1,1,0,0.007230,-0.118617,0.7292,0.4287,0.2634,2,ok
0,2445,-1.344389,1.295059,2.767410,0.007875,-0.022604,14.236774,0.202430,0.369707,0.369707,0.000000,,0,0,0,1,1,0,0.004479,-0.114280,0.7292,0.4972,0.2656,2,ok
0,2446,-1.363054,1.302770,2.780681,0.006981,-0.015785,14.257008,0.201905,0.226584,0.226584,0.000000,,0,0,0,1,1,0,0.004784,-0.104377,0.7083,0.5178,0.2633,2,ok
0,2447,-1.381810,1.310245,2.793442,0.006308,-0.003024,14.277187,0.201906,0.226242,0.226242,0.000000,,0,0,0,1,1,0,0.007779,-0.097654,0.7500,0.4925,0.2666,2,ok
0,2448,-1.404375,1.318471,2.793809,0.006140,-0.010522,14.301258,0.200028,-0.008363,-0.008363,0.000000,C-06,0,0,0,1,1,0,0.008090,-0.093806,0.8125,0.5092,0.2669,2,ok
0,2449,-1.426999,1.326652,2.810405,0.005906,0.006074,14.325315,0.200991,0.264114,0.264114,0.000000,C-06,0,0,0,1,1,0,0.009417,-0.098640,0.7917,0.4990,0.2661,2,ok
0,2450,-1.449726,1.334680,2.818083,0.005802,0.003749,14.349462,0.200849,0.103298,0.103298,0.000000,C-06,0,0,0,1,1,0,0.010835,-0.098926,0.7917,0.5157,0.2666,2,ok
0,2451,-1.468712,1.341284,2.825693,0.005703,0.011359,14.369563,0.201107,0.134526,0.134526,0.000000,,0,0,0,1,1,0,0.010773,-0.098721,0.7917,0.5386,0.2660,2,ok
0,2452,-1.487731,1.347580,2.828133,0.005904,0.013799,14.389596,0.200284,0.035178,0.035178,0.000000,,0,0,0,1,1,0,0.011769,-0.103523,0.7708,0.5238,0.2634,2,ok
0,2453,-1.510534,1.354984,2.820143,0.006094,-0.005232,14.413629,0.199541,-0.125718,-0.125718,0.000000,C-06,0,0,0,1,1,0,0.011769,-0.103523,0.7708,0.5238,0.2634,2,ok
0,2454,-1.533390,1.362564,2.845508,0.006086,0.020134,14.437709,0.201411,0.395727,0.395727,0.000000,C-06,0,0,0,1,1,0,0.013099,-0.120523,0.7500,0.4988,0.2607,2,ok
0,2455,-1.552620,1.368889,2.883511,0.005930,0.045248,14.458052,0.203349,0.668291,0.668291,0.000000,C-06,0,0,0,1,1,0,0.018955,-0.126051,0.7500,0.4411,0.2537,2,ok
0,2456,-1.571990,1.374327,2.893984,0.006528,0.055721,14.478162,0.200964,0.127005,0.127005,0.000000,C-06,0,0,0,1,1,0,0.023599,-0.105980,0.7917,0.4170,0.2548,2,ok
0,2457,-1.595219,1.380302,2.879030,0.007711,0.025372,14.502214,0.199450,-0.233445,-0.233445,0.000000,C-06,0,0,0,1,1,0,0.024769,-0.094410,0.7917,0.4204,0.2630,2,ok
0,2458,-1.618378,1.386383,2.873834,0.008523,0.020175,14.526144,0.199544,-0.061004,-0.061004,0.000000,C-06,0,0,0,1,1,0,0.023597,-0.111843,0.8125,0.4248,0.2591,2,ok
0,2459,-1.641577,1.392720,2.893763,0.009102,0.040104,14.549697,0.200934,0.307985,0.307985,0.000000,C-06,0,0,0,1,1,0,0.022552,-0.133901,0.7917,0.4114,0.2585,2,ok
0,2460,-1.661013,1.398012,2.913480,0.009232,0.041454,14.570492,0.201831,0.326571,0.326571,0.000000,,0,0,0,1,1,0,0.024937,-0.136537,0.7917,0.3735,0.2603,2,ok
0,2461,-1.680525,1.403057,2.926623,0.009630,0.054597,14.590641,0.201483,0.204038,0.204038,0.000000,,0,0,0,1,1,0,0.026442,-0.133786,0.7917,0.3588,0.2611,2,ok
0,2462,-1.703925,1.408282,2.905681,0.010649,0.013904,14.614799,0.199244,-0.326414,-0.326414,0.000000,C-06,0,0,0,1,1,0,0.025939,-0.131899,0.7708,0.3944,0.2657,2,ok
0,2463,-1.727282,1.413898,2.916202,0.011053,0.024426,14.638819,0.200516,0.182757,0.182757,0.000000,C-06,0,0,0,1,1,0,0.023794,-0.158398,0.7500,0.3563,0.2662,2,ok
0,2464,-1.746872,1.418408,2.971391,0.011482,0.055594,14.659200,0.202068,1.000000,1.000000,0.000000,C-06,0,0,0,1,1,0,0.022596,-0.160404,0.7292,0.3460,0.2669,2,ok
0,2465,-1.766672,1.422910,3.031113,0.011573,0.115316,14.679505,0.203741,0.920001,0.920001,0.000000,,0,0,0,1,1,0,0.026021,-0.130883,0.7292,0.3487,0.2655,2,ok
0,2466,-1.790530,1.425729,3.029324,0.014222,0.113527,14.703382,0.199925,-0.099996,-0.099996,0.000000,C-06,0,0,0,1,1,0,0.031905,-0.076686,0.7917,0.3338,0.2656,3,ok
0,2467,-1.814356,1.428327,3.012088,0.016622,0.068972,14.727573,0.199525,-0.230302,-0.230302,0.000000,,0,0,0,1,1,0,0.031849,-0.058939,0.7917,0.3658,0.2687,3,ok
0,2468,-1.838133,1.430936,2.998275,0.018901,0.055159,14.751383,0.199210,-0.174673,-0.174673,0.000000,,0,0,0,1,1,0,0.032037,-0.066617,0.8125,0.3553,0.2676,2,ok
0,2469,-1.857915,1.433409,2.989763,0.020157,0.015432,14.771948,0.199365,-0.129246,-0.129246,0.000000,,0,0,0,1,1,0,0.029730,-0.104785,0.7917,0.3372,0.2664,2,ok
0,2470,-1.877670,1.436006,2.979580,0.020952,0.005249,14.791857,0.199176,-0.161799,-0.161799,0.000000,,0,0,0,1,1,0,0.027643,-0.117268,0.7708,0.3483,0.2643,2,ok
0,2471,-1.901345,1.439670,2.974601,0.021360,0.000270,14.815690,0.199672,-0.059199,-0.059199,0.000000,,0,0,0,1,1,0,0.025779,-0.143269,0.7917,0.3521,0.2634,2,ok
0,2472,-1.925005,1.443525,2.971387,0.020737,-0.033733,14.840509,0.199767,-0.041063,-0.041063,0.000000,,0,0,0,1,1,0,0.023654,-0.157017,0.7708,0.3528,0.2631,2,ok
0,2473,-1.944769,1.446871,3.013329,0.020105,0.008209,14.860545,0.201103,0.774420,0.774420,0.000000,C-06,0,0,0,1,1,0,0.018316,-0.169527,0.7292,0.4039,0.2695,2,ok
0,2474,-1.964663,1.450225,3.067424,0.019053,0.032885,14.881471,0.202206,0.821617,0.821617,0.000000,,0,0,0,1,1,0,0.018676,-0.153389,0.7083,0.4064,0.2675,2,ok
0,2475,-1.988610,1.452361,3.078516,0.019239,0.043977,14.905512,0.200225,0.079763,0.079763,0.000000,C-06,0,0,0,1,1,0,0.024130,-0.102866,0.7917,0.3867,0.2652,2,ok
0,2476,-2.012559,1.453890,3.074446,0.019902,0.013430,14.929948,0.199945,-0.060050,-0.060050,0.000000,,0,0,0,1,1,0,0.027539,-0.083356,0.7917,0.3495,0.2641,3,ok
0,2477,-2.036504,1.455478,3.073695,0.020092,0.012680,14.953945,0.199984,-0.006100,-0.006100,0.000000,,0,0,0,1,1,0,0.025362,-0.096566,0.8333,0.3968,0.2681,2,ok
0,2478,-2.056440,1.456834,3.044993,0.020217,-0.016022,14.973926,0.199564,-0.498913,-0.498913,0.000000,C-06,0,0,0,1,1,0,0.025362,-0.096566,0.8333,0.3968,0.2681,2,ok
0,2479,-2.076334,1.458391,3.034456,0.019851,-0.049580,14.994211,0.199545,-0.128413,-0.128413,0.000000,C-06,0,0,0,1,1,0,0.023984,-0.124285,0.7708,0.3444,0.2658,2,ok
0,2480,-2.100195,1.460937,3.033949,0.018684,-0.050088,15.018179,0.200001,0.001161,0.001161,0.000000,,0,0,0,1,1,0,0.017680,-0.153549,0.7500,0.4269,0.2668,2,ok
0,2481,-2.124080,1.463515,3.056702,0.017222,-0.045909,15.042510,0.200415,0.317780,0.317780,0.000000,C-06,0,0,0,1,1,0,0.015282,-0.162436,0.7708,0.3989,0.2665,2,ok
0,2482,-2.144027,1.465664,3.081955,0.015838,-0.020656,15.062525,0.200780,0.379800,0.379800,0.000000,,0,0,0,1,1,0,0.017856,-0.154910,0.7083,0.3425,0.2683,2,ok
0,2483,-2.164003,1.467796,3.103599,0.014470,0.000988,15.081116,0.200901,0.312417,0.312417,0.000000,,0,0,0,1,1,0,0.018350,-0.144508,0.6875,0.3641,0.2621,2,ok
0,2484,-2.187997,1.470209,-3.136409,0.012536,0.027032,15.106855,0.201006,0.533072,0.533072,0.000000,C-06,0,0,0,1,1,0,0.016553,-0.133062,0.7500,0.4038,0.2695,2,ok
0,2485,-2.211996,1.470428,-3.128277,0.012823,0.035165,15.130853,0.199983,0.056529,0.056529,0.000000,C-06,0,0,0,1,1,0,0.019541,-0.101534,0.7708,0.3822,0.2655,2,ok
0,2486,-2.235995,1.470123,3.133970,0.013260,-0.003417,15.155072,0.200014,-0.282068,-0.282068,0.000000,C-06,0,0,0,1,1,0,0.020345,-0.086901,0.8125,0.3886,0.2634,2,ok
0,2487,-2.255993,1.469854,3.118840,0.013607,-0.018546,15.175068,0.199970,-0.210903,-0.210903,0.000000,,0,0,0,1,1,0,0.020779,-0.086928,0.8333,0.3689,0.2639,3,ok
0,2488,-2.275989,1.470244,3.129944,0.013144,-0.024658,15.195269,0.200033,0.196057,0.196057,0.000000,C-06,0,0,0,1,1,0,0.015257,-0.121675,0.8125,0.4049,0.2652,2,ok
0,2489,-2.299987,1.470774,-3.113815,0.012337,0.014768,15.219259,0.199982,0.497061,0.497061,0.000000,C-06,0,0,0,1,1,0,0.012909,-0.132904,0.8125,0.4369,0.2647,2,ok
0,2490,-2.323973,1.470479,-3.103944,0.012245,0.007392,15.243482,0.199894,0.093657,0.093657,0.000000,C-06,0,0,0,1,1,0,0.017872,-0.104580,0.7708,0.3902,0.2648,2,ok
0,2491,-2.343966,1.469800,-3.133176,0.012312,-0.021840,15.263486,0.200112,-0.505158,-0.505158,0.000000,C-06,0,0,0,1,1,0,0.018371,-0.103402,0.7708,0.3964,0.2641,2,ok
0,2492,-2.363963,1.469631,-3.115838,0.011869,-0.004502,15.283479,0.199944,0.326972,0.326972,0.000000,C-06,0,0,0,1,1,0,0.014262,-0.125204,0.7500,0.4286,0.2658,3,ok
0,2493,-2.387917,1.469480,-3.042993,0.010983,0.050693,15.307619,0.199102,1.000000,1.000000,0.000000,C-06,0,0,0,1,1,0,0.010488,-0.133821,0.7083,0.4652,0.2731,2,ok
0,2494,-2.411720,1.469187,-2.987701,0.010137,0.105984,15.331409,0.197805,0.683522,0.683522,0.000000,C-06,0,0,0,1,1,0,0.015609,-0.096290,0.7917,0.4538,0.2727,2,ok
0,2495,-2.435440,1.465724,-2.993729,0.012232,0.082249,15.355481,0.200149,-0.139589,-0.139589,0.000000,C-06,0,0,0,1,1,0,0.022651,-0.040948,0.7917,0.4305,0.2687,3,ok
0,2496,-2.455232,1.462668,-3.000493,0.013992,0.075485,15.375429,0.200346,-0.102928,-0.102928,0.000000,,0,0,0,1,1,0,0.026196,-0.021770,0.7917,0.4315,0.2691,3,ok
0,2497,-2.475059,1.459613,-3.022269,0.015750,0.053710,15.394327,0.200884,-0.363111,-0.363111,0.000000,C-06,0,0,0,1,1,0,0.026654,-0.035421,0.8333,0.4188,0.2669,3,ok
0,2498,-2.498902,1.456433,-3.030829,0.016884,0.027486,15.419743,0.200411,-0.092426,-0.092426,0.000000,C-06,0,0,0,1,1,0,0.025295,-0.053957,0.8125,0.4407,0.2682,3,ok
0,2499,-2.522752,1.453763,-3.027592,0.017534,0.030723,15.443733,0.199922,0.051100,0.051100,0.000000,,0,0,0,1,1,0,0.025287,-0.093116,0.7917,0.4033,0.2649,3,ok
0,2500,-2.542650,1.451489,-3.060366,0.017851,-0.019722,15.464033,0.200605,-0.579864,-0.579864,0.000000,C-06,0,0,0,1,1,0,0.023952,-0.095852,0.7917,0.4409,0.2695,2,ok
0,2501,-2.562618,1.449209,-3.120376,0.018124,-0.079732,15.484129,0.201234,-0.914822,-0.914822,0.000000,C-06,0,0,0,1,1,0,0.021231,-0.123523,0.7083,0.4363,0.2650,2,ok
0,2502,-2.586606,1.448580,-3.089757,0.016172,-0.066843,15.508366,0.199783,0.540991,0.540991,0.000000,C-06,0,0,0,1,1,0,0.011745,-0.183786,0.7292,0.4851,0.2666,2,ok
0,2503,-2.610536,1.448158,-3.043511,0.013753,-0.020597,15.532178,0.199110,0.574688,0.574688,0.000000,,0,0,0,1,1,0,0.008592,-0.196990,0.7292,0.5102,0.2698,2,ok
0,2504,-2.634372,1.447385,-3.006969,0.011603,-0.001268,15.556139,0.198486,0.457116,0.457116,0.000000,,0,0,0,1,1,0,0.014648,-0.147347,0.8333,0.4349,0.2670,2,ok
0,2505,-2.654136,1.446272,-2.968579,0.010022,0.037123,15.575871,0.197522,0.612520,0.612520,0.000000,C-06,0,0,0,1,1,0,0.013558,-0.121258,0.8333,0.5007,0.2668,2,ok
0,2506,-2.673833,1.443014,-2.969098,0.010575,0.036604,15.595827,0.200024,-0.072051,-0.072051,0.000000,C-06,0,0,0,1,1,0,0.016250,-0.092673,0.8333,0.4748,0.2683,2,ok
0,2507,-2.697480,1.438871,-2.970733,0.011173,0.016174,15.620018,0.200086,-0.017947,-0.017947,0.000000,,0,0,0,1,1,0,0.018644,-0.084531,0.7917,0.4497,0.2663,3,ok
0,2508,-2.721137,1.434729,-2.973952,0.011641,0.012955,15.644030,0.200190,-0.044106,-0.044106,0.000000,,0,0,0,1,1,0,0.016260,-0.105648,0.7917,0.4957,0.2640,2,ok
0,2509,-2.740849,1.431388,-2.968742,0.011777,0.000366,15.664218,0.199830,0.093120,0.093120,0.000000,,0,0,0,1,1,0,0.016110,-0.118087,0.7500,0.4789,0.2635,2,ok
0,2510,-2.760538,1.428054,-2.961129,0.011722,0.007979,15.684187,0.199571,0.122842,0.122842,0.000000,,0,0,0,1,1,0,0.015729,-0.121943,0.7292,0.4848,0.2598,2,ok
0,2511,-2.784043,1.423805,-2.910247,0.011922,0.058861,15.707803,0.198005,0.767606,0.767606,0.000000,C-06,0,0,0,1,1,0,0.010817,-0.123648,0.7292,0.5970,0.2675,2,ok
0,2512,-2.807312,1.419342,-2.879625,0.011805,0.070509,15.732046,0.197306,0.402219,0.402219,0.000000,C-06,0,0,0,1,1,0,0.010745,-0.103002,0.7083,0.6330,0.2748,2,ok
0,2513,-2.830450,1.413599,-2.866563,0.012979,0.083570,15.755857,0.198734,0.172230,0.172230,0.000000,C-06,0,0,0,1,1,0,0.014350,-0.073328,0.7917,0.6467,0.2734,2,ok
0,2514,-2.849717,1.408270,-2.875611,0.014275,0.055736,15.775990,0.200254,-0.184791,-0.184791,0.000000,C-06,0,0,0,1,1,0,0.021752,-0.057453,0.7917,0.5817,0.2702,2,ok
0,2515,-2.868989,1.403018,-2.864328,0.015437,0.067019,15.795931,0.199416,0.224581,0.224581,0.000000,C-06,0,0,0,1,1,0,0.020778,-0.064872,0.7917,0.6159,0.2720,2,ok
0,2516,-2.892058,1.396546,-2.860628,0.016834,0.050564,15.820232,0.199683,0.041296,0.041296,0.000000,C-06,0,0,0,1,1,0,0.020637,-0.070267,0.8333,0.6458,0.2642,2,ok
0,2517,-2.915156,1.389909,-2.873844,0.018004,0.037349,15.844236,0.200630,-0.202585,-0.202585,0.000000,C-06,0,0,0,1,1,0,0.020569,-0.064841,0.7917,0.7069,0.2752,3,ok
0,2518,-2.934486,1.384372,-2.890530,0.018966,0.020662,15.864319,0.201441,-0.285275,-0.285275,0.000000,,0,0,0,1,1,0,0.017335,-0.097218,0.7917,0.7793,0.2712,2,ok
0,2519,-2.953959,1.379041,-2.939675,0.019366,-0.047532,15.884821,0.202900,-0.892586,-0.892586,0.000000,C-06,0,0,0,1,1,0,0.017338,-0.119901,0.7500,0.7474,0.2609,2,ok
0,2520,-2.977599,1.372662,-2.998820,0.019753,-0.106677,15.909304,0.204901,-0.772200,-0.772200,0.000000,,0,0,0,1,1,0,0.017338,-0.119901,0.7500,0.7474,0.2609,2,ok
0,2521,-3.001335,1.369050,-2.980763,0.017062,-0.109717,15.933607,0.199432,0.339867,0.339867,0.000000,C-06,0,0,0,1,1,0,-0.006311,-0.233498,0.7500,1.0664,0.2765,2,ok
0,2522,-3.024888,1.365690,-2.911704,0.013988,-0.040658,15.957199,0.196891,1.000000,1.000000,0.000000,C-06,0,0,0,1,1,0,-0.011167,-0.260783,0.8125,1.1603,0.2703,2,ok
0,2523,-3.044267,1.362541,-2.873573,0.011709,-0.023287,15.976925,0.196145,0.604092,0.604092,0.000000,C-06,0,0,0,1,1,0,-0.005572,-0.220032,0.8333,1.0882,0.2723,2,ok
0,2524,-3.063522,1.357602,-2.863900,0.010951,-0.013615,15.996789,0.199059,0.125943,0.125943,0.000000,C-06,0,0,0,1,1,0,-0.003201,-0.180418,0.8125,1.0930,0.2695,2,ok
0,2525,-3.086560,1.351423,-2.850844,0.010301,-0.000559,16.020632,0.198585,0.188514,0.188514,0.000000,,0,0,0,1,1,0,-0.002569,-0.172849,0.8125,1.1110,0.2772,2,ok
0,2526,-3.109477,1.345089,-2.828592,0.009309,-0.000731,16.044634,0.197554,0.327808,0.327808,0.000000,,0,0,0,1,1,0,-0.005837,-0.186477,0.8333,1.2220,0.2727,2,ok
0,2527,-3.128445,1.339598,-2.809389,0.008685,0.018471,16.064372,0.197450,0.334158,0.334158,0.000000,,0,0,0,1,1,0,-0.000701,-0.178538,0.7708,1.1218,0.2615,2,ok
0,2528,-3.147284,1.333759,-2.788651,0.008247,0.016381,16.084272,0.197177,0.367239,0.367239,0.000000,,0,0,0,1,1,0,0.000407,-0.171223,0.7708,1.1341,0.2617,2,ok
0,2529,-3.169685,1.326285,-2.760117,0.007943,0.044915,16.107885,0.196710,0.429272,0.429272,0.000000,,0,0,0,1,1,0,-0.002314,-0.162038,0.7500,1.2560,0.2742,2,ok
0,2530,-3.191862,1.317920,-2.739113,0.008477,0.041419,16.131793,0.197609,0.309016,0.309016,0.000000,,0,0,0,1,1,0,0.001203,-0.150716,0.7500,1.2241,0.2676,2,ok
0,2531,-3.213881,1.308851,-2.726092,0.009210,0.054441,16.155595,0.198510,0.191822,0.191822,0.000000,,0,0,0,1,1,0,-0.000412,-0.151801,0.7292,1.3185,0.2750,2,ok
0,2532,-3.232131,1.301090,-2.714056,0.010048,0.066477,16.175409,0.198277,0.225235,0.225235,0.000000,,0,0,0,1,1,0,0.009316,-0.158049,0.7292,1.1636,0.2646,2,ok
0,2533,-3.250312,1.292899,-2.709938,0.010959,0.045361,16.195594,0.199497,0.065114,0.065114,0.000000,C-06,0,0,0,1,1,0,0.007500,-0.158861,0.8125,1.2847,0.2713,2,ok
0,2534,-3.272076,1.282991,-2.702911,0.011959,0.052388,16.219486,0.199143,0.112485,0.112485,0.000000,,0,0,0,1,1,0,0.011039,-0.163966,0.7917,1.2070,0.2590,2,ok
0,2535,-3.293717,1.272864,-2.685135,0.012978,0.042760,16.243692,0.198479,0.292301,0.292301,0.000000,C-06,0,0,0,1,1,0,0.011201,-0.186134,0.8125,1.2948,0.2630,2,ok
0,2536,-3.311614,1.264312,-2.672944,0.013652,0.054952,16.263516,0.198375,0.226106,0.226106,0.000000,,0,0,0,1,1,0,0.011675,-0.200998,0.8125,1.3393,0.2623,2,ok
0,2537,-3.329405,1.255528,-2.661257,0.014582,0.066639,16.283336,0.198435,0.223297,0.223297,0.000000,,0,0,0,1,1,0,0.016082,-0.212110,0.7917,1.2645,0.2543,2,ok
0,2538,-3.350625,1.244645,-2.649855,0.015533,0.048562,16.307576,0.198766,0.180602,0.180602,0.000000,,0,0,0,1,1,0,0.019174,-0.218101,0.7292,1.2233,0.2605,2,ok
0,2539,-3.371732,1.233460,-2.641289,0.016673,0.057127,16.331437,0.199089,0.136225,0.136225,0.000000,,0,0,0,1,1,0,0.015100,-0.226392,0.7500,1.3536,0.2624,2,ok
0,2540,-3.392580,1.221949,-2.602749,0.017785,0.060434,16.355784,0.196883,0.677637,0.677637,0.000000,C-06,0,0,0,1,1,0,0.012694,-0.255707,0.6875,1.3952,0.2666,2,ok
0,2541,-3.409503,1.212014,-2.554870,0.018942,0.108312,16.375374,0.195523,1.000000,1.000000,0.000000,C-06,0,0,0,1,1,0,0.015349,-0.252685,0.7500,1.4003,0.2669,2,ok
0,2542,-3.425993,1.201126,-2.526665,0.021145,0.136518,16.395011,0.198021,0.551141,0.551141,0.000000,C-06,0,0,0,1,1,0,0.021963,-0.226641,0.7500,1.3382,0.2675,2,ok
0,2543,-3.445554,1.187277,-2.522197,0.023776,0.100275,16.419584,0.199839,0.047169,0.047169,0.000000,C-06,0,0,0,1,1,0,0.035227,-0.201610,0.7708,1.0991,0.2587,2,ok
0,2544,-3.465024,1.173329,-2.511365,0.026510,0.111107,16.443378,0.199389,0.201410,0.201410,0.000000,C-06,0,0,0,1,1,0,0.031868,-0.212862,0.8125,1.2549,0.2645,2,ok
0,2545,-3.481109,1.161551,-2.498684,0.028321,0.077790,16.464716,0.199292,0.276654,0.276654,0.000000,,0,0,0,1,1,0,0.032341,-0.217294,0.8333,1.2491,0.2620,2,ok
0,2546,-3.497096,1.149557,-2.496162,0.029959,0.080312,16.484635,0.199916,0.034530,0.034530,0.000000,C-06,0,0,0,1,1,0,0.036234,-0.235619,0.7292,1.1857,0.2622,2,ok
0,2547,-3.516202,1.135091,-2.486500,0.032029,0.089973,16.508323,0.199622,0.182124,0.182124,0.000000,,0,0,0,1,1,0,0.036144,-0.250118,0.7917,1.1868,0.2567,2,ok
0,2548,-3.535224,1.120462,-2.485791,0.032938,0.039614,16.534208,0.199999,0.000680,0.000680,0.000000,C-06,0,0,0,1,1,0,0.036093,-0.261451,0.7292,1.1791,0.2609,2,ok
0,2549,-3.554321,1.105855,-2.496986,0.033842,0.028419,16.558234,0.200526,-0.213757,-0.213757,0.000000,C-06,0,0,0,1,1,0,0.031965,-0.289179,0.7083,1.2655,0.2580,2,ok
0,2550,-3.570339,1.093833,-2.501899,0.033652,-0.032117,16.580098,0.200257,-0.096832,-0.096832,0.000000,,0,0,0,1,1,0,0.029294,-0.307680,0.6875,1.3108,0.2609,2,ok
0,2551,-3.586395,1.081894,-2.503375,0.033050,-0.033593,16.600097,0.200072,-0.026614,-0.026614,0.000000,,0,0,0,1,1,0,0.029294,-0.307680,0.6875,1.3108,0.2609,2,ok
0,2552,-3.605385,1.067412,-2.460932,0.032453,-0.047111,16.625853,0.199112,0.824483,0.824483,0.000000,C-06,0,0,0,1,1,0,0.025110,-0.368846,0.7917,1.2449,0.2585,2,ok
0,2553,-3.623799,1.052051,-2.429181,0.031686,-0.015360,16.649821,0.200299,0.576496,0.576496,0.000000,C-06,0,0,0,1,1,0,0.021822,-0.362946,0.7917,1.2962,0.2550,2,ok
0,2554,-3.638872,1.038806,-2.406231,0.031561,0.007590,16.669886,0.200966,0.496155,0.496155,0.000000,,0,0,0,1,1,0,0.025032,-0.333011,0.7708,1.1735,0.2505,2,ok
0,2555,-3.653699,1.025297,-2.394503,0.031115,-0.036939,16.691773,0.200550,0.233573,0.233573,0.000000,C-06,0,0,0,1,1,0,0.024472,-0.337718,0.7708,1.1785,0.2535,2,ok
0,2556,-3.671274,1.008876,-2.381501,0.030299,-0.023937,16.715812,0.200356,0.230118,0.230118,0.000000,,0,0,0,1,1,0,0.028312,-0.347680,0.7500,1.0225,0.2510,2,ok
0,2557,-3.688626,0.992263,-2.372826,0.029526,-0.071344,16.741490,0.200147,0.145737,0.145737,0.000000,,0,0,0,1,1,0,0.026472,-0.351979,0.7500,1.0367,0.2512,2,ok
0,2558,-3.705689,0.975371,-2.346544,0.028062,-0.045062,16.765454,0.199767,0.474470,0.474470,0.000000,C-06,0,0,0,1,1,0,0.020579,-0.358763,0.7500,1.1191,0.2504,2,ok
0,2559,-3.719526,0.961018,-2.322978,0.027311,-0.021496,16.785377,0.199047,0.497744,0.497744,0.000000,,0,0,0,1,1,0,0.018884,-0.362885,0.6875,1.0708,0.2547,2,ok
0,2560,-3.733042,0.946407,-2.302862,0.026255,-0.056612,16.806748,0.199197,0.426766,0.426766,0.000000,,0,0,0,1,1,0,0.014709,-0.368092,0.6875,1.1183,0.2613,2,ok
0,2561,-3.748682,0.928245,-2.252834,0.025375,-0.006584,16.830700,0.200792,0.954985,0.954985,0.000000,C-06,0,0,0,1,1,0,0.015817,-0.353384,0.7708,1.0726,0.2581,2,ok
0,2562,-3.763683,0.909357,-2.219169,0.025141,-0.026744,16.856169,0.201342,0.587985,0.587985,0.000000,C-06,0,0,0,1,1,0,0.017882,-0.315836,0.8542,1.0078,0.2638,2,ok
0,2563,-3.775786,0.893305,-2.201035,0.024635,-0.008610,16.876267,0.201116,0.371658,0.371658,0.000000,C-06,0,0,0,1,1,0,0.019853,-0.300281,0.8125,0.9743,0.2601,2,ok
0,2564,-3.787570,0.877126,-2.198629,0.024462,-0.006204,16.896282,0.200069,0.022334,0.022334,0.000000,C-06,0,0,0,1,1,0,0.018903,-0.296317,0.7917,0.9717,0.2613,2,ok
0,2565,-3.801659,0.857642,-2.189401,0.023553,-0.049008,16.921605,0.200594,0.172670,0.172670,0.000000,C-06,0,0,0,1,1,0,0.018387,-0.300445,0.7708,0.9269,0.2589,2,ok
0,2566,-3.815566,0.837914,-2.162559,0.022428,-0.022166,16.945717,0.202113,0.484082,0.484082,0.000000,C-06,0,0,0,1,1,0,0.015762,-0.314934,0.7500,0.9258,0.2609,2,ok
0,2567,-3.829059,0.817887,-2.147079,0.021427,-0.057330,16.970963,0.201209,0.249153,0.249153,0.000000,C-06,0,0,0,1,1,0,0.015057,-0.304805,0.7083,0.8713,0.2545,2,ok
0,2568,-3.840068,0.801060,-2.136418,0.020159,-0.046670,16.991032,0.201111,0.214864,0.214864,0.000000,,0,0,0,1,1,0,0.008994,-0.301500,0.7292,0.9829,0.2610,2,ok
0,2569,-3.850866,0.784088,-2.119641,0.019147,-0.029893,17.011121,0.201802,0.346216,0.346216,0.000000,,0,0,0,1,1,0,0.008092,-0.303662,0.6667,0.9336,0.2706,2,ok
0,2570,-3.863688,0.763459,-2.094165,0.017389,-0.052422,17.036227,0.202711,0.427765,0.427765,0.000000,,0,0,0,1,1,0,0.003200,-0.308609,0.7083,0.9770,0.2718,2,ok
0,2571,-3.876051,0.742456,-2.055889,0.015860,-0.014147,17.060551,0.204513,0.638106,0.638106,0.000000,C-06,0,0,0,1,1,0,0.006560,-0.295284,0.7708,0.8664,0.2697,2,ok
0,2572,-3.885855,0.724658,-2.033438,0.014851,-0.037479,17.081584,0.203127,0.412072,0.412072,0.000000,C-06,0,0,0,1,1,0,0.007260,-0.270967,0.7917,0.8384,0.2684,2,ok
0,2573,-3.895326,0.706661,-2.010415,0.013561,-0.014456,17.101880,0.203461,0.435240,0.435240,0.000000,,0,0,0,1,1,0,0.007377,-0.253502,0.7708,0.8293,0.2647,2,ok
0,2574,-3.906159,0.684815,-1.984805,0.012601,0.011154,17.126245,0.203237,0.393191,0.393191,0.000000,,0,0,0,1,1,0,0.006222,-0.243777,0.7708,0.8472,0.2583,2,ok
0,2575,-3.916184,0.662770,-1.970261,0.011639,-0.017264,17.150946,0.201705,0.207661,0.207661,0.000000,C-06,0,0,0,1,1,0,0.006948,-0.233083,0.7708,0.8161,0.2612,2,ok
0,2576,-3.925643,0.640689,-1.977792,0.011065,-0.024795,17.174961,0.199819,-0.133340,-0.133340,0.000000,C-06,0,0,0,1,1,0,0.005421,-0.238947,0.7708,0.8405,0.2634,2,ok
0,2577,-3.933507,0.622341,-1.982242,0.010173,-0.070265,17.195357,0.199481,-0.077156,-0.077156,0.000000,,0,0,0,1,1,0,0.002959,-0.249291,0.7292,0.8281,0.2632,2,ok
0,2578,-3.941498,0.603937,-1.961013,0.008746,-0.049036,17.215369,0.201445,0.438072,0.438072,0.000000,C-06,0,0,0,1,1,0,-0.000572,-0.267148,0.7083,0.8472,0.2559,2,ok
0,2579,-3.951097,0.581638,-1.938101,0.007097,-0.026124,17.239591,0.202865,0.336695,0.336695,0.000000,,0,0,0,1,1,0,-0.002571,-0.280718,0.7083,0.8647,0.2568,2,ok
0,2580,-3.960358,0.559075,-1.896194,0.004971,-0.022023,17.264150,0.204440,0.643473,0.643473,0.000000,C-06,0,0,0,1,1,0,-0.001960,-0.267176,0.7083,0.8073,0.2607,2,ok
0,2581,-3.968035,0.540005,-1.856769,0.003302,0.017402,17.284639,0.206109,0.681158,0.681158,0.000000,,0,0,0,1,1,0,0.001591,-0.244839,0.7917,0.7331,0.2598,2,ok
0,2582,-3.974383,0.520762,-1.837978,0.002575,0.000377,17.305002,0.202326,0.285758,0.285758,0.000000,C-06,0,0,0,1,1,0,0.003573,-0.211836,0.8333,0.6984,0.2607,2,ok
0,2583,-3.981214,0.497570,-1.824563,0.002036,0.013792,17.329173,0.201396,0.179374,0.179374,0.000000,,0,0,0,1,1,0,0.005261,-0.196154,0.7500,0.6581,0.2604,2,ok
0,2584,-3.987273,0.474337,-1.824562,0.002123,-0.019655,17.353253,0.200007,-0.009507,-0.009507,0.000000,C-06,0,0,0,1,1,0,0.005121,-0.193136,0.7292,0.6513,0.2597,2,ok
0,2585,-3.993299,0.451051,-1.803825,0.001611,0.001081,17.377300,0.200923,0.313682,0.313682,0.000000,C-06,0,0,0,1,1,0,0.001563,-0.212649,0.7708,0.6934,0.2665,2,ok
0,2586,-3.998321,0.431558,-1.789207,0.001204,0.015699,17.397426,0.201570,0.233326,0.233326,0.000000,,0,0,0,1,1,0,0.003104,-0.213293,0.7917,0.6341,0.2575,2,ok
0,2587,-4.002722,0.412030,-1.788663,0.000977,-0.016858,17.417479,0.200051,-0.011108,-0.011108,0.000000,C-06,0,0,0,1,1,0,0.003104,-0.213293,0.7917,0.6341,0.2575,2,ok
0,2588,-4.007937,0.388616,-1.796343,0.000559,-0.024539,17.441463,0.199736,-0.112085,-0.112085,0.000000,,0,0,0,1,1,0,0.004204,-0.213405,0.6667,0.5651,0.2611,2,ok
0,2589,-4.013298,0.365143,-1.759145,-0.000249,-0.021074,17.465530,0.201427,0.573074,0.573074,0.000000,C-06,0,0,0,1,1,0,-0.005582,-0.242673,0.6458,0.6571,0.2700,2,ok
0,2590,-4.017775,0.345435,-1.724170,-0.001302,0.013900,17.485712,0.202601,0.551280,0.551280,0.000000,,0,0,0,1,1,0,-0.004107,-0.224601,0.7500,0.6558,0.2640,2,ok
0,2591,-4.021690,0.325641,-1.704559,-0.001787,0.033511,17.505885,0.201672,0.290148,0.290148,0.000000,C-06,0,0,0,1,1,0,0.000499,-0.193941,0.7500,0.5759,0.2601,2,ok
0,2592,-4.025467,0.301834,-1.691366,-0.002121,0.012844,17.529924,0.200794,0.159821,0.159821,0.000000,,0,0,0,1,1,0,0.001301,-0.185410,0.7917,0.5647,0.2620,2,ok
0,2593,-4.028395,0.278009,-1.692588,-0.001794,0.011622,17.553926,0.199980,-0.025055,-0.025055,0.000000,C-06,0,0,0,1,1,0,0.001853,-0.173799,0.7917,0.5252,0.2584,2,ok
0,2594,-4.031313,0.254160,-1.670662,-0.001951,-0.001232,17.577882,0.200462,0.307097,0.307097,0.000000,C-06,0,0,0,1,1,0,-0.003210,-0.176485,0.7708,0.6118,0.2640,2,ok
0,2595,-4.033745,0.234231,-1.636712,-0.002472,0.032718,17.597951,0.201016,0.529631,0.529631,0.000000,C-06,0,0,0,1,1,0,-0.001673,-0.179570,0.7708,0.5569,0.2648,2,ok
0,2596,-4.035716,0.214264,-1.621581,-0.002531,0.047849,17.618015,0.200567,0.198072,0.198072,0.000000,C-06,0,0,0,1,1,0,-0.000475,-0.162785,0.7500,0.5658,0.2606,2,ok
0,2597,-4.037018,0.190304,-1.636530,-0.002259,-0.001349,17.641928,0.199846,-0.219011,-0.219011,0.000000,C-06,0,0,0,1,1,0,0.001484,-0.146290,0.7083,0.5296,0.2589,2,ok
0,2598,-4.038258,0.166381,-1.665442,-0.001998,-0.030261,17.665882,0.199398,-0.370502,-0.370502,0.000000,C-06,0,0,0,1,1,0,-0.002301,-0.171852,0.7083,0.5479,0.2600,2,ok
0,2599,-4.040075,0.146457,-1.646028,-0.002960,-0.043296,17.685784,0.200301,0.368106,0.368106,0.000000,C-06,0,0,0,1,1,0,-0.004467,-0.208156,0.6250,0.5018,0.2653,2,ok
0,2600,-4.041959,0.126495,-1.616958,-0.004287,-0.014227,17.705791,0.200657,0.433443,0.433443,0.000000,,0,0,0,1,1,0,-0.008801,-0.210912,0.7500,0.5800,0.2600,2,ok
0,2601,-4.044219,0.102505,-1.574119,-0.005878,0.028613,17.728275,0.200882,0.519284,0.519284,0.000000,,0,0,0,1,1,0,-0.007717,-0.192323,0.7917,0.5828,0.2693,2,ok
0,2602,-4.044720,0.078505,-1.564254,-0.006420,0.008886,17.753670,0.200012,0.088212,0.088212,0.000000,C-06,0,0,0,1,1,0,-0.005458,-0.166765,0.7917,0.5467,0.2608,2,ok
0,2603,-4.045000,0.054508,-1.547848,-0.006700,0.025292,17.777668,0.199964,0.204239,0.204239,0.000000,,0,0,0,1,1,0,-0.006917,-0.149525,0.7708,0.6073,0.2714,2,ok
0,2604,-4.045102,0.034516,-1.536219,-0.007220,0.008547,17.797475,0.199885,0.164285,0.164285,0.000000,,0,0,0,1,1,0,-0.007382,-0.141441,0.7708,0.6120,0.2644,2,ok
0,2605,-4.045074,0.014538,-1.510838,-0.007718,0.033929,17.817446,0.199658,0.388818,0.388818,0.000000,C-06,0,0,0,1,1,0,-0.002758,-0.145663,0.7292,0.4745,0.2610,2,ok
0,2606,-4.044124,-0.009409,-1.499701,-0.007566,0.018991,17.841215,0.199713,0.125412,0.125412,0.000000,C-06,0,0,0,1,1,0,-0.006468,-0.135949,0.7708,0.5970,0.2586,2,ok
0,2607,-4.042491,-0.033347,-1.498030,-0.007191,0.020662,17.865205,0.199958,0.015104,0.015104,0.000000,,0,0,0,1,1,0,-0.004332,-0.127342,0.6875,0.5632,0.2616,2,ok
0,2608,-4.041040,-0.053303,-1.513639,-0.006789,0.005053,17.885210,0.200192,-0.259811,-0.259811,0.000000,C-06,0,0,0,1,1,0,-0.004845,-0.134696,0.6875,0.5740,0.2625,2,ok
0,2609,-4.039884,-0.073269,-1.509910,-0.007132,-0.016090,17.905024,0.199956,0.077261,0.077261,0.000000,C-06,0,0,0,1,1,0,-0.015164,-0.160622,0.6875,0.7523,0.2714,2,ok
0,2610,-4.038520,-0.097214,-1.495890,-0.007668,-0.002069,17.929002,0.199773,0.178873,0.178873,0.000000,,0,0,0,1,1,0,-0.010056,-0.167387,0.7292,0.6206,0.2643,2,ok
0,2611,-4.037156,-0.121126,-1.473972,-0.008468,-0.005133,17.952753,0.199407,0.279281,0.279281,0.000000,,0,0,0,1,1,0,-0.009594,-0.163004,0.7500,0.6045,0.2645,2,ok
0,2612,-4.035568,-0.144993,-1.457224,-0.009331,0.011615,17.976657,0.199280,0.207047,0.207047,0.000000,,0,0,0,1,1,0,-0.009428,-0.148844,0.7708,0.6308,0.2643,2,ok
0,2613,-4.033927,-0.164848,-1.443743,-0.009731,0.025097,17.994111,0.199192,0.206231,0.206231,0.000000,,0,0,0,1,1,0,-0.010615,-0.144306,0.7500,0.6768,0.2654,2,ok
0,2614,-4.032131,-0.184660,-1.423120,-0.010457,0.021261,18.016245,0.198671,0.328121,0.328121,0.000000,,0,0,0,1,1,0,-0.007732,-0.140304,0.7292,0.6020,0.2646,2,ok
0,2615,-4.029674,-0.208352,-1.397959,-0.010958,0.046422,18.040059,0.198391,0.329185,0.329185,0.000000,,0,0,0,1,1,0,-0.007786,-0.142472,0.7292,0.6388,0.2682,2,ok
0,2616,-4.025670,-0.232003,-1.403551,-0.010364,0.017196,18.063751,0.200083,-0.094475,-0.094475,0.000000,C-06,0,0,0,1,1,0,-0.005914,-0.129948,0.6875,0.6370,0.2666,2,ok
0,2617,-4.022285,-0.251744,-1.416332,-0.009991,0.004415,18.083776,0.200475,-0.210405,-0.210405,0.000000,,0,0,0,1,1,0,-0.006782,-0.141445,0.6667,0.6424,0.2648,2,ok
0,2618,-4.018999,-0.271515,-1.421734,-0.009721,-0.000987,18.100428,0.200409,-0.074667,-0.074667,0.000000,,0,0,0,1,1,0,-0.009575,-0.163646,0.6458,0.6770,0.2648,2,ok
0,2619,-4.015407,-0.295218,-1.403069,-0.010382,-0.006900,18.127553,0.199458,0.274570,0.274570,0.000000,C-06,0,0,0,1,1,0,-0.012458,-0.191777,0.6667,0.7131,0.2657,2,ok
0,2620,-4.011836,-0.318785,-1.356279,-0.010963,0.039889,18.151383,0.197763,0.661479,0.661479,0.000000,C-06,0,0,0,1,1,0,-0.013232,-0.186431,0.6875,0.7345,0.2681,2,ok
0,2621,-4.007287,-0.342187,-1.339830,-0.011045,0.031392,18.174974,0.198745,0.189717,0.189717,0.000000,C-06,0,0,0,1,1,0,-0.010982,-0.150978,0.7708,0.7868,0.2655,2,ok
0,2622,-4.002785,-0.361649,-1.337775,-0.010448,0.033447,18.194942,0.199859,0.020073,0.020073,0.000000,C-06,0,0,0,1,1,0,-0.008327,-0.139874,0.7500,0.7547,0.2671,2,ok
0,2623,-3.998199,-0.381107,-1.336980,-0.010003,0.008980,18.214644,0.199911,0.012549,0.012549,0.000000,,0,0,0,1,1,0,-0.009052,-0.136360,0.7292,0.7808,0.2690,2,ok
0,2624,-3.992640,-0.404370,-1.305445,-0.009784,0.040515,18.238561,0.198565,0.475044,0.475044,0.000000,C-06,0,0,0,1,1,0,-0.011876,-0.149017,0.7500,0.8790,0.2674,2,ok
0,2625,-3.987072,-0.427438,-1.277445,-0.009511,0.068515,18.259610,0.197204,0.389539,0.389539,0.000000,,0,0,0,1,1,0,-0.008462,-0.154999,0.7083,0.8801,0.2650,2,ok
0,2626,-3.981413,-0.446584,-1.279712,-0.008808,0.040028,18.282014,0.200002,-0.079506,-0.079506,0.000000,C-06,0,0,0,1,1,0,-0.004002,-0.145483,0.6875,0.8158,0.2677,2,ok
0,2627,-3.975679,-0.465791,-1.298333,-0.007986,0.021407,18.302042,0.200917,-0.341386,-0.341386,0.000000,C-06,0,0,0,1,1,0,-0.004008,-0.149807,0.7083,0.8305,0.2612,2,ok
0,2628,-3.969227,-0.488909,-1.297829,-0.007807,-0.006241,18.325821,0.199893,0.033167,0.033167,0.000000,C-06,0,0,0,1,1,0,-0.004565,-0.198628,0.6667,0.8153,0.2563,2,ok
0,2629,-3.962757,-0.511971,-1.281450,-0.007903,0.010138,18.349773,0.199177,0.249379,0.249379,0.000000,C-06,0,0,0,1,1,0,-0.006371,-0.214580,0.7083,0.8285,0.2565,2,ok
0,2630,-3.956283,-0.534870,-1.251297,-0.008151,0.011747,18.373341,0.197479,0.445573,0.445573,0.000000,C-06,0,0,0,1,1,0,-0.005551,-0.213905,0.7708,0.8052,0.2585,2,ok
0,2631,-3.950790,-0.553780,-1.226906,-0.008607,0.036138,18.393028,0.196782,0.425052,0.425052,0.000000,,0,0,0,1,1,0,-0.002175,-0.207208,0.7500,0.7478,0.2571,2,ok
0,2632,-3.944781,-0.572531,-1.204089,-0.008524,0.058955,18.412717,0.196903,0.403177,0.403177,0.000000,,0,0,0,1,1,0,0.001156,-0.198782,0.7500,0.6926,0.2579,2,ok
0,2633,-3.936680,-0.594857,-1.186445,-0.008042,0.045582,18.436195,0.197982,0.257367,0.257367,0.000000,,0,0,0,1,1,0,0.001072,-0.186190,0.7500,0.7139,0.2575,2,ok
0,2634,-3.927964,-0.617057,-1.176016,-0.007184,0.056011,18.460030,0.198812,0.150070,0.150070,0.000000,,0,0,0,1,1,0,0.002133,-0.186072,0.7292,0.6929,0.2585,2,ok
0,2635,-3.920512,-0.635486,-1.167595,-0.006437,0.030450,18.479697,0.198790,0.153771,0.153771,0.000000,,0,0,0,1,1,0,0.003821,-0.193465,0.7292,0.6451,0.2566,2,ok
0,2636,-3.912745,-0.653911,-1.176694,-0.005821,0.021351,18.499683,0.200375,-0.196466,-0.196466,0.000000,C-06,0,0,0,1,1,0,0.003019,-0.197198,0.6875,0.6573,0.2591,2,ok
0,2637,-3.903400,-0.676151,-1.194602,-0.005105,0.003442,18.523795,0.201601,-0.275453,-0.275453,0.000000,,0,0,0,1,1,0,0.001900,-0.210621,0.6875,0.6416,0.2553,2,ok
0,2638,-3.894440,-0.698354,-1.163360,-0.005440,-0.001706,18.547552,0.198232,0.553170,0.553170,0.000000,C-06,0,0,0,1,1,0,0.000240,-0.222286,0.6667,0.6452,0.2552,2,ok
0,2639,-3.885469,-0.720250,-1.135007,-0.005803,0.026646,18.571212,0.196800,0.430338,0.430338,0.000000,,0,0,0,1,1,0,-0.003102,-0.237941,0.7292,0.6481,0.2556,2,ok
0,2640,-3.877610,-0.738244,-1.102385,-0.005989,0.019932,18.590594,0.195601,0.629692,0.629692,0.000000,C-06,0,0,0,1,1,0,-0.002798,-0.223655,0.7917,0.6541,0.2594,2,ok
0,2641,-3.868884,-0.756018,-1.087829,-0.005812,0.034488,18.610394,0.198265,0.249354,0.249354,0.000000,C-06,0,0,0,1,1,0,-0.000664,-0.209025,0.7708,0.6246,0.2638,2,ok
0,2642,-3.858058,-0.777159,-1.067259,-0.005198,0.055059,18.634138,0.197785,0.337380,0.337380,0.000000,,0,0,0,1,1,0,0.001708,-0.196959,0.7708,0.5742,0.2622,2,ok
0,2643,-3.846822,-0.798021,-1.039632,-0.004882,0.041442,18.657627,0.197252,0.460651,0.460651,0.000000,,0,0,0,1,1,0,0.001879,-0.195974,0.7708,0.5702,0.2661,2,ok
0,2644,-3.836966,-0.815164,-1.019886,-0.004212,0.061188,18.677389,0.197856,0.389381,0.389381,0.000000,,0,0,0,1,1,0,0.012412,-0.187162,0.7083,0.2465,0.2470,2,ok
0,2645,-3.826525,-0.832182,-1.016889,-0.003131,0.022812,18.697173,0.199833,0.030620,0.030620,0.000000,C-06,0,0,0,1,1,0,0.002411,-0.174227,0.7083,0.5869,0.2646,2,ok
0,2646,-3.813900,-0.852686,-1.032885,-0.002721,0.006816,18.721248,0.201355,-0.287172,-0.287172,0.000000,C-06,0,0,0,1,1,0,0.001715,-0.172454,0.6875,0.5984,0.2664,2,ok
0,2647,-3.801397,-0.873391,-1.048496,-0.002517,-0.008795,18.745435,0.201619,-0.255934,-0.255934,0.000000,,0,0,0,1,1,0,0.001715,-0.172454,0.6875,0.5984,0.2664,2,ok
0,2648,-3.789380,-0.894142,-1.038593,-0.003557,-0.037882,18.769289,0.199268,0.191768,0.191768,0.000000,C-06,0,0,0,1,1,0,-0.007831,-0.227537,0.6667,0.6605,0.2651,2,ok
0,2649,-3.779281,-0.911296,-1.022277,-0.004397,-0.021566,18.789177,0.198428,0.338903,0.338903,0.000000,,0,0,0,1,1,0,-0.010223,-0.230302,0.7292,0.6858,0.2615,2,ok
0,2650,-3.768972,-0.928308,-1.012398,-0.005177,-0.049181,18.808873,0.198997,0.188056,0.188056,0.000000,C-06,0,0,0,1,1,0,-0.009567,-0.231313,0.7500,0.6599,0.2590,2,ok
0,2651,-3.756272,-0.948523,-0.989762,-0.006373,-0.026545,18.832716,0.198140,0.397907,0.397907,0.000000,C-06,0,0,0,1,1,0,-0.009627,-0.228467,0.7083,0.6539,0.2600,2,ok
0,2652,-3.743208,-0.968383,-0.958976,-0.007067,0.004241,18.856478,0.198000,0.541075,0.541075,0.000000,,0,0,0,1,1,0,-0.007120,-0.230254,0.7292,0.5809,0.2544,2,ok
0,2653,-3.731817,-0.984596,-0.931344,-0.007611,-0.002962,18.876063,0.198403,0.588575,0.588575,0.000000,,0,0,0,1,1,0,-0.007618,-0.204361,0.7292,0.6048,0.2593,2,ok
0,2654,-3.719883,-1.000532,-0.913151,-0.007603,0.015231,18.895972,0.199257,0.373323,0.373323,0.000000,C-06,0,0,0,1,1,0,0.003367,-0.192826,0.6875,0.2822,0.2421,2,ok
0,2655,-3.705215,-1.019532,-0.915543,-0.007501,-0.019363,18.919729,0.200152,-0.074287,-0.074287,0.000000,C-06,0,0,0,1,1,0,-0.004496,-0.184753,0.6875,0.5769,0.2620,2,ok
0,2656,-3.690580,-1.038537,-0.911725,-0.007959,-0.015545,18.943712,0.199852,0.077786,0.077786,0.000000,C-06,0,0,0,1,1,0,-0.005905,-0.184957,0.6875,0.5784,0.2609,2,ok
0,2657,-3.675739,-1.057319,-0.884434,-0.008117,0.011746,18.966055,0.199581,0.525374,0.525374,0.000000,C-06,0,0,0,1,1,0,-0.007056,-0.206369,0.6458,0.5658,0.2591,2,ok
0,2658,-3.662892,-1.072636,-0.858803,-0.008388,0.006187,18.987366,0.200283,0.574241,0.574241,0.000000,,0,0,0,1,1,0,-0.006397,-0.204756,0.6667,0.5610,0.2606,2,ok
0,2659,-3.649603,-1.087707,-0.828584,-0.008115,0.036406,19.007456,0.201555,0.666240,0.666240,0.000000,,0,0,0,1,1,0,0.005660,-0.196497,0.6667,0.2713,0.2386,2,ok
0,2660,-3.633230,-1.105347,-0.812540,-0.007478,0.021739,19.031313,0.200433,0.259965,0.259965,0.000000,C-06,0,0,0,1,1,0,-0.004435,-0.180789,0.7292,0.5664,0.2636,2,ok
0,2661,-3.616681,-1.122746,-0.807819,-0.006876,0.026460,19.055318,0.200097,0.072073,0.072073,0.000000,C-06,0,0,0,1,1,0,-0.001553,-0.154964,0.7500,0.5727,0.2605,2,ok
0,2662,-3.602878,-1.137209,-0.810747,-0.006342,0.023531,19.073476,0.199897,-0.068900,-0.068900,0.000000,,0,0,0,1,1,0,-0.001864,-0.153473,0.7708,0.5711,0.2610,2,ok
0,2663,-3.588975,-1.151622,-0.791352,-0.006388,0.012726,19.095127,0.200189,0.450422,0.450422,0.000000,C-06,0,0,0,1,1,0,-0.006124,-0.161103,0.7917,0.6488,0.2631,2,ok
0,2664,-3.571910,-1.168457,-0.762913,-0.005784,0.041165,19.119090,0.199376,0.495678,0.495678,0.000000,,0,0,0,1,1,0,-0.004956,-0.164759,0.7083,0.6399,0.2642,2,ok
0,2665,-3.554552,-1.185027,-0.762712,-0.005242,0.012602,19.142921,0.200033,-0.024398,-0.024398,0.000000,C-06,0,0,0,1,1,0,-0.002161,-0.152776,0.7500,0.6112,0.2639,2,ok
0,2666,-3.537295,-1.201741,-0.779204,-0.005111,-0.003891,19.166946,0.200124,-0.303953,-0.303953,0.000000,C-06,0,0,0,1,1,0,-0.002260,-0.159418,0.7083,0.6340,0.2663,2,ok
0,2667,-3.523150,-1.215880,-0.791579,-0.005502,-0.045323,19.186781,0.199919,-0.251696,-0.251696,0.000000,,0,0,0,1,1,0,-0.004099,-0.184906,0.6667,0.6385,0.2644,2,ok
0,2668,-3.508975,-1.229965,-0.767873,-0.006256,-0.021618,19.206749,0.199471,0.557238,0.557238,0.000000,C-06,0,0,0,1,1,0,-0.006286,-0.212287,0.7083,0.6063,0.2609,2,ok
0,2669,-3.491620,-1.246339,-0.733588,-0.006538,0.012667,19.230607,0.198775,0.612320,0.612320,0.000000,,0,0,0,1,1,0,-0.006640,-0.212602,0.7292,0.5975,0.2598,2,ok
0,2670,-3.473729,-1.262262,-0.718580,-0.006659,-0.001107,19.254385,0.199745,0.247818,0.247818,0.000000,C-06,0,0,0,1,1,0,-0.006102,-0.184219,0.7917,0.6479,0.2603,2,ok
0,2671,-3.458602,-1.275324,-0.704348,-0.006545,0.013124,19.274370,0.199953,0.321551,0.321551,0.000000,,0,0,0,1,1,0,-0.006102,-0.184219,0.7917,0.6479,0.2603,2,ok
0,2672,-3.443248,-1.288161,-0.686181,-0.006291,0.002110,19.294207,0.200290,0.411395,0.411395,0.000000,,0,0,0,1,1,0,-0.003407,-0.175183,0.7708,0.6159,0.2615,2,ok
0,2673,-3.424545,-1.303271,-0.668433,-0.006034,0.019858,19.318249,0.200473,0.319401,0.319401,0.000000,,0,0,0,1,1,0,-0.002904,-0.172565,0.7500,0.5904,0.2595,2,ok
0,2674,-3.405579,-1.318096,-0.650361,-0.005391,0.037930,19.341467,0.200727,0.326922,0.326922,0.000000,,0,0,0,1,1,0,-0.003052,-0.172728,0.7292,0.6498,0.2622,2,ok
0,2675,-3.386559,-1.332666,-0.663471,-0.005265,-0.003484,19.366109,0.199521,-0.274616,-0.274616,0.000000,C-06,0,0,0,1,1,0,-0.002051,-0.163901,0.6875,0.6594,0.2647,2,ok
0,2676,-3.370892,-1.345028,-0.678420,-0.005427,-0.018433,19.386065,0.199629,-0.331360,-0.331360,0.000000,,0,0,0,1,1,0,0.007698,-0.165868,0.6458,0.2974,0.2453,2,ok
0,2677,-3.355294,-1.357560,-0.672944,-0.006101,-0.042347,19.405887,0.200190,0.145782,0.145782,0.000000,C-06,0,0,0,1,1,0,-0.008996,-0.210455,0.6458,0.7179,0.2636,2,ok
0,2678,-3.336355,-1.372438,-0.648438,-0.006992,-0.017840,19.429955,0.201065,0.465249,0.465249,0.000000,C-06,0,0,0,1,1,0,-0.010891,-0.225795,0.6667,0.7190,0.2650,2,ok
0,2679,-3.317058,-1.386942,-0.624880,-0.007506,-0.024173,19.453898,0.201331,0.415801,0.415801,0.000000,,0,0,0,1,1,0,-0.009200,-0.213171,0.7292,0.6903,0.2624,2,ok
0,2680,-3.300744,-1.398716,-0.608793,-0.007953,-0.008085,19.474012,0.201265,0.334260,0.334260,0.000000,,0,0,0,1,1,0,-0.010854,-0.202177,0.7500,0.7584,0.2626,2,ok
0,2681,-3.284229,-1.410271,-0.589237,-0.008105,0.011471,19.494168,0.201832,0.411971,0.411971,0.000000,,0,0,0,1,1,0,-0.010609,-0.197132,0.7083,0.7864,0.2667,2,ok
0,2682,-3.264109,-1.423822,-0.563333,-0.008362,0.008256,19.518165,0.202331,0.443389,0.443389,0.000000,,0,0,0,1,1,0,-0.010308,-0.190904,0.7083,0.7996,0.2690,2,ok
0,2683,-3.243678,-1.436879,-0.541362,-0.008306,0.030227,19.542412,0.202138,0.364539,0.364539,0.000000,,0,0,0,1,1,0,0.005430,-0.177860,0.6458,0.3319,0.2388,2,ok
0,2684,-3.222966,-1.449575,-0.517319,-0.008104,0.024191,19.566460,0.202588,0.399526,0.399526,0.000000,,0,0,0,1,1,0,-0.008220,-0.167550,0.7083,0.8284,0.2651,2,ok
0,2685,-3.205539,-1.459604,-0.509107,-0.007731,0.032403,19.586563,0.200956,0.144896,0.144896,0.000000,C-06,0,0,0,1,1,0,-0.007394,-0.153972,0.5833,0.8555,0.2697,2,ok
0,2686,-3.188097,-1.469387,-0.514306,-0.007140,0.027204,19.606553,0.199709,-0.118352,-0.118352,0.000000,C-06,0,0,0,1,1,0,-0.007066,-0.169068,0.6042,0.8593,0.2643,2,ok
0,2687,-3.167297,-1.481197,-0.531140,-0.007104,-0.020315,19.630284,0.198645,-0.288043,-0.288043,0.000000,C-06,0,0,0,1,1,0,0.023159,-0.204165,0.5625,0.3931,0.2025,2,ok
0,2688,-3.146596,-1.493292,-0.528966,-0.007450,-0.018142,19.654257,0.199972,0.050566,0.050566,0.000000,C-06,0,0,0,1,1,0,0.019439,-0.231067,0.5833,0.3826,0.2053,2,ok
0,2689,-3.129240,-1.503382,-0.509397,-0.008075,-0.029279,19.674049,0.201565,0.414751,0.414751,0.000000,C-06,0,0,0,1,1,0,0.009836,-0.246739,0.6250,0.4265,0.2138,2,ok
0,2690,-3.111663,-1.513470,-0.484611,-0.008936,-0.004493,19.694297,0.203517,0.487275,0.487275,0.000000,,0,0,0,1,1,0,-0.007275,-0.242320,0.6667,0.8003,0.2514,2,ok
0,2691,-3.090249,-1.525315,-0.451655,-0.009591,0.028463,19.717670,0.204114,0.525796,0.525796,0.000000,,0,0,0,1,1,0,-0.005431,-0.229881,0.7083,0.7817,0.2512,2,ok
0,2692,-3.068494,-1.536534,-0.419818,-0.010269,0.028049,19.742950,0.204060,0.492592,0.492592,0.000000,,0,0,0,1,1,0,-0.003910,-0.213431,0.7500,0.7469,0.2562,2,ok
0,2693,-3.046510,-1.546635,-0.406922,-0.009814,0.040945,19.767139,0.201445,0.177823,0.177823,0.000000,C-06,0,0,0,1,1,0,0.001096,-0.211447,0.7292,0.6772,0.2564,2,ok
0,2694,-3.028118,-1.554722,-0.400747,-0.009604,0.014210,19.786918,0.200869,0.107111,0.107111,0.000000,,0,0,0,1,1,0,0.001189,-0.211963,0.7292,0.6659,0.2571,2,ok
0,2695,-3.009702,-1.562535,-0.401062,-0.009279,0.013894,19.806921,0.199954,-0.015666,-0.015666,0.000000,,0,0,0,1,1,0,0.001220,-0.218431,0.7083,0.6440,0.2558,2,ok
0,2696,-2.987495,-1.571905,-0.374523,-0.009033,0.007603,19.830680,0.201764,0.433429,0.433429,0.000000,C-06,0,0,0,1,1,0,0.002401,-0.234366,0.6875,0.5873,0.2565,2,ok
0,2697,-2.965024,-1.581276,-0.342396,-0.009413,0.039730,19.855023,0.203841,0.478602,0.478602,0.000000,,0,0,0,1,1,0,0.001011,-0.232368,0.7292,0.6051,0.2624,2,ok
0,2698,-2.946091,-1.588985,-0.312966,-0.009560,0.069160,19.875466,0.204532,0.515795,0.515795,0.000000,,0,0,0,1,1,0,0.003481,-0.222418,0.7292,0.5596,0.2644,2,ok
0,2699,-2.927006,-1.595782,-0.295139,-0.009266,0.050105,19.895442,0.202413,0.288475,0.288475,0.000000,C-06,0,0,0,1,1,0,0.003668,-0.197407,0.7708,0.5567,0.2601,2,ok
0,2700,-2.903994,-1.603263,-0.280904,-0.008408,0.064340,19.919624,0.201580,0.195108,0.195108,0.000000,,0,0,0,1,1,0,0.004396,-0.183647,0.7500,0.5396,0.2629,2,ok
0,2701,-2.880918,-1.610055,-0.276797,-0.007289,0.028378,19.943379,0.200352,0.045209,0.045209,0.000000,,0,0,0,1,1,0,0.004704,-0.182130,0.7292,0.5230,0.2617,2,ok
0,2702,-2.857772,-1.616619,-0.256547,-0.006373,0.048628,19.967421,0.200968,0.303707,0.303707,0.000000,C-06,0,0,0,1,1,0,0.003660,-0.191332,0.7292,0.4874,0.2633,2,ok
0,2703,-2.838373,-1.622081,-0.234332,-0.005569,0.070843,19.987558,0.202000,0.374026,0.374026,0.000000,,0,0,0,1,1,0,0.011514,-0.192957,0.6875,0.2301,0.2472,2,ok
0,2704,-2.818926,-1.626823,-0.239252,-0.004818,0.025145,0.015166,0.199867,-0.126091,-0.126091,0.000000,C-06,0,0,0,1,1,0,0.007355,-0.183633,0.6875,0.3720,0.2564,2,ok
0,2705,-2.795668,-1.632433,-0.260527,-0.004138,0.003870,0.039081,0.198875,-0.310342,-0.310342,0.000000,C-06,0,0,0,1,1,0,0.010757,-0.180197,0.6458,0.2046,0.2507,2,ok
0,2706,-2.772426,-1.638540,-0.239335,-0.004421,-0.017659,0.062911,0.200885,0.349994,0.349994,0.000000,C-06,0,0,0,1,1,0,0.007660,-0.230947,0.6250,0.1926,0.2455,2,ok
0,2707,-2.752931,-1.643663,-0.209435,-0.005224,0.012241,0.083052,0.202157,0.504026,0.504026,0.000000,C-06,0,0,0,1,1,0,0.005040,-0.221763,0.6458,0.2212,0.2455,2,ok
0,2708,-2.733300,-1.648786,-0.173694,-0.005998,0.047982,0.103326,0.203475,0.578090,0.578090,0.000000,,0,0,0,1,1,0,0.000696,-0.202612,0.7083,0.3466,0.2587,2,ok
0,2709,-2.709619,-1.653756,-0.153657,-0.006523,0.025479,0.127267,0.201491,0.243814,0.243814,0.000000,C-06,0,0,0,1,1,0,0.003428,-0.176652,0.7500,0.2921,0.2634,2,ok
0,2710,-2.685867,-1.658287,-0.133890,-0.006835,0.045246,0.151445,0.201454,0.256878,0.256878,0.000000,,0,0,0,1,1,0,0.003887,-0.156911,0.7292,0.2589,0.2662,2,ok
0,2711,-2.662072,-1.661725,-0.128323,-0.006521,0.012030,0.175227,0.200281,0.057868,0.057868,0.000000,C-06,0,0,0,1,1,0,0.003490,-0.138898,0.7292,0.2343,0.2650,2,ok
0,2712,-2.642221,-1.664490,-0.114953,-0.006566,0.025400,0.195269,0.200576,0.221354,0.221354,0.000000,C-06,0,0,0,1,1,0,0.002271,-0.132971,0.7500,0.2441,0.2629,2,ok
0,2713,-2.622330,-1.667255,-0.093200,-0.006604,0.047153,0.215351,0.201019,0.340657,0.340657,0.000000,,0,0,0,1,1,0,0.001624,-0.135874,0.7292,0.2137,0.2621,2,ok
0,2714,-2.598418,-1.670138,-0.078126,-0.006943,0.028250,0.239206,0.200656,0.176414,0.176414,0.000000,C-06,0,0,0,1,1,0,0.000403,-0.125348,0.6875,0.2731,0.2628,2,ok
0,2715,-2.574486,-1.672222,-0.073419,-0.006586,0.032957,0.263226,0.200156,0.050857,0.050857,0.000000,,0,0,0,1,1,0,0.004045,-0.112605,0.6667,0.1592,0.2650,2,ok
0,2716,-2.554548,-1.673699,-0.085409,-0.006359,-0.009603,0.283022,0.199820,-0.202791,-0.202791,0.000000,C-06,0,0,0,1,1,0,0.004416,-0.115046,0.6250,0.1343,0.2664,2,ok
0,2717,-2.534622,-1.675405,-0.085599,-0.006644,-0.009793,0.303019,0.200012,0.012360,0.012360,0.000000,C-06,0,0,0,1,1,0,0.002388,-0.124103,0.7083,0.1157,0.2661,2,ok
0,2718,-2.510699,-1.677475,-0.073812,-0.007008,0.001994,0.325826,0.200191,0.157122,0.157122,0.000000,,0,0,0,1,1,0,-0.002076,-0.131809,0.7083,0.1606,0.2676,2,ok
0,2719,-2.486755,-1.679545,-0.062012,-0.007972,-0.012678,0.350875,0.200353,0.144563,0.144563,0.000000,,0,0,0,1,1,0,-0.003749,-0.127013,0.7500,0.1821,0.2669,2,ok
0,2720,-2.462793,-1.681540,-0.050952,-0.008833,-0.001618,0.374904,0.200351,0.134764,0.134764,0.000000,,0,0,0,1,1,0,-0.005021,-0.115912,0.7292,0.1896,0.2702,2,ok
0,2721,-2.442816,-1.682848,-0.044992,-0.009588,-0.018687,0.394691,0.200181,0.083313,0.083313,0.000000,,0,0,0,1,1,0,-0.003458,-0.108756,0.7292,0.1094,0.2662,2,ok
0,2722,-2.422830,-1.684077,-0.025954,-0.010362,0.000351,0.414700,0.200304,0.299633,0.299633,0.000000,C-06,0,0,0,1,1,0,-0.003459,-0.108032,0.7292,0.0953,0.2671,2,ok
0,2723,-2.398833,-1.685544,-0.004453,-0.011417,0.001827,0.438509,0.200342,0.252549,0.252549,0.000000,,0,0,0,1,1,0,-0.003674,-0.097748,0.7083,0.0687,0.2625,2,ok
0,2724,-2.374834,-1.686579,0.014926,-0.012360,0.021206,0.462513,0.200093,0.227601,0.227601,0.000000,,0,0,0,1,1,0,-0.003668,-0.074043,0.6667,0.0753,0.2649,2,ok
0,2725,-2.354836,-1.686334,0.011297,-0.012039,0.017577,0.482509,0.200011,-0.075678,-0.075678,0.000000,C-06,0,0,0,1,1,0,-0.001840,-0.062204,0.6667,0.0421,0.2648,2,ok
0,2726,-2.334837,-1.686109,0.014280,-0.012059,0.002965,0.502301,0.199992,0.053614,0.053614,0.000000,,0,0,0,1,1,0,-0.001985,-0.051165,0.6250,0.0312,0.2676,2,ok
0,2727,-2.310841,-1.685848,0.021616,-0.012121,0.010301,0.526299,0.199967,0.089890,0.089890,0.000000,,0,0,0,1,1,0,-0.004074,-0.058341,0.6875,0.0370,0.2649,2,ok
0,2728,-2.286850,-1.685587,0.033036,-0.012406,0.006589,0.550101,0.199906,0.140484,0.140484,0.000000,,0,0,0,1,1,0,-0.003769,-0.058740,0.7292,0.0279,0.2691,2,ok
0,2729,-2.262867,-1.685220,0.042315,-0.012734,0.015869,0.574084,0.199863,0.110025,0.110025,0.000000,,0,0,0,1,1,0,-0.003120,-0.048221,0.7292,-0.0007,0.2696,2,ok
0,2730,-2.242889,-1.684798,0.051516,-0.012965,0.012530,0.593913,0.199796,0.135687,0.135687,0.000000,,0,0,0,1,1,0,-0.002439,-0.043667,0.7083,-0.0274,0.2664,2,ok
0,2731,-2.222919,-1.684054,0.057434,-0.013035,0.018449,0.613897,0.199838,0.082984,0.082984,0.000000,,0,0,0,1,1,0,-0.003325,-0.031551,0.7292,-0.0001,0.2701,2,ok
0,2732,-2.198960,-1.682775,0.059618,-0.012734,0.020632,0.637888,0.199947,0.023238,0.023238,0.000000,,0,0,0,1,1,0,-0.003010,-0.025308,0.6875,-0.0270,0.2686,2,ok
0,2733,-2.175003,-1.681390,0.059026,-0.012601,0.009314,0.661731,0.199987,-0.009140,-0.009140,0.000000,,0,0,0,1,1,0,-0.000110,-0.021670,0.7292,-0.1227,0.2711,2,ok
0,2734,-2.155039,-1.680233,0.062110,-0.012500,0.012398,0.681728,0.199952,0.049800,0.049800,0.000000,,0,0,0,1,1,0,-0.002210,-0.021047,0.6875,-0.0853,0.2652,2,ok
0,2735,-2.135083,-1.679075,0.070028,-0.012468,0.011873,0.701643,0.199852,0.121019,0.121019,0.000000,,0,0,0,1,1,0,-0.001678,-0.018730,0.6667,-0.1048,0.2646,2,ok
0,2736,-2.111144,-1.677508,0.072905,-0.012312,0.014750,0.725633,0.199917,0.030211,0.030211,0.000000,,0,0,0,1,1,0,0.000454,-0.010311,0.7292,-0.1637,0.2657,2,ok
0,2737,-2.087203,-1.675793,0.066374,-0.012077,0.000924,0.749534,0.200071,-0.089680,-0.089680,0.000000,,0,0,0,1,1,0,-0.000904,-0.005864,0.7500,-0.1365,0.2684,2,ok
0,2738,-2.063259,-1.674203,0.071398,-0.012096,0.005948,0.773531,0.199929,0.073762,0.073762,0.000000,C-06,0,0,0,1,1,0,-0.001044,-0.006842,0.7708,-0.1662,0.2684,2,ok
0,2739,-2.043312,-1.672885,0.074288,-0.012118,0.008838,0.791942,0.199889,0.040561,0.040561,0.000000,,0,0,0,1,1,0,-0.002352,-0.004523,0.7500,-0.1449,0.2725,2,ok
0,2740,-2.023370,-1.671556,0.078045,-0.012217,0.007605,0.813458,0.199840,0.056999,0.056999,0.000000,,0,0,0,1,1,0,-0.002162,0.000131,0.7500,-0.1518,0.2725,2,ok
0,2741,-1.999446,-1.669820,0.081019,-0.012187,0.010579,0.837445,0.199893,0.035696,0.035696,0.000000,,0,0,0,1,1,0,0.000741,0.009560,0.7708,-0.2504,0.2687,2,ok
0,2742,-1.975511,-1.667884,0.063723,-0.012071,-0.010542,0.861384,0.200241,-0.236564,-0.236564,0.000000,C-06,0,0,0,1,1,0,0.000193,0.016477,0.7500,-0.2512,0.2656,2,ok
0,2743,-1.955543,-1.666262,0.048973,-0.011995,-0.025293,0.881418,0.200410,-0.214926,-0.214926,0.000000,,0,0,0,1,1,0,-0.001566,0.006188,0.6875,-0.2517,0.2643,2,ok
0,2744,-1.935570,-1.665218,0.056255,-0.012500,-0.020254,0.901404,0.199942,0.131686,0.131686,0.000000,C-06,0,0,0,1,1,0,-0.001881,-0.010276,0.6875,-0.2836,0.2617,2,ok
0,2745,-1.911611,-1.664001,0.060090,-0.013150,-0.016419,0.925385,0.199909,0.040876,0.040876,0.000000,,0,0,0,1,1,0,-0.004440,-0.005182,0.7500,-0.2571,0.2617,2,ok
0,2746,-1.887653,-1.662602,0.058362,-0.013619,-0.018434,0.949377,0.200002,-0.024579,-0.024579,0.000000,,0,0,0,1,1,0,-0.003271,-0.001870,0.7708,-0.2838,0.2612,2,ok
0,2747,-1.863698,-1.661205,0.065279,-0.014093,-0.011517,0.973368,0.199918,0.093143,0.093143,0.000000,,0,0,0,1,1,0,-0.005913,0.005205,0.7708,-0.2581,0.2626,2,ok
0,2748,-1.843746,-1.660040,0.072934,-0.014487,-0.003862,0.993325,0.199814,0.115023,0.115023,0.000000,,0,0,0,1,1,0,-0.007143,0.016110,0.7500,-0.2349,0.2605,2,ok
0,2749,-1.823802,-1.658765,0.076984,-0.014775,0.001055,1.013328,0.199845,0.055978,0.055978,0.000000,,0,0,0,1,1,0,-0.008770,0.026140,0.7708,-0.1740,0.2645,2,ok
0,2750,-1.799873,-1.656952,0.076345,-0.014840,0.000416,1.037326,0.199998,-0.012549,-0.012549,0.000000,,0,0,0,1,1,0,-0.010008,0.044273,0.7500,-0.1366,0.2653,2,ok
0,2751,-1.775934,-1.655124,0.064697,-0.014786,-0.008248,1.061420,0.200155,-0.151694,-0.151694,0.000000,,0,0,0,1,1,0,-0.010174,0.047868,0.7500,-0.1280,0.2653,2,ok
0,2752,-1.755962,-1.653600,0.038893,-0.014714,-0.034052,1.081449,0.200417,-0.404652,-0.404652,0.000000,C-06,0,0,0,1,1,0,-0.011985,0.055734,0.7083,-0.0883,0.2657,2,ok
0,2753,-1.735976,-1.652755,0.035885,-0.015324,-0.033259,1.101440,0.200023,-0.014711,-0.014711,0.000000,C-06,0,0,0,1,1,0,-0.016111,0.039471,0.6667,-0.0410,0.2693,2,ok
0,2754,-1.711993,-1.651830,0.040470,-0.016148,-0.028675,1.125426,0.199986,0.060929,0.060929,0.000000,,0,0,0,1,1,0,-0.015416,0.030938,0.7500,-0.0615,0.2659,2,ok
0,2755,-1.688011,-1.650855,0.036257,-0.016850,-0.027054,1.149584,0.200033,-0.059622,-0.059622,0.000000,,0,0,0,1,1,0,-0.016141,0.036319,0.7708,-0.0351,0.2666,2,ok
0,2756,-1.664028,-1.649985,0.038789,-0.017490,-0.024521,1.173575,0.199980,0.035657,0.035657,0.000000,,0,0,0,1,1,0,-0.014895,0.036188,0.7708,-0.0335,0.2676,2,ok
0,2757,-1.644045,-1.649265,0.044107,-0.018028,-0.019203,1.191537,0.199938,0.080559,0.080559,0.000000,,0,0,0,1,1,0,-0.013754,0.033730,0.7917,-0.0538,0.2673,2,ok
0,2758,-1.624067,-1.648545,0.049701,-0.018479,-0.006936,1.213620,0.199886,0.081643,0.081643,0.000000,,0,0,0,1,1,0,-0.012469,0.039323,0.7708,-0.0419,0.2676,2,ok
0,2759,-1.600097,-1.647369,0.050225,-0.018718,-0.006413,1.237617,0.199997,0.001711,0.001711,0.000000,,0,0,0,1,1,0,-0.010865,0.044522,0.7292,-0.0489,0.2663,2,ok
0,2760,-1.576118,-1.646172,0.031050,-0.018731,-0.015554,1.261810,0.200146,-0.255215,-0.255215,0.000000,C-06,0,0,0,1,1,0,-0.009284,0.047857,0.7292,-0.0457,0.2670,2,ok
0,2761,-1.556122,-1.645175,0.005342,-0.018717,-0.041262,1.281831,0.200244,-0.378285,-0.378285,0.000000,,0,0,0,1,1,0,-0.010320,0.034192,0.7292,-0.0406,0.2674,2,ok
0,2762,-1.536123,-1.645015,0.009777,-0.019418,-0.026711,1.302007,0.199994,0.096391,0.096391,0.000000,C-06,0,0,0,1,1,0,-0.012314,0.010694,0.6667,-0.0358,0.2670,2,ok
0,2763,-1.512125,-1.644897,0.018187,-0.020240,-0.018301,1.325991,0.199971,0.100181,0.100181,0.000000,,0,0,0,1,1,0,-0.012512,0.000475,0.7083,-0.0449,0.2660,2,ok
0,2764,-1.488130,-1.644705,0.023593,-0.020790,-0.001096,1.350320,0.199956,0.062346,0.062346,0.000000,,0,0,0,1,1,0,-0.011763,0.011525,0.7708,-0.0309,0.2670,2,ok
0,2765,-1.464139,-1.644403,0.029184,-0.021033,0.004495,1.374312,0.199939,0.067245,0.067245,0.000000,,0,0,0,1,1,0,-0.010334,0.020306,0.7708,-0.0358,0.2675,2,ok
0,2766,-1.444149,-1.644087,0.035165,-0.021088,0.020305,1.394523,0.199907,0.087793,0.087793,0.000000,,0,0,0,1,1,0,-0.009918,0.025701,0.7500,-0.0251,0.2673,2,ok
0,2767,-1.424163,-1.643552,0.038623,-0.020800,0.023762,1.414515,0.199935,0.047207,0.047207,0.000000,,0,0,0,1,1,0,-0.007772,0.030013,0.7708,-0.0530,0.2677,2,ok
0,2768,-1.400179,-1.642657,0.033822,-0.020157,0.026808,1.438757,0.200027,-0.066200,-0.066200,0.000000,,0,0,0,1,1,0,-0.007606,0.035267,0.7292,-0.0359,0.2676,2,ok
0,2769,-1.376184,-1.641748,0.001909,-0.019248,-0.005104,1.462751,0.200142,-0.416643,-0.416643,0.000000,C-06,0,0,0,1,1,0,-0.006338,0.031077,0.7083,-0.0491,0.2659,2,ok
0,2770,-1.356185,-1.641115,-0.011705,-0.018615,-0.018719,1.482751,0.200055,-0.175568,-0.175568,0.000000,C-06,0,0,0,1,1,0,-0.008572,0.008843,0.7083,-0.0486,0.2662,2,ok
0,2771,-1.336186,-1.641261,-0.004542,-0.018761,-0.007011,1.502750,0.200007,0.127088,0.127088,0.000000,C-06,0,0,0,1,1,0,-0.010051,-0.009853,0.6667,-0.0485,0.2659,2,ok
0,2772,-1.312186,-1.641494,0.005213,-0.018994,0.002744,1.526750,0.200007,0.114257,0.114257,0.000000,,0,0,0,1,1,0,-0.010274,-0.010183,0.7292,-0.0396,0.2673,2,ok
0,2773,-1.288187,-1.641718,0.013656,-0.019218,0.013656,1.550749,0.199988,0.098994,0.098994,0.000000,,0,0,0,1,1,0,-0.009130,-0.001112,0.8125,-0.0448,0.2672,2,ok
0,2774,-1.264190,-1.641568,0.017441,-0.019068,0.017441,1.574746,0.199978,0.041171,0.041171,0.000000,,0,0,0,1,1,0,-0.008282,0.011400,0.7917,-0.0431,0.2669,2,ok
0,2775,-1.244194,-1.641387,0.022972,-0.018887,0.022972,1.594742,0.199957,0.082207,0.082207,0.000000,,0,0,0,1,1,0,-0.007662,0.014077,0.7500,-0.0433,0.2681,2,ok
0,2776,-1.224200,-1.641142,0.027391,-0.018642,0.027391,1.614735,0.199947,0.062076,0.062076,0.000000,,0,0,0,1,1,0,-0.007045,0.017475,0.7708,-0.0416,0.2669,2,ok
0,2777,-1.200208,-1.640501,0.021272,-0.018001,0.021272,1.638728,0.200029,-0.082914,-0.082914,0.000000,,0,0,0,1,1,0,-0.005782,0.021909,0.7292,-0.0507,0.2667,2,ok
0,2778,-1.176210,-1.639842,-0.004913,-0.017342,-0.004913,1.662726,0.200074,-0.334995,-0.334995,0.000000,C-06,0,0,0,1,1,0,-0.006088,0.018287,0.7292,-0.0404,0.2664,2,ok
0,2779,-1.156210,-1.639714,-0.010934,-0.017214,-0.010934,1.682725,0.199989,-0.063245,-0.063245,0.000000,C-06,0,0,0,1,1,0,-0.008007,-0.000363,0.6875,-0.0411,0.2663,2,ok
0,2780,-1.136211,-1.639915,-0.002364,-0.017415,-0.002364,1.702725,0.200011,0.142064,0.142064,0.000000,C-06,0,0,0,1,1,0,-0.008041,-0.013222,0.6875,-0.0588,0.2660,2,ok
0,2781,-1.112211,-1.640180,0.005078,-0.017680,0.005078,1.726725,0.200010,0.084346,0.084346,0.000000,,0,0,0,1,1,0,-0.009163,-0.007123,0.7292,-0.0253,0.2668,2,ok
0,2782,-1.088212,-1.640355,0.011334,-0.017855,0.011334,1.750724,0.199990,0.073321,0.073321,0.000000,,0,0,0,1,1,0,-0.008090,-0.000090,0.7917,-0.0387,0.2659,2,ok
0,2783,-1.064214,-1.640242,0.014685,-0.017742,0.014685,1.774722,0.199983,0.038332,0.038332,0.000000,,0,0,0,1,1,0,-0.006563,0.006180,0.7917,-0.0550,0.2664,2,ok
0,2784,-1.044217,-1.640105,0.020209,-0.017605,0.020209,1.794719,0.199965,0.082655,0.082655,0.000000,,0,0,0,1,1,0,-0.006697,0.012171,0.7708,-0.0430,0.2682,2,ok
0,2785,-1.024222,-1.639859,0.023540,-0.017359,0.023540,1.814714,0.199965,0.045120,0.045120,0.000000,,0,0,0,1,1,0,-0.005679,0.012432,0.7708,-0.0495,0.2662,2,ok
0,2786,-1.000227,-1.639329,0.017048,-0.016829,0.017048,1.838709,0.200021,-0.087580,-0.087580,0.000000,,0,0,0,1,1,0,-0.006023,0.018708,0.7083,-0.0125,0.2684,2,ok
0,2787,-0.976228,-1.638785,-0.009290,-0.016285,-0.009290,1.862708,0.200045,-0.333546,-0.333546,0.000000,C-06,0,0,0,1,1,0,-0.005171,0.016675,0.7500,-0.0436,0.2680,2,ok
0,2788,-0.956233,-1.638332,-0.033928,-0.015832,-0.033928,1.882702,0.199945,-0.354602,-0.354602,0.000000,,0,0,0,1,1,0,-0.005171,0.016675,0.7500,-0.0436,0.2680,2,ok
0,2789,-0.936243,-1.638916,-0.027555,-0.016416,-0.027555,1.902692,0.200033,0.132865,0.132865,0.000000,C-06,0,0,0,1,1,0,-0.009790,-0.026580,0.7083,-0.0433,0.2670,2,ok
0,2790,-0.912249,-1.639720,-0.014326,-0.017220,-0.014326,1.926687,0.200090,0.159043,0.159043,0.000000,,0,0,0,1,1,0,-0.010638,-0.032248,0.7292,-0.0387,0.2671,2,ok
0,2791,-0.888250,-1.640524,0.000883,-0.018024,0.000883,1.950686,0.200112,0.181341,0.181341,0.000000,,0,0,0,1,1,0,-0.009961,-0.021856,0.7917,-0.0444,0.2671,2,ok
0,2792,-0.864250,-1.640738,0.006055,-0.018238,0.006055,1.974686,0.200000,0.053429,0.053429,0.000000,,0,0,0,1,1,0,-0.009369,-0.011538,0.7708,-0.0359,0.2666,2,ok
0,2793,-0.844251,-1.640808,0.009875,-0.018308,0.009875,1.994685,0.199991,0.054297,0.054297,0.000000,,0,0,0,1,1,0,-0.007805,0.001321,0.7500,-0.0537,0.2674,2,ok
0,2794,-0.824252,-1.640645,0.010614,-0.018145,0.010614,2.014684,0.199997,0.007228,0.007228,0.000000,,0,0,0,1,1,0,-0.008115,0.005943,0.7292,-0.0340,0.2672,2,ok
0,2795,-0.800253,-1.640412,0.011066,-0.017912,0.011066,2.038682,0.199998,0.005230,0.005230,0.000000,,0,0,0,1,1,0,-0.007781,0.007810,0.7292,-0.0348,0.2666,2,ok
0,2796,-0.776254,-1.640172,0.004457,-0.017672,0.004457,2.062682,0.200008,-0.085025,-0.085025,0.000000,,0,0,0,1,1,0,-0.007010,0.010530,0.7500,-0.0457,0.2668,2,ok
0,2797,-0.756254,-1.640083,0.004042,-0.017583,0.004042,2.082681,0.200000,0.000080,0.000080,0.000000,,0,0,0,1,1,0,-0.007588,0.005127,0.7083,-0.0369,0.2669,2,ok
0,2798,-0.736255,-1.640002,0.010538,-0.017502,0.010538,2.102681,0.199991,0.101659,0.101659,0.000000,,0,0,0,1,1,0,-0.007514,0.002802,0.6875,-0.0436,0.2666,2,ok
0,2799,-0.712256,-1.639747,0.005980,-0.017247,0.005980,2.126680,0.200008,-0.066037,-0.066037,0.000000,C-06,0,0,0,1,1,0,-0.006558,0.006012,0.7500,-0.0489,0.2665,2,ok
0,2800,-0.688256,-1.639480,-0.000156,-0.016980,-0.000156,2.150680,0.200012,-0.072878,-0.072878,0.000000,,0,0,0,1,1,0,-0.007030,0.005909,0.7708,-0.0402,0.2667,2,ok
0,2801,-0.664256,-1.639476,0.002489,-0.016976,0.002489,2.174680,0.199999,0.038012,0.038012,0.000000,,0,0,0,1,1,0,-0.007753,-0.001919,0.7917,-0.0336,0.2669,2,ok
0,2802,-0.644256,-1.639487,0.005608,-0.016987,0.005608,2.194680,0.199997,0.044648,0.044648,0.000000,,0,0,0,1,1,0,-0.007106,-0.002857,0.7500,-0.0457,0.2669,2,ok
0,2803,-0.624257,-1.639497,0.011145,-0.016997,0.011145,2.214679,0.199988,0.081288,0.081288,0.000000,,0,0,0,1,1,0,-0.006557,0.003034,0.7500,-0.0525,0.2672,2,ok
0,2804,-0.600258,-1.639237,0.010729,-0.016737,0.010729,2.238677,0.200002,-0.010367,-0.010367,0.000000,,0,0,0,1,1,0,-0.007526,0.006726,0.7292,-0.0100,0.2686,2,ok
0,2805,-0.576259,-1.638960,0.001392,-0.016460,0.001392,2.262677,0.200013,-0.117863,-0.117863,0.000000,,0,0,0,1,1,0,-0.006326,0.009352,0.7500,-0.0318,0.2680,2,ok
0,2806,-0.556259,-1.638796,-0.001811,-0.016296,-0.001811,2.282677,0.200004,-0.039800,-0.039800,0.000000,,0,0,0,1,1,0,-0.006450,0.001181,0.7083,-0.0448,0.2670,2,ok
0,2807,-0.536259,-1.638793,0.005442,-0.016293,0.005442,2.302677,0.199998,0.116095,0.116095,0.000000,C-06,0,0,0,1,1,0,-0.007264,-0.002655,0.6875,-0.0384,0.2673,2,ok
0,2808,-0.512259,-1.638657,0.003546,-0.016157,0.003546,2.326676,0.200002,-0.031248,-0.031248,0.000000,,0,0,0,1,1,0,-0.006605,0.002114,0.7292,-0.0364,0.2672,2,ok
0,2809,-0.488259,-1.638513,-0.001631,-0.016013,-0.001631,2.350676,0.200003,-0.062863,-0.062863,0.000000,,0,0,0,1,1,0,-0.006272,0.003651,0.7917,-0.0378,0.2673,2,ok
0,2810,-0.464259,-1.638549,0.000902,-0.016049,0.000902,2.374676,0.200000,0.035948,0.035948,0.000000,,0,0,0,1,1,0,-0.006580,-0.002873,0.7917,-0.0473,0.2665,2,ok
0,2811,-0.444259,-1.638587,0.004725,-0.016087,0.004725,2.394676,0.199998,0.055460,0.055460,0.000000,,0,0,0,1,1,0,-0.006730,-0.003025,0.7500,-0.0388,0.2672,2,ok
0,2812,-0.424260,-1.638626,0.009819,-0.016126,0.009819,2.414676,0.199991,0.073579,0.073579,0.000000,,0,0,0,1,1,0,-0.006327,0.001678,0.7500,-0.0411,0.2662,2,ok
0,2813,-0.400261,-1.638399,0.008886,-0.015899,0.008886,2.435535,0.200002,-0.016439,-0.016439,0.000000,,0,0,0,1,1,0,-0.006722,0.003100,0.7292,-0.0110,0.2685,2,ok
0,2814,-0.376261,-1.638154,-0.003264,-0.015654,-0.003264,2.462674,0.200010,-0.152280,-0.152280,0.000000,,0,0,0,1,1,0,-0.005123,0.005941,0.7500,-0.0471,0.2676,2,ok
0,2815,-0.356261,-1.638085,-0.006575,-0.015585,-0.006575,2.482674,0.199996,-0.038863,-0.038863,0.000000,,0,0,0,1,1,0,-0.005792,-0.002875,0.7083,-0.0518,0.2669,2,ok
0,2816,-0.336262,-1.638178,0.000502,-0.015678,0.000502,2.502674,0.200003,0.114994,0.114994,0.000000,C-06,0,0,0,1,1,0,-0.007704,-0.005190,0.6667,-0.0248,0.2683,2,ok
0,2817,-0.312262,-1.638160,0.000153,-0.015660,0.000153,2.526674,0.200000,-0.012736,-0.012736,0.000000,,0,0,0,1,1,0,-0.006473,-0.006699,0.7500,-0.0407,0.2662,2,ok
0,2818,-0.288262,-1.638133,-0.002355,-0.015633,-0.002355,2.550674,0.200000,-0.030587,-0.030587,0.000000,,0,0,0,1,1,0,-0.006675,-0.000881,0.7917,-0.0298,0.2664,2,ok
0,2819,-0.264262,-1.638162,0.000604,-0.015662,0.000604,2.574674,0.200000,0.039877,0.039877,0.000000,,0,0,0,1,1,0,-0.006727,-0.004489,0.7917,-0.0351,0.2664,2,ok
0,2820,-0.244262,-1.638190,0.005022,-0.015690,0.005022,2.594674,0.199998,0.064231,0.064231,0.000000,,0,0,0,1,1,0,-0.006205,-0.004737,0.7500,-0.0415,0.2675,2,ok
0,2821,-0.224262,-1.638218,0.011720,-0.015718,0.011720,2.614673,0.199987,0.097516,0.097516,0.000000,,0,0,0,1,1,0,-0.006205,-0.004737,0.7500,-0.0415,0.2675,2,ok
0,2822,-0.200264,-1.637943,0.010707,-0.015443,0.010707,2.635735,0.200003,-0.017934,-0.017934,0.000000,,0,0,0,1,1,0,-0.005007,0.004538,0.7292,-0.0416,0.2675,2,ok
0,2823,-0.176265,-1.637652,0.001176,-0.015152,0.001176,2.662671,0.200014,-0.120604,-0.120604,0.000000,,0,0,0,1,1,0,-0.004676,0.008074,0.7292,-0.0440,0.2677,2,ok
0,2824,-0.156265,-1.637410,-0.014187,-0.014910,-0.014187,2.682670,0.199997,-0.226861,-0.226861,0.000000,,0,0,0,1,1,0,-0.005239,0.000639,0.6875,-0.0431,0.2667,2,ok
0,2825,-0.136267,-1.637637,-0.007146,-0.015137,-0.007146,2.702669,0.200012,0.129705,0.129705,0.000000,C-06,0,0,0,1,1,0,-0.007175,-0.009191,0.6667,-0.0271,0.2679,2,ok
0,2826,-0.112267,-1.637954,-0.001785,-0.015454,-0.001785,2.726669,0.200017,0.059791,0.059791,0.000000,,0,0,0,1,1,0,-0.007042,-0.011817,0.7292,-0.0353,0.2673,2,ok
0,2827,-0.088267,-1.638146,0.001371,-0.015646,0.001371,2.750669,0.200004,0.035554,0.035554,0.000000,,0,0,0,1,1,0,-0.006133,-0.006494,0.7708,-0.0449,0.2672,2,ok
0,2828,-0.064267,-1.638289,0.005811,-0.015789,0.005811,2.774669,0.200000,0.053422,0.053422,0.000000,,0,0,0,1,1,0,-0.005952,-0.000866,0.7917,-0.0411,0.2678,2,ok
0,2829,-0.044268,-1.638394,0.011885,-0.015894,0.011885,2.794668,0.199989,0.088867,0.088867,0.000000,,0,0,0,1,1,0,-0.006038,0.001247,0.7500,-0.0316,0.2681,2,ok
0,2830,-0.024270,-1.638363,0.016078,-0.015863,0.016078,2.814666,0.199976,0.058251,0.058251,0.000000,,0,0,0,1,1,0,-0.005296,0.007078,0.7708,-0.0371,0.2681,2,ok
0,2831,-0.000272,-1.638001,0.011313,-0.015501,0.011313,2.836035,0.200011,-0.064564,-0.064564,0.000000,,0,0,0,1,1,0,-0.004922,0.011938,0.7292,-0.0339,0.2670,2,ok
0,2832,0.023727,-1.637623,-0.010471,-0.015123,-0.010471,2.862663,0.200016,-0.277162,-0.277162,0.000000,C-06,0,0,0,1,1,0,-0.004817,0.010890,0.7083,-0.0321,0.2675,2,ok
0,2833,0.043724,-1.637308,-0.026237,-0.014808,-0.026237,2.882659,0.199960,-0.220944,-0.220944,0.000000,,0,0,0,1,1,0,-0.005147,0.002726,0.7083,-0.0435,0.2666,2,ok
0,2834,0.063718,-1.637784,-0.018042,-0.015284,-0.018042,2.902654,0.200033,0.141186,0.141186,0.000000,C-06,0,0,0,1,1,0,-0.007177,-0.026643,0.6667,-0.0578,0.2647,2,ok
0,2835,0.087717,-1.638408,-0.004324,-0.015908,-0.004324,2.926652,0.200065,0.163641,0.163641,0.000000,,0,0,0,1,1,0,-0.007994,-0.025264,0.7292,-0.0495,0.2670,2,ok
0,2836,0.111717,-1.638868,0.003548,-0.016368,0.003548,2.950652,0.200023,0.088384,0.088384,0.000000,,0,0,0,1,1,0,-0.007256,-0.011571,0.8333,-0.0404,0.2689,2,ok
0,2837,0.135716,-1.638916,0.006401,-0.016416,0.006401,2.974652,0.199996,0.030316,0.030316,0.000000,,0,0,0,1,1,0,-0.006658,-0.004258,0.7917,-0.0437,0.2666,2,ok
0,2838,0.155716,-1.638914,0.010388,-0.016414,0.010388,2.994651,0.199990,0.058617,0.058617,0.000000,,0,0,0,1,1,0,-0.006793,0.003612,0.7500,-0.0284,0.2675,2,ok
0,2839,0.175714,-1.638848,0.013315,-0.016348,0.013315,3.014650,0.199985,0.040401,0.040401,0.000000,,0,0,0,1,1,0,-0.005851,0.008236,0.7708,-0.0422,0.2663,2,ok
0,2840,0.199712,-1.638575,0.011675,-0.016075,0.011675,3.036235,0.200000,-0.023885,-0.023885,0.000000,,0,0,0,1,1,0,-0.005548,0.010106,0.7292,-0.0391,0.2681,2,ok
0,2841,0.223712,-1.638290,-0.006951,-0.015790,-0.006951,3.062647,0.200010,-0.236200,-0.236200,0.000000,C-06,0,0,0,1,1,0,-0.005254,0.008613,0.7292,-0.0420,0.2676,2,ok
0,2842,0.243711,-1.638233,-0.011894,-0.015733,-0.011894,3.082646,0.199986,-0.057599,-0.057599,0.000000,C-06,0,0,0,1,1,0,-0.006305,-0.005159,0.7292,-0.0524,0.2681,2,ok
0,2843,0.263710,-1.638453,-0.003367,-0.015953,-0.003367,3.102645,0.200012,0.134228,0.134228,0.000000,C-06,0,0,0,1,1,0,-0.006892,-0.014707,0.6667,-0.0578,0.2647,2,ok
0,2844,0.287710,-1.638662,0.000003,-0.016162,0.000003,3.126645,0.200005,0.033865,0.033865,0.000000,,0,0,0,1,1,0,-0.007342,-0.008904,0.7292,-0.0404,0.2665,2,ok
0,2845,0.311710,-1.638793,0.002733,-0.016293,0.002733,3.150645,0.200001,0.032060,0.032060,0.000000,,0,0,0,1,1,0,-0.006801,-0.004630,0.7708,-0.0416,0.2659,2,ok
0,2846,0.335710,-1.638880,0.006148,-0.016380,0.006148,3.174645,0.199997,0.040821,0.040821,0.000000,,0,0,0,1,1,0,-0.006612,0.001522,0.7917,-0.0421,0.2668,2,ok
0,2847,0.355709,-1.638926,0.012083,-0.016426,0.012083,3.194644,0.199987,0.088347,0.088347,0.000000,,0,0,0,1,1,0,-0.006406,0.002455,0.7500,-0.0353,0.2675,2,ok
0,2848,0.375707,-1.638915,0.016837,-0.016415,0.016837,3.214642,0.199973,0.066498,0.066498,0.000000,,0,0,0,1,1,0,-0.005547,0.007143,0.7708,-0.0452,0.2675,2,ok
0,2849,0.399703,-1.638550,0.017733,-0.016050,0.017733,3.236535,0.199995,0.007216,0.007216,0.000000,,0,0,0,1,1,0,-0.005795,0.010288,0.7708,-0.0325,0.2678,2,ok
0,2850,0.423702,-1.638160,-0.001332,-0.015660,-0.001332,3.262637,0.200026,-0.251428,-0.251428,0.000000,C-06,0,0,0,1,1,0,-0.004496,0.016093,0.7083,-0.0336,0.2679,2,ok
0,2851,0.443700,-1.637835,-0.019032,-0.015335,-0.019032,3.282636,0.199994,-0.251756,-0.251756,0.000000,,0,0,0,1,1,0,-0.006227,0.001767,0.7083,-0.0363,0.2686,2,ok
0,2852,0.463698,-1.638172,-0.011471,-0.015672,-0.011471,3.302633,0.200025,0.145843,0.145843,0.000000,C-06,0,0,0,1,1,0,-0.006931,-0.018519,0.6667,-0.0574,0.2648,2,ok
0,2853,0.487697,-1.638650,0.000030,-0.016150,0.000030,3.326633,0.200040,0.135283,0.135283,0.000000,,0,0,0,1,1,0,-0.007786,-0.015692,0.7292,-0.0458,0.2672,2,ok
0,2854,0.511697,-1.638980,0.007172,-0.016480,0.007172,3.350632,0.200006,0.081583,0.081583,0.000000,,0,0,0,1,1,0,-0.007428,-0.005709,0.7708,-0.0310,0.2670,2,ok
0,2855,0.535696,-1.639002,0.011262,-0.016502,0.011262,3.374631,0.199988,0.046393,0.046393,0.000000,,0,0,0,1,1,0,-0.006616,0.002370,0.7708,-0.0330,0.2668,2,ok
0,2856,0.555694,-1.638946,0.014688,-0.016446,0.014688,3.394630,0.199981,0.049025,0.049025,0.000000,,0,0,0,1,1,0,-0.006008,0.007768,0.7500,-0.0334,0.2680,2,ok
0,2857,0.575691,-1.638846,0.018813,-0.016346,0.018813,3.414627,0.199969,0.059795,0.059795,0.000000,,0,0,0,1,1,0,-0.005875,0.010278,0.7708,-0.0363,0.2655,2,ok
0,2858,0.599688,-1.638418,0.013168,-0.015918,0.013168,3.436735,0.200017,-0.077420,-0.077420,0.000000,,0,0,0,1,1,0,-0.004951,0.013072,0.7292,-0.0368,0.2672,2,ok
0,2859,0.623687,-1.637969,-0.009398,-0.015469,-0.009398,3.462623,0.200028,-0.285954,-0.285954,0.000000,C-06,0,0,0,1,1,0,-0.004681,0.009528,0.7292,-0.0434,0.2672,2,ok
0,2860,0.643685,-1.637748,-0.018663,-0.015248,-0.018663,3.482621,0.199972,-0.120138,-0.120138,0.000000,C-06,0,0,0,1,1,0,-0.006863,-0.004738,0.6875,-0.0341,0.2678,2,ok
0,2861,0.663683,-1.638078,-0.009872,-0.015578,-0.009872,3.502618,0.200023,0.151892,0.151892,0.000000,C-06,0,0,0,1,1,0,-0.006866,-0.020676,0.6667,-0.0635,0.2651,2,ok
0,2862,0.687682,-1.638520,-0.000950,-0.016020,-0.000950,3.526618,0.200034,0.102073,0.102073,0.000000,,0,0,0,1,1,0,-0.007400,-0.014943,0.7292,-0.0421,0.2670,2,ok
0,2863,0.711682,-1.638879,0.006218,-0.016379,0.006218,3.550618,0.200010,0.083103,0.083103,0.000000,,0,0,0,1,1,0,-0.007228,-0.006891,0.7708,-0.0361,0.2671,2,ok
0,2864,0.735682,-1.638857,0.008933,-0.016357,0.008933,3.574617,0.199993,0.028968,0.028968,0.000000,,0,0,0,1,1,0,-0.006519,0.004005,0.7708,-0.0346,0.2676,2,ok
0,2865,0.755680,-1.638798,0.013629,-0.016298,0.013629,3.594616,0.199983,0.069811,0.069811,0.000000,,0,0,0,1,1,0,-0.006332,0.005073,0.7500,-0.0286,0.2676,2,ok
0,2866,0.775678,-1.638738,0.019017,-0.016238,0.019017,3.614613,0.199966,0.077587,0.077587,0.000000,,0,0,0,1,1,0,-0.005929,0.007583,0.7500,-0.0360,0.2656,2,ok
0,2867,0.799674,-1.638298,0.014632,-0.015798,0.014632,3.636935,0.200016,-0.062324,-0.062324,0.000000,,0,0,0,1,1,0,-0.004757,0.012655,0.7083,-0.0432,0.2676,2,ok
0,2868,0.823673,-1.637831,-0.007885,-0.015331,-0.007885,3.662609,0.200033,-0.287509,-0.287509,0.000000,C-06,0,0,0,1,1,0,-0.004403,0.012812,0.7083,-0.0421,0.2653,2,ok
0,2869,0.843671,-1.637460,-0.020380,-0.014960,-0.020380,3.682607,0.199985,-0.168598,-0.168598,0.000000,,0,0,0,1,1,0,-0.007292,-0.001926,0.6667,-0.0146,0.2666,2,ok
0,2870,0.863668,-1.637781,-0.012561,-0.015281,-0.012561,3.702603,0.200018,0.141036,0.141036,0.000000,C-06,0,0,0,1,1,0,-0.007207,-0.020236,0.6458,-0.0519,0.2644,2,ok
0,2871,0.887667,-1.638228,-0.002961,-0.015728,-0.002961,3.726603,0.200034,0.111895,0.111895,0.000000,,0,0,0,1,1,0,-0.008070,-0.016521,0.7083,-0.0346,0.2666,2,ok
0,2872,0.911667,-1.638634,0.004352,-0.016134,0.004352,3.750603,0.200018,0.084838,0.084838,0.000000,,0,0,0,1,1,0,-0.006519,-0.011001,0.7500,-0.0551,0.2656,2,ok
0,2873,0.935667,-1.638721,0.008400,-0.016221,0.008400,3.774602,0.199993,0.045554,0.045554,0.000000,,0,0,0,1,1,0,-0.006183,0.000394,0.7292,-0.0470,0.2650,2,ok
0,2874,0.955665,-1.638741,0.013264,-0.016241,0.013264,3.794601,0.199983,0.070997,0.070997,0.000000,,0,0,0,1,1,0,-0.003583,0.004129,0.7500,-0.1143,0.2697,2,ok
0,2875,0.975663,-1.638678,0.017344,-0.016178,0.017344,3.814599,0.199973,0.057114,0.057114,0.000000,,0,0,0,1,1,0,-0.003875,0.009521,0.7292,-0.0949,0.2660,2,ok
0,2876,0.999660,-1.638288,0.012208,-0.015788,0.012208,3.837235,0.200013,-0.070486,-0.070486,0.000000,,0,0,0,1,1,0,-0.002133,0.015726,0.6875,-0.1382,0.2700,2,ok
0,2877,1.023660,-1.637879,-0.010287,-0.015379,-0.010287,3.862595,0.200020,-0.283917,-0.283917,0.000000,C-06,0,0,0,1,1,0,-0.001777,0.011343,0.6875,-0.1602,0.2705,2,ok
0,2878,1.043658,-1.637836,-0.016363,-0.015336,-0.016363,3.882593,0.199974,-0.071506,-0.071506,0.000000,C-06,0,0,0,1,1,0,-0.003461,-0.006772,0.6458,-0.1759,0.2693,2,ok
0,2879,1.063656,-1.638149,-0.007741,-0.015649,-0.007741,3.902592,0.200021,0.141714,0.141714,0.000000,C-06,0,0,0,1,1,0,-0.003413,-0.016229,0.6250,-0.2263,0.2700,2,ok
0,2880,1.087656,-1.638511,-0.003369,-0.016011,-0.003369,3.926591,0.200016,0.046079,0.046079,0.000000,,0,0,0,1,1,0,-0.002296,-0.009922,0.6875,-0.2733,0.2647,2,ok
0,2881,1.111656,-1.638821,0.003775,-0.016321,0.003775,3.950591,0.200015,0.087022,0.087022,0.000000,,0,0,0,1,1,0,-0.003237,-0.002811,0.7292,-0.2576,0.2650,2,ok
0,2882,1.135655,-1.639015,0.009797,-0.016515,0.009797,3.974591,0.199994,0.070074,0.070074,0.000000,,0,0,0,1,1,0,-0.004539,0.007900,0.7500,-0.2460,0.2642,2,ok
0,2883,1.155653,-1.639098,0.015706,-0.016598,0.015706,3.994589,0.199977,0.085416,0.085416,0.000000,,0,0,0,1,1,0,-0.004489,0.020074,0.7292,-0.2624,0.2627,2,ok
0,2884,1.175651,-1.638831,0.016736,-0.016331,0.016736,4.014586,0.199994,0.008543,0.008543,0.000000,,0,0,0,1,1,0,-0.005834,0.028989,0.7500,-0.2212,0.2632,2,ok
0,2885,1.199648,-1.638471,0.012403,-0.015971,0.012403,4.037435,0.200007,-0.056183,-0.056183,0.000000,,0,0,0,1,1,0,-0.006825,0.041525,0.6875,-0.1964,0.2662,2,ok
0,2886,1.223647,-1.638111,-0.015605,-0.015611,-0.015605,4.062583,0.200002,-0.358224,-0.358224,0.000000,C-06,0,0,0,1,1,0,-0.008774,0.047359,0.7083,-0.1515,0.2645,2,ok
0,2887,1.243641,-1.637811,-0.033329,-0.015311,-0.033329,4.082576,0.199918,-0.245443,-0.245443,0.000000,,0,0,0,1,1,0,-0.010902,0.033175,0.6667,-0.1744,0.2664,2,ok
0,2888,1.263631,-1.638441,-0.029613,-0.015941,-0.029613,4.102566,0.200027,0.072175,0.072175,0.000000,C-06,0,0,0,1,1,0,-0.015935,0.021781,0.6250,-0.1011,0.2720,2,ok
0,2889,1.287620,-1.639150,-0.029717,-0.016650,-0.029717,4.126556,0.199997,-0.006554,-0.006554,0.000000,,0,0,0,1,1,0,-0.014664,0.018060,0.6875,-0.1219,0.2678,2,ok
0,2890,1.311612,-1.639851,-0.021482,-0.017351,-0.019425,4.150547,0.200037,0.108697,0.108697,0.000000,,0,0,0,1,1,0,-0.014333,0.024355,0.7708,-0.1418,0.2648,2,ok
0,2891,1.335608,-1.640548,-0.016673,-0.018048,-0.014615,4.174543,0.200051,0.054161,0.054161,0.000000,,0,0,0,1,1,0,-0.014432,0.033258,0.7708,-0.1051,0.2657,2,ok
0,2892,1.355606,-1.641103,-0.008524,-0.018603,-0.002335,4.194541,0.200069,0.121261,0.121261,0.000000,,0,0,0,1,1,0,-0.014221,0.041445,0.7083,-0.1006,0.2651,2,ok
0,2893,1.375605,-1.641459,-0.004575,-0.018959,0.001614,4.214541,0.200022,0.051110,0.051110,0.000000,,0,0,0,1,1,0,-0.013800,0.045886,0.7083,-0.0807,0.2648,2,ok
0,2894,1.399605,-1.641603,-0.006571,-0.019103,-0.000382,4.237135,0.199999,-0.028417,-0.028417,0.000000,,0,0,0,1,1,0,-0.013050,0.060203,0.7083,-0.0625,0.2695,2,ok
0,2895,1.423601,-1.641733,-0.029583,-0.018971,-0.015547,4.262733,0.199922,-0.302127,-0.302127,0.000000,C-06,0,0,0,1,1,0,-0.014518,0.065713,0.6875,0.0157,0.2696,2,ok
0,2896,1.443585,-1.641842,-0.048960,-0.018874,-0.034924,4.282717,0.199773,-0.279951,-0.279951,0.000000,,0,0,0,1,1,0,-0.015363,0.050883,0.6667,0.0149,0.2655,2,ok
0,2897,1.463564,-1.642738,-0.040800,-0.019388,-0.017363,4.302906,0.200064,0.161778,0.161778,0.000000,C-06,0,0,0,1,1,0,-0.018146,0.033972,0.6667,0.0588,0.2690,2,ok
0,2898,1.487545,-1.643713,-0.039840,-0.019867,-0.016403,4.326902,0.200001,0.000885,0.000885,0.000000,C-06,0,0,0,1,1,0,-0.016197,0.030969,0.6875,0.0389,0.2669,2,ok
0,2899,1.511523,-1.644673,-0.045712,-0.020017,-0.010882,4.351270,0.199954,-0.076896,-0.076896,0.000000,,0,0,0,1,1,0,-0.015143,0.034986,0.7500,0.0438,0.2673,2,ok
0,2900,1.535499,-1.645770,-0.043991,-0.020172,-0.009162,4.375270,0.200018,0.027162,0.027162,0.000000,,0,0,0,1,1,0,-0.013246,0.028656,0.7500,0.0163,0.2638,2,ok
0,2901,1.555481,-1.646691,-0.038348,-0.020210,0.007086,4.395431,0.200063,0.086414,0.086414,0.000000,,0,0,0,1,1,0,-0.012278,0.028773,0.7292,-0.0015,0.2636,2,ok
0,2902,1.575468,-1.647554,-0.036064,-0.020133,0.009371,4.415436,0.200046,0.029069,0.029069,0.000000,,0,0,0,1,1,0,-0.009770,0.033908,0.7083,-0.0376,0.2630,2,ok
0,2903,1.599449,-1.648462,-0.044317,-0.019834,0.011534,4.439631,0.199948,-0.110948,-0.110948,0.000000,,0,0,0,1,1,0,-0.010767,0.033071,0.6875,0.0337,0.2653,2,ok
0,2904,1.623410,-1.649363,-0.070417,-0.019369,-0.014566,4.463604,0.199663,-0.336885,-0.336885,0.000000,C-06,0,0,0,1,1,0,-0.012703,0.033755,0.6875,0.1069,0.2688,2,ok
0,2905,1.643349,-1.650154,-0.084844,-0.019023,-0.028992,4.480720,0.199491,-0.205245,-0.205245,0.000000,,0,0,0,1,1,0,-0.012300,0.022522,0.6458,0.0483,0.2654,2,ok
0,2906,1.663279,-1.651767,-0.080278,-0.019353,-0.017754,4.503669,0.200046,0.091324,0.091324,0.000000,C-06,0,0,0,1,1,0,-0.014664,-0.008827,0.6667,0.0858,0.2642,2,ok
0,2907,1.687212,-1.653767,-0.068659,-0.019836,-0.006135,4.527681,0.200216,0.147267,0.147267,0.000000,,0,0,0,1,1,0,-0.017225,-0.011302,0.7708,0.1599,0.2692,2,ok
0,2908,1.711163,-1.655747,-0.060440,-0.020088,0.008346,4.551899,0.200272,0.097268,0.097268,0.000000,,0,0,0,1,1,0,-0.015498,-0.001064,0.7917,0.1459,0.2647,2,ok
0,2909,1.735121,-1.657327,-0.057573,-0.019923,0.011213,4.575909,0.200076,0.031247,0.031247,0.000000,,0,0,0,1,1,0,-0.014880,0.011037,0.7708,0.1802,0.2648,2,ok
0,2910,1.755090,-1.658600,-0.053106,-0.019743,0.019886,4.595915,0.200120,0.068561,0.068561,0.000000,,0,0,0,1,1,0,-0.014269,0.012498,0.7708,0.2062,0.2666,2,ok
0,2911,1.775064,-1.659843,-0.049286,-0.019534,0.023707,4.615926,0.200122,0.054915,0.054915,0.000000,,0,0,0,1,1,0,-0.013783,0.010771,0.7500,0.2313,0.2660,2,ok
0,2912,1.799033,-1.661048,-0.053634,-0.018934,0.022266,4.640027,0.199961,-0.060359,-0.060359,0.000000,,0,0,0,1,1,0,-0.012077,0.011643,0.7083,0.2279,0.2672,2,ok
0,2913,1.822988,-1.662238,-0.068646,-0.018246,0.007254,4.664002,0.199785,-0.191488,-0.191488,0.000000,,0,0,0,1,1,0,-0.010170,0.006311,0.6875,0.2109,0.2696,2,ok
0,2914,1.842941,-1.663590,-0.067942,-0.018035,0.008884,4.683994,0.200013,0.025891,0.025891,0.000000,C-06,0,0,0,1,1,0,-0.011892,-0.010815,0.6875,0.2443,0.2682,2,ok
0,2915,1.862898,-1.664969,-0.062394,-0.017854,0.014432,4.703998,0.200082,0.086437,0.086437,0.000000,,0,0,0,1,1,0,-0.011890,-0.021596,0.6667,0.2525,0.2663,2,ok
0,2916,1.886852,-1.666478,-0.061648,-0.017493,0.015178,4.727997,0.200009,0.003625,0.003625,0.000000,,0,0,0,1,1,0,-0.010488,-0.015933,0.7083,0.2456,0.2669,2,ok
0,2917,1.910810,-1.667974,-0.056710,-0.017121,0.019858,4.751996,0.200064,0.064304,0.064304,0.000000,,0,0,0,1,1,0,-0.009169,-0.023296,0.7708,0.2386,0.2677,2,ok
0,2918,1.934775,-1.669469,-0.051312,-0.016748,0.025256,4.776005,0.200123,0.066006,0.066006,0.000000,,0,0,0,1,1,0,-0.007498,-0.027249,0.7708,0.2371,0.2661,2,ok
0,2919,1.954750,-1.670673,-0.047608,-0.016402,0.026689,4.796006,0.200114,0.053201,0.053201,0.000000,,0,0,0,1,1,0,-0.006286,-0.026644,0.7500,0.2211,0.2650,2,ok
0,2920,1.974728,-1.671677,-0.046489,-0.015860,0.027808,4.816001,0.200025,0.013103,0.013103,0.000000,,0,0,0,1,1,0,-0.005711,-0.029324,0.7083,0.2320,0.2640,2,ok
0,2921,1.998699,-1.672850,-0.053393,-0.015240,0.017447,4.839898,0.199957,-0.091250,-0.091250,0.000000,,0,0,0,1,1,0,-0.002219,-0.029602,0.6667,0.1270,0.2596,2,ok
0,2922,2.022662,-1.674022,-0.057418,-0.014702,0.013423,4.863884,0.199911,-0.046574,-0.046574,0.000000,,0,0,0,1,1,0,-0.011282,-0.037935,0.6875,0.4070,0.2686,2,ok
0,2923,2.042632,-1.675158,-0.050795,-0.014429,0.015076,4.883822,0.200068,0.110228,0.110228,0.000000,C-06,0,0,0,1,1,0,-0.012314,-0.046285,0.6667,0.4434,0.2681,2,ok
0,2924,2.062611,-1.676307,-0.040143,-0.014238,0.025728,4.903833,0.200164,0.158755,0.158755,0.000000,,0,0,0,1,1,0,-0.012717,-0.056334,0.6667,0.4987,0.2716,2,ok
0,2925,2.086594,-1.677431,-0.036085,-0.013755,0.029786,4.927837,0.200068,0.041079,0.041079,0.000000,,0,0,0,1,1,0,-0.009141,-0.049766,0.7083,0.4461,0.2671,2,ok
0,2926,2.110580,-1.678493,-0.030898,-0.013342,0.028035,4.951758,0.200099,0.063989,0.063989,0.000000,,0,0,0,1,1,0,-0.008521,-0.048049,0.7500,0.4706,0.2645,2,ok
0,2927,2.134571,-1.679534,-0.023981,-0.012926,0.034953,4.975768,0.200115,0.084318,0.084318,0.000000,,0,0,0,1,1,0,-0.008678,-0.052844,0.7708,0.5306,0.2676,2,ok
0,2928,2.154567,-1.680320,-0.017790,-0.012604,0.032694,4.995677,0.200102,0.089030,0.089030,0.000000,,0,0,0,1,1,0,-0.009187,-0.054136,0.7292,0.5954,0.2693,2,ok
0,2929,2.174565,-1.681009,-0.011036,-0.012232,0.039448,5.015684,0.200088,0.096969,0.096969,0.000000,,0,0,0,1,1,0,-0.007583,-0.060030,0.7292,0.5897,0.2698,2,ok
0,2930,2.198564,-1.681572,-0.004770,-0.011594,0.035790,5.039560,0.200039,0.072742,0.072742,0.000000,,0,0,0,1,1,0,-0.006040,-0.065469,0.7083,0.5623,0.2696,2,ok
0,2931,2.222564,-1.681725,-0.003897,-0.010723,0.036663,5.063544,0.200001,0.006449,0.006449,0.000000,,0,0,0,1,1,0,-0.007056,-0.072727,0.7083,0.6837,0.2699,2,ok
0,2932,2.242564,-1.681830,0.000007,-0.009974,0.040567,5.083531,0.200003,0.058576,0.058576,0.000000,,0,0,0,1,1,0,-0.003777,-0.086384,0.6458,0.6338,0.2673,2,ok
0,2933,2.262563,-1.681935,0.014206,-0.009485,0.042241,5.103389,0.199985,0.216080,0.216080,0.000000,C-06,0,0,0,1,1,0,-0.003232,-0.107520,0.6458,0.6570,0.2657,2,ok
0,2934,2.286557,-1.682060,0.027446,-0.008913,0.055481,5.127377,0.199930,0.154441,0.154441,0.000000,,0,0,0,1,1,0,-0.002272,-0.102133,0.7083,0.6960,0.2669,2,ok
0,2935,2.310546,-1.681765,0.035212,-0.008101,0.048474,5.151252,0.199906,0.088985,0.088985,0.000000,,0,0,0,1,1,0,-0.001827,-0.096801,0.7708,0.7284,0.2653,2,ok
0,2936,2.334525,-1.681348,0.046616,-0.007268,0.059878,5.175221,0.199819,0.141245,0.141245,0.000000,,0,0,0,1,1,0,-0.001357,-0.099562,0.7500,0.7855,0.2667,2,ok
0,2937,2.354496,-1.680975,0.062168,-0.006689,0.058218,5.195055,0.199659,0.235535,0.235535,0.000000,,0,0,0,1,1,0,0.001201,-0.099731,0.8125,0.7330,0.2675,2,ok
0,2938,2.374449,-1.680365,0.075381,-0.006117,0.071432,5.215009,0.199580,0.192349,0.192349,0.000000,,0,0,0,1,1,0,0.003708,-0.093186,0.7708,0.7445,0.2640,2,ok
0,2939,2.398369,-1.679075,0.086727,-0.004873,0.082778,5.238932,0.199615,0.137212,0.137212,0.000000,,0,0,0,1,1,0,0.004030,-0.104341,0.7292,0.7880,0.2616,2,ok
0,2940,2.422286,-1.677091,0.078548,-0.003363,0.055298,5.262793,0.200084,-0.119176,-0.119176,0.000000,C-06,0,0,0,1,1,0,0.006960,-0.113308,0.7083,0.7926,0.2631,2,ok
0,2941,2.442219,-1.675524,0.086408,-0.002213,0.063158,5.282754,0.199871,0.138530,0.138530,0.000000,C-06,0,0,0,1,1,0,0.010057,-0.136043,0.7083,0.7237,0.2627,2,ok
0,2942,2.462121,-1.673966,0.114113,-0.001291,0.067278,5.302657,0.199347,0.459416,0.459416,0.000000,C-06,0,0,0,1,1,0,0.009408,-0.149075,0.6458,0.7802,0.2627,2,ok
0,2943,2.485908,-1.672096,0.151846,-0.000454,0.105011,5.326503,0.198363,0.486383,0.486383,0.000000,,0,0,0,1,1,0,0.016849,-0.153838,0.7083,0.6534,0.2613,2,ok
0,2944,2.509602,-1.669078,0.166799,0.001428,0.094611,5.350341,0.199076,0.178598,0.178598,0.000000,C-06,0,0,0,1,1,0,0.018490,-0.134765,0.7083,0.6763,0.2636,2,ok
0,2945,2.533282,-1.665192,0.158279,0.003710,0.086091,5.374230,0.200178,-0.132257,-0.132257,0.000000,C-06,0,0,0,1,1,0,0.022026,-0.126261,0.7708,0.6737,0.2661,2,ok
0,2946,2.553040,-1.661920,0.153508,0.005643,0.081320,5.394163,0.200331,-0.071579,-0.071579,0.000000,,0,0,0,1,1,0,0.022320,-0.140159,0.7708,0.6533,0.2654,2,ok
0,2947,2.572794,-1.658848,0.161517,0.006884,0.058865,5.414316,0.199761,0.145611,0.145611,0.000000,C-06,0,0,0,1,1,0,0.023275,-0.153407,0.7083,0.6222,0.2644,2,ok
0,2948,2.596434,-1.655184,0.186522,0.008156,0.083870,5.438204,0.198933,0.348039,0.348039,0.000000,C-06,0,0,0,1,1,0,0.023587,-0.181092,0.7083,0.5897,0.2630,2,ok
0,2949,2.619947,-1.651519,0.216911,0.009189,0.080839,5.462228,0.197745,0.412084,0.412084,0.000000,,0,0,0,1,1,0,0.024641,-0.174356,0.7083,0.5882,0.2635,2,ok
0,2950,2.639493,-1.647328,0.207599,0.010838,0.071528,5.482150,0.200293,-0.196292,-0.196292,0.000000,C-06,0,0,0,1,1,0,0.025075,-0.158958,0.7083,0.6269,0.2637,2,ok
0,2951,2.659091,-1.643053,0.193758,0.012562,0.057686,5.502134,0.200830,-0.224933,-0.224933,0.000000,,0,0,0,1,1,0,0.026462,-0.157376,0.6667,0.5934,0.2641,2,ok
0,2952,2.682545,-1.638346,0.240316,0.013391,0.065018,5.526613,0.198234,0.739357,0.739357,0.000000,C-06,0,0,0,1,1,0,0.023235,-0.206015,0.6250,0.6074,0.2568,2,ok
0,2953,2.705644,-1.633672,0.309678,0.014015,0.134380,5.550173,0.194617,1.000000,1.000000,0.000000,C-06,0,0,0,1,1,0,0.022365,-0.192861,0.7083,0.6453,0.2612,2,ok
0,2954,2.728352,-1.627546,0.347454,0.015721,0.130676,5.574190,0.196128,0.518742,0.518742,0.000000,C-06,0,0,0,1,1,0,0.029513,-0.150587,0.7083,0.5699,0.2579,2,ok
0,2955,2.747147,-1.620874,0.348024,0.018320,0.131246,5.593964,0.199844,-0.038373,-0.038373,0.000000,C-06,0,0,0,1,1,0,0.035220,-0.097173,0.7708,0.5727,0.2630,2,ok
0,2956,2.765973,-1.614078,0.339818,0.021033,0.123040,5.613795,0.200412,-0.155207,-0.155207,0.000000,,0,0,0,1,1,0,0.037125,-0.094990,0.7292,0.5709,0.2641,2,ok
0,2957,2.788655,-1.605920,0.325817,0.023210,0.065991,5.638942,0.201264,-0.206811,-0.206811,0.000000,,0,0,0,1,1,0,0.037184,-0.101495,0.7292,0.5810,0.2693,2,ok
0,2958,2.811439,-1.597840,0.313426,0.025075,0.053600,5.663044,0.201472,-0.177683,-0.177683,0.000000,,0,0,0,1,1,0,0.035637,-0.116651,0.7500,0.5942,0.2654,2,ok
0,2959,2.830455,-1.591581,0.317873,0.025752,0.016785,5.684186,0.199941,0.100726,0.100726,0.000000,C-06,0,0,0,1,1,0,0.034224,-0.174311,0.7292,0.5566,0.2629,2,ok
0,2960,2.849477,-1.585325,0.308866,0.025948,0.007778,5.704210,0.200519,-0.177388,-0.177388,0.000000,C-06,0,0,0,1,1,0,0.033501,-0.184907,0.7083,0.5503,0.2637,2,ok
0,2961,2.872385,-1.577815,0.296730,0.026161,-0.004358,5.728316,0.201208,-0.173379,-0.173379,0.000000,,0,0,0,1,1,0,0.033180,-0.189906,0.7083,0.5427,0.2634,2,ok
0,2962,2.895155,-1.570684,0.355136,0.025221,0.013664,5.753098,0.196817,1.000000,1.000000,0.000000,C-06,0,0,0,1,1,0,0.029224,-0.231095,0.6875,0.5495,0.2625,2,ok
0,2963,2.917365,-1.563549,0.421412,0.024451,0.079939,5.776413,0.192924,1.000000,1.000000,0.000000,,0,0,0,1,1,0,0.031360,-0.201757,0.7708,0.5224,0.2665,2,ok
0,2964,2.935552,-1.555642,0.433025,0.025303,0.055516,5.797110,0.198961,0.135578,0.135578,0.000000,C-06,0,0,0,1,1,0,0.036821,-0.154826,0.7917,0.4865,0.2664,2,ok
0,2965,2.953694,-1.547309,0.435516,0.026322,0.058007,5.817048,0.199703,0.038594,0.038594,0.000000,,0,0,0,1,1,0,0.037660,-0.130931,0.7917,0.5212,0.2697,2,ok
0,2966,2.975500,-1.537205,0.425503,0.027515,0.014200,5.841953,0.200661,-0.168208,-0.168208,0.000000,C-06,0,0,0,1,1,0,0.038085,-0.133906,0.7917,0.5073,0.2669,2,ok
0,2967,2.997335,-1.527223,0.431573,0.027907,0.020270,5.865958,0.199797,0.111073,0.111073,0.000000,C-06,0,0,0,1,1,0,0.035452,-0.169120,0.7500,0.5258,0.2655,2,ok
0,2968,3.015543,-1.518880,0.420029,0.028253,0.008726,5.885984,0.200730,-0.241439,-0.241439,0.000000,C-06,0,0,0,1,1,0,0.034042,-0.176128,0.7500,0.5460,0.2636,2,ok
0,2969,3.033860,-1.510534,0.406038,0.028105,-0.038014,5.906999,0.201749,-0.258532,-0.258532,0.000000,,0,0,0,1,1,0,0.032199,-0.192035,0.7500,0.5495,0.2655,2,ok
0,2970,3.055871,-1.500962,0.415642,0.027300,-0.028410,5.930988,0.199540,0.174851,0.174851,0.000000,C-06,0,0,0,1,1,0,0.027965,-0.213863,0.7083,0.5785,0.2630,2,ok
0,2971,3.077611,-1.491262,0.462893,0.026425,-0.013156,5.955668,0.196591,0.797475,0.797475,0.000000,C-06,0,0,0,1,1,0,0.022364,-0.221053,0.6667,0.6442,0.2675,2,ok
0,2972,3.098966,-1.480925,0.483694,0.025805,0.007646,5.979386,0.197845,0.311396,0.311396,0.000000,C-06,0,0,0,1,1,0,0.022011,-0.222117,0.6458,0.6489,0.2680,2,ok
0,2973,3.116541,-1.471860,0.512880,0.025790,0.036831,5.999161,0.196660,0.592306,0.592306,0.000000,C-06,0,0,0,1,1,0,0.027022,-0.179130,0.7500,0.6129,0.2626,2,ok
0,2974,3.133946,-1.462064,0.515165,0.025903,0.008024,6.019925,0.200000,0.000026,0.000026,0.000000,C-06,0,0,0,1,1,0,0.028943,-0.167372,0.7708,0.6064,0.2657,2,ok
0,2975,3.154817,-1.450240,0.517790,0.026090,0.010649,6.043912,0.199785,0.045750,0.045750,0.000000,,0,0,0,1,1,0,0.029659,-0.164849,0.7500,0.6164,0.2667,2,ok
0,2976,3.175630,-1.438381,0.524856,0.025877,-0.013296,6.068696,0.199343,0.120745,0.120745,0.000000,,0,0,0,1,1,0,0.030381,-0.176855,0.7500,0.5595,0.2627,2,ok
0,2977,3.192877,-1.428380,0.537476,0.025598,-0.000675,6.088631,0.198888,0.259854,0.259854,0.000000,,0,0,0,1,1,0,0.038810,-0.188056,0.7083,0.2659,0.2445,2,ok
0,2978,3.209981,-1.418326,0.552684,0.025439,0.014532,6.107598,0.198311,0.308631,0.308631,0.000000,,0,0,0,1,1,0,0.029517,-0.188425,0.7083,0.5476,0.2625,2,ok
0,2979,3.230351,-1.405812,0.561212,0.024997,-0.007035,6.133096,0.199284,0.136071,0.136071,0.000000,C-06,0,0,0,1,1,0,0.029406,-0.182226,0.6667,0.5552,0.2618,2,ok
0,2980,3.250577,-1.393053,0.576296,0.024876,0.008049,6.157010,0.198723,0.265071,0.265071,0.000000,,0,0,0,1,1,0,0.029319,-0.185014,0.6875,0.5590,0.2637,2,ok
0,2981,3.270360,-1.379948,0.630417,0.024671,0.032536,6.181510,0.196934,1.000000,1.000000,0.000000,C-06,0,0,0,1,1,0,0.031325,-0.201568,0.6875,0.5017,0.2646,2,ok
0,2982,3.286326,-1.368174,0.661178,0.025396,0.063298,6.201334,0.198817,0.632604,0.632604,0.000000,C-06,0,0,0,1,1,0,0.033554,-0.173191,0.6875,0.5174,0.2681,2,ok
0,2983,3.302079,-1.355874,0.664885,0.026489,0.037961,6.222039,0.199931,0.041728,0.041728,0.000000,C-06,0,0,0,1,1,0,0.038096,-0.145768,0.7500,0.4878,0.2659,2,ok
0,2984,3.320878,-1.341009,0.677653,0.027487,0.050729,6.245984,0.199718,0.246485,0.246485,0.000000,C-06,0,0,0,1,1,0,0.038991,-0.137362,0.7917,0.4832,0.2652,2,ok
0,2985,3.339568,-1.325954,0.677635,0.028702,0.050712,6.268572,0.200020,-0.017980,-0.017980,0.000000,C-06,0,0,0,1,1,0,0.037841,-0.136084,0.7500,0.5066,0.2654,2,ok
0,2986,3.355170,-1.313428,0.674096,0.029064,0.018173,6.290771,0.200102,-0.080813,-0.080813,0.000000,,0,0,0,1,1,0,0.035941,-0.135998,0.7708,0.5669,0.2675,2,ok
0,2987,3.370823,-1.300957,0.669597,0.029403,0.013674,6.310782,0.200145,-0.099924,-0.099924,0.000000,,0,0,0,1,1,0,0.044001,-0.154913,0.6875,0.2573,0.2454,2,ok
0,2988,3.389824,-1.286136,0.643196,0.029185,-0.041349,6.335727,0.201248,-0.500308,-0.500308,0.000000,C-06,0,0,0,1,1,0,0.031714,-0.171927,0.6875,0.6250,0.2651,2,ok
0,2989,3.409184,-1.271723,0.621495,0.028105,-0.063050,6.359839,0.201251,-0.375950,-0.375950,0.000000,,0,0,0,1,1,0,0.028565,-0.200211,0.7292,0.6316,0.2631,2,ok
0,2990,3.428592,-1.257718,0.638954,0.026441,-0.075075,6.384478,0.199030,0.357167,0.357167,0.000000,C-06,0,0,0,1,1,0,0.020966,-0.258851,0.6458,0.6860,0.2594,2,ok
0,2991,3.444432,-1.245685,0.676461,0.025185,-0.037568,6.404331,0.198923,0.855543,0.855543,0.000000,C-06,0,0,0,1,1,0,0.020481,-0.262998,0.7083,0.6605,0.2563,2,ok
0,2992,3.459922,-1.233080,0.691323,0.024590,-0.022706,6.424293,0.199848,0.277086,0.277086,0.000000,C-06,0,0,0,1,1,0,0.018943,-0.237353,0.8125,0.7209,0.2616,2,ok
0,2993,3.478277,-1.217621,0.709680,0.023718,-0.032913,6.448986,0.200131,0.343754,0.343754,0.000000,,0,0,0,1,1,0,0.021543,-0.221991,0.7708,0.6808,0.2586,2,ok
0,2994,3.496382,-1.201787,0.731819,0.023156,-0.010774,6.473031,0.200714,0.409174,0.409174,0.000000,,0,0,0,1,1,0,0.021385,-0.213878,0.8333,0.6877,0.2600,2,ok
0,2995,3.511257,-1.188291,0.749778,0.022709,-0.021627,6.493870,0.200852,0.384692,0.384692,0.000000,,0,0,0,1,1,0,0.020253,-0.205900,0.7292,0.7311,0.2606,2,ok
0,2996,3.525844,-1.174511,0.770881,0.022350,-0.000524,6.513933,0.200418,0.449772,0.449772,0.000000,,0,0,0,1,1,0,0.021090,-0.206535,0.7708,0.7395,0.2651,2,ok
0,2997,3.542961,-1.157670,0.784210,0.022408,0.012805,6.536633,0.200022,0.219119,0.219119,0.000000,C-06,0,0,0,1,1,0,0.020561,-0.200969,0.7083,0.7870,0.2620,2,ok
0,2998,3.559880,-1.140652,0.792432,0.022124,-0.008992,6.562473,0.199947,0.135408,0.135408,0.000000,,0,0,0,1,1,0,0.022282,-0.198882,0.7292,0.7593,0.2659,2,ok
0,2999,3.576621,-1.123485,0.805597,0.022107,0.004172,6.586452,0.199727,0.235193,0.235193,0.000000,,0,0,0,1,1,0,0.021473,-0.201958,0.7083,0.7966,0.2627,2,ok
0,3000,3.590401,-1.109035,0.815849,0.021816,-0.015008,6.607082,0.199615,0.214925,0.214925,0.000000,,0,0,0,1,1,0,0.026262,-0.224469,0.6875,0.6915,0.2582,2,ok
