WARNING: All log messages before absl::InitializeLog() is called are written to STDERR
E0000 00:00:1783115165.561559   58916 descriptor_database.cc:633] File already exists in database: grpc/health/v1/health.proto
W0000 00:00:1783115165.561589   58916 message.cc:301] Protobuf GeneratedMessageFactory: File is already registered: grpc/health/v1/health.proto
2026-07-03T21:46:05Z [Info] [carb] Logging to file: /home/samuel/isaacsim/kit/logs/Kit/Isaac-Sim Python/6.0/kit_20260703_234605.log
[0.028s] [ext: omni.assets.plugins-0.0.0] startup
[0.028s] [ext: omni.blobkey-1.1.2] startup
[0.028s] [ext: omni.kit.async_engine-0.0.3] startup
[0.252s] [ext: omni.client.lib-1.1.1] startup
[0.259s] [ext: omni.client-1.3.0] startup
[0.260s] [ext: omni.protobuf.lib-1.0.0] startup
[0.261s] [ext: omni.grpc.lib-1.0.0] startup
[0.264s] [ext: omni.metrics.core-0.0.3] startup
[0.264s] [ext: omni.datastore-0.0.0] startup
[0.264s] [ext: omni.gpu_foundation.shadercache.vulkan-1.0.0] startup
[0.268s] [ext: omni.hsscclient-1.1.4] startup
[0.268s] [ext: omni.stats-1.0.1] startup
[0.269s] [ext: omni.ujitso.default-1.0.0] startup
[0.270s] [ext: omni.gpu_foundation-0.0.0] startup
[0.393s] [ext: carb.windowing.plugins-1.0.1] startup
[0.393s] [ext: omni.kit.renderer.init-1.0.1] startup
2026-07-03T21:46:06Z [695ms] [Warning] [omni.rtx] Skipping unsupported non-NVIDIA GPU: AMD Ryzen 5 9600X 6-Core Processor (RADV RAPHAEL_MENDOCINO)
2026-07-03T21:46:06Z [695ms] [Warning] [omni.rtx] Skipping unsupported non-NVIDIA GPU: AMD Ryzen 5 9600X 6-Core Processor (RADV RAPHAEL_MENDOCINO)

|---------------------------------------------------------------------------------------------|
| Driver Version: 595.71.05     | Graphics API: Vulkan
|=============================================================================================|
| GPU | Name                             | Active | LDA | GPU Memory | Vendor-ID | LUID       |
|     |                                  |        |     |            | Device-ID | UUID       |
|     |                                  |        |     |            | Bus-ID    |            |
|---------------------------------------------------------------------------------------------|
| 0   | NVIDIA GeForce RTX 5060          | Yes: 0 |     | 8151    MB | 10de      | 0          |
|     |                                  |        |     |            | 2d05      | d624d9ed.. |
|     |                                  |        |     |            | 1         |            |
|---------------------------------------------------------------------------------------------|
| 1   | AMD Ryzen 5 9600X 6-Core Proce.. |        |     | 10739   MB | 1002      | 0          |
|     |                                  |        |     |            | 13c0      | 00000000.. |
|     |                                  |        |     |            | 11        |            |
|=============================================================================================|
| OS: 24.04.4 LTS (Noble Numbat) ubuntu, Version: 24.04.4, Kernel: 6.17.0-35-generic
| XServer Vendor: The X.Org Foundation, XServer Version: 12101011 (1.21.1.11)
| Processor: AMD Ryzen 5 9600X 6-Core Processor
| Cores: 6 | Logical Cores: 12
|---------------------------------------------------------------------------------------------|
| Total Memory (MB): 31195 | Free Memory: 24426
| Total Page/Swap (MB): 488 | Free Page/Swap: 480
|---------------------------------------------------------------------------------------------|
2026-07-03T21:46:06Z [863ms] [Warning] [omni.rtx] PCIe link width current (8) and maximum (16) for device 0 don't match.
2026-07-03T21:46:06Z [863ms] [Warning] [omni.rtx] IOMMU is enabled.
[0.921s] [ext: omni.kit.pipapi-0.0.0] startup
[0.922s] [ext: omni.kit.pip_archive-0.0.0] startup
[0.922s] [ext: isaacsim.pip.newton-0.6.0] startup
[0.923s] [ext: omni.pip.compute-1.9.0] startup
[0.923s] [ext: omni.isaac.core_archive-5.3.0] startup
[0.923s] [ext: omni.kit.telemetry-0.5.2] startup
[0.941s] [ext: omni.kit.loop-isaac-1.6.0] startup
[0.942s] [ext: omni.kit.test-2.0.7] startup
[0.981s] [ext: omni.materialx.libs-1.0.9] startup
[0.986s] [ext: omni.gpucompute.plugins-0.0.0] startup
[0.986s] [ext: omni.usd.config-1.0.7] startup
[0.989s] [ext: omni.usd.libs-1.0.3] startup
[1.038s] [ext: omni.iray.libs-0.0.1] startup
[1.040s] [ext: omni.mdl-57.0.3] startup
[1.087s] [ext: omni.mdl.neuraylib-0.2.20] startup
[1.089s] [ext: omni.kit.usd.mdl-1.1.9] startup
[1.161s] [ext: omni.appwindow-1.2.2] startup
[1.162s] [ext: omni.kit.renderer.core-1.2.2] startup
[4.975s] [ext: omni.kit.renderer.capture-2.0.1] startup
[4.977s] [ext: omni.kit.renderer.imgui-2.0.6] startup
[5.170s] [ext: omni.ui-3.1.3] startup
[5.176s] [ext: omni.kit.mainwindow-1.0.3] startup
[5.177s] [ext: carb.audio-0.1.0] startup
[5.179s] [ext: omni.uiaudio-1.0.0] startup
[5.179s] [ext: omni.kit.uiapp-0.0.0] startup
[5.179s] [ext: omni.usd.schema.metrics.assembler-110.1.0] startup
[5.181s] [ext: omni.usd.schema.audio-0.0.1] startup
[5.183s] [ext: omni.usd_resolver-1.0.0] startup
[5.185s] [ext: omni.usd.core-1.8.3] startup
[5.188s] [ext: omni.metropolis.schema-0.0.3] startup
[5.188s] [ext: isaacsim.anim.robot.schema-0.1.1] startup
[5.189s] [ext: omni.usd.schema.anim-0.0.1] startup
[5.200s] [ext: omni.usd.schema.geospatial-0.0.1] startup
[5.201s] [ext: omni.usd.schema.omnigraph-1.0.1] startup
[5.205s] [ext: omni.usd.schema.semantics-0.0.0] startup
[5.207s] [ext: omni.activity.core-1.0.3] startup
[5.207s] [ext: omni.cubric-0.1.0] startup
[5.208s] [ext: omni.graph.exec-0.9.6] startup
[5.208s] [ext: omni.hydra.scene_delegate-0.3.5] startup
[5.210s] [ext: usdrt.scenegraph-7.6.3] startup
[5.226s] [ext: omni.hydra.usdrt_delegate-7.5.2] startup
[5.229s] [ext: omni.inspect-1.0.2] startup
[5.230s] [ext: omni.kit.actions.core-1.0.0] startup
[5.231s] [ext: omni.kit.audiodeviceenum-1.0.2] startup
[5.232s] [ext: omni.kit.commands-1.5.0] startup
[5.234s] [ext: omni.kit.exec.core-0.13.5] startup
[5.234s] [ext: omni.kit.usd_undo-0.1.8] startup
[5.235s] [ext: omni.kit.window.popup_dialog-2.0.25] startup
[5.237s] [ext: omni.kit.widget.nucleus_connector-2.3.1] startup
[5.241s] [ext: omni.timeline-1.1.0] startup
[5.243s] [ext: omni.usd-1.15.2] startup
[5.264s] [ext: omni.graph.core-3.1.2] startup
[5.266s] [ext: omni.kit.notification_manager-1.0.11] startup
[5.268s] [ext: isaacsim.core.deprecation_manager-0.4.2] startup
[5.268s] [ext: isaacsim.replicator.agent.schema-0.1.1] startup
[5.269s] [ext: isaacsim.robot.schema-6.3.6] startup
[5.272s] [ext: isaacsim.robot_motion.schema-0.2.0] startup
[5.272s] [ext: omni.anim.behavior.schema-110.1.0] startup
[5.275s] [ext: omni.anim.graph.schema-110.1.1] startup
[5.279s] [ext: omni.anim.navigation.schema-110.1.0] startup
[5.281s] [ext: omni.behavior.tree.schema-110.1.0] startup
[5.281s] [ext: omni.isaac.ml_archive-3.3.0] startup
[5.281s] [ext: omni.kit.asset_converter-5.1.4] startup
[5.288s] [ext: omni.pip.cloud-1.5.3] startup
[5.290s] [ext: omni.usd.schema.flow-110.0.0] startup
[5.290s] [ext: omni.usd.schema.mujoco-1.1.0] startup
[5.291s] [ext: omni.usd.schema.newton-1.2.0] startup
[5.291s] [ext: omni.usd.schema.omni_lens_distortion-1.0.0] startup
[5.292s] [ext: omni.usd.schema.omni_projectors-1.0.0] startup
[5.292s] [ext: omni.usd.schema.omni_sensors-0.0.0] startup
[5.297s] [ext: omni.usd.schema.omniscripting-1.0.1] startup
[5.300s] [ext: omni.usd.schema.physical_lighting-0.1.0] startup
[5.302s] [ext: omni.usd.schema.physx-110.1.11] startup
[5.321s] [ext: omni.usd.schema.render_settings.rtx-1.0.2] startup
[5.323s] [ext: omni.usd.schema.usd_particle_field-1.0.0] startup
[5.323s] [ext: isaacsim.core.version-2.1.0] startup
[5.324s] [ext: omni.kit.menu.core-1.2.0] startup
[5.324s] [ext: omni.kit.menu.utils-2.2.3] startup
[5.329s] [ext: isaacsim.app.about-2.3.0] startup
[5.331s] [ext: isaacsim.asset.transformer-1.2.3] startup
[5.334s] [ext: omni.scene.optimizer.core-110.1.0] startup
[5.362s] [ext: isaacsim.asset.importer.utils-1.8.0] startup
[5.364s] [ext: omni.convexdecomposition-110.1.11] startup
[5.365s] [ext: omni.physics-110.1.11] startup
[5.367s] [ext: omni.physx.gpu-110.1.11] startup
[5.367s] [ext: omni.physx.foundation-110.1.11] startup
[5.368s] [ext: omni.usdphysics-110.1.11] startup
[5.369s] [ext: omni.physx.cooking-110.1.11] startup
[5.371s] [ext: omni.physx-110.1.11] startup
[5.376s] [ext: omni.physics.physx-110.1.11] startup
[5.378s] [ext: isaacsim.asset.exporter.urdf-2.0.3] startup
[5.383s] [ext: omni.kit.clipboard-1.1.1] startup
[5.383s] [ext: omni.kit.usd.layers-2.6.1] startup
[5.388s] [ext: omni.kit.widget.context_menu-1.4.0] startup
[5.389s] [ext: omni.kit.context_menu-1.9.0] startup
[5.389s] [ext: omni.kit.helper.file_utils-0.1.10] startup
[5.390s] [ext: omni.kit.widget.nucleus_info-2.0.2] startup
[5.391s] [ext: omni.kit.search_core-1.0.8] startup
[5.391s] [ext: omni.kit.widget.path_field-2.0.13] startup
[5.392s] [ext: omni.kit.widget.browser_bar-2.0.10] startup
[5.392s] [ext: omni.kit.widget.filebrowser-2.13.4] startup
[5.395s] [ext: omni.kit.widget.options_menu-1.1.6] startup
[5.397s] [ext: omni.kit.widget.options_button-1.0.3] startup
[5.397s] [ext: omni.kit.widget.search_delegate-1.0.9] startup
[5.397s] [ext: omni.ui.scene-2.0.1] startup
[5.400s] [ext: omni.kit.window.filepicker-2.15.5] startup
[5.408s] [ext: omni.kit.window.file_importer-1.1.21] startup
[5.409s] [ext: omni.kit.material.library-3.1.2] startup
[5.412s] [ext: isaacsim.asset.transformer.rules-1.7.8] startup
[5.419s] [ext: omni.usdex.libs-2.2.2] startup
[5.424s] [ext: isaacsim.asset.importer.mjcf-3.10.0] startup
[5.425s] [ext: isaacsim.asset.importer.urdf-3.11.0] startup
[5.428s] [ext: omni.kit.primitive.mesh-1.1.0] startup
[5.429s] [ext: omni.kit.stage_template.core-1.1.22] startup
[5.430s] [ext: omni.kit.stage_templates-2.0.2] startup
[5.431s] [ext: omni.usd.metrics.assembler-110.1.2] startup
[5.433s] [ext: omni.warp.core-1.13.0] startup
[5.572s] [ext: isaacsim.core.experimental.utils-0.17.1] startup
[5.573s] [ext: omni.physics.stageupdate-110.1.11] startup
[5.574s] [ext: omni.physics.tensors-110.1.11] startup
[5.577s] [ext: omni.physx.tensors-110.1.11] startup
[5.642s] [ext: isaacsim.core.simulation_manager-1.15.4] startup
2026-07-03T21:46:10Z [5,643ms] [Warning] [isaacsim.core.simulation_manager.plugin] USD stage is not available; stage-opened subscription is deferred
2026-07-03T21:46:10Z [5,643ms] [Warning] [isaacsim.core.simulation_manager.plugin] USD stage is not available; stage-opened subscription is deferred
[5.652s] [ext: isaacsim.storage.native-1.9.2] startup
[5.653s] [ext: omni.usd.metrics.assembler.physics-110.1.11] startup
[5.654s] [ext: isaacsim.core.utils-4.1.6] startup
[5.656s] [ext: isaacsim.core.prims-0.11.6] startup
[6.486s] [ext: isaacsim.core.api-5.2.12] startup
[6.491s] [ext: isaacsim.core.cloner-1.7.2] startup
[6.492s] [ext: isaacsim.test.docstring-1.3.1] startup
[6.495s] [ext: isaacsim.core.experimental.prims-1.8.8] startup
[6.512s] [ext: isaacsim.core.experimental.primdata-0.3.2] startup
[6.513s] [ext: omni.graph.tools-1.81.0] startup
[6.528s] [ext: omni.graph-1.142.5] startup
[6.555s] [ext: isaacsim.core.experimental.actuators-0.1.0] startup
[8.116s] [ext: isaacsim.core.experimental.materials-0.7.0] startup
[8.119s] [ext: isaacsim.core.experimental.objects-0.8.0] startup
[8.162s] [ext: omni.hydra.engine.stats-1.0.5] startup
[8.164s] [ext: omni.hydra.rtx.shadercache.vulkan-1.0.0] startup
[8.164s] [ext: omni.index.libs-387500.3473.0] startup
[8.164s] [ext: omni.index-1.0.1] startup
[8.165s] [ext: omni.ujitso.client-0.0.0] startup
[8.165s] [ext: omni.usd.schema.playback-1.0.0] startup
[8.168s] [ext: omni.volume-0.5.2] startup
[8.171s] [ext: omni.hydra.rtx-1.0.3] startup
2026-07-03T21:46:13Z [8,171ms] [Warning] [omni.log] Source: omni.hydra was already registered.
[8.189s] [ext: omni.kit.hydra_texture-1.6.0] startup
[8.192s] [ext: omni.kit.raycast.query-1.2.0] startup
[8.194s] [ext: omni.kit.viewport.legacy_gizmos-1.0.24] startup
[8.196s] [ext: omni.kit.viewport.registry-104.0.6] startup
[8.197s] [ext: omni.kit.viewport.scene_camera_model-1.0.7] startup
[8.199s] [ext: omni.kit.widget.viewport-109.2.0] startup
[8.202s] [ext: omni.kit.window.drop_support-1.0.8] startup
[8.203s] [ext: omni.kit.viewport.window-109.0.2] startup
[8.214s] [ext: omni.kit.viewport.utility-2.0.1] startup
[8.215s] [ext: isaacsim.core.rendering_manager-0.4.2] startup
[8.230s] [ext: omni.graph.action_core-1.1.9] startup
[8.231s] [ext: omni.graph.action_nodes_core-2.10.2] startup
[8.233s] [ext: omni.graph.action_nodes-2.10.3] startup
[8.247s] [ext: omni.graph.action-2.10.2] startup
[8.248s] [ext: omni.graph.image.core-0.6.1] startup
[8.248s] [ext: omni.graph.image.nodes-1.3.1] startup
[8.249s] [ext: omni.graph.nodes_core-2.10.3] startup
[8.253s] [ext: omni.graph.nodes-2.11.1] startup
[8.256s] [ext: omni.kit.hotkeys.core-1.3.12] startup
[8.257s] [ext: omni.kit.property.adapter.core-1.1.1] startup
[8.259s] [ext: omni.kit.property.adapter.usd-1.0.5] startup
[8.260s] [ext: omni.kit.widget.filter-1.1.5] startup
[8.260s] [ext: omni.kit.widget.highlight_label-1.0.3] startup
[8.261s] [ext: omni.kit.widget.searchfield-1.1.8] startup
[8.262s] [ext: omni.kit.window.file_exporter-1.0.36] startup
[8.263s] [ext: omni.kit.widget.stage-4.3.0] startup
[8.269s] [ext: omni.kit.window.content_browser_registry-0.0.6] startup
[8.269s] [ext: omni.kit.window.file-2.0.10] startup
[8.272s] [ext: omni.kit.window.content_browser-3.1.8] startup
[8.279s] [ext: omni.kit.window.property-1.15.1] startup
[8.286s] [ext: omni.kit.property.usd-4.8.1] startup
[8.293s] [ext: omni.graph.scriptnode-2.10.2] startup
[8.299s] [ext: omni.kit.widget.searchable_combobox-1.0.7] startup
[8.300s] [ext: omni.kit.widget.settings-2.0.0] startup
[8.301s] [ext: omni.kit.window.preferences-1.8.3] startup
[8.305s] [ext: omni.kit.viewport.menubar.core-107.2.2] startup
[8.312s] [ext: omni.syntheticdata-0.6.15] startup
[8.330s] [ext: omni.replicator.nv-1.1.1] startup
[8.334s] [ext: omni.videoencoding-0.2.1] startup
[8.335s] [ext: omni.replicator.core-1.13.25] startup
2026-07-03T21:46:13Z [8,332ms] [Warning] [pxr.Semantics] pxr.Semantics is deprecated - please use Semantics instead
2026-07-03T21:46:13Z [8,385ms] [Warning] [omni.replicator.core.scripts.extension] No material configuration file, adding configuration to material settings directly.
[8.494s] [ext: isaacsim.core.nodes-5.10.4] startup
[8.515s] [ext: isaacsim.core.throttling-2.3.3] startup
[8.516s] [ext: omni.kit.manipulator.viewport-107.0.1] startup
[8.517s] [ext: omni.graph.visualization.nodes-2.1.4] startup
[8.526s] [ext: omni.kit.window.extensions-1.5.7] startup
[8.530s] [ext: isaacsim.gui.components-1.8.4] startup
[8.533s] [ext: isaacsim.robot.surface_gripper-3.6.1] startup
[8.541s] [ext: isaacsim.robot.manipulators-3.4.4] startup
[8.548s] [ext: isaacsim.robot_motion.lula-4.1.2] startup
[8.553s] [ext: isaacsim.robot_motion.motion_generation-8.2.8] startup
[8.557s] [ext: isaacsim.cortex.framework-1.0.17] startup
[8.558s] [ext: isaacsim.cortex.behaviors-2.0.16] startup
[8.559s] [ext: isaacsim.examples.base-1.3.1] startup
[8.561s] [ext: omni.kit.widget.zoombar-1.0.7] startup
[8.561s] [ext: omni.kit.browser.core-2.3.18] startup
[8.564s] [ext: omni.kit.browser.folder.core-2.0.2] startup
[8.567s] [ext: omni.kit.widget.stage_icons-1.0.8] startup
[8.568s] [ext: omni.kit.window.stage-2.6.1] startup
[8.570s] [ext: omni.kit.menu.stage-1.2.7] startup
[8.571s] [ext: omni.kit.usd.collect-3.0.5] startup
[8.573s] [ext: omni.kit.widget.prompt-1.0.7] startup
[8.574s] [ext: omni.kit.tool.collect-2.2.19] startup
[8.575s] [ext: isaacsim.examples.browser-0.3.1] startup
[8.577s] [ext: omni.kit.search.files-1.0.4] startup
[8.578s] [ext: omni.kit.widget.calendar-1.0.9] startup
[8.578s] [ext: omni.kit.widget.extended_searchfield-1.0.31] startup
[8.584s] [ext: omni.simready.content.browser-0.3.7] startup
[8.657s] [ext: isaacsim.gui.content_browser-0.4.2] startup
[8.659s] [ext: omni.kit.selection-0.1.6] startup
[8.660s] [ext: isaacsim.gui.menu-2.10.5] startup
[8.666s] [ext: isaacsim.gui.property-1.6.2] startup
[8.671s] [ext: omni.kit.viewport.actions-107.0.2] startup
[8.674s] [ext: omni.kit.viewport.menubar.display-107.1.3] startup
[8.675s] [ext: isaacsim.gui.sensors.icon-2.2.0] startup
[8.677s] [ext: omni.behavior.scripting.core-110.1.0] startup
[8.679s] [ext: isaacsim.replicator.behavior-1.5.3] startup
[8.679s] [ext: isaacsim.replicator.experimental.domain_randomization-1.2.4] startup
[8.690s] [ext: isaacsim.replicator.domain_randomization-1.2.1] startup
[8.747s] [ext: isaacsim.replicator.writers-1.5.3] startup
[8.763s] [ext: isaacsim.robot.experimental.wheeled_robots-0.2.9] startup
[8.779s] [ext: isaacsim.robot.policy.examples-5.2.11] startup
[8.793s] [ext: isaacsim.robot.wheeled_robots-5.2.3] startup
[8.796s] [ext: isaacsim.robot.wheeled_robots.nodes-0.1.2] startup
[8.809s] [ext: isaacsim.robot_motion.experimental.motion_generation-6.1.2] startup
[8.817s] [ext: isaacsim.robot_motion.cumotion-1.3.0] startup
[8.827s] [ext: omni.kit.numpy.common-0.1.3] startup
[8.828s] [ext: isaacsim.sensors.camera-1.7.8] startup
[8.849s] [ext: isaacsim.sensors.experimental.physics-3.0.1] startup
[8.854s] [ext: omni.sensors.net-1.0.1] startup
[8.856s] [ext: omni.sensors.nv.common-3.0.0] startup
[8.864s] [ext: omni.sensors.nv.materials-2.0.0] startup
[8.866s] [ext: omni.sensors.nv.acoustic-3.0.0] startup
[8.868s] [ext: omni.sensors.nv.ids-2.0.1] startup
[8.869s] [ext: omni.sensors.nv.lidar-3.0.0] startup
[8.872s] [ext: omni.sensors.nv.radar-3.0.0] startup
[8.874s] [ext: isaacsim.sensors.experimental.rtx-1.4.3] startup
[9.090s] [ext: isaacsim.sensors.physics.nodes-1.5.2] startup
[9.095s] [ext: isaacsim.util.debug_draw-3.2.2] startup
[9.099s] [ext: isaacsim.sensors.physx-2.5.4] startup
[9.104s] [ext: isaacsim.sensors.rtx-15.17.0] startup
[9.112s] [ext: isaacsim.simulation_app-2.18.3] startup
[9.112s] [ext: omni.anim.curve.core-1.6.0] startup
[9.119s] [ext: omni.graph.ui_nodes-2.10.5] startup
[9.137s] [ext: omni.hydra.scene_api-0.1.3] startup
[9.140s] [ext: omni.kit.manipulator.camera-110.0.0] startup
[9.143s] [ext: omni.kit.manipulator.selector-1.1.4] startup
[9.144s] [ext: omni.kit.manipulator.transform-107.0.0] startup
[9.146s] [ext: omni.kit.widget.toolbar-2.1.0] startup
[9.150s] [ext: omni.kit.manipulator.tool.snap-1.5.14] startup
[9.153s] [ext: omni.kit.viewport.manipulator.transform-107.0.4] startup
[9.154s] [ext: omni.kit.manipulator.prim.core-108.0.2] startup
[9.158s] [ext: omni.kit.manipulator.prim.usd-107.0.3] startup
[9.159s] [ext: omni.kit.manipulator.prim-108.0.0] startup
[9.159s] [ext: omni.kit.manipulator.selection-109.0.1] startup
[9.160s] [ext: omni.kit.menu.create-2.0.2] startup
[9.161s] [ext: omni.kit.property.audio-1.0.16] startup
[9.164s] [ext: omni.kit.property.camera-1.0.14] startup
[9.165s] [ext: omni.kit.property.geometry-2.1.2] startup
[9.167s] [ext: omni.kit.property.light-1.0.14] startup
2026-07-03T21:46:14Z [9,176ms] [Warning] [omni.usd] Encountered USD Warnings but USD Diagnostics are currently muted. To view USD Warnings, please set the '/persistent/app/usd/muteUsdDiagnostics' setting to false in Preferences page.
[9.188s] [ext: omni.kit.property.material-1.14.2] startup
[9.193s] [ext: omni.kit.property.render-1.2.2] startup
[9.194s] [ext: omni.kit.property.transform-1.6.9] startup
[9.196s] [ext: omni.kit.property.bundle-1.5.1] startup
[9.197s] [ext: omni.kit.usdz_export-1.1.0] startup
[9.199s] [ext: omni.kit.tool.asset_importer-5.2.0] startup
[9.202s] [ext: omni.kit.ui.actions-1.0.5] startup
[9.203s] [ext: omni.kit.viewport.menubar.camera-107.0.10] startup
[9.207s] [ext: omni.kit.viewport.menubar.lighting-107.3.2] startup
[9.208s] [ext: omni.kit.viewport.menubar.render-107.0.10] startup
[9.210s] [ext: omni.kit.viewport.menubar.settings-110.0.1] startup
[9.212s] [ext: omni.kit.window.console-1.1.8] startup
[9.215s] [ext: omni.kit.window.status_bar-0.1.11] startup
[9.217s] [ext: omni.kit.window.toolbar-3.0.3] startup
[9.218s] [ext: omni.ocio-0.1.1] startup
[9.219s] [ext: omni.physx.commands-110.1.11] startup
[9.224s] [ext: omni.replicator.replicator_yaml-2.0.12] startup
[9.231s] [ext: omni.rtx.window.settings-0.8.0] startup
[9.234s] [ext: omni.rtx.settings.core-0.7.0] startup
[9.236s] [ext: omni.usd.metrics.assembler.ui-110.1.1] startup
[9.241s] [ext: semantics.schema.editor-2.0.2] startup
[9.243s] [ext: semantics.schema.property-2.0.1] startup
[9.244s] [ext: omni.kit.menu.common-2.0.2] startup
[9.245s] [ext: isaacsim.exp.base-6.0.0] startup
[9.245s] [ext: isaacsim.exp.base.python-6.0.0] startup
[9.246s] Simulation App Starting
[9.988s] Simulation App Startup Complete
[9.993s] app ready
Starting kit application with the following args:  ['/home/samuel/isaacsim/exts/isaacsim.simulation_app/isaacsim/simulation_app/simulation_app.py', '/home/samuel/isaacsim/apps/isaacsim.exp.base.python.kit', '--/app/tokens/exe-path=/home/samuel/isaacsim/kit', '--/persistent/app/viewport/displayOptions=3094', '--/rtx/materialDb/syncLoads=True', '--/rtx/hydra/materialSyncLoads=True', '--/omni.kit.plugin/syncUsdLoads=True', '--/app/renderer/resolution/width=1280', '--/app/renderer/resolution/height=720', '--/app/window/width=1440', '--/app/window/height=900', '--/renderer/multiGpu/enabled=True', '--/app/fastShutdown=True', '--/app/installSignalHandlers=0', '--ext-folder', '/home/samuel/isaacsim/exts', '--ext-folder', '/home/samuel/isaacsim/apps', '--/physics/cudaDevice=0', '--/plugins/carb.tasking.plugin/threadCount=12', '--/plugins/omni.tbb.globalcontrol/maxThreadCount=12', '--portable', '--no-window', '--/app/window/hideUi=1']
Passing the following args to the base kit application:  ['--run-id', 'ppo_isaac2d_v2_2024_1M', '--model-path', 'policy/checkpoints/cobraflex_ppo_isaac2d_lane_2024_1M_v2']
Warp 1.13.0 initialized:
   CUDA Toolkit 12.9, Driver 13.2
   Devices:
     "cpu"      : "x86_64"
     "cuda:0"   : "NVIDIA GeForce RTX 5060" (8 GiB, sm_120, mempool enabled)
   Kernel cache:
     /home/samuel/.cache/warp/1.13.0
[isaac_train] render mode: headless (headless=True)
[isaac_train] multi-track scene ['complex_b', 'complex_d', 'complex_e']: per-episode circuit sampling; --centerline-config/--road-centerline-config ignored (config-dir naming convention applies).
[scene] track 'complex_b' built as geometry (9.6x4.6 m, 2-lane, offset (+0.0, +0.0))
[scene] track 'complex_d' built as geometry (10.0x4.9 m, 2-lane, offset (+24.8, +0.0))
[scene] track 'complex_e' built as geometry (10.3x4.8 m, 2-lane, offset (+49.9, +0.0))
[scene] velocity drives on 4 wheel joints; friction 0.05 (combine=min) on 4 wheel colliders, ground 0.05
[isaac_train] articulation root /World/Cobraflex/Geometry/base_footprint/base_link; wheel dof [0, 2, 1, 3]
[isaac_train] domain randomization active (dynamics=True, scene=True, seed=2024)
Using cuda device
Wrapping the env in a VecTransposeImage.
[progress] line-by-line mode (no usable TTY); progress every 1000 steps
2026-07-03T21:46:16Z [11,430ms] [Warning] [omni.physx.plugin] The rigid body at /World/Cobraflex/Geometry/base_footprint/base_link/body_link/zedm_camera_link has a possibly invalid inertia tensor of {1.0, 1.0, 1.0} and a negative mass, small sphere approximated inertia was used. Either specify correct values in the mass properties, or add collider(s) to any shape(s) that you wish to automatically compute mass properties for.
2026-07-03T21:46:17Z [11,864ms] [Warning] [omni.rtx] DLSS increasing input dimensions: Render resolution of (320, 180) is below minimal input resolution of 300.
2026-07-03T21:46:17Z [11,919ms] [Warning] [omni.fabric.plugin] Warning: attribute deviceIds not found for path /Render/OmniverseKit/HydraTextures/Replicator

2026-07-03T21:46:17Z [11,930ms] [Warning] [omni.syntheticdata.plugin] OgnSdPostRenderVarToHost : rendervar copy from texture directly to host buffer is counter-performant. Please use copy from texture to device buffer first.
2026-07-03T21:46:57Z [51,788ms] [Error] [omni.kit.app._impl] [py stderr]: /media/samuel/Fast_SSD/SE4AI/thesis_repo/src/cobraflex_rl/cobraflex_rl/cv_lane_estimator.py:253: RankWarning: Polyfit may be poorly conditioned
  c2, c1, c0 = np.polyfit(xs, ys, 2)
2026-07-03T21:46:57Z [51,788ms] [Error] [omni.kit.app._impl] [py stderr]: /media/samuel/Fast_SSD/SE4AI/thesis_repo/src/cobraflex_rl/cobraflex_rl/cv_lane_estimator.py:253: RankWarning: Polyfit may be poorly conditioned
  c2, c1, c0 = np.polyfit(xs, ys, 2)
2026-07-03T21:46:57Z [51,788ms] [Error] [omni.kit.app._impl] [py stderr]: /media/samuel/Fast_SSD/SE4AI/thesis_repo/src/cobraflex_rl/cobraflex_rl/cv_lane_estimator.py:253: RankWarning: Polyfit may be poorly conditioned
  c2, c1, c0 = np.polyfit(xs, ys, 2)
2026-07-03T21:46:57Z [51,788ms] [Error] [omni.kit.app._impl] [py stderr]: /media/samuel/Fast_SSD/SE4AI/thesis_repo/src/cobraflex_rl/cobraflex_rl/cv_lane_estimator.py:253: RankWarning: Polyfit may be poorly conditioned
  c2, c1, c0 = np.polyfit(xs, ys, 2)
PPO progress: 1000/1000000 (0%) | ep_rew_mean=6.49 | ep_len_mean=18 | episodes=54 | fps=21
---------------------------------
| rollout/           |          |
|    ep_len_mean     | 18.1     |
|    ep_rew_mean     | 6.49     |
| time/              |          |
|    fps             | 21       |
|    iterations      | 1        |
|    time_elapsed    | 46       |
|    total_timesteps | 1024     |
---------------------------------
2026-07-03T21:47:22Z [77,675ms] [Error] [omni.kit.app._impl] [py stderr]: /media/samuel/Fast_SSD/SE4AI/thesis_repo/src/cobraflex_rl/cobraflex_rl/cv_lane_estimator.py:253: RankWarning: Polyfit may be poorly conditioned
  c2, c1, c0 = np.polyfit(xs, ys, 2)
PPO progress: 2000/1000000 (0%) | ep_rew_mean=5.24 | ep_len_mean=16 | episodes=100 | fps=20
-----------------------------------------
| rollout/                |             |
|    ep_len_mean          | 15.9        |
|    ep_rew_mean          | 5           |
| time/                   |             |
|    fps                  | 20          |
|    iterations           | 2           |
|    time_elapsed         | 100         |
|    total_timesteps      | 2048        |
| train/                  |             |
|    approx_kl            | 0.007741417 |
|    clip_fraction        | 0.09        |
|    clip_range           | 0.2         |
|    clip_range_vf        | 0.2         |
|    entropy_loss         | -2.84       |
|    explained_variance   | -0.031      |
|    learning_rate        | 0.0003      |
|    loss                 | 0.659       |
|    n_updates            | 10          |
|    policy_gradient_loss | -0.00508    |
|    std                  | 1           |
|    value_loss           | 1.61        |
-----------------------------------------
2026-07-03T21:48:29Z [144,693ms] [Error] [omni.kit.app._impl] [py stderr]: /media/samuel/Fast_SSD/SE4AI/thesis_repo/src/cobraflex_rl/cobraflex_rl/cv_lane_estimator.py:253: RankWarning: Polyfit may be poorly conditioned
  c2, c1, c0 = np.polyfit(xs, ys, 2)
2026-07-03T21:48:29Z [144,693ms] [Error] [omni.kit.app._impl] [py stderr]: /media/samuel/Fast_SSD/SE4AI/thesis_repo/src/cobraflex_rl/cobraflex_rl/cv_lane_estimator.py:253: RankWarning: Polyfit may be poorly conditioned
  c2, c1, c0 = np.polyfit(xs, ys, 2)
2026-07-03T21:48:35Z [150,199ms] [Error] [omni.kit.app._impl] [py stderr]: /media/samuel/Fast_SSD/SE4AI/thesis_repo/src/cobraflex_rl/cobraflex_rl/cv_lane_estimator.py:253: RankWarning: Polyfit may be poorly conditioned
  c2, c1, c0 = np.polyfit(xs, ys, 2)
2026-07-03T21:48:35Z [150,272ms] [Error] [omni.kit.app._impl] [py stderr]: /media/samuel/Fast_SSD/SE4AI/thesis_repo/src/cobraflex_rl/cobraflex_rl/cv_lane_estimator.py:253: RankWarning: Polyfit may be poorly conditioned
  c2, c1, c0 = np.polyfit(xs, ys, 2)
PPO progress: 3000/1000000 (0%) | ep_rew_mean=4.73 | ep_len_mean=17 | episodes=100 | fps=20
-----------------------------------------
| rollout/                |             |
|    ep_len_mean          | 16.6        |
|    ep_rew_mean          | 5.31        |
| time/                   |             |
|    fps                  | 20          |
|    iterations           | 3           |
|    time_elapsed         | 148         |
|    total_timesteps      | 3072        |
| train/                  |             |
|    approx_kl            | 0.007460623 |
|    clip_fraction        | 0.0952      |
|    clip_range           | 0.2         |
|    clip_range_vf        | 0.2         |
|    entropy_loss         | -2.85       |
|    explained_variance   | -0.364      |
|    learning_rate        | 0.000299    |
|    loss                 | 0.23        |
|    n_updates            | 20          |
|    policy_gradient_loss | -0.00656    |
|    std                  | 1.01        |
|    value_loss           | 0.777       |
-----------------------------------------
PPO progress: 4000/1000000 (0%) | ep_rew_mean=6.88 | ep_len_mean=20 | episodes=100 | fps=22
-----------------------------------------
| rollout/                |             |
|    ep_len_mean          | 21.4        |
|    ep_rew_mean          | 7.65        |
| time/                   |             |
|    fps                  | 22          |
|    iterations           | 4           |
|    time_elapsed         | 180         |
|    total_timesteps      | 4096        |
| train/                  |             |
|    approx_kl            | 0.009042025 |
|    clip_fraction        | 0.0731      |
|    clip_range           | 0.2         |
|    clip_range_vf        | 0.2         |
|    entropy_loss         | -2.86       |
|    explained_variance   | 0.336       |
|    learning_rate        | 0.000299    |
|    loss                 | 0.231       |
|    n_updates            | 30          |
|    policy_gradient_loss | -0.00586    |
|    std                  | 1.01        |
|    value_loss           | 0.528       |
-----------------------------------------
2026-07-03T21:49:25Z [200,209ms] [Error] [omni.kit.app._impl] [py stderr]: /media/samuel/Fast_SSD/SE4AI/thesis_repo/src/cobraflex_rl/cobraflex_rl/cv_lane_estimator.py:253: RankWarning: Polyfit may be poorly conditioned
  c2, c1, c0 = np.polyfit(xs, ys, 2)
2026-07-03T21:49:25Z [200,209ms] [Error] [omni.kit.app._impl] [py stderr]: /media/samuel/Fast_SSD/SE4AI/thesis_repo/src/cobraflex_rl/cobraflex_rl/cv_lane_estimator.py:253: RankWarning: Polyfit may be poorly conditioned
  c2, c1, c0 = np.polyfit(xs, ys, 2)
PPO progress: 5000/1000000 (0%) | ep_rew_mean=12.11 | ep_len_mean=25 | episodes=100 | fps=23
-----------------------------------------
| rollout/                |             |
|    ep_len_mean          | 25.6        |
|    ep_rew_mean          | 13          |
| time/                   |             |
|    fps                  | 23          |
|    iterations           | 5           |
|    time_elapsed         | 217         |
|    total_timesteps      | 5120        |
| train/                  |             |
|    approx_kl            | 0.028146602 |
|    clip_fraction        | 0.128       |
|    clip_range           | 0.2         |
|    clip_range_vf        | 0.2         |
|    entropy_loss         | -2.86       |
|    explained_variance   | 0.582       |
|    learning_rate        | 0.000299    |
|    loss                 | 0.138       |
|    n_updates            | 40          |
|    policy_gradient_loss | -0.0165     |
|    std                  | 1.01        |
|    value_loss           | 0.554       |
-----------------------------------------
PPO progress: 6000/1000000 (1%) | ep_rew_mean=16.11 | ep_len_mean=27 | episodes=100 | fps=24
2026-07-03T21:50:29Z [264,632ms] [Error] [omni.kit.app._impl] [py stderr]: /media/samuel/Fast_SSD/SE4AI/thesis_repo/src/cobraflex_rl/cobraflex_rl/cv_lane_estimator.py:253: RankWarning: Polyfit may be poorly conditioned
  c2, c1, c0 = np.polyfit(xs, ys, 2)
2026-07-03T21:50:29Z [264,632ms] [Error] [omni.kit.app._impl] [py stderr]: /media/samuel/Fast_SSD/SE4AI/thesis_repo/src/cobraflex_rl/cobraflex_rl/cv_lane_estimator.py:253: RankWarning: Polyfit may be poorly conditioned
  c2, c1, c0 = np.polyfit(xs, ys, 2)
-----------------------------------------
| rollout/                |             |
|    ep_len_mean          | 27.4        |
|    ep_rew_mean          | 16.9        |
| time/                   |             |
|    fps                  | 24          |
|    iterations           | 6           |
|    time_elapsed         | 253         |
|    total_timesteps      | 6144        |
| train/                  |             |
|    approx_kl            | 0.017160602 |
|    clip_fraction        | 0.141       |
|    clip_range           | 0.2         |
|    clip_range_vf        | 0.2         |
|    entropy_loss         | -2.86       |
|    explained_variance   | 0.593       |
|    learning_rate        | 0.000298    |
|    loss                 | 0.185       |
|    n_updates            | 50          |
|    policy_gradient_loss | -0.0109     |
|    std                  | 1.01        |
|    value_loss           | 0.351       |
-----------------------------------------
PPO progress: 7000/1000000 (1%) | ep_rew_mean=13.46 | ep_len_mean=25 | episodes=100 | fps=24
-----------------------------------------
| rollout/                |             |
|    ep_len_mean          | 24.3        |
|    ep_rew_mean          | 12.2        |
| time/                   |             |
|    fps                  | 24          |
|    iterations           | 7           |
|    time_elapsed         | 294         |
|    total_timesteps      | 7168        |
| train/                  |             |
|    approx_kl            | 0.012182182 |
|    clip_fraction        | 0.136       |
|    clip_range           | 0.2         |
|    clip_range_vf        | 0.2         |
|    entropy_loss         | -2.86       |
|    explained_variance   | 0.667       |
|    learning_rate        | 0.000298    |
|    loss                 | 0.103       |
|    n_updates            | 60          |
|    policy_gradient_loss | -0.0127     |
|    std                  | 1.01        |
|    value_loss           | 0.315       |
-----------------------------------------
2026-07-03T21:51:28Z [323,033ms] [Error] [omni.kit.app._impl] [py stderr]: /media/samuel/Fast_SSD/SE4AI/thesis_repo/src/cobraflex_rl/cobraflex_rl/cv_lane_estimator.py:253: RankWarning: Polyfit may be poorly conditioned
  c2, c1, c0 = np.polyfit(xs, ys, 2)
PPO progress: 8000/1000000 (1%) | ep_rew_mean=10.83 | ep_len_mean=23 | episodes=100 | fps=24
-----------------------------------------
| rollout/                |             |
|    ep_len_mean          | 24.9        |
|    ep_rew_mean          | 12.1        |
| time/                   |             |
|    fps                  | 24          |
|    iterations           | 8           |
|    time_elapsed         | 333         |
|    total_timesteps      | 8192        |
| train/                  |             |
|    approx_kl            | 0.019903177 |
|    clip_fraction        | 0.164       |
|    clip_range           | 0.2         |
|    clip_range_vf        | 0.2         |
|    entropy_loss         | -2.86       |
|    explained_variance   | 0.347       |
|    learning_rate        | 0.000298    |
|    loss                 | 0.0571      |
|    n_updates            | 70          |
|    policy_gradient_loss | -0.0149     |
|    std                  | 1.01        |
|    value_loss           | 0.173       |
-----------------------------------------
2026-07-03T21:51:54Z [348,903ms] [Error] [omni.kit.app._impl] [py stderr]: /media/samuel/Fast_SSD/SE4AI/thesis_repo/src/cobraflex_rl/cobraflex_rl/cv_lane_estimator.py:253: RankWarning: Polyfit may be poorly conditioned
  c2, c1, c0 = np.polyfit(xs, ys, 2)
PPO progress: 9000/1000000 (1%) | ep_rew_mean=8.72 | ep_len_mean=21 | episodes=100 | fps=24
-----------------------------------------
| rollout/                |             |
|    ep_len_mean          | 18.2        |
|    ep_rew_mean          | 7.8         |
| time/                   |             |
|    fps                  | 24          |
|    iterations           | 9           |
|    time_elapsed         | 381         |
|    total_timesteps      | 9216        |
| train/                  |             |
|    approx_kl            | 0.012824655 |
|    clip_fraction        | 0.169       |
|    clip_range           | 0.2         |
|    clip_range_vf        | 0.2         |
|    entropy_loss         | -2.87       |
|    explained_variance   | 0.552       |
|    learning_rate        | 0.000298    |
|    loss                 | 0.0464      |
|    n_updates            | 80          |
|    policy_gradient_loss | -0.015      |
|    std                  | 1.02        |
|    value_loss           | 0.147       |
-----------------------------------------
2026-07-03T21:53:00Z [415,255ms] [Error] [omni.kit.app._impl] [py stderr]: /media/samuel/Fast_SSD/SE4AI/thesis_repo/src/cobraflex_rl/cobraflex_rl/cv_lane_estimator.py:253: RankWarning: Polyfit may be poorly conditioned
  c2, c1, c0 = np.polyfit(xs, ys, 2)
2026-07-03T21:53:01Z [416,342ms] [Error] [omni.kit.app._impl] [py stderr]: /media/samuel/Fast_SSD/SE4AI/thesis_repo/src/cobraflex_rl/cobraflex_rl/cv_lane_estimator.py:253: RankWarning: Polyfit may be poorly conditioned
  c2, c1, c0 = np.polyfit(xs, ys, 2)
2026-07-03T21:53:01Z [416,343ms] [Error] [omni.kit.app._impl] [py stderr]: /media/samuel/Fast_SSD/SE4AI/thesis_repo/src/cobraflex_rl/cobraflex_rl/cv_lane_estimator.py:253: RankWarning: Polyfit may be poorly conditioned
  c2, c1, c0 = np.polyfit(xs, ys, 2)
2026-07-03T21:53:01Z [416,354ms] [Error] [omni.kit.app._impl] [py stderr]: /media/samuel/Fast_SSD/SE4AI/thesis_repo/src/cobraflex_rl/cobraflex_rl/cv_lane_estimator.py:253: RankWarning: Polyfit may be poorly conditioned
  c2, c1, c0 = np.polyfit(xs, ys, 2)
2026-07-03T21:53:01Z [416,354ms] [Error] [omni.kit.app._impl] [py stderr]: /media/samuel/Fast_SSD/SE4AI/thesis_repo/src/cobraflex_rl/cobraflex_rl/cv_lane_estimator.py:253: RankWarning: Polyfit may be poorly conditioned
  c2, c1, c0 = np.polyfit(xs, ys, 2)
2026-07-03T21:53:01Z [416,418ms] [Error] [omni.kit.app._impl] [py stderr]: /media/samuel/Fast_SSD/SE4AI/thesis_repo/src/cobraflex_rl/cobraflex_rl/cv_lane_estimator.py:253: RankWarning: Polyfit may be poorly conditioned
  c2, c1, c0 = np.polyfit(xs, ys, 2)
2026-07-03T21:53:01Z [416,418ms] [Error] [omni.kit.app._impl] [py stderr]: /media/samuel/Fast_SSD/SE4AI/thesis_repo/src/cobraflex_rl/cobraflex_rl/cv_lane_estimator.py:253: RankWarning: Polyfit may be poorly conditioned
  c2, c1, c0 = np.polyfit(xs, ys, 2)
PPO progress: 10000/1000000 (1%) | ep_rew_mean=10.59 | ep_len_mean=21 | episodes=100 | fps=24
-----------------------------------------
| rollout/                |             |
|    ep_len_mean          | 19.9        |
|    ep_rew_mean          | 9.75        |
| time/                   |             |
|    fps                  | 23          |
|    iterations           | 10          |
|    time_elapsed         | 428         |
|    total_timesteps      | 10240       |
| train/                  |             |
|    approx_kl            | 0.016064776 |
|    clip_fraction        | 0.171       |
|    clip_range           | 0.2         |
|    clip_range_vf        | 0.2         |
|    entropy_loss         | -2.88       |
|    explained_variance   | 0.416       |
|    learning_rate        | 0.000297    |
|    loss                 | 0.0485      |
|    n_updates            | 90          |
|    policy_gradient_loss | -0.0176     |
|    std                  | 1.02        |
|    value_loss           | 0.177       |
-----------------------------------------
2026-07-03T21:53:42Z [457,072ms] [Error] [omni.kit.app._impl] [py stderr]: /media/samuel/Fast_SSD/SE4AI/thesis_repo/src/cobraflex_rl/cobraflex_rl/cv_lane_estimator.py:253: RankWarning: Polyfit may be poorly conditioned
  c2, c1, c0 = np.polyfit(xs, ys, 2)
2026-07-03T21:53:42Z [457,654ms] [Error] [omni.kit.app._impl] [py stderr]: /media/samuel/Fast_SSD/SE4AI/thesis_repo/src/cobraflex_rl/cobraflex_rl/cv_lane_estimator.py:253: RankWarning: Polyfit may be poorly conditioned
  c2, c1, c0 = np.polyfit(xs, ys, 2)
PPO progress: 11000/1000000 (1%) | ep_rew_mean=12.96 | ep_len_mean=22 | episodes=100 | fps=24
-----------------------------------------
| rollout/                |             |
|    ep_len_mean          | 22.9        |
|    ep_rew_mean          | 14.2        |
| time/                   |             |
|    fps                  | 24          |
|    iterations           | 11          |
|    time_elapsed         | 459         |
|    total_timesteps      | 11264       |
| train/                  |             |
|    approx_kl            | 0.044912875 |
|    clip_fraction        | 0.23        |
|    clip_range           | 0.2         |
|    clip_range_vf        | 0.2         |
|    entropy_loss         | -2.87       |
|    explained_variance   | 0.417       |
|    learning_rate        | 0.000297    |
|    loss                 | -0.0254     |
|    n_updates            | 100         |
|    policy_gradient_loss | -0.0244     |
|    std                  | 1.01        |
|    value_loss           | 0.202       |
-----------------------------------------
PPO progress: 12000/1000000 (1%) | ep_rew_mean=18.46 | ep_len_mean=27 | episodes=100 | fps=24
-----------------------------------------
| rollout/                |             |
|    ep_len_mean          | 25.5        |
|    ep_rew_mean          | 16.5        |
| time/                   |             |
|    fps                  | 24          |
|    iterations           | 12          |
|    time_elapsed         | 496         |
|    total_timesteps      | 12288       |
| train/                  |             |
|    approx_kl            | 0.018291626 |
|    clip_fraction        | 0.168       |
|    clip_range           | 0.2         |
|    clip_range_vf        | 0.2         |
|    entropy_loss         | -2.86       |
|    explained_variance   | 0.535       |
|    learning_rate        | 0.000297    |
|    loss                 | 0.11        |
|    n_updates            | 110         |
|    policy_gradient_loss | -0.0147     |
|    std                  | 1.01        |
|    value_loss           | 0.242       |
-----------------------------------------
PPO progress: 13000/1000000 (1%) | ep_rew_mean=16.40 | ep_len_mean=23 | episodes=100 | fps=24
----------------------------------------
| rollout/                |            |
|    ep_len_mean          | 21.8       |
|    ep_rew_mean          | 14.9       |
| time/                   |            |
|    fps                  | 24         |
|    iterations           | 13         |
|    time_elapsed         | 542        |
|    total_timesteps      | 13312      |
| train/                  |            |
|    approx_kl            | 0.09102695 |
|    clip_fraction        | 0.254      |
|    clip_range           | 0.2        |
|    clip_range_vf        | 0.2        |
|    entropy_loss         | -2.86      |
|    explained_variance   | 0.701      |
|    learning_rate        | 0.000296   |
|    loss                 | 0.0383     |
|    n_updates            | 120        |
|    policy_gradient_loss | -0.0245    |
|    std                  | 1.01       |
|    value_loss           | 0.216      |
----------------------------------------
2026-07-03T21:55:25Z [560,037ms] [Error] [omni.kit.app._impl] [py stderr]: /media/samuel/Fast_SSD/SE4AI/thesis_repo/src/cobraflex_rl/cobraflex_rl/cv_lane_estimator.py:253: RankWarning: Polyfit may be poorly conditioned
  c2, c1, c0 = np.polyfit(xs, ys, 2)
2026-07-03T21:55:25Z [560,146ms] [Error] [omni.kit.app._impl] [py stderr]: /media/samuel/Fast_SSD/SE4AI/thesis_repo/src/cobraflex_rl/cobraflex_rl/cv_lane_estimator.py:253: RankWarning: Polyfit may be poorly conditioned
  c2, c1, c0 = np.polyfit(xs, ys, 2)
2026-07-03T21:55:25Z [560,153ms] [Error] [omni.kit.app._impl] [py stderr]: /media/samuel/Fast_SSD/SE4AI/thesis_repo/src/cobraflex_rl/cobraflex_rl/cv_lane_estimator.py:253: RankWarning: Polyfit may be poorly conditioned
  c2, c1, c0 = np.polyfit(xs, ys, 2)
PPO progress: 14000/1000000 (1%) | ep_rew_mean=13.53 | ep_len_mean=20 | episodes=100 | fps=24
-----------------------------------------
| rollout/                |             |
|    ep_len_mean          | 21.2        |
|    ep_rew_mean          | 15.4        |
| time/                   |             |
|    fps                  | 24          |
|    iterations           | 14          |
|    time_elapsed         | 579         |
|    total_timesteps      | 14336       |
| train/                  |             |
|    approx_kl            | 0.021892354 |
|    clip_fraction        | 0.207       |
|    clip_range           | 0.2         |
|    clip_range_vf        | 0.2         |
|    entropy_loss         | -2.85       |
|    explained_variance   | 0.645       |
|    learning_rate        | 0.000296    |
|    loss                 | 0.0264      |
|    n_updates            | 130         |
|    policy_gradient_loss | -0.0179     |
|    std                  | 1.01        |
|    value_loss           | 0.242       |
-----------------------------------------
2026-07-03T21:56:05Z [600,533ms] [Error] [omni.kit.app._impl] [py stderr]: /media/samuel/Fast_SSD/SE4AI/thesis_repo/src/cobraflex_rl/cobraflex_rl/cv_lane_estimator.py:253: RankWarning: Polyfit may be poorly conditioned
  c2, c1, c0 = np.polyfit(xs, ys, 2)
PPO progress: 15000/1000000 (2%) | ep_rew_mean=14.47 | ep_len_mean=20 | episodes=100 | fps=25
-----------------------------------------
| rollout/                |             |
|    ep_len_mean          | 22.7        |
|    ep_rew_mean          | 18.3        |
| time/                   |             |
|    fps                  | 25          |
|    iterations           | 15          |
|    time_elapsed         | 612         |
|    total_timesteps      | 15360       |
| train/                  |             |
|    approx_kl            | 0.036301233 |
|    clip_fraction        | 0.242       |
|    clip_range           | 0.2         |
|    clip_range_vf        | 0.2         |
|    entropy_loss         | -2.85       |
|    explained_variance   | 0.732       |
|    learning_rate        | 0.000296    |
|    loss                 | 0.0354      |
|    n_updates            | 140         |
|    policy_gradient_loss | -0.0269     |
|    std                  | 1.01        |
|    value_loss           | 0.293       |
-----------------------------------------
2026-07-03T21:56:40Z [635,005ms] [Error] [omni.kit.app._impl] [py stderr]: /media/samuel/Fast_SSD/SE4AI/thesis_repo/src/cobraflex_rl/cobraflex_rl/cv_lane_estimator.py:253: RankWarning: Polyfit may be poorly conditioned
  c2, c1, c0 = np.polyfit(xs, ys, 2)
2026-07-03T21:56:40Z [635,005ms] [Error] [omni.kit.app._impl] [py stderr]: /media/samuel/Fast_SSD/SE4AI/thesis_repo/src/cobraflex_rl/cobraflex_rl/cv_lane_estimator.py:253: RankWarning: Polyfit may be poorly conditioned
  c2, c1, c0 = np.polyfit(xs, ys, 2)
2026-07-03T21:56:40Z [635,005ms] [Error] [omni.kit.app._impl] [py stderr]: /media/samuel/Fast_SSD/SE4AI/thesis_repo/src/cobraflex_rl/cobraflex_rl/cv_lane_estimator.py:253: RankWarning: Polyfit may be poorly conditioned
  c2, c1, c0 = np.polyfit(xs, ys, 2)
2026-07-03T21:56:40Z [635,012ms] [Error] [omni.kit.app._impl] [py stderr]: /media/samuel/Fast_SSD/SE4AI/thesis_repo/src/cobraflex_rl/cobraflex_rl/cv_lane_estimator.py:253: RankWarning: Polyfit may be poorly conditioned
  c2, c1, c0 = np.polyfit(xs, ys, 2)
2026-07-03T21:56:40Z [635,012ms] [Error] [omni.kit.app._impl] [py stderr]: /media/samuel/Fast_SSD/SE4AI/thesis_repo/src/cobraflex_rl/cobraflex_rl/cv_lane_estimator.py:253: RankWarning: Polyfit may be poorly conditioned
  c2, c1, c0 = np.polyfit(xs, ys, 2)
2026-07-03T21:56:40Z [635,012ms] [Error] [omni.kit.app._impl] [py stderr]: /media/samuel/Fast_SSD/SE4AI/thesis_repo/src/cobraflex_rl/cobraflex_rl/cv_lane_estimator.py:253: RankWarning: Polyfit may be poorly conditioned
  c2, c1, c0 = np.polyfit(xs, ys, 2)
PPO progress: 16000/1000000 (2%) | ep_rew_mean=19.52 | ep_len_mean=25 | episodes=100 | fps=25
-----------------------------------------
| rollout/                |             |
|    ep_len_mean          | 20.7        |
|    ep_rew_mean          | 16.5        |
| time/                   |             |
|    fps                  | 24          |
|    iterations           | 16          |
|    time_elapsed         | 661         |
|    total_timesteps      | 16384       |
| train/                  |             |
|    approx_kl            | 0.041809317 |
|    clip_fraction        | 0.245       |
|    clip_range           | 0.2         |
|    clip_range_vf        | 0.2         |
|    entropy_loss         | -2.85       |
|    explained_variance   | 0.516       |
|    learning_rate        | 0.000295    |
|    loss                 | 0.166       |
|    n_updates            | 150         |
|    policy_gradient_loss | -0.0279     |
|    std                  | 1.01        |
|    value_loss           | 0.263       |
-----------------------------------------
PPO progress: 17000/1000000 (2%) | ep_rew_mean=12.86 | ep_len_mean=17 | episodes=100 | fps=24
2026-07-03T21:57:55Z [710,192ms] [Error] [omni.kit.app._impl] [py stderr]: /media/samuel/Fast_SSD/SE4AI/thesis_repo/src/cobraflex_rl/cobraflex_rl/cv_lane_estimator.py:253: RankWarning: Polyfit may be poorly conditioned
  c2, c1, c0 = np.polyfit(xs, ys, 2)
2026-07-03T21:57:55Z [710,198ms] [Error] [omni.kit.app._impl] [py stderr]: /media/samuel/Fast_SSD/SE4AI/thesis_repo/src/cobraflex_rl/cobraflex_rl/cv_lane_estimator.py:253: RankWarning: Polyfit may be poorly conditioned
  c2, c1, c0 = np.polyfit(xs, ys, 2)
-----------------------------------------
| rollout/                |             |
|    ep_len_mean          | 19.1        |
|    ep_rew_mean          | 15.2        |
| time/                   |             |
|    fps                  | 24          |
|    iterations           | 17          |
|    time_elapsed         | 697         |
|    total_timesteps      | 17408       |
| train/                  |             |
|    approx_kl            | 0.026159823 |
|    clip_fraction        | 0.242       |
|    clip_range           | 0.2         |
|    clip_range_vf        | 0.2         |
|    entropy_loss         | -2.85       |
|    explained_variance   | 0.508       |
|    learning_rate        | 0.000295    |
|    loss                 | 0.0225      |
|    n_updates            | 160         |
|    policy_gradient_loss | -0.0195     |
|    std                  | 1           |
|    value_loss           | 0.242       |
-----------------------------------------
2026-07-03T21:58:23Z [738,207ms] [Error] [omni.kit.app._impl] [py stderr]: /media/samuel/Fast_SSD/SE4AI/thesis_repo/src/cobraflex_rl/cobraflex_rl/cv_lane_estimator.py:253: RankWarning: Polyfit may be poorly conditioned
  c2, c1, c0 = np.polyfit(xs, ys, 2)
PPO progress: 18000/1000000 (2%) | ep_rew_mean=14.00 | ep_len_mean=19 | episodes=100 | fps=24
-----------------------------------------
| rollout/                |             |
|    ep_len_mean          | 21.6        |
|    ep_rew_mean          | 18.5        |
| time/                   |             |
|    fps                  | 24          |
|    iterations           | 18          |
|    time_elapsed         | 746         |
|    total_timesteps      | 18432       |
| train/                  |             |
|    approx_kl            | 0.033795964 |
|    clip_fraction        | 0.236       |
|    clip_range           | 0.2         |
|    clip_range_vf        | 0.2         |
|    entropy_loss         | -2.84       |
|    explained_variance   | 0.794       |
|    learning_rate        | 0.000295    |
|    loss                 | -0.0176     |
|    n_updates            | 170         |
|    policy_gradient_loss | -0.0221     |
|    std                  | 0.999       |
|    value_loss           | 0.176       |
-----------------------------------------
Early stopping at step 2 due to reaching max kl: 0.84
PPO progress: 19000/1000000 (2%) | ep_rew_mean=23.45 | ep_len_mean=25 | episodes=100 | fps=24
----------------------------------------
| rollout/                |            |
|    ep_len_mean          | 25.5       |
|    ep_rew_mean          | 22.5       |
| time/                   |            |
|    fps                  | 25         |
|    iterations           | 19         |
|    time_elapsed         | 776        |
|    total_timesteps      | 19456      |
| train/                  |            |
|    approx_kl            | 0.22957286 |
|    clip_fraction        | 0.221      |
|    clip_range           | 0.2        |
|    clip_range_vf        | 0.2        |
|    entropy_loss         | -2.84      |
|    explained_variance   | 0.495      |
|    learning_rate        | 0.000294   |
|    loss                 | 0.397      |
|    n_updates            | 173        |
|    policy_gradient_loss | -0.0127    |
|    std                  | 1          |
|    value_loss           | 0.484      |
----------------------------------------
2026-07-03T21:59:17Z [792,684ms] [Error] [omni.kit.app._impl] [py stderr]: /media/samuel/Fast_SSD/SE4AI/thesis_repo/src/cobraflex_rl/cobraflex_rl/cv_lane_estimator.py:253: RankWarning: Polyfit may be poorly conditioned
  c2, c1, c0 = np.polyfit(xs, ys, 2)
2026-07-03T21:59:30Z [804,753ms] [Error] [omni.kit.app._impl] [py stderr]: /media/samuel/Fast_SSD/SE4AI/thesis_repo/src/cobraflex_rl/cobraflex_rl/cv_lane_estimator.py:253: RankWarning: Polyfit may be poorly conditioned
  c2, c1, c0 = np.polyfit(xs, ys, 2)
2026-07-03T21:59:30Z [804,760ms] [Error] [omni.kit.app._impl] [py stderr]: /media/samuel/Fast_SSD/SE4AI/thesis_repo/src/cobraflex_rl/cobraflex_rl/cv_lane_estimator.py:253: RankWarning: Polyfit may be poorly conditioned
  c2, c1, c0 = np.polyfit(xs, ys, 2)
PPO progress: 20000/1000000 (2%) | ep_rew_mean=20.81 | ep_len_mean=23 | episodes=100 | fps=24
2026-07-03T21:59:51Z [826,257ms] [Error] [omni.kit.app._impl] [py stderr]: /media/samuel/Fast_SSD/SE4AI/thesis_repo/src/cobraflex_rl/cobraflex_rl/cv_lane_estimator.py:253: RankWarning: Polyfit may be poorly conditioned
  c2, c1, c0 = np.polyfit(xs, ys, 2)
2026-07-03T21:59:52Z [826,737ms] [Error] [omni.kit.app._impl] [py stderr]: /media/samuel/Fast_SSD/SE4AI/thesis_repo/src/cobraflex_rl/cobraflex_rl/cv_lane_estimator.py:253: RankWarning: Polyfit may be poorly conditioned
  c2, c1, c0 = np.polyfit(xs, ys, 2)
2026-07-03T21:59:52Z [827,632ms] [Error] [omni.kit.app._impl] [py stderr]: /media/samuel/Fast_SSD/SE4AI/thesis_repo/src/cobraflex_rl/cobraflex_rl/cv_lane_estimator.py:253: RankWarning: Polyfit may be poorly conditioned
  c2, c1, c0 = np.polyfit(xs, ys, 2)
2026-07-03T21:59:52Z [827,639ms] [Error] [omni.kit.app._impl] [py stderr]: /media/samuel/Fast_SSD/SE4AI/thesis_repo/src/cobraflex_rl/cobraflex_rl/cv_lane_estimator.py:253: RankWarning: Polyfit may be poorly conditioned
  c2, c1, c0 = np.polyfit(xs, ys, 2)
-----------------------------------------
| rollout/                |             |
|    ep_len_mean          | 24.3        |
|    ep_rew_mean          | 21.6        |
| time/                   |             |
|    fps                  | 24          |
|    iterations           | 20          |
|    time_elapsed         | 820         |
|    total_timesteps      | 20480       |
| train/                  |             |
|    approx_kl            | 0.034699284 |
|    clip_fraction        | 0.267       |
|    clip_range           | 0.2         |
|    clip_range_vf        | 0.2         |
|    entropy_loss         | -2.84       |
|    explained_variance   | 0.651       |
|    learning_rate        | 0.000294    |
|    loss                 | 0.12        |
|    n_updates            | 183         |
|    policy_gradient_loss | -0.0175     |
|    std                  | 0.996       |
|    value_loss           | 0.379       |
-----------------------------------------
Early stopping at step 4 due to reaching max kl: 0.77
PPO progress: 21000/1000000 (2%) | ep_rew_mean=14.79 | ep_len_mean=19 | episodes=100 | fps=24
2026-07-03T22:00:33Z [868,480ms] [Error] [omni.kit.app._impl] [py stderr]: /media/samuel/Fast_SSD/SE4AI/thesis_repo/src/cobraflex_rl/cobraflex_rl/cv_lane_estimator.py:253: RankWarning: Polyfit may be poorly conditioned
  c2, c1, c0 = np.polyfit(xs, ys, 2)
---------------------------------------
| rollout/                |           |
|    ep_len_mean          | 16.1      |
|    ep_rew_mean          | 11.9      |
| time/                   |           |
|    fps                  | 24        |
|    iterations           | 21        |
|    time_elapsed         | 873       |
|    total_timesteps      | 21504     |
| train/                  |           |
|    approx_kl            | 0.3198942 |
|    clip_fraction        | 0.22      |
|    clip_range           | 0.2       |
|    clip_range_vf        | 0.2       |
|    entropy_loss         | -2.83     |
|    explained_variance   | 0.721     |
|    learning_rate        | 0.000294  |
|    loss                 | -0.00594  |
|    n_updates            | 188       |
|    policy_gradient_loss | -0.0139   |
|    std                  | 0.997     |
|    value_loss           | 0.272     |
---------------------------------------
PPO progress: 22000/1000000 (2%) | ep_rew_mean=12.61 | ep_len_mean=17 | episodes=100 | fps=24
2026-07-03T22:01:22Z [917,341ms] [Error] [omni.kit.app._impl] [py stderr]: /media/samuel/Fast_SSD/SE4AI/thesis_repo/src/cobraflex_rl/cobraflex_rl/cv_lane_estimator.py:253: RankWarning: Polyfit may be poorly conditioned
  c2, c1, c0 = np.polyfit(xs, ys, 2)
2026-07-03T22:01:22Z [917,347ms] [Error] [omni.kit.app._impl] [py stderr]: /media/samuel/Fast_SSD/SE4AI/thesis_repo/src/cobraflex_rl/cobraflex_rl/cv_lane_estimator.py:253: RankWarning: Polyfit may be poorly conditioned
  c2, c1, c0 = np.polyfit(xs, ys, 2)
----------------------------------------
| rollout/                |            |
|    ep_len_mean          | 20.2       |
|    ep_rew_mean          | 18.1       |
| time/                   |            |
|    fps                  | 24         |
|    iterations           | 22         |
|    time_elapsed         | 908        |
|    total_timesteps      | 22528      |
| train/                  |            |
|    approx_kl            | 0.08978133 |
|    clip_fraction        | 0.235      |
|    clip_range           | 0.2        |
|    clip_range_vf        | 0.2        |
|    entropy_loss         | -2.83      |
|    explained_variance   | 0.652      |
|    learning_rate        | 0.000294   |
|    loss                 | -0.0295    |
|    n_updates            | 198        |
|    policy_gradient_loss | -0.0195    |
|    std                  | 0.995      |
|    value_loss           | 0.185      |
----------------------------------------
2026-07-03T22:01:37Z [932,077ms] [Error] [omni.kit.app._impl] [py stderr]: /media/samuel/Fast_SSD/SE4AI/thesis_repo/src/cobraflex_rl/cobraflex_rl/cv_lane_estimator.py:253: RankWarning: Polyfit may be poorly conditioned
  c2, c1, c0 = np.polyfit(xs, ys, 2)
2026-07-03T22:01:37Z [932,084ms] [Error] [omni.kit.app._impl] [py stderr]: /media/samuel/Fast_SSD/SE4AI/thesis_repo/src/cobraflex_rl/cobraflex_rl/cv_lane_estimator.py:253: RankWarning: Polyfit may be poorly conditioned
  c2, c1, c0 = np.polyfit(xs, ys, 2)
2026-07-03T22:01:42Z [937,146ms] [Error] [omni.kit.app._impl] [py stderr]: /media/samuel/Fast_SSD/SE4AI/thesis_repo/src/cobraflex_rl/cobraflex_rl/cv_lane_estimator.py:253: RankWarning: Polyfit may be poorly conditioned
  c2, c1, c0 = np.polyfit(xs, ys, 2)
2026-07-03T22:01:42Z [937,153ms] [Error] [omni.kit.app._impl] [py stderr]: /media/samuel/Fast_SSD/SE4AI/thesis_repo/src/cobraflex_rl/cobraflex_rl/cv_lane_estimator.py:253: RankWarning: Polyfit may be poorly conditioned
  c2, c1, c0 = np.polyfit(xs, ys, 2)
PPO progress: 23000/1000000 (2%) | ep_rew_mean=15.99 | ep_len_mean=19 | episodes=100 | fps=24
----------------------------------------
| rollout/                |            |
|    ep_len_mean          | 23.3       |
|    ep_rew_mean          | 19.6       |
| time/                   |            |
|    fps                  | 24         |
|    iterations           | 23         |
|    time_elapsed         | 951        |
|    total_timesteps      | 23552      |
| train/                  |            |
|    approx_kl            | 0.03104592 |
|    clip_fraction        | 0.227      |
|    clip_range           | 0.2        |
|    clip_range_vf        | 0.2        |
|    entropy_loss         | -2.82      |
|    explained_variance   | 0.769      |
|    learning_rate        | 0.000293   |
|    loss                 | 0.0389     |
|    n_updates            | 208        |
|    policy_gradient_loss | -0.00476   |
|    std                  | 0.988      |
|    value_loss           | 0.264      |
----------------------------------------
2026-07-03T22:02:13Z [968,494ms] [Error] [omni.kit.app._impl] [py stderr]: /media/samuel/Fast_SSD/SE4AI/thesis_repo/src/cobraflex_rl/cobraflex_rl/cv_lane_estimator.py:253: RankWarning: Polyfit may be poorly conditioned
  c2, c1, c0 = np.polyfit(xs, ys, 2)
PPO progress: 24000/1000000 (2%) | ep_rew_mean=17.58 | ep_len_mean=22 | episodes=100 | fps=24
2026-07-03T22:02:55Z [1,010,504ms] [Error] [omni.kit.app._impl] [py stderr]: /media/samuel/Fast_SSD/SE4AI/thesis_repo/src/cobraflex_rl/cobraflex_rl/cv_lane_estimator.py:253: RankWarning: Polyfit may be poorly conditioned
  c2, c1, c0 = np.polyfit(xs, ys, 2)
2026-07-03T22:02:56Z [1,010,706ms] [Error] [omni.kit.app._impl] [py stderr]: /media/samuel/Fast_SSD/SE4AI/thesis_repo/src/cobraflex_rl/cobraflex_rl/cv_lane_estimator.py:253: RankWarning: Polyfit may be poorly conditioned
  c2, c1, c0 = np.polyfit(xs, ys, 2)
2026-07-03T22:02:56Z [1,010,706ms] [Error] [omni.kit.app._impl] [py stderr]: /media/samuel/Fast_SSD/SE4AI/thesis_repo/src/cobraflex_rl/cobraflex_rl/cv_lane_estimator.py:253: RankWarning: Polyfit may be poorly conditioned
  c2, c1, c0 = np.polyfit(xs, ys, 2)
2026-07-03T22:02:56Z [1,010,706ms] [Error] [omni.kit.app._impl] [py stderr]: /media/samuel/Fast_SSD/SE4AI/thesis_repo/src/cobraflex_rl/cobraflex_rl/cv_lane_estimator.py:253: RankWarning: Polyfit may be poorly conditioned
  c2, c1, c0 = np.polyfit(xs, ys, 2)
2026-07-03T22:02:56Z [1,010,731ms] [Error] [omni.kit.app._impl] [py stderr]: /media/samuel/Fast_SSD/SE4AI/thesis_repo/src/cobraflex_rl/cobraflex_rl/cv_lane_estimator.py:253: RankWarning: Polyfit may be poorly conditioned
  c2, c1, c0 = np.polyfit(xs, ys, 2)
2026-07-03T22:02:56Z [1,010,731ms] [Error] [omni.kit.app._impl] [py stderr]: /media/samuel/Fast_SSD/SE4AI/thesis_repo/src/cobraflex_rl/cobraflex_rl/cv_lane_estimator.py:253: RankWarning: Polyfit may be poorly conditioned
  c2, c1, c0 = np.polyfit(xs, ys, 2)
2026-07-03T22:02:56Z [1,010,731ms] [Error] [omni.kit.app._impl] [py stderr]: /media/samuel/Fast_SSD/SE4AI/thesis_repo/src/cobraflex_rl/cobraflex_rl/cv_lane_estimator.py:253: RankWarning: Polyfit may be poorly conditioned
  c2, c1, c0 = np.polyfit(xs, ys, 2)
2026-07-03T22:02:56Z [1,010,731ms] [Error] [omni.kit.app._impl] [py stderr]: /media/samuel/Fast_SSD/SE4AI/thesis_repo/src/cobraflex_rl/cobraflex_rl/cv_lane_estimator.py:253: RankWarning: Polyfit may be poorly conditioned
  c2, c1, c0 = np.polyfit(xs, ys, 2)
2026-07-03T22:02:56Z [1,011,114ms] [Error] [omni.kit.app._impl] [py stderr]: /media/samuel/Fast_SSD/SE4AI/thesis_repo/src/cobraflex_rl/cobraflex_rl/cv_lane_estimator.py:253: RankWarning: Polyfit may be poorly conditioned
  c2, c1, c0 = np.polyfit(xs, ys, 2)
2026-07-03T22:02:56Z [1,011,297ms] [Error] [omni.kit.app._impl] [py stderr]: /media/samuel/Fast_SSD/SE4AI/thesis_repo/src/cobraflex_rl/cobraflex_rl/cv_lane_estimator.py:253: RankWarning: Polyfit may be poorly conditioned
  c2, c1, c0 = np.polyfit(xs, ys, 2)
---------------------------------------
| rollout/                |           |
|    ep_len_mean          | 18.8      |
|    ep_rew_mean          | 13.9      |
| time/                   |           |
|    fps                  | 24        |
|    iterations           | 24        |
|    time_elapsed         | 1006      |
|    total_timesteps      | 24576     |
| train/                  |           |
|    approx_kl            | 0.0996466 |
|    clip_fraction        | 0.248     |
|    clip_range           | 0.2       |
|    clip_range_vf        | 0.2       |
|    entropy_loss         | -2.81     |
|    explained_variance   | 0.782     |
|    learning_rate        | 0.000293  |
|    loss                 | 0.0964    |
|    n_updates            | 218       |
|    policy_gradient_loss | -0.0187   |
|    std                  | 0.984     |
|    value_loss           | 0.199     |
---------------------------------------
PPO progress: 25000/1000000 (2%) | ep_rew_mean=14.22 | ep_len_mean=18 | episodes=100 | fps=24
---------------------------------------
| rollout/                |           |
|    ep_len_mean          | 19.5      |
|    ep_rew_mean          | 15.5      |
| time/                   |           |
|    fps                  | 24        |
|    iterations           | 25        |
|    time_elapsed         | 1045      |
|    total_timesteps      | 25600     |
| train/                  |           |
|    approx_kl            | 0.0412404 |
|    clip_fraction        | 0.244     |
|    clip_range           | 0.2       |
|    clip_range_vf        | 0.2       |
|    entropy_loss         | -2.8      |
|    explained_variance   | 0.742     |
|    learning_rate        | 0.000293  |
|    loss                 | -0.0142   |
|    n_updates            | 228       |
|    policy_gradient_loss | -0.0179   |
|    std                  | 0.979     |
|    value_loss           | 0.16      |
---------------------------------------
2026-07-03T22:03:57Z [1,072,026ms] [Error] [omni.kit.app._impl] [py stderr]: /media/samuel/Fast_SSD/SE4AI/thesis_repo/src/cobraflex_rl/cobraflex_rl/cv_lane_estimator.py:253: RankWarning: Polyfit may be poorly conditioned
  c2, c1, c0 = np.polyfit(xs, ys, 2)
2026-07-03T22:03:57Z [1,072,206ms] [Error] [omni.kit.app._impl] [py stderr]: /media/samuel/Fast_SSD/SE4AI/thesis_repo/src/cobraflex_rl/cobraflex_rl/cv_lane_estimator.py:253: RankWarning: Polyfit may be poorly conditioned
  c2, c1, c0 = np.polyfit(xs, ys, 2)
PPO progress: 26000/1000000 (3%) | ep_rew_mean=16.22 | ep_len_mean=20 | episodes=100 | fps=24
----------------------------------------
| rollout/                |            |
|    ep_len_mean          | 24         |
|    ep_rew_mean          | 19.7       |
| time/                   |            |
|    fps                  | 24         |
|    iterations           | 26         |
|    time_elapsed         | 1081       |
|    total_timesteps      | 26624      |
| train/                  |            |
|    approx_kl            | 0.07045683 |
|    clip_fraction        | 0.273      |
|    clip_range           | 0.2        |
|    clip_range_vf        | 0.2        |
|    entropy_loss         | -2.79      |
|    explained_variance   | 0.658      |
|    learning_rate        | 0.000292   |
|    loss                 | 0.114      |
|    n_updates            | 238        |
|    policy_gradient_loss | -0.022     |
|    std                  | 0.974      |
|    value_loss           | 0.269      |
----------------------------------------
PPO progress: 27000/1000000 (3%) | ep_rew_mean=20.27 | ep_len_mean=24 | episodes=100 | fps=24
-----------------------------------------
| rollout/                |             |
|    ep_len_mean          | 29          |
|    ep_rew_mean          | 24.7        |
| time/                   |             |
|    fps                  | 24          |
|    iterations           | 27          |
|    time_elapsed         | 1118        |
|    total_timesteps      | 27648       |
| train/                  |             |
|    approx_kl            | 0.035396524 |
|    clip_fraction        | 0.253       |
|    clip_range           | 0.2         |
|    clip_range_vf        | 0.2         |
|    entropy_loss         | -2.79       |
|    explained_variance   | 0.533       |
|    learning_rate        | 0.000292    |
|    loss                 | 0.117       |
|    n_updates            | 248         |
|    policy_gradient_loss | -0.0257     |
|    std                  | 0.976       |
|    value_loss           | 0.32        |
-----------------------------------------
2026-07-03T22:05:10Z [1,145,227ms] [Error] [omni.kit.app._impl] [py stderr]: /media/samuel/Fast_SSD/SE4AI/thesis_repo/src/cobraflex_rl/cobraflex_rl/cv_lane_estimator.py:253: RankWarning: Polyfit may be poorly conditioned
  c2, c1, c0 = np.polyfit(xs, ys, 2)
Early stopping at step 2 due to reaching max kl: 0.78
PPO progress: 28000/1000000 (3%) | ep_rew_mean=21.75 | ep_len_mean=26 | episodes=100 | fps=24
2026-07-03T22:05:37Z [1,171,987ms] [Error] [omni.kit.app._impl] [py stderr]: /media/samuel/Fast_SSD/SE4AI/thesis_repo/src/cobraflex_rl/cobraflex_rl/cv_lane_estimator.py:253: RankWarning: Polyfit may be poorly conditioned
  c2, c1, c0 = np.polyfit(xs, ys, 2)
----------------------------------------
| rollout/                |            |
|    ep_len_mean          | 26.9       |
|    ep_rew_mean          | 23.4       |
| time/                   |            |
|    fps                  | 24         |
|    iterations           | 28         |
|    time_elapsed         | 1159       |
|    total_timesteps      | 28672      |
| train/                  |            |
|    approx_kl            | 0.28374386 |
|    clip_fraction        | 0.212      |
|    clip_range           | 0.2        |
|    clip_range_vf        | 0.2        |
|    entropy_loss         | -2.79      |
|    explained_variance   | 0.311      |
|    learning_rate        | 0.000292   |
|    loss                 | 0.3        |
|    n_updates            | 251        |
|    policy_gradient_loss | -0.0181    |
|    std                  | 0.976      |
|    value_loss           | 0.454      |
----------------------------------------
PPO progress: 29000/1000000 (3%) | ep_rew_mean=22.21 | ep_len_mean=26 | episodes=100 | fps=24
----------------------------------------
| rollout/                |            |
|    ep_len_mean          | 24.9       |
|    ep_rew_mean          | 20.4       |
| time/                   |            |
|    fps                  | 24         |
|    iterations           | 29         |
|    time_elapsed         | 1203       |
|    total_timesteps      | 29696      |
| train/                  |            |
|    approx_kl            | 0.07921229 |
|    clip_fraction        | 0.296      |
|    clip_range           | 0.2        |
|    clip_range_vf        | 0.2        |
|    entropy_loss         | -2.79      |
|    explained_variance   | 0.444      |
|    learning_rate        | 0.000291   |
|    loss                 | 0.0724     |
|    n_updates            | 261        |
|    policy_gradient_loss | -0.0258    |
|    std                  | 0.973      |
|    value_loss           | 0.289      |
----------------------------------------
2026-07-03T22:06:38Z [1,233,164ms] [Error] [omni.kit.app._impl] [py stderr]: /media/samuel/Fast_SSD/SE4AI/thesis_repo/src/cobraflex_rl/cobraflex_rl/cv_lane_estimator.py:253: RankWarning: Polyfit may be poorly conditioned
  c2, c1, c0 = np.polyfit(xs, ys, 2)
PPO progress: 30000/1000000 (3%) | ep_rew_mean=16.60 | ep_len_mean=21 | episodes=100 | fps=24
----------------------------------------
| rollout/                |            |
|    ep_len_mean          | 23.3       |
|    ep_rew_mean          | 19.8       |
| time/                   |            |
|    fps                  | 24         |
|    iterations           | 30         |
|    time_elapsed         | 1245       |
|    total_timesteps      | 30720      |
| train/                  |            |
|    approx_kl            | 0.13895947 |
|    clip_fraction        | 0.301      |
|    clip_range           | 0.2        |
|    clip_range_vf        | 0.2        |
|    entropy_loss         | -2.79      |
|    explained_variance   | 0.677      |
|    learning_rate        | 0.000291   |
|    loss                 | 0.0128     |
|    n_updates            | 271        |
|    policy_gradient_loss | -0.0215    |
|    std                  | 0.975      |
|    value_loss           | 0.135      |
----------------------------------------
PPO progress: 31000/1000000 (3%) | ep_rew_mean=16.90 | ep_len_mean=20 | episodes=100 | fps=24
-----------------------------------------
| rollout/                |             |
|    ep_len_mean          | 24.5        |
|    ep_rew_mean          | 20.5        |
| time/                   |             |
|    fps                  | 24          |
|    iterations           | 31          |
|    time_elapsed         | 1280        |
|    total_timesteps      | 31744       |
| train/                  |             |
|    approx_kl            | 0.027850024 |
|    clip_fraction        | 0.215       |
|    clip_range           | 0.2         |
|    clip_range_vf        | 0.2         |
|    entropy_loss         | -2.79       |
|    explained_variance   | 0.371       |
|    learning_rate        | 0.000291    |
|    loss                 | 0.12        |
|    n_updates            | 281         |
|    policy_gradient_loss | -0.00305    |
|    std                  | 0.976       |
|    value_loss           | 0.261       |
-----------------------------------------
Early stopping at step 3 due to reaching max kl: 1.37
PPO progress: 32000/1000000 (3%) | ep_rew_mean=18.06 | ep_len_mean=23 | episodes=100 | fps=24
2026-07-03T22:07:52Z [1,306,869ms] [Error] [omni.kit.app._impl] [py stderr]: /media/samuel/Fast_SSD/SE4AI/thesis_repo/src/cobraflex_rl/cobraflex_rl/cv_lane_estimator.py:253: RankWarning: Polyfit may be poorly conditioned
  c2, c1, c0 = np.polyfit(xs, ys, 2)
2026-07-03T22:08:08Z [1,323,621ms] [Error] [omni.kit.app._impl] [py stderr]: /media/samuel/Fast_SSD/SE4AI/thesis_repo/src/cobraflex_rl/cobraflex_rl/cv_lane_estimator.py:253: RankWarning: Polyfit may be poorly conditioned
  c2, c1, c0 = np.polyfit(xs, ys, 2)
2026-07-03T22:08:08Z [1,323,646ms] [Error] [omni.kit.app._impl] [py stderr]: /media/samuel/Fast_SSD/SE4AI/thesis_repo/src/cobraflex_rl/cobraflex_rl/cv_lane_estimator.py:253: RankWarning: Polyfit may be poorly conditioned
  c2, c1, c0 = np.polyfit(xs, ys, 2)
----------------------------------------
| rollout/                |            |
|    ep_len_mean          | 25.6       |
|    ep_rew_mean          | 20.6       |
| time/                   |            |
|    fps                  | 24         |
|    iterations           | 32         |
|    time_elapsed         | 1329       |
|    total_timesteps      | 32768      |
| train/                  |            |
|    approx_kl            | 0.36352414 |
|    clip_fraction        | 0.231      |
|    clip_range           | 0.2        |
|    clip_range_vf        | 0.2        |
|    entropy_loss         | -2.79      |
|    explained_variance   | 0.658      |
|    learning_rate        | 0.00029    |
|    loss                 | 0.117      |
|    n_updates            | 285        |
|    policy_gradient_loss | -0.0109    |
|    std                  | 0.976      |
|    value_loss           | 0.154      |
----------------------------------------
Early stopping at step 1 due to reaching max kl: 0.84
PPO progress: 33000/1000000 (3%) | ep_rew_mean=21.01 | ep_len_mean=27 | episodes=100 | fps=24
----------------------------------------
| rollout/                |            |
|    ep_len_mean          | 29.9       |
|    ep_rew_mean          | 24.1       |
| time/                   |            |
|    fps                  | 24         |
|    iterations           | 33         |
|    time_elapsed         | 1367       |
|    total_timesteps      | 33792      |
| train/                  |            |
|    approx_kl            | 0.15017983 |
|    clip_fraction        | 0.186      |
|    clip_range           | 0.2        |
|    clip_range_vf        | 0.2        |
|    entropy_loss         | -2.79      |
|    explained_variance   | 0.631      |
|    learning_rate        | 0.00029    |
|    loss                 | 0.0744     |
|    n_updates            | 287        |
|    policy_gradient_loss | -0.00333   |
|    std                  | 0.975      |
|    value_loss           | 0.292      |
----------------------------------------
PPO progress: 34000/1000000 (3%) | ep_rew_mean=24.47 | ep_len_mean=31 | episodes=100 | fps=24
2026-07-03T22:09:20Z [1,395,260ms] [Error] [omni.kit.app._impl] [py stderr]: /media/samuel/Fast_SSD/SE4AI/thesis_repo/src/cobraflex_rl/cobraflex_rl/cv_lane_estimator.py:253: RankWarning: Polyfit may be poorly conditioned
  c2, c1, c0 = np.polyfit(xs, ys, 2)
2026-07-03T22:09:20Z [1,395,260ms] [Error] [omni.kit.app._impl] [py stderr]: /media/samuel/Fast_SSD/SE4AI/thesis_repo/src/cobraflex_rl/cobraflex_rl/cv_lane_estimator.py:253: RankWarning: Polyfit may be poorly conditioned
  c2, c1, c0 = np.polyfit(xs, ys, 2)
2026-07-03T22:09:20Z [1,395,260ms] [Error] [omni.kit.app._impl] [py stderr]: /media/samuel/Fast_SSD/SE4AI/thesis_repo/src/cobraflex_rl/cobraflex_rl/cv_lane_estimator.py:253: RankWarning: Polyfit may be poorly conditioned
  c2, c1, c0 = np.polyfit(xs, ys, 2)
2026-07-03T22:09:20Z [1,395,267ms] [Error] [omni.kit.app._impl] [py stderr]: /media/samuel/Fast_SSD/SE4AI/thesis_repo/src/cobraflex_rl/cobraflex_rl/cv_lane_estimator.py:253: RankWarning: Polyfit may be poorly conditioned
  c2, c1, c0 = np.polyfit(xs, ys, 2)
2026-07-03T22:09:20Z [1,395,267ms] [Error] [omni.kit.app._impl] [py stderr]: /media/samuel/Fast_SSD/SE4AI/thesis_repo/src/cobraflex_rl/cobraflex_rl/cv_lane_estimator.py:253: RankWarning: Polyfit may be poorly conditioned
  c2, c1, c0 = np.polyfit(xs, ys, 2)
2026-07-03T22:09:20Z [1,395,267ms] [Error] [omni.kit.app._impl] [py stderr]: /media/samuel/Fast_SSD/SE4AI/thesis_repo/src/cobraflex_rl/cobraflex_rl/cv_lane_estimator.py:253: RankWarning: Polyfit may be poorly conditioned
  c2, c1, c0 = np.polyfit(xs, ys, 2)
-----------------------------------------
| rollout/                |             |
|    ep_len_mean          | 30.1        |
|    ep_rew_mean          | 24          |
| time/                   |             |
|    fps                  | 24          |
|    iterations           | 34          |
|    time_elapsed         | 1399        |
|    total_timesteps      | 34816       |
| train/                  |             |
|    approx_kl            | 0.034250893 |
|    clip_fraction        | 0.25        |
|    clip_range           | 0.2         |
|    clip_range_vf        | 0.2         |
|    entropy_loss         | -2.78       |
|    explained_variance   | 0.724       |
|    learning_rate        | 0.00029     |
|    loss                 | 0.000504    |
|    n_updates            | 297         |
|    policy_gradient_loss | -0.0161     |
|    std                  | 0.971       |
|    value_loss           | 0.193       |
-----------------------------------------
Early stopping at step 3 due to reaching max kl: 1.20
PPO progress: 35000/1000000 (4%) | ep_rew_mean=23.76 | ep_len_mean=30 | episodes=100 | fps=24
2026-07-03T22:10:00Z [1,434,887ms] [Error] [omni.kit.app._impl] [py stderr]: /media/samuel/Fast_SSD/SE4AI/thesis_repo/src/cobraflex_rl/cobraflex_rl/cv_lane_estimator.py:253: RankWarning: Polyfit may be poorly conditioned
  c2, c1, c0 = np.polyfit(xs, ys, 2)
2026-07-03T22:10:00Z [1,434,894ms] [Error] [omni.kit.app._impl] [py stderr]: /media/samuel/Fast_SSD/SE4AI/thesis_repo/src/cobraflex_rl/cobraflex_rl/cv_lane_estimator.py:253: RankWarning: Polyfit may be poorly conditioned
  c2, c1, c0 = np.polyfit(xs, ys, 2)
2026-07-03T22:10:01Z [1,435,994ms] [Error] [omni.kit.app._impl] [py stderr]: /media/samuel/Fast_SSD/SE4AI/thesis_repo/src/cobraflex_rl/cobraflex_rl/cv_lane_estimator.py:253: RankWarning: Polyfit may be poorly conditioned
  c2, c1, c0 = np.polyfit(xs, ys, 2)
[isaac_interface] WARN: Spawn pose did not settle after teleport; first-step ey may be unreliable.
---------------------------------------
| rollout/                |           |
|    ep_len_mean          | 25.6      |
|    ep_rew_mean          | 18.8      |
| time/                   |           |
|    fps                  | 24        |
|    iterations           | 35        |
|    time_elapsed         | 1453      |
|    total_timesteps      | 35840     |
| train/                  |           |
|    approx_kl            | 0.4467059 |
|    clip_fraction        | 0.248     |
|    clip_range           | 0.2       |
|    clip_range_vf        | 0.2       |
|    entropy_loss         | -2.78     |
|    explained_variance   | 0.527     |
|    learning_rate        | 0.00029   |
|    loss                 | 0.23      |
|    n_updates            | 301       |
|    policy_gradient_loss | -0.005    |
|    std                  | 0.973     |
|    value_loss           | 0.434     |
---------------------------------------
PPO progress: 36000/1000000 (4%) | ep_rew_mean=14.63 | ep_len_mean=23 | episodes=100 | fps=24
-----------------------------------------
| rollout/                |             |
|    ep_len_mean          | 24.9        |
|    ep_rew_mean          | 18.3        |
| time/                   |             |
|    fps                  | 24          |
|    iterations           | 36          |
|    time_elapsed         | 1491        |
|    total_timesteps      | 36864       |
| train/                  |             |
|    approx_kl            | 0.056808084 |
|    clip_fraction        | 0.279       |
|    clip_range           | 0.2         |
|    clip_range_vf        | 0.2         |
|    entropy_loss         | -2.79       |
|    explained_variance   | 0.518       |
|    learning_rate        | 0.000289    |
|    loss                 | 0.0977      |
|    n_updates            | 311         |
|    policy_gradient_loss | -0.0204     |
|    std                  | 0.979       |
|    value_loss           | 0.394       |
-----------------------------------------
Early stopping at step 2 due to reaching max kl: 1.03
PPO progress: 37000/1000000 (4%) | ep_rew_mean=17.78 | ep_len_mean=25 | episodes=100 | fps=24
2026-07-03T22:11:23Z [1,517,951ms] [Error] [omni.kit.app._impl] [py stderr]: /media/samuel/Fast_SSD/SE4AI/thesis_repo/src/cobraflex_rl/cobraflex_rl/cv_lane_estimator.py:253: RankWarning: Polyfit may be poorly conditioned
  c2, c1, c0 = np.polyfit(xs, ys, 2)
2026-07-03T22:11:23Z [1,517,951ms] [Error] [omni.kit.app._impl] [py stderr]: /media/samuel/Fast_SSD/SE4AI/thesis_repo/src/cobraflex_rl/cobraflex_rl/cv_lane_estimator.py:253: RankWarning: Polyfit may be poorly conditioned
  c2, c1, c0 = np.polyfit(xs, ys, 2)
2026-07-03T22:11:23Z [1,517,958ms] [Error] [omni.kit.app._impl] [py stderr]: /media/samuel/Fast_SSD/SE4AI/thesis_repo/src/cobraflex_rl/cobraflex_rl/cv_lane_estimator.py:253: RankWarning: Polyfit may be poorly conditioned
  c2, c1, c0 = np.polyfit(xs, ys, 2)
2026-07-03T22:11:23Z [1,517,958ms] [Error] [omni.kit.app._impl] [py stderr]: /media/samuel/Fast_SSD/SE4AI/thesis_repo/src/cobraflex_rl/cobraflex_rl/cv_lane_estimator.py:253: RankWarning: Polyfit may be poorly conditioned
  c2, c1, c0 = np.polyfit(xs, ys, 2)
---------------------------------------
| rollout/                |           |
|    ep_len_mean          | 23.2      |
|    ep_rew_mean          | 17.3      |
| time/                   |           |
|    fps                  | 24        |
|    iterations           | 37        |
|    time_elapsed         | 1541      |
|    total_timesteps      | 37888     |
| train/                  |           |
|    approx_kl            | 0.5279985 |
|    clip_fraction        | 0.228     |
|    clip_range           | 0.2       |
|    clip_range_vf        | 0.2       |
|    entropy_loss         | -2.8      |
|    explained_variance   | 0.557     |
|    learning_rate        | 0.000289  |
|    loss                 | -0.0188   |
|    n_updates            | 314       |
|    policy_gradient_loss | 0.00514   |
|    std                  | 0.979     |
|    value_loss           | 0.246     |
---------------------------------------
Early stopping at step 1 due to reaching max kl: 0.96
PPO progress: 38000/1000000 (4%) | ep_rew_mean=18.55 | ep_len_mean=24 | episodes=100 | fps=24
---------------------------------------
| rollout/                |           |
|    ep_len_mean          | 26.6      |
|    ep_rew_mean          | 22.6      |
| time/                   |           |
|    fps                  | 24        |
|    iterations           | 38        |
|    time_elapsed         | 1579      |
|    total_timesteps      | 38912     |
| train/                  |           |
|    approx_kl            | 0.3728596 |
|    clip_fraction        | 0.163     |
|    clip_range           | 0.2       |
|    clip_range_vf        | 0.2       |
|    entropy_loss         | -2.8      |
|    explained_variance   | 0.739     |
|    learning_rate        | 0.000289  |
|    loss                 | 0.0646    |
|    n_updates            | 316       |
|    policy_gradient_loss | 0.0284    |
|    std                  | 0.979     |
|    value_loss           | 0.167     |
---------------------------------------
Early stopping at step 0 due to reaching max kl: 0.87
PPO progress: 39000/1000000 (4%) | ep_rew_mean=22.62 | ep_len_mean=26 | episodes=100 | fps=24
2026-07-03T22:12:45Z [1,600,066ms] [Error] [omni.kit.app._impl] [py stderr]: /media/samuel/Fast_SSD/SE4AI/thesis_repo/src/cobraflex_rl/cobraflex_rl/cv_lane_estimator.py:253: RankWarning: Polyfit may be poorly conditioned
  c2, c1, c0 = np.polyfit(xs, ys, 2)
----------------------------------------
| rollout/                |            |
|    ep_len_mean          | 27.5       |
|    ep_rew_mean          | 22.5       |
| time/                   |            |
|    fps                  | 24         |
|    iterations           | 39         |
|    time_elapsed         | 1619       |
|    total_timesteps      | 39936      |
| train/                  |            |
|    approx_kl            | 0.13933912 |
|    clip_fraction        | 0.175      |
|    clip_range           | 0.2        |
|    clip_range_vf        | 0.2        |
|    entropy_loss         | -2.79      |
|    explained_variance   | 0.511      |
|    learning_rate        | 0.000288   |
|    loss                 | 0.0623     |
|    n_updates            | 317        |
|    policy_gradient_loss | 0.0231     |
|    std                  | 0.979      |
|    value_loss           | 0.254      |
----------------------------------------
PPO progress: 40000/1000000 (4%) | ep_rew_mean=22.67 | ep_len_mean=28 | episodes=100 | fps=24
2026-07-03T22:13:30Z [1,645,647ms] [Error] [omni.kit.app._impl] [py stderr]: /media/samuel/Fast_SSD/SE4AI/thesis_repo/src/cobraflex_rl/cobraflex_rl/cv_lane_estimator.py:253: RankWarning: Polyfit may be poorly conditioned
  c2, c1, c0 = np.polyfit(xs, ys, 2)
2026-07-03T22:13:30Z [1,645,647ms] [Error] [omni.kit.app._impl] [py stderr]: /media/samuel/Fast_SSD/SE4AI/thesis_repo/src/cobraflex_rl/cobraflex_rl/cv_lane_estimator.py:253: RankWarning: Polyfit may be poorly conditioned
  c2, c1, c0 = np.polyfit(xs, ys, 2)
2026-07-03T22:13:54Z [1,669,300ms] [Error] [omni.kit.app._impl] [py stderr]: /media/samuel/Fast_SSD/SE4AI/thesis_repo/src/cobraflex_rl/cobraflex_rl/cv_lane_estimator.py:253: RankWarning: Polyfit may be poorly conditioned
  c2, c1, c0 = np.polyfit(xs, ys, 2)
[isaac_interface] WARN: Spawn pose did not settle after teleport; first-step ey may be unreliable.
-----------------------------------------
| rollout/                |             |
|    ep_len_mean          | 25.5        |
|    ep_rew_mean          | 18.4        |
| time/                   |             |
|    fps                  | 24          |
|    iterations           | 40          |
|    time_elapsed         | 1661        |
|    total_timesteps      | 40960       |
| train/                  |             |
|    approx_kl            | 0.029353708 |
|    clip_fraction        | 0.269       |
|    clip_range           | 0.2         |
|    clip_range_vf        | 0.2         |
|    entropy_loss         | -2.8        |
|    explained_variance   | 0.622       |
|    learning_rate        | 0.000288    |
|    loss                 | 0.0867      |
|    n_updates            | 327         |
|    policy_gradient_loss | -0.0248     |
|    std                  | 0.98        |
|    value_loss           | 0.181       |
-----------------------------------------
Early stopping at step 0 due to reaching max kl: 0.75
PPO progress: 41000/1000000 (4%) | ep_rew_mean=18.67 | ep_len_mean=26 | episodes=100 | fps=24
2026-07-03T22:14:29Z [1,704,152ms] [Error] [omni.kit.app._impl] [py stderr]: /media/samuel/Fast_SSD/SE4AI/thesis_repo/src/cobraflex_rl/cobraflex_rl/cv_lane_estimator.py:253: RankWarning: Polyfit may be poorly conditioned
  c2, c1, c0 = np.polyfit(xs, ys, 2)
2026-07-03T22:14:29Z [1,704,159ms] [Error] [omni.kit.app._impl] [py stderr]: /media/samuel/Fast_SSD/SE4AI/thesis_repo/src/cobraflex_rl/cobraflex_rl/cv_lane_estimator.py:253: RankWarning: Polyfit may be poorly conditioned
  c2, c1, c0 = np.polyfit(xs, ys, 2)
----------------------------------------
| rollout/                |            |
|    ep_len_mean          | 25.3       |
|    ep_rew_mean          | 16.1       |
| time/                   |            |
|    fps                  | 24         |
|    iterations           | 41         |
|    time_elapsed         | 1706       |
|    total_timesteps      | 41984      |
| train/                  |            |
|    approx_kl            | 0.10335837 |
|    clip_fraction        | 0.0537     |
|    clip_range           | 0.2        |
|    clip_range_vf        | 0.2        |
|    entropy_loss         | -2.8       |
|    explained_variance   | 0.301      |
|    learning_rate        | 0.000288   |
|    loss                 | 0.181      |
|    n_updates            | 328        |
|    policy_gradient_loss | -0.000947  |
|    std                  | 0.981      |
|    value_loss           | 0.243      |
----------------------------------------
PPO progress: 42000/1000000 (4%) | ep_rew_mean=16.10 | ep_len_mean=25 | episodes=100 | fps=24
2026-07-03T22:14:49Z [1,724,411ms] [Error] [omni.kit.app._impl] [py stderr]: /media/samuel/Fast_SSD/SE4AI/thesis_repo/src/cobraflex_rl/cobraflex_rl/cv_lane_estimator.py:253: RankWarning: Polyfit may be poorly conditioned
  c2, c1, c0 = np.polyfit(xs, ys, 2)
2026-07-03T22:14:49Z [1,724,411ms] [Error] [omni.kit.app._impl] [py stderr]: /media/samuel/Fast_SSD/SE4AI/thesis_repo/src/cobraflex_rl/cobraflex_rl/cv_lane_estimator.py:253: RankWarning: Polyfit may be poorly conditioned
  c2, c1, c0 = np.polyfit(xs, ys, 2)
2026-07-03T22:14:49Z [1,724,411ms] [Error] [omni.kit.app._impl] [py stderr]: /media/samuel/Fast_SSD/SE4AI/thesis_repo/src/cobraflex_rl/cobraflex_rl/cv_lane_estimator.py:253: RankWarning: Polyfit may be poorly conditioned
  c2, c1, c0 = np.polyfit(xs, ys, 2)
PPO progress: 43000/1000000 (4%) | ep_rew_mean=18.88 | ep_len_mean=27 | episodes=100 | fps=24
----------------------------------------
| rollout/                |            |
|    ep_len_mean          | 27.1       |
|    ep_rew_mean          | 19.1       |
| time/                   |            |
|    fps                  | 24         |
|    iterations           | 42         |
|    time_elapsed         | 1739       |
|    total_timesteps      | 43008      |
| train/                  |            |
|    approx_kl            | 0.20838279 |
|    clip_fraction        | 0.342      |
|    clip_range           | 0.2        |
|    clip_range_vf        | 0.2        |
|    entropy_loss         | -2.8       |
|    explained_variance   | 0.62       |
|    learning_rate        | 0.000287   |
|    loss                 | -0.057     |
|    n_updates            | 338        |
|    policy_gradient_loss | -0.0385    |
|    std                  | 0.973      |
|    value_loss           | 0.12       |
----------------------------------------
PPO progress: 44000/1000000 (4%) | ep_rew_mean=22.44 | ep_len_mean=29 | episodes=100 | fps=24
----------------------------------------
| rollout/                |            |
|    ep_len_mean          | 28.8       |
|    ep_rew_mean          | 22.4       |
| time/                   |            |
|    fps                  | 24         |
|    iterations           | 43         |
|    time_elapsed         | 1774       |
|    total_timesteps      | 44032      |
| train/                  |            |
|    approx_kl            | 0.03779083 |
|    clip_fraction        | 0.292      |
|    clip_range           | 0.2        |
|    clip_range_vf        | 0.2        |
|    entropy_loss         | -2.79      |
|    explained_variance   | 0.3        |
|    learning_rate        | 0.000287   |
|    loss                 | 0.0351     |
|    n_updates            | 348        |
|    policy_gradient_loss | -0.028     |
|    std                  | 0.978      |
|    value_loss           | 0.366      |
----------------------------------------
2026-07-03T22:16:02Z [1,796,854ms] [Error] [omni.kit.app._impl] [py stderr]: /media/samuel/Fast_SSD/SE4AI/thesis_repo/src/cobraflex_rl/cobraflex_rl/cv_lane_estimator.py:253: RankWarning: Polyfit may be poorly conditioned
  c2, c1, c0 = np.polyfit(xs, ys, 2)
2026-07-03T22:16:02Z [1,796,861ms] [Error] [omni.kit.app._impl] [py stderr]: /media/samuel/Fast_SSD/SE4AI/thesis_repo/src/cobraflex_rl/cobraflex_rl/cv_lane_estimator.py:253: RankWarning: Polyfit may be poorly conditioned
  c2, c1, c0 = np.polyfit(xs, ys, 2)
2026-07-03T22:16:23Z [1,818,417ms] [Error] [omni.kit.app._impl] [py stderr]: /media/samuel/Fast_SSD/SE4AI/thesis_repo/src/cobraflex_rl/cobraflex_rl/cv_lane_estimator.py:253: RankWarning: Polyfit may be poorly conditioned
  c2, c1, c0 = np.polyfit(xs, ys, 2)
2026-07-03T22:16:32Z [1,826,864ms] [Error] [omni.kit.app._impl] [py stderr]: /media/samuel/Fast_SSD/SE4AI/thesis_repo/src/cobraflex_rl/cobraflex_rl/cv_lane_estimator.py:253: RankWarning: Polyfit may be poorly conditioned
  c2, c1, c0 = np.polyfit(xs, ys, 2)
PPO progress: 45000/1000000 (4%) | ep_rew_mean=24.50 | ep_len_mean=29 | episodes=100 | fps=24
----------------------------------------
| rollout/                |            |
|    ep_len_mean          | 29.3       |
|    ep_rew_mean          | 24.5       |
| time/                   |            |
|    fps                  | 24         |
|    iterations           | 44         |
|    time_elapsed         | 1815       |
|    total_timesteps      | 45056      |
| train/                  |            |
|    approx_kl            | 0.14436024 |
|    clip_fraction        | 0.35       |
|    clip_range           | 0.2        |
|    clip_range_vf        | 0.2        |
|    entropy_loss         | -2.79      |
|    explained_variance   | 0.773      |
|    learning_rate        | 0.000287   |
|    loss                 | -0.0441    |
|    n_updates            | 358        |
|    policy_gradient_loss | -0.0376    |
|    std                  | 0.969      |
|    value_loss           | 0.126      |
----------------------------------------
2026-07-03T22:16:53Z [1,848,181ms] [Error] [omni.kit.app._impl] [py stderr]: /media/samuel/Fast_SSD/SE4AI/thesis_repo/src/cobraflex_rl/cobraflex_rl/cv_lane_estimator.py:253: RankWarning: Polyfit may be poorly conditioned
  c2, c1, c0 = np.polyfit(xs, ys, 2)
PPO progress: 46000/1000000 (5%) | ep_rew_mean=23.65 | ep_len_mean=30 | episodes=100 | fps=24
2026-07-03T22:17:15Z [1,869,865ms] [Error] [omni.kit.app._impl] [py stderr]: /media/samuel/Fast_SSD/SE4AI/thesis_repo/src/cobraflex_rl/cobraflex_rl/cv_lane_estimator.py:253: RankWarning: Polyfit may be poorly conditioned
  c2, c1, c0 = np.polyfit(xs, ys, 2)
----------------------------------------
| rollout/                |            |
|    ep_len_mean          | 31.8       |
|    ep_rew_mean          | 24.7       |
| time/                   |            |
|    fps                  | 24         |
|    iterations           | 45         |
|    time_elapsed         | 1855       |
|    total_timesteps      | 46080      |
| train/                  |            |
|    approx_kl            | 0.04044316 |
|    clip_fraction        | 0.296      |
|    clip_range           | 0.2        |
|    clip_range_vf        | 0.2        |
|    entropy_loss         | -2.77      |
|    explained_variance   | 0.719      |
|    learning_rate        | 0.000286   |
|    loss                 | 0.0728     |
|    n_updates            | 368        |
|    policy_gradient_loss | -0.0356    |
|    std                  | 0.965      |
|    value_loss           | 0.27       |
----------------------------------------
PPO progress: 47000/1000000 (5%) | ep_rew_mean=26.53 | ep_len_mean=33 | episodes=100 | fps=24
----------------------------------------
| rollout/                |            |
|    ep_len_mean          | 32.6       |
|    ep_rew_mean          | 24.8       |
| time/                   |            |
|    fps                  | 24         |
|    iterations           | 46         |
|    time_elapsed         | 1902       |
|    total_timesteps      | 47104      |
| train/                  |            |
|    approx_kl            | 0.16010287 |
|    clip_fraction        | 0.346      |
|    clip_range           | 0.2        |
|    clip_range_vf        | 0.2        |
|    entropy_loss         | -2.77      |
|    explained_variance   | 0.833      |
|    learning_rate        | 0.000286   |
|    loss                 | -0.0634    |
|    n_updates            | 378        |
|    policy_gradient_loss | -0.0447    |
|    std                  | 0.965      |
|    value_loss           | 0.0811     |
----------------------------------------
2026-07-03T22:18:17Z [1,932,321ms] [Error] [omni.kit.app._impl] [py stderr]: /media/samuel/Fast_SSD/SE4AI/thesis_repo/src/cobraflex_rl/cobraflex_rl/cv_lane_estimator.py:253: RankWarning: Polyfit may be poorly conditioned
  c2, c1, c0 = np.polyfit(xs, ys, 2)
2026-07-03T22:18:17Z [1,932,395ms] [Error] [omni.kit.app._impl] [py stderr]: /media/samuel/Fast_SSD/SE4AI/thesis_repo/src/cobraflex_rl/cobraflex_rl/cv_lane_estimator.py:253: RankWarning: Polyfit may be poorly conditioned
  c2, c1, c0 = np.polyfit(xs, ys, 2)
2026-07-03T22:18:42Z [1,957,063ms] [Error] [omni.kit.app._impl] [py stderr]: /media/samuel/Fast_SSD/SE4AI/thesis_repo/src/cobraflex_rl/cobraflex_rl/cv_lane_estimator.py:253: RankWarning: Polyfit may be poorly conditioned
  c2, c1, c0 = np.polyfit(xs, ys, 2)
PPO progress: 48000/1000000 (5%) | ep_rew_mean=15.71 | ep_len_mean=25 | episodes=100 | fps=24
----------------------------------------
| rollout/                |            |
|    ep_len_mean          | 26.2       |
|    ep_rew_mean          | 17.3       |
| time/                   |            |
|    fps                  | 24         |
|    iterations           | 47         |
|    time_elapsed         | 1959       |
|    total_timesteps      | 48128      |
| train/                  |            |
|    approx_kl            | 0.04199799 |
|    clip_fraction        | 0.273      |
|    clip_range           | 0.2        |
|    clip_range_vf        | 0.2        |
|    entropy_loss         | -2.76      |
|    explained_variance   | 0.697      |
|    learning_rate        | 0.000286   |
|    loss                 | 0.0852     |
|    n_updates            | 388        |
|    policy_gradient_loss | -0.0296    |
|    std                  | 0.958      |
|    value_loss           | 0.217      |
----------------------------------------
2026-07-03T22:19:12Z [1,986,925ms] [Error] [omni.kit.app._impl] [py stderr]: /media/samuel/Fast_SSD/SE4AI/thesis_repo/src/cobraflex_rl/cobraflex_rl/cv_lane_estimator.py:253: RankWarning: Polyfit may be poorly conditioned
  c2, c1, c0 = np.polyfit(xs, ys, 2)
2026-07-03T22:19:12Z [1,986,925ms] [Error] [omni.kit.app._impl] [py stderr]: /media/samuel/Fast_SSD/SE4AI/thesis_repo/src/cobraflex_rl/cobraflex_rl/cv_lane_estimator.py:253: RankWarning: Polyfit may be poorly conditioned
  c2, c1, c0 = np.polyfit(xs, ys, 2)
2026-07-03T22:19:12Z [1,986,925ms] [Error] [omni.kit.app._impl] [py stderr]: /media/samuel/Fast_SSD/SE4AI/thesis_repo/src/cobraflex_rl/cobraflex_rl/cv_lane_estimator.py:253: RankWarning: Polyfit may be poorly conditioned
  c2, c1, c0 = np.polyfit(xs, ys, 2)
2026-07-03T22:19:21Z [1,996,012ms] [Error] [omni.kit.app._impl] [py stderr]: /media/samuel/Fast_SSD/SE4AI/thesis_repo/src/cobraflex_rl/cobraflex_rl/cv_lane_estimator.py:253: RankWarning: Polyfit may be poorly conditioned
  c2, c1, c0 = np.polyfit(xs, ys, 2)
PPO progress: 49000/1000000 (5%) | ep_rew_mean=18.31 | ep_len_mean=26 | episodes=100 | fps=24
----------------------------------------
| rollout/                |            |
|    ep_len_mean          | 26.6       |
|    ep_rew_mean          | 18         |
| time/                   |            |
|    fps                  | 24         |
|    iterations           | 48         |
|    time_elapsed         | 1989       |
|    total_timesteps      | 49152      |
| train/                  |            |
|    approx_kl            | 0.04037857 |
|    clip_fraction        | 0.309      |
|    clip_range           | 0.2        |
|    clip_range_vf        | 0.2        |
|    entropy_loss         | -2.76      |
|    explained_variance   | 0.535      |
|    learning_rate        | 0.000286   |
|    loss                 | 0.0478     |
|    n_updates            | 398        |
|    policy_gradient_loss | -0.0321    |
|    std                  | 0.966      |
|    value_loss           | 0.266      |
----------------------------------------
PPO progress: 50000/1000000 (5%) | ep_rew_mean=17.83 | ep_len_mean=25 | episodes=100 | fps=24
2026-07-03T22:20:15Z [2,050,187ms] [Error] [omni.kit.app._impl] [py stderr]: /media/samuel/Fast_SSD/SE4AI/thesis_repo/src/cobraflex_rl/cobraflex_rl/cv_lane_estimator.py:253: RankWarning: Polyfit may be poorly conditioned
  c2, c1, c0 = np.polyfit(xs, ys, 2)
2026-07-03T22:20:15Z [2,050,194ms] [Error] [omni.kit.app._impl] [py stderr]: /media/samuel/Fast_SSD/SE4AI/thesis_repo/src/cobraflex_rl/cobraflex_rl/cv_lane_estimator.py:253: RankWarning: Polyfit may be poorly conditioned
  c2, c1, c0 = np.polyfit(xs, ys, 2)
-----------------------------------------
| rollout/                |             |
|    ep_len_mean          | 25.3        |
|    ep_rew_mean          | 19.2        |
| time/                   |             |
|    fps                  | 24          |
|    iterations           | 49          |
|    time_elapsed         | 2041        |
|    total_timesteps      | 50176       |
| train/                  |             |
|    approx_kl            | 0.040286772 |
|    clip_fraction        | 0.298       |
|    clip_range           | 0.2         |
|    clip_range_vf        | 0.2         |
|    entropy_loss         | -2.77       |
|    explained_variance   | 0.456       |
|    learning_rate        | 0.000285    |
|    loss                 | 0.111       |
|    n_updates            | 408         |
|    policy_gradient_loss | -0.0247     |
|    std                  | 0.963       |
|    value_loss           | 0.359       |
-----------------------------------------
2026-07-03T22:20:47Z [2,082,452ms] [Error] [omni.kit.app._impl] [py stderr]: /media/samuel/Fast_SSD/SE4AI/thesis_repo/src/cobraflex_rl/cobraflex_rl/cv_lane_estimator.py:253: RankWarning: Polyfit may be poorly conditioned
  c2, c1, c0 = np.polyfit(xs, ys, 2)
2026-07-03T22:20:47Z [2,082,453ms] [Error] [omni.kit.app._impl] [py stderr]: /media/samuel/Fast_SSD/SE4AI/thesis_repo/src/cobraflex_rl/cobraflex_rl/cv_lane_estimator.py:253: RankWarning: Polyfit may be poorly conditioned
  c2, c1, c0 = np.polyfit(xs, ys, 2)
2026-07-03T22:20:47Z [2,082,459ms] [Error] [omni.kit.app._impl] [py stderr]: /media/samuel/Fast_SSD/SE4AI/thesis_repo/src/cobraflex_rl/cobraflex_rl/cv_lane_estimator.py:253: RankWarning: Polyfit may be poorly conditioned
  c2, c1, c0 = np.polyfit(xs, ys, 2)
2026-07-03T22:20:47Z [2,082,460ms] [Error] [omni.kit.app._impl] [py stderr]: /media/samuel/Fast_SSD/SE4AI/thesis_repo/src/cobraflex_rl/cobraflex_rl/cv_lane_estimator.py:253: RankWarning: Polyfit may be poorly conditioned
  c2, c1, c0 = np.polyfit(xs, ys, 2)
2026-07-03T22:20:47Z [2,082,509ms] [Error] [omni.kit.app._impl] [py stderr]: /media/samuel/Fast_SSD/SE4AI/thesis_repo/src/cobraflex_rl/cobraflex_rl/cv_lane_estimator.py:253: RankWarning: Polyfit may be poorly conditioned
  c2, c1, c0 = np.polyfit(xs, ys, 2)
2026-07-03T22:20:47Z [2,082,559ms] [Error] [omni.kit.app._impl] [py stderr]: /media/samuel/Fast_SSD/SE4AI/thesis_repo/src/cobraflex_rl/cobraflex_rl/cv_lane_estimator.py:253: RankWarning: Polyfit may be poorly conditioned
  c2, c1, c0 = np.polyfit(xs, ys, 2)
2026-07-03T22:20:47Z [2,082,559ms] [Error] [omni.kit.app._impl] [py stderr]: /media/samuel/Fast_SSD/SE4AI/thesis_repo/src/cobraflex_rl/cobraflex_rl/cv_lane_estimator.py:253: RankWarning: Polyfit may be poorly conditioned
  c2, c1, c0 = np.polyfit(xs, ys, 2)
Early stopping at step 6 due to reaching max kl: 0.87
[isaac_interface] WARN: Spawn pose did not settle after teleport; first-step ey may be unreliable.
PPO progress: 51000/1000000 (5%) | ep_rew_mean=19.78 | ep_len_mean=26 | episodes=100 | fps=24
----------------------------------------
| rollout/                |            |
|    ep_len_mean          | 26.7       |
|    ep_rew_mean          | 19.5       |
| time/                   |            |
|    fps                  | 24         |
|    iterations           | 50         |
|    time_elapsed         | 2078       |
|    total_timesteps      | 51200      |
| train/                  |            |
|    approx_kl            | 0.29225993 |
|    clip_fraction        | 0.281      |
|    clip_range           | 0.2        |
|    clip_range_vf        | 0.2        |
|    entropy_loss         | -2.76      |
|    explained_variance   | 0.598      |
|    learning_rate        | 0.000285   |
|    loss                 | 0.0326     |
|    n_updates            | 415        |
|    policy_gradient_loss | -0.0151    |
|    std                  | 0.963      |
|    value_loss           | 0.167      |
----------------------------------------
2026-07-03T22:21:15Z [2,110,293ms] [Error] [omni.kit.app._impl] [py stderr]: /media/samuel/Fast_SSD/SE4AI/thesis_repo/src/cobraflex_rl/cobraflex_rl/cv_lane_estimator.py:253: RankWarning: Polyfit may be poorly conditioned
  c2, c1, c0 = np.polyfit(xs, ys, 2)
2026-07-03T22:21:15Z [2,110,400ms] [Error] [omni.kit.app._impl] [py stderr]: /media/samuel/Fast_SSD/SE4AI/thesis_repo/src/cobraflex_rl/cobraflex_rl/cv_lane_estimator.py:253: RankWarning: Polyfit may be poorly conditioned
  c2, c1, c0 = np.polyfit(xs, ys, 2)
PPO progress: 52000/1000000 (5%) | ep_rew_mean=17.03 | ep_len_mean=26 | episodes=100 | fps=24
-----------------------------------------
| rollout/                |             |
|    ep_len_mean          | 27.8        |
|    ep_rew_mean          | 18          |
| time/                   |             |
|    fps                  | 24          |
|    iterations           | 51          |
|    time_elapsed         | 2114        |
|    total_timesteps      | 52224       |
| train/                  |             |
|    approx_kl            | 0.047610212 |
|    clip_fraction        | 0.294       |
|    clip_range           | 0.2         |
|    clip_range_vf        | 0.2         |
|    entropy_loss         | -2.76       |
|    explained_variance   | 0.678       |
|    learning_rate        | 0.000285    |
|    loss                 | 0.0332      |
|    n_updates            | 425         |
|    policy_gradient_loss | -0.0272     |
|    std                  | 0.962       |
|    value_loss           | 0.208       |
-----------------------------------------
2026-07-03T22:21:45Z [2,140,115ms] [Error] [omni.kit.app._impl] [py stderr]: /media/samuel/Fast_SSD/SE4AI/thesis_repo/src/cobraflex_rl/cobraflex_rl/cv_lane_estimator.py:253: RankWarning: Polyfit may be poorly conditioned
  c2, c1, c0 = np.polyfit(xs, ys, 2)
PPO progress: 53000/1000000 (5%) | ep_rew_mean=20.41 | ep_len_mean=31 | episodes=100 | fps=24
----------------------------------------
| rollout/                |            |
|    ep_len_mean          | 32.2       |
|    ep_rew_mean          | 22         |
| time/                   |            |
|    fps                  | 24         |
|    iterations           | 52         |
|    time_elapsed         | 2148       |
|    total_timesteps      | 53248      |
| train/                  |            |
|    approx_kl            | 0.16128798 |
|    clip_fraction        | 0.359      |
|    clip_range           | 0.2        |
|    clip_range_vf        | 0.2        |
|    entropy_loss         | -2.76      |
|    explained_variance   | 0.687      |
|    learning_rate        | 0.000284   |
|    loss                 | -0.0195    |
|    n_updates            | 435        |
|    policy_gradient_loss | -0.0397    |
|    std                  | 0.962      |
|    value_loss           | 0.11       |
----------------------------------------
PPO progress: 54000/1000000 (5%) | ep_rew_mean=28.08 | ep_len_mean=39 | episodes=100 | fps=24
2026-07-03T22:22:42Z [2,196,705ms] [Error] [omni.kit.app._impl] [py stderr]: /media/samuel/Fast_SSD/SE4AI/thesis_repo/src/cobraflex_rl/cobraflex_rl/cv_lane_estimator.py:253: RankWarning: Polyfit may be poorly conditioned
  c2, c1, c0 = np.polyfit(xs, ys, 2)
2026-07-03T22:22:42Z [2,196,705ms] [Error] [omni.kit.app._impl] [py stderr]: /media/samuel/Fast_SSD/SE4AI/thesis_repo/src/cobraflex_rl/cobraflex_rl/cv_lane_estimator.py:253: RankWarning: Polyfit may be poorly conditioned
  c2, c1, c0 = np.polyfit(xs, ys, 2)
-----------------------------------------
| rollout/                |             |
|    ep_len_mean          | 42          |
|    ep_rew_mean          | 30.4        |
| time/                   |             |
|    fps                  | 24          |
|    iterations           | 53          |
|    time_elapsed         | 2183        |
|    total_timesteps      | 54272       |
| train/                  |             |
|    approx_kl            | 0.043587577 |
|    clip_fraction        | 0.281       |
|    clip_range           | 0.2         |
|    clip_range_vf        | 0.2         |
|    entropy_loss         | -2.76       |
|    explained_variance   | 0.747       |
|    learning_rate        | 0.000284    |
|    loss                 | -0.00875    |
|    n_updates            | 445         |
|    policy_gradient_loss | -0.034      |
|    std                  | 0.958       |
|    value_loss           | 0.0845      |
-----------------------------------------
2026-07-03T22:22:52Z [2,207,406ms] [Error] [omni.kit.app._impl] [py stderr]: /media/samuel/Fast_SSD/SE4AI/thesis_repo/src/cobraflex_rl/cobraflex_rl/cv_lane_estimator.py:253: RankWarning: Polyfit may be poorly conditioned
  c2, c1, c0 = np.polyfit(xs, ys, 2)
2026-07-03T22:22:52Z [2,207,406ms] [Error] [omni.kit.app._impl] [py stderr]: /media/samuel/Fast_SSD/SE4AI/thesis_repo/src/cobraflex_rl/cobraflex_rl/cv_lane_estimator.py:253: RankWarning: Polyfit may be poorly conditioned
  c2, c1, c0 = np.polyfit(xs, ys, 2)
PPO progress: 55000/1000000 (6%) | ep_rew_mean=27.47 | ep_len_mean=39 | episodes=100 | fps=24
2026-07-03T22:23:19Z [2,234,346ms] [Error] [omni.kit.app._impl] [py stderr]: /media/samuel/Fast_SSD/SE4AI/thesis_repo/src/cobraflex_rl/cobraflex_rl/cv_lane_estimator.py:253: RankWarning: Polyfit may be poorly conditioned
  c2, c1, c0 = np.polyfit(xs, ys, 2)
2026-07-03T22:23:20Z [2,234,852ms] [Error] [omni.kit.app._impl] [py stderr]: /media/samuel/Fast_SSD/SE4AI/thesis_repo/src/cobraflex_rl/cobraflex_rl/cv_lane_estimator.py:253: RankWarning: Polyfit may be poorly conditioned
  c2, c1, c0 = np.polyfit(xs, ys, 2)
2026-07-03T22:23:20Z [2,234,852ms] [Error] [omni.kit.app._impl] [py stderr]: /media/samuel/Fast_SSD/SE4AI/thesis_repo/src/cobraflex_rl/cobraflex_rl/cv_lane_estimator.py:253: RankWarning: Polyfit may be poorly conditioned
  c2, c1, c0 = np.polyfit(xs, ys, 2)
2026-07-03T22:23:20Z [2,234,859ms] [Error] [omni.kit.app._impl] [py stderr]: /media/samuel/Fast_SSD/SE4AI/thesis_repo/src/cobraflex_rl/cobraflex_rl/cv_lane_estimator.py:253: RankWarning: Polyfit may be poorly conditioned
  c2, c1, c0 = np.polyfit(xs, ys, 2)
2026-07-03T22:23:20Z [2,234,859ms] [Error] [omni.kit.app._impl] [py stderr]: /media/samuel/Fast_SSD/SE4AI/thesis_repo/src/cobraflex_rl/cobraflex_rl/cv_lane_estimator.py:253: RankWarning: Polyfit may be poorly conditioned
  c2, c1, c0 = np.polyfit(xs, ys, 2)
-----------------------------------------
| rollout/                |             |
|    ep_len_mean          | 37.7        |
|    ep_rew_mean          | 27.7        |
| time/                   |             |
|    fps                  | 24          |
|    iterations           | 54          |
|    time_elapsed         | 2221        |
|    total_timesteps      | 55296       |
| train/                  |             |
|    approx_kl            | 0.077016614 |
|    clip_fraction        | 0.325       |
|    clip_range           | 0.2         |
|    clip_range_vf        | 0.2         |
|    entropy_loss         | -2.76       |
|    explained_variance   | 0.879       |
|    learning_rate        | 0.000284    |
|    loss                 | -0.0614     |
|    n_updates            | 455         |
|    policy_gradient_loss | -0.0354     |
|    std                  | 0.959       |
|    value_loss           | 0.0536      |
-----------------------------------------
PPO progress: 56000/1000000 (6%) | ep_rew_mean=31.78 | ep_len_mean=43 | episodes=100 | fps=24
----------------------------------------
| rollout/                |            |
|    ep_len_mean          | 40         |
|    ep_rew_mean          | 28.7       |
| time/                   |            |
|    fps                  | 25         |
|    iterations           | 55         |
|    time_elapsed         | 2251       |
|    total_timesteps      | 56320      |
| train/                  |            |
|    approx_kl            | 0.06175814 |
|    clip_fraction        | 0.306      |
|    clip_range           | 0.2        |
|    clip_range_vf        | 0.2        |
|    entropy_loss         | -2.75      |
|    explained_variance   | 0.539      |
|    learning_rate        | 0.000283   |
|    loss                 | -0.0319    |
|    n_updates            | 465        |
|    policy_gradient_loss | -0.0302    |
|    std                  | 0.958      |
|    value_loss           | 0.102      |
----------------------------------------
2026-07-03T22:23:55Z [2,269,745ms] [Error] [omni.kit.app._impl] [py stderr]: /media/samuel/Fast_SSD/SE4AI/thesis_repo/src/cobraflex_rl/cobraflex_rl/cv_lane_estimator.py:253: RankWarning: Polyfit may be poorly conditioned
  c2, c1, c0 = np.polyfit(xs, ys, 2)
PPO progress: 57000/1000000 (6%) | ep_rew_mean=25.86 | ep_len_mean=38 | episodes=100 | fps=25
2026-07-03T22:24:14Z [2,289,391ms] [Error] [omni.kit.app._impl] [py stderr]: /media/samuel/Fast_SSD/SE4AI/thesis_repo/src/cobraflex_rl/cobraflex_rl/cv_lane_estimator.py:253: RankWarning: Polyfit may be poorly conditioned
  c2, c1, c0 = np.polyfit(xs, ys, 2)
----------------------------------------
| rollout/                |            |
|    ep_len_mean          | 39.6       |
|    ep_rew_mean          | 26.9       |
| time/                   |            |
|    fps                  | 25         |
|    iterations           | 56         |
|    time_elapsed         | 2284       |
|    total_timesteps      | 57344      |
| train/                  |            |
|    approx_kl            | 0.07804932 |
|    clip_fraction        | 0.299      |
|    clip_range           | 0.2        |
|    clip_range_vf        | 0.2        |
|    entropy_loss         | -2.75      |
|    explained_variance   | 0.573      |
|    learning_rate        | 0.000283   |
|    loss                 | -0.0155    |
|    n_updates            | 475        |
|    policy_gradient_loss | -0.0322    |
|    std                  | 0.956      |
|    value_loss           | 0.235      |
----------------------------------------
2026-07-03T22:24:27Z [2,302,615ms] [Error] [omni.kit.app._impl] [py stderr]: /media/samuel/Fast_SSD/SE4AI/thesis_repo/src/cobraflex_rl/cobraflex_rl/cv_lane_estimator.py:253: RankWarning: Polyfit may be poorly conditioned
  c2, c1, c0 = np.polyfit(xs, ys, 2)
2026-07-03T22:24:27Z [2,302,622ms] [Error] [omni.kit.app._impl] [py stderr]: /media/samuel/Fast_SSD/SE4AI/thesis_repo/src/cobraflex_rl/cobraflex_rl/cv_lane_estimator.py:253: RankWarning: Polyfit may be poorly conditioned
  c2, c1, c0 = np.polyfit(xs, ys, 2)
PPO progress: 58000/1000000 (6%) | ep_rew_mean=22.64 | ep_len_mean=35 | episodes=100 | fps=25
-----------------------------------------
| rollout/                |             |
|    ep_len_mean          | 39.2        |
|    ep_rew_mean          | 26          |
| time/                   |             |
|    fps                  | 25          |
|    iterations           | 57          |
|    time_elapsed         | 2319        |
|    total_timesteps      | 58368       |
| train/                  |             |
|    approx_kl            | 0.057839707 |
|    clip_fraction        | 0.314       |
|    clip_range           | 0.2         |
|    clip_range_vf        | 0.2         |
|    entropy_loss         | -2.75       |
|    explained_variance   | 0.626       |
|    learning_rate        | 0.000283    |
|    loss                 | -0.00463    |
|    n_updates            | 485         |
|    policy_gradient_loss | -0.0296     |
|    std                  | 0.953       |
|    value_loss           | 0.239       |
-----------------------------------------
2026-07-03T22:25:11Z [2,346,550ms] [Error] [omni.kit.app._impl] [py stderr]: /media/samuel/Fast_SSD/SE4AI/thesis_repo/src/cobraflex_rl/cobraflex_rl/cv_lane_estimator.py:253: RankWarning: Polyfit may be poorly conditioned
  c2, c1, c0 = np.polyfit(xs, ys, 2)
2026-07-03T22:25:11Z [2,346,550ms] [Error] [omni.kit.app._impl] [py stderr]: /media/samuel/Fast_SSD/SE4AI/thesis_repo/src/cobraflex_rl/cobraflex_rl/cv_lane_estimator.py:253: RankWarning: Polyfit may be poorly conditioned
  c2, c1, c0 = np.polyfit(xs, ys, 2)
2026-07-03T22:25:11Z [2,346,551ms] [Error] [omni.kit.app._impl] [py stderr]: /media/samuel/Fast_SSD/SE4AI/thesis_repo/src/cobraflex_rl/cobraflex_rl/cv_lane_estimator.py:253: RankWarning: Polyfit may be poorly conditioned
  c2, c1, c0 = np.polyfit(xs, ys, 2)
2026-07-03T22:25:11Z [2,346,582ms] [Error] [omni.kit.app._impl] [py stderr]: /media/samuel/Fast_SSD/SE4AI/thesis_repo/src/cobraflex_rl/cobraflex_rl/cv_lane_estimator.py:253: RankWarning: Polyfit may be poorly conditioned
  c2, c1, c0 = np.polyfit(xs, ys, 2)
2026-07-03T22:25:11Z [2,346,589ms] [Error] [omni.kit.app._impl] [py stderr]: /media/samuel/Fast_SSD/SE4AI/thesis_repo/src/cobraflex_rl/cobraflex_rl/cv_lane_estimator.py:253: RankWarning: Polyfit may be poorly conditioned
  c2, c1, c0 = np.polyfit(xs, ys, 2)
PPO progress: 59000/1000000 (6%) | ep_rew_mean=26.00 | ep_len_mean=37 | episodes=100 | fps=25
----------------------------------------
| rollout/                |            |
|    ep_len_mean          | 34.2       |
|    ep_rew_mean          | 23.9       |
| time/                   |            |
|    fps                  | 25         |
|    iterations           | 58         |
|    time_elapsed         | 2363       |
|    total_timesteps      | 59392      |
| train/                  |            |
|    approx_kl            | 0.04537945 |
|    clip_fraction        | 0.312      |
|    clip_range           | 0.2        |
|    clip_range_vf        | 0.2        |
|    entropy_loss         | -2.74      |
|    explained_variance   | 0.529      |
|    learning_rate        | 0.000282   |
|    loss                 | 0.0448     |
|    n_updates            | 495        |
|    policy_gradient_loss | -0.0348    |
|    std                  | 0.953      |
|    value_loss           | 0.306      |
----------------------------------------
Early stopping at step 4 due to reaching max kl: 0.88
PPO progress: 60000/1000000 (6%) | ep_rew_mean=22.41 | ep_len_mean=32 | episodes=100 | fps=25
2026-07-03T22:26:12Z [2,406,762ms] [Error] [omni.kit.app._impl] [py stderr]: /media/samuel/Fast_SSD/SE4AI/thesis_repo/src/cobraflex_rl/cobraflex_rl/cv_lane_estimator.py:253: RankWarning: Polyfit may be poorly conditioned
  c2, c1, c0 = np.polyfit(xs, ys, 2)
2026-07-03T22:26:12Z [2,406,768ms] [Error] [omni.kit.app._impl] [py stderr]: /media/samuel/Fast_SSD/SE4AI/thesis_repo/src/cobraflex_rl/cobraflex_rl/cv_lane_estimator.py:253: RankWarning: Polyfit may be poorly conditioned
  c2, c1, c0 = np.polyfit(xs, ys, 2)
----------------------------------------
| rollout/                |            |
|    ep_len_mean          | 29.7       |
|    ep_rew_mean          | 22.7       |
| time/                   |            |
|    fps                  | 25         |
|    iterations           | 59         |
|    time_elapsed         | 2397       |
|    total_timesteps      | 60416      |
| train/                  |            |
|    approx_kl            | 0.40070996 |
|    clip_fraction        | 0.271      |
|    clip_range           | 0.2        |
|    clip_range_vf        | 0.2        |
|    entropy_loss         | -2.74      |
|    explained_variance   | 0.669      |
|    learning_rate        | 0.000282   |
|    loss                 | 0.0212     |
|    n_updates            | 500        |
|    policy_gradient_loss | 0.000654   |
|    std                  | 0.955      |
|    value_loss           | 0.23       |
----------------------------------------
PPO progress: 61000/1000000 (6%) | ep_rew_mean=20.33 | ep_len_mean=24 | episodes=100 | fps=25
2026-07-03T22:26:45Z [2,440,049ms] [Error] [omni.kit.app._impl] [py stderr]: /media/samuel/Fast_SSD/SE4AI/thesis_repo/src/cobraflex_rl/cobraflex_rl/cv_lane_estimator.py:253: RankWarning: Polyfit may be poorly conditioned
  c2, c1, c0 = np.polyfit(xs, ys, 2)
----------------------------------------
| rollout/                |            |
|    ep_len_mean          | 21.9       |
|    ep_rew_mean          | 17.4       |
| time/                   |            |
|    fps                  | 25         |
|    iterations           | 60         |
|    time_elapsed         | 2433       |
|    total_timesteps      | 61440      |
| train/                  |            |
|    approx_kl            | 0.06278973 |
|    clip_fraction        | 0.336      |
|    clip_range           | 0.2        |
|    clip_range_vf        | 0.2        |
|    entropy_loss         | -2.74      |
|    explained_variance   | 0.827      |
|    learning_rate        | 0.000282   |
|    loss                 | 0.0152     |
|    n_updates            | 510        |
|    policy_gradient_loss | -0.0199    |
|    std                  | 0.951      |
|    value_loss           | 0.102      |
----------------------------------------
Early stopping at step 1 due to reaching max kl: 0.83
PPO progress: 62000/1000000 (6%) | ep_rew_mean=15.39 | ep_len_mean=20 | episodes=100 | fps=25
2026-07-03T22:27:29Z [2,484,141ms] [Error] [omni.kit.app._impl] [py stderr]: /media/samuel/Fast_SSD/SE4AI/thesis_repo/src/cobraflex_rl/cobraflex_rl/cv_lane_estimator.py:253: RankWarning: Polyfit may be poorly conditioned
  c2, c1, c0 = np.polyfit(xs, ys, 2)
2026-07-03T22:27:29Z [2,484,142ms] [Error] [omni.kit.app._impl] [py stderr]: /media/samuel/Fast_SSD/SE4AI/thesis_repo/src/cobraflex_rl/cobraflex_rl/cv_lane_estimator.py:253: RankWarning: Polyfit may be poorly conditioned
  c2, c1, c0 = np.polyfit(xs, ys, 2)
2026-07-03T22:27:29Z [2,484,150ms] [Error] [omni.kit.app._impl] [py stderr]: /media/samuel/Fast_SSD/SE4AI/thesis_repo/src/cobraflex_rl/cobraflex_rl/cv_lane_estimator.py:253: RankWarning: Polyfit may be poorly conditioned
  c2, c1, c0 = np.polyfit(xs, ys, 2)
2026-07-03T22:27:29Z [2,484,150ms] [Error] [omni.kit.app._impl] [py stderr]: /media/samuel/Fast_SSD/SE4AI/thesis_repo/src/cobraflex_rl/cobraflex_rl/cv_lane_estimator.py:253: RankWarning: Polyfit may be poorly conditioned
  c2, c1, c0 = np.polyfit(xs, ys, 2)
----------------------------------------
| rollout/                |            |
|    ep_len_mean          | 19.7       |
|    ep_rew_mean          | 14         |
| time/                   |            |
|    fps                  | 25         |
|    iterations           | 61         |
|    time_elapsed         | 2474       |
|    total_timesteps      | 62464      |
| train/                  |            |
|    approx_kl            | 0.23879096 |
|    clip_fraction        | 0.296      |
|    clip_range           | 0.2        |
|    clip_range_vf        | 0.2        |
|    entropy_loss         | -2.74      |
|    explained_variance   | 0.689      |
|    learning_rate        | 0.000282   |
|    loss                 | 0.0516     |
|    n_updates            | 512        |
|    policy_gradient_loss | 0.0143     |
|    std                  | 0.951      |
|    value_loss           | 0.211      |
----------------------------------------
2026-07-03T22:27:45Z [2,500,370ms] [Error] [omni.kit.app._impl] [py stderr]: /media/samuel/Fast_SSD/SE4AI/thesis_repo/src/cobraflex_rl/cobraflex_rl/cv_lane_estimator.py:253: RankWarning: Polyfit may be poorly conditioned
  c2, c1, c0 = np.polyfit(xs, ys, 2)
2026-07-03T22:27:45Z [2,500,370ms] [Error] [omni.kit.app._impl] [py stderr]: /media/samuel/Fast_SSD/SE4AI/thesis_repo/src/cobraflex_rl/cobraflex_rl/cv_lane_estimator.py:253: RankWarning: Polyfit may be poorly conditioned
  c2, c1, c0 = np.polyfit(xs, ys, 2)
2026-07-03T22:27:45Z [2,500,370ms] [Error] [omni.kit.app._impl] [py stderr]: /media/samuel/Fast_SSD/SE4AI/thesis_repo/src/cobraflex_rl/cobraflex_rl/cv_lane_estimator.py:253: RankWarning: Polyfit may be poorly conditioned
  c2, c1, c0 = np.polyfit(xs, ys, 2)
2026-07-03T22:27:45Z [2,500,397ms] [Error] [omni.kit.app._impl] [py stderr]: /media/samuel/Fast_SSD/SE4AI/thesis_repo/src/cobraflex_rl/cobraflex_rl/cv_lane_estimator.py:253: RankWarning: Polyfit may be poorly conditioned
  c2, c1, c0 = np.polyfit(xs, ys, 2)
PPO progress: 63000/1000000 (6%) | ep_rew_mean=14.36 | ep_len_mean=23 | episodes=100 | fps=25
2026-07-03T22:28:03Z [2,518,611ms] [Error] [omni.kit.app._impl] [py stderr]: /media/samuel/Fast_SSD/SE4AI/thesis_repo/src/cobraflex_rl/cobraflex_rl/cv_lane_estimator.py:253: RankWarning: Polyfit may be poorly conditioned
  c2, c1, c0 = np.polyfit(xs, ys, 2)
----------------------------------------
| rollout/                |            |
|    ep_len_mean          | 22.9       |
|    ep_rew_mean          | 12.9       |
| time/                   |            |
|    fps                  | 25         |
|    iterations           | 62         |
|    time_elapsed         | 2511       |
|    total_timesteps      | 63488      |
| train/                  |            |
|    approx_kl            | 0.07636505 |
|    clip_fraction        | 0.376      |
|    clip_range           | 0.2        |
|    clip_range_vf        | 0.2        |
|    entropy_loss         | -2.74      |
|    explained_variance   | 0.501      |
|    learning_rate        | 0.000281   |
|    loss                 | 0.0776     |
|    n_updates            | 522        |
|    policy_gradient_loss | -0.0361    |
|    std                  | 0.951      |
|    value_loss           | 0.41       |
----------------------------------------
2026-07-03T22:28:18Z [2,532,857ms] [Error] [omni.kit.app._impl] [py stderr]: /media/samuel/Fast_SSD/SE4AI/thesis_repo/src/cobraflex_rl/cobraflex_rl/cv_lane_estimator.py:253: RankWarning: Polyfit may be poorly conditioned
  c2, c1, c0 = np.polyfit(xs, ys, 2)
2026-07-03T22:28:35Z [2,549,945ms] [Error] [omni.kit.app._impl] [py stderr]: /media/samuel/Fast_SSD/SE4AI/thesis_repo/src/cobraflex_rl/cobraflex_rl/cv_lane_estimator.py:253: RankWarning: Polyfit may be poorly conditioned
  c2, c1, c0 = np.polyfit(xs, ys, 2)
2026-07-03T22:28:35Z [2,549,945ms] [Error] [omni.kit.app._impl] [py stderr]: /media/samuel/Fast_SSD/SE4AI/thesis_repo/src/cobraflex_rl/cobraflex_rl/cv_lane_estimator.py:253: RankWarning: Polyfit may be poorly conditioned
  c2, c1, c0 = np.polyfit(xs, ys, 2)
2026-07-03T22:28:35Z [2,549,955ms] [Error] [omni.kit.app._impl] [py stderr]: /media/samuel/Fast_SSD/SE4AI/thesis_repo/src/cobraflex_rl/cobraflex_rl/cv_lane_estimator.py:253: RankWarning: Polyfit may be poorly conditioned
  c2, c1, c0 = np.polyfit(xs, ys, 2)
2026-07-03T22:28:35Z [2,549,955ms] [Error] [omni.kit.app._impl] [py stderr]: /media/samuel/Fast_SSD/SE4AI/thesis_repo/src/cobraflex_rl/cobraflex_rl/cv_lane_estimator.py:253: RankWarning: Polyfit may be poorly conditioned
  c2, c1, c0 = np.polyfit(xs, ys, 2)
Early stopping at step 5 due to reaching max kl: 1.63
PPO progress: 64000/1000000 (6%) | ep_rew_mean=12.67 | ep_len_mean=21 | episodes=100 | fps=25
----------------------------------------
| rollout/                |            |
|    ep_len_mean          | 21.4       |
|    ep_rew_mean          | 11.9       |
| time/                   |            |
|    fps                  | 25         |
|    iterations           | 63         |
|    time_elapsed         | 2564       |
|    total_timesteps      | 64512      |
| train/                  |            |
|    approx_kl            | 0.36907214 |
|    clip_fraction        | 0.341      |
|    clip_range           | 0.2        |
|    clip_range_vf        | 0.2        |
|    entropy_loss         | -2.74      |
|    explained_variance   | 0.78       |
|    learning_rate        | 0.000281   |
|    loss                 | 0.0698     |
|    n_updates            | 528        |
|    policy_gradient_loss | 0.00804    |
|    std                  | 0.95       |
|    value_loss           | 0.141      |
----------------------------------------
Early stopping at step 1 due to reaching max kl: 2.51
PPO progress: 65000/1000000 (6%) | ep_rew_mean=11.95 | ep_len_mean=20 | episodes=100 | fps=25
----------------------------------------
| rollout/                |            |
|    ep_len_mean          | 20.2       |
|    ep_rew_mean          | 12.7       |
| time/                   |            |
|    fps                  | 25         |
|    iterations           | 64         |
|    time_elapsed         | 2611       |
|    total_timesteps      | 65536      |
| train/                  |            |
|    approx_kl            | 0.91912025 |
|    clip_fraction        | 0.164      |
|    clip_range           | 0.2        |
|    clip_range_vf        | 0.2        |
|    entropy_loss         | -2.73      |
|    explained_variance   | 0.497      |
|    learning_rate        | 0.000281   |
|    loss                 | 0.337      |
|    n_updates            | 530        |
|    policy_gradient_loss | 0.0303     |
|    std                  | 0.95       |
|    value_loss           | 0.304      |
----------------------------------------
2026-07-03T22:30:12Z [2,647,462ms] [Error] [omni.kit.app._impl] [py stderr]: /media/samuel/Fast_SSD/SE4AI/thesis_repo/src/cobraflex_rl/cobraflex_rl/cv_lane_estimator.py:253: RankWarning: Polyfit may be poorly conditioned
  c2, c1, c0 = np.polyfit(xs, ys, 2)
Early stopping at step 1 due to reaching max kl: 0.91
PPO progress: 66000/1000000 (7%) | ep_rew_mean=12.06 | ep_len_mean=20 | episodes=100 | fps=25
----------------------------------------
| rollout/                |            |
|    ep_len_mean          | 21         |
|    ep_rew_mean          | 10.8       |
| time/                   |            |
|    fps                  | 25         |
|    iterations           | 65         |
|    time_elapsed         | 2657       |
|    total_timesteps      | 66560      |
| train/                  |            |
|    approx_kl            | 0.29517335 |
|    clip_fraction        | 0.195      |
|    clip_range           | 0.2        |
|    clip_range_vf        | 0.2        |
|    entropy_loss         | -2.74      |
|    explained_variance   | 0.687      |
|    learning_rate        | 0.00028    |
|    loss                 | 0.00951    |
|    n_updates            | 532        |
|    policy_gradient_loss | 0.0101     |
|    std                  | 0.95       |
|    value_loss           | 0.147      |
----------------------------------------
2026-07-03T22:30:48Z [2,683,160ms] [Error] [omni.kit.app._impl] [py stderr]: /media/samuel/Fast_SSD/SE4AI/thesis_repo/src/cobraflex_rl/cobraflex_rl/cv_lane_estimator.py:253: RankWarning: Polyfit may be poorly conditioned
  c2, c1, c0 = np.polyfit(xs, ys, 2)
2026-07-03T22:30:48Z [2,683,167ms] [Error] [omni.kit.app._impl] [py stderr]: /media/samuel/Fast_SSD/SE4AI/thesis_repo/src/cobraflex_rl/cobraflex_rl/cv_lane_estimator.py:253: RankWarning: Polyfit may be poorly conditioned
  c2, c1, c0 = np.polyfit(xs, ys, 2)
2026-07-03T22:30:48Z [2,683,191ms] [Error] [omni.kit.app._impl] [py stderr]: /media/samuel/Fast_SSD/SE4AI/thesis_repo/src/cobraflex_rl/cobraflex_rl/cv_lane_estimator.py:253: RankWarning: Polyfit may be poorly conditioned
  c2, c1, c0 = np.polyfit(xs, ys, 2)
2026-07-03T22:30:48Z [2,683,319ms] [Error] [omni.kit.app._impl] [py stderr]: /media/samuel/Fast_SSD/SE4AI/thesis_repo/src/cobraflex_rl/cobraflex_rl/cv_lane_estimator.py:253: RankWarning: Polyfit may be poorly conditioned
  c2, c1, c0 = np.polyfit(xs, ys, 2)
2026-07-03T22:30:48Z [2,683,345ms] [Error] [omni.kit.app._impl] [py stderr]: /media/samuel/Fast_SSD/SE4AI/thesis_repo/src/cobraflex_rl/cobraflex_rl/cv_lane_estimator.py:253: RankWarning: Polyfit may be poorly conditioned
  c2, c1, c0 = np.polyfit(xs, ys, 2)
2026-07-03T22:30:48Z [2,683,608ms] [Error] [omni.kit.app._impl] [py stderr]: /media/samuel/Fast_SSD/SE4AI/thesis_repo/src/cobraflex_rl/cobraflex_rl/cv_lane_estimator.py:253: RankWarning: Polyfit may be poorly conditioned
  c2, c1, c0 = np.polyfit(xs, ys, 2)
Early stopping at step 9 due to reaching max kl: 1.04
PPO progress: 67000/1000000 (7%) | ep_rew_mean=8.27 | ep_len_mean=17 | episodes=100 | fps=25
----------------------------------------
| rollout/                |            |
|    ep_len_mean          | 19.4       |
|    ep_rew_mean          | 7.42       |
| time/                   |            |
|    fps                  | 25         |
|    iterations           | 66         |
|    time_elapsed         | 2696       |
|    total_timesteps      | 67584      |
| train/                  |            |
|    approx_kl            | 0.29665595 |
|    clip_fraction        | 0.311      |
|    clip_range           | 0.2        |
|    clip_range_vf        | 0.2        |
|    entropy_loss         | -2.74      |
|    explained_variance   | 0.695      |
|    learning_rate        | 0.00028    |
|    loss                 | -0.047     |
|    n_updates            | 542        |
|    policy_gradient_loss | -0.0251    |
|    std                  | 0.951      |
|    value_loss           | 0.0703     |
----------------------------------------
PPO progress: 68000/1000000 (7%) | ep_rew_mean=8.20 | ep_len_mean=20 | episodes=100 | fps=25
-----------------------------------------
| rollout/                |             |
|    ep_len_mean          | 27.2        |
|    ep_rew_mean          | 14.3        |
| time/                   |             |
|    fps                  | 25          |
|    iterations           | 67          |
|    time_elapsed         | 2744        |
|    total_timesteps      | 68608       |
| train/                  |             |
|    approx_kl            | 0.091203526 |
|    clip_fraction        | 0.337       |
|    clip_range           | 0.2         |
|    clip_range_vf        | 0.2         |
|    entropy_loss         | -2.73       |
|    explained_variance   | 0.758       |
|    learning_rate        | 0.00028     |
|    loss                 | 0.00236     |
|    n_updates            | 552         |
|    policy_gradient_loss | -0.0185     |
|    std                  | 0.943       |
|    value_loss           | 0.0677      |
-----------------------------------------
Early stopping at step 0 due to reaching max kl: 0.89
PPO progress: 69000/1000000 (7%) | ep_rew_mean=13.80 | ep_len_mean=27 | episodes=100 | fps=25
---------------------------------------
| rollout/                |           |
|    ep_len_mean          | 27.6      |
|    ep_rew_mean          | 15.8      |
| time/                   |           |
|    fps                  | 25        |
|    iterations           | 68        |
|    time_elapsed         | 2784      |
|    total_timesteps      | 69632     |
| train/                  |           |
|    approx_kl            | 0.1348276 |
|    clip_fraction        | 0.128     |
|    clip_range           | 0.2       |
|    clip_range_vf        | 0.2       |
|    entropy_loss         | -2.72     |
|    explained_variance   | 0.374     |
|    learning_rate        | 0.000279  |
|    loss                 | 0.058     |
|    n_updates            | 553       |
|    policy_gradient_loss | 0.0733    |
|    std                  | 0.944     |
|    value_loss           | 0.186     |
---------------------------------------
PPO progress: 70000/1000000 (7%) | ep_rew_mean=16.31 | ep_len_mean=29 | episodes=100 | fps=25
2026-07-03T22:32:59Z [2,813,895ms] [Error] [omni.kit.app._impl] [py stderr]: /media/samuel/Fast_SSD/SE4AI/thesis_repo/src/cobraflex_rl/cobraflex_rl/cv_lane_estimator.py:253: RankWarning: Polyfit may be poorly conditioned
  c2, c1, c0 = np.polyfit(xs, ys, 2)
2026-07-03T22:32:59Z [2,814,110ms] [Error] [omni.kit.app._impl] [py stderr]: /media/samuel/Fast_SSD/SE4AI/thesis_repo/src/cobraflex_rl/cobraflex_rl/cv_lane_estimator.py:253: RankWarning: Polyfit may be poorly conditioned
  c2, c1, c0 = np.polyfit(xs, ys, 2)
2026-07-03T22:32:59Z [2,814,110ms] [Error] [omni.kit.app._impl] [py stderr]: /media/samuel/Fast_SSD/SE4AI/thesis_repo/src/cobraflex_rl/cobraflex_rl/cv_lane_estimator.py:253: RankWarning: Polyfit may be poorly conditioned
  c2, c1, c0 = np.polyfit(xs, ys, 2)
2026-07-03T22:32:59Z [2,814,110ms] [Error] [omni.kit.app._impl] [py stderr]: /media/samuel/Fast_SSD/SE4AI/thesis_repo/src/cobraflex_rl/cobraflex_rl/cv_lane_estimator.py:253: RankWarning: Polyfit may be poorly conditioned
  c2, c1, c0 = np.polyfit(xs, ys, 2)
2026-07-03T22:33:15Z [2,830,486ms] [Error] [omni.kit.app._impl] [py stderr]: /media/samuel/Fast_SSD/SE4AI/thesis_repo/src/cobraflex_rl/cobraflex_rl/cv_lane_estimator.py:253: RankWarning: Polyfit may be poorly conditioned
  c2, c1, c0 = np.polyfit(xs, ys, 2)
2026-07-03T22:33:15Z [2,830,486ms] [Error] [omni.kit.app._impl] [py stderr]: /media/samuel/Fast_SSD/SE4AI/thesis_repo/src/cobraflex_rl/cobraflex_rl/cv_lane_estimator.py:253: RankWarning: Polyfit may be poorly conditioned
  c2, c1, c0 = np.polyfit(xs, ys, 2)
2026-07-03T22:33:15Z [2,830,493ms] [Error] [omni.kit.app._impl] [py stderr]: /media/samuel/Fast_SSD/SE4AI/thesis_repo/src/cobraflex_rl/cobraflex_rl/cv_lane_estimator.py:253: RankWarning: Polyfit may be poorly conditioned
  c2, c1, c0 = np.polyfit(xs, ys, 2)
2026-07-03T22:33:15Z [2,830,493ms] [Error] [omni.kit.app._impl] [py stderr]: /media/samuel/Fast_SSD/SE4AI/thesis_repo/src/cobraflex_rl/cobraflex_rl/cv_lane_estimator.py:253: RankWarning: Polyfit may be poorly conditioned
  c2, c1, c0 = np.polyfit(xs, ys, 2)
----------------------------------------
| rollout/                |            |
|    ep_len_mean          | 28.5       |
|    ep_rew_mean          | 20.6       |
| time/                   |            |
|    fps                  | 25         |
|    iterations           | 69         |
|    time_elapsed         | 2820       |
|    total_timesteps      | 70656      |
| train/                  |            |
|    approx_kl            | 0.09622142 |
|    clip_fraction        | 0.386      |
|    clip_range           | 0.2        |
|    clip_range_vf        | 0.2        |
|    entropy_loss         | -2.73      |
|    explained_variance   | 0.579      |
|    learning_rate        | 0.000279   |
|    loss                 | 0.0313     |
|    n_updates            | 563        |
|    policy_gradient_loss | -0.0204    |
|    std                  | 0.948      |
|    value_loss           | 0.133      |
----------------------------------------
2026-07-03T22:33:26Z [2,841,017ms] [Error] [omni.kit.app._impl] [py stderr]: /media/samuel/Fast_SSD/SE4AI/thesis_repo/src/cobraflex_rl/cobraflex_rl/cv_lane_estimator.py:253: RankWarning: Polyfit may be poorly conditioned
  c2, c1, c0 = np.polyfit(xs, ys, 2)
2026-07-03T22:33:26Z [2,841,024ms] [Error] [omni.kit.app._impl] [py stderr]: /media/samuel/Fast_SSD/SE4AI/thesis_repo/src/cobraflex_rl/cobraflex_rl/cv_lane_estimator.py:253: RankWarning: Polyfit may be poorly conditioned
  c2, c1, c0 = np.polyfit(xs, ys, 2)
2026-07-03T22:33:36Z [2,850,839ms] [Error] [omni.kit.app._impl] [py stderr]: /media/samuel/Fast_SSD/SE4AI/thesis_repo/src/cobraflex_rl/cobraflex_rl/cv_lane_estimator.py:253: RankWarning: Polyfit may be poorly conditioned
  c2, c1, c0 = np.polyfit(xs, ys, 2)
PPO progress: 71000/1000000 (7%) | ep_rew_mean=15.38 | ep_len_mean=23 | episodes=100 | fps=25
----------------------------------------
| rollout/                |            |
|    ep_len_mean          | 25.9       |
|    ep_rew_mean          | 17.7       |
| time/                   |            |
|    fps                  | 25         |
|    iterations           | 70         |
|    time_elapsed         | 2856       |
|    total_timesteps      | 71680      |
| train/                  |            |
|    approx_kl            | 0.20112352 |
|    clip_fraction        | 0.354      |
|    clip_range           | 0.2        |
|    clip_range_vf        | 0.2        |
|    entropy_loss         | -2.73      |
|    explained_variance   | 0.702      |
|    learning_rate        | 0.000279   |
|    loss                 | -0.0631    |
|    n_updates            | 573        |
|    policy_gradient_loss | -0.0465    |
|    std                  | 0.943      |
|    value_loss           | 0.0911     |
----------------------------------------
Early stopping at step 7 due to reaching max kl: 0.79
PPO progress: 72000/1000000 (7%) | ep_rew_mean=17.97 | ep_len_mean=26 | episodes=100 | fps=25
2026-07-03T22:34:13Z [2,888,370ms] [Error] [omni.kit.app._impl] [py stderr]: /media/samuel/Fast_SSD/SE4AI/thesis_repo/src/cobraflex_rl/cobraflex_rl/cv_lane_estimator.py:253: RankWarning: Polyfit may be poorly conditioned
  c2, c1, c0 = np.polyfit(xs, ys, 2)
2026-07-03T22:34:13Z [2,888,492ms] [Error] [omni.kit.app._impl] [py stderr]: /media/samuel/Fast_SSD/SE4AI/thesis_repo/src/cobraflex_rl/cobraflex_rl/cv_lane_estimator.py:253: RankWarning: Polyfit may be poorly conditioned
  c2, c1, c0 = np.polyfit(xs, ys, 2)
----------------------------------------
| rollout/                |            |
|    ep_len_mean          | 24.7       |
|    ep_rew_mean          | 17.3       |
| time/                   |            |
|    fps                  | 25         |
|    iterations           | 71         |
|    time_elapsed         | 2895       |
|    total_timesteps      | 72704      |
| train/                  |            |
|    approx_kl            | 0.22509609 |
|    clip_fraction        | 0.329      |
|    clip_range           | 0.2        |
|    clip_range_vf        | 0.2        |
|    entropy_loss         | -2.72      |
|    explained_variance   | 0.662      |
|    learning_rate        | 0.000278   |
|    loss                 | 0.0592     |
|    n_updates            | 581        |
|    policy_gradient_loss | -0.0207    |
|    std                  | 0.942      |
|    value_loss           | 0.106      |
----------------------------------------
Early stopping at step 0 due to reaching max kl: 0.97
PPO progress: 73000/1000000 (7%) | ep_rew_mean=15.09 | ep_len_mean=25 | episodes=100 | fps=25
2026-07-03T22:34:46Z [2,921,547ms] [Error] [omni.kit.app._impl] [py stderr]: /media/samuel/Fast_SSD/SE4AI/thesis_repo/src/cobraflex_rl/cobraflex_rl/cv_lane_estimator.py:253: RankWarning: Polyfit may be poorly conditioned
  c2, c1, c0 = np.polyfit(xs, ys, 2)
2026-07-03T22:34:46Z [2,921,547ms] [Error] [omni.kit.app._impl] [py stderr]: /media/samuel/Fast_SSD/SE4AI/thesis_repo/src/cobraflex_rl/cobraflex_rl/cv_lane_estimator.py:253: RankWarning: Polyfit may be poorly conditioned
  c2, c1, c0 = np.polyfit(xs, ys, 2)
2026-07-03T22:35:15Z [2,949,787ms] [Error] [omni.kit.app._impl] [py stderr]: /media/samuel/Fast_SSD/SE4AI/thesis_repo/src/cobraflex_rl/cobraflex_rl/cv_lane_estimator.py:253: RankWarning: Polyfit may be poorly conditioned
  c2, c1, c0 = np.polyfit(xs, ys, 2)
---------------------------------------
| rollout/                |           |
|    ep_len_mean          | 20.6      |
|    ep_rew_mean          | 14        |
| time/                   |           |
|    fps                  | 25        |
|    iterations           | 72        |
|    time_elapsed         | 2936      |
|    total_timesteps      | 73728     |
| train/                  |           |
|    approx_kl            | 0.2026402 |
|    clip_fraction        | 0.127     |
|    clip_range           | 0.2       |
|    clip_range_vf        | 0.2       |
|    entropy_loss         | -2.72     |
|    explained_variance   | 0.555     |
|    learning_rate        | 0.000278  |
|    loss                 | 0.0946    |
|    n_updates            | 582       |
|    policy_gradient_loss | 0.0196    |
|    std                  | 0.943     |
|    value_loss           | 0.236     |
---------------------------------------
2026-07-03T22:35:22Z [2,957,652ms] [Error] [omni.kit.app._impl] [py stderr]: /media/samuel/Fast_SSD/SE4AI/thesis_repo/src/cobraflex_rl/cobraflex_rl/cv_lane_estimator.py:253: RankWarning: Polyfit may be poorly conditioned
  c2, c1, c0 = np.polyfit(xs, ys, 2)
2026-07-03T22:35:22Z [2,957,652ms] [Error] [omni.kit.app._impl] [py stderr]: /media/samuel/Fast_SSD/SE4AI/thesis_repo/src/cobraflex_rl/cobraflex_rl/cv_lane_estimator.py:253: RankWarning: Polyfit may be poorly conditioned
  c2, c1, c0 = np.polyfit(xs, ys, 2)
PPO progress: 74000/1000000 (7%) | ep_rew_mean=15.74 | ep_len_mean=22 | episodes=100 | fps=25
2026-07-03T22:35:26Z [2,960,963ms] [Error] [omni.kit.app._impl] [py stderr]: /media/samuel/Fast_SSD/SE4AI/thesis_repo/src/cobraflex_rl/cobraflex_rl/cv_lane_estimator.py:253: RankWarning: Polyfit may be poorly conditioned
  c2, c1, c0 = np.polyfit(xs, ys, 2)
2026-07-03T22:35:29Z [2,964,496ms] [Error] [omni.kit.app._impl] [py stderr]: /media/samuel/Fast_SSD/SE4AI/thesis_repo/src/cobraflex_rl/cobraflex_rl/cv_lane_estimator.py:253: RankWarning: Polyfit may be poorly conditioned
  c2, c1, c0 = np.polyfit(xs, ys, 2)
2026-07-03T22:35:29Z [2,964,496ms] [Error] [omni.kit.app._impl] [py stderr]: /media/samuel/Fast_SSD/SE4AI/thesis_repo/src/cobraflex_rl/cobraflex_rl/cv_lane_estimator.py:253: RankWarning: Polyfit may be poorly conditioned
  c2, c1, c0 = np.polyfit(xs, ys, 2)
----------------------------------------
| rollout/                |            |
|    ep_len_mean          | 19.3       |
|    ep_rew_mean          | 11.4       |
| time/                   |            |
|    fps                  | 25         |
|    iterations           | 73         |
|    time_elapsed         | 2970       |
|    total_timesteps      | 74752      |
| train/                  |            |
|    approx_kl            | 0.03955383 |
|    clip_fraction        | 0.271      |
|    clip_range           | 0.2        |
|    clip_range_vf        | 0.2        |
|    entropy_loss         | -2.72      |
|    explained_variance   | 0.43       |
|    learning_rate        | 0.000278   |
|    loss                 | -0.00736   |
|    n_updates            | 592        |
|    policy_gradient_loss | -0.00519   |
|    std                  | 0.943      |
|    value_loss           | 0.201      |
----------------------------------------
2026-07-03T22:35:55Z [2,990,556ms] [Error] [omni.kit.app._impl] [py stderr]: /media/samuel/Fast_SSD/SE4AI/thesis_repo/src/cobraflex_rl/cobraflex_rl/cv_lane_estimator.py:253: RankWarning: Polyfit may be poorly conditioned
  c2, c1, c0 = np.polyfit(xs, ys, 2)
2026-07-03T22:35:55Z [2,990,565ms] [Error] [omni.kit.app._impl] [py stderr]: /media/samuel/Fast_SSD/SE4AI/thesis_repo/src/cobraflex_rl/cobraflex_rl/cv_lane_estimator.py:253: RankWarning: Polyfit may be poorly conditioned
  c2, c1, c0 = np.polyfit(xs, ys, 2)
Early stopping at step 0 due to reaching max kl: 0.90
PPO progress: 75000/1000000 (8%) | ep_rew_mean=13.32 | ep_len_mean=21 | episodes=100 | fps=25
2026-07-03T22:36:08Z [3,002,730ms] [Error] [omni.kit.app._impl] [py stderr]: /media/samuel/Fast_SSD/SE4AI/thesis_repo/src/cobraflex_rl/cobraflex_rl/cv_lane_estimator.py:253: RankWarning: Polyfit may be poorly conditioned
  c2, c1, c0 = np.polyfit(xs, ys, 2)
2026-07-03T22:36:10Z [3,005,394ms] [Error] [omni.kit.app._impl] [py stderr]: /media/samuel/Fast_SSD/SE4AI/thesis_repo/src/cobraflex_rl/cobraflex_rl/cv_lane_estimator.py:253: RankWarning: Polyfit may be poorly conditioned
  c2, c1, c0 = np.polyfit(xs, ys, 2)
---------------------------------------
| rollout/                |           |
|    ep_len_mean          | 18.4      |
|    ep_rew_mean          | 10.1      |
| time/                   |           |
|    fps                  | 25        |
|    iterations           | 74        |
|    time_elapsed         | 3014      |
|    total_timesteps      | 75776     |
| train/                  |           |
|    approx_kl            | 0.1394568 |
|    clip_fraction        | 0.0993    |
|    clip_range           | 0.2       |
|    clip_range_vf        | 0.2       |
|    entropy_loss         | -2.72     |
|    explained_variance   | 0.38      |
|    learning_rate        | 0.000278  |
|    loss                 | 0.125     |
|    n_updates            | 593       |
|    policy_gradient_loss | 0.000936  |
|    std                  | 0.943     |
|    value_loss           | 0.287     |
---------------------------------------
Early stopping at step 0 due to reaching max kl: 0.84
PPO progress: 76000/1000000 (8%) | ep_rew_mean=9.65 | ep_len_mean=19 | episodes=100 | fps=25
----------------------------------------
| rollout/                |            |
|    ep_len_mean          | 20.4       |
|    ep_rew_mean          | 14.2       |
| time/                   |            |
|    fps                  | 25         |
|    iterations           | 75         |
|    time_elapsed         | 3055       |
|    total_timesteps      | 76800      |
| train/                  |            |
|    approx_kl            | 0.12572387 |
|    clip_fraction        | 0.121      |
|    clip_range           | 0.2        |
|    clip_range_vf        | 0.2        |
|    entropy_loss         | -2.72      |
|    explained_variance   | 0.595      |
|    learning_rate        | 0.000277   |
|    loss                 | -0.0102    |
|    n_updates            | 594        |
|    policy_gradient_loss | 0.00183    |
|    std                  | 0.942      |
|    value_loss           | 0.132      |
----------------------------------------
2026-07-03T22:37:20Z [3,075,192ms] [Error] [omni.kit.app._impl] [py stderr]: /media/samuel/Fast_SSD/SE4AI/thesis_repo/src/cobraflex_rl/cobraflex_rl/cv_lane_estimator.py:253: RankWarning: Polyfit may be poorly conditioned
  c2, c1, c0 = np.polyfit(xs, ys, 2)
2026-07-03T22:37:20Z [3,075,192ms] [Error] [omni.kit.app._impl] [py stderr]: /media/samuel/Fast_SSD/SE4AI/thesis_repo/src/cobraflex_rl/cobraflex_rl/cv_lane_estimator.py:253: RankWarning: Polyfit may be poorly conditioned
  c2, c1, c0 = np.polyfit(xs, ys, 2)
2026-07-03T22:37:20Z [3,075,192ms] [Error] [omni.kit.app._impl] [py stderr]: /media/samuel/Fast_SSD/SE4AI/thesis_repo/src/cobraflex_rl/cobraflex_rl/cv_lane_estimator.py:253: RankWarning: Polyfit may be poorly conditioned
  c2, c1, c0 = np.polyfit(xs, ys, 2)
2026-07-03T22:37:20Z [3,075,192ms] [Error] [omni.kit.app._impl] [py stderr]: /media/samuel/Fast_SSD/SE4AI/thesis_repo/src/cobraflex_rl/cobraflex_rl/cv_lane_estimator.py:253: RankWarning: Polyfit may be poorly conditioned
  c2, c1, c0 = np.polyfit(xs, ys, 2)
2026-07-03T22:37:20Z [3,075,192ms] [Error] [omni.kit.app._impl] [py stderr]: /media/samuel/Fast_SSD/SE4AI/thesis_repo/src/cobraflex_rl/cobraflex_rl/cv_lane_estimator.py:253: RankWarning: Polyfit may be poorly conditioned
  c2, c1, c0 = np.polyfit(xs, ys, 2)
2026-07-03T22:37:20Z [3,075,199ms] [Error] [omni.kit.app._impl] [py stderr]: /media/samuel/Fast_SSD/SE4AI/thesis_repo/src/cobraflex_rl/cobraflex_rl/cv_lane_estimator.py:253: RankWarning: Polyfit may be poorly conditioned
  c2, c1, c0 = np.polyfit(xs, ys, 2)
2026-07-03T22:37:20Z [3,075,199ms] [Error] [omni.kit.app._impl] [py stderr]: /media/samuel/Fast_SSD/SE4AI/thesis_repo/src/cobraflex_rl/cobraflex_rl/cv_lane_estimator.py:253: RankWarning: Polyfit may be poorly conditioned
  c2, c1, c0 = np.polyfit(xs, ys, 2)
2026-07-03T22:37:20Z [3,075,199ms] [Error] [omni.kit.app._impl] [py stderr]: /media/samuel/Fast_SSD/SE4AI/thesis_repo/src/cobraflex_rl/cobraflex_rl/cv_lane_estimator.py:253: RankWarning: Polyfit may be poorly conditioned
  c2, c1, c0 = np.polyfit(xs, ys, 2)
2026-07-03T22:37:20Z [3,075,200ms] [Error] [omni.kit.app._impl] [py stderr]: /media/samuel/Fast_SSD/SE4AI/thesis_repo/src/cobraflex_rl/cobraflex_rl/cv_lane_estimator.py:253: RankWarning: Polyfit may be poorly conditioned
  c2, c1, c0 = np.polyfit(xs, ys, 2)
2026-07-03T22:37:20Z [3,075,200ms] [Error] [omni.kit.app._impl] [py stderr]: /media/samuel/Fast_SSD/SE4AI/thesis_repo/src/cobraflex_rl/cobraflex_rl/cv_lane_estimator.py:253: RankWarning: Polyfit may be poorly conditioned
  c2, c1, c0 = np.polyfit(xs, ys, 2)
2026-07-03T22:37:20Z [3,075,517ms] [Error] [omni.kit.app._impl] [py stderr]: /media/samuel/Fast_SSD/SE4AI/thesis_repo/src/cobraflex_rl/cobraflex_rl/cv_lane_estimator.py:253: RankWarning: Polyfit may be poorly conditioned
  c2, c1, c0 = np.polyfit(xs, ys, 2)
2026-07-03T22:37:20Z [3,075,517ms] [Error] [omni.kit.app._impl] [py stderr]: /media/samuel/Fast_SSD/SE4AI/thesis_repo/src/cobraflex_rl/cobraflex_rl/cv_lane_estimator.py:253: RankWarning: Polyfit may be poorly conditioned
  c2, c1, c0 = np.polyfit(xs, ys, 2)
2026-07-03T22:37:20Z [3,075,524ms] [Error] [omni.kit.app._impl] [py stderr]: /media/samuel/Fast_SSD/SE4AI/thesis_repo/src/cobraflex_rl/cobraflex_rl/cv_lane_estimator.py:253: RankWarning: Polyfit may be poorly conditioned
  c2, c1, c0 = np.polyfit(xs, ys, 2)
2026-07-03T22:37:20Z [3,075,524ms] [Error] [omni.kit.app._impl] [py stderr]: /media/samuel/Fast_SSD/SE4AI/thesis_repo/src/cobraflex_rl/cobraflex_rl/cv_lane_estimator.py:253: RankWarning: Polyfit may be poorly conditioned
  c2, c1, c0 = np.polyfit(xs, ys, 2)
Early stopping at step 1 due to reaching max kl: 1.08
PPO progress: 77000/1000000 (8%) | ep_rew_mean=14.54 | ep_len_mean=20 | episodes=100 | fps=25
2026-07-03T22:37:41Z [3,095,815ms] [Error] [omni.kit.app._impl] [py stderr]: /media/samuel/Fast_SSD/SE4AI/thesis_repo/src/cobraflex_rl/cobraflex_rl/cv_lane_estimator.py:253: RankWarning: Polyfit may be poorly conditioned
  c2, c1, c0 = np.polyfit(xs, ys, 2)
----------------------------------------
| rollout/                |            |
|    ep_len_mean          | 24.3       |
|    ep_rew_mean          | 18.6       |
| time/                   |            |
|    fps                  | 25         |
|    iterations           | 76         |
|    time_elapsed         | 3086       |
|    total_timesteps      | 77824      |
| train/                  |            |
|    approx_kl            | 0.35702816 |
|    clip_fraction        | 0.266      |
|    clip_range           | 0.2        |
|    clip_range_vf        | 0.2        |
|    entropy_loss         | -2.72      |
|    explained_variance   | 0.402      |
|    learning_rate        | 0.000277   |
|    loss                 | 0.0976     |
|    n_updates            | 596        |
|    policy_gradient_loss | 0.00905    |
|    std                  | 0.943      |
|    value_loss           | 0.25       |
----------------------------------------
2026-07-03T22:37:49Z [3,103,829ms] [Error] [omni.kit.app._impl] [py stderr]: /media/samuel/Fast_SSD/SE4AI/thesis_repo/src/cobraflex_rl/cobraflex_rl/cv_lane_estimator.py:253: RankWarning: Polyfit may be poorly conditioned
  c2, c1, c0 = np.polyfit(xs, ys, 2)
2026-07-03T22:37:49Z [3,103,854ms] [Error] [omni.kit.app._impl] [py stderr]: /media/samuel/Fast_SSD/SE4AI/thesis_repo/src/cobraflex_rl/cobraflex_rl/cv_lane_estimator.py:253: RankWarning: Polyfit may be poorly conditioned
  c2, c1, c0 = np.polyfit(xs, ys, 2)
PPO progress: 78000/1000000 (8%) | ep_rew_mean=18.94 | ep_len_mean=25 | episodes=100 | fps=25
2026-07-03T22:37:59Z [3,114,617ms] [Error] [omni.kit.app._impl] [py stderr]: /media/samuel/Fast_SSD/SE4AI/thesis_repo/src/cobraflex_rl/cobraflex_rl/cv_lane_estimator.py:253: RankWarning: Polyfit may be poorly conditioned
  c2, c1, c0 = np.polyfit(xs, ys, 2)
2026-07-03T22:37:59Z [3,114,640ms] [Error] [omni.kit.app._impl] [py stderr]: /media/samuel/Fast_SSD/SE4AI/thesis_repo/src/cobraflex_rl/cobraflex_rl/cv_lane_estimator.py:253: RankWarning: Polyfit may be poorly conditioned
  c2, c1, c0 = np.polyfit(xs, ys, 2)
2026-07-03T22:37:59Z [3,114,665ms] [Error] [omni.kit.app._impl] [py stderr]: /media/samuel/Fast_SSD/SE4AI/thesis_repo/src/cobraflex_rl/cobraflex_rl/cv_lane_estimator.py:253: RankWarning: Polyfit may be poorly conditioned
  c2, c1, c0 = np.polyfit(xs, ys, 2)
2026-07-03T22:37:59Z [3,114,689ms] [Error] [omni.kit.app._impl] [py stderr]: /media/samuel/Fast_SSD/SE4AI/thesis_repo/src/cobraflex_rl/cobraflex_rl/cv_lane_estimator.py:253: RankWarning: Polyfit may be poorly conditioned
  c2, c1, c0 = np.polyfit(xs, ys, 2)
2026-07-03T22:38:00Z [3,114,714ms] [Error] [omni.kit.app._impl] [py stderr]: /media/samuel/Fast_SSD/SE4AI/thesis_repo/src/cobraflex_rl/cobraflex_rl/cv_lane_estimator.py:253: RankWarning: Polyfit may be poorly conditioned
  c2, c1, c0 = np.polyfit(xs, ys, 2)
2026-07-03T22:38:00Z [3,114,714ms] [Error] [omni.kit.app._impl] [py stderr]: /media/samuel/Fast_SSD/SE4AI/thesis_repo/src/cobraflex_rl/cobraflex_rl/cv_lane_estimator.py:253: RankWarning: Polyfit may be poorly conditioned
  c2, c1, c0 = np.polyfit(xs, ys, 2)
2026-07-03T22:38:00Z [3,114,715ms] [Error] [omni.kit.app._impl] [py stderr]: /media/samuel/Fast_SSD/SE4AI/thesis_repo/src/cobraflex_rl/cobraflex_rl/cv_lane_estimator.py:253: RankWarning: Polyfit may be poorly conditioned
  c2, c1, c0 = np.polyfit(xs, ys, 2)
2026-07-03T22:38:00Z [3,114,715ms] [Error] [omni.kit.app._impl] [py stderr]: /media/samuel/Fast_SSD/SE4AI/thesis_repo/src/cobraflex_rl/cobraflex_rl/cv_lane_estimator.py:253: RankWarning: Polyfit may be poorly conditioned
  c2, c1, c0 = np.polyfit(xs, ys, 2)
2026-07-03T22:38:00Z [3,114,715ms] [Error] [omni.kit.app._impl] [py stderr]: /media/samuel/Fast_SSD/SE4AI/thesis_repo/src/cobraflex_rl/cobraflex_rl/cv_lane_estimator.py:253: RankWarning: Polyfit may be poorly conditioned
  c2, c1, c0 = np.polyfit(xs, ys, 2)
2026-07-03T22:38:00Z [3,114,812ms] [Error] [omni.kit.app._impl] [py stderr]: /media/samuel/Fast_SSD/SE4AI/thesis_repo/src/cobraflex_rl/cobraflex_rl/cv_lane_estimator.py:253: RankWarning: Polyfit may be poorly conditioned
  c2, c1, c0 = np.polyfit(xs, ys, 2)
2026-07-03T22:38:00Z [3,114,812ms] [Error] [omni.kit.app._impl] [py stderr]: /media/samuel/Fast_SSD/SE4AI/thesis_repo/src/cobraflex_rl/cobraflex_rl/cv_lane_estimator.py:253: RankWarning: Polyfit may be poorly conditioned
  c2, c1, c0 = np.polyfit(xs, ys, 2)
----------------------------------------
| rollout/                |            |
|    ep_len_mean          | 28.3       |
|    ep_rew_mean          | 20.9       |
| time/                   |            |
|    fps                  | 25         |
|    iterations           | 77         |
|    time_elapsed         | 3122       |
|    total_timesteps      | 78848      |
| train/                  |            |
|    approx_kl            | 0.10343914 |
|    clip_fraction        | 0.292      |
|    clip_range           | 0.2        |
|    clip_range_vf        | 0.2        |
|    entropy_loss         | -2.72      |
|    explained_variance   | 0.489      |
|    learning_rate        | 0.000277   |
|    loss                 | 0.0403     |
|    n_updates            | 606        |
|    policy_gradient_loss | -0.0242    |
|    std                  | 0.94       |
|    value_loss           | 0.144      |
----------------------------------------
Early stopping at step 5 due to reaching max kl: 1.02
PPO progress: 79000/1000000 (8%) | ep_rew_mean=20.92 | ep_len_mean=28 | episodes=100 | fps=25
----------------------------------------
| rollout/                |            |
|    ep_len_mean          | 28.3       |
|    ep_rew_mean          | 18.6       |
| time/                   |            |
|    fps                  | 25         |
|    iterations           | 78         |
|    time_elapsed         | 3171       |
|    total_timesteps      | 79872      |
| train/                  |            |
|    approx_kl            | 0.35809702 |
|    clip_fraction        | 0.313      |
|    clip_range           | 0.2        |
|    clip_range_vf        | 0.2        |
|    entropy_loss         | -2.71      |
|    explained_variance   | 0.87       |
|    learning_rate        | 0.000276   |
|    loss                 | -0.0681    |
|    n_updates            | 612        |
|    policy_gradient_loss | -0.0178    |
|    std                  | 0.938      |
|    value_loss           | 0.0523     |
----------------------------------------
PPO progress: 80000/1000000 (8%) | ep_rew_mean=18.36 | ep_len_mean=27 | episodes=100 | fps=25
-----------------------------------------
| rollout/                |             |
|    ep_len_mean          | 29.5        |
|    ep_rew_mean          | 18.7        |
| time/                   |             |
|    fps                  | 25          |
|    iterations           | 79          |
|    time_elapsed         | 3208        |
|    total_timesteps      | 80896       |
| train/                  |             |
|    approx_kl            | 0.072543055 |
|    clip_fraction        | 0.305       |
|    clip_range           | 0.2         |
|    clip_range_vf        | 0.2         |
|    entropy_loss         | -2.71       |
|    explained_variance   | 0.664       |
|    learning_rate        | 0.000276    |
|    loss                 | -0.0421     |
|    n_updates            | 622         |
|    policy_gradient_loss | -0.0374     |
|    std                  | 0.941       |
|    value_loss           | 0.176       |
-----------------------------------------
PPO progress: 81000/1000000 (8%) | ep_rew_mean=18.68 | ep_len_mean=30 | episodes=100 | fps=25
2026-07-03T22:40:07Z [3,242,288ms] [Error] [omni.kit.app._impl] [py stderr]: /media/samuel/Fast_SSD/SE4AI/thesis_repo/src/cobraflex_rl/cobraflex_rl/cv_lane_estimator.py:253: RankWarning: Polyfit may be poorly conditioned
  c2, c1, c0 = np.polyfit(xs, ys, 2)
[isaac_interface] WARN: Spawn pose did not settle after teleport; first-step ey may be unreliable.
----------------------------------------
| rollout/                |            |
|    ep_len_mean          | 29         |
|    ep_rew_mean          | 15.3       |
| time/                   |            |
|    fps                  | 25         |
|    iterations           | 80         |
|    time_elapsed         | 3245       |
|    total_timesteps      | 81920      |
| train/                  |            |
|    approx_kl            | 0.09430427 |
|    clip_fraction        | 0.368      |
|    clip_range           | 0.2        |
|    clip_range_vf        | 0.2        |
|    entropy_loss         | -2.7       |
|    explained_variance   | 0.756      |
|    learning_rate        | 0.000276   |
|    loss                 | -0.0102    |
|    n_updates            | 632        |
|    policy_gradient_loss | -0.0369    |
|    std                  | 0.923      |
|    value_loss           | 0.1        |
----------------------------------------
PPO progress: 82000/1000000 (8%) | ep_rew_mean=15.29 | ep_len_mean=29 | episodes=100 | fps=25
-----------------------------------------
| rollout/                |             |
|    ep_len_mean          | 30.3        |
|    ep_rew_mean          | 15.6        |
| time/                   |             |
|    fps                  | 25          |
|    iterations           | 81          |
|    time_elapsed         | 3279        |
|    total_timesteps      | 82944       |
| train/                  |             |
|    approx_kl            | 0.107135475 |
|    clip_fraction        | 0.42        |
|    clip_range           | 0.2         |
|    clip_range_vf        | 0.2         |
|    entropy_loss         | -2.68       |
|    explained_variance   | 0.804       |
|    learning_rate        | 0.000275    |
|    loss                 | 0.0228      |
|    n_updates            | 642         |
|    policy_gradient_loss | -0.0454     |
|    std                  | 0.919       |
|    value_loss           | 0.123       |
-----------------------------------------
PPO progress: 83000/1000000 (8%) | ep_rew_mean=15.60 | ep_len_mean=30 | episodes=100 | fps=25
2026-07-03T22:41:12Z [3,307,651ms] [Error] [omni.kit.app._impl] [py stderr]: /media/samuel/Fast_SSD/SE4AI/thesis_repo/src/cobraflex_rl/cobraflex_rl/cv_lane_estimator.py:253: RankWarning: Polyfit may be poorly conditioned
  c2, c1, c0 = np.polyfit(xs, ys, 2)
2026-07-03T22:41:12Z [3,307,651ms] [Error] [omni.kit.app._impl] [py stderr]: /media/samuel/Fast_SSD/SE4AI/thesis_repo/src/cobraflex_rl/cobraflex_rl/cv_lane_estimator.py:253: RankWarning: Polyfit may be poorly conditioned
  c2, c1, c0 = np.polyfit(xs, ys, 2)
----------------------------------------
| rollout/                |            |
|    ep_len_mean          | 27.6       |
|    ep_rew_mean          | 11.5       |
| time/                   |            |
|    fps                  | 25         |
|    iterations           | 82         |
|    time_elapsed         | 3317       |
|    total_timesteps      | 83968      |
| train/                  |            |
|    approx_kl            | 0.09057796 |
|    clip_fraction        | 0.387      |
|    clip_range           | 0.2        |
|    clip_range_vf        | 0.2        |
|    entropy_loss         | -2.67      |
|    explained_variance   | 0.586      |
|    learning_rate        | 0.000275   |
|    loss                 | -0.0368    |
|    n_updates            | 652        |
|    policy_gradient_loss | -0.041     |
|    std                  | 0.91       |
|    value_loss           | 0.173      |
----------------------------------------
PPO progress: 84000/1000000 (8%) | ep_rew_mean=11.53 | ep_len_mean=28 | episodes=100 | fps=25
----------------------------------------
| rollout/                |            |
|    ep_len_mean          | 34.1       |
|    ep_rew_mean          | 16.7       |
| time/                   |            |
|    fps                  | 25         |
|    iterations           | 83         |
|    time_elapsed         | 3350       |
|    total_timesteps      | 84992      |
| train/                  |            |
|    approx_kl            | 0.09205835 |
|    clip_fraction        | 0.371      |
|    clip_range           | 0.2        |
|    clip_range_vf        | 0.2        |
|    entropy_loss         | -2.65      |
|    explained_variance   | 0.388      |
|    learning_rate        | 0.000275   |
|    loss                 | 0.0809     |
|    n_updates            | 662        |
|    policy_gradient_loss | -0.0392    |
|    std                  | 0.906      |
|    value_loss           | 0.133      |
----------------------------------------
PPO progress: 85000/1000000 (8%) | ep_rew_mean=16.69 | ep_len_mean=34 | episodes=100 | fps=25
PPO progress: 86000/1000000 (9%) | ep_rew_mean=22.83 | ep_len_mean=42 | episodes=100 | fps=25
-----------------------------------------
| rollout/                |             |
|    ep_len_mean          | 41.7        |
|    ep_rew_mean          | 22.8        |
| time/                   |             |
|    fps                  | 25          |
|    iterations           | 84          |
|    time_elapsed         | 3379        |
|    total_timesteps      | 86016       |
| train/                  |             |
|    approx_kl            | 0.108140655 |
|    clip_fraction        | 0.344       |
|    clip_range           | 0.2         |
|    clip_range_vf        | 0.2         |
|    entropy_loss         | -2.63       |
|    explained_variance   | 0.631       |
|    learning_rate        | 0.000275    |
|    loss                 | -0.094      |
|    n_updates            | 672         |
|    policy_gradient_loss | -0.0521     |
|    std                  | 0.889       |
|    value_loss           | 0.0765      |
-----------------------------------------
2026-07-03T22:43:13Z [3,428,388ms] [Error] [omni.kit.app._impl] [py stderr]: /media/samuel/Fast_SSD/SE4AI/thesis_repo/src/cobraflex_rl/cobraflex_rl/cv_lane_estimator.py:253: RankWarning: Polyfit may be poorly conditioned
  c2, c1, c0 = np.polyfit(xs, ys, 2)
PPO progress: 87000/1000000 (9%) | ep_rew_mean=25.71 | ep_len_mean=39 | episodes=100 | fps=25
--------------------------------------
| rollout/                |          |
|    ep_len_mean          | 39.6     |
|    ep_rew_mean          | 26       |
| time/                   |          |
|    fps                  | 25       |
|    iterations           | 85       |
|    time_elapsed         | 3417     |
|    total_timesteps      | 87040    |
| train/                  |          |
|    approx_kl            | 0.091095 |
|    clip_fraction        | 0.343    |
|    clip_range           | 0.2      |
|    clip_range_vf        | 0.2      |
|    entropy_loss         | -2.6     |
|    explained_variance   | 0.569    |
|    learning_rate        | 0.000274 |
|    loss                 | -0.0681  |
|    n_updates            | 682      |
|    policy_gradient_loss | -0.0406  |
|    std                  | 0.887    |
|    value_loss           | 0.115    |
--------------------------------------
2026-07-03T22:43:18Z [3,433,214ms] [Error] [omni.kit.app._impl] [py stderr]: /media/samuel/Fast_SSD/SE4AI/thesis_repo/src/cobraflex_rl/cobraflex_rl/cv_lane_estimator.py:253: RankWarning: Polyfit may be poorly conditioned
  c2, c1, c0 = np.polyfit(xs, ys, 2)
PPO progress: 88000/1000000 (9%) | ep_rew_mean=30.58 | ep_len_mean=43 | episodes=100 | fps=25
----------------------------------------
| rollout/                |            |
|    ep_len_mean          | 43.5       |
|    ep_rew_mean          | 30.8       |
| time/                   |            |
|    fps                  | 25         |
|    iterations           | 86         |
|    time_elapsed         | 3456       |
|    total_timesteps      | 88064      |
| train/                  |            |
|    approx_kl            | 0.09883805 |
|    clip_fraction        | 0.348      |
|    clip_range           | 0.2        |
|    clip_range_vf        | 0.2        |
|    entropy_loss         | -2.59      |
|    explained_variance   | 0.615      |
|    learning_rate        | 0.000274   |
|    loss                 | -0.0747    |
|    n_updates            | 692        |
|    policy_gradient_loss | -0.0539    |
|    std                  | 0.881      |
|    value_loss           | 0.118      |
----------------------------------------
2026-07-03T22:44:28Z [3,502,780ms] [Error] [omni.kit.app._impl] [py stderr]: /media/samuel/Fast_SSD/SE4AI/thesis_repo/src/cobraflex_rl/cobraflex_rl/cv_lane_estimator.py:253: RankWarning: Polyfit may be poorly conditioned
  c2, c1, c0 = np.polyfit(xs, ys, 2)
2026-07-03T22:44:28Z [3,502,780ms] [Error] [omni.kit.app._impl] [py stderr]: /media/samuel/Fast_SSD/SE4AI/thesis_repo/src/cobraflex_rl/cobraflex_rl/cv_lane_estimator.py:253: RankWarning: Polyfit may be poorly conditioned
  c2, c1, c0 = np.polyfit(xs, ys, 2)
2026-07-03T22:44:29Z [3,504,592ms] [Error] [omni.kit.app._impl] [py stderr]: /media/samuel/Fast_SSD/SE4AI/thesis_repo/src/cobraflex_rl/cobraflex_rl/cv_lane_estimator.py:253: RankWarning: Polyfit may be poorly conditioned
  c2, c1, c0 = np.polyfit(xs, ys, 2)
2026-07-03T22:44:29Z [3,504,600ms] [Error] [omni.kit.app._impl] [py stderr]: /media/samuel/Fast_SSD/SE4AI/thesis_repo/src/cobraflex_rl/cobraflex_rl/cv_lane_estimator.py:253: RankWarning: Polyfit may be poorly conditioned
  c2, c1, c0 = np.polyfit(xs, ys, 2)
2026-07-03T22:44:32Z [3,506,904ms] [Error] [omni.kit.app._impl] [py stderr]: /media/samuel/Fast_SSD/SE4AI/thesis_repo/src/cobraflex_rl/cobraflex_rl/cv_lane_estimator.py:253: RankWarning: Polyfit may be poorly conditioned
  c2, c1, c0 = np.polyfit(xs, ys, 2)
PPO progress: 89000/1000000 (9%) | ep_rew_mean=20.84 | ep_len_mean=29 | episodes=100 | fps=25
-----------------------------------------
| rollout/                |             |
|    ep_len_mean          | 29.8        |
|    ep_rew_mean          | 20.4        |
| time/                   |             |
|    fps                  | 25          |
|    iterations           | 87          |
|    time_elapsed         | 3503        |
|    total_timesteps      | 89088       |
| train/                  |             |
|    approx_kl            | 0.080905974 |
|    clip_fraction        | 0.369       |
|    clip_range           | 0.2         |
|    clip_range_vf        | 0.2         |
|    entropy_loss         | -2.57       |
|    explained_variance   | 0.75        |
|    learning_rate        | 0.000274    |
|    loss                 | -0.082      |
|    n_updates            | 702         |
|    policy_gradient_loss | -0.0535     |
|    std                  | 0.869       |
|    value_loss           | 0.0605      |
-----------------------------------------
2026-07-03T22:45:07Z [3,542,389ms] [Error] [omni.kit.app._impl] [py stderr]: /media/samuel/Fast_SSD/SE4AI/thesis_repo/src/cobraflex_rl/cobraflex_rl/cv_lane_estimator.py:253: RankWarning: Polyfit may be poorly conditioned
  c2, c1, c0 = np.polyfit(xs, ys, 2)
2026-07-03T22:45:07Z [3,542,414ms] [Error] [omni.kit.app._impl] [py stderr]: /media/samuel/Fast_SSD/SE4AI/thesis_repo/src/cobraflex_rl/cobraflex_rl/cv_lane_estimator.py:253: RankWarning: Polyfit may be poorly conditioned
  c2, c1, c0 = np.polyfit(xs, ys, 2)
[isaac_interface] WARN: Spawn pose did not settle after teleport; first-step ey may be unreliable.
PPO progress: 90000/1000000 (9%) | ep_rew_mean=17.86 | ep_len_mean=25 | episodes=100 | fps=25
----------------------------------------
| rollout/                |            |
|    ep_len_mean          | 25.3       |
|    ep_rew_mean          | 17.9       |
| time/                   |            |
|    fps                  | 25         |
|    iterations           | 88         |
|    time_elapsed         | 3544       |
|    total_timesteps      | 90112      |
| train/                  |            |
|    approx_kl            | 0.12865254 |
|    clip_fraction        | 0.408      |
|    clip_range           | 0.2        |
|    clip_range_vf        | 0.2        |
|    entropy_loss         | -2.56      |
|    explained_variance   | 0.648      |
|    learning_rate        | 0.000273   |
|    loss                 | 0.0539     |
|    n_updates            | 712        |
|    policy_gradient_loss | -0.0543    |
|    std                  | 0.866      |
|    value_loss           | 0.234      |
----------------------------------------
PPO progress: 91000/1000000 (9%) | ep_rew_mean=21.73 | ep_len_mean=30 | episodes=100 | fps=25
----------------------------------------
| rollout/                |            |
|    ep_len_mean          | 29.6       |
|    ep_rew_mean          | 20.3       |
| time/                   |            |
|    fps                  | 25         |
|    iterations           | 89         |
|    time_elapsed         | 3574       |
|    total_timesteps      | 91136      |
| train/                  |            |
|    approx_kl            | 0.08500354 |
|    clip_fraction        | 0.379      |
|    clip_range           | 0.2        |
|    clip_range_vf        | 0.2        |
|    entropy_loss         | -2.55      |
|    explained_variance   | 0.79       |
|    learning_rate        | 0.000273   |
|    loss                 | -0.0353    |
|    n_updates            | 722        |
|    policy_gradient_loss | -0.0433    |
|    std                  | 0.865      |
|    value_loss           | 0.113      |
----------------------------------------
PPO progress: 92000/1000000 (9%) | ep_rew_mean=17.67 | ep_len_mean=30 | episodes=100 | fps=25
----------------------------------------
| rollout/                |            |
|    ep_len_mean          | 31.4       |
|    ep_rew_mean          | 18.8       |
| time/                   |            |
|    fps                  | 25         |
|    iterations           | 90         |
|    time_elapsed         | 3606       |
|    total_timesteps      | 92160      |
| train/                  |            |
|    approx_kl            | 0.10707444 |
|    clip_fraction        | 0.395      |
|    clip_range           | 0.2        |
|    clip_range_vf        | 0.2        |
|    entropy_loss         | -2.55      |
|    explained_variance   | 0.759      |
|    learning_rate        | 0.000273   |
|    loss                 | 0.0146     |
|    n_updates            | 732        |
|    policy_gradient_loss | -0.0491    |
|    std                  | 0.861      |
|    value_loss           | 0.144      |
----------------------------------------
PPO progress: 93000/1000000 (9%) | ep_rew_mean=24.08 | ep_len_mean=40 | episodes=100 | fps=25
-----------------------------------------
| rollout/                |             |
|    ep_len_mean          | 39.7        |
|    ep_rew_mean          | 24.1        |
| time/                   |             |
|    fps                  | 25          |
|    iterations           | 91          |
|    time_elapsed         | 3634        |
|    total_timesteps      | 93184       |
| train/                  |             |
|    approx_kl            | 0.093779996 |
|    clip_fraction        | 0.429       |
|    clip_range           | 0.2         |
|    clip_range_vf        | 0.2         |
|    entropy_loss         | -2.53       |
|    explained_variance   | 0.909       |
|    learning_rate        | 0.000272    |
|    loss                 | -0.0734     |
|    n_updates            | 742         |
|    policy_gradient_loss | -0.0414     |
|    std                  | 0.852       |
|    value_loss           | 0.0824      |
-----------------------------------------
PPO progress: 94000/1000000 (9%) | ep_rew_mean=30.64 | ep_len_mean=46 | episodes=100 | fps=25
---------------------------------------
| rollout/                |           |
|    ep_len_mean          | 46.2      |
|    ep_rew_mean          | 30.6      |
| time/                   |           |
|    fps                  | 25        |
|    iterations           | 92        |
|    time_elapsed         | 3663      |
|    total_timesteps      | 94208     |
| train/                  |           |
|    approx_kl            | 0.1193012 |
|    clip_fraction        | 0.374     |
|    clip_range           | 0.2       |
|    clip_range_vf        | 0.2       |
|    entropy_loss         | -2.5      |
|    explained_variance   | 0.808     |
|    learning_rate        | 0.000272  |
|    loss                 | -0.0779   |
|    n_updates            | 752       |
|    policy_gradient_loss | -0.0446   |
|    std                  | 0.839     |
|    value_loss           | 0.122     |
---------------------------------------
2026-07-03T22:47:37Z [3,691,792ms] [Error] [omni.kit.app._impl] [py stderr]: /media/samuel/Fast_SSD/SE4AI/thesis_repo/src/cobraflex_rl/cobraflex_rl/cv_lane_estimator.py:253: RankWarning: Polyfit may be poorly conditioned
  c2, c1, c0 = np.polyfit(xs, ys, 2)
2026-07-03T22:47:37Z [3,691,792ms] [Error] [omni.kit.app._impl] [py stderr]: /media/samuel/Fast_SSD/SE4AI/thesis_repo/src/cobraflex_rl/cobraflex_rl/cv_lane_estimator.py:253: RankWarning: Polyfit may be poorly conditioned
  c2, c1, c0 = np.polyfit(xs, ys, 2)
PPO progress: 95000/1000000 (10%) | ep_rew_mean=37.04 | ep_len_mean=53 | episodes=100 | fps=25
----------------------------------------
| rollout/                |            |
|    ep_len_mean          | 55.1       |
|    ep_rew_mean          | 38.6       |
| time/                   |            |
|    fps                  | 25         |
|    iterations           | 93         |
|    time_elapsed         | 3696       |
|    total_timesteps      | 95232      |
| train/                  |            |
|    approx_kl            | 0.12411515 |
|    clip_fraction        | 0.39       |
|    clip_range           | 0.2        |
|    clip_range_vf        | 0.2        |
|    entropy_loss         | -2.48      |
|    explained_variance   | 0.894      |
|    learning_rate        | 0.000272   |
|    loss                 | -0.0863    |
|    n_updates            | 762        |
|    policy_gradient_loss | -0.0479    |
|    std                  | 0.834      |
|    value_loss           | 0.0641     |
----------------------------------------
PPO progress: 96000/1000000 (10%) | ep_rew_mean=40.43 | ep_len_mean=58 | episodes=100 | fps=25
----------------------------------------
| rollout/                |            |
|    ep_len_mean          | 51.9       |
|    ep_rew_mean          | 36         |
| time/                   |            |
|    fps                  | 25         |
|    iterations           | 94         |
|    time_elapsed         | 3733       |
|    total_timesteps      | 96256      |
| train/                  |            |
|    approx_kl            | 0.11958025 |
|    clip_fraction        | 0.401      |
|    clip_range           | 0.2        |
|    clip_range_vf        | 0.2        |
|    entropy_loss         | -2.47      |
|    explained_variance   | 0.819      |
|    learning_rate        | 0.000271   |
|    loss                 | -0.0723    |
|    n_updates            | 772        |
|    policy_gradient_loss | -0.0506    |
|    std                  | 0.828      |
|    value_loss           | 0.103      |
----------------------------------------
2026-07-03T22:48:43Z [3,758,079ms] [Error] [omni.kit.app._impl] [py stderr]: /media/samuel/Fast_SSD/SE4AI/thesis_repo/src/cobraflex_rl/cobraflex_rl/cv_lane_estimator.py:253: RankWarning: Polyfit may be poorly conditioned
  c2, c1, c0 = np.polyfit(xs, ys, 2)
2026-07-03T22:48:44Z [3,758,823ms] [Error] [omni.kit.app._impl] [py stderr]: /media/samuel/Fast_SSD/SE4AI/thesis_repo/src/cobraflex_rl/cobraflex_rl/cv_lane_estimator.py:253: RankWarning: Polyfit may be poorly conditioned
  c2, c1, c0 = np.polyfit(xs, ys, 2)
PPO progress: 97000/1000000 (10%) | ep_rew_mean=41.11 | ep_len_mean=52 | episodes=100 | fps=25
2026-07-03T22:49:07Z [3,781,975ms] [Error] [omni.kit.app._impl] [py stderr]: /media/samuel/Fast_SSD/SE4AI/thesis_repo/src/cobraflex_rl/cobraflex_rl/cv_lane_estimator.py:253: RankWarning: Polyfit may be poorly conditioned
  c2, c1, c0 = np.polyfit(xs, ys, 2)
2026-07-03T22:49:07Z [3,782,073ms] [Error] [omni.kit.app._impl] [py stderr]: /media/samuel/Fast_SSD/SE4AI/thesis_repo/src/cobraflex_rl/cobraflex_rl/cv_lane_estimator.py:253: RankWarning: Polyfit may be poorly conditioned
  c2, c1, c0 = np.polyfit(xs, ys, 2)
----------------------------------------
| rollout/                |            |
|    ep_len_mean          | 46.7       |
|    ep_rew_mean          | 38.4       |
| time/                   |            |
|    fps                  | 25         |
|    iterations           | 95         |
|    time_elapsed         | 3774       |
|    total_timesteps      | 97280      |
| train/                  |            |
|    approx_kl            | 0.10217315 |
|    clip_fraction        | 0.386      |
|    clip_range           | 0.2        |
|    clip_range_vf        | 0.2        |
|    entropy_loss         | -2.46      |
|    explained_variance   | 0.695      |
|    learning_rate        | 0.000271   |
|    loss                 | 0.0513     |
|    n_updates            | 782        |
|    policy_gradient_loss | -0.048     |
|    std                  | 0.825      |
|    value_loss           | 0.191      |
----------------------------------------
2026-07-03T22:49:18Z [3,793,589ms] [Error] [omni.kit.app._impl] [py stderr]: /media/samuel/Fast_SSD/SE4AI/thesis_repo/src/cobraflex_rl/cobraflex_rl/cv_lane_estimator.py:253: RankWarning: Polyfit may be poorly conditioned
  c2, c1, c0 = np.polyfit(xs, ys, 2)
2026-07-03T22:49:18Z [3,793,589ms] [Error] [omni.kit.app._impl] [py stderr]: /media/samuel/Fast_SSD/SE4AI/thesis_repo/src/cobraflex_rl/cobraflex_rl/cv_lane_estimator.py:253: RankWarning: Polyfit may be poorly conditioned
  c2, c1, c0 = np.polyfit(xs, ys, 2)
2026-07-03T22:49:18Z [3,793,589ms] [Error] [omni.kit.app._impl] [py stderr]: /media/samuel/Fast_SSD/SE4AI/thesis_repo/src/cobraflex_rl/cobraflex_rl/cv_lane_estimator.py:253: RankWarning: Polyfit may be poorly conditioned
  c2, c1, c0 = np.polyfit(xs, ys, 2)
2026-07-03T22:49:19Z [3,794,109ms] [Error] [omni.kit.app._impl] [py stderr]: /media/samuel/Fast_SSD/SE4AI/thesis_repo/src/cobraflex_rl/cobraflex_rl/cv_lane_estimator.py:253: RankWarning: Polyfit may be poorly conditioned
  c2, c1, c0 = np.polyfit(xs, ys, 2)
2026-07-03T22:49:19Z [3,794,450ms] [Error] [omni.kit.app._impl] [py stderr]: /media/samuel/Fast_SSD/SE4AI/thesis_repo/src/cobraflex_rl/cobraflex_rl/cv_lane_estimator.py:253: RankWarning: Polyfit may be poorly conditioned
  c2, c1, c0 = np.polyfit(xs, ys, 2)
2026-07-03T22:49:27Z [3,802,435ms] [Error] [omni.kit.app._impl] [py stderr]: /media/samuel/Fast_SSD/SE4AI/thesis_repo/src/cobraflex_rl/cobraflex_rl/cv_lane_estimator.py:253: RankWarning: Polyfit may be poorly conditioned
  c2, c1, c0 = np.polyfit(xs, ys, 2)
PPO progress: 98000/1000000 (10%) | ep_rew_mean=33.75 | ep_len_mean=42 | episodes=100 | fps=25
----------------------------------------
| rollout/                |            |
|    ep_len_mean          | 40.2       |
|    ep_rew_mean          | 31.4       |
| time/                   |            |
|    fps                  | 25         |
|    iterations           | 96         |
|    time_elapsed         | 3807       |
|    total_timesteps      | 98304      |
| train/                  |            |
|    approx_kl            | 0.12443026 |
|    clip_fraction        | 0.397      |
|    clip_range           | 0.2        |
|    clip_range_vf        | 0.2        |
|    entropy_loss         | -2.45      |
|    explained_variance   | 0.574      |
|    learning_rate        | 0.000271   |
|    loss                 | -0.00234   |
|    n_updates            | 792        |
|    policy_gradient_loss | -0.0522    |
|    std                  | 0.819      |
|    value_loss           | 0.251      |
----------------------------------------
2026-07-03T22:49:58Z [3,833,346ms] [Error] [omni.kit.app._impl] [py stderr]: /media/samuel/Fast_SSD/SE4AI/thesis_repo/src/cobraflex_rl/cobraflex_rl/cv_lane_estimator.py:253: RankWarning: Polyfit may be poorly conditioned
  c2, c1, c0 = np.polyfit(xs, ys, 2)
2026-07-03T22:50:05Z [3,840,062ms] [Error] [omni.kit.app._impl] [py stderr]: /media/samuel/Fast_SSD/SE4AI/thesis_repo/src/cobraflex_rl/cobraflex_rl/cv_lane_estimator.py:253: RankWarning: Polyfit may be poorly conditioned
  c2, c1, c0 = np.polyfit(xs, ys, 2)
PPO progress: 99000/1000000 (10%) | ep_rew_mean=19.19 | ep_len_mean=27 | episodes=100 | fps=25
2026-07-03T22:50:21Z [3,856,268ms] [Error] [omni.kit.app._impl] [py stderr]: /media/samuel/Fast_SSD/SE4AI/thesis_repo/src/cobraflex_rl/cobraflex_rl/cv_lane_estimator.py:253: RankWarning: Polyfit may be poorly conditioned
  c2, c1, c0 = np.polyfit(xs, ys, 2)
2026-07-03T22:50:21Z [3,856,275ms] [Error] [omni.kit.app._impl] [py stderr]: /media/samuel/Fast_SSD/SE4AI/thesis_repo/src/cobraflex_rl/cobraflex_rl/cv_lane_estimator.py:253: RankWarning: Polyfit may be poorly conditioned
  c2, c1, c0 = np.polyfit(xs, ys, 2)
2026-07-03T22:50:24Z [3,858,980ms] [Error] [omni.kit.app._impl] [py stderr]: /media/samuel/Fast_SSD/SE4AI/thesis_repo/src/cobraflex_rl/cobraflex_rl/cv_lane_estimator.py:253: RankWarning: Polyfit may be poorly conditioned
  c2, c1, c0 = np.polyfit(xs, ys, 2)
-----------------------------------------
| rollout/                |             |
|    ep_len_mean          | 26.9        |
|    ep_rew_mean          | 19.4        |
| time/                   |             |
|    fps                  | 25          |
|    iterations           | 97          |
|    time_elapsed         | 3846        |
|    total_timesteps      | 99328       |
| train/                  |             |
|    approx_kl            | 0.103729606 |
|    clip_fraction        | 0.376       |
|    clip_range           | 0.2         |
|    clip_range_vf        | 0.2         |
|    entropy_loss         | -2.44       |
|    explained_variance   | 0.761       |
|    learning_rate        | 0.000271    |
|    loss                 | 0.0699      |
|    n_updates            | 802         |
|    policy_gradient_loss | -0.0428     |
|    std                  | 0.815       |
|    value_loss           | 0.204       |
-----------------------------------------
2026-07-03T22:50:37Z [3,872,411ms] [Error] [omni.kit.app._impl] [py stderr]: /media/samuel/Fast_SSD/SE4AI/thesis_repo/src/cobraflex_rl/cobraflex_rl/cv_lane_estimator.py:253: RankWarning: Polyfit may be poorly conditioned
  c2, c1, c0 = np.polyfit(xs, ys, 2)
PPO progress: 100000/1000000 (10%) | ep_rew_mean=17.73 | ep_len_mean=25 | episodes=100 | fps=25
----------------------------------------
| rollout/                |            |
|    ep_len_mean          | 25.7       |
|    ep_rew_mean          | 17.7       |
| time/                   |            |
|    fps                  | 25         |
|    iterations           | 98         |
|    time_elapsed         | 3890       |
|    total_timesteps      | 100352     |
| train/                  |            |
|    approx_kl            | 0.20306447 |
|    clip_fraction        | 0.452      |
|    clip_range           | 0.2        |
|    clip_range_vf        | 0.2        |
|    entropy_loss         | -2.42      |
|    explained_variance   | 0.515      |
|    learning_rate        | 0.00027    |
|    loss                 | 0.101      |
|    n_updates            | 812        |
|    policy_gradient_loss | -0.0557    |
|    std                  | 0.801      |
|    value_loss           | 0.295      |
----------------------------------------
PPO progress: 101000/1000000 (10%) | ep_rew_mean=19.43 | ep_len_mean=27 | episodes=100 | fps=25
----------------------------------------
| rollout/                |            |
|    ep_len_mean          | 29.3       |
|    ep_rew_mean          | 21.6       |
| time/                   |            |
|    fps                  | 25         |
|    iterations           | 99         |
|    time_elapsed         | 3921       |
|    total_timesteps      | 101376     |
| train/                  |            |
|    approx_kl            | 0.19353046 |
|    clip_fraction        | 0.499      |
|    clip_range           | 0.2        |
|    clip_range_vf        | 0.2        |
|    entropy_loss         | -2.39      |
|    explained_variance   | 0.809      |
|    learning_rate        | 0.00027    |
|    loss                 | -0.0734    |
|    n_updates            | 822        |
|    policy_gradient_loss | -0.0593    |
|    std                  | 0.799      |
|    value_loss           | 0.073      |
----------------------------------------
PPO progress: 102000/1000000 (10%) | ep_rew_mean=25.88 | ep_len_mean=34 | episodes=100 | fps=25
----------------------------------------
| rollout/                |            |
|    ep_len_mean          | 35.6       |
|    ep_rew_mean          | 28.2       |
| time/                   |            |
|    fps                  | 25         |
|    iterations           | 100        |
|    time_elapsed         | 3951       |
|    total_timesteps      | 102400     |
| train/                  |            |
|    approx_kl            | 0.08833386 |
|    clip_fraction        | 0.421      |
|    clip_range           | 0.2        |
|    clip_range_vf        | 0.2        |
|    entropy_loss         | -2.38      |
|    explained_variance   | 0.587      |
|    learning_rate        | 0.00027    |
|    loss                 | -0.0219    |
|    n_updates            | 832        |
|    policy_gradient_loss | -0.0533    |
|    std                  | 0.793      |
|    value_loss           | 0.213      |
----------------------------------------
PPO progress: 103000/1000000 (10%) | ep_rew_mean=31.79 | ep_len_mean=38 | episodes=100 | fps=25
----------------------------------------
| rollout/                |            |
|    ep_len_mean          | 38.3       |
|    ep_rew_mean          | 31.9       |
| time/                   |            |
|    fps                  | 25         |
|    iterations           | 101        |
|    time_elapsed         | 3988       |
|    total_timesteps      | 103424     |
| train/                  |            |
|    approx_kl            | 0.10662474 |
|    clip_fraction        | 0.403      |
|    clip_range           | 0.2        |
|    clip_range_vf        | 0.2        |
|    entropy_loss         | -2.38      |
|    explained_variance   | 0.644      |
|    learning_rate        | 0.000269   |
|    loss                 | 0.041      |
|    n_updates            | 842        |
|    policy_gradient_loss | -0.0529    |
|    std                  | 0.794      |
|    value_loss           | 0.182      |
----------------------------------------
PPO progress: 104000/1000000 (10%) | ep_rew_mean=37.57 | ep_len_mean=44 | episodes=100 | fps=25
----------------------------------------
| rollout/                |            |
|    ep_len_mean          | 47.9       |
|    ep_rew_mean          | 41.3       |
| time/                   |            |
|    fps                  | 25         |
|    iterations           | 102        |
|    time_elapsed         | 4019       |
|    total_timesteps      | 104448     |
| train/                  |            |
|    approx_kl            | 0.07896778 |
|    clip_fraction        | 0.396      |
|    clip_range           | 0.2        |
|    clip_range_vf        | 0.2        |
|    entropy_loss         | -2.37      |
|    explained_variance   | 0.55       |
|    learning_rate        | 0.000269   |
|    loss                 | 0.0169     |
|    n_updates            | 852        |
|    policy_gradient_loss | -0.0479    |
|    std                  | 0.787      |
|    value_loss           | 0.257      |
----------------------------------------
2026-07-03T22:53:39Z [4,054,345ms] [Error] [omni.kit.app._impl] [py stderr]: /media/samuel/Fast_SSD/SE4AI/thesis_repo/src/cobraflex_rl/cobraflex_rl/cv_lane_estimator.py:253: RankWarning: Polyfit may be poorly conditioned
  c2, c1, c0 = np.polyfit(xs, ys, 2)
2026-07-03T22:53:39Z [4,054,345ms] [Error] [omni.kit.app._impl] [py stderr]: /media/samuel/Fast_SSD/SE4AI/thesis_repo/src/cobraflex_rl/cobraflex_rl/cv_lane_estimator.py:253: RankWarning: Polyfit may be poorly conditioned
  c2, c1, c0 = np.polyfit(xs, ys, 2)
PPO progress: 105000/1000000 (10%) | ep_rew_mean=36.37 | ep_len_mean=44 | episodes=100 | fps=25
2026-07-03T22:53:40Z [4,055,646ms] [Error] [omni.kit.app._impl] [py stderr]: /media/samuel/Fast_SSD/SE4AI/thesis_repo/src/cobraflex_rl/cobraflex_rl/cv_lane_estimator.py:253: RankWarning: Polyfit may be poorly conditioned
  c2, c1, c0 = np.polyfit(xs, ys, 2)
2026-07-03T22:53:40Z [4,055,653ms] [Error] [omni.kit.app._impl] [py stderr]: /media/samuel/Fast_SSD/SE4AI/thesis_repo/src/cobraflex_rl/cobraflex_rl/cv_lane_estimator.py:253: RankWarning: Polyfit may be poorly conditioned
  c2, c1, c0 = np.polyfit(xs, ys, 2)
----------------------------------------
| rollout/                |            |
|    ep_len_mean          | 36.2       |
|    ep_rew_mean          | 29.5       |
| time/                   |            |
|    fps                  | 25         |
|    iterations           | 103        |
|    time_elapsed         | 4056       |
|    total_timesteps      | 105472     |
| train/                  |            |
|    approx_kl            | 0.13596617 |
|    clip_fraction        | 0.425      |
|    clip_range           | 0.2        |
|    clip_range_vf        | 0.2        |
|    entropy_loss         | -2.36      |
|    explained_variance   | 0.674      |
|    learning_rate        | 0.000269   |
|    loss                 | -0.00848   |
|    n_updates            | 862        |
|    policy_gradient_loss | -0.0495    |
|    std                  | 0.784      |
|    value_loss           | 0.147      |
----------------------------------------
PPO progress: 106000/1000000 (11%) | ep_rew_mean=28.14 | ep_len_mean=37 | episodes=100 | fps=26
2026-07-03T22:54:19Z [4,094,526ms] [Error] [omni.kit.app._impl] [py stderr]: /media/samuel/Fast_SSD/SE4AI/thesis_repo/src/cobraflex_rl/cobraflex_rl/cv_lane_estimator.py:253: RankWarning: Polyfit may be poorly conditioned
  c2, c1, c0 = np.polyfit(xs, ys, 2)
----------------------------------------
| rollout/                |            |
|    ep_len_mean          | 37.3       |
|    ep_rew_mean          | 27.3       |
| time/                   |            |
|    fps                  | 26         |
|    iterations           | 104        |
|    time_elapsed         | 4088       |
|    total_timesteps      | 106496     |
| train/                  |            |
|    approx_kl            | 0.14968422 |
|    clip_fraction        | 0.45       |
|    clip_range           | 0.2        |
|    clip_range_vf        | 0.2        |
|    entropy_loss         | -2.33      |
|    explained_variance   | 0.402      |
|    learning_rate        | 0.000268   |
|    loss                 | 0.294      |
|    n_updates            | 872        |
|    policy_gradient_loss | -0.056     |
|    std                  | 0.767      |
|    value_loss           | 0.381      |
----------------------------------------
PPO progress: 107000/1000000 (11%) | ep_rew_mean=26.89 | ep_len_mean=36 | episodes=100 | fps=26
----------------------------------------
| rollout/                |            |
|    ep_len_mean          | 30.2       |
|    ep_rew_mean          | 22.4       |
| time/                   |            |
|    fps                  | 26         |
|    iterations           | 105        |
|    time_elapsed         | 4126       |
|    total_timesteps      | 107520     |
| train/                  |            |
|    approx_kl            | 0.16693288 |
|    clip_fraction        | 0.449      |
|    clip_range           | 0.2        |
|    clip_range_vf        | 0.2        |
|    entropy_loss         | -2.31      |
|    explained_variance   | 0.586      |
|    learning_rate        | 0.000268   |
|    loss                 | -0.0135    |
|    n_updates            | 882        |
|    policy_gradient_loss | -0.0587    |
|    std                  | 0.763      |
|    value_loss           | 0.162      |
----------------------------------------
PPO progress: 108000/1000000 (11%) | ep_rew_mean=21.81 | ep_len_mean=30 | episodes=100 | fps=26
----------------------------------------
| rollout/                |            |
|    ep_len_mean          | 32.4       |
|    ep_rew_mean          | 21         |
| time/                   |            |
|    fps                  | 26         |
|    iterations           | 106        |
|    time_elapsed         | 4159       |
|    total_timesteps      | 108544     |
| train/                  |            |
|    approx_kl            | 0.13431302 |
|    clip_fraction        | 0.42       |
|    clip_range           | 0.2        |
|    clip_range_vf        | 0.2        |
|    entropy_loss         | -2.29      |
|    explained_variance   | 0.436      |
|    learning_rate        | 0.000268   |
|    loss                 | 0.0452     |
|    n_updates            | 892        |
|    policy_gradient_loss | -0.0527    |
|    std                  | 0.756      |
|    value_loss           | 0.274      |
----------------------------------------
PPO progress: 109000/1000000 (11%) | ep_rew_mean=20.95 | ep_len_mean=32 | episodes=100 | fps=26
2026-07-03T22:55:59Z [4,193,881ms] [Error] [omni.kit.app._impl] [py stderr]: /media/samuel/Fast_SSD/SE4AI/thesis_repo/src/cobraflex_rl/cobraflex_rl/cv_lane_estimator.py:253: RankWarning: Polyfit may be poorly conditioned
  c2, c1, c0 = np.polyfit(xs, ys, 2)
2026-07-03T22:55:59Z [4,193,888ms] [Error] [omni.kit.app._impl] [py stderr]: /media/samuel/Fast_SSD/SE4AI/thesis_repo/src/cobraflex_rl/cobraflex_rl/cv_lane_estimator.py:253: RankWarning: Polyfit may be poorly conditioned
  c2, c1, c0 = np.polyfit(xs, ys, 2)
----------------------------------------
| rollout/                |            |
|    ep_len_mean          | 44.1       |
|    ep_rew_mean          | 18.7       |
| time/                   |            |
|    fps                  | 26         |
|    iterations           | 107        |
|    time_elapsed         | 4186       |
|    total_timesteps      | 109568     |
| train/                  |            |
|    approx_kl            | 0.14095366 |
|    clip_fraction        | 0.445      |
|    clip_range           | 0.2        |
|    clip_range_vf        | 0.2        |
|    entropy_loss         | -2.27      |
|    explained_variance   | 0.667      |
|    learning_rate        | 0.000267   |
|    loss                 | -0.0529    |
|    n_updates            | 902        |
|    policy_gradient_loss | -0.0298    |
|    std                  | 0.75       |
|    value_loss           | 0.0618     |
----------------------------------------
PPO progress: 110000/1000000 (11%) | ep_rew_mean=16.52 | ep_len_mean=41 | episodes=100 | fps=26
----------------------------------------
| rollout/                |            |
|    ep_len_mean          | 40.7       |
|    ep_rew_mean          | 16.5       |
| time/                   |            |
|    fps                  | 26         |
|    iterations           | 108        |
|    time_elapsed         | 4223       |
|    total_timesteps      | 110592     |
| train/                  |            |
|    approx_kl            | 0.06892826 |
|    clip_fraction        | 0.379      |
|    clip_range           | 0.2        |
|    clip_range_vf        | 0.2        |
|    entropy_loss         | -2.26      |
|    explained_variance   | 0.924      |
|    learning_rate        | 0.000267   |
|    loss                 | -0.0715    |
|    n_updates            | 912        |
|    policy_gradient_loss | -0.0271    |
|    std                  | 0.744      |
|    value_loss           | 0.0636     |
----------------------------------------
Early stopping at step 2 due to reaching max kl: 1.10
PPO progress: 111000/1000000 (11%) | ep_rew_mean=18.73 | ep_len_mean=43 | episodes=100 | fps=26
---------------------------------------
| rollout/                |           |
|    ep_len_mean          | 47.9      |
|    ep_rew_mean          | 23.6      |
| time/                   |           |
|    fps                  | 26        |
|    iterations           | 109       |
|    time_elapsed         | 4256      |
|    total_timesteps      | 111616    |
| train/                  |           |
|    approx_kl            | 0.3448217 |
|    clip_fraction        | 0.287     |
|    clip_range           | 0.2       |
|    clip_range_vf        | 0.2       |
|    entropy_loss         | -2.25     |
|    explained_variance   | 0.529     |
|    learning_rate        | 0.000267  |
|    loss                 | 0.084     |
|    n_updates            | 915       |
|    policy_gradient_loss | 0.0044    |
|    std                  | 0.745     |
|    value_loss           | 0.22      |
---------------------------------------
2026-07-03T22:57:29Z [4,284,379ms] [Error] [omni.kit.app._impl] [py stderr]: /media/samuel/Fast_SSD/SE4AI/thesis_repo/src/cobraflex_rl/cobraflex_rl/cv_lane_estimator.py:253: RankWarning: Polyfit may be poorly conditioned
  c2, c1, c0 = np.polyfit(xs, ys, 2)
Early stopping at step 6 due to reaching max kl: 0.91
PPO progress: 112000/1000000 (11%) | ep_rew_mean=19.03 | ep_len_mean=46 | episodes=100 | fps=26
----------------------------------------
| rollout/                |            |
|    ep_len_mean          | 33.5       |
|    ep_rew_mean          | 26.1       |
| time/                   |            |
|    fps                  | 26         |
|    iterations           | 110        |
|    time_elapsed         | 4298       |
|    total_timesteps      | 112640     |
| train/                  |            |
|    approx_kl            | 0.30604136 |
|    clip_fraction        | 0.468      |
|    clip_range           | 0.2        |
|    clip_range_vf        | 0.2        |
|    entropy_loss         | -2.25      |
|    explained_variance   | 0.754      |
|    learning_rate        | 0.000267   |
|    loss                 | -0.0675    |
|    n_updates            | 922        |
|    policy_gradient_loss | -0.0143    |
|    std                  | 0.742      |
|    value_loss           | 0.0854     |
----------------------------------------
2026-07-03T22:57:59Z [4,314,552ms] [Error] [omni.kit.app._impl] [py stderr]: /media/samuel/Fast_SSD/SE4AI/thesis_repo/src/cobraflex_rl/cobraflex_rl/cv_lane_estimator.py:253: RankWarning: Polyfit may be poorly conditioned
  c2, c1, c0 = np.polyfit(xs, ys, 2)
2026-07-03T22:57:59Z [4,314,552ms] [Error] [omni.kit.app._impl] [py stderr]: /media/samuel/Fast_SSD/SE4AI/thesis_repo/src/cobraflex_rl/cobraflex_rl/cv_lane_estimator.py:253: RankWarning: Polyfit may be poorly conditioned
  c2, c1, c0 = np.polyfit(xs, ys, 2)
2026-07-03T22:58:00Z [4,315,130ms] [Error] [omni.kit.app._impl] [py stderr]: /media/samuel/Fast_SSD/SE4AI/thesis_repo/src/cobraflex_rl/cobraflex_rl/cv_lane_estimator.py:253: RankWarning: Polyfit may be poorly conditioned
  c2, c1, c0 = np.polyfit(xs, ys, 2)
2026-07-03T22:58:00Z [4,315,130ms] [Error] [omni.kit.app._impl] [py stderr]: /media/samuel/Fast_SSD/SE4AI/thesis_repo/src/cobraflex_rl/cobraflex_rl/cv_lane_estimator.py:253: RankWarning: Polyfit may be poorly conditioned
  c2, c1, c0 = np.polyfit(xs, ys, 2)
2026-07-03T22:58:00Z [4,315,688ms] [Error] [omni.kit.app._impl] [py stderr]: /media/samuel/Fast_SSD/SE4AI/thesis_repo/src/cobraflex_rl/cobraflex_rl/cv_lane_estimator.py:253: RankWarning: Polyfit may be poorly conditioned
  c2, c1, c0 = np.polyfit(xs, ys, 2)
PPO progress: 113000/1000000 (11%) | ep_rew_mean=24.87 | ep_len_mean=33 | episodes=100 | fps=26
2026-07-03T22:58:30Z [4,345,189ms] [Error] [omni.kit.app._impl] [py stderr]: /media/samuel/Fast_SSD/SE4AI/thesis_repo/src/cobraflex_rl/cobraflex_rl/cv_lane_estimator.py:253: RankWarning: Polyfit may be poorly conditioned
  c2, c1, c0 = np.polyfit(xs, ys, 2)
2026-07-03T22:58:30Z [4,345,189ms] [Error] [omni.kit.app._impl] [py stderr]: /media/samuel/Fast_SSD/SE4AI/thesis_repo/src/cobraflex_rl/cobraflex_rl/cv_lane_estimator.py:253: RankWarning: Polyfit may be poorly conditioned
  c2, c1, c0 = np.polyfit(xs, ys, 2)
----------------------------------------
| rollout/                |            |
|    ep_len_mean          | 23         |
|    ep_rew_mean          | 16.4       |
| time/                   |            |
|    fps                  | 26         |
|    iterations           | 111        |
|    time_elapsed         | 4341       |
|    total_timesteps      | 113664     |
| train/                  |            |
|    approx_kl            | 0.15858527 |
|    clip_fraction        | 0.449      |
|    clip_range           | 0.2        |
|    clip_range_vf        | 0.2        |
|    entropy_loss         | -2.23      |
|    explained_variance   | 0.552      |
|    learning_rate        | 0.000266   |
|    loss                 | 0.0355     |
|    n_updates            | 932        |
|    policy_gradient_loss | -0.0548    |
|    std                  | 0.73       |
|    value_loss           | 0.245      |
----------------------------------------
PPO progress: 114000/1000000 (11%) | ep_rew_mean=18.33 | ep_len_mean=26 | episodes=100 | fps=26
----------------------------------------
| rollout/                |            |
|    ep_len_mean          | 27.2       |
|    ep_rew_mean          | 19.4       |
| time/                   |            |
|    fps                  | 26         |
|    iterations           | 112        |
|    time_elapsed         | 4372       |
|    total_timesteps      | 114688     |
| train/                  |            |
|    approx_kl            | 0.10578853 |
|    clip_fraction        | 0.393      |
|    clip_range           | 0.2        |
|    clip_range_vf        | 0.2        |
|    entropy_loss         | -2.2       |
|    explained_variance   | 0.583      |
|    learning_rate        | 0.000266   |
|    loss                 | -0.0297    |
|    n_updates            | 942        |
|    policy_gradient_loss | -0.0411    |
|    std                  | 0.723      |
|    value_loss           | 0.185      |
----------------------------------------
2026-07-03T22:59:14Z [4,389,647ms] [Error] [omni.kit.app._impl] [py stderr]: /media/samuel/Fast_SSD/SE4AI/thesis_repo/src/cobraflex_rl/cobraflex_rl/cv_lane_estimator.py:253: RankWarning: Polyfit may be poorly conditioned
  c2, c1, c0 = np.polyfit(xs, ys, 2)
PPO progress: 115000/1000000 (12%) | ep_rew_mean=20.75 | ep_len_mean=29 | episodes=100 | fps=26
----------------------------------------
| rollout/                |            |
|    ep_len_mean          | 30.4       |
|    ep_rew_mean          | 20.2       |
| time/                   |            |
|    fps                  | 26         |
|    iterations           | 113        |
|    time_elapsed         | 4403       |
|    total_timesteps      | 115712     |
| train/                  |            |
|    approx_kl            | 0.18648377 |
|    clip_fraction        | 0.504      |
|    clip_range           | 0.2        |
|    clip_range_vf        | 0.2        |
|    entropy_loss         | -2.18      |
|    explained_variance   | 0.687      |
|    learning_rate        | 0.000266   |
|    loss                 | -0.0384    |
|    n_updates            | 952        |
|    policy_gradient_loss | -0.053     |
|    std                  | 0.717      |
|    value_loss           | 0.127      |
----------------------------------------
PPO progress: 116000/1000000 (12%) | ep_rew_mean=22.29 | ep_len_mean=35 | episodes=100 | fps=26
----------------------------------------
| rollout/                |            |
|    ep_len_mean          | 39.8       |
|    ep_rew_mean          | 27.4       |
| time/                   |            |
|    fps                  | 26         |
|    iterations           | 114        |
|    time_elapsed         | 4432       |
|    total_timesteps      | 116736     |
| train/                  |            |
|    approx_kl            | 0.16102633 |
|    clip_fraction        | 0.433      |
|    clip_range           | 0.2        |
|    clip_range_vf        | 0.2        |
|    entropy_loss         | -2.17      |
|    explained_variance   | 0.652      |
|    learning_rate        | 0.000265   |
|    loss                 | -0.0573    |
|    n_updates            | 962        |
|    policy_gradient_loss | -0.0548    |
|    std                  | 0.71       |
|    value_loss           | 0.132      |
----------------------------------------
PPO progress: 117000/1000000 (12%) | ep_rew_mean=28.11 | ep_len_mean=40 | episodes=100 | fps=26
2026-07-03T23:00:29Z [4,464,330ms] [Error] [omni.kit.app._impl] [py stderr]: /media/samuel/Fast_SSD/SE4AI/thesis_repo/src/cobraflex_rl/cobraflex_rl/cv_lane_estimator.py:253: RankWarning: Polyfit may be poorly conditioned
  c2, c1, c0 = np.polyfit(xs, ys, 2)
----------------------------------------
| rollout/                |            |
|    ep_len_mean          | 43.8       |
|    ep_rew_mean          | 30.1       |
| time/                   |            |
|    fps                  | 26         |
|    iterations           | 115        |
|    time_elapsed         | 4467       |
|    total_timesteps      | 117760     |
| train/                  |            |
|    approx_kl            | 0.14573188 |
|    clip_fraction        | 0.395      |
|    clip_range           | 0.2        |
|    clip_range_vf        | 0.2        |
|    entropy_loss         | -2.14      |
|    explained_variance   | 0.575      |
|    learning_rate        | 0.000265   |
|    loss                 | -0.0589    |
|    n_updates            | 972        |
|    policy_gradient_loss | -0.049     |
|    std                  | 0.702      |
|    value_loss           | 0.122      |
----------------------------------------
PPO progress: 118000/1000000 (12%) | ep_rew_mean=30.08 | ep_len_mean=44 | episodes=100 | fps=26
2026-07-03T23:00:57Z [4,492,599ms] [Error] [omni.kit.app._impl] [py stderr]: /media/samuel/Fast_SSD/SE4AI/thesis_repo/src/cobraflex_rl/cobraflex_rl/cv_lane_estimator.py:253: RankWarning: Polyfit may be poorly conditioned
  c2, c1, c0 = np.polyfit(xs, ys, 2)
2026-07-03T23:00:57Z [4,492,625ms] [Error] [omni.kit.app._impl] [py stderr]: /media/samuel/Fast_SSD/SE4AI/thesis_repo/src/cobraflex_rl/cobraflex_rl/cv_lane_estimator.py:253: RankWarning: Polyfit may be poorly conditioned
  c2, c1, c0 = np.polyfit(xs, ys, 2)
2026-07-03T23:00:59Z [4,494,087ms] [Error] [omni.kit.app._impl] [py stderr]: /media/samuel/Fast_SSD/SE4AI/thesis_repo/src/cobraflex_rl/cobraflex_rl/cv_lane_estimator.py:253: RankWarning: Polyfit may be poorly conditioned
  c2, c1, c0 = np.polyfit(xs, ys, 2)
2026-07-03T23:00:59Z [4,494,094ms] [Error] [omni.kit.app._impl] [py stderr]: /media/samuel/Fast_SSD/SE4AI/thesis_repo/src/cobraflex_rl/cobraflex_rl/cv_lane_estimator.py:253: RankWarning: Polyfit may be poorly conditioned
  c2, c1, c0 = np.polyfit(xs, ys, 2)
----------------------------------------
| rollout/                |            |
|    ep_len_mean          | 51.4       |
|    ep_rew_mean          | 35.5       |
| time/                   |            |
|    fps                  | 26         |
|    iterations           | 116        |
|    time_elapsed         | 4496       |
|    total_timesteps      | 118784     |
| train/                  |            |
|    approx_kl            | 0.13610598 |
|    clip_fraction        | 0.438      |
|    clip_range           | 0.2        |
|    clip_range_vf        | 0.2        |
|    entropy_loss         | -2.13      |
|    explained_variance   | 0.697      |
|    learning_rate        | 0.000265   |
|    loss                 | -0.0586    |
|    n_updates            | 982        |
|    policy_gradient_loss | -0.0522    |
|    std                  | 0.697      |
|    value_loss           | 0.0793     |
----------------------------------------
PPO progress: 119000/1000000 (12%) | ep_rew_mean=32.77 | ep_len_mean=47 | episodes=100 | fps=26
----------------------------------------
| rollout/                |            |
|    ep_len_mean          | 48.8       |
|    ep_rew_mean          | 32.6       |
| time/                   |            |
|    fps                  | 26         |
|    iterations           | 117        |
|    time_elapsed         | 4539       |
|    total_timesteps      | 119808     |
| train/                  |            |
|    approx_kl            | 0.28033042 |
|    clip_fraction        | 0.434      |
|    clip_range           | 0.2        |
|    clip_range_vf        | 0.2        |
|    entropy_loss         | -2.11      |
|    explained_variance   | 0.7        |
|    learning_rate        | 0.000264   |
|    loss                 | -0.0507    |
|    n_updates            | 992        |
|    policy_gradient_loss | -0.0456    |
|    std                  | 0.689      |
|    value_loss           | 0.124      |
----------------------------------------
PPO progress: 120000/1000000 (12%) | ep_rew_mean=34.60 | ep_len_mean=52 | episodes=100 | fps=26
-----------------------------------------
| rollout/                |             |
|    ep_len_mean          | 44.1        |
|    ep_rew_mean          | 24.1        |
| time/                   |             |
|    fps                  | 26          |
|    iterations           | 118         |
|    time_elapsed         | 4569        |
|    total_timesteps      | 120832      |
| train/                  |             |
|    approx_kl            | 0.087359175 |
|    clip_fraction        | 0.39        |
|    clip_range           | 0.2         |
|    clip_range_vf        | 0.2         |
|    entropy_loss         | -2.09       |
|    explained_variance   | 0.489       |
|    learning_rate        | 0.000264    |
|    loss                 | 0.00325     |
|    n_updates            | 1002        |
|    policy_gradient_loss | -0.0454     |
|    std                  | 0.685       |
|    value_loss           | 0.194       |
-----------------------------------------
PPO progress: 121000/1000000 (12%) | ep_rew_mean=21.50 | ep_len_mean=41 | episodes=100 | fps=26
-----------------------------------------
| rollout/                |             |
|    ep_len_mean          | 43.3        |
|    ep_rew_mean          | 23.6        |
| time/                   |             |
|    fps                  | 26          |
|    iterations           | 119         |
|    time_elapsed         | 4612        |
|    total_timesteps      | 121856      |
| train/                  |             |
|    approx_kl            | 0.123573676 |
|    clip_fraction        | 0.396       |
|    clip_range           | 0.2         |
|    clip_range_vf        | 0.2         |
|    entropy_loss         | -2.07       |
|    explained_variance   | 0.878       |
|    learning_rate        | 0.000264    |
|    loss                 | -0.0504     |
|    n_updates            | 1012        |
|    policy_gradient_loss | -0.0266     |
|    std                  | 0.679       |
|    value_loss           | 0.068       |
-----------------------------------------
PPO progress: 122000/1000000 (12%) | ep_rew_mean=24.53 | ep_len_mean=43 | episodes=100 | fps=26
----------------------------------------
| rollout/                |            |
|    ep_len_mean          | 45.7       |
|    ep_rew_mean          | 26.8       |
| time/                   |            |
|    fps                  | 26         |
|    iterations           | 120        |
|    time_elapsed         | 4642       |
|    total_timesteps      | 122880     |
| train/                  |            |
|    approx_kl            | 0.13704285 |
|    clip_fraction        | 0.41       |
|    clip_range           | 0.2        |
|    clip_range_vf        | 0.2        |
|    entropy_loss         | -2.06      |
|    explained_variance   | 0.69       |
|    learning_rate        | 0.000263   |
|    loss                 | -0.0925    |
|    n_updates            | 1022       |
|    policy_gradient_loss | -0.0424    |
|    std                  | 0.674      |
|    value_loss           | 0.0895     |
----------------------------------------
PPO progress: 123000/1000000 (12%) | ep_rew_mean=29.00 | ep_len_mean=48 | episodes=100 | fps=26
-----------------------------------------
| rollout/                |             |
|    ep_len_mean          | 46.2        |
|    ep_rew_mean          | 27.5        |
| time/                   |             |
|    fps                  | 26          |
|    iterations           | 121         |
|    time_elapsed         | 4678        |
|    total_timesteps      | 123904      |
| train/                  |             |
|    approx_kl            | 0.109887466 |
|    clip_fraction        | 0.4         |
|    clip_range           | 0.2         |
|    clip_range_vf        | 0.2         |
|    entropy_loss         | -2.04       |
|    explained_variance   | 0.538       |
|    learning_rate        | 0.000263    |
|    loss                 | 0.0478      |
|    n_updates            | 1032        |
|    policy_gradient_loss | -0.0409     |
|    std                  | 0.67        |
|    value_loss           | 0.209       |
-----------------------------------------
Early stopping at step 3 due to reaching max kl: 0.79
PPO progress: 124000/1000000 (12%) | ep_rew_mean=26.71 | ep_len_mean=43 | episodes=100 | fps=26
2026-07-03T23:04:32Z [4,707,341ms] [Error] [omni.kit.app._impl] [py stderr]: /media/samuel/Fast_SSD/SE4AI/thesis_repo/src/cobraflex_rl/cobraflex_rl/cv_lane_estimator.py:253: RankWarning: Polyfit may be poorly conditioned
  c2, c1, c0 = np.polyfit(xs, ys, 2)
---------------------------------------
| rollout/                |           |
|    ep_len_mean          | 46.8      |
|    ep_rew_mean          | 29        |
| time/                   |           |
|    fps                  | 26        |
|    iterations           | 122       |
|    time_elapsed         | 4714      |
|    total_timesteps      | 124928    |
| train/                  |           |
|    approx_kl            | 0.2983068 |
|    clip_fraction        | 0.384     |
|    clip_range           | 0.2       |
|    clip_range_vf        | 0.2       |
|    entropy_loss         | -2.04     |
|    explained_variance   | 0.688     |
|    learning_rate        | 0.000263  |
|    loss                 | 0.0201    |
|    n_updates            | 1036      |
|    policy_gradient_loss | -0.0119   |
|    std                  | 0.67      |
|    value_loss           | 0.128     |
---------------------------------------
PPO progress: 125000/1000000 (12%) | ep_rew_mean=31.38 | ep_len_mean=49 | episodes=100 | fps=26
----------------------------------------
| rollout/                |            |
|    ep_len_mean          | 49.4       |
|    ep_rew_mean          | 36.1       |
| time/                   |            |
|    fps                  | 26         |
|    iterations           | 123        |
|    time_elapsed         | 4743       |
|    total_timesteps      | 125952     |
| train/                  |            |
|    approx_kl            | 0.18700105 |
|    clip_fraction        | 0.46       |
|    clip_range           | 0.2        |
|    clip_range_vf        | 0.2        |
|    entropy_loss         | -2.03      |
|    explained_variance   | 0.731      |
|    learning_rate        | 0.000263   |
|    loss                 | -0.0544    |
|    n_updates            | 1046       |
|    policy_gradient_loss | -0.0531    |
|    std                  | 0.662      |
|    value_loss           | 0.104      |
----------------------------------------
Early stopping at step 0 due to reaching max kl: 0.75
PPO progress: 126000/1000000 (13%) | ep_rew_mean=36.13 | ep_len_mean=49 | episodes=100 | fps=26
[isaac_interface] WARN: Spawn pose did not settle after teleport; first-step ey may be unreliable.
---------------------------------------
| rollout/                |           |
|    ep_len_mean          | 36.8      |
|    ep_rew_mean          | 26.7      |
| time/                   |           |
|    fps                  | 26        |
|    iterations           | 124       |
|    time_elapsed         | 4783      |
|    total_timesteps      | 126976    |
| train/                  |           |
|    approx_kl            | 0.2731662 |
|    clip_fraction        | 0.379     |
|    clip_range           | 0.2       |
|    clip_range_vf        | 0.2       |
|    entropy_loss         | -2.01     |
|    explained_variance   | 0.819     |
|    learning_rate        | 0.000262  |
|    loss                 | 0.175     |
|    n_updates            | 1047      |
|    policy_gradient_loss | 0.0149    |
|    std                  | 0.662     |
|    value_loss           | 0.151     |
---------------------------------------
Early stopping at step 4 due to reaching max kl: 1.01
PPO progress: 127000/1000000 (13%) | ep_rew_mean=26.67 | ep_len_mean=37 | episodes=100 | fps=26
PPO progress: 128000/1000000 (13%) | ep_rew_mean=28.25 | ep_len_mean=41 | episodes=100 | fps=26
----------------------------------------
| rollout/                |            |
|    ep_len_mean          | 40.6       |
|    ep_rew_mean          | 28.2       |
| time/                   |            |
|    fps                  | 26         |
|    iterations           | 125        |
|    time_elapsed         | 4812       |
|    total_timesteps      | 128000     |
| train/                  |            |
|    approx_kl            | 0.30472916 |
|    clip_fraction        | 0.432      |
|    clip_range           | 0.2        |
|    clip_range_vf        | 0.2        |
|    entropy_loss         | -2.01      |
|    explained_variance   | 0.808      |
|    learning_rate        | 0.000262   |
|    loss                 | 0.0562     |
|    n_updates            | 1052       |
|    policy_gradient_loss | -0.0243    |
|    std                  | 0.66       |
|    value_loss           | 0.108      |
----------------------------------------
2026-07-03T23:06:49Z [4,844,045ms] [Error] [omni.kit.app._impl] [py stderr]: /media/samuel/Fast_SSD/SE4AI/thesis_repo/src/cobraflex_rl/cobraflex_rl/cv_lane_estimator.py:253: RankWarning: Polyfit may be poorly conditioned
  c2, c1, c0 = np.polyfit(xs, ys, 2)
2026-07-03T23:06:49Z [4,844,646ms] [Error] [omni.kit.app._impl] [py stderr]: /media/samuel/Fast_SSD/SE4AI/thesis_repo/src/cobraflex_rl/cobraflex_rl/cv_lane_estimator.py:253: RankWarning: Polyfit may be poorly conditioned
  c2, c1, c0 = np.polyfit(xs, ys, 2)
2026-07-03T23:06:49Z [4,844,647ms] [Error] [omni.kit.app._impl] [py stderr]: /media/samuel/Fast_SSD/SE4AI/thesis_repo/src/cobraflex_rl/cobraflex_rl/cv_lane_estimator.py:253: RankWarning: Polyfit may be poorly conditioned
  c2, c1, c0 = np.polyfit(xs, ys, 2)
2026-07-03T23:06:50Z [4,845,310ms] [Error] [omni.kit.app._impl] [py stderr]: /media/samuel/Fast_SSD/SE4AI/thesis_repo/src/cobraflex_rl/cobraflex_rl/cv_lane_estimator.py:253: RankWarning: Polyfit may be poorly conditioned
  c2, c1, c0 = np.polyfit(xs, ys, 2)
2026-07-03T23:06:50Z [4,845,310ms] [Error] [omni.kit.app._impl] [py stderr]: /media/samuel/Fast_SSD/SE4AI/thesis_repo/src/cobraflex_rl/cobraflex_rl/cv_lane_estimator.py:253: RankWarning: Polyfit may be poorly conditioned
  c2, c1, c0 = np.polyfit(xs, ys, 2)
PPO progress: 129000/1000000 (13%) | ep_rew_mean=31.36 | ep_len_mean=42 | episodes=100 | fps=26
----------------------------------------
| rollout/                |            |
|    ep_len_mean          | 42         |
|    ep_rew_mean          | 31.4       |
| time/                   |            |
|    fps                  | 26         |
|    iterations           | 126        |
|    time_elapsed         | 4845       |
|    total_timesteps      | 129024     |
| train/                  |            |
|    approx_kl            | 0.17752323 |
|    clip_fraction        | 0.491      |
|    clip_range           | 0.2        |
|    clip_range_vf        | 0.2        |
|    entropy_loss         | -2.01      |
|    explained_variance   | 0.855      |
|    learning_rate        | 0.000262   |
|    loss                 | -0.0206    |
|    n_updates            | 1062       |
|    policy_gradient_loss | -0.0439    |
|    std                  | 0.659      |
|    value_loss           | 0.0641     |
----------------------------------------
Early stopping at step 2 due to reaching max kl: 0.77
PPO progress: 130000/1000000 (13%) | ep_rew_mean=27.70 | ep_len_mean=37 | episodes=100 | fps=26
----------------------------------------
| rollout/                |            |
|    ep_len_mean          | 37         |
|    ep_rew_mean          | 27.7       |
| time/                   |            |
|    fps                  | 26         |
|    iterations           | 127        |
|    time_elapsed         | 4883       |
|    total_timesteps      | 130048     |
| train/                  |            |
|    approx_kl            | 0.29299805 |
|    clip_fraction        | 0.372      |
|    clip_range           | 0.2        |
|    clip_range_vf        | 0.2        |
|    entropy_loss         | -2         |
|    explained_variance   | 0.734      |
|    learning_rate        | 0.000261   |
|    loss                 | 0.0306     |
|    n_updates            | 1065       |
|    policy_gradient_loss | 0.00599    |
|    std                  | 0.659      |
|    value_loss           | 0.168      |
----------------------------------------
2026-07-03T23:07:49Z [4,904,493ms] [Error] [omni.kit.app._impl] [py stderr]: /media/samuel/Fast_SSD/SE4AI/thesis_repo/src/cobraflex_rl/cobraflex_rl/cv_lane_estimator.py:253: RankWarning: Polyfit may be poorly conditioned
  c2, c1, c0 = np.polyfit(xs, ys, 2)
2026-07-03T23:07:49Z [4,904,493ms] [Error] [omni.kit.app._impl] [py stderr]: /media/samuel/Fast_SSD/SE4AI/thesis_repo/src/cobraflex_rl/cobraflex_rl/cv_lane_estimator.py:253: RankWarning: Polyfit may be poorly conditioned
  c2, c1, c0 = np.polyfit(xs, ys, 2)
PPO progress: 131000/1000000 (13%) | ep_rew_mean=32.89 | ep_len_mean=43 | episodes=100 | fps=26
----------------------------------------
| rollout/                |            |
|    ep_len_mean          | 42.7       |
|    ep_rew_mean          | 32.9       |
| time/                   |            |
|    fps                  | 26         |
|    iterations           | 128        |
|    time_elapsed         | 4917       |
|    total_timesteps      | 131072     |
| train/                  |            |
|    approx_kl            | 0.18076363 |
|    clip_fraction        | 0.463      |
|    clip_range           | 0.2        |
|    clip_range_vf        | 0.2        |
|    entropy_loss         | -2         |
|    explained_variance   | 0.686      |
|    learning_rate        | 0.000261   |
|    loss                 | 0.0469     |
|    n_updates            | 1075       |
|    policy_gradient_loss | -0.0495    |
|    std                  | 0.656      |
|    value_loss           | 0.239      |
----------------------------------------
PPO progress: 132000/1000000 (13%) | ep_rew_mean=29.81 | ep_len_mean=40 | episodes=100 | fps=26
----------------------------------------
| rollout/                |            |
|    ep_len_mean          | 40.1       |
|    ep_rew_mean          | 29.6       |
| time/                   |            |
|    fps                  | 26         |
|    iterations           | 129        |
|    time_elapsed         | 4950       |
|    total_timesteps      | 132096     |
| train/                  |            |
|    approx_kl            | 0.20814705 |
|    clip_fraction        | 0.518      |
|    clip_range           | 0.2        |
|    clip_range_vf        | 0.2        |
|    entropy_loss         | -1.99      |
|    explained_variance   | 0.692      |
|    learning_rate        | 0.000261   |
|    loss                 | -0.0607    |
|    n_updates            | 1085       |
|    policy_gradient_loss | -0.055     |
|    std                  | 0.651      |
|    value_loss           | 0.196      |
----------------------------------------
2026-07-03T23:09:06Z [4,981,514ms] [Error] [omni.kit.app._impl] [py stderr]: /media/samuel/Fast_SSD/SE4AI/thesis_repo/src/cobraflex_rl/cobraflex_rl/cv_lane_estimator.py:253: RankWarning: Polyfit may be poorly conditioned
  c2, c1, c0 = np.polyfit(xs, ys, 2)
2026-07-03T23:09:06Z [4,981,538ms] [Error] [omni.kit.app._impl] [py stderr]: /media/samuel/Fast_SSD/SE4AI/thesis_repo/src/cobraflex_rl/cobraflex_rl/cv_lane_estimator.py:253: RankWarning: Polyfit may be poorly conditioned
  c2, c1, c0 = np.polyfit(xs, ys, 2)
2026-07-03T23:09:06Z [4,981,538ms] [Error] [omni.kit.app._impl] [py stderr]: /media/samuel/Fast_SSD/SE4AI/thesis_repo/src/cobraflex_rl/cobraflex_rl/cv_lane_estimator.py:253: RankWarning: Polyfit may be poorly conditioned
  c2, c1, c0 = np.polyfit(xs, ys, 2)
2026-07-03T23:09:06Z [4,981,538ms] [Error] [omni.kit.app._impl] [py stderr]: /media/samuel/Fast_SSD/SE4AI/thesis_repo/src/cobraflex_rl/cobraflex_rl/cv_lane_estimator.py:253: RankWarning: Polyfit may be poorly conditioned
  c2, c1, c0 = np.polyfit(xs, ys, 2)
2026-07-03T23:09:06Z [4,981,538ms] [Error] [omni.kit.app._impl] [py stderr]: /media/samuel/Fast_SSD/SE4AI/thesis_repo/src/cobraflex_rl/cobraflex_rl/cv_lane_estimator.py:253: RankWarning: Polyfit may be poorly conditioned
  c2, c1, c0 = np.polyfit(xs, ys, 2)
Early stopping at step 3 due to reaching max kl: 1.04
PPO progress: 133000/1000000 (13%) | ep_rew_mean=33.22 | ep_len_mean=43 | episodes=100 | fps=26
----------------------------------------
| rollout/                |            |
|    ep_len_mean          | 43.5       |
|    ep_rew_mean          | 33.4       |
| time/                   |            |
|    fps                  | 26         |
|    iterations           | 130        |
|    time_elapsed         | 4977       |
|    total_timesteps      | 133120     |
| train/                  |            |
|    approx_kl            | 0.23890221 |
|    clip_fraction        | 0.403      |
|    clip_range           | 0.2        |
|    clip_range_vf        | 0.2        |
|    entropy_loss         | -1.97      |
|    explained_variance   | 0.589      |
|    learning_rate        | 0.00026    |
|    loss                 | 0.159      |
|    n_updates            | 1089       |
|    policy_gradient_loss | 0.00872    |
|    std                  | 0.649      |
|    value_loss           | 0.178      |
----------------------------------------
PPO progress: 134000/1000000 (13%) | ep_rew_mean=32.28 | ep_len_mean=42 | episodes=100 | fps=26
----------------------------------------
| rollout/                |            |
|    ep_len_mean          | 42.3       |
|    ep_rew_mean          | 32.3       |
| time/                   |            |
|    fps                  | 26         |
|    iterations           | 131        |
|    time_elapsed         | 5009       |
|    total_timesteps      | 134144     |
| train/                  |            |
|    approx_kl            | 0.20705083 |
|    clip_fraction        | 0.5        |
|    clip_range           | 0.2        |
|    clip_range_vf        | 0.2        |
|    entropy_loss         | -1.97      |
|    explained_variance   | 0.737      |
|    learning_rate        | 0.00026    |
|    loss                 | -0.0789    |
|    n_updates            | 1099       |
|    policy_gradient_loss | -0.0551    |
|    std                  | 0.641      |
|    value_loss           | 0.128      |
----------------------------------------
2026-07-03T23:09:53Z [5,028,599ms] [Error] [omni.kit.app._impl] [py stderr]: /media/samuel/Fast_SSD/SE4AI/thesis_repo/src/cobraflex_rl/cobraflex_rl/cv_lane_estimator.py:253: RankWarning: Polyfit may be poorly conditioned
  c2, c1, c0 = np.polyfit(xs, ys, 2)
2026-07-03T23:09:53Z [5,028,599ms] [Error] [omni.kit.app._impl] [py stderr]: /media/samuel/Fast_SSD/SE4AI/thesis_repo/src/cobraflex_rl/cobraflex_rl/cv_lane_estimator.py:253: RankWarning: Polyfit may be poorly conditioned
  c2, c1, c0 = np.polyfit(xs, ys, 2)
2026-07-03T23:09:53Z [5,028,600ms] [Error] [omni.kit.app._impl] [py stderr]: /media/samuel/Fast_SSD/SE4AI/thesis_repo/src/cobraflex_rl/cobraflex_rl/cv_lane_estimator.py:253: RankWarning: Polyfit may be poorly conditioned
  c2, c1, c0 = np.polyfit(xs, ys, 2)
2026-07-03T23:09:53Z [5,028,600ms] [Error] [omni.kit.app._impl] [py stderr]: /media/samuel/Fast_SSD/SE4AI/thesis_repo/src/cobraflex_rl/cobraflex_rl/cv_lane_estimator.py:253: RankWarning: Polyfit may be poorly conditioned
  c2, c1, c0 = np.polyfit(xs, ys, 2)
Early stopping at step 2 due to reaching max kl: 1.60
PPO progress: 135000/1000000 (14%) | ep_rew_mean=34.93 | ep_len_mean=45 | episodes=100 | fps=26
---------------------------------------
| rollout/                |           |
|    ep_len_mean          | 46.3      |
|    ep_rew_mean          | 35.8      |
| time/                   |           |
|    fps                  | 26        |
|    iterations           | 132       |
|    time_elapsed         | 5045      |
|    total_timesteps      | 135168    |
| train/                  |           |
|    approx_kl            | 0.7998082 |
|    clip_fraction        | 0.362     |
|    clip_range           | 0.2       |
|    clip_range_vf        | 0.2       |
|    entropy_loss         | -1.94     |
|    explained_variance   | 0.839     |
|    learning_rate        | 0.00026   |
|    loss                 | -0.0347   |
|    n_updates            | 1102      |
|    policy_gradient_loss | 0.00329   |
|    std                  | 0.639     |
|    value_loss           | 0.0877    |
---------------------------------------
2026-07-03T23:10:27Z [5,062,646ms] [Error] [omni.kit.app._impl] [py stderr]: /media/samuel/Fast_SSD/SE4AI/thesis_repo/src/cobraflex_rl/cobraflex_rl/cv_lane_estimator.py:253: RankWarning: Polyfit may be poorly conditioned
  c2, c1, c0 = np.polyfit(xs, ys, 2)
2026-07-03T23:10:33Z [5,067,811ms] [Error] [omni.kit.app._impl] [py stderr]: /media/samuel/Fast_SSD/SE4AI/thesis_repo/src/cobraflex_rl/cobraflex_rl/cv_lane_estimator.py:253: RankWarning: Polyfit may be poorly conditioned
  c2, c1, c0 = np.polyfit(xs, ys, 2)
2026-07-03T23:10:39Z [5,074,109ms] [Error] [omni.kit.app._impl] [py stderr]: /media/samuel/Fast_SSD/SE4AI/thesis_repo/src/cobraflex_rl/cobraflex_rl/cv_lane_estimator.py:253: RankWarning: Polyfit may be poorly conditioned
  c2, c1, c0 = np.polyfit(xs, ys, 2)
2026-07-03T23:10:39Z [5,074,136ms] [Error] [omni.kit.app._impl] [py stderr]: /media/samuel/Fast_SSD/SE4AI/thesis_repo/src/cobraflex_rl/cobraflex_rl/cv_lane_estimator.py:253: RankWarning: Polyfit may be poorly conditioned
  c2, c1, c0 = np.polyfit(xs, ys, 2)
2026-07-03T23:10:39Z [5,074,136ms] [Error] [omni.kit.app._impl] [py stderr]: /media/samuel/Fast_SSD/SE4AI/thesis_repo/src/cobraflex_rl/cobraflex_rl/cv_lane_estimator.py:253: RankWarning: Polyfit may be poorly conditioned
  c2, c1, c0 = np.polyfit(xs, ys, 2)
[isaac_interface] WARN: Spawn pose did not settle after teleport; first-step ey may be unreliable.
PPO progress: 136000/1000000 (14%) | ep_rew_mean=16.71 | ep_len_mean=23 | episodes=100 | fps=26
----------------------------------------
| rollout/                |            |
|    ep_len_mean          | 24.2       |
|    ep_rew_mean          | 17.5       |
| time/                   |            |
|    fps                  | 26         |
|    iterations           | 133        |
|    time_elapsed         | 5098       |
|    total_timesteps      | 136192     |
| train/                  |            |
|    approx_kl            | 0.17151244 |
|    clip_fraction        | 0.46       |
|    clip_range           | 0.2        |
|    clip_range_vf        | 0.2        |
|    entropy_loss         | -1.95      |
|    explained_variance   | 0.473      |
|    learning_rate        | 0.000259   |
|    loss                 | 0.0135     |
|    n_updates            | 1112       |
|    policy_gradient_loss | -0.0438    |
|    std                  | 0.639      |
|    value_loss           | 0.291      |
----------------------------------------
2026-07-03T23:11:25Z [5,120,270ms] [Error] [omni.kit.app._impl] [py stderr]: /media/samuel/Fast_SSD/SE4AI/thesis_repo/src/cobraflex_rl/cobraflex_rl/cv_lane_estimator.py:253: RankWarning: Polyfit may be poorly conditioned
  c2, c1, c0 = np.polyfit(xs, ys, 2)
PPO progress: 137000/1000000 (14%) | ep_rew_mean=9.80 | ep_len_mean=18 | episodes=100 | fps=26
----------------------------------------
| rollout/                |            |
|    ep_len_mean          | 20.5       |
|    ep_rew_mean          | 10.9       |
| time/                   |            |
|    fps                  | 26         |
|    iterations           | 134        |
|    time_elapsed         | 5132       |
|    total_timesteps      | 137216     |
| train/                  |            |
|    approx_kl            | 0.15021425 |
|    clip_fraction        | 0.508      |
|    clip_range           | 0.2        |
|    clip_range_vf        | 0.2        |
|    entropy_loss         | -1.93      |
|    explained_variance   | 0.386      |
|    learning_rate        | 0.000259   |
|    loss                 | 0.0345     |
|    n_updates            | 1122       |
|    policy_gradient_loss | -0.0468    |
|    std                  | 0.632      |
|    value_loss           | 0.296      |
----------------------------------------
PPO progress: 138000/1000000 (14%) | ep_rew_mean=17.59 | ep_len_mean=26 | episodes=100 | fps=26
----------------------------------------
| rollout/                |            |
|    ep_len_mean          | 28.7       |
|    ep_rew_mean          | 19.8       |
| time/                   |            |
|    fps                  | 26         |
|    iterations           | 135        |
|    time_elapsed         | 5159       |
|    total_timesteps      | 138240     |
| train/                  |            |
|    approx_kl            | 0.19076927 |
|    clip_fraction        | 0.523      |
|    clip_range           | 0.2        |
|    clip_range_vf        | 0.2        |
|    entropy_loss         | -1.91      |
|    explained_variance   | 0.747      |
|    learning_rate        | 0.000259   |
|    loss                 | 0.00989    |
|    n_updates            | 1132       |
|    policy_gradient_loss | -0.0613    |
|    std                  | 0.625      |
|    value_loss           | 0.0947     |
----------------------------------------
2026-07-03T23:12:43Z [5,198,516ms] [Error] [omni.kit.app._impl] [py stderr]: /media/samuel/Fast_SSD/SE4AI/thesis_repo/src/cobraflex_rl/cobraflex_rl/cv_lane_estimator.py:253: RankWarning: Polyfit may be poorly conditioned
  c2, c1, c0 = np.polyfit(xs, ys, 2)
Early stopping at step 6 due to reaching max kl: 0.91
PPO progress: 139000/1000000 (14%) | ep_rew_mean=23.89 | ep_len_mean=33 | episodes=100 | fps=26
----------------------------------------
| rollout/                |            |
|    ep_len_mean          | 32.1       |
|    ep_rew_mean          | 23.7       |
| time/                   |            |
|    fps                  | 26         |
|    iterations           | 136        |
|    time_elapsed         | 5200       |
|    total_timesteps      | 139264     |
| train/                  |            |
|    approx_kl            | 0.20843823 |
|    clip_fraction        | 0.416      |
|    clip_range           | 0.2        |
|    clip_range_vf        | 0.2        |
|    entropy_loss         | -1.89      |
|    explained_variance   | 0.605      |
|    learning_rate        | 0.000259   |
|    loss                 | -0.0819    |
|    n_updates            | 1139       |
|    policy_gradient_loss | -0.0401    |
|    std                  | 0.623      |
|    value_loss           | 0.131      |
----------------------------------------
PPO progress: 140000/1000000 (14%) | ep_rew_mean=29.36 | ep_len_mean=35 | episodes=100 | fps=26
----------------------------------------
| rollout/                |            |
|    ep_len_mean          | 30.9       |
|    ep_rew_mean          | 25.2       |
| time/                   |            |
|    fps                  | 26         |
|    iterations           | 137        |
|    time_elapsed         | 5241       |
|    total_timesteps      | 140288     |
| train/                  |            |
|    approx_kl            | 0.17075616 |
|    clip_fraction        | 0.448      |
|    clip_range           | 0.2        |
|    clip_range_vf        | 0.2        |
|    entropy_loss         | -1.89      |
|    explained_variance   | 0.203      |
|    learning_rate        | 0.000258   |
|    loss                 | -0.00281   |
|    n_updates            | 1149       |
|    policy_gradient_loss | -0.0624    |
|    std                  | 0.621      |
|    value_loss           | 0.186      |
----------------------------------------
PPO progress: 141000/1000000 (14%) | ep_rew_mean=15.85 | ep_len_mean=21 | episodes=100 | fps=26
----------------------------------------
| rollout/                |            |
|    ep_len_mean          | 24.2       |
|    ep_rew_mean          | 18         |
| time/                   |            |
|    fps                  | 26         |
|    iterations           | 138        |
|    time_elapsed         | 5279       |
|    total_timesteps      | 141312     |
| train/                  |            |
|    approx_kl            | 0.23013875 |
|    clip_fraction        | 0.441      |
|    clip_range           | 0.2        |
|    clip_range_vf        | 0.2        |
|    entropy_loss         | -1.89      |
|    explained_variance   | 0.592      |
|    learning_rate        | 0.000258   |
|    loss                 | -0.0203    |
|    n_updates            | 1159       |
|    policy_gradient_loss | -0.0481    |
|    std                  | 0.621      |
|    value_loss           | 0.143      |
----------------------------------------
2026-07-03T23:14:29Z [5,303,831ms] [Error] [omni.kit.app._impl] [py stderr]: /media/samuel/Fast_SSD/SE4AI/thesis_repo/src/cobraflex_rl/cobraflex_rl/cv_lane_estimator.py:253: RankWarning: Polyfit may be poorly conditioned
  c2, c1, c0 = np.polyfit(xs, ys, 2)
2026-07-03T23:14:29Z [5,303,831ms] [Error] [omni.kit.app._impl] [py stderr]: /media/samuel/Fast_SSD/SE4AI/thesis_repo/src/cobraflex_rl/cobraflex_rl/cv_lane_estimator.py:253: RankWarning: Polyfit may be poorly conditioned
  c2, c1, c0 = np.polyfit(xs, ys, 2)
2026-07-03T23:14:29Z [5,303,838ms] [Error] [omni.kit.app._impl] [py stderr]: /media/samuel/Fast_SSD/SE4AI/thesis_repo/src/cobraflex_rl/cobraflex_rl/cv_lane_estimator.py:253: RankWarning: Polyfit may be poorly conditioned
  c2, c1, c0 = np.polyfit(xs, ys, 2)
2026-07-03T23:14:29Z [5,303,838ms] [Error] [omni.kit.app._impl] [py stderr]: /media/samuel/Fast_SSD/SE4AI/thesis_repo/src/cobraflex_rl/cobraflex_rl/cv_lane_estimator.py:253: RankWarning: Polyfit may be poorly conditioned
  c2, c1, c0 = np.polyfit(xs, ys, 2)
PPO progress: 142000/1000000 (14%) | ep_rew_mean=24.70 | ep_len_mean=30 | episodes=100 | fps=26
2026-07-03T23:14:46Z [5,320,848ms] [Error] [omni.kit.app._impl] [py stderr]: /media/samuel/Fast_SSD/SE4AI/thesis_repo/src/cobraflex_rl/cobraflex_rl/cv_lane_estimator.py:253: RankWarning: Polyfit may be poorly conditioned
  c2, c1, c0 = np.polyfit(xs, ys, 2)
----------------------------------------
| rollout/                |            |
|    ep_len_mean          | 32.9       |
|    ep_rew_mean          | 27.9       |
| time/                   |            |
|    fps                  | 26         |
|    iterations           | 139        |
|    time_elapsed         | 5310       |
|    total_timesteps      | 142336     |
| train/                  |            |
|    approx_kl            | 0.15239167 |
|    clip_fraction        | 0.455      |
|    clip_range           | 0.2        |
|    clip_range_vf        | 0.2        |
|    entropy_loss         | -1.88      |
|    explained_variance   | 0.753      |
|    learning_rate        | 0.000258   |
|    loss                 | -0.0359    |
|    n_updates            | 1169       |
|    policy_gradient_loss | -0.0511    |
|    std                  | 0.615      |
|    value_loss           | 0.132      |
----------------------------------------
PPO progress: 143000/1000000 (14%) | ep_rew_mean=24.70 | ep_len_mean=33 | episodes=100 | fps=26
----------------------------------------
| rollout/                |            |
|    ep_len_mean          | 33.8       |
|    ep_rew_mean          | 26.6       |
| time/                   |            |
|    fps                  | 26         |
|    iterations           | 140        |
|    time_elapsed         | 5349       |
|    total_timesteps      | 143360     |
| train/                  |            |
|    approx_kl            | 0.13074857 |
|    clip_fraction        | 0.419      |
|    clip_range           | 0.2        |
|    clip_range_vf        | 0.2        |
|    entropy_loss         | -1.87      |
|    explained_variance   | 0.541      |
|    learning_rate        | 0.000257   |
|    loss                 | 0.00455    |
|    n_updates            | 1179       |
|    policy_gradient_loss | -0.0496    |
|    std                  | 0.614      |
|    value_loss           | 0.197      |
----------------------------------------
PPO progress: 144000/1000000 (14%) | ep_rew_mean=33.08 | ep_len_mean=39 | episodes=100 | fps=26
----------------------------------------
| rollout/                |            |
|    ep_len_mean          | 42.5       |
|    ep_rew_mean          | 32         |
| time/                   |            |
|    fps                  | 26         |
|    iterations           | 141        |
|    time_elapsed         | 5380       |
|    total_timesteps      | 144384     |
| train/                  |            |
|    approx_kl            | 0.25036502 |
|    clip_fraction        | 0.48       |
|    clip_range           | 0.2        |
|    clip_range_vf        | 0.2        |
|    entropy_loss         | -1.86      |
|    explained_variance   | 0.738      |
|    learning_rate        | 0.000257   |
|    loss                 | 0.0637     |
|    n_updates            | 1189       |
|    policy_gradient_loss | -0.0573    |
|    std                  | 0.607      |
|    value_loss           | 0.182      |
----------------------------------------
PPO progress: 145000/1000000 (14%) | ep_rew_mean=35.57 | ep_len_mean=46 | episodes=100 | fps=26
----------------------------------------
| rollout/                |            |
|    ep_len_mean          | 45.5       |
|    ep_rew_mean          | 35.6       |
| time/                   |            |
|    fps                  | 26         |
|    iterations           | 142        |
|    time_elapsed         | 5409       |
|    total_timesteps      | 145408     |
| train/                  |            |
|    approx_kl            | 0.11697167 |
|    clip_fraction        | 0.45       |
|    clip_range           | 0.2        |
|    clip_range_vf        | 0.2        |
|    entropy_loss         | -1.84      |
|    explained_variance   | 0.928      |
|    learning_rate        | 0.000257   |
|    loss                 | -0.0693    |
|    n_updates            | 1199       |
|    policy_gradient_loss | -0.0458    |
|    std                  | 0.604      |
|    value_loss           | 0.0539     |
----------------------------------------
2026-07-03T23:16:38Z [5,433,269ms] [Error] [omni.kit.app._impl] [py stderr]: /media/samuel/Fast_SSD/SE4AI/thesis_repo/src/cobraflex_rl/cobraflex_rl/cv_lane_estimator.py:253: RankWarning: Polyfit may be poorly conditioned
  c2, c1, c0 = np.polyfit(xs, ys, 2)
2026-07-03T23:16:38Z [5,433,276ms] [Error] [omni.kit.app._impl] [py stderr]: /media/samuel/Fast_SSD/SE4AI/thesis_repo/src/cobraflex_rl/cobraflex_rl/cv_lane_estimator.py:253: RankWarning: Polyfit may be poorly conditioned
  c2, c1, c0 = np.polyfit(xs, ys, 2)
2026-07-03T23:16:38Z [5,433,387ms] [Error] [omni.kit.app._impl] [py stderr]: /media/samuel/Fast_SSD/SE4AI/thesis_repo/src/cobraflex_rl/cobraflex_rl/cv_lane_estimator.py:253: RankWarning: Polyfit may be poorly conditioned
  c2, c1, c0 = np.polyfit(xs, ys, 2)
2026-07-03T23:16:38Z [5,433,387ms] [Error] [omni.kit.app._impl] [py stderr]: /media/samuel/Fast_SSD/SE4AI/thesis_repo/src/cobraflex_rl/cobraflex_rl/cv_lane_estimator.py:253: RankWarning: Polyfit may be poorly conditioned
  c2, c1, c0 = np.polyfit(xs, ys, 2)
PPO progress: 146000/1000000 (15%) | ep_rew_mean=35.26 | ep_len_mean=55 | episodes=100 | fps=26
----------------------------------------
| rollout/                |            |
|    ep_len_mean          | 55.9       |
|    ep_rew_mean          | 36.2       |
| time/                   |            |
|    fps                  | 26         |
|    iterations           | 143        |
|    time_elapsed         | 5442       |
|    total_timesteps      | 146432     |
| train/                  |            |
|    approx_kl            | 0.10309324 |
|    clip_fraction        | 0.479      |
|    clip_range           | 0.2        |
|    clip_range_vf        | 0.2        |
|    entropy_loss         | -1.81      |
|    explained_variance   | 0.946      |
|    learning_rate        | 0.000256   |
|    loss                 | -0.078     |
|    n_updates            | 1209       |
|    policy_gradient_loss | -0.0411    |
|    std                  | 0.594      |
|    value_loss           | 0.0341     |
----------------------------------------
PPO progress: 147000/1000000 (15%) | ep_rew_mean=35.58 | ep_len_mean=54 | episodes=100 | fps=26
----------------------------------------
| rollout/                |            |
|    ep_len_mean          | 55         |
|    ep_rew_mean          | 35.7       |
| time/                   |            |
|    fps                  | 26         |
|    iterations           | 144        |
|    time_elapsed         | 5473       |
|    total_timesteps      | 147456     |
| train/                  |            |
|    approx_kl            | 0.14677985 |
|    clip_fraction        | 0.421      |
|    clip_range           | 0.2        |
|    clip_range_vf        | 0.2        |
|    entropy_loss         | -1.78      |
|    explained_variance   | 0.926      |
|    learning_rate        | 0.000256   |
|    loss                 | -0.0809    |
|    n_updates            | 1219       |
|    policy_gradient_loss | -0.0521    |
|    std                  | 0.587      |
|    value_loss           | 0.0454     |
----------------------------------------
2026-07-03T23:17:44Z [5,499,575ms] [Error] [omni.kit.app._impl] [py stderr]: /media/samuel/Fast_SSD/SE4AI/thesis_repo/src/cobraflex_rl/cobraflex_rl/cv_lane_estimator.py:253: RankWarning: Polyfit may be poorly conditioned
  c2, c1, c0 = np.polyfit(xs, ys, 2)
2026-07-03T23:17:44Z [5,499,575ms] [Error] [omni.kit.app._impl] [py stderr]: /media/samuel/Fast_SSD/SE4AI/thesis_repo/src/cobraflex_rl/cobraflex_rl/cv_lane_estimator.py:253: RankWarning: Polyfit may be poorly conditioned
  c2, c1, c0 = np.polyfit(xs, ys, 2)
2026-07-03T23:17:44Z [5,499,575ms] [Error] [omni.kit.app._impl] [py stderr]: /media/samuel/Fast_SSD/SE4AI/thesis_repo/src/cobraflex_rl/cobraflex_rl/cv_lane_estimator.py:253: RankWarning: Polyfit may be poorly conditioned
  c2, c1, c0 = np.polyfit(xs, ys, 2)
2026-07-03T23:17:44Z [5,499,575ms] [Error] [omni.kit.app._impl] [py stderr]: /media/samuel/Fast_SSD/SE4AI/thesis_repo/src/cobraflex_rl/cobraflex_rl/cv_lane_estimator.py:253: RankWarning: Polyfit may be poorly conditioned
  c2, c1, c0 = np.polyfit(xs, ys, 2)
2026-07-03T23:17:44Z [5,499,581ms] [Error] [omni.kit.app._impl] [py stderr]: /media/samuel/Fast_SSD/SE4AI/thesis_repo/src/cobraflex_rl/cobraflex_rl/cv_lane_estimator.py:253: RankWarning: Polyfit may be poorly conditioned
  c2, c1, c0 = np.polyfit(xs, ys, 2)
2026-07-03T23:17:44Z [5,499,581ms] [Error] [omni.kit.app._impl] [py stderr]: /media/samuel/Fast_SSD/SE4AI/thesis_repo/src/cobraflex_rl/cobraflex_rl/cv_lane_estimator.py:253: RankWarning: Polyfit may be poorly conditioned
  c2, c1, c0 = np.polyfit(xs, ys, 2)
2026-07-03T23:17:44Z [5,499,581ms] [Error] [omni.kit.app._impl] [py stderr]: /media/samuel/Fast_SSD/SE4AI/thesis_repo/src/cobraflex_rl/cobraflex_rl/cv_lane_estimator.py:253: RankWarning: Polyfit may be poorly conditioned
  c2, c1, c0 = np.polyfit(xs, ys, 2)
2026-07-03T23:17:44Z [5,499,581ms] [Error] [omni.kit.app._impl] [py stderr]: /media/samuel/Fast_SSD/SE4AI/thesis_repo/src/cobraflex_rl/cobraflex_rl/cv_lane_estimator.py:253: RankWarning: Polyfit may be poorly conditioned
  c2, c1, c0 = np.polyfit(xs, ys, 2)
PPO progress: 148000/1000000 (15%) | ep_rew_mean=27.36 | ep_len_mean=45 | episodes=100 | fps=26
---------------------------------------
| rollout/                |           |
|    ep_len_mean          | 44.4      |
|    ep_rew_mean          | 24.8      |
| time/                   |           |
|    fps                  | 26        |
|    iterations           | 145       |
|    time_elapsed         | 5527      |
|    total_timesteps      | 148480    |
| train/                  |           |
|    approx_kl            | 0.1669176 |
|    clip_fraction        | 0.467     |
|    clip_range           | 0.2       |
|    clip_range_vf        | 0.2       |
|    entropy_loss         | -1.77     |
|    explained_variance   | 0.619     |
|    learning_rate        | 0.000256  |
|    loss                 | 0.0244    |
|    n_updates            | 1229      |
|    policy_gradient_loss | -0.0505   |
|    std                  | 0.582     |
|    value_loss           | 0.26      |
---------------------------------------
PPO progress: 149000/1000000 (15%) | ep_rew_mean=29.64 | ep_len_mean=43 | episodes=100 | fps=26
----------------------------------------
| rollout/                |            |
|    ep_len_mean          | 35.8       |
|    ep_rew_mean          | 31.8       |
| time/                   |            |
|    fps                  | 26         |
|    iterations           | 146        |
|    time_elapsed         | 5559       |
|    total_timesteps      | 149504     |
| train/                  |            |
|    approx_kl            | 0.20601481 |
|    clip_fraction        | 0.423      |
|    clip_range           | 0.2        |
|    clip_range_vf        | 0.2        |
|    entropy_loss         | -1.74      |
|    explained_variance   | 0.403      |
|    learning_rate        | 0.000255   |
|    loss                 | -0.0248    |
|    n_updates            | 1239       |
|    policy_gradient_loss | -0.0446    |
|    std                  | 0.572      |
|    value_loss           | 0.247      |
----------------------------------------
2026-07-03T23:19:05Z [5,580,105ms] [Error] [omni.kit.app._impl] [py stderr]: /media/samuel/Fast_SSD/SE4AI/thesis_repo/src/cobraflex_rl/cobraflex_rl/cv_lane_estimator.py:253: RankWarning: Polyfit may be poorly conditioned
  c2, c1, c0 = np.polyfit(xs, ys, 2)
2026-07-03T23:19:05Z [5,580,105ms] [Error] [omni.kit.app._impl] [py stderr]: /media/samuel/Fast_SSD/SE4AI/thesis_repo/src/cobraflex_rl/cobraflex_rl/cv_lane_estimator.py:253: RankWarning: Polyfit may be poorly conditioned
  c2, c1, c0 = np.polyfit(xs, ys, 2)
2026-07-03T23:19:14Z [5,589,145ms] [Error] [omni.kit.app._impl] [py stderr]: /media/samuel/Fast_SSD/SE4AI/thesis_repo/src/cobraflex_rl/cobraflex_rl/cv_lane_estimator.py:253: RankWarning: Polyfit may be poorly conditioned
  c2, c1, c0 = np.polyfit(xs, ys, 2)
PPO progress: 150000/1000000 (15%) | ep_rew_mean=28.03 | ep_len_mean=32 | episodes=100 | fps=26
2026-07-03T23:19:24Z [5,598,709ms] [Error] [omni.kit.app._impl] [py stderr]: /media/samuel/Fast_SSD/SE4AI/thesis_repo/src/cobraflex_rl/cobraflex_rl/cv_lane_estimator.py:253: RankWarning: Polyfit may be poorly conditioned
  c2, c1, c0 = np.polyfit(xs, ys, 2)
---------------------------------------
| rollout/                |           |
|    ep_len_mean          | 35.4      |
|    ep_rew_mean          | 31.9      |
| time/                   |           |
|    fps                  | 26        |
|    iterations           | 147       |
|    time_elapsed         | 5597      |
|    total_timesteps      | 150528    |
| train/                  |           |
|    approx_kl            | 0.3151953 |
|    clip_fraction        | 0.553     |
|    clip_range           | 0.2       |
|    clip_range_vf        | 0.2       |
|    entropy_loss         | -1.71     |
|    explained_variance   | 0.717     |
|    learning_rate        | 0.000255  |
|    loss                 | -0.0909   |
|    n_updates            | 1249      |
|    policy_gradient_loss | -0.0715   |
|    std                  | 0.564     |
|    value_loss           | 0.115     |
---------------------------------------
PPO progress: 151000/1000000 (15%) | ep_rew_mean=31.83 | ep_len_mean=36 | episodes=100 | fps=26
----------------------------------------
| rollout/                |            |
|    ep_len_mean          | 39.1       |
|    ep_rew_mean          | 34.2       |
| time/                   |            |
|    fps                  | 26         |
|    iterations           | 148        |
|    time_elapsed         | 5633       |
|    total_timesteps      | 151552     |
| train/                  |            |
|    approx_kl            | 0.15530163 |
|    clip_fraction        | 0.383      |
|    clip_range           | 0.2        |
|    clip_range_vf        | 0.2        |
|    entropy_loss         | -1.69      |
|    explained_variance   | 0.601      |
|    learning_rate        | 0.000255   |
|    loss                 | 0.0901     |
|    n_updates            | 1259       |
|    policy_gradient_loss | -0.0422    |
|    std                  | 0.563      |
|    value_loss           | 0.133      |
----------------------------------------
PPO progress: 152000/1000000 (15%) | ep_rew_mean=35.58 | ep_len_mean=41 | episodes=100 | fps=26
2026-07-03T23:20:39Z [5,673,775ms] [Error] [omni.kit.app._impl] [py stderr]: /media/samuel/Fast_SSD/SE4AI/thesis_repo/src/cobraflex_rl/cobraflex_rl/cv_lane_estimator.py:253: RankWarning: Polyfit may be poorly conditioned
  c2, c1, c0 = np.polyfit(xs, ys, 2)
2026-07-03T23:20:39Z [5,673,775ms] [Error] [omni.kit.app._impl] [py stderr]: /media/samuel/Fast_SSD/SE4AI/thesis_repo/src/cobraflex_rl/cobraflex_rl/cv_lane_estimator.py:253: RankWarning: Polyfit may be poorly conditioned
  c2, c1, c0 = np.polyfit(xs, ys, 2)
2026-07-03T23:20:39Z [5,673,775ms] [Error] [omni.kit.app._impl] [py stderr]: /media/samuel/Fast_SSD/SE4AI/thesis_repo/src/cobraflex_rl/cobraflex_rl/cv_lane_estimator.py:253: RankWarning: Polyfit may be poorly conditioned
  c2, c1, c0 = np.polyfit(xs, ys, 2)
----------------------------------------
| rollout/                |            |
|    ep_len_mean          | 40.6       |
|    ep_rew_mean          | 33.7       |
| time/                   |            |
|    fps                  | 26         |
|    iterations           | 149        |
|    time_elapsed         | 5667       |
|    total_timesteps      | 152576     |
| train/                  |            |
|    approx_kl            | 0.14284554 |
|    clip_fraction        | 0.458      |
|    clip_range           | 0.2        |
|    clip_range_vf        | 0.2        |
|    entropy_loss         | -1.69      |
|    explained_variance   | 0.6        |
|    learning_rate        | 0.000255   |
|    loss                 | -0.00659   |
|    n_updates            | 1269       |
|    policy_gradient_loss | -0.0522    |
|    std                  | 0.559      |
|    value_loss           | 0.185      |
----------------------------------------
2026-07-03T23:20:54Z [5,688,825ms] [Error] [omni.kit.app._impl] [py stderr]: /media/samuel/Fast_SSD/SE4AI/thesis_repo/src/cobraflex_rl/cobraflex_rl/cv_lane_estimator.py:253: RankWarning: Polyfit may be poorly conditioned
  c2, c1, c0 = np.polyfit(xs, ys, 2)
2026-07-03T23:20:54Z [5,688,825ms] [Error] [omni.kit.app._impl] [py stderr]: /media/samuel/Fast_SSD/SE4AI/thesis_repo/src/cobraflex_rl/cobraflex_rl/cv_lane_estimator.py:253: RankWarning: Polyfit may be poorly conditioned
  c2, c1, c0 = np.polyfit(xs, ys, 2)
2026-07-03T23:21:00Z [5,695,592ms] [Error] [omni.kit.app._impl] [py stderr]: /media/samuel/Fast_SSD/SE4AI/thesis_repo/src/cobraflex_rl/cobraflex_rl/cv_lane_estimator.py:253: RankWarning: Polyfit may be poorly conditioned
  c2, c1, c0 = np.polyfit(xs, ys, 2)
2026-07-03T23:21:00Z [5,695,592ms] [Error] [omni.kit.app._impl] [py stderr]: /media/samuel/Fast_SSD/SE4AI/thesis_repo/src/cobraflex_rl/cobraflex_rl/cv_lane_estimator.py:253: RankWarning: Polyfit may be poorly conditioned
  c2, c1, c0 = np.polyfit(xs, ys, 2)
2026-07-03T23:21:00Z [5,695,599ms] [Error] [omni.kit.app._impl] [py stderr]: /media/samuel/Fast_SSD/SE4AI/thesis_repo/src/cobraflex_rl/cobraflex_rl/cv_lane_estimator.py:253: RankWarning: Polyfit may be poorly conditioned
  c2, c1, c0 = np.polyfit(xs, ys, 2)
2026-07-03T23:21:00Z [5,695,599ms] [Error] [omni.kit.app._impl] [py stderr]: /media/samuel/Fast_SSD/SE4AI/thesis_repo/src/cobraflex_rl/cobraflex_rl/cv_lane_estimator.py:253: RankWarning: Polyfit may be poorly conditioned
  c2, c1, c0 = np.polyfit(xs, ys, 2)
Early stopping at step 9 due to reaching max kl: 1.23
PPO progress: 153000/1000000 (15%) | ep_rew_mean=30.05 | ep_len_mean=37 | episodes=100 | fps=26
---------------------------------------
| rollout/                |           |
|    ep_len_mean          | 38.7      |
|    ep_rew_mean          | 33        |
| time/                   |           |
|    fps                  | 26        |
|    iterations           | 150       |
|    time_elapsed         | 5701      |
|    total_timesteps      | 153600    |
| train/                  |           |
|    approx_kl            | 0.5224374 |
|    clip_fraction        | 0.53      |
|    clip_range           | 0.2       |
|    clip_range_vf        | 0.2       |
|    entropy_loss         | -1.66     |
|    explained_variance   | 0.557     |
|    learning_rate        | 0.000254  |
|    loss                 | 0.00264   |
|    n_updates            | 1279      |
|    policy_gradient_loss | -0.0658   |
|    std                  | 0.551     |
|    value_loss           | 0.299     |
---------------------------------------
2026-07-03T23:21:33Z [5,727,920ms] [Error] [omni.kit.app._impl] [py stderr]: /media/samuel/Fast_SSD/SE4AI/thesis_repo/src/cobraflex_rl/cobraflex_rl/cv_lane_estimator.py:253: RankWarning: Polyfit may be poorly conditioned
  c2, c1, c0 = np.polyfit(xs, ys, 2)
2026-07-03T23:21:33Z [5,727,927ms] [Error] [omni.kit.app._impl] [py stderr]: /media/samuel/Fast_SSD/SE4AI/thesis_repo/src/cobraflex_rl/cobraflex_rl/cv_lane_estimator.py:253: RankWarning: Polyfit may be poorly conditioned
  c2, c1, c0 = np.polyfit(xs, ys, 2)
2026-07-03T23:21:33Z [5,727,953ms] [Error] [omni.kit.app._impl] [py stderr]: /media/samuel/Fast_SSD/SE4AI/thesis_repo/src/cobraflex_rl/cobraflex_rl/cv_lane_estimator.py:253: RankWarning: Polyfit may be poorly conditioned
  c2, c1, c0 = np.polyfit(xs, ys, 2)
PPO progress: 154000/1000000 (15%) | ep_rew_mean=27.77 | ep_len_mean=34 | episodes=100 | fps=26
----------------------------------------
| rollout/                |            |
|    ep_len_mean          | 28.1       |
|    ep_rew_mean          | 22         |
| time/                   |            |
|    fps                  | 26         |
|    iterations           | 151        |
|    time_elapsed         | 5739       |
|    total_timesteps      | 154624     |
| train/                  |            |
|    approx_kl            | 0.15568504 |
|    clip_fraction        | 0.492      |
|    clip_range           | 0.2        |
|    clip_range_vf        | 0.2        |
|    entropy_loss         | -1.64      |
|    explained_variance   | 0.676      |
|    learning_rate        | 0.000254   |
|    loss                 | -0.0846    |
|    n_updates            | 1289       |
|    policy_gradient_loss | -0.0626    |
|    std                  | 0.547      |
|    value_loss           | 0.148      |
----------------------------------------
PPO progress: 155000/1000000 (16%) | ep_rew_mean=22.25 | ep_len_mean=28 | episodes=100 | fps=26
----------------------------------------
| rollout/                |            |
|    ep_len_mean          | 25.4       |
|    ep_rew_mean          | 20.7       |
| time/                   |            |
|    fps                  | 26         |
|    iterations           | 152        |
|    time_elapsed         | 5780       |
|    total_timesteps      | 155648     |
| train/                  |            |
|    approx_kl            | 0.22159678 |
|    clip_fraction        | 0.484      |
|    clip_range           | 0.2        |
|    clip_range_vf        | 0.2        |
|    entropy_loss         | -1.62      |
|    explained_variance   | 0.671      |
|    learning_rate        | 0.000254   |
|    loss                 | -0.0422    |
|    n_updates            | 1299       |
|    policy_gradient_loss | -0.0642    |
|    std                  | 0.54       |
|    value_loss           | 0.246      |
----------------------------------------
2026-07-03T23:22:44Z [5,799,367ms] [Error] [omni.kit.app._impl] [py stderr]: /media/samuel/Fast_SSD/SE4AI/thesis_repo/src/cobraflex_rl/cobraflex_rl/cv_lane_estimator.py:253: RankWarning: Polyfit may be poorly conditioned
  c2, c1, c0 = np.polyfit(xs, ys, 2)
2026-07-03T23:22:44Z [5,799,374ms] [Error] [omni.kit.app._impl] [py stderr]: /media/samuel/Fast_SSD/SE4AI/thesis_repo/src/cobraflex_rl/cobraflex_rl/cv_lane_estimator.py:253: RankWarning: Polyfit may be poorly conditioned
  c2, c1, c0 = np.polyfit(xs, ys, 2)
2026-07-03T23:22:44Z [5,799,424ms] [Error] [omni.kit.app._impl] [py stderr]: /media/samuel/Fast_SSD/SE4AI/thesis_repo/src/cobraflex_rl/cobraflex_rl/cv_lane_estimator.py:253: RankWarning: Polyfit may be poorly conditioned
  c2, c1, c0 = np.polyfit(xs, ys, 2)
2026-07-03T23:22:55Z [5,810,517ms] [Error] [omni.kit.app._impl] [py stderr]: /media/samuel/Fast_SSD/SE4AI/thesis_repo/src/cobraflex_rl/cobraflex_rl/cv_lane_estimator.py:253: RankWarning: Polyfit may be poorly conditioned
  c2, c1, c0 = np.polyfit(xs, ys, 2)
2026-07-03T23:22:55Z [5,810,588ms] [Error] [omni.kit.app._impl] [py stderr]: /media/samuel/Fast_SSD/SE4AI/thesis_repo/src/cobraflex_rl/cobraflex_rl/cv_lane_estimator.py:253: RankWarning: Polyfit may be poorly conditioned
  c2, c1, c0 = np.polyfit(xs, ys, 2)
2026-07-03T23:22:55Z [5,810,588ms] [Error] [omni.kit.app._impl] [py stderr]: /media/samuel/Fast_SSD/SE4AI/thesis_repo/src/cobraflex_rl/cobraflex_rl/cv_lane_estimator.py:253: RankWarning: Polyfit may be poorly conditioned
  c2, c1, c0 = np.polyfit(xs, ys, 2)
Early stopping at step 2 due to reaching max kl: 3.05
PPO progress: 156000/1000000 (16%) | ep_rew_mean=13.39 | ep_len_mean=20 | episodes=100 | fps=26
---------------------------------------
| rollout/                |           |
|    ep_len_mean          | 23.9      |
|    ep_rew_mean          | 17.9      |
| time/                   |           |
|    fps                  | 26        |
|    iterations           | 153       |
|    time_elapsed         | 5818      |
|    total_timesteps      | 156672    |
| train/                  |           |
|    approx_kl            | 0.3853974 |
|    clip_fraction        | 0.402     |
|    clip_range           | 0.2       |
|    clip_range_vf        | 0.2       |
|    entropy_loss         | -1.6      |
|    explained_variance   | 0.427     |
|    learning_rate        | 0.000253  |
|    loss                 | 0.116     |
|    n_updates            | 1302      |
|    policy_gradient_loss | -0.00314  |
|    std                  | 0.54      |
|    value_loss           | 0.291     |
---------------------------------------
PPO progress: 157000/1000000 (16%) | ep_rew_mean=20.07 | ep_len_mean=25 | episodes=100 | fps=26
2026-07-03T23:23:51Z [5,865,721ms] [Error] [omni.kit.app._impl] [py stderr]: /media/samuel/Fast_SSD/SE4AI/thesis_repo/src/cobraflex_rl/cobraflex_rl/cv_lane_estimator.py:253: RankWarning: Polyfit may be poorly conditioned
  c2, c1, c0 = np.polyfit(xs, ys, 2)
2026-07-03T23:23:51Z [5,865,721ms] [Error] [omni.kit.app._impl] [py stderr]: /media/samuel/Fast_SSD/SE4AI/thesis_repo/src/cobraflex_rl/cobraflex_rl/cv_lane_estimator.py:253: RankWarning: Polyfit may be poorly conditioned
  c2, c1, c0 = np.polyfit(xs, ys, 2)
2026-07-03T23:23:51Z [5,865,983ms] [Error] [omni.kit.app._impl] [py stderr]: /media/samuel/Fast_SSD/SE4AI/thesis_repo/src/cobraflex_rl/cobraflex_rl/cv_lane_estimator.py:253: RankWarning: Polyfit may be poorly conditioned
  c2, c1, c0 = np.polyfit(xs, ys, 2)
----------------------------------------
| rollout/                |            |
|    ep_len_mean          | 23.2       |
|    ep_rew_mean          | 19.1       |
| time/                   |            |
|    fps                  | 26         |
|    iterations           | 154        |
|    time_elapsed         | 5854       |
|    total_timesteps      | 157696     |
| train/                  |            |
|    approx_kl            | 0.13036573 |
|    clip_fraction        | 0.486      |
|    clip_range           | 0.2        |
|    clip_range_vf        | 0.2        |
|    entropy_loss         | -1.6       |
|    explained_variance   | 0.648      |
|    learning_rate        | 0.000253   |
|    loss                 | -0.0291    |
|    n_updates            | 1312       |
|    policy_gradient_loss | -0.0649    |
|    std                  | 0.537      |
|    value_loss           | 0.186      |
----------------------------------------
PPO progress: 158000/1000000 (16%) | ep_rew_mean=22.09 | ep_len_mean=25 | episodes=100 | fps=26
----------------------------------------
| rollout/                |            |
|    ep_len_mean          | 28.1       |
|    ep_rew_mean          | 24.4       |
| time/                   |            |
|    fps                  | 26         |
|    iterations           | 155        |
|    time_elapsed         | 5886       |
|    total_timesteps      | 158720     |
| train/                  |            |
|    approx_kl            | 0.18409777 |
|    clip_fraction        | 0.443      |
|    clip_range           | 0.2        |
|    clip_range_vf        | 0.2        |
|    entropy_loss         | -1.59      |
|    explained_variance   | 0.649      |
|    learning_rate        | 0.000253   |
|    loss                 | -0.058     |
|    n_updates            | 1322       |
|    policy_gradient_loss | -0.0555    |
|    std                  | 0.534      |
|    value_loss           | 0.0913     |
----------------------------------------
Early stopping at step 7 due to reaching max kl: 0.91
PPO progress: 159000/1000000 (16%) | ep_rew_mean=24.50 | ep_len_mean=28 | episodes=100 | fps=26
2026-07-03T23:25:01Z [5,936,549ms] [Error] [omni.kit.app._impl] [py stderr]: /media/samuel/Fast_SSD/SE4AI/thesis_repo/src/cobraflex_rl/cobraflex_rl/cv_lane_estimator.py:253: RankWarning: Polyfit may be poorly conditioned
  c2, c1, c0 = np.polyfit(xs, ys, 2)
----------------------------------------
| rollout/                |            |
|    ep_len_mean          | 32.9       |
|    ep_rew_mean          | 28.1       |
| time/                   |            |
|    fps                  | 26         |
|    iterations           | 156        |
|    time_elapsed         | 5925       |
|    total_timesteps      | 159744     |
| train/                  |            |
|    approx_kl            | 0.29994845 |
|    clip_fraction        | 0.509      |
|    clip_range           | 0.2        |
|    clip_range_vf        | 0.2        |
|    entropy_loss         | -1.58      |
|    explained_variance   | 0.841      |
|    learning_rate        | 0.000252   |
|    loss                 | -0.0715    |
|    n_updates            | 1330       |
|    policy_gradient_loss | -0.0539    |
|    std                  | 0.53       |
|    value_loss           | 0.131      |
----------------------------------------
PPO progress: 160000/1000000 (16%) | ep_rew_mean=30.40 | ep_len_mean=35 | episodes=100 | fps=26
2026-07-03T23:25:25Z [5,959,959ms] [Error] [omni.kit.app._impl] [py stderr]: /media/samuel/Fast_SSD/SE4AI/thesis_repo/src/cobraflex_rl/cobraflex_rl/cv_lane_estimator.py:253: RankWarning: Polyfit may be poorly conditioned
  c2, c1, c0 = np.polyfit(xs, ys, 2)
2026-07-03T23:25:25Z [5,959,959ms] [Error] [omni.kit.app._impl] [py stderr]: /media/samuel/Fast_SSD/SE4AI/thesis_repo/src/cobraflex_rl/cobraflex_rl/cv_lane_estimator.py:253: RankWarning: Polyfit may be poorly conditioned
  c2, c1, c0 = np.polyfit(xs, ys, 2)
2026-07-03T23:25:25Z [5,959,966ms] [Error] [omni.kit.app._impl] [py stderr]: /media/samuel/Fast_SSD/SE4AI/thesis_repo/src/cobraflex_rl/cobraflex_rl/cv_lane_estimator.py:253: RankWarning: Polyfit may be poorly conditioned
  c2, c1, c0 = np.polyfit(xs, ys, 2)
2026-07-03T23:25:25Z [5,959,966ms] [Error] [omni.kit.app._impl] [py stderr]: /media/samuel/Fast_SSD/SE4AI/thesis_repo/src/cobraflex_rl/cobraflex_rl/cv_lane_estimator.py:253: RankWarning: Polyfit may be poorly conditioned
  c2, c1, c0 = np.polyfit(xs, ys, 2)
----------------------------------------
| rollout/                |            |
|    ep_len_mean          | 38.5       |
|    ep_rew_mean          | 34.6       |
| time/                   |            |
|    fps                  | 27         |
|    iterations           | 157        |
|    time_elapsed         | 5954       |
|    total_timesteps      | 160768     |
| train/                  |            |
|    approx_kl            | 0.25459766 |
|    clip_fraction        | 0.515      |
|    clip_range           | 0.2        |
|    clip_range_vf        | 0.2        |
|    entropy_loss         | -1.56      |
|    explained_variance   | 0.561      |
|    learning_rate        | 0.000252   |
|    loss                 | -0.062     |
|    n_updates            | 1340       |
|    policy_gradient_loss | -0.055     |
|    std                  | 0.521      |
|    value_loss           | 0.19       |
----------------------------------------
PPO progress: 161000/1000000 (16%) | ep_rew_mean=32.91 | ep_len_mean=38 | episodes=100 | fps=26
----------------------------------------
| rollout/                |            |
|    ep_len_mean          | 39.2       |
|    ep_rew_mean          | 33.5       |
| time/                   |            |
|    fps                  | 26         |
|    iterations           | 158        |
|    time_elapsed         | 5993       |
|    total_timesteps      | 161792     |
| train/                  |            |
|    approx_kl            | 0.15170565 |
|    clip_fraction        | 0.47       |
|    clip_range           | 0.2        |
|    clip_range_vf        | 0.2        |
|    entropy_loss         | -1.52      |
|    explained_variance   | 0.702      |
|    learning_rate        | 0.000252   |
|    loss                 | -0.0673    |
|    n_updates            | 1350       |
|    policy_gradient_loss | -0.0644    |
|    std                  | 0.514      |
|    value_loss           | 0.0997     |
----------------------------------------
PPO progress: 162000/1000000 (16%) | ep_rew_mean=34.21 | ep_len_mean=40 | episodes=100 | fps=27
----------------------------------------
| rollout/                |            |
|    ep_len_mean          | 43.3       |
|    ep_rew_mean          | 40.2       |
| time/                   |            |
|    fps                  | 27         |
|    iterations           | 159        |
|    time_elapsed         | 6022       |
|    total_timesteps      | 162816     |
| train/                  |            |
|    approx_kl            | 0.22267789 |
|    clip_fraction        | 0.457      |
|    clip_range           | 0.2        |
|    clip_range_vf        | 0.2        |
|    entropy_loss         | -1.5       |
|    explained_variance   | 0.733      |
|    learning_rate        | 0.000251   |
|    loss                 | 0.000181   |
|    n_updates            | 1360       |
|    policy_gradient_loss | -0.054     |
|    std                  | 0.51       |
|    value_loss           | 0.179      |
----------------------------------------
PPO progress: 163000/1000000 (16%) | ep_rew_mean=38.06 | ep_len_mean=42 | episodes=100 | fps=27
----------------------------------------
| rollout/                |            |
|    ep_len_mean          | 35.9       |
|    ep_rew_mean          | 31.8       |
| time/                   |            |
|    fps                  | 27         |
|    iterations           | 160        |
|    time_elapsed         | 6056       |
|    total_timesteps      | 163840     |
| train/                  |            |
|    approx_kl            | 0.23895457 |
|    clip_fraction        | 0.452      |
|    clip_range           | 0.2        |
|    clip_range_vf        | 0.2        |
|    entropy_loss         | -1.48      |
|    explained_variance   | 0.706      |
|    learning_rate        | 0.000251   |
|    loss                 | 0.0982     |
|    n_updates            | 1370       |
|    policy_gradient_loss | -0.0494    |
|    std                  | 0.504      |
|    value_loss           | 0.126      |
----------------------------------------
Early stopping at step 2 due to reaching max kl: 1.32
PPO progress: 164000/1000000 (16%) | ep_rew_mean=33.38 | ep_len_mean=37 | episodes=100 | fps=27
2026-07-03T23:27:29Z [6,084,400ms] [Error] [omni.kit.app._impl] [py stderr]: /media/samuel/Fast_SSD/SE4AI/thesis_repo/src/cobraflex_rl/cobraflex_rl/cv_lane_estimator.py:253: RankWarning: Polyfit may be poorly conditioned
  c2, c1, c0 = np.polyfit(xs, ys, 2)
2026-07-03T23:27:40Z [6,095,512ms] [Error] [omni.kit.app._impl] [py stderr]: /media/samuel/Fast_SSD/SE4AI/thesis_repo/src/cobraflex_rl/cobraflex_rl/cv_lane_estimator.py:253: RankWarning: Polyfit may be poorly conditioned
  c2, c1, c0 = np.polyfit(xs, ys, 2)
2026-07-03T23:27:40Z [6,095,540ms] [Error] [omni.kit.app._impl] [py stderr]: /media/samuel/Fast_SSD/SE4AI/thesis_repo/src/cobraflex_rl/cobraflex_rl/cv_lane_estimator.py:253: RankWarning: Polyfit may be poorly conditioned
  c2, c1, c0 = np.polyfit(xs, ys, 2)
2026-07-03T23:27:40Z [6,095,540ms] [Error] [omni.kit.app._impl] [py stderr]: /media/samuel/Fast_SSD/SE4AI/thesis_repo/src/cobraflex_rl/cobraflex_rl/cv_lane_estimator.py:253: RankWarning: Polyfit may be poorly conditioned
  c2, c1, c0 = np.polyfit(xs, ys, 2)
----------------------------------------
| rollout/                |            |
|    ep_len_mean          | 37.4       |
|    ep_rew_mean          | 33.9       |
| time/                   |            |
|    fps                  | 27         |
|    iterations           | 161        |
|    time_elapsed         | 6083       |
|    total_timesteps      | 164864     |
| train/                  |            |
|    approx_kl            | 0.24092494 |
|    clip_fraction        | 0.406      |
|    clip_range           | 0.2        |
|    clip_range_vf        | 0.2        |
|    entropy_loss         | -1.47      |
|    explained_variance   | 0.833      |
|    learning_rate        | 0.000251   |
|    loss                 | 0.0481     |
|    n_updates            | 1373       |
|    policy_gradient_loss | -0.00348   |
|    std                  | 0.505      |
|    value_loss           | 0.169      |
----------------------------------------
Early stopping at step 7 due to reaching max kl: 0.75
PPO progress: 165000/1000000 (16%) | ep_rew_mean=35.77 | ep_len_mean=39 | episodes=100 | fps=27
----------------------------------------
| rollout/                |            |
|    ep_len_mean          | 29.9       |
|    ep_rew_mean          | 27.2       |
| time/                   |            |
|    fps                  | 27         |
|    iterations           | 162        |
|    time_elapsed         | 6123       |
|    total_timesteps      | 165888     |
| train/                  |            |
|    approx_kl            | 0.24175593 |
|    clip_fraction        | 0.457      |
|    clip_range           | 0.2        |
|    clip_range_vf        | 0.2        |
|    entropy_loss         | -1.47      |
|    explained_variance   | 0.59       |
|    learning_rate        | 0.000251   |
|    loss                 | -0.0199    |
|    n_updates            | 1381       |
|    policy_gradient_loss | -0.0477    |
|    std                  | 0.502      |
|    value_loss           | 0.257      |
----------------------------------------
PPO progress: 166000/1000000 (17%) | ep_rew_mean=27.17 | ep_len_mean=30 | episodes=100 | fps=27
2026-07-03T23:28:27Z [6,142,396ms] [Error] [omni.kit.app._impl] [py stderr]: /media/samuel/Fast_SSD/SE4AI/thesis_repo/src/cobraflex_rl/cobraflex_rl/cv_lane_estimator.py:253: RankWarning: Polyfit may be poorly conditioned
  c2, c1, c0 = np.polyfit(xs, ys, 2)
----------------------------------------
| rollout/                |            |
|    ep_len_mean          | 35.4       |
|    ep_rew_mean          | 34.1       |
| time/                   |            |
|    fps                  | 27         |
|    iterations           | 163        |
|    time_elapsed         | 6155       |
|    total_timesteps      | 166912     |
| train/                  |            |
|    approx_kl            | 0.19361429 |
|    clip_fraction        | 0.526      |
|    clip_range           | 0.2        |
|    clip_range_vf        | 0.2        |
|    entropy_loss         | -1.45      |
|    explained_variance   | 0.604      |
|    learning_rate        | 0.00025    |
|    loss                 | 0.0367     |
|    n_updates            | 1391       |
|    policy_gradient_loss | -0.0597    |
|    std                  | 0.496      |
|    value_loss           | 0.233      |
----------------------------------------
PPO progress: 167000/1000000 (17%) | ep_rew_mean=36.34 | ep_len_mean=37 | episodes=100 | fps=27
----------------------------------------
| rollout/                |            |
|    ep_len_mean          | 40.5       |
|    ep_rew_mean          | 40.6       |
| time/                   |            |
|    fps                  | 27         |
|    iterations           | 164        |
|    time_elapsed         | 6186       |
|    total_timesteps      | 167936     |
| train/                  |            |
|    approx_kl            | 0.24801409 |
|    clip_fraction        | 0.463      |
|    clip_range           | 0.2        |
|    clip_range_vf        | 0.2        |
|    entropy_loss         | -1.42      |
|    explained_variance   | 0.852      |
|    learning_rate        | 0.00025    |
|    loss                 | -0.0676    |
|    n_updates            | 1401       |
|    policy_gradient_loss | -0.0507    |
|    std                  | 0.488      |
|    value_loss           | 0.0783     |
----------------------------------------
PPO progress: 168000/1000000 (17%) | ep_rew_mean=40.26 | ep_len_mean=40 | episodes=100 | fps=27
----------------------------------------
| rollout/                |            |
|    ep_len_mean          | 37.7       |
|    ep_rew_mean          | 34.7       |
| time/                   |            |
|    fps                  | 27         |
|    iterations           | 165        |
|    time_elapsed         | 6225       |
|    total_timesteps      | 168960     |
| train/                  |            |
|    approx_kl            | 0.21549383 |
|    clip_fraction        | 0.524      |
|    clip_range           | 0.2        |
|    clip_range_vf        | 0.2        |
|    entropy_loss         | -1.4       |
|    explained_variance   | 0.827      |
|    learning_rate        | 0.00025    |
|    loss                 | -0.0588    |
|    n_updates            | 1411       |
|    policy_gradient_loss | -0.0562    |
|    std                  | 0.486      |
|    value_loss           | 0.0834     |
----------------------------------------
PPO progress: 169000/1000000 (17%) | ep_rew_mean=35.08 | ep_len_mean=38 | episodes=100 | fps=27
----------------------------------------
| rollout/                |            |
|    ep_len_mean          | 34.5       |
|    ep_rew_mean          | 29.3       |
| time/                   |            |
|    fps                  | 27         |
|    iterations           | 166        |
|    time_elapsed         | 6268       |
|    total_timesteps      | 169984     |
| train/                  |            |
|    approx_kl            | 0.20285912 |
|    clip_fraction        | 0.458      |
|    clip_range           | 0.2        |
|    clip_range_vf        | 0.2        |
|    entropy_loss         | -1.39      |
|    explained_variance   | 0.719      |
|    learning_rate        | 0.000249   |
|    loss                 | 0.0327     |
|    n_updates            | 1421       |
|    policy_gradient_loss | -0.0541    |
|    std                  | 0.483      |
|    value_loss           | 0.209      |
----------------------------------------
PPO progress: 170000/1000000 (17%) | ep_rew_mean=29.31 | ep_len_mean=35 | episodes=100 | fps=27
PPO progress: 171000/1000000 (17%) | ep_rew_mean=24.49 | ep_len_mean=30 | episodes=100 | fps=27
----------------------------------------
| rollout/                |            |
|    ep_len_mean          | 29.8       |
|    ep_rew_mean          | 24.5       |
| time/                   |            |
|    fps                  | 27         |
|    iterations           | 167        |
|    time_elapsed         | 6302       |
|    total_timesteps      | 171008     |
| train/                  |            |
|    approx_kl            | 0.16659856 |
|    clip_fraction        | 0.506      |
|    clip_range           | 0.2        |
|    clip_range_vf        | 0.2        |
|    entropy_loss         | -1.38      |
|    explained_variance   | 0.688      |
|    learning_rate        | 0.000249   |
|    loss                 | 0.00444    |
|    n_updates            | 1431       |
|    policy_gradient_loss | -0.0593    |
|    std                  | 0.478      |
|    value_loss           | 0.267      |
----------------------------------------
PPO progress: 172000/1000000 (17%) | ep_rew_mean=30.82 | ep_len_mean=32 | episodes=100 | fps=27
----------------------------------------
| rollout/                |            |
|    ep_len_mean          | 32.4       |
|    ep_rew_mean          | 30.8       |
| time/                   |            |
|    fps                  | 27         |
|    iterations           | 168        |
|    time_elapsed         | 6336       |
|    total_timesteps      | 172032     |
| train/                  |            |
|    approx_kl            | 0.33695775 |
|    clip_fraction        | 0.576      |
|    clip_range           | 0.2        |
|    clip_range_vf        | 0.2        |
|    entropy_loss         | -1.35      |
|    explained_variance   | 0.747      |
|    learning_rate        | 0.000249   |
|    loss                 | -0.0884    |
|    n_updates            | 1441       |
|    policy_gradient_loss | -0.0737    |
|    std                  | 0.469      |
|    value_loss           | 0.145      |
----------------------------------------
2026-07-03T23:32:12Z [6,366,709ms] [Error] [omni.kit.app._impl] [py stderr]: /media/samuel/Fast_SSD/SE4AI/thesis_repo/src/cobraflex_rl/cobraflex_rl/cv_lane_estimator.py:253: RankWarning: Polyfit may be poorly conditioned
  c2, c1, c0 = np.polyfit(xs, ys, 2)
2026-07-03T23:32:12Z [6,366,757ms] [Error] [omni.kit.app._impl] [py stderr]: /media/samuel/Fast_SSD/SE4AI/thesis_repo/src/cobraflex_rl/cobraflex_rl/cv_lane_estimator.py:253: RankWarning: Polyfit may be poorly conditioned
  c2, c1, c0 = np.polyfit(xs, ys, 2)
Early stopping at step 9 due to reaching max kl: 0.81
PPO progress: 173000/1000000 (17%) | ep_rew_mean=34.28 | ep_len_mean=37 | episodes=100 | fps=27
---------------------------------------
| rollout/                |           |
|    ep_len_mean          | 36.6      |
|    ep_rew_mean          | 34.3      |
| time/                   |           |
|    fps                  | 27        |
|    iterations           | 169       |
|    time_elapsed         | 6370      |
|    total_timesteps      | 173056    |
| train/                  |           |
|    approx_kl            | 0.8054541 |
|    clip_fraction        | 0.545     |
|    clip_range           | 0.2       |
|    clip_range_vf        | 0.2       |
|    entropy_loss         | -1.31     |
|    explained_variance   | 0.764     |
|    learning_rate        | 0.000248  |
|    loss                 | -0.0878   |
|    n_updates            | 1451      |
|    policy_gradient_loss | -0.062    |
|    std                  | 0.463     |
|    value_loss           | 0.116     |
---------------------------------------
2026-07-03T23:32:40Z [6,395,223ms] [Error] [omni.kit.app._impl] [py stderr]: /media/samuel/Fast_SSD/SE4AI/thesis_repo/src/cobraflex_rl/cobraflex_rl/cv_lane_estimator.py:253: RankWarning: Polyfit may be poorly conditioned
  c2, c1, c0 = np.polyfit(xs, ys, 2)
2026-07-03T23:32:55Z [6,409,699ms] [Error] [omni.kit.app._impl] [py stderr]: /media/samuel/Fast_SSD/SE4AI/thesis_repo/src/cobraflex_rl/cobraflex_rl/cv_lane_estimator.py:253: RankWarning: Polyfit may be poorly conditioned
  c2, c1, c0 = np.polyfit(xs, ys, 2)
2026-07-03T23:32:55Z [6,409,699ms] [Error] [omni.kit.app._impl] [py stderr]: /media/samuel/Fast_SSD/SE4AI/thesis_repo/src/cobraflex_rl/cobraflex_rl/cv_lane_estimator.py:253: RankWarning: Polyfit may be poorly conditioned
  c2, c1, c0 = np.polyfit(xs, ys, 2)
2026-07-03T23:32:55Z [6,409,715ms] [Error] [omni.kit.app._impl] [py stderr]: /media/samuel/Fast_SSD/SE4AI/thesis_repo/src/cobraflex_rl/cobraflex_rl/cv_lane_estimator.py:253: RankWarning: Polyfit may be poorly conditioned
  c2, c1, c0 = np.polyfit(xs, ys, 2)
2026-07-03T23:32:55Z [6,409,715ms] [Error] [omni.kit.app._impl] [py stderr]: /media/samuel/Fast_SSD/SE4AI/thesis_repo/src/cobraflex_rl/cobraflex_rl/cv_lane_estimator.py:253: RankWarning: Polyfit may be poorly conditioned
  c2, c1, c0 = np.polyfit(xs, ys, 2)
2026-07-03T23:32:55Z [6,409,941ms] [Error] [omni.kit.app._impl] [py stderr]: /media/samuel/Fast_SSD/SE4AI/thesis_repo/src/cobraflex_rl/cobraflex_rl/cv_lane_estimator.py:253: RankWarning: Polyfit may be poorly conditioned
  c2, c1, c0 = np.polyfit(xs, ys, 2)
2026-07-03T23:32:55Z [6,409,941ms] [Error] [omni.kit.app._impl] [py stderr]: /media/samuel/Fast_SSD/SE4AI/thesis_repo/src/cobraflex_rl/cobraflex_rl/cv_lane_estimator.py:253: RankWarning: Polyfit may be poorly conditioned
  c2, c1, c0 = np.polyfit(xs, ys, 2)
2026-07-03T23:32:55Z [6,409,941ms] [Error] [omni.kit.app._impl] [py stderr]: /media/samuel/Fast_SSD/SE4AI/thesis_repo/src/cobraflex_rl/cobraflex_rl/cv_lane_estimator.py:253: RankWarning: Polyfit may be poorly conditioned
  c2, c1, c0 = np.polyfit(xs, ys, 2)
2026-07-03T23:32:55Z [6,409,964ms] [Error] [omni.kit.app._impl] [py stderr]: /media/samuel/Fast_SSD/SE4AI/thesis_repo/src/cobraflex_rl/cobraflex_rl/cv_lane_estimator.py:253: RankWarning: Polyfit may be poorly conditioned
  c2, c1, c0 = np.polyfit(xs, ys, 2)
2026-07-03T23:32:55Z [6,409,965ms] [Error] [omni.kit.app._impl] [py stderr]: /media/samuel/Fast_SSD/SE4AI/thesis_repo/src/cobraflex_rl/cobraflex_rl/cv_lane_estimator.py:253: RankWarning: Polyfit may be poorly conditioned
  c2, c1, c0 = np.polyfit(xs, ys, 2)
2026-07-03T23:32:55Z [6,409,965ms] [Error] [omni.kit.app._impl] [py stderr]: /media/samuel/Fast_SSD/SE4AI/thesis_repo/src/cobraflex_rl/cobraflex_rl/cv_lane_estimator.py:253: RankWarning: Polyfit may be poorly conditioned
  c2, c1, c0 = np.polyfit(xs, ys, 2)
2026-07-03T23:32:55Z [6,409,987ms] [Error] [omni.kit.app._impl] [py stderr]: /media/samuel/Fast_SSD/SE4AI/thesis_repo/src/cobraflex_rl/cobraflex_rl/cv_lane_estimator.py:253: RankWarning: Polyfit may be poorly conditioned
  c2, c1, c0 = np.polyfit(xs, ys, 2)
2026-07-03T23:32:55Z [6,409,988ms] [Error] [omni.kit.app._impl] [py stderr]: /media/samuel/Fast_SSD/SE4AI/thesis_repo/src/cobraflex_rl/cobraflex_rl/cv_lane_estimator.py:253: RankWarning: Polyfit may be poorly conditioned
  c2, c1, c0 = np.polyfit(xs, ys, 2)
2026-07-03T23:32:55Z [6,410,059ms] [Error] [omni.kit.app._impl] [py stderr]: /media/samuel/Fast_SSD/SE4AI/thesis_repo/src/cobraflex_rl/cobraflex_rl/cv_lane_estimator.py:253: RankWarning: Polyfit may be poorly conditioned
  c2, c1, c0 = np.polyfit(xs, ys, 2)
2026-07-03T23:32:55Z [6,410,059ms] [Error] [omni.kit.app._impl] [py stderr]: /media/samuel/Fast_SSD/SE4AI/thesis_repo/src/cobraflex_rl/cobraflex_rl/cv_lane_estimator.py:253: RankWarning: Polyfit may be poorly conditioned
  c2, c1, c0 = np.polyfit(xs, ys, 2)
2026-07-03T23:32:55Z [6,410,059ms] [Error] [omni.kit.app._impl] [py stderr]: /media/samuel/Fast_SSD/SE4AI/thesis_repo/src/cobraflex_rl/cobraflex_rl/cv_lane_estimator.py:253: RankWarning: Polyfit may be poorly conditioned
  c2, c1, c0 = np.polyfit(xs, ys, 2)
2026-07-03T23:32:55Z [6,410,059ms] [Error] [omni.kit.app._impl] [py stderr]: /media/samuel/Fast_SSD/SE4AI/thesis_repo/src/cobraflex_rl/cobraflex_rl/cv_lane_estimator.py:253: RankWarning: Polyfit may be poorly conditioned
  c2, c1, c0 = np.polyfit(xs, ys, 2)
2026-07-03T23:32:55Z [6,410,059ms] [Error] [omni.kit.app._impl] [py stderr]: /media/samuel/Fast_SSD/SE4AI/thesis_repo/src/cobraflex_rl/cobraflex_rl/cv_lane_estimator.py:253: RankWarning: Polyfit may be poorly conditioned
  c2, c1, c0 = np.polyfit(xs, ys, 2)
Early stopping at step 2 due to reaching max kl: 0.76
PPO progress: 174000/1000000 (17%) | ep_rew_mean=29.37 | ep_len_mean=34 | episodes=100 | fps=27
----------------------------------------
| rollout/                |            |
|    ep_len_mean          | 31.6       |
|    ep_rew_mean          | 26.5       |
| time/                   |            |
|    fps                  | 27         |
|    iterations           | 170        |
|    time_elapsed         | 6408       |
|    total_timesteps      | 174080     |
| train/                  |            |
|    approx_kl            | 0.19305816 |
|    clip_fraction        | 0.407      |
|    clip_range           | 0.2        |
|    clip_range_vf        | 0.2        |
|    entropy_loss         | -1.29      |
|    explained_variance   | 0.611      |
|    learning_rate        | 0.000248   |
|    loss                 | 0.128      |
|    n_updates            | 1454       |
|    policy_gradient_loss | 0.00253    |
|    std                  | 0.462      |
|    value_loss           | 0.304      |
----------------------------------------
Early stopping at step 9 due to reaching max kl: 0.90
PPO progress: 175000/1000000 (18%) | ep_rew_mean=25.88 | ep_len_mean=31 | episodes=100 | fps=27
----------------------------------------
| rollout/                |            |
|    ep_len_mean          | 31.3       |
|    ep_rew_mean          | 26.9       |
| time/                   |            |
|    fps                  | 27         |
|    iterations           | 171        |
|    time_elapsed         | 6442       |
|    total_timesteps      | 175104     |
| train/                  |            |
|    approx_kl            | 0.51101524 |
|    clip_fraction        | 0.464      |
|    clip_range           | 0.2        |
|    clip_range_vf        | 0.2        |
|    entropy_loss         | -1.29      |
|    explained_variance   | 0.586      |
|    learning_rate        | 0.000248   |
|    loss                 | 0.0179     |
|    n_updates            | 1464       |
|    policy_gradient_loss | -0.0473    |
|    std                  | 0.459      |
|    value_loss           | 0.288      |
----------------------------------------
2026-07-03T23:34:04Z [6,479,351ms] [Error] [omni.kit.app._impl] [py stderr]: /media/samuel/Fast_SSD/SE4AI/thesis_repo/src/cobraflex_rl/cobraflex_rl/cv_lane_estimator.py:253: RankWarning: Polyfit may be poorly conditioned
  c2, c1, c0 = np.polyfit(xs, ys, 2)
PPO progress: 176000/1000000 (18%) | ep_rew_mean=22.68 | ep_len_mean=26 | episodes=100 | fps=27
----------------------------------------
| rollout/                |            |
|    ep_len_mean          | 24.7       |
|    ep_rew_mean          | 22.8       |
| time/                   |            |
|    fps                  | 27         |
|    iterations           | 172        |
|    time_elapsed         | 6492       |
|    total_timesteps      | 176128     |
| train/                  |            |
|    approx_kl            | 0.19524127 |
|    clip_fraction        | 0.522      |
|    clip_range           | 0.2        |
|    clip_range_vf        | 0.2        |
|    entropy_loss         | -1.27      |
|    explained_variance   | 0.594      |
|    learning_rate        | 0.000247   |
|    loss                 | -0.0337    |
|    n_updates            | 1474       |
|    policy_gradient_loss | -0.0606    |
|    std                  | 0.452      |
|    value_loss           | 0.188      |
----------------------------------------
2026-07-03T23:35:02Z [6,536,743ms] [Error] [omni.kit.app._impl] [py stderr]: /media/samuel/Fast_SSD/SE4AI/thesis_repo/src/cobraflex_rl/cobraflex_rl/cv_lane_estimator.py:253: RankWarning: Polyfit may be poorly conditioned
  c2, c1, c0 = np.polyfit(xs, ys, 2)
2026-07-03T23:35:02Z [6,536,743ms] [Error] [omni.kit.app._impl] [py stderr]: /media/samuel/Fast_SSD/SE4AI/thesis_repo/src/cobraflex_rl/cobraflex_rl/cv_lane_estimator.py:253: RankWarning: Polyfit may be poorly conditioned
  c2, c1, c0 = np.polyfit(xs, ys, 2)
2026-07-03T23:35:02Z [6,536,743ms] [Error] [omni.kit.app._impl] [py stderr]: /media/samuel/Fast_SSD/SE4AI/thesis_repo/src/cobraflex_rl/cobraflex_rl/cv_lane_estimator.py:253: RankWarning: Polyfit may be poorly conditioned
  c2, c1, c0 = np.polyfit(xs, ys, 2)
2026-07-03T23:35:02Z [6,536,743ms] [Error] [omni.kit.app._impl] [py stderr]: /media/samuel/Fast_SSD/SE4AI/thesis_repo/src/cobraflex_rl/cobraflex_rl/cv_lane_estimator.py:253: RankWarning: Polyfit may be poorly conditioned
  c2, c1, c0 = np.polyfit(xs, ys, 2)
Early stopping at step 6 due to reaching max kl: 0.86
PPO progress: 177000/1000000 (18%) | ep_rew_mean=22.13 | ep_len_mean=24 | episodes=100 | fps=27
----------------------------------------
| rollout/                |            |
|    ep_len_mean          | 24.1       |
|    ep_rew_mean          | 22.3       |
| time/                   |            |
|    fps                  | 27         |
|    iterations           | 173        |
|    time_elapsed         | 6532       |
|    total_timesteps      | 177152     |
| train/                  |            |
|    approx_kl            | 0.36747006 |
|    clip_fraction        | 0.429      |
|    clip_range           | 0.2        |
|    clip_range_vf        | 0.2        |
|    entropy_loss         | -1.24      |
|    explained_variance   | 0.679      |
|    learning_rate        | 0.000247   |
|    loss                 | -0.0788    |
|    n_updates            | 1481       |
|    policy_gradient_loss | -0.057     |
|    std                  | 0.449      |
|    value_loss           | 0.171      |
----------------------------------------
PPO progress: 178000/1000000 (18%) | ep_rew_mean=24.84 | ep_len_mean=26 | episodes=100 | fps=27
----------------------------------------
| rollout/                |            |
|    ep_len_mean          | 25.9       |
|    ep_rew_mean          | 24.8       |
| time/                   |            |
|    fps                  | 27         |
|    iterations           | 174        |
|    time_elapsed         | 6568       |
|    total_timesteps      | 178176     |
| train/                  |            |
|    approx_kl            | 0.20518212 |
|    clip_fraction        | 0.515      |
|    clip_range           | 0.2        |
|    clip_range_vf        | 0.2        |
|    entropy_loss         | -1.23      |
|    explained_variance   | 0.587      |
|    learning_rate        | 0.000247   |
|    loss                 | -0.0749    |
|    n_updates            | 1491       |
|    policy_gradient_loss | -0.0636    |
|    std                  | 0.445      |
|    value_loss           | 0.218      |
----------------------------------------
2026-07-03T23:36:16Z [6,611,258ms] [Error] [omni.kit.app._impl] [py stderr]: /media/samuel/Fast_SSD/SE4AI/thesis_repo/src/cobraflex_rl/cobraflex_rl/cv_lane_estimator.py:253: RankWarning: Polyfit may be poorly conditioned
  c2, c1, c0 = np.polyfit(xs, ys, 2)
PPO progress: 179000/1000000 (18%) | ep_rew_mean=28.01 | ep_len_mean=30 | episodes=100 | fps=27
----------------------------------------
| rollout/                |            |
|    ep_len_mean          | 29.6       |
|    ep_rew_mean          | 28         |
| time/                   |            |
|    fps                  | 27         |
|    iterations           | 175        |
|    time_elapsed         | 6606       |
|    total_timesteps      | 179200     |
| train/                  |            |
|    approx_kl            | 0.25228742 |
|    clip_fraction        | 0.539      |
|    clip_range           | 0.2        |
|    clip_range_vf        | 0.2        |
|    entropy_loss         | -1.21      |
|    explained_variance   | 0.621      |
|    learning_rate        | 0.000247   |
|    loss                 | 0.0127     |
|    n_updates            | 1501       |
|    policy_gradient_loss | -0.0538    |
|    std                  | 0.443      |
|    value_loss           | 0.165      |
----------------------------------------
PPO progress: 180000/1000000 (18%) | ep_rew_mean=23.21 | ep_len_mean=40 | episodes=100 | fps=27
2026-07-03T23:36:46Z [6,641,216ms] [Error] [omni.kit.app._impl] [py stderr]: /media/samuel/Fast_SSD/SE4AI/thesis_repo/src/cobraflex_rl/cobraflex_rl/cv_lane_estimator.py:253: RankWarning: Polyfit may be poorly conditioned
  c2, c1, c0 = np.polyfit(xs, ys, 2)
2026-07-03T23:36:46Z [6,641,223ms] [Error] [omni.kit.app._impl] [py stderr]: /media/samuel/Fast_SSD/SE4AI/thesis_repo/src/cobraflex_rl/cobraflex_rl/cv_lane_estimator.py:253: RankWarning: Polyfit may be poorly conditioned
  c2, c1, c0 = np.polyfit(xs, ys, 2)
2026-07-03T23:36:49Z [6,644,684ms] [Error] [omni.kit.app._impl] [py stderr]: /media/samuel/Fast_SSD/SE4AI/thesis_repo/src/cobraflex_rl/cobraflex_rl/cv_lane_estimator.py:253: RankWarning: Polyfit may be poorly conditioned
  c2, c1, c0 = np.polyfit(xs, ys, 2)
----------------------------------------
| rollout/                |            |
|    ep_len_mean          | 39.8       |
|    ep_rew_mean          | 23.5       |
| time/                   |            |
|    fps                  | 27         |
|    iterations           | 176        |
|    time_elapsed         | 6633       |
|    total_timesteps      | 180224     |
| train/                  |            |
|    approx_kl            | 0.19412589 |
|    clip_fraction        | 0.527      |
|    clip_range           | 0.2        |
|    clip_range_vf        | 0.2        |
|    entropy_loss         | -1.21      |
|    explained_variance   | 0.854      |
|    learning_rate        | 0.000246   |
|    loss                 | -0.0441    |
|    n_updates            | 1511       |
|    policy_gradient_loss | -0.0534    |
|    std                  | 0.441      |
|    value_loss           | 0.114      |
----------------------------------------
2026-07-03T23:37:21Z [6,676,195ms] [Error] [omni.kit.app._impl] [py stderr]: /media/samuel/Fast_SSD/SE4AI/thesis_repo/src/cobraflex_rl/cobraflex_rl/cv_lane_estimator.py:253: RankWarning: Polyfit may be poorly conditioned
  c2, c1, c0 = np.polyfit(xs, ys, 2)
PPO progress: 181000/1000000 (18%) | ep_rew_mean=23.47 | ep_len_mean=39 | episodes=100 | fps=27
---------------------------------------
| rollout/                |           |
|    ep_len_mean          | 40        |
|    ep_rew_mean          | 23.1      |
| time/                   |           |
|    fps                  | 27        |
|    iterations           | 177       |
|    time_elapsed         | 6674      |
|    total_timesteps      | 181248    |
| train/                  |           |
|    approx_kl            | 0.0805973 |
|    clip_fraction        | 0.399     |
|    clip_range           | 0.2       |
|    clip_range_vf        | 0.2       |
|    entropy_loss         | -1.19     |
|    explained_variance   | 0.957     |
|    learning_rate        | 0.000246  |
|    loss                 | -0.0468   |
|    n_updates            | 1521      |
|    policy_gradient_loss | -0.0184   |
|    std                  | 0.437     |
|    value_loss           | 0.025     |
---------------------------------------
Early stopping at step 7 due to reaching max kl: 0.77
PPO progress: 182000/1000000 (18%) | ep_rew_mean=13.00 | ep_len_mean=32 | episodes=100 | fps=27
---------------------------------------
| rollout/                |           |
|    ep_len_mean          | 33.5      |
|    ep_rew_mean          | 15.3      |
| time/                   |           |
|    fps                  | 27        |
|    iterations           | 178       |
|    time_elapsed         | 6717      |
|    total_timesteps      | 182272    |
| train/                  |           |
|    approx_kl            | 0.4455265 |
|    clip_fraction        | 0.531     |
|    clip_range           | 0.2       |
|    clip_range_vf        | 0.2       |
|    entropy_loss         | -1.17     |
|    explained_variance   | 0.826     |
|    learning_rate        | 0.000246  |
|    loss                 | -0.12     |
|    n_updates            | 1529      |
|    policy_gradient_loss | -0.0589   |
|    std                  | 0.432     |
|    value_loss           | 0.119     |
---------------------------------------
Early stopping at step 3 due to reaching max kl: 0.77
PPO progress: 183000/1000000 (18%) | ep_rew_mean=25.82 | ep_len_mean=28 | episodes=100 | fps=27
----------------------------------------
| rollout/                |            |
|    ep_len_mean          | 23.2       |
|    ep_rew_mean          | 19.6       |
| time/                   |            |
|    fps                  | 27         |
|    iterations           | 179        |
|    time_elapsed         | 6751       |
|    total_timesteps      | 183296     |
| train/                  |            |
|    approx_kl            | 0.21916835 |
|    clip_fraction        | 0.4        |
|    clip_range           | 0.2        |
|    clip_range_vf        | 0.2        |
|    entropy_loss         | -1.16      |
|    explained_variance   | 0.807      |
|    learning_rate        | 0.000245   |
|    loss                 | -0.0287    |
|    n_updates            | 1533       |
|    policy_gradient_loss | -0.0197    |
|    std                  | 0.433      |
|    value_loss           | 0.131      |
----------------------------------------
PPO progress: 184000/1000000 (18%) | ep_rew_mean=27.00 | ep_len_mean=30 | episodes=100 | fps=27
2026-07-03T23:39:16Z [6,790,944ms] [Error] [omni.kit.app._impl] [py stderr]: /media/samuel/Fast_SSD/SE4AI/thesis_repo/src/cobraflex_rl/cobraflex_rl/cv_lane_estimator.py:253: RankWarning: Polyfit may be poorly conditioned
  c2, c1, c0 = np.polyfit(xs, ys, 2)
2026-07-03T23:39:16Z [6,790,944ms] [Error] [omni.kit.app._impl] [py stderr]: /media/samuel/Fast_SSD/SE4AI/thesis_repo/src/cobraflex_rl/cobraflex_rl/cv_lane_estimator.py:253: RankWarning: Polyfit may be poorly conditioned
  c2, c1, c0 = np.polyfit(xs, ys, 2)
----------------------------------------
| rollout/                |            |
|    ep_len_mean          | 30.2       |
|    ep_rew_mean          | 28         |
| time/                   |            |
|    fps                  | 27         |
|    iterations           | 180        |
|    time_elapsed         | 6787       |
|    total_timesteps      | 184320     |
| train/                  |            |
|    approx_kl            | 0.25622106 |
|    clip_fraction        | 0.569      |
|    clip_range           | 0.2        |
|    clip_range_vf        | 0.2        |
|    entropy_loss         | -1.16      |
|    explained_variance   | 0.737      |
|    learning_rate        | 0.000245   |
|    loss                 | -0.0958    |
|    n_updates            | 1543       |
|    policy_gradient_loss | -0.0699    |
|    std                  | 0.428      |
|    value_loss           | 0.133      |
----------------------------------------
PPO progress: 185000/1000000 (18%) | ep_rew_mean=34.13 | ep_len_mean=36 | episodes=100 | fps=27
2026-07-03T23:39:57Z [6,831,873ms] [Error] [omni.kit.app._impl] [py stderr]: /media/samuel/Fast_SSD/SE4AI/thesis_repo/src/cobraflex_rl/cobraflex_rl/cv_lane_estimator.py:253: RankWarning: Polyfit may be poorly conditioned
  c2, c1, c0 = np.polyfit(xs, ys, 2)
----------------------------------------
| rollout/                |            |
|    ep_len_mean          | 38.1       |
|    ep_rew_mean          | 37.2       |
| time/                   |            |
|    fps                  | 27         |
|    iterations           | 181        |
|    time_elapsed         | 6818       |
|    total_timesteps      | 185344     |
| train/                  |            |
|    approx_kl            | 0.17843649 |
|    clip_fraction        | 0.516      |
|    clip_range           | 0.2        |
|    clip_range_vf        | 0.2        |
|    entropy_loss         | -1.13      |
|    explained_variance   | 0.553      |
|    learning_rate        | 0.000245   |
|    loss                 | -0.0613    |
|    n_updates            | 1553       |
|    policy_gradient_loss | -0.0686    |
|    std                  | 0.424      |
|    value_loss           | 0.176      |
----------------------------------------
2026-07-03T23:40:09Z [6,844,067ms] [Error] [omni.kit.app._impl] [py stderr]: /media/samuel/Fast_SSD/SE4AI/thesis_repo/src/cobraflex_rl/cobraflex_rl/cv_lane_estimator.py:253: RankWarning: Polyfit may be poorly conditioned
  c2, c1, c0 = np.polyfit(xs, ys, 2)
PPO progress: 186000/1000000 (19%) | ep_rew_mean=37.74 | ep_len_mean=38 | episodes=100 | fps=27
----------------------------------------
| rollout/                |            |
|    ep_len_mean          | 36.3       |
|    ep_rew_mean          | 36.1       |
| time/                   |            |
|    fps                  | 27         |
|    iterations           | 182        |
|    time_elapsed         | 6850       |
|    total_timesteps      | 186368     |
| train/                  |            |
|    approx_kl            | 0.18500519 |
|    clip_fraction        | 0.533      |
|    clip_range           | 0.2        |
|    clip_range_vf        | 0.2        |
|    entropy_loss         | -1.11      |
|    explained_variance   | 0.771      |
|    learning_rate        | 0.000244   |
|    loss                 | -0.0439    |
|    n_updates            | 1563       |
|    policy_gradient_loss | -0.0648    |
|    std                  | 0.418      |
|    value_loss           | 0.102      |
----------------------------------------
2026-07-03T23:40:48Z [6,883,434ms] [Error] [omni.kit.app._impl] [py stderr]: /media/samuel/Fast_SSD/SE4AI/thesis_repo/src/cobraflex_rl/cobraflex_rl/cv_lane_estimator.py:253: RankWarning: Polyfit may be poorly conditioned
  c2, c1, c0 = np.polyfit(xs, ys, 2)
2026-07-03T23:40:48Z [6,883,434ms] [Error] [omni.kit.app._impl] [py stderr]: /media/samuel/Fast_SSD/SE4AI/thesis_repo/src/cobraflex_rl/cobraflex_rl/cv_lane_estimator.py:253: RankWarning: Polyfit may be poorly conditioned
  c2, c1, c0 = np.polyfit(xs, ys, 2)
2026-07-03T23:40:49Z [6,883,891ms] [Error] [omni.kit.app._impl] [py stderr]: /media/samuel/Fast_SSD/SE4AI/thesis_repo/src/cobraflex_rl/cobraflex_rl/cv_lane_estimator.py:253: RankWarning: Polyfit may be poorly conditioned
  c2, c1, c0 = np.polyfit(xs, ys, 2)
2026-07-03T23:40:49Z [6,883,898ms] [Error] [omni.kit.app._impl] [py stderr]: /media/samuel/Fast_SSD/SE4AI/thesis_repo/src/cobraflex_rl/cobraflex_rl/cv_lane_estimator.py:253: RankWarning: Polyfit may be poorly conditioned
  c2, c1, c0 = np.polyfit(xs, ys, 2)
PPO progress: 187000/1000000 (19%) | ep_rew_mean=31.23 | ep_len_mean=33 | episodes=100 | fps=27
----------------------------------------
| rollout/                |            |
|    ep_len_mean          | 33         |
|    ep_rew_mean          | 32         |
| time/                   |            |
|    fps                  | 27         |
|    iterations           | 183        |
|    time_elapsed         | 6890       |
|    total_timesteps      | 187392     |
| train/                  |            |
|    approx_kl            | 0.23839675 |
|    clip_fraction        | 0.467      |
|    clip_range           | 0.2        |
|    clip_range_vf        | 0.2        |
|    entropy_loss         | -1.08      |
|    explained_variance   | 0.47       |
|    learning_rate        | 0.000244   |
|    loss                 | -0.0466    |
|    n_updates            | 1573       |
|    policy_gradient_loss | -0.0635    |
|    std                  | 0.413      |
|    value_loss           | 0.159      |
----------------------------------------
2026-07-03T23:41:23Z [6,918,384ms] [Error] [omni.kit.app._impl] [py stderr]: /media/samuel/Fast_SSD/SE4AI/thesis_repo/src/cobraflex_rl/cobraflex_rl/cv_lane_estimator.py:253: RankWarning: Polyfit may be poorly conditioned
  c2, c1, c0 = np.polyfit(xs, ys, 2)
PPO progress: 188000/1000000 (19%) | ep_rew_mean=20.89 | ep_len_mean=24 | episodes=100 | fps=27
[isaac_interface] WARN: Spawn pose did not settle after teleport; first-step ey may be unreliable.
----------------------------------------
| rollout/                |            |
|    ep_len_mean          | 27.2       |
|    ep_rew_mean          | 24.1       |
| time/                   |            |
|    fps                  | 27         |
|    iterations           | 184        |
|    time_elapsed         | 6929       |
|    total_timesteps      | 188416     |
| train/                  |            |
|    approx_kl            | 0.26409188 |
|    clip_fraction        | 0.494      |
|    clip_range           | 0.2        |
|    clip_range_vf        | 0.2        |
|    entropy_loss         | -1.06      |
|    explained_variance   | 0.557      |
|    learning_rate        | 0.000244   |
|    loss                 | -0.0336    |
|    n_updates            | 1583       |
|    policy_gradient_loss | -0.0629    |
|    std                  | 0.409      |
|    value_loss           | 0.198      |
----------------------------------------
Early stopping at step 6 due to reaching max kl: 0.98
PPO progress: 189000/1000000 (19%) | ep_rew_mean=17.05 | ep_len_mean=22 | episodes=100 | fps=27
----------------------------------------
| rollout/                |            |
|    ep_len_mean          | 23.2       |
|    ep_rew_mean          | 14.2       |
| time/                   |            |
|    fps                  | 27         |
|    iterations           | 185        |
|    time_elapsed         | 6971       |
|    total_timesteps      | 189440     |
| train/                  |            |
|    approx_kl            | 0.42558995 |
|    clip_fraction        | 0.484      |
|    clip_range           | 0.2        |
|    clip_range_vf        | 0.2        |
|    entropy_loss         | -1.04      |
|    explained_variance   | 0.725      |
|    learning_rate        | 0.000243   |
|    loss                 | -0.064     |
|    n_updates            | 1590       |
|    policy_gradient_loss | -0.0551    |
|    std                  | 0.408      |
|    value_loss           | 0.113      |
----------------------------------------
Early stopping at step 4 due to reaching max kl: 1.24
PPO progress: 190000/1000000 (19%) | ep_rew_mean=17.72 | ep_len_mean=27 | episodes=100 | fps=27
----------------------------------------
| rollout/                |            |
|    ep_len_mean          | 26.7       |
|    ep_rew_mean          | 17.9       |
| time/                   |            |
|    fps                  | 27         |
|    iterations           | 186        |
|    time_elapsed         | 7015       |
|    total_timesteps      | 190464     |
| train/                  |            |
|    approx_kl            | 0.35038278 |
|    clip_fraction        | 0.453      |
|    clip_range           | 0.2        |
|    clip_range_vf        | 0.2        |
|    entropy_loss         | -1.04      |
|    explained_variance   | 0.753      |
|    learning_rate        | 0.000243   |
|    loss                 | -0.0345    |
|    n_updates            | 1595       |
|    policy_gradient_loss | -0.0268    |
|    std                  | 0.407      |
|    value_loss           | 0.126      |
----------------------------------------
2026-07-03T23:43:28Z [7,043,515ms] [Error] [omni.kit.app._impl] [py stderr]: /media/samuel/Fast_SSD/SE4AI/thesis_repo/src/cobraflex_rl/cobraflex_rl/cv_lane_estimator.py:253: RankWarning: Polyfit may be poorly conditioned
  c2, c1, c0 = np.polyfit(xs, ys, 2)
2026-07-03T23:43:28Z [7,043,525ms] [Error] [omni.kit.app._impl] [py stderr]: /media/samuel/Fast_SSD/SE4AI/thesis_repo/src/cobraflex_rl/cobraflex_rl/cv_lane_estimator.py:253: RankWarning: Polyfit may be poorly conditioned
  c2, c1, c0 = np.polyfit(xs, ys, 2)
Early stopping at step 5 due to reaching max kl: 1.02
[isaac_interface] WARN: Spawn pose did not settle after teleport; first-step ey may be unreliable.
PPO progress: 191000/1000000 (19%) | ep_rew_mean=15.15 | ep_len_mean=23 | episodes=100 | fps=27
---------------------------------------
| rollout/                |           |
|    ep_len_mean          | 26.6      |
|    ep_rew_mean          | 17.6      |
| time/                   |           |
|    fps                  | 27        |
|    iterations           | 187       |
|    time_elapsed         | 7047      |
|    total_timesteps      | 191488    |
| train/                  |           |
|    approx_kl            | 0.5001472 |
|    clip_fraction        | 0.442     |
|    clip_range           | 0.2       |
|    clip_range_vf        | 0.2       |
|    entropy_loss         | -1.03     |
|    explained_variance   | 0.822     |
|    learning_rate        | 0.000243  |
|    loss                 | -0.0826   |
|    n_updates            | 1601      |
|    policy_gradient_loss | -0.0347   |
|    std                  | 0.405     |
|    value_loss           | 0.0711    |
---------------------------------------
PPO progress: 192000/1000000 (19%) | ep_rew_mean=22.77 | ep_len_mean=31 | episodes=100 | fps=27
2026-07-03T23:44:18Z [7,093,010ms] [Error] [omni.kit.app._impl] [py stderr]: /media/samuel/Fast_SSD/SE4AI/thesis_repo/src/cobraflex_rl/cobraflex_rl/cv_lane_estimator.py:253: RankWarning: Polyfit may be poorly conditioned
  c2, c1, c0 = np.polyfit(xs, ys, 2)
2026-07-03T23:44:18Z [7,093,010ms] [Error] [omni.kit.app._impl] [py stderr]: /media/samuel/Fast_SSD/SE4AI/thesis_repo/src/cobraflex_rl/cobraflex_rl/cv_lane_estimator.py:253: RankWarning: Polyfit may be poorly conditioned
  c2, c1, c0 = np.polyfit(xs, ys, 2)
2026-07-03T23:44:18Z [7,093,010ms] [Error] [omni.kit.app._impl] [py stderr]: /media/samuel/Fast_SSD/SE4AI/thesis_repo/src/cobraflex_rl/cobraflex_rl/cv_lane_estimator.py:253: RankWarning: Polyfit may be poorly conditioned
  c2, c1, c0 = np.polyfit(xs, ys, 2)
----------------------------------------
| rollout/                |            |
|    ep_len_mean          | 31         |
|    ep_rew_mean          | 28.3       |
| time/                   |            |
|    fps                  | 27         |
|    iterations           | 188        |
|    time_elapsed         | 7079       |
|    total_timesteps      | 192512     |
| train/                  |            |
|    approx_kl            | 0.33583415 |
|    clip_fraction        | 0.527      |
|    clip_range           | 0.2        |
|    clip_range_vf        | 0.2        |
|    entropy_loss         | -1.02      |
|    explained_variance   | 0.825      |
|    learning_rate        | 0.000243   |
|    loss                 | -0.0507    |
|    n_updates            | 1611       |
|    policy_gradient_loss | -0.0649    |
|    std                  | 0.402      |
|    value_loss           | 0.103      |
----------------------------------------
2026-07-03T23:44:21Z [7,095,798ms] [Error] [omni.kit.app._impl] [py stderr]: /media/samuel/Fast_SSD/SE4AI/thesis_repo/src/cobraflex_rl/cobraflex_rl/cv_lane_estimator.py:253: RankWarning: Polyfit may be poorly conditioned
  c2, c1, c0 = np.polyfit(xs, ys, 2)
2026-07-03T23:44:21Z [7,095,798ms] [Error] [omni.kit.app._impl] [py stderr]: /media/samuel/Fast_SSD/SE4AI/thesis_repo/src/cobraflex_rl/cobraflex_rl/cv_lane_estimator.py:253: RankWarning: Polyfit may be poorly conditioned
  c2, c1, c0 = np.polyfit(xs, ys, 2)
PPO progress: 193000/1000000 (19%) | ep_rew_mean=26.47 | ep_len_mean=29 | episodes=100 | fps=27
---------------------------------------
| rollout/                |           |
|    ep_len_mean          | 30        |
|    ep_rew_mean          | 27.6      |
| time/                   |           |
|    fps                  | 27        |
|    iterations           | 189       |
|    time_elapsed         | 7120      |
|    total_timesteps      | 193536    |
| train/                  |           |
|    approx_kl            | 0.2849068 |
|    clip_fraction        | 0.54      |
|    clip_range           | 0.2       |
|    clip_range_vf        | 0.2       |
|    entropy_loss         | -1        |
|    explained_variance   | 0.618     |
|    learning_rate        | 0.000242  |
|    loss                 | -0.0592   |
|    n_updates            | 1621      |
|    policy_gradient_loss | -0.0685   |
|    std                  | 0.394     |
|    value_loss           | 0.137     |
---------------------------------------
2026-07-03T23:45:09Z [7,144,135ms] [Error] [omni.kit.app._impl] [py stderr]: /media/samuel/Fast_SSD/SE4AI/thesis_repo/src/cobraflex_rl/cobraflex_rl/cv_lane_estimator.py:253: RankWarning: Polyfit may be poorly conditioned
  c2, c1, c0 = np.polyfit(xs, ys, 2)
2026-07-03T23:45:09Z [7,144,135ms] [Error] [omni.kit.app._impl] [py stderr]: /media/samuel/Fast_SSD/SE4AI/thesis_repo/src/cobraflex_rl/cobraflex_rl/cv_lane_estimator.py:253: RankWarning: Polyfit may be poorly conditioned
  c2, c1, c0 = np.polyfit(xs, ys, 2)
PPO progress: 194000/1000000 (19%) | ep_rew_mean=29.02 | ep_len_mean=31 | episodes=100 | fps=27
----------------------------------------
| rollout/                |            |
|    ep_len_mean          | 32.5       |
|    ep_rew_mean          | 30.3       |
| time/                   |            |
|    fps                  | 27         |
|    iterations           | 190        |
|    time_elapsed         | 7158       |
|    total_timesteps      | 194560     |
| train/                  |            |
|    approx_kl            | 0.26049685 |
|    clip_fraction        | 0.553      |
|    clip_range           | 0.2        |
|    clip_range_vf        | 0.2        |
|    entropy_loss         | -0.959     |
|    explained_variance   | 0.484      |
|    learning_rate        | 0.000242   |
|    loss                 | 0.0315     |
|    n_updates            | 1631       |
|    policy_gradient_loss | -0.0708    |
|    std                  | 0.386      |
|    value_loss           | 0.229      |
----------------------------------------
PPO progress: 195000/1000000 (20%) | ep_rew_mean=32.94 | ep_len_mean=34 | episodes=100 | fps=27
2026-07-03T23:46:12Z [7,206,877ms] [Error] [omni.kit.app._impl] [py stderr]: /media/samuel/Fast_SSD/SE4AI/thesis_repo/src/cobraflex_rl/cobraflex_rl/cv_lane_estimator.py:253: RankWarning: Polyfit may be poorly conditioned
  c2, c1, c0 = np.polyfit(xs, ys, 2)
----------------------------------------
| rollout/                |            |
|    ep_len_mean          | 34.1       |
|    ep_rew_mean          | 33         |
| time/                   |            |
|    fps                  | 27         |
|    iterations           | 191        |
|    time_elapsed         | 7195       |
|    total_timesteps      | 195584     |
| train/                  |            |
|    approx_kl            | 0.27467382 |
|    clip_fraction        | 0.523      |
|    clip_range           | 0.2        |
|    clip_range_vf        | 0.2        |
|    entropy_loss         | -0.921     |
|    explained_variance   | 0.744      |
|    learning_rate        | 0.000242   |
|    loss                 | -0.0285    |
|    n_updates            | 1641       |
|    policy_gradient_loss | -0.0592    |
|    std                  | 0.381      |
|    value_loss           | 0.103      |
----------------------------------------
PPO progress: 196000/1000000 (20%) | ep_rew_mean=35.22 | ep_len_mean=35 | episodes=100 | fps=27
----------------------------------------
| rollout/                |            |
|    ep_len_mean          | 35.2       |
|    ep_rew_mean          | 34.9       |
| time/                   |            |
|    fps                  | 27         |
|    iterations           | 192        |
|    time_elapsed         | 7231       |
|    total_timesteps      | 196608     |
| train/                  |            |
|    approx_kl            | 0.20736238 |
|    clip_fraction        | 0.484      |
|    clip_range           | 0.2        |
|    clip_range_vf        | 0.2        |
|    entropy_loss         | -0.892     |
|    explained_variance   | 0.799      |
|    learning_rate        | 0.000241   |
|    loss                 | -0.0402    |
|    n_updates            | 1651       |
|    policy_gradient_loss | -0.0555    |
|    std                  | 0.374      |
|    value_loss           | 0.0987     |
----------------------------------------
PPO progress: 197000/1000000 (20%) | ep_rew_mean=33.15 | ep_len_mean=33 | episodes=100 | fps=27
----------------------------------------
| rollout/                |            |
|    ep_len_mean          | 30.8       |
|    ep_rew_mean          | 28.8       |
| time/                   |            |
|    fps                  | 27         |
|    iterations           | 193        |
|    time_elapsed         | 7270       |
|    total_timesteps      | 197632     |
| train/                  |            |
|    approx_kl            | 0.32543236 |
|    clip_fraction        | 0.518      |
|    clip_range           | 0.2        |
|    clip_range_vf        | 0.2        |
|    entropy_loss         | -0.862     |
|    explained_variance   | 0.76       |
|    learning_rate        | 0.000241   |
|    loss                 | -0.0648    |
|    n_updates            | 1661       |
|    policy_gradient_loss | -0.0705    |
|    std                  | 0.369      |
|    value_loss           | 0.0814     |
----------------------------------------
PPO progress: 198000/1000000 (20%) | ep_rew_mean=30.88 | ep_len_mean=32 | episodes=100 | fps=27
2026-07-03T23:47:47Z [7,302,362ms] [Error] [omni.kit.app._impl] [py stderr]: /media/samuel/Fast_SSD/SE4AI/thesis_repo/src/cobraflex_rl/cobraflex_rl/cv_lane_estimator.py:253: RankWarning: Polyfit may be poorly conditioned
  c2, c1, c0 = np.polyfit(xs, ys, 2)
2026-07-03T23:47:47Z [7,302,388ms] [Error] [omni.kit.app._impl] [py stderr]: /media/samuel/Fast_SSD/SE4AI/thesis_repo/src/cobraflex_rl/cobraflex_rl/cv_lane_estimator.py:253: RankWarning: Polyfit may be poorly conditioned
  c2, c1, c0 = np.polyfit(xs, ys, 2)
2026-07-03T23:47:47Z [7,302,388ms] [Error] [omni.kit.app._impl] [py stderr]: /media/samuel/Fast_SSD/SE4AI/thesis_repo/src/cobraflex_rl/cobraflex_rl/cv_lane_estimator.py:253: RankWarning: Polyfit may be poorly conditioned
  c2, c1, c0 = np.polyfit(xs, ys, 2)
----------------------------------------
| rollout/                |            |
|    ep_len_mean          | 29.3       |
|    ep_rew_mean          | 27.2       |
| time/                   |            |
|    fps                  | 27         |
|    iterations           | 194        |
|    time_elapsed         | 7305       |
|    total_timesteps      | 198656     |
| train/                  |            |
|    approx_kl            | 0.23405644 |
|    clip_fraction        | 0.534      |
|    clip_range           | 0.2        |
|    clip_range_vf        | 0.2        |
|    entropy_loss         | -0.833     |
|    explained_variance   | 0.822      |
|    learning_rate        | 0.000241   |
|    loss                 | -0.0443    |
|    n_updates            | 1671       |
|    policy_gradient_loss | -0.0612    |
|    std                  | 0.364      |
|    value_loss           | 0.16       |
----------------------------------------
Early stopping at step 8 due to reaching max kl: 0.81
PPO progress: 199000/1000000 (20%) | ep_rew_mean=24.51 | ep_len_mean=27 | episodes=100 | fps=27
2026-07-03T23:48:27Z [7,342,347ms] [Error] [omni.kit.app._impl] [py stderr]: /media/samuel/Fast_SSD/SE4AI/thesis_repo/src/cobraflex_rl/cobraflex_rl/cv_lane_estimator.py:253: RankWarning: Polyfit may be poorly conditioned
  c2, c1, c0 = np.polyfit(xs, ys, 2)
----------------------------------------
| rollout/                |            |
|    ep_len_mean          | 27.9       |
|    ep_rew_mean          | 25.7       |
| time/                   |            |
|    fps                  | 27         |
|    iterations           | 195        |
|    time_elapsed         | 7341       |
|    total_timesteps      | 199680     |
| train/                  |            |
|    approx_kl            | 0.28899226 |
|    clip_fraction        | 0.477      |
|    clip_range           | 0.2        |
|    clip_range_vf        | 0.2        |
|    entropy_loss         | -0.81      |
|    explained_variance   | 0.713      |
|    learning_rate        | 0.00024    |
|    loss                 | -0.0391    |
|    n_updates            | 1680       |
|    policy_gradient_loss | -0.0551    |
|    std                  | 0.361      |
|    value_loss           | 0.127      |
----------------------------------------
2026-07-03T23:48:42Z [7,357,607ms] [Error] [omni.kit.app._impl] [py stderr]: /media/samuel/Fast_SSD/SE4AI/thesis_repo/src/cobraflex_rl/cobraflex_rl/cv_lane_estimator.py:253: RankWarning: Polyfit may be poorly conditioned
  c2, c1, c0 = np.polyfit(xs, ys, 2)
2026-07-03T23:48:45Z [7,360,227ms] [Error] [omni.kit.app._impl] [py stderr]: /media/samuel/Fast_SSD/SE4AI/thesis_repo/src/cobraflex_rl/cobraflex_rl/cv_lane_estimator.py:253: RankWarning: Polyfit may be poorly conditioned
  c2, c1, c0 = np.polyfit(xs, ys, 2)
2026-07-03T23:48:45Z [7,360,234ms] [Error] [omni.kit.app._impl] [py stderr]: /media/samuel/Fast_SSD/SE4AI/thesis_repo/src/cobraflex_rl/cobraflex_rl/cv_lane_estimator.py:253: RankWarning: Polyfit may be poorly conditioned
  c2, c1, c0 = np.polyfit(xs, ys, 2)
PPO progress: 200000/1000000 (20%) | ep_rew_mean=27.42 | ep_len_mean=30 | episodes=100 | fps=27
----------------------------------------
| rollout/                |            |
|    ep_len_mean          | 28.9       |
|    ep_rew_mean          | 28.7       |
| time/                   |            |
|    fps                  | 27         |
|    iterations           | 196        |
|    time_elapsed         | 7375       |
|    total_timesteps      | 200704     |
| train/                  |            |
|    approx_kl            | 0.24593858 |
|    clip_fraction        | 0.496      |
|    clip_range           | 0.2        |
|    clip_range_vf        | 0.2        |
|    entropy_loss         | -0.788     |
|    explained_variance   | 0.577      |
|    learning_rate        | 0.00024    |
|    loss                 | -0.00014   |
|    n_updates            | 1690       |
|    policy_gradient_loss | -0.0559    |
|    std                  | 0.356      |
|    value_loss           | 0.231      |
----------------------------------------
PPO progress: 201000/1000000 (20%) | ep_rew_mean=23.85 | ep_len_mean=24 | episodes=100 | fps=27
----------------------------------------
| rollout/                |            |
|    ep_len_mean          | 27.9       |
|    ep_rew_mean          | 30.1       |
| time/                   |            |
|    fps                  | 27         |
|    iterations           | 197        |
|    time_elapsed         | 7416       |
|    total_timesteps      | 201728     |
| train/                  |            |
|    approx_kl            | 0.25512928 |
|    clip_fraction        | 0.557      |
|    clip_range           | 0.2        |
|    clip_range_vf        | 0.2        |
|    entropy_loss         | -0.76      |
|    explained_variance   | 0.788      |
|    learning_rate        | 0.00024    |
|    loss                 | 0.0408     |
|    n_updates            | 1700       |
|    policy_gradient_loss | -0.0657    |
|    std                  | 0.352      |
|    value_loss           | 0.127      |
----------------------------------------
2026-07-03T23:49:59Z [7,433,736ms] [Error] [omni.kit.app._impl] [py stderr]: /media/samuel/Fast_SSD/SE4AI/thesis_repo/src/cobraflex_rl/cobraflex_rl/cv_lane_estimator.py:253: RankWarning: Polyfit may be poorly conditioned
  c2, c1, c0 = np.polyfit(xs, ys, 2)
2026-07-03T23:49:59Z [7,434,506ms] [Error] [omni.kit.app._impl] [py stderr]: /media/samuel/Fast_SSD/SE4AI/thesis_repo/src/cobraflex_rl/cobraflex_rl/cv_lane_estimator.py:253: RankWarning: Polyfit may be poorly conditioned
  c2, c1, c0 = np.polyfit(xs, ys, 2)
2026-07-03T23:49:59Z [7,434,530ms] [Error] [omni.kit.app._impl] [py stderr]: /media/samuel/Fast_SSD/SE4AI/thesis_repo/src/cobraflex_rl/cobraflex_rl/cv_lane_estimator.py:253: RankWarning: Polyfit may be poorly conditioned
  c2, c1, c0 = np.polyfit(xs, ys, 2)
2026-07-03T23:49:59Z [7,434,530ms] [Error] [omni.kit.app._impl] [py stderr]: /media/samuel/Fast_SSD/SE4AI/thesis_repo/src/cobraflex_rl/cobraflex_rl/cv_lane_estimator.py:253: RankWarning: Polyfit may be poorly conditioned
  c2, c1, c0 = np.polyfit(xs, ys, 2)
2026-07-03T23:50:03Z [7,437,907ms] [Error] [omni.kit.app._impl] [py stderr]: /media/samuel/Fast_SSD/SE4AI/thesis_repo/src/cobraflex_rl/cobraflex_rl/cv_lane_estimator.py:253: RankWarning: Polyfit may be poorly conditioned
  c2, c1, c0 = np.polyfit(xs, ys, 2)
2026-07-03T23:50:03Z [7,437,914ms] [Error] [omni.kit.app._impl] [py stderr]: /media/samuel/Fast_SSD/SE4AI/thesis_repo/src/cobraflex_rl/cobraflex_rl/cv_lane_estimator.py:253: RankWarning: Polyfit may be poorly conditioned
  c2, c1, c0 = np.polyfit(xs, ys, 2)
2026-07-03T23:50:04Z [7,439,068ms] [Error] [omni.kit.app._impl] [py stderr]: /media/samuel/Fast_SSD/SE4AI/thesis_repo/src/cobraflex_rl/cobraflex_rl/cv_lane_estimator.py:253: RankWarning: Polyfit may be poorly conditioned
  c2, c1, c0 = np.polyfit(xs, ys, 2)
PPO progress: 202000/1000000 (20%) | ep_rew_mean=26.16 | ep_len_mean=24 | episodes=100 | fps=27
2026-07-03T23:50:18Z [7,453,591ms] [Error] [omni.kit.app._impl] [py stderr]: /media/samuel/Fast_SSD/SE4AI/thesis_repo/src/cobraflex_rl/cobraflex_rl/cv_lane_estimator.py:253: RankWarning: Polyfit may be poorly conditioned
  c2, c1, c0 = np.polyfit(xs, ys, 2)
2026-07-03T23:50:32Z [7,467,582ms] [Error] [omni.kit.app._impl] [py stderr]: /media/samuel/Fast_SSD/SE4AI/thesis_repo/src/cobraflex_rl/cobraflex_rl/cv_lane_estimator.py:253: RankWarning: Polyfit may be poorly conditioned
  c2, c1, c0 = np.polyfit(xs, ys, 2)
2026-07-03T23:50:32Z [7,467,582ms] [Error] [omni.kit.app._impl] [py stderr]: /media/samuel/Fast_SSD/SE4AI/thesis_repo/src/cobraflex_rl/cobraflex_rl/cv_lane_estimator.py:253: RankWarning: Polyfit may be poorly conditioned
  c2, c1, c0 = np.polyfit(xs, ys, 2)
2026-07-03T23:50:32Z [7,467,592ms] [Error] [omni.kit.app._impl] [py stderr]: /media/samuel/Fast_SSD/SE4AI/thesis_repo/src/cobraflex_rl/cobraflex_rl/cv_lane_estimator.py:253: RankWarning: Polyfit may be poorly conditioned
  c2, c1, c0 = np.polyfit(xs, ys, 2)
2026-07-03T23:50:32Z [7,467,592ms] [Error] [omni.kit.app._impl] [py stderr]: /media/samuel/Fast_SSD/SE4AI/thesis_repo/src/cobraflex_rl/cobraflex_rl/cv_lane_estimator.py:253: RankWarning: Polyfit may be poorly conditioned
  c2, c1, c0 = np.polyfit(xs, ys, 2)
----------------------------------------
| rollout/                |            |
|    ep_len_mean          | 19.2       |
|    ep_rew_mean          | 19         |
| time/                   |            |
|    fps                  | 27         |
|    iterations           | 198        |
|    time_elapsed         | 7460       |
|    total_timesteps      | 202752     |
| train/                  |            |
|    approx_kl            | 0.28910974 |
|    clip_fraction        | 0.529      |
|    clip_range           | 0.2        |
|    clip_range_vf        | 0.2        |
|    entropy_loss         | -0.74      |
|    explained_variance   | 0.714      |
|    learning_rate        | 0.000239   |
|    loss                 | -0.0196    |
|    n_updates            | 1710       |
|    policy_gradient_loss | -0.0536    |
|    std                  | 0.349      |
|    value_loss           | 0.155      |
----------------------------------------
PPO progress: 203000/1000000 (20%) | ep_rew_mean=16.38 | ep_len_mean=18 | episodes=100 | fps=27
----------------------------------------
| rollout/                |            |
|    ep_len_mean          | 18.5       |
|    ep_rew_mean          | 15.7       |
| time/                   |            |
|    fps                  | 27         |
|    iterations           | 199        |
|    time_elapsed         | 7508       |
|    total_timesteps      | 203776     |
| train/                  |            |
|    approx_kl            | 0.26157498 |
|    clip_fraction        | 0.54       |
|    clip_range           | 0.2        |
|    clip_range_vf        | 0.2        |
|    entropy_loss         | -0.729     |
|    explained_variance   | 0.631      |
|    learning_rate        | 0.000239   |
|    loss                 | 0.00667    |
|    n_updates            | 1720       |
|    policy_gradient_loss | -0.0545    |
|    std                  | 0.348      |
|    value_loss           | 0.195      |
----------------------------------------
Early stopping at step 9 due to reaching max kl: 0.77
PPO progress: 204000/1000000 (20%) | ep_rew_mean=15.34 | ep_len_mean=18 | episodes=100 | fps=27
----------------------------------------
| rollout/                |            |
|    ep_len_mean          | 20.4       |
|    ep_rew_mean          | 19         |
| time/                   |            |
|    fps                  | 27         |
|    iterations           | 200        |
|    time_elapsed         | 7549       |
|    total_timesteps      | 204800     |
| train/                  |            |
|    approx_kl            | 0.33394876 |
|    clip_fraction        | 0.506      |
|    clip_range           | 0.2        |
|    clip_range_vf        | 0.2        |
|    entropy_loss         | -0.713     |
|    explained_variance   | 0.678      |
|    learning_rate        | 0.000239   |
|    loss                 | -0.0376    |
|    n_updates            | 1730       |
|    policy_gradient_loss | -0.064     |
|    std                  | 0.343      |
|    value_loss           | 0.152      |
----------------------------------------
Early stopping at step 4 due to reaching max kl: 1.04
PPO progress: 205000/1000000 (20%) | ep_rew_mean=21.25 | ep_len_mean=22 | episodes=100 | fps=27
---------------------------------------
| rollout/                |           |
|    ep_len_mean          | 24.5      |
|    ep_rew_mean          | 24.6      |
| time/                   |           |
|    fps                  | 27        |
|    iterations           | 201       |
|    time_elapsed         | 7587      |
|    total_timesteps      | 205824    |
| train/                  |           |
|    approx_kl            | 0.6086482 |
|    clip_fraction        | 0.427     |
|    clip_range           | 0.2       |
|    clip_range_vf        | 0.2       |
|    entropy_loss         | -0.69     |
|    explained_variance   | 0.577     |
|    learning_rate        | 0.000239  |
|    loss                 | -0.0358   |
|    n_updates            | 1735      |
|    policy_gradient_loss | -0.031    |
|    std                  | 0.341     |
|    value_loss           | 0.233     |
---------------------------------------
Early stopping at step 5 due to reaching max kl: 1.22
PPO progress: 206000/1000000 (21%) | ep_rew_mean=27.23 | ep_len_mean=26 | episodes=100 | fps=27
2026-07-03T23:53:23Z [7,637,895ms] [Error] [omni.kit.app._impl] [py stderr]: /media/samuel/Fast_SSD/SE4AI/thesis_repo/src/cobraflex_rl/cobraflex_rl/cv_lane_estimator.py:253: RankWarning: Polyfit may be poorly conditioned
  c2, c1, c0 = np.polyfit(xs, ys, 2)
---------------------------------------
| rollout/                |           |
|    ep_len_mean          | 25.4      |
|    ep_rew_mean          | 27        |
| time/                   |           |
|    fps                  | 27        |
|    iterations           | 202       |
|    time_elapsed         | 7624      |
|    total_timesteps      | 206848    |
| train/                  |           |
|    approx_kl            | 0.3078279 |
|    clip_fraction        | 0.481     |
|    clip_range           | 0.2       |
|    clip_range_vf        | 0.2       |
|    entropy_loss         | -0.686    |
|    explained_variance   | 0.625     |
|    learning_rate        | 0.000238  |
|    loss                 | 0.0524    |
|    n_updates            | 1741      |
|    policy_gradient_loss | -0.0444   |
|    std                  | 0.341     |
|    value_loss           | 0.207     |
---------------------------------------
Early stopping at step 2 due to reaching max kl: 0.94
PPO progress: 207000/1000000 (21%) | ep_rew_mean=27.54 | ep_len_mean=26 | episodes=100 | fps=27
----------------------------------------
| rollout/                |            |
|    ep_len_mean          | 27.7       |
|    ep_rew_mean          | 28.1       |
| time/                   |            |
|    fps                  | 27         |
|    iterations           | 203        |
|    time_elapsed         | 7656       |
|    total_timesteps      | 207872     |
| train/                  |            |
|    approx_kl            | 0.20883305 |
|    clip_fraction        | 0.409      |
|    clip_range           | 0.2        |
|    clip_range_vf        | 0.2        |
|    entropy_loss         | -0.685     |
|    explained_variance   | 0.716      |
|    learning_rate        | 0.000238   |
|    loss                 | 0.0444     |
|    n_updates            | 1744       |
|    policy_gradient_loss | -0.00998   |
|    std                  | 0.341      |
|    value_loss           | 0.145      |
----------------------------------------
PPO progress: 208000/1000000 (21%) | ep_rew_mean=28.46 | ep_len_mean=28 | episodes=100 | fps=27
2026-07-03T23:54:16Z [7,691,089ms] [Error] [omni.kit.app._impl] [py stderr]: /media/samuel/Fast_SSD/SE4AI/thesis_repo/src/cobraflex_rl/cobraflex_rl/cv_lane_estimator.py:253: RankWarning: Polyfit may be poorly conditioned
  c2, c1, c0 = np.polyfit(xs, ys, 2)
2026-07-03T23:54:16Z [7,691,095ms] [Error] [omni.kit.app._impl] [py stderr]: /media/samuel/Fast_SSD/SE4AI/thesis_repo/src/cobraflex_rl/cobraflex_rl/cv_lane_estimator.py:253: RankWarning: Polyfit may be poorly conditioned
  c2, c1, c0 = np.polyfit(xs, ys, 2)
----------------------------------------
| rollout/                |            |
|    ep_len_mean          | 25.8       |
|    ep_rew_mean          | 23.9       |
| time/                   |            |
|    fps                  | 27         |
|    iterations           | 204        |
|    time_elapsed         | 7699       |
|    total_timesteps      | 208896     |
| train/                  |            |
|    approx_kl            | 0.39633065 |
|    clip_fraction        | 0.575      |
|    clip_range           | 0.2        |
|    clip_range_vf        | 0.2        |
|    entropy_loss         | -0.666     |
|    explained_variance   | 0.672      |
|    learning_rate        | 0.000238   |
|    loss                 | -0.028     |
|    n_updates            | 1754       |
|    policy_gradient_loss | -0.0606    |
|    std                  | 0.333      |
|    value_loss           | 0.229      |
----------------------------------------
Early stopping at step 3 due to reaching max kl: 1.03
PPO progress: 209000/1000000 (21%) | ep_rew_mean=25.00 | ep_len_mean=27 | episodes=100 | fps=27
2026-07-03T23:55:16Z [7,751,500ms] [Error] [omni.kit.app._impl] [py stderr]: /media/samuel/Fast_SSD/SE4AI/thesis_repo/src/cobraflex_rl/cobraflex_rl/cv_lane_estimator.py:253: RankWarning: Polyfit may be poorly conditioned
  c2, c1, c0 = np.polyfit(xs, ys, 2)
----------------------------------------
| rollout/                |            |
|    ep_len_mean          | 21.8       |
|    ep_rew_mean          | 19         |
| time/                   |            |
|    fps                  | 27         |
|    iterations           | 205        |
|    time_elapsed         | 7741       |
|    total_timesteps      | 209920     |
| train/                  |            |
|    approx_kl            | 0.42221272 |
|    clip_fraction        | 0.428      |
|    clip_range           | 0.2        |
|    clip_range_vf        | 0.2        |
|    entropy_loss         | -0.635     |
|    explained_variance   | 0.678      |
|    learning_rate        | 0.000237   |
|    loss                 | 0.189      |
|    n_updates            | 1758       |
|    policy_gradient_loss | -0.0181    |
|    std                  | 0.333      |
|    value_loss           | 0.277      |
----------------------------------------
2026-07-03T23:55:22Z [7,756,922ms] [Error] [omni.kit.app._impl] [py stderr]: /media/samuel/Fast_SSD/SE4AI/thesis_repo/src/cobraflex_rl/cobraflex_rl/cv_lane_estimator.py:253: RankWarning: Polyfit may be poorly conditioned
  c2, c1, c0 = np.polyfit(xs, ys, 2)
2026-07-03T23:55:22Z [7,756,922ms] [Error] [omni.kit.app._impl] [py stderr]: /media/samuel/Fast_SSD/SE4AI/thesis_repo/src/cobraflex_rl/cobraflex_rl/cv_lane_estimator.py:253: RankWarning: Polyfit may be poorly conditioned
  c2, c1, c0 = np.polyfit(xs, ys, 2)
PPO progress: 210000/1000000 (21%) | ep_rew_mean=16.96 | ep_len_mean=20 | episodes=100 | fps=27
----------------------------------------
| rollout/                |            |
|    ep_len_mean          | 21         |
|    ep_rew_mean          | 18.6       |
| time/                   |            |
|    fps                  | 27         |
|    iterations           | 206        |
|    time_elapsed         | 7779       |
|    total_timesteps      | 210944     |
| train/                  |            |
|    approx_kl            | 0.28391814 |
|    clip_fraction        | 0.543      |
|    clip_range           | 0.2        |
|    clip_range_vf        | 0.2        |
|    entropy_loss         | -0.621     |
|    explained_variance   | 0.65       |
|    learning_rate        | 0.000237   |
|    loss                 | -0.00962   |
|    n_updates            | 1768       |
|    policy_gradient_loss | -0.063     |
|    std                  | 0.326      |
|    value_loss           | 0.234      |
----------------------------------------
Early stopping at step 4 due to reaching max kl: 0.82
PPO progress: 211000/1000000 (21%) | ep_rew_mean=20.39 | ep_len_mean=22 | episodes=100 | fps=27
----------------------------------------
| rollout/                |            |
|    ep_len_mean          | 21.8       |
|    ep_rew_mean          | 21.1       |
| time/                   |            |
|    fps                  | 27         |
|    iterations           | 207        |
|    time_elapsed         | 7824       |
|    total_timesteps      | 211968     |
| train/                  |            |
|    approx_kl            | 0.33196676 |
|    clip_fraction        | 0.497      |
|    clip_range           | 0.2        |
|    clip_range_vf        | 0.2        |
|    entropy_loss         | -0.591     |
|    explained_variance   | 0.541      |
|    learning_rate        | 0.000237   |
|    loss                 | 0.0479     |
|    n_updates            | 1773       |
|    policy_gradient_loss | -0.033     |
|    std                  | 0.325      |
|    value_loss           | 0.249      |
----------------------------------------
PPO progress: 212000/1000000 (21%) | ep_rew_mean=20.98 | ep_len_mean=22 | episodes=100 | fps=27
----------------------------------------
| rollout/                |            |
|    ep_len_mean          | 22.7       |
|    ep_rew_mean          | 22.9       |
| time/                   |            |
|    fps                  | 27         |
|    iterations           | 208        |
|    time_elapsed         | 7859       |
|    total_timesteps      | 212992     |
| train/                  |            |
|    approx_kl            | 0.30538955 |
|    clip_fraction        | 0.59       |
|    clip_range           | 0.2        |
|    clip_range_vf        | 0.2        |
|    entropy_loss         | -0.585     |
|    explained_variance   | 0.0751     |
|    learning_rate        | 0.000236   |
|    loss                 | 0.0887     |
|    n_updates            | 1783       |
|    policy_gradient_loss | -0.0654    |
|    std                  | 0.322      |
|    value_loss           | 0.3        |
----------------------------------------
PPO progress: 213000/1000000 (21%) | ep_rew_mean=22.95 | ep_len_mean=23 | episodes=100 | fps=27
[isaac_interface] WARN: Spawn pose did not settle after teleport; first-step ey may be unreliable.
PPO progress: 214000/1000000 (21%) | ep_rew_mean=26.48 | ep_len_mean=26 | episodes=100 | fps=27
----------------------------------------
| rollout/                |            |
|    ep_len_mean          | 25.7       |
|    ep_rew_mean          | 26         |
| time/                   |            |
|    fps                  | 27         |
|    iterations           | 209        |
|    time_elapsed         | 7897       |
|    total_timesteps      | 214016     |
| train/                  |            |
|    approx_kl            | 0.26899454 |
|    clip_fraction        | 0.513      |
|    clip_range           | 0.2        |
|    clip_range_vf        | 0.2        |
|    entropy_loss         | -0.566     |
|    explained_variance   | 0.676      |
|    learning_rate        | 0.000236   |
|    loss                 | -0.0599    |
|    n_updates            | 1793       |
|    policy_gradient_loss | -0.0618    |
|    std                  | 0.319      |
|    value_loss           | 0.118      |
----------------------------------------
Early stopping at step 8 due to reaching max kl: 0.85
PPO progress: 215000/1000000 (22%) | ep_rew_mean=31.40 | ep_len_mean=30 | episodes=100 | fps=27
--------------------------------------
| rollout/                |          |
|    ep_len_mean          | 28.8     |
|    ep_rew_mean          | 29.9     |
| time/                   |          |
|    fps                  | 27       |
|    iterations           | 210      |
|    time_elapsed         | 7929     |
|    total_timesteps      | 215040   |
| train/                  |          |
|    approx_kl            | 0.54902  |
|    clip_fraction        | 0.559    |
|    clip_range           | 0.2      |
|    clip_range_vf        | 0.2      |
|    entropy_loss         | -0.539   |
|    explained_variance   | 0.565    |
|    learning_rate        | 0.000236 |
|    loss                 | -0.0434  |
|    n_updates            | 1802     |
|    policy_gradient_loss | -0.0573  |
|    std                  | 0.315    |
|    value_loss           | 0.16     |
--------------------------------------
2026-07-03T23:58:40Z [7,955,124ms] [Error] [omni.kit.app._impl] [py stderr]: /media/samuel/Fast_SSD/SE4AI/thesis_repo/src/cobraflex_rl/cobraflex_rl/cv_lane_estimator.py:253: RankWarning: Polyfit may be poorly conditioned
  c2, c1, c0 = np.polyfit(xs, ys, 2)
2026-07-03T23:58:40Z [7,955,124ms] [Error] [omni.kit.app._impl] [py stderr]: /media/samuel/Fast_SSD/SE4AI/thesis_repo/src/cobraflex_rl/cobraflex_rl/cv_lane_estimator.py:253: RankWarning: Polyfit may be poorly conditioned
  c2, c1, c0 = np.polyfit(xs, ys, 2)
2026-07-03T23:58:40Z [7,955,124ms] [Error] [omni.kit.app._impl] [py stderr]: /media/samuel/Fast_SSD/SE4AI/thesis_repo/src/cobraflex_rl/cobraflex_rl/cv_lane_estimator.py:253: RankWarning: Polyfit may be poorly conditioned
  c2, c1, c0 = np.polyfit(xs, ys, 2)
PPO progress: 216000/1000000 (22%) | ep_rew_mean=35.28 | ep_len_mean=34 | episodes=100 | fps=27
2026-07-03T23:59:01Z [7,976,440ms] [Error] [omni.kit.app._impl] [py stderr]: /media/samuel/Fast_SSD/SE4AI/thesis_repo/src/cobraflex_rl/cobraflex_rl/cv_lane_estimator.py:253: RankWarning: Polyfit may be poorly conditioned
  c2, c1, c0 = np.polyfit(xs, ys, 2)
2026-07-03T23:59:01Z [7,976,440ms] [Error] [omni.kit.app._impl] [py stderr]: /media/samuel/Fast_SSD/SE4AI/thesis_repo/src/cobraflex_rl/cobraflex_rl/cv_lane_estimator.py:253: RankWarning: Polyfit may be poorly conditioned
  c2, c1, c0 = np.polyfit(xs, ys, 2)
2026-07-03T23:59:01Z [7,976,440ms] [Error] [omni.kit.app._impl] [py stderr]: /media/samuel/Fast_SSD/SE4AI/thesis_repo/src/cobraflex_rl/cobraflex_rl/cv_lane_estimator.py:253: RankWarning: Polyfit may be poorly conditioned
  c2, c1, c0 = np.polyfit(xs, ys, 2)
2026-07-03T23:59:01Z [7,976,447ms] [Error] [omni.kit.app._impl] [py stderr]: /media/samuel/Fast_SSD/SE4AI/thesis_repo/src/cobraflex_rl/cobraflex_rl/cv_lane_estimator.py:253: RankWarning: Polyfit may be poorly conditioned
  c2, c1, c0 = np.polyfit(xs, ys, 2)
2026-07-03T23:59:01Z [7,976,447ms] [Error] [omni.kit.app._impl] [py stderr]: /media/samuel/Fast_SSD/SE4AI/thesis_repo/src/cobraflex_rl/cobraflex_rl/cv_lane_estimator.py:253: RankWarning: Polyfit may be poorly conditioned
  c2, c1, c0 = np.polyfit(xs, ys, 2)
2026-07-03T23:59:01Z [7,976,447ms] [Error] [omni.kit.app._impl] [py stderr]: /media/samuel/Fast_SSD/SE4AI/thesis_repo/src/cobraflex_rl/cobraflex_rl/cv_lane_estimator.py:253: RankWarning: Polyfit may be poorly conditioned
  c2, c1, c0 = np.polyfit(xs, ys, 2)
----------------------------------------
| rollout/                |            |
|    ep_len_mean          | 32.3       |
|    ep_rew_mean          | 33.4       |
| time/                   |            |
|    fps                  | 27         |
|    iterations           | 211        |
|    time_elapsed         | 7964       |
|    total_timesteps      | 216064     |
| train/                  |            |
|    approx_kl            | 0.24985221 |
|    clip_fraction        | 0.535      |
|    clip_range           | 0.2        |
|    clip_range_vf        | 0.2        |
|    entropy_loss         | -0.51      |
|    explained_variance   | 0.623      |
|    learning_rate        | 0.000235   |
|    loss                 | -0.0263    |
|    n_updates            | 1812       |
|    policy_gradient_loss | -0.0629    |
|    std                  | 0.309      |
|    value_loss           | 0.143      |
----------------------------------------
2026-07-03T23:59:12Z [7,987,580ms] [Error] [omni.kit.app._impl] [py stderr]: /media/samuel/Fast_SSD/SE4AI/thesis_repo/src/cobraflex_rl/cobraflex_rl/cv_lane_estimator.py:253: RankWarning: Polyfit may be poorly conditioned
  c2, c1, c0 = np.polyfit(xs, ys, 2)
2026-07-03T23:59:12Z [7,987,580ms] [Error] [omni.kit.app._impl] [py stderr]: /media/samuel/Fast_SSD/SE4AI/thesis_repo/src/cobraflex_rl/cobraflex_rl/cv_lane_estimator.py:253: RankWarning: Polyfit may be poorly conditioned
  c2, c1, c0 = np.polyfit(xs, ys, 2)
2026-07-03T23:59:12Z [7,987,580ms] [Error] [omni.kit.app._impl] [py stderr]: /media/samuel/Fast_SSD/SE4AI/thesis_repo/src/cobraflex_rl/cobraflex_rl/cv_lane_estimator.py:253: RankWarning: Polyfit may be poorly conditioned
  c2, c1, c0 = np.polyfit(xs, ys, 2)
2026-07-03T23:59:12Z [7,987,587ms] [Error] [omni.kit.app._impl] [py stderr]: /media/samuel/Fast_SSD/SE4AI/thesis_repo/src/cobraflex_rl/cobraflex_rl/cv_lane_estimator.py:253: RankWarning: Polyfit may be poorly conditioned
  c2, c1, c0 = np.polyfit(xs, ys, 2)
2026-07-03T23:59:12Z [7,987,587ms] [Error] [omni.kit.app._impl] [py stderr]: /media/samuel/Fast_SSD/SE4AI/thesis_repo/src/cobraflex_rl/cobraflex_rl/cv_lane_estimator.py:253: RankWarning: Polyfit may be poorly conditioned
  c2, c1, c0 = np.polyfit(xs, ys, 2)
2026-07-03T23:59:12Z [7,987,587ms] [Error] [omni.kit.app._impl] [py stderr]: /media/samuel/Fast_SSD/SE4AI/thesis_repo/src/cobraflex_rl/cobraflex_rl/cv_lane_estimator.py:253: RankWarning: Polyfit may be poorly conditioned
  c2, c1, c0 = np.polyfit(xs, ys, 2)
2026-07-03T23:59:13Z [7,987,809ms] [Error] [omni.kit.app._impl] [py stderr]: /media/samuel/Fast_SSD/SE4AI/thesis_repo/src/cobraflex_rl/cobraflex_rl/cv_lane_estimator.py:253: RankWarning: Polyfit may be poorly conditioned
  c2, c1, c0 = np.polyfit(xs, ys, 2)
2026-07-03T23:59:13Z [7,987,859ms] [Error] [omni.kit.app._impl] [py stderr]: /media/samuel/Fast_SSD/SE4AI/thesis_repo/src/cobraflex_rl/cobraflex_rl/cv_lane_estimator.py:253: RankWarning: Polyfit may be poorly conditioned
  c2, c1, c0 = np.polyfit(xs, ys, 2)
Early stopping at step 7 due to reaching max kl: 0.85
PPO progress: 217000/1000000 (22%) | ep_rew_mean=29.35 | ep_len_mean=30 | episodes=100 | fps=27
----------------------------------------
| rollout/                |            |
|    ep_len_mean          | 26.1       |
|    ep_rew_mean          | 25.6       |
| time/                   |            |
|    fps                  | 27         |
|    iterations           | 212        |
|    time_elapsed         | 8012       |
|    total_timesteps      | 217088     |
| train/                  |            |
|    approx_kl            | 0.38268456 |
|    clip_fraction        | 0.5        |
|    clip_range           | 0.2        |
|    clip_range_vf        | 0.2        |
|    entropy_loss         | -0.484     |
|    explained_variance   | 0.813      |
|    learning_rate        | 0.000235   |
|    loss                 | -0.0519    |
|    n_updates            | 1820       |
|    policy_gradient_loss | -0.0502    |
|    std                  | 0.309      |
|    value_loss           | 0.0737     |
----------------------------------------
2026-07-03T23:59:57Z [8,032,636ms] [Error] [omni.kit.app._impl] [py stderr]: /media/samuel/Fast_SSD/SE4AI/thesis_repo/src/cobraflex_rl/cobraflex_rl/cv_lane_estimator.py:253: RankWarning: Polyfit may be poorly conditioned
  c2, c1, c0 = np.polyfit(xs, ys, 2)
PPO progress: 218000/1000000 (22%) | ep_rew_mean=21.35 | ep_len_mean=24 | episodes=100 | fps=27
----------------------------------------
| rollout/                |            |
|    ep_len_mean          | 24.1       |
|    ep_rew_mean          | 21.3       |
| time/                   |            |
|    fps                  | 27         |
|    iterations           | 213        |
|    time_elapsed         | 8052       |
|    total_timesteps      | 218112     |
| train/                  |            |
|    approx_kl            | 0.30528057 |
|    clip_fraction        | 0.583      |
|    clip_range           | 0.2        |
|    clip_range_vf        | 0.2        |
|    entropy_loss         | -0.479     |
|    explained_variance   | 0.703      |
|    learning_rate        | 0.000235   |
|    loss                 | -0.0598    |
|    n_updates            | 1830       |
|    policy_gradient_loss | -0.0589    |
|    std                  | 0.306      |
|    value_loss           | 0.178      |
----------------------------------------
Early stopping at step 1 due to reaching max kl: 1.58
PPO progress: 219000/1000000 (22%) | ep_rew_mean=23.26 | ep_len_mean=26 | episodes=100 | fps=27
----------------------------------------
| rollout/                |            |
|    ep_len_mean          | 27.3       |
|    ep_rew_mean          | 25         |
| time/                   |            |
|    fps                  | 27         |
|    iterations           | 214        |
|    time_elapsed         | 8084       |
|    total_timesteps      | 219136     |
| train/                  |            |
|    approx_kl            | 0.29607987 |
|    clip_fraction        | 0.403      |
|    clip_range           | 0.2        |
|    clip_range_vf        | 0.2        |
|    entropy_loss         | -0.464     |
|    explained_variance   | 0.649      |
|    learning_rate        | 0.000235   |
|    loss                 | 0.139      |
|    n_updates            | 1832       |
|    policy_gradient_loss | 0.0101     |
|    std                  | 0.306      |
|    value_loss           | 0.238      |
----------------------------------------
2026-07-04T00:01:29Z [8,124,083ms] [Error] [omni.kit.app._impl] [py stderr]: /media/samuel/Fast_SSD/SE4AI/thesis_repo/src/cobraflex_rl/cobraflex_rl/cv_lane_estimator.py:253: RankWarning: Polyfit may be poorly conditioned
  c2, c1, c0 = np.polyfit(xs, ys, 2)
2026-07-04T00:01:29Z [8,124,090ms] [Error] [omni.kit.app._impl] [py stderr]: /media/samuel/Fast_SSD/SE4AI/thesis_repo/src/cobraflex_rl/cobraflex_rl/cv_lane_estimator.py:253: RankWarning: Polyfit may be poorly conditioned
  c2, c1, c0 = np.polyfit(xs, ys, 2)
PPO progress: 220000/1000000 (22%) | ep_rew_mean=24.87 | ep_len_mean=27 | episodes=100 | fps=27
----------------------------------------
| rollout/                |            |
|    ep_len_mean          | 25.5       |
|    ep_rew_mean          | 23.7       |
| time/                   |            |
|    fps                  | 27         |
|    iterations           | 215        |
|    time_elapsed         | 8127       |
|    total_timesteps      | 220160     |
| train/                  |            |
|    approx_kl            | 0.26848307 |
|    clip_fraction        | 0.556      |
|    clip_range           | 0.2        |
|    clip_range_vf        | 0.2        |
|    entropy_loss         | -0.47      |
|    explained_variance   | 0.638      |
|    learning_rate        | 0.000234   |
|    loss                 | -0.0122    |
|    n_updates            | 1842       |
|    policy_gradient_loss | -0.056     |
|    std                  | 0.306      |
|    value_loss           | 0.207      |
----------------------------------------
2026-07-04T00:01:53Z [8,148,483ms] [Error] [omni.kit.app._impl] [py stderr]: /media/samuel/Fast_SSD/SE4AI/thesis_repo/src/cobraflex_rl/cobraflex_rl/cv_lane_estimator.py:253: RankWarning: Polyfit may be poorly conditioned
  c2, c1, c0 = np.polyfit(xs, ys, 2)
2026-07-04T00:02:02Z [8,157,584ms] [Error] [omni.kit.app._impl] [py stderr]: /media/samuel/Fast_SSD/SE4AI/thesis_repo/src/cobraflex_rl/cobraflex_rl/cv_lane_estimator.py:253: RankWarning: Polyfit may be poorly conditioned
  c2, c1, c0 = np.polyfit(xs, ys, 2)
2026-07-04T00:02:18Z [8,172,869ms] [Error] [omni.kit.app._impl] [py stderr]: /media/samuel/Fast_SSD/SE4AI/thesis_repo/src/cobraflex_rl/cobraflex_rl/cv_lane_estimator.py:253: RankWarning: Polyfit may be poorly conditioned
  c2, c1, c0 = np.polyfit(xs, ys, 2)
2026-07-04T00:02:18Z [8,172,869ms] [Error] [omni.kit.app._impl] [py stderr]: /media/samuel/Fast_SSD/SE4AI/thesis_repo/src/cobraflex_rl/cobraflex_rl/cv_lane_estimator.py:253: RankWarning: Polyfit may be poorly conditioned
  c2, c1, c0 = np.polyfit(xs, ys, 2)
2026-07-04T00:02:18Z [8,172,916ms] [Error] [omni.kit.app._impl] [py stderr]: /media/samuel/Fast_SSD/SE4AI/thesis_repo/src/cobraflex_rl/cobraflex_rl/cv_lane_estimator.py:253: RankWarning: Polyfit may be poorly conditioned
  c2, c1, c0 = np.polyfit(xs, ys, 2)
2026-07-04T00:02:18Z [8,172,916ms] [Error] [omni.kit.app._impl] [py stderr]: /media/samuel/Fast_SSD/SE4AI/thesis_repo/src/cobraflex_rl/cobraflex_rl/cv_lane_estimator.py:253: RankWarning: Polyfit may be poorly conditioned
  c2, c1, c0 = np.polyfit(xs, ys, 2)
Early stopping at step 0 due to reaching max kl: 6.14
PPO progress: 221000/1000000 (22%) | ep_rew_mean=16.36 | ep_len_mean=20 | episodes=100 | fps=27
----------------------------------------
| rollout/                |            |
|    ep_len_mean          | 18.7       |
|    ep_rew_mean          | 14.4       |
| time/                   |            |
|    fps                  | 27         |
|    iterations           | 216        |
|    time_elapsed         | 8170       |
|    total_timesteps      | 221184     |
| train/                  |            |
|    approx_kl            | 0.45585808 |
|    clip_fraction        | 0.308      |
|    clip_range           | 0.2        |
|    clip_range_vf        | 0.2        |
|    entropy_loss         | -0.462     |
|    explained_variance   | 0.352      |
|    learning_rate        | 0.000234   |
|    loss                 | 15.2       |
|    n_updates            | 1843       |
|    policy_gradient_loss | 1.03       |
|    std                  | 0.305      |
|    value_loss           | 0.351      |
----------------------------------------
2026-07-04T00:02:40Z [8,194,792ms] [Error] [omni.kit.app._impl] [py stderr]: /media/samuel/Fast_SSD/SE4AI/thesis_repo/src/cobraflex_rl/cobraflex_rl/cv_lane_estimator.py:253: RankWarning: Polyfit may be poorly conditioned
  c2, c1, c0 = np.polyfit(xs, ys, 2)
2026-07-04T00:03:04Z [8,218,859ms] [Error] [omni.kit.app._impl] [py stderr]: /media/samuel/Fast_SSD/SE4AI/thesis_repo/src/cobraflex_rl/cobraflex_rl/cv_lane_estimator.py:253: RankWarning: Polyfit may be poorly conditioned
  c2, c1, c0 = np.polyfit(xs, ys, 2)
2026-07-04T00:03:04Z [8,218,883ms] [Error] [omni.kit.app._impl] [py stderr]: /media/samuel/Fast_SSD/SE4AI/thesis_repo/src/cobraflex_rl/cobraflex_rl/cv_lane_estimator.py:253: RankWarning: Polyfit may be poorly conditioned
  c2, c1, c0 = np.polyfit(xs, ys, 2)
Early stopping at step 9 due to reaching max kl: 0.98
[isaac_interface] WARN: Spawn pose did not settle after teleport; first-step ey may be unreliable.
PPO progress: 222000/1000000 (22%) | ep_rew_mean=13.16 | ep_len_mean=19 | episodes=100 | fps=27
---------------------------------------
| rollout/                |           |
|    ep_len_mean          | 19.4      |
|    ep_rew_mean          | 13.1      |
| time/                   |           |
|    fps                  | 27        |
|    iterations           | 217       |
|    time_elapsed         | 8216      |
|    total_timesteps      | 222208    |
| train/                  |           |
|    approx_kl            | 0.3654017 |
|    clip_fraction        | 0.54      |
|    clip_range           | 0.2       |
|    clip_range_vf        | 0.2       |
|    entropy_loss         | -0.455    |
|    explained_variance   | 0.559     |
|    learning_rate        | 0.000234  |
|    loss                 | -0.0176   |
|    n_updates            | 1853      |
|    policy_gradient_loss | -0.0634   |
|    std                  | 0.301     |
|    value_loss           | 0.177     |
---------------------------------------
2026-07-04T00:03:18Z [8,233,154ms] [Error] [omni.kit.app._impl] [py stderr]: /media/samuel/Fast_SSD/SE4AI/thesis_repo/src/cobraflex_rl/cobraflex_rl/cv_lane_estimator.py:253: RankWarning: Polyfit may be poorly conditioned
  c2, c1, c0 = np.polyfit(xs, ys, 2)
2026-07-04T00:03:18Z [8,233,154ms] [Error] [omni.kit.app._impl] [py stderr]: /media/samuel/Fast_SSD/SE4AI/thesis_repo/src/cobraflex_rl/cobraflex_rl/cv_lane_estimator.py:253: RankWarning: Polyfit may be poorly conditioned
  c2, c1, c0 = np.polyfit(xs, ys, 2)
2026-07-04T00:03:18Z [8,233,154ms] [Error] [omni.kit.app._impl] [py stderr]: /media/samuel/Fast_SSD/SE4AI/thesis_repo/src/cobraflex_rl/cobraflex_rl/cv_lane_estimator.py:253: RankWarning: Polyfit may be poorly conditioned
  c2, c1, c0 = np.polyfit(xs, ys, 2)
2026-07-04T00:03:18Z [8,233,202ms] [Error] [omni.kit.app._impl] [py stderr]: /media/samuel/Fast_SSD/SE4AI/thesis_repo/src/cobraflex_rl/cobraflex_rl/cv_lane_estimator.py:253: RankWarning: Polyfit may be poorly conditioned
  c2, c1, c0 = np.polyfit(xs, ys, 2)
2026-07-04T00:03:18Z [8,233,202ms] [Error] [omni.kit.app._impl] [py stderr]: /media/samuel/Fast_SSD/SE4AI/thesis_repo/src/cobraflex_rl/cobraflex_rl/cv_lane_estimator.py:253: RankWarning: Polyfit may be poorly conditioned
  c2, c1, c0 = np.polyfit(xs, ys, 2)
2026-07-04T00:03:18Z [8,233,202ms] [Error] [omni.kit.app._impl] [py stderr]: /media/samuel/Fast_SSD/SE4AI/thesis_repo/src/cobraflex_rl/cobraflex_rl/cv_lane_estimator.py:253: RankWarning: Polyfit may be poorly conditioned
  c2, c1, c0 = np.polyfit(xs, ys, 2)
2026-07-04T00:03:38Z [8,253,328ms] [Error] [omni.kit.app._impl] [py stderr]: /media/samuel/Fast_SSD/SE4AI/thesis_repo/src/cobraflex_rl/cobraflex_rl/cv_lane_estimator.py:253: RankWarning: Polyfit may be poorly conditioned
  c2, c1, c0 = np.polyfit(xs, ys, 2)
2026-07-04T00:03:38Z [8,253,328ms] [Error] [omni.kit.app._impl] [py stderr]: /media/samuel/Fast_SSD/SE4AI/thesis_repo/src/cobraflex_rl/cobraflex_rl/cv_lane_estimator.py:253: RankWarning: Polyfit may be poorly conditioned
  c2, c1, c0 = np.polyfit(xs, ys, 2)
PPO progress: 223000/1000000 (22%) | ep_rew_mean=16.92 | ep_len_mean=22 | episodes=100 | fps=27
----------------------------------------
| rollout/                |            |
|    ep_len_mean          | 22.7       |
|    ep_rew_mean          | 17.6       |
| time/                   |            |
|    fps                  | 27         |
|    iterations           | 218        |
|    time_elapsed         | 8252       |
|    total_timesteps      | 223232     |
| train/                  |            |
|    approx_kl            | 0.30560338 |
|    clip_fraction        | 0.529      |
|    clip_range           | 0.2        |
|    clip_range_vf        | 0.2        |
|    entropy_loss         | -0.428     |
|    explained_variance   | 0.519      |
|    learning_rate        | 0.000233   |
|    loss                 | -0.0648    |
|    n_updates            | 1863       |
|    policy_gradient_loss | -0.0522    |
|    std                  | 0.299      |
|    value_loss           | 0.154      |
----------------------------------------
PPO progress: 224000/1000000 (22%) | ep_rew_mean=19.02 | ep_len_mean=23 | episodes=100 | fps=27
----------------------------------------
| rollout/                |            |
|    ep_len_mean          | 25.2       |
|    ep_rew_mean          | 20.8       |
| time/                   |            |
|    fps                  | 27         |
|    iterations           | 219        |
|    time_elapsed         | 8294       |
|    total_timesteps      | 224256     |
| train/                  |            |
|    approx_kl            | 0.27320766 |
|    clip_fraction        | 0.525      |
|    clip_range           | 0.2        |
|    clip_range_vf        | 0.2        |
|    entropy_loss         | -0.418     |
|    explained_variance   | 0.539      |
|    learning_rate        | 0.000233   |
|    loss                 | -0.0133    |
|    n_updates            | 1873       |
|    policy_gradient_loss | -0.0564    |
|    std                  | 0.297      |
|    value_loss           | 0.17       |
----------------------------------------
2026-07-04T00:04:53Z [8,328,467ms] [Error] [omni.kit.app._impl] [py stderr]: /media/samuel/Fast_SSD/SE4AI/thesis_repo/src/cobraflex_rl/cobraflex_rl/cv_lane_estimator.py:253: RankWarning: Polyfit may be poorly conditioned
  c2, c1, c0 = np.polyfit(xs, ys, 2)
Early stopping at step 4 due to reaching max kl: 0.76
PPO progress: 225000/1000000 (22%) | ep_rew_mean=25.80 | ep_len_mean=30 | episodes=100 | fps=27
----------------------------------------
| rollout/                |            |
|    ep_len_mean          | 31.3       |
|    ep_rew_mean          | 27.8       |
| time/                   |            |
|    fps                  | 27         |
|    iterations           | 220        |
|    time_elapsed         | 8330       |
|    total_timesteps      | 225280     |
| train/                  |            |
|    approx_kl            | 0.34503034 |
|    clip_fraction        | 0.475      |
|    clip_range           | 0.2        |
|    clip_range_vf        | 0.2        |
|    entropy_loss         | -0.403     |
|    explained_variance   | 0.604      |
|    learning_rate        | 0.000233   |
|    loss                 | 0.0115     |
|    n_updates            | 1878       |
|    policy_gradient_loss | -0.0253    |
|    std                  | 0.296      |
|    value_loss           | 0.154      |
----------------------------------------
PPO progress: 226000/1000000 (23%) | ep_rew_mean=30.26 | ep_len_mean=33 | episodes=100 | fps=27
----------------------------------------
| rollout/                |            |
|    ep_len_mean          | 32.8       |
|    ep_rew_mean          | 30.5       |
| time/                   |            |
|    fps                  | 27         |
|    iterations           | 221        |
|    time_elapsed         | 8368       |
|    total_timesteps      | 226304     |
| train/                  |            |
|    approx_kl            | 0.29676983 |
|    clip_fraction        | 0.574      |
|    clip_range           | 0.2        |
|    clip_range_vf        | 0.2        |
|    entropy_loss         | -0.393     |
|    explained_variance   | 0.865      |
|    learning_rate        | 0.000232   |
|    loss                 | -0.0985    |
|    n_updates            | 1888       |
|    policy_gradient_loss | -0.0623    |
|    std                  | 0.293      |
|    value_loss           | 0.0503     |
----------------------------------------
2026-07-04T00:06:03Z [8,398,510ms] [Error] [omni.kit.app._impl] [py stderr]: /media/samuel/Fast_SSD/SE4AI/thesis_repo/src/cobraflex_rl/cobraflex_rl/cv_lane_estimator.py:253: RankWarning: Polyfit may be poorly conditioned
  c2, c1, c0 = np.polyfit(xs, ys, 2)
2026-07-04T00:06:03Z [8,398,510ms] [Error] [omni.kit.app._impl] [py stderr]: /media/samuel/Fast_SSD/SE4AI/thesis_repo/src/cobraflex_rl/cobraflex_rl/cv_lane_estimator.py:253: RankWarning: Polyfit may be poorly conditioned
  c2, c1, c0 = np.polyfit(xs, ys, 2)
2026-07-04T00:06:11Z [8,406,665ms] [Error] [omni.kit.app._impl] [py stderr]: /media/samuel/Fast_SSD/SE4AI/thesis_repo/src/cobraflex_rl/cobraflex_rl/cv_lane_estimator.py:253: RankWarning: Polyfit may be poorly conditioned
  c2, c1, c0 = np.polyfit(xs, ys, 2)
2026-07-04T00:06:11Z [8,406,665ms] [Error] [omni.kit.app._impl] [py stderr]: /media/samuel/Fast_SSD/SE4AI/thesis_repo/src/cobraflex_rl/cobraflex_rl/cv_lane_estimator.py:253: RankWarning: Polyfit may be poorly conditioned
  c2, c1, c0 = np.polyfit(xs, ys, 2)
2026-07-04T00:06:11Z [8,406,665ms] [Error] [omni.kit.app._impl] [py stderr]: /media/samuel/Fast_SSD/SE4AI/thesis_repo/src/cobraflex_rl/cobraflex_rl/cv_lane_estimator.py:253: RankWarning: Polyfit may be poorly conditioned
  c2, c1, c0 = np.polyfit(xs, ys, 2)
2026-07-04T00:06:11Z [8,406,665ms] [Error] [omni.kit.app._impl] [py stderr]: /media/samuel/Fast_SSD/SE4AI/thesis_repo/src/cobraflex_rl/cobraflex_rl/cv_lane_estimator.py:253: RankWarning: Polyfit may be poorly conditioned
  c2, c1, c0 = np.polyfit(xs, ys, 2)
Early stopping at step 6 due to reaching max kl: 0.94
PPO progress: 227000/1000000 (23%) | ep_rew_mean=27.62 | ep_len_mean=35 | episodes=100 | fps=27
----------------------------------------
| rollout/                |            |
|    ep_len_mean          | 38.6       |
|    ep_rew_mean          | 31.2       |
| time/                   |            |
|    fps                  | 27         |
|    iterations           | 222        |
|    time_elapsed         | 8401       |
|    total_timesteps      | 227328     |
| train/                  |            |
|    approx_kl            | 0.94451773 |
|    clip_fraction        | 0.467      |
|    clip_range           | 0.2        |
|    clip_range_vf        | 0.2        |
|    entropy_loss         | -0.375     |
|    explained_variance   | 0.907      |
|    learning_rate        | 0.000232   |
|    loss                 | -0.0623    |
|    n_updates            | 1895       |
|    policy_gradient_loss | -0.0345    |
|    std                  | 0.292      |
|    value_loss           | 0.0542     |
----------------------------------------
2026-07-04T00:06:31Z [8,425,839ms] [Error] [omni.kit.app._impl] [py stderr]: /media/samuel/Fast_SSD/SE4AI/thesis_repo/src/cobraflex_rl/cobraflex_rl/cv_lane_estimator.py:253: RankWarning: Polyfit may be poorly conditioned
  c2, c1, c0 = np.polyfit(xs, ys, 2)
PPO progress: 228000/1000000 (23%) | ep_rew_mean=32.68 | ep_len_mean=40 | episodes=100 | fps=27
----------------------------------------
| rollout/                |            |
|    ep_len_mean          | 39.9       |
|    ep_rew_mean          | 32.8       |
| time/                   |            |
|    fps                  | 27         |
|    iterations           | 223        |
|    time_elapsed         | 8442       |
|    total_timesteps      | 228352     |
| train/                  |            |
|    approx_kl            | 0.18462193 |
|    clip_fraction        | 0.495      |
|    clip_range           | 0.2        |
|    clip_range_vf        | 0.2        |
|    entropy_loss         | -0.372     |
|    explained_variance   | 0.848      |
|    learning_rate        | 0.000232   |
|    loss                 | -0.0134    |
|    n_updates            | 1905       |
|    policy_gradient_loss | -0.0499    |
|    std                  | 0.291      |
|    value_loss           | 0.119      |
----------------------------------------
Early stopping at step 7 due to reaching max kl: 1.11
PPO progress: 229000/1000000 (23%) | ep_rew_mean=34.05 | ep_len_mean=40 | episodes=100 | fps=27
----------------------------------------
| rollout/                |            |
|    ep_len_mean          | 33.8       |
|    ep_rew_mean          | 26         |
| time/                   |            |
|    fps                  | 27         |
|    iterations           | 224        |
|    time_elapsed         | 8478       |
|    total_timesteps      | 229376     |
| train/                  |            |
|    approx_kl            | 0.31910136 |
|    clip_fraction        | 0.472      |
|    clip_range           | 0.2        |
|    clip_range_vf        | 0.2        |
|    entropy_loss         | -0.355     |
|    explained_variance   | 0.716      |
|    learning_rate        | 0.000231   |
|    loss                 | -0.0638    |
|    n_updates            | 1913       |
|    policy_gradient_loss | -0.0551    |
|    std                  | 0.287      |
|    value_loss           | 0.134      |
----------------------------------------
Early stopping at step 3 due to reaching max kl: 0.79
PPO progress: 230000/1000000 (23%) | ep_rew_mean=29.85 | ep_len_mean=32 | episodes=100 | fps=27
----------------------------------------
| rollout/                |            |
|    ep_len_mean          | 33.2       |
|    ep_rew_mean          | 31.3       |
| time/                   |            |
|    fps                  | 27         |
|    iterations           | 225        |
|    time_elapsed         | 8507       |
|    total_timesteps      | 230400     |
| train/                  |            |
|    approx_kl            | 0.34773886 |
|    clip_fraction        | 0.533      |
|    clip_range           | 0.2        |
|    clip_range_vf        | 0.2        |
|    entropy_loss         | -0.336     |
|    explained_variance   | 0.735      |
|    learning_rate        | 0.000231   |
|    loss                 | 0.0731     |
|    n_updates            | 1917       |
|    policy_gradient_loss | -0.0079    |
|    std                  | 0.287      |
|    value_loss           | 0.173      |
----------------------------------------
2026-07-04T00:08:24Z [8,539,238ms] [Error] [omni.kit.app._impl] [py stderr]: /media/samuel/Fast_SSD/SE4AI/thesis_repo/src/cobraflex_rl/cobraflex_rl/cv_lane_estimator.py:253: RankWarning: Polyfit may be poorly conditioned
  c2, c1, c0 = np.polyfit(xs, ys, 2)
2026-07-04T00:08:24Z [8,539,238ms] [Error] [omni.kit.app._impl] [py stderr]: /media/samuel/Fast_SSD/SE4AI/thesis_repo/src/cobraflex_rl/cobraflex_rl/cv_lane_estimator.py:253: RankWarning: Polyfit may be poorly conditioned
  c2, c1, c0 = np.polyfit(xs, ys, 2)
PPO progress: 231000/1000000 (23%) | ep_rew_mean=21.80 | ep_len_mean=31 | episodes=100 | fps=27
----------------------------------------
| rollout/                |            |
|    ep_len_mean          | 33.7       |
|    ep_rew_mean          | 24.3       |
| time/                   |            |
|    fps                  | 27         |
|    iterations           | 226        |
|    time_elapsed         | 8541       |
|    total_timesteps      | 231424     |
| train/                  |            |
|    approx_kl            | 0.36525023 |
|    clip_fraction        | 0.61       |
|    clip_range           | 0.2        |
|    clip_range_vf        | 0.2        |
|    entropy_loss         | -0.338     |
|    explained_variance   | 0.797      |
|    learning_rate        | 0.000231   |
|    loss                 | -0.0648    |
|    n_updates            | 1927       |
|    policy_gradient_loss | -0.0459    |
|    std                  | 0.286      |
|    value_loss           | 0.11       |
----------------------------------------
2026-07-04T00:09:00Z [8,574,922ms] [Error] [omni.kit.app._impl] [py stderr]: /media/samuel/Fast_SSD/SE4AI/thesis_repo/src/cobraflex_rl/cobraflex_rl/cv_lane_estimator.py:253: RankWarning: Polyfit may be poorly conditioned
  c2, c1, c0 = np.polyfit(xs, ys, 2)
2026-07-04T00:09:00Z [8,574,929ms] [Error] [omni.kit.app._impl] [py stderr]: /media/samuel/Fast_SSD/SE4AI/thesis_repo/src/cobraflex_rl/cobraflex_rl/cv_lane_estimator.py:253: RankWarning: Polyfit may be poorly conditioned
  c2, c1, c0 = np.polyfit(xs, ys, 2)
PPO progress: 232000/1000000 (23%) | ep_rew_mean=21.83 | ep_len_mean=30 | episodes=100 | fps=27
---------------------------------------
| rollout/                |           |
|    ep_len_mean          | 32.9      |
|    ep_rew_mean          | 25.4      |
| time/                   |           |
|    fps                  | 27        |
|    iterations           | 227       |
|    time_elapsed         | 8574      |
|    total_timesteps      | 232448    |
| train/                  |           |
|    approx_kl            | 0.3327294 |
|    clip_fraction        | 0.49      |
|    clip_range           | 0.2       |
|    clip_range_vf        | 0.2       |
|    entropy_loss         | -0.322    |
|    explained_variance   | 0.884     |
|    learning_rate        | 0.000231  |
|    loss                 | 0.00448   |
|    n_updates            | 1937      |
|    policy_gradient_loss | -0.0409   |
|    std                  | 0.282     |
|    value_loss           | 0.0749    |
---------------------------------------
2026-07-04T00:09:22Z [8,596,731ms] [Error] [omni.kit.app._impl] [py stderr]: /media/samuel/Fast_SSD/SE4AI/thesis_repo/src/cobraflex_rl/cobraflex_rl/cv_lane_estimator.py:253: RankWarning: Polyfit may be poorly conditioned
  c2, c1, c0 = np.polyfit(xs, ys, 2)
2026-07-04T00:09:22Z [8,596,756ms] [Error] [omni.kit.app._impl] [py stderr]: /media/samuel/Fast_SSD/SE4AI/thesis_repo/src/cobraflex_rl/cobraflex_rl/cv_lane_estimator.py:253: RankWarning: Polyfit may be poorly conditioned
  c2, c1, c0 = np.polyfit(xs, ys, 2)
2026-07-04T00:09:22Z [8,596,879ms] [Error] [omni.kit.app._impl] [py stderr]: /media/samuel/Fast_SSD/SE4AI/thesis_repo/src/cobraflex_rl/cobraflex_rl/cv_lane_estimator.py:253: RankWarning: Polyfit may be poorly conditioned
  c2, c1, c0 = np.polyfit(xs, ys, 2)
Early stopping at step 5 due to reaching max kl: 0.92
PPO progress: 233000/1000000 (23%) | ep_rew_mean=29.38 | ep_len_mean=36 | episodes=100 | fps=27
2026-07-04T00:09:41Z [8,616,120ms] [Error] [omni.kit.app._impl] [py stderr]: /media/samuel/Fast_SSD/SE4AI/thesis_repo/src/cobraflex_rl/cobraflex_rl/cv_lane_estimator.py:253: RankWarning: Polyfit may be poorly conditioned
  c2, c1, c0 = np.polyfit(xs, ys, 2)
----------------------------------------
| rollout/                |            |
|    ep_len_mean          | 33.8       |
|    ep_rew_mean          | 23.6       |
| time/                   |            |
|    fps                  | 27         |
|    iterations           | 228        |
|    time_elapsed         | 8618       |
|    total_timesteps      | 233472     |
| train/                  |            |
|    approx_kl            | 0.27217168 |
|    clip_fraction        | 0.513      |
|    clip_range           | 0.2        |
|    clip_range_vf        | 0.2        |
|    entropy_loss         | -0.304     |
|    explained_variance   | 0.682      |
|    learning_rate        | 0.00023    |
|    loss                 | -0.0542    |
|    n_updates            | 1943       |
|    policy_gradient_loss | -0.0364    |
|    std                  | 0.282      |
|    value_loss           | 0.133      |
----------------------------------------
Early stopping at step 2 due to reaching max kl: 1.75
PPO progress: 234000/1000000 (23%) | ep_rew_mean=30.76 | ep_len_mean=33 | episodes=100 | fps=27
---------------------------------------
| rollout/                |           |
|    ep_len_mean          | 35.9      |
|    ep_rew_mean          | 34.4      |
| time/                   |           |
|    fps                  | 27        |
|    iterations           | 229       |
|    time_elapsed         | 8647      |
|    total_timesteps      | 234496    |
| train/                  |           |
|    approx_kl            | 1.7478583 |
|    clip_fraction        | 0.39      |
|    clip_range           | 0.2       |
|    clip_range_vf        | 0.2       |
|    entropy_loss         | -0.303    |
|    explained_variance   | 0.857     |
|    learning_rate        | 0.00023   |
|    loss                 | 0.0311    |
|    n_updates            | 1946      |
|    policy_gradient_loss | 0.0304    |
|    std                  | 0.282     |
|    value_loss           | 0.119     |
---------------------------------------
PPO progress: 235000/1000000 (24%) | ep_rew_mean=33.88 | ep_len_mean=35 | episodes=100 | fps=27
----------------------------------------
| rollout/                |            |
|    ep_len_mean          | 36         |
|    ep_rew_mean          | 34.7       |
| time/                   |            |
|    fps                  | 27         |
|    iterations           | 230        |
|    time_elapsed         | 8683       |
|    total_timesteps      | 235520     |
| train/                  |            |
|    approx_kl            | 0.35962725 |
|    clip_fraction        | 0.609      |
|    clip_range           | 0.2        |
|    clip_range_vf        | 0.2        |
|    entropy_loss         | -0.301     |
|    explained_variance   | 0.844      |
|    learning_rate        | 0.00023    |
|    loss                 | -0.0746    |
|    n_updates            | 1956       |
|    policy_gradient_loss | -0.0754    |
|    std                  | 0.28       |
|    value_loss           | 0.0818     |
----------------------------------------
PPO progress: 236000/1000000 (24%) | ep_rew_mean=31.22 | ep_len_mean=33 | episodes=100 | fps=27
2026-07-04T00:11:34Z [8,728,961ms] [Error] [omni.kit.app._impl] [py stderr]: /media/samuel/Fast_SSD/SE4AI/thesis_repo/src/cobraflex_rl/cobraflex_rl/cv_lane_estimator.py:253: RankWarning: Polyfit may be poorly conditioned
  c2, c1, c0 = np.polyfit(xs, ys, 2)
----------------------------------------
| rollout/                |            |
|    ep_len_mean          | 32.6       |
|    ep_rew_mean          | 31.1       |
| time/                   |            |
|    fps                  | 27         |
|    iterations           | 231        |
|    time_elapsed         | 8736       |
|    total_timesteps      | 236544     |
| train/                  |            |
|    approx_kl            | 0.29817447 |
|    clip_fraction        | 0.54       |
|    clip_range           | 0.2        |
|    clip_range_vf        | 0.2        |
|    entropy_loss         | -0.28      |
|    explained_variance   | 0.782      |
|    learning_rate        | 0.000229   |
|    loss                 | 0.0457     |
|    n_updates            | 1966       |
|    policy_gradient_loss | -0.0605    |
|    std                  | 0.276      |
|    value_loss           | 0.106      |
----------------------------------------
PPO progress: 237000/1000000 (24%) | ep_rew_mean=30.39 | ep_len_mean=29 | episodes=100 | fps=27
----------------------------------------
| rollout/                |            |
|    ep_len_mean          | 25.2       |
|    ep_rew_mean          | 26.2       |
| time/                   |            |
|    fps                  | 27         |
|    iterations           | 232        |
|    time_elapsed         | 8778       |
|    total_timesteps      | 237568     |
| train/                  |            |
|    approx_kl            | 0.36750722 |
|    clip_fraction        | 0.586      |
|    clip_range           | 0.2        |
|    clip_range_vf        | 0.2        |
|    entropy_loss         | -0.253     |
|    explained_variance   | 0.749      |
|    learning_rate        | 0.000229   |
|    loss                 | -0.0226    |
|    n_updates            | 1976       |
|    policy_gradient_loss | -0.0454    |
|    std                  | 0.273      |
|    value_loss           | 0.171      |
----------------------------------------
2026-07-04T00:12:48Z [8,802,962ms] [Error] [omni.kit.app._impl] [py stderr]: /media/samuel/Fast_SSD/SE4AI/thesis_repo/src/cobraflex_rl/cobraflex_rl/cv_lane_estimator.py:253: RankWarning: Polyfit may be poorly conditioned
  c2, c1, c0 = np.polyfit(xs, ys, 2)
2026-07-04T00:12:48Z [8,802,963ms] [Error] [omni.kit.app._impl] [py stderr]: /media/samuel/Fast_SSD/SE4AI/thesis_repo/src/cobraflex_rl/cobraflex_rl/cv_lane_estimator.py:253: RankWarning: Polyfit may be poorly conditioned
  c2, c1, c0 = np.polyfit(xs, ys, 2)
Early stopping at step 9 due to reaching max kl: 0.83
PPO progress: 238000/1000000 (24%) | ep_rew_mean=24.15 | ep_len_mean=24 | episodes=100 | fps=27
2026-07-04T00:13:13Z [8,827,831ms] [Error] [omni.kit.app._impl] [py stderr]: /media/samuel/Fast_SSD/SE4AI/thesis_repo/src/cobraflex_rl/cobraflex_rl/cv_lane_estimator.py:253: RankWarning: Polyfit may be poorly conditioned
  c2, c1, c0 = np.polyfit(xs, ys, 2)
2026-07-04T00:13:16Z [8,830,700ms] [Error] [omni.kit.app._impl] [py stderr]: /media/samuel/Fast_SSD/SE4AI/thesis_repo/src/cobraflex_rl/cobraflex_rl/cv_lane_estimator.py:253: RankWarning: Polyfit may be poorly conditioned
  c2, c1, c0 = np.polyfit(xs, ys, 2)
2026-07-04T00:13:16Z [8,830,700ms] [Error] [omni.kit.app._impl] [py stderr]: /media/samuel/Fast_SSD/SE4AI/thesis_repo/src/cobraflex_rl/cobraflex_rl/cv_lane_estimator.py:253: RankWarning: Polyfit may be poorly conditioned
  c2, c1, c0 = np.polyfit(xs, ys, 2)
----------------------------------------
| rollout/                |            |
|    ep_len_mean          | 20.8       |
|    ep_rew_mean          | 16.4       |
| time/                   |            |
|    fps                  | 27         |
|    iterations           | 233        |
|    time_elapsed         | 8821       |
|    total_timesteps      | 238592     |
| train/                  |            |
|    approx_kl            | 0.42116046 |
|    clip_fraction        | 0.564      |
|    clip_range           | 0.2        |
|    clip_range_vf        | 0.2        |
|    entropy_loss         | -0.234     |
|    explained_variance   | 0.803      |
|    learning_rate        | 0.000229   |
|    loss                 | -0.0515    |
|    n_updates            | 1986       |
|    policy_gradient_loss | -0.0532    |
|    std                  | 0.271      |
|    value_loss           | 0.137      |
----------------------------------------
Early stopping at step 4 due to reaching max kl: 1.07
PPO progress: 239000/1000000 (24%) | ep_rew_mean=9.98 | ep_len_mean=17 | episodes=100 | fps=27
----------------------------------------
| rollout/                |            |
|    ep_len_mean          | 21.6       |
|    ep_rew_mean          | 14.3       |
| time/                   |            |
|    fps                  | 27         |
|    iterations           | 234        |
|    time_elapsed         | 8864       |
|    total_timesteps      | 239616     |
| train/                  |            |
|    approx_kl            | 0.65870655 |
|    clip_fraction        | 0.42       |
|    clip_range           | 0.2        |
|    clip_range_vf        | 0.2        |
|    entropy_loss         | -0.223     |
|    explained_variance   | 0.706      |
|    learning_rate        | 0.000228   |
|    loss                 | 0.407      |
|    n_updates            | 1991       |
|    policy_gradient_loss | -0.0178    |
|    std                  | 0.271      |
|    value_loss           | 0.289      |
----------------------------------------
Early stopping at step 2 due to reaching max kl: 0.82
PPO progress: 240000/1000000 (24%) | ep_rew_mean=16.67 | ep_len_mean=24 | episodes=100 | fps=27
----------------------------------------
| rollout/                |            |
|    ep_len_mean          | 22.3       |
|    ep_rew_mean          | 18.2       |
| time/                   |            |
|    fps                  | 27         |
|    iterations           | 235        |
|    time_elapsed         | 8901       |
|    total_timesteps      | 240640     |
| train/                  |            |
|    approx_kl            | 0.32732183 |
|    clip_fraction        | 0.446      |
|    clip_range           | 0.2        |
|    clip_range_vf        | 0.2        |
|    entropy_loss         | -0.222     |
|    explained_variance   | 0.711      |
|    learning_rate        | 0.000228   |
|    loss                 | 0.133      |
|    n_updates            | 1994       |
|    policy_gradient_loss | 0.0097     |
|    std                  | 0.271      |
|    value_loss           | 0.279      |
----------------------------------------
2026-07-04T00:14:52Z [8,927,106ms] [Error] [omni.kit.app._impl] [py stderr]: /media/samuel/Fast_SSD/SE4AI/thesis_repo/src/cobraflex_rl/cobraflex_rl/cv_lane_estimator.py:253: RankWarning: Polyfit may be poorly conditioned
  c2, c1, c0 = np.polyfit(xs, ys, 2)
PPO progress: 241000/1000000 (24%) | ep_rew_mean=21.05 | ep_len_mean=26 | episodes=100 | fps=27
----------------------------------------
| rollout/                |            |
|    ep_len_mean          | 31.3       |
|    ep_rew_mean          | 25.1       |
| time/                   |            |
|    fps                  | 27         |
|    iterations           | 236        |
|    time_elapsed         | 8933       |
|    total_timesteps      | 241664     |
| train/                  |            |
|    approx_kl            | 0.26308322 |
|    clip_fraction        | 0.575      |
|    clip_range           | 0.2        |
|    clip_range_vf        | 0.2        |
|    entropy_loss         | -0.221     |
|    explained_variance   | 0.839      |
|    learning_rate        | 0.000228   |
|    loss                 | -0.085     |
|    n_updates            | 2004       |
|    policy_gradient_loss | -0.0539    |
|    std                  | 0.27       |
|    value_loss           | 0.0871     |
----------------------------------------
2026-07-04T00:15:25Z [8,959,795ms] [Error] [omni.kit.app._impl] [py stderr]: /media/samuel/Fast_SSD/SE4AI/thesis_repo/src/cobraflex_rl/cobraflex_rl/cv_lane_estimator.py:253: RankWarning: Polyfit may be poorly conditioned
  c2, c1, c0 = np.polyfit(xs, ys, 2)
2026-07-04T00:15:25Z [8,959,795ms] [Error] [omni.kit.app._impl] [py stderr]: /media/samuel/Fast_SSD/SE4AI/thesis_repo/src/cobraflex_rl/cobraflex_rl/cv_lane_estimator.py:253: RankWarning: Polyfit may be poorly conditioned
  c2, c1, c0 = np.polyfit(xs, ys, 2)
2026-07-04T00:15:25Z [8,959,795ms] [Error] [omni.kit.app._impl] [py stderr]: /media/samuel/Fast_SSD/SE4AI/thesis_repo/src/cobraflex_rl/cobraflex_rl/cv_lane_estimator.py:253: RankWarning: Polyfit may be poorly conditioned
  c2, c1, c0 = np.polyfit(xs, ys, 2)
2026-07-04T00:15:25Z [8,959,802ms] [Error] [omni.kit.app._impl] [py stderr]: /media/samuel/Fast_SSD/SE4AI/thesis_repo/src/cobraflex_rl/cobraflex_rl/cv_lane_estimator.py:253: RankWarning: Polyfit may be poorly conditioned
  c2, c1, c0 = np.polyfit(xs, ys, 2)
2026-07-04T00:15:25Z [8,959,802ms] [Error] [omni.kit.app._impl] [py stderr]: /media/samuel/Fast_SSD/SE4AI/thesis_repo/src/cobraflex_rl/cobraflex_rl/cv_lane_estimator.py:253: RankWarning: Polyfit may be poorly conditioned
  c2, c1, c0 = np.polyfit(xs, ys, 2)
2026-07-04T00:15:25Z [8,959,802ms] [Error] [omni.kit.app._impl] [py stderr]: /media/samuel/Fast_SSD/SE4AI/thesis_repo/src/cobraflex_rl/cobraflex_rl/cv_lane_estimator.py:253: RankWarning: Polyfit may be poorly conditioned
  c2, c1, c0 = np.polyfit(xs, ys, 2)
Early stopping at step 1 due to reaching max kl: 0.91
PPO progress: 242000/1000000 (24%) | ep_rew_mean=24.98 | ep_len_mean=31 | episodes=100 | fps=27
---------------------------------------
| rollout/                |           |
|    ep_len_mean          | 29.3      |
|    ep_rew_mean          | 23.7      |
| time/                   |           |
|    fps                  | 27        |
|    iterations           | 237       |
|    time_elapsed         | 8971      |
|    total_timesteps      | 242688    |
| train/                  |           |
|    approx_kl            | 0.2598346 |
|    clip_fraction        | 0.446     |
|    clip_range           | 0.2       |
|    clip_range_vf        | 0.2       |
|    entropy_loss         | -0.211    |
|    explained_variance   | 0.732     |
|    learning_rate        | 0.000228  |
|    loss                 | -0.0433   |
|    n_updates            | 2006      |
|    policy_gradient_loss | 0.00932   |
|    std                  | 0.269     |
|    value_loss           | 0.153     |
---------------------------------------
Early stopping at step 1 due to reaching max kl: 0.91
PPO progress: 243000/1000000 (24%) | ep_rew_mean=20.42 | ep_len_mean=26 | episodes=100 | fps=27
2026-07-04T00:16:24Z [9,018,952ms] [Error] [omni.kit.app._impl] [py stderr]: /media/samuel/Fast_SSD/SE4AI/thesis_repo/src/cobraflex_rl/cobraflex_rl/cv_lane_estimator.py:253: RankWarning: Polyfit may be poorly conditioned
  c2, c1, c0 = np.polyfit(xs, ys, 2)
2026-07-04T00:16:24Z [9,019,049ms] [Error] [omni.kit.app._impl] [py stderr]: /media/samuel/Fast_SSD/SE4AI/thesis_repo/src/cobraflex_rl/cobraflex_rl/cv_lane_estimator.py:253: RankWarning: Polyfit may be poorly conditioned
  c2, c1, c0 = np.polyfit(xs, ys, 2)
----------------------------------------
| rollout/                |            |
|    ep_len_mean          | 20.4       |
|    ep_rew_mean          | 16.4       |
| time/                   |            |
|    fps                  | 27         |
|    iterations           | 238        |
|    time_elapsed         | 9016       |
|    total_timesteps      | 243712     |
| train/                  |            |
|    approx_kl            | 0.22551447 |
|    clip_fraction        | 0.451      |
|    clip_range           | 0.2        |
|    clip_range_vf        | 0.2        |
|    entropy_loss         | -0.212     |
|    explained_variance   | 0.389      |
|    learning_rate        | 0.000227   |
|    loss                 | 0.121      |
|    n_updates            | 2008       |
|    policy_gradient_loss | 0.0534     |
|    std                  | 0.27       |
|    value_loss           | 0.428      |
----------------------------------------
Early stopping at step 1 due to reaching max kl: 0.88
PPO progress: 244000/1000000 (24%) | ep_rew_mean=17.73 | ep_len_mean=21 | episodes=100 | fps=27
2026-07-04T00:17:00Z [9,055,096ms] [Error] [omni.kit.app._impl] [py stderr]: /media/samuel/Fast_SSD/SE4AI/thesis_repo/src/cobraflex_rl/cobraflex_rl/cv_lane_estimator.py:253: RankWarning: Polyfit may be poorly conditioned
  c2, c1, c0 = np.polyfit(xs, ys, 2)
2026-07-04T00:17:14Z [9,069,620ms] [Error] [omni.kit.app._impl] [py stderr]: /media/samuel/Fast_SSD/SE4AI/thesis_repo/src/cobraflex_rl/cobraflex_rl/cv_lane_estimator.py:253: RankWarning: Polyfit may be poorly conditioned
  c2, c1, c0 = np.polyfit(xs, ys, 2)
2026-07-04T00:17:14Z [9,069,620ms] [Error] [omni.kit.app._impl] [py stderr]: /media/samuel/Fast_SSD/SE4AI/thesis_repo/src/cobraflex_rl/cobraflex_rl/cv_lane_estimator.py:253: RankWarning: Polyfit may be poorly conditioned
  c2, c1, c0 = np.polyfit(xs, ys, 2)
2026-07-04T00:17:14Z [9,069,626ms] [Error] [omni.kit.app._impl] [py stderr]: /media/samuel/Fast_SSD/SE4AI/thesis_repo/src/cobraflex_rl/cobraflex_rl/cv_lane_estimator.py:253: RankWarning: Polyfit may be poorly conditioned
  c2, c1, c0 = np.polyfit(xs, ys, 2)
2026-07-04T00:17:14Z [9,069,627ms] [Error] [omni.kit.app._impl] [py stderr]: /media/samuel/Fast_SSD/SE4AI/thesis_repo/src/cobraflex_rl/cobraflex_rl/cv_lane_estimator.py:253: RankWarning: Polyfit may be poorly conditioned
  c2, c1, c0 = np.polyfit(xs, ys, 2)
----------------------------------------
| rollout/                |            |
|    ep_len_mean          | 18.5       |
|    ep_rew_mean          | 14.1       |
| time/                   |            |
|    fps                  | 26         |
|    iterations           | 239        |
|    time_elapsed         | 9069       |
|    total_timesteps      | 244736     |
| train/                  |            |
|    approx_kl            | 0.21444896 |
|    clip_fraction        | 0.401      |
|    clip_range           | 0.2        |
|    clip_range_vf        | 0.2        |
|    entropy_loss         | -0.216     |
|    explained_variance   | 0.637      |
|    learning_rate        | 0.000227   |
|    loss                 | 0.123      |
|    n_updates            | 2010       |
|    policy_gradient_loss | 0.0127     |
|    std                  | 0.271      |
|    value_loss           | 0.219      |
----------------------------------------
Early stopping at step 7 due to reaching max kl: 0.92
PPO progress: 245000/1000000 (24%) | ep_rew_mean=14.50 | ep_len_mean=18 | episodes=100 | fps=26
----------------------------------------
| rollout/                |            |
|    ep_len_mean          | 17.8       |
|    ep_rew_mean          | 12.8       |
| time/                   |            |
|    fps                  | 26         |
|    iterations           | 240        |
|    time_elapsed         | 9113       |
|    total_timesteps      | 245760     |
| train/                  |            |
|    approx_kl            | 0.34270492 |
|    clip_fraction        | 0.497      |
|    clip_range           | 0.2        |
|    clip_range_vf        | 0.2        |
|    entropy_loss         | -0.218     |
|    explained_variance   | 0.366      |
|    learning_rate        | 0.000227   |
|    loss                 | 0.0123     |
|    n_updates            | 2018       |
|    policy_gradient_loss | -0.0328    |
|    std                  | 0.27       |
|    value_loss           | 0.132      |
----------------------------------------
2026-07-04T00:18:18Z [9,132,792ms] [Error] [omni.kit.app._impl] [py stderr]: /media/samuel/Fast_SSD/SE4AI/thesis_repo/src/cobraflex_rl/cobraflex_rl/cv_lane_estimator.py:253: RankWarning: Polyfit may be poorly conditioned
  c2, c1, c0 = np.polyfit(xs, ys, 2)
2026-07-04T00:18:18Z [9,132,792ms] [Error] [omni.kit.app._impl] [py stderr]: /media/samuel/Fast_SSD/SE4AI/thesis_repo/src/cobraflex_rl/cobraflex_rl/cv_lane_estimator.py:253: RankWarning: Polyfit may be poorly conditioned
  c2, c1, c0 = np.polyfit(xs, ys, 2)
2026-07-04T00:18:18Z [9,132,792ms] [Error] [omni.kit.app._impl] [py stderr]: /media/samuel/Fast_SSD/SE4AI/thesis_repo/src/cobraflex_rl/cobraflex_rl/cv_lane_estimator.py:253: RankWarning: Polyfit may be poorly conditioned
  c2, c1, c0 = np.polyfit(xs, ys, 2)
2026-07-04T00:18:18Z [9,132,792ms] [Error] [omni.kit.app._impl] [py stderr]: /media/samuel/Fast_SSD/SE4AI/thesis_repo/src/cobraflex_rl/cobraflex_rl/cv_lane_estimator.py:253: RankWarning: Polyfit may be poorly conditioned
  c2, c1, c0 = np.polyfit(xs, ys, 2)
Early stopping at step 3 due to reaching max kl: 0.92
PPO progress: 246000/1000000 (25%) | ep_rew_mean=12.48 | ep_len_mean=19 | episodes=100 | fps=26
2026-07-04T00:18:28Z [9,143,131ms] [Error] [omni.kit.app._impl] [py stderr]: /media/samuel/Fast_SSD/SE4AI/thesis_repo/src/cobraflex_rl/cobraflex_rl/cv_lane_estimator.py:253: RankWarning: Polyfit may be poorly conditioned
  c2, c1, c0 = np.polyfit(xs, ys, 2)
2026-07-04T00:18:28Z [9,143,131ms] [Error] [omni.kit.app._impl] [py stderr]: /media/samuel/Fast_SSD/SE4AI/thesis_repo/src/cobraflex_rl/cobraflex_rl/cv_lane_estimator.py:253: RankWarning: Polyfit may be poorly conditioned
  c2, c1, c0 = np.polyfit(xs, ys, 2)
2026-07-04T00:18:36Z [9,150,738ms] [Error] [omni.kit.app._impl] [py stderr]: /media/samuel/Fast_SSD/SE4AI/thesis_repo/src/cobraflex_rl/cobraflex_rl/cv_lane_estimator.py:253: RankWarning: Polyfit may be poorly conditioned
  c2, c1, c0 = np.polyfit(xs, ys, 2)
----------------------------------------
| rollout/                |            |
|    ep_len_mean          | 19.6       |
|    ep_rew_mean          | 14.7       |
| time/                   |            |
|    fps                  | 26         |
|    iterations           | 241        |
|    time_elapsed         | 9162       |
|    total_timesteps      | 246784     |
| train/                  |            |
|    approx_kl            | 0.44968498 |
|    clip_fraction        | 0.477      |
|    clip_range           | 0.2        |
|    clip_range_vf        | 0.2        |
|    entropy_loss         | -0.215     |
|    explained_variance   | 0.585      |
|    learning_rate        | 0.000226   |
|    loss                 | 0.0343     |
|    n_updates            | 2022       |
|    policy_gradient_loss | -0.0123    |
|    std                  | 0.27       |
|    value_loss           | 0.151      |
----------------------------------------
2026-07-04T00:19:16Z [9,190,702ms] [Error] [omni.kit.app._impl] [py stderr]: /media/samuel/Fast_SSD/SE4AI/thesis_repo/src/cobraflex_rl/cobraflex_rl/cv_lane_estimator.py:253: RankWarning: Polyfit may be poorly conditioned
  c2, c1, c0 = np.polyfit(xs, ys, 2)
Early stopping at step 3 due to reaching max kl: 0.98
PPO progress: 247000/1000000 (25%) | ep_rew_mean=16.64 | ep_len_mean=22 | episodes=100 | fps=26
----------------------------------------
| rollout/                |            |
|    ep_len_mean          | 24         |
|    ep_rew_mean          | 19.6       |
| time/                   |            |
|    fps                  | 26         |
|    iterations           | 242        |
|    time_elapsed         | 9201       |
|    total_timesteps      | 247808     |
| train/                  |            |
|    approx_kl            | 0.35519186 |
|    clip_fraction        | 0.456      |
|    clip_range           | 0.2        |
|    clip_range_vf        | 0.2        |
|    entropy_loss         | -0.221     |
|    explained_variance   | 0.75       |
|    learning_rate        | 0.000226   |
|    loss                 | -0.0266    |
|    n_updates            | 2026       |
|    policy_gradient_loss | -0.0196    |
|    std                  | 0.271      |
|    value_loss           | 0.0908     |
----------------------------------------
Early stopping at step 6 due to reaching max kl: 5.43
PPO progress: 248000/1000000 (25%) | ep_rew_mean=20.06 | ep_len_mean=24 | episodes=100 | fps=26
---------------------------------------
| rollout/                |           |
|    ep_len_mean          | 25.4      |
|    ep_rew_mean          | 20.1      |
| time/                   |           |
|    fps                  | 26        |
|    iterations           | 243       |
|    time_elapsed         | 9241      |
|    total_timesteps      | 248832    |
| train/                  |           |
|    approx_kl            | 0.6539346 |
|    clip_fraction        | 0.523     |
|    clip_range           | 0.2       |
|    clip_range_vf        | 0.2       |
|    entropy_loss         | -0.22     |
|    explained_variance   | 0.643     |
|    learning_rate        | 0.000226  |
|    loss                 | -0.0595   |
|    n_updates            | 2033      |
|    policy_gradient_loss | -0.0457   |
|    std                  | 0.269     |
|    value_loss           | 0.138     |
---------------------------------------
2026-07-04T00:20:30Z [9,264,931ms] [Error] [omni.kit.app._impl] [py stderr]: /media/samuel/Fast_SSD/SE4AI/thesis_repo/src/cobraflex_rl/cobraflex_rl/cv_lane_estimator.py:253: RankWarning: Polyfit may be poorly conditioned
  c2, c1, c0 = np.polyfit(xs, ys, 2)
2026-07-04T00:20:30Z [9,264,931ms] [Error] [omni.kit.app._impl] [py stderr]: /media/samuel/Fast_SSD/SE4AI/thesis_repo/src/cobraflex_rl/cobraflex_rl/cv_lane_estimator.py:253: RankWarning: Polyfit may be poorly conditioned
  c2, c1, c0 = np.polyfit(xs, ys, 2)
PPO progress: 249000/1000000 (25%) | ep_rew_mean=21.77 | ep_len_mean=27 | episodes=100 | fps=26
----------------------------------------
| rollout/                |            |
|    ep_len_mean          | 27.3       |
|    ep_rew_mean          | 22.4       |
| time/                   |            |
|    fps                  | 26         |
|    iterations           | 244        |
|    time_elapsed         | 9279       |
|    total_timesteps      | 249856     |
| train/                  |            |
|    approx_kl            | 0.28808412 |
|    clip_fraction        | 0.561      |
|    clip_range           | 0.2        |
|    clip_range_vf        | 0.2        |
|    entropy_loss         | -0.204     |
|    explained_variance   | 0.65       |
|    learning_rate        | 0.000225   |
|    loss                 | -0.0457    |
|    n_updates            | 2043       |
|    policy_gradient_loss | -0.0657    |
|    std                  | 0.266      |
|    value_loss           | 0.146      |
----------------------------------------
Early stopping at step 5 due to reaching max kl: 1.51
PPO progress: 250000/1000000 (25%) | ep_rew_mean=24.76 | ep_len_mean=30 | episodes=100 | fps=26
2026-07-04T00:21:16Z [9,311,250ms] [Error] [omni.kit.app._impl] [py stderr]: /media/samuel/Fast_SSD/SE4AI/thesis_repo/src/cobraflex_rl/cobraflex_rl/cv_lane_estimator.py:253: RankWarning: Polyfit may be poorly conditioned
  c2, c1, c0 = np.polyfit(xs, ys, 2)
2026-07-04T00:21:22Z [9,317,109ms] [Error] [omni.kit.app._impl] [py stderr]: /media/samuel/Fast_SSD/SE4AI/thesis_repo/src/cobraflex_rl/cobraflex_rl/cv_lane_estimator.py:253: RankWarning: Polyfit may be poorly conditioned
  c2, c1, c0 = np.polyfit(xs, ys, 2)
---------------------------------------
| rollout/                |           |
|    ep_len_mean          | 25.8      |
|    ep_rew_mean          | 17.8      |
| time/                   |           |
|    fps                  | 26        |
|    iterations           | 245       |
|    time_elapsed         | 9316      |
|    total_timesteps      | 250880    |
| train/                  |           |
|    approx_kl            | 0.4922118 |
|    clip_fraction        | 0.547     |
|    clip_range           | 0.2       |
|    clip_range_vf        | 0.2       |
|    entropy_loss         | -0.184    |
|    explained_variance   | 0.747     |
|    learning_rate        | 0.000225  |
|    loss                 | -0.0484   |
|    n_updates            | 2049      |
|    policy_gradient_loss | -0.0442   |
|    std                  | 0.265     |
|    value_loss           | 0.0797    |
---------------------------------------
Early stopping at step 4 due to reaching max kl: 0.75
PPO progress: 251000/1000000 (25%) | ep_rew_mean=17.82 | ep_len_mean=26 | episodes=100 | fps=26
2026-07-04T00:21:46Z [9,341,664ms] [Error] [omni.kit.app._impl] [py stderr]: /media/samuel/Fast_SSD/SE4AI/thesis_repo/src/cobraflex_rl/cobraflex_rl/cv_lane_estimator.py:253: RankWarning: Polyfit may be poorly conditioned
  c2, c1, c0 = np.polyfit(xs, ys, 2)
2026-07-04T00:21:46Z [9,341,671ms] [Error] [omni.kit.app._impl] [py stderr]: /media/samuel/Fast_SSD/SE4AI/thesis_repo/src/cobraflex_rl/cobraflex_rl/cv_lane_estimator.py:253: RankWarning: Polyfit may be poorly conditioned
  c2, c1, c0 = np.polyfit(xs, ys, 2)
----------------------------------------
| rollout/                |            |
|    ep_len_mean          | 32.7       |
|    ep_rew_mean          | 25.4       |
| time/                   |            |
|    fps                  | 26         |
|    iterations           | 246        |
|    time_elapsed         | 9348       |
|    total_timesteps      | 251904     |
| train/                  |            |
|    approx_kl            | 0.36105642 |
|    clip_fraction        | 0.411      |
|    clip_range           | 0.2        |
|    clip_range_vf        | 0.2        |
|    entropy_loss         | -0.181     |
|    explained_variance   | 0.527      |
|    learning_rate        | 0.000225   |
|    loss                 | 0.048      |
|    n_updates            | 2054       |
|    policy_gradient_loss | -0.0201    |
|    std                  | 0.266      |
|    value_loss           | 0.223      |
----------------------------------------
Early stopping at step 7 due to reaching max kl: 0.78
PPO progress: 252000/1000000 (25%) | ep_rew_mean=25.68 | ep_len_mean=33 | episodes=100 | fps=26
---------------------------------------
| rollout/                |           |
|    ep_len_mean          | 32.9      |
|    ep_rew_mean          | 26.2      |
| time/                   |           |
|    fps                  | 26        |
|    iterations           | 247       |
|    time_elapsed         | 9377      |
|    total_timesteps      | 252928    |
| train/                  |           |
|    approx_kl            | 0.4264333 |
|    clip_fraction        | 0.525     |
|    clip_range           | 0.2       |
|    clip_range_vf        | 0.2       |
|    entropy_loss         | -0.182    |
|    explained_variance   | 0.735     |
|    learning_rate        | 0.000224  |
|    loss                 | -0.0706   |
|    n_updates            | 2062      |
|    policy_gradient_loss | -0.0461   |
|    std                  | 0.264     |
|    value_loss           | 0.0705    |
---------------------------------------
PPO progress: 253000/1000000 (25%) | ep_rew_mean=26.16 | ep_len_mean=33 | episodes=100 | fps=26
----------------------------------------
| rollout/                |            |
|    ep_len_mean          | 32.3       |
|    ep_rew_mean          | 27.8       |
| time/                   |            |
|    fps                  | 26         |
|    iterations           | 248        |
|    time_elapsed         | 9424       |
|    total_timesteps      | 253952     |
| train/                  |            |
|    approx_kl            | 0.37117112 |
|    clip_fraction        | 0.551      |
|    clip_range           | 0.2        |
|    clip_range_vf        | 0.2        |
|    entropy_loss         | -0.172     |
|    explained_variance   | 0.762      |
|    learning_rate        | 0.000224   |
|    loss                 | -0.0436    |
|    n_updates            | 2072       |
|    policy_gradient_loss | -0.0585    |
|    std                  | 0.263      |
|    value_loss           | 0.0682     |
----------------------------------------
PPO progress: 254000/1000000 (25%) | ep_rew_mean=27.78 | ep_len_mean=32 | episodes=100 | fps=26
2026-07-04T00:23:48Z [9,463,605ms] [Error] [omni.kit.app._impl] [py stderr]: /media/samuel/Fast_SSD/SE4AI/thesis_repo/src/cobraflex_rl/cobraflex_rl/cv_lane_estimator.py:253: RankWarning: Polyfit may be poorly conditioned
  c2, c1, c0 = np.polyfit(xs, ys, 2)
2026-07-04T00:23:48Z [9,463,605ms] [Error] [omni.kit.app._impl] [py stderr]: /media/samuel/Fast_SSD/SE4AI/thesis_repo/src/cobraflex_rl/cobraflex_rl/cv_lane_estimator.py:253: RankWarning: Polyfit may be poorly conditioned
  c2, c1, c0 = np.polyfit(xs, ys, 2)
2026-07-04T00:23:48Z [9,463,612ms] [Error] [omni.kit.app._impl] [py stderr]: /media/samuel/Fast_SSD/SE4AI/thesis_repo/src/cobraflex_rl/cobraflex_rl/cv_lane_estimator.py:253: RankWarning: Polyfit may be poorly conditioned
  c2, c1, c0 = np.polyfit(xs, ys, 2)
2026-07-04T00:23:48Z [9,463,612ms] [Error] [omni.kit.app._impl] [py stderr]: /media/samuel/Fast_SSD/SE4AI/thesis_repo/src/cobraflex_rl/cobraflex_rl/cv_lane_estimator.py:253: RankWarning: Polyfit may be poorly conditioned
  c2, c1, c0 = np.polyfit(xs, ys, 2)
2026-07-04T00:23:48Z [9,463,637ms] [Error] [omni.kit.app._impl] [py stderr]: /media/samuel/Fast_SSD/SE4AI/thesis_repo/src/cobraflex_rl/cobraflex_rl/cv_lane_estimator.py:253: RankWarning: Polyfit may be poorly conditioned
  c2, c1, c0 = np.polyfit(xs, ys, 2)
2026-07-04T00:23:48Z [9,463,637ms] [Error] [omni.kit.app._impl] [py stderr]: /media/samuel/Fast_SSD/SE4AI/thesis_repo/src/cobraflex_rl/cobraflex_rl/cv_lane_estimator.py:253: RankWarning: Polyfit may be poorly conditioned
  c2, c1, c0 = np.polyfit(xs, ys, 2)
2026-07-04T00:23:48Z [9,463,637ms] [Error] [omni.kit.app._impl] [py stderr]: /media/samuel/Fast_SSD/SE4AI/thesis_repo/src/cobraflex_rl/cobraflex_rl/cv_lane_estimator.py:253: RankWarning: Polyfit may be poorly conditioned
  c2, c1, c0 = np.polyfit(xs, ys, 2)
2026-07-04T00:23:49Z [9,463,735ms] [Error] [omni.kit.app._impl] [py stderr]: /media/samuel/Fast_SSD/SE4AI/thesis_repo/src/cobraflex_rl/cobraflex_rl/cv_lane_estimator.py:253: RankWarning: Polyfit may be poorly conditioned
  c2, c1, c0 = np.polyfit(xs, ys, 2)
2026-07-04T00:23:49Z [9,463,735ms] [Error] [omni.kit.app._impl] [py stderr]: /media/samuel/Fast_SSD/SE4AI/thesis_repo/src/cobraflex_rl/cobraflex_rl/cv_lane_estimator.py:253: RankWarning: Polyfit may be poorly conditioned
  c2, c1, c0 = np.polyfit(xs, ys, 2)
2026-07-04T00:23:49Z [9,463,735ms] [Error] [omni.kit.app._impl] [py stderr]: /media/samuel/Fast_SSD/SE4AI/thesis_repo/src/cobraflex_rl/cobraflex_rl/cv_lane_estimator.py:253: RankWarning: Polyfit may be poorly conditioned
  c2, c1, c0 = np.polyfit(xs, ys, 2)
2026-07-04T00:23:49Z [9,463,735ms] [Error] [omni.kit.app._impl] [py stderr]: /media/samuel/Fast_SSD/SE4AI/thesis_repo/src/cobraflex_rl/cobraflex_rl/cv_lane_estimator.py:253: RankWarning: Polyfit may be poorly conditioned
  c2, c1, c0 = np.polyfit(xs, ys, 2)
----------------------------------------
| rollout/                |            |
|    ep_len_mean          | 36.2       |
|    ep_rew_mean          | 33.6       |
| time/                   |            |
|    fps                  | 26         |
|    iterations           | 249        |
|    time_elapsed         | 9456       |
|    total_timesteps      | 254976     |
| train/                  |            |
|    approx_kl            | 0.25877562 |
|    clip_fraction        | 0.556      |
|    clip_range           | 0.2        |
|    clip_range_vf        | 0.2        |
|    entropy_loss         | -0.156     |
|    explained_variance   | 0.66       |
|    learning_rate        | 0.000224   |
|    loss                 | -0.0858    |
|    n_updates            | 2082       |
|    policy_gradient_loss | -0.0599    |
|    std                  | 0.26       |
|    value_loss           | 0.138      |
----------------------------------------
PPO progress: 255000/1000000 (26%) | ep_rew_mean=33.56 | ep_len_mean=36 | episodes=100 | fps=26
PPO progress: 256000/1000000 (26%) | ep_rew_mean=38.57 | ep_len_mean=39 | episodes=100 | fps=26
----------------------------------------
| rollout/                |            |
|    ep_len_mean          | 38.8       |
|    ep_rew_mean          | 38.6       |
| time/                   |            |
|    fps                  | 26         |
|    iterations           | 250        |
|    time_elapsed         | 9492       |
|    total_timesteps      | 256000     |
| train/                  |            |
|    approx_kl            | 0.25058985 |
|    clip_fraction        | 0.568      |
|    clip_range           | 0.2        |
|    clip_range_vf        | 0.2        |
|    entropy_loss         | -0.136     |
|    explained_variance   | 0.588      |
|    learning_rate        | 0.000224   |
|    loss                 | -0.0564    |
|    n_updates            | 2092       |
|    policy_gradient_loss | -0.0571    |
|    std                  | 0.257      |
|    value_loss           | 0.111      |
----------------------------------------
PPO progress: 257000/1000000 (26%) | ep_rew_mean=33.47 | ep_len_mean=37 | episodes=100 | fps=26
----------------------------------------
| rollout/                |            |
|    ep_len_mean          | 37.3       |
|    ep_rew_mean          | 33.5       |
| time/                   |            |
|    fps                  | 26         |
|    iterations           | 251        |
|    time_elapsed         | 9529       |
|    total_timesteps      | 257024     |
| train/                  |            |
|    approx_kl            | 0.31678241 |
|    clip_fraction        | 0.551      |
|    clip_range           | 0.2        |
|    clip_range_vf        | 0.2        |
|    entropy_loss         | -0.105     |
|    explained_variance   | 0.847      |
|    learning_rate        | 0.000223   |
|    loss                 | -0.111     |
|    n_updates            | 2102       |
|    policy_gradient_loss | -0.0668    |
|    std                  | 0.252      |
|    value_loss           | 0.0633     |
----------------------------------------
Early stopping at step 5 due to reaching max kl: 0.88
PPO progress: 258000/1000000 (26%) | ep_rew_mean=43.43 | ep_len_mean=44 | episodes=100 | fps=26
---------------------------------------
| rollout/                |           |
|    ep_len_mean          | 44        |
|    ep_rew_mean          | 43.5      |
| time/                   |           |
|    fps                  | 26        |
|    iterations           | 252       |
|    time_elapsed         | 9565      |
|    total_timesteps      | 258048    |
| train/                  |           |
|    approx_kl            | 0.4404879 |
|    clip_fraction        | 0.497     |
|    clip_range           | 0.2       |
|    clip_range_vf        | 0.2       |
|    entropy_loss         | -0.0765   |
|    explained_variance   | 0.879     |
|    learning_rate        | 0.000223  |
|    loss                 | -0.0199   |
|    n_updates            | 2108      |
|    policy_gradient_loss | -0.0292   |
|    std                  | 0.251     |
|    value_loss           | 0.122     |
---------------------------------------
[isaac_interface] WARN: Spawn pose did not settle after teleport; first-step ey may be unreliable.
PPO progress: 259000/1000000 (26%) | ep_rew_mean=33.56 | ep_len_mean=36 | episodes=100 | fps=26
---------------------------------------
| rollout/                |           |
|    ep_len_mean          | 36.6      |
|    ep_rew_mean          | 33.8      |
| time/                   |           |
|    fps                  | 26        |
|    iterations           | 253       |
|    time_elapsed         | 9604      |
|    total_timesteps      | 259072    |
| train/                  |           |
|    approx_kl            | 0.2731703 |
|    clip_fraction        | 0.531     |
|    clip_range           | 0.2       |
|    clip_range_vf        | 0.2       |
|    entropy_loss         | -0.0627   |
|    explained_variance   | 0.787     |
|    learning_rate        | 0.000223  |
|    loss                 | -0.0731   |
|    n_updates            | 2118      |
|    policy_gradient_loss | -0.0655   |
|    std                  | 0.248     |
|    value_loss           | 0.1       |
---------------------------------------
PPO progress: 260000/1000000 (26%) | ep_rew_mean=31.84 | ep_len_mean=32 | episodes=100 | fps=26
---------------------------------------
| rollout/                |           |
|    ep_len_mean          | 31.9      |
|    ep_rew_mean          | 31.8      |
| time/                   |           |
|    fps                  | 26        |
|    iterations           | 254       |
|    time_elapsed         | 9643      |
|    total_timesteps      | 260096    |
| train/                  |           |
|    approx_kl            | 0.3171305 |
|    clip_fraction        | 0.596     |
|    clip_range           | 0.2       |
|    clip_range_vf        | 0.2       |
|    entropy_loss         | -0.0341   |
|    explained_variance   | 0.541     |
|    learning_rate        | 0.000222  |
|    loss                 | 0.05      |
|    n_updates            | 2128      |
|    policy_gradient_loss | -0.049    |
|    std                  | 0.245     |
|    value_loss           | 0.353     |
---------------------------------------
2026-07-04T00:27:15Z [9,670,298ms] [Error] [omni.kit.app._impl] [py stderr]: /media/samuel/Fast_SSD/SE4AI/thesis_repo/src/cobraflex_rl/cobraflex_rl/cv_lane_estimator.py:253: RankWarning: Polyfit may be poorly conditioned
  c2, c1, c0 = np.polyfit(xs, ys, 2)
Early stopping at step 6 due to reaching max kl: 1.18
PPO progress: 261000/1000000 (26%) | ep_rew_mean=21.08 | ep_len_mean=22 | episodes=100 | fps=26
----------------------------------------
| rollout/                |            |
|    ep_len_mean          | 24         |
|    ep_rew_mean          | 22.5       |
| time/                   |            |
|    fps                  | 26         |
|    iterations           | 255        |
|    time_elapsed         | 9686       |
|    total_timesteps      | 261120     |
| train/                  |            |
|    approx_kl            | 0.37960604 |
|    clip_fraction        | 0.464      |
|    clip_range           | 0.2        |
|    clip_range_vf        | 0.2        |
|    entropy_loss         | -0.0166    |
|    explained_variance   | 0.684      |
|    learning_rate        | 0.000222   |
|    loss                 | 0.0134     |
|    n_updates            | 2135       |
|    policy_gradient_loss | -0.041     |
|    std                  | 0.244      |
|    value_loss           | 0.204      |
----------------------------------------
Early stopping at step 1 due to reaching max kl: 1.08
PPO progress: 262000/1000000 (26%) | ep_rew_mean=25.65 | ep_len_mean=27 | episodes=100 | fps=26
----------------------------------------
| rollout/                |            |
|    ep_len_mean          | 28.7       |
|    ep_rew_mean          | 27.8       |
| time/                   |            |
|    fps                  | 26         |
|    iterations           | 256        |
|    time_elapsed         | 9719       |
|    total_timesteps      | 262144     |
| train/                  |            |
|    approx_kl            | 0.41247106 |
|    clip_fraction        | 0.344      |
|    clip_range           | 0.2        |
|    clip_range_vf        | 0.2        |
|    entropy_loss         | -0.0109    |
|    explained_variance   | 0.648      |
|    learning_rate        | 0.000222   |
|    loss                 | 0.129      |
|    n_updates            | 2137       |
|    policy_gradient_loss | 0.00792    |
|    std                  | 0.244      |
|    value_loss           | 0.317      |
----------------------------------------
Early stopping at step 6 due to reaching max kl: 0.81
PPO progress: 263000/1000000 (26%) | ep_rew_mean=29.66 | ep_len_mean=30 | episodes=100 | fps=26
---------------------------------------
| rollout/                |           |
|    ep_len_mean          | 31.9      |
|    ep_rew_mean          | 32        |
| time/                   |           |
|    fps                  | 26        |
|    iterations           | 257       |
|    time_elapsed         | 9748      |
|    total_timesteps      | 263168    |
| train/                  |           |
|    approx_kl            | 0.3244998 |
|    clip_fraction        | 0.518     |
|    clip_range           | 0.2       |
|    clip_range_vf        | 0.2       |
|    entropy_loss         | -0.0152   |
|    explained_variance   | 0.775     |
|    learning_rate        | 0.000221  |
|    loss                 | -0.0418   |
|    n_updates            | 2144      |
|    policy_gradient_loss | -0.0442   |
|    std                  | 0.244     |
|    value_loss           | 0.106     |
---------------------------------------
PPO progress: 264000/1000000 (26%) | ep_rew_mean=34.68 | ep_len_mean=34 | episodes=100 | fps=26
---------------------------------------
| rollout/                |           |
|    ep_len_mean          | 35.6      |
|    ep_rew_mean          | 36        |
| time/                   |           |
|    fps                  | 26        |
|    iterations           | 258       |
|    time_elapsed         | 9785      |
|    total_timesteps      | 264192    |
| train/                  |           |
|    approx_kl            | 0.2589542 |
|    clip_fraction        | 0.56      |
|    clip_range           | 0.2       |
|    clip_range_vf        | 0.2       |
|    entropy_loss         | -0.00774  |
|    explained_variance   | 0.738     |
|    learning_rate        | 0.000221  |
|    loss                 | 0.021     |
|    n_updates            | 2154      |
|    policy_gradient_loss | -0.0595   |
|    std                  | 0.241     |
|    value_loss           | 0.146     |
---------------------------------------
2026-07-04T00:29:52Z [9,827,502ms] [Error] [omni.kit.app._impl] [py stderr]: /media/samuel/Fast_SSD/SE4AI/thesis_repo/src/cobraflex_rl/cobraflex_rl/cv_lane_estimator.py:253: RankWarning: Polyfit may be poorly conditioned
  c2, c1, c0 = np.polyfit(xs, ys, 2)
2026-07-04T00:29:52Z [9,827,502ms] [Error] [omni.kit.app._impl] [py stderr]: /media/samuel/Fast_SSD/SE4AI/thesis_repo/src/cobraflex_rl/cobraflex_rl/cv_lane_estimator.py:253: RankWarning: Polyfit may be poorly conditioned
  c2, c1, c0 = np.polyfit(xs, ys, 2)
2026-07-04T00:29:52Z [9,827,502ms] [Error] [omni.kit.app._impl] [py stderr]: /media/samuel/Fast_SSD/SE4AI/thesis_repo/src/cobraflex_rl/cobraflex_rl/cv_lane_estimator.py:253: RankWarning: Polyfit may be poorly conditioned
  c2, c1, c0 = np.polyfit(xs, ys, 2)
2026-07-04T00:29:52Z [9,827,508ms] [Error] [omni.kit.app._impl] [py stderr]: /media/samuel/Fast_SSD/SE4AI/thesis_repo/src/cobraflex_rl/cobraflex_rl/cv_lane_estimator.py:253: RankWarning: Polyfit may be poorly conditioned
  c2, c1, c0 = np.polyfit(xs, ys, 2)
2026-07-04T00:29:52Z [9,827,508ms] [Error] [omni.kit.app._impl] [py stderr]: /media/samuel/Fast_SSD/SE4AI/thesis_repo/src/cobraflex_rl/cobraflex_rl/cv_lane_estimator.py:253: RankWarning: Polyfit may be poorly conditioned
  c2, c1, c0 = np.polyfit(xs, ys, 2)
2026-07-04T00:29:52Z [9,827,509ms] [Error] [omni.kit.app._impl] [py stderr]: /media/samuel/Fast_SSD/SE4AI/thesis_repo/src/cobraflex_rl/cobraflex_rl/cv_lane_estimator.py:253: RankWarning: Polyfit may be poorly conditioned
  c2, c1, c0 = np.polyfit(xs, ys, 2)
2026-07-04T00:29:52Z [9,827,534ms] [Error] [omni.kit.app._impl] [py stderr]: /media/samuel/Fast_SSD/SE4AI/thesis_repo/src/cobraflex_rl/cobraflex_rl/cv_lane_estimator.py:253: RankWarning: Polyfit may be poorly conditioned
  c2, c1, c0 = np.polyfit(xs, ys, 2)
2026-07-04T00:29:52Z [9,827,534ms] [Error] [omni.kit.app._impl] [py stderr]: /media/samuel/Fast_SSD/SE4AI/thesis_repo/src/cobraflex_rl/cobraflex_rl/cv_lane_estimator.py:253: RankWarning: Polyfit may be poorly conditioned
  c2, c1, c0 = np.polyfit(xs, ys, 2)
Early stopping at step 1 due to reaching max kl: 0.92
PPO progress: 265000/1000000 (26%) | ep_rew_mean=40.29 | ep_len_mean=41 | episodes=100 | fps=26
----------------------------------------
| rollout/                |            |
|    ep_len_mean          | 40.7       |
|    ep_rew_mean          | 40.5       |
| time/                   |            |
|    fps                  | 26         |
|    iterations           | 259        |
|    time_elapsed         | 9823       |
|    total_timesteps      | 265216     |
| train/                  |            |
|    approx_kl            | 0.27504593 |
|    clip_fraction        | 0.386      |
|    clip_range           | 0.2        |
|    clip_range_vf        | 0.2        |
|    entropy_loss         | 0.0121     |
|    explained_variance   | 0.858      |
|    learning_rate        | 0.000221   |
|    loss                 | 0.0649     |
|    n_updates            | 2156       |
|    policy_gradient_loss | 0.0135     |
|    std                  | 0.241      |
|    value_loss           | 0.0822     |
----------------------------------------
PPO progress: 266000/1000000 (27%) | ep_rew_mean=42.49 | ep_len_mean=42 | episodes=100 | fps=27
----------------------------------------
| rollout/                |            |
|    ep_len_mean          | 38.4       |
|    ep_rew_mean          | 36.8       |
| time/                   |            |
|    fps                  | 27         |
|    iterations           | 260        |
|    time_elapsed         | 9860       |
|    total_timesteps      | 266240     |
| train/                  |            |
|    approx_kl            | 0.27624488 |
|    clip_fraction        | 0.541      |
|    clip_range           | 0.2        |
|    clip_range_vf        | 0.2        |
|    entropy_loss         | 0.0149     |
|    explained_variance   | 0.703      |
|    learning_rate        | 0.00022    |
|    loss                 | -0.039     |
|    n_updates            | 2166       |
|    policy_gradient_loss | -0.0564    |
|    std                  | 0.239      |
|    value_loss           | 0.157      |
----------------------------------------
2026-07-04T00:30:55Z [9,889,815ms] [Error] [omni.kit.app._impl] [py stderr]: /media/samuel/Fast_SSD/SE4AI/thesis_repo/src/cobraflex_rl/cobraflex_rl/cv_lane_estimator.py:253: RankWarning: Polyfit may be poorly conditioned
  c2, c1, c0 = np.polyfit(xs, ys, 2)
2026-07-04T00:30:55Z [9,889,840ms] [Error] [omni.kit.app._impl] [py stderr]: /media/samuel/Fast_SSD/SE4AI/thesis_repo/src/cobraflex_rl/cobraflex_rl/cv_lane_estimator.py:253: RankWarning: Polyfit may be poorly conditioned
  c2, c1, c0 = np.polyfit(xs, ys, 2)
2026-07-04T00:30:55Z [9,889,840ms] [Error] [omni.kit.app._impl] [py stderr]: /media/samuel/Fast_SSD/SE4AI/thesis_repo/src/cobraflex_rl/cobraflex_rl/cv_lane_estimator.py:253: RankWarning: Polyfit may be poorly conditioned
  c2, c1, c0 = np.polyfit(xs, ys, 2)
2026-07-04T00:30:55Z [9,889,840ms] [Error] [omni.kit.app._impl] [py stderr]: /media/samuel/Fast_SSD/SE4AI/thesis_repo/src/cobraflex_rl/cobraflex_rl/cv_lane_estimator.py:253: RankWarning: Polyfit may be poorly conditioned
  c2, c1, c0 = np.polyfit(xs, ys, 2)
2026-07-04T00:30:55Z [9,889,840ms] [Error] [omni.kit.app._impl] [py stderr]: /media/samuel/Fast_SSD/SE4AI/thesis_repo/src/cobraflex_rl/cobraflex_rl/cv_lane_estimator.py:253: RankWarning: Polyfit may be poorly conditioned
  c2, c1, c0 = np.polyfit(xs, ys, 2)
Early stopping at step 3 due to reaching max kl: 1.16
PPO progress: 267000/1000000 (27%) | ep_rew_mean=36.67 | ep_len_mean=39 | episodes=100 | fps=27
2026-07-04T00:31:03Z [9,898,596ms] [Error] [omni.kit.app._impl] [py stderr]: /media/samuel/Fast_SSD/SE4AI/thesis_repo/src/cobraflex_rl/cobraflex_rl/cv_lane_estimator.py:253: RankWarning: Polyfit may be poorly conditioned
  c2, c1, c0 = np.polyfit(xs, ys, 2)
2026-07-04T00:31:03Z [9,898,610ms] [Error] [omni.kit.app._impl] [py stderr]: /media/samuel/Fast_SSD/SE4AI/thesis_repo/src/cobraflex_rl/cobraflex_rl/cv_lane_estimator.py:253: RankWarning: Polyfit may be poorly conditioned
  c2, c1, c0 = np.polyfit(xs, ys, 2)
----------------------------------------
| rollout/                |            |
|    ep_len_mean          | 35.2       |
|    ep_rew_mean          | 31.9       |
| time/                   |            |
|    fps                  | 27         |
|    iterations           | 261        |
|    time_elapsed         | 9894       |
|    total_timesteps      | 267264     |
| train/                  |            |
|    approx_kl            | 0.31188193 |
|    clip_fraction        | 0.462      |
|    clip_range           | 0.2        |
|    clip_range_vf        | 0.2        |
|    entropy_loss         | 0.0305     |
|    explained_variance   | 0.791      |
|    learning_rate        | 0.00022    |
|    loss                 | -0.0466    |
|    n_updates            | 2170       |
|    policy_gradient_loss | -0.0269    |
|    std                  | 0.239      |
|    value_loss           | 0.157      |
----------------------------------------
2026-07-04T00:31:17Z [9,911,938ms] [Error] [omni.kit.app._impl] [py stderr]: /media/samuel/Fast_SSD/SE4AI/thesis_repo/src/cobraflex_rl/cobraflex_rl/cv_lane_estimator.py:253: RankWarning: Polyfit may be poorly conditioned
  c2, c1, c0 = np.polyfit(xs, ys, 2)
2026-07-04T00:31:17Z [9,911,938ms] [Error] [omni.kit.app._impl] [py stderr]: /media/samuel/Fast_SSD/SE4AI/thesis_repo/src/cobraflex_rl/cobraflex_rl/cv_lane_estimator.py:253: RankWarning: Polyfit may be poorly conditioned
  c2, c1, c0 = np.polyfit(xs, ys, 2)
2026-07-04T00:31:17Z [9,911,938ms] [Error] [omni.kit.app._impl] [py stderr]: /media/samuel/Fast_SSD/SE4AI/thesis_repo/src/cobraflex_rl/cobraflex_rl/cv_lane_estimator.py:253: RankWarning: Polyfit may be poorly conditioned
  c2, c1, c0 = np.polyfit(xs, ys, 2)
2026-07-04T00:31:17Z [9,911,939ms] [Error] [omni.kit.app._impl] [py stderr]: /media/samuel/Fast_SSD/SE4AI/thesis_repo/src/cobraflex_rl/cobraflex_rl/cv_lane_estimator.py:253: RankWarning: Polyfit may be poorly conditioned
  c2, c1, c0 = np.polyfit(xs, ys, 2)
Early stopping at step 7 due to reaching max kl: 0.86
PPO progress: 268000/1000000 (27%) | ep_rew_mean=26.49 | ep_len_mean=29 | episodes=100 | fps=27
---------------------------------------
| rollout/                |           |
|    ep_len_mean          | 29.8      |
|    ep_rew_mean          | 27        |
| time/                   |           |
|    fps                  | 27        |
|    iterations           | 262       |
|    time_elapsed         | 9933      |
|    total_timesteps      | 268288    |
| train/                  |           |
|    approx_kl            | 0.5251109 |
|    clip_fraction        | 0.518     |
|    clip_range           | 0.2       |
|    clip_range_vf        | 0.2       |
|    entropy_loss         | 0.0327    |
|    explained_variance   | 0.709     |
|    learning_rate        | 0.00022   |
|    loss                 | -0.0402   |
|    n_updates            | 2178      |
|    policy_gradient_loss | -0.0404   |
|    std                  | 0.237     |
|    value_loss           | 0.155     |
---------------------------------------
PPO progress: 269000/1000000 (27%) | ep_rew_mean=18.17 | ep_len_mean=20 | episodes=100 | fps=27
----------------------------------------
| rollout/                |            |
|    ep_len_mean          | 20.4       |
|    ep_rew_mean          | 18.2       |
| time/                   |            |
|    fps                  | 27         |
|    iterations           | 263        |
|    time_elapsed         | 9970       |
|    total_timesteps      | 269312     |
| train/                  |            |
|    approx_kl            | 0.26065582 |
|    clip_fraction        | 0.541      |
|    clip_range           | 0.2        |
|    clip_range_vf        | 0.2        |
|    entropy_loss         | 0.0501     |
|    explained_variance   | 0.529      |
|    learning_rate        | 0.00022    |
|    loss                 | 0.0677     |
|    n_updates            | 2188       |
|    policy_gradient_loss | -0.0598    |
|    std                  | 0.234      |
|    value_loss           | 0.27       |
----------------------------------------
2026-07-04T00:32:46Z [10,001,558ms] [Error] [omni.kit.app._impl] [py stderr]: /media/samuel/Fast_SSD/SE4AI/thesis_repo/src/cobraflex_rl/cobraflex_rl/cv_lane_estimator.py:253: RankWarning: Polyfit may be poorly conditioned
  c2, c1, c0 = np.polyfit(xs, ys, 2)
2026-07-04T00:32:46Z [10,001,558ms] [Error] [omni.kit.app._impl] [py stderr]: /media/samuel/Fast_SSD/SE4AI/thesis_repo/src/cobraflex_rl/cobraflex_rl/cv_lane_estimator.py:253: RankWarning: Polyfit may be poorly conditioned
  c2, c1, c0 = np.polyfit(xs, ys, 2)
2026-07-04T00:32:46Z [10,001,565ms] [Error] [omni.kit.app._impl] [py stderr]: /media/samuel/Fast_SSD/SE4AI/thesis_repo/src/cobraflex_rl/cobraflex_rl/cv_lane_estimator.py:253: RankWarning: Polyfit may be poorly conditioned
  c2, c1, c0 = np.polyfit(xs, ys, 2)
2026-07-04T00:32:46Z [10,001,565ms] [Error] [omni.kit.app._impl] [py stderr]: /media/samuel/Fast_SSD/SE4AI/thesis_repo/src/cobraflex_rl/cobraflex_rl/cv_lane_estimator.py:253: RankWarning: Polyfit may be poorly conditioned
  c2, c1, c0 = np.polyfit(xs, ys, 2)
Early stopping at step 2 due to reaching max kl: 1.14
PPO progress: 270000/1000000 (27%) | ep_rew_mean=16.96 | ep_len_mean=28 | episodes=100 | fps=27
---------------------------------------
| rollout/                |           |
|    ep_len_mean          | 27.6      |
|    ep_rew_mean          | 17.1      |
| time/                   |           |
|    fps                  | 27        |
|    iterations           | 264       |
|    time_elapsed         | 9997      |
|    total_timesteps      | 270336    |
| train/                  |           |
|    approx_kl            | 0.6546223 |
|    clip_fraction        | 0.419     |
|    clip_range           | 0.2       |
|    clip_range_vf        | 0.2       |
|    entropy_loss         | 0.0672    |
|    explained_variance   | 0.767     |
|    learning_rate        | 0.000219  |
|    loss                 | 0.0708    |
|    n_updates            | 2191      |
|    policy_gradient_loss | -0.00292  |
|    std                  | 0.235     |
|    value_loss           | 0.137     |
---------------------------------------
2026-07-04T00:33:04Z [10,018,801ms] [Error] [omni.kit.app._impl] [py stderr]: /media/samuel/Fast_SSD/SE4AI/thesis_repo/src/cobraflex_rl/cobraflex_rl/cv_lane_estimator.py:253: RankWarning: Polyfit may be poorly conditioned
  c2, c1, c0 = np.polyfit(xs, ys, 2)
2026-07-04T00:33:04Z [10,018,808ms] [Error] [omni.kit.app._impl] [py stderr]: /media/samuel/Fast_SSD/SE4AI/thesis_repo/src/cobraflex_rl/cobraflex_rl/cv_lane_estimator.py:253: RankWarning: Polyfit may be poorly conditioned
  c2, c1, c0 = np.polyfit(xs, ys, 2)
Early stopping at step 4 due to reaching max kl: 0.89
PPO progress: 271000/1000000 (27%) | ep_rew_mean=19.25 | ep_len_mean=28 | episodes=100 | fps=27
----------------------------------------
| rollout/                |            |
|    ep_len_mean          | 29.3       |
|    ep_rew_mean          | 20         |
| time/                   |            |
|    fps                  | 27         |
|    iterations           | 265        |
|    time_elapsed         | 10034      |
|    total_timesteps      | 271360     |
| train/                  |            |
|    approx_kl            | 0.48706925 |
|    clip_fraction        | 0.509      |
|    clip_range           | 0.2        |
|    clip_range_vf        | 0.2        |
|    entropy_loss         | 0.0625     |
|    explained_variance   | 0.887      |
|    learning_rate        | 0.000219   |
|    loss                 | 0.0883     |
|    n_updates            | 2196       |
|    policy_gradient_loss | -0.0127    |
|    std                  | 0.235      |
|    value_loss           | 0.0781     |
----------------------------------------
2026-07-04T00:33:39Z [10,053,852ms] [Error] [omni.kit.app._impl] [py stderr]: /media/samuel/Fast_SSD/SE4AI/thesis_repo/src/cobraflex_rl/cobraflex_rl/cv_lane_estimator.py:253: RankWarning: Polyfit may be poorly conditioned
  c2, c1, c0 = np.polyfit(xs, ys, 2)
2026-07-04T00:33:39Z [10,053,853ms] [Error] [omni.kit.app._impl] [py stderr]: /media/samuel/Fast_SSD/SE4AI/thesis_repo/src/cobraflex_rl/cobraflex_rl/cv_lane_estimator.py:253: RankWarning: Polyfit may be poorly conditioned
  c2, c1, c0 = np.polyfit(xs, ys, 2)
2026-07-04T00:33:42Z [10,057,155ms] [Error] [omni.kit.app._impl] [py stderr]: /media/samuel/Fast_SSD/SE4AI/thesis_repo/src/cobraflex_rl/cobraflex_rl/cv_lane_estimator.py:253: RankWarning: Polyfit may be poorly conditioned
  c2, c1, c0 = np.polyfit(xs, ys, 2)
PPO progress: 272000/1000000 (27%) | ep_rew_mean=25.52 | ep_len_mean=34 | episodes=100 | fps=27
---------------------------------------
| rollout/                |           |
|    ep_len_mean          | 26.8      |
|    ep_rew_mean          | 28.1      |
| time/                   |           |
|    fps                  | 27        |
|    iterations           | 266       |
|    time_elapsed         | 10073     |
|    total_timesteps      | 272384    |
| train/                  |           |
|    approx_kl            | 0.3633326 |
|    clip_fraction        | 0.539     |
|    clip_range           | 0.2       |
|    clip_range_vf        | 0.2       |
|    entropy_loss         | 0.0686    |
|    explained_variance   | 0.863     |
|    learning_rate        | 0.000219  |
|    loss                 | -0.056    |
|    n_updates            | 2206      |
|    policy_gradient_loss | -0.0522   |
|    std                  | 0.233     |
|    value_loss           | 0.0539    |
---------------------------------------
2026-07-04T00:34:14Z [10,088,903ms] [Error] [omni.kit.app._impl] [py stderr]: /media/samuel/Fast_SSD/SE4AI/thesis_repo/src/cobraflex_rl/cobraflex_rl/cv_lane_estimator.py:253: RankWarning: Polyfit may be poorly conditioned
  c2, c1, c0 = np.polyfit(xs, ys, 2)
2026-07-04T00:34:37Z [10,111,859ms] [Error] [omni.kit.app._impl] [py stderr]: /media/samuel/Fast_SSD/SE4AI/thesis_repo/src/cobraflex_rl/cobraflex_rl/cv_lane_estimator.py:253: RankWarning: Polyfit may be poorly conditioned
  c2, c1, c0 = np.polyfit(xs, ys, 2)
2026-07-04T00:34:37Z [10,111,866ms] [Error] [omni.kit.app._impl] [py stderr]: /media/samuel/Fast_SSD/SE4AI/thesis_repo/src/cobraflex_rl/cobraflex_rl/cv_lane_estimator.py:253: RankWarning: Polyfit may be poorly conditioned
  c2, c1, c0 = np.polyfit(xs, ys, 2)
2026-07-04T00:34:41Z [10,116,123ms] [Error] [omni.kit.app._impl] [py stderr]: /media/samuel/Fast_SSD/SE4AI/thesis_repo/src/cobraflex_rl/cobraflex_rl/cv_lane_estimator.py:253: RankWarning: Polyfit may be poorly conditioned
  c2, c1, c0 = np.polyfit(xs, ys, 2)
Early stopping at step 2 due to reaching max kl: 2.06
PPO progress: 273000/1000000 (27%) | ep_rew_mean=28.36 | ep_len_mean=28 | episodes=100 | fps=27
----------------------------------------
| rollout/                |            |
|    ep_len_mean          | 23.7       |
|    ep_rew_mean          | 22         |
| time/                   |            |
|    fps                  | 27         |
|    iterations           | 267        |
|    time_elapsed         | 10123      |
|    total_timesteps      | 273408     |
| train/                  |            |
|    approx_kl            | 0.42349768 |
|    clip_fraction        | 0.409      |
|    clip_range           | 0.2        |
|    clip_range_vf        | 0.2        |
|    entropy_loss         | 0.0867     |
|    explained_variance   | 0.651      |
|    learning_rate        | 0.000218   |
|    loss                 | 0.0276     |
|    n_updates            | 2209       |
|    policy_gradient_loss | 0.000796   |
|    std                  | 0.232      |
|    value_loss           | 0.164      |
----------------------------------------
Early stopping at step 3 due to reaching max kl: 0.85
PPO progress: 274000/1000000 (27%) | ep_rew_mean=22.75 | ep_len_mean=24 | episodes=100 | fps=27
---------------------------------------
| rollout/                |           |
|    ep_len_mean          | 24        |
|    ep_rew_mean          | 22.8      |
| time/                   |           |
|    fps                  | 27        |
|    iterations           | 268       |
|    time_elapsed         | 10151     |
|    total_timesteps      | 274432    |
| train/                  |           |
|    approx_kl            | 0.4080314 |
|    clip_fraction        | 0.449     |
|    clip_range           | 0.2       |
|    clip_range_vf        | 0.2       |
|    entropy_loss         | 0.0879    |
|    explained_variance   | 0.454     |
|    learning_rate        | 0.000218  |
|    loss                 | 0.131     |
|    n_updates            | 2213      |
|    policy_gradient_loss | -0.0228   |
|    std                  | 0.232     |
|    value_loss           | 0.371     |
---------------------------------------
Early stopping at step 1 due to reaching max kl: 0.77
PPO progress: 275000/1000000 (28%) | ep_rew_mean=17.58 | ep_len_mean=33 | episodes=100 | fps=27
----------------------------------------
| rollout/                |            |
|    ep_len_mean          | 37.6       |
|    ep_rew_mean          | 22         |
| time/                   |            |
|    fps                  | 27         |
|    iterations           | 269        |
|    time_elapsed         | 10192      |
|    total_timesteps      | 275456     |
| train/                  |            |
|    approx_kl            | 0.15813528 |
|    clip_fraction        | 0.407      |
|    clip_range           | 0.2        |
|    clip_range_vf        | 0.2        |
|    entropy_loss         | 0.0899     |
|    explained_variance   | 0.914      |
|    learning_rate        | 0.000218   |
|    loss                 | 0.145      |
|    n_updates            | 2215       |
|    policy_gradient_loss | 0.0136     |
|    std                  | 0.232      |
|    value_loss           | 0.0301     |
----------------------------------------
PPO progress: 276000/1000000 (28%) | ep_rew_mean=19.05 | ep_len_mean=36 | episodes=100 | fps=27
---------------------------------------
| rollout/                |           |
|    ep_len_mean          | 37.5      |
|    ep_rew_mean          | 21.6      |
| time/                   |           |
|    fps                  | 27        |
|    iterations           | 270       |
|    time_elapsed         | 10235     |
|    total_timesteps      | 276480    |
| train/                  |           |
|    approx_kl            | 0.1637888 |
|    clip_fraction        | 0.511     |
|    clip_range           | 0.2       |
|    clip_range_vf        | 0.2       |
|    entropy_loss         | 0.0972    |
|    explained_variance   | 0.925     |
|    learning_rate        | 0.000217  |
|    loss                 | 0.0352    |
|    n_updates            | 2225      |
|    policy_gradient_loss | -0.0389   |
|    std                  | 0.229     |
|    value_loss           | 0.0487    |
---------------------------------------
2026-07-04T00:37:03Z [10,258,232ms] [Error] [omni.kit.app._impl] [py stderr]: /media/samuel/Fast_SSD/SE4AI/thesis_repo/src/cobraflex_rl/cobraflex_rl/cv_lane_estimator.py:253: RankWarning: Polyfit may be poorly conditioned
  c2, c1, c0 = np.polyfit(xs, ys, 2)
Early stopping at step 4 due to reaching max kl: 0.99
PPO progress: 277000/1000000 (28%) | ep_rew_mean=19.77 | ep_len_mean=36 | episodes=100 | fps=27
----------------------------------------
| rollout/                |            |
|    ep_len_mean          | 43         |
|    ep_rew_mean          | 23.5       |
| time/                   |            |
|    fps                  | 27         |
|    iterations           | 271        |
|    time_elapsed         | 10269      |
|    total_timesteps      | 277504     |
| train/                  |            |
|    approx_kl            | 0.49863735 |
|    clip_fraction        | 0.526      |
|    clip_range           | 0.2        |
|    clip_range_vf        | 0.2        |
|    entropy_loss         | 0.111      |
|    explained_variance   | 0.641      |
|    learning_rate        | 0.000217   |
|    loss                 | 0.0328     |
|    n_updates            | 2230       |
|    policy_gradient_loss | -0.0163    |
|    std                  | 0.229      |
|    value_loss           | 0.146      |
----------------------------------------
2026-07-04T00:37:30Z [10,285,010ms] [Error] [omni.kit.app._impl] [py stderr]: /media/samuel/Fast_SSD/SE4AI/thesis_repo/src/cobraflex_rl/cobraflex_rl/cv_lane_estimator.py:253: RankWarning: Polyfit may be poorly conditioned
  c2, c1, c0 = np.polyfit(xs, ys, 2)
2026-07-04T00:37:30Z [10,285,017ms] [Error] [omni.kit.app._impl] [py stderr]: /media/samuel/Fast_SSD/SE4AI/thesis_repo/src/cobraflex_rl/cobraflex_rl/cv_lane_estimator.py:253: RankWarning: Polyfit may be poorly conditioned
  c2, c1, c0 = np.polyfit(xs, ys, 2)
Early stopping at step 4 due to reaching max kl: 1.08
PPO progress: 278000/1000000 (28%) | ep_rew_mean=18.50 | ep_len_mean=25 | episodes=100 | fps=26
---------------------------------------
| rollout/                |           |
|    ep_len_mean          | 28.1      |
|    ep_rew_mean          | 22.6      |
| time/                   |           |
|    fps                  | 26        |
|    iterations           | 272       |
|    time_elapsed         | 10316     |
|    total_timesteps      | 278528    |
| train/                  |           |
|    approx_kl            | 0.4315428 |
|    clip_fraction        | 0.538     |
|    clip_range           | 0.2       |
|    clip_range_vf        | 0.2       |
|    entropy_loss         | 0.11      |
|    explained_variance   | 0.729     |
|    learning_rate        | 0.000217  |
|    loss                 | 0.00859   |
|    n_updates            | 2235      |
|    policy_gradient_loss | -0.00972  |
|    std                  | 0.23      |
|    value_loss           | 0.0845    |
---------------------------------------
PPO progress: 279000/1000000 (28%) | ep_rew_mean=26.65 | ep_len_mean=31 | episodes=100 | fps=26
2026-07-04T00:38:40Z [10,354,743ms] [Error] [omni.kit.app._impl] [py stderr]: /media/samuel/Fast_SSD/SE4AI/thesis_repo/src/cobraflex_rl/cobraflex_rl/cv_lane_estimator.py:253: RankWarning: Polyfit may be poorly conditioned
  c2, c1, c0 = np.polyfit(xs, ys, 2)
---------------------------------------
| rollout/                |           |
|    ep_len_mean          | 28.9      |
|    ep_rew_mean          | 24.9      |
| time/                   |           |
|    fps                  | 26        |
|    iterations           | 273       |
|    time_elapsed         | 10355     |
|    total_timesteps      | 279552    |
| train/                  |           |
|    approx_kl            | 0.2849867 |
|    clip_fraction        | 0.549     |
|    clip_range           | 0.2       |
|    clip_range_vf        | 0.2       |
|    entropy_loss         | 0.114     |
|    explained_variance   | 0.688     |
|    learning_rate        | 0.000216  |
|    loss                 | 0.00981   |
|    n_updates            | 2245      |
|    policy_gradient_loss | -0.0562   |
|    std                  | 0.227     |
|    value_loss           | 0.138     |
---------------------------------------
Early stopping at step 7 due to reaching max kl: 0.77
PPO progress: 280000/1000000 (28%) | ep_rew_mean=23.61 | ep_len_mean=24 | episodes=100 | fps=26
----------------------------------------
| rollout/                |            |
|    ep_len_mean          | 29.9       |
|    ep_rew_mean          | 26.9       |
| time/                   |            |
|    fps                  | 27         |
|    iterations           | 274        |
|    time_elapsed         | 10386      |
|    total_timesteps      | 280576     |
| train/                  |            |
|    approx_kl            | 0.77189004 |
|    clip_fraction        | 0.516      |
|    clip_range           | 0.2        |
|    clip_range_vf        | 0.2        |
|    entropy_loss         | 0.134      |
|    explained_variance   | 0.715      |
|    learning_rate        | 0.000216   |
|    loss                 | 0.0189     |
|    n_updates            | 2253       |
|    policy_gradient_loss | -0.0412    |
|    std                  | 0.226      |
|    value_loss           | 0.119      |
----------------------------------------
2026-07-04T00:39:30Z [10,404,816ms] [Error] [omni.kit.app._impl] [py stderr]: /media/samuel/Fast_SSD/SE4AI/thesis_repo/src/cobraflex_rl/cobraflex_rl/cv_lane_estimator.py:253: RankWarning: Polyfit may be poorly conditioned
  c2, c1, c0 = np.polyfit(xs, ys, 2)
2026-07-04T00:39:30Z [10,404,823ms] [Error] [omni.kit.app._impl] [py stderr]: /media/samuel/Fast_SSD/SE4AI/thesis_repo/src/cobraflex_rl/cobraflex_rl/cv_lane_estimator.py:253: RankWarning: Polyfit may be poorly conditioned
  c2, c1, c0 = np.polyfit(xs, ys, 2)
2026-07-04T00:39:30Z [10,405,172ms] [Error] [omni.kit.app._impl] [py stderr]: /media/samuel/Fast_SSD/SE4AI/thesis_repo/src/cobraflex_rl/cobraflex_rl/cv_lane_estimator.py:253: RankWarning: Polyfit may be poorly conditioned
  c2, c1, c0 = np.polyfit(xs, ys, 2)
2026-07-04T00:39:30Z [10,405,218ms] [Error] [omni.kit.app._impl] [py stderr]: /media/samuel/Fast_SSD/SE4AI/thesis_repo/src/cobraflex_rl/cobraflex_rl/cv_lane_estimator.py:253: RankWarning: Polyfit may be poorly conditioned
  c2, c1, c0 = np.polyfit(xs, ys, 2)
2026-07-04T00:39:30Z [10,405,219ms] [Error] [omni.kit.app._impl] [py stderr]: /media/samuel/Fast_SSD/SE4AI/thesis_repo/src/cobraflex_rl/cobraflex_rl/cv_lane_estimator.py:253: RankWarning: Polyfit may be poorly conditioned
  c2, c1, c0 = np.polyfit(xs, ys, 2)
2026-07-04T00:39:30Z [10,405,219ms] [Error] [omni.kit.app._impl] [py stderr]: /media/samuel/Fast_SSD/SE4AI/thesis_repo/src/cobraflex_rl/cobraflex_rl/cv_lane_estimator.py:253: RankWarning: Polyfit may be poorly conditioned
  c2, c1, c0 = np.polyfit(xs, ys, 2)
2026-07-04T00:39:30Z [10,405,219ms] [Error] [omni.kit.app._impl] [py stderr]: /media/samuel/Fast_SSD/SE4AI/thesis_repo/src/cobraflex_rl/cobraflex_rl/cv_lane_estimator.py:253: RankWarning: Polyfit may be poorly conditioned
  c2, c1, c0 = np.polyfit(xs, ys, 2)
2026-07-04T00:39:30Z [10,405,219ms] [Error] [omni.kit.app._impl] [py stderr]: /media/samuel/Fast_SSD/SE4AI/thesis_repo/src/cobraflex_rl/cobraflex_rl/cv_lane_estimator.py:253: RankWarning: Polyfit may be poorly conditioned
  c2, c1, c0 = np.polyfit(xs, ys, 2)
2026-07-04T00:39:30Z [10,405,293ms] [Error] [omni.kit.app._impl] [py stderr]: /media/samuel/Fast_SSD/SE4AI/thesis_repo/src/cobraflex_rl/cobraflex_rl/cv_lane_estimator.py:253: RankWarning: Polyfit may be poorly conditioned
  c2, c1, c0 = np.polyfit(xs, ys, 2)
Early stopping at step 5 due to reaching max kl: 0.89
PPO progress: 281000/1000000 (28%) | ep_rew_mean=29.77 | ep_len_mean=32 | episodes=100 | fps=27
2026-07-04T00:39:39Z [10,414,482ms] [Error] [omni.kit.app._impl] [py stderr]: /media/samuel/Fast_SSD/SE4AI/thesis_repo/src/cobraflex_rl/cobraflex_rl/cv_lane_estimator.py:253: RankWarning: Polyfit may be poorly conditioned
  c2, c1, c0 = np.polyfit(xs, ys, 2)
2026-07-04T00:39:40Z [10,414,966ms] [Error] [omni.kit.app._impl] [py stderr]: /media/samuel/Fast_SSD/SE4AI/thesis_repo/src/cobraflex_rl/cobraflex_rl/cv_lane_estimator.py:253: RankWarning: Polyfit may be poorly conditioned
  c2, c1, c0 = np.polyfit(xs, ys, 2)
2026-07-04T00:39:40Z [10,414,966ms] [Error] [omni.kit.app._impl] [py stderr]: /media/samuel/Fast_SSD/SE4AI/thesis_repo/src/cobraflex_rl/cobraflex_rl/cv_lane_estimator.py:253: RankWarning: Polyfit may be poorly conditioned
  c2, c1, c0 = np.polyfit(xs, ys, 2)
----------------------------------------
| rollout/                |            |
|    ep_len_mean          | 36.3       |
|    ep_rew_mean          | 34.7       |
| time/                   |            |
|    fps                  | 27         |
|    iterations           | 275        |
|    time_elapsed         | 10424      |
|    total_timesteps      | 281600     |
| train/                  |            |
|    approx_kl            | 0.45692348 |
|    clip_fraction        | 0.544      |
|    clip_range           | 0.2        |
|    clip_range_vf        | 0.2        |
|    entropy_loss         | 0.145      |
|    explained_variance   | 0.811      |
|    learning_rate        | 0.000216   |
|    loss                 | -0.0552    |
|    n_updates            | 2259       |
|    policy_gradient_loss | -0.0226    |
|    std                  | 0.225      |
|    value_loss           | 0.0807     |
----------------------------------------
Early stopping at step 1 due to reaching max kl: 5.34
PPO progress: 282000/1000000 (28%) | ep_rew_mean=36.97 | ep_len_mean=39 | episodes=100 | fps=27
----------------------------------------
| rollout/                |            |
|    ep_len_mean          | 37.1       |
|    ep_rew_mean          | 31.8       |
| time/                   |            |
|    fps                  | 27         |
|    iterations           | 276        |
|    time_elapsed         | 10454      |
|    total_timesteps      | 282624     |
| train/                  |            |
|    approx_kl            | 0.51613164 |
|    clip_fraction        | 0.416      |
|    clip_range           | 0.2        |
|    clip_range_vf        | 0.2        |
|    entropy_loss         | 0.15       |
|    explained_variance   | 0.765      |
|    learning_rate        | 0.000216   |
|    loss                 | 0.0168     |
|    n_updates            | 2261       |
|    policy_gradient_loss | -0.00623   |
|    std                  | 0.225      |
|    value_loss           | 0.131      |
----------------------------------------
Early stopping at step 4 due to reaching max kl: 0.80
PPO progress: 283000/1000000 (28%) | ep_rew_mean=31.64 | ep_len_mean=38 | episodes=100 | fps=27
2026-07-04T00:40:55Z [10,490,151ms] [Error] [omni.kit.app._impl] [py stderr]: /media/samuel/Fast_SSD/SE4AI/thesis_repo/src/cobraflex_rl/cobraflex_rl/cv_lane_estimator.py:253: RankWarning: Polyfit may be poorly conditioned
  c2, c1, c0 = np.polyfit(xs, ys, 2)
2026-07-04T00:40:55Z [10,490,151ms] [Error] [omni.kit.app._impl] [py stderr]: /media/samuel/Fast_SSD/SE4AI/thesis_repo/src/cobraflex_rl/cobraflex_rl/cv_lane_estimator.py:253: RankWarning: Polyfit may be poorly conditioned
  c2, c1, c0 = np.polyfit(xs, ys, 2)
2026-07-04T00:40:55Z [10,490,151ms] [Error] [omni.kit.app._impl] [py stderr]: /media/samuel/Fast_SSD/SE4AI/thesis_repo/src/cobraflex_rl/cobraflex_rl/cv_lane_estimator.py:253: RankWarning: Polyfit may be poorly conditioned
  c2, c1, c0 = np.polyfit(xs, ys, 2)
----------------------------------------
| rollout/                |            |
|    ep_len_mean          | 42.9       |
|    ep_rew_mean          | 37.9       |
| time/                   |            |
|    fps                  | 27         |
|    iterations           | 277        |
|    time_elapsed         | 10489      |
|    total_timesteps      | 283648     |
| train/                  |            |
|    approx_kl            | 0.41507056 |
|    clip_fraction        | 0.527      |
|    clip_range           | 0.2        |
|    clip_range_vf        | 0.2        |
|    entropy_loss         | 0.149      |
|    explained_variance   | 0.798      |
|    learning_rate        | 0.000215   |
|    loss                 | 0.0349     |
|    n_updates            | 2266       |
|    policy_gradient_loss | -0.0202    |
|    std                  | 0.225      |
|    value_loss           | 0.153      |
----------------------------------------
PPO progress: 284000/1000000 (28%) | ep_rew_mean=35.03 | ep_len_mean=42 | episodes=100 | fps=27
----------------------------------------
| rollout/                |            |
|    ep_len_mean          | 39.8       |
|    ep_rew_mean          | 33.9       |
| time/                   |            |
|    fps                  | 27         |
|    iterations           | 278        |
|    time_elapsed         | 10522      |
|    total_timesteps      | 284672     |
| train/                  |            |
|    approx_kl            | 0.22548744 |
|    clip_fraction        | 0.568      |
|    clip_range           | 0.2        |
|    clip_range_vf        | 0.2        |
|    entropy_loss         | 0.166      |
|    explained_variance   | 0.771      |
|    learning_rate        | 0.000215   |
|    loss                 | -0.076     |
|    n_updates            | 2276       |
|    policy_gradient_loss | -0.049     |
|    std                  | 0.22       |
|    value_loss           | 0.106      |
----------------------------------------
PPO progress: 285000/1000000 (28%) | ep_rew_mean=33.78 | ep_len_mean=39 | episodes=100 | fps=27
2026-07-04T00:41:58Z [10,553,132ms] [Error] [omni.kit.app._impl] [py stderr]: /media/samuel/Fast_SSD/SE4AI/thesis_repo/src/cobraflex_rl/cobraflex_rl/cv_lane_estimator.py:253: RankWarning: Polyfit may be poorly conditioned
  c2, c1, c0 = np.polyfit(xs, ys, 2)
2026-07-04T00:42:11Z [10,565,930ms] [Error] [omni.kit.app._impl] [py stderr]: /media/samuel/Fast_SSD/SE4AI/thesis_repo/src/cobraflex_rl/cobraflex_rl/cv_lane_estimator.py:253: RankWarning: Polyfit may be poorly conditioned
  c2, c1, c0 = np.polyfit(xs, ys, 2)
---------------------------------------
| rollout/                |           |
|    ep_len_mean          | 42.9      |
|    ep_rew_mean          | 31.2      |
| time/                   |           |
|    fps                  | 27        |
|    iterations           | 279       |
|    time_elapsed         | 10556     |
|    total_timesteps      | 285696    |
| train/                  |           |
|    approx_kl            | 0.3340848 |
|    clip_fraction        | 0.55      |
|    clip_range           | 0.2       |
|    clip_range_vf        | 0.2       |
|    entropy_loss         | 0.202     |
|    explained_variance   | 0.611     |
|    learning_rate        | 0.000215  |
|    loss                 | 0.0916    |
|    n_updates            | 2286      |
|    policy_gradient_loss | -0.0491   |
|    std                  | 0.217     |
|    value_loss           | 0.251     |
---------------------------------------
2026-07-04T00:42:20Z [10,574,709ms] [Error] [omni.kit.app._impl] [py stderr]: /media/samuel/Fast_SSD/SE4AI/thesis_repo/src/cobraflex_rl/cobraflex_rl/cv_lane_estimator.py:253: RankWarning: Polyfit may be poorly conditioned
  c2, c1, c0 = np.polyfit(xs, ys, 2)
2026-07-04T00:42:20Z [10,575,422ms] [Error] [omni.kit.app._impl] [py stderr]: /media/samuel/Fast_SSD/SE4AI/thesis_repo/src/cobraflex_rl/cobraflex_rl/cv_lane_estimator.py:253: RankWarning: Polyfit may be poorly conditioned
  c2, c1, c0 = np.polyfit(xs, ys, 2)
2026-07-04T00:42:20Z [10,575,529ms] [Error] [omni.kit.app._impl] [py stderr]: /media/samuel/Fast_SSD/SE4AI/thesis_repo/src/cobraflex_rl/cobraflex_rl/cv_lane_estimator.py:253: RankWarning: Polyfit may be poorly conditioned
  c2, c1, c0 = np.polyfit(xs, ys, 2)
2026-07-04T00:42:26Z [10,581,338ms] [Error] [omni.kit.app._impl] [py stderr]: /media/samuel/Fast_SSD/SE4AI/thesis_repo/src/cobraflex_rl/cobraflex_rl/cv_lane_estimator.py:253: RankWarning: Polyfit may be poorly conditioned
  c2, c1, c0 = np.polyfit(xs, ys, 2)
PPO progress: 286000/1000000 (29%) | ep_rew_mean=28.74 | ep_len_mean=41 | episodes=100 | fps=27
----------------------------------------
| rollout/                |            |
|    ep_len_mean          | 42.6       |
|    ep_rew_mean          | 31.5       |
| time/                   |            |
|    fps                  | 27         |
|    iterations           | 280        |
|    time_elapsed         | 10592      |
|    total_timesteps      | 286720     |
| train/                  |            |
|    approx_kl            | 0.18505675 |
|    clip_fraction        | 0.478      |
|    clip_range           | 0.2        |
|    clip_range_vf        | 0.2        |
|    entropy_loss         | 0.227      |
|    explained_variance   | 0.936      |
|    learning_rate        | 0.000214   |
|    loss                 | -0.0768    |
|    n_updates            | 2296       |
|    policy_gradient_loss | -0.042     |
|    std                  | 0.215      |
|    value_loss           | 0.0375     |
----------------------------------------
PPO progress: 287000/1000000 (29%) | ep_rew_mean=34.00 | ep_len_mean=44 | episodes=100 | fps=27
----------------------------------------
| rollout/                |            |
|    ep_len_mean          | 37.8       |
|    ep_rew_mean          | 27.5       |
| time/                   |            |
|    fps                  | 27         |
|    iterations           | 281        |
|    time_elapsed         | 10626      |
|    total_timesteps      | 287744     |
| train/                  |            |
|    approx_kl            | 0.31014445 |
|    clip_fraction        | 0.553      |
|    clip_range           | 0.2        |
|    clip_range_vf        | 0.2        |
|    entropy_loss         | 0.25       |
|    explained_variance   | 0.904      |
|    learning_rate        | 0.000214   |
|    loss                 | -0.113     |
|    n_updates            | 2306       |
|    policy_gradient_loss | -0.058     |
|    std                  | 0.211      |
|    value_loss           | 0.0459     |
----------------------------------------
Early stopping at step 3 due to reaching max kl: 0.99
PPO progress: 288000/1000000 (29%) | ep_rew_mean=29.45 | ep_len_mean=39 | episodes=100 | fps=27
2026-07-04T00:43:45Z [10,659,705ms] [Error] [omni.kit.app._impl] [py stderr]: /media/samuel/Fast_SSD/SE4AI/thesis_repo/src/cobraflex_rl/cobraflex_rl/cv_lane_estimator.py:253: RankWarning: Polyfit may be poorly conditioned
  c2, c1, c0 = np.polyfit(xs, ys, 2)
2026-07-04T00:44:13Z [10,687,757ms] [Error] [omni.kit.app._impl] [py stderr]: /media/samuel/Fast_SSD/SE4AI/thesis_repo/src/cobraflex_rl/cobraflex_rl/cv_lane_estimator.py:253: RankWarning: Polyfit may be poorly conditioned
  c2, c1, c0 = np.polyfit(xs, ys, 2)
2026-07-04T00:44:13Z [10,687,757ms] [Error] [omni.kit.app._impl] [py stderr]: /media/samuel/Fast_SSD/SE4AI/thesis_repo/src/cobraflex_rl/cobraflex_rl/cv_lane_estimator.py:253: RankWarning: Polyfit may be poorly conditioned
  c2, c1, c0 = np.polyfit(xs, ys, 2)
---------------------------------------
| rollout/                |           |
|    ep_len_mean          | 37.8      |
|    ep_rew_mean          | 29.4      |
| time/                   |           |
|    fps                  | 27        |
|    iterations           | 282       |
|    time_elapsed         | 10672     |
|    total_timesteps      | 288768    |
| train/                  |           |
|    approx_kl            | 0.9938146 |
|    clip_fraction        | 0.487     |
|    clip_range           | 0.2       |
|    clip_range_vf        | 0.2       |
|    entropy_loss         | 0.276     |
|    explained_variance   | 0.661     |
|    learning_rate        | 0.000214  |
|    loss                 | 0.0317    |
|    n_updates            | 2310      |
|    policy_gradient_loss | -0.00797  |
|    std                  | 0.211     |
|    value_loss           | 0.221     |
---------------------------------------
PPO progress: 289000/1000000 (29%) | ep_rew_mean=30.61 | ep_len_mean=31 | episodes=100 | fps=27
2026-07-04T00:44:39Z [10,714,683ms] [Error] [omni.kit.app._impl] [py stderr]: /media/samuel/Fast_SSD/SE4AI/thesis_repo/src/cobraflex_rl/cobraflex_rl/cv_lane_estimator.py:253: RankWarning: Polyfit may be poorly conditioned
  c2, c1, c0 = np.polyfit(xs, ys, 2)
----------------------------------------
| rollout/                |            |
|    ep_len_mean          | 26         |
|    ep_rew_mean          | 24.3       |
| time/                   |            |
|    fps                  | 27         |
|    iterations           | 283        |
|    time_elapsed         | 10712      |
|    total_timesteps      | 289792     |
| train/                  |            |
|    approx_kl            | 0.23847711 |
|    clip_fraction        | 0.564      |
|    clip_range           | 0.2        |
|    clip_range_vf        | 0.2        |
|    entropy_loss         | 0.277      |
|    explained_variance   | 0.726      |
|    learning_rate        | 0.000213   |
|    loss                 | -0.048     |
|    n_updates            | 2320       |
|    policy_gradient_loss | -0.0568    |
|    std                  | 0.209      |
|    value_loss           | 0.139      |
----------------------------------------
2026-07-04T00:44:54Z [10,729,525ms] [Error] [omni.kit.app._impl] [py stderr]: /media/samuel/Fast_SSD/SE4AI/thesis_repo/src/cobraflex_rl/cobraflex_rl/cv_lane_estimator.py:253: RankWarning: Polyfit may be poorly conditioned
  c2, c1, c0 = np.polyfit(xs, ys, 2)
PPO progress: 290000/1000000 (29%) | ep_rew_mean=24.60 | ep_len_mean=25 | episodes=100 | fps=27
----------------------------------------
| rollout/                |            |
|    ep_len_mean          | 29.6       |
|    ep_rew_mean          | 30         |
| time/                   |            |
|    fps                  | 27         |
|    iterations           | 284        |
|    time_elapsed         | 10754      |
|    total_timesteps      | 290816     |
| train/                  |            |
|    approx_kl            | 0.35334253 |
|    clip_fraction        | 0.551      |
|    clip_range           | 0.2        |
|    clip_range_vf        | 0.2        |
|    entropy_loss         | 0.298      |
|    explained_variance   | 0.845      |
|    learning_rate        | 0.000213   |
|    loss                 | -0.096     |
|    n_updates            | 2330       |
|    policy_gradient_loss | -0.0697    |
|    std                  | 0.207      |
|    value_loss           | 0.0642     |
----------------------------------------
Early stopping at step 7 due to reaching max kl: 1.02
PPO progress: 291000/1000000 (29%) | ep_rew_mean=27.42 | ep_len_mean=27 | episodes=100 | fps=27
----------------------------------------
| rollout/                |            |
|    ep_len_mean          | 30.6       |
|    ep_rew_mean          | 31.6       |
| time/                   |            |
|    fps                  | 27         |
|    iterations           | 285        |
|    time_elapsed         | 10792      |
|    total_timesteps      | 291840     |
| train/                  |            |
|    approx_kl            | 0.39221862 |
|    clip_fraction        | 0.522      |
|    clip_range           | 0.2        |
|    clip_range_vf        | 0.2        |
|    entropy_loss         | 0.319      |
|    explained_variance   | 0.694      |
|    learning_rate        | 0.000213   |
|    loss                 | 0.0529     |
|    n_updates            | 2338       |
|    policy_gradient_loss | -0.0473    |
|    std                  | 0.206      |
|    value_loss           | 0.191      |
----------------------------------------
Early stopping at step 6 due to reaching max kl: 0.79
PPO progress: 292000/1000000 (29%) | ep_rew_mean=31.62 | ep_len_mean=31 | episodes=100 | fps=27
2026-07-04T00:46:29Z [10,824,490ms] [Error] [omni.kit.app._impl] [py stderr]: /media/samuel/Fast_SSD/SE4AI/thesis_repo/src/cobraflex_rl/cobraflex_rl/cv_lane_estimator.py:253: RankWarning: Polyfit may be poorly conditioned
  c2, c1, c0 = np.polyfit(xs, ys, 2)
2026-07-04T00:46:29Z [10,824,490ms] [Error] [omni.kit.app._impl] [py stderr]: /media/samuel/Fast_SSD/SE4AI/thesis_repo/src/cobraflex_rl/cobraflex_rl/cv_lane_estimator.py:253: RankWarning: Polyfit may be poorly conditioned
  c2, c1, c0 = np.polyfit(xs, ys, 2)
2026-07-04T00:46:29Z [10,824,497ms] [Error] [omni.kit.app._impl] [py stderr]: /media/samuel/Fast_SSD/SE4AI/thesis_repo/src/cobraflex_rl/cobraflex_rl/cv_lane_estimator.py:253: RankWarning: Polyfit may be poorly conditioned
  c2, c1, c0 = np.polyfit(xs, ys, 2)
2026-07-04T00:46:29Z [10,824,497ms] [Error] [omni.kit.app._impl] [py stderr]: /media/samuel/Fast_SSD/SE4AI/thesis_repo/src/cobraflex_rl/cobraflex_rl/cv_lane_estimator.py:253: RankWarning: Polyfit may be poorly conditioned
  c2, c1, c0 = np.polyfit(xs, ys, 2)
----------------------------------------
| rollout/                |            |
|    ep_len_mean          | 32.8       |
|    ep_rew_mean          | 34.7       |
| time/                   |            |
|    fps                  | 27         |
|    iterations           | 286        |
|    time_elapsed         | 10832      |
|    total_timesteps      | 292864     |
| train/                  |            |
|    approx_kl            | 0.35430217 |
|    clip_fraction        | 0.501      |
|    clip_range           | 0.2        |
|    clip_range_vf        | 0.2        |
|    entropy_loss         | 0.334      |
|    explained_variance   | 0.804      |
|    learning_rate        | 0.000212   |
|    loss                 | -0.00553   |
|    n_updates            | 2345       |
|    policy_gradient_loss | -0.0565    |
|    std                  | 0.204      |
|    value_loss           | 0.122      |
----------------------------------------
Early stopping at step 5 due to reaching max kl: 0.75
PPO progress: 293000/1000000 (29%) | ep_rew_mean=32.16 | ep_len_mean=31 | episodes=100 | fps=27
----------------------------------------
| rollout/                |            |
|    ep_len_mean          | 28.8       |
|    ep_rew_mean          | 28.5       |
| time/                   |            |
|    fps                  | 27         |
|    iterations           | 287        |
|    time_elapsed         | 10874      |
|    total_timesteps      | 293888     |
| train/                  |            |
|    approx_kl            | 0.24399528 |
|    clip_fraction        | 0.427      |
|    clip_range           | 0.2        |
|    clip_range_vf        | 0.2        |
|    entropy_loss         | 0.349      |
|    explained_variance   | 0.671      |
|    learning_rate        | 0.000212   |
|    loss                 | -0.00118   |
|    n_updates            | 2351       |
|    policy_gradient_loss | -0.0453    |
|    std                  | 0.203      |
|    value_loss           | 0.175      |
----------------------------------------
PPO progress: 294000/1000000 (29%) | ep_rew_mean=28.91 | ep_len_mean=29 | episodes=100 | fps=27
2026-07-04T00:47:39Z [10,894,680ms] [Error] [omni.kit.app._impl] [py stderr]: /media/samuel/Fast_SSD/SE4AI/thesis_repo/src/cobraflex_rl/cobraflex_rl/cv_lane_estimator.py:253: RankWarning: Polyfit may be poorly conditioned
  c2, c1, c0 = np.polyfit(xs, ys, 2)
2026-07-04T00:47:42Z [10,897,444ms] [Error] [omni.kit.app._impl] [py stderr]: /media/samuel/Fast_SSD/SE4AI/thesis_repo/src/cobraflex_rl/cobraflex_rl/cv_lane_estimator.py:253: RankWarning: Polyfit may be poorly conditioned
  c2, c1, c0 = np.polyfit(xs, ys, 2)
2026-07-04T00:47:47Z [10,901,880ms] [Error] [omni.kit.app._impl] [py stderr]: /media/samuel/Fast_SSD/SE4AI/thesis_repo/src/cobraflex_rl/cobraflex_rl/cv_lane_estimator.py:253: RankWarning: Polyfit may be poorly conditioned
  c2, c1, c0 = np.polyfit(xs, ys, 2)
2026-07-04T00:47:47Z [10,901,890ms] [Error] [omni.kit.app._impl] [py stderr]: /media/samuel/Fast_SSD/SE4AI/thesis_repo/src/cobraflex_rl/cobraflex_rl/cv_lane_estimator.py:253: RankWarning: Polyfit may be poorly conditioned
  c2, c1, c0 = np.polyfit(xs, ys, 2)
---------------------------------------
| rollout/                |           |
|    ep_len_mean          | 26        |
|    ep_rew_mean          | 24.9      |
| time/                   |           |
|    fps                  | 27        |
|    iterations           | 288       |
|    time_elapsed         | 10920     |
|    total_timesteps      | 294912    |
| train/                  |           |
|    approx_kl            | 0.3923263 |
|    clip_fraction        | 0.582     |
|    clip_range           | 0.2       |
|    clip_range_vf        | 0.2       |
|    entropy_loss         | 0.367     |
|    explained_variance   | 0.639     |
|    learning_rate        | 0.000212  |
|    loss                 | -0.0828   |
|    n_updates            | 2361      |
|    policy_gradient_loss | -0.0742   |
|    std                  | 0.2       |
|    value_loss           | 0.153     |
---------------------------------------
Early stopping at step 2 due to reaching max kl: 1.35
PPO progress: 295000/1000000 (30%) | ep_rew_mean=26.93 | ep_len_mean=28 | episodes=100 | fps=27
2026-07-04T00:48:36Z [10,951,446ms] [Error] [omni.kit.app._impl] [py stderr]: /media/samuel/Fast_SSD/SE4AI/thesis_repo/src/cobraflex_rl/cobraflex_rl/cv_lane_estimator.py:253: RankWarning: Polyfit may be poorly conditioned
  c2, c1, c0 = np.polyfit(xs, ys, 2)
2026-07-04T00:48:36Z [10,951,446ms] [Error] [omni.kit.app._impl] [py stderr]: /media/samuel/Fast_SSD/SE4AI/thesis_repo/src/cobraflex_rl/cobraflex_rl/cv_lane_estimator.py:253: RankWarning: Polyfit may be poorly conditioned
  c2, c1, c0 = np.polyfit(xs, ys, 2)
2026-07-04T00:48:36Z [10,951,446ms] [Error] [omni.kit.app._impl] [py stderr]: /media/samuel/Fast_SSD/SE4AI/thesis_repo/src/cobraflex_rl/cobraflex_rl/cv_lane_estimator.py:253: RankWarning: Polyfit may be poorly conditioned
  c2, c1, c0 = np.polyfit(xs, ys, 2)
2026-07-04T00:48:36Z [10,951,446ms] [Error] [omni.kit.app._impl] [py stderr]: /media/samuel/Fast_SSD/SE4AI/thesis_repo/src/cobraflex_rl/cobraflex_rl/cv_lane_estimator.py:253: RankWarning: Polyfit may be poorly conditioned
  c2, c1, c0 = np.polyfit(xs, ys, 2)
----------------------------------------
| rollout/                |            |
|    ep_len_mean          | 25.5       |
|    ep_rew_mean          | 24.6       |
| time/                   |            |
|    fps                  | 26         |
|    iterations           | 289        |
|    time_elapsed         | 10960      |
|    total_timesteps      | 295936     |
| train/                  |            |
|    approx_kl            | 0.31797928 |
|    clip_fraction        | 0.383      |
|    clip_range           | 0.2        |
|    clip_range_vf        | 0.2        |
|    entropy_loss         | 0.393      |
|    explained_variance   | 0.697      |
|    learning_rate        | 0.000212   |
|    loss                 | 0.0146     |
|    n_updates            | 2364       |
|    policy_gradient_loss | -0.0261    |
|    std                  | 0.199      |
|    value_loss           | 0.235      |
----------------------------------------
PPO progress: 296000/1000000 (30%) | ep_rew_mean=24.27 | ep_len_mean=25 | episodes=100 | fps=26
----------------------------------------
| rollout/                |            |
|    ep_len_mean          | 28.8       |
|    ep_rew_mean          | 30.5       |
| time/                   |            |
|    fps                  | 27         |
|    iterations           | 290        |
|    time_elapsed         | 10994      |
|    total_timesteps      | 296960     |
| train/                  |            |
|    approx_kl            | 0.33040255 |
|    clip_fraction        | 0.539      |
|    clip_range           | 0.2        |
|    clip_range_vf        | 0.2        |
|    entropy_loss         | 0.402      |
|    explained_variance   | 0.702      |
|    learning_rate        | 0.000211   |
|    loss                 | -0.0238    |
|    n_updates            | 2374       |
|    policy_gradient_loss | -0.0689    |
|    std                  | 0.196      |
|    value_loss           | 0.113      |
----------------------------------------
Early stopping at step 3 due to reaching max kl: 0.76
PPO progress: 297000/1000000 (30%) | ep_rew_mean=30.47 | ep_len_mean=29 | episodes=100 | fps=27
2026-07-04T00:49:47Z [11,021,770ms] [Error] [omni.kit.app._impl] [py stderr]: /media/samuel/Fast_SSD/SE4AI/thesis_repo/src/cobraflex_rl/cobraflex_rl/cv_lane_estimator.py:253: RankWarning: Polyfit may be poorly conditioned
  c2, c1, c0 = np.polyfit(xs, ys, 2)
2026-07-04T00:50:01Z [11,036,427ms] [Error] [omni.kit.app._impl] [py stderr]: /media/samuel/Fast_SSD/SE4AI/thesis_repo/src/cobraflex_rl/cobraflex_rl/cv_lane_estimator.py:253: RankWarning: Polyfit may be poorly conditioned
  c2, c1, c0 = np.polyfit(xs, ys, 2)
----------------------------------------
| rollout/                |            |
|    ep_len_mean          | 27.3       |
|    ep_rew_mean          | 28         |
| time/                   |            |
|    fps                  | 27         |
|    iterations           | 291        |
|    time_elapsed         | 11025      |
|    total_timesteps      | 297984     |
| train/                  |            |
|    approx_kl            | 0.38413218 |
|    clip_fraction        | 0.441      |
|    clip_range           | 0.2        |
|    clip_range_vf        | 0.2        |
|    entropy_loss         | 0.425      |
|    explained_variance   | 0.763      |
|    learning_rate        | 0.000211   |
|    loss                 | -0.00361   |
|    n_updates            | 2378       |
|    policy_gradient_loss | -0.0365    |
|    std                  | 0.196      |
|    value_loss           | 0.135      |
----------------------------------------
PPO progress: 298000/1000000 (30%) | ep_rew_mean=28.05 | ep_len_mean=27 | episodes=100 | fps=27
2026-07-04T00:50:40Z [11,075,438ms] [Error] [omni.kit.app._impl] [py stderr]: /media/samuel/Fast_SSD/SE4AI/thesis_repo/src/cobraflex_rl/cobraflex_rl/cv_lane_estimator.py:253: RankWarning: Polyfit may be poorly conditioned
  c2, c1, c0 = np.polyfit(xs, ys, 2)
2026-07-04T00:50:40Z [11,075,445ms] [Error] [omni.kit.app._impl] [py stderr]: /media/samuel/Fast_SSD/SE4AI/thesis_repo/src/cobraflex_rl/cobraflex_rl/cv_lane_estimator.py:253: RankWarning: Polyfit may be poorly conditioned
  c2, c1, c0 = np.polyfit(xs, ys, 2)
PPO progress: 299000/1000000 (30%) | ep_rew_mean=28.34 | ep_len_mean=28 | episodes=100 | fps=27
---------------------------------------
| rollout/                |           |
|    ep_len_mean          | 27.5      |
|    ep_rew_mean          | 28.3      |
| time/                   |           |
|    fps                  | 27        |
|    iterations           | 292       |
|    time_elapsed         | 11065     |
|    total_timesteps      | 299008    |
| train/                  |           |
|    approx_kl            | 0.3288445 |
|    clip_fraction        | 0.567     |
|    clip_range           | 0.2       |
|    clip_range_vf        | 0.2       |
|    entropy_loss         | 0.434     |
|    explained_variance   | 0.619     |
|    learning_rate        | 0.000211  |
|    loss                 | 0.0169    |
|    n_updates            | 2388      |
|    policy_gradient_loss | -0.0592   |
|    std                  | 0.193     |
|    value_loss           | 0.241     |
---------------------------------------
Early stopping at step 6 due to reaching max kl: 0.82
PPO progress: 300000/1000000 (30%) | ep_rew_mean=22.90 | ep_len_mean=24 | episodes=100 | fps=27
----------------------------------------
| rollout/                |            |
|    ep_len_mean          | 24.2       |
|    ep_rew_mean          | 22.9       |
| time/                   |            |
|    fps                  | 27         |
|    iterations           | 293        |
|    time_elapsed         | 11100      |
|    total_timesteps      | 300032     |
| train/                  |            |
|    approx_kl            | 0.30589515 |
|    clip_fraction        | 0.527      |
|    clip_range           | 0.2        |
|    clip_range_vf        | 0.2        |
|    entropy_loss         | 0.45       |
|    explained_variance   | 0.661      |
|    learning_rate        | 0.00021    |
|    loss                 | -0.0675    |
|    n_updates            | 2395       |
|    policy_gradient_loss | -0.0523    |
|    std                  | 0.193      |
|    value_loss           | 0.14       |
----------------------------------------
Early stopping at step 6 due to reaching max kl: 0.77
PPO progress: 301000/1000000 (30%) | ep_rew_mean=27.42 | ep_len_mean=27 | episodes=100 | fps=27
---------------------------------------
| rollout/                |           |
|    ep_len_mean          | 28.6      |
|    ep_rew_mean          | 29        |
| time/                   |           |
|    fps                  | 27        |
|    iterations           | 294       |
|    time_elapsed         | 11141     |
|    total_timesteps      | 301056    |
| train/                  |           |
|    approx_kl            | 0.3428565 |
|    clip_fraction        | 0.527     |
|    clip_range           | 0.2       |
|    clip_range_vf        | 0.2       |
|    entropy_loss         | 0.456     |
|    explained_variance   | 0.856     |
|    learning_rate        | 0.00021   |
|    loss                 | -0.0663   |
|    n_updates            | 2402      |
|    policy_gradient_loss | -0.0355   |
|    std                  | 0.193     |
|    value_loss           | 0.113     |
---------------------------------------
Early stopping at step 7 due to reaching max kl: 0.91
PPO progress: 302000/1000000 (30%) | ep_rew_mean=25.36 | ep_len_mean=27 | episodes=100 | fps=27
2026-07-04T00:52:43Z [11,198,093ms] [Error] [omni.kit.app._impl] [py stderr]: /media/samuel/Fast_SSD/SE4AI/thesis_repo/src/cobraflex_rl/cobraflex_rl/cv_lane_estimator.py:253: RankWarning: Polyfit may be poorly conditioned
  c2, c1, c0 = np.polyfit(xs, ys, 2)
2026-07-04T00:52:44Z [11,198,860ms] [Error] [omni.kit.app._impl] [py stderr]: /media/samuel/Fast_SSD/SE4AI/thesis_repo/src/cobraflex_rl/cobraflex_rl/cv_lane_estimator.py:253: RankWarning: Polyfit may be poorly conditioned
  c2, c1, c0 = np.polyfit(xs, ys, 2)
----------------------------------------
| rollout/                |            |
|    ep_len_mean          | 25.3       |
|    ep_rew_mean          | 23.7       |
| time/                   |            |
|    fps                  | 27         |
|    iterations           | 295        |
|    time_elapsed         | 11184      |
|    total_timesteps      | 302080     |
| train/                  |            |
|    approx_kl            | 0.35277814 |
|    clip_fraction        | 0.536      |
|    clip_range           | 0.2        |
|    clip_range_vf        | 0.2        |
|    entropy_loss         | 0.463      |
|    explained_variance   | 0.886      |
|    learning_rate        | 0.00021    |
|    loss                 | -0.0797    |
|    n_updates            | 2410       |
|    policy_gradient_loss | -0.0484    |
|    std                  | 0.191      |
|    value_loss           | 0.0684     |
----------------------------------------
2026-07-04T00:52:56Z [11,211,013ms] [Error] [omni.kit.app._impl] [py stderr]: /media/samuel/Fast_SSD/SE4AI/thesis_repo/src/cobraflex_rl/cobraflex_rl/cv_lane_estimator.py:253: RankWarning: Polyfit may be poorly conditioned
  c2, c1, c0 = np.polyfit(xs, ys, 2)
2026-07-04T00:52:58Z [11,213,164ms] [Error] [omni.kit.app._impl] [py stderr]: /media/samuel/Fast_SSD/SE4AI/thesis_repo/src/cobraflex_rl/cobraflex_rl/cv_lane_estimator.py:253: RankWarning: Polyfit may be poorly conditioned
  c2, c1, c0 = np.polyfit(xs, ys, 2)
2026-07-04T00:52:58Z [11,213,171ms] [Error] [omni.kit.app._impl] [py stderr]: /media/samuel/Fast_SSD/SE4AI/thesis_repo/src/cobraflex_rl/cobraflex_rl/cv_lane_estimator.py:253: RankWarning: Polyfit may be poorly conditioned
  c2, c1, c0 = np.polyfit(xs, ys, 2)
2026-07-04T00:53:12Z [11,227,027ms] [Error] [omni.kit.app._impl] [py stderr]: /media/samuel/Fast_SSD/SE4AI/thesis_repo/src/cobraflex_rl/cobraflex_rl/cv_lane_estimator.py:253: RankWarning: Polyfit may be poorly conditioned
  c2, c1, c0 = np.polyfit(xs, ys, 2)
2026-07-04T00:53:12Z [11,227,028ms] [Error] [omni.kit.app._impl] [py stderr]: /media/samuel/Fast_SSD/SE4AI/thesis_repo/src/cobraflex_rl/cobraflex_rl/cv_lane_estimator.py:253: RankWarning: Polyfit may be poorly conditioned
  c2, c1, c0 = np.polyfit(xs, ys, 2)
Early stopping at step 3 due to reaching max kl: 0.90
PPO progress: 303000/1000000 (30%) | ep_rew_mean=19.97 | ep_len_mean=22 | episodes=100 | fps=27
---------------------------------------
| rollout/                |           |
|    ep_len_mean          | 21.7      |
|    ep_rew_mean          | 20.2      |
| time/                   |           |
|    fps                  | 27        |
|    iterations           | 296       |
|    time_elapsed         | 11223     |
|    total_timesteps      | 303104    |
| train/                  |           |
|    approx_kl            | 0.4854397 |
|    clip_fraction        | 0.451     |
|    clip_range           | 0.2       |
|    clip_range_vf        | 0.2       |
|    entropy_loss         | 0.474     |
|    explained_variance   | 0.855     |
|    learning_rate        | 0.000209  |
|    loss                 | -0.0769   |
|    n_updates            | 2414      |
|    policy_gradient_loss | -0.0178   |
|    std                  | 0.191     |
|    value_loss           | 0.0952    |
---------------------------------------
PPO progress: 304000/1000000 (30%) | ep_rew_mean=14.64 | ep_len_mean=29 | episodes=100 | fps=27
----------------------------------------
| rollout/                |            |
|    ep_len_mean          | 29.9       |
|    ep_rew_mean          | 15.3       |
| time/                   |            |
|    fps                  | 27         |
|    iterations           | 297        |
|    time_elapsed         | 11256      |
|    total_timesteps      | 304128     |
| train/                  |            |
|    approx_kl            | 0.32515422 |
|    clip_fraction        | 0.557      |
|    clip_range           | 0.2        |
|    clip_range_vf        | 0.2        |
|    entropy_loss         | 0.479      |
|    explained_variance   | 0.691      |
|    learning_rate        | 0.000209   |
|    loss                 | 0.148      |
|    n_updates            | 2424       |
|    policy_gradient_loss | -0.0408    |
|    std                  | 0.189      |
|    value_loss           | 0.211      |
----------------------------------------
PPO progress: 305000/1000000 (30%) | ep_rew_mean=11.91 | ep_len_mean=34 | episodes=100 | fps=27
----------------------------------------
| rollout/                |            |
|    ep_len_mean          | 34.2       |
|    ep_rew_mean          | 11.9       |
| time/                   |            |
|    fps                  | 27         |
|    iterations           | 298        |
|    time_elapsed         | 11283      |
|    total_timesteps      | 305152     |
| train/                  |            |
|    approx_kl            | 0.09156788 |
|    clip_fraction        | 0.43       |
|    clip_range           | 0.2        |
|    clip_range_vf        | 0.2        |
|    entropy_loss         | 0.49       |
|    explained_variance   | 0.887      |
|    learning_rate        | 0.000209   |
|    loss                 | -0.0394    |
|    n_updates            | 2434       |
|    policy_gradient_loss | -0.0213    |
|    std                  | 0.19       |
|    value_loss           | 0.0542     |
----------------------------------------
2026-07-04T00:54:42Z [11,316,707ms] [Error] [omni.kit.app._impl] [py stderr]: /media/samuel/Fast_SSD/SE4AI/thesis_repo/src/cobraflex_rl/cobraflex_rl/cv_lane_estimator.py:253: RankWarning: Polyfit may be poorly conditioned
  c2, c1, c0 = np.polyfit(xs, ys, 2)
2026-07-04T00:54:42Z [11,316,707ms] [Error] [omni.kit.app._impl] [py stderr]: /media/samuel/Fast_SSD/SE4AI/thesis_repo/src/cobraflex_rl/cobraflex_rl/cv_lane_estimator.py:253: RankWarning: Polyfit may be poorly conditioned
  c2, c1, c0 = np.polyfit(xs, ys, 2)
2026-07-04T00:54:42Z [11,316,707ms] [Error] [omni.kit.app._impl] [py stderr]: /media/samuel/Fast_SSD/SE4AI/thesis_repo/src/cobraflex_rl/cobraflex_rl/cv_lane_estimator.py:253: RankWarning: Polyfit may be poorly conditioned
  c2, c1, c0 = np.polyfit(xs, ys, 2)
2026-07-04T00:54:42Z [11,316,707ms] [Error] [omni.kit.app._impl] [py stderr]: /media/samuel/Fast_SSD/SE4AI/thesis_repo/src/cobraflex_rl/cobraflex_rl/cv_lane_estimator.py:253: RankWarning: Polyfit may be poorly conditioned
  c2, c1, c0 = np.polyfit(xs, ys, 2)
2026-07-04T00:54:42Z [11,316,707ms] [Error] [omni.kit.app._impl] [py stderr]: /media/samuel/Fast_SSD/SE4AI/thesis_repo/src/cobraflex_rl/cobraflex_rl/cv_lane_estimator.py:253: RankWarning: Polyfit may be poorly conditioned
  c2, c1, c0 = np.polyfit(xs, ys, 2)
2026-07-04T00:54:42Z [11,316,707ms] [Error] [omni.kit.app._impl] [py stderr]: /media/samuel/Fast_SSD/SE4AI/thesis_repo/src/cobraflex_rl/cobraflex_rl/cv_lane_estimator.py:253: RankWarning: Polyfit may be poorly conditioned
  c2, c1, c0 = np.polyfit(xs, ys, 2)
2026-07-04T00:54:42Z [11,316,714ms] [Error] [omni.kit.app._impl] [py stderr]: /media/samuel/Fast_SSD/SE4AI/thesis_repo/src/cobraflex_rl/cobraflex_rl/cv_lane_estimator.py:253: RankWarning: Polyfit may be poorly conditioned
  c2, c1, c0 = np.polyfit(xs, ys, 2)
2026-07-04T00:54:42Z [11,316,714ms] [Error] [omni.kit.app._impl] [py stderr]: /media/samuel/Fast_SSD/SE4AI/thesis_repo/src/cobraflex_rl/cobraflex_rl/cv_lane_estimator.py:253: RankWarning: Polyfit may be poorly conditioned
  c2, c1, c0 = np.polyfit(xs, ys, 2)
2026-07-04T00:54:42Z [11,316,714ms] [Error] [omni.kit.app._impl] [py stderr]: /media/samuel/Fast_SSD/SE4AI/thesis_repo/src/cobraflex_rl/cobraflex_rl/cv_lane_estimator.py:253: RankWarning: Polyfit may be poorly conditioned
  c2, c1, c0 = np.polyfit(xs, ys, 2)
2026-07-04T00:54:42Z [11,316,714ms] [Error] [omni.kit.app._impl] [py stderr]: /media/samuel/Fast_SSD/SE4AI/thesis_repo/src/cobraflex_rl/cobraflex_rl/cv_lane_estimator.py:253: RankWarning: Polyfit may be poorly conditioned
  c2, c1, c0 = np.polyfit(xs, ys, 2)
2026-07-04T00:54:42Z [11,316,714ms] [Error] [omni.kit.app._impl] [py stderr]: /media/samuel/Fast_SSD/SE4AI/thesis_repo/src/cobraflex_rl/cobraflex_rl/cv_lane_estimator.py:253: RankWarning: Polyfit may be poorly conditioned
  c2, c1, c0 = np.polyfit(xs, ys, 2)
2026-07-04T00:54:42Z [11,316,715ms] [Error] [omni.kit.app._impl] [py stderr]: /media/samuel/Fast_SSD/SE4AI/thesis_repo/src/cobraflex_rl/cobraflex_rl/cv_lane_estimator.py:253: RankWarning: Polyfit may be poorly conditioned
  c2, c1, c0 = np.polyfit(xs, ys, 2)
2026-07-04T00:54:42Z [11,316,742ms] [Error] [omni.kit.app._impl] [py stderr]: /media/samuel/Fast_SSD/SE4AI/thesis_repo/src/cobraflex_rl/cobraflex_rl/cv_lane_estimator.py:253: RankWarning: Polyfit may be poorly conditioned
  c2, c1, c0 = np.polyfit(xs, ys, 2)
2026-07-04T00:54:42Z [11,316,742ms] [Error] [omni.kit.app._impl] [py stderr]: /media/samuel/Fast_SSD/SE4AI/thesis_repo/src/cobraflex_rl/cobraflex_rl/cv_lane_estimator.py:253: RankWarning: Polyfit may be poorly conditioned
  c2, c1, c0 = np.polyfit(xs, ys, 2)
Early stopping at step 9 due to reaching max kl: 0.75
PPO progress: 306000/1000000 (31%) | ep_rew_mean=9.53 | ep_len_mean=39 | episodes=100 | fps=27
----------------------------------------
| rollout/                |            |
|    ep_len_mean          | 41         |
|    ep_rew_mean          | 11.6       |
| time/                   |            |
|    fps                  | 27         |
|    iterations           | 299        |
|    time_elapsed         | 11315      |
|    total_timesteps      | 306176     |
| train/                  |            |
|    approx_kl            | 0.34775138 |
|    clip_fraction        | 0.471      |
|    clip_range           | 0.2        |
|    clip_range_vf        | 0.2        |
|    entropy_loss         | 0.499      |
|    explained_variance   | 0.781      |
|    learning_rate        | 0.000208   |
|    loss                 | -0.0541    |
|    n_updates            | 2444       |
|    policy_gradient_loss | -0.0382    |
|    std                  | 0.187      |
|    value_loss           | 0.074      |
----------------------------------------
2026-07-04T00:55:16Z [11,351,577ms] [Error] [omni.kit.app._impl] [py stderr]: /media/samuel/Fast_SSD/SE4AI/thesis_repo/src/cobraflex_rl/cobraflex_rl/cv_lane_estimator.py:253: RankWarning: Polyfit may be poorly conditioned
  c2, c1, c0 = np.polyfit(xs, ys, 2)
2026-07-04T00:55:16Z [11,351,676ms] [Error] [omni.kit.app._impl] [py stderr]: /media/samuel/Fast_SSD/SE4AI/thesis_repo/src/cobraflex_rl/cobraflex_rl/cv_lane_estimator.py:253: RankWarning: Polyfit may be poorly conditioned
  c2, c1, c0 = np.polyfit(xs, ys, 2)
Early stopping at step 1 due to reaching max kl: 6.84
PPO progress: 307000/1000000 (31%) | ep_rew_mean=17.29 | ep_len_mean=46 | episodes=100 | fps=27
---------------------------------------
| rollout/                |           |
|    ep_len_mean          | 45.9      |
|    ep_rew_mean          | 16.5      |
| time/                   |           |
|    fps                  | 27        |
|    iterations           | 300       |
|    time_elapsed         | 11350     |
|    total_timesteps      | 307200    |
| train/                  |           |
|    approx_kl            | 1.2330203 |
|    clip_fraction        | 0.335     |
|    clip_range           | 0.2       |
|    clip_range_vf        | 0.2       |
|    entropy_loss         | 0.515     |
|    explained_variance   | 0.833     |
|    learning_rate        | 0.000208  |
|    loss                 | 0.0608    |
|    n_updates            | 2446      |
|    policy_gradient_loss | 0.0137    |
|    std                  | 0.187     |
|    value_loss           | 0.164     |
---------------------------------------
2026-07-04T00:55:39Z [11,374,570ms] [Error] [omni.kit.app._impl] [py stderr]: /media/samuel/Fast_SSD/SE4AI/thesis_repo/src/cobraflex_rl/cobraflex_rl/cv_lane_estimator.py:253: RankWarning: Polyfit may be poorly conditioned
  c2, c1, c0 = np.polyfit(xs, ys, 2)
2026-07-04T00:55:39Z [11,374,570ms] [Error] [omni.kit.app._impl] [py stderr]: /media/samuel/Fast_SSD/SE4AI/thesis_repo/src/cobraflex_rl/cobraflex_rl/cv_lane_estimator.py:253: RankWarning: Polyfit may be poorly conditioned
  c2, c1, c0 = np.polyfit(xs, ys, 2)
2026-07-04T00:56:01Z [11,396,442ms] [Error] [omni.kit.app._impl] [py stderr]: /media/samuel/Fast_SSD/SE4AI/thesis_repo/src/cobraflex_rl/cobraflex_rl/cv_lane_estimator.py:253: RankWarning: Polyfit may be poorly conditioned
  c2, c1, c0 = np.polyfit(xs, ys, 2)
Early stopping at step 5 due to reaching max kl: 0.77
PPO progress: 308000/1000000 (31%) | ep_rew_mean=20.53 | ep_len_mean=38 | episodes=100 | fps=27
---------------------------------------
| rollout/                |           |
|    ep_len_mean          | 32.5      |
|    ep_rew_mean          | 23.9      |
| time/                   |           |
|    fps                  | 27        |
|    iterations           | 301       |
|    time_elapsed         | 11398     |
|    total_timesteps      | 308224    |
| train/                  |           |
|    approx_kl            | 0.3134761 |
|    clip_fraction        | 0.504     |
|    clip_range           | 0.2       |
|    clip_range_vf        | 0.2       |
|    entropy_loss         | 0.52      |
|    explained_variance   | 0.662     |
|    learning_rate        | 0.000208  |
|    loss                 | -0.0578   |
|    n_updates            | 2452      |
|    policy_gradient_loss | -0.0482   |
|    std                  | 0.186     |
|    value_loss           | 0.14      |
---------------------------------------
Early stopping at step 1 due to reaching max kl: 0.93
PPO progress: 309000/1000000 (31%) | ep_rew_mean=30.33 | ep_len_mean=31 | episodes=100 | fps=27
----------------------------------------
| rollout/                |            |
|    ep_len_mean          | 31.2       |
|    ep_rew_mean          | 30.6       |
| time/                   |            |
|    fps                  | 27         |
|    iterations           | 302        |
|    time_elapsed         | 11431      |
|    total_timesteps      | 309248     |
| train/                  |            |
|    approx_kl            | 0.19191019 |
|    clip_fraction        | 0.367      |
|    clip_range           | 0.2        |
|    clip_range_vf        | 0.2        |
|    entropy_loss         | 0.532      |
|    explained_variance   | 0.788      |
|    learning_rate        | 0.000208   |
|    loss                 | -0.0216    |
|    n_updates            | 2454       |
|    policy_gradient_loss | -0.00639   |
|    std                  | 0.186      |
|    value_loss           | 0.125      |
----------------------------------------
Early stopping at step 2 due to reaching max kl: 0.88
PPO progress: 310000/1000000 (31%) | ep_rew_mean=22.56 | ep_len_mean=29 | episodes=100 | fps=27
----------------------------------------
| rollout/                |            |
|    ep_len_mean          | 33.4       |
|    ep_rew_mean          | 24.3       |
| time/                   |            |
|    fps                  | 27         |
|    iterations           | 303        |
|    time_elapsed         | 11462      |
|    total_timesteps      | 310272     |
| train/                  |            |
|    approx_kl            | 0.26356846 |
|    clip_fraction        | 0.398      |
|    clip_range           | 0.2        |
|    clip_range_vf        | 0.2        |
|    entropy_loss         | 0.532      |
|    explained_variance   | 0.898      |
|    learning_rate        | 0.000207   |
|    loss                 | -0.0326    |
|    n_updates            | 2457       |
|    policy_gradient_loss | -0.012     |
|    std                  | 0.186      |
|    value_loss           | 0.0762     |
----------------------------------------
2026-07-04T00:57:24Z [11,479,408ms] [Error] [omni.kit.app._impl] [py stderr]: /media/samuel/Fast_SSD/SE4AI/thesis_repo/src/cobraflex_rl/cobraflex_rl/cv_lane_estimator.py:253: RankWarning: Polyfit may be poorly conditioned
  c2, c1, c0 = np.polyfit(xs, ys, 2)
PPO progress: 311000/1000000 (31%) | ep_rew_mean=27.20 | ep_len_mean=35 | episodes=100 | fps=27
---------------------------------------
| rollout/                |           |
|    ep_len_mean          | 33.3      |
|    ep_rew_mean          | 25        |
| time/                   |           |
|    fps                  | 27        |
|    iterations           | 304       |
|    time_elapsed         | 11508     |
|    total_timesteps      | 311296    |
| train/                  |           |
|    approx_kl            | 0.2643109 |
|    clip_fraction        | 0.526     |
|    clip_range           | 0.2       |
|    clip_range_vf        | 0.2       |
|    entropy_loss         | 0.538     |
|    explained_variance   | 0.882     |
|    learning_rate        | 0.000207  |
|    loss                 | -0.047    |
|    n_updates            | 2467      |
|    policy_gradient_loss | -0.045    |
|    std                  | 0.184     |
|    value_loss           | 0.0951    |
---------------------------------------
2026-07-04T00:58:36Z [11,551,567ms] [Error] [omni.kit.app._impl] [py stderr]: /media/samuel/Fast_SSD/SE4AI/thesis_repo/src/cobraflex_rl/cobraflex_rl/cv_lane_estimator.py:253: RankWarning: Polyfit may be poorly conditioned
  c2, c1, c0 = np.polyfit(xs, ys, 2)
2026-07-04T00:58:36Z [11,551,567ms] [Error] [omni.kit.app._impl] [py stderr]: /media/samuel/Fast_SSD/SE4AI/thesis_repo/src/cobraflex_rl/cobraflex_rl/cv_lane_estimator.py:253: RankWarning: Polyfit may be poorly conditioned
  c2, c1, c0 = np.polyfit(xs, ys, 2)
Early stopping at step 3 due to reaching max kl: 3.02
PPO progress: 312000/1000000 (31%) | ep_rew_mean=20.08 | ep_len_mean=30 | episodes=100 | fps=27
2026-07-04T00:58:36Z [11,551,645ms] [Error] [omni.kit.app._impl] [py stderr]: /media/samuel/Fast_SSD/SE4AI/thesis_repo/src/cobraflex_rl/cobraflex_rl/cv_lane_estimator.py:253: RankWarning: Polyfit may be poorly conditioned
  c2, c1, c0 = np.polyfit(xs, ys, 2)
2026-07-04T00:58:36Z [11,551,646ms] [Error] [omni.kit.app._impl] [py stderr]: /media/samuel/Fast_SSD/SE4AI/thesis_repo/src/cobraflex_rl/cobraflex_rl/cv_lane_estimator.py:253: RankWarning: Polyfit may be poorly conditioned
  c2, c1, c0 = np.polyfit(xs, ys, 2)
---------------------------------------
| rollout/                |           |
|    ep_len_mean          | 31.8      |
|    ep_rew_mean          | 22.4      |
| time/                   |           |
|    fps                  | 27        |
|    iterations           | 305       |
|    time_elapsed         | 11547     |
|    total_timesteps      | 312320    |
| train/                  |           |
|    approx_kl            | 0.9686233 |
|    clip_fraction        | 0.494     |
|    clip_range           | 0.2       |
|    clip_range_vf        | 0.2       |
|    entropy_loss         | 0.551     |
|    explained_variance   | 0.723     |
|    learning_rate        | 0.000207  |
|    loss                 | -0.0131   |
|    n_updates            | 2471      |
|    policy_gradient_loss | -0.0107   |
|    std                  | 0.184     |
|    value_loss           | 0.134     |
---------------------------------------
PPO progress: 313000/1000000 (31%) | ep_rew_mean=27.93 | ep_len_mean=32 | episodes=100 | fps=27
----------------------------------------
| rollout/                |            |
|    ep_len_mean          | 35.4       |
|    ep_rew_mean          | 26.3       |
| time/                   |            |
|    fps                  | 27         |
|    iterations           | 306        |
|    time_elapsed         | 11574      |
|    total_timesteps      | 313344     |
| train/                  |            |
|    approx_kl            | 0.33076638 |
|    clip_fraction        | 0.583      |
|    clip_range           | 0.2        |
|    clip_range_vf        | 0.2        |
|    entropy_loss         | 0.556      |
|    explained_variance   | 0.759      |
|    learning_rate        | 0.000206   |
|    loss                 | -0.0762    |
|    n_updates            | 2481       |
|    policy_gradient_loss | -0.0629    |
|    std                  | 0.182      |
|    value_loss           | 0.122      |
----------------------------------------
2026-07-04T00:59:23Z [11,598,338ms] [Error] [omni.kit.app._impl] [py stderr]: /media/samuel/Fast_SSD/SE4AI/thesis_repo/src/cobraflex_rl/cobraflex_rl/cv_lane_estimator.py:253: RankWarning: Polyfit may be poorly conditioned
  c2, c1, c0 = np.polyfit(xs, ys, 2)
2026-07-04T00:59:23Z [11,598,339ms] [Error] [omni.kit.app._impl] [py stderr]: /media/samuel/Fast_SSD/SE4AI/thesis_repo/src/cobraflex_rl/cobraflex_rl/cv_lane_estimator.py:253: RankWarning: Polyfit may be poorly conditioned
  c2, c1, c0 = np.polyfit(xs, ys, 2)
Early stopping at step 3 due to reaching max kl: 0.95
PPO progress: 314000/1000000 (31%) | ep_rew_mean=26.75 | ep_len_mean=31 | episodes=100 | fps=27
---------------------------------------
| rollout/                |           |
|    ep_len_mean          | 34        |
|    ep_rew_mean          | 29        |
| time/                   |           |
|    fps                  | 27        |
|    iterations           | 307       |
|    time_elapsed         | 11613     |
|    total_timesteps      | 314368    |
| train/                  |           |
|    approx_kl            | 0.9525531 |
|    clip_fraction        | 0.486     |
|    clip_range           | 0.2       |
|    clip_range_vf        | 0.2       |
|    entropy_loss         | 0.571     |
|    explained_variance   | 0.937     |
|    learning_rate        | 0.000206  |
|    loss                 | -0.0249   |
|    n_updates            | 2485      |
|    policy_gradient_loss | -0.000176 |
|    std                  | 0.182     |
|    value_loss           | 0.0669    |
---------------------------------------
Early stopping at step 5 due to reaching max kl: 0.86
PPO progress: 315000/1000000 (32%) | ep_rew_mean=31.83 | ep_len_mean=35 | episodes=100 | fps=27
----------------------------------------
| rollout/                |            |
|    ep_len_mean          | 37.1       |
|    ep_rew_mean          | 35.1       |
| time/                   |            |
|    fps                  | 27         |
|    iterations           | 308        |
|    time_elapsed         | 11651      |
|    total_timesteps      | 315392     |
| train/                  |            |
|    approx_kl            | 0.43163422 |
|    clip_fraction        | 0.501      |
|    clip_range           | 0.2        |
|    clip_range_vf        | 0.2        |
|    entropy_loss         | 0.567      |
|    explained_variance   | 0.618      |
|    learning_rate        | 0.000206   |
|    loss                 | 0.0511     |
|    n_updates            | 2491       |
|    policy_gradient_loss | -0.0476    |
|    std                  | 0.182      |
|    value_loss           | 0.205      |
----------------------------------------
Early stopping at step 1 due to reaching max kl: 0.92
PPO progress: 316000/1000000 (32%) | ep_rew_mean=34.45 | ep_len_mean=36 | episodes=100 | fps=27
2026-07-04T01:00:54Z [11,688,888ms] [Error] [omni.kit.app._impl] [py stderr]: /media/samuel/Fast_SSD/SE4AI/thesis_repo/src/cobraflex_rl/cobraflex_rl/cv_lane_estimator.py:253: RankWarning: Polyfit may be poorly conditioned
  c2, c1, c0 = np.polyfit(xs, ys, 2)
2026-07-04T01:00:54Z [11,688,888ms] [Error] [omni.kit.app._impl] [py stderr]: /media/samuel/Fast_SSD/SE4AI/thesis_repo/src/cobraflex_rl/cobraflex_rl/cv_lane_estimator.py:253: RankWarning: Polyfit may be poorly conditioned
  c2, c1, c0 = np.polyfit(xs, ys, 2)
2026-07-04T01:00:54Z [11,688,895ms] [Error] [omni.kit.app._impl] [py stderr]: /media/samuel/Fast_SSD/SE4AI/thesis_repo/src/cobraflex_rl/cobraflex_rl/cv_lane_estimator.py:253: RankWarning: Polyfit may be poorly conditioned
  c2, c1, c0 = np.polyfit(xs, ys, 2)
2026-07-04T01:00:54Z [11,688,895ms] [Error] [omni.kit.app._impl] [py stderr]: /media/samuel/Fast_SSD/SE4AI/thesis_repo/src/cobraflex_rl/cobraflex_rl/cv_lane_estimator.py:253: RankWarning: Polyfit may be poorly conditioned
  c2, c1, c0 = np.polyfit(xs, ys, 2)
---------------------------------------
| rollout/                |           |
|    ep_len_mean          | 26.5      |
|    ep_rew_mean          | 27        |
| time/                   |           |
|    fps                  | 27        |
|    iterations           | 309       |
|    time_elapsed         | 11698     |
|    total_timesteps      | 316416    |
| train/                  |           |
|    approx_kl            | 0.2528489 |
|    clip_fraction        | 0.297     |
|    clip_range           | 0.2       |
|    clip_range_vf        | 0.2       |
|    entropy_loss         | 0.57      |
|    explained_variance   | 0.849     |
|    learning_rate        | 0.000205  |
|    loss                 | 0.0231    |
|    n_updates            | 2493      |
|    policy_gradient_loss | 0.00463   |
|    std                  | 0.182     |
|    value_loss           | 0.104     |
---------------------------------------
2026-07-04T01:01:53Z [11,748,068ms] [Error] [omni.kit.app._impl] [py stderr]: /media/samuel/Fast_SSD/SE4AI/thesis_repo/src/cobraflex_rl/cobraflex_rl/cv_lane_estimator.py:253: RankWarning: Polyfit may be poorly conditioned
  c2, c1, c0 = np.polyfit(xs, ys, 2)
2026-07-04T01:01:53Z [11,748,068ms] [Error] [omni.kit.app._impl] [py stderr]: /media/samuel/Fast_SSD/SE4AI/thesis_repo/src/cobraflex_rl/cobraflex_rl/cv_lane_estimator.py:253: RankWarning: Polyfit may be poorly conditioned
  c2, c1, c0 = np.polyfit(xs, ys, 2)
2026-07-04T01:01:53Z [11,748,068ms] [Error] [omni.kit.app._impl] [py stderr]: /media/samuel/Fast_SSD/SE4AI/thesis_repo/src/cobraflex_rl/cobraflex_rl/cv_lane_estimator.py:253: RankWarning: Polyfit may be poorly conditioned
  c2, c1, c0 = np.polyfit(xs, ys, 2)
2026-07-04T01:01:53Z [11,748,068ms] [Error] [omni.kit.app._impl] [py stderr]: /media/samuel/Fast_SSD/SE4AI/thesis_repo/src/cobraflex_rl/cobraflex_rl/cv_lane_estimator.py:253: RankWarning: Polyfit may be poorly conditioned
  c2, c1, c0 = np.polyfit(xs, ys, 2)
Early stopping at step 1 due to reaching max kl: 0.80
PPO progress: 317000/1000000 (32%) | ep_rew_mean=16.95 | ep_len_mean=20 | episodes=100 | fps=27
----------------------------------------
| rollout/                |            |
|    ep_len_mean          | 14.7       |
|    ep_rew_mean          | 9.58       |
| time/                   |            |
|    fps                  | 27         |
|    iterations           | 310        |
|    time_elapsed         | 11750      |
|    total_timesteps      | 317440     |
| train/                  |            |
|    approx_kl            | 0.24802966 |
|    clip_fraction        | 0.394      |
|    clip_range           | 0.2        |
|    clip_range_vf        | 0.2        |
|    entropy_loss         | 0.569      |
|    explained_variance   | 0.78       |
|    learning_rate        | 0.000205   |
|    loss                 | 0.234      |
|    n_updates            | 2495       |
|    policy_gradient_loss | 0.0224     |
|    std                  | 0.182      |
|    value_loss           | 0.14       |
----------------------------------------
Early stopping at step 5 due to reaching max kl: 0.96
PPO progress: 318000/1000000 (32%) | ep_rew_mean=12.72 | ep_len_mean=17 | episodes=100 | fps=27
----------------------------------------
| rollout/                |            |
|    ep_len_mean          | 19.1       |
|    ep_rew_mean          | 15.4       |
| time/                   |            |
|    fps                  | 27         |
|    iterations           | 311        |
|    time_elapsed         | 11791      |
|    total_timesteps      | 318464     |
| train/                  |            |
|    approx_kl            | 0.34296817 |
|    clip_fraction        | 0.533      |
|    clip_range           | 0.2        |
|    clip_range_vf        | 0.2        |
|    entropy_loss         | 0.569      |
|    explained_variance   | 0.501      |
|    learning_rate        | 0.000205   |
|    loss                 | 0.0225     |
|    n_updates            | 2501       |
|    policy_gradient_loss | -0.0403    |
|    std                  | 0.182      |
|    value_loss           | 0.245      |
----------------------------------------
Early stopping at step 5 due to reaching max kl: 0.78
PPO progress: 319000/1000000 (32%) | ep_rew_mean=20.59 | ep_len_mean=23 | episodes=100 | fps=27
----------------------------------------
| rollout/                |            |
|    ep_len_mean          | 24.6       |
|    ep_rew_mean          | 23.5       |
| time/                   |            |
|    fps                  | 26         |
|    iterations           | 312        |
|    time_elapsed         | 11835      |
|    total_timesteps      | 319488     |
| train/                  |            |
|    approx_kl            | 0.41162023 |
|    clip_fraction        | 0.494      |
|    clip_range           | 0.2        |
|    clip_range_vf        | 0.2        |
|    entropy_loss         | 0.58       |
|    explained_variance   | 0.873      |
|    learning_rate        | 0.000204   |
|    loss                 | -0.0435    |
|    n_updates            | 2507       |
|    policy_gradient_loss | -0.0376    |
|    std                  | 0.181      |
|    value_loss           | 0.0757     |
----------------------------------------
2026-07-04T01:03:38Z [11,853,212ms] [Error] [omni.kit.app._impl] [py stderr]: /media/samuel/Fast_SSD/SE4AI/thesis_repo/src/cobraflex_rl/cobraflex_rl/cv_lane_estimator.py:253: RankWarning: Polyfit may be poorly conditioned
  c2, c1, c0 = np.polyfit(xs, ys, 2)
2026-07-04T01:03:40Z [11,855,588ms] [Error] [omni.kit.app._impl] [py stderr]: /media/samuel/Fast_SSD/SE4AI/thesis_repo/src/cobraflex_rl/cobraflex_rl/cv_lane_estimator.py:253: RankWarning: Polyfit may be poorly conditioned
  c2, c1, c0 = np.polyfit(xs, ys, 2)
2026-07-04T01:03:42Z [11,856,847ms] [Error] [omni.kit.app._impl] [py stderr]: /media/samuel/Fast_SSD/SE4AI/thesis_repo/src/cobraflex_rl/cobraflex_rl/cv_lane_estimator.py:253: RankWarning: Polyfit may be poorly conditioned
  c2, c1, c0 = np.polyfit(xs, ys, 2)
PPO progress: 320000/1000000 (32%) | ep_rew_mean=23.90 | ep_len_mean=25 | episodes=100 | fps=26
----------------------------------------
| rollout/                |            |
|    ep_len_mean          | 24.3       |
|    ep_rew_mean          | 23.4       |
| time/                   |            |
|    fps                  | 26         |
|    iterations           | 313        |
|    time_elapsed         | 11877      |
|    total_timesteps      | 320512     |
| train/                  |            |
|    approx_kl            | 0.34578586 |
|    clip_fraction        | 0.556      |
|    clip_range           | 0.2        |
|    clip_range_vf        | 0.2        |
|    entropy_loss         | 0.591      |
|    explained_variance   | 0.609      |
|    learning_rate        | 0.000204   |
|    loss                 | 0.0541     |
|    n_updates            | 2517       |
|    policy_gradient_loss | -0.0656    |
|    std                  | 0.178      |
|    value_loss           | 0.25       |
----------------------------------------
Early stopping at step 6 due to reaching max kl: 0.75
PPO progress: 321000/1000000 (32%) | ep_rew_mean=21.00 | ep_len_mean=22 | episodes=100 | fps=26
2026-07-04T01:04:59Z [11,934,513ms] [Error] [omni.kit.app._impl] [py stderr]: /media/samuel/Fast_SSD/SE4AI/thesis_repo/src/cobraflex_rl/cobraflex_rl/cv_lane_estimator.py:253: RankWarning: Polyfit may be poorly conditioned
  c2, c1, c0 = np.polyfit(xs, ys, 2)
2026-07-04T01:04:59Z [11,934,561ms] [Error] [omni.kit.app._impl] [py stderr]: /media/samuel/Fast_SSD/SE4AI/thesis_repo/src/cobraflex_rl/cobraflex_rl/cv_lane_estimator.py:253: RankWarning: Polyfit may be poorly conditioned
  c2, c1, c0 = np.polyfit(xs, ys, 2)
---------------------------------------
| rollout/                |           |
|    ep_len_mean          | 20.5      |
|    ep_rew_mean          | 17.7      |
| time/                   |           |
|    fps                  | 26        |
|    iterations           | 314       |
|    time_elapsed         | 11927     |
|    total_timesteps      | 321536    |
| train/                  |           |
|    approx_kl            | 0.7527713 |
|    clip_fraction        | 0.529     |
|    clip_range           | 0.2       |
|    clip_range_vf        | 0.2       |
|    entropy_loss         | 0.614     |
|    explained_variance   | 0.636     |
|    learning_rate        | 0.000204  |
|    loss                 | 0.0644    |
|    n_updates            | 2524      |
|    policy_gradient_loss | -0.0384   |
|    std                  | 0.177     |
|    value_loss           | 0.221     |
---------------------------------------
Early stopping at step 5 due to reaching max kl: 0.80
PPO progress: 322000/1000000 (32%) | ep_rew_mean=22.27 | ep_len_mean=24 | episodes=100 | fps=26
----------------------------------------
| rollout/                |            |
|    ep_len_mean          | 27.2       |
|    ep_rew_mean          | 25.9       |
| time/                   |            |
|    fps                  | 26         |
|    iterations           | 315        |
|    time_elapsed         | 11961      |
|    total_timesteps      | 322560     |
| train/                  |            |
|    approx_kl            | 0.80369925 |
|    clip_fraction        | 0.489      |
|    clip_range           | 0.2        |
|    clip_range_vf        | 0.2        |
|    entropy_loss         | 0.626      |
|    explained_variance   | 0.623      |
|    learning_rate        | 0.000204   |
|    loss                 | 0.105      |
|    n_updates            | 2530       |
|    policy_gradient_loss | -0.0385    |
|    std                  | 0.177      |
|    value_loss           | 0.207      |
----------------------------------------
Early stopping at step 6 due to reaching max kl: 1.02
PPO progress: 323000/1000000 (32%) | ep_rew_mean=25.67 | ep_len_mean=27 | episodes=100 | fps=26
----------------------------------------
| rollout/                |            |
|    ep_len_mean          | 30.2       |
|    ep_rew_mean          | 30.8       |
| time/                   |            |
|    fps                  | 26         |
|    iterations           | 316        |
|    time_elapsed         | 11998      |
|    total_timesteps      | 323584     |
| train/                  |            |
|    approx_kl            | 0.47859177 |
|    clip_fraction        | 0.54       |
|    clip_range           | 0.2        |
|    clip_range_vf        | 0.2        |
|    entropy_loss         | 0.634      |
|    explained_variance   | 0.837      |
|    learning_rate        | 0.000203   |
|    loss                 | -0.0987    |
|    n_updates            | 2537       |
|    policy_gradient_loss | -0.048     |
|    std                  | 0.176      |
|    value_loss           | 0.0875     |
----------------------------------------
2026-07-04T01:06:19Z [12,014,372ms] [Error] [omni.kit.app._impl] [py stderr]: /media/samuel/Fast_SSD/SE4AI/thesis_repo/src/cobraflex_rl/cobraflex_rl/cv_lane_estimator.py:253: RankWarning: Polyfit may be poorly conditioned
  c2, c1, c0 = np.polyfit(xs, ys, 2)
2026-07-04T01:06:19Z [12,014,548ms] [Error] [omni.kit.app._impl] [py stderr]: /media/samuel/Fast_SSD/SE4AI/thesis_repo/src/cobraflex_rl/cobraflex_rl/cv_lane_estimator.py:253: RankWarning: Polyfit may be poorly conditioned
  c2, c1, c0 = np.polyfit(xs, ys, 2)
2026-07-04T01:06:36Z [12,031,410ms] [Error] [omni.kit.app._impl] [py stderr]: /media/samuel/Fast_SSD/SE4AI/thesis_repo/src/cobraflex_rl/cobraflex_rl/cv_lane_estimator.py:253: RankWarning: Polyfit may be poorly conditioned
  c2, c1, c0 = np.polyfit(xs, ys, 2)
Early stopping at step 5 due to reaching max kl: 0.81
PPO progress: 324000/1000000 (32%) | ep_rew_mean=32.14 | ep_len_mean=32 | episodes=100 | fps=26
2026-07-04T01:06:49Z [12,043,742ms] [Error] [omni.kit.app._impl] [py stderr]: /media/samuel/Fast_SSD/SE4AI/thesis_repo/src/cobraflex_rl/cobraflex_rl/cv_lane_estimator.py:253: RankWarning: Polyfit may be poorly conditioned
  c2, c1, c0 = np.polyfit(xs, ys, 2)
2026-07-04T01:06:49Z [12,043,749ms] [Error] [omni.kit.app._impl] [py stderr]: /media/samuel/Fast_SSD/SE4AI/thesis_repo/src/cobraflex_rl/cobraflex_rl/cv_lane_estimator.py:253: RankWarning: Polyfit may be poorly conditioned
  c2, c1, c0 = np.polyfit(xs, ys, 2)
----------------------------------------
| rollout/                |            |
|    ep_len_mean          | 30.9       |
|    ep_rew_mean          | 29.5       |
| time/                   |            |
|    fps                  | 26         |
|    iterations           | 317        |
|    time_elapsed         | 12038      |
|    total_timesteps      | 324608     |
| train/                  |            |
|    approx_kl            | 0.31697667 |
|    clip_fraction        | 0.464      |
|    clip_range           | 0.2        |
|    clip_range_vf        | 0.2        |
|    entropy_loss         | 0.645      |
|    explained_variance   | 0.725      |
|    learning_rate        | 0.000203   |
|    loss                 | -0.00129   |
|    n_updates            | 2543       |
|    policy_gradient_loss | -0.0405    |
|    std                  | 0.175      |
|    value_loss           | 0.156      |
----------------------------------------
Early stopping at step 4 due to reaching max kl: 0.87
PPO progress: 325000/1000000 (32%) | ep_rew_mean=30.46 | ep_len_mean=32 | episodes=100 | fps=26
----------------------------------------
| rollout/                |            |
|    ep_len_mean          | 28         |
|    ep_rew_mean          | 26.1       |
| time/                   |            |
|    fps                  | 26         |
|    iterations           | 318        |
|    time_elapsed         | 12077      |
|    total_timesteps      | 325632     |
| train/                  |            |
|    approx_kl            | 0.35468686 |
|    clip_fraction        | 0.479      |
|    clip_range           | 0.2        |
|    clip_range_vf        | 0.2        |
|    entropy_loss         | 0.652      |
|    explained_variance   | 0.881      |
|    learning_rate        | 0.000203   |
|    loss                 | 0.0681     |
|    n_updates            | 2548       |
|    policy_gradient_loss | -0.0261    |
|    std                  | 0.175      |
|    value_loss           | 0.141      |
----------------------------------------
Early stopping at step 0 due to reaching max kl: 0.97
PPO progress: 326000/1000000 (33%) | ep_rew_mean=20.40 | ep_len_mean=24 | episodes=100 | fps=26
2026-07-04T01:08:10Z [12,125,621ms] [Error] [omni.kit.app._impl] [py stderr]: /media/samuel/Fast_SSD/SE4AI/thesis_repo/src/cobraflex_rl/cobraflex_rl/cv_lane_estimator.py:253: RankWarning: Polyfit may be poorly conditioned
  c2, c1, c0 = np.polyfit(xs, ys, 2)
2026-07-04T01:08:10Z [12,125,628ms] [Error] [omni.kit.app._impl] [py stderr]: /media/samuel/Fast_SSD/SE4AI/thesis_repo/src/cobraflex_rl/cobraflex_rl/cv_lane_estimator.py:253: RankWarning: Polyfit may be poorly conditioned
  c2, c1, c0 = np.polyfit(xs, ys, 2)
---------------------------------------
| rollout/                |           |
|    ep_len_mean          | 25.8      |
|    ep_rew_mean          | 22.3      |
| time/                   |           |
|    fps                  | 26        |
|    iterations           | 319       |
|    time_elapsed         | 12122     |
|    total_timesteps      | 326656    |
| train/                  |           |
|    approx_kl            | 0.1180384 |
|    clip_fraction        | 0.334     |
|    clip_range           | 0.2       |
|    clip_range_vf        | 0.2       |
|    entropy_loss         | 0.653     |
|    explained_variance   | 0.715     |
|    learning_rate        | 0.000202  |
|    loss                 | 0.29      |
|    n_updates            | 2549      |
|    policy_gradient_loss | 0.0266    |
|    std                  | 0.175     |
|    value_loss           | 0.26      |
---------------------------------------
2026-07-04T01:08:32Z [12,146,808ms] [Error] [omni.kit.app._impl] [py stderr]: /media/samuel/Fast_SSD/SE4AI/thesis_repo/src/cobraflex_rl/cobraflex_rl/cv_lane_estimator.py:253: RankWarning: Polyfit may be poorly conditioned
  c2, c1, c0 = np.polyfit(xs, ys, 2)
PPO progress: 327000/1000000 (33%) | ep_rew_mean=22.35 | ep_len_mean=23 | episodes=100 | fps=26
----------------------------------------
| rollout/                |            |
|    ep_len_mean          | 18.7       |
|    ep_rew_mean          | 13.9       |
| time/                   |            |
|    fps                  | 26         |
|    iterations           | 320        |
|    time_elapsed         | 12172      |
|    total_timesteps      | 327680     |
| train/                  |            |
|    approx_kl            | 0.32618153 |
|    clip_fraction        | 0.575      |
|    clip_range           | 0.2        |
|    clip_range_vf        | 0.2        |
|    entropy_loss         | 0.657      |
|    explained_variance   | 0.688      |
|    learning_rate        | 0.000202   |
|    loss                 | -0.0196    |
|    n_updates            | 2559       |
|    policy_gradient_loss | -0.0496    |
|    std                  | 0.173      |
|    value_loss           | 0.185      |
----------------------------------------
2026-07-04T01:09:23Z [12,197,959ms] [Error] [omni.kit.app._impl] [py stderr]: /media/samuel/Fast_SSD/SE4AI/thesis_repo/src/cobraflex_rl/cobraflex_rl/cv_lane_estimator.py:253: RankWarning: Polyfit may be poorly conditioned
  c2, c1, c0 = np.polyfit(xs, ys, 2)
2026-07-04T01:09:23Z [12,197,959ms] [Error] [omni.kit.app._impl] [py stderr]: /media/samuel/Fast_SSD/SE4AI/thesis_repo/src/cobraflex_rl/cobraflex_rl/cv_lane_estimator.py:253: RankWarning: Polyfit may be poorly conditioned
  c2, c1, c0 = np.polyfit(xs, ys, 2)
2026-07-04T01:09:23Z [12,197,983ms] [Error] [omni.kit.app._impl] [py stderr]: /media/samuel/Fast_SSD/SE4AI/thesis_repo/src/cobraflex_rl/cobraflex_rl/cv_lane_estimator.py:253: RankWarning: Polyfit may be poorly conditioned
  c2, c1, c0 = np.polyfit(xs, ys, 2)
2026-07-04T01:09:23Z [12,197,993ms] [Error] [omni.kit.app._impl] [py stderr]: /media/samuel/Fast_SSD/SE4AI/thesis_repo/src/cobraflex_rl/cobraflex_rl/cv_lane_estimator.py:253: RankWarning: Polyfit may be poorly conditioned
  c2, c1, c0 = np.polyfit(xs, ys, 2)
Early stopping at step 1 due to reaching max kl: 2.66
PPO progress: 328000/1000000 (33%) | ep_rew_mean=18.18 | ep_len_mean=21 | episodes=100 | fps=26
2026-07-04T01:09:39Z [12,214,523ms] [Error] [omni.kit.app._impl] [py stderr]: /media/samuel/Fast_SSD/SE4AI/thesis_repo/src/cobraflex_rl/cobraflex_rl/cv_lane_estimator.py:253: RankWarning: Polyfit may be poorly conditioned
  c2, c1, c0 = np.polyfit(xs, ys, 2)
----------------------------------------
| rollout/                |            |
|    ep_len_mean          | 21.5       |
|    ep_rew_mean          | 18.2       |
| time/                   |            |
|    fps                  | 26         |
|    iterations           | 321        |
|    time_elapsed         | 12208      |
|    total_timesteps      | 328704     |
| train/                  |            |
|    approx_kl            | 0.34380668 |
|    clip_fraction        | 0.361      |
|    clip_range           | 0.2        |
|    clip_range_vf        | 0.2        |
|    entropy_loss         | 0.671      |
|    explained_variance   | 0.802      |
|    learning_rate        | 0.000202   |
|    loss                 | 0.0112     |
|    n_updates            | 2561       |
|    policy_gradient_loss | -0.00277   |
|    std                  | 0.173      |
|    value_loss           | 0.186      |
----------------------------------------
2026-07-04T01:09:52Z [12,226,905ms] [Error] [omni.kit.app._impl] [py stderr]: /media/samuel/Fast_SSD/SE4AI/thesis_repo/src/cobraflex_rl/cobraflex_rl/cv_lane_estimator.py:253: RankWarning: Polyfit may be poorly conditioned
  c2, c1, c0 = np.polyfit(xs, ys, 2)
Early stopping at step 2 due to reaching max kl: 1.00
PPO progress: 329000/1000000 (33%) | ep_rew_mean=21.10 | ep_len_mean=23 | episodes=100 | fps=26
----------------------------------------
| rollout/                |            |
|    ep_len_mean          | 25.4       |
|    ep_rew_mean          | 23.2       |
| time/                   |            |
|    fps                  | 26         |
|    iterations           | 322        |
|    time_elapsed         | 12244      |
|    total_timesteps      | 329728     |
| train/                  |            |
|    approx_kl            | 0.22352216 |
|    clip_fraction        | 0.458      |
|    clip_range           | 0.2        |
|    clip_range_vf        | 0.2        |
|    entropy_loss         | 0.668      |
|    explained_variance   | 0.69       |
|    learning_rate        | 0.000201   |
|    loss                 | 0.0637     |
|    n_updates            | 2564       |
|    policy_gradient_loss | -0.0181    |
|    std                  | 0.174      |
|    value_loss           | 0.171      |
----------------------------------------
Early stopping at step 1 due to reaching max kl: 1.70
PPO progress: 330000/1000000 (33%) | ep_rew_mean=24.85 | ep_len_mean=27 | episodes=100 | fps=26
----------------------------------------
| rollout/                |            |
|    ep_len_mean          | 28.5       |
|    ep_rew_mean          | 28.6       |
| time/                   |            |
|    fps                  | 26         |
|    iterations           | 323        |
|    time_elapsed         | 12278      |
|    total_timesteps      | 330752     |
| train/                  |            |
|    approx_kl            | 0.33536845 |
|    clip_fraction        | 0.366      |
|    clip_range           | 0.2        |
|    clip_range_vf        | 0.2        |
|    entropy_loss         | 0.665      |
|    explained_variance   | 0.38       |
|    learning_rate        | 0.000201   |
|    loss                 | 0.0905     |
|    n_updates            | 2566       |
|    policy_gradient_loss | -0.000741  |
|    std                  | 0.174      |
|    value_loss           | 0.271      |
----------------------------------------
Early stopping at step 3 due to reaching max kl: 1.40
PPO progress: 331000/1000000 (33%) | ep_rew_mean=30.02 | ep_len_mean=29 | episodes=100 | fps=26
----------------------------------------
| rollout/                |            |
|    ep_len_mean          | 26.8       |
|    ep_rew_mean          | 26.9       |
| time/                   |            |
|    fps                  | 26         |
|    iterations           | 324        |
|    time_elapsed         | 12324      |
|    total_timesteps      | 331776     |
| train/                  |            |
|    approx_kl            | 0.58604807 |
|    clip_fraction        | 0.424      |
|    clip_range           | 0.2        |
|    clip_range_vf        | 0.2        |
|    entropy_loss         | 0.664      |
|    explained_variance   | 0.744      |
|    learning_rate        | 0.000201   |
|    loss                 | -0.0284    |
|    n_updates            | 2570       |
|    policy_gradient_loss | -0.00425   |
|    std                  | 0.174      |
|    value_loss           | 0.161      |
----------------------------------------
Early stopping at step 2 due to reaching max kl: 0.89
PPO progress: 332000/1000000 (33%) | ep_rew_mean=27.20 | ep_len_mean=27 | episodes=100 | fps=26
----------------------------------------
| rollout/                |            |
|    ep_len_mean          | 27.1       |
|    ep_rew_mean          | 27.2       |
| time/                   |            |
|    fps                  | 26         |
|    iterations           | 325        |
|    time_elapsed         | 12349      |
|    total_timesteps      | 332800     |
| train/                  |            |
|    approx_kl            | 0.27467844 |
|    clip_fraction        | 0.428      |
|    clip_range           | 0.2        |
|    clip_range_vf        | 0.2        |
|    entropy_loss         | 0.662      |
|    explained_variance   | 0.631      |
|    learning_rate        | 0.0002     |
|    loss                 | 0.0642     |
|    n_updates            | 2573       |
|    policy_gradient_loss | 0.00882    |
|    std                  | 0.174      |
|    value_loss           | 0.205      |
----------------------------------------
PPO progress: 333000/1000000 (33%) | ep_rew_mean=22.39 | ep_len_mean=37 | episodes=100 | fps=26
2026-07-04T01:12:29Z [12,384,420ms] [Error] [omni.kit.app._impl] [py stderr]: /media/samuel/Fast_SSD/SE4AI/thesis_repo/src/cobraflex_rl/cobraflex_rl/cv_lane_estimator.py:253: RankWarning: Polyfit may be poorly conditioned
  c2, c1, c0 = np.polyfit(xs, ys, 2)
2026-07-04T01:12:40Z [12,395,242ms] [Error] [omni.kit.app._impl] [py stderr]: /media/samuel/Fast_SSD/SE4AI/thesis_repo/src/cobraflex_rl/cobraflex_rl/cv_lane_estimator.py:253: RankWarning: Polyfit may be poorly conditioned
  c2, c1, c0 = np.polyfit(xs, ys, 2)
[isaac_interface] WARN: Spawn pose did not settle after teleport; first-step ey may be unreliable.
---------------------------------------
| rollout/                |           |
|    ep_len_mean          | 37.4      |
|    ep_rew_mean          | 22.9      |
| time/                   |           |
|    fps                  | 26        |
|    iterations           | 326       |
|    time_elapsed         | 12387     |
|    total_timesteps      | 333824    |
| train/                  |           |
|    approx_kl            | 0.1688072 |
|    clip_fraction        | 0.443     |
|    clip_range           | 0.2       |
|    clip_range_vf        | 0.2       |
|    entropy_loss         | 0.658     |
|    explained_variance   | 0.941     |
|    learning_rate        | 0.0002    |
|    loss                 | -0.00616  |
|    n_updates            | 2583      |
|    policy_gradient_loss | -0.0012   |
|    std                  | 0.175     |
|    value_loss           | 0.00448   |
---------------------------------------
Early stopping at step 3 due to reaching max kl: 0.97
PPO progress: 334000/1000000 (33%) | ep_rew_mean=22.69 | ep_len_mean=38 | episodes=100 | fps=26
2026-07-04T01:13:13Z [12,428,181ms] [Error] [omni.kit.app._impl] [py stderr]: /media/samuel/Fast_SSD/SE4AI/thesis_repo/src/cobraflex_rl/cobraflex_rl/cv_lane_estimator.py:253: RankWarning: Polyfit may be poorly conditioned
  c2, c1, c0 = np.polyfit(xs, ys, 2)
----------------------------------------
| rollout/                |            |
|    ep_len_mean          | 37.4       |
|    ep_rew_mean          | 21.8       |
| time/                   |            |
|    fps                  | 26         |
|    iterations           | 327        |
|    time_elapsed         | 12427      |
|    total_timesteps      | 334848     |
| train/                  |            |
|    approx_kl            | 0.21880828 |
|    clip_fraction        | 0.428      |
|    clip_range           | 0.2        |
|    clip_range_vf        | 0.2        |
|    entropy_loss         | 0.655      |
|    explained_variance   | 0.698      |
|    learning_rate        | 0.0002     |
|    loss                 | 0.00875    |
|    n_updates            | 2587       |
|    policy_gradient_loss | -0.0314    |
|    std                  | 0.175      |
|    value_loss           | 0.19       |
----------------------------------------
PPO progress: 335000/1000000 (34%) | ep_rew_mean=23.35 | ep_len_mean=39 | episodes=100 | fps=26
2026-07-04T01:13:56Z [12,471,448ms] [Error] [omni.kit.app._impl] [py stderr]: /media/samuel/Fast_SSD/SE4AI/thesis_repo/src/cobraflex_rl/cobraflex_rl/cv_lane_estimator.py:253: RankWarning: Polyfit may be poorly conditioned
  c2, c1, c0 = np.polyfit(xs, ys, 2)
---------------------------------------
| rollout/                |           |
|    ep_len_mean          | 29        |
|    ep_rew_mean          | 26        |
| time/                   |           |
|    fps                  | 26        |
|    iterations           | 328       |
|    time_elapsed         | 12461     |
|    total_timesteps      | 335872    |
| train/                  |           |
|    approx_kl            | 0.2783605 |
|    clip_fraction        | 0.572     |
|    clip_range           | 0.2       |
|    clip_range_vf        | 0.2       |
|    entropy_loss         | 0.669     |
|    explained_variance   | 0.623     |
|    learning_rate        | 0.0002    |
|    loss                 | -0.00502  |
|    n_updates            | 2597      |
|    policy_gradient_loss | -0.0696   |
|    std                  | 0.171     |
|    value_loss           | 0.159     |
---------------------------------------
Early stopping at step 3 due to reaching max kl: 0.89
PPO progress: 336000/1000000 (34%) | ep_rew_mean=27.19 | ep_len_mean=30 | episodes=100 | fps=26
2026-07-04T01:14:24Z [12,499,329ms] [Error] [omni.kit.app._impl] [py stderr]: /media/samuel/Fast_SSD/SE4AI/thesis_repo/src/cobraflex_rl/cobraflex_rl/cv_lane_estimator.py:253: RankWarning: Polyfit may be poorly conditioned
  c2, c1, c0 = np.polyfit(xs, ys, 2)
2026-07-04T01:14:24Z [12,499,378ms] [Error] [omni.kit.app._impl] [py stderr]: /media/samuel/Fast_SSD/SE4AI/thesis_repo/src/cobraflex_rl/cobraflex_rl/cv_lane_estimator.py:253: RankWarning: Polyfit may be poorly conditioned
  c2, c1, c0 = np.polyfit(xs, ys, 2)
----------------------------------------
| rollout/                |            |
|    ep_len_mean          | 32.5       |
|    ep_rew_mean          | 31.3       |
| time/                   |            |
|    fps                  | 26         |
|    iterations           | 329        |
|    time_elapsed         | 12495      |
|    total_timesteps      | 336896     |
| train/                  |            |
|    approx_kl            | 0.27004698 |
|    clip_fraction        | 0.464      |
|    clip_range           | 0.2        |
|    clip_range_vf        | 0.2        |
|    entropy_loss         | 0.699      |
|    explained_variance   | 0.807      |
|    learning_rate        | 0.000199   |
|    loss                 | 0.0607     |
|    n_updates            | 2601       |
|    policy_gradient_loss | -0.0219    |
|    std                  | 0.171      |
|    value_loss           | 0.129      |
----------------------------------------
PPO progress: 337000/1000000 (34%) | ep_rew_mean=31.50 | ep_len_mean=33 | episodes=100 | fps=26
2026-07-04T01:14:49Z [12,523,843ms] [Error] [omni.kit.app._impl] [py stderr]: /media/samuel/Fast_SSD/SE4AI/thesis_repo/src/cobraflex_rl/cobraflex_rl/cv_lane_estimator.py:253: RankWarning: Polyfit may be poorly conditioned
  c2, c1, c0 = np.polyfit(xs, ys, 2)
[isaac_interface] WARN: Spawn pose did not settle after teleport; first-step ey may be unreliable.
----------------------------------------
| rollout/                |            |
|    ep_len_mean          | 29.6       |
|    ep_rew_mean          | 28.3       |
| time/                   |            |
|    fps                  | 26         |
|    iterations           | 330        |
|    time_elapsed         | 12542      |
|    total_timesteps      | 337920     |
| train/                  |            |
|    approx_kl            | 0.28719747 |
|    clip_fraction        | 0.549      |
|    clip_range           | 0.2        |
|    clip_range_vf        | 0.2        |
|    entropy_loss         | 0.707      |
|    explained_variance   | 0.816      |
|    learning_rate        | 0.000199   |
|    loss                 | -0.0955    |
|    n_updates            | 2611       |
|    policy_gradient_loss | -0.0741    |
|    std                  | 0.168      |
|    value_loss           | 0.104      |
----------------------------------------
Early stopping at step 4 due to reaching max kl: 0.79
PPO progress: 338000/1000000 (34%) | ep_rew_mean=26.48 | ep_len_mean=28 | episodes=100 | fps=26
2026-07-04T01:15:31Z [12,565,757ms] [Error] [omni.kit.app._impl] [py stderr]: /media/samuel/Fast_SSD/SE4AI/thesis_repo/src/cobraflex_rl/cobraflex_rl/cv_lane_estimator.py:253: RankWarning: Polyfit may be poorly conditioned
  c2, c1, c0 = np.polyfit(xs, ys, 2)
2026-07-04T01:15:31Z [12,565,757ms] [Error] [omni.kit.app._impl] [py stderr]: /media/samuel/Fast_SSD/SE4AI/thesis_repo/src/cobraflex_rl/cobraflex_rl/cv_lane_estimator.py:253: RankWarning: Polyfit may be poorly conditioned
  c2, c1, c0 = np.polyfit(xs, ys, 2)
2026-07-04T01:15:31Z [12,565,757ms] [Error] [omni.kit.app._impl] [py stderr]: /media/samuel/Fast_SSD/SE4AI/thesis_repo/src/cobraflex_rl/cobraflex_rl/cv_lane_estimator.py:253: RankWarning: Polyfit may be poorly conditioned
  c2, c1, c0 = np.polyfit(xs, ys, 2)
2026-07-04T01:15:51Z [12,585,969ms] [Error] [omni.kit.app._impl] [py stderr]: /media/samuel/Fast_SSD/SE4AI/thesis_repo/src/cobraflex_rl/cobraflex_rl/cv_lane_estimator.py:253: RankWarning: Polyfit may be poorly conditioned
  c2, c1, c0 = np.polyfit(xs, ys, 2)
----------------------------------------
| rollout/                |            |
|    ep_len_mean          | 30.3       |
|    ep_rew_mean          | 30.5       |
| time/                   |            |
|    fps                  | 26         |
|    iterations           | 331        |
|    time_elapsed         | 12579      |
|    total_timesteps      | 338944     |
| train/                  |            |
|    approx_kl            | 0.40711996 |
|    clip_fraction        | 0.525      |
|    clip_range           | 0.2        |
|    clip_range_vf        | 0.2        |
|    entropy_loss         | 0.73       |
|    explained_variance   | 0.779      |
|    learning_rate        | 0.000199   |
|    loss                 | -0.0275    |
|    n_updates            | 2616       |
|    policy_gradient_loss | -0.0275    |
|    std                  | 0.168      |
|    value_loss           | 0.115      |
----------------------------------------
Early stopping at step 9 due to reaching max kl: 0.80
PPO progress: 339000/1000000 (34%) | ep_rew_mean=30.50 | ep_len_mean=30 | episodes=100 | fps=26
2026-07-04T01:16:42Z [12,637,657ms] [Error] [omni.kit.app._impl] [py stderr]: /media/samuel/Fast_SSD/SE4AI/thesis_repo/src/cobraflex_rl/cobraflex_rl/cv_lane_estimator.py:253: RankWarning: Polyfit may be poorly conditioned
  c2, c1, c0 = np.polyfit(xs, ys, 2)
2026-07-04T01:16:47Z [12,641,775ms] [Error] [omni.kit.app._impl] [py stderr]: /media/samuel/Fast_SSD/SE4AI/thesis_repo/src/cobraflex_rl/cobraflex_rl/cv_lane_estimator.py:253: RankWarning: Polyfit may be poorly conditioned
  c2, c1, c0 = np.polyfit(xs, ys, 2)
2026-07-04T01:16:47Z [12,641,775ms] [Error] [omni.kit.app._impl] [py stderr]: /media/samuel/Fast_SSD/SE4AI/thesis_repo/src/cobraflex_rl/cobraflex_rl/cv_lane_estimator.py:253: RankWarning: Polyfit may be poorly conditioned
  c2, c1, c0 = np.polyfit(xs, ys, 2)
2026-07-04T01:16:47Z [12,641,782ms] [Error] [omni.kit.app._impl] [py stderr]: /media/samuel/Fast_SSD/SE4AI/thesis_repo/src/cobraflex_rl/cobraflex_rl/cv_lane_estimator.py:253: RankWarning: Polyfit may be poorly conditioned
  c2, c1, c0 = np.polyfit(xs, ys, 2)
2026-07-04T01:16:47Z [12,641,782ms] [Error] [omni.kit.app._impl] [py stderr]: /media/samuel/Fast_SSD/SE4AI/thesis_repo/src/cobraflex_rl/cobraflex_rl/cv_lane_estimator.py:253: RankWarning: Polyfit may be poorly conditioned
  c2, c1, c0 = np.polyfit(xs, ys, 2)
---------------------------------------
| rollout/                |           |
|    ep_len_mean          | 22.1      |
|    ep_rew_mean          | 17.7      |
| time/                   |           |
|    fps                  | 26        |
|    iterations           | 332       |
|    time_elapsed         | 12631     |
|    total_timesteps      | 339968    |
| train/                  |           |
|    approx_kl            | 0.3526368 |
|    clip_fraction        | 0.513     |
|    clip_range           | 0.2       |
|    clip_range_vf        | 0.2       |
|    entropy_loss         | 0.739     |
|    explained_variance   | 0.76      |
|    learning_rate        | 0.000198  |
|    loss                 | -0.0335   |
|    n_updates            | 2626      |
|    policy_gradient_loss | -0.0561   |
|    std                  | 0.166     |
|    value_loss           | 0.118     |
---------------------------------------
PPO progress: 340000/1000000 (34%) | ep_rew_mean=18.05 | ep_len_mean=22 | episodes=100 | fps=26
2026-07-04T01:17:01Z [12,655,837ms] [Error] [omni.kit.app._impl] [py stderr]: /media/samuel/Fast_SSD/SE4AI/thesis_repo/src/cobraflex_rl/cobraflex_rl/cv_lane_estimator.py:253: RankWarning: Polyfit may be poorly conditioned
  c2, c1, c0 = np.polyfit(xs, ys, 2)
----------------------------------------
| rollout/                |            |
|    ep_len_mean          | 26.7       |
|    ep_rew_mean          | 22.4       |
| time/                   |            |
|    fps                  | 26         |
|    iterations           | 333        |
|    time_elapsed         | 12671      |
|    total_timesteps      | 340992     |
| train/                  |            |
|    approx_kl            | 0.35310686 |
|    clip_fraction        | 0.566      |
|    clip_range           | 0.2        |
|    clip_range_vf        | 0.2        |
|    entropy_loss         | 0.757      |
|    explained_variance   | 0.716      |
|    learning_rate        | 0.000198   |
|    loss                 | -0.0607    |
|    n_updates            | 2636       |
|    policy_gradient_loss | -0.0698    |
|    std                  | 0.165      |
|    value_loss           | 0.0993     |
----------------------------------------
Early stopping at step 4 due to reaching max kl: 0.95
PPO progress: 341000/1000000 (34%) | ep_rew_mean=22.37 | ep_len_mean=26 | episodes=100 | fps=26
PPO progress: 342000/1000000 (34%) | ep_rew_mean=20.83 | ep_len_mean=26 | episodes=100 | fps=26
---------------------------------------
| rollout/                |           |
|    ep_len_mean          | 26.2      |
|    ep_rew_mean          | 20.8      |
| time/                   |           |
|    fps                  | 26        |
|    iterations           | 334       |
|    time_elapsed         | 12707     |
|    total_timesteps      | 342016    |
| train/                  |           |
|    approx_kl            | 0.8295574 |
|    clip_fraction        | 0.477     |
|    clip_range           | 0.2       |
|    clip_range_vf        | 0.2       |
|    entropy_loss         | 0.77      |
|    explained_variance   | 0.826     |
|    learning_rate        | 0.000198  |
|    loss                 | -0.0488   |
|    n_updates            | 2641      |
|    policy_gradient_loss | -0.0188   |
|    std                  | 0.165     |
|    value_loss           | 0.117     |
---------------------------------------
Early stopping at step 4 due to reaching max kl: 0.83
PPO progress: 343000/1000000 (34%) | ep_rew_mean=19.49 | ep_len_mean=36 | episodes=100 | fps=26
---------------------------------------
| rollout/                |           |
|    ep_len_mean          | 36.1      |
|    ep_rew_mean          | 19.5      |
| time/                   |           |
|    fps                  | 26        |
|    iterations           | 335       |
|    time_elapsed         | 12736     |
|    total_timesteps      | 343040    |
| train/                  |           |
|    approx_kl            | 0.2663759 |
|    clip_fraction        | 0.426     |
|    clip_range           | 0.2       |
|    clip_range_vf        | 0.2       |
|    entropy_loss         | 0.77      |
|    explained_variance   | 0.902     |
|    learning_rate        | 0.000197  |
|    loss                 | 0.0777    |
|    n_updates            | 2646      |
|    policy_gradient_loss | -0.0207   |
|    std                  | 0.165     |
|    value_loss           | 0.0879    |
---------------------------------------
2026-07-04T01:18:47Z [12,761,718ms] [Error] [omni.kit.app._impl] [py stderr]: /media/samuel/Fast_SSD/SE4AI/thesis_repo/src/cobraflex_rl/cobraflex_rl/cv_lane_estimator.py:253: RankWarning: Polyfit may be poorly conditioned
  c2, c1, c0 = np.polyfit(xs, ys, 2)
2026-07-04T01:18:57Z [12,772,561ms] [Error] [omni.kit.app._impl] [py stderr]: /media/samuel/Fast_SSD/SE4AI/thesis_repo/src/cobraflex_rl/cobraflex_rl/cv_lane_estimator.py:253: RankWarning: Polyfit may be poorly conditioned
  c2, c1, c0 = np.polyfit(xs, ys, 2)
2026-07-04T01:18:58Z [12,772,707ms] [Error] [omni.kit.app._impl] [py stderr]: /media/samuel/Fast_SSD/SE4AI/thesis_repo/src/cobraflex_rl/cobraflex_rl/cv_lane_estimator.py:253: RankWarning: Polyfit may be poorly conditioned
  c2, c1, c0 = np.polyfit(xs, ys, 2)
2026-07-04T01:19:07Z [12,782,144ms] [Error] [omni.kit.app._impl] [py stderr]: /media/samuel/Fast_SSD/SE4AI/thesis_repo/src/cobraflex_rl/cobraflex_rl/cv_lane_estimator.py:253: RankWarning: Polyfit may be poorly conditioned
  c2, c1, c0 = np.polyfit(xs, ys, 2)
Early stopping at step 2 due to reaching max kl: 0.84
PPO progress: 344000/1000000 (34%) | ep_rew_mean=25.37 | ep_len_mean=38 | episodes=100 | fps=26
----------------------------------------
| rollout/                |            |
|    ep_len_mean          | 38.5       |
|    ep_rew_mean          | 25.4       |
| time/                   |            |
|    fps                  | 26         |
|    iterations           | 336        |
|    time_elapsed         | 12772      |
|    total_timesteps      | 344064     |
| train/                  |            |
|    approx_kl            | 0.24501523 |
|    clip_fraction        | 0.417      |
|    clip_range           | 0.2        |
|    clip_range_vf        | 0.2        |
|    entropy_loss         | 0.768      |
|    explained_variance   | 0.887      |
|    learning_rate        | 0.000197   |
|    loss                 | 0.0431     |
|    n_updates            | 2649       |
|    policy_gradient_loss | 0.00522    |
|    std                  | 0.165      |
|    value_loss           | 0.0757     |
----------------------------------------
Early stopping at step 7 due to reaching max kl: 1.02
PPO progress: 345000/1000000 (34%) | ep_rew_mean=22.62 | ep_len_mean=23 | episodes=100 | fps=26
----------------------------------------
| rollout/                |            |
|    ep_len_mean          | 23.4       |
|    ep_rew_mean          | 22.6       |
| time/                   |            |
|    fps                  | 26         |
|    iterations           | 337        |
|    time_elapsed         | 12810      |
|    total_timesteps      | 345088     |
| train/                  |            |
|    approx_kl            | 0.46979532 |
|    clip_fraction        | 0.558      |
|    clip_range           | 0.2        |
|    clip_range_vf        | 0.2        |
|    entropy_loss         | 0.765      |
|    explained_variance   | 0.592      |
|    learning_rate        | 0.000197   |
|    loss                 | 0.0492     |
|    n_updates            | 2657       |
|    policy_gradient_loss | -0.0582    |
|    std                  | 0.164      |
|    value_loss           | 0.241      |
----------------------------------------
Early stopping at step 3 due to reaching max kl: 0.75
PPO progress: 346000/1000000 (35%) | ep_rew_mean=22.62 | ep_len_mean=24 | episodes=100 | fps=26
2026-07-04T01:20:31Z [12,866,404ms] [Error] [omni.kit.app._impl] [py stderr]: /media/samuel/Fast_SSD/SE4AI/thesis_repo/src/cobraflex_rl/cobraflex_rl/cv_lane_estimator.py:253: RankWarning: Polyfit may be poorly conditioned
  c2, c1, c0 = np.polyfit(xs, ys, 2)
2026-07-04T01:20:31Z [12,866,404ms] [Error] [omni.kit.app._impl] [py stderr]: /media/samuel/Fast_SSD/SE4AI/thesis_repo/src/cobraflex_rl/cobraflex_rl/cv_lane_estimator.py:253: RankWarning: Polyfit may be poorly conditioned
  c2, c1, c0 = np.polyfit(xs, ys, 2)
2026-07-04T01:20:31Z [12,866,412ms] [Error] [omni.kit.app._impl] [py stderr]: /media/samuel/Fast_SSD/SE4AI/thesis_repo/src/cobraflex_rl/cobraflex_rl/cv_lane_estimator.py:253: RankWarning: Polyfit may be poorly conditioned
  c2, c1, c0 = np.polyfit(xs, ys, 2)
2026-07-04T01:20:31Z [12,866,412ms] [Error] [omni.kit.app._impl] [py stderr]: /media/samuel/Fast_SSD/SE4AI/thesis_repo/src/cobraflex_rl/cobraflex_rl/cv_lane_estimator.py:253: RankWarning: Polyfit may be poorly conditioned
  c2, c1, c0 = np.polyfit(xs, ys, 2)
2026-07-04T01:20:31Z [12,866,561ms] [Error] [omni.kit.app._impl] [py stderr]: /media/samuel/Fast_SSD/SE4AI/thesis_repo/src/cobraflex_rl/cobraflex_rl/cv_lane_estimator.py:253: RankWarning: Polyfit may be poorly conditioned
  c2, c1, c0 = np.polyfit(xs, ys, 2)
2026-07-04T01:20:31Z [12,866,561ms] [Error] [omni.kit.app._impl] [py stderr]: /media/samuel/Fast_SSD/SE4AI/thesis_repo/src/cobraflex_rl/cobraflex_rl/cv_lane_estimator.py:253: RankWarning: Polyfit may be poorly conditioned
  c2, c1, c0 = np.polyfit(xs, ys, 2)
----------------------------------------
| rollout/                |            |
|    ep_len_mean          | 22.1       |
|    ep_rew_mean          | 20.5       |
| time/                   |            |
|    fps                  | 26         |
|    iterations           | 338        |
|    time_elapsed         | 12851      |
|    total_timesteps      | 346112     |
| train/                  |            |
|    approx_kl            | 0.31034538 |
|    clip_fraction        | 0.486      |
|    clip_range           | 0.2        |
|    clip_range_vf        | 0.2        |
|    entropy_loss         | 0.777      |
|    explained_variance   | 0.717      |
|    learning_rate        | 0.000196   |
|    loss                 | -0.0194    |
|    n_updates            | 2661       |
|    policy_gradient_loss | -0.0284    |
|    std                  | 0.164      |
|    value_loss           | 0.153      |
----------------------------------------
2026-07-04T01:20:49Z [12,884,110ms] [Error] [omni.kit.app._impl] [py stderr]: /media/samuel/Fast_SSD/SE4AI/thesis_repo/src/cobraflex_rl/cobraflex_rl/cv_lane_estimator.py:253: RankWarning: Polyfit may be poorly conditioned
  c2, c1, c0 = np.polyfit(xs, ys, 2)
Early stopping at step 5 due to reaching max kl: 0.94
PPO progress: 347000/1000000 (35%) | ep_rew_mean=12.41 | ep_len_mean=21 | episodes=100 | fps=26
----------------------------------------
| rollout/                |            |
|    ep_len_mean          | 22.9       |
|    ep_rew_mean          | 14.6       |
| time/                   |            |
|    fps                  | 26         |
|    iterations           | 339        |
|    time_elapsed         | 12888      |
|    total_timesteps      | 347136     |
| train/                  |            |
|    approx_kl            | 0.35468525 |
|    clip_fraction        | 0.531      |
|    clip_range           | 0.2        |
|    clip_range_vf        | 0.2        |
|    entropy_loss         | 0.78       |
|    explained_variance   | 0.604      |
|    learning_rate        | 0.000196   |
|    loss                 | 0.0283     |
|    n_updates            | 2667       |
|    policy_gradient_loss | -0.0284    |
|    std                  | 0.164      |
|    value_loss           | 0.192      |
----------------------------------------
PPO progress: 348000/1000000 (35%) | ep_rew_mean=19.00 | ep_len_mean=26 | episodes=100 | fps=26
----------------------------------------
| rollout/                |            |
|    ep_len_mean          | 25.8       |
|    ep_rew_mean          | 19         |
| time/                   |            |
|    fps                  | 26         |
|    iterations           | 340        |
|    time_elapsed         | 12918      |
|    total_timesteps      | 348160     |
| train/                  |            |
|    approx_kl            | 0.28603214 |
|    clip_fraction        | 0.555      |
|    clip_range           | 0.2        |
|    clip_range_vf        | 0.2        |
|    entropy_loss         | 0.789      |
|    explained_variance   | 0.905      |
|    learning_rate        | 0.000196   |
|    loss                 | -0.0562    |
|    n_updates            | 2677       |
|    policy_gradient_loss | -0.0544    |
|    std                  | 0.162      |
|    value_loss           | 0.0572     |
----------------------------------------
Early stopping at step 7 due to reaching max kl: 0.99
PPO progress: 349000/1000000 (35%) | ep_rew_mean=20.46 | ep_len_mean=28 | episodes=100 | fps=26
---------------------------------------
| rollout/                |           |
|    ep_len_mean          | 29.7      |
|    ep_rew_mean          | 23.3      |
| time/                   |           |
|    fps                  | 26        |
|    iterations           | 341       |
|    time_elapsed         | 12951     |
|    total_timesteps      | 349184    |
| train/                  |           |
|    approx_kl            | 0.2980228 |
|    clip_fraction        | 0.548     |
|    clip_range           | 0.2       |
|    clip_range_vf        | 0.2       |
|    entropy_loss         | 0.803     |
|    explained_variance   | 0.881     |
|    learning_rate        | 0.000196  |
|    loss                 | -0.0559   |
|    n_updates            | 2685      |
|    policy_gradient_loss | -0.047    |
|    std                  | 0.162     |
|    value_loss           | 0.0614    |
---------------------------------------
2026-07-04T01:22:32Z [12,987,056ms] [Error] [omni.kit.app._impl] [py stderr]: /media/samuel/Fast_SSD/SE4AI/thesis_repo/src/cobraflex_rl/cobraflex_rl/cv_lane_estimator.py:253: RankWarning: Polyfit may be poorly conditioned
  c2, c1, c0 = np.polyfit(xs, ys, 2)
2026-07-04T01:22:32Z [12,987,056ms] [Error] [omni.kit.app._impl] [py stderr]: /media/samuel/Fast_SSD/SE4AI/thesis_repo/src/cobraflex_rl/cobraflex_rl/cv_lane_estimator.py:253: RankWarning: Polyfit may be poorly conditioned
  c2, c1, c0 = np.polyfit(xs, ys, 2)
2026-07-04T01:22:32Z [12,987,080ms] [Error] [omni.kit.app._impl] [py stderr]: /media/samuel/Fast_SSD/SE4AI/thesis_repo/src/cobraflex_rl/cobraflex_rl/cv_lane_estimator.py:253: RankWarning: Polyfit may be poorly conditioned
  c2, c1, c0 = np.polyfit(xs, ys, 2)
Early stopping at step 8 due to reaching max kl: 0.93
PPO progress: 350000/1000000 (35%) | ep_rew_mean=28.44 | ep_len_mean=30 | episodes=100 | fps=26
----------------------------------------
| rollout/                |            |
|    ep_len_mean          | 29.8       |
|    ep_rew_mean          | 28.4       |
| time/                   |            |
|    fps                  | 26         |
|    iterations           | 342        |
|    time_elapsed         | 12986      |
|    total_timesteps      | 350208     |
| train/                  |            |
|    approx_kl            | 0.92712736 |
|    clip_fraction        | 0.569      |
|    clip_range           | 0.2        |
|    clip_range_vf        | 0.2        |
|    entropy_loss         | 0.809      |
|    explained_variance   | 0.873      |
|    learning_rate        | 0.000195   |
|    loss                 | -0.0341    |
|    n_updates            | 2694       |
|    policy_gradient_loss | -0.0432    |
|    std                  | 0.161      |
|    value_loss           | 0.0749     |
----------------------------------------
2026-07-04T01:23:10Z [13,024,864ms] [Error] [omni.kit.app._impl] [py stderr]: /media/samuel/Fast_SSD/SE4AI/thesis_repo/src/cobraflex_rl/cobraflex_rl/cv_lane_estimator.py:253: RankWarning: Polyfit may be poorly conditioned
  c2, c1, c0 = np.polyfit(xs, ys, 2)
2026-07-04T01:23:10Z [13,024,864ms] [Error] [omni.kit.app._impl] [py stderr]: /media/samuel/Fast_SSD/SE4AI/thesis_repo/src/cobraflex_rl/cobraflex_rl/cv_lane_estimator.py:253: RankWarning: Polyfit may be poorly conditioned
  c2, c1, c0 = np.polyfit(xs, ys, 2)
2026-07-04T01:23:10Z [13,024,864ms] [Error] [omni.kit.app._impl] [py stderr]: /media/samuel/Fast_SSD/SE4AI/thesis_repo/src/cobraflex_rl/cobraflex_rl/cv_lane_estimator.py:253: RankWarning: Polyfit may be poorly conditioned
  c2, c1, c0 = np.polyfit(xs, ys, 2)
Early stopping at step 3 due to reaching max kl: 0.85
PPO progress: 351000/1000000 (35%) | ep_rew_mean=27.44 | ep_len_mean=28 | episodes=100 | fps=26
2026-07-04T01:23:19Z [13,034,401ms] [Error] [omni.kit.app._impl] [py stderr]: /media/samuel/Fast_SSD/SE4AI/thesis_repo/src/cobraflex_rl/cobraflex_rl/cv_lane_estimator.py:253: RankWarning: Polyfit may be poorly conditioned
  c2, c1, c0 = np.polyfit(xs, ys, 2)
2026-07-04T01:23:20Z [13,034,788ms] [Error] [omni.kit.app._impl] [py stderr]: /media/samuel/Fast_SSD/SE4AI/thesis_repo/src/cobraflex_rl/cobraflex_rl/cv_lane_estimator.py:253: RankWarning: Polyfit may be poorly conditioned
  c2, c1, c0 = np.polyfit(xs, ys, 2)
2026-07-04T01:23:25Z [13,039,942ms] [Error] [omni.kit.app._impl] [py stderr]: /media/samuel/Fast_SSD/SE4AI/thesis_repo/src/cobraflex_rl/cobraflex_rl/cv_lane_estimator.py:253: RankWarning: Polyfit may be poorly conditioned
  c2, c1, c0 = np.polyfit(xs, ys, 2)
2026-07-04T01:23:25Z [13,039,942ms] [Error] [omni.kit.app._impl] [py stderr]: /media/samuel/Fast_SSD/SE4AI/thesis_repo/src/cobraflex_rl/cobraflex_rl/cv_lane_estimator.py:253: RankWarning: Polyfit may be poorly conditioned
  c2, c1, c0 = np.polyfit(xs, ys, 2)
2026-07-04T01:23:25Z [13,039,942ms] [Error] [omni.kit.app._impl] [py stderr]: /media/samuel/Fast_SSD/SE4AI/thesis_repo/src/cobraflex_rl/cobraflex_rl/cv_lane_estimator.py:253: RankWarning: Polyfit may be poorly conditioned
  c2, c1, c0 = np.polyfit(xs, ys, 2)
---------------------------------------
| rollout/                |           |
|    ep_len_mean          | 26.8      |
|    ep_rew_mean          | 26.7      |
| time/                   |           |
|    fps                  | 26        |
|    iterations           | 343       |
|    time_elapsed         | 13031     |
|    total_timesteps      | 351232    |
| train/                  |           |
|    approx_kl            | 0.8531791 |
|    clip_fraction        | 0.485     |
|    clip_range           | 0.2       |
|    clip_range_vf        | 0.2       |
|    entropy_loss         | 0.817     |
|    explained_variance   | 0.83      |
|    learning_rate        | 0.000195  |
|    loss                 | -0.007    |
|    n_updates            | 2698      |
|    policy_gradient_loss | -0.000291 |
|    std                  | 0.161     |
|    value_loss           | 0.115     |
---------------------------------------
2026-07-04T01:23:53Z [13,068,464ms] [Error] [omni.kit.app._impl] [py stderr]: /media/samuel/Fast_SSD/SE4AI/thesis_repo/src/cobraflex_rl/cobraflex_rl/cv_lane_estimator.py:253: RankWarning: Polyfit may be poorly conditioned
  c2, c1, c0 = np.polyfit(xs, ys, 2)
2026-07-04T01:23:53Z [13,068,464ms] [Error] [omni.kit.app._impl] [py stderr]: /media/samuel/Fast_SSD/SE4AI/thesis_repo/src/cobraflex_rl/cobraflex_rl/cv_lane_estimator.py:253: RankWarning: Polyfit may be poorly conditioned
  c2, c1, c0 = np.polyfit(xs, ys, 2)
2026-07-04T01:23:53Z [13,068,464ms] [Error] [omni.kit.app._impl] [py stderr]: /media/samuel/Fast_SSD/SE4AI/thesis_repo/src/cobraflex_rl/cobraflex_rl/cv_lane_estimator.py:253: RankWarning: Polyfit may be poorly conditioned
  c2, c1, c0 = np.polyfit(xs, ys, 2)
PPO progress: 352000/1000000 (35%) | ep_rew_mean=26.81 | ep_len_mean=27 | episodes=100 | fps=26
----------------------------------------
| rollout/                |            |
|    ep_len_mean          | 29.3       |
|    ep_rew_mean          | 28.7       |
| time/                   |            |
|    fps                  | 26         |
|    iterations           | 344        |
|    time_elapsed         | 13062      |
|    total_timesteps      | 352256     |
| train/                  |            |
|    approx_kl            | 0.37489074 |
|    clip_fraction        | 0.576      |
|    clip_range           | 0.2        |
|    clip_range_vf        | 0.2        |
|    entropy_loss         | 0.824      |
|    explained_variance   | 0.712      |
|    learning_rate        | 0.000195   |
|    loss                 | 0.0561     |
|    n_updates            | 2708       |
|    policy_gradient_loss | -0.0567    |
|    std                  | 0.159      |
|    value_loss           | 0.169      |
----------------------------------------
Early stopping at step 8 due to reaching max kl: 0.76
PPO progress: 353000/1000000 (35%) | ep_rew_mean=24.50 | ep_len_mean=25 | episodes=100 | fps=26
---------------------------------------
| rollout/                |           |
|    ep_len_mean          | 26.7      |
|    ep_rew_mean          | 24.5      |
| time/                   |           |
|    fps                  | 26        |
|    iterations           | 345       |
|    time_elapsed         | 13102     |
|    total_timesteps      | 353280    |
| train/                  |           |
|    approx_kl            | 0.3707584 |
|    clip_fraction        | 0.585     |
|    clip_range           | 0.2       |
|    clip_range_vf        | 0.2       |
|    entropy_loss         | 0.84      |
|    explained_variance   | 0.781     |
|    learning_rate        | 0.000194  |
|    loss                 | 0.0424    |
|    n_updates            | 2717      |
|    policy_gradient_loss | -0.0522   |
|    std                  | 0.159     |
|    value_loss           | 0.148     |
---------------------------------------
Early stopping at step 7 due to reaching max kl: 0.79
PPO progress: 354000/1000000 (35%) | ep_rew_mean=27.68 | ep_len_mean=30 | episodes=100 | fps=26
2026-07-04T01:25:12Z [13,147,302ms] [Error] [omni.kit.app._impl] [py stderr]: /media/samuel/Fast_SSD/SE4AI/thesis_repo/src/cobraflex_rl/cobraflex_rl/cv_lane_estimator.py:253: RankWarning: Polyfit may be poorly conditioned
  c2, c1, c0 = np.polyfit(xs, ys, 2)
2026-07-04T01:25:12Z [13,147,309ms] [Error] [omni.kit.app._impl] [py stderr]: /media/samuel/Fast_SSD/SE4AI/thesis_repo/src/cobraflex_rl/cobraflex_rl/cv_lane_estimator.py:253: RankWarning: Polyfit may be poorly conditioned
  c2, c1, c0 = np.polyfit(xs, ys, 2)
2026-07-04T01:25:12Z [13,147,338ms] [Error] [omni.kit.app._impl] [py stderr]: /media/samuel/Fast_SSD/SE4AI/thesis_repo/src/cobraflex_rl/cobraflex_rl/cv_lane_estimator.py:253: RankWarning: Polyfit may be poorly conditioned
  c2, c1, c0 = np.polyfit(xs, ys, 2)
----------------------------------------
| rollout/                |            |
|    ep_len_mean          | 31.5       |
|    ep_rew_mean          | 29.4       |
| time/                   |            |
|    fps                  | 26         |
|    iterations           | 346        |
|    time_elapsed         | 13140      |
|    total_timesteps      | 354304     |
| train/                  |            |
|    approx_kl            | 0.44306204 |
|    clip_fraction        | 0.571      |
|    clip_range           | 0.2        |
|    clip_range_vf        | 0.2        |
|    entropy_loss         | 0.846      |
|    explained_variance   | 0.909      |
|    learning_rate        | 0.000194   |
|    loss                 | -0.0675    |
|    n_updates            | 2725       |
|    policy_gradient_loss | -0.0526    |
|    std                  | 0.158      |
|    value_loss           | 0.0586     |
----------------------------------------
Early stopping at step 1 due to reaching max kl: 0.77
PPO progress: 355000/1000000 (36%) | ep_rew_mean=34.23 | ep_len_mean=35 | episodes=100 | fps=26
----------------------------------------
| rollout/                |            |
|    ep_len_mean          | 34.4       |
|    ep_rew_mean          | 32.7       |
| time/                   |            |
|    fps                  | 26         |
|    iterations           | 347        |
|    time_elapsed         | 13175      |
|    total_timesteps      | 355328     |
| train/                  |            |
|    approx_kl            | 0.15141274 |
|    clip_fraction        | 0.398      |
|    clip_range           | 0.2        |
|    clip_range_vf        | 0.2        |
|    entropy_loss         | 0.856      |
|    explained_variance   | 0.702      |
|    learning_rate        | 0.000194   |
|    loss                 | 0.0374     |
|    n_updates            | 2727       |
|    policy_gradient_loss | 0.0109     |
|    std                  | 0.158      |
|    value_loss           | 0.241      |
----------------------------------------
PPO progress: 356000/1000000 (36%) | ep_rew_mean=33.19 | ep_len_mean=35 | episodes=100 | fps=26
----------------------------------------
| rollout/                |            |
|    ep_len_mean          | 33.1       |
|    ep_rew_mean          | 30.5       |
| time/                   |            |
|    fps                  | 26         |
|    iterations           | 348        |
|    time_elapsed         | 13213      |
|    total_timesteps      | 356352     |
| train/                  |            |
|    approx_kl            | 0.34496754 |
|    clip_fraction        | 0.567      |
|    clip_range           | 0.2        |
|    clip_range_vf        | 0.2        |
|    entropy_loss         | 0.857      |
|    explained_variance   | 0.677      |
|    learning_rate        | 0.000193   |
|    loss                 | -0.0136    |
|    n_updates            | 2737       |
|    policy_gradient_loss | -0.0511    |
|    std                  | 0.157      |
|    value_loss           | 0.155      |
----------------------------------------
PPO progress: 357000/1000000 (36%) | ep_rew_mean=28.44 | ep_len_mean=30 | episodes=100 | fps=26
----------------------------------------
| rollout/                |            |
|    ep_len_mean          | 31         |
|    ep_rew_mean          | 30.6       |
| time/                   |            |
|    fps                  | 26         |
|    iterations           | 349        |
|    time_elapsed         | 13255      |
|    total_timesteps      | 357376     |
| train/                  |            |
|    approx_kl            | 0.30791178 |
|    clip_fraction        | 0.53       |
|    clip_range           | 0.2        |
|    clip_range_vf        | 0.2        |
|    entropy_loss         | 0.877      |
|    explained_variance   | 0.809      |
|    learning_rate        | 0.000193   |
|    loss                 | -0.0349    |
|    n_updates            | 2747       |
|    policy_gradient_loss | -0.0572    |
|    std                  | 0.155      |
|    value_loss           | 0.108      |
----------------------------------------
2026-07-04T01:27:23Z [13,277,702ms] [Error] [omni.kit.app._impl] [py stderr]: /media/samuel/Fast_SSD/SE4AI/thesis_repo/src/cobraflex_rl/cobraflex_rl/cv_lane_estimator.py:253: RankWarning: Polyfit may be poorly conditioned
  c2, c1, c0 = np.polyfit(xs, ys, 2)
PPO progress: 358000/1000000 (36%) | ep_rew_mean=24.70 | ep_len_mean=26 | episodes=100 | fps=26
----------------------------------------
| rollout/                |            |
|    ep_len_mean          | 23.8       |
|    ep_rew_mean          | 21.7       |
| time/                   |            |
|    fps                  | 26         |
|    iterations           | 350        |
|    time_elapsed         | 13296      |
|    total_timesteps      | 358400     |
| train/                  |            |
|    approx_kl            | 0.33379364 |
|    clip_fraction        | 0.536      |
|    clip_range           | 0.2        |
|    clip_range_vf        | 0.2        |
|    entropy_loss         | 0.909      |
|    explained_variance   | 0.575      |
|    learning_rate        | 0.000193   |
|    loss                 | -0.0484    |
|    n_updates            | 2757       |
|    policy_gradient_loss | -0.0639    |
|    std                  | 0.152      |
|    value_loss           | 0.179      |
----------------------------------------
2026-07-04T01:28:03Z [13,317,999ms] [Error] [omni.kit.app._impl] [py stderr]: /media/samuel/Fast_SSD/SE4AI/thesis_repo/src/cobraflex_rl/cobraflex_rl/cv_lane_estimator.py:253: RankWarning: Polyfit may be poorly conditioned
  c2, c1, c0 = np.polyfit(xs, ys, 2)
2026-07-04T01:28:13Z [13,327,721ms] [Error] [omni.kit.app._impl] [py stderr]: /media/samuel/Fast_SSD/SE4AI/thesis_repo/src/cobraflex_rl/cobraflex_rl/cv_lane_estimator.py:253: RankWarning: Polyfit may be poorly conditioned
  c2, c1, c0 = np.polyfit(xs, ys, 2)
Early stopping at step 3 due to reaching max kl: 1.29
PPO progress: 359000/1000000 (36%) | ep_rew_mean=17.48 | ep_len_mean=22 | episodes=100 | fps=26
2026-07-04T01:28:29Z [13,343,859ms] [Error] [omni.kit.app._impl] [py stderr]: /media/samuel/Fast_SSD/SE4AI/thesis_repo/src/cobraflex_rl/cobraflex_rl/cv_lane_estimator.py:253: RankWarning: Polyfit may be poorly conditioned
  c2, c1, c0 = np.polyfit(xs, ys, 2)
2026-07-04T01:28:29Z [13,343,859ms] [Error] [omni.kit.app._impl] [py stderr]: /media/samuel/Fast_SSD/SE4AI/thesis_repo/src/cobraflex_rl/cobraflex_rl/cv_lane_estimator.py:253: RankWarning: Polyfit may be poorly conditioned
  c2, c1, c0 = np.polyfit(xs, ys, 2)
2026-07-04T01:28:29Z [13,344,234ms] [Error] [omni.kit.app._impl] [py stderr]: /media/samuel/Fast_SSD/SE4AI/thesis_repo/src/cobraflex_rl/cobraflex_rl/cv_lane_estimator.py:253: RankWarning: Polyfit may be poorly conditioned
  c2, c1, c0 = np.polyfit(xs, ys, 2)
2026-07-04T01:28:29Z [13,344,280ms] [Error] [omni.kit.app._impl] [py stderr]: /media/samuel/Fast_SSD/SE4AI/thesis_repo/src/cobraflex_rl/cobraflex_rl/cv_lane_estimator.py:253: RankWarning: Polyfit may be poorly conditioned
  c2, c1, c0 = np.polyfit(xs, ys, 2)
2026-07-04T01:28:29Z [13,344,281ms] [Error] [omni.kit.app._impl] [py stderr]: /media/samuel/Fast_SSD/SE4AI/thesis_repo/src/cobraflex_rl/cobraflex_rl/cv_lane_estimator.py:253: RankWarning: Polyfit may be poorly conditioned
  c2, c1, c0 = np.polyfit(xs, ys, 2)
2026-07-04T01:28:29Z [13,344,281ms] [Error] [omni.kit.app._impl] [py stderr]: /media/samuel/Fast_SSD/SE4AI/thesis_repo/src/cobraflex_rl/cobraflex_rl/cv_lane_estimator.py:253: RankWarning: Polyfit may be poorly conditioned
  c2, c1, c0 = np.polyfit(xs, ys, 2)
----------------------------------------
| rollout/                |            |
|    ep_len_mean          | 20.2       |
|    ep_rew_mean          | 14.6       |
| time/                   |            |
|    fps                  | 26         |
|    iterations           | 351        |
|    time_elapsed         | 13332      |
|    total_timesteps      | 359424     |
| train/                  |            |
|    approx_kl            | 0.46644196 |
|    clip_fraction        | 0.514      |
|    clip_range           | 0.2        |
|    clip_range_vf        | 0.2        |
|    entropy_loss         | 0.932      |
|    explained_variance   | 0.714      |
|    learning_rate        | 0.000192   |
|    loss                 | 0.0126     |
|    n_updates            | 2761       |
|    policy_gradient_loss | -0.0085    |
|    std                  | 0.152      |
|    value_loss           | 0.221      |
----------------------------------------
2026-07-04T01:28:41Z [13,356,538ms] [Error] [omni.kit.app._impl] [py stderr]: /media/samuel/Fast_SSD/SE4AI/thesis_repo/src/cobraflex_rl/cobraflex_rl/cv_lane_estimator.py:253: RankWarning: Polyfit may be poorly conditioned
  c2, c1, c0 = np.polyfit(xs, ys, 2)
2026-07-04T01:28:41Z [13,356,538ms] [Error] [omni.kit.app._impl] [py stderr]: /media/samuel/Fast_SSD/SE4AI/thesis_repo/src/cobraflex_rl/cobraflex_rl/cv_lane_estimator.py:253: RankWarning: Polyfit may be poorly conditioned
  c2, c1, c0 = np.polyfit(xs, ys, 2)
2026-07-04T01:28:41Z [13,356,545ms] [Error] [omni.kit.app._impl] [py stderr]: /media/samuel/Fast_SSD/SE4AI/thesis_repo/src/cobraflex_rl/cobraflex_rl/cv_lane_estimator.py:253: RankWarning: Polyfit may be poorly conditioned
  c2, c1, c0 = np.polyfit(xs, ys, 2)
2026-07-04T01:28:41Z [13,356,545ms] [Error] [omni.kit.app._impl] [py stderr]: /media/samuel/Fast_SSD/SE4AI/thesis_repo/src/cobraflex_rl/cobraflex_rl/cv_lane_estimator.py:253: RankWarning: Polyfit may be poorly conditioned
  c2, c1, c0 = np.polyfit(xs, ys, 2)
Early stopping at step 7 due to reaching max kl: 1.10
PPO progress: 360000/1000000 (36%) | ep_rew_mean=17.47 | ep_len_mean=23 | episodes=100 | fps=26
2026-07-04T01:28:53Z [13,368,266ms] [Error] [omni.kit.app._impl] [py stderr]: /media/samuel/Fast_SSD/SE4AI/thesis_repo/src/cobraflex_rl/cobraflex_rl/cv_lane_estimator.py:253: RankWarning: Polyfit may be poorly conditioned
  c2, c1, c0 = np.polyfit(xs, ys, 2)
2026-07-04T01:29:05Z [13,380,300ms] [Error] [omni.kit.app._impl] [py stderr]: /media/samuel/Fast_SSD/SE4AI/thesis_repo/src/cobraflex_rl/cobraflex_rl/cv_lane_estimator.py:253: RankWarning: Polyfit may be poorly conditioned
  c2, c1, c0 = np.polyfit(xs, ys, 2)
---------------------------------------
| rollout/                |           |
|    ep_len_mean          | 25.8      |
|    ep_rew_mean          | 19.7      |
| time/                   |           |
|    fps                  | 26        |
|    iterations           | 352       |
|    time_elapsed         | 13365     |
|    total_timesteps      | 360448    |
| train/                  |           |
|    approx_kl            | 0.4049727 |
|    clip_fraction        | 0.555     |
|    clip_range           | 0.2       |
|    clip_range_vf        | 0.2       |
|    entropy_loss         | 0.931     |
|    explained_variance   | 0.319     |
|    learning_rate        | 0.000192  |
|    loss                 | -0.0144   |
|    n_updates            | 2769      |
|    policy_gradient_loss | -0.0547   |
|    std                  | 0.151     |
|    value_loss           | 0.282     |
---------------------------------------
Early stopping at step 5 due to reaching max kl: 0.76
PPO progress: 361000/1000000 (36%) | ep_rew_mean=18.99 | ep_len_mean=23 | episodes=100 | fps=26
----------------------------------------
| rollout/                |            |
|    ep_len_mean          | 26.1       |
|    ep_rew_mean          | 21.4       |
| time/                   |            |
|    fps                  | 26         |
|    iterations           | 353        |
|    time_elapsed         | 13420      |
|    total_timesteps      | 361472     |
| train/                  |            |
|    approx_kl            | 0.54574454 |
|    clip_fraction        | 0.511      |
|    clip_range           | 0.2        |
|    clip_range_vf        | 0.2        |
|    entropy_loss         | 0.942      |
|    explained_variance   | 0.691      |
|    learning_rate        | 0.000192   |
|    loss                 | 0.0124     |
|    n_updates            | 2775       |
|    policy_gradient_loss | -0.0473    |
|    std                  | 0.151      |
|    value_loss           | 0.154      |
----------------------------------------
2026-07-04T01:30:17Z [13,451,795ms] [Error] [omni.kit.app._impl] [py stderr]: /media/samuel/Fast_SSD/SE4AI/thesis_repo/src/cobraflex_rl/cobraflex_rl/cv_lane_estimator.py:253: RankWarning: Polyfit may be poorly conditioned
  c2, c1, c0 = np.polyfit(xs, ys, 2)
2026-07-04T01:30:17Z [13,451,802ms] [Error] [omni.kit.app._impl] [py stderr]: /media/samuel/Fast_SSD/SE4AI/thesis_repo/src/cobraflex_rl/cobraflex_rl/cv_lane_estimator.py:253: RankWarning: Polyfit may be poorly conditioned
  c2, c1, c0 = np.polyfit(xs, ys, 2)
Early stopping at step 4 due to reaching max kl: 0.81
PPO progress: 362000/1000000 (36%) | ep_rew_mean=19.43 | ep_len_mean=25 | episodes=100 | fps=26
2026-07-04T01:30:30Z [13,464,936ms] [Error] [omni.kit.app._impl] [py stderr]: /media/samuel/Fast_SSD/SE4AI/thesis_repo/src/cobraflex_rl/cobraflex_rl/cv_lane_estimator.py:253: RankWarning: Polyfit may be poorly conditioned
  c2, c1, c0 = np.polyfit(xs, ys, 2)
---------------------------------------
| rollout/                |           |
|    ep_len_mean          | 24        |
|    ep_rew_mean          | 18.5      |
| time/                   |           |
|    fps                  | 26        |
|    iterations           | 354       |
|    time_elapsed         | 13458     |
|    total_timesteps      | 362496    |
| train/                  |           |
|    approx_kl            | 0.4758328 |
|    clip_fraction        | 0.531     |
|    clip_range           | 0.2       |
|    clip_range_vf        | 0.2       |
|    entropy_loss         | 0.946     |
|    explained_variance   | 0.718     |
|    learning_rate        | 0.000192  |
|    loss                 | 0.0117    |
|    n_updates            | 2780      |
|    policy_gradient_loss | -0.0248   |
|    std                  | 0.151     |
|    value_loss           | 0.13      |
---------------------------------------
Early stopping at step 8 due to reaching max kl: 0.78
PPO progress: 363000/1000000 (36%) | ep_rew_mean=20.71 | ep_len_mean=26 | episodes=100 | fps=26
----------------------------------------
| rollout/                |            |
|    ep_len_mean          | 25.1       |
|    ep_rew_mean          | 20.8       |
| time/                   |            |
|    fps                  | 26         |
|    iterations           | 355        |
|    time_elapsed         | 13499      |
|    total_timesteps      | 363520     |
| train/                  |            |
|    approx_kl            | 0.34723246 |
|    clip_fraction        | 0.55       |
|    clip_range           | 0.2        |
|    clip_range_vf        | 0.2        |
|    entropy_loss         | 0.95       |
|    explained_variance   | 0.744      |
|    learning_rate        | 0.000191   |
|    loss                 | -0.0314    |
|    n_updates            | 2789       |
|    policy_gradient_loss | -0.0575    |
|    std                  | 0.15       |
|    value_loss           | 0.122      |
----------------------------------------
Early stopping at step 6 due to reaching max kl: 0.87
PPO progress: 364000/1000000 (36%) | ep_rew_mean=23.31 | ep_len_mean=28 | episodes=100 | fps=26
----------------------------------------
| rollout/                |            |
|    ep_len_mean          | 30.9       |
|    ep_rew_mean          | 28.7       |
| time/                   |            |
|    fps                  | 26         |
|    iterations           | 356        |
|    time_elapsed         | 13530      |
|    total_timesteps      | 364544     |
| train/                  |            |
|    approx_kl            | 0.45276067 |
|    clip_fraction        | 0.556      |
|    clip_range           | 0.2        |
|    clip_range_vf        | 0.2        |
|    entropy_loss         | 0.973      |
|    explained_variance   | 0.753      |
|    learning_rate        | 0.000191   |
|    loss                 | -0.024     |
|    n_updates            | 2796       |
|    policy_gradient_loss | -0.0648    |
|    std                  | 0.148      |
|    value_loss           | 0.0787     |
----------------------------------------
Early stopping at step 6 due to reaching max kl: 0.77
PPO progress: 365000/1000000 (36%) | ep_rew_mean=31.50 | ep_len_mean=33 | episodes=100 | fps=26
2026-07-04T01:32:13Z [13,567,827ms] [Error] [omni.kit.app._impl] [py stderr]: /media/samuel/Fast_SSD/SE4AI/thesis_repo/src/cobraflex_rl/cobraflex_rl/cv_lane_estimator.py:253: RankWarning: Polyfit may be poorly conditioned
  c2, c1, c0 = np.polyfit(xs, ys, 2)
2026-07-04T01:32:13Z [13,567,910ms] [Error] [omni.kit.app._impl] [py stderr]: /media/samuel/Fast_SSD/SE4AI/thesis_repo/src/cobraflex_rl/cobraflex_rl/cv_lane_estimator.py:253: RankWarning: Polyfit may be poorly conditioned
  c2, c1, c0 = np.polyfit(xs, ys, 2)
2026-07-04T01:32:13Z [13,567,910ms] [Error] [omni.kit.app._impl] [py stderr]: /media/samuel/Fast_SSD/SE4AI/thesis_repo/src/cobraflex_rl/cobraflex_rl/cv_lane_estimator.py:253: RankWarning: Polyfit may be poorly conditioned
  c2, c1, c0 = np.polyfit(xs, ys, 2)
----------------------------------------
| rollout/                |            |
|    ep_len_mean          | 34.3       |
|    ep_rew_mean          | 33.2       |
| time/                   |            |
|    fps                  | 26         |
|    iterations           | 357        |
|    time_elapsed         | 13566      |
|    total_timesteps      | 365568     |
| train/                  |            |
|    approx_kl            | 0.39943406 |
|    clip_fraction        | 0.551      |
|    clip_range           | 0.2        |
|    clip_range_vf        | 0.2        |
|    entropy_loss         | 0.998      |
|    explained_variance   | 0.735      |
|    learning_rate        | 0.000191   |
|    loss                 | -0.0574    |
|    n_updates            | 2803       |
|    policy_gradient_loss | -0.0511    |
|    std                  | 0.146      |
|    value_loss           | 0.101      |
----------------------------------------
PPO progress: 366000/1000000 (37%) | ep_rew_mean=31.66 | ep_len_mean=33 | episodes=100 | fps=26
----------------------------------------
| rollout/                |            |
|    ep_len_mean          | 27.1       |
|    ep_rew_mean          | 23.5       |
| time/                   |            |
|    fps                  | 26         |
|    iterations           | 358        |
|    time_elapsed         | 13612      |
|    total_timesteps      | 366592     |
| train/                  |            |
|    approx_kl            | 0.31749403 |
|    clip_fraction        | 0.553      |
|    clip_range           | 0.2        |
|    clip_range_vf        | 0.2        |
|    entropy_loss         | 1.02       |
|    explained_variance   | 0.74       |
|    learning_rate        | 0.00019    |
|    loss                 | -0.0639    |
|    n_updates            | 2813       |
|    policy_gradient_loss | -0.0641    |
|    std                  | 0.143      |
|    value_loss           | 0.104      |
----------------------------------------
Early stopping at step 6 due to reaching max kl: 0.81
PPO progress: 367000/1000000 (37%) | ep_rew_mean=22.38 | ep_len_mean=26 | episodes=100 | fps=26
2026-07-04T01:33:41Z [13,656,403ms] [Error] [omni.kit.app._impl] [py stderr]: /media/samuel/Fast_SSD/SE4AI/thesis_repo/src/cobraflex_rl/cobraflex_rl/cv_lane_estimator.py:253: RankWarning: Polyfit may be poorly conditioned
  c2, c1, c0 = np.polyfit(xs, ys, 2)
---------------------------------------
| rollout/                |           |
|    ep_len_mean          | 28.2      |
|    ep_rew_mean          | 23.8      |
| time/                   |           |
|    fps                  | 26        |
|    iterations           | 359       |
|    time_elapsed         | 13647     |
|    total_timesteps      | 367616    |
| train/                  |           |
|    approx_kl            | 0.4709397 |
|    clip_fraction        | 0.566     |
|    clip_range           | 0.2       |
|    clip_range_vf        | 0.2       |
|    entropy_loss         | 1.05      |
|    explained_variance   | 0.66      |
|    learning_rate        | 0.00019   |
|    loss                 | 0.0136    |
|    n_updates            | 2820      |
|    policy_gradient_loss | -0.0477   |
|    std                  | 0.142     |
|    value_loss           | 0.207     |
---------------------------------------
PPO progress: 368000/1000000 (37%) | ep_rew_mean=25.17 | ep_len_mean=30 | episodes=100 | fps=26
2026-07-04T01:34:29Z [13,704,078ms] [Error] [omni.kit.app._impl] [py stderr]: /media/samuel/Fast_SSD/SE4AI/thesis_repo/src/cobraflex_rl/cobraflex_rl/cv_lane_estimator.py:253: RankWarning: Polyfit may be poorly conditioned
  c2, c1, c0 = np.polyfit(xs, ys, 2)
2026-07-04T01:34:29Z [13,704,078ms] [Error] [omni.kit.app._impl] [py stderr]: /media/samuel/Fast_SSD/SE4AI/thesis_repo/src/cobraflex_rl/cobraflex_rl/cv_lane_estimator.py:253: RankWarning: Polyfit may be poorly conditioned
  c2, c1, c0 = np.polyfit(xs, ys, 2)
----------------------------------------
| rollout/                |            |
|    ep_len_mean          | 26.7       |
|    ep_rew_mean          | 21.6       |
| time/                   |            |
|    fps                  | 26         |
|    iterations           | 360        |
|    time_elapsed         | 13689      |
|    total_timesteps      | 368640     |
| train/                  |            |
|    approx_kl            | 0.35268927 |
|    clip_fraction        | 0.604      |
|    clip_range           | 0.2        |
|    clip_range_vf        | 0.2        |
|    entropy_loss         | 1.07       |
|    explained_variance   | 0.889      |
|    learning_rate        | 0.00019    |
|    loss                 | -0.0173    |
|    n_updates            | 2830       |
|    policy_gradient_loss | -0.0668    |
|    std                  | 0.141      |
|    value_loss           | 0.0641     |
----------------------------------------
2026-07-04T01:34:30Z [13,705,278ms] [Error] [omni.kit.app._impl] [py stderr]: /media/samuel/Fast_SSD/SE4AI/thesis_repo/src/cobraflex_rl/cobraflex_rl/cv_lane_estimator.py:253: RankWarning: Polyfit may be poorly conditioned
  c2, c1, c0 = np.polyfit(xs, ys, 2)
2026-07-04T01:34:30Z [13,705,454ms] [Error] [omni.kit.app._impl] [py stderr]: /media/samuel/Fast_SSD/SE4AI/thesis_repo/src/cobraflex_rl/cobraflex_rl/cv_lane_estimator.py:253: RankWarning: Polyfit may be poorly conditioned
  c2, c1, c0 = np.polyfit(xs, ys, 2)
Early stopping at step 4 due to reaching max kl: 2.09
PPO progress: 369000/1000000 (37%) | ep_rew_mean=24.10 | ep_len_mean=29 | episodes=100 | fps=26
---------------------------------------
| rollout/                |           |
|    ep_len_mean          | 31.6      |
|    ep_rew_mean          | 28        |
| time/                   |           |
|    fps                  | 26        |
|    iterations           | 361       |
|    time_elapsed         | 13728     |
|    total_timesteps      | 369664    |
| train/                  |           |
|    approx_kl            | 0.5061991 |
|    clip_fraction        | 0.486     |
|    clip_range           | 0.2       |
|    clip_range_vf        | 0.2       |
|    entropy_loss         | 1.09      |
|    explained_variance   | 0.742     |
|    learning_rate        | 0.000189  |
|    loss                 | 0.00167   |
|    n_updates            | 2835      |
|    policy_gradient_loss | -0.0266   |
|    std                  | 0.14      |
|    value_loss           | 0.146     |
---------------------------------------
PPO progress: 370000/1000000 (37%) | ep_rew_mean=29.78 | ep_len_mean=33 | episodes=100 | fps=26
----------------------------------------
| rollout/                |            |
|    ep_len_mean          | 29.5       |
|    ep_rew_mean          | 27.7       |
| time/                   |            |
|    fps                  | 26         |
|    iterations           | 362        |
|    time_elapsed         | 13765      |
|    total_timesteps      | 370688     |
| train/                  |            |
|    approx_kl            | 0.24688698 |
|    clip_fraction        | 0.547      |
|    clip_range           | 0.2        |
|    clip_range_vf        | 0.2        |
|    entropy_loss         | 1.1        |
|    explained_variance   | 0.671      |
|    learning_rate        | 0.000189   |
|    loss                 | 0.0501     |
|    n_updates            | 2845       |
|    policy_gradient_loss | -0.0615    |
|    std                  | 0.139      |
|    value_loss           | 0.18       |
----------------------------------------
Early stopping at step 2 due to reaching max kl: 0.75
PPO progress: 371000/1000000 (37%) | ep_rew_mean=31.19 | ep_len_mean=32 | episodes=100 | fps=26
2026-07-04T01:35:59Z [13,794,520ms] [Error] [omni.kit.app._impl] [py stderr]: /media/samuel/Fast_SSD/SE4AI/thesis_repo/src/cobraflex_rl/cobraflex_rl/cv_lane_estimator.py:253: RankWarning: Polyfit may be poorly conditioned
  c2, c1, c0 = np.polyfit(xs, ys, 2)
2026-07-04T01:35:59Z [13,794,520ms] [Error] [omni.kit.app._impl] [py stderr]: /media/samuel/Fast_SSD/SE4AI/thesis_repo/src/cobraflex_rl/cobraflex_rl/cv_lane_estimator.py:253: RankWarning: Polyfit may be poorly conditioned
  c2, c1, c0 = np.polyfit(xs, ys, 2)
2026-07-04T01:35:59Z [13,794,520ms] [Error] [omni.kit.app._impl] [py stderr]: /media/samuel/Fast_SSD/SE4AI/thesis_repo/src/cobraflex_rl/cobraflex_rl/cv_lane_estimator.py:253: RankWarning: Polyfit may be poorly conditioned
  c2, c1, c0 = np.polyfit(xs, ys, 2)
----------------------------------------
| rollout/                |            |
|    ep_len_mean          | 27.1       |
|    ep_rew_mean          | 25.7       |
| time/                   |            |
|    fps                  | 26         |
|    iterations           | 363        |
|    time_elapsed         | 13811      |
|    total_timesteps      | 371712     |
| train/                  |            |
|    approx_kl            | 0.34783193 |
|    clip_fraction        | 0.437      |
|    clip_range           | 0.2        |
|    clip_range_vf        | 0.2        |
|    entropy_loss         | 1.11       |
|    explained_variance   | 0.841      |
|    learning_rate        | 0.000189   |
|    loss                 | -0.025     |
|    n_updates            | 2848       |
|    policy_gradient_loss | -0.00327   |
|    std                  | 0.139      |
|    value_loss           | 0.0982     |
----------------------------------------
Early stopping at step 5 due to reaching max kl: 0.79
PPO progress: 372000/1000000 (37%) | ep_rew_mean=23.67 | ep_len_mean=26 | episodes=100 | fps=26
----------------------------------------
| rollout/                |            |
|    ep_len_mean          | 29.3       |
|    ep_rew_mean          | 27.7       |
| time/                   |            |
|    fps                  | 26         |
|    iterations           | 364        |
|    time_elapsed         | 13846      |
|    total_timesteps      | 372736     |
| train/                  |            |
|    approx_kl            | 0.39651895 |
|    clip_fraction        | 0.536      |
|    clip_range           | 0.2        |
|    clip_range_vf        | 0.2        |
|    entropy_loss         | 1.11       |
|    explained_variance   | 0.534      |
|    learning_rate        | 0.000188   |
|    loss                 | -0.00345   |
|    n_updates            | 2854       |
|    policy_gradient_loss | -0.0371    |
|    std                  | 0.138      |
|    value_loss           | 0.192      |
----------------------------------------
Early stopping at step 2 due to reaching max kl: 0.98
PPO progress: 373000/1000000 (37%) | ep_rew_mean=28.42 | ep_len_mean=29 | episodes=100 | fps=26
2026-07-04T01:37:31Z [13,886,106ms] [Error] [omni.kit.app._impl] [py stderr]: /media/samuel/Fast_SSD/SE4AI/thesis_repo/src/cobraflex_rl/cobraflex_rl/cv_lane_estimator.py:253: RankWarning: Polyfit may be poorly conditioned
  c2, c1, c0 = np.polyfit(xs, ys, 2)
2026-07-04T01:37:31Z [13,886,183ms] [Error] [omni.kit.app._impl] [py stderr]: /media/samuel/Fast_SSD/SE4AI/thesis_repo/src/cobraflex_rl/cobraflex_rl/cv_lane_estimator.py:253: RankWarning: Polyfit may be poorly conditioned
  c2, c1, c0 = np.polyfit(xs, ys, 2)
2026-07-04T01:37:37Z [13,891,933ms] [Error] [omni.kit.app._impl] [py stderr]: /media/samuel/Fast_SSD/SE4AI/thesis_repo/src/cobraflex_rl/cobraflex_rl/cv_lane_estimator.py:253: RankWarning: Polyfit may be poorly conditioned
  c2, c1, c0 = np.polyfit(xs, ys, 2)
---------------------------------------
| rollout/                |           |
|    ep_len_mean          | 30.1      |
|    ep_rew_mean          | 29.2      |
| time/                   |           |
|    fps                  | 26        |
|    iterations           | 365       |
|    time_elapsed         | 13886     |
|    total_timesteps      | 373760    |
| train/                  |           |
|    approx_kl            | 0.7069643 |
|    clip_fraction        | 0.479     |
|    clip_range           | 0.2       |
|    clip_range_vf        | 0.2       |
|    entropy_loss         | 1.12      |
|    explained_variance   | 0.783     |
|    learning_rate        | 0.000188  |
|    loss                 | 0.00117   |
|    n_updates            | 2857      |
|    policy_gradient_loss | 0.00291   |
|    std                  | 0.138     |
|    value_loss           | 0.105     |
---------------------------------------
PPO progress: 374000/1000000 (37%) | ep_rew_mean=26.78 | ep_len_mean=28 | episodes=100 | fps=26
2026-07-04T01:38:01Z [13,916,255ms] [Error] [omni.kit.app._impl] [py stderr]: /media/samuel/Fast_SSD/SE4AI/thesis_repo/src/cobraflex_rl/cobraflex_rl/cv_lane_estimator.py:253: RankWarning: Polyfit may be poorly conditioned
  c2, c1, c0 = np.polyfit(xs, ys, 2)
2026-07-04T01:38:01Z [13,916,255ms] [Error] [omni.kit.app._impl] [py stderr]: /media/samuel/Fast_SSD/SE4AI/thesis_repo/src/cobraflex_rl/cobraflex_rl/cv_lane_estimator.py:253: RankWarning: Polyfit may be poorly conditioned
  c2, c1, c0 = np.polyfit(xs, ys, 2)
2026-07-04T01:38:01Z [13,916,255ms] [Error] [omni.kit.app._impl] [py stderr]: /media/samuel/Fast_SSD/SE4AI/thesis_repo/src/cobraflex_rl/cobraflex_rl/cv_lane_estimator.py:253: RankWarning: Polyfit may be poorly conditioned
  c2, c1, c0 = np.polyfit(xs, ys, 2)
2026-07-04T01:38:01Z [13,916,262ms] [Error] [omni.kit.app._impl] [py stderr]: /media/samuel/Fast_SSD/SE4AI/thesis_repo/src/cobraflex_rl/cobraflex_rl/cv_lane_estimator.py:253: RankWarning: Polyfit may be poorly conditioned
  c2, c1, c0 = np.polyfit(xs, ys, 2)
2026-07-04T01:38:01Z [13,916,262ms] [Error] [omni.kit.app._impl] [py stderr]: /media/samuel/Fast_SSD/SE4AI/thesis_repo/src/cobraflex_rl/cobraflex_rl/cv_lane_estimator.py:253: RankWarning: Polyfit may be poorly conditioned
  c2, c1, c0 = np.polyfit(xs, ys, 2)
2026-07-04T01:38:01Z [13,916,262ms] [Error] [omni.kit.app._impl] [py stderr]: /media/samuel/Fast_SSD/SE4AI/thesis_repo/src/cobraflex_rl/cobraflex_rl/cv_lane_estimator.py:253: RankWarning: Polyfit may be poorly conditioned
  c2, c1, c0 = np.polyfit(xs, ys, 2)
----------------------------------------
| rollout/                |            |
|    ep_len_mean          | 28         |
|    ep_rew_mean          | 25.9       |
| time/                   |            |
|    fps                  | 26         |
|    iterations           | 366        |
|    time_elapsed         | 13926      |
|    total_timesteps      | 374784     |
| train/                  |            |
|    approx_kl            | 0.41118187 |
|    clip_fraction        | 0.586      |
|    clip_range           | 0.2        |
|    clip_range_vf        | 0.2        |
|    entropy_loss         | 1.12       |
|    explained_variance   | 0.724      |
|    learning_rate        | 0.000188   |
|    loss                 | -0.0351    |
|    n_updates            | 2867       |
|    policy_gradient_loss | -0.0625    |
|    std                  | 0.137      |
|    value_loss           | 0.112      |
----------------------------------------
Early stopping at step 3 due to reaching max kl: 0.87
PPO progress: 375000/1000000 (38%) | ep_rew_mean=26.21 | ep_len_mean=28 | episodes=100 | fps=26
2026-07-04T01:38:58Z [13,973,089ms] [Error] [omni.kit.app._impl] [py stderr]: /media/samuel/Fast_SSD/SE4AI/thesis_repo/src/cobraflex_rl/cobraflex_rl/cv_lane_estimator.py:253: RankWarning: Polyfit may be poorly conditioned
  c2, c1, c0 = np.polyfit(xs, ys, 2)
2026-07-04T01:38:58Z [13,973,089ms] [Error] [omni.kit.app._impl] [py stderr]: /media/samuel/Fast_SSD/SE4AI/thesis_repo/src/cobraflex_rl/cobraflex_rl/cv_lane_estimator.py:253: RankWarning: Polyfit may be poorly conditioned
  c2, c1, c0 = np.polyfit(xs, ys, 2)
2026-07-04T01:39:02Z [13,976,732ms] [Error] [omni.kit.app._impl] [py stderr]: /media/samuel/Fast_SSD/SE4AI/thesis_repo/src/cobraflex_rl/cobraflex_rl/cv_lane_estimator.py:253: RankWarning: Polyfit may be poorly conditioned
  c2, c1, c0 = np.polyfit(xs, ys, 2)
---------------------------------------
| rollout/                |           |
|    ep_len_mean          | 25.1      |
|    ep_rew_mean          | 21.4      |
| time/                   |           |
|    fps                  | 26        |
|    iterations           | 367       |
|    time_elapsed         | 13964     |
|    total_timesteps      | 375808    |
| train/                  |           |
|    approx_kl            | 0.5182769 |
|    clip_fraction        | 0.491     |
|    clip_range           | 0.2       |
|    clip_range_vf        | 0.2       |
|    entropy_loss         | 1.14      |
|    explained_variance   | 0.78      |
|    learning_rate        | 0.000188  |
|    loss                 | -0.0126   |
|    n_updates            | 2871      |
|    policy_gradient_loss | -0.0127   |
|    std                  | 0.137     |
|    value_loss           | 0.0876    |
---------------------------------------
Early stopping at step 4 due to reaching max kl: 1.09
PPO progress: 376000/1000000 (38%) | ep_rew_mean=21.41 | ep_len_mean=25 | episodes=100 | fps=26
----------------------------------------
| rollout/                |            |
|    ep_len_mean          | 26.9       |
|    ep_rew_mean          | 23.1       |
| time/                   |            |
|    fps                  | 26         |
|    iterations           | 368        |
|    time_elapsed         | 14000      |
|    total_timesteps      | 376832     |
| train/                  |            |
|    approx_kl            | 0.34413055 |
|    clip_fraction        | 0.519      |
|    clip_range           | 0.2        |
|    clip_range_vf        | 0.2        |
|    entropy_loss         | 1.14       |
|    explained_variance   | 0.768      |
|    learning_rate        | 0.000187   |
|    loss                 | -0.0276    |
|    n_updates            | 2876       |
|    policy_gradient_loss | -0.0293    |
|    std                  | 0.137      |
|    value_loss           | 0.141      |
----------------------------------------
Early stopping at step 6 due to reaching max kl: 0.81
PPO progress: 377000/1000000 (38%) | ep_rew_mean=25.22 | ep_len_mean=29 | episodes=100 | fps=26
---------------------------------------
| rollout/                |           |
|    ep_len_mean          | 31.2      |
|    ep_rew_mean          | 26.7      |
| time/                   |           |
|    fps                  | 26        |
|    iterations           | 369       |
|    time_elapsed         | 14033     |
|    total_timesteps      | 377856    |
| train/                  |           |
|    approx_kl            | 0.3219879 |
|    clip_fraction        | 0.459     |
|    clip_range           | 0.2       |
|    clip_range_vf        | 0.2       |
|    entropy_loss         | 1.14      |
|    explained_variance   | 0.686     |
|    learning_rate        | 0.000187  |
|    loss                 | -0.0182   |
|    n_updates            | 2883      |
|    policy_gradient_loss | -0.0438   |
|    std                  | 0.137     |
|    value_loss           | 0.0871    |
---------------------------------------
Early stopping at step 3 due to reaching max kl: 1.09
PPO progress: 378000/1000000 (38%) | ep_rew_mean=28.81 | ep_len_mean=33 | episodes=100 | fps=26
----------------------------------------
| rollout/                |            |
|    ep_len_mean          | 36.8       |
|    ep_rew_mean          | 33.3       |
| time/                   |            |
|    fps                  | 26         |
|    iterations           | 370        |
|    time_elapsed         | 14065      |
|    total_timesteps      | 378880     |
| train/                  |            |
|    approx_kl            | 0.39677024 |
|    clip_fraction        | 0.491      |
|    clip_range           | 0.2        |
|    clip_range_vf        | 0.2        |
|    entropy_loss         | 1.14       |
|    explained_variance   | 0.845      |
|    learning_rate        | 0.000187   |
|    loss                 | 0.000567   |
|    n_updates            | 2887       |
|    policy_gradient_loss | -0.0158    |
|    std                  | 0.137      |
|    value_loss           | 0.0864     |
----------------------------------------
Early stopping at step 1 due to reaching max kl: 0.89
PPO progress: 379000/1000000 (38%) | ep_rew_mean=31.66 | ep_len_mean=35 | episodes=100 | fps=26
2026-07-04T01:41:01Z [14,096,335ms] [Error] [omni.kit.app._impl] [py stderr]: /media/samuel/Fast_SSD/SE4AI/thesis_repo/src/cobraflex_rl/cobraflex_rl/cv_lane_estimator.py:253: RankWarning: Polyfit may be poorly conditioned
  c2, c1, c0 = np.polyfit(xs, ys, 2)
2026-07-04T01:41:01Z [14,096,336ms] [Error] [omni.kit.app._impl] [py stderr]: /media/samuel/Fast_SSD/SE4AI/thesis_repo/src/cobraflex_rl/cobraflex_rl/cv_lane_estimator.py:253: RankWarning: Polyfit may be poorly conditioned
  c2, c1, c0 = np.polyfit(xs, ys, 2)
2026-07-04T01:41:01Z [14,096,343ms] [Error] [omni.kit.app._impl] [py stderr]: /media/samuel/Fast_SSD/SE4AI/thesis_repo/src/cobraflex_rl/cobraflex_rl/cv_lane_estimator.py:253: RankWarning: Polyfit may be poorly conditioned
  c2, c1, c0 = np.polyfit(xs, ys, 2)
2026-07-04T01:41:01Z [14,096,343ms] [Error] [omni.kit.app._impl] [py stderr]: /media/samuel/Fast_SSD/SE4AI/thesis_repo/src/cobraflex_rl/cobraflex_rl/cv_lane_estimator.py:253: RankWarning: Polyfit may be poorly conditioned
  c2, c1, c0 = np.polyfit(xs, ys, 2)
2026-07-04T01:41:06Z [14,101,544ms] [Error] [omni.kit.app._impl] [py stderr]: /media/samuel/Fast_SSD/SE4AI/thesis_repo/src/cobraflex_rl/cobraflex_rl/cv_lane_estimator.py:253: RankWarning: Polyfit may be poorly conditioned
  c2, c1, c0 = np.polyfit(xs, ys, 2)
----------------------------------------
| rollout/                |            |
|    ep_len_mean          | 33.9       |
|    ep_rew_mean          | 27.3       |
| time/                   |            |
|    fps                  | 26         |
|    iterations           | 371        |
|    time_elapsed         | 14112      |
|    total_timesteps      | 379904     |
| train/                  |            |
|    approx_kl            | 0.26116705 |
|    clip_fraction        | 0.443      |
|    clip_range           | 0.2        |
|    clip_range_vf        | 0.2        |
|    entropy_loss         | 1.14       |
|    explained_variance   | 0.647      |
|    learning_rate        | 0.000186   |
|    loss                 | 0.0256     |
|    n_updates            | 2889       |
|    policy_gradient_loss | 0.0161     |
|    std                  | 0.137      |
|    value_loss           | 0.198      |
----------------------------------------
Early stopping at step 1 due to reaching max kl: 0.93
PPO progress: 380000/1000000 (38%) | ep_rew_mean=25.41 | ep_len_mean=33 | episodes=100 | fps=26
---------------------------------------
| rollout/                |           |
|    ep_len_mean          | 33.1      |
|    ep_rew_mean          | 25.5      |
| time/                   |           |
|    fps                  | 26        |
|    iterations           | 372       |
|    time_elapsed         | 14144     |
|    total_timesteps      | 380928    |
| train/                  |           |
|    approx_kl            | 0.5488845 |
|    clip_fraction        | 0.415     |
|    clip_range           | 0.2       |
|    clip_range_vf        | 0.2       |
|    entropy_loss         | 1.14      |
|    explained_variance   | 0.808     |
|    learning_rate        | 0.000186  |
|    loss                 | 0.0237    |
|    n_updates            | 2891      |
|    policy_gradient_loss | 0.0415    |
|    std                  | 0.137     |
|    value_loss           | 0.0943    |
---------------------------------------
2026-07-04T01:42:06Z [14,161,124ms] [Error] [omni.kit.app._impl] [py stderr]: /media/samuel/Fast_SSD/SE4AI/thesis_repo/src/cobraflex_rl/cobraflex_rl/cv_lane_estimator.py:253: RankWarning: Polyfit may be poorly conditioned
  c2, c1, c0 = np.polyfit(xs, ys, 2)
2026-07-04T01:42:06Z [14,161,124ms] [Error] [omni.kit.app._impl] [py stderr]: /media/samuel/Fast_SSD/SE4AI/thesis_repo/src/cobraflex_rl/cobraflex_rl/cv_lane_estimator.py:253: RankWarning: Polyfit may be poorly conditioned
  c2, c1, c0 = np.polyfit(xs, ys, 2)
Early stopping at step 1 due to reaching max kl: 1.61
PPO progress: 381000/1000000 (38%) | ep_rew_mean=25.74 | ep_len_mean=34 | episodes=100 | fps=26
2026-07-04T01:42:24Z [14,178,746ms] [Error] [omni.kit.app._impl] [py stderr]: /media/samuel/Fast_SSD/SE4AI/thesis_repo/src/cobraflex_rl/cobraflex_rl/cv_lane_estimator.py:253: RankWarning: Polyfit may be poorly conditioned
  c2, c1, c0 = np.polyfit(xs, ys, 2)
2026-07-04T01:42:24Z [14,179,088ms] [Error] [omni.kit.app._impl] [py stderr]: /media/samuel/Fast_SSD/SE4AI/thesis_repo/src/cobraflex_rl/cobraflex_rl/cv_lane_estimator.py:253: RankWarning: Polyfit may be poorly conditioned
  c2, c1, c0 = np.polyfit(xs, ys, 2)
2026-07-04T01:42:32Z [14,187,517ms] [Error] [omni.kit.app._impl] [py stderr]: /media/samuel/Fast_SSD/SE4AI/thesis_repo/src/cobraflex_rl/cobraflex_rl/cv_lane_estimator.py:253: RankWarning: Polyfit may be poorly conditioned
  c2, c1, c0 = np.polyfit(xs, ys, 2)
----------------------------------------
| rollout/                |            |
|    ep_len_mean          | 28.6       |
|    ep_rew_mean          | 21.8       |
| time/                   |            |
|    fps                  | 26         |
|    iterations           | 373        |
|    time_elapsed         | 14182      |
|    total_timesteps      | 381952     |
| train/                  |            |
|    approx_kl            | 0.36933434 |
|    clip_fraction        | 0.344      |
|    clip_range           | 0.2        |
|    clip_range_vf        | 0.2        |
|    entropy_loss         | 1.14       |
|    explained_variance   | 0.888      |
|    learning_rate        | 0.000186   |
|    loss                 | 0.0135     |
|    n_updates            | 2893       |
|    policy_gradient_loss | 0.0183     |
|    std                  | 0.137      |
|    value_loss           | 0.06       |
----------------------------------------
PPO progress: 382000/1000000 (38%) | ep_rew_mean=22.42 | ep_len_mean=29 | episodes=100 | fps=26
----------------------------------------
| rollout/                |            |
|    ep_len_mean          | 32.8       |
|    ep_rew_mean          | 27.3       |
| time/                   |            |
|    fps                  | 26         |
|    iterations           | 374        |
|    time_elapsed         | 14213      |
|    total_timesteps      | 382976     |
| train/                  |            |
|    approx_kl            | 0.26400667 |
|    clip_fraction        | 0.558      |
|    clip_range           | 0.2        |
|    clip_range_vf        | 0.2        |
|    entropy_loss         | 1.14       |
|    explained_variance   | 0.715      |
|    learning_rate        | 0.000185   |
|    loss                 | 0.0384     |
|    n_updates            | 2903       |
|    policy_gradient_loss | -0.0597    |
|    std                  | 0.136      |
|    value_loss           | 0.174      |
----------------------------------------
Early stopping at step 2 due to reaching max kl: 2.64
PPO progress: 383000/1000000 (38%) | ep_rew_mean=27.27 | ep_len_mean=33 | episodes=100 | fps=26
PPO progress: 384000/1000000 (38%) | ep_rew_mean=32.95 | ep_len_mean=38 | episodes=100 | fps=26
---------------------------------------
| rollout/                |           |
|    ep_len_mean          | 37.7      |
|    ep_rew_mean          | 32.9      |
| time/                   |           |
|    fps                  | 26        |
|    iterations           | 375       |
|    time_elapsed         | 14248     |
|    total_timesteps      | 384000    |
| train/                  |           |
|    approx_kl            | 0.6523712 |
|    clip_fraction        | 0.387     |
|    clip_range           | 0.2       |
|    clip_range_vf        | 0.2       |
|    entropy_loss         | 1.16      |
|    explained_variance   | 0.828     |
|    learning_rate        | 0.000185  |
|    loss                 | 0.000865  |
|    n_updates            | 2906      |
|    policy_gradient_loss | -0.0188   |
|    std                  | 0.135     |
|    value_loss           | 0.0925    |
---------------------------------------
2026-07-04T01:43:59Z [14,274,285ms] [Error] [omni.kit.app._impl] [py stderr]: /media/samuel/Fast_SSD/SE4AI/thesis_repo/src/cobraflex_rl/cobraflex_rl/cv_lane_estimator.py:253: RankWarning: Polyfit may be poorly conditioned
  c2, c1, c0 = np.polyfit(xs, ys, 2)
PPO progress: 385000/1000000 (38%) | ep_rew_mean=33.60 | ep_len_mean=37 | episodes=100 | fps=26
--------------------------------------
| rollout/                |          |
|    ep_len_mean          | 37       |
|    ep_rew_mean          | 33.2     |
| time/                   |          |
|    fps                  | 26       |
|    iterations           | 376      |
|    time_elapsed         | 14284    |
|    total_timesteps      | 385024   |
| train/                  |          |
|    approx_kl            | 0.312623 |
|    clip_fraction        | 0.583    |
|    clip_range           | 0.2      |
|    clip_range_vf        | 0.2      |
|    entropy_loss         | 1.17     |
|    explained_variance   | 0.703    |
|    learning_rate        | 0.000185 |
|    loss                 | 0.0315   |
|    n_updates            | 2916     |
|    policy_gradient_loss | -0.0658  |
|    std                  | 0.134    |
|    value_loss           | 0.202    |
--------------------------------------
Early stopping at step 1 due to reaching max kl: 1.43
PPO progress: 386000/1000000 (39%) | ep_rew_mean=38.31 | ep_len_mean=42 | episodes=100 | fps=26
---------------------------------------
| rollout/                |           |
|    ep_len_mean          | 41.5      |
|    ep_rew_mean          | 38.3      |
| time/                   |           |
|    fps                  | 26        |
|    iterations           | 377       |
|    time_elapsed         | 14316     |
|    total_timesteps      | 386048    |
| train/                  |           |
|    approx_kl            | 0.4293133 |
|    clip_fraction        | 0.36      |
|    clip_range           | 0.2       |
|    clip_range_vf        | 0.2       |
|    entropy_loss         | 1.19      |
|    explained_variance   | 0.852     |
|    learning_rate        | 0.000184  |
|    loss                 | -0.0247   |
|    n_updates            | 2918      |
|    policy_gradient_loss | 0.00558   |
|    std                  | 0.134     |
|    value_loss           | 0.0747    |
---------------------------------------
2026-07-04T01:45:12Z [14,347,304ms] [Error] [omni.kit.app._impl] [py stderr]: /media/samuel/Fast_SSD/SE4AI/thesis_repo/src/cobraflex_rl/cobraflex_rl/cv_lane_estimator.py:253: RankWarning: Polyfit may be poorly conditioned
  c2, c1, c0 = np.polyfit(xs, ys, 2)
Early stopping at step 9 due to reaching max kl: 0.77
PPO progress: 387000/1000000 (39%) | ep_rew_mean=34.07 | ep_len_mean=38 | episodes=100 | fps=26
----------------------------------------
| rollout/                |            |
|    ep_len_mean          | 37.5       |
|    ep_rew_mean          | 34.1       |
| time/                   |            |
|    fps                  | 26         |
|    iterations           | 378        |
|    time_elapsed         | 14362      |
|    total_timesteps      | 387072     |
| train/                  |            |
|    approx_kl            | 0.46121898 |
|    clip_fraction        | 0.569      |
|    clip_range           | 0.2        |
|    clip_range_vf        | 0.2        |
|    entropy_loss         | 1.19       |
|    explained_variance   | 0.676      |
|    learning_rate        | 0.000184   |
|    loss                 | 0.0831     |
|    n_updates            | 2928       |
|    policy_gradient_loss | -0.0509    |
|    std                  | 0.133      |
|    value_loss           | 0.168      |
----------------------------------------
Early stopping at step 2 due to reaching max kl: 0.79
PPO progress: 388000/1000000 (39%) | ep_rew_mean=31.25 | ep_len_mean=36 | episodes=100 | fps=26
----------------------------------------
| rollout/                |            |
|    ep_len_mean          | 36.8       |
|    ep_rew_mean          | 33.5       |
| time/                   |            |
|    fps                  | 26         |
|    iterations           | 379        |
|    time_elapsed         | 14396      |
|    total_timesteps      | 388096     |
| train/                  |            |
|    approx_kl            | 0.24844804 |
|    clip_fraction        | 0.453      |
|    clip_range           | 0.2        |
|    clip_range_vf        | 0.2        |
|    entropy_loss         | 1.2        |
|    explained_variance   | 0.692      |
|    learning_rate        | 0.000184   |
|    loss                 | 0.00415    |
|    n_updates            | 2931       |
|    policy_gradient_loss | -0.0182    |
|    std                  | 0.133      |
|    value_loss           | 0.155      |
----------------------------------------
2026-07-04T01:46:33Z [14,428,013ms] [Error] [omni.kit.app._impl] [py stderr]: /media/samuel/Fast_SSD/SE4AI/thesis_repo/src/cobraflex_rl/cobraflex_rl/cv_lane_estimator.py:253: RankWarning: Polyfit may be poorly conditioned
  c2, c1, c0 = np.polyfit(xs, ys, 2)
2026-07-04T01:46:33Z [14,428,089ms] [Error] [omni.kit.app._impl] [py stderr]: /media/samuel/Fast_SSD/SE4AI/thesis_repo/src/cobraflex_rl/cobraflex_rl/cv_lane_estimator.py:253: RankWarning: Polyfit may be poorly conditioned
  c2, c1, c0 = np.polyfit(xs, ys, 2)
Early stopping at step 3 due to reaching max kl: 1.18
PPO progress: 389000/1000000 (39%) | ep_rew_mean=30.95 | ep_len_mean=37 | episodes=100 | fps=26
----------------------------------------
| rollout/                |            |
|    ep_len_mean          | 36.6       |
|    ep_rew_mean          | 31         |
| time/                   |            |
|    fps                  | 26         |
|    iterations           | 380        |
|    time_elapsed         | 14428      |
|    total_timesteps      | 389120     |
| train/                  |            |
|    approx_kl            | 0.30265343 |
|    clip_fraction        | 0.468      |
|    clip_range           | 0.2        |
|    clip_range_vf        | 0.2        |
|    entropy_loss         | 1.2        |
|    explained_variance   | 0.635      |
|    learning_rate        | 0.000184   |
|    loss                 | 0.0566     |
|    n_updates            | 2935       |
|    policy_gradient_loss | -0.0217    |
|    std                  | 0.133      |
|    value_loss           | 0.215      |
----------------------------------------
2026-07-04T01:47:05Z [14,459,760ms] [Error] [omni.kit.app._impl] [py stderr]: /media/samuel/Fast_SSD/SE4AI/thesis_repo/src/cobraflex_rl/cobraflex_rl/cv_lane_estimator.py:253: RankWarning: Polyfit may be poorly conditioned
  c2, c1, c0 = np.polyfit(xs, ys, 2)
PPO progress: 390000/1000000 (39%) | ep_rew_mean=28.22 | ep_len_mean=35 | episodes=100 | fps=26
----------------------------------------
| rollout/                |            |
|    ep_len_mean          | 35.7       |
|    ep_rew_mean          | 28.7       |
| time/                   |            |
|    fps                  | 26         |
|    iterations           | 381        |
|    time_elapsed         | 14460      |
|    total_timesteps      | 390144     |
| train/                  |            |
|    approx_kl            | 0.24872082 |
|    clip_fraction        | 0.551      |
|    clip_range           | 0.2        |
|    clip_range_vf        | 0.2        |
|    entropy_loss         | 1.2        |
|    explained_variance   | 0.783      |
|    learning_rate        | 0.000183   |
|    loss                 | 0.0502     |
|    n_updates            | 2945       |
|    policy_gradient_loss | -0.0528    |
|    std                  | 0.132      |
|    value_loss           | 0.11       |
----------------------------------------
2026-07-04T01:47:40Z [14,494,985ms] [Error] [omni.kit.app._impl] [py stderr]: /media/samuel/Fast_SSD/SE4AI/thesis_repo/src/cobraflex_rl/cobraflex_rl/cv_lane_estimator.py:253: RankWarning: Polyfit may be poorly conditioned
  c2, c1, c0 = np.polyfit(xs, ys, 2)
2026-07-04T01:47:40Z [14,494,992ms] [Error] [omni.kit.app._impl] [py stderr]: /media/samuel/Fast_SSD/SE4AI/thesis_repo/src/cobraflex_rl/cobraflex_rl/cv_lane_estimator.py:253: RankWarning: Polyfit may be poorly conditioned
  c2, c1, c0 = np.polyfit(xs, ys, 2)
Early stopping at step 6 due to reaching max kl: 0.82
PPO progress: 391000/1000000 (39%) | ep_rew_mean=32.32 | ep_len_mean=38 | episodes=100 | fps=26
---------------------------------------
| rollout/                |           |
|    ep_len_mean          | 35.9      |
|    ep_rew_mean          | 30        |
| time/                   |           |
|    fps                  | 26        |
|    iterations           | 382       |
|    time_elapsed         | 14493     |
|    total_timesteps      | 391168    |
| train/                  |           |
|    approx_kl            | 0.6759136 |
|    clip_fraction        | 0.477     |
|    clip_range           | 0.2       |
|    clip_range_vf        | 0.2       |
|    entropy_loss         | 1.22      |
|    explained_variance   | 0.535     |
|    learning_rate        | 0.000183  |
|    loss                 | 0.012     |
|    n_updates            | 2952      |
|    policy_gradient_loss | -0.0478   |
|    std                  | 0.131     |
|    value_loss           | 0.205     |
---------------------------------------
Early stopping at step 3 due to reaching max kl: 0.88
PPO progress: 392000/1000000 (39%) | ep_rew_mean=33.32 | ep_len_mean=39 | episodes=100 | fps=27
2026-07-04T01:48:21Z [14,536,251ms] [Error] [omni.kit.app._impl] [py stderr]: /media/samuel/Fast_SSD/SE4AI/thesis_repo/src/cobraflex_rl/cobraflex_rl/cv_lane_estimator.py:253: RankWarning: Polyfit may be poorly conditioned
  c2, c1, c0 = np.polyfit(xs, ys, 2)
----------------------------------------
| rollout/                |            |
|    ep_len_mean          | 39.4       |
|    ep_rew_mean          | 33.5       |
| time/                   |            |
|    fps                  | 27         |
|    iterations           | 383        |
|    time_elapsed         | 14522      |
|    total_timesteps      | 392192     |
| train/                  |            |
|    approx_kl            | 0.39428672 |
|    clip_fraction        | 0.438      |
|    clip_range           | 0.2        |
|    clip_range_vf        | 0.2        |
|    entropy_loss         | 1.23       |
|    explained_variance   | 0.805      |
|    learning_rate        | 0.000183   |
|    loss                 | -0.0395    |
|    n_updates            | 2956       |
|    policy_gradient_loss | -0.0274    |
|    std                  | 0.131      |
|    value_loss           | 0.0933     |
----------------------------------------
2026-07-04T01:48:35Z [14,550,461ms] [Error] [omni.kit.app._impl] [py stderr]: /media/samuel/Fast_SSD/SE4AI/thesis_repo/src/cobraflex_rl/cobraflex_rl/cv_lane_estimator.py:253: RankWarning: Polyfit may be poorly conditioned
  c2, c1, c0 = np.polyfit(xs, ys, 2)
2026-07-04T01:48:35Z [14,550,474ms] [Error] [omni.kit.app._impl] [py stderr]: /media/samuel/Fast_SSD/SE4AI/thesis_repo/src/cobraflex_rl/cobraflex_rl/cv_lane_estimator.py:253: RankWarning: Polyfit may be poorly conditioned
  c2, c1, c0 = np.polyfit(xs, ys, 2)
Early stopping at step 6 due to reaching max kl: 0.80
PPO progress: 393000/1000000 (39%) | ep_rew_mean=36.44 | ep_len_mean=41 | episodes=100 | fps=27
---------------------------------------
| rollout/                |           |
|    ep_len_mean          | 39.9      |
|    ep_rew_mean          | 35.9      |
| time/                   |           |
|    fps                  | 27        |
|    iterations           | 384       |
|    time_elapsed         | 14556     |
|    total_timesteps      | 393216    |
| train/                  |           |
|    approx_kl            | 0.3162063 |
|    clip_fraction        | 0.507     |
|    clip_range           | 0.2       |
|    clip_range_vf        | 0.2       |
|    entropy_loss         | 1.22      |
|    explained_variance   | 0.451     |
|    learning_rate        | 0.000182  |
|    loss                 | 0.0172    |
|    n_updates            | 2963      |
|    policy_gradient_loss | -0.0528   |
|    std                  | 0.131     |
|    value_loss           | 0.218     |
---------------------------------------
2026-07-04T01:49:06Z [14,581,006ms] [Error] [omni.kit.app._impl] [py stderr]: /media/samuel/Fast_SSD/SE4AI/thesis_repo/src/cobraflex_rl/cobraflex_rl/cv_lane_estimator.py:253: RankWarning: Polyfit may be poorly conditioned
  c2, c1, c0 = np.polyfit(xs, ys, 2)
PPO progress: 394000/1000000 (39%) | ep_rew_mean=36.09 | ep_len_mean=40 | episodes=100 | fps=27
----------------------------------------
| rollout/                |            |
|    ep_len_mean          | 41.3       |
|    ep_rew_mean          | 38.3       |
| time/                   |            |
|    fps                  | 27         |
|    iterations           | 385        |
|    time_elapsed         | 14594      |
|    total_timesteps      | 394240     |
| train/                  |            |
|    approx_kl            | 0.41669282 |
|    clip_fraction        | 0.558      |
|    clip_range           | 0.2        |
|    clip_range_vf        | 0.2        |
|    entropy_loss         | 1.23       |
|    explained_variance   | 0.802      |
|    learning_rate        | 0.000182   |
|    loss                 | -0.037     |
|    n_updates            | 2973       |
|    policy_gradient_loss | -0.0585    |
|    std                  | 0.129      |
|    value_loss           | 0.081      |
----------------------------------------
Early stopping at step 4 due to reaching max kl: 1.21
PPO progress: 395000/1000000 (40%) | ep_rew_mean=38.29 | ep_len_mean=42 | episodes=100 | fps=27
----------------------------------------
| rollout/                |            |
|    ep_len_mean          | 44.2       |
|    ep_rew_mean          | 40.6       |
| time/                   |            |
|    fps                  | 27         |
|    iterations           | 386        |
|    time_elapsed         | 14628      |
|    total_timesteps      | 395264     |
| train/                  |            |
|    approx_kl            | 0.40918052 |
|    clip_fraction        | 0.49       |
|    clip_range           | 0.2        |
|    clip_range_vf        | 0.2        |
|    entropy_loss         | 1.26       |
|    explained_variance   | 0.693      |
|    learning_rate        | 0.000182   |
|    loss                 | -0.03      |
|    n_updates            | 2978       |
|    policy_gradient_loss | -0.0464    |
|    std                  | 0.129      |
|    value_loss           | 0.162      |
----------------------------------------
Early stopping at step 4 due to reaching max kl: 0.77
PPO progress: 396000/1000000 (40%) | ep_rew_mean=38.08 | ep_len_mean=43 | episodes=100 | fps=27
----------------------------------------
| rollout/                |            |
|    ep_len_mean          | 41.5       |
|    ep_rew_mean          | 36.9       |
| time/                   |            |
|    fps                  | 27         |
|    iterations           | 387        |
|    time_elapsed         | 14660      |
|    total_timesteps      | 396288     |
| train/                  |            |
|    approx_kl            | 0.43834394 |
|    clip_fraction        | 0.527      |
|    clip_range           | 0.2        |
|    clip_range_vf        | 0.2        |
|    entropy_loss         | 1.26       |
|    explained_variance   | 0.761      |
|    learning_rate        | 0.000181   |
|    loss                 | -0.0153    |
|    n_updates            | 2983       |
|    policy_gradient_loss | -0.0291    |
|    std                  | 0.129      |
|    value_loss           | 0.147      |
----------------------------------------
Early stopping at step 2 due to reaching max kl: 0.93
PPO progress: 397000/1000000 (40%) | ep_rew_mean=37.87 | ep_len_mean=43 | episodes=100 | fps=27
---------------------------------------
| rollout/                |           |
|    ep_len_mean          | 46.3      |
|    ep_rew_mean          | 40.4      |
| time/                   |           |
|    fps                  | 27        |
|    iterations           | 388       |
|    time_elapsed         | 14699     |
|    total_timesteps      | 397312    |
| train/                  |           |
|    approx_kl            | 0.5331062 |
|    clip_fraction        | 0.375     |
|    clip_range           | 0.2       |
|    clip_range_vf        | 0.2       |
|    entropy_loss         | 1.27      |
|    explained_variance   | 0.621     |
|    learning_rate        | 0.000181  |
|    loss                 | 0.057     |
|    n_updates            | 2986      |
|    policy_gradient_loss | -0.00383  |
|    std                  | 0.129     |
|    value_loss           | 0.21      |
---------------------------------------
Early stopping at step 9 due to reaching max kl: 0.87
PPO progress: 398000/1000000 (40%) | ep_rew_mean=37.17 | ep_len_mean=43 | episodes=100 | fps=27
---------------------------------------
| rollout/                |           |
|    ep_len_mean          | 43        |
|    ep_rew_mean          | 37.3      |
| time/                   |           |
|    fps                  | 27        |
|    iterations           | 389       |
|    time_elapsed         | 14737     |
|    total_timesteps      | 398336    |
| train/                  |           |
|    approx_kl            | 0.3685393 |
|    clip_fraction        | 0.571     |
|    clip_range           | 0.2       |
|    clip_range_vf        | 0.2       |
|    entropy_loss         | 1.27      |
|    explained_variance   | 0.891     |
|    learning_rate        | 0.000181  |
|    loss                 | -0.0566   |
|    n_updates            | 2996      |
|    policy_gradient_loss | -0.0685   |
|    std                  | 0.128     |
|    value_loss           | 0.0434    |
---------------------------------------
Early stopping at step 4 due to reaching max kl: 0.93
PPO progress: 399000/1000000 (40%) | ep_rew_mean=37.85 | ep_len_mean=43 | episodes=100 | fps=27
----------------------------------------
| rollout/                |            |
|    ep_len_mean          | 40.4       |
|    ep_rew_mean          | 31.6       |
| time/                   |            |
|    fps                  | 27         |
|    iterations           | 390        |
|    time_elapsed         | 14773      |
|    total_timesteps      | 399360     |
| train/                  |            |
|    approx_kl            | 0.30689994 |
|    clip_fraction        | 0.47       |
|    clip_range           | 0.2        |
|    clip_range_vf        | 0.2        |
|    entropy_loss         | 1.28       |
|    explained_variance   | 0.755      |
|    learning_rate        | 0.00018    |
|    loss                 | 0.00583    |
|    n_updates            | 3001       |
|    policy_gradient_loss | -0.0415    |
|    std                  | 0.127      |
|    value_loss           | 0.128      |
----------------------------------------
Early stopping at step 1 due to reaching max kl: 2.27
PPO progress: 400000/1000000 (40%) | ep_rew_mean=30.96 | ep_len_mean=39 | episodes=100 | fps=27
----------------------------------------
| rollout/                |            |
|    ep_len_mean          | 38.4       |
|    ep_rew_mean          | 30.6       |
| time/                   |            |
|    fps                  | 27         |
|    iterations           | 391        |
|    time_elapsed         | 14802      |
|    total_timesteps      | 400384     |
| train/                  |            |
|    approx_kl            | 0.29313162 |
|    clip_fraction        | 0.361      |
|    clip_range           | 0.2        |
|    clip_range_vf        | 0.2        |
|    entropy_loss         | 1.29       |
|    explained_variance   | 0.924      |
|    learning_rate        | 0.00018    |
|    loss                 | 0.116      |
|    n_updates            | 3003       |
|    policy_gradient_loss | 0.0161     |
|    std                  | 0.127      |
|    value_loss           | 0.0849     |
----------------------------------------
PPO progress: 401000/1000000 (40%) | ep_rew_mean=30.21 | ep_len_mean=37 | episodes=100 | fps=27
2026-07-04T01:53:29Z [14,844,340ms] [Error] [omni.kit.app._impl] [py stderr]: /media/samuel/Fast_SSD/SE4AI/thesis_repo/src/cobraflex_rl/cobraflex_rl/cv_lane_estimator.py:253: RankWarning: Polyfit may be poorly conditioned
  c2, c1, c0 = np.polyfit(xs, ys, 2)
----------------------------------------
| rollout/                |            |
|    ep_len_mean          | 39.8       |
|    ep_rew_mean          | 34.4       |
| time/                   |            |
|    fps                  | 27         |
|    iterations           | 392        |
|    time_elapsed         | 14845      |
|    total_timesteps      | 401408     |
| train/                  |            |
|    approx_kl            | 0.37238798 |
|    clip_fraction        | 0.578      |
|    clip_range           | 0.2        |
|    clip_range_vf        | 0.2        |
|    entropy_loss         | 1.3        |
|    explained_variance   | 0.882      |
|    learning_rate        | 0.00018    |
|    loss                 | -0.085     |
|    n_updates            | 3013       |
|    policy_gradient_loss | -0.0624    |
|    std                  | 0.125      |
|    value_loss           | 0.0528     |
----------------------------------------
PPO progress: 402000/1000000 (40%) | ep_rew_mean=35.46 | ep_len_mean=41 | episodes=100 | fps=27
--------------------------------------
| rollout/                |          |
|    ep_len_mean          | 38.8     |
|    ep_rew_mean          | 33.2     |
| time/                   |          |
|    fps                  | 27       |
|    iterations           | 393      |
|    time_elapsed         | 14879    |
|    total_timesteps      | 402432   |
| train/                  |          |
|    approx_kl            | 0.358902 |
|    clip_fraction        | 0.573    |
|    clip_range           | 0.2      |
|    clip_range_vf        | 0.2      |
|    entropy_loss         | 1.32     |
|    explained_variance   | 0.76     |
|    learning_rate        | 0.00018  |
|    loss                 | -0.0733  |
|    n_updates            | 3023     |
|    policy_gradient_loss | -0.0692  |
|    std                  | 0.125    |
|    value_loss           | 0.0915   |
--------------------------------------
Early stopping at step 5 due to reaching max kl: 0.78
[isaac_interface] WARN: Spawn pose did not settle after teleport; first-step ey may be unreliable.
PPO progress: 403000/1000000 (40%) | ep_rew_mean=26.74 | ep_len_mean=28 | episodes=100 | fps=27
---------------------------------------
| rollout/                |           |
|    ep_len_mean          | 27.2      |
|    ep_rew_mean          | 26.1      |
| time/                   |           |
|    fps                  | 27        |
|    iterations           | 394       |
|    time_elapsed         | 14931     |
|    total_timesteps      | 403456    |
| train/                  |           |
|    approx_kl            | 0.7785553 |
|    clip_fraction        | 0.477     |
|    clip_range           | 0.2       |
|    clip_range_vf        | 0.2       |
|    entropy_loss         | 1.33      |
|    explained_variance   | 0.868     |
|    learning_rate        | 0.000179  |
|    loss                 | -0.0089   |
|    n_updates            | 3029      |
|    policy_gradient_loss | -0.0293   |
|    std                  | 0.124     |
|    value_loss           | 0.0887    |
---------------------------------------
2026-07-04T01:55:14Z [14,949,616ms] [Error] [omni.kit.app._impl] [py stderr]: /media/samuel/Fast_SSD/SE4AI/thesis_repo/src/cobraflex_rl/cobraflex_rl/cv_lane_estimator.py:253: RankWarning: Polyfit may be poorly conditioned
  c2, c1, c0 = np.polyfit(xs, ys, 2)
2026-07-04T01:55:14Z [14,949,640ms] [Error] [omni.kit.app._impl] [py stderr]: /media/samuel/Fast_SSD/SE4AI/thesis_repo/src/cobraflex_rl/cobraflex_rl/cv_lane_estimator.py:253: RankWarning: Polyfit may be poorly conditioned
  c2, c1, c0 = np.polyfit(xs, ys, 2)
2026-07-04T01:55:15Z [14,949,957ms] [Error] [omni.kit.app._impl] [py stderr]: /media/samuel/Fast_SSD/SE4AI/thesis_repo/src/cobraflex_rl/cobraflex_rl/cv_lane_estimator.py:253: RankWarning: Polyfit may be poorly conditioned
  c2, c1, c0 = np.polyfit(xs, ys, 2)
2026-07-04T01:55:15Z [14,949,957ms] [Error] [omni.kit.app._impl] [py stderr]: /media/samuel/Fast_SSD/SE4AI/thesis_repo/src/cobraflex_rl/cobraflex_rl/cv_lane_estimator.py:253: RankWarning: Polyfit may be poorly conditioned
  c2, c1, c0 = np.polyfit(xs, ys, 2)
2026-07-04T01:55:15Z [14,949,957ms] [Error] [omni.kit.app._impl] [py stderr]: /media/samuel/Fast_SSD/SE4AI/thesis_repo/src/cobraflex_rl/cobraflex_rl/cv_lane_estimator.py:253: RankWarning: Polyfit may be poorly conditioned
  c2, c1, c0 = np.polyfit(xs, ys, 2)
2026-07-04T01:55:15Z [14,949,964ms] [Error] [omni.kit.app._impl] [py stderr]: /media/samuel/Fast_SSD/SE4AI/thesis_repo/src/cobraflex_rl/cobraflex_rl/cv_lane_estimator.py:253: RankWarning: Polyfit may be poorly conditioned
  c2, c1, c0 = np.polyfit(xs, ys, 2)
2026-07-04T01:55:15Z [14,949,964ms] [Error] [omni.kit.app._impl] [py stderr]: /media/samuel/Fast_SSD/SE4AI/thesis_repo/src/cobraflex_rl/cobraflex_rl/cv_lane_estimator.py:253: RankWarning: Polyfit may be poorly conditioned
  c2, c1, c0 = np.polyfit(xs, ys, 2)
2026-07-04T01:55:15Z [14,949,964ms] [Error] [omni.kit.app._impl] [py stderr]: /media/samuel/Fast_SSD/SE4AI/thesis_repo/src/cobraflex_rl/cobraflex_rl/cv_lane_estimator.py:253: RankWarning: Polyfit may be poorly conditioned
  c2, c1, c0 = np.polyfit(xs, ys, 2)
Early stopping at step 1 due to reaching max kl: 0.81
PPO progress: 404000/1000000 (40%) | ep_rew_mean=22.55 | ep_len_mean=26 | episodes=100 | fps=27
---------------------------------------
| rollout/                |           |
|    ep_len_mean          | 24.1      |
|    ep_rew_mean          | 20.7      |
| time/                   |           |
|    fps                  | 27        |
|    iterations           | 395       |
|    time_elapsed         | 14972     |
|    total_timesteps      | 404480    |
| train/                  |           |
|    approx_kl            | 0.3606565 |
|    clip_fraction        | 0.382     |
|    clip_range           | 0.2       |
|    clip_range_vf        | 0.2       |
|    entropy_loss         | 1.34      |
|    explained_variance   | 0.667     |
|    learning_rate        | 0.000179  |
|    loss                 | 0.285     |
|    n_updates            | 3031      |
|    policy_gradient_loss | 0.0381    |
|    std                  | 0.124     |
|    value_loss           | 0.187     |
---------------------------------------
2026-07-04T01:55:54Z [14,988,807ms] [Error] [omni.kit.app._impl] [py stderr]: /media/samuel/Fast_SSD/SE4AI/thesis_repo/src/cobraflex_rl/cobraflex_rl/cv_lane_estimator.py:253: RankWarning: Polyfit may be poorly conditioned
  c2, c1, c0 = np.polyfit(xs, ys, 2)
2026-07-04T01:55:54Z [14,988,833ms] [Error] [omni.kit.app._impl] [py stderr]: /media/samuel/Fast_SSD/SE4AI/thesis_repo/src/cobraflex_rl/cobraflex_rl/cv_lane_estimator.py:253: RankWarning: Polyfit may be poorly conditioned
  c2, c1, c0 = np.polyfit(xs, ys, 2)
Early stopping at step 4 due to reaching max kl: 1.11
PPO progress: 405000/1000000 (40%) | ep_rew_mean=25.60 | ep_len_mean=29 | episodes=100 | fps=27
----------------------------------------
| rollout/                |            |
|    ep_len_mean          | 27.2       |
|    ep_rew_mean          | 23         |
| time/                   |            |
|    fps                  | 27         |
|    iterations           | 396        |
|    time_elapsed         | 15018      |
|    total_timesteps      | 405504     |
| train/                  |            |
|    approx_kl            | 0.38591453 |
|    clip_fraction        | 0.448      |
|    clip_range           | 0.2        |
|    clip_range_vf        | 0.2        |
|    entropy_loss         | 1.33       |
|    explained_variance   | 0.554      |
|    learning_rate        | 0.000179   |
|    loss                 | 0.0271     |
|    n_updates            | 3036       |
|    policy_gradient_loss | -0.026     |
|    std                  | 0.124      |
|    value_loss           | 0.226      |
----------------------------------------
Early stopping at step 3 due to reaching max kl: 0.84
PPO progress: 406000/1000000 (41%) | ep_rew_mean=27.54 | ep_len_mean=32 | episodes=100 | fps=27
---------------------------------------
| rollout/                |           |
|    ep_len_mean          | 32.8      |
|    ep_rew_mean          | 28.2      |
| time/                   |           |
|    fps                  | 26        |
|    iterations           | 397       |
|    time_elapsed         | 15059     |
|    total_timesteps      | 406528    |
| train/                  |           |
|    approx_kl            | 0.3698906 |
|    clip_fraction        | 0.417     |
|    clip_range           | 0.2       |
|    clip_range_vf        | 0.2       |
|    entropy_loss         | 1.33      |
|    explained_variance   | 0.739     |
|    learning_rate        | 0.000178  |
|    loss                 | 0.0659    |
|    n_updates            | 3040      |
|    policy_gradient_loss | -0.0163   |
|    std                  | 0.124     |
|    value_loss           | 0.195     |
---------------------------------------
Early stopping at step 4 due to reaching max kl: 0.82
PPO progress: 407000/1000000 (41%) | ep_rew_mean=23.10 | ep_len_mean=27 | episodes=100 | fps=26
----------------------------------------
| rollout/                |            |
|    ep_len_mean          | 24.9       |
|    ep_rew_mean          | 21.2       |
| time/                   |            |
|    fps                  | 26         |
|    iterations           | 398        |
|    time_elapsed         | 15108      |
|    total_timesteps      | 407552     |
| train/                  |            |
|    approx_kl            | 0.24481708 |
|    clip_fraction        | 0.482      |
|    clip_range           | 0.2        |
|    clip_range_vf        | 0.2        |
|    entropy_loss         | 1.34       |
|    explained_variance   | 0.859      |
|    learning_rate        | 0.000178   |
|    loss                 | -0.0517    |
|    n_updates            | 3045       |
|    policy_gradient_loss | -0.0305    |
|    std                  | 0.124      |
|    value_loss           | 0.07       |
----------------------------------------
Early stopping at step 4 due to reaching max kl: 0.84
PPO progress: 408000/1000000 (41%) | ep_rew_mean=21.96 | ep_len_mean=26 | episodes=100 | fps=26
---------------------------------------
| rollout/                |           |
|    ep_len_mean          | 23.5      |
|    ep_rew_mean          | 19.9      |
| time/                   |           |
|    fps                  | 26        |
|    iterations           | 399       |
|    time_elapsed         | 15138     |
|    total_timesteps      | 408576    |
| train/                  |           |
|    approx_kl            | 0.8407645 |
|    clip_fraction        | 0.445     |
|    clip_range           | 0.2       |
|    clip_range_vf        | 0.2       |
|    entropy_loss         | 1.34      |
|    explained_variance   | 0.678     |
|    learning_rate        | 0.000178  |
|    loss                 | 0.0606    |
|    n_updates            | 3050      |
|    policy_gradient_loss | -0.0281   |
|    std                  | 0.124     |
|    value_loss           | 0.159     |
---------------------------------------
PPO progress: 409000/1000000 (41%) | ep_rew_mean=23.09 | ep_len_mean=26 | episodes=100 | fps=26
----------------------------------------
| rollout/                |            |
|    ep_len_mean          | 28.5       |
|    ep_rew_mean          | 26.5       |
| time/                   |            |
|    fps                  | 26         |
|    iterations           | 400        |
|    time_elapsed         | 15176      |
|    total_timesteps      | 409600     |
| train/                  |            |
|    approx_kl            | 0.26910844 |
|    clip_fraction        | 0.494      |
|    clip_range           | 0.2        |
|    clip_range_vf        | 0.2        |
|    entropy_loss         | 1.35       |
|    explained_variance   | 0.839      |
|    learning_rate        | 0.000177   |
|    loss                 | -0.0776    |
|    n_updates            | 3060       |
|    policy_gradient_loss | -0.0573    |
|    std                  | 0.122      |
|    value_loss           | 0.0952     |
----------------------------------------
Early stopping at step 7 due to reaching max kl: 0.79
PPO progress: 410000/1000000 (41%) | ep_rew_mean=30.06 | ep_len_mean=32 | episodes=100 | fps=26
----------------------------------------
| rollout/                |            |
|    ep_len_mean          | 31.2       |
|    ep_rew_mean          | 24.6       |
| time/                   |            |
|    fps                  | 26         |
|    iterations           | 401        |
|    time_elapsed         | 15226      |
|    total_timesteps      | 410624     |
| train/                  |            |
|    approx_kl            | 0.53590256 |
|    clip_fraction        | 0.491      |
|    clip_range           | 0.2        |
|    clip_range_vf        | 0.2        |
|    entropy_loss         | 1.37       |
|    explained_variance   | 0.795      |
|    learning_rate        | 0.000177   |
|    loss                 | -0.0584    |
|    n_updates            | 3068       |
|    policy_gradient_loss | -0.057     |
|    std                  | 0.121      |
|    value_loss           | 0.093      |
----------------------------------------
2026-07-04T02:00:10Z [15,245,641ms] [Error] [omni.kit.app._impl] [py stderr]: /media/samuel/Fast_SSD/SE4AI/thesis_repo/src/cobraflex_rl/cobraflex_rl/cv_lane_estimator.py:253: RankWarning: Polyfit may be poorly conditioned
  c2, c1, c0 = np.polyfit(xs, ys, 2)
2026-07-04T02:00:10Z [15,245,665ms] [Error] [omni.kit.app._impl] [py stderr]: /media/samuel/Fast_SSD/SE4AI/thesis_repo/src/cobraflex_rl/cobraflex_rl/cv_lane_estimator.py:253: RankWarning: Polyfit may be poorly conditioned
  c2, c1, c0 = np.polyfit(xs, ys, 2)
2026-07-04T02:00:10Z [15,245,665ms] [Error] [omni.kit.app._impl] [py stderr]: /media/samuel/Fast_SSD/SE4AI/thesis_repo/src/cobraflex_rl/cobraflex_rl/cv_lane_estimator.py:253: RankWarning: Polyfit may be poorly conditioned
  c2, c1, c0 = np.polyfit(xs, ys, 2)
2026-07-04T02:00:10Z [15,245,665ms] [Error] [omni.kit.app._impl] [py stderr]: /media/samuel/Fast_SSD/SE4AI/thesis_repo/src/cobraflex_rl/cobraflex_rl/cv_lane_estimator.py:253: RankWarning: Polyfit may be poorly conditioned
  c2, c1, c0 = np.polyfit(xs, ys, 2)
2026-07-04T02:00:11Z [15,245,739ms] [Error] [omni.kit.app._impl] [py stderr]: /media/samuel/Fast_SSD/SE4AI/thesis_repo/src/cobraflex_rl/cobraflex_rl/cv_lane_estimator.py:253: RankWarning: Polyfit may be poorly conditioned
  c2, c1, c0 = np.polyfit(xs, ys, 2)
2026-07-04T02:00:11Z [15,245,739ms] [Error] [omni.kit.app._impl] [py stderr]: /media/samuel/Fast_SSD/SE4AI/thesis_repo/src/cobraflex_rl/cobraflex_rl/cv_lane_estimator.py:253: RankWarning: Polyfit may be poorly conditioned
  c2, c1, c0 = np.polyfit(xs, ys, 2)
Early stopping at step 3 due to reaching max kl: 0.77
PPO progress: 411000/1000000 (41%) | ep_rew_mean=19.92 | ep_len_mean=26 | episodes=100 | fps=26
2026-07-04T02:00:38Z [15,273,310ms] [Error] [omni.kit.app._impl] [py stderr]: /media/samuel/Fast_SSD/SE4AI/thesis_repo/src/cobraflex_rl/cobraflex_rl/cv_lane_estimator.py:253: RankWarning: Polyfit may be poorly conditioned
  c2, c1, c0 = np.polyfit(xs, ys, 2)
2026-07-04T02:00:38Z [15,273,310ms] [Error] [omni.kit.app._impl] [py stderr]: /media/samuel/Fast_SSD/SE4AI/thesis_repo/src/cobraflex_rl/cobraflex_rl/cv_lane_estimator.py:253: RankWarning: Polyfit may be poorly conditioned
  c2, c1, c0 = np.polyfit(xs, ys, 2)
2026-07-04T02:00:38Z [15,273,311ms] [Error] [omni.kit.app._impl] [py stderr]: /media/samuel/Fast_SSD/SE4AI/thesis_repo/src/cobraflex_rl/cobraflex_rl/cv_lane_estimator.py:253: RankWarning: Polyfit may be poorly conditioned
  c2, c1, c0 = np.polyfit(xs, ys, 2)
2026-07-04T02:00:38Z [15,273,482ms] [Error] [omni.kit.app._impl] [py stderr]: /media/samuel/Fast_SSD/SE4AI/thesis_repo/src/cobraflex_rl/cobraflex_rl/cv_lane_estimator.py:253: RankWarning: Polyfit may be poorly conditioned
  c2, c1, c0 = np.polyfit(xs, ys, 2)
2026-07-04T02:00:39Z [15,273,881ms] [Error] [omni.kit.app._impl] [py stderr]: /media/samuel/Fast_SSD/SE4AI/thesis_repo/src/cobraflex_rl/cobraflex_rl/cv_lane_estimator.py:253: RankWarning: Polyfit may be poorly conditioned
  c2, c1, c0 = np.polyfit(xs, ys, 2)
2026-07-04T02:00:39Z [15,273,881ms] [Error] [omni.kit.app._impl] [py stderr]: /media/samuel/Fast_SSD/SE4AI/thesis_repo/src/cobraflex_rl/cobraflex_rl/cv_lane_estimator.py:253: RankWarning: Polyfit may be poorly conditioned
  c2, c1, c0 = np.polyfit(xs, ys, 2)
2026-07-04T02:00:39Z [15,273,881ms] [Error] [omni.kit.app._impl] [py stderr]: /media/samuel/Fast_SSD/SE4AI/thesis_repo/src/cobraflex_rl/cobraflex_rl/cv_lane_estimator.py:253: RankWarning: Polyfit may be poorly conditioned
  c2, c1, c0 = np.polyfit(xs, ys, 2)
2026-07-04T02:00:39Z [15,273,881ms] [Error] [omni.kit.app._impl] [py stderr]: /media/samuel/Fast_SSD/SE4AI/thesis_repo/src/cobraflex_rl/cobraflex_rl/cv_lane_estimator.py:253: RankWarning: Polyfit may be poorly conditioned
  c2, c1, c0 = np.polyfit(xs, ys, 2)
2026-07-04T02:00:39Z [15,273,977ms] [Error] [omni.kit.app._impl] [py stderr]: /media/samuel/Fast_SSD/SE4AI/thesis_repo/src/cobraflex_rl/cobraflex_rl/cv_lane_estimator.py:253: RankWarning: Polyfit may be poorly conditioned
  c2, c1, c0 = np.polyfit(xs, ys, 2)
2026-07-04T02:00:39Z [15,273,977ms] [Error] [omni.kit.app._impl] [py stderr]: /media/samuel/Fast_SSD/SE4AI/thesis_repo/src/cobraflex_rl/cobraflex_rl/cv_lane_estimator.py:253: RankWarning: Polyfit may be poorly conditioned
  c2, c1, c0 = np.polyfit(xs, ys, 2)
2026-07-04T02:00:39Z [15,274,004ms] [Error] [omni.kit.app._impl] [py stderr]: /media/samuel/Fast_SSD/SE4AI/thesis_repo/src/cobraflex_rl/cobraflex_rl/cv_lane_estimator.py:253: RankWarning: Polyfit may be poorly conditioned
  c2, c1, c0 = np.polyfit(xs, ys, 2)
2026-07-04T02:00:39Z [15,274,004ms] [Error] [omni.kit.app._impl] [py stderr]: /media/samuel/Fast_SSD/SE4AI/thesis_repo/src/cobraflex_rl/cobraflex_rl/cv_lane_estimator.py:253: RankWarning: Polyfit may be poorly conditioned
  c2, c1, c0 = np.polyfit(xs, ys, 2)
2026-07-04T02:00:39Z [15,274,004ms] [Error] [omni.kit.app._impl] [py stderr]: /media/samuel/Fast_SSD/SE4AI/thesis_repo/src/cobraflex_rl/cobraflex_rl/cv_lane_estimator.py:253: RankWarning: Polyfit may be poorly conditioned
  c2, c1, c0 = np.polyfit(xs, ys, 2)
----------------------------------------
| rollout/                |            |
|    ep_len_mean          | 27.7       |
|    ep_rew_mean          | 20.6       |
| time/                   |            |
|    fps                  | 26         |
|    iterations           | 402        |
|    time_elapsed         | 15267      |
|    total_timesteps      | 411648     |
| train/                  |            |
|    approx_kl            | 0.46103096 |
|    clip_fraction        | 0.488      |
|    clip_range           | 0.2        |
|    clip_range_vf        | 0.2        |
|    entropy_loss         | 1.39       |
|    explained_variance   | 0.871      |
|    learning_rate        | 0.000177   |
|    loss                 | 0.0726     |
|    n_updates            | 3072       |
|    policy_gradient_loss | -0.00716   |
|    std                  | 0.121      |
|    value_loss           | 0.175      |
----------------------------------------
2026-07-04T02:00:51Z [15,286,027ms] [Error] [omni.kit.app._impl] [py stderr]: /media/samuel/Fast_SSD/SE4AI/thesis_repo/src/cobraflex_rl/cobraflex_rl/cv_lane_estimator.py:253: RankWarning: Polyfit may be poorly conditioned
  c2, c1, c0 = np.polyfit(xs, ys, 2)
2026-07-04T02:00:51Z [15,286,034ms] [Error] [omni.kit.app._impl] [py stderr]: /media/samuel/Fast_SSD/SE4AI/thesis_repo/src/cobraflex_rl/cobraflex_rl/cv_lane_estimator.py:253: RankWarning: Polyfit may be poorly conditioned
  c2, c1, c0 = np.polyfit(xs, ys, 2)
2026-07-04T02:00:51Z [15,286,084ms] [Error] [omni.kit.app._impl] [py stderr]: /media/samuel/Fast_SSD/SE4AI/thesis_repo/src/cobraflex_rl/cobraflex_rl/cv_lane_estimator.py:253: RankWarning: Polyfit may be poorly conditioned
  c2, c1, c0 = np.polyfit(xs, ys, 2)
Early stopping at step 4 due to reaching max kl: 0.78
PPO progress: 412000/1000000 (41%) | ep_rew_mean=14.89 | ep_len_mean=24 | episodes=100 | fps=26
----------------------------------------
| rollout/                |            |
|    ep_len_mean          | 26         |
|    ep_rew_mean          | 17.2       |
| time/                   |            |
|    fps                  | 26         |
|    iterations           | 403        |
|    time_elapsed         | 15303      |
|    total_timesteps      | 412672     |
| train/                  |            |
|    approx_kl            | 0.25076434 |
|    clip_fraction        | 0.477      |
|    clip_range           | 0.2        |
|    clip_range_vf        | 0.2        |
|    entropy_loss         | 1.39       |
|    explained_variance   | 0.589      |
|    learning_rate        | 0.000177   |
|    loss                 | 0.0332     |
|    n_updates            | 3077       |
|    policy_gradient_loss | -0.047     |
|    std                  | 0.121      |
|    value_loss           | 0.239      |
----------------------------------------
Early stopping at step 5 due to reaching max kl: 0.77
PPO progress: 413000/1000000 (41%) | ep_rew_mean=22.57 | ep_len_mean=26 | episodes=100 | fps=26
2026-07-04T02:01:53Z [15,348,363ms] [Error] [omni.kit.app._impl] [py stderr]: /media/samuel/Fast_SSD/SE4AI/thesis_repo/src/cobraflex_rl/cobraflex_rl/cv_lane_estimator.py:253: RankWarning: Polyfit may be poorly conditioned
  c2, c1, c0 = np.polyfit(xs, ys, 2)
----------------------------------------
| rollout/                |            |
|    ep_len_mean          | 30.6       |
|    ep_rew_mean          | 27.3       |
| time/                   |            |
|    fps                  | 26         |
|    iterations           | 404        |
|    time_elapsed         | 15339      |
|    total_timesteps      | 413696     |
| train/                  |            |
|    approx_kl            | 0.47870383 |
|    clip_fraction        | 0.483      |
|    clip_range           | 0.2        |
|    clip_range_vf        | 0.2        |
|    entropy_loss         | 1.39       |
|    explained_variance   | 0.74       |
|    learning_rate        | 0.000176   |
|    loss                 | -0.0412    |
|    n_updates            | 3083       |
|    policy_gradient_loss | -0.0386    |
|    std                  | 0.121      |
|    value_loss           | 0.146      |
----------------------------------------
Early stopping at step 2 due to reaching max kl: 0.79
PPO progress: 414000/1000000 (41%) | ep_rew_mean=32.19 | ep_len_mean=34 | episodes=100 | fps=26
---------------------------------------
| rollout/                |           |
|    ep_len_mean          | 39.7      |
|    ep_rew_mean          | 37.8      |
| time/                   |           |
|    fps                  | 26        |
|    iterations           | 405       |
|    time_elapsed         | 15370     |
|    total_timesteps      | 414720    |
| train/                  |           |
|    approx_kl            | 0.3153344 |
|    clip_fraction        | 0.404     |
|    clip_range           | 0.2       |
|    clip_range_vf        | 0.2       |
|    entropy_loss         | 1.39      |
|    explained_variance   | 0.728     |
|    learning_rate        | 0.000176  |
|    loss                 | 0.0179    |
|    n_updates            | 3086      |
|    policy_gradient_loss | 0.00199   |
|    std                  | 0.121     |
|    value_loss           | 0.132     |
---------------------------------------
Early stopping at step 5 due to reaching max kl: 0.91
PPO progress: 415000/1000000 (42%) | ep_rew_mean=35.03 | ep_len_mean=37 | episodes=100 | fps=26
2026-07-04T02:02:51Z [15,406,589ms] [Error] [omni.kit.app._impl] [py stderr]: /media/samuel/Fast_SSD/SE4AI/thesis_repo/src/cobraflex_rl/cobraflex_rl/cv_lane_estimator.py:253: RankWarning: Polyfit may be poorly conditioned
  c2, c1, c0 = np.polyfit(xs, ys, 2)
2026-07-04T02:02:51Z [15,406,589ms] [Error] [omni.kit.app._impl] [py stderr]: /media/samuel/Fast_SSD/SE4AI/thesis_repo/src/cobraflex_rl/cobraflex_rl/cv_lane_estimator.py:253: RankWarning: Polyfit may be poorly conditioned
  c2, c1, c0 = np.polyfit(xs, ys, 2)
2026-07-04T02:02:51Z [15,406,596ms] [Error] [omni.kit.app._impl] [py stderr]: /media/samuel/Fast_SSD/SE4AI/thesis_repo/src/cobraflex_rl/cobraflex_rl/cv_lane_estimator.py:253: RankWarning: Polyfit may be poorly conditioned
  c2, c1, c0 = np.polyfit(xs, ys, 2)
2026-07-04T02:02:51Z [15,406,596ms] [Error] [omni.kit.app._impl] [py stderr]: /media/samuel/Fast_SSD/SE4AI/thesis_repo/src/cobraflex_rl/cobraflex_rl/cv_lane_estimator.py:253: RankWarning: Polyfit may be poorly conditioned
  c2, c1, c0 = np.polyfit(xs, ys, 2)
2026-07-04T02:02:53Z [15,408,179ms] [Error] [omni.kit.app._impl] [py stderr]: /media/samuel/Fast_SSD/SE4AI/thesis_repo/src/cobraflex_rl/cobraflex_rl/cv_lane_estimator.py:253: RankWarning: Polyfit may be poorly conditioned
  c2, c1, c0 = np.polyfit(xs, ys, 2)
2026-07-04T02:02:53Z [15,408,186ms] [Error] [omni.kit.app._impl] [py stderr]: /media/samuel/Fast_SSD/SE4AI/thesis_repo/src/cobraflex_rl/cobraflex_rl/cv_lane_estimator.py:253: RankWarning: Polyfit may be poorly conditioned
  c2, c1, c0 = np.polyfit(xs, ys, 2)
2026-07-04T02:02:53Z [15,408,339ms] [Error] [omni.kit.app._impl] [py stderr]: /media/samuel/Fast_SSD/SE4AI/thesis_repo/src/cobraflex_rl/cobraflex_rl/cv_lane_estimator.py:253: RankWarning: Polyfit may be poorly conditioned
  c2, c1, c0 = np.polyfit(xs, ys, 2)
---------------------------------------
| rollout/                |           |
|    ep_len_mean          | 34        |
|    ep_rew_mean          | 33.2      |
| time/                   |           |
|    fps                  | 26        |
|    iterations           | 406       |
|    time_elapsed         | 15406     |
|    total_timesteps      | 415744    |
| train/                  |           |
|    approx_kl            | 0.4818406 |
|    clip_fraction        | 0.533     |
|    clip_range           | 0.2       |
|    clip_range_vf        | 0.2       |
|    entropy_loss         | 1.4       |
|    explained_variance   | 0.921     |
|    learning_rate        | 0.000176  |
|    loss                 | -0.0145   |
|    n_updates            | 3092      |
|    policy_gradient_loss | -0.0429   |
|    std                  | 0.12      |
|    value_loss           | 0.0485    |
---------------------------------------
2026-07-04T02:03:12Z [15,426,820ms] [Error] [omni.kit.app._impl] [py stderr]: /media/samuel/Fast_SSD/SE4AI/thesis_repo/src/cobraflex_rl/cobraflex_rl/cv_lane_estimator.py:253: RankWarning: Polyfit may be poorly conditioned
  c2, c1, c0 = np.polyfit(xs, ys, 2)
2026-07-04T02:03:12Z [15,427,672ms] [Error] [omni.kit.app._impl] [py stderr]: /media/samuel/Fast_SSD/SE4AI/thesis_repo/src/cobraflex_rl/cobraflex_rl/cv_lane_estimator.py:253: RankWarning: Polyfit may be poorly conditioned
  c2, c1, c0 = np.polyfit(xs, ys, 2)
2026-07-04T02:03:17Z [15,431,937ms] [Error] [omni.kit.app._impl] [py stderr]: /media/samuel/Fast_SSD/SE4AI/thesis_repo/src/cobraflex_rl/cobraflex_rl/cv_lane_estimator.py:253: RankWarning: Polyfit may be poorly conditioned
  c2, c1, c0 = np.polyfit(xs, ys, 2)
PPO progress: 416000/1000000 (42%) | ep_rew_mean=28.34 | ep_len_mean=30 | episodes=100 | fps=26
----------------------------------------
| rollout/                |            |
|    ep_len_mean          | 29.1       |
|    ep_rew_mean          | 26.9       |
| time/                   |            |
|    fps                  | 26         |
|    iterations           | 407        |
|    time_elapsed         | 15445      |
|    total_timesteps      | 416768     |
| train/                  |            |
|    approx_kl            | 0.32644132 |
|    clip_fraction        | 0.54       |
|    clip_range           | 0.2        |
|    clip_range_vf        | 0.2        |
|    entropy_loss         | 1.41       |
|    explained_variance   | 0.724      |
|    learning_rate        | 0.000175   |
|    loss                 | 0.0492     |
|    n_updates            | 3102       |
|    policy_gradient_loss | -0.0569    |
|    std                  | 0.119      |
|    value_loss           | 0.144      |
----------------------------------------
PPO progress: 417000/1000000 (42%) | ep_rew_mean=26.24 | ep_len_mean=29 | episodes=100 | fps=26
2026-07-04T02:04:17Z [15,491,767ms] [Error] [omni.kit.app._impl] [py stderr]: /media/samuel/Fast_SSD/SE4AI/thesis_repo/src/cobraflex_rl/cobraflex_rl/cv_lane_estimator.py:253: RankWarning: Polyfit may be poorly conditioned
  c2, c1, c0 = np.polyfit(xs, ys, 2)
2026-07-04T02:04:17Z [15,492,583ms] [Error] [omni.kit.app._impl] [py stderr]: /media/samuel/Fast_SSD/SE4AI/thesis_repo/src/cobraflex_rl/cobraflex_rl/cv_lane_estimator.py:253: RankWarning: Polyfit may be poorly conditioned
  c2, c1, c0 = np.polyfit(xs, ys, 2)
2026-07-04T02:04:17Z [15,492,583ms] [Error] [omni.kit.app._impl] [py stderr]: /media/samuel/Fast_SSD/SE4AI/thesis_repo/src/cobraflex_rl/cobraflex_rl/cv_lane_estimator.py:253: RankWarning: Polyfit may be poorly conditioned
  c2, c1, c0 = np.polyfit(xs, ys, 2)
2026-07-04T02:04:17Z [15,492,583ms] [Error] [omni.kit.app._impl] [py stderr]: /media/samuel/Fast_SSD/SE4AI/thesis_repo/src/cobraflex_rl/cobraflex_rl/cv_lane_estimator.py:253: RankWarning: Polyfit may be poorly conditioned
  c2, c1, c0 = np.polyfit(xs, ys, 2)
----------------------------------------
| rollout/                |            |
|    ep_len_mean          | 29.5       |
|    ep_rew_mean          | 27.4       |
| time/                   |            |
|    fps                  | 26         |
|    iterations           | 408        |
|    time_elapsed         | 15477      |
|    total_timesteps      | 417792     |
| train/                  |            |
|    approx_kl            | 0.39069536 |
|    clip_fraction        | 0.586      |
|    clip_range           | 0.2        |
|    clip_range_vf        | 0.2        |
|    entropy_loss         | 1.43       |
|    explained_variance   | 0.785      |
|    learning_rate        | 0.000175   |
|    loss                 | -0.0123    |
|    n_updates            | 3112       |
|    policy_gradient_loss | -0.0508    |
|    std                  | 0.118      |
|    value_loss           | 0.112      |
----------------------------------------
Early stopping at step 9 due to reaching max kl: 1.08
PPO progress: 418000/1000000 (42%) | ep_rew_mean=28.28 | ep_len_mean=30 | episodes=100 | fps=26
2026-07-04T02:04:31Z [15,506,525ms] [Error] [omni.kit.app._impl] [py stderr]: /media/samuel/Fast_SSD/SE4AI/thesis_repo/src/cobraflex_rl/cobraflex_rl/cv_lane_estimator.py:253: RankWarning: Polyfit may be poorly conditioned
  c2, c1, c0 = np.polyfit(xs, ys, 2)
2026-07-04T02:04:31Z [15,506,532ms] [Error] [omni.kit.app._impl] [py stderr]: /media/samuel/Fast_SSD/SE4AI/thesis_repo/src/cobraflex_rl/cobraflex_rl/cv_lane_estimator.py:253: RankWarning: Polyfit may be poorly conditioned
  c2, c1, c0 = np.polyfit(xs, ys, 2)
2026-07-04T02:05:00Z [15,535,598ms] [Error] [omni.kit.app._impl] [py stderr]: /media/samuel/Fast_SSD/SE4AI/thesis_repo/src/cobraflex_rl/cobraflex_rl/cv_lane_estimator.py:253: RankWarning: Polyfit may be poorly conditioned
  c2, c1, c0 = np.polyfit(xs, ys, 2)
---------------------------------------
| rollout/                |           |
|    ep_len_mean          | 32.4      |
|    ep_rew_mean          | 31        |
| time/                   |           |
|    fps                  | 26        |
|    iterations           | 409       |
|    time_elapsed         | 15521     |
|    total_timesteps      | 418816    |
| train/                  |           |
|    approx_kl            | 0.7435844 |
|    clip_fraction        | 0.558     |
|    clip_range           | 0.2       |
|    clip_range_vf        | 0.2       |
|    entropy_loss         | 1.44      |
|    explained_variance   | 0.847     |
|    learning_rate        | 0.000175  |
|    loss                 | -0.0607   |
|    n_updates            | 3122      |
|    policy_gradient_loss | -0.0639   |
|    std                  | 0.117     |
|    value_loss           | 0.0718    |
---------------------------------------
2026-07-04T02:05:05Z [15,539,895ms] [Error] [omni.kit.app._impl] [py stderr]: /media/samuel/Fast_SSD/SE4AI/thesis_repo/src/cobraflex_rl/cobraflex_rl/cv_lane_estimator.py:253: RankWarning: Polyfit may be poorly conditioned
  c2, c1, c0 = np.polyfit(xs, ys, 2)
2026-07-04T02:05:05Z [15,539,919ms] [Error] [omni.kit.app._impl] [py stderr]: /media/samuel/Fast_SSD/SE4AI/thesis_repo/src/cobraflex_rl/cobraflex_rl/cv_lane_estimator.py:253: RankWarning: Polyfit may be poorly conditioned
  c2, c1, c0 = np.polyfit(xs, ys, 2)
Early stopping at step 3 due to reaching max kl: 0.97
PPO progress: 419000/1000000 (42%) | ep_rew_mean=29.08 | ep_len_mean=31 | episodes=100 | fps=26
2026-07-04T02:05:25Z [15,560,402ms] [Error] [omni.kit.app._impl] [py stderr]: /media/samuel/Fast_SSD/SE4AI/thesis_repo/src/cobraflex_rl/cobraflex_rl/cv_lane_estimator.py:253: RankWarning: Polyfit may be poorly conditioned
  c2, c1, c0 = np.polyfit(xs, ys, 2)
----------------------------------------
| rollout/                |            |
|    ep_len_mean          | 34         |
|    ep_rew_mean          | 33.4       |
| time/                   |            |
|    fps                  | 26         |
|    iterations           | 410        |
|    time_elapsed         | 15555      |
|    total_timesteps      | 419840     |
| train/                  |            |
|    approx_kl            | 0.32621223 |
|    clip_fraction        | 0.477      |
|    clip_range           | 0.2        |
|    clip_range_vf        | 0.2        |
|    entropy_loss         | 1.46       |
|    explained_variance   | 0.77       |
|    learning_rate        | 0.000174   |
|    loss                 | 0.00481    |
|    n_updates            | 3126       |
|    policy_gradient_loss | -0.0257    |
|    std                  | 0.117      |
|    value_loss           | 0.144      |
----------------------------------------
PPO progress: 420000/1000000 (42%) | ep_rew_mean=33.75 | ep_len_mean=34 | episodes=100 | fps=26
----------------------------------------
| rollout/                |            |
|    ep_len_mean          | 34         |
|    ep_rew_mean          | 31.9       |
| time/                   |            |
|    fps                  | 26         |
|    iterations           | 411        |
|    time_elapsed         | 15592      |
|    total_timesteps      | 420864     |
| train/                  |            |
|    approx_kl            | 0.24453942 |
|    clip_fraction        | 0.527      |
|    clip_range           | 0.2        |
|    clip_range_vf        | 0.2        |
|    entropy_loss         | 1.46       |
|    explained_variance   | 0.779      |
|    learning_rate        | 0.000174   |
|    loss                 | 0.0159     |
|    n_updates            | 3136       |
|    policy_gradient_loss | -0.0553    |
|    std                  | 0.116      |
|    value_loss           | 0.136      |
----------------------------------------
Early stopping at step 1 due to reaching max kl: 1.03
PPO progress: 421000/1000000 (42%) | ep_rew_mean=32.80 | ep_len_mean=35 | episodes=100 | fps=26
----------------------------------------
| rollout/                |            |
|    ep_len_mean          | 31.6       |
|    ep_rew_mean          | 27.1       |
| time/                   |            |
|    fps                  | 26         |
|    iterations           | 412        |
|    time_elapsed         | 15627      |
|    total_timesteps      | 421888     |
| train/                  |            |
|    approx_kl            | 0.21370086 |
|    clip_fraction        | 0.418      |
|    clip_range           | 0.2        |
|    clip_range_vf        | 0.2        |
|    entropy_loss         | 1.48       |
|    explained_variance   | 0.74       |
|    learning_rate        | 0.000174   |
|    loss                 | 0.124      |
|    n_updates            | 3138       |
|    policy_gradient_loss | -0.000645  |
|    std                  | 0.116      |
|    value_loss           | 0.222      |
----------------------------------------
Early stopping at step 2 due to reaching max kl: 1.28
PPO progress: 422000/1000000 (42%) | ep_rew_mean=26.56 | ep_len_mean=31 | episodes=100 | fps=26
----------------------------------------
| rollout/                |            |
|    ep_len_mean          | 29.3       |
|    ep_rew_mean          | 23.7       |
| time/                   |            |
|    fps                  | 27         |
|    iterations           | 413        |
|    time_elapsed         | 15659      |
|    total_timesteps      | 422912     |
| train/                  |            |
|    approx_kl            | 0.46887866 |
|    clip_fraction        | 0.404      |
|    clip_range           | 0.2        |
|    clip_range_vf        | 0.2        |
|    entropy_loss         | 1.48       |
|    explained_variance   | 0.768      |
|    learning_rate        | 0.000173   |
|    loss                 | 0.00272    |
|    n_updates            | 3141       |
|    policy_gradient_loss | -0.0139    |
|    std                  | 0.116      |
|    value_loss           | 0.152      |
----------------------------------------
Early stopping at step 2 due to reaching max kl: 1.05
PPO progress: 423000/1000000 (42%) | ep_rew_mean=25.47 | ep_len_mean=31 | episodes=100 | fps=27
2026-07-04T02:07:33Z [15,688,237ms] [Error] [omni.kit.app._impl] [py stderr]: /media/samuel/Fast_SSD/SE4AI/thesis_repo/src/cobraflex_rl/cobraflex_rl/cv_lane_estimator.py:253: RankWarning: Polyfit may be poorly conditioned
  c2, c1, c0 = np.polyfit(xs, ys, 2)
2026-07-04T02:07:33Z [15,688,243ms] [Error] [omni.kit.app._impl] [py stderr]: /media/samuel/Fast_SSD/SE4AI/thesis_repo/src/cobraflex_rl/cobraflex_rl/cv_lane_estimator.py:253: RankWarning: Polyfit may be poorly conditioned
  c2, c1, c0 = np.polyfit(xs, ys, 2)
----------------------------------------
| rollout/                |            |
|    ep_len_mean          | 28.8       |
|    ep_rew_mean          | 25.5       |
| time/                   |            |
|    fps                  | 27         |
|    iterations           | 414        |
|    time_elapsed         | 15698      |
|    total_timesteps      | 423936     |
| train/                  |            |
|    approx_kl            | 0.33277026 |
|    clip_fraction        | 0.413      |
|    clip_range           | 0.2        |
|    clip_range_vf        | 0.2        |
|    entropy_loss         | 1.48       |
|    explained_variance   | 0.713      |
|    learning_rate        | 0.000173   |
|    loss                 | 0.00662    |
|    n_updates            | 3144       |
|    policy_gradient_loss | -0.017     |
|    std                  | 0.116      |
|    value_loss           | 0.173      |
----------------------------------------
2026-07-04T02:07:59Z [15,714,355ms] [Error] [omni.kit.app._impl] [py stderr]: /media/samuel/Fast_SSD/SE4AI/thesis_repo/src/cobraflex_rl/cobraflex_rl/cv_lane_estimator.py:253: RankWarning: Polyfit may be poorly conditioned
  c2, c1, c0 = np.polyfit(xs, ys, 2)
2026-07-04T02:07:59Z [15,714,362ms] [Error] [omni.kit.app._impl] [py stderr]: /media/samuel/Fast_SSD/SE4AI/thesis_repo/src/cobraflex_rl/cobraflex_rl/cv_lane_estimator.py:253: RankWarning: Polyfit may be poorly conditioned
  c2, c1, c0 = np.polyfit(xs, ys, 2)
2026-07-04T02:07:59Z [15,714,436ms] [Error] [omni.kit.app._impl] [py stderr]: /media/samuel/Fast_SSD/SE4AI/thesis_repo/src/cobraflex_rl/cobraflex_rl/cv_lane_estimator.py:253: RankWarning: Polyfit may be poorly conditioned
  c2, c1, c0 = np.polyfit(xs, ys, 2)
Early stopping at step 5 due to reaching max kl: 1.33
PPO progress: 424000/1000000 (42%) | ep_rew_mean=26.16 | ep_len_mean=29 | episodes=100 | fps=27
----------------------------------------
| rollout/                |            |
|    ep_len_mean          | 24.9       |
|    ep_rew_mean          | 22.3       |
| time/                   |            |
|    fps                  | 26         |
|    iterations           | 415        |
|    time_elapsed         | 15740      |
|    total_timesteps      | 424960     |
| train/                  |            |
|    approx_kl            | 0.62353116 |
|    clip_fraction        | 0.504      |
|    clip_range           | 0.2        |
|    clip_range_vf        | 0.2        |
|    entropy_loss         | 1.48       |
|    explained_variance   | 0.811      |
|    learning_rate        | 0.000173   |
|    loss                 | 0.0671     |
|    n_updates            | 3150       |
|    policy_gradient_loss | -0.0317    |
|    std                  | 0.116      |
|    value_loss           | 0.145      |
----------------------------------------
Early stopping at step 8 due to reaching max kl: 0.92
PPO progress: 425000/1000000 (42%) | ep_rew_mean=22.29 | ep_len_mean=25 | episodes=100 | fps=26
2026-07-04T02:09:04Z [15,779,098ms] [Error] [omni.kit.app._impl] [py stderr]: /media/samuel/Fast_SSD/SE4AI/thesis_repo/src/cobraflex_rl/cobraflex_rl/cv_lane_estimator.py:253: RankWarning: Polyfit may be poorly conditioned
  c2, c1, c0 = np.polyfit(xs, ys, 2)
2026-07-04T02:09:04Z [15,779,098ms] [Error] [omni.kit.app._impl] [py stderr]: /media/samuel/Fast_SSD/SE4AI/thesis_repo/src/cobraflex_rl/cobraflex_rl/cv_lane_estimator.py:253: RankWarning: Polyfit may be poorly conditioned
  c2, c1, c0 = np.polyfit(xs, ys, 2)
2026-07-04T02:09:04Z [15,779,105ms] [Error] [omni.kit.app._impl] [py stderr]: /media/samuel/Fast_SSD/SE4AI/thesis_repo/src/cobraflex_rl/cobraflex_rl/cv_lane_estimator.py:253: RankWarning: Polyfit may be poorly conditioned
  c2, c1, c0 = np.polyfit(xs, ys, 2)
2026-07-04T02:09:04Z [15,779,105ms] [Error] [omni.kit.app._impl] [py stderr]: /media/samuel/Fast_SSD/SE4AI/thesis_repo/src/cobraflex_rl/cobraflex_rl/cv_lane_estimator.py:253: RankWarning: Polyfit may be poorly conditioned
  c2, c1, c0 = np.polyfit(xs, ys, 2)
----------------------------------------
| rollout/                |            |
|    ep_len_mean          | 22.5       |
|    ep_rew_mean          | 17.6       |
| time/                   |            |
|    fps                  | 26         |
|    iterations           | 416        |
|    time_elapsed         | 15786      |
|    total_timesteps      | 425984     |
| train/                  |            |
|    approx_kl            | 0.51295984 |
|    clip_fraction        | 0.555      |
|    clip_range           | 0.2        |
|    clip_range_vf        | 0.2        |
|    entropy_loss         | 1.48       |
|    explained_variance   | 0.799      |
|    learning_rate        | 0.000173   |
|    loss                 | -0.0359    |
|    n_updates            | 3159       |
|    policy_gradient_loss | -0.0544    |
|    std                  | 0.115      |
|    value_loss           | 0.108      |
----------------------------------------
Early stopping at step 2 due to reaching max kl: 1.18
PPO progress: 426000/1000000 (43%) | ep_rew_mean=17.12 | ep_len_mean=22 | episodes=100 | fps=26
PPO progress: 427000/1000000 (43%) | ep_rew_mean=23.52 | ep_len_mean=28 | episodes=100 | fps=26
---------------------------------------
| rollout/                |           |
|    ep_len_mean          | 27.5      |
|    ep_rew_mean          | 23.5      |
| time/                   |           |
|    fps                  | 26        |
|    iterations           | 417       |
|    time_elapsed         | 15818     |
|    total_timesteps      | 427008    |
| train/                  |           |
|    approx_kl            | 0.3962459 |
|    clip_fraction        | 0.488     |
|    clip_range           | 0.2       |
|    clip_range_vf        | 0.2       |
|    entropy_loss         | 1.49      |
|    explained_variance   | 0.202     |
|    learning_rate        | 0.000172  |
|    loss                 | 0.0929    |
|    n_updates            | 3162      |
|    policy_gradient_loss | 0.00296   |
|    std                  | 0.115     |
|    value_loss           | 0.195     |
---------------------------------------
2026-07-04T02:10:29Z [15,863,698ms] [Error] [omni.kit.app._impl] [py stderr]: /media/samuel/Fast_SSD/SE4AI/thesis_repo/src/cobraflex_rl/cobraflex_rl/cv_lane_estimator.py:253: RankWarning: Polyfit may be poorly conditioned
  c2, c1, c0 = np.polyfit(xs, ys, 2)
Early stopping at step 1 due to reaching max kl: 1.12
PPO progress: 428000/1000000 (43%) | ep_rew_mean=26.28 | ep_len_mean=31 | episodes=100 | fps=26
----------------------------------------
| rollout/                |            |
|    ep_len_mean          | 30.6       |
|    ep_rew_mean          | 26.3       |
| time/                   |            |
|    fps                  | 27         |
|    iterations           | 418        |
|    time_elapsed         | 15852      |
|    total_timesteps      | 428032     |
| train/                  |            |
|    approx_kl            | 0.33109134 |
|    clip_fraction        | 0.384      |
|    clip_range           | 0.2        |
|    clip_range_vf        | 0.2        |
|    entropy_loss         | 1.49       |
|    explained_variance   | 0.859      |
|    learning_rate        | 0.000172   |
|    loss                 | 0.0674     |
|    n_updates            | 3164       |
|    policy_gradient_loss | 0.0185     |
|    std                  | 0.115      |
|    value_loss           | 0.09       |
----------------------------------------
2026-07-04T02:10:57Z [15,891,853ms] [Error] [omni.kit.app._impl] [py stderr]: /media/samuel/Fast_SSD/SE4AI/thesis_repo/src/cobraflex_rl/cobraflex_rl/cv_lane_estimator.py:253: RankWarning: Polyfit may be poorly conditioned
  c2, c1, c0 = np.polyfit(xs, ys, 2)
2026-07-04T02:10:57Z [15,891,860ms] [Error] [omni.kit.app._impl] [py stderr]: /media/samuel/Fast_SSD/SE4AI/thesis_repo/src/cobraflex_rl/cobraflex_rl/cv_lane_estimator.py:253: RankWarning: Polyfit may be poorly conditioned
  c2, c1, c0 = np.polyfit(xs, ys, 2)
2026-07-04T02:11:15Z [15,910,679ms] [Error] [omni.kit.app._impl] [py stderr]: /media/samuel/Fast_SSD/SE4AI/thesis_repo/src/cobraflex_rl/cobraflex_rl/cv_lane_estimator.py:253: RankWarning: Polyfit may be poorly conditioned
  c2, c1, c0 = np.polyfit(xs, ys, 2)
Early stopping at step 6 due to reaching max kl: 1.53
PPO progress: 429000/1000000 (43%) | ep_rew_mean=28.51 | ep_len_mean=30 | episodes=100 | fps=26
---------------------------------------
| rollout/                |           |
|    ep_len_mean          | 28.1      |
|    ep_rew_mean          | 26.5      |
| time/                   |           |
|    fps                  | 26        |
|    iterations           | 419       |
|    time_elapsed         | 15900     |
|    total_timesteps      | 429056    |
| train/                  |           |
|    approx_kl            | 0.3965358 |
|    clip_fraction        | 0.48      |
|    clip_range           | 0.2       |
|    clip_range_vf        | 0.2       |
|    entropy_loss         | 1.48      |
|    explained_variance   | 0.765     |
|    learning_rate        | 0.000172  |
|    loss                 | 0.0755    |
|    n_updates            | 3171      |
|    policy_gradient_loss | -0.0378   |
|    std                  | 0.115     |
|    value_loss           | 0.166     |
---------------------------------------
Early stopping at step 9 due to reaching max kl: 0.91
PPO progress: 430000/1000000 (43%) | ep_rew_mean=25.43 | ep_len_mean=27 | episodes=100 | fps=26
----------------------------------------
| rollout/                |            |
|    ep_len_mean          | 25.5       |
|    ep_rew_mean          | 25.2       |
| time/                   |            |
|    fps                  | 26         |
|    iterations           | 420        |
|    time_elapsed         | 15936      |
|    total_timesteps      | 430080     |
| train/                  |            |
|    approx_kl            | 0.31853494 |
|    clip_fraction        | 0.542      |
|    clip_range           | 0.2        |
|    clip_range_vf        | 0.2        |
|    entropy_loss         | 1.49       |
|    explained_variance   | 0.531      |
|    learning_rate        | 0.000171   |
|    loss                 | 0.0703     |
|    n_updates            | 3181       |
|    policy_gradient_loss | -0.0497    |
|    std                  | 0.114      |
|    value_loss           | 0.22       |
----------------------------------------
2026-07-04T02:12:19Z [15,974,414ms] [Error] [omni.kit.app._impl] [py stderr]: /media/samuel/Fast_SSD/SE4AI/thesis_repo/src/cobraflex_rl/cobraflex_rl/cv_lane_estimator.py:253: RankWarning: Polyfit may be poorly conditioned
  c2, c1, c0 = np.polyfit(xs, ys, 2)
2026-07-04T02:12:19Z [15,974,415ms] [Error] [omni.kit.app._impl] [py stderr]: /media/samuel/Fast_SSD/SE4AI/thesis_repo/src/cobraflex_rl/cobraflex_rl/cv_lane_estimator.py:253: RankWarning: Polyfit may be poorly conditioned
  c2, c1, c0 = np.polyfit(xs, ys, 2)
2026-07-04T02:12:19Z [15,974,415ms] [Error] [omni.kit.app._impl] [py stderr]: /media/samuel/Fast_SSD/SE4AI/thesis_repo/src/cobraflex_rl/cobraflex_rl/cv_lane_estimator.py:253: RankWarning: Polyfit may be poorly conditioned
  c2, c1, c0 = np.polyfit(xs, ys, 2)
2026-07-04T02:12:19Z [15,974,415ms] [Error] [omni.kit.app._impl] [py stderr]: /media/samuel/Fast_SSD/SE4AI/thesis_repo/src/cobraflex_rl/cobraflex_rl/cv_lane_estimator.py:253: RankWarning: Polyfit may be poorly conditioned
  c2, c1, c0 = np.polyfit(xs, ys, 2)
PPO progress: 431000/1000000 (43%) | ep_rew_mean=21.31 | ep_len_mean=24 | episodes=100 | fps=26
2026-07-04T02:12:35Z [15,989,999ms] [Error] [omni.kit.app._impl] [py stderr]: /media/samuel/Fast_SSD/SE4AI/thesis_repo/src/cobraflex_rl/cobraflex_rl/cv_lane_estimator.py:253: RankWarning: Polyfit may be poorly conditioned
  c2, c1, c0 = np.polyfit(xs, ys, 2)
2026-07-04T02:12:36Z [15,990,987ms] [Error] [omni.kit.app._impl] [py stderr]: /media/samuel/Fast_SSD/SE4AI/thesis_repo/src/cobraflex_rl/cobraflex_rl/cv_lane_estimator.py:253: RankWarning: Polyfit may be poorly conditioned
  c2, c1, c0 = np.polyfit(xs, ys, 2)
----------------------------------------
| rollout/                |            |
|    ep_len_mean          | 25         |
|    ep_rew_mean          | 22.9       |
| time/                   |            |
|    fps                  | 26         |
|    iterations           | 421        |
|    time_elapsed         | 15976      |
|    total_timesteps      | 431104     |
| train/                  |            |
|    approx_kl            | 0.39336327 |
|    clip_fraction        | 0.566      |
|    clip_range           | 0.2        |
|    clip_range_vf        | 0.2        |
|    entropy_loss         | 1.52       |
|    explained_variance   | 0.548      |
|    learning_rate        | 0.000171   |
|    loss                 | -0.0112    |
|    n_updates            | 3191       |
|    policy_gradient_loss | -0.0616    |
|    std                  | 0.113      |
|    value_loss           | 0.167      |
----------------------------------------
Early stopping at step 1 due to reaching max kl: 1.05
PPO progress: 432000/1000000 (43%) | ep_rew_mean=30.66 | ep_len_mean=32 | episodes=100 | fps=26
---------------------------------------
| rollout/                |           |
|    ep_len_mean          | 31.9      |
|    ep_rew_mean          | 30.1      |
| time/                   |           |
|    fps                  | 26        |
|    iterations           | 422       |
|    time_elapsed         | 16010     |
|    total_timesteps      | 432128    |
| train/                  |           |
|    approx_kl            | 0.3407163 |
|    clip_fraction        | 0.422     |
|    clip_range           | 0.2       |
|    clip_range_vf        | 0.2       |
|    entropy_loss         | 1.53      |
|    explained_variance   | 0.8       |
|    learning_rate        | 0.000171  |
|    loss                 | 0.0689    |
|    n_updates            | 3193      |
|    policy_gradient_loss | -0.00169  |
|    std                  | 0.113     |
|    value_loss           | 0.162     |
---------------------------------------
Early stopping at step 1 due to reaching max kl: 3.71
PPO progress: 433000/1000000 (43%) | ep_rew_mean=27.23 | ep_len_mean=31 | episodes=100 | fps=26
[isaac_interface] WARN: Spawn pose did not settle after teleport; first-step ey may be unreliable.
----------------------------------------
| rollout/                |            |
|    ep_len_mean          | 27.9       |
|    ep_rew_mean          | 22.2       |
| time/                   |            |
|    fps                  | 26         |
|    iterations           | 423        |
|    time_elapsed         | 16051      |
|    total_timesteps      | 433152     |
| train/                  |            |
|    approx_kl            | 0.42632577 |
|    clip_fraction        | 0.374      |
|    clip_range           | 0.2        |
|    clip_range_vf        | 0.2        |
|    entropy_loss         | 1.53       |
|    explained_variance   | 0.86       |
|    learning_rate        | 0.00017    |
|    loss                 | 0.0544     |
|    n_updates            | 3195       |
|    policy_gradient_loss | 0.011      |
|    std                  | 0.113      |
|    value_loss           | 0.0742     |
----------------------------------------
Early stopping at step 9 due to reaching max kl: 0.98
PPO progress: 434000/1000000 (43%) | ep_rew_mean=24.56 | ep_len_mean=29 | episodes=100 | fps=26
---------------------------------------
| rollout/                |           |
|    ep_len_mean          | 30.9      |
|    ep_rew_mean          | 27.1      |
| time/                   |           |
|    fps                  | 26        |
|    iterations           | 424       |
|    time_elapsed         | 16087     |
|    total_timesteps      | 434176    |
| train/                  |           |
|    approx_kl            | 0.8522036 |
|    clip_fraction        | 0.55      |
|    clip_range           | 0.2       |
|    clip_range_vf        | 0.2       |
|    entropy_loss         | 1.54      |
|    explained_variance   | 0.704     |
|    learning_rate        | 0.00017   |
|    loss                 | -0.0311   |
|    n_updates            | 3205      |
|    policy_gradient_loss | -0.0549   |
|    std                  | 0.112     |
|    value_loss           | 0.189     |
---------------------------------------
2026-07-04T02:14:31Z [16,105,846ms] [Error] [omni.kit.app._impl] [py stderr]: /media/samuel/Fast_SSD/SE4AI/thesis_repo/src/cobraflex_rl/cobraflex_rl/cv_lane_estimator.py:253: RankWarning: Polyfit may be poorly conditioned
  c2, c1, c0 = np.polyfit(xs, ys, 2)
2026-07-04T02:14:31Z [16,105,846ms] [Error] [omni.kit.app._impl] [py stderr]: /media/samuel/Fast_SSD/SE4AI/thesis_repo/src/cobraflex_rl/cobraflex_rl/cv_lane_estimator.py:253: RankWarning: Polyfit may be poorly conditioned
  c2, c1, c0 = np.polyfit(xs, ys, 2)
2026-07-04T02:14:31Z [16,105,854ms] [Error] [omni.kit.app._impl] [py stderr]: /media/samuel/Fast_SSD/SE4AI/thesis_repo/src/cobraflex_rl/cobraflex_rl/cv_lane_estimator.py:253: RankWarning: Polyfit may be poorly conditioned
  c2, c1, c0 = np.polyfit(xs, ys, 2)
2026-07-04T02:14:31Z [16,105,854ms] [Error] [omni.kit.app._impl] [py stderr]: /media/samuel/Fast_SSD/SE4AI/thesis_repo/src/cobraflex_rl/cobraflex_rl/cv_lane_estimator.py:253: RankWarning: Polyfit may be poorly conditioned
  c2, c1, c0 = np.polyfit(xs, ys, 2)
Early stopping at step 5 due to reaching max kl: 0.77
PPO progress: 435000/1000000 (44%) | ep_rew_mean=25.04 | ep_len_mean=29 | episodes=100 | fps=26
2026-07-04T02:15:04Z [16,139,049ms] [Error] [omni.kit.app._impl] [py stderr]: /media/samuel/Fast_SSD/SE4AI/thesis_repo/src/cobraflex_rl/cobraflex_rl/cv_lane_estimator.py:253: RankWarning: Polyfit may be poorly conditioned
  c2, c1, c0 = np.polyfit(xs, ys, 2)
[isaac_interface] WARN: Spawn pose did not settle after teleport; first-step ey may be unreliable.
----------------------------------------
| rollout/                |            |
|    ep_len_mean          | 25.6       |
|    ep_rew_mean          | 20.9       |
| time/                   |            |
|    fps                  | 26         |
|    iterations           | 425        |
|    time_elapsed         | 16129      |
|    total_timesteps      | 435200     |
| train/                  |            |
|    approx_kl            | 0.37500012 |
|    clip_fraction        | 0.499      |
|    clip_range           | 0.2        |
|    clip_range_vf        | 0.2        |
|    entropy_loss         | 1.55       |
|    explained_variance   | 0.698      |
|    learning_rate        | 0.00017    |
|    loss                 | 0.00753    |
|    n_updates            | 3211       |
|    policy_gradient_loss | -0.0492    |
|    std                  | 0.111      |
|    value_loss           | 0.165      |
----------------------------------------
Early stopping at step 5 due to reaching max kl: 1.32
PPO progress: 436000/1000000 (44%) | ep_rew_mean=20.75 | ep_len_mean=25 | episodes=100 | fps=26
2026-07-04T02:15:44Z [16,179,266ms] [Error] [omni.kit.app._impl] [py stderr]: /media/samuel/Fast_SSD/SE4AI/thesis_repo/src/cobraflex_rl/cobraflex_rl/cv_lane_estimator.py:253: RankWarning: Polyfit may be poorly conditioned
  c2, c1, c0 = np.polyfit(xs, ys, 2)
2026-07-04T02:15:44Z [16,179,266ms] [Error] [omni.kit.app._impl] [py stderr]: /media/samuel/Fast_SSD/SE4AI/thesis_repo/src/cobraflex_rl/cobraflex_rl/cv_lane_estimator.py:253: RankWarning: Polyfit may be poorly conditioned
  c2, c1, c0 = np.polyfit(xs, ys, 2)
2026-07-04T02:15:44Z [16,179,273ms] [Error] [omni.kit.app._impl] [py stderr]: /media/samuel/Fast_SSD/SE4AI/thesis_repo/src/cobraflex_rl/cobraflex_rl/cv_lane_estimator.py:253: RankWarning: Polyfit may be poorly conditioned
  c2, c1, c0 = np.polyfit(xs, ys, 2)
2026-07-04T02:15:44Z [16,179,274ms] [Error] [omni.kit.app._impl] [py stderr]: /media/samuel/Fast_SSD/SE4AI/thesis_repo/src/cobraflex_rl/cobraflex_rl/cv_lane_estimator.py:253: RankWarning: Polyfit may be poorly conditioned
  c2, c1, c0 = np.polyfit(xs, ys, 2)
2026-07-04T02:15:48Z [16,183,419ms] [Error] [omni.kit.app._impl] [py stderr]: /media/samuel/Fast_SSD/SE4AI/thesis_repo/src/cobraflex_rl/cobraflex_rl/cv_lane_estimator.py:253: RankWarning: Polyfit may be poorly conditioned
  c2, c1, c0 = np.polyfit(xs, ys, 2)
2026-07-04T02:15:48Z [16,183,425ms] [Error] [omni.kit.app._impl] [py stderr]: /media/samuel/Fast_SSD/SE4AI/thesis_repo/src/cobraflex_rl/cobraflex_rl/cv_lane_estimator.py:253: RankWarning: Polyfit may be poorly conditioned
  c2, c1, c0 = np.polyfit(xs, ys, 2)
----------------------------------------
| rollout/                |            |
|    ep_len_mean          | 23.4       |
|    ep_rew_mean          | 19.3       |
| time/                   |            |
|    fps                  | 26         |
|    iterations           | 426        |
|    time_elapsed         | 16170      |
|    total_timesteps      | 436224     |
| train/                  |            |
|    approx_kl            | 0.32596532 |
|    clip_fraction        | 0.488      |
|    clip_range           | 0.2        |
|    clip_range_vf        | 0.2        |
|    entropy_loss         | 1.56       |
|    explained_variance   | 0.784      |
|    learning_rate        | 0.000169   |
|    loss                 | -0.0456    |
|    n_updates            | 3217       |
|    policy_gradient_loss | -0.0434    |
|    std                  | 0.111      |
|    value_loss           | 0.149      |
----------------------------------------
Early stopping at step 2 due to reaching max kl: 0.84
PPO progress: 437000/1000000 (44%) | ep_rew_mean=20.09 | ep_len_mean=24 | episodes=100 | fps=26
--------------------------------------
| rollout/                |          |
|    ep_len_mean          | 22.1     |
|    ep_rew_mean          | 18.5     |
| time/                   |          |
|    fps                  | 26       |
|    iterations           | 427      |
|    time_elapsed         | 16210    |
|    total_timesteps      | 437248   |
| train/                  |          |
|    approx_kl            | 0.476535 |
|    clip_fraction        | 0.412    |
|    clip_range           | 0.2      |
|    clip_range_vf        | 0.2      |
|    entropy_loss         | 1.56     |
|    explained_variance   | 0.84     |
|    learning_rate        | 0.000169 |
|    loss                 | -0.0296  |
|    n_updates            | 3220     |
|    policy_gradient_loss | -0.0115  |
|    std                  | 0.111    |
|    value_loss           | 0.0876   |
--------------------------------------
Early stopping at step 7 due to reaching max kl: 0.86
PPO progress: 438000/1000000 (44%) | ep_rew_mean=25.22 | ep_len_mean=26 | episodes=100 | fps=26
---------------------------------------
| rollout/                |           |
|    ep_len_mean          | 26.7      |
|    ep_rew_mean          | 26.3      |
| time/                   |           |
|    fps                  | 26        |
|    iterations           | 428       |
|    time_elapsed         | 16247     |
|    total_timesteps      | 438272    |
| train/                  |           |
|    approx_kl            | 0.4315259 |
|    clip_fraction        | 0.53      |
|    clip_range           | 0.2       |
|    clip_range_vf        | 0.2       |
|    entropy_loss         | 1.56      |
|    explained_variance   | 0.87      |
|    learning_rate        | 0.000169  |
|    loss                 | -0.0448   |
|    n_updates            | 3228      |
|    policy_gradient_loss | -0.0496   |
|    std                  | 0.111     |
|    value_loss           | 0.109     |
---------------------------------------
2026-07-04T02:17:24Z [16,279,182ms] [Error] [omni.kit.app._impl] [py stderr]: /media/samuel/Fast_SSD/SE4AI/thesis_repo/src/cobraflex_rl/cobraflex_rl/cv_lane_estimator.py:253: RankWarning: Polyfit may be poorly conditioned
  c2, c1, c0 = np.polyfit(xs, ys, 2)
2026-07-04T02:17:24Z [16,279,189ms] [Error] [omni.kit.app._impl] [py stderr]: /media/samuel/Fast_SSD/SE4AI/thesis_repo/src/cobraflex_rl/cobraflex_rl/cv_lane_estimator.py:253: RankWarning: Polyfit may be poorly conditioned
  c2, c1, c0 = np.polyfit(xs, ys, 2)
Early stopping at step 2 due to reaching max kl: 0.85
PPO progress: 439000/1000000 (44%) | ep_rew_mean=16.40 | ep_len_mean=20 | episodes=100 | fps=26
2026-07-04T02:17:42Z [16,297,153ms] [Error] [omni.kit.app._impl] [py stderr]: /media/samuel/Fast_SSD/SE4AI/thesis_repo/src/cobraflex_rl/cobraflex_rl/cv_lane_estimator.py:253: RankWarning: Polyfit may be poorly conditioned
  c2, c1, c0 = np.polyfit(xs, ys, 2)
2026-07-04T02:17:42Z [16,297,154ms] [Error] [omni.kit.app._impl] [py stderr]: /media/samuel/Fast_SSD/SE4AI/thesis_repo/src/cobraflex_rl/cobraflex_rl/cv_lane_estimator.py:253: RankWarning: Polyfit may be poorly conditioned
  c2, c1, c0 = np.polyfit(xs, ys, 2)
2026-07-04T02:17:42Z [16,297,154ms] [Error] [omni.kit.app._impl] [py stderr]: /media/samuel/Fast_SSD/SE4AI/thesis_repo/src/cobraflex_rl/cobraflex_rl/cv_lane_estimator.py:253: RankWarning: Polyfit may be poorly conditioned
  c2, c1, c0 = np.polyfit(xs, ys, 2)
---------------------------------------
| rollout/                |           |
|    ep_len_mean          | 21.3      |
|    ep_rew_mean          | 18.6      |
| time/                   |           |
|    fps                  | 26        |
|    iterations           | 429       |
|    time_elapsed         | 16287     |
|    total_timesteps      | 439296    |
| train/                  |           |
|    approx_kl            | 0.4506015 |
|    clip_fraction        | 0.429     |
|    clip_range           | 0.2       |
|    clip_range_vf        | 0.2       |
|    entropy_loss         | 1.57      |
|    explained_variance   | 0.861     |
|    learning_rate        | 0.000169  |
|    loss                 | 0.0136    |
|    n_updates            | 3231      |
|    policy_gradient_loss | 0.000622  |
|    std                  | 0.111     |
|    value_loss           | 0.11      |
---------------------------------------
Early stopping at step 6 due to reaching max kl: 0.81
PPO progress: 440000/1000000 (44%) | ep_rew_mean=13.77 | ep_len_mean=18 | episodes=100 | fps=26
2026-07-04T02:18:31Z [16,346,101ms] [Error] [omni.kit.app._impl] [py stderr]: /media/samuel/Fast_SSD/SE4AI/thesis_repo/src/cobraflex_rl/cobraflex_rl/cv_lane_estimator.py:253: RankWarning: Polyfit may be poorly conditioned
  c2, c1, c0 = np.polyfit(xs, ys, 2)
2026-07-04T02:18:31Z [16,346,101ms] [Error] [omni.kit.app._impl] [py stderr]: /media/samuel/Fast_SSD/SE4AI/thesis_repo/src/cobraflex_rl/cobraflex_rl/cv_lane_estimator.py:253: RankWarning: Polyfit may be poorly conditioned
  c2, c1, c0 = np.polyfit(xs, ys, 2)
2026-07-04T02:18:31Z [16,346,101ms] [Error] [omni.kit.app._impl] [py stderr]: /media/samuel/Fast_SSD/SE4AI/thesis_repo/src/cobraflex_rl/cobraflex_rl/cv_lane_estimator.py:253: RankWarning: Polyfit may be poorly conditioned
  c2, c1, c0 = np.polyfit(xs, ys, 2)
2026-07-04T02:18:31Z [16,346,108ms] [Error] [omni.kit.app._impl] [py stderr]: /media/samuel/Fast_SSD/SE4AI/thesis_repo/src/cobraflex_rl/cobraflex_rl/cv_lane_estimator.py:253: RankWarning: Polyfit may be poorly conditioned
  c2, c1, c0 = np.polyfit(xs, ys, 2)
2026-07-04T02:18:31Z [16,346,108ms] [Error] [omni.kit.app._impl] [py stderr]: /media/samuel/Fast_SSD/SE4AI/thesis_repo/src/cobraflex_rl/cobraflex_rl/cv_lane_estimator.py:253: RankWarning: Polyfit may be poorly conditioned
  c2, c1, c0 = np.polyfit(xs, ys, 2)
2026-07-04T02:18:31Z [16,346,108ms] [Error] [omni.kit.app._impl] [py stderr]: /media/samuel/Fast_SSD/SE4AI/thesis_repo/src/cobraflex_rl/cobraflex_rl/cv_lane_estimator.py:253: RankWarning: Polyfit may be poorly conditioned
  c2, c1, c0 = np.polyfit(xs, ys, 2)
---------------------------------------
| rollout/                |           |
|    ep_len_mean          | 17.8      |
|    ep_rew_mean          | 15        |
| time/                   |           |
|    fps                  | 26        |
|    iterations           | 430       |
|    time_elapsed         | 16340     |
|    total_timesteps      | 440320    |
| train/                  |           |
|    approx_kl            | 0.8126154 |
|    clip_fraction        | 0.514     |
|    clip_range           | 0.2       |
|    clip_range_vf        | 0.2       |
|    entropy_loss         | 1.56      |
|    explained_variance   | 0.641     |
|    learning_rate        | 0.000168  |
|    loss                 | 0.0445    |
|    n_updates            | 3238      |
|    policy_gradient_loss | -0.0442   |
|    std                  | 0.111     |
|    value_loss           | 0.173     |
---------------------------------------
Early stopping at step 7 due to reaching max kl: 1.81
PPO progress: 441000/1000000 (44%) | ep_rew_mean=18.24 | ep_len_mean=21 | episodes=100 | fps=26
---------------------------------------
| rollout/                |           |
|    ep_len_mean          | 22.2      |
|    ep_rew_mean          | 20.2      |
| time/                   |           |
|    fps                  | 26        |
|    iterations           | 431       |
|    time_elapsed         | 16383     |
|    total_timesteps      | 441344    |
| train/                  |           |
|    approx_kl            | 0.3849545 |
|    clip_fraction        | 0.548     |
|    clip_range           | 0.2       |
|    clip_range_vf        | 0.2       |
|    entropy_loss         | 1.57      |
|    explained_variance   | 0.827     |
|    learning_rate        | 0.000168  |
|    loss                 | 0.0188    |
|    n_updates            | 3246      |
|    policy_gradient_loss | -0.0473   |
|    std                  | 0.11      |
|    value_loss           | 0.126     |
---------------------------------------
Early stopping at step 6 due to reaching max kl: 0.88
PPO progress: 442000/1000000 (44%) | ep_rew_mean=24.32 | ep_len_mean=26 | episodes=100 | fps=26
---------------------------------------
| rollout/                |           |
|    ep_len_mean          | 25.3      |
|    ep_rew_mean          | 23.3      |
| time/                   |           |
|    fps                  | 26        |
|    iterations           | 432       |
|    time_elapsed         | 16415     |
|    total_timesteps      | 442368    |
| train/                  |           |
|    approx_kl            | 0.8831923 |
|    clip_fraction        | 0.508     |
|    clip_range           | 0.2       |
|    clip_range_vf        | 0.2       |
|    entropy_loss         | 1.57      |
|    explained_variance   | 0.768     |
|    learning_rate        | 0.000168  |
|    loss                 | -0.0604   |
|    n_updates            | 3253      |
|    policy_gradient_loss | -0.04     |
|    std                  | 0.11      |
|    value_loss           | 0.125     |
---------------------------------------
Early stopping at step 4 due to reaching max kl: 0.89
PPO progress: 443000/1000000 (44%) | ep_rew_mean=30.34 | ep_len_mean=30 | episodes=100 | fps=26
2026-07-04T02:20:22Z [16,457,199ms] [Error] [omni.kit.app._impl] [py stderr]: /media/samuel/Fast_SSD/SE4AI/thesis_repo/src/cobraflex_rl/cobraflex_rl/cv_lane_estimator.py:253: RankWarning: Polyfit may be poorly conditioned
  c2, c1, c0 = np.polyfit(xs, ys, 2)
2026-07-04T02:20:22Z [16,457,200ms] [Error] [omni.kit.app._impl] [py stderr]: /media/samuel/Fast_SSD/SE4AI/thesis_repo/src/cobraflex_rl/cobraflex_rl/cv_lane_estimator.py:253: RankWarning: Polyfit may be poorly conditioned
  c2, c1, c0 = np.polyfit(xs, ys, 2)
2026-07-04T02:20:22Z [16,457,223ms] [Error] [omni.kit.app._impl] [py stderr]: /media/samuel/Fast_SSD/SE4AI/thesis_repo/src/cobraflex_rl/cobraflex_rl/cv_lane_estimator.py:253: RankWarning: Polyfit may be poorly conditioned
  c2, c1, c0 = np.polyfit(xs, ys, 2)
----------------------------------------
| rollout/                |            |
|    ep_len_mean          | 31.2       |
|    ep_rew_mean          | 31.5       |
| time/                   |            |
|    fps                  | 26         |
|    iterations           | 433        |
|    time_elapsed         | 16447      |
|    total_timesteps      | 443392     |
| train/                  |            |
|    approx_kl            | 0.33303502 |
|    clip_fraction        | 0.535      |
|    clip_range           | 0.2        |
|    clip_range_vf        | 0.2        |
|    entropy_loss         | 1.58       |
|    explained_variance   | 0.754      |
|    learning_rate        | 0.000167   |
|    loss                 | 0.00672    |
|    n_updates            | 3258       |
|    policy_gradient_loss | -0.0311    |
|    std                  | 0.11       |
|    value_loss           | 0.189      |
----------------------------------------
Early stopping at step 4 due to reaching max kl: 0.92
PPO progress: 444000/1000000 (44%) | ep_rew_mean=35.47 | ep_len_mean=34 | episodes=100 | fps=26
---------------------------------------
| rollout/                |           |
|    ep_len_mean          | 35.5      |
|    ep_rew_mean          | 36        |
| time/                   |           |
|    fps                  | 26        |
|    iterations           | 434       |
|    time_elapsed         | 16490     |
|    total_timesteps      | 444416    |
| train/                  |           |
|    approx_kl            | 0.3069916 |
|    clip_fraction        | 0.472     |
|    clip_range           | 0.2       |
|    clip_range_vf        | 0.2       |
|    entropy_loss         | 1.58      |
|    explained_variance   | 0.565     |
|    learning_rate        | 0.000167  |
|    loss                 | 0.00608   |
|    n_updates            | 3263      |
|    policy_gradient_loss | -0.0327   |
|    std                  | 0.11      |
|    value_loss           | 0.256     |
---------------------------------------
2026-07-04T02:21:24Z [16,519,434ms] [Error] [omni.kit.app._impl] [py stderr]: /media/samuel/Fast_SSD/SE4AI/thesis_repo/src/cobraflex_rl/cobraflex_rl/cv_lane_estimator.py:253: RankWarning: Polyfit may be poorly conditioned
  c2, c1, c0 = np.polyfit(xs, ys, 2)
Early stopping at step 6 due to reaching max kl: 1.06
PPO progress: 445000/1000000 (44%) | ep_rew_mean=34.81 | ep_len_mean=34 | episodes=100 | fps=26
----------------------------------------
| rollout/                |            |
|    ep_len_mean          | 37.6       |
|    ep_rew_mean          | 38.7       |
| time/                   |            |
|    fps                  | 26         |
|    iterations           | 435        |
|    time_elapsed         | 16522      |
|    total_timesteps      | 445440     |
| train/                  |            |
|    approx_kl            | 0.46554333 |
|    clip_fraction        | 0.523      |
|    clip_range           | 0.2        |
|    clip_range_vf        | 0.2        |
|    entropy_loss         | 1.59       |
|    explained_variance   | 0.616      |
|    learning_rate        | 0.000167   |
|    loss                 | -0.0125    |
|    n_updates            | 3270       |
|    policy_gradient_loss | -0.0351    |
|    std                  | 0.109      |
|    value_loss           | 0.181      |
----------------------------------------
2026-07-04T02:21:52Z [16,547,172ms] [Error] [omni.kit.app._impl] [py stderr]: /media/samuel/Fast_SSD/SE4AI/thesis_repo/src/cobraflex_rl/cobraflex_rl/cv_lane_estimator.py:253: RankWarning: Polyfit may be poorly conditioned
  c2, c1, c0 = np.polyfit(xs, ys, 2)
2026-07-04T02:21:52Z [16,547,172ms] [Error] [omni.kit.app._impl] [py stderr]: /media/samuel/Fast_SSD/SE4AI/thesis_repo/src/cobraflex_rl/cobraflex_rl/cv_lane_estimator.py:253: RankWarning: Polyfit may be poorly conditioned
  c2, c1, c0 = np.polyfit(xs, ys, 2)
2026-07-04T02:21:52Z [16,547,172ms] [Error] [omni.kit.app._impl] [py stderr]: /media/samuel/Fast_SSD/SE4AI/thesis_repo/src/cobraflex_rl/cobraflex_rl/cv_lane_estimator.py:253: RankWarning: Polyfit may be poorly conditioned
  c2, c1, c0 = np.polyfit(xs, ys, 2)
2026-07-04T02:21:52Z [16,547,172ms] [Error] [omni.kit.app._impl] [py stderr]: /media/samuel/Fast_SSD/SE4AI/thesis_repo/src/cobraflex_rl/cobraflex_rl/cv_lane_estimator.py:253: RankWarning: Polyfit may be poorly conditioned
  c2, c1, c0 = np.polyfit(xs, ys, 2)
2026-07-04T02:21:52Z [16,547,172ms] [Error] [omni.kit.app._impl] [py stderr]: /media/samuel/Fast_SSD/SE4AI/thesis_repo/src/cobraflex_rl/cobraflex_rl/cv_lane_estimator.py:253: RankWarning: Polyfit may be poorly conditioned
  c2, c1, c0 = np.polyfit(xs, ys, 2)
2026-07-04T02:21:52Z [16,547,172ms] [Error] [omni.kit.app._impl] [py stderr]: /media/samuel/Fast_SSD/SE4AI/thesis_repo/src/cobraflex_rl/cobraflex_rl/cv_lane_estimator.py:253: RankWarning: Polyfit may be poorly conditioned
  c2, c1, c0 = np.polyfit(xs, ys, 2)
2026-07-04T02:21:52Z [16,547,189ms] [Error] [omni.kit.app._impl] [py stderr]: /media/samuel/Fast_SSD/SE4AI/thesis_repo/src/cobraflex_rl/cobraflex_rl/cv_lane_estimator.py:253: RankWarning: Polyfit may be poorly conditioned
  c2, c1, c0 = np.polyfit(xs, ys, 2)
2026-07-04T02:21:52Z [16,547,189ms] [Error] [omni.kit.app._impl] [py stderr]: /media/samuel/Fast_SSD/SE4AI/thesis_repo/src/cobraflex_rl/cobraflex_rl/cv_lane_estimator.py:253: RankWarning: Polyfit may be poorly conditioned
  c2, c1, c0 = np.polyfit(xs, ys, 2)
2026-07-04T02:21:52Z [16,547,189ms] [Error] [omni.kit.app._impl] [py stderr]: /media/samuel/Fast_SSD/SE4AI/thesis_repo/src/cobraflex_rl/cobraflex_rl/cv_lane_estimator.py:253: RankWarning: Polyfit may be poorly conditioned
  c2, c1, c0 = np.polyfit(xs, ys, 2)
2026-07-04T02:21:52Z [16,547,189ms] [Error] [omni.kit.app._impl] [py stderr]: /media/samuel/Fast_SSD/SE4AI/thesis_repo/src/cobraflex_rl/cobraflex_rl/cv_lane_estimator.py:253: RankWarning: Polyfit may be poorly conditioned
  c2, c1, c0 = np.polyfit(xs, ys, 2)
PPO progress: 446000/1000000 (45%) | ep_rew_mean=41.73 | ep_len_mean=40 | episodes=100 | fps=26
---------------------------------------
| rollout/                |           |
|    ep_len_mean          | 32.8      |
|    ep_rew_mean          | 32.3      |
| time/                   |           |
|    fps                  | 26        |
|    iterations           | 436       |
|    time_elapsed         | 16566     |
|    total_timesteps      | 446464    |
| train/                  |           |
|    approx_kl            | 0.2490732 |
|    clip_fraction        | 0.536     |
|    clip_range           | 0.2       |
|    clip_range_vf        | 0.2       |
|    entropy_loss         | 1.6       |
|    explained_variance   | 0.68      |
|    learning_rate        | 0.000166  |
|    loss                 | -0.00503  |
|    n_updates            | 3280      |
|    policy_gradient_loss | -0.0563   |
|    std                  | 0.109     |
|    value_loss           | 0.176     |
---------------------------------------
Early stopping at step 8 due to reaching max kl: 0.88
PPO progress: 447000/1000000 (45%) | ep_rew_mean=38.09 | ep_len_mean=38 | episodes=100 | fps=26
2026-07-04T02:22:55Z [16,609,872ms] [Error] [omni.kit.app._impl] [py stderr]: /media/samuel/Fast_SSD/SE4AI/thesis_repo/src/cobraflex_rl/cobraflex_rl/cv_lane_estimator.py:253: RankWarning: Polyfit may be poorly conditioned
  c2, c1, c0 = np.polyfit(xs, ys, 2)
2026-07-04T02:22:55Z [16,609,872ms] [Error] [omni.kit.app._impl] [py stderr]: /media/samuel/Fast_SSD/SE4AI/thesis_repo/src/cobraflex_rl/cobraflex_rl/cv_lane_estimator.py:253: RankWarning: Polyfit may be poorly conditioned
  c2, c1, c0 = np.polyfit(xs, ys, 2)
----------------------------------------
| rollout/                |            |
|    ep_len_mean          | 33.6       |
|    ep_rew_mean          | 33.7       |
| time/                   |            |
|    fps                  | 26         |
|    iterations           | 437        |
|    time_elapsed         | 16600      |
|    total_timesteps      | 447488     |
| train/                  |            |
|    approx_kl            | 0.44841123 |
|    clip_fraction        | 0.514      |
|    clip_range           | 0.2        |
|    clip_range_vf        | 0.2        |
|    entropy_loss         | 1.61       |
|    explained_variance   | 0.694      |
|    learning_rate        | 0.000166   |
|    loss                 | -0.000203  |
|    n_updates            | 3289       |
|    policy_gradient_loss | -0.0561    |
|    std                  | 0.107      |
|    value_loss           | 0.182      |
----------------------------------------
Early stopping at step 5 due to reaching max kl: 1.03
PPO progress: 448000/1000000 (45%) | ep_rew_mean=35.31 | ep_len_mean=34 | episodes=100 | fps=26
---------------------------------------
| rollout/                |           |
|    ep_len_mean          | 32.2      |
|    ep_rew_mean          | 31.4      |
| time/                   |           |
|    fps                  | 26        |
|    iterations           | 438       |
|    time_elapsed         | 16637     |
|    total_timesteps      | 448512    |
| train/                  |           |
|    approx_kl            | 0.5109388 |
|    clip_fraction        | 0.507     |
|    clip_range           | 0.2       |
|    clip_range_vf        | 0.2       |
|    entropy_loss         | 1.63      |
|    explained_variance   | 0.792     |
|    learning_rate        | 0.000166  |
|    loss                 | -0.0596   |
|    n_updates            | 3295      |
|    policy_gradient_loss | -0.0361   |
|    std                  | 0.107     |
|    value_loss           | 0.113     |
---------------------------------------
2026-07-04T02:23:40Z [16,655,518ms] [Error] [omni.kit.app._impl] [py stderr]: /media/samuel/Fast_SSD/SE4AI/thesis_repo/src/cobraflex_rl/cobraflex_rl/cv_lane_estimator.py:253: RankWarning: Polyfit may be poorly conditioned
  c2, c1, c0 = np.polyfit(xs, ys, 2)
2026-07-04T02:23:40Z [16,655,525ms] [Error] [omni.kit.app._impl] [py stderr]: /media/samuel/Fast_SSD/SE4AI/thesis_repo/src/cobraflex_rl/cobraflex_rl/cv_lane_estimator.py:253: RankWarning: Polyfit may be poorly conditioned
  c2, c1, c0 = np.polyfit(xs, ys, 2)
Early stopping at step 9 due to reaching max kl: 0.83
PPO progress: 449000/1000000 (45%) | ep_rew_mean=27.75 | ep_len_mean=28 | episodes=100 | fps=26
----------------------------------------
| rollout/                |            |
|    ep_len_mean          | 21.5       |
|    ep_rew_mean          | 19.3       |
| time/                   |            |
|    fps                  | 26         |
|    iterations           | 439        |
|    time_elapsed         | 16680      |
|    total_timesteps      | 449536     |
| train/                  |            |
|    approx_kl            | 0.44414943 |
|    clip_fraction        | 0.591      |
|    clip_range           | 0.2        |
|    clip_range_vf        | 0.2        |
|    entropy_loss         | 1.64       |
|    explained_variance   | 0.565      |
|    learning_rate        | 0.000165   |
|    loss                 | 0.138      |
|    n_updates            | 3305       |
|    policy_gradient_loss | -0.0508    |
|    std                  | 0.106      |
|    value_loss           | 0.264      |
----------------------------------------
Early stopping at step 4 due to reaching max kl: 0.84
PPO progress: 450000/1000000 (45%) | ep_rew_mean=21.60 | ep_len_mean=24 | episodes=100 | fps=26
--------------------------------------
| rollout/                |          |
|    ep_len_mean          | 22.6     |
|    ep_rew_mean          | 20.2     |
| time/                   |          |
|    fps                  | 26       |
|    iterations           | 440      |
|    time_elapsed         | 16717    |
|    total_timesteps      | 450560   |
| train/                  |          |
|    approx_kl            | 0.545    |
|    clip_fraction        | 0.524    |
|    clip_range           | 0.2      |
|    clip_range_vf        | 0.2      |
|    entropy_loss         | 1.66     |
|    explained_variance   | 0.832    |
|    learning_rate        | 0.000165 |
|    loss                 | 0.0574   |
|    n_updates            | 3310     |
|    policy_gradient_loss | -0.024   |
|    std                  | 0.106    |
|    value_loss           | 0.112    |
--------------------------------------
Early stopping at step 2 due to reaching max kl: 1.55
PPO progress: 451000/1000000 (45%) | ep_rew_mean=25.06 | ep_len_mean=26 | episodes=100 | fps=26
----------------------------------------
| rollout/                |            |
|    ep_len_mean          | 23.4       |
|    ep_rew_mean          | 21.4       |
| time/                   |            |
|    fps                  | 26         |
|    iterations           | 441        |
|    time_elapsed         | 16756      |
|    total_timesteps      | 451584     |
| train/                  |            |
|    approx_kl            | 0.47938165 |
|    clip_fraction        | 0.443      |
|    clip_range           | 0.2        |
|    clip_range_vf        | 0.2        |
|    entropy_loss         | 1.66       |
|    explained_variance   | 0.636      |
|    learning_rate        | 0.000165   |
|    loss                 | 0.0518     |
|    n_updates            | 3313       |
|    policy_gradient_loss | -0.00693   |
|    std                  | 0.106      |
|    value_loss           | 0.213      |
----------------------------------------
Early stopping at step 2 due to reaching max kl: 0.89
PPO progress: 452000/1000000 (45%) | ep_rew_mean=21.88 | ep_len_mean=24 | episodes=100 | fps=26
---------------------------------------
| rollout/                |           |
|    ep_len_mean          | 24.2      |
|    ep_rew_mean          | 21.9      |
| time/                   |           |
|    fps                  | 26        |
|    iterations           | 442       |
|    time_elapsed         | 16786     |
|    total_timesteps      | 452608    |
| train/                  |           |
|    approx_kl            | 0.4267627 |
|    clip_fraction        | 0.387     |
|    clip_range           | 0.2       |
|    clip_range_vf        | 0.2       |
|    entropy_loss         | 1.66      |
|    explained_variance   | 0.89      |
|    learning_rate        | 0.000165  |
|    loss                 | 0.0103    |
|    n_updates            | 3316      |
|    policy_gradient_loss | -0.00277  |
|    std                  | 0.106     |
|    value_loss           | 0.0785    |
---------------------------------------
Early stopping at step 3 due to reaching max kl: 0.77
PPO progress: 453000/1000000 (45%) | ep_rew_mean=20.41 | ep_len_mean=36 | episodes=100 | fps=26
2026-07-04T02:26:40Z [16,834,800ms] [Error] [omni.kit.app._impl] [py stderr]: /media/samuel/Fast_SSD/SE4AI/thesis_repo/src/cobraflex_rl/cobraflex_rl/cv_lane_estimator.py:253: RankWarning: Polyfit may be poorly conditioned
  c2, c1, c0 = np.polyfit(xs, ys, 2)
----------------------------------------
| rollout/                |            |
|    ep_len_mean          | 35         |
|    ep_rew_mean          | 20.1       |
| time/                   |            |
|    fps                  | 26         |
|    iterations           | 443        |
|    time_elapsed         | 16828      |
|    total_timesteps      | 453632     |
| train/                  |            |
|    approx_kl            | 0.44976342 |
|    clip_fraction        | 0.548      |
|    clip_range           | 0.2        |
|    clip_range_vf        | 0.2        |
|    entropy_loss         | 1.66       |
|    explained_variance   | 0.895      |
|    learning_rate        | 0.000164   |
|    loss                 | -0.0323    |
|    n_updates            | 3320       |
|    policy_gradient_loss | 0.0285     |
|    std                  | 0.106      |
|    value_loss           | 0.0108     |
----------------------------------------
Early stopping at step 5 due to reaching max kl: 1.49
PPO progress: 454000/1000000 (45%) | ep_rew_mean=21.29 | ep_len_mean=35 | episodes=100 | fps=26
2026-07-04T02:27:17Z [16,872,597ms] [Error] [omni.kit.app._impl] [py stderr]: /media/samuel/Fast_SSD/SE4AI/thesis_repo/src/cobraflex_rl/cobraflex_rl/cv_lane_estimator.py:253: RankWarning: Polyfit may be poorly conditioned
  c2, c1, c0 = np.polyfit(xs, ys, 2)
---------------------------------------
| rollout/                |           |
|    ep_len_mean          | 35.5      |
|    ep_rew_mean          | 21.8      |
| time/                   |           |
|    fps                  | 26        |
|    iterations           | 444       |
|    time_elapsed         | 16866     |
|    total_timesteps      | 454656    |
| train/                  |           |
|    approx_kl            | 0.7815466 |
|    clip_fraction        | 0.485     |
|    clip_range           | 0.2       |
|    clip_range_vf        | 0.2       |
|    entropy_loss         | 1.66      |
|    explained_variance   | 0.894     |
|    learning_rate        | 0.000164  |
|    loss                 | -0.0675   |
|    n_updates            | 3326      |
|    policy_gradient_loss | -0.0358   |
|    std                  | 0.106     |
|    value_loss           | 0.0781    |
---------------------------------------
Early stopping at step 3 due to reaching max kl: 0.83
PPO progress: 455000/1000000 (46%) | ep_rew_mean=24.31 | ep_len_mean=37 | episodes=100 | fps=26
----------------------------------------
| rollout/                |            |
|    ep_len_mean          | 38.3       |
|    ep_rew_mean          | 27         |
| time/                   |            |
|    fps                  | 26         |
|    iterations           | 445        |
|    time_elapsed         | 16914      |
|    total_timesteps      | 455680     |
| train/                  |            |
|    approx_kl            | 0.34752244 |
|    clip_fraction        | 0.491      |
|    clip_range           | 0.2        |
|    clip_range_vf        | 0.2        |
|    entropy_loss         | 1.66       |
|    explained_variance   | 0.573      |
|    learning_rate        | 0.000164   |
|    loss                 | 0.12       |
|    n_updates            | 3330       |
|    policy_gradient_loss | -0.0252    |
|    std                  | 0.105      |
|    value_loss           | 0.219      |
----------------------------------------
2026-07-04T02:28:17Z [16,931,926ms] [Error] [omni.kit.app._impl] [py stderr]: /media/samuel/Fast_SSD/SE4AI/thesis_repo/src/cobraflex_rl/cobraflex_rl/cv_lane_estimator.py:253: RankWarning: Polyfit may be poorly conditioned
  c2, c1, c0 = np.polyfit(xs, ys, 2)
Early stopping at step 3 due to reaching max kl: 0.77
PPO progress: 456000/1000000 (46%) | ep_rew_mean=29.11 | ep_len_mean=28 | episodes=100 | fps=26
----------------------------------------
| rollout/                |            |
|    ep_len_mean          | 30.1       |
|    ep_rew_mean          | 32.5       |
| time/                   |            |
|    fps                  | 26         |
|    iterations           | 446        |
|    time_elapsed         | 16948      |
|    total_timesteps      | 456704     |
| train/                  |            |
|    approx_kl            | 0.76635396 |
|    clip_fraction        | 0.464      |
|    clip_range           | 0.2        |
|    clip_range_vf        | 0.2        |
|    entropy_loss         | 1.67       |
|    explained_variance   | 0.823      |
|    learning_rate        | 0.000163   |
|    loss                 | 0.0231     |
|    n_updates            | 3334       |
|    policy_gradient_loss | -0.00511   |
|    std                  | 0.105      |
|    value_loss           | 0.149      |
----------------------------------------
Early stopping at step 6 due to reaching max kl: 0.80
PPO progress: 457000/1000000 (46%) | ep_rew_mean=28.78 | ep_len_mean=28 | episodes=100 | fps=26
2026-07-04T02:29:09Z [16,984,386ms] [Error] [omni.kit.app._impl] [py stderr]: /media/samuel/Fast_SSD/SE4AI/thesis_repo/src/cobraflex_rl/cobraflex_rl/cv_lane_estimator.py:253: RankWarning: Polyfit may be poorly conditioned
  c2, c1, c0 = np.polyfit(xs, ys, 2)
2026-07-04T02:29:09Z [16,984,541ms] [Error] [omni.kit.app._impl] [py stderr]: /media/samuel/Fast_SSD/SE4AI/thesis_repo/src/cobraflex_rl/cobraflex_rl/cv_lane_estimator.py:253: RankWarning: Polyfit may be poorly conditioned
  c2, c1, c0 = np.polyfit(xs, ys, 2)
2026-07-04T02:29:09Z [16,984,541ms] [Error] [omni.kit.app._impl] [py stderr]: /media/samuel/Fast_SSD/SE4AI/thesis_repo/src/cobraflex_rl/cobraflex_rl/cv_lane_estimator.py:253: RankWarning: Polyfit may be poorly conditioned
  c2, c1, c0 = np.polyfit(xs, ys, 2)
---------------------------------------
| rollout/                |           |
|    ep_len_mean          | 31.3      |
|    ep_rew_mean          | 31.1      |
| time/                   |           |
|    fps                  | 26        |
|    iterations           | 447       |
|    time_elapsed         | 16981     |
|    total_timesteps      | 457728    |
| train/                  |           |
|    approx_kl            | 0.4286661 |
|    clip_fraction        | 0.522     |
|    clip_range           | 0.2       |
|    clip_range_vf        | 0.2       |
|    entropy_loss         | 1.67      |
|    explained_variance   | 0.639     |
|    learning_rate        | 0.000163  |
|    loss                 | 0.0648    |
|    n_updates            | 3341      |
|    policy_gradient_loss | -0.056    |
|    std                  | 0.105     |
|    value_loss           | 0.227     |
---------------------------------------
Early stopping at step 3 due to reaching max kl: 0.95
PPO progress: 458000/1000000 (46%) | ep_rew_mean=33.36 | ep_len_mean=32 | episodes=100 | fps=26
---------------------------------------
| rollout/                |           |
|    ep_len_mean          | 32.9      |
|    ep_rew_mean          | 31.3      |
| time/                   |           |
|    fps                  | 26        |
|    iterations           | 448       |
|    time_elapsed         | 17015     |
|    total_timesteps      | 458752    |
| train/                  |           |
|    approx_kl            | 0.4063794 |
|    clip_fraction        | 0.484     |
|    clip_range           | 0.2       |
|    clip_range_vf        | 0.2       |
|    entropy_loss         | 1.68      |
|    explained_variance   | 0.79      |
|    learning_rate        | 0.000163  |
|    loss                 | 0.0228    |
|    n_updates            | 3345      |
|    policy_gradient_loss | -0.0294   |
|    std                  | 0.105     |
|    value_loss           | 0.133     |
---------------------------------------
Early stopping at step 4 due to reaching max kl: 0.76
PPO progress: 459000/1000000 (46%) | ep_rew_mean=33.72 | ep_len_mean=35 | episodes=100 | fps=26
2026-07-04T02:30:03Z [17,038,574ms] [Error] [omni.kit.app._impl] [py stderr]: /media/samuel/Fast_SSD/SE4AI/thesis_repo/src/cobraflex_rl/cobraflex_rl/cv_lane_estimator.py:253: RankWarning: Polyfit may be poorly conditioned
  c2, c1, c0 = np.polyfit(xs, ys, 2)
2026-07-04T02:30:27Z [17,062,510ms] [Error] [omni.kit.app._impl] [py stderr]: /media/samuel/Fast_SSD/SE4AI/thesis_repo/src/cobraflex_rl/cobraflex_rl/cv_lane_estimator.py:253: RankWarning: Polyfit may be poorly conditioned
  c2, c1, c0 = np.polyfit(xs, ys, 2)
----------------------------------------
| rollout/                |            |
|    ep_len_mean          | 31.3       |
|    ep_rew_mean          | 27.9       |
| time/                   |            |
|    fps                  | 26         |
|    iterations           | 449        |
|    time_elapsed         | 17062      |
|    total_timesteps      | 459776     |
| train/                  |            |
|    approx_kl            | 0.40037283 |
|    clip_fraction        | 0.493      |
|    clip_range           | 0.2        |
|    clip_range_vf        | 0.2        |
|    entropy_loss         | 1.68       |
|    explained_variance   | 0.656      |
|    learning_rate        | 0.000162   |
|    loss                 | 0.122      |
|    n_updates            | 3350       |
|    policy_gradient_loss | -0.0356    |
|    std                  | 0.105      |
|    value_loss           | 0.21       |
----------------------------------------
Early stopping at step 3 due to reaching max kl: 1.03
PPO progress: 460000/1000000 (46%) | ep_rew_mean=21.98 | ep_len_mean=25 | episodes=100 | fps=26
---------------------------------------
| rollout/                |           |
|    ep_len_mean          | 21.7      |
|    ep_rew_mean          | 18.1      |
| time/                   |           |
|    fps                  | 26        |
|    iterations           | 450       |
|    time_elapsed         | 17109     |
|    total_timesteps      | 460800    |
| train/                  |           |
|    approx_kl            | 0.3811164 |
|    clip_fraction        | 0.471     |
|    clip_range           | 0.2       |
|    clip_range_vf        | 0.2       |
|    entropy_loss         | 1.68      |
|    explained_variance   | 0.637     |
|    learning_rate        | 0.000162  |
|    loss                 | 0.0741    |
|    n_updates            | 3354      |
|    policy_gradient_loss | -0.0173   |
|    std                  | 0.105     |
|    value_loss           | 0.155     |
---------------------------------------
Early stopping at step 6 due to reaching max kl: 0.84
PPO progress: 461000/1000000 (46%) | ep_rew_mean=15.73 | ep_len_mean=20 | episodes=100 | fps=26
---------------------------------------
| rollout/                |           |
|    ep_len_mean          | 20.2      |
|    ep_rew_mean          | 15.7      |
| time/                   |           |
|    fps                  | 26        |
|    iterations           | 451       |
|    time_elapsed         | 17139     |
|    total_timesteps      | 461824    |
| train/                  |           |
|    approx_kl            | 0.4286198 |
|    clip_fraction        | 0.568     |
|    clip_range           | 0.2       |
|    clip_range_vf        | 0.2       |
|    entropy_loss         | 1.68      |
|    explained_variance   | 0.596     |
|    learning_rate        | 0.000162  |
|    loss                 | 0.00658   |
|    n_updates            | 3361      |
|    policy_gradient_loss | -0.0519   |
|    std                  | 0.104     |
|    value_loss           | 0.177     |
---------------------------------------
PPO progress: 462000/1000000 (46%) | ep_rew_mean=11.68 | ep_len_mean=30 | episodes=100 | fps=26
----------------------------------------
| rollout/                |            |
|    ep_len_mean          | 34.6       |
|    ep_rew_mean          | 16.6       |
| time/                   |            |
|    fps                  | 26         |
|    iterations           | 452        |
|    time_elapsed         | 17176      |
|    total_timesteps      | 462848     |
| train/                  |            |
|    approx_kl            | 0.19593737 |
|    clip_fraction        | 0.39       |
|    clip_range           | 0.2        |
|    clip_range_vf        | 0.2        |
|    entropy_loss         | 1.69       |
|    explained_variance   | 0.61       |
|    learning_rate        | 0.000161   |
|    loss                 | -0.00494   |
|    n_updates            | 3371       |
|    policy_gradient_loss | -0.0324    |
|    std                  | 0.104      |
|    value_loss           | 0.0658     |
----------------------------------------
Early stopping at step 3 due to reaching max kl: 1.83
PPO progress: 463000/1000000 (46%) | ep_rew_mean=18.97 | ep_len_mean=36 | episodes=100 | fps=26
2026-07-04T02:32:51Z [17,206,226ms] [Error] [omni.kit.app._impl] [py stderr]: /media/samuel/Fast_SSD/SE4AI/thesis_repo/src/cobraflex_rl/cobraflex_rl/cv_lane_estimator.py:253: RankWarning: Polyfit may be poorly conditioned
  c2, c1, c0 = np.polyfit(xs, ys, 2)
2026-07-04T02:32:51Z [17,206,252ms] [Error] [omni.kit.app._impl] [py stderr]: /media/samuel/Fast_SSD/SE4AI/thesis_repo/src/cobraflex_rl/cobraflex_rl/cv_lane_estimator.py:253: RankWarning: Polyfit may be poorly conditioned
  c2, c1, c0 = np.polyfit(xs, ys, 2)
2026-07-04T02:32:58Z [17,212,769ms] [Error] [omni.kit.app._impl] [py stderr]: /media/samuel/Fast_SSD/SE4AI/thesis_repo/src/cobraflex_rl/cobraflex_rl/cv_lane_estimator.py:253: RankWarning: Polyfit may be poorly conditioned
  c2, c1, c0 = np.polyfit(xs, ys, 2)
2026-07-04T02:33:05Z [17,219,933ms] [Error] [omni.kit.app._impl] [py stderr]: /media/samuel/Fast_SSD/SE4AI/thesis_repo/src/cobraflex_rl/cobraflex_rl/cv_lane_estimator.py:253: RankWarning: Polyfit may be poorly conditioned
  c2, c1, c0 = np.polyfit(xs, ys, 2)
2026-07-04T02:33:14Z [17,229,171ms] [Error] [omni.kit.app._impl] [py stderr]: /media/samuel/Fast_SSD/SE4AI/thesis_repo/src/cobraflex_rl/cobraflex_rl/cv_lane_estimator.py:253: RankWarning: Polyfit may be poorly conditioned
  c2, c1, c0 = np.polyfit(xs, ys, 2)
----------------------------------------
| rollout/                |            |
|    ep_len_mean          | 37.9       |
|    ep_rew_mean          | 23.3       |
| time/                   |            |
|    fps                  | 26         |
|    iterations           | 453        |
|    time_elapsed         | 17217      |
|    total_timesteps      | 463872     |
| train/                  |            |
|    approx_kl            | 0.37544954 |
|    clip_fraction        | 0.445      |
|    clip_range           | 0.2        |
|    clip_range_vf        | 0.2        |
|    entropy_loss         | 1.69       |
|    explained_variance   | 0.906      |
|    learning_rate        | 0.000161   |
|    loss                 | -0.0249    |
|    n_updates            | 3375       |
|    policy_gradient_loss | -0.0262    |
|    std                  | 0.104      |
|    value_loss           | 0.0853     |
----------------------------------------
Early stopping at step 2 due to reaching max kl: 0.97
PPO progress: 464000/1000000 (46%) | ep_rew_mean=24.80 | ep_len_mean=39 | episodes=100 | fps=26
2026-07-04T02:33:26Z [17,241,328ms] [Error] [omni.kit.app._impl] [py stderr]: /media/samuel/Fast_SSD/SE4AI/thesis_repo/src/cobraflex_rl/cobraflex_rl/cv_lane_estimator.py:253: RankWarning: Polyfit may be poorly conditioned
  c2, c1, c0 = np.polyfit(xs, ys, 2)
2026-07-04T02:33:26Z [17,241,400ms] [Error] [omni.kit.app._impl] [py stderr]: /media/samuel/Fast_SSD/SE4AI/thesis_repo/src/cobraflex_rl/cobraflex_rl/cv_lane_estimator.py:253: RankWarning: Polyfit may be poorly conditioned
  c2, c1, c0 = np.polyfit(xs, ys, 2)
2026-07-04T02:33:32Z [17,247,012ms] [Error] [omni.kit.app._impl] [py stderr]: /media/samuel/Fast_SSD/SE4AI/thesis_repo/src/cobraflex_rl/cobraflex_rl/cv_lane_estimator.py:253: RankWarning: Polyfit may be poorly conditioned
  c2, c1, c0 = np.polyfit(xs, ys, 2)
2026-07-04T02:33:54Z [17,269,255ms] [Error] [omni.kit.app._impl] [py stderr]: /media/samuel/Fast_SSD/SE4AI/thesis_repo/src/cobraflex_rl/cobraflex_rl/cv_lane_estimator.py:253: RankWarning: Polyfit may be poorly conditioned
  c2, c1, c0 = np.polyfit(xs, ys, 2)
----------------------------------------
| rollout/                |            |
|    ep_len_mean          | 26.9       |
|    ep_rew_mean          | 29         |
| time/                   |            |
|    fps                  | 26         |
|    iterations           | 454        |
|    time_elapsed         | 17271      |
|    total_timesteps      | 464896     |
| train/                  |            |
|    approx_kl            | 0.34847626 |
|    clip_fraction        | 0.428      |
|    clip_range           | 0.2        |
|    clip_range_vf        | 0.2        |
|    entropy_loss         | 1.69       |
|    explained_variance   | 0.803      |
|    learning_rate        | 0.000161   |
|    loss                 | -0.0203    |
|    n_updates            | 3378       |
|    policy_gradient_loss | -0.0234    |
|    std                  | 0.104      |
|    value_loss           | 0.115      |
----------------------------------------
Early stopping at step 5 due to reaching max kl: 0.78
PPO progress: 465000/1000000 (46%) | ep_rew_mean=26.48 | ep_len_mean=26 | episodes=100 | fps=26
--------------------------------------
| rollout/                |          |
|    ep_len_mean          | 21.8     |
|    ep_rew_mean          | 18.8     |
| time/                   |          |
|    fps                  | 26       |
|    iterations           | 455      |
|    time_elapsed         | 17307    |
|    total_timesteps      | 465920   |
| train/                  |          |
|    approx_kl            | 0.573974 |
|    clip_fraction        | 0.572    |
|    clip_range           | 0.2      |
|    clip_range_vf        | 0.2      |
|    entropy_loss         | 1.69     |
|    explained_variance   | 0.727    |
|    learning_rate        | 0.000161 |
|    loss                 | 0.0621   |
|    n_updates            | 3384     |
|    policy_gradient_loss | -0.0268  |
|    std                  | 0.104    |
|    value_loss           | 0.154    |
--------------------------------------
Early stopping at step 3 due to reaching max kl: 1.11
PPO progress: 466000/1000000 (47%) | ep_rew_mean=18.80 | ep_len_mean=22 | episodes=100 | fps=26
----------------------------------------
| rollout/                |            |
|    ep_len_mean          | 34.6       |
|    ep_rew_mean          | 18.4       |
| time/                   |            |
|    fps                  | 26         |
|    iterations           | 456        |
|    time_elapsed         | 17333      |
|    total_timesteps      | 466944     |
| train/                  |            |
|    approx_kl            | 0.31098485 |
|    clip_fraction        | 0.38       |
|    clip_range           | 0.2        |
|    clip_range_vf        | 0.2        |
|    entropy_loss         | 1.69       |
|    explained_variance   | 0.857      |
|    learning_rate        | 0.00016    |
|    loss                 | -0.0118    |
|    n_updates            | 3388       |
|    policy_gradient_loss | -0.0105    |
|    std                  | 0.104      |
|    value_loss           | 0.0392     |
----------------------------------------
Early stopping at step 3 due to reaching max kl: 0.86
PPO progress: 467000/1000000 (47%) | ep_rew_mean=18.42 | ep_len_mean=35 | episodes=100 | fps=26
----------------------------------------
| rollout/                |            |
|    ep_len_mean          | 37.1       |
|    ep_rew_mean          | 21.7       |
| time/                   |            |
|    fps                  | 26         |
|    iterations           | 457        |
|    time_elapsed         | 17374      |
|    total_timesteps      | 467968     |
| train/                  |            |
|    approx_kl            | 0.40152064 |
|    clip_fraction        | 0.459      |
|    clip_range           | 0.2        |
|    clip_range_vf        | 0.2        |
|    entropy_loss         | 1.69       |
|    explained_variance   | 0.937      |
|    learning_rate        | 0.00016    |
|    loss                 | -0.0129    |
|    n_updates            | 3392       |
|    policy_gradient_loss | -0.00426   |
|    std                  | 0.104      |
|    value_loss           | 0.0669     |
----------------------------------------
Early stopping at step 4 due to reaching max kl: 0.99
PPO progress: 468000/1000000 (47%) | ep_rew_mean=21.67 | ep_len_mean=37 | episodes=100 | fps=26
----------------------------------------
| rollout/                |            |
|    ep_len_mean          | 44.3       |
|    ep_rew_mean          | 30.8       |
| time/                   |            |
|    fps                  | 26         |
|    iterations           | 458        |
|    time_elapsed         | 17407      |
|    total_timesteps      | 468992     |
| train/                  |            |
|    approx_kl            | 0.42834175 |
|    clip_fraction        | 0.453      |
|    clip_range           | 0.2        |
|    clip_range_vf        | 0.2        |
|    entropy_loss         | 1.69       |
|    explained_variance   | 0.888      |
|    learning_rate        | 0.00016    |
|    loss                 | -0.0265    |
|    n_updates            | 3397       |
|    policy_gradient_loss | -0.0322    |
|    std                  | 0.104      |
|    value_loss           | 0.0569     |
----------------------------------------
Early stopping at step 6 due to reaching max kl: 0.82
PPO progress: 469000/1000000 (47%) | ep_rew_mean=30.81 | ep_len_mean=44 | episodes=100 | fps=26
PPO progress: 470000/1000000 (47%) | ep_rew_mean=33.04 | ep_len_mean=33 | episodes=100 | fps=26
----------------------------------------
| rollout/                |            |
|    ep_len_mean          | 32.8       |
|    ep_rew_mean          | 33         |
| time/                   |            |
|    fps                  | 26         |
|    iterations           | 459        |
|    time_elapsed         | 17444      |
|    total_timesteps      | 470016     |
| train/                  |            |
|    approx_kl            | 0.70561063 |
|    clip_fraction        | 0.504      |
|    clip_range           | 0.2        |
|    clip_range_vf        | 0.2        |
|    entropy_loss         | 1.69       |
|    explained_variance   | 0.858      |
|    learning_rate        | 0.000159   |
|    loss                 | -0.0766    |
|    n_updates            | 3404       |
|    policy_gradient_loss | -0.053     |
|    std                  | 0.104      |
|    value_loss           | 0.0592     |
----------------------------------------
Early stopping at step 1 due to reaching max kl: 1.88
PPO progress: 471000/1000000 (47%) | ep_rew_mean=24.11 | ep_len_mean=30 | episodes=100 | fps=26
---------------------------------------
| rollout/                |           |
|    ep_len_mean          | 29.9      |
|    ep_rew_mean          | 24.1      |
| time/                   |           |
|    fps                  | 26        |
|    iterations           | 460       |
|    time_elapsed         | 17482     |
|    total_timesteps      | 471040    |
| train/                  |           |
|    approx_kl            | 0.9016509 |
|    clip_fraction        | 0.317     |
|    clip_range           | 0.2       |
|    clip_range_vf        | 0.2       |
|    entropy_loss         | 1.69      |
|    explained_variance   | 0.799     |
|    learning_rate        | 0.000159  |
|    loss                 | 0.108     |
|    n_updates            | 3406      |
|    policy_gradient_loss | 0.0196    |
|    std                  | 0.104     |
|    value_loss           | 0.16      |
---------------------------------------
2026-07-04T02:37:51Z [17,506,036ms] [Error] [omni.kit.app._impl] [py stderr]: /media/samuel/Fast_SSD/SE4AI/thesis_repo/src/cobraflex_rl/cobraflex_rl/cv_lane_estimator.py:253: RankWarning: Polyfit may be poorly conditioned
  c2, c1, c0 = np.polyfit(xs, ys, 2)
2026-07-04T02:37:59Z [17,514,571ms] [Error] [omni.kit.app._impl] [py stderr]: /media/samuel/Fast_SSD/SE4AI/thesis_repo/src/cobraflex_rl/cobraflex_rl/cv_lane_estimator.py:253: RankWarning: Polyfit may be poorly conditioned
  c2, c1, c0 = np.polyfit(xs, ys, 2)
Early stopping at step 2 due to reaching max kl: 0.79
PPO progress: 472000/1000000 (47%) | ep_rew_mean=21.87 | ep_len_mean=29 | episodes=100 | fps=26
--------------------------------------
| rollout/                |          |
|    ep_len_mean          | 29.5     |
|    ep_rew_mean          | 22.9     |
| time/                   |          |
|    fps                  | 26       |
|    iterations           | 461      |
|    time_elapsed         | 17519    |
|    total_timesteps      | 472064   |
| train/                  |          |
|    approx_kl            | 0.490728 |
|    clip_fraction        | 0.493    |
|    clip_range           | 0.2      |
|    clip_range_vf        | 0.2      |
|    entropy_loss         | 1.69     |
|    explained_variance   | 0.774    |
|    learning_rate        | 0.000159 |
|    loss                 | 0.0357   |
|    n_updates            | 3409     |
|    policy_gradient_loss | 0.00115  |
|    std                  | 0.104    |
|    value_loss           | 0.157    |
--------------------------------------
PPO progress: 473000/1000000 (47%) | ep_rew_mean=23.27 | ep_len_mean=27 | episodes=100 | fps=26
---------------------------------------
| rollout/                |           |
|    ep_len_mean          | 24.9      |
|    ep_rew_mean          | 20.9      |
| time/                   |           |
|    fps                  | 26        |
|    iterations           | 462       |
|    time_elapsed         | 17564     |
|    total_timesteps      | 473088    |
| train/                  |           |
|    approx_kl            | 0.4806252 |
|    clip_fraction        | 0.607     |
|    clip_range           | 0.2       |
|    clip_range_vf        | 0.2       |
|    entropy_loss         | 1.7       |
|    explained_variance   | 0.819     |
|    learning_rate        | 0.000158  |
|    loss                 | -0.0146   |
|    n_updates            | 3419      |
|    policy_gradient_loss | -0.0625   |
|    std                  | 0.103     |
|    value_loss           | 0.11      |
---------------------------------------
2026-07-04T02:39:16Z [17,591,265ms] [Error] [omni.kit.app._impl] [py stderr]: /media/samuel/Fast_SSD/SE4AI/thesis_repo/src/cobraflex_rl/cobraflex_rl/cv_lane_estimator.py:253: RankWarning: Polyfit may be poorly conditioned
  c2, c1, c0 = np.polyfit(xs, ys, 2)
2026-07-04T02:39:37Z [17,611,913ms] [Error] [omni.kit.app._impl] [py stderr]: /media/samuel/Fast_SSD/SE4AI/thesis_repo/src/cobraflex_rl/cobraflex_rl/cv_lane_estimator.py:253: RankWarning: Polyfit may be poorly conditioned
  c2, c1, c0 = np.polyfit(xs, ys, 2)
2026-07-04T02:39:37Z [17,611,938ms] [Error] [omni.kit.app._impl] [py stderr]: /media/samuel/Fast_SSD/SE4AI/thesis_repo/src/cobraflex_rl/cobraflex_rl/cv_lane_estimator.py:253: RankWarning: Polyfit may be poorly conditioned
  c2, c1, c0 = np.polyfit(xs, ys, 2)
Early stopping at step 2 due to reaching max kl: 0.89
PPO progress: 474000/1000000 (47%) | ep_rew_mean=22.76 | ep_len_mean=27 | episodes=100 | fps=26
----------------------------------------
| rollout/                |            |
|    ep_len_mean          | 24         |
|    ep_rew_mean          | 20.6       |
| time/                   |            |
|    fps                  | 26         |
|    iterations           | 463        |
|    time_elapsed         | 17605      |
|    total_timesteps      | 474112     |
| train/                  |            |
|    approx_kl            | 0.27603477 |
|    clip_fraction        | 0.456      |
|    clip_range           | 0.2        |
|    clip_range_vf        | 0.2        |
|    entropy_loss         | 1.72       |
|    explained_variance   | 0.616      |
|    learning_rate        | 0.000158   |
|    loss                 | 0.104      |
|    n_updates            | 3422       |
|    policy_gradient_loss | -0.0116    |
|    std                  | 0.103      |
|    value_loss           | 0.248      |
----------------------------------------
Early stopping at step 3 due to reaching max kl: 2.14
PPO progress: 475000/1000000 (48%) | ep_rew_mean=22.06 | ep_len_mean=24 | episodes=100 | fps=26
---------------------------------------
| rollout/                |           |
|    ep_len_mean          | 24.7      |
|    ep_rew_mean          | 22.4      |
| time/                   |           |
|    fps                  | 26        |
|    iterations           | 464       |
|    time_elapsed         | 17641     |
|    total_timesteps      | 475136    |
| train/                  |           |
|    approx_kl            | 2.1428306 |
|    clip_fraction        | 0.463     |
|    clip_range           | 0.2       |
|    clip_range_vf        | 0.2       |
|    entropy_loss         | 1.72      |
|    explained_variance   | 0.765     |
|    learning_rate        | 0.000158  |
|    loss                 | 0.000952  |
|    n_updates            | 3426      |
|    policy_gradient_loss | -0.0161   |
|    std                  | 0.103     |
|    value_loss           | 0.135     |
---------------------------------------
Early stopping at step 9 due to reaching max kl: 0.80
PPO progress: 476000/1000000 (48%) | ep_rew_mean=27.58 | ep_len_mean=29 | episodes=100 | fps=26
----------------------------------------
| rollout/                |            |
|    ep_len_mean          | 25.3       |
|    ep_rew_mean          | 23.6       |
| time/                   |            |
|    fps                  | 26         |
|    iterations           | 465        |
|    time_elapsed         | 17682      |
|    total_timesteps      | 476160     |
| train/                  |            |
|    approx_kl            | 0.38998243 |
|    clip_fraction        | 0.542      |
|    clip_range           | 0.2        |
|    clip_range_vf        | 0.2        |
|    entropy_loss         | 1.73       |
|    explained_variance   | 0.8        |
|    learning_rate        | 0.000157   |
|    loss                 | -0.0423    |
|    n_updates            | 3436       |
|    policy_gradient_loss | -0.0592    |
|    std                  | 0.102      |
|    value_loss           | 0.103      |
----------------------------------------
2026-07-04T02:41:20Z [17,715,332ms] [Error] [omni.kit.app._impl] [py stderr]: /media/samuel/Fast_SSD/SE4AI/thesis_repo/src/cobraflex_rl/cobraflex_rl/cv_lane_estimator.py:253: RankWarning: Polyfit may be poorly conditioned
  c2, c1, c0 = np.polyfit(xs, ys, 2)
2026-07-04T02:41:20Z [17,715,339ms] [Error] [omni.kit.app._impl] [py stderr]: /media/samuel/Fast_SSD/SE4AI/thesis_repo/src/cobraflex_rl/cobraflex_rl/cv_lane_estimator.py:253: RankWarning: Polyfit may be poorly conditioned
  c2, c1, c0 = np.polyfit(xs, ys, 2)
2026-07-04T02:41:32Z [17,727,025ms] [Error] [omni.kit.app._impl] [py stderr]: /media/samuel/Fast_SSD/SE4AI/thesis_repo/src/cobraflex_rl/cobraflex_rl/cv_lane_estimator.py:253: RankWarning: Polyfit may be poorly conditioned
  c2, c1, c0 = np.polyfit(xs, ys, 2)
PPO progress: 477000/1000000 (48%) | ep_rew_mean=24.17 | ep_len_mean=26 | episodes=100 | fps=26
---------------------------------------
| rollout/                |           |
|    ep_len_mean          | 27.4      |
|    ep_rew_mean          | 25.1      |
| time/                   |           |
|    fps                  | 26        |
|    iterations           | 466       |
|    time_elapsed         | 17719     |
|    total_timesteps      | 477184    |
| train/                  |           |
|    approx_kl            | 0.3701424 |
|    clip_fraction        | 0.566     |
|    clip_range           | 0.2       |
|    clip_range_vf        | 0.2       |
|    entropy_loss         | 1.75      |
|    explained_variance   | 0.64      |
|    learning_rate        | 0.000157  |
|    loss                 | 0.0636    |
|    n_updates            | 3446      |
|    policy_gradient_loss | -0.0695   |
|    std                  | 0.101     |
|    value_loss           | 0.187     |
---------------------------------------
2026-07-04T02:41:56Z [17,751,678ms] [Error] [omni.kit.app._impl] [py stderr]: /media/samuel/Fast_SSD/SE4AI/thesis_repo/src/cobraflex_rl/cobraflex_rl/cv_lane_estimator.py:253: RankWarning: Polyfit may be poorly conditioned
  c2, c1, c0 = np.polyfit(xs, ys, 2)
[isaac_interface] WARN: Spawn pose did not settle after teleport; first-step ey may be unreliable.
PPO progress: 478000/1000000 (48%) | ep_rew_mean=22.95 | ep_len_mean=24 | episodes=100 | fps=26
----------------------------------------
| rollout/                |            |
|    ep_len_mean          | 25         |
|    ep_rew_mean          | 23.5       |
| time/                   |            |
|    fps                  | 26         |
|    iterations           | 467        |
|    time_elapsed         | 17756      |
|    total_timesteps      | 478208     |
| train/                  |            |
|    approx_kl            | 0.31761673 |
|    clip_fraction        | 0.565      |
|    clip_range           | 0.2        |
|    clip_range_vf        | 0.2        |
|    entropy_loss         | 1.77       |
|    explained_variance   | 0.471      |
|    learning_rate        | 0.000157   |
|    loss                 | -0.0222    |
|    n_updates            | 3456       |
|    policy_gradient_loss | -0.0622    |
|    std                  | 0.0992     |
|    value_loss           | 0.18       |
----------------------------------------
2026-07-04T02:42:18Z [17,773,487ms] [Error] [omni.kit.app._impl] [py stderr]: /media/samuel/Fast_SSD/SE4AI/thesis_repo/src/cobraflex_rl/cobraflex_rl/cv_lane_estimator.py:253: RankWarning: Polyfit may be poorly conditioned
  c2, c1, c0 = np.polyfit(xs, ys, 2)
2026-07-04T02:42:28Z [17,782,837ms] [Error] [omni.kit.app._impl] [py stderr]: /media/samuel/Fast_SSD/SE4AI/thesis_repo/src/cobraflex_rl/cobraflex_rl/cv_lane_estimator.py:253: RankWarning: Polyfit may be poorly conditioned
  c2, c1, c0 = np.polyfit(xs, ys, 2)
2026-07-04T02:42:38Z [17,793,658ms] [Error] [omni.kit.app._impl] [py stderr]: /media/samuel/Fast_SSD/SE4AI/thesis_repo/src/cobraflex_rl/cobraflex_rl/cv_lane_estimator.py:253: RankWarning: Polyfit may be poorly conditioned
  c2, c1, c0 = np.polyfit(xs, ys, 2)
Early stopping at step 8 due to reaching max kl: 0.97
PPO progress: 479000/1000000 (48%) | ep_rew_mean=21.51 | ep_len_mean=25 | episodes=100 | fps=26
----------------------------------------
| rollout/                |            |
|    ep_len_mean          | 23.8       |
|    ep_rew_mean          | 21.7       |
| time/                   |            |
|    fps                  | 26         |
|    iterations           | 468        |
|    time_elapsed         | 17798      |
|    total_timesteps      | 479232     |
| train/                  |            |
|    approx_kl            | 0.40143728 |
|    clip_fraction        | 0.509      |
|    clip_range           | 0.2        |
|    clip_range_vf        | 0.2        |
|    entropy_loss         | 1.79       |
|    explained_variance   | 0.926      |
|    learning_rate        | 0.000157   |
|    loss                 | -0.0602    |
|    n_updates            | 3465       |
|    policy_gradient_loss | -0.0536    |
|    std                  | 0.0987     |
|    value_loss           | 0.0492     |
----------------------------------------
2026-07-04T02:43:32Z [17,847,242ms] [Error] [omni.kit.app._impl] [py stderr]: /media/samuel/Fast_SSD/SE4AI/thesis_repo/src/cobraflex_rl/cobraflex_rl/cv_lane_estimator.py:253: RankWarning: Polyfit may be poorly conditioned
  c2, c1, c0 = np.polyfit(xs, ys, 2)
2026-07-04T02:43:32Z [17,847,267ms] [Error] [omni.kit.app._impl] [py stderr]: /media/samuel/Fast_SSD/SE4AI/thesis_repo/src/cobraflex_rl/cobraflex_rl/cv_lane_estimator.py:253: RankWarning: Polyfit may be poorly conditioned
  c2, c1, c0 = np.polyfit(xs, ys, 2)
2026-07-04T02:43:32Z [17,847,512ms] [Error] [omni.kit.app._impl] [py stderr]: /media/samuel/Fast_SSD/SE4AI/thesis_repo/src/cobraflex_rl/cobraflex_rl/cv_lane_estimator.py:253: RankWarning: Polyfit may be poorly conditioned
  c2, c1, c0 = np.polyfit(xs, ys, 2)
2026-07-04T02:43:33Z [17,847,876ms] [Error] [omni.kit.app._impl] [py stderr]: /media/samuel/Fast_SSD/SE4AI/thesis_repo/src/cobraflex_rl/cobraflex_rl/cv_lane_estimator.py:253: RankWarning: Polyfit may be poorly conditioned
  c2, c1, c0 = np.polyfit(xs, ys, 2)
Early stopping at step 1 due to reaching max kl: 0.84
PPO progress: 480000/1000000 (48%) | ep_rew_mean=27.33 | ep_len_mean=28 | episodes=100 | fps=26
---------------------------------------
| rollout/                |           |
|    ep_len_mean          | 29.8      |
|    ep_rew_mean          | 29.6      |
| time/                   |           |
|    fps                  | 26        |
|    iterations           | 469       |
|    time_elapsed         | 17840     |
|    total_timesteps      | 480256    |
| train/                  |           |
|    approx_kl            | 0.8400292 |
|    clip_fraction        | 0.399     |
|    clip_range           | 0.2       |
|    clip_range_vf        | 0.2       |
|    entropy_loss         | 1.8       |
|    explained_variance   | 0.79      |
|    learning_rate        | 0.000156  |
|    loss                 | 0.0522    |
|    n_updates            | 3467      |
|    policy_gradient_loss | 0.0368    |
|    std                  | 0.0987    |
|    value_loss           | 0.133     |
---------------------------------------
2026-07-04T02:44:08Z [17,882,721ms] [Error] [omni.kit.app._impl] [py stderr]: /media/samuel/Fast_SSD/SE4AI/thesis_repo/src/cobraflex_rl/cobraflex_rl/cv_lane_estimator.py:253: RankWarning: Polyfit may be poorly conditioned
  c2, c1, c0 = np.polyfit(xs, ys, 2)
2026-07-04T02:44:08Z [17,882,721ms] [Error] [omni.kit.app._impl] [py stderr]: /media/samuel/Fast_SSD/SE4AI/thesis_repo/src/cobraflex_rl/cobraflex_rl/cv_lane_estimator.py:253: RankWarning: Polyfit may be poorly conditioned
  c2, c1, c0 = np.polyfit(xs, ys, 2)
Early stopping at step 7 due to reaching max kl: 0.88
PPO progress: 481000/1000000 (48%) | ep_rew_mean=34.63 | ep_len_mean=34 | episodes=100 | fps=26
----------------------------------------
| rollout/                |            |
|    ep_len_mean          | 31.9       |
|    ep_rew_mean          | 31.7       |
| time/                   |            |
|    fps                  | 26         |
|    iterations           | 470        |
|    time_elapsed         | 17881      |
|    total_timesteps      | 481280     |
| train/                  |            |
|    approx_kl            | 0.39552593 |
|    clip_fraction        | 0.588      |
|    clip_range           | 0.2        |
|    clip_range_vf        | 0.2        |
|    entropy_loss         | 1.8        |
|    explained_variance   | 0.86       |
|    learning_rate        | 0.000156   |
|    loss                 | -0.0188    |
|    n_updates            | 3475       |
|    policy_gradient_loss | -0.0622    |
|    std                  | 0.0981     |
|    value_loss           | 0.0839     |
----------------------------------------
Early stopping at step 1 due to reaching max kl: 1.15
PPO progress: 482000/1000000 (48%) | ep_rew_mean=31.80 | ep_len_mean=33 | episodes=100 | fps=26
----------------------------------------
| rollout/                |            |
|    ep_len_mean          | 33         |
|    ep_rew_mean          | 32.5       |
| time/                   |            |
|    fps                  | 26         |
|    iterations           | 471        |
|    time_elapsed         | 17915      |
|    total_timesteps      | 482304     |
| train/                  |            |
|    approx_kl            | 0.22781248 |
|    clip_fraction        | 0.323      |
|    clip_range           | 0.2        |
|    clip_range_vf        | 0.2        |
|    entropy_loss         | 1.81       |
|    explained_variance   | 0.863      |
|    learning_rate        | 0.000156   |
|    loss                 | 0.142      |
|    n_updates            | 3477       |
|    policy_gradient_loss | 0.00824    |
|    std                  | 0.0981     |
|    value_loss           | 0.128      |
----------------------------------------
2026-07-04T02:45:04Z [17,939,270ms] [Error] [omni.kit.app._impl] [py stderr]: /media/samuel/Fast_SSD/SE4AI/thesis_repo/src/cobraflex_rl/cobraflex_rl/cv_lane_estimator.py:253: RankWarning: Polyfit may be poorly conditioned
  c2, c1, c0 = np.polyfit(xs, ys, 2)
PPO progress: 483000/1000000 (48%) | ep_rew_mean=34.21 | ep_len_mean=35 | episodes=100 | fps=26
----------------------------------------
| rollout/                |            |
|    ep_len_mean          | 34.9       |
|    ep_rew_mean          | 32.3       |
| time/                   |            |
|    fps                  | 26         |
|    iterations           | 472        |
|    time_elapsed         | 17946      |
|    total_timesteps      | 483328     |
| train/                  |            |
|    approx_kl            | 0.41179508 |
|    clip_fraction        | 0.583      |
|    clip_range           | 0.2        |
|    clip_range_vf        | 0.2        |
|    entropy_loss         | 1.82       |
|    explained_variance   | 0.725      |
|    learning_rate        | 0.000155   |
|    loss                 | -0.0665    |
|    n_updates            | 3487       |
|    policy_gradient_loss | -0.0585    |
|    std                  | 0.0972     |
|    value_loss           | 0.125      |
----------------------------------------
Early stopping at step 2 due to reaching max kl: 0.77
PPO progress: 484000/1000000 (48%) | ep_rew_mean=34.98 | ep_len_mean=36 | episodes=100 | fps=26
2026-07-04T02:45:50Z [17,985,131ms] [Error] [omni.kit.app._impl] [py stderr]: /media/samuel/Fast_SSD/SE4AI/thesis_repo/src/cobraflex_rl/cobraflex_rl/cv_lane_estimator.py:253: RankWarning: Polyfit may be poorly conditioned
  c2, c1, c0 = np.polyfit(xs, ys, 2)
----------------------------------------
| rollout/                |            |
|    ep_len_mean          | 34.2       |
|    ep_rew_mean          | 31.2       |
| time/                   |            |
|    fps                  | 26         |
|    iterations           | 473        |
|    time_elapsed         | 17981      |
|    total_timesteps      | 484352     |
| train/                  |            |
|    approx_kl            | 0.38343316 |
|    clip_fraction        | 0.481      |
|    clip_range           | 0.2        |
|    clip_range_vf        | 0.2        |
|    entropy_loss         | 1.83       |
|    explained_variance   | 0.852      |
|    learning_rate        | 0.000155   |
|    loss                 | 0.0265     |
|    n_updates            | 3490       |
|    policy_gradient_loss | -0.0113    |
|    std                  | 0.0971     |
|    value_loss           | 0.121      |
----------------------------------------
Early stopping at step 2 due to reaching max kl: 1.57
PPO progress: 485000/1000000 (48%) | ep_rew_mean=33.87 | ep_len_mean=36 | episodes=100 | fps=26
----------------------------------------
| rollout/                |            |
|    ep_len_mean          | 37         |
|    ep_rew_mean          | 34.1       |
| time/                   |            |
|    fps                  | 26         |
|    iterations           | 474        |
|    time_elapsed         | 18020      |
|    total_timesteps      | 485376     |
| train/                  |            |
|    approx_kl            | 0.43542686 |
|    clip_fraction        | 0.437      |
|    clip_range           | 0.2        |
|    clip_range_vf        | 0.2        |
|    entropy_loss         | 1.83       |
|    explained_variance   | 0.79       |
|    learning_rate        | 0.000155   |
|    loss                 | 0.0169     |
|    n_updates            | 3493       |
|    policy_gradient_loss | -0.00921   |
|    std                  | 0.0972     |
|    value_loss           | 0.16       |
----------------------------------------
2026-07-04T02:47:03Z [18,058,428ms] [Error] [omni.kit.app._impl] [py stderr]: /media/samuel/Fast_SSD/SE4AI/thesis_repo/src/cobraflex_rl/cobraflex_rl/cv_lane_estimator.py:253: RankWarning: Polyfit may be poorly conditioned
  c2, c1, c0 = np.polyfit(xs, ys, 2)
Early stopping at step 2 due to reaching max kl: 1.99
PPO progress: 486000/1000000 (49%) | ep_rew_mean=29.39 | ep_len_mean=33 | episodes=100 | fps=26
----------------------------------------
| rollout/                |            |
|    ep_len_mean          | 26.2       |
|    ep_rew_mean          | 23.7       |
| time/                   |            |
|    fps                  | 26         |
|    iterations           | 475        |
|    time_elapsed         | 18066      |
|    total_timesteps      | 486400     |
| train/                  |            |
|    approx_kl            | 0.43664393 |
|    clip_fraction        | 0.38       |
|    clip_range           | 0.2        |
|    clip_range_vf        | 0.2        |
|    entropy_loss         | 1.83       |
|    explained_variance   | 0.797      |
|    learning_rate        | 0.000154   |
|    loss                 | 0.114      |
|    n_updates            | 3496       |
|    policy_gradient_loss | -0.019     |
|    std                  | 0.0973     |
|    value_loss           | 0.164      |
----------------------------------------
Early stopping at step 2 due to reaching max kl: 0.85
PPO progress: 487000/1000000 (49%) | ep_rew_mean=26.46 | ep_len_mean=29 | episodes=100 | fps=26
----------------------------------------
| rollout/                |            |
|    ep_len_mean          | 26.1       |
|    ep_rew_mean          | 22.6       |
| time/                   |            |
|    fps                  | 26         |
|    iterations           | 476        |
|    time_elapsed         | 18109      |
|    total_timesteps      | 487424     |
| train/                  |            |
|    approx_kl            | 0.21947752 |
|    clip_fraction        | 0.42       |
|    clip_range           | 0.2        |
|    clip_range_vf        | 0.2        |
|    entropy_loss         | 1.83       |
|    explained_variance   | 0.771      |
|    learning_rate        | 0.000154   |
|    loss                 | 0.0496     |
|    n_updates            | 3499       |
|    policy_gradient_loss | -0.0123    |
|    std                  | 0.0973     |
|    value_loss           | 0.194      |
----------------------------------------
PPO progress: 488000/1000000 (49%) | ep_rew_mean=25.00 | ep_len_mean=28 | episodes=100 | fps=26
2026-07-04T02:48:47Z [18,162,450ms] [Error] [omni.kit.app._impl] [py stderr]: /media/samuel/Fast_SSD/SE4AI/thesis_repo/src/cobraflex_rl/cobraflex_rl/cv_lane_estimator.py:253: RankWarning: Polyfit may be poorly conditioned
  c2, c1, c0 = np.polyfit(xs, ys, 2)
----------------------------------------
| rollout/                |            |
|    ep_len_mean          | 28.7       |
|    ep_rew_mean          | 27.7       |
| time/                   |            |
|    fps                  | 26         |
|    iterations           | 477        |
|    time_elapsed         | 18158      |
|    total_timesteps      | 488448     |
| train/                  |            |
|    approx_kl            | 0.37239212 |
|    clip_fraction        | 0.551      |
|    clip_range           | 0.2        |
|    clip_range_vf        | 0.2        |
|    entropy_loss         | 1.84       |
|    explained_variance   | 0.777      |
|    learning_rate        | 0.000154   |
|    loss                 | 0.00844    |
|    n_updates            | 3509       |
|    policy_gradient_loss | -0.0622    |
|    std                  | 0.096      |
|    value_loss           | 0.139      |
----------------------------------------
2026-07-04T02:49:08Z [18,183,345ms] [Error] [omni.kit.app._impl] [py stderr]: /media/samuel/Fast_SSD/SE4AI/thesis_repo/src/cobraflex_rl/cobraflex_rl/cv_lane_estimator.py:253: RankWarning: Polyfit may be poorly conditioned
  c2, c1, c0 = np.polyfit(xs, ys, 2)
2026-07-04T02:49:19Z [18,194,234ms] [Error] [omni.kit.app._impl] [py stderr]: /media/samuel/Fast_SSD/SE4AI/thesis_repo/src/cobraflex_rl/cobraflex_rl/cv_lane_estimator.py:253: RankWarning: Polyfit may be poorly conditioned
  c2, c1, c0 = np.polyfit(xs, ys, 2)
Early stopping at step 7 due to reaching max kl: 0.80
PPO progress: 489000/1000000 (49%) | ep_rew_mean=24.89 | ep_len_mean=26 | episodes=100 | fps=26
2026-07-04T02:49:44Z [18,219,161ms] [Error] [omni.kit.app._impl] [py stderr]: /media/samuel/Fast_SSD/SE4AI/thesis_repo/src/cobraflex_rl/cobraflex_rl/cv_lane_estimator.py:253: RankWarning: Polyfit may be poorly conditioned
  c2, c1, c0 = np.polyfit(xs, ys, 2)
---------------------------------------
| rollout/                |           |
|    ep_len_mean          | 26.3      |
|    ep_rew_mean          | 24.6      |
| time/                   |           |
|    fps                  | 26        |
|    iterations           | 478       |
|    time_elapsed         | 18204     |
|    total_timesteps      | 489472    |
| train/                  |           |
|    approx_kl            | 0.3442986 |
|    clip_fraction        | 0.493     |
|    clip_range           | 0.2       |
|    clip_range_vf        | 0.2       |
|    entropy_loss         | 1.86      |
|    explained_variance   | 0.846     |
|    learning_rate        | 0.000153  |
|    loss                 | -0.0233   |
|    n_updates            | 3517      |
|    policy_gradient_loss | -0.0346   |
|    std                  | 0.0956    |
|    value_loss           | 0.103     |
---------------------------------------
2026-07-04T02:49:49Z [18,224,170ms] [Error] [omni.kit.app._impl] [py stderr]: /media/samuel/Fast_SSD/SE4AI/thesis_repo/src/cobraflex_rl/cobraflex_rl/cv_lane_estimator.py:253: RankWarning: Polyfit may be poorly conditioned
  c2, c1, c0 = np.polyfit(xs, ys, 2)
2026-07-04T02:49:49Z [18,224,177ms] [Error] [omni.kit.app._impl] [py stderr]: /media/samuel/Fast_SSD/SE4AI/thesis_repo/src/cobraflex_rl/cobraflex_rl/cv_lane_estimator.py:253: RankWarning: Polyfit may be poorly conditioned
  c2, c1, c0 = np.polyfit(xs, ys, 2)
Early stopping at step 4 due to reaching max kl: 0.81
PPO progress: 490000/1000000 (49%) | ep_rew_mean=26.60 | ep_len_mean=27 | episodes=100 | fps=26
----------------------------------------
| rollout/                |            |
|    ep_len_mean          | 30.2       |
|    ep_rew_mean          | 30.1       |
| time/                   |            |
|    fps                  | 26         |
|    iterations           | 479        |
|    time_elapsed         | 18238      |
|    total_timesteps      | 490496     |
| train/                  |            |
|    approx_kl            | 0.33278045 |
|    clip_fraction        | 0.477      |
|    clip_range           | 0.2        |
|    clip_range_vf        | 0.2        |
|    entropy_loss         | 1.86       |
|    explained_variance   | 0.526      |
|    learning_rate        | 0.000153   |
|    loss                 | 0.132      |
|    n_updates            | 3522       |
|    policy_gradient_loss | -0.0308    |
|    std                  | 0.0955     |
|    value_loss           | 0.363      |
----------------------------------------
Early stopping at step 2 due to reaching max kl: 0.93
PPO progress: 491000/1000000 (49%) | ep_rew_mean=27.37 | ep_len_mean=29 | episodes=100 | fps=26
----------------------------------------
| rollout/                |            |
|    ep_len_mean          | 32.3       |
|    ep_rew_mean          | 29.9       |
| time/                   |            |
|    fps                  | 26         |
|    iterations           | 480        |
|    time_elapsed         | 18267      |
|    total_timesteps      | 491520     |
| train/                  |            |
|    approx_kl            | 0.45604995 |
|    clip_fraction        | 0.435      |
|    clip_range           | 0.2        |
|    clip_range_vf        | 0.2        |
|    entropy_loss         | 1.87       |
|    explained_variance   | 0.797      |
|    learning_rate        | 0.000153   |
|    loss                 | 0.013      |
|    n_updates            | 3525       |
|    policy_gradient_loss | -0.0163    |
|    std                  | 0.0955     |
|    value_loss           | 0.121      |
----------------------------------------
2026-07-04T02:51:07Z [18,302,562ms] [Error] [omni.kit.app._impl] [py stderr]: /media/samuel/Fast_SSD/SE4AI/thesis_repo/src/cobraflex_rl/cobraflex_rl/cv_lane_estimator.py:253: RankWarning: Polyfit may be poorly conditioned
  c2, c1, c0 = np.polyfit(xs, ys, 2)
2026-07-04T02:51:07Z [18,302,569ms] [Error] [omni.kit.app._impl] [py stderr]: /media/samuel/Fast_SSD/SE4AI/thesis_repo/src/cobraflex_rl/cobraflex_rl/cv_lane_estimator.py:253: RankWarning: Polyfit may be poorly conditioned
  c2, c1, c0 = np.polyfit(xs, ys, 2)
Early stopping at step 3 due to reaching max kl: 1.52
PPO progress: 492000/1000000 (49%) | ep_rew_mean=27.33 | ep_len_mean=31 | episodes=100 | fps=26
2026-07-04T02:51:20Z [18,315,640ms] [Error] [omni.kit.app._impl] [py stderr]: /media/samuel/Fast_SSD/SE4AI/thesis_repo/src/cobraflex_rl/cobraflex_rl/cv_lane_estimator.py:253: RankWarning: Polyfit may be poorly conditioned
  c2, c1, c0 = np.polyfit(xs, ys, 2)
2026-07-04T02:51:20Z [18,315,641ms] [Error] [omni.kit.app._impl] [py stderr]: /media/samuel/Fast_SSD/SE4AI/thesis_repo/src/cobraflex_rl/cobraflex_rl/cv_lane_estimator.py:253: RankWarning: Polyfit may be poorly conditioned
  c2, c1, c0 = np.polyfit(xs, ys, 2)
----------------------------------------
| rollout/                |            |
|    ep_len_mean          | 31.3       |
|    ep_rew_mean          | 27.7       |
| time/                   |            |
|    fps                  | 26         |
|    iterations           | 481        |
|    time_elapsed         | 18306      |
|    total_timesteps      | 492544     |
| train/                  |            |
|    approx_kl            | 0.47373465 |
|    clip_fraction        | 0.529      |
|    clip_range           | 0.2        |
|    clip_range_vf        | 0.2        |
|    entropy_loss         | 1.86       |
|    explained_variance   | 0.704      |
|    learning_rate        | 0.000153   |
|    loss                 | 0.0455     |
|    n_updates            | 3529       |
|    policy_gradient_loss | -0.0171    |
|    std                  | 0.0956     |
|    value_loss           | 0.19       |
----------------------------------------
Early stopping at step 0 due to reaching max kl: 0.88
PPO progress: 493000/1000000 (49%) | ep_rew_mean=29.01 | ep_len_mean=32 | episodes=100 | fps=26
---------------------------------------
| rollout/                |           |
|    ep_len_mean          | 30.1      |
|    ep_rew_mean          | 25.9      |
| time/                   |           |
|    fps                  | 26        |
|    iterations           | 482       |
|    time_elapsed         | 18345     |
|    total_timesteps      | 493568    |
| train/                  |           |
|    approx_kl            | 0.1810189 |
|    clip_fraction        | 0.116     |
|    clip_range           | 0.2       |
|    clip_range_vf        | 0.2       |
|    entropy_loss         | 1.86      |
|    explained_variance   | 0.692     |
|    learning_rate        | 0.000152  |
|    loss                 | 0.297     |
|    n_updates            | 3530      |
|    policy_gradient_loss | 0.0454    |
|    std                  | 0.0956    |
|    value_loss           | 0.183     |
---------------------------------------
2026-07-04T02:52:15Z [18,370,436ms] [Error] [omni.kit.app._impl] [py stderr]: /media/samuel/Fast_SSD/SE4AI/thesis_repo/src/cobraflex_rl/cobraflex_rl/cv_lane_estimator.py:253: RankWarning: Polyfit may be poorly conditioned
  c2, c1, c0 = np.polyfit(xs, ys, 2)
Early stopping at step 1 due to reaching max kl: 2.10
PPO progress: 494000/1000000 (49%) | ep_rew_mean=23.66 | ep_len_mean=26 | episodes=100 | fps=26
---------------------------------------
| rollout/                |           |
|    ep_len_mean          | 28.4      |
|    ep_rew_mean          | 25.8      |
| time/                   |           |
|    fps                  | 26        |
|    iterations           | 483       |
|    time_elapsed         | 18384     |
|    total_timesteps      | 494592    |
| train/                  |           |
|    approx_kl            | 1.0957645 |
|    clip_fraction        | 0.34      |
|    clip_range           | 0.2       |
|    clip_range_vf        | 0.2       |
|    entropy_loss         | 1.86      |
|    explained_variance   | 0.816     |
|    learning_rate        | 0.000152  |
|    loss                 | 0.00416   |
|    n_updates            | 3532      |
|    policy_gradient_loss | 0.0305    |
|    std                  | 0.0956    |
|    value_loss           | 0.147     |
---------------------------------------
2026-07-04T02:52:48Z [18,403,478ms] [Error] [omni.kit.app._impl] [py stderr]: /media/samuel/Fast_SSD/SE4AI/thesis_repo/src/cobraflex_rl/cobraflex_rl/cv_lane_estimator.py:253: RankWarning: Polyfit may be poorly conditioned
  c2, c1, c0 = np.polyfit(xs, ys, 2)
2026-07-04T02:52:48Z [18,403,478ms] [Error] [omni.kit.app._impl] [py stderr]: /media/samuel/Fast_SSD/SE4AI/thesis_repo/src/cobraflex_rl/cobraflex_rl/cv_lane_estimator.py:253: RankWarning: Polyfit may be poorly conditioned
  c2, c1, c0 = np.polyfit(xs, ys, 2)
2026-07-04T02:52:48Z [18,403,485ms] [Error] [omni.kit.app._impl] [py stderr]: /media/samuel/Fast_SSD/SE4AI/thesis_repo/src/cobraflex_rl/cobraflex_rl/cv_lane_estimator.py:253: RankWarning: Polyfit may be poorly conditioned
  c2, c1, c0 = np.polyfit(xs, ys, 2)
2026-07-04T02:52:48Z [18,403,485ms] [Error] [omni.kit.app._impl] [py stderr]: /media/samuel/Fast_SSD/SE4AI/thesis_repo/src/cobraflex_rl/cobraflex_rl/cv_lane_estimator.py:253: RankWarning: Polyfit may be poorly conditioned
  c2, c1, c0 = np.polyfit(xs, ys, 2)
2026-07-04T02:52:52Z [18,407,400ms] [Error] [omni.kit.app._impl] [py stderr]: /media/samuel/Fast_SSD/SE4AI/thesis_repo/src/cobraflex_rl/cobraflex_rl/cv_lane_estimator.py:253: RankWarning: Polyfit may be poorly conditioned
  c2, c1, c0 = np.polyfit(xs, ys, 2)
2026-07-04T02:52:52Z [18,407,653ms] [Error] [omni.kit.app._impl] [py stderr]: /media/samuel/Fast_SSD/SE4AI/thesis_repo/src/cobraflex_rl/cobraflex_rl/cv_lane_estimator.py:253: RankWarning: Polyfit may be poorly conditioned
  c2, c1, c0 = np.polyfit(xs, ys, 2)
Early stopping at step 5 due to reaching max kl: 0.91
PPO progress: 495000/1000000 (50%) | ep_rew_mean=25.25 | ep_len_mean=28 | episodes=100 | fps=26
---------------------------------------
| rollout/                |           |
|    ep_len_mean          | 27.4      |
|    ep_rew_mean          | 24.7      |
| time/                   |           |
|    fps                  | 26        |
|    iterations           | 484       |
|    time_elapsed         | 18425     |
|    total_timesteps      | 495616    |
| train/                  |           |
|    approx_kl            | 0.4134412 |
|    clip_fraction        | 0.518     |
|    clip_range           | 0.2       |
|    clip_range_vf        | 0.2       |
|    entropy_loss         | 1.86      |
|    explained_variance   | 0.706     |
|    learning_rate        | 0.000152  |
|    loss                 | 0.0136    |
|    n_updates            | 3538      |
|    policy_gradient_loss | -0.0177   |
|    std                  | 0.0957    |
|    value_loss           | 0.175     |
---------------------------------------
Early stopping at step 6 due to reaching max kl: 1.30
PPO progress: 496000/1000000 (50%) | ep_rew_mean=24.71 | ep_len_mean=27 | episodes=100 | fps=26
2026-07-04T02:53:51Z [18,465,988ms] [Error] [omni.kit.app._impl] [py stderr]: /media/samuel/Fast_SSD/SE4AI/thesis_repo/src/cobraflex_rl/cobraflex_rl/cv_lane_estimator.py:253: RankWarning: Polyfit may be poorly conditioned
  c2, c1, c0 = np.polyfit(xs, ys, 2)
2026-07-04T02:53:51Z [18,465,988ms] [Error] [omni.kit.app._impl] [py stderr]: /media/samuel/Fast_SSD/SE4AI/thesis_repo/src/cobraflex_rl/cobraflex_rl/cv_lane_estimator.py:253: RankWarning: Polyfit may be poorly conditioned
  c2, c1, c0 = np.polyfit(xs, ys, 2)
2026-07-04T02:53:51Z [18,466,014ms] [Error] [omni.kit.app._impl] [py stderr]: /media/samuel/Fast_SSD/SE4AI/thesis_repo/src/cobraflex_rl/cobraflex_rl/cv_lane_estimator.py:253: RankWarning: Polyfit may be poorly conditioned
  c2, c1, c0 = np.polyfit(xs, ys, 2)
2026-07-04T02:53:51Z [18,466,014ms] [Error] [omni.kit.app._impl] [py stderr]: /media/samuel/Fast_SSD/SE4AI/thesis_repo/src/cobraflex_rl/cobraflex_rl/cv_lane_estimator.py:253: RankWarning: Polyfit may be poorly conditioned
  c2, c1, c0 = np.polyfit(xs, ys, 2)
2026-07-04T02:53:51Z [18,466,014ms] [Error] [omni.kit.app._impl] [py stderr]: /media/samuel/Fast_SSD/SE4AI/thesis_repo/src/cobraflex_rl/cobraflex_rl/cv_lane_estimator.py:253: RankWarning: Polyfit may be poorly conditioned
  c2, c1, c0 = np.polyfit(xs, ys, 2)
2026-07-04T02:53:51Z [18,466,429ms] [Error] [omni.kit.app._impl] [py stderr]: /media/samuel/Fast_SSD/SE4AI/thesis_repo/src/cobraflex_rl/cobraflex_rl/cv_lane_estimator.py:253: RankWarning: Polyfit may be poorly conditioned
  c2, c1, c0 = np.polyfit(xs, ys, 2)
2026-07-04T02:53:51Z [18,466,429ms] [Error] [omni.kit.app._impl] [py stderr]: /media/samuel/Fast_SSD/SE4AI/thesis_repo/src/cobraflex_rl/cobraflex_rl/cv_lane_estimator.py:253: RankWarning: Polyfit may be poorly conditioned
  c2, c1, c0 = np.polyfit(xs, ys, 2)
----------------------------------------
| rollout/                |            |
|    ep_len_mean          | 35.9       |
|    ep_rew_mean          | 17.3       |
| time/                   |            |
|    fps                  | 26         |
|    iterations           | 485        |
|    time_elapsed         | 18456      |
|    total_timesteps      | 496640     |
| train/                  |            |
|    approx_kl            | 0.37925848 |
|    clip_fraction        | 0.522      |
|    clip_range           | 0.2        |
|    clip_range_vf        | 0.2        |
|    entropy_loss         | 1.86       |
|    explained_variance   | 0.482      |
|    learning_rate        | 0.000151   |
|    loss                 | 0.0107     |
|    n_updates            | 3545       |
|    policy_gradient_loss | -0.0251    |
|    std                  | 0.0955     |
|    value_loss           | 0.13       |
----------------------------------------
Early stopping at step 4 due to reaching max kl: 0.95
PPO progress: 497000/1000000 (50%) | ep_rew_mean=15.50 | ep_len_mean=36 | episodes=100 | fps=26
---------------------------------------
| rollout/                |           |
|    ep_len_mean          | 37.9      |
|    ep_rew_mean          | 15.7      |
| time/                   |           |
|    fps                  | 26        |
|    iterations           | 486       |
|    time_elapsed         | 18493     |
|    total_timesteps      | 497664    |
| train/                  |           |
|    approx_kl            | 0.3512305 |
|    clip_fraction        | 0.583     |
|    clip_range           | 0.2       |
|    clip_range_vf        | 0.2       |
|    entropy_loss         | 1.87      |
|    explained_variance   | 0.956     |
|    learning_rate        | 0.000151  |
|    loss                 | -0.0402   |
|    n_updates            | 3550      |
|    policy_gradient_loss | -0.00245  |
|    std                  | 0.0953    |
|    value_loss           | 0.0238    |
---------------------------------------
Early stopping at step 4 due to reaching max kl: 1.07
PPO progress: 498000/1000000 (50%) | ep_rew_mean=18.10 | ep_len_mean=42 | episodes=100 | fps=26
----------------------------------------
| rollout/                |            |
|    ep_len_mean          | 45.4       |
|    ep_rew_mean          | 21.6       |
| time/                   |            |
|    fps                  | 26         |
|    iterations           | 487        |
|    time_elapsed         | 18528      |
|    total_timesteps      | 498688     |
| train/                  |            |
|    approx_kl            | 0.37530544 |
|    clip_fraction        | 0.527      |
|    clip_range           | 0.2        |
|    clip_range_vf        | 0.2        |
|    entropy_loss         | 1.87       |
|    explained_variance   | 0.68       |
|    learning_rate        | 0.000151   |
|    loss                 | -0.0243    |
|    n_updates            | 3555       |
|    policy_gradient_loss | -0.0278    |
|    std                  | 0.095      |
|    value_loss           | 0.174      |
----------------------------------------
Early stopping at step 2 due to reaching max kl: 0.98
PPO progress: 499000/1000000 (50%) | ep_rew_mean=21.65 | ep_len_mean=46 | episodes=100 | fps=26
2026-07-04T02:55:22Z [18,557,514ms] [Error] [omni.kit.app._impl] [py stderr]: /media/samuel/Fast_SSD/SE4AI/thesis_repo/src/cobraflex_rl/cobraflex_rl/cv_lane_estimator.py:253: RankWarning: Polyfit may be poorly conditioned
  c2, c1, c0 = np.polyfit(xs, ys, 2)
2026-07-04T02:55:36Z [18,570,838ms] [Error] [omni.kit.app._impl] [py stderr]: /media/samuel/Fast_SSD/SE4AI/thesis_repo/src/cobraflex_rl/cobraflex_rl/cv_lane_estimator.py:253: RankWarning: Polyfit may be poorly conditioned
  c2, c1, c0 = np.polyfit(xs, ys, 2)
---------------------------------------
| rollout/                |           |
|    ep_len_mean          | 46.7      |
|    ep_rew_mean          | 22.3      |
| time/                   |           |
|    fps                  | 26        |
|    iterations           | 488       |
|    time_elapsed         | 18559     |
|    total_timesteps      | 499712    |
| train/                  |           |
|    approx_kl            | 0.2779198 |
|    clip_fraction        | 0.422     |
|    clip_range           | 0.2       |
|    clip_range_vf        | 0.2       |
|    entropy_loss         | 1.88      |
|    explained_variance   | 0.88      |
|    learning_rate        | 0.00015   |
|    loss                 | -0.0218   |
|    n_updates            | 3558      |
|    policy_gradient_loss | 0.0142    |
|    std                  | 0.0949    |
|    value_loss           | 0.0662    |
---------------------------------------
Early stopping at step 2 due to reaching max kl: 0.86
PPO progress: 500000/1000000 (50%) | ep_rew_mean=24.81 | ep_len_mean=49 | episodes=100 | fps=26
---------------------------------------
| rollout/                |           |
|    ep_len_mean          | 38.5      |
|    ep_rew_mean          | 31.4      |
| time/                   |           |
|    fps                  | 26        |
|    iterations           | 489       |
|    time_elapsed         | 18595     |
|    total_timesteps      | 500736    |
| train/                  |           |
|    approx_kl            | 0.4966756 |
|    clip_fraction        | 0.458     |
|    clip_range           | 0.2       |
|    clip_range_vf        | 0.2       |
|    entropy_loss         | 1.88      |
|    explained_variance   | 0.378     |
|    learning_rate        | 0.00015   |
|    loss                 | 0.106     |
|    n_updates            | 3561      |
|    policy_gradient_loss | -0.00679  |
|    std                  | 0.095     |
|    value_loss           | 0.222     |
---------------------------------------
Early stopping at step 2 due to reaching max kl: 0.88
PPO progress: 501000/1000000 (50%) | ep_rew_mean=31.62 | ep_len_mean=38 | episodes=100 | fps=26
----------------------------------------
| rollout/                |            |
|    ep_len_mean          | 46.3       |
|    ep_rew_mean          | 29.3       |
| time/                   |            |
|    fps                  | 26         |
|    iterations           | 490        |
|    time_elapsed         | 18620      |
|    total_timesteps      | 501760     |
| train/                  |            |
|    approx_kl            | 0.33176702 |
|    clip_fraction        | 0.446      |
|    clip_range           | 0.2        |
|    clip_range_vf        | 0.2        |
|    entropy_loss         | 1.88       |
|    explained_variance   | 0.529      |
|    learning_rate        | 0.00015    |
|    loss                 | 0.061      |
|    n_updates            | 3564       |
|    policy_gradient_loss | -0.00128   |
|    std                  | 0.0951     |
|    value_loss           | 0.243      |
----------------------------------------
2026-07-04T02:56:42Z [18,637,222ms] [Error] [omni.kit.app._impl] [py stderr]: /media/samuel/Fast_SSD/SE4AI/thesis_repo/src/cobraflex_rl/cobraflex_rl/cv_lane_estimator.py:253: RankWarning: Polyfit may be poorly conditioned
  c2, c1, c0 = np.polyfit(xs, ys, 2)
Early stopping at step 4 due to reaching max kl: 0.76
PPO progress: 502000/1000000 (50%) | ep_rew_mean=30.63 | ep_len_mean=47 | episodes=100 | fps=26
2026-07-04T02:57:05Z [18,660,534ms] [Error] [omni.kit.app._impl] [py stderr]: /media/samuel/Fast_SSD/SE4AI/thesis_repo/src/cobraflex_rl/cobraflex_rl/cv_lane_estimator.py:253: RankWarning: Polyfit may be poorly conditioned
  c2, c1, c0 = np.polyfit(xs, ys, 2)
---------------------------------------
| rollout/                |           |
|    ep_len_mean          | 33.3      |
|    ep_rew_mean          | 22.7      |
| time/                   |           |
|    fps                  | 26        |
|    iterations           | 491       |
|    time_elapsed         | 18664     |
|    total_timesteps      | 502784    |
| train/                  |           |
|    approx_kl            | 0.6795517 |
|    clip_fraction        | 0.605     |
|    clip_range           | 0.2       |
|    clip_range_vf        | 0.2       |
|    entropy_loss         | 1.87      |
|    explained_variance   | 0.935     |
|    learning_rate        | 0.000149  |
|    loss                 | 0.0138    |
|    n_updates            | 3569      |
|    policy_gradient_loss | 0.0215    |
|    std                  | 0.0951    |
|    value_loss           | 0.0145    |
---------------------------------------
Early stopping at step 3 due to reaching max kl: 1.42
PPO progress: 503000/1000000 (50%) | ep_rew_mean=23.09 | ep_len_mean=34 | episodes=100 | fps=26
---------------------------------------
| rollout/                |           |
|    ep_len_mean          | 38.5      |
|    ep_rew_mean          | 28.2      |
| time/                   |           |
|    fps                  | 26        |
|    iterations           | 492       |
|    time_elapsed         | 18696     |
|    total_timesteps      | 503808    |
| train/                  |           |
|    approx_kl            | 0.6375458 |
|    clip_fraction        | 0.457     |
|    clip_range           | 0.2       |
|    clip_range_vf        | 0.2       |
|    entropy_loss         | 1.87      |
|    explained_variance   | 0.739     |
|    learning_rate        | 0.000149  |
|    loss                 | 0.042     |
|    n_updates            | 3573      |
|    policy_gradient_loss | -0.0123   |
|    std                  | 0.0952    |
|    value_loss           | 0.114     |
---------------------------------------
Early stopping at step 4 due to reaching max kl: 1.23
PPO progress: 504000/1000000 (50%) | ep_rew_mean=27.54 | ep_len_mean=38 | episodes=100 | fps=26
2026-07-04T02:58:28Z [18,742,974ms] [Error] [omni.kit.app._impl] [py stderr]: /media/samuel/Fast_SSD/SE4AI/thesis_repo/src/cobraflex_rl/cobraflex_rl/cv_lane_estimator.py:253: RankWarning: Polyfit may be poorly conditioned
  c2, c1, c0 = np.polyfit(xs, ys, 2)
2026-07-04T02:58:28Z [18,742,974ms] [Error] [omni.kit.app._impl] [py stderr]: /media/samuel/Fast_SSD/SE4AI/thesis_repo/src/cobraflex_rl/cobraflex_rl/cv_lane_estimator.py:253: RankWarning: Polyfit may be poorly conditioned
  c2, c1, c0 = np.polyfit(xs, ys, 2)
---------------------------------------
| rollout/                |           |
|    ep_len_mean          | 25.1      |
|    ep_rew_mean          | 23.8      |
| time/                   |           |
|    fps                  | 26        |
|    iterations           | 493       |
|    time_elapsed         | 18743     |
|    total_timesteps      | 504832    |
| train/                  |           |
|    approx_kl            | 0.3242406 |
|    clip_fraction        | 0.476     |
|    clip_range           | 0.2       |
|    clip_range_vf        | 0.2       |
|    entropy_loss         | 1.87      |
|    explained_variance   | 0.757     |
|    learning_rate        | 0.000149  |
|    loss                 | -0.000573 |
|    n_updates            | 3578      |
|    policy_gradient_loss | -0.0303   |
|    std                  | 0.0951    |
|    value_loss           | 0.132     |
---------------------------------------
Early stopping at step 4 due to reaching max kl: 0.85
PPO progress: 505000/1000000 (50%) | ep_rew_mean=23.83 | ep_len_mean=25 | episodes=100 | fps=26
----------------------------------------
| rollout/                |            |
|    ep_len_mean          | 30.1       |
|    ep_rew_mean          | 29.7       |
| time/                   |            |
|    fps                  | 26         |
|    iterations           | 494        |
|    time_elapsed         | 18776      |
|    total_timesteps      | 505856     |
| train/                  |            |
|    approx_kl            | 0.55090344 |
|    clip_fraction        | 0.529      |
|    clip_range           | 0.2        |
|    clip_range_vf        | 0.2        |
|    entropy_loss         | 1.87       |
|    explained_variance   | 0.72       |
|    learning_rate        | 0.000149   |
|    loss                 | 0.0386     |
|    n_updates            | 3583       |
|    policy_gradient_loss | -0.0266    |
|    std                  | 0.095      |
|    value_loss           | 0.2        |
----------------------------------------
2026-07-04T02:59:19Z [18,793,696ms] [Error] [omni.kit.app._impl] [py stderr]: /media/samuel/Fast_SSD/SE4AI/thesis_repo/src/cobraflex_rl/cobraflex_rl/cv_lane_estimator.py:253: RankWarning: Polyfit may be poorly conditioned
  c2, c1, c0 = np.polyfit(xs, ys, 2)
2026-07-04T02:59:19Z [18,794,381ms] [Error] [omni.kit.app._impl] [py stderr]: /media/samuel/Fast_SSD/SE4AI/thesis_repo/src/cobraflex_rl/cobraflex_rl/cv_lane_estimator.py:253: RankWarning: Polyfit may be poorly conditioned
  c2, c1, c0 = np.polyfit(xs, ys, 2)
2026-07-04T02:59:19Z [18,794,403ms] [Error] [omni.kit.app._impl] [py stderr]: /media/samuel/Fast_SSD/SE4AI/thesis_repo/src/cobraflex_rl/cobraflex_rl/cv_lane_estimator.py:253: RankWarning: Polyfit may be poorly conditioned
  c2, c1, c0 = np.polyfit(xs, ys, 2)
2026-07-04T02:59:19Z [18,794,403ms] [Error] [omni.kit.app._impl] [py stderr]: /media/samuel/Fast_SSD/SE4AI/thesis_repo/src/cobraflex_rl/cobraflex_rl/cv_lane_estimator.py:253: RankWarning: Polyfit may be poorly conditioned
  c2, c1, c0 = np.polyfit(xs, ys, 2)
2026-07-04T02:59:19Z [18,794,404ms] [Error] [omni.kit.app._impl] [py stderr]: /media/samuel/Fast_SSD/SE4AI/thesis_repo/src/cobraflex_rl/cobraflex_rl/cv_lane_estimator.py:253: RankWarning: Polyfit may be poorly conditioned
  c2, c1, c0 = np.polyfit(xs, ys, 2)
Early stopping at step 1 due to reaching max kl: 0.80
PPO progress: 506000/1000000 (51%) | ep_rew_mean=32.04 | ep_len_mean=32 | episodes=100 | fps=26
2026-07-04T02:59:50Z [18,825,437ms] [Error] [omni.kit.app._impl] [py stderr]: /media/samuel/Fast_SSD/SE4AI/thesis_repo/src/cobraflex_rl/cobraflex_rl/cv_lane_estimator.py:253: RankWarning: Polyfit may be poorly conditioned
  c2, c1, c0 = np.polyfit(xs, ys, 2)
2026-07-04T02:59:50Z [18,825,444ms] [Error] [omni.kit.app._impl] [py stderr]: /media/samuel/Fast_SSD/SE4AI/thesis_repo/src/cobraflex_rl/cobraflex_rl/cv_lane_estimator.py:253: RankWarning: Polyfit may be poorly conditioned
  c2, c1, c0 = np.polyfit(xs, ys, 2)
2026-07-04T02:59:51Z [18,826,414ms] [Error] [omni.kit.app._impl] [py stderr]: /media/samuel/Fast_SSD/SE4AI/thesis_repo/src/cobraflex_rl/cobraflex_rl/cv_lane_estimator.py:253: RankWarning: Polyfit may be poorly conditioned
  c2, c1, c0 = np.polyfit(xs, ys, 2)
----------------------------------------
| rollout/                |            |
|    ep_len_mean          | 25.2       |
|    ep_rew_mean          | 24.8       |
| time/                   |            |
|    fps                  | 26         |
|    iterations           | 495        |
|    time_elapsed         | 18815      |
|    total_timesteps      | 506880     |
| train/                  |            |
|    approx_kl            | 0.23065652 |
|    clip_fraction        | 0.334      |
|    clip_range           | 0.2        |
|    clip_range_vf        | 0.2        |
|    entropy_loss         | 1.88       |
|    explained_variance   | 0.928      |
|    learning_rate        | 0.000148   |
|    loss                 | 0.045      |
|    n_updates            | 3585       |
|    policy_gradient_loss | 0.0171     |
|    std                  | 0.095      |
|    value_loss           | 0.074      |
----------------------------------------
Early stopping at step 6 due to reaching max kl: 0.86
PPO progress: 507000/1000000 (51%) | ep_rew_mean=24.78 | ep_len_mean=25 | episodes=100 | fps=26
----------------------------------------
| rollout/                |            |
|    ep_len_mean          | 32         |
|    ep_rew_mean          | 29.3       |
| time/                   |            |
|    fps                  | 26         |
|    iterations           | 496        |
|    time_elapsed         | 18853      |
|    total_timesteps      | 507904     |
| train/                  |            |
|    approx_kl            | 0.53691953 |
|    clip_fraction        | 0.518      |
|    clip_range           | 0.2        |
|    clip_range_vf        | 0.2        |
|    entropy_loss         | 1.88       |
|    explained_variance   | 0.749      |
|    learning_rate        | 0.000148   |
|    loss                 | -0.00209   |
|    n_updates            | 3592       |
|    policy_gradient_loss | -0.0482    |
|    std                  | 0.0947     |
|    value_loss           | 0.163      |
----------------------------------------
Early stopping at step 9 due to reaching max kl: 0.76
PPO progress: 508000/1000000 (51%) | ep_rew_mean=29.32 | ep_len_mean=32 | episodes=100 | fps=26
----------------------------------------
| rollout/                |            |
|    ep_len_mean          | 38.5       |
|    ep_rew_mean          | 38.2       |
| time/                   |            |
|    fps                  | 26         |
|    iterations           | 497        |
|    time_elapsed         | 18891      |
|    total_timesteps      | 508928     |
| train/                  |            |
|    approx_kl            | 0.39656574 |
|    clip_fraction        | 0.582      |
|    clip_range           | 0.2        |
|    clip_range_vf        | 0.2        |
|    entropy_loss         | 1.89       |
|    explained_variance   | 0.881      |
|    learning_rate        | 0.000148   |
|    loss                 | -0.0216    |
|    n_updates            | 3602       |
|    policy_gradient_loss | -0.0494    |
|    std                  | 0.094      |
|    value_loss           | 0.123      |
----------------------------------------
Early stopping at step 1 due to reaching max kl: 0.84
PPO progress: 509000/1000000 (51%) | ep_rew_mean=38.90 | ep_len_mean=39 | episodes=100 | fps=26
2026-07-04T03:01:25Z [18,919,797ms] [Error] [omni.kit.app._impl] [py stderr]: /media/samuel/Fast_SSD/SE4AI/thesis_repo/src/cobraflex_rl/cobraflex_rl/cv_lane_estimator.py:253: RankWarning: Polyfit may be poorly conditioned
  c2, c1, c0 = np.polyfit(xs, ys, 2)
2026-07-04T03:01:25Z [18,919,798ms] [Error] [omni.kit.app._impl] [py stderr]: /media/samuel/Fast_SSD/SE4AI/thesis_repo/src/cobraflex_rl/cobraflex_rl/cv_lane_estimator.py:253: RankWarning: Polyfit may be poorly conditioned
  c2, c1, c0 = np.polyfit(xs, ys, 2)
----------------------------------------
| rollout/                |            |
|    ep_len_mean          | 40.3       |
|    ep_rew_mean          | 40.4       |
| time/                   |            |
|    fps                  | 26         |
|    iterations           | 498        |
|    time_elapsed         | 18924      |
|    total_timesteps      | 509952     |
| train/                  |            |
|    approx_kl            | 0.22233588 |
|    clip_fraction        | 0.287      |
|    clip_range           | 0.2        |
|    clip_range_vf        | 0.2        |
|    entropy_loss         | 1.9        |
|    explained_variance   | 0.759      |
|    learning_rate        | 0.000147   |
|    loss                 | 0.0381     |
|    n_updates            | 3604       |
|    policy_gradient_loss | 0.0167     |
|    std                  | 0.094      |
|    value_loss           | 0.168      |
----------------------------------------
Early stopping at step 2 due to reaching max kl: 0.98
PPO progress: 510000/1000000 (51%) | ep_rew_mean=40.44 | ep_len_mean=40 | episodes=100 | fps=26
----------------------------------------
| rollout/                |            |
|    ep_len_mean          | 47.6       |
|    ep_rew_mean          | 34         |
| time/                   |            |
|    fps                  | 26         |
|    iterations           | 499        |
|    time_elapsed         | 18956      |
|    total_timesteps      | 510976     |
| train/                  |            |
|    approx_kl            | 0.30327106 |
|    clip_fraction        | 0.446      |
|    clip_range           | 0.2        |
|    clip_range_vf        | 0.2        |
|    entropy_loss         | 1.9        |
|    explained_variance   | 0.675      |
|    learning_rate        | 0.000147   |
|    loss                 | 0.259      |
|    n_updates            | 3607       |
|    policy_gradient_loss | 0.00537    |
|    std                  | 0.0941     |
|    value_loss           | 0.13       |
----------------------------------------
Early stopping at step 5 due to reaching max kl: 0.79
PPO progress: 511000/1000000 (51%) | ep_rew_mean=34.04 | ep_len_mean=48 | episodes=100 | fps=26
2026-07-04T03:02:53Z [19,008,070ms] [Error] [omni.kit.app._impl] [py stderr]: /media/samuel/Fast_SSD/SE4AI/thesis_repo/src/cobraflex_rl/cobraflex_rl/cv_lane_estimator.py:253: RankWarning: Polyfit may be poorly conditioned
  c2, c1, c0 = np.polyfit(xs, ys, 2)
2026-07-04T03:02:53Z [19,008,214ms] [Error] [omni.kit.app._impl] [py stderr]: /media/samuel/Fast_SSD/SE4AI/thesis_repo/src/cobraflex_rl/cobraflex_rl/cv_lane_estimator.py:253: RankWarning: Polyfit may be poorly conditioned
  c2, c1, c0 = np.polyfit(xs, ys, 2)
PPO progress: 512000/1000000 (51%) | ep_rew_mean=36.76 | ep_len_mean=52 | episodes=100 | fps=26
----------------------------------------
| rollout/                |            |
|    ep_len_mean          | 51.8       |
|    ep_rew_mean          | 36.8       |
| time/                   |            |
|    fps                  | 26         |
|    iterations           | 500        |
|    time_elapsed         | 18995      |
|    total_timesteps      | 512000     |
| train/                  |            |
|    approx_kl            | 0.33488825 |
|    clip_fraction        | 0.516      |
|    clip_range           | 0.2        |
|    clip_range_vf        | 0.2        |
|    entropy_loss         | 1.89       |
|    explained_variance   | 0.964      |
|    learning_rate        | 0.000147   |
|    loss                 | 0.0737     |
|    n_updates            | 3613       |
|    policy_gradient_loss | -0.0087    |
|    std                  | 0.0941     |
|    value_loss           | 0.0165     |
----------------------------------------
Early stopping at step 7 due to reaching max kl: 1.18
PPO progress: 513000/1000000 (51%) | ep_rew_mean=30.67 | ep_len_mean=45 | episodes=100 | fps=26
----------------------------------------
| rollout/                |            |
|    ep_len_mean          | 45.1       |
|    ep_rew_mean          | 30.7       |
| time/                   |            |
|    fps                  | 26         |
|    iterations           | 501        |
|    time_elapsed         | 19040      |
|    total_timesteps      | 513024     |
| train/                  |            |
|    approx_kl            | 0.39700413 |
|    clip_fraction        | 0.553      |
|    clip_range           | 0.2        |
|    clip_range_vf        | 0.2        |
|    entropy_loss         | 1.89       |
|    explained_variance   | 0.573      |
|    learning_rate        | 0.000146   |
|    loss                 | -0.0296    |
|    n_updates            | 3621       |
|    policy_gradient_loss | -0.0518    |
|    std                  | 0.094      |
|    value_loss           | 0.209      |
----------------------------------------
Early stopping at step 1 due to reaching max kl: 0.76
PPO progress: 514000/1000000 (51%) | ep_rew_mean=29.13 | ep_len_mean=48 | episodes=100 | fps=26
----------------------------------------
| rollout/                |            |
|    ep_len_mean          | 47.5       |
|    ep_rew_mean          | 29.1       |
| time/                   |            |
|    fps                  | 26         |
|    iterations           | 502        |
|    time_elapsed         | 19068      |
|    total_timesteps      | 514048     |
| train/                  |            |
|    approx_kl            | 0.24039333 |
|    clip_fraction        | 0.373      |
|    clip_range           | 0.2        |
|    clip_range_vf        | 0.2        |
|    entropy_loss         | 1.9        |
|    explained_variance   | 0.709      |
|    learning_rate        | 0.000146   |
|    loss                 | 0.159      |
|    n_updates            | 3623       |
|    policy_gradient_loss | 0.0148     |
|    std                  | 0.094      |
|    value_loss           | 0.218      |
----------------------------------------
Early stopping at step 1 due to reaching max kl: 0.77
PPO progress: 515000/1000000 (52%) | ep_rew_mean=24.35 | ep_len_mean=61 | episodes=100 | fps=26
----------------------------------------
| rollout/                |            |
|    ep_len_mean          | 60.8       |
|    ep_rew_mean          | 24.2       |
| time/                   |            |
|    fps                  | 26         |
|    iterations           | 503        |
|    time_elapsed         | 19097      |
|    total_timesteps      | 515072     |
| train/                  |            |
|    approx_kl            | 0.76664037 |
|    clip_fraction        | 0.473      |
|    clip_range           | 0.2        |
|    clip_range_vf        | 0.2        |
|    entropy_loss         | 1.9        |
|    explained_variance   | 0.675      |
|    learning_rate        | 0.000146   |
|    loss                 | 0.0201     |
|    n_updates            | 3625       |
|    policy_gradient_loss | 0.0521     |
|    std                  | 0.0941     |
|    value_loss           | 0.071      |
----------------------------------------
Early stopping at step 4 due to reaching max kl: 0.86
PPO progress: 516000/1000000 (52%) | ep_rew_mean=20.55 | ep_len_mean=58 | episodes=100 | fps=26
---------------------------------------
| rollout/                |           |
|    ep_len_mean          | 58        |
|    ep_rew_mean          | 20.6      |
| time/                   |           |
|    fps                  | 26        |
|    iterations           | 504       |
|    time_elapsed         | 19123     |
|    total_timesteps      | 516096    |
| train/                  |           |
|    approx_kl            | 0.7451477 |
|    clip_fraction        | 0.523     |
|    clip_range           | 0.2       |
|    clip_range_vf        | 0.2       |
|    entropy_loss         | 1.9       |
|    explained_variance   | 0.677     |
|    learning_rate        | 0.000145  |
|    loss                 | 0.0389    |
|    n_updates            | 3630      |
|    policy_gradient_loss | -0.012    |
|    std                  | 0.0941    |
|    value_loss           | 0.0537    |
---------------------------------------
Early stopping at step 1 due to reaching max kl: 0.76
PPO progress: 517000/1000000 (52%) | ep_rew_mean=20.52 | ep_len_mean=57 | episodes=100 | fps=26
----------------------------------------
| rollout/                |            |
|    ep_len_mean          | 56         |
|    ep_rew_mean          | 20         |
| time/                   |            |
|    fps                  | 26         |
|    iterations           | 505        |
|    time_elapsed         | 19159      |
|    total_timesteps      | 517120     |
| train/                  |            |
|    approx_kl            | 0.51619196 |
|    clip_fraction        | 0.537      |
|    clip_range           | 0.2        |
|    clip_range_vf        | 0.2        |
|    entropy_loss         | 1.9        |
|    explained_variance   | 0.754      |
|    learning_rate        | 0.000145   |
|    loss                 | 0.183      |
|    n_updates            | 3632       |
|    policy_gradient_loss | 0.0636     |
|    std                  | 0.0941     |
|    value_loss           | 0.00761    |
----------------------------------------
Early stopping at step 2 due to reaching max kl: 1.90
PPO progress: 518000/1000000 (52%) | ep_rew_mean=24.36 | ep_len_mean=60 | episodes=100 | fps=26
2026-07-04T03:06:09Z [19,204,640ms] [Error] [omni.kit.app._impl] [py stderr]: /media/samuel/Fast_SSD/SE4AI/thesis_repo/src/cobraflex_rl/cobraflex_rl/cv_lane_estimator.py:253: RankWarning: Polyfit may be poorly conditioned
  c2, c1, c0 = np.polyfit(xs, ys, 2)
----------------------------------------
| rollout/                |            |
|    ep_len_mean          | 59.5       |
|    ep_rew_mean          | 24         |
| time/                   |            |
|    fps                  | 26         |
|    iterations           | 506        |
|    time_elapsed         | 19192      |
|    total_timesteps      | 518144     |
| train/                  |            |
|    approx_kl            | 0.35157505 |
|    clip_fraction        | 0.387      |
|    clip_range           | 0.2        |
|    clip_range_vf        | 0.2        |
|    entropy_loss         | 1.89       |
|    explained_variance   | 0.761      |
|    learning_rate        | 0.000145   |
|    loss                 | 0.0659     |
|    n_updates            | 3635       |
|    policy_gradient_loss | -0.0042    |
|    std                  | 0.0943     |
|    value_loss           | 0.144      |
----------------------------------------
2026-07-04T03:06:17Z [19,212,272ms] [Error] [omni.kit.app._impl] [py stderr]: /media/samuel/Fast_SSD/SE4AI/thesis_repo/src/cobraflex_rl/cobraflex_rl/cv_lane_estimator.py:253: RankWarning: Polyfit may be poorly conditioned
  c2, c1, c0 = np.polyfit(xs, ys, 2)
Early stopping at step 2 due to reaching max kl: 0.80
[isaac_train] STOP file /media/samuel/Fast_SSD/SE4AI/thesis_repo/experiments/sim/training/ppo_isaac2d_v2_2024_1M/STOP found -> ending training gracefully (model + metadata will be written)
[isaac_train] saved PPO model to policy/checkpoints/cobraflex_ppo_isaac2d_lane_2024_1M_v2.zip
[isaac_train] learning curve + metadata under /media/samuel/Fast_SSD/SE4AI/thesis_repo/experiments/sim/training/ppo_isaac2d_v2_2024_1M
[19216.509s] Simulation App Shutting Down
