WARNING: All log messages before absl::InitializeLog() is called are written to STDERR
E0000 00:00:1783317560.609311  396526 descriptor_database.cc:633] File already exists in database: grpc/health/v1/health.proto
W0000 00:00:1783317560.609339  396526 message.cc:301] Protobuf GeneratedMessageFactory: File is already registered: grpc/health/v1/health.proto
2026-07-06T05:59:20Z [Info] [carb] Logging to file: /home/samuel/isaacsim/kit/logs/Kit/Isaac-Sim Python/6.0/kit_20260706_075920.log
[0.028s] [ext: omni.assets.plugins-0.0.0] startup
[0.029s] [ext: omni.blobkey-1.1.2] startup
[0.029s] [ext: omni.kit.async_engine-0.0.3] startup
[0.254s] [ext: omni.client.lib-1.1.1] startup
[0.261s] [ext: omni.client-1.3.0] startup
[0.263s] [ext: omni.protobuf.lib-1.0.0] startup
[0.263s] [ext: omni.grpc.lib-1.0.0] startup
[0.266s] [ext: omni.metrics.core-0.0.3] startup
[0.266s] [ext: omni.datastore-0.0.0] startup
[0.267s] [ext: omni.gpu_foundation.shadercache.vulkan-1.0.0] startup
[0.269s] [ext: omni.hsscclient-1.1.4] startup
[0.270s] [ext: omni.stats-1.0.1] startup
[0.270s] [ext: omni.ujitso.default-1.0.0] startup
[0.272s] [ext: omni.gpu_foundation-0.0.0] startup
[0.396s] [ext: carb.windowing.plugins-1.0.1] startup
[0.396s] [ext: omni.kit.renderer.init-1.0.1] startup
2026-07-06T05:59:21Z [773ms] [Warning] [omni.rtx] Skipping unsupported non-NVIDIA GPU: AMD Ryzen 5 9600X 6-Core Processor (RADV RAPHAEL_MENDOCINO)
2026-07-06T05:59:21Z [774ms] [Warning] [omni.rtx] Skipping unsupported non-NVIDIA GPU: AMD Ryzen 5 9600X 6-Core Processor (RADV RAPHAEL_MENDOCINO)

|---------------------------------------------------------------------------------------------|
| Driver Version: 595.71.05     | Graphics API: Vulkan
|=============================================================================================|
| GPU | Name                             | Active | LDA | GPU Memory | Vendor-ID | LUID       |
|     |                                  |        |     |            | Device-ID | UUID       |
|     |                                  |        |     |            | Bus-ID    |            |
|---------------------------------------------------------------------------------------------|
| 0   | NVIDIA GeForce RTX 5060          | Yes: 0 |     | 8151    MB | 10de      | 0          |
|     |                                  |        |     |            | 2d05      | d624d9ed.. |
|     |                                  |        |     |            | 1         |            |
|---------------------------------------------------------------------------------------------|
| 1   | AMD Ryzen 5 9600X 6-Core Proce.. |        |     | 10739   MB | 1002      | 0          |
|     |                                  |        |     |            | 13c0      | 00000000.. |
|     |                                  |        |     |            | 11        |            |
|=============================================================================================|
| OS: 24.04.4 LTS (Noble Numbat) ubuntu, Version: 24.04.4, Kernel: 6.17.0-35-generic
| XServer Vendor: The X.Org Foundation, XServer Version: 12101011 (1.21.1.11)
| Processor: AMD Ryzen 5 9600X 6-Core Processor
| Cores: 6 | Logical Cores: 12
|---------------------------------------------------------------------------------------------|
| Total Memory (MB): 31195 | Free Memory: 23888
| Total Page/Swap (MB): 488 | Free Page/Swap: 16
|---------------------------------------------------------------------------------------------|
2026-07-06T05:59:21Z [941ms] [Warning] [omni.rtx] PCIe link width current (8) and maximum (16) for device 0 don't match.
2026-07-06T05:59:21Z [941ms] [Warning] [omni.rtx] IOMMU is enabled.
[1.006s] [ext: omni.kit.pipapi-0.0.0] startup
[1.007s] [ext: omni.kit.pip_archive-0.0.0] startup
[1.007s] [ext: isaacsim.pip.newton-0.6.0] startup
[1.008s] [ext: omni.pip.compute-1.9.0] startup
[1.008s] [ext: omni.isaac.core_archive-5.3.0] startup
[1.008s] [ext: omni.kit.telemetry-0.5.2] startup
[1.027s] [ext: omni.kit.loop-isaac-1.6.0] startup
[1.028s] [ext: omni.kit.test-2.0.7] startup
[1.067s] [ext: omni.materialx.libs-1.0.9] startup
[1.072s] [ext: omni.gpucompute.plugins-0.0.0] startup
[1.072s] [ext: omni.usd.config-1.0.7] startup
[1.074s] [ext: omni.usd.libs-1.0.3] startup
[1.124s] [ext: omni.iray.libs-0.0.1] startup
[1.127s] [ext: omni.mdl-57.0.3] startup
[1.175s] [ext: omni.mdl.neuraylib-0.2.20] startup
[1.177s] [ext: omni.kit.usd.mdl-1.1.9] startup
[1.250s] [ext: omni.appwindow-1.2.2] startup
[1.252s] [ext: omni.kit.renderer.core-1.2.2] startup
[4.121s] [ext: omni.kit.renderer.capture-2.0.1] startup
[4.122s] [ext: omni.kit.renderer.imgui-2.0.6] startup
[4.317s] [ext: omni.ui-3.1.3] startup
[4.322s] [ext: omni.kit.mainwindow-1.0.3] startup
[4.323s] [ext: carb.audio-0.1.0] startup
[4.325s] [ext: omni.uiaudio-1.0.0] startup
[4.326s] [ext: omni.kit.uiapp-0.0.0] startup
[4.326s] [ext: omni.usd.schema.metrics.assembler-110.1.0] startup
[4.327s] [ext: omni.usd.schema.audio-0.0.1] startup
[4.329s] [ext: omni.usd_resolver-1.0.0] startup
[4.332s] [ext: omni.usd.core-1.8.3] startup
[4.334s] [ext: omni.metropolis.schema-0.0.3] startup
[4.334s] [ext: isaacsim.anim.robot.schema-0.1.1] startup
[4.335s] [ext: omni.usd.schema.anim-0.0.1] startup
[4.347s] [ext: omni.usd.schema.geospatial-0.0.1] startup
[4.348s] [ext: omni.usd.schema.omnigraph-1.0.1] startup
[4.352s] [ext: omni.usd.schema.semantics-0.0.0] startup
[4.354s] [ext: omni.activity.core-1.0.3] startup
[4.354s] [ext: omni.cubric-0.1.0] startup
[4.355s] [ext: omni.graph.exec-0.9.6] startup
[4.355s] [ext: omni.hydra.scene_delegate-0.3.5] startup
[4.357s] [ext: usdrt.scenegraph-7.6.3] startup
[4.374s] [ext: omni.hydra.usdrt_delegate-7.5.2] startup
[4.377s] [ext: omni.inspect-1.0.2] startup
[4.378s] [ext: omni.kit.actions.core-1.0.0] startup
[4.379s] [ext: omni.kit.audiodeviceenum-1.0.2] startup
[4.380s] [ext: omni.kit.commands-1.5.0] startup
[4.382s] [ext: omni.kit.exec.core-0.13.5] startup
[4.383s] [ext: omni.kit.usd_undo-0.1.8] startup
[4.383s] [ext: omni.kit.window.popup_dialog-2.0.25] startup
[4.385s] [ext: omni.kit.widget.nucleus_connector-2.3.1] startup
[4.387s] [ext: omni.timeline-1.1.0] startup
[4.388s] [ext: omni.usd-1.15.2] startup
[4.411s] [ext: omni.graph.core-3.1.2] startup
[4.413s] [ext: omni.kit.notification_manager-1.0.11] startup
[4.414s] [ext: isaacsim.core.deprecation_manager-0.4.2] startup
[4.415s] [ext: isaacsim.replicator.agent.schema-0.1.1] startup
[4.416s] [ext: isaacsim.robot.schema-6.3.6] startup
[4.418s] [ext: isaacsim.robot_motion.schema-0.2.0] startup
[4.419s] [ext: omni.anim.behavior.schema-110.1.0] startup
[4.421s] [ext: omni.anim.graph.schema-110.1.1] startup
[4.426s] [ext: omni.anim.navigation.schema-110.1.0] startup
[4.428s] [ext: omni.behavior.tree.schema-110.1.0] startup
[4.428s] [ext: omni.isaac.ml_archive-3.3.0] startup
[4.428s] [ext: omni.kit.asset_converter-5.1.4] startup
[4.436s] [ext: omni.pip.cloud-1.5.3] startup
[4.437s] [ext: omni.usd.schema.flow-110.0.0] startup
[4.438s] [ext: omni.usd.schema.mujoco-1.1.0] startup
[4.438s] [ext: omni.usd.schema.newton-1.2.0] startup
[4.438s] [ext: omni.usd.schema.omni_lens_distortion-1.0.0] startup
[4.439s] [ext: omni.usd.schema.omni_projectors-1.0.0] startup
[4.439s] [ext: omni.usd.schema.omni_sensors-0.0.0] startup
[4.444s] [ext: omni.usd.schema.omniscripting-1.0.1] startup
[4.447s] [ext: omni.usd.schema.physical_lighting-0.1.0] startup
[4.449s] [ext: omni.usd.schema.physx-110.1.11] startup
[4.469s] [ext: omni.usd.schema.render_settings.rtx-1.0.2] startup
[4.471s] [ext: omni.usd.schema.usd_particle_field-1.0.0] startup
[4.472s] [ext: isaacsim.core.version-2.1.0] startup
[4.472s] [ext: omni.kit.menu.core-1.2.0] startup
[4.473s] [ext: omni.kit.menu.utils-2.2.3] startup
[4.477s] [ext: isaacsim.app.about-2.3.0] startup
[4.480s] [ext: isaacsim.asset.transformer-1.2.3] startup
[4.482s] [ext: omni.scene.optimizer.core-110.1.0] startup
[4.512s] [ext: isaacsim.asset.importer.utils-1.8.0] startup
[4.513s] [ext: omni.convexdecomposition-110.1.11] startup
[4.515s] [ext: omni.physics-110.1.11] startup
[4.516s] [ext: omni.physx.gpu-110.1.11] startup
[4.517s] [ext: omni.physx.foundation-110.1.11] startup
[4.518s] [ext: omni.usdphysics-110.1.11] startup
[4.519s] [ext: omni.physx.cooking-110.1.11] startup
[4.520s] [ext: omni.physx-110.1.11] startup
[4.526s] [ext: omni.physics.physx-110.1.11] startup
[4.527s] [ext: isaacsim.asset.exporter.urdf-2.0.3] startup
[4.533s] [ext: omni.kit.clipboard-1.1.1] startup
[4.533s] [ext: omni.kit.usd.layers-2.6.1] startup
[4.538s] [ext: omni.kit.widget.context_menu-1.4.0] startup
[4.539s] [ext: omni.kit.context_menu-1.9.0] startup
[4.540s] [ext: omni.kit.helper.file_utils-0.1.10] startup
[4.541s] [ext: omni.kit.widget.nucleus_info-2.0.2] startup
[4.541s] [ext: omni.kit.search_core-1.0.8] startup
[4.541s] [ext: omni.kit.widget.path_field-2.0.13] startup
[4.542s] [ext: omni.kit.widget.browser_bar-2.0.10] startup
[4.542s] [ext: omni.kit.widget.filebrowser-2.13.4] startup
[4.545s] [ext: omni.kit.widget.options_menu-1.1.6] startup
[4.547s] [ext: omni.kit.widget.options_button-1.0.3] startup
[4.547s] [ext: omni.kit.widget.search_delegate-1.0.9] startup
[4.548s] [ext: omni.ui.scene-2.0.1] startup
[4.551s] [ext: omni.kit.window.filepicker-2.15.5] startup
[4.559s] [ext: omni.kit.window.file_importer-1.1.21] startup
[4.560s] [ext: omni.kit.material.library-3.1.2] startup
[4.563s] [ext: isaacsim.asset.transformer.rules-1.7.8] startup
[4.570s] [ext: omni.usdex.libs-2.2.2] startup
[4.575s] [ext: isaacsim.asset.importer.mjcf-3.10.0] startup
[4.576s] [ext: isaacsim.asset.importer.urdf-3.11.0] startup
[4.579s] [ext: omni.kit.primitive.mesh-1.1.0] startup
[4.580s] [ext: omni.kit.stage_template.core-1.1.22] startup
[4.581s] [ext: omni.kit.stage_templates-2.0.2] startup
[4.582s] [ext: omni.usd.metrics.assembler-110.1.2] startup
[4.584s] [ext: omni.warp.core-1.13.0] startup
[4.723s] [ext: isaacsim.core.experimental.utils-0.17.1] startup
[4.724s] [ext: omni.physics.stageupdate-110.1.11] startup
[4.725s] [ext: omni.physics.tensors-110.1.11] startup
[4.728s] [ext: omni.physx.tensors-110.1.11] startup
[4.788s] [ext: isaacsim.core.simulation_manager-1.15.4] startup
2026-07-06T05:59:25Z [4,789ms] [Warning] [isaacsim.core.simulation_manager.plugin] USD stage is not available; stage-opened subscription is deferred
2026-07-06T05:59:25Z [4,789ms] [Warning] [isaacsim.core.simulation_manager.plugin] USD stage is not available; stage-opened subscription is deferred
[4.798s] [ext: isaacsim.storage.native-1.9.2] startup
[4.799s] [ext: omni.usd.metrics.assembler.physics-110.1.11] startup
[4.800s] [ext: isaacsim.core.utils-4.1.6] startup
[4.801s] [ext: isaacsim.core.prims-0.11.6] startup
[5.628s] [ext: isaacsim.core.api-5.2.12] startup
[5.633s] [ext: isaacsim.core.cloner-1.7.2] startup
[5.633s] [ext: isaacsim.test.docstring-1.3.1] startup
[5.636s] [ext: isaacsim.core.experimental.prims-1.8.8] startup
[5.654s] [ext: isaacsim.core.experimental.primdata-0.3.2] startup
[5.655s] [ext: omni.graph.tools-1.81.0] startup
[5.670s] [ext: omni.graph-1.142.5] startup
[5.695s] [ext: isaacsim.core.experimental.actuators-0.1.0] startup
[7.240s] [ext: isaacsim.core.experimental.materials-0.7.0] startup
[7.242s] [ext: isaacsim.core.experimental.objects-0.8.0] startup
[7.285s] [ext: omni.hydra.engine.stats-1.0.5] startup
[7.287s] [ext: omni.hydra.rtx.shadercache.vulkan-1.0.0] startup
[7.288s] [ext: omni.index.libs-387500.3473.0] startup
[7.288s] [ext: omni.index-1.0.1] startup
[7.288s] [ext: omni.ujitso.client-0.0.0] startup
[7.288s] [ext: omni.usd.schema.playback-1.0.0] startup
[7.291s] [ext: omni.volume-0.5.2] startup
[7.294s] [ext: omni.hydra.rtx-1.0.3] startup
2026-07-06T05:59:27Z [7,294ms] [Warning] [omni.log] Source: omni.hydra was already registered.
[7.312s] [ext: omni.kit.hydra_texture-1.6.0] startup
[7.315s] [ext: omni.kit.raycast.query-1.2.0] startup
[7.317s] [ext: omni.kit.viewport.legacy_gizmos-1.0.24] startup
[7.319s] [ext: omni.kit.viewport.registry-104.0.6] startup
[7.319s] [ext: omni.kit.viewport.scene_camera_model-1.0.7] startup
[7.322s] [ext: omni.kit.widget.viewport-109.2.0] startup
[7.325s] [ext: omni.kit.window.drop_support-1.0.8] startup
[7.325s] [ext: omni.kit.viewport.window-109.0.2] startup
[7.337s] [ext: omni.kit.viewport.utility-2.0.1] startup
[7.338s] [ext: isaacsim.core.rendering_manager-0.4.2] startup
[7.352s] [ext: omni.graph.action_core-1.1.9] startup
[7.354s] [ext: omni.graph.action_nodes_core-2.10.2] startup
[7.355s] [ext: omni.graph.action_nodes-2.10.3] startup
[7.369s] [ext: omni.graph.action-2.10.2] startup
[7.370s] [ext: omni.graph.image.core-0.6.1] startup
[7.371s] [ext: omni.graph.image.nodes-1.3.1] startup
[7.371s] [ext: omni.graph.nodes_core-2.10.3] startup
[7.375s] [ext: omni.graph.nodes-2.11.1] startup
[7.379s] [ext: omni.kit.hotkeys.core-1.3.12] startup
[7.380s] [ext: omni.kit.property.adapter.core-1.1.1] startup
[7.382s] [ext: omni.kit.property.adapter.usd-1.0.5] startup
[7.382s] [ext: omni.kit.widget.filter-1.1.5] startup
[7.383s] [ext: omni.kit.widget.highlight_label-1.0.3] startup
[7.384s] [ext: omni.kit.widget.searchfield-1.1.8] startup
[7.385s] [ext: omni.kit.window.file_exporter-1.0.36] startup
[7.386s] [ext: omni.kit.widget.stage-4.3.0] startup
[7.392s] [ext: omni.kit.window.content_browser_registry-0.0.6] startup
[7.392s] [ext: omni.kit.window.file-2.0.10] startup
[7.394s] [ext: omni.kit.window.content_browser-3.1.8] startup
[7.402s] [ext: omni.kit.window.property-1.15.1] startup
[7.411s] [ext: omni.kit.property.usd-4.8.1] startup
[7.419s] [ext: omni.graph.scriptnode-2.10.2] startup
[7.426s] [ext: omni.kit.widget.searchable_combobox-1.0.7] startup
[7.427s] [ext: omni.kit.widget.settings-2.0.0] startup
[7.428s] [ext: omni.kit.window.preferences-1.8.3] startup
[7.432s] [ext: omni.kit.viewport.menubar.core-107.2.2] startup
[7.441s] [ext: omni.syntheticdata-0.6.15] startup
[7.460s] [ext: omni.replicator.nv-1.1.1] startup
[7.464s] [ext: omni.videoencoding-0.2.1] startup
[7.465s] [ext: omni.replicator.core-1.13.25] startup
2026-07-06T05:59:27Z [7,463ms] [Warning] [pxr.Semantics] pxr.Semantics is deprecated - please use Semantics instead
2026-07-06T05:59:27Z [7,517ms] [Warning] [omni.replicator.core.scripts.extension] No material configuration file, adding configuration to material settings directly.
[7.634s] [ext: isaacsim.core.nodes-5.10.4] startup
[7.655s] [ext: isaacsim.core.throttling-2.3.3] startup
[7.656s] [ext: omni.kit.manipulator.viewport-107.0.1] startup
[7.657s] [ext: omni.graph.visualization.nodes-2.1.4] startup
[7.667s] [ext: omni.kit.window.extensions-1.5.7] startup
[7.670s] [ext: isaacsim.gui.components-1.8.4] startup
[7.674s] [ext: isaacsim.robot.surface_gripper-3.6.1] startup
[7.682s] [ext: isaacsim.robot.manipulators-3.4.4] startup
[7.689s] [ext: isaacsim.robot_motion.lula-4.1.2] startup
[7.694s] [ext: isaacsim.robot_motion.motion_generation-8.2.8] startup
[7.698s] [ext: isaacsim.cortex.framework-1.0.17] startup
[7.699s] [ext: isaacsim.cortex.behaviors-2.0.16] startup
[7.700s] [ext: isaacsim.examples.base-1.3.1] startup
[7.702s] [ext: omni.kit.widget.zoombar-1.0.7] startup
[7.702s] [ext: omni.kit.browser.core-2.3.18] startup
[7.705s] [ext: omni.kit.browser.folder.core-2.0.2] startup
[7.708s] [ext: omni.kit.widget.stage_icons-1.0.8] startup
[7.709s] [ext: omni.kit.window.stage-2.6.1] startup
[7.712s] [ext: omni.kit.menu.stage-1.2.7] startup
[7.713s] [ext: omni.kit.usd.collect-3.0.5] startup
[7.715s] [ext: omni.kit.widget.prompt-1.0.7] startup
[7.715s] [ext: omni.kit.tool.collect-2.2.19] startup
[7.717s] [ext: isaacsim.examples.browser-0.3.1] startup
[7.719s] [ext: omni.kit.search.files-1.0.4] startup
[7.720s] [ext: omni.kit.widget.calendar-1.0.9] startup
[7.721s] [ext: omni.kit.widget.extended_searchfield-1.0.31] startup
[7.726s] [ext: omni.simready.content.browser-0.3.7] startup
[7.802s] [ext: isaacsim.gui.content_browser-0.4.2] startup
[7.804s] [ext: omni.kit.selection-0.1.6] startup
[7.805s] [ext: isaacsim.gui.menu-2.10.5] startup
[7.810s] [ext: isaacsim.gui.property-1.6.2] startup
[7.815s] [ext: omni.kit.viewport.actions-107.0.2] startup
[7.818s] [ext: omni.kit.viewport.menubar.display-107.1.3] startup
[7.819s] [ext: isaacsim.gui.sensors.icon-2.2.0] startup
[7.821s] [ext: omni.behavior.scripting.core-110.1.0] startup
[7.823s] [ext: isaacsim.replicator.behavior-1.5.3] startup
[7.824s] [ext: isaacsim.replicator.experimental.domain_randomization-1.2.4] startup
[7.835s] [ext: isaacsim.replicator.domain_randomization-1.2.1] startup
[7.891s] [ext: isaacsim.replicator.writers-1.5.3] startup
[7.908s] [ext: isaacsim.robot.experimental.wheeled_robots-0.2.9] startup
[7.924s] [ext: isaacsim.robot.policy.examples-5.2.11] startup
[7.938s] [ext: isaacsim.robot.wheeled_robots-5.2.3] startup
[7.941s] [ext: isaacsim.robot.wheeled_robots.nodes-0.1.2] startup
[7.955s] [ext: isaacsim.robot_motion.experimental.motion_generation-6.1.2] startup
[7.964s] [ext: isaacsim.robot_motion.cumotion-1.3.0] startup
[7.974s] [ext: omni.kit.numpy.common-0.1.3] startup
[7.975s] [ext: isaacsim.sensors.camera-1.7.8] startup
[7.997s] [ext: isaacsim.sensors.experimental.physics-3.0.1] startup
[8.003s] [ext: omni.sensors.net-1.0.1] startup
[8.005s] [ext: omni.sensors.nv.common-3.0.0] startup
[8.013s] [ext: omni.sensors.nv.materials-2.0.0] startup
[8.015s] [ext: omni.sensors.nv.acoustic-3.0.0] startup
[8.017s] [ext: omni.sensors.nv.ids-2.0.1] startup
[8.018s] [ext: omni.sensors.nv.lidar-3.0.0] startup
[8.020s] [ext: omni.sensors.nv.radar-3.0.0] startup
[8.022s] [ext: isaacsim.sensors.experimental.rtx-1.4.3] startup
[8.245s] [ext: isaacsim.sensors.physics.nodes-1.5.2] startup
[8.250s] [ext: isaacsim.util.debug_draw-3.2.2] startup
[8.254s] [ext: isaacsim.sensors.physx-2.5.4] startup
[8.259s] [ext: isaacsim.sensors.rtx-15.17.0] startup
[8.267s] [ext: isaacsim.simulation_app-2.18.3] startup
[8.268s] [ext: omni.anim.curve.core-1.6.0] startup
[8.275s] [ext: omni.graph.ui_nodes-2.10.5] startup
[8.292s] [ext: omni.hydra.scene_api-0.1.3] startup
[8.295s] [ext: omni.kit.manipulator.camera-110.0.0] startup
[8.297s] [ext: omni.kit.manipulator.selector-1.1.4] startup
[8.298s] [ext: omni.kit.manipulator.transform-107.0.0] startup
[8.301s] [ext: omni.kit.widget.toolbar-2.1.0] startup
[8.305s] [ext: omni.kit.manipulator.tool.snap-1.5.14] startup
[8.308s] [ext: omni.kit.viewport.manipulator.transform-107.0.4] startup
[8.310s] [ext: omni.kit.manipulator.prim.core-108.0.2] startup
[8.314s] [ext: omni.kit.manipulator.prim.usd-107.0.3] startup
[8.315s] [ext: omni.kit.manipulator.prim-108.0.0] startup
[8.315s] [ext: omni.kit.manipulator.selection-109.0.1] startup
[8.315s] [ext: omni.kit.menu.create-2.0.2] startup
[8.317s] [ext: omni.kit.property.audio-1.0.16] startup
[8.319s] [ext: omni.kit.property.camera-1.0.14] startup
[8.320s] [ext: omni.kit.property.geometry-2.1.2] startup
[8.322s] [ext: omni.kit.property.light-1.0.14] startup
2026-07-06T05:59:28Z [8,331ms] [Warning] [omni.usd] Encountered USD Warnings but USD Diagnostics are currently muted. To view USD Warnings, please set the '/persistent/app/usd/muteUsdDiagnostics' setting to false in Preferences page.
[8.347s] [ext: omni.kit.property.material-1.14.2] startup
[8.351s] [ext: omni.kit.property.render-1.2.2] startup
[8.352s] [ext: omni.kit.property.transform-1.6.9] startup
[8.354s] [ext: omni.kit.property.bundle-1.5.1] startup
[8.355s] [ext: omni.kit.usdz_export-1.1.0] startup
[8.357s] [ext: omni.kit.tool.asset_importer-5.2.0] startup
[8.360s] [ext: omni.kit.ui.actions-1.0.5] startup
[8.361s] [ext: omni.kit.viewport.menubar.camera-107.0.10] startup
[8.365s] [ext: omni.kit.viewport.menubar.lighting-107.3.2] startup
[8.366s] [ext: omni.kit.viewport.menubar.render-107.0.10] startup
[8.368s] [ext: omni.kit.viewport.menubar.settings-110.0.1] startup
[8.370s] [ext: omni.kit.window.console-1.1.8] startup
[8.373s] [ext: omni.kit.window.status_bar-0.1.11] startup
[8.375s] [ext: omni.kit.window.toolbar-3.0.3] startup
[8.376s] [ext: omni.ocio-0.1.1] startup
[8.377s] [ext: omni.physx.commands-110.1.11] startup
[8.382s] [ext: omni.replicator.replicator_yaml-2.0.12] startup
[8.389s] [ext: omni.rtx.window.settings-0.8.0] startup
[8.392s] [ext: omni.rtx.settings.core-0.7.0] startup
[8.394s] [ext: omni.usd.metrics.assembler.ui-110.1.1] startup
[8.399s] [ext: semantics.schema.editor-2.0.2] startup
[8.401s] [ext: semantics.schema.property-2.0.1] startup
[8.402s] [ext: omni.kit.menu.common-2.0.2] startup
[8.403s] [ext: isaacsim.exp.base-6.0.0] startup
[8.403s] [ext: isaacsim.exp.base.python-6.0.0] startup
[8.405s] Simulation App Starting
[9.120s] Simulation App Startup Complete
[9.125s] app ready
Starting kit application with the following args:  ['/home/samuel/isaacsim/exts/isaacsim.simulation_app/isaacsim/simulation_app/simulation_app.py', '/home/samuel/isaacsim/apps/isaacsim.exp.base.python.kit', '--/app/tokens/exe-path=/home/samuel/isaacsim/kit', '--/persistent/app/viewport/displayOptions=3094', '--/rtx/materialDb/syncLoads=True', '--/rtx/hydra/materialSyncLoads=True', '--/omni.kit.plugin/syncUsdLoads=True', '--/app/renderer/resolution/width=1280', '--/app/renderer/resolution/height=720', '--/app/window/width=1440', '--/app/window/height=900', '--/renderer/multiGpu/enabled=True', '--/app/fastShutdown=True', '--/app/installSignalHandlers=0', '--ext-folder', '/home/samuel/isaacsim/exts', '--ext-folder', '/home/samuel/isaacsim/apps', '--/physics/cudaDevice=0', '--/plugins/carb.tasking.plugin/threadCount=12', '--/plugins/omni.tbb.globalcontrol/maxThreadCount=12', '--portable', '--no-window', '--/app/window/hideUi=1']
Passing the following args to the base kit application:  ['--train-config', 'src/cobraflex_rl/config/train_isaac_kin2_curric.yaml', '--track', 'complex_b', '--run-id', 'ppo_isaac2d_kin2_2024_1M', '--model-path', 'policy/checkpoints/cobraflex_ppo_isaac2d_kin2_2024_1M']
Warp 1.13.0 initialized:
   CUDA Toolkit 12.9, Driver 13.2
   Devices:
     "cpu"      : "x86_64"
     "cuda:0"   : "NVIDIA GeForce RTX 5060" (8 GiB, sm_120, mempool enabled)
   Kernel cache:
     /home/samuel/.cache/warp/1.13.0
[isaac_train] render mode: headless (headless=True)
[scene] track 'complex_b' built as geometry (9.6x4.6 m, 2-lane, offset (+0.0, +0.0))
[scene] velocity drives on 4 wheel joints; friction 0.05 (combine=min) on 4 wheel colliders, ground 0.05
[isaac_train] articulation root /World/Cobraflex/Geometry/base_footprint/base_link; wheel dof [0, 2, 1, 3]
Using cuda device
Wrapping the env in a VecTransposeImage.
[progress] line-by-line mode (no usable TTY); progress every 1000 steps
PPO progress: 1000/1000000 (0%) | ep_rew_mean=11.83 | ep_len_mean=25 | episodes=40 | fps=36
---------------------------------
| rollout/           |          |
|    ep_len_mean     | 24.4     |
|    ep_rew_mean     | 11.6     |
| time/              |          |
|    fps             | 36       |
|    iterations      | 1        |
|    time_elapsed    | 28       |
|    total_timesteps | 1024     |
---------------------------------
PPO progress: 2000/1000000 (0%) | ep_rew_mean=16.80 | ep_len_mean=27 | episodes=74 | fps=36
-----------------------------------------
| rollout/                |             |
|    ep_len_mean          | 27.3        |
|    ep_rew_mean          | 16.9        |
| time/                   |             |
|    fps                  | 36          |
|    iterations           | 2           |
|    time_elapsed         | 56          |
|    total_timesteps      | 2048        |
| train/                  |             |
|    approx_kl            | 0.014676083 |
|    clip_fraction        | 0.076       |
|    clip_range           | 0.2         |
|    clip_range_vf        | 0.2         |
|    entropy_loss         | -2.82       |
|    explained_variance   | -0.00758    |
|    learning_rate        | 0.0003      |
|    loss                 | 0.303       |
|    n_updates            | 10          |
|    policy_gradient_loss | -0.0065     |
|    std                  | 0.989       |
|    value_loss           | 0.95        |
-----------------------------------------
PPO progress: 3000/1000000 (0%) | ep_rew_mean=16.61 | ep_len_mean=26 | episodes=100 | fps=36
-----------------------------------------
| rollout/                |             |
|    ep_len_mean          | 25.9        |
|    ep_rew_mean          | 16.7        |
| time/                   |             |
|    fps                  | 36          |
|    iterations           | 3           |
|    time_elapsed         | 84          |
|    total_timesteps      | 3072        |
| train/                  |             |
|    approx_kl            | 0.012033027 |
|    clip_fraction        | 0.0896      |
|    clip_range           | 0.2         |
|    clip_range_vf        | 0.2         |
|    entropy_loss         | -2.82       |
|    explained_variance   | 0.192       |
|    learning_rate        | 0.000299    |
|    loss                 | 0.134       |
|    n_updates            | 20          |
|    policy_gradient_loss | -0.0109     |
|    std                  | 0.99        |
|    value_loss           | 0.424       |
-----------------------------------------
PPO progress: 4000/1000000 (0%) | ep_rew_mean=18.24 | ep_len_mean=28 | episodes=100 | fps=36
-----------------------------------------
| rollout/                |             |
|    ep_len_mean          | 28.1        |
|    ep_rew_mean          | 18.4        |
| time/                   |             |
|    fps                  | 36          |
|    iterations           | 4           |
|    time_elapsed         | 112         |
|    total_timesteps      | 4096        |
| train/                  |             |
|    approx_kl            | 0.021027014 |
|    clip_fraction        | 0.131       |
|    clip_range           | 0.2         |
|    clip_range_vf        | 0.2         |
|    entropy_loss         | -2.81       |
|    explained_variance   | 0.501       |
|    learning_rate        | 0.000299    |
|    loss                 | 0.0125      |
|    n_updates            | 30          |
|    policy_gradient_loss | -0.0214     |
|    std                  | 0.985       |
|    value_loss           | 0.255       |
-----------------------------------------
PPO progress: 5000/1000000 (0%) | ep_rew_mean=17.60 | ep_len_mean=28 | episodes=100 | fps=36
-----------------------------------------
| rollout/                |             |
|    ep_len_mean          | 27.9        |
|    ep_rew_mean          | 17.6        |
| time/                   |             |
|    fps                  | 36          |
|    iterations           | 5           |
|    time_elapsed         | 140         |
|    total_timesteps      | 5120        |
| train/                  |             |
|    approx_kl            | 0.021966673 |
|    clip_fraction        | 0.199       |
|    clip_range           | 0.2         |
|    clip_range_vf        | 0.2         |
|    entropy_loss         | -2.81       |
|    explained_variance   | 0.696       |
|    learning_rate        | 0.000299    |
|    loss                 | 0.0574      |
|    n_updates            | 40          |
|    policy_gradient_loss | -0.0237     |
|    std                  | 0.984       |
|    value_loss           | 0.276       |
-----------------------------------------
PPO progress: 6000/1000000 (1%) | ep_rew_mean=17.56 | ep_len_mean=28 | episodes=100 | fps=36
-----------------------------------------
| rollout/                |             |
|    ep_len_mean          | 29.3        |
|    ep_rew_mean          | 18.9        |
| time/                   |             |
|    fps                  | 36          |
|    iterations           | 6           |
|    time_elapsed         | 168         |
|    total_timesteps      | 6144        |
| train/                  |             |
|    approx_kl            | 0.028208986 |
|    clip_fraction        | 0.229       |
|    clip_range           | 0.2         |
|    clip_range_vf        | 0.2         |
|    entropy_loss         | -2.79       |
|    explained_variance   | 0.36        |
|    learning_rate        | 0.000298    |
|    loss                 | 0.0155      |
|    n_updates            | 50          |
|    policy_gradient_loss | -0.0374     |
|    std                  | 0.97        |
|    value_loss           | 0.17        |
-----------------------------------------
PPO progress: 7000/1000000 (1%) | ep_rew_mean=17.98 | ep_len_mean=27 | episodes=100 | fps=36
-----------------------------------------
| rollout/                |             |
|    ep_len_mean          | 27.9        |
|    ep_rew_mean          | 18.2        |
| time/                   |             |
|    fps                  | 36          |
|    iterations           | 7           |
|    time_elapsed         | 195         |
|    total_timesteps      | 7168        |
| train/                  |             |
|    approx_kl            | 0.045006257 |
|    clip_fraction        | 0.273       |
|    clip_range           | 0.2         |
|    clip_range_vf        | 0.2         |
|    entropy_loss         | -2.77       |
|    explained_variance   | 0.639       |
|    learning_rate        | 0.000298    |
|    loss                 | -0.0216     |
|    n_updates            | 60          |
|    policy_gradient_loss | -0.0414     |
|    std                  | 0.966       |
|    value_loss           | 0.139       |
-----------------------------------------
PPO progress: 8000/1000000 (1%) | ep_rew_mean=19.92 | ep_len_mean=33 | episodes=100 | fps=36
-----------------------------------------
| rollout/                |             |
|    ep_len_mean          | 33.5        |
|    ep_rew_mean          | 19.7        |
| time/                   |             |
|    fps                  | 36          |
|    iterations           | 8           |
|    time_elapsed         | 222         |
|    total_timesteps      | 8192        |
| train/                  |             |
|    approx_kl            | 0.046653092 |
|    clip_fraction        | 0.299       |
|    clip_range           | 0.2         |
|    clip_range_vf        | 0.2         |
|    entropy_loss         | -2.76       |
|    explained_variance   | 0.781       |
|    learning_rate        | 0.000298    |
|    loss                 | -0.0486     |
|    n_updates            | 70          |
|    policy_gradient_loss | -0.0472     |
|    std                  | 0.956       |
|    value_loss           | 0.0864      |
-----------------------------------------
PPO progress: 9000/1000000 (1%) | ep_rew_mean=20.18 | ep_len_mean=36 | episodes=100 | fps=36
--------------------------------------
| rollout/                |          |
|    ep_len_mean          | 38.3     |
|    ep_rew_mean          | 21.9     |
| time/                   |          |
|    fps                  | 37       |
|    iterations           | 9        |
|    time_elapsed         | 248      |
|    total_timesteps      | 9216     |
| train/                  |          |
|    approx_kl            | 0.037904 |
|    clip_fraction        | 0.31     |
|    clip_range           | 0.2      |
|    clip_range_vf        | 0.2      |
|    entropy_loss         | -2.74    |
|    explained_variance   | 0.742    |
|    learning_rate        | 0.000298 |
|    loss                 | -0.0763  |
|    n_updates            | 80       |
|    policy_gradient_loss | -0.0413  |
|    std                  | 0.948    |
|    value_loss           | 0.0942   |
--------------------------------------
PPO progress: 10000/1000000 (1%) | ep_rew_mean=24.63 | ep_len_mean=42 | episodes=100 | fps=37
-----------------------------------------
| rollout/                |             |
|    ep_len_mean          | 42.2        |
|    ep_rew_mean          | 24.6        |
| time/                   |             |
|    fps                  | 37          |
|    iterations           | 10          |
|    time_elapsed         | 275         |
|    total_timesteps      | 10240       |
| train/                  |             |
|    approx_kl            | 0.046555027 |
|    clip_fraction        | 0.338       |
|    clip_range           | 0.2         |
|    clip_range_vf        | 0.2         |
|    entropy_loss         | -2.72       |
|    explained_variance   | 0.823       |
|    learning_rate        | 0.000297    |
|    loss                 | -0.0814     |
|    n_updates            | 90          |
|    policy_gradient_loss | -0.0537     |
|    std                  | 0.94        |
|    value_loss           | 0.099       |
-----------------------------------------
PPO progress: 11000/1000000 (1%) | ep_rew_mean=23.97 | ep_len_mean=45 | episodes=100 | fps=37
----------------------------------------
| rollout/                |            |
|    ep_len_mean          | 46.4       |
|    ep_rew_mean          | 24.4       |
| time/                   |            |
|    fps                  | 37         |
|    iterations           | 11         |
|    time_elapsed         | 302        |
|    total_timesteps      | 11264      |
| train/                  |            |
|    approx_kl            | 0.05676912 |
|    clip_fraction        | 0.334      |
|    clip_range           | 0.2        |
|    clip_range_vf        | 0.2        |
|    entropy_loss         | -2.71      |
|    explained_variance   | 0.756      |
|    learning_rate        | 0.000297   |
|    loss                 | -0.00805   |
|    n_updates            | 100        |
|    policy_gradient_loss | -0.052     |
|    std                  | 0.934      |
|    value_loss           | 0.132      |
----------------------------------------
PPO progress: 12000/1000000 (1%) | ep_rew_mean=24.68 | ep_len_mean=49 | episodes=100 | fps=37
-----------------------------------------
| rollout/                |             |
|    ep_len_mean          | 50.8        |
|    ep_rew_mean          | 25.8        |
| time/                   |             |
|    fps                  | 37          |
|    iterations           | 12          |
|    time_elapsed         | 328         |
|    total_timesteps      | 12288       |
| train/                  |             |
|    approx_kl            | 0.042097546 |
|    clip_fraction        | 0.343       |
|    clip_range           | 0.2         |
|    clip_range_vf        | 0.2         |
|    entropy_loss         | -2.68       |
|    explained_variance   | 0.857       |
|    learning_rate        | 0.000297    |
|    loss                 | -0.0522     |
|    n_updates            | 110         |
|    policy_gradient_loss | -0.0469     |
|    std                  | 0.915       |
|    value_loss           | 0.0913      |
-----------------------------------------
PPO progress: 13000/1000000 (1%) | ep_rew_mean=26.27 | ep_len_mean=47 | episodes=100 | fps=37
-----------------------------------------
| rollout/                |             |
|    ep_len_mean          | 45.6        |
|    ep_rew_mean          | 25          |
| time/                   |             |
|    fps                  | 37          |
|    iterations           | 13          |
|    time_elapsed         | 356         |
|    total_timesteps      | 13312       |
| train/                  |             |
|    approx_kl            | 0.051924784 |
|    clip_fraction        | 0.292       |
|    clip_range           | 0.2         |
|    clip_range_vf        | 0.2         |
|    entropy_loss         | -2.66       |
|    explained_variance   | 0.833       |
|    learning_rate        | 0.000296    |
|    loss                 | -0.0822     |
|    n_updates            | 120         |
|    policy_gradient_loss | -0.0517     |
|    std                  | 0.911       |
|    value_loss           | 0.115       |
-----------------------------------------
PPO progress: 14000/1000000 (1%) | ep_rew_mean=25.26 | ep_len_mean=46 | episodes=100 | fps=37
-----------------------------------------
| rollout/                |             |
|    ep_len_mean          | 45.6        |
|    ep_rew_mean          | 25.3        |
| time/                   |             |
|    fps                  | 37          |
|    iterations           | 14          |
|    time_elapsed         | 382         |
|    total_timesteps      | 14336       |
| train/                  |             |
|    approx_kl            | 0.057654563 |
|    clip_fraction        | 0.334       |
|    clip_range           | 0.2         |
|    clip_range_vf        | 0.2         |
|    entropy_loss         | -2.64       |
|    explained_variance   | 0.855       |
|    learning_rate        | 0.000296    |
|    loss                 | -0.0459     |
|    n_updates            | 130         |
|    policy_gradient_loss | -0.0582     |
|    std                  | 0.898       |
|    value_loss           | 0.126       |
-----------------------------------------
PPO progress: 15000/1000000 (2%) | ep_rew_mean=26.23 | ep_len_mean=47 | episodes=100 | fps=37
----------------------------------------
| rollout/                |            |
|    ep_len_mean          | 45.1       |
|    ep_rew_mean          | 25.2       |
| time/                   |            |
|    fps                  | 37         |
|    iterations           | 15         |
|    time_elapsed         | 409        |
|    total_timesteps      | 15360      |
| train/                  |            |
|    approx_kl            | 0.06703882 |
|    clip_fraction        | 0.376      |
|    clip_range           | 0.2        |
|    clip_range_vf        | 0.2        |
|    entropy_loss         | -2.61      |
|    explained_variance   | 0.764      |
|    learning_rate        | 0.000296   |
|    loss                 | 0.0166     |
|    n_updates            | 140        |
|    policy_gradient_loss | -0.0536    |
|    std                  | 0.879      |
|    value_loss           | 0.183      |
----------------------------------------
PPO progress: 16000/1000000 (2%) | ep_rew_mean=27.98 | ep_len_mean=46 | episodes=100 | fps=37
-----------------------------------------
| rollout/                |             |
|    ep_len_mean          | 46.1        |
|    ep_rew_mean          | 27.9        |
| time/                   |             |
|    fps                  | 37          |
|    iterations           | 16          |
|    time_elapsed         | 435         |
|    total_timesteps      | 16384       |
| train/                  |             |
|    approx_kl            | 0.061827905 |
|    clip_fraction        | 0.371       |
|    clip_range           | 0.2         |
|    clip_range_vf        | 0.2         |
|    entropy_loss         | -2.57       |
|    explained_variance   | 0.895       |
|    learning_rate        | 0.000295    |
|    loss                 | -0.0699     |
|    n_updates            | 150         |
|    policy_gradient_loss | -0.0498     |
|    std                  | 0.872       |
|    value_loss           | 0.0711      |
-----------------------------------------
PPO progress: 17000/1000000 (2%) | ep_rew_mean=26.97 | ep_len_mean=45 | episodes=100 | fps=37
-----------------------------------------
| rollout/                |             |
|    ep_len_mean          | 44.9        |
|    ep_rew_mean          | 24.8        |
| time/                   |             |
|    fps                  | 37          |
|    iterations           | 17          |
|    time_elapsed         | 462         |
|    total_timesteps      | 17408       |
| train/                  |             |
|    approx_kl            | 0.057117328 |
|    clip_fraction        | 0.358       |
|    clip_range           | 0.2         |
|    clip_range_vf        | 0.2         |
|    entropy_loss         | -2.56       |
|    explained_variance   | 0.868       |
|    learning_rate        | 0.000295    |
|    loss                 | -0.0778     |
|    n_updates            | 160         |
|    policy_gradient_loss | -0.0416     |
|    std                  | 0.867       |
|    value_loss           | 0.115       |
-----------------------------------------
PPO progress: 18000/1000000 (2%) | ep_rew_mean=26.72 | ep_len_mean=48 | episodes=100 | fps=37
----------------------------------------
| rollout/                |            |
|    ep_len_mean          | 49.6       |
|    ep_rew_mean          | 27.7       |
| time/                   |            |
|    fps                  | 37         |
|    iterations           | 18         |
|    time_elapsed         | 488        |
|    total_timesteps      | 18432      |
| train/                  |            |
|    approx_kl            | 0.07047868 |
|    clip_fraction        | 0.367      |
|    clip_range           | 0.2        |
|    clip_range_vf        | 0.2        |
|    entropy_loss         | -2.54      |
|    explained_variance   | 0.886      |
|    learning_rate        | 0.000295   |
|    loss                 | -0.0511    |
|    n_updates            | 170        |
|    policy_gradient_loss | -0.0457    |
|    std                  | 0.853      |
|    value_loss           | 0.0749     |
----------------------------------------
PPO progress: 19000/1000000 (2%) | ep_rew_mean=24.95 | ep_len_mean=50 | episodes=100 | fps=37
-----------------------------------------
| rollout/                |             |
|    ep_len_mean          | 50.3        |
|    ep_rew_mean          | 24.3        |
| time/                   |             |
|    fps                  | 37          |
|    iterations           | 19          |
|    time_elapsed         | 515         |
|    total_timesteps      | 19456       |
| train/                  |             |
|    approx_kl            | 0.079058655 |
|    clip_fraction        | 0.376       |
|    clip_range           | 0.2         |
|    clip_range_vf        | 0.2         |
|    entropy_loss         | -2.51       |
|    explained_variance   | 0.53        |
|    learning_rate        | 0.000294    |
|    loss                 | -0.0956     |
|    n_updates            | 180         |
|    policy_gradient_loss | -0.0598     |
|    std                  | 0.845       |
|    value_loss           | 0.0566      |
-----------------------------------------
PPO progress: 20000/1000000 (2%) | ep_rew_mean=23.75 | ep_len_mean=51 | episodes=100 | fps=37
----------------------------------------
| rollout/                |            |
|    ep_len_mean          | 53.7       |
|    ep_rew_mean          | 26.3       |
| time/                   |            |
|    fps                  | 37         |
|    iterations           | 20         |
|    time_elapsed         | 542        |
|    total_timesteps      | 20480      |
| train/                  |            |
|    approx_kl            | 0.06852065 |
|    clip_fraction        | 0.36       |
|    clip_range           | 0.2        |
|    clip_range_vf        | 0.2        |
|    entropy_loss         | -2.49      |
|    explained_variance   | 0.701      |
|    learning_rate        | 0.000294   |
|    loss                 | -0.107     |
|    n_updates            | 190        |
|    policy_gradient_loss | -0.0566    |
|    std                  | 0.838      |
|    value_loss           | 0.025      |
----------------------------------------
PPO progress: 21000/1000000 (2%) | ep_rew_mean=25.71 | ep_len_mean=54 | episodes=100 | fps=37
----------------------------------------
| rollout/                |            |
|    ep_len_mean          | 52.6       |
|    ep_rew_mean          | 24.4       |
| time/                   |            |
|    fps                  | 37         |
|    iterations           | 21         |
|    time_elapsed         | 568        |
|    total_timesteps      | 21504      |
| train/                  |            |
|    approx_kl            | 0.10641013 |
|    clip_fraction        | 0.441      |
|    clip_range           | 0.2        |
|    clip_range_vf        | 0.2        |
|    entropy_loss         | -2.48      |
|    explained_variance   | 0.819      |
|    learning_rate        | 0.000294   |
|    loss                 | -0.118     |
|    n_updates            | 200        |
|    policy_gradient_loss | -0.0695    |
|    std                  | 0.83       |
|    value_loss           | 0.0373     |
----------------------------------------
PPO progress: 22000/1000000 (2%) | ep_rew_mean=26.31 | ep_len_mean=57 | episodes=100 | fps=37
----------------------------------------
| rollout/                |            |
|    ep_len_mean          | 60.3       |
|    ep_rew_mean          | 28.3       |
| time/                   |            |
|    fps                  | 37         |
|    iterations           | 22         |
|    time_elapsed         | 595        |
|    total_timesteps      | 22528      |
| train/                  |            |
|    approx_kl            | 0.08262116 |
|    clip_fraction        | 0.395      |
|    clip_range           | 0.2        |
|    clip_range_vf        | 0.2        |
|    entropy_loss         | -2.47      |
|    explained_variance   | 0.852      |
|    learning_rate        | 0.000294   |
|    loss                 | -0.106     |
|    n_updates            | 210        |
|    policy_gradient_loss | -0.0535    |
|    std                  | 0.828      |
|    value_loss           | 0.0308     |
----------------------------------------
PPO progress: 23000/1000000 (2%) | ep_rew_mean=26.55 | ep_len_mean=59 | episodes=100 | fps=37
----------------------------------------
| rollout/                |            |
|    ep_len_mean          | 60.5       |
|    ep_rew_mean          | 28.1       |
| time/                   |            |
|    fps                  | 37         |
|    iterations           | 23         |
|    time_elapsed         | 621        |
|    total_timesteps      | 23552      |
| train/                  |            |
|    approx_kl            | 0.07562333 |
|    clip_fraction        | 0.387      |
|    clip_range           | 0.2        |
|    clip_range_vf        | 0.2        |
|    entropy_loss         | -2.46      |
|    explained_variance   | 0.896      |
|    learning_rate        | 0.000293   |
|    loss                 | -0.0705    |
|    n_updates            | 220        |
|    policy_gradient_loss | -0.0532    |
|    std                  | 0.823      |
|    value_loss           | 0.0387     |
----------------------------------------
PPO progress: 24000/1000000 (2%) | ep_rew_mean=27.09 | ep_len_mean=57 | episodes=100 | fps=37
----------------------------------------
| rollout/                |            |
|    ep_len_mean          | 56.3       |
|    ep_rew_mean          | 28.9       |
| time/                   |            |
|    fps                  | 37         |
|    iterations           | 24         |
|    time_elapsed         | 648        |
|    total_timesteps      | 24576      |
| train/                  |            |
|    approx_kl            | 0.08727883 |
|    clip_fraction        | 0.406      |
|    clip_range           | 0.2        |
|    clip_range_vf        | 0.2        |
|    entropy_loss         | -2.45      |
|    explained_variance   | 0.87       |
|    learning_rate        | 0.000293   |
|    loss                 | -0.0676    |
|    n_updates            | 230        |
|    policy_gradient_loss | -0.058     |
|    std                  | 0.823      |
|    value_loss           | 0.0462     |
----------------------------------------
PPO progress: 25000/1000000 (2%) | ep_rew_mean=30.00 | ep_len_mean=57 | episodes=100 | fps=37
-----------------------------------------
| rollout/                |             |
|    ep_len_mean          | 59.6        |
|    ep_rew_mean          | 30.9        |
| time/                   |             |
|    fps                  | 37          |
|    iterations           | 25          |
|    time_elapsed         | 674         |
|    total_timesteps      | 25600       |
| train/                  |             |
|    approx_kl            | 0.087730035 |
|    clip_fraction        | 0.401       |
|    clip_range           | 0.2         |
|    clip_range_vf        | 0.2         |
|    entropy_loss         | -2.44       |
|    explained_variance   | 0.809       |
|    learning_rate        | 0.000293    |
|    loss                 | -0.121      |
|    n_updates            | 240         |
|    policy_gradient_loss | -0.0653     |
|    std                  | 0.816       |
|    value_loss           | 0.0449      |
-----------------------------------------
PPO progress: 26000/1000000 (3%) | ep_rew_mean=31.20 | ep_len_mean=58 | episodes=100 | fps=37
-----------------------------------------
| rollout/                |             |
|    ep_len_mean          | 58.4        |
|    ep_rew_mean          | 31          |
| time/                   |             |
|    fps                  | 37          |
|    iterations           | 26          |
|    time_elapsed         | 701         |
|    total_timesteps      | 26624       |
| train/                  |             |
|    approx_kl            | 0.075128704 |
|    clip_fraction        | 0.389       |
|    clip_range           | 0.2         |
|    clip_range_vf        | 0.2         |
|    entropy_loss         | -2.42       |
|    explained_variance   | 0.881       |
|    learning_rate        | 0.000292    |
|    loss                 | -0.0789     |
|    n_updates            | 250         |
|    policy_gradient_loss | -0.0471     |
|    std                  | 0.806       |
|    value_loss           | 0.0534      |
-----------------------------------------
PPO progress: 27000/1000000 (3%) | ep_rew_mean=31.07 | ep_len_mean=59 | episodes=100 | fps=37
----------------------------------------
| rollout/                |            |
|    ep_len_mean          | 61.9       |
|    ep_rew_mean          | 33.4       |
| time/                   |            |
|    fps                  | 37         |
|    iterations           | 27         |
|    time_elapsed         | 727        |
|    total_timesteps      | 27648      |
| train/                  |            |
|    approx_kl            | 0.21229964 |
|    clip_fraction        | 0.51       |
|    clip_range           | 0.2        |
|    clip_range_vf        | 0.2        |
|    entropy_loss         | -2.41      |
|    explained_variance   | 0.829      |
|    learning_rate        | 0.000292   |
|    loss                 | -0.126     |
|    n_updates            | 260        |
|    policy_gradient_loss | -0.0703    |
|    std                  | 0.801      |
|    value_loss           | 0.0354     |
----------------------------------------
PPO progress: 28000/1000000 (3%) | ep_rew_mean=33.30 | ep_len_mean=60 | episodes=100 | fps=37
----------------------------------------
| rollout/                |            |
|    ep_len_mean          | 60.1       |
|    ep_rew_mean          | 33.9       |
| time/                   |            |
|    fps                  | 37         |
|    iterations           | 28         |
|    time_elapsed         | 754        |
|    total_timesteps      | 28672      |
| train/                  |            |
|    approx_kl            | 0.14947042 |
|    clip_fraction        | 0.475      |
|    clip_range           | 0.2        |
|    clip_range_vf        | 0.2        |
|    entropy_loss         | -2.39      |
|    explained_variance   | 0.781      |
|    learning_rate        | 0.000292   |
|    loss                 | -0.0727    |
|    n_updates            | 270        |
|    policy_gradient_loss | -0.0647    |
|    std                  | 0.794      |
|    value_loss           | 0.064      |
----------------------------------------
PPO progress: 29000/1000000 (3%) | ep_rew_mean=31.78 | ep_len_mean=56 | episodes=100 | fps=37
----------------------------------------
| rollout/                |            |
|    ep_len_mean          | 59         |
|    ep_rew_mean          | 33.1       |
| time/                   |            |
|    fps                  | 38         |
|    iterations           | 29         |
|    time_elapsed         | 781        |
|    total_timesteps      | 29696      |
| train/                  |            |
|    approx_kl            | 0.11016962 |
|    clip_fraction        | 0.466      |
|    clip_range           | 0.2        |
|    clip_range_vf        | 0.2        |
|    entropy_loss         | -2.37      |
|    explained_variance   | 0.796      |
|    learning_rate        | 0.000291   |
|    loss                 | -0.0869    |
|    n_updates            | 280        |
|    policy_gradient_loss | -0.0582    |
|    std                  | 0.783      |
|    value_loss           | 0.072      |
----------------------------------------
PPO progress: 30000/1000000 (3%) | ep_rew_mean=31.88 | ep_len_mean=58 | episodes=100 | fps=37
-----------------------------------------
| rollout/                |             |
|    ep_len_mean          | 57.5        |
|    ep_rew_mean          | 31          |
| time/                   |             |
|    fps                  | 38          |
|    iterations           | 30          |
|    time_elapsed         | 807         |
|    total_timesteps      | 30720       |
| train/                  |             |
|    approx_kl            | 0.123045936 |
|    clip_fraction        | 0.451       |
|    clip_range           | 0.2         |
|    clip_range_vf        | 0.2         |
|    entropy_loss         | -2.34       |
|    explained_variance   | 0.794       |
|    learning_rate        | 0.000291    |
|    loss                 | -0.13       |
|    n_updates            | 290         |
|    policy_gradient_loss | -0.0649     |
|    std                  | 0.774       |
|    value_loss           | 0.0292      |
-----------------------------------------
PPO progress: 31000/1000000 (3%) | ep_rew_mean=30.11 | ep_len_mean=56 | episodes=100 | fps=38
----------------------------------------
| rollout/                |            |
|    ep_len_mean          | 59.4       |
|    ep_rew_mean          | 31.5       |
| time/                   |            |
|    fps                  | 38         |
|    iterations           | 31         |
|    time_elapsed         | 834        |
|    total_timesteps      | 31744      |
| train/                  |            |
|    approx_kl            | 0.10403068 |
|    clip_fraction        | 0.471      |
|    clip_range           | 0.2        |
|    clip_range_vf        | 0.2        |
|    entropy_loss         | -2.31      |
|    explained_variance   | 0.751      |
|    learning_rate        | 0.000291   |
|    loss                 | -0.112     |
|    n_updates            | 300        |
|    policy_gradient_loss | -0.0705    |
|    std                  | 0.759      |
|    value_loss           | 0.0382     |
----------------------------------------
PPO progress: 32000/1000000 (3%) | ep_rew_mean=31.69 | ep_len_mean=60 | episodes=100 | fps=38
----------------------------------------
| rollout/                |            |
|    ep_len_mean          | 58.4       |
|    ep_rew_mean          | 32.7       |
| time/                   |            |
|    fps                  | 38         |
|    iterations           | 32         |
|    time_elapsed         | 861        |
|    total_timesteps      | 32768      |
| train/                  |            |
|    approx_kl            | 0.12250687 |
|    clip_fraction        | 0.443      |
|    clip_range           | 0.2        |
|    clip_range_vf        | 0.2        |
|    entropy_loss         | -2.28      |
|    explained_variance   | 0.826      |
|    learning_rate        | 0.00029    |
|    loss                 | -0.0459    |
|    n_updates            | 310        |
|    policy_gradient_loss | -0.05      |
|    std                  | 0.754      |
|    value_loss           | 0.0615     |
----------------------------------------
PPO progress: 33000/1000000 (3%) | ep_rew_mean=33.86 | ep_len_mean=60 | episodes=100 | fps=38
----------------------------------------
| rollout/                |            |
|    ep_len_mean          | 57.6       |
|    ep_rew_mean          | 33.2       |
| time/                   |            |
|    fps                  | 38         |
|    iterations           | 33         |
|    time_elapsed         | 888        |
|    total_timesteps      | 33792      |
| train/                  |            |
|    approx_kl            | 0.16708806 |
|    clip_fraction        | 0.488      |
|    clip_range           | 0.2        |
|    clip_range_vf        | 0.2        |
|    entropy_loss         | -2.27      |
|    explained_variance   | 0.799      |
|    learning_rate        | 0.00029    |
|    loss                 | 0.0214     |
|    n_updates            | 320        |
|    policy_gradient_loss | -0.0628    |
|    std                  | 0.748      |
|    value_loss           | 0.0711     |
----------------------------------------
PPO progress: 34000/1000000 (3%) | ep_rew_mean=33.31 | ep_len_mean=59 | episodes=100 | fps=38
----------------------------------------
| rollout/                |            |
|    ep_len_mean          | 59.1       |
|    ep_rew_mean          | 33.7       |
| time/                   |            |
|    fps                  | 38         |
|    iterations           | 34         |
|    time_elapsed         | 914        |
|    total_timesteps      | 34816      |
| train/                  |            |
|    approx_kl            | 0.15860057 |
|    clip_fraction        | 0.5        |
|    clip_range           | 0.2        |
|    clip_range_vf        | 0.2        |
|    entropy_loss         | -2.24      |
|    explained_variance   | 0.856      |
|    learning_rate        | 0.00029    |
|    loss                 | -0.111     |
|    n_updates            | 330        |
|    policy_gradient_loss | -0.0734    |
|    std                  | 0.733      |
|    value_loss           | 0.0747     |
----------------------------------------
PPO progress: 35000/1000000 (4%) | ep_rew_mean=34.63 | ep_len_mean=61 | episodes=100 | fps=38
----------------------------------------
| rollout/                |            |
|    ep_len_mean          | 62.6       |
|    ep_rew_mean          | 37         |
| time/                   |            |
|    fps                  | 38         |
|    iterations           | 35         |
|    time_elapsed         | 940        |
|    total_timesteps      | 35840      |
| train/                  |            |
|    approx_kl            | 0.18712775 |
|    clip_fraction        | 0.478      |
|    clip_range           | 0.2        |
|    clip_range_vf        | 0.2        |
|    entropy_loss         | -2.21      |
|    explained_variance   | 0.84       |
|    learning_rate        | 0.00029    |
|    loss                 | -0.0669    |
|    n_updates            | 340        |
|    policy_gradient_loss | -0.0621    |
|    std                  | 0.725      |
|    value_loss           | 0.0883     |
----------------------------------------
PPO progress: 36000/1000000 (4%) | ep_rew_mean=37.49 | ep_len_mean=62 | episodes=100 | fps=38
----------------------------------------
| rollout/                |            |
|    ep_len_mean          | 64.9       |
|    ep_rew_mean          | 39.1       |
| time/                   |            |
|    fps                  | 38         |
|    iterations           | 36         |
|    time_elapsed         | 967        |
|    total_timesteps      | 36864      |
| train/                  |            |
|    approx_kl            | 0.13124895 |
|    clip_fraction        | 0.482      |
|    clip_range           | 0.2        |
|    clip_range_vf        | 0.2        |
|    entropy_loss         | -2.19      |
|    explained_variance   | 0.86       |
|    learning_rate        | 0.000289   |
|    loss                 | -0.0468    |
|    n_updates            | 350        |
|    policy_gradient_loss | -0.0567    |
|    std                  | 0.723      |
|    value_loss           | 0.132      |
----------------------------------------
PPO progress: 37000/1000000 (4%) | ep_rew_mean=39.19 | ep_len_mean=63 | episodes=100 | fps=38
---------------------------------------
| rollout/                |           |
|    ep_len_mean          | 55.8      |
|    ep_rew_mean          | 36.8      |
| time/                   |           |
|    fps                  | 38        |
|    iterations           | 37        |
|    time_elapsed         | 994       |
|    total_timesteps      | 37888     |
| train/                  |           |
|    approx_kl            | 0.1930356 |
|    clip_fraction        | 0.482     |
|    clip_range           | 0.2       |
|    clip_range_vf        | 0.2       |
|    entropy_loss         | -2.19     |
|    explained_variance   | 0.848     |
|    learning_rate        | 0.000289  |
|    loss                 | -0.0931   |
|    n_updates            | 360       |
|    policy_gradient_loss | -0.0646   |
|    std                  | 0.718     |
|    value_loss           | 0.0785    |
---------------------------------------
Early stopping at step 7 due to reaching max kl: 1.13
PPO progress: 38000/1000000 (4%) | ep_rew_mean=36.48 | ep_len_mean=57 | episodes=100 | fps=38
----------------------------------------
| rollout/                |            |
|    ep_len_mean          | 53.3       |
|    ep_rew_mean          | 33.6       |
| time/                   |            |
|    fps                  | 38         |
|    iterations           | 38         |
|    time_elapsed         | 1020       |
|    total_timesteps      | 38912      |
| train/                  |            |
|    approx_kl            | 0.19488077 |
|    clip_fraction        | 0.466      |
|    clip_range           | 0.2        |
|    clip_range_vf        | 0.2        |
|    entropy_loss         | -2.17      |
|    explained_variance   | 0.699      |
|    learning_rate        | 0.000289   |
|    loss                 | -0.074     |
|    n_updates            | 368        |
|    policy_gradient_loss | -0.067     |
|    std                  | 0.71       |
|    value_loss           | 0.143      |
----------------------------------------
PPO progress: 39000/1000000 (4%) | ep_rew_mean=34.58 | ep_len_mean=55 | episodes=100 | fps=38
----------------------------------------
| rollout/                |            |
|    ep_len_mean          | 57.5       |
|    ep_rew_mean          | 36.3       |
| time/                   |            |
|    fps                  | 38         |
|    iterations           | 39         |
|    time_elapsed         | 1047       |
|    total_timesteps      | 39936      |
| train/                  |            |
|    approx_kl            | 0.13664097 |
|    clip_fraction        | 0.493      |
|    clip_range           | 0.2        |
|    clip_range_vf        | 0.2        |
|    entropy_loss         | -2.14      |
|    explained_variance   | 0.839      |
|    learning_rate        | 0.000288   |
|    loss                 | -0.078     |
|    n_updates            | 378        |
|    policy_gradient_loss | -0.067     |
|    std                  | 0.699      |
|    value_loss           | 0.0793     |
----------------------------------------
PPO progress: 40000/1000000 (4%) | ep_rew_mean=37.05 | ep_len_mean=58 | episodes=100 | fps=38
----------------------------------------
| rollout/                |            |
|    ep_len_mean          | 65.2       |
|    ep_rew_mean          | 41.3       |
| time/                   |            |
|    fps                  | 38         |
|    iterations           | 40         |
|    time_elapsed         | 1073       |
|    total_timesteps      | 40960      |
| train/                  |            |
|    approx_kl            | 0.13707802 |
|    clip_fraction        | 0.5        |
|    clip_range           | 0.2        |
|    clip_range_vf        | 0.2        |
|    entropy_loss         | -2.11      |
|    explained_variance   | 0.909      |
|    learning_rate        | 0.000288   |
|    loss                 | -0.111     |
|    n_updates            | 388        |
|    policy_gradient_loss | -0.066     |
|    std                  | 0.69       |
|    value_loss           | 0.0367     |
----------------------------------------
PPO progress: 41000/1000000 (4%) | ep_rew_mean=40.90 | ep_len_mean=65 | episodes=100 | fps=38
----------------------------------------
| rollout/                |            |
|    ep_len_mean          | 65.4       |
|    ep_rew_mean          | 43.2       |
| time/                   |            |
|    fps                  | 38         |
|    iterations           | 41         |
|    time_elapsed         | 1099       |
|    total_timesteps      | 41984      |
| train/                  |            |
|    approx_kl            | 0.12932257 |
|    clip_fraction        | 0.469      |
|    clip_range           | 0.2        |
|    clip_range_vf        | 0.2        |
|    entropy_loss         | -2.09      |
|    explained_variance   | 0.93       |
|    learning_rate        | 0.000288   |
|    loss                 | -0.117     |
|    n_updates            | 398        |
|    policy_gradient_loss | -0.069     |
|    std                  | 0.683      |
|    value_loss           | 0.0334     |
----------------------------------------
PPO progress: 42000/1000000 (4%) | ep_rew_mean=43.30 | ep_len_mean=66 | episodes=100 | fps=38
PPO progress: 43000/1000000 (4%) | ep_rew_mean=43.20 | ep_len_mean=69 | episodes=100 | fps=38
----------------------------------------
| rollout/                |            |
|    ep_len_mean          | 68.6       |
|    ep_rew_mean          | 43.2       |
| time/                   |            |
|    fps                  | 38         |
|    iterations           | 42         |
|    time_elapsed         | 1126       |
|    total_timesteps      | 43008      |
| train/                  |            |
|    approx_kl            | 0.13381734 |
|    clip_fraction        | 0.44       |
|    clip_range           | 0.2        |
|    clip_range_vf        | 0.2        |
|    entropy_loss         | -2.06      |
|    explained_variance   | 0.813      |
|    learning_rate        | 0.000287   |
|    loss                 | 0.0267     |
|    n_updates            | 408        |
|    policy_gradient_loss | -0.0591    |
|    std                  | 0.672      |
|    value_loss           | 0.151      |
----------------------------------------
PPO progress: 44000/1000000 (4%) | ep_rew_mean=42.63 | ep_len_mean=69 | episodes=100 | fps=38
----------------------------------------
| rollout/                |            |
|    ep_len_mean          | 69.5       |
|    ep_rew_mean          | 42.9       |
| time/                   |            |
|    fps                  | 38         |
|    iterations           | 43         |
|    time_elapsed         | 1152       |
|    total_timesteps      | 44032      |
| train/                  |            |
|    approx_kl            | 0.10891138 |
|    clip_fraction        | 0.458      |
|    clip_range           | 0.2        |
|    clip_range_vf        | 0.2        |
|    entropy_loss         | -2.03      |
|    explained_variance   | 0.828      |
|    learning_rate        | 0.000287   |
|    loss                 | -0.126     |
|    n_updates            | 418        |
|    policy_gradient_loss | -0.0678    |
|    std                  | 0.664      |
|    value_loss           | 0.0534     |
----------------------------------------
Early stopping at step 4 due to reaching max kl: 0.86
PPO progress: 45000/1000000 (4%) | ep_rew_mean=43.00 | ep_len_mean=71 | episodes=100 | fps=38
----------------------------------------
| rollout/                |            |
|    ep_len_mean          | 72.9       |
|    ep_rew_mean          | 44.4       |
| time/                   |            |
|    fps                  | 38         |
|    iterations           | 44         |
|    time_elapsed         | 1178       |
|    total_timesteps      | 45056      |
| train/                  |            |
|    approx_kl            | 0.51203334 |
|    clip_fraction        | 0.398      |
|    clip_range           | 0.2        |
|    clip_range_vf        | 0.2        |
|    entropy_loss         | -2.02      |
|    explained_variance   | 0.864      |
|    learning_rate        | 0.000287   |
|    loss                 | -0.0879    |
|    n_updates            | 423        |
|    policy_gradient_loss | -0.0412    |
|    std                  | 0.665      |
|    value_loss           | 0.0655     |
----------------------------------------
PPO progress: 46000/1000000 (5%) | ep_rew_mean=46.11 | ep_len_mean=76 | episodes=100 | fps=38
----------------------------------------
| rollout/                |            |
|    ep_len_mean          | 76         |
|    ep_rew_mean          | 46.1       |
| time/                   |            |
|    fps                  | 38         |
|    iterations           | 45         |
|    time_elapsed         | 1204       |
|    total_timesteps      | 46080      |
| train/                  |            |
|    approx_kl            | 0.20302956 |
|    clip_fraction        | 0.531      |
|    clip_range           | 0.2        |
|    clip_range_vf        | 0.2        |
|    entropy_loss         | -2.02      |
|    explained_variance   | 0.911      |
|    learning_rate        | 0.000286   |
|    loss                 | -0.108     |
|    n_updates            | 433        |
|    policy_gradient_loss | -0.0698    |
|    std                  | 0.659      |
|    value_loss           | 0.0533     |
----------------------------------------
Early stopping at step 5 due to reaching max kl: 0.76
PPO progress: 47000/1000000 (5%) | ep_rew_mean=48.48 | ep_len_mean=82 | episodes=100 | fps=38
----------------------------------------
| rollout/                |            |
|    ep_len_mean          | 82         |
|    ep_rew_mean          | 48.2       |
| time/                   |            |
|    fps                  | 38         |
|    iterations           | 46         |
|    time_elapsed         | 1230       |
|    total_timesteps      | 47104      |
| train/                  |            |
|    approx_kl            | 0.22296907 |
|    clip_fraction        | 0.421      |
|    clip_range           | 0.2        |
|    clip_range_vf        | 0.2        |
|    entropy_loss         | -2         |
|    explained_variance   | 0.839      |
|    learning_rate        | 0.000286   |
|    loss                 | -0.109     |
|    n_updates            | 439        |
|    policy_gradient_loss | -0.0564    |
|    std                  | 0.656      |
|    value_loss           | 0.0479     |
----------------------------------------
PPO progress: 48000/1000000 (5%) | ep_rew_mean=46.20 | ep_len_mean=79 | episodes=100 | fps=38
----------------------------------------
| rollout/                |            |
|    ep_len_mean          | 75.8       |
|    ep_rew_mean          | 44.4       |
| time/                   |            |
|    fps                  | 38         |
|    iterations           | 47         |
|    time_elapsed         | 1257       |
|    total_timesteps      | 48128      |
| train/                  |            |
|    approx_kl            | 0.12110588 |
|    clip_fraction        | 0.46       |
|    clip_range           | 0.2        |
|    clip_range_vf        | 0.2        |
|    entropy_loss         | -1.99      |
|    explained_variance   | 0.815      |
|    learning_rate        | 0.000286   |
|    loss                 | -0.0465    |
|    n_updates            | 449        |
|    policy_gradient_loss | -0.0561    |
|    std                  | 0.65       |
|    value_loss           | 0.066      |
----------------------------------------
PPO progress: 49000/1000000 (5%) | ep_rew_mean=46.85 | ep_len_mean=80 | episodes=100 | fps=38
----------------------------------------
| rollout/                |            |
|    ep_len_mean          | 80.4       |
|    ep_rew_mean          | 46.9       |
| time/                   |            |
|    fps                  | 38         |
|    iterations           | 48         |
|    time_elapsed         | 1283       |
|    total_timesteps      | 49152      |
| train/                  |            |
|    approx_kl            | 0.15983103 |
|    clip_fraction        | 0.531      |
|    clip_range           | 0.2        |
|    clip_range_vf        | 0.2        |
|    entropy_loss         | -1.96      |
|    explained_variance   | 0.748      |
|    learning_rate        | 0.000286   |
|    loss                 | -0.108     |
|    n_updates            | 459        |
|    policy_gradient_loss | -0.0715    |
|    std                  | 0.637      |
|    value_loss           | 0.129      |
----------------------------------------
PPO progress: 50000/1000000 (5%) | ep_rew_mean=44.78 | ep_len_mean=77 | episodes=100 | fps=38
----------------------------------------
| rollout/                |            |
|    ep_len_mean          | 78.2       |
|    ep_rew_mean          | 45.6       |
| time/                   |            |
|    fps                  | 38         |
|    iterations           | 49         |
|    time_elapsed         | 1310       |
|    total_timesteps      | 50176      |
| train/                  |            |
|    approx_kl            | 0.13764809 |
|    clip_fraction        | 0.512      |
|    clip_range           | 0.2        |
|    clip_range_vf        | 0.2        |
|    entropy_loss         | -1.93      |
|    explained_variance   | 0.881      |
|    learning_rate        | 0.000285   |
|    loss                 | -0.0859    |
|    n_updates            | 469        |
|    policy_gradient_loss | -0.071     |
|    std                  | 0.631      |
|    value_loss           | 0.0609     |
----------------------------------------
Early stopping at step 1 due to reaching max kl: 1.79
PPO progress: 51000/1000000 (5%) | ep_rew_mean=46.48 | ep_len_mean=81 | episodes=100 | fps=38
----------------------------------------
| rollout/                |            |
|    ep_len_mean          | 81.4       |
|    ep_rew_mean          | 46.5       |
| time/                   |            |
|    fps                  | 38         |
|    iterations           | 50         |
|    time_elapsed         | 1335       |
|    total_timesteps      | 51200      |
| train/                  |            |
|    approx_kl            | 0.41814056 |
|    clip_fraction        | 0.275      |
|    clip_range           | 0.2        |
|    clip_range_vf        | 0.2        |
|    entropy_loss         | -1.91      |
|    explained_variance   | 0.898      |
|    learning_rate        | 0.000285   |
|    loss                 | -0.0364    |
|    n_updates            | 471        |
|    policy_gradient_loss | 0.00819    |
|    std                  | 0.63       |
|    value_loss           | 0.101      |
----------------------------------------
PPO progress: 52000/1000000 (5%) | ep_rew_mean=48.26 | ep_len_mean=85 | episodes=100 | fps=38
----------------------------------------
| rollout/                |            |
|    ep_len_mean          | 85.8       |
|    ep_rew_mean          | 48.5       |
| time/                   |            |
|    fps                  | 38         |
|    iterations           | 51         |
|    time_elapsed         | 1361       |
|    total_timesteps      | 52224      |
| train/                  |            |
|    approx_kl            | 0.16708577 |
|    clip_fraction        | 0.456      |
|    clip_range           | 0.2        |
|    clip_range_vf        | 0.2        |
|    entropy_loss         | -1.9       |
|    explained_variance   | 0.902      |
|    learning_rate        | 0.000285   |
|    loss                 | -0.0833    |
|    n_updates            | 481        |
|    policy_gradient_loss | -0.0684    |
|    std                  | 0.619      |
|    value_loss           | 0.0331     |
----------------------------------------
PPO progress: 53000/1000000 (5%) | ep_rew_mean=53.95 | ep_len_mean=92 | episodes=100 | fps=38
---------------------------------------
| rollout/                |           |
|    ep_len_mean          | 93.6      |
|    ep_rew_mean          | 56        |
| time/                   |           |
|    fps                  | 38        |
|    iterations           | 52        |
|    time_elapsed         | 1387      |
|    total_timesteps      | 53248     |
| train/                  |           |
|    approx_kl            | 0.1819593 |
|    clip_fraction        | 0.528     |
|    clip_range           | 0.2       |
|    clip_range_vf        | 0.2       |
|    entropy_loss         | -1.87     |
|    explained_variance   | 0.938     |
|    learning_rate        | 0.000284  |
|    loss                 | -0.101    |
|    n_updates            | 491       |
|    policy_gradient_loss | -0.0738   |
|    std                  | 0.609     |
|    value_loss           | 0.0458    |
---------------------------------------
PPO progress: 54000/1000000 (5%) | ep_rew_mean=59.69 | ep_len_mean=97 | episodes=100 | fps=38
--------------------------------------
| rollout/                |          |
|    ep_len_mean          | 97.6     |
|    ep_rew_mean          | 60.8     |
| time/                   |          |
|    fps                  | 38       |
|    iterations           | 53       |
|    time_elapsed         | 1413     |
|    total_timesteps      | 54272    |
| train/                  |          |
|    approx_kl            | 0.179178 |
|    clip_fraction        | 0.516    |
|    clip_range           | 0.2      |
|    clip_range_vf        | 0.2      |
|    entropy_loss         | -1.84    |
|    explained_variance   | 0.922    |
|    learning_rate        | 0.000284 |
|    loss                 | -0.0875  |
|    n_updates            | 501      |
|    policy_gradient_loss | -0.0693  |
|    std                  | 0.6      |
|    value_loss           | 0.0604   |
--------------------------------------
PPO progress: 55000/1000000 (6%) | ep_rew_mean=60.57 | ep_len_mean=94 | episodes=100 | fps=38
----------------------------------------
| rollout/                |            |
|    ep_len_mean          | 95.4       |
|    ep_rew_mean          | 61.9       |
| time/                   |            |
|    fps                  | 38         |
|    iterations           | 54         |
|    time_elapsed         | 1440       |
|    total_timesteps      | 55296      |
| train/                  |            |
|    approx_kl            | 0.17739478 |
|    clip_fraction        | 0.504      |
|    clip_range           | 0.2        |
|    clip_range_vf        | 0.2        |
|    entropy_loss         | -1.81      |
|    explained_variance   | 0.799      |
|    learning_rate        | 0.000284   |
|    loss                 | -0.085     |
|    n_updates            | 511        |
|    policy_gradient_loss | -0.065     |
|    std                  | 0.591      |
|    value_loss           | 0.163      |
----------------------------------------
PPO progress: 56000/1000000 (6%) | ep_rew_mean=62.08 | ep_len_mean=94 | episodes=100 | fps=38
----------------------------------------
| rollout/                |            |
|    ep_len_mean          | 92.7       |
|    ep_rew_mean          | 63         |
| time/                   |            |
|    fps                  | 38         |
|    iterations           | 55         |
|    time_elapsed         | 1466       |
|    total_timesteps      | 56320      |
| train/                  |            |
|    approx_kl            | 0.20090681 |
|    clip_fraction        | 0.533      |
|    clip_range           | 0.2        |
|    clip_range_vf        | 0.2        |
|    entropy_loss         | -1.77      |
|    explained_variance   | 0.931      |
|    learning_rate        | 0.000283   |
|    loss                 | -0.0648    |
|    n_updates            | 521        |
|    policy_gradient_loss | -0.0667    |
|    std                  | 0.582      |
|    value_loss           | 0.0671     |
----------------------------------------
PPO progress: 57000/1000000 (6%) | ep_rew_mean=61.52 | ep_len_mean=89 | episodes=100 | fps=38
----------------------------------------
| rollout/                |            |
|    ep_len_mean          | 79.7       |
|    ep_rew_mean          | 55.3       |
| time/                   |            |
|    fps                  | 38         |
|    iterations           | 56         |
|    time_elapsed         | 1494       |
|    total_timesteps      | 57344      |
| train/                  |            |
|    approx_kl            | 0.20035115 |
|    clip_fraction        | 0.495      |
|    clip_range           | 0.2        |
|    clip_range_vf        | 0.2        |
|    entropy_loss         | -1.75      |
|    explained_variance   | 0.811      |
|    learning_rate        | 0.000283   |
|    loss                 | 0.108      |
|    n_updates            | 531        |
|    policy_gradient_loss | -0.0523    |
|    std                  | 0.575      |
|    value_loss           | 0.2        |
----------------------------------------
PPO progress: 58000/1000000 (6%) | ep_rew_mean=55.53 | ep_len_mean=80 | episodes=100 | fps=38
----------------------------------------
| rollout/                |            |
|    ep_len_mean          | 78.5       |
|    ep_rew_mean          | 54.6       |
| time/                   |            |
|    fps                  | 38         |
|    iterations           | 57         |
|    time_elapsed         | 1520       |
|    total_timesteps      | 58368      |
| train/                  |            |
|    approx_kl            | 0.17312652 |
|    clip_fraction        | 0.526      |
|    clip_range           | 0.2        |
|    clip_range_vf        | 0.2        |
|    entropy_loss         | -1.72      |
|    explained_variance   | 0.913      |
|    learning_rate        | 0.000283   |
|    loss                 | -0.0776    |
|    n_updates            | 541        |
|    policy_gradient_loss | -0.0726    |
|    std                  | 0.568      |
|    value_loss           | 0.0628     |
----------------------------------------
PPO progress: 59000/1000000 (6%) | ep_rew_mean=53.04 | ep_len_mean=72 | episodes=100 | fps=38
---------------------------------------
| rollout/                |           |
|    ep_len_mean          | 71.1      |
|    ep_rew_mean          | 52.4      |
| time/                   |           |
|    fps                  | 38        |
|    iterations           | 58        |
|    time_elapsed         | 1547      |
|    total_timesteps      | 59392     |
| train/                  |           |
|    approx_kl            | 0.1384778 |
|    clip_fraction        | 0.509     |
|    clip_range           | 0.2       |
|    clip_range_vf        | 0.2       |
|    entropy_loss         | -1.69     |
|    explained_variance   | 0.939     |
|    learning_rate        | 0.000282  |
|    loss                 | -0.0867   |
|    n_updates            | 551       |
|    policy_gradient_loss | -0.0642   |
|    std                  | 0.558     |
|    value_loss           | 0.047     |
---------------------------------------
PPO progress: 60000/1000000 (6%) | ep_rew_mean=40.50 | ep_len_mean=59 | episodes=100 | fps=38
----------------------------------------
| rollout/                |            |
|    ep_len_mean          | 58.3       |
|    ep_rew_mean          | 40         |
| time/                   |            |
|    fps                  | 38         |
|    iterations           | 59         |
|    time_elapsed         | 1573       |
|    total_timesteps      | 60416      |
| train/                  |            |
|    approx_kl            | 0.14145568 |
|    clip_fraction        | 0.507      |
|    clip_range           | 0.2        |
|    clip_range_vf        | 0.2        |
|    entropy_loss         | -1.66      |
|    explained_variance   | 0.749      |
|    learning_rate        | 0.000282   |
|    loss                 | -0.0303    |
|    n_updates            | 561        |
|    policy_gradient_loss | -0.055     |
|    std                  | 0.549      |
|    value_loss           | 0.197      |
----------------------------------------
PPO progress: 61000/1000000 (6%) | ep_rew_mean=40.53 | ep_len_mean=61 | episodes=100 | fps=38
----------------------------------------
| rollout/                |            |
|    ep_len_mean          | 58.9       |
|    ep_rew_mean          | 38.9       |
| time/                   |            |
|    fps                  | 38         |
|    iterations           | 60         |
|    time_elapsed         | 1599       |
|    total_timesteps      | 61440      |
| train/                  |            |
|    approx_kl            | 0.21273418 |
|    clip_fraction        | 0.521      |
|    clip_range           | 0.2        |
|    clip_range_vf        | 0.2        |
|    entropy_loss         | -1.63      |
|    explained_variance   | 0.86       |
|    learning_rate        | 0.000282   |
|    loss                 | -0.0592    |
|    n_updates            | 571        |
|    policy_gradient_loss | -0.0619    |
|    std                  | 0.546      |
|    value_loss           | 0.11       |
----------------------------------------
PPO progress: 62000/1000000 (6%) | ep_rew_mean=36.73 | ep_len_mean=58 | episodes=100 | fps=38
----------------------------------------
| rollout/                |            |
|    ep_len_mean          | 61.2       |
|    ep_rew_mean          | 38.8       |
| time/                   |            |
|    fps                  | 38         |
|    iterations           | 61         |
|    time_elapsed         | 1625       |
|    total_timesteps      | 62464      |
| train/                  |            |
|    approx_kl            | 0.20076352 |
|    clip_fraction        | 0.526      |
|    clip_range           | 0.2        |
|    clip_range_vf        | 0.2        |
|    entropy_loss         | -1.62      |
|    explained_variance   | 0.915      |
|    learning_rate        | 0.000282   |
|    loss                 | -0.117     |
|    n_updates            | 581        |
|    policy_gradient_loss | -0.0758    |
|    std                  | 0.538      |
|    value_loss           | 0.0499     |
----------------------------------------
PPO progress: 63000/1000000 (6%) | ep_rew_mean=38.60 | ep_len_mean=61 | episodes=100 | fps=38
----------------------------------------
| rollout/                |            |
|    ep_len_mean          | 65.7       |
|    ep_rew_mean          | 42.8       |
| time/                   |            |
|    fps                  | 38         |
|    iterations           | 62         |
|    time_elapsed         | 1651       |
|    total_timesteps      | 63488      |
| train/                  |            |
|    approx_kl            | 0.13827778 |
|    clip_fraction        | 0.501      |
|    clip_range           | 0.2        |
|    clip_range_vf        | 0.2        |
|    entropy_loss         | -1.59      |
|    explained_variance   | 0.833      |
|    learning_rate        | 0.000281   |
|    loss                 | -0.0992    |
|    n_updates            | 591        |
|    policy_gradient_loss | -0.0627    |
|    std                  | 0.531      |
|    value_loss           | 0.058      |
----------------------------------------
PPO progress: 64000/1000000 (6%) | ep_rew_mean=45.50 | ep_len_mean=68 | episodes=100 | fps=38
----------------------------------------
| rollout/                |            |
|    ep_len_mean          | 73.4       |
|    ep_rew_mean          | 49.4       |
| time/                   |            |
|    fps                  | 38         |
|    iterations           | 63         |
|    time_elapsed         | 1678       |
|    total_timesteps      | 64512      |
| train/                  |            |
|    approx_kl            | 0.22622456 |
|    clip_fraction        | 0.537      |
|    clip_range           | 0.2        |
|    clip_range_vf        | 0.2        |
|    entropy_loss         | -1.56      |
|    explained_variance   | 0.806      |
|    learning_rate        | 0.000281   |
|    loss                 | -0.0472    |
|    n_updates            | 601        |
|    policy_gradient_loss | -0.0689    |
|    std                  | 0.52       |
|    value_loss           | 0.115      |
----------------------------------------
Early stopping at step 5 due to reaching max kl: 1.04
PPO progress: 65000/1000000 (6%) | ep_rew_mean=50.86 | ep_len_mean=74 | episodes=100 | fps=38
----------------------------------------
| rollout/                |            |
|    ep_len_mean          | 70.7       |
|    ep_rew_mean          | 46.8       |
| time/                   |            |
|    fps                  | 38         |
|    iterations           | 64         |
|    time_elapsed         | 1704       |
|    total_timesteps      | 65536      |
| train/                  |            |
|    approx_kl            | 0.43756506 |
|    clip_fraction        | 0.502      |
|    clip_range           | 0.2        |
|    clip_range_vf        | 0.2        |
|    entropy_loss         | -1.53      |
|    explained_variance   | 0.933      |
|    learning_rate        | 0.000281   |
|    loss                 | -0.12      |
|    n_updates            | 607        |
|    policy_gradient_loss | -0.059     |
|    std                  | 0.519      |
|    value_loss           | 0.0403     |
----------------------------------------
PPO progress: 66000/1000000 (7%) | ep_rew_mean=43.67 | ep_len_mean=66 | episodes=100 | fps=38
----------------------------------------
| rollout/                |            |
|    ep_len_mean          | 66.5       |
|    ep_rew_mean          | 44.6       |
| time/                   |            |
|    fps                  | 38         |
|    iterations           | 65         |
|    time_elapsed         | 1732       |
|    total_timesteps      | 66560      |
| train/                  |            |
|    approx_kl            | 0.29992643 |
|    clip_fraction        | 0.556      |
|    clip_range           | 0.2        |
|    clip_range_vf        | 0.2        |
|    entropy_loss         | -1.51      |
|    explained_variance   | 0.874      |
|    learning_rate        | 0.00028    |
|    loss                 | -0.0757    |
|    n_updates            | 617        |
|    policy_gradient_loss | -0.0667    |
|    std                  | 0.507      |
|    value_loss           | 0.0522     |
----------------------------------------
PPO progress: 67000/1000000 (7%) | ep_rew_mean=45.93 | ep_len_mean=69 | episodes=100 | fps=38
----------------------------------------
| rollout/                |            |
|    ep_len_mean          | 67.9       |
|    ep_rew_mean          | 43.5       |
| time/                   |            |
|    fps                  | 38         |
|    iterations           | 66         |
|    time_elapsed         | 1758       |
|    total_timesteps      | 67584      |
| train/                  |            |
|    approx_kl            | 0.29792595 |
|    clip_fraction        | 0.553      |
|    clip_range           | 0.2        |
|    clip_range_vf        | 0.2        |
|    entropy_loss         | -1.47      |
|    explained_variance   | 0.898      |
|    learning_rate        | 0.00028    |
|    loss                 | -0.124     |
|    n_updates            | 627        |
|    policy_gradient_loss | -0.0723    |
|    std                  | 0.499      |
|    value_loss           | 0.0367     |
----------------------------------------
Early stopping at step 5 due to reaching max kl: 1.32
PPO progress: 68000/1000000 (7%) | ep_rew_mean=42.67 | ep_len_mean=68 | episodes=100 | fps=38
---------------------------------------
| rollout/                |           |
|    ep_len_mean          | 66.4      |
|    ep_rew_mean          | 41.1      |
| time/                   |           |
|    fps                  | 38        |
|    iterations           | 67        |
|    time_elapsed         | 1784      |
|    total_timesteps      | 68608     |
| train/                  |           |
|    approx_kl            | 1.3166151 |
|    clip_fraction        | 0.502     |
|    clip_range           | 0.2       |
|    clip_range_vf        | 0.2       |
|    entropy_loss         | -1.44     |
|    explained_variance   | 0.864     |
|    learning_rate        | 0.00028   |
|    loss                 | -0.0885   |
|    n_updates            | 633       |
|    policy_gradient_loss | -0.0276   |
|    std                  | 0.497     |
|    value_loss           | 0.0499    |
---------------------------------------
Early stopping at step 2 due to reaching max kl: 0.84
PPO progress: 69000/1000000 (7%) | ep_rew_mean=39.61 | ep_len_mean=63 | episodes=100 | fps=38
----------------------------------------
| rollout/                |            |
|    ep_len_mean          | 69.6       |
|    ep_rew_mean          | 43.6       |
| time/                   |            |
|    fps                  | 38         |
|    iterations           | 68         |
|    time_elapsed         | 1811       |
|    total_timesteps      | 69632      |
| train/                  |            |
|    approx_kl            | 0.33447704 |
|    clip_fraction        | 0.416      |
|    clip_range           | 0.2        |
|    clip_range_vf        | 0.2        |
|    entropy_loss         | -1.44      |
|    explained_variance   | 0.892      |
|    learning_rate        | 0.000279   |
|    loss                 | -0.11      |
|    n_updates            | 636        |
|    policy_gradient_loss | -0.0252    |
|    std                  | 0.496      |
|    value_loss           | 0.0336     |
----------------------------------------
PPO progress: 70000/1000000 (7%) | ep_rew_mean=40.22 | ep_len_mean=67 | episodes=100 | fps=38
----------------------------------------
| rollout/                |            |
|    ep_len_mean          | 61.3       |
|    ep_rew_mean          | 35.4       |
| time/                   |            |
|    fps                  | 38         |
|    iterations           | 69         |
|    time_elapsed         | 1837       |
|    total_timesteps      | 70656      |
| train/                  |            |
|    approx_kl            | 0.21305181 |
|    clip_fraction        | 0.514      |
|    clip_range           | 0.2        |
|    clip_range_vf        | 0.2        |
|    entropy_loss         | -1.43      |
|    explained_variance   | 0.918      |
|    learning_rate        | 0.000279   |
|    loss                 | -0.0898    |
|    n_updates            | 646        |
|    policy_gradient_loss | -0.0662    |
|    std                  | 0.49       |
|    value_loss           | 0.0247     |
----------------------------------------
PPO progress: 71000/1000000 (7%) | ep_rew_mean=35.15 | ep_len_mean=62 | episodes=100 | fps=38
----------------------------------------
| rollout/                |            |
|    ep_len_mean          | 65.5       |
|    ep_rew_mean          | 37.6       |
| time/                   |            |
|    fps                  | 38         |
|    iterations           | 70         |
|    time_elapsed         | 1863       |
|    total_timesteps      | 71680      |
| train/                  |            |
|    approx_kl            | 0.29171902 |
|    clip_fraction        | 0.553      |
|    clip_range           | 0.2        |
|    clip_range_vf        | 0.2        |
|    entropy_loss         | -1.4       |
|    explained_variance   | 0.918      |
|    learning_rate        | 0.000279   |
|    loss                 | -0.123     |
|    n_updates            | 656        |
|    policy_gradient_loss | -0.0775    |
|    std                  | 0.48       |
|    value_loss           | 0.038      |
----------------------------------------
PPO progress: 72000/1000000 (7%) | ep_rew_mean=38.14 | ep_len_mean=67 | episodes=100 | fps=38
---------------------------------------
| rollout/                |           |
|    ep_len_mean          | 70.8      |
|    ep_rew_mean          | 41.6      |
| time/                   |           |
|    fps                  | 38        |
|    iterations           | 71        |
|    time_elapsed         | 1889      |
|    total_timesteps      | 72704     |
| train/                  |           |
|    approx_kl            | 0.2718939 |
|    clip_fraction        | 0.576     |
|    clip_range           | 0.2       |
|    clip_range_vf        | 0.2       |
|    entropy_loss         | -1.36     |
|    explained_variance   | 0.908     |
|    learning_rate        | 0.000278  |
|    loss                 | -0.116    |
|    n_updates            | 666       |
|    policy_gradient_loss | -0.0766   |
|    std                  | 0.473     |
|    value_loss           | 0.0345    |
---------------------------------------
PPO progress: 73000/1000000 (7%) | ep_rew_mean=42.55 | ep_len_mean=72 | episodes=100 | fps=38
----------------------------------------
| rollout/                |            |
|    ep_len_mean          | 76.8       |
|    ep_rew_mean          | 43.5       |
| time/                   |            |
|    fps                  | 38         |
|    iterations           | 72         |
|    time_elapsed         | 1915       |
|    total_timesteps      | 73728      |
| train/                  |            |
|    approx_kl            | 0.23121858 |
|    clip_fraction        | 0.545      |
|    clip_range           | 0.2        |
|    clip_range_vf        | 0.2        |
|    entropy_loss         | -1.33      |
|    explained_variance   | 0.922      |
|    learning_rate        | 0.000278   |
|    loss                 | -0.105     |
|    n_updates            | 676        |
|    policy_gradient_loss | -0.0668    |
|    std                  | 0.467      |
|    value_loss           | 0.0428     |
----------------------------------------
PPO progress: 74000/1000000 (7%) | ep_rew_mean=45.55 | ep_len_mean=79 | episodes=100 | fps=38
---------------------------------------
| rollout/                |           |
|    ep_len_mean          | 82.7      |
|    ep_rew_mean          | 47.2      |
| time/                   |           |
|    fps                  | 38        |
|    iterations           | 73        |
|    time_elapsed         | 1941      |
|    total_timesteps      | 74752     |
| train/                  |           |
|    approx_kl            | 0.1805706 |
|    clip_fraction        | 0.519     |
|    clip_range           | 0.2       |
|    clip_range_vf        | 0.2       |
|    entropy_loss         | -1.3      |
|    explained_variance   | 0.85      |
|    learning_rate        | 0.000278  |
|    loss                 | -0.0994   |
|    n_updates            | 686       |
|    policy_gradient_loss | -0.0639   |
|    std                  | 0.46      |
|    value_loss           | 0.0332    |
---------------------------------------
PPO progress: 75000/1000000 (8%) | ep_rew_mean=47.24 | ep_len_mean=82 | episodes=100 | fps=38
----------------------------------------
| rollout/                |            |
|    ep_len_mean          | 84.1       |
|    ep_rew_mean          | 48.8       |
| time/                   |            |
|    fps                  | 38         |
|    iterations           | 74         |
|    time_elapsed         | 1968       |
|    total_timesteps      | 75776      |
| train/                  |            |
|    approx_kl            | 0.33239537 |
|    clip_fraction        | 0.588      |
|    clip_range           | 0.2        |
|    clip_range_vf        | 0.2        |
|    entropy_loss         | -1.27      |
|    explained_variance   | 0.86       |
|    learning_rate        | 0.000278   |
|    loss                 | -0.0985    |
|    n_updates            | 696        |
|    policy_gradient_loss | -0.0755    |
|    std                  | 0.452      |
|    value_loss           | 0.0329     |
----------------------------------------
PPO progress: 76000/1000000 (8%) | ep_rew_mean=50.31 | ep_len_mean=86 | episodes=100 | fps=38
----------------------------------------
| rollout/                |            |
|    ep_len_mean          | 89.9       |
|    ep_rew_mean          | 52.9       |
| time/                   |            |
|    fps                  | 38         |
|    iterations           | 75         |
|    time_elapsed         | 1994       |
|    total_timesteps      | 76800      |
| train/                  |            |
|    approx_kl            | 0.28743935 |
|    clip_fraction        | 0.558      |
|    clip_range           | 0.2        |
|    clip_range_vf        | 0.2        |
|    entropy_loss         | -1.24      |
|    explained_variance   | 0.901      |
|    learning_rate        | 0.000277   |
|    loss                 | -0.109     |
|    n_updates            | 706        |
|    policy_gradient_loss | -0.0791    |
|    std                  | 0.442      |
|    value_loss           | 0.0356     |
----------------------------------------
PPO progress: 77000/1000000 (8%) | ep_rew_mean=54.79 | ep_len_mean=91 | episodes=100 | fps=38
----------------------------------------
| rollout/                |            |
|    ep_len_mean          | 93.9       |
|    ep_rew_mean          | 55         |
| time/                   |            |
|    fps                  | 38         |
|    iterations           | 76         |
|    time_elapsed         | 2020       |
|    total_timesteps      | 77824      |
| train/                  |            |
|    approx_kl            | 0.38295874 |
|    clip_fraction        | 0.575      |
|    clip_range           | 0.2        |
|    clip_range_vf        | 0.2        |
|    entropy_loss         | -1.19      |
|    explained_variance   | 0.924      |
|    learning_rate        | 0.000277   |
|    loss                 | -0.108     |
|    n_updates            | 716        |
|    policy_gradient_loss | -0.0683    |
|    std                  | 0.434      |
|    value_loss           | 0.0362     |
----------------------------------------
Early stopping at step 9 due to reaching max kl: 1.13
PPO progress: 78000/1000000 (8%) | ep_rew_mean=55.22 | ep_len_mean=95 | episodes=100 | fps=38
---------------------------------------
| rollout/                |           |
|    ep_len_mean          | 99.4      |
|    ep_rew_mean          | 58.6      |
| time/                   |           |
|    fps                  | 38        |
|    iterations           | 77        |
|    time_elapsed         | 2046      |
|    total_timesteps      | 78848     |
| train/                  |           |
|    approx_kl            | 0.4408292 |
|    clip_fraction        | 0.557     |
|    clip_range           | 0.2       |
|    clip_range_vf        | 0.2       |
|    entropy_loss         | -1.15     |
|    explained_variance   | 0.904     |
|    learning_rate        | 0.000277  |
|    loss                 | -0.114    |
|    n_updates            | 726       |
|    policy_gradient_loss | -0.0772   |
|    std                  | 0.426     |
|    value_loss           | 0.031     |
---------------------------------------
PPO progress: 79000/1000000 (8%) | ep_rew_mean=59.68 | ep_len_mean=102 | episodes=100 | fps=38
----------------------------------------
| rollout/                |            |
|    ep_len_mean          | 102        |
|    ep_rew_mean          | 59.8       |
| time/                   |            |
|    fps                  | 38         |
|    iterations           | 78         |
|    time_elapsed         | 2072       |
|    total_timesteps      | 79872      |
| train/                  |            |
|    approx_kl            | 0.24640064 |
|    clip_fraction        | 0.58       |
|    clip_range           | 0.2        |
|    clip_range_vf        | 0.2        |
|    entropy_loss         | -1.12      |
|    explained_variance   | 0.951      |
|    learning_rate        | 0.000276   |
|    loss                 | -0.0775    |
|    n_updates            | 736        |
|    policy_gradient_loss | -0.0739    |
|    std                  | 0.419      |
|    value_loss           | 0.0224     |
----------------------------------------
PPO progress: 80000/1000000 (8%) | ep_rew_mean=59.77 | ep_len_mean=102 | episodes=100 | fps=38
----------------------------------------
| rollout/                |            |
|    ep_len_mean          | 109        |
|    ep_rew_mean          | 62.9       |
| time/                   |            |
|    fps                  | 38         |
|    iterations           | 79         |
|    time_elapsed         | 2098       |
|    total_timesteps      | 80896      |
| train/                  |            |
|    approx_kl            | 0.19962338 |
|    clip_fraction        | 0.558      |
|    clip_range           | 0.2        |
|    clip_range_vf        | 0.2        |
|    entropy_loss         | -1.09      |
|    explained_variance   | 0.939      |
|    learning_rate        | 0.000276   |
|    loss                 | -0.103     |
|    n_updates            | 746        |
|    policy_gradient_loss | -0.0647    |
|    std                  | 0.413      |
|    value_loss           | 0.0321     |
----------------------------------------
Early stopping at step 4 due to reaching max kl: 0.87
PPO progress: 81000/1000000 (8%) | ep_rew_mean=62.91 | ep_len_mean=109 | episodes=100 | fps=38
---------------------------------------
| rollout/                |           |
|    ep_len_mean          | 106       |
|    ep_rew_mean          | 59.4      |
| time/                   |           |
|    fps                  | 38        |
|    iterations           | 80        |
|    time_elapsed         | 2124      |
|    total_timesteps      | 81920     |
| train/                  |           |
|    approx_kl            | 0.5210785 |
|    clip_fraction        | 0.485     |
|    clip_range           | 0.2       |
|    clip_range_vf        | 0.2       |
|    entropy_loss         | -1.07     |
|    explained_variance   | 0.92      |
|    learning_rate        | 0.000276  |
|    loss                 | -0.104    |
|    n_updates            | 751       |
|    policy_gradient_loss | -0.0413   |
|    std                  | 0.415     |
|    value_loss           | 0.0319    |
---------------------------------------
Early stopping at step 7 due to reaching max kl: 1.26
PPO progress: 82000/1000000 (8%) | ep_rew_mean=59.43 | ep_len_mean=106 | episodes=100 | fps=38
----------------------------------------
| rollout/                |            |
|    ep_len_mean          | 111        |
|    ep_rew_mean          | 63.8       |
| time/                   |            |
|    fps                  | 38         |
|    iterations           | 81         |
|    time_elapsed         | 2150       |
|    total_timesteps      | 82944      |
| train/                  |            |
|    approx_kl            | 0.37493154 |
|    clip_fraction        | 0.546      |
|    clip_range           | 0.2        |
|    clip_range_vf        | 0.2        |
|    entropy_loss         | -1.08      |
|    explained_variance   | 0.9        |
|    learning_rate        | 0.000275   |
|    loss                 | -0.0992    |
|    n_updates            | 759        |
|    policy_gradient_loss | -0.0601    |
|    std                  | 0.413      |
|    value_loss           | 0.0426     |
----------------------------------------
PPO progress: 83000/1000000 (8%) | ep_rew_mean=63.79 | ep_len_mean=111 | episodes=100 | fps=38
----------------------------------------
| rollout/                |            |
|    ep_len_mean          | 111        |
|    ep_rew_mean          | 62.2       |
| time/                   |            |
|    fps                  | 38         |
|    iterations           | 82         |
|    time_elapsed         | 2177       |
|    total_timesteps      | 83968      |
| train/                  |            |
|    approx_kl            | 0.31075567 |
|    clip_fraction        | 0.592      |
|    clip_range           | 0.2        |
|    clip_range_vf        | 0.2        |
|    entropy_loss         | -1.07      |
|    explained_variance   | 0.954      |
|    learning_rate        | 0.000275   |
|    loss                 | -0.124     |
|    n_updates            | 769        |
|    policy_gradient_loss | -0.067     |
|    std                  | 0.409      |
|    value_loss           | 0.0292     |
----------------------------------------
Early stopping at step 7 due to reaching max kl: 0.79
PPO progress: 84000/1000000 (8%) | ep_rew_mean=61.80 | ep_len_mean=110 | episodes=100 | fps=38
----------------------------------------
| rollout/                |            |
|    ep_len_mean          | 117        |
|    ep_rew_mean          | 65.9       |
| time/                   |            |
|    fps                  | 38         |
|    iterations           | 83         |
|    time_elapsed         | 2203       |
|    total_timesteps      | 84992      |
| train/                  |            |
|    approx_kl            | 0.40313616 |
|    clip_fraction        | 0.541      |
|    clip_range           | 0.2        |
|    clip_range_vf        | 0.2        |
|    entropy_loss         | -1.05      |
|    explained_variance   | 0.907      |
|    learning_rate        | 0.000275   |
|    loss                 | -0.0715    |
|    n_updates            | 777        |
|    policy_gradient_loss | -0.0529    |
|    std                  | 0.407      |
|    value_loss           | 0.0443     |
----------------------------------------
PPO progress: 85000/1000000 (8%) | ep_rew_mean=65.93 | ep_len_mean=117 | episodes=100 | fps=38
PPO progress: 86000/1000000 (9%) | ep_rew_mean=67.24 | ep_len_mean=120 | episodes=100 | fps=38
----------------------------------------
| rollout/                |            |
|    ep_len_mean          | 120        |
|    ep_rew_mean          | 67.2       |
| time/                   |            |
|    fps                  | 38         |
|    iterations           | 84         |
|    time_elapsed         | 2229       |
|    total_timesteps      | 86016      |
| train/                  |            |
|    approx_kl            | 0.26642406 |
|    clip_fraction        | 0.578      |
|    clip_range           | 0.2        |
|    clip_range_vf        | 0.2        |
|    entropy_loss         | -1.03      |
|    explained_variance   | 0.923      |
|    learning_rate        | 0.000275   |
|    loss                 | -0.106     |
|    n_updates            | 787        |
|    policy_gradient_loss | -0.0632    |
|    std                  | 0.402      |
|    value_loss           | 0.0401     |
----------------------------------------
Early stopping at step 2 due to reaching max kl: 1.02
PPO progress: 87000/1000000 (9%) | ep_rew_mean=71.02 | ep_len_mean=125 | episodes=100 | fps=38
----------------------------------------
| rollout/                |            |
|    ep_len_mean          | 126        |
|    ep_rew_mean          | 71.4       |
| time/                   |            |
|    fps                  | 38         |
|    iterations           | 85         |
|    time_elapsed         | 2254       |
|    total_timesteps      | 87040      |
| train/                  |            |
|    approx_kl            | 0.32279727 |
|    clip_fraction        | 0.479      |
|    clip_range           | 0.2        |
|    clip_range_vf        | 0.2        |
|    entropy_loss         | -1.01      |
|    explained_variance   | 0.831      |
|    learning_rate        | 0.000274   |
|    loss                 | 0.0202     |
|    n_updates            | 790        |
|    policy_gradient_loss | 0.00129    |
|    std                  | 0.402      |
|    value_loss           | 0.062      |
----------------------------------------
PPO progress: 88000/1000000 (9%) | ep_rew_mean=73.61 | ep_len_mean=131 | episodes=100 | fps=38
----------------------------------------
| rollout/                |            |
|    ep_len_mean          | 130        |
|    ep_rew_mean          | 73.6       |
| time/                   |            |
|    fps                  | 38         |
|    iterations           | 86         |
|    time_elapsed         | 2280       |
|    total_timesteps      | 88064      |
| train/                  |            |
|    approx_kl            | 0.24352857 |
|    clip_fraction        | 0.588      |
|    clip_range           | 0.2        |
|    clip_range_vf        | 0.2        |
|    entropy_loss         | -1.01      |
|    explained_variance   | 0.958      |
|    learning_rate        | 0.000274   |
|    loss                 | -0.113     |
|    n_updates            | 800        |
|    policy_gradient_loss | -0.0669    |
|    std                  | 0.395      |
|    value_loss           | 0.0279     |
----------------------------------------
PPO progress: 89000/1000000 (9%) | ep_rew_mean=73.76 | ep_len_mean=132 | episodes=100 | fps=38
----------------------------------------
| rollout/                |            |
|    ep_len_mean          | 132        |
|    ep_rew_mean          | 73.8       |
| time/                   |            |
|    fps                  | 38         |
|    iterations           | 87         |
|    time_elapsed         | 2306       |
|    total_timesteps      | 89088      |
| train/                  |            |
|    approx_kl            | 0.29449767 |
|    clip_fraction        | 0.596      |
|    clip_range           | 0.2        |
|    clip_range_vf        | 0.2        |
|    entropy_loss         | -0.977     |
|    explained_variance   | 0.928      |
|    learning_rate        | 0.000274   |
|    loss                 | -0.102     |
|    n_updates            | 810        |
|    policy_gradient_loss | -0.0617    |
|    std                  | 0.393      |
|    value_loss           | 0.0469     |
----------------------------------------
PPO progress: 90000/1000000 (9%) | ep_rew_mean=71.20 | ep_len_mean=137 | episodes=100 | fps=38
--------------------------------------
| rollout/                |          |
|    ep_len_mean          | 137      |
|    ep_rew_mean          | 71.1     |
| time/                   |          |
|    fps                  | 38       |
|    iterations           | 88       |
|    time_elapsed         | 2332     |
|    total_timesteps      | 90112    |
| train/                  |          |
|    approx_kl            | 0.233748 |
|    clip_fraction        | 0.526    |
|    clip_range           | 0.2      |
|    clip_range_vf        | 0.2      |
|    entropy_loss         | -0.959   |
|    explained_variance   | 0.923    |
|    learning_rate        | 0.000273 |
|    loss                 | -0.099   |
|    n_updates            | 820      |
|    policy_gradient_loss | -0.0547  |
|    std                  | 0.388    |
|    value_loss           | 0.0469   |
--------------------------------------
Early stopping at step 5 due to reaching max kl: 0.83
PPO progress: 91000/1000000 (9%) | ep_rew_mean=72.39 | ep_len_mean=140 | episodes=100 | fps=38
----------------------------------------
| rollout/                |            |
|    ep_len_mean          | 140        |
|    ep_rew_mean          | 72.2       |
| time/                   |            |
|    fps                  | 38         |
|    iterations           | 89         |
|    time_elapsed         | 2358       |
|    total_timesteps      | 91136      |
| train/                  |            |
|    approx_kl            | 0.59030557 |
|    clip_fraction        | 0.466      |
|    clip_range           | 0.2        |
|    clip_range_vf        | 0.2        |
|    entropy_loss         | -0.942     |
|    explained_variance   | 0.932      |
|    learning_rate        | 0.000273   |
|    loss                 | -0.0377    |
|    n_updates            | 826        |
|    policy_gradient_loss | -0.0104    |
|    std                  | 0.387      |
|    value_loss           | 0.0593     |
----------------------------------------
Early stopping at step 8 due to reaching max kl: 0.75
PPO progress: 92000/1000000 (9%) | ep_rew_mean=73.44 | ep_len_mean=146 | episodes=100 | fps=38
---------------------------------------
| rollout/                |           |
|    ep_len_mean          | 146       |
|    ep_rew_mean          | 73.4      |
| time/                   |           |
|    fps                  | 38        |
|    iterations           | 90        |
|    time_elapsed         | 2383      |
|    total_timesteps      | 92160     |
| train/                  |           |
|    approx_kl            | 0.5849332 |
|    clip_fraction        | 0.569     |
|    clip_range           | 0.2       |
|    clip_range_vf        | 0.2       |
|    entropy_loss         | -0.928    |
|    explained_variance   | 0.937     |
|    learning_rate        | 0.000273  |
|    loss                 | -0.112    |
|    n_updates            | 835       |
|    policy_gradient_loss | -0.0673   |
|    std                  | 0.381     |
|    value_loss           | 0.0422    |
---------------------------------------
PPO progress: 93000/1000000 (9%) | ep_rew_mean=74.66 | ep_len_mean=154 | episodes=100 | fps=38
----------------------------------------
| rollout/                |            |
|    ep_len_mean          | 154        |
|    ep_rew_mean          | 74.8       |
| time/                   |            |
|    fps                  | 38         |
|    iterations           | 91         |
|    time_elapsed         | 2409       |
|    total_timesteps      | 93184      |
| train/                  |            |
|    approx_kl            | 0.21185799 |
|    clip_fraction        | 0.531      |
|    clip_range           | 0.2        |
|    clip_range_vf        | 0.2        |
|    entropy_loss         | -0.899     |
|    explained_variance   | 0.83       |
|    learning_rate        | 0.000272   |
|    loss                 | -0.0715    |
|    n_updates            | 845        |
|    policy_gradient_loss | -0.0577    |
|    std                  | 0.377      |
|    value_loss           | 0.0234     |
----------------------------------------
PPO progress: 94000/1000000 (9%) | ep_rew_mean=74.09 | ep_len_mean=154 | episodes=100 | fps=38
----------------------------------------
| rollout/                |            |
|    ep_len_mean          | 154        |
|    ep_rew_mean          | 74.1       |
| time/                   |            |
|    fps                  | 38         |
|    iterations           | 92         |
|    time_elapsed         | 2434       |
|    total_timesteps      | 94208      |
| train/                  |            |
|    approx_kl            | 0.20815799 |
|    clip_fraction        | 0.567      |
|    clip_range           | 0.2        |
|    clip_range_vf        | 0.2        |
|    entropy_loss         | -0.883     |
|    explained_variance   | 0.886      |
|    learning_rate        | 0.000272   |
|    loss                 | -0.0868    |
|    n_updates            | 855        |
|    policy_gradient_loss | -0.0491    |
|    std                  | 0.375      |
|    value_loss           | 0.0153     |
----------------------------------------
Early stopping at step 4 due to reaching max kl: 0.86
PPO progress: 95000/1000000 (10%) | ep_rew_mean=75.74 | ep_len_mean=161 | episodes=100 | fps=38
----------------------------------------
| rollout/                |            |
|    ep_len_mean          | 161        |
|    ep_rew_mean          | 75.7       |
| time/                   |            |
|    fps                  | 38         |
|    iterations           | 93         |
|    time_elapsed         | 2460       |
|    total_timesteps      | 95232      |
| train/                  |            |
|    approx_kl            | 0.40254498 |
|    clip_fraction        | 0.453      |
|    clip_range           | 0.2        |
|    clip_range_vf        | 0.2        |
|    entropy_loss         | -0.872     |
|    explained_variance   | 0.825      |
|    learning_rate        | 0.000272   |
|    loss                 | -0.0636    |
|    n_updates            | 860        |
|    policy_gradient_loss | -0.0232    |
|    std                  | 0.373      |
|    value_loss           | 0.0265     |
----------------------------------------
PPO progress: 96000/1000000 (10%) | ep_rew_mean=79.87 | ep_len_mean=170 | episodes=100 | fps=38
----------------------------------------
| rollout/                |            |
|    ep_len_mean          | 170        |
|    ep_rew_mean          | 79.9       |
| time/                   |            |
|    fps                  | 38         |
|    iterations           | 94         |
|    time_elapsed         | 2486       |
|    total_timesteps      | 96256      |
| train/                  |            |
|    approx_kl            | 0.25078648 |
|    clip_fraction        | 0.539      |
|    clip_range           | 0.2        |
|    clip_range_vf        | 0.2        |
|    entropy_loss         | -0.859     |
|    explained_variance   | 0.945      |
|    learning_rate        | 0.000271   |
|    loss                 | -0.103     |
|    n_updates            | 870        |
|    policy_gradient_loss | -0.0681    |
|    std                  | 0.368      |
|    value_loss           | 0.0243     |
----------------------------------------
Early stopping at step 3 due to reaching max kl: 0.94
PPO progress: 97000/1000000 (10%) | ep_rew_mean=83.01 | ep_len_mean=176 | episodes=100 | fps=38
---------------------------------------
| rollout/                |           |
|    ep_len_mean          | 177       |
|    ep_rew_mean          | 82.1      |
| time/                   |           |
|    fps                  | 38        |
|    iterations           | 95        |
|    time_elapsed         | 2511      |
|    total_timesteps      | 97280     |
| train/                  |           |
|    approx_kl            | 0.3617347 |
|    clip_fraction        | 0.499     |
|    clip_range           | 0.2       |
|    clip_range_vf        | 0.2       |
|    entropy_loss         | -0.842    |
|    explained_variance   | 0.937     |
|    learning_rate        | 0.000271  |
|    loss                 | -0.0731   |
|    n_updates            | 874       |
|    policy_gradient_loss | -0.0247   |
|    std                  | 0.369     |
|    value_loss           | 0.041     |
---------------------------------------
PPO progress: 98000/1000000 (10%) | ep_rew_mean=83.73 | ep_len_mean=181 | episodes=100 | fps=38
---------------------------------------
| rollout/                |           |
|    ep_len_mean          | 181       |
|    ep_rew_mean          | 83.4      |
| time/                   |           |
|    fps                  | 38        |
|    iterations           | 96        |
|    time_elapsed         | 2536      |
|    total_timesteps      | 98304     |
| train/                  |           |
|    approx_kl            | 0.2537115 |
|    clip_fraction        | 0.565     |
|    clip_range           | 0.2       |
|    clip_range_vf        | 0.2       |
|    entropy_loss         | -0.841    |
|    explained_variance   | 0.841     |
|    learning_rate        | 0.000271  |
|    loss                 | -0.0726   |
|    n_updates            | 884       |
|    policy_gradient_loss | -0.0651   |
|    std                  | 0.366     |
|    value_loss           | 0.0253    |
---------------------------------------
PPO progress: 99000/1000000 (10%) | ep_rew_mean=86.68 | ep_len_mean=184 | episodes=100 | fps=38
----------------------------------------
| rollout/                |            |
|    ep_len_mean          | 184        |
|    ep_rew_mean          | 86.2       |
| time/                   |            |
|    fps                  | 38         |
|    iterations           | 97         |
|    time_elapsed         | 2562       |
|    total_timesteps      | 99328      |
| train/                  |            |
|    approx_kl            | 0.21142352 |
|    clip_fraction        | 0.571      |
|    clip_range           | 0.2        |
|    clip_range_vf        | 0.2        |
|    entropy_loss         | -0.815     |
|    explained_variance   | 0.887      |
|    learning_rate        | 0.000271   |
|    loss                 | -0.0989    |
|    n_updates            | 894        |
|    policy_gradient_loss | -0.0553    |
|    std                  | 0.36       |
|    value_loss           | 0.0442     |
----------------------------------------
PPO progress: 100000/1000000 (10%) | ep_rew_mean=83.56 | ep_len_mean=182 | episodes=100 | fps=38
---------------------------------------
| rollout/                |           |
|    ep_len_mean          | 182       |
|    ep_rew_mean          | 83.6      |
| time/                   |           |
|    fps                  | 38        |
|    iterations           | 98        |
|    time_elapsed         | 2588      |
|    total_timesteps      | 100352    |
| train/                  |           |
|    approx_kl            | 0.3651734 |
|    clip_fraction        | 0.595     |
|    clip_range           | 0.2       |
|    clip_range_vf        | 0.2       |
|    entropy_loss         | -0.784    |
|    explained_variance   | 0.93      |
|    learning_rate        | 0.00027   |
|    loss                 | -0.109    |
|    n_updates            | 904       |
|    policy_gradient_loss | -0.0669   |
|    std                  | 0.355     |
|    value_loss           | 0.0316    |
---------------------------------------
PPO progress: 101000/1000000 (10%) | ep_rew_mean=88.04 | ep_len_mean=192 | episodes=100 | fps=38
----------------------------------------
| rollout/                |            |
|    ep_len_mean          | 192        |
|    ep_rew_mean          | 88         |
| time/                   |            |
|    fps                  | 38         |
|    iterations           | 99         |
|    time_elapsed         | 2614       |
|    total_timesteps      | 101376     |
| train/                  |            |
|    approx_kl            | 0.27031907 |
|    clip_fraction        | 0.548      |
|    clip_range           | 0.2        |
|    clip_range_vf        | 0.2        |
|    entropy_loss         | -0.756     |
|    explained_variance   | 0.822      |
|    learning_rate        | 0.00027    |
|    loss                 | -0.11      |
|    n_updates            | 914        |
|    policy_gradient_loss | -0.066     |
|    std                  | 0.35       |
|    value_loss           | 0.0239     |
----------------------------------------
PPO progress: 102000/1000000 (10%) | ep_rew_mean=87.76 | ep_len_mean=194 | episodes=100 | fps=38
----------------------------------------
| rollout/                |            |
|    ep_len_mean          | 196        |
|    ep_rew_mean          | 87.9       |
| time/                   |            |
|    fps                  | 38         |
|    iterations           | 100        |
|    time_elapsed         | 2639       |
|    total_timesteps      | 102400     |
| train/                  |            |
|    approx_kl            | 0.28923613 |
|    clip_fraction        | 0.586      |
|    clip_range           | 0.2        |
|    clip_range_vf        | 0.2        |
|    entropy_loss         | -0.736     |
|    explained_variance   | 0.836      |
|    learning_rate        | 0.00027    |
|    loss                 | -0.0713    |
|    n_updates            | 924        |
|    policy_gradient_loss | -0.0634    |
|    std                  | 0.348      |
|    value_loss           | 0.0314     |
----------------------------------------
Early stopping at step 5 due to reaching max kl: 1.43
PPO progress: 103000/1000000 (10%) | ep_rew_mean=86.91 | ep_len_mean=196 | episodes=100 | fps=38
----------------------------------------
| rollout/                |            |
|    ep_len_mean          | 195        |
|    ep_rew_mean          | 87.5       |
| time/                   |            |
|    fps                  | 38         |
|    iterations           | 101        |
|    time_elapsed         | 2666       |
|    total_timesteps      | 103424     |
| train/                  |            |
|    approx_kl            | 0.33743784 |
|    clip_fraction        | 0.511      |
|    clip_range           | 0.2        |
|    clip_range_vf        | 0.2        |
|    entropy_loss         | -0.721     |
|    explained_variance   | 0.849      |
|    learning_rate        | 0.000269   |
|    loss                 | -0.0948    |
|    n_updates            | 930        |
|    policy_gradient_loss | -0.0401    |
|    std                  | 0.346      |
|    value_loss           | 0.0652     |
----------------------------------------
Early stopping at step 9 due to reaching max kl: 0.84
PPO progress: 104000/1000000 (10%) | ep_rew_mean=91.17 | ep_len_mean=199 | episodes=100 | fps=38
----------------------------------------
| rollout/                |            |
|    ep_len_mean          | 195        |
|    ep_rew_mean          | 89.1       |
| time/                   |            |
|    fps                  | 38         |
|    iterations           | 102        |
|    time_elapsed         | 2692       |
|    total_timesteps      | 104448     |
| train/                  |            |
|    approx_kl            | 0.61929494 |
|    clip_fraction        | 0.614      |
|    clip_range           | 0.2        |
|    clip_range_vf        | 0.2        |
|    entropy_loss         | -0.703     |
|    explained_variance   | 0.918      |
|    learning_rate        | 0.000269   |
|    loss                 | -0.105     |
|    n_updates            | 940        |
|    policy_gradient_loss | -0.075     |
|    std                  | 0.341      |
|    value_loss           | 0.0446     |
----------------------------------------
PPO progress: 105000/1000000 (10%) | ep_rew_mean=90.21 | ep_len_mean=201 | episodes=100 | fps=38
----------------------------------------
| rollout/                |            |
|    ep_len_mean          | 201        |
|    ep_rew_mean          | 90.2       |
| time/                   |            |
|    fps                  | 38         |
|    iterations           | 103        |
|    time_elapsed         | 2717       |
|    total_timesteps      | 105472     |
| train/                  |            |
|    approx_kl            | 0.30836043 |
|    clip_fraction        | 0.569      |
|    clip_range           | 0.2        |
|    clip_range_vf        | 0.2        |
|    entropy_loss         | -0.681     |
|    explained_variance   | 0.854      |
|    learning_rate        | 0.000269   |
|    loss                 | -0.0395    |
|    n_updates            | 950        |
|    policy_gradient_loss | -0.0531    |
|    std                  | 0.337      |
|    value_loss           | 0.104      |
----------------------------------------
Early stopping at step 4 due to reaching max kl: 0.93
PPO progress: 106000/1000000 (11%) | ep_rew_mean=91.02 | ep_len_mean=206 | episodes=100 | fps=38
----------------------------------------
| rollout/                |            |
|    ep_len_mean          | 206        |
|    ep_rew_mean          | 90.6       |
| time/                   |            |
|    fps                  | 38         |
|    iterations           | 104        |
|    time_elapsed         | 2742       |
|    total_timesteps      | 106496     |
| train/                  |            |
|    approx_kl            | 0.32108852 |
|    clip_fraction        | 0.51       |
|    clip_range           | 0.2        |
|    clip_range_vf        | 0.2        |
|    entropy_loss         | -0.659     |
|    explained_variance   | 0.873      |
|    learning_rate        | 0.000268   |
|    loss                 | -0.0704    |
|    n_updates            | 955        |
|    policy_gradient_loss | -0.0417    |
|    std                  | 0.335      |
|    value_loss           | 0.0298     |
----------------------------------------
Early stopping at step 5 due to reaching max kl: 0.96
PPO progress: 107000/1000000 (11%) | ep_rew_mean=89.30 | ep_len_mean=205 | episodes=100 | fps=38
---------------------------------------
| rollout/                |           |
|    ep_len_mean          | 203       |
|    ep_rew_mean          | 86.6      |
| time/                   |           |
|    fps                  | 38        |
|    iterations           | 105       |
|    time_elapsed         | 2768      |
|    total_timesteps      | 107520    |
| train/                  |           |
|    approx_kl            | 0.3010758 |
|    clip_fraction        | 0.5       |
|    clip_range           | 0.2       |
|    clip_range_vf        | 0.2       |
|    entropy_loss         | -0.653    |
|    explained_variance   | 0.522     |
|    learning_rate        | 0.000268  |
|    loss                 | -0.0587   |
|    n_updates            | 961       |
|    policy_gradient_loss | -0.0319   |
|    std                  | 0.335     |
|    value_loss           | 0.0294    |
---------------------------------------
PPO progress: 108000/1000000 (11%) | ep_rew_mean=84.58 | ep_len_mean=198 | episodes=100 | fps=38
----------------------------------------
| rollout/                |            |
|    ep_len_mean          | 197        |
|    ep_rew_mean          | 84.3       |
| time/                   |            |
|    fps                  | 38         |
|    iterations           | 106        |
|    time_elapsed         | 2794       |
|    total_timesteps      | 108544     |
| train/                  |            |
|    approx_kl            | 0.35297418 |
|    clip_fraction        | 0.597      |
|    clip_range           | 0.2        |
|    clip_range_vf        | 0.2        |
|    entropy_loss         | -0.639     |
|    explained_variance   | 0.825      |
|    learning_rate        | 0.000268   |
|    loss                 | -0.0615    |
|    n_updates            | 971        |
|    policy_gradient_loss | -0.0721    |
|    std                  | 0.328      |
|    value_loss           | 0.0659     |
----------------------------------------
PPO progress: 109000/1000000 (11%) | ep_rew_mean=83.08 | ep_len_mean=186 | episodes=100 | fps=38
---------------------------------------
| rollout/                |           |
|    ep_len_mean          | 186       |
|    ep_rew_mean          | 83.5      |
| time/                   |           |
|    fps                  | 38        |
|    iterations           | 107       |
|    time_elapsed         | 2820      |
|    total_timesteps      | 109568    |
| train/                  |           |
|    approx_kl            | 0.3154993 |
|    clip_fraction        | 0.595     |
|    clip_range           | 0.2       |
|    clip_range_vf        | 0.2       |
|    entropy_loss         | -0.6      |
|    explained_variance   | 0.865     |
|    learning_rate        | 0.000267  |
|    loss                 | -0.0464   |
|    n_updates            | 981       |
|    policy_gradient_loss | -0.0722   |
|    std                  | 0.324     |
|    value_loss           | 0.0769    |
---------------------------------------
Early stopping at step 2 due to reaching max kl: 1.18
PPO progress: 110000/1000000 (11%) | ep_rew_mean=80.49 | ep_len_mean=171 | episodes=100 | fps=38
---------------------------------------
| rollout/                |           |
|    ep_len_mean          | 169       |
|    ep_rew_mean          | 79.6      |
| time/                   |           |
|    fps                  | 38        |
|    iterations           | 108       |
|    time_elapsed         | 2846      |
|    total_timesteps      | 110592    |
| train/                  |           |
|    approx_kl            | 0.5524535 |
|    clip_fraction        | 0.433     |
|    clip_range           | 0.2       |
|    clip_range_vf        | 0.2       |
|    entropy_loss         | -0.581    |
|    explained_variance   | 0.407     |
|    learning_rate        | 0.000267  |
|    loss                 | -0.0409   |
|    n_updates            | 984       |
|    policy_gradient_loss | 0.00271   |
|    std                  | 0.324     |
|    value_loss           | 0.0357    |
---------------------------------------
PPO progress: 111000/1000000 (11%) | ep_rew_mean=71.03 | ep_len_mean=147 | episodes=100 | fps=38
----------------------------------------
| rollout/                |            |
|    ep_len_mean          | 132        |
|    ep_rew_mean          | 65.9       |
| time/                   |            |
|    fps                  | 38         |
|    iterations           | 109        |
|    time_elapsed         | 2873       |
|    total_timesteps      | 111616     |
| train/                  |            |
|    approx_kl            | 0.32828978 |
|    clip_fraction        | 0.608      |
|    clip_range           | 0.2        |
|    clip_range_vf        | 0.2        |
|    entropy_loss         | -0.582     |
|    explained_variance   | 0.745      |
|    learning_rate        | 0.000267   |
|    loss                 | -0.0631    |
|    n_updates            | 994        |
|    policy_gradient_loss | -0.066     |
|    std                  | 0.322      |
|    value_loss           | 0.0795     |
----------------------------------------
Early stopping at step 9 due to reaching max kl: 0.95
PPO progress: 112000/1000000 (11%) | ep_rew_mean=65.38 | ep_len_mean=132 | episodes=100 | fps=38
----------------------------------------
| rollout/                |            |
|    ep_len_mean          | 131        |
|    ep_rew_mean          | 66         |
| time/                   |            |
|    fps                  | 38         |
|    iterations           | 110        |
|    time_elapsed         | 2899       |
|    total_timesteps      | 112640     |
| train/                  |            |
|    approx_kl            | 0.55772394 |
|    clip_fraction        | 0.633      |
|    clip_range           | 0.2        |
|    clip_range_vf        | 0.2        |
|    entropy_loss         | -0.549     |
|    explained_variance   | 0.863      |
|    learning_rate        | 0.000267   |
|    loss                 | -0.113     |
|    n_updates            | 1004       |
|    policy_gradient_loss | -0.0899    |
|    std                  | 0.313      |
|    value_loss           | 0.0519     |
----------------------------------------
PPO progress: 113000/1000000 (11%) | ep_rew_mean=58.88 | ep_len_mean=114 | episodes=100 | fps=38
----------------------------------------
| rollout/                |            |
|    ep_len_mean          | 112        |
|    ep_rew_mean          | 58.3       |
| time/                   |            |
|    fps                  | 38         |
|    iterations           | 111        |
|    time_elapsed         | 2925       |
|    total_timesteps      | 113664     |
| train/                  |            |
|    approx_kl            | 0.30235672 |
|    clip_fraction        | 0.596      |
|    clip_range           | 0.2        |
|    clip_range_vf        | 0.2        |
|    entropy_loss         | -0.503     |
|    explained_variance   | 0.902      |
|    learning_rate        | 0.000266   |
|    loss                 | -0.117     |
|    n_updates            | 1014       |
|    policy_gradient_loss | -0.0764    |
|    std                  | 0.308      |
|    value_loss           | 0.0237     |
----------------------------------------
PPO progress: 114000/1000000 (11%) | ep_rew_mean=59.86 | ep_len_mean=115 | episodes=100 | fps=38
----------------------------------------
| rollout/                |            |
|    ep_len_mean          | 117        |
|    ep_rew_mean          | 60.2       |
| time/                   |            |
|    fps                  | 38         |
|    iterations           | 112        |
|    time_elapsed         | 2951       |
|    total_timesteps      | 114688     |
| train/                  |            |
|    approx_kl            | 0.23576231 |
|    clip_fraction        | 0.556      |
|    clip_range           | 0.2        |
|    clip_range_vf        | 0.2        |
|    entropy_loss         | -0.468     |
|    explained_variance   | 0.932      |
|    learning_rate        | 0.000266   |
|    loss                 | -0.0794    |
|    n_updates            | 1024       |
|    policy_gradient_loss | -0.0706    |
|    std                  | 0.302      |
|    value_loss           | 0.0298     |
----------------------------------------
PPO progress: 115000/1000000 (12%) | ep_rew_mean=59.48 | ep_len_mean=117 | episodes=100 | fps=38
---------------------------------------
| rollout/                |           |
|    ep_len_mean          | 100       |
|    ep_rew_mean          | 53.3      |
| time/                   |           |
|    fps                  | 38        |
|    iterations           | 113       |
|    time_elapsed         | 2978      |
|    total_timesteps      | 115712    |
| train/                  |           |
|    approx_kl            | 0.2769071 |
|    clip_fraction        | 0.565     |
|    clip_range           | 0.2       |
|    clip_range_vf        | 0.2       |
|    entropy_loss         | -0.429    |
|    explained_variance   | 0.918     |
|    learning_rate        | 0.000266  |
|    loss                 | -0.0845   |
|    n_updates            | 1034      |
|    policy_gradient_loss | -0.0663   |
|    std                  | 0.296     |
|    value_loss           | 0.0347    |
---------------------------------------
PPO progress: 116000/1000000 (12%) | ep_rew_mean=52.48 | ep_len_mean=94 | episodes=100 | fps=38
---------------------------------------
| rollout/                |           |
|    ep_len_mean          | 90.7      |
|    ep_rew_mean          | 51.9      |
| time/                   |           |
|    fps                  | 38        |
|    iterations           | 114       |
|    time_elapsed         | 3004      |
|    total_timesteps      | 116736    |
| train/                  |           |
|    approx_kl            | 0.3088767 |
|    clip_fraction        | 0.583     |
|    clip_range           | 0.2       |
|    clip_range_vf        | 0.2       |
|    entropy_loss         | -0.397    |
|    explained_variance   | 0.879     |
|    learning_rate        | 0.000265  |
|    loss                 | -0.0809   |
|    n_updates            | 1044      |
|    policy_gradient_loss | -0.0791   |
|    std                  | 0.292     |
|    value_loss           | 0.0582    |
---------------------------------------
Early stopping at step 7 due to reaching max kl: 0.77
PPO progress: 117000/1000000 (12%) | ep_rew_mean=52.75 | ep_len_mean=94 | episodes=100 | fps=38
---------------------------------------
| rollout/                |           |
|    ep_len_mean          | 97.4      |
|    ep_rew_mean          | 54.1      |
| time/                   |           |
|    fps                  | 38        |
|    iterations           | 115       |
|    time_elapsed         | 3029      |
|    total_timesteps      | 117760    |
| train/                  |           |
|    approx_kl            | 0.3635964 |
|    clip_fraction        | 0.555     |
|    clip_range           | 0.2       |
|    clip_range_vf        | 0.2       |
|    entropy_loss         | -0.361    |
|    explained_variance   | 0.876     |
|    learning_rate        | 0.000265  |
|    loss                 | -0.111    |
|    n_updates            | 1052      |
|    policy_gradient_loss | -0.0626   |
|    std                  | 0.287     |
|    value_loss           | 0.031     |
---------------------------------------
Early stopping at step 9 due to reaching max kl: 1.24
PPO progress: 118000/1000000 (12%) | ep_rew_mean=52.47 | ep_len_mean=96 | episodes=100 | fps=38
----------------------------------------
| rollout/                |            |
|    ep_len_mean          | 94.1       |
|    ep_rew_mean          | 51.6       |
| time/                   |            |
|    fps                  | 38         |
|    iterations           | 116        |
|    time_elapsed         | 3055       |
|    total_timesteps      | 118784     |
| train/                  |            |
|    approx_kl            | 0.89262456 |
|    clip_fraction        | 0.576      |
|    clip_range           | 0.2        |
|    clip_range_vf        | 0.2        |
|    entropy_loss         | -0.332     |
|    explained_variance   | 0.912      |
|    learning_rate        | 0.000265   |
|    loss                 | -0.0928    |
|    n_updates            | 1062       |
|    policy_gradient_loss | -0.0599    |
|    std                  | 0.284      |
|    value_loss           | 0.0478     |
----------------------------------------
PPO progress: 119000/1000000 (12%) | ep_rew_mean=52.21 | ep_len_mean=94 | episodes=100 | fps=38
---------------------------------------
| rollout/                |           |
|    ep_len_mean          | 96.5      |
|    ep_rew_mean          | 52.7      |
| time/                   |           |
|    fps                  | 38        |
|    iterations           | 117       |
|    time_elapsed         | 3082      |
|    total_timesteps      | 119808    |
| train/                  |           |
|    approx_kl            | 0.2507789 |
|    clip_fraction        | 0.573     |
|    clip_range           | 0.2       |
|    clip_range_vf        | 0.2       |
|    entropy_loss         | -0.306    |
|    explained_variance   | 0.826     |
|    learning_rate        | 0.000264  |
|    loss                 | -0.109    |
|    n_updates            | 1072      |
|    policy_gradient_loss | -0.0811   |
|    std                  | 0.278     |
|    value_loss           | 0.0243    |
---------------------------------------
Early stopping at step 4 due to reaching max kl: 0.95
PPO progress: 120000/1000000 (12%) | ep_rew_mean=53.23 | ep_len_mean=96 | episodes=100 | fps=38
----------------------------------------
| rollout/                |            |
|    ep_len_mean          | 95.7       |
|    ep_rew_mean          | 52.2       |
| time/                   |            |
|    fps                  | 38         |
|    iterations           | 118        |
|    time_elapsed         | 3107       |
|    total_timesteps      | 120832     |
| train/                  |            |
|    approx_kl            | 0.80399084 |
|    clip_fraction        | 0.515      |
|    clip_range           | 0.2        |
|    clip_range_vf        | 0.2        |
|    entropy_loss         | -0.275     |
|    explained_variance   | 0.897      |
|    learning_rate        | 0.000264   |
|    loss                 | -0.117     |
|    n_updates            | 1077       |
|    policy_gradient_loss | -0.0142    |
|    std                  | 0.278      |
|    value_loss           | 0.0381     |
----------------------------------------
PPO progress: 121000/1000000 (12%) | ep_rew_mean=53.71 | ep_len_mean=99 | episodes=100 | fps=38
----------------------------------------
| rollout/                |            |
|    ep_len_mean          | 104        |
|    ep_rew_mean          | 56.4       |
| time/                   |            |
|    fps                  | 38         |
|    iterations           | 119        |
|    time_elapsed         | 3133       |
|    total_timesteps      | 121856     |
| train/                  |            |
|    approx_kl            | 0.30112457 |
|    clip_fraction        | 0.577      |
|    clip_range           | 0.2        |
|    clip_range_vf        | 0.2        |
|    entropy_loss         | -0.266     |
|    explained_variance   | 0.937      |
|    learning_rate        | 0.000264   |
|    loss                 | -0.105     |
|    n_updates            | 1087       |
|    policy_gradient_loss | -0.0767    |
|    std                  | 0.273      |
|    value_loss           | 0.0239     |
----------------------------------------
PPO progress: 122000/1000000 (12%) | ep_rew_mean=54.63 | ep_len_mean=101 | episodes=100 | fps=38
----------------------------------------
| rollout/                |            |
|    ep_len_mean          | 104        |
|    ep_rew_mean          | 55.4       |
| time/                   |            |
|    fps                  | 38         |
|    iterations           | 120        |
|    time_elapsed         | 3160       |
|    total_timesteps      | 122880     |
| train/                  |            |
|    approx_kl            | 0.34163433 |
|    clip_fraction        | 0.591      |
|    clip_range           | 0.2        |
|    clip_range_vf        | 0.2        |
|    entropy_loss         | -0.228     |
|    explained_variance   | 0.865      |
|    learning_rate        | 0.000263   |
|    loss                 | -0.121     |
|    n_updates            | 1097       |
|    policy_gradient_loss | -0.0788    |
|    std                  | 0.268      |
|    value_loss           | 0.0421     |
----------------------------------------
Early stopping at step 3 due to reaching max kl: 1.15
PPO progress: 123000/1000000 (12%) | ep_rew_mean=56.09 | ep_len_mean=102 | episodes=100 | fps=38
---------------------------------------
| rollout/                |           |
|    ep_len_mean          | 103       |
|    ep_rew_mean          | 56.6      |
| time/                   |           |
|    fps                  | 38        |
|    iterations           | 121       |
|    time_elapsed         | 3186      |
|    total_timesteps      | 123904    |
| train/                  |           |
|    approx_kl            | 0.2651378 |
|    clip_fraction        | 0.48      |
|    clip_range           | 0.2       |
|    clip_range_vf        | 0.2       |
|    entropy_loss         | -0.199    |
|    explained_variance   | 0.737     |
|    learning_rate        | 0.000263  |
|    loss                 | -0.0324   |
|    n_updates            | 1101      |
|    policy_gradient_loss | -0.00513  |
|    std                  | 0.267     |
|    value_loss           | 0.141     |
---------------------------------------
Early stopping at step 8 due to reaching max kl: 0.86
PPO progress: 124000/1000000 (12%) | ep_rew_mean=56.57 | ep_len_mean=103 | episodes=100 | fps=38
----------------------------------------
| rollout/                |            |
|    ep_len_mean          | 111        |
|    ep_rew_mean          | 62.7       |
| time/                   |            |
|    fps                  | 38         |
|    iterations           | 122        |
|    time_elapsed         | 3212       |
|    total_timesteps      | 124928     |
| train/                  |            |
|    approx_kl            | 0.42881006 |
|    clip_fraction        | 0.578      |
|    clip_range           | 0.2        |
|    clip_range_vf        | 0.2        |
|    entropy_loss         | -0.189     |
|    explained_variance   | 0.831      |
|    learning_rate        | 0.000263   |
|    loss                 | -0.108     |
|    n_updates            | 1110       |
|    policy_gradient_loss | -0.0645    |
|    std                  | 0.263      |
|    value_loss           | 0.0419     |
----------------------------------------
PPO progress: 125000/1000000 (12%) | ep_rew_mean=62.67 | ep_len_mean=111 | episodes=100 | fps=38
---------------------------------------
| rollout/                |           |
|    ep_len_mean          | 111       |
|    ep_rew_mean          | 63        |
| time/                   |           |
|    fps                  | 38        |
|    iterations           | 123       |
|    time_elapsed         | 3238      |
|    total_timesteps      | 125952    |
| train/                  |           |
|    approx_kl            | 0.3277235 |
|    clip_fraction        | 0.581     |
|    clip_range           | 0.2       |
|    clip_range_vf        | 0.2       |
|    entropy_loss         | -0.151    |
|    explained_variance   | 0.891     |
|    learning_rate        | 0.000263  |
|    loss                 | -0.0782   |
|    n_updates            | 1120      |
|    policy_gradient_loss | -0.0709   |
|    std                  | 0.257     |
|    value_loss           | 0.0581    |
---------------------------------------
Early stopping at step 6 due to reaching max kl: 0.83
PPO progress: 126000/1000000 (13%) | ep_rew_mean=63.02 | ep_len_mean=111 | episodes=100 | fps=38
----------------------------------------
| rollout/                |            |
|    ep_len_mean          | 118        |
|    ep_rew_mean          | 68.6       |
| time/                   |            |
|    fps                  | 38         |
|    iterations           | 124        |
|    time_elapsed         | 3264       |
|    total_timesteps      | 126976     |
| train/                  |            |
|    approx_kl            | 0.37992206 |
|    clip_fraction        | 0.556      |
|    clip_range           | 0.2        |
|    clip_range_vf        | 0.2        |
|    entropy_loss         | -0.119     |
|    explained_variance   | 0.928      |
|    learning_rate        | 0.000262   |
|    loss                 | -0.0714    |
|    n_updates            | 1127       |
|    policy_gradient_loss | -0.0531    |
|    std                  | 0.256      |
|    value_loss           | 0.0474     |
----------------------------------------
PPO progress: 127000/1000000 (13%) | ep_rew_mean=68.55 | ep_len_mean=118 | episodes=100 | fps=38
PPO progress: 128000/1000000 (13%) | ep_rew_mean=74.47 | ep_len_mean=130 | episodes=100 | fps=38
----------------------------------------
| rollout/                |            |
|    ep_len_mean          | 130        |
|    ep_rew_mean          | 74.5       |
| time/                   |            |
|    fps                  | 38         |
|    iterations           | 125        |
|    time_elapsed         | 3289       |
|    total_timesteps      | 128000     |
| train/                  |            |
|    approx_kl            | 0.31706375 |
|    clip_fraction        | 0.599      |
|    clip_range           | 0.2        |
|    clip_range_vf        | 0.2        |
|    entropy_loss         | -0.102     |
|    explained_variance   | 0.956      |
|    learning_rate        | 0.000262   |
|    loss                 | -0.124     |
|    n_updates            | 1137       |
|    policy_gradient_loss | -0.0715    |
|    std                  | 0.252      |
|    value_loss           | 0.0329     |
----------------------------------------
PPO progress: 129000/1000000 (13%) | ep_rew_mean=78.90 | ep_len_mean=136 | episodes=100 | fps=38
----------------------------------------
| rollout/                |            |
|    ep_len_mean          | 136        |
|    ep_rew_mean          | 78.9       |
| time/                   |            |
|    fps                  | 38         |
|    iterations           | 126        |
|    time_elapsed         | 3315       |
|    total_timesteps      | 129024     |
| train/                  |            |
|    approx_kl            | 0.24789256 |
|    clip_fraction        | 0.542      |
|    clip_range           | 0.2        |
|    clip_range_vf        | 0.2        |
|    entropy_loss         | -0.0712    |
|    explained_variance   | 0.95       |
|    learning_rate        | 0.000262   |
|    loss                 | -0.0958    |
|    n_updates            | 1147       |
|    policy_gradient_loss | -0.067     |
|    std                  | 0.248      |
|    value_loss           | 0.0217     |
----------------------------------------
PPO progress: 130000/1000000 (13%) | ep_rew_mean=77.75 | ep_len_mean=136 | episodes=100 | fps=38
----------------------------------------
| rollout/                |            |
|    ep_len_mean          | 137        |
|    ep_rew_mean          | 77.9       |
| time/                   |            |
|    fps                  | 38         |
|    iterations           | 127        |
|    time_elapsed         | 3341       |
|    total_timesteps      | 130048     |
| train/                  |            |
|    approx_kl            | 0.32087463 |
|    clip_fraction        | 0.55       |
|    clip_range           | 0.2        |
|    clip_range_vf        | 0.2        |
|    entropy_loss         | -0.0386    |
|    explained_variance   | 0.925      |
|    learning_rate        | 0.000261   |
|    loss                 | -0.0744    |
|    n_updates            | 1157       |
|    policy_gradient_loss | -0.0646    |
|    std                  | 0.244      |
|    value_loss           | 0.0529     |
----------------------------------------
Early stopping at step 7 due to reaching max kl: 0.86
PPO progress: 131000/1000000 (13%) | ep_rew_mean=76.70 | ep_len_mean=129 | episodes=100 | fps=38
----------------------------------------
| rollout/                |            |
|    ep_len_mean          | 129        |
|    ep_rew_mean          | 76.7       |
| time/                   |            |
|    fps                  | 38         |
|    iterations           | 128        |
|    time_elapsed         | 3367       |
|    total_timesteps      | 131072     |
| train/                  |            |
|    approx_kl            | 0.41728047 |
|    clip_fraction        | 0.582      |
|    clip_range           | 0.2        |
|    clip_range_vf        | 0.2        |
|    entropy_loss         | -0.00611   |
|    explained_variance   | 0.928      |
|    learning_rate        | 0.000261   |
|    loss                 | -0.0999    |
|    n_updates            | 1165       |
|    policy_gradient_loss | -0.0717    |
|    std                  | 0.241      |
|    value_loss           | 0.0482     |
----------------------------------------
PPO progress: 132000/1000000 (13%) | ep_rew_mean=80.32 | ep_len_mean=133 | episodes=100 | fps=38
----------------------------------------
| rollout/                |            |
|    ep_len_mean          | 133        |
|    ep_rew_mean          | 80.3       |
| time/                   |            |
|    fps                  | 38         |
|    iterations           | 129        |
|    time_elapsed         | 3393       |
|    total_timesteps      | 132096     |
| train/                  |            |
|    approx_kl            | 0.38266802 |
|    clip_fraction        | 0.599      |
|    clip_range           | 0.2        |
|    clip_range_vf        | 0.2        |
|    entropy_loss         | 0.0162     |
|    explained_variance   | 0.914      |
|    learning_rate        | 0.000261   |
|    loss                 | -0.109     |
|    n_updates            | 1175       |
|    policy_gradient_loss | -0.0796    |
|    std                  | 0.237      |
|    value_loss           | 0.0338     |
----------------------------------------
Early stopping at step 1 due to reaching max kl: 1.21
PPO progress: 133000/1000000 (13%) | ep_rew_mean=83.61 | ep_len_mean=139 | episodes=100 | fps=38
----------------------------------------
| rollout/                |            |
|    ep_len_mean          | 139        |
|    ep_rew_mean          | 83.6       |
| time/                   |            |
|    fps                  | 38         |
|    iterations           | 130        |
|    time_elapsed         | 3419       |
|    total_timesteps      | 133120     |
| train/                  |            |
|    approx_kl            | 0.30861935 |
|    clip_fraction        | 0.311      |
|    clip_range           | 0.2        |
|    clip_range_vf        | 0.2        |
|    entropy_loss         | 0.0431     |
|    explained_variance   | 0.924      |
|    learning_rate        | 0.00026    |
|    loss                 | -0.0424    |
|    n_updates            | 1177       |
|    policy_gradient_loss | -0.0036    |
|    std                  | 0.237      |
|    value_loss           | 0.0736     |
----------------------------------------
PPO progress: 134000/1000000 (13%) | ep_rew_mean=87.04 | ep_len_mean=143 | episodes=100 | fps=38
----------------------------------------
| rollout/                |            |
|    ep_len_mean          | 143        |
|    ep_rew_mean          | 87         |
| time/                   |            |
|    fps                  | 38         |
|    iterations           | 131        |
|    time_elapsed         | 3445       |
|    total_timesteps      | 134144     |
| train/                  |            |
|    approx_kl            | 0.26402766 |
|    clip_fraction        | 0.572      |
|    clip_range           | 0.2        |
|    clip_range_vf        | 0.2        |
|    entropy_loss         | 0.0565     |
|    explained_variance   | 0.929      |
|    learning_rate        | 0.00026    |
|    loss                 | -0.102     |
|    n_updates            | 1187       |
|    policy_gradient_loss | -0.0722    |
|    std                  | 0.233      |
|    value_loss           | 0.0417     |
----------------------------------------
PPO progress: 135000/1000000 (14%) | ep_rew_mean=90.03 | ep_len_mean=145 | episodes=100 | fps=38
---------------------------------------
| rollout/                |           |
|    ep_len_mean          | 146       |
|    ep_rew_mean          | 91.9      |
| time/                   |           |
|    fps                  | 38        |
|    iterations           | 132       |
|    time_elapsed         | 3473      |
|    total_timesteps      | 135168    |
| train/                  |           |
|    approx_kl            | 0.2663898 |
|    clip_fraction        | 0.57      |
|    clip_range           | 0.2       |
|    clip_range_vf        | 0.2       |
|    entropy_loss         | 0.0903    |
|    explained_variance   | 0.949     |
|    learning_rate        | 0.00026   |
|    loss                 | -0.0891   |
|    n_updates            | 1197      |
|    policy_gradient_loss | -0.0604   |
|    std                  | 0.229     |
|    value_loss           | 0.0273    |
---------------------------------------
Early stopping at step 3 due to reaching max kl: 0.76
PPO progress: 136000/1000000 (14%) | ep_rew_mean=94.65 | ep_len_mean=152 | episodes=100 | fps=38
----------------------------------------
| rollout/                |            |
|    ep_len_mean          | 153        |
|    ep_rew_mean          | 94.1       |
| time/                   |            |
|    fps                  | 38         |
|    iterations           | 133        |
|    time_elapsed         | 3499       |
|    total_timesteps      | 136192     |
| train/                  |            |
|    approx_kl            | 0.25783142 |
|    clip_fraction        | 0.49       |
|    clip_range           | 0.2        |
|    clip_range_vf        | 0.2        |
|    entropy_loss         | 0.111      |
|    explained_variance   | 0.887      |
|    learning_rate        | 0.000259   |
|    loss                 | -0.0279    |
|    n_updates            | 1201       |
|    policy_gradient_loss | -0.0419    |
|    std                  | 0.229      |
|    value_loss           | 0.0832     |
----------------------------------------
PPO progress: 137000/1000000 (14%) | ep_rew_mean=95.75 | ep_len_mean=151 | episodes=100 | fps=38
----------------------------------------
| rollout/                |            |
|    ep_len_mean          | 152        |
|    ep_rew_mean          | 96.5       |
| time/                   |            |
|    fps                  | 38         |
|    iterations           | 134        |
|    time_elapsed         | 3525       |
|    total_timesteps      | 137216     |
| train/                  |            |
|    approx_kl            | 0.36532807 |
|    clip_fraction        | 0.574      |
|    clip_range           | 0.2        |
|    clip_range_vf        | 0.2        |
|    entropy_loss         | 0.128      |
|    explained_variance   | 0.956      |
|    learning_rate        | 0.000259   |
|    loss                 | -0.134     |
|    n_updates            | 1211       |
|    policy_gradient_loss | -0.0693    |
|    std                  | 0.223      |
|    value_loss           | 0.0169     |
----------------------------------------
Early stopping at step 3 due to reaching max kl: 0.78
PPO progress: 138000/1000000 (14%) | ep_rew_mean=97.10 | ep_len_mean=155 | episodes=100 | fps=38
----------------------------------------
| rollout/                |            |
|    ep_len_mean          | 154        |
|    ep_rew_mean          | 96.7       |
| time/                   |            |
|    fps                  | 38         |
|    iterations           | 135        |
|    time_elapsed         | 3551       |
|    total_timesteps      | 138240     |
| train/                  |            |
|    approx_kl            | 0.27091113 |
|    clip_fraction        | 0.477      |
|    clip_range           | 0.2        |
|    clip_range_vf        | 0.2        |
|    entropy_loss         | 0.163      |
|    explained_variance   | 0.93       |
|    learning_rate        | 0.000259   |
|    loss                 | -0.0769    |
|    n_updates            | 1215       |
|    policy_gradient_loss | -0.0415    |
|    std                  | 0.223      |
|    value_loss           | 0.0615     |
----------------------------------------
Early stopping at step 1 due to reaching max kl: 1.13
PPO progress: 139000/1000000 (14%) | ep_rew_mean=98.17 | ep_len_mean=158 | episodes=100 | fps=38
----------------------------------------
| rollout/                |            |
|    ep_len_mean          | 158        |
|    ep_rew_mean          | 98.9       |
| time/                   |            |
|    fps                  | 38         |
|    iterations           | 136        |
|    time_elapsed         | 3577       |
|    total_timesteps      | 139264     |
| train/                  |            |
|    approx_kl            | 0.26653212 |
|    clip_fraction        | 0.37       |
|    clip_range           | 0.2        |
|    clip_range_vf        | 0.2        |
|    entropy_loss         | 0.165      |
|    explained_variance   | 0.441      |
|    learning_rate        | 0.000259   |
|    loss                 | 0.117      |
|    n_updates            | 1217       |
|    policy_gradient_loss | 0.00321    |
|    std                  | 0.223      |
|    value_loss           | 0.0723     |
----------------------------------------
Early stopping at step 8 due to reaching max kl: 0.79
PPO progress: 140000/1000000 (14%) | ep_rew_mean=96.00 | ep_len_mean=155 | episodes=100 | fps=38
----------------------------------------
| rollout/                |            |
|    ep_len_mean          | 148        |
|    ep_rew_mean          | 92.3       |
| time/                   |            |
|    fps                  | 38         |
|    iterations           | 137        |
|    time_elapsed         | 3603       |
|    total_timesteps      | 140288     |
| train/                  |            |
|    approx_kl            | 0.37358445 |
|    clip_fraction        | 0.588      |
|    clip_range           | 0.2        |
|    clip_range_vf        | 0.2        |
|    entropy_loss         | 0.176      |
|    explained_variance   | 0.945      |
|    learning_rate        | 0.000258   |
|    loss                 | -0.0969    |
|    n_updates            | 1226       |
|    policy_gradient_loss | -0.0741    |
|    std                  | 0.219      |
|    value_loss           | 0.0279     |
----------------------------------------
Early stopping at step 5 due to reaching max kl: 1.75
PPO progress: 141000/1000000 (14%) | ep_rew_mean=93.10 | ep_len_mean=150 | episodes=100 | fps=38
----------------------------------------
| rollout/                |            |
|    ep_len_mean          | 157        |
|    ep_rew_mean          | 97.5       |
| time/                   |            |
|    fps                  | 38         |
|    iterations           | 138        |
|    time_elapsed         | 3629       |
|    total_timesteps      | 141312     |
| train/                  |            |
|    approx_kl            | 0.41804695 |
|    clip_fraction        | 0.536      |
|    clip_range           | 0.2        |
|    clip_range_vf        | 0.2        |
|    entropy_loss         | 0.205      |
|    explained_variance   | 0.812      |
|    learning_rate        | 0.000258   |
|    loss                 | -0.0501    |
|    n_updates            | 1232       |
|    policy_gradient_loss | -0.0403    |
|    std                  | 0.218      |
|    value_loss           | 0.0674     |
----------------------------------------
Early stopping at step 6 due to reaching max kl: 0.76
PPO progress: 142000/1000000 (14%) | ep_rew_mean=98.83 | ep_len_mean=159 | episodes=100 | fps=38
----------------------------------------
| rollout/                |            |
|    ep_len_mean          | 165        |
|    ep_rew_mean          | 103        |
| time/                   |            |
|    fps                  | 38         |
|    iterations           | 139        |
|    time_elapsed         | 3655       |
|    total_timesteps      | 142336     |
| train/                  |            |
|    approx_kl            | 0.32602185 |
|    clip_fraction        | 0.536      |
|    clip_range           | 0.2        |
|    clip_range_vf        | 0.2        |
|    entropy_loss         | 0.218      |
|    explained_variance   | 0.957      |
|    learning_rate        | 0.000258   |
|    loss                 | -0.0952    |
|    n_updates            | 1239       |
|    policy_gradient_loss | -0.0626    |
|    std                  | 0.216      |
|    value_loss           | 0.0217     |
----------------------------------------
PPO progress: 143000/1000000 (14%) | ep_rew_mean=99.48 | ep_len_mean=162 | episodes=100 | fps=38
----------------------------------------
| rollout/                |            |
|    ep_len_mean          | 151        |
|    ep_rew_mean          | 95.3       |
| time/                   |            |
|    fps                  | 38         |
|    iterations           | 140        |
|    time_elapsed         | 3681       |
|    total_timesteps      | 143360     |
| train/                  |            |
|    approx_kl            | 0.31343782 |
|    clip_fraction        | 0.614      |
|    clip_range           | 0.2        |
|    clip_range_vf        | 0.2        |
|    entropy_loss         | 0.227      |
|    explained_variance   | 0.945      |
|    learning_rate        | 0.000257   |
|    loss                 | -0.107     |
|    n_updates            | 1249       |
|    policy_gradient_loss | -0.0705    |
|    std                  | 0.214      |
|    value_loss           | 0.0141     |
----------------------------------------
Early stopping at step 3 due to reaching max kl: 1.12
PPO progress: 144000/1000000 (14%) | ep_rew_mean=94.02 | ep_len_mean=149 | episodes=100 | fps=38
----------------------------------------
| rollout/                |            |
|    ep_len_mean          | 148        |
|    ep_rew_mean          | 93.2       |
| time/                   |            |
|    fps                  | 38         |
|    iterations           | 141        |
|    time_elapsed         | 3707       |
|    total_timesteps      | 144384     |
| train/                  |            |
|    approx_kl            | 0.27908662 |
|    clip_fraction        | 0.47       |
|    clip_range           | 0.2        |
|    clip_range_vf        | 0.2        |
|    entropy_loss         | 0.243      |
|    explained_variance   | 0.932      |
|    learning_rate        | 0.000257   |
|    loss                 | -0.0553    |
|    n_updates            | 1253       |
|    policy_gradient_loss | -0.0395    |
|    std                  | 0.214      |
|    value_loss           | 0.0553     |
----------------------------------------
PPO progress: 145000/1000000 (14%) | ep_rew_mean=94.69 | ep_len_mean=151 | episodes=100 | fps=38
----------------------------------------
| rollout/                |            |
|    ep_len_mean          | 154        |
|    ep_rew_mean          | 96.7       |
| time/                   |            |
|    fps                  | 38         |
|    iterations           | 142        |
|    time_elapsed         | 3734       |
|    total_timesteps      | 145408     |
| train/                  |            |
|    approx_kl            | 0.29884052 |
|    clip_fraction        | 0.592      |
|    clip_range           | 0.2        |
|    clip_range_vf        | 0.2        |
|    entropy_loss         | 0.263      |
|    explained_variance   | 0.925      |
|    learning_rate        | 0.000257   |
|    loss                 | -0.129     |
|    n_updates            | 1263       |
|    policy_gradient_loss | -0.0818    |
|    std                  | 0.209      |
|    value_loss           | 0.0202     |
----------------------------------------
PPO progress: 146000/1000000 (15%) | ep_rew_mean=95.81 | ep_len_mean=153 | episodes=100 | fps=38
----------------------------------------
| rollout/                |            |
|    ep_len_mean          | 156        |
|    ep_rew_mean          | 96.4       |
| time/                   |            |
|    fps                  | 38         |
|    iterations           | 143        |
|    time_elapsed         | 3760       |
|    total_timesteps      | 146432     |
| train/                  |            |
|    approx_kl            | 0.35609752 |
|    clip_fraction        | 0.612      |
|    clip_range           | 0.2        |
|    clip_range_vf        | 0.2        |
|    entropy_loss         | 0.307      |
|    explained_variance   | 0.957      |
|    learning_rate        | 0.000256   |
|    loss                 | -0.0851    |
|    n_updates            | 1273       |
|    policy_gradient_loss | -0.0725    |
|    std                  | 0.205      |
|    value_loss           | 0.0286     |
----------------------------------------
Early stopping at step 3 due to reaching max kl: 0.89
PPO progress: 147000/1000000 (15%) | ep_rew_mean=96.94 | ep_len_mean=156 | episodes=100 | fps=38
---------------------------------------
| rollout/                |           |
|    ep_len_mean          | 159       |
|    ep_rew_mean          | 97.2      |
| time/                   |           |
|    fps                  | 38        |
|    iterations           | 144       |
|    time_elapsed         | 3786      |
|    total_timesteps      | 147456    |
| train/                  |           |
|    approx_kl            | 0.8929408 |
|    clip_fraction        | 0.498     |
|    clip_range           | 0.2       |
|    clip_range_vf        | 0.2       |
|    entropy_loss         | 0.331     |
|    explained_variance   | 0.911     |
|    learning_rate        | 0.000256  |
|    loss                 | -0.0211   |
|    n_updates            | 1277      |
|    policy_gradient_loss | -0.0198   |
|    std                  | 0.205     |
|    value_loss           | 0.051     |
---------------------------------------
PPO progress: 148000/1000000 (15%) | ep_rew_mean=97.81 | ep_len_mean=161 | episodes=100 | fps=38
----------------------------------------
| rollout/                |            |
|    ep_len_mean          | 161        |
|    ep_rew_mean          | 97.7       |
| time/                   |            |
|    fps                  | 38         |
|    iterations           | 145        |
|    time_elapsed         | 3812       |
|    total_timesteps      | 148480     |
| train/                  |            |
|    approx_kl            | 0.26209664 |
|    clip_fraction        | 0.597      |
|    clip_range           | 0.2        |
|    clip_range_vf        | 0.2        |
|    entropy_loss         | 0.333      |
|    explained_variance   | 0.813      |
|    learning_rate        | 0.000256   |
|    loss                 | -0.0851    |
|    n_updates            | 1287       |
|    policy_gradient_loss | -0.0681    |
|    std                  | 0.204      |
|    value_loss           | 0.0201     |
----------------------------------------
Early stopping at step 1 due to reaching max kl: 0.85
PPO progress: 149000/1000000 (15%) | ep_rew_mean=97.69 | ep_len_mean=161 | episodes=100 | fps=38
----------------------------------------
| rollout/                |            |
|    ep_len_mean          | 169        |
|    ep_rew_mean          | 100        |
| time/                   |            |
|    fps                  | 38         |
|    iterations           | 146        |
|    time_elapsed         | 3839       |
|    total_timesteps      | 149504     |
| train/                  |            |
|    approx_kl            | 0.41783044 |
|    clip_fraction        | 0.424      |
|    clip_range           | 0.2        |
|    clip_range_vf        | 0.2        |
|    entropy_loss         | 0.347      |
|    explained_variance   | 0.868      |
|    learning_rate        | 0.000255   |
|    loss                 | -0.0319    |
|    n_updates            | 1289       |
|    policy_gradient_loss | 0.015      |
|    std                  | 0.203      |
|    value_loss           | 0.133      |
----------------------------------------
Early stopping at step 2 due to reaching max kl: 0.92
PPO progress: 150000/1000000 (15%) | ep_rew_mean=101.33 | ep_len_mean=170 | episodes=100 | fps=38
----------------------------------------
| rollout/                |            |
|    ep_len_mean          | 173        |
|    ep_rew_mean          | 103        |
| time/                   |            |
|    fps                  | 38         |
|    iterations           | 147        |
|    time_elapsed         | 3865       |
|    total_timesteps      | 150528     |
| train/                  |            |
|    approx_kl            | 0.31809023 |
|    clip_fraction        | 0.487      |
|    clip_range           | 0.2        |
|    clip_range_vf        | 0.2        |
|    entropy_loss         | 0.347      |
|    explained_variance   | 0.814      |
|    learning_rate        | 0.000255   |
|    loss                 | -0.0577    |
|    n_updates            | 1292       |
|    policy_gradient_loss | -0.0237    |
|    std                  | 0.203      |
|    value_loss           | 0.0373     |
----------------------------------------
Early stopping at step 8 due to reaching max kl: 1.06
PPO progress: 151000/1000000 (15%) | ep_rew_mean=106.32 | ep_len_mean=177 | episodes=100 | fps=38
----------------------------------------
| rollout/                |            |
|    ep_len_mean          | 177        |
|    ep_rew_mean          | 108        |
| time/                   |            |
|    fps                  | 38         |
|    iterations           | 148        |
|    time_elapsed         | 3891       |
|    total_timesteps      | 151552     |
| train/                  |            |
|    approx_kl            | 0.42642665 |
|    clip_fraction        | 0.585      |
|    clip_range           | 0.2        |
|    clip_range_vf        | 0.2        |
|    entropy_loss         | 0.35       |
|    explained_variance   | 0.945      |
|    learning_rate        | 0.000255   |
|    loss                 | -0.114     |
|    n_updates            | 1301       |
|    policy_gradient_loss | -0.0622    |
|    std                  | 0.202      |
|    value_loss           | 0.034      |
----------------------------------------
Early stopping at step 1 due to reaching max kl: 2.21
PPO progress: 152000/1000000 (15%) | ep_rew_mean=108.95 | ep_len_mean=181 | episodes=100 | fps=38
----------------------------------------
| rollout/                |            |
|    ep_len_mean          | 179        |
|    ep_rew_mean          | 108        |
| time/                   |            |
|    fps                  | 38         |
|    iterations           | 149        |
|    time_elapsed         | 3917       |
|    total_timesteps      | 152576     |
| train/                  |            |
|    approx_kl            | 0.25502625 |
|    clip_fraction        | 0.387      |
|    clip_range           | 0.2        |
|    clip_range_vf        | 0.2        |
|    entropy_loss         | 0.367      |
|    explained_variance   | 0.959      |
|    learning_rate        | 0.000255   |
|    loss                 | 0.00855    |
|    n_updates            | 1303       |
|    policy_gradient_loss | -0.0033    |
|    std                  | 0.202      |
|    value_loss           | 0.0343     |
----------------------------------------
Early stopping at step 3 due to reaching max kl: 0.92
PPO progress: 153000/1000000 (15%) | ep_rew_mean=109.53 | ep_len_mean=184 | episodes=100 | fps=38
----------------------------------------
| rollout/                |            |
|    ep_len_mean          | 183        |
|    ep_rew_mean          | 109        |
| time/                   |            |
|    fps                  | 38         |
|    iterations           | 150        |
|    time_elapsed         | 3943       |
|    total_timesteps      | 153600     |
| train/                  |            |
|    approx_kl            | 0.36755967 |
|    clip_fraction        | 0.458      |
|    clip_range           | 0.2        |
|    clip_range_vf        | 0.2        |
|    entropy_loss         | 0.368      |
|    explained_variance   | 0.935      |
|    learning_rate        | 0.000254   |
|    loss                 | -0.0351    |
|    n_updates            | 1307       |
|    policy_gradient_loss | -0.0392    |
|    std                  | 0.201      |
|    value_loss           | 0.0421     |
----------------------------------------
PPO progress: 154000/1000000 (15%) | ep_rew_mean=109.71 | ep_len_mean=189 | episodes=100 | fps=38
---------------------------------------
| rollout/                |           |
|    ep_len_mean          | 183       |
|    ep_rew_mean          | 105       |
| time/                   |           |
|    fps                  | 38        |
|    iterations           | 151       |
|    time_elapsed         | 3969      |
|    total_timesteps      | 154624    |
| train/                  |           |
|    approx_kl            | 0.3550186 |
|    clip_fraction        | 0.596     |
|    clip_range           | 0.2       |
|    clip_range_vf        | 0.2       |
|    entropy_loss         | 0.385     |
|    explained_variance   | 0.952     |
|    learning_rate        | 0.000254  |
|    loss                 | -0.104    |
|    n_updates            | 1317      |
|    policy_gradient_loss | -0.0692   |
|    std                  | 0.197     |
|    value_loss           | 0.0225    |
---------------------------------------
Early stopping at step 5 due to reaching max kl: 0.82
PPO progress: 155000/1000000 (16%) | ep_rew_mean=104.43 | ep_len_mean=182 | episodes=100 | fps=38
----------------------------------------
| rollout/                |            |
|    ep_len_mean          | 185        |
|    ep_rew_mean          | 106        |
| time/                   |            |
|    fps                  | 38         |
|    iterations           | 152        |
|    time_elapsed         | 3995       |
|    total_timesteps      | 155648     |
| train/                  |            |
|    approx_kl            | 0.40308183 |
|    clip_fraction        | 0.528      |
|    clip_range           | 0.2        |
|    clip_range_vf        | 0.2        |
|    entropy_loss         | 0.415      |
|    explained_variance   | 0.876      |
|    learning_rate        | 0.000254   |
|    loss                 | -0.0814    |
|    n_updates            | 1323       |
|    policy_gradient_loss | -0.0425    |
|    std                  | 0.196      |
|    value_loss           | 0.0354     |
----------------------------------------
Early stopping at step 3 due to reaching max kl: 3.35
PPO progress: 156000/1000000 (16%) | ep_rew_mean=108.08 | ep_len_mean=188 | episodes=100 | fps=38
--------------------------------------
| rollout/                |          |
|    ep_len_mean          | 193      |
|    ep_rew_mean          | 111      |
| time/                   |          |
|    fps                  | 38       |
|    iterations           | 153      |
|    time_elapsed         | 4021     |
|    total_timesteps      | 156672   |
| train/                  |          |
|    approx_kl            | 0.537501 |
|    clip_fraction        | 0.507    |
|    clip_range           | 0.2      |
|    clip_range_vf        | 0.2      |
|    entropy_loss         | 0.421    |
|    explained_variance   | 0.877    |
|    learning_rate        | 0.000253 |
|    loss                 | -0.0581  |
|    n_updates            | 1327     |
|    policy_gradient_loss | -0.0248  |
|    std                  | 0.196    |
|    value_loss           | 0.0779   |
--------------------------------------
Early stopping at step 3 due to reaching max kl: 1.25
PPO progress: 157000/1000000 (16%) | ep_rew_mean=111.10 | ep_len_mean=193 | episodes=100 | fps=38
----------------------------------------
| rollout/                |            |
|    ep_len_mean          | 198        |
|    ep_rew_mean          | 113        |
| time/                   |            |
|    fps                  | 38         |
|    iterations           | 154        |
|    time_elapsed         | 4046       |
|    total_timesteps      | 157696     |
| train/                  |            |
|    approx_kl            | 0.35440242 |
|    clip_fraction        | 0.516      |
|    clip_range           | 0.2        |
|    clip_range_vf        | 0.2        |
|    entropy_loss         | 0.423      |
|    explained_variance   | 0.931      |
|    learning_rate        | 0.000253   |
|    loss                 | 0.437      |
|    n_updates            | 1331       |
|    policy_gradient_loss | -0.00946   |
|    std                  | 0.196      |
|    value_loss           | 0.0467     |
----------------------------------------
PPO progress: 158000/1000000 (16%) | ep_rew_mean=113.39 | ep_len_mean=198 | episodes=100 | fps=38
----------------------------------------
| rollout/                |            |
|    ep_len_mean          | 205        |
|    ep_rew_mean          | 118        |
| time/                   |            |
|    fps                  | 38         |
|    iterations           | 155        |
|    time_elapsed         | 4073       |
|    total_timesteps      | 158720     |
| train/                  |            |
|    approx_kl            | 0.29685253 |
|    clip_fraction        | 0.582      |
|    clip_range           | 0.2        |
|    clip_range_vf        | 0.2        |
|    entropy_loss         | 0.436      |
|    explained_variance   | 0.949      |
|    learning_rate        | 0.000253   |
|    loss                 | -0.101     |
|    n_updates            | 1341       |
|    policy_gradient_loss | -0.0641    |
|    std                  | 0.192      |
|    value_loss           | 0.0114     |
----------------------------------------
PPO progress: 159000/1000000 (16%) | ep_rew_mean=118.39 | ep_len_mean=206 | episodes=100 | fps=38
----------------------------------------
| rollout/                |            |
|    ep_len_mean          | 207        |
|    ep_rew_mean          | 118        |
| time/                   |            |
|    fps                  | 38         |
|    iterations           | 156        |
|    time_elapsed         | 4099       |
|    total_timesteps      | 159744     |
| train/                  |            |
|    approx_kl            | 0.33013874 |
|    clip_fraction        | 0.621      |
|    clip_range           | 0.2        |
|    clip_range_vf        | 0.2        |
|    entropy_loss         | 0.473      |
|    explained_variance   | 0.962      |
|    learning_rate        | 0.000252   |
|    loss                 | -0.0605    |
|    n_updates            | 1351       |
|    policy_gradient_loss | -0.0646    |
|    std                  | 0.189      |
|    value_loss           | 0.0161     |
----------------------------------------
PPO progress: 160000/1000000 (16%) | ep_rew_mean=122.04 | ep_len_mean=214 | episodes=100 | fps=38
----------------------------------------
| rollout/                |            |
|    ep_len_mean          | 217        |
|    ep_rew_mean          | 124        |
| time/                   |            |
|    fps                  | 38         |
|    iterations           | 157        |
|    time_elapsed         | 4124       |
|    total_timesteps      | 160768     |
| train/                  |            |
|    approx_kl            | 0.30099717 |
|    clip_fraction        | 0.549      |
|    clip_range           | 0.2        |
|    clip_range_vf        | 0.2        |
|    entropy_loss         | 0.504      |
|    explained_variance   | 0.791      |
|    learning_rate        | 0.000252   |
|    loss                 | -0.0419    |
|    n_updates            | 1361       |
|    policy_gradient_loss | -0.038     |
|    std                  | 0.186      |
|    value_loss           | 0.133      |
----------------------------------------
Early stopping at step 2 due to reaching max kl: 0.76
PPO progress: 161000/1000000 (16%) | ep_rew_mean=124.09 | ep_len_mean=217 | episodes=100 | fps=38
---------------------------------------
| rollout/                |           |
|    ep_len_mean          | 223       |
|    ep_rew_mean          | 128       |
| time/                   |           |
|    fps                  | 38        |
|    iterations           | 158       |
|    time_elapsed         | 4150      |
|    total_timesteps      | 161792    |
| train/                  |           |
|    approx_kl            | 0.5491339 |
|    clip_fraction        | 0.451     |
|    clip_range           | 0.2       |
|    clip_range_vf        | 0.2       |
|    entropy_loss         | 0.533     |
|    explained_variance   | 0.913     |
|    learning_rate        | 0.000252  |
|    loss                 | -0.0383   |
|    n_updates            | 1364      |
|    policy_gradient_loss | 0.00124   |
|    std                  | 0.186     |
|    value_loss           | 0.0373    |
---------------------------------------
Early stopping at step 3 due to reaching max kl: 0.75
PPO progress: 162000/1000000 (16%) | ep_rew_mean=128.31 | ep_len_mean=223 | episodes=100 | fps=38
----------------------------------------
| rollout/                |            |
|    ep_len_mean          | 231        |
|    ep_rew_mean          | 135        |
| time/                   |            |
|    fps                  | 38         |
|    iterations           | 159        |
|    time_elapsed         | 4176       |
|    total_timesteps      | 162816     |
| train/                  |            |
|    approx_kl            | 0.40206453 |
|    clip_fraction        | 0.501      |
|    clip_range           | 0.2        |
|    clip_range_vf        | 0.2        |
|    entropy_loss         | 0.533      |
|    explained_variance   | 0.942      |
|    learning_rate        | 0.000251   |
|    loss                 | -0.0669    |
|    n_updates            | 1368       |
|    policy_gradient_loss | -0.00729   |
|    std                  | 0.185      |
|    value_loss           | 0.035      |
----------------------------------------
Early stopping at step 8 due to reaching max kl: 0.82
PPO progress: 163000/1000000 (16%) | ep_rew_mean=135.96 | ep_len_mean=230 | episodes=100 | fps=38
---------------------------------------
| rollout/                |           |
|    ep_len_mean          | 223       |
|    ep_rew_mean          | 132       |
| time/                   |           |
|    fps                  | 38        |
|    iterations           | 160       |
|    time_elapsed         | 4202      |
|    total_timesteps      | 163840    |
| train/                  |           |
|    approx_kl            | 0.5771232 |
|    clip_fraction        | 0.596     |
|    clip_range           | 0.2       |
|    clip_range_vf        | 0.2       |
|    entropy_loss         | 0.537     |
|    explained_variance   | 0.911     |
|    learning_rate        | 0.000251  |
|    loss                 | 0.00769   |
|    n_updates            | 1377      |
|    policy_gradient_loss | -0.0542   |
|    std                  | 0.184     |
|    value_loss           | 0.0848    |
---------------------------------------
PPO progress: 164000/1000000 (16%) | ep_rew_mean=131.94 | ep_len_mean=223 | episodes=100 | fps=38
----------------------------------------
| rollout/                |            |
|    ep_len_mean          | 224        |
|    ep_rew_mean          | 133        |
| time/                   |            |
|    fps                  | 38         |
|    iterations           | 161        |
|    time_elapsed         | 4228       |
|    total_timesteps      | 164864     |
| train/                  |            |
|    approx_kl            | 0.42782825 |
|    clip_fraction        | 0.614      |
|    clip_range           | 0.2        |
|    clip_range_vf        | 0.2        |
|    entropy_loss         | 0.567      |
|    explained_variance   | 0.88       |
|    learning_rate        | 0.000251   |
|    loss                 | -0.0859    |
|    n_updates            | 1387       |
|    policy_gradient_loss | -0.0748    |
|    std                  | 0.18       |
|    value_loss           | 0.0743     |
----------------------------------------
Early stopping at step 5 due to reaching max kl: 0.77
PPO progress: 165000/1000000 (16%) | ep_rew_mean=133.10 | ep_len_mean=224 | episodes=100 | fps=38
----------------------------------------
| rollout/                |            |
|    ep_len_mean          | 235        |
|    ep_rew_mean          | 139        |
| time/                   |            |
|    fps                  | 38         |
|    iterations           | 162        |
|    time_elapsed         | 4254       |
|    total_timesteps      | 165888     |
| train/                  |            |
|    approx_kl            | 0.40606615 |
|    clip_fraction        | 0.578      |
|    clip_range           | 0.2        |
|    clip_range_vf        | 0.2        |
|    entropy_loss         | 0.601      |
|    explained_variance   | 0.934      |
|    learning_rate        | 0.000251   |
|    loss                 | -0.055     |
|    n_updates            | 1393       |
|    policy_gradient_loss | -0.0412    |
|    std                  | 0.179      |
|    value_loss           | 0.0452     |
----------------------------------------
Early stopping at step 3 due to reaching max kl: 0.79
PPO progress: 166000/1000000 (17%) | ep_rew_mean=139.20 | ep_len_mean=235 | episodes=100 | fps=38
----------------------------------------
| rollout/                |            |
|    ep_len_mean          | 240        |
|    ep_rew_mean          | 142        |
| time/                   |            |
|    fps                  | 38         |
|    iterations           | 163        |
|    time_elapsed         | 4280       |
|    total_timesteps      | 166912     |
| train/                  |            |
|    approx_kl            | 0.39718723 |
|    clip_fraction        | 0.508      |
|    clip_range           | 0.2        |
|    clip_range_vf        | 0.2        |
|    entropy_loss         | 0.607      |
|    explained_variance   | 0.931      |
|    learning_rate        | 0.00025    |
|    loss                 | -0.0766    |
|    n_updates            | 1397       |
|    policy_gradient_loss | -0.0204    |
|    std                  | 0.179      |
|    value_loss           | 0.0189     |
----------------------------------------
PPO progress: 167000/1000000 (17%) | ep_rew_mean=141.62 | ep_len_mean=240 | episodes=100 | fps=38
---------------------------------------
| rollout/                |           |
|    ep_len_mean          | 242       |
|    ep_rew_mean          | 141       |
| time/                   |           |
|    fps                  | 38        |
|    iterations           | 164       |
|    time_elapsed         | 4306      |
|    total_timesteps      | 167936    |
| train/                  |           |
|    approx_kl            | 0.3712547 |
|    clip_fraction        | 0.59      |
|    clip_range           | 0.2       |
|    clip_range_vf        | 0.2       |
|    entropy_loss         | 0.608     |
|    explained_variance   | 0.798     |
|    learning_rate        | 0.00025   |
|    loss                 | 0.107     |
|    n_updates            | 1407      |
|    policy_gradient_loss | -0.0294   |
|    std                  | 0.177     |
|    value_loss           | 0.12      |
---------------------------------------
Early stopping at step 3 due to reaching max kl: 2.41
PPO progress: 168000/1000000 (17%) | ep_rew_mean=141.29 | ep_len_mean=242 | episodes=100 | fps=38
----------------------------------------
| rollout/                |            |
|    ep_len_mean          | 246        |
|    ep_rew_mean          | 142        |
| time/                   |            |
|    fps                  | 38         |
|    iterations           | 165        |
|    time_elapsed         | 4332       |
|    total_timesteps      | 168960     |
| train/                  |            |
|    approx_kl            | 0.46756563 |
|    clip_fraction        | 0.536      |
|    clip_range           | 0.2        |
|    clip_range_vf        | 0.2        |
|    entropy_loss         | 0.626      |
|    explained_variance   | 0.956      |
|    learning_rate        | 0.00025    |
|    loss                 | 0.0266     |
|    n_updates            | 1411       |
|    policy_gradient_loss | -0.0143    |
|    std                  | 0.177      |
|    value_loss           | 0.0258     |
----------------------------------------
Early stopping at step 1 due to reaching max kl: 0.87
PPO progress: 169000/1000000 (17%) | ep_rew_mean=142.34 | ep_len_mean=246 | episodes=100 | fps=38
---------------------------------------
| rollout/                |           |
|    ep_len_mean          | 256       |
|    ep_rew_mean          | 150       |
| time/                   |           |
|    fps                  | 38        |
|    iterations           | 166       |
|    time_elapsed         | 4358      |
|    total_timesteps      | 169984    |
| train/                  |           |
|    approx_kl            | 0.5047525 |
|    clip_fraction        | 0.405     |
|    clip_range           | 0.2       |
|    clip_range_vf        | 0.2       |
|    entropy_loss         | 0.627     |
|    explained_variance   | 0.911     |
|    learning_rate        | 0.000249  |
|    loss                 | 0.0308    |
|    n_updates            | 1413      |
|    policy_gradient_loss | 0.0269    |
|    std                  | 0.177     |
|    value_loss           | 0.0631    |
---------------------------------------
Early stopping at step 2 due to reaching max kl: 0.75
PPO progress: 170000/1000000 (17%) | ep_rew_mean=149.69 | ep_len_mean=256 | episodes=100 | fps=38
PPO progress: 171000/1000000 (17%) | ep_rew_mean=150.23 | ep_len_mean=255 | episodes=100 | fps=38
---------------------------------------
| rollout/                |           |
|    ep_len_mean          | 255       |
|    ep_rew_mean          | 150       |
| time/                   |           |
|    fps                  | 38        |
|    iterations           | 167       |
|    time_elapsed         | 4385      |
|    total_timesteps      | 171008    |
| train/                  |           |
|    approx_kl            | 0.3657504 |
|    clip_fraction        | 0.433     |
|    clip_range           | 0.2       |
|    clip_range_vf        | 0.2       |
|    entropy_loss         | 0.628     |
|    explained_variance   | 0.845     |
|    learning_rate        | 0.000249  |
|    loss                 | -0.0422   |
|    n_updates            | 1416      |
|    policy_gradient_loss | -0.0104   |
|    std                  | 0.177     |
|    value_loss           | 0.0853    |
---------------------------------------
Early stopping at step 9 due to reaching max kl: 1.09
PPO progress: 172000/1000000 (17%) | ep_rew_mean=154.38 | ep_len_mean=263 | episodes=100 | fps=39
----------------------------------------
| rollout/                |            |
|    ep_len_mean          | 263        |
|    ep_rew_mean          | 154        |
| time/                   |            |
|    fps                  | 39         |
|    iterations           | 168        |
|    time_elapsed         | 4410       |
|    total_timesteps      | 172032     |
| train/                  |            |
|    approx_kl            | 0.45955783 |
|    clip_fraction        | 0.62       |
|    clip_range           | 0.2        |
|    clip_range_vf        | 0.2        |
|    entropy_loss         | 0.639      |
|    explained_variance   | 0.928      |
|    learning_rate        | 0.000249   |
|    loss                 | -0.0612    |
|    n_updates            | 1426       |
|    policy_gradient_loss | -0.0651    |
|    std                  | 0.174      |
|    value_loss           | 0.045      |
----------------------------------------
Early stopping at step 4 due to reaching max kl: 0.81
PPO progress: 173000/1000000 (17%) | ep_rew_mean=156.87 | ep_len_mean=266 | episodes=100 | fps=39
----------------------------------------
| rollout/                |            |
|    ep_len_mean          | 266        |
|    ep_rew_mean          | 157        |
| time/                   |            |
|    fps                  | 39         |
|    iterations           | 169        |
|    time_elapsed         | 4437       |
|    total_timesteps      | 173056     |
| train/                  |            |
|    approx_kl            | 0.31102887 |
|    clip_fraction        | 0.515      |
|    clip_range           | 0.2        |
|    clip_range_vf        | 0.2        |
|    entropy_loss         | 0.658      |
|    explained_variance   | 0.962      |
|    learning_rate        | 0.000248   |
|    loss                 | -0.0686    |
|    n_updates            | 1431       |
|    policy_gradient_loss | -0.0276    |
|    std                  | 0.174      |
|    value_loss           | 0.0247     |
----------------------------------------
Early stopping at step 2 due to reaching max kl: 1.18
PPO progress: 174000/1000000 (17%) | ep_rew_mean=162.87 | ep_len_mean=276 | episodes=100 | fps=39
--------------------------------------
| rollout/                |          |
|    ep_len_mean          | 276      |
|    ep_rew_mean          | 163      |
| time/                   |          |
|    fps                  | 39       |
|    iterations           | 170      |
|    time_elapsed         | 4463     |
|    total_timesteps      | 174080   |
| train/                  |          |
|    approx_kl            | 0.428161 |
|    clip_fraction        | 0.504    |
|    clip_range           | 0.2      |
|    clip_range_vf        | 0.2      |
|    entropy_loss         | 0.656    |
|    explained_variance   | 0.921    |
|    learning_rate        | 0.000248 |
|    loss                 | -0.043   |
|    n_updates            | 1434     |
|    policy_gradient_loss | -0.0169  |
|    std                  | 0.174    |
|    value_loss           | 0.0794   |
--------------------------------------
Early stopping at step 5 due to reaching max kl: 0.86
PPO progress: 175000/1000000 (18%) | ep_rew_mean=159.29 | ep_len_mean=267 | episodes=100 | fps=39
---------------------------------------
| rollout/                |           |
|    ep_len_mean          | 270       |
|    ep_rew_mean          | 162       |
| time/                   |           |
|    fps                  | 39        |
|    iterations           | 171       |
|    time_elapsed         | 4489      |
|    total_timesteps      | 175104    |
| train/                  |           |
|    approx_kl            | 0.4238636 |
|    clip_fraction        | 0.516     |
|    clip_range           | 0.2       |
|    clip_range_vf        | 0.2       |
|    entropy_loss         | 0.658     |
|    explained_variance   | 0.748     |
|    learning_rate        | 0.000248  |
|    loss                 | -0.0434   |
|    n_updates            | 1440      |
|    policy_gradient_loss | -0.032    |
|    std                  | 0.174     |
|    value_loss           | 0.0929    |
---------------------------------------
Early stopping at step 0 due to reaching max kl: 1.18
PPO progress: 176000/1000000 (18%) | ep_rew_mean=164.38 | ep_len_mean=276 | episodes=100 | fps=39
----------------------------------------
| rollout/                |            |
|    ep_len_mean          | 276        |
|    ep_rew_mean          | 164        |
| time/                   |            |
|    fps                  | 39         |
|    iterations           | 172        |
|    time_elapsed         | 4515       |
|    total_timesteps      | 176128     |
| train/                  |            |
|    approx_kl            | 0.17187306 |
|    clip_fraction        | 0.4        |
|    clip_range           | 0.2        |
|    clip_range_vf        | 0.2        |
|    entropy_loss         | 0.668      |
|    explained_variance   | 0.895      |
|    learning_rate        | 0.000247   |
|    loss                 | 0.137      |
|    n_updates            | 1441       |
|    policy_gradient_loss | 0.0306     |
|    std                  | 0.173      |
|    value_loss           | 0.108      |
----------------------------------------
Early stopping at step 8 due to reaching max kl: 1.04
PPO progress: 177000/1000000 (18%) | ep_rew_mean=160.10 | ep_len_mean=269 | episodes=100 | fps=39
----------------------------------------
| rollout/                |            |
|    ep_len_mean          | 268        |
|    ep_rew_mean          | 160        |
| time/                   |            |
|    fps                  | 39         |
|    iterations           | 173        |
|    time_elapsed         | 4542       |
|    total_timesteps      | 177152     |
| train/                  |            |
|    approx_kl            | 0.48985678 |
|    clip_fraction        | 0.563      |
|    clip_range           | 0.2        |
|    clip_range_vf        | 0.2        |
|    entropy_loss         | 0.675      |
|    explained_variance   | 0.86       |
|    learning_rate        | 0.000247   |
|    loss                 | -0.0969    |
|    n_updates            | 1450       |
|    policy_gradient_loss | -0.0606    |
|    std                  | 0.171      |
|    value_loss           | 0.012      |
----------------------------------------
Early stopping at step 6 due to reaching max kl: 0.95
PPO progress: 178000/1000000 (18%) | ep_rew_mean=155.38 | ep_len_mean=261 | episodes=100 | fps=39
----------------------------------------
| rollout/                |            |
|    ep_len_mean          | 261        |
|    ep_rew_mean          | 155        |
| time/                   |            |
|    fps                  | 39         |
|    iterations           | 174        |
|    time_elapsed         | 4568       |
|    total_timesteps      | 178176     |
| train/                  |            |
|    approx_kl            | 0.52713615 |
|    clip_fraction        | 0.568      |
|    clip_range           | 0.2        |
|    clip_range_vf        | 0.2        |
|    entropy_loss         | 0.699      |
|    explained_variance   | 0.862      |
|    learning_rate        | 0.000247   |
|    loss                 | -0.058     |
|    n_updates            | 1457       |
|    policy_gradient_loss | -0.0517    |
|    std                  | 0.17       |
|    value_loss           | 0.0786     |
----------------------------------------
Early stopping at step 1 due to reaching max kl: 1.45
PPO progress: 179000/1000000 (18%) | ep_rew_mean=158.00 | ep_len_mean=266 | episodes=100 | fps=39
----------------------------------------
| rollout/                |            |
|    ep_len_mean          | 262        |
|    ep_rew_mean          | 156        |
| time/                   |            |
|    fps                  | 39         |
|    iterations           | 175        |
|    time_elapsed         | 4594       |
|    total_timesteps      | 179200     |
| train/                  |            |
|    approx_kl            | 0.38994056 |
|    clip_fraction        | 0.433      |
|    clip_range           | 0.2        |
|    clip_range_vf        | 0.2        |
|    entropy_loss         | 0.712      |
|    explained_variance   | 0.789      |
|    learning_rate        | 0.000247   |
|    loss                 | 0.0218     |
|    n_updates            | 1459       |
|    policy_gradient_loss | 0.0309     |
|    std                  | 0.17       |
|    value_loss           | 0.069      |
----------------------------------------
Early stopping at step 2 due to reaching max kl: 0.93
PPO progress: 180000/1000000 (18%) | ep_rew_mean=158.84 | ep_len_mean=268 | episodes=100 | fps=39
----------------------------------------
| rollout/                |            |
|    ep_len_mean          | 270        |
|    ep_rew_mean          | 160        |
| time/                   |            |
|    fps                  | 39         |
|    iterations           | 176        |
|    time_elapsed         | 4619       |
|    total_timesteps      | 180224     |
| train/                  |            |
|    approx_kl            | 0.32904053 |
|    clip_fraction        | 0.466      |
|    clip_range           | 0.2        |
|    clip_range_vf        | 0.2        |
|    entropy_loss         | 0.711      |
|    explained_variance   | 0.845      |
|    learning_rate        | 0.000246   |
|    loss                 | -0.0148    |
|    n_updates            | 1462       |
|    policy_gradient_loss | -0.00407   |
|    std                  | 0.17       |
|    value_loss           | 0.0858     |
----------------------------------------
Early stopping at step 3 due to reaching max kl: 0.76
PPO progress: 181000/1000000 (18%) | ep_rew_mean=165.81 | ep_len_mean=278 | episodes=100 | fps=39
---------------------------------------
| rollout/                |           |
|    ep_len_mean          | 279       |
|    ep_rew_mean          | 166       |
| time/                   |           |
|    fps                  | 39        |
|    iterations           | 177       |
|    time_elapsed         | 4645      |
|    total_timesteps      | 181248    |
| train/                  |           |
|    approx_kl            | 0.4819599 |
|    clip_fraction        | 0.501     |
|    clip_range           | 0.2       |
|    clip_range_vf        | 0.2       |
|    entropy_loss         | 0.711     |
|    explained_variance   | 0.709     |
|    learning_rate        | 0.000246  |
|    loss                 | -0.0399   |
|    n_updates            | 1466      |
|    policy_gradient_loss | 0.00917   |
|    std                  | 0.17      |
|    value_loss           | 0.0415    |
---------------------------------------
Early stopping at step 7 due to reaching max kl: 0.78
PPO progress: 182000/1000000 (18%) | ep_rew_mean=162.67 | ep_len_mean=269 | episodes=100 | fps=39
----------------------------------------
| rollout/                |            |
|    ep_len_mean          | 271        |
|    ep_rew_mean          | 163        |
| time/                   |            |
|    fps                  | 39         |
|    iterations           | 178        |
|    time_elapsed         | 4672       |
|    total_timesteps      | 182272     |
| train/                  |            |
|    approx_kl            | 0.49444675 |
|    clip_fraction        | 0.6        |
|    clip_range           | 0.2        |
|    clip_range_vf        | 0.2        |
|    entropy_loss         | 0.715      |
|    explained_variance   | 0.872      |
|    learning_rate        | 0.000246   |
|    loss                 | -0.0553    |
|    n_updates            | 1474       |
|    policy_gradient_loss | -0.0371    |
|    std                  | 0.169      |
|    value_loss           | 0.0477     |
----------------------------------------
Early stopping at step 1 due to reaching max kl: 0.99
PPO progress: 183000/1000000 (18%) | ep_rew_mean=156.22 | ep_len_mean=257 | episodes=100 | fps=39
----------------------------------------
| rollout/                |            |
|    ep_len_mean          | 241        |
|    ep_rew_mean          | 149        |
| time/                   |            |
|    fps                  | 39         |
|    iterations           | 179        |
|    time_elapsed         | 4698       |
|    total_timesteps      | 183296     |
| train/                  |            |
|    approx_kl            | 0.35369676 |
|    clip_fraction        | 0.459      |
|    clip_range           | 0.2        |
|    clip_range_vf        | 0.2        |
|    entropy_loss         | 0.724      |
|    explained_variance   | 0.672      |
|    learning_rate        | 0.000245   |
|    loss                 | 0.0952     |
|    n_updates            | 1476       |
|    policy_gradient_loss | 0.0226     |
|    std                  | 0.169      |
|    value_loss           | 0.199      |
----------------------------------------
Early stopping at step 7 due to reaching max kl: 1.01
PPO progress: 184000/1000000 (18%) | ep_rew_mean=145.24 | ep_len_mean=233 | episodes=100 | fps=39
----------------------------------------
| rollout/                |            |
|    ep_len_mean          | 221        |
|    ep_rew_mean          | 140        |
| time/                   |            |
|    fps                  | 39         |
|    iterations           | 180        |
|    time_elapsed         | 4724       |
|    total_timesteps      | 184320     |
| train/                  |            |
|    approx_kl            | 0.45743325 |
|    clip_fraction        | 0.585      |
|    clip_range           | 0.2        |
|    clip_range_vf        | 0.2        |
|    entropy_loss         | 0.733      |
|    explained_variance   | 0.776      |
|    learning_rate        | 0.000245   |
|    loss                 | 0.0183     |
|    n_updates            | 1484       |
|    policy_gradient_loss | -0.0522    |
|    std                  | 0.166      |
|    value_loss           | 0.117      |
----------------------------------------
Early stopping at step 2 due to reaching max kl: 0.92
PPO progress: 185000/1000000 (18%) | ep_rew_mean=134.90 | ep_len_mean=218 | episodes=100 | fps=39
---------------------------------------
| rollout/                |           |
|    ep_len_mean          | 223       |
|    ep_rew_mean          | 137       |
| time/                   |           |
|    fps                  | 39        |
|    iterations           | 181       |
|    time_elapsed         | 4750      |
|    total_timesteps      | 185344    |
| train/                  |           |
|    approx_kl            | 0.2635366 |
|    clip_fraction        | 0.45      |
|    clip_range           | 0.2       |
|    clip_range_vf        | 0.2       |
|    entropy_loss         | 0.759     |
|    explained_variance   | 0.94      |
|    learning_rate        | 0.000245  |
|    loss                 | -0.000894 |
|    n_updates            | 1487      |
|    policy_gradient_loss | -0.0191   |
|    std                  | 0.166     |
|    value_loss           | 0.042     |
---------------------------------------
Early stopping at step 1 due to reaching max kl: 0.90
PPO progress: 186000/1000000 (19%) | ep_rew_mean=127.62 | ep_len_mean=207 | episodes=100 | fps=39
----------------------------------------
| rollout/                |            |
|    ep_len_mean          | 204        |
|    ep_rew_mean          | 125        |
| time/                   |            |
|    fps                  | 39         |
|    iterations           | 182        |
|    time_elapsed         | 4776       |
|    total_timesteps      | 186368     |
| train/                  |            |
|    approx_kl            | 0.43443713 |
|    clip_fraction        | 0.373      |
|    clip_range           | 0.2        |
|    clip_range_vf        | 0.2        |
|    entropy_loss         | 0.76       |
|    explained_variance   | 0.866      |
|    learning_rate        | 0.000244   |
|    loss                 | 0.126      |
|    n_updates            | 1489       |
|    policy_gradient_loss | 0.00341    |
|    std                  | 0.166      |
|    value_loss           | 0.112      |
----------------------------------------
Early stopping at step 2 due to reaching max kl: 0.86
PPO progress: 187000/1000000 (19%) | ep_rew_mean=123.79 | ep_len_mean=200 | episodes=100 | fps=39
---------------------------------------
| rollout/                |           |
|    ep_len_mean          | 200       |
|    ep_rew_mean          | 124       |
| time/                   |           |
|    fps                  | 39        |
|    iterations           | 183       |
|    time_elapsed         | 4801      |
|    total_timesteps      | 187392    |
| train/                  |           |
|    approx_kl            | 0.3336614 |
|    clip_fraction        | 0.465     |
|    clip_range           | 0.2       |
|    clip_range_vf        | 0.2       |
|    entropy_loss         | 0.76      |
|    explained_variance   | 0.901     |
|    learning_rate        | 0.000244  |
|    loss                 | -0.00404  |
|    n_updates            | 1492      |
|    policy_gradient_loss | -0.0115   |
|    std                  | 0.166     |
|    value_loss           | 0.0383    |
---------------------------------------
Early stopping at step 8 due to reaching max kl: 0.77
PPO progress: 188000/1000000 (19%) | ep_rew_mean=121.78 | ep_len_mean=195 | episodes=100 | fps=39
--------------------------------------
| rollout/                |          |
|    ep_len_mean          | 190      |
|    ep_rew_mean          | 119      |
| time/                   |          |
|    fps                  | 39       |
|    iterations           | 184      |
|    time_elapsed         | 4827     |
|    total_timesteps      | 188416   |
| train/                  |          |
|    approx_kl            | 0.392747 |
|    clip_fraction        | 0.598    |
|    clip_range           | 0.2      |
|    clip_range_vf        | 0.2      |
|    entropy_loss         | 0.763    |
|    explained_variance   | 0.899    |
|    learning_rate        | 0.000244 |
|    loss                 | -0.0536  |
|    n_updates            | 1501     |
|    policy_gradient_loss | -0.0478  |
|    std                  | 0.164    |
|    value_loss           | 0.0209   |
--------------------------------------
Early stopping at step 1 due to reaching max kl: 1.10
PPO progress: 189000/1000000 (19%) | ep_rew_mean=117.62 | ep_len_mean=189 | episodes=100 | fps=39
----------------------------------------
| rollout/                |            |
|    ep_len_mean          | 195        |
|    ep_rew_mean          | 120        |
| time/                   |            |
|    fps                  | 39         |
|    iterations           | 185        |
|    time_elapsed         | 4853       |
|    total_timesteps      | 189440     |
| train/                  |            |
|    approx_kl            | 0.38607636 |
|    clip_fraction        | 0.359      |
|    clip_range           | 0.2        |
|    clip_range_vf        | 0.2        |
|    entropy_loss         | 0.775      |
|    explained_variance   | 0.908      |
|    learning_rate        | 0.000243   |
|    loss                 | 0.0279     |
|    n_updates            | 1503       |
|    policy_gradient_loss | 0.023      |
|    std                  | 0.164      |
|    value_loss           | 0.0843     |
----------------------------------------
Early stopping at step 4 due to reaching max kl: 0.84
PPO progress: 190000/1000000 (19%) | ep_rew_mean=114.97 | ep_len_mean=189 | episodes=100 | fps=39
----------------------------------------
| rollout/                |            |
|    ep_len_mean          | 177        |
|    ep_rew_mean          | 109        |
| time/                   |            |
|    fps                  | 39         |
|    iterations           | 186        |
|    time_elapsed         | 4878       |
|    total_timesteps      | 190464     |
| train/                  |            |
|    approx_kl            | 0.37193897 |
|    clip_fraction        | 0.503      |
|    clip_range           | 0.2        |
|    clip_range_vf        | 0.2        |
|    entropy_loss         | 0.775      |
|    explained_variance   | 0.501      |
|    learning_rate        | 0.000243   |
|    loss                 | -0.039     |
|    n_updates            | 1508       |
|    policy_gradient_loss | -0.0322    |
|    std                  | 0.164      |
|    value_loss           | 0.0821     |
----------------------------------------
Early stopping at step 2 due to reaching max kl: 1.03
PPO progress: 191000/1000000 (19%) | ep_rew_mean=109.29 | ep_len_mean=177 | episodes=100 | fps=39
----------------------------------------
| rollout/                |            |
|    ep_len_mean          | 185        |
|    ep_rew_mean          | 114        |
| time/                   |            |
|    fps                  | 39         |
|    iterations           | 187        |
|    time_elapsed         | 4904       |
|    total_timesteps      | 191488     |
| train/                  |            |
|    approx_kl            | 0.48354092 |
|    clip_fraction        | 0.456      |
|    clip_range           | 0.2        |
|    clip_range_vf        | 0.2        |
|    entropy_loss         | 0.782      |
|    explained_variance   | 0.885      |
|    learning_rate        | 0.000243   |
|    loss                 | -0.0559    |
|    n_updates            | 1511       |
|    policy_gradient_loss | -0.0127    |
|    std                  | 0.164      |
|    value_loss           | 0.0708     |
----------------------------------------
Early stopping at step 3 due to reaching max kl: 0.96
PPO progress: 192000/1000000 (19%) | ep_rew_mean=111.20 | ep_len_mean=181 | episodes=100 | fps=39
----------------------------------------
| rollout/                |            |
|    ep_len_mean          | 182        |
|    ep_rew_mean          | 113        |
| time/                   |            |
|    fps                  | 39         |
|    iterations           | 188        |
|    time_elapsed         | 4930       |
|    total_timesteps      | 192512     |
| train/                  |            |
|    approx_kl            | 0.30055928 |
|    clip_fraction        | 0.502      |
|    clip_range           | 0.2        |
|    clip_range_vf        | 0.2        |
|    entropy_loss         | 0.78       |
|    explained_variance   | 0.909      |
|    learning_rate        | 0.000243   |
|    loss                 | -0.0565    |
|    n_updates            | 1515       |
|    policy_gradient_loss | -0.0184    |
|    std                  | 0.164      |
|    value_loss           | 0.0347     |
----------------------------------------
Early stopping at step 6 due to reaching max kl: 0.80
PPO progress: 193000/1000000 (19%) | ep_rew_mean=110.82 | ep_len_mean=179 | episodes=100 | fps=39
----------------------------------------
| rollout/                |            |
|    ep_len_mean          | 173        |
|    ep_rew_mean          | 110        |
| time/                   |            |
|    fps                  | 39         |
|    iterations           | 189        |
|    time_elapsed         | 4956       |
|    total_timesteps      | 193536     |
| train/                  |            |
|    approx_kl            | 0.69101703 |
|    clip_fraction        | 0.525      |
|    clip_range           | 0.2        |
|    clip_range_vf        | 0.2        |
|    entropy_loss         | 0.784      |
|    explained_variance   | 0.833      |
|    learning_rate        | 0.000242   |
|    loss                 | -0.018     |
|    n_updates            | 1522       |
|    policy_gradient_loss | -0.0455    |
|    std                  | 0.163      |
|    value_loss           | 0.0994     |
----------------------------------------
Early stopping at step 1 due to reaching max kl: 1.31
PPO progress: 194000/1000000 (19%) | ep_rew_mean=109.74 | ep_len_mean=173 | episodes=100 | fps=39
---------------------------------------
| rollout/                |           |
|    ep_len_mean          | 174       |
|    ep_rew_mean          | 111       |
| time/                   |           |
|    fps                  | 39        |
|    iterations           | 190       |
|    time_elapsed         | 4982      |
|    total_timesteps      | 194560    |
| train/                  |           |
|    approx_kl            | 0.2395321 |
|    clip_fraction        | 0.415     |
|    clip_range           | 0.2       |
|    clip_range_vf        | 0.2       |
|    entropy_loss         | 0.799     |
|    explained_variance   | 0.819     |
|    learning_rate        | 0.000242  |
|    loss                 | 0.0487    |
|    n_updates            | 1524      |
|    policy_gradient_loss | 0.0112    |
|    std                  | 0.162     |
|    value_loss           | 0.148     |
---------------------------------------
Early stopping at step 9 due to reaching max kl: 0.84
PPO progress: 195000/1000000 (20%) | ep_rew_mean=112.25 | ep_len_mean=175 | episodes=100 | fps=39
----------------------------------------
| rollout/                |            |
|    ep_len_mean          | 175        |
|    ep_rew_mean          | 111        |
| time/                   |            |
|    fps                  | 39         |
|    iterations           | 191        |
|    time_elapsed         | 5008       |
|    total_timesteps      | 195584     |
| train/                  |            |
|    approx_kl            | 0.50814337 |
|    clip_fraction        | 0.617      |
|    clip_range           | 0.2        |
|    clip_range_vf        | 0.2        |
|    entropy_loss         | 0.806      |
|    explained_variance   | 0.947      |
|    learning_rate        | 0.000242   |
|    loss                 | -0.052     |
|    n_updates            | 1534       |
|    policy_gradient_loss | -0.0768    |
|    std                  | 0.16       |
|    value_loss           | 0.031      |
----------------------------------------
Early stopping at step 3 due to reaching max kl: 0.75
PPO progress: 196000/1000000 (20%) | ep_rew_mean=110.75 | ep_len_mean=176 | episodes=100 | fps=39
----------------------------------------
| rollout/                |            |
|    ep_len_mean          | 176        |
|    ep_rew_mean          | 111        |
| time/                   |            |
|    fps                  | 39         |
|    iterations           | 192        |
|    time_elapsed         | 5034       |
|    total_timesteps      | 196608     |
| train/                  |            |
|    approx_kl            | 0.61113745 |
|    clip_fraction        | 0.508      |
|    clip_range           | 0.2        |
|    clip_range_vf        | 0.2        |
|    entropy_loss         | 0.833      |
|    explained_variance   | 0.629      |
|    learning_rate        | 0.000241   |
|    loss                 | -0.0474    |
|    n_updates            | 1538       |
|    policy_gradient_loss | -0.00529   |
|    std                  | 0.159      |
|    value_loss           | 0.104      |
----------------------------------------
Early stopping at step 5 due to reaching max kl: 0.87
PPO progress: 197000/1000000 (20%) | ep_rew_mean=114.87 | ep_len_mean=179 | episodes=100 | fps=39
----------------------------------------
| rollout/                |            |
|    ep_len_mean          | 175        |
|    ep_rew_mean          | 112        |
| time/                   |            |
|    fps                  | 39         |
|    iterations           | 193        |
|    time_elapsed         | 5060       |
|    total_timesteps      | 197632     |
| train/                  |            |
|    approx_kl            | 0.45026255 |
|    clip_fraction        | 0.605      |
|    clip_range           | 0.2        |
|    clip_range_vf        | 0.2        |
|    entropy_loss         | 0.837      |
|    explained_variance   | 0.935      |
|    learning_rate        | 0.000241   |
|    loss                 | -0.0964    |
|    n_updates            | 1544       |
|    policy_gradient_loss | -0.0188    |
|    std                  | 0.159      |
|    value_loss           | 0.02       |
----------------------------------------
Early stopping at step 1 due to reaching max kl: 0.79
PPO progress: 198000/1000000 (20%) | ep_rew_mean=110.81 | ep_len_mean=172 | episodes=100 | fps=39
----------------------------------------
| rollout/                |            |
|    ep_len_mean          | 171        |
|    ep_rew_mean          | 109        |
| time/                   |            |
|    fps                  | 39         |
|    iterations           | 194        |
|    time_elapsed         | 5086       |
|    total_timesteps      | 198656     |
| train/                  |            |
|    approx_kl            | 0.42404196 |
|    clip_fraction        | 0.407      |
|    clip_range           | 0.2        |
|    clip_range_vf        | 0.2        |
|    entropy_loss         | 0.837      |
|    explained_variance   | 0.834      |
|    learning_rate        | 0.000241   |
|    loss                 | 0.0621     |
|    n_updates            | 1546       |
|    policy_gradient_loss | 0.015      |
|    std                  | 0.159      |
|    value_loss           | 0.097      |
----------------------------------------
Early stopping at step 2 due to reaching max kl: 1.87
PPO progress: 199000/1000000 (20%) | ep_rew_mean=109.13 | ep_len_mean=172 | episodes=100 | fps=39
----------------------------------------
| rollout/                |            |
|    ep_len_mean          | 179        |
|    ep_rew_mean          | 115        |
| time/                   |            |
|    fps                  | 39         |
|    iterations           | 195        |
|    time_elapsed         | 5112       |
|    total_timesteps      | 199680     |
| train/                  |            |
|    approx_kl            | 0.43851435 |
|    clip_fraction        | 0.484      |
|    clip_range           | 0.2        |
|    clip_range_vf        | 0.2        |
|    entropy_loss         | 0.836      |
|    explained_variance   | 0.669      |
|    learning_rate        | 0.00024    |
|    loss                 | 0.0759     |
|    n_updates            | 1549       |
|    policy_gradient_loss | -0.00207   |
|    std                  | 0.159      |
|    value_loss           | 0.118      |
----------------------------------------
Early stopping at step 6 due to reaching max kl: 0.85
PPO progress: 200000/1000000 (20%) | ep_rew_mean=115.54 | ep_len_mean=178 | episodes=100 | fps=39
----------------------------------------
| rollout/                |            |
|    ep_len_mean          | 180        |
|    ep_rew_mean          | 115        |
| time/                   |            |
|    fps                  | 39         |
|    iterations           | 196        |
|    time_elapsed         | 5140       |
|    total_timesteps      | 200704     |
| train/                  |            |
|    approx_kl            | 0.40221816 |
|    clip_fraction        | 0.592      |
|    clip_range           | 0.2        |
|    clip_range_vf        | 0.2        |
|    entropy_loss         | 0.835      |
|    explained_variance   | 0.867      |
|    learning_rate        | 0.00024    |
|    loss                 | -0.0327    |
|    n_updates            | 1556       |
|    policy_gradient_loss | -0.0486    |
|    std                  | 0.159      |
|    value_loss           | 0.0598     |
----------------------------------------
Early stopping at step 3 due to reaching max kl: 0.84
PPO progress: 201000/1000000 (20%) | ep_rew_mean=116.00 | ep_len_mean=180 | episodes=100 | fps=39
---------------------------------------
| rollout/                |           |
|    ep_len_mean          | 183       |
|    ep_rew_mean          | 116       |
| time/                   |           |
|    fps                  | 39        |
|    iterations           | 197       |
|    time_elapsed         | 5167      |
|    total_timesteps      | 201728    |
| train/                  |           |
|    approx_kl            | 0.3580061 |
|    clip_fraction        | 0.531     |
|    clip_range           | 0.2       |
|    clip_range_vf        | 0.2       |
|    entropy_loss         | 0.844     |
|    explained_variance   | 0.732     |
|    learning_rate        | 0.00024   |
|    loss                 | 0.16      |
|    n_updates            | 1560      |
|    policy_gradient_loss | -0.0162   |
|    std                  | 0.159     |
|    value_loss           | 0.19      |
---------------------------------------
Early stopping at step 9 due to reaching max kl: 0.86
PPO progress: 202000/1000000 (20%) | ep_rew_mean=113.68 | ep_len_mean=179 | episodes=100 | fps=39
----------------------------------------
| rollout/                |            |
|    ep_len_mean          | 187        |
|    ep_rew_mean          | 118        |
| time/                   |            |
|    fps                  | 39         |
|    iterations           | 198        |
|    time_elapsed         | 5195       |
|    total_timesteps      | 202752     |
| train/                  |            |
|    approx_kl            | 0.40284544 |
|    clip_fraction        | 0.605      |
|    clip_range           | 0.2        |
|    clip_range_vf        | 0.2        |
|    entropy_loss         | 0.847      |
|    explained_variance   | 0.799      |
|    learning_rate        | 0.000239   |
|    loss                 | -0.0221    |
|    n_updates            | 1570       |
|    policy_gradient_loss | -0.0545    |
|    std                  | 0.157      |
|    value_loss           | 0.105      |
----------------------------------------
Early stopping at step 5 due to reaching max kl: 1.03
PPO progress: 203000/1000000 (20%) | ep_rew_mean=118.24 | ep_len_mean=187 | episodes=100 | fps=39
----------------------------------------
| rollout/                |            |
|    ep_len_mean          | 194        |
|    ep_rew_mean          | 121        |
| time/                   |            |
|    fps                  | 39         |
|    iterations           | 199        |
|    time_elapsed         | 5224       |
|    total_timesteps      | 203776     |
| train/                  |            |
|    approx_kl            | 0.50119567 |
|    clip_fraction        | 0.584      |
|    clip_range           | 0.2        |
|    clip_range_vf        | 0.2        |
|    entropy_loss         | 0.866      |
|    explained_variance   | 0.922      |
|    learning_rate        | 0.000239   |
|    loss                 | -0.0326    |
|    n_updates            | 1576       |
|    policy_gradient_loss | -0.0331    |
|    std                  | 0.157      |
|    value_loss           | 0.037      |
----------------------------------------
Early stopping at step 1 due to reaching max kl: 1.27
PPO progress: 204000/1000000 (20%) | ep_rew_mean=123.35 | ep_len_mean=196 | episodes=100 | fps=38
---------------------------------------
| rollout/                |           |
|    ep_len_mean          | 201       |
|    ep_rew_mean          | 125       |
| time/                   |           |
|    fps                  | 38        |
|    iterations           | 200       |
|    time_elapsed         | 5254      |
|    total_timesteps      | 204800    |
| train/                  |           |
|    approx_kl            | 0.5087444 |
|    clip_fraction        | 0.373     |
|    clip_range           | 0.2       |
|    clip_range_vf        | 0.2       |
|    entropy_loss         | 0.872     |
|    explained_variance   | 0.92      |
|    learning_rate        | 0.000239  |
|    loss                 | 0.0166    |
|    n_updates            | 1578      |
|    policy_gradient_loss | 0.0277    |
|    std                  | 0.157     |
|    value_loss           | 0.0536    |
---------------------------------------
PPO progress: 205000/1000000 (20%) | ep_rew_mean=122.01 | ep_len_mean=196 | episodes=100 | fps=38
---------------------------------------
| rollout/                |           |
|    ep_len_mean          | 203       |
|    ep_rew_mean          | 125       |
| time/                   |           |
|    fps                  | 38        |
|    iterations           | 201       |
|    time_elapsed         | 5284      |
|    total_timesteps      | 205824    |
| train/                  |           |
|    approx_kl            | 0.3680023 |
|    clip_fraction        | 0.605     |
|    clip_range           | 0.2       |
|    clip_range_vf        | 0.2       |
|    entropy_loss         | 0.882     |
|    explained_variance   | 0.455     |
|    learning_rate        | 0.000239  |
|    loss                 | -0.00214  |
|    n_updates            | 1588      |
|    policy_gradient_loss | -0.0447   |
|    std                  | 0.154     |
|    value_loss           | 0.134     |
---------------------------------------
Early stopping at step 1 due to reaching max kl: 0.88
PPO progress: 206000/1000000 (21%) | ep_rew_mean=125.27 | ep_len_mean=203 | episodes=100 | fps=38
----------------------------------------
| rollout/                |            |
|    ep_len_mean          | 209        |
|    ep_rew_mean          | 129        |
| time/                   |            |
|    fps                  | 38         |
|    iterations           | 202        |
|    time_elapsed         | 5314       |
|    total_timesteps      | 206848     |
| train/                  |            |
|    approx_kl            | 0.35929927 |
|    clip_fraction        | 0.42       |
|    clip_range           | 0.2        |
|    clip_range_vf        | 0.2        |
|    entropy_loss         | 0.91       |
|    explained_variance   | 0.751      |
|    learning_rate        | 0.000238   |
|    loss                 | 0.0371     |
|    n_updates            | 1590       |
|    policy_gradient_loss | 0.0362     |
|    std                  | 0.154      |
|    value_loss           | 0.0487     |
----------------------------------------
Early stopping at step 4 due to reaching max kl: 0.78
PPO progress: 207000/1000000 (21%) | ep_rew_mean=128.58 | ep_len_mean=209 | episodes=100 | fps=38
--------------------------------------
| rollout/                |          |
|    ep_len_mean          | 206      |
|    ep_rew_mean          | 129      |
| time/                   |          |
|    fps                  | 38       |
|    iterations           | 203      |
|    time_elapsed         | 5343     |
|    total_timesteps      | 207872   |
| train/                  |          |
|    approx_kl            | 0.392086 |
|    clip_fraction        | 0.532    |
|    clip_range           | 0.2      |
|    clip_range_vf        | 0.2      |
|    entropy_loss         | 0.908    |
|    explained_variance   | 0.866    |
|    learning_rate        | 0.000238 |
|    loss                 | -0.0701  |
|    n_updates            | 1595     |
|    policy_gradient_loss | -0.0231  |
|    std                  | 0.154    |
|    value_loss           | 0.0735   |
--------------------------------------
Early stopping at step 2 due to reaching max kl: 0.77
PPO progress: 208000/1000000 (21%) | ep_rew_mean=128.69 | ep_len_mean=206 | episodes=100 | fps=38
----------------------------------------
| rollout/                |            |
|    ep_len_mean          | 212        |
|    ep_rew_mean          | 133        |
| time/                   |            |
|    fps                  | 38         |
|    iterations           | 204        |
|    time_elapsed         | 5370       |
|    total_timesteps      | 208896     |
| train/                  |            |
|    approx_kl            | 0.26202685 |
|    clip_fraction        | 0.475      |
|    clip_range           | 0.2        |
|    clip_range_vf        | 0.2        |
|    entropy_loss         | 0.913      |
|    explained_variance   | 0.842      |
|    learning_rate        | 0.000238   |
|    loss                 | -0.0111    |
|    n_updates            | 1598       |
|    policy_gradient_loss | -0.0147    |
|    std                  | 0.153      |
|    value_loss           | 0.0724     |
----------------------------------------
Early stopping at step 6 due to reaching max kl: 0.90
PPO progress: 209000/1000000 (21%) | ep_rew_mean=133.04 | ep_len_mean=212 | episodes=100 | fps=38
----------------------------------------
| rollout/                |            |
|    ep_len_mean          | 217        |
|    ep_rew_mean          | 136        |
| time/                   |            |
|    fps                  | 38         |
|    iterations           | 205        |
|    time_elapsed         | 5399       |
|    total_timesteps      | 209920     |
| train/                  |            |
|    approx_kl            | 0.38004848 |
|    clip_fraction        | 0.569      |
|    clip_range           | 0.2        |
|    clip_range_vf        | 0.2        |
|    entropy_loss         | 0.918      |
|    explained_variance   | 0.904      |
|    learning_rate        | 0.000237   |
|    loss                 | -0.0759    |
|    n_updates            | 1605       |
|    policy_gradient_loss | -0.0599    |
|    std                  | 0.152      |
|    value_loss           | 0.0393     |
----------------------------------------
Early stopping at step 9 due to reaching max kl: 0.81
PPO progress: 210000/1000000 (21%) | ep_rew_mean=136.15 | ep_len_mean=217 | episodes=100 | fps=38
----------------------------------------
| rollout/                |            |
|    ep_len_mean          | 221        |
|    ep_rew_mean          | 138        |
| time/                   |            |
|    fps                  | 38         |
|    iterations           | 206        |
|    time_elapsed         | 5429       |
|    total_timesteps      | 210944     |
| train/                  |            |
|    approx_kl            | 0.44302034 |
|    clip_fraction        | 0.621      |
|    clip_range           | 0.2        |
|    clip_range_vf        | 0.2        |
|    entropy_loss         | 0.946      |
|    explained_variance   | 0.954      |
|    learning_rate        | 0.000237   |
|    loss                 | -0.0614    |
|    n_updates            | 1615       |
|    policy_gradient_loss | -0.0716    |
|    std                  | 0.149      |
|    value_loss           | 0.0177     |
----------------------------------------
Early stopping at step 6 due to reaching max kl: 0.81
PPO progress: 211000/1000000 (21%) | ep_rew_mean=137.78 | ep_len_mean=221 | episodes=100 | fps=38
----------------------------------------
| rollout/                |            |
|    ep_len_mean          | 232        |
|    ep_rew_mean          | 144        |
| time/                   |            |
|    fps                  | 38         |
|    iterations           | 207        |
|    time_elapsed         | 5459       |
|    total_timesteps      | 211968     |
| train/                  |            |
|    approx_kl            | 0.81167805 |
|    clip_fraction        | 0.541      |
|    clip_range           | 0.2        |
|    clip_range_vf        | 0.2        |
|    entropy_loss         | 0.978      |
|    explained_variance   | 0.622      |
|    learning_rate        | 0.000237   |
|    loss                 | 0.0756     |
|    n_updates            | 1622       |
|    policy_gradient_loss | -0.0242    |
|    std                  | 0.148      |
|    value_loss           | 0.158      |
----------------------------------------
PPO progress: 212000/1000000 (21%) | ep_rew_mean=143.65 | ep_len_mean=232 | episodes=100 | fps=38
----------------------------------------
| rollout/                |            |
|    ep_len_mean          | 241        |
|    ep_rew_mean          | 149        |
| time/                   |            |
|    fps                  | 38         |
|    iterations           | 208        |
|    time_elapsed         | 5489       |
|    total_timesteps      | 212992     |
| train/                  |            |
|    approx_kl            | 0.42822772 |
|    clip_fraction        | 0.642      |
|    clip_range           | 0.2        |
|    clip_range_vf        | 0.2        |
|    entropy_loss         | 0.989      |
|    explained_variance   | 0.958      |
|    learning_rate        | 0.000236   |
|    loss                 | -0.11      |
|    n_updates            | 1632       |
|    policy_gradient_loss | -0.0719    |
|    std                  | 0.147      |
|    value_loss           | 0.00999    |
----------------------------------------
Early stopping at step 3 due to reaching max kl: 0.95
PPO progress: 213000/1000000 (21%) | ep_rew_mean=148.69 | ep_len_mean=241 | episodes=100 | fps=38
PPO progress: 214000/1000000 (21%) | ep_rew_mean=148.95 | ep_len_mean=240 | episodes=100 | fps=38
----------------------------------------
| rollout/                |            |
|    ep_len_mean          | 240        |
|    ep_rew_mean          | 149        |
| time/                   |            |
|    fps                  | 38         |
|    iterations           | 209        |
|    time_elapsed         | 5515       |
|    total_timesteps      | 214016     |
| train/                  |            |
|    approx_kl            | 0.36350733 |
|    clip_fraction        | 0.496      |
|    clip_range           | 0.2        |
|    clip_range_vf        | 0.2        |
|    entropy_loss         | 1.01       |
|    explained_variance   | 0.963      |
|    learning_rate        | 0.000236   |
|    loss                 | -0.0496    |
|    n_updates            | 1636       |
|    policy_gradient_loss | -0.0219    |
|    std                  | 0.147      |
|    value_loss           | 0.01       |
----------------------------------------
PPO progress: 215000/1000000 (22%) | ep_rew_mean=149.89 | ep_len_mean=242 | episodes=100 | fps=38
----------------------------------------
| rollout/                |            |
|    ep_len_mean          | 242        |
|    ep_rew_mean          | 150        |
| time/                   |            |
|    fps                  | 38         |
|    iterations           | 210        |
|    time_elapsed         | 5541       |
|    total_timesteps      | 215040     |
| train/                  |            |
|    approx_kl            | 0.32621533 |
|    clip_fraction        | 0.603      |
|    clip_range           | 0.2        |
|    clip_range_vf        | 0.2        |
|    entropy_loss         | 1.01       |
|    explained_variance   | 0.962      |
|    learning_rate        | 0.000236   |
|    loss                 | -0.0664    |
|    n_updates            | 1646       |
|    policy_gradient_loss | -0.0718    |
|    std                  | 0.145      |
|    value_loss           | 0.00687    |
----------------------------------------
Early stopping at step 5 due to reaching max kl: 2.01
PPO progress: 216000/1000000 (22%) | ep_rew_mean=157.48 | ep_len_mean=257 | episodes=100 | fps=38
---------------------------------------
| rollout/                |           |
|    ep_len_mean          | 257       |
|    ep_rew_mean          | 157       |
| time/                   |           |
|    fps                  | 38        |
|    iterations           | 211       |
|    time_elapsed         | 5567      |
|    total_timesteps      | 216064    |
| train/                  |           |
|    approx_kl            | 0.4120884 |
|    clip_fraction        | 0.565     |
|    clip_range           | 0.2       |
|    clip_range_vf        | 0.2       |
|    entropy_loss         | 1.03      |
|    explained_variance   | 0.948     |
|    learning_rate        | 0.000235  |
|    loss                 | -0.0881   |
|    n_updates            | 1652      |
|    policy_gradient_loss | -0.0527   |
|    std                  | 0.144     |
|    value_loss           | 0.00926   |
---------------------------------------
PPO progress: 217000/1000000 (22%) | ep_rew_mean=157.19 | ep_len_mean=258 | episodes=100 | fps=38
----------------------------------------
| rollout/                |            |
|    ep_len_mean          | 266        |
|    ep_rew_mean          | 162        |
| time/                   |            |
|    fps                  | 38         |
|    iterations           | 212        |
|    time_elapsed         | 5593       |
|    total_timesteps      | 217088     |
| train/                  |            |
|    approx_kl            | 0.40069523 |
|    clip_fraction        | 0.627      |
|    clip_range           | 0.2        |
|    clip_range_vf        | 0.2        |
|    entropy_loss         | 1.05       |
|    explained_variance   | 0.928      |
|    learning_rate        | 0.000235   |
|    loss                 | -0.0658    |
|    n_updates            | 1662       |
|    policy_gradient_loss | -0.0589    |
|    std                  | 0.142      |
|    value_loss           | 0.0113     |
----------------------------------------
PPO progress: 218000/1000000 (22%) | ep_rew_mean=158.41 | ep_len_mean=262 | episodes=100 | fps=38
---------------------------------------
| rollout/                |           |
|    ep_len_mean          | 262       |
|    ep_rew_mean          | 158       |
| time/                   |           |
|    fps                  | 38        |
|    iterations           | 213       |
|    time_elapsed         | 5619      |
|    total_timesteps      | 218112    |
| train/                  |           |
|    approx_kl            | 0.4543142 |
|    clip_fraction        | 0.629     |
|    clip_range           | 0.2       |
|    clip_range_vf        | 0.2       |
|    entropy_loss         | 1.07      |
|    explained_variance   | 0.963     |
|    learning_rate        | 0.000235  |
|    loss                 | -0.0771   |
|    n_updates            | 1672      |
|    policy_gradient_loss | -0.0696   |
|    std                  | 0.14      |
|    value_loss           | 0.0119    |
---------------------------------------
Early stopping at step 2 due to reaching max kl: 0.79
PPO progress: 219000/1000000 (22%) | ep_rew_mean=161.89 | ep_len_mean=267 | episodes=100 | fps=38
----------------------------------------
| rollout/                |            |
|    ep_len_mean          | 267        |
|    ep_rew_mean          | 162        |
| time/                   |            |
|    fps                  | 38         |
|    iterations           | 214        |
|    time_elapsed         | 5645       |
|    total_timesteps      | 219136     |
| train/                  |            |
|    approx_kl            | 0.32755363 |
|    clip_fraction        | 0.46       |
|    clip_range           | 0.2        |
|    clip_range_vf        | 0.2        |
|    entropy_loss         | 1.1        |
|    explained_variance   | 0.971      |
|    learning_rate        | 0.000235   |
|    loss                 | 0.0622     |
|    n_updates            | 1675       |
|    policy_gradient_loss | -0.00492   |
|    std                  | 0.139      |
|    value_loss           | 0.00837    |
----------------------------------------
Early stopping at step 5 due to reaching max kl: 0.80
PPO progress: 220000/1000000 (22%) | ep_rew_mean=163.09 | ep_len_mean=269 | episodes=100 | fps=38
---------------------------------------
| rollout/                |           |
|    ep_len_mean          | 269       |
|    ep_rew_mean          | 163       |
| time/                   |           |
|    fps                  | 38        |
|    iterations           | 215       |
|    time_elapsed         | 5671      |
|    total_timesteps      | 220160    |
| train/                  |           |
|    approx_kl            | 0.5547997 |
|    clip_fraction        | 0.529     |
|    clip_range           | 0.2       |
|    clip_range_vf        | 0.2       |
|    entropy_loss         | 1.11      |
|    explained_variance   | 0.954     |
|    learning_rate        | 0.000234  |
|    loss                 | -0.0927   |
|    n_updates            | 1681      |
|    policy_gradient_loss | -0.0488   |
|    std                  | 0.139     |
|    value_loss           | 0.0173    |
---------------------------------------
Early stopping at step 1 due to reaching max kl: 1.64
PPO progress: 221000/1000000 (22%) | ep_rew_mean=169.83 | ep_len_mean=282 | episodes=100 | fps=38
---------------------------------------
| rollout/                |           |
|    ep_len_mean          | 282       |
|    ep_rew_mean          | 170       |
| time/                   |           |
|    fps                  | 38        |
|    iterations           | 216       |
|    time_elapsed         | 5698      |
|    total_timesteps      | 221184    |
| train/                  |           |
|    approx_kl            | 0.3054868 |
|    clip_fraction        | 0.397     |
|    clip_range           | 0.2       |
|    clip_range_vf        | 0.2       |
|    entropy_loss         | 1.12      |
|    explained_variance   | 0.878     |
|    learning_rate        | 0.000234  |
|    loss                 | -0.006    |
|    n_updates            | 1683      |
|    policy_gradient_loss | 0.00161   |
|    std                  | 0.138     |
|    value_loss           | 0.0289    |
---------------------------------------
PPO progress: 222000/1000000 (22%) | ep_rew_mean=173.32 | ep_len_mean=289 | episodes=100 | fps=38
----------------------------------------
| rollout/                |            |
|    ep_len_mean          | 289        |
|    ep_rew_mean          | 173        |
| time/                   |            |
|    fps                  | 38         |
|    iterations           | 217        |
|    time_elapsed         | 5725       |
|    total_timesteps      | 222208     |
| train/                  |            |
|    approx_kl            | 0.34805393 |
|    clip_fraction        | 0.626      |
|    clip_range           | 0.2        |
|    clip_range_vf        | 0.2        |
|    entropy_loss         | 1.13       |
|    explained_variance   | 0.956      |
|    learning_rate        | 0.000234   |
|    loss                 | -0.0955    |
|    n_updates            | 1693       |
|    policy_gradient_loss | -0.0657    |
|    std                  | 0.137      |
|    value_loss           | 0.00643    |
----------------------------------------
Early stopping at step 1 due to reaching max kl: 0.79
PPO progress: 223000/1000000 (22%) | ep_rew_mean=173.32 | ep_len_mean=289 | episodes=100 | fps=38
----------------------------------------
| rollout/                |            |
|    ep_len_mean          | 297        |
|    ep_rew_mean          | 176        |
| time/                   |            |
|    fps                  | 38         |
|    iterations           | 218        |
|    time_elapsed         | 5750       |
|    total_timesteps      | 223232     |
| train/                  |            |
|    approx_kl            | 0.20841691 |
|    clip_fraction        | 0.43       |
|    clip_range           | 0.2        |
|    clip_range_vf        | 0.2        |
|    entropy_loss         | 1.15       |
|    explained_variance   | 0.977      |
|    learning_rate        | 0.000233   |
|    loss                 | -0.0393    |
|    n_updates            | 1695       |
|    policy_gradient_loss | 0.0218     |
|    std                  | 0.137      |
|    value_loss           | 0.00938    |
----------------------------------------
Early stopping at step 7 due to reaching max kl: 0.79
PPO progress: 224000/1000000 (22%) | ep_rew_mean=175.96 | ep_len_mean=296 | episodes=100 | fps=38
---------------------------------------
| rollout/                |           |
|    ep_len_mean          | 294       |
|    ep_rew_mean          | 174       |
| time/                   |           |
|    fps                  | 38        |
|    iterations           | 219       |
|    time_elapsed         | 5776      |
|    total_timesteps      | 224256    |
| train/                  |           |
|    approx_kl            | 0.4392948 |
|    clip_fraction        | 0.61      |
|    clip_range           | 0.2       |
|    clip_range_vf        | 0.2       |
|    entropy_loss         | 1.15      |
|    explained_variance   | 0.968     |
|    learning_rate        | 0.000233  |
|    loss                 | -0.0954   |
|    n_updates            | 1703      |
|    policy_gradient_loss | -0.0493   |
|    std                  | 0.136     |
|    value_loss           | 0.00934   |
---------------------------------------
Early stopping at step 9 due to reaching max kl: 0.84
PPO progress: 225000/1000000 (22%) | ep_rew_mean=174.28 | ep_len_mean=294 | episodes=100 | fps=38
----------------------------------------
| rollout/                |            |
|    ep_len_mean          | 299        |
|    ep_rew_mean          | 177        |
| time/                   |            |
|    fps                  | 38         |
|    iterations           | 220        |
|    time_elapsed         | 5802       |
|    total_timesteps      | 225280     |
| train/                  |            |
|    approx_kl            | 0.48104414 |
|    clip_fraction        | 0.639      |
|    clip_range           | 0.2        |
|    clip_range_vf        | 0.2        |
|    entropy_loss         | 1.17       |
|    explained_variance   | 0.904      |
|    learning_rate        | 0.000233   |
|    loss                 | -0.0457    |
|    n_updates            | 1713       |
|    policy_gradient_loss | -0.0614    |
|    std                  | 0.133      |
|    value_loss           | 0.0237     |
----------------------------------------
Early stopping at step 1 due to reaching max kl: 1.32
PPO progress: 226000/1000000 (23%) | ep_rew_mean=180.36 | ep_len_mean=303 | episodes=100 | fps=38
----------------------------------------
| rollout/                |            |
|    ep_len_mean          | 310        |
|    ep_rew_mean          | 184        |
| time/                   |            |
|    fps                  | 38         |
|    iterations           | 221        |
|    time_elapsed         | 5828       |
|    total_timesteps      | 226304     |
| train/                  |            |
|    approx_kl            | 0.24595451 |
|    clip_fraction        | 0.441      |
|    clip_range           | 0.2        |
|    clip_range_vf        | 0.2        |
|    entropy_loss         | 1.2        |
|    explained_variance   | 0.957      |
|    learning_rate        | 0.000232   |
|    loss                 | -0.0315    |
|    n_updates            | 1715       |
|    policy_gradient_loss | 0.025      |
|    std                  | 0.133      |
|    value_loss           | 0.00864    |
----------------------------------------
Early stopping at step 2 due to reaching max kl: 0.91
PPO progress: 227000/1000000 (23%) | ep_rew_mean=177.55 | ep_len_mean=299 | episodes=100 | fps=38
----------------------------------------
| rollout/                |            |
|    ep_len_mean          | 303        |
|    ep_rew_mean          | 179        |
| time/                   |            |
|    fps                  | 38         |
|    iterations           | 222        |
|    time_elapsed         | 5854       |
|    total_timesteps      | 227328     |
| train/                  |            |
|    approx_kl            | 0.91377556 |
|    clip_fraction        | 0.432      |
|    clip_range           | 0.2        |
|    clip_range_vf        | 0.2        |
|    entropy_loss         | 1.2        |
|    explained_variance   | 0.802      |
|    learning_rate        | 0.000232   |
|    loss                 | 0.029      |
|    n_updates            | 1718       |
|    policy_gradient_loss | -0.00466   |
|    std                  | 0.133      |
|    value_loss           | 0.0702     |
----------------------------------------
Early stopping at step 0 due to reaching max kl: 1.22
PPO progress: 228000/1000000 (23%) | ep_rew_mean=181.17 | ep_len_mean=305 | episodes=100 | fps=38
----------------------------------------
| rollout/                |            |
|    ep_len_mean          | 308        |
|    ep_rew_mean          | 183        |
| time/                   |            |
|    fps                  | 38         |
|    iterations           | 223        |
|    time_elapsed         | 5879       |
|    total_timesteps      | 228352     |
| train/                  |            |
|    approx_kl            | 0.24991152 |
|    clip_fraction        | 0.301      |
|    clip_range           | 0.2        |
|    clip_range_vf        | 0.2        |
|    entropy_loss         | 1.2        |
|    explained_variance   | 0.975      |
|    learning_rate        | 0.000232   |
|    loss                 | 0.24       |
|    n_updates            | 1719       |
|    policy_gradient_loss | 0.0369     |
|    std                  | 0.133      |
|    value_loss           | 0.021      |
----------------------------------------
PPO progress: 229000/1000000 (23%) | ep_rew_mean=182.83 | ep_len_mean=307 | episodes=100 | fps=38
---------------------------------------
| rollout/                |           |
|    ep_len_mean          | 313       |
|    ep_rew_mean          | 186       |
| time/                   |           |
|    fps                  | 38        |
|    iterations           | 224       |
|    time_elapsed         | 5905      |
|    total_timesteps      | 229376    |
| train/                  |           |
|    approx_kl            | 0.2844933 |
|    clip_fraction        | 0.582     |
|    clip_range           | 0.2       |
|    clip_range_vf        | 0.2       |
|    entropy_loss         | 1.2       |
|    explained_variance   | 0.769     |
|    learning_rate        | 0.000231  |
|    loss                 | -0.0795   |
|    n_updates            | 1729      |
|    policy_gradient_loss | -0.0547   |
|    std                  | 0.131     |
|    value_loss           | 0.047     |
---------------------------------------
PPO progress: 230000/1000000 (23%) | ep_rew_mean=186.10 | ep_len_mean=313 | episodes=100 | fps=38
----------------------------------------
| rollout/                |            |
|    ep_len_mean          | 316        |
|    ep_rew_mean          | 189        |
| time/                   |            |
|    fps                  | 38         |
|    iterations           | 225        |
|    time_elapsed         | 5931       |
|    total_timesteps      | 230400     |
| train/                  |            |
|    approx_kl            | 0.31312716 |
|    clip_fraction        | 0.575      |
|    clip_range           | 0.2        |
|    clip_range_vf        | 0.2        |
|    entropy_loss         | 1.24       |
|    explained_variance   | 0.805      |
|    learning_rate        | 0.000231   |
|    loss                 | 0.0391     |
|    n_updates            | 1739       |
|    policy_gradient_loss | -0.0528    |
|    std                  | 0.129      |
|    value_loss           | 0.0836     |
----------------------------------------
PPO progress: 231000/1000000 (23%) | ep_rew_mean=186.42 | ep_len_mean=313 | episodes=100 | fps=38
----------------------------------------
| rollout/                |            |
|    ep_len_mean          | 313        |
|    ep_rew_mean          | 186        |
| time/                   |            |
|    fps                  | 38         |
|    iterations           | 226        |
|    time_elapsed         | 5957       |
|    total_timesteps      | 231424     |
| train/                  |            |
|    approx_kl            | 0.36474356 |
|    clip_fraction        | 0.61       |
|    clip_range           | 0.2        |
|    clip_range_vf        | 0.2        |
|    entropy_loss         | 1.27       |
|    explained_variance   | 0.877      |
|    learning_rate        | 0.000231   |
|    loss                 | -0.0729    |
|    n_updates            | 1749       |
|    policy_gradient_loss | -0.0604    |
|    std                  | 0.128      |
|    value_loss           | 0.0458     |
----------------------------------------
PPO progress: 232000/1000000 (23%) | ep_rew_mean=192.37 | ep_len_mean=323 | episodes=100 | fps=38
----------------------------------------
| rollout/                |            |
|    ep_len_mean          | 323        |
|    ep_rew_mean          | 192        |
| time/                   |            |
|    fps                  | 38         |
|    iterations           | 227        |
|    time_elapsed         | 5983       |
|    total_timesteps      | 232448     |
| train/                  |            |
|    approx_kl            | 0.43009895 |
|    clip_fraction        | 0.651      |
|    clip_range           | 0.2        |
|    clip_range_vf        | 0.2        |
|    entropy_loss         | 1.29       |
|    explained_variance   | 0.774      |
|    learning_rate        | 0.000231   |
|    loss                 | -0.0665    |
|    n_updates            | 1759       |
|    policy_gradient_loss | -0.0639    |
|    std                  | 0.126      |
|    value_loss           | 0.0509     |
----------------------------------------
PPO progress: 233000/1000000 (23%) | ep_rew_mean=192.37 | ep_len_mean=323 | episodes=100 | fps=38
----------------------------------------
| rollout/                |            |
|    ep_len_mean          | 333        |
|    ep_rew_mean          | 198        |
| time/                   |            |
|    fps                  | 38         |
|    iterations           | 228        |
|    time_elapsed         | 6009       |
|    total_timesteps      | 233472     |
| train/                  |            |
|    approx_kl            | 0.45111853 |
|    clip_fraction        | 0.615      |
|    clip_range           | 0.2        |
|    clip_range_vf        | 0.2        |
|    entropy_loss         | 1.32       |
|    explained_variance   | 0.776      |
|    learning_rate        | 0.00023    |
|    loss                 | -0.0511    |
|    n_updates            | 1769       |
|    policy_gradient_loss | -0.064     |
|    std                  | 0.124      |
|    value_loss           | 0.032      |
----------------------------------------
PPO progress: 234000/1000000 (23%) | ep_rew_mean=200.70 | ep_len_mean=337 | episodes=100 | fps=38
----------------------------------------
| rollout/                |            |
|    ep_len_mean          | 337        |
|    ep_rew_mean          | 201        |
| time/                   |            |
|    fps                  | 38         |
|    iterations           | 229        |
|    time_elapsed         | 6035       |
|    total_timesteps      | 234496     |
| train/                  |            |
|    approx_kl            | 0.44508523 |
|    clip_fraction        | 0.662      |
|    clip_range           | 0.2        |
|    clip_range_vf        | 0.2        |
|    entropy_loss         | 1.35       |
|    explained_variance   | 0.957      |
|    learning_rate        | 0.00023    |
|    loss                 | -0.107     |
|    n_updates            | 1779       |
|    policy_gradient_loss | -0.0764    |
|    std                  | 0.122      |
|    value_loss           | 0.00898    |
----------------------------------------
Early stopping at step 1 due to reaching max kl: 1.17
PPO progress: 235000/1000000 (24%) | ep_rew_mean=205.37 | ep_len_mean=344 | episodes=100 | fps=38
----------------------------------------
| rollout/                |            |
|    ep_len_mean          | 344        |
|    ep_rew_mean          | 205        |
| time/                   |            |
|    fps                  | 38         |
|    iterations           | 230        |
|    time_elapsed         | 6061       |
|    total_timesteps      | 235520     |
| train/                  |            |
|    approx_kl            | 0.28863972 |
|    clip_fraction        | 0.386      |
|    clip_range           | 0.2        |
|    clip_range_vf        | 0.2        |
|    entropy_loss         | 1.38       |
|    explained_variance   | 0.908      |
|    learning_rate        | 0.00023    |
|    loss                 | -0.00889   |
|    n_updates            | 1781       |
|    policy_gradient_loss | 0.00863    |
|    std                  | 0.122      |
|    value_loss           | 0.0366     |
----------------------------------------
Early stopping at step 2 due to reaching max kl: 0.78
PPO progress: 236000/1000000 (24%) | ep_rew_mean=206.67 | ep_len_mean=347 | episodes=100 | fps=38
---------------------------------------
| rollout/                |           |
|    ep_len_mean          | 351       |
|    ep_rew_mean          | 210       |
| time/                   |           |
|    fps                  | 38        |
|    iterations           | 231       |
|    time_elapsed         | 6087      |
|    total_timesteps      | 236544    |
| train/                  |           |
|    approx_kl            | 0.3032667 |
|    clip_fraction        | 0.476     |
|    clip_range           | 0.2       |
|    clip_range_vf        | 0.2       |
|    entropy_loss         | 1.38      |
|    explained_variance   | 0.848     |
|    learning_rate        | 0.000229  |
|    loss                 | 0.0243    |
|    n_updates            | 1784      |
|    policy_gradient_loss | 0.00622   |
|    std                  | 0.122     |
|    value_loss           | 0.0566    |
---------------------------------------
Early stopping at step 7 due to reaching max kl: 0.83
PPO progress: 237000/1000000 (24%) | ep_rew_mean=211.48 | ep_len_mean=354 | episodes=100 | fps=38
---------------------------------------
| rollout/                |           |
|    ep_len_mean          | 354       |
|    ep_rew_mean          | 211       |
| time/                   |           |
|    fps                  | 38        |
|    iterations           | 232       |
|    time_elapsed         | 6113      |
|    total_timesteps      | 237568    |
| train/                  |           |
|    approx_kl            | 0.4512793 |
|    clip_fraction        | 0.62      |
|    clip_range           | 0.2       |
|    clip_range_vf        | 0.2       |
|    entropy_loss         | 1.38      |
|    explained_variance   | 0.92      |
|    learning_rate        | 0.000229  |
|    loss                 | -0.091    |
|    n_updates            | 1792      |
|    policy_gradient_loss | -0.0501   |
|    std                  | 0.121     |
|    value_loss           | 0.0458    |
---------------------------------------
Early stopping at step 9 due to reaching max kl: 0.91
PPO progress: 238000/1000000 (24%) | ep_rew_mean=216.71 | ep_len_mean=362 | episodes=100 | fps=38
----------------------------------------
| rollout/                |            |
|    ep_len_mean          | 357        |
|    ep_rew_mean          | 214        |
| time/                   |            |
|    fps                  | 38         |
|    iterations           | 233        |
|    time_elapsed         | 6138       |
|    total_timesteps      | 238592     |
| train/                  |            |
|    approx_kl            | 0.57797855 |
|    clip_fraction        | 0.644      |
|    clip_range           | 0.2        |
|    clip_range_vf        | 0.2        |
|    entropy_loss         | 1.41       |
|    explained_variance   | 0.964      |
|    learning_rate        | 0.000229   |
|    loss                 | -0.113     |
|    n_updates            | 1802       |
|    policy_gradient_loss | -0.0657    |
|    std                  | 0.119      |
|    value_loss           | 0.00981    |
----------------------------------------
Early stopping at step 4 due to reaching max kl: 1.01
PPO progress: 239000/1000000 (24%) | ep_rew_mean=214.31 | ep_len_mean=358 | episodes=100 | fps=38
----------------------------------------
| rollout/                |            |
|    ep_len_mean          | 361        |
|    ep_rew_mean          | 217        |
| time/                   |            |
|    fps                  | 38         |
|    iterations           | 234        |
|    time_elapsed         | 6164       |
|    total_timesteps      | 239616     |
| train/                  |            |
|    approx_kl            | 0.62375903 |
|    clip_fraction        | 0.562      |
|    clip_range           | 0.2        |
|    clip_range_vf        | 0.2        |
|    entropy_loss         | 1.43       |
|    explained_variance   | 0.843      |
|    learning_rate        | 0.000228   |
|    loss                 | -0.063     |
|    n_updates            | 1807       |
|    policy_gradient_loss | -0.017     |
|    std                  | 0.119      |
|    value_loss           | 0.0509     |
----------------------------------------
Early stopping at step 5 due to reaching max kl: 0.79
PPO progress: 240000/1000000 (24%) | ep_rew_mean=216.36 | ep_len_mean=359 | episodes=100 | fps=38
----------------------------------------
| rollout/                |            |
|    ep_len_mean          | 360        |
|    ep_rew_mean          | 217        |
| time/                   |            |
|    fps                  | 38         |
|    iterations           | 235        |
|    time_elapsed         | 6190       |
|    total_timesteps      | 240640     |
| train/                  |            |
|    approx_kl            | 0.37757155 |
|    clip_fraction        | 0.596      |
|    clip_range           | 0.2        |
|    clip_range_vf        | 0.2        |
|    entropy_loss         | 1.43       |
|    explained_variance   | 0.924      |
|    learning_rate        | 0.000228   |
|    loss                 | -0.0697    |
|    n_updates            | 1813       |
|    policy_gradient_loss | -0.0399    |
|    std                  | 0.118      |
|    value_loss           | 0.0316     |
----------------------------------------
Early stopping at step 2 due to reaching max kl: 0.82
PPO progress: 241000/1000000 (24%) | ep_rew_mean=216.81 | ep_len_mean=360 | episodes=100 | fps=38
---------------------------------------
| rollout/                |           |
|    ep_len_mean          | 367       |
|    ep_rew_mean          | 222       |
| time/                   |           |
|    fps                  | 38        |
|    iterations           | 236       |
|    time_elapsed         | 6216      |
|    total_timesteps      | 241664    |
| train/                  |           |
|    approx_kl            | 0.6504725 |
|    clip_fraction        | 0.426     |
|    clip_range           | 0.2       |
|    clip_range_vf        | 0.2       |
|    entropy_loss         | 1.44      |
|    explained_variance   | 0.888     |
|    learning_rate        | 0.000228  |
|    loss                 | 0.0387    |
|    n_updates            | 1816      |
|    policy_gradient_loss | 0.0218    |
|    std                  | 0.118     |
|    value_loss           | 0.0845    |
---------------------------------------
Early stopping at step 2 due to reaching max kl: 0.85
PPO progress: 242000/1000000 (24%) | ep_rew_mean=221.99 | ep_len_mean=367 | episodes=100 | fps=38
----------------------------------------
| rollout/                |            |
|    ep_len_mean          | 370        |
|    ep_rew_mean          | 224        |
| time/                   |            |
|    fps                  | 38         |
|    iterations           | 237        |
|    time_elapsed         | 6242       |
|    total_timesteps      | 242688     |
| train/                  |            |
|    approx_kl            | 0.30490044 |
|    clip_fraction        | 0.501      |
|    clip_range           | 0.2        |
|    clip_range_vf        | 0.2        |
|    entropy_loss         | 1.44       |
|    explained_variance   | 0.9        |
|    learning_rate        | 0.000228   |
|    loss                 | -0.0311    |
|    n_updates            | 1819       |
|    policy_gradient_loss | -0.0185    |
|    std                  | 0.118      |
|    value_loss           | 0.0326     |
----------------------------------------
PPO progress: 243000/1000000 (24%) | ep_rew_mean=224.26 | ep_len_mean=370 | episodes=100 | fps=38
----------------------------------------
| rollout/                |            |
|    ep_len_mean          | 372        |
|    ep_rew_mean          | 226        |
| time/                   |            |
|    fps                  | 38         |
|    iterations           | 238        |
|    time_elapsed         | 6268       |
|    total_timesteps      | 243712     |
| train/                  |            |
|    approx_kl            | 0.45775753 |
|    clip_fraction        | 0.655      |
|    clip_range           | 0.2        |
|    clip_range_vf        | 0.2        |
|    entropy_loss         | 1.45       |
|    explained_variance   | 0.955      |
|    learning_rate        | 0.000227   |
|    loss                 | -0.105     |
|    n_updates            | 1829       |
|    policy_gradient_loss | -0.0663    |
|    std                  | 0.117      |
|    value_loss           | 0.0101     |
----------------------------------------
Early stopping at step 1 due to reaching max kl: 0.80
PPO progress: 244000/1000000 (24%) | ep_rew_mean=227.89 | ep_len_mean=375 | episodes=100 | fps=38
----------------------------------------
| rollout/                |            |
|    ep_len_mean          | 377        |
|    ep_rew_mean          | 229        |
| time/                   |            |
|    fps                  | 38         |
|    iterations           | 239        |
|    time_elapsed         | 6294       |
|    total_timesteps      | 244736     |
| train/                  |            |
|    approx_kl            | 0.52665925 |
|    clip_fraction        | 0.436      |
|    clip_range           | 0.2        |
|    clip_range_vf        | 0.2        |
|    entropy_loss         | 1.46       |
|    explained_variance   | 0.971      |
|    learning_rate        | 0.000227   |
|    loss                 | 0.0844     |
|    n_updates            | 1831       |
|    policy_gradient_loss | 0.0433     |
|    std                  | 0.117      |
|    value_loss           | 0.0138     |
----------------------------------------
Early stopping at step 9 due to reaching max kl: 1.39
PPO progress: 245000/1000000 (24%) | ep_rew_mean=228.76 | ep_len_mean=377 | episodes=100 | fps=38
----------------------------------------
| rollout/                |            |
|    ep_len_mean          | 375        |
|    ep_rew_mean          | 226        |
| time/                   |            |
|    fps                  | 38         |
|    iterations           | 240        |
|    time_elapsed         | 6320       |
|    total_timesteps      | 245760     |
| train/                  |            |
|    approx_kl            | 0.48223814 |
|    clip_fraction        | 0.659      |
|    clip_range           | 0.2        |
|    clip_range_vf        | 0.2        |
|    entropy_loss         | 1.46       |
|    explained_variance   | 0.973      |
|    learning_rate        | 0.000227   |
|    loss                 | -0.068     |
|    n_updates            | 1841       |
|    policy_gradient_loss | -0.055     |
|    std                  | 0.116      |
|    value_loss           | 0.0114     |
----------------------------------------
Early stopping at step 7 due to reaching max kl: 0.79
PPO progress: 246000/1000000 (25%) | ep_rew_mean=226.50 | ep_len_mean=375 | episodes=100 | fps=38
---------------------------------------
| rollout/                |           |
|    ep_len_mean          | 379       |
|    ep_rew_mean          | 227       |
| time/                   |           |
|    fps                  | 38        |
|    iterations           | 241       |
|    time_elapsed         | 6345      |
|    total_timesteps      | 246784    |
| train/                  |           |
|    approx_kl            | 0.5522936 |
|    clip_fraction        | 0.632     |
|    clip_range           | 0.2       |
|    clip_range_vf        | 0.2       |
|    entropy_loss         | 1.49      |
|    explained_variance   | 0.939     |
|    learning_rate        | 0.000226  |
|    loss                 | -0.11     |
|    n_updates            | 1849      |
|    policy_gradient_loss | -0.0559   |
|    std                  | 0.115     |
|    value_loss           | 0.0184    |
---------------------------------------
Early stopping at step 1 due to reaching max kl: 0.88
PPO progress: 247000/1000000 (25%) | ep_rew_mean=230.14 | ep_len_mean=383 | episodes=100 | fps=38
--------------------------------------
| rollout/                |          |
|    ep_len_mean          | 378      |
|    ep_rew_mean          | 226      |
| time/                   |          |
|    fps                  | 38       |
|    iterations           | 242      |
|    time_elapsed         | 6371     |
|    total_timesteps      | 247808   |
| train/                  |          |
|    approx_kl            | 0.317628 |
|    clip_fraction        | 0.434    |
|    clip_range           | 0.2      |
|    clip_range_vf        | 0.2      |
|    entropy_loss         | 1.5      |
|    explained_variance   | 0.944    |
|    learning_rate        | 0.000226 |
|    loss                 | 0.14     |
|    n_updates            | 1851     |
|    policy_gradient_loss | 0.0184   |
|    std                  | 0.115    |
|    value_loss           | 0.0139   |
--------------------------------------
Early stopping at step 1 due to reaching max kl: 1.84
PPO progress: 248000/1000000 (25%) | ep_rew_mean=226.44 | ep_len_mean=378 | episodes=100 | fps=38
---------------------------------------
| rollout/                |           |
|    ep_len_mean          | 384       |
|    ep_rew_mean          | 230       |
| time/                   |           |
|    fps                  | 38        |
|    iterations           | 243       |
|    time_elapsed         | 6397      |
|    total_timesteps      | 248832    |
| train/                  |           |
|    approx_kl            | 0.5150329 |
|    clip_fraction        | 0.459     |
|    clip_range           | 0.2       |
|    clip_range_vf        | 0.2       |
|    entropy_loss         | 1.5       |
|    explained_variance   | 0.958     |
|    learning_rate        | 0.000226  |
|    loss                 | 0.088     |
|    n_updates            | 1853      |
|    policy_gradient_loss | 0.0189    |
|    std                  | 0.115     |
|    value_loss           | 0.0528    |
---------------------------------------
PPO progress: 249000/1000000 (25%) | ep_rew_mean=230.09 | ep_len_mean=384 | episodes=100 | fps=38
----------------------------------------
| rollout/                |            |
|    ep_len_mean          | 384        |
|    ep_rew_mean          | 231        |
| time/                   |            |
|    fps                  | 38         |
|    iterations           | 244        |
|    time_elapsed         | 6423       |
|    total_timesteps      | 249856     |
| train/                  |            |
|    approx_kl            | 0.34613717 |
|    clip_fraction        | 0.622      |
|    clip_range           | 0.2        |
|    clip_range_vf        | 0.2        |
|    entropy_loss         | 1.5        |
|    explained_variance   | 0.943      |
|    learning_rate        | 0.000225   |
|    loss                 | -0.0937    |
|    n_updates            | 1863       |
|    policy_gradient_loss | -0.0532    |
|    std                  | 0.114      |
|    value_loss           | 0.013      |
----------------------------------------
PPO progress: 250000/1000000 (25%) | ep_rew_mean=231.36 | ep_len_mean=384 | episodes=100 | fps=38
----------------------------------------
| rollout/                |            |
|    ep_len_mean          | 376        |
|    ep_rew_mean          | 228        |
| time/                   |            |
|    fps                  | 38         |
|    iterations           | 245        |
|    time_elapsed         | 6449       |
|    total_timesteps      | 250880     |
| train/                  |            |
|    approx_kl            | 0.42591095 |
|    clip_fraction        | 0.624      |
|    clip_range           | 0.2        |
|    clip_range_vf        | 0.2        |
|    entropy_loss         | 1.52       |
|    explained_variance   | 0.959      |
|    learning_rate        | 0.000225   |
|    loss                 | -0.114     |
|    n_updates            | 1873       |
|    policy_gradient_loss | -0.0701    |
|    std                  | 0.113      |
|    value_loss           | 0.00634    |
----------------------------------------
Early stopping at step 5 due to reaching max kl: 0.89
PPO progress: 251000/1000000 (25%) | ep_rew_mean=228.35 | ep_len_mean=376 | episodes=100 | fps=38
---------------------------------------
| rollout/                |           |
|    ep_len_mean          | 366       |
|    ep_rew_mean          | 224       |
| time/                   |           |
|    fps                  | 38        |
|    iterations           | 246       |
|    time_elapsed         | 6475      |
|    total_timesteps      | 251904    |
| train/                  |           |
|    approx_kl            | 0.8897953 |
|    clip_fraction        | 0.546     |
|    clip_range           | 0.2       |
|    clip_range_vf        | 0.2       |
|    entropy_loss         | 1.54      |
|    explained_variance   | 0.93      |
|    learning_rate        | 0.000225  |
|    loss                 | -0.0677   |
|    n_updates            | 1879      |
|    policy_gradient_loss | -0.0412   |
|    std                  | 0.112     |
|    value_loss           | 0.0258    |
---------------------------------------
PPO progress: 252000/1000000 (25%) | ep_rew_mean=223.94 | ep_len_mean=366 | episodes=100 | fps=38
---------------------------------------
| rollout/                |           |
|    ep_len_mean          | 363       |
|    ep_rew_mean          | 223       |
| time/                   |           |
|    fps                  | 38        |
|    iterations           | 247       |
|    time_elapsed         | 6501      |
|    total_timesteps      | 252928    |
| train/                  |           |
|    approx_kl            | 0.4006631 |
|    clip_fraction        | 0.619     |
|    clip_range           | 0.2       |
|    clip_range_vf        | 0.2       |
|    entropy_loss         | 1.56      |
|    explained_variance   | 0.927     |
|    learning_rate        | 0.000224  |
|    loss                 | -0.0635   |
|    n_updates            | 1889      |
|    policy_gradient_loss | -0.0613   |
|    std                  | 0.11      |
|    value_loss           | 0.0359    |
---------------------------------------
Early stopping at step 0 due to reaching max kl: 1.33
PPO progress: 253000/1000000 (25%) | ep_rew_mean=223.48 | ep_len_mean=363 | episodes=100 | fps=38
----------------------------------------
| rollout/                |            |
|    ep_len_mean          | 368        |
|    ep_rew_mean          | 227        |
| time/                   |            |
|    fps                  | 38         |
|    iterations           | 248        |
|    time_elapsed         | 6527       |
|    total_timesteps      | 253952     |
| train/                  |            |
|    approx_kl            | 0.16828087 |
|    clip_fraction        | 0.375      |
|    clip_range           | 0.2        |
|    clip_range_vf        | 0.2        |
|    entropy_loss         | 1.58       |
|    explained_variance   | 0.705      |
|    learning_rate        | 0.000224   |
|    loss                 | 2.29       |
|    n_updates            | 1890       |
|    policy_gradient_loss | 0.207      |
|    std                  | 0.11       |
|    value_loss           | 0.0518     |
----------------------------------------
Early stopping at step 6 due to reaching max kl: 0.77
PPO progress: 254000/1000000 (25%) | ep_rew_mean=227.11 | ep_len_mean=368 | episodes=100 | fps=38
----------------------------------------
| rollout/                |            |
|    ep_len_mean          | 367        |
|    ep_rew_mean          | 226        |
| time/                   |            |
|    fps                  | 38         |
|    iterations           | 249        |
|    time_elapsed         | 6552       |
|    total_timesteps      | 254976     |
| train/                  |            |
|    approx_kl            | 0.56986046 |
|    clip_fraction        | 0.597      |
|    clip_range           | 0.2        |
|    clip_range_vf        | 0.2        |
|    entropy_loss         | 1.58       |
|    explained_variance   | 0.904      |
|    learning_rate        | 0.000224   |
|    loss                 | -0.0287    |
|    n_updates            | 1897       |
|    policy_gradient_loss | -0.0492    |
|    std                  | 0.11       |
|    value_loss           | 0.0303     |
----------------------------------------
Early stopping at step 1 due to reaching max kl: 0.75
PPO progress: 255000/1000000 (26%) | ep_rew_mean=226.43 | ep_len_mean=367 | episodes=100 | fps=38
PPO progress: 256000/1000000 (26%) | ep_rew_mean=229.08 | ep_len_mean=373 | episodes=100 | fps=38
---------------------------------------
| rollout/                |           |
|    ep_len_mean          | 373       |
|    ep_rew_mean          | 229       |
| time/                   |           |
|    fps                  | 38        |
|    iterations           | 250       |
|    time_elapsed         | 6578      |
|    total_timesteps      | 256000    |
| train/                  |           |
|    approx_kl            | 0.5493748 |
|    clip_fraction        | 0.378     |
|    clip_range           | 0.2       |
|    clip_range_vf        | 0.2       |
|    entropy_loss         | 1.59      |
|    explained_variance   | 0.875     |
|    learning_rate        | 0.000224  |
|    loss                 | -0.012    |
|    n_updates            | 1899      |
|    policy_gradient_loss | 0.0179    |
|    std                  | 0.11      |
|    value_loss           | 0.031     |
---------------------------------------
PPO progress: 257000/1000000 (26%) | ep_rew_mean=224.72 | ep_len_mean=365 | episodes=100 | fps=38
---------------------------------------
| rollout/                |           |
|    ep_len_mean          | 365       |
|    ep_rew_mean          | 225       |
| time/                   |           |
|    fps                  | 38        |
|    iterations           | 251       |
|    time_elapsed         | 6604      |
|    total_timesteps      | 257024    |
| train/                  |           |
|    approx_kl            | 0.4104573 |
|    clip_fraction        | 0.645     |
|    clip_range           | 0.2       |
|    clip_range_vf        | 0.2       |
|    entropy_loss         | 1.6       |
|    explained_variance   | 0.958     |
|    learning_rate        | 0.000223  |
|    loss                 | -0.0614   |
|    n_updates            | 1909      |
|    policy_gradient_loss | -0.0654   |
|    std                  | 0.108     |
|    value_loss           | 0.0082    |
---------------------------------------
Early stopping at step 2 due to reaching max kl: 0.76
PPO progress: 258000/1000000 (26%) | ep_rew_mean=226.19 | ep_len_mean=367 | episodes=100 | fps=38
----------------------------------------
| rollout/                |            |
|    ep_len_mean          | 367        |
|    ep_rew_mean          | 226        |
| time/                   |            |
|    fps                  | 38         |
|    iterations           | 252        |
|    time_elapsed         | 6630       |
|    total_timesteps      | 258048     |
| train/                  |            |
|    approx_kl            | 0.42233402 |
|    clip_fraction        | 0.485      |
|    clip_range           | 0.2        |
|    clip_range_vf        | 0.2        |
|    entropy_loss         | 1.62       |
|    explained_variance   | 0.901      |
|    learning_rate        | 0.000223   |
|    loss                 | -0.025     |
|    n_updates            | 1912       |
|    policy_gradient_loss | -0.000643  |
|    std                  | 0.108      |
|    value_loss           | 0.0482     |
----------------------------------------
PPO progress: 259000/1000000 (26%) | ep_rew_mean=226.20 | ep_len_mean=366 | episodes=100 | fps=38
----------------------------------------
| rollout/                |            |
|    ep_len_mean          | 366        |
|    ep_rew_mean          | 226        |
| time/                   |            |
|    fps                  | 38         |
|    iterations           | 253        |
|    time_elapsed         | 6657       |
|    total_timesteps      | 259072     |
| train/                  |            |
|    approx_kl            | 0.42254978 |
|    clip_fraction        | 0.629      |
|    clip_range           | 0.2        |
|    clip_range_vf        | 0.2        |
|    entropy_loss         | 1.63       |
|    explained_variance   | 0.936      |
|    learning_rate        | 0.000223   |
|    loss                 | -0.0798    |
|    n_updates            | 1922       |
|    policy_gradient_loss | -0.0663    |
|    std                  | 0.106      |
|    value_loss           | 0.0206     |
----------------------------------------
Early stopping at step 2 due to reaching max kl: 0.96
PPO progress: 260000/1000000 (26%) | ep_rew_mean=224.47 | ep_len_mean=364 | episodes=100 | fps=38
---------------------------------------
| rollout/                |           |
|    ep_len_mean          | 364       |
|    ep_rew_mean          | 224       |
| time/                   |           |
|    fps                  | 38        |
|    iterations           | 254       |
|    time_elapsed         | 6683      |
|    total_timesteps      | 260096    |
| train/                  |           |
|    approx_kl            | 0.5755483 |
|    clip_fraction        | 0.525     |
|    clip_range           | 0.2       |
|    clip_range_vf        | 0.2       |
|    entropy_loss         | 1.66      |
|    explained_variance   | 0.889     |
|    learning_rate        | 0.000222  |
|    loss                 | -0.00644  |
|    n_updates            | 1925      |
|    policy_gradient_loss | 0.0293    |
|    std                  | 0.106     |
|    value_loss           | 0.0241    |
---------------------------------------
Early stopping at step 1 due to reaching max kl: 1.18
PPO progress: 261000/1000000 (26%) | ep_rew_mean=216.96 | ep_len_mean=354 | episodes=100 | fps=38
--------------------------------------
| rollout/                |          |
|    ep_len_mean          | 354      |
|    ep_rew_mean          | 217      |
| time/                   |          |
|    fps                  | 38       |
|    iterations           | 255      |
|    time_elapsed         | 6710     |
|    total_timesteps      | 261120   |
| train/                  |          |
|    approx_kl            | 0.378526 |
|    clip_fraction        | 0.504    |
|    clip_range           | 0.2      |
|    clip_range_vf        | 0.2      |
|    entropy_loss         | 1.66     |
|    explained_variance   | 0.802    |
|    learning_rate        | 0.000222 |
|    loss                 | 0.026    |
|    n_updates            | 1927     |
|    policy_gradient_loss | 0.104    |
|    std                  | 0.106    |
|    value_loss           | 0.0877   |
--------------------------------------
Early stopping at step 1 due to reaching max kl: 0.99
PPO progress: 262000/1000000 (26%) | ep_rew_mean=222.58 | ep_len_mean=364 | episodes=100 | fps=38
----------------------------------------
| rollout/                |            |
|    ep_len_mean          | 358        |
|    ep_rew_mean          | 219        |
| time/                   |            |
|    fps                  | 38         |
|    iterations           | 256        |
|    time_elapsed         | 6737       |
|    total_timesteps      | 262144     |
| train/                  |            |
|    approx_kl            | 0.47495225 |
|    clip_fraction        | 0.494      |
|    clip_range           | 0.2        |
|    clip_range_vf        | 0.2        |
|    entropy_loss         | 1.66       |
|    explained_variance   | 0.828      |
|    learning_rate        | 0.000222   |
|    loss                 | 0.109      |
|    n_updates            | 1929       |
|    policy_gradient_loss | 0.0708     |
|    std                  | 0.106      |
|    value_loss           | 0.111      |
----------------------------------------
Early stopping at step 3 due to reaching max kl: 0.96
PPO progress: 263000/1000000 (26%) | ep_rew_mean=220.38 | ep_len_mean=360 | episodes=100 | fps=38
--------------------------------------
| rollout/                |          |
|    ep_len_mean          | 360      |
|    ep_rew_mean          | 220      |
| time/                   |          |
|    fps                  | 38       |
|    iterations           | 257      |
|    time_elapsed         | 6764     |
|    total_timesteps      | 263168   |
| train/                  |          |
|    approx_kl            | 0.491679 |
|    clip_fraction        | 0.566    |
|    clip_range           | 0.2      |
|    clip_range_vf        | 0.2      |
|    entropy_loss         | 1.65     |
|    explained_variance   | 0.936    |
|    learning_rate        | 0.000221 |
|    loss                 | 0.00217  |
|    n_updates            | 1933     |
|    policy_gradient_loss | 0.0173   |
|    std                  | 0.106    |
|    value_loss           | 0.0231   |
--------------------------------------
Early stopping at step 1 due to reaching max kl: 1.08
PPO progress: 264000/1000000 (26%) | ep_rew_mean=215.35 | ep_len_mean=353 | episodes=100 | fps=38
---------------------------------------
| rollout/                |           |
|    ep_len_mean          | 353       |
|    ep_rew_mean          | 215       |
| time/                   |           |
|    fps                  | 38        |
|    iterations           | 258       |
|    time_elapsed         | 6791      |
|    total_timesteps      | 264192    |
| train/                  |           |
|    approx_kl            | 1.0758293 |
|    clip_fraction        | 0.353     |
|    clip_range           | 0.2       |
|    clip_range_vf        | 0.2       |
|    entropy_loss         | 1.65      |
|    explained_variance   | 0.889     |
|    learning_rate        | 0.000221  |
|    loss                 | 0.137     |
|    n_updates            | 1935      |
|    policy_gradient_loss | 0.0381    |
|    std                  | 0.106     |
|    value_loss           | 0.0335    |
---------------------------------------
Early stopping at step 7 due to reaching max kl: 0.79
PPO progress: 265000/1000000 (26%) | ep_rew_mean=210.25 | ep_len_mean=347 | episodes=100 | fps=38
----------------------------------------
| rollout/                |            |
|    ep_len_mean          | 347        |
|    ep_rew_mean          | 210        |
| time/                   |            |
|    fps                  | 38         |
|    iterations           | 259        |
|    time_elapsed         | 6818       |
|    total_timesteps      | 265216     |
| train/                  |            |
|    approx_kl            | 0.40337315 |
|    clip_fraction        | 0.608      |
|    clip_range           | 0.2        |
|    clip_range_vf        | 0.2        |
|    entropy_loss         | 1.65       |
|    explained_variance   | 0.925      |
|    learning_rate        | 0.000221   |
|    loss                 | -0.0549    |
|    n_updates            | 1943       |
|    policy_gradient_loss | -0.0471    |
|    std                  | 0.106      |
|    value_loss           | 0.0167     |
----------------------------------------
Early stopping at step 1 due to reaching max kl: 0.90
PPO progress: 266000/1000000 (27%) | ep_rew_mean=209.85 | ep_len_mean=347 | episodes=100 | fps=38
---------------------------------------
| rollout/                |           |
|    ep_len_mean          | 354       |
|    ep_rew_mean          | 214       |
| time/                   |           |
|    fps                  | 38        |
|    iterations           | 260       |
|    time_elapsed         | 6845      |
|    total_timesteps      | 266240    |
| train/                  |           |
|    approx_kl            | 0.9037626 |
|    clip_fraction        | 0.39      |
|    clip_range           | 0.2       |
|    clip_range_vf        | 0.2       |
|    entropy_loss         | 1.66      |
|    explained_variance   | 0.83      |
|    learning_rate        | 0.00022   |
|    loss                 | 0.0991    |
|    n_updates            | 1945      |
|    policy_gradient_loss | 0.0289    |
|    std                  | 0.106     |
|    value_loss           | 0.148     |
---------------------------------------
Early stopping at step 3 due to reaching max kl: 1.24
PPO progress: 267000/1000000 (27%) | ep_rew_mean=211.37 | ep_len_mean=351 | episodes=100 | fps=38
---------------------------------------
| rollout/                |           |
|    ep_len_mean          | 351       |
|    ep_rew_mean          | 211       |
| time/                   |           |
|    fps                  | 38        |
|    iterations           | 261       |
|    time_elapsed         | 6872      |
|    total_timesteps      | 267264    |
| train/                  |           |
|    approx_kl            | 0.3369225 |
|    clip_fraction        | 0.536     |
|    clip_range           | 0.2       |
|    clip_range_vf        | 0.2       |
|    entropy_loss         | 1.66      |
|    explained_variance   | 0.935     |
|    learning_rate        | 0.00022   |
|    loss                 | -0.0618   |
|    n_updates            | 1949      |
|    policy_gradient_loss | -0.0207   |
|    std                  | 0.106     |
|    value_loss           | 0.0182    |
---------------------------------------
Early stopping at step 1 due to reaching max kl: 0.79
PPO progress: 268000/1000000 (27%) | ep_rew_mean=205.48 | ep_len_mean=341 | episodes=100 | fps=38
----------------------------------------
| rollout/                |            |
|    ep_len_mean          | 341        |
|    ep_rew_mean          | 205        |
| time/                   |            |
|    fps                  | 38         |
|    iterations           | 262        |
|    time_elapsed         | 6898       |
|    total_timesteps      | 268288     |
| train/                  |            |
|    approx_kl            | 0.32798463 |
|    clip_fraction        | 0.443      |
|    clip_range           | 0.2        |
|    clip_range_vf        | 0.2        |
|    entropy_loss         | 1.66       |
|    explained_variance   | 0.909      |
|    learning_rate        | 0.00022    |
|    loss                 | 0.0509     |
|    n_updates            | 1951       |
|    policy_gradient_loss | 0.0286     |
|    std                  | 0.106      |
|    value_loss           | 0.0452     |
----------------------------------------
Early stopping at step 1 due to reaching max kl: 0.82
PPO progress: 269000/1000000 (27%) | ep_rew_mean=202.65 | ep_len_mean=337 | episodes=100 | fps=38
----------------------------------------
| rollout/                |            |
|    ep_len_mean          | 338        |
|    ep_rew_mean          | 202        |
| time/                   |            |
|    fps                  | 38         |
|    iterations           | 263        |
|    time_elapsed         | 6924       |
|    total_timesteps      | 269312     |
| train/                  |            |
|    approx_kl            | 0.26916355 |
|    clip_fraction        | 0.37       |
|    clip_range           | 0.2        |
|    clip_range_vf        | 0.2        |
|    entropy_loss         | 1.66       |
|    explained_variance   | 0.855      |
|    learning_rate        | 0.00022    |
|    loss                 | -0.0207    |
|    n_updates            | 1953       |
|    policy_gradient_loss | 0.00807    |
|    std                  | 0.106      |
|    value_loss           | 0.0329     |
----------------------------------------
Early stopping at step 1 due to reaching max kl: 1.01
PPO progress: 270000/1000000 (27%) | ep_rew_mean=202.97 | ep_len_mean=339 | episodes=100 | fps=38
---------------------------------------
| rollout/                |           |
|    ep_len_mean          | 344       |
|    ep_rew_mean          | 206       |
| time/                   |           |
|    fps                  | 38        |
|    iterations           | 264       |
|    time_elapsed         | 6949      |
|    total_timesteps      | 270336    |
| train/                  |           |
|    approx_kl            | 0.3909644 |
|    clip_fraction        | 0.346     |
|    clip_range           | 0.2       |
|    clip_range_vf        | 0.2       |
|    entropy_loss         | 1.66      |
|    explained_variance   | 0.936     |
|    learning_rate        | 0.000219  |
|    loss                 | 0.0229    |
|    n_updates            | 1955      |
|    policy_gradient_loss | 0.0268    |
|    std                  | 0.106     |
|    value_loss           | 0.0557    |
---------------------------------------
Early stopping at step 1 due to reaching max kl: 0.80
PPO progress: 271000/1000000 (27%) | ep_rew_mean=197.23 | ep_len_mean=330 | episodes=100 | fps=38
----------------------------------------
| rollout/                |            |
|    ep_len_mean          | 330        |
|    ep_rew_mean          | 197        |
| time/                   |            |
|    fps                  | 38         |
|    iterations           | 265        |
|    time_elapsed         | 6975       |
|    total_timesteps      | 271360     |
| train/                  |            |
|    approx_kl            | 0.37344232 |
|    clip_fraction        | 0.424      |
|    clip_range           | 0.2        |
|    clip_range_vf        | 0.2        |
|    entropy_loss         | 1.66       |
|    explained_variance   | 0.862      |
|    learning_rate        | 0.000219   |
|    loss                 | 0.0717     |
|    n_updates            | 1957       |
|    policy_gradient_loss | 0.0313     |
|    std                  | 0.106      |
|    value_loss           | 0.076      |
----------------------------------------
Early stopping at step 1 due to reaching max kl: 1.21
PPO progress: 272000/1000000 (27%) | ep_rew_mean=199.29 | ep_len_mean=335 | episodes=100 | fps=38
---------------------------------------
| rollout/                |           |
|    ep_len_mean          | 335       |
|    ep_rew_mean          | 200       |
| time/                   |           |
|    fps                  | 38        |
|    iterations           | 266       |
|    time_elapsed         | 7001      |
|    total_timesteps      | 272384    |
| train/                  |           |
|    approx_kl            | 0.3947145 |
|    clip_fraction        | 0.438     |
|    clip_range           | 0.2       |
|    clip_range_vf        | 0.2       |
|    entropy_loss         | 1.66      |
|    explained_variance   | 0.774     |
|    learning_rate        | 0.000219  |
|    loss                 | 0.01      |
|    n_updates            | 1959      |
|    policy_gradient_loss | 0.0181    |
|    std                  | 0.106     |
|    value_loss           | 0.0643    |
---------------------------------------
Early stopping at step 2 due to reaching max kl: 1.30
PPO progress: 273000/1000000 (27%) | ep_rew_mean=199.86 | ep_len_mean=335 | episodes=100 | fps=38
---------------------------------------
| rollout/                |           |
|    ep_len_mean          | 329       |
|    ep_rew_mean          | 195       |
| time/                   |           |
|    fps                  | 38        |
|    iterations           | 267       |
|    time_elapsed         | 7026      |
|    total_timesteps      | 273408    |
| train/                  |           |
|    approx_kl            | 1.2996318 |
|    clip_fraction        | 0.42      |
|    clip_range           | 0.2       |
|    clip_range_vf        | 0.2       |
|    entropy_loss         | 1.66      |
|    explained_variance   | 0.892     |
|    learning_rate        | 0.000218  |
|    loss                 | 0.011     |
|    n_updates            | 1962      |
|    policy_gradient_loss | 0.0138    |
|    std                  | 0.106     |
|    value_loss           | 0.0403    |
---------------------------------------
Early stopping at step 1 due to reaching max kl: 0.92
PPO progress: 274000/1000000 (27%) | ep_rew_mean=195.13 | ep_len_mean=329 | episodes=100 | fps=38
---------------------------------------
| rollout/                |           |
|    ep_len_mean          | 335       |
|    ep_rew_mean          | 199       |
| time/                   |           |
|    fps                  | 38        |
|    iterations           | 268       |
|    time_elapsed         | 7052      |
|    total_timesteps      | 274432    |
| train/                  |           |
|    approx_kl            | 0.3072889 |
|    clip_fraction        | 0.476     |
|    clip_range           | 0.2       |
|    clip_range_vf        | 0.2       |
|    entropy_loss         | 1.65      |
|    explained_variance   | 0.936     |
|    learning_rate        | 0.000218  |
|    loss                 | 0.179     |
|    n_updates            | 1964      |
|    policy_gradient_loss | 0.0397    |
|    std                  | 0.107     |
|    value_loss           | 0.0529    |
---------------------------------------
Early stopping at step 2 due to reaching max kl: 0.79
PPO progress: 275000/1000000 (28%) | ep_rew_mean=202.47 | ep_len_mean=341 | episodes=100 | fps=38
----------------------------------------
| rollout/                |            |
|    ep_len_mean          | 341        |
|    ep_rew_mean          | 202        |
| time/                   |            |
|    fps                  | 38         |
|    iterations           | 269        |
|    time_elapsed         | 7077       |
|    total_timesteps      | 275456     |
| train/                  |            |
|    approx_kl            | 0.29749957 |
|    clip_fraction        | 0.512      |
|    clip_range           | 0.2        |
|    clip_range_vf        | 0.2        |
|    entropy_loss         | 1.65       |
|    explained_variance   | 0.925      |
|    learning_rate        | 0.000218   |
|    loss                 | -0.0637    |
|    n_updates            | 1967       |
|    policy_gradient_loss | -0.0141    |
|    std                  | 0.107      |
|    value_loss           | 0.0224     |
----------------------------------------
Early stopping at step 1 due to reaching max kl: 0.80
PPO progress: 276000/1000000 (28%) | ep_rew_mean=202.65 | ep_len_mean=341 | episodes=100 | fps=38
---------------------------------------
| rollout/                |           |
|    ep_len_mean          | 341       |
|    ep_rew_mean          | 203       |
| time/                   |           |
|    fps                  | 38        |
|    iterations           | 270       |
|    time_elapsed         | 7103      |
|    total_timesteps      | 276480    |
| train/                  |           |
|    approx_kl            | 0.2537352 |
|    clip_fraction        | 0.476     |
|    clip_range           | 0.2       |
|    clip_range_vf        | 0.2       |
|    entropy_loss         | 1.65      |
|    explained_variance   | 0.952     |
|    learning_rate        | 0.000217  |
|    loss                 | 0.0649    |
|    n_updates            | 1969      |
|    policy_gradient_loss | 0.0242    |
|    std                  | 0.107     |
|    value_loss           | 0.0164    |
---------------------------------------
Early stopping at step 3 due to reaching max kl: 0.79
PPO progress: 277000/1000000 (28%) | ep_rew_mean=208.88 | ep_len_mean=351 | episodes=100 | fps=38
----------------------------------------
| rollout/                |            |
|    ep_len_mean          | 347        |
|    ep_rew_mean          | 206        |
| time/                   |            |
|    fps                  | 38         |
|    iterations           | 271        |
|    time_elapsed         | 7128       |
|    total_timesteps      | 277504     |
| train/                  |            |
|    approx_kl            | 0.32319668 |
|    clip_fraction        | 0.527      |
|    clip_range           | 0.2        |
|    clip_range_vf        | 0.2        |
|    entropy_loss         | 1.65       |
|    explained_variance   | 0.966      |
|    learning_rate        | 0.000217   |
|    loss                 | -0.0247    |
|    n_updates            | 1973       |
|    policy_gradient_loss | -0.0264    |
|    std                  | 0.107      |
|    value_loss           | 0.0127     |
----------------------------------------
Early stopping at step 3 due to reaching max kl: 1.03
PPO progress: 278000/1000000 (28%) | ep_rew_mean=205.33 | ep_len_mean=344 | episodes=100 | fps=38
----------------------------------------
| rollout/                |            |
|    ep_len_mean          | 349        |
|    ep_rew_mean          | 208        |
| time/                   |            |
|    fps                  | 38         |
|    iterations           | 272        |
|    time_elapsed         | 7154       |
|    total_timesteps      | 278528     |
| train/                  |            |
|    approx_kl            | 0.41138735 |
|    clip_fraction        | 0.516      |
|    clip_range           | 0.2        |
|    clip_range_vf        | 0.2        |
|    entropy_loss         | 1.65       |
|    explained_variance   | 0.962      |
|    learning_rate        | 0.000217   |
|    loss                 | -0.0819    |
|    n_updates            | 1977       |
|    policy_gradient_loss | -0.0236    |
|    std                  | 0.107      |
|    value_loss           | 0.0136     |
----------------------------------------
Early stopping at step 2 due to reaching max kl: 0.77
PPO progress: 279000/1000000 (28%) | ep_rew_mean=208.42 | ep_len_mean=349 | episodes=100 | fps=38
---------------------------------------
| rollout/                |           |
|    ep_len_mean          | 350       |
|    ep_rew_mean          | 209       |
| time/                   |           |
|    fps                  | 38        |
|    iterations           | 273       |
|    time_elapsed         | 7179      |
|    total_timesteps      | 279552    |
| train/                  |           |
|    approx_kl            | 0.2932277 |
|    clip_fraction        | 0.506     |
|    clip_range           | 0.2       |
|    clip_range_vf        | 0.2       |
|    entropy_loss         | 1.65      |
|    explained_variance   | 0.915     |
|    learning_rate        | 0.000216  |
|    loss                 | -0.0184   |
|    n_updates            | 1980      |
|    policy_gradient_loss | -0.0101   |
|    std                  | 0.107     |
|    value_loss           | 0.0328    |
---------------------------------------
PPO progress: 280000/1000000 (28%) | ep_rew_mean=208.74 | ep_len_mean=350 | episodes=100 | fps=38
----------------------------------------
| rollout/                |            |
|    ep_len_mean          | 335        |
|    ep_rew_mean          | 201        |
| time/                   |            |
|    fps                  | 38         |
|    iterations           | 274        |
|    time_elapsed         | 7206       |
|    total_timesteps      | 280576     |
| train/                  |            |
|    approx_kl            | 0.34846985 |
|    clip_fraction        | 0.619      |
|    clip_range           | 0.2        |
|    clip_range_vf        | 0.2        |
|    entropy_loss         | 1.64       |
|    explained_variance   | 0.934      |
|    learning_rate        | 0.000216   |
|    loss                 | -0.0588    |
|    n_updates            | 1990       |
|    policy_gradient_loss | -0.0491    |
|    std                  | 0.106      |
|    value_loss           | 0.0215     |
----------------------------------------
Early stopping at step 3 due to reaching max kl: 0.79
PPO progress: 281000/1000000 (28%) | ep_rew_mean=201.21 | ep_len_mean=335 | episodes=100 | fps=38
--------------------------------------
| rollout/                |          |
|    ep_len_mean          | 342      |
|    ep_rew_mean          | 207      |
| time/                   |          |
|    fps                  | 38       |
|    iterations           | 275      |
|    time_elapsed         | 7231     |
|    total_timesteps      | 281600   |
| train/                  |          |
|    approx_kl            | 0.418513 |
|    clip_fraction        | 0.55     |
|    clip_range           | 0.2      |
|    clip_range_vf        | 0.2      |
|    entropy_loss         | 1.66     |
|    explained_variance   | 0.843    |
|    learning_rate        | 0.000216 |
|    loss                 | -0.0038  |
|    n_updates            | 1994     |
|    policy_gradient_loss | -0.00466 |
|    std                  | 0.106    |
|    value_loss           | 0.103    |
--------------------------------------
Early stopping at step 3 due to reaching max kl: 0.76
PPO progress: 282000/1000000 (28%) | ep_rew_mean=201.48 | ep_len_mean=334 | episodes=100 | fps=38
---------------------------------------
| rollout/                |           |
|    ep_len_mean          | 330       |
|    ep_rew_mean          | 200       |
| time/                   |           |
|    fps                  | 38        |
|    iterations           | 276       |
|    time_elapsed         | 7257      |
|    total_timesteps      | 282624    |
| train/                  |           |
|    approx_kl            | 0.7634945 |
|    clip_fraction        | 0.496     |
|    clip_range           | 0.2       |
|    clip_range_vf        | 0.2       |
|    entropy_loss         | 1.66      |
|    explained_variance   | 0.959     |
|    learning_rate        | 0.000216  |
|    loss                 | -0.0558   |
|    n_updates            | 1998      |
|    policy_gradient_loss | 6.68e-05  |
|    std                  | 0.106     |
|    value_loss           | 0.0224    |
---------------------------------------
Early stopping at step 3 due to reaching max kl: 0.83
PPO progress: 283000/1000000 (28%) | ep_rew_mean=200.50 | ep_len_mean=332 | episodes=100 | fps=38
----------------------------------------
| rollout/                |            |
|    ep_len_mean          | 327        |
|    ep_rew_mean          | 197        |
| time/                   |            |
|    fps                  | 38         |
|    iterations           | 277        |
|    time_elapsed         | 7283       |
|    total_timesteps      | 283648     |
| train/                  |            |
|    approx_kl            | 0.42955747 |
|    clip_fraction        | 0.476      |
|    clip_range           | 0.2        |
|    clip_range_vf        | 0.2        |
|    entropy_loss         | 1.67       |
|    explained_variance   | 0.945      |
|    learning_rate        | 0.000215   |
|    loss                 | -0.0594    |
|    n_updates            | 2002       |
|    policy_gradient_loss | -0.0199    |
|    std                  | 0.106      |
|    value_loss           | 0.0327     |
----------------------------------------
Early stopping at step 2 due to reaching max kl: 0.91
PPO progress: 284000/1000000 (28%) | ep_rew_mean=197.10 | ep_len_mean=327 | episodes=100 | fps=38
----------------------------------------
| rollout/                |            |
|    ep_len_mean          | 335        |
|    ep_rew_mean          | 202        |
| time/                   |            |
|    fps                  | 38         |
|    iterations           | 278        |
|    time_elapsed         | 7308       |
|    total_timesteps      | 284672     |
| train/                  |            |
|    approx_kl            | 0.28284174 |
|    clip_fraction        | 0.496      |
|    clip_range           | 0.2        |
|    clip_range_vf        | 0.2        |
|    entropy_loss         | 1.67       |
|    explained_variance   | 0.953      |
|    learning_rate        | 0.000215   |
|    loss                 | -0.0249    |
|    n_updates            | 2005       |
|    policy_gradient_loss | 0.00183    |
|    std                  | 0.106      |
|    value_loss           | 0.0225     |
----------------------------------------
Early stopping at step 5 due to reaching max kl: 0.90
PPO progress: 285000/1000000 (28%) | ep_rew_mean=200.07 | ep_len_mean=334 | episodes=100 | fps=38
---------------------------------------
| rollout/                |           |
|    ep_len_mean          | 321       |
|    ep_rew_mean          | 191       |
| time/                   |           |
|    fps                  | 38        |
|    iterations           | 279       |
|    time_elapsed         | 7334      |
|    total_timesteps      | 285696    |
| train/                  |           |
|    approx_kl            | 0.4262228 |
|    clip_fraction        | 0.6       |
|    clip_range           | 0.2       |
|    clip_range_vf        | 0.2       |
|    entropy_loss         | 1.67      |
|    explained_variance   | 0.866     |
|    learning_rate        | 0.000215  |
|    loss                 | -0.0513   |
|    n_updates            | 2011      |
|    policy_gradient_loss | -0.0415   |
|    std                  | 0.106     |
|    value_loss           | 0.0149    |
---------------------------------------
Early stopping at step 1 due to reaching max kl: 1.42
PPO progress: 286000/1000000 (29%) | ep_rew_mean=186.18 | ep_len_mean=314 | episodes=100 | fps=38
----------------------------------------
| rollout/                |            |
|    ep_len_mean          | 314        |
|    ep_rew_mean          | 187        |
| time/                   |            |
|    fps                  | 38         |
|    iterations           | 280        |
|    time_elapsed         | 7359       |
|    total_timesteps      | 286720     |
| train/                  |            |
|    approx_kl            | 0.64484996 |
|    clip_fraction        | 0.389      |
|    clip_range           | 0.2        |
|    clip_range_vf        | 0.2        |
|    entropy_loss         | 1.67       |
|    explained_variance   | 0.882      |
|    learning_rate        | 0.000214   |
|    loss                 | 0.0639     |
|    n_updates            | 2013       |
|    policy_gradient_loss | 0.0507     |
|    std                  | 0.106      |
|    value_loss           | 0.127      |
----------------------------------------
Early stopping at step 4 due to reaching max kl: 0.79
PPO progress: 287000/1000000 (29%) | ep_rew_mean=186.91 | ep_len_mean=314 | episodes=100 | fps=38
----------------------------------------
| rollout/                |            |
|    ep_len_mean          | 318        |
|    ep_rew_mean          | 189        |
| time/                   |            |
|    fps                  | 38         |
|    iterations           | 281        |
|    time_elapsed         | 7385       |
|    total_timesteps      | 287744     |
| train/                  |            |
|    approx_kl            | 0.37056822 |
|    clip_fraction        | 0.581      |
|    clip_range           | 0.2        |
|    clip_range_vf        | 0.2        |
|    entropy_loss         | 1.67       |
|    explained_variance   | 0.943      |
|    learning_rate        | 0.000214   |
|    loss                 | 0.00674    |
|    n_updates            | 2018       |
|    policy_gradient_loss | 0.00581    |
|    std                  | 0.106      |
|    value_loss           | 0.0172     |
----------------------------------------
Early stopping at step 6 due to reaching max kl: 0.86
PPO progress: 288000/1000000 (29%) | ep_rew_mean=174.86 | ep_len_mean=295 | episodes=100 | fps=38
---------------------------------------
| rollout/                |           |
|    ep_len_mean          | 301       |
|    ep_rew_mean          | 178       |
| time/                   |           |
|    fps                  | 38        |
|    iterations           | 282       |
|    time_elapsed         | 7411      |
|    total_timesteps      | 288768    |
| train/                  |           |
|    approx_kl            | 0.4956028 |
|    clip_fraction        | 0.608     |
|    clip_range           | 0.2       |
|    clip_range_vf        | 0.2       |
|    entropy_loss         | 1.66      |
|    explained_variance   | 0.964     |
|    learning_rate        | 0.000214  |
|    loss                 | -0.0272   |
|    n_updates            | 2025      |
|    policy_gradient_loss | -0.0548   |
|    std                  | 0.106     |
|    value_loss           | 0.00825   |
---------------------------------------
Early stopping at step 1 due to reaching max kl: 2.12
PPO progress: 289000/1000000 (29%) | ep_rew_mean=178.42 | ep_len_mean=299 | episodes=100 | fps=38
----------------------------------------
| rollout/                |            |
|    ep_len_mean          | 292        |
|    ep_rew_mean          | 176        |
| time/                   |            |
|    fps                  | 38         |
|    iterations           | 283        |
|    time_elapsed         | 7437       |
|    total_timesteps      | 289792     |
| train/                  |            |
|    approx_kl            | 0.65682876 |
|    clip_fraction        | 0.368      |
|    clip_range           | 0.2        |
|    clip_range_vf        | 0.2        |
|    entropy_loss         | 1.67       |
|    explained_variance   | 0.91       |
|    learning_rate        | 0.000213   |
|    loss                 | 0.0258     |
|    n_updates            | 2027       |
|    policy_gradient_loss | 0.0177     |
|    std                  | 0.106      |
|    value_loss           | 0.066      |
----------------------------------------
Early stopping at step 8 due to reaching max kl: 0.88
PPO progress: 290000/1000000 (29%) | ep_rew_mean=175.50 | ep_len_mean=292 | episodes=100 | fps=38
--------------------------------------
| rollout/                |          |
|    ep_len_mean          | 288      |
|    ep_rew_mean          | 174      |
| time/                   |          |
|    fps                  | 38       |
|    iterations           | 284      |
|    time_elapsed         | 7462     |
|    total_timesteps      | 290816   |
| train/                  |          |
|    approx_kl            | 0.473481 |
|    clip_fraction        | 0.611    |
|    clip_range           | 0.2      |
|    clip_range_vf        | 0.2      |
|    entropy_loss         | 1.68     |
|    explained_variance   | 0.875    |
|    learning_rate        | 0.000213 |
|    loss                 | -0.0167  |
|    n_updates            | 2036     |
|    policy_gradient_loss | -0.0554  |
|    std                  | 0.104    |
|    value_loss           | 0.0517   |
--------------------------------------
Early stopping at step 2 due to reaching max kl: 0.79
PPO progress: 291000/1000000 (29%) | ep_rew_mean=174.39 | ep_len_mean=288 | episodes=100 | fps=38
---------------------------------------
| rollout/                |           |
|    ep_len_mean          | 291       |
|    ep_rew_mean          | 177       |
| time/                   |           |
|    fps                  | 38        |
|    iterations           | 285       |
|    time_elapsed         | 7488      |
|    total_timesteps      | 291840    |
| train/                  |           |
|    approx_kl            | 0.3837824 |
|    clip_fraction        | 0.488     |
|    clip_range           | 0.2       |
|    clip_range_vf        | 0.2       |
|    entropy_loss         | 1.7       |
|    explained_variance   | 0.861     |
|    learning_rate        | 0.000213  |
|    loss                 | 0.0755    |
|    n_updates            | 2039      |
|    policy_gradient_loss | 0.00652   |
|    std                  | 0.104     |
|    value_loss           | 0.0511    |
---------------------------------------
Early stopping at step 9 due to reaching max kl: 0.99
PPO progress: 292000/1000000 (29%) | ep_rew_mean=176.78 | ep_len_mean=291 | episodes=100 | fps=38
----------------------------------------
| rollout/                |            |
|    ep_len_mean          | 292        |
|    ep_rew_mean          | 178        |
| time/                   |            |
|    fps                  | 38         |
|    iterations           | 286        |
|    time_elapsed         | 7514       |
|    total_timesteps      | 292864     |
| train/                  |            |
|    approx_kl            | 0.58711845 |
|    clip_fraction        | 0.602      |
|    clip_range           | 0.2        |
|    clip_range_vf        | 0.2        |
|    entropy_loss         | 1.71       |
|    explained_variance   | 0.923      |
|    learning_rate        | 0.000212   |
|    loss                 | -0.0819    |
|    n_updates            | 2049       |
|    policy_gradient_loss | -0.0613    |
|    std                  | 0.102      |
|    value_loss           | 0.0212     |
----------------------------------------
PPO progress: 293000/1000000 (29%) | ep_rew_mean=177.52 | ep_len_mean=292 | episodes=100 | fps=38
----------------------------------------
| rollout/                |            |
|    ep_len_mean          | 298        |
|    ep_rew_mean          | 182        |
| time/                   |            |
|    fps                  | 38         |
|    iterations           | 287        |
|    time_elapsed         | 7540       |
|    total_timesteps      | 293888     |
| train/                  |            |
|    approx_kl            | 0.34605706 |
|    clip_fraction        | 0.637      |
|    clip_range           | 0.2        |
|    clip_range_vf        | 0.2        |
|    entropy_loss         | 1.75       |
|    explained_variance   | 0.945      |
|    learning_rate        | 0.000212   |
|    loss                 | -0.112     |
|    n_updates            | 2059       |
|    policy_gradient_loss | -0.071     |
|    std                  | 0.1        |
|    value_loss           | 0.00963    |
----------------------------------------
Early stopping at step 1 due to reaching max kl: 0.77
PPO progress: 294000/1000000 (29%) | ep_rew_mean=181.98 | ep_len_mean=298 | episodes=100 | fps=38
[isaac_train] STOP file /media/samuel/Fast_SSD/SE4AI/thesis_repo/experiments/sim/training/ppo_isaac2d_kin2_2024_1M/STOP found -> ending training gracefully (model + metadata will be written)
[isaac_train] saved PPO model to policy/checkpoints/cobraflex_ppo_isaac2d_kin2_2024_1M.zip
[isaac_train] learning curve + metadata under /media/samuel/Fast_SSD/SE4AI/thesis_repo/experiments/sim/training/ppo_isaac2d_kin2_2024_1M
2026-07-06T05:59:30Z [10,474ms] [Warning] [omni.physx.plugin] The rigid body at /World/Cobraflex/Geometry/base_footprint/base_link/body_link/zedm_camera_link has a possibly invalid inertia tensor of {1.0, 1.0, 1.0} and a negative mass, small sphere approximated inertia was used. Either specify correct values in the mass properties, or add collider(s) to any shape(s) that you wish to automatically compute mass properties for.
2026-07-06T05:59:31Z [10,905ms] [Warning] [omni.rtx] DLSS increasing input dimensions: Render resolution of (320, 180) is below minimal input resolution of 300.
2026-07-06T05:59:31Z [10,962ms] [Warning] [omni.fabric.plugin] Warning: attribute deviceIds not found for path /Render/OmniverseKit/HydraTextures/Replicator

2026-07-06T05:59:31Z [10,973ms] [Warning] [omni.syntheticdata.plugin] OgnSdPostRenderVarToHost : rendervar copy from texture directly to host buffer is counter-performant. Please use copy from texture to device buffer first.
[7572.241s] Simulation App Shutting Down
