[INFO] [launch]: All log files can be found below /home/admit/.ros/log/2026-08-20-11-46-18-416710-mtpcxxxxx-534489
[INFO] [launch]: Default logging verbosity is set to INFO
[INFO] [robot_state_publisher-1]: process started with pid [534511]
[INFO] [gazebo-2]: process started with pid [534512]
[INFO] [parameter_bridge-3]: process started with pid [534513]
[INFO] [create-4]: process started with pid [534514]
[INFO] [ekf_node-5]: process started with pid [534515]
[INFO] [train_ppo-6]: process started with pid [534517]
[robot_state_publisher-1] [INFO] [1787219178.659138997] [robot_state_publisher]: Robot initialized
[create-4] [INFO] [1787219178.659544234] [ros_gz_sim]: Requesting list of world names.
[ekf_node-5] [INFO] [1787219178.659789629] [ekf_filter_node]: Waiting for clock to start...
[create-4] [INFO] [1787219179.032137387] [ros_gz_sim]: Waiting messages on topic [robot_description].
[create-4] [INFO] [1787219179.043198790] [ros_gz_sim]: Entity creation successful.
[INFO] [create-4]: process has finished cleanly [pid 534514]
[parameter_bridge-3] [INFO] [1787219179.667767984] [ros_gz_bridge]: Creating GZ->ROS Bridge: [clock (gz.msgs.Clock) -> clock (rosgraph_msgs/msg/Clock)] (Lazy 0)
[parameter_bridge-3] [INFO] [1787219179.668646478] [ros_gz_bridge]: Creating GZ->ROS Bridge: [joint_states (gz.msgs.Model) -> joint_states (sensor_msgs/msg/JointState)] (Lazy 0)
[parameter_bridge-3] [INFO] [1787219179.669748235] [ros_gz_bridge]: Creating GZ->ROS Bridge: [odom (gz.msgs.Odometry) -> odom (nav_msgs/msg/Odometry)] (Lazy 0)
[parameter_bridge-3] [INFO] [1787219179.670446057] [ros_gz_bridge]: Creating GZ->ROS Bridge: [odom_truth (gz.msgs.Odometry) -> odom_truth (nav_msgs/msg/Odometry)] (Lazy 0)
[parameter_bridge-3] [INFO] [1787219179.670586653] [ros_gz_bridge]: Creating GZ->ROS Bridge: [tf (gz.msgs.Pose_V) -> tf (tf2_msgs/msg/TFMessage)] (Lazy 0)
[parameter_bridge-3] [INFO] [1787219179.671202600] [ros_gz_bridge]: Creating ROS->GZ Bridge: [cmd_vel (geometry_msgs/msg/Twist) -> cmd_vel (gz.msgs.Twist)] (Lazy 0)
[parameter_bridge-3] [INFO] [1787219179.671598861] [ros_gz_bridge]: Creating GZ->ROS Bridge: [imu (gz.msgs.IMU) -> imu (sensor_msgs/msg/Imu)] (Lazy 0)
[parameter_bridge-3] [INFO] [1787219179.671907034] [ros_gz_bridge]: Creating GZ->ROS Bridge: [scan (gz.msgs.LaserScan) -> scan (sensor_msgs/msg/LaserScan)] (Lazy 0)
[parameter_bridge-3] [INFO] [1787219179.672224766] [ros_gz_bridge]: Creating GZ->ROS Bridge: [camera/left/camera_info (gz.msgs.CameraInfo) -> camera/left/camera_info (sensor_msgs/msg/CameraInfo)] (Lazy 0)
[parameter_bridge-3] [INFO] [1787219179.672505418] [ros_gz_bridge]: Creating GZ->ROS Bridge: [camera/left/image_raw (gz.msgs.Image) -> camera/left/image_raw (sensor_msgs/msg/Image)] (Lazy 0)
[parameter_bridge-3] [INFO] [1787219179.672710256] [ros_gz_bridge]: Creating GZ->ROS Bridge: [camera/right/camera_info (gz.msgs.CameraInfo) -> camera/right/camera_info (sensor_msgs/msg/CameraInfo)] (Lazy 0)
[parameter_bridge-3] [INFO] [1787219179.672847065] [ros_gz_bridge]: Creating GZ->ROS Bridge: [camera/right/image_raw (gz.msgs.Image) -> camera/right/image_raw (sensor_msgs/msg/Image)] (Lazy 0)
[parameter_bridge-3] [INFO] [1787219179.672969227] [ros_gz_bridge]: Creating GZ->ROS Bridge: [camera/camera_info (gz.msgs.CameraInfo) -> camera/camera_info (sensor_msgs/msg/CameraInfo)] (Lazy 0)
[parameter_bridge-3] [INFO] [1787219179.673093572] [ros_gz_bridge]: Creating GZ->ROS Bridge: [camera/image_raw_lane (gz.msgs.Image) -> camera/image_raw_lane (sensor_msgs/msg/Image)] (Lazy 0)
[gazebo-2] [1;33mWarning [Utils.cc:132][0m [/sdf/model[@name="cobraflex_robot"]/link[@name="base_footprint"]/sensor[@name="ZEDm IMU"]/gz_frame_id:<urdf-string>:L0]: XML Element[gz_frame_id], child of element[sensor], not defined in SDF. Copying[gz_frame_id] as children of [sensor].
[gazebo-2] [1;33mWarning [Utils.cc:132][0m [/sdf/model[@name="cobraflex_robot"]/link[@name="base_footprint"]/sensor[@name="RPLiDAR"]/gz_frame_id:<urdf-string>:L0]: XML Element[gz_frame_id], child of element[sensor], not defined in SDF. Copying[gz_frame_id] as children of [sensor].
[gazebo-2] [1;33mWarning [Utils.cc:132][0m [/sdf/model[@name="cobraflex_robot"]/link[@name="base_footprint"]/sensor[@name="RPLiDAR"]/lidar/frame_id:<urdf-string>:L0]: XML Element[frame_id], child of element[lidar], not defined in SDF. Copying[frame_id] as children of [lidar].
[ekf_node-5] [INFO] [1787219180.748911068] [ekf_filter_node]: Detected a initial_estimate_covariance parameter with length 15. Assuming diagonal values specified.
[gazebo-2] libEGL warning: pci id for fd 67: 10de:2f04, driver (null)
[gazebo-2] 
[gazebo-2] pci id for fd 68: 10de:2f04, driver (null)
[gazebo-2] pci id for fd 69: 10de:2f04, driver (null)
[gazebo-2] libEGL warning: egl: failed to create dri2 screen
[gazebo-2] libEGL warning: pci id for fd 67: 10de:2f04, driver (null)
[gazebo-2] 
[gazebo-2] pci id for fd 68: 10de:2f04, driver (null)
[gazebo-2] pci id for fd 69: 10de:2f04, driver (null)
[gazebo-2] libEGL warning: egl: failed to create dri2 screen
[gazebo-2] libEGL warning: pci id for fd 67: 10de:2f04, driver (null)
[gazebo-2] 
[parameter_bridge-3] [INFO] [1787219182.657158788] [ros_gz_bridge]: Passing message from ROS geometry_msgs/msg/Twist to Gazebo gz.msgs.Twist (showing msg only once per type)
[train_ppo-6] Using cuda device
[train_ppo-6] Wrapping the env in a VecTransposeImage.
[train_ppo-6] [progress] line-by-line mode (no usable TTY); progress every 1000 steps
[train_ppo-6] PPO progress: 1000/2500000 (0%) | ep_rew_mean=4.03 | ep_len_mean=39 | episodes=25 | fps=7
[train_ppo-6] ---------------------------------
[train_ppo-6] | rollout/           |          |
[train_ppo-6] |    ep_len_mean     | 38.9     |
[train_ppo-6] |    ep_rew_mean     | 4.32     |
[train_ppo-6] | time/              |          |
[train_ppo-6] |    fps             | 7        |
[train_ppo-6] |    iterations      | 1        |
[train_ppo-6] |    time_elapsed    | 135      |
[train_ppo-6] |    total_timesteps | 1024     |
[train_ppo-6] ---------------------------------
[train_ppo-6] PPO progress: 2000/2500000 (0%) | ep_rew_mean=6.04 | ep_len_mean=35 | episodes=55 | fps=7
[train_ppo-6] -----------------------------------------
[train_ppo-6] | rollout/                |             |
[train_ppo-6] |    ep_len_mean          | 35.9        |
[train_ppo-6] |    ep_rew_mean          | 6.2         |
[train_ppo-6] | time/                   |             |
[train_ppo-6] |    fps                  | 7           |
[train_ppo-6] |    iterations           | 2           |
[train_ppo-6] |    time_elapsed         | 271         |
[train_ppo-6] |    total_timesteps      | 2048        |
[train_ppo-6] | train/                  |             |
[train_ppo-6] |    approx_kl            | 0.016538996 |
[train_ppo-6] |    clip_fraction        | 0.162       |
[train_ppo-6] |    clip_range           | 0.2         |
[train_ppo-6] |    clip_range_vf        | 0.2         |
[train_ppo-6] |    entropy_loss         | -2.82       |
[train_ppo-6] |    explained_variance   | 0.00326     |
[train_ppo-6] |    learning_rate        | 0.0003      |
[train_ppo-6] |    loss                 | 0.177       |
[train_ppo-6] |    n_updates            | 10          |
[train_ppo-6] |    policy_gradient_loss | -0.0202     |
[train_ppo-6] |    std                  | 0.983       |
[train_ppo-6] |    value_loss           | 0.97        |
[train_ppo-6] -----------------------------------------
[train_ppo-6] PPO progress: 3000/2500000 (0%) | ep_rew_mean=7.24 | ep_len_mean=35 | episodes=85 | fps=7
[train_ppo-6] -----------------------------------------
[train_ppo-6] | rollout/                |             |
[train_ppo-6] |    ep_len_mean          | 34.5        |
[train_ppo-6] |    ep_rew_mean          | 7.33        |
[train_ppo-6] | time/                   |             |
[train_ppo-6] |    fps                  | 7           |
[train_ppo-6] |    iterations           | 3           |
[train_ppo-6] |    time_elapsed         | 412         |
[train_ppo-6] |    total_timesteps      | 3072        |
[train_ppo-6] | train/                  |             |
[train_ppo-6] |    approx_kl            | 0.028340638 |
[train_ppo-6] |    clip_fraction        | 0.162       |
[train_ppo-6] |    clip_range           | 0.2         |
[train_ppo-6] |    clip_range_vf        | 0.2         |
[train_ppo-6] |    entropy_loss         | -2.8        |
[train_ppo-6] |    explained_variance   | -0.0725     |
[train_ppo-6] |    learning_rate        | 0.0003      |
[train_ppo-6] |    loss                 | 0.0257      |
[train_ppo-6] |    n_updates            | 20          |
[train_ppo-6] |    policy_gradient_loss | -0.028      |
[train_ppo-6] |    std                  | 0.977       |
[train_ppo-6] |    value_loss           | 0.378       |
[train_ppo-6] -----------------------------------------
[gazebo-2] NodeShared::RecvSrvRequest() error sending response: Host unreachable
[train_ppo-6] [WARN] [1787219622.531608488] [cobraflex_rl_interface]: Gazebo service call failed for /world/lane_following_complex_b/set_pose: Service call timed out
[train_ppo-6] PPO progress: 4000/2500000 (0%) | ep_rew_mean=8.04 | ep_len_mean=31 | episodes=100 | fps=7
[train_ppo-6] -----------------------------------------
[train_ppo-6] | rollout/                |             |
[train_ppo-6] |    ep_len_mean          | 31.2        |
[train_ppo-6] |    ep_rew_mean          | 8.04        |
[train_ppo-6] | time/                   |             |
[train_ppo-6] |    fps                  | 7           |
[train_ppo-6] |    iterations           | 4           |
[train_ppo-6] |    time_elapsed         | 565         |
[train_ppo-6] |    total_timesteps      | 4096        |
[train_ppo-6] | train/                  |             |
[train_ppo-6] |    approx_kl            | 0.043132663 |
[train_ppo-6] |    clip_fraction        | 0.232       |
[train_ppo-6] |    clip_range           | 0.2         |
[train_ppo-6] |    clip_range_vf        | 0.2         |
[train_ppo-6] |    entropy_loss         | -2.78       |
[train_ppo-6] |    explained_variance   | -0.0118     |
[train_ppo-6] |    learning_rate        | 0.0003      |
[train_ppo-6] |    loss                 | 0.0959      |
[train_ppo-6] |    n_updates            | 30          |
[train_ppo-6] |    policy_gradient_loss | -0.0519     |
[train_ppo-6] |    std                  | 0.969       |
[train_ppo-6] |    value_loss           | 0.486       |
[train_ppo-6] -----------------------------------------
[train_ppo-6] PPO progress: 5000/2500000 (0%) | ep_rew_mean=9.47 | ep_len_mean=32 | episodes=100 | fps=7
[train_ppo-6] -----------------------------------------
[train_ppo-6] | rollout/                |             |
[train_ppo-6] |    ep_len_mean          | 31.8        |
[train_ppo-6] |    ep_rew_mean          | 9.38        |
[train_ppo-6] | time/                   |             |
[train_ppo-6] |    fps                  | 7           |
[train_ppo-6] |    iterations           | 5           |
[train_ppo-6] |    time_elapsed         | 707         |
[train_ppo-6] |    total_timesteps      | 5120        |
[train_ppo-6] | train/                  |             |
[train_ppo-6] |    approx_kl            | 0.031198028 |
[train_ppo-6] |    clip_fraction        | 0.225       |
[train_ppo-6] |    clip_range           | 0.2         |
[train_ppo-6] |    clip_range_vf        | 0.2         |
[train_ppo-6] |    entropy_loss         | -2.77       |
[train_ppo-6] |    explained_variance   | 0.208       |
[train_ppo-6] |    learning_rate        | 0.0003      |
[train_ppo-6] |    loss                 | 0.156       |
[train_ppo-6] |    n_updates            | 40          |
[train_ppo-6] |    policy_gradient_loss | -0.0354     |
[train_ppo-6] |    std                  | 0.967       |
[train_ppo-6] |    value_loss           | 0.58        |
[train_ppo-6] -----------------------------------------
[gazebo-2] NodeShared::RecvSrvRequest() error sending response: Host unreachable
[train_ppo-6] [WARN] [1787219980.815733840] [cobraflex_rl_interface]: Gazebo service call failed for /world/lane_following_complex_b/set_pose: Service call timed out
[train_ppo-6] PPO progress: 6000/2500000 (0%) | ep_rew_mean=12.31 | ep_len_mean=37 | episodes=100 | fps=7
[train_ppo-6] ----------------------------------------
[train_ppo-6] | rollout/                |            |
[train_ppo-6] |    ep_len_mean          | 35.6       |
[train_ppo-6] |    ep_rew_mean          | 11.7       |
[train_ppo-6] | time/                   |            |
[train_ppo-6] |    fps                  | 7          |
[train_ppo-6] |    iterations           | 6          |
[train_ppo-6] |    time_elapsed         | 841        |
[train_ppo-6] |    total_timesteps      | 6144       |
[train_ppo-6] | train/                  |            |
[train_ppo-6] |    approx_kl            | 0.05406943 |
[train_ppo-6] |    clip_fraction        | 0.294      |
[train_ppo-6] |    clip_range           | 0.2        |
[train_ppo-6] |    clip_range_vf        | 0.2        |
[train_ppo-6] |    entropy_loss         | -2.77      |
[train_ppo-6] |    explained_variance   | 0.378      |
[train_ppo-6] |    learning_rate        | 0.0003     |
[train_ppo-6] |    loss                 | -0.0286    |
[train_ppo-6] |    n_updates            | 50         |
[train_ppo-6] |    policy_gradient_loss | -0.0533    |
[train_ppo-6] |    std                  | 0.963      |
[train_ppo-6] |    value_loss           | 0.265      |
[train_ppo-6] ----------------------------------------
[train_ppo-6] PPO progress: 7000/2500000 (0%) | ep_rew_mean=13.97 | ep_len_mean=37 | episodes=100 | fps=7
[train_ppo-6] -----------------------------------------
[train_ppo-6] | rollout/                |             |
[train_ppo-6] |    ep_len_mean          | 38.1        |
[train_ppo-6] |    ep_rew_mean          | 14.6        |
[train_ppo-6] | time/                   |             |
[train_ppo-6] |    fps                  | 7           |
[train_ppo-6] |    iterations           | 7           |
[train_ppo-6] |    time_elapsed         | 975         |
[train_ppo-6] |    total_timesteps      | 7168        |
[train_ppo-6] | train/                  |             |
[train_ppo-6] |    approx_kl            | 0.040765464 |
[train_ppo-6] |    clip_fraction        | 0.31        |
[train_ppo-6] |    clip_range           | 0.2         |
[train_ppo-6] |    clip_range_vf        | 0.2         |
[train_ppo-6] |    entropy_loss         | -2.76       |
[train_ppo-6] |    explained_variance   | 0.187       |
[train_ppo-6] |    learning_rate        | 0.000299    |
[train_ppo-6] |    loss                 | -0.00855    |
[train_ppo-6] |    n_updates            | 60          |
[train_ppo-6] |    policy_gradient_loss | -0.0446     |
[train_ppo-6] |    std                  | 0.958       |
[train_ppo-6] |    value_loss           | 0.332       |
[train_ppo-6] -----------------------------------------
[train_ppo-6] PPO progress: 8000/2500000 (0%) | ep_rew_mean=17.81 | ep_len_mean=43 | episodes=100 | fps=7
[train_ppo-6] -----------------------------------------
[train_ppo-6] | rollout/                |             |
[train_ppo-6] |    ep_len_mean          | 44.7        |
[train_ppo-6] |    ep_rew_mean          | 18.8        |
[train_ppo-6] | time/                   |             |
[train_ppo-6] |    fps                  | 7           |
[train_ppo-6] |    iterations           | 8           |
[train_ppo-6] |    time_elapsed         | 1110        |
[train_ppo-6] |    total_timesteps      | 8192        |
[train_ppo-6] | train/                  |             |
[train_ppo-6] |    approx_kl            | 0.047035694 |
[train_ppo-6] |    clip_fraction        | 0.323       |
[train_ppo-6] |    clip_range           | 0.2         |
[train_ppo-6] |    clip_range_vf        | 0.2         |
[train_ppo-6] |    entropy_loss         | -2.75       |
[train_ppo-6] |    explained_variance   | 0.483       |
[train_ppo-6] |    learning_rate        | 0.000299    |
[train_ppo-6] |    loss                 | -0.0584     |
[train_ppo-6] |    n_updates            | 70          |
[train_ppo-6] |    policy_gradient_loss | -0.0561     |
[train_ppo-6] |    std                  | 0.953       |
[train_ppo-6] |    value_loss           | 0.278       |
[train_ppo-6] -----------------------------------------
[train_ppo-6] PPO progress: 9000/2500000 (0%) | ep_rew_mean=19.61 | ep_len_mean=44 | episodes=100 | fps=7
[train_ppo-6] ----------------------------------------
[train_ppo-6] | rollout/                |            |
[train_ppo-6] |    ep_len_mean          | 44         |
[train_ppo-6] |    ep_rew_mean          | 19.6       |
[train_ppo-6] | time/                   |            |
[train_ppo-6] |    fps                  | 7          |
[train_ppo-6] |    iterations           | 9          |
[train_ppo-6] |    time_elapsed         | 1232       |
[train_ppo-6] |    total_timesteps      | 9216       |
[train_ppo-6] | train/                  |            |
[train_ppo-6] |    approx_kl            | 0.08549081 |
[train_ppo-6] |    clip_fraction        | 0.351      |
[train_ppo-6] |    clip_range           | 0.2        |
[train_ppo-6] |    clip_range_vf        | 0.2        |
[train_ppo-6] |    entropy_loss         | -2.73      |
[train_ppo-6] |    explained_variance   | 0.478      |
[train_ppo-6] |    learning_rate        | 0.000299   |
[train_ppo-6] |    loss                 | -0.0546    |
[train_ppo-6] |    n_updates            | 80         |
[train_ppo-6] |    policy_gradient_loss | -0.0533    |
[train_ppo-6] |    std                  | 0.943      |
[train_ppo-6] |    value_loss           | 0.218      |
[train_ppo-6] ----------------------------------------
[train_ppo-6] PPO progress: 10000/2500000 (0%) | ep_rew_mean=26.02 | ep_len_mean=55 | episodes=100 | fps=7
[train_ppo-6] -----------------------------------------
[train_ppo-6] | rollout/                |             |
[train_ppo-6] |    ep_len_mean          | 56.8        |
[train_ppo-6] |    ep_rew_mean          | 27          |
[train_ppo-6] | time/                   |             |
[train_ppo-6] |    fps                  | 7           |
[train_ppo-6] |    iterations           | 10          |
[train_ppo-6] |    time_elapsed         | 1347        |
[train_ppo-6] |    total_timesteps      | 10240       |
[train_ppo-6] | train/                  |             |
[train_ppo-6] |    approx_kl            | 0.122086525 |
[train_ppo-6] |    clip_fraction        | 0.45        |
[train_ppo-6] |    clip_range           | 0.2         |
[train_ppo-6] |    clip_range_vf        | 0.2         |
[train_ppo-6] |    entropy_loss         | -2.72       |
[train_ppo-6] |    explained_variance   | 0.0884      |
[train_ppo-6] |    learning_rate        | 0.000299    |
[train_ppo-6] |    loss                 | -0.0103     |
[train_ppo-6] |    n_updates            | 90          |
[train_ppo-6] |    policy_gradient_loss | -0.0552     |
[train_ppo-6] |    std                  | 0.94        |
[train_ppo-6] |    value_loss           | 0.32        |
[train_ppo-6] -----------------------------------------
[gazebo-2] NodeShared::RecvSrvRequest() error sending response: Host unreachable
[train_ppo-6] [WARN] [1787220560.716855630] [cobraflex_rl_interface]: Gazebo service call failed for /world/lane_following_complex_b/set_pose: Service call timed out
[train_ppo-6] PPO progress: 11000/2500000 (0%) | ep_rew_mean=30.34 | ep_len_mean=63 | episodes=100 | fps=7
[train_ppo-6] ----------------------------------------
[train_ppo-6] | rollout/                |            |
[train_ppo-6] |    ep_len_mean          | 63.5       |
[train_ppo-6] |    ep_rew_mean          | 30.5       |
[train_ppo-6] | time/                   |            |
[train_ppo-6] |    fps                  | 7          |
[train_ppo-6] |    iterations           | 11         |
[train_ppo-6] |    time_elapsed         | 1475       |
[train_ppo-6] |    total_timesteps      | 11264      |
[train_ppo-6] | train/                  |            |
[train_ppo-6] |    approx_kl            | 0.14366627 |
[train_ppo-6] |    clip_fraction        | 0.432      |
[train_ppo-6] |    clip_range           | 0.2        |
[train_ppo-6] |    clip_range_vf        | 0.2        |
[train_ppo-6] |    entropy_loss         | -2.7       |
[train_ppo-6] |    explained_variance   | 0.442      |
[train_ppo-6] |    learning_rate        | 0.000299   |
[train_ppo-6] |    loss                 | -0.0764    |
[train_ppo-6] |    n_updates            | 100        |
[train_ppo-6] |    policy_gradient_loss | -0.0566    |
[train_ppo-6] |    std                  | 0.927      |
[train_ppo-6] |    value_loss           | 0.146      |
[train_ppo-6] ----------------------------------------
[train_ppo-6] PPO progress: 12000/2500000 (0%) | ep_rew_mean=33.70 | ep_len_mean=70 | episodes=100 | fps=7
[train_ppo-6] -----------------------------------------
[train_ppo-6] | rollout/                |             |
[train_ppo-6] |    ep_len_mean          | 69.6        |
[train_ppo-6] |    ep_rew_mean          | 33.7        |
[train_ppo-6] | time/                   |             |
[train_ppo-6] |    fps                  | 7           |
[train_ppo-6] |    iterations           | 12          |
[train_ppo-6] |    time_elapsed         | 1599        |
[train_ppo-6] |    total_timesteps      | 12288       |
[train_ppo-6] | train/                  |             |
[train_ppo-6] |    approx_kl            | 0.065844595 |
[train_ppo-6] |    clip_fraction        | 0.336       |
[train_ppo-6] |    clip_range           | 0.2         |
[train_ppo-6] |    clip_range_vf        | 0.2         |
[train_ppo-6] |    entropy_loss         | -2.68       |
[train_ppo-6] |    explained_variance   | 0.174       |
[train_ppo-6] |    learning_rate        | 0.000299    |
[train_ppo-6] |    loss                 | -0.081      |
[train_ppo-6] |    n_updates            | 110         |
[train_ppo-6] |    policy_gradient_loss | -0.0577     |
[train_ppo-6] |    std                  | 0.922       |
[train_ppo-6] |    value_loss           | 0.0926      |
[train_ppo-6] -----------------------------------------
[train_ppo-6] PPO progress: 13000/2500000 (1%) | ep_rew_mean=38.68 | ep_len_mean=76 | episodes=100 | fps=7
[train_ppo-6] ----------------------------------------
[train_ppo-6] | rollout/                |            |
[train_ppo-6] |    ep_len_mean          | 73.7       |
[train_ppo-6] |    ep_rew_mean          | 37.7       |
[train_ppo-6] | time/                   |            |
[train_ppo-6] |    fps                  | 7          |
[train_ppo-6] |    iterations           | 13         |
[train_ppo-6] |    time_elapsed         | 1724       |
[train_ppo-6] |    total_timesteps      | 13312      |
[train_ppo-6] | train/                  |            |
[train_ppo-6] |    approx_kl            | 0.09339434 |
[train_ppo-6] |    clip_fraction        | 0.378      |
[train_ppo-6] |    clip_range           | 0.2        |
[train_ppo-6] |    clip_range_vf        | 0.2        |
[train_ppo-6] |    entropy_loss         | -2.67      |
[train_ppo-6] |    explained_variance   | 0.617      |
[train_ppo-6] |    learning_rate        | 0.000299   |
[train_ppo-6] |    loss                 | -0.102     |
[train_ppo-6] |    n_updates            | 120        |
[train_ppo-6] |    policy_gradient_loss | -0.067     |
[train_ppo-6] |    std                  | 0.913      |
[train_ppo-6] |    value_loss           | 0.0747     |
[train_ppo-6] ----------------------------------------
[gazebo-2] NodeShared::RecvSrvRequest() error sending response: Host unreachable
[train_ppo-6] [WARN] [1787220966.080516294] [cobraflex_rl_interface]: Gazebo service call failed for /world/lane_following_complex_b/set_pose: Service call timed out
[train_ppo-6] PPO progress: 14000/2500000 (1%) | ep_rew_mean=40.92 | ep_len_mean=79 | episodes=100 | fps=7
[train_ppo-6] ---------------------------------------
[train_ppo-6] | rollout/                |           |
[train_ppo-6] |    ep_len_mean          | 80.1      |
[train_ppo-6] |    ep_rew_mean          | 41.7      |
[train_ppo-6] | time/                   |           |
[train_ppo-6] |    fps                  | 7         |
[train_ppo-6] |    iterations           | 14        |
[train_ppo-6] |    time_elapsed         | 1857      |
[train_ppo-6] |    total_timesteps      | 14336     |
[train_ppo-6] | train/                  |           |
[train_ppo-6] |    approx_kl            | 0.1932478 |
[train_ppo-6] |    clip_fraction        | 0.416     |
[train_ppo-6] |    clip_range           | 0.2       |
[train_ppo-6] |    clip_range_vf        | 0.2       |
[train_ppo-6] |    entropy_loss         | -2.64     |
[train_ppo-6] |    explained_variance   | 0.466     |
[train_ppo-6] |    learning_rate        | 0.000299  |
[train_ppo-6] |    loss                 | -0.0986   |
[train_ppo-6] |    n_updates            | 130       |
[train_ppo-6] |    policy_gradient_loss | -0.0716   |
[train_ppo-6] |    std                  | 0.897     |
[train_ppo-6] |    value_loss           | 0.116     |
[train_ppo-6] ---------------------------------------
[train_ppo-6] PPO progress: 15000/2500000 (1%) | ep_rew_mean=44.48 | ep_len_mean=84 | episodes=100 | fps=7
[train_ppo-6] -----------------------------------------
[train_ppo-6] | rollout/                |             |
[train_ppo-6] |    ep_len_mean          | 86.8        |
[train_ppo-6] |    ep_rew_mean          | 46.2        |
[train_ppo-6] | time/                   |             |
[train_ppo-6] |    fps                  | 7           |
[train_ppo-6] |    iterations           | 15          |
[train_ppo-6] |    time_elapsed         | 1985        |
[train_ppo-6] |    total_timesteps      | 15360       |
[train_ppo-6] | train/                  |             |
[train_ppo-6] |    approx_kl            | 0.076321065 |
[train_ppo-6] |    clip_fraction        | 0.382       |
[train_ppo-6] |    clip_range           | 0.2         |
[train_ppo-6] |    clip_range_vf        | 0.2         |
[train_ppo-6] |    entropy_loss         | -2.61       |
[train_ppo-6] |    explained_variance   | 0.357       |
[train_ppo-6] |    learning_rate        | 0.000299    |
[train_ppo-6] |    loss                 | -0.0714     |
[train_ppo-6] |    n_updates            | 140         |
[train_ppo-6] |    policy_gradient_loss | -0.0608     |
[train_ppo-6] |    std                  | 0.887       |
[train_ppo-6] |    value_loss           | 0.151       |
[train_ppo-6] -----------------------------------------
[train_ppo-6] PPO progress: 16000/2500000 (1%) | ep_rew_mean=48.00 | ep_len_mean=89 | episodes=100 | fps=7
[train_ppo-6] ---------------------------------------
[train_ppo-6] | rollout/                |           |
[train_ppo-6] |    ep_len_mean          | 92        |
[train_ppo-6] |    ep_rew_mean          | 50.4      |
[train_ppo-6] | time/                   |           |
[train_ppo-6] |    fps                  | 7         |
[train_ppo-6] |    iterations           | 16        |
[train_ppo-6] |    time_elapsed         | 2104      |
[train_ppo-6] |    total_timesteps      | 16384     |
[train_ppo-6] | train/                  |           |
[train_ppo-6] |    approx_kl            | 0.1696022 |
[train_ppo-6] |    clip_fraction        | 0.454     |
[train_ppo-6] |    clip_range           | 0.2       |
[train_ppo-6] |    clip_range_vf        | 0.2       |
[train_ppo-6] |    entropy_loss         | -2.59     |
[train_ppo-6] |    explained_variance   | 0.0837    |
[train_ppo-6] |    learning_rate        | 0.000299  |
[train_ppo-6] |    loss                 | -0.117    |
[train_ppo-6] |    n_updates            | 150       |
[train_ppo-6] |    policy_gradient_loss | -0.0671   |
[train_ppo-6] |    std                  | 0.877     |
[train_ppo-6] |    value_loss           | 0.148     |
[train_ppo-6] ---------------------------------------
[train_ppo-6] PPO progress: 17000/2500000 (1%) | ep_rew_mean=52.66 | ep_len_mean=95 | episodes=100 | fps=7
[train_ppo-6] ----------------------------------------
[train_ppo-6] | rollout/                |            |
[train_ppo-6] |    ep_len_mean          | 93.9       |
[train_ppo-6] |    ep_rew_mean          | 52.9       |
[train_ppo-6] | time/                   |            |
[train_ppo-6] |    fps                  | 7          |
[train_ppo-6] |    iterations           | 17         |
[train_ppo-6] |    time_elapsed         | 2234       |
[train_ppo-6] |    total_timesteps      | 17408      |
[train_ppo-6] | train/                  |            |
[train_ppo-6] |    approx_kl            | 0.10584695 |
[train_ppo-6] |    clip_fraction        | 0.441      |
[train_ppo-6] |    clip_range           | 0.2        |
[train_ppo-6] |    clip_range_vf        | 0.2        |
[train_ppo-6] |    entropy_loss         | -2.57      |
[train_ppo-6] |    explained_variance   | 0.376      |
[train_ppo-6] |    learning_rate        | 0.000298   |
[train_ppo-6] |    loss                 | -0.0908    |
[train_ppo-6] |    n_updates            | 160        |
[train_ppo-6] |    policy_gradient_loss | -0.0646    |
[train_ppo-6] |    std                  | 0.87       |
[train_ppo-6] |    value_loss           | 0.107      |
[train_ppo-6] ----------------------------------------
[train_ppo-6] PPO progress: 18000/2500000 (1%) | ep_rew_mean=57.42 | ep_len_mean=99 | episodes=100 | fps=7
[train_ppo-6] ----------------------------------------
[train_ppo-6] | rollout/                |            |
[train_ppo-6] |    ep_len_mean          | 98.6       |
[train_ppo-6] |    ep_rew_mean          | 56.7       |
[train_ppo-6] | time/                   |            |
[train_ppo-6] |    fps                  | 7          |
[train_ppo-6] |    iterations           | 18         |
[train_ppo-6] |    time_elapsed         | 2366       |
[train_ppo-6] |    total_timesteps      | 18432      |
[train_ppo-6] | train/                  |            |
[train_ppo-6] |    approx_kl            | 0.20514572 |
[train_ppo-6] |    clip_fraction        | 0.425      |
[train_ppo-6] |    clip_range           | 0.2        |
[train_ppo-6] |    clip_range_vf        | 0.2        |
[train_ppo-6] |    entropy_loss         | -2.55      |
[train_ppo-6] |    explained_variance   | 0.399      |
[train_ppo-6] |    learning_rate        | 0.000298   |
[train_ppo-6] |    loss                 | -0.0948    |
[train_ppo-6] |    n_updates            | 170        |
[train_ppo-6] |    policy_gradient_loss | -0.0616    |
[train_ppo-6] |    std                  | 0.862      |
[train_ppo-6] |    value_loss           | 0.167      |
[train_ppo-6] ----------------------------------------
[train_ppo-6] PPO progress: 19000/2500000 (1%) | ep_rew_mean=58.08 | ep_len_mean=100 | episodes=100 | fps=7
[train_ppo-6] ----------------------------------------
[train_ppo-6] | rollout/                |            |
[train_ppo-6] |    ep_len_mean          | 95.9       |
[train_ppo-6] |    ep_rew_mean          | 56.1       |
[train_ppo-6] | time/                   |            |
[train_ppo-6] |    fps                  | 7          |
[train_ppo-6] |    iterations           | 19         |
[train_ppo-6] |    time_elapsed         | 2490       |
[train_ppo-6] |    total_timesteps      | 19456      |
[train_ppo-6] | train/                  |            |
[train_ppo-6] |    approx_kl            | 0.14685985 |
[train_ppo-6] |    clip_fraction        | 0.482      |
[train_ppo-6] |    clip_range           | 0.2        |
[train_ppo-6] |    clip_range_vf        | 0.2        |
[train_ppo-6] |    entropy_loss         | -2.53      |
[train_ppo-6] |    explained_variance   | 0.072      |
[train_ppo-6] |    learning_rate        | 0.000298   |
[train_ppo-6] |    loss                 | 0.028      |
[train_ppo-6] |    n_updates            | 180        |
[train_ppo-6] |    policy_gradient_loss | -0.0641    |
[train_ppo-6] |    std                  | 0.854      |
[train_ppo-6] |    value_loss           | 0.189      |
[train_ppo-6] ----------------------------------------
[gazebo-2] NodeShared::RecvSrvRequest() error sending response: Host unreachable
[train_ppo-6] [WARN] [1787221692.395456640] [cobraflex_rl_interface]: Gazebo service call failed for /world/lane_following_complex_b/set_pose: Service call timed out
[train_ppo-6] PPO progress: 20000/2500000 (1%) | ep_rew_mean=52.94 | ep_len_mean=87 | episodes=100 | fps=7
[train_ppo-6] ----------------------------------------
[train_ppo-6] | rollout/                |            |
[train_ppo-6] |    ep_len_mean          | 89         |
[train_ppo-6] |    ep_rew_mean          | 55.4       |
[train_ppo-6] | time/                   |            |
[train_ppo-6] |    fps                  | 7          |
[train_ppo-6] |    iterations           | 20         |
[train_ppo-6] |    time_elapsed         | 2624       |
[train_ppo-6] |    total_timesteps      | 20480      |
[train_ppo-6] | train/                  |            |
[train_ppo-6] |    approx_kl            | 0.09244579 |
[train_ppo-6] |    clip_fraction        | 0.403      |
[train_ppo-6] |    clip_range           | 0.2        |
[train_ppo-6] |    clip_range_vf        | 0.2        |
[train_ppo-6] |    entropy_loss         | -2.52      |
[train_ppo-6] |    explained_variance   | 0.301      |
[train_ppo-6] |    learning_rate        | 0.000298   |
[train_ppo-6] |    loss                 | -0.0541    |
[train_ppo-6] |    n_updates            | 190        |
[train_ppo-6] |    policy_gradient_loss | -0.0627    |
[train_ppo-6] |    std                  | 0.851      |
[train_ppo-6] |    value_loss           | 0.123      |
[train_ppo-6] ----------------------------------------
[train_ppo-6] PPO progress: 21000/2500000 (1%) | ep_rew_mean=57.84 | ep_len_mean=92 | episodes=100 | fps=7
[train_ppo-6] ----------------------------------------
[train_ppo-6] | rollout/                |            |
[train_ppo-6] |    ep_len_mean          | 98.7       |
[train_ppo-6] |    ep_rew_mean          | 62.3       |
[train_ppo-6] | time/                   |            |
[train_ppo-6] |    fps                  | 7          |
[train_ppo-6] |    iterations           | 21         |
[train_ppo-6] |    time_elapsed         | 2744       |
[train_ppo-6] |    total_timesteps      | 21504      |
[train_ppo-6] | train/                  |            |
[train_ppo-6] |    approx_kl            | 0.13968183 |
[train_ppo-6] |    clip_fraction        | 0.439      |
[train_ppo-6] |    clip_range           | 0.2        |
[train_ppo-6] |    clip_range_vf        | 0.2        |
[train_ppo-6] |    entropy_loss         | -2.5       |
[train_ppo-6] |    explained_variance   | 0.418      |
[train_ppo-6] |    learning_rate        | 0.000298   |
[train_ppo-6] |    loss                 | -0.0497    |
[train_ppo-6] |    n_updates            | 200        |
[train_ppo-6] |    policy_gradient_loss | -0.0675    |
[train_ppo-6] |    std                  | 0.838      |
[train_ppo-6] |    value_loss           | 0.147      |
[train_ppo-6] ----------------------------------------
[train_ppo-6] PPO progress: 22000/2500000 (1%) | ep_rew_mean=60.63 | ep_len_mean=94 | episodes=100 | fps=7
[train_ppo-6] ----------------------------------------
[train_ppo-6] | rollout/                |            |
[train_ppo-6] |    ep_len_mean          | 95.9       |
[train_ppo-6] |    ep_rew_mean          | 62.6       |
[train_ppo-6] | time/                   |            |
[train_ppo-6] |    fps                  | 7          |
[train_ppo-6] |    iterations           | 22         |
[train_ppo-6] |    time_elapsed         | 2866       |
[train_ppo-6] |    total_timesteps      | 22528      |
[train_ppo-6] | train/                  |            |
[train_ppo-6] |    approx_kl            | 0.09900735 |
[train_ppo-6] |    clip_fraction        | 0.392      |
[train_ppo-6] |    clip_range           | 0.2        |
[train_ppo-6] |    clip_range_vf        | 0.2        |
[train_ppo-6] |    entropy_loss         | -2.47      |
[train_ppo-6] |    explained_variance   | -0.178     |
[train_ppo-6] |    learning_rate        | 0.000298   |
[train_ppo-6] |    loss                 | -0.0621    |
[train_ppo-6] |    n_updates            | 210        |
[train_ppo-6] |    policy_gradient_loss | -0.0561    |
[train_ppo-6] |    std                  | 0.827      |
[train_ppo-6] |    value_loss           | 0.112      |
[train_ppo-6] ----------------------------------------
[train_ppo-6] PPO progress: 23000/2500000 (1%) | ep_rew_mean=65.94 | ep_len_mean=100 | episodes=100 | fps=7
[train_ppo-6] ----------------------------------------
[train_ppo-6] | rollout/                |            |
[train_ppo-6] |    ep_len_mean          | 99.9       |
[train_ppo-6] |    ep_rew_mean          | 65.9       |
[train_ppo-6] | time/                   |            |
[train_ppo-6] |    fps                  | 7          |
[train_ppo-6] |    iterations           | 23         |
[train_ppo-6] |    time_elapsed         | 2988       |
[train_ppo-6] |    total_timesteps      | 23552      |
[train_ppo-6] | train/                  |            |
[train_ppo-6] |    approx_kl            | 0.10636454 |
[train_ppo-6] |    clip_fraction        | 0.432      |
[train_ppo-6] |    clip_range           | 0.2        |
[train_ppo-6] |    clip_range_vf        | 0.2        |
[train_ppo-6] |    entropy_loss         | -2.45      |
[train_ppo-6] |    explained_variance   | 0.505      |
[train_ppo-6] |    learning_rate        | 0.000298   |
[train_ppo-6] |    loss                 | -0.124     |
[train_ppo-6] |    n_updates            | 220        |
[train_ppo-6] |    policy_gradient_loss | -0.0657    |
[train_ppo-6] |    std                  | 0.817      |
[train_ppo-6] |    value_loss           | 0.103      |
[train_ppo-6] ----------------------------------------
[gazebo-2] NodeShared::RecvSrvRequest() error sending response: Host unreachable
[train_ppo-6] [WARN] [1787222219.427976572] [cobraflex_rl_interface]: Gazebo service call failed for /world/lane_following_complex_b/set_pose: Service call timed out
[train_ppo-6] Early stopping at step 6 due to reaching max kl: 0.97
[train_ppo-6] PPO progress: 24000/2500000 (1%) | ep_rew_mean=72.58 | ep_len_mean=108 | episodes=100 | fps=7
[train_ppo-6] ----------------------------------------
[train_ppo-6] | rollout/                |            |
[train_ppo-6] |    ep_len_mean          | 108        |
[train_ppo-6] |    ep_rew_mean          | 73.6       |
[train_ppo-6] | time/                   |            |
[train_ppo-6] |    fps                  | 7          |
[train_ppo-6] |    iterations           | 24         |
[train_ppo-6] |    time_elapsed         | 3114       |
[train_ppo-6] |    total_timesteps      | 24576      |
[train_ppo-6] | train/                  |            |
[train_ppo-6] |    approx_kl            | 0.23895058 |
[train_ppo-6] |    clip_fraction        | 0.436      |
[train_ppo-6] |    clip_range           | 0.2        |
[train_ppo-6] |    clip_range_vf        | 0.2        |
[train_ppo-6] |    entropy_loss         | -2.43      |
[train_ppo-6] |    explained_variance   | 0.546      |
[train_ppo-6] |    learning_rate        | 0.000298   |
[train_ppo-6] |    loss                 | -0.0763    |
[train_ppo-6] |    n_updates            | 227        |
[train_ppo-6] |    policy_gradient_loss | -0.0555    |
[train_ppo-6] |    std                  | 0.811      |
[train_ppo-6] |    value_loss           | 0.101      |
[train_ppo-6] ----------------------------------------
[train_ppo-6] PPO progress: 25000/2500000 (1%) | ep_rew_mean=73.58 | ep_len_mean=108 | episodes=100 | fps=7
[train_ppo-6] ---------------------------------------
[train_ppo-6] | rollout/                |           |
[train_ppo-6] |    ep_len_mean          | 116       |
[train_ppo-6] |    ep_rew_mean          | 80.1      |
[train_ppo-6] | time/                   |           |
[train_ppo-6] |    fps                  | 7         |
[train_ppo-6] |    iterations           | 25        |
[train_ppo-6] |    time_elapsed         | 3233      |
[train_ppo-6] |    total_timesteps      | 25600     |
[train_ppo-6] | train/                  |           |
[train_ppo-6] |    approx_kl            | 0.2281396 |
[train_ppo-6] |    clip_fraction        | 0.522     |
[train_ppo-6] |    clip_range           | 0.2       |
[train_ppo-6] |    clip_range_vf        | 0.2       |
[train_ppo-6] |    entropy_loss         | -2.4      |
[train_ppo-6] |    explained_variance   | 0.495     |
[train_ppo-6] |    learning_rate        | 0.000298  |
[train_ppo-6] |    loss                 | 0.014     |
[train_ppo-6] |    n_updates            | 237       |
[train_ppo-6] |    policy_gradient_loss | -0.0765   |
[train_ppo-6] |    std                  | 0.793     |
[train_ppo-6] |    value_loss           | 0.225     |
[train_ppo-6] ---------------------------------------
[train_ppo-6] PPO progress: 26000/2500000 (1%) | ep_rew_mean=80.13 | ep_len_mean=116 | episodes=100 | fps=7
[train_ppo-6] ----------------------------------------
[train_ppo-6] | rollout/                |            |
[train_ppo-6] |    ep_len_mean          | 116        |
[train_ppo-6] |    ep_rew_mean          | 80.1       |
[train_ppo-6] | time/                   |            |
[train_ppo-6] |    fps                  | 7          |
[train_ppo-6] |    iterations           | 26         |
[train_ppo-6] |    time_elapsed         | 3351       |
[train_ppo-6] |    total_timesteps      | 26624      |
[train_ppo-6] | train/                  |            |
[train_ppo-6] |    approx_kl            | 0.15675521 |
[train_ppo-6] |    clip_fraction        | 0.497      |
[train_ppo-6] |    clip_range           | 0.2        |
[train_ppo-6] |    clip_range_vf        | 0.2        |
[train_ppo-6] |    entropy_loss         | -2.36      |
[train_ppo-6] |    explained_variance   | 0.235      |
[train_ppo-6] |    learning_rate        | 0.000298   |
[train_ppo-6] |    loss                 | -0.142     |
[train_ppo-6] |    n_updates            | 247        |
[train_ppo-6] |    policy_gradient_loss | -0.0604    |
[train_ppo-6] |    std                  | 0.781      |
[train_ppo-6] |    value_loss           | 0.0768     |
[train_ppo-6] ----------------------------------------
[train_ppo-6] PPO progress: 27000/2500000 (1%) | ep_rew_mean=80.13 | ep_len_mean=116 | episodes=100 | fps=7
[train_ppo-6] ----------------------------------------
[train_ppo-6] | rollout/                |            |
[train_ppo-6] |    ep_len_mean          | 132        |
[train_ppo-6] |    ep_rew_mean          | 95.7       |
[train_ppo-6] | time/                   |            |
[train_ppo-6] |    fps                  | 7          |
[train_ppo-6] |    iterations           | 27         |
[train_ppo-6] |    time_elapsed         | 3472       |
[train_ppo-6] |    total_timesteps      | 27648      |
[train_ppo-6] | train/                  |            |
[train_ppo-6] |    approx_kl            | 0.25444633 |
[train_ppo-6] |    clip_fraction        | 0.587      |
[train_ppo-6] |    clip_range           | 0.2        |
[train_ppo-6] |    clip_range_vf        | 0.2        |
[train_ppo-6] |    entropy_loss         | -2.33      |
[train_ppo-6] |    explained_variance   | 0.183      |
[train_ppo-6] |    learning_rate        | 0.000297   |
[train_ppo-6] |    loss                 | -0.167     |
[train_ppo-6] |    n_updates            | 257        |
[train_ppo-6] |    policy_gradient_loss | -0.0732    |
[train_ppo-6] |    std                  | 0.766      |
[train_ppo-6] |    value_loss           | 0.0517     |
[train_ppo-6] ----------------------------------------
[train_ppo-6] Early stopping at step 3 due to reaching max kl: 0.96
[train_ppo-6] PPO progress: 28000/2500000 (1%) | ep_rew_mean=95.68 | ep_len_mean=132 | episodes=100 | fps=7
[train_ppo-6] ---------------------------------------
[train_ppo-6] | rollout/                |           |
[train_ppo-6] |    ep_len_mean          | 137       |
[train_ppo-6] |    ep_rew_mean          | 98.7      |
[train_ppo-6] | time/                   |           |
[train_ppo-6] |    fps                  | 7         |
[train_ppo-6] |    iterations           | 28        |
[train_ppo-6] |    time_elapsed         | 3601      |
[train_ppo-6] |    total_timesteps      | 28672     |
[train_ppo-6] | train/                  |           |
[train_ppo-6] |    approx_kl            | 0.9649256 |
[train_ppo-6] |    clip_fraction        | 0.392     |
[train_ppo-6] |    clip_range           | 0.2       |
[train_ppo-6] |    clip_range_vf        | 0.2       |
[train_ppo-6] |    entropy_loss         | -2.3      |
[train_ppo-6] |    explained_variance   | 0.881     |
[train_ppo-6] |    learning_rate        | 0.000297  |
[train_ppo-6] |    loss                 | -0.112    |
[train_ppo-6] |    n_updates            | 261       |
[train_ppo-6] |    policy_gradient_loss | -0.00886  |
[train_ppo-6] |    std                  | 0.766     |
[train_ppo-6] |    value_loss           | 0.0422    |
[train_ppo-6] ---------------------------------------
[train_ppo-6] PPO progress: 29000/2500000 (1%) | ep_rew_mean=103.65 | ep_len_mean=144 | episodes=100 | fps=7
[train_ppo-6] ----------------------------------------
[train_ppo-6] | rollout/                |            |
[train_ppo-6] |    ep_len_mean          | 142        |
[train_ppo-6] |    ep_rew_mean          | 103        |
[train_ppo-6] | time/                   |            |
[train_ppo-6] |    fps                  | 7          |
[train_ppo-6] |    iterations           | 29         |
[train_ppo-6] |    time_elapsed         | 3735       |
[train_ppo-6] |    total_timesteps      | 29696      |
[train_ppo-6] | train/                  |            |
[train_ppo-6] |    approx_kl            | 0.12360257 |
[train_ppo-6] |    clip_fraction        | 0.421      |
[train_ppo-6] |    clip_range           | 0.2        |
[train_ppo-6] |    clip_range_vf        | 0.2        |
[train_ppo-6] |    entropy_loss         | -2.3       |
[train_ppo-6] |    explained_variance   | 0.428      |
[train_ppo-6] |    learning_rate        | 0.000297   |
[train_ppo-6] |    loss                 | -0.0907    |
[train_ppo-6] |    n_updates            | 271        |
[train_ppo-6] |    policy_gradient_loss | -0.0623    |
[train_ppo-6] |    std                  | 0.758      |
[train_ppo-6] |    value_loss           | 0.0607     |
[train_ppo-6] ----------------------------------------
[train_ppo-6] PPO progress: 30000/2500000 (1%) | ep_rew_mean=104.16 | ep_len_mean=144 | episodes=100 | fps=7
[train_ppo-6] ----------------------------------------
[train_ppo-6] | rollout/                |            |
[train_ppo-6] |    ep_len_mean          | 133        |
[train_ppo-6] |    ep_rew_mean          | 97.1       |
[train_ppo-6] | time/                   |            |
[train_ppo-6] |    fps                  | 7          |
[train_ppo-6] |    iterations           | 30         |
[train_ppo-6] |    time_elapsed         | 3867       |
[train_ppo-6] |    total_timesteps      | 30720      |
[train_ppo-6] | train/                  |            |
[train_ppo-6] |    approx_kl            | 0.13244633 |
[train_ppo-6] |    clip_fraction        | 0.441      |
[train_ppo-6] |    clip_range           | 0.2        |
[train_ppo-6] |    clip_range_vf        | 0.2        |
[train_ppo-6] |    entropy_loss         | -2.27      |
[train_ppo-6] |    explained_variance   | 0.299      |
[train_ppo-6] |    learning_rate        | 0.000297   |
[train_ppo-6] |    loss                 | -0.129     |
[train_ppo-6] |    n_updates            | 281        |
[train_ppo-6] |    policy_gradient_loss | -0.0605    |
[train_ppo-6] |    std                  | 0.749      |
[train_ppo-6] |    value_loss           | 0.13       |
[train_ppo-6] ----------------------------------------
[train_ppo-6] PPO progress: 31000/2500000 (1%) | ep_rew_mean=102.16 | ep_len_mean=139 | episodes=100 | fps=7
[train_ppo-6] ----------------------------------------
[train_ppo-6] | rollout/                |            |
[train_ppo-6] |    ep_len_mean          | 144        |
[train_ppo-6] |    ep_rew_mean          | 107        |
[train_ppo-6] | time/                   |            |
[train_ppo-6] |    fps                  | 7          |
[train_ppo-6] |    iterations           | 31         |
[train_ppo-6] |    time_elapsed         | 3996       |
[train_ppo-6] |    total_timesteps      | 31744      |
[train_ppo-6] | train/                  |            |
[train_ppo-6] |    approx_kl            | 0.12169381 |
[train_ppo-6] |    clip_fraction        | 0.477      |
[train_ppo-6] |    clip_range           | 0.2        |
[train_ppo-6] |    clip_range_vf        | 0.2        |
[train_ppo-6] |    entropy_loss         | -2.25      |
[train_ppo-6] |    explained_variance   | 0.793      |
[train_ppo-6] |    learning_rate        | 0.000297   |
[train_ppo-6] |    loss                 | -0.11      |
[train_ppo-6] |    n_updates            | 291        |
[train_ppo-6] |    policy_gradient_loss | -0.0585    |
[train_ppo-6] |    std                  | 0.743      |
[train_ppo-6] |    value_loss           | 0.0867     |
[train_ppo-6] ----------------------------------------
[train_ppo-6] PPO progress: 32000/2500000 (1%) | ep_rew_mean=106.71 | ep_len_mean=144 | episodes=100 | fps=7
[train_ppo-6] ----------------------------------------
[train_ppo-6] | rollout/                |            |
[train_ppo-6] |    ep_len_mean          | 144        |
[train_ppo-6] |    ep_rew_mean          | 107        |
[train_ppo-6] | time/                   |            |
[train_ppo-6] |    fps                  | 7          |
[train_ppo-6] |    iterations           | 32         |
[train_ppo-6] |    time_elapsed         | 4114       |
[train_ppo-6] |    total_timesteps      | 32768      |
[train_ppo-6] | train/                  |            |
[train_ppo-6] |    approx_kl            | 0.15743884 |
[train_ppo-6] |    clip_fraction        | 0.486      |
[train_ppo-6] |    clip_range           | 0.2        |
[train_ppo-6] |    clip_range_vf        | 0.2        |
[train_ppo-6] |    entropy_loss         | -2.24      |
[train_ppo-6] |    explained_variance   | 0.0344     |
[train_ppo-6] |    learning_rate        | 0.000297   |
[train_ppo-6] |    loss                 | -0.101     |
[train_ppo-6] |    n_updates            | 301        |
[train_ppo-6] |    policy_gradient_loss | -0.0596    |
[train_ppo-6] |    std                  | 0.736      |
[train_ppo-6] |    value_loss           | 0.155      |
[train_ppo-6] ----------------------------------------
[train_ppo-6] PPO progress: 33000/2500000 (1%) | ep_rew_mean=106.71 | ep_len_mean=144 | episodes=100 | fps=7
[train_ppo-6] ---------------------------------------
[train_ppo-6] | rollout/                |           |
[train_ppo-6] |    ep_len_mean          | 160       |
[train_ppo-6] |    ep_rew_mean          | 120       |
[train_ppo-6] | time/                   |           |
[train_ppo-6] |    fps                  | 7         |
[train_ppo-6] |    iterations           | 33        |
[train_ppo-6] |    time_elapsed         | 4234      |
[train_ppo-6] |    total_timesteps      | 33792     |
[train_ppo-6] | train/                  |           |
[train_ppo-6] |    approx_kl            | 0.3178228 |
[train_ppo-6] |    clip_fraction        | 0.612     |
[train_ppo-6] |    clip_range           | 0.2       |
[train_ppo-6] |    clip_range_vf        | 0.2       |
[train_ppo-6] |    entropy_loss         | -2.21     |
[train_ppo-6] |    explained_variance   | -1.94     |
[train_ppo-6] |    learning_rate        | 0.000297  |
[train_ppo-6] |    loss                 | -0.179    |
[train_ppo-6] |    n_updates            | 311       |
[train_ppo-6] |    policy_gradient_loss | -0.0876   |
[train_ppo-6] |    std                  | 0.725     |
[train_ppo-6] |    value_loss           | 0.0383    |
[train_ppo-6] ---------------------------------------
[train_ppo-6] PPO progress: 34000/2500000 (1%) | ep_rew_mean=118.03 | ep_len_mean=156 | episodes=100 | fps=7
[train_ppo-6] ----------------------------------------
[train_ppo-6] | rollout/                |            |
[train_ppo-6] |    ep_len_mean          | 154        |
[train_ppo-6] |    ep_rew_mean          | 117        |
[train_ppo-6] | time/                   |            |
[train_ppo-6] |    fps                  | 7          |
[train_ppo-6] |    iterations           | 34         |
[train_ppo-6] |    time_elapsed         | 4367       |
[train_ppo-6] |    total_timesteps      | 34816      |
[train_ppo-6] | train/                  |            |
[train_ppo-6] |    approx_kl            | 0.15107925 |
[train_ppo-6] |    clip_fraction        | 0.427      |
[train_ppo-6] |    clip_range           | 0.2        |
[train_ppo-6] |    clip_range_vf        | 0.2        |
[train_ppo-6] |    entropy_loss         | -2.18      |
[train_ppo-6] |    explained_variance   | 0.435      |
[train_ppo-6] |    learning_rate        | 0.000297   |
[train_ppo-6] |    loss                 | -0.117     |
[train_ppo-6] |    n_updates            | 321        |
[train_ppo-6] |    policy_gradient_loss | -0.0615    |
[train_ppo-6] |    std                  | 0.711      |
[train_ppo-6] |    value_loss           | 0.0953     |
[train_ppo-6] ----------------------------------------
[train_ppo-6] PPO progress: 35000/2500000 (1%) | ep_rew_mean=116.77 | ep_len_mean=154 | episodes=100 | fps=7
[train_ppo-6] ----------------------------------------
[train_ppo-6] | rollout/                |            |
[train_ppo-6] |    ep_len_mean          | 171        |
[train_ppo-6] |    ep_rew_mean          | 129        |
[train_ppo-6] | time/                   |            |
[train_ppo-6] |    fps                  | 7          |
[train_ppo-6] |    iterations           | 35         |
[train_ppo-6] |    time_elapsed         | 4489       |
[train_ppo-6] |    total_timesteps      | 35840      |
[train_ppo-6] | train/                  |            |
[train_ppo-6] |    approx_kl            | 0.27281097 |
[train_ppo-6] |    clip_fraction        | 0.363      |
[train_ppo-6] |    clip_range           | 0.2        |
[train_ppo-6] |    clip_range_vf        | 0.2        |
[train_ppo-6] |    entropy_loss         | -2.13      |
[train_ppo-6] |    explained_variance   | -0.0202    |
[train_ppo-6] |    learning_rate        | 0.000297   |
[train_ppo-6] |    loss                 | -0.09      |
[train_ppo-6] |    n_updates            | 331        |
[train_ppo-6] |    policy_gradient_loss | -0.06      |
[train_ppo-6] |    std                  | 0.691      |
[train_ppo-6] |    value_loss           | 0.0855     |
[train_ppo-6] ----------------------------------------
[train_ppo-6] PPO progress: 36000/2500000 (1%) | ep_rew_mean=129.00 | ep_len_mean=171 | episodes=100 | fps=7
[gazebo-2] NodeShared::RecvSrvRequest() error sending response: Host unreachable
[train_ppo-6] [WARN] [1787223797.810750002] [cobraflex_rl_interface]: Gazebo service call failed for /world/lane_following_complex_b/set_pose: Service call timed out
[train_ppo-6] ----------------------------------------
[train_ppo-6] | rollout/                |            |
[train_ppo-6] |    ep_len_mean          | 173        |
[train_ppo-6] |    ep_rew_mean          | 132        |
[train_ppo-6] | time/                   |            |
[train_ppo-6] |    fps                  | 7          |
[train_ppo-6] |    iterations           | 36         |
[train_ppo-6] |    time_elapsed         | 4615       |
[train_ppo-6] |    total_timesteps      | 36864      |
[train_ppo-6] | train/                  |            |
[train_ppo-6] |    approx_kl            | 0.07606453 |
[train_ppo-6] |    clip_fraction        | 0.386      |
[train_ppo-6] |    clip_range           | 0.2        |
[train_ppo-6] |    clip_range_vf        | 0.2        |
[train_ppo-6] |    entropy_loss         | -2.09      |
[train_ppo-6] |    explained_variance   | 0.356      |
[train_ppo-6] |    learning_rate        | 0.000297   |
[train_ppo-6] |    loss                 | -0.0871    |
[train_ppo-6] |    n_updates            | 341        |
[train_ppo-6] |    policy_gradient_loss | -0.0457    |
[train_ppo-6] |    std                  | 0.685      |
[train_ppo-6] |    value_loss           | 0.0449     |
[train_ppo-6] ----------------------------------------
[train_ppo-6] PPO progress: 37000/2500000 (1%) | ep_rew_mean=132.37 | ep_len_mean=173 | episodes=100 | fps=7
[gazebo-2] NodeShared::RecvSrvRequest() error sending response: Host unreachable
[train_ppo-6] [WARN] [1787223852.056847129] [cobraflex_rl_interface]: Gazebo service call failed for /world/lane_following_complex_b/set_pose: Service call timed out
[gazebo-2] NodeShared::RecvSrvRequest() error sending response: Host unreachable
[train_ppo-6] [WARN] [1787223880.294841440] [cobraflex_rl_interface]: Gazebo service call failed for /world/lane_following_complex_b/set_pose: Service call timed out
[gazebo-2] NodeShared::RecvSrvRequest() error sending response: Host unreachable
[train_ppo-6] [WARN] [1787223888.392399824] [cobraflex_rl_interface]: Gazebo service call failed for /world/lane_following_complex_b/set_pose: Service call timed out
[gazebo-2] NodeShared::RecvSrvRequest() error sending response: Host unreachable
[train_ppo-6] [WARN] [1787223900.670301423] [cobraflex_rl_interface]: Gazebo service call failed for /world/lane_following_complex_b/set_pose: Service call timed out
[train_ppo-6] ----------------------------------------
[train_ppo-6] | rollout/                |            |
[train_ppo-6] |    ep_len_mean          | 160        |
[train_ppo-6] |    ep_rew_mean          | 124        |
[train_ppo-6] | time/                   |            |
[train_ppo-6] |    fps                  | 7          |
[train_ppo-6] |    iterations           | 37         |
[train_ppo-6] |    time_elapsed         | 4766       |
[train_ppo-6] |    total_timesteps      | 37888      |
[train_ppo-6] | train/                  |            |
[train_ppo-6] |    approx_kl            | 0.22101185 |
[train_ppo-6] |    clip_fraction        | 0.49       |
[train_ppo-6] |    clip_range           | 0.2        |
[train_ppo-6] |    clip_range_vf        | 0.2        |
[train_ppo-6] |    entropy_loss         | -2.07      |
[train_ppo-6] |    explained_variance   | 0.521      |
[train_ppo-6] |    learning_rate        | 0.000296   |
[train_ppo-6] |    loss                 | -0.103     |
[train_ppo-6] |    n_updates            | 351        |
[train_ppo-6] |    policy_gradient_loss | -0.0701    |
[train_ppo-6] |    std                  | 0.671      |
[train_ppo-6] |    value_loss           | 0.0745     |
[train_ppo-6] ----------------------------------------
[train_ppo-6] PPO progress: 38000/2500000 (2%) | ep_rew_mean=124.21 | ep_len_mean=161 | episodes=100 | fps=7
[gazebo-2] NodeShared::RecvSrvRequest() error sending response: Host unreachable
[train_ppo-6] [WARN] [1787224001.983245647] [cobraflex_rl_interface]: Gazebo service call failed for /world/lane_following_complex_b/set_pose: Service call timed out
[train_ppo-6] ----------------------------------------
[train_ppo-6] | rollout/                |            |
[train_ppo-6] |    ep_len_mean          | 159        |
[train_ppo-6] |    ep_rew_mean          | 123        |
[train_ppo-6] | time/                   |            |
[train_ppo-6] |    fps                  | 7          |
[train_ppo-6] |    iterations           | 38         |
[train_ppo-6] |    time_elapsed         | 4891       |
[train_ppo-6] |    total_timesteps      | 38912      |
[train_ppo-6] | train/                  |            |
[train_ppo-6] |    approx_kl            | 0.17335016 |
[train_ppo-6] |    clip_fraction        | 0.477      |
[train_ppo-6] |    clip_range           | 0.2        |
[train_ppo-6] |    clip_range_vf        | 0.2        |
[train_ppo-6] |    entropy_loss         | -2.02      |
[train_ppo-6] |    explained_variance   | 0.527      |
[train_ppo-6] |    learning_rate        | 0.000296   |
[train_ppo-6] |    loss                 | -0.0902    |
[train_ppo-6] |    n_updates            | 361        |
[train_ppo-6] |    policy_gradient_loss | -0.0712    |
[train_ppo-6] |    std                  | 0.658      |
[train_ppo-6] |    value_loss           | 0.139      |
[train_ppo-6] ----------------------------------------
[train_ppo-6] PPO progress: 39000/2500000 (2%) | ep_rew_mean=122.94 | ep_len_mean=159 | episodes=100 | fps=7
[train_ppo-6] ----------------------------------------
[train_ppo-6] | rollout/                |            |
[train_ppo-6] |    ep_len_mean          | 173        |
[train_ppo-6] |    ep_rew_mean          | 135        |
[train_ppo-6] | time/                   |            |
[train_ppo-6] |    fps                  | 7          |
[train_ppo-6] |    iterations           | 39         |
[train_ppo-6] |    time_elapsed         | 5010       |
[train_ppo-6] |    total_timesteps      | 39936      |
[train_ppo-6] | train/                  |            |
[train_ppo-6] |    approx_kl            | 0.32571307 |
[train_ppo-6] |    clip_fraction        | 0.547      |
[train_ppo-6] |    clip_range           | 0.2        |
[train_ppo-6] |    clip_range_vf        | 0.2        |
[train_ppo-6] |    entropy_loss         | -1.99      |
[train_ppo-6] |    explained_variance   | 0.523      |
[train_ppo-6] |    learning_rate        | 0.000296   |
[train_ppo-6] |    loss                 | -0.0995    |
[train_ppo-6] |    n_updates            | 371        |
[train_ppo-6] |    policy_gradient_loss | -0.0595    |
[train_ppo-6] |    std                  | 0.647      |
[train_ppo-6] |    value_loss           | 0.102      |
[train_ppo-6] ----------------------------------------
[train_ppo-6] PPO progress: 40000/2500000 (2%) | ep_rew_mean=134.76 | ep_len_mean=173 | episodes=100 | fps=7
[train_ppo-6] ----------------------------------------
[train_ppo-6] | rollout/                |            |
[train_ppo-6] |    ep_len_mean          | 173        |
[train_ppo-6] |    ep_rew_mean          | 135        |
[train_ppo-6] | time/                   |            |
[train_ppo-6] |    fps                  | 7          |
[train_ppo-6] |    iterations           | 40         |
[train_ppo-6] |    time_elapsed         | 5128       |
[train_ppo-6] |    total_timesteps      | 40960      |
[train_ppo-6] | train/                  |            |
[train_ppo-6] |    approx_kl            | 0.11047046 |
[train_ppo-6] |    clip_fraction        | 0.444      |
[train_ppo-6] |    clip_range           | 0.2        |
[train_ppo-6] |    clip_range_vf        | 0.2        |
[train_ppo-6] |    entropy_loss         | -1.96      |
[train_ppo-6] |    explained_variance   | 0.26       |
[train_ppo-6] |    learning_rate        | 0.000296   |
[train_ppo-6] |    loss                 | -0.0786    |
[train_ppo-6] |    n_updates            | 381        |
[train_ppo-6] |    policy_gradient_loss | -0.0519    |
[train_ppo-6] |    std                  | 0.641      |
[train_ppo-6] |    value_loss           | 0.0515     |
[train_ppo-6] ----------------------------------------
[train_ppo-6] PPO progress: 41000/2500000 (2%) | ep_rew_mean=134.76 | ep_len_mean=173 | episodes=100 | fps=7
[train_ppo-6] ----------------------------------------
[train_ppo-6] | rollout/                |            |
[train_ppo-6] |    ep_len_mean          | 184        |
[train_ppo-6] |    ep_rew_mean          | 145        |
[train_ppo-6] | time/                   |            |
[train_ppo-6] |    fps                  | 8          |
[train_ppo-6] |    iterations           | 41         |
[train_ppo-6] |    time_elapsed         | 5247       |
[train_ppo-6] |    total_timesteps      | 41984      |
[train_ppo-6] | train/                  |            |
[train_ppo-6] |    approx_kl            | 0.11683136 |
[train_ppo-6] |    clip_fraction        | 0.492      |
[train_ppo-6] |    clip_range           | 0.2        |
[train_ppo-6] |    clip_range_vf        | 0.2        |
[train_ppo-6] |    entropy_loss         | -1.94      |
[train_ppo-6] |    explained_variance   | -0.162     |
[train_ppo-6] |    learning_rate        | 0.000296   |
[train_ppo-6] |    loss                 | -0.065     |
[train_ppo-6] |    n_updates            | 391        |
[train_ppo-6] |    policy_gradient_loss | -0.0593    |
[train_ppo-6] |    std                  | 0.639      |
[train_ppo-6] |    value_loss           | 0.0167     |
[train_ppo-6] ----------------------------------------
[train_ppo-6] PPO progress: 42000/2500000 (2%) | ep_rew_mean=145.27 | ep_len_mean=184 | episodes=100 | fps=8
[train_ppo-6] PPO progress: 43000/2500000 (2%) | ep_rew_mean=156.97 | ep_len_mean=197 | episodes=100 | fps=8
[train_ppo-6] ----------------------------------------
[train_ppo-6] | rollout/                |            |
[train_ppo-6] |    ep_len_mean          | 197        |
[train_ppo-6] |    ep_rew_mean          | 157        |
[train_ppo-6] | time/                   |            |
[train_ppo-6] |    fps                  | 8          |
[train_ppo-6] |    iterations           | 42         |
[train_ppo-6] |    time_elapsed         | 5368       |
[train_ppo-6] |    total_timesteps      | 43008      |
[train_ppo-6] | train/                  |            |
[train_ppo-6] |    approx_kl            | 0.34949684 |
[train_ppo-6] |    clip_fraction        | 0.608      |
[train_ppo-6] |    clip_range           | 0.2        |
[train_ppo-6] |    clip_range_vf        | 0.2        |
[train_ppo-6] |    entropy_loss         | -1.92      |
[train_ppo-6] |    explained_variance   | 0.0653     |
[train_ppo-6] |    learning_rate        | 0.000296   |
[train_ppo-6] |    loss                 | -0.106     |
[train_ppo-6] |    n_updates            | 401        |
[train_ppo-6] |    policy_gradient_loss | -0.0805    |
[train_ppo-6] |    std                  | 0.624      |
[train_ppo-6] |    value_loss           | 0.0665     |
[train_ppo-6] ----------------------------------------
[train_ppo-6] PPO progress: 44000/2500000 (2%) | ep_rew_mean=156.82 | ep_len_mean=195 | episodes=100 | fps=8
[train_ppo-6] ----------------------------------------
[train_ppo-6] | rollout/                |            |
[train_ppo-6] |    ep_len_mean          | 195        |
[train_ppo-6] |    ep_rew_mean          | 157        |
[train_ppo-6] | time/                   |            |
[train_ppo-6] |    fps                  | 8          |
[train_ppo-6] |    iterations           | 43         |
[train_ppo-6] |    time_elapsed         | 5490       |
[train_ppo-6] |    total_timesteps      | 44032      |
[train_ppo-6] | train/                  |            |
[train_ppo-6] |    approx_kl            | 0.31634697 |
[train_ppo-6] |    clip_fraction        | 0.591      |
[train_ppo-6] |    clip_range           | 0.2        |
[train_ppo-6] |    clip_range_vf        | 0.2        |
[train_ppo-6] |    entropy_loss         | -1.88      |
[train_ppo-6] |    explained_variance   | -0.0904    |
[train_ppo-6] |    learning_rate        | 0.000296   |
[train_ppo-6] |    loss                 | -0.155     |
[train_ppo-6] |    n_updates            | 411        |
[train_ppo-6] |    policy_gradient_loss | -0.0666    |
[train_ppo-6] |    std                  | 0.612      |
[train_ppo-6] |    value_loss           | 0.0559     |
[train_ppo-6] ----------------------------------------
[train_ppo-6] PPO progress: 45000/2500000 (2%) | ep_rew_mean=156.82 | ep_len_mean=195 | episodes=100 | fps=8
[train_ppo-6] ----------------------------------------
[train_ppo-6] | rollout/                |            |
[train_ppo-6] |    ep_len_mean          | 195        |
[train_ppo-6] |    ep_rew_mean          | 157        |
[train_ppo-6] | time/                   |            |
[train_ppo-6] |    fps                  | 8          |
[train_ppo-6] |    iterations           | 44         |
[train_ppo-6] |    time_elapsed         | 5608       |
[train_ppo-6] |    total_timesteps      | 45056      |
[train_ppo-6] | train/                  |            |
[train_ppo-6] |    approx_kl            | 0.21121135 |
[train_ppo-6] |    clip_fraction        | 0.542      |
[train_ppo-6] |    clip_range           | 0.2        |
[train_ppo-6] |    clip_range_vf        | 0.2        |
[train_ppo-6] |    entropy_loss         | -1.84      |
[train_ppo-6] |    explained_variance   | 0.406      |
[train_ppo-6] |    learning_rate        | 0.000296   |
[train_ppo-6] |    loss                 | -0.157     |
[train_ppo-6] |    n_updates            | 421        |
[train_ppo-6] |    policy_gradient_loss | -0.072     |
[train_ppo-6] |    std                  | 0.6        |
[train_ppo-6] |    value_loss           | 0.0427     |
[train_ppo-6] ----------------------------------------
[train_ppo-6] PPO progress: 46000/2500000 (2%) | ep_rew_mean=176.65 | ep_len_mean=216 | episodes=100 | fps=8
[train_ppo-6] ----------------------------------------
[train_ppo-6] | rollout/                |            |
[train_ppo-6] |    ep_len_mean          | 208        |
[train_ppo-6] |    ep_rew_mean          | 170        |
[train_ppo-6] | time/                   |            |
[train_ppo-6] |    fps                  | 8          |
[train_ppo-6] |    iterations           | 45         |
[train_ppo-6] |    time_elapsed         | 5730       |
[train_ppo-6] |    total_timesteps      | 46080      |
[train_ppo-6] | train/                  |            |
[train_ppo-6] |    approx_kl            | 0.32691327 |
[train_ppo-6] |    clip_fraction        | 0.644      |
[train_ppo-6] |    clip_range           | 0.2        |
[train_ppo-6] |    clip_range_vf        | 0.2        |
[train_ppo-6] |    entropy_loss         | -1.81      |
[train_ppo-6] |    explained_variance   | -0.662     |
[train_ppo-6] |    learning_rate        | 0.000296   |
[train_ppo-6] |    loss                 | -0.165     |
[train_ppo-6] |    n_updates            | 431        |
[train_ppo-6] |    policy_gradient_loss | -0.0888    |
[train_ppo-6] |    std                  | 0.595      |
[train_ppo-6] |    value_loss           | 0.022      |
[train_ppo-6] ----------------------------------------
[train_ppo-6] Early stopping at step 4 due to reaching max kl: 0.87
[train_ppo-6] PPO progress: 47000/2500000 (2%) | ep_rew_mean=170.21 | ep_len_mean=208 | episodes=100 | fps=8
[train_ppo-6] ----------------------------------------
[train_ppo-6] | rollout/                |            |
[train_ppo-6] |    ep_len_mean          | 208        |
[train_ppo-6] |    ep_rew_mean          | 170        |
[train_ppo-6] | time/                   |            |
[train_ppo-6] |    fps                  | 8          |
[train_ppo-6] |    iterations           | 46         |
[train_ppo-6] |    time_elapsed         | 5849       |
[train_ppo-6] |    total_timesteps      | 47104      |
[train_ppo-6] | train/                  |            |
[train_ppo-6] |    approx_kl            | 0.23855591 |
[train_ppo-6] |    clip_fraction        | 0.397      |
[train_ppo-6] |    clip_range           | 0.2        |
[train_ppo-6] |    clip_range_vf        | 0.2        |
[train_ppo-6] |    entropy_loss         | -1.79      |
[train_ppo-6] |    explained_variance   | 0.0688     |
[train_ppo-6] |    learning_rate        | 0.000296   |
[train_ppo-6] |    loss                 | 0.0699     |
[train_ppo-6] |    n_updates            | 436        |
[train_ppo-6] |    policy_gradient_loss | -0.0366    |
[train_ppo-6] |    std                  | 0.594      |
[train_ppo-6] |    value_loss           | 0.14       |
[train_ppo-6] ----------------------------------------
[train_ppo-6] PPO progress: 48000/2500000 (2%) | ep_rew_mean=170.21 | ep_len_mean=208 | episodes=100 | fps=8
[train_ppo-6] -----------------------------------------
[train_ppo-6] | rollout/                |             |
[train_ppo-6] |    ep_len_mean          | 229         |
[train_ppo-6] |    ep_rew_mean          | 187         |
[train_ppo-6] | time/                   |             |
[train_ppo-6] |    fps                  | 8           |
[train_ppo-6] |    iterations           | 47          |
[train_ppo-6] |    time_elapsed         | 5967        |
[train_ppo-6] |    total_timesteps      | 48128       |
[train_ppo-6] | train/                  |             |
[train_ppo-6] |    approx_kl            | 0.062091537 |
[train_ppo-6] |    clip_fraction        | 0.373       |
[train_ppo-6] |    clip_range           | 0.2         |
[train_ppo-6] |    clip_range_vf        | 0.2         |
[train_ppo-6] |    entropy_loss         | -1.79       |
[train_ppo-6] |    explained_variance   | -0.958      |
[train_ppo-6] |    learning_rate        | 0.000295    |
[train_ppo-6] |    loss                 | -0.118      |
[train_ppo-6] |    n_updates            | 446         |
[train_ppo-6] |    policy_gradient_loss | -0.0502     |
[train_ppo-6] |    std                  | 0.59        |
[train_ppo-6] |    value_loss           | 0.00881     |
[train_ppo-6] -----------------------------------------
[train_ppo-6] PPO progress: 49000/2500000 (2%) | ep_rew_mean=171.16 | ep_len_mean=208 | episodes=100 | fps=8
[train_ppo-6] -----------------------------------------
[train_ppo-6] | rollout/                |             |
[train_ppo-6] |    ep_len_mean          | 208         |
[train_ppo-6] |    ep_rew_mean          | 171         |
[train_ppo-6] | time/                   |             |
[train_ppo-6] |    fps                  | 8           |
[train_ppo-6] |    iterations           | 48          |
[train_ppo-6] |    time_elapsed         | 6087        |
[train_ppo-6] |    total_timesteps      | 49152       |
[train_ppo-6] | train/                  |             |
[train_ppo-6] |    approx_kl            | 0.061972693 |
[train_ppo-6] |    clip_fraction        | 0.387       |
[train_ppo-6] |    clip_range           | 0.2         |
[train_ppo-6] |    clip_range_vf        | 0.2         |
[train_ppo-6] |    entropy_loss         | -1.77       |
[train_ppo-6] |    explained_variance   | 0.283       |
[train_ppo-6] |    learning_rate        | 0.000295    |
[train_ppo-6] |    loss                 | -0.144      |
[train_ppo-6] |    n_updates            | 456         |
[train_ppo-6] |    policy_gradient_loss | -0.0517     |
[train_ppo-6] |    std                  | 0.582       |
[train_ppo-6] |    value_loss           | 0.00871     |
[train_ppo-6] -----------------------------------------
[gazebo-2] NodeShared::RecvSrvRequest() error sending response: Host unreachable
[train_ppo-6] [WARN] [1787225346.306846497] [cobraflex_rl_interface]: Gazebo service call failed for /world/lane_following_complex_b/set_pose: Service call timed out
[train_ppo-6] PPO progress: 50000/2500000 (2%) | ep_rew_mean=173.24 | ep_len_mean=209 | episodes=100 | fps=8
[train_ppo-6] ----------------------------------------
[train_ppo-6] | rollout/                |            |
[train_ppo-6] |    ep_len_mean          | 209        |
[train_ppo-6] |    ep_rew_mean          | 173        |
[train_ppo-6] | time/                   |            |
[train_ppo-6] |    fps                  | 8          |
[train_ppo-6] |    iterations           | 49         |
[train_ppo-6] |    time_elapsed         | 6216       |
[train_ppo-6] |    total_timesteps      | 50176      |
[train_ppo-6] | train/                  |            |
[train_ppo-6] |    approx_kl            | 0.22255895 |
[train_ppo-6] |    clip_fraction        | 0.469      |
[train_ppo-6] |    clip_range           | 0.2        |
[train_ppo-6] |    clip_range_vf        | 0.2        |
[train_ppo-6] |    entropy_loss         | -1.75      |
[train_ppo-6] |    explained_variance   | 0.0594     |
[train_ppo-6] |    learning_rate        | 0.000295   |
[train_ppo-6] |    loss                 | 0.101      |
[train_ppo-6] |    n_updates            | 466        |
[train_ppo-6] |    policy_gradient_loss | -0.0612    |
[train_ppo-6] |    std                  | 0.573      |
[train_ppo-6] |    value_loss           | 0.152      |
[train_ppo-6] ----------------------------------------
[train_ppo-6] PPO progress: 51000/2500000 (2%) | ep_rew_mean=173.24 | ep_len_mean=209 | episodes=100 | fps=8
[train_ppo-6] ----------------------------------------
[train_ppo-6] | rollout/                |            |
[train_ppo-6] |    ep_len_mean          | 209        |
[train_ppo-6] |    ep_rew_mean          | 173        |
[train_ppo-6] | time/                   |            |
[train_ppo-6] |    fps                  | 8          |
[train_ppo-6] |    iterations           | 50         |
[train_ppo-6] |    time_elapsed         | 6334       |
[train_ppo-6] |    total_timesteps      | 51200      |
[train_ppo-6] | train/                  |            |
[train_ppo-6] |    approx_kl            | 0.13695878 |
[train_ppo-6] |    clip_fraction        | 0.474      |
[train_ppo-6] |    clip_range           | 0.2        |
[train_ppo-6] |    clip_range_vf        | 0.2        |
[train_ppo-6] |    entropy_loss         | -1.71      |
[train_ppo-6] |    explained_variance   | 0.487      |
[train_ppo-6] |    learning_rate        | 0.000295   |
[train_ppo-6] |    loss                 | -0.0885    |
[train_ppo-6] |    n_updates            | 476        |
[train_ppo-6] |    policy_gradient_loss | -0.0571    |
[train_ppo-6] |    std                  | 0.565      |
[train_ppo-6] |    value_loss           | 0.0752     |
[train_ppo-6] ----------------------------------------
[train_ppo-6] PPO progress: 52000/2500000 (2%) | ep_rew_mean=187.00 | ep_len_mean=222 | episodes=100 | fps=8
[train_ppo-6] ---------------------------------------
[train_ppo-6] | rollout/                |           |
[train_ppo-6] |    ep_len_mean          | 222       |
[train_ppo-6] |    ep_rew_mean          | 187       |
[train_ppo-6] | time/                   |           |
[train_ppo-6] |    fps                  | 8         |
[train_ppo-6] |    iterations           | 51        |
[train_ppo-6] |    time_elapsed         | 6462      |
[train_ppo-6] |    total_timesteps      | 52224     |
[train_ppo-6] | train/                  |           |
[train_ppo-6] |    approx_kl            | 0.1797363 |
[train_ppo-6] |    clip_fraction        | 0.54      |
[train_ppo-6] |    clip_range           | 0.2       |
[train_ppo-6] |    clip_range_vf        | 0.2       |
[train_ppo-6] |    entropy_loss         | -1.68     |
[train_ppo-6] |    explained_variance   | 0.341     |
[train_ppo-6] |    learning_rate        | 0.000295  |
[train_ppo-6] |    loss                 | -0.124    |
[train_ppo-6] |    n_updates            | 486       |
[train_ppo-6] |    policy_gradient_loss | -0.0781   |
[train_ppo-6] |    std                  | 0.557     |
[train_ppo-6] |    value_loss           | 0.0141    |
[train_ppo-6] ---------------------------------------
[gazebo-2] NodeShared::RecvSrvRequest() error sending response: Host unreachable
[train_ppo-6] [WARN] [1787225729.025283974] [cobraflex_rl_interface]: Gazebo service call failed for /world/lane_following_complex_b/set_pose: Service call timed out
[train_ppo-6] PPO progress: 53000/2500000 (2%) | ep_rew_mean=194.98 | ep_len_mean=230 | episodes=100 | fps=8
[train_ppo-6] ----------------------------------------
[train_ppo-6] | rollout/                |            |
[train_ppo-6] |    ep_len_mean          | 230        |
[train_ppo-6] |    ep_rew_mean          | 195        |
[train_ppo-6] | time/                   |            |
[train_ppo-6] |    fps                  | 8          |
[train_ppo-6] |    iterations           | 52         |
[train_ppo-6] |    time_elapsed         | 6591       |
[train_ppo-6] |    total_timesteps      | 53248      |
[train_ppo-6] | train/                  |            |
[train_ppo-6] |    approx_kl            | 0.19613457 |
[train_ppo-6] |    clip_fraction        | 0.531      |
[train_ppo-6] |    clip_range           | 0.2        |
[train_ppo-6] |    clip_range_vf        | 0.2        |
[train_ppo-6] |    entropy_loss         | -1.66      |
[train_ppo-6] |    explained_variance   | 0.414      |
[train_ppo-6] |    learning_rate        | 0.000295   |
[train_ppo-6] |    loss                 | -0.0866    |
[train_ppo-6] |    n_updates            | 496        |
[train_ppo-6] |    policy_gradient_loss | -0.067     |
[train_ppo-6] |    std                  | 0.547      |
[train_ppo-6] |    value_loss           | 0.157      |
[train_ppo-6] ----------------------------------------
[train_ppo-6] Early stopping at step 9 due to reaching max kl: 0.81
[train_ppo-6] PPO progress: 54000/2500000 (2%) | ep_rew_mean=204.10 | ep_len_mean=240 | episodes=100 | fps=8
[train_ppo-6] ----------------------------------------
[train_ppo-6] | rollout/                |            |
[train_ppo-6] |    ep_len_mean          | 240        |
[train_ppo-6] |    ep_rew_mean          | 204        |
[train_ppo-6] | time/                   |            |
[train_ppo-6] |    fps                  | 8          |
[train_ppo-6] |    iterations           | 53         |
[train_ppo-6] |    time_elapsed         | 6713       |
[train_ppo-6] |    total_timesteps      | 54272      |
[train_ppo-6] | train/                  |            |
[train_ppo-6] |    approx_kl            | 0.39209098 |
[train_ppo-6] |    clip_fraction        | 0.585      |
[train_ppo-6] |    clip_range           | 0.2        |
[train_ppo-6] |    clip_range_vf        | 0.2        |
[train_ppo-6] |    entropy_loss         | -1.61      |
[train_ppo-6] |    explained_variance   | 0.534      |
[train_ppo-6] |    learning_rate        | 0.000295   |
[train_ppo-6] |    loss                 | -0.121     |
[train_ppo-6] |    n_updates            | 506        |
[train_ppo-6] |    policy_gradient_loss | -0.0733    |
[train_ppo-6] |    std                  | 0.533      |
[train_ppo-6] |    value_loss           | 0.0751     |
[train_ppo-6] ----------------------------------------
[train_ppo-6] Early stopping at step 6 due to reaching max kl: 5.88
[train_ppo-6] PPO progress: 55000/2500000 (2%) | ep_rew_mean=208.67 | ep_len_mean=245 | episodes=100 | fps=8
[train_ppo-6] --------------------------------------
[train_ppo-6] | rollout/                |          |
[train_ppo-6] |    ep_len_mean          | 245      |
[train_ppo-6] |    ep_rew_mean          | 209      |
[train_ppo-6] | time/                   |          |
[train_ppo-6] |    fps                  | 8        |
[train_ppo-6] |    iterations           | 54       |
[train_ppo-6] |    time_elapsed         | 6832     |
[train_ppo-6] |    total_timesteps      | 55296    |
[train_ppo-6] | train/                  |          |
[train_ppo-6] |    approx_kl            | 0.733256 |
[train_ppo-6] |    clip_fraction        | 0.446    |
[train_ppo-6] |    clip_range           | 0.2      |
[train_ppo-6] |    clip_range_vf        | 0.2      |
[train_ppo-6] |    entropy_loss         | -1.57    |
[train_ppo-6] |    explained_variance   | 0.522    |
[train_ppo-6] |    learning_rate        | 0.000295 |
[train_ppo-6] |    loss                 | -0.0515  |
[train_ppo-6] |    n_updates            | 513      |
[train_ppo-6] |    policy_gradient_loss | -0.0546  |
[train_ppo-6] |    std                  | 0.529    |
[train_ppo-6] |    value_loss           | 0.104    |
[train_ppo-6] --------------------------------------
[gazebo-2] NodeShared::RecvSrvRequest() error sending response: Host unreachable
[train_ppo-6] [WARN] [1787226037.713376430] [cobraflex_rl_interface]: Gazebo service call failed for /world/lane_following_complex_b/set_pose: Service call timed out
[gazebo-2] NodeShared::RecvSrvRequest() error sending response: Host unreachable
[train_ppo-6] [WARN] [1787226090.551481436] [cobraflex_rl_interface]: Gazebo service call failed for /world/lane_following_complex_b/set_pose: Service call timed out
[gazebo-2] NodeShared::RecvSrvRequest() error sending response: Host unreachable
[train_ppo-6] [WARN] [1787226094.601190686] [cobraflex_rl_interface]: Gazebo service call failed for /world/lane_following_complex_b/set_pose: Service call timed out
[train_ppo-6] Early stopping at step 5 due to reaching max kl: 0.78
[train_ppo-6] PPO progress: 56000/2500000 (2%) | ep_rew_mean=214.59 | ep_len_mean=250 | episodes=100 | fps=8
[train_ppo-6] ---------------------------------------
[train_ppo-6] | rollout/                |           |
[train_ppo-6] |    ep_len_mean          | 250       |
[train_ppo-6] |    ep_rew_mean          | 215       |
[train_ppo-6] | time/                   |           |
[train_ppo-6] |    fps                  | 8         |
[train_ppo-6] |    iterations           | 55        |
[train_ppo-6] |    time_elapsed         | 6971      |
[train_ppo-6] |    total_timesteps      | 56320     |
[train_ppo-6] | train/                  |           |
[train_ppo-6] |    approx_kl            | 0.3027332 |
[train_ppo-6] |    clip_fraction        | 0.567     |
[train_ppo-6] |    clip_range           | 0.2       |
[train_ppo-6] |    clip_range_vf        | 0.2       |
[train_ppo-6] |    entropy_loss         | -1.56     |
[train_ppo-6] |    explained_variance   | 0.712     |
[train_ppo-6] |    learning_rate        | 0.000295  |
[train_ppo-6] |    loss                 | -0.135    |
[train_ppo-6] |    n_updates            | 519       |
[train_ppo-6] |    policy_gradient_loss | -0.057    |
[train_ppo-6] |    std                  | 0.527     |
[train_ppo-6] |    value_loss           | 0.0363    |
[train_ppo-6] ---------------------------------------
[train_ppo-6] PPO progress: 57000/2500000 (2%) | ep_rew_mean=218.72 | ep_len_mean=254 | episodes=100 | fps=8
[train_ppo-6] ---------------------------------------
[train_ppo-6] | rollout/                |           |
[train_ppo-6] |    ep_len_mean          | 258       |
[train_ppo-6] |    ep_rew_mean          | 223       |
[train_ppo-6] | time/                   |           |
[train_ppo-6] |    fps                  | 8         |
[train_ppo-6] |    iterations           | 56        |
[train_ppo-6] |    time_elapsed         | 7098      |
[train_ppo-6] |    total_timesteps      | 57344     |
[train_ppo-6] | train/                  |           |
[train_ppo-6] |    approx_kl            | 0.2402004 |
[train_ppo-6] |    clip_fraction        | 0.426     |
[train_ppo-6] |    clip_range           | 0.2       |
[train_ppo-6] |    clip_range_vf        | 0.2       |
[train_ppo-6] |    entropy_loss         | -1.55     |
[train_ppo-6] |    explained_variance   | 0.11      |
[train_ppo-6] |    learning_rate        | 0.000295  |
[train_ppo-6] |    loss                 | -0.066    |
[train_ppo-6] |    n_updates            | 529       |
[train_ppo-6] |    policy_gradient_loss | -0.0588   |
[train_ppo-6] |    std                  | 0.518     |
[train_ppo-6] |    value_loss           | 0.0901    |
[train_ppo-6] ---------------------------------------
[train_ppo-6] Early stopping at step 9 due to reaching max kl: 0.92
[train_ppo-6] PPO progress: 58000/2500000 (2%) | ep_rew_mean=228.31 | ep_len_mean=263 | episodes=100 | fps=8
[train_ppo-6] ---------------------------------------
[train_ppo-6] | rollout/                |           |
[train_ppo-6] |    ep_len_mean          | 251       |
[train_ppo-6] |    ep_rew_mean          | 217       |
[train_ppo-6] | time/                   |           |
[train_ppo-6] |    fps                  | 8         |
[train_ppo-6] |    iterations           | 57        |
[train_ppo-6] |    time_elapsed         | 7219      |
[train_ppo-6] |    total_timesteps      | 58368     |
[train_ppo-6] | train/                  |           |
[train_ppo-6] |    approx_kl            | 0.7215474 |
[train_ppo-6] |    clip_fraction        | 0.58      |
[train_ppo-6] |    clip_range           | 0.2       |
[train_ppo-6] |    clip_range_vf        | 0.2       |
[train_ppo-6] |    entropy_loss         | -1.5      |
[train_ppo-6] |    explained_variance   | 0.387     |
[train_ppo-6] |    learning_rate        | 0.000294  |
[train_ppo-6] |    loss                 | -0.0705   |
[train_ppo-6] |    n_updates            | 539       |
[train_ppo-6] |    policy_gradient_loss | -0.0717   |
[train_ppo-6] |    std                  | 0.507     |
[train_ppo-6] |    value_loss           | 0.0987    |
[train_ppo-6] ---------------------------------------
[train_ppo-6] PPO progress: 59000/2500000 (2%) | ep_rew_mean=217.44 | ep_len_mean=251 | episodes=100 | fps=8
[train_ppo-6] ---------------------------------------
[train_ppo-6] | rollout/                |           |
[train_ppo-6] |    ep_len_mean          | 251       |
[train_ppo-6] |    ep_rew_mean          | 217       |
[train_ppo-6] | time/                   |           |
[train_ppo-6] |    fps                  | 8         |
[train_ppo-6] |    iterations           | 58        |
[train_ppo-6] |    time_elapsed         | 7337      |
[train_ppo-6] |    total_timesteps      | 59392     |
[train_ppo-6] | train/                  |           |
[train_ppo-6] |    approx_kl            | 0.1527097 |
[train_ppo-6] |    clip_fraction        | 0.495     |
[train_ppo-6] |    clip_range           | 0.2       |
[train_ppo-6] |    clip_range_vf        | 0.2       |
[train_ppo-6] |    entropy_loss         | -1.47     |
[train_ppo-6] |    explained_variance   | 0.0197    |
[train_ppo-6] |    learning_rate        | 0.000294  |
[train_ppo-6] |    loss                 | -0.0695   |
[train_ppo-6] |    n_updates            | 549       |
[train_ppo-6] |    policy_gradient_loss | -0.0564   |
[train_ppo-6] |    std                  | 0.5       |
[train_ppo-6] |    value_loss           | 0.0846    |
[train_ppo-6] ---------------------------------------
[train_ppo-6] PPO progress: 60000/2500000 (2%) | ep_rew_mean=217.44 | ep_len_mean=251 | episodes=100 | fps=8
[train_ppo-6] ----------------------------------------
[train_ppo-6] | rollout/                |            |
[train_ppo-6] |    ep_len_mean          | 265        |
[train_ppo-6] |    ep_rew_mean          | 232        |
[train_ppo-6] | time/                   |            |
[train_ppo-6] |    fps                  | 8          |
[train_ppo-6] |    iterations           | 59         |
[train_ppo-6] |    time_elapsed         | 7458       |
[train_ppo-6] |    total_timesteps      | 60416      |
[train_ppo-6] | train/                  |            |
[train_ppo-6] |    approx_kl            | 0.07725723 |
[train_ppo-6] |    clip_fraction        | 0.438      |
[train_ppo-6] |    clip_range           | 0.2        |
[train_ppo-6] |    clip_range_vf        | 0.2        |
[train_ppo-6] |    entropy_loss         | -1.44      |
[train_ppo-6] |    explained_variance   | -0.604     |
[train_ppo-6] |    learning_rate        | 0.000294   |
[train_ppo-6] |    loss                 | -0.152     |
[train_ppo-6] |    n_updates            | 559        |
[train_ppo-6] |    policy_gradient_loss | -0.0645    |
[train_ppo-6] |    std                  | 0.494      |
[train_ppo-6] |    value_loss           | 0.00561    |
[train_ppo-6] ----------------------------------------
[train_ppo-6] PPO progress: 61000/2500000 (2%) | ep_rew_mean=235.73 | ep_len_mean=269 | episodes=100 | fps=8
[train_ppo-6] ----------------------------------------
[train_ppo-6] | rollout/                |            |
[train_ppo-6] |    ep_len_mean          | 269        |
[train_ppo-6] |    ep_rew_mean          | 236        |
[train_ppo-6] | time/                   |            |
[train_ppo-6] |    fps                  | 8          |
[train_ppo-6] |    iterations           | 60         |
[train_ppo-6] |    time_elapsed         | 7577       |
[train_ppo-6] |    total_timesteps      | 61440      |
[train_ppo-6] | train/                  |            |
[train_ppo-6] |    approx_kl            | 0.09060621 |
[train_ppo-6] |    clip_fraction        | 0.439      |
[train_ppo-6] |    clip_range           | 0.2        |
[train_ppo-6] |    clip_range_vf        | 0.2        |
[train_ppo-6] |    entropy_loss         | -1.41      |
[train_ppo-6] |    explained_variance   | 0.498      |
[train_ppo-6] |    learning_rate        | 0.000294   |
[train_ppo-6] |    loss                 | -0.142     |
[train_ppo-6] |    n_updates            | 569        |
[train_ppo-6] |    policy_gradient_loss | -0.0611    |
[train_ppo-6] |    std                  | 0.487      |
[train_ppo-6] |    value_loss           | 0.00555    |
[train_ppo-6] ----------------------------------------
[train_ppo-6] PPO progress: 62000/2500000 (2%) | ep_rew_mean=246.12 | ep_len_mean=280 | episodes=100 | fps=8
[train_ppo-6] ----------------------------------------
[train_ppo-6] | rollout/                |            |
[train_ppo-6] |    ep_len_mean          | 284        |
[train_ppo-6] |    ep_rew_mean          | 249        |
[train_ppo-6] | time/                   |            |
[train_ppo-6] |    fps                  | 8          |
[train_ppo-6] |    iterations           | 61         |
[train_ppo-6] |    time_elapsed         | 7696       |
[train_ppo-6] |    total_timesteps      | 62464      |
[train_ppo-6] | train/                  |            |
[train_ppo-6] |    approx_kl            | 0.09794022 |
[train_ppo-6] |    clip_fraction        | 0.426      |
[train_ppo-6] |    clip_range           | 0.2        |
[train_ppo-6] |    clip_range_vf        | 0.2        |
[train_ppo-6] |    entropy_loss         | -1.39      |
[train_ppo-6] |    explained_variance   | -0.0161    |
[train_ppo-6] |    learning_rate        | 0.000294   |
[train_ppo-6] |    loss                 | -0.0908    |
[train_ppo-6] |    n_updates            | 579        |
[train_ppo-6] |    policy_gradient_loss | -0.0526    |
[train_ppo-6] |    std                  | 0.48       |
[train_ppo-6] |    value_loss           | 0.0404     |
[train_ppo-6] ----------------------------------------
[train_ppo-6] PPO progress: 63000/2500000 (3%) | ep_rew_mean=254.06 | ep_len_mean=289 | episodes=100 | fps=8
[train_ppo-6] ----------------------------------------
[train_ppo-6] | rollout/                |            |
[train_ppo-6] |    ep_len_mean          | 289        |
[train_ppo-6] |    ep_rew_mean          | 254        |
[train_ppo-6] | time/                   |            |
[train_ppo-6] |    fps                  | 8          |
[train_ppo-6] |    iterations           | 62         |
[train_ppo-6] |    time_elapsed         | 7818       |
[train_ppo-6] |    total_timesteps      | 63488      |
[train_ppo-6] | train/                  |            |
[train_ppo-6] |    approx_kl            | 0.17029014 |
[train_ppo-6] |    clip_fraction        | 0.489      |
[train_ppo-6] |    clip_range           | 0.2        |
[train_ppo-6] |    clip_range_vf        | 0.2        |
[train_ppo-6] |    entropy_loss         | -1.35      |
[train_ppo-6] |    explained_variance   | 0.358      |
[train_ppo-6] |    learning_rate        | 0.000294   |
[train_ppo-6] |    loss                 | -0.0746    |
[train_ppo-6] |    n_updates            | 589        |
[train_ppo-6] |    policy_gradient_loss | -0.0607    |
[train_ppo-6] |    std                  | 0.471      |
[train_ppo-6] |    value_loss           | 0.0908     |
[train_ppo-6] ----------------------------------------
[train_ppo-6] PPO progress: 64000/2500000 (3%) | ep_rew_mean=264.03 | ep_len_mean=299 | episodes=100 | fps=8
[train_ppo-6] ----------------------------------------
[train_ppo-6] | rollout/                |            |
[train_ppo-6] |    ep_len_mean          | 299        |
[train_ppo-6] |    ep_rew_mean          | 264        |
[train_ppo-6] | time/                   |            |
[train_ppo-6] |    fps                  | 8          |
[train_ppo-6] |    iterations           | 63         |
[train_ppo-6] |    time_elapsed         | 7936       |
[train_ppo-6] |    total_timesteps      | 64512      |
[train_ppo-6] | train/                  |            |
[train_ppo-6] |    approx_kl            | 0.34070325 |
[train_ppo-6] |    clip_fraction        | 0.452      |
[train_ppo-6] |    clip_range           | 0.2        |
[train_ppo-6] |    clip_range_vf        | 0.2        |
[train_ppo-6] |    entropy_loss         | -1.32      |
[train_ppo-6] |    explained_variance   | 0.249      |
[train_ppo-6] |    learning_rate        | 0.000294   |
[train_ppo-6] |    loss                 | -0.0912    |
[train_ppo-6] |    n_updates            | 599        |
[train_ppo-6] |    policy_gradient_loss | -0.0579    |
[train_ppo-6] |    std                  | 0.463      |
[train_ppo-6] |    value_loss           | 0.0909     |
[train_ppo-6] ----------------------------------------
[train_ppo-6] PPO progress: 65000/2500000 (3%) | ep_rew_mean=271.87 | ep_len_mean=307 | episodes=100 | fps=8
[train_ppo-6] ---------------------------------------
[train_ppo-6] | rollout/                |           |
[train_ppo-6] |    ep_len_mean          | 307       |
[train_ppo-6] |    ep_rew_mean          | 272       |
[train_ppo-6] | time/                   |           |
[train_ppo-6] |    fps                  | 8         |
[train_ppo-6] |    iterations           | 64        |
[train_ppo-6] |    time_elapsed         | 8055      |
[train_ppo-6] |    total_timesteps      | 65536     |
[train_ppo-6] | train/                  |           |
[train_ppo-6] |    approx_kl            | 0.0762496 |
[train_ppo-6] |    clip_fraction        | 0.41      |
[train_ppo-6] |    clip_range           | 0.2       |
[train_ppo-6] |    clip_range_vf        | 0.2       |
[train_ppo-6] |    entropy_loss         | -1.29     |
[train_ppo-6] |    explained_variance   | -0.0434   |
[train_ppo-6] |    learning_rate        | 0.000294  |
[train_ppo-6] |    loss                 | -0.108    |
[train_ppo-6] |    n_updates            | 609       |
[train_ppo-6] |    policy_gradient_loss | -0.0392   |
[train_ppo-6] |    std                  | 0.458     |
[train_ppo-6] |    value_loss           | 0.0468    |
[train_ppo-6] ---------------------------------------
[train_ppo-6] PPO progress: 66000/2500000 (3%) | ep_rew_mean=271.87 | ep_len_mean=307 | episodes=100 | fps=8
[train_ppo-6] ----------------------------------------
[train_ppo-6] | rollout/                |            |
[train_ppo-6] |    ep_len_mean          | 307        |
[train_ppo-6] |    ep_rew_mean          | 272        |
[train_ppo-6] | time/                   |            |
[train_ppo-6] |    fps                  | 8          |
[train_ppo-6] |    iterations           | 65         |
[train_ppo-6] |    time_elapsed         | 8173       |
[train_ppo-6] |    total_timesteps      | 66560      |
[train_ppo-6] | train/                  |            |
[train_ppo-6] |    approx_kl            | 0.29670566 |
[train_ppo-6] |    clip_fraction        | 0.487      |
[train_ppo-6] |    clip_range           | 0.2        |
[train_ppo-6] |    clip_range_vf        | 0.2        |
[train_ppo-6] |    entropy_loss         | -1.27      |
[train_ppo-6] |    explained_variance   | 0.276      |
[train_ppo-6] |    learning_rate        | 0.000294   |
[train_ppo-6] |    loss                 | -0.0481    |
[train_ppo-6] |    n_updates            | 619        |
[train_ppo-6] |    policy_gradient_loss | -0.0606    |
[train_ppo-6] |    std                  | 0.453      |
[train_ppo-6] |    value_loss           | 0.0913     |
[train_ppo-6] ----------------------------------------
[train_ppo-6] PPO progress: 67000/2500000 (3%) | ep_rew_mean=292.51 | ep_len_mean=329 | episodes=100 | fps=8
[train_ppo-6] ----------------------------------------
[train_ppo-6] | rollout/                |            |
[train_ppo-6] |    ep_len_mean          | 329        |
[train_ppo-6] |    ep_rew_mean          | 293        |
[train_ppo-6] | time/                   |            |
[train_ppo-6] |    fps                  | 8          |
[train_ppo-6] |    iterations           | 66         |
[train_ppo-6] |    time_elapsed         | 8288       |
[train_ppo-6] |    total_timesteps      | 67584      |
[train_ppo-6] | train/                  |            |
[train_ppo-6] |    approx_kl            | 0.15706906 |
[train_ppo-6] |    clip_fraction        | 0.543      |
[train_ppo-6] |    clip_range           | 0.2        |
[train_ppo-6] |    clip_range_vf        | 0.2        |
[train_ppo-6] |    entropy_loss         | -1.24      |
[train_ppo-6] |    explained_variance   | -2.16      |
[train_ppo-6] |    learning_rate        | 0.000294   |
[train_ppo-6] |    loss                 | -0.153     |
[train_ppo-6] |    n_updates            | 629        |
[train_ppo-6] |    policy_gradient_loss | -0.0805    |
[train_ppo-6] |    std                  | 0.447      |
[train_ppo-6] |    value_loss           | 0.00692    |
[train_ppo-6] ----------------------------------------
[train_ppo-6] PPO progress: 68000/2500000 (3%) | ep_rew_mean=292.51 | ep_len_mean=329 | episodes=100 | fps=8
[train_ppo-6] ---------------------------------------
[train_ppo-6] | rollout/                |           |
[train_ppo-6] |    ep_len_mean          | 329       |
[train_ppo-6] |    ep_rew_mean          | 293       |
[train_ppo-6] | time/                   |           |
[train_ppo-6] |    fps                  | 8         |
[train_ppo-6] |    iterations           | 67        |
[train_ppo-6] |    time_elapsed         | 8396      |
[train_ppo-6] |    total_timesteps      | 68608     |
[train_ppo-6] | train/                  |           |
[train_ppo-6] |    approx_kl            | 0.1436846 |
[train_ppo-6] |    clip_fraction        | 0.479     |
[train_ppo-6] |    clip_range           | 0.2       |
[train_ppo-6] |    clip_range_vf        | 0.2       |
[train_ppo-6] |    entropy_loss         | -1.21     |
[train_ppo-6] |    explained_variance   | 0.168     |
[train_ppo-6] |    learning_rate        | 0.000294  |
[train_ppo-6] |    loss                 | -0.0448   |
[train_ppo-6] |    n_updates            | 639       |
[train_ppo-6] |    policy_gradient_loss | -0.0499   |
[train_ppo-6] |    std                  | 0.441     |
[train_ppo-6] |    value_loss           | 0.0734    |
[train_ppo-6] ---------------------------------------
[train_ppo-6] PPO progress: 69000/2500000 (3%) | ep_rew_mean=295.89 | ep_len_mean=330 | episodes=100 | fps=8
[train_ppo-6] ---------------------------------------
[train_ppo-6] | rollout/                |           |
[train_ppo-6] |    ep_len_mean          | 325       |
[train_ppo-6] |    ep_rew_mean          | 293       |
[train_ppo-6] | time/                   |           |
[train_ppo-6] |    fps                  | 8         |
[train_ppo-6] |    iterations           | 68        |
[train_ppo-6] |    time_elapsed         | 8510      |
[train_ppo-6] |    total_timesteps      | 69632     |
[train_ppo-6] | train/                  |           |
[train_ppo-6] |    approx_kl            | 0.1297515 |
[train_ppo-6] |    clip_fraction        | 0.479     |
[train_ppo-6] |    clip_range           | 0.2       |
[train_ppo-6] |    clip_range_vf        | 0.2       |
[train_ppo-6] |    entropy_loss         | -1.19     |
[train_ppo-6] |    explained_variance   | -2.66     |
[train_ppo-6] |    learning_rate        | 0.000293  |
[train_ppo-6] |    loss                 | -0.121    |
[train_ppo-6] |    n_updates            | 649       |
[train_ppo-6] |    policy_gradient_loss | -0.0712   |
[train_ppo-6] |    std                  | 0.438     |
[train_ppo-6] |    value_loss           | 0.00466   |
[train_ppo-6] ---------------------------------------
[train_ppo-6] PPO progress: 70000/2500000 (3%) | ep_rew_mean=292.67 | ep_len_mean=325 | episodes=100 | fps=8
[train_ppo-6] ----------------------------------------
[train_ppo-6] | rollout/                |            |
[train_ppo-6] |    ep_len_mean          | 325        |
[train_ppo-6] |    ep_rew_mean          | 293        |
[train_ppo-6] | time/                   |            |
[train_ppo-6] |    fps                  | 8          |
[train_ppo-6] |    iterations           | 69         |
[train_ppo-6] |    time_elapsed         | 8618       |
[train_ppo-6] |    total_timesteps      | 70656      |
[train_ppo-6] | train/                  |            |
[train_ppo-6] |    approx_kl            | 0.20838395 |
[train_ppo-6] |    clip_fraction        | 0.515      |
[train_ppo-6] |    clip_range           | 0.2        |
[train_ppo-6] |    clip_range_vf        | 0.2        |
[train_ppo-6] |    entropy_loss         | -1.17      |
[train_ppo-6] |    explained_variance   | 0.371      |
[train_ppo-6] |    learning_rate        | 0.000293   |
[train_ppo-6] |    loss                 | -0.0465    |
[train_ppo-6] |    n_updates            | 659        |
[train_ppo-6] |    policy_gradient_loss | -0.0599    |
[train_ppo-6] |    std                  | 0.427      |
[train_ppo-6] |    value_loss           | 0.146      |
[train_ppo-6] ----------------------------------------
[train_ppo-6] PPO progress: 71000/2500000 (3%) | ep_rew_mean=292.67 | ep_len_mean=325 | episodes=100 | fps=8
[train_ppo-6] ----------------------------------------
[train_ppo-6] | rollout/                |            |
[train_ppo-6] |    ep_len_mean          | 346        |
[train_ppo-6] |    ep_rew_mean          | 311        |
[train_ppo-6] | time/                   |            |
[train_ppo-6] |    fps                  | 8          |
[train_ppo-6] |    iterations           | 70         |
[train_ppo-6] |    time_elapsed         | 8726       |
[train_ppo-6] |    total_timesteps      | 71680      |
[train_ppo-6] | train/                  |            |
[train_ppo-6] |    approx_kl            | 0.12586385 |
[train_ppo-6] |    clip_fraction        | 0.477      |
[train_ppo-6] |    clip_range           | 0.2        |
[train_ppo-6] |    clip_range_vf        | 0.2        |
[train_ppo-6] |    entropy_loss         | -1.13      |
[train_ppo-6] |    explained_variance   | -2.01      |
[train_ppo-6] |    learning_rate        | 0.000293   |
[train_ppo-6] |    loss                 | -0.132     |
[train_ppo-6] |    n_updates            | 669        |
[train_ppo-6] |    policy_gradient_loss | -0.0682    |
[train_ppo-6] |    std                  | 0.425      |
[train_ppo-6] |    value_loss           | 0.00452    |
[train_ppo-6] ----------------------------------------
[train_ppo-6] Early stopping at step 4 due to reaching max kl: 0.98
[train_ppo-6] PPO progress: 72000/2500000 (3%) | ep_rew_mean=311.35 | ep_len_mean=346 | episodes=100 | fps=8
[gazebo-2] NodeShared::RecvSrvRequest() error sending response: Host unreachable
[train_ppo-6] [WARN] [1787227956.448028320] [cobraflex_rl_interface]: Gazebo service call failed for /world/lane_following_complex_b/set_pose: Service call timed out
[train_ppo-6] ----------------------------------------
[train_ppo-6] | rollout/                |            |
[train_ppo-6] |    ep_len_mean          | 348        |
[train_ppo-6] |    ep_rew_mean          | 314        |
[train_ppo-6] | time/                   |            |
[train_ppo-6] |    fps                  | 8          |
[train_ppo-6] |    iterations           | 71         |
[train_ppo-6] |    time_elapsed         | 8844       |
[train_ppo-6] |    total_timesteps      | 72704      |
[train_ppo-6] | train/                  |            |
[train_ppo-6] |    approx_kl            | 0.38914284 |
[train_ppo-6] |    clip_fraction        | 0.472      |
[train_ppo-6] |    clip_range           | 0.2        |
[train_ppo-6] |    clip_range_vf        | 0.2        |
[train_ppo-6] |    entropy_loss         | -1.12      |
[train_ppo-6] |    explained_variance   | -0.665     |
[train_ppo-6] |    learning_rate        | 0.000293   |
[train_ppo-6] |    loss                 | -0.0749    |
[train_ppo-6] |    n_updates            | 674        |
[train_ppo-6] |    policy_gradient_loss | -0.025     |
[train_ppo-6] |    std                  | 0.424      |
[train_ppo-6] |    value_loss           | 0.014      |
[train_ppo-6] ----------------------------------------
[train_ppo-6] Early stopping at step 5 due to reaching max kl: 0.91
[train_ppo-6] PPO progress: 73000/2500000 (3%) | ep_rew_mean=314.01 | ep_len_mean=348 | episodes=100 | fps=8
[train_ppo-6] ----------------------------------------
[train_ppo-6] | rollout/                |            |
[train_ppo-6] |    ep_len_mean          | 348        |
[train_ppo-6] |    ep_rew_mean          | 314        |
[train_ppo-6] | time/                   |            |
[train_ppo-6] |    fps                  | 8          |
[train_ppo-6] |    iterations           | 72         |
[train_ppo-6] |    time_elapsed         | 8952       |
[train_ppo-6] |    total_timesteps      | 73728      |
[train_ppo-6] | train/                  |            |
[train_ppo-6] |    approx_kl            | 0.38354033 |
[train_ppo-6] |    clip_fraction        | 0.475      |
[train_ppo-6] |    clip_range           | 0.2        |
[train_ppo-6] |    clip_range_vf        | 0.2        |
[train_ppo-6] |    entropy_loss         | -1.12      |
[train_ppo-6] |    explained_variance   | 0.201      |
[train_ppo-6] |    learning_rate        | 0.000293   |
[train_ppo-6] |    loss                 | -0.0621    |
[train_ppo-6] |    n_updates            | 680        |
[train_ppo-6] |    policy_gradient_loss | -0.0306    |
[train_ppo-6] |    std                  | 0.421      |
[train_ppo-6] |    value_loss           | 0.0592     |
[train_ppo-6] ----------------------------------------
[train_ppo-6] PPO progress: 74000/2500000 (3%) | ep_rew_mean=330.04 | ep_len_mean=365 | episodes=100 | fps=8
[train_ppo-6] ----------------------------------------
[train_ppo-6] | rollout/                |            |
[train_ppo-6] |    ep_len_mean          | 365        |
[train_ppo-6] |    ep_rew_mean          | 330        |
[train_ppo-6] | time/                   |            |
[train_ppo-6] |    fps                  | 8          |
[train_ppo-6] |    iterations           | 73         |
[train_ppo-6] |    time_elapsed         | 9060       |
[train_ppo-6] |    total_timesteps      | 74752      |
[train_ppo-6] | train/                  |            |
[train_ppo-6] |    approx_kl            | 0.09468067 |
[train_ppo-6] |    clip_fraction        | 0.459      |
[train_ppo-6] |    clip_range           | 0.2        |
[train_ppo-6] |    clip_range_vf        | 0.2        |
[train_ppo-6] |    entropy_loss         | -1.09      |
[train_ppo-6] |    explained_variance   | 0.00242    |
[train_ppo-6] |    learning_rate        | 0.000293   |
[train_ppo-6] |    loss                 | -0.128     |
[train_ppo-6] |    n_updates            | 690        |
[train_ppo-6] |    policy_gradient_loss | -0.0737    |
[train_ppo-6] |    std                  | 0.414      |
[train_ppo-6] |    value_loss           | 0.00441    |
[train_ppo-6] ----------------------------------------
[train_ppo-6] Early stopping at step 7 due to reaching max kl: 0.80
[train_ppo-6] PPO progress: 75000/2500000 (3%) | ep_rew_mean=330.04 | ep_len_mean=365 | episodes=100 | fps=8
[train_ppo-6] ----------------------------------------
[train_ppo-6] | rollout/                |            |
[train_ppo-6] |    ep_len_mean          | 365        |
[train_ppo-6] |    ep_rew_mean          | 330        |
[train_ppo-6] | time/                   |            |
[train_ppo-6] |    fps                  | 8          |
[train_ppo-6] |    iterations           | 74         |
[train_ppo-6] |    time_elapsed         | 9168       |
[train_ppo-6] |    total_timesteps      | 75776      |
[train_ppo-6] | train/                  |            |
[train_ppo-6] |    approx_kl            | 0.50401366 |
[train_ppo-6] |    clip_fraction        | 0.578      |
[train_ppo-6] |    clip_range           | 0.2        |
[train_ppo-6] |    clip_range_vf        | 0.2        |
[train_ppo-6] |    entropy_loss         | -1.07      |
[train_ppo-6] |    explained_variance   | -0.0132    |
[train_ppo-6] |    learning_rate        | 0.000293   |
[train_ppo-6] |    loss                 | -0.0629    |
[train_ppo-6] |    n_updates            | 698        |
[train_ppo-6] |    policy_gradient_loss | -0.0548    |
[train_ppo-6] |    std                  | 0.412      |
[train_ppo-6] |    value_loss           | 0.0575     |
[train_ppo-6] ----------------------------------------
[train_ppo-6] Early stopping at step 1 due to reaching max kl: 1.30
[train_ppo-6] PPO progress: 76000/2500000 (3%) | ep_rew_mean=348.08 | ep_len_mean=383 | episodes=100 | fps=8
[train_ppo-6] ----------------------------------------
[train_ppo-6] | rollout/                |            |
[train_ppo-6] |    ep_len_mean          | 383        |
[train_ppo-6] |    ep_rew_mean          | 348        |
[train_ppo-6] | time/                   |            |
[train_ppo-6] |    fps                  | 8          |
[train_ppo-6] |    iterations           | 75         |
[train_ppo-6] |    time_elapsed         | 9287       |
[train_ppo-6] |    total_timesteps      | 76800      |
[train_ppo-6] | train/                  |            |
[train_ppo-6] |    approx_kl            | 0.22415574 |
[train_ppo-6] |    clip_fraction        | 0.401      |
[train_ppo-6] |    clip_range           | 0.2        |
[train_ppo-6] |    clip_range_vf        | 0.2        |
[train_ppo-6] |    entropy_loss         | -1.06      |
[train_ppo-6] |    explained_variance   | -1.79      |
[train_ppo-6] |    learning_rate        | 0.000293   |
[train_ppo-6] |    loss                 | 0.0119     |
[train_ppo-6] |    n_updates            | 700        |
[train_ppo-6] |    policy_gradient_loss | 0.00107    |
[train_ppo-6] |    std                  | 0.411      |
[train_ppo-6] |    value_loss           | 0.0131     |
[train_ppo-6] ----------------------------------------
[train_ppo-6] PPO progress: 77000/2500000 (3%) | ep_rew_mean=348.08 | ep_len_mean=383 | episodes=100 | fps=8
[train_ppo-6] ---------------------------------------
[train_ppo-6] | rollout/                |           |
[train_ppo-6] |    ep_len_mean          | 383       |
[train_ppo-6] |    ep_rew_mean          | 348       |
[train_ppo-6] | time/                   |           |
[train_ppo-6] |    fps                  | 8         |
[train_ppo-6] |    iterations           | 76        |
[train_ppo-6] |    time_elapsed         | 9394      |
[train_ppo-6] |    total_timesteps      | 77824     |
[train_ppo-6] | train/                  |           |
[train_ppo-6] |    approx_kl            | 0.3755043 |
[train_ppo-6] |    clip_fraction        | 0.622     |
[train_ppo-6] |    clip_range           | 0.2       |
[train_ppo-6] |    clip_range_vf        | 0.2       |
[train_ppo-6] |    entropy_loss         | -1.05     |
[train_ppo-6] |    explained_variance   | 0.501     |
[train_ppo-6] |    learning_rate        | 0.000293  |
[train_ppo-6] |    loss                 | -0.115    |
[train_ppo-6] |    n_updates            | 710       |
[train_ppo-6] |    policy_gradient_loss | -0.0728   |
[train_ppo-6] |    std                  | 0.404     |
[train_ppo-6] |    value_loss           | 0.0256    |
[train_ppo-6] ---------------------------------------
[train_ppo-6] PPO progress: 78000/2500000 (3%) | ep_rew_mean=368.11 | ep_len_mean=404 | episodes=100 | fps=8
[train_ppo-6] ----------------------------------------
[train_ppo-6] | rollout/                |            |
[train_ppo-6] |    ep_len_mean          | 406        |
[train_ppo-6] |    ep_rew_mean          | 370        |
[train_ppo-6] | time/                   |            |
[train_ppo-6] |    fps                  | 8          |
[train_ppo-6] |    iterations           | 77         |
[train_ppo-6] |    time_elapsed         | 9506       |
[train_ppo-6] |    total_timesteps      | 78848      |
[train_ppo-6] | train/                  |            |
[train_ppo-6] |    approx_kl            | 0.35014588 |
[train_ppo-6] |    clip_fraction        | 0.625      |
[train_ppo-6] |    clip_range           | 0.2        |
[train_ppo-6] |    clip_range_vf        | 0.2        |
[train_ppo-6] |    entropy_loss         | -1.01      |
[train_ppo-6] |    explained_variance   | -0.155     |
[train_ppo-6] |    learning_rate        | 0.000293   |
[train_ppo-6] |    loss                 | -0.15      |
[train_ppo-6] |    n_updates            | 720        |
[train_ppo-6] |    policy_gradient_loss | -0.0943    |
[train_ppo-6] |    std                  | 0.397      |
[train_ppo-6] |    value_loss           | 0.00609    |
[train_ppo-6] ----------------------------------------
[train_ppo-6] PPO progress: 79000/2500000 (3%) | ep_rew_mean=370.24 | ep_len_mean=406 | episodes=100 | fps=8
[train_ppo-6] ---------------------------------------
[train_ppo-6] | rollout/                |           |
[train_ppo-6] |    ep_len_mean          | 406       |
[train_ppo-6] |    ep_rew_mean          | 370       |
[train_ppo-6] | time/                   |           |
[train_ppo-6] |    fps                  | 8         |
[train_ppo-6] |    iterations           | 78        |
[train_ppo-6] |    time_elapsed         | 9614      |
[train_ppo-6] |    total_timesteps      | 79872     |
[train_ppo-6] | train/                  |           |
[train_ppo-6] |    approx_kl            | 0.2007905 |
[train_ppo-6] |    clip_fraction        | 0.419     |
[train_ppo-6] |    clip_range           | 0.2       |
[train_ppo-6] |    clip_range_vf        | 0.2       |
[train_ppo-6] |    entropy_loss         | -0.986    |
[train_ppo-6] |    explained_variance   | 0.169     |
[train_ppo-6] |    learning_rate        | 0.000292  |
[train_ppo-6] |    loss                 | 0.0226    |
[train_ppo-6] |    n_updates            | 730       |
[train_ppo-6] |    policy_gradient_loss | -0.0355   |
[train_ppo-6] |    std                  | 0.394     |
[train_ppo-6] |    value_loss           | 0.0823    |
[train_ppo-6] ---------------------------------------
[train_ppo-6] PPO progress: 80000/2500000 (3%) | ep_rew_mean=370.24 | ep_len_mean=406 | episodes=100 | fps=8
[train_ppo-6] -----------------------------------------
[train_ppo-6] | rollout/                |             |
[train_ppo-6] |    ep_len_mean          | 429         |
[train_ppo-6] |    ep_rew_mean          | 392         |
[train_ppo-6] | time/                   |             |
[train_ppo-6] |    fps                  | 8           |
[train_ppo-6] |    iterations           | 79          |
[train_ppo-6] |    time_elapsed         | 9724        |
[train_ppo-6] |    total_timesteps      | 80896       |
[train_ppo-6] | train/                  |             |
[train_ppo-6] |    approx_kl            | 0.106419384 |
[train_ppo-6] |    clip_fraction        | 0.468       |
[train_ppo-6] |    clip_range           | 0.2         |
[train_ppo-6] |    clip_range_vf        | 0.2         |
[train_ppo-6] |    entropy_loss         | -0.964      |
[train_ppo-6] |    explained_variance   | -0.306      |
[train_ppo-6] |    learning_rate        | 0.000292    |
[train_ppo-6] |    loss                 | -0.144      |
[train_ppo-6] |    n_updates            | 740         |
[train_ppo-6] |    policy_gradient_loss | -0.0769     |
[train_ppo-6] |    std                  | 0.389       |
[train_ppo-6] |    value_loss           | 0.00329     |
[train_ppo-6] -----------------------------------------
[train_ppo-6] PPO progress: 81000/2500000 (3%) | ep_rew_mean=391.54 | ep_len_mean=429 | episodes=100 | fps=8
[train_ppo-6] ----------------------------------------
[train_ppo-6] | rollout/                |            |
[train_ppo-6] |    ep_len_mean          | 429        |
[train_ppo-6] |    ep_rew_mean          | 392        |
[train_ppo-6] | time/                   |            |
[train_ppo-6] |    fps                  | 8          |
[train_ppo-6] |    iterations           | 80         |
[train_ppo-6] |    time_elapsed         | 9831       |
[train_ppo-6] |    total_timesteps      | 81920      |
[train_ppo-6] | train/                  |            |
[train_ppo-6] |    approx_kl            | 0.12967752 |
[train_ppo-6] |    clip_fraction        | 0.451      |
[train_ppo-6] |    clip_range           | 0.2        |
[train_ppo-6] |    clip_range_vf        | 0.2        |
[train_ppo-6] |    entropy_loss         | -0.946     |
[train_ppo-6] |    explained_variance   | 0.478      |
[train_ppo-6] |    learning_rate        | 0.000292   |
[train_ppo-6] |    loss                 | -0.075     |
[train_ppo-6] |    n_updates            | 750        |
[train_ppo-6] |    policy_gradient_loss | -0.051     |
[train_ppo-6] |    std                  | 0.385      |
[train_ppo-6] |    value_loss           | 0.0816     |
[train_ppo-6] ----------------------------------------
[train_ppo-6] Early stopping at step 6 due to reaching max kl: 0.97
[train_ppo-6] PPO progress: 82000/2500000 (3%) | ep_rew_mean=391.54 | ep_len_mean=429 | episodes=100 | fps=8
[train_ppo-6] ---------------------------------------
[train_ppo-6] | rollout/                |           |
[train_ppo-6] |    ep_len_mean          | 445       |
[train_ppo-6] |    ep_rew_mean          | 409       |
[train_ppo-6] | time/                   |           |
[train_ppo-6] |    fps                  | 8         |
[train_ppo-6] |    iterations           | 81        |
[train_ppo-6] |    time_elapsed         | 9940      |
[train_ppo-6] |    total_timesteps      | 82944     |
[train_ppo-6] | train/                  |           |
[train_ppo-6] |    approx_kl            | 0.4504183 |
[train_ppo-6] |    clip_fraction        | 0.614     |
[train_ppo-6] |    clip_range           | 0.2       |
[train_ppo-6] |    clip_range_vf        | 0.2       |
[train_ppo-6] |    entropy_loss         | -0.918    |
[train_ppo-6] |    explained_variance   | -3.54     |
[train_ppo-6] |    learning_rate        | 0.000292  |
[train_ppo-6] |    loss                 | -0.148    |
[train_ppo-6] |    n_updates            | 757       |
[train_ppo-6] |    policy_gradient_loss | -0.0771   |
[train_ppo-6] |    std                  | 0.381     |
[train_ppo-6] |    value_loss           | 0.01      |
[train_ppo-6] ---------------------------------------
[train_ppo-6] Early stopping at step 3 due to reaching max kl: 3.71
[train_ppo-6] PPO progress: 83000/2500000 (3%) | ep_rew_mean=409.88 | ep_len_mean=447 | episodes=100 | fps=8
[train_ppo-6] ----------------------------------------
[train_ppo-6] | rollout/                |            |
[train_ppo-6] |    ep_len_mean          | 447        |
[train_ppo-6] |    ep_rew_mean          | 410        |
[train_ppo-6] | time/                   |            |
[train_ppo-6] |    fps                  | 8          |
[train_ppo-6] |    iterations           | 82         |
[train_ppo-6] |    time_elapsed         | 10048      |
[train_ppo-6] |    total_timesteps      | 83968      |
[train_ppo-6] | train/                  |            |
[train_ppo-6] |    approx_kl            | 0.93349534 |
[train_ppo-6] |    clip_fraction        | 0.463      |
[train_ppo-6] |    clip_range           | 0.2        |
[train_ppo-6] |    clip_range_vf        | 0.2        |
[train_ppo-6] |    entropy_loss         | -0.901     |
[train_ppo-6] |    explained_variance   | 0.655      |
[train_ppo-6] |    learning_rate        | 0.000292   |
[train_ppo-6] |    loss                 | -0.0695    |
[train_ppo-6] |    n_updates            | 761        |
[train_ppo-6] |    policy_gradient_loss | -0.0307    |
[train_ppo-6] |    std                  | 0.38       |
[train_ppo-6] |    value_loss           | 0.0251     |
[train_ppo-6] ----------------------------------------
[train_ppo-6] PPO progress: 84000/2500000 (3%) | ep_rew_mean=409.88 | ep_len_mean=447 | episodes=100 | fps=8
[train_ppo-6] ----------------------------------------
[train_ppo-6] | rollout/                |            |
[train_ppo-6] |    ep_len_mean          | 447        |
[train_ppo-6] |    ep_rew_mean          | 410        |
[train_ppo-6] | time/                   |            |
[train_ppo-6] |    fps                  | 8          |
[train_ppo-6] |    iterations           | 83         |
[train_ppo-6] |    time_elapsed         | 10156      |
[train_ppo-6] |    total_timesteps      | 84992      |
[train_ppo-6] | train/                  |            |
[train_ppo-6] |    approx_kl            | 0.15692571 |
[train_ppo-6] |    clip_fraction        | 0.418      |
[train_ppo-6] |    clip_range           | 0.2        |
[train_ppo-6] |    clip_range_vf        | 0.2        |
[train_ppo-6] |    entropy_loss         | -0.895     |
[train_ppo-6] |    explained_variance   | -0.305     |
[train_ppo-6] |    learning_rate        | 0.000292   |
[train_ppo-6] |    loss                 | -0.0976    |
[train_ppo-6] |    n_updates            | 771        |
[train_ppo-6] |    policy_gradient_loss | -0.0417    |
[train_ppo-6] |    std                  | 0.376      |
[train_ppo-6] |    value_loss           | 0.0489     |
[train_ppo-6] ----------------------------------------
[train_ppo-6] PPO progress: 85000/2500000 (3%) | ep_rew_mean=409.88 | ep_len_mean=447 | episodes=100 | fps=8
[train_ppo-6] PPO progress: 86000/2500000 (3%) | ep_rew_mean=413.01 | ep_len_mean=447 | episodes=100 | fps=8
[train_ppo-6] ----------------------------------------
[train_ppo-6] | rollout/                |            |
[train_ppo-6] |    ep_len_mean          | 447        |
[train_ppo-6] |    ep_rew_mean          | 413        |
[train_ppo-6] | time/                   |            |
[train_ppo-6] |    fps                  | 8          |
[train_ppo-6] |    iterations           | 84         |
[train_ppo-6] |    time_elapsed         | 10267      |
[train_ppo-6] |    total_timesteps      | 86016      |
[train_ppo-6] | train/                  |            |
[train_ppo-6] |    approx_kl            | 0.11370484 |
[train_ppo-6] |    clip_fraction        | 0.463      |
[train_ppo-6] |    clip_range           | 0.2        |
[train_ppo-6] |    clip_range_vf        | 0.2        |
[train_ppo-6] |    entropy_loss         | -0.873     |
[train_ppo-6] |    explained_variance   | -1.18      |
[train_ppo-6] |    learning_rate        | 0.000292   |
[train_ppo-6] |    loss                 | -0.154     |
[train_ppo-6] |    n_updates            | 781        |
[train_ppo-6] |    policy_gradient_loss | -0.0777    |
[train_ppo-6] |    std                  | 0.372      |
[train_ppo-6] |    value_loss           | 0.00283    |
[train_ppo-6] ----------------------------------------
[train_ppo-6] PPO progress: 87000/2500000 (3%) | ep_rew_mean=413.01 | ep_len_mean=447 | episodes=100 | fps=8
[train_ppo-6] -----------------------------------------
[train_ppo-6] | rollout/                |             |
[train_ppo-6] |    ep_len_mean          | 447         |
[train_ppo-6] |    ep_rew_mean          | 413         |
[train_ppo-6] | time/                   |             |
[train_ppo-6] |    fps                  | 8           |
[train_ppo-6] |    iterations           | 85          |
[train_ppo-6] |    time_elapsed         | 10375       |
[train_ppo-6] |    total_timesteps      | 87040       |
[train_ppo-6] | train/                  |             |
[train_ppo-6] |    approx_kl            | 0.080396324 |
[train_ppo-6] |    clip_fraction        | 0.444       |
[train_ppo-6] |    clip_range           | 0.2         |
[train_ppo-6] |    clip_range_vf        | 0.2         |
[train_ppo-6] |    entropy_loss         | -0.863      |
[train_ppo-6] |    explained_variance   | 0.195       |
[train_ppo-6] |    learning_rate        | 0.000292    |
[train_ppo-6] |    loss                 | -0.0753     |
[train_ppo-6] |    n_updates            | 791         |
[train_ppo-6] |    policy_gradient_loss | -0.0367     |
[train_ppo-6] |    std                  | 0.372       |
[train_ppo-6] |    value_loss           | 0.0472      |
[train_ppo-6] -----------------------------------------
[train_ppo-6] PPO progress: 88000/2500000 (4%) | ep_rew_mean=432.73 | ep_len_mean=468 | episodes=100 | fps=8
[train_ppo-6] ----------------------------------------
[train_ppo-6] | rollout/                |            |
[train_ppo-6] |    ep_len_mean          | 468        |
[train_ppo-6] |    ep_rew_mean          | 433        |
[train_ppo-6] | time/                   |            |
[train_ppo-6] |    fps                  | 8          |
[train_ppo-6] |    iterations           | 86         |
[train_ppo-6] |    time_elapsed         | 10484      |
[train_ppo-6] |    total_timesteps      | 88064      |
[train_ppo-6] | train/                  |            |
[train_ppo-6] |    approx_kl            | 0.12529142 |
[train_ppo-6] |    clip_fraction        | 0.498      |
[train_ppo-6] |    clip_range           | 0.2        |
[train_ppo-6] |    clip_range_vf        | 0.2        |
[train_ppo-6] |    entropy_loss         | -0.851     |
[train_ppo-6] |    explained_variance   | -0.772     |
[train_ppo-6] |    learning_rate        | 0.000292   |
[train_ppo-6] |    loss                 | -0.148     |
[train_ppo-6] |    n_updates            | 801        |
[train_ppo-6] |    policy_gradient_loss | -0.0857    |
[train_ppo-6] |    std                  | 0.367      |
[train_ppo-6] |    value_loss           | 0.0028     |
[train_ppo-6] ----------------------------------------
[gazebo-2] NodeShared::RecvSrvRequest() error sending response: Host unreachable
[train_ppo-6] [WARN] [1787229681.580511456] [cobraflex_rl_interface]: Gazebo service call failed for /world/lane_following_complex_b/set_pose: Service call timed out
[train_ppo-6] PPO progress: 89000/2500000 (4%) | ep_rew_mean=421.15 | ep_len_mean=455 | episodes=100 | fps=8
[train_ppo-6] ----------------------------------------
[train_ppo-6] | rollout/                |            |
[train_ppo-6] |    ep_len_mean          | 455        |
[train_ppo-6] |    ep_rew_mean          | 421        |
[train_ppo-6] | time/                   |            |
[train_ppo-6] |    fps                  | 8          |
[train_ppo-6] |    iterations           | 87         |
[train_ppo-6] |    time_elapsed         | 10597      |
[train_ppo-6] |    total_timesteps      | 89088      |
[train_ppo-6] | train/                  |            |
[train_ppo-6] |    approx_kl            | 0.19460621 |
[train_ppo-6] |    clip_fraction        | 0.499      |
[train_ppo-6] |    clip_range           | 0.2        |
[train_ppo-6] |    clip_range_vf        | 0.2        |
[train_ppo-6] |    entropy_loss         | -0.826     |
[train_ppo-6] |    explained_variance   | 0.508      |
[train_ppo-6] |    learning_rate        | 0.000292   |
[train_ppo-6] |    loss                 | -0.0682    |
[train_ppo-6] |    n_updates            | 811        |
[train_ppo-6] |    policy_gradient_loss | -0.0508    |
[train_ppo-6] |    std                  | 0.363      |
[train_ppo-6] |    value_loss           | 0.0333     |
[train_ppo-6] ----------------------------------------
[train_ppo-6] PPO progress: 90000/2500000 (4%) | ep_rew_mean=428.13 | ep_len_mean=462 | episodes=100 | fps=8
[train_ppo-6] ----------------------------------------
[train_ppo-6] | rollout/                |            |
[train_ppo-6] |    ep_len_mean          | 462        |
[train_ppo-6] |    ep_rew_mean          | 428        |
[train_ppo-6] | time/                   |            |
[train_ppo-6] |    fps                  | 8          |
[train_ppo-6] |    iterations           | 88         |
[train_ppo-6] |    time_elapsed         | 10708      |
[train_ppo-6] |    total_timesteps      | 90112      |
[train_ppo-6] | train/                  |            |
[train_ppo-6] |    approx_kl            | 0.09939411 |
[train_ppo-6] |    clip_fraction        | 0.444      |
[train_ppo-6] |    clip_range           | 0.2        |
[train_ppo-6] |    clip_range_vf        | 0.2        |
[train_ppo-6] |    entropy_loss         | -0.81      |
[train_ppo-6] |    explained_variance   | 0.111      |
[train_ppo-6] |    learning_rate        | 0.000291   |
[train_ppo-6] |    loss                 | -0.0621    |
[train_ppo-6] |    n_updates            | 821        |
[train_ppo-6] |    policy_gradient_loss | -0.0407    |
[train_ppo-6] |    std                  | 0.361      |
[train_ppo-6] |    value_loss           | 0.0668     |
[train_ppo-6] ----------------------------------------
[train_ppo-6] PPO progress: 91000/2500000 (4%) | ep_rew_mean=428.13 | ep_len_mean=462 | episodes=100 | fps=8
[train_ppo-6] ----------------------------------------
[train_ppo-6] | rollout/                |            |
[train_ppo-6] |    ep_len_mean          | 462        |
[train_ppo-6] |    ep_rew_mean          | 428        |
[train_ppo-6] | time/                   |            |
[train_ppo-6] |    fps                  | 8          |
[train_ppo-6] |    iterations           | 89         |
[train_ppo-6] |    time_elapsed         | 10816      |
[train_ppo-6] |    total_timesteps      | 91136      |
[train_ppo-6] | train/                  |            |
[train_ppo-6] |    approx_kl            | 0.11217807 |
[train_ppo-6] |    clip_fraction        | 0.443      |
[train_ppo-6] |    clip_range           | 0.2        |
[train_ppo-6] |    clip_range_vf        | 0.2        |
[train_ppo-6] |    entropy_loss         | -0.791     |
[train_ppo-6] |    explained_variance   | 0.457      |
[train_ppo-6] |    learning_rate        | 0.000291   |
[train_ppo-6] |    loss                 | -0.0497    |
[train_ppo-6] |    n_updates            | 831        |
[train_ppo-6] |    policy_gradient_loss | -0.041     |
[train_ppo-6] |    std                  | 0.357      |
[train_ppo-6] |    value_loss           | 0.0652     |
[train_ppo-6] ----------------------------------------
[train_ppo-6] PPO progress: 92000/2500000 (4%) | ep_rew_mean=434.21 | ep_len_mean=468 | episodes=100 | fps=8
[train_ppo-6] -----------------------------------------
[train_ppo-6] | rollout/                |             |
[train_ppo-6] |    ep_len_mean          | 468         |
[train_ppo-6] |    ep_rew_mean          | 434         |
[train_ppo-6] | time/                   |             |
[train_ppo-6] |    fps                  | 8           |
[train_ppo-6] |    iterations           | 90          |
[train_ppo-6] |    time_elapsed         | 10924       |
[train_ppo-6] |    total_timesteps      | 92160       |
[train_ppo-6] | train/                  |             |
[train_ppo-6] |    approx_kl            | 0.095479526 |
[train_ppo-6] |    clip_fraction        | 0.446       |
[train_ppo-6] |    clip_range           | 0.2         |
[train_ppo-6] |    clip_range_vf        | 0.2         |
[train_ppo-6] |    entropy_loss         | -0.764      |
[train_ppo-6] |    explained_variance   | -0.377      |
[train_ppo-6] |    learning_rate        | 0.000291    |
[train_ppo-6] |    loss                 | -0.131      |
[train_ppo-6] |    n_updates            | 841         |
[train_ppo-6] |    policy_gradient_loss | -0.0608     |
[train_ppo-6] |    std                  | 0.353       |
[train_ppo-6] |    value_loss           | 0.00396     |
[train_ppo-6] -----------------------------------------
[train_ppo-6] PPO progress: 93000/2500000 (4%) | ep_rew_mean=437.21 | ep_len_mean=470 | episodes=100 | fps=8
[train_ppo-6] ---------------------------------------
[train_ppo-6] | rollout/                |           |
[train_ppo-6] |    ep_len_mean          | 470       |
[train_ppo-6] |    ep_rew_mean          | 437       |
[train_ppo-6] | time/                   |           |
[train_ppo-6] |    fps                  | 8         |
[train_ppo-6] |    iterations           | 91        |
[train_ppo-6] |    time_elapsed         | 11032     |
[train_ppo-6] |    total_timesteps      | 93184     |
[train_ppo-6] | train/                  |           |
[train_ppo-6] |    approx_kl            | 0.1435641 |
[train_ppo-6] |    clip_fraction        | 0.478     |
[train_ppo-6] |    clip_range           | 0.2       |
[train_ppo-6] |    clip_range_vf        | 0.2       |
[train_ppo-6] |    entropy_loss         | -0.731    |
[train_ppo-6] |    explained_variance   | -1.93     |
[train_ppo-6] |    learning_rate        | 0.000291  |
[train_ppo-6] |    loss                 | -0.147    |
[train_ppo-6] |    n_updates            | 851       |
[train_ppo-6] |    policy_gradient_loss | -0.0669   |
[train_ppo-6] |    std                  | 0.344     |
[train_ppo-6] |    value_loss           | 0.0038    |
[train_ppo-6] ---------------------------------------
[train_ppo-6] Early stopping at step 2 due to reaching max kl: 0.85
[train_ppo-6] PPO progress: 94000/2500000 (4%) | ep_rew_mean=437.21 | ep_len_mean=470 | episodes=100 | fps=8
[train_ppo-6] ----------------------------------------
[train_ppo-6] | rollout/                |            |
[train_ppo-6] |    ep_len_mean          | 470        |
[train_ppo-6] |    ep_rew_mean          | 437        |
[train_ppo-6] | time/                   |            |
[train_ppo-6] |    fps                  | 8          |
[train_ppo-6] |    iterations           | 92         |
[train_ppo-6] |    time_elapsed         | 11140      |
[train_ppo-6] |    total_timesteps      | 94208      |
[train_ppo-6] | train/                  |            |
[train_ppo-6] |    approx_kl            | 0.41565272 |
[train_ppo-6] |    clip_fraction        | 0.457      |
[train_ppo-6] |    clip_range           | 0.2        |
[train_ppo-6] |    clip_range_vf        | 0.2        |
[train_ppo-6] |    entropy_loss         | -0.698     |
[train_ppo-6] |    explained_variance   | -0.266     |
[train_ppo-6] |    learning_rate        | 0.000291   |
[train_ppo-6] |    loss                 | 0.0178     |
[train_ppo-6] |    n_updates            | 854        |
[train_ppo-6] |    policy_gradient_loss | 0.00562    |
[train_ppo-6] |    std                  | 0.343      |
[train_ppo-6] |    value_loss           | 0.0758     |
[train_ppo-6] ----------------------------------------
[train_ppo-6] Early stopping at step 4 due to reaching max kl: 0.76
[train_ppo-6] PPO progress: 95000/2500000 (4%) | ep_rew_mean=457.32 | ep_len_mean=491 | episodes=100 | fps=8
[train_ppo-6] --------------------------------------
[train_ppo-6] | rollout/                |          |
[train_ppo-6] |    ep_len_mean          | 491      |
[train_ppo-6] |    ep_rew_mean          | 457      |
[train_ppo-6] | time/                   |          |
[train_ppo-6] |    fps                  | 8        |
[train_ppo-6] |    iterations           | 93       |
[train_ppo-6] |    time_elapsed         | 11248    |
[train_ppo-6] |    total_timesteps      | 95232    |
[train_ppo-6] | train/                  |          |
[train_ppo-6] |    approx_kl            | 0.564511 |
[train_ppo-6] |    clip_fraction        | 0.585    |
[train_ppo-6] |    clip_range           | 0.2      |
[train_ppo-6] |    clip_range_vf        | 0.2      |
[train_ppo-6] |    entropy_loss         | -0.697   |
[train_ppo-6] |    explained_variance   | -0.98    |
[train_ppo-6] |    learning_rate        | 0.000291 |
[train_ppo-6] |    loss                 | -0.11    |
[train_ppo-6] |    n_updates            | 859      |
[train_ppo-6] |    policy_gradient_loss | -0.0418  |
[train_ppo-6] |    std                  | 0.343    |
[train_ppo-6] |    value_loss           | 0.00925  |
[train_ppo-6] --------------------------------------
[train_ppo-6] PPO progress: 96000/2500000 (4%) | ep_rew_mean=457.32 | ep_len_mean=491 | episodes=100 | fps=8
[train_ppo-6] ---------------------------------------
[train_ppo-6] | rollout/                |           |
[train_ppo-6] |    ep_len_mean          | 491       |
[train_ppo-6] |    ep_rew_mean          | 457       |
[train_ppo-6] | time/                   |           |
[train_ppo-6] |    fps                  | 8         |
[train_ppo-6] |    iterations           | 94        |
[train_ppo-6] |    time_elapsed         | 11356     |
[train_ppo-6] |    total_timesteps      | 96256     |
[train_ppo-6] | train/                  |           |
[train_ppo-6] |    approx_kl            | 0.2310925 |
[train_ppo-6] |    clip_fraction        | 0.53      |
[train_ppo-6] |    clip_range           | 0.2       |
[train_ppo-6] |    clip_range_vf        | 0.2       |
[train_ppo-6] |    entropy_loss         | -0.679    |
[train_ppo-6] |    explained_variance   | -0.152    |
[train_ppo-6] |    learning_rate        | 0.000291  |
[train_ppo-6] |    loss                 | -0.112    |
[train_ppo-6] |    n_updates            | 869       |
[train_ppo-6] |    policy_gradient_loss | -0.0774   |
[train_ppo-6] |    std                  | 0.336     |
[train_ppo-6] |    value_loss           | 0.00482   |
[train_ppo-6] ---------------------------------------
[train_ppo-6] PPO progress: 97000/2500000 (4%) | ep_rew_mean=470.68 | ep_len_mean=504 | episodes=100 | fps=8
[train_ppo-6] ----------------------------------------
[train_ppo-6] | rollout/                |            |
[train_ppo-6] |    ep_len_mean          | 504        |
[train_ppo-6] |    ep_rew_mean          | 471        |
[train_ppo-6] | time/                   |            |
[train_ppo-6] |    fps                  | 8          |
[train_ppo-6] |    iterations           | 95         |
[train_ppo-6] |    time_elapsed         | 11464      |
[train_ppo-6] |    total_timesteps      | 97280      |
[train_ppo-6] | train/                  |            |
[train_ppo-6] |    approx_kl            | 0.14305356 |
[train_ppo-6] |    clip_fraction        | 0.519      |
[train_ppo-6] |    clip_range           | 0.2        |
[train_ppo-6] |    clip_range_vf        | 0.2        |
[train_ppo-6] |    entropy_loss         | -0.651     |
[train_ppo-6] |    explained_variance   | -2.15      |
[train_ppo-6] |    learning_rate        | 0.000291   |
[train_ppo-6] |    loss                 | -0.114     |
[train_ppo-6] |    n_updates            | 879        |
[train_ppo-6] |    policy_gradient_loss | -0.0814    |
[train_ppo-6] |    std                  | 0.334      |
[train_ppo-6] |    value_loss           | 0.00267    |
[train_ppo-6] ----------------------------------------
[train_ppo-6] PPO progress: 98000/2500000 (4%) | ep_rew_mean=470.68 | ep_len_mean=504 | episodes=100 | fps=8
[train_ppo-6] ----------------------------------------
[train_ppo-6] | rollout/                |            |
[train_ppo-6] |    ep_len_mean          | 504        |
[train_ppo-6] |    ep_rew_mean          | 471        |
[train_ppo-6] | time/                   |            |
[train_ppo-6] |    fps                  | 8          |
[train_ppo-6] |    iterations           | 96         |
[train_ppo-6] |    time_elapsed         | 11572      |
[train_ppo-6] |    total_timesteps      | 98304      |
[train_ppo-6] | train/                  |            |
[train_ppo-6] |    approx_kl            | 0.16416183 |
[train_ppo-6] |    clip_fraction        | 0.531      |
[train_ppo-6] |    clip_range           | 0.2        |
[train_ppo-6] |    clip_range_vf        | 0.2        |
[train_ppo-6] |    entropy_loss         | -0.633     |
[train_ppo-6] |    explained_variance   | -0.983     |
[train_ppo-6] |    learning_rate        | 0.000291   |
[train_ppo-6] |    loss                 | -0.15      |
[train_ppo-6] |    n_updates            | 889        |
[train_ppo-6] |    policy_gradient_loss | -0.0801    |
[train_ppo-6] |    std                  | 0.329      |
[train_ppo-6] |    value_loss           | 0.00437    |
[train_ppo-6] ----------------------------------------
[train_ppo-6] PPO progress: 99000/2500000 (4%) | ep_rew_mean=489.39 | ep_len_mean=524 | episodes=100 | fps=8
[train_ppo-6] ----------------------------------------
[train_ppo-6] | rollout/                |            |
[train_ppo-6] |    ep_len_mean          | 524        |
[train_ppo-6] |    ep_rew_mean          | 489        |
[train_ppo-6] | time/                   |            |
[train_ppo-6] |    fps                  | 8          |
[train_ppo-6] |    iterations           | 97         |
[train_ppo-6] |    time_elapsed         | 11681      |
[train_ppo-6] |    total_timesteps      | 99328      |
[train_ppo-6] | train/                  |            |
[train_ppo-6] |    approx_kl            | 0.17655692 |
[train_ppo-6] |    clip_fraction        | 0.546      |
[train_ppo-6] |    clip_range           | 0.2        |
[train_ppo-6] |    clip_range_vf        | 0.2        |
[train_ppo-6] |    entropy_loss         | -0.603     |
[train_ppo-6] |    explained_variance   | -0.43      |
[train_ppo-6] |    learning_rate        | 0.000291   |
[train_ppo-6] |    loss                 | -0.103     |
[train_ppo-6] |    n_updates            | 899        |
[train_ppo-6] |    policy_gradient_loss | -0.0717    |
[train_ppo-6] |    std                  | 0.324      |
[train_ppo-6] |    value_loss           | 0.00438    |
[train_ppo-6] ----------------------------------------
[train_ppo-6] Early stopping at step 2 due to reaching max kl: 0.91
[train_ppo-6] PPO progress: 100000/2500000 (4%) | ep_rew_mean=489.39 | ep_len_mean=524 | episodes=100 | fps=8
[train_ppo-6] ----------------------------------------
[train_ppo-6] | rollout/                |            |
[train_ppo-6] |    ep_len_mean          | 517        |
[train_ppo-6] |    ep_rew_mean          | 485        |
[train_ppo-6] | time/                   |            |
[train_ppo-6] |    fps                  | 8          |
[train_ppo-6] |    iterations           | 98         |
[train_ppo-6] |    time_elapsed         | 11794      |
[train_ppo-6] |    total_timesteps      | 100352     |
[train_ppo-6] | train/                  |            |
[train_ppo-6] |    approx_kl            | 0.28721285 |
[train_ppo-6] |    clip_fraction        | 0.467      |
[train_ppo-6] |    clip_range           | 0.2        |
[train_ppo-6] |    clip_range_vf        | 0.2        |
[train_ppo-6] |    entropy_loss         | -0.582     |
[train_ppo-6] |    explained_variance   | 0.0474     |
[train_ppo-6] |    learning_rate        | 0.00029    |
[train_ppo-6] |    loss                 | 0.00191    |
[train_ppo-6] |    n_updates            | 902        |
[train_ppo-6] |    policy_gradient_loss | 0.0175     |
[train_ppo-6] |    std                  | 0.324      |
[train_ppo-6] |    value_loss           | 0.0646     |
[train_ppo-6] ----------------------------------------
[train_ppo-6] Early stopping at step 3 due to reaching max kl: 0.76
[train_ppo-6] PPO progress: 101000/2500000 (4%) | ep_rew_mean=488.94 | ep_len_mean=520 | episodes=100 | fps=8
[train_ppo-6] ----------------------------------------
[train_ppo-6] | rollout/                |            |
[train_ppo-6] |    ep_len_mean          | 520        |
[train_ppo-6] |    ep_rew_mean          | 489        |
[train_ppo-6] | time/                   |            |
[train_ppo-6] |    fps                  | 8          |
[train_ppo-6] |    iterations           | 99         |
[train_ppo-6] |    time_elapsed         | 11902      |
[train_ppo-6] |    total_timesteps      | 101376     |
[train_ppo-6] | train/                  |            |
[train_ppo-6] |    approx_kl            | 0.43490842 |
[train_ppo-6] |    clip_fraction        | 0.528      |
[train_ppo-6] |    clip_range           | 0.2        |
[train_ppo-6] |    clip_range_vf        | 0.2        |
[train_ppo-6] |    entropy_loss         | -0.584     |
[train_ppo-6] |    explained_variance   | 0.114      |
[train_ppo-6] |    learning_rate        | 0.00029    |
[train_ppo-6] |    loss                 | -0.0902    |
[train_ppo-6] |    n_updates            | 906        |
[train_ppo-6] |    policy_gradient_loss | -0.0169    |
[train_ppo-6] |    std                  | 0.324      |
[train_ppo-6] |    value_loss           | 0.0848     |
[train_ppo-6] ----------------------------------------
[train_ppo-6] PPO progress: 102000/2500000 (4%) | ep_rew_mean=488.94 | ep_len_mean=520 | episodes=100 | fps=8
[train_ppo-6] ----------------------------------------
[train_ppo-6] | rollout/                |            |
[train_ppo-6] |    ep_len_mean          | 520        |
[train_ppo-6] |    ep_rew_mean          | 489        |
[train_ppo-6] | time/                   |            |
[train_ppo-6] |    fps                  | 8          |
[train_ppo-6] |    iterations           | 100        |
[train_ppo-6] |    time_elapsed         | 12010      |
[train_ppo-6] |    total_timesteps      | 102400     |
[train_ppo-6] | train/                  |            |
[train_ppo-6] |    approx_kl            | 0.33967644 |
[train_ppo-6] |    clip_fraction        | 0.457      |
[train_ppo-6] |    clip_range           | 0.2        |
[train_ppo-6] |    clip_range_vf        | 0.2        |
[train_ppo-6] |    entropy_loss         | -0.572     |
[train_ppo-6] |    explained_variance   | -0.262     |
[train_ppo-6] |    learning_rate        | 0.00029    |
[train_ppo-6] |    loss                 | -0.0513    |
[train_ppo-6] |    n_updates            | 916        |
[train_ppo-6] |    policy_gradient_loss | -0.0472    |
[train_ppo-6] |    std                  | 0.318      |
[train_ppo-6] |    value_loss           | 0.0583     |
[train_ppo-6] ----------------------------------------
[train_ppo-6] PPO progress: 103000/2500000 (4%) | ep_rew_mean=505.74 | ep_len_mean=538 | episodes=100 | fps=8
[train_ppo-6] ----------------------------------------
[train_ppo-6] | rollout/                |            |
[train_ppo-6] |    ep_len_mean          | 538        |
[train_ppo-6] |    ep_rew_mean          | 506        |
[train_ppo-6] | time/                   |            |
[train_ppo-6] |    fps                  | 8          |
[train_ppo-6] |    iterations           | 101        |
[train_ppo-6] |    time_elapsed         | 12118      |
[train_ppo-6] |    total_timesteps      | 103424     |
[train_ppo-6] | train/                  |            |
[train_ppo-6] |    approx_kl            | 0.09759399 |
[train_ppo-6] |    clip_fraction        | 0.461      |
[train_ppo-6] |    clip_range           | 0.2        |
[train_ppo-6] |    clip_range_vf        | 0.2        |
[train_ppo-6] |    entropy_loss         | -0.534     |
[train_ppo-6] |    explained_variance   | -0.286     |
[train_ppo-6] |    learning_rate        | 0.00029    |
[train_ppo-6] |    loss                 | -0.107     |
[train_ppo-6] |    n_updates            | 926        |
[train_ppo-6] |    policy_gradient_loss | -0.0659    |
[train_ppo-6] |    std                  | 0.313      |
[train_ppo-6] |    value_loss           | 0.0021     |
[train_ppo-6] ----------------------------------------
[train_ppo-6] PPO progress: 104000/2500000 (4%) | ep_rew_mean=505.74 | ep_len_mean=538 | episodes=100 | fps=8
[train_ppo-6] ----------------------------------------
[train_ppo-6] | rollout/                |            |
[train_ppo-6] |    ep_len_mean          | 538        |
[train_ppo-6] |    ep_rew_mean          | 506        |
[train_ppo-6] | time/                   |            |
[train_ppo-6] |    fps                  | 8          |
[train_ppo-6] |    iterations           | 102        |
[train_ppo-6] |    time_elapsed         | 12226      |
[train_ppo-6] |    total_timesteps      | 104448     |
[train_ppo-6] | train/                  |            |
[train_ppo-6] |    approx_kl            | 0.11615087 |
[train_ppo-6] |    clip_fraction        | 0.49       |
[train_ppo-6] |    clip_range           | 0.2        |
[train_ppo-6] |    clip_range_vf        | 0.2        |
[train_ppo-6] |    entropy_loss         | -0.504     |
[train_ppo-6] |    explained_variance   | 0.0772     |
[train_ppo-6] |    learning_rate        | 0.00029    |
[train_ppo-6] |    loss                 | -0.131     |
[train_ppo-6] |    n_updates            | 936        |
[train_ppo-6] |    policy_gradient_loss | -0.0611    |
[train_ppo-6] |    std                  | 0.31       |
[train_ppo-6] |    value_loss           | 0.00319    |
[train_ppo-6] ----------------------------------------
[gazebo-2] NodeShared::RecvSrvRequest() error sending response: Host unreachable
[train_ppo-6] [WARN] [1787231445.130215082] [cobraflex_rl_interface]: Gazebo service call failed for /world/lane_following_complex_b/set_pose: Service call timed out
[train_ppo-6] PPO progress: 105000/2500000 (4%) | ep_rew_mean=518.58 | ep_len_mean=550 | episodes=100 | fps=8
[train_ppo-6] -----------------------------------------
[train_ppo-6] | rollout/                |             |
[train_ppo-6] |    ep_len_mean          | 541         |
[train_ppo-6] |    ep_rew_mean          | 511         |
[train_ppo-6] | time/                   |             |
[train_ppo-6] |    fps                  | 8           |
[train_ppo-6] |    iterations           | 103         |
[train_ppo-6] |    time_elapsed         | 12349       |
[train_ppo-6] |    total_timesteps      | 105472      |
[train_ppo-6] | train/                  |             |
[train_ppo-6] |    approx_kl            | 0.082595564 |
[train_ppo-6] |    clip_fraction        | 0.447       |
[train_ppo-6] |    clip_range           | 0.2         |
[train_ppo-6] |    clip_range_vf        | 0.2         |
[train_ppo-6] |    entropy_loss         | -0.48       |
[train_ppo-6] |    explained_variance   | -1.04       |
[train_ppo-6] |    learning_rate        | 0.00029     |
[train_ppo-6] |    loss                 | -0.12       |
[train_ppo-6] |    n_updates            | 946         |
[train_ppo-6] |    policy_gradient_loss | -0.0627     |
[train_ppo-6] |    std                  | 0.306       |
[train_ppo-6] |    value_loss           | 0.0019      |
[train_ppo-6] -----------------------------------------
[train_ppo-6] Early stopping at step 2 due to reaching max kl: 0.83
[train_ppo-6] PPO progress: 106000/2500000 (4%) | ep_rew_mean=513.28 | ep_len_mean=543 | episodes=100 | fps=8
[train_ppo-6] ---------------------------------------
[train_ppo-6] | rollout/                |           |
[train_ppo-6] |    ep_len_mean          | 543       |
[train_ppo-6] |    ep_rew_mean          | 513       |
[train_ppo-6] | time/                   |           |
[train_ppo-6] |    fps                  | 8         |
[train_ppo-6] |    iterations           | 104       |
[train_ppo-6] |    time_elapsed         | 12457     |
[train_ppo-6] |    total_timesteps      | 106496    |
[train_ppo-6] | train/                  |           |
[train_ppo-6] |    approx_kl            | 0.3989082 |
[train_ppo-6] |    clip_fraction        | 0.418     |
[train_ppo-6] |    clip_range           | 0.2       |
[train_ppo-6] |    clip_range_vf        | 0.2       |
[train_ppo-6] |    entropy_loss         | -0.466    |
[train_ppo-6] |    explained_variance   | 0.237     |
[train_ppo-6] |    learning_rate        | 0.00029   |
[train_ppo-6] |    loss                 | 0.0293    |
[train_ppo-6] |    n_updates            | 949       |
[train_ppo-6] |    policy_gradient_loss | -0.0137   |
[train_ppo-6] |    std                  | 0.306     |
[train_ppo-6] |    value_loss           | 0.131     |
[train_ppo-6] ---------------------------------------
[train_ppo-6] PPO progress: 107000/2500000 (4%) | ep_rew_mean=513.28 | ep_len_mean=543 | episodes=100 | fps=8
[train_ppo-6] -----------------------------------------
[train_ppo-6] | rollout/                |             |
[train_ppo-6] |    ep_len_mean          | 543         |
[train_ppo-6] |    ep_rew_mean          | 513         |
[train_ppo-6] | time/                   |             |
[train_ppo-6] |    fps                  | 8           |
[train_ppo-6] |    iterations           | 105         |
[train_ppo-6] |    time_elapsed         | 12565       |
[train_ppo-6] |    total_timesteps      | 107520      |
[train_ppo-6] | train/                  |             |
[train_ppo-6] |    approx_kl            | 0.114618495 |
[train_ppo-6] |    clip_fraction        | 0.488       |
[train_ppo-6] |    clip_range           | 0.2         |
[train_ppo-6] |    clip_range_vf        | 0.2         |
[train_ppo-6] |    entropy_loss         | -0.469      |
[train_ppo-6] |    explained_variance   | 0.0976      |
[train_ppo-6] |    learning_rate        | 0.00029     |
[train_ppo-6] |    loss                 | -0.00777    |
[train_ppo-6] |    n_updates            | 959         |
[train_ppo-6] |    policy_gradient_loss | -0.0347     |
[train_ppo-6] |    std                  | 0.306       |
[train_ppo-6] |    value_loss           | 0.0591      |
[train_ppo-6] -----------------------------------------
[train_ppo-6] PPO progress: 108000/2500000 (4%) | ep_rew_mean=534.26 | ep_len_mean=565 | episodes=100 | fps=8
[train_ppo-6] ----------------------------------------
[train_ppo-6] | rollout/                |            |
[train_ppo-6] |    ep_len_mean          | 567        |
[train_ppo-6] |    ep_rew_mean          | 536        |
[train_ppo-6] | time/                   |            |
[train_ppo-6] |    fps                  | 8          |
[train_ppo-6] |    iterations           | 106        |
[train_ppo-6] |    time_elapsed         | 12675      |
[train_ppo-6] |    total_timesteps      | 108544     |
[train_ppo-6] | train/                  |            |
[train_ppo-6] |    approx_kl            | 0.12345487 |
[train_ppo-6] |    clip_fraction        | 0.482      |
[train_ppo-6] |    clip_range           | 0.2        |
[train_ppo-6] |    clip_range_vf        | 0.2        |
[train_ppo-6] |    entropy_loss         | -0.45      |
[train_ppo-6] |    explained_variance   | 0.218      |
[train_ppo-6] |    learning_rate        | 0.00029    |
[train_ppo-6] |    loss                 | -0.0917    |
[train_ppo-6] |    n_updates            | 969        |
[train_ppo-6] |    policy_gradient_loss | -0.0692    |
[train_ppo-6] |    std                  | 0.299      |
[train_ppo-6] |    value_loss           | 0.00219    |
[train_ppo-6] ----------------------------------------
[train_ppo-6] PPO progress: 109000/2500000 (4%) | ep_rew_mean=536.15 | ep_len_mean=567 | episodes=100 | fps=8
[train_ppo-6] ----------------------------------------
[train_ppo-6] | rollout/                |            |
[train_ppo-6] |    ep_len_mean          | 567        |
[train_ppo-6] |    ep_rew_mean          | 536        |
[train_ppo-6] | time/                   |            |
[train_ppo-6] |    fps                  | 8          |
[train_ppo-6] |    iterations           | 107        |
[train_ppo-6] |    time_elapsed         | 12783      |
[train_ppo-6] |    total_timesteps      | 109568     |
[train_ppo-6] | train/                  |            |
[train_ppo-6] |    approx_kl            | 0.18348756 |
[train_ppo-6] |    clip_fraction        | 0.533      |
[train_ppo-6] |    clip_range           | 0.2        |
[train_ppo-6] |    clip_range_vf        | 0.2        |
[train_ppo-6] |    entropy_loss         | -0.42      |
[train_ppo-6] |    explained_variance   | 0.326      |
[train_ppo-6] |    learning_rate        | 0.00029    |
[train_ppo-6] |    loss                 | -0.0369    |
[train_ppo-6] |    n_updates            | 979        |
[train_ppo-6] |    policy_gradient_loss | -0.0522    |
[train_ppo-6] |    std                  | 0.296      |
[train_ppo-6] |    value_loss           | 0.148      |
[train_ppo-6] ----------------------------------------
[train_ppo-6] PPO progress: 110000/2500000 (4%) | ep_rew_mean=536.15 | ep_len_mean=567 | episodes=100 | fps=8
[train_ppo-6] ----------------------------------------
[train_ppo-6] | rollout/                |            |
[train_ppo-6] |    ep_len_mean          | 587        |
[train_ppo-6] |    ep_rew_mean          | 556        |
[train_ppo-6] | time/                   |            |
[train_ppo-6] |    fps                  | 8          |
[train_ppo-6] |    iterations           | 108        |
[train_ppo-6] |    time_elapsed         | 12891      |
[train_ppo-6] |    total_timesteps      | 110592     |
[train_ppo-6] | train/                  |            |
[train_ppo-6] |    approx_kl            | 0.28062823 |
[train_ppo-6] |    clip_fraction        | 0.608      |
[train_ppo-6] |    clip_range           | 0.2        |
[train_ppo-6] |    clip_range_vf        | 0.2        |
[train_ppo-6] |    entropy_loss         | -0.392     |
[train_ppo-6] |    explained_variance   | -0.00972   |
[train_ppo-6] |    learning_rate        | 0.000289   |
[train_ppo-6] |    loss                 | -0.129     |
[train_ppo-6] |    n_updates            | 989        |
[train_ppo-6] |    policy_gradient_loss | -0.0766    |
[train_ppo-6] |    std                  | 0.291      |
[train_ppo-6] |    value_loss           | 0.00326    |
[train_ppo-6] ----------------------------------------
[train_ppo-6] PPO progress: 111000/2500000 (4%) | ep_rew_mean=550.55 | ep_len_mean=581 | episodes=100 | fps=8
[train_ppo-6] ----------------------------------------
[train_ppo-6] | rollout/                |            |
[train_ppo-6] |    ep_len_mean          | 581        |
[train_ppo-6] |    ep_rew_mean          | 551        |
[train_ppo-6] | time/                   |            |
[train_ppo-6] |    fps                  | 8          |
[train_ppo-6] |    iterations           | 109        |
[train_ppo-6] |    time_elapsed         | 13003      |
[train_ppo-6] |    total_timesteps      | 111616     |
[train_ppo-6] | train/                  |            |
[train_ppo-6] |    approx_kl            | 0.27658457 |
[train_ppo-6] |    clip_fraction        | 0.587      |
[train_ppo-6] |    clip_range           | 0.2        |
[train_ppo-6] |    clip_range_vf        | 0.2        |
[train_ppo-6] |    entropy_loss         | -0.359     |
[train_ppo-6] |    explained_variance   | 0.459      |
[train_ppo-6] |    learning_rate        | 0.000289   |
[train_ppo-6] |    loss                 | -0.0976    |
[train_ppo-6] |    n_updates            | 999        |
[train_ppo-6] |    policy_gradient_loss | -0.0779    |
[train_ppo-6] |    std                  | 0.287      |
[train_ppo-6] |    value_loss           | 0.00416    |
[train_ppo-6] ----------------------------------------
[train_ppo-6] Early stopping at step 4 due to reaching max kl: 0.77
[train_ppo-6] PPO progress: 112000/2500000 (4%) | ep_rew_mean=550.79 | ep_len_mean=581 | episodes=100 | fps=8
[train_ppo-6] ----------------------------------------
[train_ppo-6] | rollout/                |            |
[train_ppo-6] |    ep_len_mean          | 581        |
[train_ppo-6] |    ep_rew_mean          | 551        |
[train_ppo-6] | time/                   |            |
[train_ppo-6] |    fps                  | 8          |
[train_ppo-6] |    iterations           | 110        |
[train_ppo-6] |    time_elapsed         | 13111      |
[train_ppo-6] |    total_timesteps      | 112640     |
[train_ppo-6] | train/                  |            |
[train_ppo-6] |    approx_kl            | 0.36955014 |
[train_ppo-6] |    clip_fraction        | 0.544      |
[train_ppo-6] |    clip_range           | 0.2        |
[train_ppo-6] |    clip_range_vf        | 0.2        |
[train_ppo-6] |    entropy_loss         | -0.34      |
[train_ppo-6] |    explained_variance   | 0.18       |
[train_ppo-6] |    learning_rate        | 0.000289   |
[train_ppo-6] |    loss                 | -0.0338    |
[train_ppo-6] |    n_updates            | 1004       |
[train_ppo-6] |    policy_gradient_loss | -0.0223    |
[train_ppo-6] |    std                  | 0.287      |
[train_ppo-6] |    value_loss           | 0.209      |
[train_ppo-6] ----------------------------------------
[train_ppo-6] Early stopping at step 2 due to reaching max kl: 0.84
[train_ppo-6] PPO progress: 113000/2500000 (5%) | ep_rew_mean=550.79 | ep_len_mean=581 | episodes=100 | fps=8
[train_ppo-6] --------------------------------------
[train_ppo-6] | rollout/                |          |
[train_ppo-6] |    ep_len_mean          | 597      |
[train_ppo-6] |    ep_rew_mean          | 566      |
[train_ppo-6] | time/                   |          |
[train_ppo-6] |    fps                  | 8        |
[train_ppo-6] |    iterations           | 111      |
[train_ppo-6] |    time_elapsed         | 13221    |
[train_ppo-6] |    total_timesteps      | 113664   |
[train_ppo-6] | train/                  |          |
[train_ppo-6] |    approx_kl            | 0.601363 |
[train_ppo-6] |    clip_fraction        | 0.579    |
[train_ppo-6] |    clip_range           | 0.2      |
[train_ppo-6] |    clip_range_vf        | 0.2      |
[train_ppo-6] |    entropy_loss         | -0.34    |
[train_ppo-6] |    explained_variance   | -2.19    |
[train_ppo-6] |    learning_rate        | 0.000289 |
[train_ppo-6] |    loss                 | -0.0196  |
[train_ppo-6] |    n_updates            | 1007     |
[train_ppo-6] |    policy_gradient_loss | 0.00358  |
[train_ppo-6] |    std                  | 0.287    |
[train_ppo-6] |    value_loss           | 0.0123   |
[train_ppo-6] --------------------------------------
[train_ppo-6] Early stopping at step 8 due to reaching max kl: 0.87
[train_ppo-6] PPO progress: 114000/2500000 (5%) | ep_rew_mean=566.43 | ep_len_mean=597 | episodes=100 | fps=8
[train_ppo-6] ---------------------------------------
[train_ppo-6] | rollout/                |           |
[train_ppo-6] |    ep_len_mean          | 590       |
[train_ppo-6] |    ep_rew_mean          | 560       |
[train_ppo-6] | time/                   |           |
[train_ppo-6] |    fps                  | 8         |
[train_ppo-6] |    iterations           | 112       |
[train_ppo-6] |    time_elapsed         | 13331     |
[train_ppo-6] |    total_timesteps      | 114688    |
[train_ppo-6] | train/                  |           |
[train_ppo-6] |    approx_kl            | 0.4414114 |
[train_ppo-6] |    clip_fraction        | 0.612     |
[train_ppo-6] |    clip_range           | 0.2       |
[train_ppo-6] |    clip_range_vf        | 0.2       |
[train_ppo-6] |    entropy_loss         | -0.333    |
[train_ppo-6] |    explained_variance   | 0.284     |
[train_ppo-6] |    learning_rate        | 0.000289  |
[train_ppo-6] |    loss                 | -0.00616  |
[train_ppo-6] |    n_updates            | 1016      |
[train_ppo-6] |    policy_gradient_loss | -0.0552   |
[train_ppo-6] |    std                  | 0.282     |
[train_ppo-6] |    value_loss           | 0.202     |
[train_ppo-6] ---------------------------------------
[train_ppo-6] Early stopping at step 1 due to reaching max kl: 0.78
[train_ppo-6] PPO progress: 115000/2500000 (5%) | ep_rew_mean=560.28 | ep_len_mean=590 | episodes=100 | fps=8
[train_ppo-6] ----------------------------------------
[train_ppo-6] | rollout/                |            |
[train_ppo-6] |    ep_len_mean          | 590        |
[train_ppo-6] |    ep_rew_mean          | 560        |
[train_ppo-6] | time/                   |            |
[train_ppo-6] |    fps                  | 8          |
[train_ppo-6] |    iterations           | 113        |
[train_ppo-6] |    time_elapsed         | 13439      |
[train_ppo-6] |    total_timesteps      | 115712     |
[train_ppo-6] | train/                  |            |
[train_ppo-6] |    approx_kl            | 0.48712635 |
[train_ppo-6] |    clip_fraction        | 0.404      |
[train_ppo-6] |    clip_range           | 0.2        |
[train_ppo-6] |    clip_range_vf        | 0.2        |
[train_ppo-6] |    entropy_loss         | -0.305     |
[train_ppo-6] |    explained_variance   | 0.142      |
[train_ppo-6] |    learning_rate        | 0.000289   |
[train_ppo-6] |    loss                 | -0.0133    |
[train_ppo-6] |    n_updates            | 1018       |
[train_ppo-6] |    policy_gradient_loss | 0.0369     |
[train_ppo-6] |    std                  | 0.282      |
[train_ppo-6] |    value_loss           | 0.0863     |
[train_ppo-6] ----------------------------------------
[train_ppo-6] PPO progress: 116000/2500000 (5%) | ep_rew_mean=560.28 | ep_len_mean=590 | episodes=100 | fps=8
[train_ppo-6] ----------------------------------------
[train_ppo-6] | rollout/                |            |
[train_ppo-6] |    ep_len_mean          | 610        |
[train_ppo-6] |    ep_rew_mean          | 580        |
[train_ppo-6] | time/                   |            |
[train_ppo-6] |    fps                  | 8          |
[train_ppo-6] |    iterations           | 114        |
[train_ppo-6] |    time_elapsed         | 13553      |
[train_ppo-6] |    total_timesteps      | 116736     |
[train_ppo-6] | train/                  |            |
[train_ppo-6] |    approx_kl            | 0.12727824 |
[train_ppo-6] |    clip_fraction        | 0.489      |
[train_ppo-6] |    clip_range           | 0.2        |
[train_ppo-6] |    clip_range_vf        | 0.2        |
[train_ppo-6] |    entropy_loss         | -0.311     |
[train_ppo-6] |    explained_variance   | -0.233     |
[train_ppo-6] |    learning_rate        | 0.000289   |
[train_ppo-6] |    loss                 | -0.097     |
[train_ppo-6] |    n_updates            | 1028       |
[train_ppo-6] |    policy_gradient_loss | -0.0565    |
[train_ppo-6] |    std                  | 0.282      |
[train_ppo-6] |    value_loss           | 0.00304    |
[train_ppo-6] ----------------------------------------
[train_ppo-6] PPO progress: 117000/2500000 (5%) | ep_rew_mean=579.91 | ep_len_mean=610 | episodes=100 | fps=8
[train_ppo-6] ----------------------------------------
[train_ppo-6] | rollout/                |            |
[train_ppo-6] |    ep_len_mean          | 610        |
[train_ppo-6] |    ep_rew_mean          | 580        |
[train_ppo-6] | time/                   |            |
[train_ppo-6] |    fps                  | 8          |
[train_ppo-6] |    iterations           | 115        |
[train_ppo-6] |    time_elapsed         | 13661      |
[train_ppo-6] |    total_timesteps      | 117760     |
[train_ppo-6] | train/                  |            |
[train_ppo-6] |    approx_kl            | 0.11689207 |
[train_ppo-6] |    clip_fraction        | 0.488      |
[train_ppo-6] |    clip_range           | 0.2        |
[train_ppo-6] |    clip_range_vf        | 0.2        |
[train_ppo-6] |    entropy_loss         | -0.3       |
[train_ppo-6] |    explained_variance   | 0.459      |
[train_ppo-6] |    learning_rate        | 0.000289   |
[train_ppo-6] |    loss                 | -0.113     |
[train_ppo-6] |    n_updates            | 1038       |
[train_ppo-6] |    policy_gradient_loss | -0.0506    |
[train_ppo-6] |    std                  | 0.279      |
[train_ppo-6] |    value_loss           | 0.0139     |
[train_ppo-6] ----------------------------------------
[train_ppo-6] PPO progress: 118000/2500000 (5%) | ep_rew_mean=579.91 | ep_len_mean=610 | episodes=100 | fps=8
[train_ppo-6] ----------------------------------------
[train_ppo-6] | rollout/                |            |
[train_ppo-6] |    ep_len_mean          | 620        |
[train_ppo-6] |    ep_rew_mean          | 590        |
[train_ppo-6] | time/                   |            |
[train_ppo-6] |    fps                  | 8          |
[train_ppo-6] |    iterations           | 116        |
[train_ppo-6] |    time_elapsed         | 13771      |
[train_ppo-6] |    total_timesteps      | 118784     |
[train_ppo-6] | train/                  |            |
[train_ppo-6] |    approx_kl            | 0.20419258 |
[train_ppo-6] |    clip_fraction        | 0.565      |
[train_ppo-6] |    clip_range           | 0.2        |
[train_ppo-6] |    clip_range_vf        | 0.2        |
[train_ppo-6] |    entropy_loss         | -0.273     |
[train_ppo-6] |    explained_variance   | 0.0498     |
[train_ppo-6] |    learning_rate        | 0.000289   |
[train_ppo-6] |    loss                 | -0.125     |
[train_ppo-6] |    n_updates            | 1048       |
[train_ppo-6] |    policy_gradient_loss | -0.0826    |
[train_ppo-6] |    std                  | 0.274      |
[train_ppo-6] |    value_loss           | 0.00324    |
[train_ppo-6] ----------------------------------------
[train_ppo-6] PPO progress: 119000/2500000 (5%) | ep_rew_mean=589.90 | ep_len_mean=620 | episodes=100 | fps=8
[train_ppo-6] ----------------------------------------
[train_ppo-6] | rollout/                |            |
[train_ppo-6] |    ep_len_mean          | 620        |
[train_ppo-6] |    ep_rew_mean          | 590        |
[train_ppo-6] | time/                   |            |
[train_ppo-6] |    fps                  | 8          |
[train_ppo-6] |    iterations           | 117        |
[train_ppo-6] |    time_elapsed         | 13879      |
[train_ppo-6] |    total_timesteps      | 119808     |
[train_ppo-6] | train/                  |            |
[train_ppo-6] |    approx_kl            | 0.22839604 |
[train_ppo-6] |    clip_fraction        | 0.557      |
[train_ppo-6] |    clip_range           | 0.2        |
[train_ppo-6] |    clip_range_vf        | 0.2        |
[train_ppo-6] |    entropy_loss         | -0.245     |
[train_ppo-6] |    explained_variance   | 0.351      |
[train_ppo-6] |    learning_rate        | 0.000289   |
[train_ppo-6] |    loss                 | -0.117     |
[train_ppo-6] |    n_updates            | 1058       |
[train_ppo-6] |    policy_gradient_loss | -0.0736    |
[train_ppo-6] |    std                  | 0.272      |
[train_ppo-6] |    value_loss           | 0.00902    |
[train_ppo-6] ----------------------------------------
[train_ppo-6] PPO progress: 120000/2500000 (5%) | ep_rew_mean=589.90 | ep_len_mean=620 | episodes=100 | fps=8
[train_ppo-6] ---------------------------------------
[train_ppo-6] | rollout/                |           |
[train_ppo-6] |    ep_len_mean          | 637       |
[train_ppo-6] |    ep_rew_mean          | 607       |
[train_ppo-6] | time/                   |           |
[train_ppo-6] |    fps                  | 8         |
[train_ppo-6] |    iterations           | 118       |
[train_ppo-6] |    time_elapsed         | 13988     |
[train_ppo-6] |    total_timesteps      | 120832    |
[train_ppo-6] | train/                  |           |
[train_ppo-6] |    approx_kl            | 0.1368405 |
[train_ppo-6] |    clip_fraction        | 0.521     |
[train_ppo-6] |    clip_range           | 0.2       |
[train_ppo-6] |    clip_range_vf        | 0.2       |
[train_ppo-6] |    entropy_loss         | -0.213    |
[train_ppo-6] |    explained_variance   | -0.909    |
[train_ppo-6] |    learning_rate        | 0.000288  |
[train_ppo-6] |    loss                 | -0.113    |
[train_ppo-6] |    n_updates            | 1068      |
[train_ppo-6] |    policy_gradient_loss | -0.0737   |
[train_ppo-6] |    std                  | 0.267     |
[train_ppo-6] |    value_loss           | 0.00209   |
[train_ppo-6] ---------------------------------------
[train_ppo-6] PPO progress: 121000/2500000 (5%) | ep_rew_mean=607.27 | ep_len_mean=637 | episodes=100 | fps=8
[train_ppo-6] ----------------------------------------
[train_ppo-6] | rollout/                |            |
[train_ppo-6] |    ep_len_mean          | 637        |
[train_ppo-6] |    ep_rew_mean          | 607        |
[train_ppo-6] | time/                   |            |
[train_ppo-6] |    fps                  | 8          |
[train_ppo-6] |    iterations           | 119        |
[train_ppo-6] |    time_elapsed         | 14095      |
[train_ppo-6] |    total_timesteps      | 121856     |
[train_ppo-6] | train/                  |            |
[train_ppo-6] |    approx_kl            | 0.16052526 |
[train_ppo-6] |    clip_fraction        | 0.531      |
[train_ppo-6] |    clip_range           | 0.2        |
[train_ppo-6] |    clip_range_vf        | 0.2        |
[train_ppo-6] |    entropy_loss         | -0.186     |
[train_ppo-6] |    explained_variance   | -1.28      |
[train_ppo-6] |    learning_rate        | 0.000288   |
[train_ppo-6] |    loss                 | -0.124     |
[train_ppo-6] |    n_updates            | 1078       |
[train_ppo-6] |    policy_gradient_loss | -0.0742    |
[train_ppo-6] |    std                  | 0.264      |
[train_ppo-6] |    value_loss           | 0.00411    |
[train_ppo-6] ----------------------------------------
[train_ppo-6] PPO progress: 122000/2500000 (5%) | ep_rew_mean=607.27 | ep_len_mean=637 | episodes=100 | fps=8
[train_ppo-6] ----------------------------------------
[train_ppo-6] | rollout/                |            |
[train_ppo-6] |    ep_len_mean          | 653        |
[train_ppo-6] |    ep_rew_mean          | 623        |
[train_ppo-6] | time/                   |            |
[train_ppo-6] |    fps                  | 8          |
[train_ppo-6] |    iterations           | 120        |
[train_ppo-6] |    time_elapsed         | 14204      |
[train_ppo-6] |    total_timesteps      | 122880     |
[train_ppo-6] | train/                  |            |
[train_ppo-6] |    approx_kl            | 0.23998971 |
[train_ppo-6] |    clip_fraction        | 0.56       |
[train_ppo-6] |    clip_range           | 0.2        |
[train_ppo-6] |    clip_range_vf        | 0.2        |
[train_ppo-6] |    entropy_loss         | -0.156     |
[train_ppo-6] |    explained_variance   | -0.787     |
[train_ppo-6] |    learning_rate        | 0.000288   |
[train_ppo-6] |    loss                 | -0.125     |
[train_ppo-6] |    n_updates            | 1088       |
[train_ppo-6] |    policy_gradient_loss | -0.0873    |
[train_ppo-6] |    std                  | 0.259      |
[train_ppo-6] |    value_loss           | 0.00212    |
[train_ppo-6] ----------------------------------------
[train_ppo-6] PPO progress: 123000/2500000 (5%) | ep_rew_mean=623.15 | ep_len_mean=653 | episodes=100 | fps=8
[train_ppo-6] ---------------------------------------
[train_ppo-6] | rollout/                |           |
[train_ppo-6] |    ep_len_mean          | 657       |
[train_ppo-6] |    ep_rew_mean          | 627       |
[train_ppo-6] | time/                   |           |
[train_ppo-6] |    fps                  | 8         |
[train_ppo-6] |    iterations           | 121       |
[train_ppo-6] |    time_elapsed         | 14312     |
[train_ppo-6] |    total_timesteps      | 123904    |
[train_ppo-6] | train/                  |           |
[train_ppo-6] |    approx_kl            | 0.2192276 |
[train_ppo-6] |    clip_fraction        | 0.549     |
[train_ppo-6] |    clip_range           | 0.2       |
[train_ppo-6] |    clip_range_vf        | 0.2       |
[train_ppo-6] |    entropy_loss         | -0.128    |
[train_ppo-6] |    explained_variance   | 0.658     |
[train_ppo-6] |    learning_rate        | 0.000288  |
[train_ppo-6] |    loss                 | -0.131    |
[train_ppo-6] |    n_updates            | 1098      |
[train_ppo-6] |    policy_gradient_loss | -0.0548   |
[train_ppo-6] |    std                  | 0.256     |
[train_ppo-6] |    value_loss           | 0.0229    |
[train_ppo-6] ---------------------------------------
[train_ppo-6] PPO progress: 124000/2500000 (5%) | ep_rew_mean=627.40 | ep_len_mean=657 | episodes=100 | fps=8
[train_ppo-6] ----------------------------------------
[train_ppo-6] | rollout/                |            |
[train_ppo-6] |    ep_len_mean          | 657        |
[train_ppo-6] |    ep_rew_mean          | 627        |
[train_ppo-6] | time/                   |            |
[train_ppo-6] |    fps                  | 8          |
[train_ppo-6] |    iterations           | 122        |
[train_ppo-6] |    time_elapsed         | 14420      |
[train_ppo-6] |    total_timesteps      | 124928     |
[train_ppo-6] | train/                  |            |
[train_ppo-6] |    approx_kl            | 0.24373862 |
[train_ppo-6] |    clip_fraction        | 0.56       |
[train_ppo-6] |    clip_range           | 0.2        |
[train_ppo-6] |    clip_range_vf        | 0.2        |
[train_ppo-6] |    entropy_loss         | -0.103     |
[train_ppo-6] |    explained_variance   | 0.0592     |
[train_ppo-6] |    learning_rate        | 0.000288   |
[train_ppo-6] |    loss                 | 0.0286     |
[train_ppo-6] |    n_updates            | 1108       |
[train_ppo-6] |    policy_gradient_loss | -0.0487    |
[train_ppo-6] |    std                  | 0.253      |
[train_ppo-6] |    value_loss           | 0.0721     |
[train_ppo-6] ----------------------------------------
[train_ppo-6] Early stopping at step 9 due to reaching max kl: 1.23
[train_ppo-6] PPO progress: 125000/2500000 (5%) | ep_rew_mean=627.40 | ep_len_mean=657 | episodes=100 | fps=8
[train_ppo-6] ----------------------------------------
[train_ppo-6] | rollout/                |            |
[train_ppo-6] |    ep_len_mean          | 678        |
[train_ppo-6] |    ep_rew_mean          | 648        |
[train_ppo-6] | time/                   |            |
[train_ppo-6] |    fps                  | 8          |
[train_ppo-6] |    iterations           | 123        |
[train_ppo-6] |    time_elapsed         | 14529      |
[train_ppo-6] |    total_timesteps      | 125952     |
[train_ppo-6] | train/                  |            |
[train_ppo-6] |    approx_kl            | 0.43338463 |
[train_ppo-6] |    clip_fraction        | 0.61       |
[train_ppo-6] |    clip_range           | 0.2        |
[train_ppo-6] |    clip_range_vf        | 0.2        |
[train_ppo-6] |    entropy_loss         | -0.0725    |
[train_ppo-6] |    explained_variance   | -0.721     |
[train_ppo-6] |    learning_rate        | 0.000288   |
[train_ppo-6] |    loss                 | -0.138     |
[train_ppo-6] |    n_updates            | 1118       |
[train_ppo-6] |    policy_gradient_loss | -0.0792    |
[train_ppo-6] |    std                  | 0.249      |
[train_ppo-6] |    value_loss           | 0.00409    |
[train_ppo-6] ----------------------------------------
[train_ppo-6] Early stopping at step 1 due to reaching max kl: 0.77
[train_ppo-6] PPO progress: 126000/2500000 (5%) | ep_rew_mean=647.79 | ep_len_mean=678 | episodes=100 | fps=8
[train_ppo-6] ----------------------------------------
[train_ppo-6] | rollout/                |            |
[train_ppo-6] |    ep_len_mean          | 678        |
[train_ppo-6] |    ep_rew_mean          | 648        |
[train_ppo-6] | time/                   |            |
[train_ppo-6] |    fps                  | 8          |
[train_ppo-6] |    iterations           | 124        |
[train_ppo-6] |    time_elapsed         | 14636      |
[train_ppo-6] |    total_timesteps      | 126976     |
[train_ppo-6] | train/                  |            |
[train_ppo-6] |    approx_kl            | 0.40317675 |
[train_ppo-6] |    clip_fraction        | 0.447      |
[train_ppo-6] |    clip_range           | 0.2        |
[train_ppo-6] |    clip_range_vf        | 0.2        |
[train_ppo-6] |    entropy_loss         | -0.0535    |
[train_ppo-6] |    explained_variance   | -4.5       |
[train_ppo-6] |    learning_rate        | 0.000288   |
[train_ppo-6] |    loss                 | -0.0486    |
[train_ppo-6] |    n_updates            | 1120       |
[train_ppo-6] |    policy_gradient_loss | 0.00787    |
[train_ppo-6] |    std                  | 0.249      |
[train_ppo-6] |    value_loss           | 0.0128     |
[train_ppo-6] ----------------------------------------
[train_ppo-6] Early stopping at step 1 due to reaching max kl: 1.04
[train_ppo-6] PPO progress: 127000/2500000 (5%) | ep_rew_mean=647.79 | ep_len_mean=678 | episodes=100 | fps=8
[train_ppo-6] PPO progress: 128000/2500000 (5%) | ep_rew_mean=662.08 | ep_len_mean=693 | episodes=100 | fps=8
[train_ppo-6] ----------------------------------------
[train_ppo-6] | rollout/                |            |
[train_ppo-6] |    ep_len_mean          | 693        |
[train_ppo-6] |    ep_rew_mean          | 662        |
[train_ppo-6] | time/                   |            |
[train_ppo-6] |    fps                  | 8          |
[train_ppo-6] |    iterations           | 125        |
[train_ppo-6] |    time_elapsed         | 14745      |
[train_ppo-6] |    total_timesteps      | 128000     |
[train_ppo-6] | train/                  |            |
[train_ppo-6] |    approx_kl            | 0.43468866 |
[train_ppo-6] |    clip_fraction        | 0.458      |
[train_ppo-6] |    clip_range           | 0.2        |
[train_ppo-6] |    clip_range_vf        | 0.2        |
[train_ppo-6] |    entropy_loss         | -0.0542    |
[train_ppo-6] |    explained_variance   | -3.49      |
[train_ppo-6] |    learning_rate        | 0.000288   |
[train_ppo-6] |    loss                 | -0.00852   |
[train_ppo-6] |    n_updates            | 1122       |
[train_ppo-6] |    policy_gradient_loss | 0.00554    |
[train_ppo-6] |    std                  | 0.249      |
[train_ppo-6] |    value_loss           | 0.00945    |
[train_ppo-6] ----------------------------------------
[train_ppo-6] PPO progress: 129000/2500000 (5%) | ep_rew_mean=653.57 | ep_len_mean=683 | episodes=100 | fps=8
[train_ppo-6] ----------------------------------------
[train_ppo-6] | rollout/                |            |
[train_ppo-6] |    ep_len_mean          | 683        |
[train_ppo-6] |    ep_rew_mean          | 654        |
[train_ppo-6] | time/                   |            |
[train_ppo-6] |    fps                  | 8          |
[train_ppo-6] |    iterations           | 126        |
[train_ppo-6] |    time_elapsed         | 14858      |
[train_ppo-6] |    total_timesteps      | 129024     |
[train_ppo-6] | train/                  |            |
[train_ppo-6] |    approx_kl            | 0.33208352 |
[train_ppo-6] |    clip_fraction        | 0.597      |
[train_ppo-6] |    clip_range           | 0.2        |
[train_ppo-6] |    clip_range_vf        | 0.2        |
[train_ppo-6] |    entropy_loss         | -0.0466    |
[train_ppo-6] |    explained_variance   | 0.0569     |
[train_ppo-6] |    learning_rate        | 0.000288   |
[train_ppo-6] |    loss                 | -0.112     |
[train_ppo-6] |    n_updates            | 1132       |
[train_ppo-6] |    policy_gradient_loss | -0.0756    |
[train_ppo-6] |    std                  | 0.245      |
[train_ppo-6] |    value_loss           | 0.00612    |
[train_ppo-6] ----------------------------------------
[train_ppo-6] Early stopping at step 3 due to reaching max kl: 0.77
[train_ppo-6] PPO progress: 130000/2500000 (5%) | ep_rew_mean=653.57 | ep_len_mean=683 | episodes=100 | fps=8
[train_ppo-6] ----------------------------------------
[train_ppo-6] | rollout/                |            |
[train_ppo-6] |    ep_len_mean          | 683        |
[train_ppo-6] |    ep_rew_mean          | 654        |
[train_ppo-6] | time/                   |            |
[train_ppo-6] |    fps                  | 8          |
[train_ppo-6] |    iterations           | 127        |
[train_ppo-6] |    time_elapsed         | 14966      |
[train_ppo-6] |    total_timesteps      | 130048     |
[train_ppo-6] | train/                  |            |
[train_ppo-6] |    approx_kl            | 0.36414766 |
[train_ppo-6] |    clip_fraction        | 0.543      |
[train_ppo-6] |    clip_range           | 0.2        |
[train_ppo-6] |    clip_range_vf        | 0.2        |
[train_ppo-6] |    entropy_loss         | -0.0271    |
[train_ppo-6] |    explained_variance   | 0.56       |
[train_ppo-6] |    learning_rate        | 0.000288   |
[train_ppo-6] |    loss                 | -0.0369    |
[train_ppo-6] |    n_updates            | 1136       |
[train_ppo-6] |    policy_gradient_loss | -0.0332    |
[train_ppo-6] |    std                  | 0.246      |
[train_ppo-6] |    value_loss           | 0.061      |
[train_ppo-6] ----------------------------------------
[train_ppo-6] Early stopping at step 2 due to reaching max kl: 0.77
[train_ppo-6] PPO progress: 131000/2500000 (5%) | ep_rew_mean=670.71 | ep_len_mean=700 | episodes=100 | fps=8
[train_ppo-6] ---------------------------------------
[train_ppo-6] | rollout/                |           |
[train_ppo-6] |    ep_len_mean          | 700       |
[train_ppo-6] |    ep_rew_mean          | 671       |
[train_ppo-6] | time/                   |           |
[train_ppo-6] |    fps                  | 8         |
[train_ppo-6] |    iterations           | 128       |
[train_ppo-6] |    time_elapsed         | 15074     |
[train_ppo-6] |    total_timesteps      | 131072    |
[train_ppo-6] | train/                  |           |
[train_ppo-6] |    approx_kl            | 0.5703065 |
[train_ppo-6] |    clip_fraction        | 0.559     |
[train_ppo-6] |    clip_range           | 0.2       |
[train_ppo-6] |    clip_range_vf        | 0.2       |
[train_ppo-6] |    entropy_loss         | -0.0266   |
[train_ppo-6] |    explained_variance   | -1.97     |
[train_ppo-6] |    learning_rate        | 0.000288  |
[train_ppo-6] |    loss                 | -0.0019   |
[train_ppo-6] |    n_updates            | 1139      |
[train_ppo-6] |    policy_gradient_loss | 0.00485   |
[train_ppo-6] |    std                  | 0.246     |
[train_ppo-6] |    value_loss           | 0.00895   |
[train_ppo-6] ---------------------------------------
[train_ppo-6] PPO progress: 132000/2500000 (5%) | ep_rew_mean=670.71 | ep_len_mean=700 | episodes=100 | fps=8
[train_ppo-6] ---------------------------------------
[train_ppo-6] | rollout/                |           |
[train_ppo-6] |    ep_len_mean          | 700       |
[train_ppo-6] |    ep_rew_mean          | 671       |
[train_ppo-6] | time/                   |           |
[train_ppo-6] |    fps                  | 8         |
[train_ppo-6] |    iterations           | 129       |
[train_ppo-6] |    time_elapsed         | 15182     |
[train_ppo-6] |    total_timesteps      | 132096    |
[train_ppo-6] | train/                  |           |
[train_ppo-6] |    approx_kl            | 0.4002996 |
[train_ppo-6] |    clip_fraction        | 0.605     |
[train_ppo-6] |    clip_range           | 0.2       |
[train_ppo-6] |    clip_range_vf        | 0.2       |
[train_ppo-6] |    entropy_loss         | -0.0211   |
[train_ppo-6] |    explained_variance   | 0.452     |
[train_ppo-6] |    learning_rate        | 0.000287  |
[train_ppo-6] |    loss                 | -0.0925   |
[train_ppo-6] |    n_updates            | 1149      |
[train_ppo-6] |    policy_gradient_loss | -0.0508   |
[train_ppo-6] |    std                  | 0.243     |
[train_ppo-6] |    value_loss           | 0.0569    |
[train_ppo-6] ---------------------------------------
[gazebo-2] NodeShared::RecvSrvRequest() error sending response: Host unreachable
[train_ppo-6] [WARN] [1787234423.667859154] [cobraflex_rl_interface]: Gazebo service call failed for /world/lane_following_complex_b/set_pose: Service call timed out
[train_ppo-6] PPO progress: 133000/2500000 (5%) | ep_rew_mean=671.90 | ep_len_mean=700 | episodes=100 | fps=8
[train_ppo-6] ----------------------------------------
[train_ppo-6] | rollout/                |            |
[train_ppo-6] |    ep_len_mean          | 700        |
[train_ppo-6] |    ep_rew_mean          | 672        |
[train_ppo-6] | time/                   |            |
[train_ppo-6] |    fps                  | 8          |
[train_ppo-6] |    iterations           | 130        |
[train_ppo-6] |    time_elapsed         | 15300      |
[train_ppo-6] |    total_timesteps      | 133120     |
[train_ppo-6] | train/                  |            |
[train_ppo-6] |    approx_kl            | 0.22749984 |
[train_ppo-6] |    clip_fraction        | 0.57       |
[train_ppo-6] |    clip_range           | 0.2        |
[train_ppo-6] |    clip_range_vf        | 0.2        |
[train_ppo-6] |    entropy_loss         | 0.00499    |
[train_ppo-6] |    explained_variance   | 0.571      |
[train_ppo-6] |    learning_rate        | 0.000287   |
[train_ppo-6] |    loss                 | -0.122     |
[train_ppo-6] |    n_updates            | 1159       |
[train_ppo-6] |    policy_gradient_loss | -0.0744    |
[train_ppo-6] |    std                  | 0.239      |
[train_ppo-6] |    value_loss           | 0.00345    |
[train_ppo-6] ----------------------------------------
[train_ppo-6] Early stopping at step 9 due to reaching max kl: 1.01
[train_ppo-6] PPO progress: 134000/2500000 (5%) | ep_rew_mean=682.98 | ep_len_mean=710 | episodes=100 | fps=8
[train_ppo-6] ----------------------------------------
[train_ppo-6] | rollout/                |            |
[train_ppo-6] |    ep_len_mean          | 710        |
[train_ppo-6] |    ep_rew_mean          | 683        |
[train_ppo-6] | time/                   |            |
[train_ppo-6] |    fps                  | 8          |
[train_ppo-6] |    iterations           | 131        |
[train_ppo-6] |    time_elapsed         | 15408      |
[train_ppo-6] |    total_timesteps      | 134144     |
[train_ppo-6] | train/                  |            |
[train_ppo-6] |    approx_kl            | 0.38096684 |
[train_ppo-6] |    clip_fraction        | 0.569      |
[train_ppo-6] |    clip_range           | 0.2        |
[train_ppo-6] |    clip_range_vf        | 0.2        |
[train_ppo-6] |    entropy_loss         | 0.036      |
[train_ppo-6] |    explained_variance   | 0.526      |
[train_ppo-6] |    learning_rate        | 0.000287   |
[train_ppo-6] |    loss                 | -0.109     |
[train_ppo-6] |    n_updates            | 1169       |
[train_ppo-6] |    policy_gradient_loss | -0.078     |
[train_ppo-6] |    std                  | 0.236      |
[train_ppo-6] |    value_loss           | 0.0107     |
[train_ppo-6] ----------------------------------------
[train_ppo-6] PPO progress: 135000/2500000 (5%) | ep_rew_mean=682.98 | ep_len_mean=710 | episodes=100 | fps=8
[train_ppo-6] ----------------------------------------
[train_ppo-6] | rollout/                |            |
[train_ppo-6] |    ep_len_mean          | 710        |
[train_ppo-6] |    ep_rew_mean          | 683        |
[train_ppo-6] | time/                   |            |
[train_ppo-6] |    fps                  | 8          |
[train_ppo-6] |    iterations           | 132        |
[train_ppo-6] |    time_elapsed         | 15516      |
[train_ppo-6] |    total_timesteps      | 135168     |
[train_ppo-6] | train/                  |            |
[train_ppo-6] |    approx_kl            | 0.12529527 |
[train_ppo-6] |    clip_fraction        | 0.498      |
[train_ppo-6] |    clip_range           | 0.2        |
[train_ppo-6] |    clip_range_vf        | 0.2        |
[train_ppo-6] |    entropy_loss         | 0.0582     |
[train_ppo-6] |    explained_variance   | 0.00999    |
[train_ppo-6] |    learning_rate        | 0.000287   |
[train_ppo-6] |    loss                 | -0.075     |
[train_ppo-6] |    n_updates            | 1179       |
[train_ppo-6] |    policy_gradient_loss | -0.0363    |
[train_ppo-6] |    std                  | 0.234      |
[train_ppo-6] |    value_loss           | 0.0711     |
[train_ppo-6] ----------------------------------------
[train_ppo-6] PPO progress: 136000/2500000 (5%) | ep_rew_mean=704.30 | ep_len_mean=731 | episodes=100 | fps=8
[train_ppo-6] ----------------------------------------
[train_ppo-6] | rollout/                |            |
[train_ppo-6] |    ep_len_mean          | 714        |
[train_ppo-6] |    ep_rew_mean          | 688        |
[train_ppo-6] | time/                   |            |
[train_ppo-6] |    fps                  | 8          |
[train_ppo-6] |    iterations           | 133        |
[train_ppo-6] |    time_elapsed         | 15625      |
[train_ppo-6] |    total_timesteps      | 136192     |
[train_ppo-6] | train/                  |            |
[train_ppo-6] |    approx_kl            | 0.13288903 |
[train_ppo-6] |    clip_fraction        | 0.501      |
[train_ppo-6] |    clip_range           | 0.2        |
[train_ppo-6] |    clip_range_vf        | 0.2        |
[train_ppo-6] |    entropy_loss         | 0.073      |
[train_ppo-6] |    explained_variance   | 0.354      |
[train_ppo-6] |    learning_rate        | 0.000287   |
[train_ppo-6] |    loss                 | -0.111     |
[train_ppo-6] |    n_updates            | 1189       |
[train_ppo-6] |    policy_gradient_loss | -0.0677    |
[train_ppo-6] |    std                  | 0.233      |
[train_ppo-6] |    value_loss           | 0.0019     |
[train_ppo-6] ----------------------------------------
[train_ppo-6] PPO progress: 137000/2500000 (5%) | ep_rew_mean=688.44 | ep_len_mean=714 | episodes=100 | fps=8
[train_ppo-6] ----------------------------------------
[train_ppo-6] | rollout/                |            |
[train_ppo-6] |    ep_len_mean          | 702        |
[train_ppo-6] |    ep_rew_mean          | 677        |
[train_ppo-6] | time/                   |            |
[train_ppo-6] |    fps                  | 8          |
[train_ppo-6] |    iterations           | 134        |
[train_ppo-6] |    time_elapsed         | 15734      |
[train_ppo-6] |    total_timesteps      | 137216     |
[train_ppo-6] | train/                  |            |
[train_ppo-6] |    approx_kl            | 0.17693096 |
[train_ppo-6] |    clip_fraction        | 0.491      |
[train_ppo-6] |    clip_range           | 0.2        |
[train_ppo-6] |    clip_range_vf        | 0.2        |
[train_ppo-6] |    entropy_loss         | 0.091      |
[train_ppo-6] |    explained_variance   | 0.492      |
[train_ppo-6] |    learning_rate        | 0.000287   |
[train_ppo-6] |    loss                 | -0.0523    |
[train_ppo-6] |    n_updates            | 1199       |
[train_ppo-6] |    policy_gradient_loss | -0.049     |
[train_ppo-6] |    std                  | 0.229      |
[train_ppo-6] |    value_loss           | 0.139      |
[train_ppo-6] ----------------------------------------
[train_ppo-6] PPO progress: 138000/2500000 (6%) | ep_rew_mean=683.66 | ep_len_mean=709 | episodes=100 | fps=8
[train_ppo-6] ----------------------------------------
[train_ppo-6] | rollout/                |            |
[train_ppo-6] |    ep_len_mean          | 709        |
[train_ppo-6] |    ep_rew_mean          | 684        |
[train_ppo-6] | time/                   |            |
[train_ppo-6] |    fps                  | 8          |
[train_ppo-6] |    iterations           | 135        |
[train_ppo-6] |    time_elapsed         | 15844      |
[train_ppo-6] |    total_timesteps      | 138240     |
[train_ppo-6] | train/                  |            |
[train_ppo-6] |    approx_kl            | 0.19723639 |
[train_ppo-6] |    clip_fraction        | 0.519      |
[train_ppo-6] |    clip_range           | 0.2        |
[train_ppo-6] |    clip_range_vf        | 0.2        |
[train_ppo-6] |    entropy_loss         | 0.123      |
[train_ppo-6] |    explained_variance   | 0.721      |
[train_ppo-6] |    learning_rate        | 0.000287   |
[train_ppo-6] |    loss                 | -0.0647    |
[train_ppo-6] |    n_updates            | 1209       |
[train_ppo-6] |    policy_gradient_loss | -0.0502    |
[train_ppo-6] |    std                  | 0.226      |
[train_ppo-6] |    value_loss           | 0.0404     |
[train_ppo-6] ----------------------------------------
[train_ppo-6] PPO progress: 139000/2500000 (6%) | ep_rew_mean=683.66 | ep_len_mean=709 | episodes=100 | fps=8
[train_ppo-6] ----------------------------------------
[train_ppo-6] | rollout/                |            |
[train_ppo-6] |    ep_len_mean          | 709        |
[train_ppo-6] |    ep_rew_mean          | 684        |
[train_ppo-6] | time/                   |            |
[train_ppo-6] |    fps                  | 8          |
[train_ppo-6] |    iterations           | 136        |
[train_ppo-6] |    time_elapsed         | 15952      |
[train_ppo-6] |    total_timesteps      | 139264     |
[train_ppo-6] | train/                  |            |
[train_ppo-6] |    approx_kl            | 0.26062265 |
[train_ppo-6] |    clip_fraction        | 0.574      |
[train_ppo-6] |    clip_range           | 0.2        |
[train_ppo-6] |    clip_range_vf        | 0.2        |
[train_ppo-6] |    entropy_loss         | 0.16       |
[train_ppo-6] |    explained_variance   | 0.49       |
[train_ppo-6] |    learning_rate        | 0.000287   |
[train_ppo-6] |    loss                 | -0.0856    |
[train_ppo-6] |    n_updates            | 1219       |
[train_ppo-6] |    policy_gradient_loss | -0.0603    |
[train_ppo-6] |    std                  | 0.221      |
[train_ppo-6] |    value_loss           | 0.0529     |
[train_ppo-6] ----------------------------------------
[train_ppo-6] PPO progress: 140000/2500000 (6%) | ep_rew_mean=687.95 | ep_len_mean=711 | episodes=100 | fps=8
[train_ppo-6] ----------------------------------------
[train_ppo-6] | rollout/                |            |
[train_ppo-6] |    ep_len_mean          | 711        |
[train_ppo-6] |    ep_rew_mean          | 688        |
[train_ppo-6] | time/                   |            |
[train_ppo-6] |    fps                  | 8          |
[train_ppo-6] |    iterations           | 137        |
[train_ppo-6] |    time_elapsed         | 16061      |
[train_ppo-6] |    total_timesteps      | 140288     |
[train_ppo-6] | train/                  |            |
[train_ppo-6] |    approx_kl            | 0.22748142 |
[train_ppo-6] |    clip_fraction        | 0.573      |
[train_ppo-6] |    clip_range           | 0.2        |
[train_ppo-6] |    clip_range_vf        | 0.2        |
[train_ppo-6] |    entropy_loss         | 0.203      |
[train_ppo-6] |    explained_variance   | -0.828     |
[train_ppo-6] |    learning_rate        | 0.000287   |
[train_ppo-6] |    loss                 | -0.119     |
[train_ppo-6] |    n_updates            | 1229       |
[train_ppo-6] |    policy_gradient_loss | -0.0772    |
[train_ppo-6] |    std                  | 0.217      |
[train_ppo-6] |    value_loss           | 0.00313    |
[train_ppo-6] ----------------------------------------
[train_ppo-6] PPO progress: 141000/2500000 (6%) | ep_rew_mean=687.95 | ep_len_mean=711 | episodes=100 | fps=8
[train_ppo-6] ----------------------------------------
[train_ppo-6] | rollout/                |            |
[train_ppo-6] |    ep_len_mean          | 711        |
[train_ppo-6] |    ep_rew_mean          | 688        |
[train_ppo-6] | time/                   |            |
[train_ppo-6] |    fps                  | 8          |
[train_ppo-6] |    iterations           | 138        |
[train_ppo-6] |    time_elapsed         | 16168      |
[train_ppo-6] |    total_timesteps      | 141312     |
[train_ppo-6] | train/                  |            |
[train_ppo-6] |    approx_kl            | 0.35075733 |
[train_ppo-6] |    clip_fraction        | 0.576      |
[train_ppo-6] |    clip_range           | 0.2        |
[train_ppo-6] |    clip_range_vf        | 0.2        |
[train_ppo-6] |    entropy_loss         | 0.226      |
[train_ppo-6] |    explained_variance   | 0.527      |
[train_ppo-6] |    learning_rate        | 0.000287   |
[train_ppo-6] |    loss                 | -0.0173    |
[train_ppo-6] |    n_updates            | 1239       |
[train_ppo-6] |    policy_gradient_loss | -0.0494    |
[train_ppo-6] |    std                  | 0.215      |
[train_ppo-6] |    value_loss           | 0.045      |
[train_ppo-6] ----------------------------------------
[train_ppo-6] Early stopping at step 8 due to reaching max kl: 1.12
[train_ppo-6] PPO progress: 142000/2500000 (6%) | ep_rew_mean=703.81 | ep_len_mean=727 | episodes=100 | fps=8
[train_ppo-6] ----------------------------------------
[train_ppo-6] | rollout/                |            |
[train_ppo-6] |    ep_len_mean          | 730        |
[train_ppo-6] |    ep_rew_mean          | 707        |
[train_ppo-6] | time/                   |            |
[train_ppo-6] |    fps                  | 8          |
[train_ppo-6] |    iterations           | 139        |
[train_ppo-6] |    time_elapsed         | 16278      |
[train_ppo-6] |    total_timesteps      | 142336     |
[train_ppo-6] | train/                  |            |
[train_ppo-6] |    approx_kl            | 0.35936707 |
[train_ppo-6] |    clip_fraction        | 0.632      |
[train_ppo-6] |    clip_range           | 0.2        |
[train_ppo-6] |    clip_range_vf        | 0.2        |
[train_ppo-6] |    entropy_loss         | 0.237      |
[train_ppo-6] |    explained_variance   | 0.438      |
[train_ppo-6] |    learning_rate        | 0.000286   |
[train_ppo-6] |    loss                 | -0.0958    |
[train_ppo-6] |    n_updates            | 1248       |
[train_ppo-6] |    policy_gradient_loss | -0.0601    |
[train_ppo-6] |    std                  | 0.215      |
[train_ppo-6] |    value_loss           | 0.00703    |
[train_ppo-6] ----------------------------------------
[train_ppo-6] Early stopping at step 1 due to reaching max kl: 1.78
[train_ppo-6] PPO progress: 143000/2500000 (6%) | ep_rew_mean=706.59 | ep_len_mean=730 | episodes=100 | fps=8
[train_ppo-6] ---------------------------------------
[train_ppo-6] | rollout/                |           |
[train_ppo-6] |    ep_len_mean          | 730       |
[train_ppo-6] |    ep_rew_mean          | 707       |
[train_ppo-6] | time/                   |           |
[train_ppo-6] |    fps                  | 8         |
[train_ppo-6] |    iterations           | 140       |
[train_ppo-6] |    time_elapsed         | 16385     |
[train_ppo-6] |    total_timesteps      | 143360    |
[train_ppo-6] | train/                  |           |
[train_ppo-6] |    approx_kl            | 0.4983308 |
[train_ppo-6] |    clip_fraction        | 0.431     |
[train_ppo-6] |    clip_range           | 0.2       |
[train_ppo-6] |    clip_range_vf        | 0.2       |
[train_ppo-6] |    entropy_loss         | 0.243     |
[train_ppo-6] |    explained_variance   | -0.109    |
[train_ppo-6] |    learning_rate        | 0.000286  |
[train_ppo-6] |    loss                 | 0.159     |
[train_ppo-6] |    n_updates            | 1250      |
[train_ppo-6] |    policy_gradient_loss | 0.0237    |
[train_ppo-6] |    std                  | 0.215     |
[train_ppo-6] |    value_loss           | 0.173     |
[train_ppo-6] ---------------------------------------
[train_ppo-6] Early stopping at step 8 due to reaching max kl: 0.77
[train_ppo-6] PPO progress: 144000/2500000 (6%) | ep_rew_mean=706.59 | ep_len_mean=730 | episodes=100 | fps=8
[train_ppo-6] ----------------------------------------
[train_ppo-6] | rollout/                |            |
[train_ppo-6] |    ep_len_mean          | 750        |
[train_ppo-6] |    ep_rew_mean          | 728        |
[train_ppo-6] | time/                   |            |
[train_ppo-6] |    fps                  | 8          |
[train_ppo-6] |    iterations           | 141        |
[train_ppo-6] |    time_elapsed         | 16498      |
[train_ppo-6] |    total_timesteps      | 144384     |
[train_ppo-6] | train/                  |            |
[train_ppo-6] |    approx_kl            | 0.47711158 |
[train_ppo-6] |    clip_fraction        | 0.6        |
[train_ppo-6] |    clip_range           | 0.2        |
[train_ppo-6] |    clip_range_vf        | 0.2        |
[train_ppo-6] |    entropy_loss         | 0.249      |
[train_ppo-6] |    explained_variance   | -0.0286    |
[train_ppo-6] |    learning_rate        | 0.000286   |
[train_ppo-6] |    loss                 | -0.123     |
[train_ppo-6] |    n_updates            | 1259       |
[train_ppo-6] |    policy_gradient_loss | -0.0669    |
[train_ppo-6] |    std                  | 0.212      |
[train_ppo-6] |    value_loss           | 0.00538    |
[train_ppo-6] ----------------------------------------
[train_ppo-6] PPO progress: 145000/2500000 (6%) | ep_rew_mean=727.87 | ep_len_mean=750 | episodes=100 | fps=8
[train_ppo-6] --------------------------------------
[train_ppo-6] | rollout/                |          |
[train_ppo-6] |    ep_len_mean          | 750      |
[train_ppo-6] |    ep_rew_mean          | 728      |
[train_ppo-6] | time/                   |          |
[train_ppo-6] |    fps                  | 8        |
[train_ppo-6] |    iterations           | 142      |
[train_ppo-6] |    time_elapsed         | 16614    |
[train_ppo-6] |    total_timesteps      | 145408   |
[train_ppo-6] | train/                  |          |
[train_ppo-6] |    approx_kl            | 0.342304 |
[train_ppo-6] |    clip_fraction        | 0.626    |
[train_ppo-6] |    clip_range           | 0.2      |
[train_ppo-6] |    clip_range_vf        | 0.2      |
[train_ppo-6] |    entropy_loss         | 0.283    |
[train_ppo-6] |    explained_variance   | 0.547    |
[train_ppo-6] |    learning_rate        | 0.000286 |
[train_ppo-6] |    loss                 | -0.114   |
[train_ppo-6] |    n_updates            | 1269     |
[train_ppo-6] |    policy_gradient_loss | -0.0772  |
[train_ppo-6] |    std                  | 0.208    |
[train_ppo-6] |    value_loss           | 0.00388  |
[train_ppo-6] --------------------------------------
[train_ppo-6] PPO progress: 146000/2500000 (6%) | ep_rew_mean=727.87 | ep_len_mean=750 | episodes=100 | fps=8
[train_ppo-6] ----------------------------------------
[train_ppo-6] | rollout/                |            |
[train_ppo-6] |    ep_len_mean          | 750        |
[train_ppo-6] |    ep_rew_mean          | 731        |
[train_ppo-6] | time/                   |            |
[train_ppo-6] |    fps                  | 8          |
[train_ppo-6] |    iterations           | 143        |
[train_ppo-6] |    time_elapsed         | 16731      |
[train_ppo-6] |    total_timesteps      | 146432     |
[train_ppo-6] | train/                  |            |
[train_ppo-6] |    approx_kl            | 0.33722544 |
[train_ppo-6] |    clip_fraction        | 0.602      |
[train_ppo-6] |    clip_range           | 0.2        |
[train_ppo-6] |    clip_range_vf        | 0.2        |
[train_ppo-6] |    entropy_loss         | 0.316      |
[train_ppo-6] |    explained_variance   | -0.061     |
[train_ppo-6] |    learning_rate        | 0.000286   |
[train_ppo-6] |    loss                 | -0.102     |
[train_ppo-6] |    n_updates            | 1279       |
[train_ppo-6] |    policy_gradient_loss | -0.0626    |
[train_ppo-6] |    std                  | 0.205      |
[train_ppo-6] |    value_loss           | 0.00879    |
[train_ppo-6] ----------------------------------------
[train_ppo-6] Early stopping at step 7 due to reaching max kl: 1.23
[train_ppo-6] PPO progress: 147000/2500000 (6%) | ep_rew_mean=730.88 | ep_len_mean=750 | episodes=100 | fps=8
[train_ppo-6] --------------------------------------
[train_ppo-6] | rollout/                |          |
[train_ppo-6] |    ep_len_mean          | 753      |
[train_ppo-6] |    ep_rew_mean          | 735      |
[train_ppo-6] | time/                   |          |
[train_ppo-6] |    fps                  | 8        |
[train_ppo-6] |    iterations           | 144      |
[train_ppo-6] |    time_elapsed         | 16848    |
[train_ppo-6] |    total_timesteps      | 147456   |
[train_ppo-6] | train/                  |          |
[train_ppo-6] |    approx_kl            | 0.311762 |
[train_ppo-6] |    clip_fraction        | 0.59     |
[train_ppo-6] |    clip_range           | 0.2      |
[train_ppo-6] |    clip_range_vf        | 0.2      |
[train_ppo-6] |    entropy_loss         | 0.345    |
[train_ppo-6] |    explained_variance   | 0.288    |
[train_ppo-6] |    learning_rate        | 0.000286 |
[train_ppo-6] |    loss                 | -0.107   |
[train_ppo-6] |    n_updates            | 1287     |
[train_ppo-6] |    policy_gradient_loss | -0.0708  |
[train_ppo-6] |    std                  | 0.203    |
[train_ppo-6] |    value_loss           | 0.0041   |
[train_ppo-6] --------------------------------------
[train_ppo-6] PPO progress: 148000/2500000 (6%) | ep_rew_mean=734.80 | ep_len_mean=753 | episodes=100 | fps=8
[train_ppo-6] ---------------------------------------
[train_ppo-6] | rollout/                |           |
[train_ppo-6] |    ep_len_mean          | 753       |
[train_ppo-6] |    ep_rew_mean          | 735       |
[train_ppo-6] | time/                   |           |
[train_ppo-6] |    fps                  | 8         |
[train_ppo-6] |    iterations           | 145       |
[train_ppo-6] |    time_elapsed         | 16964     |
[train_ppo-6] |    total_timesteps      | 148480    |
[train_ppo-6] | train/                  |           |
[train_ppo-6] |    approx_kl            | 0.3006848 |
[train_ppo-6] |    clip_fraction        | 0.597     |
[train_ppo-6] |    clip_range           | 0.2       |
[train_ppo-6] |    clip_range_vf        | 0.2       |
[train_ppo-6] |    entropy_loss         | 0.36      |
[train_ppo-6] |    explained_variance   | 0.0539    |
[train_ppo-6] |    learning_rate        | 0.000286  |
[train_ppo-6] |    loss                 | -0.0724   |
[train_ppo-6] |    n_updates            | 1297      |
[train_ppo-6] |    policy_gradient_loss | -0.0418   |
[train_ppo-6] |    std                  | 0.201     |
[train_ppo-6] |    value_loss           | 0.0759    |
[train_ppo-6] ---------------------------------------
[train_ppo-6] PPO progress: 149000/2500000 (6%) | ep_rew_mean=748.54 | ep_len_mean=765 | episodes=100 | fps=8
[train_ppo-6] ----------------------------------------
[train_ppo-6] | rollout/                |            |
[train_ppo-6] |    ep_len_mean          | 765        |
[train_ppo-6] |    ep_rew_mean          | 749        |
[train_ppo-6] | time/                   |            |
[train_ppo-6] |    fps                  | 8          |
[train_ppo-6] |    iterations           | 146        |
[train_ppo-6] |    time_elapsed         | 17081      |
[train_ppo-6] |    total_timesteps      | 149504     |
[train_ppo-6] | train/                  |            |
[train_ppo-6] |    approx_kl            | 0.19999272 |
[train_ppo-6] |    clip_fraction        | 0.546      |
[train_ppo-6] |    clip_range           | 0.2        |
[train_ppo-6] |    clip_range_vf        | 0.2        |
[train_ppo-6] |    entropy_loss         | 0.379      |
[train_ppo-6] |    explained_variance   | 0.589      |
[train_ppo-6] |    learning_rate        | 0.000286   |
[train_ppo-6] |    loss                 | -0.118     |
[train_ppo-6] |    n_updates            | 1307       |
[train_ppo-6] |    policy_gradient_loss | -0.075     |
[train_ppo-6] |    std                  | 0.2        |
[train_ppo-6] |    value_loss           | 0.00297    |
[train_ppo-6] ----------------------------------------
[train_ppo-6] Early stopping at step 9 due to reaching max kl: 1.06
[train_ppo-6] PPO progress: 150000/2500000 (6%) | ep_rew_mean=748.54 | ep_len_mean=765 | episodes=100 | fps=8
[train_ppo-6] ---------------------------------------
[train_ppo-6] | rollout/                |           |
[train_ppo-6] |    ep_len_mean          | 765       |
[train_ppo-6] |    ep_rew_mean          | 749       |
[train_ppo-6] | time/                   |           |
[train_ppo-6] |    fps                  | 8         |
[train_ppo-6] |    iterations           | 147       |
[train_ppo-6] |    time_elapsed         | 17197     |
[train_ppo-6] |    total_timesteps      | 150528    |
[train_ppo-6] | train/                  |           |
[train_ppo-6] |    approx_kl            | 0.2629022 |
[train_ppo-6] |    clip_fraction        | 0.56      |
[train_ppo-6] |    clip_range           | 0.2       |
[train_ppo-6] |    clip_range_vf        | 0.2       |
[train_ppo-6] |    entropy_loss         | 0.388     |
[train_ppo-6] |    explained_variance   | 0.0344    |
[train_ppo-6] |    learning_rate        | 0.000286  |
[train_ppo-6] |    loss                 | -0.0326   |
[train_ppo-6] |    n_updates            | 1317      |
[train_ppo-6] |    policy_gradient_loss | -0.0401   |
[train_ppo-6] |    std                  | 0.199     |
[train_ppo-6] |    value_loss           | 0.0804    |
[train_ppo-6] ---------------------------------------
[train_ppo-6] PPO progress: 151000/2500000 (6%) | ep_rew_mean=734.92 | ep_len_mean=748 | episodes=100 | fps=8
[train_ppo-6] ----------------------------------------
[train_ppo-6] | rollout/                |            |
[train_ppo-6] |    ep_len_mean          | 748        |
[train_ppo-6] |    ep_rew_mean          | 735        |
[train_ppo-6] | time/                   |            |
[train_ppo-6] |    fps                  | 8          |
[train_ppo-6] |    iterations           | 148        |
[train_ppo-6] |    time_elapsed         | 17319      |
[train_ppo-6] |    total_timesteps      | 151552     |
[train_ppo-6] | train/                  |            |
[train_ppo-6] |    approx_kl            | 0.26567417 |
[train_ppo-6] |    clip_fraction        | 0.611      |
[train_ppo-6] |    clip_range           | 0.2        |
[train_ppo-6] |    clip_range_vf        | 0.2        |
[train_ppo-6] |    entropy_loss         | 0.418      |
[train_ppo-6] |    explained_variance   | -0.936     |
[train_ppo-6] |    learning_rate        | 0.000286   |
[train_ppo-6] |    loss                 | -0.127     |
[train_ppo-6] |    n_updates            | 1327       |
[train_ppo-6] |    policy_gradient_loss | -0.079     |
[train_ppo-6] |    std                  | 0.193      |
[train_ppo-6] |    value_loss           | 0.00349    |
[train_ppo-6] ----------------------------------------
[train_ppo-6] PPO progress: 152000/2500000 (6%) | ep_rew_mean=734.92 | ep_len_mean=748 | episodes=100 | fps=8
[train_ppo-6] ----------------------------------------
[train_ppo-6] | rollout/                |            |
[train_ppo-6] |    ep_len_mean          | 748        |
[train_ppo-6] |    ep_rew_mean          | 735        |
[train_ppo-6] | time/                   |            |
[train_ppo-6] |    fps                  | 8          |
[train_ppo-6] |    iterations           | 149        |
[train_ppo-6] |    time_elapsed         | 17436      |
[train_ppo-6] |    total_timesteps      | 152576     |
[train_ppo-6] | train/                  |            |
[train_ppo-6] |    approx_kl            | 0.25109398 |
[train_ppo-6] |    clip_fraction        | 0.591      |
[train_ppo-6] |    clip_range           | 0.2        |
[train_ppo-6] |    clip_range_vf        | 0.2        |
[train_ppo-6] |    entropy_loss         | 0.462      |
[train_ppo-6] |    explained_variance   | 0.373      |
[train_ppo-6] |    learning_rate        | 0.000285   |
[train_ppo-6] |    loss                 | 0.0261     |
[train_ppo-6] |    n_updates            | 1337       |
[train_ppo-6] |    policy_gradient_loss | -0.0725    |
[train_ppo-6] |    std                  | 0.191      |
[train_ppo-6] |    value_loss           | 0.0176     |
[train_ppo-6] ----------------------------------------
[train_ppo-6] PPO progress: 153000/2500000 (6%) | ep_rew_mean=757.32 | ep_len_mean=769 | episodes=100 | fps=8
[gazebo-2] NodeShared::RecvSrvRequest() error sending response: Host unreachable
[train_ppo-6] [WARN] [1787236718.097812847] [cobraflex_rl_interface]: Gazebo service call failed for /world/lane_following_complex_b/set_pose: Service call timed out
[train_ppo-6] ---------------------------------------
[train_ppo-6] | rollout/                |           |
[train_ppo-6] |    ep_len_mean          | 776       |
[train_ppo-6] |    ep_rew_mean          | 765       |
[train_ppo-6] | time/                   |           |
[train_ppo-6] |    fps                  | 8         |
[train_ppo-6] |    iterations           | 150       |
[train_ppo-6] |    time_elapsed         | 17559     |
[train_ppo-6] |    total_timesteps      | 153600    |
[train_ppo-6] | train/                  |           |
[train_ppo-6] |    approx_kl            | 0.2448762 |
[train_ppo-6] |    clip_fraction        | 0.588     |
[train_ppo-6] |    clip_range           | 0.2       |
[train_ppo-6] |    clip_range_vf        | 0.2       |
[train_ppo-6] |    entropy_loss         | 0.496     |
[train_ppo-6] |    explained_variance   | 0.532     |
[train_ppo-6] |    learning_rate        | 0.000285  |
[train_ppo-6] |    loss                 | -0.106    |
[train_ppo-6] |    n_updates            | 1347      |
[train_ppo-6] |    policy_gradient_loss | -0.0751   |
[train_ppo-6] |    std                  | 0.187     |
[train_ppo-6] |    value_loss           | 0.00258   |
[train_ppo-6] ---------------------------------------
[train_ppo-6] Early stopping at step 3 due to reaching max kl: 0.92
[train_ppo-6] PPO progress: 154000/2500000 (6%) | ep_rew_mean=764.93 | ep_len_mean=776 | episodes=100 | fps=8
[train_ppo-6] ---------------------------------------
[train_ppo-6] | rollout/                |           |
[train_ppo-6] |    ep_len_mean          | 776       |
[train_ppo-6] |    ep_rew_mean          | 765       |
[train_ppo-6] | time/                   |           |
[train_ppo-6] |    fps                  | 8         |
[train_ppo-6] |    iterations           | 151       |
[train_ppo-6] |    time_elapsed         | 17676     |
[train_ppo-6] |    total_timesteps      | 154624    |
[train_ppo-6] | train/                  |           |
[train_ppo-6] |    approx_kl            | 0.2974173 |
[train_ppo-6] |    clip_fraction        | 0.498     |
[train_ppo-6] |    clip_range           | 0.2       |
[train_ppo-6] |    clip_range_vf        | 0.2       |
[train_ppo-6] |    entropy_loss         | 0.526     |
[train_ppo-6] |    explained_variance   | 0.0831    |
[train_ppo-6] |    learning_rate        | 0.000285  |
[train_ppo-6] |    loss                 | -0.0283   |
[train_ppo-6] |    n_updates            | 1351      |
[train_ppo-6] |    policy_gradient_loss | -0.0212   |
[train_ppo-6] |    std                  | 0.187     |
[train_ppo-6] |    value_loss           | 0.102     |
[train_ppo-6] ---------------------------------------
[train_ppo-6] PPO progress: 155000/2500000 (6%) | ep_rew_mean=764.93 | ep_len_mean=776 | episodes=100 | fps=8
[train_ppo-6] ----------------------------------------
[train_ppo-6] | rollout/                |            |
[train_ppo-6] |    ep_len_mean          | 776        |
[train_ppo-6] |    ep_rew_mean          | 769        |
[train_ppo-6] | time/                   |            |
[train_ppo-6] |    fps                  | 8          |
[train_ppo-6] |    iterations           | 152        |
[train_ppo-6] |    time_elapsed         | 17798      |
[train_ppo-6] |    total_timesteps      | 155648     |
[train_ppo-6] | train/                  |            |
[train_ppo-6] |    approx_kl            | 0.14518665 |
[train_ppo-6] |    clip_fraction        | 0.534      |
[train_ppo-6] |    clip_range           | 0.2        |
[train_ppo-6] |    clip_range_vf        | 0.2        |
[train_ppo-6] |    entropy_loss         | 0.524      |
[train_ppo-6] |    explained_variance   | 0.152      |
[train_ppo-6] |    learning_rate        | 0.000285   |
[train_ppo-6] |    loss                 | -0.107     |
[train_ppo-6] |    n_updates            | 1361       |
[train_ppo-6] |    policy_gradient_loss | -0.061     |
[train_ppo-6] |    std                  | 0.186      |
[train_ppo-6] |    value_loss           | 0.0032     |
[train_ppo-6] ----------------------------------------
[train_ppo-6] PPO progress: 156000/2500000 (6%) | ep_rew_mean=750.43 | ep_len_mean=756 | episodes=100 | fps=8
[train_ppo-6] ----------------------------------------
[train_ppo-6] | rollout/                |            |
[train_ppo-6] |    ep_len_mean          | 756        |
[train_ppo-6] |    ep_rew_mean          | 752        |
[train_ppo-6] | time/                   |            |
[train_ppo-6] |    fps                  | 8          |
[train_ppo-6] |    iterations           | 153        |
[train_ppo-6] |    time_elapsed         | 17921      |
[train_ppo-6] |    total_timesteps      | 156672     |
[train_ppo-6] | train/                  |            |
[train_ppo-6] |    approx_kl            | 0.25796905 |
[train_ppo-6] |    clip_fraction        | 0.511      |
[train_ppo-6] |    clip_range           | 0.2        |
[train_ppo-6] |    clip_range_vf        | 0.2        |
[train_ppo-6] |    entropy_loss         | 0.538      |
[train_ppo-6] |    explained_variance   | 0.326      |
[train_ppo-6] |    learning_rate        | 0.000285   |
[train_ppo-6] |    loss                 | 0.0106     |
[train_ppo-6] |    n_updates            | 1371       |
[train_ppo-6] |    policy_gradient_loss | -0.0387    |
[train_ppo-6] |    std                  | 0.184      |
[train_ppo-6] |    value_loss           | 0.0808     |
[train_ppo-6] ----------------------------------------
[train_ppo-6] Early stopping at step 5 due to reaching max kl: 0.89
[train_ppo-6] PPO progress: 157000/2500000 (6%) | ep_rew_mean=751.98 | ep_len_mean=756 | episodes=100 | fps=8
[train_ppo-6] ----------------------------------------
[train_ppo-6] | rollout/                |            |
[train_ppo-6] |    ep_len_mean          | 756        |
[train_ppo-6] |    ep_rew_mean          | 752        |
[train_ppo-6] | time/                   |            |
[train_ppo-6] |    fps                  | 8          |
[train_ppo-6] |    iterations           | 154        |
[train_ppo-6] |    time_elapsed         | 18038      |
[train_ppo-6] |    total_timesteps      | 157696     |
[train_ppo-6] | train/                  |            |
[train_ppo-6] |    approx_kl            | 0.35763326 |
[train_ppo-6] |    clip_fraction        | 0.529      |
[train_ppo-6] |    clip_range           | 0.2        |
[train_ppo-6] |    clip_range_vf        | 0.2        |
[train_ppo-6] |    entropy_loss         | 0.556      |
[train_ppo-6] |    explained_variance   | 0.142      |
[train_ppo-6] |    learning_rate        | 0.000285   |
[train_ppo-6] |    loss                 | 0.00311    |
[train_ppo-6] |    n_updates            | 1377       |
[train_ppo-6] |    policy_gradient_loss | -0.0437    |
[train_ppo-6] |    std                  | 0.183      |
[train_ppo-6] |    value_loss           | 0.283      |
[train_ppo-6] ----------------------------------------
[train_ppo-6] Early stopping at step 1 due to reaching max kl: 1.05
[train_ppo-6] PPO progress: 158000/2500000 (6%) | ep_rew_mean=751.98 | ep_len_mean=756 | episodes=100 | fps=8
[train_ppo-6] ---------------------------------------
[train_ppo-6] | rollout/                |           |
[train_ppo-6] |    ep_len_mean          | 756       |
[train_ppo-6] |    ep_rew_mean          | 754       |
[train_ppo-6] | time/                   |           |
[train_ppo-6] |    fps                  | 8         |
[train_ppo-6] |    iterations           | 155       |
[train_ppo-6] |    time_elapsed         | 18154     |
[train_ppo-6] |    total_timesteps      | 158720    |
[train_ppo-6] | train/                  |           |
[train_ppo-6] |    approx_kl            | 1.0465221 |
[train_ppo-6] |    clip_fraction        | 0.44      |
[train_ppo-6] |    clip_range           | 0.2       |
[train_ppo-6] |    clip_range_vf        | 0.2       |
[train_ppo-6] |    entropy_loss         | 0.567     |
[train_ppo-6] |    explained_variance   | -2.59     |
[train_ppo-6] |    learning_rate        | 0.000285  |
[train_ppo-6] |    loss                 | 0.0418    |
[train_ppo-6] |    n_updates            | 1379      |
[train_ppo-6] |    policy_gradient_loss | 0.0771    |
[train_ppo-6] |    std                  | 0.183     |
[train_ppo-6] |    value_loss           | 0.0248    |
[train_ppo-6] ---------------------------------------
[train_ppo-6] Early stopping at step 2 due to reaching max kl: 1.01
[train_ppo-6] PPO progress: 159000/2500000 (6%) | ep_rew_mean=753.56 | ep_len_mean=756 | episodes=100 | fps=8
[gazebo-2] NodeShared::RecvSrvRequest() error sending response: Host unreachable
[train_ppo-6] [WARN] [1787237386.330870154] [cobraflex_rl_interface]: Gazebo service call failed for /world/lane_following_complex_b/set_pose: Service call timed out
[train_ppo-6] --------------------------------------
[train_ppo-6] | rollout/                |          |
[train_ppo-6] |    ep_len_mean          | 763      |
[train_ppo-6] |    ep_rew_mean          | 761      |
[train_ppo-6] | time/                   |          |
[train_ppo-6] |    fps                  | 8        |
[train_ppo-6] |    iterations           | 156      |
[train_ppo-6] |    time_elapsed         | 18275    |
[train_ppo-6] |    total_timesteps      | 159744   |
[train_ppo-6] | train/                  |          |
[train_ppo-6] |    approx_kl            | 1.013083 |
[train_ppo-6] |    clip_fraction        | 0.522    |
[train_ppo-6] |    clip_range           | 0.2      |
[train_ppo-6] |    clip_range_vf        | 0.2      |
[train_ppo-6] |    entropy_loss         | 0.566    |
[train_ppo-6] |    explained_variance   | 0.717    |
[train_ppo-6] |    learning_rate        | 0.000285 |
[train_ppo-6] |    loss                 | 0.00446  |
[train_ppo-6] |    n_updates            | 1382     |
[train_ppo-6] |    policy_gradient_loss | 0.00792  |
[train_ppo-6] |    std                  | 0.183    |
[train_ppo-6] |    value_loss           | 0.0648   |
[train_ppo-6] --------------------------------------
[train_ppo-6] Early stopping at step 4 due to reaching max kl: 0.84
[train_ppo-6] PPO progress: 160000/2500000 (6%) | ep_rew_mean=760.95 | ep_len_mean=763 | episodes=100 | fps=8
[train_ppo-6] ----------------------------------------
[train_ppo-6] | rollout/                |            |
[train_ppo-6] |    ep_len_mean          | 763        |
[train_ppo-6] |    ep_rew_mean          | 761        |
[train_ppo-6] | time/                   |            |
[train_ppo-6] |    fps                  | 8          |
[train_ppo-6] |    iterations           | 157        |
[train_ppo-6] |    time_elapsed         | 18392      |
[train_ppo-6] |    total_timesteps      | 160768     |
[train_ppo-6] | train/                  |            |
[train_ppo-6] |    approx_kl            | 0.32831982 |
[train_ppo-6] |    clip_fraction        | 0.549      |
[train_ppo-6] |    clip_range           | 0.2        |
[train_ppo-6] |    clip_range_vf        | 0.2        |
[train_ppo-6] |    entropy_loss         | 0.562      |
[train_ppo-6] |    explained_variance   | 0.548      |
[train_ppo-6] |    learning_rate        | 0.000285   |
[train_ppo-6] |    loss                 | -0.0273    |
[train_ppo-6] |    n_updates            | 1387       |
[train_ppo-6] |    policy_gradient_loss | -0.025     |
[train_ppo-6] |    std                  | 0.183      |
[train_ppo-6] |    value_loss           | 0.0605     |
[train_ppo-6] ----------------------------------------
[train_ppo-6] Early stopping at step 1 due to reaching max kl: 0.76
[train_ppo-6] PPO progress: 161000/2500000 (6%) | ep_rew_mean=760.95 | ep_len_mean=763 | episodes=100 | fps=8
[train_ppo-6] ----------------------------------------
[train_ppo-6] | rollout/                |            |
[train_ppo-6] |    ep_len_mean          | 735        |
[train_ppo-6] |    ep_rew_mean          | 737        |
[train_ppo-6] | time/                   |            |
[train_ppo-6] |    fps                  | 8          |
[train_ppo-6] |    iterations           | 158        |
[train_ppo-6] |    time_elapsed         | 18512      |
[train_ppo-6] |    total_timesteps      | 161792     |
[train_ppo-6] | train/                  |            |
[train_ppo-6] |    approx_kl            | 0.42102957 |
[train_ppo-6] |    clip_fraction        | 0.57       |
[train_ppo-6] |    clip_range           | 0.2        |
[train_ppo-6] |    clip_range_vf        | 0.2        |
[train_ppo-6] |    entropy_loss         | 0.564      |
[train_ppo-6] |    explained_variance   | 0.000855   |
[train_ppo-6] |    learning_rate        | 0.000285   |
[train_ppo-6] |    loss                 | 0.0573     |
[train_ppo-6] |    n_updates            | 1389       |
[train_ppo-6] |    policy_gradient_loss | 0.0294     |
[train_ppo-6] |    std                  | 0.183      |
[train_ppo-6] |    value_loss           | 0.016      |
[train_ppo-6] ----------------------------------------
[train_ppo-6] PPO progress: 162000/2500000 (6%) | ep_rew_mean=740.57 | ep_len_mean=738 | episodes=100 | fps=8
[train_ppo-6] ----------------------------------------
[train_ppo-6] | rollout/                |            |
[train_ppo-6] |    ep_len_mean          | 738        |
[train_ppo-6] |    ep_rew_mean          | 741        |
[train_ppo-6] | time/                   |            |
[train_ppo-6] |    fps                  | 8          |
[train_ppo-6] |    iterations           | 159        |
[train_ppo-6] |    time_elapsed         | 18630      |
[train_ppo-6] |    total_timesteps      | 162816     |
[train_ppo-6] | train/                  |            |
[train_ppo-6] |    approx_kl            | 0.25060707 |
[train_ppo-6] |    clip_fraction        | 0.562      |
[train_ppo-6] |    clip_range           | 0.2        |
[train_ppo-6] |    clip_range_vf        | 0.2        |
[train_ppo-6] |    entropy_loss         | 0.567      |
[train_ppo-6] |    explained_variance   | 0.488      |
[train_ppo-6] |    learning_rate        | 0.000284   |
[train_ppo-6] |    loss                 | 0.0989     |
[train_ppo-6] |    n_updates            | 1399       |
[train_ppo-6] |    policy_gradient_loss | -0.0435    |
[train_ppo-6] |    std                  | 0.181      |
[train_ppo-6] |    value_loss           | 0.161      |
[train_ppo-6] ----------------------------------------
[train_ppo-6] Early stopping at step 2 due to reaching max kl: 1.00
[train_ppo-6] PPO progress: 163000/2500000 (7%) | ep_rew_mean=740.57 | ep_len_mean=738 | episodes=100 | fps=8
[train_ppo-6] ----------------------------------------
[train_ppo-6] | rollout/                |            |
[train_ppo-6] |    ep_len_mean          | 738        |
[train_ppo-6] |    ep_rew_mean          | 741        |
[train_ppo-6] | time/                   |            |
[train_ppo-6] |    fps                  | 8          |
[train_ppo-6] |    iterations           | 160        |
[train_ppo-6] |    time_elapsed         | 18747      |
[train_ppo-6] |    total_timesteps      | 163840     |
[train_ppo-6] | train/                  |            |
[train_ppo-6] |    approx_kl            | 0.41267848 |
[train_ppo-6] |    clip_fraction        | 0.369      |
[train_ppo-6] |    clip_range           | 0.2        |
[train_ppo-6] |    clip_range_vf        | 0.2        |
[train_ppo-6] |    entropy_loss         | 0.595      |
[train_ppo-6] |    explained_variance   | 0.54       |
[train_ppo-6] |    learning_rate        | 0.000284   |
[train_ppo-6] |    loss                 | 0.168      |
[train_ppo-6] |    n_updates            | 1402       |
[train_ppo-6] |    policy_gradient_loss | -0.00805   |
[train_ppo-6] |    std                  | 0.18       |
[train_ppo-6] |    value_loss           | 0.138      |
[train_ppo-6] ----------------------------------------
[train_ppo-6] PPO progress: 164000/2500000 (7%) | ep_rew_mean=747.45 | ep_len_mean=742 | episodes=100 | fps=8
[train_ppo-6] ----------------------------------------
[train_ppo-6] | rollout/                |            |
[train_ppo-6] |    ep_len_mean          | 742        |
[train_ppo-6] |    ep_rew_mean          | 747        |
[train_ppo-6] | time/                   |            |
[train_ppo-6] |    fps                  | 8          |
[train_ppo-6] |    iterations           | 161        |
[train_ppo-6] |    time_elapsed         | 18864      |
[train_ppo-6] |    total_timesteps      | 164864     |
[train_ppo-6] | train/                  |            |
[train_ppo-6] |    approx_kl            | 0.23330647 |
[train_ppo-6] |    clip_fraction        | 0.562      |
[train_ppo-6] |    clip_range           | 0.2        |
[train_ppo-6] |    clip_range_vf        | 0.2        |
[train_ppo-6] |    entropy_loss         | 0.594      |
[train_ppo-6] |    explained_variance   | 0.651      |
[train_ppo-6] |    learning_rate        | 0.000284   |
[train_ppo-6] |    loss                 | -0.122     |
[train_ppo-6] |    n_updates            | 1412       |
[train_ppo-6] |    policy_gradient_loss | -0.0735    |
[train_ppo-6] |    std                  | 0.179      |
[train_ppo-6] |    value_loss           | 0.00503    |
[train_ppo-6] ----------------------------------------
[train_ppo-6] Early stopping at step 1 due to reaching max kl: 1.28
[train_ppo-6] PPO progress: 165000/2500000 (7%) | ep_rew_mean=747.45 | ep_len_mean=742 | episodes=100 | fps=8
[train_ppo-6] ----------------------------------------
[train_ppo-6] | rollout/                |            |
[train_ppo-6] |    ep_len_mean          | 742        |
[train_ppo-6] |    ep_rew_mean          | 747        |
[train_ppo-6] | time/                   |            |
[train_ppo-6] |    fps                  | 8          |
[train_ppo-6] |    iterations           | 162        |
[train_ppo-6] |    time_elapsed         | 18980      |
[train_ppo-6] |    total_timesteps      | 165888     |
[train_ppo-6] | train/                  |            |
[train_ppo-6] |    approx_kl            | 0.39678723 |
[train_ppo-6] |    clip_fraction        | 0.497      |
[train_ppo-6] |    clip_range           | 0.2        |
[train_ppo-6] |    clip_range_vf        | 0.2        |
[train_ppo-6] |    entropy_loss         | 0.614      |
[train_ppo-6] |    explained_variance   | 0.0524     |
[train_ppo-6] |    learning_rate        | 0.000284   |
[train_ppo-6] |    loss                 | 0.0977     |
[train_ppo-6] |    n_updates            | 1414       |
[train_ppo-6] |    policy_gradient_loss | 0.0403     |
[train_ppo-6] |    std                  | 0.179      |
[train_ppo-6] |    value_loss           | 0.0224     |
[train_ppo-6] ----------------------------------------
[train_ppo-6] Early stopping at step 1 due to reaching max kl: 3.02
[train_ppo-6] PPO progress: 166000/2500000 (7%) | ep_rew_mean=747.45 | ep_len_mean=742 | episodes=100 | fps=8
[train_ppo-6] ---------------------------------------
[train_ppo-6] | rollout/                |           |
[train_ppo-6] |    ep_len_mean          | 762       |
[train_ppo-6] |    ep_rew_mean          | 770       |
[train_ppo-6] | time/                   |           |
[train_ppo-6] |    fps                  | 8         |
[train_ppo-6] |    iterations           | 163       |
[train_ppo-6] |    time_elapsed         | 19097     |
[train_ppo-6] |    total_timesteps      | 166912    |
[train_ppo-6] | train/                  |           |
[train_ppo-6] |    approx_kl            | 1.0172681 |
[train_ppo-6] |    clip_fraction        | 0.526     |
[train_ppo-6] |    clip_range           | 0.2       |
[train_ppo-6] |    clip_range_vf        | 0.2       |
[train_ppo-6] |    entropy_loss         | 0.612     |
[train_ppo-6] |    explained_variance   | 0.279     |
[train_ppo-6] |    learning_rate        | 0.000284  |
[train_ppo-6] |    loss                 | 0.052     |
[train_ppo-6] |    n_updates            | 1416      |
[train_ppo-6] |    policy_gradient_loss | 0.052     |
[train_ppo-6] |    std                  | 0.179     |
[train_ppo-6] |    value_loss           | 0.0202    |
[train_ppo-6] ---------------------------------------
[train_ppo-6] Early stopping at step 1 due to reaching max kl: 0.99
[train_ppo-6] PPO progress: 167000/2500000 (7%) | ep_rew_mean=770.37 | ep_len_mean=762 | episodes=100 | fps=8
[train_ppo-6] ----------------------------------------
[train_ppo-6] | rollout/                |            |
[train_ppo-6] |    ep_len_mean          | 762        |
[train_ppo-6] |    ep_rew_mean          | 770        |
[train_ppo-6] | time/                   |            |
[train_ppo-6] |    fps                  | 8          |
[train_ppo-6] |    iterations           | 164        |
[train_ppo-6] |    time_elapsed         | 19213      |
[train_ppo-6] |    total_timesteps      | 167936     |
[train_ppo-6] | train/                  |            |
[train_ppo-6] |    approx_kl            | 0.34513754 |
[train_ppo-6] |    clip_fraction        | 0.455      |
[train_ppo-6] |    clip_range           | 0.2        |
[train_ppo-6] |    clip_range_vf        | 0.2        |
[train_ppo-6] |    entropy_loss         | 0.611      |
[train_ppo-6] |    explained_variance   | 0.386      |
[train_ppo-6] |    learning_rate        | 0.000284   |
[train_ppo-6] |    loss                 | -0.0406    |
[train_ppo-6] |    n_updates            | 1418       |
[train_ppo-6] |    policy_gradient_loss | 0.000901   |
[train_ppo-6] |    std                  | 0.179      |
[train_ppo-6] |    value_loss           | 0.0165     |
[train_ppo-6] ----------------------------------------
[train_ppo-6] Early stopping at step 7 due to reaching max kl: 0.77
[train_ppo-6] PPO progress: 168000/2500000 (7%) | ep_rew_mean=770.37 | ep_len_mean=762 | episodes=100 | fps=8
[gazebo-2] NodeShared::RecvSrvRequest() error sending response: Host unreachable
[train_ppo-6] [WARN] [1787238420.916567988] [cobraflex_rl_interface]: Gazebo service call failed for /world/lane_following_complex_b/set_pose: Service call timed out
[train_ppo-6] ----------------------------------------
[train_ppo-6] | rollout/                |            |
[train_ppo-6] |    ep_len_mean          | 760        |
[train_ppo-6] |    ep_rew_mean          | 771        |
[train_ppo-6] | time/                   |            |
[train_ppo-6] |    fps                  | 8          |
[train_ppo-6] |    iterations           | 165        |
[train_ppo-6] |    time_elapsed         | 19337      |
[train_ppo-6] |    total_timesteps      | 168960     |
[train_ppo-6] | train/                  |            |
[train_ppo-6] |    approx_kl            | 0.41295153 |
[train_ppo-6] |    clip_fraction        | 0.643      |
[train_ppo-6] |    clip_range           | 0.2        |
[train_ppo-6] |    clip_range_vf        | 0.2        |
[train_ppo-6] |    entropy_loss         | 0.61       |
[train_ppo-6] |    explained_variance   | 0.0993     |
[train_ppo-6] |    learning_rate        | 0.000284   |
[train_ppo-6] |    loss                 | -0.105     |
[train_ppo-6] |    n_updates            | 1426       |
[train_ppo-6] |    policy_gradient_loss | -0.0611    |
[train_ppo-6] |    std                  | 0.178      |
[train_ppo-6] |    value_loss           | 0.00727    |
[train_ppo-6] ----------------------------------------
[train_ppo-6] PPO progress: 169000/2500000 (7%) | ep_rew_mean=771.49 | ep_len_mean=760 | episodes=100 | fps=8
[train_ppo-6] ----------------------------------------
[train_ppo-6] | rollout/                |            |
[train_ppo-6] |    ep_len_mean          | 760        |
[train_ppo-6] |    ep_rew_mean          | 771        |
[train_ppo-6] | time/                   |            |
[train_ppo-6] |    fps                  | 8          |
[train_ppo-6] |    iterations           | 166        |
[train_ppo-6] |    time_elapsed         | 19453      |
[train_ppo-6] |    total_timesteps      | 169984     |
[train_ppo-6] | train/                  |            |
[train_ppo-6] |    approx_kl            | 0.20049627 |
[train_ppo-6] |    clip_fraction        | 0.544      |
[train_ppo-6] |    clip_range           | 0.2        |
[train_ppo-6] |    clip_range_vf        | 0.2        |
[train_ppo-6] |    entropy_loss         | 0.617      |
[train_ppo-6] |    explained_variance   | 0.208      |
[train_ppo-6] |    learning_rate        | 0.000284   |
[train_ppo-6] |    loss                 | 0.0602     |
[train_ppo-6] |    n_updates            | 1436       |
[train_ppo-6] |    policy_gradient_loss | -0.0408    |
[train_ppo-6] |    std                  | 0.177      |
[train_ppo-6] |    value_loss           | 0.0843     |
[train_ppo-6] ----------------------------------------
[train_ppo-6] PPO progress: 170000/2500000 (7%) | ep_rew_mean=771.49 | ep_len_mean=760 | episodes=100 | fps=8
[train_ppo-6] PPO progress: 171000/2500000 (7%) | ep_rew_mean=754.50 | ep_len_mean=740 | episodes=100 | fps=8
[train_ppo-6] ----------------------------------------
[train_ppo-6] | rollout/                |            |
[train_ppo-6] |    ep_len_mean          | 740        |
[train_ppo-6] |    ep_rew_mean          | 755        |
[train_ppo-6] | time/                   |            |
[train_ppo-6] |    fps                  | 8          |
[train_ppo-6] |    iterations           | 167        |
[train_ppo-6] |    time_elapsed         | 19571      |
[train_ppo-6] |    total_timesteps      | 171008     |
[train_ppo-6] | train/                  |            |
[train_ppo-6] |    approx_kl            | 0.34480646 |
[train_ppo-6] |    clip_fraction        | 0.596      |
[train_ppo-6] |    clip_range           | 0.2        |
[train_ppo-6] |    clip_range_vf        | 0.2        |
[train_ppo-6] |    entropy_loss         | 0.64       |
[train_ppo-6] |    explained_variance   | 0.607      |
[train_ppo-6] |    learning_rate        | 0.000284   |
[train_ppo-6] |    loss                 | -0.108     |
[train_ppo-6] |    n_updates            | 1446       |
[train_ppo-6] |    policy_gradient_loss | -0.0776    |
[train_ppo-6] |    std                  | 0.174      |
[train_ppo-6] |    value_loss           | 0.00425    |
[train_ppo-6] ----------------------------------------
[train_ppo-6] Early stopping at step 2 due to reaching max kl: 0.76
[train_ppo-6] PPO progress: 172000/2500000 (7%) | ep_rew_mean=754.50 | ep_len_mean=740 | episodes=100 | fps=8
[train_ppo-6] ----------------------------------------
[train_ppo-6] | rollout/                |            |
[train_ppo-6] |    ep_len_mean          | 740        |
[train_ppo-6] |    ep_rew_mean          | 755        |
[train_ppo-6] | time/                   |            |
[train_ppo-6] |    fps                  | 8          |
[train_ppo-6] |    iterations           | 168        |
[train_ppo-6] |    time_elapsed         | 19687      |
[train_ppo-6] |    total_timesteps      | 172032     |
[train_ppo-6] | train/                  |            |
[train_ppo-6] |    approx_kl            | 0.68075806 |
[train_ppo-6] |    clip_fraction        | 0.518      |
[train_ppo-6] |    clip_range           | 0.2        |
[train_ppo-6] |    clip_range_vf        | 0.2        |
[train_ppo-6] |    entropy_loss         | 0.668      |
[train_ppo-6] |    explained_variance   | 0.761      |
[train_ppo-6] |    learning_rate        | 0.000284   |
[train_ppo-6] |    loss                 | 0.00158    |
[train_ppo-6] |    n_updates            | 1449       |
[train_ppo-6] |    policy_gradient_loss | 0.00269    |
[train_ppo-6] |    std                  | 0.174      |
[train_ppo-6] |    value_loss           | 0.0434     |
[train_ppo-6] ----------------------------------------
[train_ppo-6] Early stopping at step 2 due to reaching max kl: 0.81
[train_ppo-6] PPO progress: 173000/2500000 (7%) | ep_rew_mean=758.38 | ep_len_mean=740 | episodes=100 | fps=8
[train_ppo-6] ----------------------------------------
[train_ppo-6] | rollout/                |            |
[train_ppo-6] |    ep_len_mean          | 740        |
[train_ppo-6] |    ep_rew_mean          | 758        |
[train_ppo-6] | time/                   |            |
[train_ppo-6] |    fps                  | 8          |
[train_ppo-6] |    iterations           | 169        |
[train_ppo-6] |    time_elapsed         | 19804      |
[train_ppo-6] |    total_timesteps      | 173056     |
[train_ppo-6] | train/                  |            |
[train_ppo-6] |    approx_kl            | 0.44340062 |
[train_ppo-6] |    clip_fraction        | 0.609      |
[train_ppo-6] |    clip_range           | 0.2        |
[train_ppo-6] |    clip_range_vf        | 0.2        |
[train_ppo-6] |    entropy_loss         | 0.663      |
[train_ppo-6] |    explained_variance   | -0.012     |
[train_ppo-6] |    learning_rate        | 0.000283   |
[train_ppo-6] |    loss                 | -0.0518    |
[train_ppo-6] |    n_updates            | 1452       |
[train_ppo-6] |    policy_gradient_loss | -0.00139   |
[train_ppo-6] |    std                  | 0.175      |
[train_ppo-6] |    value_loss           | 0.00955    |
[train_ppo-6] ----------------------------------------
[train_ppo-6] Early stopping at step 3 due to reaching max kl: 1.08
[train_ppo-6] PPO progress: 174000/2500000 (7%) | ep_rew_mean=758.38 | ep_len_mean=740 | episodes=100 | fps=8
[train_ppo-6] ----------------------------------------
[train_ppo-6] | rollout/                |            |
[train_ppo-6] |    ep_len_mean          | 740        |
[train_ppo-6] |    ep_rew_mean          | 758        |
[train_ppo-6] | time/                   |            |
[train_ppo-6] |    fps                  | 8          |
[train_ppo-6] |    iterations           | 170        |
[train_ppo-6] |    time_elapsed         | 19920      |
[train_ppo-6] |    total_timesteps      | 174080     |
[train_ppo-6] | train/                  |            |
[train_ppo-6] |    approx_kl            | 0.53167737 |
[train_ppo-6] |    clip_fraction        | 0.579      |
[train_ppo-6] |    clip_range           | 0.2        |
[train_ppo-6] |    clip_range_vf        | 0.2        |
[train_ppo-6] |    entropy_loss         | 0.659      |
[train_ppo-6] |    explained_variance   | -0.218     |
[train_ppo-6] |    learning_rate        | 0.000283   |
[train_ppo-6] |    loss                 | -0.077     |
[train_ppo-6] |    n_updates            | 1456       |
[train_ppo-6] |    policy_gradient_loss | -0.0219    |
[train_ppo-6] |    std                  | 0.175      |
[train_ppo-6] |    value_loss           | 0.0102     |
[train_ppo-6] ----------------------------------------
[train_ppo-6] Early stopping at step 4 due to reaching max kl: 0.83
[train_ppo-6] PPO progress: 175000/2500000 (7%) | ep_rew_mean=769.07 | ep_len_mean=747 | episodes=100 | fps=8
[train_ppo-6] ---------------------------------------
[train_ppo-6] | rollout/                |           |
[train_ppo-6] |    ep_len_mean          | 747       |
[train_ppo-6] |    ep_rew_mean          | 769       |
[train_ppo-6] | time/                   |           |
[train_ppo-6] |    fps                  | 8         |
[train_ppo-6] |    iterations           | 171       |
[train_ppo-6] |    time_elapsed         | 20038     |
[train_ppo-6] |    total_timesteps      | 175104    |
[train_ppo-6] | train/                  |           |
[train_ppo-6] |    approx_kl            | 0.8273649 |
[train_ppo-6] |    clip_fraction        | 0.558     |
[train_ppo-6] |    clip_range           | 0.2       |
[train_ppo-6] |    clip_range_vf        | 0.2       |
[train_ppo-6] |    entropy_loss         | 0.659     |
[train_ppo-6] |    explained_variance   | -0.338    |
[train_ppo-6] |    learning_rate        | 0.000283  |
[train_ppo-6] |    loss                 | -0.111    |
[train_ppo-6] |    n_updates            | 1461      |
[train_ppo-6] |    policy_gradient_loss | -0.0354   |
[train_ppo-6] |    std                  | 0.174     |
[train_ppo-6] |    value_loss           | 0.00655   |
[train_ppo-6] ---------------------------------------
[gazebo-2] NodeShared::RecvSrvRequest() error sending response: Host unreachable
[train_ppo-6] [WARN] [1787239318.891864467] [cobraflex_rl_interface]: Gazebo service call failed for /world/lane_following_complex_b/set_pose: Service call timed out
[train_ppo-6] Early stopping at step 1 due to reaching max kl: 0.80
[train_ppo-6] PPO progress: 176000/2500000 (7%) | ep_rew_mean=736.36 | ep_len_mean=712 | episodes=100 | fps=8
[train_ppo-6] ----------------------------------------
[train_ppo-6] | rollout/                |            |
[train_ppo-6] |    ep_len_mean          | 712        |
[train_ppo-6] |    ep_rew_mean          | 736        |
[train_ppo-6] | time/                   |            |
[train_ppo-6] |    fps                  | 8          |
[train_ppo-6] |    iterations           | 172        |
[train_ppo-6] |    time_elapsed         | 20162      |
[train_ppo-6] |    total_timesteps      | 176128     |
[train_ppo-6] | train/                  |            |
[train_ppo-6] |    approx_kl            | 0.41675448 |
[train_ppo-6] |    clip_fraction        | 0.362      |
[train_ppo-6] |    clip_range           | 0.2        |
[train_ppo-6] |    clip_range_vf        | 0.2        |
[train_ppo-6] |    entropy_loss         | 0.663      |
[train_ppo-6] |    explained_variance   | 0.448      |
[train_ppo-6] |    learning_rate        | 0.000283   |
[train_ppo-6] |    loss                 | 0.109      |
[train_ppo-6] |    n_updates            | 1463       |
[train_ppo-6] |    policy_gradient_loss | 0.0231     |
[train_ppo-6] |    std                  | 0.174      |
[train_ppo-6] |    value_loss           | 0.17       |
[train_ppo-6] ----------------------------------------
[train_ppo-6] PPO progress: 177000/2500000 (7%) | ep_rew_mean=736.36 | ep_len_mean=712 | episodes=100 | fps=8
[train_ppo-6] ----------------------------------------
[train_ppo-6] | rollout/                |            |
[train_ppo-6] |    ep_len_mean          | 712        |
[train_ppo-6] |    ep_rew_mean          | 736        |
[train_ppo-6] | time/                   |            |
[train_ppo-6] |    fps                  | 8          |
[train_ppo-6] |    iterations           | 173        |
[train_ppo-6] |    time_elapsed         | 20279      |
[train_ppo-6] |    total_timesteps      | 177152     |
[train_ppo-6] | train/                  |            |
[train_ppo-6] |    approx_kl            | 0.17486444 |
[train_ppo-6] |    clip_fraction        | 0.471      |
[train_ppo-6] |    clip_range           | 0.2        |
[train_ppo-6] |    clip_range_vf        | 0.2        |
[train_ppo-6] |    entropy_loss         | 0.67       |
[train_ppo-6] |    explained_variance   | 0.355      |
[train_ppo-6] |    learning_rate        | 0.000283   |
[train_ppo-6] |    loss                 | 0.0343     |
[train_ppo-6] |    n_updates            | 1473       |
[train_ppo-6] |    policy_gradient_loss | -0.0588    |
[train_ppo-6] |    std                  | 0.171      |
[train_ppo-6] |    value_loss           | 0.187      |
[train_ppo-6] ----------------------------------------
[train_ppo-6] PPO progress: 178000/2500000 (7%) | ep_rew_mean=758.72 | ep_len_mean=732 | episodes=100 | fps=8
[train_ppo-6] ----------------------------------------
[train_ppo-6] | rollout/                |            |
[train_ppo-6] |    ep_len_mean          | 732        |
[train_ppo-6] |    ep_rew_mean          | 759        |
[train_ppo-6] | time/                   |            |
[train_ppo-6] |    fps                  | 8          |
[train_ppo-6] |    iterations           | 174        |
[train_ppo-6] |    time_elapsed         | 20396      |
[train_ppo-6] |    total_timesteps      | 178176     |
[train_ppo-6] | train/                  |            |
[train_ppo-6] |    approx_kl            | 0.24766487 |
[train_ppo-6] |    clip_fraction        | 0.587      |
[train_ppo-6] |    clip_range           | 0.2        |
[train_ppo-6] |    clip_range_vf        | 0.2        |
[train_ppo-6] |    entropy_loss         | 0.699      |
[train_ppo-6] |    explained_variance   | 0.217      |
[train_ppo-6] |    learning_rate        | 0.000283   |
[train_ppo-6] |    loss                 | -0.123     |
[train_ppo-6] |    n_updates            | 1483       |
[train_ppo-6] |    policy_gradient_loss | -0.0731    |
[train_ppo-6] |    std                  | 0.17       |
[train_ppo-6] |    value_loss           | 0.00464    |
[train_ppo-6] ----------------------------------------
[train_ppo-6] PPO progress: 179000/2500000 (7%) | ep_rew_mean=759.38 | ep_len_mean=732 | episodes=100 | fps=8
[train_ppo-6] ----------------------------------------
[train_ppo-6] | rollout/                |            |
[train_ppo-6] |    ep_len_mean          | 738        |
[train_ppo-6] |    ep_rew_mean          | 766        |
[train_ppo-6] | time/                   |            |
[train_ppo-6] |    fps                  | 8          |
[train_ppo-6] |    iterations           | 175        |
[train_ppo-6] |    time_elapsed         | 20516      |
[train_ppo-6] |    total_timesteps      | 179200     |
[train_ppo-6] | train/                  |            |
[train_ppo-6] |    approx_kl            | 0.10623061 |
[train_ppo-6] |    clip_fraction        | 0.466      |
[train_ppo-6] |    clip_range           | 0.2        |
[train_ppo-6] |    clip_range_vf        | 0.2        |
[train_ppo-6] |    entropy_loss         | 0.705      |
[train_ppo-6] |    explained_variance   | 0.0528     |
[train_ppo-6] |    learning_rate        | 0.000283   |
[train_ppo-6] |    loss                 | 0.14       |
[train_ppo-6] |    n_updates            | 1493       |
[train_ppo-6] |    policy_gradient_loss | -0.0391    |
[train_ppo-6] |    std                  | 0.17       |
[train_ppo-6] |    value_loss           | 0.148      |
[train_ppo-6] ----------------------------------------
[train_ppo-6] PPO progress: 180000/2500000 (7%) | ep_rew_mean=765.85 | ep_len_mean=738 | episodes=100 | fps=8
[train_ppo-6] ----------------------------------------
[train_ppo-6] | rollout/                |            |
[train_ppo-6] |    ep_len_mean          | 738        |
[train_ppo-6] |    ep_rew_mean          | 766        |
[train_ppo-6] | time/                   |            |
[train_ppo-6] |    fps                  | 8          |
[train_ppo-6] |    iterations           | 176        |
[train_ppo-6] |    time_elapsed         | 20632      |
[train_ppo-6] |    total_timesteps      | 180224     |
[train_ppo-6] | train/                  |            |
[train_ppo-6] |    approx_kl            | 0.13412559 |
[train_ppo-6] |    clip_fraction        | 0.492      |
[train_ppo-6] |    clip_range           | 0.2        |
[train_ppo-6] |    clip_range_vf        | 0.2        |
[train_ppo-6] |    entropy_loss         | 0.715      |
[train_ppo-6] |    explained_variance   | 0.129      |
[train_ppo-6] |    learning_rate        | 0.000283   |
[train_ppo-6] |    loss                 | 0.055      |
[train_ppo-6] |    n_updates            | 1503       |
[train_ppo-6] |    policy_gradient_loss | -0.0378    |
[train_ppo-6] |    std                  | 0.168      |
[train_ppo-6] |    value_loss           | 0.178      |
[train_ppo-6] ----------------------------------------
[train_ppo-6] PPO progress: 181000/2500000 (7%) | ep_rew_mean=765.85 | ep_len_mean=738 | episodes=100 | fps=8
[train_ppo-6] ----------------------------------------
[train_ppo-6] | rollout/                |            |
[train_ppo-6] |    ep_len_mean          | 755        |
[train_ppo-6] |    ep_rew_mean          | 785        |
[train_ppo-6] | time/                   |            |
[train_ppo-6] |    fps                  | 8          |
[train_ppo-6] |    iterations           | 177        |
[train_ppo-6] |    time_elapsed         | 20749      |
[train_ppo-6] |    total_timesteps      | 181248     |
[train_ppo-6] | train/                  |            |
[train_ppo-6] |    approx_kl            | 0.33147174 |
[train_ppo-6] |    clip_fraction        | 0.628      |
[train_ppo-6] |    clip_range           | 0.2        |
[train_ppo-6] |    clip_range_vf        | 0.2        |
[train_ppo-6] |    entropy_loss         | 0.723      |
[train_ppo-6] |    explained_variance   | 0.483      |
[train_ppo-6] |    learning_rate        | 0.000283   |
[train_ppo-6] |    loss                 | -0.0864    |
[train_ppo-6] |    n_updates            | 1513       |
[train_ppo-6] |    policy_gradient_loss | -0.0494    |
[train_ppo-6] |    std                  | 0.169      |
[train_ppo-6] |    value_loss           | 0.0168     |
[train_ppo-6] ----------------------------------------
[train_ppo-6] Early stopping at step 5 due to reaching max kl: 0.83
[train_ppo-6] PPO progress: 182000/2500000 (7%) | ep_rew_mean=784.96 | ep_len_mean=755 | episodes=100 | fps=8
[train_ppo-6] ---------------------------------------
[train_ppo-6] | rollout/                |           |
[train_ppo-6] |    ep_len_mean          | 755       |
[train_ppo-6] |    ep_rew_mean          | 785       |
[train_ppo-6] | time/                   |           |
[train_ppo-6] |    fps                  | 8         |
[train_ppo-6] |    iterations           | 178       |
[train_ppo-6] |    time_elapsed         | 20866     |
[train_ppo-6] |    total_timesteps      | 182272    |
[train_ppo-6] | train/                  |           |
[train_ppo-6] |    approx_kl            | 0.2721311 |
[train_ppo-6] |    clip_fraction        | 0.487     |
[train_ppo-6] |    clip_range           | 0.2       |
[train_ppo-6] |    clip_range_vf        | 0.2       |
[train_ppo-6] |    entropy_loss         | 0.724     |
[train_ppo-6] |    explained_variance   | 0.549     |
[train_ppo-6] |    learning_rate        | 0.000283  |
[train_ppo-6] |    loss                 | -0.0296   |
[train_ppo-6] |    n_updates            | 1519      |
[train_ppo-6] |    policy_gradient_loss | -0.0305   |
[train_ppo-6] |    std                  | 0.169     |
[train_ppo-6] |    value_loss           | 0.0773    |
[train_ppo-6] ---------------------------------------
[train_ppo-6] PPO progress: 183000/2500000 (7%) | ep_rew_mean=784.96 | ep_len_mean=755 | episodes=100 | fps=8
[train_ppo-6] ---------------------------------------
[train_ppo-6] | rollout/                |           |
[train_ppo-6] |    ep_len_mean          | 755       |
[train_ppo-6] |    ep_rew_mean          | 788       |
[train_ppo-6] | time/                   |           |
[train_ppo-6] |    fps                  | 8         |
[train_ppo-6] |    iterations           | 179       |
[train_ppo-6] |    time_elapsed         | 20983     |
[train_ppo-6] |    total_timesteps      | 183296    |
[train_ppo-6] | train/                  |           |
[train_ppo-6] |    approx_kl            | 0.1439907 |
[train_ppo-6] |    clip_fraction        | 0.526     |
[train_ppo-6] |    clip_range           | 0.2       |
[train_ppo-6] |    clip_range_vf        | 0.2       |
[train_ppo-6] |    entropy_loss         | 0.737     |
[train_ppo-6] |    explained_variance   | 0.475     |
[train_ppo-6] |    learning_rate        | 0.000283  |
[train_ppo-6] |    loss                 | -0.0734   |
[train_ppo-6] |    n_updates            | 1529      |
[train_ppo-6] |    policy_gradient_loss | -0.0663   |
[train_ppo-6] |    std                  | 0.166     |
[train_ppo-6] |    value_loss           | 0.00469   |
[train_ppo-6] ---------------------------------------
[train_ppo-6] PPO progress: 184000/2500000 (7%) | ep_rew_mean=764.29 | ep_len_mean=729 | episodes=100 | fps=8
[train_ppo-6] ----------------------------------------
[train_ppo-6] | rollout/                |            |
[train_ppo-6] |    ep_len_mean          | 712        |
[train_ppo-6] |    ep_rew_mean          | 749        |
[train_ppo-6] | time/                   |            |
[train_ppo-6] |    fps                  | 8          |
[train_ppo-6] |    iterations           | 180        |
[train_ppo-6] |    time_elapsed         | 21109      |
[train_ppo-6] |    total_timesteps      | 184320     |
[train_ppo-6] | train/                  |            |
[train_ppo-6] |    approx_kl            | 0.11692044 |
[train_ppo-6] |    clip_fraction        | 0.464      |
[train_ppo-6] |    clip_range           | 0.2        |
[train_ppo-6] |    clip_range_vf        | 0.2        |
[train_ppo-6] |    entropy_loss         | 0.763      |
[train_ppo-6] |    explained_variance   | 0.154      |
[train_ppo-6] |    learning_rate        | 0.000282   |
[train_ppo-6] |    loss                 | 0.00462    |
[train_ppo-6] |    n_updates            | 1539       |
[train_ppo-6] |    policy_gradient_loss | -0.0337    |
[train_ppo-6] |    std                  | 0.164      |
[train_ppo-6] |    value_loss           | 0.0694     |
[train_ppo-6] ----------------------------------------
[train_ppo-6] Early stopping at step 4 due to reaching max kl: 0.88
[train_ppo-6] PPO progress: 185000/2500000 (7%) | ep_rew_mean=748.52 | ep_len_mean=712 | episodes=100 | fps=8
[train_ppo-6] ----------------------------------------
[train_ppo-6] | rollout/                |            |
[train_ppo-6] |    ep_len_mean          | 712        |
[train_ppo-6] |    ep_rew_mean          | 749        |
[train_ppo-6] | time/                   |            |
[train_ppo-6] |    fps                  | 8          |
[train_ppo-6] |    iterations           | 181        |
[train_ppo-6] |    time_elapsed         | 21226      |
[train_ppo-6] |    total_timesteps      | 185344     |
[train_ppo-6] | train/                  |            |
[train_ppo-6] |    approx_kl            | 0.40947312 |
[train_ppo-6] |    clip_fraction        | 0.485      |
[train_ppo-6] |    clip_range           | 0.2        |
[train_ppo-6] |    clip_range_vf        | 0.2        |
[train_ppo-6] |    entropy_loss         | 0.786      |
[train_ppo-6] |    explained_variance   | 0.594      |
[train_ppo-6] |    learning_rate        | 0.000282   |
[train_ppo-6] |    loss                 | 0.00898    |
[train_ppo-6] |    n_updates            | 1544       |
[train_ppo-6] |    policy_gradient_loss | -0.0389    |
[train_ppo-6] |    std                  | 0.164      |
[train_ppo-6] |    value_loss           | 0.29       |
[train_ppo-6] ----------------------------------------
[train_ppo-6] PPO progress: 186000/2500000 (7%) | ep_rew_mean=760.98 | ep_len_mean=723 | episodes=100 | fps=8
[train_ppo-6] ----------------------------------------
[train_ppo-6] | rollout/                |            |
[train_ppo-6] |    ep_len_mean          | 723        |
[train_ppo-6] |    ep_rew_mean          | 761        |
[train_ppo-6] | time/                   |            |
[train_ppo-6] |    fps                  | 8          |
[train_ppo-6] |    iterations           | 182        |
[train_ppo-6] |    time_elapsed         | 21344      |
[train_ppo-6] |    total_timesteps      | 186368     |
[train_ppo-6] | train/                  |            |
[train_ppo-6] |    approx_kl            | 0.37107402 |
[train_ppo-6] |    clip_fraction        | 0.653      |
[train_ppo-6] |    clip_range           | 0.2        |
[train_ppo-6] |    clip_range_vf        | 0.2        |
[train_ppo-6] |    entropy_loss         | 0.793      |
[train_ppo-6] |    explained_variance   | 0.467      |
[train_ppo-6] |    learning_rate        | 0.000282   |
[train_ppo-6] |    loss                 | -0.124     |
[train_ppo-6] |    n_updates            | 1554       |
[train_ppo-6] |    policy_gradient_loss | -0.078     |
[train_ppo-6] |    std                  | 0.162      |
[train_ppo-6] |    value_loss           | 0.00466    |
[train_ppo-6] ----------------------------------------
[train_ppo-6] PPO progress: 187000/2500000 (7%) | ep_rew_mean=760.98 | ep_len_mean=723 | episodes=100 | fps=8
[train_ppo-6] ----------------------------------------
[train_ppo-6] | rollout/                |            |
[train_ppo-6] |    ep_len_mean          | 723        |
[train_ppo-6] |    ep_rew_mean          | 761        |
[train_ppo-6] | time/                   |            |
[train_ppo-6] |    fps                  | 8          |
[train_ppo-6] |    iterations           | 183        |
[train_ppo-6] |    time_elapsed         | 21460      |
[train_ppo-6] |    total_timesteps      | 187392     |
[train_ppo-6] | train/                  |            |
[train_ppo-6] |    approx_kl            | 0.27964666 |
[train_ppo-6] |    clip_fraction        | 0.541      |
[train_ppo-6] |    clip_range           | 0.2        |
[train_ppo-6] |    clip_range_vf        | 0.2        |
[train_ppo-6] |    entropy_loss         | 0.824      |
[train_ppo-6] |    explained_variance   | 0.651      |
[train_ppo-6] |    learning_rate        | 0.000282   |
[train_ppo-6] |    loss                 | -0.00303   |
[train_ppo-6] |    n_updates            | 1564       |
[train_ppo-6] |    policy_gradient_loss | -0.0648    |
[train_ppo-6] |    std                  | 0.158      |
[train_ppo-6] |    value_loss           | 0.157      |
[train_ppo-6] ----------------------------------------
[train_ppo-6] PPO progress: 188000/2500000 (8%) | ep_rew_mean=777.68 | ep_len_mean=735 | episodes=100 | fps=8
[train_ppo-6] ----------------------------------------
[train_ppo-6] | rollout/                |            |
[train_ppo-6] |    ep_len_mean          | 735        |
[train_ppo-6] |    ep_rew_mean          | 778        |
[train_ppo-6] | time/                   |            |
[train_ppo-6] |    fps                  | 8          |
[train_ppo-6] |    iterations           | 184        |
[train_ppo-6] |    time_elapsed         | 21580      |
[train_ppo-6] |    total_timesteps      | 188416     |
[train_ppo-6] | train/                  |            |
[train_ppo-6] |    approx_kl            | 0.16445765 |
[train_ppo-6] |    clip_fraction        | 0.54       |
[train_ppo-6] |    clip_range           | 0.2        |
[train_ppo-6] |    clip_range_vf        | 0.2        |
[train_ppo-6] |    entropy_loss         | 0.863      |
[train_ppo-6] |    explained_variance   | 0.25       |
[train_ppo-6] |    learning_rate        | 0.000282   |
[train_ppo-6] |    loss                 | -0.106     |
[train_ppo-6] |    n_updates            | 1574       |
[train_ppo-6] |    policy_gradient_loss | -0.0792    |
[train_ppo-6] |    std                  | 0.157      |
[train_ppo-6] |    value_loss           | 0.0022     |
[train_ppo-6] ----------------------------------------
[train_ppo-6] Early stopping at step 3 due to reaching max kl: 2.44
[train_ppo-6] PPO progress: 189000/2500000 (8%) | ep_rew_mean=777.68 | ep_len_mean=735 | episodes=100 | fps=8
[train_ppo-6] ---------------------------------------
[train_ppo-6] | rollout/                |           |
[train_ppo-6] |    ep_len_mean          | 735       |
[train_ppo-6] |    ep_rew_mean          | 778       |
[train_ppo-6] | time/                   |           |
[train_ppo-6] |    fps                  | 8         |
[train_ppo-6] |    iterations           | 185       |
[train_ppo-6] |    time_elapsed         | 21696     |
[train_ppo-6] |    total_timesteps      | 189440    |
[train_ppo-6] | train/                  |           |
[train_ppo-6] |    approx_kl            | 0.6445745 |
[train_ppo-6] |    clip_fraction        | 0.476     |
[train_ppo-6] |    clip_range           | 0.2       |
[train_ppo-6] |    clip_range_vf        | 0.2       |
[train_ppo-6] |    entropy_loss         | 0.873     |
[train_ppo-6] |    explained_variance   | 0.71      |
[train_ppo-6] |    learning_rate        | 0.000282  |
[train_ppo-6] |    loss                 | -0.0643   |
[train_ppo-6] |    n_updates            | 1578      |
[train_ppo-6] |    policy_gradient_loss | -0.02     |
[train_ppo-6] |    std                  | 0.157     |
[train_ppo-6] |    value_loss           | 0.00802   |
[train_ppo-6] ---------------------------------------
[train_ppo-6] PPO progress: 190000/2500000 (8%) | ep_rew_mean=777.68 | ep_len_mean=735 | episodes=100 | fps=8
[train_ppo-6] ----------------------------------------
[train_ppo-6] | rollout/                |            |
[train_ppo-6] |    ep_len_mean          | 735        |
[train_ppo-6] |    ep_rew_mean          | 781        |
[train_ppo-6] | time/                   |            |
[train_ppo-6] |    fps                  | 8          |
[train_ppo-6] |    iterations           | 186        |
[train_ppo-6] |    time_elapsed         | 21815      |
[train_ppo-6] |    total_timesteps      | 190464     |
[train_ppo-6] | train/                  |            |
[train_ppo-6] |    approx_kl            | 0.42754954 |
[train_ppo-6] |    clip_fraction        | 0.622      |
[train_ppo-6] |    clip_range           | 0.2        |
[train_ppo-6] |    clip_range_vf        | 0.2        |
[train_ppo-6] |    entropy_loss         | 0.88       |
[train_ppo-6] |    explained_variance   | 0.0616     |
[train_ppo-6] |    learning_rate        | 0.000282   |
[train_ppo-6] |    loss                 | -0.117     |
[train_ppo-6] |    n_updates            | 1588       |
[train_ppo-6] |    policy_gradient_loss | -0.0877    |
[train_ppo-6] |    std                  | 0.154      |
[train_ppo-6] |    value_loss           | 0.00521    |
[train_ppo-6] ----------------------------------------
[train_ppo-6] Early stopping at step 5 due to reaching max kl: 0.84
[train_ppo-6] PPO progress: 191000/2500000 (8%) | ep_rew_mean=780.81 | ep_len_mean=735 | episodes=100 | fps=8
[train_ppo-6] ----------------------------------------
[train_ppo-6] | rollout/                |            |
[train_ppo-6] |    ep_len_mean          | 735        |
[train_ppo-6] |    ep_rew_mean          | 781        |
[train_ppo-6] | time/                   |            |
[train_ppo-6] |    fps                  | 8          |
[train_ppo-6] |    iterations           | 187        |
[train_ppo-6] |    time_elapsed         | 21932      |
[train_ppo-6] |    total_timesteps      | 191488     |
[train_ppo-6] | train/                  |            |
[train_ppo-6] |    approx_kl            | 0.30406377 |
[train_ppo-6] |    clip_fraction        | 0.549      |
[train_ppo-6] |    clip_range           | 0.2        |
[train_ppo-6] |    clip_range_vf        | 0.2        |
[train_ppo-6] |    entropy_loss         | 0.912      |
[train_ppo-6] |    explained_variance   | 0.619      |
[train_ppo-6] |    learning_rate        | 0.000282   |
[train_ppo-6] |    loss                 | -0.0801    |
[train_ppo-6] |    n_updates            | 1594       |
[train_ppo-6] |    policy_gradient_loss | -0.0566    |
[train_ppo-6] |    std                  | 0.153      |
[train_ppo-6] |    value_loss           | 0.00996    |
[train_ppo-6] ----------------------------------------
[train_ppo-6] PPO progress: 192000/2500000 (8%) | ep_rew_mean=780.81 | ep_len_mean=735 | episodes=100 | fps=8
[train_ppo-6] ----------------------------------------
[train_ppo-6] | rollout/                |            |
[train_ppo-6] |    ep_len_mean          | 756        |
[train_ppo-6] |    ep_rew_mean          | 804        |
[train_ppo-6] | time/                   |            |
[train_ppo-6] |    fps                  | 8          |
[train_ppo-6] |    iterations           | 188        |
[train_ppo-6] |    time_elapsed         | 22051      |
[train_ppo-6] |    total_timesteps      | 192512     |
[train_ppo-6] | train/                  |            |
[train_ppo-6] |    approx_kl            | 0.27210498 |
[train_ppo-6] |    clip_fraction        | 0.589      |
[train_ppo-6] |    clip_range           | 0.2        |
[train_ppo-6] |    clip_range_vf        | 0.2        |
[train_ppo-6] |    entropy_loss         | 0.93       |
[train_ppo-6] |    explained_variance   | -0.699     |
[train_ppo-6] |    learning_rate        | 0.000282   |
[train_ppo-6] |    loss                 | -0.11      |
[train_ppo-6] |    n_updates            | 1604       |
[train_ppo-6] |    policy_gradient_loss | -0.0804    |
[train_ppo-6] |    std                  | 0.151      |
[train_ppo-6] |    value_loss           | 0.00322    |
[train_ppo-6] ----------------------------------------
[train_ppo-6] Early stopping at step 3 due to reaching max kl: 1.07
[train_ppo-6] PPO progress: 193000/2500000 (8%) | ep_rew_mean=804.20 | ep_len_mean=756 | episodes=100 | fps=8
[train_ppo-6] ----------------------------------------
[train_ppo-6] | rollout/                |            |
[train_ppo-6] |    ep_len_mean          | 756        |
[train_ppo-6] |    ep_rew_mean          | 804        |
[train_ppo-6] | time/                   |            |
[train_ppo-6] |    fps                  | 8          |
[train_ppo-6] |    iterations           | 189        |
[train_ppo-6] |    time_elapsed         | 22168      |
[train_ppo-6] |    total_timesteps      | 193536     |
[train_ppo-6] | train/                  |            |
[train_ppo-6] |    approx_kl            | 0.43533716 |
[train_ppo-6] |    clip_fraction        | 0.536      |
[train_ppo-6] |    clip_range           | 0.2        |
[train_ppo-6] |    clip_range_vf        | 0.2        |
[train_ppo-6] |    entropy_loss         | 0.955      |
[train_ppo-6] |    explained_variance   | 0.375      |
[train_ppo-6] |    learning_rate        | 0.000282   |
[train_ppo-6] |    loss                 | -0.0398    |
[train_ppo-6] |    n_updates            | 1608       |
[train_ppo-6] |    policy_gradient_loss | -0.0147    |
[train_ppo-6] |    std                  | 0.15       |
[train_ppo-6] |    value_loss           | 0.0136     |
[train_ppo-6] ----------------------------------------
[train_ppo-6] Early stopping at step 2 due to reaching max kl: 0.80
[train_ppo-6] PPO progress: 194000/2500000 (8%) | ep_rew_mean=804.20 | ep_len_mean=756 | episodes=100 | fps=8
[train_ppo-6] ---------------------------------------
[train_ppo-6] | rollout/                |           |
[train_ppo-6] |    ep_len_mean          | 756       |
[train_ppo-6] |    ep_rew_mean          | 807       |
[train_ppo-6] | time/                   |           |
[train_ppo-6] |    fps                  | 8         |
[train_ppo-6] |    iterations           | 190       |
[train_ppo-6] |    time_elapsed         | 22284     |
[train_ppo-6] |    total_timesteps      | 194560    |
[train_ppo-6] | train/                  |           |
[train_ppo-6] |    approx_kl            | 0.7979183 |
[train_ppo-6] |    clip_fraction        | 0.5       |
[train_ppo-6] |    clip_range           | 0.2       |
[train_ppo-6] |    clip_range_vf        | 0.2       |
[train_ppo-6] |    entropy_loss         | 0.956     |
[train_ppo-6] |    explained_variance   | -1.77     |
[train_ppo-6] |    learning_rate        | 0.000281  |
[train_ppo-6] |    loss                 | -0.0254   |
[train_ppo-6] |    n_updates            | 1611      |
[train_ppo-6] |    policy_gradient_loss | 0.00494   |
[train_ppo-6] |    std                  | 0.151     |
[train_ppo-6] |    value_loss           | 0.00731   |
[train_ppo-6] ---------------------------------------
[train_ppo-6] Early stopping at step 2 due to reaching max kl: 0.75
[train_ppo-6] PPO progress: 195000/2500000 (8%) | ep_rew_mean=792.56 | ep_len_mean=741 | episodes=100 | fps=8
[train_ppo-6] ----------------------------------------
[train_ppo-6] | rollout/                |            |
[train_ppo-6] |    ep_len_mean          | 704        |
[train_ppo-6] |    ep_rew_mean          | 758        |
[train_ppo-6] | time/                   |            |
[train_ppo-6] |    fps                  | 8          |
[train_ppo-6] |    iterations           | 191        |
[train_ppo-6] |    time_elapsed         | 22408      |
[train_ppo-6] |    total_timesteps      | 195584     |
[train_ppo-6] | train/                  |            |
[train_ppo-6] |    approx_kl            | 0.39198416 |
[train_ppo-6] |    clip_fraction        | 0.487      |
[train_ppo-6] |    clip_range           | 0.2        |
[train_ppo-6] |    clip_range_vf        | 0.2        |
[train_ppo-6] |    entropy_loss         | 0.952      |
[train_ppo-6] |    explained_variance   | -0.492     |
[train_ppo-6] |    learning_rate        | 0.000281   |
[train_ppo-6] |    loss                 | -0.0358    |
[train_ppo-6] |    n_updates            | 1614       |
[train_ppo-6] |    policy_gradient_loss | 0.00234    |
[train_ppo-6] |    std                  | 0.151      |
[train_ppo-6] |    value_loss           | 0.00822    |
[train_ppo-6] ----------------------------------------
[train_ppo-6] Early stopping at step 2 due to reaching max kl: 1.11
[train_ppo-6] PPO progress: 196000/2500000 (8%) | ep_rew_mean=740.70 | ep_len_mean=686 | episodes=100 | fps=8
[train_ppo-6] ----------------------------------------
[train_ppo-6] | rollout/                |            |
[train_ppo-6] |    ep_len_mean          | 676        |
[train_ppo-6] |    ep_rew_mean          | 731        |
[train_ppo-6] | time/                   |            |
[train_ppo-6] |    fps                  | 8          |
[train_ppo-6] |    iterations           | 192        |
[train_ppo-6] |    time_elapsed         | 22525      |
[train_ppo-6] |    total_timesteps      | 196608     |
[train_ppo-6] | train/                  |            |
[train_ppo-6] |    approx_kl            | 0.35078532 |
[train_ppo-6] |    clip_fraction        | 0.421      |
[train_ppo-6] |    clip_range           | 0.2        |
[train_ppo-6] |    clip_range_vf        | 0.2        |
[train_ppo-6] |    entropy_loss         | 0.947      |
[train_ppo-6] |    explained_variance   | 0.26       |
[train_ppo-6] |    learning_rate        | 0.000281   |
[train_ppo-6] |    loss                 | 0.231      |
[train_ppo-6] |    n_updates            | 1617       |
[train_ppo-6] |    policy_gradient_loss | -0.019     |
[train_ppo-6] |    std                  | 0.151      |
[train_ppo-6] |    value_loss           | 0.339      |
[train_ppo-6] ----------------------------------------
[train_ppo-6] PPO progress: 197000/2500000 (8%) | ep_rew_mean=731.18 | ep_len_mean=676 | episodes=100 | fps=8
[train_ppo-6] ----------------------------------------
[train_ppo-6] | rollout/                |            |
[train_ppo-6] |    ep_len_mean          | 676        |
[train_ppo-6] |    ep_rew_mean          | 731        |
[train_ppo-6] | time/                   |            |
[train_ppo-6] |    fps                  | 8          |
[train_ppo-6] |    iterations           | 193        |
[train_ppo-6] |    time_elapsed         | 22641      |
[train_ppo-6] |    total_timesteps      | 197632     |
[train_ppo-6] | train/                  |            |
[train_ppo-6] |    approx_kl            | 0.13841838 |
[train_ppo-6] |    clip_fraction        | 0.474      |
[train_ppo-6] |    clip_range           | 0.2        |
[train_ppo-6] |    clip_range_vf        | 0.2        |
[train_ppo-6] |    entropy_loss         | 0.947      |
[train_ppo-6] |    explained_variance   | 0.203      |
[train_ppo-6] |    learning_rate        | 0.000281   |
[train_ppo-6] |    loss                 | 0.0162     |
[train_ppo-6] |    n_updates            | 1627       |
[train_ppo-6] |    policy_gradient_loss | -0.0454    |
[train_ppo-6] |    std                  | 0.149      |
[train_ppo-6] |    value_loss           | 0.153      |
[train_ppo-6] ----------------------------------------
[train_ppo-6] PPO progress: 198000/2500000 (8%) | ep_rew_mean=752.84 | ep_len_mean=695 | episodes=100 | fps=8
[train_ppo-6] ----------------------------------------
[train_ppo-6] | rollout/                |            |
[train_ppo-6] |    ep_len_mean          | 676        |
[train_ppo-6] |    ep_rew_mean          | 734        |
[train_ppo-6] | time/                   |            |
[train_ppo-6] |    fps                  | 8          |
[train_ppo-6] |    iterations           | 194        |
[train_ppo-6] |    time_elapsed         | 22759      |
[train_ppo-6] |    total_timesteps      | 198656     |
[train_ppo-6] | train/                  |            |
[train_ppo-6] |    approx_kl            | 0.17454901 |
[train_ppo-6] |    clip_fraction        | 0.545      |
[train_ppo-6] |    clip_range           | 0.2        |
[train_ppo-6] |    clip_range_vf        | 0.2        |
[train_ppo-6] |    entropy_loss         | 0.981      |
[train_ppo-6] |    explained_variance   | 0.35       |
[train_ppo-6] |    learning_rate        | 0.000281   |
[train_ppo-6] |    loss                 | -0.0708    |
[train_ppo-6] |    n_updates            | 1637       |
[train_ppo-6] |    policy_gradient_loss | -0.0728    |
[train_ppo-6] |    std                  | 0.147      |
[train_ppo-6] |    value_loss           | 0.00289    |
[train_ppo-6] ----------------------------------------
[train_ppo-6] Early stopping at step 9 due to reaching max kl: 0.83
[train_ppo-6] PPO progress: 199000/2500000 (8%) | ep_rew_mean=734.27 | ep_len_mean=676 | episodes=100 | fps=8
[train_ppo-6] ----------------------------------------
[train_ppo-6] | rollout/                |            |
[train_ppo-6] |    ep_len_mean          | 676        |
[train_ppo-6] |    ep_rew_mean          | 734        |
[train_ppo-6] | time/                   |            |
[train_ppo-6] |    fps                  | 8          |
[train_ppo-6] |    iterations           | 195        |
[train_ppo-6] |    time_elapsed         | 22875      |
[train_ppo-6] |    total_timesteps      | 199680     |
[train_ppo-6] | train/                  |            |
[train_ppo-6] |    approx_kl            | 0.32872024 |
[train_ppo-6] |    clip_fraction        | 0.517      |
[train_ppo-6] |    clip_range           | 0.2        |
[train_ppo-6] |    clip_range_vf        | 0.2        |
[train_ppo-6] |    entropy_loss         | 1          |
[train_ppo-6] |    explained_variance   | 0.469      |
[train_ppo-6] |    learning_rate        | 0.000281   |
[train_ppo-6] |    loss                 | -0.0357    |
[train_ppo-6] |    n_updates            | 1647       |
[train_ppo-6] |    policy_gradient_loss | -0.0538    |
[train_ppo-6] |    std                  | 0.146      |
[train_ppo-6] |    value_loss           | 0.17       |
[train_ppo-6] ----------------------------------------
[train_ppo-6] PPO progress: 200000/2500000 (8%) | ep_rew_mean=734.27 | ep_len_mean=676 | episodes=100 | fps=8
[gazebo-2] NodeShared::RecvSrvRequest() error sending response: Host unreachable
[train_ppo-6] [WARN] [1787242120.144990781] [cobraflex_rl_interface]: Gazebo service call failed for /world/lane_following_complex_b/set_pose: Service call timed out
[gazebo-2] NodeShared::RecvSrvRequest() error sending response: Host unreachable
[train_ppo-6] [WARN] [1787242126.825805080] [cobraflex_rl_interface]: Gazebo service call failed for /world/lane_following_complex_b/set_pose: Service call timed out
[train_ppo-6] ----------------------------------------
[train_ppo-6] | rollout/                |            |
[train_ppo-6] |    ep_len_mean          | 679        |
[train_ppo-6] |    ep_rew_mean          | 741        |
[train_ppo-6] | time/                   |            |
[train_ppo-6] |    fps                  | 8          |
[train_ppo-6] |    iterations           | 196        |
[train_ppo-6] |    time_elapsed         | 23003      |
[train_ppo-6] |    total_timesteps      | 200704     |
[train_ppo-6] | train/                  |            |
[train_ppo-6] |    approx_kl            | 0.32622093 |
[train_ppo-6] |    clip_fraction        | 0.607      |
[train_ppo-6] |    clip_range           | 0.2        |
[train_ppo-6] |    clip_range_vf        | 0.2        |
[train_ppo-6] |    entropy_loss         | 1.03       |
[train_ppo-6] |    explained_variance   | -1.75      |
[train_ppo-6] |    learning_rate        | 0.000281   |
[train_ppo-6] |    loss                 | -0.104     |
[train_ppo-6] |    n_updates            | 1657       |
[train_ppo-6] |    policy_gradient_loss | -0.0776    |
[train_ppo-6] |    std                  | 0.144      |
[train_ppo-6] |    value_loss           | 0.00386    |
[train_ppo-6] ----------------------------------------
[train_ppo-6] Early stopping at step 3 due to reaching max kl: 2.08
[train_ppo-6] PPO progress: 201000/2500000 (8%) | ep_rew_mean=740.72 | ep_len_mean=679 | episodes=100 | fps=8
[train_ppo-6] ---------------------------------------
[train_ppo-6] | rollout/                |           |
[train_ppo-6] |    ep_len_mean          | 656       |
[train_ppo-6] |    ep_rew_mean          | 717       |
[train_ppo-6] | time/                   |           |
[train_ppo-6] |    fps                  | 8         |
[train_ppo-6] |    iterations           | 197       |
[train_ppo-6] |    time_elapsed         | 23124     |
[train_ppo-6] |    total_timesteps      | 201728    |
[train_ppo-6] | train/                  |           |
[train_ppo-6] |    approx_kl            | 0.4917625 |
[train_ppo-6] |    clip_fraction        | 0.558     |
[train_ppo-6] |    clip_range           | 0.2       |
[train_ppo-6] |    clip_range_vf        | 0.2       |
[train_ppo-6] |    entropy_loss         | 1.05      |
[train_ppo-6] |    explained_variance   | 0.743     |
[train_ppo-6] |    learning_rate        | 0.000281  |
[train_ppo-6] |    loss                 | 0.0532    |
[train_ppo-6] |    n_updates            | 1661      |
[train_ppo-6] |    policy_gradient_loss | -0.0154   |
[train_ppo-6] |    std                  | 0.144     |
[train_ppo-6] |    value_loss           | 0.0555    |
[train_ppo-6] ---------------------------------------
[train_ppo-6] Early stopping at step 1 due to reaching max kl: 1.28
[train_ppo-6] PPO progress: 202000/2500000 (8%) | ep_rew_mean=718.77 | ep_len_mean=657 | episodes=100 | fps=8
[train_ppo-6] ---------------------------------------
[train_ppo-6] | rollout/                |           |
[train_ppo-6] |    ep_len_mean          | 654       |
[train_ppo-6] |    ep_rew_mean          | 717       |
[train_ppo-6] | time/                   |           |
[train_ppo-6] |    fps                  | 8         |
[train_ppo-6] |    iterations           | 198       |
[train_ppo-6] |    time_elapsed         | 23243     |
[train_ppo-6] |    total_timesteps      | 202752    |
[train_ppo-6] | train/                  |           |
[train_ppo-6] |    approx_kl            | 0.4528719 |
[train_ppo-6] |    clip_fraction        | 0.401     |
[train_ppo-6] |    clip_range           | 0.2       |
[train_ppo-6] |    clip_range_vf        | 0.2       |
[train_ppo-6] |    entropy_loss         | 1.05      |
[train_ppo-6] |    explained_variance   | 0.706     |
[train_ppo-6] |    learning_rate        | 0.000281  |
[train_ppo-6] |    loss                 | 0.0316    |
[train_ppo-6] |    n_updates            | 1663      |
[train_ppo-6] |    policy_gradient_loss | 0.0144    |
[train_ppo-6] |    std                  | 0.144     |
[train_ppo-6] |    value_loss           | 0.215     |
[train_ppo-6] ---------------------------------------
[train_ppo-6] Early stopping at step 1 due to reaching max kl: 0.96
[train_ppo-6] PPO progress: 203000/2500000 (8%) | ep_rew_mean=713.29 | ep_len_mean=650 | episodes=100 | fps=8
[train_ppo-6] ----------------------------------------
[train_ppo-6] | rollout/                |            |
[train_ppo-6] |    ep_len_mean          | 650        |
[train_ppo-6] |    ep_rew_mean          | 713        |
[train_ppo-6] | time/                   |            |
[train_ppo-6] |    fps                  | 8          |
[train_ppo-6] |    iterations           | 199        |
[train_ppo-6] |    time_elapsed         | 23363      |
[train_ppo-6] |    total_timesteps      | 203776     |
[train_ppo-6] | train/                  |            |
[train_ppo-6] |    approx_kl            | 0.38686684 |
[train_ppo-6] |    clip_fraction        | 0.482      |
[train_ppo-6] |    clip_range           | 0.2        |
[train_ppo-6] |    clip_range_vf        | 0.2        |
[train_ppo-6] |    entropy_loss         | 1.05       |
[train_ppo-6] |    explained_variance   | 0.237      |
[train_ppo-6] |    learning_rate        | 0.000281   |
[train_ppo-6] |    loss                 | 0.205      |
[train_ppo-6] |    n_updates            | 1665       |
[train_ppo-6] |    policy_gradient_loss | 0.0161     |
[train_ppo-6] |    std                  | 0.144      |
[train_ppo-6] |    value_loss           | 0.173      |
[train_ppo-6] ----------------------------------------
[train_ppo-6] PPO progress: 204000/2500000 (8%) | ep_rew_mean=713.29 | ep_len_mean=650 | episodes=100 | fps=8
[train_ppo-6] ----------------------------------------
[train_ppo-6] | rollout/                |            |
[train_ppo-6] |    ep_len_mean          | 650        |
[train_ppo-6] |    ep_rew_mean          | 713        |
[train_ppo-6] | time/                   |            |
[train_ppo-6] |    fps                  | 8          |
[train_ppo-6] |    iterations           | 200        |
[train_ppo-6] |    time_elapsed         | 23479      |
[train_ppo-6] |    total_timesteps      | 204800     |
[train_ppo-6] | train/                  |            |
[train_ppo-6] |    approx_kl            | 0.18853006 |
[train_ppo-6] |    clip_fraction        | 0.457      |
[train_ppo-6] |    clip_range           | 0.2        |
[train_ppo-6] |    clip_range_vf        | 0.2        |
[train_ppo-6] |    entropy_loss         | 1.05       |
[train_ppo-6] |    explained_variance   | 0.665      |
[train_ppo-6] |    learning_rate        | 0.00028    |
[train_ppo-6] |    loss                 | 0.0553     |
[train_ppo-6] |    n_updates            | 1675       |
[train_ppo-6] |    policy_gradient_loss | -0.0332    |
[train_ppo-6] |    std                  | 0.143      |
[train_ppo-6] |    value_loss           | 0.0549     |
[train_ppo-6] ----------------------------------------
[train_ppo-6] PPO progress: 205000/2500000 (8%) | ep_rew_mean=694.09 | ep_len_mean=628 | episodes=100 | fps=8
[train_ppo-6] ----------------------------------------
[train_ppo-6] | rollout/                |            |
[train_ppo-6] |    ep_len_mean          | 628        |
[train_ppo-6] |    ep_rew_mean          | 694        |
[train_ppo-6] | time/                   |            |
[train_ppo-6] |    fps                  | 8          |
[train_ppo-6] |    iterations           | 201        |
[train_ppo-6] |    time_elapsed         | 23601      |
[train_ppo-6] |    total_timesteps      | 205824     |
[train_ppo-6] | train/                  |            |
[train_ppo-6] |    approx_kl            | 0.19670002 |
[train_ppo-6] |    clip_fraction        | 0.555      |
[train_ppo-6] |    clip_range           | 0.2        |
[train_ppo-6] |    clip_range_vf        | 0.2        |
[train_ppo-6] |    entropy_loss         | 1.06       |
[train_ppo-6] |    explained_variance   | -0.0693    |
[train_ppo-6] |    learning_rate        | 0.00028    |
[train_ppo-6] |    loss                 | -0.0829    |
[train_ppo-6] |    n_updates            | 1685       |
[train_ppo-6] |    policy_gradient_loss | -0.0701    |
[train_ppo-6] |    std                  | 0.143      |
[train_ppo-6] |    value_loss           | 0.00362    |
[train_ppo-6] ----------------------------------------
[train_ppo-6] Early stopping at step 1 due to reaching max kl: 0.79
[train_ppo-6] PPO progress: 206000/2500000 (8%) | ep_rew_mean=694.09 | ep_len_mean=628 | episodes=100 | fps=8
[train_ppo-6] ---------------------------------------
[train_ppo-6] | rollout/                |           |
[train_ppo-6] |    ep_len_mean          | 628       |
[train_ppo-6] |    ep_rew_mean          | 694       |
[train_ppo-6] | time/                   |           |
[train_ppo-6] |    fps                  | 8         |
[train_ppo-6] |    iterations           | 202       |
[train_ppo-6] |    time_elapsed         | 23717     |
[train_ppo-6] |    total_timesteps      | 206848    |
[train_ppo-6] | train/                  |           |
[train_ppo-6] |    approx_kl            | 0.3395648 |
[train_ppo-6] |    clip_fraction        | 0.499     |
[train_ppo-6] |    clip_range           | 0.2       |
[train_ppo-6] |    clip_range_vf        | 0.2       |
[train_ppo-6] |    entropy_loss         | 1.07      |
[train_ppo-6] |    explained_variance   | 0.0842    |
[train_ppo-6] |    learning_rate        | 0.00028   |
[train_ppo-6] |    loss                 | -0.00957  |
[train_ppo-6] |    n_updates            | 1687      |
[train_ppo-6] |    policy_gradient_loss | 0.022     |
[train_ppo-6] |    std                  | 0.143     |
[train_ppo-6] |    value_loss           | 0.0223    |
[train_ppo-6] ---------------------------------------
[gazebo-2] NodeShared::RecvSrvRequest() error sending response: Host unreachable
[train_ppo-6] [WARN] [1787242917.874941810] [cobraflex_rl_interface]: Gazebo service call failed for /world/lane_following_complex_b/set_pose: Service call timed out
[train_ppo-6] Early stopping at step 3 due to reaching max kl: 0.88
[train_ppo-6] PPO progress: 207000/2500000 (8%) | ep_rew_mean=672.43 | ep_len_mean=606 | episodes=100 | fps=8
[train_ppo-6] ---------------------------------------
[train_ppo-6] | rollout/                |           |
[train_ppo-6] |    ep_len_mean          | 549       |
[train_ppo-6] |    ep_rew_mean          | 610       |
[train_ppo-6] | time/                   |           |
[train_ppo-6] |    fps                  | 8         |
[train_ppo-6] |    iterations           | 203       |
[train_ppo-6] |    time_elapsed         | 23844     |
[train_ppo-6] |    total_timesteps      | 207872    |
[train_ppo-6] | train/                  |           |
[train_ppo-6] |    approx_kl            | 0.8764223 |
[train_ppo-6] |    clip_fraction        | 0.608     |
[train_ppo-6] |    clip_range           | 0.2       |
[train_ppo-6] |    clip_range_vf        | 0.2       |
[train_ppo-6] |    entropy_loss         | 1.06      |
[train_ppo-6] |    explained_variance   | -1.09     |
[train_ppo-6] |    learning_rate        | 0.00028   |
[train_ppo-6] |    loss                 | -0.0332   |
[train_ppo-6] |    n_updates            | 1691      |
[train_ppo-6] |    policy_gradient_loss | 0.000531  |
[train_ppo-6] |    std                  | 0.143     |
[train_ppo-6] |    value_loss           | 0.0124    |
[train_ppo-6] ---------------------------------------
[train_ppo-6] Early stopping at step 8 due to reaching max kl: 0.83
[train_ppo-6] PPO progress: 208000/2500000 (8%) | ep_rew_mean=610.06 | ep_len_mean=549 | episodes=100 | fps=8
[train_ppo-6] ----------------------------------------
[train_ppo-6] | rollout/                |            |
[train_ppo-6] |    ep_len_mean          | 549        |
[train_ppo-6] |    ep_rew_mean          | 610        |
[train_ppo-6] | time/                   |            |
[train_ppo-6] |    fps                  | 8          |
[train_ppo-6] |    iterations           | 204        |
[train_ppo-6] |    time_elapsed         | 23960      |
[train_ppo-6] |    total_timesteps      | 208896     |
[train_ppo-6] | train/                  |            |
[train_ppo-6] |    approx_kl            | 0.34930447 |
[train_ppo-6] |    clip_fraction        | 0.509      |
[train_ppo-6] |    clip_range           | 0.2        |
[train_ppo-6] |    clip_range_vf        | 0.2        |
[train_ppo-6] |    entropy_loss         | 1.07       |
[train_ppo-6] |    explained_variance   | 0.66       |
[train_ppo-6] |    learning_rate        | 0.00028    |
[train_ppo-6] |    loss                 | 0.0326     |
[train_ppo-6] |    n_updates            | 1700       |
[train_ppo-6] |    policy_gradient_loss | -0.068     |
[train_ppo-6] |    std                  | 0.141      |
[train_ppo-6] |    value_loss           | 0.281      |
[train_ppo-6] ----------------------------------------
[train_ppo-6] PPO progress: 209000/2500000 (8%) | ep_rew_mean=610.06 | ep_len_mean=549 | episodes=100 | fps=8
[gazebo-2] NodeShared::RecvSrvRequest() error sending response: Host unreachable
[train_ppo-6] [WARN] [1787243230.441239635] [cobraflex_rl_interface]: Gazebo service call failed for /world/lane_following_complex_b/set_pose: Service call timed out
[gazebo-2] NodeShared::RecvSrvRequest() error sending response: Host unreachable
[train_ppo-6] [WARN] [1787243238.661133885] [cobraflex_rl_interface]: Gazebo service call failed for /world/lane_following_complex_b/set_pose: Service call timed out
[train_ppo-6] ----------------------------------------
[train_ppo-6] | rollout/                |            |
[train_ppo-6] |    ep_len_mean          | 539        |
[train_ppo-6] |    ep_rew_mean          | 599        |
[train_ppo-6] | time/                   |            |
[train_ppo-6] |    fps                  | 8          |
[train_ppo-6] |    iterations           | 205        |
[train_ppo-6] |    time_elapsed         | 24090      |
[train_ppo-6] |    total_timesteps      | 209920     |
[train_ppo-6] | train/                  |            |
[train_ppo-6] |    approx_kl            | 0.13510665 |
[train_ppo-6] |    clip_fraction        | 0.487      |
[train_ppo-6] |    clip_range           | 0.2        |
[train_ppo-6] |    clip_range_vf        | 0.2        |
[train_ppo-6] |    entropy_loss         | 1.11       |
[train_ppo-6] |    explained_variance   | -0.9       |
[train_ppo-6] |    learning_rate        | 0.00028    |
[train_ppo-6] |    loss                 | -0.0677    |
[train_ppo-6] |    n_updates            | 1710       |
[train_ppo-6] |    policy_gradient_loss | -0.0584    |
[train_ppo-6] |    std                  | 0.139      |
[train_ppo-6] |    value_loss           | 0.00274    |
[train_ppo-6] ----------------------------------------
[train_ppo-6] Early stopping at step 7 due to reaching max kl: 0.76
[train_ppo-6] PPO progress: 210000/2500000 (8%) | ep_rew_mean=601.72 | ep_len_mean=542 | episodes=100 | fps=8
[train_ppo-6] ---------------------------------------
[train_ppo-6] | rollout/                |           |
[train_ppo-6] |    ep_len_mean          | 543       |
[train_ppo-6] |    ep_rew_mean          | 603       |
[train_ppo-6] | time/                   |           |
[train_ppo-6] |    fps                  | 8         |
[train_ppo-6] |    iterations           | 206       |
[train_ppo-6] |    time_elapsed         | 24208     |
[train_ppo-6] |    total_timesteps      | 210944    |
[train_ppo-6] | train/                  |           |
[train_ppo-6] |    approx_kl            | 0.3334558 |
[train_ppo-6] |    clip_fraction        | 0.451     |
[train_ppo-6] |    clip_range           | 0.2       |
[train_ppo-6] |    clip_range_vf        | 0.2       |
[train_ppo-6] |    entropy_loss         | 1.13      |
[train_ppo-6] |    explained_variance   | 0.846     |
[train_ppo-6] |    learning_rate        | 0.00028   |
[train_ppo-6] |    loss                 | -0.0452   |
[train_ppo-6] |    n_updates            | 1718      |
[train_ppo-6] |    policy_gradient_loss | -0.052    |
[train_ppo-6] |    std                  | 0.137     |
[train_ppo-6] |    value_loss           | 0.0822    |
[train_ppo-6] ---------------------------------------
[train_ppo-6] Early stopping at step 1 due to reaching max kl: 0.89
[train_ppo-6] PPO progress: 211000/2500000 (8%) | ep_rew_mean=603.15 | ep_len_mean=543 | episodes=100 | fps=8
[train_ppo-6] --------------------------------------
[train_ppo-6] | rollout/                |          |
[train_ppo-6] |    ep_len_mean          | 543      |
[train_ppo-6] |    ep_rew_mean          | 603      |
[train_ppo-6] | time/                   |          |
[train_ppo-6] |    fps                  | 8        |
[train_ppo-6] |    iterations           | 207      |
[train_ppo-6] |    time_elapsed         | 24324    |
[train_ppo-6] |    total_timesteps      | 211968   |
[train_ppo-6] | train/                  |          |
[train_ppo-6] |    approx_kl            | 0.224337 |
[train_ppo-6] |    clip_fraction        | 0.366    |
[train_ppo-6] |    clip_range           | 0.2      |
[train_ppo-6] |    clip_range_vf        | 0.2      |
[train_ppo-6] |    entropy_loss         | 1.15     |
[train_ppo-6] |    explained_variance   | 0.745    |
[train_ppo-6] |    learning_rate        | 0.00028  |
[train_ppo-6] |    loss                 | 0.0476   |
[train_ppo-6] |    n_updates            | 1720     |
[train_ppo-6] |    policy_gradient_loss | -0.00135 |
[train_ppo-6] |    std                  | 0.137    |
[train_ppo-6] |    value_loss           | 0.132    |
[train_ppo-6] --------------------------------------
[train_ppo-6] Early stopping at step 1 due to reaching max kl: 1.00
[train_ppo-6] PPO progress: 212000/2500000 (8%) | ep_rew_mean=603.15 | ep_len_mean=543 | episodes=100 | fps=8
[train_ppo-6] ----------------------------------------
[train_ppo-6] | rollout/                |            |
[train_ppo-6] |    ep_len_mean          | 563        |
[train_ppo-6] |    ep_rew_mean          | 626        |
[train_ppo-6] | time/                   |            |
[train_ppo-6] |    fps                  | 8          |
[train_ppo-6] |    iterations           | 208        |
[train_ppo-6] |    time_elapsed         | 24441      |
[train_ppo-6] |    total_timesteps      | 212992     |
[train_ppo-6] | train/                  |            |
[train_ppo-6] |    approx_kl            | 0.39440066 |
[train_ppo-6] |    clip_fraction        | 0.54       |
[train_ppo-6] |    clip_range           | 0.2        |
[train_ppo-6] |    clip_range_vf        | 0.2        |
[train_ppo-6] |    entropy_loss         | 1.15       |
[train_ppo-6] |    explained_variance   | -2.2       |
[train_ppo-6] |    learning_rate        | 0.00028    |
[train_ppo-6] |    loss                 | 0.129      |
[train_ppo-6] |    n_updates            | 1722       |
[train_ppo-6] |    policy_gradient_loss | 0.0296     |
[train_ppo-6] |    std                  | 0.137      |
[train_ppo-6] |    value_loss           | 0.0151     |
[train_ppo-6] ----------------------------------------
[train_ppo-6] Early stopping at step 1 due to reaching max kl: 0.92
[train_ppo-6] PPO progress: 213000/2500000 (9%) | ep_rew_mean=625.98 | ep_len_mean=563 | episodes=100 | fps=8
[train_ppo-6] PPO progress: 214000/2500000 (9%) | ep_rew_mean=630.08 | ep_len_mean=567 | episodes=100 | fps=8
[train_ppo-6] ----------------------------------------
[train_ppo-6] | rollout/                |            |
[train_ppo-6] |    ep_len_mean          | 567        |
[train_ppo-6] |    ep_rew_mean          | 630        |
[train_ppo-6] | time/                   |            |
[train_ppo-6] |    fps                  | 8          |
[train_ppo-6] |    iterations           | 209        |
[train_ppo-6] |    time_elapsed         | 24558      |
[train_ppo-6] |    total_timesteps      | 214016     |
[train_ppo-6] | train/                  |            |
[train_ppo-6] |    approx_kl            | 0.91702497 |
[train_ppo-6] |    clip_fraction        | 0.477      |
[train_ppo-6] |    clip_range           | 0.2        |
[train_ppo-6] |    clip_range_vf        | 0.2        |
[train_ppo-6] |    entropy_loss         | 1.15       |
[train_ppo-6] |    explained_variance   | 0.684      |
[train_ppo-6] |    learning_rate        | 0.00028    |
[train_ppo-6] |    loss                 | -0.0117    |
[train_ppo-6] |    n_updates            | 1724       |
[train_ppo-6] |    policy_gradient_loss | 0.0382     |
[train_ppo-6] |    std                  | 0.137      |
[train_ppo-6] |    value_loss           | 0.0426     |
[train_ppo-6] ----------------------------------------
[train_ppo-6] Early stopping at step 2 due to reaching max kl: 0.78
[train_ppo-6] PPO progress: 215000/2500000 (9%) | ep_rew_mean=630.08 | ep_len_mean=567 | episodes=100 | fps=8
[train_ppo-6] ---------------------------------------
[train_ppo-6] | rollout/                |           |
[train_ppo-6] |    ep_len_mean          | 559       |
[train_ppo-6] |    ep_rew_mean          | 623       |
[train_ppo-6] | time/                   |           |
[train_ppo-6] |    fps                  | 8         |
[train_ppo-6] |    iterations           | 210       |
[train_ppo-6] |    time_elapsed         | 24677     |
[train_ppo-6] |    total_timesteps      | 215040    |
[train_ppo-6] | train/                  |           |
[train_ppo-6] |    approx_kl            | 0.3923247 |
[train_ppo-6] |    clip_fraction        | 0.364     |
[train_ppo-6] |    clip_range           | 0.2       |
[train_ppo-6] |    clip_range_vf        | 0.2       |
[train_ppo-6] |    entropy_loss         | 1.14      |
[train_ppo-6] |    explained_variance   | 0.741     |
[train_ppo-6] |    learning_rate        | 0.000279  |
[train_ppo-6] |    loss                 | 0.00813   |
[train_ppo-6] |    n_updates            | 1727      |
[train_ppo-6] |    policy_gradient_loss | 0.00287   |
[train_ppo-6] |    std                  | 0.137     |
[train_ppo-6] |    value_loss           | 0.0571    |
[train_ppo-6] ---------------------------------------
[train_ppo-6] PPO progress: 216000/2500000 (9%) | ep_rew_mean=602.04 | ep_len_mean=540 | episodes=100 | fps=8
[train_ppo-6] ----------------------------------------
[train_ppo-6] | rollout/                |            |
[train_ppo-6] |    ep_len_mean          | 540        |
[train_ppo-6] |    ep_rew_mean          | 602        |
[train_ppo-6] | time/                   |            |
[train_ppo-6] |    fps                  | 8          |
[train_ppo-6] |    iterations           | 211        |
[train_ppo-6] |    time_elapsed         | 24794      |
[train_ppo-6] |    total_timesteps      | 216064     |
[train_ppo-6] | train/                  |            |
[train_ppo-6] |    approx_kl            | 0.14250517 |
[train_ppo-6] |    clip_fraction        | 0.502      |
[train_ppo-6] |    clip_range           | 0.2        |
[train_ppo-6] |    clip_range_vf        | 0.2        |
[train_ppo-6] |    entropy_loss         | 1.13       |
[train_ppo-6] |    explained_variance   | 0.0507     |
[train_ppo-6] |    learning_rate        | 0.000279   |
[train_ppo-6] |    loss                 | -0.0429    |
[train_ppo-6] |    n_updates            | 1737       |
[train_ppo-6] |    policy_gradient_loss | -0.0381    |
[train_ppo-6] |    std                  | 0.137      |
[train_ppo-6] |    value_loss           | 0.0903     |
[train_ppo-6] ----------------------------------------
[train_ppo-6] PPO progress: 217000/2500000 (9%) | ep_rew_mean=602.04 | ep_len_mean=540 | episodes=100 | fps=8
[train_ppo-6] ----------------------------------------
[train_ppo-6] | rollout/                |            |
[train_ppo-6] |    ep_len_mean          | 540        |
[train_ppo-6] |    ep_rew_mean          | 602        |
[train_ppo-6] | time/                   |            |
[train_ppo-6] |    fps                  | 8          |
[train_ppo-6] |    iterations           | 212        |
[train_ppo-6] |    time_elapsed         | 24910      |
[train_ppo-6] |    total_timesteps      | 217088     |
[train_ppo-6] | train/                  |            |
[train_ppo-6] |    approx_kl            | 0.15813151 |
[train_ppo-6] |    clip_fraction        | 0.44       |
[train_ppo-6] |    clip_range           | 0.2        |
[train_ppo-6] |    clip_range_vf        | 0.2        |
[train_ppo-6] |    entropy_loss         | 1.15       |
[train_ppo-6] |    explained_variance   | 0.799      |
[train_ppo-6] |    learning_rate        | 0.000279   |
[train_ppo-6] |    loss                 | -0.0247    |
[train_ppo-6] |    n_updates            | 1747       |
[train_ppo-6] |    policy_gradient_loss | -0.0448    |
[train_ppo-6] |    std                  | 0.136      |
[train_ppo-6] |    value_loss           | 0.0308     |
[train_ppo-6] ----------------------------------------
[train_ppo-6] PPO progress: 218000/2500000 (9%) | ep_rew_mean=625.17 | ep_len_mean=560 | episodes=100 | fps=8
[train_ppo-6] -----------------------------------------
[train_ppo-6] | rollout/                |             |
[train_ppo-6] |    ep_len_mean          | 560         |
[train_ppo-6] |    ep_rew_mean          | 625         |
[train_ppo-6] | time/                   |             |
[train_ppo-6] |    fps                  | 8           |
[train_ppo-6] |    iterations           | 213         |
[train_ppo-6] |    time_elapsed         | 25027       |
[train_ppo-6] |    total_timesteps      | 218112      |
[train_ppo-6] | train/                  |             |
[train_ppo-6] |    approx_kl            | 0.105899125 |
[train_ppo-6] |    clip_fraction        | 0.458       |
[train_ppo-6] |    clip_range           | 0.2         |
[train_ppo-6] |    clip_range_vf        | 0.2         |
[train_ppo-6] |    entropy_loss         | 1.18        |
[train_ppo-6] |    explained_variance   | 0.458       |
[train_ppo-6] |    learning_rate        | 0.000279    |
[train_ppo-6] |    loss                 | -0.0637     |
[train_ppo-6] |    n_updates            | 1757        |
[train_ppo-6] |    policy_gradient_loss | -0.0414     |
[train_ppo-6] |    std                  | 0.133       |
[train_ppo-6] |    value_loss           | 0.0117      |
[train_ppo-6] -----------------------------------------
[train_ppo-6] Early stopping at step 1 due to reaching max kl: 0.84
[train_ppo-6] PPO progress: 219000/2500000 (9%) | ep_rew_mean=632.39 | ep_len_mean=567 | episodes=100 | fps=8
[train_ppo-6] ----------------------------------------
[train_ppo-6] | rollout/                |            |
[train_ppo-6] |    ep_len_mean          | 567        |
[train_ppo-6] |    ep_rew_mean          | 632        |
[train_ppo-6] | time/                   |            |
[train_ppo-6] |    fps                  | 8          |
[train_ppo-6] |    iterations           | 214        |
[train_ppo-6] |    time_elapsed         | 25147      |
[train_ppo-6] |    total_timesteps      | 219136     |
[train_ppo-6] | train/                  |            |
[train_ppo-6] |    approx_kl            | 0.57044405 |
[train_ppo-6] |    clip_fraction        | 0.519      |
[train_ppo-6] |    clip_range           | 0.2        |
[train_ppo-6] |    clip_range_vf        | 0.2        |
[train_ppo-6] |    entropy_loss         | 1.2        |
[train_ppo-6] |    explained_variance   | 0.0525     |
[train_ppo-6] |    learning_rate        | 0.000279   |
[train_ppo-6] |    loss                 | 0.025      |
[train_ppo-6] |    n_updates            | 1759       |
[train_ppo-6] |    policy_gradient_loss | 0.0597     |
[train_ppo-6] |    std                  | 0.133      |
[train_ppo-6] |    value_loss           | 0.0871     |
[train_ppo-6] ----------------------------------------
[train_ppo-6] Early stopping at step 1 due to reaching max kl: 0.91
[train_ppo-6] PPO progress: 220000/2500000 (9%) | ep_rew_mean=632.39 | ep_len_mean=567 | episodes=100 | fps=8
[train_ppo-6] ---------------------------------------
[train_ppo-6] | rollout/                |           |
[train_ppo-6] |    ep_len_mean          | 567       |
[train_ppo-6] |    ep_rew_mean          | 632       |
[train_ppo-6] | time/                   |           |
[train_ppo-6] |    fps                  | 8         |
[train_ppo-6] |    iterations           | 215       |
[train_ppo-6] |    time_elapsed         | 25263     |
[train_ppo-6] |    total_timesteps      | 220160    |
[train_ppo-6] | train/                  |           |
[train_ppo-6] |    approx_kl            | 0.4306392 |
[train_ppo-6] |    clip_fraction        | 0.506     |
[train_ppo-6] |    clip_range           | 0.2       |
[train_ppo-6] |    clip_range_vf        | 0.2       |
[train_ppo-6] |    entropy_loss         | 1.2       |
[train_ppo-6] |    explained_variance   | 0.749     |
[train_ppo-6] |    learning_rate        | 0.000279  |
[train_ppo-6] |    loss                 | 0.0371    |
[train_ppo-6] |    n_updates            | 1761      |
[train_ppo-6] |    policy_gradient_loss | 0.0689    |
[train_ppo-6] |    std                  | 0.134     |
[train_ppo-6] |    value_loss           | 0.0647    |
[train_ppo-6] ---------------------------------------
[train_ppo-6] Early stopping at step 1 due to reaching max kl: 0.79
[train_ppo-6] PPO progress: 221000/2500000 (9%) | ep_rew_mean=655.86 | ep_len_mean=588 | episodes=100 | fps=8
[train_ppo-6] ---------------------------------------
[train_ppo-6] | rollout/                |           |
[train_ppo-6] |    ep_len_mean          | 588       |
[train_ppo-6] |    ep_rew_mean          | 656       |
[train_ppo-6] | time/                   |           |
[train_ppo-6] |    fps                  | 8         |
[train_ppo-6] |    iterations           | 216       |
[train_ppo-6] |    time_elapsed         | 25381     |
[train_ppo-6] |    total_timesteps      | 221184    |
[train_ppo-6] | train/                  |           |
[train_ppo-6] |    approx_kl            | 0.7858833 |
[train_ppo-6] |    clip_fraction        | 0.509     |
[train_ppo-6] |    clip_range           | 0.2       |
[train_ppo-6] |    clip_range_vf        | 0.2       |
[train_ppo-6] |    entropy_loss         | 1.19      |
[train_ppo-6] |    explained_variance   | -1.64     |
[train_ppo-6] |    learning_rate        | 0.000279  |
[train_ppo-6] |    loss                 | 0.0825    |
[train_ppo-6] |    n_updates            | 1763      |
[train_ppo-6] |    policy_gradient_loss | 0.0598    |
[train_ppo-6] |    std                  | 0.134     |
[train_ppo-6] |    value_loss           | 0.0191    |
[train_ppo-6] ---------------------------------------
[train_ppo-6] Early stopping at step 2 due to reaching max kl: 1.22
[train_ppo-6] PPO progress: 222000/2500000 (9%) | ep_rew_mean=655.86 | ep_len_mean=588 | episodes=100 | fps=8
[train_ppo-6] ----------------------------------------
[train_ppo-6] | rollout/                |            |
[train_ppo-6] |    ep_len_mean          | 588        |
[train_ppo-6] |    ep_rew_mean          | 656        |
[train_ppo-6] | time/                   |            |
[train_ppo-6] |    fps                  | 8          |
[train_ppo-6] |    iterations           | 217        |
[train_ppo-6] |    time_elapsed         | 25497      |
[train_ppo-6] |    total_timesteps      | 222208     |
[train_ppo-6] | train/                  |            |
[train_ppo-6] |    approx_kl            | 0.36165598 |
[train_ppo-6] |    clip_fraction        | 0.44       |
[train_ppo-6] |    clip_range           | 0.2        |
[train_ppo-6] |    clip_range_vf        | 0.2        |
[train_ppo-6] |    entropy_loss         | 1.19       |
[train_ppo-6] |    explained_variance   | 0.849      |
[train_ppo-6] |    learning_rate        | 0.000279   |
[train_ppo-6] |    loss                 | 0.0224     |
[train_ppo-6] |    n_updates            | 1766       |
[train_ppo-6] |    policy_gradient_loss | -0.0138    |
[train_ppo-6] |    std                  | 0.134      |
[train_ppo-6] |    value_loss           | 0.0653     |
[train_ppo-6] ----------------------------------------
[train_ppo-6] PPO progress: 223000/2500000 (9%) | ep_rew_mean=633.00 | ep_len_mean=568 | episodes=100 | fps=8
[train_ppo-6] ----------------------------------------
[train_ppo-6] | rollout/                |            |
[train_ppo-6] |    ep_len_mean          | 568        |
[train_ppo-6] |    ep_rew_mean          | 633        |
[train_ppo-6] | time/                   |            |
[train_ppo-6] |    fps                  | 8          |
[train_ppo-6] |    iterations           | 218        |
[train_ppo-6] |    time_elapsed         | 25617      |
[train_ppo-6] |    total_timesteps      | 223232     |
[train_ppo-6] | train/                  |            |
[train_ppo-6] |    approx_kl            | 0.16666839 |
[train_ppo-6] |    clip_fraction        | 0.526      |
[train_ppo-6] |    clip_range           | 0.2        |
[train_ppo-6] |    clip_range_vf        | 0.2        |
[train_ppo-6] |    entropy_loss         | 1.18       |
[train_ppo-6] |    explained_variance   | -0.0743    |
[train_ppo-6] |    learning_rate        | 0.000279   |
[train_ppo-6] |    loss                 | -0.104     |
[train_ppo-6] |    n_updates            | 1776       |
[train_ppo-6] |    policy_gradient_loss | -0.0689    |
[train_ppo-6] |    std                  | 0.134      |
[train_ppo-6] |    value_loss           | 0.00338    |
[train_ppo-6] ----------------------------------------
[train_ppo-6] PPO progress: 224000/2500000 (9%) | ep_rew_mean=633.00 | ep_len_mean=568 | episodes=100 | fps=8
[train_ppo-6] ----------------------------------------
[train_ppo-6] | rollout/                |            |
[train_ppo-6] |    ep_len_mean          | 568        |
[train_ppo-6] |    ep_rew_mean          | 633        |
[train_ppo-6] | time/                   |            |
[train_ppo-6] |    fps                  | 8          |
[train_ppo-6] |    iterations           | 219        |
[train_ppo-6] |    time_elapsed         | 25733      |
[train_ppo-6] |    total_timesteps      | 224256     |
[train_ppo-6] | train/                  |            |
[train_ppo-6] |    approx_kl            | 0.15313967 |
[train_ppo-6] |    clip_fraction        | 0.525      |
[train_ppo-6] |    clip_range           | 0.2        |
[train_ppo-6] |    clip_range_vf        | 0.2        |
[train_ppo-6] |    entropy_loss         | 1.21       |
[train_ppo-6] |    explained_variance   | 0.537      |
[train_ppo-6] |    learning_rate        | 0.000279   |
[train_ppo-6] |    loss                 | -0.096     |
[train_ppo-6] |    n_updates            | 1786       |
[train_ppo-6] |    policy_gradient_loss | -0.0665    |
[train_ppo-6] |    std                  | 0.131      |
[train_ppo-6] |    value_loss           | 0.00717    |
[train_ppo-6] ----------------------------------------
[train_ppo-6] PPO progress: 225000/2500000 (9%) | ep_rew_mean=630.76 | ep_len_mean=566 | episodes=100 | fps=8
[train_ppo-6] ----------------------------------------
[train_ppo-6] | rollout/                |            |
[train_ppo-6] |    ep_len_mean          | 566        |
[train_ppo-6] |    ep_rew_mean          | 631        |
[train_ppo-6] | time/                   |            |
[train_ppo-6] |    fps                  | 8          |
[train_ppo-6] |    iterations           | 220        |
[train_ppo-6] |    time_elapsed         | 25850      |
[train_ppo-6] |    total_timesteps      | 225280     |
[train_ppo-6] | train/                  |            |
[train_ppo-6] |    approx_kl            | 0.20861204 |
[train_ppo-6] |    clip_fraction        | 0.538      |
[train_ppo-6] |    clip_range           | 0.2        |
[train_ppo-6] |    clip_range_vf        | 0.2        |
[train_ppo-6] |    entropy_loss         | 1.24       |
[train_ppo-6] |    explained_variance   | -0.208     |
[train_ppo-6] |    learning_rate        | 0.000278   |
[train_ppo-6] |    loss                 | -0.0762    |
[train_ppo-6] |    n_updates            | 1796       |
[train_ppo-6] |    policy_gradient_loss | -0.0677    |
[train_ppo-6] |    std                  | 0.13       |
[train_ppo-6] |    value_loss           | 0.00265    |
[train_ppo-6] ----------------------------------------
[train_ppo-6] PPO progress: 226000/2500000 (9%) | ep_rew_mean=630.76 | ep_len_mean=566 | episodes=100 | fps=8
[train_ppo-6] ---------------------------------------
[train_ppo-6] | rollout/                |           |
[train_ppo-6] |    ep_len_mean          | 566       |
[train_ppo-6] |    ep_rew_mean          | 631       |
[train_ppo-6] | time/                   |           |
[train_ppo-6] |    fps                  | 8         |
[train_ppo-6] |    iterations           | 221       |
[train_ppo-6] |    time_elapsed         | 25967     |
[train_ppo-6] |    total_timesteps      | 226304    |
[train_ppo-6] | train/                  |           |
[train_ppo-6] |    approx_kl            | 0.2149563 |
[train_ppo-6] |    clip_fraction        | 0.553     |
[train_ppo-6] |    clip_range           | 0.2       |
[train_ppo-6] |    clip_range_vf        | 0.2       |
[train_ppo-6] |    entropy_loss         | 1.25      |
[train_ppo-6] |    explained_variance   | 0.438     |
[train_ppo-6] |    learning_rate        | 0.000278  |
[train_ppo-6] |    loss                 | -0.101    |
[train_ppo-6] |    n_updates            | 1806      |
[train_ppo-6] |    policy_gradient_loss | -0.0729   |
[train_ppo-6] |    std                  | 0.129     |
[train_ppo-6] |    value_loss           | 0.00798   |
[train_ppo-6] ---------------------------------------
[train_ppo-6] PPO progress: 227000/2500000 (9%) | ep_rew_mean=625.46 | ep_len_mean=561 | episodes=100 | fps=8
[train_ppo-6] ----------------------------------------
[train_ppo-6] | rollout/                |            |
[train_ppo-6] |    ep_len_mean          | 561        |
[train_ppo-6] |    ep_rew_mean          | 625        |
[train_ppo-6] | time/                   |            |
[train_ppo-6] |    fps                  | 8          |
[train_ppo-6] |    iterations           | 222        |
[train_ppo-6] |    time_elapsed         | 26084      |
[train_ppo-6] |    total_timesteps      | 227328     |
[train_ppo-6] | train/                  |            |
[train_ppo-6] |    approx_kl            | 0.34148204 |
[train_ppo-6] |    clip_fraction        | 0.618      |
[train_ppo-6] |    clip_range           | 0.2        |
[train_ppo-6] |    clip_range_vf        | 0.2        |
[train_ppo-6] |    entropy_loss         | 1.27       |
[train_ppo-6] |    explained_variance   | -1.04      |
[train_ppo-6] |    learning_rate        | 0.000278   |
[train_ppo-6] |    loss                 | -0.104     |
[train_ppo-6] |    n_updates            | 1816       |
[train_ppo-6] |    policy_gradient_loss | -0.0774    |
[train_ppo-6] |    std                  | 0.128      |
[train_ppo-6] |    value_loss           | 0.00355    |
[train_ppo-6] ----------------------------------------
[train_ppo-6] Early stopping at step 3 due to reaching max kl: 1.01
[train_ppo-6] PPO progress: 228000/2500000 (9%) | ep_rew_mean=625.46 | ep_len_mean=561 | episodes=100 | fps=8
[train_ppo-6] ---------------------------------------
[train_ppo-6] | rollout/                |           |
[train_ppo-6] |    ep_len_mean          | 561       |
[train_ppo-6] |    ep_rew_mean          | 625       |
[train_ppo-6] | time/                   |           |
[train_ppo-6] |    fps                  | 8         |
[train_ppo-6] |    iterations           | 223       |
[train_ppo-6] |    time_elapsed         | 26201     |
[train_ppo-6] |    total_timesteps      | 228352    |
[train_ppo-6] | train/                  |           |
[train_ppo-6] |    approx_kl            | 1.0058113 |
[train_ppo-6] |    clip_fraction        | 0.53      |
[train_ppo-6] |    clip_range           | 0.2       |
[train_ppo-6] |    clip_range_vf        | 0.2       |
[train_ppo-6] |    entropy_loss         | 1.28      |
[train_ppo-6] |    explained_variance   | 0.103     |
[train_ppo-6] |    learning_rate        | 0.000278  |
[train_ppo-6] |    loss                 | 0.0509    |
[train_ppo-6] |    n_updates            | 1820      |
[train_ppo-6] |    policy_gradient_loss | -0.0102   |
[train_ppo-6] |    std                  | 0.128     |
[train_ppo-6] |    value_loss           | 0.192     |
[train_ppo-6] ---------------------------------------
[train_ppo-6] Early stopping at step 1 due to reaching max kl: 0.80
[train_ppo-6] PPO progress: 229000/2500000 (9%) | ep_rew_mean=648.08 | ep_len_mean=581 | episodes=100 | fps=8
[train_ppo-6] ---------------------------------------
[train_ppo-6] | rollout/                |           |
[train_ppo-6] |    ep_len_mean          | 581       |
[train_ppo-6] |    ep_rew_mean          | 648       |
[train_ppo-6] | time/                   |           |
[train_ppo-6] |    fps                  | 8         |
[train_ppo-6] |    iterations           | 224       |
[train_ppo-6] |    time_elapsed         | 26317     |
[train_ppo-6] |    total_timesteps      | 229376    |
[train_ppo-6] | train/                  |           |
[train_ppo-6] |    approx_kl            | 0.5421958 |
[train_ppo-6] |    clip_fraction        | 0.472     |
[train_ppo-6] |    clip_range           | 0.2       |
[train_ppo-6] |    clip_range_vf        | 0.2       |
[train_ppo-6] |    entropy_loss         | 1.28      |
[train_ppo-6] |    explained_variance   | -2.13     |
[train_ppo-6] |    learning_rate        | 0.000278  |
[train_ppo-6] |    loss                 | -0.00891  |
[train_ppo-6] |    n_updates            | 1822      |
[train_ppo-6] |    policy_gradient_loss | 0.0351    |
[train_ppo-6] |    std                  | 0.128     |
[train_ppo-6] |    value_loss           | 0.0116    |
[train_ppo-6] ---------------------------------------
[train_ppo-6] Early stopping at step 1 due to reaching max kl: 0.95
[train_ppo-6] PPO progress: 230000/2500000 (9%) | ep_rew_mean=648.08 | ep_len_mean=581 | episodes=100 | fps=8
[train_ppo-6] ---------------------------------------
[train_ppo-6] | rollout/                |           |
[train_ppo-6] |    ep_len_mean          | 581       |
[train_ppo-6] |    ep_rew_mean          | 648       |
[train_ppo-6] | time/                   |           |
[train_ppo-6] |    fps                  | 8         |
[train_ppo-6] |    iterations           | 225       |
[train_ppo-6] |    time_elapsed         | 26434     |
[train_ppo-6] |    total_timesteps      | 230400    |
[train_ppo-6] | train/                  |           |
[train_ppo-6] |    approx_kl            | 0.4556838 |
[train_ppo-6] |    clip_fraction        | 0.54      |
[train_ppo-6] |    clip_range           | 0.2       |
[train_ppo-6] |    clip_range_vf        | 0.2       |
[train_ppo-6] |    entropy_loss         | 1.28      |
[train_ppo-6] |    explained_variance   | 0.31      |
[train_ppo-6] |    learning_rate        | 0.000278  |
[train_ppo-6] |    loss                 | 0.018     |
[train_ppo-6] |    n_updates            | 1824      |
[train_ppo-6] |    policy_gradient_loss | 0.0196    |
[train_ppo-6] |    std                  | 0.128     |
[train_ppo-6] |    value_loss           | 0.0326    |
[train_ppo-6] ---------------------------------------
[train_ppo-6] Early stopping at step 0 due to reaching max kl: 1.03
[train_ppo-6] PPO progress: 231000/2500000 (9%) | ep_rew_mean=647.43 | ep_len_mean=581 | episodes=100 | fps=8
[train_ppo-6] ----------------------------------------
[train_ppo-6] | rollout/                |            |
[train_ppo-6] |    ep_len_mean          | 581        |
[train_ppo-6] |    ep_rew_mean          | 647        |
[train_ppo-6] | time/                   |            |
[train_ppo-6] |    fps                  | 8          |
[train_ppo-6] |    iterations           | 226        |
[train_ppo-6] |    time_elapsed         | 26551      |
[train_ppo-6] |    total_timesteps      | 231424     |
[train_ppo-6] | train/                  |            |
[train_ppo-6] |    approx_kl            | 0.12734684 |
[train_ppo-6] |    clip_fraction        | 0.371      |
[train_ppo-6] |    clip_range           | 0.2        |
[train_ppo-6] |    clip_range_vf        | 0.2        |
[train_ppo-6] |    entropy_loss         | 1.28       |
[train_ppo-6] |    explained_variance   | 0.14       |
[train_ppo-6] |    learning_rate        | 0.000278   |
[train_ppo-6] |    loss                 | 0.171      |
[train_ppo-6] |    n_updates            | 1825       |
[train_ppo-6] |    policy_gradient_loss | 0.0431     |
[train_ppo-6] |    std                  | 0.128      |
[train_ppo-6] |    value_loss           | 0.0219     |
[train_ppo-6] ----------------------------------------
[train_ppo-6] Early stopping at step 1 due to reaching max kl: 0.79
[train_ppo-6] PPO progress: 232000/2500000 (9%) | ep_rew_mean=647.43 | ep_len_mean=581 | episodes=100 | fps=8
[train_ppo-6] ----------------------------------------
[train_ppo-6] | rollout/                |            |
[train_ppo-6] |    ep_len_mean          | 575        |
[train_ppo-6] |    ep_rew_mean          | 639        |
[train_ppo-6] | time/                   |            |
[train_ppo-6] |    fps                  | 8          |
[train_ppo-6] |    iterations           | 227        |
[train_ppo-6] |    time_elapsed         | 26670      |
[train_ppo-6] |    total_timesteps      | 232448     |
[train_ppo-6] | train/                  |            |
[train_ppo-6] |    approx_kl            | 0.21463144 |
[train_ppo-6] |    clip_fraction        | 0.232      |
[train_ppo-6] |    clip_range           | 0.2        |
[train_ppo-6] |    clip_range_vf        | 0.2        |
[train_ppo-6] |    entropy_loss         | 1.28       |
[train_ppo-6] |    explained_variance   | 0.62       |
[train_ppo-6] |    learning_rate        | 0.000278   |
[train_ppo-6] |    loss                 | -0.0482    |
[train_ppo-6] |    n_updates            | 1827       |
[train_ppo-6] |    policy_gradient_loss | 0.0126     |
[train_ppo-6] |    std                  | 0.128      |
[train_ppo-6] |    value_loss           | 0.00705    |
[train_ppo-6] ----------------------------------------
[gazebo-2] NodeShared::RecvSrvRequest() error sending response: Host unreachable
[train_ppo-6] [WARN] [1787245872.177261402] [cobraflex_rl_interface]: Gazebo service call failed for /world/lane_following_complex_b/set_pose: Service call timed out
[train_ppo-6] PPO progress: 233000/2500000 (9%) | ep_rew_mean=641.30 | ep_len_mean=577 | episodes=100 | fps=8
[train_ppo-6] ----------------------------------------
[train_ppo-6] | rollout/                |            |
[train_ppo-6] |    ep_len_mean          | 574        |
[train_ppo-6] |    ep_rew_mean          | 638        |
[train_ppo-6] | time/                   |            |
[train_ppo-6] |    fps                  | 8          |
[train_ppo-6] |    iterations           | 228        |
[train_ppo-6] |    time_elapsed         | 26797      |
[train_ppo-6] |    total_timesteps      | 233472     |
[train_ppo-6] | train/                  |            |
[train_ppo-6] |    approx_kl            | 0.11112719 |
[train_ppo-6] |    clip_fraction        | 0.443      |
[train_ppo-6] |    clip_range           | 0.2        |
[train_ppo-6] |    clip_range_vf        | 0.2        |
[train_ppo-6] |    entropy_loss         | 1.28       |
[train_ppo-6] |    explained_variance   | 0.612      |
[train_ppo-6] |    learning_rate        | 0.000278   |
[train_ppo-6] |    loss                 | -0.0272    |
[train_ppo-6] |    n_updates            | 1837       |
[train_ppo-6] |    policy_gradient_loss | -0.0425    |
[train_ppo-6] |    std                  | 0.128      |
[train_ppo-6] |    value_loss           | 0.0517     |
[train_ppo-6] ----------------------------------------
[train_ppo-6] Early stopping at step 6 due to reaching max kl: 0.98
[train_ppo-6] PPO progress: 234000/2500000 (9%) | ep_rew_mean=637.96 | ep_len_mean=574 | episodes=100 | fps=8
[train_ppo-6] ---------------------------------------
[train_ppo-6] | rollout/                |           |
[train_ppo-6] |    ep_len_mean          | 574       |
[train_ppo-6] |    ep_rew_mean          | 638       |
[train_ppo-6] | time/                   |           |
[train_ppo-6] |    fps                  | 8         |
[train_ppo-6] |    iterations           | 229       |
[train_ppo-6] |    time_elapsed         | 26913     |
[train_ppo-6] |    total_timesteps      | 234496    |
[train_ppo-6] | train/                  |           |
[train_ppo-6] |    approx_kl            | 0.5691778 |
[train_ppo-6] |    clip_fraction        | 0.553     |
[train_ppo-6] |    clip_range           | 0.2       |
[train_ppo-6] |    clip_range_vf        | 0.2       |
[train_ppo-6] |    entropy_loss         | 1.29      |
[train_ppo-6] |    explained_variance   | 0.564     |
[train_ppo-6] |    learning_rate        | 0.000278  |
[train_ppo-6] |    loss                 | -0.0339   |
[train_ppo-6] |    n_updates            | 1844      |
[train_ppo-6] |    policy_gradient_loss | -0.047    |
[train_ppo-6] |    std                  | 0.127     |
[train_ppo-6] |    value_loss           | 0.121     |
[train_ppo-6] ---------------------------------------
[train_ppo-6] PPO progress: 235000/2500000 (9%) | ep_rew_mean=637.96 | ep_len_mean=574 | episodes=100 | fps=8
[gazebo-2] NodeShared::RecvSrvRequest() error sending response: Host unreachable
[train_ppo-6] [WARN] [1787246205.606533247] [cobraflex_rl_interface]: Gazebo service call failed for /world/lane_following_complex_b/set_pose: Service call timed out
[train_ppo-6] ---------------------------------------
[train_ppo-6] | rollout/                |           |
[train_ppo-6] |    ep_len_mean          | 568       |
[train_ppo-6] |    ep_rew_mean          | 631       |
[train_ppo-6] | time/                   |           |
[train_ppo-6] |    fps                  | 8         |
[train_ppo-6] |    iterations           | 230       |
[train_ppo-6] |    time_elapsed         | 27035     |
[train_ppo-6] |    total_timesteps      | 235520    |
[train_ppo-6] | train/                  |           |
[train_ppo-6] |    approx_kl            | 0.2364108 |
[train_ppo-6] |    clip_fraction        | 0.56      |
[train_ppo-6] |    clip_range           | 0.2       |
[train_ppo-6] |    clip_range_vf        | 0.2       |
[train_ppo-6] |    entropy_loss         | 1.3       |
[train_ppo-6] |    explained_variance   | -0.688    |
[train_ppo-6] |    learning_rate        | 0.000277  |
[train_ppo-6] |    loss                 | -0.0706   |
[train_ppo-6] |    n_updates            | 1854      |
[train_ppo-6] |    policy_gradient_loss | -0.0794   |
[train_ppo-6] |    std                  | 0.126     |
[train_ppo-6] |    value_loss           | 0.0034    |
[train_ppo-6] ---------------------------------------
[train_ppo-6] PPO progress: 236000/2500000 (9%) | ep_rew_mean=631.40 | ep_len_mean=568 | episodes=100 | fps=8
[train_ppo-6] ----------------------------------------
[train_ppo-6] | rollout/                |            |
[train_ppo-6] |    ep_len_mean          | 568        |
[train_ppo-6] |    ep_rew_mean          | 631        |
[train_ppo-6] | time/                   |            |
[train_ppo-6] |    fps                  | 8          |
[train_ppo-6] |    iterations           | 231        |
[train_ppo-6] |    time_elapsed         | 27151      |
[train_ppo-6] |    total_timesteps      | 236544     |
[train_ppo-6] | train/                  |            |
[train_ppo-6] |    approx_kl            | 0.32322258 |
[train_ppo-6] |    clip_fraction        | 0.54       |
[train_ppo-6] |    clip_range           | 0.2        |
[train_ppo-6] |    clip_range_vf        | 0.2        |
[train_ppo-6] |    entropy_loss         | 1.33       |
[train_ppo-6] |    explained_variance   | -0.113     |
[train_ppo-6] |    learning_rate        | 0.000277   |
[train_ppo-6] |    loss                 | -0.062     |
[train_ppo-6] |    n_updates            | 1864       |
[train_ppo-6] |    policy_gradient_loss | -0.0508    |
[train_ppo-6] |    std                  | 0.123      |
[train_ppo-6] |    value_loss           | 0.101      |
[train_ppo-6] ----------------------------------------
[train_ppo-6] Early stopping at step 2 due to reaching max kl: 0.88
[train_ppo-6] PPO progress: 237000/2500000 (9%) | ep_rew_mean=631.40 | ep_len_mean=568 | episodes=100 | fps=8
[train_ppo-6] ---------------------------------------
[train_ppo-6] | rollout/                |           |
[train_ppo-6] |    ep_len_mean          | 589       |
[train_ppo-6] |    ep_rew_mean          | 653       |
[train_ppo-6] | time/                   |           |
[train_ppo-6] |    fps                  | 8         |
[train_ppo-6] |    iterations           | 232       |
[train_ppo-6] |    time_elapsed         | 27268     |
[train_ppo-6] |    total_timesteps      | 237568    |
[train_ppo-6] | train/                  |           |
[train_ppo-6] |    approx_kl            | 0.5577462 |
[train_ppo-6] |    clip_fraction        | 0.587     |
[train_ppo-6] |    clip_range           | 0.2       |
[train_ppo-6] |    clip_range_vf        | 0.2       |
[train_ppo-6] |    entropy_loss         | 1.37      |
[train_ppo-6] |    explained_variance   | 0.207     |
[train_ppo-6] |    learning_rate        | 0.000277  |
[train_ppo-6] |    loss                 | -0.0115   |
[train_ppo-6] |    n_updates            | 1867      |
[train_ppo-6] |    policy_gradient_loss | -0.0109   |
[train_ppo-6] |    std                  | 0.123     |
[train_ppo-6] |    value_loss           | 0.0231    |
[train_ppo-6] ---------------------------------------
[train_ppo-6] Early stopping at step 7 due to reaching max kl: 0.84
[train_ppo-6] PPO progress: 238000/2500000 (10%) | ep_rew_mean=626.61 | ep_len_mean=565 | episodes=100 | fps=8
[train_ppo-6] ---------------------------------------
[train_ppo-6] | rollout/                |           |
[train_ppo-6] |    ep_len_mean          | 565       |
[train_ppo-6] |    ep_rew_mean          | 627       |
[train_ppo-6] | time/                   |           |
[train_ppo-6] |    fps                  | 8         |
[train_ppo-6] |    iterations           | 233       |
[train_ppo-6] |    time_elapsed         | 27387     |
[train_ppo-6] |    total_timesteps      | 238592    |
[train_ppo-6] | train/                  |           |
[train_ppo-6] |    approx_kl            | 0.4206266 |
[train_ppo-6] |    clip_fraction        | 0.628     |
[train_ppo-6] |    clip_range           | 0.2       |
[train_ppo-6] |    clip_range_vf        | 0.2       |
[train_ppo-6] |    entropy_loss         | 1.37      |
[train_ppo-6] |    explained_variance   | 0.206     |
[train_ppo-6] |    learning_rate        | 0.000277  |
[train_ppo-6] |    loss                 | -0.0712   |
[train_ppo-6] |    n_updates            | 1875      |
[train_ppo-6] |    policy_gradient_loss | -0.0569   |
[train_ppo-6] |    std                  | 0.122     |
[train_ppo-6] |    value_loss           | 0.0108    |
[train_ppo-6] ---------------------------------------
[train_ppo-6] Early stopping at step 2 due to reaching max kl: 2.28
[train_ppo-6] PPO progress: 239000/2500000 (10%) | ep_rew_mean=626.61 | ep_len_mean=565 | episodes=100 | fps=8
[train_ppo-6] ----------------------------------------
[train_ppo-6] | rollout/                |            |
[train_ppo-6] |    ep_len_mean          | 565        |
[train_ppo-6] |    ep_rew_mean          | 627        |
[train_ppo-6] | time/                   |            |
[train_ppo-6] |    fps                  | 8          |
[train_ppo-6] |    iterations           | 234        |
[train_ppo-6] |    time_elapsed         | 27504      |
[train_ppo-6] |    total_timesteps      | 239616     |
[train_ppo-6] | train/                  |            |
[train_ppo-6] |    approx_kl            | 0.35815108 |
[train_ppo-6] |    clip_fraction        | 0.479      |
[train_ppo-6] |    clip_range           | 0.2        |
[train_ppo-6] |    clip_range_vf        | 0.2        |
[train_ppo-6] |    entropy_loss         | 1.39       |
[train_ppo-6] |    explained_variance   | 0.149      |
[train_ppo-6] |    learning_rate        | 0.000277   |
[train_ppo-6] |    loss                 | 0.0366     |
[train_ppo-6] |    n_updates            | 1878       |
[train_ppo-6] |    policy_gradient_loss | -0.00631   |
[train_ppo-6] |    std                  | 0.122      |
[train_ppo-6] |    value_loss           | 0.0731     |
[train_ppo-6] ----------------------------------------
[train_ppo-6] Early stopping at step 1 due to reaching max kl: 0.79
[train_ppo-6] PPO progress: 240000/2500000 (10%) | ep_rew_mean=623.92 | ep_len_mean=564 | episodes=100 | fps=8
[train_ppo-6] ---------------------------------------
[train_ppo-6] | rollout/                |           |
[train_ppo-6] |    ep_len_mean          | 564       |
[train_ppo-6] |    ep_rew_mean          | 624       |
[train_ppo-6] | time/                   |           |
[train_ppo-6] |    fps                  | 8         |
[train_ppo-6] |    iterations           | 235       |
[train_ppo-6] |    time_elapsed         | 27624     |
[train_ppo-6] |    total_timesteps      | 240640    |
[train_ppo-6] | train/                  |           |
[train_ppo-6] |    approx_kl            | 0.2527111 |
[train_ppo-6] |    clip_fraction        | 0.372     |
[train_ppo-6] |    clip_range           | 0.2       |
[train_ppo-6] |    clip_range_vf        | 0.2       |
[train_ppo-6] |    entropy_loss         | 1.39      |
[train_ppo-6] |    explained_variance   | -1.59     |
[train_ppo-6] |    learning_rate        | 0.000277  |
[train_ppo-6] |    loss                 | -0.0183   |
[train_ppo-6] |    n_updates            | 1880      |
[train_ppo-6] |    policy_gradient_loss | 0.00116   |
[train_ppo-6] |    std                  | 0.122     |
[train_ppo-6] |    value_loss           | 0.00841   |
[train_ppo-6] ---------------------------------------
[train_ppo-6] PPO progress: 241000/2500000 (10%) | ep_rew_mean=634.10 | ep_len_mean=573 | episodes=100 | fps=8
[gazebo-2] NodeShared::RecvSrvRequest() error sending response: Host unreachable
[train_ppo-6] [WARN] [1787246886.971863283] [cobraflex_rl_interface]: Gazebo service call failed for /world/lane_following_complex_b/set_pose: Service call timed out
[train_ppo-6] ----------------------------------------
[train_ppo-6] | rollout/                |            |
[train_ppo-6] |    ep_len_mean          | 576        |
[train_ppo-6] |    ep_rew_mean          | 637        |
[train_ppo-6] | time/                   |            |
[train_ppo-6] |    fps                  | 8          |
[train_ppo-6] |    iterations           | 236        |
[train_ppo-6] |    time_elapsed         | 27748      |
[train_ppo-6] |    total_timesteps      | 241664     |
[train_ppo-6] | train/                  |            |
[train_ppo-6] |    approx_kl            | 0.20242804 |
[train_ppo-6] |    clip_fraction        | 0.468      |
[train_ppo-6] |    clip_range           | 0.2        |
[train_ppo-6] |    clip_range_vf        | 0.2        |
[train_ppo-6] |    entropy_loss         | 1.39       |
[train_ppo-6] |    explained_variance   | 0.16       |
[train_ppo-6] |    learning_rate        | 0.000277   |
[train_ppo-6] |    loss                 | 0.0502     |
[train_ppo-6] |    n_updates            | 1890       |
[train_ppo-6] |    policy_gradient_loss | -0.0438    |
[train_ppo-6] |    std                  | 0.121      |
[train_ppo-6] |    value_loss           | 0.0764     |
[train_ppo-6] ----------------------------------------
[train_ppo-6] PPO progress: 242000/2500000 (10%) | ep_rew_mean=637.27 | ep_len_mean=576 | episodes=100 | fps=8
[train_ppo-6] ----------------------------------------
[train_ppo-6] | rollout/                |            |
[train_ppo-6] |    ep_len_mean          | 576        |
[train_ppo-6] |    ep_rew_mean          | 637        |
[train_ppo-6] | time/                   |            |
[train_ppo-6] |    fps                  | 8          |
[train_ppo-6] |    iterations           | 237        |
[train_ppo-6] |    time_elapsed         | 27864      |
[train_ppo-6] |    total_timesteps      | 242688     |
[train_ppo-6] | train/                  |            |
[train_ppo-6] |    approx_kl            | 0.16289425 |
[train_ppo-6] |    clip_fraction        | 0.504      |
[train_ppo-6] |    clip_range           | 0.2        |
[train_ppo-6] |    clip_range_vf        | 0.2        |
[train_ppo-6] |    entropy_loss         | 1.41       |
[train_ppo-6] |    explained_variance   | 0.43       |
[train_ppo-6] |    learning_rate        | 0.000277   |
[train_ppo-6] |    loss                 | -0.029     |
[train_ppo-6] |    n_updates            | 1900       |
[train_ppo-6] |    policy_gradient_loss | -0.0629    |
[train_ppo-6] |    std                  | 0.119      |
[train_ppo-6] |    value_loss           | 0.161      |
[train_ppo-6] ----------------------------------------
[train_ppo-6] PPO progress: 243000/2500000 (10%) | ep_rew_mean=637.27 | ep_len_mean=576 | episodes=100 | fps=8
[train_ppo-6] ----------------------------------------
[train_ppo-6] | rollout/                |            |
[train_ppo-6] |    ep_len_mean          | 575        |
[train_ppo-6] |    ep_rew_mean          | 635        |
[train_ppo-6] | time/                   |            |
[train_ppo-6] |    fps                  | 8          |
[train_ppo-6] |    iterations           | 238        |
[train_ppo-6] |    time_elapsed         | 27987      |
[train_ppo-6] |    total_timesteps      | 243712     |
[train_ppo-6] | train/                  |            |
[train_ppo-6] |    approx_kl            | 0.22461137 |
[train_ppo-6] |    clip_fraction        | 0.591      |
[train_ppo-6] |    clip_range           | 0.2        |
[train_ppo-6] |    clip_range_vf        | 0.2        |
[train_ppo-6] |    entropy_loss         | 1.44       |
[train_ppo-6] |    explained_variance   | -0.11      |
[train_ppo-6] |    learning_rate        | 0.000277   |
[train_ppo-6] |    loss                 | -0.0843    |
[train_ppo-6] |    n_updates            | 1910       |
[train_ppo-6] |    policy_gradient_loss | -0.0748    |
[train_ppo-6] |    std                  | 0.117      |
[train_ppo-6] |    value_loss           | 0.00496    |
[train_ppo-6] ----------------------------------------
[train_ppo-6] Early stopping at step 7 due to reaching max kl: 0.77
[train_ppo-6] PPO progress: 244000/2500000 (10%) | ep_rew_mean=635.44 | ep_len_mean=575 | episodes=100 | fps=8
[train_ppo-6] ---------------------------------------
[train_ppo-6] | rollout/                |           |
[train_ppo-6] |    ep_len_mean          | 575       |
[train_ppo-6] |    ep_rew_mean          | 635       |
[train_ppo-6] | time/                   |           |
[train_ppo-6] |    fps                  | 8         |
[train_ppo-6] |    iterations           | 239       |
[train_ppo-6] |    time_elapsed         | 28104     |
[train_ppo-6] |    total_timesteps      | 244736    |
[train_ppo-6] | train/                  |           |
[train_ppo-6] |    approx_kl            | 0.4184401 |
[train_ppo-6] |    clip_fraction        | 0.565     |
[train_ppo-6] |    clip_range           | 0.2       |
[train_ppo-6] |    clip_range_vf        | 0.2       |
[train_ppo-6] |    entropy_loss         | 1.46      |
[train_ppo-6] |    explained_variance   | 0.276     |
[train_ppo-6] |    learning_rate        | 0.000277  |
[train_ppo-6] |    loss                 | -0.0522   |
[train_ppo-6] |    n_updates            | 1918      |
[train_ppo-6] |    policy_gradient_loss | -0.0456   |
[train_ppo-6] |    std                  | 0.116     |
[train_ppo-6] |    value_loss           | 0.0902    |
[train_ppo-6] ---------------------------------------
[train_ppo-6] Early stopping at step 1 due to reaching max kl: 0.78
[train_ppo-6] PPO progress: 245000/2500000 (10%) | ep_rew_mean=635.44 | ep_len_mean=575 | episodes=100 | fps=8
[train_ppo-6] ----------------------------------------
[train_ppo-6] | rollout/                |            |
[train_ppo-6] |    ep_len_mean          | 575        |
[train_ppo-6] |    ep_rew_mean          | 633        |
[train_ppo-6] | time/                   |            |
[train_ppo-6] |    fps                  | 8          |
[train_ppo-6] |    iterations           | 240        |
[train_ppo-6] |    time_elapsed         | 28226      |
[train_ppo-6] |    total_timesteps      | 245760     |
[train_ppo-6] | train/                  |            |
[train_ppo-6] |    approx_kl            | 0.51783776 |
[train_ppo-6] |    clip_fraction        | 0.474      |
[train_ppo-6] |    clip_range           | 0.2        |
[train_ppo-6] |    clip_range_vf        | 0.2        |
[train_ppo-6] |    entropy_loss         | 1.48       |
[train_ppo-6] |    explained_variance   | 0.468      |
[train_ppo-6] |    learning_rate        | 0.000277   |
[train_ppo-6] |    loss                 | -0.00359   |
[train_ppo-6] |    n_updates            | 1920       |
[train_ppo-6] |    policy_gradient_loss | 0.017      |
[train_ppo-6] |    std                  | 0.116      |
[train_ppo-6] |    value_loss           | 0.0125     |
[train_ppo-6] ----------------------------------------
[train_ppo-6] Early stopping at step 3 due to reaching max kl: 0.86
[train_ppo-6] PPO progress: 246000/2500000 (10%) | ep_rew_mean=633.21 | ep_len_mean=575 | episodes=100 | fps=8
[train_ppo-6] ----------------------------------------
[train_ppo-6] | rollout/                |            |
[train_ppo-6] |    ep_len_mean          | 563        |
[train_ppo-6] |    ep_rew_mean          | 619        |
[train_ppo-6] | time/                   |            |
[train_ppo-6] |    fps                  | 8          |
[train_ppo-6] |    iterations           | 241        |
[train_ppo-6] |    time_elapsed         | 28343      |
[train_ppo-6] |    total_timesteps      | 246784     |
[train_ppo-6] | train/                  |            |
[train_ppo-6] |    approx_kl            | 0.44327307 |
[train_ppo-6] |    clip_fraction        | 0.515      |
[train_ppo-6] |    clip_range           | 0.2        |
[train_ppo-6] |    clip_range_vf        | 0.2        |
[train_ppo-6] |    entropy_loss         | 1.47       |
[train_ppo-6] |    explained_variance   | 0.667      |
[train_ppo-6] |    learning_rate        | 0.000276   |
[train_ppo-6] |    loss                 | -0.0284    |
[train_ppo-6] |    n_updates            | 1924       |
[train_ppo-6] |    policy_gradient_loss | -0.019     |
[train_ppo-6] |    std                  | 0.117      |
[train_ppo-6] |    value_loss           | 0.0616     |
[train_ppo-6] ----------------------------------------
[train_ppo-6] PPO progress: 247000/2500000 (10%) | ep_rew_mean=618.93 | ep_len_mean=563 | episodes=100 | fps=8
[train_ppo-6] ----------------------------------------
[train_ppo-6] | rollout/                |            |
[train_ppo-6] |    ep_len_mean          | 563        |
[train_ppo-6] |    ep_rew_mean          | 619        |
[train_ppo-6] | time/                   |            |
[train_ppo-6] |    fps                  | 8          |
[train_ppo-6] |    iterations           | 242        |
[train_ppo-6] |    time_elapsed         | 28460      |
[train_ppo-6] |    total_timesteps      | 247808     |
[train_ppo-6] | train/                  |            |
[train_ppo-6] |    approx_kl            | 0.13973401 |
[train_ppo-6] |    clip_fraction        | 0.477      |
[train_ppo-6] |    clip_range           | 0.2        |
[train_ppo-6] |    clip_range_vf        | 0.2        |
[train_ppo-6] |    entropy_loss         | 1.48       |
[train_ppo-6] |    explained_variance   | 0.556      |
[train_ppo-6] |    learning_rate        | 0.000276   |
[train_ppo-6] |    loss                 | -0.0232    |
[train_ppo-6] |    n_updates            | 1934       |
[train_ppo-6] |    policy_gradient_loss | -0.0462    |
[train_ppo-6] |    std                  | 0.115      |
[train_ppo-6] |    value_loss           | 0.0941     |
[train_ppo-6] ----------------------------------------
[train_ppo-6] PPO progress: 248000/2500000 (10%) | ep_rew_mean=618.93 | ep_len_mean=563 | episodes=100 | fps=8
[train_ppo-6] ----------------------------------------
[train_ppo-6] | rollout/                |            |
[train_ppo-6] |    ep_len_mean          | 580        |
[train_ppo-6] |    ep_rew_mean          | 638        |
[train_ppo-6] | time/                   |            |
[train_ppo-6] |    fps                  | 8          |
[train_ppo-6] |    iterations           | 243        |
[train_ppo-6] |    time_elapsed         | 28576      |
[train_ppo-6] |    total_timesteps      | 248832     |
[train_ppo-6] | train/                  |            |
[train_ppo-6] |    approx_kl            | 0.14573932 |
[train_ppo-6] |    clip_fraction        | 0.512      |
[train_ppo-6] |    clip_range           | 0.2        |
[train_ppo-6] |    clip_range_vf        | 0.2        |
[train_ppo-6] |    entropy_loss         | 1.51       |
[train_ppo-6] |    explained_variance   | 0.069      |
[train_ppo-6] |    learning_rate        | 0.000276   |
[train_ppo-6] |    loss                 | -0.0913    |
[train_ppo-6] |    n_updates            | 1944       |
[train_ppo-6] |    policy_gradient_loss | -0.0757    |
[train_ppo-6] |    std                  | 0.114      |
[train_ppo-6] |    value_loss           | 0.00278    |
[train_ppo-6] ----------------------------------------
[train_ppo-6] Early stopping at step 5 due to reaching max kl: 0.83
[train_ppo-6] PPO progress: 249000/2500000 (10%) | ep_rew_mean=637.69 | ep_len_mean=580 | episodes=100 | fps=8
[train_ppo-6] --------------------------------------
[train_ppo-6] | rollout/                |          |
[train_ppo-6] |    ep_len_mean          | 554      |
[train_ppo-6] |    ep_rew_mean          | 606      |
[train_ppo-6] | time/                   |          |
[train_ppo-6] |    fps                  | 8        |
[train_ppo-6] |    iterations           | 244      |
[train_ppo-6] |    time_elapsed         | 28696    |
[train_ppo-6] |    total_timesteps      | 249856   |
[train_ppo-6] | train/                  |          |
[train_ppo-6] |    approx_kl            | 0.451281 |
[train_ppo-6] |    clip_fraction        | 0.531    |
[train_ppo-6] |    clip_range           | 0.2      |
[train_ppo-6] |    clip_range_vf        | 0.2      |
[train_ppo-6] |    entropy_loss         | 1.52     |
[train_ppo-6] |    explained_variance   | 0.109    |
[train_ppo-6] |    learning_rate        | 0.000276 |
[train_ppo-6] |    loss                 | -0.0246  |
[train_ppo-6] |    n_updates            | 1950     |
[train_ppo-6] |    policy_gradient_loss | -0.0389  |
[train_ppo-6] |    std                  | 0.113    |
[train_ppo-6] |    value_loss           | 0.0829   |
[train_ppo-6] --------------------------------------
[train_ppo-6] Early stopping at step 4 due to reaching max kl: 0.75
[train_ppo-6] PPO progress: 250000/2500000 (10%) | ep_rew_mean=605.96 | ep_len_mean=554 | episodes=100 | fps=8
[train_ppo-6] ----------------------------------------
[train_ppo-6] | rollout/                |            |
[train_ppo-6] |    ep_len_mean          | 554        |
[train_ppo-6] |    ep_rew_mean          | 606        |
[train_ppo-6] | time/                   |            |
[train_ppo-6] |    fps                  | 8          |
[train_ppo-6] |    iterations           | 245        |
[train_ppo-6] |    time_elapsed         | 28813      |
[train_ppo-6] |    total_timesteps      | 250880     |
[train_ppo-6] | train/                  |            |
[train_ppo-6] |    approx_kl            | 0.34952465 |
[train_ppo-6] |    clip_fraction        | 0.541      |
[train_ppo-6] |    clip_range           | 0.2        |
[train_ppo-6] |    clip_range_vf        | 0.2        |
[train_ppo-6] |    entropy_loss         | 1.53       |
[train_ppo-6] |    explained_variance   | 0.815      |
[train_ppo-6] |    learning_rate        | 0.000276   |
[train_ppo-6] |    loss                 | 0.00379    |
[train_ppo-6] |    n_updates            | 1955       |
[train_ppo-6] |    policy_gradient_loss | -0.0223    |
[train_ppo-6] |    std                  | 0.113      |
[train_ppo-6] |    value_loss           | 0.0726     |
[train_ppo-6] ----------------------------------------
[train_ppo-6] Early stopping at step 1 due to reaching max kl: 0.96
[train_ppo-6] PPO progress: 251000/2500000 (10%) | ep_rew_mean=605.96 | ep_len_mean=554 | episodes=100 | fps=8
[train_ppo-6] ---------------------------------------
[train_ppo-6] | rollout/                |           |
[train_ppo-6] |    ep_len_mean          | 557       |
[train_ppo-6] |    ep_rew_mean          | 609       |
[train_ppo-6] | time/                   |           |
[train_ppo-6] |    fps                  | 8         |
[train_ppo-6] |    iterations           | 246       |
[train_ppo-6] |    time_elapsed         | 28943     |
[train_ppo-6] |    total_timesteps      | 251904    |
[train_ppo-6] | train/                  |           |
[train_ppo-6] |    approx_kl            | 0.3010597 |
[train_ppo-6] |    clip_fraction        | 0.438     |
[train_ppo-6] |    clip_range           | 0.2       |
[train_ppo-6] |    clip_range_vf        | 0.2       |
[train_ppo-6] |    entropy_loss         | 1.54      |
[train_ppo-6] |    explained_variance   | 0.465     |
[train_ppo-6] |    learning_rate        | 0.000276  |
[train_ppo-6] |    loss                 | 0.00921   |
[train_ppo-6] |    n_updates            | 1957      |
[train_ppo-6] |    policy_gradient_loss | 0.0212    |
[train_ppo-6] |    std                  | 0.113     |
[train_ppo-6] |    value_loss           | 0.00992   |
[train_ppo-6] ---------------------------------------
[train_ppo-6] PPO progress: 252000/2500000 (10%) | ep_rew_mean=592.62 | ep_len_mean=543 | episodes=100 | fps=8
[train_ppo-6] ---------------------------------------
[train_ppo-6] | rollout/                |           |
[train_ppo-6] |    ep_len_mean          | 543       |
[train_ppo-6] |    ep_rew_mean          | 593       |
[train_ppo-6] | time/                   |           |
[train_ppo-6] |    fps                  | 8         |
[train_ppo-6] |    iterations           | 247       |
[train_ppo-6] |    time_elapsed         | 29060     |
[train_ppo-6] |    total_timesteps      | 252928    |
[train_ppo-6] | train/                  |           |
[train_ppo-6] |    approx_kl            | 0.3067201 |
[train_ppo-6] |    clip_fraction        | 0.576     |
[train_ppo-6] |    clip_range           | 0.2       |
[train_ppo-6] |    clip_range_vf        | 0.2       |
[train_ppo-6] |    entropy_loss         | 1.54      |
[train_ppo-6] |    explained_variance   | 0.798     |
[train_ppo-6] |    learning_rate        | 0.000276  |
[train_ppo-6] |    loss                 | 0.0566    |
[train_ppo-6] |    n_updates            | 1967      |
[train_ppo-6] |    policy_gradient_loss | -0.0533   |
[train_ppo-6] |    std                  | 0.111     |
[train_ppo-6] |    value_loss           | 0.0874    |
[train_ppo-6] ---------------------------------------
[train_ppo-6] Early stopping at step 2 due to reaching max kl: 0.80
[train_ppo-6] PPO progress: 253000/2500000 (10%) | ep_rew_mean=592.62 | ep_len_mean=543 | episodes=100 | fps=8
[train_ppo-6] ----------------------------------------
[train_ppo-6] | rollout/                |            |
[train_ppo-6] |    ep_len_mean          | 543        |
[train_ppo-6] |    ep_rew_mean          | 593        |
[train_ppo-6] | time/                   |            |
[train_ppo-6] |    fps                  | 8          |
[train_ppo-6] |    iterations           | 248        |
[train_ppo-6] |    time_elapsed         | 29176      |
[train_ppo-6] |    total_timesteps      | 253952     |
[train_ppo-6] | train/                  |            |
[train_ppo-6] |    approx_kl            | 0.32556164 |
[train_ppo-6] |    clip_fraction        | 0.491      |
[train_ppo-6] |    clip_range           | 0.2        |
[train_ppo-6] |    clip_range_vf        | 0.2        |
[train_ppo-6] |    entropy_loss         | 1.57       |
[train_ppo-6] |    explained_variance   | 0.945      |
[train_ppo-6] |    learning_rate        | 0.000276   |
[train_ppo-6] |    loss                 | -0.0212    |
[train_ppo-6] |    n_updates            | 1970       |
[train_ppo-6] |    policy_gradient_loss | -0.0222    |
[train_ppo-6] |    std                  | 0.111      |
[train_ppo-6] |    value_loss           | 0.0168     |
[train_ppo-6] ----------------------------------------
[train_ppo-6] Early stopping at step 1 due to reaching max kl: 4.76
[train_ppo-6] PPO progress: 254000/2500000 (10%) | ep_rew_mean=611.85 | ep_len_mean=561 | episodes=100 | fps=8
[train_ppo-6] ---------------------------------------
[train_ppo-6] | rollout/                |           |
[train_ppo-6] |    ep_len_mean          | 561       |
[train_ppo-6] |    ep_rew_mean          | 612       |
[train_ppo-6] | time/                   |           |
[train_ppo-6] |    fps                  | 8         |
[train_ppo-6] |    iterations           | 249       |
[train_ppo-6] |    time_elapsed         | 29293     |
[train_ppo-6] |    total_timesteps      | 254976    |
[train_ppo-6] | train/                  |           |
[train_ppo-6] |    approx_kl            | 0.6017132 |
[train_ppo-6] |    clip_fraction        | 0.502     |
[train_ppo-6] |    clip_range           | 0.2       |
[train_ppo-6] |    clip_range_vf        | 0.2       |
[train_ppo-6] |    entropy_loss         | 1.56      |
[train_ppo-6] |    explained_variance   | 0.554     |
[train_ppo-6] |    learning_rate        | 0.000276  |
[train_ppo-6] |    loss                 | -0.00663  |
[train_ppo-6] |    n_updates            | 1972      |
[train_ppo-6] |    policy_gradient_loss | 0.0218    |
[train_ppo-6] |    std                  | 0.112     |
[train_ppo-6] |    value_loss           | 0.00853   |
[train_ppo-6] ---------------------------------------
[train_ppo-6] Early stopping at step 2 due to reaching max kl: 1.10
[train_ppo-6] PPO progress: 255000/2500000 (10%) | ep_rew_mean=611.85 | ep_len_mean=561 | episodes=100 | fps=8
[train_ppo-6] PPO progress: 256000/2500000 (10%) | ep_rew_mean=611.85 | ep_len_mean=561 | episodes=100 | fps=8
[train_ppo-6] ---------------------------------------
[train_ppo-6] | rollout/                |           |
[train_ppo-6] |    ep_len_mean          | 561       |
[train_ppo-6] |    ep_rew_mean          | 612       |
[train_ppo-6] | time/                   |           |
[train_ppo-6] |    fps                  | 8         |
[train_ppo-6] |    iterations           | 250       |
[train_ppo-6] |    time_elapsed         | 29409     |
[train_ppo-6] |    total_timesteps      | 256000    |
[train_ppo-6] | train/                  |           |
[train_ppo-6] |    approx_kl            | 0.6480101 |
[train_ppo-6] |    clip_fraction        | 0.475     |
[train_ppo-6] |    clip_range           | 0.2       |
[train_ppo-6] |    clip_range_vf        | 0.2       |
[train_ppo-6] |    entropy_loss         | 1.56      |
[train_ppo-6] |    explained_variance   | 0.44      |
[train_ppo-6] |    learning_rate        | 0.000276  |
[train_ppo-6] |    loss                 | 0.0062    |
[train_ppo-6] |    n_updates            | 1975      |
[train_ppo-6] |    policy_gradient_loss | 0.00672   |
[train_ppo-6] |    std                  | 0.112     |
[train_ppo-6] |    value_loss           | 0.0247    |
[train_ppo-6] ---------------------------------------
[train_ppo-6] Early stopping at step 1 due to reaching max kl: 0.84
[train_ppo-6] PPO progress: 257000/2500000 (10%) | ep_rew_mean=611.47 | ep_len_mean=561 | episodes=100 | fps=8
[train_ppo-6] ---------------------------------------
[train_ppo-6] | rollout/                |           |
[train_ppo-6] |    ep_len_mean          | 561       |
[train_ppo-6] |    ep_rew_mean          | 611       |
[train_ppo-6] | time/                   |           |
[train_ppo-6] |    fps                  | 8         |
[train_ppo-6] |    iterations           | 251       |
[train_ppo-6] |    time_elapsed         | 29526     |
[train_ppo-6] |    total_timesteps      | 257024    |
[train_ppo-6] | train/                  |           |
[train_ppo-6] |    approx_kl            | 0.5173314 |
[train_ppo-6] |    clip_fraction        | 0.51      |
[train_ppo-6] |    clip_range           | 0.2       |
[train_ppo-6] |    clip_range_vf        | 0.2       |
[train_ppo-6] |    entropy_loss         | 1.55      |
[train_ppo-6] |    explained_variance   | 0.517     |
[train_ppo-6] |    learning_rate        | 0.000275  |
[train_ppo-6] |    loss                 | 0.00975   |
[train_ppo-6] |    n_updates            | 1977      |
[train_ppo-6] |    policy_gradient_loss | 0.0384    |
[train_ppo-6] |    std                  | 0.112     |
[train_ppo-6] |    value_loss           | 0.0154    |
[train_ppo-6] ---------------------------------------
[train_ppo-6] Early stopping at step 3 due to reaching max kl: 1.15
[train_ppo-6] PPO progress: 258000/2500000 (10%) | ep_rew_mean=611.47 | ep_len_mean=561 | episodes=100 | fps=8
[train_ppo-6] ----------------------------------------
[train_ppo-6] | rollout/                |            |
[train_ppo-6] |    ep_len_mean          | 561        |
[train_ppo-6] |    ep_rew_mean          | 611        |
[train_ppo-6] | time/                   |            |
[train_ppo-6] |    fps                  | 8          |
[train_ppo-6] |    iterations           | 252        |
[train_ppo-6] |    time_elapsed         | 29643      |
[train_ppo-6] |    total_timesteps      | 258048     |
[train_ppo-6] | train/                  |            |
[train_ppo-6] |    approx_kl            | 0.33445203 |
[train_ppo-6] |    clip_fraction        | 0.52       |
[train_ppo-6] |    clip_range           | 0.2        |
[train_ppo-6] |    clip_range_vf        | 0.2        |
[train_ppo-6] |    entropy_loss         | 1.55       |
[train_ppo-6] |    explained_variance   | 0.614      |
[train_ppo-6] |    learning_rate        | 0.000275   |
[train_ppo-6] |    loss                 | 0.0237     |
[train_ppo-6] |    n_updates            | 1981       |
[train_ppo-6] |    policy_gradient_loss | -0.0239    |
[train_ppo-6] |    std                  | 0.112      |
[train_ppo-6] |    value_loss           | 0.0753     |
[train_ppo-6] ----------------------------------------
[train_ppo-6] Early stopping at step 1 due to reaching max kl: 0.82
[train_ppo-6] PPO progress: 259000/2500000 (10%) | ep_rew_mean=636.53 | ep_len_mean=583 | episodes=100 | fps=8
[train_ppo-6] ---------------------------------------
[train_ppo-6] | rollout/                |           |
[train_ppo-6] |    ep_len_mean          | 583       |
[train_ppo-6] |    ep_rew_mean          | 637       |
[train_ppo-6] | time/                   |           |
[train_ppo-6] |    fps                  | 8         |
[train_ppo-6] |    iterations           | 253       |
[train_ppo-6] |    time_elapsed         | 29760     |
[train_ppo-6] |    total_timesteps      | 259072    |
[train_ppo-6] | train/                  |           |
[train_ppo-6] |    approx_kl            | 0.2722568 |
[train_ppo-6] |    clip_fraction        | 0.454     |
[train_ppo-6] |    clip_range           | 0.2       |
[train_ppo-6] |    clip_range_vf        | 0.2       |
[train_ppo-6] |    entropy_loss         | 1.55      |
[train_ppo-6] |    explained_variance   | 0.566     |
[train_ppo-6] |    learning_rate        | 0.000275  |
[train_ppo-6] |    loss                 | 0.035     |
[train_ppo-6] |    n_updates            | 1983      |
[train_ppo-6] |    policy_gradient_loss | -0.00429  |
[train_ppo-6] |    std                  | 0.112     |
[train_ppo-6] |    value_loss           | 0.0125    |
[train_ppo-6] ---------------------------------------
[train_ppo-6] PPO progress: 260000/2500000 (10%) | ep_rew_mean=636.60 | ep_len_mean=583 | episodes=100 | fps=8
[train_ppo-6] ----------------------------------------
[train_ppo-6] | rollout/                |            |
[train_ppo-6] |    ep_len_mean          | 583        |
[train_ppo-6] |    ep_rew_mean          | 637        |
[train_ppo-6] | time/                   |            |
[train_ppo-6] |    fps                  | 8          |
[train_ppo-6] |    iterations           | 254        |
[train_ppo-6] |    time_elapsed         | 29877      |
[train_ppo-6] |    total_timesteps      | 260096     |
[train_ppo-6] | train/                  |            |
[train_ppo-6] |    approx_kl            | 0.27104914 |
[train_ppo-6] |    clip_fraction        | 0.542      |
[train_ppo-6] |    clip_range           | 0.2        |
[train_ppo-6] |    clip_range_vf        | 0.2        |
[train_ppo-6] |    entropy_loss         | 1.55       |
[train_ppo-6] |    explained_variance   | 0.48       |
[train_ppo-6] |    learning_rate        | 0.000275   |
[train_ppo-6] |    loss                 | -0.0207    |
[train_ppo-6] |    n_updates            | 1993       |
[train_ppo-6] |    policy_gradient_loss | -0.0431    |
[train_ppo-6] |    std                  | 0.112      |
[train_ppo-6] |    value_loss           | 0.0727     |
[train_ppo-6] ----------------------------------------
[train_ppo-6] PPO progress: 261000/2500000 (10%) | ep_rew_mean=636.60 | ep_len_mean=583 | episodes=100 | fps=8
[train_ppo-6] ----------------------------------------
[train_ppo-6] | rollout/                |            |
[train_ppo-6] |    ep_len_mean          | 583        |
[train_ppo-6] |    ep_rew_mean          | 637        |
[train_ppo-6] | time/                   |            |
[train_ppo-6] |    fps                  | 8          |
[train_ppo-6] |    iterations           | 255        |
[train_ppo-6] |    time_elapsed         | 29993      |
[train_ppo-6] |    total_timesteps      | 261120     |
[train_ppo-6] | train/                  |            |
[train_ppo-6] |    approx_kl            | 0.14794344 |
[train_ppo-6] |    clip_fraction        | 0.456      |
[train_ppo-6] |    clip_range           | 0.2        |
[train_ppo-6] |    clip_range_vf        | 0.2        |
[train_ppo-6] |    entropy_loss         | 1.56       |
[train_ppo-6] |    explained_variance   | -0.19      |
[train_ppo-6] |    learning_rate        | 0.000275   |
[train_ppo-6] |    loss                 | 0.0752     |
[train_ppo-6] |    n_updates            | 2003       |
[train_ppo-6] |    policy_gradient_loss | -0.0378    |
[train_ppo-6] |    std                  | 0.111      |
[train_ppo-6] |    value_loss           | 0.0916     |
[train_ppo-6] ----------------------------------------
[gazebo-2] NodeShared::RecvSrvRequest() error sending response: Host unreachable
[train_ppo-6] [WARN] [1787249217.643820995] [cobraflex_rl_interface]: Gazebo service call failed for /world/lane_following_complex_b/set_pose: Service call timed out
[train_ppo-6] PPO progress: 262000/2500000 (10%) | ep_rew_mean=654.33 | ep_len_mean=599 | episodes=100 | fps=8
[train_ppo-6] -----------------------------------------
[train_ppo-6] | rollout/                |             |
[train_ppo-6] |    ep_len_mean          | 599         |
[train_ppo-6] |    ep_rew_mean          | 654         |
[train_ppo-6] | time/                   |             |
[train_ppo-6] |    fps                  | 8           |
[train_ppo-6] |    iterations           | 256         |
[train_ppo-6] |    time_elapsed         | 30117       |
[train_ppo-6] |    total_timesteps      | 262144      |
[train_ppo-6] | train/                  |             |
[train_ppo-6] |    approx_kl            | 0.110409774 |
[train_ppo-6] |    clip_fraction        | 0.473       |
[train_ppo-6] |    clip_range           | 0.2         |
[train_ppo-6] |    clip_range_vf        | 0.2         |
[train_ppo-6] |    entropy_loss         | 1.57        |
[train_ppo-6] |    explained_variance   | 0.639       |
[train_ppo-6] |    learning_rate        | 0.000275    |
[train_ppo-6] |    loss                 | -0.0476     |
[train_ppo-6] |    n_updates            | 2013        |
[train_ppo-6] |    policy_gradient_loss | -0.0485     |
[train_ppo-6] |    std                  | 0.111       |
[train_ppo-6] |    value_loss           | 0.00364     |
[train_ppo-6] -----------------------------------------
[train_ppo-6] PPO progress: 263000/2500000 (11%) | ep_rew_mean=654.33 | ep_len_mean=599 | episodes=100 | fps=8
[train_ppo-6] ----------------------------------------
[train_ppo-6] | rollout/                |            |
[train_ppo-6] |    ep_len_mean          | 599        |
[train_ppo-6] |    ep_rew_mean          | 654        |
[train_ppo-6] | time/                   |            |
[train_ppo-6] |    fps                  | 8          |
[train_ppo-6] |    iterations           | 257        |
[train_ppo-6] |    time_elapsed         | 30234      |
[train_ppo-6] |    total_timesteps      | 263168     |
[train_ppo-6] | train/                  |            |
[train_ppo-6] |    approx_kl            | 0.20164363 |
[train_ppo-6] |    clip_fraction        | 0.467      |
[train_ppo-6] |    clip_range           | 0.2        |
[train_ppo-6] |    clip_range_vf        | 0.2        |
[train_ppo-6] |    entropy_loss         | 1.57       |
[train_ppo-6] |    explained_variance   | 0.554      |
[train_ppo-6] |    learning_rate        | 0.000275   |
[train_ppo-6] |    loss                 | -0.0436    |
[train_ppo-6] |    n_updates            | 2023       |
[train_ppo-6] |    policy_gradient_loss | -0.0509    |
[train_ppo-6] |    std                  | 0.11       |
[train_ppo-6] |    value_loss           | 0.101      |
[train_ppo-6] ----------------------------------------
[gazebo-2] NodeShared::RecvSrvRequest() error sending response: Host unreachable
[train_ppo-6] [WARN] [1787249499.715770512] [cobraflex_rl_interface]: Gazebo service call failed for /world/lane_following_complex_b/set_pose: Service call timed out
[gazebo-2] NodeShared::RecvSrvRequest() error sending response: Host unreachable
[train_ppo-6] [WARN] [1787249503.764718147] [cobraflex_rl_interface]: Gazebo service call failed for /world/lane_following_complex_b/set_pose: Service call timed out
[train_ppo-6] PPO progress: 264000/2500000 (11%) | ep_rew_mean=666.79 | ep_len_mean=610 | episodes=100 | fps=8
[train_ppo-6] ----------------------------------------
[train_ppo-6] | rollout/                |            |
[train_ppo-6] |    ep_len_mean          | 593        |
[train_ppo-6] |    ep_rew_mean          | 648        |
[train_ppo-6] | time/                   |            |
[train_ppo-6] |    fps                  | 8          |
[train_ppo-6] |    iterations           | 258        |
[train_ppo-6] |    time_elapsed         | 30367      |
[train_ppo-6] |    total_timesteps      | 264192     |
[train_ppo-6] | train/                  |            |
[train_ppo-6] |    approx_kl            | 0.12912495 |
[train_ppo-6] |    clip_fraction        | 0.491      |
[train_ppo-6] |    clip_range           | 0.2        |
[train_ppo-6] |    clip_range_vf        | 0.2        |
[train_ppo-6] |    entropy_loss         | 1.6        |
[train_ppo-6] |    explained_variance   | 0.587      |
[train_ppo-6] |    learning_rate        | 0.000275   |
[train_ppo-6] |    loss                 | -0.0917    |
[train_ppo-6] |    n_updates            | 2033       |
[train_ppo-6] |    policy_gradient_loss | -0.0728    |
[train_ppo-6] |    std                  | 0.11       |
[train_ppo-6] |    value_loss           | 0.00277    |
[train_ppo-6] ----------------------------------------
[train_ppo-6] PPO progress: 265000/2500000 (11%) | ep_rew_mean=648.10 | ep_len_mean=593 | episodes=100 | fps=8
[train_ppo-6] ----------------------------------------
[train_ppo-6] | rollout/                |            |
[train_ppo-6] |    ep_len_mean          | 593        |
[train_ppo-6] |    ep_rew_mean          | 648        |
[train_ppo-6] | time/                   |            |
[train_ppo-6] |    fps                  | 8          |
[train_ppo-6] |    iterations           | 259        |
[train_ppo-6] |    time_elapsed         | 30483      |
[train_ppo-6] |    total_timesteps      | 265216     |
[train_ppo-6] | train/                  |            |
[train_ppo-6] |    approx_kl            | 0.12780936 |
[train_ppo-6] |    clip_fraction        | 0.499      |
[train_ppo-6] |    clip_range           | 0.2        |
[train_ppo-6] |    clip_range_vf        | 0.2        |
[train_ppo-6] |    entropy_loss         | 1.59       |
[train_ppo-6] |    explained_variance   | 0.289      |
[train_ppo-6] |    learning_rate        | 0.000275   |
[train_ppo-6] |    loss                 | 0.072      |
[train_ppo-6] |    n_updates            | 2043       |
[train_ppo-6] |    policy_gradient_loss | -0.0296    |
[train_ppo-6] |    std                  | 0.109      |
[train_ppo-6] |    value_loss           | 0.0854     |
[train_ppo-6] ----------------------------------------
[gazebo-2] NodeShared::RecvSrvRequest() error sending response: Host unreachable
[train_ppo-6] [WARN] [1787249746.905296712] [cobraflex_rl_interface]: Gazebo service call failed for /world/lane_following_complex_b/set_pose: Service call timed out
[train_ppo-6] PPO progress: 266000/2500000 (11%) | ep_rew_mean=642.66 | ep_len_mean=589 | episodes=100 | fps=8
[train_ppo-6] ----------------------------------------
[train_ppo-6] | rollout/                |            |
[train_ppo-6] |    ep_len_mean          | 589        |
[train_ppo-6] |    ep_rew_mean          | 643        |
[train_ppo-6] | time/                   |            |
[train_ppo-6] |    fps                  | 8          |
[train_ppo-6] |    iterations           | 260        |
[train_ppo-6] |    time_elapsed         | 30607      |
[train_ppo-6] |    total_timesteps      | 266240     |
[train_ppo-6] | train/                  |            |
[train_ppo-6] |    approx_kl            | 0.16753948 |
[train_ppo-6] |    clip_fraction        | 0.51       |
[train_ppo-6] |    clip_range           | 0.2        |
[train_ppo-6] |    clip_range_vf        | 0.2        |
[train_ppo-6] |    entropy_loss         | 1.62       |
[train_ppo-6] |    explained_variance   | 0.553      |
[train_ppo-6] |    learning_rate        | 0.000275   |
[train_ppo-6] |    loss                 | -0.0513    |
[train_ppo-6] |    n_updates            | 2053       |
[train_ppo-6] |    policy_gradient_loss | -0.0641    |
[train_ppo-6] |    std                  | 0.107      |
[train_ppo-6] |    value_loss           | 0.00749    |
[train_ppo-6] ----------------------------------------
[train_ppo-6] PPO progress: 267000/2500000 (11%) | ep_rew_mean=646.94 | ep_len_mean=593 | episodes=100 | fps=8
[train_ppo-6] ----------------------------------------
[train_ppo-6] | rollout/                |            |
[train_ppo-6] |    ep_len_mean          | 593        |
[train_ppo-6] |    ep_rew_mean          | 647        |
[train_ppo-6] | time/                   |            |
[train_ppo-6] |    fps                  | 8          |
[train_ppo-6] |    iterations           | 261        |
[train_ppo-6] |    time_elapsed         | 30724      |
[train_ppo-6] |    total_timesteps      | 267264     |
[train_ppo-6] | train/                  |            |
[train_ppo-6] |    approx_kl            | 0.18710977 |
[train_ppo-6] |    clip_fraction        | 0.473      |
[train_ppo-6] |    clip_range           | 0.2        |
[train_ppo-6] |    clip_range_vf        | 0.2        |
[train_ppo-6] |    entropy_loss         | 1.64       |
[train_ppo-6] |    explained_variance   | 0.632      |
[train_ppo-6] |    learning_rate        | 0.000274   |
[train_ppo-6] |    loss                 | 0.0772     |
[train_ppo-6] |    n_updates            | 2063       |
[train_ppo-6] |    policy_gradient_loss | -0.048     |
[train_ppo-6] |    std                  | 0.107      |
[train_ppo-6] |    value_loss           | 0.135      |
[train_ppo-6] ----------------------------------------
[train_ppo-6] Early stopping at step 7 due to reaching max kl: 0.88
[train_ppo-6] PPO progress: 268000/2500000 (11%) | ep_rew_mean=646.94 | ep_len_mean=593 | episodes=100 | fps=8
[train_ppo-6] ----------------------------------------
[train_ppo-6] | rollout/                |            |
[train_ppo-6] |    ep_len_mean          | 593        |
[train_ppo-6] |    ep_rew_mean          | 647        |
[train_ppo-6] | time/                   |            |
[train_ppo-6] |    fps                  | 8          |
[train_ppo-6] |    iterations           | 262        |
[train_ppo-6] |    time_elapsed         | 30841      |
[train_ppo-6] |    total_timesteps      | 268288     |
[train_ppo-6] | train/                  |            |
[train_ppo-6] |    approx_kl            | 0.27147275 |
[train_ppo-6] |    clip_fraction        | 0.459      |
[train_ppo-6] |    clip_range           | 0.2        |
[train_ppo-6] |    clip_range_vf        | 0.2        |
[train_ppo-6] |    entropy_loss         | 1.65       |
[train_ppo-6] |    explained_variance   | 0.712      |
[train_ppo-6] |    learning_rate        | 0.000274   |
[train_ppo-6] |    loss                 | -0.00499   |
[train_ppo-6] |    n_updates            | 2071       |
[train_ppo-6] |    policy_gradient_loss | -0.0304    |
[train_ppo-6] |    std                  | 0.107      |
[train_ppo-6] |    value_loss           | 0.0277     |
[train_ppo-6] ----------------------------------------
[gazebo-2] NodeShared::RecvSrvRequest() error sending response: Host unreachable
[train_ppo-6] [WARN] [1787250031.779822074] [cobraflex_rl_interface]: Gazebo service call failed for /world/lane_following_complex_b/set_pose: Service call timed out
[train_ppo-6] PPO progress: 269000/2500000 (11%) | ep_rew_mean=672.55 | ep_len_mean=617 | episodes=100 | fps=8
[train_ppo-6] ----------------------------------------
[train_ppo-6] | rollout/                |            |
[train_ppo-6] |    ep_len_mean          | 617        |
[train_ppo-6] |    ep_rew_mean          | 673        |
[train_ppo-6] | time/                   |            |
[train_ppo-6] |    fps                  | 8          |
[train_ppo-6] |    iterations           | 263        |
[train_ppo-6] |    time_elapsed         | 30962      |
[train_ppo-6] |    total_timesteps      | 269312     |
[train_ppo-6] | train/                  |            |
[train_ppo-6] |    approx_kl            | 0.17907959 |
[train_ppo-6] |    clip_fraction        | 0.515      |
[train_ppo-6] |    clip_range           | 0.2        |
[train_ppo-6] |    clip_range_vf        | 0.2        |
[train_ppo-6] |    entropy_loss         | 1.65       |
[train_ppo-6] |    explained_variance   | 0.492      |
[train_ppo-6] |    learning_rate        | 0.000274   |
[train_ppo-6] |    loss                 | -0.0757    |
[train_ppo-6] |    n_updates            | 2081       |
[train_ppo-6] |    policy_gradient_loss | -0.0676    |
[train_ppo-6] |    std                  | 0.106      |
[train_ppo-6] |    value_loss           | 0.00265    |
[train_ppo-6] ----------------------------------------
[train_ppo-6] Early stopping at step 4 due to reaching max kl: 0.81
[train_ppo-6] PPO progress: 270000/2500000 (11%) | ep_rew_mean=672.55 | ep_len_mean=617 | episodes=100 | fps=8
[train_ppo-6] ----------------------------------------
[train_ppo-6] | rollout/                |            |
[train_ppo-6] |    ep_len_mean          | 617        |
[train_ppo-6] |    ep_rew_mean          | 673        |
[train_ppo-6] | time/                   |            |
[train_ppo-6] |    fps                  | 8          |
[train_ppo-6] |    iterations           | 264        |
[train_ppo-6] |    time_elapsed         | 31078      |
[train_ppo-6] |    total_timesteps      | 270336     |
[train_ppo-6] | train/                  |            |
[train_ppo-6] |    approx_kl            | 0.61526906 |
[train_ppo-6] |    clip_fraction        | 0.576      |
[train_ppo-6] |    clip_range           | 0.2        |
[train_ppo-6] |    clip_range_vf        | 0.2        |
[train_ppo-6] |    entropy_loss         | 1.67       |
[train_ppo-6] |    explained_variance   | 0.476      |
[train_ppo-6] |    learning_rate        | 0.000274   |
[train_ppo-6] |    loss                 | -0.00243   |
[train_ppo-6] |    n_updates            | 2086       |
[train_ppo-6] |    policy_gradient_loss | -0.0177    |
[train_ppo-6] |    std                  | 0.106      |
[train_ppo-6] |    value_loss           | 0.0828     |
[train_ppo-6] ----------------------------------------
[train_ppo-6] Early stopping at step 1 due to reaching max kl: 0.93
[train_ppo-6] PPO progress: 271000/2500000 (11%) | ep_rew_mean=695.53 | ep_len_mean=637 | episodes=100 | fps=8
[train_ppo-6] ----------------------------------------
[train_ppo-6] | rollout/                |            |
[train_ppo-6] |    ep_len_mean          | 637        |
[train_ppo-6] |    ep_rew_mean          | 696        |
[train_ppo-6] | time/                   |            |
[train_ppo-6] |    fps                  | 8          |
[train_ppo-6] |    iterations           | 265        |
[train_ppo-6] |    time_elapsed         | 31195      |
[train_ppo-6] |    total_timesteps      | 271360     |
[train_ppo-6] | train/                  |            |
[train_ppo-6] |    approx_kl            | 0.43032724 |
[train_ppo-6] |    clip_fraction        | 0.47       |
[train_ppo-6] |    clip_range           | 0.2        |
[train_ppo-6] |    clip_range_vf        | 0.2        |
[train_ppo-6] |    entropy_loss         | 1.67       |
[train_ppo-6] |    explained_variance   | 0.525      |
[train_ppo-6] |    learning_rate        | 0.000274   |
[train_ppo-6] |    loss                 | -0.0358    |
[train_ppo-6] |    n_updates            | 2088       |
[train_ppo-6] |    policy_gradient_loss | 0.0202     |
[train_ppo-6] |    std                  | 0.106      |
[train_ppo-6] |    value_loss           | 0.0102     |
[train_ppo-6] ----------------------------------------
[gazebo-2] NodeShared::RecvSrvRequest() error sending response: Host unreachable
[train_ppo-6] [WARN] [1787250417.541728631] [cobraflex_rl_interface]: Gazebo service call failed for /world/lane_following_complex_b/set_pose: Service call timed out
[train_ppo-6] Early stopping at step 3 due to reaching max kl: 0.81
[train_ppo-6] PPO progress: 272000/2500000 (11%) | ep_rew_mean=703.74 | ep_len_mean=644 | episodes=100 | fps=8
[train_ppo-6] ----------------------------------------
[train_ppo-6] | rollout/                |            |
[train_ppo-6] |    ep_len_mean          | 644        |
[train_ppo-6] |    ep_rew_mean          | 704        |
[train_ppo-6] | time/                   |            |
[train_ppo-6] |    fps                  | 8          |
[train_ppo-6] |    iterations           | 266        |
[train_ppo-6] |    time_elapsed         | 31316      |
[train_ppo-6] |    total_timesteps      | 272384     |
[train_ppo-6] | train/                  |            |
[train_ppo-6] |    approx_kl            | 0.81281304 |
[train_ppo-6] |    clip_fraction        | 0.527      |
[train_ppo-6] |    clip_range           | 0.2        |
[train_ppo-6] |    clip_range_vf        | 0.2        |
[train_ppo-6] |    entropy_loss         | 1.67       |
[train_ppo-6] |    explained_variance   | 0.688      |
[train_ppo-6] |    learning_rate        | 0.000274   |
[train_ppo-6] |    loss                 | -0.0544    |
[train_ppo-6] |    n_updates            | 2092       |
[train_ppo-6] |    policy_gradient_loss | -0.0137    |
[train_ppo-6] |    std                  | 0.106      |
[train_ppo-6] |    value_loss           | 0.00703    |
[train_ppo-6] ----------------------------------------
[train_ppo-6] PPO progress: 273000/2500000 (11%) | ep_rew_mean=703.74 | ep_len_mean=644 | episodes=100 | fps=8
[train_ppo-6] ----------------------------------------
[train_ppo-6] | rollout/                |            |
[train_ppo-6] |    ep_len_mean          | 634        |
[train_ppo-6] |    ep_rew_mean          | 692        |
[train_ppo-6] | time/                   |            |
[train_ppo-6] |    fps                  | 8          |
[train_ppo-6] |    iterations           | 267        |
[train_ppo-6] |    time_elapsed         | 31436      |
[train_ppo-6] |    total_timesteps      | 273408     |
[train_ppo-6] | train/                  |            |
[train_ppo-6] |    approx_kl            | 0.20485382 |
[train_ppo-6] |    clip_fraction        | 0.548      |
[train_ppo-6] |    clip_range           | 0.2        |
[train_ppo-6] |    clip_range_vf        | 0.2        |
[train_ppo-6] |    entropy_loss         | 1.68       |
[train_ppo-6] |    explained_variance   | 0.34       |
[train_ppo-6] |    learning_rate        | 0.000274   |
[train_ppo-6] |    loss                 | 0.0632     |
[train_ppo-6] |    n_updates            | 2102       |
[train_ppo-6] |    policy_gradient_loss | -0.0437    |
[train_ppo-6] |    std                  | 0.104      |
[train_ppo-6] |    value_loss           | 0.141      |
[train_ppo-6] ----------------------------------------
[train_ppo-6] Early stopping at step 2 due to reaching max kl: 0.82
[train_ppo-6] PPO progress: 274000/2500000 (11%) | ep_rew_mean=691.78 | ep_len_mean=634 | episodes=100 | fps=8
[train_ppo-6] ---------------------------------------
[train_ppo-6] | rollout/                |           |
[train_ppo-6] |    ep_len_mean          | 634       |
[train_ppo-6] |    ep_rew_mean          | 692       |
[train_ppo-6] | time/                   |           |
[train_ppo-6] |    fps                  | 8         |
[train_ppo-6] |    iterations           | 268       |
[train_ppo-6] |    time_elapsed         | 31552     |
[train_ppo-6] |    total_timesteps      | 274432    |
[train_ppo-6] | train/                  |           |
[train_ppo-6] |    approx_kl            | 0.6487111 |
[train_ppo-6] |    clip_fraction        | 0.442     |
[train_ppo-6] |    clip_range           | 0.2       |
[train_ppo-6] |    clip_range_vf        | 0.2       |
[train_ppo-6] |    entropy_loss         | 1.71      |
[train_ppo-6] |    explained_variance   | 0.328     |
[train_ppo-6] |    learning_rate        | 0.000274  |
[train_ppo-6] |    loss                 | 0.198     |
[train_ppo-6] |    n_updates            | 2105      |
[train_ppo-6] |    policy_gradient_loss | 0.0337    |
[train_ppo-6] |    std                  | 0.104     |
[train_ppo-6] |    value_loss           | 0.102     |
[train_ppo-6] ---------------------------------------
[train_ppo-6] Early stopping at step 4 due to reaching max kl: 0.82
[train_ppo-6] PPO progress: 275000/2500000 (11%) | ep_rew_mean=711.88 | ep_len_mean=653 | episodes=100 | fps=8
[train_ppo-6] ----------------------------------------
[train_ppo-6] | rollout/                |            |
[train_ppo-6] |    ep_len_mean          | 653        |
[train_ppo-6] |    ep_rew_mean          | 712        |
[train_ppo-6] | time/                   |            |
[train_ppo-6] |    fps                  | 8          |
[train_ppo-6] |    iterations           | 269        |
[train_ppo-6] |    time_elapsed         | 31672      |
[train_ppo-6] |    total_timesteps      | 275456     |
[train_ppo-6] | train/                  |            |
[train_ppo-6] |    approx_kl            | 0.58502644 |
[train_ppo-6] |    clip_fraction        | 0.608      |
[train_ppo-6] |    clip_range           | 0.2        |
[train_ppo-6] |    clip_range_vf        | 0.2        |
[train_ppo-6] |    entropy_loss         | 1.7        |
[train_ppo-6] |    explained_variance   | 0.521      |
[train_ppo-6] |    learning_rate        | 0.000274   |
[train_ppo-6] |    loss                 | -0.0792    |
[train_ppo-6] |    n_updates            | 2110       |
[train_ppo-6] |    policy_gradient_loss | -0.00202   |
[train_ppo-6] |    std                  | 0.104      |
[train_ppo-6] |    value_loss           | 0.0191     |
[train_ppo-6] ----------------------------------------
[train_ppo-6] Early stopping at step 2 due to reaching max kl: 0.88
[train_ppo-6] PPO progress: 276000/2500000 (11%) | ep_rew_mean=711.88 | ep_len_mean=653 | episodes=100 | fps=8
[train_ppo-6] ----------------------------------------
[train_ppo-6] | rollout/                |            |
[train_ppo-6] |    ep_len_mean          | 653        |
[train_ppo-6] |    ep_rew_mean          | 712        |
[train_ppo-6] | time/                   |            |
[train_ppo-6] |    fps                  | 8          |
[train_ppo-6] |    iterations           | 270        |
[train_ppo-6] |    time_elapsed         | 31788      |
[train_ppo-6] |    total_timesteps      | 276480     |
[train_ppo-6] | train/                  |            |
[train_ppo-6] |    approx_kl            | 0.38118693 |
[train_ppo-6] |    clip_fraction        | 0.523      |
[train_ppo-6] |    clip_range           | 0.2        |
[train_ppo-6] |    clip_range_vf        | 0.2        |
[train_ppo-6] |    entropy_loss         | 1.7        |
[train_ppo-6] |    explained_variance   | 0.752      |
[train_ppo-6] |    learning_rate        | 0.000274   |
[train_ppo-6] |    loss                 | -0.00437   |
[train_ppo-6] |    n_updates            | 2113       |
[train_ppo-6] |    policy_gradient_loss | -0.0118    |
[train_ppo-6] |    std                  | 0.104      |
[train_ppo-6] |    value_loss           | 0.0625     |
[train_ppo-6] ----------------------------------------
[train_ppo-6] Early stopping at step 3 due to reaching max kl: 1.07
[train_ppo-6] PPO progress: 277000/2500000 (11%) | ep_rew_mean=734.69 | ep_len_mean=673 | episodes=100 | fps=8
[train_ppo-6] ---------------------------------------
[train_ppo-6] | rollout/                |           |
[train_ppo-6] |    ep_len_mean          | 673       |
[train_ppo-6] |    ep_rew_mean          | 735       |
[train_ppo-6] | time/                   |           |
[train_ppo-6] |    fps                  | 8         |
[train_ppo-6] |    iterations           | 271       |
[train_ppo-6] |    time_elapsed         | 31905     |
[train_ppo-6] |    total_timesteps      | 277504    |
[train_ppo-6] | train/                  |           |
[train_ppo-6] |    approx_kl            | 0.5824362 |
[train_ppo-6] |    clip_fraction        | 0.602     |
[train_ppo-6] |    clip_range           | 0.2       |
[train_ppo-6] |    clip_range_vf        | 0.2       |
[train_ppo-6] |    entropy_loss         | 1.7       |
[train_ppo-6] |    explained_variance   | 0.625     |
[train_ppo-6] |    learning_rate        | 0.000273  |
[train_ppo-6] |    loss                 | 0.00554   |
[train_ppo-6] |    n_updates            | 2117      |
[train_ppo-6] |    policy_gradient_loss | 0.00737   |
[train_ppo-6] |    std                  | 0.105     |
[train_ppo-6] |    value_loss           | 0.00781   |
[train_ppo-6] ---------------------------------------
[train_ppo-6] Early stopping at step 7 due to reaching max kl: 0.78
[train_ppo-6] PPO progress: 278000/2500000 (11%) | ep_rew_mean=744.13 | ep_len_mean=682 | episodes=100 | fps=8
[train_ppo-6] ----------------------------------------
[train_ppo-6] | rollout/                |            |
[train_ppo-6] |    ep_len_mean          | 682        |
[train_ppo-6] |    ep_rew_mean          | 744        |
[train_ppo-6] | time/                   |            |
[train_ppo-6] |    fps                  | 8          |
[train_ppo-6] |    iterations           | 272        |
[train_ppo-6] |    time_elapsed         | 32022      |
[train_ppo-6] |    total_timesteps      | 278528     |
[train_ppo-6] | train/                  |            |
[train_ppo-6] |    approx_kl            | 0.77941287 |
[train_ppo-6] |    clip_fraction        | 0.582      |
[train_ppo-6] |    clip_range           | 0.2        |
[train_ppo-6] |    clip_range_vf        | 0.2        |
[train_ppo-6] |    entropy_loss         | 1.69       |
[train_ppo-6] |    explained_variance   | 0.814      |
[train_ppo-6] |    learning_rate        | 0.000273   |
[train_ppo-6] |    loss                 | -0.0681    |
[train_ppo-6] |    n_updates            | 2125       |
[train_ppo-6] |    policy_gradient_loss | -0.0603    |
[train_ppo-6] |    std                  | 0.104      |
[train_ppo-6] |    value_loss           | 0.00688    |
[train_ppo-6] ----------------------------------------
[train_ppo-6] PPO progress: 279000/2500000 (11%) | ep_rew_mean=744.13 | ep_len_mean=682 | episodes=100 | fps=8
[train_ppo-6] ----------------------------------------
[train_ppo-6] | rollout/                |            |
[train_ppo-6] |    ep_len_mean          | 682        |
[train_ppo-6] |    ep_rew_mean          | 744        |
[train_ppo-6] | time/                   |            |
[train_ppo-6] |    fps                  | 8          |
[train_ppo-6] |    iterations           | 273        |
[train_ppo-6] |    time_elapsed         | 32138      |
[train_ppo-6] |    total_timesteps      | 279552     |
[train_ppo-6] | train/                  |            |
[train_ppo-6] |    approx_kl            | 0.22544065 |
[train_ppo-6] |    clip_fraction        | 0.482      |
[train_ppo-6] |    clip_range           | 0.2        |
[train_ppo-6] |    clip_range_vf        | 0.2        |
[train_ppo-6] |    entropy_loss         | 1.71       |
[train_ppo-6] |    explained_variance   | 0.725      |
[train_ppo-6] |    learning_rate        | 0.000273   |
[train_ppo-6] |    loss                 | 0.0824     |
[train_ppo-6] |    n_updates            | 2135       |
[train_ppo-6] |    policy_gradient_loss | -0.0386    |
[train_ppo-6] |    std                  | 0.103      |
[train_ppo-6] |    value_loss           | 0.0823     |
[train_ppo-6] ----------------------------------------
[train_ppo-6] PPO progress: 280000/2500000 (11%) | ep_rew_mean=767.03 | ep_len_mean=703 | episodes=100 | fps=8
[train_ppo-6] ----------------------------------------
[train_ppo-6] | rollout/                |            |
[train_ppo-6] |    ep_len_mean          | 703        |
[train_ppo-6] |    ep_rew_mean          | 767        |
[train_ppo-6] | time/                   |            |
[train_ppo-6] |    fps                  | 8          |
[train_ppo-6] |    iterations           | 274        |
[train_ppo-6] |    time_elapsed         | 32257      |
[train_ppo-6] |    total_timesteps      | 280576     |
[train_ppo-6] | train/                  |            |
[train_ppo-6] |    approx_kl            | 0.13244669 |
[train_ppo-6] |    clip_fraction        | 0.508      |
[train_ppo-6] |    clip_range           | 0.2        |
[train_ppo-6] |    clip_range_vf        | 0.2        |
[train_ppo-6] |    entropy_loss         | 1.73       |
[train_ppo-6] |    explained_variance   | 0.653      |
[train_ppo-6] |    learning_rate        | 0.000273   |
[train_ppo-6] |    loss                 | -0.0478    |
[train_ppo-6] |    n_updates            | 2145       |
[train_ppo-6] |    policy_gradient_loss | -0.0591    |
[train_ppo-6] |    std                  | 0.102      |
[train_ppo-6] |    value_loss           | 0.00389    |
[train_ppo-6] ----------------------------------------
[train_ppo-6] PPO progress: 281000/2500000 (11%) | ep_rew_mean=767.03 | ep_len_mean=703 | episodes=100 | fps=8
[train_ppo-6] ----------------------------------------
[train_ppo-6] | rollout/                |            |
[train_ppo-6] |    ep_len_mean          | 711        |
[train_ppo-6] |    ep_rew_mean          | 777        |
[train_ppo-6] | time/                   |            |
[train_ppo-6] |    fps                  | 8          |
[train_ppo-6] |    iterations           | 275        |
[train_ppo-6] |    time_elapsed         | 32375      |
[train_ppo-6] |    total_timesteps      | 281600     |
[train_ppo-6] | train/                  |            |
[train_ppo-6] |    approx_kl            | 0.14095919 |
[train_ppo-6] |    clip_fraction        | 0.503      |
[train_ppo-6] |    clip_range           | 0.2        |
[train_ppo-6] |    clip_range_vf        | 0.2        |
[train_ppo-6] |    entropy_loss         | 1.74       |
[train_ppo-6] |    explained_variance   | 0.825      |
[train_ppo-6] |    learning_rate        | 0.000273   |
[train_ppo-6] |    loss                 | -0.0639    |
[train_ppo-6] |    n_updates            | 2155       |
[train_ppo-6] |    policy_gradient_loss | -0.0616    |
[train_ppo-6] |    std                  | 0.102      |
[train_ppo-6] |    value_loss           | 0.00597    |
[train_ppo-6] ----------------------------------------
[train_ppo-6] PPO progress: 282000/2500000 (11%) | ep_rew_mean=776.52 | ep_len_mean=711 | episodes=100 | fps=8
[train_ppo-6] ---------------------------------------
[train_ppo-6] | rollout/                |           |
[train_ppo-6] |    ep_len_mean          | 711       |
[train_ppo-6] |    ep_rew_mean          | 777       |
[train_ppo-6] | time/                   |           |
[train_ppo-6] |    fps                  | 8         |
[train_ppo-6] |    iterations           | 276       |
[train_ppo-6] |    time_elapsed         | 32491     |
[train_ppo-6] |    total_timesteps      | 282624    |
[train_ppo-6] | train/                  |           |
[train_ppo-6] |    approx_kl            | 0.1557503 |
[train_ppo-6] |    clip_fraction        | 0.482     |
[train_ppo-6] |    clip_range           | 0.2       |
[train_ppo-6] |    clip_range_vf        | 0.2       |
[train_ppo-6] |    entropy_loss         | 1.74      |
[train_ppo-6] |    explained_variance   | 0.127     |
[train_ppo-6] |    learning_rate        | 0.000273  |
[train_ppo-6] |    loss                 | 0.0695    |
[train_ppo-6] |    n_updates            | 2165      |
[train_ppo-6] |    policy_gradient_loss | -0.0334   |
[train_ppo-6] |    std                  | 0.101     |
[train_ppo-6] |    value_loss           | 0.148     |
[train_ppo-6] ---------------------------------------
[train_ppo-6] Early stopping at step 2 due to reaching max kl: 0.78
[train_ppo-6] PPO progress: 283000/2500000 (11%) | ep_rew_mean=776.52 | ep_len_mean=711 | episodes=100 | fps=8
[gazebo-2] NodeShared::RecvSrvRequest() error sending response: Host unreachable
[train_ppo-6] [WARN] [1787251775.402800897] [cobraflex_rl_interface]: Gazebo service call failed for /world/lane_following_complex_b/set_pose: Service call timed out
[train_ppo-6] ----------------------------------------
[train_ppo-6] | rollout/                |            |
[train_ppo-6] |    ep_len_mean          | 709        |
[train_ppo-6] |    ep_rew_mean          | 774        |
[train_ppo-6] | time/                   |            |
[train_ppo-6] |    fps                  | 8          |
[train_ppo-6] |    iterations           | 277        |
[train_ppo-6] |    time_elapsed         | 32614      |
[train_ppo-6] |    total_timesteps      | 283648     |
[train_ppo-6] | train/                  |            |
[train_ppo-6] |    approx_kl            | 0.34818032 |
[train_ppo-6] |    clip_fraction        | 0.495      |
[train_ppo-6] |    clip_range           | 0.2        |
[train_ppo-6] |    clip_range_vf        | 0.2        |
[train_ppo-6] |    entropy_loss         | 1.76       |
[train_ppo-6] |    explained_variance   | 0.518      |
[train_ppo-6] |    learning_rate        | 0.000273   |
[train_ppo-6] |    loss                 | -0.0499    |
[train_ppo-6] |    n_updates            | 2168       |
[train_ppo-6] |    policy_gradient_loss | -0.00821   |
[train_ppo-6] |    std                  | 0.101      |
[train_ppo-6] |    value_loss           | 0.00638    |
[train_ppo-6] ----------------------------------------
[gazebo-2] NodeShared::RecvSrvRequest() error sending response: Host unreachable
[train_ppo-6] [WARN] [1787251814.802698797] [cobraflex_rl_interface]: Gazebo service call failed for /world/lane_following_complex_b/set_pose: Service call timed out
[train_ppo-6] Early stopping at step 4 due to reaching max kl: 1.07
[train_ppo-6] PPO progress: 284000/2500000 (11%) | ep_rew_mean=750.50 | ep_len_mean=688 | episodes=100 | fps=8
[train_ppo-6] ----------------------------------------
[train_ppo-6] | rollout/                |            |
[train_ppo-6] |    ep_len_mean          | 688        |
[train_ppo-6] |    ep_rew_mean          | 751        |
[train_ppo-6] | time/                   |            |
[train_ppo-6] |    fps                  | 8          |
[train_ppo-6] |    iterations           | 278        |
[train_ppo-6] |    time_elapsed         | 32736      |
[train_ppo-6] |    total_timesteps      | 284672     |
[train_ppo-6] | train/                  |            |
[train_ppo-6] |    approx_kl            | 0.42898268 |
[train_ppo-6] |    clip_fraction        | 0.591      |
[train_ppo-6] |    clip_range           | 0.2        |
[train_ppo-6] |    clip_range_vf        | 0.2        |
[train_ppo-6] |    entropy_loss         | 1.75       |
[train_ppo-6] |    explained_variance   | 0.84       |
[train_ppo-6] |    learning_rate        | 0.000273   |
[train_ppo-6] |    loss                 | -0.0452    |
[train_ppo-6] |    n_updates            | 2173       |
[train_ppo-6] |    policy_gradient_loss | -0.0359    |
[train_ppo-6] |    std                  | 0.102      |
[train_ppo-6] |    value_loss           | 0.00577    |
[train_ppo-6] ----------------------------------------
[train_ppo-6] Early stopping at step 2 due to reaching max kl: 0.79
[train_ppo-6] PPO progress: 285000/2500000 (11%) | ep_rew_mean=750.50 | ep_len_mean=688 | episodes=100 | fps=8
[train_ppo-6] ----------------------------------------
[train_ppo-6] | rollout/                |            |
[train_ppo-6] |    ep_len_mean          | 671        |
[train_ppo-6] |    ep_rew_mean          | 731        |
[train_ppo-6] | time/                   |            |
[train_ppo-6] |    fps                  | 8          |
[train_ppo-6] |    iterations           | 279        |
[train_ppo-6] |    time_elapsed         | 32854      |
[train_ppo-6] |    total_timesteps      | 285696     |
[train_ppo-6] | train/                  |            |
[train_ppo-6] |    approx_kl            | 0.30161884 |
[train_ppo-6] |    clip_fraction        | 0.488      |
[train_ppo-6] |    clip_range           | 0.2        |
[train_ppo-6] |    clip_range_vf        | 0.2        |
[train_ppo-6] |    entropy_loss         | 1.75       |
[train_ppo-6] |    explained_variance   | 0.577      |
[train_ppo-6] |    learning_rate        | 0.000273   |
[train_ppo-6] |    loss                 | 0.0588     |
[train_ppo-6] |    n_updates            | 2176       |
[train_ppo-6] |    policy_gradient_loss | -0.0109    |
[train_ppo-6] |    std                  | 0.102      |
[train_ppo-6] |    value_loss           | 0.167      |
[train_ppo-6] ----------------------------------------
[train_ppo-6] Early stopping at step 1 due to reaching max kl: 0.89
[train_ppo-6] PPO progress: 286000/2500000 (11%) | ep_rew_mean=739.56 | ep_len_mean=678 | episodes=100 | fps=8
[train_ppo-6] ----------------------------------------
[train_ppo-6] | rollout/                |            |
[train_ppo-6] |    ep_len_mean          | 664        |
[train_ppo-6] |    ep_rew_mean          | 725        |
[train_ppo-6] | time/                   |            |
[train_ppo-6] |    fps                  | 8          |
[train_ppo-6] |    iterations           | 280        |
[train_ppo-6] |    time_elapsed         | 32973      |
[train_ppo-6] |    total_timesteps      | 286720     |
[train_ppo-6] | train/                  |            |
[train_ppo-6] |    approx_kl            | 0.42616943 |
[train_ppo-6] |    clip_fraction        | 0.461      |
[train_ppo-6] |    clip_range           | 0.2        |
[train_ppo-6] |    clip_range_vf        | 0.2        |
[train_ppo-6] |    entropy_loss         | 1.75       |
[train_ppo-6] |    explained_variance   | 0.0319     |
[train_ppo-6] |    learning_rate        | 0.000273   |
[train_ppo-6] |    loss                 | 0.134      |
[train_ppo-6] |    n_updates            | 2178       |
[train_ppo-6] |    policy_gradient_loss | 0.0226     |
[train_ppo-6] |    std                  | 0.102      |
[train_ppo-6] |    value_loss           | 0.169      |
[train_ppo-6] ----------------------------------------
[train_ppo-6] Early stopping at step 9 due to reaching max kl: 0.77
[train_ppo-6] PPO progress: 287000/2500000 (11%) | ep_rew_mean=724.51 | ep_len_mean=664 | episodes=100 | fps=8
[train_ppo-6] ---------------------------------------
[train_ppo-6] | rollout/                |           |
[train_ppo-6] |    ep_len_mean          | 664       |
[train_ppo-6] |    ep_rew_mean          | 725       |
[train_ppo-6] | time/                   |           |
[train_ppo-6] |    fps                  | 8         |
[train_ppo-6] |    iterations           | 281       |
[train_ppo-6] |    time_elapsed         | 33091     |
[train_ppo-6] |    total_timesteps      | 287744    |
[train_ppo-6] | train/                  |           |
[train_ppo-6] |    approx_kl            | 0.2977299 |
[train_ppo-6] |    clip_fraction        | 0.56      |
[train_ppo-6] |    clip_range           | 0.2       |
[train_ppo-6] |    clip_range_vf        | 0.2       |
[train_ppo-6] |    entropy_loss         | 1.75      |
[train_ppo-6] |    explained_variance   | 0.131     |
[train_ppo-6] |    learning_rate        | 0.000272  |
[train_ppo-6] |    loss                 | 0.0745    |
[train_ppo-6] |    n_updates            | 2188      |
[train_ppo-6] |    policy_gradient_loss | -0.0434   |
[train_ppo-6] |    std                  | 0.101     |
[train_ppo-6] |    value_loss           | 0.156     |
[train_ppo-6] ---------------------------------------
[train_ppo-6] Early stopping at step 6 due to reaching max kl: 0.91
[train_ppo-6] PPO progress: 288000/2500000 (12%) | ep_rew_mean=724.51 | ep_len_mean=664 | episodes=100 | fps=8
[gazebo-2] NodeShared::RecvSrvRequest() error sending response: Host unreachable
[train_ppo-6] [WARN] [1787252356.803860244] [cobraflex_rl_interface]: Gazebo service call failed for /world/lane_following_complex_b/set_pose: Service call timed out
[gazebo-2] NodeShared::RecvSrvRequest() error sending response: Host unreachable
[train_ppo-6] [WARN] [1787252360.853775049] [cobraflex_rl_interface]: Gazebo service call failed for /world/lane_following_complex_b/set_pose: Service call timed out
[train_ppo-6] ---------------------------------------
[train_ppo-6] | rollout/                |           |
[train_ppo-6] |    ep_len_mean          | 682       |
[train_ppo-6] |    ep_rew_mean          | 743       |
[train_ppo-6] | time/                   |           |
[train_ppo-6] |    fps                  | 8         |
[train_ppo-6] |    iterations           | 282       |
[train_ppo-6] |    time_elapsed         | 33218     |
[train_ppo-6] |    total_timesteps      | 288768    |
[train_ppo-6] | train/                  |           |
[train_ppo-6] |    approx_kl            | 0.9069556 |
[train_ppo-6] |    clip_fraction        | 0.536     |
[train_ppo-6] |    clip_range           | 0.2       |
[train_ppo-6] |    clip_range_vf        | 0.2       |
[train_ppo-6] |    entropy_loss         | 1.77      |
[train_ppo-6] |    explained_variance   | 0.456     |
[train_ppo-6] |    learning_rate        | 0.000272  |
[train_ppo-6] |    loss                 | -0.0559   |
[train_ppo-6] |    n_updates            | 2195      |
[train_ppo-6] |    policy_gradient_loss | -0.0552   |
[train_ppo-6] |    std                  | 0.101     |
[train_ppo-6] |    value_loss           | 0.00435   |
[train_ppo-6] ---------------------------------------
[train_ppo-6] PPO progress: 289000/2500000 (12%) | ep_rew_mean=743.45 | ep_len_mean=682 | episodes=100 | fps=8
[train_ppo-6] ----------------------------------------
[train_ppo-6] | rollout/                |            |
[train_ppo-6] |    ep_len_mean          | 682        |
[train_ppo-6] |    ep_rew_mean          | 743        |
[train_ppo-6] | time/                   |            |
[train_ppo-6] |    fps                  | 8          |
[train_ppo-6] |    iterations           | 283        |
[train_ppo-6] |    time_elapsed         | 33336      |
[train_ppo-6] |    total_timesteps      | 289792     |
[train_ppo-6] | train/                  |            |
[train_ppo-6] |    approx_kl            | 0.26530254 |
[train_ppo-6] |    clip_fraction        | 0.565      |
[train_ppo-6] |    clip_range           | 0.2        |
[train_ppo-6] |    clip_range_vf        | 0.2        |
[train_ppo-6] |    entropy_loss         | 1.77       |
[train_ppo-6] |    explained_variance   | 0.111      |
[train_ppo-6] |    learning_rate        | 0.000272   |
[train_ppo-6] |    loss                 | 0.0285     |
[train_ppo-6] |    n_updates            | 2205       |
[train_ppo-6] |    policy_gradient_loss | -0.0481    |
[train_ppo-6] |    std                  | 0.0997     |
[train_ppo-6] |    value_loss           | 0.154      |
[train_ppo-6] ----------------------------------------
[train_ppo-6] PPO progress: 290000/2500000 (12%) | ep_rew_mean=743.45 | ep_len_mean=682 | episodes=100 | fps=8
[train_ppo-6] ----------------------------------------
[train_ppo-6] | rollout/                |            |
[train_ppo-6] |    ep_len_mean          | 699        |
[train_ppo-6] |    ep_rew_mean          | 764        |
[train_ppo-6] | time/                   |            |
[train_ppo-6] |    fps                  | 8          |
[train_ppo-6] |    iterations           | 284        |
[train_ppo-6] |    time_elapsed         | 33455      |
[train_ppo-6] |    total_timesteps      | 290816     |
[train_ppo-6] | train/                  |            |
[train_ppo-6] |    approx_kl            | 0.28797412 |
[train_ppo-6] |    clip_fraction        | 0.592      |
[train_ppo-6] |    clip_range           | 0.2        |
[train_ppo-6] |    clip_range_vf        | 0.2        |
[train_ppo-6] |    entropy_loss         | 1.79       |
[train_ppo-6] |    explained_variance   | 0.208      |
[train_ppo-6] |    learning_rate        | 0.000272   |
[train_ppo-6] |    loss                 | -0.106     |
[train_ppo-6] |    n_updates            | 2215       |
[train_ppo-6] |    policy_gradient_loss | -0.0708    |
[train_ppo-6] |    std                  | 0.0991     |
[train_ppo-6] |    value_loss           | 0.00531    |
[train_ppo-6] ----------------------------------------
[train_ppo-6] PPO progress: 291000/2500000 (12%) | ep_rew_mean=763.85 | ep_len_mean=699 | episodes=100 | fps=8
[gazebo-2] NodeShared::RecvSrvRequest() error sending response: Host unreachable
[train_ppo-6] [WARN] [1787252685.978820418] [cobraflex_rl_interface]: Gazebo service call failed for /world/lane_following_complex_b/set_pose: Service call timed out
[train_ppo-6] ----------------------------------------
[train_ppo-6] | rollout/                |            |
[train_ppo-6] |    ep_len_mean          | 683        |
[train_ppo-6] |    ep_rew_mean          | 746        |
[train_ppo-6] | time/                   |            |
[train_ppo-6] |    fps                  | 8          |
[train_ppo-6] |    iterations           | 285        |
[train_ppo-6] |    time_elapsed         | 33578      |
[train_ppo-6] |    total_timesteps      | 291840     |
[train_ppo-6] | train/                  |            |
[train_ppo-6] |    approx_kl            | 0.23817985 |
[train_ppo-6] |    clip_fraction        | 0.584      |
[train_ppo-6] |    clip_range           | 0.2        |
[train_ppo-6] |    clip_range_vf        | 0.2        |
[train_ppo-6] |    entropy_loss         | 1.81       |
[train_ppo-6] |    explained_variance   | 0.499      |
[train_ppo-6] |    learning_rate        | 0.000272   |
[train_ppo-6] |    loss                 | -0.0925    |
[train_ppo-6] |    n_updates            | 2225       |
[train_ppo-6] |    policy_gradient_loss | -0.0778    |
[train_ppo-6] |    std                  | 0.0974     |
[train_ppo-6] |    value_loss           | 0.00366    |
[train_ppo-6] ----------------------------------------
[train_ppo-6] PPO progress: 292000/2500000 (12%) | ep_rew_mean=732.57 | ep_len_mean=671 | episodes=100 | fps=8
[train_ppo-6] ----------------------------------------
[train_ppo-6] | rollout/                |            |
[train_ppo-6] |    ep_len_mean          | 657        |
[train_ppo-6] |    ep_rew_mean          | 717        |
[train_ppo-6] | time/                   |            |
[train_ppo-6] |    fps                  | 8          |
[train_ppo-6] |    iterations           | 286        |
[train_ppo-6] |    time_elapsed         | 33702      |
[train_ppo-6] |    total_timesteps      | 292864     |
[train_ppo-6] | train/                  |            |
[train_ppo-6] |    approx_kl            | 0.16406307 |
[train_ppo-6] |    clip_fraction        | 0.518      |
[train_ppo-6] |    clip_range           | 0.2        |
[train_ppo-6] |    clip_range_vf        | 0.2        |
[train_ppo-6] |    entropy_loss         | 1.84       |
[train_ppo-6] |    explained_variance   | 0.118      |
[train_ppo-6] |    learning_rate        | 0.000272   |
[train_ppo-6] |    loss                 | -0.02      |
[train_ppo-6] |    n_updates            | 2235       |
[train_ppo-6] |    policy_gradient_loss | -0.037     |
[train_ppo-6] |    std                  | 0.0967     |
[train_ppo-6] |    value_loss           | 0.101      |
[train_ppo-6] ----------------------------------------
[train_ppo-6] PPO progress: 293000/2500000 (12%) | ep_rew_mean=716.90 | ep_len_mean=657 | episodes=100 | fps=8
[train_ppo-6] ---------------------------------------
[train_ppo-6] | rollout/                |           |
[train_ppo-6] |    ep_len_mean          | 657       |
[train_ppo-6] |    ep_rew_mean          | 717       |
[train_ppo-6] | time/                   |           |
[train_ppo-6] |    fps                  | 8         |
[train_ppo-6] |    iterations           | 287       |
[train_ppo-6] |    time_elapsed         | 33821     |
[train_ppo-6] |    total_timesteps      | 293888    |
[train_ppo-6] | train/                  |           |
[train_ppo-6] |    approx_kl            | 0.1890612 |
[train_ppo-6] |    clip_fraction        | 0.511     |
[train_ppo-6] |    clip_range           | 0.2       |
[train_ppo-6] |    clip_range_vf        | 0.2       |
[train_ppo-6] |    entropy_loss         | 1.85      |
[train_ppo-6] |    explained_variance   | 0.252     |
[train_ppo-6] |    learning_rate        | 0.000272  |
[train_ppo-6] |    loss                 | 0.00968   |
[train_ppo-6] |    n_updates            | 2245      |
[train_ppo-6] |    policy_gradient_loss | -0.0487   |
[train_ppo-6] |    std                  | 0.0957    |
[train_ppo-6] |    value_loss           | 0.18      |
[train_ppo-6] ---------------------------------------
[train_ppo-6] Early stopping at step 7 due to reaching max kl: 0.96
[train_ppo-6] PPO progress: 294000/2500000 (12%) | ep_rew_mean=714.72 | ep_len_mean=655 | episodes=100 | fps=8
[train_ppo-6] ---------------------------------------
[train_ppo-6] | rollout/                |           |
[train_ppo-6] |    ep_len_mean          | 655       |
[train_ppo-6] |    ep_rew_mean          | 715       |
[train_ppo-6] | time/                   |           |
[train_ppo-6] |    fps                  | 8         |
[train_ppo-6] |    iterations           | 288       |
[train_ppo-6] |    time_elapsed         | 33939     |
[train_ppo-6] |    total_timesteps      | 294912    |
[train_ppo-6] | train/                  |           |
[train_ppo-6] |    approx_kl            | 0.2923224 |
[train_ppo-6] |    clip_fraction        | 0.572     |
[train_ppo-6] |    clip_range           | 0.2       |
[train_ppo-6] |    clip_range_vf        | 0.2       |
[train_ppo-6] |    entropy_loss         | 1.88      |
[train_ppo-6] |    explained_variance   | -0.176    |
[train_ppo-6] |    learning_rate        | 0.000272  |
[train_ppo-6] |    loss                 | -0.0637   |
[train_ppo-6] |    n_updates            | 2253      |
[train_ppo-6] |    policy_gradient_loss | -0.0535   |
[train_ppo-6] |    std                  | 0.0956    |
[train_ppo-6] |    value_loss           | 0.00275   |
[train_ppo-6] ---------------------------------------
[train_ppo-6] Early stopping at step 2 due to reaching max kl: 0.85
[train_ppo-6] PPO progress: 295000/2500000 (12%) | ep_rew_mean=714.72 | ep_len_mean=655 | episodes=100 | fps=8
[train_ppo-6] --------------------------------------
[train_ppo-6] | rollout/                |          |
[train_ppo-6] |    ep_len_mean          | 655      |
[train_ppo-6] |    ep_rew_mean          | 715      |
[train_ppo-6] | time/                   |          |
[train_ppo-6] |    fps                  | 8        |
[train_ppo-6] |    iterations           | 289      |
[train_ppo-6] |    time_elapsed         | 34058    |
[train_ppo-6] |    total_timesteps      | 295936   |
[train_ppo-6] | train/                  |          |
[train_ppo-6] |    approx_kl            | 0.726022 |
[train_ppo-6] |    clip_fraction        | 0.49     |
[train_ppo-6] |    clip_range           | 0.2      |
[train_ppo-6] |    clip_range_vf        | 0.2      |
[train_ppo-6] |    entropy_loss         | 1.87     |
[train_ppo-6] |    explained_variance   | -0.0529  |
[train_ppo-6] |    learning_rate        | 0.000272 |
[train_ppo-6] |    loss                 | 0.124    |
[train_ppo-6] |    n_updates            | 2256     |
[train_ppo-6] |    policy_gradient_loss | 0.00041  |
[train_ppo-6] |    std                  | 0.0956   |
[train_ppo-6] |    value_loss           | 0.12     |
[train_ppo-6] --------------------------------------
[train_ppo-6] Early stopping at step 1 due to reaching max kl: 1.55
[train_ppo-6] PPO progress: 296000/2500000 (12%) | ep_rew_mean=714.72 | ep_len_mean=655 | episodes=100 | fps=8
[gazebo-2] NodeShared::RecvSrvRequest() error sending response: Host unreachable
[train_ppo-6] [WARN] [1787253256.785234014] [cobraflex_rl_interface]: Gazebo service call failed for /world/lane_following_complex_b/set_pose: Service call timed out
[train_ppo-6] ----------------------------------------
[train_ppo-6] | rollout/                |            |
[train_ppo-6] |    ep_len_mean          | 655        |
[train_ppo-6] |    ep_rew_mean          | 716        |
[train_ppo-6] | time/                   |            |
[train_ppo-6] |    fps                  | 8          |
[train_ppo-6] |    iterations           | 290        |
[train_ppo-6] |    time_elapsed         | 34180      |
[train_ppo-6] |    total_timesteps      | 296960     |
[train_ppo-6] | train/                  |            |
[train_ppo-6] |    approx_kl            | 0.40715316 |
[train_ppo-6] |    clip_fraction        | 0.544      |
[train_ppo-6] |    clip_range           | 0.2        |
[train_ppo-6] |    clip_range_vf        | 0.2        |
[train_ppo-6] |    entropy_loss         | 1.87       |
[train_ppo-6] |    explained_variance   | -0.616     |
[train_ppo-6] |    learning_rate        | 0.000272   |
[train_ppo-6] |    loss                 | 0.00148    |
[train_ppo-6] |    n_updates            | 2258       |
[train_ppo-6] |    policy_gradient_loss | 0.0237     |
[train_ppo-6] |    std                  | 0.0957     |
[train_ppo-6] |    value_loss           | 0.0118     |
[train_ppo-6] ----------------------------------------
[train_ppo-6] Early stopping at step 2 due to reaching max kl: 0.91
[train_ppo-6] PPO progress: 297000/2500000 (12%) | ep_rew_mean=715.98 | ep_len_mean=655 | episodes=100 | fps=8
[train_ppo-6] ----------------------------------------
[train_ppo-6] | rollout/                |            |
[train_ppo-6] |    ep_len_mean          | 655        |
[train_ppo-6] |    ep_rew_mean          | 716        |
[train_ppo-6] | time/                   |            |
[train_ppo-6] |    fps                  | 8          |
[train_ppo-6] |    iterations           | 291        |
[train_ppo-6] |    time_elapsed         | 34298      |
[train_ppo-6] |    total_timesteps      | 297984     |
[train_ppo-6] | train/                  |            |
[train_ppo-6] |    approx_kl            | 0.58430135 |
[train_ppo-6] |    clip_fraction        | 0.553      |
[train_ppo-6] |    clip_range           | 0.2        |
[train_ppo-6] |    clip_range_vf        | 0.2        |
[train_ppo-6] |    entropy_loss         | 1.87       |
[train_ppo-6] |    explained_variance   | -0.336     |
[train_ppo-6] |    learning_rate        | 0.000271   |
[train_ppo-6] |    loss                 | 0.0355     |
[train_ppo-6] |    n_updates            | 2261       |
[train_ppo-6] |    policy_gradient_loss | -0.00368   |
[train_ppo-6] |    std                  | 0.0958     |
[train_ppo-6] |    value_loss           | 0.0128     |
[train_ppo-6] ----------------------------------------
[train_ppo-6] Early stopping at step 2 due to reaching max kl: 1.05
[train_ppo-6] PPO progress: 298000/2500000 (12%) | ep_rew_mean=715.98 | ep_len_mean=655 | episodes=100 | fps=8
[gazebo-2] NodeShared::RecvSrvRequest() error sending response: Host unreachable
[train_ppo-6] [WARN] [1787253516.975557546] [cobraflex_rl_interface]: Gazebo service call failed for /world/lane_following_complex_b/set_pose: Service call timed out
[train_ppo-6] PPO progress: 299000/2500000 (12%) | ep_rew_mean=722.07 | ep_len_mean=660 | episodes=100 | fps=8
[train_ppo-6] ----------------------------------------
[train_ppo-6] | rollout/                |            |
[train_ppo-6] |    ep_len_mean          | 660        |
[train_ppo-6] |    ep_rew_mean          | 722        |
[train_ppo-6] | time/                   |            |
[train_ppo-6] |    fps                  | 8          |
[train_ppo-6] |    iterations           | 292        |
[train_ppo-6] |    time_elapsed         | 34421      |
[train_ppo-6] |    total_timesteps      | 299008     |
[train_ppo-6] | train/                  |            |
[train_ppo-6] |    approx_kl            | 0.47668773 |
[train_ppo-6] |    clip_fraction        | 0.588      |
[train_ppo-6] |    clip_range           | 0.2        |
[train_ppo-6] |    clip_range_vf        | 0.2        |
[train_ppo-6] |    entropy_loss         | 1.87       |
[train_ppo-6] |    explained_variance   | -1.1       |
[train_ppo-6] |    learning_rate        | 0.000271   |
[train_ppo-6] |    loss                 | 0.042      |
[train_ppo-6] |    n_updates            | 2264       |
[train_ppo-6] |    policy_gradient_loss | -0.00894   |
[train_ppo-6] |    std                  | 0.0962     |
[train_ppo-6] |    value_loss           | 0.0099     |
[train_ppo-6] ----------------------------------------
[train_ppo-6] PPO progress: 300000/2500000 (12%) | ep_rew_mean=728.63 | ep_len_mean=666 | episodes=100 | fps=8
[train_ppo-6] --------------------------------------
[train_ppo-6] | rollout/                |          |
[train_ppo-6] |    ep_len_mean          | 666      |
[train_ppo-6] |    ep_rew_mean          | 729      |
[train_ppo-6] | time/                   |          |
[train_ppo-6] |    fps                  | 8        |
[train_ppo-6] |    iterations           | 293      |
[train_ppo-6] |    time_elapsed         | 34540    |
[train_ppo-6] |    total_timesteps      | 300032   |
[train_ppo-6] | train/                  |          |
[train_ppo-6] |    approx_kl            | 0.273476 |
[train_ppo-6] |    clip_fraction        | 0.553    |
[train_ppo-6] |    clip_range           | 0.2      |
[train_ppo-6] |    clip_range_vf        | 0.2      |
[train_ppo-6] |    entropy_loss         | 1.87     |
[train_ppo-6] |    explained_variance   | 0.473    |
[train_ppo-6] |    learning_rate        | 0.000271 |
[train_ppo-6] |    loss                 | -0.0352  |
[train_ppo-6] |    n_updates            | 2274     |
[train_ppo-6] |    policy_gradient_loss | -0.0378  |
[train_ppo-6] |    std                  | 0.095    |
[train_ppo-6] |    value_loss           | 0.0558   |
[train_ppo-6] --------------------------------------
[train_ppo-6] Early stopping at step 1 due to reaching max kl: 1.80
[train_ppo-6] PPO progress: 301000/2500000 (12%) | ep_rew_mean=728.63 | ep_len_mean=666 | episodes=100 | fps=8
[train_ppo-6] ----------------------------------------
[train_ppo-6] | rollout/                |            |
[train_ppo-6] |    ep_len_mean          | 666        |
[train_ppo-6] |    ep_rew_mean          | 729        |
[train_ppo-6] | time/                   |            |
[train_ppo-6] |    fps                  | 8          |
[train_ppo-6] |    iterations           | 294        |
[train_ppo-6] |    time_elapsed         | 34658      |
[train_ppo-6] |    total_timesteps      | 301056     |
[train_ppo-6] | train/                  |            |
[train_ppo-6] |    approx_kl            | 0.68311644 |
[train_ppo-6] |    clip_fraction        | 0.451      |
[train_ppo-6] |    clip_range           | 0.2        |
[train_ppo-6] |    clip_range_vf        | 0.2        |
[train_ppo-6] |    entropy_loss         | 1.89       |
[train_ppo-6] |    explained_variance   | 0.473      |
[train_ppo-6] |    learning_rate        | 0.000271   |
[train_ppo-6] |    loss                 | 0.0219     |
[train_ppo-6] |    n_updates            | 2276       |
[train_ppo-6] |    policy_gradient_loss | 0.0222     |
[train_ppo-6] |    std                  | 0.095      |
[train_ppo-6] |    value_loss           | 0.0897     |
[train_ppo-6] ----------------------------------------
[train_ppo-6] Early stopping at step 2 due to reaching max kl: 0.88
[train_ppo-6] PPO progress: 302000/2500000 (12%) | ep_rew_mean=744.76 | ep_len_mean=680 | episodes=100 | fps=8
[train_ppo-6] ---------------------------------------
[train_ppo-6] | rollout/                |           |
[train_ppo-6] |    ep_len_mean          | 667       |
[train_ppo-6] |    ep_rew_mean          | 732       |
[train_ppo-6] | time/                   |           |
[train_ppo-6] |    fps                  | 8         |
[train_ppo-6] |    iterations           | 295       |
[train_ppo-6] |    time_elapsed         | 34785     |
[train_ppo-6] |    total_timesteps      | 302080    |
[train_ppo-6] | train/                  |           |
[train_ppo-6] |    approx_kl            | 0.5389252 |
[train_ppo-6] |    clip_fraction        | 0.591     |
[train_ppo-6] |    clip_range           | 0.2       |
[train_ppo-6] |    clip_range_vf        | 0.2       |
[train_ppo-6] |    entropy_loss         | 1.88      |
[train_ppo-6] |    explained_variance   | -0.281    |
[train_ppo-6] |    learning_rate        | 0.000271  |
[train_ppo-6] |    loss                 | 0.0272    |
[train_ppo-6] |    n_updates            | 2279      |
[train_ppo-6] |    policy_gradient_loss | 0.0209    |
[train_ppo-6] |    std                  | 0.0954    |
[train_ppo-6] |    value_loss           | 0.00973   |
[train_ppo-6] ---------------------------------------
[train_ppo-6] PPO progress: 303000/2500000 (12%) | ep_rew_mean=732.19 | ep_len_mean=667 | episodes=100 | fps=8
[train_ppo-6] ----------------------------------------
[train_ppo-6] | rollout/                |            |
[train_ppo-6] |    ep_len_mean          | 667        |
[train_ppo-6] |    ep_rew_mean          | 732        |
[train_ppo-6] | time/                   |            |
[train_ppo-6] |    fps                  | 8          |
[train_ppo-6] |    iterations           | 296        |
[train_ppo-6] |    time_elapsed         | 34903      |
[train_ppo-6] |    total_timesteps      | 303104     |
[train_ppo-6] | train/                  |            |
[train_ppo-6] |    approx_kl            | 0.18172549 |
[train_ppo-6] |    clip_fraction        | 0.484      |
[train_ppo-6] |    clip_range           | 0.2        |
[train_ppo-6] |    clip_range_vf        | 0.2        |
[train_ppo-6] |    entropy_loss         | 1.87       |
[train_ppo-6] |    explained_variance   | 0.367      |
[train_ppo-6] |    learning_rate        | 0.000271   |
[train_ppo-6] |    loss                 | -0.0344    |
[train_ppo-6] |    n_updates            | 2289       |
[train_ppo-6] |    policy_gradient_loss | -0.0289    |
[train_ppo-6] |    std                  | 0.0954     |
[train_ppo-6] |    value_loss           | 0.0891     |
[train_ppo-6] ----------------------------------------
[train_ppo-6] Early stopping at step 3 due to reaching max kl: 0.90
[train_ppo-6] PPO progress: 304000/2500000 (12%) | ep_rew_mean=732.19 | ep_len_mean=667 | episodes=100 | fps=8
[train_ppo-6] ----------------------------------------
[train_ppo-6] | rollout/                |            |
[train_ppo-6] |    ep_len_mean          | 687        |
[train_ppo-6] |    ep_rew_mean          | 755        |
[train_ppo-6] | time/                   |            |
[train_ppo-6] |    fps                  | 8          |
[train_ppo-6] |    iterations           | 297        |
[train_ppo-6] |    time_elapsed         | 35022      |
[train_ppo-6] |    total_timesteps      | 304128     |
[train_ppo-6] | train/                  |            |
[train_ppo-6] |    approx_kl            | 0.48675942 |
[train_ppo-6] |    clip_fraction        | 0.583      |
[train_ppo-6] |    clip_range           | 0.2        |
[train_ppo-6] |    clip_range_vf        | 0.2        |
[train_ppo-6] |    entropy_loss         | 1.88       |
[train_ppo-6] |    explained_variance   | -1.36      |
[train_ppo-6] |    learning_rate        | 0.000271   |
[train_ppo-6] |    loss                 | 0.00685    |
[train_ppo-6] |    n_updates            | 2293       |
[train_ppo-6] |    policy_gradient_loss | -0.0233    |
[train_ppo-6] |    std                  | 0.0953     |
[train_ppo-6] |    value_loss           | 0.0106     |
[train_ppo-6] ----------------------------------------
[train_ppo-6] Early stopping at step 8 due to reaching max kl: 0.82
[train_ppo-6] PPO progress: 305000/2500000 (12%) | ep_rew_mean=754.79 | ep_len_mean=687 | episodes=100 | fps=8
[train_ppo-6] ---------------------------------------
[train_ppo-6] | rollout/                |           |
[train_ppo-6] |    ep_len_mean          | 687       |
[train_ppo-6] |    ep_rew_mean          | 755       |
[train_ppo-6] | time/                   |           |
[train_ppo-6] |    fps                  | 8         |
[train_ppo-6] |    iterations           | 298       |
[train_ppo-6] |    time_elapsed         | 35140     |
[train_ppo-6] |    total_timesteps      | 305152    |
[train_ppo-6] | train/                  |           |
[train_ppo-6] |    approx_kl            | 0.8157724 |
[train_ppo-6] |    clip_fraction        | 0.623     |
[train_ppo-6] |    clip_range           | 0.2       |
[train_ppo-6] |    clip_range_vf        | 0.2       |
[train_ppo-6] |    entropy_loss         | 1.89      |
[train_ppo-6] |    explained_variance   | -0.284    |
[train_ppo-6] |    learning_rate        | 0.000271  |
[train_ppo-6] |    loss                 | -0.108    |
[train_ppo-6] |    n_updates            | 2302      |
[train_ppo-6] |    policy_gradient_loss | -0.0797   |
[train_ppo-6] |    std                  | 0.0938    |
[train_ppo-6] |    value_loss           | 0.00495   |
[train_ppo-6] ---------------------------------------
[train_ppo-6] PPO progress: 306000/2500000 (12%) | ep_rew_mean=754.79 | ep_len_mean=687 | episodes=100 | fps=8
[train_ppo-6] ----------------------------------------
[train_ppo-6] | rollout/                |            |
[train_ppo-6] |    ep_len_mean          | 707        |
[train_ppo-6] |    ep_rew_mean          | 779        |
[train_ppo-6] | time/                   |            |
[train_ppo-6] |    fps                  | 8          |
[train_ppo-6] |    iterations           | 299        |
[train_ppo-6] |    time_elapsed         | 35259      |
[train_ppo-6] |    total_timesteps      | 306176     |
[train_ppo-6] | train/                  |            |
[train_ppo-6] |    approx_kl            | 0.19043238 |
[train_ppo-6] |    clip_fraction        | 0.536      |
[train_ppo-6] |    clip_range           | 0.2        |
[train_ppo-6] |    clip_range_vf        | 0.2        |
[train_ppo-6] |    entropy_loss         | 1.92       |
[train_ppo-6] |    explained_variance   | 0.603      |
[train_ppo-6] |    learning_rate        | 0.000271   |
[train_ppo-6] |    loss                 | -0.0744    |
[train_ppo-6] |    n_updates            | 2312       |
[train_ppo-6] |    policy_gradient_loss | -0.0644    |
[train_ppo-6] |    std                  | 0.0925     |
[train_ppo-6] |    value_loss           | 0.00502    |
[train_ppo-6] ----------------------------------------
[train_ppo-6] PPO progress: 307000/2500000 (12%) | ep_rew_mean=778.61 | ep_len_mean=707 | episodes=100 | fps=8
[train_ppo-6] ----------------------------------------
[train_ppo-6] | rollout/                |            |
[train_ppo-6] |    ep_len_mean          | 707        |
[train_ppo-6] |    ep_rew_mean          | 779        |
[train_ppo-6] | time/                   |            |
[train_ppo-6] |    fps                  | 8          |
[train_ppo-6] |    iterations           | 300        |
[train_ppo-6] |    time_elapsed         | 35377      |
[train_ppo-6] |    total_timesteps      | 307200     |
[train_ppo-6] | train/                  |            |
[train_ppo-6] |    approx_kl            | 0.20396772 |
[train_ppo-6] |    clip_fraction        | 0.572      |
[train_ppo-6] |    clip_range           | 0.2        |
[train_ppo-6] |    clip_range_vf        | 0.2        |
[train_ppo-6] |    entropy_loss         | 1.94       |
[train_ppo-6] |    explained_variance   | 0.57       |
[train_ppo-6] |    learning_rate        | 0.000271   |
[train_ppo-6] |    loss                 | -0.0779    |
[train_ppo-6] |    n_updates            | 2322       |
[train_ppo-6] |    policy_gradient_loss | -0.0733    |
[train_ppo-6] |    std                  | 0.0923     |
[train_ppo-6] |    value_loss           | 0.00344    |
[train_ppo-6] ----------------------------------------
[train_ppo-6] PPO progress: 308000/2500000 (12%) | ep_rew_mean=778.61 | ep_len_mean=707 | episodes=100 | fps=8
[train_ppo-6] ----------------------------------------
[train_ppo-6] | rollout/                |            |
[train_ppo-6] |    ep_len_mean          | 706        |
[train_ppo-6] |    ep_rew_mean          | 779        |
[train_ppo-6] | time/                   |            |
[train_ppo-6] |    fps                  | 8          |
[train_ppo-6] |    iterations           | 301        |
[train_ppo-6] |    time_elapsed         | 35496      |
[train_ppo-6] |    total_timesteps      | 308224     |
[train_ppo-6] | train/                  |            |
[train_ppo-6] |    approx_kl            | 0.21206123 |
[train_ppo-6] |    clip_fraction        | 0.567      |
[train_ppo-6] |    clip_range           | 0.2        |
[train_ppo-6] |    clip_range_vf        | 0.2        |
[train_ppo-6] |    entropy_loss         | 1.96       |
[train_ppo-6] |    explained_variance   | 0.269      |
[train_ppo-6] |    learning_rate        | 0.000271   |
[train_ppo-6] |    loss                 | -0.087     |
[train_ppo-6] |    n_updates            | 2332       |
[train_ppo-6] |    policy_gradient_loss | -0.0789    |
[train_ppo-6] |    std                  | 0.0902     |
[train_ppo-6] |    value_loss           | 0.00282    |
[train_ppo-6] ----------------------------------------
[train_ppo-6] Early stopping at step 2 due to reaching max kl: 0.80
[train_ppo-6] PPO progress: 309000/2500000 (12%) | ep_rew_mean=779.35 | ep_len_mean=706 | episodes=100 | fps=8
[train_ppo-6] ---------------------------------------
[train_ppo-6] | rollout/                |           |
[train_ppo-6] |    ep_len_mean          | 706       |
[train_ppo-6] |    ep_rew_mean          | 779       |
[train_ppo-6] | time/                   |           |
[train_ppo-6] |    fps                  | 8         |
[train_ppo-6] |    iterations           | 302       |
[train_ppo-6] |    time_elapsed         | 35614     |
[train_ppo-6] |    total_timesteps      | 309248    |
[train_ppo-6] | train/                  |           |
[train_ppo-6] |    approx_kl            | 0.2597987 |
[train_ppo-6] |    clip_fraction        | 0.45      |
[train_ppo-6] |    clip_range           | 0.2       |
[train_ppo-6] |    clip_range_vf        | 0.2       |
[train_ppo-6] |    entropy_loss         | 2         |
[train_ppo-6] |    explained_variance   | 0.75      |
[train_ppo-6] |    learning_rate        | 0.00027   |
[train_ppo-6] |    loss                 | 0.0637    |
[train_ppo-6] |    n_updates            | 2335      |
[train_ppo-6] |    policy_gradient_loss | -0.0184   |
[train_ppo-6] |    std                  | 0.09      |
[train_ppo-6] |    value_loss           | 0.0305    |
[train_ppo-6] ---------------------------------------
[train_ppo-6] Early stopping at step 9 due to reaching max kl: 0.76
[train_ppo-6] PPO progress: 310000/2500000 (12%) | ep_rew_mean=775.44 | ep_len_mean=701 | episodes=100 | fps=8
[train_ppo-6] ---------------------------------------
[train_ppo-6] | rollout/                |           |
[train_ppo-6] |    ep_len_mean          | 701       |
[train_ppo-6] |    ep_rew_mean          | 775       |
[train_ppo-6] | time/                   |           |
[train_ppo-6] |    fps                  | 8         |
[train_ppo-6] |    iterations           | 303       |
[train_ppo-6] |    time_elapsed         | 35734     |
[train_ppo-6] |    total_timesteps      | 310272    |
[train_ppo-6] | train/                  |           |
[train_ppo-6] |    approx_kl            | 0.3992235 |
[train_ppo-6] |    clip_fraction        | 0.642     |
[train_ppo-6] |    clip_range           | 0.2       |
[train_ppo-6] |    clip_range_vf        | 0.2       |
[train_ppo-6] |    entropy_loss         | 2.02      |
[train_ppo-6] |    explained_variance   | 0.375     |
[train_ppo-6] |    learning_rate        | 0.00027   |
[train_ppo-6] |    loss                 | -0.0629   |
[train_ppo-6] |    n_updates            | 2345      |
[train_ppo-6] |    policy_gradient_loss | -0.0904   |
[train_ppo-6] |    std                  | 0.0879    |
[train_ppo-6] |    value_loss           | 0.00346   |
[train_ppo-6] ---------------------------------------
[train_ppo-6] Early stopping at step 9 due to reaching max kl: 0.77
[train_ppo-6] PPO progress: 311000/2500000 (12%) | ep_rew_mean=775.44 | ep_len_mean=701 | episodes=100 | fps=8
[train_ppo-6] ----------------------------------------
[train_ppo-6] | rollout/                |            |
[train_ppo-6] |    ep_len_mean          | 701        |
[train_ppo-6] |    ep_rew_mean          | 775        |
[train_ppo-6] | time/                   |            |
[train_ppo-6] |    fps                  | 8          |
[train_ppo-6] |    iterations           | 304        |
[train_ppo-6] |    time_elapsed         | 35852      |
[train_ppo-6] |    total_timesteps      | 311296     |
[train_ppo-6] | train/                  |            |
[train_ppo-6] |    approx_kl            | 0.32458496 |
[train_ppo-6] |    clip_fraction        | 0.567      |
[train_ppo-6] |    clip_range           | 0.2        |
[train_ppo-6] |    clip_range_vf        | 0.2        |
[train_ppo-6] |    entropy_loss         | 2.05       |
[train_ppo-6] |    explained_variance   | 0.0238     |
[train_ppo-6] |    learning_rate        | 0.00027    |
[train_ppo-6] |    loss                 | 0.113      |
[train_ppo-6] |    n_updates            | 2355       |
[train_ppo-6] |    policy_gradient_loss | -0.0196    |
[train_ppo-6] |    std                  | 0.0876     |
[train_ppo-6] |    value_loss           | 0.213      |
[train_ppo-6] ----------------------------------------
[gazebo-2] NodeShared::RecvSrvRequest() error sending response: Host unreachable
[train_ppo-6] [WARN] [1787255117.444622404] [cobraflex_rl_interface]: Gazebo service call failed for /world/lane_following_complex_b/set_pose: Service call timed out
[train_ppo-6] Early stopping at step 3 due to reaching max kl: 0.83
[train_ppo-6] PPO progress: 312000/2500000 (12%) | ep_rew_mean=798.93 | ep_len_mean=721 | episodes=100 | fps=8
[train_ppo-6] ----------------------------------------
[train_ppo-6] | rollout/                |            |
[train_ppo-6] |    ep_len_mean          | 721        |
[train_ppo-6] |    ep_rew_mean          | 799        |
[train_ppo-6] | time/                   |            |
[train_ppo-6] |    fps                  | 8          |
[train_ppo-6] |    iterations           | 305        |
[train_ppo-6] |    time_elapsed         | 35974      |
[train_ppo-6] |    total_timesteps      | 312320     |
[train_ppo-6] | train/                  |            |
[train_ppo-6] |    approx_kl            | 0.35843897 |
[train_ppo-6] |    clip_fraction        | 0.553      |
[train_ppo-6] |    clip_range           | 0.2        |
[train_ppo-6] |    clip_range_vf        | 0.2        |
[train_ppo-6] |    entropy_loss         | 2.05       |
[train_ppo-6] |    explained_variance   | -1         |
[train_ppo-6] |    learning_rate        | 0.00027    |
[train_ppo-6] |    loss                 | -0.0416    |
[train_ppo-6] |    n_updates            | 2359       |
[train_ppo-6] |    policy_gradient_loss | -0.032     |
[train_ppo-6] |    std                  | 0.0876     |
[train_ppo-6] |    value_loss           | 0.00464    |
[train_ppo-6] ----------------------------------------
[train_ppo-6] Early stopping at step 6 due to reaching max kl: 0.83
[train_ppo-6] PPO progress: 313000/2500000 (13%) | ep_rew_mean=798.93 | ep_len_mean=721 | episodes=100 | fps=8
[train_ppo-6] ---------------------------------------
[train_ppo-6] | rollout/                |           |
[train_ppo-6] |    ep_len_mean          | 721       |
[train_ppo-6] |    ep_rew_mean          | 799       |
[train_ppo-6] | time/                   |           |
[train_ppo-6] |    fps                  | 8         |
[train_ppo-6] |    iterations           | 306       |
[train_ppo-6] |    time_elapsed         | 36093     |
[train_ppo-6] |    total_timesteps      | 313344    |
[train_ppo-6] | train/                  |           |
[train_ppo-6] |    approx_kl            | 0.4886887 |
[train_ppo-6] |    clip_fraction        | 0.598     |
[train_ppo-6] |    clip_range           | 0.2       |
[train_ppo-6] |    clip_range_vf        | 0.2       |
[train_ppo-6] |    entropy_loss         | 2.06      |
[train_ppo-6] |    explained_variance   | -0.431    |
[train_ppo-6] |    learning_rate        | 0.00027   |
[train_ppo-6] |    loss                 | -0.0744   |
[train_ppo-6] |    n_updates            | 2366      |
[train_ppo-6] |    policy_gradient_loss | -0.0714   |
[train_ppo-6] |    std                  | 0.0866    |
[train_ppo-6] |    value_loss           | 0.00393   |
[train_ppo-6] ---------------------------------------
[train_ppo-6] Early stopping at step 3 due to reaching max kl: 0.78
[train_ppo-6] PPO progress: 314000/2500000 (13%) | ep_rew_mean=798.93 | ep_len_mean=721 | episodes=100 | fps=8
[train_ppo-6] ----------------------------------------
[train_ppo-6] | rollout/                |            |
[train_ppo-6] |    ep_len_mean          | 733        |
[train_ppo-6] |    ep_rew_mean          | 812        |
[train_ppo-6] | time/                   |            |
[train_ppo-6] |    fps                  | 8          |
[train_ppo-6] |    iterations           | 307        |
[train_ppo-6] |    time_elapsed         | 36212      |
[train_ppo-6] |    total_timesteps      | 314368     |
[train_ppo-6] | train/                  |            |
[train_ppo-6] |    approx_kl            | 0.37124258 |
[train_ppo-6] |    clip_fraction        | 0.52       |
[train_ppo-6] |    clip_range           | 0.2        |
[train_ppo-6] |    clip_range_vf        | 0.2        |
[train_ppo-6] |    entropy_loss         | 2.08       |
[train_ppo-6] |    explained_variance   | 0.0129     |
[train_ppo-6] |    learning_rate        | 0.00027    |
[train_ppo-6] |    loss                 | -0.0508    |
[train_ppo-6] |    n_updates            | 2370       |
[train_ppo-6] |    policy_gradient_loss | -0.0315    |
[train_ppo-6] |    std                  | 0.0865     |
[train_ppo-6] |    value_loss           | 0.00581    |
[train_ppo-6] ----------------------------------------
[train_ppo-6] Early stopping at step 4 due to reaching max kl: 0.81
[train_ppo-6] PPO progress: 315000/2500000 (13%) | ep_rew_mean=789.04 | ep_len_mean=711 | episodes=100 | fps=8
[train_ppo-6] ----------------------------------------
[train_ppo-6] | rollout/                |            |
[train_ppo-6] |    ep_len_mean          | 711        |
[train_ppo-6] |    ep_rew_mean          | 789        |
[train_ppo-6] | time/                   |            |
[train_ppo-6] |    fps                  | 8          |
[train_ppo-6] |    iterations           | 308        |
[train_ppo-6] |    time_elapsed         | 36334      |
[train_ppo-6] |    total_timesteps      | 315392     |
[train_ppo-6] | train/                  |            |
[train_ppo-6] |    approx_kl            | 0.32674515 |
[train_ppo-6] |    clip_fraction        | 0.516      |
[train_ppo-6] |    clip_range           | 0.2        |
[train_ppo-6] |    clip_range_vf        | 0.2        |
[train_ppo-6] |    entropy_loss         | 2.08       |
[train_ppo-6] |    explained_variance   | 0.223      |
[train_ppo-6] |    learning_rate        | 0.00027    |
[train_ppo-6] |    loss                 | 0.0227     |
[train_ppo-6] |    n_updates            | 2375       |
[train_ppo-6] |    policy_gradient_loss | -0.0167    |
[train_ppo-6] |    std                  | 0.0866     |
[train_ppo-6] |    value_loss           | 0.188      |
[train_ppo-6] ----------------------------------------
[train_ppo-6] Early stopping at step 2 due to reaching max kl: 0.97
[train_ppo-6] PPO progress: 316000/2500000 (13%) | ep_rew_mean=805.32 | ep_len_mean=725 | episodes=100 | fps=8
[train_ppo-6] ---------------------------------------
[train_ppo-6] | rollout/                |           |
[train_ppo-6] |    ep_len_mean          | 728       |
[train_ppo-6] |    ep_rew_mean          | 808       |
[train_ppo-6] | time/                   |           |
[train_ppo-6] |    fps                  | 8         |
[train_ppo-6] |    iterations           | 309       |
[train_ppo-6] |    time_elapsed         | 36453     |
[train_ppo-6] |    total_timesteps      | 316416    |
[train_ppo-6] | train/                  |           |
[train_ppo-6] |    approx_kl            | 0.2862036 |
[train_ppo-6] |    clip_fraction        | 0.403     |
[train_ppo-6] |    clip_range           | 0.2       |
[train_ppo-6] |    clip_range_vf        | 0.2       |
[train_ppo-6] |    entropy_loss         | 2.07      |
[train_ppo-6] |    explained_variance   | 0.633     |
[train_ppo-6] |    learning_rate        | 0.00027   |
[train_ppo-6] |    loss                 | 0.151     |
[train_ppo-6] |    n_updates            | 2378      |
[train_ppo-6] |    policy_gradient_loss | 0.00542   |
[train_ppo-6] |    std                  | 0.0868    |
[train_ppo-6] |    value_loss           | 0.121     |
[train_ppo-6] ---------------------------------------
[train_ppo-6] Early stopping at step 5 due to reaching max kl: 0.83
[train_ppo-6] PPO progress: 317000/2500000 (13%) | ep_rew_mean=815.11 | ep_len_mean=734 | episodes=100 | fps=8
[train_ppo-6] ----------------------------------------
[train_ppo-6] | rollout/                |            |
[train_ppo-6] |    ep_len_mean          | 734        |
[train_ppo-6] |    ep_rew_mean          | 815        |
[train_ppo-6] | time/                   |            |
[train_ppo-6] |    fps                  | 8          |
[train_ppo-6] |    iterations           | 310        |
[train_ppo-6] |    time_elapsed         | 36571      |
[train_ppo-6] |    total_timesteps      | 317440     |
[train_ppo-6] | train/                  |            |
[train_ppo-6] |    approx_kl            | 0.40667665 |
[train_ppo-6] |    clip_fraction        | 0.496      |
[train_ppo-6] |    clip_range           | 0.2        |
[train_ppo-6] |    clip_range_vf        | 0.2        |
[train_ppo-6] |    entropy_loss         | 2.07       |
[train_ppo-6] |    explained_variance   | 0.195      |
[train_ppo-6] |    learning_rate        | 0.00027    |
[train_ppo-6] |    loss                 | 0.0835     |
[train_ppo-6] |    n_updates            | 2384       |
[train_ppo-6] |    policy_gradient_loss | -0.0266    |
[train_ppo-6] |    std                  | 0.0869     |
[train_ppo-6] |    value_loss           | 0.18       |
[train_ppo-6] ----------------------------------------
[train_ppo-6] Early stopping at step 7 due to reaching max kl: 0.80
[train_ppo-6] PPO progress: 318000/2500000 (13%) | ep_rew_mean=815.11 | ep_len_mean=734 | episodes=100 | fps=8
[train_ppo-6] ---------------------------------------
[train_ppo-6] | rollout/                |           |
[train_ppo-6] |    ep_len_mean          | 734       |
[train_ppo-6] |    ep_rew_mean          | 815       |
[train_ppo-6] | time/                   |           |
[train_ppo-6] |    fps                  | 8         |
[train_ppo-6] |    iterations           | 311       |
[train_ppo-6] |    time_elapsed         | 36690     |
[train_ppo-6] |    total_timesteps      | 318464    |
[train_ppo-6] | train/                  |           |
[train_ppo-6] |    approx_kl            | 0.4667443 |
[train_ppo-6] |    clip_fraction        | 0.619     |
[train_ppo-6] |    clip_range           | 0.2       |
[train_ppo-6] |    clip_range_vf        | 0.2       |
[train_ppo-6] |    entropy_loss         | 2.07      |
[train_ppo-6] |    explained_variance   | 0.456     |
[train_ppo-6] |    learning_rate        | 0.00027   |
[train_ppo-6] |    loss                 | 0.0261    |
[train_ppo-6] |    n_updates            | 2392      |
[train_ppo-6] |    policy_gradient_loss | -0.0302   |
[train_ppo-6] |    std                  | 0.0868    |
[train_ppo-6] |    value_loss           | 0.081     |
[train_ppo-6] ---------------------------------------
[train_ppo-6] Early stopping at step 1 due to reaching max kl: 1.08
[train_ppo-6] PPO progress: 319000/2500000 (13%) | ep_rew_mean=816.68 | ep_len_mean=734 | episodes=100 | fps=8
[train_ppo-6] ----------------------------------------
[train_ppo-6] | rollout/                |            |
[train_ppo-6] |    ep_len_mean          | 734        |
[train_ppo-6] |    ep_rew_mean          | 817        |
[train_ppo-6] | time/                   |            |
[train_ppo-6] |    fps                  | 8          |
[train_ppo-6] |    iterations           | 312        |
[train_ppo-6] |    time_elapsed         | 36812      |
[train_ppo-6] |    total_timesteps      | 319488     |
[train_ppo-6] | train/                  |            |
[train_ppo-6] |    approx_kl            | 0.46936354 |
[train_ppo-6] |    clip_fraction        | 0.467      |
[train_ppo-6] |    clip_range           | 0.2        |
[train_ppo-6] |    clip_range_vf        | 0.2        |
[train_ppo-6] |    entropy_loss         | 2.07       |
[train_ppo-6] |    explained_variance   | 0.671      |
[train_ppo-6] |    learning_rate        | 0.000269   |
[train_ppo-6] |    loss                 | -0.0415    |
[train_ppo-6] |    n_updates            | 2394       |
[train_ppo-6] |    policy_gradient_loss | 0.0183     |
[train_ppo-6] |    std                  | 0.0867     |
[train_ppo-6] |    value_loss           | 0.0067     |
[train_ppo-6] ----------------------------------------
[train_ppo-6] Early stopping at step 3 due to reaching max kl: 27.09
[train_ppo-6] PPO progress: 320000/2500000 (13%) | ep_rew_mean=816.68 | ep_len_mean=734 | episodes=100 | fps=8
[train_ppo-6] --------------------------------------
[train_ppo-6] | rollout/                |          |
[train_ppo-6] |    ep_len_mean          | 734      |
[train_ppo-6] |    ep_rew_mean          | 817      |
[train_ppo-6] | time/                   |          |
[train_ppo-6] |    fps                  | 8        |
[train_ppo-6] |    iterations           | 313      |
[train_ppo-6] |    time_elapsed         | 36930    |
[train_ppo-6] |    total_timesteps      | 320512   |
[train_ppo-6] | train/                  |          |
[train_ppo-6] |    approx_kl            | 4.806045 |
[train_ppo-6] |    clip_fraction        | 0.523    |
[train_ppo-6] |    clip_range           | 0.2      |
[train_ppo-6] |    clip_range_vf        | 0.2      |
[train_ppo-6] |    entropy_loss         | 2.07     |
[train_ppo-6] |    explained_variance   | 0.192    |
[train_ppo-6] |    learning_rate        | 0.000269 |
[train_ppo-6] |    loss                 | 0.0371   |
[train_ppo-6] |    n_updates            | 2398     |
[train_ppo-6] |    policy_gradient_loss | -0.0161  |
[train_ppo-6] |    std                  | 0.0868   |
[train_ppo-6] |    value_loss           | 0.119    |
[train_ppo-6] --------------------------------------
[train_ppo-6] Early stopping at step 3 due to reaching max kl: 0.76
[train_ppo-6] PPO progress: 321000/2500000 (13%) | ep_rew_mean=831.60 | ep_len_mean=747 | episodes=100 | fps=8
[train_ppo-6] ----------------------------------------
[train_ppo-6] | rollout/                |            |
[train_ppo-6] |    ep_len_mean          | 747        |
[train_ppo-6] |    ep_rew_mean          | 832        |
[train_ppo-6] | time/                   |            |
[train_ppo-6] |    fps                  | 8          |
[train_ppo-6] |    iterations           | 314        |
[train_ppo-6] |    time_elapsed         | 37049      |
[train_ppo-6] |    total_timesteps      | 321536     |
[train_ppo-6] | train/                  |            |
[train_ppo-6] |    approx_kl            | 0.46214595 |
[train_ppo-6] |    clip_fraction        | 0.555      |
[train_ppo-6] |    clip_range           | 0.2        |
[train_ppo-6] |    clip_range_vf        | 0.2        |
[train_ppo-6] |    entropy_loss         | 2.07       |
[train_ppo-6] |    explained_variance   | 0.265      |
[train_ppo-6] |    learning_rate        | 0.000269   |
[train_ppo-6] |    loss                 | -0.0692    |
[train_ppo-6] |    n_updates            | 2402       |
[train_ppo-6] |    policy_gradient_loss | -0.0356    |
[train_ppo-6] |    std                  | 0.0866     |
[train_ppo-6] |    value_loss           | 0.00687    |
[train_ppo-6] ----------------------------------------
[train_ppo-6] Early stopping at step 4 due to reaching max kl: 0.76
[train_ppo-6] PPO progress: 322000/2500000 (13%) | ep_rew_mean=831.60 | ep_len_mean=747 | episodes=100 | fps=8
[train_ppo-6] ----------------------------------------
[train_ppo-6] | rollout/                |            |
[train_ppo-6] |    ep_len_mean          | 747        |
[train_ppo-6] |    ep_rew_mean          | 832        |
[train_ppo-6] | time/                   |            |
[train_ppo-6] |    fps                  | 8          |
[train_ppo-6] |    iterations           | 315        |
[train_ppo-6] |    time_elapsed         | 37167      |
[train_ppo-6] |    total_timesteps      | 322560     |
[train_ppo-6] | train/                  |            |
[train_ppo-6] |    approx_kl            | 0.36548132 |
[train_ppo-6] |    clip_fraction        | 0.542      |
[train_ppo-6] |    clip_range           | 0.2        |
[train_ppo-6] |    clip_range_vf        | 0.2        |
[train_ppo-6] |    entropy_loss         | 2.07       |
[train_ppo-6] |    explained_variance   | 0.347      |
[train_ppo-6] |    learning_rate        | 0.000269   |
[train_ppo-6] |    loss                 | 0.0217     |
[train_ppo-6] |    n_updates            | 2407       |
[train_ppo-6] |    policy_gradient_loss | -0.00104   |
[train_ppo-6] |    std                  | 0.0869     |
[train_ppo-6] |    value_loss           | 0.093      |
[train_ppo-6] ----------------------------------------
[train_ppo-6] Early stopping at step 2 due to reaching max kl: 0.81
[train_ppo-6] PPO progress: 323000/2500000 (13%) | ep_rew_mean=831.60 | ep_len_mean=747 | episodes=100 | fps=8
[train_ppo-6] ---------------------------------------
[train_ppo-6] | rollout/                |           |
[train_ppo-6] |    ep_len_mean          | 738       |
[train_ppo-6] |    ep_rew_mean          | 825       |
[train_ppo-6] | time/                   |           |
[train_ppo-6] |    fps                  | 8         |
[train_ppo-6] |    iterations           | 316       |
[train_ppo-6] |    time_elapsed         | 37288     |
[train_ppo-6] |    total_timesteps      | 323584    |
[train_ppo-6] | train/                  |           |
[train_ppo-6] |    approx_kl            | 0.3288238 |
[train_ppo-6] |    clip_fraction        | 0.449     |
[train_ppo-6] |    clip_range           | 0.2       |
[train_ppo-6] |    clip_range_vf        | 0.2       |
[train_ppo-6] |    entropy_loss         | 2.07      |
[train_ppo-6] |    explained_variance   | 0.339     |
[train_ppo-6] |    learning_rate        | 0.000269  |
[train_ppo-6] |    loss                 | -0.0371   |
[train_ppo-6] |    n_updates            | 2410      |
[train_ppo-6] |    policy_gradient_loss | -0.00193  |
[train_ppo-6] |    std                  | 0.0868    |
[train_ppo-6] |    value_loss           | 0.00685   |
[train_ppo-6] ---------------------------------------
[train_ppo-6] PPO progress: 324000/2500000 (13%) | ep_rew_mean=830.47 | ep_len_mean=744 | episodes=100 | fps=8
[train_ppo-6] ----------------------------------------
[train_ppo-6] | rollout/                |            |
[train_ppo-6] |    ep_len_mean          | 744        |
[train_ppo-6] |    ep_rew_mean          | 830        |
[train_ppo-6] | time/                   |            |
[train_ppo-6] |    fps                  | 8          |
[train_ppo-6] |    iterations           | 317        |
[train_ppo-6] |    time_elapsed         | 37407      |
[train_ppo-6] |    total_timesteps      | 324608     |
[train_ppo-6] | train/                  |            |
[train_ppo-6] |    approx_kl            | 0.32786873 |
[train_ppo-6] |    clip_fraction        | 0.583      |
[train_ppo-6] |    clip_range           | 0.2        |
[train_ppo-6] |    clip_range_vf        | 0.2        |
[train_ppo-6] |    entropy_loss         | 2.07       |
[train_ppo-6] |    explained_variance   | 0.725      |
[train_ppo-6] |    learning_rate        | 0.000269   |
[train_ppo-6] |    loss                 | -0.0175    |
[train_ppo-6] |    n_updates            | 2420       |
[train_ppo-6] |    policy_gradient_loss | -0.0459    |
[train_ppo-6] |    std                  | 0.0865     |
[train_ppo-6] |    value_loss           | 0.0522     |
[train_ppo-6] ----------------------------------------
[train_ppo-6] Early stopping at step 1 due to reaching max kl: 1.22
[train_ppo-6] PPO progress: 325000/2500000 (13%) | ep_rew_mean=830.47 | ep_len_mean=744 | episodes=100 | fps=8
[train_ppo-6] ---------------------------------------
[train_ppo-6] | rollout/                |           |
[train_ppo-6] |    ep_len_mean          | 744       |
[train_ppo-6] |    ep_rew_mean          | 830       |
[train_ppo-6] | time/                   |           |
[train_ppo-6] |    fps                  | 8         |
[train_ppo-6] |    iterations           | 318       |
[train_ppo-6] |    time_elapsed         | 37525     |
[train_ppo-6] |    total_timesteps      | 325632    |
[train_ppo-6] | train/                  |           |
[train_ppo-6] |    approx_kl            | 0.2219429 |
[train_ppo-6] |    clip_fraction        | 0.395     |
[train_ppo-6] |    clip_range           | 0.2       |
[train_ppo-6] |    clip_range_vf        | 0.2       |
[train_ppo-6] |    entropy_loss         | 2.08      |
[train_ppo-6] |    explained_variance   | 0.763     |
[train_ppo-6] |    learning_rate        | 0.000269  |
[train_ppo-6] |    loss                 | 0.0123    |
[train_ppo-6] |    n_updates            | 2422      |
[train_ppo-6] |    policy_gradient_loss | 0.0223    |
[train_ppo-6] |    std                  | 0.0866    |
[train_ppo-6] |    value_loss           | 0.0756    |
[train_ppo-6] ---------------------------------------
[train_ppo-6] Early stopping at step 1 due to reaching max kl: 0.80
[train_ppo-6] PPO progress: 326000/2500000 (13%) | ep_rew_mean=830.95 | ep_len_mean=744 | episodes=100 | fps=8
[train_ppo-6] ----------------------------------------
[train_ppo-6] | rollout/                |            |
[train_ppo-6] |    ep_len_mean          | 744        |
[train_ppo-6] |    ep_rew_mean          | 831        |
[train_ppo-6] | time/                   |            |
[train_ppo-6] |    fps                  | 8          |
[train_ppo-6] |    iterations           | 319        |
[train_ppo-6] |    time_elapsed         | 37647      |
[train_ppo-6] |    total_timesteps      | 326656     |
[train_ppo-6] | train/                  |            |
[train_ppo-6] |    approx_kl            | 0.28211817 |
[train_ppo-6] |    clip_fraction        | 0.499      |
[train_ppo-6] |    clip_range           | 0.2        |
[train_ppo-6] |    clip_range_vf        | 0.2        |
[train_ppo-6] |    entropy_loss         | 2.07       |
[train_ppo-6] |    explained_variance   | 0.544      |
[train_ppo-6] |    learning_rate        | 0.000269   |
[train_ppo-6] |    loss                 | 0.17       |
[train_ppo-6] |    n_updates            | 2424       |
[train_ppo-6] |    policy_gradient_loss | 0.00427    |
[train_ppo-6] |    std                  | 0.087      |
[train_ppo-6] |    value_loss           | 0.00891    |
[train_ppo-6] ----------------------------------------
[train_ppo-6] Early stopping at step 7 due to reaching max kl: 0.78
[train_ppo-6] PPO progress: 327000/2500000 (13%) | ep_rew_mean=830.95 | ep_len_mean=744 | episodes=100 | fps=8
[train_ppo-6] ----------------------------------------
[train_ppo-6] | rollout/                |            |
[train_ppo-6] |    ep_len_mean          | 756        |
[train_ppo-6] |    ep_rew_mean          | 845        |
[train_ppo-6] | time/                   |            |
[train_ppo-6] |    fps                  | 8          |
[train_ppo-6] |    iterations           | 320        |
[train_ppo-6] |    time_elapsed         | 37766      |
[train_ppo-6] |    total_timesteps      | 327680     |
[train_ppo-6] | train/                  |            |
[train_ppo-6] |    approx_kl            | 0.24300893 |
[train_ppo-6] |    clip_fraction        | 0.502      |
[train_ppo-6] |    clip_range           | 0.2        |
[train_ppo-6] |    clip_range_vf        | 0.2        |
[train_ppo-6] |    entropy_loss         | 2.07       |
[train_ppo-6] |    explained_variance   | 0.685      |
[train_ppo-6] |    learning_rate        | 0.000269   |
[train_ppo-6] |    loss                 | 0.155      |
[train_ppo-6] |    n_updates            | 2432       |
[train_ppo-6] |    policy_gradient_loss | -0.0397    |
[train_ppo-6] |    std                  | 0.0864     |
[train_ppo-6] |    value_loss           | 0.0741     |
[train_ppo-6] ----------------------------------------
[train_ppo-6] PPO progress: 328000/2500000 (13%) | ep_rew_mean=850.78 | ep_len_mean=762 | episodes=100 | fps=8
[train_ppo-6] ----------------------------------------
[train_ppo-6] | rollout/                |            |
[train_ppo-6] |    ep_len_mean          | 762        |
[train_ppo-6] |    ep_rew_mean          | 851        |
[train_ppo-6] | time/                   |            |
[train_ppo-6] |    fps                  | 8          |
[train_ppo-6] |    iterations           | 321        |
[train_ppo-6] |    time_elapsed         | 37885      |
[train_ppo-6] |    total_timesteps      | 328704     |
[train_ppo-6] | train/                  |            |
[train_ppo-6] |    approx_kl            | 0.12075227 |
[train_ppo-6] |    clip_fraction        | 0.469      |
[train_ppo-6] |    clip_range           | 0.2        |
[train_ppo-6] |    clip_range_vf        | 0.2        |
[train_ppo-6] |    entropy_loss         | 2.09       |
[train_ppo-6] |    explained_variance   | 0.136      |
[train_ppo-6] |    learning_rate        | 0.000269   |
[train_ppo-6] |    loss                 | -0.0333    |
[train_ppo-6] |    n_updates            | 2442       |
[train_ppo-6] |    policy_gradient_loss | -0.0409    |
[train_ppo-6] |    std                  | 0.0854     |
[train_ppo-6] |    value_loss           | 0.101      |
[train_ppo-6] ----------------------------------------
[train_ppo-6] Early stopping at step 8 due to reaching max kl: 0.85
[train_ppo-6] PPO progress: 329000/2500000 (13%) | ep_rew_mean=850.78 | ep_len_mean=762 | episodes=100 | fps=8
[train_ppo-6] ----------------------------------------
[train_ppo-6] | rollout/                |            |
[train_ppo-6] |    ep_len_mean          | 762        |
[train_ppo-6] |    ep_rew_mean          | 851        |
[train_ppo-6] | time/                   |            |
[train_ppo-6] |    fps                  | 8          |
[train_ppo-6] |    iterations           | 322        |
[train_ppo-6] |    time_elapsed         | 38003      |
[train_ppo-6] |    total_timesteps      | 329728     |
[train_ppo-6] | train/                  |            |
[train_ppo-6] |    approx_kl            | 0.41696027 |
[train_ppo-6] |    clip_fraction        | 0.6        |
[train_ppo-6] |    clip_range           | 0.2        |
[train_ppo-6] |    clip_range_vf        | 0.2        |
[train_ppo-6] |    entropy_loss         | 2.1        |
[train_ppo-6] |    explained_variance   | 0.285      |
[train_ppo-6] |    learning_rate        | 0.000268   |
[train_ppo-6] |    loss                 | 0.0263     |
[train_ppo-6] |    n_updates            | 2451       |
[train_ppo-6] |    policy_gradient_loss | -0.0218    |
[train_ppo-6] |    std                  | 0.0853     |
[train_ppo-6] |    value_loss           | 0.0778     |
[train_ppo-6] ----------------------------------------
[train_ppo-6] Early stopping at step 2 due to reaching max kl: 0.90
[train_ppo-6] PPO progress: 330000/2500000 (13%) | ep_rew_mean=871.82 | ep_len_mean=781 | episodes=100 | fps=8
[train_ppo-6] ----------------------------------------
[train_ppo-6] | rollout/                |            |
[train_ppo-6] |    ep_len_mean          | 781        |
[train_ppo-6] |    ep_rew_mean          | 872        |
[train_ppo-6] | time/                   |            |
[train_ppo-6] |    fps                  | 8          |
[train_ppo-6] |    iterations           | 323        |
[train_ppo-6] |    time_elapsed         | 38121      |
[train_ppo-6] |    total_timesteps      | 330752     |
[train_ppo-6] | train/                  |            |
[train_ppo-6] |    approx_kl            | 0.30456516 |
[train_ppo-6] |    clip_fraction        | 0.515      |
[train_ppo-6] |    clip_range           | 0.2        |
[train_ppo-6] |    clip_range_vf        | 0.2        |
[train_ppo-6] |    entropy_loss         | 2.1        |
[train_ppo-6] |    explained_variance   | 0.567      |
[train_ppo-6] |    learning_rate        | 0.000268   |
[train_ppo-6] |    loss                 | -0.0301    |
[train_ppo-6] |    n_updates            | 2454       |
[train_ppo-6] |    policy_gradient_loss | -0.024     |
[train_ppo-6] |    std                  | 0.0853     |
[train_ppo-6] |    value_loss           | 0.00448    |
[train_ppo-6] ----------------------------------------
[train_ppo-6] PPO progress: 331000/2500000 (13%) | ep_rew_mean=859.24 | ep_len_mean=769 | episodes=100 | fps=8
[gazebo-2] NodeShared::RecvSrvRequest() error sending response: Host unreachable
[train_ppo-6] [WARN] [1787257343.898369075] [cobraflex_rl_interface]: Gazebo service call failed for /world/lane_following_complex_b/set_pose: Service call timed out
[train_ppo-6] ----------------------------------------
[train_ppo-6] | rollout/                |            |
[train_ppo-6] |    ep_len_mean          | 750        |
[train_ppo-6] |    ep_rew_mean          | 838        |
[train_ppo-6] | time/                   |            |
[train_ppo-6] |    fps                  | 8          |
[train_ppo-6] |    iterations           | 324        |
[train_ppo-6] |    time_elapsed         | 38248      |
[train_ppo-6] |    total_timesteps      | 331776     |
[train_ppo-6] | train/                  |            |
[train_ppo-6] |    approx_kl            | 0.23859331 |
[train_ppo-6] |    clip_fraction        | 0.545      |
[train_ppo-6] |    clip_range           | 0.2        |
[train_ppo-6] |    clip_range_vf        | 0.2        |
[train_ppo-6] |    entropy_loss         | 2.1        |
[train_ppo-6] |    explained_variance   | 0.665      |
[train_ppo-6] |    learning_rate        | 0.000268   |
[train_ppo-6] |    loss                 | -0.0304    |
[train_ppo-6] |    n_updates            | 2464       |
[train_ppo-6] |    policy_gradient_loss | -0.062     |
[train_ppo-6] |    std                  | 0.0858     |
[train_ppo-6] |    value_loss           | 0.0159     |
[train_ppo-6] ----------------------------------------
[train_ppo-6] Early stopping at step 5 due to reaching max kl: 0.79
[train_ppo-6] PPO progress: 332000/2500000 (13%) | ep_rew_mean=837.58 | ep_len_mean=750 | episodes=100 | fps=8
[train_ppo-6] ----------------------------------------
[train_ppo-6] | rollout/                |            |
[train_ppo-6] |    ep_len_mean          | 750        |
[train_ppo-6] |    ep_rew_mean          | 838        |
[train_ppo-6] | time/                   |            |
[train_ppo-6] |    fps                  | 8          |
[train_ppo-6] |    iterations           | 325        |
[train_ppo-6] |    time_elapsed         | 38366      |
[train_ppo-6] |    total_timesteps      | 332800     |
[train_ppo-6] | train/                  |            |
[train_ppo-6] |    approx_kl            | 0.31335983 |
[train_ppo-6] |    clip_fraction        | 0.457      |
[train_ppo-6] |    clip_range           | 0.2        |
[train_ppo-6] |    clip_range_vf        | 0.2        |
[train_ppo-6] |    entropy_loss         | 2.09       |
[train_ppo-6] |    explained_variance   | -0.0265    |
[train_ppo-6] |    learning_rate        | 0.000268   |
[train_ppo-6] |    loss                 | 0.354      |
[train_ppo-6] |    n_updates            | 2470       |
[train_ppo-6] |    policy_gradient_loss | -0.0167    |
[train_ppo-6] |    std                  | 0.0857     |
[train_ppo-6] |    value_loss           | 0.301      |
[train_ppo-6] ----------------------------------------
[train_ppo-6] PPO progress: 333000/2500000 (13%) | ep_rew_mean=837.58 | ep_len_mean=750 | episodes=100 | fps=8
[gazebo-2] NodeShared::RecvSrvRequest() error sending response: Host unreachable
[train_ppo-6] [WARN] [1787257587.368840149] [cobraflex_rl_interface]: Gazebo service call failed for /world/lane_following_complex_b/set_pose: Service call timed out
[gazebo-2] NodeShared::RecvSrvRequest() error sending response: Host unreachable
[train_ppo-6] [WARN] [1787257591.421657143] [cobraflex_rl_interface]: Gazebo service call failed for /world/lane_following_complex_b/set_pose: Service call timed out
[gazebo-2] NodeShared::RecvSrvRequest() error sending response: Host unreachable
[train_ppo-6] [WARN] [1787257595.470432357] [cobraflex_rl_interface]: Gazebo service call failed for /world/lane_following_complex_b/set_pose: Service call timed out
[gazebo-2] NodeShared::RecvSrvRequest() error sending response: Host unreachable
[train_ppo-6] [WARN] [1787257599.519340681] [cobraflex_rl_interface]: Gazebo service call failed for /world/lane_following_complex_b/set_pose: Service call timed out
[train_ppo-6] ----------------------------------------
[train_ppo-6] | rollout/                |            |
[train_ppo-6] |    ep_len_mean          | 721        |
[train_ppo-6] |    ep_rew_mean          | 805        |
[train_ppo-6] | time/                   |            |
[train_ppo-6] |    fps                  | 8          |
[train_ppo-6] |    iterations           | 326        |
[train_ppo-6] |    time_elapsed         | 38511      |
[train_ppo-6] |    total_timesteps      | 333824     |
[train_ppo-6] | train/                  |            |
[train_ppo-6] |    approx_kl            | 0.17740273 |
[train_ppo-6] |    clip_fraction        | 0.546      |
[train_ppo-6] |    clip_range           | 0.2        |
[train_ppo-6] |    clip_range_vf        | 0.2        |
[train_ppo-6] |    entropy_loss         | 2.1        |
[train_ppo-6] |    explained_variance   | 0.645      |
[train_ppo-6] |    learning_rate        | 0.000268   |
[train_ppo-6] |    loss                 | -0.0605    |
[train_ppo-6] |    n_updates            | 2480       |
[train_ppo-6] |    policy_gradient_loss | -0.0708    |
[train_ppo-6] |    std                  | 0.0847     |
[train_ppo-6] |    value_loss           | 0.00393    |
[train_ppo-6] ----------------------------------------
[train_ppo-6] PPO progress: 334000/2500000 (13%) | ep_rew_mean=805.45 | ep_len_mean=721 | episodes=100 | fps=8
[gazebo-2] NodeShared::RecvSrvRequest() error sending response: Host unreachable
[train_ppo-6] [WARN] [1787257723.645042984] [cobraflex_rl_interface]: Gazebo service call failed for /world/lane_following_complex_b/set_pose: Service call timed out
[train_ppo-6] ----------------------------------------
[train_ppo-6] | rollout/                |            |
[train_ppo-6] |    ep_len_mean          | 702        |
[train_ppo-6] |    ep_rew_mean          | 785        |
[train_ppo-6] | time/                   |            |
[train_ppo-6] |    fps                  | 8          |
[train_ppo-6] |    iterations           | 327        |
[train_ppo-6] |    time_elapsed         | 38637      |
[train_ppo-6] |    total_timesteps      | 334848     |
[train_ppo-6] | train/                  |            |
[train_ppo-6] |    approx_kl            | 0.20945966 |
[train_ppo-6] |    clip_fraction        | 0.501      |
[train_ppo-6] |    clip_range           | 0.2        |
[train_ppo-6] |    clip_range_vf        | 0.2        |
[train_ppo-6] |    entropy_loss         | 2.13       |
[train_ppo-6] |    explained_variance   | 0.545      |
[train_ppo-6] |    learning_rate        | 0.000268   |
[train_ppo-6] |    loss                 | -0.0235    |
[train_ppo-6] |    n_updates            | 2490       |
[train_ppo-6] |    policy_gradient_loss | -0.0506    |
[train_ppo-6] |    std                  | 0.0835     |
[train_ppo-6] |    value_loss           | 0.201      |
[train_ppo-6] ----------------------------------------
[train_ppo-6] PPO progress: 335000/2500000 (13%) | ep_rew_mean=784.90 | ep_len_mean=702 | episodes=100 | fps=8
[train_ppo-6] ----------------------------------------
[train_ppo-6] | rollout/                |            |
[train_ppo-6] |    ep_len_mean          | 702        |
[train_ppo-6] |    ep_rew_mean          | 785        |
[train_ppo-6] | time/                   |            |
[train_ppo-6] |    fps                  | 8          |
[train_ppo-6] |    iterations           | 328        |
[train_ppo-6] |    time_elapsed         | 38755      |
[train_ppo-6] |    total_timesteps      | 335872     |
[train_ppo-6] | train/                  |            |
[train_ppo-6] |    approx_kl            | 0.23129457 |
[train_ppo-6] |    clip_fraction        | 0.515      |
[train_ppo-6] |    clip_range           | 0.2        |
[train_ppo-6] |    clip_range_vf        | 0.2        |
[train_ppo-6] |    entropy_loss         | 2.15       |
[train_ppo-6] |    explained_variance   | 0.808      |
[train_ppo-6] |    learning_rate        | 0.000268   |
[train_ppo-6] |    loss                 | -0.052     |
[train_ppo-6] |    n_updates            | 2500       |
[train_ppo-6] |    policy_gradient_loss | -0.0431    |
[train_ppo-6] |    std                  | 0.0826     |
[train_ppo-6] |    value_loss           | 0.0394     |
[train_ppo-6] ----------------------------------------
[train_ppo-6] PPO progress: 336000/2500000 (13%) | ep_rew_mean=784.90 | ep_len_mean=702 | episodes=100 | fps=8
[train_ppo-6] ----------------------------------------
[train_ppo-6] | rollout/                |            |
[train_ppo-6] |    ep_len_mean          | 723        |
[train_ppo-6] |    ep_rew_mean          | 808        |
[train_ppo-6] | time/                   |            |
[train_ppo-6] |    fps                  | 8          |
[train_ppo-6] |    iterations           | 329        |
[train_ppo-6] |    time_elapsed         | 38873      |
[train_ppo-6] |    total_timesteps      | 336896     |
[train_ppo-6] | train/                  |            |
[train_ppo-6] |    approx_kl            | 0.27689514 |
[train_ppo-6] |    clip_fraction        | 0.591      |
[train_ppo-6] |    clip_range           | 0.2        |
[train_ppo-6] |    clip_range_vf        | 0.2        |
[train_ppo-6] |    entropy_loss         | 2.18       |
[train_ppo-6] |    explained_variance   | 0.66       |
[train_ppo-6] |    learning_rate        | 0.000268   |
[train_ppo-6] |    loss                 | -0.0835    |
[train_ppo-6] |    n_updates            | 2510       |
[train_ppo-6] |    policy_gradient_loss | -0.0777    |
[train_ppo-6] |    std                  | 0.0815     |
[train_ppo-6] |    value_loss           | 0.00259    |
[train_ppo-6] ----------------------------------------
[train_ppo-6] PPO progress: 337000/2500000 (13%) | ep_rew_mean=808.20 | ep_len_mean=723 | episodes=100 | fps=8
[train_ppo-6] ----------------------------------------
[train_ppo-6] | rollout/                |            |
[train_ppo-6] |    ep_len_mean          | 723        |
[train_ppo-6] |    ep_rew_mean          | 808        |
[train_ppo-6] | time/                   |            |
[train_ppo-6] |    fps                  | 8          |
[train_ppo-6] |    iterations           | 330        |
[train_ppo-6] |    time_elapsed         | 38992      |
[train_ppo-6] |    total_timesteps      | 337920     |
[train_ppo-6] | train/                  |            |
[train_ppo-6] |    approx_kl            | 0.19160527 |
[train_ppo-6] |    clip_fraction        | 0.563      |
[train_ppo-6] |    clip_range           | 0.2        |
[train_ppo-6] |    clip_range_vf        | 0.2        |
[train_ppo-6] |    entropy_loss         | 2.2        |
[train_ppo-6] |    explained_variance   | 0.123      |
[train_ppo-6] |    learning_rate        | 0.000268   |
[train_ppo-6] |    loss                 | -0.0824    |
[train_ppo-6] |    n_updates            | 2520       |
[train_ppo-6] |    policy_gradient_loss | -0.0767    |
[train_ppo-6] |    std                  | 0.0807     |
[train_ppo-6] |    value_loss           | 0.00795    |
[train_ppo-6] ----------------------------------------
[train_ppo-6] PPO progress: 338000/2500000 (14%) | ep_rew_mean=808.20 | ep_len_mean=723 | episodes=100 | fps=8
[gazebo-2] NodeShared::RecvSrvRequest() error sending response: Host unreachable
[train_ppo-6] [WARN] [1787258206.714013149] [cobraflex_rl_interface]: Gazebo service call failed for /world/lane_following_complex_b/set_pose: Service call timed out
[train_ppo-6] ---------------------------------------
[train_ppo-6] | rollout/                |           |
[train_ppo-6] |    ep_len_mean          | 739       |
[train_ppo-6] |    ep_rew_mean          | 827       |
[train_ppo-6] | time/                   |           |
[train_ppo-6] |    fps                  | 8         |
[train_ppo-6] |    iterations           | 331       |
[train_ppo-6] |    time_elapsed         | 39117     |
[train_ppo-6] |    total_timesteps      | 338944    |
[train_ppo-6] | train/                  |           |
[train_ppo-6] |    approx_kl            | 0.2527112 |
[train_ppo-6] |    clip_fraction        | 0.584     |
[train_ppo-6] |    clip_range           | 0.2       |
[train_ppo-6] |    clip_range_vf        | 0.2       |
[train_ppo-6] |    entropy_loss         | 2.22      |
[train_ppo-6] |    explained_variance   | 0.451     |
[train_ppo-6] |    learning_rate        | 0.000268  |
[train_ppo-6] |    loss                 | -0.0736   |
[train_ppo-6] |    n_updates            | 2530      |
[train_ppo-6] |    policy_gradient_loss | -0.0846   |
[train_ppo-6] |    std                  | 0.0799    |
[train_ppo-6] |    value_loss           | 0.00252   |
[train_ppo-6] ---------------------------------------
[train_ppo-6] Early stopping at step 1 due to reaching max kl: 1.30
[train_ppo-6] PPO progress: 339000/2500000 (14%) | ep_rew_mean=826.93 | ep_len_mean=739 | episodes=100 | fps=8
[train_ppo-6] ---------------------------------------
[train_ppo-6] | rollout/                |           |
[train_ppo-6] |    ep_len_mean          | 739       |
[train_ppo-6] |    ep_rew_mean          | 827       |
[train_ppo-6] | time/                   |           |
[train_ppo-6] |    fps                  | 8         |
[train_ppo-6] |    iterations           | 332       |
[train_ppo-6] |    time_elapsed         | 39235     |
[train_ppo-6] |    total_timesteps      | 339968    |
[train_ppo-6] | train/                  |           |
[train_ppo-6] |    approx_kl            | 0.5622155 |
[train_ppo-6] |    clip_fraction        | 0.541     |
[train_ppo-6] |    clip_range           | 0.2       |
[train_ppo-6] |    clip_range_vf        | 0.2       |
[train_ppo-6] |    entropy_loss         | 2.24      |
[train_ppo-6] |    explained_variance   | 0.542     |
[train_ppo-6] |    learning_rate        | 0.000267  |
[train_ppo-6] |    loss                 | 0.0643    |
[train_ppo-6] |    n_updates            | 2532      |
[train_ppo-6] |    policy_gradient_loss | 0.0211    |
[train_ppo-6] |    std                  | 0.0799    |
[train_ppo-6] |    value_loss           | 0.0191    |
[train_ppo-6] ---------------------------------------
[train_ppo-6] Early stopping at step 1 due to reaching max kl: 0.83
[train_ppo-6] PPO progress: 340000/2500000 (14%) | ep_rew_mean=826.93 | ep_len_mean=739 | episodes=100 | fps=8
[gazebo-2] NodeShared::RecvSrvRequest() error sending response: Host unreachable
[train_ppo-6] [WARN] [1787258447.527316809] [cobraflex_rl_interface]: Gazebo service call failed for /world/lane_following_complex_b/set_pose: Service call timed out
[train_ppo-6] ----------------------------------------
[train_ppo-6] | rollout/                |            |
[train_ppo-6] |    ep_len_mean          | 749        |
[train_ppo-6] |    ep_rew_mean          | 838        |
[train_ppo-6] | time/                   |            |
[train_ppo-6] |    fps                  | 8          |
[train_ppo-6] |    iterations           | 333        |
[train_ppo-6] |    time_elapsed         | 39358      |
[train_ppo-6] |    total_timesteps      | 340992     |
[train_ppo-6] | train/                  |            |
[train_ppo-6] |    approx_kl            | 0.39212757 |
[train_ppo-6] |    clip_fraction        | 0.559      |
[train_ppo-6] |    clip_range           | 0.2        |
[train_ppo-6] |    clip_range_vf        | 0.2        |
[train_ppo-6] |    entropy_loss         | 2.23       |
[train_ppo-6] |    explained_variance   | 0.381      |
[train_ppo-6] |    learning_rate        | 0.000267   |
[train_ppo-6] |    loss                 | 0.0579     |
[train_ppo-6] |    n_updates            | 2534       |
[train_ppo-6] |    policy_gradient_loss | 0.0787     |
[train_ppo-6] |    std                  | 0.0801     |
[train_ppo-6] |    value_loss           | 0.0117     |
[train_ppo-6] ----------------------------------------
[train_ppo-6] PPO progress: 341000/2500000 (14%) | ep_rew_mean=837.57 | ep_len_mean=749 | episodes=100 | fps=8
[train_ppo-6] PPO progress: 342000/2500000 (14%) | ep_rew_mean=852.57 | ep_len_mean=762 | episodes=100 | fps=8
[train_ppo-6] ----------------------------------------
[train_ppo-6] | rollout/                |            |
[train_ppo-6] |    ep_len_mean          | 762        |
[train_ppo-6] |    ep_rew_mean          | 853        |
[train_ppo-6] | time/                   |            |
[train_ppo-6] |    fps                  | 8          |
[train_ppo-6] |    iterations           | 334        |
[train_ppo-6] |    time_elapsed         | 39479      |
[train_ppo-6] |    total_timesteps      | 342016     |
[train_ppo-6] | train/                  |            |
[train_ppo-6] |    approx_kl            | 0.34966964 |
[train_ppo-6] |    clip_fraction        | 0.592      |
[train_ppo-6] |    clip_range           | 0.2        |
[train_ppo-6] |    clip_range_vf        | 0.2        |
[train_ppo-6] |    entropy_loss         | 2.24       |
[train_ppo-6] |    explained_variance   | -0.364     |
[train_ppo-6] |    learning_rate        | 0.000267   |
[train_ppo-6] |    loss                 | -0.0648    |
[train_ppo-6] |    n_updates            | 2544       |
[train_ppo-6] |    policy_gradient_loss | -0.0738    |
[train_ppo-6] |    std                  | 0.0792     |
[train_ppo-6] |    value_loss           | 0.00535    |
[train_ppo-6] ----------------------------------------
[train_ppo-6] PPO progress: 343000/2500000 (14%) | ep_rew_mean=852.57 | ep_len_mean=762 | episodes=100 | fps=8
[train_ppo-6] ---------------------------------------
[train_ppo-6] | rollout/                |           |
[train_ppo-6] |    ep_len_mean          | 762       |
[train_ppo-6] |    ep_rew_mean          | 853       |
[train_ppo-6] | time/                   |           |
[train_ppo-6] |    fps                  | 8         |
[train_ppo-6] |    iterations           | 335       |
[train_ppo-6] |    time_elapsed         | 39597     |
[train_ppo-6] |    total_timesteps      | 343040    |
[train_ppo-6] | train/                  |           |
[train_ppo-6] |    approx_kl            | 0.2422592 |
[train_ppo-6] |    clip_fraction        | 0.541     |
[train_ppo-6] |    clip_range           | 0.2       |
[train_ppo-6] |    clip_range_vf        | 0.2       |
[train_ppo-6] |    entropy_loss         | 2.25      |
[train_ppo-6] |    explained_variance   | 0.537     |
[train_ppo-6] |    learning_rate        | 0.000267  |
[train_ppo-6] |    loss                 | 0.0447    |
[train_ppo-6] |    n_updates            | 2554      |
[train_ppo-6] |    policy_gradient_loss | -0.0425   |
[train_ppo-6] |    std                  | 0.0787    |
[train_ppo-6] |    value_loss           | 0.162     |
[train_ppo-6] ---------------------------------------
[train_ppo-6] Early stopping at step 1 due to reaching max kl: 0.91
[train_ppo-6] PPO progress: 344000/2500000 (14%) | ep_rew_mean=852.57 | ep_len_mean=762 | episodes=100 | fps=8
[gazebo-2] NodeShared::RecvSrvRequest() error sending response: Host unreachable
[train_ppo-6] [WARN] [1787258902.255599419] [cobraflex_rl_interface]: Gazebo service call failed for /world/lane_following_complex_b/set_pose: Service call timed out
[gazebo-2] NodeShared::RecvSrvRequest() error sending response: Host unreachable
[train_ppo-6] [WARN] [1787258906.304329912] [cobraflex_rl_interface]: Gazebo service call failed for /world/lane_following_complex_b/set_pose: Service call timed out
[train_ppo-6] ----------------------------------------
[train_ppo-6] | rollout/                |            |
[train_ppo-6] |    ep_len_mean          | 757        |
[train_ppo-6] |    ep_rew_mean          | 848        |
[train_ppo-6] | time/                   |            |
[train_ppo-6] |    fps                  | 8          |
[train_ppo-6] |    iterations           | 336        |
[train_ppo-6] |    time_elapsed         | 39727      |
[train_ppo-6] |    total_timesteps      | 344064     |
[train_ppo-6] | train/                  |            |
[train_ppo-6] |    approx_kl            | 0.30699354 |
[train_ppo-6] |    clip_fraction        | 0.316      |
[train_ppo-6] |    clip_range           | 0.2        |
[train_ppo-6] |    clip_range_vf        | 0.2        |
[train_ppo-6] |    entropy_loss         | 2.27       |
[train_ppo-6] |    explained_variance   | 0.0177     |
[train_ppo-6] |    learning_rate        | 0.000267   |
[train_ppo-6] |    loss                 | -0.0305    |
[train_ppo-6] |    n_updates            | 2556       |
[train_ppo-6] |    policy_gradient_loss | 0.0107     |
[train_ppo-6] |    std                  | 0.0787     |
[train_ppo-6] |    value_loss           | 0.00392    |
[train_ppo-6] ----------------------------------------
[train_ppo-6] PPO progress: 345000/2500000 (14%) | ep_rew_mean=818.06 | ep_len_mean=730 | episodes=100 | fps=8
[train_ppo-6] ----------------------------------------
[train_ppo-6] | rollout/                |            |
[train_ppo-6] |    ep_len_mean          | 730        |
[train_ppo-6] |    ep_rew_mean          | 818        |
[train_ppo-6] | time/                   |            |
[train_ppo-6] |    fps                  | 8          |
[train_ppo-6] |    iterations           | 337        |
[train_ppo-6] |    time_elapsed         | 39847      |
[train_ppo-6] |    total_timesteps      | 345088     |
[train_ppo-6] | train/                  |            |
[train_ppo-6] |    approx_kl            | 0.33206514 |
[train_ppo-6] |    clip_fraction        | 0.599      |
[train_ppo-6] |    clip_range           | 0.2        |
[train_ppo-6] |    clip_range_vf        | 0.2        |
[train_ppo-6] |    entropy_loss         | 2.28       |
[train_ppo-6] |    explained_variance   | 0.123      |
[train_ppo-6] |    learning_rate        | 0.000267   |
[train_ppo-6] |    loss                 | -0.0792    |
[train_ppo-6] |    n_updates            | 2566       |
[train_ppo-6] |    policy_gradient_loss | -0.0711    |
[train_ppo-6] |    std                  | 0.0769     |
[train_ppo-6] |    value_loss           | 0.0142     |
[train_ppo-6] ----------------------------------------
[train_ppo-6] Early stopping at step 6 due to reaching max kl: 1.12
[train_ppo-6] PPO progress: 346000/2500000 (14%) | ep_rew_mean=808.15 | ep_len_mean=721 | episodes=100 | fps=8
[train_ppo-6] ----------------------------------------
[train_ppo-6] | rollout/                |            |
[train_ppo-6] |    ep_len_mean          | 721        |
[train_ppo-6] |    ep_rew_mean          | 808        |
[train_ppo-6] | time/                   |            |
[train_ppo-6] |    fps                  | 8          |
[train_ppo-6] |    iterations           | 338        |
[train_ppo-6] |    time_elapsed         | 39965      |
[train_ppo-6] |    total_timesteps      | 346112     |
[train_ppo-6] | train/                  |            |
[train_ppo-6] |    approx_kl            | 0.72534597 |
[train_ppo-6] |    clip_fraction        | 0.523      |
[train_ppo-6] |    clip_range           | 0.2        |
[train_ppo-6] |    clip_range_vf        | 0.2        |
[train_ppo-6] |    entropy_loss         | 2.32       |
[train_ppo-6] |    explained_variance   | 0.343      |
[train_ppo-6] |    learning_rate        | 0.000267   |
[train_ppo-6] |    loss                 | 0.0317     |
[train_ppo-6] |    n_updates            | 2573       |
[train_ppo-6] |    policy_gradient_loss | -0.0423    |
[train_ppo-6] |    std                  | 0.0766     |
[train_ppo-6] |    value_loss           | 0.293      |
[train_ppo-6] ----------------------------------------
[train_ppo-6] Early stopping at step 1 due to reaching max kl: 1.08
[train_ppo-6] PPO progress: 347000/2500000 (14%) | ep_rew_mean=808.15 | ep_len_mean=721 | episodes=100 | fps=8
[train_ppo-6] ----------------------------------------
[train_ppo-6] | rollout/                |            |
[train_ppo-6] |    ep_len_mean          | 721        |
[train_ppo-6] |    ep_rew_mean          | 808        |
[train_ppo-6] | time/                   |            |
[train_ppo-6] |    fps                  | 8          |
[train_ppo-6] |    iterations           | 339        |
[train_ppo-6] |    time_elapsed         | 40083      |
[train_ppo-6] |    total_timesteps      | 347136     |
[train_ppo-6] | train/                  |            |
[train_ppo-6] |    approx_kl            | 0.33053416 |
[train_ppo-6] |    clip_fraction        | 0.5        |
[train_ppo-6] |    clip_range           | 0.2        |
[train_ppo-6] |    clip_range_vf        | 0.2        |
[train_ppo-6] |    entropy_loss         | 2.32       |
[train_ppo-6] |    explained_variance   | 0.765      |
[train_ppo-6] |    learning_rate        | 0.000267   |
[train_ppo-6] |    loss                 | 0.0144     |
[train_ppo-6] |    n_updates            | 2575       |
[train_ppo-6] |    policy_gradient_loss | 0.00306    |
[train_ppo-6] |    std                  | 0.0766     |
[train_ppo-6] |    value_loss           | 0.0949     |
[train_ppo-6] ----------------------------------------
[train_ppo-6] Early stopping at step 1 due to reaching max kl: 0.84
[train_ppo-6] PPO progress: 348000/2500000 (14%) | ep_rew_mean=810.06 | ep_len_mean=723 | episodes=100 | fps=8
[train_ppo-6] ----------------------------------------
[train_ppo-6] | rollout/                |            |
[train_ppo-6] |    ep_len_mean          | 723        |
[train_ppo-6] |    ep_rew_mean          | 810        |
[train_ppo-6] | time/                   |            |
[train_ppo-6] |    fps                  | 8          |
[train_ppo-6] |    iterations           | 340        |
[train_ppo-6] |    time_elapsed         | 40202      |
[train_ppo-6] |    total_timesteps      | 348160     |
[train_ppo-6] | train/                  |            |
[train_ppo-6] |    approx_kl            | 0.44312286 |
[train_ppo-6] |    clip_fraction        | 0.583      |
[train_ppo-6] |    clip_range           | 0.2        |
[train_ppo-6] |    clip_range_vf        | 0.2        |
[train_ppo-6] |    entropy_loss         | 2.32       |
[train_ppo-6] |    explained_variance   | 0.55       |
[train_ppo-6] |    learning_rate        | 0.000267   |
[train_ppo-6] |    loss                 | 0.188      |
[train_ppo-6] |    n_updates            | 2577       |
[train_ppo-6] |    policy_gradient_loss | 0.025      |
[train_ppo-6] |    std                  | 0.0768     |
[train_ppo-6] |    value_loss           | 0.0116     |
[train_ppo-6] ----------------------------------------
[train_ppo-6] Early stopping at step 1 due to reaching max kl: 0.89
[train_ppo-6] PPO progress: 349000/2500000 (14%) | ep_rew_mean=810.06 | ep_len_mean=723 | episodes=100 | fps=8
[train_ppo-6] ----------------------------------------
[train_ppo-6] | rollout/                |            |
[train_ppo-6] |    ep_len_mean          | 723        |
[train_ppo-6] |    ep_rew_mean          | 810        |
[train_ppo-6] | time/                   |            |
[train_ppo-6] |    fps                  | 8          |
[train_ppo-6] |    iterations           | 341        |
[train_ppo-6] |    time_elapsed         | 40321      |
[train_ppo-6] |    total_timesteps      | 349184     |
[train_ppo-6] | train/                  |            |
[train_ppo-6] |    approx_kl            | 0.36659515 |
[train_ppo-6] |    clip_fraction        | 0.464      |
[train_ppo-6] |    clip_range           | 0.2        |
[train_ppo-6] |    clip_range_vf        | 0.2        |
[train_ppo-6] |    entropy_loss         | 2.32       |
[train_ppo-6] |    explained_variance   | 0.811      |
[train_ppo-6] |    learning_rate        | 0.000267   |
[train_ppo-6] |    loss                 | 0.00806    |
[train_ppo-6] |    n_updates            | 2579       |
[train_ppo-6] |    policy_gradient_loss | 0.0157     |
[train_ppo-6] |    std                  | 0.0768     |
[train_ppo-6] |    value_loss           | 0.0449     |
[train_ppo-6] ----------------------------------------
[train_ppo-6] Early stopping at step 3 due to reaching max kl: 0.83
[train_ppo-6] PPO progress: 350000/2500000 (14%) | ep_rew_mean=832.19 | ep_len_mean=743 | episodes=100 | fps=8
[train_ppo-6] ---------------------------------------
[train_ppo-6] | rollout/                |           |
[train_ppo-6] |    ep_len_mean          | 743       |
[train_ppo-6] |    ep_rew_mean          | 832       |
[train_ppo-6] | time/                   |           |
[train_ppo-6] |    fps                  | 8         |
[train_ppo-6] |    iterations           | 342       |
[train_ppo-6] |    time_elapsed         | 40439     |
[train_ppo-6] |    total_timesteps      | 350208    |
[train_ppo-6] | train/                  |           |
[train_ppo-6] |    approx_kl            | 0.5783327 |
[train_ppo-6] |    clip_fraction        | 0.558     |
[train_ppo-6] |    clip_range           | 0.2       |
[train_ppo-6] |    clip_range_vf        | 0.2       |
[train_ppo-6] |    entropy_loss         | 2.31      |
[train_ppo-6] |    explained_variance   | 0.54      |
[train_ppo-6] |    learning_rate        | 0.000266  |
[train_ppo-6] |    loss                 | -0.0622   |
[train_ppo-6] |    n_updates            | 2583      |
[train_ppo-6] |    policy_gradient_loss | -0.0108   |
[train_ppo-6] |    std                  | 0.0771    |
[train_ppo-6] |    value_loss           | 0.00765   |
[train_ppo-6] ---------------------------------------
[train_ppo-6] PPO progress: 351000/2500000 (14%) | ep_rew_mean=776.22 | ep_len_mean=693 | episodes=100 | fps=8
[train_ppo-6] ----------------------------------------
[train_ppo-6] | rollout/                |            |
[train_ppo-6] |    ep_len_mean          | 693        |
[train_ppo-6] |    ep_rew_mean          | 776        |
[train_ppo-6] | time/                   |            |
[train_ppo-6] |    fps                  | 8          |
[train_ppo-6] |    iterations           | 343        |
[train_ppo-6] |    time_elapsed         | 40566      |
[train_ppo-6] |    total_timesteps      | 351232     |
[train_ppo-6] | train/                  |            |
[train_ppo-6] |    approx_kl            | 0.20975141 |
[train_ppo-6] |    clip_fraction        | 0.535      |
[train_ppo-6] |    clip_range           | 0.2        |
[train_ppo-6] |    clip_range_vf        | 0.2        |
[train_ppo-6] |    entropy_loss         | 2.3        |
[train_ppo-6] |    explained_variance   | 0.542      |
[train_ppo-6] |    learning_rate        | 0.000266   |
[train_ppo-6] |    loss                 | -0.000134  |
[train_ppo-6] |    n_updates            | 2593       |
[train_ppo-6] |    policy_gradient_loss | -0.0476    |
[train_ppo-6] |    std                  | 0.0775     |
[train_ppo-6] |    value_loss           | 0.011      |
[train_ppo-6] ----------------------------------------
[train_ppo-6] PPO progress: 352000/2500000 (14%) | ep_rew_mean=765.57 | ep_len_mean=684 | episodes=100 | fps=8
[train_ppo-6] ----------------------------------------
[train_ppo-6] | rollout/                |            |
[train_ppo-6] |    ep_len_mean          | 684        |
[train_ppo-6] |    ep_rew_mean          | 766        |
[train_ppo-6] | time/                   |            |
[train_ppo-6] |    fps                  | 8          |
[train_ppo-6] |    iterations           | 344        |
[train_ppo-6] |    time_elapsed         | 40687      |
[train_ppo-6] |    total_timesteps      | 352256     |
[train_ppo-6] | train/                  |            |
[train_ppo-6] |    approx_kl            | 0.35157177 |
[train_ppo-6] |    clip_fraction        | 0.56       |
[train_ppo-6] |    clip_range           | 0.2        |
[train_ppo-6] |    clip_range_vf        | 0.2        |
[train_ppo-6] |    entropy_loss         | 2.3        |
[train_ppo-6] |    explained_variance   | 0.819      |
[train_ppo-6] |    learning_rate        | 0.000266   |
[train_ppo-6] |    loss                 | 0.034      |
[train_ppo-6] |    n_updates            | 2603       |
[train_ppo-6] |    policy_gradient_loss | -0.0582    |
[train_ppo-6] |    std                  | 0.0763     |
[train_ppo-6] |    value_loss           | 0.0725     |
[train_ppo-6] ----------------------------------------
[train_ppo-6] Early stopping at step 1 due to reaching max kl: 0.80
[train_ppo-6] PPO progress: 353000/2500000 (14%) | ep_rew_mean=765.57 | ep_len_mean=684 | episodes=100 | fps=8
[train_ppo-6] ---------------------------------------
[train_ppo-6] | rollout/                |           |
[train_ppo-6] |    ep_len_mean          | 684       |
[train_ppo-6] |    ep_rew_mean          | 766       |
[train_ppo-6] | time/                   |           |
[train_ppo-6] |    fps                  | 8         |
[train_ppo-6] |    iterations           | 345       |
[train_ppo-6] |    time_elapsed         | 40805     |
[train_ppo-6] |    total_timesteps      | 353280    |
[train_ppo-6] | train/                  |           |
[train_ppo-6] |    approx_kl            | 0.3333888 |
[train_ppo-6] |    clip_fraction        | 0.434     |
[train_ppo-6] |    clip_range           | 0.2       |
[train_ppo-6] |    clip_range_vf        | 0.2       |
[train_ppo-6] |    entropy_loss         | 2.33      |
[train_ppo-6] |    explained_variance   | 0.0186    |
[train_ppo-6] |    learning_rate        | 0.000266  |
[train_ppo-6] |    loss                 | 0.0527    |
[train_ppo-6] |    n_updates            | 2605      |
[train_ppo-6] |    policy_gradient_loss | 0.0162    |
[train_ppo-6] |    std                  | 0.0763    |
[train_ppo-6] |    value_loss           | 0.12      |
[train_ppo-6] ---------------------------------------
[train_ppo-6] PPO progress: 354000/2500000 (14%) | ep_rew_mean=782.43 | ep_len_mean=699 | episodes=100 | fps=8
[train_ppo-6] ----------------------------------------
[train_ppo-6] | rollout/                |            |
[train_ppo-6] |    ep_len_mean          | 699        |
[train_ppo-6] |    ep_rew_mean          | 782        |
[train_ppo-6] | time/                   |            |
[train_ppo-6] |    fps                  | 8          |
[train_ppo-6] |    iterations           | 346        |
[train_ppo-6] |    time_elapsed         | 40924      |
[train_ppo-6] |    total_timesteps      | 354304     |
[train_ppo-6] | train/                  |            |
[train_ppo-6] |    approx_kl            | 0.26107895 |
[train_ppo-6] |    clip_fraction        | 0.583      |
[train_ppo-6] |    clip_range           | 0.2        |
[train_ppo-6] |    clip_range_vf        | 0.2        |
[train_ppo-6] |    entropy_loss         | 2.33       |
[train_ppo-6] |    explained_variance   | 0.48       |
[train_ppo-6] |    learning_rate        | 0.000266   |
[train_ppo-6] |    loss                 | -0.0811    |
[train_ppo-6] |    n_updates            | 2615       |
[train_ppo-6] |    policy_gradient_loss | -0.0799    |
[train_ppo-6] |    std                  | 0.076      |
[train_ppo-6] |    value_loss           | 0.00392    |
[train_ppo-6] ----------------------------------------
[train_ppo-6] PPO progress: 355000/2500000 (14%) | ep_rew_mean=793.91 | ep_len_mean=708 | episodes=100 | fps=8
[train_ppo-6] ----------------------------------------
[train_ppo-6] | rollout/                |            |
[train_ppo-6] |    ep_len_mean          | 708        |
[train_ppo-6] |    ep_rew_mean          | 794        |
[train_ppo-6] | time/                   |            |
[train_ppo-6] |    fps                  | 8          |
[train_ppo-6] |    iterations           | 347        |
[train_ppo-6] |    time_elapsed         | 41043      |
[train_ppo-6] |    total_timesteps      | 355328     |
[train_ppo-6] | train/                  |            |
[train_ppo-6] |    approx_kl            | 0.12822083 |
[train_ppo-6] |    clip_fraction        | 0.463      |
[train_ppo-6] |    clip_range           | 0.2        |
[train_ppo-6] |    clip_range_vf        | 0.2        |
[train_ppo-6] |    entropy_loss         | 2.35       |
[train_ppo-6] |    explained_variance   | -0.0335    |
[train_ppo-6] |    learning_rate        | 0.000266   |
[train_ppo-6] |    loss                 | -0.0314    |
[train_ppo-6] |    n_updates            | 2625       |
[train_ppo-6] |    policy_gradient_loss | -0.0373    |
[train_ppo-6] |    std                  | 0.0753     |
[train_ppo-6] |    value_loss           | 0.0988     |
[train_ppo-6] ----------------------------------------
[train_ppo-6] PPO progress: 356000/2500000 (14%) | ep_rew_mean=793.91 | ep_len_mean=708 | episodes=100 | fps=8
[train_ppo-6] ---------------------------------------
[train_ppo-6] | rollout/                |           |
[train_ppo-6] |    ep_len_mean          | 725       |
[train_ppo-6] |    ep_rew_mean          | 811       |
[train_ppo-6] | time/                   |           |
[train_ppo-6] |    fps                  | 8         |
[train_ppo-6] |    iterations           | 348       |
[train_ppo-6] |    time_elapsed         | 41161     |
[train_ppo-6] |    total_timesteps      | 356352    |
[train_ppo-6] | train/                  |           |
[train_ppo-6] |    approx_kl            | 0.4114777 |
[train_ppo-6] |    clip_fraction        | 0.609     |
[train_ppo-6] |    clip_range           | 0.2       |
[train_ppo-6] |    clip_range_vf        | 0.2       |
[train_ppo-6] |    entropy_loss         | 2.36      |
[train_ppo-6] |    explained_variance   | 0.179     |
[train_ppo-6] |    learning_rate        | 0.000266  |
[train_ppo-6] |    loss                 | 0.0992    |
[train_ppo-6] |    n_updates            | 2635      |
[train_ppo-6] |    policy_gradient_loss | -0.0497   |
[train_ppo-6] |    std                  | 0.0742    |
[train_ppo-6] |    value_loss           | 0.0956    |
[train_ppo-6] ---------------------------------------
[train_ppo-6] Early stopping at step 2 due to reaching max kl: 0.80
[train_ppo-6] PPO progress: 357000/2500000 (14%) | ep_rew_mean=801.35 | ep_len_mean=716 | episodes=100 | fps=8
[train_ppo-6] --------------------------------------
[train_ppo-6] | rollout/                |          |
[train_ppo-6] |    ep_len_mean          | 706      |
[train_ppo-6] |    ep_rew_mean          | 790      |
[train_ppo-6] | time/                   |          |
[train_ppo-6] |    fps                  | 8        |
[train_ppo-6] |    iterations           | 349      |
[train_ppo-6] |    time_elapsed         | 41286    |
[train_ppo-6] |    total_timesteps      | 357376   |
[train_ppo-6] | train/                  |          |
[train_ppo-6] |    approx_kl            | 0.412326 |
[train_ppo-6] |    clip_fraction        | 0.486    |
[train_ppo-6] |    clip_range           | 0.2      |
[train_ppo-6] |    clip_range_vf        | 0.2      |
[train_ppo-6] |    entropy_loss         | 2.39     |
[train_ppo-6] |    explained_variance   | 0.797    |
[train_ppo-6] |    learning_rate        | 0.000266 |
[train_ppo-6] |    loss                 | 0.0106   |
[train_ppo-6] |    n_updates            | 2638     |
[train_ppo-6] |    policy_gradient_loss | 0.0114   |
[train_ppo-6] |    std                  | 0.0743   |
[train_ppo-6] |    value_loss           | 0.0554   |
[train_ppo-6] --------------------------------------
[train_ppo-6] Early stopping at step 4 due to reaching max kl: 0.84
[train_ppo-6] PPO progress: 358000/2500000 (14%) | ep_rew_mean=790.41 | ep_len_mean=706 | episodes=100 | fps=8
[train_ppo-6] ---------------------------------------
[train_ppo-6] | rollout/                |           |
[train_ppo-6] |    ep_len_mean          | 706       |
[train_ppo-6] |    ep_rew_mean          | 790       |
[train_ppo-6] | time/                   |           |
[train_ppo-6] |    fps                  | 8         |
[train_ppo-6] |    iterations           | 350       |
[train_ppo-6] |    time_elapsed         | 41404     |
[train_ppo-6] |    total_timesteps      | 358400    |
[train_ppo-6] | train/                  |           |
[train_ppo-6] |    approx_kl            | 0.5260905 |
[train_ppo-6] |    clip_fraction        | 0.527     |
[train_ppo-6] |    clip_range           | 0.2       |
[train_ppo-6] |    clip_range_vf        | 0.2       |
[train_ppo-6] |    entropy_loss         | 2.38      |
[train_ppo-6] |    explained_variance   | 0.619     |
[train_ppo-6] |    learning_rate        | 0.000266  |
[train_ppo-6] |    loss                 | 0.13      |
[train_ppo-6] |    n_updates            | 2643      |
[train_ppo-6] |    policy_gradient_loss | -0.0304   |
[train_ppo-6] |    std                  | 0.0741    |
[train_ppo-6] |    value_loss           | 0.224     |
[train_ppo-6] ---------------------------------------
[train_ppo-6] Early stopping at step 2 due to reaching max kl: 1.01
[train_ppo-6] PPO progress: 359000/2500000 (14%) | ep_rew_mean=790.41 | ep_len_mean=706 | episodes=100 | fps=8
[train_ppo-6] ----------------------------------------
[train_ppo-6] | rollout/                |            |
[train_ppo-6] |    ep_len_mean          | 707        |
[train_ppo-6] |    ep_rew_mean          | 792        |
[train_ppo-6] | time/                   |            |
[train_ppo-6] |    fps                  | 8          |
[train_ppo-6] |    iterations           | 351        |
[train_ppo-6] |    time_elapsed         | 41523      |
[train_ppo-6] |    total_timesteps      | 359424     |
[train_ppo-6] | train/                  |            |
[train_ppo-6] |    approx_kl            | 0.37398475 |
[train_ppo-6] |    clip_fraction        | 0.513      |
[train_ppo-6] |    clip_range           | 0.2        |
[train_ppo-6] |    clip_range_vf        | 0.2        |
[train_ppo-6] |    entropy_loss         | 2.39       |
[train_ppo-6] |    explained_variance   | 0.355      |
[train_ppo-6] |    learning_rate        | 0.000266   |
[train_ppo-6] |    loss                 | 0.0254     |
[train_ppo-6] |    n_updates            | 2646       |
[train_ppo-6] |    policy_gradient_loss | -0.00061   |
[train_ppo-6] |    std                  | 0.074      |
[train_ppo-6] |    value_loss           | 0.012      |
[train_ppo-6] ----------------------------------------
[train_ppo-6] Early stopping at step 4 due to reaching max kl: 0.93
[train_ppo-6] PPO progress: 360000/2500000 (14%) | ep_rew_mean=792.04 | ep_len_mean=707 | episodes=100 | fps=8
[train_ppo-6] ---------------------------------------
[train_ppo-6] | rollout/                |           |
[train_ppo-6] |    ep_len_mean          | 707       |
[train_ppo-6] |    ep_rew_mean          | 792       |
[train_ppo-6] | time/                   |           |
[train_ppo-6] |    fps                  | 8         |
[train_ppo-6] |    iterations           | 352       |
[train_ppo-6] |    time_elapsed         | 41642     |
[train_ppo-6] |    total_timesteps      | 360448    |
[train_ppo-6] | train/                  |           |
[train_ppo-6] |    approx_kl            | 0.4747333 |
[train_ppo-6] |    clip_fraction        | 0.54      |
[train_ppo-6] |    clip_range           | 0.2       |
[train_ppo-6] |    clip_range_vf        | 0.2       |
[train_ppo-6] |    entropy_loss         | 2.39      |
[train_ppo-6] |    explained_variance   | 0.678     |
[train_ppo-6] |    learning_rate        | 0.000265  |
[train_ppo-6] |    loss                 | 0.0321    |
[train_ppo-6] |    n_updates            | 2651      |
[train_ppo-6] |    policy_gradient_loss | -0.0245   |
[train_ppo-6] |    std                  | 0.0741    |
[train_ppo-6] |    value_loss           | 0.0831    |
[train_ppo-6] ---------------------------------------
[train_ppo-6] Early stopping at step 1 due to reaching max kl: 0.84
[train_ppo-6] PPO progress: 361000/2500000 (14%) | ep_rew_mean=792.04 | ep_len_mean=707 | episodes=100 | fps=8
[train_ppo-6] ---------------------------------------
[train_ppo-6] | rollout/                |           |
[train_ppo-6] |    ep_len_mean          | 707       |
[train_ppo-6] |    ep_rew_mean          | 792       |
[train_ppo-6] | time/                   |           |
[train_ppo-6] |    fps                  | 8         |
[train_ppo-6] |    iterations           | 353       |
[train_ppo-6] |    time_elapsed         | 41760     |
[train_ppo-6] |    total_timesteps      | 361472    |
[train_ppo-6] | train/                  |           |
[train_ppo-6] |    approx_kl            | 0.6302254 |
[train_ppo-6] |    clip_fraction        | 0.417     |
[train_ppo-6] |    clip_range           | 0.2       |
[train_ppo-6] |    clip_range_vf        | 0.2       |
[train_ppo-6] |    entropy_loss         | 2.39      |
[train_ppo-6] |    explained_variance   | -0.73     |
[train_ppo-6] |    learning_rate        | 0.000265  |
[train_ppo-6] |    loss                 | 0.0241    |
[train_ppo-6] |    n_updates            | 2653      |
[train_ppo-6] |    policy_gradient_loss | 0.0295    |
[train_ppo-6] |    std                  | 0.074     |
[train_ppo-6] |    value_loss           | 0.00634   |
[train_ppo-6] ---------------------------------------
[train_ppo-6] Early stopping at step 3 due to reaching max kl: 0.77
[train_ppo-6] PPO progress: 362000/2500000 (14%) | ep_rew_mean=789.67 | ep_len_mean=705 | episodes=100 | fps=8
[train_ppo-6] ----------------------------------------
[train_ppo-6] | rollout/                |            |
[train_ppo-6] |    ep_len_mean          | 705        |
[train_ppo-6] |    ep_rew_mean          | 790        |
[train_ppo-6] | time/                   |            |
[train_ppo-6] |    fps                  | 8          |
[train_ppo-6] |    iterations           | 354        |
[train_ppo-6] |    time_elapsed         | 41879      |
[train_ppo-6] |    total_timesteps      | 362496     |
[train_ppo-6] | train/                  |            |
[train_ppo-6] |    approx_kl            | 0.51450586 |
[train_ppo-6] |    clip_fraction        | 0.553      |
[train_ppo-6] |    clip_range           | 0.2        |
[train_ppo-6] |    clip_range_vf        | 0.2        |
[train_ppo-6] |    entropy_loss         | 2.39       |
[train_ppo-6] |    explained_variance   | 0.172      |
[train_ppo-6] |    learning_rate        | 0.000265   |
[train_ppo-6] |    loss                 | -0.0418    |
[train_ppo-6] |    n_updates            | 2657       |
[train_ppo-6] |    policy_gradient_loss | -0.0264    |
[train_ppo-6] |    std                  | 0.0741     |
[train_ppo-6] |    value_loss           | 0.00567    |
[train_ppo-6] ----------------------------------------
[train_ppo-6] Early stopping at step 6 due to reaching max kl: 0.76
[train_ppo-6] PPO progress: 363000/2500000 (15%) | ep_rew_mean=789.67 | ep_len_mean=705 | episodes=100 | fps=8
[train_ppo-6] ----------------------------------------
[train_ppo-6] | rollout/                |            |
[train_ppo-6] |    ep_len_mean          | 705        |
[train_ppo-6] |    ep_rew_mean          | 790        |
[train_ppo-6] | time/                   |            |
[train_ppo-6] |    fps                  | 8          |
[train_ppo-6] |    iterations           | 355        |
[train_ppo-6] |    time_elapsed         | 41997      |
[train_ppo-6] |    total_timesteps      | 363520     |
[train_ppo-6] | train/                  |            |
[train_ppo-6] |    approx_kl            | 0.75577915 |
[train_ppo-6] |    clip_fraction        | 0.597      |
[train_ppo-6] |    clip_range           | 0.2        |
[train_ppo-6] |    clip_range_vf        | 0.2        |
[train_ppo-6] |    entropy_loss         | 2.38       |
[train_ppo-6] |    explained_variance   | 0.869      |
[train_ppo-6] |    learning_rate        | 0.000265   |
[train_ppo-6] |    loss                 | -0.0843    |
[train_ppo-6] |    n_updates            | 2664       |
[train_ppo-6] |    policy_gradient_loss | -0.0407    |
[train_ppo-6] |    std                  | 0.0742     |
[train_ppo-6] |    value_loss           | 0.0445     |
[train_ppo-6] ----------------------------------------
[gazebo-2] NodeShared::RecvSrvRequest() error sending response: Host unreachable
[train_ppo-6] [WARN] [1787261225.932133515] [cobraflex_rl_interface]: Gazebo service call failed for /world/lane_following_complex_b/set_pose: Service call timed out
[train_ppo-6] Early stopping at step 3 due to reaching max kl: 1.08
[train_ppo-6] PPO progress: 364000/2500000 (15%) | ep_rew_mean=802.88 | ep_len_mean=719 | episodes=100 | fps=8
[train_ppo-6] ----------------------------------------
[train_ppo-6] | rollout/                |            |
[train_ppo-6] |    ep_len_mean          | 721        |
[train_ppo-6] |    ep_rew_mean          | 805        |
[train_ppo-6] | time/                   |            |
[train_ppo-6] |    fps                  | 8          |
[train_ppo-6] |    iterations           | 356        |
[train_ppo-6] |    time_elapsed         | 42121      |
[train_ppo-6] |    total_timesteps      | 364544     |
[train_ppo-6] | train/                  |            |
[train_ppo-6] |    approx_kl            | 0.61288154 |
[train_ppo-6] |    clip_fraction        | 0.562      |
[train_ppo-6] |    clip_range           | 0.2        |
[train_ppo-6] |    clip_range_vf        | 0.2        |
[train_ppo-6] |    entropy_loss         | 2.38       |
[train_ppo-6] |    explained_variance   | 0.775      |
[train_ppo-6] |    learning_rate        | 0.000265   |
[train_ppo-6] |    loss                 | -0.0191    |
[train_ppo-6] |    n_updates            | 2668       |
[train_ppo-6] |    policy_gradient_loss | -0.026     |
[train_ppo-6] |    std                  | 0.0743     |
[train_ppo-6] |    value_loss           | 0.0103     |
[train_ppo-6] ----------------------------------------
[train_ppo-6] PPO progress: 365000/2500000 (15%) | ep_rew_mean=804.55 | ep_len_mean=721 | episodes=100 | fps=8
[train_ppo-6] ---------------------------------------
[train_ppo-6] | rollout/                |           |
[train_ppo-6] |    ep_len_mean          | 715       |
[train_ppo-6] |    ep_rew_mean          | 799       |
[train_ppo-6] | time/                   |           |
[train_ppo-6] |    fps                  | 8         |
[train_ppo-6] |    iterations           | 357       |
[train_ppo-6] |    time_elapsed         | 42240     |
[train_ppo-6] |    total_timesteps      | 365568    |
[train_ppo-6] | train/                  |           |
[train_ppo-6] |    approx_kl            | 0.2951882 |
[train_ppo-6] |    clip_fraction        | 0.552     |
[train_ppo-6] |    clip_range           | 0.2       |
[train_ppo-6] |    clip_range_vf        | 0.2       |
[train_ppo-6] |    entropy_loss         | 2.39      |
[train_ppo-6] |    explained_variance   | 0.877     |
[train_ppo-6] |    learning_rate        | 0.000265  |
[train_ppo-6] |    loss                 | -0.0541   |
[train_ppo-6] |    n_updates            | 2678      |
[train_ppo-6] |    policy_gradient_loss | -0.0706   |
[train_ppo-6] |    std                  | 0.0729    |
[train_ppo-6] |    value_loss           | 0.0586    |
[train_ppo-6] ---------------------------------------
[train_ppo-6] PPO progress: 366000/2500000 (15%) | ep_rew_mean=778.74 | ep_len_mean=698 | episodes=100 | fps=8
[gazebo-2] NodeShared::RecvSrvRequest() error sending response: Host unreachable
[train_ppo-6] [WARN] [1787261495.726365886] [cobraflex_rl_interface]: Gazebo service call failed for /world/lane_following_complex_b/set_pose: Service call timed out
[train_ppo-6] ---------------------------------------
[train_ppo-6] | rollout/                |           |
[train_ppo-6] |    ep_len_mean          | 650       |
[train_ppo-6] |    ep_rew_mean          | 725       |
[train_ppo-6] | time/                   |           |
[train_ppo-6] |    fps                  | 8         |
[train_ppo-6] |    iterations           | 358       |
[train_ppo-6] |    time_elapsed         | 42369     |
[train_ppo-6] |    total_timesteps      | 366592    |
[train_ppo-6] | train/                  |           |
[train_ppo-6] |    approx_kl            | 0.1429073 |
[train_ppo-6] |    clip_fraction        | 0.496     |
[train_ppo-6] |    clip_range           | 0.2       |
[train_ppo-6] |    clip_range_vf        | 0.2       |
[train_ppo-6] |    entropy_loss         | 2.43      |
[train_ppo-6] |    explained_variance   | 0.171     |
[train_ppo-6] |    learning_rate        | 0.000265  |
[train_ppo-6] |    loss                 | 0.0233    |
[train_ppo-6] |    n_updates            | 2688      |
[train_ppo-6] |    policy_gradient_loss | -0.0372   |
[train_ppo-6] |    std                  | 0.072     |
[train_ppo-6] |    value_loss           | 0.0907    |
[train_ppo-6] ---------------------------------------
[train_ppo-6] PPO progress: 367000/2500000 (15%) | ep_rew_mean=724.66 | ep_len_mean=650 | episodes=100 | fps=8
[train_ppo-6] ---------------------------------------
[train_ppo-6] | rollout/                |           |
[train_ppo-6] |    ep_len_mean          | 650       |
[train_ppo-6] |    ep_rew_mean          | 725       |
[train_ppo-6] | time/                   |           |
[train_ppo-6] |    fps                  | 8         |
[train_ppo-6] |    iterations           | 359       |
[train_ppo-6] |    time_elapsed         | 42487     |
[train_ppo-6] |    total_timesteps      | 367616    |
[train_ppo-6] | train/                  |           |
[train_ppo-6] |    approx_kl            | 0.3106393 |
[train_ppo-6] |    clip_fraction        | 0.548     |
[train_ppo-6] |    clip_range           | 0.2       |
[train_ppo-6] |    clip_range_vf        | 0.2       |
[train_ppo-6] |    entropy_loss         | 2.45      |
[train_ppo-6] |    explained_variance   | 0.798     |
[train_ppo-6] |    learning_rate        | 0.000265  |
[train_ppo-6] |    loss                 | 0.075     |
[train_ppo-6] |    n_updates            | 2698      |
[train_ppo-6] |    policy_gradient_loss | -0.0545   |
[train_ppo-6] |    std                  | 0.0712    |
[train_ppo-6] |    value_loss           | 0.129     |
[train_ppo-6] ---------------------------------------
[train_ppo-6] Early stopping at step 3 due to reaching max kl: 1.39
[train_ppo-6] PPO progress: 368000/2500000 (15%) | ep_rew_mean=724.66 | ep_len_mean=650 | episodes=100 | fps=8
[gazebo-2] NodeShared::RecvSrvRequest() error sending response: Host unreachable
[train_ppo-6] [WARN] [1787261757.292784894] [cobraflex_rl_interface]: Gazebo service call failed for /world/lane_following_complex_b/set_pose: Service call timed out
[train_ppo-6] ----------------------------------------
[train_ppo-6] | rollout/                |            |
[train_ppo-6] |    ep_len_mean          | 663        |
[train_ppo-6] |    ep_rew_mean          | 738        |
[train_ppo-6] | time/                   |            |
[train_ppo-6] |    fps                  | 8          |
[train_ppo-6] |    iterations           | 360        |
[train_ppo-6] |    time_elapsed         | 42611      |
[train_ppo-6] |    total_timesteps      | 368640     |
[train_ppo-6] | train/                  |            |
[train_ppo-6] |    approx_kl            | 0.49114823 |
[train_ppo-6] |    clip_fraction        | 0.599      |
[train_ppo-6] |    clip_range           | 0.2        |
[train_ppo-6] |    clip_range_vf        | 0.2        |
[train_ppo-6] |    entropy_loss         | 2.47       |
[train_ppo-6] |    explained_variance   | 0.568      |
[train_ppo-6] |    learning_rate        | 0.000265   |
[train_ppo-6] |    loss                 | -0.0119    |
[train_ppo-6] |    n_updates            | 2702       |
[train_ppo-6] |    policy_gradient_loss | -0.0334    |
[train_ppo-6] |    std                  | 0.0712     |
[train_ppo-6] |    value_loss           | 0.00681    |
[train_ppo-6] ----------------------------------------
[train_ppo-6] Early stopping at step 2 due to reaching max kl: 2.71
[train_ppo-6] PPO progress: 369000/2500000 (15%) | ep_rew_mean=738.44 | ep_len_mean=663 | episodes=100 | fps=8
[train_ppo-6] ---------------------------------------
[train_ppo-6] | rollout/                |           |
[train_ppo-6] |    ep_len_mean          | 663       |
[train_ppo-6] |    ep_rew_mean          | 738       |
[train_ppo-6] | time/                   |           |
[train_ppo-6] |    fps                  | 8         |
[train_ppo-6] |    iterations           | 361       |
[train_ppo-6] |    time_elapsed         | 42729     |
[train_ppo-6] |    total_timesteps      | 369664    |
[train_ppo-6] | train/                  |           |
[train_ppo-6] |    approx_kl            | 0.5094047 |
[train_ppo-6] |    clip_fraction        | 0.481     |
[train_ppo-6] |    clip_range           | 0.2       |
[train_ppo-6] |    clip_range_vf        | 0.2       |
[train_ppo-6] |    entropy_loss         | 2.47      |
[train_ppo-6] |    explained_variance   | 0.631     |
[train_ppo-6] |    learning_rate        | 0.000265  |
[train_ppo-6] |    loss                 | 0.0733    |
[train_ppo-6] |    n_updates            | 2705      |
[train_ppo-6] |    policy_gradient_loss | 0.0021    |
[train_ppo-6] |    std                  | 0.0715    |
[train_ppo-6] |    value_loss           | 0.105     |
[train_ppo-6] ---------------------------------------
[train_ppo-6] PPO progress: 370000/2500000 (15%) | ep_rew_mean=738.44 | ep_len_mean=663 | episodes=100 | fps=8
[gazebo-2] NodeShared::RecvSrvRequest() error sending response: Host unreachable
[train_ppo-6] [WARN] [1787261958.898377689] [cobraflex_rl_interface]: Gazebo service call failed for /world/lane_following_complex_b/set_pose: Service call timed out
[train_ppo-6] ----------------------------------------
[train_ppo-6] | rollout/                |            |
[train_ppo-6] |    ep_len_mean          | 641        |
[train_ppo-6] |    ep_rew_mean          | 712        |
[train_ppo-6] | time/                   |            |
[train_ppo-6] |    fps                  | 8          |
[train_ppo-6] |    iterations           | 362        |
[train_ppo-6] |    time_elapsed         | 42852      |
[train_ppo-6] |    total_timesteps      | 370688     |
[train_ppo-6] | train/                  |            |
[train_ppo-6] |    approx_kl            | 0.20909327 |
[train_ppo-6] |    clip_fraction        | 0.581      |
[train_ppo-6] |    clip_range           | 0.2        |
[train_ppo-6] |    clip_range_vf        | 0.2        |
[train_ppo-6] |    entropy_loss         | 2.46       |
[train_ppo-6] |    explained_variance   | -0.114     |
[train_ppo-6] |    learning_rate        | 0.000265   |
[train_ppo-6] |    loss                 | -0.0708    |
[train_ppo-6] |    n_updates            | 2715       |
[train_ppo-6] |    policy_gradient_loss | -0.0661    |
[train_ppo-6] |    std                  | 0.0715     |
[train_ppo-6] |    value_loss           | 0.00614    |
[train_ppo-6] ----------------------------------------
[train_ppo-6] PPO progress: 371000/2500000 (15%) | ep_rew_mean=712.39 | ep_len_mean=641 | episodes=100 | fps=8
[train_ppo-6] ---------------------------------------
[train_ppo-6] | rollout/                |           |
[train_ppo-6] |    ep_len_mean          | 641       |
[train_ppo-6] |    ep_rew_mean          | 712       |
[train_ppo-6] | time/                   |           |
[train_ppo-6] |    fps                  | 8         |
[train_ppo-6] |    iterations           | 363       |
[train_ppo-6] |    time_elapsed         | 42970     |
[train_ppo-6] |    total_timesteps      | 371712    |
[train_ppo-6] | train/                  |           |
[train_ppo-6] |    approx_kl            | 0.1694433 |
[train_ppo-6] |    clip_fraction        | 0.504     |
[train_ppo-6] |    clip_range           | 0.2       |
[train_ppo-6] |    clip_range_vf        | 0.2       |
[train_ppo-6] |    entropy_loss         | 2.47      |
[train_ppo-6] |    explained_variance   | 0.741     |
[train_ppo-6] |    learning_rate        | 0.000264  |
[train_ppo-6] |    loss                 | 0.0352    |
[train_ppo-6] |    n_updates            | 2725      |
[train_ppo-6] |    policy_gradient_loss | -0.0571   |
[train_ppo-6] |    std                  | 0.0702    |
[train_ppo-6] |    value_loss           | 0.139     |
[train_ppo-6] ---------------------------------------
[train_ppo-6] PPO progress: 372000/2500000 (15%) | ep_rew_mean=712.39 | ep_len_mean=641 | episodes=100 | fps=8
[gazebo-2] NodeShared::RecvSrvRequest() error sending response: Host unreachable
[train_ppo-6] [WARN] [1787262238.379643166] [cobraflex_rl_interface]: Gazebo service call failed for /world/lane_following_complex_b/set_pose: Service call timed out
[train_ppo-6] ----------------------------------------
[train_ppo-6] | rollout/                |            |
[train_ppo-6] |    ep_len_mean          | 642        |
[train_ppo-6] |    ep_rew_mean          | 714        |
[train_ppo-6] | time/                   |            |
[train_ppo-6] |    fps                  | 8          |
[train_ppo-6] |    iterations           | 364        |
[train_ppo-6] |    time_elapsed         | 43094      |
[train_ppo-6] |    total_timesteps      | 372736     |
[train_ppo-6] | train/                  |            |
[train_ppo-6] |    approx_kl            | 0.27391696 |
[train_ppo-6] |    clip_fraction        | 0.576      |
[train_ppo-6] |    clip_range           | 0.2        |
[train_ppo-6] |    clip_range_vf        | 0.2        |
[train_ppo-6] |    entropy_loss         | 2.5        |
[train_ppo-6] |    explained_variance   | 0.453      |
[train_ppo-6] |    learning_rate        | 0.000264   |
[train_ppo-6] |    loss                 | -0.0564    |
[train_ppo-6] |    n_updates            | 2735       |
[train_ppo-6] |    policy_gradient_loss | -0.0739    |
[train_ppo-6] |    std                  | 0.0698     |
[train_ppo-6] |    value_loss           | 0.00333    |
[train_ppo-6] ----------------------------------------
[train_ppo-6] PPO progress: 373000/2500000 (15%) | ep_rew_mean=713.65 | ep_len_mean=642 | episodes=100 | fps=8
[train_ppo-6] ----------------------------------------
[train_ppo-6] | rollout/                |            |
[train_ppo-6] |    ep_len_mean          | 642        |
[train_ppo-6] |    ep_rew_mean          | 714        |
[train_ppo-6] | time/                   |            |
[train_ppo-6] |    fps                  | 8          |
[train_ppo-6] |    iterations           | 365        |
[train_ppo-6] |    time_elapsed         | 43212      |
[train_ppo-6] |    total_timesteps      | 373760     |
[train_ppo-6] | train/                  |            |
[train_ppo-6] |    approx_kl            | 0.34077454 |
[train_ppo-6] |    clip_fraction        | 0.575      |
[train_ppo-6] |    clip_range           | 0.2        |
[train_ppo-6] |    clip_range_vf        | 0.2        |
[train_ppo-6] |    entropy_loss         | 2.52       |
[train_ppo-6] |    explained_variance   | 0.482      |
[train_ppo-6] |    learning_rate        | 0.000264   |
[train_ppo-6] |    loss                 | 0.0823     |
[train_ppo-6] |    n_updates            | 2745       |
[train_ppo-6] |    policy_gradient_loss | -0.0501    |
[train_ppo-6] |    std                  | 0.0691     |
[train_ppo-6] |    value_loss           | 0.121      |
[train_ppo-6] ----------------------------------------
[train_ppo-6] PPO progress: 374000/2500000 (15%) | ep_rew_mean=713.65 | ep_len_mean=642 | episodes=100 | fps=8
[train_ppo-6] ----------------------------------------
[train_ppo-6] | rollout/                |            |
[train_ppo-6] |    ep_len_mean          | 627        |
[train_ppo-6] |    ep_rew_mean          | 695        |
[train_ppo-6] | time/                   |            |
[train_ppo-6] |    fps                  | 8          |
[train_ppo-6] |    iterations           | 366        |
[train_ppo-6] |    time_elapsed         | 43334      |
[train_ppo-6] |    total_timesteps      | 374784     |
[train_ppo-6] | train/                  |            |
[train_ppo-6] |    approx_kl            | 0.25984567 |
[train_ppo-6] |    clip_fraction        | 0.571      |
[train_ppo-6] |    clip_range           | 0.2        |
[train_ppo-6] |    clip_range_vf        | 0.2        |
[train_ppo-6] |    entropy_loss         | 2.54       |
[train_ppo-6] |    explained_variance   | -0.38      |
[train_ppo-6] |    learning_rate        | 0.000264   |
[train_ppo-6] |    loss                 | -0.0629    |
[train_ppo-6] |    n_updates            | 2755       |
[train_ppo-6] |    policy_gradient_loss | -0.0828    |
[train_ppo-6] |    std                  | 0.0682     |
[train_ppo-6] |    value_loss           | 0.00317    |
[train_ppo-6] ----------------------------------------
[train_ppo-6] Early stopping at step 1 due to reaching max kl: 0.86
[train_ppo-6] PPO progress: 375000/2500000 (15%) | ep_rew_mean=695.11 | ep_len_mean=627 | episodes=100 | fps=8
[train_ppo-6] ----------------------------------------
[train_ppo-6] | rollout/                |            |
[train_ppo-6] |    ep_len_mean          | 627        |
[train_ppo-6] |    ep_rew_mean          | 695        |
[train_ppo-6] | time/                   |            |
[train_ppo-6] |    fps                  | 8          |
[train_ppo-6] |    iterations           | 367        |
[train_ppo-6] |    time_elapsed         | 43452      |
[train_ppo-6] |    total_timesteps      | 375808     |
[train_ppo-6] | train/                  |            |
[train_ppo-6] |    approx_kl            | 0.33132884 |
[train_ppo-6] |    clip_fraction        | 0.385      |
[train_ppo-6] |    clip_range           | 0.2        |
[train_ppo-6] |    clip_range_vf        | 0.2        |
[train_ppo-6] |    entropy_loss         | 2.56       |
[train_ppo-6] |    explained_variance   | 0.807      |
[train_ppo-6] |    learning_rate        | 0.000264   |
[train_ppo-6] |    loss                 | 0.105      |
[train_ppo-6] |    n_updates            | 2757       |
[train_ppo-6] |    policy_gradient_loss | 0.00942    |
[train_ppo-6] |    std                  | 0.0682     |
[train_ppo-6] |    value_loss           | 0.0556     |
[train_ppo-6] ----------------------------------------
[train_ppo-6] Early stopping at step 1 due to reaching max kl: 1.16
[train_ppo-6] PPO progress: 376000/2500000 (15%) | ep_rew_mean=695.11 | ep_len_mean=627 | episodes=100 | fps=8
[train_ppo-6] ----------------------------------------
[train_ppo-6] | rollout/                |            |
[train_ppo-6] |    ep_len_mean          | 624        |
[train_ppo-6] |    ep_rew_mean          | 689        |
[train_ppo-6] | time/                   |            |
[train_ppo-6] |    fps                  | 8          |
[train_ppo-6] |    iterations           | 368        |
[train_ppo-6] |    time_elapsed         | 43577      |
[train_ppo-6] |    total_timesteps      | 376832     |
[train_ppo-6] | train/                  |            |
[train_ppo-6] |    approx_kl            | 0.49624863 |
[train_ppo-6] |    clip_fraction        | 0.53       |
[train_ppo-6] |    clip_range           | 0.2        |
[train_ppo-6] |    clip_range_vf        | 0.2        |
[train_ppo-6] |    entropy_loss         | 2.56       |
[train_ppo-6] |    explained_variance   | 0.642      |
[train_ppo-6] |    learning_rate        | 0.000264   |
[train_ppo-6] |    loss                 | 0.0495     |
[train_ppo-6] |    n_updates            | 2759       |
[train_ppo-6] |    policy_gradient_loss | 0.0427     |
[train_ppo-6] |    std                  | 0.0683     |
[train_ppo-6] |    value_loss           | 0.025      |
[train_ppo-6] ----------------------------------------
[train_ppo-6] Early stopping at step 1 due to reaching max kl: 0.81
[train_ppo-6] PPO progress: 377000/2500000 (15%) | ep_rew_mean=689.32 | ep_len_mean=624 | episodes=100 | fps=8
[train_ppo-6] ----------------------------------------
[train_ppo-6] | rollout/                |            |
[train_ppo-6] |    ep_len_mean          | 624        |
[train_ppo-6] |    ep_rew_mean          | 689        |
[train_ppo-6] | time/                   |            |
[train_ppo-6] |    fps                  | 8          |
[train_ppo-6] |    iterations           | 369        |
[train_ppo-6] |    time_elapsed         | 43695      |
[train_ppo-6] |    total_timesteps      | 377856     |
[train_ppo-6] | train/                  |            |
[train_ppo-6] |    approx_kl            | 0.25928223 |
[train_ppo-6] |    clip_fraction        | 0.493      |
[train_ppo-6] |    clip_range           | 0.2        |
[train_ppo-6] |    clip_range_vf        | 0.2        |
[train_ppo-6] |    entropy_loss         | 2.55       |
[train_ppo-6] |    explained_variance   | 0.816      |
[train_ppo-6] |    learning_rate        | 0.000264   |
[train_ppo-6] |    loss                 | 0.105      |
[train_ppo-6] |    n_updates            | 2761       |
[train_ppo-6] |    policy_gradient_loss | 0.0255     |
[train_ppo-6] |    std                  | 0.0684     |
[train_ppo-6] |    value_loss           | 0.13       |
[train_ppo-6] ----------------------------------------
[train_ppo-6] Early stopping at step 1 due to reaching max kl: 1.19
[train_ppo-6] PPO progress: 378000/2500000 (15%) | ep_rew_mean=689.32 | ep_len_mean=624 | episodes=100 | fps=8
[train_ppo-6] ---------------------------------------
[train_ppo-6] | rollout/                |           |
[train_ppo-6] |    ep_len_mean          | 600       |
[train_ppo-6] |    ep_rew_mean          | 659       |
[train_ppo-6] | time/                   |           |
[train_ppo-6] |    fps                  | 8         |
[train_ppo-6] |    iterations           | 370       |
[train_ppo-6] |    time_elapsed         | 43818     |
[train_ppo-6] |    total_timesteps      | 378880    |
[train_ppo-6] | train/                  |           |
[train_ppo-6] |    approx_kl            | 0.4108223 |
[train_ppo-6] |    clip_fraction        | 0.445     |
[train_ppo-6] |    clip_range           | 0.2       |
[train_ppo-6] |    clip_range_vf        | 0.2       |
[train_ppo-6] |    entropy_loss         | 2.55      |
[train_ppo-6] |    explained_variance   | 0.815     |
[train_ppo-6] |    learning_rate        | 0.000264  |
[train_ppo-6] |    loss                 | 0.0511    |
[train_ppo-6] |    n_updates            | 2763      |
[train_ppo-6] |    policy_gradient_loss | 0.0303    |
[train_ppo-6] |    std                  | 0.0685    |
[train_ppo-6] |    value_loss           | 0.0177    |
[train_ppo-6] ---------------------------------------
[train_ppo-6] Early stopping at step 2 due to reaching max kl: 1.04
[train_ppo-6] PPO progress: 379000/2500000 (15%) | ep_rew_mean=659.33 | ep_len_mean=601 | episodes=100 | fps=8
[train_ppo-6] ---------------------------------------
[train_ppo-6] | rollout/                |           |
[train_ppo-6] |    ep_len_mean          | 585       |
[train_ppo-6] |    ep_rew_mean          | 641       |
[train_ppo-6] | time/                   |           |
[train_ppo-6] |    fps                  | 8         |
[train_ppo-6] |    iterations           | 371       |
[train_ppo-6] |    time_elapsed         | 43937     |
[train_ppo-6] |    total_timesteps      | 379904    |
[train_ppo-6] | train/                  |           |
[train_ppo-6] |    approx_kl            | 0.4341425 |
[train_ppo-6] |    clip_fraction        | 0.485     |
[train_ppo-6] |    clip_range           | 0.2       |
[train_ppo-6] |    clip_range_vf        | 0.2       |
[train_ppo-6] |    entropy_loss         | 2.55      |
[train_ppo-6] |    explained_variance   | 0.626     |
[train_ppo-6] |    learning_rate        | 0.000264  |
[train_ppo-6] |    loss                 | 0.192     |
[train_ppo-6] |    n_updates            | 2766      |
[train_ppo-6] |    policy_gradient_loss | 0.0113    |
[train_ppo-6] |    std                  | 0.0685    |
[train_ppo-6] |    value_loss           | 0.225     |
[train_ppo-6] ---------------------------------------
[train_ppo-6] Early stopping at step 4 due to reaching max kl: 1.47
[train_ppo-6] PPO progress: 380000/2500000 (15%) | ep_rew_mean=641.39 | ep_len_mean=585 | episodes=100 | fps=8
[train_ppo-6] ----------------------------------------
[train_ppo-6] | rollout/                |            |
[train_ppo-6] |    ep_len_mean          | 585        |
[train_ppo-6] |    ep_rew_mean          | 641        |
[train_ppo-6] | time/                   |            |
[train_ppo-6] |    fps                  | 8          |
[train_ppo-6] |    iterations           | 372        |
[train_ppo-6] |    time_elapsed         | 44055      |
[train_ppo-6] |    total_timesteps      | 380928     |
[train_ppo-6] | train/                  |            |
[train_ppo-6] |    approx_kl            | 0.48130894 |
[train_ppo-6] |    clip_fraction        | 0.532      |
[train_ppo-6] |    clip_range           | 0.2        |
[train_ppo-6] |    clip_range_vf        | 0.2        |
[train_ppo-6] |    entropy_loss         | 2.55       |
[train_ppo-6] |    explained_variance   | 0.348      |
[train_ppo-6] |    learning_rate        | 0.000264   |
[train_ppo-6] |    loss                 | 0.119      |
[train_ppo-6] |    n_updates            | 2771       |
[train_ppo-6] |    policy_gradient_loss | -0.0352    |
[train_ppo-6] |    std                  | 0.0686     |
[train_ppo-6] |    value_loss           | 0.146      |
[train_ppo-6] ----------------------------------------
[train_ppo-6] Early stopping at step 2 due to reaching max kl: 0.82
[train_ppo-6] PPO progress: 381000/2500000 (15%) | ep_rew_mean=641.39 | ep_len_mean=585 | episodes=100 | fps=8
[gazebo-2] NodeShared::RecvSrvRequest() error sending response: Host unreachable
[train_ppo-6] [WARN] [1787263299.801364467] [cobraflex_rl_interface]: Gazebo service call failed for /world/lane_following_complex_b/set_pose: Service call timed out
[train_ppo-6] ---------------------------------------
[train_ppo-6] | rollout/                |           |
[train_ppo-6] |    ep_len_mean          | 584       |
[train_ppo-6] |    ep_rew_mean          | 639       |
[train_ppo-6] | time/                   |           |
[train_ppo-6] |    fps                  | 8         |
[train_ppo-6] |    iterations           | 373       |
[train_ppo-6] |    time_elapsed         | 44179     |
[train_ppo-6] |    total_timesteps      | 381952    |
[train_ppo-6] | train/                  |           |
[train_ppo-6] |    approx_kl            | 0.8240818 |
[train_ppo-6] |    clip_fraction        | 0.581     |
[train_ppo-6] |    clip_range           | 0.2       |
[train_ppo-6] |    clip_range_vf        | 0.2       |
[train_ppo-6] |    entropy_loss         | 2.55      |
[train_ppo-6] |    explained_variance   | -0.369    |
[train_ppo-6] |    learning_rate        | 0.000263  |
[train_ppo-6] |    loss                 | -0.0247   |
[train_ppo-6] |    n_updates            | 2774      |
[train_ppo-6] |    policy_gradient_loss | 0.009     |
[train_ppo-6] |    std                  | 0.0686    |
[train_ppo-6] |    value_loss           | 0.00959   |
[train_ppo-6] ---------------------------------------
[train_ppo-6] Early stopping at step 2 due to reaching max kl: 0.82
[train_ppo-6] PPO progress: 382000/2500000 (15%) | ep_rew_mean=639.38 | ep_len_mean=584 | episodes=100 | fps=8
[train_ppo-6] ----------------------------------------
[train_ppo-6] | rollout/                |            |
[train_ppo-6] |    ep_len_mean          | 587        |
[train_ppo-6] |    ep_rew_mean          | 642        |
[train_ppo-6] | time/                   |            |
[train_ppo-6] |    fps                  | 8          |
[train_ppo-6] |    iterations           | 374        |
[train_ppo-6] |    time_elapsed         | 44302      |
[train_ppo-6] |    total_timesteps      | 382976     |
[train_ppo-6] | train/                  |            |
[train_ppo-6] |    approx_kl            | 0.44513392 |
[train_ppo-6] |    clip_fraction        | 0.535      |
[train_ppo-6] |    clip_range           | 0.2        |
[train_ppo-6] |    clip_range_vf        | 0.2        |
[train_ppo-6] |    entropy_loss         | 2.55       |
[train_ppo-6] |    explained_variance   | 0.627      |
[train_ppo-6] |    learning_rate        | 0.000263   |
[train_ppo-6] |    loss                 | -0.0227    |
[train_ppo-6] |    n_updates            | 2777       |
[train_ppo-6] |    policy_gradient_loss | -0.00101   |
[train_ppo-6] |    std                  | 0.0686     |
[train_ppo-6] |    value_loss           | 0.0233     |
[train_ppo-6] ----------------------------------------
[train_ppo-6] Early stopping at step 0 due to reaching max kl: 1.02
[train_ppo-6] PPO progress: 383000/2500000 (15%) | ep_rew_mean=642.16 | ep_len_mean=587 | episodes=100 | fps=8
[train_ppo-6] PPO progress: 384000/2500000 (15%) | ep_rew_mean=642.16 | ep_len_mean=587 | episodes=100 | fps=8
[train_ppo-6] ----------------------------------------
[train_ppo-6] | rollout/                |            |
[train_ppo-6] |    ep_len_mean          | 587        |
[train_ppo-6] |    ep_rew_mean          | 642        |
[train_ppo-6] | time/                   |            |
[train_ppo-6] |    fps                  | 8          |
[train_ppo-6] |    iterations           | 375        |
[train_ppo-6] |    time_elapsed         | 44420      |
[train_ppo-6] |    total_timesteps      | 384000     |
[train_ppo-6] | train/                  |            |
[train_ppo-6] |    approx_kl            | 0.09807415 |
[train_ppo-6] |    clip_fraction        | 0.294      |
[train_ppo-6] |    clip_range           | 0.2        |
[train_ppo-6] |    clip_range_vf        | 0.2        |
[train_ppo-6] |    entropy_loss         | 2.55       |
[train_ppo-6] |    explained_variance   | 0.754      |
[train_ppo-6] |    learning_rate        | 0.000263   |
[train_ppo-6] |    loss                 | 0.129      |
[train_ppo-6] |    n_updates            | 2778       |
[train_ppo-6] |    policy_gradient_loss | 0.0201     |
[train_ppo-6] |    std                  | 0.0686     |
[train_ppo-6] |    value_loss           | 0.0699     |
[train_ppo-6] ----------------------------------------
[train_ppo-6] PPO progress: 385000/2500000 (15%) | ep_rew_mean=645.07 | ep_len_mean=590 | episodes=100 | fps=8
[train_ppo-6] ----------------------------------------
[train_ppo-6] | rollout/                |            |
[train_ppo-6] |    ep_len_mean          | 590        |
[train_ppo-6] |    ep_rew_mean          | 645        |
[train_ppo-6] | time/                   |            |
[train_ppo-6] |    fps                  | 8          |
[train_ppo-6] |    iterations           | 376        |
[train_ppo-6] |    time_elapsed         | 44540      |
[train_ppo-6] |    total_timesteps      | 385024     |
[train_ppo-6] | train/                  |            |
[train_ppo-6] |    approx_kl            | 0.19882187 |
[train_ppo-6] |    clip_fraction        | 0.558      |
[train_ppo-6] |    clip_range           | 0.2        |
[train_ppo-6] |    clip_range_vf        | 0.2        |
[train_ppo-6] |    entropy_loss         | 2.55       |
[train_ppo-6] |    explained_variance   | 0.553      |
[train_ppo-6] |    learning_rate        | 0.000263   |
[train_ppo-6] |    loss                 | -0.0738    |
[train_ppo-6] |    n_updates            | 2788       |
[train_ppo-6] |    policy_gradient_loss | -0.0771    |
[train_ppo-6] |    std                  | 0.0683     |
[train_ppo-6] |    value_loss           | 0.00474    |
[train_ppo-6] ----------------------------------------
[train_ppo-6] Early stopping at step 9 due to reaching max kl: 0.79
[train_ppo-6] PPO progress: 386000/2500000 (15%) | ep_rew_mean=605.75 | ep_len_mean=554 | episodes=100 | fps=8
[train_ppo-6] ----------------------------------------
[train_ppo-6] | rollout/                |            |
[train_ppo-6] |    ep_len_mean          | 554        |
[train_ppo-6] |    ep_rew_mean          | 606        |
[train_ppo-6] | time/                   |            |
[train_ppo-6] |    fps                  | 8          |
[train_ppo-6] |    iterations           | 377        |
[train_ppo-6] |    time_elapsed         | 44660      |
[train_ppo-6] |    total_timesteps      | 386048     |
[train_ppo-6] | train/                  |            |
[train_ppo-6] |    approx_kl            | 0.30911937 |
[train_ppo-6] |    clip_fraction        | 0.577      |
[train_ppo-6] |    clip_range           | 0.2        |
[train_ppo-6] |    clip_range_vf        | 0.2        |
[train_ppo-6] |    entropy_loss         | 2.55       |
[train_ppo-6] |    explained_variance   | 0.304      |
[train_ppo-6] |    learning_rate        | 0.000263   |
[train_ppo-6] |    loss                 | 0.0984     |
[train_ppo-6] |    n_updates            | 2798       |
[train_ppo-6] |    policy_gradient_loss | -0.0283    |
[train_ppo-6] |    std                  | 0.0682     |
[train_ppo-6] |    value_loss           | 0.234      |
[train_ppo-6] ----------------------------------------
[train_ppo-6] PPO progress: 387000/2500000 (15%) | ep_rew_mean=605.75 | ep_len_mean=554 | episodes=100 | fps=8
[train_ppo-6] ----------------------------------------
[train_ppo-6] | rollout/                |            |
[train_ppo-6] |    ep_len_mean          | 554        |
[train_ppo-6] |    ep_rew_mean          | 606        |
[train_ppo-6] | time/                   |            |
[train_ppo-6] |    fps                  | 8          |
[train_ppo-6] |    iterations           | 378        |
[train_ppo-6] |    time_elapsed         | 44778      |
[train_ppo-6] |    total_timesteps      | 387072     |
[train_ppo-6] | train/                  |            |
[train_ppo-6] |    approx_kl            | 0.27422124 |
[train_ppo-6] |    clip_fraction        | 0.543      |
[train_ppo-6] |    clip_range           | 0.2        |
[train_ppo-6] |    clip_range_vf        | 0.2        |
[train_ppo-6] |    entropy_loss         | 2.56       |
[train_ppo-6] |    explained_variance   | 0.879      |
[train_ppo-6] |    learning_rate        | 0.000263   |
[train_ppo-6] |    loss                 | -0.032     |
[train_ppo-6] |    n_updates            | 2808       |
[train_ppo-6] |    policy_gradient_loss | -0.0549    |
[train_ppo-6] |    std                  | 0.0674     |
[train_ppo-6] |    value_loss           | 0.0576     |
[train_ppo-6] ----------------------------------------
[gazebo-2] NodeShared::RecvSrvRequest() error sending response: Host unreachable
[train_ppo-6] [WARN] [1787264053.883803250] [cobraflex_rl_interface]: Gazebo service call failed for /world/lane_following_complex_b/set_pose: Service call timed out
[train_ppo-6] PPO progress: 388000/2500000 (16%) | ep_rew_mean=598.45 | ep_len_mean=548 | episodes=100 | fps=8
[train_ppo-6] ----------------------------------------
[train_ppo-6] | rollout/                |            |
[train_ppo-6] |    ep_len_mean          | 548        |
[train_ppo-6] |    ep_rew_mean          | 598        |
[train_ppo-6] | time/                   |            |
[train_ppo-6] |    fps                  | 8          |
[train_ppo-6] |    iterations           | 379        |
[train_ppo-6] |    time_elapsed         | 44908      |
[train_ppo-6] |    total_timesteps      | 388096     |
[train_ppo-6] | train/                  |            |
[train_ppo-6] |    approx_kl            | 0.18125173 |
[train_ppo-6] |    clip_fraction        | 0.555      |
[train_ppo-6] |    clip_range           | 0.2        |
[train_ppo-6] |    clip_range_vf        | 0.2        |
[train_ppo-6] |    entropy_loss         | 2.58       |
[train_ppo-6] |    explained_variance   | 0.491      |
[train_ppo-6] |    learning_rate        | 0.000263   |
[train_ppo-6] |    loss                 | -0.0666    |
[train_ppo-6] |    n_updates            | 2818       |
[train_ppo-6] |    policy_gradient_loss | -0.0658    |
[train_ppo-6] |    std                  | 0.0671     |
[train_ppo-6] |    value_loss           | 0.00296    |
[train_ppo-6] ----------------------------------------
[train_ppo-6] Early stopping at step 1 due to reaching max kl: 0.92
[train_ppo-6] PPO progress: 389000/2500000 (16%) | ep_rew_mean=598.45 | ep_len_mean=548 | episodes=100 | fps=8
[train_ppo-6] ----------------------------------------
[train_ppo-6] | rollout/                |            |
[train_ppo-6] |    ep_len_mean          | 548        |
[train_ppo-6] |    ep_rew_mean          | 598        |
[train_ppo-6] | time/                   |            |
[train_ppo-6] |    fps                  | 8          |
[train_ppo-6] |    iterations           | 380        |
[train_ppo-6] |    time_elapsed         | 45026      |
[train_ppo-6] |    total_timesteps      | 389120     |
[train_ppo-6] | train/                  |            |
[train_ppo-6] |    approx_kl            | 0.51455176 |
[train_ppo-6] |    clip_fraction        | 0.368      |
[train_ppo-6] |    clip_range           | 0.2        |
[train_ppo-6] |    clip_range_vf        | 0.2        |
[train_ppo-6] |    entropy_loss         | 2.59       |
[train_ppo-6] |    explained_variance   | 0.588      |
[train_ppo-6] |    learning_rate        | 0.000263   |
[train_ppo-6] |    loss                 | 0.326      |
[train_ppo-6] |    n_updates            | 2820       |
[train_ppo-6] |    policy_gradient_loss | 0.0429     |
[train_ppo-6] |    std                  | 0.0671     |
[train_ppo-6] |    value_loss           | 0.319      |
[train_ppo-6] ----------------------------------------
[train_ppo-6] PPO progress: 390000/2500000 (16%) | ep_rew_mean=610.98 | ep_len_mean=559 | episodes=100 | fps=8
[train_ppo-6] ----------------------------------------
[train_ppo-6] | rollout/                |            |
[train_ppo-6] |    ep_len_mean          | 559        |
[train_ppo-6] |    ep_rew_mean          | 611        |
[train_ppo-6] | time/                   |            |
[train_ppo-6] |    fps                  | 8          |
[train_ppo-6] |    iterations           | 381        |
[train_ppo-6] |    time_elapsed         | 45147      |
[train_ppo-6] |    total_timesteps      | 390144     |
[train_ppo-6] | train/                  |            |
[train_ppo-6] |    approx_kl            | 0.24393961 |
[train_ppo-6] |    clip_fraction        | 0.603      |
[train_ppo-6] |    clip_range           | 0.2        |
[train_ppo-6] |    clip_range_vf        | 0.2        |
[train_ppo-6] |    entropy_loss         | 2.59       |
[train_ppo-6] |    explained_variance   | 0.288      |
[train_ppo-6] |    learning_rate        | 0.000263   |
[train_ppo-6] |    loss                 | -0.0835    |
[train_ppo-6] |    n_updates            | 2830       |
[train_ppo-6] |    policy_gradient_loss | -0.0727    |
[train_ppo-6] |    std                  | 0.0665     |
[train_ppo-6] |    value_loss           | 0.00409    |
[train_ppo-6] ----------------------------------------
[train_ppo-6] PPO progress: 391000/2500000 (16%) | ep_rew_mean=610.98 | ep_len_mean=559 | episodes=100 | fps=8
[train_ppo-6] ----------------------------------------
[train_ppo-6] | rollout/                |            |
[train_ppo-6] |    ep_len_mean          | 559        |
[train_ppo-6] |    ep_rew_mean          | 611        |
[train_ppo-6] | time/                   |            |
[train_ppo-6] |    fps                  | 8          |
[train_ppo-6] |    iterations           | 382        |
[train_ppo-6] |    time_elapsed         | 45265      |
[train_ppo-6] |    total_timesteps      | 391168     |
[train_ppo-6] | train/                  |            |
[train_ppo-6] |    approx_kl            | 0.28274724 |
[train_ppo-6] |    clip_fraction        | 0.542      |
[train_ppo-6] |    clip_range           | 0.2        |
[train_ppo-6] |    clip_range_vf        | 0.2        |
[train_ppo-6] |    entropy_loss         | 2.62       |
[train_ppo-6] |    explained_variance   | 0.615      |
[train_ppo-6] |    learning_rate        | 0.000263   |
[train_ppo-6] |    loss                 | 0.0911     |
[train_ppo-6] |    n_updates            | 2840       |
[train_ppo-6] |    policy_gradient_loss | -0.0504    |
[train_ppo-6] |    std                  | 0.0656     |
[train_ppo-6] |    value_loss           | 0.222      |
[train_ppo-6] ----------------------------------------
[train_ppo-6] PPO progress: 392000/2500000 (16%) | ep_rew_mean=633.66 | ep_len_mean=579 | episodes=100 | fps=8
[gazebo-2] NodeShared::RecvSrvRequest() error sending response: Host unreachable
[train_ppo-6] [WARN] [1787264557.222941534] [cobraflex_rl_interface]: Gazebo service call failed for /world/lane_following_complex_b/set_pose: Service call timed out
[train_ppo-6] ----------------------------------------
[train_ppo-6] | rollout/                |            |
[train_ppo-6] |    ep_len_mean          | 539        |
[train_ppo-6] |    ep_rew_mean          | 588        |
[train_ppo-6] | time/                   |            |
[train_ppo-6] |    fps                  | 8          |
[train_ppo-6] |    iterations           | 383        |
[train_ppo-6] |    time_elapsed         | 45391      |
[train_ppo-6] |    total_timesteps      | 392192     |
[train_ppo-6] | train/                  |            |
[train_ppo-6] |    approx_kl            | 0.17410871 |
[train_ppo-6] |    clip_fraction        | 0.551      |
[train_ppo-6] |    clip_range           | 0.2        |
[train_ppo-6] |    clip_range_vf        | 0.2        |
[train_ppo-6] |    entropy_loss         | 2.65       |
[train_ppo-6] |    explained_variance   | 0.765      |
[train_ppo-6] |    learning_rate        | 0.000262   |
[train_ppo-6] |    loss                 | -0.0515    |
[train_ppo-6] |    n_updates            | 2850       |
[train_ppo-6] |    policy_gradient_loss | -0.0641    |
[train_ppo-6] |    std                  | 0.065      |
[train_ppo-6] |    value_loss           | 0.00469    |
[train_ppo-6] ----------------------------------------
[gazebo-2] NodeShared::RecvSrvRequest() error sending response: Host unreachable
[train_ppo-6] [WARN] [1787264589.281928250] [cobraflex_rl_interface]: Gazebo service call failed for /world/lane_following_complex_b/set_pose: Service call timed out
[train_ppo-6] Early stopping at step 1 due to reaching max kl: 0.76
[train_ppo-6] PPO progress: 393000/2500000 (16%) | ep_rew_mean=554.73 | ep_len_mean=510 | episodes=100 | fps=8
[train_ppo-6] ----------------------------------------
[train_ppo-6] | rollout/                |            |
[train_ppo-6] |    ep_len_mean          | 510        |
[train_ppo-6] |    ep_rew_mean          | 555        |
[train_ppo-6] | time/                   |            |
[train_ppo-6] |    fps                  | 8          |
[train_ppo-6] |    iterations           | 384        |
[train_ppo-6] |    time_elapsed         | 45514      |
[train_ppo-6] |    total_timesteps      | 393216     |
[train_ppo-6] | train/                  |            |
[train_ppo-6] |    approx_kl            | 0.24878639 |
[train_ppo-6] |    clip_fraction        | 0.399      |
[train_ppo-6] |    clip_range           | 0.2        |
[train_ppo-6] |    clip_range_vf        | 0.2        |
[train_ppo-6] |    entropy_loss         | 2.66       |
[train_ppo-6] |    explained_variance   | 0.658      |
[train_ppo-6] |    learning_rate        | 0.000262   |
[train_ppo-6] |    loss                 | 0.217      |
[train_ppo-6] |    n_updates            | 2852       |
[train_ppo-6] |    policy_gradient_loss | 0.0373     |
[train_ppo-6] |    std                  | 0.0651     |
[train_ppo-6] |    value_loss           | 0.177      |
[train_ppo-6] ----------------------------------------
[train_ppo-6] Early stopping at step 1 due to reaching max kl: 0.99
[train_ppo-6] PPO progress: 394000/2500000 (16%) | ep_rew_mean=554.73 | ep_len_mean=510 | episodes=100 | fps=8
[train_ppo-6] ----------------------------------------
[train_ppo-6] | rollout/                |            |
[train_ppo-6] |    ep_len_mean          | 510        |
[train_ppo-6] |    ep_rew_mean          | 555        |
[train_ppo-6] | time/                   |            |
[train_ppo-6] |    fps                  | 8          |
[train_ppo-6] |    iterations           | 385        |
[train_ppo-6] |    time_elapsed         | 45632      |
[train_ppo-6] |    total_timesteps      | 394240     |
[train_ppo-6] | train/                  |            |
[train_ppo-6] |    approx_kl            | 0.46891943 |
[train_ppo-6] |    clip_fraction        | 0.4        |
[train_ppo-6] |    clip_range           | 0.2        |
[train_ppo-6] |    clip_range_vf        | 0.2        |
[train_ppo-6] |    entropy_loss         | 2.66       |
[train_ppo-6] |    explained_variance   | 0.553      |
[train_ppo-6] |    learning_rate        | 0.000262   |
[train_ppo-6] |    loss                 | 0.00734    |
[train_ppo-6] |    n_updates            | 2854       |
[train_ppo-6] |    policy_gradient_loss | 0.0375     |
[train_ppo-6] |    std                  | 0.0652     |
[train_ppo-6] |    value_loss           | 0.113      |
[train_ppo-6] ----------------------------------------
[gazebo-2] NodeShared::RecvSrvRequest() error sending response: Host unreachable
[train_ppo-6] [WARN] [1787264831.732201513] [cobraflex_rl_interface]: Gazebo service call failed for /world/lane_following_complex_b/set_pose: Service call timed out
[gazebo-2] NodeShared::RecvSrvRequest() error sending response: Host unreachable
[train_ppo-6] [WARN] [1787264877.209653890] [cobraflex_rl_interface]: Gazebo service call failed for /world/lane_following_complex_b/set_pose: Service call timed out
[train_ppo-6] Early stopping at step 1 due to reaching max kl: 0.81
[train_ppo-6] PPO progress: 395000/2500000 (16%) | ep_rew_mean=492.99 | ep_len_mean=454 | episodes=100 | fps=8
[train_ppo-6] ---------------------------------------
[train_ppo-6] | rollout/                |           |
[train_ppo-6] |    ep_len_mean          | 444       |
[train_ppo-6] |    ep_rew_mean          | 482       |
[train_ppo-6] | time/                   |           |
[train_ppo-6] |    fps                  | 8         |
[train_ppo-6] |    iterations           | 386       |
[train_ppo-6] |    time_elapsed         | 45777     |
[train_ppo-6] |    total_timesteps      | 395264    |
[train_ppo-6] | train/                  |           |
[train_ppo-6] |    approx_kl            | 0.4707985 |
[train_ppo-6] |    clip_fraction        | 0.477     |
[train_ppo-6] |    clip_range           | 0.2       |
[train_ppo-6] |    clip_range_vf        | 0.2       |
[train_ppo-6] |    entropy_loss         | 2.65      |
[train_ppo-6] |    explained_variance   | 0.593     |
[train_ppo-6] |    learning_rate        | 0.000262  |
[train_ppo-6] |    loss                 | 0.0636    |
[train_ppo-6] |    n_updates            | 2856      |
[train_ppo-6] |    policy_gradient_loss | 0.0535    |
[train_ppo-6] |    std                  | 0.0653    |
[train_ppo-6] |    value_loss           | 0.017     |
[train_ppo-6] ---------------------------------------
[train_ppo-6] Early stopping at step 1 due to reaching max kl: 0.94
[train_ppo-6] PPO progress: 396000/2500000 (16%) | ep_rew_mean=487.15 | ep_len_mean=449 | episodes=100 | fps=8
[train_ppo-6] ----------------------------------------
[train_ppo-6] | rollout/                |            |
[train_ppo-6] |    ep_len_mean          | 449        |
[train_ppo-6] |    ep_rew_mean          | 487        |
[train_ppo-6] | time/                   |            |
[train_ppo-6] |    fps                  | 8          |
[train_ppo-6] |    iterations           | 387        |
[train_ppo-6] |    time_elapsed         | 45897      |
[train_ppo-6] |    total_timesteps      | 396288     |
[train_ppo-6] | train/                  |            |
[train_ppo-6] |    approx_kl            | 0.36332214 |
[train_ppo-6] |    clip_fraction        | 0.397      |
[train_ppo-6] |    clip_range           | 0.2        |
[train_ppo-6] |    clip_range_vf        | 0.2        |
[train_ppo-6] |    entropy_loss         | 2.65       |
[train_ppo-6] |    explained_variance   | 0.831      |
[train_ppo-6] |    learning_rate        | 0.000262   |
[train_ppo-6] |    loss                 | 0.21       |
[train_ppo-6] |    n_updates            | 2858       |
[train_ppo-6] |    policy_gradient_loss | 0.0126     |
[train_ppo-6] |    std                  | 0.0653     |
[train_ppo-6] |    value_loss           | 0.194      |
[train_ppo-6] ----------------------------------------
[train_ppo-6] Early stopping at step 4 due to reaching max kl: 1.03
[train_ppo-6] PPO progress: 397000/2500000 (16%) | ep_rew_mean=487.15 | ep_len_mean=449 | episodes=100 | fps=8
[train_ppo-6] ----------------------------------------
[train_ppo-6] | rollout/                |            |
[train_ppo-6] |    ep_len_mean          | 449        |
[train_ppo-6] |    ep_rew_mean          | 487        |
[train_ppo-6] | time/                   |            |
[train_ppo-6] |    fps                  | 8          |
[train_ppo-6] |    iterations           | 388        |
[train_ppo-6] |    time_elapsed         | 46015      |
[train_ppo-6] |    total_timesteps      | 397312     |
[train_ppo-6] | train/                  |            |
[train_ppo-6] |    approx_kl            | 0.61637443 |
[train_ppo-6] |    clip_fraction        | 0.588      |
[train_ppo-6] |    clip_range           | 0.2        |
[train_ppo-6] |    clip_range_vf        | 0.2        |
[train_ppo-6] |    entropy_loss         | 2.64       |
[train_ppo-6] |    explained_variance   | 0.872      |
[train_ppo-6] |    learning_rate        | 0.000262   |
[train_ppo-6] |    loss                 | 0.00848    |
[train_ppo-6] |    n_updates            | 2863       |
[train_ppo-6] |    policy_gradient_loss | -0.0279    |
[train_ppo-6] |    std                  | 0.0655     |
[train_ppo-6] |    value_loss           | 0.0815     |
[train_ppo-6] ----------------------------------------
[train_ppo-6] Early stopping at step 1 due to reaching max kl: 0.88
[train_ppo-6] PPO progress: 398000/2500000 (16%) | ep_rew_mean=499.82 | ep_len_mean=461 | episodes=100 | fps=8
[train_ppo-6] ---------------------------------------
[train_ppo-6] | rollout/                |           |
[train_ppo-6] |    ep_len_mean          | 461       |
[train_ppo-6] |    ep_rew_mean          | 500       |
[train_ppo-6] | time/                   |           |
[train_ppo-6] |    fps                  | 8         |
[train_ppo-6] |    iterations           | 389       |
[train_ppo-6] |    time_elapsed         | 46134     |
[train_ppo-6] |    total_timesteps      | 398336    |
[train_ppo-6] | train/                  |           |
[train_ppo-6] |    approx_kl            | 0.4793166 |
[train_ppo-6] |    clip_fraction        | 0.509     |
[train_ppo-6] |    clip_range           | 0.2       |
[train_ppo-6] |    clip_range_vf        | 0.2       |
[train_ppo-6] |    entropy_loss         | 2.65      |
[train_ppo-6] |    explained_variance   | 0.779     |
[train_ppo-6] |    learning_rate        | 0.000262  |
[train_ppo-6] |    loss                 | 0.0597    |
[train_ppo-6] |    n_updates            | 2865      |
[train_ppo-6] |    policy_gradient_loss | 0.0277    |
[train_ppo-6] |    std                  | 0.0655    |
[train_ppo-6] |    value_loss           | 0.0151    |
[train_ppo-6] ---------------------------------------
[train_ppo-6] Early stopping at step 7 due to reaching max kl: 0.89
[train_ppo-6] PPO progress: 399000/2500000 (16%) | ep_rew_mean=499.82 | ep_len_mean=461 | episodes=100 | fps=8
[train_ppo-6] ----------------------------------------
[train_ppo-6] | rollout/                |            |
[train_ppo-6] |    ep_len_mean          | 461        |
[train_ppo-6] |    ep_rew_mean          | 500        |
[train_ppo-6] | time/                   |            |
[train_ppo-6] |    fps                  | 8          |
[train_ppo-6] |    iterations           | 390        |
[train_ppo-6] |    time_elapsed         | 46252      |
[train_ppo-6] |    total_timesteps      | 399360     |
[train_ppo-6] | train/                  |            |
[train_ppo-6] |    approx_kl            | 0.88884056 |
[train_ppo-6] |    clip_fraction        | 0.57       |
[train_ppo-6] |    clip_range           | 0.2        |
[train_ppo-6] |    clip_range_vf        | 0.2        |
[train_ppo-6] |    entropy_loss         | 2.64       |
[train_ppo-6] |    explained_variance   | 0.94       |
[train_ppo-6] |    learning_rate        | 0.000262   |
[train_ppo-6] |    loss                 | -0.0444    |
[train_ppo-6] |    n_updates            | 2873       |
[train_ppo-6] |    policy_gradient_loss | -0.0423    |
[train_ppo-6] |    std                  | 0.0655     |
[train_ppo-6] |    value_loss           | 0.0202     |
[train_ppo-6] ----------------------------------------
[train_ppo-6] PPO progress: 400000/2500000 (16%) | ep_rew_mean=491.09 | ep_len_mean=454 | episodes=100 | fps=8
[gazebo-2] NodeShared::RecvSrvRequest() error sending response: Host unreachable
[train_ppo-6] [WARN] [1787265532.649016156] [cobraflex_rl_interface]: Gazebo service call failed for /world/lane_following_complex_b/set_pose: Service call timed out
[train_ppo-6] ---------------------------------------
[train_ppo-6] | rollout/                |           |
[train_ppo-6] |    ep_len_mean          | 439       |
[train_ppo-6] |    ep_rew_mean          | 476       |
[train_ppo-6] | time/                   |           |
[train_ppo-6] |    fps                  | 8         |
[train_ppo-6] |    iterations           | 391       |
[train_ppo-6] |    time_elapsed         | 46375     |
[train_ppo-6] |    total_timesteps      | 400384    |
[train_ppo-6] | train/                  |           |
[train_ppo-6] |    approx_kl            | 0.2719764 |
[train_ppo-6] |    clip_fraction        | 0.603     |
[train_ppo-6] |    clip_range           | 0.2       |
[train_ppo-6] |    clip_range_vf        | 0.2       |
[train_ppo-6] |    entropy_loss         | 2.65      |
[train_ppo-6] |    explained_variance   | 0.77      |
[train_ppo-6] |    learning_rate        | 0.000262  |
[train_ppo-6] |    loss                 | -0.0578   |
[train_ppo-6] |    n_updates            | 2883      |
[train_ppo-6] |    policy_gradient_loss | -0.0749   |
[train_ppo-6] |    std                  | 0.065     |
[train_ppo-6] |    value_loss           | 0.00331   |
[train_ppo-6] ---------------------------------------
[train_ppo-6] Early stopping at step 9 due to reaching max kl: 0.85
[train_ppo-6] PPO progress: 401000/2500000 (16%) | ep_rew_mean=475.63 | ep_len_mean=439 | episodes=100 | fps=8
[train_ppo-6] ----------------------------------------
[train_ppo-6] | rollout/                |            |
[train_ppo-6] |    ep_len_mean          | 439        |
[train_ppo-6] |    ep_rew_mean          | 476        |
[train_ppo-6] | time/                   |            |
[train_ppo-6] |    fps                  | 8          |
[train_ppo-6] |    iterations           | 392        |
[train_ppo-6] |    time_elapsed         | 46494      |
[train_ppo-6] |    total_timesteps      | 401408     |
[train_ppo-6] | train/                  |            |
[train_ppo-6] |    approx_kl            | 0.35670123 |
[train_ppo-6] |    clip_fraction        | 0.552      |
[train_ppo-6] |    clip_range           | 0.2        |
[train_ppo-6] |    clip_range_vf        | 0.2        |
[train_ppo-6] |    entropy_loss         | 2.66       |
[train_ppo-6] |    explained_variance   | 0.84       |
[train_ppo-6] |    learning_rate        | 0.000262   |
[train_ppo-6] |    loss                 | 0.121      |
[train_ppo-6] |    n_updates            | 2893       |
[train_ppo-6] |    policy_gradient_loss | -0.0469    |
[train_ppo-6] |    std                  | 0.0643     |
[train_ppo-6] |    value_loss           | 0.0468     |
[train_ppo-6] ----------------------------------------
[train_ppo-6] PPO progress: 402000/2500000 (16%) | ep_rew_mean=475.63 | ep_len_mean=439 | episodes=100 | fps=8
[train_ppo-6] ----------------------------------------
[train_ppo-6] | rollout/                |            |
[train_ppo-6] |    ep_len_mean          | 457        |
[train_ppo-6] |    ep_rew_mean          | 495        |
[train_ppo-6] | time/                   |            |
[train_ppo-6] |    fps                  | 8          |
[train_ppo-6] |    iterations           | 393        |
[train_ppo-6] |    time_elapsed         | 46618      |
[train_ppo-6] |    total_timesteps      | 402432     |
[train_ppo-6] | train/                  |            |
[train_ppo-6] |    approx_kl            | 0.17542307 |
[train_ppo-6] |    clip_fraction        | 0.559      |
[train_ppo-6] |    clip_range           | 0.2        |
[train_ppo-6] |    clip_range_vf        | 0.2        |
[train_ppo-6] |    entropy_loss         | 2.68       |
[train_ppo-6] |    explained_variance   | 0.825      |
[train_ppo-6] |    learning_rate        | 0.000261   |
[train_ppo-6] |    loss                 | -0.0761    |
[train_ppo-6] |    n_updates            | 2903       |
[train_ppo-6] |    policy_gradient_loss | -0.065     |
[train_ppo-6] |    std                  | 0.064      |
[train_ppo-6] |    value_loss           | 0.00276    |
[train_ppo-6] ----------------------------------------
[train_ppo-6] Early stopping at step 1 due to reaching max kl: 1.47
[train_ppo-6] PPO progress: 403000/2500000 (16%) | ep_rew_mean=495.41 | ep_len_mean=457 | episodes=100 | fps=8
[train_ppo-6] ----------------------------------------
[train_ppo-6] | rollout/                |            |
[train_ppo-6] |    ep_len_mean          | 457        |
[train_ppo-6] |    ep_rew_mean          | 495        |
[train_ppo-6] | time/                   |            |
[train_ppo-6] |    fps                  | 8          |
[train_ppo-6] |    iterations           | 394        |
[train_ppo-6] |    time_elapsed         | 46736      |
[train_ppo-6] |    total_timesteps      | 403456     |
[train_ppo-6] | train/                  |            |
[train_ppo-6] |    approx_kl            | 0.35582685 |
[train_ppo-6] |    clip_fraction        | 0.36       |
[train_ppo-6] |    clip_range           | 0.2        |
[train_ppo-6] |    clip_range_vf        | 0.2        |
[train_ppo-6] |    entropy_loss         | 2.69       |
[train_ppo-6] |    explained_variance   | 0.421      |
[train_ppo-6] |    learning_rate        | 0.000261   |
[train_ppo-6] |    loss                 | 0.195      |
[train_ppo-6] |    n_updates            | 2905       |
[train_ppo-6] |    policy_gradient_loss | 0.0222     |
[train_ppo-6] |    std                  | 0.0641     |
[train_ppo-6] |    value_loss           | 0.159      |
[train_ppo-6] ----------------------------------------
[train_ppo-6] PPO progress: 404000/2500000 (16%) | ep_rew_mean=495.41 | ep_len_mean=457 | episodes=100 | fps=8
[train_ppo-6] --------------------------------------
[train_ppo-6] | rollout/                |          |
[train_ppo-6] |    ep_len_mean          | 473      |
[train_ppo-6] |    ep_rew_mean          | 513      |
[train_ppo-6] | time/                   |          |
[train_ppo-6] |    fps                  | 8        |
[train_ppo-6] |    iterations           | 395      |
[train_ppo-6] |    time_elapsed         | 46855    |
[train_ppo-6] |    total_timesteps      | 404480   |
[train_ppo-6] | train/                  |          |
[train_ppo-6] |    approx_kl            | 0.275639 |
[train_ppo-6] |    clip_fraction        | 0.593    |
[train_ppo-6] |    clip_range           | 0.2      |
[train_ppo-6] |    clip_range_vf        | 0.2      |
[train_ppo-6] |    entropy_loss         | 2.68     |
[train_ppo-6] |    explained_variance   | 0.699    |
[train_ppo-6] |    learning_rate        | 0.000261 |
[train_ppo-6] |    loss                 | -0.012   |
[train_ppo-6] |    n_updates            | 2915     |
[train_ppo-6] |    policy_gradient_loss | -0.0539  |
[train_ppo-6] |    std                  | 0.0643   |
[train_ppo-6] |    value_loss           | 0.0208   |
[train_ppo-6] --------------------------------------
[train_ppo-6] PPO progress: 405000/2500000 (16%) | ep_rew_mean=512.58 | ep_len_mean=473 | episodes=100 | fps=8
[train_ppo-6] ----------------------------------------
[train_ppo-6] | rollout/                |            |
[train_ppo-6] |    ep_len_mean          | 473        |
[train_ppo-6] |    ep_rew_mean          | 513        |
[train_ppo-6] | time/                   |            |
[train_ppo-6] |    fps                  | 8          |
[train_ppo-6] |    iterations           | 396        |
[train_ppo-6] |    time_elapsed         | 46973      |
[train_ppo-6] |    total_timesteps      | 405504     |
[train_ppo-6] | train/                  |            |
[train_ppo-6] |    approx_kl            | 0.22102813 |
[train_ppo-6] |    clip_fraction        | 0.577      |
[train_ppo-6] |    clip_range           | 0.2        |
[train_ppo-6] |    clip_range_vf        | 0.2        |
[train_ppo-6] |    entropy_loss         | 2.69       |
[train_ppo-6] |    explained_variance   | 0.805      |
[train_ppo-6] |    learning_rate        | 0.000261   |
[train_ppo-6] |    loss                 | -0.0311    |
[train_ppo-6] |    n_updates            | 2925       |
[train_ppo-6] |    policy_gradient_loss | -0.0577    |
[train_ppo-6] |    std                  | 0.0634     |
[train_ppo-6] |    value_loss           | 0.0221     |
[train_ppo-6] ----------------------------------------
[train_ppo-6] Early stopping at step 6 due to reaching max kl: 0.79
[train_ppo-6] PPO progress: 406000/2500000 (16%) | ep_rew_mean=512.58 | ep_len_mean=473 | episodes=100 | fps=8
[train_ppo-6] ----------------------------------------
[train_ppo-6] | rollout/                |            |
[train_ppo-6] |    ep_len_mean          | 492        |
[train_ppo-6] |    ep_rew_mean          | 533        |
[train_ppo-6] | time/                   |            |
[train_ppo-6] |    fps                  | 8          |
[train_ppo-6] |    iterations           | 397        |
[train_ppo-6] |    time_elapsed         | 47091      |
[train_ppo-6] |    total_timesteps      | 406528     |
[train_ppo-6] | train/                  |            |
[train_ppo-6] |    approx_kl            | 0.32058635 |
[train_ppo-6] |    clip_fraction        | 0.539      |
[train_ppo-6] |    clip_range           | 0.2        |
[train_ppo-6] |    clip_range_vf        | 0.2        |
[train_ppo-6] |    entropy_loss         | 2.7        |
[train_ppo-6] |    explained_variance   | 0.818      |
[train_ppo-6] |    learning_rate        | 0.000261   |
[train_ppo-6] |    loss                 | -0.036     |
[train_ppo-6] |    n_updates            | 2932       |
[train_ppo-6] |    policy_gradient_loss | -0.0326    |
[train_ppo-6] |    std                  | 0.0637     |
[train_ppo-6] |    value_loss           | 0.0276     |
[train_ppo-6] ----------------------------------------
[gazebo-2] NodeShared::RecvSrvRequest() error sending response: Host unreachable
[train_ppo-6] [WARN] [1787266285.648213924] [cobraflex_rl_interface]: Gazebo service call failed for /world/lane_following_complex_b/set_pose: Service call timed out
[train_ppo-6] Early stopping at step 8 due to reaching max kl: 0.91
[train_ppo-6] PPO progress: 407000/2500000 (16%) | ep_rew_mean=465.90 | ep_len_mean=431 | episodes=100 | fps=8
[train_ppo-6] ---------------------------------------
[train_ppo-6] | rollout/                |           |
[train_ppo-6] |    ep_len_mean          | 433       |
[train_ppo-6] |    ep_rew_mean          | 467       |
[train_ppo-6] | time/                   |           |
[train_ppo-6] |    fps                  | 8         |
[train_ppo-6] |    iterations           | 398       |
[train_ppo-6] |    time_elapsed         | 47219     |
[train_ppo-6] |    total_timesteps      | 407552    |
[train_ppo-6] | train/                  |           |
[train_ppo-6] |    approx_kl            | 0.3865956 |
[train_ppo-6] |    clip_fraction        | 0.576     |
[train_ppo-6] |    clip_range           | 0.2       |
[train_ppo-6] |    clip_range_vf        | 0.2       |
[train_ppo-6] |    entropy_loss         | 2.7       |
[train_ppo-6] |    explained_variance   | 0.848     |
[train_ppo-6] |    learning_rate        | 0.000261  |
[train_ppo-6] |    loss                 | -0.025    |
[train_ppo-6] |    n_updates            | 2941      |
[train_ppo-6] |    policy_gradient_loss | -0.0522   |
[train_ppo-6] |    std                  | 0.0635    |
[train_ppo-6] |    value_loss           | 0.0323    |
[train_ppo-6] ---------------------------------------
[train_ppo-6] Early stopping at step 2 due to reaching max kl: 0.82
[train_ppo-6] PPO progress: 408000/2500000 (16%) | ep_rew_mean=457.94 | ep_len_mean=425 | episodes=100 | fps=8
[train_ppo-6] ---------------------------------------
[train_ppo-6] | rollout/                |           |
[train_ppo-6] |    ep_len_mean          | 419       |
[train_ppo-6] |    ep_rew_mean          | 451       |
[train_ppo-6] | time/                   |           |
[train_ppo-6] |    fps                  | 8         |
[train_ppo-6] |    iterations           | 399       |
[train_ppo-6] |    time_elapsed         | 47345     |
[train_ppo-6] |    total_timesteps      | 408576    |
[train_ppo-6] | train/                  |           |
[train_ppo-6] |    approx_kl            | 0.4241908 |
[train_ppo-6] |    clip_fraction        | 0.47      |
[train_ppo-6] |    clip_range           | 0.2       |
[train_ppo-6] |    clip_range_vf        | 0.2       |
[train_ppo-6] |    entropy_loss         | 2.71      |
[train_ppo-6] |    explained_variance   | 0.248     |
[train_ppo-6] |    learning_rate        | 0.000261  |
[train_ppo-6] |    loss                 | 0.26      |
[train_ppo-6] |    n_updates            | 2944      |
[train_ppo-6] |    policy_gradient_loss | -0.0156   |
[train_ppo-6] |    std                  | 0.0633    |
[train_ppo-6] |    value_loss           | 0.551     |
[train_ppo-6] ---------------------------------------
[train_ppo-6] PPO progress: 409000/2500000 (16%) | ep_rew_mean=451.02 | ep_len_mean=419 | episodes=100 | fps=8
[train_ppo-6] ----------------------------------------
[train_ppo-6] | rollout/                |            |
[train_ppo-6] |    ep_len_mean          | 419        |
[train_ppo-6] |    ep_rew_mean          | 451        |
[train_ppo-6] | time/                   |            |
[train_ppo-6] |    fps                  | 8          |
[train_ppo-6] |    iterations           | 400        |
[train_ppo-6] |    time_elapsed         | 47463      |
[train_ppo-6] |    total_timesteps      | 409600     |
[train_ppo-6] | train/                  |            |
[train_ppo-6] |    approx_kl            | 0.26006785 |
[train_ppo-6] |    clip_fraction        | 0.521      |
[train_ppo-6] |    clip_range           | 0.2        |
[train_ppo-6] |    clip_range_vf        | 0.2        |
[train_ppo-6] |    entropy_loss         | 2.71       |
[train_ppo-6] |    explained_variance   | 0.585      |
[train_ppo-6] |    learning_rate        | 0.000261   |
[train_ppo-6] |    loss                 | 0.229      |
[train_ppo-6] |    n_updates            | 2954       |
[train_ppo-6] |    policy_gradient_loss | -0.0545    |
[train_ppo-6] |    std                  | 0.0627     |
[train_ppo-6] |    value_loss           | 0.271      |
[train_ppo-6] ----------------------------------------
[train_ppo-6] PPO progress: 410000/2500000 (16%) | ep_rew_mean=451.02 | ep_len_mean=419 | episodes=100 | fps=8
[gazebo-2] NodeShared::RecvSrvRequest() error sending response: Host unreachable
[train_ppo-6] [WARN] [1787266712.436542443] [cobraflex_rl_interface]: Gazebo service call failed for /world/lane_following_complex_b/set_pose: Service call timed out
[train_ppo-6] ----------------------------------------
[train_ppo-6] | rollout/                |            |
[train_ppo-6] |    ep_len_mean          | 440        |
[train_ppo-6] |    ep_rew_mean          | 473        |
[train_ppo-6] | time/                   |            |
[train_ppo-6] |    fps                  | 8          |
[train_ppo-6] |    iterations           | 401        |
[train_ppo-6] |    time_elapsed         | 47586      |
[train_ppo-6] |    total_timesteps      | 410624     |
[train_ppo-6] | train/                  |            |
[train_ppo-6] |    approx_kl            | 0.15301402 |
[train_ppo-6] |    clip_fraction        | 0.537      |
[train_ppo-6] |    clip_range           | 0.2        |
[train_ppo-6] |    clip_range_vf        | 0.2        |
[train_ppo-6] |    entropy_loss         | 2.74       |
[train_ppo-6] |    explained_variance   | 0.764      |
[train_ppo-6] |    learning_rate        | 0.000261   |
[train_ppo-6] |    loss                 | -0.0553    |
[train_ppo-6] |    n_updates            | 2964       |
[train_ppo-6] |    policy_gradient_loss | -0.0618    |
[train_ppo-6] |    std                  | 0.062      |
[train_ppo-6] |    value_loss           | 0.00896    |
[train_ppo-6] ----------------------------------------
[train_ppo-6] PPO progress: 411000/2500000 (16%) | ep_rew_mean=436.34 | ep_len_mean=407 | episodes=100 | fps=8
[train_ppo-6] ----------------------------------------
[train_ppo-6] | rollout/                |            |
[train_ppo-6] |    ep_len_mean          | 407        |
[train_ppo-6] |    ep_rew_mean          | 436        |
[train_ppo-6] | time/                   |            |
[train_ppo-6] |    fps                  | 8          |
[train_ppo-6] |    iterations           | 402        |
[train_ppo-6] |    time_elapsed         | 47710      |
[train_ppo-6] |    total_timesteps      | 411648     |
[train_ppo-6] | train/                  |            |
[train_ppo-6] |    approx_kl            | 0.28388298 |
[train_ppo-6] |    clip_fraction        | 0.583      |
[train_ppo-6] |    clip_range           | 0.2        |
[train_ppo-6] |    clip_range_vf        | 0.2        |
[train_ppo-6] |    entropy_loss         | 2.75       |
[train_ppo-6] |    explained_variance   | 0.563      |
[train_ppo-6] |    learning_rate        | 0.000261   |
[train_ppo-6] |    loss                 | -0.0168    |
[train_ppo-6] |    n_updates            | 2974       |
[train_ppo-6] |    policy_gradient_loss | -0.0627    |
[train_ppo-6] |    std                  | 0.0619     |
[train_ppo-6] |    value_loss           | 0.0207     |
[train_ppo-6] ----------------------------------------
[train_ppo-6] PPO progress: 412000/2500000 (16%) | ep_rew_mean=436.34 | ep_len_mean=407 | episodes=100 | fps=8
[train_ppo-6] ----------------------------------------
[train_ppo-6] | rollout/                |            |
[train_ppo-6] |    ep_len_mean          | 407        |
[train_ppo-6] |    ep_rew_mean          | 436        |
[train_ppo-6] | time/                   |            |
[train_ppo-6] |    fps                  | 8          |
[train_ppo-6] |    iterations           | 403        |
[train_ppo-6] |    time_elapsed         | 47828      |
[train_ppo-6] |    total_timesteps      | 412672     |
[train_ppo-6] | train/                  |            |
[train_ppo-6] |    approx_kl            | 0.33750772 |
[train_ppo-6] |    clip_fraction        | 0.568      |
[train_ppo-6] |    clip_range           | 0.2        |
[train_ppo-6] |    clip_range_vf        | 0.2        |
[train_ppo-6] |    entropy_loss         | 2.76       |
[train_ppo-6] |    explained_variance   | 0.647      |
[train_ppo-6] |    learning_rate        | 0.00026    |
[train_ppo-6] |    loss                 | 0.0216     |
[train_ppo-6] |    n_updates            | 2984       |
[train_ppo-6] |    policy_gradient_loss | -0.0497    |
[train_ppo-6] |    std                  | 0.0608     |
[train_ppo-6] |    value_loss           | 0.059      |
[train_ppo-6] ----------------------------------------
[train_ppo-6] Early stopping at step 5 due to reaching max kl: 0.87
[train_ppo-6] PPO progress: 413000/2500000 (17%) | ep_rew_mean=458.41 | ep_len_mean=428 | episodes=100 | fps=8
[gazebo-2] NodeShared::RecvSrvRequest() error sending response: Host unreachable
[train_ppo-6] [WARN] [1787267089.482891002] [cobraflex_rl_interface]: Gazebo service call failed for /world/lane_following_complex_b/set_pose: Service call timed out
[gazebo-2] NodeShared::RecvSrvRequest() error sending response: Host unreachable
[train_ppo-6] [WARN] [1787267096.123229374] [cobraflex_rl_interface]: Gazebo service call failed for /world/lane_following_complex_b/set_pose: Service call timed out
[train_ppo-6] ---------------------------------------
[train_ppo-6] | rollout/                |           |
[train_ppo-6] |    ep_len_mean          | 392       |
[train_ppo-6] |    ep_rew_mean          | 418       |
[train_ppo-6] | time/                   |           |
[train_ppo-6] |    fps                  | 8         |
[train_ppo-6] |    iterations           | 404       |
[train_ppo-6] |    time_elapsed         | 47959     |
[train_ppo-6] |    total_timesteps      | 413696    |
[train_ppo-6] | train/                  |           |
[train_ppo-6] |    approx_kl            | 0.2814094 |
[train_ppo-6] |    clip_fraction        | 0.577     |
[train_ppo-6] |    clip_range           | 0.2       |
[train_ppo-6] |    clip_range_vf        | 0.2       |
[train_ppo-6] |    entropy_loss         | 2.79      |
[train_ppo-6] |    explained_variance   | 0.852     |
[train_ppo-6] |    learning_rate        | 0.00026   |
[train_ppo-6] |    loss                 | -0.0265   |
[train_ppo-6] |    n_updates            | 2990      |
[train_ppo-6] |    policy_gradient_loss | -0.0539   |
[train_ppo-6] |    std                  | 0.0607    |
[train_ppo-6] |    value_loss           | 0.0046    |
[train_ppo-6] ---------------------------------------
[train_ppo-6] Early stopping at step 3 due to reaching max kl: 0.79
[train_ppo-6] PPO progress: 414000/2500000 (17%) | ep_rew_mean=418.16 | ep_len_mean=392 | episodes=100 | fps=8
[train_ppo-6] ----------------------------------------
[train_ppo-6] | rollout/                |            |
[train_ppo-6] |    ep_len_mean          | 392        |
[train_ppo-6] |    ep_rew_mean          | 418        |
[train_ppo-6] | time/                   |            |
[train_ppo-6] |    fps                  | 8          |
[train_ppo-6] |    iterations           | 405        |
[train_ppo-6] |    time_elapsed         | 48077      |
[train_ppo-6] |    total_timesteps      | 414720     |
[train_ppo-6] | train/                  |            |
[train_ppo-6] |    approx_kl            | 0.37555036 |
[train_ppo-6] |    clip_fraction        | 0.513      |
[train_ppo-6] |    clip_range           | 0.2        |
[train_ppo-6] |    clip_range_vf        | 0.2        |
[train_ppo-6] |    entropy_loss         | 2.79       |
[train_ppo-6] |    explained_variance   | 0.496      |
[train_ppo-6] |    learning_rate        | 0.00026    |
[train_ppo-6] |    loss                 | 0.187      |
[train_ppo-6] |    n_updates            | 2994       |
[train_ppo-6] |    policy_gradient_loss | -0.0196    |
[train_ppo-6] |    std                  | 0.0608     |
[train_ppo-6] |    value_loss           | 0.259      |
[train_ppo-6] ----------------------------------------
[train_ppo-6] PPO progress: 415000/2500000 (17%) | ep_rew_mean=418.16 | ep_len_mean=392 | episodes=100 | fps=8
[train_ppo-6] ----------------------------------------
[train_ppo-6] | rollout/                |            |
[train_ppo-6] |    ep_len_mean          | 413        |
[train_ppo-6] |    ep_rew_mean          | 440        |
[train_ppo-6] | time/                   |            |
[train_ppo-6] |    fps                  | 8          |
[train_ppo-6] |    iterations           | 406        |
[train_ppo-6] |    time_elapsed         | 48195      |
[train_ppo-6] |    total_timesteps      | 415744     |
[train_ppo-6] | train/                  |            |
[train_ppo-6] |    approx_kl            | 0.20867328 |
[train_ppo-6] |    clip_fraction        | 0.558      |
[train_ppo-6] |    clip_range           | 0.2        |
[train_ppo-6] |    clip_range_vf        | 0.2        |
[train_ppo-6] |    entropy_loss         | 2.79       |
[train_ppo-6] |    explained_variance   | 0.718      |
[train_ppo-6] |    learning_rate        | 0.00026    |
[train_ppo-6] |    loss                 | -5.74e-05  |
[train_ppo-6] |    n_updates            | 3004       |
[train_ppo-6] |    policy_gradient_loss | -0.0462    |
[train_ppo-6] |    std                  | 0.0607     |
[train_ppo-6] |    value_loss           | 0.00687    |
[train_ppo-6] ----------------------------------------
[train_ppo-6] Early stopping at step 8 due to reaching max kl: 0.94
[train_ppo-6] PPO progress: 416000/2500000 (17%) | ep_rew_mean=440.04 | ep_len_mean=413 | episodes=100 | fps=8
[train_ppo-6] ----------------------------------------
[train_ppo-6] | rollout/                |            |
[train_ppo-6] |    ep_len_mean          | 413        |
[train_ppo-6] |    ep_rew_mean          | 440        |
[train_ppo-6] | time/                   |            |
[train_ppo-6] |    fps                  | 8          |
[train_ppo-6] |    iterations           | 407        |
[train_ppo-6] |    time_elapsed         | 48314      |
[train_ppo-6] |    total_timesteps      | 416768     |
[train_ppo-6] | train/                  |            |
[train_ppo-6] |    approx_kl            | 0.41214204 |
[train_ppo-6] |    clip_fraction        | 0.53       |
[train_ppo-6] |    clip_range           | 0.2        |
[train_ppo-6] |    clip_range_vf        | 0.2        |
[train_ppo-6] |    entropy_loss         | 2.8        |
[train_ppo-6] |    explained_variance   | 0.828      |
[train_ppo-6] |    learning_rate        | 0.00026    |
[train_ppo-6] |    loss                 | -0.0543    |
[train_ppo-6] |    n_updates            | 3013       |
[train_ppo-6] |    policy_gradient_loss | -0.0616    |
[train_ppo-6] |    std                  | 0.06       |
[train_ppo-6] |    value_loss           | 0.00471    |
[train_ppo-6] ----------------------------------------
[train_ppo-6] PPO progress: 417000/2500000 (17%) | ep_rew_mean=449.46 | ep_len_mean=422 | episodes=100 | fps=8
[train_ppo-6] ----------------------------------------
[train_ppo-6] | rollout/                |            |
[train_ppo-6] |    ep_len_mean          | 405        |
[train_ppo-6] |    ep_rew_mean          | 433        |
[train_ppo-6] | time/                   |            |
[train_ppo-6] |    fps                  | 8          |
[train_ppo-6] |    iterations           | 408        |
[train_ppo-6] |    time_elapsed         | 48438      |
[train_ppo-6] |    total_timesteps      | 417792     |
[train_ppo-6] | train/                  |            |
[train_ppo-6] |    approx_kl            | 0.26325613 |
[train_ppo-6] |    clip_fraction        | 0.579      |
[train_ppo-6] |    clip_range           | 0.2        |
[train_ppo-6] |    clip_range_vf        | 0.2        |
[train_ppo-6] |    entropy_loss         | 2.83       |
[train_ppo-6] |    explained_variance   | 0.708      |
[train_ppo-6] |    learning_rate        | 0.00026    |
[train_ppo-6] |    loss                 | -0.0387    |
[train_ppo-6] |    n_updates            | 3023       |
[train_ppo-6] |    policy_gradient_loss | -0.0603    |
[train_ppo-6] |    std                  | 0.0593     |
[train_ppo-6] |    value_loss           | 0.0147     |
[train_ppo-6] ----------------------------------------
[train_ppo-6] Early stopping at step 1 due to reaching max kl: 0.89
[train_ppo-6] PPO progress: 418000/2500000 (17%) | ep_rew_mean=433.10 | ep_len_mean=405 | episodes=100 | fps=8
[train_ppo-6] ---------------------------------------
[train_ppo-6] | rollout/                |           |
[train_ppo-6] |    ep_len_mean          | 405       |
[train_ppo-6] |    ep_rew_mean          | 433       |
[train_ppo-6] | time/                   |           |
[train_ppo-6] |    fps                  | 8         |
[train_ppo-6] |    iterations           | 409       |
[train_ppo-6] |    time_elapsed         | 48556     |
[train_ppo-6] |    total_timesteps      | 418816    |
[train_ppo-6] | train/                  |           |
[train_ppo-6] |    approx_kl            | 0.5036161 |
[train_ppo-6] |    clip_fraction        | 0.462     |
[train_ppo-6] |    clip_range           | 0.2       |
[train_ppo-6] |    clip_range_vf        | 0.2       |
[train_ppo-6] |    entropy_loss         | 2.85      |
[train_ppo-6] |    explained_variance   | 0.564     |
[train_ppo-6] |    learning_rate        | 0.00026   |
[train_ppo-6] |    loss                 | 0.0999    |
[train_ppo-6] |    n_updates            | 3025      |
[train_ppo-6] |    policy_gradient_loss | 0.0199    |
[train_ppo-6] |    std                  | 0.0593    |
[train_ppo-6] |    value_loss           | 0.153     |
[train_ppo-6] ---------------------------------------
[train_ppo-6] PPO progress: 419000/2500000 (17%) | ep_rew_mean=433.10 | ep_len_mean=405 | episodes=100 | fps=8
[train_ppo-6] --------------------------------------
[train_ppo-6] | rollout/                |          |
[train_ppo-6] |    ep_len_mean          | 424      |
[train_ppo-6] |    ep_rew_mean          | 454      |
[train_ppo-6] | time/                   |          |
[train_ppo-6] |    fps                  | 8        |
[train_ppo-6] |    iterations           | 410      |
[train_ppo-6] |    time_elapsed         | 48675    |
[train_ppo-6] |    total_timesteps      | 419840   |
[train_ppo-6] | train/                  |          |
[train_ppo-6] |    approx_kl            | 0.37671  |
[train_ppo-6] |    clip_fraction        | 0.621    |
[train_ppo-6] |    clip_range           | 0.2      |
[train_ppo-6] |    clip_range_vf        | 0.2      |
[train_ppo-6] |    entropy_loss         | 2.85     |
[train_ppo-6] |    explained_variance   | 0.84     |
[train_ppo-6] |    learning_rate        | 0.00026  |
[train_ppo-6] |    loss                 | -0.0685  |
[train_ppo-6] |    n_updates            | 3035     |
[train_ppo-6] |    policy_gradient_loss | -0.0689  |
[train_ppo-6] |    std                  | 0.0584   |
[train_ppo-6] |    value_loss           | 0.0038   |
[train_ppo-6] --------------------------------------
[gazebo-2] NodeShared::RecvSrvRequest() error sending response: Host unreachable
[train_ppo-6] [WARN] [1787267885.532528342] [cobraflex_rl_interface]: Gazebo service call failed for /world/lane_following_complex_b/set_pose: Service call timed out
[train_ppo-6] Early stopping at step 3 due to reaching max kl: 0.80
[train_ppo-6] PPO progress: 420000/2500000 (17%) | ep_rew_mean=448.33 | ep_len_mean=417 | episodes=100 | fps=8
[gazebo-2] NodeShared::RecvSrvRequest() error sending response: Host unreachable
[train_ppo-6] [WARN] [1787267946.749248556] [cobraflex_rl_interface]: Gazebo service call failed for /world/lane_following_complex_b/set_pose: Service call timed out
[train_ppo-6] ---------------------------------------
[train_ppo-6] | rollout/                |           |
[train_ppo-6] |    ep_len_mean          | 415       |
[train_ppo-6] |    ep_rew_mean          | 447       |
[train_ppo-6] | time/                   |           |
[train_ppo-6] |    fps                  | 8         |
[train_ppo-6] |    iterations           | 411       |
[train_ppo-6] |    time_elapsed         | 48818     |
[train_ppo-6] |    total_timesteps      | 420864    |
[train_ppo-6] | train/                  |           |
[train_ppo-6] |    approx_kl            | 0.3423284 |
[train_ppo-6] |    clip_fraction        | 0.514     |
[train_ppo-6] |    clip_range           | 0.2       |
[train_ppo-6] |    clip_range_vf        | 0.2       |
[train_ppo-6] |    entropy_loss         | 2.87      |
[train_ppo-6] |    explained_variance   | 0.71      |
[train_ppo-6] |    learning_rate        | 0.00026   |
[train_ppo-6] |    loss                 | 0.0499    |
[train_ppo-6] |    n_updates            | 3039      |
[train_ppo-6] |    policy_gradient_loss | -0.00848  |
[train_ppo-6] |    std                  | 0.0584    |
[train_ppo-6] |    value_loss           | 0.00874   |
[train_ppo-6] ---------------------------------------
[train_ppo-6] Early stopping at step 1 due to reaching max kl: 4.95
[train_ppo-6] PPO progress: 421000/2500000 (17%) | ep_rew_mean=447.21 | ep_len_mean=415 | episodes=100 | fps=8
[train_ppo-6] ----------------------------------------
[train_ppo-6] | rollout/                |            |
[train_ppo-6] |    ep_len_mean          | 415        |
[train_ppo-6] |    ep_rew_mean          | 447        |
[train_ppo-6] | time/                   |            |
[train_ppo-6] |    fps                  | 8          |
[train_ppo-6] |    iterations           | 412        |
[train_ppo-6] |    time_elapsed         | 48936      |
[train_ppo-6] |    total_timesteps      | 421888     |
[train_ppo-6] | train/                  |            |
[train_ppo-6] |    approx_kl            | 0.77523047 |
[train_ppo-6] |    clip_fraction        | 0.464      |
[train_ppo-6] |    clip_range           | 0.2        |
[train_ppo-6] |    clip_range_vf        | 0.2        |
[train_ppo-6] |    entropy_loss         | 2.87       |
[train_ppo-6] |    explained_variance   | 0.688      |
[train_ppo-6] |    learning_rate        | 0.00026    |
[train_ppo-6] |    loss                 | 0.0515     |
[train_ppo-6] |    n_updates            | 3041       |
[train_ppo-6] |    policy_gradient_loss | 0.0251     |
[train_ppo-6] |    std                  | 0.0585     |
[train_ppo-6] |    value_loss           | 0.196      |
[train_ppo-6] ----------------------------------------
[train_ppo-6] Early stopping at step 1 due to reaching max kl: 1.68
[train_ppo-6] PPO progress: 422000/2500000 (17%) | ep_rew_mean=447.21 | ep_len_mean=415 | episodes=100 | fps=8
[train_ppo-6] ---------------------------------------
[train_ppo-6] | rollout/                |           |
[train_ppo-6] |    ep_len_mean          | 431       |
[train_ppo-6] |    ep_rew_mean          | 465       |
[train_ppo-6] | time/                   |           |
[train_ppo-6] |    fps                  | 8         |
[train_ppo-6] |    iterations           | 413       |
[train_ppo-6] |    time_elapsed         | 49054     |
[train_ppo-6] |    total_timesteps      | 422912    |
[train_ppo-6] | train/                  |           |
[train_ppo-6] |    approx_kl            | 1.6797152 |
[train_ppo-6] |    clip_fraction        | 0.558     |
[train_ppo-6] |    clip_range           | 0.2       |
[train_ppo-6] |    clip_range_vf        | 0.2       |
[train_ppo-6] |    entropy_loss         | 2.87      |
[train_ppo-6] |    explained_variance   | 0.485     |
[train_ppo-6] |    learning_rate        | 0.000259  |
[train_ppo-6] |    loss                 | 0.0551    |
[train_ppo-6] |    n_updates            | 3043      |
[train_ppo-6] |    policy_gradient_loss | 0.0637    |
[train_ppo-6] |    std                  | 0.0586    |
[train_ppo-6] |    value_loss           | 0.025     |
[train_ppo-6] ---------------------------------------
[train_ppo-6] Early stopping at step 1 due to reaching max kl: 1.17
[train_ppo-6] PPO progress: 423000/2500000 (17%) | ep_rew_mean=464.89 | ep_len_mean=431 | episodes=100 | fps=8
[train_ppo-6] ---------------------------------------
[train_ppo-6] | rollout/                |           |
[train_ppo-6] |    ep_len_mean          | 431       |
[train_ppo-6] |    ep_rew_mean          | 465       |
[train_ppo-6] | time/                   |           |
[train_ppo-6] |    fps                  | 8         |
[train_ppo-6] |    iterations           | 414       |
[train_ppo-6] |    time_elapsed         | 49172     |
[train_ppo-6] |    total_timesteps      | 423936    |
[train_ppo-6] | train/                  |           |
[train_ppo-6] |    approx_kl            | 1.1703485 |
[train_ppo-6] |    clip_fraction        | 0.477     |
[train_ppo-6] |    clip_range           | 0.2       |
[train_ppo-6] |    clip_range_vf        | 0.2       |
[train_ppo-6] |    entropy_loss         | 2.87      |
[train_ppo-6] |    explained_variance   | 0.832     |
[train_ppo-6] |    learning_rate        | 0.000259  |
[train_ppo-6] |    loss                 | 0.0472    |
[train_ppo-6] |    n_updates            | 3045      |
[train_ppo-6] |    policy_gradient_loss | 0.044     |
[train_ppo-6] |    std                  | 0.0587    |
[train_ppo-6] |    value_loss           | 0.017     |
[train_ppo-6] ---------------------------------------
[train_ppo-6] Early stopping at step 7 due to reaching max kl: 1.18
[train_ppo-6] PPO progress: 424000/2500000 (17%) | ep_rew_mean=464.89 | ep_len_mean=431 | episodes=100 | fps=8
[train_ppo-6] ----------------------------------------
[train_ppo-6] | rollout/                |            |
[train_ppo-6] |    ep_len_mean          | 431        |
[train_ppo-6] |    ep_rew_mean          | 465        |
[train_ppo-6] | time/                   |            |
[train_ppo-6] |    fps                  | 8          |
[train_ppo-6] |    iterations           | 415        |
[train_ppo-6] |    time_elapsed         | 49291      |
[train_ppo-6] |    total_timesteps      | 424960     |
[train_ppo-6] | train/                  |            |
[train_ppo-6] |    approx_kl            | 0.75851595 |
[train_ppo-6] |    clip_fraction        | 0.569      |
[train_ppo-6] |    clip_range           | 0.2        |
[train_ppo-6] |    clip_range_vf        | 0.2        |
[train_ppo-6] |    entropy_loss         | 2.86       |
[train_ppo-6] |    explained_variance   | 0.515      |
[train_ppo-6] |    learning_rate        | 0.000259   |
[train_ppo-6] |    loss                 | -0.00831   |
[train_ppo-6] |    n_updates            | 3053       |
[train_ppo-6] |    policy_gradient_loss | -0.049     |
[train_ppo-6] |    std                  | 0.0587     |
[train_ppo-6] |    value_loss           | 0.00672    |
[train_ppo-6] ----------------------------------------
[train_ppo-6] Early stopping at step 1 due to reaching max kl: 0.88
[train_ppo-6] PPO progress: 425000/2500000 (17%) | ep_rew_mean=464.92 | ep_len_mean=431 | episodes=100 | fps=8
[train_ppo-6] ----------------------------------------
[train_ppo-6] | rollout/                |            |
[train_ppo-6] |    ep_len_mean          | 431        |
[train_ppo-6] |    ep_rew_mean          | 465        |
[train_ppo-6] | time/                   |            |
[train_ppo-6] |    fps                  | 8          |
[train_ppo-6] |    iterations           | 416        |
[train_ppo-6] |    time_elapsed         | 49409      |
[train_ppo-6] |    total_timesteps      | 425984     |
[train_ppo-6] | train/                  |            |
[train_ppo-6] |    approx_kl            | 0.38178968 |
[train_ppo-6] |    clip_fraction        | 0.496      |
[train_ppo-6] |    clip_range           | 0.2        |
[train_ppo-6] |    clip_range_vf        | 0.2        |
[train_ppo-6] |    entropy_loss         | 2.86       |
[train_ppo-6] |    explained_variance   | 0.882      |
[train_ppo-6] |    learning_rate        | 0.000259   |
[train_ppo-6] |    loss                 | -0.00922   |
[train_ppo-6] |    n_updates            | 3055       |
[train_ppo-6] |    policy_gradient_loss | 0.0216     |
[train_ppo-6] |    std                  | 0.0587     |
[train_ppo-6] |    value_loss           | 0.0122     |
[train_ppo-6] ----------------------------------------
[train_ppo-6] Early stopping at step 1 due to reaching max kl: 1.79
[train_ppo-6] PPO progress: 426000/2500000 (17%) | ep_rew_mean=464.92 | ep_len_mean=431 | episodes=100 | fps=8
[train_ppo-6] PPO progress: 427000/2500000 (17%) | ep_rew_mean=480.42 | ep_len_mean=443 | episodes=100 | fps=8
[train_ppo-6] ---------------------------------------
[train_ppo-6] | rollout/                |           |
[train_ppo-6] |    ep_len_mean          | 443       |
[train_ppo-6] |    ep_rew_mean          | 480       |
[train_ppo-6] | time/                   |           |
[train_ppo-6] |    fps                  | 8         |
[train_ppo-6] |    iterations           | 417       |
[train_ppo-6] |    time_elapsed         | 49528     |
[train_ppo-6] |    total_timesteps      | 427008    |
[train_ppo-6] | train/                  |           |
[train_ppo-6] |    approx_kl            | 0.7878214 |
[train_ppo-6] |    clip_fraction        | 0.543     |
[train_ppo-6] |    clip_range           | 0.2       |
[train_ppo-6] |    clip_range_vf        | 0.2       |
[train_ppo-6] |    entropy_loss         | 2.86      |
[train_ppo-6] |    explained_variance   | 0.664     |
[train_ppo-6] |    learning_rate        | 0.000259  |
[train_ppo-6] |    loss                 | 0.142     |
[train_ppo-6] |    n_updates            | 3057      |
[train_ppo-6] |    policy_gradient_loss | 0.0684    |
[train_ppo-6] |    std                  | 0.0588    |
[train_ppo-6] |    value_loss           | 0.0144    |
[train_ppo-6] ---------------------------------------
[train_ppo-6] Early stopping at step 1 due to reaching max kl: 0.77
[train_ppo-6] PPO progress: 428000/2500000 (17%) | ep_rew_mean=461.57 | ep_len_mean=427 | episodes=100 | fps=8
[train_ppo-6] --------------------------------------
[train_ppo-6] | rollout/                |          |
[train_ppo-6] |    ep_len_mean          | 427      |
[train_ppo-6] |    ep_rew_mean          | 462      |
[train_ppo-6] | time/                   |          |
[train_ppo-6] |    fps                  | 8        |
[train_ppo-6] |    iterations           | 418      |
[train_ppo-6] |    time_elapsed         | 49650    |
[train_ppo-6] |    total_timesteps      | 428032   |
[train_ppo-6] | train/                  |          |
[train_ppo-6] |    approx_kl            | 0.575616 |
[train_ppo-6] |    clip_fraction        | 0.536    |
[train_ppo-6] |    clip_range           | 0.2      |
[train_ppo-6] |    clip_range_vf        | 0.2      |
[train_ppo-6] |    entropy_loss         | 2.86     |
[train_ppo-6] |    explained_variance   | 0.426    |
[train_ppo-6] |    learning_rate        | 0.000259 |
[train_ppo-6] |    loss                 | 0.119    |
[train_ppo-6] |    n_updates            | 3059     |
[train_ppo-6] |    policy_gradient_loss | 0.0363   |
[train_ppo-6] |    std                  | 0.0589   |
[train_ppo-6] |    value_loss           | 0.13     |
[train_ppo-6] --------------------------------------
[gazebo-2] NodeShared::RecvSrvRequest() error sending response: Host unreachable
[train_ppo-6] [WARN] [1787268912.171263393] [cobraflex_rl_interface]: Gazebo service call failed for /world/lane_following_complex_b/set_pose: Service call timed out
[gazebo-2] NodeShared::RecvSrvRequest() error sending response: Host unreachable
[train_ppo-6] [WARN] [1787268921.489740106] [cobraflex_rl_interface]: Gazebo service call failed for /world/lane_following_complex_b/set_pose: Service call timed out
[gazebo-2] NodeShared::RecvSrvRequest() error sending response: Host unreachable
[train_ppo-6] [WARN] [1787268931.267275508] [cobraflex_rl_interface]: Gazebo service call failed for /world/lane_following_complex_b/set_pose: Service call timed out
[train_ppo-6] PPO progress: 429000/2500000 (17%) | ep_rew_mean=473.66 | ep_len_mean=437 | episodes=100 | fps=8
[train_ppo-6] ---------------------------------------
[train_ppo-6] | rollout/                |           |
[train_ppo-6] |    ep_len_mean          | 437       |
[train_ppo-6] |    ep_rew_mean          | 474       |
[train_ppo-6] | time/                   |           |
[train_ppo-6] |    fps                  | 8         |
[train_ppo-6] |    iterations           | 419       |
[train_ppo-6] |    time_elapsed         | 49789     |
[train_ppo-6] |    total_timesteps      | 429056    |
[train_ppo-6] | train/                  |           |
[train_ppo-6] |    approx_kl            | 0.2894451 |
[train_ppo-6] |    clip_fraction        | 0.523     |
[train_ppo-6] |    clip_range           | 0.2       |
[train_ppo-6] |    clip_range_vf        | 0.2       |
[train_ppo-6] |    entropy_loss         | 2.86      |
[train_ppo-6] |    explained_variance   | 0.723     |
[train_ppo-6] |    learning_rate        | 0.000259  |
[train_ppo-6] |    loss                 | 0.0474    |
[train_ppo-6] |    n_updates            | 3069      |
[train_ppo-6] |    policy_gradient_loss | -0.0536   |
[train_ppo-6] |    std                  | 0.0578    |
[train_ppo-6] |    value_loss           | 0.081     |
[train_ppo-6] ---------------------------------------
[gazebo-2] NodeShared::RecvSrvRequest() error sending response: Host unreachable
[train_ppo-6] [WARN] [1787269029.953426718] [cobraflex_rl_interface]: Gazebo service call failed for /world/lane_following_complex_b/set_pose: Service call timed out
[train_ppo-6] Early stopping at step 6 due to reaching max kl: 0.91
[train_ppo-6] PPO progress: 430000/2500000 (17%) | ep_rew_mean=452.21 | ep_len_mean=419 | episodes=100 | fps=8
[train_ppo-6] ----------------------------------------
[train_ppo-6] | rollout/                |            |
[train_ppo-6] |    ep_len_mean          | 419        |
[train_ppo-6] |    ep_rew_mean          | 452        |
[train_ppo-6] | time/                   |            |
[train_ppo-6] |    fps                  | 8          |
[train_ppo-6] |    iterations           | 420        |
[train_ppo-6] |    time_elapsed         | 49920      |
[train_ppo-6] |    total_timesteps      | 430080     |
[train_ppo-6] | train/                  |            |
[train_ppo-6] |    approx_kl            | 0.28144673 |
[train_ppo-6] |    clip_fraction        | 0.511      |
[train_ppo-6] |    clip_range           | 0.2        |
[train_ppo-6] |    clip_range_vf        | 0.2        |
[train_ppo-6] |    entropy_loss         | 2.9        |
[train_ppo-6] |    explained_variance   | 0.515      |
[train_ppo-6] |    learning_rate        | 0.000259   |
[train_ppo-6] |    loss                 | 0.188      |
[train_ppo-6] |    n_updates            | 3076       |
[train_ppo-6] |    policy_gradient_loss | -0.0446    |
[train_ppo-6] |    std                  | 0.0574     |
[train_ppo-6] |    value_loss           | 0.232      |
[train_ppo-6] ----------------------------------------
[train_ppo-6] Early stopping at step 1 due to reaching max kl: 0.97
[train_ppo-6] PPO progress: 431000/2500000 (17%) | ep_rew_mean=452.21 | ep_len_mean=419 | episodes=100 | fps=8
[train_ppo-6] ----------------------------------------
[train_ppo-6] | rollout/                |            |
[train_ppo-6] |    ep_len_mean          | 419        |
[train_ppo-6] |    ep_rew_mean          | 452        |
[train_ppo-6] | time/                   |            |
[train_ppo-6] |    fps                  | 8          |
[train_ppo-6] |    iterations           | 421        |
[train_ppo-6] |    time_elapsed         | 50039      |
[train_ppo-6] |    total_timesteps      | 431104     |
[train_ppo-6] | train/                  |            |
[train_ppo-6] |    approx_kl            | 0.59687364 |
[train_ppo-6] |    clip_fraction        | 0.583      |
[train_ppo-6] |    clip_range           | 0.2        |
[train_ppo-6] |    clip_range_vf        | 0.2        |
[train_ppo-6] |    entropy_loss         | 2.91       |
[train_ppo-6] |    explained_variance   | 0.39       |
[train_ppo-6] |    learning_rate        | 0.000259   |
[train_ppo-6] |    loss                 | 0.503      |
[train_ppo-6] |    n_updates            | 3078       |
[train_ppo-6] |    policy_gradient_loss | 0.0598     |
[train_ppo-6] |    std                  | 0.0574     |
[train_ppo-6] |    value_loss           | 0.225      |
[train_ppo-6] ----------------------------------------
[train_ppo-6] Early stopping at step 1 due to reaching max kl: 1.18
[train_ppo-6] PPO progress: 432000/2500000 (17%) | ep_rew_mean=475.52 | ep_len_mean=439 | episodes=100 | fps=8
[train_ppo-6] ----------------------------------------
[train_ppo-6] | rollout/                |            |
[train_ppo-6] |    ep_len_mean          | 426        |
[train_ppo-6] |    ep_rew_mean          | 460        |
[train_ppo-6] | time/                   |            |
[train_ppo-6] |    fps                  | 8          |
[train_ppo-6] |    iterations           | 422        |
[train_ppo-6] |    time_elapsed         | 50158      |
[train_ppo-6] |    total_timesteps      | 432128     |
[train_ppo-6] | train/                  |            |
[train_ppo-6] |    approx_kl            | 0.44041717 |
[train_ppo-6] |    clip_fraction        | 0.546      |
[train_ppo-6] |    clip_range           | 0.2        |
[train_ppo-6] |    clip_range_vf        | 0.2        |
[train_ppo-6] |    entropy_loss         | 2.9        |
[train_ppo-6] |    explained_variance   | 0.557      |
[train_ppo-6] |    learning_rate        | 0.000259   |
[train_ppo-6] |    loss                 | 0.103      |
[train_ppo-6] |    n_updates            | 3080       |
[train_ppo-6] |    policy_gradient_loss | 0.0372     |
[train_ppo-6] |    std                  | 0.0576     |
[train_ppo-6] |    value_loss           | 0.0143     |
[train_ppo-6] ----------------------------------------
[train_ppo-6] Early stopping at step 2 due to reaching max kl: 0.82
[train_ppo-6] PPO progress: 433000/2500000 (17%) | ep_rew_mean=469.80 | ep_len_mean=434 | episodes=100 | fps=8
[train_ppo-6] ----------------------------------------
[train_ppo-6] | rollout/                |            |
[train_ppo-6] |    ep_len_mean          | 434        |
[train_ppo-6] |    ep_rew_mean          | 470        |
[train_ppo-6] | time/                   |            |
[train_ppo-6] |    fps                  | 8          |
[train_ppo-6] |    iterations           | 423        |
[train_ppo-6] |    time_elapsed         | 50277      |
[train_ppo-6] |    total_timesteps      | 433152     |
[train_ppo-6] | train/                  |            |
[train_ppo-6] |    approx_kl            | 0.50765955 |
[train_ppo-6] |    clip_fraction        | 0.523      |
[train_ppo-6] |    clip_range           | 0.2        |
[train_ppo-6] |    clip_range_vf        | 0.2        |
[train_ppo-6] |    entropy_loss         | 2.9        |
[train_ppo-6] |    explained_variance   | 0.635      |
[train_ppo-6] |    learning_rate        | 0.000259   |
[train_ppo-6] |    loss                 | 0.105      |
[train_ppo-6] |    n_updates            | 3083       |
[train_ppo-6] |    policy_gradient_loss | 0.0041     |
[train_ppo-6] |    std                  | 0.0578     |
[train_ppo-6] |    value_loss           | 0.121      |
[train_ppo-6] ----------------------------------------
[train_ppo-6] Early stopping at step 3 due to reaching max kl: 2.50
[train_ppo-6] PPO progress: 434000/2500000 (17%) | ep_rew_mean=469.80 | ep_len_mean=434 | episodes=100 | fps=8
[train_ppo-6] --------------------------------------
[train_ppo-6] | rollout/                |          |
[train_ppo-6] |    ep_len_mean          | 434      |
[train_ppo-6] |    ep_rew_mean          | 470      |
[train_ppo-6] | time/                   |          |
[train_ppo-6] |    fps                  | 8        |
[train_ppo-6] |    iterations           | 424      |
[train_ppo-6] |    time_elapsed         | 50395    |
[train_ppo-6] |    total_timesteps      | 434176   |
[train_ppo-6] | train/                  |          |
[train_ppo-6] |    approx_kl            | 0.997696 |
[train_ppo-6] |    clip_fraction        | 0.519    |
[train_ppo-6] |    clip_range           | 0.2      |
[train_ppo-6] |    clip_range_vf        | 0.2      |
[train_ppo-6] |    entropy_loss         | 2.89     |
[train_ppo-6] |    explained_variance   | 0.418    |
[train_ppo-6] |    learning_rate        | 0.000258 |
[train_ppo-6] |    loss                 | 0.0752   |
[train_ppo-6] |    n_updates            | 3087     |
[train_ppo-6] |    policy_gradient_loss | -0.00883 |
[train_ppo-6] |    std                  | 0.058    |
[train_ppo-6] |    value_loss           | 0.097    |
[train_ppo-6] --------------------------------------
[train_ppo-6] Early stopping at step 1 due to reaching max kl: 0.77
[train_ppo-6] PPO progress: 435000/2500000 (17%) | ep_rew_mean=469.80 | ep_len_mean=434 | episodes=100 | fps=8
[train_ppo-6] ----------------------------------------
[train_ppo-6] | rollout/                |            |
[train_ppo-6] |    ep_len_mean          | 454        |
[train_ppo-6] |    ep_rew_mean          | 493        |
[train_ppo-6] | time/                   |            |
[train_ppo-6] |    fps                  | 8          |
[train_ppo-6] |    iterations           | 425        |
[train_ppo-6] |    time_elapsed         | 50513      |
[train_ppo-6] |    total_timesteps      | 435200     |
[train_ppo-6] | train/                  |            |
[train_ppo-6] |    approx_kl            | 0.46116346 |
[train_ppo-6] |    clip_fraction        | 0.424      |
[train_ppo-6] |    clip_range           | 0.2        |
[train_ppo-6] |    clip_range_vf        | 0.2        |
[train_ppo-6] |    entropy_loss         | 2.89       |
[train_ppo-6] |    explained_variance   | 0.799      |
[train_ppo-6] |    learning_rate        | 0.000258   |
[train_ppo-6] |    loss                 | -0.00719   |
[train_ppo-6] |    n_updates            | 3089       |
[train_ppo-6] |    policy_gradient_loss | 0.03       |
[train_ppo-6] |    std                  | 0.0581     |
[train_ppo-6] |    value_loss           | 0.0123     |
[train_ppo-6] ----------------------------------------
[train_ppo-6] Early stopping at step 1 due to reaching max kl: 1.09
[train_ppo-6] PPO progress: 436000/2500000 (17%) | ep_rew_mean=497.59 | ep_len_mean=458 | episodes=100 | fps=8
[gazebo-2] NodeShared::RecvSrvRequest() error sending response: Host unreachable
[train_ppo-6] [WARN] [1787269803.460021754] [cobraflex_rl_interface]: Gazebo service call failed for /world/lane_following_complex_b/set_pose: Service call timed out
[train_ppo-6] ----------------------------------------
[train_ppo-6] | rollout/                |            |
[train_ppo-6] |    ep_len_mean          | 461        |
[train_ppo-6] |    ep_rew_mean          | 501        |
[train_ppo-6] | time/                   |            |
[train_ppo-6] |    fps                  | 8          |
[train_ppo-6] |    iterations           | 426        |
[train_ppo-6] |    time_elapsed         | 50636      |
[train_ppo-6] |    total_timesteps      | 436224     |
[train_ppo-6] | train/                  |            |
[train_ppo-6] |    approx_kl            | 0.34770584 |
[train_ppo-6] |    clip_fraction        | 0.464      |
[train_ppo-6] |    clip_range           | 0.2        |
[train_ppo-6] |    clip_range_vf        | 0.2        |
[train_ppo-6] |    entropy_loss         | 2.88       |
[train_ppo-6] |    explained_variance   | 0.893      |
[train_ppo-6] |    learning_rate        | 0.000258   |
[train_ppo-6] |    loss                 | 0.0124     |
[train_ppo-6] |    n_updates            | 3091       |
[train_ppo-6] |    policy_gradient_loss | 0.0369     |
[train_ppo-6] |    std                  | 0.0582     |
[train_ppo-6] |    value_loss           | 0.0117     |
[train_ppo-6] ----------------------------------------
[train_ppo-6] PPO progress: 437000/2500000 (17%) | ep_rew_mean=501.07 | ep_len_mean=461 | episodes=100 | fps=8
[train_ppo-6] --------------------------------------
[train_ppo-6] | rollout/                |          |
[train_ppo-6] |    ep_len_mean          | 461      |
[train_ppo-6] |    ep_rew_mean          | 501      |
[train_ppo-6] | time/                   |          |
[train_ppo-6] |    fps                  | 8        |
[train_ppo-6] |    iterations           | 427      |
[train_ppo-6] |    time_elapsed         | 50755    |
[train_ppo-6] |    total_timesteps      | 437248   |
[train_ppo-6] | train/                  |          |
[train_ppo-6] |    approx_kl            | 0.312721 |
[train_ppo-6] |    clip_fraction        | 0.551    |
[train_ppo-6] |    clip_range           | 0.2      |
[train_ppo-6] |    clip_range_vf        | 0.2      |
[train_ppo-6] |    entropy_loss         | 2.88     |
[train_ppo-6] |    explained_variance   | 0.541    |
[train_ppo-6] |    learning_rate        | 0.000258 |
[train_ppo-6] |    loss                 | 0.0074   |
[train_ppo-6] |    n_updates            | 3101     |
[train_ppo-6] |    policy_gradient_loss | -0.045   |
[train_ppo-6] |    std                  | 0.0575   |
[train_ppo-6] |    value_loss           | 0.117    |
[train_ppo-6] --------------------------------------
[train_ppo-6] PPO progress: 438000/2500000 (18%) | ep_rew_mean=496.55 | ep_len_mean=457 | episodes=100 | fps=8
[train_ppo-6] ---------------------------------------
[train_ppo-6] | rollout/                |           |
[train_ppo-6] |    ep_len_mean          | 457       |
[train_ppo-6] |    ep_rew_mean          | 497       |
[train_ppo-6] | time/                   |           |
[train_ppo-6] |    fps                  | 8         |
[train_ppo-6] |    iterations           | 428       |
[train_ppo-6] |    time_elapsed         | 50874     |
[train_ppo-6] |    total_timesteps      | 438272    |
[train_ppo-6] | train/                  |           |
[train_ppo-6] |    approx_kl            | 0.1952267 |
[train_ppo-6] |    clip_fraction        | 0.559     |
[train_ppo-6] |    clip_range           | 0.2       |
[train_ppo-6] |    clip_range_vf        | 0.2       |
[train_ppo-6] |    entropy_loss         | 2.91      |
[train_ppo-6] |    explained_variance   | 0.846     |
[train_ppo-6] |    learning_rate        | 0.000258  |
[train_ppo-6] |    loss                 | -0.0497   |
[train_ppo-6] |    n_updates            | 3111      |
[train_ppo-6] |    policy_gradient_loss | -0.0591   |
[train_ppo-6] |    std                  | 0.057     |
[train_ppo-6] |    value_loss           | 0.0049    |
[train_ppo-6] ---------------------------------------
[train_ppo-6] Early stopping at step 2 due to reaching max kl: 0.88
[train_ppo-6] PPO progress: 439000/2500000 (18%) | ep_rew_mean=496.55 | ep_len_mean=457 | episodes=100 | fps=8
[train_ppo-6] ----------------------------------------
[train_ppo-6] | rollout/                |            |
[train_ppo-6] |    ep_len_mean          | 457        |
[train_ppo-6] |    ep_rew_mean          | 497        |
[train_ppo-6] | time/                   |            |
[train_ppo-6] |    fps                  | 8          |
[train_ppo-6] |    iterations           | 429        |
[train_ppo-6] |    time_elapsed         | 50992      |
[train_ppo-6] |    total_timesteps      | 439296     |
[train_ppo-6] | train/                  |            |
[train_ppo-6] |    approx_kl            | 0.49881026 |
[train_ppo-6] |    clip_fraction        | 0.524      |
[train_ppo-6] |    clip_range           | 0.2        |
[train_ppo-6] |    clip_range_vf        | 0.2        |
[train_ppo-6] |    entropy_loss         | 2.92       |
[train_ppo-6] |    explained_variance   | 0.663      |
[train_ppo-6] |    learning_rate        | 0.000258   |
[train_ppo-6] |    loss                 | 0.125      |
[train_ppo-6] |    n_updates            | 3114       |
[train_ppo-6] |    policy_gradient_loss | 0.0156     |
[train_ppo-6] |    std                  | 0.057      |
[train_ppo-6] |    value_loss           | 0.115      |
[train_ppo-6] ----------------------------------------
[gazebo-2] NodeShared::RecvSrvRequest() error sending response: Host unreachable
[train_ppo-6] [WARN] [1787270241.036319113] [cobraflex_rl_interface]: Gazebo service call failed for /world/lane_following_complex_b/set_pose: Service call timed out
[gazebo-2] NodeShared::RecvSrvRequest() error sending response: Host unreachable
[train_ppo-6] [WARN] [1787270245.086252107] [cobraflex_rl_interface]: Gazebo service call failed for /world/lane_following_complex_b/set_pose: Service call timed out
[train_ppo-6] Early stopping at step 1 due to reaching max kl: 1.25
[train_ppo-6] PPO progress: 440000/2500000 (18%) | ep_rew_mean=519.51 | ep_len_mean=478 | episodes=100 | fps=8
[train_ppo-6] /home/admit/Samuel/thesis_repo/build/cobraflex_rl/cobraflex_rl/cv_lane_estimator.py:370: RankWarning: Polyfit may be poorly conditioned
[train_ppo-6]   c2, c1, c0 = np.polyfit(xs, ys, 2)
[gazebo-2] NodeShared::RecvSrvRequest() error sending response: Host unreachable
[train_ppo-6] [WARN] [1787270292.739594802] [cobraflex_rl_interface]: Gazebo service call failed for /world/lane_following_complex_b/set_pose: Service call timed out
[train_ppo-6] ---------------------------------------
[train_ppo-6] | rollout/                |           |
[train_ppo-6] |    ep_len_mean          | 479       |
[train_ppo-6] |    ep_rew_mean          | 521       |
[train_ppo-6] | time/                   |           |
[train_ppo-6] |    fps                  | 8         |
[train_ppo-6] |    iterations           | 430       |
[train_ppo-6] |    time_elapsed         | 51124     |
[train_ppo-6] |    total_timesteps      | 440320    |
[train_ppo-6] | train/                  |           |
[train_ppo-6] |    approx_kl            | 1.2535558 |
[train_ppo-6] |    clip_fraction        | 0.529     |
[train_ppo-6] |    clip_range           | 0.2       |
[train_ppo-6] |    clip_range_vf        | 0.2       |
[train_ppo-6] |    entropy_loss         | 2.92      |
[train_ppo-6] |    explained_variance   | 0.775     |
[train_ppo-6] |    learning_rate        | 0.000258  |
[train_ppo-6] |    loss                 | 0.227     |
[train_ppo-6] |    n_updates            | 3116      |
[train_ppo-6] |    policy_gradient_loss | 0.0992    |
[train_ppo-6] |    std                  | 0.057     |
[train_ppo-6] |    value_loss           | 0.0138    |
[train_ppo-6] ---------------------------------------
[gazebo-2] NodeShared::RecvSrvRequest() error sending response: Host unreachable
[train_ppo-6] [WARN] [1787270388.136335734] [cobraflex_rl_interface]: Gazebo service call failed for /world/lane_following_complex_b/set_pose: Service call timed out
[train_ppo-6] Early stopping at step 1 due to reaching max kl: 0.95
[train_ppo-6] PPO progress: 441000/2500000 (18%) | ep_rew_mean=506.81 | ep_len_mean=466 | episodes=100 | fps=8
[train_ppo-6] ----------------------------------------
[train_ppo-6] | rollout/                |            |
[train_ppo-6] |    ep_len_mean          | 467        |
[train_ppo-6] |    ep_rew_mean          | 508        |
[train_ppo-6] | time/                   |            |
[train_ppo-6] |    fps                  | 8          |
[train_ppo-6] |    iterations           | 431        |
[train_ppo-6] |    time_elapsed         | 51252      |
[train_ppo-6] |    total_timesteps      | 441344     |
[train_ppo-6] | train/                  |            |
[train_ppo-6] |    approx_kl            | 0.28364787 |
[train_ppo-6] |    clip_fraction        | 0.481      |
[train_ppo-6] |    clip_range           | 0.2        |
[train_ppo-6] |    clip_range_vf        | 0.2        |
[train_ppo-6] |    entropy_loss         | 2.92       |
[train_ppo-6] |    explained_variance   | 0.832      |
[train_ppo-6] |    learning_rate        | 0.000258   |
[train_ppo-6] |    loss                 | 0.121      |
[train_ppo-6] |    n_updates            | 3118       |
[train_ppo-6] |    policy_gradient_loss | 0.0622     |
[train_ppo-6] |    std                  | 0.0572     |
[train_ppo-6] |    value_loss           | 0.108      |
[train_ppo-6] ----------------------------------------
[train_ppo-6] Early stopping at step 2 due to reaching max kl: 0.97
[train_ppo-6] PPO progress: 442000/2500000 (18%) | ep_rew_mean=507.64 | ep_len_mean=467 | episodes=100 | fps=8
[train_ppo-6] ---------------------------------------
[train_ppo-6] | rollout/                |           |
[train_ppo-6] |    ep_len_mean          | 467       |
[train_ppo-6] |    ep_rew_mean          | 508       |
[train_ppo-6] | time/                   |           |
[train_ppo-6] |    fps                  | 8         |
[train_ppo-6] |    iterations           | 432       |
[train_ppo-6] |    time_elapsed         | 51370     |
[train_ppo-6] |    total_timesteps      | 442368    |
[train_ppo-6] | train/                  |           |
[train_ppo-6] |    approx_kl            | 0.3724505 |
[train_ppo-6] |    clip_fraction        | 0.454     |
[train_ppo-6] |    clip_range           | 0.2       |
[train_ppo-6] |    clip_range_vf        | 0.2       |
[train_ppo-6] |    entropy_loss         | 2.91      |
[train_ppo-6] |    explained_variance   | 0.193     |
[train_ppo-6] |    learning_rate        | 0.000258  |
[train_ppo-6] |    loss                 | 0.309     |
[train_ppo-6] |    n_updates            | 3121      |
[train_ppo-6] |    policy_gradient_loss | 0.0237    |
[train_ppo-6] |    std                  | 0.0575    |
[train_ppo-6] |    value_loss           | 0.227     |
[train_ppo-6] ---------------------------------------
[train_ppo-6] PPO progress: 443000/2500000 (18%) | ep_rew_mean=507.64 | ep_len_mean=467 | episodes=100 | fps=8
[train_ppo-6] ----------------------------------------
[train_ppo-6] | rollout/                |            |
[train_ppo-6] |    ep_len_mean          | 490        |
[train_ppo-6] |    ep_rew_mean          | 533        |
[train_ppo-6] | time/                   |            |
[train_ppo-6] |    fps                  | 8          |
[train_ppo-6] |    iterations           | 433        |
[train_ppo-6] |    time_elapsed         | 51489      |
[train_ppo-6] |    total_timesteps      | 443392     |
[train_ppo-6] | train/                  |            |
[train_ppo-6] |    approx_kl            | 0.32217237 |
[train_ppo-6] |    clip_fraction        | 0.635      |
[train_ppo-6] |    clip_range           | 0.2        |
[train_ppo-6] |    clip_range_vf        | 0.2        |
[train_ppo-6] |    entropy_loss         | 2.89       |
[train_ppo-6] |    explained_variance   | 0.7        |
[train_ppo-6] |    learning_rate        | 0.000258   |
[train_ppo-6] |    loss                 | -0.0132    |
[train_ppo-6] |    n_updates            | 3131       |
[train_ppo-6] |    policy_gradient_loss | -0.0479    |
[train_ppo-6] |    std                  | 0.0577     |
[train_ppo-6] |    value_loss           | 0.0179     |
[train_ppo-6] ----------------------------------------
[gazebo-2] NodeShared::RecvSrvRequest() error sending response: Host unreachable
[train_ppo-6] [WARN] [1787270730.817822153] [cobraflex_rl_interface]: Gazebo service call failed for /world/lane_following_complex_b/set_pose: Service call timed out
[gazebo-2] NodeShared::RecvSrvRequest() error sending response: Host unreachable
[train_ppo-6] [WARN] [1787270750.154821663] [cobraflex_rl_interface]: Gazebo service call failed for /world/lane_following_complex_b/set_pose: Service call timed out
[train_ppo-6] PPO progress: 444000/2500000 (18%) | ep_rew_mean=531.56 | ep_len_mean=488 | episodes=100 | fps=8
[train_ppo-6] ----------------------------------------
[train_ppo-6] | rollout/                |            |
[train_ppo-6] |    ep_len_mean          | 488        |
[train_ppo-6] |    ep_rew_mean          | 532        |
[train_ppo-6] | time/                   |            |
[train_ppo-6] |    fps                  | 8          |
[train_ppo-6] |    iterations           | 434        |
[train_ppo-6] |    time_elapsed         | 51627      |
[train_ppo-6] |    total_timesteps      | 444416     |
[train_ppo-6] | train/                  |            |
[train_ppo-6] |    approx_kl            | 0.28404862 |
[train_ppo-6] |    clip_fraction        | 0.566      |
[train_ppo-6] |    clip_range           | 0.2        |
[train_ppo-6] |    clip_range_vf        | 0.2        |
[train_ppo-6] |    entropy_loss         | 2.9        |
[train_ppo-6] |    explained_variance   | 0.653      |
[train_ppo-6] |    learning_rate        | 0.000257   |
[train_ppo-6] |    loss                 | 0.0351     |
[train_ppo-6] |    n_updates            | 3141       |
[train_ppo-6] |    policy_gradient_loss | -0.0469    |
[train_ppo-6] |    std                  | 0.0574     |
[train_ppo-6] |    value_loss           | 0.05       |
[train_ppo-6] ----------------------------------------
[train_ppo-6] Early stopping at step 0 due to reaching max kl: 0.78
[train_ppo-6] PPO progress: 445000/2500000 (18%) | ep_rew_mean=531.56 | ep_len_mean=488 | episodes=100 | fps=8
[train_ppo-6] ----------------------------------------
[train_ppo-6] | rollout/                |            |
[train_ppo-6] |    ep_len_mean          | 488        |
[train_ppo-6] |    ep_rew_mean          | 532        |
[train_ppo-6] | time/                   |            |
[train_ppo-6] |    fps                  | 8          |
[train_ppo-6] |    iterations           | 435        |
[train_ppo-6] |    time_elapsed         | 51745      |
[train_ppo-6] |    total_timesteps      | 445440     |
[train_ppo-6] | train/                  |            |
[train_ppo-6] |    approx_kl            | 0.13102657 |
[train_ppo-6] |    clip_fraction        | 0.314      |
[train_ppo-6] |    clip_range           | 0.2        |
[train_ppo-6] |    clip_range_vf        | 0.2        |
[train_ppo-6] |    entropy_loss         | 2.91       |
[train_ppo-6] |    explained_variance   | 0.704      |
[train_ppo-6] |    learning_rate        | 0.000257   |
[train_ppo-6] |    loss                 | 0.257      |
[train_ppo-6] |    n_updates            | 3142       |
[train_ppo-6] |    policy_gradient_loss | 0.0246     |
[train_ppo-6] |    std                  | 0.0574     |
[train_ppo-6] |    value_loss           | 0.194      |
[train_ppo-6] ----------------------------------------
[gazebo-2] NodeShared::RecvSrvRequest() error sending response: Host unreachable
[train_ppo-6] [WARN] [1787270993.578498038] [cobraflex_rl_interface]: Gazebo service call failed for /world/lane_following_complex_b/set_pose: Service call timed out
[train_ppo-6] Early stopping at step 6 due to reaching max kl: 0.80
[train_ppo-6] PPO progress: 446000/2500000 (18%) | ep_rew_mean=550.02 | ep_len_mean=504 | episodes=100 | fps=8
[train_ppo-6] ----------------------------------------
[train_ppo-6] | rollout/                |            |
[train_ppo-6] |    ep_len_mean          | 504        |
[train_ppo-6] |    ep_rew_mean          | 550        |
[train_ppo-6] | time/                   |            |
[train_ppo-6] |    fps                  | 8          |
[train_ppo-6] |    iterations           | 436        |
[train_ppo-6] |    time_elapsed         | 51871      |
[train_ppo-6] |    total_timesteps      | 446464     |
[train_ppo-6] | train/                  |            |
[train_ppo-6] |    approx_kl            | 0.41963938 |
[train_ppo-6] |    clip_fraction        | 0.573      |
[train_ppo-6] |    clip_range           | 0.2        |
[train_ppo-6] |    clip_range_vf        | 0.2        |
[train_ppo-6] |    entropy_loss         | 2.91       |
[train_ppo-6] |    explained_variance   | 0.773      |
[train_ppo-6] |    learning_rate        | 0.000257   |
[train_ppo-6] |    loss                 | -0.0593    |
[train_ppo-6] |    n_updates            | 3149       |
[train_ppo-6] |    policy_gradient_loss | -0.0413    |
[train_ppo-6] |    std                  | 0.0571     |
[train_ppo-6] |    value_loss           | 0.00524    |
[train_ppo-6] ----------------------------------------
[train_ppo-6] Early stopping at step 2 due to reaching max kl: 0.76
[train_ppo-6] PPO progress: 447000/2500000 (18%) | ep_rew_mean=558.28 | ep_len_mean=512 | episodes=100 | fps=8
[train_ppo-6] --------------------------------------
[train_ppo-6] | rollout/                |          |
[train_ppo-6] |    ep_len_mean          | 516      |
[train_ppo-6] |    ep_rew_mean          | 563      |
[train_ppo-6] | time/                   |          |
[train_ppo-6] |    fps                  | 8        |
[train_ppo-6] |    iterations           | 437      |
[train_ppo-6] |    time_elapsed         | 51990    |
[train_ppo-6] |    total_timesteps      | 447488   |
[train_ppo-6] | train/                  |          |
[train_ppo-6] |    approx_kl            | 0.41137  |
[train_ppo-6] |    clip_fraction        | 0.507    |
[train_ppo-6] |    clip_range           | 0.2      |
[train_ppo-6] |    clip_range_vf        | 0.2      |
[train_ppo-6] |    entropy_loss         | 2.92     |
[train_ppo-6] |    explained_variance   | 0.759    |
[train_ppo-6] |    learning_rate        | 0.000257 |
[train_ppo-6] |    loss                 | 0.0143   |
[train_ppo-6] |    n_updates            | 3152     |
[train_ppo-6] |    policy_gradient_loss | -0.00776 |
[train_ppo-6] |    std                  | 0.057    |
[train_ppo-6] |    value_loss           | 0.0181   |
[train_ppo-6] --------------------------------------
[train_ppo-6] Early stopping at step 4 due to reaching max kl: 0.97
[train_ppo-6] PPO progress: 448000/2500000 (18%) | ep_rew_mean=563.18 | ep_len_mean=516 | episodes=100 | fps=8
[train_ppo-6] ---------------------------------------
[train_ppo-6] | rollout/                |           |
[train_ppo-6] |    ep_len_mean          | 516       |
[train_ppo-6] |    ep_rew_mean          | 563       |
[train_ppo-6] | time/                   |           |
[train_ppo-6] |    fps                  | 8         |
[train_ppo-6] |    iterations           | 438       |
[train_ppo-6] |    time_elapsed         | 52108     |
[train_ppo-6] |    total_timesteps      | 448512    |
[train_ppo-6] | train/                  |           |
[train_ppo-6] |    approx_kl            | 0.5971748 |
[train_ppo-6] |    clip_fraction        | 0.527     |
[train_ppo-6] |    clip_range           | 0.2       |
[train_ppo-6] |    clip_range_vf        | 0.2       |
[train_ppo-6] |    entropy_loss         | 2.92      |
[train_ppo-6] |    explained_variance   | 0.734     |
[train_ppo-6] |    learning_rate        | 0.000257  |
[train_ppo-6] |    loss                 | 0.0399    |
[train_ppo-6] |    n_updates            | 3157      |
[train_ppo-6] |    policy_gradient_loss | -0.0193   |
[train_ppo-6] |    std                  | 0.057     |
[train_ppo-6] |    value_loss           | 0.0913    |
[train_ppo-6] ---------------------------------------
[gazebo-2] NodeShared::RecvSrvRequest() error sending response: Host unreachable
[train_ppo-6] [WARN] [1787271333.083028402] [cobraflex_rl_interface]: Gazebo service call failed for /world/lane_following_complex_b/set_pose: Service call timed out
[train_ppo-6] Early stopping at step 3 due to reaching max kl: 0.79
[train_ppo-6] PPO progress: 449000/2500000 (18%) | ep_rew_mean=555.75 | ep_len_mean=510 | episodes=100 | fps=8
[train_ppo-6] ----------------------------------------
[train_ppo-6] | rollout/                |            |
[train_ppo-6] |    ep_len_mean          | 510        |
[train_ppo-6] |    ep_rew_mean          | 556        |
[train_ppo-6] | time/                   |            |
[train_ppo-6] |    fps                  | 8          |
[train_ppo-6] |    iterations           | 439        |
[train_ppo-6] |    time_elapsed         | 52231      |
[train_ppo-6] |    total_timesteps      | 449536     |
[train_ppo-6] | train/                  |            |
[train_ppo-6] |    approx_kl            | 0.41310456 |
[train_ppo-6] |    clip_fraction        | 0.559      |
[train_ppo-6] |    clip_range           | 0.2        |
[train_ppo-6] |    clip_range_vf        | 0.2        |
[train_ppo-6] |    entropy_loss         | 2.92       |
[train_ppo-6] |    explained_variance   | -0.449     |
[train_ppo-6] |    learning_rate        | 0.000257   |
[train_ppo-6] |    loss                 | 0.0144     |
[train_ppo-6] |    n_updates            | 3161       |
[train_ppo-6] |    policy_gradient_loss | 0.00405    |
[train_ppo-6] |    std                  | 0.0571     |
[train_ppo-6] |    value_loss           | 0.019      |
[train_ppo-6] ----------------------------------------
[train_ppo-6] PPO progress: 450000/2500000 (18%) | ep_rew_mean=555.75 | ep_len_mean=510 | episodes=100 | fps=8
[train_ppo-6] ---------------------------------------
[train_ppo-6] | rollout/                |           |
[train_ppo-6] |    ep_len_mean          | 510       |
[train_ppo-6] |    ep_rew_mean          | 556       |
[train_ppo-6] | time/                   |           |
[train_ppo-6] |    fps                  | 8         |
[train_ppo-6] |    iterations           | 440       |
[train_ppo-6] |    time_elapsed         | 52349     |
[train_ppo-6] |    total_timesteps      | 450560    |
[train_ppo-6] | train/                  |           |
[train_ppo-6] |    approx_kl            | 0.3349815 |
[train_ppo-6] |    clip_fraction        | 0.616     |
[train_ppo-6] |    clip_range           | 0.2       |
[train_ppo-6] |    clip_range_vf        | 0.2       |
[train_ppo-6] |    entropy_loss         | 2.91      |
[train_ppo-6] |    explained_variance   | 0.734     |
[train_ppo-6] |    learning_rate        | 0.000257  |
[train_ppo-6] |    loss                 | -0.00733  |
[train_ppo-6] |    n_updates            | 3171      |
[train_ppo-6] |    policy_gradient_loss | -0.0334   |
[train_ppo-6] |    std                  | 0.0569    |
[train_ppo-6] |    value_loss           | 0.094     |
[train_ppo-6] ---------------------------------------
[gazebo-2] NodeShared::RecvSrvRequest() error sending response: Host unreachable
[train_ppo-6] [WARN] [1787271588.881450962] [cobraflex_rl_interface]: Gazebo service call failed for /world/lane_following_complex_b/set_pose: Service call timed out
[train_ppo-6] PPO progress: 451000/2500000 (18%) | ep_rew_mean=531.05 | ep_len_mean=488 | episodes=100 | fps=8
[train_ppo-6] ----------------------------------------
[train_ppo-6] | rollout/                |            |
[train_ppo-6] |    ep_len_mean          | 488        |
[train_ppo-6] |    ep_rew_mean          | 531        |
[train_ppo-6] | time/                   |            |
[train_ppo-6] |    fps                  | 8          |
[train_ppo-6] |    iterations           | 441        |
[train_ppo-6] |    time_elapsed         | 52475      |
[train_ppo-6] |    total_timesteps      | 451584     |
[train_ppo-6] | train/                  |            |
[train_ppo-6] |    approx_kl            | 0.29430348 |
[train_ppo-6] |    clip_fraction        | 0.615      |
[train_ppo-6] |    clip_range           | 0.2        |
[train_ppo-6] |    clip_range_vf        | 0.2        |
[train_ppo-6] |    entropy_loss         | 2.93       |
[train_ppo-6] |    explained_variance   | 0.797      |
[train_ppo-6] |    learning_rate        | 0.000257   |
[train_ppo-6] |    loss                 | -0.0627    |
[train_ppo-6] |    n_updates            | 3181       |
[train_ppo-6] |    policy_gradient_loss | -0.0667    |
[train_ppo-6] |    std                  | 0.0563     |
[train_ppo-6] |    value_loss           | 0.0042     |
[train_ppo-6] ----------------------------------------
[train_ppo-6] PPO progress: 452000/2500000 (18%) | ep_rew_mean=531.05 | ep_len_mean=488 | episodes=100 | fps=8
[train_ppo-6] ----------------------------------------
[train_ppo-6] | rollout/                |            |
[train_ppo-6] |    ep_len_mean          | 488        |
[train_ppo-6] |    ep_rew_mean          | 531        |
[train_ppo-6] | time/                   |            |
[train_ppo-6] |    fps                  | 8          |
[train_ppo-6] |    iterations           | 442        |
[train_ppo-6] |    time_elapsed         | 52593      |
[train_ppo-6] |    total_timesteps      | 452608     |
[train_ppo-6] | train/                  |            |
[train_ppo-6] |    approx_kl            | 0.34171033 |
[train_ppo-6] |    clip_fraction        | 0.571      |
[train_ppo-6] |    clip_range           | 0.2        |
[train_ppo-6] |    clip_range_vf        | 0.2        |
[train_ppo-6] |    entropy_loss         | 2.95       |
[train_ppo-6] |    explained_variance   | 0.855      |
[train_ppo-6] |    learning_rate        | 0.000257   |
[train_ppo-6] |    loss                 | 0.07       |
[train_ppo-6] |    n_updates            | 3191       |
[train_ppo-6] |    policy_gradient_loss | -0.0417    |
[train_ppo-6] |    std                  | 0.056      |
[train_ppo-6] |    value_loss           | 0.0446     |
[train_ppo-6] ----------------------------------------
[train_ppo-6] PPO progress: 453000/2500000 (18%) | ep_rew_mean=531.05 | ep_len_mean=488 | episodes=100 | fps=8
[train_ppo-6] ----------------------------------------
[train_ppo-6] | rollout/                |            |
[train_ppo-6] |    ep_len_mean          | 470        |
[train_ppo-6] |    ep_rew_mean          | 512        |
[train_ppo-6] | time/                   |            |
[train_ppo-6] |    fps                  | 8          |
[train_ppo-6] |    iterations           | 443        |
[train_ppo-6] |    time_elapsed         | 52716      |
[train_ppo-6] |    total_timesteps      | 453632     |
[train_ppo-6] | train/                  |            |
[train_ppo-6] |    approx_kl            | 0.32945603 |
[train_ppo-6] |    clip_fraction        | 0.589      |
[train_ppo-6] |    clip_range           | 0.2        |
[train_ppo-6] |    clip_range_vf        | 0.2        |
[train_ppo-6] |    entropy_loss         | 2.95       |
[train_ppo-6] |    explained_variance   | 0.504      |
[train_ppo-6] |    learning_rate        | 0.000257   |
[train_ppo-6] |    loss                 | 0.000303   |
[train_ppo-6] |    n_updates            | 3201       |
[train_ppo-6] |    policy_gradient_loss | -0.0435    |
[train_ppo-6] |    std                  | 0.0561     |
[train_ppo-6] |    value_loss           | 0.0141     |
[train_ppo-6] ----------------------------------------
[train_ppo-6] Early stopping at step 2 due to reaching max kl: 1.11
[train_ppo-6] PPO progress: 454000/2500000 (18%) | ep_rew_mean=512.33 | ep_len_mean=470 | episodes=100 | fps=8
[train_ppo-6] ----------------------------------------
[train_ppo-6] | rollout/                |            |
[train_ppo-6] |    ep_len_mean          | 470        |
[train_ppo-6] |    ep_rew_mean          | 512        |
[train_ppo-6] | time/                   |            |
[train_ppo-6] |    fps                  | 8          |
[train_ppo-6] |    iterations           | 444        |
[train_ppo-6] |    time_elapsed         | 52834      |
[train_ppo-6] |    total_timesteps      | 454656     |
[train_ppo-6] | train/                  |            |
[train_ppo-6] |    approx_kl            | 0.43438277 |
[train_ppo-6] |    clip_fraction        | 0.507      |
[train_ppo-6] |    clip_range           | 0.2        |
[train_ppo-6] |    clip_range_vf        | 0.2        |
[train_ppo-6] |    entropy_loss         | 2.95       |
[train_ppo-6] |    explained_variance   | 0.668      |
[train_ppo-6] |    learning_rate        | 0.000256   |
[train_ppo-6] |    loss                 | 0.0599     |
[train_ppo-6] |    n_updates            | 3204       |
[train_ppo-6] |    policy_gradient_loss | -0.00104   |
[train_ppo-6] |    std                  | 0.0561     |
[train_ppo-6] |    value_loss           | 0.216      |
[train_ppo-6] ----------------------------------------
[train_ppo-6] Early stopping at step 6 due to reaching max kl: 0.98
[train_ppo-6] PPO progress: 455000/2500000 (18%) | ep_rew_mean=512.33 | ep_len_mean=470 | episodes=100 | fps=8
[train_ppo-6] ---------------------------------------
[train_ppo-6] | rollout/                |           |
[train_ppo-6] |    ep_len_mean          | 489       |
[train_ppo-6] |    ep_rew_mean          | 533       |
[train_ppo-6] | time/                   |           |
[train_ppo-6] |    fps                  | 8         |
[train_ppo-6] |    iterations           | 445       |
[train_ppo-6] |    time_elapsed         | 52958     |
[train_ppo-6] |    total_timesteps      | 455680    |
[train_ppo-6] | train/                  |           |
[train_ppo-6] |    approx_kl            | 0.4188345 |
[train_ppo-6] |    clip_fraction        | 0.578     |
[train_ppo-6] |    clip_range           | 0.2       |
[train_ppo-6] |    clip_range_vf        | 0.2       |
[train_ppo-6] |    entropy_loss         | 2.95      |
[train_ppo-6] |    explained_variance   | 0.803     |
[train_ppo-6] |    learning_rate        | 0.000256  |
[train_ppo-6] |    loss                 | -0.0568   |
[train_ppo-6] |    n_updates            | 3211      |
[train_ppo-6] |    policy_gradient_loss | -0.0484   |
[train_ppo-6] |    std                  | 0.0563    |
[train_ppo-6] |    value_loss           | 0.00385   |
[train_ppo-6] ---------------------------------------
[gazebo-2] NodeShared::RecvSrvRequest() error sending response: Host unreachable
[train_ppo-6] [WARN] [1787272173.789986045] [cobraflex_rl_interface]: Gazebo service call failed for /world/lane_following_complex_b/set_pose: Service call timed out
[gazebo-2] NodeShared::RecvSrvRequest() error sending response: Host unreachable
[train_ppo-6] [WARN] [1787272182.208329418] [cobraflex_rl_interface]: Gazebo service call failed for /world/lane_following_complex_b/set_pose: Service call timed out
[train_ppo-6] Early stopping at step 8 due to reaching max kl: 0.79
[train_ppo-6] PPO progress: 456000/2500000 (18%) | ep_rew_mean=529.45 | ep_len_mean=485 | episodes=100 | fps=8
[train_ppo-6] ---------------------------------------
[train_ppo-6] | rollout/                |           |
[train_ppo-6] |    ep_len_mean          | 487       |
[train_ppo-6] |    ep_rew_mean          | 532       |
[train_ppo-6] | time/                   |           |
[train_ppo-6] |    fps                  | 8         |
[train_ppo-6] |    iterations           | 446       |
[train_ppo-6] |    time_elapsed         | 53089     |
[train_ppo-6] |    total_timesteps      | 456704    |
[train_ppo-6] | train/                  |           |
[train_ppo-6] |    approx_kl            | 0.3977666 |
[train_ppo-6] |    clip_fraction        | 0.581     |
[train_ppo-6] |    clip_range           | 0.2       |
[train_ppo-6] |    clip_range_vf        | 0.2       |
[train_ppo-6] |    entropy_loss         | 2.94      |
[train_ppo-6] |    explained_variance   | 0.673     |
[train_ppo-6] |    learning_rate        | 0.000256  |
[train_ppo-6] |    loss                 | -0.0499   |
[train_ppo-6] |    n_updates            | 3220      |
[train_ppo-6] |    policy_gradient_loss | -0.0542   |
[train_ppo-6] |    std                  | 0.0562    |
[train_ppo-6] |    value_loss           | 0.0153    |
[train_ppo-6] ---------------------------------------
[train_ppo-6] Early stopping at step 1 due to reaching max kl: 0.85
[train_ppo-6] PPO progress: 457000/2500000 (18%) | ep_rew_mean=531.69 | ep_len_mean=487 | episodes=100 | fps=8
[train_ppo-6] ----------------------------------------
[train_ppo-6] | rollout/                |            |
[train_ppo-6] |    ep_len_mean          | 495        |
[train_ppo-6] |    ep_rew_mean          | 541        |
[train_ppo-6] | time/                   |            |
[train_ppo-6] |    fps                  | 8          |
[train_ppo-6] |    iterations           | 447        |
[train_ppo-6] |    time_elapsed         | 53210      |
[train_ppo-6] |    total_timesteps      | 457728     |
[train_ppo-6] | train/                  |            |
[train_ppo-6] |    approx_kl            | 0.32614714 |
[train_ppo-6] |    clip_fraction        | 0.494      |
[train_ppo-6] |    clip_range           | 0.2        |
[train_ppo-6] |    clip_range_vf        | 0.2        |
[train_ppo-6] |    entropy_loss         | 2.95       |
[train_ppo-6] |    explained_variance   | 0.71       |
[train_ppo-6] |    learning_rate        | 0.000256   |
[train_ppo-6] |    loss                 | 0.0841     |
[train_ppo-6] |    n_updates            | 3222       |
[train_ppo-6] |    policy_gradient_loss | 0.0233     |
[train_ppo-6] |    std                  | 0.0562     |
[train_ppo-6] |    value_loss           | 0.215      |
[train_ppo-6] ----------------------------------------
[gazebo-2] NodeShared::RecvSrvRequest() error sending response: Host unreachable
[train_ppo-6] [WARN] [1787272407.240235766] [cobraflex_rl_interface]: Gazebo service call failed for /world/lane_following_complex_b/set_pose: Service call timed out
[train_ppo-6] Early stopping at step 7 due to reaching max kl: 0.88
[train_ppo-6] PPO progress: 458000/2500000 (18%) | ep_rew_mean=543.16 | ep_len_mean=497 | episodes=100 | fps=8
[train_ppo-6] ----------------------------------------
[train_ppo-6] | rollout/                |            |
[train_ppo-6] |    ep_len_mean          | 497        |
[train_ppo-6] |    ep_rew_mean          | 543        |
[train_ppo-6] | time/                   |            |
[train_ppo-6] |    fps                  | 8          |
[train_ppo-6] |    iterations           | 448        |
[train_ppo-6] |    time_elapsed         | 53335      |
[train_ppo-6] |    total_timesteps      | 458752     |
[train_ppo-6] | train/                  |            |
[train_ppo-6] |    approx_kl            | 0.34056306 |
[train_ppo-6] |    clip_fraction        | 0.539      |
[train_ppo-6] |    clip_range           | 0.2        |
[train_ppo-6] |    clip_range_vf        | 0.2        |
[train_ppo-6] |    entropy_loss         | 2.95       |
[train_ppo-6] |    explained_variance   | 0.395      |
[train_ppo-6] |    learning_rate        | 0.000256   |
[train_ppo-6] |    loss                 | 0.00703    |
[train_ppo-6] |    n_updates            | 3230       |
[train_ppo-6] |    policy_gradient_loss | -0.0242    |
[train_ppo-6] |    std                  | 0.0562     |
[train_ppo-6] |    value_loss           | 0.107      |
[train_ppo-6] ----------------------------------------
[train_ppo-6] Early stopping at step 1 due to reaching max kl: 0.78
[train_ppo-6] PPO progress: 459000/2500000 (18%) | ep_rew_mean=543.16 | ep_len_mean=497 | episodes=100 | fps=8
[train_ppo-6] ----------------------------------------
[train_ppo-6] | rollout/                |            |
[train_ppo-6] |    ep_len_mean          | 497        |
[train_ppo-6] |    ep_rew_mean          | 543        |
[train_ppo-6] | time/                   |            |
[train_ppo-6] |    fps                  | 8          |
[train_ppo-6] |    iterations           | 449        |
[train_ppo-6] |    time_elapsed         | 53454      |
[train_ppo-6] |    total_timesteps      | 459776     |
[train_ppo-6] | train/                  |            |
[train_ppo-6] |    approx_kl            | 0.54445946 |
[train_ppo-6] |    clip_fraction        | 0.421      |
[train_ppo-6] |    clip_range           | 0.2        |
[train_ppo-6] |    clip_range_vf        | 0.2        |
[train_ppo-6] |    entropy_loss         | 2.95       |
[train_ppo-6] |    explained_variance   | 0.79       |
[train_ppo-6] |    learning_rate        | 0.000256   |
[train_ppo-6] |    loss                 | 0.0336     |
[train_ppo-6] |    n_updates            | 3232       |
[train_ppo-6] |    policy_gradient_loss | 0.0147     |
[train_ppo-6] |    std                  | 0.0562     |
[train_ppo-6] |    value_loss           | 0.0478     |
[train_ppo-6] ----------------------------------------
[train_ppo-6] Early stopping at step 1 due to reaching max kl: 0.77
[train_ppo-6] PPO progress: 460000/2500000 (18%) | ep_rew_mean=564.11 | ep_len_mean=517 | episodes=100 | fps=8
[train_ppo-6] ----------------------------------------
[train_ppo-6] | rollout/                |            |
[train_ppo-6] |    ep_len_mean          | 517        |
[train_ppo-6] |    ep_rew_mean          | 564        |
[train_ppo-6] | time/                   |            |
[train_ppo-6] |    fps                  | 8          |
[train_ppo-6] |    iterations           | 450        |
[train_ppo-6] |    time_elapsed         | 53572      |
[train_ppo-6] |    total_timesteps      | 460800     |
[train_ppo-6] | train/                  |            |
[train_ppo-6] |    approx_kl            | 0.43475628 |
[train_ppo-6] |    clip_fraction        | 0.511      |
[train_ppo-6] |    clip_range           | 0.2        |
[train_ppo-6] |    clip_range_vf        | 0.2        |
[train_ppo-6] |    entropy_loss         | 2.95       |
[train_ppo-6] |    explained_variance   | 0.612      |
[train_ppo-6] |    learning_rate        | 0.000256   |
[train_ppo-6] |    loss                 | 0.117      |
[train_ppo-6] |    n_updates            | 3234       |
[train_ppo-6] |    policy_gradient_loss | 0.0429     |
[train_ppo-6] |    std                  | 0.0563     |
[train_ppo-6] |    value_loss           | 0.0102     |
[train_ppo-6] ----------------------------------------
[train_ppo-6] PPO progress: 461000/2500000 (18%) | ep_rew_mean=564.11 | ep_len_mean=517 | episodes=100 | fps=8
[train_ppo-6] ----------------------------------------
[train_ppo-6] | rollout/                |            |
[train_ppo-6] |    ep_len_mean          | 517        |
[train_ppo-6] |    ep_rew_mean          | 564        |
[train_ppo-6] | time/                   |            |
[train_ppo-6] |    fps                  | 8          |
[train_ppo-6] |    iterations           | 451        |
[train_ppo-6] |    time_elapsed         | 53690      |
[train_ppo-6] |    total_timesteps      | 461824     |
[train_ppo-6] | train/                  |            |
[train_ppo-6] |    approx_kl            | 0.26602888 |
[train_ppo-6] |    clip_fraction        | 0.57       |
[train_ppo-6] |    clip_range           | 0.2        |
[train_ppo-6] |    clip_range_vf        | 0.2        |
[train_ppo-6] |    entropy_loss         | 2.94       |
[train_ppo-6] |    explained_variance   | 0.482      |
[train_ppo-6] |    learning_rate        | 0.000256   |
[train_ppo-6] |    loss                 | 0.0667     |
[train_ppo-6] |    n_updates            | 3244       |
[train_ppo-6] |    policy_gradient_loss | -0.0468    |
[train_ppo-6] |    std                  | 0.0562     |
[train_ppo-6] |    value_loss           | 0.00688    |
[train_ppo-6] ----------------------------------------
[train_ppo-6] PPO progress: 462000/2500000 (18%) | ep_rew_mean=564.24 | ep_len_mean=517 | episodes=100 | fps=8
[gazebo-2] NodeShared::RecvSrvRequest() error sending response: Host unreachable
[train_ppo-6] [WARN] [1787272930.803821044] [cobraflex_rl_interface]: Gazebo service call failed for /world/lane_following_complex_b/set_pose: Service call timed out
[gazebo-2] NodeShared::RecvSrvRequest() error sending response: Host unreachable
[train_ppo-6] [WARN] [1787272953.868709519] [cobraflex_rl_interface]: Gazebo service call failed for /world/lane_following_complex_b/set_pose: Service call timed out
[train_ppo-6] ----------------------------------------
[train_ppo-6] | rollout/                |            |
[train_ppo-6] |    ep_len_mean          | 496        |
[train_ppo-6] |    ep_rew_mean          | 540        |
[train_ppo-6] | time/                   |            |
[train_ppo-6] |    fps                  | 8          |
[train_ppo-6] |    iterations           | 452        |
[train_ppo-6] |    time_elapsed         | 53819      |
[train_ppo-6] |    total_timesteps      | 462848     |
[train_ppo-6] | train/                  |            |
[train_ppo-6] |    approx_kl            | 0.18793777 |
[train_ppo-6] |    clip_fraction        | 0.557      |
[train_ppo-6] |    clip_range           | 0.2        |
[train_ppo-6] |    clip_range_vf        | 0.2        |
[train_ppo-6] |    entropy_loss         | 2.95       |
[train_ppo-6] |    explained_variance   | 0.649      |
[train_ppo-6] |    learning_rate        | 0.000256   |
[train_ppo-6] |    loss                 | -0.0691    |
[train_ppo-6] |    n_updates            | 3254       |
[train_ppo-6] |    policy_gradient_loss | -0.0672    |
[train_ppo-6] |    std                  | 0.0557     |
[train_ppo-6] |    value_loss           | 0.00213    |
[train_ppo-6] ----------------------------------------
[train_ppo-6] Early stopping at step 1 due to reaching max kl: 0.95
[train_ppo-6] PPO progress: 463000/2500000 (19%) | ep_rew_mean=540.30 | ep_len_mean=496 | episodes=100 | fps=8
[train_ppo-6] ---------------------------------------
[train_ppo-6] | rollout/                |           |
[train_ppo-6] |    ep_len_mean          | 496       |
[train_ppo-6] |    ep_rew_mean          | 540       |
[train_ppo-6] | time/                   |           |
[train_ppo-6] |    fps                  | 8         |
[train_ppo-6] |    iterations           | 453       |
[train_ppo-6] |    time_elapsed         | 53938     |
[train_ppo-6] |    total_timesteps      | 463872    |
[train_ppo-6] | train/                  |           |
[train_ppo-6] |    approx_kl            | 0.5857743 |
[train_ppo-6] |    clip_fraction        | 0.444     |
[train_ppo-6] |    clip_range           | 0.2       |
[train_ppo-6] |    clip_range_vf        | 0.2       |
[train_ppo-6] |    entropy_loss         | 2.97      |
[train_ppo-6] |    explained_variance   | 0.778     |
[train_ppo-6] |    learning_rate        | 0.000256  |
[train_ppo-6] |    loss                 | 0.172     |
[train_ppo-6] |    n_updates            | 3256      |
[train_ppo-6] |    policy_gradient_loss | 0.0446    |
[train_ppo-6] |    std                  | 0.0557    |
[train_ppo-6] |    value_loss           | 0.227     |
[train_ppo-6] ---------------------------------------
[train_ppo-6] Early stopping at step 1 due to reaching max kl: 1.25
[train_ppo-6] PPO progress: 464000/2500000 (19%) | ep_rew_mean=540.30 | ep_len_mean=496 | episodes=100 | fps=8
[train_ppo-6] ---------------------------------------
[train_ppo-6] | rollout/                |           |
[train_ppo-6] |    ep_len_mean          | 515       |
[train_ppo-6] |    ep_rew_mean          | 559       |
[train_ppo-6] | time/                   |           |
[train_ppo-6] |    fps                  | 8         |
[train_ppo-6] |    iterations           | 454       |
[train_ppo-6] |    time_elapsed         | 54056     |
[train_ppo-6] |    total_timesteps      | 464896    |
[train_ppo-6] | train/                  |           |
[train_ppo-6] |    approx_kl            | 0.5787521 |
[train_ppo-6] |    clip_fraction        | 0.549     |
[train_ppo-6] |    clip_range           | 0.2       |
[train_ppo-6] |    clip_range_vf        | 0.2       |
[train_ppo-6] |    entropy_loss         | 2.96      |
[train_ppo-6] |    explained_variance   | 0.42      |
[train_ppo-6] |    learning_rate        | 0.000255  |
[train_ppo-6] |    loss                 | 0.771     |
[train_ppo-6] |    n_updates            | 3258      |
[train_ppo-6] |    policy_gradient_loss | 0.0914    |
[train_ppo-6] |    std                  | 0.0559    |
[train_ppo-6] |    value_loss           | 0.0162    |
[train_ppo-6] ---------------------------------------
[train_ppo-6] Early stopping at step 1 due to reaching max kl: 7.56
[train_ppo-6] PPO progress: 465000/2500000 (19%) | ep_rew_mean=559.03 | ep_len_mean=515 | episodes=100 | fps=8
[gazebo-2] NodeShared::RecvSrvRequest() error sending response: Host unreachable
[train_ppo-6] [WARN] [1787273276.354227741] [cobraflex_rl_interface]: Gazebo service call failed for /world/lane_following_complex_b/set_pose: Service call timed out
[gazebo-2] NodeShared::RecvSrvRequest() error sending response: Host unreachable
[train_ppo-6] [WARN] [1787273280.403938588] [cobraflex_rl_interface]: Gazebo service call failed for /world/lane_following_complex_b/set_pose: Service call timed out
[train_ppo-6] ---------------------------------------
[train_ppo-6] | rollout/                |           |
[train_ppo-6] |    ep_len_mean          | 519       |
[train_ppo-6] |    ep_rew_mean          | 563       |
[train_ppo-6] | time/                   |           |
[train_ppo-6] |    fps                  | 8         |
[train_ppo-6] |    iterations           | 455       |
[train_ppo-6] |    time_elapsed         | 54183     |
[train_ppo-6] |    total_timesteps      | 465920    |
[train_ppo-6] | train/                  |           |
[train_ppo-6] |    approx_kl            | 1.8787682 |
[train_ppo-6] |    clip_fraction        | 0.551     |
[train_ppo-6] |    clip_range           | 0.2       |
[train_ppo-6] |    clip_range_vf        | 0.2       |
[train_ppo-6] |    entropy_loss         | 2.96      |
[train_ppo-6] |    explained_variance   | 0.501     |
[train_ppo-6] |    learning_rate        | 0.000255  |
[train_ppo-6] |    loss                 | 0.132     |
[train_ppo-6] |    n_updates            | 3260      |
[train_ppo-6] |    policy_gradient_loss | 0.0573    |
[train_ppo-6] |    std                  | 0.056     |
[train_ppo-6] |    value_loss           | 0.0159    |
[train_ppo-6] ---------------------------------------
[train_ppo-6] PPO progress: 466000/2500000 (19%) | ep_rew_mean=563.17 | ep_len_mean=519 | episodes=100 | fps=8
[gazebo-2] NodeShared::RecvSrvRequest() error sending response: Host unreachable
[train_ppo-6] [WARN] [1787273442.598634441] [cobraflex_rl_interface]: Gazebo service call failed for /world/lane_following_complex_b/set_pose: Service call timed out
[train_ppo-6] ----------------------------------------
[train_ppo-6] | rollout/                |            |
[train_ppo-6] |    ep_len_mean          | 497        |
[train_ppo-6] |    ep_rew_mean          | 540        |
[train_ppo-6] | time/                   |            |
[train_ppo-6] |    fps                  | 8          |
[train_ppo-6] |    iterations           | 456        |
[train_ppo-6] |    time_elapsed         | 54313      |
[train_ppo-6] |    total_timesteps      | 466944     |
[train_ppo-6] | train/                  |            |
[train_ppo-6] |    approx_kl            | 0.23222175 |
[train_ppo-6] |    clip_fraction        | 0.562      |
[train_ppo-6] |    clip_range           | 0.2        |
[train_ppo-6] |    clip_range_vf        | 0.2        |
[train_ppo-6] |    entropy_loss         | 2.96       |
[train_ppo-6] |    explained_variance   | 0.243      |
[train_ppo-6] |    learning_rate        | 0.000255   |
[train_ppo-6] |    loss                 | 0.052      |
[train_ppo-6] |    n_updates            | 3270       |
[train_ppo-6] |    policy_gradient_loss | -0.0479    |
[train_ppo-6] |    std                  | 0.0556     |
[train_ppo-6] |    value_loss           | 0.077      |
[train_ppo-6] ----------------------------------------
[train_ppo-6] Early stopping at step 1 due to reaching max kl: 1.45
[train_ppo-6] PPO progress: 467000/2500000 (19%) | ep_rew_mean=540.21 | ep_len_mean=497 | episodes=100 | fps=8
[gazebo-2] NodeShared::RecvSrvRequest() error sending response: Host unreachable
[train_ppo-6] [WARN] [1787273573.045235717] [cobraflex_rl_interface]: Gazebo service call failed for /world/lane_following_complex_b/set_pose: Service call timed out
[train_ppo-6] ----------------------------------------
[train_ppo-6] | rollout/                |            |
[train_ppo-6] |    ep_len_mean          | 480        |
[train_ppo-6] |    ep_rew_mean          | 519        |
[train_ppo-6] | time/                   |            |
[train_ppo-6] |    fps                  | 8          |
[train_ppo-6] |    iterations           | 457        |
[train_ppo-6] |    time_elapsed         | 54437      |
[train_ppo-6] |    total_timesteps      | 467968     |
[train_ppo-6] | train/                  |            |
[train_ppo-6] |    approx_kl            | 0.49196172 |
[train_ppo-6] |    clip_fraction        | 0.446      |
[train_ppo-6] |    clip_range           | 0.2        |
[train_ppo-6] |    clip_range_vf        | 0.2        |
[train_ppo-6] |    entropy_loss         | 2.97       |
[train_ppo-6] |    explained_variance   | 0.182      |
[train_ppo-6] |    learning_rate        | 0.000255   |
[train_ppo-6] |    loss                 | 0.0423     |
[train_ppo-6] |    n_updates            | 3272       |
[train_ppo-6] |    policy_gradient_loss | 0.0151     |
[train_ppo-6] |    std                  | 0.0556     |
[train_ppo-6] |    value_loss           | 0.139      |
[train_ppo-6] ----------------------------------------
[train_ppo-6] Early stopping at step 1 due to reaching max kl: 1.69
[train_ppo-6] PPO progress: 468000/2500000 (19%) | ep_rew_mean=518.91 | ep_len_mean=480 | episodes=100 | fps=8
[train_ppo-6] ----------------------------------------
[train_ppo-6] | rollout/                |            |
[train_ppo-6] |    ep_len_mean          | 480        |
[train_ppo-6] |    ep_rew_mean          | 519        |
[train_ppo-6] | time/                   |            |
[train_ppo-6] |    fps                  | 8          |
[train_ppo-6] |    iterations           | 458        |
[train_ppo-6] |    time_elapsed         | 54556      |
[train_ppo-6] |    total_timesteps      | 468992     |
[train_ppo-6] | train/                  |            |
[train_ppo-6] |    approx_kl            | 0.44642952 |
[train_ppo-6] |    clip_fraction        | 0.428      |
[train_ppo-6] |    clip_range           | 0.2        |
[train_ppo-6] |    clip_range_vf        | 0.2        |
[train_ppo-6] |    entropy_loss         | 2.97       |
[train_ppo-6] |    explained_variance   | 0.681      |
[train_ppo-6] |    learning_rate        | 0.000255   |
[train_ppo-6] |    loss                 | 0.0976     |
[train_ppo-6] |    n_updates            | 3274       |
[train_ppo-6] |    policy_gradient_loss | 0.0215     |
[train_ppo-6] |    std                  | 0.0557     |
[train_ppo-6] |    value_loss           | 0.237      |
[train_ppo-6] ----------------------------------------
[train_ppo-6] PPO progress: 469000/2500000 (19%) | ep_rew_mean=518.91 | ep_len_mean=480 | episodes=100 | fps=8
[gazebo-2] NodeShared::RecvSrvRequest() error sending response: Host unreachable
[train_ppo-6] [WARN] [1787273759.797868615] [cobraflex_rl_interface]: Gazebo service call failed for /world/lane_following_complex_b/set_pose: Service call timed out
[train_ppo-6] PPO progress: 470000/2500000 (19%) | ep_rew_mean=531.54 | ep_len_mean=492 | episodes=100 | fps=8
[train_ppo-6] ---------------------------------------
[train_ppo-6] | rollout/                |           |
[train_ppo-6] |    ep_len_mean          | 492       |
[train_ppo-6] |    ep_rew_mean          | 532       |
[train_ppo-6] | time/                   |           |
[train_ppo-6] |    fps                  | 8         |
[train_ppo-6] |    iterations           | 459       |
[train_ppo-6] |    time_elapsed         | 54679     |
[train_ppo-6] |    total_timesteps      | 470016    |
[train_ppo-6] | train/                  |           |
[train_ppo-6] |    approx_kl            | 0.3348763 |
[train_ppo-6] |    clip_fraction        | 0.623     |
[train_ppo-6] |    clip_range           | 0.2       |
[train_ppo-6] |    clip_range_vf        | 0.2       |
[train_ppo-6] |    entropy_loss         | 2.98      |
[train_ppo-6] |    explained_variance   | 0.552     |
[train_ppo-6] |    learning_rate        | 0.000255  |
[train_ppo-6] |    loss                 | -0.068    |
[train_ppo-6] |    n_updates            | 3284      |
[train_ppo-6] |    policy_gradient_loss | -0.0766   |
[train_ppo-6] |    std                  | 0.0546    |
[train_ppo-6] |    value_loss           | 0.00781   |
[train_ppo-6] ---------------------------------------
[train_ppo-6] PPO progress: 471000/2500000 (19%) | ep_rew_mean=531.54 | ep_len_mean=492 | episodes=100 | fps=8
[train_ppo-6] ----------------------------------------
[train_ppo-6] | rollout/                |            |
[train_ppo-6] |    ep_len_mean          | 492        |
[train_ppo-6] |    ep_rew_mean          | 532        |
[train_ppo-6] | time/                   |            |
[train_ppo-6] |    fps                  | 8          |
[train_ppo-6] |    iterations           | 460        |
[train_ppo-6] |    time_elapsed         | 54797      |
[train_ppo-6] |    total_timesteps      | 471040     |
[train_ppo-6] | train/                  |            |
[train_ppo-6] |    approx_kl            | 0.30577058 |
[train_ppo-6] |    clip_fraction        | 0.581      |
[train_ppo-6] |    clip_range           | 0.2        |
[train_ppo-6] |    clip_range_vf        | 0.2        |
[train_ppo-6] |    entropy_loss         | 3.01       |
[train_ppo-6] |    explained_variance   | 0.608      |
[train_ppo-6] |    learning_rate        | 0.000255   |
[train_ppo-6] |    loss                 | 0.00944    |
[train_ppo-6] |    n_updates            | 3294       |
[train_ppo-6] |    policy_gradient_loss | -0.0375    |
[train_ppo-6] |    std                  | 0.0542     |
[train_ppo-6] |    value_loss           | 0.0768     |
[train_ppo-6] ----------------------------------------
[gazebo-2] NodeShared::RecvSrvRequest() error sending response: Host unreachable
[train_ppo-6] [WARN] [1787274002.861406508] [cobraflex_rl_interface]: Gazebo service call failed for /world/lane_following_complex_b/set_pose: Service call timed out
[train_ppo-6] PPO progress: 472000/2500000 (19%) | ep_rew_mean=529.69 | ep_len_mean=491 | episodes=100 | fps=8
[train_ppo-6] ---------------------------------------
[train_ppo-6] | rollout/                |           |
[train_ppo-6] |    ep_len_mean          | 491       |
[train_ppo-6] |    ep_rew_mean          | 530       |
[train_ppo-6] | time/                   |           |
[train_ppo-6] |    fps                  | 8         |
[train_ppo-6] |    iterations           | 461       |
[train_ppo-6] |    time_elapsed         | 54927     |
[train_ppo-6] |    total_timesteps      | 472064    |
[train_ppo-6] | train/                  |           |
[train_ppo-6] |    approx_kl            | 0.2849242 |
[train_ppo-6] |    clip_fraction        | 0.602     |
[train_ppo-6] |    clip_range           | 0.2       |
[train_ppo-6] |    clip_range_vf        | 0.2       |
[train_ppo-6] |    entropy_loss         | 3.03      |
[train_ppo-6] |    explained_variance   | 0.635     |
[train_ppo-6] |    learning_rate        | 0.000255  |
[train_ppo-6] |    loss                 | -0.0625   |
[train_ppo-6] |    n_updates            | 3304      |
[train_ppo-6] |    policy_gradient_loss | -0.0792   |
[train_ppo-6] |    std                  | 0.0538    |
[train_ppo-6] |    value_loss           | 0.00355   |
[train_ppo-6] ---------------------------------------
[train_ppo-6] Early stopping at step 1 due to reaching max kl: 0.84
[train_ppo-6] PPO progress: 473000/2500000 (19%) | ep_rew_mean=529.69 | ep_len_mean=491 | episodes=100 | fps=8
[train_ppo-6] ---------------------------------------
[train_ppo-6] | rollout/                |           |
[train_ppo-6] |    ep_len_mean          | 491       |
[train_ppo-6] |    ep_rew_mean          | 530       |
[train_ppo-6] | time/                   |           |
[train_ppo-6] |    fps                  | 8         |
[train_ppo-6] |    iterations           | 462       |
[train_ppo-6] |    time_elapsed         | 55045     |
[train_ppo-6] |    total_timesteps      | 473088    |
[train_ppo-6] | train/                  |           |
[train_ppo-6] |    approx_kl            | 0.2844963 |
[train_ppo-6] |    clip_fraction        | 0.417     |
[train_ppo-6] |    clip_range           | 0.2       |
[train_ppo-6] |    clip_range_vf        | 0.2       |
[train_ppo-6] |    entropy_loss         | 3.04      |
[train_ppo-6] |    explained_variance   | 0.826     |
[train_ppo-6] |    learning_rate        | 0.000255  |
[train_ppo-6] |    loss                 | 0.0722    |
[train_ppo-6] |    n_updates            | 3306      |
[train_ppo-6] |    policy_gradient_loss | 0.0216    |
[train_ppo-6] |    std                  | 0.0538    |
[train_ppo-6] |    value_loss           | 0.124     |
[train_ppo-6] ---------------------------------------
[train_ppo-6] Early stopping at step 1 due to reaching max kl: 1.04
[train_ppo-6] PPO progress: 474000/2500000 (19%) | ep_rew_mean=528.79 | ep_len_mean=491 | episodes=100 | fps=8
[train_ppo-6] ----------------------------------------
[train_ppo-6] | rollout/                |            |
[train_ppo-6] |    ep_len_mean          | 491        |
[train_ppo-6] |    ep_rew_mean          | 529        |
[train_ppo-6] | time/                   |            |
[train_ppo-6] |    fps                  | 8          |
[train_ppo-6] |    iterations           | 463        |
[train_ppo-6] |    time_elapsed         | 55163      |
[train_ppo-6] |    total_timesteps      | 474112     |
[train_ppo-6] | train/                  |            |
[train_ppo-6] |    approx_kl            | 0.51018196 |
[train_ppo-6] |    clip_fraction        | 0.533      |
[train_ppo-6] |    clip_range           | 0.2        |
[train_ppo-6] |    clip_range_vf        | 0.2        |
[train_ppo-6] |    entropy_loss         | 3.04       |
[train_ppo-6] |    explained_variance   | 0.37       |
[train_ppo-6] |    learning_rate        | 0.000255   |
[train_ppo-6] |    loss                 | 0.0373     |
[train_ppo-6] |    n_updates            | 3308       |
[train_ppo-6] |    policy_gradient_loss | 0.0485     |
[train_ppo-6] |    std                  | 0.0539     |
[train_ppo-6] |    value_loss           | 0.00966    |
[train_ppo-6] ----------------------------------------
[train_ppo-6] Early stopping at step 1 due to reaching max kl: 1.06
[train_ppo-6] PPO progress: 475000/2500000 (19%) | ep_rew_mean=528.79 | ep_len_mean=491 | episodes=100 | fps=8
[train_ppo-6] ----------------------------------------
[train_ppo-6] | rollout/                |            |
[train_ppo-6] |    ep_len_mean          | 491        |
[train_ppo-6] |    ep_rew_mean          | 529        |
[train_ppo-6] | time/                   |            |
[train_ppo-6] |    fps                  | 8          |
[train_ppo-6] |    iterations           | 464        |
[train_ppo-6] |    time_elapsed         | 55282      |
[train_ppo-6] |    total_timesteps      | 475136     |
[train_ppo-6] | train/                  |            |
[train_ppo-6] |    approx_kl            | 0.46371156 |
[train_ppo-6] |    clip_fraction        | 0.43       |
[train_ppo-6] |    clip_range           | 0.2        |
[train_ppo-6] |    clip_range_vf        | 0.2        |
[train_ppo-6] |    entropy_loss         | 3.03       |
[train_ppo-6] |    explained_variance   | 0.561      |
[train_ppo-6] |    learning_rate        | 0.000254   |
[train_ppo-6] |    loss                 | 0.0697     |
[train_ppo-6] |    n_updates            | 3310       |
[train_ppo-6] |    policy_gradient_loss | 0.0248     |
[train_ppo-6] |    std                  | 0.0539     |
[train_ppo-6] |    value_loss           | 0.0152     |
[train_ppo-6] ----------------------------------------
[train_ppo-6] Early stopping at step 2 due to reaching max kl: 0.80
[train_ppo-6] PPO progress: 476000/2500000 (19%) | ep_rew_mean=522.96 | ep_len_mean=488 | episodes=100 | fps=8
[train_ppo-6] ---------------------------------------
[train_ppo-6] | rollout/                |           |
[train_ppo-6] |    ep_len_mean          | 488       |
[train_ppo-6] |    ep_rew_mean          | 523       |
[train_ppo-6] | time/                   |           |
[train_ppo-6] |    fps                  | 8         |
[train_ppo-6] |    iterations           | 465       |
[train_ppo-6] |    time_elapsed         | 55401     |
[train_ppo-6] |    total_timesteps      | 476160    |
[train_ppo-6] | train/                  |           |
[train_ppo-6] |    approx_kl            | 0.4182644 |
[train_ppo-6] |    clip_fraction        | 0.562     |
[train_ppo-6] |    clip_range           | 0.2       |
[train_ppo-6] |    clip_range_vf        | 0.2       |
[train_ppo-6] |    entropy_loss         | 3.03      |
[train_ppo-6] |    explained_variance   | 0.609     |
[train_ppo-6] |    learning_rate        | 0.000254  |
[train_ppo-6] |    loss                 | -0.00337  |
[train_ppo-6] |    n_updates            | 3313      |
[train_ppo-6] |    policy_gradient_loss | -0.000711 |
[train_ppo-6] |    std                  | 0.0542    |
[train_ppo-6] |    value_loss           | 0.0155    |
[train_ppo-6] ---------------------------------------
[train_ppo-6] Early stopping at step 7 due to reaching max kl: 0.76
[train_ppo-6] PPO progress: 477000/2500000 (19%) | ep_rew_mean=516.50 | ep_len_mean=482 | episodes=100 | fps=8
[train_ppo-6] ----------------------------------------
[train_ppo-6] | rollout/                |            |
[train_ppo-6] |    ep_len_mean          | 484        |
[train_ppo-6] |    ep_rew_mean          | 518        |
[train_ppo-6] | time/                   |            |
[train_ppo-6] |    fps                  | 8          |
[train_ppo-6] |    iterations           | 466        |
[train_ppo-6] |    time_elapsed         | 55524      |
[train_ppo-6] |    total_timesteps      | 477184     |
[train_ppo-6] | train/                  |            |
[train_ppo-6] |    approx_kl            | 0.44510457 |
[train_ppo-6] |    clip_fraction        | 0.566      |
[train_ppo-6] |    clip_range           | 0.2        |
[train_ppo-6] |    clip_range_vf        | 0.2        |
[train_ppo-6] |    entropy_loss         | 3.03       |
[train_ppo-6] |    explained_variance   | 0.815      |
[train_ppo-6] |    learning_rate        | 0.000254   |
[train_ppo-6] |    loss                 | -0.0327    |
[train_ppo-6] |    n_updates            | 3321       |
[train_ppo-6] |    policy_gradient_loss | -0.0414    |
[train_ppo-6] |    std                  | 0.0538     |
[train_ppo-6] |    value_loss           | 0.0872     |
[train_ppo-6] ----------------------------------------
[train_ppo-6] Early stopping at step 1 due to reaching max kl: 0.77
[train_ppo-6] PPO progress: 478000/2500000 (19%) | ep_rew_mean=518.18 | ep_len_mean=484 | episodes=100 | fps=8
[train_ppo-6] ----------------------------------------
[train_ppo-6] | rollout/                |            |
[train_ppo-6] |    ep_len_mean          | 484        |
[train_ppo-6] |    ep_rew_mean          | 518        |
[train_ppo-6] | time/                   |            |
[train_ppo-6] |    fps                  | 8          |
[train_ppo-6] |    iterations           | 467        |
[train_ppo-6] |    time_elapsed         | 55643      |
[train_ppo-6] |    total_timesteps      | 478208     |
[train_ppo-6] | train/                  |            |
[train_ppo-6] |    approx_kl            | 0.35814103 |
[train_ppo-6] |    clip_fraction        | 0.502      |
[train_ppo-6] |    clip_range           | 0.2        |
[train_ppo-6] |    clip_range_vf        | 0.2        |
[train_ppo-6] |    entropy_loss         | 3.04       |
[train_ppo-6] |    explained_variance   | 0.769      |
[train_ppo-6] |    learning_rate        | 0.000254   |
[train_ppo-6] |    loss                 | 0.269      |
[train_ppo-6] |    n_updates            | 3323       |
[train_ppo-6] |    policy_gradient_loss | 0.0296     |
[train_ppo-6] |    std                  | 0.0538     |
[train_ppo-6] |    value_loss           | 0.198      |
[train_ppo-6] ----------------------------------------
[train_ppo-6] Early stopping at step 3 due to reaching max kl: 0.77
[train_ppo-6] PPO progress: 479000/2500000 (19%) | ep_rew_mean=523.85 | ep_len_mean=491 | episodes=100 | fps=8
[gazebo-2] NodeShared::RecvSrvRequest() error sending response: Host unreachable
[train_ppo-6] [WARN] [1787274941.455664525] [cobraflex_rl_interface]: Gazebo service call failed for /world/lane_following_complex_b/set_pose: Service call timed out
[train_ppo-6] ---------------------------------------
[train_ppo-6] | rollout/                |           |
[train_ppo-6] |    ep_len_mean          | 473       |
[train_ppo-6] |    ep_rew_mean          | 504       |
[train_ppo-6] | time/                   |           |
[train_ppo-6] |    fps                  | 8         |
[train_ppo-6] |    iterations           | 468       |
[train_ppo-6] |    time_elapsed         | 55775     |
[train_ppo-6] |    total_timesteps      | 479232    |
[train_ppo-6] | train/                  |           |
[train_ppo-6] |    approx_kl            | 0.4926675 |
[train_ppo-6] |    clip_fraction        | 0.545     |
[train_ppo-6] |    clip_range           | 0.2       |
[train_ppo-6] |    clip_range_vf        | 0.2       |
[train_ppo-6] |    entropy_loss         | 3.03      |
[train_ppo-6] |    explained_variance   | 0.735     |
[train_ppo-6] |    learning_rate        | 0.000254  |
[train_ppo-6] |    loss                 | 0.0636    |
[train_ppo-6] |    n_updates            | 3327      |
[train_ppo-6] |    policy_gradient_loss | -0.0132   |
[train_ppo-6] |    std                  | 0.054     |
[train_ppo-6] |    value_loss           | 0.0223    |
[train_ppo-6] ---------------------------------------
[gazebo-2] NodeShared::RecvSrvRequest() error sending response: Host unreachable
[train_ppo-6] [WARN] [1787275038.974786068] [cobraflex_rl_interface]: Gazebo service call failed for /world/lane_following_complex_b/set_pose: Service call timed out
[gazebo-2] NodeShared::RecvSrvRequest() error sending response: Host unreachable
[train_ppo-6] [WARN] [1787275043.023533590] [cobraflex_rl_interface]: Gazebo service call failed for /world/lane_following_complex_b/set_pose: Service call timed out
[gazebo-2] NodeShared::RecvSrvRequest() error sending response: Host unreachable
[train_ppo-6] [WARN] [1787275047.072013031] [cobraflex_rl_interface]: Gazebo service call failed for /world/lane_following_complex_b/set_pose: Service call timed out
[gazebo-2] NodeShared::RecvSrvRequest() error sending response: Host unreachable
[train_ppo-6] [WARN] [1787275051.121213290] [cobraflex_rl_interface]: Gazebo service call failed for /world/lane_following_complex_b/set_pose: Service call timed out
[train_ppo-6] Early stopping at step 3 due to reaching max kl: 1.10
[train_ppo-6] PPO progress: 480000/2500000 (19%) | ep_rew_mean=474.77 | ep_len_mean=448 | episodes=100 | fps=8
[train_ppo-6] ----------------------------------------
[train_ppo-6] | rollout/                |            |
[train_ppo-6] |    ep_len_mean          | 448        |
[train_ppo-6] |    ep_rew_mean          | 475        |
[train_ppo-6] | time/                   |            |
[train_ppo-6] |    fps                  | 8          |
[train_ppo-6] |    iterations           | 469        |
[train_ppo-6] |    time_elapsed         | 55910      |
[train_ppo-6] |    total_timesteps      | 480256     |
[train_ppo-6] | train/                  |            |
[train_ppo-6] |    approx_kl            | 0.45671043 |
[train_ppo-6] |    clip_fraction        | 0.513      |
[train_ppo-6] |    clip_range           | 0.2        |
[train_ppo-6] |    clip_range_vf        | 0.2        |
[train_ppo-6] |    entropy_loss         | 3.03       |
[train_ppo-6] |    explained_variance   | 0.693      |
[train_ppo-6] |    learning_rate        | 0.000254   |
[train_ppo-6] |    loss                 | 0.148      |
[train_ppo-6] |    n_updates            | 3331       |
[train_ppo-6] |    policy_gradient_loss | -0.0134    |
[train_ppo-6] |    std                  | 0.0541     |
[train_ppo-6] |    value_loss           | 0.281      |
[train_ppo-6] ----------------------------------------
[gazebo-2] NodeShared::RecvSrvRequest() error sending response: Host unreachable
[train_ppo-6] [WARN] [1787275109.915740923] [cobraflex_rl_interface]: Gazebo service call failed for /world/lane_following_complex_b/set_pose: Service call timed out
[train_ppo-6] Early stopping at step 1 due to reaching max kl: 1.19
[train_ppo-6] PPO progress: 481000/2500000 (19%) | ep_rew_mean=454.48 | ep_len_mean=430 | episodes=100 | fps=8
[gazebo-2] NodeShared::RecvSrvRequest() error sending response: Host unreachable
[train_ppo-6] [WARN] [1787275220.417686616] [cobraflex_rl_interface]: Gazebo service call failed for /world/lane_following_complex_b/set_pose: Service call timed out
[gazebo-2] NodeShared::RecvSrvRequest() error sending response: Host unreachable
[train_ppo-6] [WARN] [1787275227.815330143] [cobraflex_rl_interface]: Gazebo service call failed for /world/lane_following_complex_b/set_pose: Service call timed out
[gazebo-2] NodeShared::RecvSrvRequest() error sending response: Host unreachable
[train_ppo-6] [WARN] [1787275231.865247172] [cobraflex_rl_interface]: Gazebo service call failed for /world/lane_following_complex_b/set_pose: Service call timed out
[train_ppo-6] ----------------------------------------
[train_ppo-6] | rollout/                |            |
[train_ppo-6] |    ep_len_mean          | 410        |
[train_ppo-6] |    ep_rew_mean          | 432        |
[train_ppo-6] | time/                   |            |
[train_ppo-6] |    fps                  | 8          |
[train_ppo-6] |    iterations           | 470        |
[train_ppo-6] |    time_elapsed         | 56052      |
[train_ppo-6] |    total_timesteps      | 481280     |
[train_ppo-6] | train/                  |            |
[train_ppo-6] |    approx_kl            | 0.27935255 |
[train_ppo-6] |    clip_fraction        | 0.455      |
[train_ppo-6] |    clip_range           | 0.2        |
[train_ppo-6] |    clip_range_vf        | 0.2        |
[train_ppo-6] |    entropy_loss         | 3.03       |
[train_ppo-6] |    explained_variance   | 0.717      |
[train_ppo-6] |    learning_rate        | 0.000254   |
[train_ppo-6] |    loss                 | 0.108      |
[train_ppo-6] |    n_updates            | 3333       |
[train_ppo-6] |    policy_gradient_loss | 0.00959    |
[train_ppo-6] |    std                  | 0.0541     |
[train_ppo-6] |    value_loss           | 0.113      |
[train_ppo-6] ----------------------------------------
[gazebo-2] NodeShared::RecvSrvRequest() error sending response: Host unreachable
[train_ppo-6] [WARN] [1787275245.778758567] [cobraflex_rl_interface]: Gazebo service call failed for /world/lane_following_complex_b/set_pose: Service call timed out
[gazebo-2] NodeShared::RecvSrvRequest() error sending response: Host unreachable
[train_ppo-6] [WARN] [1787275271.074296854] [cobraflex_rl_interface]: Gazebo service call failed for /world/lane_following_complex_b/set_pose: Service call timed out
[gazebo-2] NodeShared::RecvSrvRequest() error sending response: Host unreachable
[train_ppo-6] [WARN] [1787275310.314625035] [cobraflex_rl_interface]: Gazebo service call failed for /world/lane_following_complex_b/set_pose: Service call timed out
[train_ppo-6] PPO progress: 482000/2500000 (19%) | ep_rew_mean=402.58 | ep_len_mean=385 | episodes=100 | fps=8
[train_ppo-6] ----------------------------------------
[train_ppo-6] | rollout/                |            |
[train_ppo-6] |    ep_len_mean          | 386        |
[train_ppo-6] |    ep_rew_mean          | 403        |
[train_ppo-6] | time/                   |            |
[train_ppo-6] |    fps                  | 8          |
[train_ppo-6] |    iterations           | 471        |
[train_ppo-6] |    time_elapsed         | 56188      |
[train_ppo-6] |    total_timesteps      | 482304     |
[train_ppo-6] | train/                  |            |
[train_ppo-6] |    approx_kl            | 0.23589888 |
[train_ppo-6] |    clip_fraction        | 0.54       |
[train_ppo-6] |    clip_range           | 0.2        |
[train_ppo-6] |    clip_range_vf        | 0.2        |
[train_ppo-6] |    entropy_loss         | 3.02       |
[train_ppo-6] |    explained_variance   | 0.772      |
[train_ppo-6] |    learning_rate        | 0.000254   |
[train_ppo-6] |    loss                 | 0.0252     |
[train_ppo-6] |    n_updates            | 3343       |
[train_ppo-6] |    policy_gradient_loss | -0.0334    |
[train_ppo-6] |    std                  | 0.0541     |
[train_ppo-6] |    value_loss           | 0.158      |
[train_ppo-6] ----------------------------------------
[gazebo-2] NodeShared::RecvSrvRequest() error sending response: Host unreachable
[train_ppo-6] [WARN] [1787275412.283822328] [cobraflex_rl_interface]: Gazebo service call failed for /world/lane_following_complex_b/set_pose: Service call timed out
[train_ppo-6] Early stopping at step 3 due to reaching max kl: 0.87
[train_ppo-6] PPO progress: 483000/2500000 (19%) | ep_rew_mean=406.61 | ep_len_mean=388 | episodes=100 | fps=8
[train_ppo-6] ----------------------------------------
[train_ppo-6] | rollout/                |            |
[train_ppo-6] |    ep_len_mean          | 388        |
[train_ppo-6] |    ep_rew_mean          | 407        |
[train_ppo-6] | time/                   |            |
[train_ppo-6] |    fps                  | 8          |
[train_ppo-6] |    iterations           | 472        |
[train_ppo-6] |    time_elapsed         | 56313      |
[train_ppo-6] |    total_timesteps      | 483328     |
[train_ppo-6] | train/                  |            |
[train_ppo-6] |    approx_kl            | 0.49972597 |
[train_ppo-6] |    clip_fraction        | 0.476      |
[train_ppo-6] |    clip_range           | 0.2        |
[train_ppo-6] |    clip_range_vf        | 0.2        |
[train_ppo-6] |    entropy_loss         | 3.02       |
[train_ppo-6] |    explained_variance   | 0.771      |
[train_ppo-6] |    learning_rate        | 0.000254   |
[train_ppo-6] |    loss                 | 0.219      |
[train_ppo-6] |    n_updates            | 3347       |
[train_ppo-6] |    policy_gradient_loss | 0.000527   |
[train_ppo-6] |    std                  | 0.0543     |
[train_ppo-6] |    value_loss           | 0.223      |
[train_ppo-6] ----------------------------------------
[train_ppo-6] PPO progress: 484000/2500000 (19%) | ep_rew_mean=413.72 | ep_len_mean=396 | episodes=100 | fps=8
[train_ppo-6] ----------------------------------------
[train_ppo-6] | rollout/                |            |
[train_ppo-6] |    ep_len_mean          | 396        |
[train_ppo-6] |    ep_rew_mean          | 414        |
[train_ppo-6] | time/                   |            |
[train_ppo-6] |    fps                  | 8          |
[train_ppo-6] |    iterations           | 473        |
[train_ppo-6] |    time_elapsed         | 56432      |
[train_ppo-6] |    total_timesteps      | 484352     |
[train_ppo-6] | train/                  |            |
[train_ppo-6] |    approx_kl            | 0.18314254 |
[train_ppo-6] |    clip_fraction        | 0.527      |
[train_ppo-6] |    clip_range           | 0.2        |
[train_ppo-6] |    clip_range_vf        | 0.2        |
[train_ppo-6] |    entropy_loss         | 3.02       |
[train_ppo-6] |    explained_variance   | 0.811      |
[train_ppo-6] |    learning_rate        | 0.000254   |
[train_ppo-6] |    loss                 | 0.0419     |
[train_ppo-6] |    n_updates            | 3357       |
[train_ppo-6] |    policy_gradient_loss | -0.0447    |
[train_ppo-6] |    std                  | 0.054      |
[train_ppo-6] |    value_loss           | 0.0799     |
[train_ppo-6] ----------------------------------------
[train_ppo-6] Early stopping at step 2 due to reaching max kl: 0.90
[train_ppo-6] PPO progress: 485000/2500000 (19%) | ep_rew_mean=413.72 | ep_len_mean=396 | episodes=100 | fps=8
[train_ppo-6] ----------------------------------------
[train_ppo-6] | rollout/                |            |
[train_ppo-6] |    ep_len_mean          | 396        |
[train_ppo-6] |    ep_rew_mean          | 414        |
[train_ppo-6] | time/                   |            |
[train_ppo-6] |    fps                  | 8          |
[train_ppo-6] |    iterations           | 474        |
[train_ppo-6] |    time_elapsed         | 56550      |
[train_ppo-6] |    total_timesteps      | 485376     |
[train_ppo-6] | train/                  |            |
[train_ppo-6] |    approx_kl            | 0.35453328 |
[train_ppo-6] |    clip_fraction        | 0.514      |
[train_ppo-6] |    clip_range           | 0.2        |
[train_ppo-6] |    clip_range_vf        | 0.2        |
[train_ppo-6] |    entropy_loss         | 3.03       |
[train_ppo-6] |    explained_variance   | 0.663      |
[train_ppo-6] |    learning_rate        | 0.000254   |
[train_ppo-6] |    loss                 | 0.32       |
[train_ppo-6] |    n_updates            | 3360       |
[train_ppo-6] |    policy_gradient_loss | -0.0105    |
[train_ppo-6] |    std                  | 0.0541     |
[train_ppo-6] |    value_loss           | 0.0364     |
[train_ppo-6] ----------------------------------------
[train_ppo-6] Early stopping at step 2 due to reaching max kl: 0.80
[train_ppo-6] PPO progress: 486000/2500000 (19%) | ep_rew_mean=412.50 | ep_len_mean=396 | episodes=100 | fps=8
[train_ppo-6] ----------------------------------------
[train_ppo-6] | rollout/                |            |
[train_ppo-6] |    ep_len_mean          | 396        |
[train_ppo-6] |    ep_rew_mean          | 413        |
[train_ppo-6] | time/                   |            |
[train_ppo-6] |    fps                  | 8          |
[train_ppo-6] |    iterations           | 475        |
[train_ppo-6] |    time_elapsed         | 56672      |
[train_ppo-6] |    total_timesteps      | 486400     |
[train_ppo-6] | train/                  |            |
[train_ppo-6] |    approx_kl            | 0.38441086 |
[train_ppo-6] |    clip_fraction        | 0.507      |
[train_ppo-6] |    clip_range           | 0.2        |
[train_ppo-6] |    clip_range_vf        | 0.2        |
[train_ppo-6] |    entropy_loss         | 3.03       |
[train_ppo-6] |    explained_variance   | 0.593      |
[train_ppo-6] |    learning_rate        | 0.000253   |
[train_ppo-6] |    loss                 | -0.02      |
[train_ppo-6] |    n_updates            | 3363       |
[train_ppo-6] |    policy_gradient_loss | -0.00723   |
[train_ppo-6] |    std                  | 0.0543     |
[train_ppo-6] |    value_loss           | 0.0087     |
[train_ppo-6] ----------------------------------------
[train_ppo-6] PPO progress: 487000/2500000 (19%) | ep_rew_mean=412.50 | ep_len_mean=396 | episodes=100 | fps=8
[train_ppo-6] ----------------------------------------
[train_ppo-6] | rollout/                |            |
[train_ppo-6] |    ep_len_mean          | 396        |
[train_ppo-6] |    ep_rew_mean          | 413        |
[train_ppo-6] | time/                   |            |
[train_ppo-6] |    fps                  | 8          |
[train_ppo-6] |    iterations           | 476        |
[train_ppo-6] |    time_elapsed         | 56790      |
[train_ppo-6] |    total_timesteps      | 487424     |
[train_ppo-6] | train/                  |            |
[train_ppo-6] |    approx_kl            | 0.20365804 |
[train_ppo-6] |    clip_fraction        | 0.522      |
[train_ppo-6] |    clip_range           | 0.2        |
[train_ppo-6] |    clip_range_vf        | 0.2        |
[train_ppo-6] |    entropy_loss         | 3.02       |
[train_ppo-6] |    explained_variance   | 0.707      |
[train_ppo-6] |    learning_rate        | 0.000253   |
[train_ppo-6] |    loss                 | 0.0276     |
[train_ppo-6] |    n_updates            | 3373       |
[train_ppo-6] |    policy_gradient_loss | -0.0522    |
[train_ppo-6] |    std                  | 0.0539     |
[train_ppo-6] |    value_loss           | 0.0839     |
[train_ppo-6] ----------------------------------------
[train_ppo-6] PPO progress: 488000/2500000 (20%) | ep_rew_mean=404.53 | ep_len_mean=388 | episodes=100 | fps=8
[train_ppo-6] ----------------------------------------
[train_ppo-6] | rollout/                |            |
[train_ppo-6] |    ep_len_mean          | 388        |
[train_ppo-6] |    ep_rew_mean          | 405        |
[train_ppo-6] | time/                   |            |
[train_ppo-6] |    fps                  | 8          |
[train_ppo-6] |    iterations           | 477        |
[train_ppo-6] |    time_elapsed         | 56912      |
[train_ppo-6] |    total_timesteps      | 488448     |
[train_ppo-6] | train/                  |            |
[train_ppo-6] |    approx_kl            | 0.16395238 |
[train_ppo-6] |    clip_fraction        | 0.52       |
[train_ppo-6] |    clip_range           | 0.2        |
[train_ppo-6] |    clip_range_vf        | 0.2        |
[train_ppo-6] |    entropy_loss         | 3.04       |
[train_ppo-6] |    explained_variance   | 0.454      |
[train_ppo-6] |    learning_rate        | 0.000253   |
[train_ppo-6] |    loss                 | -0.04      |
[train_ppo-6] |    n_updates            | 3383       |
[train_ppo-6] |    policy_gradient_loss | -0.0659    |
[train_ppo-6] |    std                  | 0.0535     |
[train_ppo-6] |    value_loss           | 0.00445    |
[train_ppo-6] ----------------------------------------
[train_ppo-6] Early stopping at step 5 due to reaching max kl: 0.76
[train_ppo-6] PPO progress: 489000/2500000 (20%) | ep_rew_mean=404.53 | ep_len_mean=388 | episodes=100 | fps=8
[train_ppo-6] ----------------------------------------
[train_ppo-6] | rollout/                |            |
[train_ppo-6] |    ep_len_mean          | 388        |
[train_ppo-6] |    ep_rew_mean          | 405        |
[train_ppo-6] | time/                   |            |
[train_ppo-6] |    fps                  | 8          |
[train_ppo-6] |    iterations           | 478        |
[train_ppo-6] |    time_elapsed         | 57030      |
[train_ppo-6] |    total_timesteps      | 489472     |
[train_ppo-6] | train/                  |            |
[train_ppo-6] |    approx_kl            | 0.44279987 |
[train_ppo-6] |    clip_fraction        | 0.533      |
[train_ppo-6] |    clip_range           | 0.2        |
[train_ppo-6] |    clip_range_vf        | 0.2        |
[train_ppo-6] |    entropy_loss         | 3.05       |
[train_ppo-6] |    explained_variance   | 0.82       |
[train_ppo-6] |    learning_rate        | 0.000253   |
[train_ppo-6] |    loss                 | -0.00548   |
[train_ppo-6] |    n_updates            | 3389       |
[train_ppo-6] |    policy_gradient_loss | -0.0322    |
[train_ppo-6] |    std                  | 0.0534     |
[train_ppo-6] |    value_loss           | 0.0368     |
[train_ppo-6] ----------------------------------------
[train_ppo-6] Early stopping at step 4 due to reaching max kl: 0.93
[train_ppo-6] PPO progress: 490000/2500000 (20%) | ep_rew_mean=382.25 | ep_len_mean=368 | episodes=100 | fps=8
[train_ppo-6] ----------------------------------------
[train_ppo-6] | rollout/                |            |
[train_ppo-6] |    ep_len_mean          | 368        |
[train_ppo-6] |    ep_rew_mean          | 382        |
[train_ppo-6] | time/                   |            |
[train_ppo-6] |    fps                  | 8          |
[train_ppo-6] |    iterations           | 479        |
[train_ppo-6] |    time_elapsed         | 57157      |
[train_ppo-6] |    total_timesteps      | 490496     |
[train_ppo-6] | train/                  |            |
[train_ppo-6] |    approx_kl            | 0.62434274 |
[train_ppo-6] |    clip_fraction        | 0.605      |
[train_ppo-6] |    clip_range           | 0.2        |
[train_ppo-6] |    clip_range_vf        | 0.2        |
[train_ppo-6] |    entropy_loss         | 3.06       |
[train_ppo-6] |    explained_variance   | 0.603      |
[train_ppo-6] |    learning_rate        | 0.000253   |
[train_ppo-6] |    loss                 | -0.0643    |
[train_ppo-6] |    n_updates            | 3394       |
[train_ppo-6] |    policy_gradient_loss | -0.0435    |
[train_ppo-6] |    std                  | 0.0534     |
[train_ppo-6] |    value_loss           | 0.00756    |
[train_ppo-6] ----------------------------------------
[train_ppo-6] Early stopping at step 5 due to reaching max kl: 0.80
[train_ppo-6] PPO progress: 491000/2500000 (20%) | ep_rew_mean=393.18 | ep_len_mean=378 | episodes=100 | fps=8
[train_ppo-6] ---------------------------------------
[train_ppo-6] | rollout/                |           |
[train_ppo-6] |    ep_len_mean          | 378       |
[train_ppo-6] |    ep_rew_mean          | 393       |
[train_ppo-6] | time/                   |           |
[train_ppo-6] |    fps                  | 8         |
[train_ppo-6] |    iterations           | 480       |
[train_ppo-6] |    time_elapsed         | 57276     |
[train_ppo-6] |    total_timesteps      | 491520    |
[train_ppo-6] | train/                  |           |
[train_ppo-6] |    approx_kl            | 0.3602443 |
[train_ppo-6] |    clip_fraction        | 0.514     |
[train_ppo-6] |    clip_range           | 0.2       |
[train_ppo-6] |    clip_range_vf        | 0.2       |
[train_ppo-6] |    entropy_loss         | 3.06      |
[train_ppo-6] |    explained_variance   | 0.879     |
[train_ppo-6] |    learning_rate        | 0.000253  |
[train_ppo-6] |    loss                 | 0.066     |
[train_ppo-6] |    n_updates            | 3400      |
[train_ppo-6] |    policy_gradient_loss | -0.0472   |
[train_ppo-6] |    std                  | 0.0532    |
[train_ppo-6] |    value_loss           | 0.0463    |
[train_ppo-6] ---------------------------------------
[train_ppo-6] Early stopping at step 4 due to reaching max kl: 1.15
[train_ppo-6] PPO progress: 492000/2500000 (20%) | ep_rew_mean=393.18 | ep_len_mean=378 | episodes=100 | fps=8
[train_ppo-6] ---------------------------------------
[train_ppo-6] | rollout/                |           |
[train_ppo-6] |    ep_len_mean          | 378       |
[train_ppo-6] |    ep_rew_mean          | 393       |
[train_ppo-6] | time/                   |           |
[train_ppo-6] |    fps                  | 8         |
[train_ppo-6] |    iterations           | 481       |
[train_ppo-6] |    time_elapsed         | 57394     |
[train_ppo-6] |    total_timesteps      | 492544    |
[train_ppo-6] | train/                  |           |
[train_ppo-6] |    approx_kl            | 0.5207927 |
[train_ppo-6] |    clip_fraction        | 0.548     |
[train_ppo-6] |    clip_range           | 0.2       |
[train_ppo-6] |    clip_range_vf        | 0.2       |
[train_ppo-6] |    entropy_loss         | 3.06      |
[train_ppo-6] |    explained_variance   | 0.175     |
[train_ppo-6] |    learning_rate        | 0.000253  |
[train_ppo-6] |    loss                 | -0.038    |
[train_ppo-6] |    n_updates            | 3405      |
[train_ppo-6] |    policy_gradient_loss | -0.0142   |
[train_ppo-6] |    std                  | 0.0533    |
[train_ppo-6] |    value_loss           | 0.0908    |
[train_ppo-6] ---------------------------------------
[train_ppo-6] Early stopping at step 1 due to reaching max kl: 0.82
[train_ppo-6] PPO progress: 493000/2500000 (20%) | ep_rew_mean=393.18 | ep_len_mean=378 | episodes=100 | fps=8
[gazebo-2] NodeShared::RecvSrvRequest() error sending response: Host unreachable
[train_ppo-6] [WARN] [1787276644.678962130] [cobraflex_rl_interface]: Gazebo service call failed for /world/lane_following_complex_b/set_pose: Service call timed out
[train_ppo-6] ---------------------------------------
[train_ppo-6] | rollout/                |           |
[train_ppo-6] |    ep_len_mean          | 396       |
[train_ppo-6] |    ep_rew_mean          | 412       |
[train_ppo-6] | time/                   |           |
[train_ppo-6] |    fps                  | 8         |
[train_ppo-6] |    iterations           | 482       |
[train_ppo-6] |    time_elapsed         | 57517     |
[train_ppo-6] |    total_timesteps      | 493568    |
[train_ppo-6] | train/                  |           |
[train_ppo-6] |    approx_kl            | 0.3997545 |
[train_ppo-6] |    clip_fraction        | 0.366     |
[train_ppo-6] |    clip_range           | 0.2       |
[train_ppo-6] |    clip_range_vf        | 0.2       |
[train_ppo-6] |    entropy_loss         | 3.06      |
[train_ppo-6] |    explained_variance   | 0.667     |
[train_ppo-6] |    learning_rate        | 0.000253  |
[train_ppo-6] |    loss                 | 0.111     |
[train_ppo-6] |    n_updates            | 3407      |
[train_ppo-6] |    policy_gradient_loss | 0.0229    |
[train_ppo-6] |    std                  | 0.0532    |
[train_ppo-6] |    value_loss           | 0.0219    |
[train_ppo-6] ---------------------------------------
[train_ppo-6] Early stopping at step 3 due to reaching max kl: 0.93
[train_ppo-6] PPO progress: 494000/2500000 (20%) | ep_rew_mean=412.01 | ep_len_mean=396 | episodes=100 | fps=8
[train_ppo-6] ----------------------------------------
[train_ppo-6] | rollout/                |            |
[train_ppo-6] |    ep_len_mean          | 396        |
[train_ppo-6] |    ep_rew_mean          | 412        |
[train_ppo-6] | time/                   |            |
[train_ppo-6] |    fps                  | 8          |
[train_ppo-6] |    iterations           | 483        |
[train_ppo-6] |    time_elapsed         | 57635      |
[train_ppo-6] |    total_timesteps      | 494592     |
[train_ppo-6] | train/                  |            |
[train_ppo-6] |    approx_kl            | 0.55450577 |
[train_ppo-6] |    clip_fraction        | 0.499      |
[train_ppo-6] |    clip_range           | 0.2        |
[train_ppo-6] |    clip_range_vf        | 0.2        |
[train_ppo-6] |    entropy_loss         | 3.06       |
[train_ppo-6] |    explained_variance   | 0.52       |
[train_ppo-6] |    learning_rate        | 0.000253   |
[train_ppo-6] |    loss                 | 0.0689     |
[train_ppo-6] |    n_updates            | 3411       |
[train_ppo-6] |    policy_gradient_loss | 0.000727   |
[train_ppo-6] |    std                  | 0.0533     |
[train_ppo-6] |    value_loss           | 0.063      |
[train_ppo-6] ----------------------------------------
[train_ppo-6] PPO progress: 495000/2500000 (20%) | ep_rew_mean=412.01 | ep_len_mean=396 | episodes=100 | fps=8
[gazebo-2] NodeShared::RecvSrvRequest() error sending response: Host unreachable
[train_ppo-6] [WARN] [1787276885.505286270] [cobraflex_rl_interface]: Gazebo service call failed for /world/lane_following_complex_b/set_pose: Service call timed out
[gazebo-2] NodeShared::RecvSrvRequest() error sending response: Host unreachable
[train_ppo-6] [WARN] [1787276889.554213257] [cobraflex_rl_interface]: Gazebo service call failed for /world/lane_following_complex_b/set_pose: Service call timed out
[gazebo-2] NodeShared::RecvSrvRequest() error sending response: Host unreachable
[train_ppo-6] [WARN] [1787276929.583258699] [cobraflex_rl_interface]: Gazebo service call failed for /world/lane_following_complex_b/set_pose: Service call timed out
[train_ppo-6] ---------------------------------------
[train_ppo-6] | rollout/                |           |
[train_ppo-6] |    ep_len_mean          | 398       |
[train_ppo-6] |    ep_rew_mean          | 412       |
[train_ppo-6] | time/                   |           |
[train_ppo-6] |    fps                  | 8         |
[train_ppo-6] |    iterations           | 484       |
[train_ppo-6] |    time_elapsed         | 57768     |
[train_ppo-6] |    total_timesteps      | 495616    |
[train_ppo-6] | train/                  |           |
[train_ppo-6] |    approx_kl            | 0.1969653 |
[train_ppo-6] |    clip_fraction        | 0.544     |
[train_ppo-6] |    clip_range           | 0.2       |
[train_ppo-6] |    clip_range_vf        | 0.2       |
[train_ppo-6] |    entropy_loss         | 3.06      |
[train_ppo-6] |    explained_variance   | 0.443     |
[train_ppo-6] |    learning_rate        | 0.000253  |
[train_ppo-6] |    loss                 | -0.0386   |
[train_ppo-6] |    n_updates            | 3421      |
[train_ppo-6] |    policy_gradient_loss | -0.0736   |
[train_ppo-6] |    std                  | 0.0528    |
[train_ppo-6] |    value_loss           | 0.0044    |
[train_ppo-6] ---------------------------------------
[train_ppo-6] Early stopping at step 9 due to reaching max kl: 0.83
[train_ppo-6] PPO progress: 496000/2500000 (20%) | ep_rew_mean=415.62 | ep_len_mean=401 | episodes=100 | fps=8
[train_ppo-6] ----------------------------------------
[train_ppo-6] | rollout/                |            |
[train_ppo-6] |    ep_len_mean          | 400        |
[train_ppo-6] |    ep_rew_mean          | 414        |
[train_ppo-6] | time/                   |            |
[train_ppo-6] |    fps                  | 8          |
[train_ppo-6] |    iterations           | 485        |
[train_ppo-6] |    time_elapsed         | 57890      |
[train_ppo-6] |    total_timesteps      | 496640     |
[train_ppo-6] | train/                  |            |
[train_ppo-6] |    approx_kl            | 0.43827263 |
[train_ppo-6] |    clip_fraction        | 0.553      |
[train_ppo-6] |    clip_range           | 0.2        |
[train_ppo-6] |    clip_range_vf        | 0.2        |
[train_ppo-6] |    entropy_loss         | 3.09       |
[train_ppo-6] |    explained_variance   | 0.817      |
[train_ppo-6] |    learning_rate        | 0.000252   |
[train_ppo-6] |    loss                 | 0.0188     |
[train_ppo-6] |    n_updates            | 3431       |
[train_ppo-6] |    policy_gradient_loss | -0.052     |
[train_ppo-6] |    std                  | 0.0518     |
[train_ppo-6] |    value_loss           | 0.0751     |
[train_ppo-6] ----------------------------------------
[train_ppo-6] Early stopping at step 5 due to reaching max kl: 0.78
[train_ppo-6] PPO progress: 497000/2500000 (20%) | ep_rew_mean=414.20 | ep_len_mean=400 | episodes=100 | fps=8
[train_ppo-6] ----------------------------------------
[train_ppo-6] | rollout/                |            |
[train_ppo-6] |    ep_len_mean          | 408        |
[train_ppo-6] |    ep_rew_mean          | 424        |
[train_ppo-6] | time/                   |            |
[train_ppo-6] |    fps                  | 8          |
[train_ppo-6] |    iterations           | 486        |
[train_ppo-6] |    time_elapsed         | 58009      |
[train_ppo-6] |    total_timesteps      | 497664     |
[train_ppo-6] | train/                  |            |
[train_ppo-6] |    approx_kl            | 0.34094712 |
[train_ppo-6] |    clip_fraction        | 0.496      |
[train_ppo-6] |    clip_range           | 0.2        |
[train_ppo-6] |    clip_range_vf        | 0.2        |
[train_ppo-6] |    entropy_loss         | 3.12       |
[train_ppo-6] |    explained_variance   | 0.785      |
[train_ppo-6] |    learning_rate        | 0.000252   |
[train_ppo-6] |    loss                 | 0.0145     |
[train_ppo-6] |    n_updates            | 3437       |
[train_ppo-6] |    policy_gradient_loss | -0.0345    |
[train_ppo-6] |    std                  | 0.0516     |
[train_ppo-6] |    value_loss           | 0.136      |
[train_ppo-6] ----------------------------------------
[gazebo-2] NodeShared::RecvSrvRequest() error sending response: Host unreachable
[train_ppo-6] [WARN] [1787277202.829209647] [cobraflex_rl_interface]: Gazebo service call failed for /world/lane_following_complex_b/set_pose: Service call timed out
[train_ppo-6] PPO progress: 498000/2500000 (20%) | ep_rew_mean=416.13 | ep_len_mean=402 | episodes=100 | fps=8
[train_ppo-6] ----------------------------------------
[train_ppo-6] | rollout/                |            |
[train_ppo-6] |    ep_len_mean          | 402        |
[train_ppo-6] |    ep_rew_mean          | 416        |
[train_ppo-6] | time/                   |            |
[train_ppo-6] |    fps                  | 8          |
[train_ppo-6] |    iterations           | 487        |
[train_ppo-6] |    time_elapsed         | 58135      |
[train_ppo-6] |    total_timesteps      | 498688     |
[train_ppo-6] | train/                  |            |
[train_ppo-6] |    approx_kl            | 0.23056193 |
[train_ppo-6] |    clip_fraction        | 0.53       |
[train_ppo-6] |    clip_range           | 0.2        |
[train_ppo-6] |    clip_range_vf        | 0.2        |
[train_ppo-6] |    entropy_loss         | 3.13       |
[train_ppo-6] |    explained_variance   | 0.686      |
[train_ppo-6] |    learning_rate        | 0.000252   |
[train_ppo-6] |    loss                 | 0.0469     |
[train_ppo-6] |    n_updates            | 3447       |
[train_ppo-6] |    policy_gradient_loss | -0.0436    |
[train_ppo-6] |    std                  | 0.0509     |
[train_ppo-6] |    value_loss           | 0.152      |
[train_ppo-6] ----------------------------------------
[train_ppo-6] Early stopping at step 1 due to reaching max kl: 0.93
[train_ppo-6] PPO progress: 499000/2500000 (20%) | ep_rew_mean=416.13 | ep_len_mean=402 | episodes=100 | fps=8
[train_ppo-6] ----------------------------------------
[train_ppo-6] | rollout/                |            |
[train_ppo-6] |    ep_len_mean          | 402        |
[train_ppo-6] |    ep_rew_mean          | 416        |
[train_ppo-6] | time/                   |            |
[train_ppo-6] |    fps                  | 8          |
[train_ppo-6] |    iterations           | 488        |
[train_ppo-6] |    time_elapsed         | 58253      |
[train_ppo-6] |    total_timesteps      | 499712     |
[train_ppo-6] | train/                  |            |
[train_ppo-6] |    approx_kl            | 0.35743427 |
[train_ppo-6] |    clip_fraction        | 0.498      |
[train_ppo-6] |    clip_range           | 0.2        |
[train_ppo-6] |    clip_range_vf        | 0.2        |
[train_ppo-6] |    entropy_loss         | 3.15       |
[train_ppo-6] |    explained_variance   | 0.887      |
[train_ppo-6] |    learning_rate        | 0.000252   |
[train_ppo-6] |    loss                 | 0.066      |
[train_ppo-6] |    n_updates            | 3449       |
[train_ppo-6] |    policy_gradient_loss | 0.025      |
[train_ppo-6] |    std                  | 0.0509     |
[train_ppo-6] |    value_loss           | 0.0155     |
[train_ppo-6] ----------------------------------------
[train_ppo-6] Early stopping at step 1 due to reaching max kl: 4.44
[train_ppo-6] PPO progress: 500000/2500000 (20%) | ep_rew_mean=436.18 | ep_len_mean=421 | episodes=100 | fps=8
[train_ppo-6] ---------------------------------------
[train_ppo-6] | rollout/                |           |
[train_ppo-6] |    ep_len_mean          | 405       |
[train_ppo-6] |    ep_rew_mean          | 420       |
[train_ppo-6] | time/                   |           |
[train_ppo-6] |    fps                  | 8         |
[train_ppo-6] |    iterations           | 489       |
[train_ppo-6] |    time_elapsed         | 58372     |
[train_ppo-6] |    total_timesteps      | 500736    |
[train_ppo-6] | train/                  |           |
[train_ppo-6] |    approx_kl            | 1.1189152 |
[train_ppo-6] |    clip_fraction        | 0.498     |
[train_ppo-6] |    clip_range           | 0.2       |
[train_ppo-6] |    clip_range_vf        | 0.2       |
[train_ppo-6] |    entropy_loss         | 3.15      |
[train_ppo-6] |    explained_variance   | 0.65      |
[train_ppo-6] |    learning_rate        | 0.000252  |
[train_ppo-6] |    loss                 | 0.046     |
[train_ppo-6] |    n_updates            | 3451      |
[train_ppo-6] |    policy_gradient_loss | 0.0391    |
[train_ppo-6] |    std                  | 0.0508    |
[train_ppo-6] |    value_loss           | 0.0107    |
[train_ppo-6] ---------------------------------------
[train_ppo-6] PPO progress: 501000/2500000 (20%) | ep_rew_mean=400.13 | ep_len_mean=387 | episodes=100 | fps=8
[train_ppo-6] ----------------------------------------
[train_ppo-6] | rollout/                |            |
[train_ppo-6] |    ep_len_mean          | 390        |
[train_ppo-6] |    ep_rew_mean          | 404        |
[train_ppo-6] | time/                   |            |
[train_ppo-6] |    fps                  | 8          |
[train_ppo-6] |    iterations           | 490        |
[train_ppo-6] |    time_elapsed         | 58492      |
[train_ppo-6] |    total_timesteps      | 501760     |
[train_ppo-6] | train/                  |            |
[train_ppo-6] |    approx_kl            | 0.26403028 |
[train_ppo-6] |    clip_fraction        | 0.543      |
[train_ppo-6] |    clip_range           | 0.2        |
[train_ppo-6] |    clip_range_vf        | 0.2        |
[train_ppo-6] |    entropy_loss         | 3.16       |
[train_ppo-6] |    explained_variance   | 0.709      |
[train_ppo-6] |    learning_rate        | 0.000252   |
[train_ppo-6] |    loss                 | 0.0239     |
[train_ppo-6] |    n_updates            | 3461       |
[train_ppo-6] |    policy_gradient_loss | -0.0513    |
[train_ppo-6] |    std                  | 0.0501     |
[train_ppo-6] |    value_loss           | 0.0747     |
[train_ppo-6] ----------------------------------------
[train_ppo-6] Early stopping at step 4 due to reaching max kl: 0.80
[train_ppo-6] PPO progress: 502000/2500000 (20%) | ep_rew_mean=404.00 | ep_len_mean=390 | episodes=100 | fps=8
[train_ppo-6] ----------------------------------------
[train_ppo-6] | rollout/                |            |
[train_ppo-6] |    ep_len_mean          | 390        |
[train_ppo-6] |    ep_rew_mean          | 404        |
[train_ppo-6] | time/                   |            |
[train_ppo-6] |    fps                  | 8          |
[train_ppo-6] |    iterations           | 491        |
[train_ppo-6] |    time_elapsed         | 58611      |
[train_ppo-6] |    total_timesteps      | 502784     |
[train_ppo-6] | train/                  |            |
[train_ppo-6] |    approx_kl            | 0.30469698 |
[train_ppo-6] |    clip_fraction        | 0.507      |
[train_ppo-6] |    clip_range           | 0.2        |
[train_ppo-6] |    clip_range_vf        | 0.2        |
[train_ppo-6] |    entropy_loss         | 3.19       |
[train_ppo-6] |    explained_variance   | 0.675      |
[train_ppo-6] |    learning_rate        | 0.000252   |
[train_ppo-6] |    loss                 | 0.0637     |
[train_ppo-6] |    n_updates            | 3466       |
[train_ppo-6] |    policy_gradient_loss | -0.0266    |
[train_ppo-6] |    std                  | 0.05       |
[train_ppo-6] |    value_loss           | 0.179      |
[train_ppo-6] ----------------------------------------
[train_ppo-6] Early stopping at step 1 due to reaching max kl: 0.77
[train_ppo-6] PPO progress: 503000/2500000 (20%) | ep_rew_mean=404.00 | ep_len_mean=390 | episodes=100 | fps=8
[train_ppo-6] ----------------------------------------
[train_ppo-6] | rollout/                |            |
[train_ppo-6] |    ep_len_mean          | 408        |
[train_ppo-6] |    ep_rew_mean          | 422        |
[train_ppo-6] | time/                   |            |
[train_ppo-6] |    fps                  | 8          |
[train_ppo-6] |    iterations           | 492        |
[train_ppo-6] |    time_elapsed         | 58729      |
[train_ppo-6] |    total_timesteps      | 503808     |
[train_ppo-6] | train/                  |            |
[train_ppo-6] |    approx_kl            | 0.41381025 |
[train_ppo-6] |    clip_fraction        | 0.452      |
[train_ppo-6] |    clip_range           | 0.2        |
[train_ppo-6] |    clip_range_vf        | 0.2        |
[train_ppo-6] |    entropy_loss         | 3.19       |
[train_ppo-6] |    explained_variance   | 0.476      |
[train_ppo-6] |    learning_rate        | 0.000252   |
[train_ppo-6] |    loss                 | 0.0773     |
[train_ppo-6] |    n_updates            | 3468       |
[train_ppo-6] |    policy_gradient_loss | 0.0278     |
[train_ppo-6] |    std                  | 0.05       |
[train_ppo-6] |    value_loss           | 0.0162     |
[train_ppo-6] ----------------------------------------
[train_ppo-6] Early stopping at step 8 due to reaching max kl: 0.76
[train_ppo-6] PPO progress: 504000/2500000 (20%) | ep_rew_mean=422.17 | ep_len_mean=408 | episodes=100 | fps=8
[train_ppo-6] ---------------------------------------
[train_ppo-6] | rollout/                |           |
[train_ppo-6] |    ep_len_mean          | 408       |
[train_ppo-6] |    ep_rew_mean          | 422       |
[train_ppo-6] | time/                   |           |
[train_ppo-6] |    fps                  | 8         |
[train_ppo-6] |    iterations           | 493       |
[train_ppo-6] |    time_elapsed         | 58847     |
[train_ppo-6] |    total_timesteps      | 504832    |
[train_ppo-6] | train/                  |           |
[train_ppo-6] |    approx_kl            | 0.4792776 |
[train_ppo-6] |    clip_fraction        | 0.629     |
[train_ppo-6] |    clip_range           | 0.2       |
[train_ppo-6] |    clip_range_vf        | 0.2       |
[train_ppo-6] |    entropy_loss         | 3.2       |
[train_ppo-6] |    explained_variance   | 0.707     |
[train_ppo-6] |    learning_rate        | 0.000252  |
[train_ppo-6] |    loss                 | -0.0655   |
[train_ppo-6] |    n_updates            | 3477      |
[train_ppo-6] |    policy_gradient_loss | -0.0714   |
[train_ppo-6] |    std                  | 0.0494    |
[train_ppo-6] |    value_loss           | 0.00634   |
[train_ppo-6] ---------------------------------------
[train_ppo-6] PPO progress: 505000/2500000 (20%) | ep_rew_mean=422.17 | ep_len_mean=408 | episodes=100 | fps=8
[gazebo-2] NodeShared::RecvSrvRequest() error sending response: Host unreachable
[train_ppo-6] [WARN] [1787278143.693647405] [cobraflex_rl_interface]: Gazebo service call failed for /world/lane_following_complex_b/set_pose: Service call timed out
[train_ppo-6] ----------------------------------------
[train_ppo-6] | rollout/                |            |
[train_ppo-6] |    ep_len_mean          | 393        |
[train_ppo-6] |    ep_rew_mean          | 407        |
[train_ppo-6] | time/                   |            |
[train_ppo-6] |    fps                  | 8          |
[train_ppo-6] |    iterations           | 494        |
[train_ppo-6] |    time_elapsed         | 58976      |
[train_ppo-6] |    total_timesteps      | 505856     |
[train_ppo-6] | train/                  |            |
[train_ppo-6] |    approx_kl            | 0.23409754 |
[train_ppo-6] |    clip_fraction        | 0.573      |
[train_ppo-6] |    clip_range           | 0.2        |
[train_ppo-6] |    clip_range_vf        | 0.2        |
[train_ppo-6] |    entropy_loss         | 3.21       |
[train_ppo-6] |    explained_variance   | 0.783      |
[train_ppo-6] |    learning_rate        | 0.000252   |
[train_ppo-6] |    loss                 | -0.0487    |
[train_ppo-6] |    n_updates            | 3487       |
[train_ppo-6] |    policy_gradient_loss | -0.0667    |
[train_ppo-6] |    std                  | 0.0494     |
[train_ppo-6] |    value_loss           | 0.00622    |
[train_ppo-6] ----------------------------------------
[train_ppo-6] Early stopping at step 1 due to reaching max kl: 1.06
[train_ppo-6] PPO progress: 506000/2500000 (20%) | ep_rew_mean=407.05 | ep_len_mean=393 | episodes=100 | fps=8
[train_ppo-6] ---------------------------------------
[train_ppo-6] | rollout/                |           |
[train_ppo-6] |    ep_len_mean          | 393       |
[train_ppo-6] |    ep_rew_mean          | 407       |
[train_ppo-6] | time/                   |           |
[train_ppo-6] |    fps                  | 8         |
[train_ppo-6] |    iterations           | 495       |
[train_ppo-6] |    time_elapsed         | 59094     |
[train_ppo-6] |    total_timesteps      | 506880    |
[train_ppo-6] | train/                  |           |
[train_ppo-6] |    approx_kl            | 0.2690374 |
[train_ppo-6] |    clip_fraction        | 0.43      |
[train_ppo-6] |    clip_range           | 0.2       |
[train_ppo-6] |    clip_range_vf        | 0.2       |
[train_ppo-6] |    entropy_loss         | 3.21      |
[train_ppo-6] |    explained_variance   | 0.621     |
[train_ppo-6] |    learning_rate        | 0.000251  |
[train_ppo-6] |    loss                 | 0.285     |
[train_ppo-6] |    n_updates            | 3489      |
[train_ppo-6] |    policy_gradient_loss | 0.00212   |
[train_ppo-6] |    std                  | 0.0495    |
[train_ppo-6] |    value_loss           | 0.149     |
[train_ppo-6] ---------------------------------------
[train_ppo-6] Early stopping at step 1 due to reaching max kl: 0.80
[train_ppo-6] PPO progress: 507000/2500000 (20%) | ep_rew_mean=407.05 | ep_len_mean=393 | episodes=100 | fps=8
[train_ppo-6] ----------------------------------------
[train_ppo-6] | rollout/                |            |
[train_ppo-6] |    ep_len_mean          | 403        |
[train_ppo-6] |    ep_rew_mean          | 417        |
[train_ppo-6] | time/                   |            |
[train_ppo-6] |    fps                  | 8          |
[train_ppo-6] |    iterations           | 496        |
[train_ppo-6] |    time_elapsed         | 59218      |
[train_ppo-6] |    total_timesteps      | 507904     |
[train_ppo-6] | train/                  |            |
[train_ppo-6] |    approx_kl            | 0.34537476 |
[train_ppo-6] |    clip_fraction        | 0.469      |
[train_ppo-6] |    clip_range           | 0.2        |
[train_ppo-6] |    clip_range_vf        | 0.2        |
[train_ppo-6] |    entropy_loss         | 3.21       |
[train_ppo-6] |    explained_variance   | 0.658      |
[train_ppo-6] |    learning_rate        | 0.000251   |
[train_ppo-6] |    loss                 | 0.0122     |
[train_ppo-6] |    n_updates            | 3491       |
[train_ppo-6] |    policy_gradient_loss | 0.0206     |
[train_ppo-6] |    std                  | 0.0495     |
[train_ppo-6] |    value_loss           | 0.0158     |
[train_ppo-6] ----------------------------------------
[train_ppo-6] Early stopping at step 0 due to reaching max kl: 1.22
[train_ppo-6] PPO progress: 508000/2500000 (20%) | ep_rew_mean=417.34 | ep_len_mean=403 | episodes=100 | fps=8
[train_ppo-6] ----------------------------------------
[train_ppo-6] | rollout/                |            |
[train_ppo-6] |    ep_len_mean          | 374        |
[train_ppo-6] |    ep_rew_mean          | 387        |
[train_ppo-6] | time/                   |            |
[train_ppo-6] |    fps                  | 8          |
[train_ppo-6] |    iterations           | 497        |
[train_ppo-6] |    time_elapsed         | 59348      |
[train_ppo-6] |    total_timesteps      | 508928     |
[train_ppo-6] | train/                  |            |
[train_ppo-6] |    approx_kl            | 0.16332807 |
[train_ppo-6] |    clip_fraction        | 0.357      |
[train_ppo-6] |    clip_range           | 0.2        |
[train_ppo-6] |    clip_range_vf        | 0.2        |
[train_ppo-6] |    entropy_loss         | 3.21       |
[train_ppo-6] |    explained_variance   | 0.572      |
[train_ppo-6] |    learning_rate        | 0.000251   |
[train_ppo-6] |    loss                 | 0.188      |
[train_ppo-6] |    n_updates            | 3492       |
[train_ppo-6] |    policy_gradient_loss | 0.0324     |
[train_ppo-6] |    std                  | 0.0495     |
[train_ppo-6] |    value_loss           | 0.0465     |
[train_ppo-6] ----------------------------------------
[train_ppo-6] Early stopping at step 1 due to reaching max kl: 1.23
[train_ppo-6] PPO progress: 509000/2500000 (20%) | ep_rew_mean=386.69 | ep_len_mean=374 | episodes=100 | fps=8
[train_ppo-6] ---------------------------------------
[train_ppo-6] | rollout/                |           |
[train_ppo-6] |    ep_len_mean          | 374       |
[train_ppo-6] |    ep_rew_mean          | 387       |
[train_ppo-6] | time/                   |           |
[train_ppo-6] |    fps                  | 8         |
[train_ppo-6] |    iterations           | 498       |
[train_ppo-6] |    time_elapsed         | 59466     |
[train_ppo-6] |    total_timesteps      | 509952    |
[train_ppo-6] | train/                  |           |
[train_ppo-6] |    approx_kl            | 0.3673015 |
[train_ppo-6] |    clip_fraction        | 0.37      |
[train_ppo-6] |    clip_range           | 0.2       |
[train_ppo-6] |    clip_range_vf        | 0.2       |
[train_ppo-6] |    entropy_loss         | 3.21      |
[train_ppo-6] |    explained_variance   | 0.359     |
[train_ppo-6] |    learning_rate        | 0.000251  |
[train_ppo-6] |    loss                 | 0.317     |
[train_ppo-6] |    n_updates            | 3494      |
[train_ppo-6] |    policy_gradient_loss | 0.0238    |
[train_ppo-6] |    std                  | 0.0496    |
[train_ppo-6] |    value_loss           | 0.272     |
[train_ppo-6] ---------------------------------------
[train_ppo-6] Early stopping at step 5 due to reaching max kl: 1.26
[train_ppo-6] PPO progress: 510000/2500000 (20%) | ep_rew_mean=386.69 | ep_len_mean=374 | episodes=100 | fps=8
[train_ppo-6] ----------------------------------------
[train_ppo-6] | rollout/                |            |
[train_ppo-6] |    ep_len_mean          | 393        |
[train_ppo-6] |    ep_rew_mean          | 407        |
[train_ppo-6] | time/                   |            |
[train_ppo-6] |    fps                  | 8          |
[train_ppo-6] |    iterations           | 499        |
[train_ppo-6] |    time_elapsed         | 59587      |
[train_ppo-6] |    total_timesteps      | 510976     |
[train_ppo-6] | train/                  |            |
[train_ppo-6] |    approx_kl            | 0.60842186 |
[train_ppo-6] |    clip_fraction        | 0.474      |
[train_ppo-6] |    clip_range           | 0.2        |
[train_ppo-6] |    clip_range_vf        | 0.2        |
[train_ppo-6] |    entropy_loss         | 3.2        |
[train_ppo-6] |    explained_variance   | 0.707      |
[train_ppo-6] |    learning_rate        | 0.000251   |
[train_ppo-6] |    loss                 | -0.0126    |
[train_ppo-6] |    n_updates            | 3500       |
[train_ppo-6] |    policy_gradient_loss | -0.0362    |
[train_ppo-6] |    std                  | 0.0497     |
[train_ppo-6] |    value_loss           | 0.00558    |
[train_ppo-6] ----------------------------------------
[train_ppo-6] Early stopping at step 1 due to reaching max kl: 1.05
[train_ppo-6] PPO progress: 511000/2500000 (20%) | ep_rew_mean=407.45 | ep_len_mean=393 | episodes=100 | fps=8
[train_ppo-6] PPO progress: 512000/2500000 (20%) | ep_rew_mean=407.45 | ep_len_mean=393 | episodes=100 | fps=8
[train_ppo-6] ----------------------------------------
[train_ppo-6] | rollout/                |            |
[train_ppo-6] |    ep_len_mean          | 393        |
[train_ppo-6] |    ep_rew_mean          | 407        |
[train_ppo-6] | time/                   |            |
[train_ppo-6] |    fps                  | 8          |
[train_ppo-6] |    iterations           | 500        |
[train_ppo-6] |    time_elapsed         | 59705      |
[train_ppo-6] |    total_timesteps      | 512000     |
[train_ppo-6] | train/                  |            |
[train_ppo-6] |    approx_kl            | 0.20869996 |
[train_ppo-6] |    clip_fraction        | 0.383      |
[train_ppo-6] |    clip_range           | 0.2        |
[train_ppo-6] |    clip_range_vf        | 0.2        |
[train_ppo-6] |    entropy_loss         | 3.2        |
[train_ppo-6] |    explained_variance   | -0.352     |
[train_ppo-6] |    learning_rate        | 0.000251   |
[train_ppo-6] |    loss                 | 0.26       |
[train_ppo-6] |    n_updates            | 3502       |
[train_ppo-6] |    policy_gradient_loss | 0.00387    |
[train_ppo-6] |    std                  | 0.0497     |
[train_ppo-6] |    value_loss           | 0.0423     |
[train_ppo-6] ----------------------------------------
[train_ppo-6] PPO progress: 513000/2500000 (21%) | ep_rew_mean=428.19 | ep_len_mean=413 | episodes=100 | fps=8
[train_ppo-6] ---------------------------------------
[train_ppo-6] | rollout/                |           |
[train_ppo-6] |    ep_len_mean          | 413       |
[train_ppo-6] |    ep_rew_mean          | 428       |
[train_ppo-6] | time/                   |           |
[train_ppo-6] |    fps                  | 8         |
[train_ppo-6] |    iterations           | 501       |
[train_ppo-6] |    time_elapsed         | 59826     |
[train_ppo-6] |    total_timesteps      | 513024    |
[train_ppo-6] | train/                  |           |
[train_ppo-6] |    approx_kl            | 0.3010711 |
[train_ppo-6] |    clip_fraction        | 0.588     |
[train_ppo-6] |    clip_range           | 0.2       |
[train_ppo-6] |    clip_range_vf        | 0.2       |
[train_ppo-6] |    entropy_loss         | 3.2       |
[train_ppo-6] |    explained_variance   | 0.748     |
[train_ppo-6] |    learning_rate        | 0.000251  |
[train_ppo-6] |    loss                 | -0.0291   |
[train_ppo-6] |    n_updates            | 3512      |
[train_ppo-6] |    policy_gradient_loss | -0.0693   |
[train_ppo-6] |    std                  | 0.0495    |
[train_ppo-6] |    value_loss           | 0.00798   |
[train_ppo-6] ---------------------------------------
[train_ppo-6] Early stopping at step 5 due to reaching max kl: 1.05
[train_ppo-6] PPO progress: 514000/2500000 (21%) | ep_rew_mean=428.19 | ep_len_mean=413 | episodes=100 | fps=8
[train_ppo-6] ----------------------------------------
[train_ppo-6] | rollout/                |            |
[train_ppo-6] |    ep_len_mean          | 413        |
[train_ppo-6] |    ep_rew_mean          | 428        |
[train_ppo-6] | time/                   |            |
[train_ppo-6] |    fps                  | 8          |
[train_ppo-6] |    iterations           | 502        |
[train_ppo-6] |    time_elapsed         | 59945      |
[train_ppo-6] |    total_timesteps      | 514048     |
[train_ppo-6] | train/                  |            |
[train_ppo-6] |    approx_kl            | 0.40796104 |
[train_ppo-6] |    clip_fraction        | 0.503      |
[train_ppo-6] |    clip_range           | 0.2        |
[train_ppo-6] |    clip_range_vf        | 0.2        |
[train_ppo-6] |    entropy_loss         | 3.21       |
[train_ppo-6] |    explained_variance   | 0.724      |
[train_ppo-6] |    learning_rate        | 0.000251   |
[train_ppo-6] |    loss                 | 0.138      |
[train_ppo-6] |    n_updates            | 3518       |
[train_ppo-6] |    policy_gradient_loss | -0.0351    |
[train_ppo-6] |    std                  | 0.0492     |
[train_ppo-6] |    value_loss           | 0.0107     |
[train_ppo-6] ----------------------------------------
[gazebo-2] NodeShared::RecvSrvRequest() error sending response: Host unreachable
[train_ppo-6] [WARN] [1787279209.648441344] [cobraflex_rl_interface]: Gazebo service call failed for /world/lane_following_complex_b/set_pose: Service call timed out
[train_ppo-6] Early stopping at step 2 due to reaching max kl: 0.96
[train_ppo-6] PPO progress: 515000/2500000 (21%) | ep_rew_mean=406.00 | ep_len_mean=391 | episodes=100 | fps=8
[train_ppo-6] ----------------------------------------
[train_ppo-6] | rollout/                |            |
[train_ppo-6] |    ep_len_mean          | 391        |
[train_ppo-6] |    ep_rew_mean          | 406        |
[train_ppo-6] | time/                   |            |
[train_ppo-6] |    fps                  | 8          |
[train_ppo-6] |    iterations           | 503        |
[train_ppo-6] |    time_elapsed         | 60068      |
[train_ppo-6] |    total_timesteps      | 515072     |
[train_ppo-6] | train/                  |            |
[train_ppo-6] |    approx_kl            | 0.19870616 |
[train_ppo-6] |    clip_fraction        | 0.449      |
[train_ppo-6] |    clip_range           | 0.2        |
[train_ppo-6] |    clip_range_vf        | 0.2        |
[train_ppo-6] |    entropy_loss         | 3.22       |
[train_ppo-6] |    explained_variance   | 0.797      |
[train_ppo-6] |    learning_rate        | 0.000251   |
[train_ppo-6] |    loss                 | 0.0125     |
[train_ppo-6] |    n_updates            | 3521       |
[train_ppo-6] |    policy_gradient_loss | -0.0188    |
[train_ppo-6] |    std                  | 0.0493     |
[train_ppo-6] |    value_loss           | 0.00514    |
[train_ppo-6] ----------------------------------------
[train_ppo-6] Early stopping at step 1 due to reaching max kl: 0.99
[train_ppo-6] PPO progress: 516000/2500000 (21%) | ep_rew_mean=406.00 | ep_len_mean=391 | episodes=100 | fps=8
[train_ppo-6] ----------------------------------------
[train_ppo-6] | rollout/                |            |
[train_ppo-6] |    ep_len_mean          | 391        |
[train_ppo-6] |    ep_rew_mean          | 406        |
[train_ppo-6] | time/                   |            |
[train_ppo-6] |    fps                  | 8          |
[train_ppo-6] |    iterations           | 504        |
[train_ppo-6] |    time_elapsed         | 60186      |
[train_ppo-6] |    total_timesteps      | 516096     |
[train_ppo-6] | train/                  |            |
[train_ppo-6] |    approx_kl            | 0.25449878 |
[train_ppo-6] |    clip_fraction        | 0.415      |
[train_ppo-6] |    clip_range           | 0.2        |
[train_ppo-6] |    clip_range_vf        | 0.2        |
[train_ppo-6] |    entropy_loss         | 3.21       |
[train_ppo-6] |    explained_variance   | 0.783      |
[train_ppo-6] |    learning_rate        | 0.000251   |
[train_ppo-6] |    loss                 | 0.735      |
[train_ppo-6] |    n_updates            | 3523       |
[train_ppo-6] |    policy_gradient_loss | 0.016      |
[train_ppo-6] |    std                  | 0.0495     |
[train_ppo-6] |    value_loss           | 0.0789     |
[train_ppo-6] ----------------------------------------
[train_ppo-6] Early stopping at step 2 due to reaching max kl: 0.89
[train_ppo-6] PPO progress: 517000/2500000 (21%) | ep_rew_mean=426.61 | ep_len_mean=412 | episodes=100 | fps=8
[train_ppo-6] ----------------------------------------
[train_ppo-6] | rollout/                |            |
[train_ppo-6] |    ep_len_mean          | 414        |
[train_ppo-6] |    ep_rew_mean          | 430        |
[train_ppo-6] | time/                   |            |
[train_ppo-6] |    fps                  | 8          |
[train_ppo-6] |    iterations           | 505        |
[train_ppo-6] |    time_elapsed         | 60305      |
[train_ppo-6] |    total_timesteps      | 517120     |
[train_ppo-6] | train/                  |            |
[train_ppo-6] |    approx_kl            | 0.38518417 |
[train_ppo-6] |    clip_fraction        | 0.552      |
[train_ppo-6] |    clip_range           | 0.2        |
[train_ppo-6] |    clip_range_vf        | 0.2        |
[train_ppo-6] |    entropy_loss         | 3.21       |
[train_ppo-6] |    explained_variance   | 0.799      |
[train_ppo-6] |    learning_rate        | 0.00025    |
[train_ppo-6] |    loss                 | 0.0205     |
[train_ppo-6] |    n_updates            | 3526       |
[train_ppo-6] |    policy_gradient_loss | -0.0181    |
[train_ppo-6] |    std                  | 0.0496     |
[train_ppo-6] |    value_loss           | 0.0108     |
[train_ppo-6] ----------------------------------------
[gazebo-2] NodeShared::RecvSrvRequest() error sending response: Host unreachable
[train_ppo-6] [WARN] [1787279498.043983500] [cobraflex_rl_interface]: Gazebo service call failed for /world/lane_following_complex_b/set_pose: Service call timed out
[gazebo-2] NodeShared::RecvSrvRequest() error sending response: Host unreachable
[train_ppo-6] [WARN] [1787279563.304884932] [cobraflex_rl_interface]: Gazebo service call failed for /world/lane_following_complex_b/set_pose: Service call timed out
[gazebo-2] NodeShared::RecvSrvRequest() error sending response: Host unreachable
[train_ppo-6] [WARN] [1787279570.024351364] [cobraflex_rl_interface]: Gazebo service call failed for /world/lane_following_complex_b/set_pose: Service call timed out
[train_ppo-6] Early stopping at step 7 due to reaching max kl: 0.80
[train_ppo-6] PPO progress: 518000/2500000 (21%) | ep_rew_mean=421.95 | ep_len_mean=407 | episodes=100 | fps=8
[train_ppo-6] ---------------------------------------
[train_ppo-6] | rollout/                |           |
[train_ppo-6] |    ep_len_mean          | 407       |
[train_ppo-6] |    ep_rew_mean          | 422       |
[train_ppo-6] | time/                   |           |
[train_ppo-6] |    fps                  | 8         |
[train_ppo-6] |    iterations           | 506       |
[train_ppo-6] |    time_elapsed         | 60440     |
[train_ppo-6] |    total_timesteps      | 518144    |
[train_ppo-6] | train/                  |           |
[train_ppo-6] |    approx_kl            | 0.3647326 |
[train_ppo-6] |    clip_fraction        | 0.589     |
[train_ppo-6] |    clip_range           | 0.2       |
[train_ppo-6] |    clip_range_vf        | 0.2       |
[train_ppo-6] |    entropy_loss         | 3.2       |
[train_ppo-6] |    explained_variance   | 0.889     |
[train_ppo-6] |    learning_rate        | 0.00025   |
[train_ppo-6] |    loss                 | 0.117     |
[train_ppo-6] |    n_updates            | 3534      |
[train_ppo-6] |    policy_gradient_loss | -0.0196   |
[train_ppo-6] |    std                  | 0.0498    |
[train_ppo-6] |    value_loss           | 0.0309    |
[train_ppo-6] ---------------------------------------
[train_ppo-6] Early stopping at step 4 due to reaching max kl: 0.89
[train_ppo-6] PPO progress: 519000/2500000 (21%) | ep_rew_mean=419.05 | ep_len_mean=404 | episodes=100 | fps=8
[train_ppo-6] ----------------------------------------
[train_ppo-6] | rollout/                |            |
[train_ppo-6] |    ep_len_mean          | 404        |
[train_ppo-6] |    ep_rew_mean          | 419        |
[train_ppo-6] | time/                   |            |
[train_ppo-6] |    fps                  | 8          |
[train_ppo-6] |    iterations           | 507        |
[train_ppo-6] |    time_elapsed         | 60559      |
[train_ppo-6] |    total_timesteps      | 519168     |
[train_ppo-6] | train/                  |            |
[train_ppo-6] |    approx_kl            | 0.41311377 |
[train_ppo-6] |    clip_fraction        | 0.501      |
[train_ppo-6] |    clip_range           | 0.2        |
[train_ppo-6] |    clip_range_vf        | 0.2        |
[train_ppo-6] |    entropy_loss         | 3.2        |
[train_ppo-6] |    explained_variance   | 0.763      |
[train_ppo-6] |    learning_rate        | 0.00025    |
[train_ppo-6] |    loss                 | 0.0693     |
[train_ppo-6] |    n_updates            | 3539       |
[train_ppo-6] |    policy_gradient_loss | -0.029     |
[train_ppo-6] |    std                  | 0.0497     |
[train_ppo-6] |    value_loss           | 0.182      |
[train_ppo-6] ----------------------------------------
[train_ppo-6] PPO progress: 520000/2500000 (21%) | ep_rew_mean=419.05 | ep_len_mean=404 | episodes=100 | fps=8
[train_ppo-6] ----------------------------------------
[train_ppo-6] | rollout/                |            |
[train_ppo-6] |    ep_len_mean          | 404        |
[train_ppo-6] |    ep_rew_mean          | 419        |
[train_ppo-6] | time/                   |            |
[train_ppo-6] |    fps                  | 8          |
[train_ppo-6] |    iterations           | 508        |
[train_ppo-6] |    time_elapsed         | 60678      |
[train_ppo-6] |    total_timesteps      | 520192     |
[train_ppo-6] | train/                  |            |
[train_ppo-6] |    approx_kl            | 0.24162191 |
[train_ppo-6] |    clip_fraction        | 0.515      |
[train_ppo-6] |    clip_range           | 0.2        |
[train_ppo-6] |    clip_range_vf        | 0.2        |
[train_ppo-6] |    entropy_loss         | 3.21       |
[train_ppo-6] |    explained_variance   | 0.233      |
[train_ppo-6] |    learning_rate        | 0.00025    |
[train_ppo-6] |    loss                 | 0.286      |
[train_ppo-6] |    n_updates            | 3549       |
[train_ppo-6] |    policy_gradient_loss | -0.0421    |
[train_ppo-6] |    std                  | 0.0488     |
[train_ppo-6] |    value_loss           | 0.156      |
[train_ppo-6] ----------------------------------------
[gazebo-2] NodeShared::RecvSrvRequest() error sending response: Host unreachable
[train_ppo-6] [WARN] [1787279908.778327405] [cobraflex_rl_interface]: Gazebo service call failed for /world/lane_following_complex_b/set_pose: Service call timed out
[gazebo-2] NodeShared::RecvSrvRequest() error sending response: Host unreachable
[train_ppo-6] [WARN] [1787279912.828218001] [cobraflex_rl_interface]: Gazebo service call failed for /world/lane_following_complex_b/set_pose: Service call timed out
[train_ppo-6] PPO progress: 521000/2500000 (21%) | ep_rew_mean=434.84 | ep_len_mean=420 | episodes=100 | fps=8
[train_ppo-6] ---------------------------------------
[train_ppo-6] | rollout/                |           |
[train_ppo-6] |    ep_len_mean          | 420       |
[train_ppo-6] |    ep_rew_mean          | 435       |
[train_ppo-6] | time/                   |           |
[train_ppo-6] |    fps                  | 8         |
[train_ppo-6] |    iterations           | 509       |
[train_ppo-6] |    time_elapsed         | 60805     |
[train_ppo-6] |    total_timesteps      | 521216    |
[train_ppo-6] | train/                  |           |
[train_ppo-6] |    approx_kl            | 0.2788689 |
[train_ppo-6] |    clip_fraction        | 0.604     |
[train_ppo-6] |    clip_range           | 0.2       |
[train_ppo-6] |    clip_range_vf        | 0.2       |
[train_ppo-6] |    entropy_loss         | 3.25      |
[train_ppo-6] |    explained_variance   | 0.77      |
[train_ppo-6] |    learning_rate        | 0.00025   |
[train_ppo-6] |    loss                 | -0.0562   |
[train_ppo-6] |    n_updates            | 3559      |
[train_ppo-6] |    policy_gradient_loss | -0.082    |
[train_ppo-6] |    std                  | 0.0479    |
[train_ppo-6] |    value_loss           | 0.00463   |
[train_ppo-6] ---------------------------------------
[train_ppo-6] Early stopping at step 4 due to reaching max kl: 0.88
[train_ppo-6] PPO progress: 522000/2500000 (21%) | ep_rew_mean=434.84 | ep_len_mean=420 | episodes=100 | fps=8
[train_ppo-6] ---------------------------------------
[train_ppo-6] | rollout/                |           |
[train_ppo-6] |    ep_len_mean          | 420       |
[train_ppo-6] |    ep_rew_mean          | 435       |
[train_ppo-6] | time/                   |           |
[train_ppo-6] |    fps                  | 8         |
[train_ppo-6] |    iterations           | 510       |
[train_ppo-6] |    time_elapsed         | 60923     |
[train_ppo-6] |    total_timesteps      | 522240    |
[train_ppo-6] | train/                  |           |
[train_ppo-6] |    approx_kl            | 0.5747065 |
[train_ppo-6] |    clip_fraction        | 0.55      |
[train_ppo-6] |    clip_range           | 0.2       |
[train_ppo-6] |    clip_range_vf        | 0.2       |
[train_ppo-6] |    entropy_loss         | 3.28      |
[train_ppo-6] |    explained_variance   | 0.557     |
[train_ppo-6] |    learning_rate        | 0.00025   |
[train_ppo-6] |    loss                 | 0.0732    |
[train_ppo-6] |    n_updates            | 3564      |
[train_ppo-6] |    policy_gradient_loss | -0.0351   |
[train_ppo-6] |    std                  | 0.0477    |
[train_ppo-6] |    value_loss           | 0.12      |
[train_ppo-6] ---------------------------------------
[gazebo-2] NodeShared::RecvSrvRequest() error sending response: Host unreachable
[train_ppo-6] [WARN] [1787280153.667766835] [cobraflex_rl_interface]: Gazebo service call failed for /world/lane_following_complex_b/set_pose: Service call timed out
[gazebo-2] NodeShared::RecvSrvRequest() error sending response: Host unreachable
[train_ppo-6] [WARN] [1787280157.716680193] [cobraflex_rl_interface]: Gazebo service call failed for /world/lane_following_complex_b/set_pose: Service call timed out
[train_ppo-6] Early stopping at step 2 due to reaching max kl: 0.91
[train_ppo-6] PPO progress: 523000/2500000 (21%) | ep_rew_mean=454.78 | ep_len_mean=440 | episodes=100 | fps=8
[gazebo-2] NodeShared::RecvSrvRequest() error sending response: Host unreachable
[train_ppo-6] [WARN] [1787280232.669714231] [cobraflex_rl_interface]: Gazebo service call failed for /world/lane_following_complex_b/set_pose: Service call timed out
[train_ppo-6] ----------------------------------------
[train_ppo-6] | rollout/                |            |
[train_ppo-6] |    ep_len_mean          | 444        |
[train_ppo-6] |    ep_rew_mean          | 459        |
[train_ppo-6] | time/                   |            |
[train_ppo-6] |    fps                  | 8          |
[train_ppo-6] |    iterations           | 511        |
[train_ppo-6] |    time_elapsed         | 61054      |
[train_ppo-6] |    total_timesteps      | 523264     |
[train_ppo-6] | train/                  |            |
[train_ppo-6] |    approx_kl            | 0.50394255 |
[train_ppo-6] |    clip_fraction        | 0.553      |
[train_ppo-6] |    clip_range           | 0.2        |
[train_ppo-6] |    clip_range_vf        | 0.2        |
[train_ppo-6] |    entropy_loss         | 3.28       |
[train_ppo-6] |    explained_variance   | 0.463      |
[train_ppo-6] |    learning_rate        | 0.00025    |
[train_ppo-6] |    loss                 | 0.131      |
[train_ppo-6] |    n_updates            | 3567       |
[train_ppo-6] |    policy_gradient_loss | 0.0246     |
[train_ppo-6] |    std                  | 0.0478     |
[train_ppo-6] |    value_loss           | 0.0237     |
[train_ppo-6] ----------------------------------------
[gazebo-2] NodeShared::RecvSrvRequest() error sending response: Host unreachable
[train_ppo-6] [WARN] [1787280254.810260493] [cobraflex_rl_interface]: Gazebo service call failed for /world/lane_following_complex_b/set_pose: Service call timed out
[gazebo-2] NodeShared::RecvSrvRequest() error sending response: Host unreachable
[train_ppo-6] [WARN] [1787280263.911039151] [cobraflex_rl_interface]: Gazebo service call failed for /world/lane_following_complex_b/set_pose: Service call timed out
[gazebo-2] NodeShared::RecvSrvRequest() error sending response: Host unreachable
[train_ppo-6] [WARN] [1787280270.591120634] [cobraflex_rl_interface]: Gazebo service call failed for /world/lane_following_complex_b/set_pose: Service call timed out
[train_ppo-6] Early stopping at step 4 due to reaching max kl: 0.81
[train_ppo-6] PPO progress: 524000/2500000 (21%) | ep_rew_mean=450.58 | ep_len_mean=436 | episodes=100 | fps=8
[train_ppo-6] ----------------------------------------
[train_ppo-6] | rollout/                |            |
[train_ppo-6] |    ep_len_mean          | 436        |
[train_ppo-6] |    ep_rew_mean          | 451        |
[train_ppo-6] | time/                   |            |
[train_ppo-6] |    fps                  | 8          |
[train_ppo-6] |    iterations           | 512        |
[train_ppo-6] |    time_elapsed         | 61193      |
[train_ppo-6] |    total_timesteps      | 524288     |
[train_ppo-6] | train/                  |            |
[train_ppo-6] |    approx_kl            | 0.33092463 |
[train_ppo-6] |    clip_fraction        | 0.545      |
[train_ppo-6] |    clip_range           | 0.2        |
[train_ppo-6] |    clip_range_vf        | 0.2        |
[train_ppo-6] |    entropy_loss         | 3.27       |
[train_ppo-6] |    explained_variance   | 0.302      |
[train_ppo-6] |    learning_rate        | 0.00025    |
[train_ppo-6] |    loss                 | 0.102      |
[train_ppo-6] |    n_updates            | 3572       |
[train_ppo-6] |    policy_gradient_loss | -0.0121    |
[train_ppo-6] |    std                  | 0.0481     |
[train_ppo-6] |    value_loss           | 0.0835     |
[train_ppo-6] ----------------------------------------
[train_ppo-6] Early stopping at step 1 due to reaching max kl: 3.57
[train_ppo-6] PPO progress: 525000/2500000 (21%) | ep_rew_mean=450.58 | ep_len_mean=436 | episodes=100 | fps=8
[train_ppo-6] ----------------------------------------
[train_ppo-6] | rollout/                |            |
[train_ppo-6] |    ep_len_mean          | 436        |
[train_ppo-6] |    ep_rew_mean          | 451        |
[train_ppo-6] | time/                   |            |
[train_ppo-6] |    fps                  | 8          |
[train_ppo-6] |    iterations           | 513        |
[train_ppo-6] |    time_elapsed         | 61311      |
[train_ppo-6] |    total_timesteps      | 525312     |
[train_ppo-6] | train/                  |            |
[train_ppo-6] |    approx_kl            | 0.61417747 |
[train_ppo-6] |    clip_fraction        | 0.479      |
[train_ppo-6] |    clip_range           | 0.2        |
[train_ppo-6] |    clip_range_vf        | 0.2        |
[train_ppo-6] |    entropy_loss         | 3.27       |
[train_ppo-6] |    explained_variance   | 0.897      |
[train_ppo-6] |    learning_rate        | 0.00025    |
[train_ppo-6] |    loss                 | 0.0688     |
[train_ppo-6] |    n_updates            | 3574       |
[train_ppo-6] |    policy_gradient_loss | 0.00821    |
[train_ppo-6] |    std                  | 0.0482     |
[train_ppo-6] |    value_loss           | 0.0562     |
[train_ppo-6] ----------------------------------------
[train_ppo-6] Early stopping at step 2 due to reaching max kl: 0.80
[train_ppo-6] PPO progress: 526000/2500000 (21%) | ep_rew_mean=476.12 | ep_len_mean=461 | episodes=100 | fps=8
[gazebo-2] NodeShared::RecvSrvRequest() error sending response: Host unreachable
[train_ppo-6] [WARN] [1787280619.858112295] [cobraflex_rl_interface]: Gazebo service call failed for /world/lane_following_complex_b/set_pose: Service call timed out
[train_ppo-6] ---------------------------------------
[train_ppo-6] | rollout/                |           |
[train_ppo-6] |    ep_len_mean          | 451       |
[train_ppo-6] |    ep_rew_mean          | 465       |
[train_ppo-6] | time/                   |           |
[train_ppo-6] |    fps                  | 8         |
[train_ppo-6] |    iterations           | 514       |
[train_ppo-6] |    time_elapsed         | 61439     |
[train_ppo-6] |    total_timesteps      | 526336    |
[train_ppo-6] | train/                  |           |
[train_ppo-6] |    approx_kl            | 0.5197135 |
[train_ppo-6] |    clip_fraction        | 0.541     |
[train_ppo-6] |    clip_range           | 0.2       |
[train_ppo-6] |    clip_range_vf        | 0.2       |
[train_ppo-6] |    entropy_loss         | 3.26      |
[train_ppo-6] |    explained_variance   | 0.712     |
[train_ppo-6] |    learning_rate        | 0.00025   |
[train_ppo-6] |    loss                 | 0.102     |
[train_ppo-6] |    n_updates            | 3577      |
[train_ppo-6] |    policy_gradient_loss | 0.00145   |
[train_ppo-6] |    std                  | 0.0484    |
[train_ppo-6] |    value_loss           | 0.0119    |
[train_ppo-6] ---------------------------------------
[train_ppo-6] Early stopping at step 1 due to reaching max kl: 1.11
[train_ppo-6] PPO progress: 527000/2500000 (21%) | ep_rew_mean=465.18 | ep_len_mean=451 | episodes=100 | fps=8
[train_ppo-6] ----------------------------------------
[train_ppo-6] | rollout/                |            |
[train_ppo-6] |    ep_len_mean          | 451        |
[train_ppo-6] |    ep_rew_mean          | 465        |
[train_ppo-6] | time/                   |            |
[train_ppo-6] |    fps                  | 8          |
[train_ppo-6] |    iterations           | 515        |
[train_ppo-6] |    time_elapsed         | 61557      |
[train_ppo-6] |    total_timesteps      | 527360     |
[train_ppo-6] | train/                  |            |
[train_ppo-6] |    approx_kl            | 0.46565166 |
[train_ppo-6] |    clip_fraction        | 0.435      |
[train_ppo-6] |    clip_range           | 0.2        |
[train_ppo-6] |    clip_range_vf        | 0.2        |
[train_ppo-6] |    entropy_loss         | 3.26       |
[train_ppo-6] |    explained_variance   | 0.778      |
[train_ppo-6] |    learning_rate        | 0.000249   |
[train_ppo-6] |    loss                 | 0.1        |
[train_ppo-6] |    n_updates            | 3579       |
[train_ppo-6] |    policy_gradient_loss | 0.0352     |
[train_ppo-6] |    std                  | 0.0484     |
[train_ppo-6] |    value_loss           | 0.182      |
[train_ppo-6] ----------------------------------------
[train_ppo-6] Early stopping at step 2 due to reaching max kl: 0.87
[train_ppo-6] PPO progress: 528000/2500000 (21%) | ep_rew_mean=465.18 | ep_len_mean=451 | episodes=100 | fps=8
[train_ppo-6] ----------------------------------------
[train_ppo-6] | rollout/                |            |
[train_ppo-6] |    ep_len_mean          | 471        |
[train_ppo-6] |    ep_rew_mean          | 486        |
[train_ppo-6] | time/                   |            |
[train_ppo-6] |    fps                  | 8          |
[train_ppo-6] |    iterations           | 516        |
[train_ppo-6] |    time_elapsed         | 61676      |
[train_ppo-6] |    total_timesteps      | 528384     |
[train_ppo-6] | train/                  |            |
[train_ppo-6] |    approx_kl            | 0.38313842 |
[train_ppo-6] |    clip_fraction        | 0.546      |
[train_ppo-6] |    clip_range           | 0.2        |
[train_ppo-6] |    clip_range_vf        | 0.2        |
[train_ppo-6] |    entropy_loss         | 3.25       |
[train_ppo-6] |    explained_variance   | -0.995     |
[train_ppo-6] |    learning_rate        | 0.000249   |
[train_ppo-6] |    loss                 | -0.00328   |
[train_ppo-6] |    n_updates            | 3582       |
[train_ppo-6] |    policy_gradient_loss | -0.00787   |
[train_ppo-6] |    std                  | 0.0486     |
[train_ppo-6] |    value_loss           | 0.0112     |
[train_ppo-6] ----------------------------------------
[train_ppo-6] Early stopping at step 2 due to reaching max kl: 1.29
[train_ppo-6] PPO progress: 529000/2500000 (21%) | ep_rew_mean=485.70 | ep_len_mean=471 | episodes=100 | fps=8
[train_ppo-6] ----------------------------------------
[train_ppo-6] | rollout/                |            |
[train_ppo-6] |    ep_len_mean          | 471        |
[train_ppo-6] |    ep_rew_mean          | 486        |
[train_ppo-6] | time/                   |            |
[train_ppo-6] |    fps                  | 8          |
[train_ppo-6] |    iterations           | 517        |
[train_ppo-6] |    time_elapsed         | 61794      |
[train_ppo-6] |    total_timesteps      | 529408     |
[train_ppo-6] | train/                  |            |
[train_ppo-6] |    approx_kl            | 0.32853386 |
[train_ppo-6] |    clip_fraction        | 0.466      |
[train_ppo-6] |    clip_range           | 0.2        |
[train_ppo-6] |    clip_range_vf        | 0.2        |
[train_ppo-6] |    entropy_loss         | 3.24       |
[train_ppo-6] |    explained_variance   | 0.828      |
[train_ppo-6] |    learning_rate        | 0.000249   |
[train_ppo-6] |    loss                 | 0.153      |
[train_ppo-6] |    n_updates            | 3585       |
[train_ppo-6] |    policy_gradient_loss | -0.0118    |
[train_ppo-6] |    std                  | 0.0487     |
[train_ppo-6] |    value_loss           | 0.0183     |
[train_ppo-6] ----------------------------------------
[train_ppo-6] Early stopping at step 4 due to reaching max kl: 0.98
[train_ppo-6] PPO progress: 530000/2500000 (21%) | ep_rew_mean=485.70 | ep_len_mean=471 | episodes=100 | fps=8
[gazebo-2] NodeShared::RecvSrvRequest() error sending response: Host unreachable
[train_ppo-6] [WARN] [1787281099.216622932] [cobraflex_rl_interface]: Gazebo service call failed for /world/lane_following_complex_b/set_pose: Service call timed out
[train_ppo-6] ---------------------------------------
[train_ppo-6] | rollout/                |           |
[train_ppo-6] |    ep_len_mean          | 491       |
[train_ppo-6] |    ep_rew_mean          | 505       |
[train_ppo-6] | time/                   |           |
[train_ppo-6] |    fps                  | 8         |
[train_ppo-6] |    iterations           | 518       |
[train_ppo-6] |    time_elapsed         | 61917     |
[train_ppo-6] |    total_timesteps      | 530432    |
[train_ppo-6] | train/                  |           |
[train_ppo-6] |    approx_kl            | 0.4869772 |
[train_ppo-6] |    clip_fraction        | 0.548     |
[train_ppo-6] |    clip_range           | 0.2       |
[train_ppo-6] |    clip_range_vf        | 0.2       |
[train_ppo-6] |    entropy_loss         | 3.24      |
[train_ppo-6] |    explained_variance   | 0.164     |
[train_ppo-6] |    learning_rate        | 0.000249  |
[train_ppo-6] |    loss                 | 0.0559    |
[train_ppo-6] |    n_updates            | 3590      |
[train_ppo-6] |    policy_gradient_loss | -0.019    |
[train_ppo-6] |    std                  | 0.0488    |
[train_ppo-6] |    value_loss           | 0.0129    |
[train_ppo-6] ---------------------------------------
[train_ppo-6] Early stopping at step 1 due to reaching max kl: 0.79
[train_ppo-6] PPO progress: 531000/2500000 (21%) | ep_rew_mean=505.29 | ep_len_mean=491 | episodes=100 | fps=8
[train_ppo-6] ----------------------------------------
[train_ppo-6] | rollout/                |            |
[train_ppo-6] |    ep_len_mean          | 491        |
[train_ppo-6] |    ep_rew_mean          | 505        |
[train_ppo-6] | time/                   |            |
[train_ppo-6] |    fps                  | 8          |
[train_ppo-6] |    iterations           | 519        |
[train_ppo-6] |    time_elapsed         | 62035      |
[train_ppo-6] |    total_timesteps      | 531456     |
[train_ppo-6] | train/                  |            |
[train_ppo-6] |    approx_kl            | 0.26779208 |
[train_ppo-6] |    clip_fraction        | 0.429      |
[train_ppo-6] |    clip_range           | 0.2        |
[train_ppo-6] |    clip_range_vf        | 0.2        |
[train_ppo-6] |    entropy_loss         | 3.24       |
[train_ppo-6] |    explained_variance   | 0.68       |
[train_ppo-6] |    learning_rate        | 0.000249   |
[train_ppo-6] |    loss                 | 0.0148     |
[train_ppo-6] |    n_updates            | 3592       |
[train_ppo-6] |    policy_gradient_loss | 0.00139    |
[train_ppo-6] |    std                  | 0.0487     |
[train_ppo-6] |    value_loss           | 0.00765    |
[train_ppo-6] ----------------------------------------
[train_ppo-6] Early stopping at step 1 due to reaching max kl: 3.06
[train_ppo-6] PPO progress: 532000/2500000 (21%) | ep_rew_mean=505.29 | ep_len_mean=491 | episodes=100 | fps=8
[train_ppo-6] --------------------------------------
[train_ppo-6] | rollout/                |          |
[train_ppo-6] |    ep_len_mean          | 510      |
[train_ppo-6] |    ep_rew_mean          | 524      |
[train_ppo-6] | time/                   |          |
[train_ppo-6] |    fps                  | 8        |
[train_ppo-6] |    iterations           | 520      |
[train_ppo-6] |    time_elapsed         | 62154    |
[train_ppo-6] |    total_timesteps      | 532480   |
[train_ppo-6] | train/                  |          |
[train_ppo-6] |    approx_kl            | 0.712794 |
[train_ppo-6] |    clip_fraction        | 0.435    |
[train_ppo-6] |    clip_range           | 0.2      |
[train_ppo-6] |    clip_range_vf        | 0.2      |
[train_ppo-6] |    entropy_loss         | 3.24     |
[train_ppo-6] |    explained_variance   | 0.863    |
[train_ppo-6] |    learning_rate        | 0.000249 |
[train_ppo-6] |    loss                 | 0.0325   |
[train_ppo-6] |    n_updates            | 3594     |
[train_ppo-6] |    policy_gradient_loss | 0.00866  |
[train_ppo-6] |    std                  | 0.0488   |
[train_ppo-6] |    value_loss           | 0.0136   |
[train_ppo-6] --------------------------------------
[gazebo-2] NodeShared::RecvSrvRequest() error sending response: Host unreachable
[train_ppo-6] [WARN] [1787281362.669108434] [cobraflex_rl_interface]: Gazebo service call failed for /world/lane_following_complex_b/set_pose: Service call timed out
[gazebo-2] NodeShared::RecvSrvRequest() error sending response: Host unreachable
[train_ppo-6] [WARN] [1787281376.386935005] [cobraflex_rl_interface]: Gazebo service call failed for /world/lane_following_complex_b/set_pose: Service call timed out
[gazebo-2] NodeShared::RecvSrvRequest() error sending response: Host unreachable
[train_ppo-6] [WARN] [1787281383.062930254] [cobraflex_rl_interface]: Gazebo service call failed for /world/lane_following_complex_b/set_pose: Service call timed out
[gazebo-2] NodeShared::RecvSrvRequest() error sending response: Host unreachable
[train_ppo-6] [WARN] [1787281389.723873914] [cobraflex_rl_interface]: Gazebo service call failed for /world/lane_following_complex_b/set_pose: Service call timed out
[train_ppo-6] Early stopping at step 3 due to reaching max kl: 1.06
[train_ppo-6] PPO progress: 533000/2500000 (21%) | ep_rew_mean=513.54 | ep_len_mean=501 | episodes=100 | fps=8
[train_ppo-6] ----------------------------------------
[train_ppo-6] | rollout/                |            |
[train_ppo-6] |    ep_len_mean          | 478        |
[train_ppo-6] |    ep_rew_mean          | 490        |
[train_ppo-6] | time/                   |            |
[train_ppo-6] |    fps                  | 8          |
[train_ppo-6] |    iterations           | 521        |
[train_ppo-6] |    time_elapsed         | 62306      |
[train_ppo-6] |    total_timesteps      | 533504     |
[train_ppo-6] | train/                  |            |
[train_ppo-6] |    approx_kl            | 0.42303935 |
[train_ppo-6] |    clip_fraction        | 0.533      |
[train_ppo-6] |    clip_range           | 0.2        |
[train_ppo-6] |    clip_range_vf        | 0.2        |
[train_ppo-6] |    entropy_loss         | 3.24       |
[train_ppo-6] |    explained_variance   | 0.874      |
[train_ppo-6] |    learning_rate        | 0.000249   |
[train_ppo-6] |    loss                 | 0.0156     |
[train_ppo-6] |    n_updates            | 3598       |
[train_ppo-6] |    policy_gradient_loss | -0.0133    |
[train_ppo-6] |    std                  | 0.0489     |
[train_ppo-6] |    value_loss           | 0.0249     |
[train_ppo-6] ----------------------------------------
[train_ppo-6] Early stopping at step 1 due to reaching max kl: 1.17
[train_ppo-6] PPO progress: 534000/2500000 (21%) | ep_rew_mean=489.75 | ep_len_mean=478 | episodes=100 | fps=8
[train_ppo-6] ---------------------------------------
[train_ppo-6] | rollout/                |           |
[train_ppo-6] |    ep_len_mean          | 478       |
[train_ppo-6] |    ep_rew_mean          | 490       |
[train_ppo-6] | time/                   |           |
[train_ppo-6] |    fps                  | 8         |
[train_ppo-6] |    iterations           | 522       |
[train_ppo-6] |    time_elapsed         | 62424     |
[train_ppo-6] |    total_timesteps      | 534528    |
[train_ppo-6] | train/                  |           |
[train_ppo-6] |    approx_kl            | 0.4912339 |
[train_ppo-6] |    clip_fraction        | 0.362     |
[train_ppo-6] |    clip_range           | 0.2       |
[train_ppo-6] |    clip_range_vf        | 0.2       |
[train_ppo-6] |    entropy_loss         | 3.23      |
[train_ppo-6] |    explained_variance   | 0.767     |
[train_ppo-6] |    learning_rate        | 0.000249  |
[train_ppo-6] |    loss                 | 0.162     |
[train_ppo-6] |    n_updates            | 3600      |
[train_ppo-6] |    policy_gradient_loss | 0.0321    |
[train_ppo-6] |    std                  | 0.0489    |
[train_ppo-6] |    value_loss           | 0.158     |
[train_ppo-6] ---------------------------------------
[train_ppo-6] PPO progress: 535000/2500000 (21%) | ep_rew_mean=489.75 | ep_len_mean=478 | episodes=100 | fps=8
[train_ppo-6] ---------------------------------------
[train_ppo-6] | rollout/                |           |
[train_ppo-6] |    ep_len_mean          | 478       |
[train_ppo-6] |    ep_rew_mean          | 488       |
[train_ppo-6] | time/                   |           |
[train_ppo-6] |    fps                  | 8         |
[train_ppo-6] |    iterations           | 523       |
[train_ppo-6] |    time_elapsed         | 62546     |
[train_ppo-6] |    total_timesteps      | 535552    |
[train_ppo-6] | train/                  |           |
[train_ppo-6] |    approx_kl            | 0.3231777 |
[train_ppo-6] |    clip_fraction        | 0.613     |
[train_ppo-6] |    clip_range           | 0.2       |
[train_ppo-6] |    clip_range_vf        | 0.2       |
[train_ppo-6] |    entropy_loss         | 3.24      |
[train_ppo-6] |    explained_variance   | -0.114    |
[train_ppo-6] |    learning_rate        | 0.000249  |
[train_ppo-6] |    loss                 | -0.0369   |
[train_ppo-6] |    n_updates            | 3610      |
[train_ppo-6] |    policy_gradient_loss | -0.0716   |
[train_ppo-6] |    std                  | 0.0484    |
[train_ppo-6] |    value_loss           | 0.00577   |
[train_ppo-6] ---------------------------------------
[train_ppo-6] Early stopping at step 2 due to reaching max kl: 0.94
[train_ppo-6] PPO progress: 536000/2500000 (21%) | ep_rew_mean=487.78 | ep_len_mean=478 | episodes=100 | fps=8
[train_ppo-6] ----------------------------------------
[train_ppo-6] | rollout/                |            |
[train_ppo-6] |    ep_len_mean          | 478        |
[train_ppo-6] |    ep_rew_mean          | 488        |
[train_ppo-6] | time/                   |            |
[train_ppo-6] |    fps                  | 8          |
[train_ppo-6] |    iterations           | 524        |
[train_ppo-6] |    time_elapsed         | 62664      |
[train_ppo-6] |    total_timesteps      | 536576     |
[train_ppo-6] | train/                  |            |
[train_ppo-6] |    approx_kl            | 0.27458364 |
[train_ppo-6] |    clip_fraction        | 0.466      |
[train_ppo-6] |    clip_range           | 0.2        |
[train_ppo-6] |    clip_range_vf        | 0.2        |
[train_ppo-6] |    entropy_loss         | 3.26       |
[train_ppo-6] |    explained_variance   | 0.865      |
[train_ppo-6] |    learning_rate        | 0.000249   |
[train_ppo-6] |    loss                 | 0.0422     |
[train_ppo-6] |    n_updates            | 3613       |
[train_ppo-6] |    policy_gradient_loss | -0.0118    |
[train_ppo-6] |    std                  | 0.0484     |
[train_ppo-6] |    value_loss           | 0.0443     |
[train_ppo-6] ----------------------------------------
[train_ppo-6] Early stopping at step 6 due to reaching max kl: 1.13
[train_ppo-6] PPO progress: 537000/2500000 (21%) | ep_rew_mean=487.78 | ep_len_mean=478 | episodes=100 | fps=8
[gazebo-2] NodeShared::RecvSrvRequest() error sending response: Host unreachable
[train_ppo-6] [WARN] [1787281960.605559157] [cobraflex_rl_interface]: Gazebo service call failed for /world/lane_following_complex_b/set_pose: Service call timed out
[train_ppo-6] ---------------------------------------
[train_ppo-6] | rollout/                |           |
[train_ppo-6] |    ep_len_mean          | 478       |
[train_ppo-6] |    ep_rew_mean          | 486       |
[train_ppo-6] | time/                   |           |
[train_ppo-6] |    fps                  | 8         |
[train_ppo-6] |    iterations           | 525       |
[train_ppo-6] |    time_elapsed         | 62788     |
[train_ppo-6] |    total_timesteps      | 537600    |
[train_ppo-6] | train/                  |           |
[train_ppo-6] |    approx_kl            | 0.5055041 |
[train_ppo-6] |    clip_fraction        | 0.593     |
[train_ppo-6] |    clip_range           | 0.2       |
[train_ppo-6] |    clip_range_vf        | 0.2       |
[train_ppo-6] |    entropy_loss         | 3.25      |
[train_ppo-6] |    explained_variance   | 0.577     |
[train_ppo-6] |    learning_rate        | 0.000248  |
[train_ppo-6] |    loss                 | 0.123     |
[train_ppo-6] |    n_updates            | 3620      |
[train_ppo-6] |    policy_gradient_loss | -0.00101  |
[train_ppo-6] |    std                  | 0.0487    |
[train_ppo-6] |    value_loss           | 0.0547    |
[train_ppo-6] ---------------------------------------
[train_ppo-6] Early stopping at step 4 due to reaching max kl: 0.75
[train_ppo-6] PPO progress: 538000/2500000 (22%) | ep_rew_mean=489.69 | ep_len_mean=482 | episodes=100 | fps=8
[train_ppo-6] --------------------------------------
[train_ppo-6] | rollout/                |          |
[train_ppo-6] |    ep_len_mean          | 482      |
[train_ppo-6] |    ep_rew_mean          | 490      |
[train_ppo-6] | time/                   |          |
[train_ppo-6] |    fps                  | 8        |
[train_ppo-6] |    iterations           | 526      |
[train_ppo-6] |    time_elapsed         | 62907    |
[train_ppo-6] |    total_timesteps      | 538624   |
[train_ppo-6] | train/                  |          |
[train_ppo-6] |    approx_kl            | 0.623772 |
[train_ppo-6] |    clip_fraction        | 0.482    |
[train_ppo-6] |    clip_range           | 0.2      |
[train_ppo-6] |    clip_range_vf        | 0.2      |
[train_ppo-6] |    entropy_loss         | 3.24     |
[train_ppo-6] |    explained_variance   | 0.711    |
[train_ppo-6] |    learning_rate        | 0.000248 |
[train_ppo-6] |    loss                 | 0.0748   |
[train_ppo-6] |    n_updates            | 3625     |
[train_ppo-6] |    policy_gradient_loss | -0.0168  |
[train_ppo-6] |    std                  | 0.0488   |
[train_ppo-6] |    value_loss           | 0.0558   |
[train_ppo-6] --------------------------------------
[train_ppo-6] Early stopping at step 4 due to reaching max kl: 0.87
[train_ppo-6] PPO progress: 539000/2500000 (22%) | ep_rew_mean=489.69 | ep_len_mean=482 | episodes=100 | fps=8
[train_ppo-6] ----------------------------------------
[train_ppo-6] | rollout/                |            |
[train_ppo-6] |    ep_len_mean          | 482        |
[train_ppo-6] |    ep_rew_mean          | 490        |
[train_ppo-6] | time/                   |            |
[train_ppo-6] |    fps                  | 8          |
[train_ppo-6] |    iterations           | 527        |
[train_ppo-6] |    time_elapsed         | 63025      |
[train_ppo-6] |    total_timesteps      | 539648     |
[train_ppo-6] | train/                  |            |
[train_ppo-6] |    approx_kl            | 0.30371308 |
[train_ppo-6] |    clip_fraction        | 0.479      |
[train_ppo-6] |    clip_range           | 0.2        |
[train_ppo-6] |    clip_range_vf        | 0.2        |
[train_ppo-6] |    entropy_loss         | 3.24       |
[train_ppo-6] |    explained_variance   | 0.633      |
[train_ppo-6] |    learning_rate        | 0.000248   |
[train_ppo-6] |    loss                 | 0.0612     |
[train_ppo-6] |    n_updates            | 3630       |
[train_ppo-6] |    policy_gradient_loss | -0.0321    |
[train_ppo-6] |    std                  | 0.0487     |
[train_ppo-6] |    value_loss           | 0.0564     |
[train_ppo-6] ----------------------------------------
[gazebo-2] NodeShared::RecvSrvRequest() error sending response: Host unreachable
[train_ppo-6] [WARN] [1787282250.197534166] [cobraflex_rl_interface]: Gazebo service call failed for /world/lane_following_complex_b/set_pose: Service call timed out
[gazebo-2] NodeShared::RecvSrvRequest() error sending response: Host unreachable
[train_ppo-6] [WARN] [1787282254.247722705] [cobraflex_rl_interface]: Gazebo service call failed for /world/lane_following_complex_b/set_pose: Service call timed out
[gazebo-2] NodeShared::RecvSrvRequest() error sending response: Host unreachable
[train_ppo-6] [WARN] [1787282258.297870809] [cobraflex_rl_interface]: Gazebo service call failed for /world/lane_following_complex_b/set_pose: Service call timed out
[train_ppo-6] Early stopping at step 1 due to reaching max kl: 1.24
[train_ppo-6] PPO progress: 540000/2500000 (22%) | ep_rew_mean=508.81 | ep_len_mean=501 | episodes=100 | fps=8
[gazebo-2] NodeShared::RecvSrvRequest() error sending response: Host unreachable
[train_ppo-6] [WARN] [1787282289.459473356] [cobraflex_rl_interface]: Gazebo service call failed for /world/lane_following_complex_b/set_pose: Service call timed out
[gazebo-2] NodeShared::RecvSrvRequest() error sending response: Host unreachable
[train_ppo-6] [WARN] [1787282327.453768217] [cobraflex_rl_interface]: Gazebo service call failed for /world/lane_following_complex_b/set_pose: Service call timed out
[train_ppo-6] ----------------------------------------
[train_ppo-6] | rollout/                |            |
[train_ppo-6] |    ep_len_mean          | 445        |
[train_ppo-6] |    ep_rew_mean          | 449        |
[train_ppo-6] | time/                   |            |
[train_ppo-6] |    fps                  | 8          |
[train_ppo-6] |    iterations           | 528        |
[train_ppo-6] |    time_elapsed         | 63176      |
[train_ppo-6] |    total_timesteps      | 540672     |
[train_ppo-6] | train/                  |            |
[train_ppo-6] |    approx_kl            | 0.24156895 |
[train_ppo-6] |    clip_fraction        | 0.366      |
[train_ppo-6] |    clip_range           | 0.2        |
[train_ppo-6] |    clip_range_vf        | 0.2        |
[train_ppo-6] |    entropy_loss         | 3.24       |
[train_ppo-6] |    explained_variance   | 0.424      |
[train_ppo-6] |    learning_rate        | 0.000248   |
[train_ppo-6] |    loss                 | 0.0205     |
[train_ppo-6] |    n_updates            | 3632       |
[train_ppo-6] |    policy_gradient_loss | -0.00506   |
[train_ppo-6] |    std                  | 0.0487     |
[train_ppo-6] |    value_loss           | 0.00997    |
[train_ppo-6] ----------------------------------------
[train_ppo-6] Early stopping at step 2 due to reaching max kl: 0.80
[train_ppo-6] PPO progress: 541000/2500000 (22%) | ep_rew_mean=449.10 | ep_len_mean=445 | episodes=100 | fps=8
[train_ppo-6] ----------------------------------------
[train_ppo-6] | rollout/                |            |
[train_ppo-6] |    ep_len_mean          | 445        |
[train_ppo-6] |    ep_rew_mean          | 449        |
[train_ppo-6] | time/                   |            |
[train_ppo-6] |    fps                  | 8          |
[train_ppo-6] |    iterations           | 529        |
[train_ppo-6] |    time_elapsed         | 63295      |
[train_ppo-6] |    total_timesteps      | 541696     |
[train_ppo-6] | train/                  |            |
[train_ppo-6] |    approx_kl            | 0.38583398 |
[train_ppo-6] |    clip_fraction        | 0.349      |
[train_ppo-6] |    clip_range           | 0.2        |
[train_ppo-6] |    clip_range_vf        | 0.2        |
[train_ppo-6] |    entropy_loss         | 3.24       |
[train_ppo-6] |    explained_variance   | 0.815      |
[train_ppo-6] |    learning_rate        | 0.000248   |
[train_ppo-6] |    loss                 | 0.215      |
[train_ppo-6] |    n_updates            | 3635       |
[train_ppo-6] |    policy_gradient_loss | -0.0128    |
[train_ppo-6] |    std                  | 0.0488     |
[train_ppo-6] |    value_loss           | 0.156      |
[train_ppo-6] ----------------------------------------
[train_ppo-6] PPO progress: 542000/2500000 (22%) | ep_rew_mean=449.10 | ep_len_mean=445 | episodes=100 | fps=8
[train_ppo-6] ----------------------------------------
[train_ppo-6] | rollout/                |            |
[train_ppo-6] |    ep_len_mean          | 461        |
[train_ppo-6] |    ep_rew_mean          | 465        |
[train_ppo-6] | time/                   |            |
[train_ppo-6] |    fps                  | 8          |
[train_ppo-6] |    iterations           | 530        |
[train_ppo-6] |    time_elapsed         | 63414      |
[train_ppo-6] |    total_timesteps      | 542720     |
[train_ppo-6] | train/                  |            |
[train_ppo-6] |    approx_kl            | 0.16603655 |
[train_ppo-6] |    clip_fraction        | 0.541      |
[train_ppo-6] |    clip_range           | 0.2        |
[train_ppo-6] |    clip_range_vf        | 0.2        |
[train_ppo-6] |    entropy_loss         | 3.24       |
[train_ppo-6] |    explained_variance   | 0.508      |
[train_ppo-6] |    learning_rate        | 0.000248   |
[train_ppo-6] |    loss                 | -0.0271    |
[train_ppo-6] |    n_updates            | 3645       |
[train_ppo-6] |    policy_gradient_loss | -0.0574    |
[train_ppo-6] |    std                  | 0.0486     |
[train_ppo-6] |    value_loss           | 0.0137     |
[train_ppo-6] ----------------------------------------
[gazebo-2] NodeShared::RecvSrvRequest() error sending response: Host unreachable
[train_ppo-6] [WARN] [1787282606.348422719] [cobraflex_rl_interface]: Gazebo service call failed for /world/lane_following_complex_b/set_pose: Service call timed out
[gazebo-2] NodeShared::RecvSrvRequest() error sending response: Host unreachable
[train_ppo-6] [WARN] [1787282610.397037295] [cobraflex_rl_interface]: Gazebo service call failed for /world/lane_following_complex_b/set_pose: Service call timed out
[gazebo-2] NodeShared::RecvSrvRequest() error sending response: Host unreachable
[train_ppo-6] [WARN] [1787282614.445746621] [cobraflex_rl_interface]: Gazebo service call failed for /world/lane_following_complex_b/set_pose: Service call timed out
[gazebo-2] NodeShared::RecvSrvRequest() error sending response: Host unreachable
[train_ppo-6] [WARN] [1787282618.495260202] [cobraflex_rl_interface]: Gazebo service call failed for /world/lane_following_complex_b/set_pose: Service call timed out
[train_ppo-6] Early stopping at step 9 due to reaching max kl: 0.83
[train_ppo-6] PPO progress: 543000/2500000 (22%) | ep_rew_mean=459.82 | ep_len_mean=456 | episodes=100 | fps=8
[gazebo-2] NodeShared::RecvSrvRequest() error sending response: Host unreachable
[train_ppo-6] [WARN] [1787282667.188649974] [cobraflex_rl_interface]: Gazebo service call failed for /world/lane_following_complex_b/set_pose: Service call timed out
[gazebo-2] NodeShared::RecvSrvRequest() error sending response: Host unreachable
[train_ppo-6] [WARN] [1787282671.238560321] [cobraflex_rl_interface]: Gazebo service call failed for /world/lane_following_complex_b/set_pose: Service call timed out
[gazebo-2] NodeShared::RecvSrvRequest() error sending response: Host unreachable
[train_ppo-6] [WARN] [1787282698.244393424] [cobraflex_rl_interface]: Gazebo service call failed for /world/lane_following_complex_b/set_pose: Service call timed out
[gazebo-2] NodeShared::RecvSrvRequest() error sending response: Host unreachable
[train_ppo-6] [WARN] [1787282714.903772983] [cobraflex_rl_interface]: Gazebo service call failed for /world/lane_following_complex_b/set_pose: Service call timed out
[gazebo-2] NodeShared::RecvSrvRequest() error sending response: Host unreachable
[train_ppo-6] [WARN] [1787282718.953575345] [cobraflex_rl_interface]: Gazebo service call failed for /world/lane_following_complex_b/set_pose: Service call timed out
[gazebo-2] NodeShared::RecvSrvRequest() error sending response: Host unreachable
[train_ppo-6] [WARN] [1787282723.004693404] [cobraflex_rl_interface]: Gazebo service call failed for /world/lane_following_complex_b/set_pose: Service call timed out
[gazebo-2] NodeShared::RecvSrvRequest() error sending response: Host unreachable
[train_ppo-6] [WARN] [1787282731.859167823] [cobraflex_rl_interface]: Gazebo service call failed for /world/lane_following_complex_b/set_pose: Service call timed out
[gazebo-2] NodeShared::RecvSrvRequest() error sending response: Host unreachable
[train_ppo-6] [WARN] [1787282775.840122930] [cobraflex_rl_interface]: Gazebo service call failed for /world/lane_following_complex_b/set_pose: Service call timed out
[train_ppo-6] ----------------------------------------
[train_ppo-6] | rollout/                |            |
[train_ppo-6] |    ep_len_mean          | 380        |
[train_ppo-6] |    ep_rew_mean          | 379        |
[train_ppo-6] | time/                   |            |
[train_ppo-6] |    fps                  | 8          |
[train_ppo-6] |    iterations           | 531        |
[train_ppo-6] |    time_elapsed         | 63596      |
[train_ppo-6] |    total_timesteps      | 543744     |
[train_ppo-6] | train/                  |            |
[train_ppo-6] |    approx_kl            | 0.25997433 |
[train_ppo-6] |    clip_fraction        | 0.505      |
[train_ppo-6] |    clip_range           | 0.2        |
[train_ppo-6] |    clip_range_vf        | 0.2        |
[train_ppo-6] |    entropy_loss         | 3.25       |
[train_ppo-6] |    explained_variance   | 0.85       |
[train_ppo-6] |    learning_rate        | 0.000248   |
[train_ppo-6] |    loss                 | 0.0434     |
[train_ppo-6] |    n_updates            | 3655       |
[train_ppo-6] |    policy_gradient_loss | -0.0591    |
[train_ppo-6] |    std                  | 0.048      |
[train_ppo-6] |    value_loss           | 0.0554     |
[train_ppo-6] ----------------------------------------
[train_ppo-6] Early stopping at step 1 due to reaching max kl: 0.82
[train_ppo-6] PPO progress: 544000/2500000 (22%) | ep_rew_mean=360.02 | ep_len_mean=360 | episodes=100 | fps=8
[gazebo-2] NodeShared::RecvSrvRequest() error sending response: Host unreachable
[train_ppo-6] [WARN] [1787282839.414772246] [cobraflex_rl_interface]: Gazebo service call failed for /world/lane_following_complex_b/set_pose: Service call timed out
[gazebo-2] NodeShared::RecvSrvRequest() error sending response: Host unreachable
[train_ppo-6] [WARN] [1787282848.853629755] [cobraflex_rl_interface]: Gazebo service call failed for /world/lane_following_complex_b/set_pose: Service call timed out
[gazebo-2] NodeShared::RecvSrvRequest() error sending response: Host unreachable
[train_ppo-6] [WARN] [1787282876.413802111] [cobraflex_rl_interface]: Gazebo service call failed for /world/lane_following_complex_b/set_pose: Service call timed out
[train_ppo-6] ----------------------------------------
[train_ppo-6] | rollout/                |            |
[train_ppo-6] |    ep_len_mean          | 338        |
[train_ppo-6] |    ep_rew_mean          | 335        |
[train_ppo-6] | time/                   |            |
[train_ppo-6] |    fps                  | 8          |
[train_ppo-6] |    iterations           | 532        |
[train_ppo-6] |    time_elapsed         | 63742      |
[train_ppo-6] |    total_timesteps      | 544768     |
[train_ppo-6] | train/                  |            |
[train_ppo-6] |    approx_kl            | 0.81648093 |
[train_ppo-6] |    clip_fraction        | 0.352      |
[train_ppo-6] |    clip_range           | 0.2        |
[train_ppo-6] |    clip_range_vf        | 0.2        |
[train_ppo-6] |    entropy_loss         | 3.28       |
[train_ppo-6] |    explained_variance   | 0.755      |
[train_ppo-6] |    learning_rate        | 0.000248   |
[train_ppo-6] |    loss                 | 0.147      |
[train_ppo-6] |    n_updates            | 3657       |
[train_ppo-6] |    policy_gradient_loss | 0.0634     |
[train_ppo-6] |    std                  | 0.0479     |
[train_ppo-6] |    value_loss           | 0.343      |
[train_ppo-6] ----------------------------------------
[train_ppo-6] Early stopping at step 1 due to reaching max kl: 2.13
[train_ppo-6] PPO progress: 545000/2500000 (22%) | ep_rew_mean=334.99 | ep_len_mean=338 | episodes=100 | fps=8
[train_ppo-6] ----------------------------------------
[train_ppo-6] | rollout/                |            |
[train_ppo-6] |    ep_len_mean          | 338        |
[train_ppo-6] |    ep_rew_mean          | 335        |
[train_ppo-6] | time/                   |            |
[train_ppo-6] |    fps                  | 8          |
[train_ppo-6] |    iterations           | 533        |
[train_ppo-6] |    time_elapsed         | 63861      |
[train_ppo-6] |    total_timesteps      | 545792     |
[train_ppo-6] | train/                  |            |
[train_ppo-6] |    approx_kl            | 0.64120275 |
[train_ppo-6] |    clip_fraction        | 0.425      |
[train_ppo-6] |    clip_range           | 0.2        |
[train_ppo-6] |    clip_range_vf        | 0.2        |
[train_ppo-6] |    entropy_loss         | 3.28       |
[train_ppo-6] |    explained_variance   | 0.73       |
[train_ppo-6] |    learning_rate        | 0.000248   |
[train_ppo-6] |    loss                 | 0.415      |
[train_ppo-6] |    n_updates            | 3659       |
[train_ppo-6] |    policy_gradient_loss | 0.0182     |
[train_ppo-6] |    std                  | 0.048      |
[train_ppo-6] |    value_loss           | 0.327      |
[train_ppo-6] ----------------------------------------
[train_ppo-6] Early stopping at step 3 due to reaching max kl: 1.00
[train_ppo-6] PPO progress: 546000/2500000 (22%) | ep_rew_mean=334.99 | ep_len_mean=338 | episodes=100 | fps=8
[train_ppo-6] ----------------------------------------
[train_ppo-6] | rollout/                |            |
[train_ppo-6] |    ep_len_mean          | 317        |
[train_ppo-6] |    ep_rew_mean          | 313        |
[train_ppo-6] | time/                   |            |
[train_ppo-6] |    fps                  | 8          |
[train_ppo-6] |    iterations           | 534        |
[train_ppo-6] |    time_elapsed         | 63985      |
[train_ppo-6] |    total_timesteps      | 546816     |
[train_ppo-6] | train/                  |            |
[train_ppo-6] |    approx_kl            | 0.37866879 |
[train_ppo-6] |    clip_fraction        | 0.537      |
[train_ppo-6] |    clip_range           | 0.2        |
[train_ppo-6] |    clip_range_vf        | 0.2        |
[train_ppo-6] |    entropy_loss         | 3.27       |
[train_ppo-6] |    explained_variance   | 0.759      |
[train_ppo-6] |    learning_rate        | 0.000248   |
[train_ppo-6] |    loss                 | -0.0247    |
[train_ppo-6] |    n_updates            | 3663       |
[train_ppo-6] |    policy_gradient_loss | -0.0259    |
[train_ppo-6] |    std                  | 0.0481     |
[train_ppo-6] |    value_loss           | 0.0201     |
[train_ppo-6] ----------------------------------------
[gazebo-2] NodeShared::RecvSrvRequest() error sending response: Host unreachable
[train_ppo-6] [WARN] [1787283191.359104818] [cobraflex_rl_interface]: Gazebo service call failed for /world/lane_following_complex_b/set_pose: Service call timed out
[gazebo-2] NodeShared::RecvSrvRequest() error sending response: Host unreachable
[train_ppo-6] [WARN] [1787283195.408363767] [cobraflex_rl_interface]: Gazebo service call failed for /world/lane_following_complex_b/set_pose: Service call timed out
[gazebo-2] NodeShared::RecvSrvRequest() error sending response: Host unreachable
[train_ppo-6] [WARN] [1787283201.038409696] [cobraflex_rl_interface]: Gazebo service call failed for /world/lane_following_complex_b/set_pose: Service call timed out
[train_ppo-6] Early stopping at step 3 due to reaching max kl: 1.52
[train_ppo-6] PPO progress: 547000/2500000 (22%) | ep_rew_mean=293.51 | ep_len_mean=298 | episodes=100 | fps=8
[train_ppo-6] ----------------------------------------
[train_ppo-6] | rollout/                |            |
[train_ppo-6] |    ep_len_mean          | 297        |
[train_ppo-6] |    ep_rew_mean          | 293        |
[train_ppo-6] | time/                   |            |
[train_ppo-6] |    fps                  | 8          |
[train_ppo-6] |    iterations           | 535        |
[train_ppo-6] |    time_elapsed         | 64120      |
[train_ppo-6] |    total_timesteps      | 547840     |
[train_ppo-6] | train/                  |            |
[train_ppo-6] |    approx_kl            | 0.39052722 |
[train_ppo-6] |    clip_fraction        | 0.452      |
[train_ppo-6] |    clip_range           | 0.2        |
[train_ppo-6] |    clip_range_vf        | 0.2        |
[train_ppo-6] |    entropy_loss         | 3.27       |
[train_ppo-6] |    explained_variance   | 0.734      |
[train_ppo-6] |    learning_rate        | 0.000248   |
[train_ppo-6] |    loss                 | 0.0352     |
[train_ppo-6] |    n_updates            | 3667       |
[train_ppo-6] |    policy_gradient_loss | -0.0067    |
[train_ppo-6] |    std                  | 0.0481     |
[train_ppo-6] |    value_loss           | 0.0723     |
[train_ppo-6] ----------------------------------------
[train_ppo-6] Early stopping at step 2 due to reaching max kl: 0.81
[train_ppo-6] PPO progress: 548000/2500000 (22%) | ep_rew_mean=292.66 | ep_len_mean=297 | episodes=100 | fps=8
[train_ppo-6] ----------------------------------------
[train_ppo-6] | rollout/                |            |
[train_ppo-6] |    ep_len_mean          | 297        |
[train_ppo-6] |    ep_rew_mean          | 293        |
[train_ppo-6] | time/                   |            |
[train_ppo-6] |    fps                  | 8          |
[train_ppo-6] |    iterations           | 536        |
[train_ppo-6] |    time_elapsed         | 64238      |
[train_ppo-6] |    total_timesteps      | 548864     |
[train_ppo-6] | train/                  |            |
[train_ppo-6] |    approx_kl            | 0.28808826 |
[train_ppo-6] |    clip_fraction        | 0.425      |
[train_ppo-6] |    clip_range           | 0.2        |
[train_ppo-6] |    clip_range_vf        | 0.2        |
[train_ppo-6] |    entropy_loss         | 3.27       |
[train_ppo-6] |    explained_variance   | 0.922      |
[train_ppo-6] |    learning_rate        | 0.000247   |
[train_ppo-6] |    loss                 | 0.0285     |
[train_ppo-6] |    n_updates            | 3670       |
[train_ppo-6] |    policy_gradient_loss | -0.0312    |
[train_ppo-6] |    std                  | 0.0482     |
[train_ppo-6] |    value_loss           | 0.0524     |
[train_ppo-6] ----------------------------------------
[train_ppo-6] Early stopping at step 2 due to reaching max kl: 1.38
[train_ppo-6] PPO progress: 549000/2500000 (22%) | ep_rew_mean=292.66 | ep_len_mean=297 | episodes=100 | fps=8
[gazebo-2] NodeShared::RecvSrvRequest() error sending response: Host unreachable
[train_ppo-6] [WARN] [1787283473.191955829] [cobraflex_rl_interface]: Gazebo service call failed for /world/lane_following_complex_b/set_pose: Service call timed out
[gazebo-2] NodeShared::RecvSrvRequest() error sending response: Host unreachable
[train_ppo-6] [WARN] [1787283477.242001575] [cobraflex_rl_interface]: Gazebo service call failed for /world/lane_following_complex_b/set_pose: Service call timed out
[gazebo-2] NodeShared::RecvSrvRequest() error sending response: Host unreachable
[train_ppo-6] [WARN] [1787283482.753066240] [cobraflex_rl_interface]: Gazebo service call failed for /world/lane_following_complex_b/set_pose: Service call timed out
[train_ppo-6] ----------------------------------------
[train_ppo-6] | rollout/                |            |
[train_ppo-6] |    ep_len_mean          | 308        |
[train_ppo-6] |    ep_rew_mean          | 304        |
[train_ppo-6] | time/                   |            |
[train_ppo-6] |    fps                  | 8          |
[train_ppo-6] |    iterations           | 537        |
[train_ppo-6] |    time_elapsed         | 64370      |
[train_ppo-6] |    total_timesteps      | 549888     |
[train_ppo-6] | train/                  |            |
[train_ppo-6] |    approx_kl            | 0.40779978 |
[train_ppo-6] |    clip_fraction        | 0.494      |
[train_ppo-6] |    clip_range           | 0.2        |
[train_ppo-6] |    clip_range_vf        | 0.2        |
[train_ppo-6] |    entropy_loss         | 3.27       |
[train_ppo-6] |    explained_variance   | 0.384      |
[train_ppo-6] |    learning_rate        | 0.000247   |
[train_ppo-6] |    loss                 | -0.011     |
[train_ppo-6] |    n_updates            | 3673       |
[train_ppo-6] |    policy_gradient_loss | -0.0106    |
[train_ppo-6] |    std                  | 0.0482     |
[train_ppo-6] |    value_loss           | 0.00978    |
[train_ppo-6] ----------------------------------------
[train_ppo-6] Early stopping at step 1 due to reaching max kl: 0.80
[train_ppo-6] PPO progress: 550000/2500000 (22%) | ep_rew_mean=303.69 | ep_len_mean=308 | episodes=100 | fps=8
[train_ppo-6] ----------------------------------------
[train_ppo-6] | rollout/                |            |
[train_ppo-6] |    ep_len_mean          | 308        |
[train_ppo-6] |    ep_rew_mean          | 304        |
[train_ppo-6] | time/                   |            |
[train_ppo-6] |    fps                  | 8          |
[train_ppo-6] |    iterations           | 538        |
[train_ppo-6] |    time_elapsed         | 64488      |
[train_ppo-6] |    total_timesteps      | 550912     |
[train_ppo-6] | train/                  |            |
[train_ppo-6] |    approx_kl            | 0.79544634 |
[train_ppo-6] |    clip_fraction        | 0.2        |
[train_ppo-6] |    clip_range           | 0.2        |
[train_ppo-6] |    clip_range_vf        | 0.2        |
[train_ppo-6] |    entropy_loss         | 3.26       |
[train_ppo-6] |    explained_variance   | 0.736      |
[train_ppo-6] |    learning_rate        | 0.000247   |
[train_ppo-6] |    loss                 | 0.169      |
[train_ppo-6] |    n_updates            | 3675       |
[train_ppo-6] |    policy_gradient_loss | 0.0223     |
[train_ppo-6] |    std                  | 0.0483     |
[train_ppo-6] |    value_loss           | 0.0856     |
[train_ppo-6] ----------------------------------------
[train_ppo-6] PPO progress: 551000/2500000 (22%) | ep_rew_mean=303.69 | ep_len_mean=308 | episodes=100 | fps=8
[gazebo-2] NodeShared::RecvSrvRequest() error sending response: Host unreachable
[train_ppo-6] [WARN] [1787283695.077079594] [cobraflex_rl_interface]: Gazebo service call failed for /world/lane_following_complex_b/set_pose: Service call timed out
[gazebo-2] NodeShared::RecvSrvRequest() error sending response: Host unreachable
[train_ppo-6] [WARN] [1787283738.129332175] [cobraflex_rl_interface]: Gazebo service call failed for /world/lane_following_complex_b/set_pose: Service call timed out
[train_ppo-6] ----------------------------------------
[train_ppo-6] | rollout/                |            |
[train_ppo-6] |    ep_len_mean          | 252        |
[train_ppo-6] |    ep_rew_mean          | 246        |
[train_ppo-6] | time/                   |            |
[train_ppo-6] |    fps                  | 8          |
[train_ppo-6] |    iterations           | 539        |
[train_ppo-6] |    time_elapsed         | 64627      |
[train_ppo-6] |    total_timesteps      | 551936     |
[train_ppo-6] | train/                  |            |
[train_ppo-6] |    approx_kl            | 0.24578193 |
[train_ppo-6] |    clip_fraction        | 0.557      |
[train_ppo-6] |    clip_range           | 0.2        |
[train_ppo-6] |    clip_range_vf        | 0.2        |
[train_ppo-6] |    entropy_loss         | 3.27       |
[train_ppo-6] |    explained_variance   | 0.484      |
[train_ppo-6] |    learning_rate        | 0.000247   |
[train_ppo-6] |    loss                 | 0.0262     |
[train_ppo-6] |    n_updates            | 3685       |
[train_ppo-6] |    policy_gradient_loss | -0.0544    |
[train_ppo-6] |    std                  | 0.0478     |
[train_ppo-6] |    value_loss           | 0.0136     |
[train_ppo-6] ----------------------------------------
[gazebo-2] NodeShared::RecvSrvRequest() error sending response: Host unreachable
[train_ppo-6] [WARN] [1787283822.927657314] [cobraflex_rl_interface]: Gazebo service call failed for /world/lane_following_complex_b/set_pose: Service call timed out
[gazebo-2] NodeShared::RecvSrvRequest() error sending response: Host unreachable
[train_ppo-6] [WARN] [1787283826.977204258] [cobraflex_rl_interface]: Gazebo service call failed for /world/lane_following_complex_b/set_pose: Service call timed out
[train_ppo-6] Early stopping at step 3 due to reaching max kl: 1.20
[train_ppo-6] PPO progress: 552000/2500000 (22%) | ep_rew_mean=251.18 | ep_len_mean=257 | episodes=100 | fps=8
[train_ppo-6] ---------------------------------------
[train_ppo-6] | rollout/                |           |
[train_ppo-6] |    ep_len_mean          | 258       |
[train_ppo-6] |    ep_rew_mean          | 252       |
[train_ppo-6] | time/                   |           |
[train_ppo-6] |    fps                  | 8         |
[train_ppo-6] |    iterations           | 540       |
[train_ppo-6] |    time_elapsed         | 64755     |
[train_ppo-6] |    total_timesteps      | 552960    |
[train_ppo-6] | train/                  |           |
[train_ppo-6] |    approx_kl            | 0.5212515 |
[train_ppo-6] |    clip_fraction        | 0.471     |
[train_ppo-6] |    clip_range           | 0.2       |
[train_ppo-6] |    clip_range_vf        | 0.2       |
[train_ppo-6] |    entropy_loss         | 3.28      |
[train_ppo-6] |    explained_variance   | 0.799     |
[train_ppo-6] |    learning_rate        | 0.000247  |
[train_ppo-6] |    loss                 | 0.138     |
[train_ppo-6] |    n_updates            | 3689      |
[train_ppo-6] |    policy_gradient_loss | -0.01     |
[train_ppo-6] |    std                  | 0.0479    |
[train_ppo-6] |    value_loss           | 0.196     |
[train_ppo-6] ---------------------------------------
[train_ppo-6] Early stopping at step 1 due to reaching max kl: 0.92
[train_ppo-6] PPO progress: 553000/2500000 (22%) | ep_rew_mean=251.60 | ep_len_mean=258 | episodes=100 | fps=8
[train_ppo-6] ----------------------------------------
[train_ppo-6] | rollout/                |            |
[train_ppo-6] |    ep_len_mean          | 258        |
[train_ppo-6] |    ep_rew_mean          | 252        |
[train_ppo-6] | time/                   |            |
[train_ppo-6] |    fps                  | 8          |
[train_ppo-6] |    iterations           | 541        |
[train_ppo-6] |    time_elapsed         | 64873      |
[train_ppo-6] |    total_timesteps      | 553984     |
[train_ppo-6] | train/                  |            |
[train_ppo-6] |    approx_kl            | 0.21499164 |
[train_ppo-6] |    clip_fraction        | 0.416      |
[train_ppo-6] |    clip_range           | 0.2        |
[train_ppo-6] |    clip_range_vf        | 0.2        |
[train_ppo-6] |    entropy_loss         | 3.28       |
[train_ppo-6] |    explained_variance   | 0.723      |
[train_ppo-6] |    learning_rate        | 0.000247   |
[train_ppo-6] |    loss                 | 0.234      |
[train_ppo-6] |    n_updates            | 3691       |
[train_ppo-6] |    policy_gradient_loss | 0.019      |
[train_ppo-6] |    std                  | 0.0479     |
[train_ppo-6] |    value_loss           | 0.129      |
[train_ppo-6] ----------------------------------------
[train_ppo-6] Early stopping at step 3 due to reaching max kl: 1.32
[train_ppo-6] PPO progress: 554000/2500000 (22%) | ep_rew_mean=251.60 | ep_len_mean=258 | episodes=100 | fps=8
[train_ppo-6] PPO progress: 555000/2500000 (22%) | ep_rew_mean=216.53 | ep_len_mean=222 | episodes=100 | fps=8
[train_ppo-6] ----------------------------------------
[train_ppo-6] | rollout/                |            |
[train_ppo-6] |    ep_len_mean          | 222        |
[train_ppo-6] |    ep_rew_mean          | 217        |
[train_ppo-6] | time/                   |            |
[train_ppo-6] |    fps                  | 8          |
[train_ppo-6] |    iterations           | 542        |
[train_ppo-6] |    time_elapsed         | 64996      |
[train_ppo-6] |    total_timesteps      | 555008     |
[train_ppo-6] | train/                  |            |
[train_ppo-6] |    approx_kl            | 0.43463993 |
[train_ppo-6] |    clip_fraction        | 0.568      |
[train_ppo-6] |    clip_range           | 0.2        |
[train_ppo-6] |    clip_range_vf        | 0.2        |
[train_ppo-6] |    entropy_loss         | 3.27       |
[train_ppo-6] |    explained_variance   | 0.178      |
[train_ppo-6] |    learning_rate        | 0.000247   |
[train_ppo-6] |    loss                 | 0.00306    |
[train_ppo-6] |    n_updates            | 3695       |
[train_ppo-6] |    policy_gradient_loss | -0.0361    |
[train_ppo-6] |    std                  | 0.048      |
[train_ppo-6] |    value_loss           | 0.00728    |
[train_ppo-6] ----------------------------------------
[gazebo-2] NodeShared::RecvSrvRequest() error sending response: Host unreachable
[train_ppo-6] [WARN] [1787284236.656106226] [cobraflex_rl_interface]: Gazebo service call failed for /world/lane_following_complex_b/set_pose: Service call timed out
[train_ppo-6] Early stopping at step 2 due to reaching max kl: 1.82
[train_ppo-6] PPO progress: 556000/2500000 (22%) | ep_rew_mean=221.98 | ep_len_mean=227 | episodes=100 | fps=8
[train_ppo-6] ----------------------------------------
[train_ppo-6] | rollout/                |            |
[train_ppo-6] |    ep_len_mean          | 227        |
[train_ppo-6] |    ep_rew_mean          | 222        |
[train_ppo-6] | time/                   |            |
[train_ppo-6] |    fps                  | 8          |
[train_ppo-6] |    iterations           | 543        |
[train_ppo-6] |    time_elapsed         | 65125      |
[train_ppo-6] |    total_timesteps      | 556032     |
[train_ppo-6] | train/                  |            |
[train_ppo-6] |    approx_kl            | 0.42710432 |
[train_ppo-6] |    clip_fraction        | 0.401      |
[train_ppo-6] |    clip_range           | 0.2        |
[train_ppo-6] |    clip_range_vf        | 0.2        |
[train_ppo-6] |    entropy_loss         | 3.27       |
[train_ppo-6] |    explained_variance   | 0.838      |
[train_ppo-6] |    learning_rate        | 0.000247   |
[train_ppo-6] |    loss                 | 0.0754     |
[train_ppo-6] |    n_updates            | 3698       |
[train_ppo-6] |    policy_gradient_loss | -0.0189    |
[train_ppo-6] |    std                  | 0.0481     |
[train_ppo-6] |    value_loss           | 0.0652     |
[train_ppo-6] ----------------------------------------
[train_ppo-6] PPO progress: 557000/2500000 (22%) | ep_rew_mean=229.74 | ep_len_mean=235 | episodes=100 | fps=8
[train_ppo-6] ----------------------------------------
[train_ppo-6] | rollout/                |            |
[train_ppo-6] |    ep_len_mean          | 235        |
[train_ppo-6] |    ep_rew_mean          | 230        |
[train_ppo-6] | time/                   |            |
[train_ppo-6] |    fps                  | 8          |
[train_ppo-6] |    iterations           | 544        |
[train_ppo-6] |    time_elapsed         | 65243      |
[train_ppo-6] |    total_timesteps      | 557056     |
[train_ppo-6] | train/                  |            |
[train_ppo-6] |    approx_kl            | 0.21031326 |
[train_ppo-6] |    clip_fraction        | 0.512      |
[train_ppo-6] |    clip_range           | 0.2        |
[train_ppo-6] |    clip_range_vf        | 0.2        |
[train_ppo-6] |    entropy_loss         | 3.28       |
[train_ppo-6] |    explained_variance   | 0.764      |
[train_ppo-6] |    learning_rate        | 0.000247   |
[train_ppo-6] |    loss                 | 0.0291     |
[train_ppo-6] |    n_updates            | 3708       |
[train_ppo-6] |    policy_gradient_loss | -0.0484    |
[train_ppo-6] |    std                  | 0.0475     |
[train_ppo-6] |    value_loss           | 0.119      |
[train_ppo-6] ----------------------------------------
[train_ppo-6] PPO progress: 558000/2500000 (22%) | ep_rew_mean=238.49 | ep_len_mean=243 | episodes=100 | fps=8
[train_ppo-6] ----------------------------------------
[train_ppo-6] | rollout/                |            |
[train_ppo-6] |    ep_len_mean          | 243        |
[train_ppo-6] |    ep_rew_mean          | 238        |
[train_ppo-6] | time/                   |            |
[train_ppo-6] |    fps                  | 8          |
[train_ppo-6] |    iterations           | 545        |
[train_ppo-6] |    time_elapsed         | 65362      |
[train_ppo-6] |    total_timesteps      | 558080     |
[train_ppo-6] | train/                  |            |
[train_ppo-6] |    approx_kl            | 0.26419318 |
[train_ppo-6] |    clip_fraction        | 0.583      |
[train_ppo-6] |    clip_range           | 0.2        |
[train_ppo-6] |    clip_range_vf        | 0.2        |
[train_ppo-6] |    entropy_loss         | 3.29       |
[train_ppo-6] |    explained_variance   | 0.763      |
[train_ppo-6] |    learning_rate        | 0.000247   |
[train_ppo-6] |    loss                 | 0.000879   |
[train_ppo-6] |    n_updates            | 3718       |
[train_ppo-6] |    policy_gradient_loss | -0.0504    |
[train_ppo-6] |    std                  | 0.0472     |
[train_ppo-6] |    value_loss           | 0.0313     |
[train_ppo-6] ----------------------------------------
[train_ppo-6] PPO progress: 559000/2500000 (22%) | ep_rew_mean=255.06 | ep_len_mean=259 | episodes=100 | fps=8
[train_ppo-6] ----------------------------------------
[train_ppo-6] | rollout/                |            |
[train_ppo-6] |    ep_len_mean          | 236        |
[train_ppo-6] |    ep_rew_mean          | 232        |
[train_ppo-6] | time/                   |            |
[train_ppo-6] |    fps                  | 8          |
[train_ppo-6] |    iterations           | 546        |
[train_ppo-6] |    time_elapsed         | 65485      |
[train_ppo-6] |    total_timesteps      | 559104     |
[train_ppo-6] | train/                  |            |
[train_ppo-6] |    approx_kl            | 0.30172187 |
[train_ppo-6] |    clip_fraction        | 0.542      |
[train_ppo-6] |    clip_range           | 0.2        |
[train_ppo-6] |    clip_range_vf        | 0.2        |
[train_ppo-6] |    entropy_loss         | 3.31       |
[train_ppo-6] |    explained_variance   | 0.76       |
[train_ppo-6] |    learning_rate        | 0.000246   |
[train_ppo-6] |    loss                 | -0.0233    |
[train_ppo-6] |    n_updates            | 3728       |
[train_ppo-6] |    policy_gradient_loss | -0.0518    |
[train_ppo-6] |    std                  | 0.0468     |
[train_ppo-6] |    value_loss           | 0.0425     |
[train_ppo-6] ----------------------------------------
[gazebo-2] NodeShared::RecvSrvRequest() error sending response: Host unreachable
[train_ppo-6] [WARN] [1787284732.907260969] [cobraflex_rl_interface]: Gazebo service call failed for /world/lane_following_complex_b/set_pose: Service call timed out
[gazebo-2] NodeShared::RecvSrvRequest() error sending response: Host unreachable
[train_ppo-6] [WARN] [1787284780.233212562] [cobraflex_rl_interface]: Gazebo service call failed for /world/lane_following_complex_b/set_pose: Service call timed out
[gazebo-2] NodeShared::RecvSrvRequest() error sending response: Host unreachable
[train_ppo-6] [WARN] [1787284789.531486789] [cobraflex_rl_interface]: Gazebo service call failed for /world/lane_following_complex_b/set_pose: Service call timed out
[train_ppo-6] Early stopping at step 0 due to reaching max kl: 1.80
[train_ppo-6] PPO progress: 560000/2500000 (22%) | ep_rew_mean=194.51 | ep_len_mean=198 | episodes=100 | fps=8
[train_ppo-6] ---------------------------------------
[train_ppo-6] | rollout/                |           |
[train_ppo-6] |    ep_len_mean          | 198       |
[train_ppo-6] |    ep_rew_mean          | 195       |
[train_ppo-6] | time/                   |           |
[train_ppo-6] |    fps                  | 8         |
[train_ppo-6] |    iterations           | 547       |
[train_ppo-6] |    time_elapsed         | 65628     |
[train_ppo-6] |    total_timesteps      | 560128    |
[train_ppo-6] | train/                  |           |
[train_ppo-6] |    approx_kl            | 0.2416689 |
[train_ppo-6] |    clip_fraction        | 0.254     |
[train_ppo-6] |    clip_range           | 0.2       |
[train_ppo-6] |    clip_range_vf        | 0.2       |
[train_ppo-6] |    entropy_loss         | 3.32      |
[train_ppo-6] |    explained_variance   | 0.746     |
[train_ppo-6] |    learning_rate        | 0.000246  |
[train_ppo-6] |    loss                 | 0.229     |
[train_ppo-6] |    n_updates            | 3729      |
[train_ppo-6] |    policy_gradient_loss | 0.0129    |
[train_ppo-6] |    std                  | 0.0468    |
[train_ppo-6] |    value_loss           | 0.192     |
[train_ppo-6] ---------------------------------------
[train_ppo-6] Early stopping at step 0 due to reaching max kl: 0.85
[train_ppo-6] PPO progress: 561000/2500000 (22%) | ep_rew_mean=194.51 | ep_len_mean=198 | episodes=100 | fps=8
[train_ppo-6] ----------------------------------------
[train_ppo-6] | rollout/                |            |
[train_ppo-6] |    ep_len_mean          | 198        |
[train_ppo-6] |    ep_rew_mean          | 195        |
[train_ppo-6] | time/                   |            |
[train_ppo-6] |    fps                  | 8          |
[train_ppo-6] |    iterations           | 548        |
[train_ppo-6] |    time_elapsed         | 65744      |
[train_ppo-6] |    total_timesteps      | 561152     |
[train_ppo-6] | train/                  |            |
[train_ppo-6] |    approx_kl            | 0.13454194 |
[train_ppo-6] |    clip_fraction        | 0.282      |
[train_ppo-6] |    clip_range           | 0.2        |
[train_ppo-6] |    clip_range_vf        | 0.2        |
[train_ppo-6] |    entropy_loss         | 3.33       |
[train_ppo-6] |    explained_variance   | 0.692      |
[train_ppo-6] |    learning_rate        | 0.000246   |
[train_ppo-6] |    loss                 | 0.318      |
[train_ppo-6] |    n_updates            | 3730       |
[train_ppo-6] |    policy_gradient_loss | 0.0167     |
[train_ppo-6] |    std                  | 0.0468     |
[train_ppo-6] |    value_loss           | 0.371      |
[train_ppo-6] ----------------------------------------
[train_ppo-6] PPO progress: 562000/2500000 (22%) | ep_rew_mean=213.41 | ep_len_mean=216 | episodes=100 | fps=8
[train_ppo-6] ----------------------------------------
[train_ppo-6] | rollout/                |            |
[train_ppo-6] |    ep_len_mean          | 194        |
[train_ppo-6] |    ep_rew_mean          | 191        |
[train_ppo-6] | time/                   |            |
[train_ppo-6] |    fps                  | 8          |
[train_ppo-6] |    iterations           | 549        |
[train_ppo-6] |    time_elapsed         | 65860      |
[train_ppo-6] |    total_timesteps      | 562176     |
[train_ppo-6] | train/                  |            |
[train_ppo-6] |    approx_kl            | 0.21160913 |
[train_ppo-6] |    clip_fraction        | 0.578      |
[train_ppo-6] |    clip_range           | 0.2        |
[train_ppo-6] |    clip_range_vf        | 0.2        |
[train_ppo-6] |    entropy_loss         | 3.32       |
[train_ppo-6] |    explained_variance   | 0.384      |
[train_ppo-6] |    learning_rate        | 0.000246   |
[train_ppo-6] |    loss                 | 0.0137     |
[train_ppo-6] |    n_updates            | 3740       |
[train_ppo-6] |    policy_gradient_loss | -0.0592    |
[train_ppo-6] |    std                  | 0.0467     |
[train_ppo-6] |    value_loss           | 0.0091     |
[train_ppo-6] ----------------------------------------
[train_ppo-6] Early stopping at step 2 due to reaching max kl: 1.04
[train_ppo-6] PPO progress: 563000/2500000 (23%) | ep_rew_mean=190.67 | ep_len_mean=194 | episodes=100 | fps=8
[train_ppo-6] ----------------------------------------
[train_ppo-6] | rollout/                |            |
[train_ppo-6] |    ep_len_mean          | 194        |
[train_ppo-6] |    ep_rew_mean          | 191        |
[train_ppo-6] | time/                   |            |
[train_ppo-6] |    fps                  | 8          |
[train_ppo-6] |    iterations           | 550        |
[train_ppo-6] |    time_elapsed         | 65974      |
[train_ppo-6] |    total_timesteps      | 563200     |
[train_ppo-6] | train/                  |            |
[train_ppo-6] |    approx_kl            | 0.40706578 |
[train_ppo-6] |    clip_fraction        | 0.424      |
[train_ppo-6] |    clip_range           | 0.2        |
[train_ppo-6] |    clip_range_vf        | 0.2        |
[train_ppo-6] |    entropy_loss         | 3.33       |
[train_ppo-6] |    explained_variance   | 0.885      |
[train_ppo-6] |    learning_rate        | 0.000246   |
[train_ppo-6] |    loss                 | 0.0431     |
[train_ppo-6] |    n_updates            | 3743       |
[train_ppo-6] |    policy_gradient_loss | -0.00417   |
[train_ppo-6] |    std                  | 0.0467     |
[train_ppo-6] |    value_loss           | 0.0621     |
[train_ppo-6] ----------------------------------------
[train_ppo-6] Early stopping at step 1 due to reaching max kl: 0.77
[train_ppo-6] PPO progress: 564000/2500000 (23%) | ep_rew_mean=190.67 | ep_len_mean=194 | episodes=100 | fps=8
[train_ppo-6] ----------------------------------------
[train_ppo-6] | rollout/                |            |
[train_ppo-6] |    ep_len_mean          | 215        |
[train_ppo-6] |    ep_rew_mean          | 210        |
[train_ppo-6] | time/                   |            |
[train_ppo-6] |    fps                  | 8          |
[train_ppo-6] |    iterations           | 551        |
[train_ppo-6] |    time_elapsed         | 66088      |
[train_ppo-6] |    total_timesteps      | 564224     |
[train_ppo-6] | train/                  |            |
[train_ppo-6] |    approx_kl            | 0.28120723 |
[train_ppo-6] |    clip_fraction        | 0.472      |
[train_ppo-6] |    clip_range           | 0.2        |
[train_ppo-6] |    clip_range_vf        | 0.2        |
[train_ppo-6] |    entropy_loss         | 3.33       |
[train_ppo-6] |    explained_variance   | -0.424     |
[train_ppo-6] |    learning_rate        | 0.000246   |
[train_ppo-6] |    loss                 | 0.00405    |
[train_ppo-6] |    n_updates            | 3745       |
[train_ppo-6] |    policy_gradient_loss | -0.0074    |
[train_ppo-6] |    std                  | 0.0467     |
[train_ppo-6] |    value_loss           | 0.0128     |
[train_ppo-6] ----------------------------------------
[train_ppo-6] Early stopping at step 1 due to reaching max kl: 0.95
[train_ppo-6] PPO progress: 565000/2500000 (23%) | ep_rew_mean=210.42 | ep_len_mean=215 | episodes=100 | fps=8
[train_ppo-6] ---------------------------------------
[train_ppo-6] | rollout/                |           |
[train_ppo-6] |    ep_len_mean          | 220       |
[train_ppo-6] |    ep_rew_mean          | 216       |
[train_ppo-6] | time/                   |           |
[train_ppo-6] |    fps                  | 8         |
[train_ppo-6] |    iterations           | 552       |
[train_ppo-6] |    time_elapsed         | 66202     |
[train_ppo-6] |    total_timesteps      | 565248    |
[train_ppo-6] | train/                  |           |
[train_ppo-6] |    approx_kl            | 0.3841649 |
[train_ppo-6] |    clip_fraction        | 0.483     |
[train_ppo-6] |    clip_range           | 0.2       |
[train_ppo-6] |    clip_range_vf        | 0.2       |
[train_ppo-6] |    entropy_loss         | 3.33      |
[train_ppo-6] |    explained_variance   | -0.124    |
[train_ppo-6] |    learning_rate        | 0.000246  |
[train_ppo-6] |    loss                 | 0.0522    |
[train_ppo-6] |    n_updates            | 3747      |
[train_ppo-6] |    policy_gradient_loss | -0.00628  |
[train_ppo-6] |    std                  | 0.0468    |
[train_ppo-6] |    value_loss           | 0.0103    |
[train_ppo-6] ---------------------------------------
[gazebo-2] NodeShared::RecvSrvRequest() error sending response: Host unreachable
[train_ppo-6] [WARN] [1787285394.823563142] [cobraflex_rl_interface]: Gazebo service call failed for /world/lane_following_complex_b/set_pose: Service call timed out
[gazebo-2] NodeShared::RecvSrvRequest() error sending response: Host unreachable
[train_ppo-6] [WARN] [1787285428.635527239] [cobraflex_rl_interface]: Gazebo service call failed for /world/lane_following_complex_b/set_pose: Service call timed out
[train_ppo-6] Early stopping at step 2 due to reaching max kl: 1.02
[train_ppo-6] PPO progress: 566000/2500000 (23%) | ep_rew_mean=217.12 | ep_len_mean=222 | episodes=100 | fps=8
[gazebo-2] NodeShared::RecvSrvRequest() error sending response: Host unreachable
[train_ppo-6] [WARN] [1787285513.934644189] [cobraflex_rl_interface]: Gazebo service call failed for /world/lane_following_complex_b/set_pose: Service call timed out
[gazebo-2] NodeShared::RecvSrvRequest() error sending response: Host unreachable
[train_ppo-6] [WARN] [1787285521.092389990] [cobraflex_rl_interface]: Gazebo service call failed for /world/lane_following_complex_b/set_pose: Service call timed out
[train_ppo-6] ---------------------------------------
[train_ppo-6] | rollout/                |           |
[train_ppo-6] |    ep_len_mean          | 225       |
[train_ppo-6] |    ep_rew_mean          | 220       |
[train_ppo-6] | time/                   |           |
[train_ppo-6] |    fps                  | 8         |
[train_ppo-6] |    iterations           | 553       |
[train_ppo-6] |    time_elapsed         | 66343     |
[train_ppo-6] |    total_timesteps      | 566272    |
[train_ppo-6] | train/                  |           |
[train_ppo-6] |    approx_kl            | 0.4070805 |
[train_ppo-6] |    clip_fraction        | 0.478     |
[train_ppo-6] |    clip_range           | 0.2       |
[train_ppo-6] |    clip_range_vf        | 0.2       |
[train_ppo-6] |    entropy_loss         | 3.32      |
[train_ppo-6] |    explained_variance   | 0.695     |
[train_ppo-6] |    learning_rate        | 0.000246  |
[train_ppo-6] |    loss                 | 0.301     |
[train_ppo-6] |    n_updates            | 3750      |
[train_ppo-6] |    policy_gradient_loss | 0.00287   |
[train_ppo-6] |    std                  | 0.0469    |
[train_ppo-6] |    value_loss           | 0.0751    |
[train_ppo-6] ---------------------------------------
[gazebo-2] NodeShared::RecvSrvRequest() error sending response: Host unreachable
[train_ppo-6] [WARN] [1787285546.915854843] [cobraflex_rl_interface]: Gazebo service call failed for /world/lane_following_complex_b/set_pose: Service call timed out
[train_ppo-6] Early stopping at step 0 due to reaching max kl: 0.85
[train_ppo-6] PPO progress: 567000/2500000 (23%) | ep_rew_mean=221.21 | ep_len_mean=226 | episodes=100 | fps=8
[train_ppo-6] ----------------------------------------
[train_ppo-6] | rollout/                |            |
[train_ppo-6] |    ep_len_mean          | 226        |
[train_ppo-6] |    ep_rew_mean          | 221        |
[train_ppo-6] | time/                   |            |
[train_ppo-6] |    fps                  | 8          |
[train_ppo-6] |    iterations           | 554        |
[train_ppo-6] |    time_elapsed         | 66462      |
[train_ppo-6] |    total_timesteps      | 567296     |
[train_ppo-6] | train/                  |            |
[train_ppo-6] |    approx_kl            | 0.16641669 |
[train_ppo-6] |    clip_fraction        | 0.396      |
[train_ppo-6] |    clip_range           | 0.2        |
[train_ppo-6] |    clip_range_vf        | 0.2        |
[train_ppo-6] |    entropy_loss         | 3.32       |
[train_ppo-6] |    explained_variance   | 0.713      |
[train_ppo-6] |    learning_rate        | 0.000246   |
[train_ppo-6] |    loss                 | 0.245      |
[train_ppo-6] |    n_updates            | 3751       |
[train_ppo-6] |    policy_gradient_loss | 0.0451     |
[train_ppo-6] |    std                  | 0.047      |
[train_ppo-6] |    value_loss           | 0.362      |
[train_ppo-6] ----------------------------------------
[train_ppo-6] Early stopping at step 2 due to reaching max kl: 0.97
[train_ppo-6] PPO progress: 568000/2500000 (23%) | ep_rew_mean=221.21 | ep_len_mean=226 | episodes=100 | fps=8
[train_ppo-6] ----------------------------------------
[train_ppo-6] | rollout/                |            |
[train_ppo-6] |    ep_len_mean          | 226        |
[train_ppo-6] |    ep_rew_mean          | 221        |
[train_ppo-6] | time/                   |            |
[train_ppo-6] |    fps                  | 8          |
[train_ppo-6] |    iterations           | 555        |
[train_ppo-6] |    time_elapsed         | 66576      |
[train_ppo-6] |    total_timesteps      | 568320     |
[train_ppo-6] | train/                  |            |
[train_ppo-6] |    approx_kl            | 0.31576663 |
[train_ppo-6] |    clip_fraction        | 0.476      |
[train_ppo-6] |    clip_range           | 0.2        |
[train_ppo-6] |    clip_range_vf        | 0.2        |
[train_ppo-6] |    entropy_loss         | 3.31       |
[train_ppo-6] |    explained_variance   | 0.842      |
[train_ppo-6] |    learning_rate        | 0.000246   |
[train_ppo-6] |    loss                 | 0.127      |
[train_ppo-6] |    n_updates            | 3754       |
[train_ppo-6] |    policy_gradient_loss | -0.00853   |
[train_ppo-6] |    std                  | 0.047      |
[train_ppo-6] |    value_loss           | 0.0944     |
[train_ppo-6] ----------------------------------------
[gazebo-2] NodeShared::RecvSrvRequest() error sending response: Host unreachable
[train_ppo-6] [WARN] [1787285844.135164829] [cobraflex_rl_interface]: Gazebo service call failed for /world/lane_following_complex_b/set_pose: Service call timed out
[train_ppo-6] Early stopping at step 1 due to reaching max kl: 1.52
[train_ppo-6] PPO progress: 569000/2500000 (23%) | ep_rew_mean=243.37 | ep_len_mean=249 | episodes=100 | fps=8
[train_ppo-6] ----------------------------------------
[train_ppo-6] | rollout/                |            |
[train_ppo-6] |    ep_len_mean          | 249        |
[train_ppo-6] |    ep_rew_mean          | 243        |
[train_ppo-6] | time/                   |            |
[train_ppo-6] |    fps                  | 8          |
[train_ppo-6] |    iterations           | 556        |
[train_ppo-6] |    time_elapsed         | 66701      |
[train_ppo-6] |    total_timesteps      | 569344     |
[train_ppo-6] | train/                  |            |
[train_ppo-6] |    approx_kl            | 0.40353408 |
[train_ppo-6] |    clip_fraction        | 0.426      |
[train_ppo-6] |    clip_range           | 0.2        |
[train_ppo-6] |    clip_range_vf        | 0.2        |
[train_ppo-6] |    entropy_loss         | 3.31       |
[train_ppo-6] |    explained_variance   | 0.776      |
[train_ppo-6] |    learning_rate        | 0.000245   |
[train_ppo-6] |    loss                 | 0.112      |
[train_ppo-6] |    n_updates            | 3756       |
[train_ppo-6] |    policy_gradient_loss | 0.0157     |
[train_ppo-6] |    std                  | 0.047      |
[train_ppo-6] |    value_loss           | 0.0148     |
[train_ppo-6] ----------------------------------------
[train_ppo-6] Early stopping at step 3 due to reaching max kl: 0.77
[train_ppo-6] PPO progress: 570000/2500000 (23%) | ep_rew_mean=250.45 | ep_len_mean=256 | episodes=100 | fps=8
[train_ppo-6] ---------------------------------------
[train_ppo-6] | rollout/                |           |
[train_ppo-6] |    ep_len_mean          | 256       |
[train_ppo-6] |    ep_rew_mean          | 250       |
[train_ppo-6] | time/                   |           |
[train_ppo-6] |    fps                  | 8         |
[train_ppo-6] |    iterations           | 557       |
[train_ppo-6] |    time_elapsed         | 66815     |
[train_ppo-6] |    total_timesteps      | 570368    |
[train_ppo-6] | train/                  |           |
[train_ppo-6] |    approx_kl            | 0.3941146 |
[train_ppo-6] |    clip_fraction        | 0.419     |
[train_ppo-6] |    clip_range           | 0.2       |
[train_ppo-6] |    clip_range_vf        | 0.2       |
[train_ppo-6] |    entropy_loss         | 3.31      |
[train_ppo-6] |    explained_variance   | 0.906     |
[train_ppo-6] |    learning_rate        | 0.000245  |
[train_ppo-6] |    loss                 | 0.0887    |
[train_ppo-6] |    n_updates            | 3760      |
[train_ppo-6] |    policy_gradient_loss | -0.0198   |
[train_ppo-6] |    std                  | 0.0472    |
[train_ppo-6] |    value_loss           | 0.0649    |
[train_ppo-6] ---------------------------------------
[gazebo-2] NodeShared::RecvSrvRequest() error sending response: Host unreachable
[train_ppo-6] [WARN] [1787286066.697502050] [cobraflex_rl_interface]: Gazebo service call failed for /world/lane_following_complex_b/set_pose: Service call timed out
[gazebo-2] NodeShared::RecvSrvRequest() error sending response: Host unreachable
[train_ppo-6] [WARN] [1787286070.747705206] [cobraflex_rl_interface]: Gazebo service call failed for /world/lane_following_complex_b/set_pose: Service call timed out
[train_ppo-6] PPO progress: 571000/2500000 (23%) | ep_rew_mean=233.62 | ep_len_mean=240 | episodes=100 | fps=8
[train_ppo-6] ----------------------------------------
[train_ppo-6] | rollout/                |            |
[train_ppo-6] |    ep_len_mean          | 240        |
[train_ppo-6] |    ep_rew_mean          | 234        |
[train_ppo-6] | time/                   |            |
[train_ppo-6] |    fps                  | 8          |
[train_ppo-6] |    iterations           | 558        |
[train_ppo-6] |    time_elapsed         | 66945      |
[train_ppo-6] |    total_timesteps      | 571392     |
[train_ppo-6] | train/                  |            |
[train_ppo-6] |    approx_kl            | 0.18176037 |
[train_ppo-6] |    clip_fraction        | 0.516      |
[train_ppo-6] |    clip_range           | 0.2        |
[train_ppo-6] |    clip_range_vf        | 0.2        |
[train_ppo-6] |    entropy_loss         | 3.31       |
[train_ppo-6] |    explained_variance   | 0.689      |
[train_ppo-6] |    learning_rate        | 0.000245   |
[train_ppo-6] |    loss                 | 0.0615     |
[train_ppo-6] |    n_updates            | 3770       |
[train_ppo-6] |    policy_gradient_loss | -0.0358    |
[train_ppo-6] |    std                  | 0.0466     |
[train_ppo-6] |    value_loss           | 0.0812     |
[train_ppo-6] ----------------------------------------
[train_ppo-6] Early stopping at step 1 due to reaching max kl: 2.90
[train_ppo-6] PPO progress: 572000/2500000 (23%) | ep_rew_mean=233.62 | ep_len_mean=240 | episodes=100 | fps=8
[train_ppo-6] ---------------------------------------
[train_ppo-6] | rollout/                |           |
[train_ppo-6] |    ep_len_mean          | 240       |
[train_ppo-6] |    ep_rew_mean          | 234       |
[train_ppo-6] | time/                   |           |
[train_ppo-6] |    fps                  | 8         |
[train_ppo-6] |    iterations           | 559       |
[train_ppo-6] |    time_elapsed         | 67059     |
[train_ppo-6] |    total_timesteps      | 572416    |
[train_ppo-6] | train/                  |           |
[train_ppo-6] |    approx_kl            | 1.4831886 |
[train_ppo-6] |    clip_fraction        | 0.406     |
[train_ppo-6] |    clip_range           | 0.2       |
[train_ppo-6] |    clip_range_vf        | 0.2       |
[train_ppo-6] |    entropy_loss         | 3.33      |
[train_ppo-6] |    explained_variance   | 0.63      |
[train_ppo-6] |    learning_rate        | 0.000245  |
[train_ppo-6] |    loss                 | 0.124     |
[train_ppo-6] |    n_updates            | 3772      |
[train_ppo-6] |    policy_gradient_loss | 0.0297    |
[train_ppo-6] |    std                  | 0.0466    |
[train_ppo-6] |    value_loss           | 0.218     |
[train_ppo-6] ---------------------------------------
[gazebo-2] NodeShared::RecvSrvRequest() error sending response: Host unreachable
[train_ppo-6] [WARN] [1787286257.898630181] [cobraflex_rl_interface]: Gazebo service call failed for /world/lane_following_complex_b/set_pose: Service call timed out
[train_ppo-6] PPO progress: 573000/2500000 (23%) | ep_rew_mean=248.60 | ep_len_mean=255 | episodes=100 | fps=8
[gazebo-2] NodeShared::RecvSrvRequest() error sending response: Host unreachable
[train_ppo-6] [WARN] [1787286340.617557472] [cobraflex_rl_interface]: Gazebo service call failed for /world/lane_following_complex_b/set_pose: Service call timed out
[train_ppo-6] ---------------------------------------
[train_ppo-6] | rollout/                |           |
[train_ppo-6] |    ep_len_mean          | 239       |
[train_ppo-6] |    ep_rew_mean          | 232       |
[train_ppo-6] | time/                   |           |
[train_ppo-6] |    fps                  | 8         |
[train_ppo-6] |    iterations           | 560       |
[train_ppo-6] |    time_elapsed         | 67185     |
[train_ppo-6] |    total_timesteps      | 573440    |
[train_ppo-6] | train/                  |           |
[train_ppo-6] |    approx_kl            | 0.2610921 |
[train_ppo-6] |    clip_fraction        | 0.589     |
[train_ppo-6] |    clip_range           | 0.2       |
[train_ppo-6] |    clip_range_vf        | 0.2       |
[train_ppo-6] |    entropy_loss         | 3.34      |
[train_ppo-6] |    explained_variance   | 0.766     |
[train_ppo-6] |    learning_rate        | 0.000245  |
[train_ppo-6] |    loss                 | 0.0288    |
[train_ppo-6] |    n_updates            | 3782      |
[train_ppo-6] |    policy_gradient_loss | -0.0624   |
[train_ppo-6] |    std                  | 0.0462    |
[train_ppo-6] |    value_loss           | 0.0251    |
[train_ppo-6] ---------------------------------------
[train_ppo-6] Early stopping at step 1 due to reaching max kl: 0.86
[train_ppo-6] PPO progress: 574000/2500000 (23%) | ep_rew_mean=231.94 | ep_len_mean=239 | episodes=100 | fps=8
[train_ppo-6] ----------------------------------------
[train_ppo-6] | rollout/                |            |
[train_ppo-6] |    ep_len_mean          | 239        |
[train_ppo-6] |    ep_rew_mean          | 232        |
[train_ppo-6] | time/                   |            |
[train_ppo-6] |    fps                  | 8          |
[train_ppo-6] |    iterations           | 561        |
[train_ppo-6] |    time_elapsed         | 67299      |
[train_ppo-6] |    total_timesteps      | 574464     |
[train_ppo-6] | train/                  |            |
[train_ppo-6] |    approx_kl            | 0.36916432 |
[train_ppo-6] |    clip_fraction        | 0.435      |
[train_ppo-6] |    clip_range           | 0.2        |
[train_ppo-6] |    clip_range_vf        | 0.2        |
[train_ppo-6] |    entropy_loss         | 3.35       |
[train_ppo-6] |    explained_variance   | 0.807      |
[train_ppo-6] |    learning_rate        | 0.000245   |
[train_ppo-6] |    loss                 | 0.0945     |
[train_ppo-6] |    n_updates            | 3784       |
[train_ppo-6] |    policy_gradient_loss | -0.0048    |
[train_ppo-6] |    std                  | 0.0462     |
[train_ppo-6] |    value_loss           | 0.116      |
[train_ppo-6] ----------------------------------------
[train_ppo-6] Early stopping at step 1 due to reaching max kl: 1.30
[train_ppo-6] PPO progress: 575000/2500000 (23%) | ep_rew_mean=231.94 | ep_len_mean=239 | episodes=100 | fps=8
[train_ppo-6] ----------------------------------------
[train_ppo-6] | rollout/                |            |
[train_ppo-6] |    ep_len_mean          | 242        |
[train_ppo-6] |    ep_rew_mean          | 234        |
[train_ppo-6] | time/                   |            |
[train_ppo-6] |    fps                  | 8          |
[train_ppo-6] |    iterations           | 562        |
[train_ppo-6] |    time_elapsed         | 67416      |
[train_ppo-6] |    total_timesteps      | 575488     |
[train_ppo-6] | train/                  |            |
[train_ppo-6] |    approx_kl            | 0.42686385 |
[train_ppo-6] |    clip_fraction        | 0.526      |
[train_ppo-6] |    clip_range           | 0.2        |
[train_ppo-6] |    clip_range_vf        | 0.2        |
[train_ppo-6] |    entropy_loss         | 3.35       |
[train_ppo-6] |    explained_variance   | 0.385      |
[train_ppo-6] |    learning_rate        | 0.000245   |
[train_ppo-6] |    loss                 | 0.00618    |
[train_ppo-6] |    n_updates            | 3786       |
[train_ppo-6] |    policy_gradient_loss | 0.02       |
[train_ppo-6] |    std                  | 0.0463     |
[train_ppo-6] |    value_loss           | 0.0135     |
[train_ppo-6] ----------------------------------------
[train_ppo-6] Early stopping at step 0 due to reaching max kl: 1.45
[train_ppo-6] PPO progress: 576000/2500000 (23%) | ep_rew_mean=233.88 | ep_len_mean=242 | episodes=100 | fps=8
[train_ppo-6] ----------------------------------------
[train_ppo-6] | rollout/                |            |
[train_ppo-6] |    ep_len_mean          | 242        |
[train_ppo-6] |    ep_rew_mean          | 234        |
[train_ppo-6] | time/                   |            |
[train_ppo-6] |    fps                  | 8          |
[train_ppo-6] |    iterations           | 563        |
[train_ppo-6] |    time_elapsed         | 67530      |
[train_ppo-6] |    total_timesteps      | 576512     |
[train_ppo-6] | train/                  |            |
[train_ppo-6] |    approx_kl            | 0.21026254 |
[train_ppo-6] |    clip_fraction        | 0.489      |
[train_ppo-6] |    clip_range           | 0.2        |
[train_ppo-6] |    clip_range_vf        | 0.2        |
[train_ppo-6] |    entropy_loss         | 3.34       |
[train_ppo-6] |    explained_variance   | 0.719      |
[train_ppo-6] |    learning_rate        | 0.000245   |
[train_ppo-6] |    loss                 | 0.255      |
[train_ppo-6] |    n_updates            | 3787       |
[train_ppo-6] |    policy_gradient_loss | 0.0661     |
[train_ppo-6] |    std                  | 0.0463     |
[train_ppo-6] |    value_loss           | 0.0755     |
[train_ppo-6] ----------------------------------------
[train_ppo-6] Early stopping at step 1 due to reaching max kl: 0.98
[train_ppo-6] PPO progress: 577000/2500000 (23%) | ep_rew_mean=233.88 | ep_len_mean=242 | episodes=100 | fps=8
[gazebo-2] NodeShared::RecvSrvRequest() error sending response: Host unreachable
[train_ppo-6] [WARN] [1787286816.789411473] [cobraflex_rl_interface]: Gazebo service call failed for /world/lane_following_complex_b/set_pose: Service call timed out
[train_ppo-6] ---------------------------------------
[train_ppo-6] | rollout/                |           |
[train_ppo-6] |    ep_len_mean          | 264       |
[train_ppo-6] |    ep_rew_mean          | 255       |
[train_ppo-6] | time/                   |           |
[train_ppo-6] |    fps                  | 8         |
[train_ppo-6] |    iterations           | 564       |
[train_ppo-6] |    time_elapsed         | 67649     |
[train_ppo-6] |    total_timesteps      | 577536    |
[train_ppo-6] | train/                  |           |
[train_ppo-6] |    approx_kl            | 0.4376745 |
[train_ppo-6] |    clip_fraction        | 0.496     |
[train_ppo-6] |    clip_range           | 0.2       |
[train_ppo-6] |    clip_range_vf        | 0.2       |
[train_ppo-6] |    entropy_loss         | 3.34      |
[train_ppo-6] |    explained_variance   | 0.392     |
[train_ppo-6] |    learning_rate        | 0.000245  |
[train_ppo-6] |    loss                 | 0.0816    |
[train_ppo-6] |    n_updates            | 3789      |
[train_ppo-6] |    policy_gradient_loss | 0.0184    |
[train_ppo-6] |    std                  | 0.0463    |
[train_ppo-6] |    value_loss           | 0.00977   |
[train_ppo-6] ---------------------------------------
[gazebo-2] NodeShared::RecvSrvRequest() error sending response: Host unreachable
[train_ppo-6] [WARN] [1787286842.428680427] [cobraflex_rl_interface]: Gazebo service call failed for /world/lane_following_complex_b/set_pose: Service call timed out
[train_ppo-6] Early stopping at step 2 due to reaching max kl: 7.13
[train_ppo-6] PPO progress: 578000/2500000 (23%) | ep_rew_mean=255.36 | ep_len_mean=265 | episodes=100 | fps=8
[gazebo-2] NodeShared::RecvSrvRequest() error sending response: Host unreachable
[train_ppo-6] [WARN] [1787286919.447883284] [cobraflex_rl_interface]: Gazebo service call failed for /world/lane_following_complex_b/set_pose: Service call timed out
[train_ppo-6] ---------------------------------------
[train_ppo-6] | rollout/                |           |
[train_ppo-6] |    ep_len_mean          | 238       |
[train_ppo-6] |    ep_rew_mean          | 228       |
[train_ppo-6] | time/                   |           |
[train_ppo-6] |    fps                  | 8         |
[train_ppo-6] |    iterations           | 565       |
[train_ppo-6] |    time_elapsed         | 67786     |
[train_ppo-6] |    total_timesteps      | 578560    |
[train_ppo-6] | train/                  |           |
[train_ppo-6] |    approx_kl            | 1.0796487 |
[train_ppo-6] |    clip_fraction        | 0.506     |
[train_ppo-6] |    clip_range           | 0.2       |
[train_ppo-6] |    clip_range_vf        | 0.2       |
[train_ppo-6] |    entropy_loss         | 3.34      |
[train_ppo-6] |    explained_variance   | 0.887     |
[train_ppo-6] |    learning_rate        | 0.000245  |
[train_ppo-6] |    loss                 | 0.0647    |
[train_ppo-6] |    n_updates            | 3792      |
[train_ppo-6] |    policy_gradient_loss | -0.0024   |
[train_ppo-6] |    std                  | 0.0464    |
[train_ppo-6] |    value_loss           | 0.0735    |
[train_ppo-6] ---------------------------------------
[train_ppo-6] Early stopping at step 1 due to reaching max kl: 0.85
[train_ppo-6] PPO progress: 579000/2500000 (23%) | ep_rew_mean=229.89 | ep_len_mean=240 | episodes=100 | fps=8
[train_ppo-6] ----------------------------------------
[train_ppo-6] | rollout/                |            |
[train_ppo-6] |    ep_len_mean          | 240        |
[train_ppo-6] |    ep_rew_mean          | 230        |
[train_ppo-6] | time/                   |            |
[train_ppo-6] |    fps                  | 8          |
[train_ppo-6] |    iterations           | 566        |
[train_ppo-6] |    time_elapsed         | 67902      |
[train_ppo-6] |    total_timesteps      | 579584     |
[train_ppo-6] | train/                  |            |
[train_ppo-6] |    approx_kl            | 0.37927294 |
[train_ppo-6] |    clip_fraction        | 0.353      |
[train_ppo-6] |    clip_range           | 0.2        |
[train_ppo-6] |    clip_range_vf        | 0.2        |
[train_ppo-6] |    entropy_loss         | 3.33       |
[train_ppo-6] |    explained_variance   | 0.825      |
[train_ppo-6] |    learning_rate        | 0.000244   |
[train_ppo-6] |    loss                 | 0.0978     |
[train_ppo-6] |    n_updates            | 3794       |
[train_ppo-6] |    policy_gradient_loss | -0.0215    |
[train_ppo-6] |    std                  | 0.0466     |
[train_ppo-6] |    value_loss           | 0.163      |
[train_ppo-6] ----------------------------------------
[train_ppo-6] Early stopping at step 0 due to reaching max kl: 2.71
[train_ppo-6] PPO progress: 580000/2500000 (23%) | ep_rew_mean=229.89 | ep_len_mean=240 | episodes=100 | fps=8
[train_ppo-6] ----------------------------------------
[train_ppo-6] | rollout/                |            |
[train_ppo-6] |    ep_len_mean          | 240        |
[train_ppo-6] |    ep_rew_mean          | 230        |
[train_ppo-6] | time/                   |            |
[train_ppo-6] |    fps                  | 8          |
[train_ppo-6] |    iterations           | 567        |
[train_ppo-6] |    time_elapsed         | 68016      |
[train_ppo-6] |    total_timesteps      | 580608     |
[train_ppo-6] | train/                  |            |
[train_ppo-6] |    approx_kl            | 0.22130612 |
[train_ppo-6] |    clip_fraction        | 0.304      |
[train_ppo-6] |    clip_range           | 0.2        |
[train_ppo-6] |    clip_range_vf        | 0.2        |
[train_ppo-6] |    entropy_loss         | 3.33       |
[train_ppo-6] |    explained_variance   | 0.915      |
[train_ppo-6] |    learning_rate        | 0.000244   |
[train_ppo-6] |    loss                 | 0.188      |
[train_ppo-6] |    n_updates            | 3795       |
[train_ppo-6] |    policy_gradient_loss | 0.0478     |
[train_ppo-6] |    std                  | 0.0466     |
[train_ppo-6] |    value_loss           | 0.0229     |
[train_ppo-6] ----------------------------------------
[gazebo-2] NodeShared::RecvSrvRequest() error sending response: Host unreachable
[train_ppo-6] [WARN] [1787287253.403819860] [cobraflex_rl_interface]: Gazebo service call failed for /world/lane_following_complex_b/set_pose: Service call timed out
[gazebo-2] NodeShared::RecvSrvRequest() error sending response: Host unreachable
[train_ppo-6] [WARN] [1787287260.065312660] [cobraflex_rl_interface]: Gazebo service call failed for /world/lane_following_complex_b/set_pose: Service call timed out
[gazebo-2] NodeShared::RecvSrvRequest() error sending response: Host unreachable
[train_ppo-6] [WARN] [1787287266.702690965] [cobraflex_rl_interface]: Gazebo service call failed for /world/lane_following_complex_b/set_pose: Service call timed out
[train_ppo-6] Early stopping at step 1 due to reaching max kl: 2.36
[train_ppo-6] PPO progress: 581000/2500000 (23%) | ep_rew_mean=215.33 | ep_len_mean=228 | episodes=100 | fps=8
[train_ppo-6] ----------------------------------------
[train_ppo-6] | rollout/                |            |
[train_ppo-6] |    ep_len_mean          | 222        |
[train_ppo-6] |    ep_rew_mean          | 209        |
[train_ppo-6] | time/                   |            |
[train_ppo-6] |    fps                  | 8          |
[train_ppo-6] |    iterations           | 568        |
[train_ppo-6] |    time_elapsed         | 68155      |
[train_ppo-6] |    total_timesteps      | 581632     |
[train_ppo-6] | train/                  |            |
[train_ppo-6] |    approx_kl            | 0.40084064 |
[train_ppo-6] |    clip_fraction        | 0.514      |
[train_ppo-6] |    clip_range           | 0.2        |
[train_ppo-6] |    clip_range_vf        | 0.2        |
[train_ppo-6] |    entropy_loss         | 3.33       |
[train_ppo-6] |    explained_variance   | 0.594      |
[train_ppo-6] |    learning_rate        | 0.000244   |
[train_ppo-6] |    loss                 | 0.131      |
[train_ppo-6] |    n_updates            | 3797       |
[train_ppo-6] |    policy_gradient_loss | 0.0115     |
[train_ppo-6] |    std                  | 0.0467     |
[train_ppo-6] |    value_loss           | 0.017      |
[train_ppo-6] ----------------------------------------
[train_ppo-6] Early stopping at step 0 due to reaching max kl: 0.79
[train_ppo-6] PPO progress: 582000/2500000 (23%) | ep_rew_mean=208.80 | ep_len_mean=222 | episodes=100 | fps=8
[train_ppo-6] ----------------------------------------
[train_ppo-6] | rollout/                |            |
[train_ppo-6] |    ep_len_mean          | 222        |
[train_ppo-6] |    ep_rew_mean          | 209        |
[train_ppo-6] | time/                   |            |
[train_ppo-6] |    fps                  | 8          |
[train_ppo-6] |    iterations           | 569        |
[train_ppo-6] |    time_elapsed         | 68269      |
[train_ppo-6] |    total_timesteps      | 582656     |
[train_ppo-6] | train/                  |            |
[train_ppo-6] |    approx_kl            | 0.12581931 |
[train_ppo-6] |    clip_fraction        | 0.275      |
[train_ppo-6] |    clip_range           | 0.2        |
[train_ppo-6] |    clip_range_vf        | 0.2        |
[train_ppo-6] |    entropy_loss         | 3.33       |
[train_ppo-6] |    explained_variance   | 0.905      |
[train_ppo-6] |    learning_rate        | 0.000244   |
[train_ppo-6] |    loss                 | 0.135      |
[train_ppo-6] |    n_updates            | 3798       |
[train_ppo-6] |    policy_gradient_loss | 0.00594    |
[train_ppo-6] |    std                  | 0.0467     |
[train_ppo-6] |    value_loss           | 0.108      |
[train_ppo-6] ----------------------------------------
[train_ppo-6] Early stopping at step 5 due to reaching max kl: 0.82
[train_ppo-6] PPO progress: 583000/2500000 (23%) | ep_rew_mean=208.80 | ep_len_mean=222 | episodes=100 | fps=8
[gazebo-2] NodeShared::RecvSrvRequest() error sending response: Host unreachable
[train_ppo-6] [WARN] [1787287523.337159392] [cobraflex_rl_interface]: Gazebo service call failed for /world/lane_following_complex_b/set_pose: Service call timed out
[train_ppo-6] ----------------------------------------
[train_ppo-6] | rollout/                |            |
[train_ppo-6] |    ep_len_mean          | 239        |
[train_ppo-6] |    ep_rew_mean          | 224        |
[train_ppo-6] | time/                   |            |
[train_ppo-6] |    fps                  | 8          |
[train_ppo-6] |    iterations           | 570        |
[train_ppo-6] |    time_elapsed         | 68396      |
[train_ppo-6] |    total_timesteps      | 583680     |
[train_ppo-6] | train/                  |            |
[train_ppo-6] |    approx_kl            | 0.46137586 |
[train_ppo-6] |    clip_fraction        | 0.618      |
[train_ppo-6] |    clip_range           | 0.2        |
[train_ppo-6] |    clip_range_vf        | 0.2        |
[train_ppo-6] |    entropy_loss         | 3.33       |
[train_ppo-6] |    explained_variance   | 0.686      |
[train_ppo-6] |    learning_rate        | 0.000244   |
[train_ppo-6] |    loss                 | -0.0258    |
[train_ppo-6] |    n_updates            | 3804       |
[train_ppo-6] |    policy_gradient_loss | -0.0457    |
[train_ppo-6] |    std                  | 0.0464     |
[train_ppo-6] |    value_loss           | 0.0101     |
[train_ppo-6] ----------------------------------------
[train_ppo-6] Early stopping at step 0 due to reaching max kl: 1.34
[train_ppo-6] PPO progress: 584000/2500000 (23%) | ep_rew_mean=225.92 | ep_len_mean=241 | episodes=100 | fps=8
[train_ppo-6] ----------------------------------------
[train_ppo-6] | rollout/                |            |
[train_ppo-6] |    ep_len_mean          | 246        |
[train_ppo-6] |    ep_rew_mean          | 231        |
[train_ppo-6] | time/                   |            |
[train_ppo-6] |    fps                  | 8          |
[train_ppo-6] |    iterations           | 571        |
[train_ppo-6] |    time_elapsed         | 68511      |
[train_ppo-6] |    total_timesteps      | 584704     |
[train_ppo-6] | train/                  |            |
[train_ppo-6] |    approx_kl            | 0.23151383 |
[train_ppo-6] |    clip_fraction        | 0.32       |
[train_ppo-6] |    clip_range           | 0.2        |
[train_ppo-6] |    clip_range_vf        | 0.2        |
[train_ppo-6] |    entropy_loss         | 3.34       |
[train_ppo-6] |    explained_variance   | 0.887      |
[train_ppo-6] |    learning_rate        | 0.000244   |
[train_ppo-6] |    loss                 | 0.114      |
[train_ppo-6] |    n_updates            | 3805       |
[train_ppo-6] |    policy_gradient_loss | 0.016      |
[train_ppo-6] |    std                  | 0.0464     |
[train_ppo-6] |    value_loss           | 0.0962     |
[train_ppo-6] ----------------------------------------
[train_ppo-6] Early stopping at step 2 due to reaching max kl: 0.83
[train_ppo-6] PPO progress: 585000/2500000 (23%) | ep_rew_mean=230.88 | ep_len_mean=246 | episodes=100 | fps=8
[train_ppo-6] ----------------------------------------
[train_ppo-6] | rollout/                |            |
[train_ppo-6] |    ep_len_mean          | 246        |
[train_ppo-6] |    ep_rew_mean          | 231        |
[train_ppo-6] | time/                   |            |
[train_ppo-6] |    fps                  | 8          |
[train_ppo-6] |    iterations           | 572        |
[train_ppo-6] |    time_elapsed         | 68625      |
[train_ppo-6] |    total_timesteps      | 585728     |
[train_ppo-6] | train/                  |            |
[train_ppo-6] |    approx_kl            | 0.27874416 |
[train_ppo-6] |    clip_fraction        | 0.492      |
[train_ppo-6] |    clip_range           | 0.2        |
[train_ppo-6] |    clip_range_vf        | 0.2        |
[train_ppo-6] |    entropy_loss         | 3.34       |
[train_ppo-6] |    explained_variance   | 0.679      |
[train_ppo-6] |    learning_rate        | 0.000244   |
[train_ppo-6] |    loss                 | 0.137      |
[train_ppo-6] |    n_updates            | 3808       |
[train_ppo-6] |    policy_gradient_loss | -0.00578   |
[train_ppo-6] |    std                  | 0.0465     |
[train_ppo-6] |    value_loss           | 0.111      |
[train_ppo-6] ----------------------------------------
[train_ppo-6] Early stopping at step 6 due to reaching max kl: 0.98
[train_ppo-6] PPO progress: 586000/2500000 (23%) | ep_rew_mean=230.88 | ep_len_mean=246 | episodes=100 | fps=8
[gazebo-2] NodeShared::RecvSrvRequest() error sending response: Host unreachable
[train_ppo-6] [WARN] [1787287887.490281757] [cobraflex_rl_interface]: Gazebo service call failed for /world/lane_following_complex_b/set_pose: Service call timed out
[train_ppo-6] ---------------------------------------
[train_ppo-6] | rollout/                |           |
[train_ppo-6] |    ep_len_mean          | 246       |
[train_ppo-6] |    ep_rew_mean          | 229       |
[train_ppo-6] | time/                   |           |
[train_ppo-6] |    fps                  | 8         |
[train_ppo-6] |    iterations           | 573       |
[train_ppo-6] |    time_elapsed         | 68746     |
[train_ppo-6] |    total_timesteps      | 586752    |
[train_ppo-6] | train/                  |           |
[train_ppo-6] |    approx_kl            | 0.6039149 |
[train_ppo-6] |    clip_fraction        | 0.517     |
[train_ppo-6] |    clip_range           | 0.2       |
[train_ppo-6] |    clip_range_vf        | 0.2       |
[train_ppo-6] |    entropy_loss         | 3.33      |
[train_ppo-6] |    explained_variance   | 0.101     |
[train_ppo-6] |    learning_rate        | 0.000244  |
[train_ppo-6] |    loss                 | -0.00604  |
[train_ppo-6] |    n_updates            | 3815      |
[train_ppo-6] |    policy_gradient_loss | -0.0362   |
[train_ppo-6] |    std                  | 0.0467    |
[train_ppo-6] |    value_loss           | 0.014     |
[train_ppo-6] ---------------------------------------
[train_ppo-6] Early stopping at step 0 due to reaching max kl: 2.40
[train_ppo-6] PPO progress: 587000/2500000 (23%) | ep_rew_mean=199.46 | ep_len_mean=216 | episodes=100 | fps=8
[train_ppo-6] ----------------------------------------
[train_ppo-6] | rollout/                |            |
[train_ppo-6] |    ep_len_mean          | 216        |
[train_ppo-6] |    ep_rew_mean          | 199        |
[train_ppo-6] | time/                   |            |
[train_ppo-6] |    fps                  | 8          |
[train_ppo-6] |    iterations           | 574        |
[train_ppo-6] |    time_elapsed         | 68862      |
[train_ppo-6] |    total_timesteps      | 587776     |
[train_ppo-6] | train/                  |            |
[train_ppo-6] |    approx_kl            | 0.40667373 |
[train_ppo-6] |    clip_fraction        | 0.27       |
[train_ppo-6] |    clip_range           | 0.2        |
[train_ppo-6] |    clip_range_vf        | 0.2        |
[train_ppo-6] |    entropy_loss         | 3.33       |
[train_ppo-6] |    explained_variance   | 0.774      |
[train_ppo-6] |    learning_rate        | 0.000244   |
[train_ppo-6] |    loss                 | 0.214      |
[train_ppo-6] |    n_updates            | 3816       |
[train_ppo-6] |    policy_gradient_loss | 0.0058     |
[train_ppo-6] |    std                  | 0.0467     |
[train_ppo-6] |    value_loss           | 0.292      |
[train_ppo-6] ----------------------------------------
[train_ppo-6] Early stopping at step 0 due to reaching max kl: 0.94
[train_ppo-6] PPO progress: 588000/2500000 (24%) | ep_rew_mean=199.46 | ep_len_mean=216 | episodes=100 | fps=8
[train_ppo-6] ----------------------------------------
[train_ppo-6] | rollout/                |            |
[train_ppo-6] |    ep_len_mean          | 216        |
[train_ppo-6] |    ep_rew_mean          | 199        |
[train_ppo-6] | time/                   |            |
[train_ppo-6] |    fps                  | 8          |
[train_ppo-6] |    iterations           | 575        |
[train_ppo-6] |    time_elapsed         | 68975      |
[train_ppo-6] |    total_timesteps      | 588800     |
[train_ppo-6] | train/                  |            |
[train_ppo-6] |    approx_kl            | 0.13779917 |
[train_ppo-6] |    clip_fraction        | 0.242      |
[train_ppo-6] |    clip_range           | 0.2        |
[train_ppo-6] |    clip_range_vf        | 0.2        |
[train_ppo-6] |    entropy_loss         | 3.33       |
[train_ppo-6] |    explained_variance   | 0.917      |
[train_ppo-6] |    learning_rate        | 0.000244   |
[train_ppo-6] |    loss                 | 0.194      |
[train_ppo-6] |    n_updates            | 3817       |
[train_ppo-6] |    policy_gradient_loss | 0.0222     |
[train_ppo-6] |    std                  | 0.0467     |
[train_ppo-6] |    value_loss           | 0.0658     |
[train_ppo-6] ----------------------------------------
[train_ppo-6] Early stopping at step 1 due to reaching max kl: 1.26
[train_ppo-6] PPO progress: 589000/2500000 (24%) | ep_rew_mean=218.19 | ep_len_mean=236 | episodes=100 | fps=8
[gazebo-2] NodeShared::RecvSrvRequest() error sending response: Host unreachable
[train_ppo-6] [WARN] [1787288204.484722751] [cobraflex_rl_interface]: Gazebo service call failed for /world/lane_following_complex_b/set_pose: Service call timed out
[gazebo-2] NodeShared::RecvSrvRequest() error sending response: Host unreachable
[train_ppo-6] [WARN] [1787288208.534938905] [cobraflex_rl_interface]: Gazebo service call failed for /world/lane_following_complex_b/set_pose: Service call timed out
[gazebo-2] NodeShared::RecvSrvRequest() error sending response: Host unreachable
[train_ppo-6] [WARN] [1787288244.585790829] [cobraflex_rl_interface]: Gazebo service call failed for /world/lane_following_complex_b/set_pose: Service call timed out
[train_ppo-6] ---------------------------------------
[train_ppo-6] | rollout/                |           |
[train_ppo-6] |    ep_len_mean          | 231       |
[train_ppo-6] |    ep_rew_mean          | 213       |
[train_ppo-6] | time/                   |           |
[train_ppo-6] |    fps                  | 8         |
[train_ppo-6] |    iterations           | 576       |
[train_ppo-6] |    time_elapsed         | 69118     |
[train_ppo-6] |    total_timesteps      | 589824    |
[train_ppo-6] | train/                  |           |
[train_ppo-6] |    approx_kl            | 0.6749246 |
[train_ppo-6] |    clip_fraction        | 0.398     |
[train_ppo-6] |    clip_range           | 0.2       |
[train_ppo-6] |    clip_range_vf        | 0.2       |
[train_ppo-6] |    entropy_loss         | 3.33      |
[train_ppo-6] |    explained_variance   | 0.757     |
[train_ppo-6] |    learning_rate        | 0.000243  |
[train_ppo-6] |    loss                 | 0.0445    |
[train_ppo-6] |    n_updates            | 3819      |
[train_ppo-6] |    policy_gradient_loss | 0.0321    |
[train_ppo-6] |    std                  | 0.0467    |
[train_ppo-6] |    value_loss           | 0.00865   |
[train_ppo-6] ---------------------------------------
[train_ppo-6] Early stopping at step 0 due to reaching max kl: 0.99
[train_ppo-6] PPO progress: 590000/2500000 (24%) | ep_rew_mean=217.91 | ep_len_mean=236 | episodes=100 | fps=8
[gazebo-2] NodeShared::RecvSrvRequest() error sending response: Host unreachable
[train_ppo-6] [WARN] [1787288375.566192001] [cobraflex_rl_interface]: Gazebo service call failed for /world/lane_following_complex_b/set_pose: Service call timed out
[train_ppo-6] ---------------------------------------
[train_ppo-6] | rollout/                |           |
[train_ppo-6] |    ep_len_mean          | 239       |
[train_ppo-6] |    ep_rew_mean          | 221       |
[train_ppo-6] | time/                   |           |
[train_ppo-6] |    fps                  | 8         |
[train_ppo-6] |    iterations           | 577       |
[train_ppo-6] |    time_elapsed         | 69241     |
[train_ppo-6] |    total_timesteps      | 590848    |
[train_ppo-6] | train/                  |           |
[train_ppo-6] |    approx_kl            | 0.1768053 |
[train_ppo-6] |    clip_fraction        | 0.272     |
[train_ppo-6] |    clip_range           | 0.2       |
[train_ppo-6] |    clip_range_vf        | 0.2       |
[train_ppo-6] |    entropy_loss         | 3.33      |
[train_ppo-6] |    explained_variance   | 0.711     |
[train_ppo-6] |    learning_rate        | 0.000243  |
[train_ppo-6] |    loss                 | 0.373     |
[train_ppo-6] |    n_updates            | 3820      |
[train_ppo-6] |    policy_gradient_loss | 0.0315    |
[train_ppo-6] |    std                  | 0.0468    |
[train_ppo-6] |    value_loss           | 0.235     |
[train_ppo-6] ---------------------------------------
[train_ppo-6] Early stopping at step 2 due to reaching max kl: 1.44
[train_ppo-6] PPO progress: 591000/2500000 (24%) | ep_rew_mean=220.89 | ep_len_mean=239 | episodes=100 | fps=8
[train_ppo-6] --------------------------------------
[train_ppo-6] | rollout/                |          |
[train_ppo-6] |    ep_len_mean          | 239      |
[train_ppo-6] |    ep_rew_mean          | 221      |
[train_ppo-6] | time/                   |          |
[train_ppo-6] |    fps                  | 8        |
[train_ppo-6] |    iterations           | 578      |
[train_ppo-6] |    time_elapsed         | 69355    |
[train_ppo-6] |    total_timesteps      | 591872   |
[train_ppo-6] | train/                  |          |
[train_ppo-6] |    approx_kl            | 1.443736 |
[train_ppo-6] |    clip_fraction        | 0.429    |
[train_ppo-6] |    clip_range           | 0.2      |
[train_ppo-6] |    clip_range_vf        | 0.2      |
[train_ppo-6] |    entropy_loss         | 3.32     |
[train_ppo-6] |    explained_variance   | 0.866    |
[train_ppo-6] |    learning_rate        | 0.000243 |
[train_ppo-6] |    loss                 | 0.0855   |
[train_ppo-6] |    n_updates            | 3823     |
[train_ppo-6] |    policy_gradient_loss | 0.00116  |
[train_ppo-6] |    std                  | 0.0468   |
[train_ppo-6] |    value_loss           | 0.0602   |
[train_ppo-6] --------------------------------------
[gazebo-2] NodeShared::RecvSrvRequest() error sending response: Host unreachable
[train_ppo-6] [WARN] [1787288549.994934416] [cobraflex_rl_interface]: Gazebo service call failed for /world/lane_following_complex_b/set_pose: Service call timed out
[gazebo-2] NodeShared::RecvSrvRequest() error sending response: Host unreachable
[train_ppo-6] [WARN] [1787288560.852413789] [cobraflex_rl_interface]: Gazebo service call failed for /world/lane_following_complex_b/set_pose: Service call timed out
[train_ppo-6] Early stopping at step 2 due to reaching max kl: 2.59
[train_ppo-6] PPO progress: 592000/2500000 (24%) | ep_rew_mean=210.13 | ep_len_mean=230 | episodes=100 | fps=8
[gazebo-2] NodeShared::RecvSrvRequest() error sending response: Host unreachable
[train_ppo-6] [WARN] [1787288580.334509216] [cobraflex_rl_interface]: Gazebo service call failed for /world/lane_following_complex_b/set_pose: Service call timed out
[gazebo-2] NodeShared::RecvSrvRequest() error sending response: Host unreachable
[train_ppo-6] [WARN] [1787288584.384691289] [cobraflex_rl_interface]: Gazebo service call failed for /world/lane_following_complex_b/set_pose: Service call timed out
[train_ppo-6] --------------------------------------
[train_ppo-6] | rollout/                |          |
[train_ppo-6] |    ep_len_mean          | 216      |
[train_ppo-6] |    ep_rew_mean          | 196      |
[train_ppo-6] | time/                   |          |
[train_ppo-6] |    fps                  | 8        |
[train_ppo-6] |    iterations           | 579      |
[train_ppo-6] |    time_elapsed         | 69492    |
[train_ppo-6] |    total_timesteps      | 592896   |
[train_ppo-6] | train/                  |          |
[train_ppo-6] |    approx_kl            | 1.456499 |
[train_ppo-6] |    clip_fraction        | 0.528    |
[train_ppo-6] |    clip_range           | 0.2      |
[train_ppo-6] |    clip_range_vf        | 0.2      |
[train_ppo-6] |    entropy_loss         | 3.32     |
[train_ppo-6] |    explained_variance   | 0.707    |
[train_ppo-6] |    learning_rate        | 0.000243 |
[train_ppo-6] |    loss                 | 0.00638  |
[train_ppo-6] |    n_updates            | 3826     |
[train_ppo-6] |    policy_gradient_loss | -0.00581 |
[train_ppo-6] |    std                  | 0.0469   |
[train_ppo-6] |    value_loss           | 0.0188   |
[train_ppo-6] --------------------------------------
[train_ppo-6] Early stopping at step 0 due to reaching max kl: 2.64
[train_ppo-6] PPO progress: 593000/2500000 (24%) | ep_rew_mean=195.97 | ep_len_mean=216 | episodes=100 | fps=8
[gazebo-2] NodeShared::RecvSrvRequest() error sending response: Host unreachable
[train_ppo-6] [WARN] [1787288699.643282025] [cobraflex_rl_interface]: Gazebo service call failed for /world/lane_following_complex_b/set_pose: Service call timed out
[train_ppo-6] ----------------------------------------
[train_ppo-6] | rollout/                |            |
[train_ppo-6] |    ep_len_mean          | 222        |
[train_ppo-6] |    ep_rew_mean          | 201        |
[train_ppo-6] | time/                   |            |
[train_ppo-6] |    fps                  | 8          |
[train_ppo-6] |    iterations           | 580        |
[train_ppo-6] |    time_elapsed         | 69613      |
[train_ppo-6] |    total_timesteps      | 593920     |
[train_ppo-6] | train/                  |            |
[train_ppo-6] |    approx_kl            | 0.45557106 |
[train_ppo-6] |    clip_fraction        | 0.0599     |
[train_ppo-6] |    clip_range           | 0.2        |
[train_ppo-6] |    clip_range_vf        | 0.2        |
[train_ppo-6] |    entropy_loss         | 3.32       |
[train_ppo-6] |    explained_variance   | 0.609      |
[train_ppo-6] |    learning_rate        | 0.000243   |
[train_ppo-6] |    loss                 | 0.441      |
[train_ppo-6] |    n_updates            | 3827       |
[train_ppo-6] |    policy_gradient_loss | -0.00468   |
[train_ppo-6] |    std                  | 0.0469     |
[train_ppo-6] |    value_loss           | 0.352      |
[train_ppo-6] ----------------------------------------
[train_ppo-6] Early stopping at step 0 due to reaching max kl: 1.11
[train_ppo-6] PPO progress: 594000/2500000 (24%) | ep_rew_mean=201.38 | ep_len_mean=222 | episodes=100 | fps=8
[gazebo-2] NodeShared::RecvSrvRequest() error sending response: Host unreachable
[train_ppo-6] [WARN] [1787288904.209901755] [cobraflex_rl_interface]: Gazebo service call failed for /world/lane_following_complex_b/set_pose: Service call timed out
[train_ppo-6] ----------------------------------------
[train_ppo-6] | rollout/                |            |
[train_ppo-6] |    ep_len_mean          | 223        |
[train_ppo-6] |    ep_rew_mean          | 202        |
[train_ppo-6] | time/                   |            |
[train_ppo-6] |    fps                  | 8          |
[train_ppo-6] |    iterations           | 581        |
[train_ppo-6] |    time_elapsed         | 69741      |
[train_ppo-6] |    total_timesteps      | 594944     |
[train_ppo-6] | train/                  |            |
[train_ppo-6] |    approx_kl            | 0.17858312 |
[train_ppo-6] |    clip_fraction        | 0.167      |
[train_ppo-6] |    clip_range           | 0.2        |
[train_ppo-6] |    clip_range_vf        | 0.2        |
[train_ppo-6] |    entropy_loss         | 3.32       |
[train_ppo-6] |    explained_variance   | 0.88       |
[train_ppo-6] |    learning_rate        | 0.000243   |
[train_ppo-6] |    loss                 | 0.188      |
[train_ppo-6] |    n_updates            | 3828       |
[train_ppo-6] |    policy_gradient_loss | -0.000126  |
[train_ppo-6] |    std                  | 0.047      |
[train_ppo-6] |    value_loss           | 0.075      |
[train_ppo-6] ----------------------------------------
[train_ppo-6] Early stopping at step 0 due to reaching max kl: 3.80
[train_ppo-6] PPO progress: 595000/2500000 (24%) | ep_rew_mean=197.98 | ep_len_mean=219 | episodes=100 | fps=8
[gazebo-2] NodeShared::RecvSrvRequest() error sending response: Host unreachable
[train_ppo-6] [WARN] [1787289009.989294525] [cobraflex_rl_interface]: Gazebo service call failed for /world/lane_following_complex_b/set_pose: Service call timed out
[train_ppo-6] ---------------------------------------
[train_ppo-6] | rollout/                |           |
[train_ppo-6] |    ep_len_mean          | 224       |
[train_ppo-6] |    ep_rew_mean          | 203       |
[train_ppo-6] | time/                   |           |
[train_ppo-6] |    fps                  | 8         |
[train_ppo-6] |    iterations           | 582       |
[train_ppo-6] |    time_elapsed         | 69861     |
[train_ppo-6] |    total_timesteps      | 595968    |
[train_ppo-6] | train/                  |           |
[train_ppo-6] |    approx_kl            | 0.3695365 |
[train_ppo-6] |    clip_fraction        | 0.28      |
[train_ppo-6] |    clip_range           | 0.2       |
[train_ppo-6] |    clip_range_vf        | 0.2       |
[train_ppo-6] |    entropy_loss         | 3.32      |
[train_ppo-6] |    explained_variance   | 0.797     |
[train_ppo-6] |    learning_rate        | 0.000243  |
[train_ppo-6] |    loss                 | 0.137     |
[train_ppo-6] |    n_updates            | 3829      |
[train_ppo-6] |    policy_gradient_loss | 0.0048    |
[train_ppo-6] |    std                  | 0.047     |
[train_ppo-6] |    value_loss           | 0.0705    |
[train_ppo-6] ---------------------------------------
[train_ppo-6] Early stopping at step 4 due to reaching max kl: 0.77
[train_ppo-6] PPO progress: 596000/2500000 (24%) | ep_rew_mean=203.30 | ep_len_mean=224 | episodes=100 | fps=8
[train_ppo-6] ---------------------------------------
[train_ppo-6] | rollout/                |           |
[train_ppo-6] |    ep_len_mean          | 224       |
[train_ppo-6] |    ep_rew_mean          | 203       |
[train_ppo-6] | time/                   |           |
[train_ppo-6] |    fps                  | 8         |
[train_ppo-6] |    iterations           | 583       |
[train_ppo-6] |    time_elapsed         | 69975     |
[train_ppo-6] |    total_timesteps      | 596992    |
[train_ppo-6] | train/                  |           |
[train_ppo-6] |    approx_kl            | 0.4837721 |
[train_ppo-6] |    clip_fraction        | 0.475     |
[train_ppo-6] |    clip_range           | 0.2       |
[train_ppo-6] |    clip_range_vf        | 0.2       |
[train_ppo-6] |    entropy_loss         | 3.31      |
[train_ppo-6] |    explained_variance   | 0.884     |
[train_ppo-6] |    learning_rate        | 0.000243  |
[train_ppo-6] |    loss                 | 0.126     |
[train_ppo-6] |    n_updates            | 3834      |
[train_ppo-6] |    policy_gradient_loss | -0.00589  |
[train_ppo-6] |    std                  | 0.0471    |
[train_ppo-6] |    value_loss           | 0.0667    |
[train_ppo-6] ---------------------------------------
[train_ppo-6] PPO progress: 597000/2500000 (24%) | ep_rew_mean=203.30 | ep_len_mean=224 | episodes=100 | fps=8
[gazebo-2] NodeShared::RecvSrvRequest() error sending response: Host unreachable
[train_ppo-6] [WARN] [1787289212.735307943] [cobraflex_rl_interface]: Gazebo service call failed for /world/lane_following_complex_b/set_pose: Service call timed out
[gazebo-2] NodeShared::RecvSrvRequest() error sending response: Host unreachable
[train_ppo-6] [WARN] [1787289243.841829184] [cobraflex_rl_interface]: Gazebo service call failed for /world/lane_following_complex_b/set_pose: Service call timed out
[gazebo-2] NodeShared::RecvSrvRequest() error sending response: Host unreachable
[train_ppo-6] [WARN] [1787289280.117428666] [cobraflex_rl_interface]: Gazebo service call failed for /world/lane_following_complex_b/set_pose: Service call timed out
[gazebo-2] NodeShared::RecvSrvRequest() error sending response: Host unreachable
[train_ppo-6] [WARN] [1787289298.552433300] [cobraflex_rl_interface]: Gazebo service call failed for /world/lane_following_complex_b/set_pose: Service call timed out
[gazebo-2] NodeShared::RecvSrvRequest() error sending response: Host unreachable
[train_ppo-6] [WARN] [1787289310.553553128] [cobraflex_rl_interface]: Gazebo service call failed for /world/lane_following_complex_b/set_pose: Service call timed out
[gazebo-2] NodeShared::RecvSrvRequest() error sending response: Host unreachable
[train_ppo-6] [WARN] [1787289315.791233386] [cobraflex_rl_interface]: Gazebo service call failed for /world/lane_following_complex_b/set_pose: Service call timed out
[train_ppo-6] PPO progress: 598000/2500000 (24%) | ep_rew_mean=173.01 | ep_len_mean=193 | episodes=100 | fps=8
[train_ppo-6] ----------------------------------------
[train_ppo-6] | rollout/                |            |
[train_ppo-6] |    ep_len_mean          | 193        |
[train_ppo-6] |    ep_rew_mean          | 173        |
[train_ppo-6] | time/                   |            |
[train_ppo-6] |    fps                  | 8          |
[train_ppo-6] |    iterations           | 584        |
[train_ppo-6] |    time_elapsed         | 70136      |
[train_ppo-6] |    total_timesteps      | 598016     |
[train_ppo-6] | train/                  |            |
[train_ppo-6] |    approx_kl            | 0.24356532 |
[train_ppo-6] |    clip_fraction        | 0.558      |
[train_ppo-6] |    clip_range           | 0.2        |
[train_ppo-6] |    clip_range_vf        | 0.2        |
[train_ppo-6] |    entropy_loss         | 3.31       |
[train_ppo-6] |    explained_variance   | 0.624      |
[train_ppo-6] |    learning_rate        | 0.000243   |
[train_ppo-6] |    loss                 | -0.0201    |
[train_ppo-6] |    n_updates            | 3844       |
[train_ppo-6] |    policy_gradient_loss | -0.0648    |
[train_ppo-6] |    std                  | 0.0468     |
[train_ppo-6] |    value_loss           | 0.0158     |
[train_ppo-6] ----------------------------------------
[train_ppo-6] Early stopping at step 0 due to reaching max kl: 4.34
[train_ppo-6] PPO progress: 599000/2500000 (24%) | ep_rew_mean=161.32 | ep_len_mean=180 | episodes=100 | fps=8
[train_ppo-6] ----------------------------------------
[train_ppo-6] | rollout/                |            |
[train_ppo-6] |    ep_len_mean          | 180        |
[train_ppo-6] |    ep_rew_mean          | 161        |
[train_ppo-6] | time/                   |            |
[train_ppo-6] |    fps                  | 8          |
[train_ppo-6] |    iterations           | 585        |
[train_ppo-6] |    time_elapsed         | 70252      |
[train_ppo-6] |    total_timesteps      | 599040     |
[train_ppo-6] | train/                  |            |
[train_ppo-6] |    approx_kl            | 0.56431013 |
[train_ppo-6] |    clip_fraction        | 0.202      |
[train_ppo-6] |    clip_range           | 0.2        |
[train_ppo-6] |    clip_range_vf        | 0.2        |
[train_ppo-6] |    entropy_loss         | 3.32       |
[train_ppo-6] |    explained_variance   | 0.691      |
[train_ppo-6] |    learning_rate        | 0.000243   |
[train_ppo-6] |    loss                 | 0.368      |
[train_ppo-6] |    n_updates            | 3845       |
[train_ppo-6] |    policy_gradient_loss | 0.00735    |
[train_ppo-6] |    std                  | 0.0468     |
[train_ppo-6] |    value_loss           | 0.401      |
[train_ppo-6] ----------------------------------------
[gazebo-2] NodeShared::RecvSrvRequest() error sending response: Host unreachable
[train_ppo-6] [WARN] [1787289454.132260096] [cobraflex_rl_interface]: Gazebo service call failed for /world/lane_following_complex_b/set_pose: Service call timed out
[gazebo-2] NodeShared::RecvSrvRequest() error sending response: Host unreachable
[train_ppo-6] [WARN] [1787289468.828989831] [cobraflex_rl_interface]: Gazebo service call failed for /world/lane_following_complex_b/set_pose: Service call timed out
[gazebo-2] NodeShared::RecvSrvRequest() error sending response: Host unreachable
[train_ppo-6] [WARN] [1787289500.373256577] [cobraflex_rl_interface]: Gazebo service call failed for /world/lane_following_complex_b/set_pose: Service call timed out
[gazebo-2] NodeShared::RecvSrvRequest() error sending response: Host unreachable
[train_ppo-6] [WARN] [1787289560.726875837] [cobraflex_rl_interface]: Gazebo service call failed for /world/lane_following_complex_b/set_pose: Service call timed out
[gazebo-2] NodeShared::RecvSrvRequest() error sending response: Host unreachable
[train_ppo-6] [WARN] [1787289564.776942888] [cobraflex_rl_interface]: Gazebo service call failed for /world/lane_following_complex_b/set_pose: Service call timed out
[gazebo-2] NodeShared::RecvSrvRequest() error sending response: Host unreachable
[train_ppo-6] [WARN] [1787289568.826587426] [cobraflex_rl_interface]: Gazebo service call failed for /world/lane_following_complex_b/set_pose: Service call timed out
[gazebo-2] NodeShared::RecvSrvRequest() error sending response: Host unreachable
[train_ppo-6] [WARN] [1787289572.877413004] [cobraflex_rl_interface]: Gazebo service call failed for /world/lane_following_complex_b/set_pose: Service call timed out
[train_ppo-6] Early stopping at step 1 due to reaching max kl: 1.84
[train_ppo-6] PPO progress: 600000/2500000 (24%) | ep_rew_mean=147.67 | ep_len_mean=166 | episodes=100 | fps=8
[train_ppo-6] ---------------------------------------
[train_ppo-6] | rollout/                |           |
[train_ppo-6] |    ep_len_mean          | 168       |
[train_ppo-6] |    ep_rew_mean          | 149       |
[train_ppo-6] | time/                   |           |
[train_ppo-6] |    fps                  | 8         |
[train_ppo-6] |    iterations           | 586       |
[train_ppo-6] |    time_elapsed         | 70402     |
[train_ppo-6] |    total_timesteps      | 600064    |
[train_ppo-6] | train/                  |           |
[train_ppo-6] |    approx_kl            | 0.3007342 |
[train_ppo-6] |    clip_fraction        | 0.329     |
[train_ppo-6] |    clip_range           | 0.2       |
[train_ppo-6] |    clip_range_vf        | 0.2       |
[train_ppo-6] |    entropy_loss         | 3.32      |
[train_ppo-6] |    explained_variance   | 0.917     |
[train_ppo-6] |    learning_rate        | 0.000242  |
[train_ppo-6] |    loss                 | 0.177     |
[train_ppo-6] |    n_updates            | 3847      |
[train_ppo-6] |    policy_gradient_loss | -0.0102   |
[train_ppo-6] |    std                  | 0.0468    |
[train_ppo-6] |    value_loss           | 0.078     |
[train_ppo-6] ---------------------------------------
[train_ppo-6] Early stopping at step 3 due to reaching max kl: 11.28
[train_ppo-6] PPO progress: 601000/2500000 (24%) | ep_rew_mean=154.96 | ep_len_mean=174 | episodes=100 | fps=8
[train_ppo-6] --------------------------------------
[train_ppo-6] | rollout/                |          |
[train_ppo-6] |    ep_len_mean          | 174      |
[train_ppo-6] |    ep_rew_mean          | 155      |
[train_ppo-6] | time/                   |          |
[train_ppo-6] |    fps                  | 8        |
[train_ppo-6] |    iterations           | 587      |
[train_ppo-6] |    time_elapsed         | 70517    |
[train_ppo-6] |    total_timesteps      | 601088   |
[train_ppo-6] | train/                  |          |
[train_ppo-6] |    approx_kl            | 1.802561 |
[train_ppo-6] |    clip_fraction        | 0.44     |
[train_ppo-6] |    clip_range           | 0.2      |
[train_ppo-6] |    clip_range_vf        | 0.2      |
[train_ppo-6] |    entropy_loss         | 3.32     |
[train_ppo-6] |    explained_variance   | 0.732    |
[train_ppo-6] |    learning_rate        | 0.000242 |
[train_ppo-6] |    loss                 | 0.153    |
[train_ppo-6] |    n_updates            | 3851     |
[train_ppo-6] |    policy_gradient_loss | -0.00904 |
[train_ppo-6] |    std                  | 0.047    |
[train_ppo-6] |    value_loss           | 0.257    |
[train_ppo-6] --------------------------------------
[train_ppo-6] Early stopping at step 1 due to reaching max kl: 1.11
[train_ppo-6] PPO progress: 602000/2500000 (24%) | ep_rew_mean=154.96 | ep_len_mean=174 | episodes=100 | fps=8
[train_ppo-6] ----------------------------------------
[train_ppo-6] | rollout/                |            |
[train_ppo-6] |    ep_len_mean          | 174        |
[train_ppo-6] |    ep_rew_mean          | 155        |
[train_ppo-6] | time/                   |            |
[train_ppo-6] |    fps                  | 8          |
[train_ppo-6] |    iterations           | 588        |
[train_ppo-6] |    time_elapsed         | 70631      |
[train_ppo-6] |    total_timesteps      | 602112     |
[train_ppo-6] | train/                  |            |
[train_ppo-6] |    approx_kl            | 0.28076997 |
[train_ppo-6] |    clip_fraction        | 0.342      |
[train_ppo-6] |    clip_range           | 0.2        |
[train_ppo-6] |    clip_range_vf        | 0.2        |
[train_ppo-6] |    entropy_loss         | 3.31       |
[train_ppo-6] |    explained_variance   | 0.848      |
[train_ppo-6] |    learning_rate        | 0.000242   |
[train_ppo-6] |    loss                 | 0.149      |
[train_ppo-6] |    n_updates            | 3853       |
[train_ppo-6] |    policy_gradient_loss | 0.00546    |
[train_ppo-6] |    std                  | 0.0471     |
[train_ppo-6] |    value_loss           | 0.103      |
[train_ppo-6] ----------------------------------------
[gazebo-2] NodeShared::RecvSrvRequest() error sending response: Host unreachable
[train_ppo-6] [WARN] [1787289904.284710865] [cobraflex_rl_interface]: Gazebo service call failed for /world/lane_following_complex_b/set_pose: Service call timed out
[train_ppo-6] Early stopping at step 3 due to reaching max kl: 0.98
[train_ppo-6] PPO progress: 603000/2500000 (24%) | ep_rew_mean=147.19 | ep_len_mean=166 | episodes=100 | fps=8
[train_ppo-6] ----------------------------------------
[train_ppo-6] | rollout/                |            |
[train_ppo-6] |    ep_len_mean          | 168        |
[train_ppo-6] |    ep_rew_mean          | 148        |
[train_ppo-6] | time/                   |            |
[train_ppo-6] |    fps                  | 8          |
[train_ppo-6] |    iterations           | 589        |
[train_ppo-6] |    time_elapsed         | 70756      |
[train_ppo-6] |    total_timesteps      | 603136     |
[train_ppo-6] | train/                  |            |
[train_ppo-6] |    approx_kl            | 0.46983624 |
[train_ppo-6] |    clip_fraction        | 0.552      |
[train_ppo-6] |    clip_range           | 0.2        |
[train_ppo-6] |    clip_range_vf        | 0.2        |
[train_ppo-6] |    entropy_loss         | 3.31       |
[train_ppo-6] |    explained_variance   | 0.718      |
[train_ppo-6] |    learning_rate        | 0.000242   |
[train_ppo-6] |    loss                 | -0.0308    |
[train_ppo-6] |    n_updates            | 3857       |
[train_ppo-6] |    policy_gradient_loss | -0.0317    |
[train_ppo-6] |    std                  | 0.0471     |
[train_ppo-6] |    value_loss           | 0.01       |
[train_ppo-6] ----------------------------------------
[gazebo-2] NodeShared::RecvSrvRequest() error sending response: Host unreachable
[train_ppo-6] [WARN] [1787289995.041938697] [cobraflex_rl_interface]: Gazebo service call failed for /world/lane_following_complex_b/set_pose: Service call timed out
[gazebo-2] NodeShared::RecvSrvRequest() error sending response: Host unreachable
[train_ppo-6] [WARN] [1787290034.025762927] [cobraflex_rl_interface]: Gazebo service call failed for /world/lane_following_complex_b/set_pose: Service call timed out
[gazebo-2] NodeShared::RecvSrvRequest() error sending response: Host unreachable
[train_ppo-6] [WARN] [1787290038.075672402] [cobraflex_rl_interface]: Gazebo service call failed for /world/lane_following_complex_b/set_pose: Service call timed out
[gazebo-2] NodeShared::RecvSrvRequest() error sending response: Host unreachable
[train_ppo-6] [WARN] [1787290044.744422025] [cobraflex_rl_interface]: Gazebo service call failed for /world/lane_following_complex_b/set_pose: Service call timed out
[gazebo-2] NodeShared::RecvSrvRequest() error sending response: Host unreachable
[train_ppo-6] [WARN] [1787290048.793212164] [cobraflex_rl_interface]: Gazebo service call failed for /world/lane_following_complex_b/set_pose: Service call timed out
[gazebo-2] NodeShared::RecvSrvRequest() error sending response: Host unreachable
[train_ppo-6] [WARN] [1787290074.064491522] [cobraflex_rl_interface]: Gazebo service call failed for /world/lane_following_complex_b/set_pose: Service call timed out
[gazebo-2] NodeShared::RecvSrvRequest() error sending response: Host unreachable
[train_ppo-6] [WARN] [1787290078.114361432] [cobraflex_rl_interface]: Gazebo service call failed for /world/lane_following_complex_b/set_pose: Service call timed out
[train_ppo-6] Early stopping at step 4 due to reaching max kl: 0.79
[train_ppo-6] PPO progress: 604000/2500000 (24%) | ep_rew_mean=133.36 | ep_len_mean=151 | episodes=100 | fps=8
[train_ppo-6] ---------------------------------------
[train_ppo-6] | rollout/                |           |
[train_ppo-6] |    ep_len_mean          | 151       |
[train_ppo-6] |    ep_rew_mean          | 133       |
[train_ppo-6] | time/                   |           |
[train_ppo-6] |    fps                  | 8         |
[train_ppo-6] |    iterations           | 590       |
[train_ppo-6] |    time_elapsed         | 70913     |
[train_ppo-6] |    total_timesteps      | 604160    |
[train_ppo-6] | train/                  |           |
[train_ppo-6] |    approx_kl            | 0.3458654 |
[train_ppo-6] |    clip_fraction        | 0.504     |
[train_ppo-6] |    clip_range           | 0.2       |
[train_ppo-6] |    clip_range_vf        | 0.2       |
[train_ppo-6] |    entropy_loss         | 3.31      |
[train_ppo-6] |    explained_variance   | 0.794     |
[train_ppo-6] |    learning_rate        | 0.000242  |
[train_ppo-6] |    loss                 | 0.0688    |
[train_ppo-6] |    n_updates            | 3862      |
[train_ppo-6] |    policy_gradient_loss | -0.0328   |
[train_ppo-6] |    std                  | 0.0471    |
[train_ppo-6] |    value_loss           | 0.154     |
[train_ppo-6] ---------------------------------------
[train_ppo-6] Early stopping at step 4 due to reaching max kl: 0.86
[train_ppo-6] PPO progress: 605000/2500000 (24%) | ep_rew_mean=133.34 | ep_len_mean=151 | episodes=100 | fps=8
[train_ppo-6] ---------------------------------------
[train_ppo-6] | rollout/                |           |
[train_ppo-6] |    ep_len_mean          | 151       |
[train_ppo-6] |    ep_rew_mean          | 133       |
[train_ppo-6] | time/                   |           |
[train_ppo-6] |    fps                  | 8         |
[train_ppo-6] |    iterations           | 591       |
[train_ppo-6] |    time_elapsed         | 71027     |
[train_ppo-6] |    total_timesteps      | 605184    |
[train_ppo-6] | train/                  |           |
[train_ppo-6] |    approx_kl            | 0.3711852 |
[train_ppo-6] |    clip_fraction        | 0.559     |
[train_ppo-6] |    clip_range           | 0.2       |
[train_ppo-6] |    clip_range_vf        | 0.2       |
[train_ppo-6] |    entropy_loss         | 3.31      |
[train_ppo-6] |    explained_variance   | 0.782     |
[train_ppo-6] |    learning_rate        | 0.000242  |
[train_ppo-6] |    loss                 | 0.0622    |
[train_ppo-6] |    n_updates            | 3867      |
[train_ppo-6] |    policy_gradient_loss | -0.0353   |
[train_ppo-6] |    std                  | 0.047     |
[train_ppo-6] |    value_loss           | 0.169     |
[train_ppo-6] ---------------------------------------
[gazebo-2] NodeShared::RecvSrvRequest() error sending response: Host unreachable
[train_ppo-6] [WARN] [1787290263.358044127] [cobraflex_rl_interface]: Gazebo service call failed for /world/lane_following_complex_b/set_pose: Service call timed out
[gazebo-2] NodeShared::RecvSrvRequest() error sending response: Host unreachable
[train_ppo-6] [WARN] [1787290270.835019245] [cobraflex_rl_interface]: Gazebo service call failed for /world/lane_following_complex_b/set_pose: Service call timed out
[gazebo-2] NodeShared::RecvSrvRequest() error sending response: Host unreachable
[train_ppo-6] [WARN] [1787290290.068816669] [cobraflex_rl_interface]: Gazebo service call failed for /world/lane_following_complex_b/set_pose: Service call timed out
[gazebo-2] NodeShared::RecvSrvRequest() error sending response: Host unreachable
[train_ppo-6] [WARN] [1787290308.146375976] [cobraflex_rl_interface]: Gazebo service call failed for /world/lane_following_complex_b/set_pose: Service call timed out
[gazebo-2] NodeShared::RecvSrvRequest() error sending response: Host unreachable
[train_ppo-6] [WARN] [1787290316.365275913] [cobraflex_rl_interface]: Gazebo service call failed for /world/lane_following_complex_b/set_pose: Service call timed out
[gazebo-2] NodeShared::RecvSrvRequest() error sending response: Host unreachable
[train_ppo-6] [WARN] [1787290320.415028479] [cobraflex_rl_interface]: Gazebo service call failed for /world/lane_following_complex_b/set_pose: Service call timed out
[gazebo-2] NodeShared::RecvSrvRequest() error sending response: Host unreachable
[train_ppo-6] [WARN] [1787290327.083405392] [cobraflex_rl_interface]: Gazebo service call failed for /world/lane_following_complex_b/set_pose: Service call timed out
[train_ppo-6] Early stopping at step 1 due to reaching max kl: 1.44
[train_ppo-6] PPO progress: 606000/2500000 (24%) | ep_rew_mean=123.16 | ep_len_mean=139 | episodes=100 | fps=8
[train_ppo-6] ----------------------------------------
[train_ppo-6] | rollout/                |            |
[train_ppo-6] |    ep_len_mean          | 139        |
[train_ppo-6] |    ep_rew_mean          | 123        |
[train_ppo-6] | time/                   |            |
[train_ppo-6] |    fps                  | 8          |
[train_ppo-6] |    iterations           | 592        |
[train_ppo-6] |    time_elapsed         | 71191      |
[train_ppo-6] |    total_timesteps      | 606208     |
[train_ppo-6] | train/                  |            |
[train_ppo-6] |    approx_kl            | 0.43811196 |
[train_ppo-6] |    clip_fraction        | 0.456      |
[train_ppo-6] |    clip_range           | 0.2        |
[train_ppo-6] |    clip_range_vf        | 0.2        |
[train_ppo-6] |    entropy_loss         | 3.31       |
[train_ppo-6] |    explained_variance   | 0.753      |
[train_ppo-6] |    learning_rate        | 0.000242   |
[train_ppo-6] |    loss                 | 0.033      |
[train_ppo-6] |    n_updates            | 3869       |
[train_ppo-6] |    policy_gradient_loss | 0.00599    |
[train_ppo-6] |    std                  | 0.0471     |
[train_ppo-6] |    value_loss           | 0.0113     |
[train_ppo-6] ----------------------------------------
[gazebo-2] NodeShared::RecvSrvRequest() error sending response: Host unreachable
[train_ppo-6] [WARN] [1787290410.548688599] [cobraflex_rl_interface]: Gazebo service call failed for /world/lane_following_complex_b/set_pose: Service call timed out
[train_ppo-6] Early stopping at step 0 due to reaching max kl: 2.97
[train_ppo-6] PPO progress: 607000/2500000 (24%) | ep_rew_mean=118.88 | ep_len_mean=134 | episodes=100 | fps=8
[train_ppo-6] ---------------------------------------
[train_ppo-6] | rollout/                |           |
[train_ppo-6] |    ep_len_mean          | 134       |
[train_ppo-6] |    ep_rew_mean          | 119       |
[train_ppo-6] | time/                   |           |
[train_ppo-6] |    fps                  | 8         |
[train_ppo-6] |    iterations           | 593       |
[train_ppo-6] |    time_elapsed         | 71313     |
[train_ppo-6] |    total_timesteps      | 607232    |
[train_ppo-6] | train/                  |           |
[train_ppo-6] |    approx_kl            | 0.3687075 |
[train_ppo-6] |    clip_fraction        | 0.386     |
[train_ppo-6] |    clip_range           | 0.2       |
[train_ppo-6] |    clip_range_vf        | 0.2       |
[train_ppo-6] |    entropy_loss         | 3.31      |
[train_ppo-6] |    explained_variance   | 0.777     |
[train_ppo-6] |    learning_rate        | 0.000242  |
[train_ppo-6] |    loss                 | 0.285     |
[train_ppo-6] |    n_updates            | 3870      |
[train_ppo-6] |    policy_gradient_loss | 0.031     |
[train_ppo-6] |    std                  | 0.0471    |
[train_ppo-6] |    value_loss           | 0.235     |
[train_ppo-6] ---------------------------------------
[train_ppo-6] Early stopping at step 1 due to reaching max kl: 0.97
[train_ppo-6] PPO progress: 608000/2500000 (24%) | ep_rew_mean=118.88 | ep_len_mean=134 | episodes=100 | fps=8
[train_ppo-6] ----------------------------------------
[train_ppo-6] | rollout/                |            |
[train_ppo-6] |    ep_len_mean          | 134        |
[train_ppo-6] |    ep_rew_mean          | 119        |
[train_ppo-6] | time/                   |            |
[train_ppo-6] |    fps                  | 8          |
[train_ppo-6] |    iterations           | 594        |
[train_ppo-6] |    time_elapsed         | 71427      |
[train_ppo-6] |    total_timesteps      | 608256     |
[train_ppo-6] | train/                  |            |
[train_ppo-6] |    approx_kl            | 0.27993357 |
[train_ppo-6] |    clip_fraction        | 0.355      |
[train_ppo-6] |    clip_range           | 0.2        |
[train_ppo-6] |    clip_range_vf        | 0.2        |
[train_ppo-6] |    entropy_loss         | 3.31       |
[train_ppo-6] |    explained_variance   | 0.874      |
[train_ppo-6] |    learning_rate        | 0.000242   |
[train_ppo-6] |    loss                 | 0.0921     |
[train_ppo-6] |    n_updates            | 3872       |
[train_ppo-6] |    policy_gradient_loss | 0.00146    |
[train_ppo-6] |    std                  | 0.0473     |
[train_ppo-6] |    value_loss           | 0.0678     |
[train_ppo-6] ----------------------------------------
[gazebo-2] NodeShared::RecvSrvRequest() error sending response: Host unreachable
[train_ppo-6] [WARN] [1787290642.621525340] [cobraflex_rl_interface]: Gazebo service call failed for /world/lane_following_complex_b/set_pose: Service call timed out
[gazebo-2] NodeShared::RecvSrvRequest() error sending response: Host unreachable
[train_ppo-6] [WARN] [1787290653.682021005] [cobraflex_rl_interface]: Gazebo service call failed for /world/lane_following_complex_b/set_pose: Service call timed out
[gazebo-2] NodeShared::RecvSrvRequest() error sending response: Host unreachable
[train_ppo-6] [WARN] [1787290657.732424280] [cobraflex_rl_interface]: Gazebo service call failed for /world/lane_following_complex_b/set_pose: Service call timed out
[gazebo-2] NodeShared::RecvSrvRequest() error sending response: Host unreachable
[train_ppo-6] [WARN] [1787290669.680798974] [cobraflex_rl_interface]: Gazebo service call failed for /world/lane_following_complex_b/set_pose: Service call timed out
[gazebo-2] NodeShared::RecvSrvRequest() error sending response: Host unreachable
[train_ppo-6] [WARN] [1787290673.730162261] [cobraflex_rl_interface]: Gazebo service call failed for /world/lane_following_complex_b/set_pose: Service call timed out
[train_ppo-6] PPO progress: 609000/2500000 (24%) | ep_rew_mean=121.77 | ep_len_mean=138 | episodes=100 | fps=8
[train_ppo-6] ----------------------------------------
[train_ppo-6] | rollout/                |            |
[train_ppo-6] |    ep_len_mean          | 138        |
[train_ppo-6] |    ep_rew_mean          | 122        |
[train_ppo-6] | time/                   |            |
[train_ppo-6] |    fps                  | 8          |
[train_ppo-6] |    iterations           | 595        |
[train_ppo-6] |    time_elapsed         | 71568      |
[train_ppo-6] |    total_timesteps      | 609280     |
[train_ppo-6] | train/                  |            |
[train_ppo-6] |    approx_kl            | 0.28281477 |
[train_ppo-6] |    clip_fraction        | 0.59       |
[train_ppo-6] |    clip_range           | 0.2        |
[train_ppo-6] |    clip_range_vf        | 0.2        |
[train_ppo-6] |    entropy_loss         | 3.31       |
[train_ppo-6] |    explained_variance   | 0.746      |
[train_ppo-6] |    learning_rate        | 0.000242   |
[train_ppo-6] |    loss                 | -0.0343    |
[train_ppo-6] |    n_updates            | 3882       |
[train_ppo-6] |    policy_gradient_loss | -0.0567    |
[train_ppo-6] |    std                  | 0.0468     |
[train_ppo-6] |    value_loss           | 0.0245     |
[train_ppo-6] ----------------------------------------
[gazebo-2] NodeShared::RecvSrvRequest() error sending response: Host unreachable
[train_ppo-6] [WARN] [1787290790.067249388] [cobraflex_rl_interface]: Gazebo service call failed for /world/lane_following_complex_b/set_pose: Service call timed out
[gazebo-2] NodeShared::RecvSrvRequest() error sending response: Host unreachable
[train_ppo-6] [WARN] [1787290799.783282666] [cobraflex_rl_interface]: Gazebo service call failed for /world/lane_following_complex_b/set_pose: Service call timed out
[train_ppo-6] Early stopping at step 2 due to reaching max kl: 0.83
[train_ppo-6] PPO progress: 610000/2500000 (24%) | ep_rew_mean=122.82 | ep_len_mean=139 | episodes=100 | fps=8
[gazebo-2] NodeShared::RecvSrvRequest() error sending response: Host unreachable
[train_ppo-6] [WARN] [1787290859.921928696] [cobraflex_rl_interface]: Gazebo service call failed for /world/lane_following_complex_b/set_pose: Service call timed out
[gazebo-2] NodeShared::RecvSrvRequest() error sending response: Host unreachable
[train_ppo-6] [WARN] [1787290863.970560991] [cobraflex_rl_interface]: Gazebo service call failed for /world/lane_following_complex_b/set_pose: Service call timed out
[gazebo-2] NodeShared::RecvSrvRequest() error sending response: Host unreachable
[train_ppo-6] [WARN] [1787290868.020662355] [cobraflex_rl_interface]: Gazebo service call failed for /world/lane_following_complex_b/set_pose: Service call timed out
[gazebo-2] NodeShared::RecvSrvRequest() error sending response: Host unreachable
[train_ppo-6] [WARN] [1787290896.783683671] [cobraflex_rl_interface]: Gazebo service call failed for /world/lane_following_complex_b/set_pose: Service call timed out
[train_ppo-6] ---------------------------------------
[train_ppo-6] | rollout/                |           |
[train_ppo-6] |    ep_len_mean          | 128       |
[train_ppo-6] |    ep_rew_mean          | 112       |
[train_ppo-6] | time/                   |           |
[train_ppo-6] |    fps                  | 8         |
[train_ppo-6] |    iterations           | 596       |
[train_ppo-6] |    time_elapsed         | 71717     |
[train_ppo-6] |    total_timesteps      | 610304    |
[train_ppo-6] | train/                  |           |
[train_ppo-6] |    approx_kl            | 0.3206565 |
[train_ppo-6] |    clip_fraction        | 0.39      |
[train_ppo-6] |    clip_range           | 0.2       |
[train_ppo-6] |    clip_range_vf        | 0.2       |
[train_ppo-6] |    entropy_loss         | 3.32      |
[train_ppo-6] |    explained_variance   | 0.713     |
[train_ppo-6] |    learning_rate        | 0.000242  |
[train_ppo-6] |    loss                 | 0.0562    |
[train_ppo-6] |    n_updates            | 3885      |
[train_ppo-6] |    policy_gradient_loss | -0.00718  |
[train_ppo-6] |    std                  | 0.0468    |
[train_ppo-6] |    value_loss           | 0.082     |
[train_ppo-6] ---------------------------------------
[train_ppo-6] Early stopping at step 0 due to reaching max kl: 1.35
[train_ppo-6] PPO progress: 611000/2500000 (24%) | ep_rew_mean=112.42 | ep_len_mean=128 | episodes=100 | fps=8
[train_ppo-6] ----------------------------------------
[train_ppo-6] | rollout/                |            |
[train_ppo-6] |    ep_len_mean          | 128        |
[train_ppo-6] |    ep_rew_mean          | 112        |
[train_ppo-6] | time/                   |            |
[train_ppo-6] |    fps                  | 8          |
[train_ppo-6] |    iterations           | 597        |
[train_ppo-6] |    time_elapsed         | 71831      |
[train_ppo-6] |    total_timesteps      | 611328     |
[train_ppo-6] | train/                  |            |
[train_ppo-6] |    approx_kl            | 0.14500651 |
[train_ppo-6] |    clip_fraction        | 0.335      |
[train_ppo-6] |    clip_range           | 0.2        |
[train_ppo-6] |    clip_range_vf        | 0.2        |
[train_ppo-6] |    entropy_loss         | 3.32       |
[train_ppo-6] |    explained_variance   | 0.796      |
[train_ppo-6] |    learning_rate        | 0.000241   |
[train_ppo-6] |    loss                 | 0.172      |
[train_ppo-6] |    n_updates            | 3886       |
[train_ppo-6] |    policy_gradient_loss | 0.0167     |
[train_ppo-6] |    std                  | 0.0468     |
[train_ppo-6] |    value_loss           | 0.139      |
[train_ppo-6] ----------------------------------------
[train_ppo-6] Early stopping at step 8 due to reaching max kl: 0.90
[train_ppo-6] PPO progress: 612000/2500000 (24%) | ep_rew_mean=112.42 | ep_len_mean=128 | episodes=100 | fps=8
[train_ppo-6] ----------------------------------------
[train_ppo-6] | rollout/                |            |
[train_ppo-6] |    ep_len_mean          | 149        |
[train_ppo-6] |    ep_rew_mean          | 132        |
[train_ppo-6] | time/                   |            |
[train_ppo-6] |    fps                  | 8          |
[train_ppo-6] |    iterations           | 598        |
[train_ppo-6] |    time_elapsed         | 71946      |
[train_ppo-6] |    total_timesteps      | 612352     |
[train_ppo-6] | train/                  |            |
[train_ppo-6] |    approx_kl            | 0.23190571 |
[train_ppo-6] |    clip_fraction        | 0.558      |
[train_ppo-6] |    clip_range           | 0.2        |
[train_ppo-6] |    clip_range_vf        | 0.2        |
[train_ppo-6] |    entropy_loss         | 3.32       |
[train_ppo-6] |    explained_variance   | 0.667      |
[train_ppo-6] |    learning_rate        | 0.000241   |
[train_ppo-6] |    loss                 | -0.0255    |
[train_ppo-6] |    n_updates            | 3895       |
[train_ppo-6] |    policy_gradient_loss | -0.0582    |
[train_ppo-6] |    std                  | 0.0468     |
[train_ppo-6] |    value_loss           | 0.0168     |
[train_ppo-6] ----------------------------------------
[gazebo-2] NodeShared::RecvSrvRequest() error sending response: Host unreachable
[train_ppo-6] [WARN] [1787291158.711652364] [cobraflex_rl_interface]: Gazebo service call failed for /world/lane_following_complex_b/set_pose: Service call timed out
[gazebo-2] NodeShared::RecvSrvRequest() error sending response: Host unreachable
[train_ppo-6] [WARN] [1787291162.761050321] [cobraflex_rl_interface]: Gazebo service call failed for /world/lane_following_complex_b/set_pose: Service call timed out
[gazebo-2] NodeShared::RecvSrvRequest() error sending response: Host unreachable
[train_ppo-6] [WARN] [1787291204.770748901] [cobraflex_rl_interface]: Gazebo service call failed for /world/lane_following_complex_b/set_pose: Service call timed out
[train_ppo-6] Early stopping at step 1 due to reaching max kl: 0.81
[train_ppo-6] PPO progress: 613000/2500000 (25%) | ep_rew_mean=132.36 | ep_len_mean=149 | episodes=100 | fps=8
[train_ppo-6] ----------------------------------------
[train_ppo-6] | rollout/                |            |
[train_ppo-6] |    ep_len_mean          | 149        |
[train_ppo-6] |    ep_rew_mean          | 132        |
[train_ppo-6] | time/                   |            |
[train_ppo-6] |    fps                  | 8          |
[train_ppo-6] |    iterations           | 599        |
[train_ppo-6] |    time_elapsed         | 72084      |
[train_ppo-6] |    total_timesteps      | 613376     |
[train_ppo-6] | train/                  |            |
[train_ppo-6] |    approx_kl            | 0.33313555 |
[train_ppo-6] |    clip_fraction        | 0.325      |
[train_ppo-6] |    clip_range           | 0.2        |
[train_ppo-6] |    clip_range_vf        | 0.2        |
[train_ppo-6] |    entropy_loss         | 3.32       |
[train_ppo-6] |    explained_variance   | 0.814      |
[train_ppo-6] |    learning_rate        | 0.000241   |
[train_ppo-6] |    loss                 | 0.0599     |
[train_ppo-6] |    n_updates            | 3897       |
[train_ppo-6] |    policy_gradient_loss | 0.00233    |
[train_ppo-6] |    std                  | 0.0468     |
[train_ppo-6] |    value_loss           | 0.051      |
[train_ppo-6] ----------------------------------------
[train_ppo-6] Early stopping at step 0 due to reaching max kl: 1.48
[train_ppo-6] PPO progress: 614000/2500000 (25%) | ep_rew_mean=141.47 | ep_len_mean=159 | episodes=100 | fps=8
[train_ppo-6] ----------------------------------------
[train_ppo-6] | rollout/                |            |
[train_ppo-6] |    ep_len_mean          | 162        |
[train_ppo-6] |    ep_rew_mean          | 144        |
[train_ppo-6] | time/                   |            |
[train_ppo-6] |    fps                  | 8          |
[train_ppo-6] |    iterations           | 600        |
[train_ppo-6] |    time_elapsed         | 72199      |
[train_ppo-6] |    total_timesteps      | 614400     |
[train_ppo-6] | train/                  |            |
[train_ppo-6] |    approx_kl            | 0.18999696 |
[train_ppo-6] |    clip_fraction        | 0.312      |
[train_ppo-6] |    clip_range           | 0.2        |
[train_ppo-6] |    clip_range_vf        | 0.2        |
[train_ppo-6] |    entropy_loss         | 3.32       |
[train_ppo-6] |    explained_variance   | 0.917      |
[train_ppo-6] |    learning_rate        | 0.000241   |
[train_ppo-6] |    loss                 | 0.107      |
[train_ppo-6] |    n_updates            | 3898       |
[train_ppo-6] |    policy_gradient_loss | 0.0286     |
[train_ppo-6] |    std                  | 0.0469     |
[train_ppo-6] |    value_loss           | 0.0977     |
[train_ppo-6] ----------------------------------------
[gazebo-2] NodeShared::RecvSrvRequest() error sending response: Host unreachable
[train_ppo-6] [WARN] [1787291389.107324218] [cobraflex_rl_interface]: Gazebo service call failed for /world/lane_following_complex_b/set_pose: Service call timed out
[gazebo-2] NodeShared::RecvSrvRequest() error sending response: Host unreachable
[train_ppo-6] [WARN] [1787291395.784311993] [cobraflex_rl_interface]: Gazebo service call failed for /world/lane_following_complex_b/set_pose: Service call timed out
[train_ppo-6] Early stopping at step 1 due to reaching max kl: 1.65
[train_ppo-6] PPO progress: 615000/2500000 (25%) | ep_rew_mean=140.25 | ep_len_mean=157 | episodes=100 | fps=8
[train_ppo-6] ----------------------------------------
[train_ppo-6] | rollout/                |            |
[train_ppo-6] |    ep_len_mean          | 157        |
[train_ppo-6] |    ep_rew_mean          | 140        |
[train_ppo-6] | time/                   |            |
[train_ppo-6] |    fps                  | 8          |
[train_ppo-6] |    iterations           | 601        |
[train_ppo-6] |    time_elapsed         | 72330      |
[train_ppo-6] |    total_timesteps      | 615424     |
[train_ppo-6] | train/                  |            |
[train_ppo-6] |    approx_kl            | 0.25611666 |
[train_ppo-6] |    clip_fraction        | 0.422      |
[train_ppo-6] |    clip_range           | 0.2        |
[train_ppo-6] |    clip_range_vf        | 0.2        |
[train_ppo-6] |    entropy_loss         | 3.32       |
[train_ppo-6] |    explained_variance   | 0.923      |
[train_ppo-6] |    learning_rate        | 0.000241   |
[train_ppo-6] |    loss                 | 0.195      |
[train_ppo-6] |    n_updates            | 3900       |
[train_ppo-6] |    policy_gradient_loss | 0.0255     |
[train_ppo-6] |    std                  | 0.0469     |
[train_ppo-6] |    value_loss           | 0.0613     |
[train_ppo-6] ----------------------------------------
[train_ppo-6] Early stopping at step 1 due to reaching max kl: 0.97
[train_ppo-6] PPO progress: 616000/2500000 (25%) | ep_rew_mean=148.64 | ep_len_mean=166 | episodes=100 | fps=8
[gazebo-2] NodeShared::RecvSrvRequest() error sending response: Host unreachable
[train_ppo-6] [WARN] [1787291605.159505922] [cobraflex_rl_interface]: Gazebo service call failed for /world/lane_following_complex_b/set_pose: Service call timed out
[train_ppo-6] ---------------------------------------
[train_ppo-6] | rollout/                |           |
[train_ppo-6] |    ep_len_mean          | 154       |
[train_ppo-6] |    ep_rew_mean          | 138       |
[train_ppo-6] | time/                   |           |
[train_ppo-6] |    fps                  | 8         |
[train_ppo-6] |    iterations           | 602       |
[train_ppo-6] |    time_elapsed         | 72459     |
[train_ppo-6] |    total_timesteps      | 616448    |
[train_ppo-6] | train/                  |           |
[train_ppo-6] |    approx_kl            | 0.3386368 |
[train_ppo-6] |    clip_fraction        | 0.41      |
[train_ppo-6] |    clip_range           | 0.2       |
[train_ppo-6] |    clip_range_vf        | 0.2       |
[train_ppo-6] |    entropy_loss         | 3.32      |
[train_ppo-6] |    explained_variance   | 0.827     |
[train_ppo-6] |    learning_rate        | 0.000241  |
[train_ppo-6] |    loss                 | 0.104     |
[train_ppo-6] |    n_updates            | 3902      |
[train_ppo-6] |    policy_gradient_loss | 0.0294    |
[train_ppo-6] |    std                  | 0.047     |
[train_ppo-6] |    value_loss           | 0.087     |
[train_ppo-6] ---------------------------------------
[train_ppo-6] Early stopping at step 0 due to reaching max kl: 1.52
[train_ppo-6] PPO progress: 617000/2500000 (25%) | ep_rew_mean=124.14 | ep_len_mean=140 | episodes=100 | fps=8
[train_ppo-6] ----------------------------------------
[train_ppo-6] | rollout/                |            |
[train_ppo-6] |    ep_len_mean          | 139        |
[train_ppo-6] |    ep_rew_mean          | 123        |
[train_ppo-6] | time/                   |            |
[train_ppo-6] |    fps                  | 8          |
[train_ppo-6] |    iterations           | 603        |
[train_ppo-6] |    time_elapsed         | 72585      |
[train_ppo-6] |    total_timesteps      | 617472     |
[train_ppo-6] | train/                  |            |
[train_ppo-6] |    approx_kl            | 0.26268494 |
[train_ppo-6] |    clip_fraction        | 0.3        |
[train_ppo-6] |    clip_range           | 0.2        |
[train_ppo-6] |    clip_range_vf        | 0.2        |
[train_ppo-6] |    entropy_loss         | 3.31       |
[train_ppo-6] |    explained_variance   | 0.877      |
[train_ppo-6] |    learning_rate        | 0.000241   |
[train_ppo-6] |    loss                 | 0.201      |
[train_ppo-6] |    n_updates            | 3903       |
[train_ppo-6] |    policy_gradient_loss | 0.102      |
[train_ppo-6] |    std                  | 0.0471     |
[train_ppo-6] |    value_loss           | 0.145      |
[train_ppo-6] ----------------------------------------
[train_ppo-6] Early stopping at step 2 due to reaching max kl: 0.95
[train_ppo-6] PPO progress: 618000/2500000 (25%) | ep_rew_mean=124.91 | ep_len_mean=141 | episodes=100 | fps=8
[train_ppo-6] ----------------------------------------
[train_ppo-6] | rollout/                |            |
[train_ppo-6] |    ep_len_mean          | 145        |
[train_ppo-6] |    ep_rew_mean          | 129        |
[train_ppo-6] | time/                   |            |
[train_ppo-6] |    fps                  | 8          |
[train_ppo-6] |    iterations           | 604        |
[train_ppo-6] |    time_elapsed         | 72703      |
[train_ppo-6] |    total_timesteps      | 618496     |
[train_ppo-6] | train/                  |            |
[train_ppo-6] |    approx_kl            | 0.43503743 |
[train_ppo-6] |    clip_fraction        | 0.442      |
[train_ppo-6] |    clip_range           | 0.2        |
[train_ppo-6] |    clip_range_vf        | 0.2        |
[train_ppo-6] |    entropy_loss         | 3.31       |
[train_ppo-6] |    explained_variance   | 0.808      |
[train_ppo-6] |    learning_rate        | 0.000241   |
[train_ppo-6] |    loss                 | 0.16       |
[train_ppo-6] |    n_updates            | 3906       |
[train_ppo-6] |    policy_gradient_loss | 0.0093     |
[train_ppo-6] |    std                  | 0.0472     |
[train_ppo-6] |    value_loss           | 0.189      |
[train_ppo-6] ----------------------------------------
[gazebo-2] NodeShared::RecvSrvRequest() error sending response: Host unreachable
[train_ppo-6] [WARN] [1787291898.011459900] [cobraflex_rl_interface]: Gazebo service call failed for /world/lane_following_complex_b/set_pose: Service call timed out
[train_ppo-6] Early stopping at step 5 due to reaching max kl: 0.96
[train_ppo-6] PPO progress: 619000/2500000 (25%) | ep_rew_mean=130.00 | ep_len_mean=146 | episodes=100 | fps=8
[gazebo-2] NodeShared::RecvSrvRequest() error sending response: Host unreachable
[train_ppo-6] [WARN] [1787291991.693005124] [cobraflex_rl_interface]: Gazebo service call failed for /world/lane_following_complex_b/set_pose: Service call timed out
[gazebo-2] NodeShared::RecvSrvRequest() error sending response: Host unreachable
[train_ppo-6] [WARN] [1787292017.391674509] [cobraflex_rl_interface]: Gazebo service call failed for /world/lane_following_complex_b/set_pose: Service call timed out
[train_ppo-6] ----------------------------------------
[train_ppo-6] | rollout/                |            |
[train_ppo-6] |    ep_len_mean          | 139        |
[train_ppo-6] |    ep_rew_mean          | 124        |
[train_ppo-6] | time/                   |            |
[train_ppo-6] |    fps                  | 8          |
[train_ppo-6] |    iterations           | 605        |
[train_ppo-6] |    time_elapsed         | 72836      |
[train_ppo-6] |    total_timesteps      | 619520     |
[train_ppo-6] | train/                  |            |
[train_ppo-6] |    approx_kl            | 0.29642063 |
[train_ppo-6] |    clip_fraction        | 0.508      |
[train_ppo-6] |    clip_range           | 0.2        |
[train_ppo-6] |    clip_range_vf        | 0.2        |
[train_ppo-6] |    entropy_loss         | 3.3        |
[train_ppo-6] |    explained_variance   | 0.776      |
[train_ppo-6] |    learning_rate        | 0.000241   |
[train_ppo-6] |    loss                 | 0.0339     |
[train_ppo-6] |    n_updates            | 3912       |
[train_ppo-6] |    policy_gradient_loss | -0.0322    |
[train_ppo-6] |    std                  | 0.0473     |
[train_ppo-6] |    value_loss           | 0.116      |
[train_ppo-6] ----------------------------------------
[train_ppo-6] Early stopping at step 1 due to reaching max kl: 6.95
[train_ppo-6] PPO progress: 620000/2500000 (25%) | ep_rew_mean=127.91 | ep_len_mean=143 | episodes=100 | fps=8
[train_ppo-6] ---------------------------------------
[train_ppo-6] | rollout/                |           |
[train_ppo-6] |    ep_len_mean          | 143       |
[train_ppo-6] |    ep_rew_mean          | 128       |
[train_ppo-6] | time/                   |           |
[train_ppo-6] |    fps                  | 8         |
[train_ppo-6] |    iterations           | 606       |
[train_ppo-6] |    time_elapsed         | 72955     |
[train_ppo-6] |    total_timesteps      | 620544    |
[train_ppo-6] | train/                  |           |
[train_ppo-6] |    approx_kl            | 1.1169308 |
[train_ppo-6] |    clip_fraction        | 0.529     |
[train_ppo-6] |    clip_range           | 0.2       |
[train_ppo-6] |    clip_range_vf        | 0.2       |
[train_ppo-6] |    entropy_loss         | 3.3       |
[train_ppo-6] |    explained_variance   | 0.552     |
[train_ppo-6] |    learning_rate        | 0.000241  |
[train_ppo-6] |    loss                 | 0.655     |
[train_ppo-6] |    n_updates            | 3914      |
[train_ppo-6] |    policy_gradient_loss | 0.0701    |
[train_ppo-6] |    std                  | 0.0473    |
[train_ppo-6] |    value_loss           | 0.219     |
[train_ppo-6] ---------------------------------------
[train_ppo-6] Early stopping at step 3 due to reaching max kl: 5.02
[train_ppo-6] PPO progress: 621000/2500000 (25%) | ep_rew_mean=128.08 | ep_len_mean=143 | episodes=100 | fps=8
[ERROR] [gazebo-2]: process has died [pid 534512, exit code -9, cmd 'ruby /opt/ros/jazzy/opt/gz_tools_vendor/bin/gz sim -r -s -v1 /home/admit/Samuel/thesis_repo/install/cobraflex/share/cobraflex/worlds/lane_following_oval_complex.world --force-version 8'].
[INFO] [launch]: process[gazebo-2] was required: shutting down launched system
[INFO] [train_ppo-6]: sending signal 'SIGINT' to process[train_ppo-6]
[INFO] [ekf_node-5]: sending signal 'SIGINT' to process[ekf_node-5]
[INFO] [parameter_bridge-3]: sending signal 'SIGINT' to process[parameter_bridge-3]
[INFO] [robot_state_publisher-1]: sending signal 'SIGINT' to process[robot_state_publisher-1]
[ekf_node-5] [INFO] [1787292193.606490697] [rclcpp]: signal_handler(SIGINT/SIGTERM)
[parameter_bridge-3] [INFO] [1787292193.606707397] [rclcpp]: signal_handler(SIGINT/SIGTERM)
[robot_state_publisher-1] [INFO] [1787292193.606921213] [rclcpp]: signal_handler(SIGINT/SIGTERM)
[train_ppo-6] Traceback (most recent call last):
[train_ppo-6]   File "/home/admit/Samuel/thesis_repo/install/cobraflex_rl/lib/cobraflex_rl/train_ppo", line 33, in <module>
[train_ppo-6]     sys.exit(load_entry_point('cobraflex-rl', 'console_scripts', 'train_ppo')())
[train_ppo-6]              ^^^^^^^^^^^^^^^^^^^^^^^^^^^^^^^^^^^^^^^^^^^^^^^^^^^^^^^^^^^^^^^^^^
[train_ppo-6]   File "/home/admit/Samuel/thesis_repo/build/cobraflex_rl/cobraflex_rl/train_ppo.py", line 702, in main
[train_ppo-6]     model.learn(
[train_ppo-6]   File "/home/admit/.local/lib/python3.12/site-packages/stable_baselines3/ppo/ppo.py", line 311, in learn
[train_ppo-6]     return super().learn(
[train_ppo-6]            ^^^^^^^^^^^^^^
[train_ppo-6]   File "/home/admit/.local/lib/python3.12/site-packages/stable_baselines3/common/on_policy_algorithm.py", line 324, in learn
[train_ppo-6]     continue_training = self.collect_rollouts(self.env, callback, self.rollout_buffer, n_rollout_steps=self.n_steps)
[train_ppo-6]                         ^^^^^^^^^^^^^^^^^^^^^^^^^^^^^^^^^^^^^^^^^^^^^^^^^^^^^^^^^^^^^^^^^^^^^^^^^^^^^^^^^^^^^^^^^^^^
[train_ppo-6]   File "/home/admit/.local/lib/python3.12/site-packages/stable_baselines3/common/on_policy_algorithm.py", line 218, in collect_rollouts
[train_ppo-6]     new_obs, rewards, dones, infos = env.step(clipped_actions)
[train_ppo-6]                                      ^^^^^^^^^^^^^^^^^^^^^^^^^
[train_ppo-6]   File "/home/admit/.local/lib/python3.12/site-packages/stable_baselines3/common/vec_env/base_vec_env.py", line 222, in step
[train_ppo-6]     return self.step_wait()
[train_ppo-6]            ^^^^^^^^^^^^^^^^
[train_ppo-6]   File "/home/admit/.local/lib/python3.12/site-packages/stable_baselines3/common/vec_env/vec_transpose.py", line 96, in step_wait
[train_ppo-6]     observations, rewards, dones, infos = self.venv.step_wait()
[train_ppo-6]                                           ^^^^^^^^^^^^^^^^^^^^^
[train_ppo-6]   File "/home/admit/.local/lib/python3.12/site-packages/stable_baselines3/common/vec_env/vec_normalize.py", line 181, in step_wait
[train_ppo-6]     obs, rewards, dones, infos = self.venv.step_wait()
[train_ppo-6]                                  ^^^^^^^^^^^^^^^^^^^^^
[train_ppo-6]   File "/home/admit/.local/lib/python3.12/site-packages/stable_baselines3/common/vec_env/vec_frame_stack.py", line 39, in step_wait
[train_ppo-6]     observations, rewards, dones, infos = self.venv.step_wait()
[train_ppo-6]                                           ^^^^^^^^^^^^^^^^^^^^^
[train_ppo-6]   File "/home/admit/.local/lib/python3.12/site-packages/stable_baselines3/common/vec_env/dummy_vec_env.py", line 71, in step_wait
[train_ppo-6]     obs, self.reset_infos[env_idx] = self.envs[env_idx].reset()
[train_ppo-6]                                      ^^^^^^^^^^^^^^^^^^^^^^^^^^
[train_ppo-6]   File "/home/admit/.local/lib/python3.12/site-packages/stable_baselines3/common/monitor.py", line 83, in reset
[train_ppo-6]     return self.env.reset(**kwargs)
[train_ppo-6]            ^^^^^^^^^^^^^^^^^^^^^^^^
[train_ppo-6]   File "/home/admit/Samuel/thesis_repo/build/cobraflex_rl/cobraflex_rl/gazebo_lane_env.py", line 605, in reset
[train_ppo-6]     if not self._calibrate_spawn_settled(spawn_x, spawn_y, spawn_heading):
[train_ppo-6]            ^^^^^^^^^^^^^^^^^^^^^^^^^^^^^^^^^^^^^^^^^^^^^^^^^^^^^^^^^^^^^^
[train_ppo-6]   File "/home/admit/Samuel/thesis_repo/build/cobraflex_rl/cobraflex_rl/gazebo_lane_env.py", line 855, in _calibrate_spawn_settled
[train_ppo-6]     self.ros_interface.spin_wall(settle_dt)  # verify the car stays put
[train_ppo-6]     ^^^^^^^^^^^^^^^^^^^^^^^^^^^^^^^^^^^^^^^
[train_ppo-6]   File "/home/admit/Samuel/thesis_repo/build/cobraflex_rl/cobraflex_rl/ros_interface.py", line 217, in spin_wall
[train_ppo-6]     self._spin_wall(time.monotonic() + max(0.0, float(duration)))
[train_ppo-6]   File "/home/admit/Samuel/thesis_repo/build/cobraflex_rl/cobraflex_rl/ros_interface.py", line 207, in _spin_wall
[train_ppo-6]     rclpy.spin_once(self, timeout_sec=min(0.05, remaining))
[train_ppo-6]   File "/opt/ros/jazzy/lib/python3.12/site-packages/rclpy/__init__.py", line 226, in spin_once
[train_ppo-6]     executor.spin_once(timeout_sec=timeout_sec)
[train_ppo-6]   File "/opt/ros/jazzy/lib/python3.12/site-packages/rclpy/executors.py", line 926, in spin_once
[train_ppo-6]     self._spin_once_impl(timeout_sec)
[train_ppo-6]   File "/opt/ros/jazzy/lib/python3.12/site-packages/rclpy/executors.py", line 907, in _spin_once_impl
[train_ppo-6]     handler, entity, node = self.wait_for_ready_callbacks(
[train_ppo-6]                             ^^^^^^^^^^^^^^^^^^^^^^^^^^^^^^
[train_ppo-6]   File "/opt/ros/jazzy/lib/python3.12/site-packages/rclpy/executors.py", line 877, in wait_for_ready_callbacks
[train_ppo-6]     return next(self._cb_iter)
[train_ppo-6]            ^^^^^^^^^^^^^^^^^^^
[train_ppo-6]   File "/opt/ros/jazzy/lib/python3.12/site-packages/rclpy/executors.py", line 781, in _wait_for_ready_callbacks
[train_ppo-6]     wait_set.wait(timeout_nsec)
[train_ppo-6] KeyboardInterrupt
[INFO] [robot_state_publisher-1]: process has finished cleanly [pid 534511]
[INFO] [parameter_bridge-3]: process has finished cleanly [pid 534513]
[INFO] [ekf_node-5]: process has finished cleanly [pid 534515]
[ERROR] [train_ppo-6]: process has died [pid 534517, exit code -2, cmd '/home/admit/Samuel/thesis_repo/install/cobraflex_rl/lib/cobraflex_rl/train_ppo --centerline-config /home/admit/Samuel/thesis_repo/install/cobraflex_rl/share/cobraflex_rl/config/complex_b_right_lane_centerline.yaml --road-centerline-config /home/admit/Samuel/thesis_repo/install/cobraflex_rl/share/cobraflex_rl/config/complex_b_centerline.yaml --world-name lane_following_complex_b --train-config /home/admit/Samuel/thesis_repo/install/cobraflex_rl/share/cobraflex_rl/config/train_ppo_camera_2d_sim2real_v2.yaml --run-id ppo_gz2d_sim2real_v2_2024 --ros-args'].
