episode,step,x,y,yaw,ey,epsi,s,speed,raw_steer,safe_steer,steer_correction,interventions,emergency
0,1,-0.001785,-0.129001,0.008669,-0.006599,0.059314,0.002122,0.044788,0.050474,0.050474,0.000000,,0
0,2,0.007723,-0.128858,0.010998,-0.006446,0.061643,0.011629,0.108391,0.027411,0.027411,0.000000,,0
0,3,0.024861,-0.128742,0.007745,-0.006315,0.058390,0.028767,0.171980,-0.039519,-0.039519,0.000000,,0
0,4,0.048252,-0.128722,-0.001479,-0.006271,0.049166,0.052158,0.200000,-0.109934,-0.109934,0.000000,,0
0,5,0.068251,-0.128712,-0.011114,-0.006243,0.039531,0.072157,0.199989,-0.136934,-0.136934,0.000000,,0
0,6,0.092248,-0.128700,-0.021434,-0.006208,0.029210,0.096154,0.199956,-0.122715,-0.122715,0.000000,,0
0,7,0.112242,-0.128818,-0.027726,-0.006318,-0.014664,0.116142,0.199933,-0.090044,-0.090044,0.000000,,0
0,8,0.132235,-0.129367,-0.025233,-0.006867,-0.012171,0.136135,0.200012,0.037581,0.037581,0.000000,,0
0,9,0.152230,-0.129919,-0.019301,-0.007419,-0.006239,0.156130,0.200038,0.085738,0.085738,0.000000,,0
0,10,0.176227,-0.130582,-0.011613,-0.008082,0.001449,0.180127,0.200062,0.091505,0.091505,0.000000,,0
0,11,0.200226,-0.131165,-0.005241,-0.008665,0.007821,0.203900,0.200043,0.075299,0.075299,0.000000,,0
0,12,0.220226,-0.131458,-0.001468,-0.008958,-0.001275,0.224126,0.200017,0.053200,0.053200,0.000000,,0
0,13,0.240226,-0.131708,0.003371,-0.009208,0.003564,0.244126,0.200012,0.068563,0.068563,0.000000,,0
0,14,0.264225,-0.131883,0.008695,-0.009383,0.008887,0.268125,0.199995,0.062868,0.062868,0.000000,,0
0,15,0.288224,-0.131864,0.012664,-0.009364,0.012856,0.292124,0.199985,0.046928,0.046928,0.000000,,0
0,16,0.308222,-0.131715,0.014764,-0.009215,0.014764,0.312122,0.199986,0.029771,0.029771,0.000000,,0
0,17,0.328220,-0.131480,0.015977,-0.008980,0.015977,0.332120,0.199990,0.017195,0.017195,0.000000,,0
0,18,0.348217,-0.131189,0.016555,-0.008689,0.016555,0.352117,0.199995,0.008162,0.008162,0.000000,,0
0,19,0.372214,-0.130801,0.016740,-0.008301,0.016740,0.376114,0.199999,0.002157,0.002157,0.000000,,0
0,20,0.396211,-0.130408,0.016594,-0.007908,0.016594,0.400111,0.199999,-0.001775,-0.001775,0.000000,,0
0,21,0.416208,-0.130080,0.016317,-0.007580,0.016317,0.420108,0.200000,-0.003974,-0.003974,0.000000,,0
0,22,0.436205,-0.129753,0.015972,-0.007253,0.015972,0.440105,0.200001,-0.004948,-0.004948,0.000000,,0
0,23,0.456203,-0.129426,0.015606,-0.006926,0.015606,0.460103,0.200002,-0.005226,-0.005226,0.000000,,0
0,24,0.480200,-0.129033,0.015172,-0.006533,0.015172,0.484100,0.200003,-0.005161,-0.005161,0.000000,,0
0,25,0.500198,-0.128712,0.014827,-0.006212,0.014827,0.503900,0.200003,-0.004928,-0.004928,0.000000,,0
0,26,0.520195,-0.128400,0.014499,-0.005900,0.014499,0.524095,0.200003,-0.004684,-0.004684,0.000000,,0
0,27,0.540193,-0.128094,0.014186,-0.005594,0.014186,0.544093,0.200003,-0.004463,-0.004463,0.000000,,0
0,28,0.564191,-0.127736,0.013826,-0.005236,0.013826,0.568091,0.200003,-0.004274,-0.004274,0.000000,,0
0,29,0.588189,-0.127388,0.013481,-0.004888,0.013481,0.592089,0.200002,-0.004100,-0.004100,0.000000,,0
0,30,0.608187,-0.127105,0.013205,-0.004605,0.013205,0.612087,0.200002,-0.003949,-0.003949,0.000000,,0
0,31,0.632185,-0.126772,0.012881,-0.004272,0.012881,0.636085,0.200002,-0.003840,-0.003840,0.000000,,0
0,32,0.656183,-0.126448,0.012567,-0.003948,0.012567,0.660083,0.200002,-0.003735,-0.003735,0.000000,,0
0,33,0.680181,-0.126132,0.012261,-0.003632,0.012261,0.684081,0.200002,-0.003636,-0.003636,0.000000,,0
0,34,0.704179,-0.125823,0.011963,-0.003323,0.011963,0.708079,0.200002,-0.003541,-0.003541,0.000000,,0
0,35,0.728178,-0.125520,0.011614,-0.003020,0.011614,0.732078,0.200002,-0.004147,-0.004147,0.000000,,0
0,36,0.748176,-0.125273,0.011318,-0.002773,0.011318,0.752076,0.200002,-0.004211,-0.004211,0.000000,,0
0,37,0.772175,-0.124985,0.010977,-0.002485,0.010977,0.776075,0.200002,-0.004050,-0.004050,0.000000,,0
0,38,0.796174,-0.124707,0.010659,-0.002207,0.010659,0.800074,0.200002,-0.003771,-0.003771,0.000000,,0
0,39,0.820172,-0.124437,0.010365,-0.001937,0.010365,0.824072,0.200002,-0.003480,-0.003480,0.000000,,0
0,40,0.840171,-0.124215,0.009960,-0.001715,0.009960,0.844071,0.200002,-0.005797,-0.005797,0.000000,,0
0,41,0.864170,-0.123951,0.009427,-0.001451,0.009427,0.868070,0.200003,-0.006315,-0.006315,0.000000,,0
0,42,0.888169,-0.123701,0.008938,-0.001201,0.008938,0.892069,0.200002,-0.005801,-0.005801,0.000000,,0
0,43,0.912168,-0.123467,0.008523,-0.000967,0.008523,0.916068,0.200002,-0.004902,-0.004902,0.000000,,0
0,44,0.932167,-0.123276,0.007874,-0.000776,0.007874,0.936068,0.200003,-0.009273,-0.009273,0.000000,,0
0,45,0.956167,-0.123049,0.007013,-0.000549,0.007013,0.960067,0.200003,-0.010197,-0.010197,0.000000,,0
0,46,0.980166,-0.122844,0.006248,-0.000344,0.006248,0.984066,0.200003,-0.009038,-0.009038,0.000000,,0
0,47,1.004166,-0.122665,0.005648,-0.000165,0.005648,1.008066,0.200002,-0.007070,-0.007070,0.000000,,0
0,48,1.028166,-0.122494,0.004512,0.000006,0.004512,1.032066,0.200003,-0.013474,-0.013474,0.000000,,0
0,49,1.048165,-0.122354,0.003493,0.000146,0.003493,1.052065,0.200003,-0.014446,-0.014446,0.000000,,0
0,50,1.072165,-0.122218,0.002402,0.000282,0.002402,1.076065,0.200002,-0.012856,-0.012856,0.000000,,0
0,51,1.096165,-0.122120,0.001570,0.000380,0.001570,1.100065,0.200001,-0.009789,-0.009789,0.000000,,0
0,52,1.120165,-0.122056,0.001017,0.000444,0.001017,1.124065,0.200000,-0.006491,-0.006491,0.000000,,0
0,53,1.144165,-0.121999,-0.000163,0.000501,-0.000163,1.148065,0.200001,-0.013961,-0.013961,0.000000,,0
0,54,1.164165,-0.121952,-0.001258,0.000548,-0.001258,1.168065,0.200000,-0.015487,-0.015487,0.000000,,0
0,55,1.188165,-0.121925,-0.002444,0.000575,-0.002444,1.192065,0.199999,-0.013967,-0.013967,0.000000,,0
0,56,1.212165,-0.121941,-0.003341,0.000559,-0.003534,1.216065,0.199999,-0.010561,-0.010561,0.000000,,0
0,57,1.232165,-0.121963,-0.002070,0.000537,-0.002262,1.236065,0.200000,0.018288,0.018288,0.000000,,0
0,58,1.256165,-0.121990,0.000816,0.000510,0.000623,1.260065,0.200000,0.034113,0.034113,0.000000,,0
0,59,1.280165,-0.122016,0.004093,0.000484,0.003900,1.284065,0.199999,0.038679,0.038679,0.000000,,0
0,60,1.304164,-0.122041,0.007084,0.000459,-0.005979,1.308065,0.199995,0.035309,0.035309,0.000000,,0
0,61,1.328163,-0.122049,0.015769,0.000451,0.002707,1.332063,0.199976,0.104019,0.104019,0.000000,,0
0,62,1.348159,-0.122056,0.025601,0.000444,0.012539,1.352059,0.199937,0.141302,0.141302,0.000000,,0
0,63,1.372146,-0.122017,0.038413,0.000483,0.025351,1.376046,0.199861,0.154226,0.154226,0.000000,,0
0,64,1.396122,-0.121656,0.050338,0.000844,0.037276,1.400022,0.199795,0.144560,0.144560,0.000000,,0
0,65,1.420086,-0.120903,0.060069,0.001578,0.009425,1.423987,0.199774,0.118685,0.118685,0.000000,,0
0,66,1.444030,-0.120028,0.076251,0.002429,0.025606,1.447932,0.199564,0.200707,0.200707,0.000000,,0
0,67,1.467941,-0.119053,0.095764,0.003382,0.045120,1.471844,0.199335,0.243778,0.243778,0.000000,,0
0,68,1.491807,-0.117657,0.115774,0.004754,0.065129,1.495711,0.199144,0.252813,0.252813,0.000000,,0
0,69,1.515619,-0.115697,0.134112,0.005936,0.020702,1.519926,0.199052,0.234364,0.234364,0.000000,,0
0,70,1.535413,-0.113832,0.153371,0.006523,0.039961,1.539799,0.198674,0.300172,0.300172,0.000000,,0
0,71,1.559083,-0.111219,0.178443,0.007608,0.065033,1.563588,0.198339,0.329388,0.329388,0.000000,,0
0,72,1.582648,-0.107960,0.202728,0.009345,0.089318,1.587314,0.198162,0.323796,0.323796,0.000000,,0
0,73,1.606103,-0.103989,0.224293,0.011798,0.110884,1.610976,0.198181,0.291484,0.291484,0.000000,,0
0,74,1.629454,-0.099333,0.241845,0.012994,0.040300,1.636311,0.198393,0.239838,0.239838,0.000000,,0
0,75,1.648833,-0.095181,0.258207,0.013446,0.056663,1.656124,0.198120,0.272113,0.272113,0.000000,,0
0,76,1.671975,-0.089783,0.278130,0.014417,0.076586,1.679868,0.197995,0.278970,0.278970,0.000000,,0
0,77,1.694991,-0.083847,0.296594,0.015941,0.095050,1.703588,0.198054,0.261453,0.261453,0.000000,,0
0,78,1.717887,-0.077372,0.312359,0.018017,0.110815,1.727291,0.198275,0.225451,0.225451,0.000000,,0
0,79,1.740680,-0.070403,0.324608,0.018508,0.010110,1.753455,0.198621,0.176482,0.176482,0.000000,,0
0,80,1.759590,-0.064452,0.338813,0.018320,0.024316,1.773278,0.198058,0.249462,0.249462,0.000000,,0
0,81,1.782146,-0.057071,0.358559,0.018364,0.044061,1.797011,0.197730,0.291071,0.291071,0.000000,,0
0,82,1.804534,-0.049240,0.378803,0.018888,0.064305,1.820723,0.197645,0.301818,0.301818,0.000000,,0
0,83,1.823057,-0.042315,0.394707,0.019746,0.080209,1.840480,0.197761,0.287556,0.287556,0.000000,,0
0,84,1.845133,-0.033532,0.411657,0.019502,-0.028103,1.866764,0.198005,0.257925,0.257925,0.000000,,0
0,85,1.867017,-0.024424,0.434582,0.018410,-0.005178,1.890443,0.197338,0.354990,0.354990,0.000000,,0
0,86,1.888654,-0.014883,0.460355,0.017814,0.020595,1.914083,0.197088,0.404254,0.404254,0.000000,,0
0,87,1.910015,-0.004731,0.486354,0.017889,0.046594,1.937733,0.197169,0.414158,0.414158,0.000000,,0
0,88,1.927601,0.004231,0.506681,0.018497,0.066921,1.957461,0.197443,0.394132,0.394132,0.000000,,0
0,89,1.948458,0.015551,0.528475,0.017972,-0.037053,1.983512,0.197842,0.356902,0.356902,0.000000,,0
0,90,1.969023,0.027354,0.554847,0.016929,-0.010680,2.007200,0.197624,0.440155,0.440155,0.000000,,0
0,91,1.989244,0.039746,0.582758,0.016569,0.017231,2.030914,0.197812,0.473581,0.473581,0.000000,,0
0,92,2.009102,0.052801,0.609907,0.016962,0.044380,2.054675,0.198237,0.469060,0.469060,0.000000,,0
0,93,2.025377,0.064170,0.630675,0.017850,0.065147,2.074508,0.198675,0.437470,0.437470,0.000000,,0
0,94,2.044604,0.078330,0.652658,0.017454,-0.038357,2.100653,0.199142,0.391665,0.391665,0.000000,,0
0,95,2.063483,0.093007,0.678367,0.016741,-0.012648,2.124557,0.199469,0.467167,0.467167,0.000000,,0
0,96,2.078915,0.105682,0.700685,0.016681,0.009670,2.144526,0.199924,0.494703,0.494703,0.000000,,0
0,97,2.097109,0.121395,0.727341,0.017202,0.036326,2.168561,0.200717,0.491284,0.491284,0.000000,,0
0,98,2.114989,0.137578,0.753037,0.018287,0.062022,2.192653,0.200933,0.461063,0.461063,0.000000,,0
0,99,2.132392,0.154193,0.776548,0.017616,-0.040015,2.219034,0.200240,0.411632,0.411632,0.000000,,0
0,100,2.149284,0.171216,0.804389,0.016948,-0.012175,2.243007,0.199494,0.482740,0.482740,0.000000,,0
0,101,2.162984,0.185659,0.828159,0.016841,0.011595,2.262913,0.198748,0.505015,0.505015,0.000000,,0
0,102,2.178971,0.203428,0.855537,0.017344,0.038973,2.286810,0.199571,0.496904,0.496904,0.000000,,0
0,103,2.194496,0.221725,0.880508,0.018544,0.063944,2.310776,0.200239,0.462738,0.462738,0.000000,,0
0,104,2.209654,0.240399,0.902960,0.017634,-0.039587,2.337132,0.200615,0.410949,0.410949,0.000000,,0
0,105,2.224454,0.259436,0.929673,0.016867,-0.012874,2.361233,0.201241,0.481568,0.481568,0.000000,,0
0,106,2.236489,0.275604,0.953432,0.016647,0.010886,2.381386,0.201751,0.504318,0.504318,0.000000,,0
0,107,2.250521,0.295367,0.982020,0.016927,0.039473,2.405623,0.202215,0.496246,0.496246,0.000000,,0
0,108,2.264075,0.315502,1.009113,0.017813,0.066567,2.429879,0.202448,0.461231,0.461231,0.000000,,0
0,109,2.274988,0.332535,1.029376,0.016402,-0.038909,2.452314,0.202390,0.407096,0.407096,0.000000,,0
0,110,2.287743,0.353276,1.058319,0.015215,-0.009966,2.476634,0.203161,0.478203,0.478203,0.000000,,0
0,111,2.300043,0.374369,1.089187,0.014596,0.020902,2.501044,0.203637,0.499464,0.499464,0.000000,,0
0,112,2.311783,0.395803,1.119693,0.014633,0.051408,2.525483,0.203777,0.483599,0.483599,0.000000,,0
0,113,2.322907,0.417547,1.148068,0.014824,-0.045700,2.551810,0.203606,0.441224,0.441224,0.000000,,0
0,114,2.331858,0.435896,1.175842,0.013233,-0.017927,2.572164,0.204343,0.510535,0.510535,0.000000,,0
0,115,2.342106,0.458205,1.211292,0.011890,0.017523,2.596678,0.204652,0.531471,0.531471,0.000000,,0
0,116,2.351648,0.480812,1.246206,0.011312,0.052438,2.621210,0.204500,0.511731,0.511731,0.000000,,0
0,117,2.360401,0.503678,1.278527,0.011563,0.084758,2.645692,0.204004,0.463582,0.463582,0.000000,,0
0,118,2.368331,0.526753,1.306654,0.011612,-0.012905,2.671578,0.203291,0.395534,0.395534,0.000000,,0
0,119,2.374599,0.546126,1.333595,0.010361,0.014036,2.691902,0.203653,0.448464,0.448464,0.000000,,0
0,120,2.381580,0.569544,1.367432,0.009427,0.047873,2.716321,0.203541,0.459890,0.459890,0.000000,,0
0,121,2.387782,0.593124,1.400099,0.009287,0.080540,2.740702,0.203061,0.434486,0.434486,0.000000,,0
0,122,2.392274,0.612872,1.424527,0.009851,0.104968,2.760947,0.202433,0.382378,0.382378,0.000000,,0
0,123,2.396856,0.636656,1.449211,0.010374,0.003888,2.786483,0.201751,0.316712,0.316712,0.000000,,0
0,124,2.401049,0.660518,1.478736,0.009220,0.033413,2.810683,0.201831,0.373922,0.373922,0.000000,,0
0,125,2.404692,0.684447,1.509924,0.008620,0.064601,2.834880,0.201536,0.386611,0.386611,0.000000,,0
0,126,2.407562,0.708421,1.539917,0.008791,0.094595,2.859024,0.201037,0.364028,0.364028,0.000000,,0
0,127,2.409275,0.728416,1.561959,0.009611,0.116637,2.879076,0.200571,0.314972,0.314972,0.000000,,0
0,128,2.410512,0.752416,1.583344,0.010188,0.012548,2.904406,0.200157,0.252096,0.252096,0.000000,,0
0,129,2.411386,0.776407,1.609561,0.009314,0.038765,2.928397,0.199930,0.314843,0.314843,0.000000,,0
0,130,2.411735,0.800373,1.637058,0.008965,0.066262,2.952364,0.199578,0.335507,0.335507,0.000000,,0
0,131,2.411339,0.824297,1.663030,0.009361,0.092233,2.976288,0.199258,0.322286,0.322286,0.000000,,0
0,132,2.410384,0.844194,1.681828,0.010316,0.111031,2.996184,0.199116,0.283675,0.283675,0.000000,,0
0,133,2.408534,0.868021,1.700042,0.010795,0.003772,3.021463,0.199096,0.231613,0.231613,0.000000,,0
0,134,2.406390,0.891782,1.723865,0.009929,0.027595,3.045305,0.198646,0.308998,0.308998,0.000000,,0
0,135,2.404296,0.911514,1.745665,0.009521,0.049395,3.065143,0.198316,0.343376,0.343376,0.000000,,0
0,136,2.401197,0.935091,1.771708,0.009625,0.075438,3.088923,0.198069,0.346717,0.346717,0.000000,,0
0,137,2.397359,0.958549,1.795487,0.010479,0.099217,3.112678,0.198016,0.321346,0.321346,0.000000,,0
0,138,2.393587,0.978009,1.812254,0.010848,-0.009780,3.133875,0.198181,0.275011,0.275011,0.000000,,0
0,139,2.388749,1.001237,1.837970,0.009754,0.015936,3.157576,0.197539,0.358166,0.358166,0.000000,,0
0,140,2.383403,1.024294,1.865888,0.009194,0.043853,3.181239,0.197164,0.394319,0.394319,0.000000,,0
0,141,2.378407,1.043362,1.888703,0.009288,0.066669,3.200950,0.197082,0.392524,0.392524,0.000000,,0
0,142,2.372879,1.062294,1.909765,0.009932,0.087730,3.220662,0.197201,0.367098,0.367098,0.000000,,0
0,143,2.365577,1.084838,1.931824,0.010964,-0.016000,3.245707,0.197480,0.324628,0.324628,0.000000,,0
0,144,2.359167,1.103469,1.954199,0.010087,0.006374,3.265390,0.196905,0.402327,0.402327,0.000000,,0
0,145,2.350955,1.125596,1.982961,0.009605,0.035137,3.288986,0.196687,0.436893,0.436893,0.000000,,0
0,146,2.342019,1.147449,2.010969,0.009895,0.063145,3.312594,0.196799,0.432790,0.432790,0.000000,,0
0,147,2.334001,1.165451,2.032243,0.010746,0.084419,3.332283,0.197120,0.400423,0.400423,0.000000,,0
0,148,2.323752,1.186821,2.054433,0.012434,0.106609,3.355923,0.197564,0.352829,0.352829,0.000000,,0
0,149,2.312911,1.207967,2.072481,0.011828,-0.000826,3.381259,0.198078,0.290498,0.290498,0.000000,,0
0,150,2.303593,1.225415,2.090766,0.011589,0.017459,3.401037,0.197763,0.359007,0.359007,0.000000,,0
0,151,2.293957,1.242673,2.110481,0.011721,0.037173,3.420804,0.197738,0.391214,0.391214,0.000000,,0
0,152,2.281885,1.263116,2.133999,0.012453,0.060692,3.444533,0.197957,0.394231,0.394231,0.000000,,0
0,153,2.271395,1.279930,2.152190,0.013547,0.078883,3.464321,0.198270,0.370819,0.370819,0.000000,,0
0,154,2.258336,1.299859,2.171515,0.013417,-0.027531,3.489899,0.198650,0.332383,0.332383,0.000000,,0
0,155,2.244832,1.319492,2.195694,0.012786,-0.003352,3.513720,0.198629,0.423576,0.423576,0.000000,,0
0,156,2.233177,1.335585,2.217443,0.012742,0.018397,3.533590,0.198872,0.463945,0.463945,0.000000,,0
0,157,2.218643,1.354551,2.243446,0.013337,0.044400,3.557477,0.199351,0.469757,0.469757,0.000000,,0
0,158,2.203533,1.373141,2.267702,0.014618,0.068656,3.581398,0.199858,0.446055,0.446055,0.000000,,0
0,159,2.190563,1.388375,2.285773,0.014500,-0.039256,3.603261,0.200284,0.401898,0.401898,0.000000,,0
0,160,2.177284,1.403420,2.308391,0.013887,-0.016637,3.623318,0.201031,0.495176,0.495176,0.000000,,0
0,161,2.160882,1.421107,2.338493,0.013744,0.013464,3.647439,0.200606,0.534163,0.534163,0.000000,,0
0,162,2.146818,1.435348,2.363965,0.014254,0.038936,3.667448,0.199803,0.528803,0.528803,0.000000,,0
0,163,2.129588,1.451942,2.392386,0.015462,0.067357,3.691338,0.198954,0.498403,0.498403,0.000000,,0
0,164,2.111962,1.468068,2.417202,0.015863,-0.033375,3.717259,0.199366,0.446500,0.446500,0.000000,,0
0,165,2.096867,1.481144,2.440942,0.015399,-0.009636,3.737224,0.200021,0.526682,0.526682,0.000000,,0
0,166,2.078294,1.496423,2.470948,0.015453,0.020370,3.761274,0.200754,0.552699,0.552699,0.000000,,0
0,167,2.059275,1.511274,2.500754,0.016121,0.050177,3.785395,0.201388,0.536873,0.536873,0.000000,,0
0,168,2.043107,1.523303,2.524045,0.017149,0.073467,3.805520,0.201711,0.493689,0.493689,0.000000,,0
0,169,2.026682,1.535009,2.545034,0.017845,-0.031031,3.827931,0.201841,0.437923,0.437923,0.000000,,0
0,170,2.006627,1.548700,2.575579,0.017020,-0.000486,3.852199,0.202713,0.523427,0.523427,0.000000,,0
0,171,1.989606,1.559769,2.602547,0.016785,0.026481,3.872501,0.203234,0.543100,0.543100,0.000000,,0
0,172,1.968818,1.572549,2.634495,0.017121,0.058430,3.896902,0.203546,0.525477,0.525477,0.000000,,0
0,173,1.947670,1.584732,2.664173,0.018154,0.088108,3.921286,0.203516,0.478151,0.478151,0.000000,,0
0,174,1.929809,1.594402,2.685853,0.018792,-0.015979,3.943939,0.203171,0.411860,0.411860,0.000000,,0
0,175,1.908098,1.605656,2.717439,0.017870,0.015607,3.968376,0.204042,0.493522,0.493522,0.000000,,0
0,176,1.886067,1.616396,2.750640,0.017549,0.048808,3.992883,0.204331,0.507279,0.507279,0.000000,,0
0,177,1.867478,1.624825,2.777179,0.017851,0.075346,4.013292,0.204138,0.477120,0.477120,0.000000,,0
0,178,1.848708,1.632736,2.801280,0.018697,0.099447,4.033643,0.203699,0.426192,0.426192,0.000000,,0
0,179,1.825988,1.641560,2.826265,0.019558,-0.000830,4.060480,0.203105,0.362404,0.362404,0.000000,,0
0,180,1.806902,1.648614,2.850315,0.018752,0.023221,4.080812,0.203537,0.413710,0.413710,0.000000,,0
0,181,1.783816,1.656567,2.879637,0.018327,0.052542,4.105225,0.203439,0.412698,0.412698,0.000000,,0
0,182,1.760555,1.663804,2.906539,0.018637,0.079444,4.129584,0.202956,0.371703,0.371703,0.000000,,0
0,183,1.741063,1.669239,2.925350,0.019497,0.098255,4.149802,0.202312,0.306868,0.306868,0.000000,,0
0,184,1.717578,1.675095,2.942851,0.020311,0.002803,4.176566,0.201658,0.235040,0.235040,0.000000,,0
0,185,1.694007,1.680620,2.962075,0.019295,0.022027,4.200755,0.201725,0.256322,0.256322,0.000000,,0
0,186,1.674303,1.684845,2.976893,0.018832,0.036845,4.220902,0.201485,0.234163,0.234163,0.000000,,0
0,187,1.654554,1.688680,2.989306,0.018761,0.049258,4.241020,0.201149,0.193775,0.193775,0.000000,,0
0,188,1.630812,1.692810,3.000592,0.019147,0.060544,4.265115,0.200801,0.145849,0.145849,0.000000,,0
0,189,1.611002,1.695901,3.006720,0.019555,-0.021463,4.287596,0.200485,0.094140,0.094140,0.000000,,0
0,190,1.587203,1.699531,3.017701,0.017463,-0.010482,4.311579,0.200707,0.141366,0.141366,0.000000,,0
0,191,1.563371,1.702989,3.028749,0.015545,0.000566,4.335584,0.200658,0.140702,0.140702,0.000000,,0
0,192,1.543490,1.705605,3.036511,0.014213,0.008328,4.355593,0.200513,0.117665,0.117665,0.000000,,0
0,193,1.519613,1.708450,3.043750,0.012911,0.015567,4.379602,0.200367,0.090968,0.090968,0.000000,,0
0,194,1.495722,1.711026,3.048845,0.011382,-0.042103,4.404347,0.200240,0.063697,0.063697,0.000000,,0
0,195,1.475800,1.713121,3.057634,0.009306,-0.033314,4.424271,0.200386,0.132874,0.132874,0.000000,,0
0,196,1.455863,1.715210,3.067239,0.007236,-0.023709,4.444210,0.200496,0.143200,0.143200,0.000000,,0
0,197,1.431921,1.717471,3.077563,0.004998,-0.013386,4.468155,0.200387,0.127179,0.127179,0.000000,,0
0,198,1.411958,1.719078,3.084307,0.003411,-0.006641,4.488120,0.200266,0.098967,0.098967,0.000000,,0
0,199,1.387993,1.720734,3.090335,0.001766,-0.038195,4.512088,0.200173,0.073399,0.073399,0.000000,,0
0,200,1.364018,1.722317,3.102468,0.000183,-0.026063,4.536063,0.200278,0.148385,0.148385,0.000000,,0
0,201,1.344029,1.723600,3.112918,-0.001100,-0.015613,4.556051,0.200279,0.151073,0.151073,0.000000,,0
0,202,1.320036,1.724798,3.123634,-0.002298,-0.004897,4.580044,0.200169,0.127965,0.127965,0.000000,,0
0,203,1.296038,1.725605,3.131515,-0.003105,-0.009885,4.604042,0.200079,0.093354,0.093354,0.000000,,0
0,204,1.276039,1.726138,3.138137,-0.003638,-0.003263,4.624042,0.200055,0.093978,0.093978,0.000000,,0
0,205,1.256039,1.726484,-3.139509,-0.003984,0.002276,4.644041,0.200022,0.078158,0.078158,0.000000,,0
0,206,1.232039,1.726670,-3.134594,-0.004170,0.007191,4.668041,0.199998,0.057858,0.057858,0.000000,,0
0,207,1.212040,1.726660,-3.131982,-0.004160,0.009803,4.688041,0.199991,0.036894,0.036894,0.000000,,0
0,208,1.188041,1.726515,-3.130183,-0.004015,0.011410,4.712039,0.199992,0.021203,0.021203,0.000000,,0
0,209,1.164043,1.726282,-3.129329,-0.003782,0.012264,4.736038,0.199995,0.010043,0.010043,0.000000,,0
0,210,1.144045,1.726046,-3.129144,-0.003546,0.012448,4.756036,0.199999,0.002556,0.002556,0.000000,,0
0,211,1.120046,1.725756,-3.129279,-0.003256,0.012314,4.780034,0.199999,-0.001633,-0.001633,0.000000,,0
0,212,1.096048,1.725465,-3.129591,-0.002965,0.012002,4.804032,0.200000,-0.003727,-0.003727,0.000000,,0
0,213,1.076050,1.725223,-3.129905,-0.002723,0.011688,4.824031,0.200001,-0.004475,-0.004475,0.000000,,0
0,214,1.056051,1.724981,-3.130223,-0.002481,0.011370,4.844030,0.200002,-0.004540,-0.004540,0.000000,,0
0,215,1.032052,1.724691,-3.130586,-0.002191,0.011007,4.868028,0.200002,-0.004305,-0.004305,0.000000,,0
0,216,1.012054,1.724457,-3.130863,-0.001957,0.010730,4.888027,0.200002,-0.003941,-0.003941,0.000000,,0
0,217,0.988055,1.724185,-3.131168,-0.001685,0.010425,4.912026,0.200002,-0.003616,-0.003616,0.000000,,0
0,218,0.964056,1.723922,-3.131448,-0.001422,0.010144,4.936024,0.200001,-0.003325,-0.003325,0.000000,,0
0,219,0.944057,1.723708,-3.131666,-0.001208,0.009927,4.956023,0.200001,-0.003093,-0.003093,0.000000,,0
0,220,0.920058,1.723458,-3.131913,-0.000958,0.009680,4.980022,0.200001,-0.002932,-0.002932,0.000000,,0
0,221,0.896059,1.723214,-3.132150,-0.000714,0.009443,5.004021,0.200001,-0.002809,-0.002809,0.000000,,0
0,222,0.876060,1.723016,-3.132341,-0.000516,0.009251,5.024020,0.200001,-0.002723,-0.002723,0.000000,,0
0,223,0.856061,1.722821,-3.132528,-0.000321,0.009065,5.044019,0.200001,-0.002656,-0.002656,0.000000,,0
0,224,0.832062,1.722593,-3.132747,-0.000093,0.008845,5.068018,0.200001,-0.002599,-0.002599,0.000000,,0
0,225,0.812063,1.722408,-3.132926,0.000092,0.008667,5.088018,0.200001,-0.002541,-0.002541,0.000000,,0
0,226,0.788064,1.722190,-3.133136,0.000310,0.008457,5.112017,0.200001,-0.002489,-0.002489,0.000000,,0
0,227,0.764065,1.721975,-3.133400,0.000525,0.008193,5.136016,0.200001,-0.003134,-0.003134,0.000000,,0
0,228,0.744065,1.721800,-3.133627,0.000700,0.007966,5.156015,0.200001,-0.003226,-0.003226,0.000000,,0
0,229,0.720066,1.721596,-3.133887,0.000904,0.007705,5.180015,0.200001,-0.003087,-0.003087,0.000000,,0
0,230,0.696067,1.721400,-3.134126,0.001100,0.007466,5.204014,0.200001,-0.002828,-0.002828,0.000000,,0
0,231,0.676067,1.721238,-3.134487,0.001262,0.007106,5.224013,0.200001,-0.005146,-0.005146,0.000000,,0
0,232,0.656068,1.721078,-3.134884,0.001422,0.006709,5.244013,0.200002,-0.005638,-0.005638,0.000000,,0
0,233,0.632068,1.720896,-3.135325,0.001604,0.006267,5.268012,0.200002,-0.005220,-0.005220,0.000000,,0
0,234,0.612069,1.720755,-3.135631,0.001745,0.005962,5.288012,0.200001,-0.004330,-0.004330,0.000000,,0
0,235,0.588069,1.720598,-3.135926,0.001902,0.005667,5.312012,0.200001,-0.003479,-0.003479,0.000000,,0
0,236,0.564069,1.720444,-3.136601,0.002056,0.004992,5.336011,0.200002,-0.008010,-0.008010,0.000000,,0
0,237,0.544070,1.720317,-3.137225,0.002183,0.004367,5.356011,0.200002,-0.008866,-0.008866,0.000000,,0
0,238,0.520070,1.720179,-3.137906,0.002321,0.003687,5.380011,0.200002,-0.008030,-0.008030,0.000000,,0
0,239,0.496070,1.720065,-3.138439,0.002435,0.003154,5.404011,0.200001,-0.006272,-0.006272,0.000000,,0
0,240,0.476070,1.719975,-3.139340,0.002525,0.002253,5.424011,0.200001,-0.012815,-0.012815,0.000000,,0
0,241,0.456070,1.719886,-3.140345,0.002614,0.001248,5.444011,0.200002,-0.014232,-0.014232,0.000000,,0
0,242,0.432070,1.719804,-3.141432,0.002696,0.000161,5.468011,0.200001,-0.012793,-0.012793,0.000000,,0
0,243,0.412070,1.719766,3.141066,0.002734,-0.000527,5.488011,0.200000,-0.009695,-0.009695,0.000000,,0
0,244,0.388070,1.719752,3.140504,0.002748,-0.001088,5.512011,0.200000,-0.006592,-0.006592,0.000000,,0
0,245,0.364070,1.719745,3.139316,0.002755,-0.002277,5.536011,0.200000,-0.014066,-0.014066,0.000000,,0
0,246,0.344070,1.719740,3.138224,0.002760,-0.003369,5.556010,0.199999,-0.015472,-0.015472,0.000000,,0
0,247,0.320070,1.719765,3.137053,0.002735,-0.004539,5.580010,0.199998,-0.013805,-0.013805,0.000000,,0
0,248,0.296071,1.719832,3.136183,0.002668,-0.005602,5.604010,0.199998,-0.010248,-0.010248,0.000000,,0
0,249,0.276071,1.719897,3.137476,0.002603,-0.004309,5.624010,0.199999,0.018608,0.018608,0.000000,,0
0,250,0.256071,1.719962,3.139900,0.002538,-0.001885,5.644010,0.200001,0.034472,0.034472,0.000000,,0
0,251,0.232071,1.720039,-3.139891,0.002461,0.001510,5.668010,0.200001,0.040026,0.040026,0.000000,,0
0,252,0.212071,1.720104,-3.137263,0.002396,0.004137,5.688010,0.199999,0.037157,0.037157,0.000000,,0
0,253,0.188071,1.720124,-3.134692,0.002376,-0.006161,5.712009,0.199995,0.030330,0.030330,0.000000,,0
0,254,0.164073,1.720112,-3.126541,0.002388,0.001990,5.736008,0.199978,0.097617,0.097617,0.000000,,0
0,255,0.144077,1.720102,-3.117169,0.002398,0.011361,5.756004,0.199943,0.134607,0.134607,0.000000,,0
0,256,0.120088,1.720056,-3.104867,0.002444,0.023664,5.779992,0.199873,0.147955,0.147955,0.000000,,0
0,257,0.096110,1.719716,-3.093360,0.002780,-0.002412,5.803973,0.199811,0.139330,0.139330,0.000000,,0
0,258,0.076141,1.719314,-3.077800,0.003163,0.013148,5.823942,0.199645,0.230094,0.230094,0.000000,,0
0,259,0.056195,1.718879,-3.058918,0.003579,0.032030,5.843889,0.199408,0.280861,0.280861,0.000000,,0
0,260,0.032303,1.717969,-3.035236,0.004466,0.055712,5.867782,0.199137,0.297074,0.297074,0.000000,,0
0,261,0.012436,1.716704,-3.016824,0.005712,0.074124,5.887650,0.198993,0.280676,0.280676,0.000000,,0
0,262,-0.011348,1.714552,-2.997786,0.007352,0.030397,5.911918,0.198946,0.244602,0.244602,0.000000,,0
0,263,-0.035059,1.712046,-2.975150,0.008328,0.053033,5.935741,0.198577,0.295721,0.295721,0.000000,,0
0,264,-0.054750,1.709587,-2.955628,0.009515,0.072555,5.955549,0.198360,0.309699,0.309699,0.000000,,0
0,265,-0.078285,1.706060,-2.933351,0.011521,0.094832,5.979262,0.198249,0.298190,0.298190,0.000000,,0
0,266,-0.101717,1.701869,-2.913957,0.014197,0.114225,6.002916,0.198324,0.262803,0.262803,0.000000,,0
0,267,-0.121172,1.697878,-2.901128,0.015973,0.038920,6.024627,0.198582,0.210316,0.210316,0.000000,,0
0,268,-0.140560,1.693689,-2.886281,0.016460,0.053767,6.044458,0.198294,0.246684,0.246684,0.000000,,0
0,269,-0.163726,1.688309,-2.867787,0.017409,0.072262,6.068220,0.198147,0.258432,0.258432,0.000000,,0
0,270,-0.182941,1.683450,-2.853238,0.018586,0.086810,6.088005,0.198183,0.246258,0.246258,0.000000,,0
0,271,-0.205897,1.677161,-2.837842,0.020468,0.102206,6.111733,0.198338,0.219091,0.219091,0.000000,,0
0,272,-0.228753,1.670402,-2.825442,0.022197,0.001653,6.138293,0.198621,0.177836,0.177836,0.000000,,0
0,273,-0.247717,1.664627,-2.810816,0.021825,0.016279,6.158113,0.198023,0.255645,0.255645,0.000000,,0
0,274,-0.270335,1.657461,-2.790328,0.021646,0.036767,6.181839,0.197665,0.300612,0.300612,0.000000,,0
0,275,-0.292781,1.649831,-2.769223,0.021961,0.057872,6.205544,0.197559,0.313330,0.313330,0.000000,,0
0,276,-0.311349,1.643056,-2.752572,0.022662,0.074523,6.225297,0.197664,0.299938,0.299938,0.000000,,0
0,277,-0.329798,1.635898,-2.737695,0.023764,0.089400,6.245055,0.197900,0.270473,0.270473,0.000000,,0
0,278,-0.348140,1.628383,-2.725176,0.022877,-0.023344,6.267860,0.198227,0.229406,0.229406,0.000000,,0
0,279,-0.369987,1.619111,-2.704324,0.021949,-0.002491,6.291575,0.197573,0.323727,0.323727,0.000000,,0
0,280,-0.388021,1.611110,-2.684473,0.021497,0.017360,6.311299,0.197287,0.373735,0.373735,0.000000,,0
0,281,-0.405876,1.602734,-2.663965,0.021460,0.037868,6.331022,0.197274,0.390604,0.390604,0.000000,,0
0,282,-0.427058,1.592128,-2.640250,0.022022,0.061582,6.354704,0.197485,0.381561,0.381561,0.000000,,0
0,283,-0.444511,1.582828,-2.622410,0.021453,-0.046344,6.377227,0.197819,0.348896,0.348896,0.000000,,0
0,284,-0.465189,1.571240,-2.595873,0.020169,-0.019808,6.400896,0.197522,0.440353,0.440353,0.000000,,0
0,285,-0.482161,1.561145,-2.572147,0.019608,0.003918,6.420635,0.197601,0.479617,0.479617,0.000000,,0
0,286,-0.498877,1.550579,-2.548580,0.019582,0.027485,6.440410,0.197917,0.483657,0.483657,0.000000,,0
0,287,-0.518600,1.537282,-2.521988,0.020252,0.054077,6.464187,0.198416,0.462459,0.462459,0.000000,,0
0,288,-0.534767,1.525726,-2.502220,0.020594,-0.051642,6.486668,0.198867,0.418984,0.418984,0.000000,,0
0,289,-0.550679,1.513783,-2.479189,0.019664,-0.028611,6.506542,0.199101,0.497121,0.497121,0.000000,,0
0,290,-0.569388,1.498870,-2.450300,0.019241,0.000278,6.530464,0.199693,0.528650,0.528650,0.000000,,0
0,291,-0.584661,1.485952,-2.426863,0.019469,0.023714,6.550465,0.200351,0.521589,0.521589,0.000000,,0
0,292,-0.599714,1.472677,-2.404296,0.020113,0.046281,6.570525,0.201017,0.492853,0.492853,0.000000,,0
0,293,-0.617428,1.456322,-2.379035,0.021435,0.071543,6.594599,0.200643,0.448809,0.448809,0.000000,,0
0,294,-0.631805,1.442374,-2.360367,0.020394,-0.035338,6.617316,0.200118,0.389306,0.389306,0.000000,,0
0,295,-0.645852,1.428164,-2.338322,0.019874,-0.013293,6.637291,0.199548,0.458756,0.458756,0.000000,,0
0,296,-0.662279,1.410816,-2.310886,0.019767,0.014143,6.661181,0.198849,0.486108,0.486108,0.000000,,0
0,297,-0.675604,1.396008,-2.288943,0.020185,0.036086,6.681098,0.199503,0.477816,0.477816,0.000000,,0
0,298,-0.691183,1.377769,-2.264704,0.021306,0.060325,6.705058,0.200159,0.448887,0.448887,0.000000,,0
0,299,-0.703886,1.362279,-2.246504,0.020723,-0.047458,6.727753,0.200467,0.401379,0.401379,0.000000,,0
0,300,-0.716340,1.346540,-2.224506,0.019912,-0.025460,6.747807,0.200996,0.479642,0.479642,0.000000,,0
0,301,-0.730938,1.327283,-2.195738,0.019437,0.003308,6.771967,0.201637,0.512547,0.512547,0.000000,,0
0,302,-0.742765,1.310925,-2.171582,0.019497,0.027465,6.792153,0.202056,0.506622,0.506622,0.000000,,0
0,303,-0.754263,1.294299,-2.148405,0.019982,0.050641,6.812361,0.202305,0.477985,0.477985,0.000000,,0
0,304,-0.767613,1.274029,-2.122764,0.019704,-0.049457,6.839190,0.202420,0.433330,0.433330,0.000000,,0
0,305,-0.778444,1.256870,-2.097553,0.018477,-0.024246,6.859444,0.203160,0.504068,0.504068,0.000000,,0
0,306,-0.788962,1.239450,-2.070633,0.017651,0.002674,6.879776,0.203652,0.528309,0.528309,0.000000,,0
0,307,-0.801068,1.218206,-2.038282,0.017275,0.035026,6.904225,0.203918,0.518686,0.518686,0.000000,,0
0,308,-0.810675,1.200241,-2.012852,0.017510,0.060456,6.924596,0.203812,0.479925,0.479925,0.000000,,0
0,309,-0.819820,1.182068,-1.989911,0.017837,-0.042087,6.947217,0.203495,0.426129,0.426129,0.000000,,0
0,310,-0.830419,1.159993,-1.957604,0.016081,-0.009780,6.971641,0.204217,0.492894,0.492894,0.000000,,0
0,311,-0.838836,1.141368,-1.929281,0.015088,0.018544,6.992056,0.204436,0.508079,0.508079,0.000000,,0
0,312,-0.848313,1.118758,-1.895769,0.014572,0.052055,7.016565,0.204305,0.491078,0.491078,0.000000,,0
0,313,-0.855618,1.099725,-1.869931,0.014763,0.077893,7.036951,0.203850,0.445680,0.445680,0.000000,,0
0,314,-0.862361,1.080549,-1.847205,0.015530,0.100619,7.057264,0.203242,0.385762,0.385762,0.000000,,0
0,315,-0.869747,1.057388,-1.824556,0.014186,-0.002522,7.083471,0.202544,0.315697,0.315697,0.000000,,0
0,316,-0.875643,1.037974,-1.801890,0.013307,0.020144,7.103741,0.202971,0.375616,0.375616,0.000000,,0
0,317,-0.881234,1.018453,-1.777530,0.012749,0.044504,7.124040,0.203018,0.397087,0.397087,0.000000,,0
0,318,-0.887358,0.994896,-1.748457,0.012679,0.073577,7.148380,0.202738,0.388060,0.388060,0.000000,,0
0,319,-0.891883,0.975174,-1.726173,0.013204,0.095861,7.168608,0.202272,0.350833,0.350833,0.000000,,0
0,320,-0.895850,0.955386,-1.706967,0.012375,-0.010697,7.190431,0.201743,0.298030,0.298030,0.000000,,0
0,321,-0.900323,0.931565,-1.677795,0.010937,0.018475,7.214626,0.201988,0.373408,0.373408,0.000000,,0
0,322,-0.903712,0.911654,-1.651215,0.010083,0.045055,7.234805,0.201857,0.400036,0.400036,0.000000,,0
0,323,-0.906605,0.891700,-1.624627,0.009726,0.071643,7.254965,0.201480,0.392893,0.392893,0.000000,,0
0,324,-0.909305,0.867719,-1.594805,0.010068,0.101465,7.279095,0.200931,0.360135,0.360135,0.000000,,0
0,325,-0.910847,0.847721,-1.573487,0.009853,-0.002691,7.300450,0.200461,0.303202,0.303202,0.000000,,0
0,326,-0.912327,0.823724,-1.542328,0.008373,0.028468,7.324447,0.200172,0.370998,0.370998,0.000000,,0
0,327,-0.913070,0.803742,-1.515489,0.007630,0.055308,7.344429,0.199769,0.390176,0.390176,0.000000,,0
0,328,-0.913197,0.783789,-1.489973,0.007503,0.080823,7.364382,0.199373,0.377150,0.377150,0.000000,,0
0,329,-0.912494,0.759896,-1.462780,0.008206,0.108017,7.388274,0.199045,0.340569,0.340569,0.000000,,0
0,330,-0.911202,0.740034,-1.444224,0.009162,0.001098,7.409317,0.198971,0.282499,0.282499,0.000000,,0
0,331,-0.909653,0.720224,-1.421490,0.008204,0.023833,7.429164,0.198543,0.352987,0.352987,0.000000,,0
0,332,-0.907314,0.696546,-1.392309,0.007542,0.053014,7.452948,0.198129,0.382845,0.382845,0.000000,,0
0,333,-0.904776,0.676907,-1.368852,0.007586,0.076470,7.472750,0.197929,0.375179,0.375179,0.000000,,0
0,334,-0.901658,0.657357,-1.347579,0.008218,0.097743,7.492537,0.197903,0.344545,0.344545,0.000000,,0
0,335,-0.897188,0.634012,-1.325838,0.009712,0.119485,7.516259,0.198029,0.297484,0.297484,0.000000,,0
0,336,-0.892900,0.614644,-1.311653,0.009685,0.007905,7.537343,0.198355,0.235066,0.235066,0.000000,,0
0,337,-0.888425,0.595359,-1.293322,0.009221,0.026237,7.557134,0.197798,0.309219,0.309219,0.000000,,0
0,338,-0.882699,0.572359,-1.268906,0.009044,0.050652,7.580836,0.197451,0.346763,0.346763,0.000000,,0
0,339,-0.877472,0.553325,-1.248666,0.009369,0.070892,7.600572,0.197367,0.349459,0.349459,0.000000,,0
0,340,-0.870599,0.530646,-1.226052,0.010383,0.093506,7.624247,0.197461,0.329549,0.329549,0.000000,,0
0,341,-0.864369,0.511879,-1.209732,0.010882,-0.015963,7.645384,0.197747,0.288640,0.288640,0.000000,,0
0,342,-0.857897,0.493242,-1.188864,0.010062,0.004904,7.665095,0.197102,0.375381,0.375381,0.000000,,0
0,343,-0.849688,0.471097,-1.161278,0.009570,0.032491,7.688708,0.196814,0.418642,0.418642,0.000000,,0
0,344,-0.842330,0.452843,-1.138439,0.009712,0.055330,7.708389,0.196847,0.422167,0.422167,0.000000,,0
0,345,-0.834473,0.434773,-1.117043,0.010389,0.076725,7.728081,0.197081,0.400838,0.400838,0.000000,,0
0,346,-0.824420,0.413323,-1.094196,0.011866,0.099572,7.751724,0.197466,0.361636,0.361636,0.000000,,0
0,347,-0.815567,0.395625,-1.078294,0.011231,-0.010009,7.773012,0.197930,0.305559,0.305559,0.000000,,0
0,348,-0.806445,0.378095,-1.058773,0.010781,0.009512,7.792768,0.197565,0.381204,0.381204,0.000000,,0
0,349,-0.795043,0.357323,-1.033459,0.010767,0.034826,7.816464,0.197567,0.417152,0.417152,0.000000,,0
0,350,-0.785082,0.340248,-1.012672,0.011272,0.055613,7.836226,0.197783,0.417067,0.417067,0.000000,,0
0,351,-0.774701,0.323386,-0.993253,0.012247,0.075032,7.856003,0.198115,0.394675,0.394675,0.000000,,0
0,352,-0.761737,0.303416,-0.972498,0.012594,-0.029951,7.881431,0.198525,0.356243,0.356243,0.000000,,0
0,353,-0.750571,0.287009,-0.951300,0.011970,-0.008753,7.901267,0.198476,0.444542,0.444542,0.000000,,0
0,354,-0.736658,0.267661,-0.923937,0.011837,0.018609,7.925097,0.198823,0.485424,0.485424,0.000000,,0
0,355,-0.724582,0.251837,-0.901507,0.012292,0.041039,7.944998,0.199260,0.485661,0.485661,0.000000,,0
0,356,-0.712087,0.236282,-0.880490,0.013245,0.062057,7.964927,0.199715,0.462060,0.462060,0.000000,,0
0,357,-0.696609,0.217942,-0.857721,0.014414,-0.041158,7.990698,0.200246,0.422104,0.422104,0.000000,,0
0,358,-0.683354,0.202878,-0.834405,0.013771,-0.017841,8.010753,0.201026,0.511165,0.511165,0.000000,,0
0,359,-0.669736,0.188077,-0.808846,0.013573,0.007717,8.030864,0.200812,0.546119,0.546119,0.000000,,0
0,360,-0.652907,0.170925,-0.777550,0.014106,0.039014,8.054888,0.199797,0.542751,0.542751,0.000000,,0
0,361,-0.638570,0.157067,-0.753362,0.015077,0.063202,8.074804,0.199065,0.507881,0.507881,0.000000,,0
0,362,-0.623975,0.143541,-0.732026,0.016464,0.084538,8.094654,0.199137,0.457911,0.457911,0.000000,,0
0,363,-0.606024,0.127695,-0.710242,0.016379,-0.019227,8.120715,0.199788,0.398072,0.398072,0.000000,,0
0,364,-0.590727,0.114800,-0.688834,0.016184,0.002181,8.140721,0.200277,0.477615,0.477615,0.000000,,0
0,365,-0.575144,0.102173,-0.665759,0.016378,0.025256,8.160777,0.200799,0.506998,0.506998,0.000000,,0
0,366,-0.556068,0.087395,-0.637881,0.017139,0.053134,8.184896,0.201353,0.500792,0.500792,0.000000,,0
0,367,-0.539872,0.075411,-0.615902,0.018218,0.075113,8.205014,0.201641,0.465184,0.465184,0.000000,,0
0,368,-0.520120,0.061433,-0.591985,0.018353,-0.026457,8.231558,0.201808,0.415071,0.415071,0.000000,,0
0,369,-0.503391,0.050070,-0.567521,0.017714,-0.001994,8.251772,0.202582,0.502789,0.502789,0.000000,,0
0,370,-0.486388,0.038990,-0.541185,0.017459,0.024343,8.272064,0.203131,0.531130,0.531130,0.000000,,0
0,371,-0.465628,0.026179,-0.509646,0.017754,0.055881,8.296457,0.203475,0.519583,0.519583,0.000000,,0
0,372,-0.448053,0.015956,-0.485081,0.018530,0.080446,8.316774,0.203432,0.476461,0.476461,0.000000,,0
0,373,-0.430261,0.006161,-0.463138,0.019109,-0.023378,8.339471,0.203177,0.419053,0.419053,0.000000,,0
0,374,-0.408622,-0.005239,-0.430860,0.018023,0.008900,8.363905,0.204112,0.506686,0.506686,0.000000,,0
0,375,-0.390336,-0.014357,-0.402500,0.017573,0.037260,8.384333,0.204419,0.523016,0.523016,0.000000,,0
0,376,-0.371829,-0.023007,-0.374866,0.017640,0.064894,8.404761,0.204324,0.500342,0.500342,0.000000,,0
0,377,-0.349366,-0.032716,-0.344228,0.018435,0.095532,8.429220,0.203951,0.453728,0.453728,0.000000,,0
0,378,-0.330467,-0.040218,-0.322118,0.019450,-0.007620,8.451986,0.203326,0.385968,0.385968,0.000000,,0
0,379,-0.311419,-0.047438,-0.296745,0.018474,0.017753,8.472333,0.203775,0.438115,0.438115,0.000000,,0
0,380,-0.288364,-0.055563,-0.265876,0.017875,0.048622,8.496770,0.203665,0.435738,0.435738,0.000000,,0
0,381,-0.269007,-0.061751,-0.242289,0.017976,0.072209,8.517092,0.203173,0.392355,0.392355,0.000000,,0
0,382,-0.245641,-0.068459,-0.217988,0.018822,0.096510,8.541387,0.202527,0.331574,0.331574,0.000000,,0
0,383,-0.226081,-0.073452,-0.202151,0.020122,0.112347,8.561532,0.201831,0.255430,0.255430,0.000000,,0
0,384,-0.206467,-0.077946,-0.190997,0.019590,0.010547,8.584196,0.201202,0.177957,0.177957,0.000000,,0
0,385,-0.182869,-0.083137,-0.175253,0.018907,0.026292,8.608348,0.201362,0.209245,0.209245,0.000000,,0
0,386,-0.163154,-0.087182,-0.162654,0.018623,0.038891,8.628472,0.201231,0.198783,0.198783,0.000000,,0
0,387,-0.143401,-0.090905,-0.151853,0.018663,0.049691,8.648573,0.200987,0.168936,0.168936,0.000000,,0
0,388,-0.119659,-0.094971,-0.141798,0.019111,0.059746,8.672656,0.200710,0.130044,0.130044,0.000000,,0
0,389,-0.099852,-0.098053,-0.136208,0.018124,-0.022798,8.695041,0.200444,0.086022,0.086022,0.000000,,0
0,390,-0.080025,-0.101078,-0.126908,0.016381,-0.013498,8.715022,0.200672,0.144192,0.144192,0.000000,,0
0,391,-0.056201,-0.104636,-0.115009,0.014363,-0.001599,8.739025,0.200726,0.151855,0.151855,0.000000,,0
0,392,-0.036324,-0.107334,-0.106397,0.012949,0.007013,8.759035,0.200582,0.130753,0.130753,0.000000,,0
0,393,-0.016430,-0.109780,-0.099564,0.011788,0.013845,8.779045,0.200427,0.103109,0.103109,0.000000,,0
0,394,0.007458,-0.112441,-0.093485,0.009970,-0.042840,0.011349,0.200292,0.076114,0.076114,0.000000,,0
0,395,0.027380,-0.114599,-0.084001,0.007832,-0.033356,0.031272,0.200450,0.143265,0.143265,0.000000,,0
0,396,0.051306,-0.117145,-0.071833,0.005309,-0.021188,0.055201,0.200514,0.150997,0.150997,0.000000,,0
0,397,0.071261,-0.119001,-0.063135,0.003472,-0.012490,0.075157,0.200387,0.128353,0.128353,0.000000,,0
0,398,0.091225,-0.120596,-0.056267,0.001895,-0.005622,0.095123,0.200268,0.100721,0.100721,0.000000,,0
0,399,0.115191,-0.122234,-0.050099,0.000266,-0.037037,0.119091,0.200175,0.075052,0.075052,0.000000,,0
0,400,0.135171,-0.123538,-0.039919,-0.001038,-0.026857,0.139071,0.200261,0.149587,0.149587,0.000000,,0
0,401,0.155159,-0.124827,-0.029100,-0.002327,-0.016038,0.159059,0.200295,0.156522,0.156522,0.000000,,0
0,402,0.179152,-0.126060,-0.017865,-0.003560,-0.004803,0.183052,0.200181,0.134189,0.134189,0.000000,,0
0,403,0.199150,-0.126763,-0.010921,-0.004263,0.002141,0.203050,0.200090,0.098671,0.098671,0.000000,,0
0,404,0.219149,-0.127219,-0.006153,-0.004719,-0.005961,0.223049,0.200038,0.067419,0.067419,0.000000,,0
0,405,0.243149,-0.127672,0.000346,-0.005172,0.000538,0.247049,0.200026,0.076728,0.076728,0.000000,,0
0,406,0.263149,-0.127894,0.004922,-0.005394,0.005115,0.267049,0.200006,0.064636,0.064636,0.000000,,0
0,407,0.283148,-0.127966,0.008324,-0.005466,0.008516,0.287048,0.199994,0.048096,0.048096,0.000000,,0
0,408,0.307147,-0.127897,0.011069,-0.005397,0.011069,0.311047,0.199990,0.032395,0.032395,0.000000,,0
0,409,0.327146,-0.127743,0.012407,-0.005243,0.012407,0.331046,0.199992,0.018929,0.018929,0.000000,,0
0,410,0.351144,-0.127483,0.013204,-0.004983,0.013204,0.355044,0.199995,0.009385,0.009385,0.000000,,0
0,411,0.371142,-0.127228,0.013396,-0.004728,0.013396,0.375042,0.199999,0.002663,0.002663,0.000000,,0
0,412,0.391140,-0.126966,0.013310,-0.004466,0.013310,0.395040,0.200000,-0.001267,-0.001267,0.000000,,0
0,413,0.415138,-0.126650,0.013032,-0.004150,0.013032,0.419038,0.200000,-0.003314,-0.003314,0.000000,,0
0,414,0.435137,-0.126388,0.012739,-0.003888,0.012739,0.439037,0.200001,-0.004192,-0.004192,0.000000,,0
0,415,0.455135,-0.126125,0.012430,-0.003625,0.012430,0.459035,0.200002,-0.004414,-0.004414,0.000000,,0
0,416,0.479133,-0.125811,0.012066,-0.003311,0.012066,0.483033,0.200002,-0.004318,-0.004318,0.000000,,0
0,417,0.499132,-0.125555,0.011780,-0.003055,0.011780,0.503032,0.200002,-0.004070,-0.004070,0.000000,,0
0,418,0.519130,-0.125306,0.011512,-0.002806,0.011512,0.523030,0.200002,-0.003822,-0.003822,0.000000,,0
0,419,0.543129,-0.125015,0.011208,-0.002515,0.011208,0.547029,0.200002,-0.003604,-0.003604,0.000000,,0
0,420,0.563128,-0.124779,0.010969,-0.002279,0.010969,0.567028,0.200002,-0.003406,-0.003406,0.000000,,0
0,421,0.583126,-0.124549,0.010740,-0.002049,0.010740,0.587026,0.200002,-0.003255,-0.003255,0.000000,,0
0,422,0.607125,-0.124278,0.010476,-0.001778,0.010476,0.611025,0.200001,-0.003140,-0.003140,0.000000,,0
0,423,0.627124,-0.124058,0.010262,-0.001558,0.010262,0.631024,0.200001,-0.003048,-0.003048,0.000000,,0
0,424,0.651123,-0.123800,0.010011,-0.001300,0.010011,0.655023,0.200001,-0.002970,-0.002970,0.000000,,0
0,425,0.671122,-0.123589,0.009808,-0.001089,0.009808,0.675022,0.200001,-0.002893,-0.002893,0.000000,,0
0,426,0.691121,-0.123383,0.009609,-0.000883,0.009609,0.695021,0.200001,-0.002827,-0.002827,0.000000,,0
0,427,0.715120,-0.123142,0.009376,-0.000642,0.009376,0.719020,0.200001,-0.002767,-0.002767,0.000000,,0
0,428,0.735119,-0.122943,0.009138,-0.000443,0.009138,0.739019,0.200001,-0.003402,-0.003402,0.000000,,0
0,429,0.755118,-0.122748,0.008890,-0.000248,0.008890,0.759018,0.200001,-0.003520,-0.003520,0.000000,,0
0,430,0.779117,-0.122521,0.008605,-0.000021,0.008605,0.783017,0.200001,-0.003385,-0.003385,0.000000,,0
0,431,0.799116,-0.122338,0.008385,0.000162,0.008385,0.803016,0.200001,-0.003118,-0.003118,0.000000,,0
0,432,0.819116,-0.122160,0.008184,0.000340,0.008184,0.823016,0.200001,-0.002864,-0.002864,0.000000,,0
0,433,0.843115,-0.121949,0.007744,0.000551,0.007744,0.847015,0.200002,-0.005230,-0.005230,0.000000,,0
0,434,0.863114,-0.121775,0.007346,0.000725,0.007346,0.867014,0.200002,-0.005657,-0.005657,0.000000,,0
0,435,0.883114,-0.121610,0.006976,0.000890,0.006976,0.887014,0.200002,-0.005238,-0.005238,0.000000,,0
0,436,0.907113,-0.121424,0.006596,0.001076,0.006596,0.911013,0.200001,-0.004494,-0.004494,0.000000,,0
0,437,0.927113,-0.121273,0.005970,0.001227,0.005970,0.931013,0.200002,-0.008925,-0.008925,0.000000,,0
0,438,0.951113,-0.121093,0.005138,0.001407,0.005138,0.955013,0.200003,-0.009846,-0.009846,0.000000,,0
0,439,0.971112,-0.120960,0.004527,0.001540,0.004527,0.975012,0.200002,-0.008649,-0.008649,0.000000,,0
0,440,0.991112,-0.120845,0.004040,0.001655,0.004040,0.995012,0.200001,-0.006880,-0.006880,0.000000,,0
0,441,1.015112,-0.120728,0.003607,0.001772,0.003607,1.019012,0.200001,-0.005101,-0.005101,0.000000,,0
0,442,1.035112,-0.120634,0.002774,0.001866,0.002774,1.039012,0.200001,-0.011855,-0.011855,0.000000,,0
0,443,1.055112,-0.120540,0.001818,0.001960,0.001818,1.059012,0.200002,-0.013550,-0.013550,0.000000,,0
0,444,1.079112,-0.120446,0.000767,0.002054,0.000767,1.083012,0.200001,-0.012377,-0.012377,0.000000,,0
0,445,1.099112,-0.120397,0.000091,0.002103,0.000091,1.103012,0.200000,-0.009523,-0.009523,0.000000,,0
0,446,1.119112,-0.120372,-0.000377,0.002128,-0.000377,1.123012,0.200000,-0.006598,-0.006598,0.000000,,0
0,447,1.143112,-0.120347,-0.001592,0.002153,-0.001592,1.147012,0.200000,-0.014379,-0.014379,0.000000,,0
0,448,1.163112,-0.120328,-0.002717,0.002172,-0.002717,1.167012,0.199999,-0.015926,-0.015926,0.000000,,0
0,449,1.183112,-0.120332,-0.003728,0.002168,-0.003728,1.187012,0.199999,-0.014293,-0.014293,0.000000,,0
0,450,1.207111,-0.120376,-0.004675,0.002124,-0.004867,1.211011,0.199998,-0.011154,-0.011154,0.000000,,0
0,451,1.227111,-0.120422,-0.003452,0.002078,-0.003644,1.231011,0.199999,0.017610,0.017610,0.000000,,0
0,452,1.251111,-0.120478,-0.000620,0.002022,-0.000812,1.255011,0.200000,0.033514,0.033514,0.000000,,0
0,453,1.271111,-0.120524,0.002085,0.001976,0.001893,1.275011,0.200000,0.038281,0.038281,0.000000,,0
0,454,1.291111,-0.120570,0.004643,0.001930,0.004450,1.295011,0.199999,0.036183,0.036183,0.000000,,0
0,455,1.315111,-0.120580,0.007182,0.001920,-0.005880,1.319011,0.199995,0.029956,0.029956,0.000000,,0
0,456,1.335109,-0.120563,0.013962,0.001937,0.000900,1.339010,0.199982,0.097624,0.097624,0.000000,,0
0,457,1.355106,-0.120546,0.023505,0.001954,0.010442,1.359006,0.199947,0.137006,0.137006,0.000000,,0
0,458,1.379095,-0.120509,0.036136,0.001991,0.023074,1.382995,0.199876,0.151850,0.151850,0.000000,,0
0,459,1.399078,-0.120273,0.046048,0.002227,0.032986,1.402978,0.199820,0.143876,0.143876,0.000000,,0
0,460,1.419053,-0.119763,0.054445,0.002719,0.003801,1.422956,0.199795,0.122497,0.122497,0.000000,,0
0,461,1.443005,-0.119045,0.071369,0.003414,0.020725,1.446909,0.199592,0.209253,0.209253,0.000000,,0
0,462,1.462941,-0.118394,0.088448,0.004045,0.037803,1.466845,0.199382,0.255132,0.255132,0.000000,,0
0,463,1.482847,-0.117470,0.106323,0.004950,0.055678,1.486751,0.199190,0.269602,0.269602,0.000000,,0
0,464,1.506684,-0.115830,0.126660,0.006377,0.013250,1.511001,0.199037,0.258570,0.258570,0.000000,,0
0,465,1.526496,-0.114201,0.147704,0.006728,0.034295,1.530876,0.198640,0.326606,0.326606,0.000000,,0
0,466,1.550184,-0.111817,0.174847,0.007584,0.061437,1.554669,0.198270,0.355514,0.355514,0.000000,,0
0,467,1.569840,-0.109285,0.196651,0.008846,0.083241,1.574447,0.198101,0.347758,0.347758,0.000000,,0
0,468,1.589415,-0.106209,0.216297,0.010657,0.102887,1.594179,0.198095,0.317236,0.317236,0.000000,,0
0,469,1.612803,-0.101837,0.236150,0.013515,0.122740,1.617801,0.198237,0.270265,0.270265,0.000000,,0
0,470,1.632218,-0.097666,0.248777,0.014114,0.047233,1.639338,0.198567,0.207917,0.207917,0.000000,,0
0,471,1.651567,-0.093290,0.263019,0.014791,0.061475,1.659164,0.198323,0.237733,0.237733,0.000000,,0
0,472,1.674687,-0.087686,0.280463,0.015970,0.078919,1.682924,0.198217,0.244807,0.244807,0.000000,,0
0,473,1.693867,-0.082655,0.293988,0.017323,0.092443,1.702707,0.198284,0.229774,0.229774,0.000000,,0
0,474,1.712975,-0.077288,0.305742,0.019019,0.104197,1.722482,0.198465,0.201115,0.201115,0.000000,,0
0,475,1.735821,-0.070446,0.317080,0.019970,0.002582,1.748821,0.198733,0.162753,0.162753,0.000000,,0
0,476,1.754780,-0.064616,0.331107,0.019651,0.016610,1.768653,0.198097,0.245461,0.245461,0.000000,,0
0,477,1.773639,-0.058655,0.347862,0.019488,0.033364,1.788431,0.197711,0.294914,0.294914,0.000000,,0
0,478,1.796113,-0.051111,0.369132,0.019713,0.054634,1.812137,0.197546,0.315172,0.315172,0.000000,,0
0,479,1.814704,-0.044415,0.386234,0.020332,0.071736,1.831887,0.197605,0.307546,0.307546,0.000000,,0
0,480,1.836851,-0.035877,0.404870,0.020912,-0.034890,1.858273,0.197812,0.282282,0.282282,0.000000,,0
0,481,1.855153,-0.028491,0.425376,0.019789,-0.014384,1.877977,0.197135,0.379309,0.379309,0.000000,,0
0,482,1.873275,-0.020806,0.448398,0.019014,0.008638,1.897646,0.196849,0.430525,0.430525,0.000000,,0
0,483,1.894754,-0.010983,0.476504,0.018741,0.036744,1.921263,0.196901,0.444624,0.444624,0.000000,,0
0,484,1.912424,-0.002251,0.498603,0.019106,0.058843,1.940970,0.197178,0.426033,0.426033,0.000000,,0
0,485,1.929894,0.006961,0.518508,0.019989,0.078748,1.960700,0.197568,0.388819,0.388819,0.000000,,0
0,486,1.950616,0.018574,0.539040,0.019369,-0.026488,1.986953,0.198034,0.338596,0.338596,0.000000,,0
0,487,1.967675,0.028589,0.559582,0.018694,-0.005945,2.006723,0.197817,0.413630,0.413630,0.000000,,0
0,488,1.984507,0.038976,0.581532,0.018454,0.016005,2.026501,0.197916,0.447540,0.447540,0.000000,,0
0,489,2.004389,0.052006,0.607578,0.018814,0.042051,2.050270,0.198276,0.449503,0.449503,0.000000,,0
0,490,2.020695,0.063333,0.627718,0.019650,0.062191,2.070105,0.198672,0.423524,0.423524,0.000000,,0
0,491,2.036777,0.075043,0.645664,0.019907,-0.045351,2.092526,0.199059,0.382279,0.382279,0.000000,,0
0,492,2.055759,0.089566,0.671384,0.019009,-0.019632,2.116410,0.199333,0.465113,0.465113,0.000000,,0
0,493,2.071278,0.102110,0.693960,0.018793,0.002945,2.136364,0.199772,0.497966,0.497966,0.000000,,0
0,494,2.089550,0.117697,0.720870,0.019168,0.029855,2.160378,0.200528,0.498121,0.498121,0.000000,,0
0,495,2.104546,0.131058,0.742534,0.019913,0.051519,2.180449,0.201120,0.470403,0.470403,0.000000,,0
0,496,2.119261,0.144726,0.762637,0.020712,-0.053927,2.203146,0.200609,0.427382,0.427382,0.000000,,0
0,497,2.136419,0.161549,0.791696,0.019714,-0.024868,2.227154,0.199854,0.504815,0.504815,0.000000,,0
0,498,2.150292,0.175873,0.816931,0.019400,0.000367,2.247092,0.199043,0.529976,0.529976,0.000000,,0
0,499,2.163803,0.190466,0.841233,0.019533,0.024670,2.266979,0.199088,0.522573,0.522573,0.000000,,0
0,500,2.179559,0.208502,0.868057,0.020387,0.051493,2.290913,0.199965,0.493044,0.493044,0.000000,,0
0,501,2.192365,0.223891,0.888062,0.021579,0.071499,2.310897,0.200379,0.443817,0.443817,0.000000,,0
0,502,2.204927,0.239517,0.905695,0.020938,-0.036851,2.333637,0.200623,0.385663,0.385663,0.000000,,0
0,503,2.219684,0.258585,0.931073,0.020223,-0.011474,2.357738,0.201203,0.456852,0.456852,0.000000,,0
0,504,2.231695,0.274762,0.953786,0.020028,0.011240,2.377886,0.201680,0.481852,0.481852,0.000000,,0
0,505,2.243408,0.291204,0.976617,0.020230,0.034070,2.398072,0.202041,0.476414,0.476414,0.000000,,0
0,506,2.257045,0.311263,1.002881,0.021004,0.060334,2.422315,0.202298,0.448924,0.448924,0.000000,,0
0,507,2.268042,0.328228,1.022746,0.020414,-0.045539,2.445194,0.202281,0.400894,0.400894,0.000000,,0
0,508,2.280905,0.348887,1.051443,0.019094,-0.016842,2.469494,0.203071,0.476306,0.476306,0.000000,,0
0,509,2.291291,0.366373,1.077081,0.018415,0.008796,2.489821,0.203524,0.500947,0.500947,0.000000,,0
0,510,2.301300,0.384103,1.102740,0.018184,0.034455,2.510180,0.203711,0.492765,0.492765,0.000000,,0
0,511,2.312765,0.405676,1.132083,0.018528,0.063798,2.534607,0.203680,0.461182,0.461182,0.000000,,0
0,512,2.321831,0.423873,1.154081,0.018147,-0.039687,2.557300,0.203351,0.407858,0.407858,0.000000,,0
0,513,2.330634,0.442263,1.180119,0.016709,-0.013650,2.577638,0.204062,0.477136,0.477136,0.000000,,0
0,514,2.340738,0.464602,1.213562,0.015510,0.019794,2.602126,0.204367,0.500398,0.500398,0.000000,,0
0,515,2.348646,0.483432,1.241057,0.015066,0.047288,2.622544,0.204239,0.483984,0.483984,0.000000,,0
0,516,2.356028,0.502434,1.266767,0.015175,0.072998,2.642930,0.203851,0.444896,0.444896,0.000000,,0
0,517,2.364182,0.525429,1.294265,0.015300,-0.025294,2.669263,0.203279,0.389787,0.389787,0.000000,,0
0,518,2.370662,0.544739,1.321270,0.013829,0.001711,2.689579,0.203758,0.453216,0.453216,0.000000,,0
0,519,2.376766,0.564187,1.349941,0.012756,0.030382,2.709934,0.203771,0.472093,0.472093,0.000000,,0
0,520,2.383404,0.587688,1.383963,0.012175,0.064404,2.734347,0.203392,0.457433,0.457433,0.000000,,0
0,521,2.388270,0.607386,1.410061,0.012364,0.090503,2.754636,0.202797,0.412722,0.412722,0.000000,,0
0,522,2.393290,0.631125,1.437263,0.013409,0.117704,2.778167,0.202098,0.352183,0.352183,0.000000,,0
0,523,2.396788,0.650970,1.455311,0.012244,0.009988,2.800674,0.201439,0.275607,0.275607,0.000000,,0
0,524,2.400072,0.670860,1.477298,0.011491,0.031975,2.820820,0.201600,0.333880,0.333880,0.000000,,0
0,525,2.403622,0.694784,1.505906,0.010982,0.060583,2.845000,0.201414,0.355337,0.355337,0.000000,,0
0,526,2.406059,0.714755,1.529254,0.011080,0.083932,2.865119,0.201071,0.341772,0.341772,0.000000,,0
0,527,2.407940,0.734745,1.550523,0.011732,0.105200,2.885187,0.200677,0.306376,0.306376,0.000000,,0
0,528,2.409460,0.758743,1.572092,0.011240,0.001295,2.910733,0.200290,0.255060,0.255060,0.000000,,0
0,529,2.410484,0.778741,1.595046,0.010216,0.024250,2.930731,0.200150,0.328355,0.328355,0.000000,,0
0,530,2.411207,0.798727,1.619913,0.009493,0.049116,2.950718,0.199834,0.360412,0.360412,0.000000,,0
0,531,2.411386,0.822678,1.649135,0.009314,0.078339,2.974668,0.199412,0.359033,0.359033,0.000000,,0
0,532,2.410861,0.842598,1.670979,0.009839,0.100182,2.994588,0.199158,0.327175,0.327175,0.000000,,0
0,533,2.409721,0.862478,1.689349,0.010315,-0.006921,3.015815,0.199056,0.278427,0.278427,0.000000,,0
0,534,2.408021,0.886268,1.717067,0.009006,0.020797,3.039629,0.198564,0.357359,0.357359,0.000000,,0
0,535,2.406203,0.906016,1.741819,0.008321,0.045549,3.059449,0.198189,0.388441,0.388441,0.000000,,0
0,536,2.403324,0.929604,1.770886,0.008207,0.074616,3.083212,0.197897,0.386358,0.386358,0.000000,,0
0,537,2.400269,0.949160,1.792766,0.008775,0.096496,3.102997,0.197862,0.354331,0.354331,0.000000,,0
0,538,2.396629,0.968628,1.811430,0.009933,0.115160,3.122768,0.198004,0.305806,0.305806,0.000000,,0
0,539,2.391585,0.991884,1.829265,0.009335,0.007230,3.147812,0.198285,0.246133,0.246133,0.000000,,0
0,540,2.387150,1.011171,1.848183,0.008831,0.026149,3.167596,0.197735,0.318960,0.318960,0.000000,,0
0,541,2.382439,1.030348,1.869022,0.008621,0.046987,3.187342,0.197411,0.354768,0.354768,0.000000,,0
0,542,2.376232,1.053199,1.894059,0.008947,0.072025,3.211019,0.197290,0.359974,0.359974,0.000000,,0
0,543,2.370535,1.072101,1.913337,0.009762,0.091303,3.230744,0.197411,0.336946,0.336946,0.000000,,0
0,544,2.364366,1.090882,1.930179,0.009872,-0.017645,3.251773,0.197681,0.297536,0.297536,0.000000,,0
0,545,2.356618,1.113239,1.955876,0.008873,0.008052,3.275413,0.197031,0.385122,0.385122,0.000000,,0
0,546,2.349767,1.131686,1.979138,0.008474,0.031314,3.295087,0.196774,0.423860,0.423860,0.000000,,0
0,547,2.342443,1.149949,2.002331,0.008583,0.054507,3.314763,0.196799,0.428461,0.428461,0.000000,,0
0,548,2.332991,1.171616,2.028414,0.009422,0.080590,3.338388,0.197051,0.407644,0.407644,0.000000,,0
0,549,2.324577,1.189473,2.047551,0.010694,0.099727,3.357336,0.197452,0.363855,0.363855,0.000000,,0
0,550,2.313915,1.210690,2.066787,0.009637,-0.006521,3.383161,0.197929,0.308487,0.308487,0.000000,,0
0,551,2.304727,1.228187,2.086280,0.009261,0.012972,3.402921,0.197590,0.381459,0.381459,0.000000,,0
0,552,2.295197,1.245484,2.107267,0.009281,0.033959,3.422670,0.197569,0.415400,0.415400,0.000000,,0
0,553,2.283215,1.265958,2.132266,0.009919,0.058958,3.446383,0.197814,0.418356,0.418356,0.000000,,0
0,554,2.272768,1.282784,2.151593,0.010969,0.078285,3.466161,0.198157,0.393666,0.393666,0.000000,,0
0,555,2.261935,1.299411,2.168743,0.010770,-0.030303,3.487419,0.198532,0.353502,0.353502,0.000000,,0
0,556,2.248498,1.319074,2.194188,0.010068,-0.004858,3.511225,0.198535,0.445069,0.445069,0.000000,,0
0,557,2.236873,1.335179,2.216888,0.009993,0.017842,3.531087,0.198813,0.483814,0.483814,0.000000,,0
0,558,2.224811,1.351012,2.239407,0.010431,0.040361,3.550986,0.199244,0.487359,0.487359,0.000000,,0
0,559,2.209783,1.369654,2.264812,0.011616,0.065766,3.574902,0.199790,0.466024,0.466024,0.000000,,0
0,560,2.196852,1.384916,2.283815,0.012281,-0.041214,3.596435,0.200245,0.422922,0.422922,0.000000,,0
0,561,2.183597,1.399980,2.307271,0.011638,-0.017758,3.616490,0.201034,0.514231,0.514231,0.000000,,0
0,562,2.167207,1.417684,2.338269,0.011474,0.013240,3.640615,0.200634,0.550386,0.550386,0.000000,,0
0,563,2.153142,1.431925,2.364384,0.011985,0.039355,3.660624,0.199786,0.542189,0.542189,0.000000,,0
0,564,2.135906,1.448506,2.393417,0.013207,0.068389,3.684510,0.198899,0.509484,0.509484,0.000000,,0
0,565,2.121235,1.461957,2.414546,0.014700,0.089517,3.704357,0.199278,0.455712,0.455712,0.000000,,0
0,566,2.106226,1.475116,2.432423,0.014084,-0.018154,3.726170,0.199817,0.393098,0.393098,0.000000,,0
0,567,2.087819,1.490542,2.458056,0.013919,0.007479,3.750185,0.200387,0.475742,0.475742,0.000000,,0
0,568,2.072170,1.503105,2.481015,0.014204,0.030437,3.770251,0.200901,0.502493,0.502493,0.000000,,0
0,569,2.056240,1.515384,2.504006,0.014887,0.053429,3.790353,0.201342,0.494613,0.494613,0.000000,,0
0,570,2.036771,1.529725,2.530312,0.016235,0.079735,3.814496,0.201711,0.463272,0.463272,0.000000,,0
0,571,2.020282,1.541336,2.550084,0.015928,-0.025982,3.836724,0.201796,0.410908,0.410908,0.000000,,0
0,572,2.003547,1.552688,2.574537,0.015300,-0.001528,3.856936,0.202587,0.502485,0.502485,0.000000,,0
0,573,1.983104,1.565936,2.606335,0.015057,0.030269,3.881295,0.203229,0.533223,0.533223,0.000000,,0
0,574,1.965771,1.576563,2.632548,0.015361,0.056483,3.901624,0.203465,0.517046,0.517046,0.000000,,0
0,575,1.948191,1.586778,2.657146,0.016147,0.081081,3.921942,0.203442,0.476938,0.476938,0.000000,,0
0,576,1.926808,1.598484,2.683675,0.016380,-0.018158,3.948394,0.203233,0.421507,0.421507,0.000000,,0
0,577,1.908754,1.607942,2.710530,0.015523,0.008698,3.968757,0.204098,0.505220,0.505220,0.000000,,0
0,578,1.886784,1.618840,2.744773,0.015033,0.042941,3.993277,0.204467,0.525366,0.525366,0.000000,,0
0,579,1.864500,1.629057,2.777968,0.015292,0.076135,4.017790,0.204334,0.498203,0.498203,0.000000,,0
0,580,1.845722,1.636987,2.802985,0.016126,0.101152,4.038156,0.203845,0.441980,0.441980,0.000000,,0
0,581,1.822985,1.645804,2.828823,0.016451,0.001729,4.064648,0.203210,0.374240,0.374240,0.000000,,0
0,582,1.803883,1.652836,2.853395,0.015670,0.026300,4.084988,0.203605,0.421851,0.421851,0.000000,,0
0,583,1.780776,1.660740,2.883139,0.015299,0.056045,4.109407,0.203472,0.417772,0.417772,0.000000,,0
0,584,1.761385,1.666756,2.905742,0.015574,0.078647,4.129708,0.202983,0.374318,0.374318,0.000000,,0
0,585,1.737987,1.673275,2.928850,0.016610,0.101755,4.153975,0.202354,0.314115,0.314115,0.000000,,0
0,586,1.718407,1.678129,2.943730,0.017175,0.003682,4.176320,0.201686,0.239233,0.239233,0.000000,,0
0,587,1.694831,1.683654,2.963456,0.016160,0.023408,4.200514,0.201766,0.262841,0.262841,0.000000,,0
0,588,1.671173,1.688683,2.981798,0.015647,0.041750,4.224694,0.201507,0.241107,0.241107,0.000000,,0
0,589,1.651409,1.692428,2.994278,0.015668,0.054230,4.244810,0.201129,0.194496,0.194496,0.000000,,0
0,590,1.627650,1.696433,3.005347,0.016181,0.065299,4.268899,0.200763,0.142521,0.142521,0.000000,,0
0,591,1.607828,1.699414,3.011128,0.016253,-0.017055,4.290989,0.200444,0.088480,0.088480,0.000000,,0
0,592,1.584016,1.702919,3.021670,0.014287,-0.006513,4.314977,0.200659,0.135372,0.135372,0.000000,,0
0,593,1.564149,1.705726,3.030544,0.012764,0.002361,4.334983,0.200624,0.135360,0.135360,0.000000,,0
0,594,1.540285,1.708803,3.039817,0.011229,0.011635,4.358996,0.200498,0.117044,0.117044,0.000000,,0
0,595,1.520383,1.711115,3.045753,0.010201,0.017570,4.379006,0.200354,0.089284,0.089284,0.000000,,0
0,596,1.496487,1.713645,3.050885,0.008762,-0.040063,4.403585,0.200238,0.064100,0.064100,0.000000,,0
0,597,1.472575,1.716114,3.061549,0.006316,-0.029399,4.427499,0.200410,0.133910,0.133910,0.000000,,0
0,598,1.452632,1.718146,3.070996,0.004303,-0.019952,4.447445,0.200467,0.140437,0.140437,0.000000,,0
0,599,1.428684,1.720305,3.081020,0.002168,-0.009928,4.471395,0.200358,0.123179,0.123179,0.000000,,0
0,600,1.408717,1.721831,3.087507,0.000661,-0.003441,4.491363,0.200243,0.094979,0.094979,0.000000,,0
0,601,1.384748,1.723398,3.093259,-0.000898,-0.035272,4.515332,0.200157,0.069878,0.069878,0.000000,,0
0,602,1.364767,1.724646,3.103172,-0.002146,-0.025358,4.535313,0.200237,0.145592,0.145592,0.000000,,0
0,603,1.340780,1.726120,3.115936,-0.003620,-0.012595,4.559301,0.200267,0.153611,0.153611,0.000000,,0
0,604,1.320784,1.727074,3.124822,-0.004574,-0.003708,4.579296,0.200162,0.127091,0.127091,0.000000,,0
0,605,1.296786,1.727861,3.132869,-0.005361,-0.008531,4.603294,0.200077,0.095264,0.095264,0.000000,,0
0,606,1.272786,1.728463,3.141047,-0.005963,-0.000353,4.627294,0.200046,0.096569,0.096569,0.000000,,0
0,607,1.252787,1.728747,-3.136672,-0.006247,0.005113,4.647294,0.200012,0.077131,0.077131,0.000000,,0
0,608,1.228787,1.728854,-3.131976,-0.006354,0.009809,4.671293,0.199992,0.055362,0.055362,0.000000,,0
0,609,1.208788,1.728782,-3.129561,-0.006282,0.012224,4.691292,0.199988,0.034163,0.034163,0.000000,,0
0,610,1.184790,1.728569,-3.127972,-0.006069,0.013621,4.715290,0.199991,0.018738,0.018738,0.000000,,0
0,611,1.164792,1.728325,-3.127398,-0.005825,0.014195,4.735288,0.199995,0.008080,0.008080,0.000000,,0
0,612,1.140795,1.727991,-3.127266,-0.005491,0.014326,4.759286,0.199999,0.001514,0.001514,0.000000,,0
0,613,1.120797,1.727711,-3.127430,-0.005211,0.014162,4.779284,0.200000,-0.002383,-0.002383,0.000000,,0
0,614,1.096799,1.727374,-3.127787,-0.004874,0.013806,4.803281,0.200001,-0.004252,-0.004252,0.000000,,0
0,615,1.072801,1.727038,-3.128198,-0.004538,0.013394,4.827279,0.200002,-0.004898,-0.004898,0.000000,,0
0,616,1.052803,1.726758,-3.128541,-0.004258,0.013052,4.847277,0.200003,-0.004887,-0.004887,0.000000,,0
0,617,1.028805,1.726426,-3.128932,-0.003926,0.012661,4.871275,0.200003,-0.004648,-0.004648,0.000000,,0
0,618,1.008807,1.726158,-3.129235,-0.003658,0.012358,4.891274,0.200002,-0.004308,-0.004308,0.000000,,0
0,619,0.984808,1.725845,-3.129572,-0.003345,0.012020,4.915272,0.200002,-0.004008,-0.004008,0.000000,,0
0,620,0.964810,1.725591,-3.129835,-0.003091,0.011758,4.935271,0.200002,-0.003739,-0.003739,0.000000,,0
0,621,0.940811,1.725295,-3.130133,-0.002795,0.011460,4.959269,0.200002,-0.003538,-0.003538,0.000000,,0
0,622,0.920813,1.725054,-3.130370,-0.002554,0.011223,4.979268,0.200002,-0.003375,-0.003375,0.000000,,0
0,623,0.896814,1.724772,-3.130644,-0.002272,0.010948,5.003266,0.200002,-0.003257,-0.003257,0.000000,,0
0,624,0.872816,1.724496,-3.130911,-0.001996,0.010682,5.027265,0.200001,-0.003167,-0.003167,0.000000,,0
0,625,0.852817,1.724272,-3.131128,-0.001772,0.010465,5.047264,0.200001,-0.003082,-0.003082,0.000000,,0
0,626,0.828818,1.724008,-3.131381,-0.001508,0.010211,5.071262,0.200001,-0.003012,-0.003012,0.000000,,0
0,627,0.808819,1.723794,-3.131588,-0.001294,0.010005,5.091261,0.200001,-0.002941,-0.002941,0.000000,,0
0,628,0.784820,1.723542,-3.131831,-0.001042,0.009762,5.115260,0.200001,-0.002878,-0.002878,0.000000,,0
0,629,0.764821,1.723335,-3.132077,-0.000835,0.009516,5.135259,0.200001,-0.003511,-0.003511,0.000000,,0
0,630,0.740822,1.723092,-3.132383,-0.000592,0.009210,5.159258,0.200001,-0.003626,-0.003626,0.000000,,0
0,631,0.720823,1.722896,-3.132625,-0.000396,0.008967,5.179257,0.200001,-0.003451,-0.003451,0.000000,,0
0,632,0.696824,1.722668,-3.132896,-0.000168,0.008697,5.203257,0.200001,-0.003206,-0.003206,0.000000,,0
0,633,0.672825,1.722443,-3.133360,0.000057,0.008233,5.227256,0.200002,-0.005516,-0.005516,0.000000,,0
0,634,0.652825,1.722258,-3.133774,0.000242,0.007818,5.247255,0.200002,-0.005889,-0.005889,0.000000,,0
0,635,0.628826,1.722048,-3.134233,0.000452,0.007360,5.271254,0.200002,-0.005429,-0.005429,0.000000,,0
0,636,0.608827,1.721885,-3.134553,0.000615,0.007039,5.291254,0.200001,-0.004540,-0.004540,0.000000,,0
0,637,0.584827,1.721701,-3.134867,0.000799,0.006726,5.315253,0.200001,-0.003704,-0.003704,0.000000,,0
0,638,0.564828,1.721551,-3.135445,0.000949,0.006148,5.335253,0.200002,-0.008246,-0.008246,0.000000,,0
0,639,0.540828,1.721371,-3.136234,0.001129,0.005359,5.359252,0.200003,-0.009335,-0.009335,0.000000,,0
0,640,0.520828,1.721235,-3.136822,0.001265,0.004771,5.379252,0.200002,-0.008326,-0.008326,0.000000,,0
0,641,0.496829,1.721093,-3.137391,0.001407,0.004202,5.403252,0.200001,-0.006710,-0.006710,0.000000,,0
0,642,0.472829,1.720958,-3.138512,0.001542,0.003081,5.427252,0.200002,-0.013282,-0.013282,0.000000,,0
0,643,0.452829,1.720848,-3.139521,0.001652,0.002071,5.447252,0.200002,-0.014297,-0.014297,0.000000,,0
0,644,0.428829,1.720747,-3.140599,0.001753,0.000994,5.471252,0.200001,-0.012688,-0.012688,0.000000,,0
0,645,0.408829,1.720693,-3.141278,0.001807,0.000315,5.491252,0.200001,-0.009567,-0.009567,0.000000,,0
0,646,0.384829,1.720659,3.141353,0.001841,-0.000239,5.515252,0.200000,-0.006507,-0.006507,0.000000,,0
0,647,0.364829,1.720636,3.140365,0.001864,-0.001228,5.535252,0.200000,-0.014047,-0.014047,0.000000,,0
0,648,0.340829,1.720609,3.139012,0.001891,-0.002581,5.559252,0.199999,-0.015965,-0.015965,0.000000,,0
0,649,0.320829,1.720611,3.138019,0.001889,-0.003574,5.579252,0.199999,-0.014038,-0.014038,0.000000,,0
0,650,0.296829,1.720653,3.137103,0.001847,-0.004682,5.603251,0.199998,-0.010784,-0.010784,0.000000,,0
0,651,0.272829,1.720706,3.138608,0.001794,-0.003177,5.627251,0.200000,0.017998,0.017998,0.000000,,0
0,652,0.252829,1.720750,3.140957,0.001750,-0.000828,5.647251,0.200000,0.033378,0.033378,0.000000,,0
0,653,0.228829,1.720804,-3.138944,0.001696,0.002456,5.671251,0.200000,0.038731,0.038731,0.000000,,0
0,654,0.208830,1.720848,-3.136407,0.001652,0.004993,5.691251,0.199998,0.035899,0.035899,0.000000,,0
0,655,0.184830,1.720842,-3.133930,0.001658,-0.005399,5.715250,0.199994,0.029234,0.029234,0.000000,,0
0,656,0.164831,1.720812,-3.127213,0.001688,0.001318,5.735249,0.199981,0.096748,0.096748,0.000000,,0
0,657,0.140836,1.720776,-3.115842,0.001724,0.012689,5.759244,0.199937,0.136093,0.136093,0.000000,,0
0,658,0.120846,1.720729,-3.105583,0.001771,0.022947,5.779235,0.199877,0.148094,0.148094,0.000000,,0
0,659,0.096867,1.720416,-3.093889,0.002084,0.034641,5.800081,0.199812,0.141550,0.141550,0.000000,,0
0,660,0.072900,1.719727,-3.084162,0.002747,0.006786,5.827183,0.199787,0.118445,0.118445,0.000000,,0
0,661,0.052941,1.719051,-3.070557,0.003404,0.020391,5.847142,0.199621,0.202287,0.202287,0.000000,,0
0,662,0.029020,1.718191,-3.050477,0.004240,0.040471,5.871064,0.199366,0.250102,0.250102,0.000000,,0
0,663,0.009120,1.717189,-3.033117,0.005223,0.057831,5.890966,0.199186,0.262233,0.262233,0.000000,,0
0,664,-0.014712,1.715465,-3.013486,0.006225,0.014697,5.915216,0.199050,0.249870,0.249870,0.000000,,0
0,665,-0.034521,1.713779,-2.992983,0.006634,0.035200,5.935093,0.198657,0.318485,0.318485,0.000000,,0
0,666,-0.058207,1.711348,-2.966392,0.007536,0.061791,5.958886,0.198294,0.348452,0.348452,0.000000,,0
0,667,-0.077862,1.708793,-2.944951,0.008822,0.083232,5.978665,0.198127,0.342023,0.342023,0.000000,,0
0,668,-0.101343,1.705038,-2.921734,0.011058,0.106449,6.002339,0.198094,0.312818,0.312818,0.000000,,0
0,669,-0.124714,1.700556,-2.902487,0.012680,0.037561,6.027606,0.198268,0.262478,0.262478,0.000000,,0
0,670,-0.144102,1.696513,-2.884825,0.013023,0.055224,6.047408,0.197994,0.293304,0.293304,0.000000,,0
0,671,-0.167249,1.691199,-2.863553,0.013911,0.076496,6.071141,0.197871,0.297694,0.297694,0.000000,,0
0,672,-0.186436,1.686320,-2.847237,0.015113,0.092811,6.090902,0.197953,0.276980,0.276980,0.000000,,0
0,673,-0.209344,1.679937,-2.830345,0.017096,0.109703,6.114600,0.198162,0.241337,0.241337,0.000000,,0
0,674,-0.228349,1.674203,-2.819241,0.018707,0.007854,6.136734,0.198509,0.191736,0.191736,0.000000,,0
0,675,-0.251044,1.667129,-2.801191,0.018416,0.025904,6.160503,0.197949,0.263802,0.263802,0.000000,,0
0,676,-0.269839,1.660998,-2.784208,0.018436,0.042887,6.180274,0.197661,0.300407,0.300407,0.000000,,0
0,677,-0.292234,1.653212,-2.763383,0.018914,0.063711,6.203978,0.197582,0.310304,0.310304,0.000000,,0
0,678,-0.314451,1.644891,-2.743832,0.019958,0.083263,6.227679,0.197710,0.294838,0.294838,0.000000,,0
0,679,-0.332834,1.637542,-2.729596,0.021262,0.097499,6.247434,0.197989,0.260134,0.260134,0.000000,,0
0,680,-0.354758,1.628280,-2.715582,0.020148,-0.013749,6.273890,0.198349,0.215215,0.215215,0.000000,,0
0,681,-0.372903,1.620365,-2.699287,0.019571,0.002546,6.293678,0.197723,0.305211,0.305211,0.000000,,0
0,682,-0.394476,1.610572,-2.676625,0.019231,0.025208,6.317367,0.197441,0.356962,0.356962,0.000000,,0
0,683,-0.412265,1.602018,-2.657176,0.019384,0.044657,6.337106,0.197438,0.372176,0.372176,0.000000,,0
0,684,-0.433377,1.591230,-2.634718,0.020140,0.067114,6.360802,0.197644,0.362779,0.362779,0.000000,,0
0,685,-0.450781,1.581807,-2.617861,0.018959,-0.041796,6.383068,0.197963,0.330736,0.330736,0.000000,,0
0,686,-0.471410,1.570096,-2.592325,0.017805,-0.016259,6.406762,0.197645,0.424985,0.424985,0.000000,,0
0,687,-0.491705,1.557833,-2.564672,0.017296,0.011394,6.430468,0.197760,0.467558,0.467558,0.000000,,0
0,688,-0.508343,1.547114,-2.541882,0.017440,0.034183,6.450260,0.198076,0.469949,0.469949,0.000000,,0
0,689,-0.527980,1.533660,-2.516227,0.018290,0.059838,6.474049,0.198556,0.448078,0.448078,0.000000,,0
0,690,-0.544083,1.521994,-2.497210,0.017536,-0.046632,6.496226,0.198983,0.404592,0.404592,0.000000,,0
0,691,-0.563076,1.507497,-2.470368,0.016612,-0.019791,6.520102,0.199300,0.485083,0.485083,0.000000,,0
0,692,-0.578592,1.494951,-2.447036,0.016398,0.003541,6.540054,0.199777,0.514666,0.514666,0.000000,,0
0,693,-0.596854,1.479346,-2.419374,0.016794,0.031203,6.564073,0.200584,0.511710,0.511710,0.000000,,0
0,694,-0.611837,1.465961,-2.397176,0.017566,0.053402,6.584148,0.201195,0.481220,0.481220,0.000000,,0
0,695,-0.629412,1.449486,-2.372475,0.017271,-0.047446,6.610492,0.200450,0.435903,0.435903,0.000000,,0
0,696,-0.646436,1.432561,-2.343170,0.016440,-0.018141,6.634484,0.199651,0.507884,0.507884,0.000000,,0
0,697,-0.660213,1.418175,-2.318145,0.016238,0.006884,6.654402,0.198831,0.528896,0.528896,0.000000,,0
0,698,-0.676272,1.400495,-2.289445,0.016627,0.035584,6.678283,0.199441,0.518784,0.518784,0.000000,,0
0,699,-0.689278,1.385324,-2.267722,0.017525,0.057307,6.698246,0.200103,0.482474,0.482474,0.000000,,0
0,700,-0.704532,1.366742,-2.244154,0.017575,-0.045108,6.724524,0.200546,0.433355,0.433355,0.000000,,0
0,701,-0.716962,1.350967,-2.221019,0.016805,-0.021972,6.744593,0.201114,0.503221,0.503221,0.000000,,0
0,702,-0.731509,1.331653,-2.191262,0.016404,0.007784,6.768769,0.201775,0.528587,0.528587,0.000000,,0
0,703,-0.743282,1.315241,-2.166554,0.016540,0.032492,6.788967,0.202185,0.516438,0.516438,0.000000,,0
0,704,-0.756963,1.295190,-2.138305,0.017274,0.060741,6.813229,0.202480,0.483010,0.483010,0.000000,,0
0,705,-0.770140,1.274791,-2.112708,0.017122,-0.039400,6.839739,0.202518,0.429613,0.429613,0.000000,,0
0,706,-0.780826,1.257532,-2.087844,0.016071,-0.014536,6.860011,0.203213,0.493806,0.493806,0.000000,,0
0,707,-0.793222,1.236487,-2.056161,0.015345,0.017146,6.884425,0.203707,0.514016,0.514016,0.000000,,0
0,708,-0.803114,1.218679,-2.030147,0.015254,0.043161,6.904796,0.203817,0.496756,0.496756,0.000000,,0
0,709,-0.814416,1.197015,-2.000817,0.015785,0.072491,6.929224,0.203710,0.458376,0.458376,0.000000,,0
0,710,-0.823334,1.178748,-1.979126,0.015787,-0.031302,6.951594,0.203317,0.399883,0.399883,0.000000,,0
0,711,-0.833679,1.156581,-1.948440,0.014301,-0.000616,6.976012,0.203997,0.465258,0.465258,0.000000,,0
0,712,-0.841904,1.137894,-1.921464,0.013509,0.026360,6.996413,0.204201,0.481370,0.481370,0.000000,,0
0,713,-0.851172,1.115228,-1.889519,0.013208,0.058305,7.020899,0.204067,0.466067,0.466067,0.000000,,0
0,714,-0.859707,1.092330,-1.859968,0.013675,0.087856,7.045331,0.203615,0.422715,0.422715,0.000000,,0
0,715,-0.866219,1.073102,-1.838664,0.013693,-0.016630,7.067374,0.202978,0.359428,0.359428,0.000000,,0
0,716,-0.873684,1.049866,-1.808157,0.012245,0.013877,7.091737,0.203430,0.423808,0.423808,0.000000,,0
0,717,-0.879499,1.030366,-1.781231,0.011465,0.040803,7.112070,0.203417,0.440215,0.440215,0.000000,,0
0,718,-0.885819,1.006821,-1.749422,0.011202,0.072613,7.136447,0.203051,0.425174,0.425174,0.000000,,0
0,719,-0.890449,0.987098,-1.725185,0.011625,0.096849,7.156702,0.202497,0.381477,0.381477,0.000000,,0
0,720,-0.895230,0.963340,-1.700188,0.011988,-0.003918,7.182462,0.201856,0.322522,0.322522,0.000000,,0
0,721,-0.898928,0.943478,-1.675044,0.010821,0.021227,7.202632,0.202034,0.384840,0.384840,0.000000,,0
0,722,-0.902905,0.919572,-1.642564,0.009886,0.053706,7.226848,0.201784,0.405742,0.405742,0.000000,,0
0,723,-0.906111,0.895611,-1.610785,0.009723,0.085485,7.251023,0.201272,0.388345,0.388345,0.000000,,0
0,724,-0.908089,0.875619,-1.586975,0.010279,0.109295,7.271104,0.200758,0.342176,0.342176,0.000000,,0
0,725,-0.909617,0.851620,-1.563195,0.011083,0.007601,7.296551,0.200273,0.280617,0.280617,0.000000,,0
0,726,-0.910585,0.831624,-1.539426,0.010115,0.031370,7.316546,0.200071,0.341136,0.341136,0.000000,,0
0,727,-0.911227,0.807651,-1.509585,0.009473,0.061211,7.340520,0.199657,0.362586,0.362586,0.000000,,0
0,728,-0.911133,0.787704,-1.486123,0.009567,0.084673,7.360466,0.199331,0.347883,0.347883,0.000000,,0
0,729,-0.910229,0.763818,-1.461291,0.010471,0.109505,7.384353,0.199077,0.311517,0.311517,0.000000,,0
0,730,-0.908823,0.743957,-1.444527,0.011877,0.126269,7.404214,0.199049,0.255278,0.255278,0.000000,,0
0,731,-0.906452,0.720171,-1.429669,0.011372,0.015654,7.429619,0.199162,0.190266,0.190266,0.000000,,0
0,732,-0.903854,0.696445,-1.409552,0.010962,0.035771,7.453484,0.198749,0.262658,0.262658,0.000000,,0
0,733,-0.901456,0.676735,-1.390757,0.010858,0.054565,7.473339,0.198461,0.297354,0.297354,0.000000,,0
0,734,-0.898096,0.653174,-1.367977,0.011224,0.077346,7.497136,0.198258,0.303989,0.303989,0.000000,,0
0,735,-0.894804,0.633620,-1.350447,0.012027,0.094876,7.516948,0.198246,0.284049,0.284049,0.000000,,0
0,736,-0.890269,0.610249,-1.332256,0.011140,-0.012698,7.542254,0.198356,0.248277,0.248277,0.000000,,0
0,737,-0.886271,0.590864,-1.311837,0.010188,0.007721,7.562024,0.197692,0.340682,0.340682,0.000000,,0
0,738,-0.881114,0.567752,-1.284133,0.009432,0.035425,7.585693,0.197237,0.389494,0.389494,0.000000,,0
0,739,-0.876307,0.548635,-1.260916,0.009331,0.058643,7.605404,0.197078,0.397499,0.397499,0.000000,,0
0,740,-0.869849,0.525876,-1.234725,0.009923,0.084834,7.629055,0.197122,0.379240,0.379240,0.000000,,0
0,741,-0.862644,0.503311,-1.211785,0.009342,-0.018016,7.653987,0.197390,0.337076,0.337076,0.000000,,0
0,742,-0.856299,0.484668,-1.188645,0.008401,0.005123,7.673658,0.196808,0.415644,0.415644,0.000000,,0
0,743,-0.848140,0.462534,-1.159016,0.007866,0.034752,7.697241,0.196593,0.449804,0.449804,0.000000,,0
0,744,-0.840766,0.444303,-1.135006,0.008033,0.058763,7.716907,0.196699,0.444536,0.444536,0.000000,,0
0,745,-0.831220,0.422683,-1.108476,0.008977,0.085292,7.740522,0.197018,0.415752,0.415752,0.000000,,0
0,746,-0.822713,0.404868,-1.089303,0.009421,-0.021018,7.761470,0.197466,0.365590,0.365590,0.000000,,0
0,747,-0.812050,0.383749,-1.062129,0.008592,0.006156,7.785113,0.197170,0.439779,0.439779,0.000000,,0
0,748,-0.802696,0.366397,-1.038503,0.008432,0.029782,7.804825,0.197234,0.465835,0.465835,0.000000,,0
0,749,-0.790839,0.345887,-1.010936,0.008943,0.057349,7.828511,0.197576,0.460368,0.460368,0.000000,,0
0,750,-0.778310,0.325713,-0.985772,0.010205,0.082513,7.852225,0.198054,0.427498,0.427498,0.000000,,0
0,751,-0.767403,0.309140,-0.967606,0.011379,-0.025059,7.873468,0.198505,0.375563,0.375563,0.000000,,0
0,752,-0.753855,0.289552,-0.941708,0.010811,0.000839,7.897278,0.198597,0.454520,0.454520,0.000000,,0
0,753,-0.742120,0.273514,-0.919101,0.010864,0.023446,7.917151,0.198919,0.483644,0.483644,0.000000,,0
0,754,-0.727468,0.254627,-0.892602,0.011600,0.049944,7.941044,0.199449,0.480469,0.480469,0.000000,,0
0,755,-0.714811,0.239181,-0.872264,0.012748,0.070283,7.960981,0.199889,0.449873,0.449873,0.000000,,0
0,756,-0.699180,0.220942,-0.850353,0.014657,0.092194,7.984925,0.200424,0.405105,0.405105,0.000000,,0
0,757,-0.685868,0.205942,-0.834445,0.014035,-0.017882,8.006798,0.200702,0.346162,0.346162,0.000000,,0
0,758,-0.669539,0.188225,-0.810198,0.013818,0.006366,8.030891,0.200671,0.432627,0.432627,0.000000,,0
0,759,-0.652766,0.171007,-0.783326,0.014265,0.033237,8.054925,0.199978,0.467120,0.467120,0.000000,,0
0,760,-0.638490,0.157051,-0.761194,0.015125,0.055369,8.074870,0.199368,0.461959,0.461959,0.000000,,0
0,761,-0.621062,0.140709,-0.736800,0.016650,0.079764,8.098713,0.199060,0.433828,0.433828,0.000000,,0
0,762,-0.606213,0.127401,-0.719096,0.016033,-0.028081,8.120756,0.199582,0.385549,0.385549,0.000000,,0
0,763,-0.587974,0.111819,-0.693242,0.015640,-0.002227,8.144743,0.200183,0.479770,0.479770,0.000000,,0
0,764,-0.572445,0.099139,-0.669927,0.015759,0.021088,8.164790,0.200719,0.513932,0.513932,0.000000,,0
0,765,-0.553426,0.084299,-0.641584,0.016435,0.049432,8.188905,0.201306,0.510621,0.510621,0.000000,,0
0,766,-0.537271,0.072264,-0.619118,0.017450,0.071898,8.209023,0.201625,0.476674,0.476674,0.000000,,0
0,767,-0.517558,0.058229,-0.594530,0.017019,-0.029003,8.235437,0.201826,0.427559,0.427559,0.000000,,0
0,768,-0.497480,0.044578,-0.564418,0.016240,0.001110,8.259705,0.202696,0.515434,0.515434,0.000000,,0
0,769,-0.480443,0.033535,-0.537716,0.016035,0.027811,8.280006,0.203218,0.537241,0.537241,0.000000,,0
0,770,-0.459640,0.020781,-0.506004,0.016401,0.059524,8.304405,0.203529,0.521188,0.521188,0.000000,,0
0,771,-0.442031,0.010612,-0.481455,0.017241,0.084072,8.324722,0.203455,0.474984,0.474984,0.000000,,0
0,772,-0.420617,-0.001031,-0.455257,0.016715,-0.015497,8.351260,0.203203,0.415441,0.415441,0.000000,,0
0,773,-0.402542,-0.010440,-0.428755,0.015912,0.011005,8.371622,0.204050,0.497770,0.497770,0.000000,,0
0,774,-0.380552,-0.021282,-0.394970,0.015481,0.044790,8.396136,0.204407,0.517666,0.517666,0.000000,,0
0,775,-0.361990,-0.029798,-0.367737,0.015692,0.072023,8.416556,0.204256,0.490768,0.490768,0.000000,,0
0,776,-0.339470,-0.039343,-0.337788,0.016660,0.101971,8.440997,0.203842,0.441583,0.441583,0.000000,,0
0,777,-0.316728,-0.048140,-0.312069,0.016164,0.002429,8.467501,0.203192,0.372315,0.372315,0.000000,,0
0,778,-0.297622,-0.055156,-0.287592,0.015400,0.026906,8.487841,0.203587,0.420069,0.420069,0.000000,,0
0,779,-0.274511,-0.063043,-0.257949,0.015045,0.056549,8.512258,0.203455,0.416202,0.416202,0.000000,,0
0,780,-0.255117,-0.069047,-0.235421,0.015333,0.079077,8.532557,0.202969,0.372974,0.372974,0.000000,,0
0,781,-0.231717,-0.075553,-0.212392,0.016381,0.102106,8.556822,0.202343,0.312967,0.312967,0.000000,,0
0,782,-0.212137,-0.080399,-0.197568,0.016120,0.003976,8.579085,0.201677,0.238277,0.238277,0.000000,,0
0,783,-0.188559,-0.085918,-0.177778,0.015110,0.023767,8.603279,0.201770,0.263660,0.263660,0.000000,,0
0,784,-0.168848,-0.090136,-0.162393,0.014656,0.039151,8.623431,0.201534,0.242821,0.242821,0.000000,,0
0,785,-0.145135,-0.094685,-0.146848,0.014625,0.054696,8.647577,0.201177,0.202241,0.202241,0.000000,,0
0,786,-0.121373,-0.098699,-0.135326,0.015129,0.066218,8.671669,0.200792,0.148284,0.148284,0.000000,,0
0,787,-0.101548,-0.101674,-0.129297,0.014402,-0.015887,8.693582,0.200460,0.092225,0.092225,0.000000,,0
0,788,-0.077733,-0.105166,-0.118509,0.012449,-0.005099,8.717573,0.200669,0.138387,0.138387,0.000000,,0
0,789,-0.057863,-0.107952,-0.109492,0.010947,0.003918,8.737581,0.200628,0.137410,0.137410,0.000000,,0
0,790,-0.033994,-0.110998,-0.100111,0.009443,0.013298,8.761595,0.200498,0.118258,0.118258,0.000000,,0
0,791,-0.014089,-0.113279,-0.094136,0.008446,0.019274,8.781607,0.200351,0.089784,0.089784,0.000000,,0
0,792,0.009811,-0.115769,-0.088997,0.006644,-0.038353,0.013704,0.200234,0.064101,0.064101,0.000000,,0
0,793,0.029739,-0.117793,-0.080084,0.004640,-0.029439,0.033635,0.200375,0.134452,0.134452,0.000000,,0
0,794,0.053673,-0.120201,-0.068393,0.002254,-0.017748,0.057571,0.200473,0.144748,0.144748,0.000000,,0
0,795,0.077624,-0.122311,-0.058282,0.000167,-0.007637,0.081524,0.200351,0.124037,0.124037,0.000000,,0
0,796,0.097594,-0.123790,-0.051843,-0.001292,-0.001199,0.101495,0.200232,0.094082,0.094082,0.000000,,0
0,797,0.121565,-0.125297,-0.046216,-0.002797,-0.033154,0.125465,0.200147,0.068263,0.068263,0.000000,,0
0,798,0.141548,-0.126497,-0.036406,-0.003997,-0.023344,0.145448,0.200223,0.143880,0.143880,0.000000,,0
0,799,0.165537,-0.127915,-0.023758,-0.005415,-0.010695,0.169437,0.200252,0.152032,0.152032,0.000000,,0
0,800,0.185533,-0.128828,-0.014955,-0.006328,-0.001892,0.189433,0.200150,0.125732,0.125732,0.000000,,0
0,801,0.209531,-0.129568,-0.006973,-0.007068,-0.006781,0.213432,0.200068,0.094106,0.094106,0.000000,,0
0,802,0.229531,-0.130045,-0.000226,-0.007545,-0.000033,0.233431,0.200044,0.095553,0.095553,0.000000,,0
0,803,0.253531,-0.130375,0.006535,-0.007875,0.006728,0.257431,0.200007,0.079620,0.079620,0.000000,,0
0,804,0.277530,-0.130446,0.011284,-0.007946,0.011476,0.281430,0.199988,0.056035,0.056035,0.000000,,0
0,805,0.297529,-0.130339,0.013675,-0.007839,0.013868,0.301429,0.199986,0.033851,0.033851,0.000000,,0
0,806,0.321526,-0.130084,0.015200,-0.007584,0.015200,0.325426,0.199990,0.017991,0.017991,0.000000,,0
0,807,0.341524,-0.129805,0.015713,-0.007305,0.015713,0.345424,0.199996,0.007216,0.007216,0.000000,,0
0,808,0.365521,-0.129431,0.015774,-0.006931,0.015774,0.369421,0.200000,0.000680,0.000680,0.000000,,0
0,809,0.385518,-0.129118,0.015559,-0.006618,0.015559,0.389418,0.200000,-0.003115,-0.003115,0.000000,,0
0,810,0.409515,-0.128743,0.015150,-0.006243,0.015150,0.413415,0.200001,-0.004883,-0.004883,0.000000,,0
0,811,0.429513,-0.128430,0.014769,-0.005930,0.014769,0.433413,0.200003,-0.005441,-0.005441,0.000000,,0
0,812,0.453511,-0.128056,0.014314,-0.005556,0.014314,0.457411,0.200003,-0.005418,-0.005418,0.000000,,0
0,813,0.477508,-0.127692,0.013884,-0.005192,0.013884,0.481408,0.200003,-0.005101,-0.005101,0.000000,,0
0,814,0.497506,-0.127398,0.013554,-0.004898,0.013554,0.501406,0.200003,-0.004705,-0.004705,0.000000,,0
0,815,0.521504,-0.127055,0.013186,-0.004555,0.013186,0.525404,0.200002,-0.004371,-0.004371,0.000000,,0
0,816,0.541503,-0.126777,0.012900,-0.004277,0.012900,0.545403,0.200002,-0.004078,-0.004078,0.000000,,0
0,817,0.565501,-0.126452,0.012575,-0.003952,0.012575,0.569401,0.200002,-0.003864,-0.003864,0.000000,,0
0,818,0.585499,-0.126188,0.012316,-0.003688,0.012316,0.589399,0.200002,-0.003693,-0.003693,0.000000,,0
0,819,0.609497,-0.125878,0.012015,-0.003378,0.012015,0.613397,0.200002,-0.003568,-0.003568,0.000000,,0
0,820,0.629496,-0.125625,0.011772,-0.003125,0.011772,0.633396,0.200002,-0.003472,-0.003472,0.000000,,0
0,821,0.653494,-0.125329,0.011486,-0.002829,0.011486,0.657394,0.200002,-0.003392,-0.003392,0.000000,,0
0,822,0.677493,-0.125040,0.011207,-0.002540,0.011207,0.681393,0.200002,-0.003311,-0.003311,0.000000,,0
0,823,0.697491,-0.124805,0.010980,-0.002305,0.010980,0.701392,0.200002,-0.003231,-0.003231,0.000000,,0
0,824,0.721490,-0.124528,0.010714,-0.002028,0.010714,0.725390,0.200001,-0.003161,-0.003161,0.000000,,0
0,825,0.741489,-0.124301,0.010448,-0.001801,0.010448,0.745389,0.200002,-0.003786,-0.003786,0.000000,,0
0,826,0.765488,-0.124035,0.010120,-0.001535,0.010120,0.769388,0.200002,-0.003895,-0.003895,0.000000,,0
0,827,0.785487,-0.123820,0.009859,-0.001320,0.009859,0.789387,0.200002,-0.003714,-0.003714,0.000000,,0
0,828,0.809486,-0.123569,0.009567,-0.001069,0.009567,0.813386,0.200001,-0.003464,-0.003464,0.000000,,0
0,829,0.829485,-0.123363,0.009163,-0.000863,0.009163,0.833385,0.200002,-0.005763,-0.005763,0.000000,,0
0,830,0.853484,-0.123119,0.008637,-0.000619,0.008637,0.857384,0.200002,-0.006241,-0.006241,0.000000,,0
0,831,0.877483,-0.122888,0.008157,-0.000388,0.008157,0.881383,0.200002,-0.005680,-0.005680,0.000000,,0
0,832,0.897482,-0.122709,0.007823,-0.000209,0.007823,0.901382,0.200002,-0.004740,-0.004740,0.000000,,0
0,833,0.921482,-0.122505,0.007494,-0.000005,0.007494,0.925382,0.200001,-0.003884,-0.003884,0.000000,,0
0,834,0.941481,-0.122339,0.006905,0.000161,0.006905,0.945381,0.200002,-0.008416,-0.008416,0.000000,,0
0,835,0.965480,-0.122140,0.006101,0.000360,0.006101,0.969381,0.200003,-0.009509,-0.009509,0.000000,,0
0,836,0.985480,-0.121988,0.005501,0.000512,0.005501,0.989380,0.200002,-0.008509,-0.008509,0.000000,,0
0,837,1.009480,-0.121828,0.004916,0.000672,0.004916,1.013380,0.200002,-0.006901,-0.006901,0.000000,,0
0,838,1.029480,-0.121700,0.003970,0.000800,0.003970,1.033380,0.200002,-0.013472,-0.013472,0.000000,,0
0,839,1.053479,-0.121550,0.002710,0.000950,0.002710,1.057380,0.200003,-0.014878,-0.014878,0.000000,,0
0,840,1.077479,-0.121432,0.001608,0.001068,0.001608,1.081379,0.200002,-0.012969,-0.012969,0.000000,,0
0,841,1.097479,-0.121365,0.000922,0.001135,0.000922,1.101379,0.200001,-0.009677,-0.009677,0.000000,,0
0,842,1.121479,-0.121317,0.000365,0.001183,0.000365,1.125379,0.200000,-0.006539,-0.006539,0.000000,,0
0,843,1.141479,-0.121282,-0.000624,0.001218,-0.000624,1.145379,0.200000,-0.014056,-0.014056,0.000000,,0
0,844,1.165479,-0.121240,-0.001980,0.001260,-0.001980,1.169379,0.200000,-0.015986,-0.015986,0.000000,,0
0,845,1.185479,-0.121230,-0.002977,0.001270,-0.002977,1.189379,0.199999,-0.014090,-0.014090,0.000000,,0
0,846,1.209479,-0.121257,-0.003900,0.001243,-0.004093,1.213379,0.199999,-0.010869,-0.010869,0.000000,,0
0,847,1.229479,-0.121289,-0.002655,0.001211,-0.002848,1.233379,0.200000,0.017915,0.017915,0.000000,,0
0,848,1.253479,-0.121328,0.000200,0.001172,0.000007,1.257379,0.200000,0.033766,0.033766,0.000000,,0
0,849,1.277479,-0.121366,0.003457,0.001134,0.003264,1.281379,0.199999,0.038426,0.038426,0.000000,,0
0,850,1.297479,-0.121398,0.005942,0.001102,0.005749,1.301379,0.199997,0.035176,0.035176,0.000000,,0
0,851,1.321478,-0.121371,0.008341,0.001129,-0.004721,1.325378,0.199994,0.028320,0.028320,0.000000,,0
0,852,1.341477,-0.121323,0.014991,0.001177,0.001929,1.345377,0.199979,0.095843,0.095843,0.000000,,0
0,853,1.365472,-0.121266,0.026289,0.001234,0.013227,1.369372,0.199934,0.135269,0.135269,0.000000,,0
0,854,1.385462,-0.121204,0.036496,0.001296,0.023434,1.389362,0.199874,0.147407,0.147407,0.000000,,0
0,855,1.409440,-0.120876,0.048143,0.001615,-0.002502,1.413342,0.199810,0.141020,0.141020,0.000000,,0
0,856,1.429409,-0.120482,0.063902,0.001989,0.013257,1.433311,0.199642,0.233066,0.233066,0.000000,,0
0,857,1.453340,-0.119936,0.086833,0.002512,0.036189,1.457243,0.199360,0.284540,0.284540,0.000000,,0
0,858,1.477223,-0.118920,0.110398,0.003506,0.059753,1.481127,0.199097,0.296353,0.296353,0.000000,,0
0,859,1.497081,-0.117557,0.128498,0.004849,0.077853,1.500985,0.198970,0.276584,0.276584,0.000000,,0
0,860,1.520853,-0.115290,0.146990,0.006005,0.033581,1.525175,0.198946,0.238067,0.238067,0.000000,,0
0,861,1.540610,-0.113147,0.165387,0.006872,0.051977,1.545029,0.198614,0.288720,0.288720,0.000000,,0
0,862,1.564234,-0.110165,0.188604,0.008329,0.075195,1.568797,0.198350,0.307108,0.307108,0.000000,,0
0,863,1.583845,-0.107200,0.206947,0.010026,0.093537,1.588557,0.198276,0.294721,0.294721,0.000000,,0
0,864,1.607283,-0.103042,0.226383,0.012668,0.112973,1.612215,0.198329,0.263216,0.263216,0.000000,,0
0,865,1.626743,-0.099086,0.239433,0.013744,0.037888,1.633694,0.198564,0.213840,0.213840,0.000000,,0
0,866,1.650006,-0.094066,0.257724,0.014321,0.056180,1.657485,0.198242,0.253350,0.253350,0.000000,,0
0,867,1.673155,-0.088640,0.276561,0.015319,0.075017,1.681240,0.198103,0.263627,0.263627,0.000000,,0
0,868,1.692354,-0.083733,0.291299,0.016547,0.089754,1.701019,0.198150,0.249887,0.249887,0.000000,,0
0,869,1.715289,-0.077377,0.306817,0.018498,0.105273,1.724738,0.198316,0.221233,0.221233,0.000000,,0
0,870,1.734323,-0.071705,0.317186,0.019235,0.002688,1.747007,0.198614,0.178585,0.178585,0.000000,,0
0,871,1.757059,-0.064730,0.334932,0.018838,0.020434,1.770786,0.197994,0.258709,0.258709,0.000000,,0
0,872,1.775891,-0.058709,0.352053,0.018741,0.037556,1.790557,0.197654,0.301984,0.301984,0.000000,,0
0,873,1.798330,-0.051066,0.373391,0.019070,0.058893,1.814259,0.197532,0.316980,0.316980,0.000000,,0
0,874,1.816890,-0.044279,0.390316,0.019786,0.075818,1.834007,0.197626,0.305102,0.305102,0.000000,,0
0,875,1.839001,-0.035633,0.408532,0.020216,-0.031228,1.860322,0.197860,0.276570,0.276570,0.000000,,0
0,876,1.860910,-0.026633,0.432585,0.019015,-0.007174,1.883977,0.197211,0.371755,0.371755,0.000000,,0
0,877,1.878974,-0.018785,0.454853,0.018413,0.015093,1.903663,0.196965,0.418150,0.418150,0.000000,,0
0,878,1.900389,-0.008785,0.481902,0.018327,0.042142,1.927298,0.197038,0.429509,0.429509,0.000000,,0
0,879,1.918013,0.000073,0.503088,0.018824,0.063328,1.947016,0.197316,0.409730,0.409730,0.000000,,0
0,880,1.938906,0.011296,0.525859,0.019492,-0.039668,1.973166,0.197729,0.372161,0.372161,0.000000,,0
0,881,1.956090,0.021028,0.548506,0.018511,-0.017022,1.992890,0.197486,0.452330,0.452330,0.000000,,0
0,882,1.976387,0.033262,0.577325,0.017976,0.011798,2.016583,0.197673,0.487070,0.487070,0.000000,,0
0,883,1.993017,0.043985,0.600723,0.018128,0.035196,2.036370,0.198040,0.482670,0.482670,0.000000,,0
0,884,2.012638,0.057462,0.626781,0.019006,0.061254,2.060157,0.198556,0.455456,0.455456,0.000000,,0
0,885,2.031913,0.071536,0.649725,0.020302,-0.041290,2.086543,0.199060,0.407783,0.407783,0.000000,,0
0,886,2.047705,0.083672,0.671713,0.019596,-0.019302,2.106448,0.199320,0.478592,0.478592,0.000000,,0
0,887,2.066285,0.098788,0.699213,0.019412,0.008198,2.130399,0.199888,0.506414,0.506414,0.000000,,0
0,888,2.081481,0.111828,0.721660,0.019783,0.030645,2.150419,0.200552,0.498025,0.498025,0.000000,,0
0,889,2.099439,0.127912,0.747645,0.020742,0.056630,2.174508,0.201108,0.468857,0.468857,0.000000,,0
0,890,2.114067,0.141654,0.767505,0.022015,0.076490,2.194538,0.200474,0.420100,0.420100,0.000000,,0
0,891,2.131192,0.158495,0.788444,0.021434,-0.028120,2.221350,0.199956,0.361987,0.361987,0.000000,,0
0,892,2.145146,0.172776,0.808998,0.021032,-0.007565,2.241312,0.199425,0.430082,0.430082,0.000000,,0
0,893,2.161487,0.190198,0.834750,0.021039,0.018187,2.265198,0.199026,0.458496,0.458496,0.000000,,0
0,894,2.177378,0.208087,0.859547,0.021693,0.042984,2.289118,0.199726,0.452493,0.452493,0.000000,,0
0,895,2.190300,0.223353,0.878484,0.022718,0.061920,2.309092,0.200181,0.421648,0.421648,0.000000,,0
0,896,2.205497,0.241982,0.899078,0.021928,-0.043469,2.335966,0.200505,0.377785,0.377785,0.000000,,0
0,897,2.217899,0.257765,0.920093,0.021184,-0.022453,2.356025,0.201005,0.457134,0.457134,0.000000,,0
0,898,2.232449,0.277057,0.947774,0.020769,0.005228,2.380185,0.201608,0.492346,0.492346,0.000000,,0
0,899,2.244246,0.293433,0.971121,0.020864,0.028574,2.400367,0.202004,0.489144,0.489144,0.000000,,0
0,900,2.257979,0.313424,0.998111,0.021520,0.055564,2.424612,0.202303,0.462971,0.462971,0.000000,,0
0,901,2.269055,0.330341,1.018643,0.020546,-0.049643,2.447534,0.202318,0.415603,0.415603,0.000000,,0
0,902,2.282000,0.350955,1.048148,0.019130,-0.020137,2.471834,0.203127,0.490905,0.490905,0.000000,,0
0,903,2.294492,0.371935,1.079736,0.018289,0.011451,2.496236,0.203650,0.514397,0.514397,0.000000,,0
0,904,2.304470,0.389691,1.105802,0.018097,0.037517,2.516603,0.203791,0.499587,0.499587,0.000000,,0
0,905,2.315882,0.411297,1.135323,0.018504,0.067038,2.541034,0.203716,0.463018,0.463018,0.000000,,0
0,906,2.324895,0.429520,1.157264,0.017370,-0.036505,2.563678,0.203348,0.405891,0.405891,0.000000,,0
0,907,2.335351,0.451642,1.188379,0.015764,-0.005390,2.588093,0.204055,0.473253,0.473253,0.000000,,0
0,908,2.343668,0.470296,1.215776,0.014875,0.022007,2.608498,0.204277,0.490276,0.490276,0.000000,,0
0,909,2.353041,0.492929,1.248270,0.014464,0.054502,2.632992,0.204156,0.475309,0.475309,0.000000,,0
0,910,2.360277,0.511974,1.273343,0.014724,0.079574,2.653364,0.203719,0.431934,0.431934,0.000000,,0
0,911,2.368256,0.535010,1.299818,0.013739,-0.019741,2.679557,0.203117,0.373802,0.373802,0.000000,,0
0,912,2.375826,0.558230,1.331264,0.012185,0.011706,2.703930,0.203566,0.437551,0.437551,0.000000,,0
0,913,2.381710,0.577721,1.358908,0.011336,0.039350,2.724273,0.203535,0.452444,0.452444,0.000000,,0
0,914,2.388094,0.601262,1.391484,0.011010,0.071926,2.748661,0.203145,0.435703,0.435703,0.000000,,0
0,915,2.392762,0.620983,1.416272,0.011396,0.096714,2.768924,0.202566,0.390247,0.390247,0.000000,,0
0,916,2.397570,0.644741,1.441826,0.010684,-0.003496,2.794594,0.201901,0.329661,0.329661,0.000000,,0
0,917,2.401282,0.664605,1.467401,0.009503,0.022078,2.814767,0.202068,0.391233,0.391233,0.000000,,0
0,918,2.405261,0.688513,1.500331,0.008567,0.055008,2.838986,0.201799,0.411070,0.411070,0.000000,,0
0,919,2.407972,0.708480,1.527075,0.008392,0.081752,2.859135,0.201343,0.392456,0.392456,0.000000,,0
0,920,2.410409,0.732469,1.556326,0.008996,0.111003,2.883240,0.200767,0.350745,0.350745,0.000000,,0
0,921,2.411923,0.756468,1.580655,0.008777,0.009859,2.908458,0.200259,0.287016,0.287016,0.000000,,0
0,922,2.412864,0.776463,1.604747,0.007836,0.033951,2.928453,0.200041,0.346281,0.346281,0.000000,,0
0,923,2.413455,0.800433,1.634846,0.007245,0.064050,2.952423,0.199617,0.366374,0.366374,0.000000,,0
0,924,2.413308,0.820375,1.658429,0.007392,0.087633,2.972366,0.199290,0.350345,0.350345,0.000000,,0
0,925,2.412333,0.844255,1.683318,0.008367,0.112522,2.996245,0.199042,0.312813,0.312813,0.000000,,0
0,926,2.410864,0.864109,1.700068,0.008976,0.003798,3.017288,0.199024,0.255552,0.255552,0.000000,,0
0,927,2.408801,0.887867,1.725479,0.008030,0.029209,3.041117,0.198561,0.329617,0.329617,0.000000,,0
0,928,2.406722,0.907592,1.748285,0.007608,0.052015,3.060947,0.198228,0.359604,0.359604,0.000000,,0
0,929,2.403592,0.931155,1.775167,0.007746,0.078897,3.084717,0.197984,0.358537,0.358537,0.000000,,0
0,930,2.399688,0.954595,1.799457,0.008667,0.103187,3.108461,0.197948,0.328989,0.328989,0.000000,,0
0,931,2.395842,0.974035,1.816422,0.009653,-0.005612,3.129465,0.198137,0.278912,0.278912,0.000000,,0
0,932,2.390905,0.997238,1.842064,0.008661,0.020030,3.153167,0.197517,0.357949,0.357949,0.000000,,0
0,933,2.386405,1.016444,1.865111,0.008241,0.043077,3.172888,0.197189,0.391052,0.391052,0.000000,,0
0,934,2.380370,1.039314,1.892425,0.008395,0.070390,3.196541,0.197073,0.391977,0.391977,0.000000,,0
0,935,2.374757,1.058222,1.913251,0.009126,0.091217,3.216251,0.197218,0.363793,0.363793,0.000000,,0
0,936,2.367359,1.080740,1.934907,0.010689,0.112873,3.239901,0.197517,0.319300,0.319300,0.000000,,0
0,937,2.360685,1.099377,1.949422,0.010178,0.001598,3.261026,0.197965,0.259355,0.259355,0.000000,,0
0,938,2.352383,1.121578,1.971505,0.009751,0.023681,3.284725,0.197417,0.334479,0.334479,0.000000,,0
0,939,2.343627,1.143563,1.995520,0.009826,0.047696,3.308389,0.197214,0.368267,0.368267,0.000000,,0
0,940,2.335885,1.161704,2.015268,0.010369,0.067443,3.328106,0.197276,0.368176,0.368176,0.000000,,0
0,941,2.326037,1.183257,2.037287,0.011618,0.089463,3.351769,0.197521,0.346516,0.346516,0.000000,,0
0,942,2.317382,1.201048,2.053247,0.011243,-0.020060,3.373042,0.197884,0.304833,0.304833,0.000000,,0
0,943,2.306632,1.222174,2.077438,0.010487,0.004131,3.396733,0.197458,0.391680,0.391680,0.000000,,0
0,944,2.297290,1.239555,2.099325,0.010302,0.026017,3.416465,0.197402,0.430908,0.430908,0.000000,,0
0,945,2.285509,1.260120,2.125557,0.010721,0.052250,3.440161,0.197641,0.436885,0.436885,0.000000,,0
0,946,2.275203,1.277012,2.145943,0.011615,0.072635,3.459930,0.197996,0.413528,0.413528,0.000000,,0
0,947,2.262299,1.297008,2.167748,0.011890,-0.031299,3.485262,0.198436,0.373781,0.373781,0.000000,,0
0,948,2.248891,1.316679,2.194032,0.011159,-0.005014,3.509057,0.198485,0.459442,0.459442,0.000000,,0
0,949,2.237270,1.332783,2.217158,0.011081,0.018112,3.528916,0.198796,0.492841,0.492841,0.000000,,0
0,950,2.222737,1.351744,2.244399,0.011678,0.045353,3.552799,0.199339,0.492183,0.492183,0.000000,,0
0,951,2.210160,1.367244,2.265390,0.012728,0.066344,3.572732,0.199803,0.462888,0.462888,0.000000,,0
0,952,2.194599,1.385529,2.288001,0.013505,-0.037028,3.598424,0.200353,0.418786,0.418786,0.000000,,0
0,953,2.181283,1.400551,2.311148,0.012935,-0.013881,3.618490,0.201135,0.505391,0.505391,0.000000,,0
0,954,2.164830,1.418180,2.341615,0.012869,0.016586,3.642603,0.200511,0.539042,0.539042,0.000000,,0
0,955,2.150726,1.432367,2.367156,0.013444,0.042128,3.662601,0.199703,0.529786,0.529786,0.000000,,0
0,956,2.133459,1.448907,2.395395,0.014716,0.070366,3.686477,0.198864,0.496667,0.496667,0.000000,,0
0,957,2.115776,1.464982,2.419945,0.015811,-0.030633,3.712352,0.199446,0.442966,0.442966,0.000000,,0
0,958,2.100638,1.478021,2.443395,0.015405,-0.007182,3.732327,0.200079,0.521323,0.521323,0.000000,,0
0,959,2.082030,1.493267,2.473122,0.015506,0.022544,3.756383,0.200797,0.546608,0.546608,0.000000,,0
0,960,2.066186,1.505646,2.497662,0.016057,0.047085,3.776482,0.201307,0.530567,0.530567,0.000000,,0
0,961,2.046796,1.520091,2.525546,0.017274,0.074969,3.800631,0.201736,0.492948,0.492948,0.000000,,0
0,962,2.030355,1.531777,2.546447,0.018741,0.095869,3.820749,0.201852,0.435609,0.435609,0.000000,,0
0,963,2.010338,1.545388,2.568076,0.017830,-0.007989,3.847291,0.201830,0.370168,0.370168,0.000000,,0
0,964,1.993421,1.556470,2.590318,0.017528,0.014253,3.867513,0.202533,0.451851,0.451851,0.000000,,0
0,965,1.972800,1.569412,2.619222,0.017639,0.043157,3.891859,0.203060,0.480099,0.480099,0.000000,,0
0,966,1.951834,1.581845,2.647788,0.018363,0.071723,3.916223,0.203267,0.465249,0.465249,0.000000,,0
0,967,1.934122,1.591775,2.669738,0.019460,0.093673,3.936499,0.203134,0.421698,0.421698,0.000000,,0
0,968,1.912621,1.603170,2.692868,0.018190,-0.008964,3.963224,0.202839,0.364860,0.364860,0.000000,,0
0,969,1.894499,1.612404,2.717200,0.017564,0.015367,3.983554,0.203720,0.455737,0.455737,0.000000,,0
0,970,1.872477,1.623104,2.748881,0.017275,0.047048,4.008036,0.204120,0.484488,0.484488,0.000000,,0
0,971,1.853904,1.631540,2.774717,0.017564,0.072884,4.028433,0.204024,0.465195,0.465195,0.000000,,0
0,972,1.831382,1.641025,2.803318,0.018587,0.101485,4.052526,0.203658,0.421723,0.421723,0.000000,,0
0,973,1.812450,1.648368,2.823837,0.017270,-0.003257,4.075460,0.203059,0.357036,0.357036,0.000000,,0
0,974,1.789547,1.656838,2.852938,0.016297,0.025843,4.099859,0.203563,0.417159,0.417159,0.000000,,0
0,975,1.766443,1.664744,2.882447,0.015923,0.055352,4.124275,0.203446,0.414624,0.414624,0.000000,,0
0,976,1.747056,1.670766,2.904921,0.016191,0.077827,4.144575,0.202970,0.372400,0.372400,0.000000,,0
0,977,1.723663,1.677300,2.927943,0.017211,0.100848,4.168300,0.202351,0.313121,0.313121,0.000000,,0
0,978,1.704087,1.682170,2.942797,0.015886,0.002749,4.191144,0.201688,0.238969,0.238969,0.000000,,0
0,979,1.680514,1.687724,2.962810,0.014841,0.022762,4.215339,0.201799,0.266833,0.266833,0.000000,,0
0,980,1.660806,1.691973,2.978454,0.014357,0.038406,4.235494,0.201568,0.247068,0.247068,0.000000,,0
0,981,1.637095,1.696553,2.994338,0.014294,0.054290,4.259643,0.201208,0.206738,0.206738,0.000000,,0
0,982,1.617298,1.699937,3.004206,0.014676,0.064158,4.279725,0.200825,0.152409,0.152409,0.000000,,0
0,983,1.593511,1.703566,3.011995,0.013031,-0.016188,4.305543,0.200500,0.099563,0.099563,0.000000,,0
0,984,1.569696,1.707095,3.023346,0.011041,-0.004837,4.329537,0.200707,0.145578,0.145578,0.000000,,0
0,985,1.549825,1.709894,3.032748,0.009526,0.004565,4.349547,0.200654,0.143224,0.143224,0.000000,,0
0,986,1.525954,1.712940,3.042474,0.008022,0.014291,4.373563,0.200514,0.122546,0.122546,0.000000,,0
0,987,1.506047,1.715211,3.048638,0.007036,0.020455,4.393576,0.200360,0.092539,0.092539,0.000000,,0
0,988,1.482145,1.717678,3.053906,0.004742,-0.037042,4.417931,0.200237,0.065661,0.065661,0.000000,,0
0,989,1.462214,1.719682,3.062943,0.002758,-0.028005,4.437864,0.200378,0.136169,0.136169,0.000000,,0
0,990,1.438278,1.722065,3.074759,0.000398,-0.016190,4.461803,0.200470,0.146147,0.146147,0.000000,,0
0,991,1.418317,1.723813,3.083251,-0.001330,-0.007697,4.481765,0.200354,0.124926,0.124926,0.000000,,0
0,992,1.394352,1.725589,3.091306,-0.003089,-0.037224,4.505728,0.200238,0.098140,0.098140,0.000000,,0
0,993,1.370375,1.727269,3.105040,-0.004769,-0.023491,4.529705,0.200351,0.167474,0.167474,0.000000,,0
0,994,1.350385,1.728560,3.116393,-0.006060,-0.012137,4.549696,0.200289,0.163741,0.163741,0.000000,,0
0,995,1.326390,1.729709,3.127817,-0.007209,-0.000714,4.573691,0.200162,0.135787,0.135787,0.000000,,0
0,996,1.306391,1.730327,3.134685,-0.007827,0.006154,4.593690,0.200072,0.097288,0.097288,0.000000,,0
0,997,1.282391,1.730757,3.140196,-0.008257,-0.001204,4.617690,0.200023,0.064783,0.064783,0.000000,,0
0,998,1.262391,1.731034,-3.137934,-0.008534,0.003851,4.637689,0.200013,0.071545,0.071545,0.000000,,0
0,999,1.238392,1.731197,-3.132702,-0.008697,0.009083,4.661689,0.199994,0.061760,0.061760,0.000000,,0
0,1000,1.218393,1.731176,-3.129574,-0.008676,0.012211,4.681688,0.199987,0.044322,0.044322,0.000000,,0
0,1001,1.194395,1.731003,-3.127144,-0.008503,0.014448,4.705686,0.199986,0.028735,0.028735,0.000000,,0
0,1002,1.170397,1.730721,-3.125799,-0.008221,0.015794,4.729683,0.199991,0.015895,0.015895,0.000000,,0
0,1003,1.150400,1.730427,-3.125352,-0.007927,0.016241,4.749680,0.199996,0.006290,0.006290,0.000000,,0
0,1004,1.126403,1.730039,-3.125316,-0.007539,0.016276,4.773677,0.200000,0.000382,0.000382,0.000000,,0
0,1005,1.106406,1.729715,-3.125532,-0.007215,0.016061,4.793675,0.200000,-0.003114,-0.003114,0.000000,,0
0,1006,1.082409,1.729326,-3.125932,-0.006826,0.015660,4.817672,0.200002,-0.004784,-0.004784,0.000000,,0
0,1007,1.062411,1.729002,-3.126307,-0.006502,0.015286,4.837669,0.200003,-0.005355,-0.005355,0.000000,,0
0,1008,1.038414,1.728615,-3.126759,-0.006115,0.014834,4.861667,0.200003,-0.005381,-0.005381,0.000000,,0
0,1009,1.018416,1.728300,-3.127118,-0.005800,0.014475,4.881664,0.200003,-0.005124,-0.005124,0.000000,,0
0,1010,0.994419,1.727934,-3.127524,-0.005434,0.014069,4.905662,0.200003,-0.004820,-0.004820,0.000000,,0
0,1011,0.970421,1.727578,-3.127902,-0.005078,0.013691,4.929660,0.200003,-0.004498,-0.004498,0.000000,,0
0,1012,0.950423,1.727289,-3.128198,-0.004789,0.013395,4.949658,0.200002,-0.004214,-0.004214,0.000000,,0
0,1013,0.926425,1.726952,-3.128535,-0.004452,0.013058,4.973656,0.200002,-0.004004,-0.004004,0.000000,,0
0,1014,0.906426,1.726677,-3.128803,-0.004177,0.012789,4.993654,0.200002,-0.003833,-0.003833,0.000000,,0
0,1015,0.882428,1.726355,-3.129115,-0.003855,0.012477,5.017652,0.200002,-0.003707,-0.003707,0.000000,,0
0,1016,0.862430,1.726093,-3.129369,-0.003593,0.012224,5.037651,0.200002,-0.003608,-0.003608,0.000000,,0
0,1017,0.838432,1.725786,-3.129665,-0.003286,0.011927,5.061649,0.200002,-0.003525,-0.003525,0.000000,,0
0,1018,0.818433,1.725535,-3.129907,-0.003035,0.011686,5.081647,0.200002,-0.003441,-0.003441,0.000000,,0
0,1019,0.794435,1.725241,-3.130190,-0.002741,0.011402,5.105646,0.200002,-0.003367,-0.003367,0.000000,,0
0,1020,0.770436,1.724952,-3.130526,-0.002452,0.011067,5.129644,0.200002,-0.003986,-0.003986,0.000000,,0
0,1021,0.750437,1.724716,-3.130811,-0.002216,0.010782,5.149643,0.200002,-0.004057,-0.004057,0.000000,,0
0,1022,0.726439,1.724442,-3.131139,-0.001942,0.010453,5.173642,0.200002,-0.003900,-0.003900,0.000000,,0
0,1023,0.706440,1.724220,-3.131394,-0.001720,0.010199,5.193641,0.200002,-0.003624,-0.003624,0.000000,,0
0,1024,0.682441,1.723962,-3.131678,-0.001462,0.009915,5.217639,0.200001,-0.003365,-0.003365,0.000000,,0
0,1025,0.662442,1.723749,-3.132077,-0.001249,0.009516,5.237639,0.200002,-0.005696,-0.005696,0.000000,,0
0,1026,0.638443,1.723497,-3.132601,-0.000997,0.008992,5.261638,0.200003,-0.006215,-0.006215,0.000000,,0
0,1027,0.618444,1.723297,-3.133002,-0.000797,0.008591,5.281637,0.200002,-0.005698,-0.005698,0.000000,,0
0,1028,0.594445,1.723071,-3.133417,-0.000571,0.008176,5.305636,0.200002,-0.004908,-0.004908,0.000000,,0
0,1029,0.570445,1.722850,-3.134200,-0.000350,0.007392,5.329635,0.200003,-0.009310,-0.009310,0.000000,,0
0,1030,0.550446,1.722668,-3.134903,-0.000168,0.006689,5.349635,0.200003,-0.009988,-0.009988,0.000000,,0
0,1031,0.526446,1.722471,-3.135665,0.000029,0.005928,5.373634,0.200003,-0.008997,-0.008997,0.000000,,0
0,1032,0.506447,1.722328,-3.136167,0.000172,0.005426,5.393634,0.200002,-0.007100,-0.007100,0.000000,,0
0,1033,0.482447,1.722176,-3.136615,0.000324,0.004977,5.417634,0.200001,-0.005287,-0.005287,0.000000,,0
0,1034,0.462447,1.722054,-3.137461,0.000446,0.004132,5.437633,0.200002,-0.012046,-0.012046,0.000000,,0
0,1035,0.438447,1.721908,-3.138627,0.000592,0.002966,5.461633,0.200003,-0.013774,-0.013774,0.000000,,0
0,1036,0.418447,1.721805,-3.139493,0.000695,0.002100,5.481633,0.200002,-0.012240,-0.012240,0.000000,,0
0,1037,0.394447,1.721716,-3.140313,0.000784,0.001279,5.505633,0.200001,-0.009655,-0.009655,0.000000,,0
0,1038,0.370447,1.721636,3.141437,0.000864,-0.000155,5.529633,0.200001,-0.016956,-0.016956,0.000000,,0
0,1039,0.350447,1.721576,3.140174,0.000924,-0.001419,5.549633,0.200000,-0.017865,-0.017865,0.000000,,0
0,1040,0.326447,1.721547,3.138844,0.000953,-0.002749,5.573633,0.199999,-0.015661,-0.015661,0.000000,,0
0,1041,0.306448,1.721560,3.138024,0.000940,-0.003569,5.593633,0.199999,-0.011573,-0.011573,0.000000,,0
0,1042,0.282448,1.721615,3.137384,0.000885,-0.004401,5.617633,0.199999,-0.007514,-0.007514,0.000000,,0
0,1043,0.262448,1.721668,3.138868,0.000832,-0.002917,5.637633,0.200000,0.021299,0.021299,0.000000,,0
0,1044,0.238448,1.721731,-3.141207,0.000769,0.000193,5.661633,0.200001,0.036763,0.036763,0.000000,,0
0,1045,0.218448,1.721783,-3.138329,0.000717,0.003071,5.681633,0.200000,0.040741,0.040741,0.000000,,0
0,1046,0.194448,1.721842,-3.135125,0.000658,-0.006595,5.705632,0.199996,0.037817,0.037817,0.000000,,0
0,1047,0.170450,1.721878,-3.126226,0.000622,0.002304,5.729631,0.199978,0.106518,0.106518,0.000000,,0
0,1048,0.150454,1.721908,-3.116236,0.000592,0.012295,5.749627,0.199939,0.143523,0.143523,0.000000,,0
0,1049,0.126466,1.721888,-3.103271,0.000612,0.025260,5.773614,0.199861,0.156045,0.156045,0.000000,,0
0,1050,0.106485,1.721614,-3.093235,0.000886,0.035296,5.793595,0.199805,0.145885,0.145885,0.000000,,0
0,1051,0.082519,1.720924,-3.083171,0.001559,0.007777,5.817563,0.199777,0.122610,0.122610,0.000000,,0
0,1052,0.062562,1.720245,-3.069332,0.002219,0.021616,5.837521,0.199605,0.205875,0.205875,0.000000,,0
0,1053,0.038644,1.719373,-3.049040,0.003068,0.041908,5.861440,0.199348,0.252948,0.252948,0.000000,,0
0,1054,0.018746,1.718347,-3.031563,0.004075,0.059385,5.881338,0.199167,0.264243,0.264243,0.000000,,0
0,1055,-0.005081,1.716587,-3.011857,0.005812,0.079091,5.903981,0.199033,0.251074,0.251074,0.000000,,0
0,1056,-0.028853,1.714212,-2.995154,0.006566,0.033028,5.929408,0.199035,0.215081,0.215081,0.000000,,0
0,1057,-0.048613,1.712018,-2.977907,0.007484,0.050276,5.949268,0.198698,0.270637,0.270637,0.000000,,0
0,1058,-0.072247,1.709035,-2.955645,0.008941,0.072538,5.973045,0.198429,0.294115,0.294115,0.000000,,0
0,1059,-0.091868,1.706105,-2.937774,0.010603,0.090408,5.992815,0.198338,0.286663,0.286663,0.000000,,0
0,1060,-0.115324,1.702015,-2.918574,0.013176,0.109608,6.015912,0.198368,0.259514,0.259514,0.000000,,0
0,1061,-0.134799,1.698127,-2.905498,0.013178,0.034551,6.037967,0.198577,0.213904,0.213904,0.000000,,0
0,1062,-0.158080,1.693198,-2.886851,0.013663,0.053198,6.061759,0.198226,0.257829,0.257829,0.000000,,0
0,1063,-0.177393,1.688787,-2.870659,0.014382,0.069390,6.081557,0.198073,0.271247,0.271247,0.000000,,0
0,1064,-0.200457,1.683034,-2.851993,0.015717,0.088056,6.105290,0.198062,0.263232,0.263232,0.000000,,0
0,1065,-0.223400,1.676751,-2.835511,0.017594,0.104538,6.129004,0.198220,0.234806,0.234806,0.000000,,0
0,1066,-0.242437,1.671121,-2.824389,0.017282,0.002705,6.151084,0.198517,0.191519,0.191519,0.000000,,0
0,1067,-0.265169,1.664177,-2.805784,0.016856,0.021311,6.174850,0.197900,0.271248,0.271248,0.000000,,0
0,1068,-0.283993,1.658160,-2.788040,0.016757,0.039055,6.194612,0.197570,0.313152,0.313152,0.000000,,0
0,1069,-0.306417,1.650499,-2.766094,0.017109,0.061000,6.218305,0.197462,0.326357,0.326357,0.000000,,0
0,1070,-0.324959,1.643681,-2.748786,0.017859,0.078309,6.238047,0.197573,0.312452,0.312452,0.000000,,0
0,1071,-0.347045,1.634984,-2.730245,0.017373,-0.028412,6.264056,0.197824,0.281955,0.281955,0.000000,,0
0,1072,-0.365296,1.627465,-2.709992,0.016392,-0.008159,6.283770,0.197176,0.376073,0.376073,0.000000,,0
0,1073,-0.386957,1.618027,-2.682830,0.015694,0.019003,6.307388,0.196933,0.425394,0.425394,0.000000,,0
0,1074,-0.408329,1.607936,-2.655579,0.015709,0.046253,6.331022,0.197036,0.433794,0.433794,0.000000,,0
0,1075,-0.425913,1.598997,-2.634354,0.016297,0.067478,6.350739,0.197337,0.411567,0.411567,0.000000,,0
0,1076,-0.446758,1.587676,-2.611649,0.016157,-0.035584,6.376529,0.197763,0.372068,0.372068,0.000000,,0
0,1077,-0.463900,1.577862,-2.589094,0.015267,-0.013029,6.396261,0.197535,0.451693,0.451693,0.000000,,0
0,1078,-0.484147,1.565531,-2.560410,0.014840,0.015655,6.419964,0.197732,0.486068,0.486068,0.000000,,0
0,1079,-0.500735,1.554732,-2.537132,0.015080,0.038934,6.439756,0.198103,0.481445,0.481445,0.000000,,0
0,1080,-0.520304,1.541168,-2.511218,0.016058,0.064848,6.463546,0.198619,0.454097,0.454097,0.000000,,0
0,1081,-0.536348,1.529408,-2.492183,0.016749,-0.041606,6.485541,0.199058,0.406349,0.406349,0.000000,,0
0,1082,-0.555269,1.514800,-2.465609,0.015956,-0.015031,6.509432,0.199402,0.481893,0.481893,0.000000,,0
0,1083,-0.573783,1.499586,-2.438092,0.015889,0.012485,6.533395,0.199987,0.508301,0.508301,0.000000,,0
0,1084,-0.588939,1.486480,-2.415521,0.016337,0.035056,6.553427,0.200689,0.498800,0.498800,0.000000,,0
0,1085,-0.606837,1.470316,-2.389431,0.017395,0.061147,6.577520,0.200975,0.468660,0.468660,0.000000,,0
0,1086,-0.621386,1.456509,-2.369530,0.018318,-0.044501,6.599880,0.200357,0.419091,0.419091,0.000000,,0
0,1087,-0.638360,1.439546,-2.341142,0.017549,-0.016113,6.623864,0.199601,0.491893,0.491893,0.000000,,0
0,1088,-0.652113,1.425140,-2.316831,0.017378,0.008198,6.643779,0.198819,0.514673,0.514673,0.000000,,0
0,1089,-0.668154,1.407438,-2.288841,0.017795,0.036188,6.667665,0.199474,0.506437,0.506437,0.000000,,0
0,1090,-0.681156,1.392260,-2.267602,0.018701,0.057426,6.687630,0.200104,0.471872,0.471872,0.000000,,0
0,1091,-0.696410,1.373681,-2.244534,0.020292,0.080495,6.711022,0.200528,0.424206,0.424206,0.000000,,0
0,1092,-0.711317,1.354777,-2.224474,0.019128,-0.025428,6.738191,0.200757,0.362969,0.362969,0.000000,,0
0,1093,-0.723491,1.338781,-2.204442,0.018694,-0.005396,6.758288,0.201234,0.430190,0.430190,0.000000,,0
0,1094,-0.737769,1.319259,-2.178382,0.018634,0.020664,6.782474,0.201752,0.458211,0.458211,0.000000,,0
0,1095,-0.749346,1.302717,-2.156617,0.019005,0.042429,6.802661,0.202058,0.451379,0.451379,0.000000,,0
0,1096,-0.762828,1.282558,-2.131710,0.019963,0.067336,6.826775,0.202255,0.423502,0.423502,0.000000,,0
0,1097,-0.773708,1.265525,-2.113005,0.018459,-0.039698,6.849578,0.202197,0.375827,0.375827,0.000000,,0
0,1098,-0.786445,1.244802,-2.085541,0.017278,-0.012233,6.873874,0.202977,0.454363,0.454363,0.000000,,0
0,1099,-0.796747,1.227275,-2.060766,0.016693,0.012541,6.894196,0.203431,0.482804,0.482804,0.000000,,0
0,1100,-0.808627,1.205934,-2.030781,0.016561,0.042526,6.918620,0.203664,0.478086,0.478086,0.000000,,0
0,1101,-0.819919,1.184282,-2.002379,0.017095,0.070929,6.942825,0.203583,0.444212,0.444212,0.000000,,0
0,1102,-0.828846,1.166030,-1.981277,0.015328,-0.033453,6.965448,0.203220,0.389540,0.389540,0.000000,,0
0,1103,-0.839216,1.143884,-1.950945,0.013811,-0.003121,6.989855,0.203949,0.460660,0.460660,0.000000,,0
0,1104,-0.847480,1.125215,-1.924020,0.012977,0.023804,7.010253,0.204196,0.481238,0.481238,0.000000,,0
0,1105,-0.856805,1.102569,-1.891916,0.012616,0.055908,7.034741,0.204097,0.469161,0.469161,0.000000,,0
0,1106,-0.864009,1.083516,-1.867048,0.012908,0.080776,7.055109,0.203681,0.428082,0.428082,0.000000,,0
0,1107,-0.871957,1.060473,-1.840703,0.011278,-0.018669,7.081034,0.203095,0.371722,0.371722,0.000000,,0
0,1108,-0.878283,1.041130,-1.814526,0.009965,0.007508,7.101342,0.203588,0.437709,0.437709,0.000000,,0
0,1109,-0.885392,1.017747,-1.780875,0.008897,0.041159,7.125758,0.203584,0.459355,0.459355,0.000000,,0
0,1110,-0.891757,0.994198,-1.747818,0.008592,0.074216,7.150151,0.203175,0.441549,0.441549,0.000000,,0
0,1111,-0.896398,0.974468,-1.722692,0.009007,0.099342,7.170414,0.202579,0.394937,0.394937,0.000000,,0
0,1112,-0.901161,0.950701,-1.696814,0.007696,-0.000544,7.195748,0.201900,0.333240,0.333240,0.000000,,0
0,1113,-0.904830,0.930830,-1.670993,0.006558,0.025277,7.215923,0.202052,0.394188,0.394188,0.000000,,0
0,1114,-0.908748,0.906915,-1.637817,0.005683,0.058453,7.240141,0.201767,0.413237,0.413237,0.000000,,0
0,1115,-0.911400,0.886944,-1.610921,0.005568,0.085349,7.260286,0.201301,0.393750,0.393750,0.000000,,0
0,1116,-0.913759,0.862953,-1.581559,0.006249,0.114711,7.284384,0.200720,0.351198,0.351198,0.000000,,0
0,1117,-0.914988,0.842953,-1.561286,0.005712,0.009510,7.305217,0.200263,0.286641,0.286641,0.000000,,0
0,1118,-0.916082,0.818961,-1.532103,0.004618,0.038693,7.329210,0.199977,0.350010,0.350010,0.000000,,0
0,1119,-0.916558,0.794997,-1.501975,0.004142,0.068821,7.353174,0.199548,0.367868,0.367868,0.000000,,0
0,1120,-0.916308,0.775062,-1.478486,0.004392,0.092310,7.373109,0.199230,0.350020,0.350020,0.000000,,0
0,1121,-0.915207,0.751194,-1.453807,0.005493,0.116989,7.396977,0.198998,0.311081,0.311081,0.000000,,0
0,1122,-0.913636,0.731350,-1.437284,0.005654,0.008039,7.417624,0.198998,0.252771,0.252771,0.000000,,0
0,1123,-0.911455,0.707606,-1.412160,0.004827,0.033163,7.441454,0.198533,0.326752,0.326752,0.000000,,0
0,1124,-0.909284,0.687894,-1.389581,0.004498,0.055742,7.461283,0.198202,0.356906,0.356906,0.000000,,0
0,1125,-0.906051,0.664347,-1.362941,0.004740,0.082381,7.485049,0.197966,0.356115,0.356115,0.000000,,0
0,1126,-0.902761,0.644820,-1.342842,0.005544,0.102480,7.504835,0.197964,0.326904,0.326904,0.000000,,0
0,1127,-0.898129,0.621498,-1.322308,0.006327,-0.002749,7.529403,0.198106,0.281702,0.281702,0.000000,,0
0,1128,-0.893127,0.598313,-1.296505,0.005402,0.023054,7.553103,0.197483,0.360860,0.360860,0.000000,,0
0,1129,-0.888568,0.579125,-1.273342,0.005042,0.046217,7.572822,0.197157,0.393764,0.393764,0.000000,,0
0,1130,-0.882459,0.556278,-1.245918,0.005275,0.073641,7.596471,0.197047,0.394349,0.394349,0.000000,,0
0,1131,-0.876781,0.537392,-1.225022,0.006074,0.094537,7.616176,0.197198,0.365744,0.365744,0.000000,,0
0,1132,-0.869304,0.514902,-1.203308,0.007720,0.116250,7.637734,0.197505,0.320827,0.320827,0.000000,,0
0,1133,-0.862564,0.496290,-1.188763,0.006839,0.005006,7.660548,0.197958,0.260437,0.260437,0.000000,,0
0,1134,-0.854180,0.474120,-1.166659,0.006500,0.027110,7.684248,0.197414,0.335519,0.335519,0.000000,,0
0,1135,-0.846855,0.455810,-1.146619,0.006593,0.047149,7.703968,0.197206,0.369146,0.369146,0.000000,,0
0,1136,-0.837536,0.434057,-1.122629,0.007277,0.071139,7.727623,0.197255,0.373138,0.373138,0.000000,,0
0,1137,-0.827603,0.412543,-1.100444,0.008619,0.093325,7.751281,0.197515,0.349961,0.349961,0.000000,,0
0,1138,-0.818875,0.394788,-1.084415,0.007929,-0.016130,7.772152,0.197889,0.306891,0.306891,0.000000,,0
0,1139,-0.808033,0.373708,-1.060216,0.007276,0.008069,7.795848,0.197481,0.392797,0.392797,0.000000,,0
0,1140,-0.798613,0.356366,-1.038370,0.007178,0.029915,7.815583,0.197437,0.431204,0.431204,0.000000,,0
0,1141,-0.786738,0.335849,-1.012225,0.007702,0.056060,7.839283,0.197686,0.436536,0.436536,0.000000,,0
0,1142,-0.776357,0.318997,-0.991932,0.008682,0.076353,7.859052,0.198045,0.412691,0.412691,0.000000,,0
0,1143,-0.763367,0.299050,-0.970251,0.008706,-0.027705,7.884002,0.198484,0.372580,0.372580,0.000000,,0
0,1144,-0.752164,0.282672,-0.948430,0.008131,-0.005884,7.903836,0.198474,0.458336,0.458336,0.000000,,0
0,1145,-0.738184,0.263369,-0.920512,0.008079,0.022035,7.927670,0.198863,0.496336,0.496336,0.000000,,0
0,1146,-0.723560,0.244467,-0.893255,0.008783,0.049291,7.951559,0.199419,0.493854,0.493854,0.000000,,0
0,1147,-0.710911,0.229016,-0.872310,0.009921,0.070236,7.971495,0.199885,0.463188,0.463188,0.000000,,0
0,1148,-0.695274,0.210780,-0.849691,0.010486,-0.033127,7.996833,0.200454,0.418074,0.418074,0.000000,,0
0,1149,-0.681900,0.195799,-0.826515,0.009987,-0.009951,8.016909,0.201248,0.504068,0.504068,0.000000,,0
0,1150,-0.665378,0.178254,-0.796032,0.010028,0.020532,8.041009,0.200382,0.537256,0.537256,0.000000,,0
0,1151,-0.651227,0.164130,-0.770592,0.010682,0.045972,8.060992,0.199583,0.527663,0.527663,0.000000,,0
0,1152,-0.633917,0.147655,-0.742589,0.012030,0.073975,8.084851,0.198774,0.494313,0.494313,0.000000,,0
0,1153,-0.619156,0.134281,-0.722268,0.013091,-0.031253,8.106397,0.199432,0.440554,0.440554,0.000000,,0
0,1154,-0.600958,0.118664,-0.694005,0.012645,-0.002990,8.130374,0.200179,0.523614,0.523614,0.000000,,0
0,1155,-0.582286,0.103477,-0.664184,0.012834,0.026831,8.154441,0.200895,0.546617,0.546617,0.000000,,0
0,1156,-0.563175,0.088722,-0.634684,0.013634,0.056331,8.178572,0.201494,0.528945,0.528945,0.000000,,0
0,1157,-0.546936,0.076775,-0.611726,0.014770,0.079289,8.198700,0.201781,0.484578,0.484578,0.000000,,0
0,1158,-0.527122,0.062860,-0.586985,0.015810,-0.021458,8.224881,0.201934,0.427969,0.427969,0.000000,,0
0,1159,-0.510336,0.051554,-0.562161,0.015249,0.003366,8.245111,0.202692,0.508291,0.508291,0.000000,,0
0,1160,-0.489832,0.038387,-0.530366,0.015106,0.035161,8.269479,0.203285,0.531383,0.531383,0.000000,,0
0,1161,-0.468945,0.025768,-0.499165,0.015631,0.066362,8.293876,0.203532,0.510357,0.510357,0.000000,,0
0,1162,-0.451274,0.015715,-0.475230,0.016602,0.090297,8.314184,0.203406,0.461110,0.461110,0.000000,,0
0,1163,-0.429798,0.004208,-0.449934,0.017540,-0.010174,8.340722,0.203110,0.399597,0.399597,0.000000,,0
0,1164,-0.411680,-0.005097,-0.424286,0.016848,0.015473,8.361078,0.203928,0.480236,0.480236,0.000000,,0
0,1165,-0.389653,-0.015826,-0.391541,0.016535,0.048219,8.385577,0.204267,0.500493,0.500493,0.000000,,0
0,1166,-0.371069,-0.024260,-0.365145,0.016830,0.074615,8.405983,0.204115,0.474790,0.474790,0.000000,,0
0,1167,-0.348531,-0.033723,-0.336161,0.017880,0.103599,8.430404,0.203705,0.426808,0.426808,0.000000,,0
0,1168,-0.329584,-0.041034,-0.315507,0.018946,-0.001009,8.453078,0.203073,0.358823,0.358823,0.000000,,0
0,1169,-0.306666,-0.049454,-0.286679,0.018026,0.027819,8.477476,0.203516,0.412620,0.412620,0.000000,,0
0,1170,-0.283552,-0.057297,-0.257707,0.017715,0.056791,8.501883,0.203367,0.406606,0.406606,0.000000,,0
0,1171,-0.264159,-0.063271,-0.235797,0.018030,0.078701,8.522173,0.202881,0.362743,0.362743,0.000000,,0
0,1172,-0.240763,-0.069755,-0.213522,0.019098,0.100976,8.546427,0.202265,0.302846,0.302846,0.000000,,0
0,1173,-0.221188,-0.074596,-0.199289,0.020125,0.002255,8.569108,0.201614,0.228946,0.228946,0.000000,,0
0,1174,-0.197619,-0.080124,-0.180238,0.019107,0.021307,8.593295,0.201713,0.254160,0.254160,0.000000,,0
0,1175,-0.177918,-0.084363,-0.165401,0.018629,0.036143,8.613442,0.201492,0.234590,0.234590,0.000000,,0
0,1176,-0.154217,-0.088958,-0.150389,0.018551,0.051155,8.637584,0.201152,0.195731,0.195731,0.000000,,0
0,1177,-0.134429,-0.092376,-0.141098,0.018897,0.060446,8.657662,0.200789,0.143814,0.143814,0.000000,,0
0,1178,-0.110655,-0.096071,-0.133799,0.019408,-0.020389,8.684133,0.200479,0.093542,0.093542,0.000000,,0
0,1179,-0.086853,-0.099672,-0.123011,0.017345,-0.009601,8.708118,0.200690,0.138778,0.138778,0.000000,,0
0,1180,-0.066994,-0.102545,-0.114006,0.015755,-0.000596,8.728121,0.200647,0.137624,0.137624,0.000000,,0
0,1181,-0.043137,-0.105697,-0.104625,0.014145,0.008785,8.752131,0.200516,0.118615,0.118615,0.000000,,0
0,1182,-0.023240,-0.108069,-0.098624,0.013058,0.014786,8.772139,0.200367,0.090443,0.090443,0.000000,,0
0,1183,0.000649,-0.110668,-0.093425,0.011737,-0.042781,0.004538,0.200247,0.065040,0.065040,0.000000,,0
0,1184,0.020570,-0.112781,-0.084541,0.009642,-0.033896,0.024460,0.200395,0.134364,0.134364,0.000000,,0
0,1185,0.044495,-0.115296,-0.072902,0.007150,-0.022257,0.048388,0.200494,0.144531,0.144531,0.000000,,0
0,1186,0.064448,-0.117159,-0.064497,0.005307,-0.013852,0.068343,0.200378,0.124150,0.124150,0.000000,,0
0,1187,0.088404,-0.119080,-0.056470,0.003409,-0.005825,0.092301,0.200261,0.098203,0.098203,0.000000,,0
0,1188,0.112369,-0.120707,-0.050638,0.001793,-0.037576,0.116269,0.200165,0.070951,0.070951,0.000000,,0
0,1189,0.132348,-0.122004,-0.040731,0.000496,-0.027669,0.136248,0.200250,0.145691,0.145691,0.000000,,0
0,1190,0.156334,-0.123535,-0.028002,-0.001035,-0.014940,0.160234,0.200281,0.153445,0.153445,0.000000,,0
0,1191,0.176328,-0.124535,-0.019133,-0.002035,-0.006071,0.180228,0.200174,0.127036,0.127036,0.000000,,0
0,1192,0.200326,-0.125378,-0.011087,-0.002878,0.001975,0.203900,0.200086,0.095408,0.095408,0.000000,,0
0,1193,0.220325,-0.125823,-0.006615,-0.003323,-0.006423,0.224225,0.200036,0.063208,0.063208,0.000000,,0
0,1194,0.244325,-0.126270,-0.000446,-0.003770,-0.000254,0.248225,0.200026,0.072867,0.072867,0.000000,,0
0,1195,0.264324,-0.126498,0.003929,-0.003998,0.004122,0.268225,0.200007,0.061771,0.061771,0.000000,,0
0,1196,0.288324,-0.126592,0.007848,-0.004092,0.008041,0.292224,0.199995,0.046184,0.046184,0.000000,,0
0,1197,0.312323,-0.126523,0.010357,-0.004023,0.010357,0.316223,0.199991,0.029573,0.029573,0.000000,,0
0,1198,0.332322,-0.126374,0.011515,-0.003874,0.011515,0.336222,0.199993,0.016347,0.016347,0.000000,,0
0,1199,0.356320,-0.126127,0.012144,-0.003627,0.012144,0.360220,0.199996,0.007391,0.007391,0.000000,,0
0,1200,0.376319,-0.125890,0.012245,-0.003390,0.012245,0.380219,0.199999,0.001390,0.001390,0.000000,,0
