episode,step,x,y,yaw,ey,epsi,s,speed,raw_steer,safe_steer,steer_correction,interventions,emergency,joint_envelope_violated,oscillation_persistent,cv_ok,cv_state_available,cv_perception_invalid,cv_ey,cv_epsi,cv_confidence,cv_curvature,cv_lane_width,cv_n_lines,cv_reason
0,1,-2.827353,-1.606627,-0.218859,0.012536,0.086316,19.992133,0.041120,0.414716,0.414716,0.000000,,0,0,0,1,1,0,0.024617,-0.183920,0.6875,0.3478,0.2599,2,ok
0,2,-2.818354,-1.607129,-0.192443,0.014339,0.071954,0.010558,0.104128,0.351942,0.351942,0.000000,,0,0,0,1,1,0,0.031388,-0.172501,0.6667,0.1880,0.2523,2,ok
0,3,-2.801819,-1.609483,-0.178650,0.016399,0.085747,0.027133,0.168405,0.170596,0.170596,0.000000,C-06,0,0,0,1,1,0,0.034631,-0.148740,0.6875,0.1954,0.2517,2,ok
0,4,-2.782863,-1.612841,-0.177741,0.018125,0.086656,0.046306,0.199996,0.000857,0.000857,0.000000,C-06,0,0,0,1,1,0,0.033051,-0.133773,0.6667,0.3530,0.2631,2,ok
0,5,-2.759236,-1.617081,-0.175182,0.019376,0.046494,0.071169,0.200080,0.036208,0.036208,0.000000,,0,0,0,1,1,0,0.033856,-0.151984,0.6250,0.3221,0.2604,2,ok
0,6,-2.739474,-1.620597,-0.122479,0.020199,0.099197,0.091224,0.201506,0.959317,0.959317,0.000000,C-06,0,0,0,1,1,0,0.031788,-0.158012,0.6875,0.3524,0.2622,2,ok
0,7,-2.719583,-1.624112,-0.087270,0.020924,0.091866,0.112276,0.202284,0.495855,0.495855,0.000000,C-06,0,0,0,1,1,0,0.034260,-0.133971,0.7083,0.3334,0.2635,2,ok
0,8,-2.695667,-1.626408,-0.082203,0.022842,0.096933,0.136225,0.200123,0.037008,0.037008,0.000000,C-06,0,0,0,1,1,0,0.040180,-0.092417,0.7500,0.2738,0.2645,2,ok
0,9,-2.675733,-1.628152,-0.081241,0.024608,0.097895,0.156158,0.199993,-0.204559,-0.204559,0.000000,C-06,0,0,0,1,1,0,0.041594,-0.081467,0.7083,0.2463,0.2661,2,ok
0,10,-2.651836,-1.630070,-0.104144,0.026230,0.036209,0.181070,0.199580,-0.293482,-0.293482,0.000000,,0,0,0,1,1,0,0.041184,-0.081803,0.7292,0.2443,0.2655,2,ok
0,11,-2.631942,-1.632138,-0.100531,0.026883,0.039823,0.201060,0.200099,0.088102,0.088102,0.000000,C-06,0,0,0,1,1,0,0.039783,-0.107859,0.7708,0.1902,0.2649,2,ok
0,12,-2.612034,-1.634248,-0.090267,0.027380,0.016108,0.222017,0.200290,0.160088,0.160088,0.000000,,0,0,0,1,1,0,0.038295,-0.121061,0.7083,0.1843,0.2623,2,ok
0,13,-2.592137,-1.636097,-0.116537,0.027561,-0.010161,0.241999,0.199521,-0.476441,-0.476441,0.000000,C-06,0,0,0,1,1,0,0.037563,-0.119498,0.6875,0.2018,0.2662,2,ok
0,14,-2.568395,-1.638289,-0.178266,0.027790,-0.071890,0.265840,0.197778,-0.837926,-0.837926,0.000000,C-06,0,0,0,1,1,0,0.034409,-0.139333,0.6875,0.2117,0.2648,2,ok
0,15,-2.548700,-1.641709,-0.164653,0.025966,-0.088846,0.286580,0.200470,0.332114,0.332114,0.000000,C-06,0,0,0,1,1,0,0.029322,-0.183919,0.6458,0.1499,0.2640,2,ok
0,16,-2.528928,-1.645283,-0.135998,0.023807,-0.060192,0.306556,0.201308,0.456304,0.456304,0.000000,,0,0,0,1,1,0,0.023466,-0.215411,0.6875,0.1611,0.2659,2,ok
0,17,-2.509081,-1.648858,-0.111346,0.021652,-0.035540,0.325826,0.201921,0.370882,0.370882,0.000000,,0,0,0,1,1,0,0.022114,-0.191941,0.7292,0.1777,0.2647,2,ok
0,18,-2.485193,-1.652926,-0.080426,0.018692,-0.031092,0.351179,0.201805,0.391534,0.391534,0.000000,,0,0,0,1,1,0,0.020538,-0.167430,0.7500,0.1957,0.2692,2,ok
0,19,-2.461244,-1.656310,-0.049098,0.016442,0.000236,0.375261,0.201375,0.384795,0.384795,0.000000,,0,0,0,1,1,0,0.020931,-0.137745,0.7083,0.1578,0.2721,2,ok
0,20,-2.441257,-1.658765,-0.017830,0.014524,0.008475,0.395702,0.201275,0.457507,0.457507,0.000000,,0,0,0,1,1,0,0.022035,-0.112413,0.7292,0.1172,0.2659,2,ok
0,21,-2.421259,-1.659440,-0.010995,0.014304,0.015310,0.415711,0.200047,0.062687,0.062687,0.000000,C-06,0,0,0,1,1,0,0.022560,-0.089835,0.7500,0.1038,0.2672,2,ok
0,22,-2.401262,-1.659675,-0.025030,0.014442,-0.018750,0.435982,0.199953,-0.234829,-0.234829,0.000000,C-06,0,0,0,1,1,0,0.022560,-0.089835,0.7500,0.1038,0.2672,2,ok
0,23,-2.377281,-1.659932,-0.053543,0.014277,-0.047263,0.459964,0.199739,-0.353051,-0.353051,0.000000,,0,0,0,1,1,0,0.021248,-0.085798,0.6875,0.1006,0.2659,2,ok
0,24,-2.357298,-1.660937,-0.015442,0.013348,-0.009162,0.479950,0.200258,0.732349,0.732349,0.000000,C-06,0,0,0,1,1,0,0.016625,-0.114811,0.6250,0.0527,0.2662,2,ok
0,25,-2.337305,-1.662019,0.052047,0.012062,0.040732,0.500158,0.200059,1.000000,1.000000,0.000000,C-06,0,0,0,1,1,0,0.019823,-0.091283,0.6667,0.0092,0.2674,2,ok
0,26,-2.317348,-1.661853,0.074117,0.011959,0.062801,0.520116,0.199517,0.256758,0.256758,0.000000,C-06,0,0,0,1,1,0,0.025678,-0.027455,0.6667,0.0154,0.2654,2,ok
0,27,-2.293406,-1.660156,0.062798,0.013204,0.036352,0.544283,0.200142,-0.170536,-0.170536,0.000000,C-06,0,0,0,1,1,0,0.027754,-0.004214,0.7083,0.0127,0.2698,2,ok
0,28,-2.269445,-1.658386,0.050054,0.014279,0.023607,0.568286,0.200287,-0.155071,-0.155071,0.000000,,0,0,0,1,1,0,0.027007,-0.011403,0.7500,0.0192,0.2700,2,ok
0,29,-2.249467,-1.657199,0.045905,0.014888,0.019459,0.587626,0.200108,-0.052158,-0.052158,0.000000,,0,0,0,1,1,0,0.026814,-0.023080,0.7500,-0.0119,0.2683,3,ok
0,30,-2.225488,-1.655851,0.035572,0.015249,-0.003413,0.612480,0.200185,-0.130856,-0.130856,0.000000,,0,0,0,1,1,0,0.025478,-0.035441,0.7083,-0.0146,0.2670,3,ok
0,31,-2.201493,-1.654502,-0.014673,0.015619,-0.053659,0.636510,0.200300,-0.661676,-0.661676,0.000000,C-06,0,0,0,1,1,0,0.023394,-0.040942,0.7083,-0.0164,0.2677,2,ok
0,32,-2.177513,-1.653165,-0.061408,0.015718,-0.111120,0.660717,0.199915,-0.557341,-0.557341,0.000000,,0,0,0,1,1,0,0.018991,-0.076421,0.6875,-0.0409,0.2654,2,ok
0,33,-2.153551,-1.654500,-0.046979,0.013118,-0.096691,0.684574,0.200172,0.241417,0.241417,0.000000,C-06,0,0,0,1,1,0,0.013287,-0.143079,0.6250,-0.1047,0.2636,2,ok
0,34,-2.129566,-1.656021,-0.020025,0.010222,-0.078181,0.708507,0.200356,0.330533,0.330533,0.000000,,0,0,0,1,1,0,0.012646,-0.132031,0.7292,-0.1592,0.2698,2,ok
0,35,-2.109567,-1.657288,0.002565,0.007780,-0.055591,0.728397,0.200401,0.320230,0.320230,0.000000,,0,0,0,1,1,0,0.010179,-0.110626,0.7500,-0.1110,0.2689,2,ok
0,36,-2.085570,-1.658231,0.023714,0.005336,-0.041735,0.752341,0.200028,0.246189,0.246189,0.000000,,0,0,0,1,1,0,0.009787,-0.084078,0.7917,-0.1162,0.2690,2,ok
0,37,-2.061583,-1.658546,0.042415,0.003414,-0.023035,0.776253,0.199829,0.223801,0.223801,0.000000,,0,0,0,1,1,0,0.011315,-0.053328,0.7708,-0.1768,0.2699,2,ok
0,38,-2.037608,-1.657821,0.048836,0.002495,-0.021604,0.800232,0.199885,0.068682,0.068682,0.000000,C-06,0,0,0,1,1,0,0.010040,-0.035537,0.7500,-0.1505,0.2706,2,ok
0,39,-2.017632,-1.656865,0.048499,0.002029,-0.021941,0.820226,0.200002,-0.010546,-0.010546,0.000000,,0,0,0,1,1,0,0.010452,-0.021616,0.7500,-0.1759,0.2733,2,ok
0,40,-1.993655,-1.655694,0.036756,0.001492,-0.033684,0.842570,0.200098,-0.154181,-0.154181,0.000000,,0,0,0,1,1,0,0.011828,-0.019172,0.7292,-0.2462,0.2674,2,ok
0,41,-1.969663,-1.654524,0.013363,0.000798,-0.060902,0.868245,0.200217,-0.290103,-0.290103,0.000000,,0,0,0,1,1,0,0.008722,-0.024197,0.7292,-0.2357,0.2679,2,ok
0,42,-1.945666,-1.654165,0.018022,-0.000696,-0.056244,0.892199,0.199982,0.093844,0.093844,0.000000,C-06,0,0,0,1,1,0,0.006908,-0.041339,0.6875,-0.2622,0.2647,2,ok
0,43,-1.925671,-1.653937,0.029183,-0.002023,-0.047326,0.912150,0.199931,0.165801,0.165801,0.000000,,0,0,0,1,1,0,0.004009,-0.044267,0.7292,-0.2669,0.2640,2,ok
0,44,-1.901684,-1.653570,0.036712,-0.003523,-0.039797,0.936093,0.199903,0.086641,0.086641,0.000000,,0,0,0,1,1,0,0.003428,-0.029787,0.7500,-0.2725,0.2628,2,ok
0,45,-1.877704,-1.653023,0.043792,-0.004845,-0.033003,0.960043,0.199879,0.085584,0.085584,0.000000,,0,0,0,1,1,0,0.001635,-0.017379,0.7917,-0.2490,0.2611,2,ok
0,46,-1.853729,-1.652156,0.047755,-0.005848,-0.029040,0.984012,0.199921,0.045415,0.045415,0.000000,,0,0,0,1,1,0,-0.000191,-0.003994,0.7917,-0.2360,0.2613,2,ok
0,47,-1.829757,-1.651065,0.048946,-0.006633,-0.026983,1.007994,0.199976,0.012562,0.012562,0.000000,,0,0,0,1,1,0,-0.000232,-0.002294,0.7500,-0.2467,0.2605,2,ok
0,48,-1.809781,-1.650135,0.047723,-0.007269,-0.028206,1.027982,0.199988,-0.020903,-0.020903,0.000000,,0,0,0,1,1,0,-0.003668,0.015695,0.7500,-0.1744,0.2628,2,ok
0,49,-1.785804,-1.649020,0.038959,-0.007983,-0.033986,1.052018,0.200061,-0.112374,-0.112374,0.000000,,0,0,0,1,1,0,-0.005016,0.019389,0.7292,-0.1433,0.2655,2,ok
0,50,-1.761814,-1.647905,0.018273,-0.008610,-0.054672,1.076026,0.200179,-0.259291,-0.259291,0.000000,,0,0,0,1,1,0,-0.009300,0.027357,0.7083,-0.0811,0.2657,2,ok
0,51,-1.737818,-1.647451,0.016897,-0.009900,-0.052247,1.099989,0.200001,-0.000852,-0.000852,0.000000,C-06,0,0,0,1,1,0,-0.010924,0.014883,0.6667,-0.0783,0.2672,2,ok
0,52,-1.713823,-1.647041,0.024427,-0.011239,-0.044717,1.123950,0.199971,0.097438,0.097438,0.000000,,0,0,0,1,1,0,-0.012860,0.011350,0.7292,-0.0514,0.2676,2,ok
0,53,-1.693829,-1.646578,0.025435,-0.012233,-0.043710,1.142240,0.199993,0.007264,0.007264,0.000000,,0,0,0,1,1,0,-0.012755,0.020292,0.8333,-0.0373,0.2680,2,ok
0,54,-1.669838,-1.646003,0.027539,-0.013151,-0.035771,1.168026,0.199982,0.026173,0.026173,0.000000,,0,0,0,1,1,0,-0.012282,0.022836,0.7917,-0.0344,0.2678,2,ok
0,55,-1.645849,-1.645428,0.035570,-0.014085,-0.027741,1.191537,0.199934,0.101486,0.101486,0.000000,,0,0,0,1,1,0,-0.011129,0.022742,0.7708,-0.0472,0.2659,2,ok
0,56,-1.625864,-1.644944,0.040895,-0.014778,-0.015743,1.212038,0.199899,0.075087,0.075087,0.000000,,0,0,0,1,1,0,-0.009091,0.031444,0.7500,-0.0528,0.2664,2,ok
0,57,-1.601884,-1.643976,0.039414,-0.015226,-0.017224,1.236034,0.200014,-0.023881,-0.023881,0.000000,,0,0,0,1,1,0,-0.008142,0.036304,0.7292,-0.0427,0.2680,2,ok
0,58,-1.577893,-1.642986,0.012064,-0.015461,-0.034541,1.260194,0.200152,-0.358851,-0.358851,0.000000,C-06,0,0,0,1,1,0,-0.006802,0.037028,0.7500,-0.0573,0.2669,2,ok
0,59,-1.553894,-1.642079,-0.002567,-0.015734,-0.049171,1.284209,0.200103,-0.160852,-0.160852,0.000000,C-06,0,0,0,1,1,0,-0.009015,0.011517,0.7083,-0.0508,0.2673,2,ok
0,60,-1.529894,-1.642086,0.006163,-0.016735,-0.030325,1.308346,0.199997,0.122328,0.122328,0.000000,C-06,0,0,0,1,1,0,-0.009449,-0.001531,0.6875,-0.0601,0.2658,2,ok
0,61,-1.509894,-1.642085,0.009083,-0.017518,-0.027405,1.328330,0.199992,0.036297,0.036297,0.000000,,0,0,0,1,1,0,-0.010124,-0.000977,0.7292,-0.0368,0.2676,2,ok
0,62,-1.485896,-1.642046,0.014771,-0.018182,-0.009918,1.352614,0.199979,0.069763,0.069763,0.000000,,0,0,0,1,1,0,-0.009367,0.004286,0.7917,-0.0362,0.2670,2,ok
0,63,-1.461900,-1.641917,0.019557,-0.018599,-0.005132,1.376607,0.199968,0.056087,0.056087,0.000000,,0,0,0,1,1,0,-0.008707,0.011671,0.7917,-0.0298,0.2678,2,ok
0,64,-1.437907,-1.641723,0.028017,-0.018802,0.013156,1.400794,0.199930,0.103738,0.103738,0.000000,,0,0,0,1,1,0,-0.008116,0.015242,0.7500,-0.0306,0.2674,2,ok
0,65,-1.413917,-1.641126,0.029756,-0.018501,0.014895,1.424790,0.199983,0.014918,0.014918,0.000000,,0,0,0,1,1,0,-0.006265,0.023647,0.7708,-0.0421,0.2667,2,ok
0,66,-1.389923,-1.640459,0.014199,-0.017959,0.007186,1.449012,0.200055,-0.204417,-0.204417,0.000000,C-06,0,0,0,1,1,0,-0.005164,0.026996,0.7292,-0.0567,0.2672,2,ok
0,67,-1.365924,-1.639790,-0.018737,-0.017290,-0.025750,1.473011,0.200048,-0.408640,-0.408640,0.000000,C-06,0,0,0,1,1,0,-0.005870,0.019091,0.7292,-0.0488,0.2671,2,ok
0,68,-1.341928,-1.640155,-0.014834,-0.017655,-0.017303,1.497007,0.200012,0.083438,0.083438,0.000000,C-06,0,0,0,1,1,0,-0.009086,-0.016928,0.6875,-0.0549,0.2671,2,ok
0,69,-1.321929,-1.640529,-0.003768,-0.018029,-0.006237,1.517006,0.200033,0.163654,0.163654,0.000000,,0,0,0,1,1,0,-0.009831,-0.019843,0.7500,-0.0496,0.2650,2,ok
0,70,-1.297930,-1.640977,0.007870,-0.018477,0.007870,1.541006,0.200029,0.135643,0.135643,0.000000,,0,0,0,1,1,0,-0.009857,-0.009749,0.7708,-0.0320,0.2682,2,ok
0,71,-1.273931,-1.641044,0.013361,-0.018544,0.013361,1.565004,0.199983,0.060713,0.060713,0.000000,,0,0,0,1,1,0,-0.008272,0.004018,0.7708,-0.0369,0.2669,2,ok
0,72,-1.249934,-1.640918,0.017451,-0.018418,0.017451,1.589002,0.199975,0.047899,0.047899,0.000000,,0,0,0,1,1,0,-0.007034,0.007800,0.7708,-0.0550,0.2679,2,ok
0,73,-1.225939,-1.640724,0.022521,-0.018224,0.022521,1.612997,0.199959,0.061518,0.061518,0.000000,,0,0,0,1,1,0,-0.007742,0.009962,0.7500,-0.0303,0.2670,2,ok
0,74,-1.205943,-1.640295,0.019189,-0.017795,0.019189,1.632992,0.200013,-0.058103,-0.058103,0.000000,,0,0,0,1,1,0,-0.006026,0.018917,0.7500,-0.0471,0.2668,2,ok
0,75,-1.181945,-1.639757,-0.000995,-0.017257,-0.000995,1.656991,0.200050,-0.257186,-0.257186,0.000000,C-06,0,0,0,1,1,0,-0.006257,0.019286,0.7500,-0.0337,0.2676,2,ok
0,76,-1.157946,-1.639238,-0.014486,-0.016738,-0.014486,1.680990,0.200014,-0.153582,-0.153582,0.000000,,0,0,0,1,1,0,-0.007290,0.003567,0.7083,-0.0414,0.2675,2,ok
0,77,-1.133947,-1.639542,-0.006120,-0.017042,-0.006120,1.704988,0.200017,0.119979,0.119979,0.000000,C-06,0,0,0,1,1,0,-0.008283,-0.015311,0.7083,-0.0530,0.2654,2,ok
0,78,-1.109947,-1.639896,0.003503,-0.017396,0.003503,1.728988,0.200021,0.112998,0.112998,0.000000,,0,0,0,1,1,0,-0.008954,-0.010108,0.7292,-0.0327,0.2673,2,ok
0,79,-1.089948,-1.640010,0.007363,-0.017510,0.007363,1.748988,0.199996,0.051007,0.051007,0.000000,,0,0,0,1,1,0,-0.008177,-0.003283,0.7917,-0.0342,0.2667,2,ok
0,80,-1.065949,-1.639977,0.010381,-0.017477,0.010381,1.772987,0.199990,0.034928,0.034928,0.000000,,0,0,0,1,1,0,-0.007986,0.005314,0.7708,-0.0250,0.2676,2,ok
0,81,-1.041951,-1.639901,0.018017,-0.017401,0.018017,1.796984,0.199970,0.094502,0.094502,0.000000,,0,0,0,1,1,0,-0.007350,0.008520,0.7500,-0.0261,0.2679,2,ok
0,82,-1.021955,-1.639778,0.022953,-0.017278,0.022953,1.816980,0.199956,0.068909,0.068909,0.000000,,0,0,0,1,1,0,-0.006986,0.011689,0.7708,-0.0270,0.2678,2,ok
0,83,-0.997961,-1.639241,0.018120,-0.016741,0.018120,1.840975,0.200021,-0.067708,-0.067708,0.000000,,0,0,0,1,1,0,-0.005170,0.019269,0.7500,-0.0446,0.2673,2,ok
0,84,-0.973962,-1.638681,-0.009897,-0.016181,-0.009897,1.864974,0.200047,-0.359467,-0.359467,0.000000,C-06,0,0,0,1,1,0,-0.005108,0.017523,0.7500,-0.0383,0.2675,2,ok
0,85,-0.949964,-1.638823,-0.013523,-0.016323,-0.013523,1.888972,0.199990,-0.022405,-0.022405,0.000000,C-06,0,0,0,1,1,0,-0.006879,-0.005857,0.6875,-0.0466,0.2662,2,ok
0,86,-0.925965,-1.639092,-0.002065,-0.016592,-0.002065,1.912971,0.200012,0.150385,0.150385,0.000000,C-06,0,0,0,1,1,0,-0.008918,-0.013768,0.7083,-0.0274,0.2667,2,ok
0,87,-0.905965,-1.639197,-0.000057,-0.016697,-0.000057,1.932971,0.200002,0.019135,0.019135,0.000000,,0,0,0,1,1,0,-0.007662,-0.008109,0.7708,-0.0415,0.2667,2,ok
0,88,-0.881965,-1.639294,0.004357,-0.016794,0.004357,1.956971,0.200000,0.054122,0.054122,0.000000,,0,0,0,1,1,0,-0.007627,-0.000772,0.7917,-0.0317,0.2675,2,ok
0,89,-0.857965,-1.639388,0.009298,-0.016888,0.009298,1.980970,0.199993,0.058746,0.058746,0.000000,,0,0,0,1,1,0,-0.006633,-0.001519,0.7917,-0.0493,0.2661,2,ok
0,90,-0.833967,-1.639454,0.016675,-0.016954,0.016675,2.004968,0.199974,0.089676,0.089676,0.000000,,0,0,0,1,1,0,-0.006204,0.005878,0.7500,-0.0434,0.2678,2,ok
0,91,-0.809972,-1.639252,0.020882,-0.016752,0.020882,2.028964,0.199969,0.047322,0.047322,0.000000,,0,0,0,1,1,0,-0.005381,0.010583,0.7500,-0.0521,0.2656,2,ok
0,92,-0.789974,-1.638855,0.007884,-0.016355,0.007884,2.048961,0.200035,-0.214636,-0.214636,0.000000,C-06,0,0,0,1,1,0,-0.004814,0.018252,0.7500,-0.0480,0.2655,2,ok
0,93,-0.765977,-1.638360,-0.027313,-0.015860,-0.027313,2.072959,0.199977,-0.438780,-0.438780,0.000000,C-06,0,0,0,1,1,0,-0.004891,0.018009,0.7500,-0.0372,0.2667,2,ok
0,94,-0.741984,-1.638954,-0.019917,-0.016454,-0.019917,2.096951,0.200039,0.133548,0.133548,0.000000,C-06,0,0,0,1,1,0,-0.008929,-0.025279,0.6875,-0.0474,0.2668,2,ok
0,95,-0.721987,-1.639522,-0.010714,-0.017022,-0.010714,2.116949,0.200068,0.131197,0.131197,0.000000,,0,0,0,1,1,0,-0.009647,-0.024775,0.7500,-0.0441,0.2671,2,ok
0,96,-0.697987,-1.640203,0.000775,-0.017703,0.000775,2.140948,0.200080,0.136016,0.136016,0.000000,,0,0,0,1,1,0,-0.009294,-0.017489,0.7708,-0.0405,0.2663,2,ok
0,97,-0.673988,-1.640552,0.008487,-0.018052,0.008487,2.164948,0.200004,0.087851,0.087851,0.000000,,0,0,0,1,1,0,-0.009294,-0.017489,0.7708,-0.0405,0.2663,2,ok
0,98,-0.649989,-1.640546,0.012674,-0.018046,0.012674,2.188947,0.199985,0.047260,0.047260,0.000000,,0,0,0,1,1,0,-0.007829,0.004952,0.7500,-0.0395,0.2686,2,ok
0,99,-0.625992,-1.640474,0.018675,-0.017974,0.018675,2.212944,0.199967,0.073123,0.073123,0.000000,,0,0,0,1,1,0,-0.007303,0.007248,0.7500,-0.0439,0.2681,2,ok
0,100,-0.605995,-1.640113,0.017780,-0.017613,0.017780,2.232940,0.200004,-0.018477,-0.018477,0.000000,,0,0,0,1,1,0,-0.006395,0.015364,0.7500,-0.0402,0.2668,2,ok
0,101,-0.581997,-1.639658,0.003548,-0.017158,0.003548,2.256938,0.200034,-0.182926,-0.182926,0.000000,C-06,0,0,0,1,1,0,-0.005544,0.014350,0.7500,-0.0517,0.2668,2,ok
0,102,-0.557997,-1.639202,-0.011660,-0.016702,-0.011660,2.280938,0.200024,-0.179377,-0.179377,0.000000,,0,0,0,1,1,0,-0.006696,0.005046,0.7083,-0.0441,0.2664,2,ok
0,103,-0.533999,-1.639401,-0.004441,-0.016901,-0.004441,2.304937,0.200008,0.104349,0.104349,0.000000,C-06,0,0,0,1,1,0,-0.007975,-0.005834,0.6667,-0.0430,0.2652,2,ok
0,104,-0.509999,-1.639641,0.002155,-0.017141,0.002155,2.328937,0.200010,0.076084,0.076084,0.000000,,0,0,0,1,1,0,-0.008135,-0.009125,0.7292,-0.0428,0.2656,2,ok
0,105,-0.489999,-1.639808,0.006456,-0.017308,0.006456,2.348937,0.200000,0.059963,0.059963,0.000000,,0,0,0,1,1,0,-0.007652,-0.007872,0.7708,-0.0489,0.2672,2,ok
0,106,-0.466000,-1.639933,0.012634,-0.017433,0.012634,2.372936,0.199986,0.074135,0.074135,0.000000,,0,0,0,1,1,0,-0.006838,0.000229,0.7708,-0.0504,0.2666,2,ok
0,107,-0.442003,-1.639971,0.020133,-0.017471,0.020133,2.396932,0.199961,0.090196,0.090196,0.000000,,0,0,0,1,1,0,-0.006914,0.009891,0.7500,-0.0283,0.2672,2,ok
0,108,-0.422008,-1.639737,0.023572,-0.017237,0.023572,2.416928,0.199964,0.046209,0.046209,0.000000,,0,0,0,1,1,0,-0.005715,0.013245,0.7500,-0.0459,0.2662,2,ok
0,109,-0.398013,-1.639201,0.015718,-0.016701,0.015718,2.440923,0.200026,-0.102831,-0.102831,0.000000,,0,0,0,1,1,0,-0.004724,0.019042,0.7500,-0.0527,0.2664,2,ok
0,110,-0.374014,-1.638655,-0.014920,-0.016155,-0.014920,2.464922,0.200034,-0.389882,-0.389882,0.000000,C-06,0,0,0,1,1,0,-0.005053,0.019207,0.7500,-0.0425,0.2668,2,ok
0,111,-0.350017,-1.638993,-0.012131,-0.016493,-0.012131,2.488919,0.200012,0.062183,0.062183,0.000000,C-06,0,0,0,1,1,0,-0.007365,-0.008727,0.7083,-0.0480,0.2663,2,ok
0,112,-0.326017,-1.639391,0.000193,-0.016891,0.000193,2.512918,0.200028,0.150853,0.150853,0.000000,,0,0,0,1,1,0,-0.007422,-0.017202,0.7292,-0.0672,0.2648,2,ok
0,113,-0.306017,-1.639397,0.000707,-0.016897,0.000707,2.532918,0.200000,-0.003606,-0.003606,0.000000,C-06,0,0,0,1,1,0,-0.007893,-0.005156,0.7708,-0.0350,0.2668,2,ok
0,114,-0.282017,-1.639375,0.005404,-0.016875,0.005404,2.556918,0.199997,0.059415,0.059415,0.000000,,0,0,0,1,1,0,-0.007311,-0.001949,0.7917,-0.0462,0.2661,2,ok
0,115,-0.258018,-1.639352,0.010448,-0.016852,0.010448,2.580917,0.199990,0.059706,0.059706,0.000000,,0,0,0,1,1,0,-0.007213,0.001859,0.7917,-0.0327,0.2672,2,ok
0,116,-0.234020,-1.639329,0.017041,-0.016829,0.017041,2.604915,0.199972,0.079308,0.079308,0.000000,,0,0,0,1,1,0,-0.006265,0.009207,0.7708,-0.0413,0.2661,2,ok
0,117,-0.210025,-1.639075,0.020347,-0.016575,0.020347,2.628911,0.199975,0.036943,0.036943,0.000000,,0,0,0,1,1,0,-0.005322,0.013839,0.7500,-0.0438,0.2674,2,ok
0,118,-0.190027,-1.638699,0.007412,-0.016199,0.007412,2.648908,0.200031,-0.218361,-0.218361,0.000000,C-06,0,0,0,1,1,0,-0.004664,0.018017,0.7292,-0.0470,0.2656,2,ok
0,119,-0.166029,-1.638230,-0.023987,-0.015730,-0.023987,2.672907,0.199987,-0.380644,-0.380644,0.000000,C-06,0,0,0,1,1,0,-0.005057,0.011453,0.7292,-0.0407,0.2678,2,ok
0,120,-0.142034,-1.638765,-0.016747,-0.016265,-0.016747,2.696901,0.200032,0.115974,0.115974,0.000000,C-06,0,0,0,1,1,0,-0.009160,-0.019064,0.6875,-0.0306,0.2681,2,ok
0,121,-0.122036,-1.639260,-0.006056,-0.016760,-0.006056,2.716900,0.200057,0.155020,0.155020,0.000000,,0,0,0,1,1,0,-0.008599,-0.028309,0.7083,-0.0576,0.2659,2,ok
0,122,-0.098036,-1.639818,0.003306,-0.017318,0.003306,2.740900,0.200038,0.107189,0.107189,0.000000,,0,0,0,1,1,0,-0.008241,-0.012940,0.7500,-0.0488,0.2680,2,ok
0,123,-0.074036,-1.639979,0.008387,-0.017479,0.008387,2.764899,0.199995,0.056671,0.056671,0.000000,,0,0,0,1,1,0,-0.007475,0.000344,0.7917,-0.0390,0.2678,2,ok
0,124,-0.050038,-1.639919,0.011361,-0.017419,0.011361,2.785935,0.199989,0.033717,0.033717,0.000000,,0,0,0,1,1,0,-0.007201,0.004594,0.7500,-0.0345,0.2675,2,ok
0,125,-0.026040,-1.639812,0.016178,-0.017312,0.016178,2.812896,0.199977,0.058916,0.058916,0.000000,,0,0,0,1,1,0,-0.007539,0.008699,0.7500,-0.0195,0.2677,2,ok
0,126,-0.006042,-1.639513,0.015655,-0.017013,0.015655,2.832893,0.200001,-0.013351,-0.013351,0.000000,,0,0,0,1,1,0,-0.005729,0.012343,0.7292,-0.0500,0.2666,2,ok
0,127,0.017956,-1.639132,-0.001094,-0.016632,-0.001094,2.856892,0.200025,-0.216786,-0.216786,0.000000,C-06,0,0,0,1,1,0,-0.005825,0.014932,0.7500,-0.0406,0.2680,2,ok
0,128,0.041956,-1.638750,-0.013072,-0.016250,-0.013072,2.880891,0.200009,-0.137007,-0.137007,0.000000,,0,0,0,1,1,0,-0.006706,0.001862,0.6875,-0.0450,0.2666,2,ok
0,129,0.065954,-1.639029,-0.004991,-0.016529,-0.004991,2.904890,0.200015,0.112568,0.112568,0.000000,C-06,0,0,0,1,1,0,-0.008563,-0.014203,0.6875,-0.0364,0.2661,2,ok
0,130,0.089954,-1.639347,0.002482,-0.016847,0.002482,2.928890,0.200017,0.086567,0.086567,0.000000,,0,0,0,1,1,0,-0.008119,-0.009421,0.7292,-0.0400,0.2661,2,ok
0,131,0.109954,-1.639478,0.006183,-0.016978,0.006183,2.948890,0.199999,0.050252,0.050252,0.000000,,0,0,0,1,1,0,-0.007152,-0.007225,0.7708,-0.0472,0.2674,2,ok
0,132,0.133953,-1.639566,0.011400,-0.017066,0.011400,2.972889,0.199988,0.062490,0.062490,0.000000,,0,0,0,1,1,0,-0.007066,0.002886,0.7708,-0.0340,0.2683,2,ok
0,133,0.157951,-1.639592,0.018353,-0.017092,0.018353,2.996886,0.199968,0.083920,0.083920,0.000000,,0,0,0,1,1,0,-0.006684,0.008807,0.7500,-0.0293,0.2677,2,ok
0,134,0.177947,-1.639372,0.021363,-0.016872,0.021363,3.016882,0.199972,0.040005,0.040005,0.000000,,0,0,0,1,1,0,-0.005534,0.012584,0.7500,-0.0423,0.2674,2,ok
0,135,0.201942,-1.638899,0.014730,-0.016399,0.014730,3.040878,0.200018,-0.087721,-0.087721,0.000000,,0,0,0,1,1,0,-0.005104,0.018836,0.7292,-0.0402,0.2672,2,ok
0,136,0.225942,-1.638416,-0.010534,-0.015916,-0.010534,3.064877,0.200032,-0.321079,-0.321079,0.000000,C-06,0,0,0,1,1,0,-0.005358,0.011692,0.7500,-0.0348,0.2679,2,ok
0,137,0.245940,-1.638588,-0.012430,-0.016088,-0.012430,3.084876,0.199996,-0.007196,-0.007196,0.000000,C-06,0,0,0,1,1,0,-0.007025,-0.007210,0.7083,-0.0469,0.2668,2,ok
0,138,0.269939,-1.638851,-0.000700,-0.016351,-0.000700,3.108875,0.200012,0.150860,0.150860,0.000000,C-06,0,0,0,1,1,0,-0.006848,-0.017919,0.6875,-0.0664,0.2651,2,ok
0,139,0.293939,-1.639100,0.005248,-0.016600,0.005248,3.132875,0.200005,0.064357,0.064357,0.000000,,0,0,0,1,1,0,-0.007473,-0.007566,0.7292,-0.0451,0.2674,2,ok
0,140,0.313939,-1.639185,0.009078,-0.016685,0.009078,3.152874,0.199993,0.053615,0.053615,0.000000,,0,0,0,1,1,0,-0.006420,0.001325,0.7917,-0.0470,0.2663,2,ok
0,141,0.333938,-1.639133,0.011681,-0.016633,0.011681,3.172873,0.199988,0.035772,0.035772,0.000000,,0,0,0,1,1,0,-0.006216,0.006816,0.7917,-0.0404,0.2674,2,ok
0,142,0.357935,-1.639022,0.015492,-0.016522,0.015492,3.196871,0.199980,0.045872,0.045872,0.000000,,0,0,0,1,1,0,-0.006001,0.008159,0.7500,-0.0339,0.2687,2,ok
0,143,0.377933,-1.638812,0.017530,-0.016312,0.017530,3.216868,0.199983,0.027851,0.027851,0.000000,,0,0,0,1,1,0,-0.005079,0.012584,0.7500,-0.0484,0.2656,2,ok
0,144,0.401930,-1.638443,0.009167,-0.015943,0.009167,3.240866,0.200015,-0.109094,-0.109094,0.000000,,0,0,0,1,1,0,-0.004711,0.014640,0.7292,-0.0453,0.2668,2,ok
0,145,0.425930,-1.638067,-0.011929,-0.015567,-0.011929,3.264865,0.200012,-0.262175,-0.262175,0.000000,C-06,0,0,0,1,1,0,-0.005018,0.005698,0.7083,-0.0438,0.2666,2,ok
0,146,0.445928,-1.638278,-0.011574,-0.015778,-0.011574,3.284864,0.200002,0.026325,0.026325,0.000000,C-06,0,0,0,1,1,0,-0.006959,-0.009369,0.7292,-0.0431,0.2666,2,ok
0,147,0.469928,-1.638581,0.000135,-0.016081,0.000135,3.308863,0.200016,0.148118,0.148118,0.000000,,0,0,0,1,1,0,-0.007628,-0.012472,0.6875,-0.0415,0.2665,2,ok
0,148,0.493928,-1.638675,0.002756,-0.016175,0.002756,3.332863,0.200000,0.024653,0.024653,0.000000,,0,0,0,1,1,0,-0.007551,-0.005228,0.7292,-0.0304,0.2673,2,ok
0,149,0.513927,-1.638722,0.006197,-0.016222,0.006197,3.352863,0.199997,0.050841,0.050841,0.000000,,0,0,0,1,1,0,-0.006492,0.001640,0.7917,-0.0388,0.2683,2,ok
0,150,0.533927,-1.638729,0.008900,-0.016229,0.008900,3.372862,0.199992,0.037290,0.037290,0.000000,,0,0,0,1,1,0,-0.006045,0.002145,0.7917,-0.0396,0.2666,2,ok
0,151,0.557925,-1.638700,0.013570,-0.016200,0.013570,3.396861,0.199982,0.056518,0.056518,0.000000,,0,0,0,1,1,0,-0.005542,0.006361,0.7500,-0.0457,0.2671,2,ok
0,152,0.577923,-1.638574,0.016512,-0.016074,0.016512,3.416859,0.199979,0.040713,0.040713,0.000000,,0,0,0,1,1,0,-0.004976,0.008472,0.7500,-0.0462,0.2677,2,ok
0,153,0.601921,-1.638217,0.008687,-0.015717,0.008687,3.440856,0.200015,-0.102948,-0.102948,0.000000,,0,0,0,1,1,0,-0.005660,0.014296,0.7083,-0.0101,0.2684,2,ok
0,154,0.625920,-1.637849,-0.012065,-0.015349,-0.012065,3.464856,0.200011,-0.256918,-0.256918,0.000000,C-06,0,0,0,1,1,0,-0.005194,0.006680,0.7083,-0.0374,0.2667,2,ok
0,155,0.645919,-1.638058,-0.012382,-0.015558,-0.012382,3.484854,0.200000,0.015351,0.015351,0.000000,C-06,0,0,0,1,1,0,-0.006442,-0.009752,0.7083,-0.0486,0.2662,2,ok
0,156,0.669918,-1.638357,-0.000889,-0.015857,-0.000889,3.508854,0.200015,0.146594,0.146594,0.000000,,0,0,0,1,1,0,-0.007538,-0.012923,0.6875,-0.0429,0.2667,2,ok
0,157,0.693918,-1.638656,0.006801,-0.016156,0.006801,3.532853,0.200010,0.087246,0.087246,0.000000,,0,0,0,1,1,0,-0.007538,-0.012923,0.6875,-0.0429,0.2667,2,ok
0,158,0.713917,-1.638762,0.011667,-0.016262,0.011667,3.552853,0.199988,0.067803,0.067803,0.000000,,0,0,0,1,1,0,-0.006180,0.002619,0.7917,-0.0332,0.2675,2,ok
0,159,0.733915,-1.638612,0.013387,-0.016112,0.013387,3.572851,0.199990,0.020726,0.020726,0.000000,,0,0,0,1,1,0,-0.005540,0.006940,0.7917,-0.0375,0.2672,2,ok
0,160,0.757913,-1.638392,0.016980,-0.015892,0.016980,3.596848,0.199980,0.044312,0.044312,0.000000,,0,0,0,1,1,0,-0.004709,0.011851,0.7500,-0.0503,0.2668,2,ok
0,161,0.777909,-1.638132,0.018634,-0.015632,0.018634,3.616845,0.199985,0.021844,0.021844,0.000000,,0,0,0,1,1,0,-0.004407,0.012812,0.7292,-0.0463,0.2663,2,ok
0,162,0.801906,-1.637747,0.015909,-0.015247,0.015909,3.640841,0.200000,-0.036538,-0.036538,0.000000,,0,0,0,1,1,0,-0.003676,0.015645,0.7292,-0.0594,0.2652,2,ok
0,163,0.825905,-1.637359,-0.011172,-0.014859,-0.011172,3.664840,0.200016,-0.351571,-0.351571,0.000000,C-06,0,0,0,1,1,0,-0.004037,0.014112,0.7292,-0.0325,0.2673,2,ok
0,164,0.845897,-1.637035,-0.041507,-0.014535,-0.041507,3.684833,0.199867,-0.443635,-0.443635,0.000000,,0,0,0,1,1,0,-0.004037,0.014112,0.7292,-0.0325,0.2673,2,ok
0,165,0.869878,-1.637971,-0.034745,-0.015471,-0.034745,3.708814,0.200060,0.121253,0.121253,0.000000,C-06,0,0,0,1,1,0,-0.007677,-0.017468,0.6458,-0.0311,0.2660,2,ok
0,166,0.893868,-1.639001,-0.022843,-0.016501,-0.022843,3.732804,0.200129,0.145508,0.145508,0.000000,,0,0,0,1,1,0,-0.010977,-0.041539,0.7083,-0.0313,0.2656,2,ok
0,167,0.913865,-1.639860,-0.008097,-0.017360,-0.008097,3.752801,0.200176,0.215951,0.215951,0.000000,,0,0,0,1,1,0,-0.010977,-0.041539,0.7083,-0.0313,0.2656,2,ok
0,168,0.933865,-1.640423,0.000303,-0.017923,0.000303,3.772801,0.200057,0.111482,0.111482,0.000000,,0,0,0,1,1,0,-0.009005,-0.014892,0.7500,-0.0507,0.2655,2,ok
0,169,0.957865,-1.640900,0.010494,-0.018400,0.010494,3.796800,0.200014,0.120943,0.120943,0.000000,,0,0,0,1,1,0,-0.007504,-0.006972,0.7292,-0.0899,0.2676,2,ok
0,170,0.977863,-1.640772,0.012235,-0.018272,0.012235,3.816799,0.199993,0.016359,0.016359,0.000000,,0,0,0,1,1,0,-0.005651,0.000550,0.7500,-0.1276,0.2694,2,ok
0,171,1.001862,-1.640499,0.012678,-0.017999,0.012678,3.840797,0.199998,0.004574,0.004574,0.000000,,0,0,0,1,1,0,-0.005126,0.009882,0.7083,-0.1306,0.2703,2,ok
0,172,1.025860,-1.640217,0.009170,-0.017717,0.009170,3.864796,0.200005,-0.045084,-0.045084,0.000000,,0,0,0,1,1,0,-0.003870,0.009707,0.6667,-0.1681,0.2688,2,ok
0,173,1.045860,-1.639982,0.004159,-0.017482,0.004159,3.884795,0.200012,-0.073361,-0.073361,0.000000,,0,0,0,1,1,0,-0.003818,0.006243,0.6458,-0.1882,0.2696,2,ok
0,174,1.069858,-1.639880,0.016171,-0.017380,0.016171,3.908794,0.199977,0.160360,0.160360,0.000000,C-06,0,0,0,1,1,0,-0.004440,0.004079,0.6250,-0.1904,0.2695,2,ok
0,175,1.093856,-1.639498,0.012412,-0.016998,0.012412,3.932791,0.200011,-0.056203,-0.056203,0.000000,C-06,0,0,0,1,1,0,-0.002518,0.009792,0.7083,-0.2408,0.2653,2,ok
0,176,1.113855,-1.639167,0.005520,-0.016667,0.005520,3.952790,0.200024,-0.101263,-0.101263,0.000000,,0,0,0,1,1,0,-0.002949,0.016840,0.7500,-0.2518,0.2645,2,ok
0,177,1.133854,-1.639050,0.009590,-0.016550,0.009590,3.972790,0.199994,0.071099,0.071099,0.000000,C-06,0,0,0,1,1,0,-0.004585,0.013599,0.7500,-0.2390,0.2653,2,ok
0,178,1.157853,-1.638922,0.012159,-0.016422,0.012159,3.996788,0.199989,0.027955,0.027955,0.000000,,0,0,0,1,1,0,-0.004585,0.013599,0.7500,-0.2390,0.2653,2,ok
0,179,1.177852,-1.638726,0.008964,-0.016226,0.008964,4.016787,0.200002,-0.051543,-0.051543,0.000000,,0,0,0,1,1,0,-0.006105,0.029041,0.7292,-0.2202,0.2651,2,ok
0,180,1.201851,-1.638515,0.009245,-0.016015,0.009245,4.040786,0.199999,0.006789,0.006789,0.000000,,0,0,0,1,1,0,-0.006105,0.029041,0.7292,-0.2202,0.2651,2,ok
0,181,1.225850,-1.638306,-0.007896,-0.015806,-0.007896,4.064786,0.200003,-0.222310,-0.222310,0.000000,C-06,0,0,0,1,1,0,-0.008654,0.045483,0.7083,-0.1791,0.2634,2,ok
0,182,1.245847,-1.638132,-0.027618,-0.015632,-0.027618,4.084783,0.199937,-0.286867,-0.286867,0.000000,,0,0,0,1,1,0,-0.010820,0.039195,0.6458,-0.1622,0.2662,2,ok
0,183,1.269838,-1.638770,-0.025940,-0.016270,-0.025940,4.108773,0.200018,0.043697,0.043697,0.000000,C-06,0,0,0,1,1,0,-0.014495,0.026797,0.6458,-0.1142,0.2677,2,ok
0,184,1.293829,-1.639392,-0.028002,-0.016892,-0.028002,4.132765,0.199988,-0.029863,-0.029863,0.000000,,0,0,0,1,1,0,-0.015504,0.023477,0.6875,-0.0996,0.2697,2,ok
0,185,1.313822,-1.639943,-0.023308,-0.017443,-0.021251,4.152758,0.200021,0.077318,0.077318,0.000000,,0,0,0,1,1,0,-0.015188,0.029771,0.7500,-0.1090,0.2661,2,ok
0,186,1.333818,-1.640497,-0.018846,-0.017997,-0.016789,4.172753,0.200040,0.062928,0.062928,0.000000,,0,0,0,1,1,0,-0.014973,0.033307,0.7708,-0.0954,0.2666,2,ok
0,187,1.357815,-1.641161,-0.009220,-0.018661,-0.003030,4.196751,0.200067,0.118316,0.118316,0.000000,,0,0,0,1,1,0,-0.014964,0.041459,0.7500,-0.0858,0.2666,2,ok
0,188,1.377815,-1.641526,-0.005374,-0.019026,0.000815,4.216750,0.200023,0.049783,0.049783,0.000000,,0,0,0,1,1,0,-0.013973,0.049031,0.7292,-0.0718,0.2643,2,ok
0,189,1.401814,-1.641691,-0.009194,-0.019152,0.004842,4.240947,0.199996,-0.052548,-0.052548,0.000000,,0,0,0,1,1,0,-0.013035,0.059196,0.7083,-0.0631,0.2711,2,ok
0,190,1.425809,-1.641840,-0.030692,-0.019055,-0.016655,4.264942,0.199916,-0.273670,-0.273670,0.000000,C-06,0,0,0,1,1,0,-0.013320,0.065268,0.6875,-0.0341,0.2684,2,ok
0,191,1.445794,-1.641965,-0.047343,-0.018974,-0.033307,4.284927,0.199788,-0.238698,-0.238698,0.000000,,0,0,0,1,1,0,-0.015161,0.049085,0.6667,0.0153,0.2652,2,ok
0,192,1.469769,-1.643041,-0.041385,-0.019562,-0.017949,4.309116,0.200053,0.097413,0.097413,0.000000,C-06,0,0,0,1,1,0,-0.016804,0.035262,0.6458,0.0320,0.2667,2,ok
0,193,1.493748,-1.644033,-0.043596,-0.020058,-0.020160,4.333110,0.199980,-0.032466,-0.032466,0.000000,,0,0,0,1,1,0,-0.017421,0.033044,0.6875,0.0746,0.2669,2,ok
0,194,1.513727,-1.644854,-0.047703,-0.020111,-0.012873,4.353479,0.199943,-0.061889,-0.061889,0.000000,,0,0,0,1,1,0,-0.013754,0.033451,0.7500,0.0036,0.2625,2,ok
0,195,1.533705,-1.645803,-0.045579,-0.020276,-0.010749,4.373479,0.200021,0.038413,0.038413,0.000000,,0,0,0,1,1,0,-0.013414,0.027606,0.7500,0.0053,0.2636,2,ok
0,196,1.557683,-1.646955,-0.040130,-0.020370,0.005304,4.397642,0.200067,0.068000,0.068000,0.000000,,0,0,0,1,1,0,-0.012993,0.028363,0.7083,0.0178,0.2627,2,ok
0,197,1.577668,-1.647878,-0.037474,-0.020354,0.007960,4.417648,0.200061,0.036295,0.036295,0.000000,,0,0,0,1,1,0,-0.009853,0.030420,0.7083,-0.0387,0.2628,2,ok
0,198,1.601650,-1.648824,-0.040156,-0.020070,0.015696,4.441849,0.199993,-0.036898,-0.036898,0.000000,,0,0,0,1,1,0,-0.012125,0.033582,0.6667,0.0471,0.2646,2,ok
0,199,1.625619,-1.649761,-0.061549,-0.019641,-0.005698,4.465833,0.199787,-0.282434,-0.282434,0.000000,C-06,0,0,0,1,1,0,-0.012182,0.034150,0.6667,0.1067,0.2703,2,ok
0,200,1.645576,-1.650692,-0.068869,-0.019401,-0.006345,4.485934,0.199780,-0.094629,-0.094629,0.000000,C-06,0,0,0,1,1,0,-0.013314,0.019778,0.6458,0.1006,0.2678,2,ok
0,201,1.669522,-1.652309,-0.064302,-0.019499,-0.001778,4.509934,0.200054,0.067939,0.067939,0.000000,C-06,0,0,0,1,1,0,-0.013961,0.006710,0.6875,0.1088,0.2653,2,ok
0,202,1.693474,-1.653887,-0.063186,-0.019519,0.005600,4.534122,0.200026,0.010348,0.010348,0.000000,,0,0,0,1,1,0,-0.015759,0.004832,0.7500,0.1630,0.2690,2,ok
0,203,1.713436,-1.655190,-0.060178,-0.019367,0.008608,4.554126,0.200061,0.046925,0.046925,0.000000,,0,0,0,1,1,0,-0.014101,0.008423,0.7708,0.1579,0.2641,2,ok
0,204,1.733402,-1.656493,-0.056128,-0.019216,0.012658,4.574134,0.200107,0.060443,0.060443,0.000000,,0,0,0,1,1,0,-0.014056,0.011302,0.7708,0.1839,0.2629,2,ok
0,205,1.757368,-1.658057,-0.050079,-0.019036,0.022914,4.598147,0.200171,0.074395,0.074395,0.000000,,0,0,0,1,1,0,-0.013778,0.015441,0.7500,0.2201,0.2657,2,ok
0,206,1.777344,-1.659164,-0.047866,-0.018691,0.025127,4.618151,0.200059,0.028627,0.028627,0.000000,,0,0,0,1,1,0,-0.012189,0.012335,0.7500,0.2206,0.2666,2,ok
0,207,1.801310,-1.660341,-0.059546,-0.018051,0.016353,4.642243,0.199891,-0.156787,-0.156787,0.000000,C-06,0,0,0,1,1,0,-0.010801,0.013027,0.7083,0.2236,0.2671,2,ok
0,208,1.825255,-1.661511,-0.075694,-0.017344,0.000205,4.666206,0.199677,-0.202074,-0.202074,0.000000,,0,0,0,1,1,0,-0.010370,0.000523,0.6875,0.2179,0.2668,2,ok
0,209,1.845198,-1.662945,-0.073775,-0.017216,0.003051,4.686195,0.199993,0.046747,0.046747,0.000000,C-06,0,0,0,1,1,0,-0.011088,-0.018117,0.6667,0.2277,0.2676,2,ok
0,210,1.869140,-1.664708,-0.065905,-0.017108,0.010921,4.710200,0.200100,0.100908,0.100908,0.000000,,0,0,0,1,1,0,-0.011289,-0.028961,0.6667,0.2442,0.2678,2,ok
0,211,1.893091,-1.666449,-0.061905,-0.016978,0.014662,4.734212,0.200120,0.045422,0.045422,0.000000,,0,0,0,1,1,0,-0.010274,-0.024051,0.7292,0.2412,0.2656,2,ok
0,212,1.913057,-1.667863,-0.054613,-0.016835,0.021954,4.754227,0.200197,0.112257,0.112257,0.000000,,0,0,0,1,1,0,-0.008734,-0.026133,0.7708,0.2468,0.2665,2,ok
0,213,1.933029,-1.669179,-0.049844,-0.016595,0.026724,4.774242,0.200154,0.067503,0.067503,0.000000,,0,0,0,1,1,0,-0.006125,-0.027376,0.7708,0.2093,0.2647,2,ok
0,214,1.957001,-1.670457,-0.048037,-0.016014,0.026261,4.798233,0.200039,0.019160,0.019160,0.000000,,0,0,0,1,1,0,-0.005745,-0.025256,0.7292,0.2231,0.2655,2,ok
0,215,1.976977,-1.671470,-0.050017,-0.015479,0.024280,4.818227,0.200007,-0.033310,-0.033310,0.000000,,0,0,0,1,1,0,-0.004065,-0.031328,0.7083,0.1966,0.2633,2,ok
0,216,2.000938,-1.672683,-0.063791,-0.014914,0.007049,4.842121,0.199857,-0.179382,-0.179382,0.000000,,0,0,0,1,1,0,-0.010201,-0.032674,0.7083,0.3972,0.2701,2,ok
0,217,2.024892,-1.674185,-0.059639,-0.014705,0.011201,4.866120,0.200041,0.063967,0.063967,0.000000,C-06,0,0,0,1,1,0,-0.011902,-0.047537,0.6875,0.3995,0.2682,2,ok
0,218,2.044862,-1.675449,-0.048501,-0.014570,0.017370,4.886066,0.200158,0.172224,0.172224,0.000000,,0,0,0,1,1,0,-0.013336,-0.052518,0.6458,0.4633,0.2693,2,ok
0,219,2.068839,-1.676948,-0.040094,-0.014462,0.025777,4.910090,0.200198,0.096900,0.096900,0.000000,,0,0,0,1,1,0,-0.013424,-0.056246,0.6875,0.5128,0.2716,2,ok
0,220,2.092821,-1.678085,-0.036327,-0.014012,0.022607,4.934007,0.200070,0.042302,0.042302,0.000000,,0,0,0,1,1,0,-0.009490,-0.049603,0.7083,0.4506,0.2678,2,ok
0,221,2.112810,-1.678980,-0.031058,-0.013693,0.027875,4.954013,0.200102,0.079172,0.079172,0.000000,,0,0,0,1,1,0,-0.010817,-0.053978,0.7708,0.5481,0.2677,2,ok
0,222,2.132802,-1.679874,-0.024739,-0.013372,0.034194,4.974023,0.200132,0.091989,0.091989,0.000000,,0,0,0,1,1,0,-0.008200,-0.054398,0.7708,0.5037,0.2663,2,ok
0,223,2.156797,-1.680810,-0.017549,-0.012975,0.032935,4.997930,0.200095,0.085489,0.085489,0.000000,,0,0,0,1,1,0,-0.009795,-0.053992,0.7708,0.6028,0.2680,2,ok
0,224,2.176795,-1.681508,-0.009644,-0.012613,0.040840,5.017937,0.200107,0.115063,0.115063,0.000000,,0,0,0,1,1,0,-0.009010,-0.065549,0.7292,0.6212,0.2701,2,ok
0,225,2.200794,-1.681957,-0.005017,-0.011884,0.035543,5.041805,0.200022,0.050430,0.050430,0.000000,,0,0,0,1,1,0,0.003311,-0.067653,0.7083,0.2696,0.2483,2,ok
0,226,2.224794,-1.682151,-0.003463,-0.011052,0.037097,5.065791,0.200004,0.016350,0.016350,0.000000,,0,0,0,1,1,0,-0.007582,-0.074531,0.7083,0.6910,0.2691,2,ok
0,227,2.244794,-1.682288,0.003991,-0.010336,0.044551,5.084342,0.200003,0.112326,0.112326,0.000000,,0,0,0,1,1,0,-0.004450,-0.088057,0.6458,0.6499,0.2662,2,ok
0,228,2.268792,-1.682453,0.018690,-0.009822,0.046726,5.109630,0.199972,0.179194,0.179194,0.000000,,0,0,0,1,1,0,-0.004311,-0.103654,0.6458,0.6867,0.2672,2,ok
0,229,2.292785,-1.682552,0.030872,-0.009224,0.058908,5.133616,0.199908,0.143448,0.143448,0.000000,,0,0,0,1,1,0,-0.003728,-0.099838,0.6875,0.7273,0.2709,2,ok
0,230,2.312773,-1.682244,0.037191,-0.008541,0.050454,5.153488,0.199900,0.087380,0.087380,0.000000,,0,0,0,1,1,0,-0.001675,-0.096616,0.7708,0.7449,0.2667,2,ok
0,231,2.332755,-1.681850,0.047605,-0.007801,0.060868,5.173460,0.199818,0.156737,0.156737,0.000000,,0,0,0,1,1,0,-0.001724,-0.098629,0.7708,0.7860,0.2661,2,ok
0,232,2.356715,-1.681376,0.068592,-0.007094,0.064642,5.197273,0.199582,0.264380,0.264380,0.000000,,0,0,0,1,1,0,-0.001352,-0.095906,0.7292,0.8301,0.2681,2,ok
0,233,2.376658,-1.680639,0.081900,-0.006395,0.077951,5.217217,0.199534,0.192500,0.192500,0.000000,,0,0,0,1,1,0,0.005916,-0.090694,0.7917,0.7003,0.2666,2,ok
0,234,2.400571,-1.678920,0.087385,-0.004722,0.083436,5.240172,0.199811,0.060490,0.060490,0.000000,,0,0,0,1,1,0,0.004437,-0.098909,0.7292,0.7940,0.2625,2,ok
0,235,2.424490,-1.676836,0.075555,-0.003155,0.052305,5.265001,0.200187,-0.163611,-0.163611,0.000000,C-06,0,0,0,1,1,0,0.007886,-0.114906,0.7292,0.7731,0.2617,2,ok
0,236,2.444425,-1.675269,0.087834,-0.002004,0.064584,5.284965,0.199846,0.223047,0.223047,0.000000,C-06,0,0,0,1,1,0,0.010269,-0.137874,0.7083,0.7202,0.2629,2,ok
0,237,2.468293,-1.673407,0.122730,-0.001000,0.075895,5.308848,0.199141,0.461293,0.461293,0.000000,C-06,0,0,0,1,1,0,0.011203,-0.167610,0.6250,0.7423,0.2586,2,ok
0,238,2.492051,-1.671545,0.161086,-0.000170,0.114251,5.332664,0.198075,0.498393,0.498393,0.000000,,0,0,0,1,1,0,0.018031,-0.152870,0.7083,0.6299,0.2605,2,ok
0,239,2.511775,-1.668695,0.169602,0.001664,0.097414,5.352535,0.199455,0.099337,0.099337,0.000000,C-06,0,0,0,1,1,0,0.022019,-0.124176,0.7500,0.6412,0.2670,2,ok
0,240,2.531500,-1.665384,0.160875,0.003638,0.088687,5.372439,0.200191,-0.159035,-0.159035,0.000000,C-06,0,0,0,1,1,0,0.023020,-0.122937,0.7708,0.6602,0.2654,2,ok
0,241,2.555196,-1.661478,0.158465,0.005939,0.086277,5.396344,0.200124,-0.022361,-0.022361,0.000000,,0,0,0,1,1,0,0.024373,-0.141967,0.7708,0.6114,0.2645,2,ok
0,242,2.574932,-1.658318,0.167912,0.007197,0.065261,5.416496,0.199713,0.167108,0.167108,0.000000,C-06,0,0,0,1,1,0,0.022258,-0.150321,0.7292,0.6637,0.2675,2,ok
0,243,2.598550,-1.654533,0.189963,0.008591,0.087311,5.440375,0.198957,0.301561,0.301561,0.000000,,0,0,0,1,1,0,0.024127,-0.174433,0.7083,0.5962,0.2654,2,ok
0,244,2.622062,-1.650745,0.214298,0.009685,0.078227,5.464424,0.198052,0.328451,0.328451,0.000000,,0,0,0,1,1,0,0.024740,-0.170108,0.6875,0.6103,0.2629,2,ok
0,245,2.641622,-1.646621,0.203273,0.011266,0.067202,5.484352,0.200284,-0.220110,-0.220110,0.000000,C-06,0,0,0,1,1,0,0.025010,-0.161605,0.6875,0.6310,0.2650,2,ok
0,246,2.665113,-1.641786,0.211128,0.013046,0.075056,5.507677,0.199663,0.129012,0.129012,0.000000,C-06,0,0,0,1,1,0,0.024975,-0.174747,0.6875,0.6035,0.2623,2,ok
0,247,2.688428,-1.636790,0.274950,0.013910,0.099652,5.532676,0.197128,1.000000,1.000000,0.000000,C-06,0,0,0,1,1,0,0.023845,-0.198702,0.6250,0.6183,0.2558,2,ok
0,248,2.707508,-1.632619,0.333165,0.014730,0.157867,5.552191,0.193751,1.000000,1.000000,0.000000,,0,0,0,1,1,0,0.028608,-0.152993,0.6875,0.5967,0.2608,2,ok
0,249,2.726400,-1.626369,0.330783,0.017281,0.114005,5.572527,0.199854,-0.143903,-0.143903,0.000000,C-06,0,0,0,1,1,0,0.034540,-0.102645,0.7292,0.5902,0.2615,2,ok
0,250,2.749136,-1.618618,0.320932,0.020111,0.104154,5.596381,0.200452,-0.142911,-0.142911,0.000000,,0,0,0,1,1,0,0.035314,-0.097840,0.7708,0.5903,0.2638,2,ok
0,251,2.768110,-1.612304,0.323539,0.022322,0.106761,5.616255,0.199830,0.062090,0.062090,0.000000,C-06,0,0,0,1,1,0,0.035752,-0.118690,0.7708,0.5681,0.2612,2,ok
0,252,2.790837,-1.604742,0.330872,0.023779,0.071046,5.641356,0.199393,0.109394,0.109394,0.000000,,0,0,0,1,1,0,0.035680,-0.133648,0.7500,0.5738,0.2661,2,ok
0,253,2.813528,-1.596984,0.332332,0.025358,0.072505,5.665285,0.199873,0.015771,0.015771,0.000000,,0,0,0,1,1,0,0.035689,-0.147759,0.7083,0.5814,0.2644,2,ok
0,254,2.832508,-1.590486,0.306268,0.026174,0.005180,5.686475,0.201370,-0.497571,-0.497571,0.000000,C-06,0,0,0,1,1,0,0.035470,-0.160861,0.7083,0.5800,0.2615,2,ok
0,255,2.855529,-1.582688,0.265621,0.026627,-0.035467,5.710776,0.203537,-0.580884,-0.580884,0.000000,,0,0,0,1,1,0,0.033734,-0.186925,0.6875,0.5396,0.2649,2,ok
0,256,2.878706,-1.576151,0.265035,0.025620,-0.076438,5.735769,0.200135,0.080041,0.080041,0.000000,C-06,0,0,0,1,1,0,0.031069,-0.205475,0.7083,0.5516,0.2639,2,ok
0,257,2.897892,-1.570900,0.314622,0.024096,-0.026850,5.755602,0.197476,0.976147,0.976147,0.000000,C-06,0,0,0,1,1,0,0.023142,-0.274011,0.7083,0.5652,0.2613,2,ok
0,258,2.916837,-1.565278,0.335165,0.023001,-0.006308,5.775333,0.197663,0.303813,0.303813,0.000000,C-06,0,0,0,1,1,0,0.024301,-0.244640,0.8125,0.5569,0.2620,2,ok
0,259,2.939415,-1.558058,0.356892,0.021628,-0.020617,5.799802,0.197515,0.320242,0.320242,0.000000,,0,0,0,1,1,0,0.025806,-0.224438,0.7917,0.5306,0.2652,2,ok
0,260,2.958082,-1.551704,0.377630,0.020615,0.000121,5.819496,0.197107,0.374612,0.374612,0.000000,,0,0,0,1,1,0,0.024978,-0.213125,0.7917,0.5372,0.2662,2,ok
0,261,2.980291,-1.543465,0.399810,0.019859,-0.011493,5.843834,0.197432,0.332300,0.332300,0.000000,,0,0,0,1,1,0,0.024196,-0.201588,0.7708,0.5338,0.2645,2,ok
0,262,3.002266,-1.534771,0.428131,0.019016,0.016828,5.867450,0.196695,0.441398,0.441398,0.000000,,0,0,0,1,1,0,0.023605,-0.196640,0.7500,0.5395,0.2656,2,ok
0,263,3.020402,-1.526802,0.441517,0.019048,0.030214,5.887261,0.198222,0.236639,0.236639,0.000000,C-06,0,0,0,1,1,0,0.023695,-0.187186,0.7292,0.5501,0.2643,2,ok
0,264,3.042049,-1.516762,0.451327,0.018964,0.007275,5.911721,0.198901,0.147402,0.147402,0.000000,,0,0,0,1,1,0,0.024174,-0.177737,0.7292,0.5455,0.2640,2,ok
0,265,3.063580,-1.506544,0.463972,0.018948,0.019920,5.935554,0.198524,0.203279,0.203279,0.000000,,0,0,0,1,1,0,0.023914,-0.177972,0.7083,0.5565,0.2628,2,ok
0,266,3.081402,-1.497864,0.478643,0.018819,0.002594,5.956005,0.197993,0.286257,0.286257,0.000000,,0,0,0,1,1,0,0.021425,-0.180661,0.6667,0.5876,0.2642,2,ok
0,267,3.099010,-1.488738,0.511506,0.018843,0.035458,5.975839,0.197143,0.679086,0.679086,0.000000,C-06,0,0,0,1,1,0,0.018727,-0.170601,0.7083,0.6562,0.2660,2,ok
0,268,3.119833,-1.477200,0.527849,0.019535,0.051801,5.999634,0.198539,0.240072,0.240072,0.000000,C-06,0,0,0,1,1,0,0.022594,-0.151035,0.7292,0.6179,0.2649,2,ok
0,269,3.137129,-1.467219,0.522854,0.019850,0.015713,6.020201,0.200025,-0.125535,-0.125535,0.000000,C-06,0,0,0,1,1,0,0.022882,-0.143150,0.7917,0.6354,0.2675,2,ok
0,270,3.157919,-1.455243,0.524036,0.020209,0.016895,6.044191,0.199861,0.029893,0.029893,0.000000,C-06,0,0,0,1,1,0,0.025618,-0.146254,0.7708,0.5970,0.2660,2,ok
0,271,3.178631,-1.443234,0.536011,0.020172,-0.002140,6.068778,0.199013,0.209060,0.209060,0.000000,C-06,0,0,0,1,1,0,0.025160,-0.171577,0.7500,0.5547,0.2624,2,ok
0,272,3.195735,-1.433063,0.554572,0.020113,0.016421,6.088677,0.198294,0.387891,0.387891,0.000000,C-06,0,0,0,1,1,0,0.034432,-0.177933,0.7083,0.2534,0.2459,2,ok
0,273,3.215996,-1.420631,0.576825,0.020226,0.008578,6.113024,0.198196,0.375864,0.375864,0.000000,,0,0,0,1,1,0,0.025548,-0.172700,0.7083,0.5521,0.2633,2,ok
0,274,3.236142,-1.407627,0.569929,0.020353,0.001682,6.137002,0.200326,-0.160260,-0.160260,0.000000,C-06,0,0,0,1,1,0,0.025831,-0.163022,0.7083,0.5690,0.2636,2,ok
0,275,3.252942,-1.396806,0.578357,0.020440,0.010111,6.156985,0.199421,0.198433,0.198433,0.000000,C-06,0,0,0,1,1,0,0.027800,-0.186295,0.6875,0.5165,0.2615,2,ok
0,276,3.269464,-1.385854,0.622639,0.020298,0.024759,6.177440,0.196662,1.000000,1.000000,0.000000,C-06,0,0,0,1,1,0,0.027686,-0.200654,0.6875,0.4926,0.2632,2,ok
0,277,3.285488,-1.374236,0.659619,0.020862,0.061738,6.197225,0.198496,0.773356,0.773356,0.000000,C-06,0,0,0,1,1,0,0.028956,-0.170778,0.6875,0.5138,0.2693,2,ok
0,278,3.304437,-1.359508,0.658996,0.022163,0.032072,6.221815,0.200126,-0.066853,-0.066853,0.000000,C-06,0,0,0,1,1,0,0.033473,-0.159623,0.6875,0.4534,0.2666,2,ok
0,279,3.320237,-1.347257,0.661390,0.022804,0.034466,6.241797,0.199890,0.060898,0.060898,0.000000,,0,0,0,1,1,0,0.034806,-0.138165,0.7708,0.4852,0.2663,2,ok
0,280,3.336011,-1.334970,0.662803,0.023491,0.035879,6.261780,0.199951,0.028429,0.028429,0.000000,,0,0,0,1,1,0,0.032466,-0.146719,0.7708,0.5003,0.2640,2,ok
0,281,3.354919,-1.320197,0.664196,0.023853,0.008273,6.286444,0.199958,0.025011,0.025011,0.000000,,0,0,0,1,1,0,0.030976,-0.149593,0.7708,0.5296,0.2673,2,ok
0,282,3.370657,-1.307865,0.665919,0.024029,0.009996,6.306437,0.199938,0.038451,0.038451,0.000000,,0,0,0,1,1,0,0.038113,-0.170211,0.6875,0.2470,0.2455,2,ok
0,283,3.389523,-1.293035,0.666659,0.024031,-0.017885,6.331131,0.199982,0.011655,0.011655,0.000000,,0,0,0,1,1,0,0.026343,-0.177645,0.7083,0.6120,0.2660,2,ok
0,284,3.405150,-1.280608,0.682440,0.023774,-0.002105,6.351095,0.199646,0.371893,0.371893,0.000000,C-06,0,0,0,1,1,0,0.024199,-0.187951,0.7083,0.6351,0.2644,2,ok
0,285,3.420461,-1.267712,0.724921,0.024081,0.040376,6.371110,0.201231,0.996406,0.996406,0.000000,C-06,0,0,0,1,1,0,0.026627,-0.192648,0.7083,0.5898,0.2624,2,ok
0,286,3.438285,-1.251400,0.769895,0.024882,0.055867,6.395943,0.200821,0.787325,0.787325,0.000000,C-06,0,0,0,1,1,0,0.027128,-0.176576,0.7083,0.6415,0.2628,2,ok
0,287,3.452583,-1.237400,0.778696,0.026121,0.064667,6.415916,0.200054,0.131289,0.131289,0.000000,C-06,0,0,0,1,1,0,0.030580,-0.143359,0.7083,0.6586,0.2635,2,ok
0,288,3.466735,-1.223268,0.791743,0.027355,0.049150,6.436662,0.199909,0.279050,0.279050,0.000000,,0,0,0,1,1,0,0.033727,-0.125773,0.7708,0.6571,0.2640,2,ok
0,289,3.483502,-1.206118,0.802639,0.028667,0.060046,6.460611,0.199819,0.182894,0.182894,0.000000,,0,0,0,1,1,0,0.034310,-0.126696,0.7917,0.6796,0.2643,2,ok
0,290,3.497404,-1.191738,0.801064,0.029874,0.058471,6.480575,0.200048,-0.051839,-0.051839,0.000000,C-06,0,0,0,1,1,0,0.034982,-0.123082,0.7500,0.7150,0.2632,2,ok
0,291,3.511359,-1.177401,0.795586,0.030419,0.024181,6.501561,0.200074,-0.119938,-0.119938,0.000000,,0,0,0,1,1,0,0.037003,-0.129645,0.7708,0.6806,0.2614,2,ok
0,292,3.528163,-1.160264,0.795215,0.030908,0.023810,6.525557,0.200000,0.000615,0.000615,0.000000,,0,0,0,1,1,0,0.036179,-0.152312,0.7708,0.7014,0.2659,2,ok
0,293,3.542157,-1.145977,0.796514,0.031105,-0.004911,6.546293,0.199982,0.029030,0.029030,0.000000,,0,0,0,1,1,0,0.033149,-0.175515,0.7292,0.7635,0.2667,2,ok
0,294,3.556272,-1.131811,0.774418,0.030877,-0.027007,6.566290,0.199715,-0.503939,-0.503939,0.000000,C-06,0,0,0,1,1,0,0.033149,-0.175515,0.7292,0.7635,0.2667,2,ok
0,295,3.573510,-1.115164,0.759270,0.030142,-0.042155,6.590094,0.199617,-0.252125,-0.252125,0.000000,C-06,0,0,0,1,1,0,0.031114,-0.215003,0.6875,0.7695,0.2606,2,ok
0,296,3.587952,-1.101317,0.772480,0.028837,-0.058377,6.611117,0.200266,0.327144,0.327144,0.000000,C-06,0,0,0,1,1,0,0.024789,-0.266529,0.6875,0.8044,0.2560,2,ok
0,297,3.604935,-1.084364,0.798897,0.027776,-0.031961,6.635090,0.199663,0.466566,0.466566,0.000000,,0,0,0,1,1,0,0.022620,-0.269842,0.7083,0.8588,0.2581,2,ok
0,298,3.618731,-1.069974,0.820331,0.026937,-0.040720,6.655949,0.199084,0.451349,0.451349,0.000000,,0,0,0,1,1,0,0.029080,-0.255195,0.8125,0.6811,0.2572,2,ok
0,299,3.632264,-1.055321,0.834586,0.026183,-0.026466,6.675881,0.199377,0.294917,0.294917,0.000000,C-06,0,0,0,1,1,0,0.026547,-0.245365,0.7708,0.7666,0.2565,2,ok
0,300,3.648210,-1.037467,0.853776,0.025675,-0.007276,6.697787,0.199665,0.352576,0.352576,0.000000,,0,0,0,1,1,0,0.027074,-0.242019,0.7917,0.7486,0.2601,2,ok
0,301,3.661242,-1.022314,0.868502,0.025042,-0.024052,6.720461,0.199994,0.325241,0.325241,0.000000,,0,0,0,1,1,0,0.033635,-0.255855,0.7500,0.5481,0.2547,2,ok
0,302,3.674084,-1.006972,0.880117,0.024737,-0.012436,6.740466,0.200133,0.255176,0.255176,0.000000,,0,0,0,1,1,0,0.042626,-0.254825,0.7292,0.2733,0.2393,2,ok
0,303,3.689297,-0.988383,0.891937,0.024153,-0.032953,6.765382,0.200225,0.215497,0.215497,0.000000,,0,0,0,1,1,0,0.029950,-0.260095,0.7500,0.6457,0.2585,2,ok
0,304,3.701848,-0.972809,0.892539,0.023486,-0.032352,6.785373,0.199998,-0.002021,-0.002021,0.000000,C-06,0,0,0,1,1,0,0.028791,-0.268744,0.6875,0.6397,0.2593,2,ok
0,305,3.714408,-0.957252,0.889753,0.022802,-0.035138,6.805356,0.199936,-0.065775,-0.065775,0.000000,,0,0,0,1,1,0,0.029417,-0.288738,0.6875,0.5714,0.2565,2,ok
0,306,3.729494,-0.938573,0.894725,0.021252,-0.063645,6.830007,0.200118,0.100824,0.100824,0.000000,C-06,0,0,0,1,1,0,0.029417,-0.288738,0.6875,0.5714,0.2565,2,ok
0,307,3.741957,-0.922774,0.930005,0.020181,-0.028365,6.850101,0.202126,0.828557,0.828557,0.000000,C-06,0,0,0,1,1,0,0.022323,-0.302231,0.7708,0.5726,0.2510,2,ok
0,308,3.754019,-0.906558,0.960888,0.019310,-0.035294,6.870974,0.202381,0.637002,0.637002,0.000000,C-06,0,0,0,1,1,0,0.019457,-0.305485,0.7917,0.6102,0.2522,2,ok
0,309,3.767907,-0.886706,0.986841,0.018582,-0.009342,6.895191,0.202006,0.434372,0.434372,0.000000,C-06,0,0,0,1,1,0,0.024234,-0.267533,0.8125,0.5100,0.2588,2,ok
0,310,3.779006,-0.869972,0.995000,0.018477,-0.001183,6.914438,0.200726,0.149341,0.149341,0.000000,C-06,0,0,0,1,1,0,0.021780,-0.242785,0.7292,0.5510,0.2609,2,ok
0,311,3.792130,-0.849798,1.001660,0.017554,-0.033704,6.940060,0.200559,0.110655,0.110655,0.000000,,0,0,0,1,1,0,0.021723,-0.257544,0.7292,0.4983,0.2548,2,ok
0,312,3.802909,-0.832947,1.001889,0.016981,-0.033474,6.960055,0.199983,-0.004568,-0.004568,0.000000,,0,0,0,1,1,0,0.019874,-0.266773,0.7292,0.5068,0.2583,2,ok
0,313,3.813684,-0.816063,1.008885,0.015920,-0.067813,6.980850,0.200596,0.153448,0.153448,0.000000,C-06,0,0,0,1,1,0,0.016936,-0.275094,0.7083,0.5027,0.2613,2,ok
0,314,3.826547,-0.795615,1.032170,0.014256,-0.044528,7.004950,0.202279,0.411383,0.411383,0.000000,C-06,0,0,0,1,1,0,0.014322,-0.279176,0.7292,0.4881,0.2603,2,ok
0,315,3.837051,-0.778363,1.048361,0.013160,-0.028338,7.025118,0.201984,0.313127,0.313127,0.000000,,0,0,0,1,1,0,0.009905,-0.273516,0.6875,0.5233,0.2613,2,ok
0,316,3.847198,-0.760901,1.076413,0.011602,-0.041363,7.045827,0.202970,0.574074,0.574074,0.000000,C-06,0,0,0,1,1,0,0.012148,-0.267023,0.7500,0.4565,0.2620,2,ok
0,317,3.859282,-0.739541,1.120067,0.009989,0.002291,7.070315,0.205634,0.709983,0.709983,0.000000,,0,0,0,1,1,0,0.012054,-0.252027,0.7708,0.4279,0.2612,2,ok
0,318,3.868383,-0.721461,1.136283,0.009228,-0.020896,7.090941,0.202087,0.263755,0.263755,0.000000,C-06,0,0,0,1,1,0,0.012424,-0.215917,0.7917,0.4397,0.2599,2,ok
0,319,3.877092,-0.703272,1.147566,0.008451,-0.009613,7.111093,0.201644,0.205488,0.205488,0.000000,,0,0,0,1,1,0,0.013681,-0.201827,0.8125,0.4032,0.2654,2,ok
0,320,3.887073,-0.681362,1.152760,0.007983,-0.004419,7.135164,0.200573,0.072089,0.072089,0.000000,,0,0,0,1,1,0,0.011749,-0.195740,0.7917,0.4211,0.2650,2,ok
0,321,3.895198,-0.663026,1.168467,0.007143,-0.025812,7.155465,0.201059,0.308249,0.308249,0.000000,C-06,0,0,0,1,1,0,0.009819,-0.193353,0.7917,0.4303,0.2648,2,ok
0,322,3.903312,-0.644560,1.185033,0.006357,-0.009246,7.175621,0.202227,0.300705,0.300705,0.000000,,0,0,0,1,1,0,0.009165,-0.212914,0.7917,0.4207,0.2625,2,ok
0,323,3.912381,-0.622357,1.175860,0.005727,-0.052061,7.199789,0.199372,-0.169070,-0.169070,0.000000,C-06,0,0,0,1,1,0,0.009130,-0.205936,0.7292,0.4136,0.2611,2,ok
0,324,3.919902,-0.603946,1.162696,0.004844,-0.065225,7.219657,0.198437,-0.246280,-0.246280,0.000000,,0,0,0,1,1,0,0.004939,-0.220203,0.7083,0.4332,0.2635,2,ok
0,325,3.929316,-0.581825,1.185668,0.003427,-0.042253,7.243527,0.201292,0.400842,0.400842,0.000000,C-06,0,0,0,1,1,0,0.001572,-0.245358,0.6875,0.4218,0.2596,2,ok
0,326,3.937184,-0.563232,1.201047,0.001541,-0.057756,7.263882,0.202234,0.265188,0.265188,0.000000,,0,0,0,1,1,0,-0.000282,-0.245149,0.7083,0.4341,0.2591,2,ok
0,327,3.944838,-0.544495,1.227493,-0.000091,-0.031310,7.284056,0.203145,0.489297,0.489297,0.000000,C-06,0,0,0,1,1,0,-0.001271,-0.226160,0.7500,0.4273,0.2583,2,ok
0,328,3.953800,-0.521785,1.255555,-0.002056,-0.033171,7.308363,0.203469,0.402178,0.402178,0.000000,,0,0,0,1,1,0,-0.000265,-0.212087,0.8125,0.3895,0.2606,2,ok
0,329,3.960389,-0.502733,1.266604,-0.003106,-0.022122,7.328494,0.201404,0.170642,0.170642,0.000000,C-06,0,0,0,1,1,0,0.000905,-0.192997,0.8125,0.3625,0.2602,2,ok
0,330,3.966738,-0.483598,1.285978,-0.003902,-0.002748,7.348639,0.202086,0.348064,0.348064,0.000000,C-06,0,0,0,1,1,0,-0.003429,-0.181464,0.7500,0.4605,0.2619,2,ok
0,331,3.974348,-0.460466,1.317273,-0.005403,0.000162,7.372835,0.203654,0.444876,0.444876,0.000000,,0,0,0,1,1,0,-0.002320,-0.172164,0.7708,0.4165,0.2638,2,ok
0,332,3.980359,-0.441046,1.341944,-0.006349,0.024833,7.393142,0.203219,0.405191,0.405191,0.000000,,0,0,0,1,1,0,-0.002884,-0.152929,0.7292,0.4737,0.2691,2,ok
0,333,3.985128,-0.421550,1.347889,-0.006325,0.004993,7.413036,0.200488,0.068900,0.068900,0.000000,C-06,0,0,0,1,1,0,-0.002176,-0.139215,0.7500,0.4782,0.2721,2,ok
0,334,3.990447,-0.398156,1.342575,-0.006281,-0.000321,7.437027,0.199773,-0.083310,-0.083310,0.000000,C-06,0,0,0,1,1,0,-0.001966,-0.141171,0.7083,0.4788,0.2667,2,ok
0,335,3.994868,-0.378710,1.326034,-0.006244,-0.016862,7.456969,0.199059,-0.295211,-0.295211,0.000000,C-06,0,0,0,1,1,0,-0.001780,-0.159691,0.7292,0.4692,0.2644,2,ok
0,336,3.999700,-0.359294,1.333030,-0.007079,-0.035481,7.476810,0.200344,0.151044,0.151044,0.000000,C-06,0,0,0,1,1,0,-0.006115,-0.183573,0.6875,0.5079,0.2690,2,ok
0,337,4.005538,-0.335911,1.355285,-0.008119,-0.013226,7.500889,0.201294,0.313041,0.313041,0.000000,C-06,0,0,0,1,1,0,-0.006115,-0.183573,0.6875,0.5079,0.2690,2,ok
0,338,4.010402,-0.316311,1.387709,-0.009207,-0.005714,7.520853,0.202517,0.545243,0.545243,0.000000,C-06,0,0,0,1,1,0,-0.007449,-0.180773,0.8333,0.4878,0.2594,2,ok
0,339,4.015667,-0.292663,1.410367,-0.010198,0.016944,7.545061,0.201784,0.279659,0.279659,0.000000,C-06,0,0,0,1,1,0,-0.004094,-0.158376,0.7917,0.4425,0.2583,2,ok
0,340,4.019804,-0.272886,1.433145,-0.010764,0.039722,7.563508,0.202188,0.359708,0.359708,0.000000,,0,0,0,1,1,0,-0.008415,-0.143266,0.7500,0.5894,0.2642,2,ok
0,341,4.023198,-0.253055,1.447402,-0.011142,0.030114,7.585100,0.201076,0.206543,0.206543,0.000000,C-06,0,0,0,1,1,0,-0.006526,-0.130079,0.7708,0.5620,0.2649,2,ok
0,342,4.026686,-0.229220,1.459440,-0.010961,0.042152,7.609188,0.200696,0.149170,0.149170,0.000000,,0,0,0,1,1,0,-0.003412,-0.128239,0.7917,0.5011,0.2641,2,ok
0,343,4.029301,-0.209335,1.467833,-0.010814,0.026412,7.628987,0.200542,0.125439,0.125439,0.000000,,0,0,0,1,1,0,-0.005627,-0.127240,0.7917,0.5528,0.2691,2,ok
0,344,4.031751,-0.189433,1.476169,-0.010682,0.034748,7.649039,0.200511,0.125826,0.125826,0.000000,,0,0,0,1,1,0,-0.005878,-0.130873,0.7292,0.6076,0.2682,2,ok
0,345,4.034109,-0.165552,1.464193,-0.010024,-0.001929,7.672795,0.199822,-0.172744,-0.172744,0.000000,C-06,0,0,0,1,1,0,-0.005039,-0.131212,0.7500,0.5911,0.2659,2,ok
0,346,4.036049,-0.145672,1.458392,-0.009848,-0.007729,7.692768,0.199689,-0.081628,-0.081628,0.000000,,0,0,0,1,1,0,-0.006712,-0.167257,0.7292,0.6147,0.2664,2,ok
0,347,4.038240,-0.125783,1.475727,-0.009922,0.009605,7.712778,0.200299,0.301897,0.301897,0.000000,C-06,0,0,0,1,1,0,-0.003801,-0.180530,0.7708,0.5210,0.2566,2,ok
0,348,4.040892,-0.101862,1.505043,-0.010386,0.014751,7.736587,0.200770,0.368476,0.368476,0.000000,,0,0,0,1,1,0,-0.007051,-0.178798,0.8333,0.6068,0.2634,2,ok
0,349,4.042694,-0.081898,1.516209,-0.010571,0.025918,7.756632,0.200406,0.145816,0.145816,0.000000,C-06,0,0,0,1,1,0,-0.003216,-0.163566,0.7708,0.5675,0.2596,2,ok
0,350,4.044358,-0.061920,1.532401,-0.010617,0.042110,7.775739,0.200536,0.244075,0.244075,0.000000,,0,0,0,1,1,0,-0.004775,-0.157238,0.7708,0.6171,0.2660,2,ok
0,351,4.046336,-0.037929,1.557636,-0.011302,0.041909,7.800464,0.200590,0.305132,0.305132,0.000000,,0,0,0,1,1,0,-0.002412,-0.150317,0.7917,0.5614,0.2643,2,ok
0,352,4.047846,-0.017929,1.585434,-0.011717,0.069707,7.820516,0.200484,0.400367,0.400367,0.000000,,0,0,0,1,1,0,-0.001369,-0.148235,0.7708,0.5582,0.2615,2,ok
0,353,4.047575,0.006069,1.578540,-0.010488,0.036760,7.844230,0.200022,-0.119161,-0.119161,0.000000,C-06,0,0,0,1,1,0,-0.000124,-0.135789,0.7292,0.5844,0.2651,2,ok
0,354,4.047239,0.026068,1.560638,-0.009513,0.018857,7.864208,0.200020,-0.267051,-0.267051,0.000000,,0,0,0,1,1,0,-0.001055,-0.151572,0.7292,0.6087,0.2665,2,ok
0,355,4.047105,0.046066,1.552780,-0.008741,0.010999,7.882045,0.199970,-0.098251,-0.098251,0.000000,C-06,0,0,0,1,1,0,-0.003377,-0.181462,0.6875,0.6181,0.2617,2,ok
0,356,4.047483,0.070065,1.572555,-0.009134,0.003188,7.907927,0.200029,0.270249,0.270249,0.000000,C-06,0,0,0,1,1,0,-0.004731,-0.213644,0.7292,0.6037,0.2609,2,ok
0,357,4.047823,0.090060,1.608214,-0.009438,0.038847,7.927923,0.199904,0.537432,0.537432,0.000000,C-06,0,0,0,1,1,0,-0.007478,-0.213912,0.7500,0.6731,0.2629,2,ok
0,358,4.048164,0.110031,1.639462,-0.010059,0.040433,7.947636,0.199580,0.450198,0.450198,0.000000,,0,0,0,1,1,0,-0.004222,-0.192859,0.8125,0.6193,0.2626,2,ok
0,359,4.047745,0.133949,1.666497,-0.010220,0.067468,7.971557,0.199212,0.326346,0.326346,0.000000,,0,0,0,1,1,0,-0.005717,-0.163709,0.7917,0.7128,0.2661,2,ok
0,360,4.045921,0.153855,1.666617,-0.008878,0.067588,7.989261,0.200014,-0.028614,-0.028614,0.000000,C-06,0,0,0,1,1,0,-0.002393,-0.147662,0.8333,0.6628,0.2643,2,ok
0,361,4.044009,0.173758,1.672970,-0.008174,0.041091,8.011188,0.199880,0.108791,0.108791,0.000000,,0,0,0,1,1,0,-0.003102,-0.145697,0.7917,0.6982,0.2654,2,ok
0,362,4.041716,0.197583,1.713634,-0.007246,0.081756,8.035105,0.198940,0.578493,0.578493,0.000000,C-06,0,0,0,1,1,0,-0.006438,-0.161089,0.7708,0.7936,0.2728,2,ok
0,363,4.039440,0.217355,1.728655,-0.006515,0.063309,8.054744,0.199018,0.202262,0.202262,0.000000,C-06,0,0,0,1,1,0,-0.005394,-0.165454,0.8125,0.7878,0.2708,2,ok
0,364,4.036392,0.237109,1.725028,-0.005328,0.059683,8.074697,0.200035,-0.081034,-0.081034,0.000000,C-06,0,0,0,1,1,0,-0.002847,-0.148658,0.7500,0.7814,0.2700,2,ok
0,365,4.032672,0.260836,1.718532,-0.003843,0.053187,8.098089,0.200228,-0.084666,-0.084666,0.000000,,0,0,0,1,1,0,-0.001685,-0.146250,0.7500,0.8157,0.2732,2,ok
0,366,4.029624,0.280622,1.715993,-0.003452,0.016007,8.118534,0.200190,-0.036093,-0.036093,0.000000,,0,0,0,1,1,0,-0.003742,-0.183253,0.7083,0.8299,0.2699,2,ok
0,367,4.026146,0.304355,1.725189,-0.003135,0.025203,8.142519,0.199737,0.132717,0.132717,0.000000,C-06,0,0,0,1,1,0,-0.004626,-0.195352,0.7500,0.8653,0.2664,2,ok
0,368,4.023256,0.324094,1.740770,-0.003197,0.006100,8.162365,0.199255,0.255249,0.255249,0.000000,,0,0,0,1,1,0,-0.005128,-0.198836,0.8125,0.8924,0.2650,2,ok
0,369,4.020243,0.343789,1.749891,-0.003469,0.015220,8.182288,0.199237,0.135767,0.135767,0.000000,,0,0,0,1,1,0,-0.005211,-0.196643,0.7917,0.9074,0.2675,2,ok
0,370,4.016112,0.367397,1.753442,-0.003283,0.018772,8.206254,0.199743,0.043120,0.043120,0.000000,,0,0,0,1,1,0,-0.007743,-0.195016,0.7917,0.9939,0.2733,2,ok
0,371,4.012535,0.387033,1.771704,-0.003610,0.003810,8.226106,0.199269,0.321279,0.321279,0.000000,C-06,0,0,0,1,1,0,-0.011547,-0.205652,0.8125,1.0755,0.2733,2,ok
0,372,4.008952,0.406577,1.798423,-0.003929,0.030529,8.245973,0.198175,0.445726,0.445726,0.000000,,0,0,0,1,1,0,-0.007675,-0.221405,0.7708,1.0083,0.2643,2,ok
0,373,4.003614,0.429951,1.798769,-0.003582,-0.002039,8.269826,0.199984,-0.029172,-0.029172,0.000000,C-06,0,0,0,1,1,0,-0.009823,-0.214985,0.7500,1.1031,0.2726,2,ok
0,374,3.999099,0.449452,1.790012,-0.003643,-0.010796,8.289842,0.200344,-0.153570,-0.153570,0.000000,,0,0,0,1,1,0,-0.008634,-0.222649,0.7708,1.0971,0.2649,2,ok
0,375,3.994730,0.468923,1.816662,-0.003839,0.015854,8.309796,0.198897,0.511310,0.511310,0.000000,C-06,0,0,0,1,1,0,-0.013436,-0.247875,0.7083,1.1663,0.2697,2,ok
0,376,3.989502,0.492058,1.863499,-0.004588,0.029015,8.333388,0.196506,0.663529,0.663529,0.000000,C-06,0,0,0,1,1,0,-0.012785,-0.250124,0.7292,1.1798,0.2666,2,ok
0,377,3.985004,0.511093,1.901610,-0.005130,0.067125,8.352940,0.195305,0.657383,0.657383,0.000000,,0,0,0,1,1,0,-0.012273,-0.236841,0.7500,1.1861,0.2724,2,ok
0,378,3.978962,0.529957,1.915448,-0.004282,0.045288,8.372567,0.198372,0.206953,0.206953,0.000000,C-06,0,0,0,1,1,0,-0.002754,-0.204558,0.7917,1.0868,0.2667,2,ok
0,379,3.970960,0.552563,1.910000,-0.003243,0.039839,8.396525,0.200114,-0.098844,-0.098844,0.000000,C-06,0,0,0,1,1,0,-0.001506,-0.195255,0.8125,1.1022,0.2691,2,ok
0,380,3.964303,0.571413,1.913863,-0.002392,0.043703,8.416497,0.199770,0.081103,0.081103,0.000000,C-06,0,0,0,1,1,0,-0.002326,-0.216205,0.7917,1.1339,0.2628,2,ok
0,381,3.956276,0.593893,1.945586,-0.001919,0.038002,8.440283,0.197885,0.505683,0.505683,0.000000,C-06,0,0,0,1,1,0,-0.001720,-0.228841,0.7708,1.1265,0.2666,2,ok
0,382,3.949445,0.612436,1.963380,-0.001541,0.055796,8.460041,0.197616,0.306665,0.306665,0.000000,C-06,0,0,0,1,1,0,0.000389,-0.237266,0.7708,1.1229,0.2664,2,ok
0,383,3.941943,0.630961,1.948301,-0.000523,0.040716,8.478318,0.200580,-0.326978,-0.326978,0.000000,C-06,0,0,0,1,1,0,-0.000846,-0.238093,0.7708,1.1925,0.2693,2,ok
0,384,3.932888,0.653345,1.931360,-0.000385,-0.016840,8.504123,0.201731,-0.247912,-0.247912,0.000000,,0,0,0,1,1,0,-0.002808,-0.263113,0.8125,1.2299,0.2614,2,ok
0,385,3.925712,0.671976,1.958188,-0.000547,0.009988,8.524088,0.198606,0.552503,0.552503,0.000000,C-06,0,0,0,1,1,0,-0.007846,-0.297148,0.7083,1.3086,0.2571,2,ok
0,386,3.918566,0.690368,1.991136,-0.001087,0.000167,8.543782,0.196211,0.604721,0.604721,0.000000,,0,0,0,1,1,0,-0.009105,-0.326462,0.6875,1.2914,0.2641,2,ok
0,387,3.909688,0.712071,2.032621,-0.001776,0.041651,8.567221,0.195415,0.650320,0.650320,0.000000,,0,0,0,1,1,0,-0.008951,-0.300546,0.7500,1.3187,0.2578,2,ok
0,388,3.901552,0.729799,2.072072,-0.001531,0.081103,8.586725,0.195039,0.768251,0.768251,0.000000,,0,0,0,1,1,0,-0.003819,-0.271753,0.8542,1.2413,0.2577,2,ok
0,389,3.892363,0.747213,2.096950,-0.000987,0.060466,8.606342,0.197176,0.464985,0.464985,0.000000,C-06,0,0,0,1,1,0,0.001093,-0.249075,0.8333,1.1745,0.2579,2,ok
0,390,3.880467,0.767887,2.109202,0.000426,0.072718,8.630153,0.198915,0.185549,0.185549,0.000000,C-06,0,0,0,1,1,0,0.004843,-0.231077,0.8542,1.1259,0.2571,2,ok
0,391,3.870281,0.785087,2.101836,0.001595,0.017898,8.650174,0.200314,-0.176865,-0.176865,0.000000,C-06,0,0,0,1,1,0,0.005659,-0.231633,0.8333,1.1220,0.2574,2,ok
0,392,3.860156,0.802246,2.121376,0.002041,0.037438,8.670092,0.198325,0.441380,0.441380,0.000000,C-06,0,0,0,1,1,0,0.006128,-0.245276,0.7708,1.0994,0.2519,2,ok
0,393,3.847700,0.822440,2.163218,0.003036,0.079281,8.693798,0.196836,0.732780,0.732780,0.000000,C-06,0,0,0,1,1,0,0.005833,-0.281184,0.7708,1.1269,0.2533,2,ok
0,394,3.836661,0.839048,2.156687,0.003882,0.022932,8.713897,0.200071,-0.212999,-0.212999,0.000000,C-06,0,0,0,1,1,0,0.010172,-0.264211,0.7500,1.0766,0.2530,2,ok
0,395,3.823366,0.859138,2.142451,0.004440,0.008696,8.737980,0.201223,-0.244932,-0.244932,0.000000,,0,0,0,1,1,0,0.012649,-0.286168,0.7708,1.0024,0.2513,2,ok
0,396,3.812525,0.875854,2.164459,0.004717,0.030704,8.756998,0.198102,0.514359,0.514359,0.000000,C-06,0,0,0,1,1,0,0.011447,-0.323201,0.7083,0.9762,0.2435,2,ok
0,397,3.801462,0.892260,2.195468,0.004274,0.009625,8.777929,0.197847,0.661310,0.661310,0.000000,,0,0,0,1,1,0,0.013487,-0.350612,0.7292,0.9186,0.2420,2,ok
0,398,3.787365,0.911423,2.238605,0.004778,0.052761,8.801713,0.198744,0.779077,0.779077,0.000000,,0,0,0,1,1,0,0.013659,-0.334953,0.7917,0.9040,0.2461,2,ok
0,399,3.774837,0.926935,2.268935,0.005655,0.029398,8.821924,0.199811,0.658808,0.658808,0.000000,,0,0,0,1,1,0,0.014992,-0.313306,0.8125,0.8823,0.2530,2,ok
0,400,3.761775,0.942126,2.296467,0.006524,0.056930,8.841940,0.200813,0.606256,0.606256,0.000000,,0,0,0,1,1,0,0.016740,-0.290935,0.8125,0.8404,0.2533,2,ok
0,401,3.745623,0.960016,2.321379,0.008153,0.081842,8.865988,0.200945,0.434953,0.434953,0.000000,C-06,0,0,0,1,1,0,0.022493,-0.277430,0.8333,0.7219,0.2516,2,ok
0,402,3.731966,0.974637,2.321972,0.008941,0.027486,8.886454,0.199957,-0.020886,-0.020886,0.000000,C-06,0,0,0,1,1,0,0.023013,-0.262320,0.7917,0.7089,0.2561,2,ok
0,403,3.718257,0.989232,2.331011,0.009558,0.036524,8.906468,0.200324,0.210537,0.210537,0.000000,C-06,0,0,0,1,1,0,0.022481,-0.283316,0.8125,0.6813,0.2547,2,ok
0,404,3.701534,1.006490,2.353507,0.010473,0.002638,8.931065,0.200089,0.405018,0.405018,0.000000,C-06,0,0,0,1,1,0,0.020028,-0.296647,0.7500,0.6975,0.2544,2,ok
0,405,3.687344,1.020576,2.366537,0.010670,0.015669,8.951058,0.199853,0.259580,0.259580,0.000000,,0,0,0,1,1,0,0.021872,-0.297191,0.7500,0.6156,0.2538,2,ok
0,406,3.672999,1.034463,2.381822,0.011117,0.030953,8.971019,0.199520,0.325379,0.325379,0.000000,,0,0,0,1,1,0,0.022383,-0.294829,0.7708,0.5724,0.2574,2,ok
0,407,3.655526,1.050713,2.414706,0.011507,0.007160,8.995533,0.199033,0.605735,0.605735,0.000000,C-06,0,0,0,1,1,0,0.020720,-0.300008,0.7292,0.5694,0.2585,2,ok
0,408,3.640502,1.063868,2.432250,0.011816,0.024704,9.015499,0.199826,0.369395,0.369395,0.000000,C-06,0,0,0,1,1,0,0.021496,-0.282325,0.7500,0.5274,0.2577,2,ok
0,409,3.622108,1.079305,2.456862,0.012690,0.049317,9.039496,0.200353,0.462499,0.462499,0.000000,,0,0,0,1,1,0,0.018120,-0.267540,0.8333,0.5765,0.2611,2,ok
0,410,3.606520,1.091895,2.471968,0.012709,0.007912,9.060283,0.200460,0.321340,0.321340,0.000000,,0,0,0,1,1,0,0.016816,-0.251581,0.8125,0.5842,0.2640,2,ok
0,411,3.590824,1.104298,2.473460,0.012851,0.009404,9.080287,0.200015,0.010482,0.010482,0.000000,C-06,0,0,0,1,1,0,0.019914,-0.244449,0.8125,0.4788,0.2596,2,ok
0,412,3.571929,1.119137,2.481407,0.012743,-0.038256,9.105024,0.200282,0.153664,0.153664,0.000000,,0,0,0,1,1,0,0.016243,-0.247500,0.8542,0.5138,0.2618,2,ok
0,413,3.556013,1.131381,2.503855,0.012039,-0.015808,9.125092,0.201494,0.552325,0.552325,0.000000,C-06,0,0,0,1,1,0,0.014374,-0.265615,0.7708,0.5019,0.2600,2,ok
0,414,3.539846,1.143333,2.520163,0.011718,0.000499,9.145195,0.201107,0.332249,0.332249,0.000000,C-06,0,0,0,1,1,0,0.014550,-0.267716,0.7500,0.4659,0.2589,2,ok
0,415,3.520272,1.157324,2.528273,0.010922,-0.043284,9.169886,0.200466,0.128409,0.128409,0.000000,C-06,0,0,0,1,1,0,0.013738,-0.255956,0.7708,0.4519,0.2591,2,ok
0,416,3.503890,1.168860,2.532933,0.009949,-0.038624,9.189899,0.200360,0.094938,0.094938,0.000000,,0,0,0,1,1,0,0.011538,-0.252982,0.7708,0.4366,0.2574,2,ok
0,417,3.487402,1.180346,2.547864,0.009074,-0.023693,9.209974,0.201420,0.330497,0.330497,0.000000,C-06,0,0,0,1,1,0,0.007453,-0.259903,0.7292,0.4592,0.2606,2,ok
0,418,3.467334,1.193869,2.575257,0.007238,-0.042060,9.234565,0.202475,0.478826,0.478826,0.000000,,0,0,0,1,1,0,0.004029,-0.251958,0.7917,0.4831,0.2637,2,ok
0,419,3.450288,1.204835,2.608334,0.006061,-0.008983,9.254800,0.203958,0.676498,0.676498,0.000000,C-06,0,0,0,1,1,0,0.006459,-0.247813,0.7500,0.4180,0.2581,2,ok
0,420,3.432979,1.215243,2.624029,0.005205,-0.034717,9.275195,0.201776,0.275615,0.275615,0.000000,C-06,0,0,0,1,1,0,0.007282,-0.219355,0.7917,0.4007,0.2571,2,ok
0,421,3.412029,1.227368,2.639870,0.004008,-0.018877,9.299370,0.201745,0.257074,0.257074,0.000000,,0,0,0,1,1,0,0.007965,-0.205372,0.8333,0.3791,0.2602,2,ok
0,422,3.394374,1.237089,2.667033,0.003441,0.008286,9.319517,0.202495,0.554170,0.554170,0.000000,C-06,0,0,0,1,1,0,0.005165,-0.193992,0.8333,0.4135,0.2636,2,ok
0,423,3.372893,1.248535,2.691438,0.002464,-0.002729,9.343933,0.202911,0.374898,0.374898,0.000000,C-06,0,0,0,1,1,0,0.005295,-0.185345,0.8333,0.4211,0.2631,2,ok
0,424,3.354839,1.257484,2.701731,0.002199,0.007564,9.364081,0.201428,0.183185,0.183185,0.000000,C-06,0,0,0,1,1,0,0.006375,-0.162433,0.7708,0.3952,0.2611,2,ok
0,425,3.336781,1.266108,2.691090,0.001939,-0.032977,9.384163,0.199608,-0.231970,-0.231970,0.000000,C-06,0,0,0,1,1,0,0.004757,-0.155811,0.7500,0.4096,0.2636,2,ok
0,426,3.315246,1.276435,2.677800,0.001136,-0.046266,9.408033,0.198545,-0.208078,-0.208078,0.000000,,0,0,0,1,1,0,0.002883,-0.165748,0.7292,0.4208,0.2651,2,ok
0,427,3.297379,1.285300,2.673885,0.000196,-0.050182,9.427956,0.199555,-0.061121,-0.061121,0.000000,,0,0,0,1,1,0,0.000485,-0.189978,0.7292,0.3994,0.2591,2,ok
0,428,3.279404,1.294308,2.705027,-0.001318,-0.046744,9.448008,0.202280,0.646467,0.646467,0.000000,C-06,0,0,0,1,1,0,-0.000150,-0.212697,0.7708,0.3570,0.2627,2,ok
0,429,3.257451,1.305126,2.747052,-0.003030,-0.004719,9.472422,0.205333,0.645165,0.645165,0.000000,,0,0,0,1,1,0,-0.003039,-0.213145,0.7500,0.3962,0.2627,2,ok
0,430,3.238913,1.313359,2.765540,-0.003890,-0.012247,9.492607,0.202598,0.307684,0.307684,0.000000,C-06,0,0,0,1,1,0,-0.001249,-0.179471,0.8125,0.3888,0.2663,2,ok
0,431,3.220249,1.321245,2.782844,-0.004614,0.005058,9.512856,0.202632,0.309420,0.309420,0.000000,,0,0,0,1,1,0,0.000273,-0.149515,0.8333,0.3733,0.2646,2,ok
0,432,3.197783,1.329776,2.779686,-0.004586,0.001900,9.535228,0.199948,-0.073631,-0.073631,0.000000,C-06,0,0,0,1,1,0,-0.000547,-0.133376,0.7917,0.3935,0.2650,2,ok
0,433,3.179036,1.336861,2.793635,-0.005124,-0.008628,9.556796,0.200873,0.280016,0.280016,0.000000,C-06,0,0,0,1,1,0,-0.001688,-0.137461,0.7917,0.3916,0.2663,2,ok
0,434,3.160161,1.343949,2.816644,-0.005578,0.014380,9.576952,0.202272,0.416363,0.416363,0.000000,,0,0,0,1,1,0,-0.000722,-0.145101,0.7500,0.3437,0.2625,2,ok
0,435,3.137365,1.352003,2.829576,-0.005903,0.004359,9.601016,0.201400,0.169344,0.169344,0.000000,C-06,0,0,0,1,1,0,0.000265,-0.133164,0.7708,0.3479,0.2618,2,ok
0,436,3.118318,1.358272,2.833301,-0.005923,0.008084,9.621068,0.200443,0.054975,0.054975,0.000000,,0,0,0,1,1,0,0.001692,-0.124762,0.7292,0.3223,0.2647,2,ok
0,437,3.095534,1.365617,2.807950,-0.005899,-0.039973,9.644855,0.198698,-0.407184,-0.407184,0.000000,C-06,0,0,0,1,1,0,0.000961,-0.128680,0.7083,0.3255,0.2628,2,ok
0,438,3.076645,1.372156,2.806440,-0.006741,-0.041482,9.664825,0.199959,-0.005033,-0.005033,0.000000,C-06,0,0,0,1,1,0,-0.003634,-0.152549,0.7708,0.3599,0.2631,2,ok
0,439,3.057691,1.378734,2.829120,-0.007603,-0.018803,9.684870,0.201286,0.421826,0.421826,0.000000,C-06,0,0,0,1,1,0,-0.005286,-0.164842,0.8125,0.3264,0.2661,2,ok
0,440,3.034727,1.386628,2.865426,-0.008850,-0.002872,9.708976,0.203268,0.524436,0.524436,0.000000,,0,0,0,1,1,0,-0.005936,-0.164075,0.8750,0.3299,0.2646,2,ok
0,441,3.015453,1.392443,2.875801,-0.009252,0.007504,9.729105,0.201146,0.145870,0.145870,0.000000,C-06,0,0,0,1,1,0,-0.003976,-0.132381,0.8333,0.3270,0.2648,2,ok
0,442,2.996142,1.397882,2.880627,-0.009280,0.012329,9.746404,0.200568,0.074198,0.074198,0.000000,,0,0,0,1,1,0,-0.003142,-0.115665,0.8125,0.3269,0.2662,2,ok
0,443,2.972954,1.404088,2.880658,-0.009605,-0.008867,9.772960,0.200001,-0.004145,-0.004145,0.000000,,0,0,0,1,1,0,-0.003581,-0.117298,0.7917,0.3354,0.2654,2,ok
0,444,2.953583,1.409248,2.902168,-0.009801,0.012642,9.793006,0.200970,0.393025,0.393025,0.000000,C-06,0,0,0,1,1,0,-0.004874,-0.126762,0.8333,0.3273,0.2646,2,ok
0,445,2.934105,1.414408,2.923137,-0.010195,0.013823,9.812996,0.201902,0.339489,0.339489,0.000000,,0,0,0,1,1,0,-0.003950,-0.118001,0.7708,0.3310,0.2619,2,ok
0,446,2.910641,1.420104,2.936074,-0.010276,0.026760,9.837142,0.201149,0.164101,0.164101,0.000000,C-06,0,0,0,1,1,0,-0.003092,-0.113526,0.7708,0.3243,0.2639,2,ok
0,447,2.891097,1.424276,2.915845,-0.009923,-0.013106,9.856884,0.199309,-0.389973,-0.389973,0.000000,C-06,0,0,0,1,1,0,-0.001708,-0.103939,0.7083,0.3306,0.2662,2,ok
0,448,2.871639,1.428406,2.900965,-0.009889,-0.027987,9.876774,0.198615,-0.233022,-0.233022,0.000000,C-06,0,0,0,1,1,0,-0.002702,-0.120830,0.7292,0.3174,0.2622,2,ok
0,449,2.848305,1.434027,2.912274,-0.010503,-0.016677,9.900769,0.200377,0.182861,0.182861,0.000000,C-06,0,0,0,1,1,0,-0.006156,-0.142248,0.7708,0.3146,0.2626,2,ok
0,450,2.828787,1.438748,2.932312,-0.011351,-0.015227,9.920634,0.201204,0.342424,0.342424,0.000000,C-06,0,0,0,1,1,0,-0.007633,-0.142850,0.8125,0.3104,0.2632,2,ok
0,451,2.805248,1.444413,2.958755,-0.012416,0.011217,9.944821,0.202209,0.354708,0.354708,0.000000,,0,0,0,1,1,0,-0.007975,-0.129444,0.8125,0.3431,0.2660,2,ok
0,452,2.785556,1.448643,2.972554,-0.012956,0.005677,9.964736,0.201311,0.206138,0.206138,0.000000,,0,0,0,1,1,0,-0.006281,-0.114601,0.7917,0.3227,0.2644,2,ok
0,453,2.765832,1.452218,2.977436,-0.013045,0.010560,9.984782,0.200382,0.065538,0.065538,0.000000,,0,0,0,1,1,0,-0.008391,-0.104698,0.7917,0.3849,0.2685,2,ok
0,454,2.742117,1.456343,2.999144,-0.012981,0.032268,10.008505,0.200900,0.304660,0.304660,0.000000,C-06,0,0,0,1,1,0,-0.007488,-0.104974,0.7917,0.3523,0.2639,2,ok
0,455,2.722293,1.459777,3.018594,-0.013265,0.033332,10.028744,0.201411,0.299618,0.299618,0.000000,,0,0,0,1,1,0,-0.005799,-0.095831,0.7500,0.3315,0.2626,3,ok
0,456,2.702425,1.462978,3.034837,-0.013308,0.049575,10.048869,0.201180,0.242996,0.242996,0.000000,,0,0,0,1,1,0,-0.004139,-0.081052,0.7083,0.3285,0.2635,2,ok
0,457,2.678559,1.465605,3.036607,-0.012390,0.033609,10.072613,0.200041,0.010240,0.010240,0.000000,C-06,0,0,0,1,1,0,-0.003294,-0.077570,0.7292,0.3271,0.2638,2,ok
0,458,2.658663,1.467738,3.043017,-0.011764,0.040019,10.092613,0.200162,0.104499,0.104499,0.000000,,0,0,0,1,1,0,-0.003961,-0.077597,0.7917,0.3666,0.2701,2,ok
0,459,2.638753,1.469872,3.050623,-0.011136,0.047625,10.112627,0.200305,0.115221,0.115221,0.000000,,0,0,0,1,1,0,-0.003365,-0.080475,0.7917,0.3632,0.2683,2,ok
0,460,2.614846,1.472265,3.055571,-0.010666,0.034095,10.136435,0.200204,0.057914,0.057914,0.000000,,0,0,0,1,1,0,-0.003365,-0.080475,0.7917,0.3632,0.2683,2,ok
0,461,2.594913,1.474201,3.064223,-0.010225,0.042747,10.156456,0.200332,0.136006,0.136006,0.000000,,0,0,0,1,1,0,-0.003658,-0.082826,0.8333,0.4139,0.2682,2,ok
0,462,2.574969,1.475991,3.069536,-0.009807,0.030365,10.176322,0.200232,0.074526,0.074526,0.000000,,0,0,0,1,1,0,-0.002122,-0.083098,0.7708,0.3810,0.2702,2,ok
0,463,2.551025,1.478043,3.076971,-0.009375,0.037800,10.200350,0.200271,0.092707,0.092707,0.000000,,0,0,0,1,1,0,-0.001052,-0.079053,0.7708,0.3607,0.2713,2,ok
0,464,2.531062,1.479693,3.085556,-0.008954,0.046385,10.217599,0.200357,0.129296,0.129296,0.000000,,0,0,0,1,1,0,-0.007229,-0.076461,0.7917,0.5230,0.2692,2,ok
0,465,2.507095,1.481392,3.093184,-0.008729,0.036345,10.244215,0.200211,0.090714,0.090714,0.000000,,0,0,0,1,1,0,-0.006076,-0.076140,0.7917,0.4986,0.2690,2,ok
0,466,2.487115,1.482690,3.100002,-0.008375,0.043162,10.264233,0.200211,0.099928,0.099928,0.000000,,0,0,0,1,1,0,-0.002480,-0.072139,0.7083,0.4276,0.2675,2,ok
0,467,2.467131,1.483710,3.103876,-0.007937,0.029780,10.284129,0.200093,0.052889,0.052889,0.000000,,0,0,0,1,1,0,-0.006392,-0.071244,0.6875,0.5247,0.2671,2,ok
0,468,2.443145,1.484855,3.109277,-0.007424,0.035181,10.308136,0.200106,0.065866,0.065866,0.000000,,0,0,0,1,1,0,-0.006815,-0.075603,0.8125,0.5568,0.2736,2,ok
0,469,2.423155,1.485592,3.111151,-0.006897,0.019432,10.327997,0.200032,0.023665,0.023665,0.000000,,0,0,0,1,1,0,-0.006124,-0.078326,0.7708,0.5658,0.2712,2,ok
0,470,2.403162,1.486296,3.120564,-0.006605,0.028845,10.348000,0.200077,0.148618,0.148618,0.000000,,0,0,0,1,1,0,-0.006101,-0.082220,0.8125,0.5747,0.2649,2,ok
0,471,2.379165,1.487140,3.133494,-0.006255,0.041774,10.372010,0.200116,0.154025,0.154025,0.000000,,0,0,0,1,1,0,-0.005767,-0.086267,0.8542,0.6051,0.2694,2,ok
0,472,2.359165,1.487589,3.139476,-0.006013,0.030872,10.391906,0.200036,0.078757,0.078757,0.000000,,0,0,0,1,1,0,-0.003849,-0.083906,0.8125,0.5991,0.2643,2,ok
0,473,2.339165,1.487956,-3.136517,-0.005728,0.038065,10.411908,0.200027,0.103201,0.103201,0.000000,,0,0,0,1,1,0,-0.001396,-0.087051,0.8333,0.5706,0.2651,2,ok
0,474,2.315166,1.487896,-3.135088,-0.005051,0.021832,10.435807,0.199998,0.010701,0.010701,0.000000,,0,0,0,1,1,0,-0.001550,-0.084968,0.7500,0.5841,0.2630,2,ok
0,475,2.295166,1.487811,-3.138159,-0.004658,0.018761,10.455803,0.200001,-0.047945,-0.047945,0.000000,,0,0,0,1,1,0,-0.000066,-0.092895,0.7708,0.5840,0.2656,2,ok
0,476,2.275166,1.487745,-3.132638,-0.004286,0.024282,10.475799,0.199994,0.089804,0.089804,0.000000,,0,0,0,1,1,0,0.000596,-0.100431,0.7500,0.5655,0.2583,2,ok
0,477,2.251169,1.487668,-3.121798,-0.004209,0.017892,10.499723,0.199964,0.131748,0.131748,0.000000,,0,0,0,1,1,0,0.000735,-0.115049,0.7292,0.5826,0.2652,2,ok
0,478,2.231175,1.487604,-3.112276,-0.004183,0.027414,10.519717,0.199918,0.137188,0.137188,0.000000,,0,0,0,1,1,0,0.005403,-0.120489,0.7708,0.5132,0.2578,2,ok
0,479,2.207191,1.487498,-3.098626,-0.004347,0.023059,10.543628,0.199828,0.166619,0.166619,0.000000,,0,0,0,1,1,0,0.004953,-0.121398,0.8333,0.5394,0.2671,2,ok
0,480,2.187216,1.487292,-3.083673,-0.004524,0.038011,10.563603,0.199690,0.223340,0.223340,0.000000,,0,0,0,1,1,0,0.008655,-0.120170,0.7917,0.4539,0.2628,2,ok
0,481,2.167259,1.486822,-3.069457,-0.004437,0.052228,10.582810,0.199584,0.208612,0.208612,0.000000,,0,0,0,1,1,0,0.007862,-0.117307,0.7917,0.5011,0.2643,2,ok
0,482,2.143334,1.485750,-3.055104,-0.004249,0.049384,10.607437,0.199533,0.175977,0.175977,0.000000,,0,0,0,1,1,0,0.007862,-0.117307,0.7917,0.5011,0.2643,2,ok
0,483,2.123430,1.484683,-3.031570,-0.003907,0.072918,10.627367,0.199107,0.376655,0.376655,0.000000,C-06,0,0,0,1,1,0,0.012689,-0.119519,0.8125,0.4064,0.2602,2,ok
0,484,2.103572,1.483314,-3.013364,-0.003516,0.072464,10.647190,0.198987,0.271455,0.271455,0.000000,,0,0,0,1,1,0,0.013286,-0.120539,0.7500,0.3846,0.2596,2,ok
0,485,2.079765,1.480343,-3.017895,-0.001917,0.067932,10.671128,0.200097,-0.087238,-0.087238,0.000000,C-06,0,0,0,1,1,0,0.015796,-0.104729,0.7708,0.3738,0.2641,2,ok
0,486,2.059909,1.477792,-3.026123,-0.000559,0.037763,10.691091,0.200289,-0.129313,-0.129313,0.000000,,0,0,0,1,1,0,0.016411,-0.113259,0.7292,0.3547,0.2652,2,ok
0,487,2.040065,1.475435,-3.002664,0.000392,0.061222,10.711052,0.199491,0.431185,0.431185,0.000000,C-06,0,0,0,1,1,0,0.014548,-0.133463,0.7292,0.3629,0.2625,2,ok
0,488,2.016387,1.472628,-2.952213,0.001521,0.111672,10.734869,0.197899,0.683673,0.683673,0.000000,C-06,0,0,0,1,1,0,0.014548,-0.133463,0.7292,0.3629,0.2625,2,ok
0,489,1.996755,1.468971,-2.949727,0.003414,0.088166,10.754798,0.199930,-0.016435,-0.016435,0.000000,C-06,0,0,0,1,1,0,0.020147,-0.089603,0.7708,0.3315,0.2667,3,ok
0,490,1.977103,1.465167,-2.961235,0.005333,0.076658,10.774723,0.200380,-0.200677,-0.200677,0.000000,C-06,0,0,0,1,1,0,0.023027,-0.075125,0.8333,0.2956,0.2649,3,ok
0,491,1.953469,1.460599,-2.972222,0.007451,0.037088,10.798939,0.200763,-0.141598,-0.141598,0.000000,,0,0,0,1,1,0,0.020789,-0.083539,0.8125,0.3156,0.2668,2,ok
0,492,1.933759,1.457142,-2.968450,0.008346,0.040859,10.818929,0.199977,0.078604,0.078604,0.000000,C-06,0,0,0,1,1,0,0.021250,-0.106432,0.8125,0.2436,0.2629,2,ok
0,493,1.910147,1.453029,-2.953912,0.009389,0.055397,10.842874,0.199479,0.202384,0.202384,0.000000,,0,0,0,1,1,0,0.020146,-0.120724,0.7292,0.2623,0.2629,2,ok
0,494,1.890515,1.449598,-2.945273,0.009702,0.032629,10.863158,0.199199,0.132646,0.132646,0.000000,,0,0,0,1,1,0,0.021296,-0.118969,0.7917,0.2227,0.2622,2,ok
0,495,1.870882,1.445777,-2.956516,0.010219,0.021386,10.883153,0.200299,-0.213588,-0.213588,0.000000,C-06,0,0,0,1,1,0,0.022755,-0.111720,0.7083,0.1844,0.2590,2,ok
0,496,1.847289,1.441370,-2.956867,0.010484,-0.009934,10.907510,0.199975,0.010390,0.010390,0.000000,C-06,0,0,0,1,1,0,0.020342,-0.114658,0.7292,0.2299,0.2626,2,ok
0,497,1.827706,1.437695,-2.908809,0.010190,0.038124,10.927432,0.198190,0.939959,0.939959,0.000000,C-06,0,0,0,1,1,0,0.020825,-0.134798,0.7708,0.1390,0.2593,2,ok
0,498,1.808385,1.434018,-2.852230,0.009949,0.094702,10.947098,0.195350,0.946660,0.946660,0.000000,,0,0,0,1,1,0,0.017316,-0.115908,0.7917,0.2170,0.2637,2,ok
0,499,1.785411,1.427291,-2.848377,0.011556,0.070821,10.971273,0.199941,-0.013283,-0.013283,0.000000,C-06,0,0,0,1,1,0,0.023727,-0.061652,0.7917,0.1893,0.2638,2,ok
0,500,1.766243,1.421512,-2.856673,0.012860,0.062525,10.991250,0.200424,-0.151232,-0.151232,0.000000,,0,0,0,1,1,0,0.026994,-0.038736,0.8125,0.1792,0.2684,3,ok
0,501,1.747011,1.415733,-2.871075,0.014150,0.048123,11.009153,0.201164,-0.252573,-0.252573,0.000000,,0,0,0,1,1,0,0.027595,-0.049789,0.7708,0.1361,0.2670,3,ok
0,502,1.723846,1.408912,-2.882778,0.014975,0.011769,11.035739,0.201230,-0.157679,-0.157679,0.000000,,0,0,0,1,1,0,0.027115,-0.059032,0.8125,0.1385,0.2637,3,ok
0,503,1.704440,1.403564,-2.915489,0.015354,-0.020942,11.055865,0.201980,-0.591846,-0.591846,0.000000,C-06,0,0,0,1,1,0,0.022892,-0.081017,0.7500,0.1562,0.2656,2,ok
0,504,1.684891,1.398234,-2.942161,0.015425,-0.068220,11.076398,0.203098,-0.419290,-0.419290,0.000000,C-06,0,0,0,1,1,0,0.019503,-0.102058,0.7500,0.1515,0.2649,3,ok
0,505,1.661391,1.393357,-2.929646,0.013915,-0.055705,11.100351,0.199601,0.202447,0.202447,0.000000,C-06,0,0,0,1,1,0,0.015997,-0.136976,0.7708,0.1086,0.2664,2,ok
0,506,1.641885,1.389358,-2.907065,0.012480,-0.050845,11.120497,0.198652,0.386013,0.386013,0.000000,C-06,0,0,0,1,1,0,0.012893,-0.145829,0.7292,0.1129,0.2649,2,ok
0,507,1.618562,1.383965,-2.901152,0.010988,-0.044933,11.144389,0.199545,0.064446,0.064446,0.000000,C-06,0,0,0,1,1,0,0.013665,-0.134314,0.8125,0.0891,0.2670,2,ok
0,508,1.599170,1.379320,-2.886329,0.009901,-0.030110,11.164299,0.199074,0.266437,0.266437,0.000000,C-06,0,0,0,1,1,0,0.011394,-0.118609,0.8125,0.1218,0.2665,2,ok
0,509,1.579858,1.374668,-2.870887,0.008600,-0.030853,11.184256,0.198294,0.257985,0.257985,0.000000,,0,0,0,1,1,0,0.013501,-0.111620,0.8125,0.0500,0.2676,2,ok
0,510,1.556772,1.368681,-2.858814,0.007418,-0.018779,11.208076,0.198776,0.164064,0.164064,0.000000,,0,0,0,1,1,0,0.013160,-0.096143,0.8333,0.0476,0.2648,2,ok
0,511,1.537580,1.363251,-2.854672,0.006736,-0.028695,11.228102,0.199531,0.060892,0.060892,0.000000,,0,0,0,1,1,0,0.011847,-0.084352,0.8333,0.0611,0.2681,2,ok
0,512,1.518411,1.357753,-2.849510,0.006001,-0.023534,11.248030,0.199303,0.090547,0.090547,0.000000,,0,0,0,1,1,0,0.010709,-0.077968,0.7917,0.0581,0.2663,2,ok
0,513,1.495409,1.350855,-2.855548,0.005402,-0.029572,11.269752,0.200310,-0.094034,-0.094034,0.000000,C-06,0,0,0,1,1,0,0.009461,-0.073585,0.7917,0.0674,0.2693,2,ok
0,514,1.476203,1.345097,-2.862489,0.004572,-0.047537,11.292151,0.200677,-0.119446,-0.119446,0.000000,,0,0,0,1,1,0,0.008282,-0.079390,0.7292,0.0411,0.2661,2,ok
0,515,1.456992,1.339531,-2.855903,0.003593,-0.040951,11.312128,0.199782,0.133734,0.133734,0.000000,C-06,0,0,0,1,1,0,0.006917,-0.087328,0.7292,0.0157,0.2685,2,ok
0,516,1.434006,1.332871,-2.843440,0.002320,-0.038009,11.336047,0.199102,0.180300,0.180300,0.000000,,0,0,0,1,1,0,0.004996,-0.082871,0.7083,0.0140,0.2716,2,ok
0,517,1.414914,1.327285,-2.834953,0.001260,-0.029522,11.355911,0.198893,0.143047,0.143047,0.000000,,0,0,0,1,1,0,0.007330,-0.077405,0.7708,-0.0387,0.2661,3,ok
0,518,1.395867,1.321481,-2.828409,0.000398,-0.031204,11.375808,0.199133,0.110571,0.110571,0.000000,,0,0,0,1,1,0,0.005744,-0.066838,0.8333,-0.0152,0.2694,3,ok
0,519,1.373065,1.314365,-2.819946,-0.000611,-0.022741,11.399673,0.199032,0.122886,0.122886,0.000000,,0,0,0,1,1,0,0.005690,-0.059024,0.8125,-0.0411,0.2662,3,ok
0,520,1.354100,1.308127,-2.817427,-0.001150,-0.020221,11.419630,0.199697,0.037760,0.037760,0.000000,,0,0,0,1,1,0,0.004931,-0.049043,0.7917,-0.0465,0.2697,3,ok
0,521,1.331349,1.300515,-2.817897,-0.001802,-0.027132,11.443604,0.199957,-0.010004,-0.010004,0.000000,,0,0,0,1,1,0,0.004525,-0.046471,0.7917,-0.0527,0.2653,2,ok
0,522,1.312375,1.294167,-2.822398,-0.002364,-0.031633,11.463605,0.200212,-0.083806,-0.083806,0.000000,,0,0,0,1,1,0,0.004153,-0.040319,0.7917,-0.0742,0.2660,2,ok
0,523,1.293361,1.287818,-2.830354,-0.003002,-0.044279,11.483623,0.200670,-0.140736,-0.140736,0.000000,,0,0,0,1,1,0,0.004272,-0.040906,0.7917,-0.0967,0.2655,3,ok
0,524,1.270529,1.280416,-2.825254,-0.004055,-0.039179,11.507601,0.199816,0.087511,0.087511,0.000000,C-06,0,0,0,1,1,0,0.000016,-0.049336,0.7292,-0.0626,0.2678,3,ok
0,525,1.251548,1.274259,-2.816367,-0.004927,-0.030293,11.524518,0.199297,0.158979,0.158979,0.000000,,0,0,0,1,1,0,0.000261,-0.050740,0.7292,-0.1063,0.2658,3,ok
0,526,1.232619,1.268083,-2.809508,-0.005895,-0.027777,11.547397,0.199070,0.117153,0.117153,0.000000,,0,0,0,1,1,0,-0.000027,-0.048222,0.7292,-0.0967,0.2621,2,ok
0,527,1.209944,1.260361,-2.806237,-0.006733,-0.024506,11.571336,0.199641,0.044605,0.044605,0.000000,,0,0,0,1,1,0,-0.000323,-0.037317,0.7708,-0.1074,0.2679,2,ok
0,528,1.191072,1.253886,-2.801902,-0.007354,-0.023185,11.591291,0.199394,0.078412,0.078412,0.000000,,0,0,0,1,1,0,-0.000375,-0.027144,0.8333,-0.1339,0.2658,3,ok
0,529,1.172231,1.247386,-2.796921,-0.007934,-0.018204,11.611213,0.199291,0.088440,0.088440,0.000000,,0,0,0,1,1,0,-0.000804,-0.017144,0.8125,-0.1489,0.2640,2,ok
0,530,1.149672,1.239496,-2.789475,-0.008579,-0.012399,11.635061,0.199112,0.110901,0.110901,0.000000,,0,0,0,1,1,0,-0.001125,-0.014398,0.7917,-0.1444,0.2656,2,ok
0,531,1.130913,1.232722,-2.785611,-0.008976,-0.008536,11.655001,0.199473,0.065275,0.065275,0.000000,,0,0,0,1,1,0,-0.001721,-0.000441,0.8125,-0.1361,0.2681,3,ok
0,532,1.112152,1.225766,-2.790782,-0.009205,-0.013706,11.675010,0.200299,-0.104267,-0.104267,0.000000,C-06,0,0,0,1,1,0,-0.000599,0.005841,0.7500,-0.1707,0.2678,2,ok
0,533,1.089539,1.217476,-2.810388,-0.009557,-0.032900,11.699095,0.201281,-0.304078,-0.304078,0.000000,C-06,0,0,0,1,1,0,-0.002704,0.006795,0.7500,-0.1394,0.2694,2,ok
0,534,1.070629,1.210965,-2.807923,-0.010246,-0.030435,11.719083,0.199785,0.071047,0.071047,0.000000,C-06,0,0,0,1,1,0,-0.001313,-0.010616,0.7500,-0.2336,0.2667,2,ok
0,535,1.047983,1.203189,-2.800207,-0.011082,-0.022961,11.743017,0.199311,0.115092,0.115092,0.000000,,0,0,0,1,1,0,-0.005501,-0.001849,0.7083,-0.1777,0.2697,2,ok
0,536,1.029132,1.196505,-2.802492,-0.011579,-0.025247,11.763012,0.200148,-0.052160,-0.052160,0.000000,C-06,0,0,0,1,1,0,-0.004471,0.007648,0.7500,-0.2005,0.2690,3,ok
0,537,1.010272,1.189852,-2.801667,-0.012074,-0.021748,11.783058,0.199937,0.020414,0.020414,0.000000,,0,0,0,1,1,0,-0.005704,0.008435,0.8125,-0.1853,0.2651,2,ok
0,538,0.987661,1.181874,-2.797516,-0.012599,-0.017597,11.807029,0.199683,0.063439,0.063439,0.000000,,0,0,0,1,1,0,-0.003540,0.011222,0.8125,-0.2568,0.2676,2,ok
0,539,0.968851,1.175226,-2.792177,-0.013026,-0.012258,11.825108,0.199348,0.096169,0.096169,0.000000,,0,0,0,1,1,0,-0.003605,0.014769,0.7917,-0.2613,0.2711,2,ok
0,540,0.950074,1.168507,-2.788162,-0.013405,-0.005277,11.846896,0.199443,0.069143,0.069143,0.000000,,0,0,0,1,1,0,-0.004252,0.018720,0.8125,-0.2509,0.2686,3,ok
0,541,0.927581,1.160367,-2.782396,-0.013772,0.000490,11.870814,0.199307,0.086146,0.086146,0.000000,,0,0,0,1,0,0,-0.004252,0.018720,0.8125,-0.2509,0.2686,3,ok
0,542,0.908824,1.153373,-2.793639,-0.013732,-0.006732,11.890963,0.200606,-0.227588,-0.227588,0.000000,C-06,0,0,0,1,1,0,-0.001886,0.047774,0.7708,-0.3131,0.2636,3,ok
0,543,0.889955,1.146364,-2.814949,-0.013681,-0.028042,11.911091,0.201899,-0.389895,-0.389895,0.000000,C-06,0,0,0,1,1,0,-0.003785,0.049324,0.7292,-0.2960,0.2689,3,ok
0,544,0.867145,1.138029,-2.835658,-0.013726,-0.044226,11.935402,0.202468,-0.292844,-0.292844,0.000000,,0,0,0,1,1,0,-0.003537,0.040609,0.7292,-0.3186,0.2695,3,ok
0,545,0.848110,1.131898,-2.820843,-0.014518,-0.029412,11.955384,0.199346,0.308815,0.308815,0.000000,C-06,0,0,0,1,1,0,-0.004629,0.016097,0.7708,-0.3780,0.2673,2,ok
0,546,0.829132,1.125587,-2.821467,-0.015120,-0.030036,11.973600,0.200107,-0.035943,-0.035943,0.000000,C-06,0,0,0,1,1,0,-0.006216,0.022097,0.7917,-0.3797,0.2673,2,ok
0,547,0.806350,1.118032,-2.821700,-0.015716,-0.023532,11.999456,0.200011,-0.001353,-0.001353,0.000000,,0,0,0,1,1,0,-0.002741,0.036356,0.8333,-0.4441,0.2673,3,ok
0,548,0.787370,1.111739,-2.819838,-0.016223,-0.021670,12.019445,0.199906,0.034513,0.034513,0.000000,,0,0,0,1,1,0,-0.006076,0.049244,0.8125,-0.4042,0.2704,3,ok
0,549,0.764614,1.104188,-2.816508,-0.016681,-0.011553,12.043531,0.199707,0.048853,0.048853,0.000000,,0,0,0,1,1,0,-0.004601,0.049663,0.8125,-0.4398,0.2728,2,ok
0,550,0.745673,1.097895,-2.812839,-0.017035,-0.007884,12.063486,0.199487,0.065248,0.065248,0.000000,,0,0,0,1,1,0,-0.002762,0.063638,0.7917,-0.4927,0.2689,3,ok
0,551,0.726708,1.091459,-2.825696,-0.017150,-0.012256,12.083679,0.200692,-0.249290,-0.249290,0.000000,C-06,0,0,0,1,1,0,-0.001619,0.075168,0.7708,-0.5318,0.2693,3,ok
0,552,0.703792,1.083722,-2.855845,-0.017229,-0.042405,12.107866,0.202354,-0.446313,-0.446313,0.000000,C-06,0,0,0,1,1,0,-0.000897,0.068850,0.7500,-0.5634,0.2692,3,ok
0,553,0.684576,1.077831,-2.863935,-0.017790,-0.040402,12.128128,0.200829,-0.104946,-0.104946,0.000000,C-06,0,0,0,1,1,0,-0.004815,0.061668,0.7083,-0.5352,0.2655,3,ok
0,554,0.665357,1.072298,-2.857050,-0.018567,-0.033517,12.148111,0.199740,0.137892,0.137892,0.000000,C-06,0,0,0,1,1,0,-0.005484,0.054345,0.7917,-0.5723,0.2667,3,ok
0,555,0.642315,1.065555,-2.860083,-0.019394,-0.036550,12.169684,0.200188,-0.056122,-0.056122,0.000000,C-06,0,0,0,1,1,0,-0.007078,0.059327,0.7917,-0.5769,0.2677,3,ok
0,556,0.623096,1.059930,-2.862318,-0.019849,-0.027595,12.192327,0.200284,-0.036450,-0.036450,0.000000,,0,0,0,1,1,0,-0.006910,0.070499,0.7917,-0.6037,0.2676,3,ok
0,557,0.603864,1.054320,-2.865060,-0.020349,-0.030337,12.212354,0.200368,-0.047219,-0.047219,0.000000,,0,0,0,1,1,0,-0.005329,0.072197,0.7917,-0.6623,0.2724,3,ok
0,558,0.580784,1.047762,-2.861974,-0.020866,-0.015312,12.236624,0.199834,0.050241,0.050241,0.000000,,0,0,0,1,1,0,-0.006103,0.075678,0.7917,-0.6710,0.2712,3,ok
0,559,0.561563,1.042265,-2.861182,-0.021194,-0.014520,12.256613,0.199921,0.010206,0.010206,0.000000,,0,0,0,1,1,0,-0.007368,0.098839,0.7292,-0.6543,0.2701,3,ok
0,560,0.542320,1.036731,-2.871167,-0.021372,-0.011185,12.276901,0.200493,-0.184776,-0.184776,0.000000,C-06,0,0,0,1,1,0,-0.006249,0.103649,0.7500,-0.6917,0.2718,3,ok
0,561,0.519119,1.030088,-2.896079,-0.021461,-0.036097,12.301034,0.201690,-0.361615,-0.361615,0.000000,C-06,0,0,0,1,1,0,-0.005018,0.112868,0.7500,-0.7561,0.2673,3,ok
0,562,0.499707,1.025117,-2.899672,-0.022020,-0.025209,12.321357,0.200287,-0.039244,-0.039244,0.000000,C-06,0,0,0,1,1,0,-0.007777,0.109665,0.7083,-0.7387,0.2644,3,ok
0,563,0.476418,1.019364,-2.894948,-0.022667,-0.020485,12.345337,0.199783,0.071214,0.071214,0.000000,,0,0,0,1,1,0,-0.009808,0.117812,0.7500,-0.7535,0.2680,3,ok
0,564,0.457017,1.014482,-2.898392,-0.023120,-0.023929,12.363435,0.200164,-0.065799,-0.065799,0.000000,,0,0,0,1,1,0,-0.008609,0.127402,0.7917,-0.7797,0.2617,3,ok
0,565,0.437616,1.009666,-2.893148,-0.023270,-0.002639,12.385711,0.199755,0.099454,0.099454,0.000000,C-06,0,0,0,1,1,0,-0.010344,0.139778,0.8333,-0.7535,0.2606,3,ok
0,566,0.414357,1.003775,-2.892341,-0.023378,-0.001832,12.409705,0.199964,0.004853,0.004853,0.000000,,0,0,0,1,1,0,-0.010261,0.151832,0.8125,-0.7519,0.2619,3,ok
0,567,0.394948,0.998842,-2.904515,-0.023153,0.003854,12.430108,0.200535,-0.221230,-0.221230,0.000000,C-06,0,0,0,1,1,0,-0.010065,0.163916,0.7708,-0.7406,0.2598,3,ok
0,568,0.375484,0.993908,-2.914597,-0.022914,-0.006228,12.450186,0.200995,-0.160759,-0.160759,0.000000,,0,0,0,1,1,0,-0.007962,0.180218,0.7708,-0.8116,0.2586,3,ok
0,569,0.352074,0.988131,-2.924277,-0.022450,0.003779,12.474786,0.200922,-0.129320,-0.129320,0.000000,,0,0,0,1,1,0,-0.010717,0.184732,0.7708,-0.7480,0.2592,3,ok
0,570,0.332514,0.983434,-2.939528,-0.022030,-0.011473,12.494898,0.201444,-0.259305,-0.259305,0.000000,,0,0,0,1,1,0,-0.013018,0.195384,0.7292,-0.6987,0.2565,3,ok
0,571,0.312913,0.979323,-2.942336,-0.022008,0.006643,12.515400,0.200172,-0.026346,-0.026346,0.000000,C-06,0,0,0,1,1,0,-0.010864,0.202600,0.7292,-0.7400,0.2550,3,ok
0,572,0.289424,0.974569,-2.926335,-0.021854,0.022644,12.539365,0.199384,0.233061,0.233061,0.000000,C-06,0,0,0,1,1,0,-0.013653,0.206491,0.7708,-0.6743,0.2592,3,ok
0,573,0.269859,0.970314,-2.941682,-0.021310,0.031724,12.559864,0.200597,-0.296703,-0.296703,0.000000,C-06,0,0,0,1,1,0,-0.010442,0.230991,0.7917,-0.6856,0.2583,3,ok
0,574,0.250202,0.966033,-2.972746,-0.020431,0.000660,12.579962,0.201690,-0.517132,-0.517132,0.000000,C-06,0,0,0,1,1,0,-0.010929,0.243700,0.8125,-0.6416,0.2551,3,ok
0,575,0.226503,0.961220,-2.992680,-0.019641,0.005902,12.604583,0.201463,-0.243941,-0.243941,0.000000,C-06,0,0,0,1,1,0,-0.011098,0.230412,0.8125,-0.6425,0.2535,3,ok
0,576,0.206714,0.957960,-2.999264,-0.019334,-0.000681,12.624637,0.200489,-0.091475,-0.091475,0.000000,C-06,0,0,0,1,1,0,-0.013593,0.228653,0.8125,-0.5680,0.2513,3,ok
0,577,0.182930,0.954172,-3.016042,-0.019093,-0.017460,12.647955,0.200900,-0.225513,-0.225513,0.000000,,0,0,0,1,1,0,-0.012958,0.238956,0.7708,-0.5452,0.2595,3,ok
0,578,0.159083,0.950384,-3.042851,-0.018011,-0.016523,12.673486,0.201488,-0.348787,-0.348787,0.000000,,0,0,0,1,1,0,-0.012555,0.234656,0.7083,-0.5276,0.2550,3,ok
0,579,0.139159,0.947311,-3.066508,-0.017229,-0.040181,12.693630,0.201527,-0.354771,-0.354771,0.000000,,0,0,0,1,1,0,-0.011132,0.230527,0.7500,-0.5432,0.2555,3,ok
0,580,0.115272,0.945416,-3.013513,-0.017477,0.043032,12.718028,0.198986,0.844581,0.844581,0.000000,C-06,0,0,0,1,1,0,-0.013898,0.221461,0.7292,-0.4584,0.2619,3,ok
0,581,0.095492,0.943940,-2.974402,-0.017763,0.082143,12.737861,0.197831,0.594002,0.594002,0.000000,C-06,0,0,0,1,1,0,-0.005350,0.263790,0.7500,-0.4671,0.2587,3,ok
0,582,0.071849,0.940290,-2.965425,-0.015493,0.123763,12.762279,0.199516,0.085137,0.085137,0.000000,C-06,0,0,0,1,1,0,0.001969,0.325252,0.7083,-0.4876,0.2523,3,ok
0,583,0.052150,0.936801,-2.971572,-0.013082,0.117616,12.782139,0.200203,-0.112779,-0.112779,0.000000,C-06,0,0,0,1,1,0,0.005900,0.347532,0.7083,-0.4401,0.2543,3,ok
0,584,0.028439,0.932589,-3.004588,-0.009482,0.117481,12.806388,0.201165,-0.465580,-0.465580,0.000000,C-06,0,0,0,1,1,0,0.011628,0.357689,0.6667,-0.4577,0.2575,3,ok
0,585,0.008586,0.929080,-3.037517,-0.006363,0.084552,12.826306,0.201952,-0.507432,-0.507432,0.000000,,0,0,0,1,1,0,0.015653,0.342847,0.6458,-0.4325,0.2560,3,ok
0,586,-0.015326,0.924968,-3.075324,-0.002092,0.081441,12.850377,0.202094,-0.468632,-0.468632,0.000000,,0,0,0,1,1,0,0.015653,0.342847,0.6458,-0.4325,0.2560,3,ok
0,587,-0.039302,0.921231,-3.126008,0.002010,0.030757,12.874294,0.202166,-0.626877,-0.626877,0.000000,C-06,0,0,0,1,1,0,0.017858,0.295454,0.6250,-0.3794,0.2523,3,ok
0,588,-0.059301,0.919193,3.122434,0.004914,0.029814,12.894098,0.200659,-0.481165,-0.481165,0.000000,,0,0,0,1,1,0,0.020785,0.280552,0.6042,-0.4103,0.2582,3,ok
0,589,-0.083290,0.918771,3.103459,0.006539,0.010839,12.918036,0.199863,-0.208176,-0.208176,0.000000,C-06,0,0,0,1,1,0,0.015831,0.233534,0.6667,-0.2750,0.2613,3,ok
0,590,-0.103278,0.919458,3.113268,0.007335,0.052897,12.937789,0.200058,0.180381,0.180381,0.000000,C-06,0,0,0,1,1,0,0.019299,0.207638,0.7500,-0.2836,0.2616,3,ok
0,591,-0.127272,0.920364,3.122319,0.008459,0.061948,12.961773,0.200104,0.104450,0.104450,0.000000,,0,0,0,1,1,0,0.023216,0.218204,0.7292,-0.2938,0.2586,3,ok
0,592,-0.147261,0.920819,3.092873,0.010036,0.063173,12.981434,0.199828,-0.509454,-0.509454,0.000000,C-06,0,0,0,1,1,0,0.027393,0.224874,0.7083,-0.3311,0.2626,3,ok
0,593,-0.171180,0.921342,3.028171,0.012248,-0.001529,13.005257,0.198830,-0.839885,-0.839885,0.000000,C-06,0,0,0,1,1,0,0.029575,0.227062,0.6667,-0.2940,0.2641,3,ok
0,594,-0.191008,0.922157,2.994267,0.013929,-0.007232,13.024673,0.198215,-0.495230,-0.495230,0.000000,C-06,0,0,0,1,1,0,0.025197,0.159863,0.6667,-0.2710,0.2668,3,ok
0,595,-0.214704,0.924689,2.970944,0.014766,-0.030555,13.048489,0.198545,-0.295276,-0.295276,0.000000,C-06,0,0,0,1,1,0,0.023479,0.127128,0.6667,-0.2517,0.2672,3,ok
0,596,-0.238363,0.928596,2.976524,0.014479,0.000975,13.072074,0.200031,0.099219,0.099219,0.000000,C-06,0,0,0,1,1,0,0.022066,0.114524,0.7292,-0.2277,0.2651,3,ok
0,597,-0.258127,0.931908,3.002259,0.014531,0.026710,13.092114,0.200769,0.442989,0.442989,0.000000,C-06,0,0,0,1,1,0,0.020157,0.124643,0.7083,-0.1691,0.2706,3,ok
0,598,-0.281933,0.935883,3.026344,0.014737,0.074264,13.115918,0.201390,0.299521,0.299521,0.000000,,0,0,0,1,1,0,0.026894,0.134462,0.7500,-0.2224,0.2643,3,ok
0,599,-0.301801,0.938254,3.025893,0.016184,0.073813,13.135875,0.199987,-0.031788,-0.031788,0.000000,C-06,0,0,0,1,1,0,0.031870,0.182439,0.7083,-0.1940,0.2608,3,ok
0,600,-0.325583,0.941027,2.983190,0.017981,0.031109,13.157748,0.198912,-0.623944,-0.623944,0.000000,C-06,0,0,0,1,1,0,0.034126,0.192348,0.6875,-0.1659,0.2612,3,ok
0,601,-0.345287,0.943339,2.956705,0.019954,0.026111,13.179079,0.198001,-0.401691,-0.401691,0.000000,C-06,0,0,0,1,1,0,0.034738,0.169939,0.6875,-0.1790,0.2649,3,ok
0,602,-0.368835,0.947012,2.938514,0.021374,0.007920,13.202870,0.198623,-0.232350,-0.232350,0.000000,C-06,0,0,0,1,1,0,0.032569,0.161411,0.7083,-0.1636,0.2606,3,ok
0,603,-0.388372,0.950369,2.912374,0.022550,0.001485,13.222282,0.197714,-0.442792,-0.442792,0.000000,C-06,0,0,0,1,1,0,0.031613,0.124157,0.6667,-0.1234,0.2614,3,ok
0,604,-0.411646,0.954569,2.877695,0.023810,-0.033194,13.245898,0.196843,-0.480918,-0.480918,0.000000,,0,0,0,1,1,0,0.032060,0.100755,0.6875,-0.1391,0.2640,3,ok
0,605,-0.434879,0.960619,2.902750,0.023544,0.009853,13.269497,0.200860,0.402510,0.402510,0.000000,C-06,0,0,0,1,1,0,0.027828,0.073775,0.7083,-0.0835,0.2675,3,ok
0,606,-0.454354,0.965727,2.921118,0.023395,0.028221,13.289630,0.201689,0.291906,0.291906,0.000000,,0,0,0,1,1,0,0.033712,0.079704,0.7500,-0.1535,0.2635,3,ok
0,607,-0.477813,0.971557,2.936117,0.023754,0.059630,13.313373,0.201388,0.196120,0.196120,0.000000,,0,0,0,1,1,0,0.034281,0.091309,0.7083,-0.1179,0.2672,3,ok
0,608,-0.497372,0.975724,2.924467,0.024898,0.047980,13.333339,0.199643,-0.224856,-0.224856,0.000000,C-06,0,0,0,1,1,0,0.039370,0.128746,0.6875,-0.0917,0.2639,3,ok
0,609,-0.520732,0.980674,2.894985,0.026402,0.033622,13.356808,0.198352,-0.418812,-0.418812,0.000000,C-06,0,0,0,1,1,0,0.040508,0.124089,0.6875,-0.0900,0.2634,3,ok
0,610,-0.540081,0.984904,2.877168,0.027706,0.015806,13.376572,0.198008,-0.285501,-0.285501,0.000000,,0,0,0,1,1,0,0.040390,0.106678,0.7083,-0.0986,0.2685,3,ok
0,611,-0.563162,0.990290,2.850264,0.028936,-0.011099,13.397395,0.197233,-0.386491,-0.386491,0.000000,,0,0,0,1,1,0,0.037667,0.082711,0.7083,-0.0442,0.2703,3,ok
0,612,-0.582245,0.995129,2.824718,0.029921,-0.022748,13.419464,0.196746,-0.443040,-0.443040,0.000000,,0,0,0,1,1,0,0.037793,0.058214,0.7083,-0.0656,0.2667,3,ok
0,613,-0.605042,1.002496,2.824282,0.029533,-0.023184,13.443418,0.199900,0.022910,0.022910,0.000000,C-06,0,0,0,1,1,0,0.034460,0.037690,0.6875,-0.0223,0.2697,3,ok
0,614,-0.627947,1.009980,2.855640,0.029301,0.019995,13.467188,0.201680,0.487447,0.487447,0.000000,C-06,0,0,0,1,1,0,0.035104,0.042409,0.7083,-0.0294,0.2641,3,ok
0,615,-0.647188,1.016202,2.874245,0.029193,0.038600,13.487409,0.202418,0.296263,0.296263,0.000000,C-06,0,0,0,1,1,0,0.036302,0.062974,0.7292,-0.0032,0.2691,3,ok
0,616,-0.670306,1.022664,2.862369,0.030214,0.037946,13.511065,0.199538,-0.205495,-0.205495,0.000000,C-06,0,0,0,1,1,0,0.040801,0.085057,0.7083,-0.0063,0.2641,3,ok
0,617,-0.689492,1.027993,2.848229,0.031162,0.023806,13.530955,0.198777,-0.242897,-0.242897,0.000000,,0,0,0,1,1,0,0.042200,0.085723,0.7292,0.0069,0.2632,3,ok
0,618,-0.712401,1.034405,2.829366,0.032332,0.014518,13.554469,0.197947,-0.271006,-0.271006,0.000000,,0,0,0,1,1,0,0.042068,0.065832,0.7083,0.0179,0.2641,3,ok
0,619,-0.731408,1.040287,2.821807,0.032853,0.006959,13.574359,0.199069,-0.118257,-0.118257,0.000000,C-06,0,0,0,1,1,0,0.041123,0.060400,0.7292,0.0238,0.2645,3,ok
0,620,-0.754152,1.047510,2.811270,0.033362,0.005036,13.597852,0.198784,-0.154361,-0.154361,0.000000,,0,0,0,1,1,0,0.041865,0.044578,0.7083,0.0150,0.2633,3,ok
0,621,-0.773009,1.053753,2.791370,0.033711,-0.014865,13.617713,0.198073,-0.371208,-0.371208,0.000000,C-06,0,0,0,1,1,0,0.040176,0.038598,0.6875,0.0577,0.2683,3,ok
0,622,-0.795584,1.061902,2.801857,0.033490,-0.004378,13.641392,0.200522,0.196959,0.196959,0.000000,C-06,0,0,0,1,1,0,0.037876,0.019313,0.6875,0.0785,0.2648,3,ok
0,623,-0.818353,1.069895,2.841582,0.033653,0.042641,13.665608,0.202198,0.613958,0.613958,0.000000,C-06,0,0,0,1,1,0,0.039057,0.023492,0.6667,0.0496,0.2645,3,ok
0,624,-0.837459,1.075824,2.837849,0.034519,0.038908,13.685595,0.199661,-0.132359,-0.132359,0.000000,C-06,0,0,0,1,1,0,0.043190,0.042803,0.7083,0.0904,0.2699,3,ok
0,625,-0.860343,1.082872,2.833285,0.035726,0.040845,13.709292,0.199518,-0.061216,-0.061216,0.000000,,0,0,0,1,1,0,0.047717,0.060332,0.7292,0.0669,0.2637,3,ok
0,626,-0.879348,1.088934,2.814797,0.036558,0.022356,13.729223,0.198982,-0.347510,-0.347510,0.000000,C-06,0,0,0,1,1,0,0.048488,0.057047,0.7083,0.0756,0.2629,3,ok
0,627,-0.901993,1.096223,2.793085,0.037545,0.005936,13.752825,0.197609,-0.315534,-0.315534,0.000000,,0,0,0,1,1,0,0.047653,0.040102,0.6875,0.0902,0.2668,3,ok
0,628,-0.920741,1.102595,2.778820,0.038086,-0.008329,13.772619,0.198050,-0.248182,-0.248182,0.000000,,0,0,0,1,1,0,0.045770,0.029365,0.7083,0.1241,0.2663,3,ok
0,629,-0.943132,1.110810,2.768383,0.038193,-0.015017,13.796325,0.198816,-0.148578,-0.148578,0.000000,,0,0,0,1,1,0,0.044757,0.003077,0.7083,0.1141,0.2653,3,ok
0,630,-0.961729,1.117888,2.761337,0.038095,-0.022064,13.816224,0.199002,-0.125035,-0.125035,0.000000,,0,0,0,1,1,0,0.043465,-0.013251,0.6667,0.1324,0.2658,3,ok
0,631,-0.984070,1.126714,2.775304,0.037676,-0.008096,13.839129,0.200689,0.229407,0.229407,0.000000,C-06,0,0,0,1,1,0,0.039938,-0.018689,0.7083,0.1855,0.2678,3,ok
0,632,-1.006572,1.135553,2.798398,0.037425,0.018104,13.864229,0.202161,0.349589,0.349589,0.000000,,0,0,0,1,1,0,0.041093,-0.016674,0.6667,0.1963,0.2701,3,ok
0,633,-1.025455,1.142751,2.812898,0.037415,0.032604,13.884437,0.202060,0.244269,0.244269,0.000000,,0,0,0,1,1,0,0.044462,0.000341,0.7292,0.1758,0.2656,3,ok
0,634,-1.048138,1.150629,2.802710,0.038108,0.024480,13.908467,0.199637,-0.179706,-0.179706,0.000000,C-06,0,0,0,1,1,0,0.046159,0.015557,0.7708,0.1965,0.2677,3,ok
0,635,-1.066983,1.157159,2.797597,0.038694,0.019367,13.928402,0.199342,-0.081904,-0.081904,0.000000,,0,0,0,1,1,0,0.047601,0.006451,0.7083,0.2065,0.2691,3,ok
0,636,-1.089600,1.165235,2.804408,0.039217,0.027061,13.952294,0.200397,0.113567,0.113567,0.000000,C-06,0,0,0,1,1,0,0.047478,-0.001073,0.7292,0.2004,0.2646,3,ok
0,637,-1.108469,1.171856,2.802307,0.039788,0.024960,13.972283,0.199860,-0.050271,-0.050271,0.000000,C-06,0,0,0,1,1,0,0.047600,0.000638,0.7292,0.2319,0.2652,3,ok
0,638,-1.131074,1.179789,2.795327,0.040465,0.017644,13.996259,0.199428,-0.106294,-0.106294,0.000000,,0,0,0,1,1,0,0.047996,0.002029,0.6875,0.2591,0.2706,3,ok
0,639,-1.149822,1.186570,2.774882,0.040829,-0.002801,14.016192,0.198760,-0.390207,-0.390207,0.000000,C-06,0,0,0,1,1,0,0.047317,-0.005655,0.6458,0.2785,0.2665,3,ok
0,640,-1.172210,1.195171,2.772734,0.040794,-0.004949,14.038851,0.199956,-0.005459,-0.005459,0.000000,C-06,0,0,0,1,1,0,0.044706,-0.031839,0.6875,0.3058,0.2670,3,ok
0,641,-1.194740,1.203821,2.811426,0.040709,0.032990,14.064395,0.202347,0.629364,0.629364,0.000000,C-06,0,0,0,1,1,0,0.041977,-0.040943,0.7083,0.3561,0.2692,3,ok
0,642,-1.213692,1.210481,2.819124,0.041216,0.040688,14.084477,0.200716,0.087476,0.087476,0.000000,C-06,0,0,0,1,1,0,0.045267,-0.023564,0.7292,0.3505,0.2728,3,ok
0,643,-1.236423,1.218109,2.809741,0.042139,0.028796,14.108484,0.199471,-0.153757,-0.153757,0.000000,C-06,0,0,0,1,1,0,0.047819,-0.006349,0.7708,0.3852,0.2719,3,ok
0,644,-1.255332,1.224622,2.810369,0.042745,0.029423,14.128474,0.200070,0.025453,0.025453,0.000000,C-06,0,0,0,1,1,0,0.050517,-0.008220,0.7083,0.3451,0.2652,3,ok
0,645,-1.278040,1.232454,2.813800,0.043427,0.028977,14.152606,0.200275,0.051206,0.051206,0.000000,,0,0,0,1,1,0,0.047653,-0.022405,0.7083,0.4285,0.2636,3,ok
0,646,-1.296954,1.238903,2.806209,0.044038,0.021386,14.172579,0.199575,-0.148151,-0.148151,0.000000,C-06,0,0,0,1,1,0,0.047086,-0.027388,0.7083,0.4728,0.2633,3,ok
0,647,-1.319560,1.246636,2.791906,0.044710,0.001893,14.196718,0.198680,-0.212679,-0.212679,0.000000,,0,0,0,1,1,0,0.050185,-0.039504,0.6875,0.4382,0.2665,3,ok
0,648,-1.338308,1.253115,2.779554,0.045121,-0.010460,14.216550,0.198267,-0.219672,-0.219672,0.000000,,0,0,0,1,1,0,0.047513,-0.059557,0.6667,0.4729,0.2626,3,ok
0,649,-1.360739,1.261558,2.777366,0.044965,-0.012647,14.240517,0.199831,-0.020768,-0.020768,0.000000,C-06,0,0,0,1,1,0,0.046539,-0.076814,0.6667,0.4879,0.2641,2,ok
0,650,-1.383193,1.270106,2.784708,0.044539,-0.011758,14.264879,0.200466,0.118917,0.118917,0.000000,,0,0,0,1,1,0,0.043783,-0.085529,0.6875,0.5289,0.2626,2,ok
0,651,-1.401935,1.277095,2.784902,0.044318,-0.011564,14.284880,0.199985,-0.005269,-0.005269,0.000000,,0,0,0,1,1,0,0.044881,-0.092337,0.7083,0.5269,0.2650,2,ok
0,652,-1.424447,1.285475,2.790729,0.043919,-0.013602,14.309283,0.200361,0.092248,0.092248,0.000000,,0,0,0,1,1,0,0.046031,-0.097333,0.7917,0.5155,0.2647,2,ok
0,653,-1.443228,1.292351,2.790031,0.043645,-0.014300,14.329281,0.199932,-0.021562,-0.021562,0.000000,,0,0,0,1,1,0,0.046491,-0.108561,0.7708,0.5337,0.2656,2,ok
0,654,-1.465743,1.300591,2.785822,0.043242,-0.028512,14.353577,0.199667,-0.065139,-0.065139,0.000000,,0,0,0,1,1,0,0.047089,-0.117110,0.7917,0.5238,0.2672,2,ok
0,655,-1.484452,1.307528,2.773705,0.042736,-0.040629,14.373524,0.199166,-0.231675,-0.231675,0.000000,C-06,0,0,0,1,1,0,0.044822,-0.125000,0.7917,0.5546,0.2619,3,ok
0,656,-1.506766,1.315861,2.755267,0.042047,-0.070107,14.397749,0.197906,-0.279580,-0.279580,0.000000,,0,0,0,1,1,0,0.045161,-0.147520,0.7708,0.5253,0.2618,2,ok
0,657,-1.525267,1.323222,2.749163,0.040878,-0.076212,14.417626,0.199209,-0.099272,-0.099272,0.000000,C-06,0,0,0,1,1,0,0.042761,-0.153221,0.7708,0.5404,0.2610,2,ok
0,658,-1.547526,1.332329,2.769886,0.039233,-0.055489,14.441619,0.201176,0.346510,0.346510,0.000000,C-06,0,0,0,1,1,0,0.042302,-0.199836,0.7500,0.4855,0.2564,2,ok
0,659,-1.570082,1.341219,2.820520,0.037553,-0.017743,14.466447,0.203528,0.791762,0.791762,0.000000,C-06,0,0,0,1,1,0,0.044291,-0.205527,0.7917,0.4513,0.2507,2,ok
0,660,-1.589154,1.348502,2.850333,0.036302,0.012070,14.486824,0.204217,0.486414,0.486414,0.000000,C-06,0,0,0,1,1,0,0.045074,-0.178023,0.7708,0.4604,0.2582,2,ok
0,661,-1.612234,1.356373,2.877533,0.035513,0.023874,14.511656,0.203123,0.376936,0.376936,0.000000,,0,0,0,1,1,0,0.046567,-0.153054,0.7917,0.4761,0.2584,2,ok
0,662,-1.631539,1.361716,2.874678,0.035928,0.021019,14.531682,0.199984,-0.083526,-0.083526,0.000000,C-06,0,0,0,1,1,0,0.050631,-0.130448,0.7917,0.4246,0.2584,2,ok
0,663,-1.654637,1.368033,2.857694,0.036385,-0.014332,14.556275,0.199123,-0.251507,-0.251507,0.000000,C-06,0,0,0,1,1,0,0.050309,-0.137739,0.7708,0.4143,0.2605,2,ok
0,664,-1.673811,1.373349,2.849183,0.036431,-0.022843,14.576172,0.198961,-0.136394,-0.136394,0.000000,,0,0,0,1,1,0,0.049285,-0.168784,0.8125,0.3817,0.2578,2,ok
0,665,-1.696839,1.380177,2.864812,0.036060,-0.007214,14.600188,0.200640,0.248081,0.248081,0.000000,C-06,0,0,0,1,1,0,0.045659,-0.191187,0.7917,0.4168,0.2644,2,ok
0,666,-1.716045,1.385658,2.851025,0.035586,-0.040751,14.620876,0.199308,-0.268108,-0.268108,0.000000,C-06,0,0,0,1,1,0,0.044853,-0.195864,0.7500,0.3830,0.2643,2,ok
0,667,-1.738990,1.392218,2.837147,0.034974,-0.054629,14.644733,0.198527,-0.193416,-0.193416,0.000000,,0,0,0,1,1,0,0.041738,-0.216002,0.7292,0.3688,0.2648,2,ok
0,668,-1.761994,1.399302,2.873122,0.033513,-0.042675,14.669610,0.201665,0.576836,0.576836,0.000000,C-06,0,0,0,1,1,0,0.038065,-0.239557,0.7083,0.3633,0.2638,2,ok
0,669,-1.781390,1.405236,2.920234,0.032117,0.004437,14.689846,0.203831,0.805318,0.805318,0.000000,C-06,0,0,0,1,1,0,0.033789,-0.227326,0.7500,0.4253,0.2672,2,ok
0,670,-1.804912,1.412120,2.962759,0.030571,0.019643,14.715030,0.204129,0.549405,0.549405,0.000000,C-06,0,0,0,1,1,0,0.036635,-0.193162,0.8125,0.3856,0.2655,2,ok
0,671,-1.824611,1.416031,2.971207,0.030746,0.028091,14.735114,0.200570,0.094001,0.094001,0.000000,C-06,0,0,0,1,1,0,0.040100,-0.142146,0.7917,0.3491,0.2682,2,ok
0,672,-1.848266,1.420136,2.972148,0.031536,0.029032,14.759109,0.200042,0.007323,0.007323,0.000000,,0,0,0,1,1,0,0.039305,-0.135558,0.8125,0.3533,0.2649,2,ok
0,673,-1.867972,1.423527,2.966903,0.031603,-0.007428,14.780181,0.199864,-0.091941,-0.091941,0.000000,,0,0,0,1,1,0,0.039299,-0.135444,0.7917,0.3396,0.2657,2,ok
0,674,-1.891559,1.427596,2.943663,0.031598,-0.030668,14.804117,0.199048,-0.327124,-0.327124,0.000000,C-06,0,0,0,1,1,0,0.036095,-0.153717,0.7917,0.3513,0.2650,2,ok
0,675,-1.911140,1.431014,2.929731,0.031250,-0.075389,14.825075,0.198665,-0.216676,-0.216676,0.000000,,0,0,0,1,1,0,0.029696,-0.186441,0.7708,0.3783,0.2635,2,ok
0,676,-1.934623,1.435960,2.939436,0.029538,-0.065684,14.849012,0.200274,0.155373,0.155373,0.000000,C-06,0,0,0,1,1,0,0.024208,-0.205230,0.7708,0.4180,0.2674,2,ok
0,677,-1.958199,1.440952,2.969305,0.027659,-0.065234,14.874142,0.201334,0.416103,0.416103,0.000000,C-06,0,0,0,1,1,0,0.023539,-0.215375,0.7292,0.3784,0.2681,2,ok
0,678,-1.977916,1.444596,2.975738,0.025935,-0.058801,14.894119,0.200431,0.073012,0.073012,0.000000,C-06,0,0,0,1,1,0,0.023135,-0.197054,0.7500,0.3814,0.2622,2,ok
0,679,-2.001642,1.448696,3.008460,0.024146,-0.026079,14.918130,0.201097,0.460294,0.460294,0.000000,C-06,0,0,0,1,1,0,0.022612,-0.181837,0.7500,0.3739,0.2613,2,ok
0,680,-2.021515,1.452105,3.053191,0.022345,-0.007824,14.938747,0.202069,0.708942,0.708942,0.000000,C-06,0,0,0,1,1,0,0.019636,-0.164136,0.8333,0.4403,0.2664,2,ok
0,681,-2.045438,1.454735,3.066659,0.021495,0.005644,14.962798,0.200444,0.129430,0.129430,0.000000,C-06,0,0,0,1,1,0,0.025150,-0.131543,0.8542,0.3773,0.2687,2,ok
0,682,-2.065380,1.456278,3.063430,0.021329,-0.020607,14.983153,0.199967,-0.060313,-0.060313,0.000000,C-06,0,0,0,1,1,0,0.026031,-0.118217,0.7708,0.3639,0.2658,2,ok
0,683,-2.089303,1.458096,3.060388,0.020893,-0.023648,15.007142,0.199918,-0.036162,-0.036162,0.000000,,0,0,0,1,1,0,0.024726,-0.125959,0.7917,0.3660,0.2645,2,ok
0,684,-2.109243,1.459713,3.068161,0.020426,-0.015876,15.027141,0.200115,0.130073,0.130073,0.000000,C-06,0,0,0,1,1,0,0.020900,-0.134296,0.7917,0.4173,0.2689,2,ok
0,685,-2.133185,1.461664,3.076002,0.019420,-0.026609,15.051537,0.200226,0.094651,0.094651,0.000000,,0,0,0,1,1,0,0.021368,-0.136322,0.7708,0.3841,0.2661,2,ok
0,686,-2.157156,1.463607,3.118150,0.018394,0.015539,15.075565,0.200588,0.572915,0.572915,0.000000,C-06,0,0,0,1,1,0,0.023267,-0.134972,0.7292,0.3333,0.2674,2,ok
0,687,-2.177154,1.465131,3.141336,0.017385,0.021592,15.095908,0.200462,0.313609,0.313609,0.000000,C-06,0,0,0,1,1,0,0.022754,-0.123251,0.7083,0.3799,0.2633,2,ok
0,688,-2.201152,1.466299,-3.117508,0.016722,0.045933,15.119925,0.200081,0.287048,0.287048,0.000000,,0,0,0,1,1,0,0.024121,-0.101619,0.8125,0.3969,0.2686,3,ok
0,689,-2.221146,1.465880,-3.116826,0.017447,0.028974,15.140207,0.200003,-0.012696,-0.012696,0.000000,C-06,0,0,0,1,1,0,0.027803,-0.077228,0.8125,0.3477,0.2648,2,ok
0,690,-2.245138,1.465268,-3.115535,0.018150,0.030264,15.164196,0.199997,0.017476,0.017476,0.000000,,0,0,0,1,1,0,0.026139,-0.072325,0.8125,0.3905,0.2643,2,ok
0,691,-2.265133,1.464759,-3.123591,0.018736,0.022208,15.184189,0.200031,-0.128653,-0.128653,0.000000,,0,0,0,1,1,0,0.027563,-0.079126,0.8125,0.3515,0.2621,3,ok
0,692,-2.289132,1.464148,3.137525,0.019088,-0.017076,15.208481,0.200064,-0.273162,-0.273162,0.000000,,0,0,0,1,1,0,0.025428,-0.087841,0.7708,0.3915,0.2661,3,ok
0,693,-2.309128,1.463638,3.110909,0.019367,-0.043693,15.228482,0.199980,-0.390383,-0.390383,0.000000,,0,0,0,1,1,0,0.020971,-0.125574,0.8125,0.4105,0.2648,2,ok
0,694,-2.333114,1.464091,3.103968,0.018351,-0.067881,15.252814,0.199917,-0.066227,-0.066227,0.000000,C-06,0,0,0,1,1,0,0.017586,-0.159285,0.7292,0.4152,0.2648,2,ok
0,695,-2.357104,1.464980,3.127205,0.016728,-0.044644,15.276765,0.200120,0.318093,0.318093,0.000000,C-06,0,0,0,1,1,0,0.014344,-0.177611,0.7500,0.4357,0.2641,2,ok
0,696,-2.377102,1.465275,3.124708,0.015700,-0.064792,15.297017,0.199988,-0.069385,-0.069385,0.000000,C-06,0,0,0,1,1,0,0.013916,-0.178462,0.7083,0.4101,0.2625,2,ok
0,697,-2.401098,1.465586,3.122293,0.014242,-0.067207,15.320971,0.199982,-0.025881,-0.025881,0.000000,,0,0,0,1,1,0,0.010898,-0.170344,0.7917,0.4674,0.2666,2,ok
0,698,-2.421095,1.465924,3.125768,0.012947,-0.063732,15.340928,0.200004,0.055996,0.055996,0.000000,,0,0,0,1,1,0,0.007215,-0.181959,0.8125,0.4917,0.2670,2,ok
0,699,-2.445093,1.466335,-3.141133,0.010993,-0.065155,15.365074,0.200029,0.203829,0.203829,0.000000,,0,0,0,1,1,0,0.006839,-0.182733,0.8542,0.4553,0.2634,2,ok
0,700,-2.465093,1.466678,-3.129767,0.009349,-0.053789,15.385009,0.200017,0.157492,0.157492,0.000000,,0,0,0,1,1,0,0.004473,-0.179671,0.7917,0.4924,0.2696,2,ok
0,701,-2.489086,1.467089,-3.107070,0.007094,-0.048755,15.409064,0.199917,0.281350,0.281350,0.000000,,0,0,0,1,1,0,0.004809,-0.176117,0.8125,0.4796,0.2655,2,ok
0,702,-2.509067,1.467223,-3.090081,0.005276,-0.031766,15.428962,0.199744,0.244460,0.244460,0.000000,,0,0,0,1,1,0,0.006902,-0.168557,0.7500,0.3951,0.2655,2,ok
0,703,-2.533036,1.466044,-3.091703,0.004328,-0.051059,15.453013,0.200022,-0.037440,-0.037440,0.000000,C-06,0,0,0,1,1,0,0.002374,-0.156296,0.7917,0.4854,0.2658,2,ok
0,704,-2.557008,1.464793,-3.095985,0.003178,-0.055341,15.476991,0.200062,-0.053110,-0.053110,0.000000,,0,0,0,1,1,0,0.002777,-0.159986,0.7083,0.4384,0.2653,2,ok
0,705,-2.576989,1.463784,-3.098146,0.002187,-0.057503,15.496972,0.200055,-0.029329,-0.029329,0.000000,,0,0,0,1,1,0,-0.001241,-0.175058,0.7708,0.4871,0.2658,2,ok
0,706,-2.600962,1.462704,-3.089532,0.000446,-0.066618,15.520945,0.199934,0.113733,0.113733,0.000000,,0,0,0,1,1,0,-0.001911,-0.184687,0.7708,0.4445,0.2636,2,ok
0,707,-2.620919,1.461808,-3.060899,-0.001032,-0.037985,15.540868,0.199578,0.466735,0.466735,0.000000,C-06,0,0,0,1,1,0,-0.005523,-0.186304,0.8333,0.4856,0.2629,2,ok
0,708,-2.644817,1.460691,-3.039032,-0.002998,-0.033330,15.564679,0.199246,0.259016,0.259016,0.000000,C-06,0,0,0,1,1,0,-0.005935,-0.166347,0.7917,0.5095,0.2684,2,ok
0,709,-2.664695,1.459354,-3.023851,-0.004373,-0.018150,15.584556,0.199189,0.229252,0.229252,0.000000,,0,0,0,1,1,0,-0.004812,-0.151153,0.8542,0.4925,0.2681,2,ok
0,710,-2.688504,1.457272,-3.007157,-0.005635,-0.020250,15.608329,0.199123,0.212535,0.212535,0.000000,,0,0,0,1,1,0,-0.004333,-0.144069,0.8125,0.4722,0.2682,2,ok
0,711,-2.708297,1.455342,-2.987514,-0.006760,-0.000607,15.628184,0.198625,0.312322,0.312322,0.000000,,0,0,0,1,1,0,-0.003764,-0.141051,0.7917,0.4643,0.2670,2,ok
0,712,-2.731982,1.452338,-2.971447,-0.007421,0.015460,15.652048,0.198944,0.203486,0.203486,0.000000,,0,0,0,1,1,0,-0.002386,-0.132874,0.7708,0.4457,0.2636,2,ok
0,713,-2.755618,1.448599,-2.963611,-0.007690,0.005497,15.675853,0.199447,0.096997,0.096997,0.000000,,0,0,0,1,1,0,-0.007494,-0.124433,0.7708,0.5713,0.2652,2,ok
0,714,-2.775294,1.445257,-2.959033,-0.007734,0.010075,15.695811,0.199584,0.070683,0.070683,0.000000,,0,0,0,1,1,0,-0.007494,-0.124433,0.7708,0.5713,0.2652,2,ok
0,715,-2.798918,1.440912,-2.971049,-0.007742,-0.020916,15.719651,0.200394,-0.171678,-0.171678,0.000000,C-06,0,0,0,1,1,0,-0.006900,-0.126572,0.7083,0.5360,0.2617,2,ok
0,716,-2.818633,1.437452,-2.973125,-0.008147,-0.022992,15.739663,0.200139,-0.023852,-0.023852,0.000000,,0,0,0,1,1,0,-0.013285,-0.140924,0.7292,0.6312,0.2786,2,ok
0,717,-2.842264,1.433425,-2.958342,-0.008800,-0.026995,15.763506,0.199513,0.209078,0.209078,0.000000,C-06,0,0,0,1,1,0,-0.014109,-0.152763,0.8542,0.6403,0.2647,2,ok
0,718,-2.861888,1.430073,-2.935486,-0.009570,-0.004139,15.783399,0.198668,0.382721,0.382721,0.000000,C-06,0,0,0,1,1,0,-0.015287,-0.149602,0.8125,0.6719,0.2672,2,ok
0,719,-2.885337,1.425789,-2.918701,-0.010218,0.012646,15.807227,0.198613,0.217057,0.217057,0.000000,C-06,0,0,0,1,1,0,-0.013253,-0.138790,0.8125,0.6437,0.2688,2,ok
0,720,-2.904806,1.421997,-2.902361,-0.010861,0.008831,15.826811,0.198205,0.272900,0.272900,0.000000,,0,0,0,1,1,0,-0.014751,-0.122060,0.7917,0.7232,0.2750,2,ok
0,721,-2.928075,1.416930,-2.886035,-0.011257,0.025157,15.850622,0.198440,0.223894,0.223894,0.000000,,0,0,0,1,1,0,-0.015350,-0.124057,0.7917,0.7592,0.2757,2,ok
0,722,-2.951273,1.411113,-2.879176,-0.011067,0.012967,15.874353,0.199358,0.087268,0.087268,0.000000,,0,0,0,1,1,0,-0.016269,-0.118656,0.7708,0.8159,0.2736,2,ok
0,723,-2.970566,1.406171,-2.870424,-0.011007,0.021719,15.894269,0.198955,0.152456,0.152456,0.000000,,0,0,0,1,1,0,-0.011762,-0.121879,0.7500,0.7229,0.2617,2,ok
0,724,-2.993722,1.399836,-2.882209,-0.010545,0.009934,15.917512,0.200407,-0.184727,-0.184727,0.000000,C-06,0,0,0,1,1,0,-0.012574,-0.121283,0.7292,0.7573,0.2599,2,ok
0,725,-3.013060,1.394652,-2.884509,-0.010746,-0.013463,15.938043,0.200192,-0.025589,-0.025589,0.000000,C-06,0,0,0,1,1,0,-0.026856,-0.148862,0.7500,1.0261,0.2883,2,ok
0,726,-3.036237,1.388547,-2.872379,-0.011075,-0.001334,15.962009,0.199415,0.183841,0.183841,0.000000,C-06,0,0,0,1,1,0,-0.023325,-0.163424,0.7500,0.9855,0.2745,2,ok
0,727,-3.055466,1.383464,-2.852550,-0.011539,-0.002265,15.981690,0.198390,0.348563,0.348563,0.000000,C-06,0,0,0,1,1,0,-0.019490,-0.165505,0.7917,0.9359,0.2754,2,ok
0,728,-3.078418,1.377106,-2.838045,-0.011993,0.012240,16.005503,0.198476,0.200065,0.200065,0.000000,,0,0,0,1,1,0,-0.019150,-0.157464,0.7917,0.9526,0.2771,2,ok
0,729,-3.097462,1.371611,-2.823710,-0.012158,0.026575,16.022721,0.198074,0.251593,0.251593,0.000000,,0,0,0,1,1,0,-0.018868,-0.153602,0.7917,1.0038,0.2765,2,ok
0,730,-3.120161,1.364779,-2.797479,-0.012716,0.030381,16.048729,0.197009,0.392799,0.392799,0.000000,,0,0,0,1,1,0,-0.025212,-0.160759,0.8333,1.1974,0.2727,2,ok
0,731,-3.142661,1.357360,-2.775084,-0.012594,0.052777,16.072420,0.197459,0.327039,0.327039,0.000000,,0,0,0,1,1,0,-0.018629,-0.150278,0.7500,1.0877,0.2632,2,ok
0,732,-3.161357,1.350264,-2.783796,-0.011966,0.021236,16.092139,0.200445,-0.191119,-0.191119,0.000000,C-06,0,0,0,1,1,0,-0.021858,-0.142297,0.7917,1.2220,0.2699,2,ok
0,733,-3.183899,1.341695,-2.798882,-0.011281,0.006150,16.116245,0.201408,-0.224241,-0.224241,0.000000,,0,0,0,1,1,0,-0.017694,-0.147117,0.7500,1.1484,0.2614,2,ok
0,734,-3.202762,1.334725,-2.806620,-0.011091,-0.026087,16.136077,0.201068,-0.128908,-0.128908,0.000000,,0,0,0,1,1,0,-0.019477,-0.172919,0.7292,1.1812,0.2617,2,ok
0,735,-3.225305,1.326773,-2.773110,-0.011587,0.007423,16.159975,0.198059,0.538556,0.538556,0.000000,C-06,0,0,0,1,1,0,-0.030384,-0.220851,0.7292,1.4254,0.2718,2,ok
0,736,-3.243840,1.320161,-2.739670,-0.011925,0.040862,16.179652,0.195715,0.610461,0.610461,0.000000,,0,0,0,1,1,0,-0.030384,-0.220851,0.7292,1.4254,0.2718,2,ok
0,737,-3.265825,1.311285,-2.719253,-0.011911,0.036045,16.203057,0.197768,0.292111,0.292111,0.000000,C-06,0,0,0,1,1,0,-0.018605,-0.199739,0.8125,1.2972,0.2732,2,ok
0,738,-3.283995,1.303536,-2.701439,-0.011560,0.053860,16.222807,0.197504,0.334482,0.334482,0.000000,,0,0,0,1,1,0,-0.015516,-0.187704,0.7917,1.3062,0.2728,2,ok
0,739,-3.305679,1.293404,-2.696885,-0.010632,0.031011,16.246433,0.199588,0.054235,0.054235,0.000000,C-06,0,0,0,1,1,0,-0.011906,-0.187790,0.7917,1.2695,0.2663,2,ok
0,740,-3.327323,1.283170,-2.692666,-0.009916,0.035230,16.270364,0.199497,0.066800,0.066800,0.000000,,0,0,0,1,1,0,-0.015245,-0.212202,0.7917,1.3844,0.2640,2,ok
0,741,-3.345273,1.274528,-2.675942,-0.009181,0.051954,16.288310,0.198605,0.336099,0.336099,0.000000,C-06,0,0,0,1,1,0,-0.011712,-0.229834,0.7917,1.3093,0.2555,2,ok
0,742,-3.366659,1.263941,-2.665546,-0.008751,0.032870,16.313875,0.198891,0.156027,0.156027,0.000000,C-06,0,0,0,1,1,0,-0.012922,-0.240473,0.7500,1.3683,0.2684,2,ok
0,743,-3.384397,1.254946,-2.657336,-0.008160,0.041080,16.333755,0.198900,0.157722,0.157722,0.000000,,0,0,0,1,1,0,-0.013646,-0.243431,0.7500,1.4076,0.2617,2,ok
0,744,-3.405464,1.243862,-2.625356,-0.007589,0.037827,16.357298,0.197104,0.540008,0.540008,0.000000,C-06,0,0,0,1,1,0,-0.016239,-0.280486,0.6875,1.4526,0.2650,2,ok
0,745,-3.422725,1.234393,-2.598800,-0.007002,0.064383,16.376977,0.197014,0.525228,0.525228,0.000000,,0,0,0,1,1,0,-0.014008,-0.271413,0.7500,1.4426,0.2658,2,ok
0,746,-3.443060,1.222341,-2.564329,-0.005660,0.058143,16.400371,0.197209,0.584733,0.584733,0.000000,,0,0,0,1,1,0,-0.004572,-0.263931,0.7292,1.2396,0.2530,2,ok
0,747,-3.459733,1.211556,-2.549157,-0.004333,0.073315,16.420183,0.198715,0.296810,0.296810,0.000000,C-06,0,0,0,1,1,0,-0.002625,-0.242237,0.8333,1.2957,0.2617,2,ok
0,748,-3.479596,1.198184,-2.542836,-0.002295,0.079637,16.444041,0.199606,0.095609,0.095609,0.000000,C-06,0,0,0,1,1,0,-0.001006,-0.241506,0.8125,1.2926,0.2640,2,ok
0,749,-3.499396,1.184674,-2.539322,-0.000990,0.037152,16.467881,0.199766,0.058420,0.058420,0.000000,,0,0,0,1,1,0,0.001329,-0.246688,0.8125,1.2230,0.2560,2,ok
0,750,-3.515743,1.173332,-2.513890,-0.000095,0.062583,16.487757,0.198194,0.574400,0.574400,0.000000,C-06,0,0,0,1,1,0,0.001378,-0.272387,0.7500,1.2190,0.2604,2,ok
0,751,-3.534966,1.159225,-2.485764,0.001434,0.039640,16.511622,0.198974,0.494990,0.494990,0.000000,,0,0,0,1,1,0,0.000056,-0.277778,0.7917,1.2599,0.2562,2,ok
0,752,-3.550820,1.147047,-2.488476,0.002227,0.036929,16.531597,0.200202,-0.110471,-0.110471,0.000000,C-06,0,0,0,1,1,0,0.005432,-0.269369,0.7083,1.1729,0.2591,2,ok
0,753,-3.569896,1.132468,-2.490490,0.003120,0.034915,16.555590,0.200071,-0.032283,-0.032283,0.000000,,0,0,0,1,1,0,0.001205,-0.287741,0.7500,1.2536,0.2573,2,ok
0,754,-3.585729,1.120316,-2.476673,0.003336,-0.006892,16.575730,0.199444,0.329016,0.329016,0.000000,C-06,0,0,0,1,1,0,0.001205,-0.287741,0.7500,1.2536,0.2573,2,ok
0,755,-3.604426,1.105351,-2.450718,0.003466,0.019064,16.599678,0.199713,0.483066,0.483066,0.000000,C-06,0,0,0,1,1,0,0.000102,-0.337732,0.7083,1.2122,0.2510,2,ok
0,756,-3.619688,1.092409,-2.422953,0.004142,0.046828,16.619677,0.200564,0.625867,0.625867,0.000000,,0,0,0,1,1,0,-0.001620,-0.318770,0.8125,1.2223,0.2548,2,ok
0,757,-3.637668,1.076291,-2.386810,0.004359,0.027011,16.644066,0.201272,0.653017,0.653017,0.000000,,0,0,0,1,1,0,0.001438,-0.306202,0.8125,1.1655,0.2538,2,ok
0,758,-3.654971,1.059577,-2.355406,0.005342,0.058415,16.668104,0.200020,0.540804,0.540804,0.000000,,0,0,0,1,1,0,0.002622,-0.289857,0.8125,1.1379,0.2581,2,ok
0,759,-3.668887,1.045297,-2.324821,0.006234,0.032743,16.688370,0.198850,0.647484,0.647484,0.000000,,0,0,0,1,1,0,0.004796,-0.274280,0.7917,1.0979,0.2554,2,ok
0,760,-3.685060,1.027728,-2.296161,0.007221,0.061403,16.712230,0.199250,0.503778,0.503778,0.000000,,0,0,0,1,1,0,0.007475,-0.271281,0.7708,1.0464,0.2537,2,ok
0,761,-3.698262,1.012733,-2.288294,0.008489,0.069270,16.732169,0.199858,0.150286,0.150286,0.000000,C-06,0,0,0,1,1,0,0.011917,-0.265933,0.7083,0.9655,0.2568,2,ok
0,762,-3.714177,0.994704,-2.305023,0.008849,-0.003541,16.756697,0.200636,-0.334521,-0.334521,0.000000,C-06,0,0,0,1,1,0,0.012423,-0.267973,0.7500,0.9478,0.2517,2,ok
0,763,-3.727570,0.979858,-2.302545,0.008758,-0.001063,16.776692,0.199839,0.088918,0.088918,0.000000,C-06,0,0,0,1,1,0,0.008323,-0.295393,0.7708,0.9982,0.2519,2,ok
0,764,-3.743375,0.961856,-2.275579,0.008539,-0.029329,16.801130,0.199894,0.517549,0.517549,0.000000,C-06,0,0,0,1,1,0,0.002597,-0.326779,0.6667,1.0224,0.2616,2,ok
0,765,-3.756190,0.946471,-2.251872,0.008131,-0.005622,16.821149,0.200483,0.527297,0.527297,0.000000,,0,0,0,1,1,0,0.001707,-0.317519,0.7500,1.0188,0.2605,2,ok
0,766,-3.771185,0.927535,-2.211549,0.008238,0.034701,16.845303,0.201910,0.742241,0.742241,0.000000,C-06,0,0,0,1,1,0,0.001090,-0.304416,0.7917,1.0284,0.2591,2,ok
0,767,-3.785603,0.908054,-2.177491,0.008069,0.014934,16.869981,0.202275,0.590518,0.590518,0.000000,C-06,0,0,0,1,1,0,0.003180,-0.287388,0.8542,0.9825,0.2636,2,ok
0,768,-3.797215,0.891473,-2.150474,0.008270,0.041950,16.890223,0.202651,0.557043,0.557043,0.000000,,0,0,0,1,1,0,0.006092,-0.274954,0.8125,0.9320,0.2602,2,ok
0,769,-3.810591,0.871220,-2.124667,0.008723,0.015726,16.914956,0.202264,0.409504,0.409504,0.000000,,0,0,0,1,1,0,0.006669,-0.260347,0.7917,0.9286,0.2627,2,ok
0,770,-3.821230,0.854156,-2.115083,0.008922,0.025310,16.935064,0.200997,0.173114,0.173114,0.000000,C-06,0,0,0,1,1,0,0.008807,-0.247529,0.7708,0.8627,0.2589,2,ok
0,771,-3.833732,0.833675,-2.124517,0.009387,0.015875,16.959055,0.199481,-0.179497,-0.179497,0.000000,C-06,0,0,0,1,1,0,0.008264,-0.245605,0.7708,0.8610,0.2627,2,ok
0,772,-3.844200,0.816689,-2.129159,0.008851,-0.039411,16.979479,0.199534,-0.087120,-0.087120,0.000000,,0,0,0,1,1,0,0.005995,-0.261749,0.7083,0.8387,0.2567,2,ok
0,773,-3.856909,0.796161,-2.098554,0.007932,-0.008806,17.003605,0.202559,0.554847,0.554847,0.000000,C-06,0,0,0,1,1,0,-0.002426,-0.282035,0.7292,0.9674,0.2634,2,ok
0,774,-3.867316,0.778778,-2.077831,0.007226,-0.036088,17.024205,0.202668,0.397346,0.397346,0.000000,C-06,0,0,0,1,1,0,-0.003657,-0.286126,0.6875,0.9262,0.2730,2,ok
0,775,-3.879357,0.757597,-2.041371,0.006064,0.000372,17.048542,0.204354,0.602270,0.602270,0.000000,C-06,0,0,0,1,1,0,-0.004853,-0.276440,0.7083,0.9372,0.2732,2,ok
0,776,-3.891033,0.736014,-2.004898,0.005411,0.036845,17.073072,0.204635,0.571407,0.571407,0.000000,,0,0,0,1,1,0,0.000170,-0.249442,0.7917,0.8318,0.2738,2,ok
0,777,-3.899962,0.717785,-1.985087,0.004783,0.010872,17.093622,0.202892,0.352672,0.352672,0.000000,C-06,0,0,0,1,1,0,0.001738,-0.229626,0.7917,0.8048,0.2710,2,ok
0,778,-3.910334,0.695683,-1.956401,0.004349,0.039558,17.118032,0.203770,0.442581,0.442581,0.000000,,0,0,0,1,1,0,0.002845,-0.214995,0.7708,0.7891,0.2667,2,ok
0,779,-3.917925,0.677134,-1.953605,0.004683,-0.000608,17.138258,0.200118,0.014504,0.014504,0.000000,C-06,0,0,0,1,1,0,0.002740,-0.196494,0.7708,0.8041,0.2621,2,ok
0,780,-3.926909,0.654847,-1.947636,0.004627,0.005361,17.162288,0.200447,0.094702,0.094702,0.000000,,0,0,0,1,1,0,0.002565,-0.198980,0.7708,0.7995,0.2618,2,ok
0,781,-3.934336,0.636205,-1.934279,0.004662,0.018718,17.182355,0.201073,0.254265,0.254265,0.000000,C-06,0,0,0,1,1,0,0.001178,-0.220145,0.7500,0.8106,0.2632,2,ok
0,782,-3.942896,0.613761,-1.932394,0.004165,-0.020417,17.206568,0.200113,0.013803,0.013803,0.000000,C-06,0,0,0,1,1,0,0.000515,-0.218519,0.7292,0.8008,0.2634,2,ok
0,783,-3.950002,0.595049,-1.930843,0.003676,-0.018866,17.226577,0.200206,0.028647,0.028647,0.000000,,0,0,0,1,1,0,-0.001508,-0.230146,0.7292,0.7972,0.2583,2,ok
0,784,-3.958457,0.572441,-1.890959,0.002817,-0.016789,17.250821,0.202356,0.637492,0.637492,0.000000,C-06,0,0,0,1,1,0,-0.006946,-0.250104,0.6875,0.8643,0.2664,2,ok
0,785,-3.966907,0.549520,-1.851899,0.001554,0.022271,17.275218,0.204552,0.552237,0.552237,0.000000,,0,0,0,1,1,0,-0.001439,-0.235272,0.7083,0.7845,0.2622,2,ok
0,786,-3.973261,0.530245,-1.830735,0.001209,0.043436,17.294782,0.202753,0.337101,0.337101,0.000000,C-06,0,0,0,1,1,0,0.001576,-0.203183,0.7917,0.7293,0.2640,2,ok
0,787,-3.979506,0.507042,-1.829349,0.001211,0.009006,17.319584,0.200033,-0.007556,-0.007556,0.000000,C-06,0,0,0,1,1,0,0.004432,-0.189461,0.8125,0.6806,0.2622,2,ok
0,788,-3.984632,0.487715,-1.832717,0.001309,0.005638,17.339579,0.199875,-0.060188,-0.060188,0.000000,,0,0,0,1,1,0,0.004069,-0.193079,0.7292,0.6625,0.2584,2,ok
0,789,-3.990801,0.464543,-1.829961,0.000941,-0.025055,17.363596,0.200093,0.434162,0.434162,0.000000,C-06,0,0,0,1,1,0,0.002897,-0.203694,0.7292,0.6356,0.2599,2,ok
0,790,-3.995990,0.445135,-1.798440,0.000352,0.006466,17.383676,0.201554,0.529045,0.529045,0.000000,,0,0,0,1,1,0,-0.001520,-0.228232,0.7500,0.6985,0.2580,2,ok
0,791,-4.001791,0.421717,-1.786239,-0.000053,-0.014435,17.407801,0.200986,0.138535,0.138535,0.000000,C-06,0,0,0,1,1,0,0.001737,-0.219446,0.7708,0.6195,0.2578,2,ok
0,792,-4.006147,0.402188,-1.791125,-0.000407,-0.019321,17.427807,0.199939,-0.092714,-0.092714,0.000000,C-06,0,0,0,1,1,0,0.002718,-0.207215,0.6667,0.5726,0.2593,2,ok
0,793,-4.011375,0.378706,-1.762608,-0.000822,0.009196,17.451860,0.201054,0.434835,0.434835,0.000000,C-06,0,0,0,1,1,0,0.001189,-0.225336,0.6458,0.5502,0.2597,2,ok
0,794,-4.016604,0.355067,-1.724782,-0.001790,0.013288,17.476022,0.202328,0.503208,0.503208,0.000000,,0,0,0,1,1,0,-0.006389,-0.225946,0.6667,0.6875,0.2727,2,ok
0,795,-4.020449,0.335276,-1.706625,-0.002206,0.031445,17.496179,0.201498,0.261759,0.261759,0.000000,C-06,0,0,0,1,1,0,-0.002521,-0.194669,0.7500,0.6456,0.2648,2,ok
0,796,-4.024370,0.311473,-1.691355,-0.002341,0.012855,17.520225,0.200971,0.191229,0.191229,0.000000,,0,0,0,1,1,0,0.002509,-0.178202,0.7708,0.5403,0.2609,2,ok
0,797,-4.026864,0.291617,-1.691661,-0.002121,0.012549,17.540236,0.200054,-0.017535,-0.017535,0.000000,C-06,0,0,0,1,1,0,0.002910,-0.169003,0.7500,0.5077,0.2633,2,ok
0,798,-4.029763,0.267768,-1.671780,-0.001761,0.032430,17.564258,0.200419,0.277347,0.277347,0.000000,C-06,0,0,0,1,1,0,-0.002371,-0.173569,0.7917,0.6184,0.2647,2,ok
0,799,-4.032176,0.247846,-1.644640,-0.002208,0.024790,17.584249,0.200886,0.419043,0.419043,0.000000,,0,0,0,1,1,0,-0.002151,-0.175210,0.8125,0.6023,0.2624,2,ok
0,800,-4.035037,0.223890,-1.617813,-0.002773,0.051617,17.608368,0.201049,0.323054,0.323054,0.000000,,0,0,0,1,1,0,0.000405,-0.161418,0.7500,0.5485,0.2581,2,ok
0,801,-4.036085,0.203915,-1.625799,-0.002179,0.009382,17.628285,0.199930,-0.158647,-0.158647,0.000000,C-06,0,0,0,1,1,0,0.002950,-0.141724,0.7083,0.5244,0.2589,2,ok
0,802,-4.037226,0.179962,-1.641056,-0.001819,-0.005875,17.652262,0.199743,-0.189114,-0.189114,0.000000,,0,0,0,1,1,0,0.000681,-0.153937,0.6875,0.5547,0.2642,2,ok
0,803,-4.038881,0.156021,-1.639506,-0.001971,-0.004325,17.674454,0.200023,0.034337,0.034337,0.000000,C-06,0,0,0,1,1,0,-0.001749,-0.176711,0.6667,0.5262,0.2594,2,ok
0,804,-4.040290,0.136064,-1.632041,-0.002886,-0.029309,17.696179,0.200117,0.117598,0.117598,0.000000,,0,0,0,1,1,0,-0.003677,-0.196528,0.6875,0.5342,0.2580,2,ok
0,805,-4.041981,0.112090,-1.596918,-0.003908,0.005814,17.720191,0.200418,0.467808,0.467808,0.000000,C-06,0,0,0,1,1,0,-0.010847,-0.198167,0.7500,0.6850,0.2720,2,ok
0,806,-4.043368,0.092093,-1.576659,-0.005068,-0.003519,17.740083,0.200416,0.274907,0.274907,0.000000,C-06,0,0,0,1,1,0,-0.004624,-0.176871,0.7708,0.5453,0.2602,2,ok
0,807,-4.044380,0.068093,-1.558415,-0.006080,0.014725,17.764082,0.200095,0.211788,0.211788,0.000000,,0,0,0,1,1,0,-0.004113,-0.158230,0.7917,0.5280,0.2587,2,ok
0,808,-4.044806,0.048097,-1.544843,-0.006506,0.028298,17.781675,0.199958,0.192891,0.192891,0.000000,,0,0,0,1,1,0,-0.005796,-0.149277,0.7708,0.5763,0.2718,2,ok
0,809,-4.045118,0.024115,-1.520113,-0.007510,0.024653,17.807872,0.199770,0.306759,0.306759,0.000000,,0,0,0,1,1,0,-0.005966,-0.139920,0.7708,0.5670,0.2618,2,ok
0,810,-4.044780,0.004148,-1.506143,-0.007698,0.038623,17.827840,0.199653,0.198199,0.198199,0.000000,,0,0,0,1,1,0,-0.006770,-0.134077,0.7500,0.6155,0.2605,2,ok
0,811,-4.043325,-0.019803,-1.509528,-0.007313,0.009164,17.851636,0.200021,-0.059997,-0.059997,0.000000,C-06,0,0,0,1,1,0,-0.003128,-0.128509,0.7083,0.5246,0.2635,2,ok
0,812,-4.041809,-0.043761,-1.513867,-0.007056,0.004825,17.875641,0.200073,-0.052672,-0.052672,0.000000,,0,0,0,1,1,0,-0.007397,-0.140119,0.7083,0.6318,0.2613,2,ok
0,813,-4.040635,-0.063729,-1.514787,-0.007126,-0.020966,17.895455,0.200023,-0.010084,-0.010084,0.000000,,0,0,0,1,1,0,-0.005969,-0.154029,0.6458,0.5576,0.2631,2,ok
0,814,-4.039243,-0.087688,-1.509782,-0.007635,-0.015962,17.919449,0.199967,0.064911,0.064911,0.000000,,0,0,0,1,1,0,-0.011870,-0.169926,0.7083,0.6780,0.2652,2,ok
0,815,-4.038084,-0.107635,-1.483571,-0.008058,0.010249,17.939425,0.199604,0.427345,0.427345,0.000000,C-06,0,0,0,1,1,0,-0.012135,-0.172137,0.7917,0.6446,0.2596,2,ok
0,816,-4.036693,-0.131515,-1.459460,-0.009071,0.009380,17.963135,0.199123,0.295224,0.295224,0.000000,,0,0,0,1,1,0,-0.009331,-0.156885,0.7708,0.6024,0.2639,2,ok
0,817,-4.035053,-0.151377,-1.446813,-0.009472,0.022026,17.983060,0.199284,0.183844,0.183844,0.000000,,0,0,0,1,1,0,-0.007978,-0.143793,0.7708,0.6114,0.2659,2,ok
0,818,-4.032765,-0.175168,-1.431186,-0.009909,0.013194,18.006748,0.199127,0.201938,0.201938,0.000000,,0,0,0,1,1,0,-0.008082,-0.135819,0.7500,0.6278,0.2653,2,ok
0,819,-4.030687,-0.194943,-1.409147,-0.010300,0.035234,18.026627,0.198525,0.359638,0.359638,0.000000,C-06,0,0,0,1,1,0,-0.008213,-0.142674,0.7292,0.6666,0.2685,2,ok
0,820,-4.027676,-0.218588,-1.388650,-0.010245,0.055730,18.047321,0.198598,0.263069,0.263069,0.000000,,0,0,0,1,1,0,-0.006253,-0.138754,0.7083,0.6170,0.2656,2,ok
0,821,-4.023426,-0.242190,-1.389506,-0.009679,0.031241,18.074160,0.199974,-0.029293,-0.029293,0.000000,C-06,0,0,0,1,1,0,-0.005467,-0.124847,0.7292,0.6593,0.2692,2,ok
0,822,-4.019832,-0.261879,-1.399459,-0.009093,0.021288,18.094165,0.200301,-0.168588,-0.168588,0.000000,,0,0,0,1,1,0,-0.003529,-0.131556,0.6458,0.6016,0.2659,2,ok
0,823,-4.015523,-0.285542,-1.406179,-0.008814,-0.010011,18.118004,0.200500,-0.084665,-0.084665,0.000000,,0,0,0,1,1,0,-0.003529,-0.131556,0.6458,0.6016,0.2659,2,ok
0,824,-4.012229,-0.305267,-1.402713,-0.009000,-0.006545,18.138002,0.199883,0.067529,0.067529,0.000000,C-06,0,0,0,1,1,0,-0.012857,-0.178505,0.7083,0.7884,0.2614,2,ok
0,825,-4.008253,-0.328872,-1.373293,-0.009382,-0.002071,18.161729,0.198952,0.429464,0.429464,0.000000,C-06,0,0,0,1,1,0,-0.012405,-0.184571,0.7708,0.7672,0.2619,2,ok
0,826,-4.004937,-0.348436,-1.350259,-0.009967,0.020963,18.181564,0.198007,0.369227,0.369227,0.000000,,0,0,0,1,1,0,-0.011421,-0.172110,0.7292,0.7759,0.2676,2,ok
0,827,-4.000440,-0.371801,-1.330679,-0.010140,0.040544,18.205357,0.198274,0.260715,0.260715,0.000000,,0,0,0,1,1,0,-0.012500,-0.154174,0.7500,0.8580,0.2660,2,ok
0,828,-3.996314,-0.391190,-1.314892,-0.010419,0.031067,18.224893,0.198194,0.261985,0.261985,0.000000,,0,0,0,1,1,0,-0.009103,-0.143984,0.7292,0.8098,0.2637,2,ok
0,829,-3.990988,-0.414345,-1.294348,-0.010403,0.051612,18.248653,0.197935,0.289062,0.289062,0.000000,,0,0,0,1,1,0,0.006808,-0.153717,0.6875,0.3494,0.2376,2,ok
0,830,-3.984616,-0.437414,-1.289177,-0.009651,0.030563,18.272338,0.199534,0.060949,0.060949,0.000000,C-06,0,0,0,1,1,0,0.007429,-0.154151,0.6875,0.3403,0.2386,2,ok
0,831,-3.979072,-0.456645,-1.297034,-0.009019,0.022706,18.292342,0.200376,-0.147058,-0.147058,0.000000,C-06,0,0,0,1,1,0,-0.006826,-0.155211,0.6875,0.8546,0.2617,2,ok
0,832,-3.972408,-0.479799,-1.312340,-0.008370,-0.020752,18.316187,0.201139,-0.217924,-0.217924,0.000000,,0,0,0,1,1,0,-0.005474,-0.171778,0.6458,0.8182,0.2609,2,ok
0,833,-3.967215,-0.499099,-1.295973,-0.008664,-0.004385,18.336172,0.199350,0.325039,0.325039,0.000000,C-06,0,0,0,1,1,0,-0.007818,-0.224610,0.6875,0.8204,0.2551,2,ok
0,834,-3.961021,-0.522079,-1.259607,-0.009003,0.031981,18.359969,0.197365,0.528151,0.528151,0.000000,C-06,0,0,0,1,1,0,-0.007565,-0.227867,0.7083,0.8057,0.2572,2,ok
0,835,-3.955731,-0.541038,-1.234183,-0.009482,0.028861,18.379388,0.196729,0.435422,0.435422,0.000000,,0,0,0,1,1,0,-0.005891,-0.206282,0.7917,0.8092,0.2550,2,ok
0,836,-3.948558,-0.563591,-1.209655,-0.009433,0.053389,18.403054,0.197248,0.356238,0.356238,0.000000,,0,0,0,1,1,0,-0.001280,-0.193266,0.7500,0.7333,0.2575,2,ok
0,837,-3.941903,-0.582252,-1.196391,-0.008706,0.066653,18.420200,0.198207,0.227406,0.227406,0.000000,,0,0,0,1,1,0,0.001345,-0.182455,0.7292,0.6935,0.2597,2,ok
0,838,-3.933361,-0.604551,-1.187992,-0.008127,0.044035,18.446441,0.199039,0.120400,0.120400,0.000000,,0,0,0,1,1,0,0.000781,-0.179381,0.7500,0.7184,0.2582,2,ok
0,839,-3.924499,-0.626719,-1.166142,-0.007121,0.065885,18.470294,0.198242,0.347467,0.347467,0.000000,C-06,0,0,0,1,1,0,0.002701,-0.196269,0.7083,0.6491,0.2557,2,ok
0,840,-3.916649,-0.645106,-1.168772,-0.006294,0.029273,18.490063,0.200258,-0.089651,-0.089651,0.000000,C-06,0,0,0,1,1,0,0.002497,-0.194297,0.7083,0.6702,0.2580,2,ok
0,841,-3.907259,-0.667280,-1.188430,-0.005513,0.009615,18.514130,0.201305,-0.307690,-0.307690,0.000000,C-06,0,0,0,1,1,0,0.002357,-0.189262,0.7292,0.6846,0.2578,2,ok
0,842,-3.899719,-0.685811,-1.179592,-0.005362,-0.017938,18.533944,0.199616,0.206495,0.206495,0.000000,C-06,0,0,0,1,1,0,-0.004006,-0.233516,0.6458,0.7020,0.2605,2,ok
0,843,-3.890597,-0.707865,-1.149437,-0.005647,0.012217,18.557808,0.197839,0.485761,0.485761,0.000000,C-06,0,0,0,1,1,0,-0.003346,-0.243985,0.6875,0.6517,0.2564,2,ok
0,844,-3.882905,-0.726027,-1.128312,-0.005718,0.033341,18.577531,0.197149,0.384833,0.384833,0.000000,,0,0,0,1,1,0,-0.002155,-0.234662,0.7292,0.6350,0.2581,2,ok
0,845,-3.873189,-0.747579,-1.102071,-0.006042,0.020246,18.600924,0.197056,0.415223,0.415223,0.000000,,0,0,0,1,1,0,-0.001498,-0.220579,0.7708,0.6254,0.2592,2,ok
0,846,-3.864468,-0.765352,-1.087088,-0.005869,0.035229,18.620720,0.198094,0.274915,0.274915,0.000000,,0,0,0,1,1,0,0.001435,-0.207334,0.7500,0.5446,0.2613,2,ok
0,847,-3.853536,-0.786430,-1.056555,-0.005380,0.024519,18.644240,0.196802,0.506932,0.506932,0.000000,C-06,0,0,0,1,1,0,0.000243,-0.205626,0.7708,0.5908,0.2643,2,ok
0,848,-3.842095,-0.807167,-1.030069,-0.004994,0.051006,18.667920,0.197513,0.432532,0.432532,0.000000,,0,0,0,1,1,0,0.001465,-0.190800,0.7500,0.5682,0.2653,2,ok
0,849,-3.832022,-0.824224,-1.012985,-0.004090,0.068089,18.687709,0.198207,0.336170,0.336170,0.000000,,0,0,0,1,1,0,0.001070,-0.182656,0.7083,0.6060,0.2666,2,ok
0,850,-3.819376,-0.844632,-1.021783,-0.003327,0.017918,18.711528,0.200567,-0.171335,-0.171335,0.000000,C-06,0,0,0,1,1,0,0.001359,-0.171097,0.7083,0.6088,0.2648,2,ok
0,851,-3.808931,-0.861769,-1.037130,-0.003075,0.002571,18.731595,0.201279,-0.316658,-0.316658,0.000000,,0,0,0,1,1,0,-0.000251,-0.180435,0.6875,0.6050,0.2615,2,ok
0,852,-3.796597,-0.882495,-1.047115,-0.003289,-0.046404,18.755589,0.200973,-0.155203,-0.155203,0.000000,C-06,0,0,0,1,1,0,-0.000251,-0.180435,0.6875,0.6050,0.2615,2,ok
0,853,-3.786558,-0.899752,-1.032681,-0.004235,-0.031970,18.775531,0.198937,0.324085,0.324085,0.000000,C-06,0,0,0,1,1,0,-0.007867,-0.227818,0.6875,0.6474,0.2601,2,ok
0,854,-3.774436,-0.920253,-1.015533,-0.005195,-0.014822,18.799329,0.198460,0.284891,0.284891,0.000000,,0,0,0,1,1,0,-0.009732,-0.236267,0.7083,0.6645,0.2626,2,ok
0,855,-3.764073,-0.937158,-0.998183,-0.006242,-0.034965,18.818933,0.198242,0.357237,0.357237,0.000000,,0,0,0,1,1,0,-0.010186,-0.225676,0.7292,0.6589,0.2615,2,ok
0,856,-3.751216,-0.957157,-0.971343,-0.007185,-0.008126,18.842689,0.198078,0.468384,0.468384,0.000000,,0,0,0,1,1,0,-0.006474,-0.224752,0.7083,0.5582,0.2554,2,ok
0,857,-3.737761,-0.976758,-0.939672,-0.007674,-0.011290,18.866226,0.198307,0.560892,0.560892,0.000000,,0,0,0,1,1,0,-0.007875,-0.207842,0.7500,0.6027,0.2601,2,ok
0,858,-3.725984,-0.992749,-0.913232,-0.007825,0.015149,18.886085,0.198860,0.567382,0.567382,0.000000,,0,0,0,1,1,0,-0.006907,-0.205706,0.7292,0.5755,0.2571,2,ok
0,859,-3.711291,-1.011706,-0.909443,-0.007419,0.018938,18.910066,0.199928,0.040164,0.040164,0.000000,C-06,0,0,0,1,1,0,0.004326,-0.184888,0.6667,0.2835,0.2428,2,ok
0,860,-3.699006,-1.027482,-0.908290,-0.007625,-0.012110,18.929816,0.199958,0.024249,0.024249,0.000000,,0,0,0,1,1,0,-0.005005,-0.180410,0.6667,0.5836,0.2615,2,ok
0,861,-3.684211,-1.046353,-0.900837,-0.007875,-0.004657,18.953794,0.199792,0.142233,0.142233,0.000000,,0,0,0,1,1,0,-0.006055,-0.189856,0.6875,0.5701,0.2618,2,ok
0,862,-3.671664,-1.061876,-0.874741,-0.008041,-0.009751,18.973487,0.199771,0.610117,0.610117,0.000000,C-06,0,0,0,1,1,0,-0.006841,-0.207818,0.6458,0.5744,0.2614,2,ok
0,863,-3.656013,-1.080113,-0.845413,-0.008035,0.019577,18.997519,0.200716,0.537477,0.537477,0.000000,,0,0,0,1,1,0,-0.006558,-0.207461,0.6667,0.5582,0.2604,2,ok
0,864,-3.642652,-1.095055,-0.833888,-0.007624,0.031101,19.017559,0.200474,0.228169,0.228169,0.000000,C-06,0,0,0,1,1,0,-0.002633,-0.175480,0.7708,0.5495,0.2598,2,ok
0,865,-3.626416,-1.112813,-0.821571,-0.007433,0.012707,19.041421,0.200488,0.220007,0.220007,0.000000,,0,0,0,1,1,0,-0.002518,-0.168587,0.7500,0.5496,0.2652,2,ok
0,866,-3.609937,-1.130337,-0.805958,-0.006967,0.028321,19.065471,0.200354,0.279224,0.279224,0.000000,,0,0,0,1,1,0,-0.003159,-0.163964,0.7292,0.5652,0.2636,2,ok
0,867,-3.595995,-1.144708,-0.792712,-0.006644,0.011366,19.085277,0.200130,0.276608,0.276608,0.000000,,0,0,0,1,1,0,-0.002949,-0.159616,0.7292,0.5636,0.2623,2,ok
0,868,-3.578987,-1.161627,-0.771250,-0.006141,0.032827,19.109262,0.199709,0.376197,0.376197,0.000000,,0,0,0,1,1,0,-0.004625,-0.154571,0.7292,0.6152,0.2637,2,ok
0,869,-3.564599,-1.175470,-0.757937,-0.005388,0.046141,19.127226,0.199566,0.271595,0.271595,0.000000,,0,0,0,1,1,0,-0.002992,-0.157130,0.6875,0.6286,0.2668,2,ok
0,870,-3.547205,-1.192037,-0.767179,-0.005111,0.008134,19.153075,0.200207,-0.186744,-0.186744,0.000000,C-06,0,0,0,1,1,0,-0.000968,-0.149626,0.7083,0.6199,0.2682,2,ok
0,871,-3.532882,-1.206019,-0.781791,-0.005081,-0.006478,19.173092,0.200082,-0.315047,-0.315047,0.000000,,0,0,0,1,1,0,-0.001247,-0.164888,0.7083,0.6044,0.2640,2,ok
0,872,-3.515842,-1.222917,-0.779226,-0.005725,-0.032970,19.196923,0.199977,0.067476,0.067476,0.000000,C-06,0,0,0,1,1,0,-0.004582,-0.197295,0.6667,0.6206,0.2633,2,ok
0,873,-3.501534,-1.236827,-0.757212,-0.006261,-0.010957,19.216870,0.199201,0.497991,0.497991,0.000000,C-06,0,0,0,1,1,0,-0.007081,-0.212045,0.7083,0.6233,0.2598,2,ok
0,874,-3.484026,-1.253040,-0.726001,-0.006487,-0.008529,19.240563,0.199134,0.564000,0.564000,0.000000,,0,0,0,1,1,0,-0.006876,-0.200684,0.7708,0.6374,0.2600,2,ok
0,875,-3.465971,-1.268804,-0.707980,-0.006483,0.009492,19.264531,0.199882,0.314122,0.314122,0.000000,C-06,0,0,0,1,1,0,-0.004536,-0.183248,0.7292,0.6079,0.2622,2,ok
0,876,-3.450668,-1.281690,-0.690185,-0.006121,0.027288,19.284534,0.200213,0.403751,0.403751,0.000000,,0,0,0,1,1,0,-0.004536,-0.183248,0.7292,0.6079,0.2622,2,ok
0,877,-3.431989,-1.296846,-0.667198,-0.005819,0.021093,19.308418,0.200643,0.422307,0.422307,0.000000,,0,0,0,1,1,0,-0.001760,-0.167415,0.7292,0.5820,0.2597,2,ok
0,878,-3.416178,-1.309202,-0.650894,-0.005280,0.037397,19.328478,0.200766,0.348100,0.348100,0.000000,,0,0,0,1,1,0,0.009296,-0.165623,0.6875,0.2878,0.2433,2,ok
0,879,-3.397061,-1.323731,-0.648584,-0.004644,0.011403,19.352334,0.200051,0.022001,0.022001,0.000000,C-06,0,0,0,1,1,0,-0.001361,-0.162486,0.7500,0.6518,0.2620,2,ok
0,880,-3.381170,-1.335828,-0.657413,-0.004459,0.002575,19.372304,0.199585,-0.209482,-0.209482,0.000000,C-06,0,0,0,1,1,0,0.009112,-0.162385,0.6667,0.2953,0.2453,2,ok
0,881,-3.362256,-1.350531,-0.668848,-0.004481,-0.008861,19.395134,0.199687,-0.206926,-0.206926,0.000000,,0,0,0,1,1,0,-0.002309,-0.175870,0.6250,0.6445,0.2626,2,ok
0,882,-3.346476,-1.362907,-0.651814,-0.005238,-0.021216,19.416163,0.200915,0.424261,0.424261,0.000000,C-06,0,0,0,1,1,0,-0.008066,-0.213516,0.6667,0.7092,0.2666,2,ok
0,883,-3.327180,-1.377419,-0.620878,-0.005622,0.009720,19.440305,0.201861,0.556875,0.556875,0.000000,,0,0,0,1,1,0,-0.007970,-0.209857,0.6667,0.7167,0.2632,2,ok
0,884,-3.307502,-1.391466,-0.598493,-0.005813,0.002214,19.464335,0.201570,0.379432,0.379432,0.000000,C-06,0,0,0,1,1,0,-0.006715,-0.194580,0.7500,0.7147,0.2617,2,ok
0,885,-3.290865,-1.402905,-0.577839,-0.005801,0.022869,19.484524,0.202070,0.430086,0.430086,0.000000,,0,0,0,1,1,0,-0.005424,-0.182389,0.7292,0.7297,0.2659,2,ok
0,886,-3.270627,-1.416206,-0.556971,-0.005477,0.014618,19.508565,0.201899,0.349494,0.349494,0.000000,,0,0,0,1,1,0,-0.005006,-0.174898,0.6875,0.7504,0.2711,2,ok
0,887,-3.253631,-1.426800,-0.554521,-0.005205,0.017068,19.528591,0.200142,0.026106,0.026106,0.000000,C-06,0,0,0,1,1,0,-0.001563,-0.163752,0.6667,0.7050,0.2624,2,ok
0,888,-3.233127,-1.439437,-0.537504,-0.004755,0.034085,19.552672,0.201426,0.299457,0.299457,0.000000,C-06,0,0,0,1,1,0,0.009499,-0.171398,0.6458,0.3463,0.2390,2,ok
0,889,-3.215897,-1.449814,-0.527869,-0.004670,0.013640,19.572644,0.201122,0.181652,0.181652,0.000000,,0,0,0,1,1,0,-0.006765,-0.166370,0.6667,0.8766,0.2670,2,ok
0,890,-3.195175,-1.461965,-0.530695,-0.004421,0.010815,19.596663,0.199979,-0.061090,-0.061090,0.000000,C-06,0,0,0,1,1,0,-0.005611,-0.177880,0.6042,0.8822,0.2693,2,ok
0,891,-3.177981,-1.472091,-0.542194,-0.004431,-0.031370,19.616503,0.199069,-0.244694,-0.244694,0.000000,C-06,0,0,0,1,1,0,0.023739,-0.213743,0.5625,0.3952,0.2029,2,ok
0,892,-3.157358,-1.484429,-0.529833,-0.005028,-0.019008,19.640527,0.200882,0.235793,0.235793,0.000000,C-06,0,0,0,1,1,0,0.020255,-0.250455,0.5833,0.3851,0.2040,2,ok
0,893,-3.136521,-1.496691,-0.507815,-0.005453,0.003009,19.663596,0.202343,0.367733,0.367733,0.000000,,0,0,0,1,1,0,0.014863,-0.250200,0.6250,0.4032,0.2126,2,ok
0,894,-3.118919,-1.506737,-0.480441,-0.006301,-0.000322,19.684756,0.203646,0.544483,0.544483,0.000000,C-06,0,0,0,1,1,0,0.013192,-0.240521,0.6250,0.4088,0.2166,2,ok
0,895,-3.097418,-1.518625,-0.439107,-0.006953,0.041012,19.709315,0.205351,0.661242,0.661242,0.000000,,0,0,0,1,1,0,-0.002624,-0.225280,0.6875,0.7881,0.2539,2,ok
0,896,-3.079240,-1.527544,-0.422588,-0.006842,0.025279,19.729365,0.202199,0.273057,0.273057,0.000000,C-06,0,0,0,1,1,0,0.001056,-0.190360,0.7500,0.7401,0.2560,2,ok
0,897,-3.057234,-1.537915,-0.397778,-0.006620,0.050089,19.753691,0.203225,0.385012,0.385012,0.000000,,0,0,0,1,1,0,0.003664,-0.198678,0.7292,0.7043,0.2576,2,ok
0,898,-3.038787,-1.545721,-0.397048,-0.005634,0.050819,19.771520,0.200023,-0.020637,-0.020637,0.000000,C-06,0,0,0,1,1,0,0.005456,-0.194973,0.7500,0.6848,0.2562,2,ok
0,899,-3.016748,-1.555004,-0.418778,-0.005251,-0.003822,19.797426,0.198498,-0.359481,-0.359481,0.000000,C-06,0,0,0,1,1,0,0.006998,-0.201496,0.7292,0.6452,0.2586,2,ok
0,900,-2.998463,-1.563115,-0.413448,-0.005252,0.001508,19.817429,0.200414,0.141718,0.141718,0.000000,C-06,0,0,0,1,1,0,0.005334,-0.252724,0.6875,0.5957,0.2508,2,ok
0,901,-2.976338,-1.572825,-0.380043,-0.005754,0.002083,19.841384,0.202473,0.531753,0.531753,0.000000,C-06,0,0,0,1,1,0,0.005334,-0.252724,0.6875,0.5957,0.2508,2,ok
0,902,-2.953936,-1.582421,-0.354334,-0.006370,0.027793,19.865746,0.203190,0.371423,0.371423,0.000000,C-06,0,0,0,1,1,0,0.002314,-0.249324,0.7083,0.6083,0.2611,2,ok
0,903,-2.935083,-1.590114,-0.324622,-0.006708,0.020622,19.885911,0.204427,0.539405,0.539405,0.000000,C-06,0,0,0,1,1,0,0.003922,-0.239968,0.7500,0.5753,0.2624,2,ok
0,904,-2.912251,-1.598476,-0.303014,-0.006740,0.042229,19.910227,0.202406,0.286287,0.286287,0.000000,C-06,0,0,0,1,1,0,0.003771,-0.221695,0.7708,0.5552,0.2614,2,ok
0,905,-2.893098,-1.605159,-0.280274,-0.006456,0.064970,19.930510,0.203362,0.397784,0.397784,0.000000,,0,0,0,1,1,0,0.004875,-0.201182,0.7292,0.5165,0.2613,2,ok
0,906,-2.869943,-1.612867,-0.251302,-0.006569,0.053873,19.954687,0.203331,0.405492,0.405492,0.000000,,0,0,0,1,1,0,0.004808,-0.186080,0.7292,0.5131,0.2627,2,ok
0,907,-2.850532,-1.618461,-0.235721,-0.005886,0.069454,19.974876,0.201874,0.243979,0.243979,0.000000,C-06,0,0,0,1,1,0,0.007747,-0.181562,0.7292,0.4304,0.2629,2,ok
0,908,-2.827162,-1.624521,-0.223977,-0.004754,0.040420,0.006615,0.201125,0.154178,0.154178,0.000000,,0,0,0,1,1,0,0.014067,-0.175158,0.6875,0.2226,0.2478,2,ok
0,909,-2.807691,-1.629051,-0.239108,-0.004024,0.025289,0.026592,0.199501,-0.283859,-0.283859,0.000000,C-06,0,0,0,1,1,0,0.012859,-0.168512,0.6667,0.2043,0.2503,2,ok
0,910,-2.784422,-1.634454,-0.255500,-0.003142,0.008897,0.050464,0.198712,-0.222954,-0.222954,0.000000,,0,0,0,1,1,0,0.005492,-0.190824,0.6458,0.3406,0.2605,2,ok
0,911,-2.761148,-1.640393,-0.234325,-0.003800,-0.012649,0.074323,0.200759,0.335469,0.335469,0.000000,C-06,0,0,0,1,1,0,0.010958,-0.215754,0.6042,0.1896,0.2452,2,ok
0,912,-2.741626,-1.645374,-0.201447,-0.004459,0.020229,0.094460,0.202112,0.559923,0.559923,0.000000,C-06,0,0,0,1,1,0,-0.000769,-0.222490,0.6667,0.3769,0.2587,2,ok
0,913,-2.718013,-1.651351,-0.156722,-0.005621,0.022414,0.118581,0.203667,0.594518,0.594518,0.000000,,0,0,0,1,1,0,0.000499,-0.204537,0.7292,0.3452,0.2608,2,ok
0,914,-2.698227,-1.655340,-0.137105,-0.006092,0.042031,0.138759,0.201656,0.284112,0.284112,0.000000,C-06,0,0,0,1,1,0,0.004492,-0.159632,0.7292,0.2650,0.2640,2,ok
0,915,-2.674447,-1.658695,-0.135080,-0.005241,0.044056,0.162760,0.200045,0.009280,0.009280,0.000000,C-06,0,0,0,1,1,0,0.004510,-0.140877,0.7083,0.2595,0.2686,2,ok
0,916,-2.654634,-1.661421,-0.138412,-0.005210,0.001941,0.182554,0.199960,-0.056507,-0.056507,0.000000,,0,0,0,1,1,0,0.004510,-0.140877,0.7083,0.2595,0.2686,2,ok
0,917,-2.630823,-1.664735,-0.109068,-0.005261,0.031285,0.206594,0.200691,0.419882,0.419882,0.000000,C-06,0,0,0,1,1,0,0.002661,-0.146829,0.7292,0.2064,0.2625,2,ok
0,918,-2.610924,-1.667500,-0.092092,-0.005588,0.014284,0.226497,0.201046,0.243435,0.243435,0.000000,C-06,0,0,0,1,1,0,0.001751,-0.132725,0.6875,0.2401,0.2643,2,ok
0,919,-2.587013,-1.670243,-0.080269,-0.005890,0.026106,0.250563,0.200520,0.142152,0.142152,0.000000,,0,0,0,1,1,0,0.003454,-0.122335,0.6667,0.1937,0.2661,2,ok
0,920,-2.563113,-1.672248,-0.105292,-0.005457,0.001084,0.272391,0.199591,-0.365092,-0.365092,0.000000,C-06,0,0,0,1,1,0,0.003614,-0.117215,0.6667,0.1768,0.2659,2,ok
0,921,-2.543231,-1.674178,-0.111004,-0.006032,-0.035198,0.294344,0.199771,-0.058496,-0.058496,0.000000,C-06,0,0,0,1,1,0,0.001850,-0.131134,0.6458,0.1371,0.2647,2,ok
0,922,-2.519357,-1.676824,-0.090976,-0.006974,-0.015170,0.318346,0.200385,0.280655,0.280655,0.000000,C-06,0,0,0,1,1,0,-0.002539,-0.152133,0.6875,0.1566,0.2685,2,ok
0,923,-2.499421,-1.679042,-0.067921,-0.008067,-0.018587,0.338200,0.200750,0.349502,0.349502,0.000000,,0,0,0,1,1,0,-0.005949,-0.141156,0.7500,0.1941,0.2678,2,ok
0,924,-2.475462,-1.681532,-0.048789,-0.009423,0.000546,0.362249,0.200669,0.229064,0.229064,0.000000,,0,0,0,1,1,0,-0.004247,-0.120822,0.7500,0.1511,0.2679,2,ok
0,925,-2.455481,-1.682979,-0.039073,-0.010007,-0.012768,0.382032,0.200289,0.133516,0.133516,0.000000,,0,0,0,1,1,0,-0.005088,-0.107261,0.7292,0.1703,0.2684,2,ok
0,926,-2.431499,-1.683953,-0.038114,-0.010436,-0.011809,0.406031,0.200004,0.002870,0.002870,0.000000,,0,0,0,1,1,0,-0.004572,-0.102303,0.7083,0.1515,0.2682,2,ok
0,927,-2.411508,-1.684727,-0.018900,-0.010754,0.007404,0.426034,0.200109,0.317033,0.317033,0.000000,C-06,0,0,0,1,1,0,-0.004842,-0.102858,0.6875,0.0805,0.2616,2,ok
0,928,-2.387509,-1.685655,0.007811,-0.011485,0.014091,0.449834,0.200145,0.316039,0.316039,0.000000,,0,0,0,1,1,0,-0.004940,-0.089053,0.7083,0.1142,0.2664,2,ok
0,929,-2.363512,-1.686125,0.022334,-0.011864,0.028614,0.473832,0.199968,0.163376,0.163376,0.000000,C-06,0,0,0,1,1,0,-0.001998,-0.065119,0.6458,0.0508,0.2656,2,ok
0,930,-2.343517,-1.685730,0.021866,-0.011563,0.010551,0.493627,0.200001,-0.019779,-0.019779,0.000000,C-06,0,0,0,1,1,0,-0.001801,-0.060062,0.6458,0.0589,0.2660,2,ok
0,931,-2.319524,-1.685200,0.024707,-0.011356,0.013392,0.517626,0.199989,0.038077,0.038077,0.000000,,0,0,0,1,1,0,-0.001377,-0.048768,0.6667,0.0231,0.2685,2,ok
0,932,-2.299531,-1.684758,0.029871,-0.011183,0.018556,0.535804,0.199961,0.077143,0.077143,0.000000,,0,0,0,1,1,0,-0.003291,-0.052364,0.6667,0.0651,0.2688,2,ok
0,933,-2.275544,-1.684227,0.036486,-0.011374,0.010040,0.561441,0.199918,0.079796,0.079796,0.000000,,0,0,0,1,1,0,-0.001693,-0.049721,0.7500,0.0021,0.2695,2,ok
0,934,-2.255560,-1.683785,0.043790,-0.011511,0.017343,0.581429,0.199861,0.107978,0.107978,0.000000,,0,0,0,1,1,0,-0.002504,-0.045894,0.7708,0.0072,0.2699,2,ok
0,935,-2.231588,-1.683138,0.052386,-0.011767,0.013400,0.605273,0.199826,0.104316,0.104316,0.000000,,0,0,0,1,1,0,-0.002087,-0.041040,0.7500,0.0014,0.2690,2,ok
0,936,-2.211619,-1.682343,0.057595,-0.011786,0.018609,0.625258,0.199851,0.074873,0.074873,0.000000,,0,0,0,1,1,0,-0.002388,-0.026576,0.6875,-0.0160,0.2678,2,ok
0,937,-2.187657,-1.680975,0.055006,-0.011517,0.005294,0.649116,0.200032,-0.038612,-0.038612,0.000000,,0,0,0,1,1,0,0.000957,-0.023452,0.7083,-0.1285,0.2656,2,ok
0,938,-2.163690,-1.679585,0.050246,-0.011396,0.000534,0.673123,0.200081,-0.059454,-0.059454,0.000000,,0,0,0,1,1,0,-0.001062,-0.025361,0.7292,-0.0779,0.2658,2,ok
0,939,-2.143718,-1.678576,0.056461,-0.011444,0.006749,0.690240,0.199936,0.102774,0.102774,0.000000,C-06,0,0,0,1,1,0,-0.001968,-0.024669,0.6667,-0.0842,0.2657,2,ok
0,940,-2.119762,-1.677376,0.064354,-0.011673,0.006199,0.717037,0.199841,0.096463,0.096463,0.000000,,0,0,0,1,1,0,-0.002651,-0.027705,0.6667,-0.0997,0.2631,2,ok
0,941,-2.099806,-1.676259,0.067971,-0.011732,0.009816,0.737025,0.199874,0.051102,0.051102,0.000000,,0,0,0,1,1,0,0.000040,-0.016928,0.7500,-0.1655,0.2661,2,ok
0,942,-2.075862,-1.674668,0.068857,-0.011714,0.003407,0.760925,0.199978,0.008420,0.008420,0.000000,,0,0,0,1,1,0,-0.000700,-0.010368,0.7917,-0.1574,0.2695,2,ok
0,943,-2.055913,-1.673324,0.073207,-0.011711,0.007757,0.780920,0.199920,0.069016,0.069016,0.000000,,0,0,0,1,1,0,-0.001049,-0.003663,0.7917,-0.1648,0.2694,2,ok
0,944,-2.031981,-1.671712,0.077836,-0.011760,0.007396,0.804858,0.199850,0.056602,0.056602,0.000000,,0,0,0,1,1,0,-0.000649,0.000352,0.7500,-0.1742,0.2714,2,ok
0,945,-2.012042,-1.670192,0.078629,-0.011662,0.008189,0.824854,0.199975,0.008428,0.008428,0.000000,,0,0,0,1,1,0,0.000567,0.009604,0.7708,-0.2267,0.2682,2,ok
0,946,-1.988106,-1.668329,0.065264,-0.011543,-0.009001,0.848793,0.200169,-0.180145,-0.180145,0.000000,C-06,0,0,0,1,1,0,-0.002631,0.011683,0.7083,-0.1252,0.2753,2,ok
0,947,-1.964144,-1.666465,0.046296,-0.011534,-0.027969,0.872827,0.200380,-0.235781,-0.235781,0.000000,,0,0,0,1,1,0,-0.000995,0.005945,0.7500,-0.2485,0.2662,2,ok
0,948,-1.944165,-1.665478,0.046598,-0.012091,-0.027667,0.892823,0.200003,0.026219,0.026219,0.000000,C-06,0,0,0,1,1,0,-0.002407,-0.009793,0.7083,-0.2652,0.2626,2,ok
0,949,-1.920195,-1.664354,0.054995,-0.012834,-0.021514,0.916799,0.199922,0.109150,0.109150,0.000000,,0,0,0,1,1,0,-0.002613,-0.015404,0.6667,-0.2888,0.2613,2,ok
0,950,-1.900226,-1.663256,0.055285,-0.013293,-0.021224,0.936794,0.200002,-0.003688,-0.003688,0.000000,,0,0,0,1,1,0,-0.004334,-0.003646,0.7500,-0.2737,0.2617,2,ok
0,951,-1.876267,-1.661925,0.062379,-0.013831,-0.014416,0.960781,0.199924,0.091762,0.091762,0.000000,,0,0,0,1,1,0,-0.005694,0.002161,0.7917,-0.2607,0.2617,2,ok
0,952,-1.856310,-1.660815,0.068609,-0.014280,-0.008186,0.980764,0.199842,0.091993,0.091993,0.000000,,0,0,0,1,1,0,-0.007001,0.010884,0.7917,-0.2334,0.2623,2,ok
0,953,-1.832375,-1.659483,0.078692,-0.014820,0.002763,1.004725,0.199697,0.126775,0.126775,0.000000,,0,0,0,1,1,0,-0.007057,0.020535,0.7500,-0.2356,0.2606,2,ok
0,954,-1.812438,-1.657944,0.079530,-0.014846,0.003602,1.024722,0.199988,0.003877,0.003877,0.000000,,0,0,0,1,1,0,-0.009054,0.045440,0.7708,-0.1588,0.2645,2,ok
0,955,-1.788505,-1.656055,0.068380,-0.014803,-0.004566,1.048814,0.200145,-0.149506,-0.149506,0.000000,C-06,0,0,0,1,1,0,-0.009511,0.053515,0.7500,-0.1365,0.2644,2,ok
0,956,-1.764540,-1.654166,0.036160,-0.014657,-0.036786,1.072853,0.200477,-0.412403,-0.412403,0.000000,C-06,0,0,0,1,1,0,-0.011969,0.053651,0.7500,-0.0921,0.2652,2,ok
0,957,-1.744548,-1.652808,0.021935,-0.014753,-0.051010,1.092809,0.200330,-0.188641,-0.188641,0.000000,C-06,0,0,0,1,1,0,-0.014003,0.036903,0.7292,-0.0845,0.2669,2,ok
0,958,-1.720555,-1.652191,0.027243,-0.015885,-0.041901,1.116861,0.199981,0.083654,0.083654,0.000000,C-06,0,0,0,1,1,0,-0.016278,0.027386,0.6875,-0.0661,0.2678,2,ok
0,959,-1.700562,-1.651644,0.025427,-0.016795,-0.043718,1.136840,0.200011,-0.034794,-0.034794,0.000000,,0,0,0,1,1,0,-0.016683,0.020840,0.7708,-0.0563,0.2679,2,ok
0,960,-1.676573,-1.651035,0.036301,-0.017749,-0.027009,1.160988,0.199936,0.144539,0.144539,0.000000,C-06,0,0,0,1,1,0,-0.017244,0.023479,0.7917,-0.0292,0.2676,2,ok
0,961,-1.656589,-1.650530,0.042551,-0.018501,-0.020760,1.180964,0.199886,0.086561,0.086561,0.000000,,0,0,0,1,1,0,-0.015471,0.028353,0.7917,-0.0429,0.2669,2,ok
0,962,-1.632616,-1.649911,0.052134,-0.019338,-0.004504,1.205005,0.199811,0.118351,0.118351,0.000000,,0,0,0,1,1,0,-0.014754,0.035063,0.7500,-0.0330,0.2681,2,ok
0,963,-1.612645,-1.649074,0.056406,-0.019681,-0.000232,1.224990,0.199883,0.058344,0.058344,0.000000,,0,0,0,1,1,0,-0.011823,0.049635,0.7500,-0.0468,0.2663,2,ok
0,964,-1.588678,-1.647731,0.047209,-0.019671,0.000605,1.249189,0.200094,-0.125169,-0.125169,0.000000,C-06,0,0,0,1,1,0,-0.010699,0.053838,0.7500,-0.0359,0.2662,2,ok
0,965,-1.564693,-1.646372,0.018615,-0.019492,-0.027989,1.273212,0.200280,-0.365328,-0.365328,0.000000,C-06,0,0,0,1,1,0,-0.010154,0.047558,0.7083,-0.0348,0.2677,2,ok
0,966,-1.544695,-1.645389,0.005265,-0.019455,-0.031224,1.293427,0.200186,-0.178334,-0.178334,0.000000,C-06,0,0,0,1,1,0,-0.010719,0.028714,0.7083,-0.0550,0.2659,2,ok
0,967,-1.520695,-1.645174,0.012922,-0.020181,-0.023566,1.317416,0.199989,0.107780,0.107780,0.000000,C-06,0,0,0,1,1,0,-0.012956,0.010203,0.6875,-0.0320,0.2665,2,ok
0,968,-1.500697,-1.644914,0.012935,-0.020706,-0.023553,1.337409,0.200001,-0.008002,-0.008002,0.000000,,0,0,0,1,1,0,-0.011751,0.008363,0.7708,-0.0466,0.2667,2,ok
0,969,-1.476700,-1.644591,0.019677,-0.020936,-0.005012,1.361749,0.199981,0.086683,0.086683,0.000000,,0,0,0,1,1,0,-0.011127,0.009574,0.7917,-0.0538,0.2661,2,ok
0,970,-1.456706,-1.644322,0.026051,-0.021121,0.001362,1.381745,0.199952,0.091811,0.091811,0.000000,,0,0,0,1,1,0,-0.010778,0.014782,0.7917,-0.0387,0.2673,2,ok
0,971,-1.432717,-1.643999,0.035643,-0.021142,0.020782,1.405955,0.199894,0.116742,0.116742,0.000000,,0,0,0,1,1,0,-0.010385,0.017941,0.7500,-0.0339,0.2679,2,ok
0,972,-1.412731,-1.643394,0.037945,-0.020783,0.023085,1.425948,0.199961,0.026988,0.026988,0.000000,,0,0,0,1,1,0,-0.007284,0.032118,0.7292,-0.0558,0.2671,2,ok
0,973,-1.388743,-1.642513,0.023317,-0.020013,0.016303,1.450193,0.200079,-0.193936,-0.193936,0.000000,C-06,0,0,0,1,1,0,-0.007002,0.034465,0.7292,-0.0343,0.2668,2,ok
0,974,-1.364745,-1.641627,-0.004240,-0.019127,-0.011254,1.474191,0.200136,-0.337342,-0.337342,0.000000,,0,0,0,1,1,0,-0.006808,0.023399,0.7083,-0.0545,0.2667,2,ok
0,975,-1.344745,-1.641681,-0.005818,-0.019181,-0.008287,1.494190,0.200000,0.002816,0.002816,0.000000,C-06,0,0,0,1,1,0,-0.009547,0.003508,0.7083,-0.0308,0.2672,2,ok
0,976,-1.320745,-1.641825,0.005316,-0.019325,0.002847,1.518190,0.200001,0.140354,0.140354,0.000000,,0,0,0,1,1,0,-0.011065,-0.008057,0.7083,-0.0296,0.2674,2,ok
0,977,-1.300746,-1.641912,0.009773,-0.019412,0.009773,1.538190,0.199992,0.057466,0.057466,0.000000,,0,0,0,1,1,0,-0.009609,0.000436,0.7708,-0.0392,0.2675,2,ok
0,978,-1.276748,-1.641871,0.013832,-0.019371,0.013832,1.562188,0.199983,0.047585,0.047585,0.000000,,0,0,0,1,1,0,-0.009279,0.006939,0.7917,-0.0314,0.2679,2,ok
0,979,-1.256750,-1.641787,0.018121,-0.019287,0.018121,1.582185,0.199970,0.062283,0.062283,0.000000,,0,0,0,1,1,0,-0.008587,0.009697,0.7917,-0.0380,0.2679,2,ok
0,980,-1.232756,-1.641652,0.025296,-0.019152,0.025296,1.606180,0.199942,0.087165,0.087165,0.000000,,0,0,0,1,1,0,-0.007575,0.012850,0.7708,-0.0501,0.2676,2,ok
0,981,-1.212763,-1.641196,0.026363,-0.018696,0.026363,1.626173,0.199989,0.010712,0.010712,0.000000,,0,0,0,1,1,0,-0.006603,0.020198,0.7292,-0.0411,0.2662,2,ok
0,982,-1.188767,-1.640611,0.006398,-0.018111,0.006398,1.650169,0.200054,-0.257957,-0.257957,0.000000,C-06,0,0,0,1,1,0,-0.006163,0.024857,0.7292,-0.0389,0.2671,2,ok
0,983,-1.164767,-1.640026,-0.014039,-0.017526,-0.014039,1.674168,0.200042,-0.240787,-0.240787,0.000000,,0,0,0,1,1,0,-0.007589,0.010699,0.7083,-0.0370,0.2667,2,ok
0,984,-1.144769,-1.640262,-0.009441,-0.017762,-0.009441,1.694167,0.200012,0.092060,0.092060,0.000000,C-06,0,0,0,1,1,0,-0.008730,-0.009316,0.6875,-0.0511,0.2676,2,ok
0,985,-1.120769,-1.640614,0.002745,-0.018114,0.002745,1.718166,0.200021,0.146779,0.146779,0.000000,,0,0,0,1,1,0,-0.009682,-0.014606,0.6875,-0.0435,0.2667,2,ok
0,986,-1.100769,-1.640616,0.004248,-0.018116,0.004248,1.738166,0.199998,0.014627,0.014627,0.000000,,0,0,0,1,1,0,-0.008675,-0.000389,0.7708,-0.0382,0.2671,2,ok
0,987,-1.076770,-1.640587,0.007668,-0.018087,0.007668,1.762166,0.199995,0.042010,0.042010,0.000000,,0,0,0,1,1,0,-0.008218,0.001399,0.8125,-0.0416,0.2673,2,ok
0,988,-1.056770,-1.640562,0.010655,-0.018062,0.010655,1.782165,0.199989,0.042500,0.042500,0.000000,,0,0,0,1,1,0,-0.007942,0.002615,0.7917,-0.0367,0.2681,2,ok
0,989,-1.032773,-1.640515,0.018454,-0.018015,0.018454,1.806162,0.199968,0.096521,0.096521,0.000000,,0,0,0,1,1,0,-0.007433,0.008872,0.7708,-0.0420,0.2671,2,ok
0,990,-1.012777,-1.640273,0.021117,-0.017773,0.021117,1.826159,0.199975,0.035040,0.035040,0.000000,,0,0,0,1,1,0,-0.006567,0.016020,0.7292,-0.0358,0.2672,2,ok
0,991,-0.988780,-1.639800,0.005531,-0.017300,0.005531,1.850156,0.200036,-0.205330,-0.205330,0.000000,C-06,0,0,0,1,1,0,-0.005756,0.017770,0.7292,-0.0443,0.2663,2,ok
0,992,-0.964780,-1.639318,-0.013840,-0.016818,-0.013840,1.874155,0.200023,-0.230574,-0.230574,0.000000,,0,0,0,1,1,0,-0.007317,0.009382,0.6875,-0.0259,0.2681,2,ok
0,993,-0.944782,-1.639542,-0.009761,-0.017042,-0.009761,1.894154,0.200009,0.082696,0.082696,0.000000,C-06,0,0,0,1,1,0,-0.007341,-0.008939,0.7083,-0.0634,0.2663,2,ok
0,994,-0.920782,-1.639870,0.001514,-0.017370,0.001514,1.918153,0.200019,0.137422,0.137422,0.000000,,0,0,0,1,1,0,-0.007849,-0.017202,0.7083,-0.0630,0.2652,2,ok
0,995,-0.900782,-1.639976,0.004708,-0.017476,0.004708,1.938153,0.199999,0.038195,0.038195,0.000000,,0,0,0,1,1,0,-0.007938,-0.003046,0.7708,-0.0431,0.2669,2,ok
0,996,-0.876783,-1.640040,0.008564,-0.017540,0.008564,1.962153,0.199993,0.046051,0.046051,0.000000,,0,0,0,1,1,0,-0.007999,0.001133,0.7917,-0.0298,0.2679,2,ok
0,997,-0.856784,-1.640021,0.011627,-0.017521,0.011627,1.982152,0.199987,0.043373,0.043373,0.000000,,0,0,0,1,1,0,-0.006666,0.002909,0.7917,-0.0551,0.2663,2,ok
0,998,-0.832787,-1.639957,0.018749,-0.017457,0.018749,2.006149,0.199967,0.087400,0.087400,0.000000,,0,0,0,1,1,0,-0.007254,0.006149,0.7500,-0.0365,0.2674,2,ok
0,999,-0.812790,-1.639630,0.019858,-0.017130,0.019858,2.026145,0.199992,0.010454,0.010454,0.000000,,0,0,0,1,1,0,-0.005419,0.014376,0.7292,-0.0520,0.2665,2,ok
0,1000,-0.788793,-1.639205,0.006491,-0.016705,0.006491,2.050143,0.200026,-0.173588,-0.173588,0.000000,C-06,0,0,0,1,1,0,-0.005900,0.016690,0.7292,-0.0299,0.2679,2,ok
0,1001,-0.764793,-1.638779,-0.012699,-0.016279,-0.012699,2.074142,0.200017,-0.230731,-0.230731,0.000000,,0,0,0,1,1,0,-0.006067,0.008682,0.7083,-0.0459,0.2666,2,ok
0,1002,-0.744795,-1.638983,-0.009286,-0.016483,-0.009286,2.094141,0.200005,0.068537,0.068537,0.000000,C-06,0,0,0,1,1,0,-0.007165,-0.009215,0.6667,-0.0513,0.2655,2,ok
0,1003,-0.720795,-1.639272,0.001780,-0.016772,0.001780,2.118140,0.200014,0.134278,0.134278,0.000000,,0,0,0,1,1,0,-0.007483,-0.015082,0.7292,-0.0642,0.2658,2,ok
0,1004,-0.700795,-1.639321,0.003906,-0.016821,0.003906,2.135135,0.199999,0.023353,0.023353,0.000000,,0,0,0,1,1,0,-0.007463,-0.001976,0.7708,-0.0403,0.2681,2,ok
0,1005,-0.676796,-1.639343,0.007770,-0.016843,0.007770,2.162140,0.199994,0.047258,0.047258,0.000000,,0,0,0,1,1,0,-0.007334,0.001222,0.7917,-0.0285,0.2677,2,ok
0,1006,-0.656797,-1.639362,0.011906,-0.016862,0.011906,2.182139,0.199986,0.059829,0.059829,0.000000,,0,0,0,1,1,0,-0.006913,0.004473,0.7917,-0.0325,0.2675,2,ok
0,1007,-0.632799,-1.639341,0.017572,-0.016841,0.017572,2.206136,0.199971,0.067901,0.067901,0.000000,,0,0,0,1,1,0,-0.006986,0.007779,0.7500,-0.0249,0.2677,2,ok
0,1008,-0.612802,-1.639008,0.016942,-0.016508,0.016942,2.226133,0.200002,-0.014939,-0.014939,0.000000,,0,0,0,1,1,0,-0.005226,0.015597,0.7292,-0.0435,0.2648,2,ok
0,1009,-0.588804,-1.638585,-0.000544,-0.016085,-0.000544,2.250132,0.200031,-0.224654,-0.224654,0.000000,C-06,0,0,0,1,1,0,-0.004803,0.014751,0.7292,-0.0438,0.2667,2,ok
0,1010,-0.564805,-1.638162,-0.017019,-0.015662,-0.017019,2.274131,0.200005,-0.193515,-0.193515,0.000000,,0,0,0,1,1,0,-0.006111,0.002483,0.7083,-0.0438,0.2665,2,ok
0,1011,-0.544808,-1.638383,-0.019674,-0.015883,-0.019674,2.294127,0.199981,-0.027950,-0.027950,0.000000,C-06,0,0,0,1,1,0,-0.006111,0.002483,0.7083,-0.0438,0.2665,2,ok
0,1012,-0.520811,-1.638808,-0.008859,-0.016308,-0.008859,2.318124,0.200023,0.142933,0.142933,0.000000,C-06,0,0,0,1,1,0,-0.008980,-0.019146,0.7292,-0.0327,0.2678,2,ok
0,1013,-0.500811,-1.639167,-0.000143,-0.016667,-0.000143,2.335435,0.200032,0.121792,0.121792,0.000000,,0,0,0,1,1,0,-0.008350,-0.011803,0.7708,-0.0362,0.2674,2,ok
0,1014,-0.476812,-1.639476,0.006490,-0.016976,0.006490,2.362124,0.200006,0.075550,0.075550,0.000000,,0,0,0,1,1,0,-0.007155,-0.005580,0.7917,-0.0480,0.2659,2,ok
0,1015,-0.456812,-1.639510,0.009800,-0.017010,0.009800,2.382123,0.199991,0.044519,0.044519,0.000000,,0,0,0,1,1,0,-0.006995,0.001647,0.7917,-0.0391,0.2680,2,ok
0,1016,-0.432814,-1.639488,0.014757,-0.016988,0.014757,2.406121,0.199979,0.059866,0.059866,0.000000,,0,0,0,1,1,0,-0.007024,0.005257,0.7500,-0.0354,0.2669,2,ok
0,1017,-0.412816,-1.639224,0.015432,-0.016724,0.015432,2.426119,0.199996,0.005850,0.005850,0.000000,,0,0,0,1,1,0,-0.005632,0.010796,0.7292,-0.0469,0.2668,2,ok
0,1018,-0.388818,-1.638883,0.001373,-0.016383,0.001373,2.450118,0.200020,-0.179923,-0.179923,0.000000,C-06,0,0,0,1,1,0,-0.005535,0.013494,0.7500,-0.0383,0.2684,2,ok
0,1019,-0.364818,-1.638541,-0.013623,-0.016041,-0.013623,2.474117,0.200003,-0.177078,-0.177078,0.000000,,0,0,0,1,1,0,-0.006715,0.004643,0.7083,-0.0340,0.2673,2,ok
0,1020,-0.344820,-1.638778,-0.008103,-0.016278,-0.008103,2.494116,0.200010,0.094263,0.094263,0.000000,C-06,0,0,0,1,1,0,-0.007362,-0.011029,0.6875,-0.0512,0.2668,2,ok
0,1021,-0.320820,-1.639094,0.001543,-0.016594,0.001543,2.518116,0.200017,0.116185,0.116185,0.000000,,0,0,0,1,1,0,-0.008148,-0.012712,0.7083,-0.0413,0.2673,2,ok
0,1022,-0.300820,-1.639073,0.002000,-0.016573,0.002000,2.535635,0.200000,-0.001826,-0.001826,0.000000,,0,0,0,1,1,0,-0.006876,-0.004816,0.7708,-0.0462,0.2663,2,ok
0,1023,-0.276820,-1.639022,0.006138,-0.016522,0.006138,2.562115,0.199997,0.052199,0.052199,0.000000,,0,0,0,1,1,0,-0.006758,-0.001530,0.7917,-0.0455,0.2662,2,ok
0,1024,-0.256821,-1.638980,0.010326,-0.016480,0.010326,2.582115,0.199990,0.060041,0.060041,0.000000,,0,0,0,1,1,0,-0.006626,0.003012,0.7917,-0.0375,0.2669,2,ok
0,1025,-0.232823,-1.638929,0.015553,-0.016429,0.015553,2.606113,0.199977,0.062217,0.062217,0.000000,,0,0,0,1,1,0,-0.005815,0.007328,0.7917,-0.0460,0.2666,2,ok
0,1026,-0.212825,-1.638660,0.016453,-0.016160,0.016453,2.626110,0.199994,0.008548,0.008548,0.000000,,0,0,0,1,1,0,-0.005133,0.010544,0.7292,-0.0383,0.2677,2,ok
0,1027,-0.188827,-1.638307,-0.002424,-0.015807,-0.002424,2.650109,0.200021,-0.248892,-0.248892,0.000000,C-06,0,0,0,1,1,0,-0.004427,0.012742,0.7292,-0.0475,0.2671,2,ok
0,1028,-0.164828,-1.637954,-0.020473,-0.015454,-0.020473,2.674107,0.199983,-0.211940,-0.211940,0.000000,,0,0,0,1,1,0,-0.006138,0.000472,0.7083,-0.0402,0.2664,2,ok
0,1029,-0.144832,-1.638293,-0.015519,-0.015793,-0.015519,2.694103,0.200014,0.098791,0.098791,0.000000,C-06,0,0,0,1,1,0,-0.007351,-0.016505,0.6667,-0.0468,0.2671,2,ok
0,1030,-0.120833,-1.638769,-0.003666,-0.016269,-0.003666,2.718102,0.200037,0.143549,0.143549,0.000000,,0,0,0,1,1,0,-0.008255,-0.020872,0.7083,-0.0419,0.2662,2,ok
0,1031,-0.100833,-1.639159,0.003625,-0.016659,0.003625,2.735935,0.200031,0.100060,0.100060,0.000000,,0,0,0,1,1,0,-0.008539,-0.012750,0.7500,-0.0262,0.2672,2,ok
0,1032,-0.076834,-1.639396,0.010412,-0.016896,0.010412,2.762101,0.199994,0.078856,0.078856,0.000000,,0,0,0,1,1,0,-0.006475,-0.002087,0.7917,-0.0529,0.2663,2,ok
0,1033,-0.056835,-1.639329,0.013299,-0.016829,0.013299,2.782100,0.199985,0.037818,0.037818,0.000000,,0,0,0,1,1,0,-0.006586,0.007354,0.7917,-0.0382,0.2671,2,ok
0,1034,-0.032838,-1.639182,0.017040,-0.016682,0.017040,2.806097,0.199977,0.044905,0.044905,0.000000,,0,0,0,1,1,0,-0.005774,0.009837,0.7708,-0.0426,0.2671,2,ok
0,1035,-0.012841,-1.638879,0.016360,-0.016379,0.016360,2.826094,0.199998,-0.014541,-0.014541,0.000000,,0,0,0,1,1,0,-0.005067,0.015532,0.7292,-0.0439,0.2650,2,ok
0,1036,0.011158,-1.638499,-0.002941,-0.015999,-0.002941,2.850093,0.200025,-0.248855,-0.248855,0.000000,C-06,0,0,0,1,1,0,-0.004954,0.015363,0.7292,-0.0423,0.2657,2,ok
0,1037,0.035156,-1.638119,-0.020111,-0.015619,-0.020111,2.874091,0.199988,-0.200873,-0.200873,0.000000,,0,0,0,1,1,0,-0.006613,0.000885,0.6875,-0.0353,0.2675,2,ok
0,1038,0.055153,-1.638444,-0.014816,-0.015944,-0.014816,2.894088,0.200013,0.103222,0.103222,0.000000,C-06,0,0,0,1,1,0,-0.008018,-0.016215,0.6667,-0.0408,0.2669,2,ok
0,1039,0.079151,-1.638904,-0.002708,-0.016404,-0.002708,2.918087,0.200036,0.145608,0.145608,0.000000,,0,0,0,1,1,0,-0.007840,-0.023312,0.6875,-0.0578,0.2652,2,ok
0,1040,0.099151,-1.639015,-0.001056,-0.016515,-0.001056,2.936135,0.200002,0.014122,0.014122,0.000000,,0,0,0,1,1,0,-0.006828,-0.008853,0.7708,-0.0586,0.2659,2,ok
0,1041,0.123151,-1.639110,0.003277,-0.016610,0.003277,2.962087,0.200001,0.053428,0.053428,0.000000,,0,0,0,1,1,0,-0.007674,-0.001901,0.7917,-0.0269,0.2684,2,ok
0,1042,0.143151,-1.639186,0.006444,-0.016686,0.006444,2.982087,0.199997,0.044134,0.044134,0.000000,,0,0,0,1,1,0,-0.006858,-0.000813,0.7917,-0.0447,0.2670,2,ok
0,1043,0.167150,-1.639250,0.013335,-0.016750,0.013335,3.006085,0.199984,0.084444,0.084444,0.000000,,0,0,0,1,1,0,-0.006515,0.002034,0.7917,-0.0423,0.2671,2,ok
0,1044,0.187148,-1.639081,0.015389,-0.016581,0.015389,3.026083,0.199987,0.025145,0.025145,0.000000,,0,0,0,1,1,0,-0.005645,0.011941,0.7292,-0.0422,0.2675,2,ok
0,1045,0.211147,-1.638760,0.000512,-0.016260,0.000512,3.050082,0.200018,-0.190267,-0.190267,0.000000,C-06,0,0,0,1,1,0,-0.005254,0.012831,0.7292,-0.0414,0.2681,2,ok
0,1046,0.235146,-1.638436,-0.016091,-0.015936,-0.016091,3.074081,0.199995,-0.196838,-0.196838,0.000000,,0,0,0,1,1,0,-0.006134,0.002522,0.7083,-0.0466,0.2668,2,ok
0,1047,0.255144,-1.638679,-0.011325,-0.016179,-0.011325,3.094079,0.200007,0.093812,0.093812,0.000000,C-06,0,0,0,1,1,0,-0.008006,-0.010202,0.6875,-0.0372,0.2668,2,ok
0,1048,0.279143,-1.639025,-0.000518,-0.016525,-0.000518,3.118078,0.200021,0.130205,0.130205,0.000000,,0,0,0,1,1,0,-0.007779,-0.017512,0.7083,-0.0566,0.2654,2,ok
0,1049,0.299143,-1.639102,0.001298,-0.016602,0.001298,3.136335,0.200000,0.017729,0.017729,0.000000,,0,0,0,1,1,0,-0.007025,-0.006924,0.7708,-0.0526,0.2658,2,ok
0,1050,0.323143,-1.639160,0.004976,-0.016660,0.004976,3.162078,0.199998,0.044507,0.044507,0.000000,,0,0,0,1,1,0,-0.006577,-0.003417,0.7917,-0.0553,0.2664,2,ok
0,1051,0.343142,-1.639203,0.008046,-0.016703,0.008046,3.182078,0.199994,0.043479,0.043479,0.000000,,0,0,0,1,1,0,-0.006957,0.002231,0.7917,-0.0344,0.2685,2,ok
0,1052,0.367141,-1.639226,0.014578,-0.016726,0.014578,3.206076,0.199980,0.079655,0.079655,0.000000,,0,0,0,1,1,0,-0.006974,0.004502,0.7500,-0.0297,0.2674,2,ok
0,1053,0.387138,-1.639013,0.016269,-0.016513,0.016269,3.226074,0.199989,0.019302,0.019302,0.000000,,0,0,0,1,1,0,-0.005337,0.010335,0.7292,-0.0491,0.2656,2,ok
0,1054,0.411137,-1.638677,0.001788,-0.016177,0.001788,3.250073,0.200019,-0.188678,-0.188678,0.000000,C-06,0,0,0,1,1,0,-0.004788,0.015299,0.7292,-0.0488,0.2657,2,ok
0,1055,0.435136,-1.638339,-0.016078,-0.015839,-0.016078,3.274072,0.199997,-0.212950,-0.212950,0.000000,,0,0,0,1,1,0,-0.005835,0.002474,0.7083,-0.0505,0.2671,2,ok
0,1056,0.455134,-1.638589,-0.012229,-0.016089,-0.012229,3.294069,0.200007,0.084046,0.084046,0.000000,C-06,0,0,0,1,1,0,-0.008048,-0.010443,0.7083,-0.0348,0.2682,2,ok
0,1057,0.479133,-1.638954,-0.001184,-0.016454,-0.001184,3.318069,0.200023,0.133220,0.133220,0.000000,,0,0,0,1,1,0,-0.008338,-0.017203,0.6875,-0.0407,0.2654,2,ok
0,1058,0.499133,-1.639068,0.001096,-0.016568,0.001096,3.336635,0.200002,0.024539,0.024539,0.000000,,0,0,0,1,1,0,-0.007428,-0.005631,0.7708,-0.0395,0.2679,2,ok
0,1059,0.523133,-1.639164,0.005694,-0.016664,0.005694,3.362068,0.199999,0.056116,0.056116,0.000000,,0,0,0,1,1,0,-0.007481,-0.000413,0.7917,-0.0277,0.2675,2,ok
0,1060,0.543132,-1.639214,0.009048,-0.016714,0.009048,3.382068,0.199992,0.046967,0.046967,0.000000,,0,0,0,1,1,0,-0.006499,0.001113,0.7917,-0.0474,0.2667,2,ok
0,1061,0.567131,-1.639230,0.015483,-0.016730,0.015483,3.406066,0.199977,0.078224,0.078224,0.000000,,0,0,0,1,1,0,-0.006826,0.004366,0.7500,-0.0299,0.2678,2,ok
0,1062,0.587128,-1.638963,0.016408,-0.016463,0.016408,3.426064,0.199995,0.008313,0.008313,0.000000,,0,0,0,1,1,0,-0.005213,0.014202,0.7500,-0.0475,0.2671,2,ok
0,1063,0.611127,-1.638610,0.000687,-0.016110,0.000687,3.450062,0.200021,-0.204125,-0.204125,0.000000,C-06,0,0,0,1,1,0,-0.004913,0.016498,0.7292,-0.0461,0.2662,2,ok
0,1064,0.635126,-1.638257,-0.017000,-0.015757,-0.017000,3.474061,0.199995,-0.209649,-0.209649,0.000000,,0,0,0,1,1,0,-0.005787,0.002526,0.6875,-0.0494,0.2685,2,ok
0,1065,0.655123,-1.638529,-0.012842,-0.016029,-0.012842,3.494059,0.200008,0.082084,0.082084,0.000000,C-06,0,0,0,1,1,0,-0.006983,-0.010799,0.7292,-0.0544,0.2678,2,ok
0,1066,0.679122,-1.638909,-0.002205,-0.016409,-0.002205,3.518058,0.200024,0.129137,0.129137,0.000000,,0,0,0,1,1,0,-0.008336,-0.018104,0.6875,-0.0431,0.2651,2,ok
0,1067,0.699122,-1.639028,-0.000167,-0.016528,-0.000167,3.536835,0.200002,0.020019,0.020019,0.000000,,0,0,0,1,1,0,-0.007797,-0.004146,0.7708,-0.0276,0.2681,2,ok
0,1068,0.723122,-1.639132,0.004372,-0.016632,0.004372,3.562058,0.200000,0.055956,0.055956,0.000000,,0,0,0,1,1,0,-0.006868,-0.003639,0.7917,-0.0488,0.2671,2,ok
0,1069,0.743122,-1.639209,0.007874,-0.016709,0.007874,3.582057,0.199995,0.049349,0.049349,0.000000,,0,0,0,1,1,0,-0.006896,0.000704,0.7917,-0.0384,0.2670,2,ok
0,1070,0.767120,-1.639265,0.015216,-0.016765,0.015216,3.606056,0.199978,0.089177,0.089177,0.000000,,0,0,0,1,1,0,-0.006328,0.003427,0.7708,-0.0472,0.2658,2,ok
0,1071,0.787117,-1.639066,0.017416,-0.016566,0.017416,3.626053,0.199984,0.027073,0.027073,0.000000,,0,0,0,1,1,0,-0.005588,0.013325,0.7083,-0.0400,0.2653,2,ok
0,1072,0.811116,-1.638692,0.000740,-0.016192,0.000740,3.650051,0.200025,-0.218729,-0.218729,0.000000,C-06,0,0,0,1,1,0,-0.005217,0.014751,0.7083,-0.0336,0.2665,2,ok
0,1073,0.835115,-1.638312,-0.019229,-0.015812,-0.019229,3.674050,0.199991,-0.237297,-0.237297,0.000000,,0,0,0,1,1,0,-0.006495,0.002526,0.6667,-0.0321,0.2671,2,ok
0,1074,0.855110,-1.638596,-0.021847,-0.016096,-0.021847,3.694046,0.199982,-0.022096,-0.022096,0.000000,C-06,0,0,0,1,1,0,-0.006857,-0.004443,0.6875,-0.0473,0.2666,2,ok
0,1075,0.879106,-1.639068,-0.011482,-0.016568,-0.011482,3.718042,0.200025,0.136634,0.136634,0.000000,C-06,0,0,0,1,1,0,-0.009553,-0.023750,0.6667,-0.0348,0.2679,2,ok
0,1076,0.899106,-1.639464,-0.003324,-0.016964,-0.003324,3.737135,0.200038,0.114245,0.114245,0.000000,,0,0,0,1,1,0,-0.008031,-0.017027,0.7292,-0.0655,0.2649,2,ok
0,1077,0.923106,-1.639896,0.004388,-0.017396,0.004388,3.762041,0.200020,0.089229,0.089229,0.000000,,0,0,0,1,1,0,-0.008250,-0.006449,0.7500,-0.0408,0.2665,2,ok
0,1078,0.943105,-1.639962,0.007509,-0.017462,0.007509,3.782041,0.199995,0.040880,0.040880,0.000000,,0,0,0,1,1,0,-0.006943,-0.001901,0.7500,-0.0679,0.2653,2,ok
0,1079,0.967104,-1.639984,0.014185,-0.017484,0.014185,3.806039,0.199981,0.081639,0.081639,0.000000,,0,0,0,1,1,0,-0.005259,0.003215,0.7708,-0.1087,0.2698,2,ok
0,1080,0.987101,-1.639857,0.017405,-0.017357,0.017405,3.826037,0.199977,0.043270,0.043270,0.000000,,0,0,0,1,1,0,-0.003810,0.009998,0.7083,-0.1309,0.2695,2,ok
0,1081,1.011100,-1.639470,0.004948,-0.016970,0.004948,3.850035,0.200024,-0.163934,-0.163934,0.000000,C-06,0,0,0,1,1,0,-0.003109,0.014277,0.6875,-0.1516,0.2693,2,ok
0,1082,1.035099,-1.639073,-0.013317,-0.016573,-0.013317,3.874035,0.200012,-0.218269,-0.218269,0.000000,,0,0,0,1,1,0,-0.003181,0.004498,0.6458,-0.1769,0.2684,2,ok
0,1083,1.055098,-1.639275,-0.009649,-0.016775,-0.009649,3.894033,0.200006,0.078197,0.078197,0.000000,C-06,0,0,0,1,1,0,-0.004567,-0.008145,0.6458,-0.1971,0.2705,2,ok
0,1084,1.079097,-1.639574,-0.002535,-0.017074,-0.002535,3.918033,0.200015,0.084505,0.084505,0.000000,,0,0,0,1,1,0,-0.004156,-0.014784,0.6667,-0.2382,0.2651,2,ok
0,1085,1.099097,-1.639818,0.001716,-0.017318,0.001716,3.937335,0.200012,0.059062,0.059062,0.000000,,0,0,0,1,1,0,-0.003104,-0.006768,0.7083,-0.2734,0.2639,2,ok
0,1086,1.123097,-1.640070,0.010173,-0.017570,0.010173,3.962032,0.200001,0.103000,0.103000,0.000000,,0,0,0,1,1,0,-0.005369,0.005673,0.7500,-0.2358,0.2629,2,ok
0,1087,1.143095,-1.640108,0.015078,-0.017608,0.015078,3.982030,0.199978,0.066984,0.066984,0.000000,,0,0,0,1,1,0,-0.004932,0.015731,0.7500,-0.2551,0.2637,2,ok
0,1088,1.167091,-1.639962,0.019612,-0.017462,0.019612,4.006027,0.199969,0.053202,0.053202,0.000000,,0,0,0,1,1,0,-0.005850,0.026756,0.7500,-0.2479,0.2621,2,ok
0,1089,1.187088,-1.639600,0.018506,-0.017100,0.018506,4.026023,0.200001,-0.022012,-0.022012,0.000000,,0,0,0,1,1,0,-0.007786,0.043185,0.7083,-0.1827,0.2658,2,ok
0,1090,1.211086,-1.639147,0.003757,-0.016647,0.003757,4.050021,0.200034,-0.187869,-0.187869,0.000000,C-06,0,0,0,1,1,0,-0.007161,0.045786,0.7083,-0.1967,0.2654,2,ok
0,1091,1.235083,-1.638693,-0.027203,-0.016193,-0.027203,4.074019,0.199969,-0.385425,-0.385425,0.000000,C-06,0,0,0,1,1,0,-0.009831,0.047304,0.6667,-0.1747,0.2631,2,ok
0,1092,1.255074,-1.639040,-0.032264,-0.016540,-0.032264,4.094009,0.199943,-0.051600,-0.051600,0.000000,C-06,0,0,0,1,1,0,-0.013971,0.032443,0.6667,-0.1231,0.2650,2,ok
0,1093,1.279063,-1.639785,-0.028992,-0.017285,-0.028992,4.117998,0.200014,0.044521,0.044521,0.000000,,0,0,0,1,1,0,-0.015438,0.015762,0.6667,-0.1330,0.2698,2,ok
0,1094,1.299055,-1.640415,-0.027290,-0.017915,-0.027290,4.137635,0.200024,0.023005,0.023005,0.000000,,0,0,0,1,1,0,-0.015507,0.023211,0.7708,-0.1303,0.2630,2,ok
0,1095,1.323047,-1.641171,-0.021131,-0.018671,-0.019074,4.161983,0.200053,0.077055,0.077055,0.000000,,0,0,0,1,1,0,-0.016054,0.028112,0.7500,-0.1074,0.2641,2,ok
0,1096,1.343044,-1.641799,-0.016363,-0.019299,-0.014305,4.181979,0.200067,0.067558,0.067558,0.000000,,0,0,0,1,1,0,-0.015978,0.035004,0.7500,-0.0977,0.2656,2,ok
0,1097,1.367042,-1.642524,-0.006543,-0.020024,-0.000354,4.205978,0.200086,0.119734,0.119734,0.000000,,0,0,0,1,1,0,-0.015108,0.042539,0.7292,-0.1029,0.2651,2,ok
0,1098,1.387042,-1.642728,-0.004937,-0.020228,0.001253,4.225977,0.200004,0.015429,0.015429,0.000000,,0,0,0,1,1,0,-0.015378,0.058211,0.7083,-0.0288,0.2675,2,ok
0,1099,1.411041,-1.642915,-0.015691,-0.020281,-0.001655,4.250185,0.199983,-0.140734,-0.140734,0.000000,C-06,0,0,0,1,1,0,-0.014864,0.064648,0.7083,-0.0089,0.2679,2,ok
0,1100,1.435030,-1.643100,-0.043064,-0.020220,-0.029028,4.274175,0.199832,-0.345797,-0.345797,0.000000,C-06,0,0,0,1,1,0,-0.015824,0.065264,0.7083,0.0084,0.2684,2,ok
0,1101,1.455008,-1.643684,-0.050115,-0.020510,-0.026678,4.294371,0.199864,-0.081140,-0.081140,0.000000,C-06,0,0,0,1,1,0,-0.018836,0.045038,0.6250,0.0437,0.2696,2,ok
0,1102,1.478979,-1.644868,-0.046853,-0.021199,-0.023416,4.318362,0.200035,0.050047,0.050047,0.000000,,0,0,0,1,1,0,-0.019471,0.030486,0.6875,0.0558,0.2669,2,ok
0,1103,1.498955,-1.645806,-0.051469,-0.021641,-0.016639,4.338756,0.199955,-0.077633,-0.077633,0.000000,,0,0,0,1,1,0,-0.017591,0.027012,0.7500,0.0378,0.2651,2,ok
0,1104,1.522924,-1.647042,-0.049354,-0.021937,-0.014525,4.362755,0.200024,0.033428,0.033428,0.000000,,0,0,0,1,1,0,-0.016391,0.025840,0.7292,0.0133,0.2648,2,ok
0,1105,1.542902,-1.648079,-0.043905,-0.022190,-0.009075,4.382586,0.200074,0.083673,0.083673,0.000000,,0,0,0,1,1,0,-0.015922,0.025223,0.7083,0.0246,0.2636,2,ok
0,1106,1.566883,-1.649324,-0.035608,-0.022304,0.009827,4.406944,0.200140,0.101216,0.101216,0.000000,,0,0,0,1,1,0,-0.014036,0.026839,0.7083,0.0036,0.2617,2,ok
0,1107,1.586872,-1.650164,-0.032845,-0.022204,0.012589,4.426949,0.200053,0.035309,0.035309,0.000000,,0,0,0,1,1,0,-0.012350,0.032796,0.7083,0.0202,0.2660,2,ok
0,1108,1.610854,-1.650983,-0.044265,-0.021701,0.011586,4.451161,0.199923,-0.152309,-0.152309,0.000000,C-06,0,0,0,1,1,0,-0.013712,0.039716,0.7083,0.0953,0.2706,2,ok
0,1109,1.634819,-1.651795,-0.063207,-0.021147,-0.007356,4.475134,0.199726,-0.236790,-0.236790,0.000000,,0,0,0,1,1,0,-0.012556,0.032289,0.6250,0.0385,0.2664,2,ok
0,1110,1.654784,-1.653004,-0.054880,-0.021126,0.007644,4.495269,0.200077,0.146576,0.146576,0.000000,C-06,0,0,0,1,1,0,-0.012479,0.018670,0.6042,0.0471,0.2670,2,ok
0,1111,1.678749,-1.654406,-0.052377,-0.021009,0.010147,4.519275,0.200054,0.024376,0.024376,0.000000,,0,0,0,1,1,0,-0.016208,0.011639,0.7083,0.1435,0.2681,2,ok
0,1112,1.698720,-1.655495,-0.056454,-0.020741,0.012333,4.539471,0.199979,-0.065882,-0.065882,0.000000,,0,0,0,1,1,0,-0.016241,0.019394,0.7500,0.1829,0.2682,2,ok
0,1113,1.722681,-1.656826,-0.057386,-0.020327,0.011400,4.563465,0.199983,-0.007520,-0.007520,0.000000,,0,0,0,1,1,0,-0.016241,0.019394,0.7500,0.1829,0.2682,2,ok
0,1114,1.742649,-1.657944,-0.054495,-0.019992,0.018498,4.583459,0.200014,0.047033,0.047033,0.000000,,0,0,0,1,1,0,-0.014641,0.019010,0.7292,0.1846,0.2635,2,ok
0,1115,1.766616,-1.659286,-0.050489,-0.019591,0.022504,4.607460,0.200056,0.048977,0.048977,0.000000,,0,0,0,1,1,0,-0.013952,0.010953,0.7500,0.2125,0.2672,2,ok
0,1116,1.786591,-1.660321,-0.049794,-0.019175,0.023199,4.627458,0.200015,0.007231,0.007231,0.000000,,0,0,0,1,1,0,-0.012188,0.012404,0.7083,0.2231,0.2665,2,ok
0,1117,1.810553,-1.661550,-0.063757,-0.018533,0.012142,4.651552,0.199865,-0.186567,-0.186567,0.000000,C-06,0,0,0,1,1,0,-0.011254,0.012722,0.7292,0.2307,0.2691,2,ok
0,1118,1.834499,-1.662815,-0.070166,-0.017921,0.005733,4.675524,0.199818,-0.074187,-0.074187,0.000000,,0,0,0,1,1,0,-0.011455,-0.004016,0.6875,0.2317,0.2679,2,ok
0,1119,1.854453,-1.664201,-0.064698,-0.017747,0.012128,4.695519,0.200074,0.096152,0.096152,0.000000,C-06,0,0,0,1,1,0,-0.011604,-0.015209,0.6667,0.2317,0.2692,2,ok
0,1120,1.878407,-1.665893,-0.059595,-0.017567,0.017231,4.719532,0.200139,0.060566,0.060566,0.000000,,0,0,0,1,1,0,-0.011511,-0.019311,0.7083,0.2590,0.2680,2,ok
0,1121,1.898373,-1.667197,-0.057229,-0.017313,0.019338,4.739536,0.200079,0.032825,0.032825,0.000000,,0,0,0,1,1,0,-0.009042,-0.020584,0.7708,0.2428,0.2684,2,ok
0,1122,1.922336,-1.668723,-0.052540,-0.016971,0.024028,4.763546,0.200126,0.059034,0.059034,0.000000,,0,0,0,1,1,0,-0.008648,-0.021172,0.7500,0.2552,0.2677,2,ok
0,1123,1.942311,-1.669931,-0.049270,-0.016625,0.025028,4.783546,0.200102,0.046840,0.046840,0.000000,,0,0,0,1,1,0,-0.007149,-0.025899,0.7292,0.2448,0.2669,2,ok
0,1124,1.966282,-1.671146,-0.048525,-0.015983,0.025773,4.807539,0.200014,0.007074,0.007074,0.000000,,0,0,0,1,1,0,-0.008900,-0.024898,0.7292,0.3135,0.2693,2,ok
0,1125,1.986256,-1.672145,-0.053860,-0.015434,0.020438,4.827531,0.199963,-0.085490,-0.085490,0.000000,,0,0,0,1,1,0,-0.002496,-0.030922,0.6875,0.1347,0.2591,2,ok
0,1126,2.010214,-1.673342,-0.065013,-0.014910,0.005827,4.851419,0.199834,-0.140526,-0.140526,0.000000,,0,0,0,1,1,0,-0.009760,-0.033554,0.7083,0.3701,0.2717,2,ok
0,1127,2.034169,-1.674832,-0.055094,-0.014690,0.015747,4.875420,0.200085,0.138841,0.138841,0.000000,C-06,0,0,0,1,1,0,-0.011823,-0.048337,0.6667,0.4053,0.2689,2,ok
0,1128,2.054144,-1.676087,-0.045395,-0.014586,0.020476,4.895370,0.200183,0.141986,0.141986,0.000000,,0,0,0,1,1,0,-0.014684,-0.058155,0.6458,0.5075,0.2725,2,ok
0,1129,2.078123,-1.677473,-0.038578,-0.014364,0.027293,4.919388,0.200148,0.077698,0.077698,0.000000,,0,0,0,1,1,0,-0.011967,-0.056512,0.6875,0.4838,0.2693,2,ok
0,1130,2.098110,-1.678453,-0.034337,-0.014058,0.024596,4.939308,0.200100,0.060182,0.060182,0.000000,,0,0,0,1,1,0,-0.009356,-0.050695,0.7708,0.4742,0.2645,2,ok
0,1131,2.122098,-1.679561,-0.027566,-0.013709,0.031367,4.963319,0.200125,0.082918,0.082918,0.000000,,0,0,0,1,1,0,-0.011167,-0.052617,0.7708,0.5573,0.2678,2,ok
0,1132,2.142092,-1.680415,-0.021422,-0.013348,0.037511,4.981824,0.200114,0.088646,0.088646,0.000000,,0,0,0,1,1,0,-0.008244,-0.051892,0.7292,0.5123,0.2651,2,ok
0,1133,2.166088,-1.681229,-0.015107,-0.012901,0.035378,5.007231,0.200072,0.074313,0.074313,0.000000,,0,0,0,1,1,0,-0.007965,-0.057459,0.7292,0.5589,0.2674,2,ok
0,1134,2.186086,-1.681833,-0.008298,-0.012445,0.042186,5.027233,0.200079,0.098905,0.098905,0.000000,,0,0,0,1,1,0,-0.009368,-0.057213,0.7500,0.6222,0.2709,2,ok
0,1135,2.210086,-1.682333,-0.002002,-0.011863,0.038558,5.051104,0.200031,0.072848,0.072848,0.000000,,0,0,0,1,1,0,-0.007120,-0.068062,0.7292,0.6285,0.2678,2,ok
0,1136,2.234086,-1.682518,0.000899,-0.011023,0.041459,5.075090,0.200004,0.031774,0.031774,0.000000,,0,0,0,1,1,0,-0.005796,-0.075719,0.6875,0.6535,0.2688,2,ok
0,1137,2.254086,-1.682632,0.009268,-0.010428,0.037303,5.094935,0.199996,0.128481,0.128481,0.000000,,0,0,0,1,1,0,-0.004680,-0.086963,0.6875,0.6625,0.2662,2,ok
0,1138,2.278082,-1.682768,0.025910,-0.009867,0.053946,5.118925,0.199940,0.204483,0.204483,0.000000,,0,0,0,1,1,0,-0.006556,-0.099164,0.6875,0.7408,0.2703,2,ok
0,1139,2.298073,-1.682591,0.033267,-0.009110,0.061303,5.135964,0.199909,0.097264,0.097264,0.000000,,0,0,0,1,1,0,-0.002764,-0.096090,0.7708,0.7314,0.2666,2,ok
0,1140,2.322057,-1.682133,0.040477,-0.008270,0.053740,5.162768,0.199890,0.086383,0.086383,0.000000,,0,0,0,1,1,0,-0.001799,-0.095292,0.7708,0.7598,0.2679,2,ok
0,1141,2.342034,-1.681668,0.055567,-0.007458,0.068829,5.182734,0.199755,0.233384,0.233384,0.000000,,0,0,0,1,1,0,-0.000355,-0.096983,0.7917,0.7570,0.2678,2,ok
0,1142,2.365985,-1.681027,0.071312,-0.006763,0.067363,5.206544,0.199612,0.190575,0.190575,0.000000,,0,0,0,1,1,0,0.000094,-0.097330,0.7500,0.7991,0.2654,2,ok
0,1143,2.385927,-1.680105,0.081806,-0.005878,0.077857,5.226487,0.199606,0.153358,0.153358,0.000000,,0,0,0,1,1,0,0.003588,-0.104387,0.7500,0.7884,0.2636,2,ok
0,1144,2.409849,-1.678189,0.078624,-0.004202,0.055374,5.250335,0.200036,-0.048501,-0.048501,0.000000,C-06,0,0,0,1,1,0,0.006998,-0.109271,0.7500,0.7520,0.2641,2,ok
0,1145,2.433771,-1.676306,0.082516,-0.002818,0.059267,5.274292,0.199938,0.053138,0.053138,0.000000,,0,0,0,1,1,0,0.007766,-0.123746,0.7083,0.7533,0.2617,2,ok
0,1146,2.453688,-1.674738,0.101839,-0.001667,0.078589,5.292883,0.199604,0.322440,0.322440,0.000000,C-06,0,0,0,1,1,0,0.009691,-0.139605,0.7083,0.7355,0.2638,2,ok
0,1147,2.477533,-1.672857,0.125389,-0.000851,0.078554,5.318103,0.199074,0.297299,0.297299,0.000000,,0,0,0,1,1,0,0.008952,-0.149669,0.6667,0.7671,0.2637,2,ok
0,1148,2.497339,-1.671289,0.153541,-0.000144,0.106706,5.337959,0.198316,0.449716,0.449716,0.000000,C-06,0,0,0,1,1,0,0.014569,-0.150759,0.7083,0.7081,0.2648,2,ok
0,1149,2.521029,-1.668173,0.166957,0.001561,0.094769,5.361804,0.199176,0.157149,0.157149,0.000000,C-06,0,0,0,1,1,0,0.017502,-0.139427,0.7292,0.6899,0.2654,2,ok
0,1150,2.540762,-1.664931,0.159169,0.003466,0.086981,5.381710,0.200149,-0.143953,-0.143953,0.000000,C-06,0,0,0,1,1,0,0.020366,-0.129685,0.7708,0.6735,0.2676,2,ok
0,1151,2.564457,-1.661134,0.160631,0.005447,0.057979,5.405791,0.199937,0.029431,0.029431,0.000000,C-06,0,0,0,1,1,0,0.022917,-0.145356,0.7500,0.6119,0.2665,2,ok
0,1152,2.584176,-1.657952,0.176689,0.006633,0.074037,5.425730,0.199477,0.279205,0.279205,0.000000,C-06,0,0,0,1,1,0,0.021583,-0.163570,0.7292,0.6287,0.2662,2,ok
0,1153,2.607739,-1.654132,0.205696,0.008067,0.103044,5.449558,0.198409,0.395008,0.395008,0.000000,,0,0,0,1,1,0,0.022450,-0.174458,0.6875,0.6311,0.2648,2,ok
0,1154,2.631210,-1.649521,0.213923,0.009725,0.077851,5.473654,0.199397,0.092565,0.092565,0.000000,C-06,0,0,0,1,1,0,0.023678,-0.163153,0.7083,0.6415,0.2651,2,ok
0,1155,2.654701,-1.644520,0.196294,0.011671,0.060222,5.497592,0.200535,-0.267689,-0.267689,0.000000,C-06,0,0,0,1,1,0,0.024445,-0.160085,0.7083,0.6181,0.2635,2,ok
0,1156,2.674279,-1.640568,0.219598,0.012626,0.044300,5.518089,0.199174,0.463195,0.463195,0.000000,C-06,0,0,0,1,1,0,0.023586,-0.178319,0.6667,0.6215,0.2608,2,ok
0,1157,2.697524,-1.635856,0.286951,0.013262,0.111653,5.541797,0.195978,1.000000,1.000000,0.000000,C-06,0,0,0,1,1,0,0.022282,-0.196337,0.6875,0.6254,0.2577,2,ok
0,1158,2.716590,-1.631495,0.325329,0.014272,0.150031,5.561329,0.195483,0.633840,0.633840,0.000000,C-06,0,0,0,1,1,0,0.027792,-0.151761,0.7083,0.5814,0.2614,2,ok
0,1159,2.739314,-1.623939,0.326925,0.016960,0.110146,5.585664,0.199940,-0.019887,-0.019887,0.000000,C-06,0,0,0,1,1,0,0.032417,-0.115254,0.7708,0.5716,0.2617,2,ok
0,1160,2.762055,-1.616252,0.323521,0.019725,0.106743,5.609509,0.200140,-0.051203,-0.051203,0.000000,,0,0,0,1,1,0,0.034670,-0.114544,0.7708,0.5550,0.2635,2,ok
0,1161,2.781014,-1.609895,0.325003,0.021364,0.065177,5.630529,0.199906,0.030887,0.030887,0.000000,,0,0,0,1,1,0,0.033183,-0.129973,0.7292,0.6021,0.2640,2,ok
0,1162,2.803786,-1.602231,0.317133,0.022830,0.057306,5.654511,0.200453,-0.121074,-0.121074,0.000000,C-06,0,0,0,1,1,0,0.033727,-0.135225,0.7083,0.5744,0.2643,2,ok
0,1163,2.822849,-1.595950,0.295555,0.023927,0.035728,5.674363,0.201278,-0.398997,-0.398997,0.000000,C-06,0,0,0,1,1,0,0.033817,-0.165849,0.7500,0.5501,0.2620,2,ok
0,1164,2.845890,-1.588422,0.271333,0.024084,-0.029755,5.699853,0.202580,-0.338327,-0.338327,0.000000,,0,0,0,1,1,0,0.030584,-0.187112,0.7292,0.5649,0.2636,2,ok
0,1165,2.865169,-1.582981,0.268884,0.023425,-0.032204,5.719874,0.200136,-0.017792,-0.017792,0.000000,C-06,0,0,0,1,1,0,0.025587,-0.239712,0.6667,0.5577,0.2618,2,ok
0,1166,2.888152,-1.576593,0.321028,0.022019,-0.020444,5.744512,0.197259,0.835380,0.835380,0.000000,C-06,0,0,0,1,1,0,0.022602,-0.259992,0.6875,0.5661,0.2584,2,ok
0,1167,2.907068,-1.570758,0.337904,0.021135,-0.003569,5.764288,0.198070,0.247914,0.247914,0.000000,C-06,0,0,0,1,1,0,0.024066,-0.238943,0.7083,0.5412,0.2603,2,ok
0,1168,2.929656,-1.563225,0.351521,0.020443,-0.025988,5.788824,0.198441,0.197374,0.197374,0.000000,,0,0,0,1,1,0,0.025085,-0.217292,0.7708,0.5379,0.2646,2,ok
0,1169,2.952103,-1.555439,0.372416,0.019361,-0.005093,5.812559,0.197523,0.318209,0.318209,0.000000,,0,0,0,1,1,0,0.024210,-0.210918,0.7708,0.5133,0.2629,2,ok
0,1170,2.970679,-1.548595,0.386811,0.018837,0.009302,5.832348,0.198004,0.254657,0.254657,0.000000,,0,0,0,1,1,0,0.022729,-0.201957,0.7500,0.5396,0.2658,2,ok
0,1171,2.992837,-1.539946,0.401781,0.018055,-0.009522,5.856738,0.198241,0.225022,0.225022,0.000000,,0,0,0,1,1,0,0.021355,-0.192724,0.7500,0.5580,0.2640,2,ok
0,1172,3.011180,-1.532523,0.418575,0.017502,0.007272,5.876518,0.197582,0.316229,0.316229,0.000000,,0,0,0,1,1,0,0.021669,-0.200524,0.7500,0.5399,0.2640,2,ok
0,1173,3.033037,-1.523107,0.432634,0.017103,-0.011418,5.900858,0.198389,0.211612,0.211612,0.000000,,0,0,0,1,1,0,0.020872,-0.199448,0.7292,0.5514,0.2638,2,ok
0,1174,3.051136,-1.515057,0.446912,0.016603,0.002860,5.920660,0.197982,0.271517,0.271517,0.000000,,0,0,0,1,1,0,0.020688,-0.193804,0.7083,0.5460,0.2636,2,ok
0,1175,3.072748,-1.504791,0.452078,0.016595,0.008026,5.944587,0.199484,0.068936,0.068936,0.000000,C-06,0,0,0,1,1,0,0.018884,-0.185871,0.7083,0.5693,0.2653,2,ok
0,1176,3.090729,-1.496104,0.454219,0.016101,-0.021830,5.965100,0.199714,0.038246,0.038246,0.000000,,0,0,0,1,1,0,0.016934,-0.190151,0.6458,0.5967,0.2661,2,ok
0,1177,3.112299,-1.485582,0.453333,0.015547,-0.022715,5.989093,0.200051,-0.017219,-0.017219,0.000000,,0,0,0,1,1,0,0.015371,-0.197330,0.7292,0.6067,0.2647,2,ok
0,1178,3.133809,-1.475056,0.466947,0.014616,-0.040194,6.013489,0.199023,0.231086,0.231086,0.000000,C-06,0,0,0,1,1,0,0.012436,-0.213434,0.7708,0.6331,0.2624,2,ok
0,1179,3.151607,-1.466274,0.480384,0.013638,-0.026757,6.033313,0.198192,0.258503,0.258503,0.000000,,0,0,0,1,1,0,0.012436,-0.213434,0.7708,0.6331,0.2624,2,ok
0,1180,3.172816,-1.455424,0.493668,0.012700,-0.044484,6.057527,0.198570,0.210657,0.210657,0.000000,,0,0,0,1,1,0,0.013137,-0.213434,0.7500,0.5871,0.2621,2,ok
0,1181,3.190348,-1.446129,0.511100,0.011669,-0.027052,6.077343,0.197790,0.350394,0.350394,0.000000,,0,0,0,1,1,0,0.012729,-0.211261,0.7500,0.5859,0.2613,2,ok
0,1182,3.211155,-1.434699,0.532414,0.010788,-0.005738,6.101067,0.197912,0.350297,0.350297,0.000000,,0,0,0,1,1,0,0.012516,-0.216178,0.7292,0.5739,0.2632,2,ok
0,1183,3.228382,-1.424556,0.531941,0.010255,-0.036306,6.121355,0.200143,-0.037716,-0.037716,0.000000,C-06,0,0,0,1,1,0,0.012781,-0.202289,0.6667,0.5517,0.2635,2,ok
0,1184,3.249156,-1.412355,0.515984,0.009368,-0.052263,6.145431,0.201429,-0.277871,-0.277871,0.000000,C-06,0,0,0,1,1,0,0.010884,-0.208681,0.7083,0.5666,0.2626,2,ok
0,1185,3.266508,-1.402414,0.527249,0.008285,-0.070632,6.165664,0.199338,0.270778,0.270778,0.000000,C-06,0,0,0,1,1,0,0.011055,-0.247405,0.6458,0.5084,0.2576,2,ok
0,1186,3.287046,-1.390413,0.561981,0.006622,-0.035900,6.189393,0.196856,0.606978,0.606978,0.000000,C-06,0,0,0,1,1,0,0.007615,-0.256558,0.6875,0.5266,0.2620,2,ok
0,1187,3.307184,-1.377832,0.587673,0.005662,-0.010207,6.213119,0.198102,0.424436,0.424436,0.000000,C-06,0,0,0,1,1,0,0.009708,-0.231778,0.7917,0.4709,0.2639,2,ok
0,1188,3.323744,-1.366852,0.602569,0.004883,-0.024355,6.233133,0.198802,0.299479,0.299479,0.000000,,0,0,0,1,1,0,0.008309,-0.218299,0.7500,0.5144,0.2643,2,ok
0,1189,3.343378,-1.353315,0.623259,0.004316,-0.003665,6.256975,0.198796,0.365620,0.365620,0.000000,,0,0,0,1,1,0,0.008404,-0.208877,0.7917,0.4946,0.2660,2,ok
0,1190,3.359586,-1.341652,0.627897,0.004003,-0.028027,6.277059,0.199750,0.080412,0.080412,0.000000,C-06,0,0,0,1,1,0,0.004647,-0.192414,0.7708,0.5901,0.2673,2,ok
0,1191,3.378916,-1.327526,0.641643,0.003410,-0.014281,6.300994,0.199329,0.257508,0.257508,0.000000,C-06,0,0,0,1,1,0,0.005237,-0.198203,0.7292,0.5572,0.2644,2,ok
0,1192,3.394928,-1.315551,0.642646,0.003137,-0.013277,6.320987,0.199991,0.003637,0.003637,0.000000,C-06,0,0,0,1,1,0,0.002758,-0.202637,0.7292,0.6007,0.2627,2,ok
0,1193,3.414220,-1.301186,0.630462,0.002098,-0.054083,6.345107,0.200699,-0.232809,-0.232809,0.000000,C-06,0,0,0,1,1,0,0.000839,-0.208358,0.7083,0.6323,0.2623,2,ok
0,1194,3.430307,-1.289379,0.644341,0.001070,-0.040204,6.365035,0.199130,0.346604,0.346604,0.000000,C-06,0,0,0,1,1,0,-0.002051,-0.227338,0.6667,0.6343,0.2636,2,ok
0,1195,3.449330,-1.274904,0.667273,-0.000123,-0.046756,6.388927,0.199332,0.417385,0.417385,0.000000,,0,0,0,1,1,0,-0.005002,-0.249590,0.6667,0.6793,0.2596,2,ok
0,1196,3.467951,-1.259842,0.698737,-0.000906,-0.015292,6.412864,0.199852,0.588368,0.588368,0.000000,C-06,0,0,0,1,1,0,-0.003907,-0.236636,0.7292,0.6452,0.2572,2,ok
0,1197,3.483160,-1.246833,0.717601,-0.001115,-0.024992,6.432847,0.200355,0.407942,0.407942,0.000000,C-06,0,0,0,1,1,0,-0.004297,-0.213400,0.8125,0.6925,0.2592,2,ok
0,1198,3.501156,-1.230854,0.738490,-0.001497,-0.004103,6.456909,0.200438,0.265415,0.265415,0.000000,,0,0,0,1,1,0,-0.002939,-0.199833,0.7500,0.6871,0.2615,2,ok
0,1199,3.515924,-1.217233,0.761131,-0.001435,0.018538,6.477000,0.200770,0.502944,0.502944,0.000000,C-06,0,0,0,1,1,0,-0.001676,-0.191798,0.8125,0.6829,0.2611,2,ok
0,1200,3.533170,-1.200500,0.781631,-0.001345,0.010226,6.500985,0.200095,0.346426,0.346426,0.000000,C-06,0,0,0,1,1,0,-0.001532,-0.184654,0.7292,0.7007,0.2602,2,ok
0,1201,3.547274,-1.186326,0.794495,-0.001084,0.023090,6.520980,0.199872,0.259177,0.259177,0.000000,,0,0,0,1,1,0,-0.000871,-0.180923,0.7083,0.7562,0.2642,2,ok
0,1202,3.564153,-1.169258,0.785283,-0.000896,-0.016142,6.544962,0.200004,-0.190463,-0.190463,0.000000,C-06,0,0,0,1,1,0,-0.000140,-0.177704,0.7292,0.7638,0.2658,2,ok
0,1203,3.578373,-1.155210,0.771781,-0.001282,-0.029644,6.564947,0.199782,-0.288401,-0.288401,0.000000,,0,0,0,1,1,0,-0.000013,-0.192342,0.7083,0.7344,0.2631,2,ok
0,1204,3.595559,-1.138452,0.775574,-0.001902,-0.025851,6.588943,0.200054,0.092110,0.092110,0.000000,C-06,0,0,0,1,1,0,-0.005249,-0.220170,0.6458,0.8361,0.2602,2,ok
0,1205,3.612500,-1.121466,0.801163,-0.002874,-0.029694,6.612855,0.199598,0.468659,0.468659,0.000000,C-06,0,0,0,1,1,0,-0.006011,-0.252512,0.6875,0.7952,0.2571,2,ok
0,1206,3.626288,-1.107054,0.818840,-0.003297,-0.012017,6.632796,0.199288,0.364795,0.364795,0.000000,,0,0,0,1,1,0,-0.003551,-0.243808,0.7708,0.7550,0.2598,2,ok
0,1207,3.642480,-1.089484,0.841905,-0.003792,-0.019147,6.656567,0.199295,0.417463,0.417463,0.000000,,0,0,0,1,1,0,0.001195,-0.234985,0.8125,0.6412,0.2575,2,ok
0,1208,3.655663,-1.074501,0.860453,-0.004066,-0.000598,6.676521,0.199780,0.407160,0.407160,0.000000,,0,0,0,1,1,0,-0.001837,-0.227541,0.7917,0.7266,0.2565,2,ok
0,1209,3.671100,-1.056105,0.887563,-0.003835,0.026511,6.697787,0.200420,0.509140,0.509140,0.000000,,0,0,0,1,1,0,-0.000230,-0.220071,0.7708,0.7097,0.2609,2,ok
0,1210,3.683661,-1.040465,0.908345,-0.003804,0.015792,6.720494,0.200774,0.450160,0.450160,0.000000,,0,0,0,1,1,0,0.015777,-0.224851,0.7292,0.2640,0.2420,2,ok
0,1211,3.698385,-1.021390,0.928986,-0.003217,0.036433,6.744583,0.200934,0.365237,0.365237,0.000000,,0,0,0,1,1,0,0.003900,-0.217107,0.7292,0.6917,0.2664,2,ok
0,1212,3.710353,-1.005365,0.928442,-0.002883,0.003552,6.764470,0.199895,-0.041259,-0.041259,0.000000,C-06,0,0,0,1,1,0,0.007266,-0.215793,0.7083,0.5968,0.2589,2,ok
0,1213,3.724786,-0.986267,0.911107,-0.002935,-0.013783,6.788409,0.199374,-0.328846,-0.328846,0.000000,C-06,0,0,0,1,1,0,0.006161,-0.224098,0.7083,0.6215,0.2613,2,ok
0,1214,3.739461,-0.967180,0.930860,-0.003388,-0.027510,6.812384,0.201074,0.408588,0.408588,0.000000,C-06,0,0,0,1,1,0,0.001697,-0.269024,0.6875,0.6000,0.2593,2,ok
0,1215,3.751431,-0.951060,0.943555,-0.003871,-0.014815,6.832457,0.200804,0.257610,0.257610,0.000000,C-06,0,0,0,1,1,0,0.005468,-0.264642,0.7083,0.5003,0.2454,2,ok
0,1216,3.765501,-0.931465,0.967640,-0.004065,0.009270,6.856579,0.201708,0.429459,0.429459,0.000000,C-06,0,0,0,1,1,0,0.001473,-0.253899,0.7917,0.5427,0.2526,2,ok
0,1217,3.777001,-0.914882,0.987719,-0.004473,-0.008464,6.876615,0.201922,0.413731,0.413731,0.000000,,0,0,0,1,1,0,0.000883,-0.256060,0.7917,0.5568,0.2516,2,ok
0,1218,3.790460,-0.894671,1.015389,-0.004645,0.019207,6.900897,0.202594,0.472522,0.472522,0.000000,,0,0,0,1,1,0,0.003450,-0.240641,0.8125,0.4890,0.2597,2,ok
0,1219,3.801364,-0.877535,1.043492,-0.004635,0.008129,6.921026,0.203565,0.568749,0.568749,0.000000,,0,0,0,1,1,0,0.000492,-0.221754,0.7500,0.5488,0.2602,2,ok
0,1220,3.813952,-0.856603,1.076015,-0.004660,0.040651,6.945451,0.203708,0.528161,0.528161,0.000000,,0,0,0,1,1,0,0.005472,-0.217123,0.7500,0.4265,0.2559,2,ok
0,1221,3.823548,-0.838968,1.081720,-0.003815,0.046357,6.965511,0.200533,0.076432,0.076432,0.000000,C-06,0,0,0,1,1,0,0.005896,-0.202822,0.7500,0.4488,0.2591,2,ok
0,1222,3.834943,-0.817739,1.089584,-0.003605,0.012886,6.989428,0.200924,0.129457,0.129457,0.000000,,0,0,0,1,1,0,0.005908,-0.199728,0.7708,0.4356,0.2613,2,ok
0,1223,3.846088,-0.796499,1.082468,-0.003380,0.005770,7.013412,0.199543,-0.127627,-0.127627,0.000000,C-06,0,0,0,1,1,0,0.003036,-0.204162,0.7292,0.4564,0.2599,2,ok
0,1224,3.855467,-0.778729,1.109142,-0.003587,-0.008634,7.033356,0.202045,0.572620,0.572620,0.000000,C-06,0,0,0,1,1,0,0.001286,-0.220882,0.7083,0.4275,0.2648,2,ok
0,1225,3.866726,-0.757058,1.144750,-0.004321,0.026974,7.057767,0.204560,0.555445,0.555445,0.000000,,0,0,0,1,1,0,0.001020,-0.215680,0.7708,0.4296,0.2622,2,ok
0,1226,3.875616,-0.738752,1.167790,-0.004383,0.050014,7.078118,0.203479,0.416315,0.416315,0.000000,,0,0,0,1,1,0,0.003154,-0.195199,0.7917,0.4112,0.2630,2,ok
0,1227,3.885532,-0.716586,1.186477,-0.004579,0.029297,7.102221,0.202281,0.272685,0.272685,0.000000,,0,0,0,1,1,0,0.003387,-0.171825,0.7917,0.4124,0.2624,2,ok
0,1228,3.893088,-0.698033,1.188641,-0.004153,0.031462,7.122248,0.200172,0.021136,0.021136,0.000000,C-06,0,0,0,1,1,0,0.005029,-0.157608,0.8125,0.3872,0.2675,2,ok
0,1229,3.902039,-0.675714,1.200737,-0.003870,0.006459,7.146165,0.200782,0.189620,0.189620,0.000000,C-06,0,0,0,1,1,0,0.002965,-0.156207,0.8125,0.4050,0.2651,2,ok
0,1230,3.909345,-0.656983,1.226749,-0.003807,0.032470,7.166270,0.201812,0.495570,0.495570,0.000000,C-06,0,0,0,1,1,0,0.002384,-0.170866,0.7917,0.4153,0.2641,2,ok
0,1231,3.918019,-0.634306,1.247157,-0.003572,0.052878,7.189471,0.202415,0.284843,0.284843,0.000000,C-06,0,0,0,1,1,0,0.004433,-0.167167,0.7917,0.3880,0.2639,2,ok
0,1232,3.925756,-0.611573,1.240498,-0.003236,0.012577,7.214446,0.199802,-0.115221,-0.115221,0.000000,C-06,0,0,0,1,1,0,0.005295,-0.146923,0.7292,0.3990,0.2630,2,ok
0,1233,3.932218,-0.592709,1.222330,-0.002969,-0.005591,7.234384,0.198857,-0.343250,-0.343250,0.000000,C-06,0,0,0,1,1,0,0.003953,-0.157918,0.7292,0.3919,0.2635,2,ok
0,1234,3.940407,-0.570142,1.226707,-0.003620,-0.032096,7.258269,0.200335,0.095751,0.095751,0.000000,C-06,0,0,0,1,1,0,0.000394,-0.186167,0.6875,0.4114,0.2620,2,ok
0,1235,3.947155,-0.551255,1.246150,-0.004343,-0.012653,7.278312,0.201108,0.366097,0.366097,0.000000,C-06,0,0,0,1,1,0,-0.002323,-0.197717,0.7083,0.4124,0.2609,2,ok
0,1236,3.955242,-0.528364,1.287887,-0.005265,-0.000840,7.302441,0.203425,0.621619,0.621619,0.000000,C-06,0,0,0,1,1,0,-0.001872,-0.193558,0.8125,0.3834,0.2620,2,ok
0,1237,3.961256,-0.509119,1.300629,-0.005709,0.011903,7.322599,0.201445,0.181283,0.181283,0.000000,C-06,0,0,0,1,1,0,0.000847,-0.155104,0.7917,0.3703,0.2614,2,ok
0,1238,3.968041,-0.485957,1.310960,-0.005808,0.022233,7.346734,0.201105,0.142056,0.142056,0.000000,,0,0,0,1,1,0,-0.000833,-0.136840,0.7917,0.4228,0.2593,2,ok
0,1239,3.973465,-0.466609,1.318231,-0.006090,0.001120,7.366667,0.200913,0.119451,0.119451,0.000000,,0,0,0,1,1,0,-0.001146,-0.139289,0.7708,0.4264,0.2652,2,ok
0,1240,3.979692,-0.443293,1.347129,-0.006267,0.030018,7.390800,0.201721,0.420068,0.420068,0.000000,C-06,0,0,0,1,1,0,-0.001144,-0.134016,0.7708,0.4231,0.2661,2,ok
0,1241,3.985329,-0.419862,1.356573,-0.006143,0.013677,7.414726,0.200746,0.106301,0.106301,0.000000,C-06,0,0,0,1,1,0,-0.000822,-0.129849,0.7708,0.4749,0.2713,2,ok
0,1242,3.989598,-0.400318,1.356870,-0.005937,0.013974,7.434730,0.199991,-0.004043,-0.004043,0.000000,,0,0,0,1,1,0,-0.001264,-0.133038,0.7500,0.4930,0.2688,2,ok
0,1243,3.994694,-0.376915,1.335805,-0.005673,-0.007091,7.457497,0.199132,-0.315031,-0.315031,0.000000,C-06,0,0,0,1,1,0,-0.000398,-0.144164,0.7083,0.4705,0.2667,2,ok
0,1244,3.999344,-0.357469,1.335408,-0.006365,-0.033104,7.478527,0.200050,0.021398,0.021398,0.000000,C-06,0,0,0,1,1,0,-0.006608,-0.162773,0.6875,0.5404,0.2748,2,ok
0,1245,4.004941,-0.334071,1.360265,-0.007166,-0.008246,7.502572,0.201013,0.370848,0.370848,0.000000,C-06,0,0,0,1,1,0,-0.007497,-0.188940,0.7292,0.5263,0.2652,2,ok
0,1246,4.009603,-0.314456,1.389536,-0.008093,-0.003886,7.522538,0.202114,0.480117,0.480117,0.000000,,0,0,0,1,1,0,-0.005856,-0.179098,0.8333,0.4831,0.2591,2,ok
0,1247,4.014704,-0.290806,1.409023,-0.008921,0.015600,7.546717,0.201524,0.241920,0.241920,0.000000,C-06,0,0,0,1,1,0,-0.003379,-0.155757,0.7917,0.4552,0.2586,2,ok
0,1248,4.018740,-0.271033,1.433079,-0.009388,0.039657,7.563508,0.202136,0.389693,0.389693,0.000000,,0,0,0,1,1,0,-0.003379,-0.155757,0.7917,0.4552,0.2586,2,ok
0,1249,4.022757,-0.247232,1.449805,-0.009819,0.032517,7.590788,0.201041,0.202973,0.202973,0.000000,C-06,0,0,0,1,1,0,-0.005565,-0.130485,0.7708,0.5623,0.2637,2,ok
0,1250,4.025964,-0.223397,1.456935,-0.009362,0.039647,7.614834,0.200372,0.082542,0.082542,0.000000,,0,0,0,1,1,0,-0.004216,-0.129467,0.7917,0.5524,0.2692,2,ok
0,1251,4.028254,-0.203531,1.451857,-0.009028,0.010436,7.634608,0.199882,-0.092985,-0.092985,0.000000,C-06,0,0,0,1,1,0,-0.004775,-0.129859,0.7500,0.5927,0.2629,2,ok
0,1252,4.031061,-0.179703,1.450416,-0.008745,0.008995,7.658599,0.199943,-0.013020,-0.013020,0.000000,,0,0,0,1,1,0,-0.004891,-0.143241,0.7500,0.5913,0.2664,2,ok
0,1253,4.033415,-0.159855,1.444054,-0.008731,-0.022068,7.678386,0.199798,-0.103897,-0.103897,0.000000,,0,0,0,1,1,0,-0.004284,-0.160028,0.6875,0.5586,0.2634,2,ok
0,1254,4.036445,-0.136034,1.454790,-0.009222,-0.011332,7.702395,0.200253,0.152479,0.152479,0.000000,C-06,0,0,0,1,1,0,-0.007187,-0.184720,0.7500,0.6103,0.2636,2,ok
0,1255,4.038979,-0.116133,1.493834,-0.009635,0.027712,7.722451,0.200973,0.664068,0.664068,0.000000,C-06,0,0,0,1,1,0,-0.004135,-0.192834,0.7708,0.5153,0.2555,2,ok
0,1256,4.041847,-0.092183,1.518494,-0.010557,0.028203,7.746312,0.200923,0.282816,0.282816,0.000000,C-06,0,0,0,1,1,0,-0.004786,-0.169359,0.8125,0.5895,0.2630,2,ok
0,1257,4.043587,-0.072204,1.532714,-0.010678,0.042423,7.766367,0.200489,0.202121,0.202121,0.000000,,0,0,0,1,1,0,-0.001220,-0.151377,0.8333,0.5399,0.2606,2,ok
0,1258,4.044721,-0.048218,1.537568,-0.010251,0.021840,7.790102,0.200076,0.048112,0.048112,0.000000,C-06,0,0,0,1,1,0,-0.002901,-0.142335,0.8125,0.5983,0.2657,2,ok
0,1259,4.045749,-0.024224,1.572216,-0.009968,0.056488,7.814117,0.200183,0.462580,0.462580,0.000000,C-06,0,0,0,1,1,0,-0.004496,-0.156782,0.7917,0.6302,0.2667,2,ok
0,1260,4.046364,-0.004225,1.587096,-0.009606,0.045315,7.833903,0.200033,0.188959,0.188959,0.000000,C-06,0,0,0,1,1,0,0.000107,-0.151037,0.7500,0.5839,0.2664,2,ok
0,1261,4.046058,0.019773,1.580792,-0.008534,0.039011,7.857878,0.200012,-0.093683,-0.093683,0.000000,C-06,0,0,0,1,1,0,-0.001198,-0.141957,0.7917,0.6491,0.2681,2,ok
0,1262,4.045758,0.039772,1.567311,-0.007596,0.025530,7.877858,0.200022,-0.198656,-0.198656,0.000000,,0,0,0,1,1,0,-0.001198,-0.141957,0.7917,0.6491,0.2681,2,ok
0,1263,4.045826,0.063772,1.569548,-0.007490,0.000180,7.901632,0.200001,0.042996,0.042996,0.000000,C-06,0,0,0,1,1,0,-0.004230,-0.189151,0.7083,0.6748,0.2691,2,ok
0,1264,4.045908,0.083772,1.580959,-0.007534,0.011592,7.921631,0.199993,0.173109,0.173109,0.000000,,0,0,0,1,1,0,-0.002424,-0.202272,0.7292,0.5997,0.2586,2,ok
0,1265,4.046007,0.107766,1.604309,-0.007848,0.005280,7.945424,0.199897,0.286976,0.286976,0.000000,,0,0,0,1,1,0,-0.004065,-0.202815,0.8125,0.6174,0.2624,2,ok
0,1266,4.046089,0.127742,1.635893,-0.008414,0.036864,7.965392,0.199601,0.480118,0.480118,0.000000,C-06,0,0,0,1,1,0,-0.006319,-0.191434,0.7708,0.6995,0.2622,2,ok
0,1267,4.045891,0.151663,1.666541,-0.008795,0.067512,7.989261,0.199163,0.374250,0.374250,0.000000,,0,0,0,1,1,0,-0.005458,-0.173975,0.7917,0.7099,0.2644,2,ok
0,1268,4.044438,0.175529,1.685382,-0.008703,0.053503,8.012932,0.199215,0.228538,0.228538,0.000000,,0,0,0,1,1,0,-0.002973,-0.149825,0.7917,0.6966,0.2655,2,ok
0,1269,4.042616,0.195386,1.695466,-0.008019,0.063587,8.032860,0.199401,0.148354,0.148354,0.000000,,0,0,0,1,1,0,-0.005594,-0.150434,0.7708,0.7896,0.2726,2,ok
0,1270,4.039689,0.219202,1.693199,-0.006936,0.027854,8.056559,0.200030,-0.040388,-0.040388,0.000000,C-06,0,0,0,1,1,0,-0.004023,-0.155188,0.7500,0.7806,0.2692,2,ok
0,1271,4.037221,0.239053,1.692362,-0.006335,0.027017,8.076555,0.200048,-0.010746,-0.010746,0.000000,,0,0,0,1,1,0,-0.005451,-0.167011,0.7083,0.8121,0.2707,2,ok
0,1272,4.034264,0.262892,1.679543,-0.005621,0.014197,8.098089,0.200326,-0.177075,-0.177075,0.000000,C-06,0,0,0,1,1,0,-0.006456,-0.185701,0.7500,0.8362,0.2705,2,ok
0,1273,4.032053,0.282755,1.699017,-0.006141,-0.000969,8.120328,0.199598,0.347391,0.347391,0.000000,C-06,0,0,0,1,1,0,-0.010935,-0.220250,0.7292,0.8673,0.2695,2,ok
0,1274,4.029422,0.306483,1.745243,-0.006663,0.045257,8.144196,0.198256,0.629481,0.629481,0.000000,C-06,0,0,0,1,1,0,-0.011097,-0.216953,0.7500,0.9010,0.2675,2,ok
0,1275,4.027194,0.326117,1.778880,-0.007415,0.044209,8.163712,0.197208,0.531129,0.531129,0.000000,,0,0,0,1,1,0,-0.009743,-0.208731,0.8125,0.9050,0.2622,2,ok
0,1276,4.022864,0.349555,1.795001,-0.007004,0.060330,8.187543,0.198728,0.196646,0.196646,0.000000,C-06,0,0,0,1,1,0,-0.004890,-0.168473,0.7917,0.8854,0.2686,2,ok
0,1277,4.017623,0.372956,1.792980,-0.005839,0.025086,8.211304,0.199988,-0.044022,-0.044022,0.000000,C-06,0,0,0,1,1,0,-0.003666,-0.157171,0.7917,0.9171,0.2669,2,ok
0,1278,4.013218,0.392438,1.806631,-0.005340,0.038737,8.231271,0.199429,0.253348,0.253348,0.000000,C-06,0,0,0,1,1,0,-0.004492,-0.167401,0.7917,0.9380,0.2656,2,ok
0,1279,4.007932,0.415678,1.840732,-0.004714,0.072838,8.255097,0.197810,0.490967,0.490967,0.000000,C-06,0,0,0,1,1,0,-0.008071,-0.186039,0.7708,1.0458,0.2720,2,ok
0,1280,4.002851,0.434928,1.848672,-0.003976,0.047864,8.274845,0.199239,0.101137,0.101137,0.000000,C-06,0,0,0,1,1,0,-0.005331,-0.180018,0.7708,1.0631,0.2703,2,ok
0,1281,3.996283,0.458027,1.841827,-0.002861,0.041019,8.298834,0.200340,-0.107534,-0.107534,0.000000,C-06,0,0,0,1,1,0,-0.000424,-0.171482,0.7083,0.9869,0.2649,2,ok
0,1282,3.990796,0.477324,1.830851,-0.002054,-0.003633,8.318816,0.200881,-0.190593,-0.190593,0.000000,,0,0,0,1,1,0,-0.003108,-0.187552,0.7708,1.0711,0.2649,2,ok
0,1283,3.984537,0.500502,1.836940,-0.001959,0.002455,8.342824,0.199855,0.103583,0.103583,0.000000,C-06,0,0,0,1,1,0,-0.008194,-0.224986,0.7083,1.1578,0.2703,2,ok
0,1284,3.979285,0.519705,1.874948,-0.001815,0.040463,8.362732,0.198054,0.711303,0.711303,0.000000,C-06,0,0,0,1,1,0,-0.007809,-0.250131,0.7917,1.1683,0.2670,2,ok
0,1285,3.972935,0.542476,1.908251,-0.002182,0.038090,8.386301,0.196530,0.464006,0.464006,0.000000,C-06,0,0,0,1,1,0,-0.009310,-0.239630,0.8542,1.2489,0.2738,2,ok
0,1286,3.965528,0.565048,1.925838,-0.001701,0.055678,8.410052,0.198097,0.242422,0.242422,0.000000,C-06,0,0,0,1,1,0,-0.006541,-0.218266,0.8750,1.2328,0.2718,2,ok
0,1287,3.958655,0.583789,1.928502,-0.000855,0.020918,8.429957,0.199720,0.034582,0.034582,0.000000,C-06,0,0,0,1,1,0,-0.001467,-0.215953,0.8125,1.1768,0.2706,2,ok
0,1288,3.950255,0.606283,1.924974,-0.000290,0.017390,8.453962,0.200229,-0.058645,-0.058645,0.000000,,0,0,0,1,1,0,-0.001276,-0.237699,0.7917,1.1758,0.2620,2,ok
0,1289,3.943315,0.624953,1.953854,0.000149,0.046269,8.473875,0.198163,0.587991,0.587991,0.000000,C-06,0,0,0,1,1,0,-0.003277,-0.265325,0.7917,1.2257,0.2694,2,ok
0,1290,3.934951,0.647076,1.983441,-0.000004,0.035242,8.497534,0.196657,0.441126,0.441126,0.000000,,0,0,0,1,1,0,-0.003722,-0.270466,0.7917,1.2448,0.2668,2,ok
0,1291,3.927045,0.665393,1.982177,0.000629,0.033978,8.517475,0.199901,-0.067093,-0.067093,0.000000,C-06,0,0,0,1,1,0,0.000804,-0.256794,0.7708,1.1906,0.2617,2,ok
0,1292,3.917451,0.687272,2.008483,0.001188,0.017513,8.541404,0.198108,0.434622,0.434622,0.000000,C-06,0,0,0,1,1,0,0.000316,-0.272426,0.6667,1.1873,0.2629,2,ok
0,1293,3.909437,0.705278,2.034054,0.001209,0.043084,8.561113,0.196547,0.484736,0.484736,0.000000,,0,0,0,1,1,0,-0.003462,-0.278460,0.7500,1.2758,0.2608,2,ok
0,1294,3.899255,0.726593,2.062377,0.001869,0.071408,8.584726,0.196969,0.449951,0.449951,0.000000,,0,0,0,1,1,0,0.002206,-0.269073,0.7500,1.1844,0.2587,2,ok
0,1295,3.888086,0.747689,2.072190,0.002628,0.035706,8.608678,0.199089,0.136581,0.136581,0.000000,C-06,0,0,0,1,1,0,0.003639,-0.251657,0.8333,1.1852,0.2572,2,ok
0,1296,3.878532,0.765210,2.075535,0.003353,0.039050,8.628621,0.199605,0.059667,0.059667,0.000000,,0,0,0,1,1,0,0.004332,-0.255274,0.8125,1.1784,0.2544,2,ok
0,1297,3.866925,0.786040,2.108051,0.004057,0.024113,8.652645,0.197350,0.575351,0.575351,0.000000,C-06,0,0,0,1,1,0,0.002367,-0.265371,0.8125,1.2236,0.2550,2,ok
0,1298,3.857010,0.803090,2.133437,0.004373,0.049500,8.672367,0.197388,0.503650,0.503650,0.000000,,0,0,0,1,1,0,0.007374,-0.277145,0.8125,1.1247,0.2496,2,ok
0,1299,3.844308,0.823303,2.145712,0.005573,0.061774,8.696209,0.199110,0.182953,0.182953,0.000000,C-06,0,0,0,1,1,0,0.010403,-0.271279,0.7917,1.0846,0.2521,2,ok
0,1300,3.833472,0.840126,2.137283,0.006008,0.003527,8.716507,0.200564,-0.199956,-0.199956,0.000000,C-06,0,0,0,1,1,0,0.011638,-0.278066,0.7500,1.0628,0.2511,2,ok
0,1301,3.820551,0.860334,2.145398,0.006186,0.011643,8.740491,0.199447,0.162942,0.162942,0.000000,C-06,0,0,0,1,1,0,0.012071,-0.310048,0.7917,1.0320,0.2491,2,ok
0,1302,3.809693,0.877001,2.168564,0.006322,-0.017280,8.760712,0.197971,0.497095,0.497095,0.000000,C-06,0,0,0,1,1,0,0.016044,-0.335315,0.7292,0.9240,0.2382,2,ok
0,1303,3.796270,0.896606,2.203010,0.006019,0.017166,8.784470,0.198178,0.610934,0.610934,0.000000,,0,0,0,1,1,0,0.014566,-0.348582,0.7083,0.9378,0.2406,2,ok
0,1304,3.781877,0.915592,2.256224,0.006868,0.070380,8.808280,0.199125,0.985451,0.985451,0.000000,C-06,0,0,0,1,1,0,0.014041,-0.334013,0.7708,0.9282,0.2462,2,ok
0,1305,3.769001,0.930889,2.286802,0.007795,0.047265,8.828640,0.200478,0.651705,0.651705,0.000000,C-06,0,0,0,1,1,0,0.019174,-0.294358,0.8333,0.8244,0.2520,2,ok
0,1306,3.753056,0.948915,2.307503,0.009178,0.067966,8.852666,0.200735,0.359242,0.359242,0.000000,C-06,0,0,0,1,1,0,0.023498,-0.275105,0.8125,0.7477,0.2494,2,ok
0,1307,3.739597,0.963718,2.309129,0.010599,0.069592,8.870240,0.200005,0.002407,0.002407,0.000000,C-06,0,0,0,1,1,0,0.025685,-0.269345,0.8125,0.7063,0.2535,2,ok
0,1308,3.723465,0.981476,2.306469,0.010787,0.011983,8.897206,0.199896,-0.051043,-0.051043,0.000000,,0,0,0,1,1,0,0.024110,-0.269274,0.7708,0.6994,0.2555,2,ok
0,1309,3.709924,0.996277,2.324486,0.011142,0.029999,8.917265,0.200833,0.421431,0.421431,0.000000,C-06,0,0,0,1,1,0,0.024410,-0.287724,0.7917,0.6815,0.2510,2,ok
0,1310,3.693254,1.013626,2.353423,0.011349,0.002555,8.941960,0.200123,0.510203,0.510203,0.000000,,0,0,0,1,1,0,0.019365,-0.310275,0.7292,0.6726,0.2552,2,ok
0,1311,3.679054,1.027697,2.368388,0.011563,0.017519,8.961950,0.199802,0.294984,0.294984,0.000000,C-06,0,0,0,1,1,0,0.022064,-0.306847,0.7708,0.5838,0.2542,2,ok
0,1312,3.661776,1.044189,2.400632,0.012268,0.049764,8.984265,0.198571,0.587211,0.587211,0.000000,C-06,0,0,0,1,1,0,0.022066,-0.307351,0.7292,0.5669,0.2547,2,ok
0,1313,3.643909,1.060067,2.436972,0.012353,0.029426,9.010423,0.199853,0.668669,0.668669,0.000000,,0,0,0,1,1,0,0.019059,-0.294409,0.7500,0.5941,0.2592,2,ok
0,1314,3.628541,1.072891,2.456730,0.013138,0.049185,9.030423,0.200319,0.418693,0.418693,0.000000,C-06,0,0,0,1,1,0,0.021593,-0.270285,0.7708,0.5365,0.2590,2,ok
0,1315,3.609863,1.088003,2.467879,0.013654,0.003823,9.055240,0.200239,0.188689,0.188689,0.000000,C-06,0,0,0,1,1,0,0.019948,-0.249452,0.8125,0.5682,0.2627,2,ok
0,1316,3.594240,1.100483,2.465976,0.013691,0.001920,9.075236,0.199925,-0.061857,-0.061857,0.000000,C-06,0,0,0,1,1,0,0.020202,-0.243226,0.8125,0.5272,0.2613,2,ok
0,1317,3.575465,1.115462,2.472961,0.013749,0.008906,9.098312,0.200210,0.141061,0.141061,0.000000,C-06,0,0,0,1,1,0,0.018907,-0.248441,0.8125,0.4829,0.2594,2,ok
0,1318,3.559615,1.127822,2.500833,0.012840,-0.018831,9.120092,0.201664,0.644903,0.644903,0.000000,C-06,0,0,0,1,1,0,0.014349,-0.272785,0.7500,0.5018,0.2596,2,ok
0,1319,3.540222,1.142190,2.521887,0.012430,0.002223,9.144225,0.201213,0.357545,0.357545,0.000000,C-06,0,0,0,1,1,0,0.015164,-0.265207,0.7500,0.4756,0.2600,2,ok
0,1320,3.523907,1.153823,2.526810,0.011932,-0.044746,9.164941,0.200300,0.083946,0.083946,0.000000,C-06,0,0,0,1,1,0,0.014587,-0.253235,0.7708,0.4453,0.2592,2,ok
0,1321,3.504339,1.167693,2.521018,0.010694,-0.050539,9.188895,0.199629,-0.109833,-0.109833,0.000000,C-06,0,0,0,1,1,0,0.014610,-0.250375,0.7500,0.4248,0.2579,2,ok
0,1322,3.484720,1.181641,2.535766,0.009417,-0.035790,9.211822,0.201082,0.278437,0.278437,0.000000,C-06,0,0,0,1,1,0,0.005403,-0.266741,0.7083,0.4886,0.2603,2,ok
0,1323,3.468216,1.193105,2.546906,0.007471,-0.070411,9.233422,0.200970,0.227550,0.227550,0.000000,,0,0,0,1,1,0,0.006233,-0.267900,0.7292,0.4144,0.2570,2,ok
0,1324,3.448192,1.206548,2.569394,0.005599,-0.047923,9.257467,0.201901,0.394463,0.394463,0.000000,C-06,0,0,0,1,1,0,0.003471,-0.262035,0.8333,0.4141,0.2565,2,ok
0,1325,3.431250,1.217611,2.594014,0.003890,-0.064733,9.277815,0.202902,0.507757,0.507757,0.000000,,0,0,0,1,1,0,0.002723,-0.257439,0.7917,0.4093,0.2550,2,ok
0,1326,3.410563,1.230543,2.626421,0.001855,-0.032325,9.302127,0.203529,0.537863,0.537863,0.000000,,0,0,0,1,1,0,0.002600,-0.252992,0.8125,0.3923,0.2600,2,ok
0,1327,3.393015,1.240957,2.656760,0.000623,-0.001986,9.321596,0.204308,0.594133,0.594133,0.000000,,0,0,0,1,1,0,0.000943,-0.208554,0.8333,0.4139,0.2638,2,ok
0,1328,3.371568,1.252957,2.696433,-0.000951,0.002266,9.347039,0.205035,0.630734,0.630734,0.000000,,0,0,0,1,1,0,0.000943,-0.208554,0.8333,0.4139,0.2638,2,ok
0,1329,3.353454,1.261886,2.709580,-0.001172,0.015413,9.367233,0.201651,0.208884,0.208884,0.000000,C-06,0,0,0,1,1,0,0.002668,-0.163898,0.7500,0.3968,0.2604,2,ok
0,1330,3.331599,1.272231,2.721767,-0.001585,-0.002299,9.391369,0.201500,0.187062,0.187062,0.000000,,0,0,0,1,1,0,0.002996,-0.151697,0.7500,0.3905,0.2646,2,ok
0,1331,3.309660,1.282112,2.725935,-0.001819,0.001868,9.415429,0.200439,0.055179,0.055179,0.000000,,0,0,0,1,1,0,0.002996,-0.151697,0.7500,0.3905,0.2646,2,ok
0,1332,3.291408,1.290191,2.713753,-0.002047,-0.038018,9.435339,0.199129,-0.249430,-0.249430,0.000000,C-06,0,0,0,1,1,0,-0.000957,-0.162151,0.7083,0.4380,0.2705,2,ok
0,1333,3.269579,1.300146,2.713012,-0.003006,-0.038759,9.459311,0.199989,0.003301,0.003301,0.000000,C-06,0,0,0,1,1,0,0.000662,-0.171522,0.7708,0.3690,0.2631,2,ok
0,1334,3.251305,1.308457,2.735733,-0.003789,-0.016038,9.479371,0.201575,0.464139,0.464139,0.000000,C-06,0,0,0,1,1,0,-0.002598,-0.187365,0.7917,0.3948,0.2661,2,ok
0,1335,3.229093,1.318431,2.771731,-0.005133,-0.006055,9.503589,0.204047,0.549379,0.549379,0.000000,,0,0,0,1,1,0,-0.004140,-0.184061,0.8125,0.4076,0.2651,2,ok
0,1336,3.210394,1.326057,2.784884,-0.005602,0.007097,9.523778,0.201750,0.208442,0.208442,0.000000,C-06,0,0,0,1,1,0,-0.002052,-0.146310,0.8333,0.3945,0.2663,2,ok
0,1337,3.187856,1.334800,2.796693,-0.006092,-0.005571,9.547790,0.201437,0.171952,0.171952,0.000000,,0,0,0,1,1,0,-0.001805,-0.137165,0.7917,0.3964,0.2657,2,ok
0,1338,3.169005,1.341852,2.805388,-0.006521,0.003124,9.567913,0.201259,0.151381,0.151381,0.000000,,0,0,0,1,1,0,-0.001798,-0.135294,0.7917,0.3717,0.2649,2,ok
0,1339,3.146263,1.350064,2.828561,-0.006834,0.003345,9.591956,0.202122,0.350582,0.350582,0.000000,C-06,0,0,0,1,1,0,-0.000972,-0.133524,0.7500,0.3455,0.2624,2,ok
0,1340,3.123366,1.358019,2.845727,-0.007256,0.020510,9.616192,0.201971,0.237911,0.237911,0.000000,,0,0,0,1,1,0,-0.000497,-0.130508,0.7500,0.3483,0.2618,2,ok
0,1341,3.104228,1.363887,2.846979,-0.006867,0.021762,9.636205,0.200018,0.002343,0.002343,0.000000,C-06,0,0,0,1,1,0,0.000755,-0.114805,0.7083,0.3353,0.2641,2,ok
0,1342,3.081320,1.370856,2.829446,-0.006838,-0.018476,9.659975,0.199048,-0.270848,-0.270848,0.000000,C-06,0,0,0,1,1,0,0.000493,-0.119864,0.7083,0.3433,0.2637,2,ok
0,1343,3.062294,1.376973,2.827909,-0.007237,-0.020014,9.679956,0.199914,-0.010829,-0.010829,0.000000,C-06,0,0,0,1,1,0,-0.001129,-0.132525,0.7500,0.3189,0.2666,2,ok
0,1344,3.039412,1.384378,2.843456,-0.007947,-0.024841,9.703859,0.200850,0.236027,0.236027,0.000000,C-06,0,0,0,1,1,0,-0.003315,-0.147479,0.8750,0.3227,0.2645,2,ok
0,1345,3.020242,1.390550,2.862163,-0.008720,-0.006134,9.723983,0.201851,0.325411,0.325411,0.000000,,0,0,0,1,1,0,-0.005339,-0.140607,0.8333,0.3438,0.2650,2,ok
0,1346,2.997131,1.397607,2.874663,-0.009282,0.006365,9.746404,0.201334,0.168611,0.168611,0.000000,C-06,0,0,0,1,1,0,-0.004010,-0.132332,0.8125,0.3248,0.2655,2,ok
0,1347,2.977796,1.403322,2.892174,-0.010062,0.002648,9.768079,0.202006,0.303671,0.303671,0.000000,,0,0,0,1,1,0,-0.003837,-0.125584,0.8125,0.3236,0.2650,2,ok
0,1348,2.954481,1.410017,2.912444,-0.010768,0.022918,9.792326,0.202124,0.277179,0.277179,0.000000,,0,0,0,1,1,0,-0.003504,-0.125186,0.8125,0.3186,0.2645,2,ok
0,1349,2.931073,1.415964,2.925129,-0.011003,0.015815,9.816307,0.201193,0.165713,0.165713,0.000000,,0,0,0,1,1,0,-0.001617,-0.108621,0.7917,0.2959,0.2642,2,ok
0,1350,2.911517,1.420723,2.936234,-0.011081,0.026920,9.836434,0.201276,0.181251,0.181251,0.000000,,0,0,0,1,1,0,-0.003575,-0.104121,0.7083,0.3397,0.2659,2,ok
0,1351,2.888057,1.425717,2.919424,-0.010696,-0.009528,9.860157,0.199444,-0.260223,-0.260223,0.000000,C-06,0,0,0,1,1,0,-0.002967,-0.102893,0.7083,0.3356,0.2667,2,ok
0,1352,2.868561,1.429985,2.914824,-0.010789,-0.014127,9.880115,0.199597,-0.058862,-0.058862,0.000000,C-06,0,0,0,1,1,0,-0.004399,-0.116621,0.7292,0.3336,0.2637,2,ok
0,1353,2.845148,1.435363,2.926901,-0.011149,-0.002051,9.903844,0.200486,0.185135,0.185135,0.000000,C-06,0,0,0,1,1,0,-0.005925,-0.131451,0.7708,0.3194,0.2643,2,ok
0,1354,2.825582,1.439858,2.938892,-0.011828,-0.008646,9.923991,0.200970,0.194885,0.194885,0.000000,,0,0,0,1,1,0,-0.006461,-0.130196,0.8125,0.3088,0.2630,2,ok
0,1355,2.802037,1.445241,2.954569,-0.012616,0.007031,9.948131,0.201423,0.210551,0.210551,0.000000,,0,0,0,1,1,0,-0.007144,-0.126034,0.8125,0.3286,0.2655,2,ok
0,1356,2.782374,1.449219,2.960627,-0.012970,-0.006250,9.967970,0.200552,0.087699,0.087699,0.000000,,0,0,0,1,1,0,-0.007399,-0.114281,0.7917,0.3309,0.2666,2,ok
0,1357,2.758724,1.453826,2.982292,-0.013391,0.015416,9.992061,0.201125,0.302419,0.302419,0.000000,C-06,0,0,0,1,1,0,-0.010489,-0.114180,0.7708,0.4012,0.2689,2,ok
0,1358,2.734997,1.458300,2.998556,-0.013800,0.013294,10.015966,0.201178,0.205523,0.205523,0.000000,,0,0,0,1,1,0,-0.007011,-0.102738,0.7708,0.3361,0.2644,2,ok
0,1359,2.715179,1.461857,3.015270,-0.014203,0.030007,10.036097,0.201433,0.261751,0.261751,0.000000,,0,0,0,1,1,0,-0.006339,-0.095496,0.7500,0.3382,0.2640,2,ok
0,1360,2.691384,1.464966,3.004350,-0.013539,0.019088,10.060085,0.199749,-0.170647,-0.170647,0.000000,C-06,0,0,0,1,1,0,-0.005226,-0.086754,0.7292,0.3309,0.2649,2,ok
0,1361,2.671587,1.467499,2.993821,-0.013307,-0.009177,10.079779,0.199453,-0.162783,-0.162783,0.000000,,0,0,0,1,1,0,-0.010583,-0.097945,0.7292,0.4157,0.2714,2,ok
0,1362,2.647849,1.470997,2.994278,-0.013503,-0.008720,10.103772,0.200012,0.019784,0.019784,0.000000,C-06,0,0,0,1,1,0,-0.010023,-0.115397,0.7708,0.3796,0.2692,2,ok
0,1363,2.628047,1.473933,3.009228,-0.013888,-0.012248,10.123525,0.200388,0.258558,0.258558,0.000000,C-06,0,0,0,1,1,0,-0.011425,-0.129719,0.8125,0.3742,0.2639,2,ok
0,1364,2.604223,1.477455,3.032366,-0.014560,0.010891,10.147598,0.200940,0.297842,0.297842,0.000000,,0,0,0,1,1,0,-0.012991,-0.127612,0.8333,0.4312,0.2678,2,ok
0,1365,2.584333,1.479945,3.039746,-0.014673,0.018270,10.165320,0.200398,0.095150,0.095150,0.000000,C-06,0,0,0,1,1,0,-0.012379,-0.120642,0.8542,0.4150,0.2675,2,ok
0,1366,2.560444,1.482806,3.052096,-0.015085,0.012925,10.191474,0.200610,0.159588,0.159588,0.000000,,0,0,0,1,1,0,-0.009750,-0.105354,0.7708,0.3707,0.2698,2,ok
0,1367,2.536523,1.485660,3.069921,-0.015453,0.030750,10.215562,0.200837,0.226288,0.226288,0.000000,,0,0,0,1,1,0,-0.013169,-0.096893,0.7917,0.4566,0.2656,2,ok
0,1368,2.516562,1.487937,3.088408,-0.016031,0.031568,10.235319,0.200905,0.276609,0.276609,0.000000,,0,0,0,1,1,0,-0.014460,-0.089713,0.7917,0.5013,0.2690,2,ok
0,1369,2.492584,1.490305,3.111560,-0.016415,0.054720,10.259411,0.200690,0.280598,0.280598,0.000000,,0,0,0,1,1,0,-0.012083,-0.078275,0.7292,0.4673,0.2684,2,ok
0,1370,2.472593,1.490980,3.109864,-0.015568,0.035768,10.279182,0.199984,-0.053703,-0.053703,0.000000,C-06,0,0,0,1,1,0,-0.011333,-0.067299,0.7083,0.4844,0.2647,2,ok
0,1371,2.448603,1.491744,3.115190,-0.014673,0.041095,10.303167,0.200032,0.074615,0.074615,0.000000,,0,0,0,1,1,0,-0.016887,-0.066275,0.7292,0.6036,0.2754,2,ok
0,1372,2.428609,1.492385,3.119427,-0.013931,0.045331,10.321901,0.200053,0.059803,0.059803,0.000000,,0,0,0,1,1,0,-0.012339,-0.073690,0.7708,0.5567,0.2723,2,ok
0,1373,2.404614,1.493152,3.125232,-0.013525,0.033512,10.346891,0.200070,0.069911,0.069911,0.000000,,0,0,0,1,1,0,-0.012380,-0.074599,0.8125,0.5711,0.2640,2,ok
0,1374,2.384615,1.493757,3.131175,-0.013135,0.039455,10.366895,0.200071,0.086001,0.086001,0.000000,,0,0,0,1,1,0,-0.012273,-0.077493,0.8542,0.6120,0.2694,2,ok
0,1375,2.360616,1.494323,3.137778,-0.012792,0.029174,10.390676,0.200040,0.077534,0.077534,0.000000,,0,0,0,1,1,0,-0.010627,-0.080041,0.7917,0.5945,0.2668,2,ok
0,1376,2.336616,1.494788,-3.136923,-0.012473,0.037659,10.414678,0.200028,0.101399,0.101399,0.000000,,0,0,0,1,1,0,-0.008823,-0.087984,0.8333,0.5769,0.2644,2,ok
0,1377,2.316617,1.494947,-3.131827,-0.012123,0.025092,10.434464,0.199994,0.069797,0.069797,0.000000,,0,0,0,1,1,0,-0.008304,-0.086313,0.7500,0.5762,0.2627,2,ok
0,1378,2.292620,1.495061,-3.116236,-0.011868,0.040684,10.458459,0.199942,0.192510,0.192510,0.000000,,0,0,0,1,1,0,-0.006984,-0.089921,0.7500,0.5847,0.2651,2,ok
0,1379,2.272631,1.495135,-3.103379,-0.011635,0.053541,10.478400,0.199859,0.184875,0.184875,0.000000,,0,0,0,1,1,0,-0.004787,-0.087582,0.7500,0.5609,0.2594,2,ok
0,1380,2.248653,1.494672,-3.093632,-0.011218,0.046058,10.502225,0.199835,0.113303,0.113303,0.000000,,0,0,0,1,1,0,-0.004653,-0.090095,0.7292,0.5938,0.2682,2,ok
0,1381,2.228680,1.494104,-3.085620,-0.010688,0.054070,10.522199,0.199794,0.117508,0.117508,0.000000,,0,0,0,1,1,0,0.000607,-0.090979,0.7708,0.5248,0.2616,2,ok
0,1382,2.204725,1.493222,-3.075704,-0.010118,0.045981,10.545984,0.199743,0.121914,0.121914,0.000000,,0,0,0,1,1,0,0.001587,-0.095296,0.8542,0.5302,0.2688,2,ok
0,1383,2.184777,1.492377,-3.062358,-0.009655,0.059327,10.565944,0.199564,0.204465,0.204465,0.000000,,0,0,0,1,1,0,0.004664,-0.097222,0.8125,0.4696,0.2660,2,ok
0,1384,2.160866,1.491100,-3.048658,-0.008957,0.055830,10.589722,0.199508,0.169344,0.169344,0.000000,,0,0,0,1,1,0,0.006303,-0.097648,0.8333,0.4544,0.2633,2,ok
0,1385,2.136983,1.489371,-3.037622,-0.008098,0.066866,10.613653,0.199534,0.136818,0.136818,0.000000,,0,0,0,1,1,0,0.008430,-0.097396,0.7708,0.4364,0.2641,2,ok
0,1386,2.117098,1.487635,-3.030367,-0.007086,0.074121,10.633587,0.199595,0.108086,0.108086,0.000000,,0,0,0,1,1,0,0.008430,-0.097396,0.7708,0.4364,0.2641,2,ok
0,1387,2.093241,1.485050,-3.035475,-0.005843,0.050353,10.657404,0.200057,-0.078250,-0.078250,0.000000,C-06,0,0,0,1,1,0,0.012252,-0.106748,0.7500,0.3644,0.2636,2,ok
0,1388,2.073349,1.482873,-3.039700,-0.004810,0.046128,10.677388,0.200146,-0.062730,-0.062730,0.000000,,0,0,0,1,1,0,0.011534,-0.116762,0.7292,0.3638,0.2606,2,ok
0,1389,2.049484,1.480426,-3.030202,-0.003922,0.033684,10.701304,0.199804,0.135617,0.135617,0.000000,C-06,0,0,0,1,1,0,0.010158,-0.133947,0.7292,0.3613,0.2652,2,ok
0,1390,2.029615,1.478397,-3.024562,-0.003300,0.039323,10.721267,0.199673,0.082174,0.082174,0.000000,,0,0,0,1,1,0,0.011790,-0.146971,0.7917,0.3115,0.2586,2,ok
0,1391,2.005792,1.475946,-3.015439,-0.002670,0.022453,10.745140,0.199506,0.117952,0.117952,0.000000,,0,0,0,1,1,0,0.009301,-0.142554,0.7917,0.3422,0.2660,3,ok
0,1392,1.985964,1.473847,-3.005117,-0.002466,0.032775,10.765077,0.199293,0.162299,0.162299,0.000000,,0,0,0,1,1,0,0.010203,-0.141471,0.8333,0.3041,0.2645,2,ok
0,1393,1.962207,1.471115,-2.992878,-0.002004,0.045014,10.788986,0.199252,0.158019,0.158019,0.000000,,0,0,0,1,1,0,0.007607,-0.134367,0.8542,0.3339,0.2652,2,ok
0,1394,1.938494,1.468060,-2.981207,-0.001873,0.028102,10.812831,0.199229,0.151705,0.151705,0.000000,,0,0,0,1,1,0,0.008748,-0.122616,0.7917,0.2717,0.2623,2,ok
0,1395,1.918763,1.465213,-2.973379,-0.001586,0.035931,10.832764,0.199348,0.121060,0.121060,0.000000,,0,0,0,1,1,0,0.007960,-0.133091,0.7917,0.2862,0.2670,2,ok
0,1396,1.895126,1.461655,-2.961554,-0.001426,0.016348,10.856615,0.199117,0.158267,0.158267,0.000000,,0,0,0,1,1,0,0.007910,-0.133279,0.7708,0.2550,0.2632,2,ok
0,1397,1.875477,1.458597,-2.945431,-0.001663,0.032472,10.876498,0.198570,0.265328,0.265328,0.000000,,0,0,0,1,1,0,0.009710,-0.130536,0.7708,0.1927,0.2610,2,ok
0,1398,1.851973,1.454491,-2.931178,-0.001506,0.046724,10.900359,0.198846,0.185893,0.185893,0.000000,,0,0,0,1,1,0,0.007849,-0.121619,0.7292,0.2286,0.2614,2,ok
0,1399,1.832431,1.450649,-2.923132,-0.001566,0.023800,10.920224,0.199176,0.126322,0.126322,0.000000,,0,0,0,1,1,0,0.009469,-0.108403,0.6875,0.1854,0.2578,2,ok
0,1400,1.809031,1.445878,-2.911578,-0.001545,0.035354,10.944105,0.198938,0.159304,0.159304,0.000000,,0,0,0,1,1,0,0.006720,-0.102645,0.7708,0.2169,0.2653,2,ok
0,1401,1.789573,1.441561,-2.905557,-0.001407,0.013641,10.963998,0.199348,0.094166,0.094166,0.000000,,0,0,0,1,1,0,0.006720,-0.102645,0.7708,0.2169,0.2653,2,ok
0,1402,1.766274,1.436286,-2.892350,-0.001526,0.026849,10.987886,0.198773,0.188217,0.188217,0.000000,,0,0,0,1,1,0,0.005829,-0.093786,0.8125,0.2171,0.2661,2,ok
0,1403,1.743038,1.430623,-2.885368,-0.001253,0.033831,11.009153,0.199346,0.090090,0.090090,0.000000,,0,0,0,1,1,0,0.008227,-0.084963,0.7708,0.1416,0.2639,2,ok
0,1404,1.723702,1.425715,-2.881240,-0.001342,0.013307,11.031722,0.199504,0.067320,0.067320,0.000000,,0,0,0,1,1,0,0.006880,-0.087880,0.8125,0.1676,0.2678,2,ok
0,1405,1.700532,1.419762,-2.873987,-0.001307,0.020560,11.055643,0.199236,0.103413,0.103413,0.000000,,0,0,0,1,1,0,0.007392,-0.085357,0.7292,0.1272,0.2644,2,ok
0,1406,1.681252,1.414572,-2.871394,-0.001293,0.002547,11.075588,0.199706,0.038992,0.038992,0.000000,,0,0,0,1,1,0,0.007476,-0.078574,0.7500,0.1071,0.2625,2,ok
0,1407,1.658133,1.408283,-2.868035,-0.001341,0.005905,11.099547,0.199638,0.047790,0.047790,0.000000,,0,0,0,1,1,0,0.006808,-0.076088,0.7292,0.1018,0.2667,2,ok
0,1408,1.638899,1.402998,-2.859411,-0.001445,-0.003192,11.119463,0.199257,0.154347,0.154347,0.000000,,0,0,0,1,1,0,0.008253,-0.080262,0.7083,0.0578,0.2589,2,ok
0,1409,1.615891,1.396653,-2.846549,-0.001935,0.009670,11.143325,0.198608,0.184108,0.184108,0.000000,,0,0,0,1,1,0,0.003979,-0.077788,0.7500,0.1263,0.2661,3,ok
0,1410,1.596780,1.391141,-2.838184,-0.002111,0.018035,11.163214,0.198919,0.140167,0.140167,0.000000,,0,0,0,1,1,0,0.006257,-0.069373,0.7917,0.0714,0.2652,3,ok
0,1411,1.573897,1.384160,-2.832556,-0.002239,0.007478,11.187109,0.199400,0.076285,0.076285,0.000000,,0,0,0,1,1,0,0.006099,-0.059231,0.8125,0.0778,0.2694,3,ok
0,1412,1.551041,1.376913,-2.830917,-0.002151,0.009118,11.211086,0.199839,0.020256,0.020256,0.000000,,0,0,0,1,1,0,0.007333,-0.053766,0.8542,0.0293,0.2646,2,ok
0,1413,1.531994,1.370829,-2.832400,-0.002203,-0.006423,11.231053,0.199995,-0.028611,-0.028611,0.000000,,0,0,0,1,1,0,0.004559,-0.050538,0.7708,0.0732,0.2671,3,ok
0,1414,1.509124,1.363526,-2.834736,-0.002374,-0.008760,11.255061,0.200129,-0.033847,-0.033847,0.000000,,0,0,0,1,1,0,0.005194,-0.053233,0.7917,0.0380,0.2668,2,ok
0,1415,1.490032,1.357476,-2.844396,-0.002641,-0.029444,11.275049,0.200531,-0.179541,-0.179541,0.000000,,0,0,0,1,1,0,0.003194,-0.053487,0.7917,0.0512,0.2698,2,ok
0,1416,1.467076,1.350427,-2.846020,-0.003434,-0.031068,11.299051,0.200082,-0.010412,-0.010412,0.000000,C-06,0,0,0,1,1,0,0.001930,-0.062786,0.7500,0.0450,0.2675,3,ok
0,1417,1.447970,1.344600,-2.835803,-0.004132,-0.020851,11.319012,0.199454,0.189721,0.189721,0.000000,C-06,0,0,0,1,1,0,0.001220,-0.072855,0.7083,-0.0048,0.2674,2,ok
0,1418,1.425116,1.337601,-2.827154,-0.005090,-0.021723,11.342866,0.199063,0.119577,0.119577,0.000000,,0,0,0,1,1,0,0.000050,-0.067010,0.7500,0.0074,0.2689,2,ok
0,1419,1.406111,1.331566,-2.822824,-0.005697,-0.017393,11.362797,0.199432,0.071570,0.071570,0.000000,,0,0,0,1,1,0,0.000867,-0.058267,0.7917,-0.0212,0.2658,3,ok
0,1420,1.383338,1.324207,-2.817896,-0.006403,-0.020690,11.386678,0.199432,0.071298,0.071298,0.000000,,0,0,0,1,1,0,0.000581,-0.054739,0.7917,-0.0152,0.2697,3,ok
0,1421,1.360614,1.316781,-2.810039,-0.007093,-0.012833,11.410575,0.199072,0.116914,0.116914,0.000000,,0,0,0,1,1,0,0.000035,-0.048555,0.8542,-0.0448,0.2675,3,ok
0,1422,1.341722,1.310461,-2.804396,-0.007576,-0.013632,11.430445,0.199222,0.097419,0.097419,0.000000,,0,0,0,1,1,0,-0.001868,-0.040630,0.8125,-0.0187,0.2667,3,ok
0,1423,1.319095,1.302690,-2.799028,-0.008057,-0.008263,11.454364,0.199378,0.077431,0.077431,0.000000,,0,0,0,1,1,0,-0.000706,-0.031845,0.7917,-0.0591,0.2661,2,ok
0,1424,1.300262,1.296017,-2.797615,-0.008265,-0.006851,11.473921,0.199831,0.020870,0.020870,0.000000,,0,0,0,1,1,0,-0.000804,-0.028622,0.8125,-0.0608,0.2665,2,ok
0,1425,1.277656,1.287925,-2.800991,-0.008596,-0.014916,11.498298,0.200208,-0.054116,-0.054116,0.000000,,0,0,0,1,1,0,-0.001916,-0.018211,0.7500,-0.0598,0.2645,3,ok
0,1426,1.258818,1.281243,-2.796520,-0.008926,-0.010445,11.518284,0.199721,0.089367,0.089367,0.000000,,0,0,0,1,1,0,-0.001574,-0.020915,0.7500,-0.0984,0.2652,2,ok
0,1427,1.236277,1.273230,-2.785372,-0.009408,-0.003640,11.542149,0.199016,0.169473,0.169473,0.000000,,0,0,0,1,1,0,-0.002197,-0.021993,0.7083,-0.0872,0.2639,3,ok
0,1428,1.217534,1.266293,-2.785570,-0.009581,-0.003839,11.562134,0.199937,-0.014725,-0.014725,0.000000,C-06,0,0,0,1,1,0,-0.000635,-0.022794,0.7500,-0.1082,0.2632,2,ok
0,1429,1.195023,1.257949,-2.789506,-0.009757,-0.010789,11.586159,0.200184,-0.061361,-0.061361,0.000000,,0,0,0,1,1,0,-0.000403,-0.004424,0.8333,-0.1284,0.2664,2,ok
0,1430,1.172514,1.249673,-2.784454,-0.009974,-0.005737,11.610140,0.199670,0.084858,0.084858,0.000000,,0,0,0,1,1,0,-0.002077,-0.003566,0.8125,-0.1292,0.2644,2,ok
0,1431,1.153781,1.242710,-2.783259,-0.010107,-0.006183,11.630074,0.199873,0.015678,0.015678,0.000000,,0,0,0,1,1,0,-0.004410,0.001057,0.7708,-0.0840,0.2663,3,ok
0,1432,1.131312,1.234333,-2.781613,-0.010338,-0.004537,11.654052,0.199797,0.025006,0.025006,0.000000,,0,0,0,1,1,0,-0.002420,0.003754,0.7917,-0.1346,0.2689,3,ok
0,1433,1.112586,1.227291,-2.784268,-0.010473,-0.007192,11.674058,0.200172,-0.054637,-0.054637,0.000000,,0,0,0,1,1,0,-0.002642,0.010118,0.7917,-0.1365,0.2684,3,ok
0,1434,1.090033,1.218898,-2.802153,-0.010708,-0.024665,11.698125,0.201073,-0.281661,-0.281661,0.000000,C-06,0,0,0,1,1,0,-0.002409,0.012327,0.7500,-0.1514,0.2676,2,ok
0,1435,1.071148,1.212017,-2.809588,-0.011042,-0.032099,11.718222,0.200980,-0.118598,-0.118598,0.000000,C-06,0,0,0,1,1,0,-0.002039,0.000055,0.7500,-0.2191,0.2664,2,ok
0,1436,1.048489,1.204106,-2.801078,-0.011758,-0.023833,11.742216,0.199707,0.136363,0.136363,0.000000,C-06,0,0,0,1,1,0,-0.005494,-0.000962,0.6875,-0.1916,0.2675,2,ok
0,1437,1.029638,1.197426,-2.801405,-0.012258,-0.024160,11.762210,0.200047,-0.016541,-0.016541,0.000000,C-06,0,0,0,1,1,0,-0.006883,0.007980,0.7500,-0.1668,0.2687,3,ok
0,1438,1.007019,1.189400,-2.799924,-0.012800,-0.020005,11.786261,0.199962,0.024127,0.024127,0.000000,,0,0,0,1,1,0,-0.006194,0.007957,0.8333,-0.1904,0.2675,3,ok
0,1439,0.984423,1.181374,-2.795560,-0.013275,-0.015641,11.810235,0.199693,0.066982,0.066982,0.000000,,0,0,0,1,1,0,-0.004018,0.014456,0.8333,-0.2650,0.2676,2,ok
0,1440,0.965626,1.174685,-2.790261,-0.013667,-0.007375,11.830163,0.199358,0.095929,0.095929,0.000000,,0,0,0,1,1,0,-0.004261,0.019798,0.8125,-0.2586,0.2717,3,ok
0,1441,0.943106,1.166524,-2.786934,-0.014022,-0.004049,11.854114,0.199623,0.046632,0.046632,0.000000,,0,0,0,1,1,0,-0.005709,0.027907,0.7500,-0.2288,0.2666,3,ok
0,1442,0.924338,1.159584,-2.791305,-0.014190,-0.008419,11.874123,0.200280,-0.090330,-0.090330,0.000000,,0,0,0,1,1,0,-0.003716,0.044647,0.7917,-0.2819,0.2655,2,ok
0,1443,0.901694,1.151349,-2.818544,-0.014299,-0.031636,11.898352,0.201592,-0.421669,-0.421669,0.000000,C-06,0,0,0,1,1,0,-0.002944,0.043096,0.7708,-0.3106,0.2647,2,ok
0,1444,0.882687,1.144600,-2.831058,-0.014538,-0.044150,11.918520,0.201688,-0.203129,-0.203129,0.000000,C-06,0,0,0,1,1,0,-0.005340,0.020719,0.7292,-0.3251,0.2654,3,ok
0,1445,0.859847,1.137160,-2.826526,-0.015420,-0.035094,11.942554,0.199926,0.085470,0.085470,0.000000,C-06,0,0,0,1,1,0,-0.007545,0.014371,0.7292,-0.3339,0.2692,2,ok
0,1446,0.840832,1.130958,-2.826792,-0.016139,-0.035361,11.962542,0.200034,-0.011460,-0.011460,0.000000,,0,0,0,1,1,0,-0.005956,0.020675,0.7500,-0.3891,0.2680,2,ok
0,1447,0.818026,1.123527,-2.822528,-0.016933,-0.024360,11.986609,0.199757,0.066442,0.066442,0.000000,,0,0,0,1,1,0,-0.006659,0.027517,0.8125,-0.4049,0.2677,2,ok
0,1448,0.795252,1.116096,-2.818464,-0.017653,-0.020296,12.010553,0.199533,0.058480,0.058480,0.000000,,0,0,0,1,1,0,-0.008212,0.043669,0.8125,-0.3851,0.2704,3,ok
0,1449,0.776303,1.109889,-2.813505,-0.018177,-0.008550,12.030612,0.199296,0.088444,0.088444,0.000000,,0,0,0,1,1,0,-0.006728,0.051891,0.8333,-0.4254,0.2716,3,ok
0,1450,0.753603,1.102319,-2.808437,-0.018574,-0.003482,12.054538,0.199417,0.072862,0.072862,0.000000,,0,0,0,1,1,0,-0.005666,0.060838,0.8125,-0.4479,0.2709,3,ok
0,1451,0.734702,1.095785,-2.808714,-0.018688,-0.003760,12.072000,0.200033,-0.010771,-0.010771,0.000000,,0,0,0,1,1,0,-0.003671,0.071070,0.8125,-0.4974,0.2677,3,ok
0,1452,0.711949,1.087943,-2.828668,-0.018589,-0.015228,12.098782,0.201138,-0.308237,-0.308237,0.000000,C-06,0,0,0,1,1,0,-0.002230,0.085605,0.7917,-0.5376,0.2685,3,ok
0,1453,0.692871,1.081409,-2.844833,-0.018566,-0.031393,12.118948,0.202064,-0.275916,-0.275916,0.000000,,0,0,0,1,1,0,-0.003411,0.073825,0.7292,-0.5534,0.2654,3,ok
0,1454,0.669946,1.074322,-2.835431,-0.019049,-0.011897,12.143119,0.199524,0.167161,0.167161,0.000000,C-06,0,0,0,1,1,0,-0.003847,0.073778,0.7500,-0.5774,0.2645,3,ok
0,1455,0.650903,1.068464,-2.826554,-0.019462,-0.003020,12.163039,0.199004,0.151911,0.151911,0.000000,,0,0,0,1,1,0,-0.004750,0.080367,0.7708,-0.5805,0.2646,3,ok
0,1456,0.628118,1.061320,-2.817602,-0.019647,0.017121,12.187120,0.198993,0.127790,0.127790,0.000000,,0,0,0,1,1,0,-0.003460,0.094645,0.8333,-0.6032,0.2669,3,ok
0,1457,0.605440,1.053948,-2.797805,-0.019516,0.036918,12.210966,0.198145,0.302704,0.302704,0.000000,C-06,0,0,0,1,1,0,-0.000401,0.109060,0.8125,-0.6603,0.2700,3,ok
0,1458,0.586593,1.047238,-2.804536,-0.018675,0.042125,12.231218,0.200418,-0.148831,-0.148831,0.000000,C-06,0,0,0,1,1,0,0.000954,0.138459,0.7917,-0.6493,0.2682,3,ok
0,1459,0.563890,1.039140,-2.818550,-0.017528,0.028112,12.255295,0.201264,-0.208075,-0.208075,0.000000,,0,0,0,1,1,0,0.003933,0.155481,0.7917,-0.7179,0.2697,3,ok
0,1460,0.544905,1.032598,-2.824459,-0.016682,0.035523,12.275571,0.200761,-0.093136,-0.093136,0.000000,,0,0,0,1,1,0,0.003260,0.157519,0.7500,-0.7164,0.2709,3,ok
0,1461,0.522034,1.024970,-2.844081,-0.015733,0.015901,12.299661,0.201423,-0.298421,-0.298421,0.000000,C-06,0,0,0,1,1,0,0.006002,0.158444,0.7708,-0.7908,0.2662,3,ok
0,1462,0.502907,1.019092,-2.845157,-0.015361,0.029306,12.319874,0.200025,-0.003180,-0.003180,0.000000,C-06,0,0,0,1,1,0,0.005755,0.157728,0.7083,-0.7975,0.2641,3,ok
0,1463,0.480151,1.012078,-2.784336,-0.014651,0.090127,12.343676,0.196481,1.000000,1.000000,0.000000,C-06,0,0,0,1,1,0,0.005580,0.165380,0.7083,-0.7934,0.2650,3,ok
0,1464,0.461534,1.005930,-2.752930,-0.013675,0.121533,12.363258,0.196065,0.520023,0.520023,0.000000,C-06,0,0,0,1,1,0,0.012579,0.220097,0.7500,-0.8603,0.2560,3,ok
0,1465,0.439314,0.996971,-2.757770,-0.010554,0.132739,12.387239,0.200143,-0.114339,-0.114339,0.000000,C-06,0,0,0,1,1,0,0.017868,0.282693,0.7292,-0.8727,0.2539,3,ok
0,1466,0.417046,0.987931,-2.760745,-0.007365,0.129765,12.411060,0.200334,-0.041041,-0.041041,0.000000,,0,0,0,1,1,0,0.020292,0.314339,0.7083,-0.8488,0.2523,3,ok
0,1467,0.398413,0.980456,-2.780848,-0.004467,0.127521,12.431044,0.201408,-0.395445,-0.395445,0.000000,C-06,0,0,0,1,1,0,0.027441,0.324544,0.6875,-0.9492,0.2524,3,ok
0,1468,0.375819,0.971492,-2.815715,-0.001042,0.092655,12.455110,0.203572,-0.521446,-0.521446,0.000000,,0,0,0,1,1,0,0.026129,0.330841,0.6458,-0.9005,0.2475,3,ok
0,1469,0.356773,0.964046,-2.847956,0.002083,0.080099,12.475328,0.204910,-0.558182,-0.558182,0.000000,,0,0,0,1,1,0,0.023065,0.314025,0.6250,-0.7965,0.2521,3,ok
0,1470,0.333696,0.955988,-2.878877,0.005037,0.049179,12.499592,0.203572,-0.426926,-0.426926,0.000000,,0,0,0,1,1,0,0.023194,0.301010,0.6458,-0.7831,0.2552,3,ok
0,1471,0.314313,0.949689,-2.906895,0.007343,0.042084,12.519717,0.203818,-0.468028,-0.468028,0.000000,,0,0,0,1,1,0,0.021484,0.289718,0.6250,-0.7426,0.2525,3,ok
0,1472,0.290918,0.943375,-2.925739,0.009046,0.023240,12.543889,0.201785,-0.242146,-0.242146,0.000000,C-06,0,0,0,1,1,0,0.022139,0.263489,0.6250,-0.7204,0.2514,3,ok
0,1473,0.271373,0.938968,-2.928911,0.009838,0.044494,12.563698,0.200236,-0.034641,-0.034641,0.000000,C-06,0,0,0,1,1,0,0.021432,0.263013,0.6458,-0.6860,0.2547,3,ok
0,1474,0.247902,0.933772,-2.933720,0.010970,0.039686,12.587710,0.200417,-0.066807,-0.066807,0.000000,,0,0,0,1,1,0,0.020713,0.262282,0.7292,-0.6294,0.2502,3,ok
0,1475,0.224346,0.928811,-2.968430,0.012095,0.030152,12.611494,0.201215,-0.507241,-0.507241,0.000000,C-06,0,0,0,1,1,0,0.024762,0.276930,0.6667,-0.6280,0.2535,3,ok
0,1476,0.204599,0.924689,-2.997054,0.013261,0.001528,12.631633,0.202117,-0.444499,-0.444499,0.000000,,0,0,0,1,1,0,0.023711,0.272528,0.6875,-0.5945,0.2535,3,ok
0,1477,0.180812,0.920312,-3.018713,0.014341,0.007614,12.655325,0.201443,-0.267349,-0.267349,0.000000,C-06,0,0,0,1,1,0,0.022768,0.261268,0.6667,-0.5743,0.2578,3,ok
0,1478,0.160933,0.916899,-3.046732,0.015466,-0.020405,12.675464,0.201973,-0.441905,-0.441905,0.000000,C-06,0,0,0,1,1,0,0.021762,0.242893,0.6458,-0.5283,0.2541,3,ok
0,1479,0.137000,0.912826,-3.090870,0.016913,-0.034326,12.699279,0.202395,-0.554485,-0.554485,0.000000,,0,0,0,1,1,0,0.023305,0.231011,0.6250,-0.5335,0.2593,3,ok
0,1480,0.117027,0.911670,-3.083885,0.016291,-0.027341,12.719276,0.199909,0.169448,0.169448,0.000000,C-06,0,0,0,1,1,0,0.017753,0.202020,0.7083,-0.4231,0.2633,3,ok
0,1481,0.093087,0.910507,-3.057388,0.015324,-0.000843,12.740641,0.199547,0.342087,0.342087,0.000000,C-06,0,0,0,1,1,0,0.019408,0.206112,0.7500,-0.4109,0.2601,3,ok
0,1482,0.073155,0.908906,-3.062847,0.015916,0.026341,12.762685,0.200057,-0.119132,-0.119132,0.000000,C-06,0,0,0,1,1,0,0.026468,0.238621,0.7083,-0.4654,0.2582,3,ok
0,1483,0.049202,0.906923,-3.101367,0.016591,-0.012179,12.786509,0.200504,-0.515118,-0.515118,0.000000,C-06,0,0,0,1,1,0,0.026809,0.258367,0.7083,-0.4226,0.2539,3,ok
0,1484,0.025209,0.904939,-3.139915,0.018100,-0.017846,12.810160,0.200680,-0.456779,-0.456779,0.000000,,0,0,0,1,1,0,0.027741,0.234646,0.7083,-0.3905,0.2632,3,ok
0,1485,0.005211,0.903617,3.116839,0.019028,-0.044277,12.830180,0.200228,-0.369264,-0.369264,0.000000,,0,0,0,1,1,0,0.028181,0.206960,0.7292,-0.4129,0.2590,3,ok
0,1486,-0.018766,0.902584,3.081138,0.020342,-0.045283,12.853475,0.199734,-0.437448,-0.437448,0.000000,,0,0,0,1,1,0,0.027099,0.180279,0.6875,-0.3649,0.2637,3,ok
0,1487,-0.038704,0.902151,3.044336,0.021080,-0.082085,12.873404,0.199107,-0.559690,-0.559690,0.000000,,0,0,0,1,1,0,0.023836,0.177554,0.6667,-0.3045,0.2609,3,ok
0,1488,-0.062602,0.904305,3.061060,0.019949,-0.031560,12.896647,0.200314,0.294301,0.294301,0.000000,C-06,0,0,0,1,1,0,0.024702,0.141491,0.6667,-0.3209,0.2600,3,ok
0,1489,-0.082552,0.906284,3.082713,0.018973,-0.009907,12.916672,0.200618,0.322850,0.322850,0.000000,,0,0,0,1,1,0,0.026396,0.147770,0.7292,-0.3180,0.2598,3,ok
0,1490,-0.106513,0.907722,3.084155,0.019302,0.023784,12.940020,0.199999,-0.002329,-0.002329,0.000000,C-06,0,0,0,1,1,0,0.029549,0.179208,0.7292,-0.2957,0.2640,3,ok
0,1491,-0.126474,0.908867,3.072397,0.019847,0.012026,12.960006,0.199860,-0.193853,-0.193853,0.000000,C-06,0,0,0,1,1,0,0.029035,0.191501,0.7292,-0.2570,0.2588,3,ok
0,1492,-0.150366,0.910242,3.018417,0.020899,-0.011282,12.983311,0.198880,-0.756318,-0.756318,0.000000,C-06,0,0,0,1,1,0,0.033995,0.189655,0.6875,-0.2870,0.2649,3,ok
0,1493,-0.174135,0.912067,2.989355,0.021800,-0.040345,13.007133,0.198538,-0.344476,-0.344476,0.000000,C-06,0,0,0,1,1,0,0.030107,0.144435,0.6875,-0.2566,0.2623,3,ok
0,1494,-0.193885,0.914593,2.977892,0.021823,-0.023607,13.026454,0.199146,-0.166605,-0.166605,0.000000,C-06,0,0,0,1,1,0,0.028997,0.122693,0.6875,-0.2412,0.2643,3,ok
0,1495,-0.217538,0.917948,2.964707,0.021840,-0.036791,13.050343,0.199052,-0.173947,-0.173947,0.000000,,0,0,0,1,1,0,0.028908,0.114163,0.6875,-0.2477,0.2679,3,ok
0,1496,-0.237251,0.921382,2.983161,0.021405,0.007612,13.069768,0.200500,0.347777,0.347777,0.000000,C-06,0,0,0,1,1,0,0.027998,0.112800,0.6875,-0.2243,0.2664,3,ok
0,1497,-0.261016,0.925558,3.022438,0.021276,0.046890,13.093896,0.201564,0.521795,0.521795,0.000000,C-06,0,0,0,1,1,0,0.026747,0.112092,0.6875,-0.1925,0.2668,3,ok
0,1498,-0.280886,0.928264,3.031095,0.021944,0.055546,13.110385,0.200447,0.100200,0.100200,0.000000,C-06,0,0,0,1,1,0,0.036131,0.173171,0.6875,-0.1980,0.2618,3,ok
0,1499,-0.304722,0.931001,3.016088,0.023861,0.064008,13.137365,0.199731,-0.215694,-0.215694,0.000000,C-06,0,0,0,1,1,0,0.038967,0.185271,0.7083,-0.1990,0.2665,3,ok
0,1500,-0.324519,0.933263,2.979100,0.025402,0.027020,13.157231,0.198728,-0.628882,-0.628882,0.000000,C-06,0,0,0,1,1,0,0.038738,0.195306,0.7083,-0.1401,0.2571,3,ok
0,1501,-0.348139,0.936080,2.949491,0.027654,0.018898,13.180322,0.198030,-0.373302,-0.373302,0.000000,C-06,0,0,0,1,1,0,0.040725,0.164965,0.6875,-0.1628,0.2641,3,ok
0,1502,-0.371656,0.939972,2.932348,0.028853,0.001755,13.204129,0.198664,-0.219100,-0.219100,0.000000,C-06,0,0,0,1,1,0,0.038874,0.136913,0.7292,-0.1429,0.2609,3,ok
0,1503,-0.391191,0.943547,2.918477,0.029837,0.007588,13.223458,0.198559,-0.226122,-0.226122,0.000000,,0,0,0,1,1,0,0.039407,0.118835,0.6458,-0.1380,0.2604,3,ok
0,1504,-0.414500,0.948194,2.882099,0.030670,-0.028790,13.247211,0.197252,-0.529583,-0.529583,0.000000,C-06,0,0,0,1,1,0,0.040806,0.106786,0.6458,-0.1530,0.2632,3,ok
0,1505,-0.433797,0.952925,2.870827,0.030735,-0.022070,13.266552,0.198851,-0.156824,-0.156824,0.000000,C-06,0,0,0,1,1,0,0.038416,0.076373,0.6667,-0.1127,0.2656,3,ok
0,1506,-0.456993,0.959242,2.897738,0.030330,0.004841,13.290589,0.201113,0.431920,0.431920,0.000000,C-06,0,0,0,1,1,0,0.038704,0.062982,0.7083,-0.1491,0.2629,3,ok
0,1507,-0.476415,0.964127,2.901247,0.030551,0.024761,13.310063,0.200174,0.023902,0.023902,0.000000,C-06,0,0,0,1,1,0,0.040435,0.086423,0.7500,-0.1122,0.2640,3,ok
0,1508,-0.499695,0.969843,2.890039,0.031184,0.013553,13.334027,0.199492,-0.168092,-0.168092,0.000000,C-06,0,0,0,1,1,0,0.041624,0.100848,0.7083,-0.0926,0.2650,3,ok
0,1509,-0.519025,0.974602,2.873377,0.031762,0.012015,13.353484,0.198682,-0.288537,-0.288537,0.000000,,0,0,0,1,1,0,0.041732,0.096725,0.7292,-0.0784,0.2647,3,ok
0,1510,-0.542089,0.980317,2.849284,0.032670,-0.012079,13.377228,0.197509,-0.343713,-0.343713,0.000000,,0,0,0,1,1,0,0.042104,0.076125,0.7083,-0.0872,0.2653,3,ok
0,1511,-0.565013,0.986672,2.832918,0.032924,-0.028444,13.397395,0.198268,-0.227327,-0.227327,0.000000,,0,0,0,1,1,0,0.040597,0.055073,0.7292,-0.0783,0.2665,3,ok
0,1512,-0.584029,0.992302,2.820287,0.033146,-0.027179,13.420344,0.198317,-0.217711,-0.217711,0.000000,,0,0,0,1,1,0,0.038686,0.042785,0.6875,-0.0429,0.2653,3,ok
0,1513,-0.606805,0.999776,2.822594,0.032649,-0.024872,13.444310,0.199943,0.049450,0.049450,0.000000,C-06,0,0,0,1,1,0,0.038793,0.038058,0.6667,-0.0538,0.2692,3,ok
0,1514,-0.625892,1.006033,2.858503,0.032441,0.022859,13.464035,0.201858,0.681931,0.681931,0.000000,C-06,0,0,0,1,1,0,0.038833,0.043136,0.6875,-0.0544,0.2628,3,ok
0,1515,-0.648995,1.013154,2.873882,0.032645,0.038237,13.488210,0.201395,0.175822,0.175822,0.000000,C-06,0,0,0,1,1,0,0.040200,0.058845,0.7292,-0.0240,0.2693,3,ok
0,1516,-0.668262,1.018527,2.864831,0.033503,0.040407,13.507829,0.199716,-0.173528,-0.173528,0.000000,C-06,0,0,0,1,1,0,0.046835,0.092181,0.7292,-0.0346,0.2668,3,ok
0,1517,-0.691256,1.024945,2.835751,0.034608,0.011328,13.531676,0.198158,-0.435865,-0.435865,0.000000,C-06,0,0,0,1,1,0,0.046431,0.088311,0.7292,-0.0079,0.2680,3,ok
0,1518,-0.710272,1.030389,2.817948,0.035455,0.003099,13.551165,0.197742,-0.295980,-0.295980,0.000000,,0,0,0,1,1,0,0.044943,0.063328,0.7083,0.0061,0.2645,3,ok
0,1519,-0.732938,1.037305,2.795245,0.036168,-0.019604,13.574853,0.197434,-0.332906,-0.332906,0.000000,,0,0,0,1,1,0,0.044228,0.042705,0.7292,0.0017,0.2674,3,ok
0,1520,-0.755450,1.045007,2.780464,0.036154,-0.025770,13.598249,0.198345,-0.209518,-0.209518,0.000000,,0,0,0,1,1,0,0.041716,0.015739,0.7500,0.0263,0.2624,3,ok
0,1521,-0.774152,1.052029,2.778850,0.035716,-0.027385,13.618220,0.199878,-0.015043,-0.015043,0.000000,C-06,0,0,0,1,1,0,0.038789,0.010179,0.7292,0.0695,0.2655,3,ok
0,1522,-0.796669,1.060544,2.799473,0.035131,-0.006762,13.641392,0.201271,0.329243,0.329243,0.000000,C-06,0,0,0,1,1,0,0.039307,0.004703,0.6667,0.0529,0.2652,3,ok
0,1523,-0.815569,1.067641,2.817482,0.034834,0.018542,13.662227,0.202379,0.313836,0.313836,0.000000,,0,0,0,1,1,0,0.040017,0.006209,0.6667,0.0431,0.2644,3,ok
0,1524,-0.838351,1.075515,2.824919,0.035112,0.025979,13.686330,0.200737,0.090174,0.090174,0.000000,C-06,0,0,0,1,1,0,0.041638,0.033004,0.7292,0.0935,0.2676,3,ok
0,1525,-0.857317,1.081807,2.810939,0.035687,0.018499,13.706084,0.199380,-0.266361,-0.266361,0.000000,C-06,0,0,0,1,1,0,0.046079,0.047285,0.7500,0.0802,0.2647,3,ok
0,1526,-0.879989,1.089437,2.804492,0.036306,0.012051,13.729997,0.199347,-0.081563,-0.081563,0.000000,C-06,0,0,0,1,1,0,0.046942,0.033593,0.7292,0.0585,0.2661,3,ok
0,1527,-0.898855,1.095975,2.802171,0.036686,0.015022,13.749797,0.199696,-0.037663,-0.037663,0.000000,,0,0,0,1,1,0,0.044231,0.031497,0.7292,0.1133,0.2650,3,ok
0,1528,-0.921471,1.103864,2.798426,0.037151,0.011277,13.773745,0.199549,-0.055937,-0.055937,0.000000,,0,0,0,1,1,0,0.044647,0.028413,0.7292,0.1170,0.2662,3,ok
0,1529,-0.944052,1.111796,2.793550,0.037592,0.010150,13.797533,0.199414,-0.072765,-0.072765,0.000000,,0,0,0,1,1,0,0.045190,0.019782,0.7083,0.1321,0.2645,3,ok
0,1530,-0.962783,1.118575,2.771327,0.037822,-0.012074,13.817452,0.198515,-0.433605,-0.433605,0.000000,C-06,0,0,0,1,1,0,0.046125,0.015579,0.7083,0.1204,0.2633,3,ok
0,1531,-0.985163,1.127243,2.774533,0.037564,-0.008867,13.839129,0.200235,0.075766,0.075766,0.000000,C-06,0,0,0,1,1,0,0.042632,-0.005314,0.6875,0.1730,0.2663,3,ok
0,1532,-1.003945,1.134418,2.812197,0.037551,0.031902,13.861370,0.202225,0.746355,0.746355,0.000000,C-06,0,0,0,1,1,0,0.044073,-0.016663,0.6250,0.1282,0.2650,3,ok
0,1533,-1.026695,1.142322,2.820028,0.038257,0.039734,13.885444,0.200570,0.069855,0.069855,0.000000,C-06,0,0,0,1,1,0,0.044599,0.007927,0.7292,0.1782,0.2642,3,ok
0,1534,-1.045640,1.148665,2.809584,0.039057,0.031354,13.905434,0.199436,-0.203894,-0.203894,0.000000,C-06,0,0,0,1,1,0,0.046998,0.021588,0.7292,0.1914,0.2655,3,ok
0,1535,-1.068318,1.156439,2.807157,0.039842,0.028927,13.929394,0.199800,-0.024833,-0.024833,0.000000,C-06,0,0,0,1,1,0,0.048446,0.016899,0.7083,0.2197,0.2676,3,ok
0,1536,-1.087192,1.162947,2.801542,0.040491,0.024195,13.949227,0.199487,-0.103764,-0.103764,0.000000,,0,0,0,1,1,0,0.049012,0.008673,0.7292,0.2194,0.2661,3,ok
0,1537,-1.109753,1.170804,2.784765,0.041230,0.007418,13.973105,0.198570,-0.257923,-0.257923,0.000000,C-06,0,0,0,1,1,0,0.049930,0.006106,0.6875,0.2154,0.2677,3,ok
0,1538,-1.132203,1.178943,2.776042,0.041659,-0.001641,13.997010,0.199030,-0.121217,-0.121217,0.000000,,0,0,0,1,1,0,0.047615,-0.008620,0.6667,0.2665,0.2702,3,ok
0,1539,-1.150820,1.185978,2.757945,0.041739,-0.019738,14.016912,0.198471,-0.344644,-0.344644,0.000000,C-06,0,0,0,1,1,0,0.047038,-0.025449,0.6875,0.2572,0.2665,3,ok
0,1540,-1.173083,1.194948,2.761581,0.041314,-0.016102,14.038851,0.200310,0.085144,0.085144,0.000000,C-06,0,0,0,1,1,0,0.043335,-0.035067,0.7083,0.3064,0.2663,3,ok
0,1541,-1.191699,1.202408,2.774111,0.040950,-0.004325,14.061051,0.200942,0.237742,0.237742,0.000000,C-06,0,0,0,1,1,0,0.040116,-0.050317,0.7083,0.3659,0.2702,3,ok
0,1542,-1.214116,1.211114,2.777833,0.040775,-0.000603,14.085098,0.200360,0.043889,0.043889,0.000000,C-06,0,0,0,1,1,0,0.042647,-0.045943,0.7292,0.3450,0.2734,3,ok
0,1543,-1.232838,1.218263,2.787314,0.040725,0.006368,14.105186,0.200690,0.178122,0.178122,0.000000,,0,0,0,1,1,0,0.042990,-0.049910,0.7708,0.3910,0.2727,2,ok
0,1544,-1.255429,1.226837,2.808183,0.040708,0.027238,14.129349,0.201980,0.317411,0.317411,0.000000,,0,0,0,1,1,0,0.045994,-0.044077,0.7500,0.3496,0.2678,3,ok
0,1545,-1.274317,1.233413,2.803025,0.041220,0.018202,14.149457,0.199655,-0.124305,-0.124305,0.000000,C-06,0,0,0,1,1,0,0.044605,-0.027808,0.7292,0.4244,0.2618,3,ok
0,1546,-1.296886,1.241250,2.785222,0.041818,0.000399,14.173340,0.198541,-0.272656,-0.272656,0.000000,,0,0,0,1,1,0,0.044358,-0.023269,0.7083,0.4642,0.2641,3,ok
0,1547,-1.319348,1.249456,2.778898,0.041991,-0.011116,14.197495,0.199351,-0.080638,-0.080638,0.000000,C-06,0,0,0,1,1,0,0.046169,-0.059980,0.6875,0.4042,0.2641,3,ok
0,1548,-1.338035,1.256453,2.775736,0.041895,-0.014278,14.217449,0.199559,-0.054582,-0.054582,0.000000,,0,0,0,1,1,0,0.042620,-0.069159,0.7292,0.4789,0.2626,2,ok
0,1549,-1.360494,1.265015,2.787667,0.041636,-0.002347,14.240971,0.200694,0.188660,0.188660,0.000000,C-06,0,0,0,1,1,0,0.043157,-0.079554,0.6875,0.4806,0.2641,2,ok
0,1550,-1.379261,1.271962,2.788899,0.041460,-0.007567,14.261809,0.200059,0.007261,0.007261,0.000000,C-06,0,0,0,1,1,0,0.041947,-0.085071,0.6667,0.5144,0.2636,2,ok
0,1551,-1.401781,1.280272,2.788253,0.041278,-0.008213,14.285813,0.200018,-0.010272,-0.010272,0.000000,,0,0,0,1,1,0,0.043773,-0.088109,0.7083,0.5083,0.2658,2,ok
0,1552,-1.420535,1.287197,2.784875,0.040999,-0.019456,14.306160,0.199809,-0.063284,-0.063284,0.000000,,0,0,0,1,1,0,0.043617,-0.098643,0.7500,0.5168,0.2642,2,ok
0,1553,-1.443030,1.295579,2.786628,0.040533,-0.017703,14.330162,0.200124,0.031603,0.031603,0.000000,,0,0,0,1,1,0,0.043481,-0.111992,0.7917,0.5299,0.2628,2,ok
0,1554,-1.461777,1.302531,2.784815,0.040122,-0.029519,14.350453,0.199881,-0.037187,-0.037187,0.000000,,0,0,0,1,1,0,0.042729,-0.122223,0.7708,0.5390,0.2655,2,ok
0,1555,-1.484211,1.310913,2.771183,0.039455,-0.043151,14.374392,0.199143,-0.211797,-0.211797,0.000000,C-06,0,0,0,1,1,0,0.041402,-0.130001,0.7708,0.5601,0.2629,2,ok
0,1556,-1.506589,1.319514,2.773546,0.038524,-0.051828,14.398729,0.199932,0.053459,0.053459,0.000000,C-06,0,0,0,1,1,0,0.040171,-0.155917,0.7917,0.5334,0.2609,2,ok
0,1557,-1.525238,1.326704,2.769780,0.037563,-0.055595,14.418694,0.199746,-0.078429,-0.078429,0.000000,,0,0,0,1,1,0,0.040479,-0.163041,0.7500,0.5161,0.2617,2,ok
0,1558,-1.547555,1.335334,2.759475,0.036389,-0.065899,14.442592,0.199056,-0.160372,-0.160372,0.000000,,0,0,0,1,1,0,0.040899,-0.172434,0.7917,0.4882,0.2593,2,ok
0,1559,-1.566221,1.342739,2.795313,0.034949,-0.042950,14.463217,0.202118,0.743718,0.743718,0.000000,C-06,0,0,0,1,1,0,0.040149,-0.199320,0.7708,0.4672,0.2548,2,ok
0,1560,-1.589005,1.351654,2.850191,0.033250,0.011928,14.487624,0.205330,0.795384,0.795384,0.000000,,0,0,0,1,1,0,0.038686,-0.196978,0.7708,0.4852,0.2562,2,ok
0,1561,-1.608236,1.358324,2.875726,0.032498,0.022067,14.508385,0.203340,0.400227,0.400227,0.000000,C-06,0,0,0,1,1,0,0.041737,-0.167379,0.8125,0.4810,0.2560,2,ok
0,1562,-1.631441,1.365176,2.890563,0.032585,0.036905,14.532580,0.201503,0.193230,0.193230,0.000000,C-06,0,0,0,1,1,0,0.041737,-0.167379,0.8125,0.4810,0.2560,2,ok
0,1563,-1.650808,1.370236,2.886919,0.033231,0.014893,14.553181,0.199977,-0.081079,-0.081079,0.000000,C-06,0,0,0,1,1,0,0.048242,-0.124858,0.7708,0.4196,0.2591,2,ok
0,1564,-1.674008,1.376265,2.877965,0.033675,0.005939,14.577147,0.199540,-0.127889,-0.127889,0.000000,,0,0,0,1,1,0,0.049464,-0.128779,0.7917,0.3889,0.2604,2,ok
0,1565,-1.697166,1.382404,2.874351,0.034003,0.002325,14.601103,0.199663,-0.044902,-0.044902,0.000000,,0,0,0,1,1,0,0.045308,-0.167615,0.7708,0.4108,0.2634,2,ok
0,1566,-1.716474,1.387680,2.881864,0.033735,-0.009912,14.621797,0.200364,0.140543,0.140543,0.000000,C-06,0,0,0,1,1,0,0.044950,-0.185867,0.7500,0.3770,0.2639,2,ok
0,1567,-1.739621,1.393913,2.864775,0.033490,-0.027002,14.645768,0.199304,-0.268853,-0.268853,0.000000,C-06,0,0,0,1,1,0,0.043426,-0.190132,0.7500,0.3669,0.2647,2,ok
0,1568,-1.758912,1.399329,2.889477,0.032789,-0.026320,14.666614,0.201093,0.500230,0.500230,0.000000,C-06,0,0,0,1,1,0,0.040213,-0.204154,0.7083,0.3673,0.2640,2,ok
0,1569,-1.782262,1.405857,2.928132,0.031709,0.012335,14.690835,0.202816,0.531492,0.531492,0.000000,,0,0,0,1,1,0,0.035051,-0.206888,0.7500,0.4262,0.2684,2,ok
0,1570,-1.801847,1.410827,2.946257,0.031214,0.003141,14.711767,0.201954,0.275401,0.275401,0.000000,C-06,0,0,0,1,1,0,0.037251,-0.169743,0.8333,0.3982,0.2683,2,ok
0,1571,-1.825408,1.415751,2.952961,0.031182,0.009845,14.735837,0.200486,0.075676,0.075676,0.000000,C-06,0,0,0,1,1,0,0.039510,-0.155955,0.7917,0.3420,0.2666,2,ok
0,1572,-1.845051,1.419514,2.951466,0.031491,0.008350,14.755835,0.199938,-0.031661,-0.031661,0.000000,,0,0,0,1,1,0,0.037378,-0.151819,0.8125,0.3619,0.2646,2,ok
0,1573,-1.868626,1.424050,2.955189,0.031199,-0.019142,14.780915,0.200136,0.055831,0.055831,0.000000,,0,0,0,1,1,0,0.036978,-0.157124,0.7917,0.3316,0.2643,2,ok
0,1574,-1.892214,1.428561,2.956905,0.030758,-0.017426,14.804926,0.200130,0.021078,0.021078,0.000000,,0,0,0,1,1,0,0.033949,-0.174123,0.7917,0.3467,0.2631,2,ok
0,1575,-1.911868,1.432252,2.952959,0.030122,-0.052161,14.825964,0.199890,-0.070026,-0.070026,0.000000,,0,0,0,1,1,0,0.031240,-0.175080,0.7708,0.3633,0.2621,2,ok
0,1576,-1.935497,1.436742,2.981858,0.028882,-0.023262,14.849983,0.200927,0.425304,0.425304,0.000000,C-06,0,0,0,1,1,0,0.029018,-0.177229,0.7708,0.3798,0.2632,2,ok
0,1577,-1.955314,1.440486,3.040558,0.027862,0.035437,14.870126,0.202399,1.000000,1.000000,0.000000,C-06,0,0,0,1,1,0,0.026067,-0.177378,0.7292,0.3987,0.2699,2,ok
0,1578,-1.979250,1.444980,3.099872,0.025682,0.065333,14.895483,0.203277,0.710637,0.710637,0.000000,C-06,0,0,0,1,1,0,0.027586,-0.144374,0.7083,0.4161,0.2657,2,ok
0,1579,-1.999235,1.446023,3.100240,0.026574,0.065701,14.915475,0.199974,-0.073391,-0.073391,0.000000,C-06,0,0,0,1,1,0,0.036036,-0.069872,0.7500,0.3595,0.2646,3,ok
0,1580,-2.023208,1.446930,3.088557,0.027632,0.027541,14.940052,0.199867,-0.146088,-0.146088,0.000000,,0,0,0,1,1,0,0.038074,-0.067071,0.8125,0.3355,0.2628,3,ok
0,1581,-2.043176,1.447694,3.081610,0.028349,0.020594,14.960021,0.199805,-0.098595,-0.098595,0.000000,,0,0,0,1,1,0,0.035654,-0.080233,0.8125,0.3768,0.2676,2,ok
0,1582,-2.067130,1.448974,3.078122,0.028723,-0.005915,14.984480,0.199906,-0.039837,-0.039837,0.000000,,0,0,0,1,1,0,0.034627,-0.096419,0.7708,0.3814,0.2661,2,ok
0,1583,-2.091092,1.450491,3.095062,0.028588,0.011025,15.008490,0.200180,0.224655,0.224655,0.000000,C-06,0,0,0,1,1,0,0.033697,-0.111638,0.7917,0.3607,0.2661,3,ok
0,1584,-2.111069,1.451447,3.088901,0.028784,0.004865,15.028488,0.199945,-0.117577,-0.117577,0.000000,C-06,0,0,0,1,1,0,0.032669,-0.103000,0.7708,0.4116,0.2685,3,ok
0,1585,-2.135004,1.452566,3.045604,0.028580,-0.057007,15.053008,0.199338,-0.593004,-0.593004,0.000000,C-06,0,0,0,1,1,0,0.033151,-0.111468,0.7708,0.3809,0.2679,2,ok
0,1586,-2.154852,1.453499,2.990649,0.028407,-0.111962,15.072876,0.198036,-0.866974,-0.866974,0.000000,C-06,0,0,0,1,1,0,0.033573,-0.120104,0.7083,0.3392,0.2693,2,ok
0,1587,-2.178545,1.456540,2.975241,0.026003,-0.144503,15.097116,0.199170,-0.158905,-0.158905,0.000000,C-06,0,0,0,1,1,0,0.020975,-0.203378,0.7708,0.4347,0.2676,2,ok
0,1588,-2.198299,1.459765,2.998969,0.023195,-0.120775,15.116934,0.200606,0.443475,0.443475,0.000000,C-06,0,0,0,1,1,0,0.014623,-0.255526,0.7917,0.3997,0.2620,2,ok
0,1589,-2.222106,1.463688,3.031274,0.019642,-0.106112,15.141158,0.201422,0.411464,0.411464,0.000000,,0,0,0,1,1,0,0.012728,-0.239942,0.7708,0.4061,0.2647,2,ok
0,1590,-2.242008,1.466903,3.054208,0.016503,-0.083178,15.161073,0.201580,0.340933,0.340933,0.000000,,0,0,0,1,1,0,0.009994,-0.220553,0.8333,0.4574,0.2633,2,ok
0,1591,-2.265935,1.469876,3.073406,0.013622,-0.063980,15.185011,0.200833,0.231366,0.231366,0.000000,,0,0,0,1,1,0,0.011460,-0.199835,0.8333,0.4001,0.2654,2,ok
0,1592,-2.289893,1.472401,3.092469,0.010827,-0.062133,15.209148,0.200689,0.233574,0.233574,0.000000,,0,0,0,1,1,0,0.006972,-0.184010,0.7917,0.4437,0.2620,2,ok
0,1593,-2.309873,1.473713,3.099338,0.009284,-0.055264,15.229111,0.200188,0.089746,0.089746,0.000000,,0,0,0,1,1,0,0.007403,-0.177886,0.7917,0.4057,0.2629,2,ok
0,1594,-2.333841,1.474775,3.079813,0.007649,-0.092036,15.253214,0.199820,-0.262944,-0.262944,0.000000,C-06,0,0,0,1,1,0,0.006005,-0.174106,0.7292,0.4158,0.2642,2,ok
0,1595,-2.353791,1.475646,3.061640,0.006168,-0.110209,15.273128,0.199567,-0.269620,-0.269620,0.000000,,0,0,0,1,1,0,0.001660,-0.192681,0.7708,0.4390,0.2626,2,ok
0,1596,-2.377736,1.477489,3.094012,0.003471,-0.095488,15.297066,0.200384,0.480131,0.480131,0.000000,C-06,0,0,0,1,1,0,-0.007200,-0.220442,0.7292,0.5070,0.2717,2,ok
0,1597,-2.397725,1.479074,3.128625,0.000931,-0.060875,15.316957,0.200605,0.500338,0.500338,0.000000,,0,0,0,1,1,0,-0.004448,-0.208569,0.7917,0.4168,0.2618,2,ok
0,1598,-2.421722,1.480977,-3.107753,-0.002118,-0.014067,15.340835,0.200527,0.560489,0.560489,0.000000,,0,0,0,1,1,0,-0.007219,-0.193190,0.7917,0.5045,0.2719,2,ok
0,1599,-2.441706,1.480818,-3.096779,-0.003238,-0.020801,15.360750,0.199840,0.124442,0.124442,0.000000,C-06,0,0,0,1,1,0,-0.003705,-0.150938,0.8333,0.4587,0.2657,2,ok
0,1600,-2.465680,1.479861,-3.094159,-0.003844,-0.018181,15.384736,0.199953,0.026012,0.026012,0.000000,,0,0,0,1,1,0,-0.002383,-0.134023,0.8333,0.4246,0.2658,2,ok
0,1601,-2.489650,1.478846,-3.089422,-0.004669,-0.031107,15.408634,0.199909,0.059968,0.059968,0.000000,,0,0,0,1,1,0,-0.005134,-0.134770,0.8125,0.4661,0.2649,2,ok
0,1602,-2.509608,1.478000,-3.060487,-0.005508,-0.002171,15.428592,0.199551,0.490930,0.490930,0.000000,C-06,0,0,0,1,1,0,-0.003827,-0.141840,0.7917,0.4195,0.2620,2,ok
0,1603,-2.533506,1.476867,-3.040010,-0.006488,0.000633,15.452400,0.199295,0.238682,0.238682,0.000000,C-06,0,0,0,1,1,0,-0.003839,-0.135602,0.7708,0.4389,0.2627,2,ok
0,1604,-2.553389,1.475461,-3.026697,-0.007075,0.013946,15.472323,0.199298,0.197464,0.197464,0.000000,,0,0,0,1,1,0,-0.002971,-0.115343,0.7500,0.4402,0.2682,2,ok
0,1605,-2.577238,1.472802,-3.033415,-0.006811,0.007229,15.496319,0.200093,-0.102173,-0.102173,0.000000,C-06,0,0,0,1,1,0,-0.002623,-0.109382,0.7083,0.4337,0.2661,2,ok
0,1606,-2.597128,1.470552,-3.040680,-0.006892,-0.017766,15.516208,0.200243,-0.110733,-0.110733,0.000000,,0,0,0,1,1,0,-0.003675,-0.122007,0.7292,0.4353,0.2677,2,ok
0,1607,-2.621007,1.468128,-3.041088,-0.007318,-0.018174,15.540206,0.199997,0.002428,0.002428,0.000000,,0,0,0,1,1,0,-0.007243,-0.134413,0.7917,0.4964,0.2672,2,ok
0,1608,-2.640898,1.466125,-3.032123,-0.007850,-0.026421,15.560059,0.199821,0.150534,0.150534,0.000000,,0,0,0,1,1,0,-0.006716,-0.139195,0.7917,0.4523,0.2651,2,ok
0,1609,-2.664729,1.463721,-3.013022,-0.008704,-0.007320,15.583996,0.199381,0.250094,0.250094,0.000000,,0,0,0,1,1,0,-0.010238,-0.139844,0.8125,0.5290,0.2684,2,ok
0,1610,-2.688511,1.461131,-3.001169,-0.009450,-0.014262,15.607744,0.199342,0.145289,0.145289,0.000000,,0,0,0,1,1,0,-0.007511,-0.129218,0.8333,0.4744,0.2631,2,ok
0,1611,-2.708289,1.458843,-2.982714,-0.010220,0.004193,15.627638,0.198834,0.298391,0.298391,0.000000,C-06,0,0,0,1,1,0,-0.007529,-0.137964,0.7917,0.4785,0.2666,2,ok
0,1612,-2.731935,1.456041,-2.956690,-0.011073,0.030217,15.651435,0.198213,0.345841,0.345841,0.000000,,0,0,0,1,1,0,-0.008465,-0.125747,0.7500,0.5168,0.2661,2,ok
0,1613,-2.751569,1.452909,-2.943941,-0.011251,0.025167,15.671132,0.198854,0.194222,0.194222,0.000000,C-06,0,0,0,1,1,0,-0.006458,-0.113559,0.7292,0.4856,0.2657,2,ok
0,1614,-2.775069,1.448759,-2.930032,-0.011148,0.039076,15.694995,0.198837,0.186630,0.186630,0.000000,,0,0,0,1,1,0,-0.004368,-0.105825,0.7292,0.4592,0.2620,2,ok
0,1615,-2.794622,1.444622,-2.930626,-0.010554,0.019507,15.714720,0.199985,-0.027003,-0.027003,0.000000,C-06,0,0,0,1,1,0,-0.008839,-0.099329,0.7083,0.5760,0.2696,2,ok
0,1616,-2.818088,1.439603,-2.929727,-0.010153,0.020406,15.738713,0.199954,0.015038,0.015038,0.000000,,0,0,0,1,1,0,-0.012385,-0.106454,0.7500,0.6371,0.2755,2,ok
0,1617,-2.837631,1.435420,-2.924594,-0.009817,0.025540,15.758696,0.199751,0.089908,0.089908,0.000000,,0,0,0,1,1,0,-0.013308,-0.112762,0.8125,0.6826,0.2715,2,ok
0,1618,-2.861037,1.430401,-2.912448,-0.009715,0.018899,15.782498,0.199238,0.170550,0.170550,0.000000,,0,0,0,1,1,0,-0.008637,-0.112141,0.7917,0.5700,0.2694,2,ok
0,1619,-2.884384,1.425289,-2.903346,-0.009533,0.028001,15.806398,0.199159,0.121878,0.121878,0.000000,,0,0,0,1,1,0,-0.008532,-0.109608,0.8125,0.6085,0.2688,2,ok
0,1620,-2.903792,1.420932,-2.891480,-0.009591,0.019713,15.826068,0.198650,0.202681,0.202681,0.000000,,0,0,0,1,1,0,-0.009239,-0.107250,0.7917,0.6453,0.2708,2,ok
0,1621,-2.927005,1.415494,-2.878001,-0.009615,0.033191,15.849909,0.198665,0.186270,0.186270,0.000000,,0,0,0,1,1,0,-0.009518,-0.111415,0.7500,0.6714,0.2721,2,ok
0,1622,-2.946291,1.410618,-2.869308,-0.009366,0.022835,15.869644,0.198943,0.143419,0.143419,0.000000,,0,0,0,1,1,0,-0.011129,-0.110147,0.7292,0.7342,0.2755,2,ok
0,1623,-2.969371,1.404554,-2.858422,-0.009147,0.033721,15.893507,0.198847,0.154026,0.154026,0.000000,,0,0,0,1,1,0,-0.012824,-0.108250,0.7708,0.8026,0.2754,2,ok
0,1624,-2.988543,1.399365,-2.846882,-0.008817,0.045261,15.913366,0.198496,0.199712,0.199712,0.000000,,0,0,0,1,1,0,-0.008562,-0.109125,0.7500,0.7194,0.2647,2,ok
0,1625,-3.011473,1.392728,-2.837140,-0.008467,0.033906,15.937030,0.198951,0.135731,0.135731,0.000000,,0,0,0,1,1,0,-0.013834,-0.110250,0.7500,0.8771,0.2699,2,ok
0,1626,-3.030542,1.386854,-2.833692,-0.007917,0.037354,15.956976,0.199578,0.053435,0.053435,0.000000,,0,0,0,1,1,0,-0.015502,-0.116506,0.7500,0.9347,0.2879,2,ok
0,1627,-3.053399,1.379718,-2.829582,-0.007360,0.020703,15.980778,0.199531,0.059352,0.059352,0.000000,,0,0,0,1,1,0,-0.013287,-0.120179,0.8125,0.9610,0.2714,2,ok
0,1628,-3.076215,1.372531,-2.822487,-0.006979,0.027798,16.004696,0.199171,0.105081,0.105081,0.000000,,0,0,0,1,1,0,-0.014231,-0.131127,0.8333,1.0249,0.2700,2,ok
0,1629,-3.095188,1.366449,-2.816962,-0.006562,0.033323,16.022721,0.199245,0.095177,0.095177,0.000000,,0,0,0,1,1,0,-0.013783,-0.135344,0.7917,1.0328,0.2814,2,ok
0,1630,-3.117907,1.359023,-2.809842,-0.006545,0.018018,16.048358,0.199173,0.103919,0.103919,0.000000,,0,0,0,1,1,0,-0.013526,-0.138979,0.8125,1.0557,0.2729,2,ok
0,1631,-3.136787,1.352761,-2.800514,-0.006408,0.027346,16.068249,0.198675,0.167652,0.167652,0.000000,,0,0,0,1,1,0,-0.014055,-0.151138,0.7917,1.0993,0.2624,2,ok
0,1632,-3.159363,1.345050,-2.790300,-0.006386,0.014732,16.091969,0.198815,0.148873,0.148873,0.000000,,0,0,0,1,1,0,-0.016856,-0.159835,0.7917,1.1876,0.2741,2,ok
0,1633,-3.178123,1.338328,-2.785290,-0.006203,0.019742,16.111897,0.199323,0.084082,0.084082,0.000000,,0,0,0,1,1,0,-0.017744,-0.164951,0.7500,1.2610,0.2723,2,ok
0,1634,-3.200647,1.329978,-2.793874,-0.005903,-0.013341,16.135768,0.200506,-0.142835,-0.142835,0.000000,C-06,0,0,0,1,1,0,-0.017830,-0.176209,0.7083,1.2833,0.2672,2,ok
0,1635,-3.219445,1.323158,-2.791504,-0.006139,-0.010972,16.155764,0.199839,0.056098,0.056098,0.000000,C-06,0,0,0,1,1,0,-0.016198,-0.204738,0.7083,1.2431,0.2615,2,ok
0,1636,-3.241850,1.314925,-2.755738,-0.006324,0.024795,16.179633,0.197723,0.577841,0.577841,0.000000,C-06,0,0,0,1,1,0,-0.014453,-0.219135,0.7708,1.2227,0.2593,2,ok
0,1637,-3.263927,1.306617,-2.721736,-0.006871,0.033563,16.203053,0.196158,0.513475,0.513475,0.000000,,0,0,0,1,1,0,-0.018184,-0.217755,0.8333,1.3817,0.2699,2,ok
0,1638,-3.282149,1.298698,-2.712636,-0.006383,0.042663,16.222915,0.198857,0.148630,0.148630,0.000000,C-06,0,0,0,1,1,0,-0.011946,-0.195461,0.7917,1.3283,0.2730,2,ok
0,1639,-3.303983,1.288748,-2.715025,-0.005686,0.012871,16.246743,0.200124,-0.048681,-0.048681,0.000000,C-06,0,0,0,1,1,0,-0.009480,-0.195419,0.8125,1.3139,0.2629,2,ok
0,1640,-3.322162,1.280463,-2.707204,-0.005370,0.020692,16.266718,0.199475,0.163559,0.163559,0.000000,C-06,0,0,0,1,1,0,-0.013132,-0.223771,0.7917,1.4242,0.2645,2,ok
0,1641,-3.343785,1.270422,-2.676448,-0.004822,0.051447,16.288310,0.197512,0.512844,0.512844,0.000000,C-06,0,0,0,1,1,0,-0.009942,-0.244682,0.7917,1.3500,0.2555,2,ok
0,1642,-3.361651,1.261540,-2.676909,-0.004448,0.021508,16.310365,0.199837,-0.057990,-0.057990,0.000000,C-06,0,0,0,1,1,0,-0.009270,-0.242527,0.7500,1.3998,0.2600,2,ok
0,1643,-3.383119,1.250824,-2.679182,-0.003886,0.019235,16.334352,0.200024,-0.034822,-0.034822,0.000000,,0,0,0,1,1,0,-0.003498,-0.254894,0.7083,1.2504,0.2595,2,ok
0,1644,-3.400939,1.241902,-2.659662,-0.003786,0.003521,16.354159,0.198508,0.410097,0.410097,0.000000,C-06,0,0,0,1,1,0,-0.014871,-0.297347,0.7083,1.4884,0.2660,2,ok
0,1645,-3.422036,1.231150,-2.629215,-0.003800,0.033968,16.377838,0.196833,0.498961,0.498961,0.000000,,0,0,0,1,1,0,-0.010909,-0.304865,0.7083,1.3946,0.2533,2,ok
0,1646,-3.442715,1.219806,-2.588485,-0.003276,0.033987,16.401300,0.196276,0.688545,0.688545,0.000000,C-06,0,0,0,1,1,0,-0.008593,-0.286571,0.8125,1.4009,0.2628,2,ok
0,1647,-3.459596,1.209577,-2.563221,-0.002537,0.059251,16.421025,0.197624,0.500489,0.500489,0.000000,C-06,0,0,0,1,1,0,-0.004917,-0.268503,0.7917,1.3655,0.2610,2,ok
0,1648,-3.479513,1.196623,-2.536253,-0.000890,0.086219,16.444727,0.198193,0.461955,0.461955,0.000000,,0,0,0,1,1,0,-0.002206,-0.258700,0.8125,1.3171,0.2613,2,ok
0,1649,-3.495903,1.185284,-2.527492,0.000354,0.048982,16.464600,0.199430,0.158040,0.158040,0.000000,C-06,0,0,0,1,1,0,0.002651,-0.248256,0.8125,1.2197,0.2549,2,ok
0,1650,-3.515541,1.171454,-2.531746,0.001603,0.044728,16.488586,0.200350,-0.093360,-0.093360,0.000000,C-06,0,0,0,1,1,0,0.002840,-0.259347,0.7708,1.2570,0.2597,2,ok
0,1651,-3.531832,1.159956,-2.511731,0.002660,0.064743,16.508323,0.198575,0.465600,0.465600,0.000000,C-06,0,0,0,1,1,0,0.001140,-0.289708,0.7708,1.2581,0.2541,2,ok
0,1652,-3.551133,1.145818,-2.499335,0.003050,0.026070,16.532563,0.199472,0.204667,0.204667,0.000000,C-06,0,0,0,1,1,0,0.001740,-0.293753,0.7083,1.2450,0.2604,2,ok
0,1653,-3.567051,1.133804,-2.482529,0.003672,0.042876,16.552496,0.199273,0.376102,0.376102,0.000000,C-06,0,0,0,1,1,0,0.001166,-0.293041,0.7500,1.2578,0.2571,2,ok
0,1654,-3.585865,1.119014,-2.460766,0.004272,0.009016,16.576644,0.199593,0.397488,0.397488,0.000000,,0,0,0,1,1,0,-0.004139,-0.331720,0.6458,1.3194,0.2708,2,ok
0,1655,-3.604261,1.103607,-2.423632,0.004936,0.046149,16.600630,0.200600,0.708722,0.708722,0.000000,C-06,0,0,0,1,1,0,0.001522,-0.319659,0.7292,1.2170,0.2531,2,ok
0,1656,-3.619286,1.090203,-2.389926,0.006121,0.079855,16.620731,0.201578,0.731996,0.731996,0.000000,,0,0,0,1,1,0,0.004222,-0.300530,0.7917,1.1559,0.2525,2,ok
0,1657,-3.636690,1.073579,-2.363460,0.007035,0.050361,16.645139,0.200220,0.444062,0.444062,0.000000,C-06,0,0,0,1,1,0,0.007628,-0.280313,0.8125,1.1102,0.2569,2,ok
0,1658,-3.650833,1.059438,-2.348902,0.008196,0.064919,16.665105,0.199890,0.288726,0.288726,0.000000,C-06,0,0,0,1,1,0,0.009287,-0.267071,0.8125,1.0912,0.2553,2,ok
0,1659,-3.667665,1.042331,-2.348257,0.009195,0.009307,16.689604,0.200004,-0.008749,-0.008749,0.000000,C-06,0,0,0,1,1,0,0.008797,-0.260001,0.7917,1.1089,0.2593,2,ok
0,1660,-3.681596,1.028019,-2.333387,0.009464,0.024177,16.709575,0.199562,0.335881,0.335881,0.000000,C-06,0,0,0,1,1,0,0.007432,-0.288977,0.7500,1.0995,0.2520,2,ok
0,1661,-3.697933,1.010584,-2.305002,0.010241,0.052562,16.733455,0.198955,0.516379,0.516379,0.000000,C-06,0,0,0,1,1,0,0.012305,-0.299219,0.7292,0.9373,0.2533,2,ok
0,1662,-3.711253,0.995713,-2.295139,0.010357,0.006343,16.753996,0.199737,0.191084,0.191084,0.000000,C-06,0,0,0,1,1,0,0.010752,-0.291649,0.7500,0.9929,0.2510,2,ok
0,1663,-3.727125,0.977721,-2.292108,0.010513,0.009374,16.777988,0.199946,0.046918,0.046918,0.000000,,0,0,0,1,1,0,0.010735,-0.292719,0.7708,0.9876,0.2492,2,ok
0,1664,-3.742814,0.959587,-2.273378,0.010393,-0.027128,16.802552,0.199985,0.364869,0.364869,0.000000,C-06,0,0,0,1,1,0,0.005616,-0.322937,0.6875,1.0044,0.2610,2,ok
0,1665,-3.755609,0.944180,-2.250165,0.010016,-0.003915,16.822576,0.200523,0.527963,0.527963,0.000000,C-06,0,0,0,1,1,0,0.003286,-0.319535,0.7292,1.0260,0.2609,2,ok
0,1666,-3.770574,0.925221,-2.210273,0.010160,0.035977,16.846729,0.201914,0.729456,0.729456,0.000000,C-06,0,0,0,1,1,0,0.003092,-0.308066,0.7917,1.0314,0.2588,2,ok
0,1667,-3.782595,0.909020,-2.184513,0.009955,0.007912,16.867445,0.201927,0.534687,0.534687,0.000000,C-06,0,0,0,1,1,0,0.004523,-0.291140,0.8542,0.9909,0.2620,2,ok
0,1668,-3.796585,0.889192,-2.153680,0.010110,0.038744,16.891712,0.202484,0.533461,0.533461,0.000000,,0,0,0,1,1,0,0.007444,-0.278765,0.8125,0.9420,0.2608,2,ok
0,1669,-3.807763,0.872398,-2.136490,0.010475,0.003903,16.912443,0.201732,0.334499,0.334499,0.000000,C-06,0,0,0,1,1,0,0.008166,-0.254416,0.8125,0.9281,0.2640,2,ok
0,1670,-3.820745,0.852058,-2.124593,0.010459,0.015799,16.936572,0.201056,0.191910,0.191910,0.000000,,0,0,0,1,1,0,0.009706,-0.257107,0.7708,0.8680,0.2586,2,ok
0,1671,-3.831328,0.835059,-2.127815,0.010670,0.012577,16.956595,0.200020,-0.084858,-0.084858,0.000000,C-06,0,0,0,1,1,0,0.009595,-0.254664,0.7708,0.8546,0.2595,2,ok
0,1672,-3.844022,0.814764,-2.140495,0.009956,-0.050747,16.981065,0.198937,-0.224129,-0.224129,0.000000,,0,0,0,1,1,0,0.009775,-0.260491,0.7292,0.8023,0.2565,2,ok
0,1673,-3.856908,0.794479,-2.126894,0.008763,-0.037146,17.005067,0.200955,0.260637,0.260637,0.000000,C-06,0,0,0,1,1,0,-0.001795,-0.306174,0.7083,0.9582,0.2584,2,ok
0,1674,-3.867536,0.777360,-2.099731,0.007670,-0.057989,17.025570,0.202572,0.569060,0.569060,0.000000,C-06,0,0,0,1,1,0,-0.008802,-0.306068,0.7083,0.9987,0.2738,2,ok
0,1675,-3.880190,0.756419,-2.061878,0.005854,-0.020135,17.049969,0.204422,0.620172,0.620172,0.000000,,0,0,0,1,1,0,-0.006129,-0.296795,0.7292,0.9298,0.2699,2,ok
0,1676,-3.890268,0.738642,-2.031397,0.004905,0.010346,17.070381,0.204471,0.580398,0.580398,0.000000,,0,0,0,1,1,0,-0.001997,-0.277549,0.7917,0.8329,0.2701,2,ok
0,1677,-3.901672,0.716974,-1.998719,0.003554,-0.002760,17.095060,0.204135,0.507146,0.507146,0.000000,,0,0,0,1,1,0,-0.002151,-0.254030,0.7917,0.8259,0.2685,2,ok
0,1678,-3.910637,0.698677,-1.974074,0.002849,0.021885,17.115423,0.203766,0.449365,0.449365,0.000000,,0,0,0,1,1,0,-0.000523,-0.225098,0.7708,0.8020,0.2655,2,ok
0,1679,-3.920894,0.676465,-1.943826,0.002176,0.009171,17.139982,0.203934,0.456897,0.456897,0.000000,,0,0,0,1,1,0,-0.001026,-0.211062,0.7917,0.8159,0.2609,2,ok
0,1680,-3.929071,0.657743,-1.915762,0.001544,0.037235,17.160403,0.204407,0.502769,0.502769,0.000000,,0,0,0,1,1,0,-0.001026,-0.211062,0.7917,0.8159,0.2609,2,ok
0,1681,-3.937471,0.635113,-1.906285,0.002157,0.046712,17.184534,0.200946,0.114351,0.114351,0.000000,C-06,0,0,0,1,1,0,0.014219,-0.202425,0.7083,0.3641,0.2371,2,ok
0,1682,-3.945456,0.612508,-1.922445,0.002167,-0.010468,17.208600,0.199203,-0.266850,-0.266850,0.000000,C-06,0,0,0,1,1,0,0.001811,-0.188564,0.7292,0.7814,0.2653,2,ok
0,1683,-3.952094,0.593799,-1.942447,0.002118,-0.030470,17.228451,0.197892,-0.364978,-0.364978,0.000000,,0,0,0,1,1,0,0.000451,-0.217609,0.7292,0.7555,0.2555,2,ok
0,1684,-3.960672,0.571324,-1.910533,0.001034,-0.036362,17.252546,0.201710,0.546002,0.546002,0.000000,C-06,0,0,0,1,1,0,-0.009303,-0.255295,0.6875,0.8727,0.2654,2,ok
0,1685,-3.967845,0.552403,-1.891894,-0.000198,-0.017724,17.272744,0.202574,0.302954,0.302954,0.000000,C-06,0,0,0,1,1,0,-0.005812,-0.252340,0.7500,0.7857,0.2617,2,ok
0,1686,-3.976083,0.529492,-1.851611,-0.001261,0.022559,17.294782,0.203905,0.602486,0.602486,0.000000,C-06,0,0,0,1,1,0,-0.004930,-0.240082,0.7500,0.7749,0.2615,2,ok
0,1687,-3.982193,0.510228,-1.835842,-0.002214,0.002513,17.317209,0.201909,0.237797,0.237797,0.000000,C-06,0,0,0,1,1,0,-0.000391,-0.209506,0.7708,0.6595,0.2588,2,ok
0,1688,-3.989230,0.486987,-1.808590,-0.002938,0.029765,17.341482,0.202957,0.388301,0.388301,0.000000,C-06,0,0,0,1,1,0,-0.000361,-0.201544,0.7292,0.6646,0.2593,2,ok
0,1689,-3.994978,0.467493,-1.783262,-0.003802,0.021645,17.361684,0.203220,0.416222,0.416222,0.000000,,0,0,0,1,1,0,-0.000122,-0.197313,0.7292,0.6586,0.2603,2,ok
0,1690,-4.000819,0.443984,-1.763879,-0.004083,0.041028,17.385907,0.201746,0.249940,0.249940,0.000000,C-06,0,0,0,1,1,0,0.000645,-0.183486,0.7500,0.6486,0.2661,2,ok
0,1691,-4.005538,0.420422,-1.760935,-0.003464,0.010870,17.409821,0.200189,0.029880,0.029880,0.000000,C-06,0,0,0,1,1,0,0.002851,-0.174408,0.7500,0.5914,0.2608,2,ok
0,1692,-4.009332,0.400812,-1.778729,-0.003251,-0.006925,17.429793,0.199367,-0.325109,-0.325109,0.000000,C-06,0,0,0,1,1,0,0.003843,-0.183427,0.7083,0.5320,0.2582,2,ok
0,1693,-4.013876,0.377380,-1.798368,-0.003007,-0.026563,17.453661,0.198528,-0.262153,-0.262153,0.000000,,0,0,0,1,1,0,0.000349,-0.206006,0.6667,0.5590,0.2594,2,ok
0,1694,-4.018267,0.357848,-1.770601,-0.003902,-0.032531,17.473565,0.200941,0.549543,0.549543,0.000000,C-06,0,0,0,1,1,0,-0.010183,-0.234438,0.6875,0.6932,0.2647,2,ok
0,1695,-4.023579,0.334281,-1.753039,-0.005121,-0.014969,17.497693,0.201400,0.210169,0.210169,0.000000,C-06,0,0,0,1,1,0,-0.006581,-0.241683,0.7500,0.5754,0.2565,2,ok
0,1696,-4.027863,0.314573,-1.729310,-0.006222,-0.025100,17.517627,0.202037,0.391617,0.391617,0.000000,C-06,0,0,0,1,1,0,-0.004916,-0.224405,0.7500,0.5062,0.2600,2,ok
0,1697,-4.032939,0.290819,-1.697396,-0.008032,0.006814,17.541850,0.202479,0.414341,0.414341,0.000000,,0,0,0,1,1,0,-0.005145,-0.215949,0.7292,0.5034,0.2595,2,ok
0,1698,-4.036469,0.270953,-1.675795,-0.008836,0.028415,17.562011,0.201639,0.322272,0.322272,0.000000,,0,0,0,1,1,0,-0.009386,-0.188681,0.7917,0.6130,0.2641,2,ok
0,1699,-4.040409,0.247044,-1.636895,-0.010328,0.032535,17.585832,0.202222,0.498792,0.498792,0.000000,C-06,0,0,0,1,1,0,-0.009386,-0.188681,0.7917,0.6130,0.2641,2,ok
0,1700,-4.042667,0.223084,-1.622080,-0.010291,0.047350,17.609898,0.200435,0.159739,0.159739,0.000000,C-06,0,0,0,1,1,0,-0.006060,-0.147530,0.7083,0.5356,0.2590,2,ok
0,1701,-4.044298,0.203105,-1.609127,-0.010326,0.026054,17.629608,0.200454,0.190792,0.190792,0.000000,,0,0,0,1,1,0,-0.005538,-0.144663,0.7292,0.5292,0.2594,2,ok
0,1702,-4.045534,0.179119,-1.602288,-0.010058,0.032893,17.653624,0.200121,0.074501,0.074501,0.000000,,0,0,0,1,1,0,-0.005424,-0.141773,0.7083,0.5359,0.2624,2,ok
0,1703,-4.046181,0.159134,-1.617863,-0.009452,0.017318,17.673611,0.199885,-0.265335,-0.265335,0.000000,C-06,0,0,0,1,1,0,-0.006078,-0.142778,0.7083,0.5341,0.2617,2,ok
0,1704,-4.047028,0.135165,-1.625391,-0.009596,-0.022660,17.697265,0.199853,-0.079119,-0.079119,0.000000,C-06,0,0,0,1,1,0,-0.008448,-0.163013,0.6667,0.5480,0.2619,2,ok
0,1705,-4.048064,0.115184,-1.595800,-0.010075,0.006932,17.717267,0.200205,0.512341,0.512341,0.000000,C-06,0,0,0,1,1,0,-0.015300,-0.188373,0.7708,0.6461,0.2687,2,ok
0,1706,-4.049330,0.091187,-1.549686,-0.011030,0.023454,17.740989,0.200242,0.548658,0.548658,0.000000,,0,0,0,1,1,0,-0.010780,-0.172977,0.7917,0.5359,0.2580,2,ok
0,1707,-4.049491,0.071195,-1.536234,-0.011191,0.036906,17.760980,0.199885,0.160418,0.160418,0.000000,C-06,0,0,0,1,1,0,-0.009524,-0.140985,0.7917,0.5613,0.2616,2,ok
0,1708,-4.048867,0.047211,-1.531765,-0.010567,0.041376,17.781675,0.199933,0.048215,0.048215,0.000000,,0,0,0,1,1,0,-0.005756,-0.127248,0.7708,0.5103,0.2630,2,ok
0,1709,-4.048161,0.023233,-1.525729,-0.010575,0.019038,17.808674,0.199888,0.074645,0.074645,0.000000,,0,0,0,1,1,0,-0.007404,-0.126578,0.7500,0.5320,0.2595,2,ok
0,1710,-4.047556,0.003265,-1.499831,-0.010495,0.044935,17.828650,0.199610,0.423595,0.423595,0.000000,C-06,0,0,0,1,1,0,-0.008540,-0.138827,0.7083,0.5770,0.2660,2,ok
0,1711,-4.046531,-0.020658,-1.483337,-0.010560,0.035355,17.852322,0.199502,0.188507,0.188507,0.000000,C-06,0,0,0,1,1,0,-0.009815,-0.138818,0.7708,0.5935,0.2596,2,ok
0,1712,-4.045154,-0.040574,-1.475478,-0.010229,0.043214,17.872283,0.199642,0.111721,0.111721,0.000000,,0,0,0,1,1,0,-0.006615,-0.117503,0.6875,0.5772,0.2606,2,ok
0,1713,-4.042957,-0.064478,-1.488855,-0.009500,0.004966,17.896017,0.200179,-0.192855,-0.192855,0.000000,C-06,0,0,0,1,1,0,-0.007286,-0.115310,0.7083,0.6099,0.2635,2,ok
0,1714,-4.041102,-0.084418,-1.497503,-0.009229,-0.003683,17.916042,0.200318,-0.123720,-0.123720,0.000000,,0,0,0,1,1,0,-0.011365,-0.142620,0.7292,0.6638,0.2666,2,ok
0,1715,-4.039261,-0.108341,-1.481684,-0.009287,0.012136,17.940035,0.199793,0.227813,0.227813,0.000000,C-06,0,0,0,1,1,0,-0.013206,-0.155309,0.7500,0.6734,0.2616,2,ok
0,1716,-4.037751,-0.128245,-1.464464,-0.009789,0.004376,17.959774,0.199463,0.262460,0.262460,0.000000,,0,0,0,1,1,0,-0.012329,-0.153059,0.7917,0.6598,0.2620,2,ok
0,1717,-4.035832,-0.152090,-1.449587,-0.010320,0.019253,17.983690,0.199299,0.184069,0.184069,0.000000,,0,0,0,1,1,0,-0.009963,-0.145339,0.7708,0.6271,0.2647,2,ok
0,1718,-4.033718,-0.175881,-1.427961,-0.010943,0.016420,18.007337,0.198819,0.284662,0.284662,0.000000,,0,0,0,1,1,0,-0.008267,-0.139565,0.7292,0.6048,0.2660,2,ok
0,1719,-4.031837,-0.195643,-1.404476,-0.011528,0.039904,18.027179,0.198293,0.373462,0.373462,0.000000,,0,0,0,1,1,0,-0.007964,-0.140453,0.7292,0.6220,0.2638,2,ok
0,1720,-4.028230,-0.219291,-1.395450,-0.010979,0.025297,18.050798,0.199439,0.099728,0.099728,0.000000,C-06,0,0,0,1,1,0,-0.006098,-0.131817,0.7292,0.6141,0.2646,2,ok
0,1721,-4.024769,-0.238990,-1.399852,-0.010525,0.020895,18.070794,0.200138,-0.085561,-0.085561,0.000000,C-06,0,0,0,1,1,0,-0.004896,-0.129212,0.7083,0.6022,0.2660,2,ok
0,1722,-4.020583,-0.262663,-1.411291,-0.009953,0.009456,18.094827,0.200502,-0.153282,-0.153282,0.000000,,0,0,0,1,1,0,-0.006516,-0.136156,0.6458,0.6357,0.2664,2,ok
0,1723,-4.017370,-0.282408,-1.410258,-0.010088,-0.014090,18.114598,0.199995,0.029293,0.029293,0.000000,C-06,0,0,0,1,1,0,-0.010698,-0.175663,0.6458,0.7048,0.2654,2,ok
0,1724,-4.013538,-0.306065,-1.391299,-0.010428,0.004869,18.138560,0.199394,0.270273,0.270273,0.000000,C-06,0,0,0,1,1,0,-0.013128,-0.184573,0.7083,0.7484,0.2649,2,ok
0,1725,-4.010345,-0.325694,-1.363725,-0.010810,0.007497,18.158203,0.198378,0.457813,0.457813,0.000000,C-06,0,0,0,1,1,0,-0.013778,-0.178699,0.7708,0.7894,0.2647,2,ok
0,1726,-4.006112,-0.349132,-1.344904,-0.011255,0.026318,18.182015,0.198455,0.241738,0.241738,0.000000,C-06,0,0,0,1,1,0,-0.011150,-0.161911,0.7708,0.7584,0.2648,2,ok
0,1727,-4.001326,-0.372480,-1.329688,-0.011141,0.041534,18.205849,0.198606,0.206078,0.206078,0.000000,,0,0,0,1,1,0,-0.009749,-0.149067,0.7292,0.7556,0.2649,2,ok
0,1728,-3.997059,-0.391871,-1.316932,-0.011297,0.029027,18.225391,0.198524,0.211895,0.211895,0.000000,,0,0,0,1,1,0,-0.010863,-0.143675,0.7292,0.8318,0.2657,2,ok
0,1729,-3.991665,-0.415015,-1.288168,-0.011212,0.057792,18.249155,0.197339,0.416581,0.416581,0.000000,C-06,0,0,0,1,1,0,0.005042,-0.154190,0.7083,0.3521,0.2380,2,ok
0,1730,-3.986212,-0.434208,-1.284476,-0.010408,0.035264,18.268837,0.199703,0.038448,0.038448,0.000000,C-06,0,0,0,1,1,0,-0.007823,-0.151455,0.7083,0.8446,0.2643,2,ok
0,1731,-3.979438,-0.457251,-1.291141,-0.009523,0.028599,18.292839,0.200349,-0.104512,-0.104512,0.000000,,0,0,0,1,1,0,-0.007823,-0.151455,0.7083,0.8446,0.2643,2,ok
0,1732,-3.973786,-0.476507,-1.303915,-0.008793,0.015825,18.312750,0.200991,-0.225395,-0.225395,0.000000,,0,0,0,1,1,0,-0.007201,-0.174457,0.6875,0.8515,0.2620,2,ok
0,1733,-3.967400,-0.499627,-1.292388,-0.008986,-0.000800,18.336629,0.199492,0.193822,0.193822,0.000000,C-06,0,0,0,1,1,0,-0.005457,-0.211431,0.6667,0.7832,0.2519,2,ok
0,1734,-3.961999,-0.518774,-1.260128,-0.009038,0.031459,18.356523,0.198074,0.604308,0.604308,0.000000,C-06,0,0,0,1,1,0,-0.006466,-0.220425,0.7083,0.7857,0.2577,2,ok
0,1735,-3.955480,-0.541496,-1.226512,-0.009380,0.036532,18.379901,0.196404,0.479498,0.479498,0.000000,,0,0,0,1,1,0,-0.005068,-0.207369,0.7708,0.7912,0.2573,2,ok
0,1736,-3.948110,-0.563986,-1.202238,-0.009124,0.060806,18.403566,0.197284,0.350697,0.350697,0.000000,,0,0,0,1,1,0,0.000621,-0.183666,0.7917,0.7085,0.2537,2,ok
0,1737,-3.941037,-0.582623,-1.197744,-0.007992,0.065300,18.420200,0.199474,0.065290,0.065290,0.000000,C-06,0,0,0,1,1,0,0.000749,-0.176371,0.7708,0.7444,0.2582,2,ok
0,1738,-3.932397,-0.604923,-1.185994,-0.007341,0.046033,18.447112,0.198918,0.184139,0.184139,0.000000,,0,0,0,1,1,0,0.002008,-0.178325,0.7708,0.7012,0.2559,2,ok
0,1739,-3.925021,-0.623379,-1.162789,-0.006505,0.069238,18.466970,0.198010,0.452677,0.452677,0.000000,C-06,0,0,0,1,1,0,0.002110,-0.191462,0.7292,0.6916,0.2568,2,ok
0,1740,-3.915591,-0.645379,-1.157853,-0.005405,0.040192,18.490698,0.199569,0.054593,0.054593,0.000000,C-06,0,0,0,1,1,0,0.003872,-0.188756,0.7083,0.6598,0.2593,2,ok
0,1741,-3.907569,-0.663744,-1.170954,-0.004529,0.027091,18.510719,0.200908,-0.269112,-0.269112,0.000000,C-06,0,0,0,1,1,0,0.004045,-0.191272,0.7083,0.6597,0.2587,2,ok
0,1742,-3.897959,-0.685906,-1.182723,-0.003781,-0.021070,18.534723,0.201422,-0.172407,-0.172407,0.000000,,0,0,0,1,1,0,0.002327,-0.213624,0.6458,0.6413,0.2558,2,ok
0,1743,-3.890308,-0.704310,-1.149853,-0.003984,0.011800,18.554653,0.197977,0.689989,0.689989,0.000000,C-06,0,0,0,1,1,0,-0.000317,-0.243578,0.6875,0.6427,0.2548,2,ok
0,1744,-3.881080,-0.726051,-1.117952,-0.004049,0.043702,18.578271,0.196500,0.483212,0.483212,0.000000,C-06,0,0,0,1,1,0,-0.001176,-0.234461,0.7083,0.6431,0.2570,2,ok
0,1745,-3.870945,-0.747534,-1.100095,-0.003999,0.022223,18.601854,0.198079,0.269174,0.269174,0.000000,C-06,0,0,0,1,1,0,0.001323,-0.208772,0.7708,0.6184,0.2625,2,ok
0,1746,-3.862200,-0.765272,-1.080632,-0.003790,0.041686,18.621629,0.197405,0.382408,0.382408,0.000000,,0,0,0,1,1,0,0.002735,-0.207355,0.7708,0.5832,0.2614,2,ok
0,1747,-3.851320,-0.786302,-1.055307,-0.003363,0.025767,18.645166,0.197398,0.412341,0.412341,0.000000,,0,0,0,1,1,0,0.002013,-0.203301,0.7500,0.6072,0.2662,2,ok
0,1748,-3.841670,-0.803635,-1.042163,-0.002963,0.038911,18.665000,0.198511,0.245318,0.245318,0.000000,C-06,0,0,0,1,1,0,0.003372,-0.190563,0.7292,0.5731,0.2643,2,ok
0,1749,-3.829759,-0.824269,-1.027199,-0.002112,0.053875,18.688810,0.198581,0.248501,0.248501,0.000000,,0,0,0,1,1,0,0.013103,-0.189063,0.7083,0.2677,0.2448,2,ok
0,1750,-3.819465,-0.841431,-1.038022,-0.001771,0.001679,18.708729,0.200727,-0.254595,-0.254595,0.000000,C-06,0,0,0,1,1,0,0.002007,-0.181350,0.7292,0.6057,0.2652,2,ok
0,1751,-3.807095,-0.862225,-1.058416,-0.001728,-0.018715,18.732923,0.202243,-0.341005,-0.341005,0.000000,,0,0,0,1,1,0,0.000177,-0.195289,0.6667,0.5950,0.2644,2,ok
0,1752,-3.797151,-0.879588,-1.041713,-0.002175,-0.041002,18.752848,0.199190,0.390073,0.390073,0.000000,C-06,0,0,0,1,1,0,-0.007646,-0.228037,0.6250,0.6969,0.2660,2,ok
0,1753,-3.785218,-0.900156,-1.016943,-0.003330,-0.016232,18.776598,0.197754,0.413827,0.413827,0.000000,,0,0,0,1,1,0,-0.008533,-0.231114,0.7083,0.6813,0.2641,2,ok
0,1754,-3.772804,-0.920362,-0.984016,-0.003884,0.016695,18.800306,0.197437,0.570355,0.570355,0.000000,C-06,0,0,0,1,1,0,-0.008190,-0.214822,0.7708,0.6828,0.2618,2,ok
0,1755,-3.761850,-0.936920,-0.967399,-0.004285,-0.004182,18.820012,0.198703,0.326412,0.326412,0.000000,C-06,0,0,0,1,1,0,-0.004881,-0.201761,0.7708,0.6341,0.2616,2,ok
0,1756,-3.748293,-0.956565,-0.950364,-0.004451,0.012854,18.843881,0.198997,0.295741,0.295741,0.000000,,0,0,0,1,1,0,-0.003619,-0.188856,0.7292,0.6105,0.2619,2,ok
0,1757,-3.736643,-0.972716,-0.928926,-0.004358,-0.000544,18.863659,0.198776,0.468410,0.468410,0.000000,C-06,0,0,0,1,1,0,-0.001957,-0.187147,0.7292,0.5753,0.2579,2,ok
0,1758,-3.722235,-0.991787,-0.908086,-0.004247,0.020295,18.887561,0.199343,0.368562,0.368562,0.000000,,0,0,0,1,1,0,-0.002310,-0.186140,0.7292,0.5909,0.2600,2,ok
0,1759,-3.709888,-1.007461,-0.893212,-0.003752,0.035169,18.907508,0.199628,0.321578,0.321578,0.000000,,0,0,0,1,1,0,0.000884,-0.172522,0.7292,0.5592,0.2610,2,ok
0,1760,-3.694878,-1.026222,-0.903714,-0.003615,-0.007534,18.931414,0.200356,-0.230684,-0.230684,0.000000,C-06,0,0,0,1,1,0,0.000509,-0.165439,0.7292,0.5869,0.2626,2,ok
0,1761,-3.682538,-1.042029,-0.919501,-0.003865,-0.023321,18.951465,0.200766,-0.350776,-0.350776,0.000000,,0,0,0,1,1,0,-0.000496,-0.180062,0.6667,0.5591,0.2627,2,ok
0,1762,-3.667925,-1.061014,-0.903900,-0.004642,-0.038910,18.975268,0.199497,0.313348,0.313348,0.000000,C-06,0,0,0,1,1,0,-0.004483,-0.211091,0.6250,0.5951,0.2613,2,ok
0,1763,-3.652915,-1.079669,-0.876017,-0.005395,-0.011027,18.999199,0.199778,0.524216,0.524216,0.000000,C-06,0,0,0,1,1,0,-0.005833,-0.225758,0.6667,0.5836,0.2607,2,ok
0,1764,-3.639903,-1.094891,-0.847546,-0.005431,0.017444,19.019225,0.200759,0.639942,0.639942,0.000000,,0,0,0,1,1,0,-0.007134,-0.208376,0.7917,0.6234,0.2624,2,ok
0,1765,-3.623914,-1.112838,-0.837254,-0.005594,-0.002976,19.043117,0.200295,0.156475,0.156475,0.000000,C-06,0,0,0,1,1,0,-0.003436,-0.191733,0.7708,0.5715,0.2613,2,ok
0,1766,-3.610414,-1.127686,-0.821510,-0.005542,0.012768,19.063186,0.200790,0.352744,0.352744,0.000000,C-06,0,0,0,1,1,0,-0.002902,-0.181092,0.7292,0.5686,0.2646,2,ok
0,1767,-3.593865,-1.145166,-0.797870,-0.005429,0.006208,19.087085,0.200336,0.419232,0.419232,0.000000,,0,0,0,1,1,0,-0.002906,-0.176120,0.7500,0.5515,0.2604,2,ok
0,1768,-3.579776,-1.159372,-0.779929,-0.005143,0.024149,19.107091,0.199903,0.369236,0.369236,0.000000,,0,0,0,1,1,0,-0.004367,-0.166585,0.7292,0.6364,0.2657,2,ok
0,1769,-3.562672,-1.176203,-0.775620,-0.004618,-0.000306,19.130946,0.199970,0.052735,0.052735,0.000000,C-06,0,0,0,1,1,0,0.007572,-0.159865,0.7083,0.2955,0.2441,2,ok
0,1770,-3.548470,-1.190290,-0.788890,-0.004748,-0.013577,19.150950,0.199953,-0.300205,-0.300205,0.000000,C-06,0,0,0,1,1,0,-0.002346,-0.162983,0.6667,0.6320,0.2655,2,ok
0,1771,-3.531709,-1.207430,-0.806527,-0.005269,-0.031213,19.174917,0.199630,-0.307021,-0.307021,0.000000,,0,0,0,1,1,0,-0.003789,-0.182375,0.7083,0.6208,0.2634,2,ok
0,1772,-3.515149,-1.224781,-0.811330,-0.006627,-0.065075,19.198696,0.199892,-0.070518,-0.070518,0.000000,C-06,0,0,0,1,1,0,-0.003789,-0.182375,0.7083,0.6208,0.2634,2,ok
0,1773,-3.501288,-1.239235,-0.797513,-0.007865,-0.051258,19.218683,0.200243,0.318607,0.318607,0.000000,C-06,0,0,0,1,1,0,-0.010880,-0.243829,0.7500,0.6166,0.2583,2,ok
0,1774,-3.484321,-1.256199,-0.770868,-0.009061,-0.053396,19.242419,0.199634,0.467480,0.467480,0.000000,,0,0,0,1,1,0,-0.012861,-0.246938,0.7292,0.6284,0.2571,2,ok
0,1775,-3.469921,-1.269995,-0.751620,-0.009978,-0.034148,19.262340,0.199214,0.400018,0.400018,0.000000,,0,0,0,1,1,0,-0.010718,-0.237246,0.7292,0.5836,0.2563,2,ok
0,1776,-3.452349,-1.286246,-0.736540,-0.010658,-0.019067,19.286265,0.199447,0.260212,0.260212,0.000000,,0,0,0,1,1,0,-0.012488,-0.224555,0.7083,0.6366,0.2584,2,ok
0,1777,-3.437485,-1.299563,-0.720355,-0.011414,-0.032064,19.305911,0.199583,0.359898,0.359898,0.000000,,0,0,0,1,1,0,-0.001823,-0.226357,0.6875,0.2846,0.2404,2,ok
0,1778,-3.419281,-1.315179,-0.695719,-0.011865,-0.007428,19.329891,0.200125,0.462125,0.462125,0.000000,,0,0,0,1,1,0,-0.013950,-0.219818,0.7083,0.6682,0.2628,2,ok
0,1779,-3.403816,-1.327905,-0.677970,-0.012082,-0.017983,19.349556,0.200412,0.386418,0.386418,0.000000,,0,0,0,1,1,0,-0.003043,-0.215361,0.6667,0.3148,0.2398,2,ok
0,1780,-3.384967,-1.342877,-0.656818,-0.012356,0.003169,19.373626,0.200752,0.384151,0.384151,0.000000,,0,0,0,1,1,0,-0.002828,-0.198247,0.6458,0.3073,0.2428,2,ok
0,1781,-3.365863,-1.357507,-0.643922,-0.012204,0.016065,19.395134,0.200547,0.220173,0.220173,0.000000,C-06,0,0,0,1,1,0,-0.011911,-0.189018,0.6250,0.6519,0.2613,2,ok
0,1782,-3.349758,-1.369521,-0.624590,-0.012518,0.006008,19.417400,0.201363,0.424533,0.424533,0.000000,C-06,0,0,0,1,1,0,-0.011753,-0.192351,0.6458,0.6618,0.2639,2,ok
0,1783,-3.330032,-1.383617,-0.585833,-0.012312,0.044765,19.441644,0.203156,0.691515,0.691515,0.000000,C-06,0,0,0,1,1,0,-0.013523,-0.182448,0.6667,0.7346,0.2648,2,ok
0,1784,-3.313268,-1.394828,-0.569145,-0.011852,0.031563,19.461492,0.201544,0.304390,0.304390,0.000000,C-06,0,0,0,1,1,0,-0.009194,-0.166094,0.7708,0.6745,0.2616,2,ok
0,1785,-3.292982,-1.407858,-0.558791,-0.011081,0.041916,19.485590,0.200887,0.165500,0.165500,0.000000,,0,0,0,1,1,0,-0.008758,-0.149982,0.7500,0.7384,0.2653,2,ok
0,1786,-3.276030,-1.418473,-0.560673,-0.010211,0.040034,19.502464,0.199846,-0.053551,-0.053551,0.000000,C-06,0,0,0,1,1,0,-0.007576,-0.149506,0.7083,0.7450,0.2700,2,ok
0,1787,-3.255606,-1.431234,-0.543649,-0.010002,0.027940,19.529325,0.201444,0.308196,0.308196,0.000000,C-06,0,0,0,1,1,0,-0.006628,-0.163476,0.6875,0.7184,0.2635,2,ok
0,1788,-3.238377,-1.441736,-0.520779,-0.009527,0.050810,19.549497,0.202637,0.466785,0.466785,0.000000,C-06,0,0,0,1,1,0,0.004876,-0.164196,0.6458,0.3499,0.2394,2,ok
0,1789,-3.217487,-1.453834,-0.509704,-0.008935,0.031806,19.573350,0.201052,0.159710,0.159710,0.000000,C-06,0,0,0,1,1,0,-0.008045,-0.151195,0.6875,0.8226,0.2662,2,ok
0,1790,-3.196583,-1.465621,-0.518733,-0.008279,0.022777,19.597338,0.199530,-0.167869,-0.167869,0.000000,C-06,0,0,0,1,1,0,-0.006643,-0.162883,0.6250,0.8335,0.2671,2,ok
0,1791,-3.179288,-1.475516,-0.534091,-0.008056,-0.023267,19.617049,0.198661,-0.314187,-0.314187,0.000000,,0,0,0,1,1,0,-0.007764,-0.181813,0.5625,0.8654,0.2624,2,ok
0,1792,-3.158629,-1.487734,-0.532446,-0.008530,-0.021622,19.641046,0.200243,0.052561,0.052561,0.000000,C-06,0,0,0,1,1,0,0.017606,-0.229003,0.5833,0.3937,0.2050,2,ok
0,1793,-3.141319,-1.497887,-0.515237,-0.008855,-0.004413,19.661112,0.201379,0.368272,0.368272,0.000000,C-06,0,0,0,1,1,0,0.017606,-0.229003,0.5833,0.3937,0.2050,2,ok
0,1794,-3.120326,-1.509990,-0.496649,-0.009837,-0.016531,19.685005,0.202065,0.298917,0.298917,0.000000,,0,0,0,1,1,0,0.009295,-0.247945,0.6250,0.4283,0.2128,2,ok
0,1795,-3.102635,-1.519783,-0.472965,-0.010384,0.007154,19.705217,0.203037,0.469765,0.469765,0.000000,C-06,0,0,0,1,1,0,-0.006203,-0.231707,0.7083,0.7543,0.2541,2,ok
0,1796,-3.081091,-1.531414,-0.438618,-0.011132,0.009249,19.729380,0.204390,0.546476,0.546476,0.000000,,0,0,0,1,1,0,-0.007727,-0.227912,0.7083,0.7999,0.2518,2,ok
0,1797,-3.062880,-1.540558,-0.413630,-0.011454,0.034237,19.749755,0.203785,0.456904,0.456904,0.000000,,0,0,0,1,1,0,-0.006130,-0.211040,0.7500,0.7691,0.2570,2,ok
0,1798,-3.040821,-1.550636,-0.396896,-0.010945,0.050971,19.771520,0.201998,0.241940,0.241940,0.000000,C-06,0,0,0,1,1,0,-0.001708,-0.209264,0.7500,0.6999,0.2567,2,ok
0,1799,-3.018672,-1.559971,-0.394472,-0.010571,0.020484,19.797681,0.200193,0.023869,0.023869,0.000000,C-06,0,0,0,1,1,0,0.001594,-0.206412,0.7083,0.6258,0.2575,2,ok
0,1800,-3.000193,-1.567706,-0.390612,-0.010150,0.024344,19.817709,0.200446,0.072672,0.072672,0.000000,,0,0,0,1,1,0,0.001849,-0.220643,0.7083,0.6004,0.2575,2,ok
0,1801,-2.977887,-1.576900,-0.362816,-0.010113,0.019310,19.841455,0.201959,0.445149,0.445149,0.000000,C-06,0,0,0,1,1,0,0.001871,-0.239944,0.6875,0.5667,0.2560,2,ok
0,1802,-2.959096,-1.584557,-0.335562,-0.010264,0.046564,19.861745,0.203684,0.484862,0.484862,0.000000,,0,0,0,1,1,0,0.000640,-0.234180,0.7083,0.5882,0.2624,2,ok
0,1803,-2.936307,-1.593559,-0.301943,-0.010364,0.043301,19.885942,0.204233,0.485844,0.485844,0.000000,,0,0,0,1,1,0,0.002220,-0.220105,0.7292,0.5603,0.2608,2,ok
0,1804,-2.917165,-1.600060,-0.286763,-0.009912,0.058481,19.906152,0.201976,0.240217,0.240217,0.000000,C-06,0,0,0,1,1,0,0.005138,-0.192888,0.7917,0.5004,0.2643,2,ok
0,1805,-2.894088,-1.607480,-0.269253,-0.008975,0.075991,19.930375,0.201998,0.247073,0.247073,0.000000,,0,0,0,1,1,0,0.005547,-0.184347,0.7708,0.4854,0.2607,2,ok
0,1806,-2.874786,-1.613108,-0.261218,-0.008296,0.043957,19.950155,0.200978,0.125960,0.125960,0.000000,,0,0,0,1,1,0,0.004629,-0.179251,0.7500,0.4884,0.2616,2,ok
0,1807,-2.851529,-1.619588,-0.235501,-0.007266,0.069674,19.974276,0.201756,0.377921,0.377921,0.000000,C-06,0,0,0,1,1,0,0.004785,-0.181025,0.7292,0.4641,0.2638,2,ok
0,1808,-2.828146,-1.625778,-0.219493,-0.006225,0.044904,0.005995,0.201530,0.208100,0.208100,0.000000,C-06,0,0,0,1,1,0,0.006969,-0.172732,0.7083,0.3937,0.2580,2,ok
0,1809,-2.808654,-1.630230,-0.234976,-0.005414,0.029421,0.025972,0.199479,-0.299281,-0.299281,0.000000,C-06,0,0,0,1,1,0,0.007609,-0.169266,0.7083,0.3683,0.2579,2,ok
0,1810,-2.785381,-1.635518,-0.258550,-0.004420,0.005847,0.049817,0.198364,-0.327264,-0.327264,0.000000,,0,0,0,1,1,0,0.005659,-0.183974,0.6667,0.3413,0.2591,2,ok
0,1811,-2.766003,-1.640531,-0.237537,-0.004981,-0.015861,0.069612,0.200793,0.413212,0.413212,0.000000,C-06,0,0,0,1,1,0,0.002382,-0.221504,0.6458,0.3242,0.2599,2,ok
0,1812,-2.742587,-1.646600,-0.203510,-0.005863,0.018166,0.093786,0.202235,0.466142,0.466142,0.000000,,0,0,0,1,1,0,0.005070,-0.227071,0.6458,0.1681,0.2500,2,ok
0,1813,-2.722934,-1.651658,-0.167826,-0.006783,0.011310,0.113790,0.203507,0.578678,0.578678,0.000000,,0,0,0,1,1,0,-0.000172,-0.195816,0.7500,0.3286,0.2606,2,ok
0,1814,-2.699226,-1.656622,-0.145050,-0.007529,0.034086,0.138001,0.201704,0.282805,0.282805,0.000000,C-06,0,0,0,1,1,0,0.001548,-0.167523,0.7500,0.2908,0.2653,2,ok
0,1815,-2.679414,-1.660242,-0.129084,-0.007632,0.050052,0.158141,0.201341,0.244198,0.244198,0.000000,,0,0,0,1,1,0,0.002857,-0.150861,0.7500,0.2453,0.2669,2,ok
0,1816,-2.655598,-1.663764,-0.119172,-0.007662,0.021181,0.181918,0.200565,0.118002,0.118002,0.000000,,0,0,0,1,1,0,0.001175,-0.142932,0.7292,0.2838,0.2674,2,ok
0,1817,-2.631745,-1.667127,-0.101284,-0.007756,0.039069,0.206006,0.200921,0.235873,0.235873,0.000000,,0,0,0,1,1,0,0.001480,-0.128079,0.7292,0.2163,0.2632,2,ok
0,1818,-2.611836,-1.669654,-0.090383,-0.007824,0.015992,0.225808,0.200638,0.157682,0.157682,0.000000,,0,0,0,1,1,0,0.002802,-0.127928,0.7083,0.1641,0.2620,2,ok
0,1819,-2.587919,-1.672475,-0.075674,-0.008201,0.030702,0.249888,0.200676,0.184403,0.184403,0.000000,,0,0,0,1,1,0,0.001153,-0.119299,0.6875,0.2038,0.2649,2,ok
0,1820,-2.567984,-1.674076,-0.087455,-0.007770,0.018921,0.269883,0.199848,-0.216411,-0.216411,0.000000,C-06,0,0,0,1,1,0,0.001924,-0.116282,0.6875,0.1780,0.2656,2,ok
0,1821,-2.544090,-1.675931,-0.099844,-0.007842,-0.024038,0.293613,0.199615,-0.150722,-0.150722,0.000000,,0,0,0,1,1,0,0.001089,-0.116287,0.6458,0.1461,0.2653,2,ok
0,1822,-2.524182,-1.677852,-0.090601,-0.008342,-0.014795,0.313607,0.200113,0.159309,0.159309,0.000000,C-06,0,0,0,1,1,0,-0.004082,-0.142748,0.6875,0.1667,0.2650,2,ok
0,1823,-2.500255,-1.680181,-0.063885,-0.009244,-0.014551,0.337420,0.200517,0.347935,0.347935,0.000000,C-06,0,0,0,1,1,0,-0.006811,-0.138072,0.7500,0.2004,0.2660,2,ok
0,1824,-2.480283,-1.682122,-0.039409,-0.010240,0.009925,0.357462,0.200774,0.358912,0.358912,0.000000,,0,0,0,1,1,0,-0.006438,-0.132471,0.7500,0.1829,0.2680,2,ok
0,1825,-2.456299,-1.683201,-0.035743,-0.010186,0.013591,0.378785,0.200037,0.023422,0.023422,0.000000,C-06,0,0,0,1,1,0,-0.004322,-0.101985,0.7292,0.1557,0.2690,2,ok
0,1826,-2.432316,-1.684113,-0.040994,-0.010614,-0.014690,0.405217,0.199977,-0.069552,-0.069552,0.000000,,0,0,0,1,1,0,-0.003830,-0.090960,0.7292,0.1041,0.2668,2,ok
0,1827,-2.412328,-1.684934,-0.021746,-0.010980,0.004559,0.425219,0.200118,0.327095,0.327095,0.000000,C-06,0,0,0,1,1,0,-0.005451,-0.101506,0.7083,0.1043,0.2608,2,ok
0,1828,-2.388329,-1.685926,0.005534,-0.011759,0.011814,0.449015,0.200169,0.322879,0.322879,0.000000,,0,0,0,1,1,0,-0.004976,-0.097285,0.7083,0.0961,0.2670,2,ok
0,1829,-2.368332,-1.686686,0.024189,-0.012443,0.030469,0.469015,0.200042,0.261207,0.261207,0.000000,,0,0,0,1,1,0,-0.005521,-0.084362,0.6875,0.1184,0.2655,2,ok
0,1830,-2.344337,-1.686171,0.015252,-0.011994,0.003937,0.492802,0.200034,-0.131183,-0.131183,0.000000,C-06,0,0,0,1,1,0,-0.000645,-0.056361,0.6875,0.0293,0.2649,2,ok
0,1831,-2.324339,-1.685864,0.015883,-0.011955,0.004568,0.512802,0.199997,0.019771,0.019771,0.000000,C-06,0,0,0,1,1,0,-0.001492,-0.052977,0.6458,0.0210,0.2683,2,ok
0,1832,-2.300343,-1.685511,0.019058,-0.011926,0.007743,0.535804,0.199986,0.039111,0.039111,0.000000,,0,0,0,1,1,0,-0.003795,-0.059035,0.6875,0.0314,0.2679,2,ok
0,1833,-2.280348,-1.685217,0.027745,-0.012225,0.001298,0.556610,0.199947,0.130214,0.130214,0.000000,,0,0,0,1,1,0,-0.003488,-0.061336,0.7292,-0.0089,0.2676,2,ok
0,1834,-2.256361,-1.684861,0.035858,-0.012563,0.009411,0.580598,0.199899,0.095864,0.095864,0.000000,,0,0,0,1,1,0,-0.003140,-0.057900,0.7500,-0.0294,0.2683,2,ok
0,1835,-2.232381,-1.684458,0.047367,-0.013053,0.008382,0.604426,0.199814,0.142190,0.142190,0.000000,,0,0,0,1,1,0,-0.004369,-0.048007,0.7292,-0.0051,0.2680,2,ok
0,1836,-2.212407,-1.683851,0.054376,-0.013261,0.015391,0.624408,0.199825,0.099402,0.099402,0.000000,,0,0,0,1,1,0,-0.003728,-0.035514,0.7292,-0.0253,0.2679,2,ok
0,1837,-2.188444,-1.682577,0.055138,-0.013075,0.005426,0.648246,0.199994,0.002866,0.002866,0.000000,,0,0,0,1,1,0,-0.004302,-0.028587,0.6667,-0.0036,0.2667,2,ok
0,1838,-2.168473,-1.681486,0.053274,-0.013041,0.003562,0.668246,0.200013,-0.030335,-0.030335,0.000000,,0,0,0,1,1,0,-0.002732,-0.026558,0.7083,-0.0785,0.2663,2,ok
0,1839,-2.144512,-1.680209,0.060745,-0.013033,0.011033,0.690240,0.199918,0.103076,0.103076,0.000000,,0,0,0,1,1,0,-0.004225,-0.025536,0.7083,-0.0720,0.2658,2,ok
0,1840,-2.124551,-1.679138,0.064248,-0.013150,0.006092,0.712153,0.199889,0.047095,0.047095,0.000000,,0,0,0,1,1,0,-0.001600,-0.022811,0.7083,-0.1416,0.2656,2,ok
0,1841,-2.100600,-1.677639,0.063865,-0.013063,0.005709,0.736150,0.199989,-0.008418,-0.008418,0.000000,,0,0,0,1,1,0,-0.002237,-0.015679,0.7292,-0.1379,0.2667,2,ok
0,1842,-2.080643,-1.676380,0.066504,-0.013102,0.001054,0.756041,0.199957,0.043308,0.043308,0.000000,,0,0,0,1,1,0,-0.002615,-0.011298,0.8125,-0.1535,0.2706,2,ok
0,1843,-2.056701,-1.674868,0.073518,-0.013199,0.008068,0.780029,0.199862,0.089785,0.089785,0.000000,,0,0,0,1,1,0,-0.002740,-0.010302,0.7708,-0.1650,0.2681,2,ok
0,1844,-2.032774,-1.673357,0.082731,-0.013344,0.012291,0.803950,0.199721,0.116037,0.116037,0.000000,,0,0,0,1,1,0,-0.002577,0.000025,0.7708,-0.1661,0.2709,2,ok
0,1845,-2.012847,-1.671950,0.088011,-0.013358,0.017571,0.823926,0.199766,0.075672,0.075672,0.000000,,0,0,0,1,1,0,0.000532,0.007231,0.7708,-0.2424,0.2690,2,ok
0,1846,-1.988934,-1.669855,0.081159,-0.013001,0.006894,0.847849,0.200116,-0.098358,-0.098358,0.000000,C-06,0,0,0,1,1,0,-0.000041,0.018602,0.7500,-0.2361,0.2699,2,ok
0,1847,-1.968985,-1.668090,0.058122,-0.012780,-0.016143,0.867875,0.200425,-0.371048,-0.371048,0.000000,C-06,0,0,0,1,1,0,-0.000221,0.019695,0.7500,-0.2553,0.2659,2,ok
0,1848,-1.945014,-1.666037,0.041944,-0.012583,-0.032321,0.891932,0.200457,-0.184026,-0.184026,0.000000,C-06,0,0,0,1,1,0,-0.002103,0.007198,0.7292,-0.2480,0.2659,2,ok
0,1849,-1.925034,-1.665108,0.047453,-0.013209,-0.029056,0.911917,0.199969,0.106435,0.106435,0.000000,C-06,0,0,0,1,1,0,-0.004374,-0.015476,0.7083,-0.2765,0.2619,2,ok
0,1850,-1.901067,-1.664061,0.057140,-0.014029,-0.019369,0.935893,0.199869,0.118962,0.118962,0.000000,,0,0,0,1,1,0,-0.005238,-0.011327,0.7500,-0.2840,0.2607,2,ok
0,1851,-1.881103,-1.663171,0.062869,-0.014697,-0.013927,0.955863,0.199825,0.081244,0.081244,0.000000,,0,0,0,1,1,0,-0.006582,0.001308,0.7917,-0.2627,0.2607,2,ok
0,1852,-1.857154,-1.661873,0.067412,-0.015269,-0.009383,0.979841,0.199868,0.054315,0.054315,0.000000,,0,0,0,1,1,0,-0.007522,0.010764,0.7708,-0.2477,0.2615,2,ok
0,1853,-1.833216,-1.660507,0.076926,-0.015775,0.000998,1.003807,0.199740,0.122488,0.122488,0.000000,,0,0,0,1,1,0,-0.008400,0.023660,0.7708,-0.2276,0.2614,2,ok
0,1854,-1.813278,-1.659119,0.080131,-0.015951,0.004202,1.023793,0.199869,0.044546,0.044546,0.000000,,0,0,0,1,1,0,-0.010491,0.038596,0.7708,-0.1594,0.2637,2,ok
0,1855,-1.789348,-1.657211,0.072697,-0.015894,-0.000248,1.047889,0.200107,-0.102148,-0.102148,0.000000,,0,0,0,1,1,0,-0.010330,0.050351,0.7292,-0.1482,0.2652,2,ok
0,1856,-1.769388,-1.655611,0.049590,-0.015747,-0.023356,1.067913,0.200380,-0.372591,-0.372591,0.000000,C-06,0,0,0,1,1,0,-0.012173,0.057075,0.7500,-0.1022,0.2658,2,ok
0,1857,-1.745405,-1.653691,0.025057,-0.015572,-0.047888,1.091972,0.200570,-0.290564,-0.290564,0.000000,,0,0,0,1,1,0,-0.014005,0.048320,0.7292,-0.0869,0.2667,2,ok
0,1858,-1.725411,-1.653146,0.026087,-0.016484,-0.043058,1.111948,0.199991,0.032882,0.032882,0.000000,C-06,0,0,0,1,1,0,-0.018068,0.022786,0.7083,-0.0485,0.2682,2,ok
0,1859,-1.701422,-1.652566,0.032685,-0.017652,-0.036459,1.135916,0.199954,0.080997,0.080997,0.000000,,0,0,0,1,1,0,-0.017846,0.022521,0.7500,-0.0533,0.2684,2,ok
0,1860,-1.681434,-1.652082,0.039162,-0.018488,-0.024148,1.156070,0.199908,0.094709,0.094709,0.000000,,0,0,0,1,1,0,-0.017551,0.028526,0.7917,-0.0359,0.2672,2,ok
0,1861,-1.657455,-1.651316,0.043062,-0.019232,-0.020248,1.180051,0.199932,0.043792,0.043792,0.000000,,0,0,0,1,1,0,-0.016469,0.029500,0.7917,-0.0492,0.2665,2,ok
0,1862,-1.633481,-1.650492,0.050513,-0.019867,-0.006125,1.204107,0.199867,0.093598,0.093598,0.000000,,0,0,0,1,1,0,-0.014325,0.040548,0.7500,-0.0375,0.2679,2,ok
0,1863,-1.613509,-1.649718,0.055413,-0.020273,-0.001225,1.224090,0.199864,0.070832,0.070832,0.000000,,0,0,0,1,1,0,-0.012955,0.047362,0.7708,-0.0397,0.2670,2,ok
0,1864,-1.589542,-1.648401,0.048562,-0.020298,0.001958,1.248293,0.200071,-0.094615,-0.094615,0.000000,C-06,0,0,0,1,1,0,-0.010988,0.051380,0.7292,-0.0572,0.2676,2,ok
0,1865,-1.569557,-1.647287,0.023322,-0.020167,-0.023282,1.268309,0.200248,-0.401130,-0.401130,0.000000,C-06,0,0,0,1,1,0,-0.010783,0.049924,0.7083,-0.0400,0.2671,2,ok
0,1866,-1.545559,-1.645950,0.000242,-0.020010,-0.046362,1.289582,0.200310,-0.266980,-0.266980,0.000000,,0,0,0,1,1,0,-0.012092,0.034797,0.7083,-0.0271,0.2679,2,ok
0,1867,-1.525559,-1.645888,0.003633,-0.020705,-0.032855,1.312529,0.199999,0.075158,0.075158,0.000000,C-06,0,0,0,1,1,0,-0.014215,0.001145,0.7500,-0.0342,0.2676,2,ok
0,1868,-1.501560,-1.645916,0.016026,-0.021673,-0.020462,1.336508,0.199976,0.152576,0.152576,0.000000,,0,0,0,1,1,0,-0.014344,-0.002078,0.7292,-0.0383,0.2671,2,ok
0,1869,-1.481564,-1.645930,0.023761,-0.022163,-0.000928,1.356857,0.199946,0.107570,0.107570,0.000000,,0,0,0,1,1,0,-0.013134,0.009994,0.7917,-0.0306,0.2670,2,ok
0,1870,-1.457572,-1.645475,0.026278,-0.022254,0.001589,1.380853,0.199975,0.025996,0.025996,0.000000,,0,0,0,1,1,0,-0.011758,0.017607,0.8125,-0.0343,0.2679,2,ok
0,1871,-1.433582,-1.644971,0.033136,-0.022103,0.018275,1.405078,0.199937,0.086153,0.086153,0.000000,,0,0,0,1,1,0,-0.010500,0.023913,0.7500,-0.0403,0.2666,2,ok
0,1872,-1.413595,-1.644544,0.038465,-0.021923,0.023604,1.425069,0.199905,0.076338,0.076338,0.000000,,0,0,0,1,1,0,-0.009242,0.027664,0.7708,-0.0492,0.2667,2,ok
0,1873,-1.389608,-1.643637,0.026492,-0.021137,0.019478,1.449327,0.200077,-0.164184,-0.164184,0.000000,C-06,0,0,0,1,1,0,-0.008707,0.034527,0.7292,-0.0313,0.2665,2,ok
0,1874,-1.369611,-1.642859,0.001268,-0.020359,-0.005746,1.469324,0.200150,-0.387174,-0.387174,0.000000,C-06,0,0,0,1,1,0,-0.007617,0.029194,0.7500,-0.0539,0.2673,2,ok
0,1875,-1.345613,-1.641940,-0.022014,-0.019440,-0.024483,1.493322,0.200076,-0.267955,-0.267955,0.000000,,0,0,0,1,1,0,-0.008058,0.024614,0.6875,-0.0495,0.2671,2,ok
0,1876,-1.325617,-1.642298,-0.014980,-0.019798,-0.017449,1.513318,0.200027,0.139757,0.139757,0.000000,C-06,0,0,0,1,1,0,-0.012206,-0.019134,0.7500,-0.0478,0.2665,2,ok
0,1877,-1.301618,-1.642840,0.001208,-0.020340,-0.001261,1.534435,0.200051,0.195381,0.195381,0.000000,,0,0,0,1,1,0,-0.012477,-0.020219,0.7708,-0.0429,0.2669,2,ok
0,1878,-1.281618,-1.643177,0.009078,-0.020677,0.009078,1.557317,0.200010,0.104241,0.104241,0.000000,,0,0,0,1,1,0,-0.011413,-0.007114,0.8125,-0.0383,0.2678,2,ok
0,1879,-1.257620,-1.643182,0.013806,-0.020682,0.013806,1.581316,0.199982,0.052651,0.052651,0.000000,,0,0,0,1,1,0,-0.010857,0.003542,0.7917,-0.0304,0.2678,2,ok
0,1880,-1.233623,-1.643015,0.017255,-0.020515,0.017255,1.605313,0.199978,0.040307,0.040307,0.000000,,0,0,0,1,1,0,-0.009446,0.011377,0.7708,-0.0470,0.2670,2,ok
0,1881,-1.213626,-1.642819,0.020287,-0.020319,0.020287,1.625309,0.199972,0.043605,0.043605,0.000000,,0,0,0,1,1,0,-0.008976,0.013838,0.7500,-0.0432,0.2675,2,ok
0,1882,-1.189631,-1.642372,0.016722,-0.019872,0.016722,1.649305,0.200008,-0.049123,-0.049123,0.000000,,0,0,0,1,1,0,-0.008709,0.015591,0.7292,-0.0409,0.2659,2,ok
0,1883,-1.169632,-1.641990,0.004835,-0.019490,0.004835,1.669303,0.200033,-0.182195,-0.182195,0.000000,,0,0,0,1,1,0,-0.007931,0.017156,0.7500,-0.0541,0.2674,2,ok
0,1884,-1.145633,-1.641873,0.009041,-0.019373,0.009041,1.693303,0.199994,0.065075,0.065075,0.000000,C-06,0,0,0,1,1,0,-0.008771,0.009759,0.7292,-0.0438,0.2662,2,ok
0,1885,-1.125634,-1.641793,0.012145,-0.019293,0.012145,1.713302,0.199987,0.042588,0.042588,0.000000,,0,0,0,1,1,0,-0.008637,0.006543,0.7292,-0.0503,0.2657,2,ok
0,1886,-1.101635,-1.641537,0.007708,-0.019037,0.007708,1.734735,0.200006,-0.059148,-0.059148,0.000000,,0,0,0,1,1,0,-0.007478,0.007528,0.7500,-0.0631,0.2659,2,ok
0,1887,-1.081636,-1.641383,0.008100,-0.018883,0.008100,1.757300,0.199999,0.009066,0.009066,0.000000,,0,0,0,1,1,0,-0.008535,0.006198,0.7917,-0.0418,0.2666,2,ok
0,1888,-1.057637,-1.641203,0.013044,-0.018703,0.013044,1.781299,0.199989,0.061900,0.061900,0.000000,,0,0,0,1,1,0,-0.008535,0.006198,0.7917,-0.0418,0.2666,2,ok
0,1889,-1.033640,-1.641023,0.019926,-0.018523,0.019926,1.805295,0.199967,0.083156,0.083156,0.000000,,0,0,0,1,1,0,-0.007713,0.009312,0.7708,-0.0450,0.2671,2,ok
0,1890,-1.013645,-1.640785,0.023317,-0.018285,0.023317,1.825291,0.199965,0.046006,0.046006,0.000000,,0,0,0,1,1,0,-0.006991,0.015047,0.7500,-0.0407,0.2669,2,ok
0,1891,-0.989649,-1.640252,0.012267,-0.017752,0.012267,1.849286,0.200035,-0.146154,-0.146154,0.000000,C-06,0,0,0,1,1,0,-0.005965,0.018969,0.7500,-0.0455,0.2665,2,ok
0,1892,-0.969650,-1.639798,-0.009307,-0.017298,-0.009307,1.869286,0.200045,-0.320723,-0.320723,0.000000,C-06,0,0,0,1,1,0,-0.006327,0.013914,0.7083,-0.0448,0.2664,2,ok
0,1893,-0.945651,-1.639884,-0.013540,-0.017384,-0.013540,1.893284,0.199986,-0.032812,-0.032812,0.000000,C-06,0,0,0,1,1,0,-0.007825,-0.001100,0.7083,-0.0427,0.2654,2,ok
0,1894,-0.925652,-1.640115,-0.004564,-0.017615,-0.004564,1.913283,0.200012,0.143641,0.143641,0.000000,C-06,0,0,0,1,1,0,-0.008808,-0.015302,0.7500,-0.0589,0.2663,2,ok
0,1895,-0.901652,-1.640402,0.005038,-0.017902,0.005038,1.934935,0.200012,0.111882,0.111882,0.000000,,0,0,0,1,1,0,-0.009100,-0.009516,0.7708,-0.0354,0.2680,2,ok
0,1896,-0.881653,-1.640541,0.010095,-0.018041,0.010095,1.957282,0.199992,0.068296,0.068296,0.000000,,0,0,0,1,1,0,-0.008257,0.000218,0.7917,-0.0369,0.2682,2,ok
0,1897,-0.857655,-1.640446,0.013205,-0.017946,0.013205,1.981281,0.199986,0.034655,0.034655,0.000000,,0,0,0,1,1,0,-0.007526,0.003774,0.7917,-0.0422,0.2677,2,ok
0,1898,-0.833658,-1.640299,0.019611,-0.017799,0.019611,2.005278,0.199966,0.079367,0.079367,0.000000,,0,0,0,1,1,0,-0.006852,0.010412,0.7500,-0.0387,0.2674,2,ok
0,1899,-0.813662,-1.640044,0.022488,-0.017544,0.022488,2.025273,0.199971,0.038337,0.038337,0.000000,,0,0,0,1,1,0,-0.006690,0.016041,0.7292,-0.0204,0.2694,2,ok
0,1900,-0.789665,-1.639532,0.006305,-0.017032,0.006305,2.049270,0.200042,-0.211405,-0.211405,0.000000,C-06,0,0,0,1,1,0,-0.005498,0.020669,0.7500,-0.0427,0.2675,2,ok
0,1901,-0.769667,-1.639098,-0.022184,-0.016598,-0.022184,2.069269,0.200005,-0.424561,-0.424561,0.000000,C-06,0,0,0,1,1,0,-0.005415,0.020185,0.7500,-0.0409,0.2665,2,ok
0,1902,-0.745673,-1.639557,-0.020653,-0.017057,-0.020653,2.093263,0.200007,0.053335,0.053335,0.000000,C-06,0,0,0,1,1,0,-0.008399,-0.009119,0.7083,-0.0377,0.2673,2,ok
0,1903,-0.725676,-1.640004,-0.011037,-0.017504,-0.011037,2.113260,0.200037,0.144687,0.144687,0.000000,,0,0,0,1,1,0,-0.009800,-0.023546,0.7500,-0.0491,0.2677,2,ok
0,1904,-0.701676,-1.640542,-0.000778,-0.018042,-0.000778,2.135135,0.200050,0.120010,0.120010,0.000000,,0,0,0,1,1,0,-0.009168,-0.017375,0.7917,-0.0552,0.2669,2,ok
0,1905,-0.681676,-1.640844,0.005082,-0.018344,0.005082,2.157259,0.200013,0.080101,0.080101,0.000000,,0,0,0,1,1,0,-0.009390,-0.005687,0.7917,-0.0288,0.2672,2,ok
0,1906,-0.657677,-1.640873,0.008288,-0.018373,0.008288,2.181259,0.199993,0.035678,0.035678,0.000000,,0,0,0,1,1,0,-0.008659,0.000787,0.7917,-0.0384,0.2672,2,ok
0,1907,-0.633678,-1.640851,0.014481,-0.018351,0.014481,2.205257,0.199980,0.075905,0.075905,0.000000,,0,0,0,1,1,0,-0.008242,0.008836,0.7708,-0.0323,0.2675,2,ok
0,1908,-0.613681,-1.640775,0.018867,-0.018275,0.018867,2.225254,0.199969,0.061505,0.061505,0.000000,,0,0,0,1,1,0,-0.007331,0.010621,0.7500,-0.0411,0.2674,2,ok
0,1909,-0.589684,-1.640339,0.010546,-0.017839,0.010546,2.249251,0.200024,-0.111109,-0.111109,0.000000,C-06,0,0,0,1,1,0,-0.006613,0.013803,0.7500,-0.0477,0.2667,2,ok
0,1910,-0.569684,-1.639961,-0.007882,-0.017461,-0.007882,2.269251,0.200031,-0.278519,-0.278519,0.000000,C-06,0,0,0,1,1,0,-0.006791,0.016397,0.7500,-0.0329,0.2673,2,ok
0,1911,-0.545685,-1.640140,-0.005727,-0.017640,-0.005727,2.293250,0.200005,0.042927,0.042927,0.000000,C-06,0,0,0,1,1,0,-0.008170,-0.000029,0.7292,-0.0338,0.2664,2,ok
0,1912,-0.525685,-1.640320,0.001278,-0.017820,0.001278,2.313250,0.200008,0.103710,0.103710,0.000000,,0,0,0,1,1,0,-0.008566,-0.010393,0.7500,-0.0494,0.2667,2,ok
0,1913,-0.501685,-1.640391,0.003830,-0.017891,0.003830,2.335435,0.199999,0.025537,0.025537,0.000000,,0,0,0,1,1,0,-0.008834,-0.001416,0.7708,-0.0287,0.2676,2,ok
0,1914,-0.481686,-1.640421,0.007711,-0.017921,0.007711,2.357250,0.199995,0.057273,0.057273,0.000000,,0,0,0,1,1,0,-0.008378,0.000085,0.7917,-0.0342,0.2660,2,ok
0,1915,-0.457687,-1.640456,0.013845,-0.017956,0.013845,2.381248,0.199982,0.073409,0.073409,0.000000,,0,0,0,1,1,0,-0.007805,0.002145,0.7917,-0.0391,0.2675,2,ok
0,1916,-0.433691,-1.640454,0.020995,-0.017954,0.020995,2.405245,0.199958,0.086003,0.086003,0.000000,,0,0,0,1,1,0,-0.007165,0.013084,0.7500,-0.0307,0.2681,2,ok
0,1917,-0.413696,-1.640181,0.023999,-0.017681,0.023999,2.425240,0.199968,0.039352,0.039352,0.000000,,0,0,0,1,1,0,-0.006128,0.015801,0.7708,-0.0450,0.2667,2,ok
0,1918,-0.389699,-1.639630,0.007162,-0.017130,0.007162,2.449236,0.200048,-0.222875,-0.222875,0.000000,C-06,0,0,0,1,1,0,-0.005472,0.019890,0.7292,-0.0446,0.2658,2,ok
0,1919,-0.369700,-1.639163,-0.016270,-0.016663,-0.016270,2.469235,0.200032,-0.344133,-0.344133,0.000000,,0,0,0,1,1,0,-0.006049,0.011307,0.7083,-0.0426,0.2667,2,ok
0,1920,-0.345704,-1.639533,-0.016745,-0.017033,-0.016745,2.493232,0.200003,0.013557,0.013557,0.000000,C-06,0,0,0,1,1,0,-0.008396,-0.006079,0.7083,-0.0329,0.2666,2,ok
0,1921,-0.325705,-1.639888,-0.006611,-0.017388,-0.006611,2.513230,0.200026,0.155584,0.155584,0.000000,,0,0,0,1,1,0,-0.009744,-0.019140,0.7500,-0.0394,0.2679,2,ok
0,1922,-0.301705,-1.640314,0.003798,-0.017814,0.003798,2.535635,0.200030,0.120715,0.120715,0.000000,,0,0,0,1,1,0,-0.008675,-0.012988,0.7708,-0.0502,0.2665,2,ok
0,1923,-0.281706,-1.640497,0.009148,-0.017997,0.009148,2.557230,0.199996,0.072513,0.072513,0.000000,,0,0,0,1,1,0,-0.007730,-0.002949,0.8125,-0.0497,0.2674,2,ok
0,1924,-0.257707,-1.640409,0.011946,-0.017909,0.011946,2.581228,0.199989,0.030363,0.030363,0.000000,,0,0,0,1,1,0,-0.007673,0.005314,0.7917,-0.0396,0.2666,2,ok
0,1925,-0.233710,-1.640272,0.018463,-0.017772,0.018463,2.605226,0.199970,0.081070,0.081070,0.000000,,0,0,0,1,1,0,-0.006966,0.008967,0.7708,-0.0450,0.2676,2,ok
0,1926,-0.213714,-1.640065,0.021896,-0.017565,0.021896,2.625221,0.199967,0.046370,0.046370,0.000000,,0,0,0,1,1,0,-0.006024,0.013492,0.7500,-0.0485,0.2664,2,ok
0,1927,-0.189717,-1.639564,0.007901,-0.017064,0.007901,2.649218,0.200039,-0.187274,-0.187274,0.000000,C-06,0,0,0,1,1,0,-0.005325,0.016699,0.7292,-0.0515,0.2656,2,ok
0,1928,-0.169718,-1.639134,-0.013823,-0.016634,-0.013823,2.669218,0.200030,-0.322762,-0.322762,0.000000,,0,0,0,1,1,0,-0.006213,0.012079,0.7083,-0.0355,0.2676,2,ok
0,1929,-0.145721,-1.639413,-0.016057,-0.016913,-0.016057,2.693215,0.199994,-0.010080,-0.010080,0.000000,C-06,0,0,0,1,1,0,-0.007790,-0.003161,0.7292,-0.0416,0.2672,2,ok
0,1930,-0.125722,-1.639693,-0.006470,-0.017193,-0.006470,2.713213,0.200015,0.151487,0.151487,0.000000,C-06,0,0,0,1,1,0,-0.009669,-0.016579,0.7292,-0.0360,0.2665,2,ok
0,1931,-0.101722,-1.640029,0.003394,-0.017529,0.003394,2.735935,0.200019,0.114133,0.114133,0.000000,,0,0,0,1,1,0,-0.009133,-0.009517,0.7500,-0.0375,0.2664,2,ok
0,1932,-0.081723,-1.640212,0.008632,-0.017712,0.008632,2.757213,0.199997,0.071293,0.071293,0.000000,,0,0,0,1,1,0,-0.007764,-0.003509,0.8125,-0.0482,0.2673,2,ok
0,1933,-0.057724,-1.640149,0.011686,-0.017649,0.011686,2.781212,0.199989,0.034023,0.034023,0.000000,,0,0,0,1,1,0,-0.007950,0.002767,0.7708,-0.0318,0.2676,2,ok
0,1934,-0.033727,-1.640036,0.017980,-0.017536,0.017980,2.805209,0.199971,0.077485,0.077485,0.000000,,0,0,0,1,1,0,-0.006528,0.006981,0.7708,-0.0482,0.2671,2,ok
0,1935,-0.013731,-1.639898,0.022534,-0.017398,0.022534,2.825205,0.199958,0.064296,0.064296,0.000000,,0,0,0,1,1,0,-0.006367,0.009999,0.7500,-0.0446,0.2663,2,ok
0,1936,0.010265,-1.639371,0.011529,-0.016871,0.011529,2.849201,0.200038,-0.148820,-0.148820,0.000000,C-06,0,0,0,1,1,0,-0.005406,0.020232,0.7292,-0.0395,0.2666,2,ok
0,1937,0.030265,-1.638913,-0.011504,-0.016413,-0.011504,2.869200,0.200042,-0.348453,-0.348453,0.000000,C-06,0,0,0,1,1,0,-0.005991,0.013422,0.7292,-0.0346,0.2675,2,ok
0,1938,0.054259,-1.638396,-0.031227,-0.015896,-0.031227,2.893194,0.199935,-0.227397,-0.227397,0.000000,,0,0,0,1,1,0,-0.005611,0.007931,0.6875,-0.0538,0.2672,2,ok
0,1939,0.074251,-1.638961,-0.024475,-0.016461,-0.024475,2.913186,0.200038,0.126857,0.126857,0.000000,C-06,0,0,0,1,1,0,-0.007456,-0.015066,0.6875,-0.0607,0.2643,2,ok
0,1940,0.098246,-1.639722,-0.011554,-0.017222,-0.011554,2.936135,0.200086,0.155651,0.155651,0.000000,,0,0,0,1,1,0,-0.010402,-0.028405,0.7708,-0.0366,0.2673,2,ok
0,1941,0.118246,-1.640356,-0.001049,-0.017856,-0.001049,2.957181,0.200100,0.148458,0.148458,0.000000,,0,0,0,1,1,0,-0.009429,-0.018956,0.7917,-0.0448,0.2663,2,ok
0,1942,0.142246,-1.640792,0.007588,-0.018292,0.007588,2.981181,0.200013,0.098556,0.098556,0.000000,,0,0,0,1,1,0,-0.009045,-0.007134,0.7917,-0.0387,0.2656,2,ok
0,1943,0.166245,-1.640800,0.011621,-0.018300,0.011621,3.005180,0.199987,0.044641,0.044641,0.000000,,0,0,0,1,1,0,-0.007870,0.003691,0.7708,-0.0470,0.2665,2,ok
0,1944,0.186243,-1.640629,0.012881,-0.018129,0.012881,3.025179,0.199993,0.015936,0.015936,0.000000,,0,0,0,1,1,0,-0.008022,0.008386,0.7500,-0.0302,0.2665,2,ok
0,1945,0.210242,-1.640388,0.008623,-0.017888,0.008623,3.049177,0.200002,-0.054434,-0.054434,0.000000,,0,0,0,1,1,0,-0.007234,0.010182,0.7500,-0.0428,0.2674,2,ok
0,1946,0.230241,-1.640186,-0.001626,-0.017686,-0.001626,3.069177,0.200010,-0.154391,-0.154391,0.000000,,0,0,0,1,1,0,-0.007016,0.007602,0.7083,-0.0514,0.2670,2,ok
0,1947,0.254241,-1.640225,0.002190,-0.017725,0.002190,3.093177,0.200000,0.054308,0.054308,0.000000,C-06,0,0,0,1,1,0,-0.007794,0.001336,0.7083,-0.0442,0.2684,2,ok
0,1948,0.274241,-1.640268,0.004501,-0.017768,0.004501,3.113177,0.199999,0.030831,0.030831,0.000000,,0,0,0,1,1,0,-0.008116,-0.001022,0.7292,-0.0449,0.2681,2,ok
0,1949,0.298241,-1.640169,0.004592,-0.017669,0.004592,3.136335,0.200000,-0.000769,-0.000769,0.000000,,0,0,0,1,1,0,-0.007896,0.000525,0.7292,-0.0418,0.2671,2,ok
0,1950,0.318241,-1.640079,0.004496,-0.017579,0.004496,3.157176,0.200000,-0.001420,-0.001420,0.000000,,0,0,0,1,1,0,-0.007675,0.002896,0.8125,-0.0457,0.2656,2,ok
0,1951,0.342240,-1.639972,0.007659,-0.017472,0.007659,3.181176,0.199996,0.039894,0.039894,0.000000,,0,0,0,1,1,0,-0.007362,0.001604,0.7917,-0.0498,0.2667,2,ok
0,1952,0.366239,-1.639864,0.014762,-0.017364,0.014762,3.205174,0.199981,0.087155,0.087155,0.000000,,0,0,0,1,1,0,-0.007647,0.006539,0.7500,-0.0282,0.2666,2,ok
0,1953,0.386236,-1.639774,0.021087,-0.017274,0.021087,3.225171,0.199959,0.090659,0.090659,0.000000,,0,0,0,1,1,0,-0.007647,0.006539,0.7500,-0.0282,0.2666,2,ok
0,1954,0.410232,-1.639277,0.012854,-0.016777,0.012854,3.249167,0.200028,-0.108372,-0.108372,0.000000,C-06,0,0,0,1,1,0,-0.005665,0.016690,0.7500,-0.0370,0.2678,2,ok
0,1955,0.430231,-1.638849,-0.004956,-0.016349,-0.004956,3.269167,0.200044,-0.265395,-0.265395,0.000000,C-06,0,0,0,1,1,0,-0.005803,0.013903,0.7292,-0.0349,0.2675,2,ok
0,1956,0.454230,-1.638567,-0.014520,-0.016067,-0.014520,3.293166,0.199985,-0.102174,-0.102174,0.000000,C-06,0,0,0,1,1,0,-0.006745,0.001616,0.7083,-0.0417,0.2667,2,ok
0,1957,0.474229,-1.638822,-0.005914,-0.016322,-0.005914,3.313164,0.200017,0.146762,0.146762,0.000000,C-06,0,0,0,1,1,0,-0.008374,-0.015463,0.7292,-0.0367,0.2661,2,ok
0,1958,0.498229,-1.639168,0.001968,-0.016668,0.001968,3.336635,0.200020,0.089589,0.089589,0.000000,,0,0,0,1,1,0,-0.008270,-0.009891,0.7500,-0.0302,0.2677,2,ok
0,1959,0.518228,-1.639362,0.006726,-0.016862,0.006726,3.357164,0.200001,0.065731,0.065731,0.000000,,0,0,0,1,1,0,-0.007402,-0.002725,0.7917,-0.0365,0.2673,2,ok
0,1960,0.542227,-1.639436,0.011654,-0.016936,0.011654,3.381163,0.199987,0.057913,0.057913,0.000000,,0,0,0,1,1,0,-0.006395,0.000494,0.7917,-0.0509,0.2657,2,ok
0,1961,0.566225,-1.639425,0.017569,-0.016925,0.017569,3.405160,0.199971,0.070969,0.070969,0.000000,,0,0,0,1,1,0,-0.006318,0.008521,0.7708,-0.0328,0.2681,2,ok
0,1962,0.586221,-1.639192,0.019990,-0.016692,0.019990,3.425157,0.199978,0.031899,0.031899,0.000000,,0,0,0,1,1,0,-0.005851,0.013784,0.7500,-0.0305,0.2682,2,ok
0,1963,0.610219,-1.638748,0.003074,-0.016248,0.003074,3.449155,0.200034,-0.222724,-0.222724,0.000000,C-06,0,0,0,1,1,0,-0.004788,0.018970,0.7292,-0.0457,0.2662,2,ok
0,1964,0.630218,-1.638372,-0.019657,-0.015872,-0.019657,3.469154,0.200001,-0.333397,-0.333397,0.000000,,0,0,0,1,1,0,-0.005465,0.007121,0.7292,-0.0470,0.2657,2,ok
0,1965,0.654213,-1.638818,-0.019937,-0.016318,-0.019937,3.493148,0.200006,0.021725,0.021725,0.000000,C-06,0,0,0,1,1,0,-0.007515,-0.011082,0.7292,-0.0467,0.2673,2,ok
0,1966,0.674210,-1.639247,-0.010113,-0.016747,-0.010113,3.513146,0.200035,0.153039,0.153039,0.000000,,0,0,0,1,1,0,-0.009674,-0.023076,0.7292,-0.0340,0.2669,2,ok
0,1967,0.698210,-1.639762,-0.000115,-0.017262,-0.000115,3.536835,0.200046,0.115589,0.115589,0.000000,,0,0,0,1,1,0,-0.009339,-0.012858,0.7500,-0.0299,0.2678,2,ok
0,1968,0.718210,-1.640030,0.005278,-0.017530,0.005278,3.557145,0.200009,0.074245,0.074245,0.000000,,0,0,0,1,1,0,-0.008391,-0.006060,0.7917,-0.0355,0.2662,2,ok
0,1969,0.742209,-1.640011,0.007575,-0.017511,0.007575,3.581145,0.199995,0.024230,0.024230,0.000000,,0,0,0,1,1,0,-0.007673,0.001019,0.7917,-0.0351,0.2672,2,ok
0,1970,0.766208,-1.639949,0.015082,-0.017449,0.015082,3.605143,0.199979,0.093516,0.093516,0.000000,,0,0,0,1,1,0,-0.007569,0.003890,0.7500,-0.0253,0.2671,2,ok
0,1971,0.786205,-1.639868,0.019761,-0.017368,0.019761,3.625140,0.199966,0.064873,0.064873,0.000000,,0,0,0,1,1,0,-0.006356,0.010060,0.7292,-0.0428,0.2664,2,ok
0,1972,0.810202,-1.639404,0.008536,-0.016904,0.008536,3.649137,0.200032,-0.147567,-0.147567,0.000000,C-06,0,0,0,1,1,0,-0.005926,0.017110,0.7083,-0.0351,0.2650,2,ok
0,1973,0.830202,-1.639003,-0.011576,-0.016503,-0.011576,3.669137,0.200029,-0.302398,-0.302398,0.000000,C-06,0,0,0,1,1,0,-0.006480,0.012887,0.7083,-0.0279,0.2674,2,ok
0,1974,0.854199,-1.639104,-0.016670,-0.016604,-0.016670,3.693134,0.199978,-0.042820,-0.042820,0.000000,C-06,0,0,0,1,1,0,-0.007724,-0.001266,0.6875,-0.0365,0.2674,2,ok
0,1975,0.874197,-1.639408,-0.008297,-0.016908,-0.008297,3.713133,0.200017,0.133148,0.133148,0.000000,C-06,0,0,0,1,1,0,-0.009938,-0.017637,0.6875,-0.0192,0.2666,2,ok
0,1976,0.898197,-1.639784,0.003820,-0.017284,0.003820,3.737133,0.200023,0.143658,0.143658,0.000000,,0,0,0,1,1,0,-0.008891,-0.019499,0.7083,-0.0483,0.2663,2,ok
0,1977,0.918196,-1.640097,0.013981,-0.017597,0.013981,3.757132,0.200006,0.144440,0.144440,0.000000,,0,0,0,1,1,0,-0.008891,-0.019499,0.7083,-0.0483,0.2663,2,ok
0,1978,0.942191,-1.640285,0.025171,-0.017785,0.025171,3.781127,0.199946,0.078507,0.078507,0.000000,,0,0,0,1,1,0,-0.006946,0.008851,0.7500,-0.0432,0.2657,2,ok
0,1979,0.966183,-1.639782,0.027365,-0.017282,0.027365,3.805118,0.199976,0.023054,0.023054,0.000000,,0,0,0,1,1,0,-0.004549,0.021367,0.7292,-0.0741,0.2687,2,ok
0,1980,0.986174,-1.639328,0.031861,-0.016828,0.031861,3.825110,0.199952,0.068110,0.068110,0.000000,,0,0,0,1,1,0,-0.002928,0.023408,0.7500,-0.1092,0.2696,2,ok
0,1981,1.010167,-1.638570,0.012537,-0.016070,0.012537,3.849103,0.200085,-0.263011,-0.263011,0.000000,C-06,0,0,0,1,1,0,-0.000900,0.027148,0.7083,-0.1466,0.2708,2,ok
0,1982,1.030166,-1.637926,-0.021729,-0.015426,-0.021729,3.869101,0.200065,-0.514265,-0.514265,0.000000,C-06,0,0,0,1,1,0,-0.001663,0.019044,0.6667,-0.1504,0.2713,2,ok
0,1983,1.054152,-1.637456,-0.044579,-0.014956,-0.044579,3.893087,0.199818,-0.259499,-0.259499,0.000000,C-06,0,0,0,1,1,0,-0.002070,0.009663,0.6250,-0.1677,0.2705,2,ok
0,1984,1.074135,-1.638259,-0.035720,-0.015759,-0.035720,3.913070,0.200057,0.161624,0.161624,0.000000,C-06,0,0,0,1,1,0,-0.006227,-0.041248,0.6875,-0.2511,0.2670,2,ok
0,1985,1.098126,-1.639301,-0.018052,-0.016801,-0.018052,3.937061,0.200153,0.215143,0.215143,0.000000,,0,0,0,1,1,0,-0.006811,-0.036254,0.7292,-0.2562,0.2654,2,ok
0,1986,1.118124,-1.640111,-0.008323,-0.017611,-0.008323,3.957059,0.200126,0.131977,0.131977,0.000000,,0,0,0,1,1,0,-0.006932,-0.020619,0.7500,-0.2517,0.2647,2,ok
0,1987,1.142124,-1.640878,0.003537,-0.018378,0.003537,3.981059,0.200071,0.140346,0.140346,0.000000,,0,0,0,1,1,0,-0.007594,-0.005032,0.7500,-0.2425,0.2655,2,ok
0,1988,1.166123,-1.641052,0.009045,-0.018552,0.009045,4.005059,0.199994,0.059632,0.059632,0.000000,,0,0,0,1,1,0,-0.008201,0.016243,0.7292,-0.2384,0.2636,2,ok
0,1989,1.186122,-1.640966,0.010975,-0.018466,0.010975,4.025058,0.199991,0.024648,0.024648,0.000000,,0,0,0,1,1,0,-0.009181,0.030307,0.7292,-0.2153,0.2661,2,ok
0,1990,1.210121,-1.640761,0.005463,-0.018261,0.005463,4.049057,0.200004,-0.072505,-0.072505,0.000000,,0,0,0,1,1,0,-0.009606,0.037310,0.6875,-0.1932,0.2673,2,ok
0,1991,1.230121,-1.640586,-0.009612,-0.018086,-0.009612,4.069056,0.200000,-0.227808,-0.227808,0.000000,C-06,0,0,0,1,1,0,-0.010801,0.043272,0.7083,-0.1869,0.2633,2,ok
0,1992,1.254117,-1.640377,-0.025300,-0.017877,-0.025300,4.093052,0.199947,-0.183909,-0.183909,0.000000,,0,0,0,1,1,0,-0.012426,0.043756,0.6458,-0.1496,0.2643,2,ok
0,1993,1.274110,-1.640776,-0.027704,-0.018276,-0.027704,4.113045,0.199976,-0.023256,-0.023256,0.000000,C-06,0,0,0,1,1,0,-0.016228,0.026975,0.6875,-0.1233,0.2711,2,ok
0,1994,1.298102,-1.641384,-0.023257,-0.018884,-0.023257,4.137037,0.200010,0.058553,0.058553,0.000000,,0,0,0,1,1,0,-0.016922,0.027596,0.7292,-0.1207,0.2656,2,ok
0,1995,1.318097,-1.641893,-0.019220,-0.019393,-0.017163,4.157033,0.200027,0.057789,0.057789,0.000000,,0,0,0,1,1,0,-0.016373,0.031166,0.7500,-0.1190,0.2661,2,ok
0,1996,1.342094,-1.642504,-0.013572,-0.020004,-0.011515,4.181030,0.200046,0.067905,0.067905,0.000000,,0,0,0,1,1,0,-0.016427,0.036133,0.7500,-0.1022,0.2648,2,ok
0,1997,1.366093,-1.643115,-0.004319,-0.020615,0.001870,4.205028,0.200063,0.112698,0.112698,0.000000,,0,0,0,1,1,0,-0.015417,0.046030,0.7292,-0.0965,0.2639,2,ok
0,1998,1.386093,-1.643315,-0.001892,-0.020815,0.004297,4.225028,0.200006,0.028374,0.028374,0.000000,,0,0,0,1,1,0,-0.015875,0.054611,0.7083,-0.0331,0.2660,2,ok
0,1999,1.410092,-1.643418,-0.011037,-0.020794,0.002999,4.249242,0.199990,-0.120215,-0.120215,0.000000,,0,0,0,1,1,0,-0.015038,0.067207,0.6875,-0.0264,0.2680,2,ok
0,2000,1.430087,-1.643498,-0.035124,-0.020669,-0.021088,4.269237,0.199888,-0.367242,-0.367242,0.000000,C-06,0,0,0,1,1,0,-0.015126,0.062816,0.6875,-0.0062,0.2693,2,ok
0,2001,1.454064,-1.643652,-0.051625,-0.020498,-0.028189,4.293427,0.199756,-0.192181,-0.192181,0.000000,C-06,0,0,0,1,1,0,-0.016870,0.052280,0.6667,0.0284,0.2656,2,ok
0,2002,1.474038,-1.644595,-0.047744,-0.021028,-0.024307,4.313417,0.200020,0.080576,0.080576,0.000000,C-06,0,0,0,1,1,0,-0.019016,0.027999,0.6667,0.0370,0.2690,2,ok
0,2003,1.498010,-1.645735,-0.049528,-0.021608,-0.014699,4.337809,0.199980,-0.028281,-0.028281,0.000000,,0,0,0,1,1,0,-0.017807,0.025521,0.7292,0.0424,0.2674,2,ok
0,2004,1.517986,-1.646709,-0.048101,-0.021797,-0.013271,4.357808,0.200006,0.024741,0.024741,0.000000,,0,0,0,1,1,0,-0.017265,0.028723,0.7500,0.0402,0.2679,2,ok
0,2005,1.541962,-1.647879,-0.040587,-0.022026,-0.005757,4.381811,0.200070,0.095729,0.095729,0.000000,,0,0,0,1,1,0,-0.015530,0.026093,0.7500,0.0164,0.2645,2,ok
0,2006,1.565947,-1.649049,-0.031347,-0.022074,0.014087,4.405995,0.200137,0.112582,0.112582,0.000000,,0,0,0,1,1,0,-0.011331,0.029155,0.7292,-0.0484,0.2621,2,ok
0,2007,1.585938,-1.649849,-0.027603,-0.021933,0.017831,4.426002,0.200066,0.048834,0.048834,0.000000,,0,0,0,1,1,0,-0.012165,0.038317,0.6667,0.0252,0.2664,2,ok
0,2008,1.609925,-1.650531,-0.039813,-0.021303,0.016039,4.450208,0.199924,-0.163501,-0.163501,0.000000,C-06,0,0,0,1,1,0,-0.011179,0.040667,0.6875,0.0214,0.2669,2,ok
0,2009,1.629899,-1.651089,-0.063065,-0.020722,-0.007214,4.470181,0.199697,-0.357048,-0.357048,0.000000,C-06,0,0,0,1,1,0,-0.012844,0.038432,0.6667,0.1052,0.2700,2,ok
0,2010,1.653847,-1.652512,-0.066449,-0.020694,-0.003925,4.494303,0.199947,-0.021051,-0.021051,0.000000,C-06,0,0,0,1,1,0,-0.013948,0.023194,0.6667,0.0933,0.2698,2,ok
0,2011,1.673806,-1.653806,-0.060192,-0.020723,0.002332,4.514304,0.200055,0.103941,0.103941,0.000000,,0,0,0,1,1,0,-0.015399,0.004711,0.7292,0.1202,0.2659,2,ok
0,2012,1.697764,-1.655248,-0.059642,-0.020564,0.009144,4.538499,0.200002,0.000722,0.000722,0.000000,,0,0,0,1,1,0,-0.015933,0.008513,0.7708,0.1650,0.2680,2,ok
0,2013,1.717729,-1.656443,-0.058788,-0.020305,0.009998,4.558498,0.200011,0.013456,0.013456,0.000000,,0,0,0,1,1,0,-0.016256,0.012687,0.7917,0.1926,0.2661,2,ok
0,2014,1.741691,-1.657877,-0.053036,-0.019994,0.019957,4.582498,0.200073,0.073569,0.073569,0.000000,,0,0,0,1,1,0,-0.014591,0.012438,0.7708,0.1784,0.2630,2,ok
0,2015,1.765660,-1.659311,-0.048311,-0.019685,0.024682,4.606508,0.200122,0.056420,0.056420,0.000000,,0,0,0,1,1,0,-0.013672,0.016671,0.7500,0.2147,0.2656,2,ok
0,2016,1.785637,-1.660291,-0.048165,-0.019214,0.024828,4.626504,0.200002,-0.001331,-0.001331,0.000000,,0,0,0,1,1,0,-0.012188,0.013800,0.7083,0.2225,0.2687,2,ok
0,2017,1.809600,-1.661451,-0.063723,-0.018509,0.012176,4.650594,0.199838,-0.209234,-0.209234,0.000000,C-06,0,0,0,1,1,0,-0.011398,0.013950,0.7292,0.2412,0.2678,2,ok
0,2018,1.829552,-1.662417,-0.074588,-0.017911,0.001311,4.670560,0.199687,-0.158177,-0.158177,0.000000,,0,0,0,1,1,0,-0.010705,0.001436,0.6875,0.2219,0.2678,2,ok
0,2019,1.853488,-1.664144,-0.069940,-0.017766,0.006886,4.694553,0.200050,0.074015,0.074015,0.000000,C-06,0,0,0,1,1,0,-0.010225,-0.018169,0.6667,0.1957,0.2677,2,ok
0,2020,1.873444,-1.665617,-0.063535,-0.017679,0.013291,4.714562,0.200135,0.096426,0.096426,0.000000,,0,0,0,1,1,0,-0.011628,-0.023297,0.7083,0.2493,0.2680,2,ok
0,2021,1.897398,-1.667319,-0.059343,-0.017511,0.017225,4.738574,0.200123,0.048197,0.048197,0.000000,,0,0,0,1,1,0,-0.010364,-0.021092,0.7500,0.2487,0.2656,2,ok
0,2022,1.917366,-1.668695,-0.054072,-0.017330,0.022495,4.758588,0.200177,0.078901,0.078901,0.000000,,0,0,0,1,1,0,-0.008934,-0.024971,0.7708,0.2388,0.2668,2,ok
0,2023,1.941335,-1.670300,-0.047411,-0.017068,0.026886,4.782602,0.200183,0.081285,0.081285,0.000000,,0,0,0,1,1,0,-0.007051,-0.027691,0.7708,0.2214,0.2647,2,ok
0,2024,1.965309,-1.671491,-0.046194,-0.016402,0.028103,4.806596,0.200020,0.010662,0.010662,0.000000,,0,0,0,1,1,0,-0.006788,-0.024586,0.7083,0.2491,0.2643,2,ok
0,2025,1.985286,-1.672457,-0.050221,-0.015821,0.024077,4.826588,0.199984,-0.064647,-0.064647,0.000000,,0,0,0,1,1,0,-0.002502,-0.029714,0.6667,0.1272,0.2595,2,ok
0,2026,2.009249,-1.673616,-0.062043,-0.015252,0.008797,4.850476,0.199856,-0.150987,-0.150987,0.000000,,0,0,0,1,1,0,-0.010995,-0.034436,0.7292,0.4029,0.2691,2,ok
0,2027,2.029212,-1.674818,-0.057620,-0.015029,0.013220,4.870474,0.200039,0.085658,0.085658,0.000000,C-06,0,0,0,1,1,0,-0.011970,-0.042498,0.6667,0.4085,0.2682,2,ok
0,2028,2.053180,-1.676286,-0.044685,-0.014849,0.021186,4.894422,0.200169,0.163354,0.163354,0.000000,,0,0,0,1,1,0,-0.013450,-0.053055,0.6458,0.4561,0.2690,2,ok
0,2029,2.073163,-1.677463,-0.038305,-0.014686,0.027566,4.914439,0.200167,0.086484,0.086484,0.000000,,0,0,0,1,1,0,-0.010975,-0.053045,0.7083,0.4677,0.2694,2,ok
0,2030,2.097147,-1.678603,-0.033600,-0.014267,0.025333,4.938357,0.200089,0.055163,0.055163,0.000000,,0,0,0,1,1,0,-0.009457,-0.048465,0.7083,0.4451,0.2677,2,ok
0,2031,2.117138,-1.679487,-0.029138,-0.013936,0.029795,4.958363,0.200097,0.065188,0.065188,0.000000,,0,0,0,1,1,0,-0.011979,-0.050350,0.7708,0.5767,0.2681,2,ok
0,2032,2.141130,-1.680502,-0.019224,-0.013493,0.039709,4.981824,0.200140,0.122197,0.122197,0.000000,,0,0,0,1,1,0,-0.011979,-0.050350,0.7708,0.5767,0.2681,2,ok
0,2033,2.165127,-1.681330,-0.011456,-0.013053,0.039029,5.006277,0.200081,0.090816,0.090816,0.000000,,0,0,0,1,1,0,-0.009879,-0.053387,0.7500,0.6264,0.2724,2,ok
0,2034,2.185127,-1.681831,-0.005999,-0.012494,0.044485,5.026274,0.200046,0.076530,0.076530,0.000000,,0,0,0,1,1,0,-0.005600,-0.065484,0.6875,0.5458,0.2687,2,ok
0,2035,2.209126,-1.681991,-0.007475,-0.011562,0.033084,5.050131,0.199998,-0.024386,-0.024386,0.000000,,0,0,0,1,1,0,-0.007371,-0.065895,0.7292,0.6403,0.2698,2,ok
0,2036,2.229125,-1.682102,-0.008594,-0.010819,0.031965,5.070116,0.199996,-0.015352,-0.015352,0.000000,,0,0,0,1,1,0,-0.007012,-0.074417,0.6875,0.6747,0.2696,2,ok
0,2037,2.253125,-1.682242,-0.000321,-0.010067,0.027715,5.093964,0.200003,0.104205,0.104205,0.000000,,0,0,0,1,1,0,-0.004960,-0.084085,0.6875,0.6310,0.2678,2,ok
0,2038,2.273125,-1.682359,0.009163,-0.009603,0.037199,5.113959,0.199996,0.136668,0.136668,0.000000,,0,0,0,1,1,0,-0.005389,-0.113813,0.7083,0.7223,0.2681,2,ok
0,2039,2.297122,-1.682500,0.021039,-0.009046,0.049075,5.135964,0.199961,0.141429,0.141429,0.000000,,0,0,0,1,1,0,-0.004518,-0.109951,0.7292,0.7360,0.2643,2,ok
0,2040,2.317114,-1.682617,0.034483,-0.008839,0.047746,5.157835,0.199890,0.197109,0.197109,0.000000,,0,0,0,1,1,0,-0.002159,-0.110018,0.7708,0.7275,0.2660,2,ok
0,2041,2.341092,-1.682572,0.051127,-0.008379,0.064389,5.181808,0.199756,0.201944,0.201944,0.000000,,0,0,0,1,1,0,-0.002553,-0.105624,0.7708,0.7783,0.2644,2,ok
0,2042,2.365051,-1.682007,0.065340,-0.007741,0.061390,5.205608,0.199675,0.172254,0.172254,0.000000,,0,0,0,1,1,0,-0.000142,-0.099521,0.7708,0.7904,0.2643,2,ok
0,2043,2.384997,-1.681366,0.081532,-0.007138,0.077583,5.225556,0.199459,0.246023,0.246023,0.000000,,0,0,0,1,1,0,0.001333,-0.109665,0.7500,0.7993,0.2648,2,ok
0,2044,2.408901,-1.680148,0.097739,-0.006141,0.074489,5.249346,0.199408,0.199721,0.199721,0.000000,,0,0,0,1,1,0,0.002763,-0.108810,0.7083,0.7862,0.2631,2,ok
0,2045,2.428805,-1.678291,0.096237,-0.004699,0.072988,5.269286,0.199990,-0.042958,-0.042958,0.000000,C-06,0,0,0,1,1,0,0.006179,-0.110379,0.7292,0.7879,0.2625,2,ok
0,2046,2.452699,-1.675993,0.092365,-0.002901,0.069116,5.292883,0.200063,-0.048951,-0.048951,0.000000,,0,0,0,1,1,0,0.006179,-0.110379,0.7292,0.7879,0.2625,2,ok
0,2047,2.472596,-1.674145,0.113415,-0.001924,0.066580,5.313114,0.199597,0.365807,0.365807,0.000000,C-06,0,0,0,1,1,0,0.010410,-0.159350,0.6667,0.7246,0.2638,2,ok
0,2048,2.496401,-1.671933,0.141160,-0.000746,0.094325,5.336993,0.198902,0.354591,0.354591,0.000000,,0,0,0,1,1,0,0.015219,-0.159818,0.6875,0.6633,0.2596,2,ok
0,2049,2.516148,-1.670090,0.178178,-0.000023,0.105989,5.356805,0.197768,0.607442,0.607442,0.000000,C-06,0,0,0,1,1,0,0.017125,-0.143825,0.7500,0.6697,0.2624,2,ok
0,2050,2.539765,-1.665979,0.176896,0.002487,0.104708,5.380645,0.200008,-0.056482,-0.056482,0.000000,C-06,0,0,0,1,1,0,0.020357,-0.128524,0.7708,0.6684,0.2672,2,ok
0,2051,2.563391,-1.661761,0.177095,0.004931,0.074443,5.404667,0.199985,0.006334,0.006334,0.000000,,0,0,0,1,1,0,0.022742,-0.133541,0.7500,0.6477,0.2674,2,ok
0,2052,2.583074,-1.658246,0.179705,0.006451,0.077053,5.424604,0.199899,0.044566,0.044566,0.000000,,0,0,0,1,1,0,0.023985,-0.148529,0.7292,0.6100,0.2669,2,ok
0,2053,2.606647,-1.654010,0.199150,0.008298,0.096498,5.448484,0.199238,0.278821,0.278821,0.000000,C-06,0,0,0,1,1,0,0.034951,-0.165363,0.7292,0.2513,0.2454,2,ok
0,2054,2.626225,-1.650479,0.212543,0.009415,0.076471,5.468587,0.198699,0.210841,0.210841,0.000000,,0,0,0,1,1,0,0.024986,-0.168594,0.6875,0.5822,0.2621,2,ok
0,2055,2.649684,-1.645526,0.211562,0.011316,0.075490,5.492488,0.199930,-0.029697,-0.029697,0.000000,C-06,0,0,0,1,1,0,0.024721,-0.164169,0.7083,0.6183,0.2656,2,ok
0,2056,2.669243,-1.641358,0.209377,0.012716,0.034079,5.512991,0.200018,-0.035851,-0.035851,0.000000,,0,0,0,1,1,0,0.024885,-0.163072,0.6667,0.6026,0.2610,2,ok
0,2057,2.692577,-1.636360,0.271358,0.013618,0.096060,5.536838,0.197300,1.000000,1.000000,0.000000,C-06,0,0,0,1,1,0,0.022806,-0.196470,0.6667,0.6109,0.2606,2,ok
0,2058,2.711679,-1.632196,0.329702,0.014428,0.154404,5.556371,0.193954,1.000000,1.000000,0.000000,,0,0,0,1,1,0,0.022806,-0.196470,0.6667,0.6109,0.2606,2,ok
0,2059,2.734249,-1.625381,0.361317,0.016607,0.144539,5.580409,0.196797,0.418646,0.418646,0.000000,C-06,0,0,0,1,1,0,0.029979,-0.143479,0.7083,0.5778,0.2585,2,ok
0,2060,2.756699,-1.617020,0.359661,0.020094,0.142883,5.604110,0.199940,-0.054489,-0.054489,0.000000,C-06,0,0,0,1,1,0,0.038152,-0.080975,0.7500,0.5703,0.2642,2,ok
0,2061,2.775429,-1.609994,0.356888,0.022723,0.097062,5.625111,0.200123,-0.048885,-0.048885,0.000000,,0,0,0,1,1,0,0.037814,-0.089386,0.7083,0.6103,0.2671,2,ok
0,2062,2.797959,-1.601583,0.345974,0.024974,0.086147,5.649055,0.200745,-0.169183,-0.169183,0.000000,,0,0,0,1,1,0,0.039360,-0.102500,0.7292,0.5795,0.2681,2,ok
0,2063,2.816803,-1.594575,0.337304,0.026829,0.077477,5.669074,0.201259,-0.151235,-0.151235,0.000000,,0,0,0,1,1,0,0.039323,-0.124588,0.7292,0.5438,0.2635,2,ok
0,2064,2.839414,-1.586538,0.347660,0.027843,0.046572,5.694253,0.199587,0.170202,0.170202,0.000000,C-06,0,0,0,1,1,0,0.037066,-0.149643,0.7083,0.5859,0.2615,2,ok
0,2065,2.858224,-1.579740,0.345009,0.028619,0.043921,5.714239,0.200122,-0.058619,-0.058619,0.000000,C-06,0,0,0,1,1,0,0.036526,-0.158963,0.6875,0.5771,0.2634,2,ok
0,2066,2.880873,-1.571625,0.328248,0.029150,-0.013225,5.739334,0.200978,-0.259600,-0.259600,0.000000,C-06,0,0,0,1,1,0,0.038582,-0.177102,0.6667,0.5179,0.2608,2,ok
0,2067,2.899732,-1.565125,0.353984,0.028912,0.012511,5.759282,0.198579,0.521776,0.521776,0.000000,C-06,0,0,0,1,1,0,0.037501,-0.194412,0.6667,0.5161,0.2594,2,ok
0,2068,2.922069,-1.557349,0.395383,0.028701,0.053911,5.782931,0.195749,0.626378,0.626378,0.000000,,0,0,0,1,1,0,0.034735,-0.204132,0.7917,0.5298,0.2645,2,ok
0,2069,2.944119,-1.548606,0.415049,0.028664,0.037540,5.807673,0.197865,0.277246,0.277246,0.000000,C-06,0,0,0,1,1,0,0.036828,-0.167543,0.7708,0.5373,0.2645,2,ok
0,2070,2.962384,-1.540767,0.423620,0.029180,0.046111,5.827543,0.198847,0.148954,0.148954,0.000000,,0,0,0,1,1,0,0.038302,-0.156055,0.7917,0.5143,0.2638,2,ok
0,2071,2.984299,-1.530989,0.414976,0.029682,0.003673,5.852506,0.200372,-0.154681,-0.154681,0.000000,C-06,0,0,0,1,1,0,0.037994,-0.154761,0.7708,0.5179,0.2660,2,ok
0,2072,3.002598,-1.522925,0.416301,0.029735,0.004998,5.872503,0.199887,0.036041,0.036041,0.000000,C-06,0,0,0,1,1,0,0.036403,-0.175095,0.7500,0.5299,0.2661,2,ok
0,2073,3.024602,-1.513246,0.404081,0.029630,-0.039971,5.897474,0.200763,-0.202375,-0.202375,0.000000,C-06,0,0,0,1,1,0,0.033489,-0.191810,0.7292,0.5631,0.2634,2,ok
0,2074,3.043006,-1.505303,0.400756,0.028903,-0.043296,5.917506,0.200429,-0.053174,-0.053174,0.000000,,0,0,0,1,1,0,0.030336,-0.216058,0.7292,0.5630,0.2621,2,ok
0,2075,3.064988,-1.495929,0.427449,0.027930,-0.016603,5.941383,0.198133,0.446713,0.446713,0.000000,C-06,0,0,0,1,1,0,0.026521,-0.228667,0.6875,0.5897,0.2628,2,ok
0,2076,3.083051,-1.488112,0.460931,0.026726,-0.015118,5.961948,0.195597,0.644425,0.644425,0.000000,C-06,0,0,0,1,1,0,0.024455,-0.224199,0.6875,0.6269,0.2632,2,ok
0,2077,3.104380,-1.478014,0.490945,0.025905,0.014896,5.985532,0.196851,0.467196,0.467196,0.000000,C-06,0,0,0,1,1,0,0.024761,-0.198268,0.7083,0.6382,0.2626,2,ok
0,2078,3.125445,-1.466982,0.507985,0.025738,0.000844,6.010105,0.198286,0.263553,0.263553,0.000000,C-06,0,0,0,1,1,0,0.027325,-0.173330,0.7708,0.6239,0.2644,2,ok
0,2079,3.142896,-1.457320,0.512083,0.025698,0.004942,6.030052,0.199586,0.063932,0.063932,0.000000,C-06,0,0,0,1,1,0,0.029026,-0.170657,0.7500,0.5998,0.2639,2,ok
0,2080,3.163782,-1.445641,0.518207,0.025751,0.011066,6.053868,0.199349,0.102856,0.102856,0.000000,,0,0,0,1,1,0,0.028661,-0.174360,0.7292,0.6009,0.2643,2,ok
0,2081,3.181118,-1.435838,0.526298,0.025240,-0.011854,6.074710,0.198992,0.164137,0.164137,0.000000,,0,0,0,1,1,0,0.029123,-0.182200,0.7500,0.5747,0.2640,2,ok
0,2082,3.201773,-1.423897,0.542704,0.024875,0.004553,6.098566,0.198395,0.280290,0.280290,0.000000,,0,0,0,1,1,0,0.028744,-0.187265,0.7292,0.5678,0.2626,2,ok
0,2083,3.218809,-1.413771,0.560427,0.024496,-0.007820,6.119085,0.198102,0.360849,0.360849,0.000000,,0,0,0,1,1,0,0.029322,-0.188051,0.7292,0.5321,0.2629,2,ok
0,2084,3.239104,-1.401043,0.564525,0.024311,-0.003722,6.143040,0.199754,0.047631,0.047631,0.000000,C-06,0,0,0,1,1,0,0.028861,-0.182099,0.7083,0.5571,0.2649,2,ok
0,2085,3.255899,-1.390341,0.585302,0.024300,0.017055,6.161332,0.198241,0.461198,0.461198,0.000000,C-06,0,0,0,1,1,0,0.030219,-0.192967,0.6458,0.5139,0.2629,2,ok
0,2086,3.275549,-1.377020,0.640002,0.024165,0.042121,6.187446,0.197282,1.000000,1.000000,0.000000,C-06,0,0,0,1,1,0,0.031804,-0.202075,0.6875,0.4840,0.2627,2,ok
0,2087,3.294448,-1.362518,0.687559,0.025490,0.089679,6.211231,0.199336,0.851247,0.851247,0.000000,,0,0,0,1,1,0,0.032467,-0.195481,0.6875,0.4739,0.2645,2,ok
0,2088,3.309897,-1.349815,0.685428,0.026804,0.058505,6.231925,0.200097,-0.126515,-0.126515,0.000000,C-06,0,0,0,1,1,0,0.038889,-0.119424,0.7708,0.5075,0.2657,2,ok
0,2089,3.328536,-1.334669,0.677459,0.028123,0.050536,6.255905,0.200164,-0.147307,-0.147307,0.000000,,0,0,0,1,1,0,0.040282,-0.117007,0.7292,0.5091,0.2673,2,ok
0,2090,3.344129,-1.322140,0.676244,0.028892,0.020320,6.276707,0.200020,-0.017580,-0.017580,0.000000,,0,0,0,1,1,0,0.038791,-0.129531,0.7708,0.5054,0.2652,2,ok
0,2091,3.362856,-1.307125,0.675107,0.029373,0.019183,6.300706,0.200025,-0.021014,-0.021014,0.000000,,0,0,0,1,1,0,0.038791,-0.129531,0.7708,0.5054,0.2652,2,ok
0,2092,3.378478,-1.294631,0.673448,0.029749,0.017525,6.320706,0.200048,-0.037496,-0.037496,0.000000,,0,0,0,1,1,0,0.032874,-0.163352,0.7500,0.6162,0.2650,2,ok
0,2093,3.397407,-1.279741,0.649052,0.029342,-0.035493,6.345645,0.201059,-0.467619,-0.467619,0.000000,C-06,0,0,0,1,1,0,0.031920,-0.175112,0.6667,0.6197,0.2636,2,ok
0,2094,3.413411,-1.267646,0.638011,0.028590,-0.046534,6.365691,0.200594,-0.218809,-0.218809,0.000000,C-06,0,0,0,1,1,0,0.028371,-0.203756,0.6667,0.6337,0.2641,2,ok
0,2095,3.432403,-1.253167,0.680420,0.027391,-0.033608,6.390338,0.199107,0.822170,0.822170,0.000000,C-06,0,0,0,1,1,0,0.024409,-0.241336,0.6667,0.6580,0.2591,2,ok
0,2096,3.450741,-1.237613,0.734323,0.027165,0.020294,6.414383,0.201811,1.000000,1.000000,0.000000,C-06,0,0,0,1,1,0,0.026062,-0.219151,0.7292,0.6442,0.2584,2,ok
0,2097,3.465572,-1.224082,0.749427,0.027540,0.006834,6.435255,0.200587,0.265179,0.265179,0.000000,C-06,0,0,0,1,1,0,0.028220,-0.181299,0.8333,0.6770,0.2621,2,ok
0,2098,3.483138,-1.207724,0.749695,0.027729,0.007102,6.459257,0.199981,-0.008980,-0.008980,0.000000,C-06,0,0,0,1,1,0,0.031464,-0.166756,0.7500,0.6465,0.2604,2,ok
0,2099,3.497773,-1.194091,0.750513,0.027889,0.007920,6.479258,0.200041,0.019455,0.019455,0.000000,,0,0,0,1,1,0,0.030242,-0.173028,0.7917,0.6826,0.2608,2,ok
0,2100,3.515304,-1.177668,0.757137,0.027468,-0.014268,6.504193,0.200213,0.124395,0.124395,0.000000,,0,0,0,1,1,0,0.026264,-0.183930,0.7500,0.7755,0.2643,2,ok
0,2101,3.529825,-1.163887,0.763397,0.027157,-0.008008,6.524210,0.200177,0.132911,0.132911,0.000000,,0,0,0,1,1,0,0.027033,-0.200262,0.7708,0.7483,0.2659,2,ok
0,2102,3.547003,-1.147089,0.788428,0.026857,-0.012997,6.548878,0.199952,0.450657,0.450657,0.000000,C-06,0,0,0,1,1,0,0.025430,-0.209931,0.7292,0.7667,0.2645,2,ok
0,2103,3.560944,-1.132804,0.810676,0.026837,0.009251,6.568839,0.199333,0.465637,0.465637,0.000000,,0,0,0,1,1,0,0.025733,-0.206012,0.7083,0.7949,0.2593,2,ok
0,2104,3.577253,-1.115356,0.836759,0.027235,0.005902,6.593538,0.199067,0.464963,0.464963,0.000000,,0,0,0,1,1,0,0.027757,-0.199013,0.6667,0.7889,0.2652,2,ok
0,2105,3.593001,-1.097329,0.874576,0.027810,0.043718,6.617468,0.200158,0.712749,0.712749,0.000000,C-06,0,0,0,1,1,0,0.030785,-0.195691,0.6875,0.7819,0.2623,2,ok
0,2106,3.605722,-1.081858,0.893593,0.028889,0.062736,6.637469,0.200433,0.394282,0.394282,0.000000,C-06,0,0,0,1,1,0,0.035350,-0.174828,0.7292,0.7322,0.2639,2,ok
0,2107,3.620695,-1.063041,0.908438,0.029953,0.047387,6.662494,0.200456,0.262148,0.262148,0.000000,,0,0,0,1,1,0,0.039366,-0.162102,0.7917,0.7049,0.2686,2,ok
0,2108,3.632984,-1.047223,0.915755,0.030900,0.054704,6.682502,0.200303,0.148053,0.148053,0.000000,,0,0,0,1,1,0,0.045096,-0.156738,0.7917,0.5929,0.2603,2,ok
0,2109,3.647594,-1.028157,0.920070,0.031958,0.027517,6.707325,0.200161,0.072545,0.072545,0.000000,,0,0,0,1,1,0,0.043633,-0.164827,0.7708,0.6487,0.2585,2,ok
0,2110,3.659709,-1.012214,0.925332,0.032596,0.032778,6.727339,0.200283,0.116244,0.116244,0.000000,,0,0,0,1,1,0,0.056350,-0.187129,0.7292,0.2595,0.2435,2,ok
0,2111,3.674143,-0.993022,0.927884,0.033481,0.035331,6.751336,0.200104,0.041231,0.041231,0.000000,,0,0,0,1,1,0,0.043540,-0.204042,0.7500,0.6642,0.2641,2,ok
0,2112,3.686171,-0.977117,0.909317,0.033424,-0.015574,6.772506,0.199198,-0.436130,-0.436130,0.000000,C-06,0,0,0,1,1,0,0.043562,-0.216524,0.7083,0.6378,0.2584,2,ok
0,2113,3.701021,-0.958348,0.886515,0.032840,-0.038375,6.796432,0.199637,-0.414586,-0.414586,0.000000,,0,0,0,1,1,0,0.043266,-0.241510,0.7083,0.5806,0.2624,2,ok
0,2114,3.716159,-0.939704,0.894557,0.031494,-0.063813,6.821394,0.200209,0.179838,0.179838,0.000000,C-06,0,0,0,1,1,0,0.039915,-0.294988,0.7292,0.4998,0.2471,2,ok
0,2115,3.728633,-0.923929,0.925185,0.030400,-0.033185,6.841475,0.201678,0.704104,0.704104,0.000000,C-06,0,0,0,1,1,0,0.037118,-0.301791,0.7083,0.5350,0.2454,2,ok
0,2116,3.743157,-0.904473,0.966218,0.029537,-0.029965,6.866762,0.202844,0.724799,0.724799,0.000000,,0,0,0,1,1,0,0.031897,-0.286131,0.7917,0.5873,0.2520,2,ok
0,2117,3.754744,-0.887862,0.993802,0.028956,-0.002381,6.887007,0.202691,0.555384,0.555384,0.000000,C-06,0,0,0,1,1,0,0.036082,-0.261145,0.8125,0.4955,0.2580,2,ok
0,2118,3.768087,-0.867577,1.019956,0.028921,0.023773,6.911286,0.202436,0.433725,0.433725,0.000000,,0,0,0,1,1,0,0.036300,-0.242031,0.7708,0.5016,0.2612,2,ok
0,2119,3.778860,-0.850425,1.041488,0.028610,0.006124,6.932694,0.202659,0.429592,0.429592,0.000000,,0,0,0,1,1,0,0.034307,-0.228423,0.7500,0.5496,0.2601,2,ok
0,2120,3.791075,-0.829658,1.048966,0.028821,0.013603,6.956786,0.200649,0.103024,0.103024,0.000000,C-06,0,0,0,1,1,0,0.037922,-0.227276,0.7083,0.4360,0.2603,2,ok
0,2121,3.801061,-0.812313,1.050134,0.028816,-0.026564,6.978185,0.200107,0.016978,0.016978,0.000000,,0,0,0,1,1,0,0.036353,-0.227471,0.7500,0.4462,0.2614,2,ok
0,2122,3.813000,-0.791400,1.066989,0.028186,-0.009709,7.002257,0.201360,0.293290,0.293290,0.000000,C-06,0,0,0,1,1,0,0.034444,-0.229490,0.7500,0.4895,0.2623,2,ok
0,2123,3.824837,-0.770296,1.082102,0.027737,0.005404,7.025444,0.201700,0.241265,0.241265,0.000000,,0,0,0,1,1,0,0.029387,-0.242187,0.6667,0.5052,0.2604,2,ok
0,2124,3.834257,-0.752632,1.082297,0.026850,-0.035479,7.047658,0.200046,-0.014264,-0.014264,0.000000,C-06,0,0,0,1,1,0,0.031964,-0.233371,0.7500,0.4207,0.2631,2,ok
0,2125,3.845531,-0.731449,1.080334,0.025890,-0.037442,7.071635,0.199888,-0.032683,-0.032683,0.000000,,0,0,0,1,1,0,0.030151,-0.236396,0.7708,0.4159,0.2590,2,ok
0,2126,3.854950,-0.713707,1.104083,0.024635,-0.053097,7.092728,0.201817,0.494678,0.494678,0.000000,C-06,0,0,0,1,1,0,0.024519,-0.243448,0.7917,0.4811,0.2580,2,ok
0,2127,3.866062,-0.692179,1.121008,0.022977,-0.036171,7.116899,0.201910,0.248069,0.248069,0.000000,C-06,0,0,0,1,1,0,0.023793,-0.247693,0.7708,0.4553,0.2605,2,ok
0,2128,3.874960,-0.674130,1.129468,0.021971,-0.027712,7.135415,0.201169,0.150751,0.150751,0.000000,,0,0,0,1,1,0,0.023838,-0.227828,0.7917,0.4113,0.2638,2,ok
0,2129,3.885400,-0.652338,1.148223,0.020175,-0.046056,7.161822,0.202001,0.299655,0.299655,0.000000,,0,0,0,1,1,0,0.020786,-0.236997,0.7917,0.4371,0.2616,2,ok
0,2130,3.893879,-0.634053,1.158822,0.018982,-0.035457,7.181942,0.201515,0.187220,0.187220,0.000000,,0,0,0,1,1,0,0.020147,-0.234401,0.7708,0.4270,0.2615,2,ok
0,2131,3.903595,-0.612092,1.150930,0.017456,-0.076990,7.206496,0.199718,-0.144845,-0.144845,0.000000,C-06,0,0,0,1,1,0,0.019349,-0.232752,0.7500,0.4064,0.2609,2,ok
0,2132,3.913380,-0.590174,1.151908,0.015622,-0.076012,7.230429,0.200086,0.022095,0.022095,0.000000,C-06,0,0,0,1,1,0,0.013451,-0.249233,0.6667,0.4426,0.2609,2,ok
0,2133,3.921513,-0.571791,1.183687,0.013892,-0.075116,7.250986,0.202128,0.640813,0.640813,0.000000,C-06,0,0,0,1,1,0,0.010672,-0.258937,0.7083,0.4253,0.2588,2,ok
0,2134,3.931236,-0.549439,1.212015,0.011380,-0.046788,7.275231,0.203525,0.408986,0.408986,0.000000,C-06,0,0,0,1,1,0,0.009906,-0.245745,0.7292,0.4185,0.2598,2,ok
0,2135,3.938822,-0.530652,1.229289,0.009828,-0.029514,7.295432,0.202539,0.298109,0.298109,0.000000,,0,0,0,1,1,0,0.008894,-0.224968,0.7917,0.4393,0.2584,2,ok
0,2136,3.947556,-0.507955,1.250891,0.007777,-0.037836,7.319920,0.202687,0.315630,0.315630,0.000000,,0,0,0,1,1,0,0.010629,-0.212453,0.8125,0.3768,0.2607,2,ok
0,2137,3.954574,-0.488906,1.271734,0.006315,-0.016992,7.340167,0.203086,0.362768,0.362768,0.000000,,0,0,0,1,1,0,0.007881,-0.195166,0.7708,0.4217,0.2654,2,ok
0,2138,3.962139,-0.465920,1.285988,0.005047,-0.031123,7.364492,0.201560,0.191962,0.191962,0.000000,C-06,0,0,0,1,1,0,0.006583,-0.178963,0.7708,0.4336,0.2641,2,ok
0,2139,3.968240,-0.446677,1.304540,0.003969,-0.012571,7.384651,0.202306,0.324081,0.324081,0.000000,,0,0,0,1,1,0,0.005344,-0.175252,0.7500,0.4494,0.2664,2,ok
0,2140,3.974676,-0.423531,1.300211,0.003421,-0.042685,7.408769,0.199929,-0.086507,-0.086507,0.000000,C-06,0,0,0,1,1,0,0.004176,-0.174108,0.7708,0.4915,0.2703,2,ok
0,2141,3.981090,-0.400476,1.277158,0.002321,-0.065738,7.432675,0.198828,-0.343083,-0.343083,0.000000,C-06,0,0,0,1,1,0,0.002895,-0.189275,0.7083,0.4787,0.2660,2,ok
0,2142,3.986871,-0.381315,1.285564,0.000968,-0.057332,7.452643,0.200518,0.191653,0.191653,0.000000,C-06,0,0,0,1,1,0,0.000775,-0.228462,0.6875,0.4789,0.2619,2,ok
0,2143,3.993856,-0.358203,1.311953,-0.001134,-0.056558,7.476710,0.201847,0.385626,0.385626,0.000000,C-06,0,0,0,1,1,0,-0.004370,-0.235822,0.6875,0.5327,0.2659,2,ok
0,2144,3.999677,-0.338812,1.335271,-0.002957,-0.033241,7.496873,0.202944,0.386722,0.386722,0.000000,,0,0,0,1,1,0,-0.004706,-0.222811,0.7292,0.5133,0.2655,2,ok
0,2145,4.006445,-0.315396,1.364792,-0.005150,-0.028631,7.521053,0.203058,0.402306,0.402306,0.000000,,0,0,0,1,1,0,-0.003903,-0.207976,0.8125,0.4893,0.2601,2,ok
0,2146,4.010996,-0.295795,1.375772,-0.006156,-0.017650,7.541150,0.201075,0.158450,0.158450,0.000000,C-06,0,0,0,1,1,0,-0.005703,-0.180693,0.7917,0.5390,0.2639,2,ok
0,2147,4.016166,-0.272191,1.404494,-0.007061,0.011072,7.563508,0.201834,0.402840,0.402840,0.000000,C-06,0,0,0,1,1,0,-0.006177,-0.174745,0.7500,0.5490,0.2636,2,ok
0,2148,4.020469,-0.252420,1.435896,-0.008347,0.018608,7.585313,0.202753,0.498607,0.498607,0.000000,,0,0,0,1,1,0,-0.006027,-0.161209,0.7708,0.5551,0.2621,2,ok
0,2149,4.025149,-0.228589,1.468818,-0.009346,0.051530,7.609579,0.202205,0.414044,0.414044,0.000000,,0,0,0,1,1,0,-0.004632,-0.156432,0.8125,0.5296,0.2615,2,ok
0,2150,4.027954,-0.204702,1.477247,-0.008882,0.035826,7.633408,0.200318,0.082250,0.082250,0.000000,C-06,0,0,0,1,1,0,-0.002137,-0.120412,0.7500,0.5651,0.2636,2,ok
0,2151,4.029838,-0.184791,1.474029,-0.008187,0.032608,7.653395,0.199937,-0.059053,-0.059053,0.000000,,0,0,0,1,1,0,-0.002195,-0.118422,0.7083,0.5969,0.2693,2,ok
0,2152,4.032071,-0.160922,1.458593,-0.007507,-0.007528,7.677184,0.199628,-0.204369,-0.204369,0.000000,,0,0,0,1,1,0,-0.000723,-0.134558,0.7292,0.5504,0.2645,2,ok
0,2153,4.034131,-0.141053,1.453962,-0.007452,-0.012160,7.697158,0.199759,-0.058799,-0.058799,0.000000,,0,0,0,1,1,0,-0.001284,-0.153460,0.6667,0.5687,0.2594,2,ok
0,2154,4.036917,-0.117204,1.465076,-0.007698,-0.001046,7.721169,0.200237,0.156337,0.156337,0.000000,C-06,0,0,0,1,1,0,-0.002408,-0.183740,0.7708,0.5345,0.2568,2,ok
0,2155,4.039252,-0.097294,1.488049,-0.008383,-0.002243,7.741008,0.200656,0.366510,0.366510,0.000000,C-06,0,0,0,1,1,0,-0.004906,-0.189788,0.8125,0.5811,0.2605,2,ok
0,2156,4.042054,-0.073346,1.524418,-0.009243,0.034126,7.765104,0.201128,0.453691,0.453691,0.000000,,0,0,0,1,1,0,-0.002431,-0.181840,0.7917,0.5499,0.2566,2,ok
0,2157,4.044229,-0.053358,1.550420,-0.010041,0.034693,7.784943,0.200921,0.369616,0.369616,0.000000,,0,0,0,1,1,0,-0.002431,-0.181840,0.7917,0.5499,0.2566,2,ok
0,2158,4.045563,-0.029360,1.568237,-0.010062,0.052510,7.808978,0.200212,0.202470,0.202470,0.000000,C-06,0,0,0,1,1,0,-0.000077,-0.140190,0.7708,0.5468,0.2630,2,ok
0,2159,4.046101,-0.005360,1.578270,-0.009380,0.036489,7.832760,0.200023,0.112950,0.112950,0.000000,,0,0,0,1,1,0,0.001117,-0.144393,0.7708,0.5716,0.2659,2,ok
0,2160,4.045975,0.014640,1.568402,-0.008615,0.026622,7.852745,0.200005,-0.158402,-0.158402,0.000000,C-06,0,0,0,1,1,0,-0.001422,-0.147174,0.7708,0.6386,0.2692,2,ok
0,2161,4.045795,0.038639,1.554099,-0.007669,0.012318,7.876726,0.199980,-0.170136,-0.170136,0.000000,,0,0,0,1,1,0,-0.000584,-0.166888,0.7083,0.6069,0.2656,2,ok
0,2162,4.046112,0.058636,1.554242,-0.007785,-0.015125,7.896495,0.200002,0.013184,0.013184,0.000000,C-06,0,0,0,1,1,0,-0.009312,-0.197727,0.7500,0.7351,0.2736,2,ok
0,2163,4.046528,0.082634,1.589411,-0.008156,0.020044,7.920495,0.200002,0.476063,0.476063,0.000000,C-06,0,0,0,1,1,0,-0.003115,-0.216333,0.7292,0.5828,0.2579,2,ok
0,2164,4.046875,0.102616,1.633503,-0.008591,0.034474,7.940255,0.199667,0.657535,0.657535,0.000000,C-06,0,0,0,1,1,0,-0.005944,-0.212663,0.7917,0.6474,0.2616,2,ok
0,2165,4.046094,0.126553,1.651223,-0.008390,0.052194,7.964204,0.199550,0.188826,0.188826,0.000000,C-06,0,0,0,1,1,0,-0.004089,-0.163286,0.8125,0.7062,0.2672,2,ok
0,2166,4.044616,0.146485,1.654042,-0.007395,0.055013,7.984166,0.199905,0.030864,0.030864,0.000000,C-06,0,0,0,1,1,0,-0.001504,-0.150370,0.8125,0.6722,0.2635,2,ok
0,2167,4.042760,0.170398,1.658491,-0.006736,0.026613,8.007905,0.199834,0.056982,0.056982,0.000000,,0,0,0,1,1,0,-0.002742,-0.156474,0.7917,0.7104,0.2674,2,ok
0,2168,4.040796,0.194259,1.701990,-0.006138,0.070112,8.031839,0.199018,0.622802,0.622802,0.000000,C-06,0,0,0,1,1,0,-0.006959,-0.177210,0.7708,0.8102,0.2716,2,ok
0,2169,4.038608,0.214069,1.713768,-0.005379,0.048423,8.051550,0.199327,0.146064,0.146064,0.000000,C-06,0,0,0,1,1,0,-0.002579,-0.158194,0.7500,0.7831,0.2695,2,ok
0,2170,4.035227,0.237823,1.713504,-0.004234,0.048158,8.075517,0.200009,-0.014234,-0.014234,0.000000,C-06,0,0,0,1,1,0,-0.001699,-0.148708,0.7292,0.8074,0.2718,2,ok
0,2171,4.032374,0.257626,1.708391,-0.003247,0.043045,8.095500,0.200144,-0.085421,-0.085421,0.000000,,0,0,0,1,1,0,-0.001699,-0.148708,0.7292,0.8074,0.2718,2,ok
0,2172,4.028959,0.281405,1.704918,-0.002895,0.004932,8.119398,0.200208,-0.041820,-0.041820,0.000000,,0,0,0,1,1,0,-0.007355,-0.184392,0.7083,0.9060,0.2742,2,ok
0,2173,4.026277,0.301211,1.716841,-0.002850,0.016855,8.139385,0.199686,0.207694,0.207694,0.000000,C-06,0,0,0,1,1,0,-0.006945,-0.204552,0.7500,0.9090,0.2678,2,ok
0,2174,4.023072,0.324930,1.731127,-0.003154,-0.003544,8.163220,0.199253,0.184694,0.184694,0.000000,,0,0,0,1,1,0,-0.006549,-0.206017,0.8125,0.9168,0.2655,2,ok
0,2175,4.020392,0.344632,1.757690,-0.003755,0.023019,8.183095,0.198394,0.448545,0.448545,0.000000,C-06,0,0,0,1,1,0,-0.005119,-0.204053,0.8125,0.8920,0.2659,2,ok
0,2176,4.016317,0.368187,1.768147,-0.003615,0.033476,8.206703,0.199273,0.119349,0.119349,0.000000,C-06,0,0,0,1,1,0,-0.007792,-0.195012,0.7917,0.9895,0.2731,2,ok
0,2177,4.012041,0.391695,1.779529,-0.004040,0.011634,8.230773,0.199034,0.154470,0.154470,0.000000,,0,0,0,1,1,0,-0.009954,-0.189153,0.7917,1.0811,0.2739,2,ok
0,2178,4.008048,0.411252,1.783233,-0.003960,0.015339,8.250734,0.199659,0.051682,0.051682,0.000000,,0,0,0,1,1,0,-0.010401,-0.213604,0.7708,1.1017,0.2713,2,ok
0,2179,4.003019,0.434713,1.782575,-0.004092,-0.018233,8.274598,0.199988,-0.012684,-0.012684,0.000000,,0,0,0,1,1,0,-0.007674,-0.223749,0.7500,1.0238,0.2621,2,ok
0,2180,3.998817,0.454235,1.798751,-0.004461,-0.002057,8.294564,0.199351,0.289396,0.289396,0.000000,C-06,0,0,0,1,1,0,-0.010090,-0.236854,0.7500,1.0821,0.2668,2,ok
0,2181,3.993773,0.477527,1.830689,-0.004983,-0.003796,8.318248,0.197875,0.454164,0.454164,0.000000,C-06,0,0,0,1,1,0,-0.013988,-0.252746,0.7292,1.1672,0.2666,2,ok
0,2182,3.989561,0.496777,1.860701,-0.005856,0.026217,8.337933,0.196467,0.511080,0.511080,0.000000,,0,0,0,1,1,0,-0.013630,-0.256164,0.7292,1.1782,0.2677,2,ok
0,2183,3.984056,0.519630,1.901677,-0.006406,0.067192,8.361434,0.195694,0.595056,0.595056,0.000000,,0,0,0,1,1,0,-0.008481,-0.231053,0.7500,1.1323,0.2683,2,ok
0,2184,3.978148,0.538483,1.919478,-0.005998,0.049318,8.380958,0.197757,0.288587,0.288587,0.000000,C-06,0,0,0,1,1,0,-0.006567,-0.208189,0.8125,1.1403,0.2659,2,ok
0,2185,3.970063,0.561039,1.918074,-0.004865,0.047913,8.404892,0.199884,-0.040565,-0.040565,0.000000,C-06,0,0,0,1,1,0,-0.004809,-0.197434,0.8542,1.1447,0.2666,2,ok
0,2186,3.961900,0.583589,1.922939,-0.003856,0.015354,8.428704,0.199692,0.079062,0.079062,0.000000,,0,0,0,1,1,0,-0.005211,-0.218643,0.7917,1.1823,0.2722,2,ok
0,2187,3.955021,0.602258,1.956086,-0.003474,0.048501,8.448597,0.197857,0.662404,0.662404,0.000000,C-06,0,0,0,1,1,0,-0.005066,-0.244873,0.7917,1.1865,0.2625,2,ok
0,2188,3.946360,0.624415,1.972378,-0.002552,0.064794,8.472369,0.198321,0.214571,0.214571,0.000000,C-06,0,0,0,1,1,0,-0.003542,-0.241488,0.7708,1.1966,0.2698,2,ok
0,2189,3.938667,0.642844,1.965493,-0.001907,0.017294,8.492234,0.200089,-0.157575,-0.157575,0.000000,C-06,0,0,0,1,1,0,-0.003542,-0.241488,0.7708,1.1966,0.2698,2,ok
0,2190,3.929400,0.665075,1.948270,-0.001445,0.000070,8.516314,0.201265,-0.265980,-0.265980,0.000000,,0,0,0,1,1,0,-0.001806,-0.253088,0.7917,1.1854,0.2643,2,ok
0,2191,3.921968,0.683609,1.967290,-0.001334,0.019090,8.533359,0.198865,0.411873,0.411873,0.000000,C-06,0,0,0,1,1,0,-0.006265,-0.284736,0.7292,1.2619,0.2585,2,ok
0,2192,3.913087,0.705605,1.997556,-0.002260,0.006587,8.559932,0.196637,0.466831,0.466831,0.000000,,0,0,0,1,1,0,-0.011173,-0.315171,0.7500,1.3388,0.2572,2,ok
0,2193,3.905498,0.723676,2.030265,-0.002653,0.039296,8.579528,0.195562,0.626037,0.626037,0.000000,C-06,0,0,0,1,1,0,-0.008215,-0.302647,0.8125,1.2807,0.2592,2,ok
0,2194,3.895613,0.744970,2.070239,-0.002894,0.033755,8.602884,0.195818,0.639947,0.639947,0.000000,,0,0,0,1,1,0,-0.004963,-0.285510,0.8333,1.2248,0.2583,2,ok
0,2195,3.884624,0.765841,2.103849,-0.002380,0.067364,8.626466,0.196774,0.546290,0.546290,0.000000,,0,0,0,1,1,0,-0.001896,-0.265009,0.8333,1.1742,0.2546,2,ok
0,2196,3.874848,0.782917,2.133125,-0.001257,0.096641,8.644595,0.196938,0.590574,0.590574,0.000000,,0,0,0,1,1,0,0.001813,-0.238681,0.7917,1.1400,0.2555,2,ok
0,2197,3.862224,0.803083,2.153758,-0.000172,0.069820,8.669812,0.198452,0.335171,0.335171,0.000000,C-06,0,0,0,1,1,0,0.003639,-0.221887,0.7917,1.1481,0.2597,2,ok
0,2198,3.851239,0.819791,2.149947,0.001243,0.066009,8.689757,0.200313,-0.116341,-0.116341,0.000000,C-06,0,0,0,1,1,0,0.009626,-0.239286,0.8125,1.0325,0.2503,2,ok
0,2199,3.838107,0.839968,2.135257,0.002168,0.001501,8.713906,0.201228,-0.259805,-0.259805,0.000000,,0,0,0,1,1,0,0.009869,-0.257320,0.7917,1.0437,0.2527,2,ok
0,2200,3.827355,0.856816,2.146505,0.002300,0.012750,8.733891,0.199239,0.269889,0.269889,0.000000,C-06,0,0,0,1,1,0,0.007320,-0.304697,0.7708,1.0423,0.2509,2,ok
0,2201,3.814257,0.876711,2.183645,0.002795,0.049890,8.756998,0.197551,0.668558,0.668558,0.000000,C-06,0,0,0,1,1,0,0.005996,-0.324470,0.6667,1.0671,0.2503,2,ok
0,2202,3.802844,0.892906,2.211957,0.002772,0.026114,8.777662,0.198425,0.594434,0.594434,0.000000,,0,0,0,1,1,0,0.013344,-0.329833,0.7500,0.8985,0.2428,2,ok
0,2203,3.788194,0.911755,2.265688,0.003909,0.079844,8.801508,0.199528,1.000000,1.000000,0.000000,C-06,0,0,0,1,1,0,0.014131,-0.320185,0.7292,0.8890,0.2459,2,ok
0,2204,3.772527,0.929984,2.297942,0.005584,0.058405,8.825749,0.200811,0.563882,0.563882,0.000000,C-06,0,0,0,1,1,0,0.018653,-0.273356,0.8333,0.8225,0.2542,2,ok
0,2205,3.759127,0.944906,2.311245,0.006886,0.071708,8.845762,0.200603,0.263806,0.263806,0.000000,C-06,0,0,0,1,1,0,0.021806,-0.259980,0.7917,0.7768,0.2527,2,ok
0,2206,3.742887,0.962606,2.316151,0.008702,0.076615,8.869714,0.200183,0.075212,0.075212,0.000000,C-06,0,0,0,1,1,0,0.025262,-0.257475,0.8333,0.6985,0.2534,2,ok
0,2207,3.729300,0.977303,2.319181,0.009175,0.024694,8.890217,0.200143,0.063924,0.063924,0.000000,,0,0,0,1,1,0,0.024823,-0.256531,0.8333,0.6990,0.2540,2,ok
0,2208,3.712750,0.994765,2.345858,0.010024,0.051371,8.914260,0.200337,0.491726,0.491726,0.000000,C-06,0,0,0,1,1,0,0.022614,-0.285157,0.8125,0.6756,0.2543,2,ok
0,2209,3.698622,1.008922,2.365520,0.010835,0.014651,8.934842,0.199806,0.399932,0.399932,0.000000,,0,0,0,1,1,0,0.020792,-0.289123,0.7500,0.6821,0.2589,2,ok
0,2210,3.681509,1.025752,2.361674,0.011184,0.010806,8.958841,0.200032,-0.097397,-0.097397,0.000000,C-06,0,0,0,1,1,0,0.024107,-0.284788,0.7708,0.5917,0.2575,2,ok
0,2211,3.667215,1.039682,2.382841,0.011565,0.031973,8.978796,0.199253,0.494382,0.494382,0.000000,C-06,0,0,0,1,1,0,0.022694,-0.300834,0.7292,0.5633,0.2544,2,ok
0,2212,3.649695,1.055897,2.417112,0.011568,0.009566,9.003334,0.199096,0.622191,0.622191,0.000000,,0,0,0,1,1,0,0.022607,-0.310382,0.7083,0.5253,0.2514,2,ok
0,2213,3.631563,1.071572,2.442370,0.012091,0.034824,9.027296,0.200051,0.456271,0.456271,0.000000,C-06,0,0,0,1,1,0,0.019421,-0.282346,0.7708,0.5481,0.2590,2,ok
0,2214,3.616140,1.084341,2.460555,0.012584,-0.003500,9.048052,0.200372,0.399717,0.399717,0.000000,,0,0,0,1,1,0,0.017434,-0.265262,0.8125,0.5819,0.2616,2,ok
0,2215,3.597356,1.099367,2.478940,0.012612,0.014884,9.072106,0.200569,0.330465,0.330465,0.000000,,0,0,0,1,1,0,0.017775,-0.249663,0.8125,0.5395,0.2608,2,ok
0,2216,3.581533,1.111659,2.487608,0.012920,0.023552,9.092140,0.200365,0.174981,0.174981,0.000000,C-06,0,0,0,1,1,0,0.019140,-0.241996,0.8125,0.4727,0.2583,2,ok
0,2217,3.562476,1.126253,2.488419,0.012452,-0.031244,9.116853,0.200013,0.006153,0.006153,0.000000,C-06,0,0,0,1,1,0,0.016961,-0.242515,0.8125,0.4976,0.2612,2,ok
0,2218,3.546488,1.138391,2.507439,0.011876,-0.012225,9.136918,0.201253,0.439783,0.439783,0.000000,C-06,0,0,0,1,1,0,0.014058,-0.270330,0.7500,0.4734,0.2592,2,ok
0,2219,3.527016,1.152649,2.526886,0.011259,-0.044671,9.161687,0.201203,0.336533,0.336533,0.000000,,0,0,0,1,1,0,0.013239,-0.270126,0.7708,0.4729,0.2594,2,ok
0,2220,3.510587,1.164280,2.542910,0.010232,-0.028646,9.181790,0.201382,0.334525,0.334525,0.000000,,0,0,0,1,1,0,0.012670,-0.255876,0.7500,0.4284,0.2579,2,ok
0,2221,3.490639,1.177925,2.561242,0.009387,-0.010315,9.205944,0.201485,0.314118,0.314118,0.000000,,0,0,0,1,1,0,0.011206,-0.246833,0.7500,0.4299,0.2590,2,ok
0,2222,3.470402,1.191221,2.587575,0.008038,-0.029743,9.230592,0.202502,0.452631,0.452631,0.000000,,0,0,0,1,1,0,0.008247,-0.236954,0.7708,0.4475,0.2616,2,ok
0,2223,3.453266,1.202091,2.612737,0.006988,-0.004580,9.250859,0.203154,0.507363,0.507363,0.000000,,0,0,0,1,1,0,0.007944,-0.224555,0.7500,0.4266,0.2585,2,ok
0,2224,3.432446,1.214426,2.628484,0.006175,-0.030262,9.275295,0.201600,0.244823,0.244823,0.000000,C-06,0,0,0,1,1,0,0.009414,-0.208181,0.7917,0.3944,0.2576,2,ok
0,2225,3.414962,1.224466,2.640905,0.005246,-0.017841,9.295435,0.201650,0.242430,0.242430,0.000000,,0,0,0,1,1,0,0.009351,-0.200788,0.8125,0.3814,0.2619,2,ok
0,2226,3.393877,1.236069,2.645956,0.004576,-0.012791,9.319493,0.200511,0.074632,0.074632,0.000000,C-06,0,0,0,1,1,0,0.008514,-0.200425,0.8333,0.3921,0.2628,2,ok
0,2227,3.376209,1.245635,2.662965,0.003645,-0.031202,9.339689,0.201556,0.350336,0.350336,0.000000,C-06,0,0,0,1,1,0,0.005071,-0.200792,0.8333,0.4063,0.2617,2,ok
0,2228,3.354777,1.257085,2.687137,0.002586,-0.007030,9.363965,0.202967,0.385088,0.385088,0.000000,,0,0,0,1,1,0,0.004278,-0.193955,0.7917,0.3987,0.2603,2,ok
0,2229,3.336814,1.265912,2.683250,0.002105,-0.040817,9.384054,0.199688,-0.116585,-0.116585,0.000000,C-06,0,0,0,1,1,0,0.002887,-0.177716,0.7708,0.4214,0.2636,2,ok
0,2230,3.315406,1.276535,2.660597,0.000980,-0.063469,9.407926,0.198293,-0.380680,-0.380680,0.000000,C-06,0,0,0,1,1,0,0.002427,-0.173525,0.7292,0.4160,0.2650,2,ok
0,2231,3.294015,1.287558,2.684779,-0.000520,-0.039288,9.429002,0.201639,0.436228,0.436228,0.000000,C-06,0,0,0,1,1,0,-0.002802,-0.215393,0.7083,0.3988,0.2614,2,ok
0,2232,3.275956,1.296767,2.710718,-0.002290,-0.041053,9.452130,0.203615,0.491126,0.491126,0.000000,,0,0,0,1,1,0,-0.002472,-0.212084,0.7292,0.3791,0.2630,2,ok
0,2233,3.253946,1.307656,2.754174,-0.004046,0.002403,9.476623,0.205923,0.679269,0.679269,0.000000,C-06,0,0,0,1,1,0,-0.003739,-0.193659,0.7708,0.4072,0.2655,2,ok
0,2234,3.235365,1.315646,2.769012,-0.004765,-0.008775,9.496737,0.201860,0.222224,0.222224,0.000000,C-06,0,0,0,1,1,0,-0.002145,-0.168946,0.8125,0.3962,0.2646,2,ok
0,2235,3.212948,1.324828,2.784051,-0.005362,0.006265,9.520954,0.201882,0.223768,0.223768,0.000000,,0,0,0,1,1,0,-0.000770,-0.147711,0.7917,0.3835,0.2658,2,ok
0,2236,3.194204,1.331873,2.785689,-0.005426,-0.016574,9.540832,0.200098,0.011995,0.011995,0.000000,C-06,0,0,0,1,1,0,-0.001830,-0.134815,0.8125,0.3934,0.2665,2,ok
0,2237,3.171613,1.340236,2.811172,-0.005857,0.008909,9.564917,0.201527,0.403994,0.403994,0.000000,C-06,0,0,0,1,1,0,-0.001924,-0.142079,0.7708,0.3719,0.2650,2,ok
0,2238,3.152632,1.347204,2.830858,-0.006163,0.028594,9.585134,0.202708,0.337027,0.337027,0.000000,,0,0,0,1,1,0,-0.000219,-0.134931,0.7917,0.3474,0.2626,2,ok
0,2239,3.129737,1.354931,2.842452,-0.006307,0.017235,9.609176,0.201264,0.154752,0.154752,0.000000,C-06,0,0,0,1,1,0,0.001702,-0.121379,0.7500,0.3308,0.2636,2,ok
0,2240,3.106807,1.362096,2.840626,-0.005968,0.015410,9.633197,0.200070,-0.037652,-0.037652,0.000000,C-06,0,0,0,1,1,0,0.001993,-0.112799,0.7292,0.3282,0.2639,2,ok
0,2241,3.087705,1.368029,2.840881,-0.005963,-0.007041,9.653046,0.200023,0.008088,0.008088,0.000000,,0,0,0,1,1,0,0.001601,-0.114598,0.7083,0.3350,0.2624,2,ok
0,2242,3.064788,1.375148,2.839106,-0.006205,-0.008817,9.677042,0.199929,-0.027478,-0.027478,0.000000,,0,0,0,1,1,0,0.000701,-0.126716,0.7917,0.3137,0.2659,2,ok
0,2243,3.045673,1.381106,2.848147,-0.006485,-0.020151,9.696947,0.200483,0.172861,0.172861,0.000000,C-06,0,0,0,1,1,0,-0.000706,-0.130756,0.7917,0.3293,0.2661,2,ok
0,2244,3.022662,1.388258,2.858688,-0.007166,-0.009610,9.721034,0.201061,0.147761,0.147761,0.000000,,0,0,0,1,1,0,-0.001841,-0.138697,0.8333,0.3200,0.2654,2,ok
0,2245,3.003432,1.394188,2.868124,-0.007690,-0.000173,9.741151,0.201278,0.160421,0.160421,0.000000,,0,0,0,1,1,0,-0.002413,-0.128878,0.7917,0.3211,0.2662,2,ok
0,2246,2.980274,1.401191,2.884347,-0.008612,-0.005179,9.765150,0.201839,0.231860,0.231860,0.000000,,0,0,0,1,1,0,-0.003150,-0.128873,0.8125,0.3326,0.2665,2,ok
0,2247,2.960877,1.406896,2.907487,-0.009330,0.017961,9.785356,0.202669,0.394227,0.394227,0.000000,C-06,0,0,0,1,1,0,-0.003382,-0.126808,0.7917,0.3334,0.2647,2,ok
0,2248,2.937489,1.413020,2.922188,-0.009632,0.012874,9.809382,0.201354,0.185619,0.185619,0.000000,C-06,0,0,0,1,1,0,-0.002891,-0.114650,0.7708,0.3359,0.2638,2,ok
0,2249,2.914028,1.418821,2.936634,-0.009816,0.027321,9.833549,0.201386,0.195993,0.195993,0.000000,,0,0,0,1,1,0,-0.001599,-0.102677,0.7292,0.3207,0.2624,2,ok
0,2250,2.894466,1.422973,2.925429,-0.009302,0.016115,9.851280,0.199662,-0.211946,-0.211946,0.000000,C-06,0,0,0,1,1,0,-0.001975,-0.099055,0.7292,0.3446,0.2673,2,ok
0,2251,2.871032,1.428091,2.923435,-0.009454,-0.005517,9.877302,0.199906,-0.013798,-0.013798,0.000000,C-06,0,0,0,1,1,0,-0.002179,-0.114634,0.7292,0.3272,0.2637,2,ok
0,2252,2.851494,1.432418,2.929426,-0.009597,0.000475,9.897313,0.200237,0.105819,0.105819,0.000000,,0,0,0,1,1,0,-0.003026,-0.124587,0.7500,0.3131,0.2623,2,ok
0,2253,2.828008,1.437613,2.939431,-0.010088,-0.008108,9.921181,0.200635,0.136347,0.136347,0.000000,,0,0,0,1,1,0,-0.003026,-0.124587,0.7500,0.3131,0.2623,2,ok
0,2254,2.808406,1.441822,2.944202,-0.010475,-0.003336,9.941227,0.200477,0.072178,0.072178,0.000000,,0,0,0,1,1,0,-0.005708,-0.121644,0.8125,0.3471,0.2668,2,ok
0,2255,2.784846,1.446807,2.955902,-0.011025,-0.010974,9.965116,0.200883,0.161264,0.161264,0.000000,,0,0,0,1,1,0,-0.005582,-0.121732,0.7917,0.3234,0.2650,2,ok
0,2256,2.765156,1.450961,2.975910,-0.011689,0.009033,9.985228,0.201550,0.333018,0.333018,0.000000,C-06,0,0,0,1,1,0,-0.006320,-0.119014,0.7708,0.3372,0.2649,2,ok
0,2257,2.741442,1.455852,2.998754,-0.012380,0.031877,10.008505,0.201774,0.295196,0.295196,0.000000,,0,0,0,1,1,0,-0.006157,-0.112446,0.7917,0.3344,0.2668,2,ok
0,2258,2.717652,1.460186,3.019623,-0.012940,0.034361,10.033392,0.201430,0.266273,0.266273,0.000000,,0,0,0,1,1,0,-0.004640,-0.092211,0.7292,0.3350,0.2634,2,ok
0,2259,2.697795,1.462795,3.023630,-0.012400,0.038368,10.053413,0.200193,0.042912,0.042912,0.000000,C-06,0,0,0,1,1,0,-0.003674,-0.080915,0.7292,0.3371,0.2645,2,ok
0,2260,2.673953,1.465805,3.029803,-0.011954,0.026805,10.077202,0.200322,0.081046,0.081046,0.000000,,0,0,0,1,1,0,-0.008304,-0.079254,0.6875,0.4295,0.2726,2,ok
0,2261,2.654074,1.468224,3.033873,-0.011613,0.030875,10.097225,0.200255,0.060179,0.060179,0.000000,,0,0,0,1,1,0,-0.004841,-0.084932,0.7708,0.3776,0.2696,2,ok
0,2262,2.630204,1.471070,3.041227,-0.011301,0.019751,10.121044,0.200390,0.094544,0.094544,0.000000,,0,0,0,1,1,0,-0.004965,-0.088471,0.7917,0.3760,0.2686,2,ok
0,2263,2.610296,1.473424,3.050095,-0.011278,0.028619,10.141090,0.200540,0.136628,0.136628,0.000000,,0,0,0,1,1,0,-0.005992,-0.093121,0.8333,0.4252,0.2681,2,ok
0,2264,2.586385,1.476100,3.060659,-0.011099,0.039183,10.165150,0.200478,0.131447,0.131447,0.000000,,0,0,0,1,1,0,-0.003799,-0.092638,0.8125,0.3738,0.2720,2,ok
0,2265,2.566445,1.478073,3.068089,-0.010998,0.028918,10.185016,0.200361,0.109445,0.109445,0.000000,,0,0,0,1,1,0,-0.003153,-0.087079,0.7708,0.3627,0.2709,2,ok
0,2266,2.542502,1.480247,3.076966,-0.010687,0.037795,10.209055,0.200328,0.109469,0.109469,0.000000,,0,0,0,1,1,0,-0.005164,-0.083475,0.7917,0.4051,0.2661,2,ok
0,2267,2.518545,1.482243,3.086608,-0.010520,0.029768,10.232873,0.200319,0.118709,0.118709,0.000000,,0,0,0,1,1,0,-0.008173,-0.078600,0.7708,0.5016,0.2690,2,ok
0,2268,2.498570,1.483803,3.097192,-0.010429,0.040352,10.252908,0.200389,0.157843,0.157843,0.000000,,0,0,0,1,1,0,-0.006601,-0.076162,0.7292,0.4683,0.2689,2,ok
0,2269,2.474590,1.485278,3.105941,-0.010017,0.031845,10.276796,0.200195,0.102540,0.102540,0.000000,,0,0,0,1,1,0,-0.004699,-0.074542,0.7083,0.4464,0.2672,2,ok
0,2270,2.454600,1.486287,3.111957,-0.009643,0.037861,10.296807,0.200136,0.085532,0.085532,0.000000,,0,0,0,1,1,0,-0.011505,-0.074018,0.7292,0.5948,0.2743,2,ok
0,2271,2.430610,1.487107,3.114308,-0.008804,0.040212,10.320797,0.200030,0.024653,0.024653,0.000000,,0,0,0,1,1,0,-0.006938,-0.072383,0.7708,0.5373,0.2706,2,ok
0,2272,2.410616,1.487752,3.119539,-0.008431,0.027819,10.340628,0.200054,0.079220,0.079220,0.000000,,0,0,0,1,1,0,-0.007224,-0.077406,0.8125,0.5704,0.2645,2,ok
0,2273,2.386620,1.488526,3.131119,-0.008011,0.039399,10.364633,0.200092,0.141785,0.141785,0.000000,,0,0,0,1,1,0,-0.007511,-0.081260,0.8333,0.6165,0.2696,2,ok
0,2274,2.366620,1.489145,3.139750,-0.007812,0.031147,10.384506,0.200078,0.120968,0.120968,0.000000,,0,0,0,1,1,0,-0.006174,-0.081547,0.8125,0.6001,0.2673,2,ok
0,2275,2.342620,1.489698,-3.132806,-0.007582,0.041776,10.408511,0.200026,0.125705,0.125705,0.000000,,0,0,0,1,1,0,-0.004215,-0.075632,0.7917,0.5790,0.2624,2,ok
0,2276,2.318622,1.489740,-3.127468,-0.006947,0.029452,10.432379,0.199981,0.060034,0.060034,0.000000,,0,0,0,1,1,0,-0.001746,-0.080704,0.7708,0.5626,0.2617,2,ok
0,2277,2.298624,1.489480,-3.129847,-0.006381,0.027073,10.452371,0.200005,-0.041465,-0.041465,0.000000,,0,0,0,1,1,0,-0.000728,-0.084568,0.7708,0.5800,0.2663,2,ok
0,2278,2.274627,1.489200,-3.120792,-0.005732,0.036127,10.476361,0.199972,0.119639,0.119639,0.000000,C-06,0,0,0,1,1,0,-0.001030,-0.091921,0.7500,0.5798,0.2599,2,ok
0,2279,2.254633,1.488969,-3.110561,-0.005503,0.029128,10.496256,0.199921,0.148831,0.148831,0.000000,,0,0,0,1,1,0,-0.000187,-0.102852,0.7292,0.5909,0.2692,2,ok
0,2280,2.230651,1.488692,-3.096891,-0.005272,0.042799,10.520239,0.199819,0.166262,0.166262,0.000000,,0,0,0,1,1,0,0.004012,-0.106008,0.7917,0.5236,0.2635,2,ok
0,2281,2.210675,1.488192,-3.088777,-0.004974,0.032908,10.540132,0.199813,0.114204,0.114204,0.000000,,0,0,0,1,1,0,0.004907,-0.106586,0.8333,0.5513,0.2676,2,ok
0,2282,2.186720,1.487462,-3.071057,-0.004704,0.050627,10.564096,0.199607,0.226204,0.226204,0.000000,,0,0,0,1,1,0,0.008334,-0.108729,0.8125,0.4764,0.2644,2,ok
0,2283,2.166785,1.486853,-3.050067,-0.004477,0.071618,10.582810,0.199277,0.321743,0.321743,0.000000,,0,0,0,1,1,0,0.010896,-0.105284,0.8333,0.4391,0.2619,2,ok
0,2284,2.142905,1.485359,-3.034429,-0.003873,0.070060,10.607880,0.199377,0.187096,0.187096,0.000000,,0,0,0,1,1,0,0.010590,-0.104118,0.8125,0.4725,0.2652,2,ok
0,2285,2.119037,1.482887,-3.039567,-0.002271,0.064921,10.631822,0.200046,-0.077185,-0.077185,0.000000,C-06,0,0,0,1,1,0,0.016247,-0.098532,0.7708,0.3838,0.2615,2,ok
0,2286,2.099129,1.480799,-3.053304,-0.001261,0.032524,10.651771,0.200297,-0.217791,-0.217791,0.000000,,0,0,0,1,1,0,0.015960,-0.110213,0.7708,0.3811,0.2640,2,ok
0,2287,2.075231,1.478683,-3.042517,-0.000520,0.043310,10.675750,0.199790,0.165797,0.165797,0.000000,C-06,0,0,0,1,1,0,0.014321,-0.133046,0.7292,0.3748,0.2597,2,ok
0,2288,2.055357,1.476943,-3.014388,-0.000033,0.049497,10.695691,0.199187,0.461958,0.461958,0.000000,C-06,0,0,0,1,1,0,0.014264,-0.144080,0.7292,0.3536,0.2626,2,ok
0,2289,2.031576,1.474442,-3.000010,0.000784,0.063875,10.719590,0.199261,0.164043,0.164043,0.000000,C-06,0,0,0,1,1,0,0.014199,-0.144020,0.7083,0.3487,0.2669,2,ok
0,2290,2.011811,1.472148,-2.974921,0.001677,0.088964,10.739467,0.198610,0.418533,0.418533,0.000000,C-06,0,0,0,1,1,0,0.016053,-0.117838,0.7917,0.3517,0.2661,2,ok
0,2291,1.988154,1.468232,-2.972055,0.003333,0.065838,10.763431,0.199950,0.008794,0.008794,0.000000,C-06,0,0,0,1,1,0,0.018762,-0.101671,0.8125,0.3141,0.2643,3,ok
0,2292,1.968438,1.464887,-2.973555,0.004788,0.064337,10.783376,0.199997,-0.026550,-0.026550,0.000000,,0,0,0,1,1,0,0.020755,-0.096625,0.8125,0.2624,0.2632,2,ok
0,2293,1.944783,1.460875,-2.970133,0.006061,0.039177,10.807518,0.199889,0.048530,0.048530,0.000000,,0,0,0,1,1,0,0.020755,-0.096625,0.8125,0.2624,0.2632,2,ok
0,2294,1.921173,1.456862,-2.950678,0.007005,0.058631,10.831447,0.199228,0.272910,0.272910,0.000000,C-06,0,0,0,1,1,0,0.019671,-0.117722,0.8125,0.2328,0.2628,2,ok
0,2295,1.901553,1.453351,-2.943085,0.007828,0.034818,10.851652,0.199333,0.108400,0.108400,0.000000,C-06,0,0,0,1,1,0,0.020343,-0.113946,0.7708,0.2413,0.2630,2,ok
0,2296,1.878001,1.448713,-2.954541,0.008502,0.023361,10.875646,0.200291,-0.175284,-0.175284,0.000000,C-06,0,0,0,1,1,0,0.021868,-0.107556,0.7917,0.1952,0.2631,3,ok
0,2297,1.858337,1.444829,-2.961204,0.009077,0.016698,10.895682,0.200540,-0.099930,-0.099930,0.000000,,0,0,0,1,1,0,0.018305,-0.117225,0.7292,0.2341,0.2620,2,ok
0,2298,1.834820,1.440484,-2.913970,0.008872,0.032963,10.919906,0.198247,0.740233,0.740233,0.000000,C-06,0,0,0,1,1,0,0.017435,-0.134269,0.7292,0.1896,0.2604,2,ok
0,2299,1.815459,1.436885,-2.862178,0.008547,0.084754,10.939596,0.195737,0.873437,0.873437,0.000000,,0,0,0,1,1,0,0.017621,-0.100806,0.7500,0.2199,0.2643,2,ok
0,2300,1.792416,1.430353,-2.858275,0.010154,0.060924,10.963758,0.199990,-0.006128,-0.006128,0.000000,C-06,0,0,0,1,1,0,0.022928,-0.053559,0.7917,0.2006,0.2647,2,ok
0,2301,1.773197,1.424763,-2.864421,0.011262,0.054777,10.983742,0.200306,-0.112593,-0.112593,0.000000,,0,0,0,1,1,0,0.026042,-0.047594,0.8333,0.1493,0.2626,3,ok
0,2302,1.750048,1.418064,-2.886219,0.012564,0.032979,11.007805,0.201352,-0.323565,-0.323565,0.000000,C-06,0,0,0,1,1,0,0.025871,-0.055927,0.8333,0.1417,0.2666,3,ok
0,2303,1.726792,1.411628,-2.897063,0.013072,-0.002516,11.032213,0.201053,-0.139048,-0.139048,0.000000,C-06,0,0,0,1,1,0,0.021818,-0.085682,0.8125,0.1568,0.2667,3,ok
0,2304,1.703493,1.405649,-2.901553,0.013099,-0.007006,11.056268,0.200417,-0.056952,-0.056952,0.000000,,0,0,0,1,1,0,0.020541,-0.097033,0.7708,0.1245,0.2665,3,ok
0,2305,1.680156,1.399742,-2.910912,0.012719,-0.036971,11.080566,0.200809,-0.133975,-0.133975,0.000000,,0,0,0,1,1,0,0.018404,-0.103209,0.7500,0.1338,0.2648,3,ok
0,2306,1.656911,1.394158,-2.863198,0.011958,0.010743,11.104460,0.197933,0.759770,0.759770,0.000000,C-06,0,0,0,1,1,0,0.015619,-0.113448,0.7083,0.1104,0.2647,2,ok
0,2307,1.637781,1.389525,-2.828718,0.011148,0.027501,11.124382,0.195968,0.574408,0.574408,0.000000,C-06,0,0,0,1,1,0,0.018123,-0.094198,0.7083,0.1016,0.2642,2,ok
0,2308,1.618760,1.383519,-2.828363,0.011472,0.027857,11.144326,0.199820,-0.035635,-0.035635,0.000000,C-06,0,0,0,1,1,0,0.019799,-0.058182,0.7292,0.1211,0.2694,2,ok
0,2309,1.595905,1.376191,-2.835045,0.011967,0.021174,11.166431,0.200196,-0.099475,-0.099475,0.000000,,0,0,0,1,1,0,0.022687,-0.045963,0.7917,0.0677,0.2660,2,ok
0,2310,1.572993,1.368864,-2.843555,0.012088,-0.003521,11.192540,0.200675,-0.123294,-0.123294,0.000000,,0,0,0,1,1,0,0.021389,-0.054414,0.8125,0.0664,0.2649,3,ok
0,2311,1.553864,1.362870,-2.847129,0.012094,-0.007095,11.212587,0.200443,-0.055564,-0.055564,0.000000,,0,0,0,1,1,0,0.020402,-0.059700,0.8542,0.0384,0.2662,3,ok
0,2312,1.534753,1.357046,-2.836149,0.011755,-0.010173,11.232718,0.199444,0.212887,0.212887,0.000000,C-06,0,0,0,1,1,0,0.017765,-0.066830,0.7708,0.0625,0.2669,2,ok
0,2313,1.511947,1.350070,-2.812930,0.011292,0.013046,11.256563,0.198088,0.345591,0.345591,0.000000,,0,0,0,1,1,0,0.018779,-0.060947,0.7917,0.0252,0.2669,2,ok
0,2314,1.489210,1.342374,-2.821058,0.011374,-0.006106,11.280734,0.200486,-0.159346,-0.159346,0.000000,C-06,0,0,0,1,1,0,0.019220,-0.045804,0.7917,0.0393,0.2710,3,ok
0,2315,1.466326,1.334748,-2.852405,0.011150,-0.037453,11.304855,0.201851,-0.476987,-0.476987,0.000000,C-06,0,0,0,1,1,0,0.019270,-0.042476,0.7292,0.0177,0.2665,2,ok
0,2316,1.447262,1.328888,-2.806146,0.010471,-0.000715,11.324860,0.197762,1.000000,1.000000,0.000000,C-06,0,0,0,1,1,0,0.016893,-0.066995,0.7083,-0.0097,0.2677,3,ok
0,2317,1.428571,1.323086,-2.750050,0.009749,0.055381,11.344418,0.193976,1.000000,1.000000,0.000000,,0,0,0,1,1,0,0.016893,-0.066995,0.7083,-0.0097,0.2677,3,ok
0,2318,1.406550,1.314742,-2.717524,0.010322,0.087907,11.367960,0.196561,0.458506,0.458506,0.000000,C-06,0,0,0,1,1,0,0.024282,-0.000392,0.7917,-0.0418,0.2677,3,ok
0,2319,1.384661,1.305000,-2.723115,0.012122,0.074091,11.391924,0.200173,-0.129325,-0.129325,0.000000,C-06,0,0,0,1,1,0,0.027704,0.037265,0.7708,-0.0186,0.2683,3,ok
0,2320,1.366382,1.296875,-2.723786,0.013591,0.073419,11.411874,0.200017,-0.002217,-0.002217,0.000000,,0,0,0,1,1,0,0.031166,0.053344,0.7708,-0.0676,0.2645,3,ok
0,2321,1.348107,1.288755,-2.722549,0.015002,0.068216,11.431911,0.199930,0.024720,0.024720,0.000000,,0,0,0,1,1,0,0.029957,0.051477,0.7708,-0.0206,0.2653,3,ok
0,2322,1.326196,1.279012,-2.719962,0.016618,0.070802,11.455836,0.199741,0.040772,0.040772,0.000000,,0,0,0,1,1,0,0.029957,0.051477,0.7708,-0.0206,0.2653,3,ok
0,2323,1.304254,1.269206,-2.729853,0.018245,0.056222,11.479929,0.200655,-0.164951,-0.164951,0.000000,C-06,0,0,0,1,1,0,0.033409,0.058725,0.7292,-0.0645,0.2631,3,ok
0,2324,1.282197,1.259396,-2.743265,0.019719,0.042810,11.504024,0.201612,-0.207431,-0.207431,0.000000,,0,0,0,1,1,0,0.034663,0.057556,0.7500,-0.0801,0.2633,3,ok
0,2325,1.263704,1.251250,-2.759235,0.020881,0.026839,11.524199,0.202482,-0.295472,-0.295472,0.000000,,0,0,0,1,1,0,0.033347,0.042642,0.7083,-0.0731,0.2662,3,ok
0,2326,1.245120,1.243586,-2.766076,0.021445,0.015655,11.544414,0.200886,-0.107516,-0.107516,0.000000,C-06,0,0,0,1,1,0,0.035761,0.020312,0.6667,-0.1277,0.2626,3,ok
0,2327,1.222795,1.234772,-2.764874,0.021753,0.016858,11.568414,0.199901,0.027110,0.027110,0.000000,,0,0,0,1,1,0,0.033218,0.010422,0.7708,-0.1040,0.2679,3,ok
0,2328,1.200498,1.225978,-2.760217,0.022085,0.018500,11.592340,0.199590,0.072615,0.072615,0.000000,,0,0,0,1,1,0,0.034348,0.014328,0.8125,-0.1383,0.2657,3,ok
0,2329,1.181928,1.218537,-2.762596,0.022480,0.016121,11.612341,0.200175,-0.053189,-0.053189,0.000000,,0,0,0,1,1,0,0.034116,0.026955,0.7917,-0.1382,0.2641,3,ok
0,2330,1.163339,1.211088,-2.764914,0.022840,0.012162,11.632481,0.200332,-0.040706,-0.040706,0.000000,,0,0,0,1,1,0,0.033636,0.026844,0.7708,-0.1297,0.2686,3,ok
0,2331,1.140978,1.202226,-2.775431,0.023101,0.001645,11.656532,0.200766,-0.165344,-0.165344,0.000000,,0,0,0,1,1,0,0.033272,0.023429,0.7500,-0.1228,0.2659,3,ok
0,2332,1.118496,1.193368,-2.793318,0.023317,-0.015830,11.680685,0.201910,-0.270958,-0.270958,0.000000,,0,0,0,1,1,0,0.033994,0.022928,0.7500,-0.1645,0.2697,3,ok
0,2333,1.095895,1.184880,-2.803170,0.023155,-0.025681,11.704827,0.201133,-0.136443,-0.136443,0.000000,,0,0,0,1,1,0,0.031699,0.008335,0.7292,-0.1740,0.2682,3,ok
0,2334,1.076962,1.178098,-2.825239,0.022711,-0.047750,11.724933,0.201704,-0.404425,-0.404425,0.000000,C-06,0,0,0,1,1,0,0.032492,0.000783,0.7708,-0.2215,0.2680,3,ok
0,2335,1.057935,1.171740,-2.830345,0.021846,-0.053100,11.744966,0.200514,-0.063466,-0.063466,0.000000,C-06,0,0,0,1,1,0,0.028943,-0.011326,0.7083,-0.2050,0.2678,3,ok
0,2336,1.035253,1.164335,-2.782291,0.020654,-0.005045,11.768796,0.197274,0.777748,0.777748,0.000000,C-06,0,0,0,1,1,0,0.026211,-0.017275,0.7708,-0.1866,0.2706,3,ok
0,2337,1.012829,1.155989,-2.775403,0.020509,0.004516,11.792631,0.199610,0.048187,0.048187,0.000000,C-06,0,0,0,1,1,0,0.031853,0.024067,0.8542,-0.2536,0.2664,3,ok
0,2338,0.994097,1.148869,-2.794085,0.020551,-0.014166,11.812669,0.201016,-0.373181,-0.373181,0.000000,C-06,0,0,0,1,1,0,0.032922,0.043961,0.8333,-0.2672,0.2672,3,ok
0,2339,0.975231,1.141744,-2.812441,0.020540,-0.029556,11.832865,0.202170,-0.317758,-0.317758,0.000000,,0,0,0,1,1,0,0.030555,0.030442,0.7708,-0.2437,0.2687,3,ok
0,2340,0.952522,1.133931,-2.810000,0.019792,-0.027114,11.856869,0.199864,0.062166,0.062166,0.000000,C-06,0,0,0,1,1,0,0.027114,0.017478,0.7708,-0.2188,0.2662,3,ok
0,2341,0.929892,1.126115,-2.793346,0.019129,-0.006439,11.880620,0.199018,0.258404,0.258404,0.000000,C-06,0,0,0,1,1,0,0.027672,0.018064,0.7917,-0.2719,0.2650,3,ok
0,2342,0.907280,1.117982,-2.809109,0.018942,-0.022201,11.904649,0.200850,-0.272445,-0.272445,0.000000,C-06,0,0,0,1,1,0,0.031148,0.037968,0.7292,-0.3337,0.2623,3,ok
0,2343,0.888323,1.111182,-2.825560,0.018767,-0.038653,11.924184,0.201836,-0.287427,-0.287427,0.000000,,0,0,0,1,1,0,0.029492,0.036051,0.7083,-0.3138,0.2683,3,ok
0,2344,0.869258,1.104389,-2.844152,0.018587,-0.052721,11.944990,0.202722,-0.322821,-0.322821,0.000000,,0,0,0,1,1,0,0.029492,0.036051,0.7083,-0.3138,0.2683,3,ok
0,2345,0.846416,1.097151,-2.809835,0.017526,-0.018403,11.968928,0.198410,0.582122,0.582122,0.000000,C-06,0,0,0,1,1,0,0.027500,0.013717,0.7500,-0.3818,0.2676,3,ok
0,2346,0.823833,1.089951,-2.783618,0.016626,0.014550,11.992515,0.197151,0.369991,0.369991,0.000000,C-06,0,0,0,1,1,0,0.031458,0.044986,0.8333,-0.4418,0.2677,3,ok
0,2347,0.805079,1.083061,-2.792783,0.016758,0.005385,12.012494,0.200384,-0.215944,-0.215944,0.000000,C-06,0,0,0,1,1,0,0.031239,0.075352,0.7917,-0.4020,0.2707,3,ok
0,2348,0.786252,1.076101,-2.801954,0.016997,0.003000,12.032448,0.200977,-0.156840,-0.156840,0.000000,,0,0,0,1,1,0,0.032883,0.083925,0.7917,-0.4322,0.2723,3,ok
0,2349,0.763562,1.067750,-2.817946,0.017340,-0.012991,12.056623,0.201940,-0.238917,-0.238917,0.000000,,0,0,0,1,1,0,0.031985,0.080127,0.7917,-0.4441,0.2716,3,ok
0,2350,0.740723,1.059451,-2.841657,0.017669,-0.028217,12.080752,0.202957,-0.348390,-0.348390,0.000000,,0,0,0,1,1,0,0.033319,0.076159,0.7917,-0.5132,0.2686,3,ok
0,2351,0.717726,1.051671,-2.861287,0.017605,-0.047847,12.105030,0.202257,-0.274063,-0.274063,0.000000,,0,0,0,1,1,0,0.032058,0.056545,0.7500,-0.5520,0.2676,3,ok
0,2352,0.698444,1.045430,-2.885170,0.017325,-0.061637,12.125125,0.203199,-0.412934,-0.412934,0.000000,,0,0,0,1,1,0,0.029725,0.048567,0.7292,-0.5375,0.2655,3,ok
0,2353,0.679066,1.039886,-2.897279,0.016510,-0.073746,12.145265,0.201409,-0.183774,-0.183774,0.000000,C-06,0,0,0,1,1,0,0.030352,0.047906,0.7292,-0.5642,0.2634,3,ok
0,2354,0.655917,1.033962,-2.844538,0.014871,-0.021004,12.169103,0.197577,0.857277,0.857277,0.000000,C-06,0,0,0,1,1,0,0.024277,0.025495,0.8125,-0.5541,0.2684,3,ok
0,2355,0.633086,1.027822,-2.814004,0.013776,0.020719,12.192566,0.196955,0.406414,0.406414,0.000000,C-06,0,0,0,1,1,0,0.029255,0.082830,0.8125,-0.6016,0.2675,3,ok
0,2356,0.614158,1.021465,-2.813185,0.014081,0.021538,12.212531,0.199941,-0.017240,-0.017240,0.000000,C-06,0,0,0,1,1,0,0.034760,0.118179,0.8125,-0.6766,0.2708,3,ok
0,2357,0.595233,1.015017,-2.810877,0.014666,0.035785,12.232319,0.199862,0.044890,0.044890,0.000000,,0,0,0,1,1,0,0.034315,0.134256,0.7500,-0.6540,0.2673,3,ok
0,2358,0.572531,1.007223,-2.811761,0.015522,0.034901,12.256307,0.200059,-0.015460,-0.015460,0.000000,,0,0,0,1,1,0,0.035965,0.148580,0.7083,-0.6781,0.2674,3,ok
0,2359,0.549782,0.999450,-2.823771,0.016512,0.036211,12.280129,0.200685,-0.185786,-0.185786,0.000000,C-06,0,0,0,1,1,0,0.038586,0.163875,0.6875,-0.7372,0.2724,3,ok
0,2360,0.526944,0.991680,-2.834519,0.017605,0.025463,12.304227,0.201255,-0.152761,-0.152761,0.000000,,0,0,0,1,1,0,0.039452,0.168606,0.6875,-0.7639,0.2642,3,ok
0,2361,0.507834,0.985294,-2.850849,0.018530,0.023614,12.324113,0.201901,-0.292678,-0.292678,0.000000,,0,0,0,1,1,0,0.041580,0.177517,0.6458,-0.8250,0.2650,3,ok
0,2362,0.488684,0.979523,-2.844973,0.019001,0.029490,12.344108,0.199647,0.138178,0.138178,0.000000,C-06,0,0,0,1,1,0,0.038587,0.181247,0.6875,-0.7657,0.2630,3,ok
0,2363,0.465727,0.972508,-2.847081,0.019733,0.043429,12.367777,0.200130,-0.039082,-0.039082,0.000000,C-06,0,0,0,1,1,0,0.040122,0.188340,0.7292,-0.8133,0.2571,3,ok
0,2364,0.442701,0.965542,-2.865965,0.020725,0.024544,12.391813,0.200957,-0.288349,-0.288349,0.000000,C-06,0,0,0,1,1,0,0.041157,0.204180,0.7083,-0.8097,0.2587,3,ok
0,2365,0.423387,0.959740,-2.893563,0.021516,-0.003054,12.411459,0.202300,-0.477737,-0.477737,0.000000,C-06,0,0,0,1,1,0,0.038793,0.200178,0.6875,-0.7617,0.2582,3,ok
0,2366,0.403935,0.953938,-2.920905,0.022607,-0.012536,12.431885,0.203520,-0.447363,-0.447363,0.000000,,0,0,0,1,1,0,0.038657,0.195046,0.7083,-0.7716,0.2602,3,ok
0,2367,0.380447,0.947575,-2.948470,0.023294,-0.040101,12.456210,0.202664,-0.365553,-0.365553,0.000000,,0,0,0,1,1,0,0.036269,0.178477,0.7083,-0.7907,0.2582,3,ok
0,2368,0.356862,0.942422,-2.961837,0.023230,-0.033782,12.479850,0.201085,-0.167243,-0.167243,0.000000,C-06,0,0,0,1,1,0,0.032501,0.166013,0.7083,-0.7212,0.2594,3,ok
0,2369,0.333230,0.937775,-2.970363,0.022733,-0.042307,12.503929,0.200668,-0.109038,-0.109038,0.000000,,0,0,0,1,1,0,0.030516,0.167192,0.6458,-0.7197,0.2591,3,ok
0,2370,0.313555,0.934301,-2.948997,0.022299,-0.000018,12.523417,0.199362,0.393371,0.393371,0.000000,C-06,0,0,0,1,1,0,0.030058,0.179410,0.6875,-0.7054,0.2563,3,ok
0,2371,0.293944,0.930748,-2.940556,0.022020,0.008423,12.543345,0.199304,0.112346,0.112346,0.000000,C-06,0,0,0,1,1,0,0.027980,0.202286,0.7083,-0.6318,0.2555,3,ok
0,2372,0.270442,0.926210,-2.934235,0.022252,0.039170,12.566783,0.199468,0.083063,0.083063,0.000000,,0,0,0,1,1,0,0.031823,0.238817,0.6875,-0.6512,0.2542,3,ok
0,2373,0.246882,0.921336,-2.971029,0.023052,0.002376,12.590829,0.201204,-0.551818,-0.551818,0.000000,C-06,0,0,0,1,1,0,0.035112,0.271549,0.6667,-0.6577,0.2487,3,ok
0,2374,0.227129,0.917260,-2.997356,0.023931,0.001226,12.610444,0.202037,-0.400565,-0.400565,0.000000,C-06,0,0,0,1,1,0,0.032004,0.247521,0.6875,-0.5839,0.2519,3,ok
0,2375,0.207306,0.913353,-3.020130,0.024873,-0.021547,12.630626,0.201961,-0.348166,-0.348166,0.000000,,0,0,0,1,1,0,0.032496,0.242189,0.6875,-0.6102,0.2554,3,ok
0,2376,0.183445,0.909167,-3.048562,0.025714,-0.022235,12.653980,0.201756,-0.360321,-0.360321,0.000000,,0,0,0,1,1,0,0.030877,0.226555,0.6667,-0.5449,0.2604,3,ok
0,2377,0.159512,0.905351,-3.090033,0.026777,-0.063705,12.678192,0.202223,-0.536658,-0.536658,0.000000,C-06,0,0,0,1,1,0,0.029111,0.217022,0.6458,-0.5113,0.2536,3,ok
0,2378,0.135525,0.902105,-3.132418,0.027461,-0.075874,12.701700,0.201368,-0.507405,-0.507405,0.000000,,0,0,0,1,1,0,0.027627,0.196441,0.6458,-0.4653,0.2574,3,ok
0,2379,0.115527,0.901756,-3.115220,0.026033,-0.058675,12.721650,0.199943,0.352969,0.352969,0.000000,C-06,0,0,0,1,1,0,0.025177,0.163890,0.7083,-0.4405,0.2642,3,ok
0,2380,0.095542,0.901603,-3.093178,0.024411,-0.036633,12.740641,0.199783,0.316404,0.316404,0.000000,,0,0,0,1,1,0,0.025986,0.161366,0.7500,-0.4236,0.2625,3,ok
0,2381,0.071569,0.900485,-3.095642,0.024238,-0.006454,12.764728,0.200029,-0.053571,-0.053571,0.000000,C-06,0,0,0,1,1,0,0.029477,0.202736,0.7083,-0.4151,0.2570,3,ok
0,2382,0.047582,0.899305,-3.129269,0.024109,-0.040081,12.786509,0.200222,-0.446835,-0.446835,0.000000,C-06,0,0,0,1,1,0,0.031868,0.217504,0.6875,-0.3857,0.2565,3,ok
0,2383,0.027583,0.898322,3.118524,0.024762,-0.042592,12.807916,0.200197,-0.507790,-0.507790,0.000000,,0,0,0,1,1,0,0.032262,0.206752,0.7083,-0.3838,0.2615,3,ok
0,2384,0.007597,0.897568,3.092768,0.025123,-0.068348,12.827913,0.199841,-0.362229,-0.362229,0.000000,,0,0,0,1,1,0,0.031361,0.181225,0.7083,-0.4003,0.2621,3,ok
0,2385,-0.016347,0.897124,3.055344,0.025764,-0.071077,12.850973,0.199290,-0.469290,-0.469290,0.000000,,0,0,0,1,1,0,0.029480,0.160307,0.7083,-0.3607,0.2633,3,ok
0,2386,-0.040222,0.897786,3.024106,0.025467,-0.102314,12.874855,0.198850,-0.387472,-0.387472,0.000000,,0,0,0,1,1,0,0.026370,0.136318,0.7083,-0.3009,0.2663,3,ok
0,2387,-0.064075,0.900480,3.042253,0.023843,-0.050368,12.897927,0.200361,0.283047,0.283047,0.000000,C-06,0,0,0,1,1,0,0.025412,0.108306,0.7083,-0.3037,0.2622,3,ok
0,2388,-0.084000,0.902817,3.069584,0.022508,-0.023036,12.917944,0.200823,0.421043,0.421043,0.000000,,0,0,0,1,1,0,0.025461,0.122956,0.7500,-0.2678,0.2659,3,ok
0,2389,-0.103950,0.904342,3.069298,0.022454,0.008927,12.937181,0.200011,-0.039608,-0.039608,0.000000,C-06,0,0,0,1,1,0,0.030240,0.159536,0.7500,-0.2948,0.2631,3,ok
0,2390,-0.127879,0.906089,3.059936,0.022734,-0.000435,12.961172,0.199872,-0.122177,-0.122177,0.000000,,0,0,0,1,1,0,0.030240,0.159536,0.7500,-0.2948,0.2631,3,ok
0,2391,-0.151772,0.907837,3.033601,0.023449,0.003901,12.984433,0.199395,-0.351890,-0.351890,0.000000,C-06,0,0,0,1,1,0,0.036321,0.170772,0.6875,-0.2886,0.2672,3,ok
0,2392,-0.171614,0.909293,2.996484,0.024268,-0.033216,13.004311,0.198493,-0.595635,-0.595635,0.000000,C-06,0,0,0,1,1,0,0.034308,0.163241,0.7083,-0.2588,0.2602,3,ok
0,2393,-0.191344,0.910769,2.958628,0.025250,-0.042871,13.023399,0.197383,-0.351020,-0.351020,0.000000,C-06,0,0,0,1,1,0,0.032431,0.135558,0.7083,-0.2447,0.2616,3,ok
0,2394,-0.214858,0.913818,2.920696,0.025550,-0.080802,13.047107,0.197089,-0.520145,-0.520145,0.000000,C-06,0,0,0,1,1,0,0.032771,0.113742,0.6875,-0.2701,0.2705,3,ok
0,2395,-0.238301,0.918856,2.935517,0.024070,-0.040032,13.070378,0.200436,0.266234,0.266234,0.000000,C-06,0,0,0,1,1,0,0.028468,0.089193,0.7083,-0.2268,0.2675,3,ok
0,2396,-0.261841,0.924037,2.956056,0.022914,-0.019493,13.094454,0.201218,0.275354,0.275354,0.000000,,0,0,0,1,1,0,0.027020,0.080314,0.7500,-0.1980,0.2702,3,ok
0,2397,-0.281541,0.928354,2.981799,0.022054,0.029719,13.114103,0.202071,0.420069,0.420069,0.000000,,0,0,0,1,1,0,0.030886,0.100121,0.7917,-0.2170,0.2667,3,ok
0,2398,-0.301287,0.931646,2.979505,0.022574,0.027425,13.134114,0.199975,-0.074849,-0.074849,0.000000,C-06,0,0,0,1,1,0,0.033163,0.129452,0.7500,-0.1988,0.2658,3,ok
0,2399,-0.324948,0.935494,2.966630,0.023292,0.014550,13.157748,0.199561,-0.177097,-0.177097,0.000000,,0,0,0,1,1,0,0.034056,0.144615,0.7708,-0.1599,0.2626,3,ok
0,2400,-0.348501,0.939342,2.927393,0.024543,-0.003200,13.181369,0.198123,-0.569153,-0.569153,0.000000,C-06,0,0,0,1,1,0,0.036664,0.137518,0.7083,-0.1815,0.2609,3,ok
0,2401,-0.367980,0.942585,2.898802,0.025518,-0.031791,13.201092,0.197138,-0.460394,-0.460394,0.000000,,0,0,0,1,1,0,0.036364,0.132240,0.7083,-0.1761,0.2615,3,ok
0,2402,-0.387343,0.946613,2.879000,0.025969,-0.031889,13.220418,0.197820,-0.316572,-0.316572,0.000000,,0,0,0,1,1,0,0.029957,0.090635,0.7500,-0.0917,0.2645,3,ok
0,2403,-0.410483,0.952442,2.867823,0.025613,-0.043066,13.244277,0.198933,-0.144415,-0.144415,0.000000,C-06,0,0,0,1,1,0,0.031502,0.068737,0.6875,-0.1495,0.2606,3,ok
0,2404,-0.433627,0.958835,2.881928,0.024965,-0.010969,13.267843,0.200541,0.229744,0.229744,0.000000,C-06,0,0,0,1,1,0,0.028530,0.058783,0.6667,-0.0938,0.2654,3,ok
0,2405,-0.456899,0.965263,2.908885,0.024472,0.015988,13.291982,0.201788,0.382256,0.382256,0.000000,C-06,0,0,0,1,1,0,0.033083,0.064531,0.7500,-0.1380,0.2656,3,ok
0,2406,-0.476373,0.969987,2.912817,0.024889,0.036330,13.311570,0.200253,0.035669,0.035669,0.000000,C-06,0,0,0,1,1,0,0.034410,0.087756,0.8125,-0.0814,0.2659,3,ok
0,2407,-0.495841,0.974528,2.907275,0.025648,0.030789,13.331546,0.199760,-0.103273,-0.103273,0.000000,,0,0,0,1,1,0,0.038589,0.105558,0.7292,-0.1195,0.2647,3,ok
0,2408,-0.519135,0.979967,2.888803,0.026638,0.027440,13.355078,0.198920,-0.268478,-0.268478,0.000000,C-06,0,0,0,1,1,0,0.036896,0.111058,0.7292,-0.0654,0.2655,3,ok
0,2409,-0.542282,0.985406,2.858691,0.027835,-0.002671,13.378825,0.197402,-0.435425,-0.435425,0.000000,C-06,0,0,0,1,1,0,0.039940,0.095944,0.7083,-0.1083,0.2675,3,ok
0,2410,-0.561466,0.990779,2.852512,0.027995,-0.008851,13.397395,0.199395,-0.078719,-0.078719,0.000000,C-06,0,0,0,1,1,0,0.036884,0.072194,0.7500,-0.0726,0.2665,3,ok
0,2411,-0.580598,0.996349,2.838282,0.028273,-0.009185,13.418244,0.198896,-0.259049,-0.259049,0.000000,C-06,0,0,0,1,1,0,0.036428,0.060899,0.6875,-0.0632,0.2671,3,ok
0,2412,-0.603502,1.003465,2.839494,0.028156,-0.007972,13.442229,0.200000,0.034983,0.034983,0.000000,C-06,0,0,0,1,1,0,0.034393,0.056115,0.7083,-0.0254,0.2677,3,ok
0,2413,-0.626541,1.010607,2.881229,0.028278,0.045585,13.466038,0.202110,0.652753,0.652753,0.000000,C-06,0,0,0,1,1,0,0.035979,0.059176,0.6875,-0.0512,0.2616,3,ok
0,2414,-0.649714,1.016859,2.871241,0.029332,0.035597,13.490016,0.199546,-0.200846,-0.200846,0.000000,C-06,0,0,0,1,1,0,0.038181,0.099066,0.7292,0.0204,0.2685,3,ok
0,2415,-0.668957,1.022014,2.859735,0.030409,0.035312,13.509580,0.198940,-0.193764,-0.193764,0.000000,,0,0,0,1,1,0,0.042255,0.101115,0.7708,-0.0172,0.2629,3,ok
0,2416,-0.688130,1.027173,2.846417,0.031514,0.021994,13.529405,0.198286,-0.229091,-0.229091,0.000000,,0,0,0,1,1,0,0.042370,0.083288,0.7083,-0.0006,0.2646,3,ok
0,2417,-0.711034,1.033586,2.829801,0.032671,0.014952,13.552912,0.198182,-0.238337,-0.238337,0.000000,,0,0,0,1,1,0,0.043163,0.067408,0.7500,-0.0058,0.2640,3,ok
0,2418,-0.733807,1.040334,2.810768,0.033577,-0.004080,13.576646,0.197858,-0.278118,-0.278118,0.000000,,0,0,0,1,1,0,0.041079,0.054389,0.7292,0.0296,0.2643,3,ok
0,2419,-0.752694,1.046566,2.802844,0.033770,-0.003391,13.596164,0.198983,-0.127972,-0.127972,0.000000,C-06,0,0,0,1,1,0,0.042168,0.036144,0.7292,0.0119,0.2677,3,ok
0,2420,-0.771535,1.052987,2.796064,0.033946,-0.010171,13.616068,0.199053,-0.118622,-0.118622,0.000000,,0,0,0,1,1,0,0.040350,0.027918,0.6875,0.0418,0.2656,3,ok
0,2421,-0.794179,1.061034,2.813156,0.033844,0.006921,13.640099,0.200820,0.270256,0.270256,0.000000,C-06,0,0,0,1,1,0,0.040206,0.023545,0.6667,0.0436,0.2655,3,ok
0,2422,-0.817006,1.069094,2.843906,0.033951,0.044965,13.664070,0.202575,0.460778,0.460778,0.000000,C-06,0,0,0,1,1,0,0.041457,0.029300,0.6458,0.0536,0.2635,3,ok
0,2423,-0.839913,1.076264,2.830263,0.034933,0.031323,13.688054,0.199430,-0.245234,-0.245234,0.000000,C-06,0,0,0,1,1,0,0.046118,0.065985,0.6667,0.0620,0.2628,3,ok
0,2424,-0.858935,1.082230,2.824975,0.035845,0.032535,13.707748,0.199343,-0.083116,-0.083116,0.000000,C-06,0,0,0,1,1,0,0.046900,0.064693,0.7500,0.0753,0.2616,3,ok
0,2425,-0.877913,1.088251,2.815856,0.036707,0.023416,13.727641,0.198853,-0.164664,-0.164664,0.000000,,0,0,0,1,1,0,0.047734,0.051294,0.7083,0.0681,0.2643,3,ok
0,2426,-0.900599,1.095523,2.802256,0.037717,0.015107,13.751275,0.198424,-0.200610,-0.200610,0.000000,,0,0,0,1,1,0,0.047791,0.041391,0.7083,0.0831,0.2653,3,ok
0,2427,-0.923167,1.103030,2.786374,0.038522,-0.000775,13.775045,0.198150,-0.235315,-0.235315,0.000000,,0,0,0,1,1,0,0.046245,0.018590,0.7292,0.1166,0.2635,3,ok
0,2428,-0.941882,1.109661,2.776102,0.038829,-0.007299,13.794751,0.198581,-0.178731,-0.178731,0.000000,,0,0,0,1,1,0,0.045907,0.008958,0.7083,0.1160,0.2644,3,ok
0,2429,-0.960518,1.116450,2.763942,0.039016,-0.019458,13.814584,0.198254,-0.221382,-0.221382,0.000000,,0,0,0,1,1,0,0.045567,-0.004960,0.7083,0.1162,0.2658,3,ok
0,2430,-0.982880,1.125164,2.778498,0.038709,-0.004902,13.838583,0.200624,0.252982,0.252982,0.000000,C-06,0,0,0,1,1,0,0.042974,-0.018892,0.6875,0.1609,0.2669,3,ok
0,2431,-1.005449,1.133868,2.812916,0.038600,0.032622,13.862580,0.202603,0.532259,0.532259,0.000000,C-06,0,0,0,1,1,0,0.045621,-0.013575,0.6250,0.1132,0.2639,3,ok
0,2432,-1.028167,1.141626,2.811079,0.039431,0.030784,13.886572,0.199759,-0.065574,-0.065574,0.000000,C-06,0,0,0,1,1,0,0.047027,0.009798,0.7292,0.1531,0.2650,3,ok
0,2433,-1.047049,1.148074,2.799379,0.040109,0.021149,13.906541,0.199184,-0.219884,-0.219884,0.000000,C-06,0,0,0,1,1,0,0.048290,0.024933,0.7500,0.2096,0.2671,3,ok
0,2434,-1.065876,1.154704,2.796085,0.040597,0.017855,13.926495,0.199647,-0.043751,-0.043751,0.000000,C-06,0,0,0,1,1,0,0.049822,0.018784,0.7292,0.1909,0.2667,3,ok
0,2435,-1.088432,1.162709,2.789669,0.041157,0.012322,13.950300,0.199263,-0.097766,-0.097766,0.000000,,0,0,0,1,1,0,0.049097,-0.001146,0.7292,0.2119,0.2680,3,ok
0,2436,-1.110926,1.170741,2.781090,0.041709,0.003743,13.974178,0.198971,-0.128695,-0.128695,0.000000,,0,0,0,1,1,0,0.048177,-0.008217,0.7083,0.2338,0.2684,3,ok
0,2437,-1.129622,1.177636,2.775992,0.041958,-0.001691,13.994133,0.199292,-0.088013,-0.088013,0.000000,,0,0,0,1,1,0,0.046072,-0.015316,0.7083,0.2894,0.2700,3,ok
0,2438,-1.148275,1.184594,2.768686,0.042122,-0.008997,14.014041,0.198929,-0.134068,-0.134068,0.000000,,0,0,0,1,1,0,0.046072,-0.015316,0.7083,0.2894,0.2700,3,ok
0,2439,-1.170640,1.193281,2.772960,0.041999,-0.004723,14.038034,0.200155,0.076591,0.076591,0.000000,C-06,0,0,0,1,1,0,0.046859,-0.034485,0.6667,0.2642,0.2646,3,ok
0,2440,-1.193138,1.201973,2.801297,0.041868,0.022862,14.062241,0.201876,0.448145,0.448145,0.000000,C-06,0,0,0,1,1,0,0.044072,-0.043789,0.6667,0.3376,0.2676,3,ok
0,2441,-1.215790,1.210105,2.806779,0.042313,0.028344,14.086304,0.200460,0.056229,0.056229,0.000000,C-06,0,0,0,1,1,0,0.047335,-0.023523,0.6875,0.3448,0.2752,3,ok
0,2442,-1.234663,1.216689,2.801178,0.042843,0.020232,14.106335,0.199682,-0.110889,-0.110889,0.000000,C-06,0,0,0,1,1,0,0.047752,-0.023480,0.7500,0.3924,0.2712,3,ok
0,2443,-1.253533,1.223367,2.807280,0.043281,0.026334,14.126347,0.200380,0.122118,0.122118,0.000000,C-06,0,0,0,1,1,0,0.050559,-0.028324,0.7083,0.3415,0.2669,3,ok
0,2444,-1.276216,1.231309,2.809926,0.043858,0.025103,14.150495,0.200265,0.032555,0.032555,0.000000,,0,0,0,1,1,0,0.047604,-0.028180,0.7292,0.4225,0.2641,3,ok
0,2445,-1.298882,1.239127,2.802640,0.044507,0.017817,14.174463,0.199561,-0.115805,-0.115805,0.000000,,0,0,0,1,1,0,0.048447,-0.025113,0.7083,0.4462,0.2643,3,ok
0,2446,-1.317736,1.245726,2.800709,0.044932,0.010695,14.194692,0.199784,-0.026759,-0.026759,0.000000,,0,0,0,1,1,0,0.049213,-0.042126,0.6875,0.4490,0.2661,3,ok
0,2447,-1.336542,1.252411,2.786932,0.045170,-0.003082,14.214649,0.199172,-0.258413,-0.258413,0.000000,C-06,0,0,0,1,1,0,0.048791,-0.047355,0.6667,0.4532,0.2604,3,ok
0,2448,-1.359036,1.260717,2.784865,0.045165,-0.005149,14.238628,0.199868,-0.016287,-0.016287,0.000000,C-06,0,0,0,1,1,0,0.048193,-0.066889,0.6875,0.4771,0.2633,3,ok
0,2449,-1.381595,1.269096,2.803499,0.044947,0.007033,14.263033,0.201135,0.296413,0.296413,0.000000,C-06,0,0,0,1,1,0,0.045474,-0.082999,0.6458,0.5154,0.2650,2,ok
0,2450,-1.404249,1.277082,2.805491,0.045115,0.009025,14.287052,0.200101,0.012402,0.012402,0.000000,C-06,0,0,0,1,1,0,0.048431,-0.080690,0.6875,0.5194,0.2638,2,ok
0,2451,-1.423142,1.283709,2.809549,0.045154,0.005218,14.307467,0.200336,0.074421,0.074421,0.000000,,0,0,0,1,1,0,0.049646,-0.082480,0.7500,0.5055,0.2651,2,ok
0,2452,-1.442074,1.290335,2.817243,0.045165,0.012912,14.327524,0.200792,0.139027,0.139027,0.000000,,0,0,0,1,1,0,0.050845,-0.090586,0.7083,0.5092,0.2663,3,ok
0,2453,-1.464809,1.298032,2.813057,0.045360,-0.001277,14.351865,0.199848,-0.073749,-0.073749,0.000000,C-06,0,0,0,1,1,0,0.051084,-0.093845,0.7292,0.5319,0.2651,3,ok
0,2454,-1.487508,1.305714,2.808550,0.045442,-0.005784,14.375828,0.199570,-0.065103,-0.065103,0.000000,,0,0,0,1,1,0,0.051442,-0.109058,0.7500,0.5337,0.2660,2,ok
0,2455,-1.506385,1.312116,2.800612,0.045498,-0.013722,14.394332,0.199088,-0.145431,-0.145431,0.000000,,0,0,0,1,1,0,0.051252,-0.113400,0.7500,0.5184,0.2625,2,ok
0,2456,-1.525197,1.318519,2.789744,0.045320,-0.035631,14.416081,0.198456,-0.195356,-0.195356,0.000000,,0,0,0,1,1,0,0.049804,-0.130887,0.7083,0.5286,0.2608,2,ok
0,2457,-1.547639,1.326334,2.768075,0.044959,-0.057300,14.439842,0.197419,-0.332212,-0.332212,0.000000,,0,0,0,1,1,0,0.049790,-0.147723,0.7292,0.5053,0.2582,2,ok
0,2458,-1.569844,1.334381,2.736021,0.044008,-0.102243,14.464177,0.196267,-0.493854,-0.493854,0.000000,C-06,0,0,0,1,1,0,0.051483,-0.166780,0.7292,0.4707,0.2556,2,ok
0,2459,-1.592052,1.343530,2.776902,0.041913,-0.061361,14.488104,0.201906,0.721917,0.721917,0.000000,C-06,0,0,0,1,1,0,0.044315,-0.237226,0.8125,0.4733,0.2549,2,ok
0,2460,-1.610837,1.351220,2.805030,0.040049,-0.048629,14.508840,0.203750,0.479085,0.479085,0.000000,C-06,0,0,0,1,1,0,0.044937,-0.226199,0.8333,0.4527,0.2590,2,ok
0,2461,-1.629771,1.358403,2.822092,0.038595,-0.031567,14.529039,0.202412,0.284925,0.284925,0.000000,C-06,0,0,0,1,1,0,0.045923,-0.202373,0.8333,0.4556,0.2548,2,ok
0,2462,-1.652553,1.366065,2.819537,0.037718,-0.052489,14.553738,0.200040,-0.061039,-0.061039,0.000000,C-06,0,0,0,1,1,0,0.046319,-0.194034,0.8125,0.4474,0.2576,2,ok
0,2463,-1.675362,1.373668,2.832074,0.036542,-0.039952,14.577751,0.200717,0.198213,0.198213,0.000000,C-06,0,0,0,1,1,0,0.043106,-0.213531,0.7917,0.4397,0.2629,2,ok
0,2464,-1.694436,1.379998,2.840204,0.035584,-0.031822,14.597826,0.201104,0.135404,0.135404,0.000000,,0,0,0,1,1,0,0.043393,-0.217606,0.7708,0.4109,0.2629,2,ok
0,2465,-1.713529,1.386016,2.837613,0.034610,-0.054163,14.618530,0.200041,-0.058749,-0.058749,0.000000,C-06,0,0,0,1,1,0,0.041879,-0.221970,0.7500,0.3988,0.2638,2,ok
0,2466,-1.736486,1.393205,2.855610,0.033391,-0.036167,14.642555,0.200963,0.280518,0.280518,0.000000,C-06,0,0,0,1,1,0,0.040201,-0.228283,0.7500,0.3697,0.2625,2,ok
0,2467,-1.759667,1.400177,2.909844,0.032133,-0.005953,14.667541,0.202980,0.820161,0.820161,0.000000,C-06,0,0,0,1,1,0,0.037899,-0.229613,0.7292,0.3837,0.2643,2,ok
0,2468,-1.783203,1.407134,2.983796,0.030678,0.067999,14.692040,0.205739,1.000000,1.000000,0.000000,C-06,0,0,0,1,1,0,0.038042,-0.204053,0.7708,0.3667,0.2631,2,ok
0,2469,-1.802983,1.410866,2.998870,0.031407,0.055754,14.712887,0.200917,0.163965,0.163965,0.000000,C-06,0,0,0,1,1,0,0.042201,-0.131231,0.7708,0.3745,0.2668,2,ok
0,2470,-1.822769,1.413795,2.990167,0.032561,0.047051,14.732856,0.199831,-0.162790,-0.162790,0.000000,C-06,0,0,0,1,1,0,0.044435,-0.103098,0.8125,0.3640,0.2668,2,ok
0,2471,-1.846466,1.417264,2.974663,0.033982,0.031547,14.756763,0.199351,-0.205234,-0.205234,0.000000,,0,0,0,1,1,0,0.043833,-0.109372,0.8125,0.3633,0.2662,2,ok
0,2472,-1.870134,1.421202,2.976167,0.034261,0.001836,14.781917,0.200017,0.034015,0.034015,0.000000,C-06,0,0,0,1,1,0,0.041210,-0.136208,0.7917,0.3407,0.2640,3,ok
0,2473,-1.889877,1.424508,2.987261,0.034355,0.012930,14.801935,0.200349,0.187875,0.187875,0.000000,C-06,0,0,0,1,1,0,0.039645,-0.148901,0.7500,0.3492,0.2640,2,ok
0,2474,-1.909611,1.427593,2.966067,0.034431,-0.039054,14.823096,0.199346,-0.395822,-0.395822,0.000000,C-06,0,0,0,1,1,0,0.039073,-0.148057,0.7708,0.3427,0.2620,2,ok
0,2475,-1.933106,1.431272,2.902506,0.033976,-0.102615,14.846872,0.196858,-0.926313,-0.926313,0.000000,C-06,0,0,0,1,1,0,0.037629,-0.146104,0.7708,0.3599,0.2631,2,ok
0,2476,-1.956372,1.436563,2.888667,0.031892,-0.116453,14.870195,0.199073,-0.130057,-0.130057,0.000000,C-06,0,0,0,1,1,0,0.027823,-0.214831,0.7292,0.3801,0.2692,2,ok
0,2477,-1.979671,1.442463,2.913331,0.028228,-0.121208,14.895660,0.200914,0.380365,0.380365,0.000000,C-06,0,0,0,1,1,0,0.019268,-0.265820,0.7083,0.3865,0.2598,2,ok
0,2478,-1.999200,1.447400,2.935094,0.025200,-0.099445,14.915574,0.201832,0.352240,0.352240,0.000000,,0,0,0,1,1,0,0.013819,-0.265508,0.8125,0.4816,0.2651,2,ok
0,2479,-2.018821,1.452336,2.959006,0.021915,-0.102009,14.936077,0.202726,0.385667,0.385667,0.000000,,0,0,0,1,1,0,0.013114,-0.238448,0.8333,0.4410,0.2633,2,ok
0,2480,-2.042448,1.457142,2.970004,0.018873,-0.091011,14.959996,0.200787,0.127097,0.127097,0.000000,C-06,0,0,0,1,1,0,0.013033,-0.219860,0.8333,0.4075,0.2639,2,ok
0,2481,-2.066123,1.461745,2.984289,0.015915,-0.099748,14.984211,0.201161,0.191988,0.191988,0.000000,,0,0,0,1,1,0,0.010914,-0.210041,0.7708,0.3848,0.2619,2,ok
0,2482,-2.085902,1.465532,3.001843,0.013273,-0.082194,15.004174,0.201610,0.281540,0.281540,0.000000,,0,0,0,1,1,0,0.007229,-0.205773,0.7500,0.4400,0.2668,2,ok
0,2483,-2.105703,1.468453,2.996965,0.011498,-0.087071,15.024111,0.199953,-0.111020,-0.111020,0.000000,C-06,0,0,0,1,1,0,0.006772,-0.198963,0.7917,0.4148,0.2653,2,ok
0,2484,-2.129419,1.471863,2.977372,0.009085,-0.125239,15.048164,0.199375,-0.267042,-0.267042,0.000000,C-06,0,0,0,1,1,0,0.005647,-0.200354,0.7500,0.3620,0.2646,2,ok
0,2485,-2.153138,1.475703,3.005131,0.006153,-0.097480,15.072012,0.200711,0.428609,0.428609,0.000000,C-06,0,0,0,1,1,0,0.002263,-0.225232,0.7083,0.3398,0.2650,2,ok
0,2486,-2.176966,1.479576,3.040161,0.002938,-0.079583,15.096024,0.201540,0.447253,0.447253,0.000000,,0,0,0,1,1,0,-0.002535,-0.222325,0.7917,0.4107,0.2616,2,ok
0,2487,-2.196900,1.482804,3.084443,0.000131,-0.035302,15.116021,0.202235,0.687245,0.687245,0.000000,C-06,0,0,0,1,1,0,-0.002595,-0.203007,0.7708,0.4040,0.2642,2,ok
0,2488,-2.216875,1.484525,3.097731,-0.001169,-0.022013,15.133328,0.200366,0.151535,0.151535,0.000000,C-06,0,0,0,1,1,0,-0.001064,-0.170284,0.8125,0.3812,0.2644,2,ok
0,2489,-2.240858,1.486161,3.110077,-0.002758,-0.027310,15.159997,0.200289,0.148940,0.148940,0.000000,,0,0,0,1,1,0,-0.000817,-0.146605,0.8125,0.3818,0.2609,2,ok
0,2490,-2.264848,1.487066,3.113354,-0.003572,-0.024032,15.183990,0.200042,0.032497,0.032497,0.000000,,0,0,0,1,1,0,-0.003260,-0.137980,0.7917,0.4209,0.2641,2,ok
0,2491,-2.284844,1.487762,3.138993,-0.004475,-0.015609,15.203922,0.200119,0.420880,0.420880,0.000000,C-06,0,0,0,1,1,0,-0.003124,-0.135713,0.7708,0.3897,0.2623,2,ok
0,2492,-2.304842,1.488457,-3.118349,-0.005401,0.010235,15.223911,0.200073,0.363016,0.363016,0.000000,,0,0,0,1,1,0,-0.004350,-0.134944,0.7917,0.4245,0.2640,2,ok
0,2493,-2.328832,1.488338,-3.108211,-0.005754,0.003125,15.247793,0.199905,0.103726,0.103726,0.000000,C-06,0,0,0,1,1,0,-0.000895,-0.113720,0.7708,0.3859,0.2653,2,ok
0,2494,-2.352816,1.487807,-3.102454,-0.005957,0.008882,15.271782,0.199912,0.067629,0.067629,0.000000,,0,0,0,1,1,0,-0.001222,-0.109420,0.7708,0.4093,0.2638,2,ok
0,2495,-2.376795,1.487152,-3.096359,-0.006137,-0.002673,15.295664,0.199888,0.074272,0.074272,0.000000,,0,0,0,1,1,0,-0.001650,-0.108623,0.7292,0.4062,0.2682,2,ok
0,2496,-2.396774,1.486264,-3.096399,-0.006206,-0.002714,15.315663,0.200002,-0.006285,-0.006285,0.000000,,0,0,0,1,1,0,-0.006166,-0.112602,0.7500,0.4761,0.2710,2,ok
0,2497,-2.416752,1.485355,-3.090302,-0.006253,0.003383,15.335661,0.199948,0.098748,0.098748,0.000000,,0,0,0,1,1,0,-0.003016,-0.112622,0.7917,0.4068,0.2694,2,ok
0,2498,-2.440708,1.484264,-3.072273,-0.006612,0.003706,15.359530,0.199738,0.230634,0.230634,0.000000,,0,0,0,1,1,0,-0.004932,-0.118240,0.8125,0.4541,0.2714,2,ok
0,2499,-2.464638,1.483150,-3.058371,-0.007059,0.017608,15.383482,0.199569,0.167923,0.167923,0.000000,,0,0,0,1,1,0,-0.002514,-0.107391,0.8333,0.4132,0.2670,3,ok
0,2500,-2.484556,1.482113,-3.043888,-0.007495,0.014428,15.403283,0.199364,0.220731,0.220731,0.000000,,0,0,0,1,1,0,-0.003460,-0.099626,0.8125,0.4516,0.2682,2,ok
0,2501,-2.504449,1.480709,-3.032231,-0.007773,0.026085,15.423223,0.199404,0.172385,0.172385,0.000000,,0,0,0,1,1,0,-0.002512,-0.098663,0.7917,0.4390,0.2676,2,ok
0,2502,-2.528286,1.478726,-3.017908,-0.007807,0.040408,15.446513,0.199288,0.182882,0.182882,0.000000,,0,0,0,1,1,0,-0.000596,-0.097959,0.7917,0.4083,0.2630,2,ok
0,2503,-2.552081,1.476386,-3.003802,-0.007865,0.036842,15.470930,0.199215,0.180956,0.180956,0.000000,,0,0,0,1,1,0,-0.002365,-0.090455,0.7917,0.4642,0.2698,2,ok
0,2504,-2.575837,1.473520,-2.993857,-0.007386,0.046787,15.494853,0.199396,0.125709,0.125709,0.000000,,0,0,0,1,1,0,-0.000805,-0.080902,0.7500,0.4474,0.2658,2,ok
0,2505,-2.595609,1.470874,-2.987239,-0.007032,0.035676,15.514661,0.199486,0.101333,0.101333,0.000000,,0,0,0,1,1,0,-0.001828,-0.080165,0.7083,0.4627,0.2734,2,ok
0,2506,-2.615361,1.468082,-2.980921,-0.006603,0.041993,15.534606,0.199481,0.098822,0.098822,0.000000,,0,0,0,1,1,0,0.000150,-0.082618,0.7917,0.4491,0.2659,2,ok
0,2507,-2.639055,1.464257,-2.982626,-0.005749,0.023076,15.558487,0.200063,-0.030009,-0.030009,0.000000,,0,0,0,1,1,0,-0.000369,-0.079785,0.7917,0.4797,0.2697,2,ok
0,2508,-2.662736,1.460458,-2.973507,-0.005201,0.032194,15.582465,0.199718,0.130736,0.130736,0.000000,C-06,0,0,0,1,1,0,-0.000222,-0.085968,0.7917,0.4792,0.2674,2,ok
0,2509,-2.682438,1.457295,-2.963582,-0.004742,0.042119,15.602413,0.199384,0.159055,0.159055,0.000000,,0,0,0,1,1,0,-0.000042,-0.087388,0.7917,0.4912,0.2665,2,ok
0,2510,-2.702110,1.454014,-2.957350,-0.004501,0.029557,15.622273,0.199442,0.095183,0.095183,0.000000,,0,0,0,1,1,0,0.000931,-0.084934,0.7917,0.4951,0.2681,2,ok
0,2511,-2.725685,1.449961,-2.948597,-0.004108,0.038310,15.646190,0.199293,0.117915,0.117915,0.000000,,0,0,0,1,1,0,0.001566,-0.096526,0.8125,0.4960,0.2645,2,ok
0,2512,-2.749239,1.445385,-2.948868,-0.003441,0.020240,15.670112,0.200003,-0.010116,-0.010116,0.000000,,0,0,0,1,1,0,0.003080,-0.097006,0.7500,0.4619,0.2643,2,ok
0,2513,-2.772792,1.440786,-2.947821,-0.002904,0.021287,15.694104,0.199966,0.015712,0.015712,0.000000,,0,0,0,1,1,0,0.002822,-0.104386,0.7083,0.4680,0.2621,2,ok
0,2514,-2.792404,1.436953,-2.939841,-0.002601,0.010292,15.714022,0.199675,0.138650,0.138650,0.000000,,0,0,0,1,1,0,-0.002997,-0.112134,0.7292,0.5917,0.2676,2,ok
0,2515,-2.811983,1.433121,-2.932407,-0.002615,0.017727,15.733973,0.199375,0.118702,0.118702,0.000000,,0,0,0,1,1,0,-0.007306,-0.119550,0.7708,0.6702,0.2734,2,ok
0,2516,-2.835436,1.428492,-2.922861,-0.002596,0.027273,15.757878,0.199153,0.129937,0.129937,0.000000,,0,0,0,1,1,0,-0.005925,-0.114901,0.7708,0.6744,0.2730,2,ok
0,2517,-2.858830,1.423743,-2.909901,-0.002745,0.021446,15.781713,0.198802,0.180127,0.180127,0.000000,,0,0,0,1,1,0,-0.003153,-0.112708,0.8125,0.6508,0.2698,2,ok
0,2518,-2.878268,1.419638,-2.897654,-0.002740,0.033693,15.801580,0.198611,0.203776,0.203776,0.000000,,0,0,0,1,1,0,-0.001703,-0.107649,0.8125,0.6232,0.2687,2,ok
0,2519,-2.897652,1.415194,-2.887911,-0.002600,0.023281,15.821405,0.198875,0.158952,0.158952,0.000000,,0,0,0,1,1,0,-0.003304,-0.104214,0.7917,0.6851,0.2687,2,ok
0,2520,-2.920838,1.409687,-2.872656,-0.002550,0.038536,15.845236,0.198447,0.216194,0.216194,0.000000,,0,0,0,1,1,0,-0.004367,-0.098475,0.7917,0.7479,0.2718,2,ok
0,2521,-2.943925,1.403870,-2.857178,-0.002244,0.034965,15.869006,0.198391,0.217934,0.217934,0.000000,,0,0,0,1,1,0,-0.005018,-0.104581,0.7500,0.7902,0.2702,2,ok
0,2522,-2.966944,1.397286,-2.852738,-0.001505,0.039405,15.892936,0.199590,0.053039,0.053039,0.000000,C-06,0,0,0,1,1,0,0.000439,-0.097247,0.7292,0.7028,0.2636,2,ok
0,2523,-2.986111,1.391646,-2.851178,-0.000737,0.040965,15.912901,0.199811,0.024267,0.024267,0.000000,,0,0,0,1,1,0,-0.004593,-0.103216,0.7292,0.8469,0.2816,2,ok
0,2524,-3.005237,1.385921,-2.837633,-0.000239,0.033413,15.932846,0.199292,0.251963,0.251963,0.000000,C-06,0,0,0,1,1,0,-0.014927,-0.111703,0.7292,1.0271,0.2878,2,ok
0,2525,-3.028060,1.379047,-2.816177,0.000270,0.054869,15.956675,0.198034,0.312456,0.312456,0.000000,,0,0,0,1,1,0,-0.007569,-0.114764,0.7500,0.9418,0.2885,2,ok
0,2526,-3.050741,1.371832,-2.801506,0.000957,0.048779,15.980480,0.198380,0.206364,0.206364,0.000000,,0,0,0,1,1,0,-0.001977,-0.107495,0.8125,0.9467,0.2713,2,ok
0,2527,-3.069581,1.365290,-2.797485,0.001854,0.052801,16.000403,0.199514,0.060283,0.060283,0.000000,,0,0,0,1,1,0,-0.000808,-0.105606,0.8125,0.9696,0.2733,2,ok
0,2528,-3.088391,1.358683,-2.792303,0.002820,0.057982,16.020316,0.199248,0.093767,0.093767,0.000000,,0,0,0,1,1,0,0.002434,-0.109522,0.7917,0.9264,0.2738,2,ok
0,2529,-3.110888,1.350679,-2.778696,0.003556,0.049164,16.044254,0.198568,0.208862,0.208862,0.000000,,0,0,0,1,1,0,-0.001581,-0.114046,0.8333,1.0680,0.2759,2,ok
0,2530,-3.133253,1.342615,-2.761793,0.004333,0.066067,16.068016,0.197994,0.255579,0.255579,0.000000,,0,0,0,1,1,0,-0.001711,-0.122979,0.7917,1.1220,0.2741,2,ok
0,2531,-3.155583,1.333826,-2.772890,0.005457,0.032142,16.092089,0.200496,-0.195374,-0.195374,0.000000,C-06,0,0,0,1,1,0,-0.000338,-0.123098,0.7917,1.1789,0.2714,2,ok
0,2532,-3.174295,1.326470,-2.789068,0.006254,0.015964,16.112178,0.201540,-0.295967,-0.295967,0.000000,,0,0,0,1,1,0,-0.000338,-0.123098,0.7917,1.1789,0.2714,2,ok
0,2533,-3.193005,1.319455,-2.768561,0.006638,0.011971,16.132322,0.198997,0.433278,0.433278,0.000000,C-06,0,0,0,1,1,0,-0.001883,-0.146874,0.7500,1.2124,0.2765,2,ok
0,2534,-3.215092,1.310825,-2.707071,0.006936,0.073462,16.156033,0.195426,1.000000,1.000000,0.000000,C-06,0,0,0,1,1,0,-0.007775,-0.187356,0.7500,1.3635,0.2716,2,ok
0,2535,-3.236643,1.301529,-2.666421,0.008048,0.114112,16.179477,0.195780,0.610690,0.610690,0.000000,C-06,0,0,0,1,1,0,0.011386,-0.145056,0.7083,1.1118,0.2673,2,ok
0,2536,-3.254406,1.292436,-2.664328,0.009849,0.090970,16.199562,0.199950,-0.014132,-0.014132,0.000000,C-06,0,0,0,1,1,0,0.013921,-0.120788,0.7917,1.1813,0.2723,2,ok
0,2537,-3.272164,1.283250,-2.662459,0.011685,0.092839,16.219470,0.199852,0.040339,0.040339,0.000000,,0,0,0,1,1,0,0.016788,-0.123887,0.7917,1.1889,0.2643,2,ok
0,2538,-3.293486,1.272186,-2.667347,0.013692,0.060548,16.243752,0.200387,-0.083428,-0.083428,0.000000,,0,0,0,1,1,0,0.014966,-0.139388,0.8333,1.2859,0.2668,2,ok
0,2539,-3.314900,1.261189,-2.679436,0.015199,0.048460,16.267777,0.201051,-0.198439,-0.198439,0.000000,,0,0,0,1,1,0,0.017643,-0.148025,0.7917,1.2439,0.2713,2,ok
0,2540,-3.336451,1.250234,-2.692539,0.016507,0.005878,16.292372,0.201590,-0.206826,-0.206826,0.000000,,0,0,0,1,1,0,0.017528,-0.217919,0.7708,1.2596,0.2561,2,ok
0,2541,-3.354483,1.241490,-2.695289,0.016747,0.003127,16.312410,0.200304,-0.039828,-0.039828,0.000000,C-06,0,0,0,1,1,0,0.011599,-0.246960,0.7292,1.4070,0.2603,2,ok
0,2542,-3.372458,1.232839,-2.678333,0.016926,0.020084,16.332358,0.198800,0.356801,0.356801,0.000000,C-06,0,0,0,1,1,0,0.015835,-0.272997,0.6875,1.2729,0.2577,2,ok
0,2543,-3.393815,1.222426,-2.657525,0.016800,0.005658,16.356667,0.197722,0.329887,0.329887,0.000000,,0,0,0,1,1,0,0.005018,-0.303583,0.7083,1.5084,0.2662,2,ok
0,2544,-3.414945,1.211607,-2.637483,0.016831,0.025700,16.380406,0.197881,0.323108,0.323108,0.000000,,0,0,0,1,1,0,0.014983,-0.297832,0.7292,1.3040,0.2508,2,ok
0,2545,-3.432338,1.202193,-2.612161,0.017159,0.010311,16.400786,0.196926,0.513107,0.513107,0.000000,C-06,0,0,0,1,1,0,0.010035,-0.294266,0.8333,1.4404,0.2632,2,ok
0,2546,-3.449470,1.192447,-2.586626,0.017355,0.035846,16.420495,0.197252,0.510250,0.510250,0.000000,,0,0,0,1,1,0,0.011878,-0.286900,0.8125,1.4175,0.2606,2,ok
0,2547,-3.469700,1.180037,-2.560521,0.018375,0.061951,16.444206,0.197956,0.437567,0.437567,0.000000,,0,0,0,1,1,0,0.016823,-0.279420,0.7708,1.3050,0.2569,2,ok
0,2548,-3.489632,1.166981,-2.541433,0.019186,0.035041,16.469038,0.198692,0.320484,0.320484,0.000000,,0,0,0,1,1,0,0.017509,-0.267670,0.8125,1.3070,0.2582,2,ok
0,2549,-3.509312,1.153500,-2.522977,0.020116,0.053496,16.492875,0.198888,0.321861,0.321861,0.000000,,0,0,0,1,1,0,0.022445,-0.282466,0.7500,1.1908,0.2604,2,ok
0,2550,-3.525558,1.141929,-2.515321,0.020988,0.010084,16.513924,0.199526,0.149296,0.149296,0.000000,C-06,0,0,0,1,1,0,0.020092,-0.288765,0.7708,1.2578,0.2537,2,ok
0,2551,-3.541714,1.130230,-2.506909,0.021215,0.018496,16.533870,0.199482,0.180823,0.180823,0.000000,,0,0,0,1,1,0,0.020291,-0.294879,0.7500,1.2317,0.2590,2,ok
0,2552,-3.560974,1.115999,-2.497553,0.021718,0.027851,16.557811,0.199585,0.165552,0.165552,0.000000,,0,0,0,1,1,0,0.016597,-0.310577,0.7292,1.3199,0.2571,2,ok
0,2553,-3.579969,1.101474,-2.469224,0.021684,0.000558,16.582907,0.199253,0.534246,0.534246,0.000000,C-06,0,0,0,1,1,0,0.016382,-0.342955,0.7083,1.2569,0.2578,2,ok
0,2554,-3.595507,1.088941,-2.452204,0.021869,0.017578,16.602869,0.199765,0.363806,0.363806,0.000000,C-06,0,0,0,1,1,0,0.021170,-0.335478,0.7500,1.1376,0.2462,2,ok
0,2555,-3.610886,1.076166,-2.444328,0.022341,0.025453,16.622025,0.199958,0.158260,0.158260,0.000000,C-06,0,0,0,1,1,0,0.016274,-0.323046,0.8333,1.2339,0.2552,2,ok
0,2556,-3.629150,1.060573,-2.423196,0.021763,-0.009375,16.648153,0.200374,0.406466,0.406466,0.000000,C-06,0,0,0,1,1,0,0.016664,-0.327447,0.8125,1.2118,0.2550,2,ok
0,2557,-3.647144,1.044547,-2.397006,0.021772,0.016815,16.672248,0.201193,0.479246,0.479246,0.000000,,0,0,0,1,1,0,0.016852,-0.325754,0.7500,1.1494,0.2527,2,ok
0,2558,-3.664715,1.028069,-2.372458,0.021365,-0.014894,16.697603,0.200444,0.430265,0.430265,0.000000,,0,0,0,1,1,0,0.015899,-0.330705,0.7500,1.1455,0.2518,2,ok
0,2559,-3.678995,1.014043,-2.356431,0.021186,0.001133,16.717617,0.200021,0.324562,0.324562,0.000000,,0,0,0,1,1,0,0.016577,-0.326143,0.7500,1.1108,0.2503,2,ok
0,2560,-3.693069,0.999841,-2.346736,0.021276,0.010828,16.736178,0.199900,0.191438,0.191438,0.000000,,0,0,0,1,1,0,0.020069,-0.331118,0.7292,0.9947,0.2515,2,ok
0,2561,-3.709777,0.982644,-2.334841,0.020167,-0.033359,16.762757,0.199743,0.208235,0.208235,0.000000,,0,0,0,1,1,0,0.015005,-0.332216,0.7708,1.0740,0.2497,2,ok
0,2562,-3.726160,0.965255,-2.308367,0.019541,-0.006885,16.786640,0.198913,0.489709,0.489709,0.000000,C-06,0,0,0,1,1,0,0.014270,-0.351995,0.6667,1.0138,0.2546,2,ok
0,2563,-3.739424,0.950386,-2.282987,0.018786,-0.036737,16.807624,0.199618,0.560912,0.560912,0.000000,,0,0,0,1,1,0,0.009274,-0.345051,0.6875,1.0681,0.2628,2,ok
0,2564,-3.752270,0.934998,-2.241305,0.018357,0.004944,16.827665,0.201272,0.956039,0.956039,0.000000,C-06,0,0,0,1,1,0,0.011004,-0.333928,0.7708,1.0365,0.2582,2,ok
0,2565,-3.767113,0.915915,-2.204033,0.018673,0.042217,16.849755,0.201861,0.648046,0.648046,0.000000,C-06,0,0,0,1,1,0,0.011213,-0.308282,0.7917,1.0247,0.2600,2,ok
0,2566,-3.781394,0.896365,-2.174994,0.018293,0.017431,16.877040,0.201978,0.501896,0.501896,0.000000,,0,0,0,1,1,0,0.013071,-0.285687,0.8125,0.9864,0.2639,2,ok
0,2567,-3.795057,0.876553,-2.167381,0.018705,0.025044,16.901103,0.200451,0.107340,0.107340,0.000000,C-06,0,0,0,1,1,0,0.015210,-0.274673,0.8125,0.9531,0.2619,2,ok
0,2568,-3.806304,0.860016,-2.169439,0.018360,-0.029046,16.922100,0.199849,-0.055910,-0.055910,0.000000,C-06,0,0,0,1,1,0,0.016145,-0.270319,0.7708,0.8847,0.2584,2,ok
0,2569,-3.817573,0.843403,-2.151312,0.017785,-0.010919,16.942166,0.201576,0.409664,0.409664,0.000000,C-06,0,0,0,1,1,0,0.013460,-0.291860,0.7500,0.8888,0.2602,2,ok
0,2570,-3.830958,0.823176,-2.126631,0.017164,-0.036883,16.967300,0.202293,0.418955,0.418955,0.000000,,0,0,0,1,1,0,0.013319,-0.291946,0.7292,0.8316,0.2556,2,ok
0,2571,-3.843746,0.802711,-2.115037,0.016146,-0.025289,16.991410,0.201023,0.177675,0.177675,0.000000,C-06,0,0,0,1,1,0,0.006328,-0.277026,0.7500,0.9618,0.2639,2,ok
0,2572,-3.854105,0.785515,-2.097254,0.015626,-0.007506,17.011479,0.201411,0.369152,0.369152,0.000000,C-06,0,0,0,1,1,0,0.006840,-0.281071,0.7292,0.9518,0.2630,2,ok
0,2573,-3.864314,0.768089,-2.069096,0.014736,-0.027354,17.032381,0.203015,0.566677,0.566677,0.000000,C-06,0,0,0,1,1,0,0.002228,-0.284728,0.7083,0.9540,0.2719,2,ok
0,2574,-3.876298,0.746846,-2.040623,0.013655,0.001119,17.056747,0.203355,0.448487,0.448487,0.000000,,0,0,0,1,1,0,0.006170,-0.271822,0.7292,0.8750,0.2702,2,ok
0,2575,-3.887747,0.725302,-2.013360,0.012860,-0.017401,17.081769,0.203385,0.428161,0.428161,0.000000,,0,0,0,1,1,0,0.007673,-0.256173,0.7708,0.8283,0.2691,2,ok
0,2576,-3.898472,0.703517,-1.994332,0.011974,0.001627,17.106035,0.202317,0.287654,0.287654,0.000000,,0,0,0,1,1,0,0.008093,-0.235052,0.8125,0.8006,0.2663,2,ok
0,2577,-3.906768,0.685286,-1.995775,0.011852,0.000184,17.126064,0.200111,-0.043984,-0.043984,0.000000,C-06,0,0,0,1,1,0,0.006177,-0.228247,0.7708,0.8449,0.2595,2,ok
0,2578,-3.915039,0.667075,-1.998083,0.011102,-0.045086,17.146524,0.199937,-0.042718,-0.042718,0.000000,,0,0,0,1,1,0,0.006463,-0.226115,0.7917,0.8286,0.2602,2,ok
0,2579,-3.924984,0.645094,-1.966508,0.010039,-0.013511,17.170627,0.202193,0.526479,0.526479,0.000000,C-06,0,0,0,1,1,0,0.001400,-0.257750,0.7500,0.8823,0.2620,2,ok
0,2580,-3.934677,0.622863,-1.948697,0.008896,-0.036720,17.195253,0.202086,0.249096,0.249096,0.000000,C-06,0,0,0,1,1,0,0.002695,-0.245788,0.7292,0.8182,0.2624,2,ok
0,2581,-3.942251,0.604248,-1.942182,0.007933,-0.030206,17.215327,0.200868,0.105224,0.105224,0.000000,,0,0,0,1,1,0,0.004085,-0.241425,0.7292,0.7692,0.2615,2,ok
0,2582,-3.949563,0.585527,-1.916041,0.007252,-0.004064,17.235413,0.201758,0.504102,0.504102,0.000000,C-06,0,0,0,1,1,0,-0.002442,-0.244464,0.7083,0.8799,0.2634,2,ok
0,2583,-3.958322,0.562801,-1.879265,0.005808,-0.005094,17.259987,0.203964,0.536249,0.536249,0.000000,,0,0,0,1,1,0,-0.000785,-0.245610,0.7292,0.8303,0.2643,2,ok
0,2584,-3.966519,0.539838,-1.852539,0.004799,0.021632,17.284349,0.203083,0.366611,0.366611,0.000000,C-06,0,0,0,1,1,0,0.003485,-0.225992,0.7292,0.7647,0.2624,2,ok
0,2585,-3.973895,0.516720,-1.833178,0.004101,0.005177,17.308776,0.202143,0.266129,0.266129,0.000000,,0,0,0,1,1,0,0.005284,-0.214855,0.7708,0.7233,0.2638,2,ok
0,2586,-3.979188,0.497412,-1.837607,0.004033,0.000748,17.328797,0.199932,-0.102130,-0.102130,0.000000,C-06,0,0,0,1,1,0,0.008416,-0.194621,0.7708,0.6238,0.2600,2,ok
0,2587,-3.984466,0.478110,-1.832897,0.003978,0.005458,17.348807,0.200242,0.095710,0.095710,0.000000,C-06,0,0,0,1,1,0,0.005815,-0.199950,0.7292,0.6596,0.2589,2,ok
0,2588,-3.990682,0.454847,-1.802519,0.003285,0.002387,17.373005,0.201344,0.455954,0.455954,0.000000,C-06,0,0,0,1,1,0,0.002906,-0.210483,0.7500,0.6959,0.2647,2,ok
0,2589,-3.996513,0.431456,-1.792271,0.002987,0.012636,17.397109,0.200831,0.116027,0.116027,0.000000,C-06,0,0,0,1,1,0,0.005103,-0.208466,0.7917,0.6416,0.2573,2,ok
0,2590,-4.000987,0.411970,-1.805598,0.002688,-0.033794,17.417190,0.199574,-0.255191,-0.255191,0.000000,C-06,0,0,0,1,1,0,0.006679,-0.210389,0.7500,0.5730,0.2582,2,ok
0,2591,-4.005436,0.392546,-1.816771,0.002222,-0.044966,17.437111,0.199045,-0.178122,-0.178122,0.000000,,0,0,0,1,1,0,0.003401,-0.228519,0.6875,0.5941,0.2598,2,ok
0,2592,-4.011180,0.369191,-1.784745,0.001148,-0.046675,17.461180,0.201204,0.498233,0.498233,0.000000,C-06,0,0,0,1,1,0,-0.005995,-0.258359,0.6667,0.6853,0.2697,2,ok
0,2593,-4.016953,0.345676,-1.759634,-0.000533,-0.021564,17.485336,0.202208,0.326272,0.326272,0.000000,C-06,0,0,0,1,1,0,-0.005293,-0.247596,0.7292,0.6627,0.2614,2,ok
0,2594,-4.022577,0.322010,-1.711818,-0.002043,0.026253,17.509614,0.203401,0.661070,0.661070,0.000000,C-06,0,0,0,1,1,0,-0.002611,-0.224367,0.7917,0.5822,0.2595,2,ok
0,2595,-4.025988,0.302186,-1.697435,-0.002685,0.006776,17.529646,0.200933,0.179241,0.179241,0.000000,C-06,0,0,0,1,1,0,0.001208,-0.198981,0.7500,0.4952,0.2638,2,ok
0,2596,-4.029154,0.282324,-1.678038,-0.003131,0.026172,17.549754,0.201333,0.307126,0.307126,0.000000,,0,0,0,1,1,0,-0.003800,-0.180689,0.7917,0.6524,0.2671,2,ok
0,2597,-4.032879,0.258431,-1.651303,-0.003917,0.018127,17.573779,0.201486,0.337118,0.337118,0.000000,,0,0,0,1,1,0,-0.002566,-0.169057,0.7708,0.6113,0.2636,2,ok
0,2598,-4.035623,0.234492,-1.633530,-0.004367,0.035900,17.597871,0.200701,0.210487,0.210487,0.000000,,0,0,0,1,1,0,0.000582,-0.155532,0.7500,0.5131,0.2640,2,ok
0,2599,-4.037196,0.214527,-1.626872,-0.004029,0.042559,17.617894,0.200232,0.089165,0.089165,0.000000,,0,0,0,1,1,0,0.007462,-0.150523,0.7292,0.2786,0.2448,2,ok
0,2600,-4.038350,0.194563,-1.636272,-0.003855,-0.001091,17.637761,0.199897,-0.163292,-0.163292,0.000000,C-06,0,0,0,1,1,0,-0.001148,-0.150848,0.7292,0.5506,0.2594,2,ok
0,2601,-4.039701,0.170625,-1.648218,-0.003705,-0.013037,17.661737,0.199727,-0.146409,-0.146409,0.000000,,0,0,0,1,1,0,-0.003112,-0.165751,0.7083,0.5620,0.2593,2,ok
0,2602,-4.041516,0.146695,-1.645929,-0.004408,-0.043198,17.685586,0.200030,0.043035,0.043035,0.000000,C-06,0,0,0,1,1,0,-0.004717,-0.195626,0.6042,0.5327,0.2631,2,ok
0,2603,-4.043369,0.122737,-1.606054,-0.005592,-0.003322,17.709587,0.200456,0.545122,0.545122,0.000000,C-06,0,0,0,1,1,0,-0.007631,-0.203968,0.7292,0.5436,0.2597,2,ok
0,2604,-4.044913,0.102741,-1.559922,-0.006578,0.042810,17.728275,0.200588,0.666197,0.666197,0.000000,,0,0,0,1,1,0,-0.008288,-0.187132,0.7917,0.5688,0.2705,2,ok
0,2605,-4.045271,0.082744,-1.546410,-0.006971,0.026731,17.749431,0.199950,0.152926,0.152926,0.000000,C-06,0,0,0,1,1,0,-0.004279,-0.152019,0.7917,0.5285,0.2614,2,ok
0,2606,-4.044725,0.058751,-1.549386,-0.006425,0.023754,17.773424,0.200015,-0.049680,-0.049680,0.000000,C-06,0,0,0,1,1,0,-0.001829,-0.131758,0.7708,0.5087,0.2631,2,ok
0,2607,-4.044212,0.034757,-1.546727,-0.006324,-0.001961,17.797257,0.199987,0.038002,0.038002,0.000000,,0,0,0,1,1,0,-0.004984,-0.140891,0.7708,0.5585,0.2601,2,ok
0,2608,-4.043789,0.014772,-1.515205,-0.006427,0.029561,17.817247,0.199757,0.530899,0.530899,0.000000,C-06,0,0,0,1,1,0,-0.007211,-0.152094,0.7292,0.6151,0.2673,2,ok
0,2609,-4.043364,-0.005185,-1.496647,-0.006527,0.048119,17.834894,0.199515,0.259214,0.259214,0.000000,C-06,0,0,0,1,1,0,-0.005974,-0.156816,0.7083,0.5721,0.2649,2,ok
0,2610,-4.041932,-0.029112,-1.488967,-0.006410,0.029725,17.861005,0.199756,0.086200,0.086200,0.000000,C-06,0,0,0,1,1,0,-0.001273,-0.125293,0.7083,0.5102,0.2616,2,ok
0,2611,-4.039983,-0.053040,-1.499607,-0.005720,0.019085,17.885003,0.200159,-0.146360,-0.146360,0.000000,C-06,0,0,0,1,1,0,-0.004315,-0.124222,0.7083,0.6148,0.2622,2,ok
0,2612,-4.038014,-0.076987,-1.508751,-0.005563,-0.014930,17.908879,0.200283,-0.110158,-0.110158,0.000000,,0,0,0,1,1,0,-0.006336,-0.151905,0.6667,0.6172,0.2624,2,ok
0,2613,-4.036693,-0.096943,-1.498822,-0.005826,-0.005001,17.928877,0.199910,0.175602,0.175602,0.000000,C-06,0,0,0,1,1,0,-0.007900,-0.161844,0.7292,0.6190,0.2653,2,ok
0,2614,-4.035400,-0.116882,-1.485634,-0.006288,-0.016794,17.948711,0.199707,0.197934,0.197934,0.000000,,0,0,0,1,1,0,-0.010159,-0.165516,0.7917,0.6629,0.2593,2,ok
0,2615,-4.033848,-0.140769,-1.462232,-0.007189,0.006608,17.972632,0.199266,0.300940,0.300940,0.000000,,0,0,0,1,1,0,-0.007661,-0.158460,0.7500,0.6057,0.2649,2,ok
0,2616,-4.031913,-0.164606,-1.446756,-0.007702,0.022084,17.994111,0.199266,0.189070,0.189070,0.000000,,0,0,0,1,1,0,-0.007852,-0.145550,0.7500,0.6498,0.2643,2,ok
0,2617,-4.030118,-0.184427,-1.426461,-0.008431,0.017919,18.016263,0.198766,0.323644,0.323644,0.000000,,0,0,0,1,1,0,-0.007983,-0.143306,0.7500,0.6617,0.2603,2,ok
0,2618,-4.028131,-0.204190,-1.406588,-0.008911,0.037793,18.036119,0.198542,0.309945,0.309945,0.000000,,0,0,0,1,1,0,-0.005663,-0.146071,0.7083,0.6282,0.2663,2,ok
0,2619,-4.024360,-0.227873,-1.411743,-0.008446,0.009004,18.059865,0.200049,-0.094053,-0.094053,0.000000,C-06,0,0,0,1,1,0,-0.004608,-0.137686,0.7083,0.6209,0.2636,2,ok
0,2620,-4.020514,-0.251587,-1.420793,-0.008216,-0.000046,18.083888,0.200322,-0.119444,-0.119444,0.000000,,0,0,0,1,1,0,-0.005549,-0.143993,0.6875,0.6518,0.2657,2,ok
0,2621,-4.016672,-0.275330,-1.427953,-0.008170,-0.031785,18.107748,0.200488,-0.090959,-0.090959,0.000000,,0,0,0,1,1,0,-0.010145,-0.182238,0.6250,0.7028,0.2684,2,ok
0,2622,-4.013751,-0.295101,-1.407872,-0.008731,-0.011704,18.127726,0.199515,0.362268,0.362268,0.000000,C-06,0,0,0,1,1,0,-0.013353,-0.193142,0.7083,0.7605,0.2655,2,ok
0,2623,-4.010848,-0.314779,-1.373436,-0.009294,0.022732,18.147609,0.198329,0.567387,0.567387,0.000000,C-06,0,0,0,1,1,0,-0.013353,-0.193142,0.7083,0.7605,0.2655,2,ok
0,2624,-4.006945,-0.338256,-1.351456,-0.009939,0.019766,18.171187,0.198297,0.275851,0.275851,0.000000,C-06,0,0,0,1,1,0,-0.010769,-0.169425,0.7500,0.7579,0.2663,2,ok
0,2625,-4.002313,-0.361640,-1.336367,-0.009983,0.034855,18.195026,0.198653,0.202515,0.202515,0.000000,,0,0,0,1,1,0,-0.008863,-0.148705,0.7292,0.7703,0.2660,2,ok
0,2626,-3.997755,-0.381087,-1.334086,-0.009565,0.011873,18.214724,0.199797,0.028712,0.028712,0.000000,C-06,0,0,0,1,1,0,-0.010364,-0.143697,0.7500,0.8406,0.2663,2,ok
0,2627,-3.993078,-0.400480,-1.311194,-0.009341,0.034766,18.234672,0.198960,0.426026,0.426026,0.000000,C-06,0,0,0,1,1,0,-0.009818,-0.164363,0.7292,0.8463,0.2648,2,ok
0,2628,-3.987458,-0.423592,-1.284778,-0.009029,0.061181,18.258455,0.197572,0.366930,0.366930,0.000000,,0,0,0,1,1,0,0.006381,-0.159088,0.6875,0.3737,0.2367,2,ok
0,2629,-3.980828,-0.446624,-1.289196,-0.008251,0.030544,18.282197,0.200076,-0.096300,-0.096300,0.000000,C-06,0,0,0,1,1,0,-0.008152,-0.154733,0.7292,0.8874,0.2636,2,ok
0,2630,-3.974129,-0.469745,-1.311172,-0.007458,0.008568,18.306256,0.201143,-0.327274,-0.327274,0.000000,C-06,0,0,0,1,1,0,-0.003361,-0.163834,0.7083,0.8057,0.2608,2,ok
0,2631,-3.968803,-0.489093,-1.317150,-0.007449,-0.025562,18.326113,0.200623,-0.082166,-0.082166,0.000000,C-06,0,0,0,1,1,0,-0.004857,-0.210108,0.6458,0.8022,0.2554,2,ok
0,2632,-3.963744,-0.508385,-1.286584,-0.007870,0.005004,18.346053,0.198588,0.591195,0.591195,0.000000,C-06,0,0,0,1,1,0,-0.007276,-0.232389,0.6875,0.8097,0.2562,2,ok
0,2633,-3.957695,-0.531307,-1.253921,-0.008332,0.037667,18.366403,0.196703,0.458178,0.458178,0.000000,,0,0,0,1,1,0,-0.007833,-0.237812,0.7292,0.8008,0.2566,2,ok
0,2634,-3.950912,-0.554027,-1.232375,-0.008798,0.030669,18.393226,0.197664,0.303023,0.303023,0.000000,C-06,0,0,0,1,1,0,-0.002541,-0.203196,0.7500,0.7575,0.2560,2,ok
0,2635,-3.944860,-0.572833,-1.214480,-0.008689,0.048564,18.412982,0.197541,0.316808,0.316808,0.000000,,0,0,0,1,1,0,-0.000442,-0.199763,0.7500,0.7176,0.2577,2,ok
0,2636,-3.938456,-0.591513,-1.196243,-0.008608,0.035784,18.432452,0.197464,0.326171,0.326171,0.000000,,0,0,0,1,1,0,-0.000087,-0.193723,0.7708,0.7151,0.2587,2,ok
0,2637,-3.929972,-0.613799,-1.185568,-0.007997,0.046460,18.456290,0.198812,0.149501,0.149501,0.000000,C-06,0,0,0,1,1,0,0.000308,-0.194378,0.7500,0.7082,0.2563,2,ok
0,2638,-3.920994,-0.636040,-1.186332,-0.007086,0.011713,18.480041,0.199997,-0.023162,-0.023162,0.000000,C-06,0,0,0,1,1,0,0.000684,-0.199612,0.7292,0.6986,0.2568,2,ok
0,2639,-3.911994,-0.658337,-1.197962,-0.006713,0.000083,18.504082,0.200753,-0.185301,-0.185301,0.000000,C-06,0,0,0,1,1,0,-0.000320,-0.212958,0.7083,0.6777,0.2581,2,ok
0,2640,-3.904672,-0.676909,-1.180776,-0.006564,0.017268,18.524045,0.198965,0.357008,0.357008,0.000000,C-06,0,0,0,1,1,0,-0.003251,-0.233756,0.6875,0.6944,0.2584,2,ok
0,2641,-3.897365,-0.695322,-1.158573,-0.006938,0.003080,18.543614,0.197368,0.409686,0.409686,0.000000,,0,0,0,1,1,0,-0.003682,-0.247033,0.6458,0.6616,0.2534,2,ok
0,2642,-3.888419,-0.717128,-1.120163,-0.007288,0.041491,18.567181,0.195603,0.611813,0.611813,0.000000,C-06,0,0,0,1,1,0,-0.002418,-0.234576,0.6875,0.6185,0.2548,2,ok
0,2643,-3.878526,-0.738584,-1.092790,-0.006961,0.029528,18.590505,0.197047,0.424410,0.424410,0.000000,C-06,0,0,0,1,1,0,-0.000706,-0.206728,0.7708,0.6196,0.2586,2,ok
0,2644,-3.869564,-0.756284,-1.080811,-0.006540,0.041506,18.610339,0.198524,0.215355,0.215355,0.000000,C-06,0,0,0,1,1,0,-0.000215,-0.194275,0.7708,0.6236,0.2614,2,ok
0,2645,-3.860332,-0.773848,-1.062609,-0.005816,0.059708,18.630169,0.197758,0.367242,0.367242,0.000000,C-06,0,0,0,1,1,0,0.003874,-0.193881,0.7292,0.5080,0.2646,2,ok
0,2646,-3.848822,-0.794744,-1.051255,-0.005113,0.029820,18.653794,0.198916,0.172388,0.172388,0.000000,C-06,0,0,0,1,1,0,0.002182,-0.187196,0.7500,0.5660,0.2680,2,ok
0,2647,-3.837012,-0.815471,-1.032921,-0.004396,0.048153,18.677639,0.198173,0.312953,0.312953,0.000000,,0,0,0,1,1,0,0.001606,-0.191022,0.7500,0.5822,0.2652,2,ok
0,2648,-3.824830,-0.836018,-1.023115,-0.003628,0.016586,18.701337,0.199143,0.152487,0.152487,0.000000,C-06,0,0,0,1,1,0,0.000665,-0.183589,0.7083,0.5902,0.2630,2,ok
0,2649,-3.814460,-0.853161,-1.038211,-0.003444,0.001490,18.721372,0.201072,-0.339899,-0.339899,0.000000,C-06,0,0,0,1,1,0,0.000101,-0.181637,0.6667,0.5927,0.2657,2,ok
0,2650,-3.804089,-0.870478,-1.055829,-0.003348,-0.016128,18.741556,0.202272,-0.348379,-0.348379,0.000000,,0,0,0,1,1,0,-0.002246,-0.195773,0.6875,0.6204,0.2604,2,ok
0,2651,-3.792158,-0.891212,-1.026375,-0.004298,-0.025664,18.765319,0.197867,0.552588,0.552588,0.000000,C-06,0,0,0,1,1,0,-0.005881,-0.207892,0.6458,0.6553,0.2623,2,ok
0,2652,-3.780025,-0.911542,-0.994588,-0.005156,0.006123,18.788978,0.197429,0.534938,0.534938,0.000000,,0,0,0,1,1,0,-0.009652,-0.217750,0.7083,0.6793,0.2620,2,ok
0,2653,-3.769351,-0.928149,-0.964493,-0.005397,-0.001276,18.808525,0.197561,0.628734,0.628734,0.000000,,0,0,0,1,1,0,-0.006975,-0.203758,0.7708,0.6445,0.2625,2,ok
0,2654,-3.758011,-0.944507,-0.952222,-0.005493,0.010995,18.828429,0.199216,0.226962,0.226962,0.000000,C-06,0,0,0,1,1,0,-0.004520,-0.182292,0.7500,0.6168,0.2617,2,ok
0,2655,-3.744055,-0.963919,-0.931644,-0.005199,0.031574,18.852336,0.198990,0.372774,0.372774,0.000000,,0,0,0,1,1,0,-0.002860,-0.179513,0.7292,0.5963,0.2599,2,ok
0,2656,-3.729705,-0.983021,-0.909165,-0.004976,0.019216,18.876067,0.199258,0.405548,0.405548,0.000000,,0,0,0,1,1,0,-0.001904,-0.175339,0.7292,0.5931,0.2580,2,ok
0,2657,-3.714877,-1.001821,-0.890994,-0.004368,0.037387,18.900003,0.199654,0.326263,0.326263,0.000000,,0,0,0,1,1,0,0.008796,-0.167850,0.7083,0.2873,0.2430,2,ok
0,2658,-3.702290,-1.017359,-0.889592,-0.003860,0.006588,18.919862,0.199996,0.004839,0.004839,0.000000,C-06,0,0,0,1,1,0,0.009650,-0.166874,0.7083,0.2843,0.2431,2,ok
0,2659,-3.689736,-1.032964,-0.901342,-0.003816,-0.005162,18.939890,0.200396,-0.274947,-0.274947,0.000000,C-06,0,0,0,1,1,0,0.001533,-0.163454,0.6667,0.5491,0.2619,2,ok
0,2660,-3.674887,-1.051889,-0.915704,-0.004058,-0.019523,18.963944,0.200528,-0.259292,-0.259292,0.000000,,0,0,0,1,1,0,-0.001790,-0.179482,0.6667,0.5893,0.2636,2,ok
0,2661,-3.660178,-1.070783,-0.894663,-0.005123,-0.029673,18.987726,0.199476,0.426051,0.426051,0.000000,C-06,0,0,0,1,1,0,-0.002506,-0.217052,0.6458,0.5405,0.2589,2,ok
0,2662,-3.647528,-1.086236,-0.870821,-0.005582,-0.005831,19.007691,0.199898,0.536704,0.536704,0.000000,,0,0,0,1,1,0,-0.005469,-0.222448,0.7292,0.5674,0.2600,2,ok
0,2663,-3.634469,-1.101422,-0.847516,-0.005764,-0.013238,19.027571,0.200622,0.515329,0.515329,0.000000,,0,0,0,1,1,0,-0.003934,-0.207913,0.7292,0.5394,0.2622,2,ok
0,2664,-3.618478,-1.119369,-0.836908,-0.005944,-0.002629,19.051607,0.200315,0.165466,0.165466,0.000000,C-06,0,0,0,1,1,0,-0.003997,-0.190582,0.7500,0.5702,0.2608,2,ok
0,2665,-3.602222,-1.137151,-0.815451,-0.005817,0.018827,19.073476,0.200739,0.395484,0.395484,0.000000,C-06,0,0,0,1,1,0,-0.004681,-0.182621,0.7292,0.5885,0.2621,2,ok
0,2666,-3.585565,-1.154505,-0.791601,-0.005934,0.012477,19.099569,0.200179,0.418322,0.418322,0.000000,,0,0,0,1,1,0,-0.006575,-0.168272,0.7500,0.6455,0.2652,2,ok
0,2667,-3.571391,-1.168603,-0.772457,-0.005512,0.031620,19.119556,0.199724,0.394811,0.394811,0.000000,,0,0,0,1,1,0,0.005646,-0.168872,0.6875,0.2938,0.2434,2,ok
0,2668,-3.557056,-1.182549,-0.772437,-0.005224,0.002876,19.139399,0.200027,-0.035445,-0.035445,0.000000,C-06,0,0,0,1,1,0,-0.002216,-0.162410,0.7500,0.6179,0.2641,2,ok
0,2669,-3.539983,-1.199429,-0.788893,-0.005340,-0.013580,19.163407,0.199953,-0.302360,-0.302360,0.000000,C-06,0,0,0,1,1,0,-0.001874,-0.164684,0.6875,0.6088,0.2679,2,ok
0,2670,-3.523206,-1.216560,-0.804553,-0.006040,-0.058298,19.187199,0.199705,-0.269781,-0.269781,0.000000,,0,0,0,1,1,0,-0.004816,-0.186138,0.7083,0.6373,0.2626,2,ok
0,2671,-3.509213,-1.230871,-0.784275,-0.007084,-0.038020,19.207188,0.200004,0.481151,0.481151,0.000000,C-06,0,0,0,1,1,0,-0.009595,-0.228627,0.7083,0.6416,0.2588,2,ok
0,2672,-3.494957,-1.244865,-0.765857,-0.007716,-0.019602,19.227155,0.199587,0.376067,0.376067,0.000000,,0,0,0,1,1,0,-0.009595,-0.228627,0.7083,0.6416,0.2588,2,ok
0,2673,-3.477598,-1.261349,-0.748533,-0.008517,-0.031060,19.250870,0.199346,0.300788,0.300788,0.000000,,0,0,0,1,1,0,-0.009187,-0.218166,0.7708,0.6119,0.2595,2,ok
0,2674,-3.459926,-1.277469,-0.723952,-0.009032,-0.006479,19.274784,0.199372,0.450736,0.450736,0.000000,,0,0,0,1,1,0,-0.008266,-0.211728,0.7500,0.5848,0.2585,2,ok
0,2675,-3.441791,-1.293141,-0.698836,-0.009202,-0.010546,19.298501,0.200060,0.464693,0.464693,0.000000,,0,0,0,1,1,0,-0.008913,-0.196909,0.7500,0.6215,0.2601,2,ok
0,2676,-3.426334,-1.305887,-0.675693,-0.009191,0.012598,19.318536,0.200594,0.515548,0.515548,0.000000,,0,0,0,1,1,0,0.002409,-0.194512,0.7083,0.2923,0.2415,2,ok
0,2677,-3.410716,-1.318383,-0.675127,-0.008883,0.013164,19.338535,0.199973,-0.022219,-0.022219,0.000000,C-06,0,0,0,1,1,0,-0.007453,-0.183690,0.7500,0.6554,0.2615,2,ok
0,2678,-3.391938,-1.333355,-0.668934,-0.009107,-0.008946,19.362282,0.200177,0.120049,0.120049,0.000000,,0,0,0,1,1,0,-0.007308,-0.181991,0.7083,0.6450,0.2630,2,ok
0,2679,-3.373002,-1.348185,-0.653551,-0.009214,0.006437,19.386333,0.200608,0.289680,0.289680,0.000000,C-06,0,0,0,1,1,0,-0.008356,-0.192816,0.6458,0.6392,0.2605,2,ok
0,2680,-3.356956,-1.360323,-0.624105,-0.009314,0.006492,19.406169,0.202101,0.652844,0.652844,0.000000,C-06,0,0,0,1,1,0,-0.011375,-0.199567,0.6667,0.7285,0.2640,2,ok
0,2681,-3.340575,-1.372150,-0.598037,-0.009241,0.032561,19.426373,0.202228,0.536574,0.536574,0.000000,,0,0,0,1,1,0,-0.009062,-0.180163,0.6667,0.6980,0.2669,2,ok
0,2682,-3.320643,-1.385741,-0.584472,-0.008506,0.046126,19.448680,0.200981,0.213620,0.213620,0.000000,C-06,0,0,0,1,1,0,-0.005722,-0.162414,0.6875,0.6723,0.2644,2,ok
0,2683,-3.300638,-1.399037,-0.587006,-0.008157,0.013701,19.474281,0.199988,-0.057274,-0.057274,0.000000,C-06,0,0,0,1,1,0,-0.004521,-0.157713,0.7500,0.6849,0.2637,2,ok
0,2684,-3.280635,-1.412333,-0.583391,-0.007765,0.017316,19.498297,0.200321,0.069494,0.069494,0.000000,,0,0,0,1,1,0,-0.006107,-0.172283,0.7083,0.7298,0.2683,2,ok
0,2685,-3.263856,-1.423350,-0.566201,-0.007829,0.005388,19.518123,0.201450,0.374896,0.374896,0.000000,C-06,0,0,0,1,1,0,-0.009441,-0.180640,0.7083,0.8101,0.2688,2,ok
0,2686,-3.246873,-1.434308,-0.546183,-0.007869,0.025406,19.538335,0.202332,0.406161,0.406161,0.000000,,0,0,0,1,1,0,0.005727,-0.177673,0.6667,0.3329,0.2393,2,ok
0,2687,-3.226274,-1.446953,-0.531778,-0.007559,0.009732,19.562274,0.201411,0.231777,0.231777,0.000000,C-06,0,0,0,1,1,0,-0.007265,-0.175057,0.6458,0.7988,0.2651,2,ok
0,2688,-3.205580,-1.459128,-0.531199,-0.007345,0.010311,19.586283,0.200003,-0.002135,-0.002135,0.000000,C-06,0,0,0,1,1,0,-0.007340,-0.179212,0.6042,0.8497,0.2692,2,ok
0,2689,-3.188370,-1.469260,-0.538605,-0.007171,0.002905,19.606253,0.199389,-0.160557,-0.160557,0.000000,C-06,0,0,0,1,1,0,-0.009171,-0.186011,0.6042,0.8673,0.2651,2,ok
0,2690,-3.171214,-1.479498,-0.540518,-0.007551,-0.029694,19.626038,0.199832,-0.028916,-0.028916,0.000000,,0,0,0,1,1,0,0.022885,-0.223960,0.5417,0.3872,0.1997,2,ok
0,2691,-3.150491,-1.491845,-0.514628,-0.008107,-0.003804,19.650154,0.202129,0.459831,0.459831,0.000000,C-06,0,0,0,1,1,0,0.017538,-0.237018,0.5833,0.3923,0.2042,2,ok
0,2692,-3.129441,-1.504093,-0.487046,-0.008799,-0.006927,19.674198,0.203193,0.446330,0.446330,0.000000,,0,0,0,1,1,0,0.012196,-0.243913,0.6042,0.4075,0.2124,2,ok
0,2693,-3.108018,-1.515866,-0.446622,-0.009385,0.033497,19.698636,0.205129,0.655679,0.655679,0.000000,C-06,0,0,0,1,1,0,-0.005127,-0.217338,0.6667,0.7891,0.2539,2,ok
0,2694,-3.089888,-1.525019,-0.425999,-0.009161,0.054120,19.717670,0.202926,0.362148,0.362148,0.000000,C-06,0,0,0,1,1,0,-0.002681,-0.197857,0.6875,0.7842,0.2545,2,ok
0,2695,-3.071597,-1.533811,-0.406464,-0.009165,0.041403,19.738972,0.202980,0.359892,0.359892,0.000000,,0,0,0,1,1,0,-0.000293,-0.178876,0.7500,0.7406,0.2579,2,ok
0,2696,-3.049477,-1.543716,-0.390790,-0.008474,0.057077,19.763198,0.201906,0.229954,0.229954,0.000000,,0,0,0,1,1,0,0.002134,-0.175892,0.7500,0.6937,0.2550,2,ok
0,2697,-3.027314,-1.552979,-0.398120,-0.007684,0.016836,19.786947,0.199799,-0.133865,-0.133865,0.000000,C-06,0,0,0,1,1,0,0.004192,-0.195595,0.7292,0.6775,0.2568,2,ok
0,2698,-3.008932,-1.560674,-0.412619,-0.007265,0.002337,19.806870,0.198777,-0.277774,-0.277774,0.000000,,0,0,0,1,1,0,0.004560,-0.216144,0.7292,0.6260,0.2590,2,ok
0,2699,-2.990555,-1.568630,-0.395791,-0.007087,0.019165,19.825780,0.200978,0.362745,0.362745,0.000000,C-06,0,0,0,1,1,0,0.003103,-0.241374,0.6667,0.5919,0.2568,2,ok
0,2700,-2.968296,-1.578207,-0.370182,-0.007774,0.011944,19.850847,0.202735,0.386790,0.386790,0.000000,,0,0,0,1,1,0,0.003103,-0.241374,0.6667,0.5919,0.2568,2,ok
0,2701,-2.945804,-1.587701,-0.341915,-0.008261,0.040211,19.875256,0.203644,0.420298,0.420298,0.000000,,0,0,0,1,1,0,0.000680,-0.248894,0.7083,0.6079,0.2620,2,ok
0,2702,-2.923083,-1.596674,-0.313447,-0.008760,0.031796,19.899433,0.203569,0.413159,0.413159,0.000000,,0,0,0,1,1,0,0.001801,-0.225435,0.7708,0.5604,0.2595,2,ok
0,2703,-2.904003,-1.603479,-0.295731,-0.008614,0.049513,19.919689,0.202486,0.296628,0.296628,0.000000,,0,0,0,1,1,0,0.002570,-0.209742,0.7708,0.5295,0.2611,2,ok
0,2704,-2.884803,-1.610043,-0.270559,-0.008478,0.034616,19.939681,0.203507,0.438748,0.438748,0.000000,,0,0,0,1,1,0,0.002270,-0.199233,0.7292,0.5349,0.2621,2,ok
0,2705,-2.861591,-1.617482,-0.243091,-0.008375,0.062084,19.964056,0.203046,0.377659,0.377659,0.000000,,0,0,0,1,1,0,0.003683,-0.187843,0.7292,0.4810,0.2593,2,ok
0,2706,-2.838215,-1.624425,-0.213078,-0.007749,0.092097,19.988434,0.203188,0.412135,0.412135,0.000000,,0,0,0,1,1,0,0.011810,-0.175714,0.6875,0.2267,0.2477,2,ok
0,2707,-2.818674,-1.628781,-0.219046,-0.006641,0.045351,0.015922,0.199827,-0.142185,-0.142185,0.000000,C-06,0,0,0,1,1,0,0.007536,-0.160373,0.6875,0.3741,0.2579,2,ok
0,2708,-2.799185,-1.633037,-0.234525,-0.005642,0.029872,0.035845,0.199167,-0.263594,-0.263594,0.000000,,0,0,0,1,1,0,0.011102,-0.163182,0.6458,0.1985,0.2511,2,ok
0,2709,-2.775866,-1.638343,-0.242361,-0.004969,-0.020685,0.059509,0.199303,-0.099271,-0.099271,0.000000,C-06,0,0,0,1,1,0,0.004192,-0.187393,0.6250,0.3383,0.2588,2,ok
0,2710,-2.752489,-1.644018,-0.209917,-0.005475,0.011759,0.083560,0.201214,0.495230,0.495230,0.000000,C-06,0,0,0,1,1,0,0.007610,-0.214543,0.6458,0.1725,0.2482,2,ok
0,2711,-2.728918,-1.649712,-0.167393,-0.005958,0.054283,0.107804,0.202768,0.571374,0.571374,0.000000,,0,0,0,1,1,0,-0.000379,-0.197726,0.7292,0.3558,0.2608,2,ok
0,2712,-2.709163,-1.653927,-0.146668,-0.006612,0.032469,0.127745,0.201867,0.304520,0.304520,0.000000,C-06,0,0,0,1,1,0,0.002442,-0.172813,0.7500,0.3121,0.2641,2,ok
0,2713,-2.689352,-1.657698,-0.128112,-0.006864,0.051024,0.147910,0.201599,0.285556,0.285556,0.000000,,0,0,0,1,1,0,0.003362,-0.158034,0.7500,0.2967,0.2642,2,ok
0,2714,-2.665553,-1.660916,-0.132922,-0.006193,0.007431,0.171667,0.199960,-0.089594,-0.089594,0.000000,C-06,0,0,0,1,1,0,0.002183,-0.133511,0.6875,0.3024,0.2679,2,ok
0,2715,-2.641732,-1.664103,-0.107349,-0.006116,0.033004,0.195701,0.200590,0.366036,0.366036,0.000000,C-06,0,0,0,1,1,0,0.002161,-0.141695,0.7500,0.2248,0.2641,2,ok
0,2716,-2.621824,-1.666762,-0.084816,-0.006047,0.055537,0.215785,0.201026,0.337733,0.337733,0.000000,,0,0,0,1,1,0,0.003929,-0.132573,0.7292,0.1784,0.2628,2,ok
0,2717,-2.601889,-1.668830,-0.076338,-0.005994,0.030038,0.235621,0.200373,0.109794,0.109794,0.000000,C-06,0,0,0,1,1,0,0.004088,-0.114478,0.7083,0.2080,0.2601,2,ok
0,2718,-2.577960,-1.670699,-0.078692,-0.005423,0.027684,0.259615,0.199972,-0.038209,-0.038209,0.000000,,0,0,0,1,1,0,0.003829,-0.108193,0.6875,0.2218,0.2664,2,ok
0,2719,-2.554032,-1.672587,-0.075242,-0.005213,0.000564,0.283458,0.200053,0.049059,0.049059,0.000000,,0,0,0,1,1,0,0.004328,-0.114668,0.6667,0.1647,0.2664,2,ok
0,2720,-2.530102,-1.674391,-0.077970,-0.005310,-0.002164,0.307456,0.199957,-0.039303,-0.039303,0.000000,,0,0,0,1,1,0,0.004656,-0.119869,0.7083,0.0997,0.2659,2,ok
0,2721,-2.510158,-1.675948,-0.070855,-0.005445,0.004951,0.325826,0.200102,0.119187,0.119187,0.000000,C-06,0,0,0,1,1,0,-0.000171,-0.121096,0.7083,0.1686,0.2679,2,ok
0,2722,-2.490203,-1.677509,-0.064342,-0.006101,-0.015008,0.347335,0.200192,0.094567,0.094567,0.000000,,0,0,0,1,1,0,-0.002358,-0.120139,0.7500,0.1961,0.2665,2,ok
0,2723,-2.466244,-1.679383,-0.051294,-0.006841,-0.001960,0.371356,0.200340,0.164801,0.164801,0.000000,,0,0,0,1,1,0,-0.002019,-0.114820,0.7500,0.1525,0.2676,2,ok
0,2724,-2.442268,-1.681193,-0.038532,-0.007921,-0.012227,0.395201,0.200344,0.154166,0.154166,0.000000,,0,0,0,1,1,0,-0.000958,-0.108326,0.7292,0.0928,0.2660,2,ok
0,2725,-2.422277,-1.682580,-0.018860,-0.008853,0.007445,0.415219,0.200440,0.296005,0.296005,0.000000,,0,0,0,1,1,0,-0.001889,-0.101748,0.7292,0.0927,0.2659,2,ok
0,2726,-2.402279,-1.683743,-0.002746,-0.009629,0.003535,0.435057,0.200259,0.224225,0.224225,0.000000,,0,0,0,1,1,0,-0.000631,-0.090535,0.7083,0.0548,0.2638,2,ok
0,2727,-2.378280,-1.684784,0.017807,-0.010579,0.024087,0.459060,0.200088,0.244378,0.244378,0.000000,,0,0,0,1,1,0,-0.002105,-0.075446,0.6875,0.1114,0.2654,2,ok
0,2728,-2.354286,-1.684687,0.025002,-0.010390,0.031282,0.483053,0.199948,0.072866,0.072866,0.000000,C-06,0,0,0,1,1,0,-0.000125,-0.061680,0.6667,0.0540,0.2677,2,ok
0,2729,-2.330296,-1.684439,0.033777,-0.010450,0.022462,0.506865,0.199902,0.107433,0.107433,0.000000,,0,0,0,1,1,0,-0.000346,-0.043816,0.6250,0.0491,0.2680,2,ok
0,2730,-2.310309,-1.684010,0.038814,-0.010290,0.027499,0.526855,0.199910,0.069888,0.069888,0.000000,,0,0,0,1,1,0,-0.000106,-0.041567,0.6875,0.0246,0.2680,2,ok
0,2731,-2.290325,-1.683346,0.041142,-0.010065,0.014696,0.546692,0.199953,0.030630,0.030630,0.000000,,0,0,0,1,1,0,-0.000444,-0.039466,0.6875,0.0469,0.2711,2,ok
0,2732,-2.266349,-1.682505,0.048418,-0.009919,0.021971,0.570682,0.199892,0.092712,0.092712,0.000000,,0,0,0,1,1,0,0.000820,-0.040562,0.7500,-0.0009,0.2707,2,ok
0,2733,-2.242379,-1.681459,0.051141,-0.009649,0.012155,0.594559,0.199944,0.028880,0.028880,0.000000,,0,0,0,1,1,0,0.001143,-0.035303,0.7292,-0.0147,0.2684,2,ok
0,2734,-2.222406,-1.680499,0.052436,-0.009504,0.013451,0.614555,0.199963,0.018089,0.018089,0.000000,,0,0,0,1,1,0,0.000207,-0.030527,0.7292,-0.0025,0.2696,2,ok
0,2735,-2.202432,-1.679498,0.048537,-0.009318,0.009551,0.634553,0.200014,-0.064261,-0.064261,0.000000,,0,0,0,1,1,0,0.000755,-0.027529,0.6875,-0.0405,0.2691,2,ok
0,2736,-2.178456,-1.678294,0.040749,-0.009327,-0.008963,0.658447,0.200083,-0.096382,-0.096382,0.000000,,0,0,0,1,1,0,0.000189,-0.030036,0.7292,-0.0647,0.2666,2,ok
0,2737,-2.154478,-1.677314,0.045844,-0.009616,-0.003868,0.682443,0.199955,0.071065,0.071065,0.000000,C-06,0,0,0,1,1,0,-0.000492,-0.037598,0.6667,-0.0810,0.2646,2,ok
0,2738,-2.130509,-1.676346,0.056113,-0.010013,-0.002042,0.706370,0.199854,0.129237,0.129237,0.000000,,0,0,0,1,1,0,0.000662,-0.037532,0.7083,-0.1559,0.2683,2,ok
0,2739,-2.110543,-1.675396,0.060000,-0.010239,0.001844,0.726357,0.199888,0.051615,0.051615,0.000000,,0,0,0,1,1,0,0.000643,-0.025193,0.7500,-0.1552,0.2667,2,ok
0,2740,-2.090579,-1.674229,0.059194,-0.010291,-0.006255,0.746271,0.199998,-0.017478,-0.017478,0.000000,,0,0,0,1,1,0,-0.000374,-0.020449,0.7708,-0.1370,0.2686,2,ok
0,2741,-2.066625,-1.672811,0.065383,-0.010481,-0.000067,0.770266,0.199926,0.082832,0.082832,0.000000,,0,0,0,1,1,0,-0.000374,-0.020449,0.7708,-0.1370,0.2686,2,ok
0,2742,-2.042681,-1.671393,0.072158,-0.010671,0.006708,0.791942,0.199834,0.083580,0.083580,0.000000,,0,0,0,1,1,0,-0.000948,-0.008783,0.7500,-0.1546,0.2711,2,ok
0,2743,-2.022736,-1.670135,0.076119,-0.010845,0.005679,0.814191,0.199845,0.056656,0.056656,0.000000,,0,0,0,1,1,0,-0.001549,0.001492,0.7500,-0.1394,0.2731,2,ok
0,2744,-2.002795,-1.668641,0.076727,-0.010772,0.006287,0.834188,0.199984,0.005457,0.005457,0.000000,,0,0,0,1,1,0,0.001162,0.007863,0.7292,-0.2357,0.2675,2,ok
0,2745,-1.978851,-1.666804,0.057844,-0.010737,-0.016421,0.858137,0.200241,-0.255988,-0.255988,0.000000,C-06,0,0,0,1,1,0,0.001437,0.008633,0.7083,-0.2416,0.2697,2,ok
0,2746,-1.954879,-1.664965,0.037801,-0.010753,-0.036465,0.882180,0.200437,-0.242949,-0.242949,0.000000,,0,0,0,1,1,0,0.000234,0.001231,0.7083,-0.2644,0.2673,2,ok
0,2747,-1.930899,-1.664006,0.045414,-0.011655,-0.031095,0.906155,0.199936,0.120083,0.120083,0.000000,C-06,0,0,0,1,1,0,-0.002485,-0.024206,0.6875,-0.2843,0.2623,2,ok
0,2748,-1.910924,-1.663262,0.054176,-0.012467,-0.022333,0.926128,0.199850,0.128601,0.128601,0.000000,,0,0,0,1,1,0,-0.003922,-0.017493,0.7292,-0.2730,0.2618,2,ok
0,2749,-1.890958,-1.662514,0.062186,-0.013274,-0.014323,0.943273,0.199768,0.116719,0.116719,0.000000,,0,0,0,1,1,0,-0.004095,-0.010264,0.7500,-0.2755,0.2629,2,ok
0,2750,-1.867011,-1.661435,0.071092,-0.014064,-0.005703,0.970047,0.199743,0.109142,0.109142,0.000000,,0,0,0,1,1,0,-0.004095,-0.010264,0.7500,-0.2755,0.2629,2,ok
0,2751,-1.843076,-1.659948,0.075865,-0.014446,-0.000930,0.993325,0.199848,0.055401,0.055401,0.000000,,0,0,0,1,1,0,-0.006017,0.023335,0.7500,-0.2420,0.2608,2,ok
0,2752,-1.823136,-1.658586,0.079086,-0.014649,0.003158,1.014007,0.199864,0.047277,0.047277,0.000000,,0,0,0,1,1,0,-0.006768,0.029531,0.7708,-0.2236,0.2618,2,ok
0,2753,-1.803198,-1.657040,0.078343,-0.014668,0.002414,1.034004,0.199992,-0.015548,-0.015548,0.000000,,0,0,0,1,1,0,-0.009145,0.046946,0.7292,-0.1535,0.2644,2,ok
0,2754,-1.779257,-1.655172,0.059125,-0.014593,-0.013820,1.058102,0.200245,-0.260524,-0.260524,0.000000,C-06,0,0,0,1,1,0,-0.009913,0.053108,0.7500,-0.1251,0.2646,2,ok
0,2755,-1.755280,-1.653304,0.023857,-0.014470,-0.049088,1.082151,0.200540,-0.446608,-0.446608,0.000000,C-06,0,0,0,1,1,0,-0.012804,0.051480,0.7083,-0.0756,0.2659,2,ok
0,2756,-1.731285,-1.652649,0.020459,-0.015560,-0.048685,1.106126,0.200012,-0.013158,-0.013158,0.000000,C-06,0,0,0,1,1,0,-0.016986,0.021476,0.6875,-0.0573,0.2679,2,ok
0,2757,-1.711291,-1.652186,0.027561,-0.016555,-0.041583,1.126101,0.199980,0.114345,0.114345,0.000000,,0,0,0,1,1,0,-0.017709,0.015184,0.7500,-0.0584,0.2680,2,ok
0,2758,-1.691302,-1.651724,0.037849,-0.017511,-0.025462,1.146245,0.199914,0.150442,0.150442,0.000000,,0,0,0,1,1,0,-0.017261,0.020846,0.8125,-0.0495,0.2671,2,ok
0,2759,-1.667321,-1.650970,0.041699,-0.018266,-0.021611,1.170226,0.199939,0.040034,0.040034,0.000000,,0,0,0,1,1,0,-0.016297,0.029498,0.7917,-0.0339,0.2676,2,ok
0,2760,-1.643345,-1.650160,0.048770,-0.018966,-0.014541,1.191537,0.199879,0.088818,0.088818,0.000000,,0,0,0,1,1,0,-0.014493,0.039542,0.7500,-0.0369,0.2669,2,ok
0,2761,-1.623372,-1.649464,0.054690,-0.019438,-0.001948,1.214259,0.199842,0.086415,0.086415,0.000000,,0,0,0,1,1,0,-0.012385,0.045286,0.7708,-0.0553,0.2668,2,ok
0,2762,-1.603402,-1.648387,0.054271,-0.019540,-0.002367,1.234258,0.200009,-0.013242,-0.013242,0.000000,,0,0,0,1,1,0,-0.012211,0.051568,0.7083,-0.0152,0.2689,2,ok
0,2763,-1.579425,-1.647065,0.029784,-0.019460,-0.016820,1.258464,0.200207,-0.321444,-0.321444,0.000000,C-06,0,0,0,1,1,0,-0.009762,0.051985,0.7500,-0.0529,0.2664,2,ok
0,2764,-1.555428,-1.645744,-0.001762,-0.019319,-0.048366,1.282496,0.200303,-0.378999,-0.378999,0.000000,,0,0,0,1,1,0,-0.010703,0.037887,0.7083,-0.0439,0.2671,2,ok
0,2765,-1.531428,-1.645687,-0.000675,-0.020272,-0.037163,1.306672,0.200000,0.043811,0.043811,0.000000,C-06,0,0,0,1,1,0,-0.013674,0.000889,0.7083,-0.0397,0.2676,2,ok
0,2766,-1.511429,-1.645722,0.007092,-0.021092,-0.029396,1.326655,0.199996,0.116334,0.116334,0.000000,,0,0,0,1,1,0,-0.013674,0.000889,0.7083,-0.0397,0.2676,2,ok
0,2767,-1.491430,-1.645757,0.015020,-0.021766,-0.009669,1.346997,0.199979,0.112597,0.112597,0.000000,,0,0,0,1,1,0,-0.013479,0.000613,0.7917,-0.0390,0.2668,2,ok
0,2768,-1.467433,-1.645586,0.019296,-0.022141,-0.005393,1.370991,0.199972,0.046513,0.046513,0.000000,,0,0,0,1,1,0,-0.012112,0.009452,0.7708,-0.0516,0.2667,2,ok
0,2769,-1.443439,-1.645350,0.025173,-0.022360,0.010312,1.395217,0.199948,0.071695,0.071695,0.000000,,0,0,0,1,1,0,-0.012042,0.015281,0.7500,-0.0323,0.2679,2,ok
0,2770,-1.423447,-1.645059,0.029481,-0.022316,0.014621,1.415212,0.199942,0.061274,0.061274,0.000000,,0,0,0,1,1,0,-0.010706,0.019865,0.7500,-0.0388,0.2666,2,ok
0,2771,-1.403456,-1.644562,0.031384,-0.022066,0.016523,1.435035,0.199971,0.024876,0.024876,0.000000,,0,0,0,1,1,0,-0.010660,0.025123,0.7292,-0.0138,0.2688,2,ok
0,2772,-1.379464,-1.643851,0.019494,-0.021351,0.012480,1.459471,0.200049,-0.158125,-0.158125,0.000000,C-06,0,0,0,1,1,0,-0.008852,0.028879,0.7500,-0.0477,0.2666,2,ok
0,2773,-1.355466,-1.643134,0.000966,-0.020634,-0.006047,1.483469,0.200089,-0.224404,-0.224404,0.000000,,0,0,0,1,1,0,-0.008897,0.028796,0.7500,-0.0409,0.2667,2,ok
0,2774,-1.331466,-1.643054,0.003111,-0.020554,0.000642,1.507469,0.199999,0.041785,0.041785,0.000000,C-06,0,0,0,1,1,0,-0.010282,-0.001397,0.7083,-0.0520,0.2668,2,ok
0,2775,-1.311467,-1.643021,0.009783,-0.020521,0.007314,1.527469,0.199991,0.099551,0.099551,0.000000,,0,0,0,1,1,0,-0.010730,-0.000415,0.7292,-0.0462,0.2669,2,ok
0,2776,-1.291468,-1.642987,0.013899,-0.020487,0.013899,1.547467,0.199982,0.055519,0.055519,0.000000,,0,0,0,1,1,0,-0.010596,0.004813,0.7917,-0.0308,0.2672,2,ok
0,2777,-1.267471,-1.642877,0.018579,-0.020377,0.018579,1.571464,0.199971,0.055724,0.055724,0.000000,,0,0,0,1,1,0,-0.010596,0.004813,0.7917,-0.0308,0.2672,2,ok
0,2778,-1.243477,-1.642704,0.025897,-0.020204,0.025897,1.595458,0.199940,0.089456,0.089456,0.000000,,0,0,0,1,1,0,-0.008739,0.015941,0.7500,-0.0395,0.2678,2,ok
0,2779,-1.223486,-1.642484,0.031925,-0.019984,0.031925,1.615450,0.199919,0.086699,0.086699,0.000000,,0,0,0,1,1,0,-0.008183,0.019540,0.7708,-0.0328,0.2666,2,ok
0,2780,-1.203496,-1.641865,0.031696,-0.019365,0.031696,1.634535,0.200004,-0.011264,-0.011264,0.000000,,0,0,0,1,1,0,-0.006941,0.022855,0.7708,-0.0552,0.2664,2,ok
0,2781,-1.179502,-1.641087,0.005755,-0.018587,0.005755,1.659434,0.200100,-0.346131,-0.346131,0.000000,C-06,0,0,0,1,1,0,-0.006091,0.029334,0.7500,-0.0457,0.2667,2,ok
0,2782,-1.155505,-1.640310,-0.032826,-0.017810,-0.032826,1.683430,0.200009,-0.469526,-0.469526,0.000000,,0,0,0,1,1,0,-0.006270,0.028302,0.7500,-0.0360,0.2673,2,ok
0,2783,-1.131518,-1.641019,-0.028354,-0.018519,-0.028354,1.707418,0.200037,0.097961,0.097961,0.000000,C-06,0,0,0,1,1,0,-0.011403,-0.027265,0.7083,-0.0534,0.2663,2,ok
0,2784,-1.111523,-1.641710,-0.016047,-0.019210,-0.016047,1.727413,0.200091,0.184225,0.184225,0.000000,,0,0,0,1,1,0,-0.012612,-0.033869,0.7500,-0.0482,0.2666,2,ok
0,2785,-1.091524,-1.642402,-0.002205,-0.019902,-0.002205,1.747412,0.200119,0.197838,0.197838,0.000000,,0,0,0,1,1,0,-0.012140,-0.023845,0.7917,-0.0464,0.2675,2,ok
0,2786,-1.067524,-1.643031,0.010167,-0.020531,0.010167,1.771411,0.200032,0.142353,0.142353,0.000000,,0,0,0,1,1,0,-0.011437,-0.009833,0.7708,-0.0373,0.2666,2,ok
0,2787,-1.043526,-1.643063,0.016053,-0.020563,0.016053,1.795409,0.199976,0.064647,0.064647,0.000000,,0,0,0,1,1,0,-0.009481,0.005977,0.7708,-0.0532,0.2674,2,ok
0,2788,-1.023529,-1.642765,0.015298,-0.020265,0.015298,1.815407,0.200002,-0.017499,-0.017499,0.000000,,0,0,0,1,1,0,-0.009540,0.011546,0.7500,-0.0373,0.2660,2,ok
0,2789,-1.003531,-1.642445,0.012494,-0.019945,0.012494,1.834835,0.200010,-0.041683,-0.041683,0.000000,,0,0,0,1,1,0,-0.008711,0.013014,0.7500,-0.0471,0.2673,2,ok
0,2790,-0.979532,-1.642061,0.002956,-0.019561,0.002956,1.859404,0.200024,-0.118543,-0.118543,0.000000,,0,0,0,1,1,0,-0.009144,0.013034,0.7500,-0.0407,0.2657,2,ok
0,2791,-0.955532,-1.641983,0.005759,-0.019483,0.005759,1.883404,0.199997,0.045957,0.045957,0.000000,C-06,0,0,0,1,1,0,-0.009381,0.005147,0.7083,-0.0422,0.2665,2,ok
0,2792,-0.931533,-1.641929,0.013462,-0.019429,0.013462,1.907402,0.199983,0.094675,0.094675,0.000000,,0,0,0,1,1,0,-0.009283,0.002554,0.6667,-0.0414,0.2660,2,ok
0,2793,-0.911535,-1.641668,0.013618,-0.019168,0.013618,1.927401,0.200001,-0.005884,-0.005884,0.000000,,0,0,0,1,1,0,-0.009367,0.009618,0.7292,-0.0257,0.2679,2,ok
0,2794,-0.891537,-1.641388,0.014365,-0.018888,0.014365,1.947399,0.199999,0.012098,0.012098,0.000000,,0,0,0,1,1,0,-0.009367,0.009618,0.7292,-0.0257,0.2679,2,ok
0,2795,-0.867540,-1.641052,0.018291,-0.018552,0.018291,1.971395,0.199987,0.048612,0.048612,0.000000,,0,0,0,1,1,0,-0.008318,0.013463,0.7708,-0.0283,0.2680,2,ok
0,2796,-0.843545,-1.640717,0.022146,-0.018217,0.022146,1.995390,0.199971,0.045831,0.045831,0.000000,,0,0,0,1,1,0,-0.007054,0.015394,0.7500,-0.0385,0.2674,2,ok
0,2797,-0.823550,-1.640379,0.024324,-0.017879,0.024324,2.015385,0.199974,0.030150,0.030150,0.000000,,0,0,0,1,1,0,-0.006875,0.020025,0.7292,-0.0250,0.2680,2,ok
0,2798,-0.803555,-1.639930,0.016859,-0.017430,0.016859,2.035035,0.200021,-0.115089,-0.115089,0.000000,,0,0,0,1,1,0,-0.005635,0.021726,0.7500,-0.0419,0.2666,2,ok
0,2799,-0.779556,-1.639387,-0.011797,-0.016887,-0.011797,2.059380,0.200040,-0.361015,-0.361015,0.000000,C-06,0,0,0,1,1,0,-0.005302,0.020217,0.7500,-0.0510,0.2661,2,ok
0,2800,-0.755559,-1.639276,-0.021336,-0.016776,-0.021336,2.083376,0.199956,-0.100214,-0.100214,0.000000,C-06,0,0,0,1,1,0,-0.007855,-0.001664,0.7083,-0.0361,0.2672,2,ok
0,2801,-0.731564,-1.639753,-0.014101,-0.017253,-0.014101,2.107372,0.200024,0.101576,0.101576,0.000000,C-06,0,0,0,1,1,0,-0.009918,-0.021247,0.7083,-0.0421,0.2677,2,ok
0,2802,-0.711565,-1.640177,-0.005777,-0.017677,-0.005777,2.127371,0.200041,0.119830,0.119830,0.000000,,0,0,0,1,1,0,-0.009791,-0.018071,0.7292,-0.0434,0.2675,2,ok
0,2803,-0.691565,-1.640601,0.004092,-0.018101,0.004092,2.147371,0.200044,0.140891,0.140891,0.000000,,0,0,0,1,1,0,-0.009791,-0.018071,0.7292,-0.0434,0.2675,2,ok
0,2804,-0.667566,-1.640843,0.011372,-0.018343,0.011372,2.171370,0.199992,0.082751,0.082751,0.000000,,0,0,0,1,1,0,-0.008824,-0.000955,0.7708,-0.0355,0.2670,2,ok
0,2805,-0.643568,-1.640834,0.016928,-0.018334,0.016928,2.195368,0.199973,0.064838,0.064838,0.000000,,0,0,0,1,1,0,-0.008214,0.008691,0.7500,-0.0241,0.2671,2,ok
0,2806,-0.623571,-1.640574,0.018538,-0.018074,0.018538,2.215364,0.199986,0.020345,0.020345,0.000000,,0,0,0,1,1,0,-0.007107,0.012766,0.7708,-0.0381,0.2669,2,ok
0,2807,-0.603574,-1.640256,0.015327,-0.017756,0.015327,2.235335,0.200002,-0.051366,-0.051366,0.000000,,0,0,0,1,1,0,-0.006636,0.016255,0.7500,-0.0348,0.2671,2,ok
0,2808,-0.579575,-1.639871,-0.005570,-0.017371,-0.005570,2.259361,0.200024,-0.265204,-0.265204,0.000000,C-06,0,0,0,1,1,0,-0.006306,0.012874,0.7500,-0.0443,0.2664,2,ok
0,2809,-0.555576,-1.639888,-0.009082,-0.017388,-0.009082,2.283360,0.199993,-0.029593,-0.029593,0.000000,C-06,0,0,0,1,1,0,-0.007797,0.002642,0.7083,-0.0389,0.2671,2,ok
0,2810,-0.531576,-1.640054,-0.000821,-0.017554,-0.000821,2.307359,0.200005,0.107300,0.107300,0.000000,,0,0,0,1,1,0,-0.009197,-0.013620,0.7083,-0.0376,0.2677,2,ok
0,2811,-0.511576,-1.640197,0.005049,-0.017697,0.005049,2.327359,0.200003,0.080918,0.080918,0.000000,,0,0,0,1,1,0,-0.008445,-0.006517,0.7292,-0.0465,0.2675,2,ok
0,2812,-0.491577,-1.640225,0.007836,-0.017725,0.007836,2.347359,0.199994,0.035950,0.035950,0.000000,,0,0,0,1,1,0,-0.008117,-0.000624,0.7917,-0.0343,0.2667,2,ok
0,2813,-0.467578,-1.640209,0.011765,-0.017709,0.011765,2.371358,0.199987,0.047209,0.047209,0.000000,,0,0,0,1,1,0,-0.007733,0.004879,0.7708,-0.0353,0.2674,2,ok
0,2814,-0.443581,-1.640160,0.020000,-0.017660,0.020000,2.395355,0.199962,0.101356,0.101356,0.000000,,0,0,0,1,1,0,-0.006976,0.009134,0.7500,-0.0404,0.2678,2,ok
0,2815,-0.423586,-1.639935,0.023679,-0.017435,0.023679,2.415350,0.199963,0.048506,0.048506,0.000000,,0,0,0,1,1,0,-0.005613,0.013494,0.7708,-0.0509,0.2662,2,ok
0,2816,-0.403590,-1.639488,0.017588,-0.016988,0.017588,2.435345,0.200021,-0.099544,-0.099544,0.000000,,0,0,0,1,1,0,-0.006209,0.019996,0.7292,-0.0103,0.2684,2,ok
0,2817,-0.379591,-1.638935,-0.012387,-0.016435,-0.012387,2.459344,0.200041,-0.381339,-0.381339,0.000000,C-06,0,0,0,1,1,0,-0.004816,0.015204,0.7500,-0.0524,0.2662,2,ok
0,2818,-0.355595,-1.638818,-0.022900,-0.016318,-0.022900,2.483340,0.199949,-0.106544,-0.106544,0.000000,C-06,0,0,0,1,1,0,-0.007426,-0.000355,0.6875,-0.0328,0.2673,2,ok
0,2819,-0.331600,-1.639326,-0.013775,-0.016826,-0.013775,2.507336,0.200031,0.127208,0.127208,0.000000,C-06,0,0,0,1,1,0,-0.009515,-0.021387,0.7083,-0.0410,0.2660,2,ok
0,2820,-0.311601,-1.639777,-0.003909,-0.017277,-0.003909,2.527335,0.200049,0.141166,0.141166,0.000000,,0,0,0,1,1,0,-0.009080,-0.021178,0.7292,-0.0496,0.2665,2,ok
0,2821,-0.291601,-1.640146,0.002308,-0.017646,0.002308,2.547335,0.200024,0.083287,0.083287,0.000000,,0,0,0,1,1,0,-0.009026,-0.010542,0.7917,-0.0297,0.2670,2,ok
0,2822,-0.267601,-1.640203,0.004708,-0.017703,0.004708,2.571335,0.199998,0.025414,0.025414,0.000000,,0,0,0,1,1,0,-0.008022,-0.002744,0.7708,-0.0424,0.2669,2,ok
0,2823,-0.243602,-1.640217,0.010653,-0.017717,0.010653,2.595334,0.199989,0.073293,0.073293,0.000000,,0,0,0,1,1,0,-0.008330,0.003067,0.7500,-0.0239,0.2671,2,ok
0,2824,-0.223603,-1.640214,0.015131,-0.017714,0.015131,2.615332,0.199978,0.063096,0.063096,0.000000,,0,0,0,1,1,0,-0.006998,0.005135,0.7708,-0.0474,0.2672,2,ok
0,2825,-0.203606,-1.639934,0.015276,-0.017434,0.015276,2.635330,0.199999,-0.002523,-0.002523,0.000000,,0,0,0,1,1,0,-0.006498,0.010037,0.7500,-0.0432,0.2663,2,ok
0,2826,-0.179607,-1.639576,-0.000459,-0.017076,-0.000459,2.659329,0.200022,-0.202747,-0.202747,0.000000,C-06,0,0,0,1,1,0,-0.006354,0.012577,0.7500,-0.0378,0.2664,2,ok
0,2827,-0.155607,-1.639248,-0.008852,-0.016748,-0.008852,2.683328,0.200004,-0.091692,-0.091692,0.000000,,0,0,0,1,1,0,-0.006989,0.004495,0.6667,-0.0419,0.2667,2,ok
0,2828,-0.131608,-1.639437,-0.001609,-0.016937,-0.001609,2.707328,0.200008,0.098482,0.098482,0.000000,C-06,0,0,0,1,1,0,-0.008405,-0.009354,0.6875,-0.0429,0.2683,2,ok
0,2829,-0.111608,-1.639618,0.003305,-0.017118,0.003305,2.727328,0.200007,0.067299,0.067299,0.000000,,0,0,0,1,1,0,-0.008375,-0.005967,0.7292,-0.0298,0.2668,2,ok
0,2830,-0.091608,-1.639647,0.005297,-0.017147,0.005297,2.747328,0.199997,0.025278,0.025278,0.000000,,0,0,0,1,1,0,-0.007266,-0.001921,0.8125,-0.0476,0.2661,2,ok
0,2831,-0.067609,-1.639645,0.009438,-0.017145,0.009438,2.771327,0.199991,0.050671,0.050671,0.000000,,0,0,0,1,1,0,-0.007762,0.003782,0.7708,-0.0236,0.2675,2,ok
0,2832,-0.043611,-1.639643,0.017337,-0.017143,0.017337,2.795325,0.199971,0.096656,0.096656,0.000000,,0,0,0,1,1,0,-0.007441,0.008166,0.7500,-0.0151,0.2686,2,ok
0,2833,-0.023615,-1.639529,0.022121,-0.017029,0.022121,2.815321,0.199959,0.066361,0.066361,0.000000,,0,0,0,1,1,0,-0.006501,0.008818,0.7500,-0.0324,0.2671,2,ok
0,2834,-0.003619,-1.639102,0.018299,-0.016602,0.018299,2.835317,0.200015,-0.064911,-0.064911,0.000000,,0,0,0,1,1,0,-0.005096,0.018965,0.7292,-0.0419,0.2683,2,ok
0,2835,0.020380,-1.638567,-0.009124,-0.016067,-0.009124,2.859315,0.200044,-0.351786,-0.351786,0.000000,C-06,0,0,0,1,1,0,-0.004736,0.017594,0.7500,-0.0437,0.2667,2,ok
0,2836,0.044376,-1.638103,-0.025199,-0.015603,-0.025199,2.883311,0.199958,-0.182492,-0.182492,0.000000,C-06,0,0,0,1,1,0,-0.006702,0.000653,0.6875,-0.0373,0.2665,2,ok
0,2837,0.068370,-1.638616,-0.016576,-0.016116,-0.016576,2.907306,0.200026,0.124171,0.124171,0.000000,C-06,0,0,0,1,1,0,-0.007915,-0.026584,0.7083,-0.0613,0.2641,2,ok
0,2838,0.088369,-1.639085,-0.005907,-0.016585,-0.005907,2.927304,0.200051,0.154277,0.154277,0.000000,,0,0,0,1,1,0,-0.009390,-0.021648,0.7292,-0.0303,0.2676,2,ok
0,2839,0.108369,-1.639457,-0.000290,-0.016957,-0.000290,2.947304,0.200026,0.072991,0.072991,0.000000,,0,0,0,1,1,0,-0.008302,-0.011256,0.7917,-0.0370,0.2668,2,ok
0,2840,0.132369,-1.639592,0.002426,-0.017092,0.002426,2.971304,0.200001,0.029458,0.029458,0.000000,,0,0,0,1,1,0,-0.007999,-0.003676,0.7708,-0.0353,0.2672,2,ok
0,2841,0.156368,-1.639680,0.007939,-0.017180,0.007939,2.995304,0.199995,0.067414,0.067414,0.000000,,0,0,0,1,1,0,-0.007881,0.001533,0.7708,-0.0241,0.2690,2,ok
0,2842,0.176367,-1.639730,0.012228,-0.017230,0.012228,3.015303,0.199986,0.060515,0.060515,0.000000,,0,0,0,1,1,0,-0.006791,0.003032,0.7500,-0.0420,0.2674,2,ok
0,2843,0.196366,-1.639511,0.012368,-0.017011,0.012368,3.035301,0.199999,-0.003106,-0.003106,0.000000,,0,0,0,1,1,0,-0.006163,0.007953,0.7500,-0.0463,0.2663,2,ok
0,2844,0.220365,-1.639225,-0.001498,-0.016725,-0.001498,3.059301,0.200014,-0.177660,-0.177660,0.000000,C-06,0,0,0,1,1,0,-0.005719,0.008318,0.7500,-0.0517,0.2668,2,ok
0,2845,0.244364,-1.638939,-0.015893,-0.016439,-0.015893,3.083300,0.199991,-0.169994,-0.169994,0.000000,,0,0,0,1,1,0,-0.006503,0.010062,0.7292,-0.0332,0.2677,2,ok
0,2846,0.268362,-1.639292,-0.006848,-0.016792,-0.006848,3.107298,0.200020,0.122141,0.122141,0.000000,C-06,0,0,0,1,1,0,-0.007751,-0.017203,0.7083,-0.0594,0.2654,2,ok
0,2847,0.288362,-1.639610,0.001922,-0.017110,0.001922,3.127298,0.200025,0.124277,0.124277,0.000000,,0,0,0,1,1,0,-0.008371,-0.012232,0.7292,-0.0499,0.2672,2,ok
0,2848,0.308362,-1.639756,0.005953,-0.017256,0.005953,3.147297,0.199999,0.051254,0.051254,0.000000,,0,0,0,1,1,0,-0.007854,-0.003808,0.7917,-0.0421,0.2662,2,ok
0,2849,0.332361,-1.639785,0.009551,-0.017285,0.009551,3.171297,0.199991,0.042028,0.042028,0.000000,,0,0,0,1,1,0,-0.007749,0.002893,0.7708,-0.0241,0.2674,2,ok
0,2850,0.356359,-1.639764,0.017002,-0.017264,0.017002,3.195295,0.199972,0.091570,0.091570,0.000000,,0,0,0,1,1,0,-0.007205,0.008784,0.7500,-0.0235,0.2675,2,ok
0,2851,0.376355,-1.639598,0.020652,-0.017098,0.020652,3.215291,0.199969,0.048775,0.048775,0.000000,,0,0,0,1,1,0,-0.006041,0.013619,0.7500,-0.0411,0.2662,2,ok
0,2852,0.396352,-1.639214,0.015718,-0.016714,0.015718,3.235287,0.200014,-0.080986,-0.080986,0.000000,,0,0,0,1,1,0,-0.004839,0.014693,0.7292,-0.0538,0.2661,2,ok
0,2853,0.420351,-1.638736,-0.011032,-0.016236,-0.011032,3.259287,0.200030,-0.342470,-0.342470,0.000000,C-06,0,0,0,1,1,0,-0.005330,0.017016,0.7500,-0.0402,0.2664,2,ok
0,2854,0.444348,-1.638568,-0.021159,-0.016068,-0.021159,3.283283,0.199958,-0.110533,-0.110533,0.000000,C-06,0,0,0,1,1,0,-0.007180,0.000235,0.6875,-0.0353,0.2673,2,ok
0,2855,0.468344,-1.639034,-0.011937,-0.016534,-0.011937,3.307279,0.200028,0.128651,0.128651,0.000000,C-06,0,0,0,1,1,0,-0.008364,-0.021548,0.7083,-0.0538,0.2655,2,ok
0,2856,0.488343,-1.639452,-0.003310,-0.016952,-0.003310,3.327279,0.200042,0.121948,0.121948,0.000000,,0,0,0,1,1,0,-0.008841,-0.018211,0.7292,-0.0461,0.2673,2,ok
0,2857,0.508343,-1.639764,0.001878,-0.017264,0.001878,3.347279,0.200017,0.069697,0.069697,0.000000,,0,0,0,1,1,0,-0.008353,-0.008961,0.7917,-0.0379,0.2655,2,ok
0,2858,0.532343,-1.639827,0.004165,-0.017327,0.004165,3.371279,0.199998,0.024318,0.024318,0.000000,,0,0,0,1,1,0,-0.007568,-0.002932,0.7917,-0.0417,0.2688,2,ok
0,2859,0.556342,-1.639848,0.010944,-0.017348,0.010944,3.395278,0.199989,0.083957,0.083957,0.000000,,0,0,0,1,1,0,-0.007570,0.000178,0.7500,-0.0376,0.2671,2,ok
0,2860,0.576341,-1.639846,0.015533,-0.017346,0.015533,3.415276,0.199977,0.064230,0.064230,0.000000,,0,0,0,1,1,0,-0.006821,0.008207,0.7500,-0.0359,0.2668,2,ok
0,2861,0.596338,-1.639557,0.015116,-0.017057,0.015116,3.435274,0.200001,-0.011334,-0.011334,0.000000,,0,0,0,1,1,0,-0.006578,0.013445,0.7500,-0.0301,0.2675,2,ok
0,2862,0.620337,-1.639187,-0.002677,-0.016687,-0.002677,3.459273,0.200023,-0.231065,-0.231065,0.000000,C-06,0,0,0,1,1,0,-0.005255,0.011820,0.7708,-0.0558,0.2662,2,ok
0,2863,0.644335,-1.638818,-0.023443,-0.016318,-0.023443,3.483270,0.199973,-0.247273,-0.247273,0.000000,,0,0,0,1,1,0,-0.006033,0.011443,0.7292,-0.0355,0.2683,2,ok
0,2864,0.668330,-1.639340,-0.015897,-0.016840,-0.015897,3.507265,0.200032,0.114790,0.114790,0.000000,C-06,0,0,0,1,1,0,-0.009379,-0.023880,0.6875,-0.0429,0.2671,2,ok
0,2865,0.688328,-1.639824,-0.006691,-0.017324,-0.006691,3.527264,0.200053,0.132459,0.132459,0.000000,,0,0,0,1,1,0,-0.009358,-0.022582,0.7292,-0.0475,0.2648,2,ok
0,2866,0.708328,-1.640269,-0.000131,-0.017769,-0.000131,3.547264,0.200038,0.089886,0.089886,0.000000,,0,0,0,1,1,0,-0.009791,-0.011139,0.7917,-0.0230,0.2675,2,ok
0,2867,0.732328,-1.640380,0.002216,-0.017880,0.002216,3.571264,0.200000,0.023194,0.023194,0.000000,,0,0,0,1,1,0,-0.008770,-0.004722,0.7708,-0.0354,0.2666,2,ok
0,2868,0.756328,-1.640443,0.007586,-0.017943,0.007586,3.595263,0.199995,0.066427,0.066427,0.000000,,0,0,0,1,1,0,-0.008494,-0.000223,0.7500,-0.0349,0.2676,2,ok
0,2869,0.776327,-1.640493,0.012370,-0.017993,0.012370,3.615262,0.199986,0.068153,0.068153,0.000000,,0,0,0,1,1,0,-0.007762,-0.000223,0.7500,-0.0410,0.2659,2,ok
0,2870,0.796325,-1.640334,0.014170,-0.017834,0.014170,3.635261,0.199989,0.023414,0.023414,0.000000,,0,0,0,1,1,0,-0.007179,0.008510,0.7292,-0.0416,0.2658,2,ok
0,2871,0.820324,-1.640050,0.004508,-0.017550,0.004508,3.659259,0.200012,-0.126798,-0.126798,0.000000,C-06,0,0,0,1,1,0,-0.007181,0.008670,0.7292,-0.0344,0.2658,2,ok
0,2872,0.844324,-1.639761,-0.006926,-0.017261,-0.006926,3.683259,0.200010,-0.135276,-0.135276,0.000000,,0,0,0,1,1,0,-0.007167,0.012235,0.7083,-0.0294,0.2665,2,ok
0,2873,0.868323,-1.639913,-0.000857,-0.017413,-0.000857,3.707259,0.200005,0.083965,0.083965,0.000000,C-06,0,0,0,1,1,0,-0.008263,-0.007376,0.6458,-0.0439,0.2653,2,ok
0,2874,0.888323,-1.640059,0.004538,-0.017559,0.004538,3.727259,0.200004,0.075637,0.075637,0.000000,,0,0,0,1,1,0,-0.008533,-0.005095,0.7083,-0.0338,0.2654,2,ok
0,2875,0.908323,-1.639988,0.005101,-0.017488,0.005101,3.747259,0.199999,0.002879,0.002879,0.000000,,0,0,0,1,1,0,-0.006811,-0.000850,0.7917,-0.0701,0.2665,2,ok
0,2876,0.932322,-1.639880,0.010012,-0.017380,0.010012,3.771258,0.199992,0.061805,0.061805,0.000000,,0,0,0,1,1,0,-0.007680,0.001161,0.7292,-0.0374,0.2652,2,ok
0,2877,0.956320,-1.639772,0.018916,-0.017272,0.018916,3.795255,0.199968,0.107909,0.107909,0.000000,,0,0,0,1,1,0,-0.005079,0.008601,0.7500,-0.0991,0.2701,2,ok
0,2878,0.976315,-1.639570,0.022777,-0.017070,0.022777,3.815251,0.199964,0.050725,0.050725,0.000000,,0,0,0,1,1,0,-0.003294,0.013796,0.7292,-0.1257,0.2691,2,ok
0,2879,0.996311,-1.639142,0.018224,-0.016642,0.018224,3.835246,0.200015,-0.076625,-0.076625,0.000000,,0,0,0,1,1,0,-0.002507,0.018427,0.6875,-0.1292,0.2712,2,ok
0,2880,1.020310,-1.638610,-0.012202,-0.016110,-0.012202,3.859245,0.200038,-0.391293,-0.391293,0.000000,C-06,0,0,0,1,1,0,-0.002021,0.017624,0.7083,-0.1520,0.2708,2,ok
0,2881,1.044305,-1.638235,-0.027675,-0.015735,-0.027675,3.883240,0.199935,-0.173254,-0.173254,0.000000,C-06,0,0,0,1,1,0,-0.003817,-0.001249,0.6042,-0.1667,0.2701,2,ok
0,2882,1.068297,-1.638795,-0.020377,-0.016295,-0.020377,3.907233,0.200022,0.108651,0.108651,0.000000,C-06,0,0,0,1,1,0,-0.005248,-0.025563,0.6458,-0.2285,0.2676,2,ok
0,2883,1.088295,-1.639306,-0.009403,-0.016806,-0.009403,3.927230,0.200055,0.161013,0.161013,0.000000,,0,0,0,1,1,0,-0.004726,-0.023921,0.6875,-0.2628,0.2648,2,ok
0,2884,1.108294,-1.639810,-0.001986,-0.017310,-0.001986,3.947230,0.200056,0.100949,0.100949,0.000000,,0,0,0,1,1,0,-0.005464,-0.012604,0.7500,-0.2576,0.2653,2,ok
0,2885,1.132294,-1.640037,0.001821,-0.017537,0.001821,3.971230,0.200005,0.040824,0.040824,0.000000,,0,0,0,1,1,0,-0.005546,-0.004100,0.7500,-0.2485,0.2641,2,ok
0,2886,1.156294,-1.640197,0.008417,-0.017697,0.008417,3.995229,0.199998,0.080299,0.080299,0.000000,,0,0,0,1,1,0,-0.006489,0.014136,0.7292,-0.2559,0.2625,2,ok
0,2887,1.176292,-1.640330,0.015605,-0.017830,0.015605,4.015228,0.199981,0.104020,0.104020,0.000000,,0,0,0,1,1,0,-0.008104,0.028810,0.7500,-0.2133,0.2652,2,ok
0,2888,1.196290,-1.640030,0.015652,-0.017530,0.015652,4.035225,0.200001,-0.003663,-0.003663,0.000000,,0,0,0,1,1,0,-0.008708,0.037560,0.7292,-0.1913,0.2647,2,ok
0,2889,1.220289,-1.639649,-0.005150,-0.017149,-0.005150,4.059224,0.200023,-0.273228,-0.273228,0.000000,C-06,0,0,0,1,1,0,-0.009339,0.046030,0.7292,-0.1677,0.2667,2,ok
0,2890,1.244285,-1.639268,-0.029352,-0.016768,-0.029352,4.083220,0.199945,-0.289009,-0.289009,0.000000,,0,0,0,1,1,0,-0.011313,0.045229,0.6458,-0.1633,0.2621,2,ok
0,2891,1.268274,-1.639930,-0.029888,-0.017430,-0.029888,4.107209,0.200006,0.014953,0.014953,0.000000,C-06,0,0,0,1,1,0,-0.015467,0.020916,0.6458,-0.1266,0.2678,2,ok
0,2892,1.288265,-1.640547,-0.028686,-0.018047,-0.028686,4.127201,0.200013,0.017469,0.017469,0.000000,,0,0,0,1,1,0,-0.016957,0.019187,0.6875,-0.0979,0.2701,2,ok
0,2893,1.308259,-1.641165,-0.022152,-0.018665,-0.020095,4.147194,0.200045,0.101417,0.101417,0.000000,,0,0,0,1,1,0,-0.016190,0.026830,0.7500,-0.1274,0.2649,2,ok
0,2894,1.332253,-1.641781,-0.019862,-0.019281,-0.017804,4.171189,0.200020,0.022058,0.022058,0.000000,,0,0,0,1,1,0,-0.016040,0.030338,0.7500,-0.1088,0.2672,2,ok
0,2895,1.356250,-1.642366,-0.011595,-0.019866,-0.005406,4.195186,0.200045,0.103755,0.103755,0.000000,,0,0,0,1,1,0,-0.015996,0.042221,0.7500,-0.0932,0.2671,2,ok
0,2896,1.376249,-1.642853,-0.005043,-0.020353,0.001146,4.215185,0.200056,0.092267,0.092267,0.000000,,0,0,0,1,1,0,-0.015776,0.048655,0.7500,-0.0628,0.2656,2,ok
0,2897,1.396249,-1.642973,-0.006528,-0.020473,-0.000339,4.235185,0.199998,-0.029929,-0.029929,0.000000,,0,0,0,1,1,0,-0.014933,0.058823,0.6875,-0.0512,0.2715,2,ok
0,2898,1.420246,-1.643084,-0.025327,-0.020356,-0.011291,4.259392,0.199943,-0.243635,-0.243635,0.000000,C-06,0,0,0,1,1,0,-0.015144,0.064288,0.7292,-0.0157,0.2673,2,ok
0,2899,1.444228,-1.643195,-0.050282,-0.020221,-0.036246,4.283374,0.199761,-0.304147,-0.304147,0.000000,,0,0,0,1,1,0,-0.016684,0.055506,0.6875,0.0329,0.2682,2,ok
0,2900,1.468198,-1.644368,-0.049566,-0.020922,-0.026130,4.307573,0.200014,0.023688,0.023688,0.000000,C-06,0,0,0,1,1,0,-0.018802,0.029731,0.6458,0.0387,0.2662,2,ok
0,2901,1.488174,-1.645384,-0.048939,-0.021524,-0.025503,4.327565,0.200016,0.007892,0.007892,0.000000,,0,0,0,1,1,0,-0.019539,0.027990,0.7083,0.0748,0.2674,2,ok
0,2902,1.508150,-1.646393,-0.047807,-0.021868,-0.012978,4.347967,0.200026,0.017276,0.017276,0.000000,,0,0,0,1,1,0,-0.017775,0.027175,0.7500,0.0418,0.2668,2,ok
0,2903,1.532125,-1.647604,-0.043006,-0.022138,-0.008176,4.371971,0.200068,0.061347,0.061347,0.000000,,0,0,0,1,1,0,-0.016184,0.026892,0.7292,0.0152,0.2644,2,ok
0,2904,1.556108,-1.648816,-0.032635,-0.022303,0.012799,4.396156,0.200145,0.130255,0.130255,0.000000,,0,0,0,1,1,0,-0.014919,0.029427,0.7083,0.0200,0.2624,2,ok
0,2905,1.576099,-1.649744,-0.026779,-0.022290,0.018655,4.416169,0.200118,0.080914,0.080914,0.000000,,0,0,0,1,1,0,-0.011529,0.038342,0.7083,-0.0269,0.2635,2,ok
0,2906,1.596090,-1.650295,-0.032219,-0.021855,0.023633,4.436382,0.199968,-0.092316,-0.092316,0.000000,C-06,0,0,0,1,1,0,-0.012083,0.044219,0.6875,0.0424,0.2644,2,ok
0,2907,1.620065,-1.650928,-0.060408,-0.021122,-0.004557,4.460354,0.199721,-0.362873,-0.362873,0.000000,C-06,0,0,0,1,1,0,-0.013158,0.042310,0.6667,0.1053,0.2710,2,ok
0,2908,1.644007,-1.651646,-0.077653,-0.020453,-0.015129,4.484428,0.199544,-0.205732,-0.205732,0.000000,C-06,0,0,0,1,1,0,-0.014197,0.025747,0.6667,0.0869,0.2683,2,ok
0,2909,1.667938,-1.653420,-0.072292,-0.020709,-0.009768,4.508424,0.200054,0.085186,0.085186,0.000000,C-06,0,0,0,1,1,0,-0.014077,0.004895,0.6250,0.0663,0.2663,2,ok
0,2910,1.687889,-1.654944,-0.067849,-0.020968,-0.005324,4.528431,0.200118,0.064337,0.064337,0.000000,,0,0,0,1,1,0,-0.018351,-0.001707,0.7708,0.1716,0.2694,2,ok
0,2911,1.707849,-1.656468,-0.058795,-0.021048,0.009992,4.548646,0.200229,0.139320,0.139320,0.000000,,0,0,0,1,1,0,-0.017240,0.006810,0.7917,0.1663,0.2661,2,ok
0,2912,1.731812,-1.658174,-0.052204,-0.021008,0.016582,4.572670,0.200188,0.077932,0.077932,0.000000,,0,0,0,1,1,0,-0.015539,0.010625,0.7708,0.1686,0.2637,2,ok
0,2913,1.755783,-1.659745,-0.045367,-0.020835,0.027626,4.596689,0.200183,0.083514,0.083514,0.000000,,0,0,0,1,1,0,-0.014981,0.018371,0.7500,0.2198,0.2653,2,ok
0,2914,1.775764,-1.660807,-0.042179,-0.020445,0.030813,4.616694,0.200084,0.044394,0.044394,0.000000,,0,0,0,1,1,0,-0.013466,0.017980,0.7500,0.2208,0.2669,2,ok
0,2915,1.795743,-1.661672,-0.049793,-0.019814,0.026106,4.636797,0.199938,-0.127605,-0.127605,0.000000,C-06,0,0,0,1,1,0,-0.011936,0.017353,0.7083,0.2207,0.2665,2,ok
0,2916,1.819700,-1.662694,-0.071065,-0.018958,0.004835,4.660760,0.199691,-0.272837,-0.272837,0.000000,,0,0,0,1,1,0,-0.010807,0.010907,0.7083,0.2085,0.2686,2,ok
0,2917,1.843634,-1.664219,-0.076080,-0.018608,0.000746,4.684734,0.199870,-0.046784,-0.046784,0.000000,C-06,0,0,0,1,1,0,-0.011828,-0.009793,0.6875,0.2284,0.2670,2,ok
0,2918,1.867572,-1.666035,-0.067129,-0.018554,0.009697,4.708741,0.200125,0.122589,0.122589,0.000000,C-06,0,0,0,1,1,0,-0.013328,-0.027852,0.6667,0.2543,0.2692,2,ok
0,2919,1.887530,-1.667560,-0.061770,-0.018518,0.015056,4.728757,0.200196,0.075766,0.075766,0.000000,,0,0,0,1,1,0,-0.012125,-0.024234,0.7292,0.2499,0.2660,2,ok
0,2920,1.907497,-1.669085,-0.053180,-0.018486,0.023388,4.748779,0.200293,0.130201,0.130201,0.000000,,0,0,0,1,1,0,-0.010278,-0.024356,0.7708,0.2392,0.2697,2,ok
0,2921,1.931468,-1.670719,-0.045445,-0.018251,0.031123,4.772804,0.200206,0.092534,0.092534,0.000000,,0,0,0,1,1,0,-0.009286,-0.025163,0.7500,0.2426,0.2656,2,ok
0,2922,1.955445,-1.671963,-0.042136,-0.017635,0.032161,4.796798,0.200071,0.037817,0.037817,0.000000,,0,0,0,1,1,0,-0.009908,-0.022009,0.7292,0.3172,0.2705,2,ok
0,2923,1.975427,-1.672847,-0.042987,-0.016971,0.031311,4.816788,0.200008,-0.016216,-0.016216,0.000000,,0,0,0,1,1,0,-0.004741,-0.025829,0.7083,0.1935,0.2626,2,ok
0,2924,1.995403,-1.673722,-0.054204,-0.016345,0.016636,4.836674,0.199905,-0.178801,-0.178801,0.000000,C-06,0,0,0,1,1,0,-0.004190,-0.025248,0.6875,0.1684,0.2568,2,ok
0,2925,2.019361,-1.674773,-0.063797,-0.015686,0.007043,4.860646,0.199791,-0.114203,-0.114203,0.000000,,0,0,0,1,1,0,-0.012734,-0.033924,0.7083,0.4221,0.2687,2,ok
0,2926,2.043319,-1.676216,-0.052863,-0.015438,0.013008,4.884578,0.200090,0.155938,0.155938,0.000000,C-06,0,0,0,1,1,0,-0.012935,-0.047094,0.6667,0.4091,0.2681,2,ok
0,2927,2.067292,-1.677686,-0.043127,-0.015302,0.022744,4.908595,0.200186,0.115703,0.115703,0.000000,,0,0,0,1,1,0,-0.013816,-0.058583,0.6667,0.4880,0.2711,2,ok
0,2928,2.087275,-1.678797,-0.037869,-0.015073,0.028002,4.928608,0.200135,0.072875,0.072875,0.000000,,0,0,0,1,1,0,-0.011377,-0.055385,0.6875,0.4469,0.2688,2,ok
0,2929,2.107263,-1.679828,-0.032148,-0.014876,0.026785,4.948528,0.200141,0.083491,0.083491,0.000000,,0,0,0,1,1,0,-0.011989,-0.052060,0.7292,0.5418,0.2670,2,ok
0,2930,2.131253,-1.680974,-0.023956,-0.014564,0.034977,4.972543,0.200142,0.099205,0.099205,0.000000,,0,0,0,1,1,0,-0.010677,-0.055462,0.7500,0.5260,0.2668,2,ok
0,2931,2.155248,-1.681900,-0.016577,-0.014146,0.033907,4.996442,0.200095,0.087373,0.087373,0.000000,,0,0,0,1,1,0,-0.010023,-0.053911,0.7500,0.5866,0.2688,2,ok
0,2932,2.175247,-1.682573,-0.009481,-0.013758,0.041003,5.016448,0.200089,0.102325,0.102325,0.000000,,0,0,0,1,1,0,-0.009918,-0.063637,0.7292,0.6226,0.2700,2,ok
0,2933,2.195246,-1.683048,-0.003730,-0.013211,0.036830,5.036308,0.200042,0.079795,0.079795,0.000000,,0,0,0,1,1,0,0.002555,-0.065222,0.7083,0.2640,0.2486,2,ok
0,2934,2.219246,-1.683254,-0.001258,-0.012391,0.039302,5.060295,0.200005,0.026012,0.026012,0.000000,,0,0,0,1,1,0,-0.007803,-0.065580,0.7292,0.6325,0.2668,2,ok
0,2935,2.243246,-1.683413,0.003075,-0.011527,0.043635,5.084280,0.200004,0.052838,0.052838,0.000000,,0,0,0,1,1,0,-0.007821,-0.072897,0.7083,0.6760,0.2688,2,ok
0,2936,2.267245,-1.683573,0.015505,-0.010987,0.043541,5.108116,0.199982,0.154236,0.154236,0.000000,,0,0,0,1,1,0,-0.004921,-0.102549,0.6458,0.6747,0.2677,2,ok
0,2937,2.287240,-1.683706,0.026615,-0.010539,0.054651,5.128107,0.199937,0.159557,0.159557,0.000000,,0,0,0,1,1,0,-0.005339,-0.101886,0.6875,0.7307,0.2695,2,ok
0,2938,2.307230,-1.683681,0.036909,-0.010075,0.050172,5.147971,0.199872,0.147747,0.147747,0.000000,,0,0,0,1,1,0,-0.004026,-0.099365,0.7500,0.7445,0.2661,2,ok
0,2939,2.331206,-1.683486,0.053367,-0.009464,0.066630,5.171939,0.199737,0.203177,0.203177,0.000000,,0,0,0,1,1,0,-0.003106,-0.097974,0.7708,0.7713,0.2672,2,ok
0,2940,2.355158,-1.683068,0.072396,-0.008783,0.068447,5.195713,0.199553,0.235591,0.235591,0.000000,,0,0,0,1,1,0,-0.001066,-0.090461,0.7292,0.8042,0.2689,2,ok
0,2941,2.375096,-1.682189,0.084293,-0.007942,0.080343,5.215653,0.199555,0.171826,0.171826,0.000000,,0,0,0,1,1,0,0.004873,-0.085600,0.7917,0.7003,0.2661,2,ok
0,2942,2.395022,-1.680641,0.087267,-0.006433,0.083317,5.235582,0.199888,0.034788,0.034788,0.000000,,0,0,0,1,1,0,0.004400,-0.097219,0.7292,0.7680,0.2635,2,ok
0,2943,2.418941,-1.678554,0.076147,-0.004756,0.052897,5.259418,0.200174,-0.148834,-0.148834,0.000000,C-06,0,0,0,1,1,0,0.007358,-0.107152,0.7500,0.7254,0.2657,2,ok
0,2944,2.442863,-1.676654,0.086696,-0.003356,0.063446,5.283374,0.199880,0.149776,0.149776,0.000000,C-06,0,0,0,1,1,0,0.007093,-0.128555,0.7083,0.7569,0.2640,2,ok
0,2945,2.466740,-1.674764,0.116844,-0.002288,0.070009,5.307238,0.199293,0.402217,0.402217,0.000000,C-06,0,0,0,1,1,0,0.008748,-0.164127,0.6250,0.7578,0.2604,2,ok
0,2946,2.486575,-1.673189,0.140180,-0.001575,0.093345,5.327122,0.198698,0.355170,0.355170,0.000000,,0,0,0,1,1,0,0.016244,-0.154095,0.7083,0.6360,0.2586,2,ok
0,2947,2.506349,-1.671312,0.160585,-0.000557,0.113750,5.345933,0.198554,0.315453,0.315453,0.000000,,0,0,0,1,1,0,0.015778,-0.140248,0.7083,0.7029,0.2642,2,ok
0,2948,2.530036,-1.667542,0.161078,0.001583,0.088890,5.370833,0.200002,-0.013991,-0.013991,0.000000,C-06,0,0,0,1,1,0,0.019098,-0.133215,0.7708,0.6646,0.2680,2,ok
0,2949,2.553724,-1.663691,0.161978,0.003830,0.089790,5.394726,0.199976,0.013385,0.013385,0.000000,,0,0,0,1,1,0,0.023035,-0.145526,0.7708,0.5896,0.2637,2,ok
0,2950,2.573447,-1.660481,0.172159,0.005194,0.069507,5.414801,0.199661,0.175175,0.175175,0.000000,C-06,0,0,0,1,1,0,0.022820,-0.157461,0.7500,0.5943,0.2663,2,ok
0,2951,2.593121,-1.657271,0.190226,0.006412,0.087574,5.434698,0.199036,0.297750,0.297750,0.000000,,0,0,0,1,1,0,0.022717,-0.167926,0.7083,0.5983,0.2657,2,ok
0,2952,2.616655,-1.653259,0.203945,0.007886,0.067874,5.458740,0.198926,0.176242,0.176242,0.000000,,0,0,0,1,1,0,0.022817,-0.166711,0.7292,0.6190,0.2646,2,ok
0,2953,2.640171,-1.648500,0.196801,0.009588,0.060729,5.482672,0.200163,-0.117359,-0.117359,0.000000,C-06,0,0,0,1,1,0,0.023347,-0.167762,0.6875,0.6157,0.2632,2,ok
0,2954,2.663673,-1.643771,0.213119,0.011262,0.077047,5.506587,0.199434,0.246341,0.246341,0.000000,C-06,0,0,0,1,1,0,0.022365,-0.184482,0.6875,0.5997,0.2624,2,ok
0,2955,2.683135,-1.639779,0.256465,0.011878,0.081167,5.526948,0.197676,0.799909,0.799909,0.000000,C-06,0,0,0,1,1,0,0.022922,-0.199567,0.6250,0.6030,0.2559,2,ok
0,2956,2.702339,-1.635781,0.309640,0.012506,0.134342,5.546553,0.194811,0.911875,0.911875,0.000000,,0,0,0,1,1,0,0.024912,-0.175805,0.7083,0.5924,0.2591,2,ok
0,2957,2.725159,-1.628611,0.315769,0.015347,0.098991,5.570845,0.199853,0.018379,0.018379,0.000000,C-06,0,0,0,1,1,0,0.029896,-0.131069,0.7083,0.5676,0.2597,2,ok
0,2958,2.747944,-1.621181,0.324011,0.017853,0.107233,5.594679,0.199478,0.127320,0.127320,0.000000,,0,0,0,1,1,0,0.033388,-0.120155,0.7708,0.5516,0.2643,2,ok
0,2959,2.766901,-1.614818,0.324147,0.020116,0.107368,5.614547,0.200023,-0.008568,-0.008568,0.000000,,0,0,0,1,1,0,0.031684,-0.120063,0.7500,0.6113,0.2659,2,ok
0,2960,2.785893,-1.608448,0.312205,0.021489,0.052378,5.635617,0.200664,-0.225202,-0.225202,0.000000,C-06,0,0,0,1,1,0,0.034095,-0.132775,0.7500,0.5675,0.2660,2,ok
0,2961,2.808776,-1.600805,0.300465,0.022906,0.040638,5.659701,0.201342,-0.164808,-0.164808,0.000000,,0,0,0,1,1,0,0.033201,-0.157665,0.7083,0.5526,0.2638,2,ok
0,2962,2.831748,-1.593237,0.286685,0.023783,-0.014403,5.684917,0.201616,-0.198230,-0.198230,0.000000,,0,0,0,1,1,0,0.031797,-0.180703,0.7500,0.5388,0.2651,2,ok
0,2963,2.854775,-1.586425,0.285831,0.023295,-0.015257,5.708925,0.200002,0.001222,0.001222,0.000000,C-06,0,0,0,1,1,0,0.027808,-0.212300,0.7083,0.5631,0.2635,2,ok
0,2964,2.873889,-1.580785,0.314972,0.022874,0.013884,5.728850,0.198453,0.566256,0.566256,0.000000,C-06,0,0,0,1,1,0,0.024873,-0.230714,0.6667,0.5828,0.2626,2,ok
0,2965,2.892857,-1.575015,0.329175,0.021919,-0.012297,5.749474,0.198256,0.224424,0.224424,0.000000,C-06,0,0,0,1,1,0,0.026584,-0.233504,0.6875,0.5382,0.2581,2,ok
0,2966,2.915493,-1.567841,0.348781,0.021041,0.007309,5.773204,0.197734,0.291613,0.291613,0.000000,,0,0,0,1,1,0,0.026116,-0.219348,0.7083,0.5359,0.2625,2,ok
0,2967,2.937929,-1.560332,0.377777,0.020066,0.000268,5.797581,0.196626,0.440996,0.440996,0.000000,,0,0,0,1,1,0,0.025799,-0.208179,0.7917,0.5219,0.2650,2,ok
0,2968,2.956405,-1.553768,0.408727,0.019319,0.031218,5.817173,0.195716,0.572747,0.572747,0.000000,,0,0,0,1,1,0,0.025989,-0.191938,0.7917,0.5203,0.2656,2,ok
0,2969,2.974681,-1.546301,0.426877,0.019484,0.049368,5.836915,0.197610,0.314960,0.314960,0.000000,C-06,0,0,0,1,1,0,0.026496,-0.170753,0.7708,0.5237,0.2657,2,ok
0,2970,2.996437,-1.536780,0.444749,0.019512,0.033446,5.861306,0.197946,0.275593,0.275593,0.000000,,0,0,0,1,1,0,0.026817,-0.161251,0.7708,0.5262,0.2652,2,ok
0,2971,3.018085,-1.526504,0.447350,0.020250,0.036047,5.885257,0.199804,0.025936,0.025936,0.000000,C-06,0,0,0,1,1,0,0.027394,-0.163150,0.7500,0.5311,0.2657,2,ok
0,2972,3.039747,-1.516123,0.442091,0.020530,-0.001961,5.909917,0.200396,-0.090303,-0.090303,0.000000,,0,0,0,1,1,0,0.026440,-0.169155,0.7292,0.5519,0.2652,2,ok
0,2973,3.057753,-1.507563,0.460968,0.020530,0.016916,5.929854,0.198582,0.402335,0.402335,0.000000,C-06,0,0,0,1,1,0,0.024940,-0.181547,0.7083,0.5614,0.2621,2,ok
0,2974,3.075463,-1.498739,0.509166,0.020768,0.033117,5.950328,0.196011,1.000000,1.000000,0.000000,C-06,0,0,0,1,1,0,0.023855,-0.180677,0.6667,0.5679,0.2624,2,ok
0,2975,3.096092,-1.487676,0.563044,0.021127,0.086996,5.973733,0.195447,0.887064,0.887064,0.000000,,0,0,0,1,1,0,0.024713,-0.152752,0.6875,0.5956,0.2655,2,ok
0,2976,3.116362,-1.474866,0.562926,0.023201,0.086878,5.997622,0.200350,-0.076152,-0.076152,0.000000,C-06,0,0,0,1,1,0,0.032541,-0.099330,0.7083,0.5872,0.2643,2,ok
0,2977,3.133304,-1.464136,0.557546,0.024404,0.050404,6.018356,0.200600,-0.111343,-0.111343,0.000000,,0,0,0,1,1,0,0.033227,-0.103347,0.7708,0.6038,0.2673,2,ok
0,2978,3.150258,-1.453535,0.561523,0.025426,0.054382,6.038326,0.199723,0.097417,0.097417,0.000000,C-06,0,0,0,1,1,0,0.034329,-0.118611,0.7500,0.5711,0.2665,2,ok
0,2979,3.170506,-1.440761,0.572401,0.026467,0.034249,6.063077,0.199067,0.190899,0.190899,0.000000,,0,0,0,1,1,0,0.034254,-0.130746,0.7292,0.5826,0.2661,2,ok
0,2980,3.190699,-1.427829,0.568373,0.027190,0.030221,6.087046,0.200086,-0.087298,-0.087298,0.000000,C-06,0,0,0,1,1,0,0.036028,-0.132565,0.7500,0.5455,0.2647,2,ok
0,2981,3.211010,-1.414914,0.554751,0.027727,-0.013496,6.111895,0.201143,-0.238030,-0.238030,0.000000,C-06,0,0,0,1,1,0,0.046945,-0.148902,0.7083,0.2111,0.2501,2,ok
0,2982,3.228136,-1.404306,0.528945,0.027459,-0.039302,6.132038,0.202451,-0.544367,-0.544367,0.000000,C-06,0,0,0,1,1,0,0.033401,-0.172209,0.6875,0.5442,0.2635,2,ok
0,2983,3.245456,-1.394088,0.519676,0.026758,-0.048571,6.152136,0.200950,-0.149357,-0.149357,0.000000,C-06,0,0,0,1,1,0,0.029260,-0.204109,0.6875,0.5666,0.2636,2,ok
0,2984,3.266159,-1.382081,0.543678,0.025277,-0.054203,6.176837,0.198326,0.442500,0.442500,0.000000,C-06,0,0,0,1,1,0,0.029361,-0.247723,0.6875,0.4837,0.2603,2,ok
0,2985,3.286575,-1.369865,0.563061,0.023859,-0.034820,6.200587,0.198344,0.318793,0.318793,0.000000,,0,0,0,1,1,0,0.026065,-0.244215,0.7292,0.5316,0.2642,2,ok
0,2986,3.303409,-1.359344,0.577775,0.022899,-0.049149,6.221079,0.198576,0.298107,0.298107,0.000000,,0,0,0,1,1,0,0.024765,-0.236334,0.7708,0.5370,0.2649,2,ok
0,2987,3.320066,-1.348557,0.595677,0.021852,-0.031247,6.240896,0.198415,0.375183,0.375183,0.000000,,0,0,0,1,1,0,0.024891,-0.227889,0.7500,0.5008,0.2651,2,ok
0,2988,3.339830,-1.335160,0.610603,0.021096,-0.016321,6.264760,0.199061,0.251620,0.251620,0.000000,,0,0,0,1,1,0,0.021984,-0.216079,0.7292,0.5659,0.2641,2,ok
0,2989,3.359382,-1.321444,0.626872,0.020143,-0.029051,6.289221,0.199089,0.288265,0.288265,0.000000,,0,0,0,1,1,0,0.021147,-0.208847,0.7500,0.5634,0.2656,2,ok
0,2990,3.378711,-1.307375,0.642145,0.019506,-0.013778,6.313119,0.199300,0.270245,0.270245,0.000000,,0,0,0,1,1,0,0.020440,-0.211820,0.7500,0.5645,0.2647,2,ok
0,2991,3.394656,-1.295402,0.653900,0.018951,-0.030645,6.333610,0.199465,0.251166,0.251166,0.000000,,0,0,0,1,1,0,0.017405,-0.206200,0.6875,0.6371,0.2645,2,ok
0,2992,3.410469,-1.283224,0.664062,0.018384,-0.020483,6.353560,0.199626,0.218215,0.218215,0.000000,,0,0,0,1,1,0,0.016913,-0.205362,0.7083,0.6456,0.2623,2,ok
0,2993,3.429406,-1.268453,0.657730,0.017850,-0.026815,6.375642,0.200269,-0.138835,-0.138835,0.000000,C-06,0,0,0,1,1,0,0.016574,-0.205714,0.7083,0.6591,0.2636,2,ok
0,2994,3.448424,-1.253791,0.654526,0.016442,-0.059503,6.402050,0.200108,-0.051936,-0.051936,0.000000,,0,0,0,1,1,0,0.014455,-0.232547,0.7083,0.6412,0.2585,2,ok
0,2995,3.464212,-1.241579,0.668960,0.015355,-0.045069,6.421979,0.199472,0.346529,0.346529,0.000000,C-06,0,0,0,1,1,0,0.010169,-0.243315,0.7708,0.6948,0.2582,2,ok
0,2996,3.479794,-1.229110,0.686377,0.014224,-0.056216,6.442341,0.199700,0.384429,0.384429,0.000000,,0,0,0,1,1,0,0.009218,-0.240844,0.7500,0.6940,0.2601,2,ok
0,2997,3.498243,-1.213781,0.701227,0.013057,-0.041366,6.466299,0.199973,0.267036,0.267036,0.000000,,0,0,0,1,1,0,0.008462,-0.233184,0.8333,0.7174,0.2606,2,ok
0,2998,3.516510,-1.198208,0.710751,0.011948,-0.060654,6.490685,0.200081,0.170517,0.170517,0.000000,,0,0,0,1,1,0,0.006108,-0.226192,0.7500,0.7641,0.2605,2,ok
0,2999,3.534644,-1.182458,0.721160,0.010516,-0.050245,6.514661,0.200216,0.192398,0.192398,0.000000,,0,0,0,1,1,0,0.004102,-0.241845,0.7500,0.8085,0.2650,2,ok
0,3000,3.549643,-1.169187,0.730060,0.009505,-0.041345,6.534663,0.200325,0.194713,0.194713,0.000000,,0,0,0,1,1,0,0.001886,-0.249516,0.7083,0.8488,0.2629,2,ok
