episode,step,x,y,yaw,ey,epsi,s,speed,raw_steer,safe_steer,steer_correction,interventions,emergency,joint_envelope_violated,oscillation_persistent,cv_ok,cv_state_available,cv_perception_invalid,cv_ey,cv_epsi,cv_confidence,cv_curvature,cv_lane_width,cv_n_lines,cv_reason
0,1,-2.831337,-1.621346,-0.247789,-0.002784,0.016607,0.001754,0.040536,-0.083463,-0.083463,0.000000,,0,0,0,1,1,0,0.013279,-0.190358,0.6667,0.1944,0.2519,2,ok
0,2,-2.822560,-1.623235,-0.255337,-0.002308,0.009060,0.010719,0.103932,-0.105900,-0.105900,0.000000,,0,0,0,1,1,0,0.013057,-0.191949,0.6667,0.1938,0.2518,2,ok
0,3,-2.806422,-1.627181,-0.262087,-0.001887,0.002310,0.027327,0.167595,-0.093083,-0.093083,0.000000,,0,0,0,1,1,0,0.011735,-0.199504,0.6458,0.1996,0.2512,2,ok
0,4,-2.787872,-1.631980,-0.259434,-0.001659,0.004963,0.046487,0.199646,0.462329,0.056917,-0.405412,C-06,0,0,0,1,1,0,0.005242,-0.219635,0.6250,0.3442,0.2582,2,ok
0,5,-2.764635,-1.638006,-0.245288,-0.002220,-0.023612,0.070404,0.200377,0.500099,0.206917,-0.293182,C-06,0,0,0,1,1,0,0.009674,-0.229095,0.6458,0.1697,0.2492,2,ok
0,6,-2.745187,-1.643028,-0.224402,-0.002935,-0.002726,0.090478,0.201298,0.545117,0.356917,-0.188200,C-06,0,0,0,1,1,0,0.000285,-0.227558,0.6667,0.3801,0.2588,2,ok
0,7,-2.725639,-1.648051,-0.201123,-0.003629,0.020553,0.108761,0.202252,0.379366,0.379366,0.000000,,0,0,0,1,1,0,0.000874,-0.227618,0.7083,0.3552,0.2578,2,ok
0,8,-2.702080,-1.653562,-0.183233,-0.005014,-0.004097,0.134656,0.201544,0.193053,0.229366,0.036313,C-06,0,0,0,1,1,0,0.001060,-0.200464,0.7500,0.3051,0.2633,2,ok
0,9,-2.682389,-1.657842,-0.167992,-0.005789,0.011144,0.154791,0.201488,0.449734,0.379366,-0.070368,C-06,0,0,0,1,1,0,0.000436,-0.183913,0.7083,0.2644,0.2684,2,ok
0,10,-2.658659,-1.662840,-0.130503,-0.007163,0.009850,0.178759,0.202581,0.495103,0.495103,0.000000,,0,0,0,1,1,0,-0.000197,-0.171417,0.7292,0.2297,0.2646,2,ok
0,11,-2.638797,-1.666685,-0.103449,-0.008275,0.036904,0.198960,0.202170,0.406457,0.406457,0.000000,,0,0,0,1,1,0,0.001136,-0.148800,0.7708,0.2005,0.2649,2,ok
0,12,-2.618884,-1.669668,-0.084016,-0.008528,0.056337,0.218211,0.201220,0.282966,0.282966,0.000000,,0,0,0,1,1,0,0.001657,-0.127262,0.7083,0.1927,0.2636,2,ok
0,13,-2.598946,-1.671878,-0.072848,-0.008727,0.033528,0.238858,0.200549,0.158199,0.158199,0.000000,,0,0,0,1,1,0,0.003032,-0.113664,0.7292,0.1602,0.2636,2,ok
0,14,-2.575008,-1.673680,-0.071474,-0.008090,0.034902,0.262855,0.200023,-0.129698,0.008199,0.137897,C-06,0,0,0,1,1,0,0.002355,-0.109279,0.6667,0.1816,0.2656,2,ok
0,15,-2.555064,-1.675140,-0.080208,-0.007833,-0.004402,0.282609,0.199899,-0.145329,-0.141801,0.003527,C-06,0,0,0,1,1,0,0.002212,-0.110350,0.6667,0.1544,0.2669,2,ok
0,16,-2.535131,-1.676701,-0.081876,-0.007973,-0.006069,0.302604,0.199954,-0.014665,-0.014665,0.000000,,0,0,0,1,1,0,0.001304,-0.115415,0.6667,0.1269,0.2667,2,ok
0,17,-2.515192,-1.678312,-0.073673,-0.008162,0.002133,0.322607,0.200102,0.149706,0.135335,-0.014371,C-06,0,0,0,1,1,0,-0.002420,-0.127636,0.6875,0.1710,0.2680,2,ok
0,18,-2.491247,-1.680248,-0.061108,-0.008886,-0.011774,0.346422,0.200270,0.156166,0.156166,0.000000,,0,0,0,1,1,0,-0.005032,-0.125361,0.7500,0.1958,0.2667,2,ok
0,19,-2.467282,-1.682184,-0.046853,-0.009688,0.002481,0.370451,0.200425,0.175310,0.175310,0.000000,,0,0,0,1,1,0,-0.004756,-0.114664,0.7500,0.1613,0.2684,2,ok
0,20,-2.447302,-1.683237,-0.044286,-0.010080,-0.017981,0.390215,0.200048,0.011293,0.025310,0.014017,C-06,0,0,0,1,1,0,-0.004851,-0.104724,0.7292,0.1476,0.2684,2,ok
0,21,-2.427318,-1.684223,-0.033131,-0.010610,-0.006826,0.410217,0.200129,0.236065,0.175310,-0.060755,C-06,0,0,0,1,1,0,-0.004118,-0.108223,0.7500,0.0903,0.2657,2,ok
0,22,-2.407324,-1.685209,-0.014156,-0.011141,0.012149,0.430228,0.200220,0.281218,0.281218,0.000000,,0,0,0,1,1,0,-0.003564,-0.103254,0.7083,0.0508,0.2626,2,ok
0,23,-2.383325,-1.686391,0.008447,-0.012205,0.014727,0.454021,0.200231,0.266120,0.266120,0.000000,,0,0,0,1,1,0,-0.003564,-0.103254,0.7083,0.0508,0.2626,2,ok
0,24,-2.363327,-1.686776,0.019681,-0.012513,0.025961,0.474020,0.199979,0.151718,0.151718,0.000000,,0,0,0,1,1,0,-0.003120,-0.071743,0.6667,0.0618,0.2648,2,ok
0,25,-2.343331,-1.686418,0.020534,-0.012253,0.009219,0.493804,0.199999,-0.086038,0.001718,0.087756,C-06,0,0,0,1,1,0,-0.002543,-0.048307,0.6458,0.0406,0.2684,2,ok
0,26,-2.323335,-1.686014,0.021650,-0.012119,0.010334,0.513803,0.199994,0.017062,0.017062,0.000000,,0,0,0,1,1,0,-0.002973,-0.050275,0.6875,0.0317,0.2668,2,ok
0,27,-2.299342,-1.685530,0.027243,-0.011957,0.015928,0.535804,0.199968,0.070723,0.070723,0.000000,,0,0,0,1,1,0,-0.003026,-0.054664,0.7083,0.0192,0.2688,2,ok
0,28,-2.275354,-1.685045,0.033672,-0.012197,0.007226,0.561608,0.199929,0.077731,0.077731,0.000000,,0,0,0,1,1,0,-0.003933,-0.051224,0.7500,0.0357,0.2701,2,ok
0,29,-2.255367,-1.684641,0.040530,-0.012372,0.014083,0.581598,0.199880,0.100954,0.100954,0.000000,,0,0,0,1,1,0,-0.002847,-0.050891,0.7708,-0.0180,0.2674,2,ok
0,30,-2.231391,-1.684062,0.048879,-0.012698,0.009893,0.605432,0.199844,0.101325,0.101325,0.000000,,0,0,0,1,1,0,-0.003959,-0.041884,0.7292,0.0126,0.2688,2,ok
0,31,-2.207425,-1.683284,0.057333,-0.012898,0.018347,0.629410,0.199808,0.103276,0.103276,0.000000,,0,0,0,1,1,0,-0.002962,-0.034086,0.7083,-0.0325,0.2689,2,ok
0,32,-2.183464,-1.681938,0.056160,-0.012701,0.006448,0.653252,0.200014,-0.022948,-0.022948,0.000000,,0,0,0,1,1,0,-0.001644,-0.026852,0.7083,-0.0767,0.2684,2,ok
0,33,-2.159502,-1.680582,0.056220,-0.012613,0.006508,0.677253,0.200003,0.002205,0.002205,0.000000,,0,0,0,1,1,0,-0.002157,-0.026599,0.6667,-0.0941,0.2650,2,ok
0,34,-2.135546,-1.679227,0.064691,-0.012592,0.006535,0.701172,0.199906,0.112468,0.112468,0.000000,,0,0,0,1,1,0,-0.001940,-0.023350,0.6875,-0.1278,0.2677,2,ok
0,35,-2.115589,-1.678017,0.066745,-0.012558,0.008590,0.721166,0.199934,0.025989,0.025989,0.000000,,0,0,0,1,1,0,-0.000829,-0.018103,0.6875,-0.1483,0.2659,2,ok
0,36,-2.091641,-1.676472,0.064681,-0.012457,-0.000769,0.745061,0.199997,-0.028244,-0.028244,0.000000,,0,0,0,1,1,0,-0.001922,-0.011240,0.7500,-0.1264,0.2692,2,ok
0,37,-2.067695,-1.674923,0.069767,-0.012517,0.004318,0.769057,0.199934,0.068279,0.068279,0.000000,,0,0,0,1,1,0,-0.003035,-0.006344,0.7708,-0.1419,0.2692,2,ok
0,38,-2.043758,-1.673375,0.076134,-0.012577,0.010684,0.791942,0.199842,0.079360,0.079360,0.000000,,0,0,0,1,1,0,-0.002518,-0.004248,0.7917,-0.1585,0.2703,2,ok
0,39,-2.023820,-1.672076,0.081159,-0.012703,0.010719,0.812972,0.199787,0.074489,0.074489,0.000000,,0,0,0,1,1,0,-0.000048,0.003664,0.7708,-0.2235,0.2691,2,ok
0,40,-1.999901,-1.670185,0.082433,-0.012518,0.011992,0.836965,0.199962,0.012190,0.012190,0.000000,,0,0,0,1,1,0,0.000903,0.011282,0.7292,-0.2519,0.2682,2,ok
0,41,-1.975974,-1.668239,0.072213,-0.012390,-0.002052,0.860896,0.200130,-0.254585,-0.137810,0.116775,C-06,0,0,0,1,1,0,0.000577,0.016709,0.7292,-0.2589,0.2672,2,ok
0,42,-1.952019,-1.666292,0.049665,-0.012296,-0.024600,0.884929,0.200401,-0.308955,-0.287810,0.021144,C-06,0,0,0,1,1,0,-0.000437,0.013128,0.7083,-0.2588,0.2651,2,ok
0,43,-1.932039,-1.664841,0.039450,-0.012399,-0.037059,0.904954,0.200302,0.087369,-0.137810,-0.225179,C-06,0,0,0,1,1,0,-0.003179,-0.008793,0.6875,-0.2726,0.2627,2,ok
0,44,-1.908058,-1.663868,0.039726,-0.013293,-0.036783,0.928938,0.199994,0.143058,0.012190,-0.130869,C-06,0,0,0,1,1,0,-0.005129,-0.015506,0.7292,-0.2769,0.2617,2,ok
0,45,-1.884083,-1.662934,0.052152,-0.014228,-0.024644,0.952911,0.199886,0.190117,0.162190,-0.027927,C-06,0,0,0,1,1,0,-0.007113,-0.016760,0.8125,-0.2703,0.2618,2,ok
0,46,-1.860117,-1.661797,0.055218,-0.014962,-0.021578,0.976892,0.199936,0.030781,0.030781,0.000000,,0,0,0,1,1,0,-0.008294,0.001264,0.7917,-0.2464,0.2607,2,ok
0,47,-1.836158,-1.660617,0.061707,-0.015655,-0.014222,1.000865,0.199865,0.082670,0.082670,0.000000,,0,0,0,1,1,0,-0.008855,0.007983,0.7500,-0.2470,0.2606,2,ok
0,48,-1.816199,-1.659604,0.066381,-0.016206,-0.009547,1.020842,0.199841,0.067910,0.067910,0.000000,,0,0,0,1,1,0,-0.011430,0.013421,0.7500,-0.1778,0.2639,2,ok
0,49,-1.792252,-1.658041,0.065529,-0.016521,-0.010399,1.043178,0.200013,-0.020173,-0.020173,0.000000,,0,0,0,1,1,0,-0.012910,0.036603,0.7292,-0.1316,0.2657,2,ok
0,50,-1.768295,-1.656443,0.053344,-0.016655,-0.019602,1.068942,0.200152,-0.160882,-0.160882,0.000000,,0,0,0,1,1,0,-0.014562,0.049059,0.7292,-0.0892,0.2642,2,ok
0,51,-1.744324,-1.654850,0.045057,-0.016806,-0.027889,1.092809,0.200217,-0.097069,-0.097069,0.000000,,0,0,0,1,1,0,-0.015501,0.045766,0.7083,-0.0799,0.2658,2,ok
0,52,-1.720348,-1.653717,0.043823,-0.017421,-0.025321,1.116956,0.200016,-0.009074,-0.009074,0.000000,,0,0,0,1,1,0,-0.017031,0.041985,0.7083,-0.0485,0.2691,2,ok
0,53,-1.700365,-1.652804,0.040154,-0.017967,-0.028990,1.136952,0.200045,-0.056855,-0.056855,0.000000,,0,0,0,1,1,0,-0.016393,0.039871,0.7708,-0.0538,0.2673,2,ok
0,54,-1.676385,-1.651839,0.039996,-0.018564,-0.023314,1.161125,0.199999,0.001511,0.001511,0.000000,,0,0,0,1,1,0,-0.016323,0.037247,0.7917,-0.0382,0.2672,2,ok
0,55,-1.652405,-1.650883,0.043322,-0.019117,-0.019989,1.185117,0.199973,0.043144,0.043144,0.000000,,0,0,0,1,1,0,-0.015559,0.037099,0.7917,-0.0388,0.2664,2,ok
0,56,-1.632426,-1.650085,0.047986,-0.019524,-0.008651,1.205184,0.199931,0.069542,0.069542,0.000000,,0,0,0,1,1,0,-0.014661,0.040283,0.7500,-0.0186,0.2679,2,ok
0,57,-1.608456,-1.649119,0.052408,-0.019972,-0.004230,1.229169,0.199900,0.053024,0.053024,0.000000,,0,0,0,1,1,0,-0.012481,0.044652,0.7500,-0.0468,0.2662,2,ok
0,58,-1.584485,-1.647876,0.045174,-0.020022,-0.001430,1.253369,0.200066,-0.159485,-0.096976,0.062510,C-06,0,0,0,1,1,0,-0.011017,0.049072,0.7500,-0.0481,0.2667,2,ok
0,59,-1.560501,-1.646621,0.025733,-0.019946,-0.020871,1.277386,0.200202,-0.417288,-0.246976,0.170313,C-06,0,0,0,1,1,0,-0.010263,0.042912,0.6875,-0.0498,0.2664,2,ok
0,60,-1.536507,-1.645623,0.016754,-0.020010,-0.019734,1.301600,0.200110,-0.057340,-0.096976,-0.039635,C-06,0,0,0,1,1,0,-0.011020,0.027611,0.6458,-0.0442,0.2665,2,ok
0,61,-1.516510,-1.645270,0.019883,-0.020441,-0.016605,1.321595,0.199989,0.102993,0.053024,-0.049969,C-06,0,0,0,1,1,0,-0.011129,0.017700,0.7500,-0.0544,0.2659,2,ok
0,62,-1.492514,-1.644790,0.015185,-0.020776,-0.009505,1.345935,0.200018,-0.072731,-0.072731,0.000000,,0,0,0,1,1,0,-0.011583,0.015994,0.7708,-0.0372,0.2674,2,ok
0,63,-1.468517,-1.644427,0.017483,-0.020957,-0.007207,1.369934,0.199992,0.034852,0.034852,0.000000,,0,0,0,1,1,0,-0.011220,0.013153,0.7708,-0.0348,0.2671,2,ok
0,64,-1.444522,-1.644072,0.021235,-0.021069,0.006374,1.394151,0.199977,0.045461,0.045461,0.000000,,0,0,0,1,1,0,-0.010604,0.015642,0.7500,-0.0434,0.2671,2,ok
0,65,-1.420529,-1.643717,0.028389,-0.021011,0.013528,1.418146,0.199943,0.088636,0.088636,0.000000,,0,0,0,1,1,0,-0.009677,0.018747,0.7708,-0.0398,0.2678,2,ok
0,66,-1.396538,-1.643047,0.026551,-0.020547,0.019537,1.442397,0.200012,-0.030209,-0.030209,0.000000,,0,0,0,1,1,0,-0.008655,0.024971,0.7292,-0.0442,0.2660,2,ok
0,67,-1.372543,-1.642354,0.012499,-0.019854,0.005485,1.466392,0.200066,-0.211833,-0.180209,0.031624,C-06,0,0,0,1,1,0,-0.007977,0.025753,0.7292,-0.0430,0.2670,2,ok
0,68,-1.348544,-1.641661,-0.001850,-0.019161,-0.004319,1.490392,0.200083,-0.168765,-0.168765,0.000000,,0,0,0,1,1,0,-0.008651,0.018694,0.7292,-0.0346,0.2679,2,ok
0,69,-1.328544,-1.641604,-0.004027,-0.019104,-0.006496,1.510392,0.199998,0.089209,-0.018765,-0.107975,C-06,0,0,0,1,1,0,-0.009675,-0.001009,0.6875,-0.0414,0.2671,2,ok
0,70,-1.304544,-1.641635,0.003218,-0.019135,0.000749,1.534391,0.199999,0.093181,0.093181,0.000000,,0,0,0,1,1,0,-0.010127,-0.006377,0.7500,-0.0426,0.2662,2,ok
0,71,-1.280545,-1.641667,0.013259,-0.019167,0.013259,1.558391,0.199984,0.120210,0.120210,0.000000,,0,0,0,1,1,0,-0.009210,-0.001432,0.7917,-0.0475,0.2664,2,ok
0,72,-1.256548,-1.641653,0.020062,-0.019153,0.020062,1.582387,0.199962,0.078185,0.078185,0.000000,,0,0,0,1,1,0,-0.008681,0.008806,0.7917,-0.0320,0.2677,2,ok
0,73,-1.232555,-1.641479,0.026537,-0.018979,0.026537,1.606381,0.199942,0.077388,0.077388,0.000000,,0,0,0,1,1,0,-0.007528,0.013949,0.7708,-0.0436,0.2666,2,ok
0,74,-1.212562,-1.641028,0.028207,-0.018528,0.028207,1.626373,0.199979,0.019384,0.019384,0.000000,,0,0,0,1,1,0,-0.006090,0.024019,0.7292,-0.0494,0.2673,2,ok
0,75,-1.188569,-1.640404,0.018320,-0.017904,0.018320,1.650366,0.200033,-0.247245,-0.130616,0.116629,C-06,0,0,0,1,1,0,-0.005406,0.024358,0.7500,-0.0515,0.2664,2,ok
0,76,-1.164571,-1.639776,-0.004328,-0.017276,-0.004328,1.674365,0.200067,-0.416612,-0.280616,0.135996,C-06,0,0,0,1,1,0,-0.006112,0.018784,0.7083,-0.0404,0.2660,2,ok
0,77,-1.140572,-1.639365,-0.016114,-0.016865,-0.016114,1.698363,0.199989,0.064001,-0.130616,-0.194617,C-06,0,0,0,1,1,0,-0.007412,-0.005404,0.6875,-0.0578,0.2652,2,ok
0,78,-1.116575,-1.639723,-0.015340,-0.017223,-0.015340,1.722360,0.200004,0.178172,0.019384,-0.158788,C-06,0,0,0,1,1,0,-0.009525,-0.014082,0.7083,-0.0347,0.2674,2,ok
0,79,-1.096576,-1.640058,-0.004387,-0.017558,-0.004387,1.742359,0.200025,0.187191,0.169384,-0.017807,C-06,0,0,0,1,1,0,-0.009690,-0.020528,0.7500,-0.0370,0.2674,2,ok
0,80,-1.072576,-1.640427,0.002093,-0.017927,0.002093,1.766359,0.200016,0.069721,0.069721,0.000000,,0,0,0,1,1,0,-0.009151,-0.012723,0.8125,-0.0466,0.2673,2,ok
0,81,-1.048577,-1.640646,0.007706,-0.018146,0.007706,1.790359,0.199999,0.066077,0.066077,0.000000,,0,0,0,1,1,0,-0.008174,-0.002076,0.7500,-0.0438,0.2667,2,ok
0,82,-1.028578,-1.640674,0.011387,-0.018174,0.011387,1.810358,0.199988,0.051130,0.051130,0.000000,,0,0,0,1,1,0,-0.008193,0.003027,0.7500,-0.0333,0.2672,2,ok
0,83,-1.004580,-1.640535,0.014198,-0.018035,0.014198,1.834356,0.199985,0.032453,0.032453,0.000000,,0,0,0,1,1,0,-0.007467,0.008574,0.7292,-0.0429,0.2670,2,ok
0,84,-0.980581,-1.640244,0.008720,-0.017744,0.008720,1.858354,0.200007,-0.071888,-0.071888,0.000000,,0,0,0,1,1,0,-0.006466,0.012483,0.7500,-0.0512,0.2677,2,ok
0,85,-0.956582,-1.639946,-0.002660,-0.017446,-0.002660,1.882354,0.200015,-0.138551,-0.138551,0.000000,,0,0,0,1,1,0,-0.006466,0.012483,0.7500,-0.0512,0.2677,2,ok
0,86,-0.932582,-1.640004,-0.002439,-0.017504,-0.002439,1.906354,0.200000,0.118762,0.011449,-0.107313,C-06,0,0,0,1,1,0,-0.007715,-0.000159,0.6667,-0.0441,0.2655,2,ok
0,87,-0.912582,-1.640071,0.001820,-0.017571,0.001820,1.926354,0.200001,0.064125,0.064125,0.000000,,0,0,0,1,1,0,-0.008531,-0.005575,0.7292,-0.0351,0.2656,2,ok
0,88,-0.888582,-1.640140,0.004502,-0.017640,0.004502,1.950354,0.199998,0.029932,0.029932,0.000000,,0,0,0,1,1,0,-0.007808,-0.001785,0.7917,-0.0463,0.2681,2,ok
0,89,-0.864583,-1.640181,0.010275,-0.017681,0.010275,1.974353,0.199990,0.070775,0.070775,0.000000,,0,0,0,1,1,0,-0.008106,-0.000297,0.7917,-0.0342,0.2667,2,ok
0,90,-0.840585,-1.640222,0.018843,-0.017722,0.018843,1.998350,0.199966,0.104116,0.104116,0.000000,,0,0,0,1,1,0,-0.006986,0.006047,0.7708,-0.0415,0.2661,2,ok
0,91,-0.816591,-1.640001,0.023778,-0.017501,0.023778,2.022345,0.199959,0.056128,0.056128,0.000000,,0,0,0,1,1,0,-0.005851,0.013548,0.7708,-0.0506,0.2665,2,ok
0,92,-0.796595,-1.639545,0.017978,-0.017045,0.017978,2.042340,0.200021,-0.116590,-0.093872,0.022717,C-06,0,0,0,1,1,0,-0.005499,0.020232,0.7292,-0.0400,0.2676,2,ok
0,93,-0.772597,-1.638981,-0.001558,-0.016481,-0.001558,2.066339,0.200055,-0.407004,-0.243872,0.163132,C-06,0,0,0,1,1,0,-0.005236,0.019083,0.7292,-0.0422,0.2683,2,ok
0,94,-0.748597,-1.638646,-0.010262,-0.016146,-0.010262,2.090338,0.200000,-0.042725,-0.093872,-0.051148,C-06,0,0,0,1,1,0,-0.006872,-0.001087,0.7083,-0.0434,0.2667,2,ok
0,95,-0.728598,-1.638829,-0.007109,-0.016329,-0.007109,2.110338,0.200006,0.133652,0.056128,-0.077524,C-06,0,0,0,1,1,0,-0.007791,-0.010792,0.7083,-0.0416,0.2675,2,ok
0,96,-0.704598,-1.639082,-0.000001,-0.016582,-0.000001,2.134337,0.200011,0.085596,0.085596,0.000000,,0,0,0,1,1,0,-0.008293,-0.009922,0.7500,-0.0282,0.2678,2,ok
0,97,-0.680598,-1.639335,0.006875,-0.016835,0.006875,2.158337,0.200007,0.080836,0.080836,0.000000,,0,0,0,1,1,0,-0.007393,-0.002887,0.7917,-0.0378,0.2673,2,ok
0,98,-0.656600,-1.639468,0.013112,-0.016968,0.013112,2.182336,0.199984,0.073482,0.073482,0.000000,,0,0,0,1,1,0,-0.006412,0.000609,0.7917,-0.0468,0.2665,2,ok
0,99,-0.632603,-1.639430,0.018904,-0.016930,0.018904,2.206333,0.199967,0.068645,0.068645,0.000000,,0,0,0,1,1,0,-0.006154,0.008738,0.7708,-0.0419,0.2670,2,ok
0,100,-0.612606,-1.639087,0.019665,-0.016587,0.019665,2.226329,0.199994,0.007213,0.007213,0.000000,,0,0,0,1,1,0,-0.005311,0.016335,0.7292,-0.0400,0.2673,2,ok
0,101,-0.588609,-1.638651,0.008606,-0.016151,0.008606,2.250326,0.200025,-0.252227,-0.142787,0.109440,C-06,0,0,0,1,1,0,-0.004670,0.017468,0.7292,-0.0446,0.2668,2,ok
0,102,-0.564610,-1.638214,-0.015198,-0.015714,-0.015198,2.274326,0.200013,-0.350910,-0.292787,0.058123,C-06,0,0,0,1,1,0,-0.005447,0.009239,0.7083,-0.0364,0.2678,2,ok
0,103,-0.540616,-1.638022,-0.028019,-0.015522,-0.028019,2.298320,0.199925,0.108696,-0.142787,-0.251483,C-06,0,0,0,1,1,0,-0.007399,-0.016628,0.6667,-0.0507,0.2655,2,ok
0,104,-0.516625,-1.638671,-0.028048,-0.016171,-0.028048,2.322310,0.200003,0.187534,0.007213,-0.180321,C-06,0,0,0,1,1,0,-0.009083,-0.027145,0.7500,-0.0437,0.2658,2,ok
0,105,-0.496631,-1.639242,-0.018144,-0.016742,-0.018144,2.342304,0.200046,0.207007,0.157213,-0.049794,C-06,0,0,0,1,1,0,-0.010724,-0.030252,0.7917,-0.0257,0.2679,2,ok
0,106,-0.472634,-1.639915,-0.012051,-0.017415,-0.012051,2.366302,0.200055,0.067200,0.067200,0.000000,,0,0,0,1,1,0,-0.010082,-0.027340,0.7917,-0.0397,0.2659,2,ok
0,107,-0.448634,-1.640536,-0.001241,-0.018036,-0.001241,2.390301,0.200067,0.131942,0.131942,0.000000,,0,0,0,1,1,0,-0.010041,-0.015891,0.7500,-0.0285,0.2672,2,ok
0,108,-0.428634,-1.640837,0.004413,-0.018337,0.004413,2.410301,0.200013,0.076055,0.076055,0.000000,,0,0,0,1,1,0,-0.009388,-0.008913,0.7500,-0.0336,0.2667,2,ok
0,109,-0.404635,-1.640745,0.001580,-0.018245,0.001580,2.434301,0.200002,-0.040655,-0.040655,0.000000,,0,0,0,1,1,0,-0.007930,-0.002676,0.7292,-0.0561,0.2671,2,ok
0,110,-0.380635,-1.640630,-0.001445,-0.018130,-0.001445,2.458301,0.200002,-0.035272,-0.035272,0.000000,,0,0,0,1,1,0,-0.008311,-0.001273,0.7292,-0.0478,0.2666,2,ok
0,111,-0.356635,-1.640626,0.005933,-0.018126,0.005933,2.482301,0.199997,0.096173,0.096173,0.000000,,0,0,0,1,1,0,-0.008431,-0.003546,0.7083,-0.0502,0.2674,2,ok
0,112,-0.332636,-1.640629,0.012782,-0.018129,0.012782,2.506300,0.199984,0.080059,0.080059,0.000000,,0,0,0,1,1,0,-0.009025,0.001624,0.6875,-0.0306,0.2679,2,ok
0,113,-0.312637,-1.640384,0.009262,-0.017884,0.009262,2.526298,0.200008,-0.060875,-0.060875,0.000000,,0,0,0,1,1,0,-0.007512,0.011085,0.7292,-0.0309,0.2673,2,ok
0,114,-0.288638,-1.640067,0.003622,-0.017567,0.003622,2.550298,0.200016,-0.067041,-0.067041,0.000000,,0,0,0,1,1,0,-0.007424,0.007007,0.7917,-0.0398,0.2668,2,ok
0,115,-0.264638,-1.639975,0.006291,-0.017475,0.006291,2.574298,0.199997,0.038046,0.038046,0.000000,,0,0,0,1,1,0,-0.007783,0.002196,0.7708,-0.0370,0.2678,2,ok
0,116,-0.240639,-1.639896,0.010888,-0.017396,0.010888,2.598297,0.199990,0.055445,0.055445,0.000000,,0,0,0,1,1,0,-0.007231,0.003858,0.7917,-0.0449,0.2673,2,ok
0,117,-0.216641,-1.639817,0.015906,-0.017317,0.015906,2.622294,0.199977,0.059864,0.059864,0.000000,,0,0,0,1,1,0,-0.006832,0.007501,0.7708,-0.0466,0.2670,2,ok
0,118,-0.196643,-1.639523,0.013852,-0.017023,0.013852,2.642292,0.200005,-0.037486,-0.037486,0.000000,,0,0,0,1,1,0,-0.006128,0.012834,0.7292,-0.0436,0.2670,2,ok
0,119,-0.172644,-1.639148,-0.000938,-0.016648,-0.000938,2.666291,0.200024,-0.213537,-0.187486,0.026051,C-06,0,0,0,1,1,0,-0.005464,0.011225,0.7500,-0.0534,0.2667,2,ok
0,120,-0.148644,-1.639023,-0.004973,-0.016523,-0.004973,2.690291,0.199999,0.016410,-0.037486,-0.053896,C-06,0,0,0,1,1,0,-0.007107,0.000078,0.7083,-0.0416,0.2671,2,ok
0,121,-0.128644,-1.639081,0.000713,-0.016581,0.000713,2.710291,0.200001,0.092469,0.092469,0.000000,,0,0,0,1,1,0,-0.006999,-0.007669,0.7083,-0.0515,0.2657,2,ok
0,122,-0.104644,-1.639060,-0.000765,-0.016560,-0.000765,2.734291,0.200000,-0.024436,-0.024436,0.000000,,0,0,0,1,1,0,-0.006845,-0.006115,0.7292,-0.0531,0.2652,2,ok
0,123,-0.080644,-1.639048,0.002972,-0.016548,0.002972,2.758291,0.199999,0.048769,0.048769,0.000000,,0,0,0,1,1,0,-0.007393,-0.002887,0.7917,-0.0378,0.2673,2,ok
0,124,-0.056645,-1.639037,0.007325,-0.016537,0.007325,2.782291,0.199995,0.051575,0.051575,0.000000,,0,0,0,1,1,0,-0.006565,-0.002252,0.7917,-0.0483,0.2666,2,ok
0,125,-0.032646,-1.639026,0.014324,-0.016526,0.014324,2.806289,0.199980,0.085272,0.085272,0.000000,,0,0,0,1,1,0,-0.006659,0.003497,0.7708,-0.0334,0.2673,2,ok
0,126,-0.012649,-1.638850,0.016725,-0.016350,0.016725,2.826287,0.199983,0.029845,0.029845,0.000000,,0,0,0,1,1,0,-0.006154,0.008938,0.7083,-0.0138,0.2686,2,ok
0,127,0.011349,-1.638497,0.007520,-0.015997,0.007520,2.850285,0.200016,-0.203947,-0.120155,0.083792,C-06,0,0,0,1,1,0,-0.005020,0.015433,0.7500,-0.0417,0.2660,2,ok
0,128,0.035349,-1.638138,-0.014376,-0.015638,-0.014376,2.874284,0.200005,-0.317124,-0.270155,0.046969,C-06,0,0,0,1,1,0,-0.005708,0.011110,0.7083,-0.0318,0.2660,2,ok
0,129,0.059344,-1.638012,-0.025103,-0.015512,-0.025103,2.898279,0.199939,0.120149,-0.120155,-0.240304,C-06,0,0,0,1,1,0,-0.007494,-0.013445,0.6875,-0.0439,0.2665,2,ok
0,130,0.083337,-1.638584,-0.023466,-0.016084,-0.023466,2.922272,0.200010,0.173764,0.029845,-0.143919,C-06,0,0,0,1,1,0,-0.008406,-0.026703,0.7292,-0.0524,0.2654,2,ok
0,131,0.103333,-1.639095,-0.012153,-0.016595,-0.012153,2.942269,0.200049,0.174775,0.174775,0.000000,,0,0,0,1,1,0,-0.009579,-0.027053,0.7708,-0.0370,0.2685,2,ok
0,132,0.127332,-1.639572,-0.007578,-0.017072,-0.007578,2.966267,0.200026,0.047747,0.047747,0.000000,,0,0,0,1,1,0,-0.009104,-0.020288,0.7917,-0.0432,0.2679,2,ok
0,133,0.151332,-1.639992,-0.001137,-0.017492,-0.001137,2.990267,0.200030,0.077268,0.077268,0.000000,,0,0,0,1,1,0,-0.008771,-0.010002,0.7708,-0.0302,0.2682,2,ok
0,134,0.171332,-1.640116,0.000935,-0.017616,0.000935,3.010267,0.200002,0.025674,0.025674,0.000000,,0,0,0,1,1,0,-0.009490,-0.002973,0.7500,-0.0100,0.2679,2,ok
0,135,0.195332,-1.640114,0.000806,-0.017614,0.000806,3.034267,0.200000,-0.003219,-0.003219,0.000000,,0,0,0,1,1,0,-0.007599,-0.002377,0.7292,-0.0574,0.2658,2,ok
0,136,0.219332,-1.640105,-0.000419,-0.017605,-0.000419,3.058267,0.200000,-0.015123,-0.015123,0.000000,,0,0,0,1,1,0,-0.007849,-0.002967,0.7292,-0.0486,0.2668,2,ok
0,137,0.239332,-1.640097,0.000896,-0.017597,0.000896,3.078267,0.200000,0.021206,0.021206,0.000000,,0,0,0,1,1,0,-0.007963,-0.002150,0.7083,-0.0492,0.2662,2,ok
0,138,0.263331,-1.640088,0.008784,-0.017588,0.008784,3.102267,0.199993,0.098899,0.098899,0.000000,,0,0,0,1,1,0,-0.007341,-0.002418,0.6875,-0.0578,0.2652,2,ok
0,139,0.287330,-1.639878,0.008897,-0.017378,0.008897,3.126266,0.200001,-0.005684,-0.005684,0.000000,,0,0,0,1,1,0,-0.007146,0.001995,0.7500,-0.0528,0.2667,2,ok
0,140,0.307330,-1.639691,0.002252,-0.017191,0.002252,3.146265,0.200008,-0.103198,-0.103198,0.000000,,0,0,0,1,1,0,-0.006436,0.004607,0.7917,-0.0548,0.2660,2,ok
0,141,0.327330,-1.639646,0.003630,-0.017146,0.003630,3.166265,0.199999,0.029042,0.029042,0.000000,,0,0,0,1,1,0,-0.007460,0.000257,0.7708,-0.0365,0.2671,2,ok
0,142,0.351329,-1.639604,0.009076,-0.017104,0.009076,3.190265,0.199993,0.066994,0.066994,0.000000,,0,0,0,1,1,0,-0.007376,0.000699,0.7500,-0.0398,0.2675,2,ok
0,143,0.371328,-1.639569,0.013355,-0.017069,0.013355,3.210264,0.199983,0.060370,0.060370,0.000000,,0,0,0,1,1,0,-0.006707,0.005126,0.7708,-0.0437,0.2664,2,ok
0,144,0.395326,-1.639344,0.015391,-0.016844,0.015391,3.234261,0.199988,0.022625,0.022625,0.000000,,0,0,0,1,1,0,-0.007005,0.010026,0.7083,-0.0131,0.2688,2,ok
0,145,0.419324,-1.639030,0.005582,-0.016530,0.005582,3.258260,0.200014,-0.170835,-0.127375,0.043460,C-06,0,0,0,1,1,0,-0.005638,0.014303,0.7500,-0.0364,0.2667,2,ok
0,146,0.439324,-1.638766,-0.010641,-0.016266,-0.010641,3.278259,0.200008,-0.239285,-0.239285,0.000000,,0,0,0,1,1,0,-0.006366,0.006273,0.6875,-0.0350,0.2679,2,ok
0,147,0.463321,-1.638671,-0.018905,-0.016171,-0.018905,3.302256,0.199966,0.110552,-0.089285,-0.199836,C-06,0,0,0,1,1,0,-0.007861,-0.006959,0.6875,-0.0378,0.2674,2,ok
0,148,0.487317,-1.639101,-0.014711,-0.016601,-0.014711,3.326253,0.200014,0.135998,0.060715,-0.075282,C-06,0,0,0,1,1,0,-0.008346,-0.019210,0.7083,-0.0513,0.2672,2,ok
0,149,0.507316,-1.639483,-0.005089,-0.016983,-0.005089,3.346252,0.200033,0.143408,0.143408,0.000000,,0,0,0,1,1,0,-0.008585,-0.018935,0.7917,-0.0524,0.2673,2,ok
0,150,0.527316,-1.639767,-0.001000,-0.017267,-0.001000,3.366252,0.200015,0.052410,0.052410,0.000000,,0,0,0,1,1,0,-0.008577,-0.009299,0.7708,-0.0374,0.2675,2,ok
0,151,0.551316,-1.640052,0.005551,-0.017552,0.005551,3.390252,0.200010,0.078773,0.078773,0.000000,,0,0,0,1,1,0,-0.008384,-0.002880,0.7500,-0.0304,0.2679,2,ok
0,152,0.571316,-1.640105,0.008879,-0.017605,0.008879,3.410251,0.199992,0.044485,0.044485,0.000000,,0,0,0,1,1,0,-0.007909,-0.002420,0.7917,-0.0422,0.2672,2,ok
0,153,0.595314,-1.640030,0.011778,-0.017530,0.011778,3.434250,0.199989,0.033747,0.033747,0.000000,,0,0,0,1,1,0,-0.008047,0.004503,0.7083,-0.0106,0.2684,2,ok
0,154,0.619313,-1.639798,0.009613,-0.017298,0.009613,3.458248,0.200000,-0.028424,-0.028424,0.000000,,0,0,0,1,1,0,-0.006394,0.007720,0.7500,-0.0481,0.2663,2,ok
0,155,0.639312,-1.639600,-0.001132,-0.017100,-0.001132,3.478248,0.200010,-0.164268,-0.164268,0.000000,,0,0,0,1,1,0,-0.006697,0.008815,0.7083,-0.0421,0.2672,2,ok
0,156,0.663312,-1.639575,-0.003088,-0.017075,-0.003088,3.502248,0.199999,0.132316,-0.014268,-0.146584,C-06,0,0,0,1,1,0,-0.006195,0.001659,0.7083,-0.0633,0.2652,2,ok
0,157,0.687312,-1.639578,-0.001247,-0.017078,-0.001247,3.526248,0.200000,0.024361,0.024361,0.000000,,0,0,0,1,1,0,-0.007908,-0.005172,0.7500,-0.0446,0.2675,2,ok
0,158,0.707312,-1.639581,-0.000601,-0.017081,-0.000601,3.546248,0.200000,0.007986,0.007986,0.000000,,0,0,0,1,1,0,-0.008179,-0.003338,0.7917,-0.0335,0.2669,2,ok
0,159,0.727312,-1.639583,0.003159,-0.017083,0.003159,3.566248,0.199999,0.056779,0.056779,0.000000,,0,0,0,1,1,0,-0.007536,-0.004886,0.7708,-0.0459,0.2673,2,ok
0,160,0.751312,-1.639587,0.011638,-0.017087,0.011638,3.590247,0.199987,0.103573,0.103573,0.000000,,0,0,0,1,1,0,-0.007819,0.001623,0.7500,-0.0306,0.2674,2,ok
0,161,0.771309,-1.639587,0.017211,-0.017087,0.017211,3.610245,0.199971,0.077673,0.077673,0.000000,,0,0,0,1,1,0,-0.006834,0.008440,0.7708,-0.0324,0.2672,2,ok
0,162,0.795305,-1.639317,0.020268,-0.016817,0.020268,3.634241,0.199977,0.033493,0.033493,0.000000,,0,0,0,1,1,0,-0.005719,0.011521,0.7083,-0.0461,0.2658,2,ok
0,163,0.819302,-1.638875,0.011489,-0.016375,0.011489,3.658237,0.200021,-0.227508,-0.116507,0.111001,C-06,0,0,0,1,1,0,-0.005635,0.015004,0.7292,-0.0317,0.2666,2,ok
0,164,0.839302,-1.638499,-0.006354,-0.015999,-0.006354,3.678237,0.200032,-0.361059,-0.266507,0.094552,C-06,0,0,0,1,1,0,-0.005301,0.012916,0.6875,-0.0401,0.2655,2,ok
0,165,0.863300,-1.638198,-0.016936,-0.015698,-0.016936,3.702235,0.199979,0.099111,-0.116507,-0.215618,C-06,0,0,0,1,1,0,-0.005812,-0.006171,0.6458,-0.0545,0.2637,2,ok
0,166,0.887296,-1.638576,-0.014989,-0.016076,-0.014989,3.726232,0.200007,0.128364,0.033493,-0.094871,C-06,0,0,0,1,1,0,-0.007772,-0.017634,0.7083,-0.0443,0.2659,2,ok
0,167,0.907295,-1.638924,-0.004725,-0.016424,-0.004725,3.746231,0.200027,0.157983,0.157983,0.000000,,0,0,0,1,1,0,-0.007963,-0.019042,0.7500,-0.0593,0.2674,2,ok
0,168,0.927295,-1.639273,0.002056,-0.016773,0.002056,3.766231,0.200030,0.091227,0.091227,0.000000,,0,0,0,1,1,0,-0.006356,-0.010729,0.7500,-0.0856,0.2684,2,ok
0,169,0.951295,-1.639641,0.011075,-0.017141,0.011075,3.787135,0.200003,0.107731,0.107731,0.000000,,0,0,0,1,1,0,-0.005571,-0.002256,0.7292,-0.0958,0.2675,2,ok
0,170,0.971293,-1.639606,0.014852,-0.017106,0.014852,3.810228,0.199980,0.050974,0.050974,0.000000,,0,0,0,1,1,0,-0.003907,0.005404,0.7500,-0.1285,0.2690,2,ok
0,171,0.995289,-1.639477,0.019719,-0.016977,0.019719,3.834225,0.199967,0.058404,0.058404,0.000000,,0,0,0,1,1,0,-0.004280,0.010367,0.7500,-0.1125,0.2693,2,ok
0,172,1.019286,-1.639025,0.012879,-0.016525,0.012879,3.858221,0.200021,-0.166272,-0.091596,0.074676,C-06,0,0,0,1,1,0,-0.001993,0.014968,0.6875,-0.1679,0.2703,2,ok
0,173,1.039285,-1.638634,-0.003093,-0.016134,-0.003093,3.878221,0.200038,-0.363965,-0.241596,0.122369,C-06,0,0,0,1,1,0,-0.002572,0.014094,0.6458,-0.1703,0.2702,2,ok
0,174,1.063285,-1.638350,-0.011700,-0.015850,-0.011700,3.902220,0.199993,0.114686,-0.091596,-0.206282,C-06,0,0,0,1,1,0,0.000239,-0.000091,0.6458,-0.2662,0.2627,2,ok
0,175,1.087283,-1.638610,-0.007572,-0.016110,-0.007572,3.926219,0.200008,0.077073,0.058404,-0.018669,C-06,0,0,0,1,1,0,-0.002028,-0.010614,0.6667,-0.2489,0.2652,2,ok
0,176,1.107283,-1.638762,-0.009834,-0.016262,-0.009834,3.946218,0.199996,-0.039491,-0.039491,0.000000,,0,0,0,1,1,0,-0.004878,-0.006275,0.7500,-0.2423,0.2647,2,ok
0,177,1.127282,-1.638958,-0.005345,-0.016458,-0.005345,3.966218,0.200007,0.072888,0.072888,0.000000,,0,0,0,1,1,0,-0.005725,-0.004760,0.7292,-0.2482,0.2638,2,ok
0,178,1.151282,-1.639199,0.001788,-0.016699,0.001788,3.987435,0.200010,0.084569,0.084569,0.000000,,0,0,0,1,1,0,-0.006236,-0.001154,0.7500,-0.2444,0.2656,2,ok
0,179,1.171282,-1.639400,0.009861,-0.016900,0.009861,4.010217,0.200001,0.116773,0.116773,0.000000,,0,0,0,1,1,0,-0.007604,0.014115,0.7500,-0.2198,0.2643,2,ok
0,180,1.195280,-1.639427,0.015564,-0.016927,0.015564,4.034215,0.199977,0.064657,0.064657,0.000000,,0,0,0,1,1,0,-0.007822,0.029859,0.6875,-0.2103,0.2656,2,ok
0,181,1.219278,-1.639071,0.009329,-0.016571,0.009329,4.058213,0.200015,-0.172197,-0.085343,0.086854,C-06,0,0,0,1,1,0,-0.009119,0.046431,0.7292,-0.1571,0.2655,2,ok
0,182,1.239277,-1.638757,-0.006323,-0.016257,-0.006323,4.078213,0.200022,-0.352500,-0.235343,0.117158,C-06,0,0,0,1,1,0,-0.010337,0.053442,0.6667,-0.1477,0.2633,2,ok
0,183,1.263276,-1.638575,-0.014279,-0.016075,-0.014279,4.102211,0.199982,0.088903,-0.085343,-0.174245,C-06,0,0,0,1,1,0,-0.012794,0.045441,0.6250,-0.1212,0.2701,2,ok
0,184,1.287274,-1.638900,-0.009745,-0.016400,-0.009745,4.126209,0.200012,0.264363,0.064657,-0.199705,C-06,0,0,0,1,1,0,-0.013807,0.039693,0.6875,-0.0955,0.2716,2,ok
0,185,1.307273,-1.639096,-0.014778,-0.016596,-0.012721,4.146208,0.199988,-0.136277,-0.085343,0.050935,C-06,0,0,0,1,1,0,-0.011851,0.043131,0.7500,-0.1344,0.2651,2,ok
0,186,1.327270,-1.639392,-0.014016,-0.016892,-0.011959,4.166206,0.200003,0.018309,0.018309,0.000000,,0,0,0,1,1,0,-0.012368,0.043445,0.7500,-0.1146,0.2661,2,ok
0,187,1.351268,-1.639756,-0.011473,-0.017256,-0.009416,4.187635,0.200010,0.030931,0.030931,0.000000,,0,0,0,1,1,0,-0.013259,0.046148,0.7083,-0.0946,0.2636,2,ok
0,188,1.371267,-1.640060,-0.007963,-0.017560,-0.001774,4.210203,0.200016,0.051341,0.051341,0.000000,,0,0,0,1,1,0,-0.012088,0.047736,0.7500,-0.1095,0.2646,2,ok
0,189,1.395267,-1.640349,-0.005780,-0.017849,0.000409,4.234202,0.200009,0.023996,0.023996,0.000000,,0,0,0,1,1,0,-0.012358,0.050301,0.7292,-0.0716,0.2659,2,ok
0,190,1.419266,-1.640547,-0.015368,-0.017829,-0.001332,4.258386,0.199984,-0.210942,-0.126004,0.084938,C-06,0,0,0,1,1,0,-0.012328,0.063941,0.6875,-0.0067,0.2684,2,ok
0,191,1.439260,-1.640708,-0.033533,-0.017785,-0.019497,4.278380,0.199901,-0.452271,-0.276004,0.176267,C-06,0,0,0,1,1,0,-0.013036,0.060740,0.6667,0.0173,0.2653,2,ok
0,192,1.463241,-1.641041,-0.044810,-0.017697,-0.021374,4.302548,0.199839,0.079615,-0.126004,-0.205619,C-06,0,0,0,1,1,0,-0.013700,0.049300,0.6458,0.0265,0.2669,2,ok
0,193,1.487217,-1.642080,-0.043776,-0.018241,-0.020340,4.326540,0.200012,0.432622,0.023996,-0.408626,C-06,0,0,0,1,1,0,-0.014966,0.035772,0.6875,0.0496,0.2666,2,ok
0,194,1.507196,-1.642973,-0.046908,-0.018488,-0.012079,4.346880,0.199981,-0.052330,-0.052330,0.000000,,0,0,0,1,1,0,-0.013518,0.033601,0.7500,0.0341,0.2656,2,ok
0,195,1.527176,-1.643912,-0.041731,-0.018642,-0.006901,4.366881,0.200045,0.085100,0.085100,0.000000,,0,0,0,1,1,0,-0.013178,0.030367,0.7500,0.0384,0.2648,2,ok
0,196,1.551158,-1.645042,-0.036307,-0.018766,0.009127,4.391035,0.200088,0.064714,0.064714,0.000000,,0,0,0,1,1,0,-0.011982,0.031294,0.7083,0.0206,0.2624,2,ok
0,197,1.571145,-1.645809,-0.035369,-0.018593,0.010065,4.411036,0.200014,0.009723,0.009723,0.000000,,0,0,0,1,1,0,-0.007789,0.031725,0.6875,-0.0389,0.2623,2,ok
0,198,1.595129,-1.646704,-0.039581,-0.018325,0.016271,4.435218,0.199984,-0.054969,-0.054969,0.000000,,0,0,0,1,1,0,-0.008871,0.034119,0.6667,0.0338,0.2651,2,ok
0,199,1.619102,-1.647600,-0.055513,-0.017854,0.000338,4.459203,0.199840,-0.382249,-0.204969,0.177279,C-06,0,0,0,1,1,0,-0.009916,0.031765,0.6875,0.0942,0.2700,2,ok
0,200,1.639060,-1.648346,-0.073231,-0.017462,-0.017380,4.479172,0.199618,-0.265943,-0.265943,0.000000,,0,0,0,1,1,0,-0.011267,0.021276,0.6667,0.0942,0.2675,2,ok
0,201,1.662986,-1.649668,-0.083407,-0.017277,-0.020883,4.503244,0.199679,0.202346,-0.115943,-0.318289,C-06,0,0,0,1,1,0,-0.011347,0.004585,0.6458,0.0869,0.2666,2,ok
0,202,1.686904,-1.651626,-0.081499,-0.017718,-0.018975,4.527237,0.200025,0.125522,0.034057,-0.091465,C-06,0,0,0,1,1,0,-0.013594,-0.006119,0.7083,0.1132,0.2641,2,ok
0,203,1.706844,-1.653287,-0.071921,-0.017948,-0.003135,4.547413,0.200165,0.153804,0.153804,0.000000,,0,0,0,1,1,0,-0.014201,-0.010332,0.7708,0.1359,0.2647,2,ok
0,204,1.726796,-1.654934,-0.066749,-0.018140,0.002037,4.567432,0.200203,0.069756,0.069756,0.000000,,0,0,0,1,1,0,-0.013107,-0.003733,0.7917,0.1526,0.2647,2,ok
0,205,1.750749,-1.656857,-0.058149,-0.018319,0.014844,4.591459,0.200297,0.108230,0.108230,0.000000,,0,0,0,1,1,0,-0.013614,0.002545,0.7500,0.2000,0.2661,2,ok
0,206,1.770717,-1.658164,-0.055104,-0.018175,0.017889,4.611469,0.200094,0.039865,0.039865,0.000000,,0,0,0,1,1,0,-0.012217,0.003281,0.7500,0.2037,0.2655,2,ok
0,207,1.794680,-1.659530,-0.057010,-0.017761,0.018889,4.635569,0.199996,-0.027376,-0.027376,0.000000,,0,0,0,1,1,0,-0.011818,0.007141,0.7292,0.2355,0.2673,2,ok
0,208,1.818633,-1.660886,-0.068314,-0.017239,0.007585,4.659555,0.199861,-0.148404,-0.148404,0.000000,,0,0,0,1,1,0,-0.010137,0.004610,0.6875,0.2234,0.2673,2,ok
0,209,1.838584,-1.662138,-0.071348,-0.016926,0.004551,4.678732,0.199905,-0.035843,-0.035843,0.000000,,0,0,0,1,1,0,-0.010265,-0.012534,0.7083,0.2235,0.2688,2,ok
0,210,1.862529,-1.663827,-0.063039,-0.016745,0.013787,4.703541,0.200099,0.114868,0.114157,-0.000711,C-06,0,0,0,1,1,0,-0.010222,-0.020251,0.6458,0.2204,0.2670,2,ok
0,211,1.886482,-1.665338,-0.062688,-0.016384,0.014138,4.727539,0.199998,-0.002527,-0.002527,0.000000,,0,0,0,1,1,0,-0.010344,-0.019313,0.7083,0.2607,0.2678,2,ok
0,212,1.906445,-1.666587,-0.058963,-0.016077,0.017605,4.747536,0.200040,0.060203,0.060203,0.000000,,0,0,0,1,1,0,-0.007983,-0.023562,0.7708,0.2325,0.2674,2,ok
0,213,1.926412,-1.667836,-0.055005,-0.015770,0.021563,4.767540,0.200085,0.057926,0.057926,0.000000,,0,0,0,1,1,0,-0.006654,-0.026773,0.7708,0.2289,0.2651,2,ok
0,214,1.950378,-1.669264,-0.052520,-0.015336,0.021778,4.791537,0.200064,0.028624,0.028624,0.000000,,0,0,0,1,1,0,-0.006229,-0.027552,0.7083,0.2435,0.2649,2,ok
0,215,1.970351,-1.670377,-0.051222,-0.014902,0.023076,4.811537,0.200039,0.018261,0.018261,0.000000,,0,0,0,1,1,0,-0.007808,-0.031891,0.7292,0.3114,0.2691,2,ok
0,216,1.994316,-1.671661,-0.056580,-0.014366,0.014260,4.835442,0.199968,-0.072124,-0.072124,0.000000,,0,0,0,1,1,0,-0.001509,-0.036783,0.6875,0.1314,0.2591,2,ok
0,217,2.018276,-1.672942,-0.059104,-0.013937,0.011736,4.859433,0.199937,-0.028348,-0.028348,0.000000,,0,0,0,1,1,0,-0.011360,-0.039619,0.7083,0.4233,0.2680,2,ok
0,218,2.038244,-1.674091,-0.053258,-0.013660,0.017583,4.879432,0.200046,0.096037,0.096037,0.000000,,0,0,0,1,1,0,-0.011144,-0.046908,0.6667,0.4262,0.2669,2,ok
0,219,2.062218,-1.675478,-0.038889,-0.013437,0.026981,4.903385,0.200177,0.180048,0.180048,0.000000,,0,0,0,1,1,0,-0.012112,-0.059721,0.6458,0.4896,0.2712,2,ok
0,220,2.086202,-1.676531,-0.035649,-0.012884,0.030222,4.927386,0.200048,0.030317,0.030317,0.000000,,0,0,0,1,1,0,-0.009493,-0.051905,0.7083,0.4705,0.2671,2,ok
0,221,2.106190,-1.677366,-0.031543,-0.012483,0.027391,4.947308,0.200073,0.061546,0.061546,0.000000,,0,0,0,1,1,0,-0.009769,-0.051709,0.7500,0.5569,0.2685,2,ok
0,222,2.126182,-1.678194,-0.027202,-0.012097,0.031731,4.967313,0.200088,0.062631,0.062631,0.000000,,0,0,0,1,1,0,-0.007641,-0.053682,0.7500,0.5196,0.2686,2,ok
0,223,2.150174,-1.679061,-0.022693,-0.011579,0.027791,4.991224,0.200063,0.053443,0.053443,0.000000,,0,0,0,1,1,0,-0.008206,-0.056570,0.7500,0.5807,0.2678,2,ok
0,224,2.170170,-1.679732,-0.016245,-0.011190,0.034240,5.011228,0.200085,0.095368,0.095368,0.000000,,0,0,0,1,1,0,-0.007751,-0.059441,0.7500,0.6125,0.2719,2,ok
0,225,2.194168,-1.680416,-0.009992,-0.010602,0.040492,5.032795,0.200055,0.072951,0.072951,0.000000,,0,0,0,1,1,0,0.005109,-0.071319,0.6667,0.2382,0.2500,2,ok
0,226,2.218167,-1.680669,-0.009866,-0.009855,0.030694,5.059107,0.200000,-0.002958,-0.002958,0.000000,,0,0,0,1,1,0,-0.007775,-0.073763,0.7083,0.7056,0.2701,2,ok
0,227,2.238167,-1.680862,-0.003468,-0.009194,0.037091,5.079096,0.200008,0.100404,0.100404,0.000000,,0,0,0,1,1,0,-0.003493,-0.088139,0.7083,0.6273,0.2674,2,ok
0,228,2.262166,-1.681093,0.010471,-0.008656,0.038507,5.102968,0.200000,0.168365,0.168365,0.000000,,0,0,0,1,1,0,-0.005846,-0.107024,0.6667,0.7245,0.2711,2,ok
0,229,2.286162,-1.681324,0.024535,-0.008189,0.052571,5.126961,0.199952,0.167464,0.167464,0.000000,,0,0,0,1,1,0,-0.003559,-0.105504,0.7292,0.7247,0.2677,2,ok
0,230,2.306154,-1.681187,0.031750,-0.007600,0.045012,5.146852,0.199914,0.099045,0.099045,0.000000,,0,0,0,1,1,0,-0.002043,-0.099415,0.7917,0.7706,0.2690,2,ok
0,231,2.326141,-1.680951,0.042353,-0.007017,0.055616,5.166831,0.199840,0.158009,0.158009,0.000000,,0,0,0,1,1,0,-0.001551,-0.096747,0.7500,0.7898,0.2661,2,ok
0,232,2.350106,-1.680667,0.065587,-0.006317,0.078849,5.187872,0.199598,0.292341,0.292341,0.000000,,0,0,0,1,1,0,0.000906,-0.101663,0.7292,0.7775,0.2655,2,ok
0,233,2.370053,-1.679989,0.078915,-0.005733,0.074965,5.210614,0.199558,0.190238,0.190238,0.000000,,0,0,0,1,1,0,0.003626,-0.092116,0.7500,0.7725,0.2646,2,ok
0,234,2.393973,-1.678325,0.084035,-0.004115,0.080086,5.234537,0.199831,0.055687,0.055687,0.000000,,0,0,0,1,1,0,0.004210,-0.097880,0.7500,0.8088,0.2650,2,ok
0,235,2.417894,-1.676321,0.077357,-0.002503,0.054107,5.258418,0.200107,-0.151947,-0.094313,0.057633,C-06,0,0,0,1,1,0,0.008800,-0.111947,0.7083,0.7621,0.2661,2,ok
0,236,2.437832,-1.674774,0.080344,-0.001372,0.057094,5.278384,0.199950,0.125902,0.055687,-0.070216,C-06,0,0,0,1,1,0,0.009076,-0.133065,0.6875,0.7653,0.2631,2,ok
0,237,2.461740,-1.672929,0.095918,-0.000239,0.049083,5.302322,0.199687,0.543465,0.205687,-0.337778,C-06,0,0,0,1,1,0,0.011869,-0.151539,0.6875,0.7147,0.2656,2,ok
0,238,2.485597,-1.671085,0.123028,0.000569,0.076193,5.326236,0.199114,0.463770,0.355687,-0.108084,C-06,0,0,0,1,1,0,0.015088,-0.169388,0.6667,0.6792,0.2592,2,ok
0,239,2.505405,-1.669548,0.154822,0.001246,0.107987,5.345933,0.198259,0.512191,0.505687,-0.006504,C-06,0,0,0,1,1,0,0.016544,-0.152084,0.7292,0.6950,0.2643,2,ok
0,240,2.525128,-1.667477,0.177974,0.001979,0.105786,5.365940,0.198239,0.078647,0.355687,0.277039,C-06,0,0,0,1,1,0,0.020049,-0.136075,0.7708,0.6692,0.2676,2,ok
0,241,2.548711,-1.663895,0.194242,0.003964,0.122054,5.389711,0.198809,-0.057255,0.205687,0.262941,C-06,0,0,0,1,1,0,0.022774,-0.127498,0.7500,0.6619,0.2660,2,ok
0,242,2.568326,-1.660206,0.198374,0.005982,0.095722,5.409734,0.199650,-0.094244,0.055687,0.149931,C-06,0,0,0,1,1,0,0.024998,-0.123776,0.7292,0.6408,0.2687,2,ok
0,243,2.591863,-1.655483,0.194589,0.008317,0.091937,5.433626,0.200147,-0.057716,-0.057716,0.000000,,0,0,0,1,1,0,0.027681,-0.129227,0.7500,0.5946,0.2681,2,ok
0,244,2.615410,-1.650842,0.195173,0.010442,0.059101,5.457815,0.199969,0.012571,0.012571,0.000000,,0,0,0,1,1,0,0.025699,-0.158241,0.7500,0.6134,0.2648,2,ok
0,245,2.635036,-1.646978,0.191676,0.011756,0.055605,5.477775,0.200097,-0.062596,-0.062596,0.000000,,0,0,0,1,1,0,0.024523,-0.169385,0.6875,0.6348,0.2620,2,ok
0,246,2.658585,-1.642408,0.197499,0.013267,0.061427,5.501715,0.199780,0.389572,0.087404,-0.302168,C-06,0,0,0,1,1,0,0.023970,-0.184674,0.6875,0.6255,0.2641,2,ok
0,247,2.682079,-1.637842,0.214493,0.013967,0.039195,5.526241,0.199120,1.000000,0.237404,-0.762596,C-06,0,0,0,1,1,0,0.027119,-0.204725,0.6458,0.5383,0.2560,2,ok
0,248,2.701572,-1.634038,0.237361,0.014356,0.062063,5.546098,0.198140,0.948811,0.387404,-0.561407,C-06,0,0,0,1,1,0,0.023864,-0.201351,0.6875,0.5894,0.2597,2,ok
0,249,2.720937,-1.630233,0.268454,0.014643,0.051676,5.566378,0.196644,0.529754,0.529754,0.000000,,0,0,0,1,1,0,0.024533,-0.189285,0.7708,0.5941,0.2571,2,ok
0,250,2.743985,-1.624849,0.296068,0.015093,0.079290,5.590042,0.197255,0.341241,0.379754,0.038512,C-06,0,0,0,1,1,0,0.024788,-0.166502,0.7500,0.6165,0.2584,2,ok
0,251,2.763072,-1.619520,0.310193,0.016317,0.093415,5.609820,0.198248,0.023817,0.229754,0.205937,C-06,0,0,0,1,1,0,0.027517,-0.153491,0.7708,0.5765,0.2614,2,ok
0,252,2.785901,-1.612397,0.316443,0.017675,0.056617,5.634595,0.199369,-0.046769,0.079754,0.126523,C-06,0,0,0,1,1,0,0.029049,-0.145370,0.7500,0.5585,0.2634,2,ok
0,253,2.808708,-1.604937,0.316325,0.018935,0.056499,5.658559,0.200027,-0.007564,-0.007564,0.000000,,0,0,0,1,1,0,0.028959,-0.149510,0.7292,0.5659,0.2648,2,ok
0,254,2.827701,-1.598716,0.321429,0.019789,0.020341,5.679400,0.199713,0.094347,0.094347,0.000000,,0,0,0,1,1,0,0.029841,-0.172238,0.7500,0.5149,0.2660,2,ok
0,255,2.850438,-1.591250,0.330445,0.020011,0.029357,5.703330,0.199172,0.133507,0.133507,0.000000,,0,0,0,1,1,0,0.027912,-0.177890,0.6875,0.5602,0.2651,2,ok
0,256,2.873068,-1.583733,0.349258,0.020314,0.048170,5.727174,0.198155,0.688781,0.283507,-0.405274,C-06,0,0,0,1,1,0,0.027606,-0.182040,0.7083,0.5437,0.2629,2,ok
0,257,2.891781,-1.577424,0.372816,0.020014,0.031343,5.747649,0.196759,1.000000,0.433507,-0.566493,C-06,0,0,0,1,1,0,0.027986,-0.192666,0.6667,0.5450,0.2621,2,ok
0,258,2.910293,-1.570951,0.404357,0.019866,0.062885,5.767259,0.195634,1.000000,0.583507,-0.416493,C-06,0,0,0,1,1,0,0.029082,-0.175217,0.7083,0.5305,0.2643,2,ok
0,259,2.932216,-1.562223,0.433175,0.020426,0.055666,5.791574,0.196768,-0.030394,0.433507,0.463901,C-06,0,0,0,1,1,0,0.030246,-0.165933,0.7500,0.5143,0.2646,2,ok
0,260,2.950300,-1.554213,0.448925,0.021167,0.071416,5.811338,0.197901,-0.109120,0.283507,0.392627,C-06,0,0,0,1,1,0,0.032469,-0.144203,0.7708,0.5082,0.2652,2,ok
0,261,2.971872,-1.543988,0.457986,0.022673,0.080477,5.835163,0.199015,0.080510,0.133507,0.052997,C-06,0,0,0,1,1,0,0.032469,-0.144203,0.7708,0.5082,0.2652,2,ok
0,262,2.993399,-1.533385,0.457499,0.023840,0.046196,5.859883,0.200064,-0.143554,-0.016493,0.127061,C-06,0,0,0,1,1,0,0.035592,-0.124442,0.7708,0.4948,0.2668,2,ok
0,263,3.011339,-1.524535,0.458383,0.024757,0.047080,5.879866,0.200002,0.019640,0.019640,0.000000,,0,0,0,1,1,0,0.034376,-0.142963,0.7500,0.5164,0.2659,2,ok
0,264,3.032898,-1.513914,0.450770,0.025466,0.006718,5.904679,0.200577,-0.364584,-0.130360,0.234224,C-06,0,0,0,1,1,0,0.034555,-0.149839,0.7708,0.5095,0.2626,2,ok
0,265,3.054585,-1.503382,0.433550,0.025666,-0.010502,5.928788,0.201518,-0.606916,-0.280360,0.326556,C-06,0,0,0,1,1,0,0.032196,-0.168119,0.7292,0.5364,0.2643,2,ok
0,266,3.072768,-1.494798,0.426038,0.025507,-0.050010,5.949742,0.201032,0.230285,-0.130360,-0.360645,C-06,0,0,0,1,1,0,0.024799,-0.201995,0.6667,0.6102,0.2637,2,ok
0,267,3.090981,-1.486521,0.426445,0.024499,-0.049603,5.969723,0.199941,0.711636,0.019640,-0.691997,C-06,0,0,0,1,1,0,0.020976,-0.218143,0.6875,0.6428,0.2630,2,ok
0,268,3.112795,-1.476593,0.434272,0.023305,-0.041776,5.993660,0.199440,0.128242,0.128242,0.000000,,0,0,0,1,1,0,0.018535,-0.226975,0.7708,0.6597,0.2618,2,ok
0,269,3.130886,-1.468280,0.447269,0.021958,-0.059872,6.014229,0.198640,0.254793,0.254793,0.000000,,0,0,0,1,1,0,0.017561,-0.233881,0.7708,0.6532,0.2613,2,ok
0,270,3.152436,-1.458233,0.464457,0.020263,-0.042684,6.037945,0.198038,0.271681,0.271681,0.000000,,0,0,0,1,1,0,0.017510,-0.234887,0.7500,0.6296,0.2629,2,ok
0,271,3.173811,-1.447781,0.479620,0.018747,-0.058532,6.062306,0.198321,0.239406,0.239406,0.000000,,0,0,0,1,1,0,0.017377,-0.229406,0.7500,0.5899,0.2596,2,ok
0,272,3.191484,-1.438844,0.494933,0.017336,-0.043219,6.082061,0.197981,0.299764,0.299764,0.000000,,0,0,0,1,1,0,0.016598,-0.232280,0.7292,0.5914,0.2614,2,ok
0,273,3.212546,-1.427605,0.504732,0.016160,-0.033420,6.105904,0.199011,0.087956,0.149764,0.061807,C-06,0,0,0,1,1,0,0.017371,-0.229536,0.7292,0.5421,0.2648,2,ok
0,274,3.233546,-1.416004,0.505333,0.014687,-0.062914,6.130308,0.200001,-0.158519,-0.000236,0.158283,C-06,0,0,0,1,1,0,0.015170,-0.230877,0.6875,0.5634,0.2611,2,ok
0,275,3.251054,-1.406321,0.503726,0.013434,-0.064521,6.150275,0.200129,-0.033687,-0.033687,0.000000,,0,0,0,1,1,0,0.012161,-0.244244,0.6458,0.5712,0.2600,2,ok
0,276,3.268547,-1.396667,0.509048,0.011883,-0.088832,6.170587,0.199564,0.674555,0.116313,-0.558242,C-06,0,0,0,1,1,0,0.011226,-0.268544,0.7083,0.5300,0.2621,2,ok
0,277,3.285951,-1.386920,0.521999,0.010124,-0.075881,6.190457,0.198986,0.356317,0.266313,-0.090003,C-06,0,0,0,1,1,0,0.007343,-0.270362,0.7292,0.5669,0.2649,2,ok
0,278,3.306639,-1.375160,0.541260,0.008176,-0.056621,6.214175,0.198152,0.321072,0.321072,0.000000,,0,0,0,1,1,0,0.007034,-0.271997,0.7708,0.5322,0.2633,2,ok
0,279,3.323691,-1.365082,0.558719,0.006347,-0.068205,6.234130,0.198126,0.353059,0.353059,0.000000,,0,0,0,1,1,0,0.005398,-0.264340,0.7708,0.5285,0.2643,2,ok
0,280,3.340529,-1.354660,0.582000,0.004899,-0.044924,6.253878,0.197746,0.485727,0.485727,0.000000,,0,0,0,1,1,0,0.005128,-0.258879,0.7292,0.5165,0.2648,2,ok
0,281,3.360354,-1.341622,0.615866,0.003559,-0.040057,6.277687,0.197890,0.592869,0.592869,0.000000,,0,0,0,1,1,0,0.000181,-0.236458,0.7292,0.6128,0.2663,2,ok
0,282,3.376552,-1.330137,0.637306,0.002783,-0.018617,6.297528,0.198767,0.385149,0.442869,0.057720,C-06,0,0,0,1,1,0,0.000653,-0.215470,0.7083,0.6144,0.2647,2,ok
0,283,3.395717,-1.315837,0.654195,0.002430,-0.001728,6.321437,0.199379,0.229883,0.292869,0.062986,C-06,0,0,0,1,1,0,0.002236,-0.205323,0.7292,0.5897,0.2623,2,ok
0,284,3.411542,-1.303657,0.661291,0.001878,-0.023254,6.341469,0.199740,0.115204,0.142869,0.027665,C-06,0,0,0,1,1,0,0.000147,-0.200073,0.6875,0.6545,0.2642,2,ok
0,285,3.427321,-1.291370,0.661516,0.001416,-0.023029,6.361463,0.200012,-0.059365,-0.007131,0.052234,C-06,0,0,0,1,1,0,0.000582,-0.202826,0.6875,0.6330,0.2626,2,ok
0,286,3.446208,-1.276597,0.668906,0.000639,-0.045123,6.385458,0.199785,0.442140,0.142869,-0.299271,C-06,0,0,0,1,1,0,-0.001297,-0.224167,0.6875,0.6562,0.2603,2,ok
0,287,3.461822,-1.264143,0.681709,-0.000152,-0.032320,6.405414,0.199714,0.650943,0.292869,-0.358074,C-06,0,0,0,1,1,0,-0.002644,-0.224280,0.7083,0.6567,0.2596,2,ok
0,288,3.477237,-1.251430,0.700788,-0.000616,-0.013241,6.425390,0.199937,0.559649,0.442869,-0.116780,C-06,0,0,0,1,1,0,-0.004905,-0.222140,0.8125,0.6964,0.2614,2,ok
0,289,3.495437,-1.235733,0.725540,-0.001229,-0.017053,6.449397,0.200620,0.457463,0.457463,0.000000,,0,0,0,1,1,0,-0.004744,-0.215970,0.7917,0.6998,0.2595,2,ok
0,290,3.510382,-1.222335,0.742432,-0.001451,-0.000161,6.469467,0.200856,0.358163,0.358163,0.000000,,0,0,0,1,1,0,-0.002544,-0.199352,0.8125,0.6875,0.2608,2,ok
0,291,3.525057,-1.208649,0.765764,-0.001492,-0.005641,6.489487,0.200634,0.516449,0.508163,-0.008286,C-06,0,0,0,1,1,0,-0.004869,-0.192080,0.7500,0.7736,0.2635,2,ok
0,292,3.542204,-1.191830,0.787084,-0.001470,0.015679,6.513506,0.199985,0.359514,0.359514,0.000000,,0,0,0,1,1,0,-0.002290,-0.185636,0.7708,0.7269,0.2663,2,ok
0,293,3.556245,-1.177599,0.797686,-0.001125,0.026281,6.533495,0.199856,0.124836,0.209514,0.084678,C-06,0,0,0,1,1,0,-0.002320,-0.182603,0.7500,0.7941,0.2639,2,ok
0,294,3.570185,-1.163265,0.801037,-0.001036,-0.000387,6.553463,0.199946,-0.356877,0.059514,0.416391,C-06,0,0,0,1,1,0,0.000203,-0.181504,0.7500,0.7587,0.2676,2,ok
0,295,3.586924,-1.146057,0.796345,-0.001021,-0.005080,6.577470,0.200059,-0.387274,-0.090486,0.296788,C-06,0,0,0,1,1,0,-0.001093,-0.188087,0.7083,0.8031,0.2601,2,ok
0,296,3.600899,-1.131753,0.798402,-0.001275,-0.032455,6.597432,0.199960,0.053008,0.053008,0.000000,,0,0,0,1,1,0,0.002063,-0.223605,0.6875,0.6901,0.2584,2,ok
0,297,3.617555,-1.114508,0.809570,-0.001898,-0.021287,6.621400,0.199714,0.646709,0.203008,-0.443700,C-06,0,0,0,1,1,0,-0.002496,-0.234079,0.6875,0.7726,0.2567,2,ok
0,298,3.631240,-1.099998,0.825591,-0.002178,-0.005266,6.641343,0.199162,0.467544,0.353008,-0.114535,C-06,0,0,0,1,1,0,0.002188,-0.236887,0.7917,0.6420,0.2528,2,ok
0,299,3.644648,-1.085251,0.846900,-0.002687,-0.014151,6.661192,0.199345,0.470066,0.470066,0.000000,,0,0,0,1,1,0,0.001653,-0.230822,0.8125,0.6581,0.2581,2,ok
0,300,3.660332,-1.067126,0.870317,-0.002819,0.009265,6.685160,0.200025,0.429958,0.429958,0.000000,,0,0,0,1,1,0,0.001966,-0.225880,0.7917,0.6730,0.2607,2,ok
0,301,3.673101,-1.051694,0.892886,-0.002679,0.000333,6.705120,0.200532,0.503672,0.503672,0.000000,,0,0,0,1,1,0,0.000626,-0.215914,0.7708,0.7348,0.2604,2,ok
0,302,3.685595,-1.035975,0.916053,-0.002476,0.023499,6.725199,0.201025,0.504769,0.504769,0.000000,,0,0,0,1,1,0,0.017404,-0.227934,0.7292,0.2621,0.2415,2,ok
0,303,3.700193,-1.016789,0.936348,-0.001723,0.043795,6.749295,0.201009,0.266213,0.354769,0.088556,C-06,0,0,0,1,1,0,0.005180,-0.218288,0.7292,0.6996,0.2663,2,ok
0,304,3.712076,-1.000619,0.946512,-0.001406,0.021621,6.769299,0.200662,-0.308999,0.204769,0.513769,C-06,0,0,0,1,1,0,0.008811,-0.212572,0.7292,0.6156,0.2581,2,ok
0,305,3.723774,-0.984371,0.949607,-0.000987,0.024716,6.789316,0.200183,-0.397008,0.054769,0.451777,C-06,0,0,0,1,1,0,0.011586,-0.217889,0.7083,0.5583,0.2623,2,ok
0,306,3.737748,-0.964885,0.944702,-0.000665,-0.013668,6.813271,0.199698,-0.263306,-0.095231,0.168075,C-06,0,0,0,1,1,0,0.010493,-0.224699,0.7083,0.5485,0.2588,2,ok
0,307,3.749468,-0.948669,0.946791,-0.000888,-0.011579,6.833277,0.200178,0.591379,0.054769,-0.536609,C-06,0,0,0,1,1,0,0.008751,-0.237790,0.7292,0.5183,0.2486,2,ok
0,308,3.761151,-0.932388,0.956070,-0.001044,-0.002300,6.853317,0.200732,0.519143,0.204769,-0.314373,C-06,0,0,0,1,1,0,0.008025,-0.250716,0.7708,0.4962,0.2487,2,ok
0,309,3.774985,-0.912650,0.975943,-0.001563,-0.020239,6.877376,0.201511,0.370386,0.354769,-0.015616,C-06,0,0,0,1,1,0,0.004087,-0.256500,0.7917,0.5321,0.2546,2,ok
0,310,3.786331,-0.895996,0.992138,-0.001919,-0.004045,6.897525,0.201590,0.332506,0.332506,0.000000,,0,0,0,1,1,0,0.003614,-0.248438,0.7917,0.5171,0.2601,2,ok
0,311,3.799599,-0.875728,1.020098,-0.002192,-0.015265,6.921668,0.202714,0.508611,0.482506,-0.026105,C-06,0,0,0,1,1,0,0.001769,-0.247532,0.7292,0.5449,0.2586,2,ok
0,312,3.810430,-0.858533,1.050407,-0.002632,0.015044,6.941984,0.203957,0.613351,0.613351,0.000000,,0,0,0,1,1,0,0.003839,-0.240477,0.7292,0.4587,0.2562,2,ok
0,313,3.820803,-0.841061,1.074687,-0.002538,0.039324,6.962304,0.203231,0.319868,0.463351,0.143483,C-06,0,0,0,1,1,0,0.004552,-0.224691,0.7708,0.4748,0.2591,2,ok
0,314,3.832594,-0.819838,1.094865,-0.002527,0.018167,6.986467,0.202291,-0.004913,0.313351,0.318264,C-06,0,0,0,1,1,0,0.005123,-0.208633,0.7500,0.4587,0.2615,2,ok
0,315,3.841950,-0.802018,1.103911,-0.002344,0.027213,7.006593,0.201209,-0.067622,0.163351,0.230973,C-06,0,0,0,1,1,0,0.005842,-0.196519,0.7292,0.4455,0.2605,2,ok
0,316,3.851101,-0.784128,1.110595,-0.001946,0.033897,7.025444,0.200929,0.124214,0.124214,0.000000,,0,0,0,1,1,0,0.005089,-0.196322,0.7292,0.4592,0.2587,2,ok
0,317,3.861912,-0.762549,1.125577,-0.002369,0.007801,7.050731,0.201664,0.242146,0.242146,0.000000,,0,0,0,1,1,0,0.004885,-0.202897,0.7083,0.4134,0.2647,2,ok
0,318,3.870842,-0.744419,1.145011,-0.002543,0.027235,7.070940,0.202750,0.372965,0.372965,0.000000,,0,0,0,1,1,0,0.004816,-0.201523,0.7917,0.4022,0.2636,2,ok
0,319,3.879437,-0.726151,1.157766,-0.002780,0.000587,7.091023,0.201809,0.162758,0.222965,0.060208,C-06,0,0,0,1,1,0,0.002355,-0.188022,0.7708,0.4553,0.2582,2,ok
0,320,3.889352,-0.704116,1.168676,-0.003137,0.011497,7.115182,0.201330,0.163088,0.163088,0.000000,,0,0,0,1,1,0,0.004300,-0.180916,0.8125,0.3903,0.2650,2,ok
0,321,3.897386,-0.685683,1.175952,-0.003198,0.018772,7.135290,0.201065,0.130307,0.130307,0.000000,,0,0,0,1,1,0,0.002962,-0.177430,0.7917,0.3954,0.2665,2,ok
0,322,3.905253,-0.667173,1.190180,-0.003733,-0.004099,7.155290,0.201549,0.325177,0.280307,-0.044871,C-06,0,0,0,1,1,0,0.001250,-0.176308,0.7917,0.4163,0.2637,2,ok
0,323,3.914670,-0.644796,1.212135,-0.004298,0.017856,7.179561,0.202820,0.330532,0.330532,0.000000,,0,0,0,1,1,0,0.001228,-0.188494,0.7500,0.4075,0.2626,2,ok
0,324,3.922037,-0.626030,1.222944,-0.004601,-0.004976,7.199581,0.201511,-0.074162,0.180532,0.254694,C-06,0,0,0,1,1,0,0.001159,-0.177026,0.7500,0.4036,0.2628,2,ok
0,325,3.930291,-0.603455,1.225455,-0.004774,-0.002466,7.223617,0.200250,-0.277089,0.030532,0.307621,C-06,0,0,0,1,1,0,0.001052,-0.175466,0.7083,0.3951,0.2624,2,ok
0,326,3.937109,-0.584631,1.226904,-0.004856,-0.001017,7.243527,0.200205,0.025113,0.025113,0.000000,,0,0,0,1,1,0,-0.002111,-0.179339,0.6667,0.4336,0.2643,2,ok
0,327,3.943855,-0.565773,1.236174,-0.005586,-0.022629,7.263476,0.200541,0.667650,0.175113,-0.492538,C-06,0,0,0,1,1,0,-0.002935,-0.193505,0.7083,0.4113,0.2617,2,ok
0,328,3.951944,-0.543025,1.257763,-0.006421,-0.001040,7.287605,0.201809,0.762579,0.325113,-0.437466,C-06,0,0,0,1,1,0,-0.003586,-0.194660,0.7083,0.4117,0.2609,2,ok
0,329,3.958686,-0.523920,1.284725,-0.007342,-0.004002,7.307666,0.203288,0.531700,0.475113,-0.056587,C-06,0,0,0,1,1,0,-0.003205,-0.181577,0.8125,0.3844,0.2631,2,ok
0,330,3.965149,-0.504671,1.306781,-0.008216,0.018055,7.327952,0.202982,0.361329,0.361329,0.000000,,0,0,0,1,1,0,-0.001537,-0.166039,0.7917,0.3593,0.2621,2,ok
0,331,3.972294,-0.481432,1.330212,-0.008640,0.041486,7.350842,0.202551,0.322209,0.322209,0.000000,,0,0,0,1,1,0,-0.003285,-0.139372,0.7917,0.4198,0.2590,2,ok
0,332,3.977506,-0.461981,1.341258,-0.008839,0.024147,7.372161,0.201279,0.124746,0.172209,0.047463,C-06,0,0,0,1,1,0,-0.002003,-0.121692,0.7708,0.4115,0.2646,2,ok
0,333,3.982372,-0.442488,1.348954,-0.008659,0.031843,7.392252,0.200875,0.121758,0.121758,0.000000,,0,0,0,1,1,0,-0.002214,-0.124478,0.7292,0.4261,0.2666,2,ok
0,334,3.987854,-0.419062,1.354091,-0.008425,0.011195,7.416070,0.200462,0.066389,0.066389,0.000000,,0,0,0,1,1,0,-0.003214,-0.127137,0.7708,0.4764,0.2713,2,ok
0,335,3.992344,-0.399507,1.365581,-0.008431,0.022685,7.436134,0.200855,0.198782,0.198782,0.000000,,0,0,0,1,1,0,-0.003309,-0.135171,0.7083,0.4800,0.2674,2,ok
0,336,3.996555,-0.379918,1.369265,-0.008158,0.026369,7.456169,0.200323,-0.200322,0.048782,0.249104,C-06,0,0,0,1,1,0,-0.001503,-0.139127,0.7292,0.4430,0.2656,2,ok
0,337,4.001365,-0.356419,1.362471,-0.008134,-0.006041,7.479961,0.199735,-0.150148,-0.101218,0.048930,C-06,0,0,0,1,1,0,-0.003493,-0.147794,0.6667,0.4920,0.2710,2,ok
0,338,4.005498,-0.336848,1.364814,-0.008268,-0.003698,7.499963,0.200102,0.162017,0.048782,-0.113235,C-06,0,0,0,1,1,0,-0.006018,-0.165071,0.7708,0.5098,0.2641,2,ok
0,339,4.010470,-0.313324,1.378722,-0.008745,-0.014701,7.523806,0.200621,0.300251,0.198782,-0.101469,C-06,0,0,0,1,1,0,-0.005708,-0.169693,0.8333,0.4801,0.2596,2,ok
0,340,4.014613,-0.293655,1.399710,-0.009337,0.006287,7.543897,0.201348,0.475843,0.348782,-0.127061,C-06,0,0,0,1,1,0,-0.008112,-0.165540,0.7708,0.5458,0.2640,2,ok
0,341,4.018757,-0.273912,1.421289,-0.009916,0.027867,7.563508,0.202027,0.338032,0.338032,0.000000,,0,0,0,1,1,0,-0.009050,-0.154754,0.7708,0.5941,0.2640,2,ok
0,342,4.023507,-0.250135,1.448128,-0.011002,0.030840,7.588033,0.201959,0.346291,0.346291,0.000000,,0,0,0,1,1,0,-0.007328,-0.137791,0.7708,0.5676,0.2631,2,ok
0,343,4.026586,-0.230269,1.461830,-0.011022,0.044542,7.608137,0.200934,0.191013,0.196291,0.005279,C-06,0,0,0,1,1,0,-0.004297,-0.133035,0.7917,0.5081,0.2625,2,ok
0,344,4.028935,-0.210383,1.465685,-0.010586,0.024264,7.627901,0.200190,-0.058668,0.046291,0.104960,C-06,0,0,0,1,1,0,-0.005895,-0.126928,0.7500,0.5943,0.2637,2,ok
0,345,4.031485,-0.186517,1.463454,-0.010042,0.022033,7.651896,0.199976,-0.031612,-0.031612,0.000000,,0,0,0,1,1,0,-0.005524,-0.129149,0.7292,0.5981,0.2673,2,ok
0,346,4.033603,-0.166644,1.452311,-0.009585,0.010890,7.669568,0.199739,-0.219910,-0.181612,0.038298,C-06,0,0,0,1,1,0,-0.003953,-0.147788,0.7292,0.5502,0.2640,2,ok
0,347,4.035874,-0.146788,1.449552,-0.009793,-0.016569,7.691640,0.199863,-0.001444,-0.031612,-0.030169,C-06,0,0,0,1,1,0,-0.008139,-0.175116,0.7500,0.6210,0.2646,2,ok
0,348,4.038773,-0.122953,1.458131,-0.010152,-0.007990,7.715648,0.200192,0.412473,0.118388,-0.294085,C-06,0,0,0,1,1,0,-0.004537,-0.189612,0.7708,0.5174,0.2553,2,ok
0,349,4.041194,-0.103063,1.474968,-0.010784,-0.015323,7.735414,0.200531,0.623323,0.268388,-0.354936,C-06,0,0,0,1,1,0,-0.008245,-0.192363,0.8125,0.5900,0.2633,2,ok
0,350,4.043616,-0.083133,1.502094,-0.011589,0.011803,7.755475,0.200971,0.419795,0.418388,-0.001407,C-06,0,0,0,1,1,0,-0.006605,-0.190246,0.8125,0.5613,0.2580,2,ok
0,351,4.046446,-0.059169,1.529638,-0.012573,0.013910,7.779261,0.201019,0.331141,0.331141,0.000000,,0,0,0,1,1,0,-0.008911,-0.174805,0.7917,0.6357,0.2650,2,ok
0,352,4.048499,-0.039178,1.554894,-0.013530,0.039167,7.799335,0.200846,0.366272,0.366272,0.000000,,0,0,0,1,1,0,-0.004530,-0.152021,0.7500,0.5557,0.2617,2,ok
0,353,4.050627,-0.015180,1.595185,-0.014343,0.079457,7.823414,0.200566,0.487322,0.487322,0.000000,,0,0,0,1,1,0,-0.005008,-0.151671,0.7708,0.6092,0.2663,2,ok
0,354,4.051314,0.004806,1.619170,-0.014265,0.077389,7.843087,0.199822,0.041382,0.337322,0.295940,C-06,0,0,0,1,1,0,-0.002023,-0.134554,0.7292,0.5842,0.2654,2,ok
0,355,4.051003,0.024775,1.632811,-0.013317,0.091030,7.863036,0.199682,-0.071826,0.187322,0.259148,C-06,0,0,0,1,1,0,-0.001491,-0.118336,0.7708,0.6185,0.2707,2,ok
0,356,4.049858,0.048723,1.640265,-0.011549,0.070897,7.886590,0.199792,0.087338,0.087338,0.000000,,0,0,0,1,1,0,-0.000127,-0.112946,0.7083,0.6197,0.2661,2,ok
0,357,4.048805,0.068669,1.648930,-0.010459,0.079563,7.906533,0.199675,0.132376,0.132376,0.000000,,0,0,0,1,1,0,-0.000113,-0.130824,0.6875,0.6267,0.2691,2,ok
0,358,4.047549,0.088602,1.655347,-0.009166,0.085980,7.926465,0.199732,0.092421,0.092421,0.000000,,0,0,0,1,1,0,-0.002095,-0.126040,0.7708,0.6924,0.2695,2,ok
0,359,4.045853,0.112509,1.662601,-0.007810,0.063572,7.950170,0.199714,0.090448,0.090448,0.000000,,0,0,0,1,1,0,0.002252,-0.129444,0.7708,0.6318,0.2663,2,ok
0,360,4.044358,0.132417,1.671300,-0.006797,0.072271,7.970108,0.199562,0.134238,0.134238,0.000000,,0,0,0,1,1,0,0.002673,-0.130904,0.7708,0.6356,0.2657,2,ok
0,361,4.042707,0.152308,1.678864,-0.005627,0.079836,7.989261,0.199590,0.112834,0.112834,0.000000,,0,0,0,1,1,0,0.002955,-0.131269,0.7917,0.6489,0.2642,2,ok
0,362,4.040362,0.176161,1.684358,-0.004670,0.052480,8.013795,0.199736,0.066443,0.066443,0.000000,,0,0,0,1,1,0,0.001195,-0.134431,0.8125,0.7007,0.2665,2,ok
0,363,4.038336,0.196023,1.692787,-0.003782,0.060909,8.033740,0.199556,0.134649,0.134649,0.000000,,0,0,0,1,1,0,-0.000863,-0.149710,0.7708,0.7719,0.2713,2,ok
0,364,4.036302,0.215862,1.702385,-0.003251,0.037040,8.053552,0.199368,0.148590,0.148590,0.000000,,0,0,0,1,1,0,-0.000684,-0.156953,0.7500,0.7900,0.2688,2,ok
0,365,4.033584,0.239639,1.712270,-0.002769,0.046924,8.077478,0.199418,0.125848,0.125848,0.000000,,0,0,0,1,1,0,-0.000975,-0.162139,0.7292,0.8119,0.2708,2,ok
0,366,4.030947,0.259433,1.716365,-0.001995,0.051020,8.097432,0.199712,0.058061,0.058061,0.000000,,0,0,0,1,1,0,-0.000804,-0.164430,0.7083,0.8168,0.2747,2,ok
0,367,4.027478,0.283188,1.710112,-0.001662,0.010126,8.121361,0.200173,-0.110870,-0.091939,0.018931,C-06,0,0,0,1,1,0,-0.002521,-0.183209,0.7083,0.8363,0.2703,2,ok
0,368,4.024698,0.302991,1.713043,-0.001519,0.013057,8.141358,0.199913,0.194456,0.058061,-0.136395,C-06,0,0,0,1,1,0,-0.002637,-0.200704,0.7500,0.8581,0.2662,2,ok
0,369,4.021929,0.322772,1.725539,-0.001671,-0.009132,8.161280,0.199563,0.303148,0.208061,-0.095087,C-06,0,0,0,1,1,0,-0.006000,-0.207866,0.8125,0.9308,0.2663,2,ok
0,370,4.018606,0.346436,1.751932,-0.002291,0.017262,8.185168,0.198711,0.598154,0.358061,-0.240093,C-06,0,0,0,1,1,0,-0.005203,-0.208325,0.8125,0.9131,0.2671,2,ok
0,371,4.015567,0.366082,1.765750,-0.002528,0.031080,8.205047,0.198793,0.181360,0.208061,0.026701,C-06,0,0,0,1,1,0,-0.004944,-0.201208,0.7708,0.9469,0.2663,2,ok
0,372,4.012060,0.385686,1.774396,-0.002880,0.006502,8.224878,0.199168,0.134304,0.134304,0.000000,,0,0,0,1,1,0,-0.005402,-0.197953,0.8125,0.9717,0.2661,2,ok
0,373,4.007381,0.409179,1.778780,-0.002899,0.010886,8.248832,0.199643,0.054945,0.054945,0.000000,,0,0,0,1,1,0,-0.004479,-0.212682,0.7708,0.9707,0.2658,2,ok
0,374,4.003380,0.428742,1.781829,-0.003077,-0.018980,8.268702,0.199678,0.048960,0.048960,0.000000,,0,0,0,1,1,0,-0.007700,-0.228449,0.7500,1.0451,0.2625,2,ok
0,375,3.999319,0.448275,1.793256,-0.003588,-0.007552,8.288647,0.199287,0.200295,0.198960,-0.001335,C-06,0,0,0,1,1,0,-0.009701,-0.238791,0.7500,1.0951,0.2652,2,ok
0,376,3.994443,0.471619,1.817903,-0.004176,0.017095,8.312487,0.198191,0.507383,0.348960,-0.158423,C-06,0,0,0,1,1,0,-0.012771,-0.250565,0.7292,1.1649,0.2657,2,ok
0,377,3.990380,0.490941,1.846665,-0.005149,0.012181,8.332083,0.196765,0.493813,0.493813,0.000000,,0,0,0,1,1,0,-0.011646,-0.259176,0.7292,1.1544,0.2640,2,ok
0,378,3.986174,0.510082,1.883627,-0.006001,0.049143,8.351662,0.195510,0.723640,0.643813,-0.079827,C-06,0,0,0,1,1,0,-0.011358,-0.245162,0.7500,1.1749,0.2671,2,ok
0,379,3.979899,0.532784,1.918091,-0.006006,0.047931,8.374996,0.196298,0.360179,0.493813,0.133634,C-06,0,0,0,1,1,0,-0.007063,-0.221536,0.7917,1.1242,0.2678,2,ok
0,380,3.973731,0.551519,1.938117,-0.005589,0.067957,8.394716,0.197335,0.175898,0.343813,0.167914,C-06,0,0,0,1,1,0,-0.003779,-0.196529,0.8542,1.1311,0.2678,2,ok
0,381,3.965500,0.573856,1.951773,-0.004252,0.081613,8.418484,0.198467,-0.170366,0.193813,0.364179,C-06,0,0,0,1,1,0,-0.002295,-0.191054,0.8333,1.1365,0.2731,2,ok
0,382,3.958199,0.592404,1.956411,-0.003247,0.048826,8.438246,0.199397,0.075246,0.075246,0.000000,,0,0,0,1,1,0,-0.002295,-0.191054,0.8333,1.1365,0.2731,2,ok
0,383,3.950746,0.610894,1.968066,-0.002265,0.060482,8.458157,0.198991,0.437148,0.225246,-0.211902,C-06,0,0,0,1,1,0,0.001214,-0.215774,0.7500,1.1061,0.2684,2,ok
0,384,3.941787,0.632943,1.985789,-0.001175,0.037590,8.481878,0.197894,0.273368,0.273368,0.000000,,0,0,0,1,1,0,-0.000807,-0.229869,0.7917,1.1834,0.2678,2,ok
0,385,3.933912,0.651214,1.992975,-0.000555,0.044776,8.501765,0.199042,-0.033734,0.123368,0.157102,C-06,0,0,0,1,1,0,0.001288,-0.234416,0.7500,1.1524,0.2626,2,ok
0,386,3.925727,0.669460,1.992029,0.000362,0.043829,8.521742,0.200082,-0.258716,-0.026632,0.232084,C-06,0,0,0,1,1,0,0.001306,-0.242386,0.7708,1.1793,0.2638,2,ok
0,387,3.915888,0.691390,1.986112,0.000946,-0.004857,8.545802,0.200505,-0.094672,-0.094672,0.000000,,0,0,0,1,1,0,-0.000610,-0.247773,0.7708,1.2196,0.2592,2,ok
0,388,3.907810,0.709681,1.988692,0.000910,-0.002277,8.565798,0.199828,0.695858,0.055328,-0.640529,C-06,0,0,0,1,1,0,-0.004120,-0.296082,0.7083,1.2599,0.2607,2,ok
0,389,3.899693,0.727920,1.999128,0.000931,0.008159,8.585761,0.199279,0.497125,0.205328,-0.291796,C-06,0,0,0,1,1,0,-0.006172,-0.311114,0.8125,1.2961,0.2542,2,ok
0,390,3.889923,0.749644,2.021243,0.000111,-0.015241,8.609607,0.197690,0.733647,0.355328,-0.378319,C-06,0,0,0,1,1,0,-0.005988,-0.316349,0.8333,1.2883,0.2498,2,ok
0,391,3.881667,0.767537,2.047216,-0.000492,0.010732,8.629304,0.196492,0.870127,0.505328,-0.364799,C-06,0,0,0,1,1,0,-0.004309,-0.316868,0.7917,1.2486,0.2492,2,ok
0,392,3.873060,0.785159,2.080333,-0.000864,-0.003605,8.648878,0.195854,0.652619,0.652619,0.000000,,0,0,0,1,1,0,-0.003802,-0.303135,0.8125,1.2294,0.2502,2,ok
0,393,3.861789,0.805923,2.111425,-0.001181,0.027487,8.672502,0.197115,0.218861,0.502619,0.283758,C-06,0,0,0,1,1,0,-0.003094,-0.305300,0.7708,1.2155,0.2514,2,ok
0,394,3.851752,0.822965,2.131468,-0.000755,0.047530,8.692276,0.197926,0.395140,0.395140,0.000000,,0,0,0,1,1,0,0.000202,-0.298008,0.7708,1.1538,0.2520,2,ok
0,395,3.839169,0.843158,2.152021,-0.000429,0.018266,8.716040,0.198383,0.346202,0.346202,0.000000,,0,0,0,1,1,0,0.005218,-0.290662,0.7708,1.0471,0.2472,2,ok
0,396,3.828337,0.859772,2.170582,-0.000106,0.036827,8.735871,0.198420,0.386156,0.386156,0.000000,,0,0,0,1,1,0,0.006198,-0.294956,0.7708,1.0225,0.2499,2,ok
0,397,3.817159,0.876170,2.190348,0.000627,0.056593,8.755703,0.198576,0.415670,0.415670,0.000000,,0,0,0,1,1,0,0.007465,-0.303560,0.6875,1.0176,0.2490,2,ok
0,398,3.803182,0.895493,2.221679,0.001007,0.035835,8.779583,0.198714,0.679255,0.565670,-0.113585,C-06,0,0,0,1,1,0,0.014222,-0.322235,0.7292,0.8606,0.2403,2,ok
0,399,3.790955,0.911210,2.253933,0.001965,0.068090,8.799473,0.199314,0.969842,0.715670,-0.254173,C-06,0,0,0,1,1,0,0.013689,-0.311869,0.7292,0.8698,0.2442,2,ok
0,400,3.778155,0.926555,2.280529,0.003282,0.040993,8.819574,0.200202,0.581532,0.581532,0.000000,,0,0,0,1,1,0,0.014680,-0.291239,0.8333,0.8485,0.2538,2,ok
0,401,3.762295,0.944651,2.304697,0.004554,0.065160,8.843602,0.200806,0.399324,0.431532,0.032209,C-06,0,0,0,1,1,0,0.017051,-0.278228,0.8125,0.8165,0.2518,2,ok
0,402,3.748797,0.959489,2.318271,0.005985,0.078734,8.863610,0.200659,0.237279,0.281532,0.044254,C-06,0,0,0,1,1,0,0.021667,-0.261922,0.8125,0.7103,0.2528,2,ok
0,403,3.735150,0.974140,2.324938,0.006883,0.030452,8.883974,0.200250,-0.006805,0.131532,0.138338,C-06,0,0,0,1,1,0,0.021156,-0.262093,0.7917,0.7072,0.2551,2,ok
0,404,3.718588,0.991562,2.340449,0.007768,0.045962,8.907995,0.200275,0.288890,0.281532,-0.007358,C-06,0,0,0,1,1,0,0.021404,-0.277534,0.8125,0.6678,0.2531,2,ok
0,405,3.704557,1.005835,2.356774,0.008840,0.062288,8.927201,0.200007,0.343568,0.343568,0.000000,,0,0,0,1,1,0,0.019966,-0.285732,0.7500,0.6746,0.2573,2,ok
0,406,3.690344,1.019896,2.366621,0.009013,0.015752,8.948466,0.199888,0.153052,0.193568,0.040516,C-06,0,0,0,1,1,0,0.018875,-0.287091,0.7292,0.6662,0.2576,2,ok
0,407,3.673124,1.036569,2.380796,0.009549,0.029928,8.972429,0.199642,0.251109,0.251109,0.000000,,0,0,0,1,1,0,0.019706,-0.291691,0.7500,0.6074,0.2605,2,ok
0,408,3.658606,1.050230,2.399119,0.009801,-0.008426,8.992922,0.199003,0.532451,0.401109,-0.131342,C-06,0,0,0,1,1,0,0.019346,-0.301074,0.7292,0.5649,0.2562,2,ok
0,409,3.640840,1.066230,2.424870,0.009837,0.017325,9.016831,0.199552,0.471327,0.471327,0.000000,,0,0,0,1,1,0,0.019004,-0.297635,0.7292,0.5442,0.2562,2,ok
0,410,3.625611,1.079187,2.450724,0.010429,0.043179,9.036818,0.200279,0.584204,0.584204,0.000000,,0,0,0,1,1,0,0.019004,-0.297635,0.7292,0.5442,0.2562,2,ok
0,411,3.610068,1.091843,2.470949,0.010530,0.006893,9.057482,0.200598,0.314854,0.434204,0.119350,C-06,0,0,0,1,1,0,0.014723,-0.259712,0.7917,0.5717,0.2611,2,ok
0,412,3.591079,1.106696,2.496692,0.010821,0.032636,9.081588,0.201134,0.466627,0.466627,0.000000,,0,0,0,1,1,0,0.018420,-0.245143,0.8125,0.4623,0.2605,2,ok
0,413,3.574982,1.118760,2.515963,0.011274,-0.003701,9.102322,0.201293,0.407635,0.407635,0.000000,,0,0,0,1,1,0,0.017283,-0.235413,0.8125,0.4788,0.2597,2,ok
0,414,3.558693,1.130525,2.528712,0.011176,0.009048,9.122414,0.200938,-0.089977,0.257635,0.347612,C-06,0,0,0,1,1,0,0.016809,-0.222094,0.8125,0.4834,0.2627,2,ok
0,415,3.539012,1.144353,2.535468,0.011374,0.015804,9.146467,0.200417,-0.085761,0.107635,0.193395,C-06,0,0,0,1,1,0,0.016285,-0.231545,0.8125,0.4940,0.2626,2,ok
0,416,3.522580,1.155746,2.533945,0.011018,-0.037611,9.167091,0.199839,-0.270772,-0.042365,0.228407,C-06,0,0,0,1,1,0,0.015853,-0.237686,0.7708,0.4603,0.2605,2,ok
0,417,3.506193,1.167166,2.527947,0.010147,-0.043609,9.187046,0.199521,-0.132107,-0.132107,0.000000,,0,0,0,1,1,0,0.012459,-0.244547,0.7500,0.4327,0.2582,2,ok
0,418,3.486571,1.180984,2.528468,0.008981,-0.043089,9.211017,0.200063,0.536986,0.017893,-0.519094,C-06,0,0,0,1,1,0,0.006244,-0.254330,0.7083,0.4843,0.2605,2,ok
0,419,3.470177,1.192492,2.535414,0.007041,-0.081903,9.231413,0.200596,0.155224,0.155224,0.000000,,0,0,0,1,1,0,0.003036,-0.266694,0.7500,0.4760,0.2621,2,ok
0,420,3.453665,1.203886,2.549497,0.005229,-0.067821,9.251392,0.201177,0.397264,0.305224,-0.092040,C-06,0,0,0,1,1,0,0.002319,-0.273788,0.8125,0.4202,0.2546,2,ok
0,421,3.433584,1.217358,2.575591,0.003047,-0.083155,9.275625,0.202357,0.662148,0.455224,-0.206925,C-06,0,0,0,1,1,0,0.001244,-0.273131,0.8125,0.4071,0.2555,2,ok
0,422,3.416552,1.228353,2.605090,0.001063,-0.053657,9.295800,0.203650,0.604888,0.604888,0.000000,,0,0,0,1,1,0,-0.000968,-0.266768,0.7917,0.4138,0.2589,2,ok
0,423,3.395752,1.241026,2.633325,-0.000690,-0.025421,9.320093,0.203049,0.309341,0.454888,0.145547,C-06,0,0,0,1,1,0,-0.001647,-0.234823,0.8125,0.4165,0.2602,2,ok
0,424,3.378139,1.251222,2.663885,-0.002228,-0.030282,9.340364,0.204475,0.694666,0.604888,-0.089778,C-06,0,0,0,1,1,0,-0.002879,-0.216528,0.8333,0.4187,0.2610,2,ok
0,425,3.360266,1.260962,2.688487,-0.003283,-0.005679,9.360692,0.203532,0.237512,0.454888,0.217375,C-06,0,0,0,1,1,0,-0.002477,-0.199223,0.7917,0.4124,0.2602,2,ok
0,426,3.338581,1.271923,2.708692,-0.004109,-0.015375,9.384851,0.202426,0.000270,0.304888,0.304618,C-06,0,0,0,1,1,0,-0.002130,-0.173543,0.7708,0.4080,0.2629,2,ok
0,427,3.320381,1.280580,2.719125,-0.004724,-0.004941,9.404996,0.201467,0.183566,0.183566,0.000000,,0,0,0,1,1,0,-0.001308,-0.162786,0.7500,0.4064,0.2640,2,ok
0,428,3.302103,1.289019,2.728059,-0.005108,0.003993,9.425125,0.201314,0.162989,0.162989,0.000000,,0,0,0,1,1,0,-0.002939,-0.156010,0.7292,0.4327,0.2643,2,ok
0,429,3.280116,1.298695,2.729563,-0.005649,-0.022209,9.449009,0.200103,-0.067968,0.012989,0.080957,C-06,0,0,0,1,1,0,-0.001011,-0.160031,0.7083,0.3762,0.2645,2,ok
0,430,3.261759,1.306706,2.737817,-0.006122,-0.013954,9.469031,0.200561,0.310302,0.162989,-0.147313,C-06,0,0,0,1,1,0,-0.002745,-0.167555,0.7708,0.3765,0.2640,2,ok
0,431,3.243325,1.314714,2.748932,-0.006728,-0.028854,9.488966,0.201344,0.205605,0.205605,0.000000,,0,0,0,1,1,0,-0.004776,-0.165571,0.8125,0.3987,0.2656,2,ok
0,432,3.221053,1.324254,2.771771,-0.007711,-0.006016,9.513176,0.202629,0.353359,0.353359,0.000000,,0,0,0,1,1,0,-0.005127,-0.165308,0.8333,0.3913,0.2647,2,ok
0,433,3.202336,1.332104,2.791515,-0.008382,0.013728,9.533461,0.203010,0.351130,0.351130,0.000000,,0,0,0,1,1,0,-0.005137,-0.149839,0.7917,0.3983,0.2661,2,ok
0,434,3.183480,1.339659,2.812298,-0.009232,0.010034,9.553525,0.203150,0.366305,0.366305,0.000000,,0,0,0,1,1,0,-0.005598,-0.131529,0.7917,0.4030,0.2667,2,ok
0,435,3.160708,1.347931,2.827972,-0.009517,0.025708,9.577752,0.201805,0.202746,0.216305,0.013559,C-06,0,0,0,1,1,0,-0.002629,-0.125101,0.7917,0.3414,0.2632,2,ok
0,436,3.141663,1.354309,2.833938,-0.009435,0.008721,9.597650,0.200754,0.092831,0.092831,0.000000,,0,0,0,1,1,0,-0.002151,-0.117050,0.7708,0.3467,0.2631,2,ok
0,437,3.118758,1.361853,2.843120,-0.009463,0.017904,9.621766,0.201091,0.134216,0.134216,0.000000,,0,0,0,1,1,0,-0.001105,-0.119021,0.7083,0.3236,0.2647,2,ok
0,438,3.099641,1.367778,2.842909,-0.009134,0.017692,9.641139,0.200039,-0.267056,-0.015784,0.251273,C-06,0,0,0,1,1,0,-0.001221,-0.117694,0.7292,0.3244,0.2627,2,ok
0,439,3.080544,1.373673,2.836505,-0.009314,-0.011418,9.661526,0.199686,-0.119228,-0.119228,0.000000,,0,0,0,1,1,0,-0.002301,-0.126844,0.7292,0.3331,0.2635,2,ok
0,440,3.057648,1.380881,2.838207,-0.009648,-0.009716,9.685528,0.200105,0.091283,0.030772,-0.060511,C-06,0,0,0,1,1,0,-0.005309,-0.132212,0.7500,0.3552,0.2634,2,ok
0,441,3.038534,1.386857,2.848107,-0.010097,-0.020191,9.705373,0.200517,0.222315,0.180772,-0.041543,C-06,0,0,0,1,1,0,-0.005841,-0.139109,0.8542,0.3355,0.2633,2,ok
0,442,3.019340,1.392830,2.866311,-0.010672,-0.001986,9.725466,0.201470,0.321068,0.321068,0.000000,,0,0,0,1,1,0,-0.006246,-0.141211,0.8125,0.3283,0.2643,2,ok
0,443,2.996198,1.399818,2.879982,-0.011160,0.011684,9.746404,0.201432,0.181782,0.181782,0.000000,,0,0,0,1,1,0,-0.006069,-0.127943,0.8125,0.3310,0.2662,2,ok
0,444,2.976837,1.405489,2.897339,-0.011924,0.007813,9.769546,0.202128,0.298429,0.298429,0.000000,,0,0,0,1,1,0,-0.005770,-0.128428,0.8125,0.3281,0.2644,2,ok
0,445,2.957396,1.410894,2.911483,-0.012340,0.021957,9.789719,0.201724,0.227902,0.227902,0.000000,,0,0,0,1,1,0,-0.004755,-0.117588,0.7917,0.3203,0.2639,2,ok
0,446,2.934004,1.416713,2.920403,-0.012413,0.011089,9.813631,0.200814,0.113777,0.113777,0.000000,,0,0,0,1,1,0,-0.005133,-0.109045,0.7708,0.3297,0.2631,2,ok
0,447,2.914460,1.421421,2.935755,-0.012444,0.026441,9.833733,0.201316,0.276948,0.263777,-0.013171,C-06,0,0,0,1,1,0,-0.005301,-0.106176,0.7708,0.3308,0.2635,2,ok
0,448,2.894865,1.425817,2.943577,-0.012162,0.034263,9.851280,0.200765,-0.245704,0.113777,0.359481,C-06,0,0,0,1,1,0,-0.005815,-0.100168,0.7292,0.3580,0.2661,2,ok
0,449,2.871337,1.430585,2.941641,-0.011958,0.012690,9.877526,0.199960,-0.245022,-0.036223,0.208799,C-06,0,0,0,1,1,0,-0.003197,-0.100402,0.7083,0.3195,0.2645,2,ok
0,450,2.851737,1.434537,2.940928,-0.011720,0.011976,9.897519,0.199940,-0.009347,-0.009347,0.000000,,0,0,0,1,1,0,-0.003895,-0.110721,0.7708,0.3035,0.2629,2,ok
0,451,2.828198,1.439319,2.950558,-0.011799,0.003019,9.921320,0.200351,0.188561,0.140653,-0.047909,C-06,0,0,0,1,1,0,-0.005336,-0.111528,0.8125,0.3175,0.2640,2,ok
0,452,2.808551,1.443307,2.956549,-0.011961,0.009010,9.941368,0.200577,0.092342,0.092342,0.000000,,0,0,0,1,1,0,-0.004187,-0.110785,0.8125,0.2903,0.2631,2,ok
0,453,2.788873,1.447288,2.967502,-0.012200,0.000626,9.961233,0.200939,0.181101,0.181101,0.000000,,0,0,0,1,1,0,-0.006091,-0.105714,0.7708,0.3341,0.2657,2,ok
0,454,2.765196,1.452066,2.987920,-0.012785,0.021043,9.985381,0.201584,0.272257,0.272257,0.000000,,0,0,0,1,1,0,-0.007186,-0.105789,0.7917,0.3665,0.2703,2,ok
0,455,2.745403,1.456007,3.008064,-0.013221,0.041188,10.005557,0.201850,0.316582,0.316582,0.000000,,0,0,0,1,1,0,-0.006958,-0.097130,0.7500,0.3729,0.2632,2,ok
0,456,2.725561,1.459408,3.024086,-0.013413,0.038823,10.025460,0.201238,0.240072,0.240072,0.000000,,0,0,0,1,1,0,-0.004905,-0.094529,0.7708,0.3355,0.2654,2,ok
0,457,2.701700,1.463133,3.044484,-0.013347,0.059222,10.049610,0.201200,0.259207,0.259207,0.000000,,0,0,0,1,1,0,-0.003441,-0.074510,0.7500,0.3344,0.2637,2,ok
0,458,2.681781,1.465728,3.058314,-0.012956,0.055316,10.069438,0.200811,0.203368,0.203368,0.000000,,0,0,0,1,1,0,-0.004725,-0.060753,0.7292,0.4044,0.2696,2,ok
0,459,2.661845,1.467651,3.063844,-0.012116,0.060846,10.089449,0.200242,0.073127,0.073127,0.000000,,0,0,0,1,1,0,-0.002882,-0.059278,0.7500,0.3850,0.2722,2,ok
0,460,2.637919,1.469527,3.062170,-0.010679,0.059172,10.113051,0.199971,-0.025918,-0.025918,0.000000,,0,0,0,1,1,0,-0.001353,-0.057495,0.7500,0.3684,0.2696,2,ok
0,461,2.617982,1.471109,3.061949,-0.009891,0.040473,10.133184,0.199996,-0.001331,-0.001331,0.000000,,0,0,0,1,1,0,0.000905,-0.065612,0.8333,0.3350,0.2626,3,ok
0,462,2.598041,1.472695,3.068811,-0.009100,0.047335,10.153172,0.200094,0.111489,0.111489,0.000000,,0,0,0,1,1,0,-0.002543,-0.073007,0.8125,0.4273,0.2692,2,ok
0,463,2.574100,1.474598,3.073386,-0.008331,0.034215,10.177043,0.200157,0.054031,0.054031,0.000000,,0,0,0,1,1,0,-0.001544,-0.077994,0.8333,0.4009,0.2700,2,ok
0,464,2.554143,1.476170,3.079306,-0.007834,0.040135,10.197055,0.200226,0.089571,0.089571,0.000000,,0,0,0,1,1,0,-0.001233,-0.075927,0.7917,0.4082,0.2662,2,ok
0,465,2.530187,1.477813,3.082624,-0.007065,0.025784,10.220906,0.200093,0.037173,0.037173,0.000000,,0,0,0,1,1,0,-0.004841,-0.071131,0.7917,0.5165,0.2704,2,ok
0,466,2.510224,1.479025,3.078937,-0.006627,0.022097,10.240901,0.199972,-0.061916,-0.061916,0.000000,,0,0,0,1,1,0,-0.003182,-0.074812,0.7708,0.4721,0.2698,2,ok
0,467,2.490260,1.480279,3.084006,-0.006232,0.027167,10.260900,0.200061,0.099203,0.088084,-0.011118,C-06,0,0,0,1,1,0,-0.001929,-0.081330,0.7292,0.4362,0.2655,2,ok
0,468,2.466294,1.481790,3.093865,-0.005964,0.019770,10.284831,0.200164,0.121991,0.121991,0.000000,,0,0,0,1,1,0,-0.005887,-0.087483,0.6667,0.5290,0.2674,2,ok
0,469,2.446312,1.483049,3.103758,-0.005840,0.029662,10.304852,0.200249,0.145238,0.145238,0.000000,,0,0,0,1,1,0,-0.007119,-0.086302,0.8125,0.5764,0.2708,2,ok
0,470,2.426325,1.483979,3.107518,-0.005388,0.033423,10.321901,0.200074,0.046393,0.046393,0.000000,,0,0,0,1,1,0,-0.003089,-0.086488,0.7917,0.5158,0.2683,2,ok
0,471,2.402336,1.485020,3.116343,-0.005290,0.024624,10.348762,0.200122,0.110614,0.110614,0.000000,,0,0,0,1,1,0,-0.003623,-0.085085,0.8125,0.5376,0.2705,2,ok
0,472,2.382341,1.485880,3.124304,-0.005155,0.032584,10.368775,0.200141,0.114389,0.114389,0.000000,,0,0,0,1,1,0,-0.004415,-0.090638,0.8333,0.6095,0.2684,2,ok
0,473,2.362342,1.486616,3.132133,-0.005145,0.023529,10.388699,0.200101,0.111351,0.111351,0.000000,,0,0,0,1,1,0,-0.002767,-0.090032,0.7917,0.5825,0.2661,2,ok
0,474,2.338343,1.487355,-3.140009,-0.005101,0.034573,10.412710,0.200072,0.131363,0.131363,0.000000,,0,0,0,1,1,0,-0.002290,-0.087556,0.8125,0.5838,0.2651,2,ok
0,475,2.318343,1.487616,-3.134107,-0.004819,0.022813,10.432625,0.200004,0.079462,0.079462,0.000000,,0,0,0,1,1,0,-0.002419,-0.088755,0.7500,0.6105,0.2629,2,ok
0,476,2.298344,1.487492,-3.133508,-0.004388,0.023411,10.452621,0.199999,0.002319,0.002319,0.000000,,0,0,0,1,1,0,-0.000214,-0.091324,0.7708,0.5955,0.2652,2,ok
0,477,2.274346,1.487309,-3.123924,-0.003837,0.032995,10.476613,0.199976,0.122395,0.122395,0.000000,,0,0,0,1,1,0,0.002565,-0.094944,0.7708,0.5362,0.2633,2,ok
0,478,2.254351,1.487157,-3.113810,-0.003692,0.025880,10.496542,0.199932,0.146538,0.146538,0.000000,,0,0,0,1,1,0,0.000286,-0.109525,0.7083,0.6069,0.2697,2,ok
0,479,2.230367,1.486975,-3.095372,-0.003555,0.044318,10.520526,0.199800,0.228644,0.228644,0.000000,,0,0,0,1,1,0,0.007396,-0.107212,0.7708,0.4908,0.2642,2,ok
0,480,2.210392,1.486368,-3.088542,-0.003156,0.033143,10.540449,0.199843,0.089792,0.089792,0.000000,,0,0,0,1,1,0,0.006639,-0.107592,0.8125,0.5522,0.2657,2,ok
0,481,2.190425,1.485659,-3.079198,-0.002830,0.042487,10.560426,0.199743,0.141596,0.141596,0.000000,,0,0,0,1,1,0,0.010254,-0.110488,0.8125,0.4744,0.2649,2,ok
0,482,2.166489,1.484808,-3.058030,-0.002439,0.063655,10.582810,0.199445,0.271053,0.271053,0.000000,,0,0,0,1,1,0,0.011574,-0.111524,0.8333,0.4623,0.2624,2,ok
0,483,2.146568,1.483619,-3.047693,-0.002002,0.056796,10.604283,0.199562,0.144286,0.144286,0.000000,,0,0,0,1,1,0,0.013555,-0.108422,0.8333,0.4489,0.2650,2,ok
0,484,2.126663,1.482064,-3.040881,-0.001172,0.063607,10.624231,0.199662,0.098412,0.098412,0.000000,,0,0,0,1,1,0,0.015148,-0.100381,0.8125,0.4159,0.2651,2,ok
0,485,2.102781,1.479681,-3.044344,0.000065,0.041484,10.648188,0.200057,-0.128154,-0.051588,0.076566,C-06,0,0,0,1,1,0,0.018197,-0.111268,0.8125,0.3592,0.2589,2,ok
0,486,2.082871,1.477678,-3.049595,0.000923,0.036233,10.668181,0.200154,-0.081086,-0.081086,0.000000,,0,0,0,1,1,0,0.016540,-0.126481,0.7292,0.3767,0.2604,2,ok
0,487,2.062959,1.475835,-3.045771,0.001620,0.040057,10.687330,0.199927,0.339641,0.068914,-0.270727,C-06,0,0,0,1,1,0,0.017695,-0.135539,0.7708,0.3300,0.2602,2,ok
0,488,2.039087,1.473639,-3.029308,0.002115,0.034578,10.712154,0.199599,0.310439,0.218914,-0.091525,C-06,0,0,0,1,1,0,0.017039,-0.157542,0.7083,0.3135,0.2628,2,ok
0,489,2.019228,1.471808,-3.016680,0.002539,0.047206,10.732093,0.199301,0.191348,0.191348,0.000000,,0,0,0,1,1,0,0.014866,-0.147237,0.7708,0.3462,0.2630,2,ok
0,490,1.999411,1.469978,-2.995358,0.002665,0.042535,10.752059,0.198745,0.416102,0.341348,-0.074754,C-06,0,0,0,1,1,0,0.015636,-0.140979,0.7917,0.3253,0.2641,2,ok
0,491,1.975733,1.467761,-2.959287,0.002621,0.078605,10.775840,0.197723,0.484748,0.484748,0.000000,,0,0,0,1,1,0,0.016972,-0.127811,0.8125,0.2828,0.2635,2,ok
0,492,1.956106,1.465062,-2.937640,0.003441,0.100252,10.793404,0.198100,0.100511,0.334748,0.234238,C-06,0,0,0,1,1,0,0.017299,-0.088238,0.7917,0.3188,0.2653,3,ok
0,493,1.932641,1.460771,-2.923275,0.004603,0.086035,10.819572,0.198822,-0.037117,0.184748,0.221866,C-06,0,0,0,1,1,0,0.020486,-0.072851,0.8125,0.2609,0.2652,3,ok
0,494,1.913124,1.456569,-2.920027,0.006262,0.089283,10.839467,0.199709,0.042865,0.042865,0.000000,,0,0,0,1,1,0,0.022479,-0.076782,0.7708,0.2356,0.2636,2,ok
0,495,1.893602,1.452180,-2.925881,0.007667,0.052021,10.859687,0.200240,-0.331615,-0.107135,0.224480,C-06,0,0,0,1,1,0,0.021947,-0.079997,0.8125,0.2469,0.2659,2,ok
0,496,1.870115,1.446901,-2.944055,0.008983,0.033847,10.883724,0.200949,-0.613563,-0.257135,0.356428,C-06,0,0,0,1,1,0,0.023001,-0.085926,0.7292,0.1968,0.2621,3,ok
0,497,1.850473,1.442502,-2.960266,0.010069,0.017636,10.902206,0.201547,-0.259437,-0.259437,0.000000,,0,0,0,1,1,0,0.020828,-0.096878,0.7083,0.2361,0.2609,2,ok
0,498,1.830786,1.438571,-2.967938,0.009944,-0.021006,10.924239,0.200677,1.000000,-0.109437,-1.109437,C-06,0,0,0,1,1,0,0.020262,-0.124918,0.7500,0.1472,0.2597,2,ok
0,499,1.807151,1.434380,-2.965650,0.009348,-0.018717,10.948236,0.199949,0.704449,0.040563,-0.663887,C-06,0,0,0,1,1,0,0.014260,-0.141417,0.7708,0.2078,0.2636,2,ok
0,500,1.787471,1.430911,-2.958662,0.008494,-0.039463,10.968449,0.199713,0.117812,0.117812,0.000000,,0,0,0,1,1,0,0.011055,-0.152065,0.7917,0.2123,0.2650,2,ok
0,501,1.767813,1.427429,-2.954591,0.007450,-0.035393,10.988386,0.199633,0.060913,0.060913,0.000000,,0,0,0,1,1,0,0.011298,-0.150498,0.8542,0.1598,0.2626,2,ok
0,502,1.744244,1.423194,-2.948547,0.006185,-0.054000,11.012442,0.199502,0.081605,0.081605,0.000000,,0,0,0,1,1,0,0.011036,-0.146732,0.8125,0.1376,0.2636,2,ok
0,503,1.724631,1.419620,-2.940356,0.004794,-0.045808,11.032329,0.199215,0.135629,0.135629,0.000000,,0,0,0,1,1,0,0.007429,-0.147950,0.7917,0.1578,0.2660,2,ok
0,504,1.705055,1.416027,-2.930178,0.003431,-0.035630,11.052186,0.198953,0.166672,0.166672,0.000000,,0,0,0,1,1,0,0.007737,-0.145134,0.8333,0.1050,0.2643,2,ok
0,505,1.681631,1.411584,-2.913647,0.001689,-0.039706,11.076012,0.198524,0.228356,0.228356,0.000000,,0,0,0,1,1,0,0.004987,-0.138509,0.7500,0.1270,0.2647,2,ok
0,506,1.662162,1.407284,-2.908123,0.000688,-0.034182,11.095925,0.199458,-0.039865,0.078356,0.118221,C-06,0,0,0,1,1,0,0.003222,-0.120146,0.7292,0.1282,0.2626,2,ok
0,507,1.638803,1.401744,-2.912680,-0.000271,-0.056461,11.119913,0.200200,-0.249918,-0.071644,0.178274,C-06,0,0,0,1,1,0,0.003760,-0.121743,0.6875,0.0884,0.2624,2,ok
0,508,1.619315,1.397114,-2.916890,-0.001399,-0.060671,11.139912,0.200385,-0.068731,-0.068731,0.000000,,0,0,0,1,1,0,0.001099,-0.126564,0.8125,0.0764,0.2689,2,ok
0,509,1.599826,1.392648,-2.912618,-0.002684,-0.056398,11.159865,0.199819,0.253279,0.081269,-0.172010,C-06,0,0,0,1,1,0,-0.002533,-0.132996,0.8125,0.1125,0.2662,2,ok
0,510,1.576494,1.387303,-2.896668,-0.004463,-0.056633,11.183692,0.199114,0.261496,0.231269,-0.030228,C-06,0,0,0,1,1,0,-0.002506,-0.131658,0.8333,0.0592,0.2669,2,ok
0,511,1.557128,1.382849,-2.881648,-0.005998,-0.041614,11.203504,0.198387,0.251475,0.251475,0.000000,,0,0,0,1,1,0,-0.003797,-0.123147,0.8333,0.0615,0.2638,2,ok
0,512,1.537821,1.378005,-2.873842,-0.007211,-0.047865,11.223284,0.199107,0.121398,0.121398,0.000000,,0,0,0,1,1,0,-0.005458,-0.117509,0.7917,0.0895,0.2675,2,ok
0,513,1.514713,1.372040,-2.862181,-0.008728,-0.036204,11.247101,0.198762,0.166944,0.166944,0.000000,,0,0,0,1,1,0,-0.004057,-0.103549,0.7917,0.0351,0.2681,2,ok
0,514,1.495509,1.366804,-2.854720,-0.009724,-0.028744,11.266981,0.199061,0.123895,0.123895,0.000000,,0,0,0,1,1,0,-0.005954,-0.086902,0.7708,0.0241,0.2675,2,ok
0,515,1.476363,1.361459,-2.841677,-0.010850,-0.026725,11.286682,0.198452,0.231202,0.231202,0.000000,,0,0,0,1,1,0,-0.007730,-0.080235,0.7708,0.0470,0.2672,2,ok
0,516,1.453458,1.354574,-2.835460,-0.011782,-0.020508,11.310582,0.199364,0.041317,0.081202,0.039885,C-06,0,0,0,1,1,0,-0.005760,-0.070575,0.7708,-0.0067,0.2655,2,ok
0,517,1.434379,1.348560,-2.838823,-0.012359,-0.033392,11.330494,0.200184,-0.124841,-0.068798,0.056042,C-06,0,0,0,1,1,0,-0.005700,-0.068324,0.7083,-0.0142,0.2675,2,ok
0,518,1.415286,1.342583,-2.839516,-0.013049,-0.034085,11.350489,0.200055,-0.006929,-0.006929,0.000000,,0,0,0,1,1,0,-0.007468,-0.064465,0.7917,-0.0124,0.2669,2,ok
0,519,1.392403,1.335442,-2.830326,-0.013898,-0.024895,11.372124,0.199495,0.387091,0.143071,-0.244020,C-06,0,0,0,1,1,0,-0.009020,-0.067327,0.7917,-0.0118,0.2690,2,ok
0,520,1.373412,1.329493,-2.814290,-0.014732,-0.017085,11.394234,0.198563,0.287783,0.287783,0.000000,,0,0,0,1,1,0,-0.008515,-0.060699,0.7917,-0.0592,0.2656,2,ok
0,521,1.350773,1.322336,-2.791992,-0.015647,0.005213,11.417960,0.197459,0.328939,0.328939,0.000000,,0,0,0,1,1,0,-0.008999,-0.044780,0.8125,-0.0336,0.2696,2,ok
0,522,1.332035,1.315961,-2.777111,-0.016071,0.013653,11.437650,0.197972,0.258382,0.258382,0.000000,,0,0,0,1,1,0,-0.008999,-0.044780,0.8125,-0.0336,0.2696,2,ok
0,523,1.313375,1.309037,-2.770364,-0.015984,0.020400,11.457553,0.199131,0.025009,0.108382,0.083374,C-06,0,0,0,1,1,0,-0.005742,-0.006388,0.7917,-0.0779,0.2664,2,ok
0,524,1.291004,1.300344,-2.772333,-0.015561,0.013741,11.481449,0.200143,-0.039411,-0.039411,0.000000,,0,0,0,1,1,0,-0.005931,0.007135,0.7917,-0.0549,0.2629,2,ok
0,525,1.272326,1.293109,-2.780325,-0.015317,0.005750,11.501478,0.200554,-0.152896,-0.152896,0.000000,,0,0,0,1,1,0,-0.006139,0.007572,0.7292,-0.0612,0.2667,3,ok
0,526,1.253612,1.286033,-2.781162,-0.015235,0.004912,11.521485,0.200023,0.022615,-0.002896,-0.025510,C-06,0,0,0,1,1,0,-0.005671,0.003092,0.7500,-0.0944,0.2667,3,ok
0,527,1.231185,1.277569,-2.773136,-0.015272,0.008596,11.545367,0.199491,0.128938,0.128938,0.000000,,0,0,0,1,1,0,-0.003705,-0.007804,0.6875,-0.1416,0.2598,3,ok
0,528,1.212529,1.270368,-2.773282,-0.015169,0.008449,11.565365,0.200037,-0.012591,-0.012591,0.000000,,0,0,0,1,1,0,-0.004795,0.002243,0.7500,-0.1275,0.2680,2,ok
0,529,1.193858,1.263156,-2.776821,-0.015041,0.001896,11.585408,0.200262,-0.067260,-0.067260,0.000000,,0,0,0,1,1,0,-0.004295,0.003899,0.8542,-0.1445,0.2661,2,ok
0,530,1.171451,1.254595,-2.773028,-0.014953,0.005689,11.609395,0.199739,0.065614,0.065614,0.000000,,0,0,0,1,1,0,-0.006213,0.007449,0.7917,-0.1198,0.2658,3,ok
0,531,1.152810,1.247466,-2.768608,-0.014895,0.008468,11.629276,0.199443,0.080346,0.080346,0.000000,,0,0,0,1,1,0,-0.005017,0.010369,0.8125,-0.1620,0.2651,2,ok
0,532,1.134192,1.240231,-2.766773,-0.014812,0.010303,11.649250,0.199767,0.028784,0.028784,0.000000,,0,0,0,1,1,0,-0.005924,0.014517,0.8125,-0.1301,0.2681,3,ok
0,533,1.111853,1.231464,-2.768326,-0.014632,0.008750,11.673247,0.200051,-0.026546,-0.026546,0.000000,,0,0,0,1,1,0,-0.005010,0.026104,0.7500,-0.1520,0.2671,2,ok
0,534,1.093199,1.224172,-2.777518,-0.014499,-0.000030,11.693281,0.200574,-0.295965,-0.176546,0.119418,C-06,0,0,0,1,1,0,-0.005389,0.028958,0.7292,-0.1574,0.2702,2,ok
0,535,1.070686,1.215422,-2.798895,-0.014387,-0.021407,11.717434,0.201925,-0.386504,-0.326546,0.059958,C-06,0,0,0,1,1,0,-0.004089,0.021722,0.7708,-0.2043,0.2682,3,ok
0,536,1.051812,1.208360,-2.809670,-0.014543,-0.032425,11.737592,0.201473,0.127457,-0.176546,-0.304004,C-06,0,0,0,1,1,0,-0.008853,0.015136,0.6875,-0.1570,0.2710,2,ok
0,537,1.032894,1.201773,-2.811886,-0.015154,-0.034641,11.757615,0.200216,0.083758,-0.026546,-0.110305,C-06,0,0,0,1,1,0,-0.010092,0.001957,0.7708,-0.1730,0.2716,3,ok
0,538,1.010215,1.194001,-2.804080,-0.015975,-0.024161,11.781645,0.199534,0.190425,0.123454,-0.066971,C-06,0,0,0,1,1,0,-0.009841,-0.002827,0.8333,-0.2043,0.2677,2,ok
0,539,0.991359,1.187513,-2.799585,-0.016568,-0.019666,11.801578,0.199389,0.076136,0.076136,0.000000,,0,0,0,1,1,0,-0.008988,0.003533,0.8333,-0.2371,0.2678,2,ok
0,540,0.972531,1.180950,-2.795210,-0.017080,-0.015291,11.821509,0.199380,0.077141,0.077141,0.000000,,0,0,0,1,1,0,-0.007095,0.013131,0.8333,-0.2787,0.2697,2,ok
0,541,0.949991,1.173013,-2.786459,-0.017648,-0.003573,11.845375,0.198935,0.133395,0.133395,0.000000,,0,0,0,1,1,0,-0.009234,0.020032,0.7708,-0.2386,0.2685,3,ok
0,542,0.931255,1.166196,-2.782123,-0.017919,0.000763,11.865311,0.199414,0.072639,0.072639,0.000000,,0,0,0,1,1,0,-0.008734,0.040077,0.7708,-0.2518,0.2629,2,ok
0,543,0.912523,1.159174,-2.785859,-0.017896,0.001049,11.885486,0.200223,-0.125518,-0.077361,0.048157,C-06,0,0,0,1,1,0,-0.005944,0.049989,0.7500,-0.3099,0.2640,2,ok
0,544,0.889968,1.150768,-2.800580,-0.017808,-0.013673,11.909556,0.201029,-0.296845,-0.227361,0.069484,C-06,0,0,0,1,1,0,-0.005271,0.051376,0.7292,-0.3442,0.2646,3,ok
0,545,0.871097,1.143890,-2.806876,-0.017870,-0.015445,11.929675,0.200825,-0.100069,-0.100069,0.000000,,0,0,0,1,1,0,-0.006616,0.045246,0.7292,-0.3311,0.2672,3,ok
0,546,0.852212,1.137307,-2.804643,-0.018185,-0.013211,11.949672,0.199859,0.220686,0.049931,-0.170755,C-06,0,0,0,1,1,0,-0.007546,0.040852,0.7292,-0.3491,0.2686,3,ok
0,547,0.829540,1.129371,-2.810860,-0.018533,-0.019429,11.973600,0.200378,-0.132209,-0.100069,0.032139,C-06,0,0,0,1,1,0,-0.006815,0.047150,0.7708,-0.3827,0.2657,2,ok
0,548,0.810606,1.122755,-2.816365,-0.018719,-0.018197,11.993852,0.200714,-0.095693,-0.095693,0.000000,,0,0,0,1,1,0,-0.005406,0.050015,0.8333,-0.4439,0.2671,3,ok
0,549,0.787856,1.115019,-2.818515,-0.019144,-0.020347,12.017878,0.200229,-0.028315,-0.028315,0.000000,,0,0,0,1,1,0,-0.008757,0.049395,0.8125,-0.4048,0.2705,2,ok
0,550,0.768888,1.108641,-2.819342,-0.019462,-0.014388,12.038021,0.200108,-0.013332,-0.013332,0.000000,,0,0,0,1,1,0,-0.007820,0.056908,0.8125,-0.4293,0.2716,2,ok
0,551,0.749913,1.102274,-2.820652,-0.019757,-0.015697,12.058033,0.200178,-0.023566,-0.023566,0.000000,,0,0,0,1,1,0,-0.006376,0.059981,0.8333,-0.4778,0.2705,2,ok
0,552,0.727098,1.094701,-2.832058,-0.020092,-0.018617,12.082262,0.200634,-0.226481,-0.173566,0.052915,C-06,0,0,0,1,1,0,-0.005651,0.066784,0.7917,-0.5131,0.2682,2,ok
0,553,0.707998,1.088393,-2.850077,-0.020291,-0.036637,12.102376,0.201622,-0.348457,-0.323566,0.024891,C-06,0,0,0,1,1,0,-0.005115,0.063394,0.7500,-0.5468,0.2683,2,ok
0,554,0.688801,1.082143,-2.864268,-0.020576,-0.050828,12.120921,0.201915,-0.235316,-0.235316,0.000000,,0,0,0,1,1,0,-0.006144,0.065564,0.7708,-0.5482,0.2701,2,ok
0,555,0.665695,1.075337,-2.870891,-0.021346,-0.047358,12.146837,0.200665,-0.069838,-0.085316,-0.015479,C-06,0,0,0,1,1,0,-0.008709,0.056962,0.7500,-0.5572,0.2639,3,ok
0,556,0.646425,1.069977,-2.869877,-0.022303,-0.046343,12.166816,0.199937,0.024962,0.024962,0.000000,,0,0,0,1,1,0,-0.011038,0.050408,0.8125,-0.5796,0.2674,3,ok
0,557,0.627171,1.064634,-2.864873,-0.023093,-0.030151,12.187014,0.199687,0.089885,0.089885,0.000000,,0,0,0,1,1,0,-0.011736,0.058229,0.8125,-0.5914,0.2682,3,ok
0,558,0.604101,1.058220,-2.859793,-0.023992,-0.025070,12.210943,0.199464,0.070316,0.070316,0.000000,,0,0,0,1,1,0,-0.009216,0.062621,0.8333,-0.6556,0.2723,3,ok
0,559,0.584902,1.052814,-2.855660,-0.024502,-0.008999,12.231215,0.199462,0.070102,0.070102,0.000000,,0,0,0,1,1,0,-0.009811,0.079467,0.7917,-0.6585,0.2718,3,ok
0,560,0.565726,1.047339,-2.851138,-0.024839,-0.004476,12.251154,0.199403,0.077535,0.077535,0.000000,,0,0,0,1,1,0,-0.010680,0.099426,0.7708,-0.6433,0.2684,3,ok
0,561,0.542741,1.040557,-2.848492,-0.024928,0.011490,12.275429,0.199726,0.035101,0.035101,0.000000,,0,0,0,1,1,0,-0.008826,0.115448,0.7500,-0.6991,0.2720,3,ok
0,562,0.523579,1.034783,-2.854470,-0.024726,0.005512,12.295441,0.200316,-0.322150,-0.114899,0.207251,C-06,0,0,0,1,1,0,-0.005571,0.135470,0.7500,-0.7755,0.2675,3,ok
0,563,0.500504,1.027845,-2.872672,-0.024438,0.001791,12.319864,0.201249,-0.284164,-0.264899,0.019265,C-06,0,0,0,1,1,0,-0.005972,0.143173,0.7292,-0.7645,0.2646,3,ok
0,564,0.481201,1.022265,-2.880256,-0.024192,-0.005793,12.339955,0.200890,0.137588,-0.114899,-0.252487,C-06,0,0,0,1,1,0,-0.006580,0.141791,0.7292,-0.7863,0.2657,3,ok
0,565,0.461868,1.016922,-2.884768,-0.024183,-0.010305,12.360013,0.200550,-0.072374,-0.072374,0.000000,,0,0,0,1,1,0,-0.006734,0.142538,0.7708,-0.8188,0.2624,3,ok
0,566,0.438662,1.010814,-2.882067,-0.024121,0.008442,12.384411,0.199863,0.045712,0.045712,0.000000,,0,0,0,1,1,0,-0.009137,0.149498,0.8333,-0.7778,0.2603,3,ok
0,567,0.419332,1.005682,-2.882170,-0.023982,0.008340,12.404411,0.200012,-0.004781,-0.004781,0.000000,,0,0,0,1,1,0,-0.009376,0.162494,0.8333,-0.7658,0.2610,3,ok
0,568,0.399982,1.000552,-2.890615,-0.023636,0.017754,12.424813,0.200386,-0.192630,-0.154781,0.037848,C-06,0,0,0,1,1,0,-0.009016,0.171237,0.7708,-0.7586,0.2612,3,ok
0,569,0.376710,0.994396,-2.898546,-0.023101,0.009824,12.448880,0.200769,-0.106353,-0.106353,0.000000,,0,0,0,1,1,0,-0.006988,0.187434,0.7708,-0.8149,0.2587,3,ok
0,570,0.357285,0.989365,-2.903963,-0.022544,0.024093,12.469432,0.200648,-0.087978,-0.087978,0.000000,,0,0,0,1,1,0,-0.008318,0.197479,0.7708,-0.7796,0.2587,3,ok
0,571,0.337818,0.984430,-2.917582,-0.021872,0.010473,12.489504,0.201107,-0.323658,-0.237978,0.085680,C-06,0,0,0,1,1,0,-0.012585,0.211581,0.7500,-0.6680,0.2590,3,ok
0,572,0.314382,0.978591,-2.931058,-0.021007,0.017921,12.514099,0.201274,-0.178808,-0.178808,0.000000,,0,0,0,1,1,0,-0.008433,0.216994,0.7292,-0.7543,0.2546,3,ok
0,573,0.294817,0.974311,-2.933584,-0.020565,0.015395,12.534122,0.200193,0.372319,-0.028808,-0.401127,C-06,0,0,0,1,1,0,-0.010999,0.221643,0.7500,-0.6930,0.2589,3,ok
0,574,0.275260,0.970177,-2.926858,-0.020263,0.022121,12.554059,0.199736,0.372506,0.121192,-0.251314,C-06,0,0,0,1,1,0,-0.010987,0.222133,0.7292,-0.6839,0.2606,3,ok
0,575,0.251810,0.965061,-2.928235,-0.019201,0.045171,12.578543,0.200076,-0.297735,-0.028808,0.268927,C-06,0,0,0,1,1,0,-0.008743,0.246243,0.8125,-0.6566,0.2564,3,ok
0,576,0.232244,0.960789,-2.938464,-0.018315,0.034941,12.598551,0.200469,-0.229377,-0.178808,0.050569,C-06,0,0,0,1,1,0,-0.005962,0.263890,0.7917,-0.6364,0.2514,3,ok
0,577,0.208706,0.955662,-2.951815,-0.016768,0.046767,12.623005,0.200979,-0.178703,-0.178703,0.000000,,0,0,0,1,1,0,-0.003817,0.267914,0.8125,-0.6402,0.2543,3,ok
0,578,0.185095,0.950535,-2.971331,-0.015177,0.027252,12.647114,0.201654,-0.264923,-0.264923,0.000000,,0,0,0,1,1,0,-0.005809,0.284771,0.7708,-0.5531,0.2543,3,ok
0,579,0.165345,0.946271,-2.996864,-0.013212,0.029463,12.667733,0.202407,-0.467559,-0.414923,0.052636,C-06,0,0,0,1,1,0,-0.004857,0.283524,0.7292,-0.5105,0.2586,3,ok
0,580,0.141544,0.941353,-3.030255,-0.011038,-0.003928,12.691940,0.202414,-0.428612,-0.428612,0.000000,,0,0,0,1,1,0,-0.000756,0.270749,0.7292,-0.5658,0.2556,3,ok
0,581,0.121647,0.938227,-3.049559,-0.009751,0.006986,12.712316,0.201266,-0.234536,-0.278612,-0.044076,C-06,0,0,0,1,1,0,-0.005676,0.258475,0.7500,-0.4245,0.2616,3,ok
0,582,0.097736,0.935520,-3.060701,-0.009177,-0.004156,12.736373,0.200466,0.533460,-0.128612,-0.662072,C-06,0,0,0,1,1,0,-0.002179,0.243357,0.7500,-0.4411,0.2584,3,ok
0,583,0.077801,0.933867,-3.060086,-0.008755,0.029102,12.756686,0.199989,0.631661,0.021388,-0.610273,C-06,0,0,0,1,1,0,0.000395,0.240454,0.8125,-0.4529,0.2599,3,ok
0,584,0.053884,0.931932,-3.056500,-0.008126,0.032689,12.780673,0.199931,0.046305,0.046305,0.000000,,0,0,0,1,1,0,0.002265,0.245409,0.8125,-0.4300,0.2560,3,ok
0,585,0.033961,0.930319,-3.051573,-0.007103,0.070496,12.800911,0.199847,0.075865,0.075865,0.000000,,0,0,0,1,1,0,0.006434,0.260703,0.7500,-0.3969,0.2592,3,ok
0,586,0.010053,0.928167,-3.056743,-0.005422,0.065327,12.824857,0.200091,-0.092414,-0.074135,0.018279,C-06,0,0,0,1,1,0,0.010437,0.281738,0.7292,-0.4016,0.2553,3,ok
0,587,-0.013866,0.926002,-3.062638,-0.003148,0.094126,12.848934,0.200188,-0.073265,-0.073265,0.000000,,0,0,0,1,1,0,0.013431,0.289817,0.6667,-0.3825,0.2594,3,ok
0,588,-0.033814,0.924197,-3.076992,-0.001039,0.079773,12.868852,0.200386,-0.400926,-0.223265,0.177661,C-06,0,0,0,1,1,0,0.014839,0.298638,0.6250,-0.3378,0.2562,3,ok
0,589,-0.057783,0.922032,-3.106831,0.002003,0.083734,12.892724,0.200682,-0.618722,-0.373265,0.245458,C-06,0,0,0,1,1,0,0.017475,0.306039,0.6250,-0.3207,0.2516,3,ok
0,590,-0.077778,0.920228,-3.135961,0.004808,0.054604,12.912603,0.200807,-0.421219,-0.421219,0.000000,,0,0,0,1,1,0,0.023211,0.281081,0.6042,-0.3518,0.2568,3,ok
0,591,-0.101777,0.918966,3.123395,0.007698,0.063024,12.936251,0.200126,-0.239673,-0.271219,-0.031546,C-06,0,0,0,1,1,0,0.022898,0.272250,0.6250,-0.3189,0.2573,3,ok
0,592,-0.121770,0.918604,3.108667,0.009748,0.048296,12.956142,0.199907,-0.206433,-0.206433,0.000000,,0,0,0,1,1,0,0.025282,0.239946,0.6667,-0.3109,0.2588,3,ok
0,593,-0.145746,0.918429,3.085887,0.012238,0.056188,12.979656,0.199702,-0.280488,-0.280488,0.000000,,0,0,0,1,1,0,0.027059,0.227548,0.6875,-0.2952,0.2623,3,ok
0,594,-0.165698,0.918445,3.057719,0.014500,0.028019,12.999479,0.199323,-0.481274,-0.430488,0.050786,C-06,0,0,0,1,1,0,0.030647,0.208362,0.6667,-0.2985,0.2622,3,ok
0,595,-0.189573,0.918868,3.022535,0.016982,0.021036,13.022788,0.198747,-0.443928,-0.443928,0.000000,,0,0,0,1,1,0,0.032191,0.199493,0.6250,-0.3186,0.2664,3,ok
0,596,-0.213337,0.919957,2.979930,0.019257,-0.021568,13.046468,0.197842,-0.559255,-0.559255,0.000000,,0,0,0,1,1,0,0.028819,0.158424,0.6875,-0.2259,0.2668,3,ok
0,597,-0.233030,0.922006,2.953186,0.020008,-0.048313,13.063317,0.197921,-0.402017,-0.409255,-0.007238,C-06,0,0,0,1,1,0,0.029926,0.130600,0.6875,-0.2561,0.2632,3,ok
0,598,-0.256556,0.925684,2.932934,0.020404,-0.042615,13.089521,0.198449,0.380391,-0.259255,-0.639646,C-06,0,0,0,1,1,0,0.025458,0.110603,0.7083,-0.1872,0.2663,3,ok
0,599,-0.276105,0.929518,2.925433,0.019905,-0.050116,13.109436,0.199288,0.186577,-0.109255,-0.295832,C-06,0,0,0,1,1,0,0.026070,0.085144,0.7917,-0.2136,0.2656,3,ok
0,600,-0.299551,0.934647,2.927685,0.019298,-0.024396,13.132980,0.200105,0.164715,0.040745,-0.123970,C-06,0,0,0,1,1,0,0.024709,0.080930,0.8333,-0.1812,0.2670,3,ok
0,601,-0.319084,0.938893,2.921790,0.018841,-0.030290,13.152965,0.199760,-0.125763,-0.109255,0.016508,C-06,0,0,0,1,1,0,0.025986,0.085056,0.8125,-0.1923,0.2655,3,ok
0,602,-0.342504,0.944119,2.921108,0.018600,-0.009485,13.176525,0.199979,-0.003067,-0.003067,0.000000,,0,0,0,1,1,0,0.025259,0.087079,0.7917,-0.1561,0.2653,3,ok
0,603,-0.362006,0.948492,2.914294,0.018476,-0.016299,13.196511,0.199720,-0.122493,-0.122493,0.000000,,0,0,0,1,1,0,0.027058,0.093041,0.7708,-0.1870,0.2628,3,ok
0,604,-0.385338,0.953739,2.895249,0.018574,-0.015640,13.220103,0.198873,-0.309460,-0.272493,0.036967,C-06,0,0,0,1,1,0,0.024422,0.096339,0.7708,-0.1021,0.2646,3,ok
0,605,-0.408551,0.958992,2.874160,0.018794,-0.036729,13.243902,0.197937,-0.294443,-0.294443,0.000000,,0,0,0,1,1,0,0.024422,0.096339,0.7708,-0.1021,0.2646,3,ok
0,606,-0.427796,0.963652,2.857744,0.018860,-0.035154,13.263379,0.197997,-0.275568,-0.275568,0.000000,,0,0,0,1,1,0,0.023055,0.069058,0.7083,-0.1065,0.2666,3,ok
0,607,-0.450762,0.969632,2.836270,0.018724,-0.056627,13.287112,0.197704,-0.308045,-0.308045,0.000000,,0,0,0,1,1,0,0.024514,0.050269,0.7917,-0.1366,0.2609,3,ok
0,608,-0.469806,0.975299,2.826472,0.018031,-0.050015,13.306639,0.198771,0.102126,-0.158045,-0.260170,C-06,0,0,0,1,1,0,0.022964,0.028192,0.8125,-0.1428,0.2640,3,ok
0,609,-0.492618,0.982705,2.825305,0.016910,-0.051182,13.330596,0.199936,0.157604,-0.008045,-0.165649,C-06,0,0,0,1,1,0,0.020021,0.017997,0.7917,-0.0930,0.2659,3,ok
0,610,-0.511611,0.988914,2.820125,0.015935,-0.056362,13.349099,0.199677,-0.096761,-0.096761,0.000000,,0,0,0,1,1,0,0.019945,0.018863,0.7917,-0.0991,0.2682,3,ok
0,611,-0.534323,0.996373,2.803995,0.015089,-0.057367,13.374221,0.198734,-0.357148,-0.246761,0.110387,C-06,0,0,0,1,1,0,0.018699,0.021781,0.8125,-0.0813,0.2670,3,ok
0,612,-0.553124,1.002590,2.782358,0.014334,-0.079005,13.394009,0.197364,-0.692557,-0.396761,0.295796,C-06,0,0,0,1,1,0,0.017070,0.010446,0.7708,-0.0929,0.2668,3,ok
0,613,-0.575441,1.010166,2.746651,0.013552,-0.100815,13.417348,0.195880,-0.783189,-0.546761,0.236429,C-06,0,0,0,1,1,0,0.014088,-0.011046,0.7917,-0.0674,0.2681,3,ok
0,614,-0.597466,1.018716,2.720043,0.011807,-0.127423,13.440909,0.196999,0.310255,-0.396761,-0.707016,C-06,0,0,0,1,1,0,0.009725,-0.037622,0.7083,-0.0435,0.2704,3,ok
0,615,-0.615655,1.026543,2.706073,0.009795,-0.129571,13.460484,0.198133,1.000000,-0.246761,-1.246761,C-06,0,0,0,1,1,0,0.006183,-0.055343,0.7500,-0.0445,0.2696,3,ok
0,616,-0.637378,1.036518,2.699371,0.006861,-0.136274,13.484208,0.199265,0.237327,-0.096761,-0.334087,C-06,0,0,0,1,1,0,0.003020,-0.071858,0.7917,-0.0528,0.2658,3,ok
0,617,-0.655462,1.045065,2.701641,0.004292,-0.122782,13.503982,0.200162,0.261970,0.053239,-0.208730,C-06,0,0,0,1,1,0,-0.002908,-0.081291,0.8333,0.0031,0.2672,2,ok
0,618,-0.677195,1.055335,2.705330,0.001344,-0.119093,13.527839,0.200442,0.057677,0.057677,0.000000,,0,0,0,1,1,0,-0.002814,-0.081492,0.8333,-0.0254,0.2654,2,ok
0,619,-0.695343,1.063888,2.710712,-0.001062,-0.104137,13.547761,0.200811,0.103609,0.103609,0.000000,,0,0,0,1,1,0,-0.005451,-0.079417,0.7917,-0.0049,0.2661,2,ok
0,620,-0.717224,1.074012,2.726500,-0.003640,-0.088348,13.571733,0.201444,0.312149,0.253609,-0.058540,C-06,0,0,0,1,1,0,-0.005862,-0.077323,0.8125,-0.0192,0.2645,2,ok
0,621,-0.735595,1.082443,2.744360,-0.005737,-0.070488,13.591836,0.202711,0.331512,0.331512,0.000000,,0,0,0,1,1,0,-0.007288,-0.057911,0.7708,0.0127,0.2656,2,ok
0,622,-0.757800,1.092165,2.760325,-0.007570,-0.045910,13.616071,0.201962,0.235144,0.235144,0.000000,,0,0,0,1,1,0,-0.008537,-0.038710,0.7292,0.0618,0.2674,3,ok
0,623,-0.780107,1.101269,2.766598,-0.008780,-0.039637,13.640133,0.200700,0.048409,0.085144,0.036735,C-06,0,0,0,1,1,0,-0.007320,-0.020038,0.7292,0.0461,0.2664,3,ok
0,624,-0.798716,1.108605,2.765728,-0.009414,-0.033212,13.660188,0.199929,-0.024533,-0.024533,0.000000,,0,0,0,1,1,0,-0.006980,-0.011970,0.7083,0.0515,0.2662,3,ok
0,625,-0.821028,1.117390,2.762830,-0.010153,-0.036111,13.684155,0.199734,-0.044437,-0.044437,0.000000,,0,0,0,1,1,0,-0.005634,-0.008395,0.7708,0.0294,0.2648,3,ok
0,626,-0.839621,1.124783,2.766228,-0.010753,-0.026213,13.704221,0.200227,0.066999,0.066999,0.000000,,0,0,0,1,1,0,-0.007833,-0.014785,0.8542,0.0718,0.2659,2,ok
0,627,-0.861975,1.133661,2.772050,-0.011415,-0.020390,13.728264,0.200617,0.088052,0.088052,0.000000,,0,0,0,1,1,0,-0.007724,-0.013030,0.8333,0.0720,0.2646,3,ok
0,628,-0.880642,1.141025,2.776608,-0.011885,-0.010541,13.748377,0.200666,0.080879,0.080879,0.000000,,0,0,0,1,1,0,-0.007595,-0.009800,0.7917,0.0920,0.2669,2,ok
0,629,-0.903082,1.149742,2.781664,-0.012258,-0.005485,13.772449,0.200615,0.074672,0.074672,0.000000,,0,0,0,1,1,0,-0.007523,-0.007065,0.7917,0.1125,0.2659,3,ok
0,630,-0.921789,1.156797,2.777882,-0.012372,-0.009266,13.789573,0.199775,-0.100195,-0.075328,0.024867,C-06,0,0,0,1,1,0,-0.006912,-0.003170,0.7708,0.1200,0.2672,2,ok
0,631,-0.944160,1.165297,2.763498,-0.012464,-0.019903,13.816419,0.198966,-0.264216,-0.225328,0.038888,C-06,0,0,0,1,1,0,-0.006993,-0.005026,0.7708,0.1235,0.2651,2,ok
0,632,-0.966437,1.174017,2.757808,-0.012807,-0.025592,13.839129,0.199396,0.050638,-0.075328,-0.125967,C-06,0,0,0,1,1,0,-0.010099,-0.018243,0.7708,0.1728,0.2678,2,ok
0,633,-0.984992,1.181492,2.761259,-0.013186,-0.019035,13.860404,0.200218,0.176451,0.074672,-0.101779,C-06,0,0,0,1,1,0,-0.012636,-0.024696,0.7083,0.1916,0.2729,3,ok
0,634,-1.007313,1.190476,2.769464,-0.013642,-0.010830,13.884460,0.200766,0.126028,0.126028,0.000000,,0,0,0,1,1,0,-0.010097,-0.030872,0.7500,0.1600,0.2674,2,ok
0,635,-1.025971,1.197957,2.777137,-0.014008,-0.001092,13.904549,0.201147,0.138197,0.138197,0.000000,,0,0,0,1,1,0,-0.011072,-0.023266,0.8333,0.2109,0.2694,3,ok
0,636,-1.048422,1.206695,2.783352,-0.014205,0.005122,13.928639,0.200734,0.088895,0.088895,0.000000,,0,0,0,1,1,0,-0.009775,-0.019146,0.7917,0.2118,0.2696,2,ok
0,637,-1.067162,1.213793,2.786064,-0.014156,0.008717,13.948722,0.200366,0.044619,0.044619,0.000000,,0,0,0,1,1,0,-0.008477,-0.014664,0.8125,0.2008,0.2660,2,ok
0,638,-1.089669,1.222207,2.788052,-0.013956,0.010705,13.972750,0.200232,0.028429,0.028429,0.000000,,0,0,0,1,1,0,-0.008724,-0.016009,0.7917,0.2226,0.2647,2,ok
0,639,-1.108413,1.229134,2.781848,-0.013719,0.004165,13.992721,0.199611,-0.147665,-0.121571,0.026094,C-06,0,0,0,1,1,0,-0.009682,-0.012853,0.7708,0.2795,0.2723,3,ok
0,640,-1.130828,1.237441,2.769990,-0.013470,-0.007693,14.016624,0.198829,-0.180035,-0.180035,0.000000,,0,0,0,1,1,0,-0.009104,-0.023250,0.7500,0.2579,0.2672,2,ok
0,641,-1.153176,1.246090,2.767388,-0.013565,-0.010295,14.038851,0.199757,0.086836,-0.030035,-0.116871,C-06,0,0,0,1,1,0,-0.011192,-0.033004,0.7500,0.2916,0.2675,2,ok
0,642,-1.171813,1.253399,2.773618,-0.013780,-0.004818,14.060576,0.200402,0.130431,0.119965,-0.010466,C-06,0,0,0,1,1,0,-0.013654,-0.046397,0.7500,0.3428,0.2699,2,ok
0,643,-1.194235,1.262173,2.780335,-0.014016,0.001899,14.084653,0.200818,0.098997,0.098997,0.000000,,0,0,0,1,1,0,-0.012481,-0.048153,0.7708,0.3343,0.2739,3,ok
0,644,-1.212971,1.269461,2.788426,-0.014191,0.007480,14.104740,0.201230,0.147750,0.147750,0.000000,,0,0,0,1,1,0,-0.012906,-0.044409,0.8333,0.3865,0.2739,2,ok
0,645,-1.235521,1.277988,2.795801,-0.014178,0.014856,14.128848,0.200876,0.105832,0.105832,0.000000,,0,0,0,1,1,0,-0.010002,-0.041218,0.8333,0.3495,0.2678,2,ok
0,646,-1.254355,1.284940,2.801024,-0.014035,0.016201,14.148884,0.200748,0.090734,0.090734,0.000000,,0,0,0,1,1,0,-0.010864,-0.038210,0.7917,0.3984,0.2654,2,ok
0,647,-1.277000,1.293149,2.807094,-0.013759,0.022271,14.172970,0.200729,0.088627,0.088627,0.000000,,0,0,0,1,1,0,-0.011654,-0.035846,0.7917,0.4473,0.2662,2,ok
0,648,-1.295894,1.299726,2.807323,-0.013274,0.022500,14.190128,0.199991,-0.003373,-0.003373,0.000000,,0,0,0,1,1,0,-0.008965,-0.043039,0.7708,0.4289,0.2673,2,ok
0,649,-1.318551,1.307596,2.803420,-0.012831,0.013407,14.216873,0.199759,-0.060543,-0.060543,0.000000,,0,0,0,1,1,0,-0.009182,-0.045996,0.7292,0.4478,0.2628,2,ok
0,650,-1.341211,1.315558,2.808912,-0.012456,0.018898,14.240889,0.200339,0.113562,0.089457,-0.024105,C-06,0,0,0,1,1,0,-0.009365,-0.054213,0.7500,0.4730,0.2647,2,ok
0,651,-1.360143,1.322198,2.818257,-0.012283,0.021791,14.260857,0.200892,0.168267,0.168267,0.000000,,0,0,0,1,1,0,-0.010806,-0.061035,0.7083,0.5107,0.2649,2,ok
0,652,-1.382929,1.330061,2.825837,-0.011954,0.029371,14.284959,0.200863,0.105375,0.105375,0.000000,,0,0,0,1,1,0,-0.008177,-0.061991,0.7708,0.5001,0.2654,2,ok
0,653,-1.401952,1.336396,2.829401,-0.011577,0.025070,14.304903,0.200476,0.058770,0.058770,0.000000,,0,0,0,1,1,0,-0.005317,-0.064803,0.8125,0.4860,0.2683,2,ok
0,654,-1.424819,1.343947,2.837137,-0.011136,0.032806,14.328980,0.200889,0.114486,0.114486,0.000000,,0,0,0,1,1,0,-0.004187,-0.070625,0.7708,0.5006,0.2651,2,ok
0,655,-1.443911,1.350085,2.841123,-0.010656,0.026789,14.348949,0.200525,0.065406,0.065406,0.000000,,0,0,0,1,1,0,-0.003759,-0.071863,0.7917,0.5187,0.2659,2,ok
0,656,-1.466859,1.357388,2.847809,-0.010134,0.033475,14.373025,0.200783,0.097458,0.097458,0.000000,,0,0,0,1,1,0,-0.003451,-0.074428,0.7917,0.5363,0.2656,2,ok
0,657,-1.486018,1.363390,2.853481,-0.009608,0.039147,14.393095,0.200771,0.096580,0.096580,0.000000,,0,0,0,1,1,0,-0.001412,-0.080201,0.8125,0.5082,0.2660,2,ok
0,658,-1.509024,1.370217,2.851902,-0.008841,0.026527,14.416987,0.199911,-0.026637,-0.026637,0.000000,,0,0,0,1,1,0,0.000563,-0.082187,0.7917,0.4986,0.2643,2,ok
0,659,-1.532047,1.377073,2.859334,-0.008109,0.033959,14.440998,0.200388,0.114339,0.114339,0.000000,,0,0,0,1,1,0,0.002244,-0.093477,0.7500,0.4779,0.2601,2,ok
0,660,-1.551283,1.382788,2.869483,-0.007734,0.031220,14.460929,0.200910,0.176774,0.176774,0.000000,,0,0,0,1,1,0,0.005801,-0.111846,0.6875,0.4497,0.2528,2,ok
0,661,-1.574436,1.389618,2.880846,-0.007334,0.042583,14.485065,0.201237,0.158142,0.158142,0.000000,,0,0,0,1,1,0,0.008771,-0.114299,0.7917,0.4083,0.2549,2,ok
0,662,-1.593783,1.395132,2.889924,-0.006909,0.036265,14.505088,0.201161,0.150870,0.150870,0.000000,,0,0,0,1,1,0,0.007693,-0.113818,0.8125,0.4427,0.2583,2,ok
0,663,-1.617078,1.401624,2.908033,-0.006451,0.054375,14.529267,0.201911,0.256670,0.256670,0.000000,,0,0,0,1,1,0,0.008269,-0.113839,0.8125,0.4372,0.2613,2,ok
0,664,-1.636566,1.406821,2.921848,-0.005844,0.068189,14.549427,0.201655,0.223849,0.223849,0.000000,,0,0,0,1,1,0,0.010522,-0.108004,0.8333,0.4122,0.2614,2,ok
0,665,-1.660034,1.412766,2.939749,-0.005241,0.067723,14.573524,0.201732,0.242907,0.242907,0.000000,,0,0,0,1,1,0,0.012756,-0.105294,0.8125,0.3850,0.2614,2,ok
0,666,-1.679645,1.417140,2.948320,-0.004169,0.076294,14.593588,0.200872,0.130691,0.130691,0.000000,,0,0,0,1,1,0,0.015382,-0.107747,0.7917,0.3449,0.2637,2,ok
0,667,-1.703198,1.421795,2.947636,-0.002615,0.055860,14.617476,0.199996,-0.165127,-0.019309,0.145818,C-06,0,0,0,1,1,0,0.014771,-0.111010,0.7708,0.3768,0.2667,2,ok
0,668,-1.726728,1.426416,2.938428,-0.001205,0.046652,14.641414,0.199655,-0.131132,-0.131132,0.000000,,0,0,0,1,1,0,0.014319,-0.118224,0.7708,0.3658,0.2659,2,ok
0,669,-1.746316,1.430448,2.938845,-0.000372,0.023048,14.661380,0.200038,0.351100,0.018868,-0.332232,C-06,0,0,0,1,1,0,0.014821,-0.124147,0.7292,0.3432,0.2669,2,ok
0,670,-1.769851,1.435304,2.950818,0.000219,0.035021,14.685404,0.200476,0.178004,0.168868,-0.009137,C-06,0,0,0,1,1,0,0.011136,-0.146343,0.7083,0.3639,0.2663,2,ok
0,671,-1.789506,1.439350,2.960524,0.000721,0.044727,14.705465,0.200830,0.153814,0.153814,0.000000,,0,0,0,1,1,0,0.009491,-0.142580,0.7708,0.3800,0.2681,2,ok
0,672,-1.813144,1.444196,2.974890,0.000838,0.031774,14.729611,0.201202,0.191843,0.191843,0.000000,,0,0,0,1,1,0,0.008903,-0.136946,0.7917,0.3758,0.2681,2,ok
0,673,-1.832889,1.448128,2.989142,0.001002,0.046026,14.749744,0.201363,0.226072,0.226072,0.000000,,0,0,0,1,1,0,0.009528,-0.131119,0.8125,0.3544,0.2652,2,ok
0,674,-1.856635,1.452355,3.002600,0.001269,0.028269,14.773903,0.200944,0.171052,0.171052,0.000000,,0,0,0,1,1,0,0.009927,-0.127612,0.7917,0.3407,0.2653,2,ok
0,675,-1.876458,1.455686,3.015095,0.001351,0.040764,14.794004,0.201023,0.194618,0.194618,0.000000,,0,0,0,1,1,0,0.009814,-0.121212,0.7917,0.3307,0.2642,2,ok
0,676,-1.900288,1.459368,3.029788,0.001769,0.055457,14.815690,0.200898,0.186762,0.186762,0.000000,,0,0,0,1,1,0,0.009230,-0.116631,0.7708,0.3399,0.2643,2,ok
0,677,-1.924155,1.462652,3.043251,0.001671,0.038131,14.842265,0.200732,0.168788,0.168788,0.000000,,0,0,0,1,1,0,0.009168,-0.112473,0.7708,0.3447,0.2641,2,ok
0,678,-1.944065,1.464936,3.050078,0.002112,0.044958,14.862301,0.200373,0.096860,0.096860,0.000000,,0,0,0,1,1,0,0.010199,-0.104943,0.7083,0.3216,0.2645,2,ok
0,679,-1.967971,1.467377,3.055543,0.002301,0.021004,14.886420,0.200234,0.065659,0.065659,0.000000,,0,0,0,1,1,0,0.010122,-0.099320,0.7083,0.3154,0.2664,2,ok
0,680,-1.987907,1.469342,3.069014,0.002269,0.034475,14.906452,0.200428,0.337094,0.215659,-0.121435,C-06,0,0,0,1,1,0,0.007567,-0.103874,0.7708,0.3690,0.2643,2,ok
0,681,-2.011852,1.471495,3.078501,0.002293,0.017486,14.930547,0.200326,0.110678,0.110678,0.000000,,0,0,0,1,1,0,0.008238,-0.099492,0.7917,0.3499,0.2630,3,ok
0,682,-2.031816,1.473068,3.084944,0.002203,0.023928,14.950573,0.200247,0.093374,0.093374,0.000000,,0,0,0,1,1,0,0.006955,-0.093974,0.8333,0.4100,0.2676,2,ok
0,683,-2.055783,1.474792,3.092754,0.002259,0.031738,14.974601,0.200226,0.095388,0.095388,0.000000,,0,0,0,1,1,0,0.008493,-0.096920,0.8333,0.3719,0.2694,2,ok
0,684,-2.075762,1.476107,3.099696,0.002131,0.015660,14.994661,0.200217,0.101560,0.101560,0.000000,,0,0,0,1,1,0,0.009646,-0.093134,0.7917,0.3417,0.2677,2,ok
0,685,-2.099744,1.477411,3.106060,0.002211,0.022023,15.018678,0.200134,0.075143,0.075143,0.000000,,0,0,0,1,1,0,0.009159,-0.091777,0.7917,0.3487,0.2658,2,ok
0,686,-2.123727,1.478277,3.100674,0.002458,-0.001937,15.042721,0.199959,-0.177904,-0.074857,0.103048,C-06,0,0,0,1,1,0,0.006950,-0.092242,0.7917,0.4056,0.2689,2,ok
0,687,-2.143705,1.478980,3.088963,0.002518,-0.013648,15.062712,0.199854,-0.180585,-0.180585,0.000000,,0,0,0,1,1,0,0.006950,-0.092242,0.7917,0.4056,0.2689,2,ok
0,688,-2.167669,1.480126,3.085634,0.002193,-0.034110,15.086740,0.199936,0.127326,-0.030585,-0.157910,C-06,0,0,0,1,1,0,0.006572,-0.120319,0.7083,0.3681,0.2657,2,ok
0,689,-2.187640,1.481210,3.090685,0.001530,-0.029059,15.106730,0.200036,0.083130,0.083130,0.000000,,0,0,0,1,1,0,0.003126,-0.141990,0.7917,0.3931,0.2659,2,ok
0,690,-2.211613,1.482520,3.097180,0.000725,-0.022565,15.130725,0.200098,0.078657,0.078657,0.000000,,0,0,0,1,1,0,0.003352,-0.142811,0.8125,0.3613,0.2641,2,ok
0,691,-2.231597,1.483611,3.106745,-0.000245,-0.030641,15.150726,0.200172,0.144491,0.144491,0.000000,,0,0,0,1,1,0,0.001025,-0.143279,0.8125,0.3901,0.2620,2,ok
0,692,-2.255586,1.484854,3.115708,-0.001395,-0.021678,15.174719,0.200161,0.105078,0.105078,0.000000,,0,0,0,1,1,0,0.002230,-0.140900,0.8333,0.3506,0.2618,2,ok
0,693,-2.275582,1.485799,3.127700,-0.002405,-0.026902,15.194683,0.200202,0.176541,0.176541,0.000000,,0,0,0,1,1,0,-0.001460,-0.132665,0.7917,0.4074,0.2640,2,ok
0,694,-2.299581,1.486925,-3.136241,-0.003808,-0.007657,15.218668,0.200195,0.231275,0.231275,0.000000,,0,0,0,1,1,0,-0.002713,-0.131902,0.7917,0.4287,0.2649,2,ok
0,695,-2.323579,1.487459,-3.122307,-0.004715,-0.010971,15.242569,0.199987,0.161279,0.161279,0.000000,,0,0,0,1,1,0,-0.002112,-0.127090,0.7708,0.4061,0.2632,2,ok
0,696,-2.343571,1.487729,-3.105367,-0.005596,0.005969,15.262544,0.199894,0.252066,0.252066,0.000000,,0,0,0,1,1,0,-0.002331,-0.122416,0.7500,0.4208,0.2632,2,ok
0,697,-2.367551,1.487286,-3.096082,-0.005887,0.015254,15.286525,0.199856,0.016782,0.102066,0.085283,C-06,0,0,0,1,1,0,-0.002591,-0.114853,0.7500,0.4292,0.2674,2,ok
0,698,-2.387531,1.486408,-3.098608,-0.005907,-0.004922,15.306423,0.200019,-0.063673,-0.047934,0.015738,C-06,0,0,0,1,1,0,-0.005035,-0.111014,0.7083,0.4589,0.2741,2,ok
0,699,-2.411507,1.485379,-3.094792,-0.006026,-0.001107,15.330421,0.199965,0.053672,0.053672,0.000000,,0,0,0,1,1,0,-0.003952,-0.117167,0.7708,0.4397,0.2682,2,ok
0,700,-2.431479,1.484525,-3.081807,-0.006271,-0.005829,15.350304,0.199834,0.208674,0.203672,-0.005002,C-06,0,0,0,1,1,0,-0.006694,-0.117908,0.8333,0.4933,0.2693,2,ok
0,701,-2.455430,1.483429,-3.073571,-0.006738,0.002407,15.374275,0.199784,0.093821,0.093821,0.000000,,0,0,0,1,1,0,-0.004033,-0.116359,0.8125,0.4373,0.2663,2,ok
0,702,-2.475375,1.482432,-3.061907,-0.007041,0.014072,15.394243,0.199625,0.180004,0.180004,0.000000,,0,0,0,1,1,0,-0.002519,-0.113695,0.7917,0.4003,0.2647,2,ok
0,703,-2.499286,1.481123,-3.048551,-0.007750,0.009764,15.418044,0.199515,0.165859,0.165859,0.000000,,0,0,0,1,1,0,-0.004431,-0.107913,0.8125,0.4538,0.2670,2,ok
0,704,-2.523169,1.479413,-3.037036,-0.008060,0.021279,15.441985,0.199512,0.143288,0.143288,0.000000,,0,0,0,1,1,0,-0.003091,-0.110271,0.7708,0.4242,0.2630,2,ok
0,705,-2.543049,1.477797,-3.026900,-0.008366,0.013743,15.461802,0.199427,0.154949,0.154949,0.000000,,0,0,0,1,1,0,-0.005436,-0.104126,0.7708,0.4850,0.2680,2,ok
0,706,-2.566867,1.475707,-3.010102,-0.008665,0.030541,15.485710,0.199120,0.219146,0.219146,0.000000,,0,0,0,1,1,0,-0.002987,-0.102119,0.7083,0.4230,0.2667,2,ok
0,707,-2.586681,1.473555,-2.999784,-0.008635,0.023130,15.505478,0.199294,0.155401,0.155401,0.000000,,0,0,0,1,1,0,-0.002282,-0.104762,0.7292,0.4485,0.2669,2,ok
0,708,-2.610425,1.470524,-2.991393,-0.008442,0.031522,15.529414,0.199477,0.105749,0.105749,0.000000,,0,0,0,1,1,0,-0.003324,-0.093092,0.7500,0.4637,0.2646,2,ok
0,709,-2.630192,1.467769,-2.986090,-0.008051,0.036824,15.549368,0.199582,0.080850,0.080850,0.000000,,0,0,0,1,1,0,-0.003681,-0.086327,0.7917,0.4825,0.2696,2,ok
0,710,-2.653886,1.464374,-2.977577,-0.007878,0.028124,15.573165,0.199399,0.113521,0.113521,0.000000,,0,0,0,1,1,0,-0.002684,-0.088534,0.8333,0.4729,0.2635,2,ok
0,711,-2.673605,1.461448,-2.969862,-0.007657,0.035840,15.593099,0.199331,0.122231,0.122231,0.000000,,0,0,0,1,1,0,-0.001493,-0.087160,0.8125,0.4657,0.2695,2,ok
0,712,-2.697234,1.457726,-2.960814,-0.007422,0.026093,15.616885,0.199319,0.119374,0.119374,0.000000,,0,0,0,1,1,0,-0.000475,-0.087970,0.8125,0.4503,0.2659,2,ok
0,713,-2.720818,1.453853,-2.949376,-0.007207,0.037531,15.640784,0.199091,0.154513,0.154513,0.000000,,0,0,0,1,1,0,-0.002625,-0.094218,0.7917,0.5172,0.2645,2,ok
0,714,-2.740432,1.450425,-2.940187,-0.006913,0.028921,15.660577,0.199104,0.146507,0.146507,0.000000,,0,0,0,1,1,0,-0.001628,-0.096760,0.7917,0.5063,0.2666,2,ok
0,715,-2.763922,1.446033,-2.930058,-0.006570,0.039050,15.684472,0.199136,0.135895,0.135895,0.000000,,0,0,0,1,1,0,-0.002819,-0.096033,0.7917,0.5593,0.2695,2,ok
0,716,-2.783459,1.442165,-2.922138,-0.006072,0.046970,15.704383,0.199162,0.128133,0.128133,0.000000,,0,0,0,1,1,0,-0.003932,-0.095572,0.7292,0.5921,0.2692,2,ok
0,717,-2.806859,1.437307,-2.912808,-0.005736,0.037325,15.728138,0.199146,0.127006,0.127006,0.000000,,0,0,0,1,1,0,-0.006042,-0.096615,0.7083,0.6241,0.2761,2,ok
0,718,-2.826322,1.433061,-2.905713,-0.005322,0.044421,15.748054,0.199204,0.115779,0.115779,0.000000,,0,0,0,1,1,0,-0.003077,-0.095379,0.7500,0.5903,0.2666,2,ok
0,719,-2.849655,1.427466,-2.905474,-0.004494,0.025873,15.771967,0.200011,-0.003726,-0.003726,0.000000,,0,0,0,1,1,0,-0.001885,-0.091486,0.7708,0.5910,0.2706,2,ok
0,720,-2.869084,1.422787,-2.897597,-0.003926,0.033750,15.791943,0.199657,0.143791,0.143791,0.000000,,0,0,0,1,1,0,-0.001998,-0.097165,0.7708,0.6061,0.2693,2,ok
0,721,-2.892332,1.417173,-2.883567,-0.003308,0.027625,15.815774,0.198990,0.198119,0.198119,0.000000,,0,0,0,1,1,0,-0.004805,-0.097696,0.8125,0.7015,0.2661,2,ok
0,722,-2.915499,1.411489,-2.871058,-0.003081,0.040134,15.839627,0.198738,0.173026,0.173026,0.000000,,0,0,0,1,1,0,-0.002227,-0.093577,0.7917,0.6804,0.2679,2,ok
0,723,-2.934744,1.406535,-2.860813,-0.002666,0.050379,15.859495,0.198717,0.172922,0.172922,0.000000,,0,0,0,1,1,0,-0.003985,-0.095418,0.7917,0.7479,0.2769,2,ok
0,724,-2.957791,1.400002,-2.857364,-0.001894,0.034779,15.883397,0.199685,0.040903,0.040903,0.000000,,0,0,0,1,1,0,-0.004349,-0.096629,0.7917,0.7864,0.2700,2,ok
0,725,-2.976993,1.394402,-2.859348,-0.001174,0.032795,15.903386,0.200095,-0.038659,-0.038659,0.000000,,0,0,0,1,1,0,-0.005311,-0.104030,0.7292,0.8691,0.2704,2,ok
0,726,-3.000022,1.387718,-2.852164,-0.000572,0.018882,15.927339,0.199622,0.240846,0.111341,-0.129505,C-06,0,0,0,1,1,0,-0.007056,-0.111520,0.7500,0.8906,0.2700,2,ok
0,727,-3.019154,1.382151,-2.839268,-0.000335,0.031778,15.947264,0.198922,0.229013,0.229013,0.000000,,0,0,0,1,1,0,-0.007778,-0.125924,0.6875,0.8760,0.2833,2,ok
0,728,-3.042022,1.375394,-2.827150,0.000048,0.043896,15.970136,0.198674,0.171057,0.171057,0.000000,,0,0,0,1,1,0,-0.007943,-0.127699,0.7500,0.9244,0.2863,2,ok
0,729,-3.060989,1.369583,-2.809923,0.000189,0.040362,15.990944,0.197905,0.312623,0.312623,0.000000,,0,0,0,1,1,0,-0.002187,-0.125231,0.7917,0.9097,0.2792,2,ok
0,730,-3.083579,1.362517,-2.783847,0.000518,0.066438,16.014610,0.197024,0.387664,0.387664,0.000000,,0,0,0,1,1,0,-0.002465,-0.118355,0.8333,0.9737,0.2728,2,ok
0,731,-3.105986,1.354599,-2.767163,0.001338,0.060697,16.038382,0.198129,0.152102,0.237664,0.085562,C-06,0,0,0,1,1,0,-0.002374,-0.107623,0.7917,1.0404,0.2795,2,ok
0,732,-3.124577,1.347458,-2.761306,0.002401,0.066554,16.058269,0.199250,0.093613,0.093613,0.000000,,0,0,0,1,1,0,-0.004011,-0.101988,0.8333,1.1157,0.2719,2,ok
0,733,-3.146875,1.338560,-2.764632,0.003847,0.040400,16.082308,0.200213,-0.126186,-0.056387,0.069800,C-06,0,0,0,1,1,0,-0.001258,-0.114580,0.7708,1.1415,0.2746,2,ok
0,734,-3.165485,1.331137,-2.768632,0.004741,0.036400,16.102324,0.200482,-0.073169,-0.073169,0.000000,,0,0,0,1,1,0,0.002735,-0.129382,0.7292,1.0818,0.2646,2,ok
0,735,-3.187818,1.322380,-2.764109,0.005672,0.040923,16.126294,0.199715,0.672645,0.076831,-0.595813,C-06,0,0,0,1,1,0,-0.002258,-0.145516,0.7500,1.2288,0.2677,2,ok
0,736,-3.206369,1.315043,-2.752324,0.006060,0.028209,16.146383,0.199118,1.000000,0.226831,-0.773169,C-06,0,0,0,1,1,0,-0.005907,-0.169319,0.6875,1.3103,0.2766,2,ok
0,737,-3.228466,1.306233,-2.728270,0.006525,0.052263,16.170167,0.197408,0.496644,0.376831,-0.119813,C-06,0,0,0,1,1,0,-0.005868,-0.175850,0.7500,1.3433,0.2715,2,ok
0,738,-3.246671,1.298786,-2.700539,0.006873,0.054760,16.190007,0.196140,0.627176,0.526831,-0.100345,C-06,0,0,0,1,1,0,0.006856,-0.170962,0.7917,1.1765,0.2627,2,ok
0,739,-3.268244,1.289068,-2.675959,0.007768,0.079340,16.213651,0.197305,0.300715,0.376831,0.076117,C-06,0,0,0,1,1,0,0.004892,-0.160817,0.8333,1.3155,0.2674,2,ok
0,740,-3.289607,1.278579,-2.661213,0.009456,0.094086,16.234841,0.198410,0.125280,0.226831,0.101551,C-06,0,0,0,1,1,0,0.007857,-0.156151,0.8333,1.3193,0.2667,2,ok
0,741,-3.307321,1.269424,-2.656819,0.010686,0.071077,16.257536,0.199463,0.050123,0.076831,0.026708,C-06,0,0,0,1,1,0,0.014732,-0.156446,0.7917,1.2069,0.2697,2,ok
0,742,-3.328518,1.258353,-2.649855,0.012348,0.078040,16.281392,0.199219,0.113849,0.113849,0.000000,,0,0,0,1,1,0,0.015788,-0.179660,0.7500,1.2388,0.2676,2,ok
0,743,-3.346089,1.248948,-2.636880,0.013569,0.061536,16.301641,0.198834,0.373828,0.263849,-0.109979,C-06,0,0,0,1,1,0,0.018997,-0.204267,0.7292,1.2070,0.2608,2,ok
0,744,-3.366976,1.237594,-2.615874,0.014956,0.082542,16.325374,0.197861,0.350039,0.350039,0.000000,,0,0,0,1,1,0,0.014762,-0.209921,0.7708,1.3454,0.2656,2,ok
0,745,-3.384156,1.227813,-2.591451,0.016393,0.071732,16.345614,0.197245,0.795623,0.500039,-0.295584,C-06,0,0,0,1,1,0,0.016471,-0.213249,0.7500,1.3445,0.2640,2,ok
0,746,-3.404378,1.215542,-2.553766,0.018129,0.109417,16.369205,0.197101,1.000000,0.650039,-0.349961,C-06,0,0,0,1,1,0,0.023416,-0.230560,0.6667,1.2260,0.2555,2,ok
0,747,-3.420829,1.204658,-2.519264,0.020345,0.143919,16.388805,0.197578,0.725174,0.725174,0.000000,,0,0,0,1,1,0,0.025239,-0.208950,0.7500,1.2955,0.2665,2,ok
0,748,-3.440095,1.190667,-2.486494,0.023466,0.135978,16.413166,0.198787,0.403826,0.575174,0.171348,C-06,0,0,0,1,1,0,0.032589,-0.193268,0.7708,1.2121,0.2701,2,ok
0,749,-3.458947,1.175948,-2.462575,0.027172,0.159897,16.436795,0.199530,-0.041359,0.425174,0.466533,C-06,0,0,0,1,1,0,0.037311,-0.178612,0.8125,1.1774,0.2601,2,ok
0,750,-3.474426,1.163319,-2.449553,0.030383,0.126921,16.458119,0.199857,-0.289866,0.275174,0.565040,C-06,0,0,0,1,1,0,0.041812,-0.173983,0.7500,1.1491,0.2659,2,ok
0,751,-3.492846,1.147941,-2.442255,0.033590,0.134219,16.481898,0.199979,-0.193797,0.125174,0.318972,C-06,0,0,0,1,1,0,0.041896,-0.168700,0.7917,1.2033,0.2638,2,ok
0,752,-3.508152,1.135068,-2.442897,0.036335,0.133577,16.501709,0.200004,-0.131229,-0.024826,0.106404,C-06,0,0,0,1,1,0,0.045589,-0.186000,0.7083,1.1524,0.2638,2,ok
0,753,-3.526544,1.119648,-2.444926,0.038613,0.080479,16.527590,0.200010,-0.038612,-0.038612,0.000000,,0,0,0,1,1,0,0.047083,-0.218291,0.7083,1.1378,0.2567,2,ok
0,754,-3.541925,1.106854,-2.451924,0.040181,0.073481,16.547535,0.200094,-0.164294,-0.164294,0.000000,,0,0,0,1,1,0,0.046721,-0.235980,0.7500,1.1473,0.2567,2,ok
0,755,-3.560454,1.091598,-2.453241,0.041540,0.016540,16.573734,0.200009,0.096653,-0.014294,-0.110947,C-06,0,0,0,1,1,0,0.043003,-0.270553,0.6667,1.2104,0.2596,2,ok
0,756,-3.575867,1.078861,-2.447531,0.041962,0.022251,16.593724,0.199944,1.000000,0.135706,-0.864294,C-06,0,0,0,1,1,0,0.042776,-0.308286,0.7292,1.1720,0.2520,2,ok
0,757,-3.594207,1.063383,-2.432631,0.042716,0.037150,16.617711,0.200098,0.581754,0.285706,-0.296048,C-06,0,0,0,1,1,0,0.040034,-0.313923,0.7917,1.1914,0.2519,2,ok
0,758,-3.612359,1.047654,-2.421435,0.042576,-0.007614,16.644198,0.200212,0.200587,0.200587,0.000000,,0,0,0,1,1,0,0.039713,-0.314715,0.7917,1.1801,0.2558,2,ok
0,759,-3.627375,1.034422,-2.416059,0.042478,-0.002238,16.664212,0.200155,0.110642,0.110642,0.000000,,0,0,0,1,1,0,0.037102,-0.315419,0.7708,1.2090,0.2576,2,ok
0,760,-3.645312,1.018446,-2.410352,0.041890,-0.052788,16.690687,0.200181,0.103228,0.103228,0.000000,,0,0,0,1,1,0,0.056051,-0.319838,0.7500,0.5380,0.2165,2,ok
0,761,-3.660182,1.005012,-2.399128,0.040875,-0.041564,16.710702,0.200609,0.738313,0.253228,-0.485086,C-06,0,0,0,1,1,0,0.035830,-0.356797,0.7500,1.0842,0.2523,2,ok
0,762,-3.677784,0.988597,-2.376947,0.040036,-0.019383,16.734754,0.200524,0.591214,0.403228,-0.187986,C-06,0,0,0,1,1,0,0.034973,-0.364005,0.7500,1.0904,0.2525,2,ok
0,763,-3.692153,0.974659,-2.364326,0.038628,-0.062845,16.756965,0.200131,0.187495,0.253228,0.065732,C-06,0,0,0,1,1,0,0.030128,-0.365532,0.7500,1.1291,0.2495,2,ok
0,764,-3.709078,0.957657,-2.341527,0.037340,-0.040045,16.780920,0.199677,0.606336,0.403228,-0.203108,C-06,0,0,0,1,1,0,0.027293,-0.365951,0.7083,1.1421,0.2517,2,ok
0,765,-3.722831,0.943248,-2.315923,0.036204,-0.069673,16.802842,0.198703,0.624864,0.553228,-0.071637,C-06,0,0,0,1,1,0,0.022998,-0.369076,0.7083,1.1277,0.2629,2,ok
0,766,-3.738866,0.925531,-2.289190,0.034737,-0.042940,16.826692,0.199494,0.478948,0.478948,0.000000,,0,0,0,1,1,0,0.022867,-0.362140,0.7500,1.1190,0.2613,2,ok
0,767,-3.754444,0.907293,-2.264476,0.033953,-0.018226,16.849755,0.200166,0.456972,0.456972,0.000000,,0,0,0,1,1,0,0.021950,-0.353372,0.8125,1.1101,0.2600,2,ok
0,768,-3.767136,0.891784,-2.243528,0.032555,-0.051103,16.872472,0.200594,0.462251,0.462251,0.000000,,0,0,0,1,1,0,0.022710,-0.341709,0.8125,1.0453,0.2577,2,ok
0,769,-3.782026,0.872873,-2.224938,0.031445,-0.032514,16.896515,0.200678,0.327440,0.327440,0.000000,,0,0,0,1,1,0,0.022222,-0.337727,0.8125,1.0364,0.2582,2,ok
0,770,-3.794209,0.856901,-2.207948,0.030234,-0.067555,16.918227,0.201007,0.367523,0.367523,0.000000,,0,0,0,1,1,0,0.021226,-0.337451,0.7708,0.9673,0.2575,2,ok
0,771,-3.808514,0.837481,-2.189735,0.028607,-0.049342,16.942292,0.201091,0.318892,0.318892,0.000000,,0,0,0,1,1,0,0.022284,-0.332100,0.7500,0.8617,0.2545,2,ok
0,772,-3.820169,0.821130,-2.179358,0.027567,-0.038966,16.962344,0.200796,0.209967,0.209967,0.000000,,0,0,0,1,1,0,0.018711,-0.325805,0.7083,0.8994,0.2560,2,ok
0,773,-3.833907,0.801318,-2.160964,0.025390,-0.071216,16.987766,0.201438,0.325743,0.325743,0.000000,,0,0,0,1,1,0,0.010997,-0.324065,0.7292,1.0342,0.2623,2,ok
0,774,-3.845201,0.784599,-2.142094,0.023822,-0.052345,17.007880,0.201965,0.392017,0.392017,0.000000,,0,0,0,1,1,0,0.007165,-0.336623,0.6667,0.9835,0.2745,2,ok
0,775,-3.858399,0.764214,-2.110421,0.021764,-0.068678,17.033162,0.203219,0.618425,0.542017,-0.076408,C-06,0,0,0,1,1,0,0.005073,-0.327218,0.7083,1.0090,0.2752,2,ok
0,776,-3.871241,0.743382,-2.068913,0.019731,-0.027170,17.057550,0.204844,0.913119,0.692017,-0.221102,C-06,0,0,0,1,1,0,0.008168,-0.310946,0.7708,0.9082,0.2670,2,ok
0,777,-3.881536,0.725648,-2.033333,0.018388,-0.037374,17.078915,0.205264,0.682208,0.682208,0.000000,,0,0,0,1,1,0,0.010311,-0.291493,0.7917,0.8517,0.2678,2,ok
0,778,-3.893022,0.703987,-1.998620,0.016756,-0.002661,17.103379,0.204348,0.480663,0.532208,0.051545,C-06,0,0,0,1,1,0,0.010916,-0.261807,0.7917,0.8259,0.2659,2,ok
0,779,-3.901890,0.685702,-1.977347,0.016134,0.018612,17.123691,0.203171,0.145707,0.382208,0.236501,C-06,0,0,0,1,1,0,0.011198,-0.232650,0.7708,0.8336,0.2596,2,ok
0,780,-3.911804,0.663581,-1.961364,0.015404,-0.008367,17.148565,0.201925,-0.037035,0.232208,0.269242,C-06,0,0,0,1,1,0,0.011930,-0.220836,0.7708,0.8015,0.2605,2,ok
0,781,-3.919851,0.645020,-1.942930,0.014832,0.010067,17.168787,0.202860,0.340892,0.340892,0.000000,,0,0,0,1,1,0,0.010033,-0.227164,0.7500,0.8581,0.2645,2,ok
0,782,-3.928970,0.622603,-1.929481,0.014365,-0.017504,17.193603,0.201598,0.156421,0.190892,0.034472,C-06,0,0,0,1,1,0,0.011066,-0.222902,0.7292,0.8153,0.2629,2,ok
0,783,-3.936082,0.603863,-1.926494,0.013880,-0.014517,17.213641,0.200335,0.021662,0.040892,0.019230,C-06,0,0,0,1,1,0,0.012360,-0.216546,0.7292,0.7507,0.2641,2,ok
0,784,-3.944443,0.581385,-1.931651,0.013457,-0.019674,17.237620,0.199668,-0.084115,-0.084115,0.000000,,0,0,0,1,1,0,0.009849,-0.228422,0.6875,0.7688,0.2578,2,ok
0,785,-3.952910,0.558917,-1.927815,0.012130,-0.053644,17.262089,0.200239,0.268790,0.065885,-0.202905,C-06,0,0,0,1,1,0,0.004531,-0.253963,0.7292,0.8360,0.2635,2,ok
0,786,-3.959929,0.540142,-1.916416,0.011002,-0.042245,17.282101,0.200783,0.689858,0.215885,-0.473973,C-06,0,0,0,1,1,0,0.005477,-0.261249,0.7708,0.7678,0.2603,2,ok
0,787,-3.968348,0.517468,-1.892075,0.009261,-0.053720,17.306606,0.202251,0.550350,0.365885,-0.184465,C-06,0,0,0,1,1,0,0.005472,-0.265631,0.8125,0.7157,0.2559,2,ok
0,788,-3.975363,0.498405,-1.862862,0.007466,-0.024507,17.326839,0.203884,0.583179,0.515885,-0.067294,C-06,0,0,0,1,1,0,0.004498,-0.251751,0.7500,0.7076,0.2595,2,ok
0,789,-3.983579,0.475302,-1.826302,0.005568,0.012053,17.349168,0.204276,0.505775,0.505775,0.000000,,0,0,0,1,1,0,0.004227,-0.235234,0.7500,0.7049,0.2587,2,ok
0,790,-3.989950,0.455873,-1.793556,0.003761,0.011350,17.371838,0.204435,0.542562,0.542562,0.000000,,0,0,0,1,1,0,0.003993,-0.225758,0.7500,0.7168,0.2649,2,ok
0,791,-3.996447,0.432390,-1.763849,0.002836,0.041058,17.396185,0.202888,0.295792,0.392562,0.096770,C-06,0,0,0,1,1,0,0.005841,-0.206915,0.7292,0.6644,0.2599,2,ok
0,792,-4.000972,0.412731,-1.747921,0.002550,0.023884,17.416441,0.201611,-0.174035,0.242562,0.416597,C-06,0,0,0,1,1,0,0.009188,-0.182599,0.7500,0.5753,0.2601,2,ok
0,793,-4.005521,0.389089,-1.740129,0.002832,0.031675,17.440515,0.200559,-0.070253,0.092562,0.162815,C-06,0,0,0,1,1,0,0.010825,-0.175651,0.6667,0.5274,0.2606,2,ok
0,794,-4.009582,0.365438,-1.743694,0.003362,-0.005624,17.464606,0.199874,-0.140306,-0.057438,0.082867,C-06,0,0,0,1,1,0,0.009173,-0.176941,0.6458,0.5465,0.2619,2,ok
0,795,-4.012945,0.345741,-1.746479,0.003405,-0.008408,17.484588,0.199777,-0.042952,-0.042952,0.000000,,0,0,0,1,1,0,0.000979,-0.193917,0.7292,0.6940,0.2703,2,ok
0,796,-4.017132,0.322098,-1.739399,0.003308,-0.001329,17.508599,0.200236,0.353682,0.107048,-0.246634,C-06,0,0,0,1,1,0,0.004127,-0.202155,0.7708,0.5729,0.2600,2,ok
0,797,-4.020633,0.302358,-1.723881,0.002597,-0.019671,17.528749,0.200710,0.265546,0.257048,-0.008498,C-06,0,0,0,1,1,0,0.004649,-0.210804,0.7500,0.5064,0.2629,2,ok
0,798,-4.024834,0.278588,-1.693349,0.001656,0.010861,17.552869,0.201528,0.404663,0.404663,0.000000,,0,0,0,1,1,0,-0.000805,-0.209026,0.7917,0.6298,0.2640,2,ok
0,799,-4.028058,0.258717,-1.675809,0.000854,-0.006379,17.573034,0.201235,0.203368,0.254663,0.051295,C-06,0,0,0,1,1,0,-0.001144,-0.191262,0.7917,0.6400,0.2631,2,ok
0,800,-4.031560,0.234824,-1.653987,-0.000353,0.015443,17.597152,0.201168,0.274566,0.274566,0.000000,,0,0,0,1,1,0,0.000647,-0.181223,0.7708,0.5894,0.2637,2,ok
0,801,-4.033656,0.214886,-1.644788,-0.000539,0.024642,17.617200,0.200421,0.116058,0.124566,0.008508,C-06,0,0,0,1,1,0,0.002927,-0.171688,0.7083,0.4998,0.2606,2,ok
0,802,-4.035464,0.190952,-1.646119,-0.000748,-0.010938,17.641184,0.199981,-0.330498,-0.025434,0.305065,C-06,0,0,0,1,1,0,-0.000619,-0.169574,0.7083,0.5796,0.2615,2,ok
0,803,-4.037238,0.167032,-1.659322,-0.001021,-0.024142,17.665168,0.199776,-0.374789,-0.175434,0.199356,C-06,0,0,0,1,1,0,-0.001428,-0.178826,0.7292,0.5507,0.2591,2,ok
0,804,-4.038924,0.147113,-1.661822,-0.001828,-0.059091,17.685097,0.199914,0.259231,-0.025434,-0.284665,C-06,0,0,0,1,1,0,-0.002706,-0.204756,0.6250,0.5238,0.2628,2,ok
0,805,-4.041086,0.123204,-1.652798,-0.003323,-0.050067,17.709057,0.200138,0.592038,0.124566,-0.467472,C-06,0,0,0,1,1,0,-0.003361,-0.213089,0.7083,0.5042,0.2552,2,ok
0,806,-4.042894,0.103258,-1.635203,-0.004575,-0.032471,17.728275,0.200389,0.369880,0.274566,-0.095314,C-06,0,0,0,1,1,0,-0.009675,-0.221810,0.7917,0.5787,0.2681,2,ok
0,807,-4.045063,0.079295,-1.616130,-0.006763,-0.042990,17.752880,0.200603,0.230417,0.230417,0.000000,,0,0,0,1,1,0,-0.008960,-0.217575,0.8125,0.5194,0.2533,2,ok
0,808,-4.046870,0.059307,-1.594851,-0.008570,-0.021711,17.772868,0.200742,0.312616,0.312616,0.000000,,0,0,0,1,1,0,-0.013688,-0.208716,0.7708,0.6209,0.2652,2,ok
0,809,-4.048963,0.035309,-1.556884,-0.011059,-0.012117,17.796580,0.200705,0.536072,0.462616,-0.073456,C-06,0,0,0,1,1,0,-0.011658,-0.200195,0.7708,0.5394,0.2551,2,ok
0,810,-4.049794,0.015316,-1.534332,-0.012416,0.010435,17.816544,0.199958,0.243037,0.312616,0.069579,C-06,0,0,0,1,1,0,-0.013451,-0.167261,0.7083,0.6004,0.2668,2,ok
0,811,-4.049570,-0.008661,-1.520363,-0.012966,-0.001671,17.840181,0.199781,0.013127,0.162616,0.149490,C-06,0,0,0,1,1,0,-0.012537,-0.152669,0.7500,0.5749,0.2585,2,ok
0,812,-4.049003,-0.032621,-1.506571,-0.013656,0.012121,17.864139,0.199686,0.169182,0.169182,0.000000,,0,0,0,1,1,0,-0.011023,-0.148888,0.6667,0.5285,0.2632,2,ok
0,813,-4.048132,-0.052574,-1.497987,-0.013833,0.020705,17.884110,0.199709,0.123178,0.123178,0.000000,,0,0,0,1,1,0,-0.013696,-0.146255,0.7500,0.6034,0.2617,2,ok
0,814,-4.046951,-0.076495,-1.480920,-0.014433,0.012901,17.907681,0.199450,0.219479,0.219479,0.000000,,0,0,0,1,1,0,-0.012364,-0.151057,0.6458,0.5453,0.2660,2,ok
0,815,-4.045948,-0.096397,-1.462639,-0.015008,0.031182,17.927600,0.199149,0.281112,0.281112,0.000000,,0,0,0,1,1,0,-0.014667,-0.148149,0.7292,0.6211,0.2651,2,ok
0,816,-4.043847,-0.120241,-1.451495,-0.015034,0.017344,17.951188,0.199485,0.059863,0.131112,0.071249,C-06,0,0,0,1,1,0,-0.017844,-0.130545,0.8125,0.7264,0.2669,2,ok
0,817,-4.041806,-0.140090,-1.444147,-0.015035,0.024693,17.971142,0.199530,0.111021,0.111021,0.000000,,0,0,0,1,1,0,-0.013032,-0.125316,0.7708,0.6113,0.2649,2,ok
0,818,-4.039253,-0.163875,-1.429343,-0.014929,0.039497,17.994111,0.199161,0.194535,0.194535,0.000000,,0,0,0,1,1,0,-0.013977,-0.126942,0.7708,0.6530,0.2606,2,ok
0,819,-4.037111,-0.183646,-1.408230,-0.015273,0.036151,18.014620,0.198562,0.349740,0.344535,-0.005205,C-06,0,0,0,1,1,0,-0.012464,-0.126565,0.7500,0.6308,0.2594,2,ok
0,820,-4.034291,-0.207277,-1.382675,-0.015406,0.061705,18.038419,0.198222,0.337061,0.337061,0.000000,,0,0,0,1,1,0,-0.010727,-0.125469,0.7083,0.6423,0.2674,2,ok
0,821,-4.030400,-0.230819,-1.367898,-0.014861,0.052849,18.061867,0.198870,0.036930,0.187061,0.150131,C-06,0,0,0,1,1,0,-0.008480,-0.114345,0.7083,0.6207,0.2621,2,ok
0,822,-4.026617,-0.250395,-1.361970,-0.014070,0.058777,18.081791,0.199437,0.087607,0.087607,0.000000,,0,0,0,1,1,0,-0.009121,-0.108452,0.7083,0.6736,0.2662,2,ok
0,823,-4.021709,-0.273869,-1.360201,-0.012876,0.035967,18.105434,0.199872,0.019282,0.019282,0.000000,,0,0,0,1,1,0,-0.007833,-0.109357,0.6875,0.6595,0.2647,2,ok
0,824,-4.017556,-0.293432,-1.362892,-0.012188,0.033276,18.125421,0.200048,-0.047177,-0.047177,0.000000,,0,0,0,1,1,0,-0.009036,-0.129726,0.6458,0.7064,0.2653,2,ok
0,825,-4.012605,-0.316916,-1.363049,-0.011396,0.033119,18.149408,0.199998,0.000687,0.000687,0.000000,,0,0,0,1,1,0,-0.009347,-0.137545,0.7083,0.7217,0.2667,2,ok
0,826,-4.008480,-0.336470,-1.354645,-0.011094,0.016577,18.169135,0.199676,0.300023,0.150687,-0.149336,C-06,0,0,0,1,1,0,-0.008679,-0.148673,0.7500,0.7115,0.2649,2,ok
0,827,-4.003530,-0.359882,-1.343139,-0.010832,0.028083,18.193063,0.199182,0.156907,0.156907,0.000000,,0,0,0,1,1,0,-0.009632,-0.151643,0.7500,0.7311,0.2680,2,ok
0,828,-3.999405,-0.379331,-1.327365,-0.010781,0.018594,18.212644,0.198481,0.268892,0.268892,0.000000,,0,0,0,1,1,0,-0.009962,-0.150901,0.7708,0.7962,0.2661,2,ok
0,829,-3.994449,-0.402539,-1.298215,-0.011138,0.047745,18.236372,0.197153,0.416283,0.416283,0.000000,,0,0,0,1,1,0,-0.011014,-0.158100,0.7292,0.8618,0.2654,2,ok
0,830,-3.988720,-0.425582,-1.277556,-0.010703,0.068403,18.259610,0.197922,0.282038,0.282038,0.000000,,0,0,0,1,1,0,-0.006915,-0.148793,0.6875,0.8001,0.2661,2,ok
0,831,-3.983250,-0.444701,-1.268853,-0.010124,0.050887,18.279736,0.198981,-0.235680,0.132038,0.367718,C-06,0,0,0,1,1,0,-0.005429,-0.141949,0.6875,0.8060,0.2651,2,ok
0,832,-3.976152,-0.467614,-1.269314,-0.008893,0.050426,18.303693,0.200004,-0.195404,-0.017962,0.177442,C-06,0,0,0,1,1,0,-0.003820,-0.141482,0.6667,0.8105,0.2646,2,ok
0,833,-3.970210,-0.486729,-1.275475,-0.008155,0.016112,18.323455,0.200334,-0.112009,-0.112009,0.000000,,0,0,0,1,1,0,-0.002508,-0.178239,0.6458,0.8002,0.2569,2,ok
0,834,-3.963226,-0.509692,-1.275360,-0.007729,0.016227,18.347452,0.199968,0.009814,0.009814,0.000000,,0,0,0,1,1,0,-0.002652,-0.190506,0.7083,0.7888,0.2600,2,ok
0,835,-3.957403,-0.528802,-1.266756,-0.007365,0.024832,18.366403,0.199545,0.206400,0.159814,-0.046585,C-06,0,0,0,1,1,0,-0.003666,-0.205545,0.7292,0.7893,0.2562,2,ok
0,836,-3.950414,-0.551628,-1.246015,-0.007601,0.017029,18.391088,0.198349,0.507800,0.309814,-0.197985,C-06,0,0,0,1,1,0,-0.003430,-0.213295,0.7708,0.7794,0.2555,2,ok
0,837,-3.944590,-0.570502,-1.220549,-0.007731,0.042495,18.410840,0.196772,0.470810,0.459814,-0.010996,C-06,0,0,0,1,1,0,-0.001466,-0.210022,0.7500,0.7433,0.2585,2,ok
0,838,-3.936992,-0.592953,-1.199012,-0.007704,0.033015,18.434295,0.197585,0.269743,0.309814,0.040072,C-06,0,0,0,1,1,0,0.000973,-0.198722,0.7500,0.6972,0.2570,2,ok
0,839,-3.928745,-0.615238,-1.182248,-0.007318,0.049780,18.458055,0.198060,0.247412,0.247412,0.000000,,0,0,0,1,1,0,0.001385,-0.199250,0.7292,0.6925,0.2559,2,ok
0,840,-3.921338,-0.633723,-1.176289,-0.006573,0.021756,18.477755,0.199224,-0.068315,0.097412,0.165727,C-06,0,0,0,1,1,0,0.001201,-0.198026,0.7292,0.7002,0.2584,2,ok
0,841,-3.912125,-0.655891,-1.179253,-0.005955,0.018792,18.501753,0.200200,-0.304944,-0.052588,0.252356,C-06,0,0,0,1,1,0,0.001624,-0.200814,0.7083,0.6758,0.2605,2,ok
0,842,-3.904438,-0.674401,-1.186046,-0.005443,0.011999,18.521790,0.200658,-0.129682,-0.129682,0.000000,,0,0,0,1,1,0,-0.000418,-0.219027,0.6875,0.6729,0.2583,2,ok
0,843,-3.895426,-0.696645,-1.185201,-0.005675,-0.023547,18.545593,0.199923,0.591715,0.020318,-0.571397,C-06,0,0,0,1,1,0,-0.002357,-0.242417,0.6458,0.6583,0.2542,2,ok
0,844,-3.887904,-0.715146,-1.176463,-0.006035,-0.014810,18.565561,0.199427,0.266182,0.170318,-0.095864,C-06,0,0,0,1,1,0,-0.005048,-0.251942,0.7083,0.6608,0.2565,2,ok
0,845,-3.878865,-0.737213,-1.156160,-0.006674,-0.033843,18.589122,0.198016,0.457834,0.320318,-0.137516,C-06,0,0,0,1,1,0,-0.005855,-0.259511,0.7500,0.6463,0.2568,2,ok
0,846,-3.871268,-0.755421,-1.131562,-0.007703,-0.009245,18.608824,0.196529,0.594761,0.470318,-0.124443,C-06,0,0,0,1,1,0,-0.004556,-0.259385,0.7083,0.5756,0.2546,2,ok
0,847,-3.861702,-0.776989,-1.101836,-0.008411,0.020481,18.632407,0.196699,0.467437,0.467437,0.000000,,0,0,0,1,1,0,-0.007506,-0.247124,0.7500,0.6408,0.2623,2,ok
0,848,-3.851377,-0.798243,-1.073797,-0.009010,0.007277,18.655687,0.197023,0.448044,0.448044,0.000000,,0,0,0,1,1,0,-0.003672,-0.234194,0.7083,0.5269,0.2608,2,ok
0,849,-3.842276,-0.815705,-1.049081,-0.009155,0.031993,18.675379,0.197001,0.486632,0.486632,0.000000,,0,0,0,1,1,0,0.004129,-0.223100,0.7083,0.2608,0.2446,2,ok
0,850,-3.830590,-0.836383,-1.028093,-0.008770,0.011608,18.698715,0.198075,0.286002,0.336632,0.050630,C-06,0,0,0,1,1,0,-0.006409,-0.206485,0.7083,0.6076,0.2654,2,ok
0,851,-3.820388,-0.853456,-1.018250,-0.008695,0.021451,18.718603,0.198975,-0.111866,0.186632,0.298499,C-06,0,0,0,1,1,0,-0.005677,-0.186443,0.6667,0.5857,0.2652,2,ok
0,852,-3.807821,-0.873862,-1.015161,-0.008284,0.024540,18.742566,0.199765,0.043450,0.043450,0.000000,,0,0,0,1,1,0,-0.006581,-0.181999,0.6458,0.6120,0.2643,2,ok
0,853,-3.797272,-0.890809,-1.006147,-0.008372,-0.005436,18.762202,0.199248,0.604568,0.193450,-0.411118,C-06,0,0,0,1,1,0,-0.010028,-0.193034,0.6458,0.6761,0.2635,2,ok
0,854,-3.784444,-0.910960,-0.986542,-0.008549,0.014169,18.786090,0.198427,0.761891,0.343450,-0.418442,C-06,0,0,0,1,1,0,-0.010141,-0.195328,0.6875,0.6572,0.2622,2,ok
0,855,-3.773503,-0.927517,-0.963290,-0.008358,0.037422,18.803699,0.198106,0.714618,0.493450,-0.221169,C-06,0,0,0,1,1,0,-0.009136,-0.190592,0.7708,0.6479,0.2629,2,ok
0,856,-3.759858,-0.947082,-0.943245,-0.008483,0.019973,18.829479,0.198922,0.303312,0.343450,0.040137,C-06,0,0,0,1,1,0,-0.006642,-0.176116,0.7500,0.6048,0.2632,2,ok
0,857,-3.745757,-0.966346,-0.919987,-0.007986,0.043230,18.853347,0.199052,0.418602,0.418602,0.000000,,0,0,0,1,1,0,-0.005197,-0.170675,0.7292,0.5996,0.2626,2,ok
0,858,-3.733619,-0.982155,-0.903020,-0.007591,0.025361,18.873028,0.199427,0.363859,0.363859,0.000000,,0,0,0,1,1,0,-0.002326,-0.167336,0.7500,0.5539,0.2604,2,ok
0,859,-3.718665,-1.000868,-0.885491,-0.006829,0.042890,18.896971,0.199739,0.317863,0.317863,0.000000,,0,0,0,1,1,0,-0.001691,-0.160522,0.7083,0.5693,0.2618,2,ok
0,860,-3.705959,-1.016299,-0.877426,-0.006061,0.018754,18.916741,0.199925,-0.051815,0.167863,0.219678,C-06,0,0,0,1,1,0,0.000423,-0.154523,0.7083,0.5549,0.2620,2,ok
0,861,-3.690604,-1.034743,-0.875989,-0.005606,0.020192,18.940736,0.199994,-0.265662,0.017863,0.283525,C-06,0,0,0,1,1,0,0.007442,-0.152890,0.6458,0.2856,0.2463,2,ok
0,862,-3.677829,-1.050138,-0.881467,-0.005260,0.014713,18.960738,0.200078,-0.273425,-0.132137,0.141288,C-06,0,0,0,1,1,0,-0.000770,-0.155197,0.6667,0.5809,0.2642,2,ok
0,863,-3.662592,-1.068689,-0.885288,-0.005591,-0.020298,18.984564,0.200051,-0.066617,-0.066617,0.000000,,0,0,0,1,1,0,-0.001764,-0.185982,0.6667,0.5677,0.2625,2,ok
0,864,-3.649916,-1.084153,-0.881994,-0.006039,-0.017004,19.004555,0.199947,0.469182,0.083383,-0.385799,C-06,0,0,0,1,1,0,-0.004942,-0.206001,0.7292,0.5816,0.2620,2,ok
0,865,-3.634569,-1.102593,-0.869945,-0.006624,-0.035666,19.028372,0.199973,0.533165,0.233383,-0.299782,C-06,0,0,0,1,1,0,-0.005270,-0.211447,0.7292,0.5420,0.2618,2,ok
0,866,-3.618912,-1.120813,-0.849545,-0.007234,-0.015266,19.052387,0.200422,0.481932,0.383383,-0.098549,C-06,0,0,0,1,1,0,-0.007537,-0.208663,0.7500,0.5857,0.2621,2,ok
0,867,-3.605601,-1.135803,-0.835735,-0.007418,-0.001456,19.072434,0.200573,0.292964,0.292964,0.000000,,0,0,0,1,1,0,-0.008930,-0.199729,0.7500,0.6060,0.2604,2,ok
0,868,-3.589307,-1.153535,-0.812551,-0.007955,-0.008473,19.096274,0.200714,0.421244,0.421244,0.000000,,0,0,0,1,1,0,-0.007945,-0.194599,0.7500,0.5864,0.2639,2,ok
0,869,-3.575454,-1.167999,-0.799073,-0.008018,0.005005,19.116302,0.200230,0.197527,0.271244,0.073717,C-06,0,0,0,1,1,0,-0.009209,-0.186421,0.7292,0.6438,0.2632,2,ok
0,870,-3.558648,-1.185145,-0.791504,-0.008192,-0.016191,19.140078,0.200045,-0.020685,0.121244,0.141929,C-06,0,0,0,1,1,0,-0.008700,-0.184854,0.7500,0.6487,0.2639,2,ok
0,871,-3.544536,-1.199320,-0.783202,-0.008448,-0.007888,19.160078,0.199983,0.176088,0.176088,0.000000,,0,0,0,1,1,0,-0.008700,-0.184854,0.7500,0.6487,0.2639,2,ok
0,872,-3.527415,-1.216102,-0.764949,-0.008461,0.010364,19.180827,0.199621,0.580711,0.326088,-0.254624,C-06,0,0,0,1,1,0,-0.009968,-0.190514,0.6875,0.6649,0.2656,2,ok
0,873,-3.512943,-1.229798,-0.743061,-0.008822,0.003194,19.203717,0.198821,0.594183,0.476088,-0.118095,C-06,0,0,0,1,1,0,-0.008456,-0.191337,0.7292,0.6297,0.2614,2,ok
0,874,-3.495186,-1.245796,-0.716164,-0.008556,0.030092,19.227617,0.199551,0.488660,0.488660,0.000000,,0,0,0,1,1,0,-0.005695,-0.180967,0.7292,0.5961,0.2651,2,ok
0,875,-3.476949,-1.261381,-0.697409,-0.008114,0.020063,19.251380,0.200070,0.231035,0.338660,0.107625,C-06,0,0,0,1,1,0,-0.004545,-0.167216,0.7708,0.6061,0.2617,2,ok
0,876,-3.461559,-1.274168,-0.688428,-0.007620,0.029044,19.271382,0.200118,0.086959,0.188660,0.101701,C-06,0,0,0,1,1,0,-0.003387,-0.157670,0.7500,0.6026,0.2632,2,ok
0,877,-3.442983,-1.289378,-0.682955,-0.007060,0.005336,19.295186,0.200085,0.096952,0.096952,0.000000,,0,0,0,1,1,0,-0.001938,-0.155518,0.7292,0.5850,0.2627,2,ok
0,878,-3.427404,-1.301958,-0.672192,-0.006842,0.016098,19.315209,0.200328,0.442685,0.246952,-0.195733,C-06,0,0,0,1,1,0,-0.002117,-0.172141,0.7292,0.5967,0.2609,2,ok
0,879,-3.408473,-1.316827,-0.650813,-0.006254,0.037478,19.339274,0.200873,0.437015,0.396952,-0.040063,C-06,0,0,0,1,1,0,-0.003643,-0.173522,0.7500,0.6482,0.2604,2,ok
0,880,-3.392487,-1.328951,-0.638860,-0.005964,0.021127,19.359148,0.200662,-0.128329,0.246952,0.375281,C-06,0,0,0,1,1,0,-0.003284,-0.164874,0.7083,0.6554,0.2615,2,ok
0,881,-3.373175,-1.343261,-0.632901,-0.005431,0.027086,19.383178,0.200282,-0.308347,0.096952,0.405299,C-06,0,0,0,1,1,0,0.007654,-0.160261,0.6458,0.2985,0.2451,2,ok
0,882,-3.357057,-1.355091,-0.634826,-0.005142,-0.004229,19.403009,0.199849,-0.282099,-0.053048,0.229052,C-06,0,0,0,1,1,0,-0.003983,-0.171881,0.6458,0.7061,0.2662,2,ok
0,883,-3.337746,-1.369323,-0.636691,-0.005291,-0.006093,19.426997,0.199912,-0.031883,-0.031883,0.000000,,0,0,0,1,1,0,-0.004723,-0.182758,0.6667,0.6919,0.2660,2,ok
0,884,-3.318409,-1.383584,-0.630530,-0.005447,0.000068,19.448680,0.200355,0.393562,0.118117,-0.275445,C-06,0,0,0,1,1,0,-0.004459,-0.192492,0.7292,0.6558,0.2638,2,ok
0,885,-3.302187,-1.395371,-0.618433,-0.006016,-0.017726,19.470927,0.200923,0.679802,0.268117,-0.411684,C-06,0,0,0,1,1,0,-0.008509,-0.201982,0.7500,0.7555,0.2616,2,ok
0,886,-3.282474,-1.409275,-0.594809,-0.006289,0.005899,19.495048,0.201782,0.592067,0.418117,-0.173949,C-06,0,0,0,1,1,0,-0.009801,-0.203525,0.7292,0.7843,0.2650,2,ok
0,887,-3.265782,-1.420682,-0.571264,-0.006624,0.000325,19.515061,0.202455,0.489026,0.489026,0.000000,,0,0,0,1,1,0,-0.006111,-0.198067,0.6875,0.7163,0.2620,2,ok
0,888,-3.245426,-1.433928,-0.545184,-0.006767,0.026405,19.539346,0.202518,0.436096,0.436096,0.000000,,0,0,0,1,1,0,0.006186,-0.190523,0.6458,0.3412,0.2373,2,ok
0,889,-3.228224,-1.444592,-0.525250,-0.006443,0.046339,19.556305,0.202474,0.393738,0.393738,0.000000,,0,0,0,1,1,0,-0.007886,-0.171559,0.6875,0.8443,0.2655,2,ok
0,890,-3.207365,-1.456854,-0.509818,-0.006314,0.031692,19.583582,0.201611,0.241764,0.243738,0.001974,C-06,0,0,0,1,1,0,-0.007261,-0.151996,0.6250,0.8725,0.2716,2,ok
0,891,-3.189880,-1.466707,-0.504473,-0.005760,0.037037,19.603644,0.200626,-0.108188,0.093738,0.201926,C-06,0,0,0,1,1,0,-0.004782,-0.167474,0.6042,0.8414,0.2647,2,ok
0,892,-3.168883,-1.478319,-0.507307,-0.005378,0.003518,19.627488,0.199784,-0.323719,-0.056262,0.267456,C-06,0,0,0,1,1,0,0.025191,-0.200738,0.5625,0.3938,0.2026,2,ok
0,893,-3.147952,-1.489964,-0.515677,-0.005220,-0.004853,19.651438,0.199265,-0.142057,-0.142057,0.000000,,0,0,0,1,1,0,0.022587,-0.213289,0.5833,0.3860,0.2065,2,ok
0,894,-3.130557,-1.499822,-0.515885,-0.005522,-0.035767,19.671240,0.200023,0.204804,0.007943,-0.196861,C-06,0,0,0,1,1,0,0.015785,-0.234366,0.6042,0.4145,0.2132,2,ok
0,895,-3.109631,-1.511661,-0.506854,-0.006395,-0.026735,19.695267,0.200729,0.622423,0.157943,-0.464480,C-06,0,0,0,1,1,0,0.011832,-0.236529,0.6250,0.4150,0.2181,2,ok
0,896,-3.092077,-1.521422,-0.491704,-0.006976,-0.011586,19.715344,0.201407,0.520211,0.307943,-0.212268,C-06,0,0,0,1,1,0,-0.006797,-0.245384,0.7292,0.8075,0.2529,2,ok
0,897,-3.070799,-1.533097,-0.469646,-0.008175,-0.021779,19.739380,0.202652,0.356347,0.356347,0.000000,,0,0,0,1,1,0,-0.004072,-0.262985,0.7292,0.7441,0.2500,2,ok
0,898,-3.052875,-1.542614,-0.449144,-0.008958,-0.001277,19.759659,0.203047,0.391171,0.391171,0.000000,,0,0,0,1,1,0,-0.003376,-0.262296,0.7292,0.7223,0.2515,2,ok
0,899,-3.031122,-1.553649,-0.422827,-0.009841,-0.007871,19.783737,0.203342,0.410088,0.410088,0.000000,,0,0,0,1,1,0,-0.002234,-0.254259,0.7500,0.6783,0.2541,2,ok
0,900,-3.012795,-1.562464,-0.400672,-0.010468,0.014284,19.804064,0.203407,0.407034,0.407034,0.000000,,0,0,0,1,1,0,-0.002425,-0.247170,0.7083,0.6713,0.2534,2,ok
0,901,-2.990578,-1.572546,-0.374638,-0.010676,0.040318,19.825780,0.203344,0.391843,0.391843,0.000000,,0,0,0,1,1,0,-0.001147,-0.239682,0.6875,0.6308,0.2574,2,ok
0,902,-2.968095,-1.582232,-0.338795,-0.011439,0.043331,19.852525,0.204782,0.654338,0.541843,-0.112495,C-06,0,0,0,1,1,0,0.002377,-0.236177,0.7292,0.5387,0.2549,2,ok
0,903,-2.949132,-1.589970,-0.307464,-0.011601,0.074663,19.873005,0.204806,0.544956,0.544956,0.000000,,0,0,0,1,1,0,0.001975,-0.219261,0.7292,0.5622,0.2625,2,ok
0,904,-2.926156,-1.598228,-0.278980,-0.011272,0.066264,19.897078,0.203333,0.325988,0.394956,0.068968,C-06,0,0,0,1,1,0,0.001810,-0.208890,0.7292,0.5733,0.2625,2,ok
0,905,-2.906887,-1.604316,-0.263755,-0.010388,0.081489,19.917267,0.201966,0.161911,0.244956,0.083045,C-06,0,0,0,1,1,0,0.005161,-0.172412,0.7500,0.5092,0.2624,2,ok
0,906,-2.883692,-1.610844,-0.256290,-0.008897,0.048885,19.940986,0.200725,-0.059328,0.094956,0.154284,C-06,0,0,0,1,1,0,0.005398,-0.166122,0.7292,0.5046,0.2640,2,ok
0,907,-2.864331,-1.616150,-0.250304,-0.007956,0.054871,19.961039,0.200757,0.099997,0.099997,0.000000,,0,0,0,1,1,0,0.005098,-0.162860,0.7292,0.4934,0.2634,2,ok
0,908,-2.841031,-1.622395,-0.233020,-0.006689,0.072155,19.985127,0.201387,0.403438,0.249997,-0.153441,C-06,0,0,0,1,1,0,0.012337,-0.174836,0.7083,0.2310,0.2475,2,ok
0,909,-2.821551,-1.627346,-0.224471,-0.006010,0.039926,0.012769,0.200944,0.130229,0.130229,0.000000,,0,0,0,1,1,0,0.007049,-0.174771,0.7083,0.3648,0.2573,2,ok
0,910,-2.798154,-1.632732,-0.225359,-0.005078,0.039038,0.036760,0.200004,-0.184979,-0.019771,0.165208,C-06,0,0,0,1,1,0,0.011024,-0.172552,0.6458,0.2009,0.2503,2,ok
0,911,-2.774791,-1.638096,-0.237144,-0.004496,-0.015468,0.060505,0.199500,-0.246480,-0.169771,0.076710,C-06,0,0,0,1,1,0,0.006112,-0.184287,0.6250,0.3086,0.2601,2,ok
0,912,-2.755357,-1.642745,-0.238984,-0.004850,-0.017308,0.080485,0.199859,0.453766,-0.019771,-0.473537,C-06,0,0,0,1,1,0,0.008890,-0.208748,0.6458,0.1750,0.2477,2,ok
0,913,-2.732017,-1.648424,-0.230225,-0.005368,-0.008549,0.104501,0.200380,0.560344,0.130229,-0.430115,C-06,0,0,0,1,1,0,-0.001660,-0.218274,0.6875,0.3706,0.2599,2,ok
0,914,-2.712511,-1.653160,-0.214272,-0.006441,-0.035135,0.124315,0.201045,0.272885,0.272885,0.000000,,0,0,0,1,1,0,-0.002117,-0.224336,0.7500,0.3108,0.2592,2,ok
0,915,-2.689023,-1.658787,-0.200089,-0.007878,-0.020953,0.148424,0.201292,0.185799,0.185799,0.000000,,0,0,0,1,1,0,-0.004897,-0.212910,0.7083,0.2993,0.2662,2,ok
0,916,-2.669386,-1.663332,-0.180014,-0.009107,-0.039660,0.168198,0.201904,0.436733,0.335799,-0.100934,C-06,0,0,0,1,1,0,-0.004058,-0.206813,0.7292,0.2234,0.2624,2,ok
0,917,-2.645707,-1.668784,-0.145666,-0.011293,-0.005312,0.192398,0.202981,0.458770,0.458770,0.000000,,0,0,0,1,1,0,-0.006331,-0.200799,0.7292,0.2335,0.2595,2,ok
0,918,-2.625889,-1.672636,-0.124824,-0.012419,0.015530,0.212556,0.201726,0.187978,0.308770,0.120792,C-06,0,0,0,1,1,0,-0.005536,-0.167470,0.7083,0.1825,0.2597,2,ok
0,919,-2.602056,-1.676204,-0.111631,-0.013347,-0.005256,0.236203,0.200747,0.054539,0.158770,0.104231,C-06,0,0,0,1,1,0,-0.007662,-0.151139,0.6875,0.2290,0.2650,2,ok
0,920,-2.578189,-1.679451,-0.098927,-0.014154,0.007449,0.260276,0.200695,0.160538,0.160538,0.000000,,0,0,0,1,1,0,-0.007560,-0.144389,0.6667,0.1955,0.2635,2,ok
0,921,-2.558270,-1.682020,-0.079213,-0.014924,-0.003407,0.279901,0.201003,0.461619,0.310538,-0.151082,C-06,0,0,0,1,1,0,-0.004844,-0.146320,0.6458,0.1180,0.2604,2,ok
0,922,-2.534318,-1.685103,-0.044878,-0.016296,0.030928,0.304012,0.201429,0.428828,0.428828,0.000000,,0,0,0,1,1,0,-0.008147,-0.134316,0.6458,0.1606,0.2658,2,ok
0,923,-2.514330,-1.686980,-0.024812,-0.016746,0.050994,0.324082,0.200629,0.073344,0.278828,0.205485,C-06,0,0,0,1,1,0,-0.008489,-0.095216,0.6875,0.1926,0.2669,2,ok
0,924,-2.490335,-1.688122,-0.013140,-0.016708,0.036194,0.347705,0.200146,-0.213517,0.128828,0.342346,C-06,0,0,0,1,1,0,-0.007480,-0.077452,0.7500,0.1757,0.2686,2,ok
0,925,-2.470336,-1.688412,-0.013874,-0.016054,0.035460,0.367694,0.199997,-0.118829,-0.021172,0.097657,C-06,0,0,0,1,1,0,-0.006477,-0.068435,0.7292,0.1363,0.2719,2,ok
0,926,-2.446338,-1.688717,-0.004541,-0.015537,0.021764,0.391305,0.200014,0.121160,0.121160,0.000000,,0,0,0,1,1,0,-0.007747,-0.065592,0.7083,0.1758,0.2715,2,ok
0,927,-2.426338,-1.688972,0.011114,-0.015336,0.037419,0.411305,0.200006,0.229850,0.229850,0.000000,,0,0,0,1,1,0,-0.005399,-0.066288,0.7500,0.0865,0.2671,2,ok
0,928,-2.402342,-1.689247,0.024102,-0.015134,0.030382,0.435015,0.199950,0.150035,0.150035,0.000000,,0,0,0,1,1,0,-0.003020,-0.054996,0.7083,0.0508,0.2625,2,ok
0,929,-2.378352,-1.689194,0.035197,-0.014989,0.041477,0.459004,0.199886,0.132059,0.132059,0.000000,,0,0,0,1,1,0,-0.004694,-0.047423,0.7083,0.1116,0.2660,2,ok
0,930,-2.358367,-1.688739,0.040319,-0.014458,0.046599,0.478988,0.199907,0.069152,0.069152,0.000000,,0,0,0,1,1,0,-0.002456,-0.039279,0.6458,0.0504,0.2660,2,ok
0,931,-2.334390,-1.688073,0.046920,-0.014029,0.035605,0.502722,0.199875,0.080609,0.080609,0.000000,,0,0,0,1,1,0,-0.000914,-0.033961,0.6458,0.0194,0.2677,2,ok
0,932,-2.314413,-1.687245,0.049198,-0.013469,0.037883,0.522709,0.199945,0.029651,0.029651,0.000000,,0,0,0,1,1,0,-0.002469,-0.025927,0.6667,0.0444,0.2668,2,ok
0,933,-2.290440,-1.686114,0.045845,-0.012829,0.019399,0.546497,0.200012,-0.044110,-0.044110,0.000000,,0,0,0,1,1,0,-0.002016,-0.027324,0.7083,0.0368,0.2679,2,ok
0,934,-2.270462,-1.685199,0.048928,-0.012493,0.022482,0.566493,0.199971,0.053480,0.053480,0.000000,,0,0,0,1,1,0,-0.000961,-0.030946,0.7292,-0.0027,0.2663,2,ok
0,935,-2.246493,-1.684105,0.051638,-0.012093,0.025191,0.587626,0.199943,0.031534,0.031534,0.000000,,0,0,0,1,1,0,-0.001787,-0.030150,0.7708,-0.0049,0.2689,2,ok
0,936,-2.226521,-1.683193,0.054755,-0.012029,0.015769,0.610333,0.199910,0.046870,0.046870,0.000000,,0,0,0,1,1,0,-0.001830,-0.029709,0.7292,-0.0135,0.2685,2,ok
0,937,-2.202560,-1.682094,0.059903,-0.011906,0.020918,0.634319,0.199864,0.063997,0.063997,0.000000,,0,0,0,1,1,0,-0.001647,-0.025709,0.6875,-0.0339,0.2689,2,ok
0,938,-2.178602,-1.680678,0.058144,-0.011699,0.008432,0.658174,0.200018,-0.027053,-0.027053,0.000000,,0,0,0,1,1,0,-0.001230,-0.022001,0.7292,-0.0699,0.2668,2,ok
0,939,-2.158635,-1.679484,0.055450,-0.011562,0.005738,0.678177,0.200048,-0.040630,-0.040630,0.000000,,0,0,0,1,1,0,-0.001230,-0.022001,0.7292,-0.0699,0.2668,2,ok
0,940,-2.134677,-1.678153,0.063713,-0.011571,0.005558,0.702103,0.199905,0.123815,0.109370,-0.014445,C-06,0,0,0,1,1,0,-0.001169,-0.025235,0.6875,-0.1105,0.2680,2,ok
0,941,-2.114722,-1.677047,0.070107,-0.011641,0.011952,0.722088,0.199820,0.093356,0.093356,0.000000,,0,0,0,1,1,0,-0.000327,-0.016708,0.7292,-0.1447,0.2668,2,ok
0,942,-2.090778,-1.675378,0.066371,-0.011424,0.000922,0.745995,0.200055,-0.069671,-0.056644,0.013028,C-06,0,0,0,1,1,0,-0.000942,-0.008196,0.7708,-0.1310,0.2690,2,ok
0,943,-2.070824,-1.674051,0.069907,-0.011437,0.004457,0.765993,0.199951,0.062674,0.062674,0.000000,,0,0,0,1,1,0,-0.001679,-0.004327,0.7917,-0.1296,0.2705,2,ok
0,944,-2.046889,-1.672466,0.076612,-0.011461,0.011163,0.789981,0.199855,0.084165,0.084165,0.000000,,0,0,0,1,1,0,-0.000897,-0.003821,0.7917,-0.1688,0.2692,2,ok
0,945,-2.026947,-1.670944,0.076451,-0.011352,0.006011,0.809933,0.200009,-0.010029,-0.010029,0.000000,,0,0,0,1,1,0,0.000388,0.007962,0.7708,-0.2089,0.2691,2,ok
0,946,-2.003018,-1.669096,0.077124,-0.011211,0.006684,0.833933,0.200000,0.009659,0.009659,0.000000,,0,0,0,1,1,0,0.000411,0.010707,0.7292,-0.2245,0.2680,2,ok
0,947,-1.979081,-1.667249,0.066674,-0.011163,-0.007591,0.857874,0.200142,-0.234205,-0.140341,0.093864,C-06,0,0,0,1,1,0,0.000987,0.009086,0.7292,-0.2461,0.2689,2,ok
0,948,-1.959115,-1.665709,0.047922,-0.011168,-0.026344,0.877899,0.200352,-0.298331,-0.290341,0.007990,C-06,0,0,0,1,1,0,0.000501,0.005644,0.7083,-0.2642,0.2671,2,ok
0,949,-1.935135,-1.664030,0.035481,-0.011349,-0.041028,0.901930,0.200289,0.043094,-0.140341,-0.183435,C-06,0,0,0,1,1,0,-0.001091,-0.007072,0.7083,-0.2721,0.2634,2,ok
0,950,-1.915148,-1.663291,0.035416,-0.012167,-0.041093,0.921914,0.199997,0.146434,0.009659,-0.136775,C-06,0,0,0,1,1,0,-0.003348,-0.022669,0.7083,-0.2975,0.2590,2,ok
0,951,-1.891168,-1.662453,0.047772,-0.013197,-0.028737,0.943273,0.199899,0.168910,0.159659,-0.009250,C-06,0,0,0,1,1,0,-0.006335,-0.022978,0.7708,-0.2721,0.2620,2,ok
0,952,-1.871194,-1.661725,0.053051,-0.014027,-0.023744,0.965855,0.199870,0.070893,0.070893,0.000000,,0,0,0,1,1,0,-0.007187,-0.009092,0.7917,-0.2601,0.2623,2,ok
0,953,-1.847231,-1.660662,0.057565,-0.014835,-0.019230,0.989828,0.199888,0.054184,0.054184,0.000000,,0,0,0,1,1,0,-0.007661,-0.003365,0.7708,-0.2484,0.2617,2,ok
0,954,-1.827267,-1.659722,0.063262,-0.015459,-0.012666,1.009799,0.199825,0.086426,0.086426,0.000000,,0,0,0,1,1,0,-0.011662,0.017198,0.7708,-0.1594,0.2639,2,ok
0,955,-1.803319,-1.658403,0.067600,-0.016017,-0.008329,1.033778,0.199875,0.050959,0.050959,0.000000,,0,0,0,1,1,0,-0.012703,0.034014,0.7292,-0.1327,0.2657,2,ok
0,956,-1.779368,-1.656796,0.060475,-0.016204,-0.012470,1.057873,0.200088,-0.110790,-0.099041,0.011749,C-06,0,0,0,1,1,0,-0.012462,0.042676,0.7292,-0.1259,0.2652,2,ok
0,957,-1.759398,-1.655443,0.046867,-0.016303,-0.026078,1.077889,0.200231,-0.209703,-0.209703,0.000000,,0,0,0,1,1,0,-0.014305,0.049419,0.7083,-0.0912,0.2656,2,ok
0,958,-1.735421,-1.654090,0.041314,-0.016696,-0.027831,1.101896,0.200115,0.022431,-0.059703,-0.082134,C-06,0,0,0,1,1,0,-0.015316,0.042607,0.7083,-0.0757,0.2661,2,ok
0,959,-1.715438,-1.653237,0.041336,-0.017300,-0.027808,1.121888,0.200004,0.004852,0.004852,0.000000,,0,0,0,1,1,0,-0.016918,0.036493,0.7083,-0.0483,0.2697,2,ok
0,960,-1.691457,-1.652232,0.037458,-0.018008,-0.025852,1.146058,0.200033,-0.049826,-0.049826,0.000000,,0,0,0,1,1,0,-0.017438,0.039545,0.7708,-0.0206,0.2680,2,ok
0,961,-1.671471,-1.651482,0.037990,-0.018516,-0.025321,1.166052,0.199995,0.012154,0.012154,0.000000,,0,0,0,1,1,0,-0.015959,0.036429,0.7917,-0.0438,0.2663,2,ok
0,962,-1.647491,-1.650589,0.043976,-0.019132,-0.019334,1.190041,0.199948,0.077130,0.077130,0.000000,,0,0,0,1,1,0,-0.015713,0.033962,0.7917,-0.0368,0.2665,2,ok
0,963,-1.627513,-1.649845,0.049691,-0.019573,-0.006947,1.210103,0.199895,0.083795,0.083795,0.000000,,0,0,0,1,1,0,-0.012976,0.038010,0.7708,-0.0514,0.2670,2,ok
0,964,-1.603544,-1.648723,0.051408,-0.019867,-0.005230,1.234097,0.199966,0.017002,0.017002,0.000000,,0,0,0,1,1,0,-0.012001,0.047671,0.7292,-0.0446,0.2668,2,ok
0,965,-1.579570,-1.647533,0.041372,-0.019920,-0.005232,1.258296,0.200072,-0.226937,-0.132998,0.093939,C-06,0,0,0,1,1,0,-0.011133,0.048306,0.7500,-0.0338,0.2665,2,ok
0,966,-1.559581,-1.646539,0.022814,-0.019909,-0.023790,1.278309,0.200190,-0.405219,-0.282998,0.122221,C-06,0,0,0,1,1,0,-0.010510,0.043210,0.7083,-0.0456,0.2667,2,ok
0,967,-1.535584,-1.645477,0.010777,-0.019901,-0.025711,1.302527,0.200141,-0.005788,-0.132998,-0.127210,C-06,0,0,0,1,1,0,-0.011240,0.030676,0.6875,-0.0377,0.2666,2,ok
0,968,-1.515586,-1.645238,0.011327,-0.020446,-0.025161,1.322520,0.199998,0.102244,0.017002,-0.085242,C-06,0,0,0,1,1,0,-0.012356,0.010857,0.7292,-0.0358,0.2669,2,ok
0,969,-1.491587,-1.644992,0.013900,-0.020998,-0.010789,1.346857,0.199992,0.031264,0.031264,0.000000,,0,0,0,1,1,0,-0.011686,0.008595,0.8125,-0.0539,0.2666,2,ok
0,970,-1.471590,-1.644786,0.016152,-0.021247,-0.008537,1.366854,0.199985,0.032182,0.032182,0.000000,,0,0,0,1,1,0,-0.011604,0.009797,0.7708,-0.0404,0.2668,2,ok
0,971,-1.447594,-1.644540,0.023897,-0.021499,0.009036,1.391072,0.199955,0.097092,0.097092,0.000000,,0,0,0,1,1,0,-0.011639,0.014160,0.7500,-0.0279,0.2671,2,ok
0,972,-1.427602,-1.644334,0.030895,-0.021540,0.016035,1.411066,0.199917,0.100940,0.100940,0.000000,,0,0,0,1,1,0,-0.009633,0.019306,0.7708,-0.0453,0.2669,2,ok
0,973,-1.403614,-1.643644,0.032093,-0.021146,0.017232,1.435035,0.199989,0.008200,0.008200,0.000000,,0,0,0,1,1,0,-0.008455,0.028364,0.7500,-0.0497,0.2669,2,ok
0,974,-1.379623,-1.642913,0.021312,-0.020413,0.014298,1.459312,0.200045,-0.224943,-0.141800,0.083143,C-06,0,0,0,1,1,0,-0.007633,0.029475,0.7500,-0.0531,0.2670,2,ok
0,975,-1.359625,-1.642304,0.001709,-0.019804,-0.005305,1.479311,0.200092,-0.291127,-0.291127,0.000000,,0,0,0,1,1,0,-0.007827,0.022915,0.6875,-0.0490,0.2670,2,ok
0,976,-1.335625,-1.641706,-0.010905,-0.019206,-0.013374,1.503310,0.200027,0.152885,-0.141127,-0.294012,C-06,0,0,0,1,1,0,-0.008594,0.008961,0.6667,-0.0537,0.2649,2,ok
0,977,-1.315627,-1.641896,-0.011026,-0.019396,-0.013495,1.523309,0.200001,0.139718,0.008873,-0.130845,C-06,0,0,0,1,1,0,-0.011079,-0.011058,0.7292,-0.0391,0.2665,2,ok
0,978,-1.291627,-1.642173,0.001357,-0.019673,0.001357,1.547308,0.200013,0.170587,0.158873,-0.011714,C-06,0,0,0,1,1,0,-0.011618,-0.014430,0.7917,-0.0339,0.2672,2,ok
0,979,-1.271627,-1.642307,0.005238,-0.019807,0.005238,1.567308,0.200000,0.047036,0.047036,0.000000,,0,0,0,1,1,0,-0.011116,-0.004860,0.7708,-0.0290,0.2675,2,ok
0,980,-1.247628,-1.642393,0.009770,-0.019893,0.009770,1.591308,0.199991,0.054089,0.054089,0.000000,,0,0,0,1,1,0,-0.010889,0.002214,0.7500,-0.0122,0.2681,2,ok
0,981,-1.227629,-1.642289,0.011626,-0.019789,0.011626,1.611306,0.199991,0.024001,0.024001,0.000000,,0,0,0,1,1,0,-0.008900,0.006327,0.7708,-0.0543,0.2669,2,ok
0,982,-1.203631,-1.642088,0.013265,-0.019588,0.013265,1.634535,0.199991,0.019216,0.019216,0.000000,,0,0,0,1,1,0,-0.009418,0.006770,0.7292,-0.0343,0.2675,2,ok
0,983,-1.179632,-1.641833,0.008394,-0.019333,0.008394,1.659303,0.200004,-0.063150,-0.063150,0.000000,,0,0,0,1,1,0,-0.008634,0.009590,0.7500,-0.0462,0.2675,2,ok
0,984,-1.159633,-1.641620,0.006029,-0.019120,0.006029,1.679303,0.200008,-0.031671,-0.031671,0.000000,,0,0,0,1,1,0,-0.008532,0.008784,0.7083,-0.0485,0.2661,2,ok
0,985,-1.135634,-1.641442,0.013829,-0.018942,0.013829,1.703301,0.199987,0.101941,0.101941,0.000000,,0,0,0,1,1,0,-0.009164,0.001813,0.6667,-0.0382,0.2686,2,ok
0,986,-1.115636,-1.641165,0.013791,-0.018665,0.013791,1.723299,0.200001,-0.006013,-0.006013,0.000000,,0,0,0,1,1,0,-0.008189,0.009399,0.7292,-0.0330,0.2661,2,ok
0,987,-1.091637,-1.640825,0.006882,-0.018325,0.006882,1.747298,0.200015,-0.088007,-0.088007,0.000000,,0,0,0,1,1,0,-0.007763,0.012027,0.8125,-0.0401,0.2656,2,ok
0,988,-1.071638,-1.640685,0.008938,-0.018185,0.008938,1.767297,0.199996,0.039937,0.039937,0.000000,,0,0,0,1,1,0,-0.007858,0.006175,0.7708,-0.0402,0.2670,2,ok
0,989,-1.047640,-1.640531,0.014133,-0.018031,0.014133,1.791296,0.199985,0.062983,0.062983,0.000000,,0,0,0,1,1,0,-0.008339,0.006328,0.7500,-0.0251,0.2674,2,ok
0,990,-1.027642,-1.640387,0.017088,-0.017887,0.017088,1.811293,0.199978,0.040615,0.040615,0.000000,,0,0,0,1,1,0,-0.006450,0.010327,0.7708,-0.0521,0.2668,2,ok
0,991,-1.003645,-1.640021,0.014887,-0.017521,0.014887,1.834835,0.200002,-0.030521,-0.030521,0.000000,,0,0,0,1,1,0,-0.006122,0.013361,0.7500,-0.0473,0.2665,2,ok
0,992,-0.979646,-1.639645,0.000592,-0.017145,0.000592,1.859289,0.200024,-0.238126,-0.180521,0.057605,C-06,0,0,0,1,1,0,-0.006322,0.013026,0.7500,-0.0410,0.2661,2,ok
0,993,-0.959646,-1.639341,-0.006484,-0.016841,-0.006484,1.879289,0.200015,-0.093160,-0.093160,0.000000,,0,0,0,1,1,0,-0.006911,0.005356,0.6875,-0.0432,0.2674,2,ok
0,994,-0.935647,-1.639479,-0.002365,-0.016979,-0.002365,1.903289,0.200004,0.106124,0.056840,-0.049283,C-06,0,0,0,1,1,0,-0.006589,-0.008270,0.6875,-0.0687,0.2647,2,ok
0,995,-0.915647,-1.639614,0.000347,-0.017114,0.000347,1.923289,0.200005,0.036941,0.036941,0.000000,,0,0,0,1,1,0,-0.007459,-0.006412,0.7500,-0.0540,0.2673,2,ok
0,996,-0.891647,-1.639699,0.002312,-0.017199,0.002312,1.947289,0.200000,0.022289,0.022289,0.000000,,0,0,0,1,1,0,-0.007215,-0.002783,0.8125,-0.0484,0.2681,2,ok
0,997,-0.871647,-1.639745,0.005771,-0.017245,0.005771,1.967289,0.199997,0.051015,0.051015,0.000000,,0,0,0,1,1,0,-0.007224,-0.001901,0.7708,-0.0512,0.2669,2,ok
0,998,-0.847648,-1.639801,0.014037,-0.017301,0.014037,1.991287,0.199982,0.101487,0.101487,0.000000,,0,0,0,1,1,0,-0.007272,0.001609,0.7500,-0.0345,0.2675,2,ok
0,999,-0.827651,-1.639698,0.017786,-0.017198,0.017786,2.011285,0.199974,0.049913,0.049913,0.000000,,0,0,0,1,1,0,-0.006201,0.009500,0.7708,-0.0420,0.2659,2,ok
0,1000,-0.803654,-1.639305,0.014832,-0.016805,0.014832,2.035035,0.200006,-0.040775,-0.040775,0.000000,,0,0,0,1,1,0,-0.005214,0.014291,0.7500,-0.0541,0.2666,2,ok
0,1001,-0.779655,-1.638899,-0.000334,-0.016399,-0.000334,2.059280,0.200029,-0.282393,-0.190775,0.091618,C-06,0,0,0,1,1,0,-0.004911,0.012592,0.7500,-0.0589,0.2663,2,ok
0,1002,-0.759655,-1.638560,-0.011572,-0.016060,-0.011572,2.079280,0.200017,-0.157703,-0.157703,0.000000,,0,0,0,1,1,0,-0.006036,0.002598,0.7083,-0.0490,0.2672,2,ok
0,1003,-0.735657,-1.638783,-0.013065,-0.016283,-0.013065,2.103278,0.199996,0.099234,-0.007703,-0.106937,C-06,0,0,0,1,1,0,-0.007291,-0.007048,0.6875,-0.0470,0.2674,2,ok
0,1004,-0.715658,-1.639013,-0.005835,-0.016513,-0.005835,2.123277,0.200009,0.114550,0.114550,0.000000,,0,0,0,1,1,0,-0.008748,-0.013489,0.7292,-0.0306,0.2675,2,ok
0,1005,-0.691659,-1.639288,0.002467,-0.016788,0.002467,2.147277,0.200013,0.096681,0.096681,0.000000,,0,0,0,1,1,0,-0.008514,-0.009306,0.7917,-0.0277,0.2670,2,ok
0,1006,-0.671659,-1.639498,0.007992,-0.016998,0.007992,2.167277,0.200001,0.076720,0.076720,0.000000,,0,0,0,1,1,0,-0.007266,-0.002437,0.7708,-0.0433,0.2678,2,ok
0,1007,-0.647660,-1.639647,0.015241,-0.017147,0.015241,2.191275,0.199979,0.086667,0.086667,0.000000,,0,0,0,1,1,0,-0.007433,0.004576,0.7500,-0.0218,0.2679,2,ok
0,1008,-0.627663,-1.639453,0.017524,-0.016953,0.017524,2.211272,0.199983,0.027897,0.027897,0.000000,,0,0,0,1,1,0,-0.005562,0.011818,0.7708,-0.0514,0.2667,2,ok
0,1009,-0.603666,-1.639087,0.012980,-0.016587,0.012980,2.235269,0.200007,-0.060504,-0.060504,0.000000,,0,0,0,1,1,0,-0.005188,0.015838,0.7500,-0.0484,0.2658,2,ok
0,1010,-0.579667,-1.638715,-0.003875,-0.016215,-0.003875,2.259269,0.200023,-0.282728,-0.210504,0.072224,C-06,0,0,0,1,1,0,-0.005409,0.013148,0.7500,-0.0431,0.2660,2,ok
0,1011,-0.559667,-1.638444,-0.011821,-0.015944,-0.011821,2.279268,0.199998,-0.104335,-0.104335,0.000000,,0,0,0,1,1,0,-0.006607,0.000732,0.7083,-0.0385,0.2667,2,ok
0,1012,-0.535669,-1.638700,-0.008962,-0.016200,-0.008962,2.303267,0.200007,0.113090,0.045665,-0.067425,C-06,0,0,0,1,1,0,-0.007676,-0.011487,0.6875,-0.0378,0.2669,2,ok
0,1013,-0.515669,-1.638946,-0.003237,-0.016446,-0.003237,2.323266,0.200014,0.083161,0.083161,0.000000,,0,0,0,1,1,0,-0.007548,-0.014220,0.7292,-0.0486,0.2661,2,ok
0,1014,-0.491669,-1.639229,0.001572,-0.016729,0.001572,2.347266,0.200010,0.055018,0.055018,0.000000,,0,0,0,1,1,0,-0.007580,-0.007274,0.7917,-0.0366,0.2663,2,ok
0,1015,-0.471670,-1.639419,0.006264,-0.016919,0.006264,2.367266,0.200003,0.067179,0.067179,0.000000,,0,0,0,1,1,0,-0.007384,-0.003180,0.7708,-0.0388,0.2670,2,ok
0,1016,-0.447671,-1.639602,0.015050,-0.017102,0.015050,2.391265,0.199984,0.106545,0.106545,0.000000,,0,0,0,1,1,0,-0.007071,0.003028,0.7500,-0.0395,0.2677,2,ok
0,1017,-0.427674,-1.639445,0.018012,-0.016945,0.018012,2.411262,0.199979,0.036716,0.036716,0.000000,,0,0,0,1,1,0,-0.005885,0.009784,0.7500,-0.0415,0.2672,2,ok
0,1018,-0.403677,-1.639059,0.013995,-0.016559,0.013995,2.435259,0.200007,-0.054375,-0.054375,0.000000,,0,0,0,1,1,0,-0.005434,0.016905,0.7500,-0.0404,0.2667,2,ok
0,1019,-0.379678,-1.638664,-0.002228,-0.016164,-0.002228,2.459258,0.200027,-0.295719,-0.204375,0.091344,C-06,0,0,0,1,1,0,-0.005380,0.012693,0.7500,-0.0408,0.2683,2,ok
0,1020,-0.359678,-1.638335,-0.012498,-0.015835,-0.012498,2.479257,0.200013,-0.140686,-0.140686,0.000000,,0,0,0,1,1,0,-0.006500,0.003495,0.7083,-0.0350,0.2678,2,ok
0,1021,-0.335680,-1.638602,-0.012668,-0.016102,-0.012668,2.503255,0.200002,0.112083,0.009314,-0.102770,C-06,0,0,0,1,1,0,-0.006916,-0.009922,0.6667,-0.0491,0.2649,2,ok
0,1022,-0.315681,-1.638869,-0.005573,-0.016369,-0.005573,2.523254,0.200014,0.107976,0.107976,0.000000,,0,0,0,1,1,0,-0.008579,-0.015253,0.7292,-0.0353,0.2664,2,ok
0,1023,-0.291681,-1.639189,0.001838,-0.016689,0.001838,2.547254,0.200018,0.086093,0.086093,0.000000,,0,0,0,1,1,0,-0.007902,-0.010905,0.7917,-0.0399,0.2666,2,ok
0,1024,-0.271682,-1.639414,0.007175,-0.016914,0.007175,2.567254,0.200003,0.074704,0.074704,0.000000,,0,0,0,1,1,0,-0.007485,-0.002705,0.7708,-0.0367,0.2674,2,ok
0,1025,-0.247683,-1.639587,0.014709,-0.017087,0.014709,2.591252,0.199981,0.090108,0.090108,0.000000,,0,0,0,1,1,0,-0.006402,0.000358,0.7500,-0.0512,0.2664,2,ok
0,1026,-0.227686,-1.639412,0.017170,-0.016912,0.017170,2.611250,0.199982,0.030365,0.030365,0.000000,,0,0,0,1,1,0,-0.005935,0.010178,0.7292,-0.0377,0.2670,2,ok
0,1027,-0.203689,-1.639054,0.014361,-0.016554,0.014361,2.635247,0.200002,-0.037612,-0.037612,0.000000,,0,0,0,1,1,0,-0.004641,0.012729,0.7500,-0.0595,0.2666,2,ok
0,1028,-0.179690,-1.638690,-0.000542,-0.016190,-0.000542,2.659246,0.200023,-0.281036,-0.187612,0.093424,C-06,0,0,0,1,1,0,-0.005395,0.013075,0.7500,-0.0386,0.2683,2,ok
0,1029,-0.159691,-1.638386,-0.019629,-0.015886,-0.019629,2.679245,0.199989,-0.280910,-0.280910,0.000000,,0,0,0,1,1,0,-0.005654,0.010437,0.7292,-0.0383,0.2683,2,ok
0,1030,-0.135699,-1.638343,-0.031424,-0.015843,-0.031424,2.703236,0.199906,0.100748,-0.130910,-0.231658,C-06,0,0,0,1,1,0,-0.006388,-0.015940,0.6667,-0.0652,0.2637,2,ok
0,1031,-0.115709,-1.638939,-0.030946,-0.016439,-0.030946,2.723226,0.200006,0.169787,0.019090,-0.150696,C-06,0,0,0,1,1,0,-0.009446,-0.026051,0.7500,-0.0458,0.2660,2,ok
0,1032,-0.091717,-1.639706,-0.017764,-0.017206,-0.017764,2.747219,0.200068,0.197152,0.169090,-0.028062,C-06,0,0,0,1,1,0,-0.011075,-0.032972,0.7917,-0.0339,0.2675,2,ok
0,1033,-0.071719,-1.640343,-0.010661,-0.017843,-0.010661,2.767217,0.200085,0.096181,0.096181,0.000000,,0,0,0,1,1,0,-0.010258,-0.026259,0.7708,-0.0454,0.2666,2,ok
0,1034,-0.047719,-1.641073,0.001367,-0.018573,0.001367,2.791216,0.200090,0.145490,0.145490,0.000000,,0,0,0,1,1,0,-0.009631,-0.015952,0.7500,-0.0455,0.2673,2,ok
0,1035,-0.027719,-1.641275,0.006045,-0.018775,0.006045,2.811216,0.200001,0.059171,0.059171,0.000000,,0,0,0,1,1,0,-0.008860,-0.002182,0.7708,-0.0459,0.2673,2,ok
0,1036,-0.003720,-1.641156,0.001483,-0.018656,0.001483,2.835216,0.200003,-0.062718,-0.062718,0.000000,,0,0,0,1,1,0,-0.008786,-0.000875,0.7500,-0.0434,0.2679,2,ok
0,1037,0.020280,-1.641018,-0.004807,-0.018518,-0.004807,2.859216,0.200001,-0.074955,-0.074955,0.000000,,0,0,0,1,1,0,-0.008687,0.000600,0.7500,-0.0499,0.2671,2,ok
0,1038,0.040280,-1.641105,-0.000448,-0.018605,-0.000448,2.879216,0.200003,0.085623,0.075045,-0.010578,C-06,0,0,0,1,1,0,-0.009285,-0.004430,0.7083,-0.0448,0.2674,2,ok
0,1039,0.064280,-1.641230,0.008586,-0.018730,0.008586,2.903216,0.199996,0.108327,0.108327,0.000000,,0,0,0,1,1,0,-0.008869,-0.006382,0.6667,-0.0549,0.2651,2,ok
0,1040,0.084279,-1.641068,0.009014,-0.018568,0.009014,2.923215,0.200000,-0.001632,-0.001632,0.000000,,0,0,0,1,1,0,-0.008679,0.004819,0.7292,-0.0319,0.2672,2,ok
0,1041,0.108278,-1.640849,0.006749,-0.018349,0.006749,2.947214,0.200004,-0.028604,-0.028604,0.000000,,0,0,0,1,1,0,-0.008479,0.006983,0.8125,-0.0315,0.2661,2,ok
0,1042,0.128278,-1.640696,0.007774,-0.018196,0.007774,2.967213,0.200000,0.018455,0.018455,0.000000,,0,0,0,1,1,0,-0.007756,0.004251,0.7708,-0.0531,0.2674,2,ok
0,1043,0.152277,-1.640514,0.013522,-0.018014,0.013522,2.991212,0.199988,0.070970,0.070970,0.000000,,0,0,0,1,1,0,-0.007780,0.004538,0.7500,-0.0457,0.2683,2,ok
0,1044,0.172274,-1.640363,0.017292,-0.017863,0.017292,3.011210,0.199977,0.052723,0.052723,0.000000,,0,0,0,1,1,0,-0.006971,0.009469,0.7500,-0.0367,0.2666,2,ok
0,1045,0.196271,-1.639970,0.016726,-0.017470,0.016726,3.035206,0.200000,-0.009934,-0.009934,0.000000,,0,0,0,1,1,0,-0.006047,0.012945,0.7500,-0.0491,0.2663,2,ok
0,1046,0.220269,-1.639565,0.004088,-0.017065,0.004088,3.059205,0.200026,-0.222897,-0.159934,0.062963,C-06,0,0,0,1,1,0,-0.006578,0.017605,0.7500,-0.0341,0.2675,2,ok
0,1047,0.240269,-1.639228,-0.007996,-0.016728,-0.007996,3.079204,0.200023,-0.171768,-0.171768,0.000000,,0,0,0,1,1,0,-0.006809,0.008877,0.6875,-0.0381,0.2670,2,ok
0,1048,0.264268,-1.639322,-0.010472,-0.016822,-0.010472,3.103203,0.199993,0.088466,-0.021768,-0.110234,C-06,0,0,0,1,1,0,-0.007871,-0.003463,0.6667,-0.0371,0.2670,2,ok
0,1049,0.284267,-1.639481,-0.003888,-0.016981,-0.003888,3.123203,0.200005,0.102765,0.102765,0.000000,,0,0,0,1,1,0,-0.007993,-0.014103,0.7292,-0.0593,0.2669,2,ok
0,1050,0.308267,-1.639674,0.003255,-0.017174,0.003255,3.147203,0.200006,0.083020,0.083020,0.000000,,0,0,0,1,1,0,-0.007995,-0.009858,0.7917,-0.0450,0.2671,2,ok
0,1051,0.328267,-1.639819,0.007724,-0.017319,0.007724,3.167202,0.199997,0.061888,0.061888,0.000000,,0,0,0,1,1,0,-0.007899,-0.001153,0.7708,-0.0341,0.2671,2,ok
0,1052,0.352265,-1.639938,0.015395,-0.017438,0.015395,3.191201,0.199979,0.093109,0.093109,0.000000,,0,0,0,1,1,0,-0.007319,0.001085,0.7917,-0.0464,0.2663,2,ok
0,1053,0.372262,-1.639754,0.017939,-0.017254,0.017939,3.211198,0.199981,0.032058,0.032058,0.000000,,0,0,0,1,1,0,-0.006354,0.011586,0.7292,-0.0356,0.2673,2,ok
0,1054,0.396259,-1.639376,0.016008,-0.016876,0.016008,3.235194,0.200000,-0.025526,-0.025526,0.000000,,0,0,0,1,1,0,-0.005525,0.014214,0.7292,-0.0464,0.2654,2,ok
0,1055,0.420258,-1.638993,0.002253,-0.016493,0.002253,3.259193,0.200025,-0.269797,-0.175526,0.094271,C-06,0,0,0,1,1,0,-0.005784,0.014002,0.7292,-0.0337,0.2671,2,ok
0,1056,0.440257,-1.638674,-0.010897,-0.016174,-0.010897,3.279193,0.200015,-0.187383,-0.187383,0.000000,,0,0,0,1,1,0,-0.006346,0.006297,0.6667,-0.0364,0.2679,2,ok
0,1057,0.464255,-1.638773,-0.014895,-0.016273,-0.014895,3.303191,0.199983,0.100758,-0.037383,-0.138141,C-06,0,0,0,1,1,0,-0.006746,-0.008105,0.6458,-0.0518,0.2653,2,ok
0,1058,0.484254,-1.639035,-0.007782,-0.016535,-0.007782,3.323189,0.200011,0.121813,0.112617,-0.009195,C-06,0,0,0,1,1,0,-0.008510,-0.016951,0.7292,-0.0402,0.2667,2,ok
0,1059,0.508253,-1.639358,0.001142,-0.016858,0.001142,3.347189,0.200018,0.104837,0.104837,0.000000,,0,0,0,1,1,0,-0.008503,-0.011868,0.7917,-0.0354,0.2663,2,ok
0,1060,0.528253,-1.639565,0.005967,-0.017065,0.005967,3.367189,0.200003,0.065567,0.065567,0.000000,,0,0,0,1,1,0,-0.007225,-0.004886,0.7708,-0.0527,0.2670,2,ok
0,1061,0.552252,-1.639725,0.012572,-0.017225,0.012572,3.391188,0.199987,0.079022,0.079022,0.000000,,0,0,0,1,1,0,-0.007752,0.001280,0.7917,-0.0277,0.2674,2,ok
0,1062,0.572250,-1.639607,0.015315,-0.017107,0.015315,3.411186,0.199983,0.035628,0.035628,0.000000,,0,0,0,1,1,0,-0.006532,0.008304,0.7292,-0.0338,0.2671,2,ok
0,1063,0.596247,-1.639291,0.014693,-0.016791,0.014693,3.435183,0.199997,-0.010473,-0.010473,0.000000,,0,0,0,1,1,0,-0.005393,0.011776,0.7292,-0.0533,0.2664,2,ok
0,1064,0.620246,-1.638966,0.002204,-0.016466,0.002204,3.459182,0.200018,-0.236876,-0.160473,0.076402,C-06,0,0,0,1,1,0,-0.005497,0.014143,0.7500,-0.0438,0.2660,2,ok
0,1065,0.640246,-1.638694,-0.010626,-0.016194,-0.010626,3.479182,0.200009,-0.183375,-0.183375,0.000000,,0,0,0,1,1,0,-0.006457,0.006746,0.6875,-0.0344,0.2677,2,ok
0,1066,0.664244,-1.638806,-0.014287,-0.016306,-0.014287,3.503180,0.199985,0.100682,-0.033375,-0.134057,C-06,0,0,0,1,1,0,-0.006371,-0.005570,0.6667,-0.0563,0.2642,2,ok
0,1067,0.684243,-1.639051,-0.007454,-0.016551,-0.007454,3.523178,0.200010,0.111067,0.111067,0.000000,,0,0,0,1,1,0,-0.008372,-0.017385,0.7292,-0.0474,0.2669,2,ok
0,1068,0.708243,-1.639355,0.000733,-0.016855,0.000733,3.547178,0.200016,0.095550,0.095550,0.000000,,0,0,0,1,1,0,-0.008572,-0.012776,0.7917,-0.0324,0.2662,2,ok
0,1069,0.728242,-1.639565,0.005455,-0.017065,0.005455,3.567178,0.200004,0.064345,0.064345,0.000000,,0,0,0,1,1,0,-0.007454,-0.004905,0.7708,-0.0458,0.2662,2,ok
0,1070,0.752241,-1.639742,0.012466,-0.017242,0.012466,3.591177,0.199988,0.084357,0.084357,0.000000,,0,0,0,1,1,0,-0.007077,-0.000860,0.7500,-0.0392,0.2664,2,ok
0,1071,0.772239,-1.639654,0.015762,-0.017154,0.015762,3.611175,0.199980,0.043755,0.043755,0.000000,,0,0,0,1,1,0,-0.006671,0.009031,0.7083,-0.0297,0.2671,2,ok
0,1072,0.796236,-1.639305,0.015630,-0.016805,0.015630,3.635172,0.199998,-0.004382,-0.004382,0.000000,,0,0,0,1,1,0,-0.006061,0.013771,0.7083,-0.0366,0.2646,2,ok
0,1073,0.820235,-1.638943,0.003453,-0.016443,0.003453,3.659171,0.200021,-0.253737,-0.154382,0.099355,C-06,0,0,0,1,1,0,-0.005853,0.013907,0.7292,-0.0326,0.2678,2,ok
0,1074,0.840235,-1.638642,-0.010786,-0.016142,-0.010786,3.679170,0.200013,-0.206094,-0.206094,0.000000,,0,0,0,1,1,0,-0.005949,0.006059,0.6667,-0.0458,0.2667,2,ok
0,1075,0.864232,-1.638671,-0.016361,-0.016171,-0.016361,3.703168,0.199976,-0.054255,-0.056094,-0.001840,C-06,0,0,0,1,1,0,-0.005949,0.006059,0.6667,-0.0458,0.2667,2,ok
0,1076,0.884230,-1.638974,-0.010742,-0.016474,-0.010742,3.723166,0.200013,0.168608,0.093906,-0.074703,C-06,0,0,0,1,1,0,-0.009358,-0.016467,0.7083,-0.0245,0.2676,2,ok
0,1077,0.908230,-1.639359,0.001351,-0.016859,0.001351,3.747165,0.200026,0.146054,0.146054,0.000000,,0,0,0,1,1,0,-0.009048,-0.013914,0.7500,-0.0305,0.2645,2,ok
0,1078,0.928230,-1.639576,0.006745,-0.017076,0.006745,3.767165,0.200003,0.070324,0.070324,0.000000,,0,0,0,1,1,0,-0.006996,-0.003554,0.7500,-0.0674,0.2677,2,ok
0,1079,0.952228,-1.639731,0.013505,-0.017231,0.013505,3.791164,0.199984,0.080824,0.080824,0.000000,,0,0,0,1,1,0,-0.007126,0.003028,0.7083,-0.0446,0.2661,2,ok
0,1080,0.972226,-1.639585,0.016063,-0.017085,0.016063,3.811162,0.199983,0.032630,0.032630,0.000000,,0,0,0,1,1,0,-0.003469,0.010759,0.7292,-0.1327,0.2694,2,ok
0,1081,0.996223,-1.639252,0.014122,-0.016752,0.014122,3.835159,0.200000,-0.026675,-0.026675,0.000000,,0,0,0,1,1,0,-0.003173,0.014653,0.6875,-0.1298,0.2706,2,ok
0,1082,1.020223,-1.638912,0.000146,-0.016412,0.000146,3.859158,0.200020,-0.257431,-0.176675,0.080755,C-06,0,0,0,1,1,0,-0.002362,0.013148,0.7083,-0.1611,0.2708,2,ok
0,1083,1.040222,-1.638629,-0.011390,-0.016129,-0.011390,3.879158,0.200008,-0.162869,-0.162869,0.000000,,0,0,0,1,1,0,-0.003416,0.002656,0.6250,-0.1615,0.2709,2,ok
0,1084,1.064220,-1.638838,-0.013109,-0.016338,-0.013109,3.903156,0.199994,0.116965,-0.012869,-0.129833,C-06,0,0,0,1,1,0,-0.004256,-0.007481,0.6042,-0.1916,0.2711,2,ok
0,1085,1.084219,-1.639047,-0.008612,-0.016547,-0.008612,3.923154,0.200003,0.071555,0.071555,0.000000,,0,0,0,1,1,0,-0.003437,-0.011822,0.6875,-0.2666,0.2643,2,ok
0,1086,1.108219,-1.639299,-0.002101,-0.016799,-0.002101,3.947154,0.200010,0.077305,0.077305,0.000000,,0,0,0,1,1,0,-0.005237,-0.008892,0.7500,-0.2393,0.2640,2,ok
0,1087,1.128219,-1.639508,0.004421,-0.017008,0.004421,3.967154,0.200009,0.093529,0.093529,0.000000,,0,0,0,1,1,0,-0.005579,0.002458,0.7292,-0.2461,0.2646,2,ok
0,1088,1.152217,-1.639759,0.015232,-0.017259,0.015232,3.991153,0.199989,0.130651,0.130651,0.000000,,0,0,0,1,1,0,-0.005421,0.014643,0.7083,-0.2608,0.2621,2,ok
0,1089,1.172214,-1.639638,0.019052,-0.017138,0.019052,4.011150,0.199972,0.047857,0.047857,0.000000,,0,0,0,1,1,0,-0.006602,0.030736,0.7292,-0.2149,0.2643,2,ok
0,1090,1.196211,-1.639215,0.014150,-0.016715,0.014150,4.035146,0.200012,-0.065725,-0.065725,0.000000,,0,0,0,1,1,0,-0.007266,0.044035,0.6875,-0.1945,0.2669,2,ok
0,1091,1.220210,-1.638779,-0.003034,-0.016279,-0.003034,4.059146,0.200032,-0.314507,-0.215725,0.098782,C-06,0,0,0,1,1,0,-0.008913,0.048121,0.7292,-0.1600,0.2656,2,ok
0,1092,1.240208,-1.638416,-0.025245,-0.015916,-0.025245,4.079143,0.199975,-0.327268,-0.327268,0.000000,,0,0,0,1,1,0,-0.010454,0.044211,0.6458,-0.1559,0.2642,2,ok
0,1093,1.264194,-1.638332,-0.040938,-0.015832,-0.040938,4.103130,0.199840,0.076411,-0.177268,-0.253679,C-06,0,0,0,1,1,0,-0.013974,0.031445,0.6250,-0.1259,0.2693,2,ok
0,1094,1.284176,-1.639029,-0.043543,-0.016529,-0.043543,4.123111,0.199955,0.048282,-0.027268,-0.075550,C-06,0,0,0,1,1,0,-0.016786,0.012082,0.6875,-0.0955,0.2704,2,ok
0,1095,1.308157,-1.640035,-0.034288,-0.017535,-0.032231,4.147093,0.200057,0.146757,0.122732,-0.024025,C-06,0,0,0,1,1,0,-0.016219,0.012445,0.7500,-0.1296,0.2664,2,ok
0,1096,1.328147,-1.640878,-0.028533,-0.018378,-0.026475,4.167083,0.200095,0.080063,0.080063,0.000000,,0,0,0,1,1,0,-0.016027,0.016169,0.7292,-0.1175,0.2671,2,ok
0,1097,1.352140,-1.641860,-0.022056,-0.019360,-0.015867,4.191075,0.200098,0.077408,0.077408,0.000000,,0,0,0,1,1,0,-0.015842,0.029771,0.7083,-0.1198,0.2651,2,ok
0,1098,1.372136,-1.642594,-0.016036,-0.020094,-0.009847,4.211071,0.200092,0.086804,0.086804,0.000000,,0,0,0,1,1,0,-0.016376,0.039798,0.7292,-0.0666,0.2663,2,ok
0,1099,1.396132,-1.642997,-0.019713,-0.020497,-0.013524,4.235068,0.199986,-0.053825,-0.053825,0.000000,,0,0,0,1,1,0,-0.015895,0.049708,0.6875,-0.0482,0.2705,2,ok
0,1100,1.420125,-1.643370,-0.030207,-0.020643,-0.016171,4.259274,0.199936,-0.130670,-0.130670,0.000000,,0,0,0,1,1,0,-0.016935,0.054209,0.7083,-0.0127,0.2669,2,ok
0,1101,1.440113,-1.643681,-0.039400,-0.020749,-0.025364,4.279264,0.199873,-0.133145,-0.133145,0.000000,,0,0,0,1,1,0,-0.017054,0.048626,0.6458,0.0036,0.2650,2,ok
0,1102,1.464094,-1.644600,-0.038845,-0.021238,-0.015408,4.303474,0.200008,0.065392,0.016855,-0.048537,C-06,0,0,0,1,1,0,-0.018680,0.042346,0.6458,0.0389,0.2668,2,ok
0,1103,1.484078,-1.645398,-0.041265,-0.021623,-0.017829,4.323471,0.199990,-0.039333,-0.039333,0.000000,,0,0,0,1,1,0,-0.018567,0.036899,0.6875,0.0738,0.2667,2,ok
0,1104,1.508055,-1.646356,-0.047351,-0.021835,-0.012521,4.347870,0.199938,-0.076343,-0.076343,0.000000,,0,0,0,1,1,0,-0.018167,0.036126,0.7500,0.0820,0.2673,2,ok
0,1105,1.528033,-1.647299,-0.045371,-0.021993,-0.010541,4.367870,0.200021,0.038461,0.038461,0.000000,,0,0,0,1,1,0,-0.016789,0.033736,0.7292,0.0408,0.2645,2,ok
0,1106,1.552010,-1.648444,-0.041202,-0.022124,0.004232,4.392046,0.200057,0.051395,0.051395,0.000000,,0,0,0,1,1,0,-0.015019,0.025905,0.7500,0.0034,0.2635,2,ok
0,1107,1.571994,-1.649394,-0.038367,-0.022134,0.007067,4.412053,0.200070,0.040254,0.040254,0.000000,,0,0,0,1,1,0,-0.012316,0.032998,0.7083,-0.0208,0.2632,2,ok
0,1108,1.595975,-1.650356,-0.041361,-0.021922,0.014490,4.436271,0.199988,-0.039806,-0.039806,0.000000,,0,0,0,1,1,0,-0.013088,0.032686,0.6875,0.0392,0.2649,2,ok
0,1109,1.619949,-1.651310,-0.052320,-0.021510,0.003531,4.460260,0.199890,-0.140943,-0.140943,0.000000,,0,0,0,1,1,0,-0.014132,0.031260,0.6875,0.0951,0.2712,2,ok
0,1110,1.639918,-1.652106,-0.058821,-0.021168,-0.002970,4.480242,0.199820,-0.091315,-0.091315,0.000000,,0,0,0,1,1,0,-0.014531,0.027006,0.6667,0.0899,0.2683,2,ok
0,1111,1.663879,-1.653497,-0.054894,-0.021043,0.007630,4.504377,0.200047,0.112223,0.058685,-0.053538,C-06,0,0,0,1,1,0,-0.010877,0.013378,0.6250,0.0423,0.2621,2,ok
0,1112,1.683847,-1.654596,-0.057922,-0.020876,0.004602,4.524375,0.199965,-0.052921,-0.052921,0.000000,,0,0,0,1,1,0,-0.015100,0.016890,0.7292,0.1374,0.2640,2,ok
0,1113,1.707806,-1.655948,-0.059024,-0.020532,0.009762,4.548566,0.199975,-0.010669,-0.010669,0.000000,,0,0,0,1,1,0,-0.016111,0.017018,0.7917,0.1830,0.2676,2,ok
0,1114,1.727773,-1.657086,-0.055776,-0.020216,0.013010,4.568563,0.200011,0.051125,0.051125,0.000000,,0,0,0,1,1,0,-0.015270,0.012075,0.7708,0.1865,0.2665,2,ok
0,1115,1.751739,-1.658451,-0.051683,-0.019838,0.021309,4.592561,0.200055,0.049882,0.049882,0.000000,,0,0,0,1,1,0,-0.014793,0.013686,0.7500,0.2043,0.2664,2,ok
0,1116,1.771713,-1.659579,-0.049580,-0.019513,0.023413,4.612565,0.200062,0.029314,0.029314,0.000000,,0,0,0,1,1,0,-0.013110,0.012327,0.7500,0.2251,0.2673,2,ok
0,1117,1.795680,-1.660809,-0.056160,-0.018958,0.019739,4.636666,0.199949,-0.088253,-0.088253,0.000000,,0,0,0,1,1,0,-0.011614,0.009099,0.7083,0.2220,0.2671,2,ok
0,1118,1.819631,-1.662034,-0.071873,-0.018305,0.004026,4.660640,0.199755,-0.201012,-0.201012,0.000000,,0,0,0,1,1,0,-0.011436,0.004633,0.7083,0.2306,0.2676,2,ok
0,1119,1.839576,-1.663302,-0.076127,-0.018009,-0.000228,4.678732,0.199859,0.000968,-0.051012,-0.051980,C-06,0,0,0,1,1,0,-0.010827,-0.013228,0.6875,0.2113,0.2687,2,ok
0,1120,1.863512,-1.665116,-0.069045,-0.017954,0.007781,4.704621,0.200101,0.107625,0.098988,-0.008637,C-06,0,0,0,1,1,0,-0.012160,-0.025540,0.6458,0.2352,0.2668,2,ok
0,1121,1.883466,-1.666580,-0.066829,-0.017859,0.009997,4.724629,0.200074,0.026984,0.026984,0.000000,,0,0,0,1,1,0,-0.011553,-0.023883,0.7292,0.2527,0.2651,2,ok
0,1122,1.907419,-1.668308,-0.057490,-0.017718,0.019077,4.748641,0.200183,0.120962,0.120962,0.000000,,0,0,0,1,1,0,-0.010481,-0.027925,0.7708,0.2470,0.2671,2,ok
0,1123,1.927390,-1.669748,-0.049593,-0.017600,0.026974,4.768664,0.200268,0.115197,0.115197,0.000000,,0,0,0,1,1,0,-0.009203,-0.027716,0.7708,0.2440,0.2657,2,ok
0,1124,1.951365,-1.671268,-0.042503,-0.017258,0.031795,4.792676,0.200175,0.084002,0.084002,0.000000,,0,0,0,1,1,0,-0.007015,-0.028233,0.7708,0.2061,0.2648,2,ok
0,1125,1.971347,-1.672134,-0.042267,-0.016577,0.032031,4.812665,0.199999,-0.002661,-0.002661,0.000000,,0,0,0,1,1,0,-0.004891,-0.026957,0.7083,0.2191,0.2642,2,ok
0,1126,1.995320,-1.673144,-0.053790,-0.015774,0.017050,4.836549,0.199894,-0.168562,-0.152661,0.015901,C-06,0,0,0,1,1,0,-0.010531,-0.025456,0.7083,0.4035,0.2694,2,ok
0,1127,2.019276,-1.674154,-0.066693,-0.015075,0.004147,4.860516,0.199741,-0.158571,-0.158571,0.000000,,0,0,0,1,1,0,-0.011867,-0.034640,0.7083,0.4098,0.2702,2,ok
0,1128,2.039230,-1.675438,-0.068087,-0.014933,0.002753,4.879916,0.199977,0.146650,-0.008571,-0.155221,C-06,0,0,0,1,1,0,-0.012314,-0.048939,0.6667,0.4063,0.2676,2,ok
0,1129,2.063180,-1.677031,-0.059663,-0.014923,0.006208,4.904449,0.200080,0.113199,0.113199,0.000000,,0,0,0,1,1,0,-0.014319,-0.058860,0.6458,0.4675,0.2692,2,ok
0,1130,2.083146,-1.678294,-0.057824,-0.014847,0.008046,4.924455,0.200054,0.022462,0.022462,0.000000,,0,0,0,1,1,0,-0.013561,-0.069897,0.6875,0.4712,0.2681,2,ok
0,1131,2.107113,-1.679786,-0.046928,-0.014843,0.012005,4.948375,0.200161,0.142395,0.142395,0.000000,,0,0,0,1,1,0,-0.013147,-0.071017,0.7292,0.5056,0.2664,2,ok
0,1132,2.127093,-1.681007,-0.040654,-0.014850,0.018279,4.968393,0.200178,0.087965,0.087965,0.000000,,0,0,0,1,1,0,-0.013262,-0.070401,0.7500,0.5490,0.2662,2,ok
0,1133,2.151078,-1.682384,-0.031608,-0.014849,0.018876,4.992302,0.200197,0.110643,0.110643,0.000000,,0,0,0,1,1,0,-0.011689,-0.070497,0.7292,0.5483,0.2680,2,ok
0,1134,2.171070,-1.683419,-0.023392,-0.014825,0.027092,5.012322,0.200178,0.118811,0.118811,0.000000,,0,0,0,1,1,0,-0.012737,-0.075558,0.7292,0.6323,0.2686,2,ok
0,1135,2.195065,-1.684245,-0.017786,-0.014414,0.022774,5.036178,0.200066,0.064173,0.064173,0.000000,,0,0,0,1,1,0,0.000197,-0.080013,0.6875,0.2662,0.2488,2,ok
0,1136,2.219063,-1.684986,-0.005842,-0.014130,0.034718,5.060186,0.200091,0.147983,0.147983,0.000000,,0,0,0,1,1,0,-0.012815,-0.078721,0.7500,0.7071,0.2705,2,ok
0,1137,2.239063,-1.685603,0.006225,-0.013892,0.046784,5.080194,0.200091,0.172238,0.172238,0.000000,,0,0,0,1,1,0,-0.008595,-0.085179,0.7083,0.6334,0.2676,2,ok
0,1138,2.263062,-1.685782,0.013190,-0.013317,0.041226,5.103999,0.199985,0.077606,0.077606,0.000000,,0,0,0,1,1,0,-0.007162,-0.090043,0.6458,0.6331,0.2663,2,ok
0,1139,2.283059,-1.685742,0.017707,-0.012696,0.045743,5.123987,0.199971,0.063341,0.063341,0.000000,,0,0,0,1,1,0,-0.008630,-0.099637,0.6875,0.7338,0.2704,2,ok
0,1140,2.307054,-1.685592,0.023535,-0.011988,0.036798,5.147828,0.199954,0.069958,0.069958,0.000000,,0,0,0,1,1,0,-0.006493,-0.104917,0.7708,0.7428,0.2673,2,ok
0,1141,2.327047,-1.685405,0.030534,-0.011455,0.043797,5.167814,0.199918,0.103044,0.103044,0.000000,,0,0,0,1,1,0,-0.006847,-0.107697,0.7708,0.7810,0.2674,2,ok
0,1142,2.351032,-1.685075,0.039039,-0.010782,0.035090,5.191583,0.199882,0.102473,0.102473,0.000000,,0,0,0,1,1,0,-0.005683,-0.111659,0.7708,0.7871,0.2664,2,ok
0,1143,2.371016,-1.684449,0.042261,-0.010195,0.038312,5.211568,0.199936,0.041912,0.041912,0.000000,,0,0,0,1,1,0,-0.003967,-0.113445,0.7708,0.8022,0.2698,2,ok
0,1144,2.394989,-1.683636,0.052328,-0.009427,0.048379,5.235543,0.199846,0.128073,0.128073,0.000000,,0,0,0,1,1,0,-0.004143,-0.134011,0.7083,0.8184,0.2629,2,ok
0,1145,2.418950,-1.682773,0.061181,-0.008975,0.037931,5.259339,0.199787,0.106862,0.106862,0.000000,,0,0,0,1,1,0,-0.002896,-0.141835,0.7292,0.7964,0.2601,2,ok
0,1146,2.438907,-1.681959,0.070525,-0.008578,0.047275,5.279308,0.199690,0.140720,0.140720,0.000000,,0,0,0,1,1,0,-0.000455,-0.152815,0.6875,0.7850,0.2623,2,ok
0,1147,2.462847,-1.680289,0.070286,-0.007640,0.023451,5.303109,0.200007,-0.070795,-0.009280,0.061515,C-06,0,0,0,1,1,0,0.002461,-0.160747,0.7083,0.7292,0.2648,2,ok
0,1148,2.482802,-1.678875,0.063336,-0.007092,0.016501,5.323106,0.200095,-0.109947,-0.109947,0.000000,,0,0,0,1,1,0,0.004215,-0.187232,0.7292,0.6923,0.2635,2,ok
0,1149,2.506752,-1.677357,0.065853,-0.006613,0.019018,5.345933,0.199963,0.357623,0.040053,-0.317571,C-06,0,0,0,1,1,0,0.002374,-0.206698,0.7292,0.7142,0.2607,2,ok
0,1150,2.526701,-1.676101,0.077763,-0.006731,0.005575,5.366929,0.199801,0.364821,0.190053,-0.174769,C-06,0,0,0,1,1,0,0.000947,-0.219557,0.7708,0.7245,0.2625,2,ok
0,1151,2.550603,-1.674594,0.103952,-0.006839,0.031764,5.390877,0.199342,0.638596,0.340053,-0.298543,C-06,0,0,0,1,1,0,0.001197,-0.225343,0.7500,0.7069,0.2632,2,ok
0,1152,2.570468,-1.673339,0.128505,-0.007300,0.025853,5.410546,0.198782,0.377758,0.377758,0.000000,,0,0,0,1,1,0,0.004672,-0.214621,0.7500,0.6086,0.2606,2,ok
0,1153,2.594233,-1.671223,0.150687,-0.007581,0.048035,5.434404,0.198767,0.279963,0.279963,0.000000,,0,0,0,1,1,0,0.014828,-0.211426,0.6875,0.2913,0.2417,2,ok
0,1154,2.617941,-1.668070,0.161345,-0.006968,0.025273,5.458114,0.199328,0.110727,0.129963,0.019236,C-06,0,0,0,1,1,0,0.004551,-0.206826,0.7083,0.6078,0.2607,2,ok
0,1155,2.641629,-1.664258,0.160591,-0.006227,0.024519,5.482096,0.200011,-0.274671,-0.020037,0.254634,C-06,0,0,0,1,1,0,0.002911,-0.207758,0.7292,0.6469,0.2648,2,ok
0,1156,2.661372,-1.661060,0.160480,-0.005589,0.024408,5.502086,0.200002,-0.000374,-0.000374,0.000000,,0,0,0,1,1,0,0.001333,-0.222605,0.6875,0.6317,0.2601,2,ok
0,1157,2.685044,-1.657225,0.171225,-0.005636,-0.004073,5.525822,0.199667,0.592135,0.149626,-0.442509,C-06,0,0,0,1,1,0,-0.000408,-0.244390,0.6250,0.6247,0.2559,2,ok
0,1158,2.704721,-1.654029,0.189235,-0.005879,0.013937,5.545755,0.199051,0.426060,0.299626,-0.126435,C-06,0,0,0,1,1,0,-0.004453,-0.240181,0.7083,0.6901,0.2644,2,ok
0,1159,2.728217,-1.650194,0.221998,-0.006398,0.005220,5.569326,0.197758,0.472445,0.449626,-0.022819,C-06,0,0,0,1,1,0,-0.003973,-0.238501,0.7500,0.6652,0.2596,2,ok
0,1160,2.751551,-1.645960,0.249619,-0.007132,0.032841,5.593030,0.197555,0.373723,0.373723,0.000000,,0,0,0,1,1,0,-0.001627,-0.209496,0.7708,0.5927,0.2569,2,ok
0,1161,2.770878,-1.641847,0.270786,-0.007148,0.054008,5.612790,0.197554,0.352553,0.352553,0.000000,,0,0,0,1,1,0,-0.002024,-0.197755,0.7292,0.6128,0.2620,2,ok
0,1162,2.793904,-1.636462,0.301211,-0.007645,0.041384,5.636052,0.196859,0.436875,0.436875,0.000000,,0,0,0,1,1,0,-0.000676,-0.184853,0.7292,0.5819,0.2619,2,ok
0,1163,2.812936,-1.631319,0.323489,-0.007637,0.063663,5.655766,0.197150,0.380024,0.380024,0.000000,,0,0,0,1,1,0,0.000621,-0.182663,0.7292,0.5656,0.2619,2,ok
0,1164,2.835621,-1.624250,0.341041,-0.006945,0.039953,5.679207,0.198071,0.247310,0.247310,0.000000,,0,0,0,1,1,0,0.001466,-0.176632,0.7500,0.5522,0.2618,2,ok
0,1165,2.854447,-1.617759,0.347176,-0.006466,0.046088,5.699114,0.199220,-0.225384,0.097310,0.322694,C-06,0,0,0,1,1,0,0.003657,-0.163264,0.7083,0.5252,0.2636,2,ok
0,1166,2.877024,-1.609607,0.344287,-0.005542,0.043199,5.723100,0.200186,-0.382410,-0.052690,0.329720,C-06,0,0,0,1,1,0,0.002236,-0.164016,0.7083,0.5552,0.2632,2,ok
0,1167,2.895884,-1.602841,0.333516,-0.005299,-0.007957,5.742942,0.200677,-0.201721,-0.201721,0.000000,,0,0,0,1,1,0,0.001384,-0.187526,0.6458,0.5715,0.2593,2,ok
0,1168,2.918580,-1.594876,0.329357,-0.005452,-0.012116,5.766995,0.200422,0.216215,-0.051721,-0.267937,C-06,0,0,0,1,1,0,-0.000061,-0.203296,0.6875,0.5384,0.2631,2,ok
0,1169,2.941268,-1.587109,0.335458,-0.006043,-0.042052,5.790763,0.199630,0.400456,0.098279,-0.302177,C-06,0,0,0,1,1,0,-0.003493,-0.224906,0.7708,0.5401,0.2634,2,ok
0,1170,2.960111,-1.580628,0.349003,-0.007003,-0.028506,5.810666,0.198857,0.418547,0.248279,-0.170268,C-06,0,0,0,1,1,0,-0.004429,-0.229300,0.7708,0.5140,0.2613,2,ok
0,1171,2.982593,-1.572831,0.366010,-0.008089,-0.011499,5.834437,0.198021,0.251940,0.251940,0.000000,,0,0,0,1,1,0,-0.006720,-0.225866,0.7292,0.5424,0.2644,2,ok
0,1172,3.001193,-1.566146,0.387599,-0.009298,-0.023703,5.853892,0.196976,0.542755,0.401940,-0.140815,C-06,0,0,0,1,1,0,-0.008247,-0.216908,0.7292,0.5536,0.2645,2,ok
0,1173,3.023253,-1.557885,0.422658,-0.010571,0.011355,5.877414,0.195959,0.542972,0.542972,0.000000,,0,0,0,1,1,0,-0.007359,-0.224930,0.7083,0.5161,0.2621,2,ok
0,1174,3.041400,-1.550230,0.444454,-0.010983,0.000402,5.896765,0.197099,0.357018,0.392972,0.035954,C-06,0,0,0,1,1,0,-0.008340,-0.196766,0.7292,0.5652,0.2657,2,ok
0,1175,3.062982,-1.540256,0.460507,-0.011241,0.016455,5.920540,0.198229,-0.116088,0.242972,0.359060,C-06,0,0,0,1,1,0,-0.006588,-0.182986,0.7292,0.5380,0.2629,2,ok
0,1176,3.080868,-1.531511,0.467036,-0.011023,0.022984,5.940447,0.199166,0.114799,0.114799,0.000000,,0,0,0,1,1,0,-0.007655,-0.174803,0.7083,0.5618,0.2638,2,ok
0,1177,3.102215,-1.520782,0.482941,-0.011096,0.006893,5.963975,0.198511,0.615087,0.264799,-0.350288,C-06,0,0,0,1,1,0,-0.010736,-0.177093,0.6458,0.6162,0.2662,2,ok
0,1178,3.123333,-1.509909,0.507919,-0.011131,0.031870,5.987728,0.197321,0.606786,0.414799,-0.191988,C-06,0,0,0,1,1,0,-0.009449,-0.172120,0.7083,0.6042,0.2621,2,ok
0,1179,3.140737,-1.500419,0.522049,-0.010917,0.014908,6.007214,0.198356,0.191720,0.264799,0.073078,C-06,0,0,0,1,1,0,-0.008058,-0.160521,0.7708,0.5965,0.2644,2,ok
0,1180,3.161490,-1.488559,0.529954,-0.010641,0.022813,6.031116,0.199254,0.123006,0.123006,0.000000,,0,0,0,1,1,0,-0.007934,-0.157273,0.7708,0.6119,0.2664,2,ok
0,1181,3.178709,-1.478558,0.537520,-0.010272,0.030379,6.051025,0.199102,0.152782,0.152782,0.000000,,0,0,0,1,1,0,-0.005460,-0.159077,0.7708,0.5650,0.2641,2,ok
0,1182,3.199237,-1.466375,0.552158,-0.010268,0.014006,6.074571,0.198620,0.251273,0.251273,0.000000,,0,0,0,1,1,0,-0.005015,-0.161831,0.7292,0.5564,0.2653,2,ok
0,1183,3.216170,-1.456005,0.570773,-0.010068,0.032621,6.094426,0.198066,0.388881,0.388881,0.000000,,0,0,0,1,1,0,0.005355,-0.166723,0.6875,0.2292,0.2485,2,ok
0,1184,3.236267,-1.443149,0.585379,-0.009661,0.017132,6.118002,0.198913,-0.086479,0.238881,0.325360,C-06,0,0,0,1,1,0,-0.002930,-0.160686,0.7083,0.5276,0.2637,2,ok
0,1185,3.252908,-1.432136,0.590281,-0.009326,0.022034,6.137954,0.199609,-0.305459,0.088881,0.394340,C-06,0,0,0,1,1,0,-0.003492,-0.155538,0.7083,0.5612,0.2633,2,ok
0,1186,3.272862,-1.418777,0.587313,-0.008797,0.019066,6.161332,0.200275,-0.288134,-0.061119,0.227015,C-06,0,0,0,1,1,0,-0.001669,-0.161659,0.6667,0.5234,0.2646,2,ok
0,1187,3.292813,-1.405478,0.591963,-0.009073,-0.005918,6.185665,0.199614,0.160781,0.088881,-0.071900,C-06,0,0,0,1,1,0,-0.000425,-0.194068,0.6875,0.4738,0.2580,2,ok
0,1188,3.309352,-1.394318,0.602944,-0.009177,0.005063,6.205617,0.199071,0.571179,0.238881,-0.332298,C-06,0,0,0,1,1,0,-0.002846,-0.199269,0.7292,0.4924,0.2641,2,ok
0,1189,3.328976,-1.380683,0.624565,-0.009386,-0.002359,6.229249,0.198737,0.537581,0.388881,-0.148700,C-06,0,0,0,1,1,0,-0.003140,-0.196864,0.8125,0.4820,0.2626,2,ok
0,1190,3.345086,-1.369034,0.644232,-0.009413,0.017309,6.249129,0.198938,0.421325,0.421325,0.000000,,0,0,0,1,1,0,-0.003879,-0.186781,0.7708,0.5009,0.2647,2,ok
0,1191,3.364084,-1.354550,0.670912,-0.008962,0.014989,6.272759,0.199293,0.485645,0.485645,0.000000,,0,0,0,1,1,0,-0.005415,-0.180851,0.7708,0.5491,0.2675,2,ok
0,1192,3.379641,-1.342044,0.687942,-0.008537,0.032019,6.292715,0.199740,0.365851,0.365851,0.000000,,0,0,0,1,1,0,-0.004379,-0.144630,0.7292,0.5832,0.2682,2,ok
0,1193,3.398055,-1.326669,0.704431,-0.007581,0.048507,6.316685,0.200016,0.301595,0.301595,0.000000,,0,0,0,1,1,0,0.006962,-0.148832,0.6875,0.2523,0.2461,2,ok
0,1194,3.413251,-1.313658,0.711793,-0.006951,0.027248,6.336468,0.200082,-0.071403,0.151595,0.222998,C-06,0,0,0,1,1,0,-0.001667,-0.146462,0.7083,0.5717,0.2666,2,ok
0,1195,3.431416,-1.297971,0.712421,-0.006287,0.027876,6.360460,0.200000,-0.174544,0.001595,0.176139,C-06,0,0,0,1,1,0,-0.003117,-0.144283,0.6875,0.6326,0.2663,2,ok
0,1196,3.449625,-1.282346,0.704954,-0.005945,-0.009075,6.384283,0.199977,-0.213174,-0.148405,0.064770,C-06,0,0,0,1,1,0,-0.001652,-0.174135,0.6458,0.6077,0.2607,2,ok
0,1197,3.464864,-1.269394,0.704488,-0.006113,-0.009541,6.404282,0.200000,0.018329,0.001595,-0.016734,C-06,0,0,0,1,1,0,-0.005769,-0.185736,0.7292,0.6714,0.2614,2,ok
0,1198,3.483149,-1.253847,0.705985,-0.006311,-0.008044,6.428282,0.200026,0.307221,0.151595,-0.155626,C-06,0,0,0,1,1,0,-0.006040,-0.191974,0.7708,0.6441,0.2603,2,ok
0,1199,3.498310,-1.240776,0.719124,-0.006888,-0.023469,6.448107,0.200296,0.583952,0.301595,-0.282357,C-06,0,0,0,1,1,0,-0.008655,-0.203741,0.7708,0.6831,0.2593,2,ok
0,1200,3.516293,-1.224754,0.743638,-0.007228,0.001045,6.472190,0.201105,0.498494,0.451595,-0.046899,C-06,0,0,0,1,1,0,-0.008515,-0.208374,0.8333,0.6776,0.2598,2,ok
0,1201,3.530992,-1.211077,0.762400,-0.007379,-0.009005,6.492029,0.200567,0.395169,0.395169,0.000000,,0,0,0,1,1,0,-0.009669,-0.195639,0.7292,0.7340,0.2615,2,ok
0,1202,3.548175,-1.194277,0.789240,-0.007396,0.017835,6.516060,0.199929,0.470283,0.470283,0.000000,,0,0,0,1,1,0,-0.008852,-0.183882,0.7500,0.7406,0.2663,2,ok
0,1203,3.562148,-1.179999,0.805036,-0.006969,0.033631,6.536034,0.199643,0.280861,0.320283,0.039422,C-06,0,0,0,1,1,0,-0.008852,-0.183882,0.7500,0.7406,0.2663,2,ok
0,1204,3.578690,-1.162650,0.815216,-0.006700,0.013792,6.559838,0.199701,0.052129,0.170283,0.118154,C-06,0,0,0,1,1,0,-0.005638,-0.176852,0.7500,0.7694,0.2680,2,ok
0,1205,3.595129,-1.145171,0.816857,-0.006282,0.015433,6.583829,0.199962,-0.079929,0.020283,0.100212,C-06,0,0,0,1,1,0,-0.004732,-0.181280,0.7083,0.7587,0.2651,2,ok
0,1206,3.608810,-1.130590,0.818158,-0.006320,-0.012700,6.603636,0.199945,0.028205,0.028205,0.000000,,0,0,0,1,1,0,-0.000199,-0.208289,0.6875,0.6651,0.2584,2,ok
0,1207,3.625137,-1.113050,0.827663,-0.006501,-0.003194,6.627598,0.199554,0.666453,0.178205,-0.488248,C-06,0,0,0,1,1,0,-0.006783,-0.215426,0.6875,0.8031,0.2596,2,ok
0,1208,3.638565,-1.098292,0.842270,-0.006544,-0.018782,6.647329,0.199457,0.564294,0.328205,-0.236089,C-06,0,0,0,1,1,0,-0.001007,-0.220085,0.8125,0.6439,0.2531,2,ok
0,1209,3.654320,-1.080236,0.867711,-0.006774,0.006660,6.671291,0.199957,0.509234,0.478205,-0.031029,C-06,0,0,0,1,1,0,0.000442,-0.221074,0.8125,0.6081,0.2577,2,ok
0,1210,3.667128,-1.064850,0.887903,-0.006503,0.026852,6.691309,0.200377,0.445968,0.445968,0.000000,,0,0,0,1,1,0,-0.001605,-0.207636,0.7708,0.7050,0.2607,2,ok
0,1211,3.682167,-1.046044,0.913289,-0.006159,0.020736,6.715219,0.200890,0.463149,0.463149,0.000000,,0,0,0,1,1,0,-0.001109,-0.201501,0.7292,0.7313,0.2634,2,ok
0,1212,3.694401,-1.030089,0.934084,-0.005606,0.041530,6.735318,0.201225,0.445368,0.445368,0.000000,,0,0,0,1,1,0,0.003229,-0.216226,0.7500,0.6362,0.2647,2,ok
0,1213,3.708693,-1.010667,0.951395,-0.004744,0.026505,6.759236,0.201006,0.131603,0.295368,0.163765,C-06,0,0,0,1,1,0,0.005609,-0.206732,0.7292,0.6169,0.2619,2,ok
0,1214,3.722652,-0.991061,0.960212,-0.004112,0.035322,6.783294,0.200541,-0.372459,0.145368,0.517827,C-06,0,0,0,1,1,0,0.007890,-0.204962,0.7083,0.5910,0.2607,2,ok
0,1215,3.734118,-0.974671,0.960493,-0.003421,0.035603,6.803286,0.199988,-0.355626,-0.004632,0.350994,C-06,0,0,0,1,1,0,0.008464,-0.207843,0.7083,0.5522,0.2630,2,ok
0,1216,3.747873,-0.955004,0.960492,-0.003239,0.002122,6.827183,0.200001,0.000275,0.000275,0.000000,,0,0,0,1,1,0,0.006614,-0.226787,0.6667,0.5694,0.2575,2,ok
0,1217,3.759335,-0.938578,0.967317,-0.003130,0.008946,6.847213,0.200591,0.555274,0.150275,-0.404999,C-06,0,0,0,1,1,0,0.008534,-0.231965,0.7292,0.4729,0.2503,2,ok
0,1218,3.772952,-0.918708,0.984097,-0.003185,-0.012086,6.871195,0.201359,0.514911,0.300275,-0.214636,C-06,0,0,0,1,1,0,0.007092,-0.236900,0.7500,0.4894,0.2504,2,ok
0,1219,3.784106,-0.901941,1.005479,-0.003318,0.009296,6.891333,0.202209,0.461434,0.450275,-0.011159,C-06,0,0,0,1,1,0,0.005524,-0.235309,0.8125,0.4757,0.2601,2,ok
0,1220,3.797214,-0.881527,1.028708,-0.003086,0.032525,6.914438,0.202256,0.385700,0.385700,0.000000,,0,0,0,1,1,0,0.001642,-0.229287,0.7500,0.5535,0.2595,2,ok
0,1221,3.807840,-0.864272,1.053651,-0.003364,0.018287,6.935731,0.203285,0.504829,0.504829,0.000000,,0,0,0,1,1,0,0.001834,-0.217138,0.7292,0.5540,0.2618,2,ok
0,1222,3.820068,-0.843276,1.076122,-0.003047,0.040758,6.960026,0.202472,0.313027,0.354829,0.041802,C-06,0,0,0,1,1,0,0.005839,-0.219367,0.7083,0.4440,0.2581,2,ok
0,1223,3.831699,-0.822076,1.089428,-0.002797,0.012730,6.984072,0.201469,0.014468,0.204829,0.190361,C-06,0,0,0,1,1,0,0.006335,-0.203772,0.7708,0.4342,0.2615,2,ok
0,1224,3.841026,-0.804331,1.092838,-0.002623,0.016140,7.004118,0.200393,-0.136503,0.054829,0.191332,C-06,0,0,0,1,1,0,0.005240,-0.199480,0.7083,0.4459,0.2601,2,ok
0,1225,3.852067,-0.782958,1.104956,-0.002244,0.028258,7.025444,0.200913,0.203700,0.203700,0.000000,,0,0,0,1,1,0,0.005020,-0.205763,0.7083,0.4220,0.2640,2,ok
0,1226,3.861196,-0.765013,1.122925,-0.002794,0.005149,7.048200,0.201966,0.596886,0.353700,-0.243186,C-06,0,0,0,1,1,0,0.003284,-0.211124,0.7292,0.4231,0.2634,2,ok
0,1227,3.872085,-0.743225,1.154640,-0.003144,0.036864,7.072555,0.204075,0.639248,0.503700,-0.135549,C-06,0,0,0,1,1,0,0.003084,-0.212084,0.7708,0.4216,0.2630,2,ok
0,1228,3.880726,-0.724850,1.174671,-0.003447,0.017492,7.092728,0.202958,0.166948,0.353700,0.186751,C-06,0,0,0,1,1,0,0.002515,-0.179215,0.7708,0.4541,0.2586,2,ok
0,1229,3.890371,-0.702642,1.188772,-0.003488,0.031593,7.116939,0.201693,0.201200,0.203700,0.002500,C-06,0,0,0,1,1,0,0.005307,-0.165513,0.7917,0.3837,0.2668,2,ok
0,1230,3.897930,-0.684069,1.192347,-0.003057,0.035168,7.135415,0.200439,0.031003,0.053700,0.022697,C-06,0,0,0,1,1,0,0.004705,-0.157957,0.7917,0.3956,0.2656,2,ok
0,1231,3.906832,-0.661713,1.205466,-0.003201,0.011187,7.160949,0.200935,0.366944,0.203700,-0.163244,C-06,0,0,0,1,1,0,0.003585,-0.160299,0.7917,0.4078,0.2651,2,ok
0,1232,3.915729,-0.639203,1.228677,-0.003235,0.034398,7.185153,0.202403,0.410980,0.353700,-0.057280,C-06,0,0,0,1,1,0,0.003932,-0.173178,0.7917,0.3876,0.2627,2,ok
0,1233,3.922839,-0.620319,1.241018,-0.003435,0.013097,7.205228,0.201707,-0.128312,0.203700,0.332011,C-06,0,0,0,1,1,0,0.004536,-0.164011,0.7500,0.3783,0.2640,2,ok
0,1234,3.930746,-0.597594,1.245328,-0.003228,0.017408,7.229289,0.200438,-0.346560,0.053700,0.400259,C-06,0,0,0,1,1,0,0.004007,-0.158513,0.7083,0.3948,0.2636,2,ok
0,1235,3.937147,-0.578657,1.240537,-0.003086,-0.018266,7.249167,0.199711,-0.347260,-0.096300,0.250960,C-06,0,0,0,1,1,0,0.003023,-0.161675,0.7083,0.3944,0.2620,2,ok
0,1236,3.944815,-0.555977,1.234531,-0.003541,-0.024272,7.273104,0.199337,-0.086777,-0.086777,0.000000,,0,0,0,1,1,0,0.000637,-0.173029,0.7083,0.4195,0.2608,2,ok
0,1237,3.951401,-0.537090,1.237520,-0.004109,-0.021283,7.293099,0.200178,0.541644,0.063223,-0.478421,C-06,0,0,0,1,1,0,-0.001462,-0.192318,0.8125,0.3865,0.2621,2,ok
0,1238,3.959291,-0.514359,1.251468,-0.005273,-0.037258,7.317019,0.200903,0.614911,0.213223,-0.401688,C-06,0,0,0,1,1,0,-0.003208,-0.194261,0.8125,0.3870,0.2620,2,ok
0,1239,3.965863,-0.495311,1.271779,-0.006308,-0.016948,7.337143,0.202046,0.543520,0.363223,-0.180297,C-06,0,0,0,1,1,0,-0.005990,-0.191683,0.7917,0.4384,0.2647,2,ok
0,1240,3.973699,-0.472295,1.295540,-0.007742,-0.021571,7.361222,0.202782,0.334997,0.334997,0.000000,,0,0,0,1,1,0,-0.006866,-0.174498,0.7917,0.4430,0.2639,2,ok
0,1241,3.980867,-0.449141,1.313156,-0.008872,-0.003955,7.385433,0.201904,0.239491,0.239491,0.000000,,0,0,0,1,1,0,-0.006958,-0.163556,0.7500,0.4545,0.2670,2,ok
0,1242,3.986217,-0.429784,1.319679,-0.009194,0.002568,7.404250,0.200770,0.101459,0.101459,0.000000,,0,0,0,1,1,0,-0.008345,-0.160387,0.7708,0.4978,0.2707,2,ok
0,1243,3.992413,-0.406518,1.325826,-0.010066,-0.017070,7.429316,0.200627,0.083963,0.083963,0.000000,,0,0,0,1,1,0,-0.008701,-0.163115,0.7292,0.4985,0.2669,2,ok
0,1244,3.997472,-0.387086,1.339140,-0.010654,-0.003756,7.449387,0.201080,0.451004,0.233963,-0.217042,C-06,0,0,0,1,1,0,-0.008031,-0.174539,0.7292,0.4758,0.2646,2,ok
0,1245,4.003539,-0.363656,1.366812,-0.011713,-0.001700,7.473304,0.202222,0.655501,0.383963,-0.271538,C-06,0,0,0,1,1,0,-0.010598,-0.183320,0.6875,0.5182,0.2695,2,ok
0,1246,4.008595,-0.344014,1.397507,-0.012735,0.028995,7.493561,0.203329,0.501668,0.501668,0.000000,,0,0,0,1,1,0,-0.009077,-0.162962,0.7292,0.5074,0.2674,2,ok
0,1247,4.013906,-0.320318,1.425190,-0.013365,0.031768,7.517531,0.202198,0.108234,0.351668,0.243435,C-06,0,0,0,1,1,0,-0.007689,-0.138221,0.8333,0.5095,0.2629,2,ok
0,1248,4.017434,-0.300510,1.439040,-0.013327,0.045617,7.537651,0.201093,-0.086094,0.201668,0.287763,C-06,0,0,0,1,1,0,-0.006949,-0.127604,0.8333,0.4970,0.2631,2,ok
0,1249,4.020787,-0.276709,1.443761,-0.012410,0.050338,7.561669,0.200248,-0.036566,0.051668,0.088235,C-06,0,0,0,1,1,0,-0.006949,-0.127604,0.8333,0.4970,0.2631,2,ok
0,1250,4.024051,-0.252882,1.458905,-0.011958,0.041617,7.585401,0.200585,0.214989,0.201668,-0.013320,C-06,0,0,0,1,1,0,-0.006870,-0.112010,0.7917,0.5720,0.2653,2,ok
0,1251,4.026770,-0.232993,1.472469,-0.011619,0.055181,7.605473,0.200869,0.205809,0.205809,0.000000,,0,0,0,1,1,0,-0.003374,-0.114873,0.7708,0.5094,0.2640,2,ok
0,1252,4.029677,-0.209095,1.484621,-0.011155,0.043200,7.629274,0.200581,0.149635,0.149635,0.000000,,0,0,0,1,1,0,-0.005016,-0.113465,0.7500,0.5859,0.2648,2,ok
0,1253,4.031965,-0.189157,1.500194,-0.010858,0.058773,7.649340,0.200797,0.238036,0.238036,0.000000,,0,0,0,1,1,0,-0.003502,-0.116462,0.7292,0.5801,0.2670,2,ok
0,1254,4.034381,-0.165204,1.515843,-0.010257,0.049721,7.673170,0.200564,0.189625,0.189625,0.000000,,0,0,0,1,1,0,-0.001345,-0.111641,0.7500,0.5653,0.2670,2,ok
0,1255,4.035835,-0.145230,1.523199,-0.009589,0.057077,7.693185,0.200237,0.101219,0.101219,0.000000,,0,0,0,1,1,0,0.001116,-0.119123,0.6667,0.5432,0.2612,2,ok
0,1256,4.037252,-0.121254,1.529084,-0.008459,0.062962,7.717176,0.200138,0.069523,0.069523,0.000000,,0,0,0,1,1,0,0.000781,-0.117182,0.7708,0.5810,0.2659,2,ok
0,1257,4.038316,-0.101270,1.533754,-0.007770,0.043462,7.736970,0.200122,0.067622,0.067622,0.000000,,0,0,0,1,1,0,0.002362,-0.122069,0.7917,0.5684,0.2682,2,ok
0,1258,4.039529,-0.077283,1.543354,-0.007044,0.053063,7.760977,0.200178,0.118669,0.118669,0.000000,,0,0,0,1,1,0,0.002107,-0.128287,0.7917,0.5879,0.2636,2,ok
0,1259,4.040518,-0.053289,1.550367,-0.006332,0.034640,7.784809,0.200099,0.081727,0.081727,0.000000,,0,0,0,1,1,0,0.002850,-0.130569,0.8125,0.5929,0.2686,2,ok
0,1260,4.041097,-0.033293,1.553836,-0.005818,0.038108,7.804807,0.200043,0.047187,0.047187,0.000000,,0,0,0,1,1,0,0.004299,-0.133033,0.7708,0.5501,0.2643,2,ok
0,1261,4.041736,-0.009295,1.564420,-0.005144,0.048692,7.828804,0.200066,0.131148,0.131148,0.000000,,0,0,0,1,1,0,0.002391,-0.150134,0.7708,0.6084,0.2662,2,ok
0,1262,4.042169,0.010705,1.570792,-0.004937,0.029011,7.848691,0.200035,0.086636,0.086636,0.000000,,0,0,0,1,1,0,0.001493,-0.161323,0.7500,0.6470,0.2686,2,ok
0,1263,4.042343,0.034705,1.574472,-0.004344,0.032692,7.872684,0.200001,0.040693,0.040693,0.000000,,0,0,0,1,1,0,0.003657,-0.164932,0.7292,0.6008,0.2661,2,ok
0,1264,4.042306,0.054705,1.568726,-0.003986,-0.000641,7.892558,0.200000,-0.089317,-0.089317,0.000000,,0,0,0,1,1,0,-0.000487,-0.187039,0.7292,0.6717,0.2675,2,ok
0,1265,4.042360,0.078705,1.573068,-0.003995,0.003701,7.916558,0.200000,0.067708,0.060683,-0.007025,C-06,0,0,0,1,1,0,0.001231,-0.200577,0.7292,0.6012,0.2598,2,ok
0,1266,4.042410,0.098704,1.586930,-0.004008,0.017563,7.935545,0.199977,0.309789,0.210683,-0.099106,C-06,0,0,0,1,1,0,-0.001183,-0.207079,0.8125,0.6469,0.2614,2,ok
0,1267,4.042470,0.122692,1.615998,-0.004674,0.016969,7.960432,0.199808,0.527204,0.360683,-0.166521,C-06,0,0,0,1,1,0,-0.004548,-0.203488,0.8125,0.7188,0.2637,2,ok
0,1268,4.042189,0.146656,1.634214,-0.004972,0.035185,7.984395,0.199650,0.212173,0.212173,0.000000,,0,0,0,1,1,0,-0.004000,-0.184478,0.7917,0.7410,0.2666,2,ok
0,1269,4.041743,0.166602,1.654654,-0.005504,0.022775,8.004173,0.199368,0.311471,0.311471,0.000000,,0,0,0,1,1,0,-0.002513,-0.177213,0.7917,0.7036,0.2659,2,ok
0,1270,4.040946,0.190488,1.681661,-0.006071,0.049783,8.028066,0.199010,0.340978,0.340978,0.000000,,0,0,0,1,1,0,-0.005776,-0.180107,0.7500,0.8080,0.2720,2,ok
0,1271,4.039347,0.210349,1.695001,-0.005768,0.029655,8.047778,0.199259,0.077186,0.190978,0.113792,C-06,0,0,0,1,1,0,-0.003848,-0.172185,0.7708,0.7773,0.2711,2,ok
0,1272,4.036532,0.234158,1.698702,-0.005191,0.033356,8.071746,0.199815,-0.359058,0.040978,0.400037,C-06,0,0,0,1,1,0,-0.004992,-0.167438,0.7917,0.8260,0.2708,2,ok
0,1273,4.033989,0.254001,1.692494,-0.004515,0.027148,8.091740,0.200149,-0.457162,-0.109022,0.348140,C-06,0,0,0,1,1,0,-0.001832,-0.176568,0.7083,0.7546,0.2653,2,ok
0,1274,4.030996,0.277828,1.690187,-0.004442,-0.009799,8.115583,0.200109,-0.024457,-0.024457,0.000000,,0,0,0,1,1,0,-0.006339,-0.204258,0.7083,0.8371,0.2675,2,ok
0,1275,4.028607,0.297677,1.697542,-0.004693,-0.002444,8.135574,0.199833,0.546127,0.125543,-0.420584,C-06,0,0,0,1,1,0,-0.009890,-0.220100,0.7292,0.9098,0.2651,2,ok
0,1276,4.025748,0.321454,1.717959,-0.005220,-0.016712,8.159351,0.199296,0.700014,0.275543,-0.424471,C-06,0,0,0,1,1,0,-0.010746,-0.225059,0.7917,0.9302,0.2623,2,ok
0,1277,4.022888,0.345137,1.749586,-0.006300,0.014915,8.183181,0.198301,0.695805,0.425543,-0.270262,C-06,0,0,0,1,1,0,-0.010232,-0.218645,0.7917,0.9464,0.2676,2,ok
0,1278,4.020505,0.364754,1.784332,-0.007180,0.049661,8.202924,0.196993,0.572356,0.572356,0.000000,,0,0,0,1,1,0,-0.009221,-0.203356,0.7708,0.9499,0.2673,2,ok
0,1279,4.016794,0.388114,1.819756,-0.007999,0.051862,8.226330,0.196987,0.478513,0.478513,0.000000,,0,0,0,1,1,0,-0.007881,-0.182523,0.7917,0.9626,0.2666,2,ok
0,1280,4.012710,0.407441,1.841373,-0.007784,0.073479,8.246083,0.197556,0.352351,0.352351,0.000000,,0,0,0,1,1,0,-0.008370,-0.176559,0.7708,1.0334,0.2709,2,ok
0,1281,4.006833,0.430517,1.856486,-0.006845,0.055678,8.269641,0.198497,0.038486,0.202351,0.163866,C-06,0,0,0,1,1,0,-0.002681,-0.169084,0.7708,0.9366,0.2645,2,ok
0,1282,4.001330,0.449694,1.860197,-0.005870,0.059389,8.289568,0.199595,-0.151578,0.052351,0.203929,C-06,0,0,0,1,1,0,-0.003109,-0.163603,0.7500,1.0057,0.2665,2,ok
0,1283,3.994486,0.472715,1.853970,-0.004468,0.053162,8.313544,0.200332,-0.118105,-0.097649,0.020457,C-06,0,0,0,1,1,0,-0.006059,-0.176731,0.7917,1.1052,0.2695,2,ok
0,1284,3.988862,0.491923,1.852627,-0.003935,0.018143,8.333422,0.200126,-0.016207,-0.016207,0.000000,,0,0,0,1,1,0,-0.006875,-0.207611,0.7292,1.1067,0.2686,2,ok
0,1285,3.982186,0.514953,1.860285,-0.003397,0.025801,8.357394,0.199602,0.118360,0.118360,0.000000,,0,0,0,1,1,0,-0.006964,-0.217368,0.7292,1.1230,0.2695,2,ok
0,1286,3.975513,0.537894,1.878326,-0.003306,0.008166,8.381166,0.198612,0.587077,0.268360,-0.318717,C-06,0,0,0,1,1,0,-0.010462,-0.237770,0.8542,1.2399,0.2744,2,ok
0,1287,3.969952,0.556886,1.901692,-0.003544,0.031532,8.400954,0.197237,0.745221,0.418360,-0.326861,C-06,0,0,0,1,1,0,-0.006037,-0.240236,0.8125,1.1533,0.2617,2,ok
0,1288,3.963161,0.579436,1.939473,-0.003647,0.069313,8.423386,0.195742,0.639215,0.568360,-0.070855,C-06,0,0,0,1,1,0,-0.008854,-0.233511,0.8125,1.2622,0.2685,2,ok
0,1289,3.956671,0.598002,1.963431,-0.003639,0.055846,8.444035,0.196794,0.315429,0.418360,0.102931,C-06,0,0,0,1,1,0,-0.001134,-0.220384,0.7708,1.1087,0.2673,2,ok
0,1290,3.947967,0.620088,1.981686,-0.002652,0.074101,8.467755,0.197925,-0.009031,0.268360,0.277391,C-06,0,0,0,1,1,0,0.000356,-0.222411,0.7708,1.1138,0.2664,2,ok
0,1291,3.940166,0.638393,1.988781,-0.001668,0.040582,8.487543,0.199076,-0.405567,0.118360,0.523927,C-06,0,0,0,1,1,0,-0.000464,-0.226254,0.7708,1.1829,0.2670,2,ok
0,1292,3.930435,0.660331,1.987300,-0.000667,0.039100,8.511522,0.200121,-0.419268,-0.031640,0.387628,C-06,0,0,0,1,1,0,0.001223,-0.235361,0.7708,1.1586,0.2652,2,ok
0,1293,3.922339,0.678620,1.987985,0.000152,0.039785,8.531505,0.199960,0.016550,0.016550,0.000000,,0,0,0,1,1,0,-0.001994,-0.254658,0.7500,1.2264,0.2597,2,ok
0,1294,3.912614,0.700514,1.998238,0.000237,0.007269,8.555470,0.199273,0.886470,0.166550,-0.719920,C-06,0,0,0,1,1,0,-0.004198,-0.284967,0.7083,1.2490,0.2636,2,ok
0,1295,3.902827,0.722259,2.017907,0.000362,0.026938,8.579316,0.198011,0.490569,0.316550,-0.174019,C-06,0,0,0,1,1,0,-0.005293,-0.294923,0.8333,1.2902,0.2549,2,ok
0,1296,3.894575,0.740191,2.041900,0.000169,0.005416,8.599072,0.196718,0.697398,0.466550,-0.230848,C-06,0,0,0,1,1,0,-0.004164,-0.293817,0.8333,1.2623,0.2555,2,ok
0,1297,3.884240,0.761408,2.072463,-0.000057,0.035978,8.622671,0.196776,0.492359,0.492359,0.000000,,0,0,0,1,1,0,-0.002174,-0.283411,0.8333,1.2232,0.2546,2,ok
0,1298,3.875061,0.778820,2.098189,0.000382,0.061705,8.642349,0.196945,0.506072,0.506072,0.000000,,0,0,0,1,1,0,-0.001738,-0.271311,0.7708,1.2336,0.2573,2,ok
0,1299,3.863382,0.799345,2.133374,0.000644,0.049436,8.665984,0.196928,0.593340,0.593340,0.000000,,0,0,0,1,1,0,-0.000384,-0.254260,0.7917,1.2176,0.2591,2,ok
0,1300,3.852978,0.816118,2.160156,0.001522,0.076219,8.685703,0.197596,0.544209,0.544209,0.000000,,0,0,0,1,1,0,0.008881,-0.260912,0.8125,1.0507,0.2505,2,ok
0,1301,3.839751,0.835909,2.183435,0.002937,0.049680,8.709594,0.198555,0.131241,0.394209,0.262968,C-06,0,0,0,1,1,0,0.009384,-0.259012,0.7500,1.0770,0.2528,2,ok
0,1302,3.828301,0.852199,2.195623,0.003957,0.061868,8.729480,0.199211,-0.381938,0.244209,0.626147,C-06,0,0,0,1,1,0,0.010665,-0.257026,0.7500,1.0626,0.2540,2,ok
0,1303,3.814267,0.871620,2.201532,0.005498,0.067776,8.753391,0.199717,-0.384693,0.094209,0.478902,C-06,0,0,0,1,1,0,0.010665,-0.257026,0.7500,1.0626,0.2540,2,ok
0,1304,3.800083,0.890912,2.214761,0.006177,0.028917,8.777619,0.199385,0.385746,0.244209,-0.141537,C-06,0,0,0,1,1,0,0.022594,-0.303790,0.7292,0.8283,0.2404,2,ok
0,1305,3.788037,0.906803,2.232460,0.006887,0.046616,8.797548,0.199279,0.629956,0.394209,-0.235747,C-06,0,0,0,1,1,0,0.017450,-0.301816,0.7500,0.8977,0.2487,2,ok
0,1306,3.773144,0.925544,2.258940,0.007845,0.019403,8.821878,0.199650,0.489458,0.489458,0.000000,,0,0,0,1,1,0,0.018632,-0.304403,0.8333,0.8613,0.2516,2,ok
0,1307,3.760290,0.940857,2.281113,0.008476,0.041576,8.841861,0.200197,0.494042,0.494042,0.000000,,0,0,0,1,1,0,0.018531,-0.296831,0.7917,0.8382,0.2511,2,ok
0,1308,3.744442,0.958953,2.302944,0.009738,0.063407,8.865882,0.200694,0.392666,0.392666,0.000000,,0,0,0,1,1,0,0.021960,-0.290329,0.8333,0.7533,0.2517,2,ok
0,1309,3.730945,0.973825,2.320358,0.010243,0.025871,8.886521,0.200832,0.373560,0.373560,0.000000,,0,0,0,1,1,0,0.022628,-0.285054,0.8125,0.7313,0.2521,2,ok
0,1310,3.714446,0.991335,2.337158,0.011023,0.042672,8.910567,0.200343,0.291593,0.291593,0.000000,,0,0,0,1,1,0,0.023416,-0.289236,0.8125,0.6790,0.2551,2,ok
0,1311,3.700520,1.005707,2.344501,0.011744,-0.006367,8.931220,0.200100,0.124823,0.141593,0.016769,C-06,0,0,0,1,1,0,0.021924,-0.294440,0.7500,0.6920,0.2556,2,ok
0,1312,3.683693,1.022829,2.350991,0.011684,0.000123,8.955227,0.200035,0.110603,0.110603,0.000000,,0,0,0,1,1,0,0.022727,-0.298984,0.7708,0.6234,0.2558,2,ok
0,1313,3.666700,1.039771,2.365579,0.011869,0.014711,8.979222,0.199867,0.549104,0.260603,-0.288500,C-06,0,0,0,1,1,0,0.019930,-0.316854,0.7292,0.5902,0.2570,2,ok
0,1314,3.652357,1.053652,2.384006,0.011450,-0.023540,8.999853,0.199366,0.396717,0.396717,0.000000,,0,0,0,1,1,0,0.018144,-0.323727,0.7292,0.5866,0.2540,2,ok
0,1315,3.634824,1.069885,2.414023,0.011157,0.006478,9.023745,0.199109,0.680895,0.546717,-0.134178,C-06,0,0,0,1,1,0,0.016994,-0.321566,0.7708,0.5734,0.2583,2,ok
0,1316,3.619745,1.082972,2.443219,0.011553,0.035673,9.041403,0.200085,0.656092,0.656092,0.000000,,0,0,0,1,1,0,0.012599,-0.293367,0.8125,0.6114,0.2632,2,ok
0,1317,3.601125,1.098211,2.474482,0.011156,0.010426,9.068443,0.200858,0.566970,0.566970,0.000000,,0,0,0,1,1,0,0.014402,-0.274690,0.7917,0.5507,0.2600,2,ok
0,1318,3.585280,1.110568,2.496072,0.011427,0.032017,9.088535,0.201105,0.459294,0.459294,0.000000,,0,0,0,1,1,0,0.017178,-0.246307,0.8125,0.4745,0.2588,2,ok
0,1319,3.565916,1.125038,2.523647,0.011439,0.003983,9.113348,0.201692,0.490185,0.490185,0.000000,,0,0,0,1,1,0,0.015825,-0.235333,0.8125,0.5008,0.2623,2,ok
0,1320,3.549516,1.136717,2.540433,0.011476,0.020769,9.133481,0.201377,0.307551,0.340185,0.032634,C-06,0,0,0,1,1,0,0.015825,-0.235333,0.8125,0.5008,0.2623,2,ok
0,1321,3.529643,1.150355,2.551970,0.011940,0.032306,9.155227,0.200842,-0.287173,0.190185,0.477359,C-06,0,0,0,1,1,0,0.017488,-0.229641,0.7708,0.4557,0.2614,2,ok
0,1322,3.509674,1.163714,2.554821,0.011198,-0.016735,9.182259,0.200181,-0.500240,0.040185,0.540425,C-06,0,0,0,1,1,0,0.016752,-0.224302,0.7083,0.4097,0.2577,2,ok
0,1323,3.493043,1.174788,2.550018,0.010749,-0.021538,9.202234,0.199570,-0.367383,-0.109815,0.257568,C-06,0,0,0,1,1,0,0.013474,-0.228709,0.7500,0.4393,0.2586,2,ok
0,1324,3.473113,1.188170,2.551768,0.009363,-0.065550,9.226732,0.200174,0.707971,0.040185,-0.667785,C-06,0,0,0,1,1,0,0.009053,-0.243717,0.7500,0.4526,0.2602,2,ok
0,1325,3.456448,1.199295,2.560407,0.007861,-0.056911,9.246712,0.200733,0.505255,0.190185,-0.315070,C-06,0,0,0,1,1,0,0.007034,-0.249674,0.7500,0.4314,0.2597,2,ok
0,1326,3.436308,1.212573,2.572920,0.006056,-0.085826,9.271012,0.201093,0.215191,0.215191,0.000000,,0,0,0,1,1,0,0.005112,-0.254300,0.8125,0.4106,0.2570,2,ok
0,1327,3.419381,1.223472,2.587358,0.004108,-0.071389,9.291051,0.201643,0.298533,0.298533,0.000000,,0,0,0,1,1,0,0.003777,-0.255816,0.8125,0.3961,0.2595,2,ok
0,1328,3.398816,1.236284,2.613643,0.002124,-0.045104,9.315199,0.202794,0.495142,0.448533,-0.046610,C-06,0,0,0,1,1,0,0.001358,-0.250859,0.8333,0.3933,0.2614,2,ok
0,1329,3.381397,1.246750,2.643486,0.000397,-0.050680,9.335493,0.204172,0.662127,0.598533,-0.063594,C-06,0,0,0,1,1,0,-0.000541,-0.243178,0.8542,0.4074,0.2605,2,ok
0,1330,3.360092,1.258986,2.683614,-0.001427,-0.010552,9.359994,0.205012,0.644297,0.644297,0.000000,,0,0,0,1,1,0,-0.001743,-0.218211,0.7708,0.4185,0.2599,2,ok
0,1331,3.338396,1.270332,2.715974,-0.002577,-0.008092,9.384381,0.204040,-0.079382,0.494297,0.573679,C-06,0,0,0,1,1,0,-0.001012,-0.173997,0.7708,0.4152,0.2634,2,ok
0,1332,3.320101,1.279109,2.735286,-0.003264,0.011220,9.404661,0.202847,0.096939,0.344297,0.247358,C-06,0,0,0,1,1,0,0.000823,-0.154156,0.7292,0.4040,0.2651,2,ok
0,1333,3.297989,1.288948,2.748755,-0.003389,0.024689,9.428863,0.201601,-0.069500,0.194297,0.263797,C-06,0,0,0,1,1,0,0.001089,-0.143959,0.7292,0.4142,0.2647,2,ok
0,1334,3.279498,1.296690,2.751869,-0.003558,0.000098,9.448821,0.200360,-0.356702,0.044297,0.400999,C-06,0,0,0,1,1,0,0.004507,-0.147017,0.7292,0.3362,0.2659,2,ok
0,1335,3.257325,1.305811,2.745417,-0.003616,-0.006354,9.472797,0.199556,-0.172223,-0.105703,0.066520,C-06,0,0,0,1,1,0,0.003357,-0.144627,0.7500,0.3569,0.2621,2,ok
0,1336,3.238869,1.313523,2.747263,-0.004028,-0.030523,9.492706,0.200132,0.259947,0.044297,-0.215650,C-06,0,0,0,1,1,0,-0.000838,-0.159676,0.8125,0.3911,0.2656,2,ok
0,1337,3.216657,1.322742,2.759631,-0.004734,-0.018156,9.516745,0.200815,0.242647,0.194297,-0.048350,C-06,0,0,0,1,1,0,-0.002366,-0.163146,0.8333,0.3856,0.2656,2,ok
0,1338,3.198033,1.330422,2.778269,-0.005278,0.000483,9.535228,0.202032,0.432582,0.344297,-0.088285,C-06,0,0,0,1,1,0,-0.003381,-0.159807,0.7917,0.3917,0.2660,2,ok
0,1339,3.175469,1.339637,2.811053,-0.006565,0.008789,9.561079,0.204072,0.538951,0.494297,-0.044654,C-06,0,0,0,1,1,0,-0.004261,-0.145353,0.7917,0.4019,0.2653,2,ok
0,1340,3.152675,1.348229,2.835311,-0.007146,0.033047,9.585432,0.202930,0.291584,0.344297,0.052713,C-06,0,0,0,1,1,0,-0.001406,-0.135587,0.7500,0.3505,0.2632,2,ok
0,1341,3.133569,1.354692,2.847293,-0.007275,0.022077,9.605460,0.201594,0.045494,0.194297,0.148803,C-06,0,0,0,1,1,0,0.000484,-0.116538,0.7500,0.3470,0.2630,2,ok
0,1342,3.110586,1.361779,2.851039,-0.006845,0.025822,9.629507,0.200351,-0.029547,0.044297,0.073844,C-06,0,0,0,1,1,0,0.002340,-0.108636,0.7083,0.3113,0.2645,2,ok
0,1343,3.091425,1.367530,2.850810,-0.006552,0.002888,9.649340,0.200035,-0.006967,-0.006967,0.000000,,0,0,0,1,1,0,0.002347,-0.111868,0.7083,0.3208,0.2636,2,ok
0,1344,3.068431,1.374423,2.851097,-0.006556,0.003174,9.673345,0.200036,0.004649,0.004649,0.000000,,0,0,0,1,1,0,0.002075,-0.117203,0.7083,0.3259,0.2634,2,ok
0,1345,3.049256,1.380158,2.856290,-0.006547,0.008367,9.693359,0.200283,0.096497,0.096497,0.000000,,0,0,0,1,1,0,0.001027,-0.123814,0.7917,0.3075,0.2654,2,ok
0,1346,3.026179,1.387040,2.871369,-0.006941,0.003071,9.717320,0.201055,0.222242,0.222242,0.000000,,0,0,0,1,1,0,-0.001868,-0.123084,0.8333,0.3447,0.2648,2,ok
0,1347,3.006883,1.392656,2.879098,-0.007145,0.010801,9.737415,0.200943,0.121361,0.121361,0.000000,,0,0,0,1,1,0,-0.001570,-0.122835,0.8542,0.3344,0.2653,2,ok
0,1348,2.983671,1.399276,2.890541,-0.007599,0.001016,9.761385,0.201248,0.161839,0.161839,0.000000,,0,0,0,1,1,0,-0.000834,-0.116309,0.8333,0.3235,0.2652,2,ok
0,1349,2.960370,1.405789,2.909523,-0.008132,0.019997,9.785573,0.202021,0.269563,0.269563,0.000000,,0,0,0,1,1,0,-0.000529,-0.118882,0.8125,0.3179,0.2655,2,ok
0,1350,2.940879,1.410876,2.921389,-0.008335,0.012076,9.805586,0.201376,0.188026,0.188026,0.000000,,0,0,0,1,1,0,-0.000413,-0.111573,0.7708,0.3202,0.2636,2,ok
0,1351,2.917412,1.416792,2.940156,-0.008629,0.030842,9.829786,0.201852,0.258551,0.258551,0.000000,,0,0,0,1,1,0,-0.000738,-0.102286,0.7708,0.3305,0.2637,2,ok
0,1352,2.897796,1.421217,2.950094,-0.008369,0.040781,9.849892,0.201023,0.152833,0.152833,0.000000,,0,0,0,1,1,0,-0.001217,-0.094994,0.7292,0.3592,0.2655,2,ok
0,1353,2.874212,1.426215,2.960488,-0.008285,0.031537,9.873800,0.200883,0.137202,0.137202,0.000000,,0,0,0,1,1,0,0.000821,-0.096948,0.6875,0.3340,0.2653,2,ok
0,1354,2.854527,1.430117,2.967351,-0.007982,0.038400,9.893866,0.200666,0.107447,0.107447,0.000000,,0,0,0,1,1,0,0.002126,-0.092637,0.7708,0.3086,0.2642,2,ok
0,1355,2.830876,1.434568,2.974238,-0.007646,0.026700,9.917785,0.200536,0.089666,0.089666,0.000000,,0,0,0,1,1,0,0.002878,-0.088800,0.8333,0.2958,0.2638,2,ok
0,1356,2.811142,1.438201,2.982891,-0.007444,0.035353,9.937849,0.200785,0.139778,0.139778,0.000000,,0,0,0,1,1,0,0.002484,-0.086839,0.8125,0.3082,0.2643,2,ok
0,1357,2.787430,1.442289,2.989839,-0.007026,0.022963,9.961785,0.200488,0.087398,0.087398,0.000000,,0,0,0,1,1,0,0.001572,-0.084710,0.8125,0.3373,0.2662,2,ok
0,1358,2.763689,1.446276,2.999619,-0.006820,0.032743,9.985858,0.200707,0.129399,0.129399,0.000000,,0,0,0,1,1,0,0.000130,-0.076542,0.7708,0.3863,0.2681,2,ok
0,1359,2.743880,1.449439,3.006937,-0.006489,0.040061,10.005915,0.200584,0.112074,0.112074,0.000000,,0,0,0,1,1,0,0.001484,-0.082325,0.7708,0.3571,0.2655,2,ok
0,1360,2.720088,1.452899,3.012401,-0.006126,0.027139,10.029843,0.200329,0.067092,0.067092,0.000000,,0,0,0,1,1,0,0.002543,-0.082158,0.7708,0.3335,0.2640,2,ok
0,1361,2.700251,1.455617,3.015489,-0.005697,0.030227,10.049861,0.200217,0.045765,0.045765,0.000000,,0,0,0,1,1,0,0.003174,-0.080094,0.7083,0.3243,0.2637,2,ok
0,1362,2.676433,1.458832,3.021640,-0.005389,0.018642,10.073786,0.200355,0.080637,0.080637,0.000000,,0,0,0,1,1,0,0.000386,-0.086203,0.7292,0.3949,0.2711,2,ok
0,1363,2.656567,1.461511,3.030359,-0.005307,0.027361,10.093832,0.200550,0.137239,0.137239,0.000000,,0,0,0,1,1,0,0.001079,-0.094243,0.7708,0.3698,0.2696,2,ok
0,1364,2.632704,1.464543,3.038626,-0.005118,0.017151,10.117787,0.200438,0.103095,0.103095,0.000000,,0,0,0,1,1,0,0.001079,-0.094243,0.7708,0.3698,0.2696,2,ok
0,1365,2.612801,1.466979,3.048100,-0.005176,0.026625,10.137839,0.200597,0.146037,0.146037,0.000000,,0,0,0,1,1,0,-0.000322,-0.092064,0.8333,0.4353,0.2693,2,ok
0,1366,2.588894,1.469698,3.058576,-0.005039,0.037101,10.161899,0.200481,0.129887,0.129887,0.000000,,0,0,0,1,1,0,0.000782,-0.094266,0.8542,0.4145,0.2675,2,ok
0,1367,2.564972,1.471917,3.063658,-0.004722,0.024487,10.185845,0.200190,0.058306,0.058306,0.000000,,0,0,0,1,1,0,0.003022,-0.086803,0.7708,0.3621,0.2700,2,ok
0,1368,2.545027,1.473697,3.071799,-0.004432,0.032628,10.205868,0.200298,0.126050,0.126050,0.000000,,0,0,0,1,1,0,0.000937,-0.086846,0.7917,0.4061,0.2655,2,ok
0,1369,2.521083,1.475458,3.074014,-0.003967,0.017175,10.229785,0.200055,0.020210,0.020210,0.000000,,0,0,0,1,1,0,-0.002103,-0.085262,0.7917,0.5002,0.2682,2,ok
0,1370,2.501129,1.476860,3.072543,-0.003721,0.015703,10.249786,0.200015,-0.026047,-0.026047,0.000000,,0,0,0,1,1,0,-0.001382,-0.084397,0.7708,0.4730,0.2702,2,ok
0,1371,2.477181,1.478519,3.080194,-0.003454,0.006099,10.273744,0.200096,0.100937,0.100937,0.000000,,0,0,0,1,1,0,0.000112,-0.090744,0.6875,0.4343,0.2676,2,ok
0,1372,2.457214,1.479901,3.089225,-0.003453,0.015130,10.293759,0.200198,0.135365,0.135365,0.000000,,0,0,0,1,1,0,-0.006765,-0.096266,0.7708,0.5911,0.2721,2,ok
0,1373,2.433240,1.481558,3.100085,-0.003450,0.025990,10.317790,0.200296,0.131722,0.131722,0.000000,,0,0,0,1,1,0,-0.003723,-0.096909,0.7917,0.5467,0.2702,2,ok
0,1374,2.413254,1.482822,3.108899,-0.003638,0.017180,10.337748,0.200241,0.127376,0.127376,0.000000,,0,0,0,1,1,0,-0.000929,-0.094926,0.7917,0.5086,0.2707,2,ok
0,1375,2.389262,1.484206,3.122848,-0.003827,0.031128,10.361779,0.200262,0.170044,0.170044,0.000000,,0,0,0,1,1,0,-0.000820,-0.090776,0.7917,0.5224,0.2620,2,ok
0,1376,2.365265,1.485077,3.131733,-0.003701,0.023130,10.385728,0.200089,0.101596,0.101596,0.000000,,0,0,0,1,1,0,-0.001013,-0.088411,0.8125,0.5813,0.2661,2,ok
0,1377,2.345265,1.485672,3.139961,-0.003644,0.031358,10.405736,0.200073,0.117811,0.117811,0.000000,,0,0,0,1,1,0,-0.001775,-0.088735,0.8125,0.5994,0.2655,2,ok
0,1378,2.321265,1.485747,3.140851,-0.002996,0.014585,10.429675,0.200000,0.003826,0.003826,0.000000,,0,0,0,1,1,0,0.000666,-0.091567,0.7917,0.5741,0.2629,2,ok
0,1379,2.301265,1.485778,3.135421,-0.002719,0.009155,10.449673,0.199997,-0.082951,-0.082951,0.000000,,0,0,0,1,1,0,-0.000303,-0.093138,0.7708,0.6283,0.2663,2,ok
0,1380,2.277265,1.485929,3.140176,-0.002502,0.013910,10.473672,0.200004,0.092685,0.067049,-0.025635,C-06,0,0,0,1,1,0,0.002021,-0.104282,0.7292,0.5568,0.2630,2,ok
0,1381,2.257266,1.486062,-3.137237,-0.002591,0.002453,10.493629,0.200003,0.082729,0.082729,0.000000,,0,0,0,1,1,0,0.003068,-0.126240,0.7292,0.5580,0.2618,2,ok
0,1382,2.233267,1.486221,-3.125709,-0.002796,0.013981,10.517628,0.199981,0.140216,0.140216,0.000000,,0,0,0,1,1,0,0.004831,-0.128098,0.7708,0.5260,0.2603,2,ok
0,1383,2.213271,1.486220,-3.119121,-0.002952,0.002564,10.537574,0.199952,0.090803,0.090803,0.000000,,0,0,0,1,1,0,0.003051,-0.134600,0.8125,0.5660,0.2658,2,ok
0,1384,2.189281,1.486123,-3.105416,-0.003316,0.016268,10.561561,0.199875,0.169743,0.169743,0.000000,,0,0,0,1,1,0,0.007330,-0.141023,0.8333,0.4779,0.2636,2,ok
0,1385,2.165304,1.485952,-3.090155,-0.003605,0.031530,10.582810,0.199760,0.186143,0.186143,0.000000,,0,0,0,1,1,0,0.006770,-0.135142,0.7917,0.4932,0.2633,2,ok
0,1386,2.145336,1.485393,-3.080478,-0.003819,0.024010,10.605450,0.199742,0.139048,0.139048,0.000000,,0,0,0,1,1,0,0.009057,-0.133478,0.8125,0.4386,0.2630,2,ok
0,1387,2.121392,1.484544,-3.066164,-0.003842,0.038325,10.629409,0.199600,0.178814,0.178814,0.000000,,0,0,0,1,1,0,0.010927,-0.143306,0.8125,0.3975,0.2610,2,ok
0,1388,2.101461,1.483704,-3.051062,-0.004027,0.034765,10.649276,0.199406,0.228697,0.228697,0.000000,,0,0,0,1,1,0,0.010154,-0.143718,0.7708,0.4013,0.2624,2,ok
0,1389,2.077584,1.482480,-3.029207,-0.004175,0.056621,10.673183,0.199114,0.278778,0.278778,0.000000,,0,0,0,1,1,0,0.011096,-0.140983,0.7708,0.3761,0.2642,2,ok
0,1390,2.057729,1.480981,-3.013138,-0.003894,0.050748,10.693041,0.199067,0.243351,0.243351,0.000000,,0,0,0,1,1,0,0.011737,-0.130328,0.7292,0.3683,0.2655,2,ok
0,1391,2.033970,1.478923,-2.986022,-0.003517,0.077863,10.716886,0.198454,0.359689,0.359689,0.000000,,0,0,0,1,1,0,0.011960,-0.118456,0.7500,0.3550,0.2650,2,ok
0,1392,2.014241,1.476639,-2.967642,-0.002631,0.096244,10.736726,0.198567,0.283504,0.283504,0.000000,,0,0,0,1,1,0,0.016301,-0.111700,0.7917,0.2796,0.2615,2,ok
0,1393,1.990628,1.472928,-2.956870,-0.001107,0.081022,10.760522,0.199231,0.005166,0.133504,0.128338,C-06,0,0,0,1,1,0,0.015231,-0.094276,0.7917,0.3213,0.2659,3,ok
0,1394,1.967038,1.468538,-2.956270,0.001020,0.081623,10.784422,0.199999,0.000206,0.000206,0.000000,,0,0,0,1,1,0,0.018215,-0.082311,0.8125,0.2514,0.2641,2,ok
0,1395,1.947384,1.464854,-2.954504,0.002450,0.054806,10.804426,0.199938,0.030295,0.030295,0.000000,,0,0,0,1,1,0,0.016050,-0.087070,0.7917,0.3065,0.2650,3,ok
0,1396,1.923824,1.460432,-2.944679,0.003806,0.064630,10.828360,0.199584,0.138554,0.138554,0.000000,,0,0,0,1,1,0,0.017032,-0.090519,0.8125,0.2690,0.2641,2,ok
0,1397,1.904218,1.456668,-2.940811,0.005018,0.068498,10.847856,0.199638,0.057203,0.057203,0.000000,,0,0,0,1,1,0,0.017310,-0.101874,0.7292,0.2590,0.2649,2,ok
0,1398,1.880687,1.451893,-2.947018,0.005811,0.030884,10.872470,0.200230,-0.109740,-0.092797,0.016943,C-06,0,0,0,1,1,0,0.016946,-0.100623,0.7917,0.2677,0.2635,3,ok
0,1399,1.861069,1.448023,-2.944143,0.006379,0.033759,10.892459,0.199886,0.156761,0.057203,-0.099558,C-06,0,0,0,1,1,0,0.016417,-0.113445,0.7292,0.2239,0.2616,2,ok
0,1400,1.837569,1.443390,-2.929566,0.006571,0.017367,10.916633,0.199326,0.639252,0.207203,-0.432049,C-06,0,0,0,1,1,0,0.016762,-0.120289,0.7292,0.1780,0.2624,2,ok
0,1401,1.818060,1.439529,-2.908500,0.006473,0.038433,10.936520,0.198438,0.535717,0.357203,-0.178514,C-06,0,0,0,1,1,0,0.016602,-0.116154,0.7292,0.1769,0.2584,2,ok
0,1402,1.794756,1.434559,-2.892681,0.006585,0.026517,10.960529,0.198571,0.190684,0.207203,0.016519,C-06,0,0,0,1,1,0,0.016475,-0.098596,0.8125,0.1811,0.2638,3,ok
0,1403,1.771512,1.428823,-2.887815,0.006927,0.031383,10.984468,0.199583,-0.008164,0.057203,0.065368,C-06,0,0,0,1,1,0,0.016320,-0.081175,0.8125,0.1973,0.2659,3,ok
0,1404,1.752156,1.423845,-2.886688,0.007408,0.032510,11.004448,0.199883,0.015855,0.015855,0.000000,,0,0,0,1,1,0,0.017959,-0.082103,0.8333,0.1387,0.2644,2,ok
0,1405,1.728941,1.417848,-2.883348,0.007578,0.011200,11.028592,0.199729,0.048329,0.048329,0.000000,,0,0,0,1,1,0,0.018266,-0.085480,0.7917,0.1176,0.2624,2,ok
0,1406,1.709618,1.412850,-2.877532,0.007638,0.017016,11.048550,0.199447,0.101188,0.101188,0.000000,,0,0,0,1,1,0,0.016628,-0.088364,0.8125,0.1323,0.2670,2,ok
0,1407,1.686443,1.406594,-2.880473,0.007773,-0.006532,11.072691,0.200151,-0.063089,-0.048812,0.014277,C-06,0,0,0,1,1,0,0.016572,-0.082354,0.7708,0.1126,0.2632,3,ok
0,1408,1.667122,1.401431,-2.879796,0.007644,-0.005855,11.092690,0.199959,0.015977,0.015977,0.000000,,0,0,0,1,1,0,0.013773,-0.082443,0.7292,0.1312,0.2679,2,ok
0,1409,1.643972,1.395219,-2.868697,0.007514,0.005244,11.114258,0.199465,0.489252,0.165977,-0.323274,C-06,0,0,0,1,1,0,0.013575,-0.084121,0.7292,0.1047,0.2633,2,ok
0,1410,1.624759,1.390041,-2.850826,0.006934,0.005393,11.136715,0.198534,0.602559,0.315977,-0.286581,C-06,0,0,0,1,1,0,0.013248,-0.087037,0.7500,0.0971,0.2685,2,ok
0,1411,1.601818,1.383631,-2.836483,0.006526,0.019736,11.160531,0.198494,0.197248,0.197248,0.000000,,0,0,0,1,1,0,0.013248,-0.087037,0.7500,0.0971,0.2685,2,ok
0,1412,1.578942,1.376548,-2.832565,0.006532,0.007469,11.184568,0.199626,-0.033857,0.047248,0.081106,C-06,0,0,0,1,1,0,0.016178,-0.058599,0.8125,0.0550,0.2691,3,ok
0,1413,1.559898,1.370565,-2.829791,0.006554,0.010244,11.204530,0.199620,0.047908,0.047908,0.000000,,0,0,0,1,1,0,0.016178,-0.058599,0.8125,0.0550,0.2691,3,ok
0,1414,1.537063,1.363272,-2.827701,0.006556,-0.001725,11.228586,0.199769,0.028985,0.028985,0.000000,,0,0,0,1,1,0,0.014583,-0.050321,0.7917,0.0605,0.2695,2,ok
0,1415,1.518063,1.357137,-2.819945,0.006477,0.006031,11.248552,0.199450,0.144890,0.144890,0.000000,,0,0,0,1,1,0,0.014243,-0.051976,0.7917,0.0506,0.2670,2,ok
0,1416,1.495302,1.349589,-2.818133,0.006572,0.007843,11.269752,0.199857,0.017737,0.017737,0.000000,,0,0,0,1,1,0,0.015081,-0.045849,0.8125,0.0158,0.2675,3,ok
0,1417,1.476320,1.343234,-2.825080,0.006372,-0.010127,11.292645,0.200394,-0.265976,-0.132263,0.133713,C-06,0,0,0,1,1,0,0.014395,-0.041422,0.7292,0.0296,0.2667,3,ok
0,1418,1.453489,1.335607,-2.831282,0.006166,-0.016329,11.316716,0.200708,-0.087056,-0.087056,0.000000,,0,0,0,1,1,0,0.014443,-0.049406,0.7500,-0.0121,0.2654,3,ok
0,1419,1.434451,1.329485,-2.828355,0.005661,-0.022924,11.336750,0.199831,1.000000,0.062944,-0.937056,C-06,0,0,0,1,1,0,0.012307,-0.056550,0.7083,0.0073,0.2648,2,ok
0,1420,1.411667,1.322141,-2.814465,0.005038,-0.009033,11.360679,0.199082,0.986707,0.212944,-0.773763,C-06,0,0,0,1,1,0,0.012307,-0.056550,0.7083,0.0073,0.2648,2,ok
0,1421,1.389031,1.314795,-2.790493,0.004380,0.006712,11.384501,0.197598,0.528411,0.362944,-0.165467,C-06,0,0,0,1,1,0,0.012079,-0.044609,0.8125,-0.0239,0.2676,2,ok
0,1422,1.370297,1.308312,-2.777793,0.004150,0.019412,11.404324,0.198318,-0.022345,0.212944,0.235289,C-06,0,0,0,1,1,0,0.014348,-0.026987,0.8125,-0.0517,0.2658,3,ok
0,1423,1.347892,1.299910,-2.772879,0.004453,0.017886,11.428278,0.199492,0.005738,0.062944,0.057206,C-06,0,0,0,1,1,0,0.014326,-0.008718,0.7708,-0.0298,0.2678,3,ok
0,1424,1.329254,1.292837,-2.767701,0.004687,0.023063,11.448211,0.199235,0.095360,0.095360,0.000000,,0,0,0,1,1,0,0.015450,-0.003710,0.7917,-0.0503,0.2647,3,ok
0,1425,1.306901,1.284085,-2.770757,0.005222,0.020008,11.472211,0.200201,-0.179642,-0.054640,0.125002,C-06,0,0,0,1,1,0,0.016313,0.005934,0.7708,-0.0808,0.2647,3,ok
0,1426,1.288225,1.276833,-2.781518,0.005492,0.004557,11.492277,0.200673,-0.483697,-0.204640,0.279058,C-06,0,0,0,1,1,0,0.015653,0.010182,0.7500,-0.0638,0.2667,3,ok
0,1427,1.265671,1.268136,-2.804870,0.005750,-0.018795,11.516448,0.202134,-0.757887,-0.354640,0.403248,C-06,0,0,0,1,1,0,0.014629,0.000014,0.7500,-0.0695,0.2664,3,ok
0,1428,1.246752,1.261126,-2.817305,0.005629,-0.035573,11.536657,0.201712,-0.041537,-0.204640,-0.163103,C-06,0,0,0,1,1,0,0.014645,-0.006889,0.7292,-0.0986,0.2660,3,ok
0,1429,1.223984,1.253340,-2.821695,0.004818,-0.039963,11.560706,0.200444,1.000000,-0.054640,-1.054640,C-06,0,0,0,1,1,0,0.009755,-0.033645,0.7917,-0.0789,0.2676,2,ok
0,1430,1.201221,1.245787,-2.815845,0.003810,-0.037128,11.584660,0.199651,0.614004,0.095360,-0.518644,C-06,0,0,0,1,1,0,0.010479,-0.041272,0.8333,-0.1446,0.2653,3,ok
0,1431,1.182313,1.239490,-2.802642,0.003016,-0.023925,11.604574,0.198908,0.514973,0.245360,-0.269613,C-06,0,0,0,1,1,0,0.008763,-0.034477,0.8125,-0.1353,0.2647,2,ok
0,1432,1.159733,1.231880,-2.789388,0.002152,-0.010672,11.625256,0.198489,0.191103,0.191103,0.000000,,0,0,0,1,1,0,0.008396,-0.019315,0.7708,-0.1253,0.2684,2,ok
0,1433,1.140984,1.225195,-2.782700,0.001660,-0.005624,11.648296,0.199088,0.113765,0.113765,0.000000,,0,0,0,1,1,0,0.008700,-0.009904,0.7917,-0.1249,0.2687,3,ok
0,1434,1.118518,1.216779,-2.782059,0.001467,-0.004984,11.672286,0.199984,0.002044,0.002044,0.000000,,0,0,0,1,1,0,0.009574,0.008629,0.7500,-0.1437,0.2670,3,ok
0,1435,1.099772,1.209742,-2.789735,0.001327,-0.012246,11.692308,0.200471,-0.208077,-0.147956,0.060122,C-06,0,0,0,1,1,0,0.009221,0.013575,0.7500,-0.1480,0.2698,3,ok
0,1436,1.077169,1.201298,-2.808700,0.001122,-0.031212,11.716436,0.201638,-0.288131,-0.288131,0.000000,,0,0,0,1,1,0,0.010784,0.007962,0.7708,-0.1994,0.2686,3,ok
0,1437,1.058239,1.194489,-2.817065,0.000709,-0.039820,11.736549,0.201143,1.000000,-0.138131,-1.138131,C-06,0,0,0,1,1,0,0.006809,0.002097,0.7083,-0.1671,0.2727,2,ok
0,1438,1.035490,1.186801,-2.816857,-0.000243,-0.039612,11.760543,0.200022,1.000000,0.011869,-0.988131,C-06,0,0,0,1,1,0,0.005055,-0.006140,0.7708,-0.1775,0.2715,3,ok
0,1439,1.012782,1.179142,-2.806432,-0.001167,-0.026513,11.784494,0.199394,0.516371,0.161869,-0.354502,C-06,0,0,0,1,1,0,0.005160,-0.005969,0.8333,-0.2165,0.2663,2,ok
0,1440,0.993949,1.172760,-2.789466,-0.001851,-0.009547,11.804367,0.198343,0.475712,0.311869,-0.163842,C-06,0,0,0,1,1,0,0.006359,-0.002878,0.8333,-0.2440,0.2690,2,ok
0,1441,0.971472,1.164810,-2.777920,-0.002356,0.001999,11.825108,0.198712,0.150800,0.161869,0.011070,C-06,0,0,0,1,1,0,0.007046,0.022227,0.7917,-0.2401,0.2711,3,ok
0,1442,0.952789,1.157761,-2.775744,-0.002395,0.007142,11.848168,0.199750,0.030882,0.030882,0.000000,,0,0,0,1,1,0,0.007568,0.037033,0.7708,-0.2300,0.2665,3,ok
0,1443,0.930423,1.149178,-2.764397,-0.002302,0.018489,11.872124,0.199278,0.221089,0.180882,-0.040207,C-06,0,0,0,1,1,0,0.009175,0.050867,0.7708,-0.2669,0.2638,3,ok
0,1444,0.911838,1.141863,-2.762261,-0.001890,0.024647,11.892114,0.199750,-0.234566,0.030882,0.265448,C-06,0,0,0,1,1,0,0.011713,0.064278,0.7708,-0.3101,0.2628,3,ok
0,1445,0.889515,1.132978,-2.769586,-0.001273,0.017321,11.916132,0.200483,-0.518136,-0.119118,0.399017,C-06,0,0,0,1,1,0,0.011713,0.064278,0.7708,-0.3101,0.2628,3,ok
0,1446,0.870833,1.125598,-2.784118,-0.000785,0.007313,11.936215,0.201308,-0.347922,-0.269118,0.078803,C-06,0,0,0,1,1,0,0.014883,0.076554,0.6667,-0.3590,0.2656,3,ok
0,1447,0.848312,1.116958,-2.792795,-0.000420,-0.001364,11.960334,0.200988,0.696523,-0.119118,-0.815641,C-06,0,0,0,1,1,0,0.013602,0.070497,0.7708,-0.3625,0.2698,3,ok
0,1448,0.825762,1.108745,-2.791133,-0.000405,0.007035,11.984335,0.199887,0.428700,0.030882,-0.397819,C-06,0,0,0,1,1,0,0.015009,0.062944,0.8333,-0.4289,0.2686,3,ok
0,1449,0.806963,1.101879,-2.796025,-0.000310,0.002142,12.004349,0.200302,-0.095949,-0.095949,0.000000,,0,0,0,1,1,0,0.015658,0.068328,0.8125,-0.4554,0.2654,3,ok
0,1450,0.784337,1.093636,-2.807737,-0.000179,-0.002782,12.028431,0.201020,-0.176652,-0.176652,0.000000,,0,0,0,1,1,0,0.013869,0.071164,0.8125,-0.4162,0.2716,3,ok
0,1451,0.765406,1.086769,-2.818907,0.000012,-0.013952,12.048568,0.201640,-0.196412,-0.196412,0.000000,,0,0,0,1,1,0,0.014315,0.067430,0.8125,-0.4499,0.2704,3,ok
0,1452,0.742587,1.078648,-2.834447,0.000095,-0.029492,12.072000,0.201878,-0.225453,-0.225453,0.000000,,0,0,0,1,1,0,0.013416,0.071252,0.8125,-0.4489,0.2712,3,ok
0,1453,0.723464,1.072083,-2.855578,0.000140,-0.042138,12.093007,0.202713,-0.402206,-0.375453,0.026753,C-06,0,0,0,1,1,0,0.014157,0.063143,0.7917,-0.5371,0.2686,3,ok
0,1454,0.700353,1.064373,-2.881771,-0.000027,-0.068331,12.117369,0.203021,-0.367277,-0.367277,0.000000,,0,0,0,1,1,0,0.012524,0.050628,0.7500,-0.5535,0.2683,3,ok
0,1455,0.680989,1.058696,-2.895502,-0.000747,-0.071968,12.137537,0.201687,1.000000,-0.217277,-1.217277,C-06,0,0,0,1,1,0,0.010106,0.039313,0.7500,-0.5490,0.2652,3,ok
0,1456,0.657694,1.052644,-2.901034,-0.002310,-0.077500,12.161554,0.200495,1.000000,-0.067277,-1.067277,C-06,0,0,0,1,1,0,0.007634,0.027029,0.7708,-0.5615,0.2673,3,ok
0,1457,0.634398,1.046913,-2.895806,-0.004013,-0.061084,12.185515,0.199762,0.421135,0.082723,-0.338412,C-06,0,0,0,1,1,0,0.003720,0.028681,0.8125,-0.5670,0.2679,3,ok
0,1458,0.615030,1.042150,-2.882611,-0.005362,-0.047888,12.205414,0.199148,0.249345,0.232723,-0.016622,C-06,0,0,0,1,1,0,0.006524,0.038612,0.8542,-0.6494,0.2731,3,ok
0,1459,0.591859,1.036317,-2.873508,-0.006695,-0.026846,12.229355,0.199107,0.121267,0.121267,0.000000,,0,0,0,1,1,0,0.005733,0.053960,0.7917,-0.6456,0.2721,3,ok
0,1460,0.572597,1.031342,-2.864446,-0.007536,-0.017785,12.249231,0.198846,0.155776,0.155776,0.000000,,0,0,0,1,1,0,0.006649,0.078187,0.7917,-0.6705,0.2718,3,ok
0,1461,0.549519,1.024809,-2.863325,-0.007915,-0.003343,12.273311,0.199956,-0.178220,0.005776,0.183996,C-06,0,0,0,1,1,0,0.004793,0.096986,0.7292,-0.6372,0.2687,3,ok
0,1462,0.530269,1.019315,-2.871152,-0.008007,-0.011170,12.293329,0.200385,-0.284604,-0.144224,0.140380,C-06,0,0,0,1,1,0,0.009848,0.116359,0.7500,-0.7661,0.2672,3,ok
0,1463,0.507081,1.012722,-2.891357,-0.008140,-0.031375,12.315302,0.201363,-0.292326,-0.292326,0.000000,,0,0,0,1,1,0,0.008359,0.125084,0.7292,-0.7418,0.2645,3,ok
0,1464,0.487680,1.007427,-2.900604,-0.008165,-0.026141,12.337655,0.201072,0.923378,-0.142326,-1.065704,C-06,0,0,0,1,1,0,0.007844,0.121010,0.7292,-0.7713,0.2673,3,ok
0,1465,0.464371,1.001667,-2.900778,-0.008811,-0.026315,12.361657,0.200004,0.956446,0.007674,-0.948772,C-06,0,0,0,1,1,0,0.006662,0.123949,0.7500,-0.7942,0.2629,3,ok
0,1466,0.441072,0.995942,-2.897737,-0.009118,-0.007227,12.385794,0.199868,0.044050,0.044050,0.000000,,0,0,0,1,1,0,0.004229,0.134501,0.8333,-0.7612,0.2603,3,ok
0,1467,0.421652,0.991114,-2.903446,-0.009296,-0.012936,12.405805,0.200257,-0.256765,-0.105950,0.150816,C-06,0,0,0,1,1,0,0.004065,0.149515,0.8125,-0.7533,0.2613,3,ok
0,1468,0.398298,0.985315,-2.915012,-0.009217,-0.006643,12.430018,0.200766,-0.162308,-0.162308,0.000000,,0,0,0,1,1,0,0.003399,0.156522,0.7708,-0.7491,0.2617,3,ok
0,1469,0.378798,0.980635,-2.919833,-0.009233,-0.011464,12.450072,0.200518,-0.073274,-0.073274,0.000000,,0,0,0,1,1,0,0.003399,0.156522,0.7708,-0.7491,0.2617,3,ok
0,1470,0.355348,0.975122,-2.935437,-0.009042,-0.007381,12.474360,0.201048,-0.245719,-0.223274,0.022445,C-06,0,0,0,1,1,0,0.002556,0.177124,0.7708,-0.7459,0.2596,3,ok
0,1471,0.335734,0.970530,-2.954791,-0.008736,-0.026735,12.494501,0.201774,-0.318505,-0.318505,0.000000,,0,0,0,1,1,0,0.001398,0.183497,0.7083,-0.7316,0.2630,3,ok
0,1472,0.312121,0.965530,-2.968301,-0.008623,-0.019322,12.518826,0.201070,0.190984,-0.168505,-0.359489,C-06,0,0,0,1,1,0,0.000639,0.190149,0.7292,-0.7300,0.2557,3,ok
0,1473,0.292416,0.962003,-2.970234,-0.008947,-0.021255,12.538841,0.200109,1.000000,-0.018505,-1.018505,C-06,0,0,0,1,1,0,-0.002256,0.185500,0.7500,-0.6746,0.2609,3,ok
0,1474,0.268785,0.957907,-2.961172,-0.009266,0.012233,12.563031,0.199700,0.695132,0.131495,-0.563636,C-06,0,0,0,1,1,0,-0.003940,0.185717,0.7917,-0.6294,0.2601,3,ok
0,1475,0.245174,0.953601,-2.961899,-0.009034,0.011506,12.587030,0.200043,-0.158196,-0.018505,0.139692,C-06,0,0,0,1,1,0,-0.000277,0.218502,0.8333,-0.6520,0.2546,3,ok
0,1476,0.225481,0.950001,-2.971694,-0.008696,0.026888,12.607248,0.200361,-0.323270,-0.168505,0.154766,C-06,0,0,0,1,1,0,0.000157,0.234139,0.7917,-0.6091,0.2531,3,ok
0,1477,0.201783,0.945682,-2.995126,-0.007916,0.003456,12.631324,0.201074,-0.361961,-0.318505,0.043457,C-06,0,0,0,1,1,0,0.001058,0.255605,0.8125,-0.6020,0.2539,3,ok
0,1478,0.181963,0.942082,-3.020456,-0.007155,0.005871,12.651701,0.201737,-0.397135,-0.397135,0.000000,,0,0,0,1,1,0,-0.000089,0.251646,0.7917,-0.5506,0.2568,3,ok
0,1479,0.158097,0.937839,-3.052283,-0.005660,-0.025956,12.675895,0.201979,-0.402340,-0.402340,0.000000,,0,0,0,1,1,0,-0.000333,0.238881,0.7500,-0.5347,0.2551,3,ok
0,1480,0.138150,0.934540,-3.088646,-0.004656,-0.062318,12.694458,0.202396,-0.610920,-0.552340,0.058579,C-06,0,0,0,1,1,0,0.000491,0.216536,0.7083,-0.5199,0.2609,3,ok
0,1481,0.114167,0.931667,-3.122696,-0.003881,-0.066152,12.720349,0.201039,-0.325718,-0.402340,-0.076623,C-06,0,0,0,1,1,0,-0.003963,0.195141,0.7917,-0.4264,0.2640,3,ok
0,1482,0.094168,0.930371,-3.141239,-0.004365,-0.084694,12.740384,0.200301,0.679047,-0.252340,-0.931388,C-06,0,0,0,1,1,0,-0.003448,0.173137,0.8125,-0.4312,0.2631,3,ok
0,1483,0.070170,0.929184,3.115968,-0.004494,-0.078029,12.764561,0.200103,-0.312711,-0.312711,0.000000,,0,0,0,1,1,0,-0.003776,0.158276,0.8125,-0.4175,0.2609,3,ok
0,1484,0.046184,0.929128,3.101581,-0.005745,-0.092416,12.786509,0.199849,-0.143553,-0.162711,-0.019158,C-06,0,0,0,1,1,0,-0.004721,0.140498,0.8125,-0.3988,0.2629,3,ok
0,1485,0.026202,0.929681,3.096465,-0.006618,-0.064651,12.808681,0.199897,-0.066489,-0.066489,0.000000,,0,0,0,1,1,0,-0.005817,0.146805,0.8333,-0.3632,0.2627,3,ok
0,1486,0.002231,0.930456,3.089111,-0.007864,-0.072005,12.832318,0.199843,-0.091113,-0.091113,0.000000,,0,0,0,1,1,0,-0.005228,0.147539,0.7500,-0.3561,0.2600,3,ok
0,1487,-0.017734,0.931148,3.073741,-0.008235,-0.052680,12.852880,0.199672,-0.255461,-0.241113,0.014348,C-06,0,0,0,1,1,0,-0.004840,0.149633,0.7500,-0.3494,0.2641,3,ok
0,1488,-0.041670,0.932381,3.064550,-0.009102,-0.061871,12.876832,0.199730,-0.104205,-0.104205,0.000000,,0,0,0,1,1,0,-0.005167,0.143446,0.7083,-0.3167,0.2625,3,ok
0,1489,-0.061612,0.933881,3.066883,-0.009640,-0.025738,12.897142,0.200023,1.000000,0.045795,-0.954205,C-06,0,0,0,1,1,0,-0.003088,0.144173,0.7292,-0.3500,0.2635,3,ok
0,1490,-0.085557,0.935714,3.081765,-0.010269,-0.010855,12.921149,0.200217,0.860677,0.195795,-0.664882,C-06,0,0,0,1,1,0,-0.003221,0.152786,0.7708,-0.3081,0.2604,3,ok
0,1491,-0.105523,0.937059,3.085606,-0.010014,0.025235,12.941513,0.200111,-0.305714,0.045795,0.351509,C-06,0,0,0,1,1,0,-0.001906,0.161805,0.8333,-0.3046,0.2621,3,ok
0,1492,-0.129481,0.938422,3.077950,-0.009348,0.017579,12.965500,0.199917,-0.135826,-0.104205,0.031621,C-06,0,0,0,1,1,0,0.001586,0.187139,0.8333,-0.2782,0.2600,3,ok
0,1493,-0.153417,0.939773,3.058304,-0.008091,0.028604,12.989715,0.199640,-0.385207,-0.254205,0.131002,C-06,0,0,0,1,1,0,0.004447,0.192228,0.7917,-0.2638,0.2642,3,ok
0,1494,-0.173325,0.940899,3.032461,-0.006935,0.002762,13.009621,0.199160,-0.430627,-0.404205,0.026422,C-06,0,0,0,1,1,0,0.005970,0.180377,0.7500,-0.2751,0.2635,3,ok
0,1495,-0.197141,0.942344,3.003702,-0.005191,0.002204,13.033594,0.198639,-0.364809,-0.364809,0.000000,,0,0,0,1,1,0,0.005770,0.165413,0.7708,-0.2626,0.2660,3,ok
0,1496,-0.216905,0.943829,2.971627,-0.003871,-0.029872,13.053369,0.197812,-0.531759,-0.514809,0.016950,C-06,0,0,0,1,1,0,0.005139,0.146829,0.7083,-0.2425,0.2658,3,ok
0,1497,-0.240453,0.946011,2.922806,-0.002338,-0.052743,13.077058,0.196557,-0.679480,-0.664809,0.014671,C-06,0,0,0,1,1,0,0.003548,0.126583,0.7500,-0.2174,0.2638,3,ok
0,1498,-0.259903,0.949051,2.890744,-0.002070,-0.084805,13.096742,0.196781,0.710396,-0.514809,-1.225205,C-06,0,0,0,1,1,0,0.000974,0.078939,0.7292,-0.2147,0.2654,3,ok
0,1499,-0.283067,0.954022,2.863892,-0.002856,-0.088188,13.120479,0.197440,0.833145,-0.364809,-1.197954,C-06,0,0,0,1,1,0,-0.002275,0.046908,0.8333,-0.1869,0.2679,3,ok
0,1500,-0.302262,0.959007,2.850485,-0.004103,-0.101595,13.140271,0.198396,0.451226,-0.214809,-0.666035,C-06,0,0,0,1,1,0,-0.004071,0.025148,0.8333,-0.1979,0.2661,3,ok
0,1501,-0.325232,0.965718,2.845211,-0.006178,-0.085382,13.164243,0.199496,0.209154,-0.064809,-0.273963,C-06,0,0,0,1,1,0,-0.006390,0.013172,0.8125,-0.1762,0.2682,3,ok
0,1502,-0.348184,0.972718,2.844972,-0.008136,-0.085621,13.188158,0.199996,0.000985,0.000985,0.000000,,0,0,0,1,1,0,-0.009083,0.014193,0.7708,-0.1580,0.2637,2,ok
0,1503,-0.367290,0.978563,2.837354,-0.009784,-0.093239,13.205235,0.199595,-0.143741,-0.143741,0.000000,,0,0,0,1,1,0,-0.009939,0.016990,0.7500,-0.1466,0.2679,3,ok
0,1504,-0.390172,0.985637,2.833270,-0.011360,-0.077619,13.232136,0.199587,-0.052370,-0.052370,0.000000,,0,0,0,1,1,0,-0.010952,0.019695,0.7292,-0.1422,0.2641,2,ok
0,1505,-0.409242,0.991700,2.838289,-0.012880,-0.072600,13.252089,0.200282,0.127906,0.097630,-0.030275,C-06,0,0,0,1,1,0,-0.012917,0.018064,0.7292,-0.1182,0.2673,3,ok
0,1506,-0.432160,0.998972,2.841817,-0.014295,-0.051081,13.276314,0.200376,0.047063,0.047063,0.000000,,0,0,0,1,1,0,-0.011666,0.019018,0.7500,-0.1440,0.2630,2,ok
0,1507,-0.451259,1.004883,2.838440,-0.015317,-0.054457,13.296281,0.199810,-0.066309,-0.066309,0.000000,,0,0,0,1,1,0,-0.012440,0.026967,0.8125,-0.1106,0.2679,2,ok
0,1508,-0.474166,1.012049,2.839142,-0.016264,-0.037344,13.320546,0.200053,0.014859,0.014859,0.000000,,0,0,0,1,1,0,-0.012015,0.030199,0.8333,-0.1282,0.2648,2,ok
0,1509,-0.493271,1.018025,2.843673,-0.016984,-0.032813,13.340550,0.200296,0.082770,0.082770,0.000000,,0,0,0,1,1,0,-0.012719,0.031463,0.8333,-0.1017,0.2683,3,ok
0,1510,-0.516225,1.025170,2.846846,-0.017598,-0.014517,13.364824,0.200341,0.042876,0.042876,0.000000,,0,0,0,1,1,0,-0.012425,0.038175,0.8333,-0.1006,0.2650,2,ok
0,1511,-0.539192,1.032151,2.847168,-0.017933,-0.014195,13.388826,0.200017,0.002212,0.002212,0.000000,,0,0,0,1,1,0,-0.012953,0.049125,0.7917,-0.0584,0.2694,3,ok
0,1512,-0.558310,1.037956,2.839246,-0.018029,-0.008220,13.409080,0.199581,-0.197522,-0.147788,0.049734,C-06,0,0,0,1,1,0,-0.011822,0.051426,0.7500,-0.0621,0.2674,3,ok
0,1513,-0.581152,1.044920,2.819400,-0.018018,-0.028066,13.432961,0.198444,-0.479679,-0.297788,0.181891,C-06,0,0,0,1,1,0,-0.011010,0.047433,0.7292,-0.0767,0.2701,3,ok
0,1514,-0.600090,1.050940,2.809668,-0.018168,-0.025977,13.453032,0.198755,-0.158036,-0.158036,0.000000,,0,0,0,1,1,0,-0.013226,0.037760,0.7292,-0.0431,0.2683,2,ok
0,1515,-0.622773,1.058726,2.808342,-0.018725,-0.027303,13.477007,0.199935,0.155872,-0.008036,-0.163908,C-06,0,0,0,1,1,0,-0.015788,0.032006,0.7708,-0.0100,0.2676,3,ok
0,1516,-0.641663,1.065249,2.805171,-0.019226,-0.030474,13.494592,0.199751,-0.059311,-0.059311,0.000000,,0,0,0,1,1,0,-0.014311,0.026025,0.7708,-0.0446,0.2654,2,ok
0,1517,-0.664327,1.073171,2.808118,-0.019625,-0.016305,13.521204,0.200188,0.049605,0.049605,0.000000,,0,0,0,1,1,0,-0.016238,0.022773,0.8333,0.0111,0.2650,3,ok
0,1518,-0.683237,1.079778,2.811801,-0.019977,-0.012622,13.541231,0.200411,0.065483,0.065483,0.000000,,0,0,0,1,1,0,-0.014343,0.022742,0.8333,-0.0211,0.2631,2,ok
0,1519,-0.705974,1.087706,2.820108,-0.020216,0.005259,13.565465,0.200902,0.124704,0.124704,0.000000,,0,0,0,1,1,0,-0.015567,0.025929,0.7917,0.0303,0.2652,2,ok
0,1520,-0.728760,1.095407,2.823836,-0.020208,0.008988,13.589517,0.200395,0.048745,0.048745,0.000000,,0,0,0,1,1,0,-0.011877,0.034276,0.7500,-0.0062,0.2640,2,ok
0,1521,-0.747745,1.101662,2.818741,-0.019859,0.012506,13.609724,0.199701,-0.220418,-0.101255,0.119163,C-06,0,0,0,1,1,0,-0.012644,0.043699,0.7708,0.0325,0.2653,3,ok
0,1522,-0.770445,1.109155,2.802321,-0.019419,-0.003914,13.633625,0.198718,-0.430261,-0.251255,0.179006,C-06,0,0,0,1,1,0,-0.012644,0.043699,0.7708,0.0325,0.2653,3,ok
0,1523,-0.789281,1.115617,2.795787,-0.019199,-0.003154,13.653673,0.199189,-0.055065,-0.101255,-0.046190,C-06,0,0,0,1,1,0,-0.012501,0.032008,0.7500,0.0376,0.2651,3,ok
0,1524,-0.811869,1.123739,2.798495,-0.019221,-0.000445,13.677677,0.200174,0.319020,0.048745,-0.270275,C-06,0,0,0,1,1,0,-0.015520,0.025252,0.7708,0.0992,0.2684,3,ok
0,1525,-0.830700,1.130468,2.797490,-0.019154,0.005050,13.697794,0.199928,-0.022836,-0.022836,0.000000,,0,0,0,1,1,0,-0.012334,0.018489,0.8750,0.0535,0.2639,2,ok
0,1526,-0.853300,1.138559,2.799397,-0.018994,0.006957,13.721798,0.200105,0.031263,0.031263,0.000000,,0,0,0,1,1,0,-0.012343,0.019742,0.8333,0.0725,0.2651,2,ok
0,1527,-0.872156,1.145303,2.804321,-0.018854,0.011880,13.740088,0.200402,0.091589,0.091589,0.000000,,0,0,0,1,1,0,-0.011394,0.019111,0.8125,0.0733,0.2649,3,ok
0,1528,-0.894821,1.153370,2.808544,-0.018532,0.021395,13.765964,0.200490,0.059802,0.059802,0.000000,,0,0,0,1,1,0,-0.011427,0.023374,0.7917,0.1051,0.2682,3,ok
0,1529,-0.917500,1.161222,2.807603,-0.018011,0.020454,13.789573,0.199931,-0.018378,-0.018378,0.000000,,0,0,0,1,1,0,-0.011254,0.026441,0.7917,0.1440,0.2698,3,ok
0,1530,-0.936368,1.167778,2.798709,-0.017523,0.015308,13.809994,0.199480,-0.393983,-0.168378,0.225606,C-06,0,0,0,1,1,0,-0.008273,0.022323,0.7500,0.0978,0.2653,2,ok
0,1531,-0.958889,1.175647,2.777966,-0.016984,-0.005434,13.833845,0.198158,-0.407954,-0.318378,0.089576,C-06,0,0,0,1,1,0,-0.009319,0.018180,0.7292,0.1324,0.2647,2,ok
0,1532,-0.977544,1.182464,2.768026,-0.016744,-0.012269,13.853788,0.198662,0.132560,-0.168378,-0.300938,C-06,0,0,0,1,1,0,-0.014319,0.002380,0.6875,0.2007,0.2724,2,ok
0,1533,-0.999878,1.191175,2.766124,-0.016940,-0.014171,13.877760,0.199851,0.179301,-0.018378,-0.197679,C-06,0,0,0,1,1,0,-0.013859,-0.009905,0.7292,0.1893,0.2692,3,ok
0,1534,-1.018506,1.198507,2.772743,-0.017172,-0.005487,13.897766,0.200426,0.138651,0.131622,-0.007029,C-06,0,0,0,1,1,0,-0.014444,-0.024497,0.8542,0.2075,0.2673,3,ok
0,1535,-1.040923,1.207309,2.779931,-0.017441,0.001702,13.921847,0.200871,0.105390,0.105390,0.000000,,0,0,0,1,1,0,-0.014054,-0.022171,0.7917,0.2167,0.2684,3,ok
0,1536,-1.059651,1.214585,2.786175,-0.017583,0.008828,13.941991,0.200922,0.111393,0.111393,0.000000,,0,0,0,1,1,0,-0.013342,-0.019862,0.8125,0.2224,0.2673,2,ok
0,1537,-1.082170,1.223070,2.790614,-0.017446,0.013267,13.966056,0.200512,0.062236,0.062236,0.000000,,0,0,0,1,1,0,-0.012038,-0.014764,0.8125,0.2153,0.2652,2,ok
0,1538,-1.104712,1.231348,2.791577,-0.017108,0.014230,13.988745,0.200087,0.010742,0.010742,0.000000,,0,0,0,1,1,0,-0.011573,-0.014309,0.7708,0.2333,0.2680,3,ok
0,1539,-1.123491,1.238218,2.788922,-0.016817,0.011239,14.010049,0.199875,-0.050932,-0.050932,0.000000,,0,0,0,1,1,0,-0.010756,-0.011271,0.7500,0.2432,0.2687,2,ok
0,1540,-1.146010,1.246491,2.788137,-0.016499,0.010454,14.034037,0.199926,-0.009157,-0.009157,0.000000,,0,0,0,1,1,0,-0.011190,-0.018381,0.7083,0.2632,0.2661,2,ok
0,1541,-1.164793,1.253413,2.794535,-0.016287,0.016099,14.054019,0.200390,0.124831,0.124831,0.000000,,0,0,0,1,1,0,-0.014370,-0.023985,0.7083,0.3323,0.2703,2,ok
0,1542,-1.187370,1.261607,2.796073,-0.015926,0.017637,14.078035,0.200132,0.016246,0.016246,0.000000,,0,0,0,1,1,0,-0.012522,-0.022178,0.7708,0.3299,0.2712,2,ok
0,1543,-1.206193,1.268419,2.797763,-0.015616,0.016817,14.098032,0.200230,0.030802,0.030802,0.000000,,0,0,0,1,1,0,-0.011801,-0.028070,0.8542,0.3606,0.2749,2,ok
0,1544,-1.228812,1.276593,2.803904,-0.015250,0.022959,14.122080,0.200604,0.093889,0.093889,0.000000,,0,0,0,1,1,0,-0.009631,-0.027619,0.7917,0.3330,0.2670,2,ok
0,1545,-1.247696,1.283348,2.807853,-0.014879,0.026908,14.139496,0.200550,0.067060,0.067060,0.000000,,0,0,0,1,1,0,-0.011274,-0.028973,0.8333,0.3949,0.2667,2,ok
0,1546,-1.270378,1.291251,2.809203,-0.014311,0.024381,14.166103,0.200136,0.016717,0.016717,0.000000,,0,0,0,1,1,0,-0.010059,-0.028443,0.7917,0.4106,0.2660,2,ok
0,1547,-1.293047,1.299084,2.804313,-0.013674,0.019490,14.190078,0.199707,-0.078140,-0.078140,0.000000,,0,0,0,1,1,0,-0.009673,-0.038037,0.7708,0.4323,0.2666,2,ok
0,1548,-1.311885,1.305621,2.793062,-0.013286,0.003049,14.209936,0.199063,-0.210450,-0.210450,0.000000,,0,0,0,1,1,0,-0.008180,-0.040622,0.7500,0.4062,0.2657,2,ok
0,1549,-1.334421,1.313693,2.788445,-0.013057,-0.001569,14.233873,0.199512,0.128631,-0.060450,-0.189081,C-06,0,0,0,1,1,0,-0.010425,-0.059128,0.7083,0.4663,0.2626,2,ok
0,1550,-1.353199,1.320603,2.792710,-0.013137,-0.003756,14.253783,0.200277,0.130392,0.089550,-0.040842,C-06,0,0,0,1,1,0,-0.012945,-0.081985,0.6875,0.4961,0.2670,2,ok
0,1551,-1.375765,1.328876,2.795374,-0.013268,-0.001092,14.277817,0.200287,0.035111,0.035111,0.000000,,0,0,0,1,1,0,-0.011037,-0.085955,0.7708,0.4772,0.2675,2,ok
0,1552,-1.394599,1.335729,2.802035,-0.013380,-0.002296,14.297743,0.200618,0.124173,0.124173,0.000000,,0,0,0,1,1,0,-0.011841,-0.086790,0.8333,0.5156,0.2650,2,ok
0,1553,-1.417264,1.343948,2.811087,-0.013637,0.006756,14.321851,0.201099,0.132689,0.132689,0.000000,,0,0,0,1,1,0,-0.009797,-0.093663,0.7917,0.4855,0.2665,2,ok
0,1554,-1.436211,1.350746,2.820589,-0.013783,0.016259,14.341980,0.201398,0.168359,0.168359,0.000000,,0,0,0,1,1,0,-0.010180,-0.093774,0.8125,0.5362,0.2648,2,ok
0,1555,-1.459036,1.358769,2.834513,-0.013974,0.020179,14.366071,0.201680,0.202596,0.202596,0.000000,,0,0,0,1,1,0,-0.008764,-0.096316,0.7917,0.5284,0.2667,2,ok
0,1556,-1.481956,1.366430,2.846342,-0.013800,0.032008,14.390237,0.201360,0.166657,0.166657,0.000000,,0,0,0,1,1,0,-0.006660,-0.093837,0.7917,0.5131,0.2650,2,ok
0,1557,-1.501111,1.372507,2.853348,-0.013504,0.027973,14.410195,0.200929,0.115802,0.115802,0.000000,,0,0,0,1,1,0,-0.004581,-0.090848,0.7708,0.4975,0.2650,2,ok
0,1558,-1.524168,1.379691,2.867958,-0.013072,0.042584,14.434342,0.201612,0.212587,0.212587,0.000000,,0,0,0,1,1,0,-0.003563,-0.088056,0.7500,0.4941,0.2631,2,ok
0,1559,-1.543450,1.385466,2.877635,-0.012631,0.039372,14.454255,0.201248,0.158758,0.158758,0.000000,,0,0,0,1,1,0,-0.000092,-0.087662,0.7708,0.4573,0.2626,2,ok
0,1560,-1.566643,1.392004,2.885117,-0.011939,0.046853,14.478341,0.200771,0.100702,0.100702,0.000000,,0,0,0,1,1,0,0.004390,-0.104315,0.7500,0.4233,0.2553,2,ok
0,1561,-1.586004,1.397328,2.891453,-0.011234,0.053190,14.497716,0.200802,0.105844,0.105844,0.000000,,0,0,0,1,1,0,0.004589,-0.103644,0.7917,0.4273,0.2636,2,ok
0,1562,-1.609289,1.403630,2.902436,-0.010606,0.048777,14.522380,0.201164,0.154496,0.154496,0.000000,,0,0,0,1,1,0,0.004057,-0.107803,0.8125,0.4425,0.2601,2,ok
0,1563,-1.628748,1.408823,2.915166,-0.010003,0.061507,14.542511,0.201597,0.213594,0.213594,0.000000,,0,0,0,1,1,0,0.004580,-0.106803,0.8125,0.4407,0.2603,2,ok
0,1564,-1.652163,1.414611,2.925357,-0.009138,0.053331,14.566442,0.200951,0.133611,0.133611,0.000000,,0,0,0,1,1,0,0.008199,-0.107306,0.7917,0.3846,0.2621,2,ok
0,1565,-1.675635,1.420228,2.937733,-0.008223,0.065707,14.590559,0.201181,0.169183,0.169183,0.000000,,0,0,0,1,1,0,0.009737,-0.107529,0.7917,0.3584,0.2618,2,ok
0,1566,-1.695242,1.424740,2.948575,-0.007457,0.056799,14.610509,0.201186,0.174764,0.174764,0.000000,,0,0,0,1,1,0,0.009640,-0.119555,0.7708,0.3797,0.2655,2,ok
0,1567,-1.718825,1.429880,2.961500,-0.006535,0.069724,14.634628,0.201118,0.171764,0.171764,0.000000,,0,0,0,1,1,0,0.010388,-0.118658,0.7708,0.3650,0.2664,2,ok
0,1568,-1.738522,1.433981,2.973445,-0.005579,0.081669,14.654725,0.201196,0.190093,0.190093,0.000000,,0,0,0,1,1,0,0.010532,-0.116125,0.7500,0.3515,0.2669,2,ok
0,1569,-1.762207,1.438485,2.984925,-0.004608,0.069128,14.678676,0.200869,0.147478,0.147478,0.000000,,0,0,0,1,1,0,0.009205,-0.115305,0.6667,0.3631,0.2702,2,ok
0,1570,-1.781987,1.442106,3.003076,-0.003663,0.087279,14.698763,0.201336,0.329517,0.297478,-0.032039,C-06,0,0,0,1,1,0,0.010850,-0.105945,0.7500,0.3434,0.2663,2,ok
0,1571,-1.805777,1.445931,3.015069,-0.002358,0.071953,14.722751,0.200752,0.105853,0.147478,0.041625,C-06,0,0,0,1,1,0,0.010857,-0.094218,0.8125,0.3630,0.2680,2,ok
0,1572,-1.825629,1.448893,3.024510,-0.001223,0.081393,14.742791,0.200696,0.144415,0.144415,0.000000,,0,0,0,1,1,0,0.011679,-0.089664,0.7917,0.3506,0.2689,2,ok
0,1573,-1.849478,1.452136,3.034340,0.000269,0.060009,14.766813,0.200548,0.123284,0.123284,0.000000,,0,0,0,1,1,0,0.012371,-0.085895,0.8333,0.3457,0.2673,2,ok
0,1574,-1.873346,1.454890,3.038531,0.001607,0.064200,14.790802,0.200196,0.048497,0.048497,0.000000,,0,0,0,1,1,0,0.013287,-0.082466,0.7917,0.3309,0.2644,2,ok
0,1575,-1.893244,1.457124,3.042659,0.002784,0.068328,14.810790,0.200253,0.063581,0.063581,0.000000,,0,0,0,1,1,0,0.012343,-0.088038,0.7708,0.3455,0.2658,3,ok
0,1576,-1.917120,1.459505,3.036582,0.003834,0.031462,14.834868,0.199878,-0.195527,-0.086419,0.109108,C-06,0,0,0,1,1,0,0.012802,-0.093551,0.7917,0.3364,0.2620,2,ok
0,1577,-1.937006,1.461476,3.032751,0.004581,0.027631,14.854837,0.199795,-0.055316,-0.055316,0.000000,,0,0,0,1,1,0,0.011950,-0.096759,0.7708,0.3550,0.2659,2,ok
0,1578,-1.960871,1.464076,3.039556,0.004901,0.005017,14.879035,0.200140,0.546119,0.094684,-0.451435,C-06,0,0,0,1,1,0,0.010807,-0.109218,0.7083,0.3370,0.2648,2,ok
0,1579,-1.980781,1.466253,3.054926,0.004657,0.020387,14.899062,0.200419,0.456414,0.244684,-0.211729,C-06,0,0,0,1,1,0,0.008482,-0.116740,0.7708,0.3741,0.2642,2,ok
0,1580,-2.004718,1.468865,3.085875,0.004368,0.051336,14.923139,0.200856,0.448650,0.394684,-0.053966,C-06,0,0,0,1,1,0,0.010365,-0.108730,0.7708,0.3347,0.2630,3,ok
0,1581,-2.024696,1.470795,3.103404,0.003942,0.042389,14.943304,0.200637,0.106743,0.244684,0.137941,C-06,0,0,0,1,1,0,0.011073,-0.104616,0.8125,0.3315,0.2602,3,ok
0,1582,-2.048683,1.472111,3.112016,0.004407,0.051001,14.967322,0.200155,0.038542,0.094684,0.056142,C-06,0,0,0,1,1,0,0.011946,-0.078772,0.8125,0.3886,0.2696,3,ok
0,1583,-2.072671,1.472851,3.108304,0.005204,0.024268,14.991387,0.199978,-0.056873,-0.055316,0.001558,C-06,0,0,0,1,1,0,0.014957,-0.071235,0.7917,0.3320,0.2682,2,ok
0,1584,-2.092660,1.473471,3.107104,0.005736,0.023068,15.011378,0.199981,-0.014033,-0.014033,0.000000,,0,0,0,1,1,0,0.013375,-0.081242,0.8125,0.3570,0.2660,3,ok
0,1585,-2.116645,1.474273,3.106545,0.006188,0.003934,15.035491,0.199991,-0.006231,-0.006231,0.000000,,0,0,0,1,1,0,0.011415,-0.087075,0.7708,0.4006,0.2676,3,ok
0,1586,-2.136636,1.474948,3.115781,0.006277,0.013170,15.055493,0.200045,0.244592,0.143769,-0.100823,C-06,0,0,0,1,1,0,0.012003,-0.096212,0.7500,0.3746,0.2692,2,ok
0,1587,-2.160632,1.475759,3.139547,0.006384,0.036936,15.079503,0.200113,0.512908,0.293769,-0.219139,C-06,0,0,0,1,1,0,0.013192,-0.103096,0.7292,0.3513,0.2660,2,ok
0,1588,-2.180631,1.476435,-3.117063,0.006156,0.046379,15.099621,0.200061,0.384723,0.384723,0.000000,,0,0,0,1,1,0,0.016060,-0.098091,0.7292,0.3332,0.2610,3,ok
0,1589,-2.204615,1.476766,-3.096718,0.006331,0.066723,15.123608,0.199808,-0.153952,0.234723,0.388675,C-06,0,0,0,1,1,0,0.015954,-0.070774,0.7708,0.3898,0.2678,3,ok
0,1590,-2.224592,1.476182,-3.090170,0.007157,0.055629,15.143692,0.199855,-0.078941,0.084723,0.163665,C-06,0,0,0,1,1,0,0.017606,-0.057026,0.8125,0.3780,0.2643,2,ok
0,1591,-2.248563,1.474963,-3.094752,0.008468,0.051047,15.167658,0.200047,-0.163957,-0.065277,0.098681,C-06,0,0,0,1,1,0,0.019712,-0.051764,0.8333,0.3573,0.2655,2,ok
0,1592,-2.272544,1.473720,-3.111636,0.009707,0.016948,15.191784,0.200173,-0.549884,-0.215277,0.334607,C-06,0,0,0,1,1,0,0.017285,-0.058110,0.7917,0.4196,0.2670,3,ok
0,1593,-2.292540,1.472684,-3.136128,0.010513,-0.007545,15.211791,0.200263,-0.457025,-0.365277,0.091749,C-06,0,0,0,1,1,0,0.017576,-0.065885,0.8125,0.4059,0.2680,3,ok
0,1594,-2.316539,1.471631,3.126761,0.011289,-0.027841,15.235801,0.200100,-0.231925,-0.231925,0.000000,,0,0,0,1,1,0,0.014311,-0.113453,0.8125,0.4014,0.2643,2,ok
0,1595,-2.336536,1.471613,3.120277,0.010727,-0.051572,15.256004,0.199957,-0.019192,-0.081925,-0.062733,C-06,0,0,0,1,1,0,0.012600,-0.140387,0.7500,0.3923,0.2645,2,ok
0,1596,-2.360531,1.472108,3.125071,0.009499,-0.046779,15.279973,0.200019,0.403068,0.068075,-0.334993,C-06,0,0,0,1,1,0,0.010468,-0.151810,0.7292,0.4109,0.2622,2,ok
0,1597,-2.380528,1.472438,3.122321,0.008381,-0.067178,15.300097,0.199990,-0.044384,-0.044384,0.000000,,0,0,0,1,1,0,0.004150,-0.167125,0.7292,0.4613,0.2715,2,ok
0,1598,-2.404525,1.472902,3.130300,0.006771,-0.059200,15.324044,0.200024,0.128474,0.105616,-0.022858,C-06,0,0,0,1,1,0,0.004034,-0.177364,0.7708,0.4312,0.2648,2,ok
0,1599,-2.424525,1.473291,-3.137741,0.005424,-0.044056,15.342116,0.200037,0.224796,0.224796,0.000000,,0,0,0,1,1,0,0.000507,-0.177127,0.8125,0.4870,0.2682,2,ok
0,1600,-2.448523,1.473733,-3.124890,0.003388,-0.048912,15.368015,0.199996,0.147820,0.147820,0.000000,,0,0,0,1,1,0,0.001046,-0.171116,0.8125,0.4507,0.2646,2,ok
0,1601,-2.472514,1.474063,-3.103136,0.001496,-0.027158,15.391933,0.199879,0.267434,0.267434,0.000000,,0,0,0,1,1,0,-0.000854,-0.161770,0.8125,0.4786,0.2665,2,ok
0,1602,-2.492488,1.474328,-3.079103,-0.000406,-0.020787,15.411843,0.199636,0.358572,0.358572,0.000000,,0,0,0,1,1,0,-0.001255,-0.149446,0.8333,0.4710,0.2663,2,ok
0,1603,-2.516426,1.473647,-3.061234,-0.001746,-0.002918,15.435753,0.199515,0.211430,0.211430,0.000000,,0,0,0,1,1,0,0.002235,-0.142595,0.7500,0.3888,0.2649,2,ok
0,1604,-2.536357,1.472270,-3.056301,-0.002198,-0.015658,15.455696,0.199813,-0.044373,0.061430,0.105802,C-06,0,0,0,1,1,0,-0.002173,-0.130833,0.7917,0.4981,0.2669,2,ok
0,1605,-2.560254,1.470503,-3.040420,-0.002827,0.000223,15.479650,0.199537,0.241758,0.211430,-0.030329,C-06,0,0,0,1,1,0,0.000552,-0.128315,0.7500,0.4265,0.2655,2,ok
0,1606,-2.580146,1.468684,-3.035657,-0.003004,0.004987,15.498573,0.199770,-0.004333,0.061430,0.065763,C-06,0,0,0,1,1,0,-0.002005,-0.126412,0.7500,0.4798,0.2677,2,ok
0,1607,-2.604016,1.466158,-3.039948,-0.003346,-0.017034,15.523569,0.200090,-0.063077,-0.063077,0.000000,,0,0,0,1,1,0,0.000702,-0.129814,0.7083,0.4139,0.2685,2,ok
0,1608,-2.623909,1.464128,-3.035795,-0.003690,-0.012881,15.543562,0.199915,0.071891,0.071891,0.000000,,0,0,0,1,1,0,-0.003410,-0.131404,0.8125,0.4912,0.2665,2,ok
0,1609,-2.647756,1.461698,-3.021047,-0.004395,-0.015345,15.567455,0.199595,0.194868,0.194868,0.000000,,0,0,0,1,1,0,-0.003523,-0.134736,0.7917,0.4634,0.2643,2,ok
0,1610,-2.671571,1.459113,-3.013630,-0.005067,-0.007929,15.591400,0.199615,0.088468,0.088468,0.000000,,0,0,0,1,1,0,-0.003952,-0.130104,0.8333,0.4836,0.2681,2,ok
0,1611,-2.691390,1.456876,-2.999942,-0.005686,-0.013035,15.611241,0.199279,0.223103,0.223103,0.000000,,0,0,0,1,1,0,-0.006055,-0.129925,0.8333,0.5327,0.2669,2,ok
0,1612,-2.715101,1.454191,-2.971997,-0.006666,0.014910,15.635083,0.198439,0.374502,0.373103,-0.001399,C-06,0,0,0,1,1,0,-0.003953,-0.136851,0.7917,0.4838,0.2663,2,ok
0,1613,-2.734784,1.451520,-2.955557,-0.007042,0.031351,15.654943,0.198639,0.248719,0.248719,0.000000,,0,0,0,1,1,0,-0.004018,-0.123985,0.7917,0.5095,0.2659,2,ok
0,1614,-2.758341,1.447597,-2.942897,-0.007164,0.026211,15.678707,0.199021,0.162839,0.162839,0.000000,,0,0,0,1,1,0,-0.001973,-0.115837,0.7500,0.4690,0.2628,2,ok
0,1615,-2.777911,1.444148,-2.924370,-0.007086,0.044738,15.698579,0.198370,0.320517,0.312839,-0.007678,C-06,0,0,0,1,1,0,-0.003926,-0.103170,0.7292,0.5476,0.2741,2,ok
0,1616,-2.801294,1.439746,-2.904424,-0.007055,0.045709,15.722207,0.198237,0.269274,0.269274,0.000000,,0,0,0,1,1,0,-0.004020,-0.103160,0.6667,0.5527,0.2706,2,ok
0,1617,-2.820712,1.435390,-2.895786,-0.006526,0.054347,15.742101,0.199070,0.132801,0.132801,0.000000,,0,0,0,1,1,0,-0.004623,-0.088486,0.7292,0.5859,0.2807,2,ok
0,1618,-2.843978,1.429708,-2.891522,-0.005516,0.039825,15.765949,0.199612,0.053555,0.053555,0.000000,,0,0,0,1,1,0,-0.006246,-0.081004,0.7917,0.6855,0.2711,2,ok
0,1619,-2.867230,1.423781,-2.891370,-0.004516,0.039977,15.789924,0.199993,-0.001564,-0.001564,0.000000,,0,0,0,1,1,0,-0.003272,-0.083133,0.8125,0.6597,0.2679,2,ok
0,1620,-2.886588,1.418829,-2.883205,-0.003666,0.048142,15.809888,0.199626,0.170295,0.148436,-0.021858,C-06,0,0,0,1,1,0,-0.001096,-0.084739,0.7917,0.6061,0.2687,2,ok
0,1621,-2.909763,1.412886,-2.874000,-0.003127,0.037193,15.833724,0.199159,0.127414,0.127414,0.000000,,0,0,0,1,1,0,-0.000442,-0.092217,0.7708,0.6318,0.2711,2,ok
0,1622,-2.929034,1.407840,-2.867654,-0.002629,0.043538,15.853638,0.199213,0.105462,0.105462,0.000000,,0,0,0,1,1,0,-0.001520,-0.096764,0.7708,0.6898,0.2710,2,ok
0,1623,-2.952140,1.401359,-2.868277,-0.001824,0.023866,15.877585,0.200050,-0.015921,-0.015921,0.000000,,0,0,0,1,1,0,-0.000770,-0.098660,0.7708,0.6937,0.2645,2,ok
0,1624,-2.971396,1.395941,-2.867523,-0.001294,0.024620,15.897582,0.200016,0.015211,0.015211,0.000000,,0,0,0,1,1,0,-0.003352,-0.110080,0.7083,0.7886,0.2769,2,ok
0,1625,-2.994471,1.389444,-2.857876,-0.000747,0.013169,15.921529,0.199518,0.146158,0.146158,0.000000,,0,0,0,1,1,0,-0.006890,-0.118960,0.7292,0.8611,0.2734,2,ok
0,1626,-3.013643,1.384029,-2.847744,-0.000668,0.023302,15.941451,0.198968,0.174714,0.174714,0.000000,,0,0,0,1,1,0,-0.010647,-0.123173,0.7292,0.9363,0.2816,2,ok
0,1627,-3.036575,1.377456,-2.836442,-0.000480,0.034604,15.965306,0.198765,0.160513,0.160513,0.000000,,0,0,0,1,1,0,-0.007628,-0.131567,0.7500,0.9455,0.2735,2,ok
0,1628,-3.059414,1.370702,-2.821808,-0.000434,0.028477,15.989114,0.198348,0.213883,0.213883,0.000000,,0,0,0,1,1,0,-0.007017,-0.127655,0.8333,0.9976,0.2695,2,ok
0,1629,-3.078344,1.364911,-2.803640,-0.000283,0.046646,16.008910,0.197490,0.327192,0.327192,0.000000,,0,0,0,1,1,0,-0.006577,-0.129368,0.8542,1.0245,0.2697,2,ok
0,1630,-3.100909,1.357539,-2.784674,0.000106,0.043186,16.032646,0.197844,0.275903,0.275903,0.000000,,0,0,0,1,1,0,-0.009121,-0.121671,0.8125,1.1337,0.2733,2,ok
0,1631,-3.119596,1.351029,-2.769513,0.000539,0.058347,16.052429,0.197882,0.270178,0.270178,0.000000,,0,0,0,1,1,0,-0.009121,-0.121671,0.8125,1.1337,0.2733,2,ok
0,1632,-3.141875,1.342808,-2.751646,0.001491,0.076214,16.075596,0.197903,0.268286,0.268286,0.000000,,0,0,0,1,1,0,-0.003855,-0.122951,0.7917,1.0959,0.2738,2,ok
0,1633,-3.160344,1.335407,-2.744543,0.002398,0.060489,16.096065,0.199062,-0.047923,0.118286,0.166209,C-06,0,0,0,1,1,0,-0.000351,-0.116802,0.7500,1.1201,0.2775,2,ok
0,1634,-3.182481,1.326139,-2.745966,0.003876,0.059066,16.120018,0.200118,-0.230055,-0.031714,0.198342,C-06,0,0,0,1,1,0,0.005133,-0.118719,0.7083,1.0310,0.2685,2,ok
0,1635,-3.200916,1.318431,-2.740176,0.004810,0.040357,16.140087,0.199601,0.371815,0.118286,-0.253528,C-06,0,0,0,1,1,0,-0.000420,-0.136282,0.7083,1.2045,0.2669,2,ok
0,1636,-3.222932,1.309140,-2.723326,0.005753,0.057206,16.163964,0.198553,1.000000,0.268286,-0.731714,C-06,0,0,0,1,1,0,-0.003977,-0.158628,0.7292,1.3130,0.2750,2,ok
0,1637,-3.244736,1.299787,-2.697026,0.006672,0.058273,16.187838,0.196919,0.742568,0.418286,-0.324281,C-06,0,0,0,1,1,0,0.001765,-0.162532,0.8333,1.3053,0.2676,2,ok
0,1638,-3.262725,1.291534,-2.682118,0.007557,0.073181,16.207610,0.198045,0.039823,0.268286,0.228464,C-06,0,0,0,1,1,0,0.009036,-0.158385,0.7917,1.1938,0.2612,2,ok
0,1639,-3.284190,1.281052,-2.673999,0.009201,0.081299,16.231440,0.199142,0.065864,0.118286,0.052422,C-06,0,0,0,1,1,0,0.010456,-0.154567,0.8125,1.2352,0.2717,2,ok
0,1640,-3.302023,1.272130,-2.669723,0.010326,0.058173,16.251598,0.199426,0.079615,0.079615,0.000000,,0,0,0,1,1,0,0.014811,-0.161096,0.7708,1.1806,0.2632,2,ok
0,1641,-3.323329,1.261228,-2.655978,0.011791,0.071917,16.275486,0.198936,0.245322,0.229615,-0.015707,C-06,0,0,0,1,1,0,0.011961,-0.191298,0.7917,1.3044,0.2631,2,ok
0,1642,-3.340931,1.252052,-2.637022,0.012955,0.061395,16.295651,0.197783,0.392431,0.379615,-0.012816,C-06,0,0,0,1,1,0,0.015859,-0.206386,0.7500,1.2560,0.2564,2,ok
0,1643,-3.361837,1.240711,-2.619760,0.014322,0.078656,16.319396,0.198292,0.274899,0.274899,0.000000,,0,0,0,1,1,0,0.014931,-0.205973,0.7500,1.3352,0.2627,2,ok
0,1644,-3.379092,1.230986,-2.602817,0.015780,0.095599,16.339149,0.198014,0.341626,0.341626,0.000000,,0,0,0,1,1,0,0.019597,-0.208392,0.7292,1.2570,0.2674,2,ok
0,1645,-3.399516,1.218891,-2.574024,0.017357,0.089159,16.363352,0.197516,0.811318,0.491626,-0.319693,C-06,0,0,0,1,1,0,0.020112,-0.226306,0.6667,1.2542,0.2590,2,ok
0,1646,-3.419516,1.206184,-2.537258,0.019583,0.125925,16.386942,0.197469,1.000000,0.641626,-0.358374,C-06,0,0,0,1,1,0,0.021842,-0.223824,0.7292,1.3163,0.2661,2,ok
0,1647,-3.435834,1.194929,-2.513271,0.021810,0.109201,16.407371,0.198467,0.430310,0.491626,0.061316,C-06,0,0,0,1,1,0,0.027055,-0.207895,0.7917,1.2878,0.2664,2,ok
0,1648,-3.455106,1.180820,-2.493479,0.024780,0.128994,16.431070,0.199192,0.292787,0.341626,0.048839,C-06,0,0,0,1,1,0,0.032742,-0.197926,0.8125,1.2026,0.2600,2,ok
0,1649,-3.470993,1.168742,-2.484231,0.027619,0.138241,16.450824,0.199620,0.140479,0.191626,0.051146,C-06,0,0,0,1,1,0,0.035955,-0.195899,0.7708,1.1915,0.2656,2,ok
0,1650,-3.489947,1.154058,-2.478327,0.029956,0.098147,16.476187,0.199823,0.102232,0.102232,0.000000,,0,0,0,1,1,0,0.037221,-0.196793,0.8125,1.1868,0.2609,2,ok
0,1651,-3.505674,1.141733,-2.472914,0.032013,0.103559,16.496062,0.199820,0.119230,0.119230,0.000000,,0,0,0,1,1,0,0.040148,-0.221201,0.7083,1.1440,0.2620,2,ok
0,1652,-3.524403,1.126776,-2.458670,0.034028,0.066735,16.521727,0.199752,0.290728,0.269230,-0.021498,C-06,0,0,0,1,1,0,0.039045,-0.238663,0.7500,1.1709,0.2549,2,ok
0,1653,-3.539878,1.114122,-2.452789,0.035429,0.072615,16.541668,0.199923,-0.167494,0.119230,0.286724,C-06,0,0,0,1,1,0,0.040782,-0.247722,0.7708,1.1553,0.2559,2,ok
0,1654,-3.558411,1.098871,-2.453915,0.037185,0.071490,16.565146,0.200020,-0.155648,-0.030770,0.124878,C-06,0,0,0,1,1,0,0.039880,-0.253083,0.7917,1.1817,0.2574,2,ok
0,1655,-3.576915,1.083597,-2.448005,0.037597,0.021777,16.591607,0.199949,0.527686,0.119230,-0.408456,C-06,0,0,0,1,1,0,0.037942,-0.305490,0.7083,1.1767,0.2577,2,ok
0,1656,-3.592224,1.070733,-2.436408,0.038184,0.033373,16.611594,0.200029,0.285848,0.269230,-0.016618,C-06,0,0,0,1,1,0,0.038236,-0.311011,0.7708,1.1353,0.2512,2,ok
0,1657,-3.610409,1.055037,-2.420881,0.038357,-0.007060,16.637832,0.200311,0.287600,0.287600,0.000000,,0,0,0,1,1,0,0.036175,-0.315861,0.8125,1.1584,0.2581,2,ok
0,1658,-3.625411,1.041783,-2.413689,0.038285,0.000132,16.657851,0.200230,0.148906,0.148906,0.000000,,0,0,0,1,1,0,0.035586,-0.314236,0.8125,1.1765,0.2544,2,ok
0,1659,-3.643308,1.025753,-2.406645,0.038141,-0.049081,16.684104,0.200249,0.126043,0.126043,0.000000,,0,0,0,1,0,0,0.035586,-0.314236,0.8125,1.1765,0.2544,2,ok
0,1660,-3.658129,1.012255,-2.394314,0.037205,-0.036750,16.704128,0.200649,0.562483,0.276043,-0.286440,C-06,0,0,0,1,1,0,0.031116,-0.345815,0.7708,1.1305,0.2484,2,ok
0,1661,-3.675630,0.995743,-2.370649,0.036506,-0.013085,16.728178,0.200393,0.549417,0.426043,-0.123374,C-06,0,0,0,1,1,0,0.033030,-0.355954,0.7292,1.0435,0.2532,2,ok
0,1662,-3.689892,0.981706,-2.356848,0.035618,-0.055366,16.750203,0.200022,0.160565,0.276043,0.115478,C-06,0,0,0,1,1,0,0.028737,-0.353112,0.7917,1.1122,0.2503,2,ok
0,1663,-3.706752,0.964642,-2.342603,0.034419,-0.041121,16.774162,0.199814,0.244398,0.244398,0.000000,,0,0,0,1,1,0,0.026854,-0.352548,0.7292,1.1149,0.2497,2,ok
0,1664,-3.723305,0.947352,-2.320629,0.033272,-0.074379,16.799931,0.199180,0.668699,0.394398,-0.274301,C-06,0,0,0,1,1,0,0.019800,-0.365208,0.7083,1.1466,0.2633,2,ok
0,1665,-3.736772,0.932687,-2.298109,0.031906,-0.051859,16.819795,0.199209,0.493003,0.493003,0.000000,,0,0,0,1,1,0,0.021284,-0.362811,0.7708,1.0946,0.2576,2,ok
0,1666,-3.752491,0.914607,-2.271566,0.030913,-0.025316,16.843732,0.200019,0.488884,0.488884,0.000000,,0,0,0,1,1,0,0.017901,-0.354328,0.8125,1.1161,0.2600,2,ok
0,1667,-3.765273,0.899194,-2.251912,0.029760,-0.059487,16.865360,0.200400,0.431946,0.431946,0.000000,,0,0,0,1,1,0,0.019863,-0.342460,0.8333,1.0506,0.2574,2,ok
0,1668,-3.780291,0.880386,-2.229986,0.028486,-0.037562,16.889395,0.200738,0.397103,0.397103,0.000000,,0,0,0,1,1,0,0.022026,-0.337324,0.7708,0.9489,0.2524,2,ok
0,1669,-3.792544,0.864465,-2.211421,0.027572,-0.071029,16.910953,0.201041,0.399867,0.399867,0.000000,,0,0,0,1,1,0,0.019278,-0.343780,0.7708,0.9636,0.2544,2,ok
0,1670,-3.806922,0.845063,-2.188500,0.025875,-0.048107,16.935042,0.201405,0.405562,0.405562,0.000000,,0,0,0,1,1,0,0.016510,-0.333041,0.7500,0.9698,0.2623,2,ok
0,1671,-3.818577,0.828680,-2.174985,0.024851,-0.034593,16.955122,0.201084,0.274841,0.274841,0.000000,,0,0,0,1,1,0,0.017138,-0.326782,0.7292,0.8777,0.2531,2,ok
0,1672,-3.832280,0.808843,-2.162281,0.023091,-0.072533,16.980418,0.200947,0.216856,0.216856,0.000000,,0,0,0,1,1,0,0.010603,-0.320564,0.7500,1.0159,0.2626,2,ok
0,1673,-3.845670,0.788787,-2.141462,0.021346,-0.051714,17.004470,0.201786,0.374263,0.366856,-0.007407,C-06,0,0,0,1,1,0,0.005547,-0.322151,0.6875,1.0179,0.2661,2,ok
0,1674,-3.856710,0.771843,-2.119753,0.019820,-0.078010,17.025594,0.202513,0.443270,0.443270,0.000000,,0,0,0,1,1,0,0.005547,-0.322151,0.6875,1.0179,0.2661,2,ok
0,1675,-3.869593,0.751157,-2.084321,0.017685,-0.042578,17.049870,0.203924,0.749362,0.593270,-0.156092,C-06,0,0,0,1,1,0,0.003807,-0.325660,0.7083,0.9733,0.2679,2,ok
0,1676,-3.880032,0.733562,-2.046655,0.016332,-0.004912,17.070284,0.205566,0.778527,0.743270,-0.035257,C-06,0,0,0,1,1,0,0.007221,-0.300168,0.7708,0.8521,0.2685,2,ok
0,1677,-3.891860,0.712019,-2.007573,0.014534,-0.011614,17.095574,0.204916,0.607227,0.607227,0.000000,,0,0,0,1,1,0,0.007377,-0.288899,0.7917,0.8400,0.2676,2,ok
0,1678,-3.900984,0.693790,-1.982264,0.013657,0.013695,17.115939,0.203798,0.410935,0.457227,0.046292,C-06,0,0,0,1,1,0,0.009049,-0.248870,0.7708,0.8140,0.2642,2,ok
0,1679,-3.911129,0.671695,-1.961605,0.013015,-0.008608,17.140781,0.202568,0.186722,0.307227,0.120505,C-06,0,0,0,1,1,0,0.009020,-0.221741,0.7708,0.8168,0.2603,2,ok
0,1680,-3.919019,0.653166,-1.952311,0.012577,0.000686,17.160916,0.201300,0.058904,0.157227,0.098324,C-06,0,0,0,1,1,0,0.023038,-0.222957,0.7292,0.3726,0.2356,2,ok
0,1681,-3.928300,0.630838,-1.939983,0.012260,0.013014,17.185094,0.201554,0.186239,0.186239,0.000000,,0,0,0,1,1,0,0.008552,-0.225419,0.7500,0.8207,0.2638,2,ok
0,1682,-3.937052,0.608438,-1.936678,0.011445,-0.024701,17.209648,0.200332,0.040585,0.040585,0.000000,,0,0,0,1,1,0,0.007920,-0.224764,0.7292,0.8007,0.2627,2,ok
0,1683,-3.944211,0.589779,-1.942081,0.010888,-0.030104,17.229626,0.199647,-0.187119,-0.109415,0.077703,C-06,0,0,0,1,1,0,0.005238,-0.234550,0.7292,0.8075,0.2589,2,ok
0,1684,-3.952916,0.567408,-1.939960,0.009603,-0.065789,17.253983,0.200149,0.401465,0.040585,-0.360880,C-06,0,0,0,1,1,0,-0.001228,-0.255215,0.6875,0.9014,0.2694,2,ok
0,1685,-3.960133,0.548723,-1.930053,0.008259,-0.055882,17.273968,0.200608,0.594207,0.190585,-0.403622,C-06,0,0,0,1,1,0,0.001139,-0.268681,0.7500,0.7921,0.2606,2,ok
0,1686,-3.968789,0.526165,-1.907480,0.006564,-0.069125,17.298326,0.202017,0.428285,0.340585,-0.087700,C-06,0,0,0,1,1,0,0.000823,-0.270278,0.8333,0.7434,0.2569,2,ok
0,1687,-3.976003,0.507207,-1.881526,0.004550,-0.043171,17.318510,0.203542,0.461485,0.461485,0.000000,,0,0,0,1,1,0,0.001770,-0.266541,0.7500,0.6791,0.2565,2,ok
0,1688,-3.984372,0.484251,-1.851756,0.002465,-0.013401,17.342855,0.203588,0.422100,0.422100,0.000000,,0,0,0,1,1,0,-0.000213,-0.249365,0.7292,0.7053,0.2593,2,ok
0,1689,-3.991020,0.464950,-1.818422,0.000634,-0.013516,17.363250,0.204848,0.571364,0.571364,0.000000,,0,0,0,1,1,0,0.000026,-0.240792,0.7292,0.6916,0.2592,2,ok
0,1690,-3.998305,0.441581,-1.782461,-0.001085,0.022446,17.387668,0.203829,0.485371,0.485371,0.000000,,0,0,0,1,1,0,0.000026,-0.240792,0.7292,0.6916,0.2592,2,ok
0,1691,-4.004391,0.418054,-1.756784,-0.001866,0.015020,17.411912,0.202373,0.228411,0.335371,0.106960,C-06,0,0,0,1,1,0,0.003869,-0.197893,0.7292,0.5844,0.2596,2,ok
0,1692,-4.008629,0.398375,-1.744321,-0.002074,0.027483,17.432040,0.201187,-0.009039,0.185371,0.194410,C-06,0,0,0,1,1,0,0.005824,-0.186124,0.7083,0.5215,0.2580,2,ok
0,1693,-4.012910,0.374727,-1.740873,-0.001529,0.030932,17.456066,0.200208,-0.107574,0.035371,0.142944,C-06,0,0,0,1,1,0,0.005262,-0.182971,0.6875,0.5482,0.2608,2,ok
0,1694,-4.016301,0.355025,-1.747250,-0.001484,-0.009180,17.476012,0.199791,-0.198511,-0.114629,0.083882,C-06,0,0,0,1,1,0,0.005262,-0.182971,0.6875,0.5482,0.2608,2,ok
0,1695,-4.020515,0.331395,-1.745347,-0.001610,-0.007277,17.500014,0.200080,0.040765,0.035371,-0.005394,C-06,0,0,0,1,1,0,-0.002127,-0.198788,0.7500,0.6301,0.2636,2,ok
0,1696,-4.024037,0.311682,-1.734353,-0.002039,-0.030143,17.519973,0.200427,0.407859,0.185371,-0.222488,C-06,0,0,0,1,1,0,-0.000515,-0.215013,0.7500,0.5073,0.2636,2,ok
0,1697,-4.028262,0.287958,-1.709423,-0.003010,-0.005213,17.544051,0.201154,0.553097,0.335371,-0.217726,C-06,0,0,0,1,1,0,-0.004941,-0.213235,0.7708,0.6107,0.2679,2,ok
0,1698,-4.031783,0.268112,-1.678736,-0.003809,0.025474,17.564191,0.201892,0.506942,0.485371,-0.021571,C-06,0,0,0,1,1,0,-0.005427,-0.199031,0.8125,0.6149,0.2636,2,ok
0,1699,-4.035581,0.244219,-1.651242,-0.005252,0.018188,17.588184,0.201475,0.264467,0.335371,0.070903,C-06,0,0,0,1,1,0,-0.003863,-0.180456,0.7708,0.5643,0.2636,2,ok
0,1700,-4.039026,0.220267,-1.614204,-0.006398,0.055226,17.612355,0.201720,0.463873,0.463873,0.000000,,0,0,0,1,1,0,0.004853,-0.164888,0.7083,0.2911,0.2434,2,ok
0,1701,-4.041000,0.200278,-1.591671,-0.006857,0.043509,17.632223,0.200711,0.168582,0.313873,0.145291,C-06,0,0,0,1,1,0,-0.001353,-0.144079,0.7292,0.5265,0.2589,2,ok
0,1702,-4.042189,0.176280,-1.577105,-0.006542,0.058076,17.656248,0.200167,-0.042658,0.163873,0.206531,C-06,0,0,0,1,1,0,-0.000269,-0.126478,0.7083,0.5355,0.2632,2,ok
0,1703,-4.042399,0.156280,-1.575277,-0.005499,0.059904,17.674454,0.200004,-0.145047,0.013873,0.158920,C-06,0,0,0,1,1,0,0.000033,-0.121606,0.7292,0.5265,0.2615,2,ok
0,1704,-4.042560,0.132280,-1.574156,-0.005049,0.028576,17.700025,0.200003,0.013179,0.013179,0.000000,,0,0,0,1,1,0,-0.000310,-0.132612,0.6667,0.5444,0.2606,2,ok
0,1705,-4.042644,0.112280,-1.574344,-0.004576,0.028388,17.720019,0.200000,-0.003675,-0.003675,0.000000,,0,0,0,1,1,0,0.000816,-0.142867,0.7083,0.4897,0.2644,2,ok
0,1706,-4.042742,0.088281,-1.563011,-0.004442,0.010130,17.743895,0.199996,0.185690,0.146325,-0.039365,C-06,0,0,0,1,1,0,-0.004812,-0.145934,0.8125,0.6195,0.2675,2,ok
0,1707,-4.042824,0.068282,-1.553678,-0.004524,0.019463,17.763893,0.199974,0.131785,0.131785,0.000000,,0,0,0,1,1,0,-0.002764,-0.145830,0.7708,0.5500,0.2619,2,ok
0,1708,-4.042910,0.044289,-1.541674,-0.004772,0.003093,17.787763,0.199919,0.144259,0.144259,0.000000,,0,0,0,1,1,0,-0.004578,-0.141394,0.7708,0.6018,0.2718,2,ok
0,1709,-4.042910,0.020308,-1.519605,-0.005402,0.025162,17.811735,0.199748,0.276607,0.276607,0.000000,,0,0,0,1,1,0,0.000741,-0.147512,0.7292,0.4425,0.2622,2,ok
0,1710,-4.042818,0.000346,-1.500023,-0.005835,0.044744,17.831693,0.199531,0.289203,0.289203,0.000000,,0,0,0,1,1,0,0.000741,-0.147512,0.7292,0.4425,0.2622,2,ok
0,1711,-4.041667,-0.023583,-1.487950,-0.005856,0.030742,17.855498,0.199629,0.110513,0.139203,0.028690,C-06,0,0,0,1,1,0,-0.000499,-0.127692,0.7083,0.5140,0.2619,2,ok
0,1712,-4.040404,-0.043507,-1.479729,-0.005640,0.038963,17.875461,0.199631,0.122056,0.122056,0.000000,,0,0,0,1,1,0,-0.004459,-0.121745,0.7083,0.6413,0.2625,2,ok
0,1713,-4.038507,-0.067401,-1.473374,-0.005296,0.020447,17.899283,0.199739,0.076558,0.076558,0.000000,,0,0,0,1,1,0,-0.001551,-0.123474,0.6875,0.5629,0.2662,2,ok
0,1714,-4.036576,-0.087308,-1.476294,-0.004946,0.017527,17.919281,0.200058,-0.053731,-0.053731,0.000000,,0,0,0,1,1,0,-0.003863,-0.128900,0.7292,0.6170,0.2649,2,ok
0,1715,-4.034313,-0.111197,-1.472157,-0.004580,0.021664,17.941334,0.199920,0.060156,0.060156,0.000000,,0,0,0,1,1,0,-0.005509,-0.136078,0.7500,0.6469,0.2601,2,ok
0,1716,-4.032431,-0.131088,-1.459946,-0.004788,0.008894,17.963146,0.199677,0.196944,0.196944,0.000000,,0,0,0,1,1,0,-0.005509,-0.136078,0.7500,0.6469,0.2601,2,ok
0,1717,-4.030130,-0.154928,-1.450998,-0.004938,0.017841,17.987096,0.199567,0.107620,0.107620,0.000000,,0,0,0,1,1,0,-0.003725,-0.141632,0.7708,0.6130,0.2648,2,ok
0,1718,-4.027725,-0.178736,-1.437032,-0.005351,0.007348,18.010913,0.199241,0.184447,0.184447,0.000000,,0,0,0,1,1,0,-0.002447,-0.142903,0.7292,0.5857,0.2619,2,ok
0,1719,-4.025708,-0.198534,-1.419887,-0.005805,0.024494,18.030808,0.198791,0.273114,0.273114,0.000000,,0,0,0,1,1,0,-0.004636,-0.151240,0.7292,0.6768,0.2677,2,ok
0,1720,-4.022531,-0.222241,-1.409661,-0.005789,0.011086,18.054573,0.199361,0.095029,0.123114,0.028086,C-06,0,0,0,1,1,0,-0.001440,-0.148302,0.7083,0.5911,0.2634,2,ok
0,1721,-4.019359,-0.241981,-1.409716,-0.005628,0.011031,18.074566,0.200001,-0.013280,-0.013280,0.000000,,0,0,0,1,1,0,-0.003037,-0.145355,0.7083,0.6509,0.2682,2,ok
0,1722,-4.015508,-0.265690,-1.421289,-0.005392,-0.000542,18.098585,0.200339,-0.191636,-0.163280,0.028356,C-06,0,0,0,1,1,0,-0.003736,-0.150893,0.6875,0.6630,0.2649,2,ok
0,1723,-4.012490,-0.285470,-1.422817,-0.005814,-0.026648,18.118462,0.200070,0.031722,-0.013280,-0.045002,C-06,0,0,0,1,1,0,-0.008331,-0.187131,0.6458,0.7248,0.2685,2,ok
0,1724,-4.008949,-0.309193,-1.413241,-0.006453,-0.017073,18.142438,0.199725,0.377919,0.136720,-0.241199,C-06,0,0,0,1,1,0,-0.012138,-0.197547,0.7083,0.8017,0.2612,2,ok
0,1725,-4.006001,-0.328918,-1.395892,-0.007183,-0.024669,18.162215,0.199176,0.629507,0.286720,-0.342787,C-06,0,0,0,1,1,0,-0.010041,-0.199808,0.7500,0.7394,0.2662,2,ok
0,1726,-4.002464,-0.352483,-1.363978,-0.008336,0.007244,18.186017,0.198005,0.568145,0.436720,-0.131425,C-06,0,0,0,1,1,0,-0.011909,-0.190249,0.7292,0.7935,0.2662,2,ok
0,1727,-3.998670,-0.375896,-1.334693,-0.009207,0.036529,18.206363,0.197534,0.395777,0.395777,0.000000,,0,0,0,1,1,0,-0.012150,-0.167991,0.7500,0.8633,0.2642,2,ok
0,1728,-3.995059,-0.395276,-1.307112,-0.010109,0.038848,18.229156,0.196944,0.463169,0.463169,0.000000,,0,0,0,1,1,0,-0.010871,-0.152167,0.7500,0.8695,0.2674,2,ok
0,1729,-3.989630,-0.418371,-1.284138,-0.009979,0.061821,18.252881,0.197734,0.251166,0.313169,0.062003,C-06,0,0,0,1,1,0,0.008164,-0.152303,0.6875,0.3289,0.2390,2,ok
0,1730,-3.984352,-0.437524,-1.273836,-0.009422,0.045904,18.272509,0.198757,-0.028039,0.163169,0.191208,C-06,0,0,0,1,1,0,0.008415,-0.149418,0.6875,0.3413,0.2391,2,ok
0,1731,-3.977403,-0.460459,-1.271244,-0.008342,0.048496,18.296450,0.199896,-0.151368,0.013169,0.164537,C-06,0,0,0,1,1,0,-0.003950,-0.143872,0.7083,0.8152,0.2644,2,ok
0,1732,-3.971502,-0.479588,-1.278550,-0.007441,0.013038,18.316232,0.200386,-0.155979,-0.136831,0.019149,C-06,0,0,0,1,1,0,-0.002253,-0.150207,0.6875,0.7986,0.2608,2,ok
0,1733,-3.964581,-0.502575,-1.279361,-0.007083,0.012227,18.340236,0.200029,-0.003757,-0.003757,0.000000,,0,0,0,1,1,0,-0.002123,-0.190533,0.6667,0.7870,0.2572,2,ok
0,1734,-3.958834,-0.521711,-1.271514,-0.006799,0.020074,18.360214,0.199588,0.236775,0.146243,-0.090532,C-06,0,0,0,1,1,0,-0.002003,-0.204825,0.7083,0.7709,0.2565,2,ok
0,1735,-3.951939,-0.544576,-1.251738,-0.006931,0.011307,18.383904,0.198466,0.362977,0.296243,-0.066733,C-06,0,0,0,1,1,0,-0.004288,-0.211294,0.7917,0.8120,0.2545,2,ok
0,1736,-3.945043,-0.567252,-1.221892,-0.007183,0.041152,18.407605,0.196645,0.479483,0.446243,-0.033240,C-06,0,0,0,1,1,0,0.000172,-0.213921,0.7500,0.7159,0.2553,2,ok
0,1737,-3.938757,-0.585985,-1.204566,-0.007058,0.027461,18.427137,0.197688,0.176123,0.296243,0.120120,C-06,0,0,0,1,1,0,0.000677,-0.199979,0.7500,0.7231,0.2581,2,ok
0,1738,-3.930501,-0.608341,-1.192766,-0.006686,0.039261,18.450966,0.198662,0.168470,0.168470,0.000000,,0,0,0,1,1,0,0.001676,-0.189370,0.7500,0.7062,0.2595,2,ok
0,1739,-3.923157,-0.626923,-1.191402,-0.005923,0.040625,18.470931,0.199851,0.003293,0.018470,0.015177,C-06,0,0,0,1,1,0,0.002366,-0.201568,0.7083,0.6751,0.2579,2,ok
0,1740,-3.914270,-0.649248,-1.199468,-0.005566,-0.001423,18.494783,0.200528,-0.214331,-0.131530,0.082801,C-06,0,0,0,1,1,0,0.001871,-0.209669,0.7083,0.6749,0.2561,2,ok
0,1741,-3.907010,-0.667886,-1.199029,-0.005498,-0.000984,18.514785,0.199946,0.188412,0.018470,-0.169942,C-06,0,0,0,1,1,0,-0.001936,-0.232803,0.6875,0.6954,0.2557,2,ok
0,1742,-3.898291,-0.690203,-1.188453,-0.005776,-0.026800,18.538543,0.199315,0.419368,0.168470,-0.250897,C-06,0,0,0,1,1,0,-0.003383,-0.254406,0.6250,0.6705,0.2551,2,ok
0,1743,-3.891024,-0.708716,-1.176869,-0.006375,-0.015216,18.558422,0.198509,0.212951,0.212951,0.000000,,0,0,0,1,1,0,-0.004703,-0.255768,0.6875,0.6538,0.2554,2,ok
0,1744,-3.882205,-0.730773,-1.153747,-0.006940,0.007906,18.582170,0.197235,0.570400,0.362951,-0.207449,C-06,0,0,0,1,1,0,-0.005435,-0.253770,0.7708,0.6316,0.2573,2,ok
0,1745,-3.873131,-0.752572,-1.124279,-0.008150,-0.001962,18.605450,0.196602,0.464398,0.464398,0.000000,,0,0,0,1,1,0,-0.004952,-0.249169,0.7083,0.5898,0.2570,2,ok
0,1746,-3.865040,-0.770508,-1.100477,-0.008615,0.021840,18.625120,0.196831,0.449348,0.449348,0.000000,,0,0,0,1,1,0,-0.005499,-0.238959,0.7500,0.6136,0.2623,2,ok
0,1747,-3.854736,-0.791704,-1.064137,-0.008912,0.016937,18.648337,0.196176,0.595277,0.595277,0.000000,,0,0,0,1,1,0,-0.004306,-0.223764,0.7500,0.5685,0.2610,2,ok
0,1748,-3.845413,-0.809076,-1.041004,-0.008820,0.040070,18.668052,0.197329,0.444717,0.445277,0.000560,C-06,0,0,0,1,1,0,-0.004889,-0.212644,0.7500,0.6039,0.2648,2,ok
0,1749,-3.833511,-0.829670,-1.022605,-0.007959,0.058469,18.691823,0.198350,0.104985,0.295277,0.190292,C-06,0,0,0,1,1,0,0.005975,-0.193548,0.6875,0.2677,0.2455,2,ok
0,1750,-3.823195,-0.846693,-1.013982,-0.007663,0.025719,18.711354,0.199117,0.164068,0.164068,0.000000,,0,0,0,1,1,0,-0.003960,-0.177371,0.7083,0.6022,0.2644,2,ok
0,1751,-3.810521,-0.867055,-1.012551,-0.007137,0.027150,18.735333,0.199925,-0.033920,0.014068,0.047988,C-06,0,0,0,1,1,0,-0.003971,-0.175233,0.6875,0.5862,0.2630,2,ok
0,1752,-3.799927,-0.883996,-1.007839,-0.006900,-0.007128,18.755040,0.199605,0.102693,0.102693,0.000000,,0,0,0,1,1,0,-0.005533,-0.182763,0.6250,0.6115,0.2651,2,ok
0,1753,-3.787117,-0.904204,-0.993580,-0.007124,0.007131,18.778965,0.198810,0.698754,0.252693,-0.446061,C-06,0,0,0,1,1,0,-0.008073,-0.193614,0.6875,0.6444,0.2633,2,ok
0,1754,-3.774067,-0.924170,-0.970782,-0.007013,0.029929,18.802817,0.198355,0.740003,0.402693,-0.337310,C-06,0,0,0,1,1,0,-0.007940,-0.193759,0.7083,0.6437,0.2625,2,ok
0,1755,-3.762878,-0.940545,-0.947399,-0.007207,0.015819,18.822392,0.198367,0.495922,0.495922,0.000000,,0,0,0,1,1,0,-0.006693,-0.187933,0.7500,0.6150,0.2629,2,ok
0,1756,-3.748879,-0.959886,-0.927297,-0.006836,0.035921,18.846265,0.199120,0.243905,0.345922,0.102017,C-06,0,0,0,1,1,0,-0.004849,-0.174011,0.7292,0.6201,0.2624,2,ok
0,1757,-3.736877,-0.975782,-0.909811,-0.006381,0.018570,18.865974,0.199295,0.380108,0.380108,0.000000,,0,0,0,1,1,0,-0.002847,-0.165468,0.7292,0.5959,0.2603,2,ok
0,1758,-3.722087,-0.994625,-0.896347,-0.005829,0.032034,18.889922,0.199696,0.237144,0.237144,0.000000,,0,0,0,1,1,0,-0.001418,-0.163820,0.7292,0.5744,0.2602,2,ok
0,1759,-3.709556,-1.010183,-0.886315,-0.005117,0.042066,18.909886,0.199814,0.219357,0.219357,0.000000,,0,0,0,1,1,0,0.008956,-0.159704,0.6875,0.2734,0.2445,2,ok
0,1760,-3.694348,-1.028741,-0.882003,-0.004776,0.014177,18.933710,0.199956,-0.213006,0.069357,0.282363,C-06,0,0,0,1,1,0,-0.000238,-0.157968,0.7083,0.5817,0.2639,2,ok
0,1761,-3.681650,-1.044198,-0.885173,-0.004528,0.011007,18.953713,0.200061,-0.347204,-0.080643,0.266561,C-06,0,0,0,1,1,0,-0.000181,-0.164830,0.6458,0.5704,0.2626,2,ok
0,1762,-3.666498,-1.062829,-0.892622,-0.004741,-0.027632,18.977574,0.200152,-0.140817,-0.140817,0.000000,,0,0,0,1,1,0,0.002023,-0.184107,0.6250,0.5031,0.2579,2,ok
0,1763,-3.651446,-1.081523,-0.892667,-0.005487,-0.027678,19.001562,0.199990,0.480838,0.009183,-0.471655,C-06,0,0,0,1,1,0,-0.002588,-0.212308,0.6875,0.5322,0.2611,2,ok
0,1764,-3.638871,-1.097059,-0.885988,-0.006058,-0.020998,19.019810,0.199869,0.530578,0.159183,-0.371395,C-06,0,0,0,1,1,0,-0.007704,-0.219747,0.7917,0.6241,0.2602,2,ok
0,1765,-3.623580,-1.115539,-0.871211,-0.007159,-0.036933,19.045345,0.199950,0.281577,0.281577,0.000000,,0,0,0,1,1,0,-0.005755,-0.224717,0.7083,0.5202,0.2579,2,ok
0,1766,-3.610600,-1.130764,-0.857493,-0.007745,-0.023215,19.065343,0.200189,0.307135,0.307135,0.000000,,0,0,0,1,1,0,-0.007112,-0.224938,0.7083,0.5282,0.2614,2,ok
0,1767,-3.594682,-1.148821,-0.832954,-0.008554,-0.028876,19.089150,0.200961,0.603294,0.457135,-0.146159,C-06,0,0,0,1,1,0,-0.012597,-0.208284,0.7292,0.6529,0.2652,2,ok
0,1768,-3.581046,-1.163582,-0.807368,-0.008979,-0.003291,19.109241,0.200774,0.553483,0.553483,0.000000,,0,0,0,1,1,0,-0.011333,-0.203976,0.7083,0.6382,0.2631,2,ok
0,1769,-3.564246,-1.180755,-0.783602,-0.008972,-0.008289,19.133007,0.199983,0.213798,0.403483,0.189685,C-06,0,0,0,1,1,0,-0.010287,-0.189883,0.7292,0.6426,0.2646,2,ok
0,1770,-3.550004,-1.194779,-0.770896,-0.009029,0.004418,19.152994,0.199793,-0.108554,0.253483,0.362037,C-06,0,0,0,1,1,0,-0.008659,-0.179359,0.7083,0.6298,0.2665,2,ok
0,1771,-3.532736,-1.211410,-0.760494,-0.008831,0.014819,19.176968,0.199742,0.177004,0.177004,0.000000,,0,0,0,1,1,0,-0.007150,-0.176432,0.7083,0.6151,0.2635,2,ok
0,1772,-3.515298,-1.227801,-0.742578,-0.008949,0.003677,19.200633,0.199186,0.513601,0.327004,-0.186598,C-06,0,0,0,1,1,0,-0.007144,-0.186462,0.6667,0.6182,0.2633,2,ok
0,1773,-3.500542,-1.241195,-0.724686,-0.008801,0.021569,19.220561,0.199439,0.392591,0.392591,0.000000,,0,0,0,1,1,0,-0.006345,-0.181020,0.7083,0.6113,0.2632,2,ok
0,1774,-3.482494,-1.256978,-0.710982,-0.008445,0.006490,19.244307,0.199866,0.121431,0.242591,0.121160,C-06,0,0,0,1,1,0,-0.004970,-0.170509,0.7500,0.6009,0.2596,2,ok
0,1775,-3.467306,-1.269985,-0.705393,-0.008250,0.012080,19.264302,0.199979,0.116631,0.116631,0.000000,,0,0,0,1,1,0,-0.004920,-0.164171,0.7708,0.6077,0.2605,2,ok
0,1776,-3.449009,-1.285516,-0.702336,-0.007911,0.015137,19.287908,0.200000,0.053800,0.053800,0.000000,,0,0,0,1,1,0,-0.004087,-0.166830,0.7500,0.5853,0.2598,2,ok
0,1777,-3.433690,-1.298380,-0.693666,-0.008085,-0.005375,19.308083,0.200080,0.380465,0.203800,-0.176665,C-06,0,0,0,1,1,0,-0.005668,-0.176181,0.7292,0.6221,0.2635,2,ok
0,1778,-3.415099,-1.313609,-0.674909,-0.007992,0.013382,19.332116,0.200425,0.383221,0.353800,-0.029421,C-06,0,0,0,1,1,0,-0.006197,-0.188061,0.7083,0.6322,0.2627,2,ok
0,1779,-3.399420,-1.326076,-0.665081,-0.007943,-0.005094,19.351908,0.200332,0.065052,0.203800,0.138748,C-06,0,0,0,1,1,0,-0.007248,-0.185506,0.7083,0.6638,0.2630,2,ok
0,1780,-3.380496,-1.340868,-0.660107,-0.008028,-0.000119,19.375927,0.200153,0.082878,0.082878,0.000000,,0,0,0,1,1,0,0.003684,-0.182204,0.6458,0.2839,0.2458,2,ok
0,1781,-3.361451,-1.355548,-0.647657,-0.008097,-0.017059,19.399725,0.200544,0.532082,0.232878,-0.299204,C-06,0,0,0,1,1,0,-0.009014,-0.197445,0.6250,0.6916,0.2670,2,ok
0,1782,-3.345401,-1.367599,-0.630243,-0.008400,0.000355,19.419793,0.201149,0.761147,0.382878,-0.378268,C-06,0,0,0,1,1,0,-0.008465,-0.196482,0.6458,0.6776,0.2636,2,ok
0,1783,-3.325810,-1.381745,-0.600422,-0.008314,0.030176,19.443957,0.202170,0.696756,0.532878,-0.163878,C-06,0,0,0,1,1,0,-0.009174,-0.188978,0.6667,0.7114,0.2624,2,ok
0,1784,-3.309202,-1.393195,-0.581496,-0.008201,0.019211,19.463916,0.201798,0.270124,0.382878,0.112755,C-06,0,0,0,1,1,0,-0.007295,-0.177200,0.7500,0.7062,0.2624,2,ok
0,1785,-3.289048,-1.406497,-0.566883,-0.007729,0.033824,19.488059,0.201226,0.238767,0.238767,0.000000,,0,0,0,1,1,0,-0.005825,-0.165110,0.7292,0.7161,0.2663,2,ok
0,1786,-3.272149,-1.417288,-0.562130,-0.007210,0.009459,19.507869,0.200467,0.030626,0.088767,0.058142,C-06,0,0,0,1,1,0,-0.005682,-0.162475,0.7292,0.7612,0.2710,2,ok
0,1787,-3.251760,-1.430080,-0.548585,-0.006953,0.023004,19.531937,0.201125,0.236932,0.236932,0.000000,,0,0,0,1,1,0,-0.004764,-0.162134,0.6875,0.7354,0.2633,2,ok
0,1788,-3.234603,-1.440604,-0.529854,-0.006535,0.041735,19.552061,0.201983,0.435082,0.386932,-0.048150,C-06,0,0,0,1,1,0,0.007084,-0.167826,0.6667,0.3649,0.2377,2,ok
0,1789,-3.213801,-1.452943,-0.514889,-0.006274,0.026621,19.576050,0.201539,0.105413,0.236932,0.131520,C-06,0,0,0,1,1,0,-0.007694,-0.161967,0.6875,0.8725,0.2669,2,ok
0,1790,-3.192877,-1.464847,-0.509098,-0.005708,0.032411,19.600118,0.200572,-0.178533,0.086932,0.265465,C-06,0,0,0,1,1,0,-0.005695,-0.168428,0.6042,0.8645,0.2694,2,ok
0,1791,-3.175425,-1.474607,-0.511925,-0.005364,-0.001101,19.619966,0.199805,-0.291280,-0.063068,0.228213,C-06,0,0,0,1,1,0,0.025845,-0.198876,0.5417,0.3912,0.2018,2,ok
0,1792,-3.154561,-1.486365,-0.522460,-0.005337,-0.011636,19.643915,0.199158,-0.181131,-0.181131,0.000000,,0,0,0,1,1,0,0.022256,-0.204124,0.6042,0.3936,0.2056,2,ok
0,1793,-3.137242,-1.496318,-0.524647,-0.005484,-0.013823,19.663596,0.199807,0.179398,-0.031131,-0.210529,C-06,0,0,0,1,1,0,-0.008179,-0.228847,0.6458,0.9222,0.2618,2,ok
0,1794,-3.116434,-1.508340,-0.517963,-0.006580,-0.037844,19.687700,0.200557,0.571022,0.118869,-0.452153,C-06,0,0,0,1,1,0,0.011763,-0.243248,0.6458,0.4228,0.2152,2,ok
0,1795,-3.098996,-1.518243,-0.504844,-0.007341,-0.024725,19.707739,0.201017,0.482346,0.268869,-0.213477,C-06,0,0,0,1,1,0,-0.006449,-0.253497,0.7083,0.7968,0.2505,2,ok
0,1796,-3.077850,-1.530034,-0.479500,-0.008480,-0.031634,19.731698,0.202713,0.444710,0.418869,-0.025841,C-06,0,0,0,1,1,0,-0.007995,-0.254975,0.6875,0.8166,0.2497,2,ok
0,1797,-3.060013,-1.539708,-0.458885,-0.009443,-0.011018,19.751968,0.202987,0.391040,0.391040,0.000000,,0,0,0,1,1,0,-0.004830,-0.264174,0.7083,0.7239,0.2525,2,ok
0,1798,-3.038361,-1.550927,-0.432652,-0.010288,-0.017696,19.776017,0.203307,0.411750,0.411750,0.000000,,0,0,0,1,1,0,-0.003356,-0.260984,0.7292,0.6934,0.2535,2,ok
0,1799,-3.016436,-1.561688,-0.404696,-0.011235,0.010261,19.800421,0.203604,0.431360,0.431360,0.000000,,0,0,0,1,1,0,-0.003295,-0.248031,0.7083,0.6674,0.2535,2,ok
0,1800,-2.997970,-1.570173,-0.383584,-0.011504,0.031372,19.820742,0.203216,0.379557,0.379557,0.000000,,0,0,0,1,1,0,-0.000875,-0.241951,0.6667,0.6078,0.2555,2,ok
0,1801,-2.975567,-1.580002,-0.348691,-0.012135,0.033435,19.844759,0.204654,0.634539,0.529557,-0.104982,C-06,0,0,0,1,1,0,0.000490,-0.241349,0.6875,0.5675,0.2560,2,ok
0,1802,-2.956663,-1.587954,-0.315462,-0.012519,0.066664,19.865264,0.205220,0.586971,0.586971,0.000000,,0,0,0,1,1,0,0.000490,-0.241349,0.6875,0.5675,0.2560,2,ok
0,1803,-2.933733,-1.596482,-0.284067,-0.012228,0.061177,19.889362,0.203735,0.209958,0.436971,0.227013,C-06,0,0,0,1,1,0,0.000187,-0.200218,0.7292,0.5884,0.2607,2,ok
0,1804,-2.914484,-1.602761,-0.266285,-0.011531,0.078959,19.909597,0.202334,0.241411,0.286971,0.045560,C-06,0,0,0,1,1,0,0.002045,-0.181146,0.7708,0.5583,0.2621,2,ok
0,1805,-2.891295,-1.609463,-0.255713,-0.009881,0.089531,19.931985,0.201057,0.004075,0.136971,0.132896,C-06,0,0,0,1,1,0,0.005871,-0.165784,0.7708,0.4785,0.2611,2,ok
0,1806,-2.871931,-1.614740,-0.250144,-0.008965,0.055031,19.953375,0.200674,0.089252,0.089252,0.000000,,0,0,0,1,1,0,0.005288,-0.165011,0.7500,0.4807,0.2647,2,ok
0,1807,-2.848633,-1.620945,-0.233551,-0.007661,0.071624,19.977450,0.201279,0.393425,0.239252,-0.154172,C-06,0,0,0,1,1,0,0.005288,-0.165011,0.7500,0.4807,0.2647,2,ok
0,1808,-2.825249,-1.626983,-0.220814,-0.006628,0.043583,0.009106,0.201236,0.169673,0.169673,0.000000,,0,0,0,1,1,0,0.007001,-0.173595,0.7083,0.3776,0.2597,2,ok
0,1809,-2.805729,-1.631435,-0.218959,-0.005811,0.045438,0.029110,0.200135,0.014204,0.019673,0.005469,C-06,0,0,0,1,1,0,0.011047,-0.170055,0.6458,0.2015,0.2509,2,ok
0,1810,-2.782324,-1.636650,-0.227781,-0.004712,0.036616,0.053053,0.199634,-0.241671,-0.130327,0.111344,C-06,0,0,0,1,1,0,0.006313,-0.174216,0.6667,0.3451,0.2594,2,ok
0,1811,-2.762841,-1.641163,-0.227643,-0.004918,-0.005967,0.072836,0.200031,0.013902,0.013902,0.000000,,0,0,0,1,1,0,0.011135,-0.196196,0.6250,0.1684,0.2479,2,ok
0,1812,-2.739433,-1.646579,-0.216487,-0.005164,0.005189,0.096861,0.200453,0.498424,0.163902,-0.334522,C-06,0,0,0,1,1,0,0.001359,-0.206644,0.6875,0.3282,0.2612,2,ok
0,1813,-2.719863,-1.651092,-0.197897,-0.005690,-0.018761,0.116714,0.201180,0.605946,0.313902,-0.292044,C-06,0,0,0,1,1,0,-0.000651,-0.208922,0.7500,0.3343,0.2600,2,ok
0,1814,-2.696258,-1.656507,-0.163734,-0.006897,0.015402,0.140902,0.202367,0.585489,0.463902,-0.121587,C-06,0,0,0,1,1,0,0.000328,-0.196143,0.7500,0.2558,0.2628,2,ok
0,1815,-2.676484,-1.660952,-0.136067,-0.007819,0.043069,0.161150,0.202685,0.428678,0.428678,0.000000,,0,0,0,1,1,0,-0.000407,-0.174984,0.7083,0.2772,0.2689,2,ok
0,1816,-2.652652,-1.665831,-0.099290,-0.009310,0.041063,0.185117,0.202561,0.469996,0.469996,0.000000,,0,0,0,1,1,0,0.000955,-0.149032,0.7292,0.2276,0.2632,2,ok
0,1817,-2.628741,-1.669416,-0.072742,-0.009616,0.067611,0.209293,0.201311,0.221183,0.319996,0.098814,C-06,0,0,0,1,1,0,0.002097,-0.115936,0.7083,0.2070,0.2636,2,ok
0,1818,-2.608785,-1.671453,-0.060583,-0.009303,0.045793,0.229026,0.200526,-0.058278,0.169996,0.228274,C-06,0,0,0,1,1,0,0.002239,-0.101229,0.6875,0.2121,0.2615,2,ok
0,1819,-2.584823,-1.673249,-0.053119,-0.008658,0.053257,0.253046,0.200212,0.085572,0.085572,0.000000,,0,0,0,1,1,0,0.003196,-0.093949,0.6875,0.2028,0.2660,2,ok
0,1820,-2.564846,-1.674646,-0.041363,-0.008019,0.065013,0.272391,0.200311,0.180066,0.180066,0.000000,,0,0,0,1,1,0,0.003307,-0.088088,0.6667,0.1922,0.2668,2,ok
0,1821,-2.540863,-1.675982,-0.033900,-0.007663,0.041906,0.296834,0.200153,0.086937,0.086937,0.000000,,0,0,0,1,1,0,0.005724,-0.085638,0.6458,0.1247,0.2642,2,ok
0,1822,-2.520873,-1.676971,-0.027567,-0.007228,0.048239,0.316845,0.200141,0.091675,0.091675,0.000000,,0,0,0,1,1,0,0.005534,-0.078478,0.6875,0.1060,0.2649,2,ok
0,1823,-2.496880,-1.677920,-0.021511,-0.006826,0.027823,0.340685,0.200086,0.071303,0.071303,0.000000,,0,0,0,1,1,0,0.003414,-0.075742,0.7292,0.1567,0.2666,2,ok
0,1824,-2.476883,-1.678640,-0.013034,-0.006601,0.036300,0.360694,0.200111,0.125772,0.125772,0.000000,,0,0,0,1,1,0,0.002424,-0.072589,0.7292,0.1653,0.2694,2,ok
0,1825,-2.452884,-1.679338,-0.004837,-0.006309,0.021467,0.384546,0.200061,0.095016,0.095016,0.000000,,0,0,0,1,1,0,0.002074,-0.066500,0.7083,0.1661,0.2683,2,ok
0,1826,-2.428884,-1.679820,0.002778,-0.006244,0.029082,0.408551,0.200027,0.089381,0.089381,0.000000,,0,0,0,1,1,0,0.004412,-0.061824,0.7292,0.0918,0.2658,2,ok
0,1827,-2.408884,-1.679927,0.006076,-0.005896,0.032381,0.428548,0.199998,0.043014,0.043014,0.000000,,0,0,0,1,1,0,0.004822,-0.059858,0.7083,0.0720,0.2641,2,ok
0,1828,-2.384885,-1.679823,0.004268,-0.005643,0.010548,0.452436,0.200000,-0.025507,-0.025507,0.000000,,0,0,0,1,1,0,0.004365,-0.063692,0.7292,0.0737,0.2617,2,ok
0,1829,-2.364885,-1.679728,0.006414,-0.005472,0.012694,0.472435,0.199998,0.035011,0.035011,0.000000,,0,0,0,1,1,0,0.003576,-0.062525,0.6667,0.0771,0.2666,2,ok
0,1830,-2.340886,-1.679614,0.014849,-0.005483,0.003534,0.496340,0.199981,0.103871,0.103871,0.000000,,0,0,0,1,1,0,0.003328,-0.066186,0.6458,0.0583,0.2659,2,ok
0,1831,-2.320890,-1.679519,0.025711,-0.005657,0.014396,0.516336,0.199939,0.160342,0.160342,0.000000,,0,0,0,1,1,0,0.002751,-0.057826,0.6875,0.0401,0.2668,2,ok
0,1832,-2.296902,-1.679323,0.035072,-0.005853,0.008626,0.540235,0.199895,0.109031,0.109031,0.000000,,0,0,0,1,1,0,0.003767,-0.052269,0.7083,0.0216,0.2691,2,ok
0,1833,-2.276916,-1.678930,0.041359,-0.006039,0.014912,0.560223,0.199884,0.089578,0.089578,0.000000,,0,0,0,1,1,0,0.003747,-0.046507,0.7500,0.0210,0.2705,2,ok
0,1834,-2.252939,-1.678079,0.044434,-0.005882,0.017987,0.584215,0.199945,0.033506,0.033506,0.000000,,0,0,0,1,1,0,0.004347,-0.043179,0.7292,-0.0024,0.2687,2,ok
0,1835,-2.228960,-1.677053,0.038972,-0.005794,-0.000014,0.608147,0.200030,-0.071249,-0.071249,0.000000,,0,0,0,1,1,0,0.003331,-0.037374,0.7292,0.0042,0.2697,2,ok
0,1836,-2.208974,-1.676195,0.036168,-0.005751,-0.002818,0.628151,0.200053,-0.038322,-0.038322,0.000000,,0,0,0,1,1,0,0.002409,-0.040625,0.6875,-0.0169,0.2680,2,ok
0,1837,-2.184986,-1.675164,0.026813,-0.005856,-0.022898,0.652091,0.200110,-0.117712,-0.117712,0.000000,,0,0,0,1,1,0,0.003610,-0.047754,0.7292,-0.0834,0.2675,2,ok
0,1838,-2.164993,-1.674614,0.027254,-0.006363,-0.022458,0.672085,0.199996,0.015849,0.015849,0.000000,,0,0,0,1,1,0,0.001788,-0.050530,0.6667,-0.0867,0.2659,2,ok
0,1839,-2.141006,-1.673981,0.038281,-0.007034,-0.019874,0.696030,0.199927,0.142983,0.142983,0.000000,,0,0,0,1,1,0,0.001302,-0.051513,0.7083,-0.1207,0.2709,2,ok
0,1840,-2.121023,-1.673454,0.045204,-0.007683,-0.012952,0.716009,0.199869,0.097865,0.097865,0.000000,,0,0,0,1,1,0,0.002092,-0.044332,0.7292,-0.1584,0.2658,2,ok
0,1841,-2.097050,-1.672529,0.048696,-0.008171,-0.009460,0.739995,0.199930,0.038979,0.038979,0.000000,,0,0,0,1,1,0,-0.000276,-0.033581,0.7500,-0.1121,0.2699,2,ok
0,1842,-2.077076,-1.671709,0.052704,-0.008681,-0.012746,0.759913,0.199893,0.060077,0.060077,0.000000,,0,0,0,1,1,0,0.000323,-0.028754,0.7917,-0.1524,0.2692,2,ok
0,1843,-2.053113,-1.670724,0.059819,-0.009304,-0.005631,0.783887,0.199821,0.088662,0.088662,0.000000,,0,0,0,1,1,0,0.000320,-0.022319,0.8125,-0.1691,0.2713,2,ok
0,1844,-2.029162,-1.669653,0.067750,-0.009907,-0.002690,0.807816,0.199777,0.098087,0.098087,0.000000,,0,0,0,1,1,0,0.000442,-0.015279,0.7500,-0.1929,0.2697,2,ok
0,1845,-2.009212,-1.668564,0.073259,-0.010239,0.002819,0.827793,0.199795,0.080355,0.080355,0.000000,,0,0,0,1,1,0,0.001895,-0.002679,0.7708,-0.2433,0.2675,2,ok
0,1846,-1.985273,-1.666821,0.068392,-0.010258,-0.005873,0.851733,0.200070,-0.115871,-0.069645,0.046226,C-06,0,0,0,1,1,0,0.001961,0.005162,0.7292,-0.2536,0.2694,2,ok
0,1847,-1.965311,-1.665350,0.054493,-0.010332,-0.019772,0.871749,0.200235,-0.307732,-0.219645,0.088087,C-06,0,0,0,1,1,0,0.001456,0.006216,0.7500,-0.2537,0.2667,2,ok
0,1848,-1.941342,-1.663737,0.047315,-0.010573,-0.026950,0.893121,0.200183,-0.081505,-0.081505,0.000000,,0,0,0,1,1,0,-0.000676,-0.001641,0.7083,-0.2554,0.2628,2,ok
0,1849,-1.921366,-1.662775,0.051216,-0.011169,-0.025293,0.915755,0.199961,0.119051,0.068495,-0.050556,C-06,0,0,0,1,1,0,-0.002958,-0.011442,0.7292,-0.2595,0.2622,2,ok
0,1850,-1.897398,-1.661545,0.051433,-0.011806,-0.025076,0.939746,0.200001,-0.001447,-0.001447,0.000000,,0,0,0,1,1,0,-0.003447,-0.004453,0.7500,-0.2623,0.2626,2,ok
0,1851,-1.877427,-1.660515,0.055884,-0.012335,-0.020911,0.959735,0.199956,0.070807,0.070807,0.000000,,0,0,0,1,1,0,-0.004489,-0.002948,0.8125,-0.2506,0.2624,2,ok
0,1852,-1.853470,-1.659278,0.064458,-0.012969,-0.012337,0.983715,0.199856,0.107290,0.107290,0.000000,,0,0,0,1,1,0,-0.005503,-0.001636,0.7708,-0.2506,0.2624,2,ok
0,1853,-1.829528,-1.658042,0.074151,-0.013606,-0.001777,1.007677,0.199723,0.120302,0.120302,0.000000,,0,0,0,1,1,0,-0.008124,0.017624,0.7708,-0.1833,0.2628,2,ok
0,1854,-1.809583,-1.656585,0.074137,-0.013714,-0.001792,1.027675,0.200005,-0.009394,-0.009394,0.000000,,0,0,0,1,1,0,-0.009279,0.037411,0.7708,-0.1391,0.2648,2,ok
0,1855,-1.785640,-1.654799,0.062216,-0.013758,-0.010729,1.051763,0.200160,-0.172093,-0.159394,0.012700,C-06,0,0,0,1,1,0,-0.009818,0.049299,0.7500,-0.1191,0.2645,2,ok
0,1856,-1.765668,-1.653310,0.042202,-0.013722,-0.030743,1.071790,0.200366,-0.431873,-0.309394,0.122479,C-06,0,0,0,1,1,0,-0.010801,0.052388,0.7292,-0.1060,0.2648,2,ok
0,1857,-1.741681,-1.651530,0.022112,-0.013686,-0.050833,1.092809,0.200466,-0.236757,-0.236757,0.000000,,0,0,0,1,1,0,-0.012773,0.039598,0.7083,-0.0844,0.2658,2,ok
0,1858,-1.721684,-1.650751,0.015186,-0.014367,-0.053958,1.115839,0.200089,0.056505,-0.086757,-0.143262,C-06,0,0,0,1,1,0,-0.016598,0.018935,0.7500,-0.0482,0.2689,2,ok
0,1859,-1.697688,-1.650369,0.019587,-0.015733,-0.049557,1.139800,0.199984,0.113677,0.063243,-0.050434,C-06,0,0,0,1,1,0,-0.016953,0.012621,0.7708,-0.0488,0.2679,2,ok
0,1860,-1.677694,-1.650075,0.029662,-0.016720,-0.033649,1.159930,0.199937,0.151804,0.151804,0.000000,,0,0,0,1,1,0,-0.016186,0.014843,0.7917,-0.0521,0.2668,2,ok
0,1861,-1.653706,-1.649524,0.033651,-0.017679,-0.029659,1.183905,0.199950,0.041454,0.041454,0.000000,,0,0,0,1,1,0,-0.015372,0.022015,0.7917,-0.0421,0.2671,2,ok
0,1862,-1.629723,-1.648917,0.042948,-0.018517,-0.013690,1.207951,0.199883,0.115910,0.115910,0.000000,,0,0,0,1,1,0,-0.013890,0.031443,0.7708,-0.0410,0.2664,2,ok
0,1863,-1.609744,-1.648306,0.048198,-0.019085,-0.008440,1.227931,0.199880,0.073476,0.073476,0.000000,,0,0,0,1,1,0,-0.012022,0.038137,0.7292,-0.0471,0.2665,2,ok
0,1864,-1.585769,-1.647163,0.042701,-0.019246,-0.003903,1.252122,0.200051,-0.139595,-0.076524,0.063071,C-06,0,0,0,1,1,0,-0.010433,0.043645,0.7500,-0.0530,0.2667,2,ok
0,1865,-1.565782,-1.646192,0.027878,-0.019258,-0.018726,1.272133,0.200153,-0.345168,-0.226524,0.118645,C-06,0,0,0,1,1,0,-0.009940,0.042063,0.7083,-0.0503,0.2675,2,ok
0,1866,-1.541787,-1.645028,0.007764,-0.019208,-0.028724,1.296347,0.200228,-0.240722,-0.240722,0.000000,,0,0,0,1,1,0,-0.010194,0.033262,0.7292,-0.0488,0.2662,2,ok
0,1867,-1.521787,-1.644532,0.000492,-0.019497,-0.035996,1.316351,0.200040,0.119283,-0.090722,-0.210005,C-06,0,0,0,1,1,0,-0.011580,0.007822,0.7500,-0.0539,0.2662,2,ok
0,1868,-1.497787,-1.644506,0.004819,-0.020412,-0.031669,1.338019,0.199998,0.086516,0.059278,-0.027238,C-06,0,0,0,1,1,0,-0.011580,0.007822,0.7500,-0.0539,0.2662,2,ok
0,1869,-1.477788,-1.644503,0.012491,-0.020823,-0.012198,1.360664,0.199985,0.113613,0.113613,0.000000,,0,0,0,1,1,0,-0.012312,0.000088,0.7917,-0.0398,0.2672,2,ok
0,1870,-1.453790,-1.644265,0.014216,-0.021130,-0.010473,1.384661,0.199992,0.014682,0.014682,0.000000,,0,0,0,1,1,0,-0.011591,0.007147,0.7917,-0.0395,0.2673,2,ok
0,1871,-1.429794,-1.643996,0.022078,-0.021175,0.007217,1.408878,0.199965,0.099311,0.099311,0.000000,,0,0,0,1,1,0,-0.010949,0.011825,0.7500,-0.0343,0.2671,2,ok
0,1872,-1.409799,-1.643686,0.025059,-0.021112,0.010198,1.428875,0.199967,0.038519,0.038519,0.000000,,0,0,0,1,1,0,-0.009666,0.017636,0.7292,-0.0456,0.2670,2,ok
0,1873,-1.385806,-1.643128,0.020709,-0.020628,0.013696,1.453130,0.200012,-0.058217,-0.058217,0.000000,,0,0,0,1,1,0,-0.008653,0.022754,0.7292,-0.0500,0.2668,2,ok
0,1874,-1.365809,-1.642655,0.010720,-0.020155,0.003707,1.473127,0.200043,-0.150047,-0.150047,0.000000,,0,0,0,1,1,0,-0.009119,0.020158,0.6875,-0.0352,0.2660,2,ok
0,1875,-1.341809,-1.642231,0.006500,-0.019731,0.004031,1.497126,0.200020,-0.042766,-0.042766,0.000000,,0,0,0,1,1,0,-0.008554,0.018956,0.7292,-0.0458,0.2672,2,ok
0,1876,-1.321810,-1.642066,0.013091,-0.019566,0.010622,1.517125,0.199990,0.106370,0.106370,0.000000,,0,0,0,1,1,0,-0.009347,0.004735,0.7500,-0.0438,0.2668,2,ok
0,1877,-1.297813,-1.641747,0.013353,-0.019247,0.013353,1.541123,0.200001,-0.004306,-0.004306,0.000000,,0,0,0,1,1,0,-0.009061,0.010318,0.7708,-0.0326,0.2684,2,ok
0,1878,-1.277814,-1.641473,0.014455,-0.018973,0.014455,1.561121,0.199998,0.016996,0.016996,0.000000,,0,0,0,1,1,0,-0.008829,0.011356,0.7917,-0.0297,0.2678,2,ok
0,1879,-1.253818,-1.641145,0.020281,-0.018645,0.020281,1.584535,0.199979,0.073377,0.073377,0.000000,,0,0,0,1,1,0,-0.008193,0.011171,0.7917,-0.0361,0.2679,2,ok
0,1880,-1.229824,-1.640816,0.025568,-0.018316,0.025568,1.609111,0.199955,0.062579,0.062579,0.000000,,0,0,0,1,1,0,-0.006410,0.018551,0.7708,-0.0487,0.2672,2,ok
0,1881,-1.209831,-1.640371,0.026963,-0.017871,0.026963,1.629104,0.199982,0.017345,0.017345,0.000000,,0,0,0,1,1,0,-0.005850,0.020896,0.7292,-0.0437,0.2668,2,ok
0,1882,-1.185837,-1.639779,0.016901,-0.017279,0.016901,1.653098,0.200031,-0.305743,-0.132655,0.173088,C-06,0,0,0,1,1,0,-0.005052,0.025147,0.7292,-0.0474,0.2660,2,ok
0,1883,-1.165838,-1.639283,-0.002152,-0.016783,-0.002152,1.673097,0.200061,-0.448180,-0.282655,0.165525,C-06,0,0,0,1,1,0,-0.005052,0.025147,0.7292,-0.0474,0.2660,2,ok
0,1884,-1.141839,-1.638819,-0.014233,-0.016319,-0.014233,1.697096,0.200001,-0.039665,-0.132655,-0.092990,C-06,0,0,0,1,1,0,-0.006600,0.005053,0.7083,-0.0463,0.2670,2,ok
0,1885,-1.121841,-1.639076,-0.013765,-0.016576,-0.013765,1.717094,0.200003,0.172870,0.017345,-0.155525,C-06,0,0,0,1,1,0,-0.008617,-0.014611,0.7292,-0.0377,0.2657,2,ok
0,1886,-1.097843,-1.639431,-0.004741,-0.016931,-0.004741,1.741093,0.200019,0.114324,0.114324,0.000000,,0,0,0,1,1,0,-0.009331,-0.015707,0.7708,-0.0283,0.2678,2,ok
0,1887,-1.077843,-1.639727,0.001203,-0.017227,0.001203,1.761093,0.200022,0.081438,0.081438,0.000000,,0,0,0,1,1,0,-0.009489,-0.012902,0.7917,-0.0218,0.2676,2,ok
0,1888,-1.053843,-1.640051,0.008812,-0.017551,0.008812,1.784735,0.200004,0.090476,0.090476,0.000000,,0,0,0,1,1,0,-0.008401,-0.003713,0.7917,-0.0279,0.2669,2,ok
0,1889,-1.029845,-1.640150,0.015325,-0.017650,0.015325,1.809091,0.199977,0.076352,0.076352,0.000000,,0,0,0,1,1,0,-0.007415,-0.001979,0.7500,-0.0437,0.2675,2,ok
0,1890,-1.009847,-1.639910,0.016721,-0.017410,0.016721,1.829088,0.199990,0.015679,0.015679,0.000000,,0,0,0,1,1,0,-0.006461,0.010979,0.7292,-0.0424,0.2660,2,ok
0,1891,-0.985850,-1.639574,0.009444,-0.017074,0.009444,1.853086,0.200010,-0.092113,-0.092113,0.000000,,0,0,0,1,1,0,-0.005966,0.015659,0.7292,-0.0433,0.2665,2,ok
0,1892,-0.965850,-1.639293,-0.005498,-0.016793,-0.005498,1.873086,0.200018,-0.224617,-0.224617,0.000000,,0,0,0,1,1,0,-0.005866,0.009531,0.7083,-0.0498,0.2672,2,ok
0,1893,-0.941851,-1.639131,-0.012342,-0.016631,-0.012342,1.897084,0.199987,0.058677,-0.074617,-0.133294,C-06,0,0,0,1,1,0,-0.006935,0.000610,0.7083,-0.0470,0.2666,2,ok
0,1894,-0.921852,-1.639363,-0.007875,-0.016863,-0.007875,1.917083,0.200009,0.127137,0.075383,-0.051754,C-06,0,0,0,1,1,0,-0.008311,-0.014065,0.7292,-0.0464,0.2667,2,ok
0,1895,-0.897852,-1.639668,0.001705,-0.017168,0.001705,1.941083,0.200016,0.114748,0.114748,0.000000,,0,0,0,1,1,0,-0.008875,-0.010925,0.7708,-0.0298,0.2659,2,ok
0,1896,-0.877853,-1.639881,0.007001,-0.017381,0.007001,1.961083,0.200002,0.071558,0.071558,0.000000,,0,0,0,1,1,0,-0.008298,-0.002900,0.7917,-0.0302,0.2672,2,ok
0,1897,-0.853854,-1.640020,0.013462,-0.017520,0.013462,1.985035,0.199984,0.076806,0.076806,0.000000,,0,0,0,1,1,0,-0.007392,0.003612,0.7917,-0.0340,0.2678,2,ok
0,1898,-0.829857,-1.639906,0.017864,-0.017406,0.017864,2.009079,0.199974,0.051083,0.051083,0.000000,,0,0,0,1,1,0,-0.006659,0.008921,0.7708,-0.0381,0.2665,2,ok
0,1899,-0.809861,-1.639741,0.021789,-0.017241,0.021789,2.029075,0.199963,0.056524,0.056524,0.000000,,0,0,0,1,1,0,-0.006653,0.013425,0.7500,-0.0288,0.2670,2,ok
0,1900,-0.785865,-1.639240,0.014804,-0.016740,0.014804,2.053070,0.200023,-0.213827,-0.093476,0.120351,C-06,0,0,0,1,1,0,-0.005211,0.020357,0.7292,-0.0429,0.2660,2,ok
0,1901,-0.765866,-1.638810,-0.001392,-0.016310,-0.001392,2.073070,0.200046,-0.389032,-0.243476,0.145557,C-06,0,0,0,1,1,0,-0.005347,0.015885,0.7083,-0.0404,0.2683,2,ok
0,1902,-0.741866,-1.638479,-0.010274,-0.015979,-0.010274,2.097069,0.200000,-0.064040,-0.093476,-0.029436,C-06,0,0,0,1,1,0,-0.005971,0.005715,0.7083,-0.0446,0.2662,2,ok
0,1903,-0.721867,-1.638662,-0.007094,-0.016162,-0.007094,2.117068,0.200006,0.166110,0.056524,-0.109586,C-06,0,0,0,1,1,0,-0.007756,-0.009702,0.7292,-0.0397,0.2667,2,ok
0,1904,-0.697867,-1.638915,0.004757,-0.016415,0.004757,2.141068,0.200009,0.145777,0.145777,0.000000,,0,0,0,1,1,0,-0.007756,-0.009702,0.7292,-0.0397,0.2667,2,ok
0,1905,-0.677868,-1.639059,0.010115,-0.016559,0.010115,2.161068,0.199993,0.069988,0.069988,0.000000,,0,0,0,1,1,0,-0.007331,-0.000363,0.7917,-0.0283,0.2679,2,ok
0,1906,-0.653870,-1.638999,0.013952,-0.016499,0.013952,2.185066,0.199983,0.044474,0.044474,0.000000,,0,0,0,1,1,0,-0.006129,0.005028,0.7917,-0.0384,0.2674,2,ok
0,1907,-0.629873,-1.638795,0.016706,-0.016295,0.016706,2.209063,0.199982,0.032036,0.032036,0.000000,,0,0,0,1,1,0,-0.005063,0.010751,0.7708,-0.0491,0.2664,2,ok
0,1908,-0.609875,-1.638507,0.015302,-0.016007,0.015302,2.229060,0.199998,-0.024112,-0.024112,0.000000,,0,0,0,1,1,0,-0.004698,0.015726,0.7292,-0.0454,0.2663,2,ok
0,1909,-0.585876,-1.638152,0.001555,-0.015652,0.001555,2.253059,0.200021,-0.279267,-0.174112,0.105155,C-06,0,0,0,1,1,0,-0.004262,0.013532,0.7292,-0.0516,0.2667,2,ok
0,1910,-0.565877,-1.637857,-0.017570,-0.015357,-0.017570,2.273058,0.199995,-0.279357,-0.279357,0.000000,,0,0,0,1,1,0,-0.005279,0.006908,0.7083,-0.0420,0.2659,2,ok
0,1911,-0.541884,-1.637773,-0.029251,-0.015273,-0.029251,2.297051,0.199918,0.066897,-0.129357,-0.196255,C-06,0,0,0,1,1,0,-0.006840,-0.009918,0.7083,-0.0455,0.2662,2,ok
0,1912,-0.521893,-1.638326,-0.028666,-0.015826,-0.028666,2.317043,0.200006,0.173530,0.020643,-0.152887,C-06,0,0,0,1,1,0,-0.008711,-0.031831,0.7500,-0.0536,0.2663,2,ok
0,1913,-0.497899,-1.639040,-0.015333,-0.016540,-0.015333,2.341036,0.200063,0.183140,0.170643,-0.012497,C-06,0,0,0,1,1,0,-0.009414,-0.032045,0.7500,-0.0473,0.2674,2,ok
0,1914,-0.477900,-1.639627,-0.008694,-0.017127,-0.008694,2.361035,0.200069,0.088804,0.088804,0.000000,,0,0,0,1,1,0,-0.009041,-0.024737,0.7917,-0.0522,0.2664,2,ok
0,1915,-0.453901,-1.640184,-0.001424,-0.017684,-0.001424,2.385035,0.200039,0.085678,0.085678,0.000000,,0,0,0,1,1,0,-0.008990,-0.012724,0.7917,-0.0394,0.2669,2,ok
0,1916,-0.429901,-1.640418,0.002778,-0.017918,0.002778,2.409035,0.200005,0.047263,0.047263,0.000000,,0,0,0,1,1,0,-0.009004,-0.005687,0.7708,-0.0253,0.2689,2,ok
0,1917,-0.409901,-1.640397,0.002602,-0.017897,0.002602,2.429035,0.200000,-0.006240,-0.006240,0.000000,,0,0,0,1,1,0,-0.008275,-0.000254,0.7292,-0.0413,0.2681,2,ok
0,1918,-0.385901,-1.640356,-0.003650,-0.017856,-0.003650,2.453035,0.199999,-0.078355,-0.078355,0.000000,,0,0,0,1,1,0,-0.009317,0.000669,0.7083,-0.0048,0.2675,2,ok
0,1919,-0.365901,-1.640429,-0.003558,-0.017929,-0.003558,2.473034,0.200000,0.006451,0.006451,0.000000,,0,0,0,1,1,0,-0.008110,-0.005629,0.7083,-0.0546,0.2673,2,ok
0,1920,-0.341901,-1.640524,0.005471,-0.018024,0.005471,2.497034,0.199999,0.112993,0.112993,0.000000,,0,0,0,1,1,0,-0.008827,-0.006408,0.7083,-0.0427,0.2663,2,ok
0,1921,-0.321902,-1.640556,0.008827,-0.018056,0.008827,2.517034,0.199992,0.041954,0.041954,0.000000,,0,0,0,1,1,0,-0.009039,-0.003373,0.7083,-0.0331,0.2677,2,ok
0,1922,-0.297902,-1.640388,0.005506,-0.017888,0.005506,2.541033,0.200002,-0.045502,-0.045502,0.000000,,0,0,0,1,1,0,-0.007636,0.004121,0.7708,-0.0400,0.2667,2,ok
0,1923,-0.277903,-1.640279,0.006879,-0.017779,0.006879,2.561033,0.199998,0.024625,0.024625,0.000000,,0,0,0,1,1,0,-0.007697,0.005745,0.7917,-0.0385,0.2679,2,ok
0,1924,-0.253904,-1.640152,0.012571,-0.017652,0.012571,2.585032,0.199988,0.070249,0.070249,0.000000,,0,0,0,1,1,0,-0.007983,0.003647,0.7917,-0.0333,0.2675,2,ok
0,1925,-0.229907,-1.640025,0.017802,-0.017525,0.017802,2.609029,0.199972,0.061714,0.061714,0.000000,,0,0,0,1,1,0,-0.006731,0.009940,0.7708,-0.0399,0.2665,2,ok
0,1926,-0.209910,-1.639793,0.020305,-0.017293,0.020305,2.629025,0.199976,0.034740,0.034740,0.000000,,0,0,0,1,1,0,-0.006035,0.015490,0.7292,-0.0448,0.2668,2,ok
0,1927,-0.185914,-1.639349,0.011630,-0.016849,0.011630,2.653022,0.200021,-0.185087,-0.115260,0.069828,C-06,0,0,0,1,1,0,-0.005681,0.014228,0.7292,-0.0467,0.2660,2,ok
0,1928,-0.165914,-1.638971,-0.006337,-0.016471,-0.006337,2.673021,0.200033,-0.313551,-0.265260,0.048291,C-06,0,0,0,1,1,0,-0.005554,0.014845,0.7083,-0.0414,0.2673,2,ok
0,1929,-0.141916,-1.638669,-0.016604,-0.016169,-0.016604,2.697020,0.199980,0.008476,-0.115260,-0.123736,C-06,0,0,0,1,1,0,-0.006898,0.000836,0.7083,-0.0376,0.2668,2,ok
0,1930,-0.121918,-1.638975,-0.014935,-0.016475,-0.014935,2.717017,0.200006,0.139042,0.034740,-0.104301,C-06,0,0,0,1,1,0,-0.008227,-0.013926,0.7083,-0.0445,0.2682,2,ok
0,1931,-0.097920,-1.639383,-0.004769,-0.016883,-0.004769,2.741016,0.200026,0.127514,0.127514,0.000000,,0,0,0,1,1,0,-0.008886,-0.017785,0.7708,-0.0437,0.2671,2,ok
0,1932,-0.077920,-1.639722,0.003014,-0.017222,0.003014,2.761016,0.200028,0.109169,0.109169,0.000000,,0,0,0,1,1,0,-0.008438,-0.016529,0.7917,-0.0521,0.2671,2,ok
0,1933,-0.053921,-1.640059,0.011676,-0.017559,0.011676,2.785015,0.199998,0.102042,0.102042,0.000000,,0,0,0,1,1,0,-0.007492,-0.003078,0.7917,-0.0406,0.2675,2,ok
0,1934,-0.029923,-1.640056,0.017524,-0.017556,0.017524,2.809012,0.199971,0.067501,0.067501,0.000000,,0,0,0,1,1,0,-0.006722,0.007072,0.7708,-0.0434,0.2668,2,ok
0,1935,-0.009927,-1.639768,0.018829,-0.017268,0.018829,2.829009,0.199989,0.014993,0.014993,0.000000,,0,0,0,1,1,0,-0.005959,0.012343,0.7292,-0.0462,0.2661,2,ok
0,1936,0.014071,-1.639378,0.008416,-0.016878,0.008416,2.853006,0.200019,-0.177833,-0.135007,0.042826,C-06,0,0,0,1,1,0,-0.005673,0.013706,0.7292,-0.0459,0.2665,2,ok
0,1937,0.034071,-1.639051,-0.009749,-0.016551,-0.009749,2.873006,0.200019,-0.272311,-0.272311,0.000000,,0,0,0,1,1,0,-0.005668,0.011046,0.7083,-0.0461,0.2665,2,ok
0,1938,0.058068,-1.638808,-0.020689,-0.016308,-0.020689,2.897003,0.199962,0.040943,-0.122311,-0.163254,C-06,0,0,0,1,1,0,-0.007258,-0.002528,0.7083,-0.0447,0.2675,2,ok
0,1939,0.078064,-1.639198,-0.019403,-0.016698,-0.019403,2.916999,0.200006,0.165432,0.027689,-0.137744,C-06,0,0,0,1,1,0,-0.009792,-0.020206,0.7083,-0.0254,0.2679,2,ok
0,1940,0.102061,-1.639703,-0.007115,-0.017203,-0.007115,2.940997,0.200038,0.155223,0.155223,0.000000,,0,0,0,1,1,0,-0.009754,-0.022831,0.7708,-0.0398,0.2668,2,ok
0,1941,0.122061,-1.640076,-0.001896,-0.017576,-0.001896,2.960996,0.200027,0.067815,0.067815,0.000000,,0,0,0,1,1,0,-0.009015,-0.014736,0.7917,-0.0429,0.2666,2,ok
0,1942,0.146061,-1.640354,0.002961,-0.017854,0.002961,2.984996,0.200008,0.056564,0.056564,0.000000,,0,0,0,1,1,0,-0.008564,-0.008611,0.7708,-0.0427,0.2682,2,ok
0,1943,0.170061,-1.640429,0.006031,-0.017929,0.006031,3.008996,0.199997,0.034984,0.034984,0.000000,,0,0,0,1,1,0,-0.008629,0.001584,0.7500,-0.0242,0.2679,2,ok
0,1944,0.190060,-1.640431,0.008471,-0.017931,0.008471,3.028996,0.199993,0.034607,0.034607,0.000000,,0,0,0,1,1,0,-0.008735,0.002640,0.7083,-0.0147,0.2686,2,ok
0,1945,0.214059,-1.640278,0.006488,-0.017778,0.006488,3.052995,0.200000,-0.027774,-0.027774,0.000000,,0,0,0,1,1,0,-0.007923,0.004444,0.7083,-0.0313,0.2671,2,ok
0,1946,0.234059,-1.640145,0.001617,-0.017645,0.001617,3.072995,0.200004,-0.072751,-0.072751,0.000000,,0,0,0,1,1,0,-0.007539,0.004359,0.7083,-0.0428,0.2677,2,ok
0,1947,0.258059,-1.640107,0.007105,-0.017607,0.007105,3.096994,0.199995,0.092806,0.077249,-0.015557,C-06,0,0,0,1,1,0,-0.007732,0.002871,0.7083,-0.0408,0.2669,2,ok
0,1948,0.278058,-1.640051,0.009216,-0.017551,0.009216,3.116994,0.199993,0.025874,0.025874,0.000000,,0,0,0,1,1,0,-0.007081,0.005566,0.7500,-0.0456,0.2654,2,ok
0,1949,0.302058,-1.639887,0.001803,-0.017387,0.001803,3.140993,0.200004,-0.097197,-0.097197,0.000000,,0,0,0,1,1,0,-0.007090,0.006259,0.7708,-0.0414,0.2680,2,ok
0,1950,0.322058,-1.639792,0.000122,-0.017292,0.000122,3.160993,0.200002,-0.018229,-0.018229,0.000000,,0,0,0,1,1,0,-0.006823,0.006843,0.8125,-0.0431,0.2687,2,ok
0,1951,0.346058,-1.639721,0.003693,-0.017221,0.003693,3.184993,0.200000,0.046141,0.046141,0.000000,,0,0,0,1,1,0,-0.008059,-0.000700,0.7917,-0.0343,0.2674,2,ok
0,1952,0.370057,-1.639651,0.009064,-0.017151,0.009064,3.208993,0.199993,0.064580,0.064580,0.000000,,0,0,0,1,1,0,-0.007824,-0.002240,0.7708,-0.0343,0.2672,2,ok
0,1953,0.390056,-1.639594,0.012919,-0.017094,0.012919,3.228992,0.199985,0.054115,0.054115,0.000000,,0,0,0,1,1,0,-0.006715,0.005206,0.7292,-0.0446,0.2670,2,ok
0,1954,0.414055,-1.639299,0.008019,-0.016799,0.008019,3.252990,0.200009,-0.063789,-0.063789,0.000000,,0,0,0,1,1,0,-0.005764,0.010094,0.7083,-0.0555,0.2670,2,ok
0,1955,0.434054,-1.639045,-0.003686,-0.016545,-0.003686,3.272990,0.200015,-0.176347,-0.176347,0.000000,,0,0,0,1,1,0,-0.006356,0.007070,0.7083,-0.0398,0.2662,2,ok
0,1956,0.458054,-1.639027,-0.006769,-0.016527,-0.006769,3.296990,0.199996,0.050897,-0.026347,-0.077244,C-06,0,0,0,1,1,0,-0.006967,-0.000352,0.7083,-0.0442,0.2665,2,ok
0,1957,0.478054,-1.639114,-0.002171,-0.016614,-0.002171,3.316989,0.200001,0.074181,0.074181,0.000000,,0,0,0,1,1,0,-0.006975,-0.010771,0.7500,-0.0622,0.2665,2,ok
0,1958,0.502054,-1.639223,0.000254,-0.016723,0.000254,3.340989,0.200002,0.025314,0.025314,0.000000,,0,0,0,1,1,0,-0.008005,-0.003759,0.7708,-0.0276,0.2683,2,ok
0,1959,0.522054,-1.639315,0.003633,-0.016815,0.003633,3.360989,0.200001,0.048972,0.048972,0.000000,,0,0,0,1,1,0,-0.007836,-0.001979,0.7917,-0.0259,0.2681,2,ok
0,1960,0.546053,-1.639424,0.009948,-0.016924,0.009948,3.384989,0.199993,0.076260,0.076260,0.000000,,0,0,0,1,1,0,-0.007298,0.000257,0.7917,-0.0368,0.2674,2,ok
0,1961,0.570051,-1.639494,0.016521,-0.016994,0.016521,3.408987,0.199974,0.078187,0.078187,0.000000,,0,0,0,1,1,0,-0.006443,0.005072,0.7708,-0.0409,0.2662,2,ok
0,1962,0.590048,-1.639291,0.019125,-0.016791,0.019125,3.428983,0.199978,0.034145,0.034145,0.000000,,0,0,0,1,1,0,-0.005245,0.010372,0.7292,-0.0545,0.2658,2,ok
0,1963,0.614045,-1.638875,0.010289,-0.016375,0.010289,3.452980,0.200020,-0.233831,-0.115855,0.117976,C-06,0,0,0,1,1,0,-0.005158,0.014511,0.7500,-0.0400,0.2675,2,ok
0,1964,0.634045,-1.638523,-0.007406,-0.016023,-0.007406,3.472980,0.200027,-0.354694,-0.265855,0.088839,C-06,0,0,0,1,1,0,-0.005451,0.014095,0.7083,-0.0401,0.2664,2,ok
0,1965,0.658042,-1.638251,-0.018031,-0.015751,-0.018031,3.496978,0.199973,-0.030106,-0.115855,-0.085749,C-06,0,0,0,1,1,0,-0.006430,-0.000311,0.7083,-0.0411,0.2671,2,ok
0,1966,0.678039,-1.638592,-0.016194,-0.016092,-0.016194,3.516975,0.200007,0.163716,0.034145,-0.129571,C-06,0,0,0,1,1,0,-0.008717,-0.016508,0.7500,-0.0341,0.2673,2,ok
0,1967,0.702038,-1.639030,-0.004135,-0.016530,-0.004135,3.540973,0.200031,0.151242,0.151242,0.000000,,0,0,0,1,1,0,-0.008495,-0.020410,0.7708,-0.0464,0.2670,2,ok
0,1968,0.722038,-1.639342,0.001092,-0.016842,0.001092,3.560973,0.200018,0.067179,0.067179,0.000000,,0,0,0,1,1,0,-0.008574,-0.009872,0.7917,-0.0253,0.2677,2,ok
0,1969,0.746038,-1.639610,0.007298,-0.017110,0.007298,3.584973,0.200002,0.073635,0.073635,0.000000,,0,0,0,1,1,0,-0.007638,-0.001889,0.7917,-0.0314,0.2676,2,ok
0,1970,0.770037,-1.639647,0.011735,-0.017147,0.011735,3.608972,0.199987,0.051266,0.051266,0.000000,,0,0,0,1,1,0,-0.007619,0.006324,0.7292,-0.0197,0.2669,2,ok
0,1971,0.790035,-1.639571,0.014938,-0.017071,0.014938,3.628970,0.199981,0.045287,0.045287,0.000000,,0,0,0,1,1,0,-0.006627,0.007130,0.7083,-0.0344,0.2651,2,ok
0,1972,0.814033,-1.639248,0.007101,-0.016748,0.007101,3.652969,0.200014,-0.133847,-0.104713,0.029134,C-06,0,0,0,1,1,0,-0.006146,0.011571,0.7292,-0.0302,0.2678,2,ok
0,1973,0.834033,-1.638968,-0.009337,-0.016468,-0.009337,3.672968,0.200013,-0.245419,-0.245419,0.000000,,0,0,0,1,1,0,-0.006477,0.009855,0.6875,-0.0313,0.2670,2,ok
0,1974,0.858030,-1.638817,-0.017915,-0.016317,-0.017915,3.696966,0.199970,0.031805,-0.095419,-0.127224,C-06,0,0,0,1,1,0,-0.007882,-0.002339,0.6667,-0.0242,0.2673,2,ok
0,1975,0.878028,-1.639150,-0.014885,-0.016650,-0.014885,3.716963,0.200010,0.121171,0.054581,-0.066590,C-06,0,0,0,1,1,0,-0.008840,-0.019792,0.7083,-0.0401,0.2661,2,ok
0,1976,0.902026,-1.639584,-0.004144,-0.017084,-0.004144,3.740962,0.200030,0.132358,0.132358,0.000000,,0,0,0,1,1,0,-0.008631,-0.018471,0.7500,-0.0588,0.2664,2,ok
0,1977,0.922026,-1.639909,0.001016,-0.017409,0.001016,3.760962,0.200020,0.069836,0.069836,0.000000,,0,0,0,1,1,0,-0.008199,-0.011994,0.7500,-0.0540,0.2654,2,ok
0,1978,0.946026,-1.640171,0.007015,-0.017671,0.007015,3.784962,0.200003,0.075376,0.075376,0.000000,,0,0,0,1,1,0,-0.008617,-0.002434,0.7500,-0.0289,0.2647,2,ok
0,1979,0.970025,-1.640299,0.013207,-0.017799,0.013207,3.808960,0.199984,0.073257,0.073257,0.000000,,0,0,0,1,1,0,-0.005218,0.004843,0.7500,-0.1187,0.2693,2,ok
0,1980,0.990023,-1.640226,0.017066,-0.017726,0.017066,3.828958,0.199975,0.053710,0.053710,0.000000,,0,0,0,1,1,0,-0.004793,0.009122,0.7083,-0.1229,0.2702,2,ok
0,1981,1.014020,-1.639844,0.009934,-0.017344,0.009934,3.852956,0.200017,-0.121686,-0.096290,0.025396,C-06,0,0,0,1,1,0,-0.003798,0.013293,0.7292,-0.1461,0.2707,2,ok
0,1982,1.034020,-1.639511,-0.005010,-0.017011,-0.005010,3.872955,0.200026,-0.224096,-0.224096,0.000000,,0,0,0,1,1,0,-0.003499,0.009491,0.6458,-0.1615,0.2707,2,ok
0,1983,1.058019,-1.639340,-0.012128,-0.016840,-0.012128,3.896954,0.199987,0.025655,-0.074096,-0.099751,C-06,0,0,0,1,1,0,-0.004664,0.001620,0.6458,-0.1765,0.2708,2,ok
0,1984,1.078018,-1.639570,-0.007519,-0.017070,-0.007519,3.916953,0.200009,0.089977,0.075904,-0.014074,C-06,0,0,0,1,1,0,-0.005081,-0.010596,0.7083,-0.2245,0.2665,2,ok
0,1985,1.102017,-1.639868,-0.002287,-0.017368,-0.002287,3.940953,0.200015,0.060926,0.060926,0.000000,,0,0,0,1,1,0,-0.005307,-0.006847,0.7292,-0.2418,0.2651,2,ok
0,1986,1.122017,-1.640117,0.003909,-0.017617,0.003909,3.960953,0.200014,0.089016,0.089016,0.000000,,0,0,0,1,1,0,-0.005197,-0.000474,0.7500,-0.2595,0.2651,2,ok
0,1987,1.146017,-1.640408,0.013094,-0.017908,0.013094,3.984952,0.199995,0.109954,0.109954,0.000000,,0,0,0,1,1,0,-0.005848,0.002920,0.7292,-0.2547,0.2657,2,ok
0,1988,1.170013,-1.640472,0.021028,-0.017972,0.021028,4.008948,0.199957,0.093522,0.093522,0.000000,,0,0,0,1,1,0,-0.006083,0.026629,0.7292,-0.2512,0.2628,2,ok
0,1989,1.190008,-1.640073,0.020923,-0.017573,0.020923,4.028944,0.200002,-0.009876,-0.009876,0.000000,,0,0,0,1,1,0,-0.007914,0.045536,0.7083,-0.1944,0.2659,2,ok
0,1990,1.214006,-1.639558,0.008431,-0.017058,0.008431,4.052941,0.200038,-0.161559,-0.159876,0.001682,C-06,0,0,0,1,1,0,-0.007771,0.046582,0.7083,-0.1871,0.2659,2,ok
0,1991,1.234005,-1.639128,-0.012359,-0.016628,-0.012359,4.072941,0.200034,-0.414977,-0.309876,0.105100,C-06,0,0,0,1,1,0,-0.009910,0.053715,0.6667,-0.1697,0.2618,2,ok
0,1992,1.257997,-1.638613,-0.038369,-0.016113,-0.038369,4.096932,0.199908,-0.311578,-0.311578,0.000000,,0,0,0,1,1,0,-0.010498,0.048867,0.6667,-0.1569,0.2637,2,ok
0,1993,1.277977,-1.638806,-0.050333,-0.016306,-0.050333,4.116912,0.199782,0.061272,-0.161578,-0.222850,C-06,0,0,0,1,1,0,-0.015900,0.013774,0.6875,-0.1130,0.2709,2,ok
0,1994,1.301945,-1.639939,-0.052107,-0.017439,-0.050049,4.140880,0.199976,0.186970,-0.011578,-0.198548,C-06,0,0,0,1,1,0,-0.016814,0.005557,0.7708,-0.1403,0.2658,2,ok
0,1995,1.321921,-1.640942,-0.043646,-0.018442,-0.041589,4.160857,0.200057,0.187013,0.138422,-0.048590,C-06,0,0,0,1,1,0,-0.018316,0.003645,0.7292,-0.1044,0.2656,2,ok
0,1996,1.345905,-1.642146,-0.029838,-0.019646,-0.027780,4.184840,0.200159,0.168670,0.168670,0.000000,,0,0,0,1,1,0,-0.018316,0.003645,0.7292,-0.1044,0.2656,2,ok
0,1997,1.369899,-1.643351,-0.014019,-0.020851,-0.007830,4.208834,0.200230,0.189895,0.189895,0.000000,,0,0,0,1,1,0,-0.017807,0.022750,0.7083,-0.0925,0.2647,2,ok
0,1998,1.389897,-1.643800,-0.010366,-0.021300,-0.004177,4.228833,0.200025,0.023740,0.039895,0.016154,C-06,0,0,0,1,1,0,-0.017625,0.047871,0.7083,-0.0275,0.2669,2,ok
0,1999,1.413895,-1.644089,-0.018940,-0.021427,-0.004904,4.253051,0.199980,-0.204984,-0.110105,0.094879,C-06,0,0,0,1,1,0,-0.015478,0.053699,0.6875,-0.0714,0.2703,2,ok
0,2000,1.433889,-1.644324,-0.027239,-0.021456,-0.013203,4.273047,0.199942,-0.119863,-0.119863,0.000000,,0,0,0,1,1,0,-0.017300,0.053635,0.6875,0.0152,0.2687,2,ok
0,2001,1.457880,-1.644952,-0.028236,-0.021719,-0.004799,4.297269,0.199995,-0.004233,-0.004233,0.000000,,0,0,0,1,1,0,-0.018845,0.054168,0.6667,0.0456,0.2666,2,ok
0,2002,1.477874,-1.645500,-0.019028,-0.021853,0.004408,4.317270,0.200037,0.171212,0.145767,-0.025445,C-06,0,0,0,1,1,0,-0.017993,0.049516,0.6667,0.0591,0.2660,2,ok
0,2003,1.501870,-1.645953,-0.018646,-0.021674,0.016184,4.341674,0.199999,-0.032608,-0.004233,0.028375,C-06,0,0,0,1,1,0,-0.016084,0.058212,0.7292,0.0637,0.2664,2,ok
0,2004,1.521868,-1.646319,-0.009380,-0.021256,0.025450,4.361671,0.200024,0.165744,0.145767,-0.019977,C-06,0,0,0,1,1,0,-0.011242,0.054621,0.7500,-0.0185,0.2630,2,ok
0,2005,1.545867,-1.646759,0.002568,-0.020730,0.048002,4.385831,0.200033,0.140670,0.140670,0.000000,,0,0,0,1,1,0,-0.010987,0.060220,0.7500,0.0243,0.2641,2,ok
0,2006,1.569867,-1.646711,0.003261,-0.019554,0.048695,4.409802,0.200000,-0.000051,-0.000051,0.000000,,0,0,0,1,1,0,-0.005081,0.072508,0.7083,-0.0346,0.2615,2,ok
0,2007,1.589867,-1.646646,0.003615,-0.018549,0.049049,4.429776,0.200000,0.005460,0.005460,0.000000,,0,0,0,1,1,0,-0.004877,0.073969,0.6875,0.0204,0.2664,2,ok
0,2008,1.613867,-1.646568,-0.001975,-0.017121,0.053876,4.453918,0.200001,-0.070868,-0.070868,0.000000,,0,0,0,1,1,0,-0.006147,0.075836,0.6875,0.1133,0.2692,2,ok
0,2009,1.633866,-1.646502,-0.016553,-0.015918,0.039299,4.473881,0.199976,-0.269165,-0.220868,0.048297,C-06,0,0,0,1,1,0,-0.005234,0.076325,0.6875,0.1066,0.2698,2,ok
0,2010,1.657860,-1.646459,-0.027217,-0.014400,0.035307,4.497925,0.199929,-0.120711,-0.120711,0.000000,,0,0,0,1,1,0,-0.003053,0.064060,0.6667,0.0794,0.2666,2,ok
0,2011,1.677853,-1.646976,-0.025932,-0.013650,0.036592,4.517911,0.200008,1.000000,0.029289,-0.970711,C-06,0,0,0,1,1,0,-0.004500,0.048090,0.7083,0.1300,0.2666,2,ok
0,2012,1.701848,-1.647637,-0.011846,-0.012676,0.056940,4.542020,0.200060,0.723608,0.179289,-0.544318,C-06,0,0,0,1,1,0,-0.002909,0.045901,0.7292,0.1288,0.2626,2,ok
0,2013,1.721847,-1.647976,-0.009043,-0.011561,0.059743,4.561991,0.200015,-0.076422,0.029289,0.105711,C-06,0,0,0,1,1,0,-0.002915,0.056262,0.7917,0.1937,0.2666,2,ok
0,2014,1.745845,-1.648245,-0.018273,-0.010086,0.054720,4.585943,0.199980,-0.117893,-0.117893,0.000000,,0,0,0,1,1,0,0.000078,0.063024,0.7708,0.1856,0.2648,2,ok
0,2015,1.769836,-1.648510,-0.035318,-0.008610,0.037675,4.609890,0.199893,-0.210575,-0.210575,0.000000,,0,0,0,1,1,0,0.001510,0.049984,0.7500,0.2163,0.2667,2,ok
0,2016,1.789819,-1.648733,-0.047226,-0.007383,0.025767,4.628879,0.199798,-0.170139,-0.170139,0.000000,,0,0,0,1,1,0,0.001267,0.039957,0.7500,0.2242,0.2680,2,ok
0,2017,1.813776,-1.649062,-0.072327,-0.005831,0.003572,4.653788,0.199513,-0.330247,-0.320139,0.010109,C-06,0,0,0,1,1,0,0.001703,0.017096,0.7292,0.2227,0.2691,2,ok
0,2018,1.833712,-1.649758,-0.088172,-0.004965,-0.012273,4.673717,0.199426,-0.228607,-0.228607,0.000000,,0,0,0,1,1,0,0.001573,-0.005769,0.6875,0.2108,0.2686,2,ok
0,2019,1.857610,-1.651557,-0.095266,-0.004895,-0.018440,4.697681,0.199738,1.000000,-0.078607,-1.078607,C-06,0,0,0,1,1,0,0.000519,-0.032918,0.6667,0.2250,0.2669,2,ok
0,2020,1.877522,-1.653445,-0.091279,-0.005226,-0.014453,4.717680,0.200076,0.783651,0.071393,-0.712258,C-06,0,0,0,1,1,0,-0.001360,-0.046672,0.7083,0.2518,0.2666,2,ok
0,2021,1.901439,-1.655736,-0.074288,-0.005649,0.002279,4.741701,0.200348,0.355533,0.221393,-0.134141,C-06,0,0,0,1,1,0,-0.000392,-0.051990,0.7708,0.2389,0.2664,2,ok
0,2022,1.921388,-1.657483,-0.068083,-0.005839,0.008485,4.761727,0.200246,0.081968,0.081968,0.000000,,0,0,0,1,1,0,0.000839,-0.044930,0.7500,0.2455,0.2657,2,ok
0,2023,1.945337,-1.659351,-0.062990,-0.005842,0.011308,4.785745,0.200168,0.061277,0.061277,0.000000,,0,0,0,1,1,0,0.003235,-0.041261,0.7292,0.2124,0.2658,2,ok
0,2024,1.969287,-1.660882,-0.066093,-0.005517,0.008205,4.809742,0.199963,-0.045697,-0.045697,0.000000,,0,0,0,1,1,0,0.001306,-0.043263,0.7292,0.2989,0.2688,2,ok
0,2025,1.989236,-1.662142,-0.078280,-0.005231,-0.003982,4.829387,0.199796,-0.221405,-0.195697,0.025708,C-06,0,0,0,1,1,0,0.004631,-0.048030,0.6875,0.1740,0.2564,2,ok
0,2026,2.013139,-1.663654,-0.101738,-0.005038,-0.030898,4.853647,0.199386,-0.301434,-0.301434,0.000000,,0,0,0,1,1,0,-0.002408,-0.051239,0.7292,0.4050,0.2687,2,ok
0,2027,2.033024,-1.665213,-0.112545,-0.005176,-0.041705,4.873592,0.199449,0.093903,-0.151434,-0.245337,C-06,0,0,0,1,1,0,-0.005118,-0.077636,0.6667,0.3968,0.2672,2,ok
0,2028,2.056870,-1.667880,-0.113348,-0.006214,-0.047477,4.897541,0.199994,0.056981,-0.001434,-0.058414,C-06,0,0,0,1,1,0,-0.010186,-0.103877,0.6458,0.4906,0.2700,2,ok
0,2029,2.076749,-1.670137,-0.105170,-0.007136,-0.039299,4.917527,0.200161,0.137875,0.137875,0.000000,,0,0,0,1,1,0,-0.010420,-0.119653,0.7292,0.4803,0.2656,2,ok
0,2030,2.100629,-1.672845,-0.095484,-0.008308,-0.036551,4.941482,0.200356,0.120936,0.120936,0.000000,,0,0,0,1,1,0,-0.011592,-0.119297,0.7500,0.5260,0.2700,2,ok
0,2031,2.120547,-1.675102,-0.085159,-0.009352,-0.026225,4.961500,0.200539,0.157174,0.157174,0.000000,,0,0,0,1,1,0,-0.011732,-0.116851,0.7500,0.5392,0.2646,2,ok
0,2032,2.144471,-1.677687,-0.073252,-0.010509,-0.022768,4.985457,0.200506,0.147149,0.147149,0.000000,,0,0,0,1,1,0,-0.011231,-0.115572,0.7500,0.5215,0.2617,2,ok
0,2033,2.168424,-1.680119,-0.050955,-0.011669,-0.000471,5.009504,0.200754,0.284968,0.284968,0.000000,,0,0,0,1,1,0,-0.012726,-0.115277,0.7500,0.6117,0.2682,2,ok
0,2034,2.188407,-1.682119,-0.029549,-0.012608,0.020935,5.029566,0.200808,0.312989,0.312989,0.000000,,0,0,0,1,1,0,-0.000343,-0.108103,0.6875,0.2579,0.2479,2,ok
0,2035,2.212401,-1.683506,-0.015142,-0.012935,0.025418,5.053467,0.200223,0.138372,0.162989,0.024617,C-06,0,0,0,1,1,0,-0.010462,-0.096271,0.7292,0.6443,0.2678,2,ok
0,2036,2.232400,-1.684097,-0.009288,-0.012672,0.031272,5.073473,0.200059,0.078143,0.078143,0.000000,,0,0,0,1,1,0,-0.009442,-0.091893,0.6875,0.6700,0.2680,2,ok
0,2037,2.256399,-1.684704,0.001432,-0.012433,0.029468,5.097308,0.200064,0.130669,0.130669,0.000000,,0,0,0,1,1,0,-0.008704,-0.099141,0.6667,0.6950,0.2671,2,ok
0,2038,2.276399,-1.684776,0.003554,-0.011923,0.031590,5.117302,0.199999,0.022373,0.022373,0.000000,,0,0,0,1,1,0,-0.009980,-0.106395,0.6875,0.7450,0.2730,2,ok
0,2039,2.300399,-1.684802,0.007512,-0.011314,0.020775,5.141160,0.199995,0.048273,0.048273,0.000000,,0,0,0,1,1,0,-0.008917,-0.109223,0.7708,0.7630,0.2655,2,ok
0,2040,2.320398,-1.684824,0.014302,-0.010988,0.027565,5.161156,0.199981,0.101081,0.101081,0.000000,,0,0,0,1,1,0,-0.007400,-0.120791,0.7708,0.7653,0.2667,2,ok
0,2041,2.344393,-1.684846,0.023490,-0.010595,0.036753,5.185148,0.199947,0.110074,0.110074,0.000000,,0,0,0,1,1,0,-0.007037,-0.121313,0.7917,0.7785,0.2630,2,ok
0,2042,2.368383,-1.684757,0.033644,-0.010497,0.029695,5.208935,0.199896,0.122597,0.122597,0.000000,,0,0,0,1,1,0,-0.004730,-0.126145,0.7500,0.7630,0.2612,2,ok
0,2043,2.388368,-1.684562,0.044079,-0.010341,0.040130,5.228920,0.199826,0.153847,0.153847,0.000000,,0,0,0,1,1,0,-0.006022,-0.142222,0.7292,0.8333,0.2632,2,ok
0,2044,2.412342,-1.683706,0.048493,-0.009769,0.025243,5.252713,0.199919,0.046329,0.046329,0.000000,,0,0,0,1,1,0,-0.003536,-0.150619,0.7292,0.7870,0.2631,2,ok
0,2045,2.432317,-1.682865,0.051134,-0.009346,0.027884,5.272701,0.199928,0.037917,0.037917,0.000000,,0,0,0,1,1,0,-0.003373,-0.159196,0.7083,0.8063,0.2615,2,ok
0,2046,2.456290,-1.681665,0.042678,-0.008730,-0.004157,5.296499,0.200068,-0.146275,-0.112083,0.034192,C-06,0,0,0,1,1,0,-0.000776,-0.170336,0.6875,0.7578,0.2614,2,ok
0,2047,2.476272,-1.680811,0.044243,-0.008743,-0.002592,5.316498,0.199983,0.033271,0.033271,0.000000,,0,0,0,1,1,0,-0.000969,-0.212612,0.6875,0.7342,0.2570,2,ok
0,2048,2.500241,-1.679800,0.058356,-0.008772,0.011521,5.340488,0.199845,0.440197,0.183271,-0.256926,C-06,0,0,0,1,1,0,-0.002060,-0.220709,0.7292,0.7288,0.2595,2,ok
0,2049,2.520193,-1.678957,0.079965,-0.009142,0.007777,5.360243,0.199558,0.486149,0.333271,-0.152878,C-06,0,0,0,1,1,0,-0.002294,-0.226129,0.7708,0.7349,0.2596,2,ok
0,2050,2.544078,-1.677946,0.116182,-0.009743,0.043994,5.384141,0.198869,0.465865,0.465865,0.000000,,0,0,0,1,1,0,-0.001251,-0.221458,0.7500,0.7125,0.2616,2,ok
0,2051,2.567863,-1.676660,0.150988,-0.010342,0.048336,5.407621,0.198268,0.446274,0.446274,0.000000,,0,0,0,1,1,0,0.002123,-0.198312,0.7500,0.6534,0.2615,2,ok
0,2052,2.587591,-1.674898,0.179028,-0.010570,0.076376,5.427426,0.197913,0.441048,0.441048,0.000000,,0,0,0,1,1,0,0.003074,-0.181152,0.7292,0.6500,0.2643,2,ok
0,2053,2.611155,-1.671551,0.201692,-0.009607,0.099040,5.451207,0.198330,0.078702,0.291048,0.212346,C-06,0,0,0,1,1,0,0.016504,-0.171984,0.7292,0.2567,0.2448,2,ok
0,2054,2.630730,-1.667934,0.211012,-0.008474,0.074940,5.470815,0.199106,-0.256856,0.141048,0.397904,C-06,0,0,0,1,1,0,0.006115,-0.166844,0.6875,0.6101,0.2634,2,ok
0,2055,2.654196,-1.662938,0.211003,-0.006531,0.074931,5.494729,0.200000,-0.063486,-0.008952,0.054533,C-06,0,0,0,1,1,0,0.005969,-0.164332,0.6875,0.6241,0.2636,2,ok
0,2056,2.673763,-1.658749,0.205446,-0.005193,0.030148,5.514447,0.200213,-0.096857,-0.096857,0.000000,,0,0,0,1,1,0,0.006320,-0.180553,0.6667,0.6034,0.2616,2,ok
0,2057,2.697269,-1.653724,0.201372,-0.004295,0.026074,5.538467,0.200349,-0.052559,-0.052559,0.000000,,0,0,0,1,1,0,0.004512,-0.201519,0.6667,0.6074,0.2561,2,ok
0,2058,2.716856,-1.649715,0.206595,-0.003721,0.031297,5.558451,0.199796,0.232114,0.097441,-0.134674,C-06,0,0,0,1,1,0,0.001011,-0.211915,0.7292,0.6405,0.2608,2,ok
0,2059,2.740303,-1.644921,0.224047,-0.003767,0.007269,5.582248,0.199088,0.490369,0.247441,-0.242928,C-06,0,0,0,1,1,0,0.000951,-0.218805,0.7708,0.5987,0.2578,2,ok
0,2060,2.763628,-1.640127,0.252172,-0.003951,0.035394,5.606059,0.197816,0.582561,0.397441,-0.185120,C-06,0,0,0,1,1,0,0.000281,-0.215090,0.7708,0.5918,0.2621,2,ok
0,2061,2.782935,-1.636021,0.275693,-0.004361,0.015866,5.625577,0.197270,0.393834,0.393834,0.000000,,0,0,0,1,1,0,-0.000146,-0.202579,0.7708,0.6172,0.2602,2,ok
0,2062,2.805958,-1.630219,0.296419,-0.004758,0.036592,5.649317,0.197888,0.285492,0.285492,0.000000,,0,0,0,1,1,0,0.002342,-0.203619,0.7292,0.5598,0.2603,2,ok
0,2063,2.825040,-1.624941,0.312045,-0.004634,0.052219,5.669114,0.197973,0.267393,0.267393,0.000000,,0,0,0,1,1,0,0.003026,-0.192784,0.7292,0.5506,0.2616,2,ok
0,2064,2.847847,-1.617858,0.320720,-0.004560,0.019632,5.692795,0.199075,-0.164734,0.117393,0.282127,C-06,0,0,0,1,1,0,0.001799,-0.186046,0.7292,0.5818,0.2642,2,ok
0,2065,2.866829,-1.611569,0.319544,-0.004321,0.018456,5.712790,0.200089,-0.297001,-0.032607,0.264395,C-06,0,0,0,1,1,0,0.002204,-0.187064,0.7083,0.5443,0.2644,2,ok
0,2066,2.889640,-1.603994,0.312318,-0.004278,-0.029154,5.736675,0.200501,-0.109119,-0.109119,0.000000,,0,0,0,1,1,0,0.000319,-0.211050,0.6458,0.5583,0.2621,2,ok
0,2067,2.908669,-1.597842,0.314062,-0.004902,-0.027410,5.756664,0.199889,0.679652,0.040881,-0.638771,C-06,0,0,0,1,1,0,-0.001106,-0.220278,0.6875,0.5378,0.2627,2,ok
0,2068,2.931451,-1.590434,0.326436,-0.005610,-0.015037,5.780610,0.199286,0.402498,0.190881,-0.211617,C-06,0,0,0,1,1,0,-0.002401,-0.230660,0.7917,0.5145,0.2636,2,ok
0,2069,2.954127,-1.583024,0.341318,-0.007012,-0.036191,5.804220,0.198366,0.218932,0.218932,0.000000,,0,0,0,1,1,0,-0.006742,-0.233181,0.7292,0.5726,0.2639,2,ok
0,2070,2.972921,-1.576809,0.356904,-0.008201,-0.020605,5.823980,0.197809,0.280593,0.280593,0.000000,,0,0,0,1,1,0,-0.006631,-0.232744,0.7708,0.5477,0.2625,2,ok
0,2071,2.995292,-1.569070,0.385062,-0.009611,-0.026241,5.847314,0.196701,0.549587,0.430593,-0.118994,C-06,0,0,0,1,1,0,-0.008439,-0.223036,0.7292,0.5475,0.2627,2,ok
0,2072,3.013716,-1.562331,0.414745,-0.010823,0.003442,5.866894,0.195882,0.550905,0.550905,0.000000,,0,0,0,1,1,0,-0.009170,-0.222586,0.7083,0.5589,0.2624,2,ok
0,2073,3.035528,-1.553388,0.445367,-0.011372,0.034064,5.890463,0.196566,0.468714,0.468714,0.000000,,0,0,0,1,1,0,-0.008348,-0.206556,0.7708,0.5476,0.2643,2,ok
0,2074,3.053499,-1.545178,0.462856,-0.011615,0.018804,5.909862,0.197700,-0.109025,0.318714,0.427739,C-06,0,0,0,1,1,0,-0.006986,-0.178736,0.7083,0.5441,0.2641,2,ok
0,2075,3.074911,-1.534683,0.474131,-0.011330,0.030079,5.933705,0.198797,-0.009425,0.168714,0.178139,C-06,0,0,0,1,1,0,-0.006024,-0.171218,0.7083,0.5306,0.2634,2,ok
0,2076,3.092634,-1.525692,0.490093,-0.011060,0.014045,5.953209,0.198162,0.332704,0.318714,-0.013990,C-06,0,0,0,1,1,0,-0.007509,-0.163759,0.6667,0.5734,0.2630,2,ok
0,2077,3.113729,-1.514625,0.503865,-0.010911,0.027817,5.977030,0.198577,0.215642,0.215642,0.000000,,0,0,0,1,1,0,-0.007699,-0.162537,0.6875,0.5809,0.2609,2,ok
0,2078,3.134717,-1.503107,0.508445,-0.010314,0.032396,5.999971,0.199570,0.049137,0.065642,0.016506,C-06,0,0,0,1,1,0,-0.008157,-0.157058,0.7500,0.6159,0.2637,2,ok
0,2079,3.152176,-1.493409,0.510678,-0.010351,0.003537,6.020618,0.199726,0.042065,0.042065,0.000000,,0,0,0,1,1,0,-0.007951,-0.157771,0.7708,0.6128,0.2658,2,ok
0,2080,3.173051,-1.481679,0.521830,-0.010249,0.014689,6.044563,0.199100,0.277789,0.192065,-0.085725,C-06,0,0,0,1,1,0,-0.008344,-0.172308,0.7500,0.6164,0.2647,2,ok
0,2081,3.190309,-1.471787,0.538479,-0.010325,0.000327,6.064131,0.198285,0.460809,0.342065,-0.118745,C-06,0,0,0,1,1,0,-0.008137,-0.174392,0.7500,0.6029,0.2637,2,ok
0,2082,3.210745,-1.459709,0.565972,-0.010460,0.027821,6.087868,0.197602,0.470364,0.470364,0.000000,,0,0,0,1,1,0,0.003201,-0.177748,0.7083,0.2582,0.2451,2,ok
0,2083,3.227538,-1.449145,0.582061,-0.010023,0.043909,6.107598,0.198511,0.206946,0.320364,0.113417,C-06,0,0,0,1,1,0,-0.004431,-0.161071,0.7083,0.5491,0.2638,2,ok
0,2084,3.247514,-1.436019,0.592507,-0.009699,0.024260,6.131319,0.199263,-0.058022,0.170364,0.228386,C-06,0,0,0,1,1,0,-0.002680,-0.151833,0.7292,0.5270,0.2636,2,ok
0,2085,3.264094,-1.424857,0.594000,-0.009207,0.025753,6.151300,0.199913,-0.162810,0.020364,0.183173,C-06,0,0,0,1,1,0,-0.001654,-0.155951,0.6875,0.5105,0.2643,2,ok
0,2086,3.284027,-1.411426,0.586988,-0.009033,-0.010893,6.175055,0.200585,-0.258726,-0.129636,0.129090,C-06,0,0,0,1,1,0,-0.000105,-0.181350,0.6250,0.4833,0.2621,2,ok
0,2087,3.304007,-1.398129,0.587734,-0.009313,-0.010146,6.199053,0.199924,0.446175,0.020364,-0.425811,C-06,0,0,0,1,1,0,-0.002370,-0.200702,0.7083,0.4855,0.2635,2,ok
0,2088,3.320611,-1.387040,0.595453,-0.009621,-0.031470,6.218746,0.199333,0.611390,0.170364,-0.441026,C-06,0,0,0,1,1,0,-0.003760,-0.207813,0.7917,0.4731,0.2625,2,ok
0,2089,3.340362,-1.373564,0.613493,-0.010306,-0.013431,6.242646,0.198836,0.480489,0.320364,-0.160125,C-06,0,0,0,1,1,0,-0.005899,-0.210591,0.7708,0.5034,0.2662,2,ok
0,2090,3.356640,-1.362102,0.626328,-0.010584,-0.000596,6.262552,0.199154,0.266174,0.266174,0.000000,,0,0,0,1,1,0,-0.007602,-0.202544,0.7708,0.5213,0.2640,2,ok
0,2091,3.375936,-1.347990,0.647725,-0.010990,-0.008199,6.286153,0.199076,0.387907,0.387907,0.000000,,0,0,0,1,1,0,-0.010180,-0.194421,0.7500,0.5814,0.2654,2,ok
0,2092,3.391788,-1.335911,0.663692,-0.011084,0.007769,6.306083,0.199405,0.341928,0.341928,0.000000,,0,0,0,1,1,0,-0.009665,-0.188368,0.7292,0.5744,0.2654,2,ok
0,2093,3.410607,-1.321075,0.674808,-0.011024,-0.009736,6.329730,0.199758,-0.100323,0.191928,0.292252,C-06,0,0,0,1,1,0,-0.009791,-0.182469,0.7083,0.6032,0.2631,2,ok
0,2094,3.426206,-1.308568,0.677270,-0.011200,-0.007275,6.349722,0.199953,-0.009245,0.041928,0.051174,C-06,0,0,0,1,1,0,-0.009721,-0.181144,0.7083,0.6046,0.2629,2,ok
0,2095,3.444838,-1.293468,0.687173,-0.011287,0.002628,6.373705,0.199861,0.355346,0.191928,-0.163418,C-06,0,0,0,1,1,0,-0.010685,-0.188500,0.6875,0.6221,0.2648,2,ok
0,2096,3.463259,-1.278101,0.705065,-0.011651,-0.008964,6.397373,0.200030,0.373385,0.341928,-0.031457,C-06,0,0,0,1,1,0,-0.012323,-0.204091,0.7083,0.6485,0.2625,2,ok
0,2097,3.478405,-1.264981,0.726802,-0.011631,0.012773,6.417411,0.200702,0.663873,0.491928,-0.171945,C-06,0,0,0,1,1,0,-0.011017,-0.197069,0.7292,0.6281,0.2584,2,ok
0,2098,3.496296,-1.248823,0.750591,-0.011458,0.007998,6.441185,0.200922,0.424926,0.424926,0.000000,,0,0,0,1,1,0,-0.011869,-0.184802,0.8125,0.6858,0.2627,2,ok
0,2099,3.510879,-1.235081,0.764075,-0.011183,0.021482,6.461221,0.200361,0.235749,0.274926,0.039177,C-06,0,0,0,1,1,0,-0.010498,-0.172429,0.7500,0.6828,0.2610,2,ok
0,2100,3.528065,-1.218296,0.785665,-0.010423,0.043072,6.483031,0.200016,0.382203,0.382203,0.000000,,0,0,0,1,1,0,-0.008599,-0.166997,0.7917,0.6715,0.2598,2,ok
0,2101,3.542071,-1.204050,0.804454,-0.010109,0.033049,6.504861,0.199582,0.391581,0.391581,0.000000,,0,0,0,1,1,0,-0.007332,-0.158828,0.7708,0.7030,0.2647,2,ok
0,2102,3.558529,-1.186694,0.825854,-0.009222,0.054449,6.528764,0.199099,0.377499,0.377499,0.000000,,0,0,0,1,1,0,-0.007114,-0.160159,0.7083,0.7424,0.2634,2,ok
0,2103,3.572003,-1.171973,0.836972,-0.008413,0.035547,6.548494,0.199555,-0.134144,0.227499,0.361642,C-06,0,0,0,1,1,0,-0.004598,-0.153917,0.7292,0.7260,0.2649,2,ok
0,2104,3.588030,-1.154129,0.841739,-0.007445,0.040314,6.572459,0.199873,-0.267518,0.077499,0.345017,C-06,0,0,0,1,1,0,-0.003603,-0.151898,0.7500,0.7362,0.2680,2,ok
0,2105,3.604044,-1.136238,0.838291,-0.006624,0.007434,6.596252,0.200133,-0.341499,-0.072501,0.268998,C-06,0,0,0,1,1,0,-0.002842,-0.165775,0.6667,0.7671,0.2633,2,ok
0,2106,3.617431,-1.121371,0.836659,-0.006444,0.005802,6.616257,0.200062,-0.032177,-0.032177,0.000000,,0,0,0,1,1,0,0.001421,-0.191074,0.7083,0.6774,0.2540,2,ok
0,2107,3.633461,-1.103534,0.842678,-0.006205,0.011820,6.640238,0.199812,0.187903,0.117823,-0.070080,C-06,0,0,0,1,1,0,-0.002252,-0.202704,0.7500,0.7269,0.2622,2,ok
0,2108,3.646688,-1.088566,0.854270,-0.006392,-0.006782,6.660000,0.199757,0.470219,0.267823,-0.202395,C-06,0,0,0,1,1,0,0.001903,-0.212142,0.8125,0.6020,0.2566,2,ok
0,2109,3.662260,-1.070313,0.876395,-0.006355,0.015344,6.683992,0.200140,0.608325,0.417823,-0.190501,C-06,0,0,0,1,1,0,-0.003164,-0.212228,0.7708,0.7231,0.2556,2,ok
0,2110,3.674953,-1.054801,0.899664,-0.006075,0.007110,6.703875,0.200702,0.521379,0.521379,0.000000,,0,0,0,1,1,0,-0.001514,-0.211193,0.7708,0.7062,0.2620,2,ok
0,2111,3.689815,-1.035850,0.920576,-0.005674,0.028022,6.727954,0.200826,0.363202,0.371379,0.008177,C-06,0,0,0,1,1,0,0.014811,-0.211710,0.7292,0.2645,0.2422,2,ok
0,2112,3.701935,-1.019847,0.934422,-0.005003,0.041869,6.748018,0.200805,0.290205,0.290205,0.000000,,0,0,0,1,1,0,0.015442,-0.211090,0.7292,0.2688,0.2414,2,ok
0,2113,3.716203,-1.000483,0.942842,-0.004622,0.017952,6.771889,0.200434,-0.096215,0.140205,0.236420,C-06,0,0,0,1,1,0,0.005382,-0.212062,0.7292,0.6123,0.2577,2,ok
0,2114,3.730301,-0.981059,0.942713,-0.004211,0.017823,6.795886,0.199970,-0.282855,-0.009795,0.273060,C-06,0,0,0,1,1,0,0.006675,-0.219130,0.7083,0.5684,0.2633,2,ok
0,2115,3.742051,-0.964843,0.948837,-0.004156,-0.009533,6.815787,0.200465,0.474986,0.140205,-0.334781,C-06,0,0,0,1,1,0,0.003351,-0.239239,0.6667,0.6060,0.2614,2,ok
0,2116,3.756023,-0.945231,0.964906,-0.004261,0.006536,6.839867,0.201127,0.475536,0.290205,-0.185331,C-06,0,0,0,1,1,0,0.006802,-0.244423,0.7083,0.4909,0.2459,2,ok
0,2117,3.767443,-0.928679,0.985521,-0.004046,0.027151,6.859909,0.201889,0.505138,0.440205,-0.064934,C-06,0,0,0,1,1,0,0.003616,-0.237679,0.7917,0.5227,0.2522,2,ok
0,2118,3.780882,-0.908532,1.007154,-0.004236,0.010971,6.884053,0.201906,0.363804,0.363804,0.000000,,0,0,0,1,1,0,0.004085,-0.234562,0.8125,0.4924,0.2572,2,ok
0,2119,3.791795,-0.891530,1.025346,-0.004040,0.029163,6.904255,0.202112,0.366936,0.366936,0.000000,,0,0,0,1,1,0,0.004988,-0.221353,0.7917,0.4798,0.2605,2,ok
0,2120,3.804563,-0.870840,1.054298,-0.003933,0.018935,6.928413,0.203156,0.484311,0.484311,0.000000,,0,0,0,1,1,0,0.002584,-0.213965,0.7500,0.5346,0.2605,2,ok
0,2121,3.814763,-0.853358,1.072546,-0.003685,0.037183,6.948651,0.202385,0.346218,0.346218,0.000000,,0,0,0,1,1,0,0.005518,-0.211211,0.7292,0.4533,0.2570,2,ok
0,2122,3.826454,-0.832201,1.085284,-0.002826,0.049920,6.969832,0.201391,0.163910,0.196218,0.032308,C-06,0,0,0,1,1,0,0.005886,-0.203357,0.7500,0.4633,0.2610,2,ok
0,2123,3.837713,-0.810953,1.088716,-0.002836,0.012018,6.996716,0.200328,-0.164317,0.046218,0.210535,C-06,0,0,0,1,1,0,0.006083,-0.200259,0.7500,0.4348,0.2604,2,ok
0,2124,3.846987,-0.793253,1.083734,-0.002637,0.007036,7.016697,0.199604,-0.118212,-0.103782,0.014430,C-06,0,0,0,1,1,0,0.004937,-0.199857,0.7292,0.4470,0.2588,2,ok
0,2125,3.858213,-0.772035,1.085981,-0.003155,-0.031795,7.040579,0.200177,0.639850,0.046218,-0.593632,C-06,0,0,0,1,1,0,0.001856,-0.221744,0.7083,0.4312,0.2638,2,ok
0,2126,3.867534,-0.754299,1.095525,-0.003852,-0.022251,7.060603,0.200719,0.412860,0.196218,-0.216642,C-06,0,0,0,1,1,0,-0.002096,-0.224527,0.7708,0.4589,0.2650,2,ok
0,2127,3.878711,-0.732883,1.109713,-0.004784,-0.047466,7.084555,0.201704,0.226507,0.226507,0.000000,,0,0,0,1,1,0,-0.000036,-0.234046,0.7708,0.4039,0.2598,2,ok
0,2128,3.887927,-0.714912,1.123626,-0.006113,-0.033554,7.104708,0.202056,0.265424,0.265424,0.000000,,0,0,0,1,1,0,-0.003971,-0.226935,0.7708,0.4160,0.2611,2,ok
0,2129,3.898724,-0.693144,1.149426,-0.007386,-0.007753,7.128972,0.203337,0.410483,0.410483,0.000000,,0,0,0,1,1,0,-0.003589,-0.223792,0.7917,0.3978,0.2638,2,ok
0,2130,3.907576,-0.674780,1.179011,-0.008680,-0.015268,7.149063,0.204750,0.555051,0.555051,0.000000,,0,0,0,1,1,0,-0.004981,-0.215542,0.7917,0.4096,0.2635,2,ok
0,2131,3.917885,-0.652426,1.218553,-0.010085,0.024274,7.173639,0.205248,0.592954,0.592954,0.000000,,0,0,0,1,1,0,-0.005209,-0.205733,0.7708,0.4108,0.2622,2,ok
0,2132,3.927150,-0.629774,1.249547,-0.010676,0.021626,7.197777,0.203852,-0.030840,0.442954,0.473794,C-06,0,0,0,1,1,0,-0.003281,-0.170328,0.7500,0.3972,0.2627,2,ok
0,2133,3.934088,-0.610741,1.267178,-0.010802,0.039257,7.218035,0.202466,0.039644,0.292954,0.253310,C-06,0,0,0,1,1,0,-0.002555,-0.152240,0.7292,0.3986,0.2629,2,ok
0,2134,3.941627,-0.587799,1.277834,-0.010177,0.049913,7.242176,0.201159,-0.026040,0.142954,0.168994,C-06,0,0,0,1,1,0,-0.001383,-0.140490,0.7292,0.3851,0.2622,2,ok
0,2135,3.947434,-0.568648,1.278129,-0.009866,0.019326,7.261817,0.200017,-0.260148,-0.007046,0.253102,C-06,0,0,0,1,1,0,-0.004239,-0.138239,0.6667,0.4446,0.2672,2,ok
0,2136,3.954359,-0.545696,1.269717,-0.009530,0.010914,7.285789,0.199554,-0.128058,-0.128058,0.000000,,0,0,0,1,1,0,-0.003306,-0.144189,0.7500,0.4164,0.2637,2,ok
0,2137,3.960286,-0.526596,1.270376,-0.009621,-0.018350,7.305538,0.200059,0.327810,0.021942,-0.305868,C-06,0,0,0,1,1,0,-0.003678,-0.161539,0.8125,0.3707,0.2627,2,ok
0,2138,3.967388,-0.503634,1.281718,-0.010080,-0.007008,7.329569,0.200594,0.512258,0.171942,-0.340317,C-06,0,0,0,1,1,0,-0.005069,-0.168010,0.8125,0.3637,0.2609,2,ok
0,2139,3.973305,-0.484415,1.299961,-0.010438,0.011235,7.349674,0.201534,0.645603,0.321942,-0.323662,C-06,0,0,0,1,1,0,-0.005069,-0.168010,0.8125,0.3637,0.2609,2,ok
0,2140,3.980405,-0.461191,1.333261,-0.011448,0.016150,7.373653,0.203118,0.579641,0.471942,-0.107699,C-06,0,0,0,1,1,0,-0.007857,-0.155819,0.7708,0.4273,0.2652,2,ok
0,2141,3.987155,-0.437787,1.361668,-0.012110,0.044557,7.398002,0.202897,0.381191,0.381191,0.000000,,0,0,0,1,1,0,-0.005464,-0.137421,0.7292,0.4166,0.2670,2,ok
0,2142,3.991943,-0.418192,1.376720,-0.012217,0.033824,7.417833,0.201608,0.174850,0.231191,0.056342,C-06,0,0,0,1,1,0,-0.006406,-0.126064,0.7292,0.4964,0.2713,2,ok
0,2143,3.996864,-0.394624,1.383961,-0.011746,0.041065,7.441904,0.200565,0.087989,0.087989,0.000000,,0,0,0,1,1,0,-0.004796,-0.115748,0.7292,0.4752,0.2675,2,ok
0,2144,4.000592,-0.374977,1.380683,-0.011091,0.012171,7.461623,0.199878,-0.366642,-0.062011,0.304631,C-06,0,0,0,1,1,0,-0.003063,-0.120038,0.7292,0.4466,0.2656,2,ok
0,2145,4.005044,-0.351443,1.365682,-0.010744,-0.002830,7.485572,0.199321,-0.272331,-0.212011,0.060321,C-06,0,0,0,1,1,0,-0.004498,-0.130877,0.6458,0.4838,0.2711,2,ok
0,2146,4.008955,-0.331873,1.361095,-0.010660,-0.007417,7.505529,0.199596,0.064290,-0.062011,-0.126301,C-06,0,0,0,1,1,0,-0.008265,-0.160609,0.7917,0.5085,0.2642,2,ok
0,2147,4.013940,-0.308386,1.366917,-0.011285,-0.026505,7.529281,0.200226,0.471292,0.087989,-0.383302,C-06,0,0,0,1,1,0,-0.009067,-0.172372,0.8333,0.4795,0.2600,2,ok
0,2148,4.018106,-0.288774,1.380903,-0.011909,-0.012520,7.549320,0.200743,0.585271,0.237989,-0.347282,C-06,0,0,0,1,1,0,-0.011985,-0.179167,0.7708,0.5406,0.2624,2,ok
0,2149,4.023104,-0.265147,1.409432,-0.012889,-0.007856,7.573135,0.201706,0.460170,0.387989,-0.072181,C-06,0,0,0,1,1,0,-0.013622,-0.180718,0.7708,0.5883,0.2640,2,ok
0,2150,4.027974,-0.241413,1.434005,-0.014090,0.016716,7.597334,0.201858,0.314091,0.314091,0.000000,,0,0,0,1,1,0,-0.012690,-0.160983,0.8125,0.5826,0.2674,2,ok
0,2151,4.031365,-0.221581,1.448493,-0.014423,0.031205,7.616728,0.201123,0.215524,0.215524,0.000000,,0,0,0,1,1,0,-0.010594,-0.150985,0.7708,0.5572,0.2670,2,ok
0,2152,4.035025,-0.197737,1.464849,-0.014997,0.023428,7.641225,0.200975,0.207168,0.207168,0.000000,,0,0,0,1,1,0,-0.011695,-0.144406,0.7292,0.6073,0.2661,2,ok
0,2153,4.037345,-0.177844,1.469333,-0.014737,0.027912,7.661251,0.200230,-0.065387,0.057168,0.122555,C-06,0,0,0,1,1,0,-0.010928,-0.143092,0.7292,0.6040,0.2677,2,ok
0,2154,4.039881,-0.153965,1.471698,-0.014537,0.005577,7.684928,0.200109,0.028337,0.028337,0.000000,,0,0,0,1,1,0,-0.007560,-0.145207,0.7083,0.5324,0.2631,2,ok
0,2155,4.041965,-0.134053,1.482663,-0.014501,0.016542,7.704949,0.200299,0.425714,0.178337,-0.247377,C-06,0,0,0,1,1,0,-0.008835,-0.166961,0.7500,0.5604,0.2657,2,ok
0,2156,4.044466,-0.110123,1.508272,-0.014615,0.017981,7.728642,0.200678,0.483793,0.328337,-0.155456,C-06,0,0,0,1,1,0,-0.010161,-0.164902,0.7917,0.6107,0.2655,2,ok
0,2157,4.046344,-0.090154,1.522065,-0.014876,0.031774,7.748698,0.200527,0.191079,0.191079,0.000000,,0,0,0,1,1,0,-0.007984,-0.155743,0.8125,0.5826,0.2647,2,ok
0,2158,4.048296,-0.066174,1.538720,-0.014885,0.048428,7.772757,0.200444,0.202142,0.202142,0.000000,,0,0,0,1,1,0,-0.005800,-0.147241,0.8333,0.5498,0.2606,2,ok
0,2159,4.050043,-0.042179,1.563955,-0.015235,0.048227,7.796423,0.200520,0.308398,0.308398,0.000000,,0,0,0,1,1,0,-0.006037,-0.137033,0.7917,0.5726,0.2647,2,ok
0,2160,4.051413,-0.022180,1.590223,-0.015511,0.074496,7.816467,0.200341,0.379278,0.379278,0.000000,,0,0,0,1,1,0,-0.003690,-0.139956,0.8125,0.5453,0.2623,2,ok
0,2161,4.051880,0.001809,1.610098,-0.014927,0.068317,7.840110,0.199859,0.015509,0.229278,0.213769,C-06,0,0,0,1,1,0,-0.003752,-0.131681,0.7500,0.5977,0.2644,2,ok
0,2162,4.051396,0.021791,1.616401,-0.013805,0.074620,7.860066,0.199880,-0.106582,0.079278,0.185860,C-06,0,0,0,1,1,0,-0.004216,-0.125379,0.7917,0.6385,0.2699,2,ok
0,2163,4.050358,0.045765,1.617653,-0.012001,0.075872,7.882045,0.199978,0.011835,0.011835,0.000000,,0,0,0,1,1,0,-0.000331,-0.126319,0.6875,0.5800,0.2660,2,ok
0,2164,4.049466,0.065746,1.610673,-0.011125,0.041305,7.903612,0.200037,-0.113617,-0.113617,0.000000,,0,0,0,1,1,0,-0.001834,-0.153997,0.7083,0.6201,0.2671,2,ok
0,2165,4.048395,0.089729,1.605878,-0.010010,0.036511,7.927593,0.200075,-0.054928,-0.054928,0.000000,,0,0,0,1,1,0,-0.000151,-0.166494,0.7500,0.5705,0.2577,2,ok
0,2166,4.047684,0.109715,1.611483,-0.009572,0.012454,7.947332,0.199958,0.278406,0.095072,-0.183334,C-06,0,0,0,1,1,0,-0.004378,-0.169094,0.7708,0.6579,0.2636,2,ok
0,2167,4.046849,0.133685,1.630578,-0.009318,0.031549,7.971315,0.199775,0.283751,0.245072,-0.038679,C-06,0,0,0,1,1,0,-0.004830,-0.182516,0.7917,0.6431,0.2617,2,ok
0,2168,4.046015,0.157623,1.654714,-0.009255,0.022836,7.994965,0.199436,0.301677,0.301677,0.000000,,0,0,0,1,1,0,-0.007129,-0.175437,0.7708,0.7200,0.2662,2,ok
0,2169,4.045303,0.177532,1.677774,-0.009682,0.045895,8.014881,0.199044,0.349742,0.349742,0.000000,,0,0,0,1,1,0,-0.005549,-0.162650,0.7917,0.7044,0.2649,2,ok
0,2170,4.043992,0.201355,1.705976,-0.009733,0.074098,8.038741,0.198682,0.360473,0.360473,0.000000,,0,0,0,1,1,0,-0.007528,-0.163086,0.7500,0.7890,0.2734,2,ok
0,2171,4.041945,0.221152,1.720365,-0.009364,0.055019,8.058290,0.199034,-0.167730,0.210473,0.378203,C-06,0,0,0,1,1,0,-0.004168,-0.155083,0.7708,0.7426,0.2695,2,ok
0,2172,4.038594,0.244873,1.725790,-0.008246,0.060444,8.082221,0.199685,-0.243692,0.060473,0.304164,C-06,0,0,0,1,1,0,-0.005055,-0.148413,0.7292,0.7916,0.2721,2,ok
0,2173,4.035518,0.264640,1.720806,-0.007185,0.020820,8.101914,0.200146,-0.362973,-0.089527,0.273446,C-06,0,0,0,1,1,0,-0.004624,-0.152469,0.7500,0.8053,0.2718,2,ok
0,2174,4.031913,0.288372,1.719942,-0.006743,0.019956,8.125915,0.200034,-0.006371,-0.006371,0.000000,,0,0,0,1,1,0,-0.007040,-0.180133,0.7292,0.8321,0.2703,2,ok
0,2175,4.028940,0.308139,1.728289,-0.006403,0.028303,8.145901,0.199763,0.216763,0.143629,-0.073135,C-06,0,0,0,1,1,0,-0.007294,-0.193280,0.7500,0.8611,0.2682,2,ok
0,2176,4.025374,0.331801,1.749776,-0.006556,0.015106,8.169619,0.199071,0.366586,0.293629,-0.072958,C-06,0,0,0,1,1,0,-0.008558,-0.198433,0.8125,0.8956,0.2655,2,ok
0,2177,4.021808,0.355366,1.773243,-0.006919,0.038573,8.193449,0.198213,0.314337,0.314337,0.000000,,0,0,0,1,1,0,-0.008168,-0.193670,0.8125,0.9328,0.2686,2,ok
0,2178,4.018243,0.374934,1.784184,-0.006834,0.016290,8.213122,0.198960,0.080529,0.164337,0.083808,C-06,0,0,0,1,1,0,-0.007446,-0.185616,0.7917,0.9428,0.2672,2,ok
0,2179,4.013666,0.398357,1.797003,-0.006940,0.029109,8.236987,0.198854,0.174732,0.174732,0.000000,,0,0,0,1,1,0,-0.011758,-0.176525,0.8125,1.0573,0.2742,2,ok
0,2180,4.009333,0.417838,1.800798,-0.006512,0.032904,8.256940,0.199621,0.054818,0.054818,0.000000,,0,0,0,1,1,0,-0.007252,-0.198883,0.7500,0.9777,0.2639,2,ok
0,2181,4.003867,0.441222,1.794432,-0.006404,-0.006376,8.280740,0.200274,-0.161443,-0.095182,0.066261,C-06,0,0,0,1,1,0,-0.007749,-0.208978,0.7500,0.9979,0.2629,2,ok
0,2182,3.999428,0.460719,1.797114,-0.006538,-0.003694,8.300736,0.199879,0.299474,0.054818,-0.244656,C-06,0,0,0,1,1,0,-0.012063,-0.232981,0.7292,1.0985,0.2657,2,ok
0,2183,3.994112,0.484070,1.811260,-0.006991,-0.023224,8.324484,0.199264,0.535079,0.204818,-0.330261,C-06,0,0,0,1,1,0,-0.015257,-0.264566,0.6875,1.1563,0.2655,2,ok
0,2184,3.989682,0.503447,1.831816,-0.007687,-0.002668,8.344349,0.198297,0.503987,0.354818,-0.149169,C-06,0,0,0,1,1,0,-0.017712,-0.267479,0.7500,1.2187,0.2667,2,ok
0,2185,3.984366,0.526524,1.866864,-0.008476,0.032380,8.368017,0.196476,0.696006,0.504818,-0.191188,C-06,0,0,0,1,1,0,-0.019971,-0.261295,0.7708,1.3024,0.2755,2,ok
0,2186,3.978494,0.549358,1.900552,-0.009510,0.030392,8.391256,0.196421,0.484070,0.484070,0.000000,,0,0,0,1,1,0,-0.013021,-0.240628,0.8333,1.1739,0.2678,2,ok
0,2187,3.972946,0.568188,1.928571,-0.009714,0.058411,8.410885,0.196273,0.493989,0.493989,0.000000,,0,0,0,1,1,0,-0.009121,-0.230031,0.7917,1.1209,0.2656,2,ok
0,2188,3.965368,0.590544,1.957169,-0.009411,0.049585,8.434140,0.196758,0.422827,0.422827,0.000000,,0,0,0,1,1,0,-0.009877,-0.218085,0.8125,1.1793,0.2717,2,ok
0,2189,3.958561,0.608972,1.983104,-0.009019,0.075520,8.453780,0.196400,0.476855,0.476855,0.000000,,0,0,0,1,1,0,-0.007108,-0.206117,0.7917,1.1357,0.2642,2,ok
0,2190,3.949475,0.630851,2.004998,-0.007604,0.097414,8.477429,0.197542,0.199172,0.326855,0.127683,C-06,0,0,0,1,1,0,-0.003158,-0.214490,0.7708,1.0936,0.2664,2,ok
0,2191,3.941307,0.648950,2.015039,-0.006604,0.066839,8.496945,0.198670,-0.441839,0.176855,0.618694,C-06,0,0,0,1,1,0,-0.002844,-0.210901,0.7708,1.1510,0.2665,2,ok
0,2192,3.931038,0.670607,2.017320,-0.004999,0.069121,8.520859,0.199797,-0.448101,0.026855,0.474956,C-06,0,0,0,1,1,0,-0.000481,-0.212393,0.7083,1.1087,0.2642,2,ok
0,2193,3.922403,0.688669,2.011347,-0.003905,0.020378,8.540672,0.200442,-0.282056,-0.123145,0.158911,C-06,0,0,0,1,1,0,-0.002044,-0.224939,0.7917,1.1688,0.2602,2,ok
0,2194,3.912167,0.710374,2.012501,-0.003353,0.021531,8.564664,0.199896,0.431125,0.026855,-0.404270,C-06,0,0,0,1,1,0,-0.003989,-0.253910,0.6875,1.1976,0.2632,2,ok
0,2195,3.901907,0.732017,2.023335,-0.002755,0.032365,8.588608,0.199200,0.568125,0.176855,-0.391270,C-06,0,0,0,1,1,0,-0.007628,-0.286282,0.8542,1.2697,0.2564,2,ok
0,2196,3.893289,0.749935,2.039845,-0.003031,0.003360,8.608364,0.198226,0.639156,0.326855,-0.312300,C-06,0,0,0,1,1,0,-0.007225,-0.290889,0.8333,1.2570,0.2540,2,ok
0,2197,3.882818,0.771187,2.068875,-0.003151,0.032391,8.632055,0.196845,0.567353,0.476855,-0.090498,C-06,0,0,0,1,1,0,-0.007499,-0.291589,0.7917,1.2691,0.2561,2,ok
0,2198,3.873721,0.788609,2.100150,-0.003126,0.016213,8.651565,0.196259,0.630803,0.626855,-0.003948,C-06,0,0,0,1,1,0,-0.003582,-0.283571,0.8333,1.1754,0.2503,2,ok
0,2199,3.861962,0.809133,2.130785,-0.002901,0.046848,8.675218,0.197353,0.503647,0.503647,0.000000,,0,0,0,1,1,0,-0.001389,-0.283462,0.8125,1.1436,0.2497,2,ok
0,2200,3.851578,0.825955,2.153925,-0.002065,0.069987,8.694968,0.197837,0.469342,0.469342,0.000000,,0,0,0,1,1,0,0.001205,-0.276878,0.7917,1.1286,0.2544,2,ok
0,2201,3.838490,0.845840,2.175850,-0.001283,0.042094,8.718673,0.198543,0.371605,0.371605,0.000000,,0,0,0,1,1,0,0.004138,-0.272234,0.7292,1.0793,0.2510,2,ok
0,2202,3.827178,0.862219,2.188118,-0.000427,0.054363,8.738559,0.199123,0.250633,0.250633,0.000000,,0,0,0,1,1,0,0.008720,-0.272208,0.7708,0.9805,0.2513,2,ok
0,2203,3.813243,0.881638,2.210262,0.000749,0.024418,8.762462,0.198918,0.402193,0.400633,-0.001560,C-06,0,0,0,1,1,0,0.009711,-0.282551,0.7292,0.9668,0.2512,2,ok
0,2204,3.798864,0.900708,2.236600,0.001538,0.050756,8.786333,0.199203,0.478085,0.478085,0.000000,,0,0,0,1,1,0,0.014762,-0.301180,0.7292,0.8662,0.2427,2,ok
0,2205,3.786428,0.916299,2.258787,0.002739,0.072944,8.806240,0.199648,0.487669,0.487669,0.000000,,0,0,0,1,1,0,0.017577,-0.295817,0.7917,0.8047,0.2477,2,ok
0,2206,3.771031,0.934695,2.277480,0.003847,0.037943,8.830376,0.200065,0.329629,0.337669,0.008040,C-06,0,0,0,1,1,0,0.016337,-0.287124,0.8542,0.8316,0.2524,2,ok
0,2207,3.757938,0.949842,2.291632,0.004768,0.052095,8.850376,0.200338,0.310981,0.310981,0.000000,,0,0,0,1,1,0,0.016262,-0.282636,0.8125,0.8233,0.2519,2,ok
0,2208,3.741885,0.967802,2.316213,0.006029,0.021727,8.874766,0.201131,0.454103,0.454103,0.000000,,0,0,0,1,1,0,0.019554,-0.279832,0.8125,0.7202,0.2539,2,ok
0,2209,3.728153,0.982458,2.339495,0.006623,0.045009,8.894841,0.200530,0.496275,0.496275,0.000000,,0,0,0,1,1,0,0.019565,-0.285632,0.7708,0.6893,0.2525,2,ok
0,2210,3.711291,0.999556,2.360022,0.007947,0.065536,8.918818,0.199942,0.335242,0.346275,0.011033,C-06,0,0,0,1,1,0,0.020478,-0.281587,0.8125,0.6676,0.2579,2,ok
0,2211,3.697037,1.013570,2.369969,0.008697,0.019101,8.939262,0.199847,-0.148295,0.196275,0.344570,C-06,0,0,0,1,1,0,0.020040,-0.276598,0.7708,0.6685,0.2591,2,ok
0,2212,3.679812,1.030274,2.373126,0.009214,0.022257,8.963251,0.199954,-0.262551,0.046275,0.308825,C-06,0,0,0,1,1,0,0.022482,-0.280772,0.7708,0.5857,0.2578,2,ok
0,2213,3.662510,1.046869,2.383730,0.009678,-0.023816,8.987772,0.199683,0.591055,0.196275,-0.394780,C-06,0,0,0,1,1,0,0.020195,-0.300297,0.7292,0.5533,0.2570,2,ok
0,2214,3.647959,1.060506,2.399456,0.009312,-0.008090,9.007711,0.199145,0.398382,0.346275,-0.052107,C-06,0,0,0,1,1,0,0.015302,-0.299724,0.7500,0.5847,0.2609,2,ok
0,2215,3.630153,1.076491,2.426360,0.009386,0.018814,9.031640,0.199572,0.610604,0.496275,-0.114330,C-06,0,0,0,1,1,0,0.014128,-0.296457,0.8125,0.5781,0.2587,2,ok
0,2216,3.614929,1.089450,2.448013,0.009356,-0.016043,9.052192,0.200176,0.480579,0.480579,0.000000,,0,0,0,1,1,0,0.012124,-0.287090,0.7917,0.5833,0.2594,2,ok
0,2217,3.596305,1.104657,2.470302,0.009143,0.006246,9.076235,0.200546,0.404315,0.404315,0.000000,,0,0,0,1,1,0,0.013904,-0.268028,0.8333,0.5021,0.2561,2,ok
0,2218,3.580496,1.117046,2.495172,0.009367,0.031116,9.096319,0.201295,0.547799,0.547799,0.000000,,0,0,0,1,1,0,0.012262,-0.253180,0.8542,0.5121,0.2606,2,ok
0,2219,3.561082,1.131529,2.531987,0.008971,0.012323,9.121055,0.202463,0.657100,0.657100,0.000000,,0,0,0,1,1,0,0.012900,-0.253755,0.8125,0.4895,0.2604,2,ok
0,2220,3.544542,1.143158,2.556963,0.009129,0.037299,9.141273,0.202332,0.425077,0.507100,0.082023,C-06,0,0,0,1,1,0,0.014458,-0.236301,0.7292,0.4629,0.2627,2,ok
0,2221,3.524384,1.156583,2.578568,0.009346,0.007011,9.166016,0.201878,-0.141135,0.357100,0.498236,C-06,0,0,0,1,1,0,0.015595,-0.221015,0.7708,0.4480,0.2607,2,ok
0,2222,3.504007,1.169524,2.591270,0.009325,0.019714,9.190155,0.201160,-0.282963,0.207100,0.490063,C-06,0,0,0,1,1,0,0.016846,-0.202009,0.7500,0.3958,0.2585,2,ok
0,2223,3.486939,1.180024,2.594717,0.009595,0.023161,9.210193,0.200324,-0.315080,0.057100,0.372181,C-06,0,0,0,1,1,0,0.015658,-0.198604,0.7500,0.4105,0.2596,2,ok
0,2224,3.466447,1.192505,2.593269,0.008863,-0.024048,9.234668,0.199863,-0.028559,-0.028559,0.000000,,0,0,0,1,1,0,0.012252,-0.203704,0.7708,0.4339,0.2629,2,ok
0,2225,3.449353,1.202930,2.598716,0.008180,-0.018602,9.254678,0.200463,0.375377,0.121441,-0.253936,C-06,0,0,0,1,1,0,0.009211,-0.211779,0.7917,0.4574,0.2635,2,ok
0,2226,3.428712,1.215327,2.614429,0.007082,-0.044318,9.279027,0.201266,0.304915,0.271441,-0.033473,C-06,0,0,0,1,1,0,0.009315,-0.216220,0.7917,0.4006,0.2584,2,ok
0,2227,3.411329,1.225542,2.635182,0.005952,-0.023565,9.299158,0.202399,0.451434,0.421441,-0.029992,C-06,0,0,0,1,1,0,0.007695,-0.214922,0.8333,0.3953,0.2646,2,ok
0,2228,3.390232,1.237500,2.653996,0.004971,-0.004750,9.321596,0.202111,0.297761,0.297761,0.000000,,0,0,0,1,1,0,0.006631,-0.201061,0.8333,0.4074,0.2611,2,ok
0,2229,3.372482,1.247237,2.671831,0.003812,-0.022336,9.343743,0.202573,0.346061,0.346061,0.000000,,0,0,0,1,1,0,0.006381,-0.197258,0.8542,0.3999,0.2610,2,ok
0,2230,3.350982,1.258488,2.690390,0.002961,-0.003777,9.367994,0.202229,0.289383,0.289383,0.000000,,0,0,0,1,1,0,0.006381,-0.197258,0.8542,0.3999,0.2610,2,ok
0,2231,3.329331,1.269161,2.699947,0.002137,-0.024120,9.392212,0.201080,-0.118373,0.139383,0.257756,C-06,0,0,0,1,1,0,0.004682,-0.169853,0.7708,0.4091,0.2641,2,ok
0,2232,3.311247,1.277721,2.700023,0.001565,-0.024043,9.412211,0.199968,-0.445744,-0.010617,0.435127,C-06,0,0,0,1,1,0,0.003177,-0.170343,0.7500,0.4200,0.2639,2,ok
0,2233,3.289595,1.287978,2.690453,0.000688,-0.061318,9.436180,0.199294,-0.335202,-0.160617,0.174585,C-06,0,0,0,1,1,0,0.001955,-0.172866,0.7083,0.3946,0.2652,2,ok
0,2234,3.271603,1.296683,2.689411,-0.000566,-0.062360,9.456128,0.199920,0.357649,-0.010617,-0.368266,C-06,0,0,0,1,1,0,0.001165,-0.192772,0.7500,0.3718,0.2619,2,ok
0,2235,3.249975,1.307169,2.697627,-0.002094,-0.054144,9.480115,0.200612,0.669332,0.139383,-0.529949,C-06,0,0,0,1,1,0,-0.002931,-0.207337,0.8125,0.4028,0.2645,2,ok
0,2236,3.231855,1.315841,2.712385,-0.003697,-0.065402,9.500086,0.201391,0.400846,0.289383,-0.111463,C-06,0,0,0,1,1,0,-0.004968,-0.213546,0.8125,0.4133,0.2654,2,ok
0,2237,3.209965,1.326136,2.725652,-0.005522,-0.052134,9.524207,0.201600,0.198392,0.198392,0.000000,,0,0,0,1,1,0,-0.005787,-0.209960,0.7917,0.3781,0.2643,2,ok
0,2238,3.191601,1.334497,2.744005,-0.007043,-0.058259,9.544155,0.202364,0.384793,0.348392,-0.036400,C-06,0,0,0,1,1,0,-0.007561,-0.199394,0.7708,0.3736,0.2616,2,ok
0,2239,3.169343,1.344498,2.773504,-0.009130,-0.028760,9.568468,0.203887,0.450458,0.450458,0.000000,,0,0,0,1,1,0,-0.007713,-0.193358,0.7708,0.3484,0.2609,2,ok
0,2240,3.146860,1.353763,2.794447,-0.010535,-0.030770,9.592542,0.202559,0.040220,0.300458,0.260238,C-06,0,0,0,1,1,0,-0.008529,-0.167995,0.7708,0.3635,0.2606,2,ok
0,2241,3.128022,1.360861,2.803357,-0.011408,-0.021860,9.612654,0.201252,0.074129,0.150458,0.076329,C-06,0,0,0,1,1,0,-0.008321,-0.157711,0.7083,0.3555,0.2623,2,ok
0,2242,3.105308,1.369168,2.823228,-0.012221,-0.001989,9.636826,0.202096,0.348268,0.300458,-0.047810,C-06,0,0,0,1,1,0,-0.007590,-0.154336,0.7083,0.3319,0.2638,2,ok
0,2243,3.086239,1.376064,2.848579,-0.013239,0.000656,9.656757,0.203430,0.666131,0.450458,-0.215673,C-06,0,0,0,1,1,0,-0.007919,-0.150054,0.7083,0.3358,0.2630,2,ok
0,2244,3.063187,1.383768,2.870364,-0.014003,0.022441,9.681050,0.202465,0.265068,0.300458,0.035391,C-06,0,0,0,1,1,0,-0.007094,-0.131512,0.7708,0.3174,0.2669,2,ok
0,2245,3.043891,1.389497,2.880071,-0.014085,0.011774,9.700926,0.201176,0.065719,0.150458,0.084740,C-06,0,0,0,1,1,0,-0.005793,-0.107742,0.8750,0.3138,0.2671,2,ok
0,2246,3.020703,1.395720,2.880731,-0.013823,0.012434,9.724933,0.200003,-0.109070,0.000458,0.109529,C-06,0,0,0,1,1,0,-0.006586,-0.105770,0.8333,0.3280,0.2663,2,ok
0,2247,3.001371,1.400880,2.884726,-0.013577,0.016429,9.744941,0.200189,0.072202,0.072202,0.000000,,0,0,0,1,1,0,-0.006586,-0.105770,0.8333,0.3280,0.2663,2,ok
0,2248,2.978116,1.407071,2.899899,-0.013774,0.010374,9.768699,0.200890,0.270285,0.222202,-0.048083,C-06,0,0,0,1,1,0,-0.007303,-0.112541,0.8125,0.3324,0.2662,2,ok
0,2249,2.954751,1.413262,2.923020,-0.013979,0.033494,9.792869,0.201898,0.323787,0.323787,0.000000,,0,0,0,1,1,0,-0.006149,-0.111960,0.7917,0.3172,0.2641,2,ok
0,2250,2.935193,1.418252,2.938947,-0.014187,0.029633,9.812832,0.201809,0.252266,0.252266,0.000000,,0,0,0,1,1,0,-0.005823,-0.098080,0.7500,0.3260,0.2636,2,ok
0,2251,2.911636,1.423928,2.959735,-0.014226,0.050421,9.837063,0.201911,0.279343,0.279343,0.000000,,0,0,0,1,1,0,-0.005042,-0.094707,0.7708,0.3229,0.2641,2,ok
0,2252,2.891949,1.427928,2.968575,-0.013672,0.039623,9.856814,0.200806,-0.156423,0.129343,0.285766,C-06,0,0,0,1,1,0,-0.003812,-0.080930,0.7083,0.3404,0.2662,2,ok
0,2253,2.868288,1.432474,2.978364,-0.013167,0.049412,9.880903,0.200772,0.128672,0.128672,0.000000,,0,0,0,1,1,0,-0.003799,-0.073880,0.7083,0.3429,0.2676,2,ok
0,2254,2.848541,1.436094,2.986625,-0.012574,0.057674,9.900971,0.200752,0.129672,0.129672,0.000000,,0,0,0,1,1,0,-0.001731,-0.072563,0.7708,0.3234,0.2645,2,ok
0,2255,2.824815,1.440124,2.994179,-0.011943,0.046640,9.924795,0.200535,0.097164,0.097164,0.000000,,0,0,0,1,1,0,-0.000657,-0.071124,0.7917,0.3063,0.2650,2,ok
0,2256,2.805022,1.443373,3.001173,-0.011352,0.053635,9.944845,0.200587,0.109526,0.109526,0.000000,,0,0,0,1,1,0,0.000264,-0.068943,0.7917,0.3009,0.2648,2,ok
0,2257,2.781247,1.447012,3.007596,-0.010601,0.040720,9.968695,0.200412,0.080892,0.080892,0.000000,,0,0,0,1,1,0,0.000483,-0.065698,0.7708,0.3188,0.2676,2,ok
0,2258,2.757452,1.450504,3.014098,-0.009899,0.047222,9.992735,0.200411,0.083608,0.083608,0.000000,,0,0,0,1,1,0,-0.000914,-0.067509,0.7917,0.3618,0.2698,2,ok
0,2259,2.737611,1.453153,3.016447,-0.009127,0.031185,10.012577,0.200149,0.031879,0.031879,0.000000,,0,0,0,1,1,0,0.000240,-0.069281,0.7917,0.3476,0.2647,2,ok
0,2260,2.713800,1.456203,3.015692,-0.008402,0.030430,10.036572,0.200033,-0.012233,-0.012233,0.000000,,0,0,0,1,1,0,0.001224,-0.073719,0.7500,0.3278,0.2637,2,ok
0,2261,2.693951,1.458730,3.021608,-0.007783,0.036346,10.056571,0.200155,0.098752,0.098752,0.000000,,0,0,0,1,1,0,0.001481,-0.078712,0.7292,0.3186,0.2635,2,ok
0,2262,2.670110,1.461762,3.031725,-0.007421,0.028727,10.080452,0.200383,0.130691,0.130691,0.000000,,0,0,0,1,1,0,-0.003917,-0.088199,0.6875,0.4219,0.2727,2,ok
0,2263,2.650222,1.464284,3.039656,-0.007180,0.036659,10.100497,0.200510,0.119455,0.119455,0.000000,,0,0,0,1,1,0,-0.000263,-0.086581,0.7708,0.3788,0.2684,2,ok
0,2264,2.626338,1.467040,3.046625,-0.006842,0.025149,10.124404,0.200336,0.085601,0.085601,0.000000,,0,0,0,1,1,0,0.002141,-0.088466,0.8333,0.3400,0.2673,2,ok
0,2265,2.606421,1.469256,3.054868,-0.006679,0.033393,10.144443,0.200468,0.126733,0.126733,0.000000,,0,0,0,1,1,0,-0.000830,-0.088408,0.8333,0.4271,0.2701,2,ok
0,2266,2.582504,1.471645,3.061702,-0.006215,0.040226,10.165320,0.200281,0.082385,0.082385,0.000000,,0,0,0,1,1,0,0.000247,-0.088434,0.8333,0.4030,0.2691,2,ok
0,2267,2.558575,1.473846,3.067900,-0.005980,0.028729,10.192407,0.200243,0.076436,0.076436,0.000000,,0,0,0,1,1,0,0.001884,-0.083193,0.7917,0.3641,0.2707,2,ok
0,2268,2.538624,1.475612,3.076431,-0.005675,0.037260,10.212434,0.200348,0.130274,0.130274,0.000000,,0,0,0,1,1,0,-0.001226,-0.082507,0.7708,0.4356,0.2655,2,ok
0,2269,2.514672,1.477287,3.079018,-0.005262,0.022178,10.236324,0.200069,0.026541,0.026541,0.000000,,0,0,0,1,1,0,-0.003253,-0.080461,0.7708,0.5014,0.2683,2,ok
0,2270,2.494710,1.478641,3.081510,-0.004966,0.024670,10.256330,0.200094,0.037120,0.037120,0.000000,,0,0,0,1,1,0,-0.001960,-0.081874,0.7292,0.4682,0.2686,2,ok
0,2271,2.470749,1.480257,3.087139,-0.004743,0.013043,10.280280,0.200154,0.070573,0.070573,0.000000,,0,0,0,1,1,0,-0.001266,-0.086903,0.6875,0.4495,0.2670,2,ok
0,2272,2.450774,1.481603,3.097118,-0.004706,0.023023,10.300300,0.200250,0.152220,0.152220,0.000000,,0,0,0,1,1,0,-0.005988,-0.094897,0.8125,0.5685,0.2710,2,ok
0,2273,2.426794,1.483027,3.104991,-0.004470,0.030896,10.321901,0.200173,0.091681,0.091681,0.000000,,0,0,0,1,1,0,-0.004135,-0.091953,0.7708,0.5576,0.2717,2,ok
0,2274,2.406804,1.484125,3.114291,-0.004619,0.022572,10.344254,0.200224,0.138134,0.138134,0.000000,,0,0,0,1,1,0,-0.003959,-0.089838,0.8125,0.5628,0.2644,2,ok
0,2275,2.382810,1.485368,3.126768,-0.004666,0.035048,10.368281,0.200194,0.149755,0.149755,0.000000,,0,0,0,1,1,0,-0.004681,-0.089869,0.8542,0.6171,0.2695,2,ok
0,2276,2.358811,1.486018,3.133011,-0.004432,0.024408,10.392209,0.200047,0.069301,0.069301,0.000000,,0,0,0,1,1,0,-0.002331,-0.088857,0.8125,0.5899,0.2643,2,ok
0,2277,2.338812,1.486475,-3.141237,-0.004237,0.033345,10.412213,0.200052,0.131296,0.131296,0.000000,,0,0,0,1,1,0,-0.000827,-0.089058,0.8125,0.5733,0.2657,2,ok
0,2278,2.314812,1.486678,-3.136611,-0.003828,0.020309,10.436142,0.200001,0.049746,0.049746,0.000000,,0,0,0,1,1,0,-0.000603,-0.092036,0.7500,0.5852,0.2628,2,ok
0,2279,2.294812,1.486612,-3.137911,-0.003454,0.019009,10.456138,0.200000,-0.024550,-0.024550,0.000000,,0,0,0,1,1,0,0.000820,-0.093033,0.7708,0.5863,0.2654,2,ok
0,2280,2.270813,1.486514,-3.130485,-0.002987,0.026435,10.478400,0.199990,0.098812,0.098812,0.000000,,0,0,0,1,1,0,0.001792,-0.100442,0.7500,0.5686,0.2587,2,ok
0,2281,2.250816,1.486432,-3.118929,-0.002973,0.020760,10.500079,0.199953,0.170693,0.170693,0.000000,,0,0,0,1,1,0,0.003636,-0.116524,0.7708,0.5549,0.2638,2,ok
0,2282,2.226827,1.486334,-3.101797,-0.002921,0.037893,10.524067,0.199850,0.208240,0.208240,0.000000,,0,0,0,1,1,0,0.008098,-0.116404,0.7708,0.4744,0.2633,2,ok
0,2283,2.206851,1.486252,-3.083951,-0.003107,0.037734,10.543991,0.199681,0.264734,0.264734,0.000000,,0,0,0,1,1,0,0.006215,-0.115444,0.8333,0.5548,0.2664,2,ok
0,2284,2.182912,1.486040,-3.056787,-0.003355,0.064898,10.567930,0.199333,0.341023,0.341023,0.000000,,0,0,0,1,1,0,0.010937,-0.109890,0.8125,0.4631,0.2634,2,ok
0,2285,2.159017,1.484730,-3.040686,-0.002659,0.063802,10.591802,0.199407,0.156714,0.191023,0.034309,C-06,0,0,0,1,1,0,0.012912,-0.094431,0.8125,0.4788,0.2664,2,ok
0,2286,2.139124,1.482923,-3.036141,-0.001577,0.068347,10.611748,0.199783,0.057964,0.057964,0.000000,,0,0,0,1,1,0,0.016191,-0.088269,0.8125,0.4185,0.2661,2,ok
0,2287,2.115256,1.480425,-3.037110,0.000052,0.067378,10.635044,0.200005,-0.016012,-0.016012,0.000000,,0,0,0,1,1,0,0.018205,-0.100993,0.7708,0.3844,0.2607,2,ok
0,2288,2.095358,1.478333,-3.045255,0.000985,0.040573,10.655677,0.200160,-0.131595,-0.131595,0.000000,,0,0,0,1,1,0,0.018264,-0.110290,0.7708,0.3816,0.2644,2,ok
0,2289,2.071469,1.476016,-3.044598,0.001927,0.041230,10.679659,0.199984,0.419757,0.018405,-0.401351,C-06,0,0,0,1,1,0,0.017696,-0.125058,0.7292,0.3664,0.2612,2,ok
0,2290,2.051572,1.474098,-3.034449,0.002538,0.029437,10.699668,0.199790,0.917095,0.168405,-0.748689,C-06,0,0,0,1,1,0,0.016537,-0.149596,0.7292,0.3485,0.2652,2,ok
0,2291,2.027742,1.471795,-3.010336,0.003153,0.053550,10.723602,0.199235,0.458883,0.318405,-0.140478,C-06,0,0,0,1,1,0,0.017842,-0.149363,0.7917,0.3200,0.2591,2,ok
0,2292,2.007953,1.469876,-2.981080,0.003579,0.056813,10.743565,0.198411,0.523842,0.468405,-0.055436,C-06,0,0,0,1,1,0,0.016999,-0.136180,0.7917,0.3398,0.2664,2,ok
0,2293,1.984313,1.467057,-2.956190,0.004138,0.081703,10.767366,0.198326,0.202881,0.318405,0.115524,C-06,0,0,0,1,1,0,0.019440,-0.113611,0.8125,0.3081,0.2629,2,ok
0,2294,1.960755,1.463170,-2.942970,0.005766,0.094922,10.791187,0.198991,-0.067767,0.168405,0.236173,C-06,0,0,0,1,1,0,0.022534,-0.093455,0.8125,0.2545,0.2628,2,ok
0,2295,1.941154,1.459298,-2.941078,0.007158,0.068232,10.811319,0.199882,-0.059666,0.018405,0.078072,C-06,0,0,0,1,1,0,0.022371,-0.080819,0.8125,0.2782,0.2648,3,ok
0,2296,1.917630,1.454566,-2.943181,0.008827,0.066128,10.835256,0.200001,-0.031223,-0.031223,0.000000,,0,0,0,1,1,0,0.024758,-0.087858,0.7917,0.2188,0.2639,3,ok
0,2297,1.898006,1.450621,-2.952483,0.009933,0.025419,10.855602,0.200336,-0.158706,-0.158706,0.000000,,0,0,0,1,1,0,0.022745,-0.098537,0.7708,0.2542,0.2629,2,ok
0,2298,1.874400,1.445888,-2.968149,0.010692,0.009753,10.879665,0.200885,-0.211385,-0.211385,0.000000,,0,0,0,1,1,0,0.023767,-0.112063,0.7917,0.1896,0.2621,3,ok
0,2299,1.854691,1.442255,-2.972802,0.011012,0.005100,10.899704,0.200364,1.000000,-0.061385,-1.061385,C-06,0,0,0,1,1,0,0.018271,-0.136370,0.7292,0.2174,0.2626,2,ok
0,2300,1.831043,1.438212,-2.966811,0.010347,-0.019879,10.924059,0.199803,1.000000,0.088615,-0.911385,C-06,0,0,0,1,1,0,0.018975,-0.145845,0.7292,0.1738,0.2604,2,ok
0,2301,1.811366,1.434856,-2.955913,0.009721,-0.008980,10.944010,0.199430,0.181608,0.181608,0.000000,,0,0,0,1,1,0,0.014088,-0.148859,0.7708,0.2107,0.2628,2,ok
0,2302,1.787811,1.430828,-2.941355,0.008652,-0.022156,10.968137,0.198883,0.195346,0.195346,0.000000,,0,0,0,1,1,0,0.015002,-0.141562,0.8542,0.1492,0.2630,2,ok
0,2303,1.764325,1.426626,-2.927156,0.007445,-0.007957,10.991965,0.198800,0.191111,0.191111,0.000000,,0,0,0,1,1,0,0.013476,-0.132011,0.8542,0.1548,0.2628,2,ok
0,2304,1.740907,1.422007,-2.914807,0.006509,-0.020260,11.015969,0.198901,0.166800,0.166800,0.000000,,0,0,0,1,1,0,0.013828,-0.126484,0.7917,0.1251,0.2632,2,ok
0,2305,1.717552,1.417039,-2.903767,0.005543,-0.009219,11.039827,0.198976,0.149872,0.149872,0.000000,,0,0,0,1,1,0,0.011372,-0.119158,0.7917,0.1612,0.2657,2,ok
0,2306,1.694258,1.411801,-2.892899,0.004854,0.001649,11.061687,0.198949,0.149799,0.149799,0.000000,,0,0,0,1,1,0,0.012692,-0.107498,0.7500,0.0916,0.2643,2,ok
0,2307,1.674898,1.407270,-2.882811,0.004069,-0.008871,11.083646,0.198793,0.169310,0.169310,0.000000,,0,0,0,1,1,0,0.009734,-0.098864,0.7500,0.1284,0.2656,2,ok
0,2308,1.655584,1.402442,-2.875327,0.003618,-0.001386,11.103550,0.199106,0.121902,0.121902,0.000000,,0,0,0,1,1,0,0.009866,-0.092398,0.7292,0.1067,0.2661,2,ok
0,2309,1.632452,1.396376,-2.868496,0.003061,-0.012276,11.127533,0.199298,0.093863,0.093863,0.000000,,0,0,0,1,1,0,0.009420,-0.089414,0.6875,0.1087,0.2646,3,ok
0,2310,1.609385,1.390192,-2.854535,0.002399,0.001684,11.151406,0.198658,0.205357,0.205357,0.000000,,0,0,0,1,1,0,0.009356,-0.086767,0.7708,0.0800,0.2662,3,ok
0,2311,1.590216,1.384667,-2.850565,0.002152,-0.010530,11.171384,0.199571,0.034760,0.055357,0.020597,C-06,0,0,0,1,1,0,0.008064,-0.072984,0.8542,0.0995,0.2690,3,ok
0,2312,1.571073,1.379076,-2.844686,0.001770,-0.004652,11.191322,0.199274,0.103919,0.103919,0.000000,,0,0,0,1,1,0,0.010359,-0.071922,0.7917,0.0392,0.2679,2,ok
0,2313,1.548137,1.372169,-2.841246,0.001509,-0.001211,11.215275,0.199646,0.045083,0.045083,0.000000,,0,0,0,1,1,0,0.009032,-0.066724,0.8542,0.0418,0.2655,3,ok
0,2314,1.525209,1.365098,-2.841899,0.001134,-0.015923,11.239284,0.199978,-0.012224,-0.012224,0.000000,,0,0,0,1,1,0,0.007244,-0.063117,0.7708,0.0724,0.2666,3,ok
0,2315,1.502264,1.358021,-2.846513,0.000724,-0.020536,11.263293,0.200226,-0.069306,-0.069306,0.000000,,0,0,0,1,1,0,0.007221,-0.060694,0.7917,0.0228,0.2656,3,ok
0,2316,1.483107,1.352123,-2.854053,0.000171,-0.039101,11.283338,0.200629,-0.133315,-0.133315,0.000000,,0,0,0,1,1,0,0.006050,-0.068235,0.7292,0.0178,0.2681,3,ok
0,2317,1.463928,1.346444,-2.853696,-0.000691,-0.038744,11.303322,0.199957,0.135610,0.016685,-0.118925,C-06,0,0,0,1,1,0,0.004380,-0.073872,0.7083,0.0074,0.2672,2,ok
0,2318,1.440946,1.339629,-2.844197,-0.001757,-0.038766,11.327259,0.199505,0.144967,0.144967,0.000000,,0,0,0,1,1,0,0.004100,-0.080351,0.6667,-0.0223,0.2668,2,ok
0,2319,1.418024,1.332796,-2.837428,-0.002908,-0.031997,11.351150,0.199269,0.093719,0.093719,0.000000,,0,0,0,1,1,0,0.002467,-0.072929,0.7708,-0.0219,0.2660,2,ok
0,2320,1.398956,1.326977,-2.832677,-0.003738,-0.027246,11.371069,0.199365,0.080855,0.080855,0.000000,,0,0,0,1,1,0,0.001766,-0.067990,0.7917,-0.0217,0.2699,3,ok
0,2321,1.379919,1.321082,-2.827328,-0.004617,-0.030123,11.390952,0.199267,0.093059,0.093059,0.000000,,0,0,0,1,1,0,0.001658,-0.064038,0.8125,-0.0472,0.2668,3,ok
0,2322,1.357125,1.313920,-2.819120,-0.005579,-0.021915,11.414826,0.199056,0.119679,0.119679,0.000000,,0,0,0,1,1,0,-0.000130,-0.056849,0.8542,-0.0286,0.2691,2,ok
0,2323,1.334391,1.306564,-2.811438,-0.006437,-0.020674,11.438668,0.199119,0.111004,0.111004,0.000000,,0,0,0,1,1,0,-0.001272,-0.050598,0.8125,-0.0221,0.2665,2,ok
0,2324,1.311711,1.298979,-2.805309,-0.007112,-0.014545,11.462573,0.199296,0.088021,0.088021,0.000000,,0,0,0,1,1,0,0.000145,-0.038424,0.7708,-0.0739,0.2657,2,ok
0,2325,1.292828,1.292393,-2.806930,-0.007474,-0.020855,11.482522,0.200108,-0.038761,-0.038761,0.000000,,0,0,0,1,1,0,-0.000580,-0.029165,0.7708,-0.0768,0.2664,3,ok
0,2326,1.273926,1.285789,-2.810665,-0.007899,-0.024590,11.502540,0.200333,-0.067331,-0.067331,0.000000,,0,0,0,1,1,0,-0.000580,-0.029165,0.7708,-0.0768,0.2664,3,ok
0,2327,1.251245,1.277989,-2.805629,-0.008527,-0.019554,11.524518,0.199688,0.156994,0.082669,-0.074324,C-06,0,0,0,1,1,0,-0.002015,-0.030642,0.7292,-0.0963,0.2653,2,ok
0,2328,1.228616,1.270197,-2.798385,-0.009294,-0.016654,11.550388,0.199237,0.107477,0.107477,0.000000,,0,0,0,1,1,0,-0.001569,-0.031349,0.7708,-0.1166,0.2633,2,ok
0,2329,1.209783,1.263477,-2.798490,-0.009702,-0.016759,11.570380,0.200029,-0.010150,-0.010150,0.000000,,0,0,0,1,1,0,-0.001983,-0.024139,0.7708,-0.1195,0.2659,2,ok
0,2330,1.190964,1.256749,-2.793515,-0.010070,-0.014799,11.590380,0.199699,0.095827,0.095827,0.000000,,0,0,0,1,1,0,-0.001592,-0.019902,0.8542,-0.1503,0.2657,3,ok
0,2331,1.168431,1.248676,-2.786691,-0.010484,-0.007974,11.614312,0.199258,0.100931,0.100931,0.000000,,0,0,0,1,1,0,-0.002656,-0.011124,0.8125,-0.1373,0.2635,2,ok
0,2332,1.145957,1.240555,-2.779270,-0.010899,-0.002195,11.638149,0.199115,0.110393,0.110393,0.000000,,0,0,0,1,1,0,-0.005022,-0.001209,0.7708,-0.0955,0.2663,2,ok
0,2333,1.123534,1.232169,-2.775135,-0.011103,0.001941,11.662089,0.199532,0.057930,0.057930,0.000000,,0,0,0,1,1,0,-0.002852,0.010591,0.7917,-0.1398,0.2673,3,ok
0,2334,1.104849,1.225008,-2.779591,-0.011111,-0.002102,11.682104,0.200295,-0.211614,-0.092070,0.119544,C-06,0,0,0,1,1,0,-0.000978,0.016465,0.7708,-0.1886,0.2669,2,ok
0,2335,1.086103,1.217863,-2.792427,-0.011149,-0.014938,11.702165,0.200999,-0.450902,-0.242070,0.208832,C-06,0,0,0,1,1,0,-0.001752,0.019818,0.7292,-0.1840,0.2700,3,ok
0,2336,1.063476,1.209292,-2.811459,-0.011244,-0.033971,11.725504,0.202179,-0.281273,-0.281273,0.000000,,0,0,0,1,1,0,-0.001548,0.010411,0.7500,-0.2118,0.2680,3,ok
0,2337,1.040732,1.201202,-2.821214,-0.011819,-0.043969,11.750499,0.201082,0.167444,-0.131273,-0.298717,C-06,0,0,0,1,1,0,-0.003781,0.007110,0.7083,-0.2171,0.2702,2,ok
0,2338,1.021750,1.194887,-2.820661,-0.012707,-0.043416,11.770484,0.199962,0.105664,0.018727,-0.086937,C-06,0,0,0,1,1,0,-0.007240,-0.007910,0.7917,-0.2106,0.2685,3,ok
0,2339,1.002797,1.188577,-2.811680,-0.013522,-0.031761,11.790501,0.199492,0.222162,0.168727,-0.053435,C-06,0,0,0,1,1,0,-0.007240,-0.007910,0.7917,-0.2106,0.2685,3,ok
0,2340,0.980116,1.180963,-2.805897,-0.014412,-0.025978,11.814410,0.199375,0.078106,0.078106,0.000000,,0,0,0,1,1,0,-0.006393,-0.002638,0.8333,-0.2649,0.2669,2,ok
0,2341,0.957484,1.173267,-2.798475,-0.015228,-0.015589,11.838279,0.199115,0.110803,0.110803,0.000000,,0,0,0,1,1,0,-0.006115,0.007007,0.8125,-0.2666,0.2709,3,ok
0,2342,0.934912,1.165411,-2.791431,-0.015888,-0.008545,11.862171,0.199174,0.103118,0.103118,0.000000,,0,0,0,1,1,0,-0.006533,0.023063,0.7708,-0.2651,0.2658,2,ok
0,2343,0.916120,1.158562,-2.793560,-0.016078,-0.006652,11.882322,0.200136,-0.066822,-0.046882,0.019940,C-06,0,0,0,1,1,0,-0.006136,0.038730,0.7708,-0.2869,0.2647,2,ok
0,2344,0.897286,1.151741,-2.804027,-0.016191,-0.017119,11.902353,0.200611,-0.205957,-0.196882,0.009076,C-06,0,0,0,1,1,0,-0.004853,0.044602,0.7708,-0.3294,0.2627,2,ok
0,2345,0.874570,1.143560,-2.822666,-0.016370,-0.035758,11.924184,0.201728,-0.276726,-0.276726,0.000000,,0,0,0,1,1,0,-0.003703,0.041338,0.7083,-0.3576,0.2635,3,ok
0,2346,0.851743,1.135736,-2.832172,-0.016871,-0.040741,11.950653,0.201037,0.036500,-0.126726,-0.163226,C-06,0,0,0,1,1,0,-0.007116,0.025429,0.7708,-0.3647,0.2680,2,ok
0,2347,0.832692,1.129628,-2.831527,-0.017690,-0.040095,11.970642,0.199938,0.053719,0.023274,-0.030445,C-06,0,0,0,1,1,0,-0.008567,0.019144,0.7917,-0.3861,0.2675,2,ok
0,2348,0.813659,1.123548,-2.826935,-0.018431,-0.028768,11.990711,0.199680,0.084459,0.084459,0.000000,,0,0,0,1,1,0,-0.007130,0.025321,0.8333,-0.4384,0.2666,3,ok
0,2349,0.790851,1.116229,-2.823343,-0.019269,-0.025175,12.014649,0.199603,0.049813,0.049813,0.000000,,0,0,0,1,1,0,-0.010131,0.036544,0.8125,-0.3856,0.2703,3,ok
0,2350,0.768088,1.108861,-2.814566,-0.019935,-0.009611,12.038702,0.199131,0.133978,0.133978,0.000000,,0,0,0,1,1,0,-0.009048,0.046063,0.8333,-0.4199,0.2715,3,ok
0,2351,0.745383,1.101329,-2.808899,-0.020370,-0.003944,12.062620,0.199371,0.078721,0.078721,0.000000,,0,0,0,1,1,0,-0.008308,0.056519,0.8125,-0.4383,0.2719,2,ok
0,2352,0.726473,1.094806,-2.811305,-0.020394,0.002135,12.082820,0.200140,-0.048706,-0.048706,0.000000,,0,0,0,1,1,0,-0.004174,0.076115,0.7917,-0.5311,0.2689,3,ok
0,2353,0.707522,1.088309,-2.821986,-0.020365,-0.008546,12.102854,0.200634,-0.236438,-0.198706,0.037732,C-06,0,0,0,1,1,0,-0.003716,0.081786,0.7500,-0.5461,0.2675,3,ok
0,2354,0.684676,1.080516,-2.838792,-0.020308,-0.015259,12.127189,0.201601,-0.244879,-0.244879,0.000000,,0,0,0,1,1,0,-0.004653,0.080163,0.7500,-0.5524,0.2660,3,ok
0,2355,0.661741,1.073121,-2.846066,-0.020484,-0.022533,12.151287,0.200763,0.357838,-0.094879,-0.452716,C-06,0,0,0,1,1,0,-0.006005,0.082183,0.7917,-0.5710,0.2642,3,ok
0,2356,0.642598,1.067185,-2.849147,-0.020853,-0.025613,12.169684,0.200392,-0.049366,-0.049366,0.000000,,0,0,0,1,1,0,-0.006596,0.077442,0.8125,-0.5929,0.2669,3,ok
0,2357,0.623445,1.061391,-2.849929,-0.021135,-0.015207,12.191550,0.200084,-0.010641,-0.010641,0.000000,,0,0,0,1,1,0,-0.007342,0.083434,0.8125,-0.6036,0.2681,3,ok
0,2358,0.600465,1.054456,-2.847701,-0.021511,-0.012978,12.215550,0.199965,0.034414,0.034414,0.000000,,0,0,0,1,1,0,-0.005064,0.085299,0.8333,-0.6655,0.2705,3,ok
0,2359,0.577510,1.047521,-2.843051,-0.021587,0.003611,12.239827,0.199711,0.068533,0.068533,0.000000,,0,0,0,1,1,0,-0.005383,0.093218,0.7917,-0.6703,0.2716,3,ok
0,2360,0.554590,1.040586,-2.837893,-0.021616,0.008769,12.263773,0.199424,0.073898,0.073898,0.000000,,0,0,0,1,1,0,-0.004911,0.119740,0.7500,-0.6884,0.2710,3,ok
0,2361,0.535496,1.034618,-2.841682,-0.021245,0.018300,12.284044,0.200203,-0.256651,-0.076102,0.180548,C-06,0,0,0,1,1,0,-0.001788,0.135793,0.7708,-0.7602,0.2647,3,ok
0,2362,0.516354,1.028636,-2.854244,-0.020838,0.005737,12.304094,0.200871,-0.350675,-0.226102,0.124573,C-06,0,0,0,1,1,0,-0.001487,0.144727,0.7500,-0.7660,0.2666,3,ok
0,2363,0.493289,1.021459,-2.868930,-0.020200,0.005533,12.328517,0.201645,-0.205781,-0.205781,0.000000,,0,0,0,1,1,0,-0.001433,0.149435,0.6875,-0.7816,0.2652,3,ok
0,2364,0.470160,1.014835,-2.873459,-0.019966,0.001004,12.352575,0.200430,0.458532,-0.055781,-0.514313,C-06,0,0,0,1,1,0,-0.001891,0.152783,0.7292,-0.8082,0.2616,3,ok
0,2365,0.450859,1.009381,-2.879650,-0.019685,0.010859,12.372959,0.200712,-0.108202,-0.108202,0.000000,,0,0,0,1,1,0,-0.003530,0.157152,0.8542,-0.7856,0.2604,3,ok
0,2366,0.431524,1.003946,-2.886454,-0.019254,0.004056,12.393039,0.200874,-0.114025,-0.114025,0.000000,,0,0,0,1,1,0,-0.004064,0.160189,0.7917,-0.7731,0.2601,3,ok
0,2367,0.408286,0.997713,-2.891195,-0.018932,0.017174,12.417405,0.200466,-0.062195,-0.062195,0.000000,,0,0,0,1,1,0,-0.004551,0.166341,0.7708,-0.7581,0.2616,3,ok
0,2368,0.385019,0.991570,-2.896566,-0.018407,0.011803,12.441464,0.200559,-0.075113,-0.075113,0.000000,,0,0,0,1,1,0,-0.003539,0.172533,0.7917,-0.7909,0.2630,3,ok
0,2369,0.361710,0.985484,-2.905894,-0.017810,0.022162,12.465935,0.200953,-0.132366,-0.132366,0.000000,,0,0,0,1,1,0,-0.003641,0.195846,0.7708,-0.7669,0.2581,3,ok
0,2370,0.342228,0.980453,-2.922251,-0.017047,0.005805,12.486042,0.201538,-0.379270,-0.282366,0.096903,C-06,0,0,0,1,1,0,-0.004269,0.204344,0.7292,-0.7480,0.2607,3,ok
0,2371,0.322672,0.975453,-2.938870,-0.016330,-0.010815,12.506214,0.201936,-0.268444,-0.268444,0.000000,,0,0,0,1,1,0,-0.004578,0.209204,0.7083,-0.7570,0.2586,3,ok
0,2372,0.299140,0.970239,-2.948393,-0.015738,0.000586,12.530662,0.200786,0.856710,-0.118444,-0.975154,C-06,0,0,0,1,1,0,-0.005778,0.215228,0.7292,-0.7187,0.2580,3,ok
0,2373,0.275589,0.965575,-2.946613,-0.015685,0.002366,12.554059,0.199992,0.856830,0.031556,-0.825274,C-06,0,0,0,1,1,0,-0.007735,0.214796,0.7708,-0.6493,0.2573,3,ok
0,2374,0.255957,0.961698,-2.953251,-0.015182,0.020154,12.575028,0.200238,-0.199548,-0.118444,0.081104,C-06,0,0,0,1,1,0,-0.006082,0.228745,0.8125,-0.6471,0.2577,3,ok
0,2375,0.236283,0.957821,-2.968986,-0.014703,0.004419,12.595074,0.200777,-0.262912,-0.262912,0.000000,,0,0,0,1,1,0,-0.005060,0.238494,0.8125,-0.6362,0.2531,3,ok
0,2376,0.212599,0.953168,-2.989838,-0.013727,0.008744,12.619522,0.201440,-0.273764,-0.273764,0.000000,,0,0,0,1,1,0,-0.006281,0.235180,0.7917,-0.5864,0.2529,3,ok
0,2377,0.188840,0.948669,-3.010040,-0.012779,-0.011458,12.643685,0.201460,-0.260271,-0.260271,0.000000,,0,0,0,1,1,0,-0.005450,0.243380,0.7917,-0.5862,0.2571,3,ok
0,2378,0.165004,0.944412,-3.041428,-0.011403,-0.015101,12.668284,0.202105,-0.412314,-0.410271,0.002043,C-06,0,0,0,1,1,0,-0.007668,0.236355,0.7708,-0.4793,0.2610,3,ok
0,2379,0.145076,0.940934,-3.073992,-0.010219,-0.047664,12.688479,0.202277,-0.494095,-0.494095,0.000000,,0,0,0,1,1,0,-0.007668,0.236355,0.7708,-0.4793,0.2610,3,ok
0,2380,0.125107,0.938415,-3.098041,-0.009631,-0.041496,12.708853,0.201106,-0.336591,-0.344095,-0.007503,C-06,0,0,0,1,1,0,-0.006920,0.213729,0.7083,-0.4903,0.2651,3,ok
0,2381,0.101122,0.936588,-3.114705,-0.009941,-0.058160,12.732905,0.200381,0.536171,-0.194095,-0.730265,C-06,0,0,0,1,1,0,-0.006673,0.191560,0.7500,-0.4680,0.2609,3,ok
0,2382,0.077129,0.935727,-3.119441,-0.010648,-0.030253,12.757256,0.200053,-0.046728,-0.046728,0.000000,,0,0,0,1,1,0,-0.007445,0.180093,0.8125,-0.4163,0.2587,3,ok
0,2383,0.057132,0.935094,-3.132161,-0.011107,-0.042972,12.777258,0.200090,-0.270251,-0.196728,0.073523,C-06,0,0,0,1,1,0,-0.005050,0.183602,0.8333,-0.4356,0.2608,3,ok
0,2384,0.037132,0.934462,3.139772,-0.011183,-0.021344,12.797659,0.200100,-0.156571,-0.156571,0.000000,,0,0,0,1,1,0,-0.006496,0.179983,0.7917,-0.3802,0.2611,3,ok
0,2385,0.013133,0.933919,3.127508,-0.011112,-0.033608,12.821664,0.200010,-0.144424,-0.144424,0.000000,,0,0,0,1,1,0,-0.006504,0.185176,0.7708,-0.3492,0.2632,3,ok
0,2386,-0.010859,0.933548,3.103982,-0.010740,-0.022439,12.846042,0.199891,-0.350767,-0.294424,0.056343,C-06,0,0,0,1,1,0,-0.003533,0.184035,0.7708,-0.3902,0.2618,3,ok
0,2387,-0.034824,0.933206,3.073258,-0.010031,-0.053163,12.870000,0.199559,-0.379751,-0.379751,0.000000,,0,0,0,1,1,0,-0.004576,0.171670,0.7292,-0.3321,0.2609,3,ok
0,2388,-0.054765,0.933795,3.056940,-0.009897,-0.035680,12.890300,0.199453,0.320389,-0.229751,-0.550139,C-06,0,0,0,1,1,0,-0.002721,0.158361,0.7292,-0.3633,0.2624,3,ok
0,2389,-0.074688,0.935205,3.050899,-0.010305,-0.041721,12.910268,0.199747,1.000000,-0.079751,-1.079751,C-06,0,0,0,1,1,0,-0.005328,0.142259,0.7708,-0.2989,0.2659,3,ok
0,2390,-0.098593,0.937363,3.055662,-0.010902,-0.004709,12.934633,0.200086,0.280897,0.070249,-0.210647,C-06,0,0,0,1,1,0,-0.004996,0.143289,0.7917,-0.3089,0.2611,3,ok
0,2391,-0.122500,0.939423,3.050057,-0.010935,-0.010313,12.958628,0.199901,-0.238097,-0.079751,0.158346,C-06,0,0,0,1,1,0,-0.002858,0.160114,0.8333,-0.2805,0.2622,3,ok
0,2392,-0.142403,0.941132,3.035721,-0.010699,0.006021,12.978928,0.199631,-0.245727,-0.229751,0.015976,C-06,0,0,0,1,1,0,-0.001147,0.159299,0.8125,-0.2764,0.2648,3,ok
0,2393,-0.162275,0.942842,3.020638,-0.010129,-0.009062,12.998865,0.199294,-0.278705,-0.278705,0.000000,,0,0,0,1,1,0,-0.000364,0.155627,0.7917,-0.2744,0.2651,3,ok
0,2394,-0.186063,0.944900,2.996688,-0.009285,-0.004810,13.022987,0.198715,-0.311280,-0.311280,0.000000,,0,0,0,1,1,0,-0.000525,0.152324,0.7500,-0.2628,0.2628,3,ok
0,2395,-0.209771,0.947414,2.974478,-0.008427,-0.027020,13.046813,0.198601,-0.288406,-0.288406,0.000000,,0,0,0,1,1,0,-0.000267,0.132459,0.7500,-0.2511,0.2687,3,ok
0,2396,-0.233406,0.950797,2.959860,-0.008239,-0.015689,13.070914,0.198972,-0.185540,-0.185540,0.000000,,0,0,0,1,1,0,-0.001726,0.116803,0.7292,-0.2227,0.2647,3,ok
0,2397,-0.253070,0.954288,2.956869,-0.008380,-0.018680,13.090885,0.199786,1.000000,-0.035540,-1.035540,C-06,0,0,0,1,1,0,-0.002108,0.108680,0.7708,-0.2060,0.2713,3,ok
0,2398,-0.272740,0.957955,2.963207,-0.008694,-0.012342,13.110385,0.200218,0.740395,0.114460,-0.625935,C-06,0,0,0,1,1,0,-0.001136,0.106613,0.8125,-0.2086,0.2653,3,ok
0,2399,-0.296356,0.962212,2.961296,-0.008372,0.009216,13.135082,0.199919,-0.304568,-0.035540,0.269028,C-06,0,0,0,1,1,0,-0.000100,0.113038,0.8125,-0.1943,0.2697,3,ok
0,2400,-0.319941,0.966458,2.948277,-0.008059,-0.003803,13.157748,0.199463,-0.450921,-0.185540,0.265381,C-06,0,0,0,1,1,0,0.001347,0.121847,0.8125,-0.1680,0.2648,3,ok
0,2401,-0.339537,0.969997,2.931927,-0.007316,0.001334,13.179130,0.198832,-0.271011,-0.271011,0.000000,,0,0,0,1,1,0,0.002257,0.116663,0.7708,-0.1759,0.2654,3,ok
0,2402,-0.359067,0.973579,2.917062,-0.006663,-0.013531,13.198976,0.198471,-0.240030,-0.240030,0.000000,,0,0,0,1,1,0,0.001619,0.110562,0.7917,-0.1543,0.2624,3,ok
0,2403,-0.382416,0.978227,2.899136,-0.005930,-0.011753,13.222885,0.198353,-0.245969,-0.245969,0.000000,,0,0,0,1,1,0,-0.000220,0.101252,0.7917,-0.1121,0.2646,3,ok
0,2404,-0.405648,0.983187,2.876189,-0.005421,-0.034700,13.246635,0.197755,-0.324813,-0.324813,0.000000,,0,0,0,1,1,0,0.000956,0.092512,0.7083,-0.1286,0.2636,3,ok
0,2405,-0.428764,0.989013,2.863164,-0.005480,-0.029733,13.270569,0.198708,0.896449,-0.174813,-1.071262,C-06,0,0,0,1,1,0,0.003453,0.063565,0.7292,-0.1899,0.2591,3,ok
0,2406,-0.447986,0.994433,2.860981,-0.005996,-0.031916,13.290534,0.199809,1.000000,-0.024813,-1.024813,C-06,0,0,0,1,1,0,-0.000474,0.053558,0.7917,-0.1244,0.2658,3,ok
0,2407,-0.467220,0.999969,2.867601,-0.006446,-0.008886,13.310657,0.200333,0.702824,0.125187,-0.577637,C-06,0,0,0,1,1,0,0.000109,0.050051,0.8542,-0.1272,0.2654,3,ok
0,2408,-0.490323,1.006462,2.866468,-0.006610,-0.010019,13.334654,0.199922,-0.032949,-0.024813,0.008137,C-06,0,0,0,1,1,0,0.000269,0.056486,0.7708,-0.1078,0.2668,3,ok
0,2409,-0.513436,1.012982,2.871920,-0.006662,0.010558,13.358763,0.200274,0.083451,0.083451,0.000000,,0,0,0,1,1,0,0.001148,0.064876,0.8333,-0.0998,0.2653,3,ok
0,2410,-0.532721,1.018403,2.874601,-0.006519,0.013238,13.378795,0.200323,0.042152,0.042152,0.000000,,0,0,0,1,1,0,0.001279,0.071947,0.7917,-0.0701,0.2677,3,ok
0,2411,-0.551999,1.023685,2.868965,-0.006246,0.007603,13.397395,0.199718,-0.230405,-0.107848,0.122557,C-06,0,0,0,1,1,0,0.001270,0.077855,0.8333,-0.0324,0.2692,3,ok
0,2412,-0.575059,1.030013,2.851565,-0.005541,0.004099,13.422779,0.198814,-0.499899,-0.257848,0.242051,C-06,0,0,0,1,1,0,0.004628,0.074439,0.7500,-0.0902,0.2673,3,ok
0,2413,-0.597962,1.036340,2.823839,-0.004903,-0.023627,13.446015,0.197247,-0.421675,-0.407848,0.013828,C-06,0,0,0,1,1,0,0.004014,0.074717,0.7500,-0.0668,0.2688,3,ok
0,2414,-0.620689,1.043250,2.805517,-0.004605,-0.030128,13.470337,0.197999,1.000000,-0.257848,-1.257848,C-06,0,0,0,1,1,0,0.000275,0.046699,0.7500,-0.0230,0.2653,3,ok
0,2415,-0.639546,1.049624,2.798763,-0.004974,-0.036881,13.490239,0.199138,1.000000,-0.107848,-1.107848,C-06,0,0,0,1,1,0,-0.000233,0.029238,0.7708,-0.0417,0.2670,3,ok
0,2416,-0.658386,1.056334,2.800635,-0.005495,-0.023789,13.510289,0.200121,0.575045,0.042152,-0.532893,C-06,0,0,0,1,1,0,-0.001653,0.019780,0.8542,-0.0175,0.2650,3,ok
0,2417,-0.681051,1.064359,2.813080,-0.006019,-0.011343,13.534327,0.200723,0.355103,0.192152,-0.162951,C-06,0,0,0,1,1,0,-0.000986,0.017712,0.8125,-0.0260,0.2661,2,ok
0,2418,-0.703816,1.072380,2.825931,-0.006391,0.011083,13.558509,0.201493,0.185705,0.185705,0.000000,,0,0,0,1,1,0,-0.000717,0.027691,0.8125,0.0243,0.2650,3,ok
0,2419,-0.722848,1.078803,2.832047,-0.006375,0.017199,13.578595,0.200801,0.098428,0.098428,0.000000,,0,0,0,1,1,0,0.001992,0.039970,0.7917,0.0027,0.2654,3,ok
0,2420,-0.741914,1.085096,2.837610,-0.006156,0.031375,13.598740,0.200774,0.095472,0.095472,0.000000,,0,0,0,1,1,0,0.003067,0.047202,0.7917,0.0196,0.2654,3,ok
0,2421,-0.764805,1.092294,2.834522,-0.005374,0.028287,13.622724,0.199819,-0.308096,-0.054528,0.253568,C-06,0,0,0,1,1,0,0.003549,0.059547,0.7500,0.0350,0.2670,3,ok
0,2422,-0.787636,1.099503,2.821156,-0.004585,0.022216,13.646687,0.199142,-0.419148,-0.204528,0.214619,C-06,0,0,0,1,1,0,0.003397,0.060236,0.7292,0.0595,0.2672,3,ok
0,2423,-0.810396,1.106940,2.816780,-0.003905,0.017840,13.670621,0.199564,0.978662,-0.054528,-1.033190,C-06,0,0,0,1,1,0,0.004468,0.043605,0.7500,0.0584,0.2686,3,ok
0,2424,-0.829364,1.113317,2.821627,-0.003506,0.022687,13.690578,0.200286,1.000000,0.095472,-0.904528,C-06,0,0,0,1,1,0,0.004993,0.041125,0.7708,0.0615,0.2655,3,ok
0,2425,-0.848343,1.119612,2.819110,-0.002901,0.026670,13.710636,0.199849,-0.161224,-0.054528,0.106696,C-06,0,0,0,1,1,0,0.006293,0.043207,0.8333,0.0724,0.2651,3,ok
0,2426,-0.871058,1.127190,2.805869,-0.002218,0.013429,13.734572,0.199160,-0.413455,-0.204528,0.208926,C-06,0,0,0,1,1,0,0.005075,0.043734,0.8333,0.1135,0.2674,3,ok
0,2427,-0.893659,1.134772,2.791116,-0.001497,0.003967,13.758410,0.198292,-0.217041,-0.217041,0.000000,,0,0,0,1,1,0,0.005942,0.027138,0.7917,0.1092,0.2679,3,ok
0,2428,-0.912426,1.141501,2.786722,-0.001283,-0.000426,13.778346,0.199459,-0.019036,-0.067041,-0.048004,C-06,0,0,0,1,1,0,0.005823,0.011842,0.8125,0.1006,0.2637,3,ok
0,2429,-0.931148,1.148337,2.777132,-0.001153,-0.006268,13.798281,0.199019,-0.178256,-0.178256,0.000000,,0,0,0,1,1,0,0.004526,0.006107,0.7708,0.1325,0.2660,3,ok
0,2430,-0.953483,1.156584,2.755907,-0.001032,-0.027493,13.822089,0.197719,-0.335145,-0.328256,0.006889,C-06,0,0,0,1,1,0,0.006463,0.002091,0.7708,0.0867,0.2670,3,ok
0,2431,-0.975661,1.165281,2.743436,-0.001355,-0.036859,13.845915,0.198596,0.340966,-0.178256,-0.519222,C-06,0,0,0,1,1,0,0.003231,-0.008487,0.7708,0.1445,0.2660,3,ok
0,2432,-0.997770,1.174528,2.741076,-0.002132,-0.039219,13.869868,0.199774,1.000000,-0.028256,-1.028256,C-06,0,0,0,1,1,0,0.000975,-0.042825,0.7917,0.1445,0.2654,2,ok
0,2433,-1.016209,1.182324,2.747223,-0.002859,-0.033072,13.888883,0.200419,0.645711,0.121744,-0.523967,C-06,0,0,0,1,1,0,-0.002627,-0.047652,0.8333,0.1935,0.2685,3,ok
0,2434,-1.034726,1.190093,2.761618,-0.003547,-0.016612,13.909941,0.201262,0.449463,0.271744,-0.177719,C-06,0,0,0,1,1,0,-0.001930,-0.045726,0.8125,0.1924,0.2685,3,ok
0,2435,-1.057054,1.199224,2.770265,-0.004155,-0.007965,13.934056,0.201006,0.073417,0.121744,0.048327,C-06,0,0,0,1,1,0,-0.001930,-0.045726,0.8125,0.1924,0.2685,3,ok
0,2436,-1.079416,1.207940,2.769464,-0.004304,-0.007883,13.958070,0.199933,-0.017857,-0.017857,0.000000,,0,0,0,1,1,0,-0.000387,-0.027528,0.8125,0.2175,0.2641,2,ok
0,2437,-1.098048,1.215204,2.769590,-0.004419,-0.007757,13.978066,0.199982,0.003764,0.003764,0.000000,,0,0,0,1,1,0,-0.001574,-0.031261,0.7708,0.2607,0.2706,3,ok
0,2438,-1.116655,1.222473,2.762183,-0.004553,-0.015500,13.998040,0.199523,-0.314485,-0.146236,0.168249,C-06,0,0,0,1,1,0,-0.002441,-0.034976,0.7500,0.2936,0.2719,3,ok
0,2439,-1.138867,1.231207,2.743276,-0.004776,-0.034407,14.021906,0.198256,-0.297365,-0.296236,0.001129,C-06,0,0,0,1,1,0,-0.001925,-0.038659,0.7083,0.2587,0.2676,2,ok
0,2440,-1.160939,1.240262,2.733248,-0.005363,-0.045187,14.045745,0.198852,0.077849,-0.146236,-0.224085,C-06,0,0,0,1,1,0,-0.005116,-0.053255,0.7500,0.3078,0.2678,2,ok
0,2441,-1.182963,1.249785,2.733084,-0.006441,-0.045351,14.069716,0.200015,0.168203,0.003764,-0.164439,C-06,0,0,0,1,1,0,-0.009287,-0.079695,0.7708,0.3512,0.2742,2,ok
0,2442,-1.201346,1.257730,2.740857,-0.007337,-0.037578,14.089238,0.200528,0.201804,0.153764,-0.048040,C-06,0,0,0,1,1,0,-0.010418,-0.085697,0.8125,0.3706,0.2736,2,ok
0,2443,-1.219784,1.265667,2.746505,-0.008230,-0.034441,14.109767,0.200806,0.099057,0.099057,0.000000,,0,0,0,1,1,0,-0.007486,-0.087486,0.8125,0.3166,0.2679,2,ok
0,2444,-1.241985,1.275127,2.757877,-0.009213,-0.023069,14.133879,0.201462,0.177338,0.177338,0.000000,,0,0,0,1,1,0,-0.009872,-0.083786,0.8333,0.3725,0.2674,2,ok
0,2445,-1.264302,1.284507,2.772264,-0.010133,-0.012559,14.158044,0.201829,0.218301,0.218301,0.000000,,0,0,0,1,1,0,-0.012020,-0.075823,0.7917,0.4457,0.2655,2,ok
0,2446,-1.282991,1.292063,2.782944,-0.010637,-0.001879,14.178197,0.201574,0.188066,0.188066,0.000000,,0,0,0,1,1,0,-0.011461,-0.072584,0.7500,0.4655,0.2659,2,ok
0,2447,-1.301747,1.299340,2.790932,-0.010902,0.000918,14.198251,0.201153,0.138643,0.138643,0.000000,,0,0,0,1,1,0,-0.007887,-0.068728,0.7500,0.3956,0.2648,2,ok
0,2448,-1.324323,1.307866,2.799974,-0.011086,0.009961,14.222382,0.201101,0.132545,0.132545,0.000000,,0,0,0,1,1,0,-0.008953,-0.061856,0.7500,0.4450,0.2630,2,ok
0,2449,-1.346964,1.316123,2.806862,-0.011036,0.010396,14.246399,0.200809,0.098153,0.098153,0.000000,,0,0,0,1,1,0,-0.008605,-0.060219,0.7292,0.4745,0.2649,2,ok
0,2450,-1.369654,1.324181,2.812267,-0.010924,0.015801,14.270476,0.200637,0.077725,0.077725,0.000000,,0,0,0,1,1,0,-0.009756,-0.063257,0.7083,0.5061,0.2659,2,ok
0,2451,-1.388584,1.330700,2.813818,-0.010638,0.017352,14.290496,0.200183,0.022595,0.022595,0.000000,,0,0,0,1,1,0,-0.006980,-0.071364,0.7708,0.5020,0.2656,2,ok
0,2452,-1.407531,1.337194,2.817487,-0.010484,0.013156,14.310432,0.200389,0.066660,0.066660,0.000000,,0,0,0,1,1,0,-0.005061,-0.077774,0.7917,0.4839,0.2667,2,ok
0,2453,-1.430311,1.344987,2.825778,-0.010301,0.021447,14.334508,0.200872,0.123893,0.123893,0.000000,,0,0,0,1,1,0,-0.005176,-0.080866,0.7708,0.5087,0.2664,2,ok
0,2454,-1.453152,1.352689,2.833242,-0.010127,0.018908,14.358535,0.200866,0.106224,0.106224,0.000000,,0,0,0,1,1,0,-0.004863,-0.085110,0.7917,0.5302,0.2653,2,ok
0,2455,-1.472236,1.359031,2.842544,-0.009947,0.028210,14.378644,0.201336,0.164713,0.164713,0.000000,,0,0,0,1,1,0,-0.003637,-0.089558,0.8125,0.5294,0.2645,2,ok
0,2456,-1.491372,1.365217,2.850550,-0.009646,0.025175,14.398657,0.201085,0.134346,0.134346,0.000000,,0,0,0,1,1,0,-0.001457,-0.088299,0.8125,0.5114,0.2643,2,ok
0,2457,-1.514396,1.372464,2.860748,-0.009285,0.035374,14.422793,0.201162,0.145099,0.145099,0.000000,,0,0,0,1,1,0,-0.001457,-0.088299,0.8125,0.5114,0.2643,2,ok
0,2458,-1.537492,1.379516,2.871843,-0.008716,0.046468,14.445846,0.201240,0.156596,0.156596,0.000000,,0,0,0,1,1,0,0.001797,-0.086435,0.7708,0.4843,0.2616,2,ok
0,2459,-1.560671,1.386419,2.887130,-0.008394,0.048867,14.470974,0.201702,0.216439,0.216439,0.000000,,0,0,0,1,1,0,0.007924,-0.103985,0.7500,0.4271,0.2548,2,ok
0,2460,-1.580057,1.391939,2.899296,-0.007868,0.061033,14.491123,0.201542,0.200794,0.200794,0.000000,,0,0,0,1,1,0,0.007697,-0.101452,0.7292,0.4507,0.2577,2,ok
0,2461,-1.599489,1.396992,2.905686,-0.007055,0.052027,14.511088,0.200721,0.097989,0.097989,0.000000,,0,0,0,1,1,0,0.008215,-0.098837,0.7708,0.4420,0.2591,2,ok
0,2462,-1.622843,1.402873,2.912652,-0.005995,0.058993,14.535148,0.200690,0.095270,0.095270,0.000000,,0,0,0,1,1,0,0.009827,-0.097823,0.8125,0.4337,0.2610,2,ok
0,2463,-1.646251,1.408664,2.925898,-0.005004,0.053872,14.559146,0.201212,0.187055,0.187055,0.000000,,0,0,0,1,1,0,0.012899,-0.107165,0.7917,0.3834,0.2611,2,ok
0,2464,-1.665807,1.413323,2.935004,-0.004222,0.062978,14.579234,0.201005,0.144149,0.144149,0.000000,,0,0,0,1,1,0,0.014238,-0.104676,0.7917,0.3678,0.2619,2,ok
0,2465,-1.685390,1.417593,2.939010,-0.003057,0.066984,14.599243,0.200391,0.058550,0.058550,0.000000,,0,0,0,1,1,0,0.015450,-0.116203,0.7500,0.3430,0.2614,2,ok
0,2466,-1.708887,1.422433,2.933024,-0.001811,0.041248,14.623143,0.199768,-0.107453,-0.091450,0.016003,C-06,0,0,0,1,1,0,0.014641,-0.121481,0.7708,0.3708,0.2681,2,ok
0,2467,-1.732367,1.427403,2.933470,-0.000750,0.041693,14.647120,0.200027,0.010311,0.010311,0.000000,,0,0,0,1,1,0,0.013753,-0.129642,0.7292,0.3565,0.2663,2,ok
0,2468,-1.755870,1.432378,2.942430,-0.000092,0.026633,14.671123,0.200366,0.128745,0.128745,0.000000,,0,0,0,1,1,0,0.010919,-0.148556,0.7083,0.3679,0.2670,2,ok
0,2469,-1.775486,1.436525,2.948556,0.000304,0.032759,14.691169,0.200604,0.096084,0.096084,0.000000,,0,0,0,1,1,0,0.011757,-0.146928,0.7708,0.3455,0.2630,2,ok
0,2470,-1.795131,1.440671,2.957393,0.000628,0.014277,14.711258,0.200923,0.144840,0.144840,0.000000,,0,0,0,1,1,0,0.008777,-0.145576,0.7708,0.3853,0.2679,2,ok
0,2471,-1.818748,1.445521,2.968236,0.000680,0.025120,14.735368,0.200901,0.143441,0.143441,0.000000,,0,0,0,1,1,0,0.008317,-0.142059,0.8125,0.3712,0.2671,2,ok
0,2472,-1.842416,1.450209,2.982221,0.000901,0.039105,14.759495,0.201132,0.186266,0.186266,0.000000,,0,0,0,1,1,0,0.007562,-0.138877,0.8333,0.3755,0.2647,2,ok
0,2473,-1.862177,1.453803,2.991601,0.000783,0.017270,14.779611,0.200818,0.143189,0.143189,0.000000,,0,0,0,1,1,0,0.007788,-0.133696,0.7917,0.3417,0.2639,2,ok
0,2474,-1.881965,1.457190,3.000390,0.000804,0.026059,14.799687,0.200744,0.136196,0.136196,0.000000,,0,0,0,1,1,0,0.006400,-0.135362,0.8125,0.3584,0.2651,2,ok
0,2475,-1.905747,1.461102,3.013125,0.000708,0.008004,14.823817,0.200863,0.165629,0.165629,0.000000,,0,0,0,1,1,0,0.006733,-0.131731,0.7917,0.3400,0.2622,2,ok
0,2476,-1.929580,1.464883,3.035024,0.000198,0.029904,14.847942,0.201323,0.288460,0.288460,0.000000,,0,0,0,1,1,0,0.005435,-0.128789,0.7500,0.3531,0.2638,2,ok
0,2477,-1.953465,1.468237,3.052866,0.000117,0.047746,14.870195,0.200926,0.219252,0.219252,0.000000,,0,0,0,1,1,0,0.006060,-0.118879,0.7500,0.3402,0.2655,2,ok
0,2478,-1.973399,1.470717,3.067621,-0.000499,0.033082,14.892145,0.200826,0.220180,0.220180,0.000000,,0,0,0,1,1,0,0.002874,-0.106523,0.7083,0.4178,0.2669,2,ok
0,2479,-1.993357,1.473032,3.086774,-0.000877,0.052235,14.912233,0.200970,0.287735,0.287735,0.000000,,0,0,0,1,1,0,0.005650,-0.097602,0.7500,0.3688,0.2648,2,ok
0,2480,-2.017328,1.474894,3.098539,-0.000691,0.037524,14.936260,0.200321,0.122400,0.137735,0.015336,C-06,0,0,0,1,1,0,0.007350,-0.086128,0.8125,0.3396,0.2619,3,ok
0,2481,-2.041308,1.476165,3.103680,-0.000182,0.042664,14.960268,0.200103,0.057437,0.057437,0.000000,,0,0,0,1,1,0,0.006117,-0.078572,0.8333,0.4070,0.2691,3,ok
0,2482,-2.061296,1.477152,3.110234,0.000255,0.026198,14.980279,0.200143,0.098164,0.098164,0.000000,,0,0,0,1,1,0,0.008548,-0.080149,0.7708,0.3606,0.2683,2,ok
0,2483,-2.081288,1.478066,3.116096,0.000494,0.032060,15.000290,0.200119,0.083541,0.083541,0.000000,,0,0,0,1,1,0,0.008469,-0.078774,0.7917,0.3654,0.2657,2,ok
0,2484,-2.105282,1.478928,3.121381,0.001015,0.037345,15.024294,0.200069,0.061731,0.061731,0.000000,,0,0,0,1,1,0,0.008807,-0.076919,0.7917,0.3598,0.2665,3,ok
0,2485,-2.129275,1.479430,3.114744,0.001518,0.012133,15.048310,0.199971,-0.139316,-0.088269,0.051047,C-06,0,0,0,1,1,0,0.007860,-0.078362,0.7917,0.3907,0.2681,3,ok
0,2486,-2.153266,1.480005,3.112925,0.001860,0.010314,15.072305,0.199980,-0.018313,-0.018313,0.000000,,0,0,0,1,1,0,0.008988,-0.096707,0.7292,0.3453,0.2670,2,ok
0,2487,-2.173260,1.480534,3.121266,0.001903,0.001522,15.092338,0.200027,0.315603,0.131687,-0.183916,C-06,0,0,0,1,1,0,0.007520,-0.112001,0.6875,0.3709,0.2632,2,ok
0,2488,-2.193258,1.481064,3.139997,0.001794,0.020253,15.112343,0.200070,0.296700,0.281687,-0.015014,C-06,0,0,0,1,1,0,0.006332,-0.112825,0.8125,0.3959,0.2693,2,ok
0,2489,-2.217258,1.481631,-3.130649,0.001733,0.032792,15.133328,0.200024,0.138239,0.138239,0.000000,,0,0,0,1,1,0,0.008233,-0.101197,0.7917,0.3731,0.2650,2,ok
0,2490,-2.241255,1.481728,-3.123058,0.001676,0.022741,15.160377,0.199967,0.087706,0.087706,0.000000,,0,0,0,1,1,0,0.009379,-0.087852,0.8333,0.3660,0.2639,2,ok
0,2491,-2.261250,1.481700,-3.115838,0.001781,0.029961,15.180371,0.199937,0.104908,0.104908,0.000000,,0,0,0,1,1,0,0.009464,-0.087036,0.8125,0.3640,0.2612,2,ok
0,2492,-2.281241,1.481585,-3.107506,0.001743,0.021077,15.200390,0.199895,0.120906,0.120906,0.000000,,0,0,0,1,1,0,0.007893,-0.080784,0.8125,0.4084,0.2660,2,ok
0,2493,-2.305223,1.481247,-3.097318,0.001804,0.031266,15.224374,0.199844,0.123293,0.123293,0.000000,,0,0,0,1,1,0,0.009363,-0.088726,0.7917,0.3809,0.2645,2,ok
0,2494,-2.329199,1.480218,-3.098677,0.002351,0.012659,15.248408,0.200014,-0.107527,-0.026707,0.080820,C-06,0,0,0,1,1,0,0.008903,-0.087341,0.7708,0.3975,0.2663,2,ok
0,2495,-2.353183,1.479148,-3.111679,0.002687,-0.000343,15.272413,0.200105,-0.167295,-0.167295,0.000000,,0,0,0,1,1,0,0.008856,-0.096200,0.7083,0.3960,0.2653,2,ok
0,2496,-2.373175,1.478488,-3.113611,0.002735,-0.002275,15.289856,0.200021,0.323533,-0.017295,-0.340828,C-06,0,0,0,1,1,0,0.006510,-0.112083,0.7292,0.4079,0.2687,2,ok
0,2497,-2.393165,1.477883,-3.105348,0.002338,-0.011662,15.312458,0.199963,0.197084,0.132705,-0.064379,C-06,0,0,0,1,1,0,0.005253,-0.122420,0.7292,0.4177,0.2666,2,ok
0,2498,-2.417144,1.477159,-3.094843,0.001915,-0.001158,15.336445,0.199877,0.126881,0.126881,0.000000,,0,0,0,1,1,0,0.002792,-0.130475,0.7917,0.4508,0.2680,2,ok
0,2499,-2.441110,1.476435,-3.082641,0.001174,-0.006663,15.360442,0.199750,0.150007,0.150007,0.000000,,0,0,0,1,1,0,0.002664,-0.122795,0.8333,0.4603,0.2676,2,ok
0,2500,-2.461068,1.475817,-3.070141,0.000491,0.005838,15.380397,0.199615,0.187581,0.187581,0.000000,,0,0,0,1,1,0,0.004298,-0.118779,0.8333,0.4138,0.2660,3,ok
0,2501,-2.481009,1.474879,-3.059900,0.000012,-0.001584,15.400358,0.199615,0.149107,0.149107,0.000000,,0,0,0,1,1,0,0.004087,-0.115956,0.7917,0.4231,0.2638,2,ok
0,2502,-2.504917,1.473480,-3.047646,-0.000610,0.010669,15.424299,0.199540,0.153252,0.153252,0.000000,,0,0,0,1,1,0,0.003691,-0.114591,0.8125,0.4338,0.2659,2,ok
0,2503,-2.528795,1.471840,-3.033858,-0.000988,0.024458,15.446513,0.199407,0.174675,0.174675,0.000000,,0,0,0,1,1,0,0.004401,-0.111070,0.7708,0.4188,0.2627,2,ok
0,2504,-2.552639,1.469826,-3.021159,-0.001393,0.019484,15.472140,0.199380,0.160305,0.160305,0.000000,,0,0,0,1,1,0,0.002054,-0.105975,0.7917,0.4786,0.2682,2,ok
0,2505,-2.572480,1.467930,-3.010146,-0.001488,0.030498,15.492072,0.199290,0.169903,0.169903,0.000000,,0,0,0,1,1,0,0.003128,-0.099563,0.7500,0.4623,0.2663,2,ok
0,2506,-2.592294,1.465772,-3.000025,-0.001573,0.022889,15.511975,0.199295,0.155466,0.155466,0.000000,,0,0,0,1,1,0,0.001452,-0.090904,0.7292,0.4796,0.2742,2,ok
0,2507,-2.616031,1.462962,-2.986413,-0.001598,0.036502,15.535877,0.199136,0.177844,0.177844,0.000000,,0,0,0,1,1,0,0.003993,-0.093765,0.7917,0.4528,0.2645,2,ok
0,2508,-2.639736,1.459366,-2.983601,-0.000995,0.022100,15.559826,0.199850,0.021600,0.027844,0.006244,C-06,0,0,0,1,1,0,0.005582,-0.087036,0.7917,0.4520,0.2681,2,ok
0,2509,-2.659483,1.456314,-2.981164,-0.000653,0.024538,15.579805,0.199788,0.039026,0.039026,0.000000,,0,0,0,1,1,0,0.005582,-0.087036,0.7917,0.4520,0.2681,2,ok
0,2510,-2.679210,1.453247,-2.970105,-0.000293,0.035596,15.599765,0.199461,0.205188,0.189026,-0.016162,C-06,0,0,0,1,1,0,0.003804,-0.092970,0.8542,0.4989,0.2672,2,ok
0,2511,-2.702844,1.449382,-2.964003,-0.000036,0.022904,15.623708,0.199576,0.073665,0.073665,0.000000,,0,0,0,1,1,0,0.005460,-0.092389,0.7917,0.4792,0.2693,2,ok
0,2512,-2.726451,1.445422,-2.956603,0.000260,0.030304,15.647643,0.199417,0.099394,0.099394,0.000000,,0,0,0,1,1,0,0.004405,-0.099008,0.8125,0.5151,0.2639,2,ok
0,2513,-2.750047,1.441023,-2.959728,0.000721,0.009380,15.671648,0.200119,-0.132867,-0.050606,0.082261,C-06,0,0,0,1,1,0,0.004857,-0.107447,0.7292,0.5090,0.2612,2,ok
0,2514,-2.769724,1.437337,-2.963458,0.001015,0.005650,15.691665,0.200249,-0.059954,-0.059954,0.000000,,0,0,0,1,1,0,0.006198,-0.113664,0.7083,0.4619,0.2606,2,ok
0,2515,-2.789399,1.433789,-2.958430,0.001083,-0.008297,15.711684,0.199825,0.156074,0.090046,-0.066027,C-06,0,0,0,1,1,0,0.001974,-0.128214,0.7083,0.5243,0.2739,2,ok
0,2516,-2.812980,1.429542,-2.950117,0.000704,0.000017,15.735641,0.199524,0.112111,0.112111,0.000000,,0,0,0,1,1,0,-0.005177,-0.133614,0.7708,0.6660,0.2726,2,ok
0,2517,-2.836523,1.425269,-2.942315,0.000357,0.007819,15.759566,0.199358,0.103882,0.103882,0.000000,,0,0,0,1,1,0,-0.002645,-0.131010,0.7917,0.6465,0.2651,2,ok
0,2518,-2.856110,1.421639,-2.933296,-0.000125,-0.001949,15.779486,0.199069,0.148796,0.148796,0.000000,,0,0,0,1,1,0,-0.001746,-0.131914,0.7917,0.6288,0.2717,2,ok
0,2519,-2.875656,1.417931,-2.922844,-0.000531,0.008503,15.799376,0.198899,0.171516,0.171516,0.000000,,0,0,0,1,1,0,-0.001676,-0.127739,0.8125,0.6219,0.2681,2,ok
0,2520,-2.899061,1.413061,-2.914202,-0.000846,-0.003010,15.823266,0.199232,0.114119,0.114119,0.000000,,0,0,0,1,1,0,-0.003851,-0.125853,0.8125,0.6859,0.2666,2,ok
0,2521,-2.922419,1.407988,-2.905538,-0.001258,0.005654,15.847165,0.199183,0.118886,0.118886,0.000000,,0,0,0,1,1,0,-0.004969,-0.132943,0.7917,0.7324,0.2684,2,ok
0,2522,-2.945721,1.402782,-2.893654,-0.001629,-0.001512,15.871013,0.198840,0.166580,0.166580,0.000000,,0,0,0,1,1,0,-0.009004,-0.135268,0.7917,0.8409,0.2718,2,ok
0,2523,-2.965081,1.398318,-2.882107,-0.002049,0.010036,15.890877,0.198621,0.194487,0.194487,0.000000,,0,0,0,1,1,0,-0.005005,-0.135351,0.7500,0.7504,0.2615,2,ok
0,2524,-2.984386,1.393559,-2.872481,-0.002169,0.019662,15.910760,0.198843,0.158448,0.158448,0.000000,,0,0,0,1,1,0,-0.004489,-0.135346,0.7292,0.7636,0.2606,2,ok
0,2525,-3.007517,1.387216,-2.871251,-0.002096,-0.000206,15.934695,0.199936,-0.065484,0.008448,0.073931,C-06,0,0,0,1,1,0,-0.008616,-0.134107,0.7292,0.8546,0.2735,2,ok
0,2526,-3.030657,1.380825,-2.875457,-0.002140,-0.004411,15.958702,0.200164,-0.062781,-0.062781,0.000000,,0,0,0,1,1,0,-0.009101,-0.149120,0.7292,0.8826,0.2799,2,ok
0,2527,-3.049943,1.375565,-2.870849,-0.002393,-0.020564,15.978650,0.199767,0.121246,0.087219,-0.034026,C-06,0,0,0,1,1,0,-0.013021,-0.153161,0.8125,0.9996,0.2698,2,ok
0,2528,-3.069185,1.370309,-2.859443,-0.002844,-0.009157,15.998592,0.199188,0.203414,0.203414,0.000000,,0,0,0,1,1,0,-0.015139,-0.170175,0.8333,1.0588,0.2685,2,ok
0,2529,-3.092180,1.364002,-2.842686,-0.003359,0.007599,16.022430,0.198270,0.240045,0.240045,0.000000,,0,0,0,1,1,0,-0.011218,-0.170640,0.7708,0.9895,0.2765,2,ok
0,2530,-3.115051,1.357549,-2.824441,-0.004263,0.003420,16.046096,0.197987,0.263833,0.263833,0.000000,,0,0,0,1,1,0,-0.017083,-0.168655,0.8125,1.1574,0.2767,2,ok
0,2531,-3.137751,1.350764,-2.796816,-0.004806,0.031044,16.069782,0.196859,0.451317,0.413833,-0.037484,C-06,0,0,0,1,1,0,-0.013998,-0.177224,0.7917,1.0912,0.2622,2,ok
0,2532,-3.156519,1.344507,-2.781190,-0.004939,0.023842,16.089462,0.197933,-0.011103,0.263833,0.274937,C-06,0,0,0,1,1,0,-0.012044,-0.163846,0.7500,1.1172,0.2626,2,ok
0,2533,-3.175207,1.337672,-2.774120,-0.004625,0.030912,16.109358,0.199088,-0.235420,0.113833,0.349253,C-06,0,0,0,1,1,0,-0.015084,-0.154932,0.7292,1.2519,0.2744,2,ok
0,2534,-3.197609,1.329063,-2.775866,-0.003977,0.004666,16.133247,0.200131,-0.231577,-0.036167,0.195410,C-06,0,0,0,1,1,0,-0.011956,-0.156800,0.7292,1.2157,0.2653,2,ok
0,2535,-3.220033,1.320434,-2.778446,-0.003797,0.002087,16.157274,0.200302,-0.038511,-0.038511,0.000000,,0,0,0,1,1,0,-0.013149,-0.185067,0.7292,1.2495,0.2645,2,ok
0,2536,-3.238711,1.313326,-2.772835,-0.003722,0.007697,16.177258,0.199638,0.352128,0.111489,-0.240640,C-06,0,0,0,1,1,0,-0.011478,-0.208711,0.7708,1.2471,0.2556,2,ok
0,2537,-3.257319,1.306204,-2.758997,-0.004004,-0.003698,16.197085,0.198800,0.372258,0.261489,-0.110769,C-06,0,0,0,1,1,0,-0.015297,-0.221499,0.8333,1.3637,0.2756,2,ok
0,2538,-3.279466,1.297656,-2.732493,-0.004409,0.022806,16.220821,0.196930,0.604932,0.411489,-0.193443,C-06,0,0,0,1,1,0,-0.011347,-0.223557,0.7917,1.3027,0.2589,2,ok
0,2539,-3.301396,1.288551,-2.714578,-0.004471,0.013318,16.244451,0.197979,0.265011,0.265011,0.000000,,0,0,0,1,1,0,-0.010113,-0.219322,0.8125,1.3081,0.2539,2,ok
0,2540,-3.323199,1.278797,-2.706582,-0.004258,0.021314,16.268335,0.199119,0.057180,0.115011,0.057831,C-06,0,0,0,1,1,0,-0.007848,-0.232485,0.7708,1.3145,0.2575,2,ok
0,2541,-3.341339,1.270380,-2.707887,-0.003805,0.020009,16.288310,0.200106,-0.065621,-0.034989,0.030631,C-06,0,0,0,1,1,0,-0.008502,-0.245569,0.7708,1.3529,0.2571,2,ok
0,2542,-3.359466,1.261975,-2.702321,-0.003912,-0.003905,16.308203,0.199589,0.130571,0.115011,-0.015560,C-06,0,0,0,1,1,0,-0.008869,-0.263733,0.7500,1.3689,0.2634,2,ok
0,2543,-3.381108,1.251816,-2.686063,-0.003928,0.012353,16.332110,0.198636,0.402385,0.265011,-0.137375,C-06,0,0,0,1,1,0,-0.006464,-0.279033,0.6875,1.2836,0.2573,2,ok
0,2544,-3.402528,1.241566,-2.660569,-0.004209,0.002614,16.355726,0.197129,0.516886,0.415011,-0.101875,C-06,0,0,0,1,1,0,-0.019366,-0.309878,0.7083,1.5659,0.2688,2,ok
0,2545,-3.420127,1.232763,-2.632033,-0.004369,0.031150,16.375404,0.196395,0.804555,0.565011,-0.239544,C-06,0,0,0,1,1,0,-0.008145,-0.301996,0.7083,1.3288,0.2501,2,ok
0,2546,-3.437414,1.223497,-2.596579,-0.003974,0.066604,16.395014,0.195997,0.819930,0.715011,-0.104919,C-06,0,0,0,1,1,0,-0.007889,-0.290195,0.7917,1.3556,0.2646,2,ok
0,2547,-3.457719,1.211385,-2.562551,-0.003206,0.059922,16.418506,0.197331,0.480531,0.565011,0.084479,C-06,0,0,0,1,1,0,-0.008400,-0.283189,0.8333,1.3917,0.2620,2,ok
0,2548,-3.477630,1.198410,-2.536222,-0.001537,0.086250,16.442212,0.198259,0.445382,0.445382,0.000000,,0,0,0,1,1,0,-0.003672,-0.257104,0.8125,1.3399,0.2639,2,ok
0,2549,-3.497241,1.184808,-2.518544,0.000045,0.057929,16.465985,0.199010,0.300327,0.300327,0.000000,,0,0,0,1,1,0,0.003402,-0.244824,0.8125,1.2057,0.2559,2,ok
0,2550,-3.513436,1.173160,-2.510938,0.001280,0.065536,16.485896,0.199547,-0.043106,0.150327,0.193433,C-06,0,0,0,1,1,0,0.003580,-0.256734,0.7500,1.2400,0.2636,2,ok
0,2551,-3.529583,1.161364,-2.510428,0.002665,0.066045,16.505845,0.200000,-0.085234,0.000327,0.085561,C-06,0,0,0,1,1,0,0.003701,-0.265805,0.7917,1.2336,0.2567,2,ok
0,2552,-3.548943,1.147198,-2.507897,0.003187,0.017507,16.529977,0.199861,0.048080,0.048080,0.000000,,0,0,0,1,1,0,0.005047,-0.281231,0.7083,1.1852,0.2582,2,ok
0,2553,-3.568211,1.132963,-2.497272,0.003688,0.028133,16.553928,0.199505,0.493375,0.198080,-0.295294,C-06,0,0,0,1,1,0,-0.002637,-0.309106,0.7083,1.3245,0.2586,2,ok
0,2554,-3.584108,1.120915,-2.481492,0.003871,-0.011711,16.574087,0.199343,0.442994,0.348080,-0.094913,C-06,0,0,0,1,1,0,0.004572,-0.342677,0.6667,1.1071,0.2544,2,ok
0,2555,-3.599773,1.108566,-2.459204,0.003833,0.010578,16.594034,0.199518,0.612274,0.498080,-0.114194,C-06,0,0,0,1,1,0,-0.000644,-0.341265,0.7083,1.2304,0.2509,2,ok
0,2556,-3.618157,1.093145,-2.424668,0.004516,0.045114,16.618020,0.200513,0.665087,0.648080,-0.017007,C-06,0,0,0,1,1,0,-0.001328,-0.330158,0.7917,1.2233,0.2530,2,ok
0,2557,-3.636167,1.077122,-2.396606,0.004736,0.017215,16.642393,0.201242,0.341093,0.498080,0.156988,C-06,0,0,0,1,1,0,0.001177,-0.314586,0.8125,1.1631,0.2560,2,ok
0,2558,-3.653721,1.060623,-2.370371,0.005391,0.043450,16.666475,0.200419,0.460586,0.460586,0.000000,,0,0,0,1,1,0,0.000836,-0.292629,0.8125,1.1832,0.2602,2,ok
0,2559,-3.667878,1.046502,-2.341511,0.006095,0.016053,16.686806,0.199530,0.617420,0.610586,-0.006834,C-06,0,0,0,1,1,0,0.003149,-0.280998,0.7917,1.1106,0.2548,2,ok
0,2560,-3.681619,1.032099,-2.314905,0.006564,0.042659,16.706706,0.198654,0.559331,0.559331,0.000000,,0,0,0,1,1,0,0.021604,-0.277441,0.7500,0.5222,0.2195,2,ok
0,2561,-3.697664,1.014371,-2.291713,0.007753,0.065851,16.730587,0.199508,0.395056,0.409331,0.014274,C-06,0,0,0,1,1,0,0.012187,-0.285011,0.7292,0.9005,0.2534,2,ok
0,2562,-3.713370,0.996249,-2.277091,0.008421,0.024391,16.755007,0.199933,0.199615,0.259331,0.059716,C-06,0,0,0,1,1,0,0.011018,-0.272700,0.7500,0.9634,0.2515,2,ok
0,2563,-3.726306,0.980997,-2.271653,0.008942,0.029829,16.775000,0.200008,-0.243355,0.109331,0.352686,C-06,0,0,0,1,1,0,0.011316,-0.273182,0.7708,0.9596,0.2509,2,ok
0,2564,-3.739136,0.965644,-2.260538,0.009608,0.040944,16.793048,0.200146,0.460025,0.259331,-0.200694,C-06,0,0,0,1,1,0,0.010424,-0.287031,0.6667,0.9333,0.2559,2,ok
0,2565,-3.754288,0.946969,-2.238607,0.009307,0.007643,16.819572,0.200613,0.509569,0.409331,-0.100239,C-06,0,0,0,1,1,0,0.004781,-0.296904,0.7083,0.9895,0.2661,2,ok
0,2566,-3.769068,0.927920,-2.210007,0.009652,0.036243,16.843681,0.201383,0.522245,0.522245,0.000000,,0,0,0,1,1,0,0.005544,-0.295965,0.7500,0.9989,0.2601,2,ok
0,2567,-3.783415,0.908503,-2.188418,0.009588,0.004007,16.868343,0.201291,0.337400,0.372245,0.034845,C-06,0,0,0,1,1,0,0.004731,-0.281624,0.8542,0.9895,0.2616,2,ok
0,2568,-3.795069,0.892067,-2.164809,0.009670,0.027616,16.888491,0.202150,0.501216,0.501216,0.000000,,0,0,0,1,1,0,0.006810,-0.278815,0.8125,0.9422,0.2607,2,ok
0,2569,-3.806488,0.875359,-2.140334,0.010102,0.052091,16.906309,0.202550,0.502635,0.502635,0.000000,,0,0,0,1,1,0,0.006338,-0.269509,0.8125,0.9428,0.2613,2,ok
0,2570,-3.819648,0.855008,-2.118771,0.009799,0.021621,16.933495,0.202005,0.295357,0.352635,0.057277,C-06,0,0,0,1,1,0,0.009004,-0.252119,0.7708,0.8676,0.2614,2,ok
0,2571,-3.832304,0.834439,-2.105983,0.010180,0.034409,16.957642,0.201215,0.025273,0.202635,0.177362,C-06,0,0,0,1,1,0,0.008971,-0.255734,0.7500,0.8538,0.2614,2,ok
0,2572,-3.842547,0.817217,-2.102802,0.010027,-0.013054,16.978204,0.200318,-0.339745,0.052635,0.392380,C-06,0,0,0,1,1,0,0.007848,-0.249734,0.7292,0.8275,0.2567,2,ok
0,2573,-3.852694,0.800000,-2.107082,0.009702,-0.017333,16.998186,0.199630,-0.180282,-0.097365,0.082916,C-06,0,0,0,1,1,0,0.001728,-0.258705,0.7500,0.9395,0.2650,2,ok
0,2574,-3.864958,0.779357,-2.104518,0.009066,-0.062775,17.022622,0.200246,0.557852,0.052635,-0.505218,C-06,0,0,0,1,1,0,-0.003099,-0.284121,0.6458,0.9533,0.2746,2,ok
0,2575,-3.877168,0.758627,-2.092732,0.007551,-0.050989,17.046633,0.200961,0.319821,0.202635,-0.117187,C-06,0,0,0,1,1,0,-0.004947,-0.291604,0.7083,0.9444,0.2720,2,ok
0,2576,-3.889238,0.737704,-2.071740,0.006248,-0.029998,17.070753,0.202098,0.655292,0.352635,-0.302657,C-06,0,0,0,1,1,0,-0.004012,-0.297056,0.7708,0.8595,0.2683,2,ok
0,2577,-3.899178,0.720045,-2.046314,0.004576,-0.050355,17.091238,0.203550,0.751378,0.502635,-0.248744,C-06,0,0,0,1,1,0,-0.004656,-0.290899,0.7500,0.8440,0.2652,2,ok
0,2578,-3.908905,0.702151,-2.020942,0.003010,-0.024983,17.111545,0.203756,0.480134,0.480134,0.000000,,0,0,0,1,1,0,-0.004498,-0.280241,0.7083,0.8105,0.2649,2,ok
0,2579,-3.919846,0.680428,-1.999145,0.001676,-0.046148,17.135914,0.202651,0.256590,0.330134,0.073544,C-06,0,0,0,1,1,0,-0.006270,-0.266976,0.7708,0.8461,0.2570,2,ok
0,2580,-3.930308,0.658500,-1.979397,0.000115,-0.026400,17.160160,0.202482,0.302102,0.302102,0.000000,,0,0,0,1,1,0,0.007382,-0.262555,0.7292,0.3892,0.2327,2,ok
0,2581,-3.938791,0.640063,-1.957488,-0.000908,-0.004491,17.180429,0.203453,0.407281,0.407281,0.000000,,0,0,0,1,1,0,-0.007325,-0.257555,0.7292,0.8260,0.2606,2,ok
0,2582,-3.947053,0.621454,-1.933981,-0.002311,-0.022004,17.200691,0.203649,0.423268,0.423268,0.000000,,0,0,0,1,1,0,-0.007214,-0.244898,0.6875,0.7961,0.2601,2,ok
0,2583,-3.956363,0.598914,-1.908494,-0.003608,0.003483,17.225044,0.203217,0.373520,0.373520,0.000000,,0,0,0,1,1,0,-0.008830,-0.230486,0.7083,0.8262,0.2579,2,ok
0,2584,-3.965288,0.576139,-1.873183,-0.004803,0.000988,17.249319,0.204593,0.577911,0.523520,-0.054391,C-06,0,0,0,1,1,0,-0.009632,-0.227967,0.7083,0.8352,0.2636,2,ok
0,2585,-3.973823,0.553096,-1.834288,-0.006112,0.039882,17.273856,0.204744,0.551008,0.551008,0.000000,,0,0,0,1,1,0,-0.009935,-0.217255,0.7292,0.8299,0.2661,2,ok
0,2586,-3.980020,0.533723,-1.809330,-0.006277,0.064841,17.294196,0.203232,0.267147,0.401008,0.133861,C-06,0,0,0,1,1,0,-0.003479,-0.186828,0.7708,0.7197,0.2637,2,ok
0,2587,-3.985396,0.514251,-1.793338,-0.006357,0.045017,17.314163,0.201883,-0.011182,0.251008,0.262190,C-06,0,0,0,1,1,0,-0.001646,-0.165238,0.8125,0.6916,0.2623,2,ok
0,2588,-3.991012,0.490820,-1.785132,-0.005660,0.053223,17.338247,0.200707,-0.076150,0.101008,0.177158,C-06,0,0,0,1,1,0,0.001492,-0.157147,0.7917,0.6294,0.2640,2,ok
0,2589,-3.996462,0.467327,-1.767294,-0.005209,0.037613,17.362187,0.201304,0.349508,0.251008,-0.098500,C-06,0,0,0,1,1,0,0.002015,-0.161149,0.7500,0.6150,0.2639,2,ok
0,2590,-4.001002,0.447669,-1.743380,-0.005108,0.061527,17.382362,0.202146,0.393750,0.393750,0.000000,,0,0,0,1,1,0,-0.000217,-0.163514,0.7708,0.6922,0.2638,2,ok
0,2591,-4.005139,0.427938,-1.727068,-0.004599,0.077839,17.402516,0.201505,0.132964,0.243750,0.110786,C-06,0,0,0,1,1,0,0.003764,-0.158712,0.7708,0.6019,0.2616,2,ok
0,2592,-4.009397,0.404208,-1.714866,-0.003995,0.056939,17.426480,0.200850,0.152132,0.152132,0.000000,,0,0,0,1,1,0,0.006007,-0.147744,0.7500,0.5568,0.2613,2,ok
0,2593,-4.013476,0.380423,-1.693251,-0.003226,0.078553,17.450600,0.201367,0.289010,0.289010,0.000000,,0,0,0,1,1,0,0.007623,-0.144538,0.6875,0.5052,0.2609,2,ok
0,2594,-4.016914,0.356585,-1.681606,-0.002354,0.056465,17.474579,0.200641,0.120255,0.139010,0.018755,C-06,0,0,0,1,1,0,0.006100,-0.151062,0.6250,0.5755,0.2596,2,ok
0,2595,-4.019606,0.336697,-1.671055,-0.001617,0.067015,17.494635,0.200706,0.161474,0.161474,0.000000,,0,0,0,1,1,0,0.007111,-0.144155,0.6875,0.5513,0.2602,2,ok
0,2596,-4.022076,0.316787,-1.661167,-0.000788,0.043043,17.514649,0.200593,0.147927,0.147927,0.000000,,0,0,0,1,1,0,0.006326,-0.141486,0.7708,0.5638,0.2632,2,ok
0,2597,-4.024908,0.292866,-1.641144,-0.000353,0.063066,17.538733,0.200883,0.256275,0.256275,0.000000,,0,0,0,1,1,0,0.008202,-0.139842,0.7708,0.5223,0.2639,2,ok
0,2598,-4.027641,0.268908,-1.618119,0.000187,0.086091,17.562840,0.200878,0.283617,0.283617,0.000000,,0,0,0,1,1,0,0.005160,-0.125386,0.8125,0.6254,0.2686,2,ok
0,2599,-4.029553,0.248923,-1.598511,0.000300,0.070919,17.582927,0.200679,0.284161,0.284161,0.000000,,0,0,0,1,1,0,0.005731,-0.118142,0.7708,0.6149,0.2665,2,ok
0,2600,-4.031107,0.228926,-1.578409,0.000659,0.091021,17.602980,0.200472,0.287585,0.287585,0.000000,,0,0,0,1,1,0,0.009031,-0.109060,0.7500,0.5552,0.2622,2,ok
0,2601,-4.031878,0.204927,-1.565975,0.001955,0.069206,17.627012,0.200060,-0.036564,0.137585,0.174149,C-06,0,0,0,1,1,0,0.020614,-0.099815,0.6875,0.2324,0.2497,2,ok
0,2602,-4.031792,0.180927,-1.566170,0.003544,0.069011,17.650959,0.200001,-0.341540,-0.012415,0.329126,C-06,0,0,0,1,1,0,0.013250,-0.096903,0.7292,0.4898,0.2608,2,ok
0,2603,-4.031658,0.156927,-1.579077,0.005180,0.056104,17.674454,0.199997,-0.320605,-0.162415,0.158190,C-06,0,0,0,1,1,0,0.011410,-0.101241,0.7083,0.5661,0.2649,2,ok
0,2604,-4.031778,0.136928,-1.580692,0.005599,0.022040,17.695078,0.199996,1.000000,-0.012415,-1.012415,C-06,0,0,0,1,1,0,0.010614,-0.132545,0.6667,0.5443,0.2628,2,ok
0,2605,-4.031925,0.116928,-1.571950,0.006010,0.030781,17.715074,0.200005,1.000000,0.137585,-0.862415,C-06,0,0,0,1,1,0,0.011500,-0.143887,0.7083,0.4946,0.2602,2,ok
0,2606,-4.032101,0.092930,-1.548653,0.006199,0.024488,17.739245,0.199961,0.424665,0.287585,-0.137080,C-06,0,0,0,1,1,0,0.008027,-0.145239,0.7708,0.5736,0.2726,2,ok
0,2607,-4.032277,0.068950,-1.513503,0.006023,0.059638,17.763225,0.199696,0.472769,0.437585,-0.035184,C-06,0,0,0,1,1,0,0.010262,-0.130763,0.7708,0.5464,0.2601,2,ok
0,2608,-4.032071,0.048996,-1.493198,0.006229,0.079942,17.781675,0.199456,0.243365,0.287585,0.044220,C-06,0,0,0,1,1,0,0.013236,-0.105197,0.7500,0.5257,0.2699,2,ok
0,2609,-4.030990,0.029065,-1.483245,0.006743,0.061521,17.803295,0.199610,0.061157,0.137585,0.076429,C-06,0,0,0,1,1,0,0.012337,-0.091435,0.8125,0.5861,0.2670,2,ok
0,2610,-4.028961,0.005159,-1.481593,0.008143,0.063173,17.827246,0.199955,0.013361,0.013361,0.000000,,0,0,0,1,1,0,0.016621,-0.090789,0.7292,0.4921,0.2629,2,ok
0,2611,-4.026860,-0.018753,-1.489393,0.009184,0.029299,17.851451,0.200100,-0.106610,-0.106610,0.000000,,0,0,0,1,1,0,0.014840,-0.099351,0.7500,0.5625,0.2622,2,ok
0,2612,-4.024911,-0.042673,-1.488409,0.009876,0.030283,17.875441,0.199977,0.019756,0.019756,0.000000,,0,0,0,1,1,0,0.015419,-0.110958,0.6875,0.5339,0.2613,2,ok
0,2613,-4.023294,-0.062597,-1.477975,0.010250,0.015846,17.895699,0.199805,1.000000,0.169756,-0.830244,C-06,0,0,0,1,1,0,0.015225,-0.134652,0.6458,0.5324,0.2644,2,ok
0,2614,-4.021678,-0.082492,-1.457728,0.010286,0.036092,17.915659,0.199405,1.000000,0.319756,-0.680244,C-06,0,0,0,1,1,0,0.007496,-0.134969,0.7292,0.7122,0.2691,2,ok
0,2615,-4.019738,-0.106287,-1.422006,0.010337,0.071815,17.939533,0.198498,0.717202,0.469756,-0.247446,C-06,0,0,0,1,1,0,0.014176,-0.125628,0.7083,0.5875,0.2675,2,ok
0,2616,-4.017226,-0.129973,-1.396830,0.010451,0.072009,17.963593,0.198418,-0.238591,0.319756,0.558347,C-06,0,0,0,1,1,0,0.017102,-0.091505,0.7708,0.6027,0.2650,2,ok
0,2617,-4.014257,-0.149650,-1.385447,0.011392,0.083393,17.983470,0.199037,-0.033824,0.169756,0.203580,C-06,0,0,0,1,1,0,0.017939,-0.079396,0.7708,0.6390,0.2634,2,ok
0,2618,-4.010651,-0.169303,-1.383453,0.012762,0.060928,18.003670,0.199879,-0.285137,0.019756,0.304893,C-06,0,0,0,1,1,0,0.020173,-0.076715,0.7500,0.6440,0.2706,2,ok
0,2619,-4.006183,-0.192901,-1.392485,0.014268,0.051896,18.027640,0.200310,-0.415223,-0.130244,0.284979,C-06,0,0,0,1,1,0,0.023543,-0.080695,0.7292,0.5771,0.2649,2,ok
0,2620,-4.001711,-0.216560,-1.412860,0.015648,0.007887,18.052093,0.200965,-0.388689,-0.280244,0.108445,C-06,0,0,0,1,1,0,0.021616,-0.106572,0.7083,0.6411,0.2667,2,ok
0,2621,-3.997239,-0.240316,-1.445277,0.016491,-0.024530,18.076252,0.201858,-0.506619,-0.430244,0.076375,C-06,0,0,0,1,1,0,0.020272,-0.143973,0.6667,0.6166,0.2663,2,ok
0,2622,-3.993875,-0.260181,-1.464183,0.016824,-0.043436,18.096397,0.201397,0.097332,-0.280244,-0.377576,C-06,0,0,0,1,1,0,0.014768,-0.177559,0.6667,0.6901,0.2628,2,ok
0,2623,-3.991320,-0.280078,-1.473321,0.015971,-0.077153,18.116832,0.200543,0.609012,-0.130244,-0.739256,C-06,0,0,0,1,1,0,0.009158,-0.220770,0.6667,0.7601,0.2655,2,ok
0,2624,-3.988948,-0.303964,-1.472558,0.014153,-0.076390,18.140767,0.199985,0.530409,0.019756,-0.510653,C-06,0,0,0,1,1,0,0.002434,-0.241098,0.7292,0.8851,0.2612,2,ok
0,2625,-3.986614,-0.327834,-1.460094,0.012040,-0.088872,18.164955,0.199738,0.518627,0.169756,-0.348871,C-06,0,0,0,1,1,0,0.001550,-0.254683,0.7500,0.8328,0.2635,2,ok
0,2626,-3.984670,-0.347689,-1.439980,0.010053,-0.068758,18.184805,0.199272,0.672344,0.319756,-0.352588,C-06,0,0,0,1,1,0,-0.001830,-0.250810,0.7292,0.8865,0.2616,2,ok
0,2627,-3.982725,-0.367479,-1.410725,0.008079,-0.039503,18.204592,0.198450,0.668325,0.469756,-0.198569,C-06,0,0,0,1,1,0,-0.002551,-0.243413,0.7292,0.8905,0.2633,2,ok
0,2628,-3.980381,-0.391078,-1.364860,0.005137,-0.018901,18.228345,0.196923,0.627337,0.619756,-0.007581,C-06,0,0,0,1,1,0,-0.003324,-0.236171,0.7292,0.9162,0.2636,2,ok
0,2629,-3.976860,-0.414478,-1.329484,0.003339,0.016475,18.251940,0.197104,0.271968,0.469756,0.197788,C-06,0,0,0,1,1,0,-0.001662,-0.217660,0.7083,0.9242,0.2649,2,ok
0,2630,-3.972013,-0.437710,-1.305712,0.002490,0.014028,18.275732,0.197788,0.198153,0.319756,0.121603,C-06,0,0,0,1,1,0,-0.000110,-0.199783,0.7292,0.9162,0.2612,2,ok
0,2631,-3.967182,-0.456982,-1.294966,0.002421,0.024774,18.295600,0.198749,-0.110499,0.169756,0.280255,C-06,0,0,0,1,1,0,0.004719,-0.181129,0.7083,0.8236,0.2623,2,ok
0,2632,-3.961801,-0.476219,-1.293081,0.002894,0.026659,18.312750,0.199849,-0.258905,0.019756,0.278661,C-06,0,0,0,1,1,0,0.004532,-0.183872,0.6667,0.8466,0.2607,2,ok
0,2633,-3.955223,-0.499314,-1.297882,0.002811,-0.006295,18.339664,0.200243,-0.073454,-0.073454,0.000000,,0,0,0,1,1,0,0.006102,-0.198393,0.6667,0.7955,0.2597,2,ok
0,2634,-3.948754,-0.522412,-1.293099,0.002704,-0.001512,18.363651,0.199747,0.329900,0.076546,-0.253354,C-06,0,0,0,1,1,0,0.004168,-0.223745,0.7708,0.8158,0.2576,2,ok
0,2635,-3.943369,-0.541613,-1.280435,0.002134,-0.017391,18.383659,0.199091,0.255691,0.226546,-0.029145,C-06,0,0,0,1,1,0,0.004119,-0.236351,0.7708,0.7904,0.2547,2,ok
0,2636,-3.937984,-0.560716,-1.259155,0.001516,0.003889,18.403497,0.197907,0.673190,0.376546,-0.296644,C-06,0,0,0,1,1,0,0.003821,-0.241161,0.7917,0.7877,0.2538,2,ok
0,2637,-3.931452,-0.583452,-1.230466,0.000674,0.001561,18.427171,0.196833,0.418901,0.418901,0.000000,,0,0,0,1,1,0,0.004859,-0.232633,0.7917,0.7555,0.2550,2,ok
0,2638,-3.924020,-0.605996,-1.211482,0.000206,0.020545,18.450904,0.197895,0.188975,0.268901,0.079926,C-06,0,0,0,1,1,0,0.005329,-0.220651,0.7292,0.7318,0.2540,2,ok
0,2639,-3.915829,-0.628425,-1.202960,0.000492,0.029067,18.474156,0.199048,-0.040741,0.118901,0.159642,C-06,0,0,0,1,1,0,0.006193,-0.225090,0.7292,0.7060,0.2562,2,ok
0,2640,-3.908650,-0.647089,-1.204103,0.000455,-0.006059,18.494792,0.200091,-0.330462,-0.031099,0.299362,C-06,0,0,0,1,1,0,0.005707,-0.228620,0.7083,0.6903,0.2559,2,ok
0,2641,-3.901452,-0.665766,-1.205701,0.000450,-0.007657,18.514807,0.200198,-0.028376,-0.028376,0.000000,,0,0,0,1,1,0,0.004568,-0.236291,0.6875,0.6774,0.2561,2,ok
0,2642,-3.892882,-0.688154,-1.198180,0.000003,-0.036526,18.538786,0.199511,0.510543,0.121624,-0.388920,C-06,0,0,0,1,1,0,0.000405,-0.253590,0.6458,0.7085,0.2571,2,ok
0,2643,-3.884291,-0.710436,-1.181328,-0.000861,-0.019674,18.562651,0.198451,0.263096,0.263096,0.000000,,0,0,0,1,1,0,-0.000429,-0.266342,0.7083,0.6595,0.2549,2,ok
0,2644,-3.877089,-0.728856,-1.159380,-0.001483,0.002273,18.582420,0.197055,0.489815,0.413096,-0.076718,C-06,0,0,0,1,1,0,-0.001778,-0.262438,0.7500,0.6607,0.2582,2,ok
0,2645,-3.869711,-0.747092,-1.135722,-0.002695,-0.013405,18.601989,0.196730,0.439790,0.439790,0.000000,,0,0,0,1,1,0,-0.001522,-0.254605,0.7500,0.6334,0.2581,2,ok
0,2646,-3.860296,-0.768682,-1.101443,-0.003549,0.020874,18.625527,0.196173,0.545380,0.545380,0.000000,,0,0,0,1,1,0,-0.002955,-0.242505,0.7708,0.6637,0.2621,2,ok
0,2647,-3.850053,-0.789902,-1.067985,-0.003930,0.013089,18.648940,0.196505,0.536667,0.536667,0.000000,,0,0,0,1,1,0,-0.000777,-0.232865,0.7708,0.6129,0.2639,2,ok
0,2648,-3.838853,-0.810786,-1.043696,-0.003826,0.037378,18.672637,0.197652,0.356327,0.386667,0.030339,C-06,0,0,0,1,1,0,0.010588,-0.210014,0.7083,0.2623,0.2450,2,ok
0,2649,-3.829001,-0.827998,-1.029491,-0.003191,0.051583,18.692459,0.198412,0.275490,0.275490,0.000000,,0,0,0,1,1,0,0.000059,-0.194740,0.7292,0.6080,0.2643,2,ok
0,2650,-3.818790,-0.845100,-1.022352,-0.003061,0.017349,18.712229,0.199256,0.132738,0.132738,0.000000,,0,0,0,1,1,0,-0.000399,-0.184724,0.7292,0.6203,0.2651,2,ok
0,2651,-3.806282,-0.865580,-1.022858,-0.002738,0.016843,18.736225,0.200066,-0.262933,-0.017262,0.245671,C-06,0,0,0,1,1,0,-0.000307,-0.183045,0.6458,0.5985,0.2645,2,ok
0,2652,-3.793780,-0.886046,-1.019269,-0.002853,-0.018558,18.760101,0.199691,0.065024,0.065024,0.000000,,0,0,0,1,1,0,-0.004848,-0.200098,0.6458,0.6702,0.2657,2,ok
0,2653,-3.783301,-0.903030,-1.009171,-0.003282,-0.008460,18.780053,0.199165,0.672814,0.215024,-0.457791,C-06,0,0,0,1,1,0,-0.005271,-0.207314,0.6875,0.6455,0.2616,2,ok
0,2654,-3.772688,-0.919869,-0.991826,-0.003519,0.008885,18.799956,0.198357,0.609658,0.365024,-0.244634,C-06,0,0,0,1,1,0,-0.006521,-0.208394,0.7708,0.6663,0.2618,2,ok
0,2655,-3.759693,-0.939785,-0.965436,-0.004162,-0.002219,18.823597,0.198199,0.460568,0.460568,0.000000,,0,0,0,1,1,0,-0.004734,-0.206816,0.7708,0.6231,0.2607,2,ok
0,2656,-3.746099,-0.959379,-0.945065,-0.004268,0.018153,18.847444,0.198872,0.352010,0.352010,0.000000,,0,0,0,1,1,0,-0.003624,-0.194147,0.7292,0.6053,0.2620,2,ok
0,2657,-3.732028,-0.978660,-0.920466,-0.004224,0.007915,18.871183,0.198987,0.443116,0.443116,0.000000,,0,0,0,1,1,0,-0.001631,-0.183440,0.7083,0.5910,0.2599,2,ok
0,2658,-3.719890,-0.994449,-0.899153,-0.003964,0.029228,18.891097,0.199340,0.463895,0.463895,0.000000,,0,0,0,1,1,0,0.008939,-0.178533,0.6875,0.2699,0.2432,2,ok
0,2659,-3.707381,-1.010009,-0.884305,-0.003271,0.044077,18.911050,0.199759,0.243479,0.313895,0.070415,C-06,0,0,0,1,1,0,0.010089,-0.169798,0.7083,0.2789,0.2440,2,ok
0,2660,-3.692096,-1.028498,-0.874952,-0.002867,0.021228,18.934929,0.199945,-0.323347,0.163895,0.487242,C-06,0,0,0,1,1,0,0.001310,-0.159271,0.7292,0.5903,0.2617,2,ok
0,2661,-3.676697,-1.046906,-0.873731,-0.002355,0.022449,18.958923,0.199997,-0.378381,0.013895,0.392276,C-06,0,0,0,1,1,0,0.003618,-0.162463,0.6667,0.5314,0.2630,2,ok
0,2662,-3.663880,-1.062262,-0.877361,-0.002384,-0.012372,18.978848,0.200035,-0.085769,-0.085769,0.000000,,0,0,0,1,1,0,0.002636,-0.184344,0.6667,0.5550,0.2618,2,ok
0,2663,-3.651084,-1.077630,-0.874946,-0.002678,-0.009956,18.998844,0.199980,0.114976,0.064231,-0.050744,C-06,0,0,0,1,1,0,0.013063,-0.194573,0.6458,0.2586,0.2387,2,ok
0,2664,-3.635606,-1.095971,-0.863900,-0.002872,0.001090,19.019810,0.200048,0.318513,0.214231,-0.104282,C-06,0,0,0,1,1,0,-0.001933,-0.202259,0.7917,0.5877,0.2590,2,ok
0,2665,-3.619849,-1.114122,-0.844567,-0.003441,-0.010288,19.046796,0.200514,0.449868,0.364231,-0.085636,C-06,0,0,0,1,1,0,-0.002440,-0.203123,0.7708,0.5836,0.2616,2,ok
0,2666,-3.603730,-1.132026,-0.823919,-0.003497,0.010360,19.070888,0.200892,0.372507,0.372507,0.000000,,0,0,0,1,1,0,-0.003481,-0.190774,0.7500,0.5978,0.2601,2,ok
0,2667,-3.590020,-1.146677,-0.806833,-0.003709,-0.002756,19.090842,0.200483,0.361953,0.361953,0.000000,,0,0,0,1,1,0,-0.002713,-0.184711,0.7500,0.5723,0.2615,2,ok
0,2668,-3.576064,-1.161041,-0.790020,-0.003629,0.014058,19.110868,0.200113,0.350062,0.350062,0.000000,,0,0,0,1,1,0,-0.003715,-0.177477,0.7500,0.6348,0.2640,2,ok
0,2669,-3.559071,-1.177986,-0.777902,-0.003372,-0.002589,19.134767,0.199919,0.127067,0.200062,0.072995,C-06,0,0,0,1,1,0,-0.002272,-0.173212,0.7292,0.6205,0.2631,2,ok
0,2670,-3.541946,-1.194796,-0.774509,-0.003403,0.000805,19.158763,0.199969,-0.277245,0.050062,0.327307,C-06,0,0,0,1,1,0,-0.001072,-0.172966,0.6667,0.6194,0.2677,2,ok
0,2671,-3.527672,-1.208810,-0.778805,-0.003430,-0.003491,19.178767,0.200040,-0.309956,-0.099938,0.210018,C-06,0,0,0,1,1,0,-0.001900,-0.182632,0.6875,0.6234,0.2648,2,ok
0,2672,-3.513430,-1.222849,-0.776975,-0.004041,-0.030720,19.198651,0.199976,0.232034,0.050062,-0.181972,C-06,0,0,0,1,1,0,-0.003693,-0.199654,0.6667,0.6301,0.2647,2,ok
0,2673,-3.496254,-1.239586,-0.765927,-0.004712,-0.019671,19.222623,0.199775,0.640740,0.200062,-0.440678,C-06,0,0,0,1,1,0,-0.005355,-0.209809,0.7083,0.6346,0.2627,2,ok
0,2674,-3.478889,-1.256059,-0.746555,-0.005382,-0.029083,19.246417,0.199198,0.510044,0.350062,-0.159981,C-06,0,0,0,1,1,0,-0.006188,-0.211242,0.7708,0.6409,0.2616,2,ok
0,2675,-3.461199,-1.272145,-0.722197,-0.005860,-0.004725,19.270323,0.199427,0.445506,0.445506,0.000000,,0,0,0,1,1,0,-0.005058,-0.204422,0.7500,0.5876,0.2599,2,ok
0,2676,-3.446102,-1.285222,-0.703099,-0.005777,0.014373,19.287908,0.199965,0.421527,0.421527,0.000000,,0,0,0,1,1,0,-0.005780,-0.195525,0.7500,0.6387,0.2607,2,ok
0,2677,-3.430740,-1.298049,-0.686691,-0.005952,0.001600,19.310147,0.200249,0.362029,0.362029,0.000000,,0,0,0,1,1,0,-0.003522,-0.185684,0.7292,0.6075,0.2633,2,ok
0,2678,-3.412044,-1.313167,-0.668532,-0.005706,0.019759,19.334190,0.200488,0.330524,0.330524,0.000000,,0,0,0,1,1,0,0.005975,-0.190250,0.7083,0.2994,0.2408,2,ok
0,2679,-3.393130,-1.328005,-0.658068,-0.005610,0.001919,19.358060,0.200347,0.068607,0.180524,0.111917,C-06,0,0,0,1,1,0,0.006723,-0.179751,0.6875,0.3036,0.2417,2,ok
0,2680,-3.377293,-1.340232,-0.656239,-0.005562,0.003748,19.378068,0.200061,-0.181997,0.030524,0.212521,C-06,0,0,0,1,1,0,0.006723,-0.179751,0.6875,0.3036,0.2417,2,ok
0,2681,-3.361463,-1.352440,-0.659170,-0.005503,0.000817,19.395134,0.199866,-0.070592,-0.070592,0.000000,,0,0,0,1,1,0,-0.004644,-0.187174,0.6458,0.6678,0.2632,2,ok
0,2682,-3.342467,-1.367129,-0.655325,-0.006294,-0.024727,19.421889,0.200162,0.646419,0.079408,-0.567011,C-06,0,0,0,1,1,0,-0.006683,-0.203445,0.6458,0.6782,0.2639,2,ok
0,2683,-3.323352,-1.381723,-0.642957,-0.006851,-0.012360,19.445932,0.200579,0.676109,0.229408,-0.446701,C-06,0,0,0,1,1,0,-0.008374,-0.212828,0.6667,0.6948,0.2620,2,ok
0,2684,-3.304002,-1.396082,-0.622133,-0.007630,-0.021425,19.469836,0.201253,0.451875,0.379408,-0.072466,C-06,0,0,0,1,1,0,-0.012271,-0.212412,0.7708,0.7850,0.2621,2,ok
0,2685,-3.287644,-1.407834,-0.603692,-0.008034,-0.002984,19.489973,0.201533,0.387194,0.387194,0.000000,,0,0,0,1,1,0,-0.011586,-0.210299,0.7292,0.7836,0.2638,2,ok
0,2686,-3.271074,-1.419331,-0.584876,-0.008348,-0.013287,19.509878,0.201788,0.389762,0.389762,0.000000,,0,0,0,1,1,0,-0.011047,-0.204074,0.7083,0.7775,0.2700,2,ok
0,2687,-3.250885,-1.432800,-0.557030,-0.008769,0.014559,19.534144,0.202596,0.476857,0.476857,0.000000,,0,0,0,1,1,0,0.003440,-0.195791,0.6458,0.3470,0.2366,2,ok
0,2688,-3.230385,-1.445719,-0.536914,-0.008559,0.034675,19.556305,0.201953,0.220485,0.326857,0.106371,C-06,0,0,0,1,1,0,-0.009984,-0.178656,0.6458,0.8328,0.2661,2,ok
0,2689,-3.213142,-1.456115,-0.525879,-0.008654,0.015631,19.578249,0.201320,0.211839,0.211839,0.000000,,0,0,0,1,1,0,-0.010513,-0.159688,0.5833,0.8800,0.2710,2,ok
0,2690,-3.195801,-1.466292,-0.517330,-0.008453,0.024180,19.598354,0.201061,0.165347,0.165347,0.000000,,0,0,0,1,1,0,-0.008233,-0.182356,0.6042,0.8244,0.2646,2,ok
0,2691,-3.174929,-1.478179,-0.515781,-0.008231,-0.004957,19.622154,0.200098,-0.046734,0.015347,0.062080,C-06,0,0,0,1,1,0,0.021843,-0.199428,0.5417,0.4023,0.2006,2,ok
0,2692,-3.153998,-1.490017,-0.506143,-0.008240,0.004681,19.646201,0.200777,0.217990,0.165347,-0.052643,C-06,0,0,0,1,1,0,0.019202,-0.212518,0.6042,0.3827,0.2054,2,ok
0,2693,-3.132902,-1.501724,-0.487104,-0.008291,-0.006985,19.670035,0.201784,0.489188,0.315347,-0.173841,C-06,0,0,0,1,1,0,0.013384,-0.228664,0.6042,0.4049,0.2144,2,ok
0,2694,-3.115123,-1.511384,-0.463421,-0.008678,0.016697,19.690265,0.203176,0.571066,0.465347,-0.105720,C-06,0,0,0,1,1,0,0.012452,-0.221189,0.6042,0.3971,0.2187,2,ok
0,2695,-3.097110,-1.520969,-0.435119,-0.008892,0.045000,19.710668,0.204334,0.536644,0.536644,0.000000,,0,0,0,1,1,0,-0.004636,-0.204794,0.6875,0.8147,0.2538,2,ok
0,2696,-3.075217,-1.531716,-0.409333,-0.008851,0.038533,19.734801,0.203199,0.286030,0.386644,0.100615,C-06,0,0,0,1,1,0,-0.000133,-0.191436,0.7708,0.7392,0.2549,2,ok
0,2697,-3.053109,-1.541771,-0.390349,-0.008300,0.057518,19.759082,0.202344,0.281164,0.281164,0.000000,,0,0,0,1,1,0,0.003082,-0.188715,0.7292,0.6995,0.2564,2,ok
0,2698,-3.034582,-1.549609,-0.382501,-0.007551,0.032456,19.778936,0.201080,-0.043861,0.131164,0.175025,C-06,0,0,0,1,1,0,0.004243,-0.190953,0.7292,0.6841,0.2563,2,ok
0,2699,-3.016027,-1.557087,-0.382957,-0.006863,0.031999,19.798929,0.199944,-0.327424,-0.018836,0.308588,C-06,0,0,0,1,1,0,0.006097,-0.195642,0.6875,0.6389,0.2574,2,ok
0,2700,-2.993810,-1.566055,-0.393487,-0.006053,0.021469,19.822875,0.199302,-0.303122,-0.168836,0.134286,C-06,0,0,0,1,1,0,0.006379,-0.207949,0.7083,0.6156,0.2577,2,ok
0,2701,-2.971656,-1.575225,-0.395393,-0.006249,-0.013266,19.846622,0.199849,0.458944,-0.018836,-0.477780,C-06,0,0,0,1,1,0,0.006026,-0.237239,0.6875,0.5653,0.2569,2,ok
0,2702,-2.949474,-1.584468,-0.387345,-0.006617,-0.005219,19.870650,0.200544,0.400668,0.131164,-0.269504,C-06,0,0,0,1,1,0,-0.000007,-0.259080,0.7292,0.6178,0.2577,2,ok
0,2703,-2.930902,-1.592139,-0.372361,-0.007178,-0.027117,19.890533,0.201406,0.364541,0.281164,-0.083377,C-06,0,0,0,1,1,0,0.001634,-0.268442,0.7708,0.5191,0.2594,2,ok
0,2704,-2.912205,-1.599809,-0.352845,-0.007977,-0.007601,19.910726,0.202675,0.354050,0.354050,0.000000,,0,0,0,1,1,0,0.001634,-0.268442,0.7708,0.5191,0.2594,2,ok
0,2705,-2.889553,-1.608947,-0.319139,-0.008799,0.026105,19.931985,0.204425,0.535711,0.504050,-0.031661,C-06,0,0,0,1,1,0,-0.001796,-0.258469,0.7083,0.5293,0.2574,2,ok
0,2706,-2.866670,-1.617339,-0.293751,-0.009810,0.011424,19.959182,0.202997,0.332480,0.354050,0.021570,C-06,0,0,0,1,1,0,-0.000241,-0.239433,0.7292,0.4468,0.2581,2,ok
0,2707,-2.847453,-1.624032,-0.266370,-0.010232,0.038805,19.979527,0.204028,0.474510,0.474510,0.000000,,0,0,0,1,1,0,0.005082,-0.227331,0.6875,0.2334,0.2456,2,ok
0,2708,-2.828105,-1.630088,-0.246198,-0.010374,0.018199,0.007163,0.202593,0.247147,0.324510,0.077363,C-06,0,0,0,1,1,0,0.000656,-0.212214,0.6875,0.3625,0.2567,2,ok
0,2709,-2.804789,-1.636449,-0.232746,-0.010403,0.031651,0.031331,0.201306,0.029760,0.174510,0.144750,C-06,0,0,0,1,1,0,0.004569,-0.198782,0.6667,0.2045,0.2493,2,ok
0,2710,-2.781387,-1.642609,-0.213889,-0.010217,0.050508,0.053053,0.201940,0.262510,0.262510,0.000000,,0,0,0,1,1,0,-0.000694,-0.193152,0.6458,0.3453,0.2595,2,ok
0,2711,-2.757863,-1.648652,-0.183932,-0.011158,0.037744,0.079310,0.202917,0.628014,0.412510,-0.215504,C-06,0,0,0,1,1,0,0.004999,-0.193421,0.6458,0.1704,0.2490,2,ok
0,2712,-2.738143,-1.653647,-0.149082,-0.011788,0.072594,0.099643,0.203908,0.597179,0.562510,-0.034669,C-06,0,0,0,1,1,0,-0.002292,-0.176879,0.6875,0.3565,0.2598,2,ok
0,2713,-2.718326,-1.657878,-0.121476,-0.012103,0.057660,0.119414,0.202412,0.196660,0.412510,0.215850,C-06,0,0,0,1,1,0,0.000709,-0.152526,0.7292,0.2983,0.2642,2,ok
0,2714,-2.694473,-1.661746,-0.099894,-0.011744,0.079242,0.143576,0.201240,-0.070118,0.262510,0.332628,C-06,0,0,0,1,1,0,0.001812,-0.127820,0.7500,0.2766,0.2666,2,ok
0,2715,-2.670580,-1.664572,-0.090204,-0.010497,0.050149,0.167183,0.200436,-0.081454,0.112510,0.193964,C-06,0,0,0,1,1,0,0.002535,-0.109674,0.7708,0.2570,0.2651,2,ok
0,2716,-2.650659,-1.666509,-0.087299,-0.009711,0.053055,0.187183,0.200134,0.038316,0.038316,0.000000,,0,0,0,1,1,0,0.003041,-0.094738,0.7500,0.2374,0.2652,2,ok
0,2717,-2.630728,-1.668397,-0.079101,-0.008876,0.061252,0.207185,0.200259,0.129761,0.129761,0.000000,,0,0,0,1,1,0,0.003246,-0.100004,0.7500,0.2067,0.2646,2,ok
0,2718,-2.606798,-1.670560,-0.072909,-0.008213,0.033467,0.230913,0.200229,0.072853,0.072853,0.000000,,0,0,0,1,1,0,0.003556,-0.102664,0.7083,0.1823,0.2630,2,ok
0,2719,-2.582850,-1.672643,-0.058513,-0.007854,0.047862,0.254948,0.200402,0.185987,0.185987,0.000000,,0,0,0,1,1,0,0.002644,-0.102249,0.6875,0.2085,0.2655,2,ok
0,2720,-2.558883,-1.674587,-0.046676,-0.007553,0.029130,0.278761,0.200352,0.141798,0.141798,0.000000,,0,0,0,1,1,0,0.003808,-0.097052,0.6667,0.1682,0.2668,2,ok
0,2721,-2.538903,-1.675791,-0.041081,-0.007334,0.034725,0.298776,0.200153,0.076820,0.076820,0.000000,,0,0,0,1,1,0,0.003629,-0.088737,0.6667,0.1556,0.2715,2,ok
0,2722,-2.518917,-1.676877,-0.035707,-0.006995,0.040099,0.318788,0.200140,0.078013,0.078013,0.000000,,0,0,0,1,1,0,0.004920,-0.087205,0.6875,0.1066,0.2643,2,ok
0,2723,-2.494930,-1.678096,-0.027415,-0.006910,0.021919,0.342641,0.200159,0.101062,0.101062,0.000000,,0,0,0,1,1,0,0.001892,-0.083675,0.7500,0.1783,0.2671,2,ok
0,2724,-2.470936,-1.679203,-0.017742,-0.006883,0.031592,0.366661,0.200148,0.116667,0.116667,0.000000,,0,0,0,1,1,0,0.001917,-0.077666,0.7708,0.1426,0.2678,2,ok
0,2725,-2.450938,-1.679938,-0.010086,-0.006864,0.016219,0.386506,0.200100,0.108525,0.108525,0.000000,,0,0,0,1,1,0,0.000884,-0.071945,0.7083,0.1716,0.2703,2,ok
0,2726,-2.430938,-1.680557,-0.001600,-0.007027,0.024705,0.406514,0.200076,0.121096,0.121096,0.000000,,0,0,0,1,1,0,0.003492,-0.068040,0.7500,0.0901,0.2659,2,ok
0,2727,-2.406938,-1.681042,0.007716,-0.006966,0.034021,0.430519,0.200019,0.109207,0.109207,0.000000,,0,0,0,1,1,0,0.004589,-0.064131,0.7083,0.0375,0.2667,2,ok
0,2728,-2.382940,-1.681209,0.015106,-0.007021,0.021386,0.454386,0.199979,0.086123,0.086123,0.000000,,0,0,0,1,1,0,0.004003,-0.064404,0.7083,0.0541,0.2628,2,ok
0,2729,-2.358943,-1.680998,0.018347,-0.006719,0.024627,0.478381,0.199978,0.035637,0.035637,0.000000,,0,0,0,1,1,0,0.003383,-0.056124,0.6667,0.0508,0.2647,2,ok
0,2730,-2.338948,-1.680777,0.025632,-0.006672,0.014316,0.498262,0.199949,0.110283,0.110283,0.000000,,0,0,0,1,1,0,0.002409,-0.047869,0.6458,0.0508,0.2697,2,ok
0,2731,-2.318957,-1.680555,0.032792,-0.006719,0.021477,0.518255,0.199908,0.102636,0.102636,0.000000,,0,0,0,1,1,0,0.002826,-0.048653,0.6667,0.0431,0.2667,2,ok
0,2732,-2.294971,-1.679839,0.034414,-0.006425,0.007967,0.542150,0.199982,0.013565,0.013565,0.000000,,0,0,0,1,1,0,0.003248,-0.045462,0.6875,0.0411,0.2693,2,ok
0,2733,-2.270986,-1.679079,0.037866,-0.006360,0.011420,0.566146,0.199958,0.043125,0.043125,0.000000,,0,0,0,1,1,0,0.003373,-0.044423,0.7292,0.0050,0.2712,2,ok
0,2734,-2.251000,-1.678337,0.036135,-0.006196,0.009689,0.586146,0.200010,-0.031298,-0.031298,0.000000,,0,0,0,1,1,0,0.003748,-0.042098,0.7292,-0.0231,0.2677,2,ok
0,2735,-2.231013,-1.677600,0.035693,-0.006257,-0.003293,0.606073,0.200007,-0.004535,-0.004535,0.000000,,0,0,0,1,1,0,0.002153,-0.045702,0.7292,0.0020,0.2691,2,ok
0,2736,-2.207029,-1.676722,0.037812,-0.006357,-0.001173,0.630073,0.199992,0.027468,0.027468,0.000000,,0,0,0,1,1,0,0.002007,-0.045421,0.7083,-0.0293,0.2688,2,ok
0,2737,-2.183046,-1.675831,0.037429,-0.006624,-0.012283,0.653993,0.199998,-0.006643,-0.006643,0.000000,,0,0,0,1,1,0,0.001071,-0.043740,0.6875,-0.0244,0.2647,2,ok
0,2738,-2.159065,-1.674938,0.041949,-0.007000,-0.007763,0.677988,0.199964,0.058821,0.058821,0.000000,,0,0,0,1,1,0,0.001912,-0.044728,0.6458,-0.0937,0.2663,2,ok
0,2739,-2.139086,-1.674194,0.051118,-0.007360,-0.007037,0.697934,0.199883,0.140087,0.140087,0.000000,,0,0,0,1,1,0,0.004245,-0.042300,0.6667,-0.1589,0.2666,2,ok
0,2740,-2.119115,-1.673373,0.055699,-0.007715,-0.002456,0.717919,0.199879,0.061544,0.061544,0.000000,,0,0,0,1,1,0,0.002653,-0.034516,0.7083,-0.1480,0.2670,2,ok
0,2741,-2.095150,-1.672056,0.052201,-0.007810,-0.005954,0.741228,0.200036,-0.050689,-0.050689,0.000000,,0,0,0,1,1,0,0.002838,-0.026175,0.7083,-0.1520,0.2659,2,ok
0,2742,-2.071186,-1.670804,0.056809,-0.008174,-0.008641,0.765850,0.199950,0.063683,0.063683,0.000000,,0,0,0,1,1,0,0.000332,-0.020925,0.7708,-0.1389,0.2698,2,ok
0,2743,-2.051220,-1.669766,0.060264,-0.008476,-0.005186,0.785840,0.199909,0.049794,0.049794,0.000000,,0,0,0,1,1,0,0.000947,-0.015673,0.7917,-0.1724,0.2701,2,ok
0,2744,-2.031259,-1.668727,0.065119,-0.008834,-0.005322,0.805790,0.199850,0.073423,0.073423,0.000000,,0,0,0,1,1,0,0.000387,-0.012632,0.7708,-0.1612,0.2723,2,ok
0,2745,-2.007313,-1.667349,0.069153,-0.009163,-0.001287,0.829773,0.199878,0.048216,0.048216,0.000000,,0,0,0,1,1,0,0.001131,-0.007134,0.7500,-0.1865,0.2728,2,ok
0,2746,-1.983365,-1.665706,0.061816,-0.009294,-0.012450,0.853721,0.200091,-0.148133,-0.101784,0.046350,C-06,0,0,0,1,1,0,0.002814,0.000661,0.7292,-0.2602,0.2685,2,ok
0,2747,-1.959400,-1.664047,0.043580,-0.009489,-0.030686,0.877743,0.200280,-0.233086,-0.233086,0.000000,,0,0,0,1,1,0,0.001083,-0.002741,0.7083,-0.2558,0.2672,2,ok
0,2748,-1.939416,-1.662895,0.037117,-0.009885,-0.039392,0.897751,0.200156,-0.045303,-0.083086,-0.037783,C-06,0,0,0,1,1,0,0.000009,-0.004103,0.7083,-0.2585,0.2643,2,ok
0,2749,-1.919431,-1.662136,0.040936,-0.010683,-0.035573,0.917734,0.199969,0.119289,0.066914,-0.052375,C-06,0,0,0,1,1,0,-0.001103,-0.022904,0.6875,-0.2770,0.2620,2,ok
0,2750,-1.895457,-1.661255,0.052114,-0.011669,-0.024395,0.941704,0.199869,0.141232,0.141232,0.000000,,0,0,0,1,1,0,-0.003276,-0.021508,0.7500,-0.2760,0.2601,2,ok
0,2751,-1.871495,-1.660368,0.061552,-0.012651,-0.015244,0.965660,0.199775,0.113598,0.113598,0.000000,,0,0,0,1,1,0,-0.005248,-0.001287,0.7917,-0.2492,0.2619,2,ok
0,2752,-1.851537,-1.659414,0.067281,-0.013255,-0.009514,0.985632,0.199809,0.082299,0.082299,0.000000,,0,0,0,1,1,0,-0.005975,0.012151,0.7917,-0.2364,0.2604,2,ok
0,2753,-1.831585,-1.658280,0.071668,-0.013683,-0.004261,1.005607,0.199837,0.063625,0.063625,0.000000,,0,0,0,1,1,0,-0.007737,0.020526,0.7708,-0.1834,0.2645,2,ok
0,2754,-1.807649,-1.656668,0.074003,-0.013948,-0.001926,1.029596,0.199927,0.026355,0.026355,0.000000,,0,0,0,1,1,0,-0.008329,0.034389,0.7708,-0.1731,0.2639,2,ok
0,2755,-1.783708,-1.654918,0.064751,-0.014017,-0.008194,1.053681,0.200110,-0.163233,-0.123645,0.039587,C-06,0,0,0,1,1,0,-0.009291,0.046546,0.7292,-0.1397,0.2640,2,ok
0,2756,-1.759744,-1.653164,0.043157,-0.014006,-0.029789,1.077709,0.200339,-0.417967,-0.273645,0.144322,C-06,0,0,0,1,1,0,-0.012196,0.051218,0.7083,-0.0762,0.2665,2,ok
0,2757,-1.739758,-1.651836,0.032868,-0.014133,-0.036276,1.097734,0.200273,-0.139525,-0.139525,0.000000,,0,0,0,1,1,0,-0.013618,0.040069,0.7083,-0.0722,0.2660,2,ok
0,2758,-1.719769,-1.651150,0.032859,-0.014904,-0.036285,1.117721,0.199997,0.249187,0.010475,-0.238712,C-06,0,0,0,1,1,0,-0.013618,0.040069,0.7083,-0.0722,0.2660,2,ok
0,2759,-1.695780,-1.650375,0.026936,-0.015878,-0.042209,1.141703,0.200030,-0.076202,-0.076202,0.000000,,0,0,0,1,1,0,-0.015053,0.026747,0.7500,-0.0577,0.2675,2,ok
0,2760,-1.671790,-1.649729,0.032473,-0.016747,-0.030838,1.165844,0.199968,0.093288,0.073798,-0.019490,C-06,0,0,0,1,1,0,-0.015456,0.024148,0.7708,-0.0417,0.2663,2,ok
0,2761,-1.651801,-1.649082,0.032466,-0.017357,-0.030845,1.185834,0.200003,-0.006604,-0.006604,0.000000,,0,0,0,1,1,0,-0.013892,0.027937,0.7708,-0.0481,0.2680,2,ok
0,2762,-1.631813,-1.648424,0.039457,-0.017902,-0.017181,1.205894,0.199956,0.112545,0.112545,0.000000,,0,0,0,1,1,0,-0.013116,0.029337,0.7708,-0.0507,0.2661,2,ok
0,2763,-1.607835,-1.647635,0.046093,-0.018528,-0.010545,1.229876,0.199898,0.078113,0.078113,0.000000,,0,0,0,1,1,0,-0.012105,0.035273,0.7500,-0.0464,0.2666,2,ok
0,2764,-1.583859,-1.646541,0.041066,-0.018719,-0.005539,1.254061,0.200045,-0.129572,-0.071887,0.057685,C-06,0,0,0,1,1,0,-0.010720,0.040599,0.7500,-0.0471,0.2666,2,ok
0,2765,-1.559872,-1.645425,0.023356,-0.018782,-0.023249,1.278074,0.200158,-0.362904,-0.221887,0.141017,C-06,0,0,0,1,1,0,-0.009782,0.039366,0.6875,-0.0392,0.2672,2,ok
0,2766,-1.539876,-1.644710,0.017694,-0.018965,-0.018794,1.298269,0.200076,-0.028728,-0.071887,-0.043159,C-06,0,0,0,1,1,0,-0.009024,0.026988,0.6667,-0.0659,0.2651,2,ok
0,2767,-1.519880,-1.644342,0.022317,-0.019382,-0.014171,1.318264,0.199982,0.156498,0.078113,-0.078385,C-06,0,0,0,1,1,0,-0.010789,0.015787,0.7292,-0.0351,0.2666,2,ok
0,2768,-1.495885,-1.643805,0.017110,-0.019713,-0.007579,1.342588,0.200021,-0.108328,-0.071887,0.036441,C-06,0,0,0,1,1,0,-0.010009,0.018271,0.7500,-0.0437,0.2668,2,ok
0,2769,-1.471889,-1.643394,0.019109,-0.019848,-0.005580,1.366587,0.199992,0.030020,0.030020,0.000000,,0,0,0,1,1,0,-0.009661,0.014241,0.7708,-0.0477,0.2662,2,ok
0,2770,-1.451893,-1.643059,0.022622,-0.019968,-0.002067,1.386432,0.199978,0.051403,0.051403,0.000000,,0,0,0,1,1,0,-0.010254,0.016989,0.7500,-0.0141,0.2677,2,ok
0,2771,-1.431899,-1.642724,0.027671,-0.019877,0.012811,1.406789,0.199953,0.074136,0.074136,0.000000,,0,0,0,1,1,0,-0.008529,0.019681,0.7708,-0.0413,0.2677,2,ok
0,2772,-1.407909,-1.642124,0.029235,-0.019573,0.014374,1.430785,0.199983,0.014804,0.014804,0.000000,,0,0,0,1,1,0,-0.008041,0.024005,0.7500,-0.0347,0.2676,2,ok
0,2773,-1.383917,-1.641483,0.021758,-0.018983,0.014744,1.455018,0.200022,-0.095394,-0.095394,0.000000,,0,0,0,1,1,0,-0.008041,0.024005,0.7500,-0.0347,0.2676,2,ok
0,2774,-1.359919,-1.640842,0.002035,-0.018342,-0.004978,1.479016,0.200070,-0.287298,-0.245394,0.041904,C-06,0,0,0,1,1,0,-0.006953,0.022788,0.7083,-0.0375,0.2676,2,ok
0,2775,-1.339919,-1.640469,-0.005259,-0.017969,-0.007728,1.499016,0.200021,0.078213,-0.095394,-0.173607,C-06,0,0,0,1,1,0,-0.007804,0.006580,0.6667,-0.0416,0.2650,2,ok
0,2776,-1.319920,-1.640550,-0.002307,-0.018050,-0.004776,1.519016,0.200003,0.101510,0.054606,-0.046904,C-06,0,0,0,1,1,0,-0.008685,-0.007141,0.7500,-0.0472,0.2666,2,ok
0,2777,-1.295920,-1.640687,0.005575,-0.018187,0.005575,1.543016,0.200001,0.095767,0.095767,0.000000,,0,0,0,1,1,0,-0.009862,-0.005066,0.7708,-0.0221,0.2676,2,ok
0,2778,-1.271921,-1.640821,0.012455,-0.018321,0.012455,1.567015,0.199987,0.080462,0.080462,0.000000,,0,0,0,1,1,0,-0.008180,0.002167,0.7708,-0.0427,0.2684,2,ok
0,2779,-1.251923,-1.640897,0.019570,-0.018397,0.019570,1.584535,0.199964,0.103182,0.103182,0.000000,,0,0,0,1,1,0,-0.007903,0.007611,0.7500,-0.0293,0.2671,2,ok
0,2780,-1.231928,-1.640775,0.025039,-0.018275,0.025039,1.607007,0.199947,0.076271,0.076271,0.000000,,0,0,0,1,1,0,-0.007767,0.011752,0.7708,-0.0243,0.2672,2,ok
0,2781,-1.207936,-1.640190,0.024581,-0.017690,0.024581,1.631000,0.200004,-0.011414,-0.011414,0.000000,,0,0,0,1,1,0,-0.006342,0.022418,0.7292,-0.0297,0.2676,2,ok
0,2782,-1.183940,-1.639579,0.012201,-0.017079,0.012201,1.654995,0.200048,-0.236110,-0.161414,0.074696,C-06,0,0,0,1,1,0,-0.005469,0.022916,0.7500,-0.0390,0.2680,2,ok
0,2783,-1.159941,-1.638968,-0.013181,-0.016468,-0.013181,1.678995,0.200050,-0.326405,-0.311414,0.014991,C-06,0,0,0,1,1,0,-0.005892,0.010934,0.6875,-0.0418,0.2679,2,ok
0,2784,-1.139945,-1.638677,-0.025328,-0.016177,-0.025328,1.698991,0.199947,0.088761,-0.161414,-0.250175,C-06,0,0,0,1,1,0,-0.007627,-0.006886,0.6667,-0.0465,0.2659,2,ok
0,2785,-1.119952,-1.639111,-0.026959,-0.016611,-0.026959,1.718984,0.199988,0.186230,-0.011414,-0.197644,C-06,0,0,0,1,1,0,-0.008872,-0.023900,0.7292,-0.0530,0.2671,2,ok
0,2786,-1.095958,-1.639703,-0.016412,-0.017203,-0.016412,1.742977,0.200032,0.221924,0.138586,-0.083338,C-06,0,0,0,1,1,0,-0.010560,-0.029654,0.7708,-0.0367,0.2665,2,ok
0,2787,-1.071960,-1.640294,-0.010439,-0.017794,-0.010439,1.766975,0.200049,0.066749,0.066749,0.000000,,0,0,0,1,1,0,-0.010023,-0.019748,0.7708,-0.0400,0.2670,2,ok
0,2788,-1.051961,-1.640777,-0.002804,-0.018277,-0.002804,1.784735,0.200057,0.112129,0.112129,0.000000,,0,0,0,1,1,0,-0.009721,-0.016343,0.7917,-0.0450,0.2670,2,ok
0,2789,-1.031961,-1.641096,0.002529,-0.018596,0.002529,1.806975,0.200017,0.072621,0.072621,0.000000,,0,0,0,1,1,0,-0.009327,-0.005844,0.7708,-0.0428,0.2676,2,ok
0,2790,-1.007961,-1.641044,0.001920,-0.018544,0.001920,1.830975,0.200000,-0.010737,-0.010737,0.000000,,0,0,0,1,1,0,-0.009686,-0.004105,0.7500,-0.0277,0.2671,2,ok
0,2791,-0.983961,-1.640977,-0.003556,-0.018477,-0.003556,1.854975,0.200000,-0.071390,-0.071390,0.000000,,0,0,0,1,1,0,-0.008845,0.000759,0.7292,-0.0458,0.2663,2,ok
0,2792,-0.959961,-1.641010,-0.005009,-0.018510,-0.005009,1.878974,0.199998,-0.013279,-0.013279,0.000000,,0,0,0,1,1,0,-0.009090,-0.001726,0.7083,-0.0437,0.2672,2,ok
0,2793,-0.939961,-1.641056,0.001607,-0.018556,0.001607,1.898974,0.200000,0.104878,0.104878,0.000000,,0,0,0,1,1,0,-0.009923,-0.005742,0.6875,-0.0386,0.2676,2,ok
0,2794,-0.919961,-1.641101,0.007312,-0.018601,0.007312,1.918974,0.199996,0.079005,0.079005,0.000000,,0,0,0,1,1,0,-0.008576,-0.005985,0.7292,-0.0574,0.2653,2,ok
0,2795,-0.895962,-1.641020,0.009556,-0.018520,0.009556,1.942973,0.199993,0.023317,0.023317,0.000000,,0,0,0,1,1,0,-0.008085,0.001623,0.7708,-0.0494,0.2669,2,ok
0,2796,-0.871964,-1.640907,0.014261,-0.018407,0.014261,1.966972,0.199983,0.057288,0.057288,0.000000,,0,0,0,1,1,0,-0.008117,0.006176,0.7708,-0.0390,0.2671,2,ok
0,2797,-0.851967,-1.640813,0.020253,-0.018313,0.020253,1.985035,0.199963,0.088128,0.088128,0.000000,,0,0,0,1,1,0,-0.007912,0.011725,0.7500,-0.0285,0.2675,2,ok
0,2798,-0.831972,-1.640629,0.024830,-0.018129,0.024830,2.006963,0.199953,0.063697,0.063697,0.000000,,0,0,0,1,1,0,-0.006985,0.017353,0.7500,-0.0277,0.2674,2,ok
0,2799,-0.807979,-1.640056,0.023717,-0.017556,0.023717,2.030956,0.200004,-0.018235,-0.018235,0.000000,,0,0,0,1,1,0,-0.006462,0.020778,0.7292,-0.0190,0.2693,2,ok
0,2800,-0.783983,-1.639465,0.010543,-0.016965,0.010543,2.054952,0.200048,-0.277244,-0.168235,0.109009,C-06,0,0,0,1,1,0,-0.005181,0.023216,0.7500,-0.0454,0.2674,2,ok
0,2801,-0.759984,-1.638873,-0.015032,-0.016373,-0.015032,2.078952,0.200042,-0.314610,-0.314610,0.000000,,0,0,0,1,1,0,-0.006121,0.009826,0.7083,-0.0409,0.2661,2,ok
0,2802,-0.739989,-1.638608,-0.027178,-0.016108,-0.027178,2.098947,0.199935,-0.037054,-0.164610,-0.127557,C-06,0,0,0,1,1,0,-0.006898,0.002110,0.7083,-0.0405,0.2665,2,ok
0,2803,-0.719997,-1.639072,-0.028926,-0.016572,-0.028926,2.118939,0.199984,0.183948,-0.014610,-0.198558,C-06,0,0,0,1,1,0,-0.009778,-0.025587,0.7083,-0.0338,0.2662,2,ok
0,2804,-0.696004,-1.639710,-0.018654,-0.017210,-0.018654,2.142932,0.200034,0.221737,0.135390,-0.086347,C-06,0,0,0,1,1,0,-0.010872,-0.031300,0.7708,-0.0365,0.2669,2,ok
0,2805,-0.672006,-1.640349,-0.009605,-0.017849,-0.009605,2.166929,0.200061,0.105820,0.105820,0.000000,,0,0,0,1,1,0,-0.010152,-0.022550,0.7708,-0.0414,0.2674,2,ok
0,2806,-0.652007,-1.640882,-0.000543,-0.018382,-0.000543,2.185235,0.200071,0.130400,0.130400,0.000000,,0,0,0,1,1,0,-0.010435,-0.014647,0.7500,-0.0236,0.2674,2,ok
0,2807,-0.632007,-1.641125,0.004214,-0.018625,0.004214,2.206929,0.200007,0.061789,0.061789,0.000000,,0,0,0,1,1,0,-0.008802,-0.005675,0.7708,-0.0529,0.2666,2,ok
0,2808,-0.608007,-1.641047,0.001445,-0.018547,0.001445,2.230929,0.200001,-0.038886,-0.038886,0.000000,,0,0,0,1,1,0,-0.008329,-0.000218,0.7292,-0.0505,0.2672,2,ok
0,2809,-0.584007,-1.640951,-0.005313,-0.018451,-0.005313,2.254929,0.199999,-0.082716,-0.082716,0.000000,,0,0,0,1,1,0,-0.008611,-0.000087,0.7292,-0.0479,0.2670,2,ok
0,2810,-0.560007,-1.641075,-0.003240,-0.018575,-0.003240,2.278928,0.200002,0.031405,0.031405,0.000000,,0,0,0,1,1,0,-0.008965,-0.003797,0.7083,-0.0532,0.2675,2,ok
0,2811,-0.540007,-1.641189,0.004102,-0.018689,0.004102,2.298928,0.200002,0.110049,0.110049,0.000000,,0,0,0,1,1,0,-0.009556,-0.004793,0.6875,-0.0442,0.2676,2,ok
0,2812,-0.520008,-1.641299,0.008578,-0.018799,0.008578,2.318928,0.199995,0.061033,0.061033,0.000000,,0,0,0,1,1,0,-0.009013,-0.003267,0.7500,-0.0403,0.2665,2,ok
0,2813,-0.496009,-1.641123,0.009273,-0.018623,0.009273,2.342927,0.199998,0.004969,0.004969,0.000000,,0,0,0,1,1,0,-0.009171,0.006302,0.7708,-0.0269,0.2678,2,ok
0,2814,-0.472010,-1.640925,0.013601,-0.018425,0.013601,2.366925,0.199989,0.054394,0.054394,0.000000,,0,0,0,1,1,0,-0.008601,0.007620,0.7917,-0.0292,0.2667,2,ok
0,2815,-0.452013,-1.640760,0.018832,-0.018260,0.018832,2.385435,0.199972,0.076235,0.076235,0.000000,,0,0,0,1,1,0,-0.008016,0.011492,0.7500,-0.0290,0.2676,2,ok
0,2816,-0.432017,-1.640593,0.023768,-0.018093,0.023768,2.406918,0.199953,0.070270,0.070270,0.000000,,0,0,0,1,1,0,-0.006893,0.014280,0.7708,-0.0396,0.2671,2,ok
0,2817,-0.408025,-1.640204,0.027618,-0.017704,0.027618,2.430910,0.199958,0.044383,0.044383,0.000000,,0,0,0,1,1,0,-0.006069,0.016101,0.7708,-0.0480,0.2665,2,ok
0,2818,-0.384032,-1.639574,0.019876,-0.017074,0.019876,2.454903,0.200031,-0.233497,-0.105617,0.127881,C-06,0,0,0,1,1,0,-0.004928,0.023966,0.7500,-0.0468,0.2658,2,ok
0,2819,-0.360034,-1.638930,-0.000952,-0.016430,-0.000952,2.478901,0.200072,-0.446718,-0.255617,0.191101,C-06,0,0,0,1,1,0,-0.005155,0.017310,0.7083,-0.0390,0.2676,2,ok
0,2820,-0.340035,-1.638392,-0.017613,-0.015892,-0.017613,2.498900,0.200044,-0.235160,-0.235160,0.000000,,0,0,0,1,1,0,-0.005684,0.014858,0.7292,-0.0375,0.2667,2,ok
0,2821,-0.320040,-1.638421,-0.024415,-0.015921,-0.024415,2.518896,0.199946,0.218757,-0.085160,-0.303917,C-06,0,0,0,1,1,0,-0.007488,-0.012210,0.7500,-0.0519,0.2655,2,ok
0,2822,-0.296046,-1.638992,-0.019791,-0.016492,-0.019791,2.542890,0.200021,0.207889,0.064840,-0.143049,C-06,0,0,0,1,1,0,-0.009660,-0.023426,0.7708,-0.0284,0.2678,2,ok
0,2823,-0.272049,-1.639588,-0.009298,-0.017088,-0.009298,2.566887,0.200052,0.128805,0.128805,0.000000,,0,0,0,1,1,0,-0.009486,-0.022674,0.7708,-0.0437,0.2683,2,ok
0,2824,-0.252049,-1.640058,-0.003123,-0.017558,-0.003123,2.585735,0.200044,0.084006,0.084006,0.000000,,0,0,0,1,1,0,-0.008923,-0.015708,0.7500,-0.0460,0.2672,2,ok
0,2825,-0.232049,-1.640414,0.002736,-0.017914,0.002736,2.606886,0.200022,0.082742,0.082742,0.000000,,0,0,0,1,1,0,-0.009249,-0.008657,0.7708,-0.0223,0.2679,2,ok
0,2826,-0.208049,-1.640366,0.002156,-0.017866,0.002156,2.630886,0.200001,-0.013353,-0.013353,0.000000,,0,0,0,1,1,0,-0.007938,-0.002413,0.7292,-0.0517,0.2658,2,ok
0,2827,-0.184049,-1.640289,-0.002269,-0.017789,-0.002269,2.654886,0.200001,-0.054268,-0.054268,0.000000,,0,0,0,1,1,0,-0.008367,0.001306,0.7292,-0.0362,0.2660,2,ok
0,2828,-0.160049,-1.640259,-0.004207,-0.017759,-0.004207,2.678886,0.199998,-0.021216,-0.021216,0.000000,,0,0,0,1,1,0,-0.008647,-0.001903,0.6875,-0.0344,0.2660,2,ok
0,2829,-0.140049,-1.640290,0.003368,-0.017790,0.003368,2.698886,0.199999,0.117951,0.117951,0.000000,,0,0,0,1,1,0,-0.008071,-0.007125,0.6875,-0.0553,0.2657,2,ok
0,2830,-0.120050,-1.640324,0.007259,-0.017824,0.007259,2.718886,0.199995,0.050417,0.050417,0.000000,,0,0,0,1,1,0,-0.008687,-0.001550,0.7292,-0.0322,0.2665,2,ok
0,2831,-0.096050,-1.640169,0.004833,-0.017669,0.004833,2.742885,0.200002,-0.033859,-0.033859,0.000000,,0,0,0,1,1,0,-0.006836,0.001667,0.7708,-0.0586,0.2676,2,ok
0,2832,-0.072051,-1.640051,0.008151,-0.017551,0.008151,2.766885,0.199996,0.044976,0.044976,0.000000,,0,0,0,1,1,0,-0.007539,0.001668,0.7708,-0.0429,0.2664,2,ok
0,2833,-0.052052,-1.639955,0.012298,-0.017455,0.012298,2.785935,0.199988,0.060031,0.060031,0.000000,,0,0,0,1,1,0,-0.007332,0.003371,0.7500,-0.0387,0.2665,2,ok
0,2834,-0.032054,-1.639858,0.017389,-0.017358,0.017389,2.806882,0.199973,0.073590,0.073590,0.000000,,0,0,0,1,1,0,-0.006285,0.005833,0.7708,-0.0513,0.2669,2,ok
0,2835,-0.008058,-1.639550,0.019795,-0.017050,0.019795,2.830877,0.199982,0.025903,0.025903,0.000000,,0,0,0,1,1,0,-0.005897,0.012333,0.7500,-0.0451,0.2661,2,ok
0,2836,0.015939,-1.639125,0.010179,-0.016625,0.010179,2.854874,0.200021,-0.228068,-0.124097,0.103972,C-06,0,0,0,1,1,0,-0.005630,0.016464,0.7500,-0.0355,0.2679,2,ok
0,2837,0.039938,-1.638696,-0.012057,-0.016196,-0.012057,2.878874,0.200020,-0.309465,-0.274097,0.035369,C-06,0,0,0,1,1,0,-0.005436,0.008387,0.6875,-0.0490,0.2659,2,ok
0,2838,0.059935,-1.638513,-0.021505,-0.016013,-0.021505,2.898871,0.199958,0.083645,-0.124097,-0.207742,C-06,0,0,0,1,1,0,-0.006946,-0.007111,0.6667,-0.0484,0.2665,2,ok
0,2839,0.079931,-1.638912,-0.020553,-0.016412,-0.020553,2.918866,0.200006,0.166613,0.025903,-0.140709,C-06,0,0,0,1,1,0,-0.009077,-0.018891,0.7292,-0.0357,0.2675,2,ok
0,2840,0.103928,-1.639440,-0.006809,-0.016940,-0.006809,2.942864,0.200043,0.181146,0.175903,-0.005243,C-06,0,0,0,1,1,0,-0.009832,-0.022868,0.7708,-0.0328,0.2684,2,ok
0,2841,0.127928,-1.639879,-0.000223,-0.017379,-0.000223,2.966864,0.200024,0.070686,0.070686,0.000000,,0,0,0,1,1,0,-0.008669,-0.010908,0.7708,-0.0362,0.2668,2,ok
0,2842,0.147928,-1.640139,0.004883,-0.017639,0.004883,2.986235,0.200009,0.072371,0.072371,0.000000,,0,0,0,1,1,0,-0.008370,-0.002581,0.7500,-0.0342,0.2687,2,ok
0,2843,0.167928,-1.640166,0.007417,-0.017666,0.007417,3.006863,0.199995,0.032775,0.032775,0.000000,,0,0,0,1,1,0,-0.007949,-0.000947,0.7708,-0.0433,0.2675,2,ok
0,2844,0.191927,-1.640128,0.010369,-0.017628,0.010369,3.030862,0.199990,0.035113,0.035113,0.000000,,0,0,0,1,1,0,-0.007396,0.004260,0.7292,-0.0424,0.2675,2,ok
0,2845,0.215926,-1.639930,0.007763,-0.017430,0.007763,3.054861,0.200001,-0.035810,-0.035810,0.000000,,0,0,0,1,1,0,-0.007086,0.006165,0.7500,-0.0426,0.2672,2,ok
0,2846,0.239925,-1.639722,-0.002503,-0.017222,-0.002503,3.078861,0.200007,-0.127280,-0.127280,0.000000,,0,0,0,1,1,0,-0.006737,0.010182,0.7500,-0.0459,0.2677,2,ok
0,2847,0.259925,-1.639768,-0.001655,-0.017268,-0.001655,3.098861,0.200001,0.133046,0.022720,-0.110325,C-06,0,0,0,1,1,0,-0.007605,-0.001501,0.6875,-0.0399,0.2665,2,ok
0,2848,0.279925,-1.639830,0.002746,-0.017330,0.002746,3.118861,0.200000,0.065806,0.065806,0.000000,,0,0,0,1,1,0,-0.007670,-0.007276,0.7500,-0.0519,0.2673,2,ok
0,2849,0.303925,-1.639765,0.001538,-0.017265,0.001538,3.142861,0.200001,-0.017155,-0.017155,0.000000,,0,0,0,1,1,0,-0.007454,-0.000944,0.7708,-0.0453,0.2666,2,ok
0,2850,0.327925,-1.639694,0.006258,-0.017194,0.006258,3.166861,0.199997,0.061542,0.061542,0.000000,,0,0,0,1,1,0,-0.007737,-0.000765,0.7708,-0.0413,0.2662,2,ok
0,2851,0.347924,-1.639636,0.011237,-0.017136,0.011237,3.186435,0.199989,0.071236,0.071236,0.000000,,0,0,0,1,1,0,-0.007691,0.003520,0.7500,-0.0224,0.2687,2,ok
0,2852,0.367922,-1.639577,0.016713,-0.017077,0.016713,3.206858,0.199974,0.078680,0.078680,0.000000,,0,0,0,1,1,0,-0.006663,0.006233,0.7500,-0.0326,0.2672,2,ok
0,2853,0.391918,-1.639284,0.019113,-0.016784,0.019113,3.230854,0.199983,0.025488,0.025488,0.000000,,0,0,0,1,1,0,-0.005399,0.012092,0.7500,-0.0516,0.2665,2,ok
0,2854,0.415916,-1.638876,0.009458,-0.016376,0.009458,3.254851,0.200020,-0.232701,-0.124512,0.108189,C-06,0,0,0,1,1,0,-0.005153,0.015823,0.7500,-0.0436,0.2680,2,ok
0,2855,0.439915,-1.638465,-0.012706,-0.015965,-0.012706,3.278851,0.200016,-0.315375,-0.274512,0.040864,C-06,0,0,0,1,1,0,-0.005020,0.007574,0.7083,-0.0550,0.2664,2,ok
0,2856,0.459911,-1.638155,-0.025467,-0.015655,-0.025467,3.298847,0.199951,-0.174572,-0.174572,0.000000,,0,0,0,1,1,0,-0.005020,0.007574,0.7083,-0.0550,0.2664,2,ok
0,2857,0.479904,-1.638546,-0.028016,-0.016046,-0.028016,3.318839,0.199974,0.164394,-0.024572,-0.188967,C-06,0,0,0,1,1,0,-0.008966,-0.020801,0.7292,-0.0406,0.2667,2,ok
0,2858,0.503897,-1.639170,-0.018552,-0.016670,-0.018552,3.342833,0.200032,0.223182,0.125428,-0.097754,C-06,0,0,0,1,1,0,-0.010316,-0.029352,0.7708,-0.0310,0.2666,2,ok
0,2859,0.527895,-1.639799,-0.010105,-0.017299,-0.010105,3.366830,0.200058,0.098615,0.098615,0.000000,,0,0,0,1,1,0,-0.010323,-0.022785,0.7708,-0.0267,0.2672,2,ok
0,2860,0.547894,-1.640313,-0.003377,-0.017813,-0.003377,3.386635,0.200056,0.095234,0.095234,0.000000,,0,0,0,1,1,0,-0.008749,-0.014488,0.7500,-0.0535,0.2673,2,ok
0,2861,0.567894,-1.640592,0.000894,-0.018092,0.000894,3.406829,0.200013,0.057753,0.057753,0.000000,,0,0,0,1,1,0,-0.009323,-0.009211,0.7708,-0.0315,0.2670,2,ok
0,2862,0.591894,-1.640600,-0.000770,-0.018100,-0.000770,3.430829,0.200000,-0.025310,-0.025310,0.000000,,0,0,0,1,1,0,-0.008791,-0.003707,0.7292,-0.0379,0.2678,2,ok
0,2863,0.615894,-1.640588,-0.007557,-0.018088,-0.007557,3.454829,0.199995,-0.084308,-0.084308,0.000000,,0,0,0,1,1,0,-0.008908,-0.002594,0.7292,-0.0354,0.2673,2,ok
0,2864,0.639893,-1.640768,-0.007273,-0.018268,-0.007273,3.478829,0.200001,0.007240,0.007240,0.000000,,0,0,0,1,1,0,-0.008980,-0.005099,0.7083,-0.0477,0.2669,2,ok
0,2865,0.659893,-1.640925,-0.000407,-0.018425,-0.000407,3.498828,0.200006,0.104226,0.104226,0.000000,,0,0,0,1,1,0,-0.009903,-0.008278,0.6875,-0.0376,0.2678,2,ok
0,2866,0.679893,-1.641082,0.005051,-0.018582,0.005051,3.518828,0.200004,0.075180,0.075180,0.000000,,0,0,0,1,1,0,-0.008982,-0.005969,0.7292,-0.0506,0.2659,2,ok
0,2867,0.703892,-1.641115,0.008406,-0.018615,0.008406,3.542828,0.199993,0.037134,0.037134,0.000000,,0,0,0,1,1,0,-0.007702,-0.001427,0.7500,-0.0641,0.2659,2,ok
0,2868,0.727891,-1.641097,0.013560,-0.018597,0.013560,3.566826,0.199982,0.062831,0.062831,0.000000,,0,0,0,1,1,0,-0.008106,0.005452,0.7708,-0.0466,0.2672,2,ok
0,2869,0.747888,-1.641081,0.019559,-0.018581,0.019559,3.586823,0.199963,0.087683,0.087683,0.000000,,0,0,0,1,1,0,-0.007374,0.008382,0.7500,-0.0470,0.2672,2,ok
0,2870,0.767883,-1.640935,0.024518,-0.018435,0.024518,3.606819,0.199951,0.069667,0.069667,0.000000,,0,0,0,1,1,0,-0.006819,0.015954,0.7708,-0.0464,0.2675,2,ok
0,2871,0.791875,-1.640407,0.025840,-0.017907,0.025840,3.630811,0.199987,0.012990,0.012990,0.000000,,0,0,0,1,1,0,-0.006018,0.019461,0.7292,-0.0446,0.2661,2,ok
0,2872,0.815870,-1.639846,0.015205,-0.017346,0.015205,3.654806,0.200030,-0.240611,-0.137010,0.103602,C-06,0,0,0,1,1,0,-0.005767,0.023681,0.7292,-0.0349,0.2678,2,ok
0,2873,0.839869,-1.639285,-0.008112,-0.016785,-0.008112,3.678805,0.200050,-0.444522,-0.287010,0.157513,C-06,0,0,0,1,1,0,-0.005933,0.020222,0.7083,-0.0289,0.2668,2,ok
0,2874,0.859867,-1.638977,-0.018385,-0.016477,-0.018385,3.698803,0.199980,0.003118,-0.137010,-0.140128,C-06,0,0,0,1,1,0,-0.008433,0.000095,0.6250,-0.0185,0.2675,2,ok
0,2875,0.879864,-1.639324,-0.018011,-0.016824,-0.018011,3.718799,0.200003,0.153422,0.012990,-0.140431,C-06,0,0,0,1,1,0,-0.008732,-0.014927,0.7083,-0.0512,0.2660,2,ok
0,2876,0.903862,-1.639775,-0.005487,-0.017275,-0.005487,3.742797,0.200032,0.160993,0.160993,0.000000,,0,0,0,1,1,0,-0.010703,-0.019612,0.7292,-0.0115,0.2652,2,ok
0,2877,0.927862,-1.640195,0.001454,-0.017695,0.001454,3.766797,0.200022,0.076165,0.076165,0.000000,,0,0,0,1,1,0,-0.008868,-0.010053,0.7292,-0.0400,0.2650,2,ok
0,2878,0.947862,-1.640441,0.006967,-0.017941,0.006967,3.786797,0.200005,0.078242,0.078242,0.000000,,0,0,0,1,1,0,-0.007894,-0.002903,0.7083,-0.0580,0.2645,2,ok
0,2879,0.967861,-1.640474,0.010442,-0.017974,0.010442,3.806796,0.199989,0.047201,0.047201,0.000000,,0,0,0,1,1,0,-0.005541,0.002254,0.7500,-0.1222,0.2686,2,ok
0,2880,0.991859,-1.640430,0.014805,-0.017930,0.014805,3.830794,0.199980,0.052077,0.052077,0.000000,,0,0,0,1,1,0,-0.005416,0.008349,0.7292,-0.1187,0.2703,2,ok
0,2881,1.015857,-1.640122,0.010877,-0.017622,0.010877,3.854792,0.200009,-0.068604,-0.068604,0.000000,,0,0,0,1,1,0,-0.003866,0.010061,0.7083,-0.1539,0.2689,2,ok
0,2882,1.039856,-1.639770,-0.004151,-0.017270,-0.004151,3.878792,0.200020,-0.186837,-0.186837,0.000000,,0,0,0,1,1,0,-0.003861,0.011140,0.6458,-0.1535,0.2700,2,ok
0,2883,1.059856,-1.639721,-0.007603,-0.017221,-0.007603,3.898791,0.199994,0.121350,-0.036837,-0.158187,C-06,0,0,0,1,1,0,-0.004391,0.000392,0.6042,-0.1905,0.2687,2,ok
0,2884,1.079856,-1.639833,-0.003656,-0.017333,-0.003656,3.918791,0.200002,0.062724,0.062724,0.000000,,0,0,0,1,1,0,-0.004353,-0.005786,0.7083,-0.2368,0.2661,2,ok
0,2885,1.103855,-1.639973,-0.002089,-0.017473,-0.002089,3.942791,0.200003,0.015738,0.015738,0.000000,,0,0,0,1,1,0,-0.004748,-0.003977,0.7292,-0.2541,0.2634,2,ok
0,2886,1.127855,-1.640102,0.006115,-0.017602,0.006115,3.966791,0.200000,0.102518,0.102518,0.000000,,0,0,0,1,1,0,-0.006568,0.004105,0.7292,-0.2354,0.2633,2,ok
0,2887,1.147854,-1.640209,0.014711,-0.017709,0.014711,3.986790,0.199983,0.123756,0.123756,0.000000,,0,0,0,1,1,0,-0.006091,0.015227,0.7083,-0.2508,0.2615,2,ok
0,2888,1.167851,-1.640179,0.020260,-0.017679,0.020260,4.006787,0.199962,0.075439,0.075439,0.000000,,0,0,0,1,1,0,-0.006468,0.028198,0.7292,-0.2347,0.2640,2,ok
0,2889,1.191845,-1.639867,0.023954,-0.017367,0.023954,4.030781,0.199966,0.041894,0.041894,0.000000,,0,0,0,1,1,0,-0.007031,0.038243,0.7500,-0.2141,0.2651,2,ok
0,2890,1.215840,-1.639326,0.015675,-0.016826,0.015675,4.054776,0.200027,-0.213417,-0.108106,0.105311,C-06,0,0,0,1,1,0,-0.007909,0.052324,0.7083,-0.1740,0.2663,2,ok
0,2891,1.239839,-1.638776,-0.005089,-0.016276,-0.005089,4.078775,0.200051,-0.461778,-0.258106,0.203672,C-06,0,0,0,1,1,0,-0.008928,0.056300,0.6458,-0.1687,0.2636,2,ok
0,2892,1.259838,-1.638323,-0.018501,-0.015823,-0.018501,4.098773,0.200012,-0.185096,-0.185096,0.000000,,0,0,0,1,1,0,-0.011964,0.048950,0.6042,-0.1403,0.2684,2,ok
0,2893,1.279834,-1.638541,-0.021693,-0.016041,-0.021693,4.118769,0.199974,0.353704,-0.035096,-0.388800,C-06,0,0,0,1,1,0,-0.012888,0.036040,0.6875,-0.1239,0.2693,2,ok
0,2894,1.303826,-1.638890,-0.030319,-0.016390,-0.028261,4.142761,0.199932,-0.108083,-0.108083,0.000000,,0,0,0,1,1,0,-0.012984,0.033573,0.7292,-0.1414,0.2653,2,ok
0,2895,1.327814,-1.639531,-0.032392,-0.017031,-0.030334,4.166749,0.199975,-0.020506,-0.020506,0.000000,,0,0,0,1,1,0,-0.014251,0.024180,0.7500,-0.1133,0.2667,2,ok
0,2896,1.347803,-1.640099,-0.034134,-0.017599,-0.032076,4.186738,0.199967,-0.025520,-0.025520,0.000000,,0,0,0,1,1,0,-0.015773,0.028573,0.7083,-0.0879,0.2648,2,ok
0,2897,1.367792,-1.640734,-0.031320,-0.018234,-0.025131,4.206727,0.200003,0.046807,0.046807,0.000000,,0,0,0,1,1,0,-0.015816,0.026948,0.7292,-0.0801,0.2656,2,ok
0,2898,1.391780,-1.641502,-0.030014,-0.019002,-0.023824,4.230716,0.200012,0.013487,0.013487,0.000000,,0,0,0,1,1,0,-0.015923,0.032755,0.7083,-0.0524,0.2678,2,ok
0,2899,1.415767,-1.642270,-0.037313,-0.019588,-0.023277,4.254905,0.199966,-0.093574,-0.093574,0.000000,,0,0,0,1,1,0,-0.016675,0.040212,0.6875,-0.0128,0.2692,2,ok
0,2900,1.439750,-1.643169,-0.037613,-0.020240,-0.023577,4.278896,0.200002,0.002829,0.002829,0.000000,,0,0,0,1,1,0,-0.017333,0.038477,0.6458,0.0076,0.2644,2,ok
0,2901,1.459737,-1.643925,-0.033586,-0.020653,-0.010150,4.299105,0.200029,0.062781,0.062781,0.000000,,0,0,0,1,1,0,-0.018166,0.039256,0.6250,0.0329,0.2679,2,ok
0,2902,1.479725,-1.644597,-0.036579,-0.020912,-0.013143,4.319102,0.199978,-0.053306,-0.053306,0.000000,,0,0,0,1,1,0,-0.016785,0.040220,0.6667,0.0314,0.2657,2,ok
0,2903,1.503706,-1.645395,-0.042429,-0.021044,-0.007599,4.343487,0.199933,-0.071643,-0.071643,0.000000,,0,0,0,1,1,0,-0.016578,0.043202,0.7292,0.0563,0.2664,2,ok
0,2904,1.527685,-1.646407,-0.040746,-0.021116,-0.005916,4.367488,0.200016,0.026301,0.026301,0.000000,,0,0,0,1,1,0,-0.014408,0.034023,0.7292,0.0099,0.2643,2,ok
0,2905,1.547670,-1.647263,-0.036773,-0.021148,0.008661,4.387655,0.200046,0.060012,0.060012,0.000000,,0,0,0,1,1,0,-0.013679,0.032721,0.7500,0.0074,0.2629,2,ok
0,2906,1.567658,-1.648117,-0.033851,-0.021062,0.011583,4.407661,0.200064,0.040942,0.040942,0.000000,,0,0,0,1,1,0,-0.013146,0.031519,0.7083,0.0199,0.2631,2,ok
0,2907,1.591643,-1.648972,-0.036553,-0.020789,0.008881,4.431540,0.199991,-0.038080,-0.038080,0.000000,,0,0,0,1,1,0,-0.011489,0.038441,0.6667,0.0308,0.2660,2,ok
0,2908,1.615620,-1.649816,-0.051234,-0.020264,0.004617,4.455853,0.199868,-0.231648,-0.188080,0.043567,C-06,0,0,0,1,1,0,-0.012970,0.036067,0.7083,0.1014,0.2702,2,ok
0,2909,1.639570,-1.650659,-0.077718,-0.019743,-0.021867,4.479812,0.199539,-0.336703,-0.336703,0.000000,,0,0,0,1,1,0,-0.011271,0.031536,0.6458,0.0339,0.2661,2,ok
0,2910,1.659499,-1.651618,-0.090941,-0.019444,-0.028416,4.499887,0.199483,0.047153,-0.186703,-0.233856,C-06,0,0,0,1,1,0,-0.014738,0.005644,0.6458,0.1044,0.2670,2,ok
0,2911,1.679413,-1.653291,-0.094094,-0.019854,-0.031570,4.519867,0.199874,0.151404,-0.036703,-0.188107,C-06,0,0,0,1,1,0,-0.016147,-0.013869,0.7083,0.1028,0.2653,2,ok
0,2912,1.703314,-1.655534,-0.085869,-0.020446,-0.017083,4.544056,0.200139,0.217531,0.113297,-0.104234,C-06,0,0,0,1,1,0,-0.018639,-0.025009,0.7917,0.1650,0.2675,2,ok
0,2913,1.727233,-1.657787,-0.079012,-0.020955,-0.010226,4.568075,0.200253,0.083567,0.083567,0.000000,,0,0,0,1,1,0,-0.017313,-0.015668,0.7917,0.1501,0.2649,2,ok
0,2914,1.747179,-1.659665,-0.067614,-0.021379,0.005379,4.588102,0.200416,0.175618,0.175618,0.000000,,0,0,0,1,1,0,-0.018357,-0.009205,0.7500,0.2087,0.2656,2,ok
0,2915,1.767139,-1.661445,-0.058507,-0.021707,0.014486,4.608138,0.200375,0.131101,0.131101,0.000000,,0,0,0,1,1,0,-0.016506,-0.007838,0.7500,0.2049,0.2661,2,ok
0,2916,1.791098,-1.662875,-0.059424,-0.021376,0.016475,4.632260,0.199988,-0.047124,-0.018899,0.028226,C-06,0,0,0,1,1,0,-0.015486,0.000533,0.7292,0.2248,0.2674,2,ok
0,2917,1.815052,-1.664274,-0.064921,-0.020896,0.010979,4.656250,0.199922,-0.070672,-0.070672,0.000000,,0,0,0,1,1,0,-0.015325,0.002741,0.7292,0.2481,0.2682,2,ok
0,2918,1.839005,-1.665829,-0.059538,-0.020574,0.016361,4.678732,0.200067,0.072972,0.072972,0.000000,,0,0,0,1,1,0,-0.012662,-0.013313,0.7083,0.1979,0.2680,2,ok
0,2919,1.858972,-1.667132,-0.054151,-0.020317,0.022675,4.700253,0.200128,0.079527,0.079527,0.000000,,0,0,0,1,1,0,-0.013255,-0.014602,0.6458,0.2368,0.2676,2,ok
0,2920,1.878941,-1.668223,-0.057427,-0.019848,0.019399,4.720246,0.199962,-0.058502,-0.058502,0.000000,,0,0,0,1,1,0,-0.013416,-0.007786,0.7083,0.2754,0.2675,2,ok
0,2921,1.902904,-1.669601,-0.053914,-0.019358,0.022653,4.744240,0.200041,0.050753,0.050753,0.000000,,0,0,0,1,1,0,-0.010914,-0.013154,0.7500,0.2358,0.2671,2,ok
0,2922,1.926872,-1.670987,-0.048782,-0.018875,0.027786,4.768244,0.200093,0.063392,0.063392,0.000000,,0,0,0,1,1,0,-0.009264,-0.021718,0.7708,0.2293,0.2652,2,ok
0,2923,1.946851,-1.672141,-0.043356,-0.018477,0.030942,4.788243,0.200143,0.080261,0.080261,0.000000,,0,0,0,1,1,0,-0.008161,-0.023976,0.7083,0.2283,0.2641,2,ok
0,2924,1.966834,-1.673187,-0.039625,-0.017975,0.034673,4.808247,0.200095,0.051933,0.051933,0.000000,,0,0,0,1,1,0,-0.006984,-0.023990,0.7083,0.2238,0.2630,2,ok
0,2925,1.990812,-1.674162,-0.045192,-0.017093,0.029106,4.829387,0.199959,-0.075860,-0.075860,0.000000,,0,0,0,1,1,0,-0.003676,-0.024958,0.6667,0.1346,0.2592,2,ok
0,2926,2.014781,-1.675123,-0.057665,-0.016362,0.013175,4.856102,0.199835,-0.158130,-0.158130,0.000000,,0,0,0,1,1,0,-0.011682,-0.025863,0.7292,0.4000,0.2693,2,ok
0,2927,2.038739,-1.676468,-0.059148,-0.015996,0.011692,4.879916,0.199981,0.105141,-0.008130,-0.113271,C-06,0,0,0,1,1,0,-0.012956,-0.042717,0.6667,0.4216,0.2681,2,ok
0,2928,2.058708,-1.677619,-0.051531,-0.015808,0.014339,4.900027,0.200061,0.123133,0.123133,0.000000,,0,0,0,1,1,0,-0.014891,-0.060878,0.6458,0.4850,0.2718,2,ok
0,2929,2.078684,-1.678769,-0.047555,-0.015620,0.018316,4.920034,0.200103,0.053148,0.053148,0.000000,,0,0,0,1,1,0,-0.012376,-0.061252,0.6875,0.4501,0.2675,2,ok
0,2930,2.102662,-1.680150,-0.036847,-0.015476,0.022086,4.943955,0.200191,0.135857,0.135857,0.000000,,0,0,0,1,1,0,-0.012376,-0.061252,0.6875,0.4501,0.2675,2,ok
0,2931,2.126651,-1.681528,-0.024186,-0.015396,0.034747,4.967983,0.200258,0.153322,0.153322,0.000000,,0,0,0,1,1,0,-0.012299,-0.056674,0.7500,0.5447,0.2673,2,ok
0,2932,2.146646,-1.682392,-0.016482,-0.015093,0.034002,4.987878,0.200125,0.106563,0.106563,0.000000,,0,0,0,1,1,0,-0.010599,-0.056046,0.7500,0.5544,0.2666,2,ok
0,2933,2.166645,-1.682965,-0.011573,-0.014605,0.038911,5.007878,0.200053,0.067238,0.067238,0.000000,,0,0,0,1,1,0,-0.011145,-0.052325,0.7500,0.6254,0.2717,2,ok
0,2934,2.190644,-1.683574,-0.002302,-0.013943,0.048182,5.031876,0.200064,0.112412,0.112412,0.000000,,0,0,0,1,1,0,-0.007238,-0.064223,0.6875,0.5459,0.2692,2,ok
0,2935,2.214644,-1.683870,0.002761,-0.013204,0.043321,5.055723,0.200009,0.057354,0.057354,0.000000,,0,0,0,1,1,0,-0.009101,-0.065557,0.7500,0.6525,0.2704,2,ok
0,2936,2.238644,-1.683965,0.006139,-0.012274,0.046699,5.079705,0.199997,0.038801,0.038801,0.000000,,0,0,0,1,1,0,-0.005391,-0.076988,0.6667,0.6233,0.2686,2,ok
0,2937,2.258642,-1.684003,0.016695,-0.011667,0.044730,5.099530,0.199974,0.160772,0.160772,0.000000,,0,0,0,1,1,0,-0.008077,-0.099947,0.6667,0.7265,0.2713,2,ok
0,2938,2.278638,-1.684041,0.026357,-0.011123,0.054393,5.119518,0.199934,0.136816,0.136816,0.000000,,0,0,0,1,1,0,-0.005667,-0.099780,0.6875,0.7231,0.2684,2,ok
0,2939,2.302627,-1.683726,0.033123,-0.010199,0.046385,5.143369,0.199921,0.077796,0.077796,0.000000,,0,0,0,1,1,0,-0.004165,-0.096294,0.7083,0.7080,0.2696,2,ok
0,2940,2.326609,-1.683306,0.043900,-0.009364,0.057163,5.167340,0.199842,0.133701,0.133701,0.000000,,0,0,0,1,1,0,-0.002444,-0.097694,0.7708,0.7338,0.2665,2,ok
0,2941,2.346583,-1.682956,0.059076,-0.008667,0.072339,5.187305,0.199692,0.229767,0.229767,0.000000,,0,0,0,1,1,0,-0.001518,-0.100325,0.7500,0.7755,0.2647,2,ok
0,2942,2.366537,-1.682540,0.075320,-0.008277,0.071371,5.207093,0.199521,0.240832,0.240832,0.000000,,0,0,0,1,1,0,0.000029,-0.092438,0.7708,0.7889,0.2640,2,ok
0,2943,2.390452,-1.681551,0.093194,-0.007334,0.089245,5.231010,0.199398,0.221319,0.221319,0.000000,,0,0,0,1,1,0,0.001021,-0.099757,0.7500,0.8156,0.2636,2,ok
0,2944,2.414340,-1.679604,0.099686,-0.005710,0.076437,5.254795,0.199750,-0.012589,0.071319,0.083907,C-06,0,0,0,1,1,0,0.005233,-0.099621,0.7708,0.7748,0.2645,2,ok
0,2945,2.438226,-1.677225,0.094093,-0.003831,0.070843,5.278727,0.200107,-0.217571,-0.078681,0.138890,C-06,0,0,0,1,1,0,0.009150,-0.111183,0.7083,0.7377,0.2627,2,ok
0,2946,2.458135,-1.675344,0.098068,-0.002495,0.051233,5.298615,0.199923,0.278659,0.071319,-0.207340,C-06,0,0,0,1,1,0,0.011198,-0.129236,0.6875,0.7006,0.2653,2,ok
0,2947,2.478025,-1.673472,0.111790,-0.001487,0.064955,5.318568,0.199649,0.555136,0.221319,-0.333817,C-06,0,0,0,1,1,0,0.009217,-0.157605,0.6250,0.7711,0.2625,2,ok
0,2948,2.501836,-1.671225,0.140129,-0.000275,0.093294,5.342454,0.198959,0.534290,0.371319,-0.162971,C-06,0,0,0,1,1,0,0.013368,-0.161092,0.6875,0.7006,0.2622,2,ok
0,2949,2.525543,-1.668969,0.172633,0.000462,0.100445,5.366253,0.198037,0.427614,0.427614,0.000000,,0,0,0,1,1,0,0.017372,-0.146601,0.7708,0.6762,0.2671,2,ok
0,2950,2.545212,-1.666325,0.190912,0.001775,0.118724,5.386056,0.198470,-0.058587,0.277614,0.336201,C-06,0,0,0,1,1,0,0.020462,-0.135554,0.7500,0.6595,0.2670,2,ok
0,2951,2.564831,-1.662896,0.199549,0.003657,0.096897,5.405986,0.199219,0.017516,0.127614,0.110097,C-06,0,0,0,1,1,0,0.023292,-0.127520,0.7292,0.6216,0.2652,2,ok
0,2952,2.588355,-1.658186,0.198546,0.005981,0.095894,5.429865,0.200003,-0.033880,-0.022386,0.011493,C-06,0,0,0,1,1,0,0.023666,-0.126227,0.7292,0.6466,0.2691,2,ok
0,2953,2.611887,-1.653448,0.197103,0.008331,0.094452,5.453126,0.200059,-0.019108,-0.019108,0.000000,,0,0,0,1,1,0,0.035922,-0.145273,0.7083,0.2495,0.2461,2,ok
0,2954,2.635406,-1.648748,0.204693,0.009954,0.068621,5.477915,0.199715,0.110657,0.110657,0.000000,,0,0,0,1,1,0,0.023654,-0.167880,0.6875,0.6152,0.2632,2,ok
0,2955,2.654958,-1.644833,0.220034,0.011327,0.083962,5.497808,0.199103,0.379511,0.260657,-0.118854,C-06,0,0,0,1,1,0,0.022725,-0.172869,0.6875,0.6372,0.2604,2,ok
0,2956,2.674424,-1.640918,0.244229,0.012257,0.068931,5.518170,0.198039,1.000000,0.410657,-0.589343,C-06,0,0,0,1,1,0,0.024333,-0.175239,0.6667,0.6039,0.2620,2,ok
0,2957,2.697594,-1.636211,0.283508,0.012901,0.108210,5.541806,0.196229,1.000000,0.560657,-0.439343,C-06,0,0,0,1,1,0,0.024643,-0.173186,0.6667,0.6211,0.2608,2,ok
0,2958,2.720532,-1.630516,0.313101,0.014557,0.137803,5.562802,0.196978,0.152711,0.410657,0.257945,C-06,0,0,0,1,1,0,0.029217,-0.138621,0.7292,0.5784,0.2586,2,ok
0,2959,2.739510,-1.624895,0.328599,0.015984,0.111821,5.585656,0.197989,0.115522,0.260657,0.145134,C-06,0,0,0,1,1,0,0.030075,-0.122611,0.7500,0.6063,0.2623,2,ok
0,2960,2.758415,-1.618677,0.335680,0.018114,0.118902,5.605443,0.199099,0.113221,0.113221,0.000000,,0,0,0,1,1,0,0.031286,-0.113737,0.7500,0.6177,0.2647,2,ok
0,2961,2.781080,-1.610786,0.333857,0.020486,0.074030,5.630361,0.200128,-0.227537,-0.036779,0.190758,C-06,0,0,0,1,1,0,0.032945,-0.113198,0.7083,0.5980,0.2654,2,ok
0,2962,2.803781,-1.602872,0.326793,0.022212,0.066967,5.654340,0.200547,-0.107247,-0.107247,0.000000,,0,0,0,1,1,0,0.035306,-0.123040,0.7500,0.5372,0.2640,2,ok
0,2963,2.826572,-1.594991,0.309814,0.023681,0.008726,5.679453,0.201429,-0.298357,-0.257247,0.041110,C-06,0,0,0,1,1,0,0.034014,-0.156966,0.7292,0.5459,0.2662,2,ok
0,2964,2.845683,-1.588425,0.287688,0.024145,-0.013400,5.699655,0.202640,-0.391692,-0.391692,0.000000,,0,0,0,1,1,0,0.031189,-0.181294,0.6875,0.5594,0.2637,2,ok
0,2965,2.864907,-1.582161,0.271635,0.024287,-0.029453,5.719873,0.202117,-0.260302,-0.260302,0.000000,,0,0,0,1,1,0,0.031189,-0.181294,0.6875,0.5594,0.2637,2,ok
0,2966,2.888056,-1.575414,0.263101,0.023162,-0.078372,5.744819,0.200855,0.543838,-0.110302,-0.654141,C-06,0,0,0,1,1,0,0.024106,-0.252288,0.6875,0.5770,0.2588,2,ok
0,2967,2.911225,-1.569156,0.265211,0.021242,-0.076261,5.768742,0.199879,1.000000,0.039698,-0.960302,C-06,0,0,0,1,1,0,0.018262,-0.274635,0.7708,0.5890,0.2613,2,ok
0,2968,2.930501,-1.563947,0.275621,0.019460,-0.101888,5.789341,0.199411,0.569697,0.189698,-0.380000,C-06,0,0,0,1,1,0,0.014910,-0.284438,0.7708,0.6036,0.2635,2,ok
0,2969,2.949695,-1.558738,0.294852,0.017189,-0.082657,5.809100,0.198395,0.555420,0.339698,-0.215722,C-06,0,0,0,1,1,0,0.012295,-0.284584,0.7708,0.6047,0.2623,2,ok
0,2970,2.972575,-1.552447,0.318571,0.014556,-0.058938,5.832682,0.197442,0.340142,0.340142,0.000000,,0,0,0,1,1,0,0.009995,-0.273823,0.7708,0.6110,0.2614,2,ok
0,2971,2.995255,-1.545817,0.348051,0.011707,-0.063252,5.856601,0.196690,0.436938,0.436938,0.000000,,0,0,0,1,1,0,0.010458,-0.278351,0.7500,0.5524,0.2615,2,ok
0,2972,3.017731,-1.538230,0.368075,0.009649,-0.043228,5.880233,0.197757,0.279176,0.286938,0.007762,C-06,0,0,0,1,1,0,0.007190,-0.259143,0.7500,0.5912,0.2634,2,ok
0,2973,3.036335,-1.531511,0.383717,0.008098,-0.060335,5.900228,0.197807,0.280522,0.280522,0.000000,,0,0,0,1,1,0,0.006511,-0.251106,0.7500,0.5700,0.2619,2,ok
0,2974,3.054829,-1.524415,0.397132,0.006565,-0.046920,5.919978,0.198123,0.240004,0.240004,0.000000,,0,0,0,1,1,0,0.005127,-0.247549,0.7292,0.5809,0.2608,2,ok
0,2975,3.076848,-1.515590,0.421889,0.005081,-0.022163,5.943653,0.197049,0.409026,0.390004,-0.019023,C-06,0,0,0,1,1,0,0.002357,-0.239903,0.6458,0.6086,0.2613,2,ok
0,2976,3.098596,-1.506432,0.451815,0.003314,-0.024233,5.967348,0.196582,0.470703,0.470703,0.000000,,0,0,0,1,1,0,-0.002367,-0.222892,0.7083,0.6801,0.2658,2,ok
0,2977,3.116475,-1.498277,0.477702,0.002352,0.001653,5.986976,0.196579,0.493606,0.493606,0.000000,,0,0,0,1,1,0,0.000935,-0.204571,0.7500,0.6022,0.2660,2,ok
0,2978,3.134148,-1.489449,0.496196,0.001873,-0.010946,6.006789,0.197699,0.285121,0.343606,0.058485,C-06,0,0,0,1,1,0,0.002517,-0.190636,0.7917,0.5988,0.2680,2,ok
0,2979,3.155180,-1.478226,0.508608,0.001457,0.001467,6.030625,0.198740,0.093687,0.193606,0.099918,C-06,0,0,0,1,1,0,0.002517,-0.190636,0.7917,0.5988,0.2680,2,ok
0,2980,3.176120,-1.466585,0.511899,0.001451,0.004758,6.053868,0.199717,0.004023,0.043606,0.039583,C-06,0,0,0,1,1,0,0.003023,-0.180092,0.7292,0.6159,0.2651,2,ok
0,2981,3.196981,-1.454830,0.523135,0.000797,-0.015017,6.078565,0.199092,0.292003,0.193606,-0.098397,C-06,0,0,0,1,1,0,0.014418,-0.193862,0.7292,0.2280,0.2473,2,ok
0,2982,3.214225,-1.444915,0.539848,0.000446,0.001696,6.098454,0.198275,0.380292,0.343606,-0.036687,C-06,0,0,0,1,1,0,0.012851,-0.197914,0.7083,0.2513,0.2454,2,ok
0,2983,3.231326,-1.434769,0.550057,0.000062,-0.018189,6.118344,0.198925,-0.028150,0.193606,0.221756,C-06,0,0,0,1,1,0,0.003054,-0.198366,0.7083,0.5512,0.2635,2,ok
0,2984,3.251763,-1.422253,0.553184,-0.000379,-0.015062,6.142305,0.199761,-0.297766,0.043606,0.341372,C-06,0,0,0,1,1,0,0.002644,-0.190758,0.7083,0.5643,0.2629,2,ok
0,2985,3.272167,-1.409673,0.555921,-0.000900,-0.041960,6.166247,0.199750,0.046145,0.046145,0.000000,,0,0,0,1,1,0,0.004108,-0.219015,0.6458,0.5028,0.2613,2,ok
0,2986,3.289110,-1.399119,0.565065,-0.001733,-0.032815,6.186190,0.199237,0.771501,0.196145,-0.575355,C-06,0,0,0,1,1,0,0.002588,-0.225725,0.6875,0.5018,0.2627,2,ok
0,2987,3.305917,-1.388429,0.581381,-0.002377,-0.016500,6.206098,0.198551,0.605589,0.346145,-0.259444,C-06,0,0,0,1,1,0,-0.000311,-0.223946,0.7500,0.5356,0.2669,2,ok
0,2988,3.325824,-1.375385,0.604056,-0.003247,-0.022868,6.229808,0.198444,0.393681,0.393681,0.000000,,0,0,0,1,1,0,-0.000079,-0.221732,0.7917,0.5167,0.2651,2,ok
0,2989,3.345457,-1.361812,0.621271,-0.003784,-0.005653,6.253670,0.199012,0.294069,0.294069,0.000000,,0,0,0,1,1,0,-0.000151,-0.208258,0.7708,0.5086,0.2635,2,ok
0,2990,3.364814,-1.347815,0.644312,-0.004069,-0.011612,6.277445,0.198953,0.415923,0.415923,0.000000,,0,0,0,1,1,0,-0.003505,-0.190784,0.7500,0.5827,0.2668,2,ok
0,2991,3.380698,-1.335796,0.661892,-0.004230,0.005969,6.297363,0.199316,0.376549,0.376549,0.000000,,0,0,0,1,1,0,-0.002566,-0.187967,0.7292,0.5659,0.2639,2,ok
0,2992,3.396396,-1.323471,0.674290,-0.004035,0.018366,6.317321,0.199662,0.262177,0.262177,0.000000,,0,0,0,1,1,0,-0.002762,-0.179318,0.7500,0.6073,0.2649,2,ok
0,2993,3.415092,-1.308448,0.680838,-0.004079,-0.003707,6.341189,0.199889,-0.116576,0.112177,0.228753,C-06,0,0,0,1,1,0,-0.002260,-0.175872,0.7292,0.6044,0.2663,2,ok
0,2994,3.433752,-1.293349,0.679116,-0.004184,-0.005429,6.365192,0.200039,-0.257484,-0.037823,0.219660,C-06,0,0,0,1,1,0,-0.002567,-0.183635,0.7083,0.6151,0.2644,2,ok
0,2995,3.449289,-1.280769,0.683663,-0.004532,-0.030366,6.385060,0.199903,0.268952,0.112177,-0.156776,C-06,0,0,0,1,1,0,-0.003975,-0.206600,0.7083,0.6295,0.2616,2,ok
0,2996,3.464726,-1.268073,0.695021,-0.005024,-0.019008,6.405041,0.199900,0.741972,0.262177,-0.479795,C-06,0,0,0,1,1,0,-0.006419,-0.210674,0.7083,0.6528,0.2596,2,ok
0,2997,3.483011,-1.252512,0.716913,-0.005211,0.002884,6.429050,0.200341,0.650233,0.412177,-0.238056,C-06,0,0,0,1,1,0,-0.007234,-0.207943,0.8125,0.6708,0.2606,2,ok
0,2998,3.501030,-1.236541,0.739683,-0.005604,-0.002910,6.452974,0.200918,0.413767,0.413767,0.000000,,0,0,0,1,1,0,-0.006901,-0.201520,0.7708,0.6717,0.2589,2,ok
0,2999,3.518719,-1.220189,0.759581,-0.005502,0.016988,6.477063,0.200560,0.350189,0.350189,0.000000,,0,0,0,1,1,0,-0.005663,-0.186366,0.7917,0.6962,0.2602,2,ok
0,3000,3.533121,-1.206264,0.781372,-0.005429,0.009968,6.496918,0.200143,0.464195,0.464195,0.000000,,0,0,0,1,1,0,-0.007813,-0.179618,0.7500,0.7733,0.2646,2,ok
