episode,step,x,y,yaw,ey,epsi,s,speed,raw_steer,safe_steer,steer_correction,interventions,emergency,cv_ok,cv_state_available,cv_perception_invalid,cv_ey,cv_epsi,cv_confidence
0,1,-0.000666,-0.115745,-0.018013,0.006659,0.032631,0.003228,0.056974,-0.570625,-0.570625,0.000000,,0,1,1,0,0.013996,0.022242,0.7708
0,2,0.010296,-0.115910,-0.053546,0.006504,-0.002902,0.014190,0.120425,-0.272004,-0.420625,-0.148622,C-06,0,1,1,0,0.011557,-0.004332,0.7917
0,3,0.028857,-0.116196,-0.076193,0.006236,-0.025548,0.032751,0.183683,0.197612,-0.270625,-0.468238,C-06,0,1,1,0,0.009020,-0.038725,0.7708
0,4,0.048628,-0.117293,-0.084914,0.005157,-0.034269,0.052524,0.199661,0.752658,-0.120625,-0.873284,C-06,0,1,1,0,0.006358,-0.073467,0.7292
0,5,0.072543,-0.119294,-0.083177,0.003179,-0.032533,0.076440,0.200022,0.857251,0.029375,-0.827876,C-06,0,1,1,0,0.004989,-0.086069,0.7292
0,6,0.092482,-0.120985,-0.071927,0.001508,-0.021283,0.096381,0.200188,0.675287,0.179375,-0.495913,C-06,0,1,1,0,0.002793,-0.083413,0.6667
0,7,0.112444,-0.122675,-0.050367,-0.000175,-0.037305,0.116344,0.200448,0.586959,0.329375,-0.257584,C-06,0,1,1,0,0.001433,-0.075673,0.6875
0,8,0.136430,-0.124704,-0.014192,-0.002204,-0.001130,0.140330,0.200688,0.443298,0.443298,0.000000,,0,1,1,0,0.001714,-0.061680,0.6875
0,9,0.156429,-0.126023,0.007158,-0.003523,0.020220,0.160329,0.200309,-0.346132,0.293298,0.639430,C-06,0,1,1,0,0.001872,-0.016753,0.7083
0,10,0.180427,-0.126451,0.019883,-0.003951,0.032946,0.184327,0.199974,-0.761781,0.143298,0.905079,C-06,0,1,1,0,0.002235,0.004560,0.7292
0,11,0.200423,-0.126079,0.020049,-0.003579,0.033111,0.203900,0.200001,-0.925450,-0.006702,0.918747,C-06,0,1,1,0,0.002493,0.017606,0.7917
0,12,0.220420,-0.125670,0.009917,-0.003170,0.010109,0.224320,0.200031,-0.749227,-0.156702,0.592525,C-06,0,1,1,0,0.003173,0.019118,0.7917
0,13,0.240420,-0.125261,-0.010865,-0.002761,-0.010672,0.244320,0.200032,-0.589806,-0.306702,0.283104,C-06,0,1,1,0,0.002896,0.013896,0.7708
0,14,0.264416,-0.124911,-0.024675,-0.002411,-0.024482,0.268316,0.199949,-0.116463,-0.156702,-0.040240,C-06,0,1,1,0,0.002383,-0.006666,0.7292
0,15,0.284409,-0.125357,-0.025769,-0.002857,-0.025576,0.288309,0.199993,0.271864,-0.006702,-0.278566,C-06,0,1,1,0,0.001471,-0.020267,0.7292
0,16,0.304404,-0.125845,-0.016613,-0.003345,-0.016613,0.308304,0.200030,0.451466,0.143298,-0.308168,C-06,0,1,1,0,0.000655,-0.025251,0.6875
0,17,0.324403,-0.126333,0.003195,-0.003833,0.003195,0.328303,0.200059,0.393857,0.293298,-0.100560,C-06,0,1,1,0,0.001532,-0.027470,0.6667
0,18,0.348401,-0.126917,0.021185,-0.004417,0.021185,0.352301,0.200013,0.210745,0.210745,0.000000,,0,1,1,0,0.000897,-0.006152,0.6875
0,19,0.372394,-0.126673,0.026903,-0.004173,0.026903,0.376294,0.199949,-0.248886,0.060745,0.309630,C-06,0,1,1,0,0.002494,0.016631,0.7500
0,20,0.392388,-0.126147,0.021220,-0.003647,0.021220,0.396288,0.200025,-0.406161,-0.089255,0.316906,C-06,0,1,1,0,0.002675,0.026170,0.7500
0,21,0.412386,-0.125612,0.005284,-0.003112,0.005284,0.416286,0.200068,-0.352055,-0.239255,0.112799,C-06,0,1,1,0,0.003285,0.023041,0.7917
0,22,0.432386,-0.125088,-0.004612,-0.002588,-0.004612,0.436286,0.200056,-0.132532,-0.132532,0.000000,,0,1,1,0,0.002963,0.010861,0.7917
0,23,0.456386,-0.125177,-0.003780,-0.002677,-0.003780,0.460286,0.200001,0.140534,0.017468,-0.123067,C-06,0,1,1,0,0.002428,-0.001069,0.7708
0,24,0.476386,-0.125280,0.007088,-0.002780,0.007088,0.480286,0.199998,0.347259,0.167468,-0.179792,C-06,0,1,1,0,0.002588,-0.005742,0.7292
0,25,0.496383,-0.125383,0.025336,-0.002883,0.025336,0.500283,0.199943,0.267887,0.267887,0.000000,,0,1,1,0,0.004015,-0.001006,0.6875
0,26,0.516374,-0.125278,0.034166,-0.002778,0.034166,0.520274,0.199895,0.033441,0.117887,0.084447,C-06,0,1,1,0,0.005207,0.017104,0.6875
0,27,0.540360,-0.124483,0.032146,-0.001983,0.032146,0.544260,0.200014,-0.057896,-0.032113,0.025783,C-06,0,1,1,0,0.005029,0.031804,0.7083
0,28,0.564346,-0.123709,0.037349,-0.001209,0.037349,0.568246,0.199966,0.068625,0.068625,0.000000,,0,1,1,0,0.006341,0.028296,0.7292
0,29,0.584327,-0.123066,0.049778,-0.000566,0.049778,0.588227,0.199863,0.191351,0.191351,0.000000,,0,1,1,0,0.007115,0.030755,0.7500
0,30,0.608287,-0.122295,0.065995,0.000205,0.065995,0.612187,0.199678,0.198936,0.198936,0.000000,,0,1,1,0,0.007111,0.046369,0.7292
0,31,0.632230,-0.120911,0.070586,0.001589,0.070586,0.636131,0.199874,0.037704,0.048936,0.011233,C-06,0,1,1,0,0.010229,0.061946,0.7708
0,32,0.656171,-0.119256,0.069693,0.003244,0.069693,0.660071,0.199996,-0.014240,-0.014240,0.000000,,0,1,1,0,0.009495,0.081873,0.7708
0,33,0.680109,-0.117591,0.075021,0.004909,0.075021,0.684009,0.199924,0.070766,0.070766,0.000000,,0,1,1,0,0.010800,0.087085,0.7292
0,34,0.704026,-0.115925,0.091855,0.006575,0.091855,0.707926,0.199655,0.248995,0.220766,-0.028229,C-06,0,1,1,0,0.009413,0.107374,0.7083
0,35,0.723936,-0.114314,0.097268,0.008186,0.097268,0.727836,0.199758,0.035688,0.070766,0.035078,C-06,0,1,1,0,0.010809,0.122482,0.6458
0,36,0.747828,-0.111995,0.091723,0.010505,0.091723,0.751728,0.200105,-0.293528,-0.079234,0.214294,C-06,0,1,1,0,0.013806,0.129741,0.6042
0,37,0.771744,-0.109658,0.074861,0.012842,0.074861,0.775644,0.200377,-0.219000,-0.219000,0.000000,,0,1,1,0,0.020892,0.100778,0.6458
0,38,0.795682,-0.107606,0.068655,0.014894,0.068655,0.799582,0.200205,0.138508,-0.069000,-0.207508,C-06,0,1,1,0,0.013966,0.136511,0.6875
0,39,0.815632,-0.106225,0.073529,0.016275,0.073529,0.819532,0.199932,0.507295,0.081000,-0.426295,C-06,0,1,1,0,0.013896,0.137139,0.7500
0,40,0.839551,-0.104584,0.091296,0.017916,0.091296,0.843451,0.199651,0.359088,0.231000,-0.128088,C-06,0,1,1,0,0.014696,0.146785,0.6875
0,41,0.863443,-0.102685,0.098368,0.019815,0.098368,0.867343,0.199723,-0.106420,0.081000,0.187421,C-06,0,1,1,0,0.018567,0.158301,0.6875
0,42,0.887332,-0.100339,0.093527,0.022161,0.093527,0.891232,0.200093,-0.522994,-0.069000,0.453995,C-06,0,1,1,0,0.008994,0.232725,0.6458
0,43,0.907256,-0.098370,0.079695,0.024130,0.079695,0.911156,0.200323,-0.590146,-0.219000,0.371146,C-06,0,1,1,0,0.003276,0.274581,0.5833
0,44,0.931203,-0.096006,0.050506,0.026494,0.050506,0.935103,0.200700,-0.447363,-0.369000,0.078364,C-06,0,1,1,0,0.004662,0.254441,0.5833
0,45,0.955183,-0.093927,0.031202,0.028573,0.031202,0.959083,0.200509,-0.224962,-0.224962,0.000000,,0,1,1,0,0.010099,0.210040,0.6042
0,46,0.979174,-0.092855,0.024204,0.029645,0.024204,0.983074,0.200100,0.181139,-0.074962,-0.256101,C-06,0,1,1,0,0.005367,0.227146,0.6667
0,47,1.003165,-0.092261,0.029643,0.030239,0.029643,1.007065,0.199971,0.104575,0.075038,-0.029537,C-06,0,1,1,0,0.004021,0.236370,0.7292
0,48,1.023157,-0.091669,0.028354,0.030831,0.028354,1.027057,0.200009,-0.023739,-0.023739,0.000000,,0,1,1,0,0.004667,0.244841,0.7292
0,49,1.047151,-0.090951,0.014653,0.031549,0.014653,1.051051,0.200066,-0.365272,-0.173739,0.191533,C-06,0,1,1,0,0.004762,0.255214,0.7083
0,50,1.071149,-0.090395,0.009636,0.032105,0.009636,1.075049,0.200034,-0.052336,-0.052336,0.000000,,0,1,1,0,-0.001726,0.293818,0.6875
0,51,1.095148,-0.090132,0.011692,0.032368,0.011692,1.099048,0.199998,0.028629,0.028629,0.000000,,0,1,1,0,0.005169,0.243375,0.6458
0,52,1.119147,-0.089857,0.002274,0.032643,0.002274,1.123047,0.200012,-0.165751,-0.121371,0.044380,C-06,0,1,1,0,-0.010676,0.326913,0.6042
0,53,1.139147,-0.089627,-0.013897,0.032873,-0.013897,1.143047,0.199996,-0.235614,-0.235614,0.000000,,0,1,1,0,-0.006269,0.309947,0.6667
0,54,1.163143,-0.089623,-0.021834,0.032877,-0.021834,1.167043,0.199955,0.264223,-0.085614,-0.349837,C-06,0,1,1,0,-0.008196,0.315004,0.7083
0,55,1.187138,-0.090134,-0.017135,0.032366,-0.017135,1.191038,0.200019,0.582985,0.064386,-0.518600,C-06,0,1,1,0,0.001449,0.312579,0.4375
0,56,1.207136,-0.090578,-0.002913,0.031922,-0.003105,1.211037,0.200048,0.638951,0.214386,-0.424565,C-06,0,1,1,0,-0.005237,0.314017,0.8542
0,57,1.231134,-0.091111,0.026830,0.031389,0.026638,1.235034,0.199984,0.413565,0.364386,-0.049179,C-06,0,1,1,0,-0.001042,0.311166,0.7917
0,58,1.255118,-0.091298,0.045361,0.031202,0.045168,1.259018,0.199802,0.002950,0.214386,0.211435,C-06,0,1,1,0,0.002803,0.324046,0.7708
0,59,1.279090,-0.090473,0.051083,0.032027,0.050891,1.282990,0.199885,-0.453071,0.064386,0.517457,C-06,0,1,1,0,0.017230,0.279651,0.7083
0,60,1.303062,-0.089259,0.044864,0.033241,0.044672,1.303900,0.200060,-0.494722,-0.085614,0.409108,C-06,0,1,1,0,0.019504,0.278311,0.6875
0,61,1.323047,-0.088232,0.029431,0.034268,0.016369,1.326947,0.200172,-0.524775,-0.235614,0.289160,C-06,0,1,1,0,0.021335,0.268366,0.7083
0,62,1.347044,-0.086999,-0.002067,0.035501,-0.015129,1.350944,0.200263,-0.440526,-0.385614,0.054911,C-06,0,1,1,0,0.013849,0.310808,0.6875
0,63,1.371040,-0.085882,-0.028173,0.036618,-0.041235,1.374940,0.200059,-0.306462,-0.306462,0.000000,,0,1,1,0,0.016060,0.250522,0.6667
0,64,1.395013,-0.085089,-0.064924,0.037411,-0.077986,1.398913,0.199675,-0.669296,-0.456462,0.212833,C-06,0,1,1,0,0.018963,0.191676,0.6042
0,65,1.418935,-0.085268,-0.095043,0.037214,-0.145687,1.422871,0.199177,-0.368546,-0.368546,0.000000,,0,1,1,0,-0.010742,0.295128,0.6250
0,66,1.442805,-0.086745,-0.112923,0.035714,-0.163568,1.446739,0.199254,0.473089,-0.218546,-0.691635,C-06,0,1,1,0,0.064506,-0.212905,0.6250
0,67,1.466643,-0.089185,-0.119015,0.033251,-0.169659,1.470575,0.199716,1.000000,-0.068546,-1.068546,C-06,0,1,1,0,0.006616,0.125048,0.7083
0,68,1.490480,-0.092023,-0.113371,0.030390,-0.164015,1.494409,0.200129,1.000000,0.081454,-0.918546,C-06,0,1,1,0,-0.000336,0.112501,0.7917
0,69,1.510366,-0.094403,-0.098891,0.027523,-0.212301,1.516054,0.200424,1.000000,0.231454,-0.768546,C-06,0,1,1,0,-0.001974,0.086432,0.7292
0,70,1.534280,-0.097259,-0.069060,0.023135,-0.182470,1.539734,0.200918,1.000000,0.381454,-0.618546,C-06,0,1,1,0,-0.006856,0.085528,0.6667
0,71,1.558250,-0.100115,-0.026274,0.018743,-0.139684,1.563471,0.201331,1.000000,0.531454,-0.468546,C-06,0,1,1,0,-0.013493,0.196044,0.4792
0,72,1.582246,-0.102955,0.030528,0.014365,-0.082882,1.587235,0.201187,1.000000,0.681454,-0.318546,C-06,0,1,1,0,-0.012555,0.179992,0.4792
0,73,1.606193,-0.105205,0.097379,0.010580,-0.016030,1.610988,0.199524,1.000000,0.831454,-0.168546,C-06,0,1,1,0,-0.008225,0.150292,0.4792
0,74,1.626026,-0.106079,0.160407,0.007009,-0.041138,1.631680,0.197564,1.000000,0.981454,-0.018546,C-06,0,1,1,0,-0.003210,0.128961,0.4792
0,75,1.649580,-0.104828,0.223435,0.003829,0.021891,1.655053,0.195949,0.288526,0.831454,0.542929,C-06,0,1,1,0,0.043467,-0.220389,0.6250
0,76,1.672840,-0.101398,0.273391,0.002846,0.071847,1.678543,0.195694,-0.452223,0.681454,1.133677,C-06,0,1,1,0,0.040497,-0.183984,0.6458
0,77,1.695818,-0.096246,0.311421,0.003606,0.109876,1.702080,0.196203,-1.000000,0.531454,1.531454,C-06,0,1,1,0,-0.015309,0.220888,0.7083
0,78,1.718561,-0.089769,0.338333,0.005713,0.136789,1.725633,0.197101,-1.000000,0.381454,1.381454,C-06,0,1,1,0,-0.010884,0.213591,0.7708
0,79,1.737379,-0.083581,0.352101,0.006996,0.037603,1.746240,0.198181,-1.000000,0.231454,1.231454,C-06,0,1,1,0,-0.005040,0.192320,0.7917
0,80,1.759880,-0.075481,0.358049,0.007741,0.043551,1.770144,0.199344,-1.000000,0.081454,1.081454,C-06,0,1,1,0,-0.003469,0.188077,0.7708
0,81,1.782373,-0.067084,0.354028,0.008772,0.039530,1.794130,0.200248,-0.949553,-0.068546,0.881008,C-06,0,1,1,0,0.004240,0.114271,0.7500
0,82,1.801169,-0.060115,0.342373,0.009587,0.027875,1.814161,0.200816,-0.295100,-0.218546,0.076554,C-06,0,1,1,0,-0.001104,0.130212,0.7292
0,83,1.823799,-0.051914,0.337170,0.010388,0.022672,1.838217,0.200563,0.410026,-0.068546,-0.478572,C-06,0,1,1,0,-0.004864,0.124381,0.6667
0,84,1.846429,-0.043963,0.342274,0.009514,-0.097486,1.863489,0.199705,1.000000,0.081454,-0.918546,C-06,0,1,0,0,0.045779,-0.255141,0.6042
0,85,1.868979,-0.035986,0.357345,0.007114,-0.082415,1.887287,0.198860,1.000000,0.231454,-0.768546,C-06,0,1,1,0,-0.026967,0.166040,0.6667
0,86,1.891358,-0.028008,0.382438,0.004789,-0.057322,1.910932,0.197185,1.000000,0.381454,-0.618546,C-06,0,1,1,0,-0.029679,0.164034,0.6875
0,87,1.909806,-0.021237,0.411043,0.003048,-0.028717,1.930507,0.196010,1.000000,0.531454,-0.468546,C-06,0,1,1,0,-0.026422,0.125252,0.6667
0,88,1.931596,-0.012581,0.454386,0.001586,0.014626,1.953907,0.195156,1.000000,0.681454,-0.318546,C-06,0,1,1,0,-0.028186,0.134616,0.6875
0,89,1.952885,-0.002958,0.505745,-0.000032,-0.059782,1.977341,0.194711,1.000000,0.831454,-0.168546,C-06,0,1,1,0,-0.024267,0.113780,0.6875
0,90,1.973532,0.007952,0.564351,-0.001872,-0.001176,2.000621,0.195007,1.000000,0.981454,-0.018546,C-06,0,1,1,0,-0.024430,0.144795,0.7292
0,91,1.993487,0.020473,0.613266,-0.001981,0.047739,2.024178,0.196964,0.781335,0.831454,0.050119,C-06,0,1,1,0,-0.019730,0.143897,0.7292
0,92,2.009651,0.031891,0.645837,-0.000992,0.080310,2.043943,0.198312,0.113893,0.681454,0.567561,C-06,0,1,1,0,-0.013483,0.129206,0.7292
0,93,2.028597,0.046429,0.675675,0.001142,0.110148,2.067728,0.199331,-0.380240,0.531454,0.911695,C-06,0,1,1,0,-0.009552,0.128121,0.6875
0,94,2.047160,0.061584,0.696886,0.002918,0.005871,2.091957,0.199881,-0.475886,0.381454,0.857340,C-06,0,1,1,0,-0.019343,0.188553,0.6458
0,95,2.062429,0.074502,0.707608,0.003148,0.016593,2.111955,0.200062,-0.507212,0.231454,0.738666,C-06,0,1,1,0,-0.040227,0.305509,0.6667
0,96,2.080632,0.090150,0.712488,0.003615,0.021472,2.135955,0.200048,-0.376625,0.081454,0.458079,C-06,0,1,1,0,-0.035841,0.287146,0.6458
0,97,2.098735,0.105945,0.724693,0.004257,0.033677,2.159972,0.200309,0.253095,0.231454,-0.021641,C-06,0,1,1,0,-0.010304,0.122198,0.6875
0,98,2.116648,0.122033,0.745339,0.005247,0.054324,2.184029,0.200949,0.713031,0.381454,-0.331576,C-06,0,1,1,0,-0.010790,0.112737,0.7500
0,99,2.134147,0.138562,0.775012,0.005640,-0.041552,2.208837,0.200369,0.972015,0.531454,-0.440560,C-06,0,1,1,0,-0.006976,0.082008,0.7708
0,100,2.148218,0.152740,0.807361,0.005081,-0.009203,2.228804,0.199185,1.000000,0.681454,-0.318546,C-06,0,1,1,0,-0.008813,0.097409,0.7708
0,101,2.164493,0.170169,0.843700,0.005141,0.027136,2.252650,0.198955,0.646989,0.646989,0.000000,,0,1,1,0,-0.011485,0.135693,0.7500
0,102,2.180196,0.188263,0.871081,0.006072,0.054518,2.276591,0.200042,0.269531,0.496989,0.227458,C-06,0,1,1,0,-0.008063,0.127596,0.7083
0,103,2.195513,0.206771,0.890159,0.007568,0.073595,2.300568,0.200331,0.041733,0.346989,0.305256,C-06,0,1,1,0,-0.005957,0.123263,0.6667
0,104,2.210560,0.225506,0.901162,0.008141,-0.041384,2.325622,0.200284,0.125240,0.196989,0.071749,C-06,0,1,1,0,-0.025059,0.214242,0.6250
0,105,2.222937,0.241280,0.916718,0.007412,-0.025828,2.345658,0.200719,0.416882,0.346989,-0.069894,C-06,0,1,1,0,-0.027997,0.225399,0.6667
0,106,2.237487,0.260519,0.944164,0.006965,0.001617,2.369776,0.201556,0.708854,0.496989,-0.211865,C-06,0,1,1,0,0.040138,-0.217900,0.6458
0,107,2.251630,0.280208,0.980967,0.007113,0.038420,2.394018,0.202867,0.853193,0.646989,-0.206204,C-06,0,1,1,0,-0.008822,0.104002,0.7292
0,108,2.263078,0.297001,1.012797,0.007734,0.070251,2.414332,0.203533,0.650289,0.650289,0.000000,,0,1,1,0,-0.006398,0.098549,0.7292
0,109,2.276158,0.317553,1.043547,0.008161,-0.024738,2.439748,0.203149,0.503320,0.503320,0.000000,,0,1,1,0,-0.005811,0.101090,0.7292
0,110,2.288566,0.338428,1.065697,0.007342,-0.002588,2.464018,0.202383,-0.011335,0.353320,0.364654,C-06,0,1,1,0,-0.002865,0.099881,0.7500
0,111,2.300399,0.359508,1.078742,0.007126,0.010457,2.488191,0.201417,0.121451,0.203320,0.081868,C-06,0,1,1,0,-0.008795,0.144238,0.7500
0,112,2.311934,0.380776,1.100193,0.007263,0.031908,2.512386,0.202405,0.422035,0.353320,-0.068715,C-06,0,1,1,0,-0.007969,0.126547,0.7083
0,113,2.321428,0.398715,1.126318,0.007583,0.058033,2.532680,0.203869,0.836596,0.503320,-0.333276,C-06,0,1,1,0,-0.013241,0.142316,0.6667
0,114,2.332630,0.420586,1.168002,0.006895,-0.025766,2.558206,0.205586,0.806792,0.653320,-0.153472,C-06,0,1,1,0,-0.029382,0.221743,0.6458
0,115,2.342983,0.442821,1.201970,0.005427,0.008201,2.582690,0.204369,0.485794,0.503320,0.017525,C-06,0,1,1,0,0.043376,-0.216608,0.6250
0,116,2.352376,0.465312,1.226519,0.004946,0.032750,2.607059,0.203033,0.082551,0.353320,0.270768,C-06,0,1,1,0,0.038809,-0.195292,0.6667
0,117,2.360934,0.487964,1.241063,0.005300,0.047294,2.631270,0.201703,0.051113,0.203320,0.152206,C-06,0,1,1,0,-0.006337,0.109410,0.7083
0,118,2.367888,0.506938,1.257758,0.005796,0.063989,2.651473,0.202510,0.297311,0.297311,0.000000,,0,1,1,0,-0.006915,0.105076,0.7292
0,119,2.376114,0.529878,1.288567,0.004851,-0.030992,2.676542,0.203823,0.664351,0.447311,-0.217040,C-06,0,1,1,0,-0.007289,0.097754,0.7500
0,120,2.384183,0.553060,1.330925,0.002804,0.011367,2.701003,0.205071,0.800379,0.597311,-0.203068,C-06,0,1,1,0,-0.014733,0.151994,0.7708
0,121,2.390209,0.572558,1.361801,0.001820,0.042242,2.721386,0.203915,0.496970,0.496970,0.000000,,0,1,1,0,-0.011515,0.136591,0.7292
0,122,2.396274,0.596100,1.388400,0.001803,0.068842,2.745697,0.202441,0.198198,0.346970,0.148772,C-06,0,1,1,0,-0.008356,0.124106,0.7083
0,123,2.401275,0.619736,1.403936,0.002841,0.084377,2.769834,0.201238,0.090757,0.196970,0.106212,C-06,0,1,1,0,-0.024152,0.218412,0.6875
0,124,2.406057,0.643443,1.426034,0.002101,-0.019288,2.794375,0.201773,0.293110,0.293110,0.000000,,0,1,1,0,-0.025809,0.201467,0.6458
0,125,2.410750,0.667245,1.459940,0.000443,0.014618,2.818578,0.202512,0.444597,0.443110,-0.001487,C-06,0,1,1,0,0.039066,-0.208689,0.6250
0,126,2.413998,0.687145,1.481918,-0.000273,0.036595,2.838729,0.201503,0.325194,0.325194,0.000000,,0,1,1,0,-0.017530,0.154143,0.6667
0,127,2.417357,0.711075,1.508538,-0.000591,0.063216,2.862891,0.201251,0.329931,0.329931,0.000000,,0,1,1,0,-0.010042,0.104305,0.7083
0,128,2.420297,0.735048,1.540521,-0.000489,0.095199,2.887044,0.201153,0.391313,0.391313,0.000000,,0,1,1,0,-0.010432,0.105621,0.7292
0,129,2.422261,0.759044,1.566487,-0.001561,-0.004310,2.911034,0.200489,0.306324,0.306324,0.000000,,0,1,1,0,-0.009639,0.101223,0.7500
0,130,2.423783,0.783041,1.597538,-0.003083,0.026742,2.935032,0.200200,0.370929,0.370929,0.000000,,0,1,1,0,-0.009881,0.100414,0.7708
0,131,2.424399,0.803026,1.620965,-0.003699,0.050169,2.955017,0.199797,0.337546,0.337546,0.000000,,0,1,1,0,-0.015938,0.148693,0.7292
0,132,2.424250,0.826980,1.643700,-0.003550,0.072904,2.978971,0.199515,0.275675,0.275675,0.000000,,0,1,1,0,-0.012703,0.125891,0.7083
0,133,2.423676,0.850890,1.670669,-0.002976,0.099873,3.002881,0.199145,0.339866,0.339866,0.000000,,0,1,1,0,-0.029384,0.220588,0.6875
0,134,2.422760,0.870766,1.693735,-0.003664,-0.002536,3.022395,0.198846,0.351706,0.351706,0.000000,,0,1,1,0,-0.048321,0.301474,0.6667
0,135,2.420820,0.894549,1.716674,-0.004735,0.020404,3.046232,0.198768,0.291936,0.291936,0.000000,,0,1,1,0,-0.045604,0.292539,0.6875
0,136,2.418347,0.918251,1.740496,-0.005267,0.044226,3.070057,0.198485,0.312318,0.312318,0.000000,,0,1,1,0,0.029074,-0.181945,0.6667
0,137,2.415892,0.937926,1.761814,-0.005310,0.065544,3.089885,0.198182,0.340327,0.340327,0.000000,,0,1,1,0,-0.033737,0.238981,0.7292
0,138,2.412466,0.961423,1.790216,-0.004870,0.093946,3.113626,0.197730,0.384550,0.384550,0.000000,,0,1,1,0,-0.014452,0.109390,0.7500
0,139,2.408377,0.984768,1.819520,-0.005158,-0.002514,3.136742,0.197398,0.402642,0.402642,0.000000,,0,1,1,0,-0.011502,0.090940,0.7708
0,140,2.404176,1.004105,1.837997,-0.005902,0.015962,3.156516,0.197900,0.300491,0.300491,0.000000,,0,1,1,0,-0.012825,0.103922,0.7292
0,141,2.399699,1.023334,1.861299,-0.006350,0.039265,3.176254,0.197143,0.401081,0.401081,0.000000,,0,1,1,0,-0.011565,0.094070,0.7292
0,142,2.393757,1.046232,1.888579,-0.006293,0.066544,3.199910,0.197100,0.389901,0.389901,0.000000,,0,1,1,0,-0.015706,0.129151,0.7083
0,143,2.388144,1.065171,1.907106,-0.005569,0.085072,3.219651,0.197562,0.317568,0.317568,0.000000,,0,1,1,0,-0.014497,0.120396,0.6667
0,144,2.380967,1.087729,1.931502,-0.004231,0.109468,3.241554,0.197211,0.361338,0.361338,0.000000,,0,1,1,0,-0.029918,0.217231,0.6875
0,145,2.373293,1.110063,1.959905,-0.005473,0.012081,3.266338,0.196713,0.429229,0.429229,0.000000,,0,1,1,0,-0.048224,0.295897,0.6875
0,146,2.366161,1.128505,1.975865,-0.005608,0.028041,3.286111,0.197835,0.279210,0.279229,0.000019,C-06,0,1,1,0,0.030026,-0.183350,0.6458
0,147,2.357228,1.150462,1.997164,-0.005358,0.049340,3.309814,0.197497,0.330095,0.330095,0.000000,,0,1,1,0,0.025943,-0.175760,0.6667
0,148,2.347873,1.172180,2.023917,-0.004628,0.076093,3.333450,0.196935,0.421302,0.421302,0.000000,,0,1,1,0,-0.031547,0.220058,0.7500
0,149,2.339674,1.190047,2.050204,-0.003560,0.102380,3.353079,0.196505,0.506527,0.506527,0.000000,,0,1,1,0,-0.027077,0.206125,0.7708
0,150,2.330864,1.207693,2.071359,-0.003772,-0.001949,3.372371,0.197354,0.400938,0.400938,0.000000,,0,1,1,0,-0.024978,0.199505,0.7708
0,151,2.319734,1.228602,2.096498,-0.004091,0.023190,3.396056,0.197492,0.411356,0.411356,0.000000,,0,1,1,0,-0.024795,0.200497,0.7917
0,152,2.310025,1.245788,2.119164,-0.003860,0.045857,3.415793,0.197477,0.453756,0.453756,0.000000,,0,1,1,0,-0.023980,0.199407,0.7292
0,153,2.297768,1.266107,2.144782,-0.002906,0.071474,3.439504,0.197897,0.431060,0.431060,0.000000,,0,1,1,0,-0.021034,0.180745,0.7083
0,154,2.284893,1.286113,2.167242,-0.001260,0.093935,3.463237,0.198394,0.382305,0.382305,0.000000,,0,1,1,0,-0.033843,0.252627,0.7083
0,155,2.273777,1.302540,2.188684,-0.000646,-0.010362,3.482983,0.198423,0.452319,0.452319,0.000000,,0,1,1,0,-0.037420,0.257474,0.6667
0,156,2.259903,1.321918,2.215011,-0.000828,0.015965,3.506815,0.198822,0.466592,0.466592,0.000000,,0,1,1,0,-0.035659,0.249856,0.6875
0,157,2.245439,1.340946,2.237209,-0.000327,0.038163,3.530711,0.199352,0.396820,0.396820,0.000000,,0,1,1,0,0.033737,-0.187315,0.6667
0,158,2.233009,1.356550,2.256175,0.000544,0.057128,3.550642,0.199654,0.417422,0.417422,0.000000,,0,1,1,0,-0.020168,0.176383,0.7500
0,159,2.220209,1.371901,2.277535,0.001863,0.078489,3.570585,0.200083,0.479705,0.479705,0.000000,,0,1,1,0,-0.014700,0.144835,0.7708
0,160,2.204375,1.390027,2.305457,0.003298,-0.019572,3.595013,0.200976,0.512889,0.512889,0.000000,,0,1,1,0,-0.010790,0.125237,0.8125
0,161,2.190810,1.404861,2.327118,0.003038,0.002089,3.615113,0.200838,0.460542,0.460542,0.000000,,0,1,1,0,-0.007224,0.107961,0.7708
0,162,2.174139,1.422196,2.350403,0.003332,0.025374,3.639161,0.200162,0.404479,0.404479,0.000000,,0,1,1,0,-0.002805,0.081250,0.7917
0,163,2.157078,1.439037,2.377903,0.004248,0.052875,3.663117,0.199416,0.481378,0.481378,0.000000,,0,1,1,0,0.004483,0.034077,0.7500
0,164,2.142605,1.452726,2.397392,0.005434,0.072364,3.683003,0.199007,0.409054,0.409054,0.000000,,0,1,1,0,0.008133,0.013038,0.6875
0,165,2.124888,1.468774,2.421069,0.007371,0.096040,3.705021,0.199494,0.429153,0.429153,0.000000,,0,1,1,0,0.020686,-0.053195,0.6667
0,166,2.106700,1.484401,2.444390,0.006625,-0.006188,3.731719,0.200090,0.431736,0.431736,0.000000,,0,1,1,0,0.024750,-0.081165,0.6875
0,167,2.091265,1.497153,2.460327,0.006627,0.009750,3.751741,0.200323,0.348025,0.348025,0.000000,,0,1,1,0,0.026516,-0.103891,0.7500
0,168,2.075601,1.509682,2.481505,0.006948,0.030927,3.771796,0.200854,0.470319,0.470319,0.000000,,0,1,1,0,0.016952,-0.048095,0.7292
0,169,2.056432,1.524373,2.511126,0.007836,0.060548,3.795931,0.201592,0.533502,0.533502,0.000000,,0,1,1,0,0.022177,-0.088044,0.7917
0,170,2.040132,1.536277,2.536195,0.009043,0.085618,3.816079,0.202056,0.527451,0.527451,0.000000,,0,1,1,0,0.028376,-0.129211,0.8333
0,171,2.020245,1.550066,2.558606,0.008575,-0.017459,3.841429,0.201754,0.349801,0.377451,0.027651,C-06,0,1,1,0,0.031219,-0.145990,0.8125
0,172,2.000072,1.563460,2.579633,0.008063,0.003568,3.865638,0.201885,0.356450,0.356450,0.000000,,0,1,1,0,0.034453,-0.173735,0.7500
0,173,1.983023,1.574310,2.604263,0.008028,0.028198,3.885847,0.203009,0.532164,0.506450,-0.025715,C-06,0,1,1,0,0.037418,-0.203003,0.7500
0,174,1.962250,1.586959,2.629959,0.008467,0.053894,3.910164,0.202769,0.418620,0.418620,0.000000,,0,1,1,0,0.040178,-0.222763,0.7083
0,175,1.941197,1.599074,2.651689,0.009507,0.075623,3.934431,0.202463,0.348760,0.348760,0.000000,,0,1,1,0,0.059581,-0.317849,0.7083
0,176,1.923443,1.608898,2.675453,0.008395,-0.026380,3.955878,0.203499,0.463282,0.463282,0.000000,,0,1,1,0,0.059199,-0.337918,0.7292
0,177,1.905466,1.618483,2.700868,0.007390,-0.000965,3.976226,0.203828,0.480670,0.480670,0.000000,,0,1,1,0,0.058325,-0.343173,0.7500
0,178,1.883601,1.629506,2.732973,0.006742,0.031140,4.000704,0.204155,0.496551,0.496551,0.000000,,0,1,1,0,0.055720,-0.337067,0.7708
0,179,1.865133,1.638315,2.762967,0.006648,0.061135,4.021164,0.204752,0.548297,0.548297,0.000000,,0,1,1,0,0.052665,-0.326403,0.8125
0,180,1.842669,1.648349,2.801661,0.007150,0.099828,4.045762,0.205097,0.574999,0.574999,0.000000,,0,1,1,0,0.050068,-0.313750,0.8333
0,181,1.819926,1.657328,2.831562,0.006437,0.004467,4.071121,0.203675,0.274520,0.424999,0.150479,C-06,0,1,1,0,0.047602,-0.293645,0.8542
0,182,1.800828,1.664033,2.848244,0.005966,0.021149,4.091356,0.202302,0.276305,0.276305,0.000000,,0,1,1,0,0.046857,-0.291290,0.8333
0,183,1.777757,1.671789,2.877836,0.005724,0.050741,4.115694,0.203531,0.515514,0.426305,-0.089210,C-06,0,1,1,0,0.043930,-0.281917,0.8125
0,184,1.754469,1.679422,2.918867,0.005667,0.091772,4.140201,0.204754,0.586912,0.576305,-0.010607,C-06,0,1,1,0,0.041442,-0.272016,0.7917
0,185,1.734898,1.685149,2.949848,0.006273,0.122753,4.160584,0.203760,0.494880,0.494880,0.000000,,0,1,1,0,0.037956,-0.243626,0.7708
0,186,1.715222,1.689980,2.973237,0.006130,0.033188,4.181667,0.202460,0.362135,0.362135,0.000000,,0,1,1,0,0.033583,-0.209953,0.7917
0,187,1.691508,1.695222,3.001592,0.005418,0.061543,4.205943,0.202284,0.369987,0.369987,0.000000,,0,1,1,0,0.029386,-0.182385,0.7917
0,188,1.671675,1.698991,3.022826,0.005428,0.082777,4.226131,0.201771,0.323437,0.323437,0.000000,,0,1,1,0,0.024163,-0.150191,0.7708
0,189,1.647824,1.702469,3.037138,0.006475,0.097090,4.250211,0.200788,0.056992,0.173437,0.116446,C-06,0,1,1,0,0.020962,-0.124628,0.7500
0,190,1.623951,1.705076,3.039600,0.008382,0.099551,4.274150,0.200092,-0.073110,0.023437,0.096547,C-06,0,1,1,0,0.018159,-0.106264,0.7292
0,191,1.604050,1.707199,3.045145,0.008727,0.016962,4.295260,0.200193,0.088647,0.088647,0.000000,,0,1,1,0,0.015277,-0.098952,0.6667
0,192,1.580145,1.709746,3.060891,0.007723,0.032708,4.319279,0.200464,0.204843,0.204843,0.000000,,0,1,1,0,0.013380,-0.094144,0.6667
0,193,1.556208,1.712293,3.077762,0.006721,0.049580,4.343330,0.200701,0.208617,0.208617,0.000000,,0,1,1,0,0.012710,-0.086872,0.7083
0,194,1.536246,1.713787,3.082372,0.006515,0.054189,4.363348,0.200152,-0.023979,0.058617,0.082596,C-06,0,1,1,0,0.011104,-0.066613,0.7292
0,195,1.516283,1.714987,3.078833,0.006601,0.050650,4.383347,0.199961,-0.059976,-0.059976,0.000000,,0,1,1,0,0.009957,-0.059907,0.7500
0,196,1.492330,1.716493,3.078886,0.005918,-0.012062,4.407745,0.200003,0.003315,0.003315,0.000000,,0,1,1,0,0.008648,-0.062483,0.7917
0,197,1.472367,1.717752,3.082718,0.004678,-0.008230,4.427709,0.200047,0.060699,0.060699,0.000000,,0,1,1,0,0.007129,-0.062293,0.7708
0,198,1.448407,1.719260,3.085288,0.003194,-0.005660,4.451671,0.200071,0.029910,0.029910,0.000000,,0,1,1,0,0.006185,-0.061307,0.7500
0,199,1.424440,1.720751,3.092539,0.001725,0.001591,4.475638,0.200142,0.091835,0.091835,0.000000,,0,1,1,0,0.004537,-0.056627,0.7292
0,200,1.404460,1.721994,3.103404,0.000502,0.012456,4.495620,0.200236,0.162102,0.162102,0.000000,,0,1,1,0,0.003474,-0.050122,0.6667
0,201,1.380472,1.723460,3.116098,-0.000960,-0.012432,4.519608,0.200263,0.152199,0.152199,0.000000,,0,1,1,0,0.002637,-0.038876,0.6875
0,202,1.356479,1.724209,3.119117,-0.001709,-0.009414,4.543602,0.200032,0.029927,0.029927,0.000000,,0,1,1,0,0.002670,-0.031112,0.6875
0,203,1.336485,1.724701,3.114091,-0.002201,-0.014440,4.563595,0.199985,-0.078775,-0.078775,0.000000,,0,1,1,0,0.001363,-0.018989,0.7500
0,204,1.316493,1.725188,3.111177,-0.002688,-0.017353,4.583587,0.199968,-0.039199,-0.039199,0.000000,,0,1,1,0,0.000997,-0.025158,0.7292
0,205,1.292503,1.725896,3.116202,-0.003396,-0.025198,4.607577,0.200023,0.067277,0.067277,0.000000,,0,1,1,0,0.000316,-0.029443,0.7917
0,206,1.272509,1.726467,3.117788,-0.003967,-0.023612,4.627571,0.200021,0.019428,0.019428,0.000000,,0,1,1,0,0.000015,-0.027198,0.7917
0,207,1.248516,1.727078,3.118618,-0.004578,-0.022782,4.651565,0.200010,0.009604,0.009604,0.000000,,0,1,1,0,-0.000530,-0.023080,0.7708
0,208,1.224520,1.727676,3.126575,-0.005176,-0.014825,4.675560,0.200038,0.100205,0.100205,0.000000,,0,1,1,0,-0.000938,-0.023861,0.7292
0,209,1.204521,1.728175,3.136338,-0.005675,-0.005062,4.695559,0.200059,0.141463,0.141463,0.000000,,0,1,1,0,-0.001043,-0.017528,0.6875
0,210,1.180521,1.728773,-3.132745,-0.006273,0.008847,4.719559,0.200055,0.167942,0.167942,0.000000,,0,1,1,0,-0.001020,-0.007940,0.6667
0,211,1.156523,1.728805,-3.127545,-0.006305,0.014047,4.743557,0.199981,0.057878,0.057878,0.000000,,0,1,1,0,-0.000534,0.002556,0.6875
0,212,1.136524,1.728544,-3.133262,-0.006044,0.008331,4.763556,0.200011,-0.115717,-0.092122,0.023595,C-06,0,1,1,0,-0.000437,0.014987,0.7292
0,213,1.116525,1.728270,-3.140478,-0.005770,0.001115,4.783556,0.200019,-0.102895,-0.102895,0.000000,,0,1,1,0,-0.000248,0.010111,0.7500
0,214,1.092525,1.728205,3.141586,-0.005705,-0.000007,4.807556,0.200000,-0.008478,-0.008478,0.000000,,0,1,1,0,-0.000747,0.005294,0.7917
0,215,1.072525,1.728174,-3.141131,-0.005674,0.000462,4.827556,0.200000,0.007424,0.007424,0.000000,,0,1,1,0,-0.000520,0.000302,0.7917
0,216,1.048525,1.728137,-3.134472,-0.005637,0.007121,4.851556,0.199996,0.083575,0.083575,0.000000,,0,1,1,0,-0.000562,0.000513,0.7500
0,217,1.024527,1.728100,-3.123421,-0.005600,0.018172,4.875554,0.199969,0.133886,0.133886,0.000000,,0,1,1,0,0.000746,0.001874,0.7292
0,218,1.004532,1.728069,-3.114089,-0.005569,0.027504,4.895548,0.199927,0.133878,0.133878,0.000000,,0,1,1,0,0.001658,0.009940,0.7292
0,219,0.980545,1.727896,-3.103763,-0.005396,0.037830,4.919535,0.199875,0.123851,0.123851,0.000000,,0,1,1,0,0.002092,0.020277,0.6875
0,220,0.956565,1.727292,-3.097280,-0.004792,0.044313,4.943515,0.199888,0.076041,0.076041,0.000000,,0,1,1,0,0.002363,0.031667,0.6875
0,221,0.936586,1.726540,-3.094519,-0.004040,0.047074,4.963494,0.199934,0.037915,0.037915,0.000000,,0,1,1,0,0.003167,0.045707,0.7292
0,222,0.916611,1.725749,-3.089880,-0.003249,0.051712,4.983470,0.199892,0.069675,0.069675,0.000000,,0,1,1,0,0.004469,0.046830,0.7292
0,223,0.892648,1.724800,-3.081079,-0.002300,0.060513,5.007432,0.199795,0.109683,0.109683,0.000000,,0,1,1,0,0.005251,0.053050,0.7917
0,224,0.872691,1.724009,-3.070805,-0.001509,0.070788,5.027389,0.199666,0.155012,0.155012,0.000000,,0,1,1,0,0.007040,0.057532,0.7500
0,225,0.848759,1.722683,-3.062684,-0.000183,0.078909,5.051322,0.199739,0.097059,0.097059,0.000000,,0,1,1,0,0.006312,0.079312,0.7917
0,226,0.824831,1.720827,-3.066200,0.001673,0.075392,5.075250,0.200044,-0.054539,-0.052941,0.001598,C-06,0,1,1,0,0.008311,0.093298,0.7083
0,227,0.804889,1.719321,-3.064001,0.003179,0.077592,5.095191,0.199966,0.037606,0.037606,0.000000,,0,1,1,0,0.003744,0.128346,0.7292
0,228,0.780973,1.717517,-3.051740,0.004983,0.089852,5.119108,0.199770,0.160352,0.160352,0.000000,,0,1,1,0,-0.002550,0.159984,0.6875
0,229,0.757083,1.715714,-3.040022,0.006786,0.101571,5.142998,0.199547,0.146347,0.146347,0.000000,,0,1,1,0,-0.006638,0.200009,0.6667
0,230,0.737187,1.713709,-3.039666,0.008791,0.101927,5.162894,0.200002,-0.186449,-0.003653,0.182796,C-06,0,1,1,0,0.011290,0.145635,0.6667
0,231,0.717282,1.711671,-3.049167,0.010829,0.092425,5.182799,0.200175,-0.163669,-0.153653,0.010016,C-06,0,1,1,0,0.012776,0.152340,0.7083
0,232,0.693383,1.709446,-3.050059,0.013054,0.091534,5.206698,0.200013,0.101515,-0.003653,-0.105168,C-06,0,1,1,0,0.012765,0.153714,0.7083
0,233,0.673474,1.707604,-3.041135,0.014896,0.100458,5.226606,0.199853,0.239376,0.146347,-0.093028,C-06,0,1,1,0,0.012342,0.163540,0.7292
0,234,0.649600,1.705355,-3.037213,0.017145,0.104379,5.250480,0.199827,0.046028,0.046028,0.000000,,0,1,1,0,0.012328,0.180926,0.7083
0,235,0.625723,1.702862,-3.044661,0.019638,0.096931,5.274358,0.200146,-0.303334,-0.103972,0.199362,C-06,0,1,1,0,0.007849,0.238727,0.6458
0,236,0.605803,1.700774,-3.060805,0.021726,0.080787,5.294278,0.200423,-0.354838,-0.253972,0.100866,C-06,0,1,1,0,-0.000367,0.292161,0.6458
0,237,0.581859,1.698268,-3.086420,0.024232,0.055172,5.318221,0.200771,-0.318674,-0.318674,0.000000,,0,1,1,0,-0.017622,0.347118,0.6042
0,238,0.557887,1.696287,-3.100951,0.026213,0.040642,5.342194,0.200400,-0.148711,-0.168674,-0.019962,C-06,0,1,1,0,-0.016655,0.336563,0.6458
0,239,0.537902,1.695382,-3.102966,0.027118,0.038626,5.362178,0.200031,0.009790,-0.018674,-0.028464,C-06,0,1,1,0,0.012897,0.175171,0.6250
0,240,0.517915,1.694535,-3.110142,0.027965,0.031450,5.382166,0.200078,-0.111291,-0.111291,0.000000,,0,1,1,0,0.003193,0.240093,0.6875
0,241,0.493925,1.693624,-3.113673,0.028876,0.027919,5.406155,0.200053,-0.040026,-0.040026,0.000000,,0,1,1,0,0.004131,0.237914,0.7500
0,242,0.473931,1.692904,-3.119704,0.029596,0.021889,5.426149,0.200080,-0.089832,-0.089832,0.000000,,0,1,1,0,0.001763,0.257834,0.7292
0,243,0.449936,1.692136,-3.124944,0.030364,0.016649,5.450145,0.200059,-0.060804,-0.060804,0.000000,,0,1,1,0,-0.008985,0.327924,0.7500
0,244,0.425940,1.691712,-3.122764,0.030788,0.018828,5.474141,0.199994,0.031595,0.031595,0.000000,,0,1,1,0,-0.009848,0.334420,0.7292
0,245,0.405942,1.691336,-3.130126,0.031164,0.011467,5.494138,0.200022,-0.151554,-0.118405,0.033149,C-06,0,1,1,0,-0.003836,0.304910,0.6458
0,246,0.381942,1.690882,3.138197,0.031618,-0.003395,5.518138,0.200035,-0.177749,-0.177749,0.000000,,0,1,1,0,-0.011394,0.325782,0.6042
0,247,0.357944,1.690427,3.121432,0.032073,-0.020161,5.542136,0.199998,-0.200035,-0.200035,0.000000,,0,1,1,0,-0.007554,0.305922,0.6667
0,248,0.337949,1.690634,3.117303,0.031866,-0.024290,5.562131,0.199961,0.493332,-0.050035,-0.543367,C-06,0,1,1,0,0.039928,-0.205811,0.5417
0,249,0.317954,1.691096,3.123515,0.031404,-0.018078,5.582126,0.200022,0.773851,0.099965,-0.673886,C-06,0,1,1,0,0.008511,0.305280,0.4583
0,250,0.293955,1.691665,-3.139406,0.030835,0.001994,5.606125,0.200056,0.650503,0.249965,-0.400538,C-06,0,1,1,0,-0.006983,0.314741,0.8542
0,251,0.273958,1.692138,-3.112136,0.030362,0.029264,5.626122,0.199978,0.408863,0.399965,-0.008898,C-06,0,1,1,0,-0.003617,0.319471,0.8125
0,252,0.249978,1.692393,-3.090821,0.030107,0.050579,5.650102,0.199752,-0.021681,0.249965,0.271646,C-06,0,1,1,0,0.001459,0.326918,0.7917
0,253,0.226015,1.691573,-3.082208,0.030927,0.059192,5.674065,0.199805,-0.573753,0.099965,0.673718,C-06,0,1,1,0,0.016529,0.283578,0.7292
0,254,0.206049,1.690419,-3.084953,0.032081,0.056447,5.694031,0.200024,-0.668968,-0.050035,0.618933,C-06,0,1,1,0,0.019543,0.282145,0.6667
0,255,0.182078,1.689007,-3.100675,0.033493,0.027856,5.718002,0.200172,-0.673196,-0.200035,0.473161,C-06,0,1,1,0,0.021396,0.274978,0.6667
0,256,0.158088,1.687595,-3.129036,0.034905,-0.000506,5.741992,0.200326,-0.489357,-0.350035,0.139322,C-06,0,1,1,0,0.019993,0.276411,0.7083
0,257,0.138089,1.686644,3.139376,0.035856,-0.015279,5.761992,0.200168,-0.143446,-0.200035,-0.056589,C-06,0,1,1,0,0.008195,0.319408,0.6875
0,258,0.118091,1.685858,3.115785,0.036642,-0.038870,5.781990,0.200094,-0.500826,-0.350035,0.150791,C-06,0,1,1,0,0.020751,0.208274,0.6042
0,259,0.094118,1.684927,3.075126,0.037567,-0.117111,5.805999,0.199701,-0.664382,-0.500035,0.164347,C-06,0,1,1,0,0.006768,0.251403,0.6042
0,260,0.074182,1.684989,3.048657,0.037486,-0.143581,5.825935,0.199192,-0.389459,-0.389459,0.000000,,0,1,1,0,-0.006205,0.280350,0.6458
0,261,0.050309,1.686340,3.029095,0.036113,-0.163142,5.849806,0.199204,0.537374,-0.239459,-0.776833,C-06,0,1,1,0,0.008629,0.158595,0.6667
0,262,0.026472,1.688709,3.021750,0.033720,-0.170487,5.873641,0.199634,1.000000,-0.089459,-1.089459,C-06,0,1,1,0,0.003539,0.128276,0.7083
0,263,0.006612,1.691084,3.024979,0.031326,-0.167259,5.893499,0.200079,1.000000,0.060541,-0.939459,C-06,0,1,1,0,0.001379,0.096272,0.7500
0,264,-0.017245,1.693963,3.040831,0.027520,-0.214172,5.919127,0.200410,1.000000,0.210541,-0.789459,C-06,0,1,1,0,-0.004838,0.099570,0.7083
0,265,-0.041153,1.696841,3.069134,0.023110,-0.185868,5.942801,0.200892,1.000000,0.360541,-0.639459,C-06,0,1,1,0,-0.011939,0.120149,0.6458
0,266,-0.061121,1.699239,3.103128,0.019432,-0.151874,5.962573,0.201271,1.000000,0.510541,-0.489459,C-06,0,1,1,0,-0.020384,0.206859,0.4792
0,267,-0.081116,1.701638,-3.134570,0.015752,-0.106387,5.982372,0.201431,1.000000,0.660541,-0.339459,C-06,0,1,1,0,-0.021910,0.203334,0.4792
0,268,-0.105093,1.704335,-3.068177,0.011518,-0.039995,6.006126,0.200293,1.000000,0.810541,-0.189459,C-06,0,1,1,0,-0.016747,0.164654,0.4792
0,269,-0.124981,1.705725,-3.005444,0.007552,-0.065395,6.026901,0.198413,1.000000,0.960541,-0.039459,C-06,0,1,1,0,-0.035065,0.215348,0.6250
0,270,-0.148618,1.705543,-2.932237,0.003307,0.007811,6.050155,0.196015,0.965310,0.965310,0.000000,,0,1,1,0,0.041738,-0.244014,0.6250
0,271,-0.171929,1.702857,-2.872164,0.001583,0.067884,6.073556,0.195134,-0.317678,0.815310,1.132988,C-06,0,1,1,0,0.039028,-0.187799,0.6458
0,272,-0.191095,1.699009,-2.832352,0.001776,0.107697,6.093104,0.195413,-1.000000,0.665310,1.665310,C-06,0,1,1,0,0.036303,-0.153969,0.6667
0,273,-0.213818,1.692876,-2.796177,0.003547,0.143872,6.116573,0.196158,-1.000000,0.515310,1.515310,C-06,0,1,1,0,-0.012171,0.212083,0.7292
0,274,-0.236293,1.685510,-2.770831,0.005498,0.056263,6.140792,0.197176,-1.000000,0.365310,1.365310,C-06,0,1,1,0,-0.006637,0.200859,0.7708
0,275,-0.254887,1.678641,-2.758322,0.006280,0.068773,6.160599,0.198302,-1.000000,0.215310,1.215310,C-06,0,1,1,0,-0.001188,0.186164,0.7708
0,276,-0.273420,1.671277,-2.754365,0.007553,0.072730,6.180500,0.199476,-1.000000,0.065310,1.065310,C-06,0,1,1,0,0.000226,0.176771,0.7500
0,277,-0.291953,1.663734,-2.758526,0.008995,0.068569,6.200457,0.200267,-1.000000,-0.084690,0.915310,C-06,0,1,1,0,0.006826,0.115828,0.7083
0,278,-0.314278,1.654722,-2.773665,0.010662,0.053430,6.224475,0.201106,-0.708770,-0.234690,0.474080,C-06,0,1,1,0,0.001832,0.131476,0.6875
0,279,-0.332959,1.647380,-2.778924,0.011868,0.048171,6.244511,0.200698,0.180627,-0.084690,-0.265317,C-06,0,1,1,0,-0.016960,0.211960,0.6875
0,280,-0.351648,1.640275,-2.775535,0.010625,-0.073702,6.265962,0.199800,1.000000,0.065310,-0.934690,C-06,0,1,1,0,-0.028951,0.227921,0.6458
0,281,-0.374000,1.631705,-2.761751,0.008846,-0.059918,6.289836,0.199056,1.000000,0.215310,-0.784690,C-06,0,1,1,0,-0.020507,0.158582,0.6667
0,282,-0.392504,1.624559,-2.742149,0.007420,-0.040316,6.309619,0.197705,1.000000,0.365310,-0.634690,C-06,0,1,1,0,-0.021888,0.140130,0.7292
0,283,-0.414459,1.615883,-2.709107,0.005907,-0.007274,6.333179,0.196186,1.000000,0.515310,-0.484690,C-06,0,1,1,0,-0.018514,0.111319,0.7083
0,284,-0.432472,1.608239,-2.674327,0.005141,0.027506,6.352731,0.195356,1.000000,0.665310,-0.334690,C-06,0,1,1,0,-0.019888,0.118748,0.7083
0,285,-0.450138,1.599999,-2.632532,0.003939,-0.056466,6.372785,0.194855,1.000000,0.815310,-0.184690,C-06,0,1,1,0,-0.017496,0.107257,0.7292
0,286,-0.470749,1.588986,-2.574857,0.002204,0.001208,6.396090,0.195146,1.000000,0.965310,-0.034690,C-06,0,1,1,0,-0.021280,0.153758,0.7708
0,287,-0.487402,1.578586,-2.534803,0.002072,0.041263,6.415723,0.196849,0.719634,0.815310,0.095676,C-06,0,1,1,0,-0.015465,0.141991,0.7500
0,288,-0.503645,1.567302,-2.502841,0.002905,0.073225,6.435484,0.198174,-0.096933,0.665310,0.762243,C-06,0,1,1,0,-0.010401,0.135379,0.7500
0,289,-0.522702,1.552934,-2.473809,0.004837,0.102257,6.459271,0.199181,-0.451126,0.515310,0.966436,C-06,0,1,1,0,-0.006590,0.133191,0.6875
0,290,-0.538297,1.540484,-2.456723,0.007001,0.119342,6.479109,0.199691,-0.609466,0.365310,0.974776,C-06,0,1,1,0,-0.003472,0.127260,0.6667
0,291,-0.553721,1.527773,-2.446585,0.006942,0.003992,6.499974,0.199919,-0.631975,0.215310,0.847285,C-06,0,1,1,0,-0.036525,0.303639,0.6667
0,292,-0.572121,1.512368,-2.442658,0.007095,0.007919,6.523972,0.199988,-0.375556,0.065310,0.440866,C-06,0,1,1,0,-0.036057,0.302329,0.6458
0,293,-0.587412,1.499478,-2.439612,0.007290,0.010966,6.543970,0.199997,0.068255,0.068255,0.000000,,0,1,1,0,-0.012481,0.160161,0.6875
0,294,-0.602633,1.486495,-2.430222,0.007601,0.020355,6.563972,0.200111,0.730679,0.218255,-0.512424,C-06,0,1,1,0,-0.007962,0.108441,0.7292
0,295,-0.620725,1.470654,-2.410509,0.008287,0.040068,6.588010,0.200628,1.000000,0.368255,-0.631745,C-06,0,1,1,0,-0.008280,0.093522,0.7292
0,296,-0.635572,1.457130,-2.386749,0.007549,-0.061720,6.609134,0.200996,1.000000,0.518255,-0.481745,C-06,0,1,1,0,-0.020026,0.164732,0.7708
0,297,-0.652805,1.440371,-2.348806,0.006451,-0.023778,6.633148,0.199781,1.000000,0.668255,-0.331745,C-06,0,1,1,0,-0.016068,0.138299,0.7500
0,298,-0.666569,1.426034,-2.310402,0.006226,0.014626,6.653021,0.198047,1.000000,0.818255,-0.181745,C-06,0,1,1,0,-0.012845,0.126359,0.7292
0,299,-0.679787,1.411150,-2.275344,0.006772,0.049685,6.672919,0.199824,0.765277,0.765277,0.000000,,0,1,1,0,-0.010644,0.129612,0.6875
0,300,-0.695100,1.392606,-2.241544,0.008297,0.083485,6.696920,0.200833,0.303020,0.615277,0.312257,C-06,0,1,1,0,-0.006982,0.122589,0.6667
0,301,-0.707503,1.376804,-2.219785,0.009253,-0.020739,6.718136,0.201055,-0.049879,0.465277,0.515156,C-06,0,1,1,0,-0.044693,0.320647,0.6667
0,302,-0.719609,1.360778,-2.204605,0.008893,-0.005558,6.738217,0.200905,-0.206452,0.315277,0.521729,C-06,0,1,1,0,-0.040925,0.315271,0.6667
0,303,-0.733832,1.341367,-2.194745,0.008811,0.004302,6.762282,0.200536,-0.189715,0.165277,0.354992,C-06,0,1,1,0,0.042747,-0.195731,0.6458
0,304,-0.745514,1.325056,-2.180444,0.008961,0.018602,6.782344,0.201168,0.311487,0.311487,0.000000,,0,1,1,0,-0.007323,0.118175,0.6875
0,305,-0.757001,1.308539,-2.158632,0.009390,0.040414,6.802458,0.202045,0.722749,0.461487,-0.261263,C-06,0,1,1,0,-0.007376,0.109715,0.7292
0,306,-0.770528,1.288339,-2.122877,0.010336,0.076169,6.826750,0.203425,0.859142,0.611487,-0.247655,C-06,0,1,1,0,-0.005963,0.099345,0.7708
0,307,-0.781509,1.271135,-2.088192,0.008920,-0.014884,6.848419,0.204557,0.696376,0.696376,0.000000,,0,1,1,0,-0.004283,0.096577,0.7500
0,308,-0.791923,1.253614,-2.059647,0.008233,0.013660,6.868790,0.203908,0.301168,0.546376,0.245208,C-06,0,1,1,0,-0.003112,0.100641,0.7500
0,309,-0.803684,1.232283,-2.034210,0.008202,0.039098,6.893149,0.202999,-0.031068,0.396376,0.427444,C-06,0,1,1,0,-0.005746,0.134447,0.7292
0,310,-0.812935,1.214331,-2.020670,0.008742,0.052637,6.913337,0.201897,-0.070876,0.246376,0.317252,C-06,0,1,1,0,-0.003749,0.122457,0.6667
0,311,-0.823558,1.192673,-2.012196,0.009865,0.061112,6.937434,0.200978,0.126388,0.126388,0.000000,,0,1,1,0,-0.008041,0.138067,0.6667
0,312,-0.832217,1.174533,-1.997936,0.009072,-0.050112,6.958776,0.201483,0.640300,0.276388,-0.363912,C-06,0,1,1,0,-0.030440,0.236076,0.6458
0,313,-0.840831,1.156239,-1.975156,0.007773,-0.027332,6.978954,0.202953,0.994530,0.426388,-0.568141,C-06,0,1,1,0,0.039753,-0.220992,0.6458
0,314,-0.851101,1.134007,-1.937510,0.006381,0.010314,7.003404,0.205053,1.000000,0.576388,-0.423612,C-06,0,1,1,0,-0.013186,0.124485,0.6667
0,315,-0.859464,1.115200,-1.896866,0.005505,0.050958,7.023968,0.206597,0.977850,0.726388,-0.251462,C-06,0,1,1,0,-0.008258,0.096378,0.7292
0,316,-0.867089,1.096148,-1.862811,0.005406,0.085013,7.044489,0.205084,0.573763,0.576388,0.002625,C-06,0,1,1,0,-0.007201,0.103531,0.7292
0,317,-0.875109,1.073062,-1.832061,0.005093,-0.010027,7.069625,0.203562,0.100106,0.426388,0.326282,C-06,0,1,1,0,-0.002947,0.088512,0.7708
0,318,-0.880948,1.053697,-1.815028,0.004256,0.007007,7.089834,0.202174,-0.231395,0.276388,0.507783,C-06,0,1,1,0,-0.004862,0.111145,0.7292
0,319,-0.886113,1.034270,-1.806796,0.004088,0.015238,7.109935,0.200938,-0.085023,0.126388,0.211411,C-06,0,1,1,0,-0.004165,0.101621,0.7292
0,320,-0.892136,1.010884,-1.787322,0.004073,0.034712,7.134083,0.201631,0.345345,0.276388,-0.068957,C-06,0,1,1,0,-0.009485,0.127869,0.7083
0,321,-0.897153,0.991301,-1.761721,0.004087,0.060313,7.154299,0.202619,0.654045,0.426388,-0.227657,C-06,0,1,1,0,-0.010838,0.125930,0.6667
0,322,-0.902170,0.971602,-1.725956,0.004130,0.096078,7.174348,0.203805,0.739007,0.576388,-0.162619,C-06,0,1,1,0,-0.033833,0.235131,0.6458
0,323,-0.907507,0.947827,-1.688594,0.001762,0.007677,7.199398,0.202829,0.474786,0.474786,0.000000,,0,1,1,0,-0.026853,0.206758,0.6458
0,324,-0.910891,0.927941,-1.666502,0.000910,0.029768,7.219552,0.201567,0.032260,0.324786,0.292527,C-06,0,1,1,0,0.037728,-0.190179,0.6458
0,325,-0.913836,0.904035,-1.652163,0.000999,0.044107,7.243639,0.200667,-0.035300,0.174786,0.210087,C-06,0,1,1,0,-0.029971,0.253316,0.7083
0,326,-0.916046,0.884092,-1.639992,0.001318,0.056279,7.263701,0.200623,0.181244,0.181244,0.000000,,0,1,1,0,-0.009868,0.113080,0.7292
0,327,-0.918132,0.864127,-1.618161,0.001763,0.078109,7.283770,0.200850,0.599039,0.331244,-0.267795,C-06,0,1,1,0,-0.009565,0.098209,0.7292
0,328,-0.920636,0.840138,-1.578881,0.000064,-0.008085,7.308033,0.201075,0.792868,0.481244,-0.311624,C-06,0,1,1,0,-0.009839,0.094325,0.7500
0,329,-0.922700,0.820141,-1.535289,-0.002000,0.035508,7.328029,0.200817,0.674820,0.631244,-0.043576,C-06,0,1,1,0,-0.009529,0.096440,0.7708
0,330,-0.923622,0.800170,-1.501711,-0.002922,0.069085,7.348001,0.199624,0.137348,0.481244,0.343895,C-06,0,1,1,0,-0.007212,0.096788,0.7292
0,331,-0.923206,0.776253,-1.474508,-0.002506,0.096288,7.371918,0.199199,-0.300941,0.331244,0.632184,C-06,0,1,1,0,-0.005716,0.100678,0.7083
0,332,-0.921865,0.756358,-1.462081,-0.001165,0.108716,7.391812,0.199383,-0.490272,0.181244,0.671516,C-06,0,1,1,0,-0.007635,0.126560,0.6458
0,333,-0.919818,0.736480,-1.459323,0.000167,-0.014001,7.411757,0.199874,-0.388702,0.031244,0.419946,C-06,0,1,1,0,-0.045839,0.313086,0.6667
0,334,-0.917283,0.712634,-1.455790,-0.000322,-0.010468,7.435733,0.199814,0.045437,0.045437,0.000000,,0,1,1,0,-0.044050,0.301088,0.6875
0,335,-0.915154,0.692779,-1.443801,-0.000710,0.001522,7.455697,0.199547,0.646471,0.195437,-0.451034,C-06,0,1,1,0,0.033484,-0.199561,0.6458
0,336,-0.913024,0.672968,-1.422051,-0.001092,0.023272,7.475619,0.198971,1.000000,0.345437,-0.654563,C-06,0,1,1,0,-0.017922,0.123474,0.6875
0,337,-0.910468,0.649303,-1.385094,-0.001537,0.060229,7.499418,0.197774,1.000000,0.495437,-0.504563,C-06,0,1,1,0,-0.017393,0.116179,0.7292
0,338,-0.908285,0.629722,-1.345858,-0.001837,0.099464,7.519117,0.196528,0.832016,0.645437,-0.186579,C-06,0,1,1,0,-0.011515,0.087424,0.7708
0,339,-0.904329,0.606432,-1.309151,-0.003428,0.010408,7.542453,0.196782,0.342192,0.495437,0.153245,C-06,0,1,1,0,-0.010364,0.093602,0.7500
0,340,-0.899960,0.587169,-1.288102,-0.003990,0.031457,7.562197,0.197540,0.085973,0.345437,0.259464,C-06,0,1,1,0,-0.010600,0.105739,0.7708
0,341,-0.894826,0.567998,-1.276052,-0.003787,0.043507,7.582042,0.198527,0.111569,0.195437,0.083868,C-06,0,1,1,0,-0.008966,0.095870,0.7083
0,342,-0.888429,0.545108,-1.254449,-0.003287,0.065109,7.605804,0.197612,0.316784,0.316784,0.000000,,0,1,1,0,-0.013576,0.126483,0.6875
0,343,-0.882931,0.526181,-1.228419,-0.002672,0.091139,7.625504,0.196497,0.489625,0.466784,-0.022840,C-06,0,1,1,0,-0.023755,0.191990,0.6875
0,344,-0.877057,0.507431,-1.202332,-0.002553,-0.008563,7.644864,0.196479,0.462423,0.462423,0.000000,,0,1,1,0,-0.052469,0.315220,0.6458
0,345,-0.869017,0.485137,-1.180949,-0.003256,0.012820,7.668553,0.197571,0.293648,0.312423,0.018776,C-06,0,1,1,0,-0.049648,0.310139,0.6667
0,346,-0.861824,0.466693,-1.166664,-0.003336,0.027105,7.688350,0.198008,0.256075,0.256075,0.000000,,0,1,1,0,0.030538,-0.184364,0.6667
0,347,-0.854369,0.448387,-1.145270,-0.003122,0.048498,7.708115,0.196966,0.432642,0.406075,-0.026567,C-06,0,1,1,0,-0.034122,0.241237,0.7083
0,348,-0.845144,0.426682,-1.114312,-0.002507,0.079457,7.731691,0.196500,0.485974,0.485974,0.000000,,0,1,1,0,-0.014398,0.114883,0.7292
0,349,-0.836815,0.408829,-1.092153,-0.001313,0.101616,7.751355,0.197091,0.418453,0.418453,0.000000,,0,1,1,0,-0.010559,0.095648,0.7500
0,350,-0.827966,0.391162,-1.073881,-0.001784,-0.005595,7.770951,0.197679,0.347398,0.347398,0.000000,,0,1,1,0,-0.024575,0.207066,0.7708
0,351,-0.816909,0.370219,-1.046864,-0.002183,0.021421,7.794630,0.197267,0.446157,0.446157,0.000000,,0,1,1,0,-0.010037,0.097032,0.7708
0,352,-0.807241,0.353017,-1.023915,-0.001996,0.044370,7.814362,0.197440,0.457367,0.457367,0.000000,,0,1,1,0,-0.012800,0.122857,0.7292
0,353,-0.795009,0.332673,-0.999405,-0.001076,0.068880,7.838083,0.197966,0.410605,0.410605,0.000000,,0,1,1,0,-0.018916,0.174984,0.7083
0,354,-0.784373,0.315956,-0.979841,0.000192,0.088444,7.857856,0.198247,0.400886,0.400886,0.000000,,0,1,1,0,-0.024431,0.196991,0.6875
0,355,-0.773364,0.299459,-0.959844,0.000863,-0.017297,7.877789,0.198448,0.416891,0.416891,0.000000,,0,1,1,0,-0.037094,0.258951,0.6667
0,356,-0.759650,0.279969,-0.935469,0.000487,0.007078,7.901618,0.198773,0.429371,0.429371,0.000000,,0,1,1,0,-0.035363,0.251062,0.6875
0,357,-0.747797,0.263984,-0.916662,0.000667,0.025885,7.921518,0.199144,0.401685,0.401685,0.000000,,0,1,1,0,0.032585,-0.180210,0.6875
0,358,-0.735592,0.248232,-0.896989,0.001269,0.045558,7.941436,0.199430,0.429435,0.429435,0.000000,,0,1,1,0,-0.023173,0.192670,0.7292
0,359,-0.720434,0.229676,-0.870441,0.002608,0.072106,7.965358,0.199918,0.491405,0.491405,0.000000,,0,1,1,0,-0.018352,0.164319,0.7708
0,360,-0.707371,0.214493,-0.847065,0.004240,0.095482,7.985319,0.200641,0.519721,0.519721,0.000000,,0,1,1,0,-0.010472,0.121772,0.8125
0,361,-0.693963,0.199526,-0.824829,0.003741,-0.008265,8.005937,0.201183,0.479175,0.479175,0.000000,,0,1,1,0,-0.007447,0.108205,0.7708
0,362,-0.677453,0.181988,-0.799177,0.003779,0.017386,8.030023,0.200399,0.451242,0.451242,0.000000,,0,1,1,0,-0.004803,0.094512,0.7708
0,363,-0.663354,0.167793,-0.776523,0.004346,0.040041,8.050022,0.199790,0.470688,0.470688,0.000000,,0,1,1,0,0.001393,0.053127,0.7500
0,364,-0.649016,0.153908,-0.758454,0.005299,0.058109,8.069959,0.199424,0.372005,0.372005,0.000000,,0,1,1,0,0.006240,0.023201,0.7083
0,365,-0.631555,0.137580,-0.737966,0.006858,0.078597,8.093814,0.199189,0.364463,0.364463,0.000000,,0,1,1,0,0.011435,-0.007310,0.7083
0,366,-0.616681,0.124292,-0.714835,0.006968,-0.023820,8.114668,0.199568,0.556654,0.514463,-0.042191,C-06,0,1,1,0,0.024041,-0.085517,0.6875
0,367,-0.598396,0.108755,-0.692736,0.006639,-0.001721,8.138660,0.200167,0.404341,0.404341,0.000000,,0,1,1,0,0.027137,-0.108492,0.7292
0,368,-0.582889,0.096069,-0.673976,0.006739,0.017039,8.158696,0.200512,0.414479,0.414479,0.000000,,0,1,1,0,0.013361,-0.026732,0.7083
0,369,-0.567127,0.083633,-0.651669,0.007194,0.039346,8.178767,0.201058,0.490216,0.490216,0.000000,,0,1,1,0,0.015323,-0.042649,0.7292
0,370,-0.547841,0.069065,-0.622807,0.008250,0.068208,8.202914,0.201684,0.514614,0.514614,0.000000,,0,1,1,0,0.025420,-0.116627,0.7708
0,371,-0.531477,0.057291,-0.602097,0.008775,-0.036570,8.224184,0.201719,0.428165,0.428165,0.000000,,0,1,1,0,0.028905,-0.139522,0.8125
0,372,-0.514888,0.045816,-0.583107,0.007965,-0.017580,8.244339,0.201812,0.390114,0.390114,0.000000,,0,1,1,0,0.032483,-0.165997,0.7917
0,373,-0.494679,0.032373,-0.555856,0.007431,0.009671,8.268605,0.202551,0.465765,0.465765,0.000000,,0,1,1,0,0.034641,-0.186757,0.7708
0,374,-0.477565,0.021484,-0.531491,0.007398,0.034037,8.288889,0.203005,0.489028,0.489028,0.000000,,0,1,1,0,0.037034,-0.210659,0.7292
0,375,-0.460231,0.011047,-0.512899,0.007864,0.052629,8.309118,0.202374,0.361254,0.361254,0.000000,,0,1,1,0,0.041044,-0.235038,0.7292
0,376,-0.439165,-0.001159,-0.485776,0.008834,0.079751,8.332847,0.203185,0.443766,0.443766,0.000000,,0,1,1,0,0.058955,-0.332111,0.6875
0,377,-0.421372,-0.011001,-0.462216,0.007375,-0.022456,8.354828,0.203433,0.450961,0.450961,0.000000,,0,1,1,0,0.058489,-0.337466,0.7292
0,378,-0.403364,-0.020510,-0.437461,0.006453,0.002299,8.375172,0.203738,0.467236,0.467236,0.000000,,0,1,1,0,0.057326,-0.341694,0.7500
0,379,-0.381478,-0.031408,-0.407803,0.005927,0.031957,8.399615,0.203812,0.456859,0.456859,0.000000,,0,1,1,0,0.054931,-0.336977,0.7708
0,380,-0.363000,-0.040154,-0.376384,0.005894,0.063376,8.420059,0.205054,0.580087,0.580087,0.000000,,0,1,1,0,0.050958,-0.326347,0.8333
0,381,-0.340518,-0.050140,-0.337940,0.006447,0.101820,8.444653,0.205037,0.568504,0.568504,0.000000,,0,1,1,0,0.048869,-0.313572,0.8542
0,382,-0.321566,-0.057646,-0.312582,0.005628,0.001916,8.465840,0.203730,0.430617,0.430617,0.000000,,0,1,1,0,0.046985,-0.298208,0.8542
0,383,-0.302464,-0.064671,-0.288558,0.004854,0.025940,8.486178,0.203501,0.410470,0.410470,0.000000,,0,1,1,0,0.045746,-0.291451,0.8333
0,384,-0.279343,-0.072732,-0.253206,0.004338,0.061292,8.510658,0.204228,0.501810,0.501810,0.000000,,0,1,1,0,0.043166,-0.278496,0.8125
0,385,-0.259915,-0.078841,-0.226013,0.004536,0.088485,8.531023,0.203561,0.445267,0.445267,0.000000,,0,1,1,0,0.039623,-0.255311,0.8333
0,386,-0.240364,-0.084521,-0.197478,0.005180,0.117020,8.551373,0.203533,0.463925,0.463925,0.000000,,0,1,1,0,0.038245,-0.244883,0.7708
0,387,-0.216748,-0.090802,-0.159644,0.005037,0.041901,8.576502,0.203527,0.502775,0.502775,0.000000,,0,1,1,0,0.034779,-0.221462,0.7917
0,388,-0.196961,-0.095249,-0.131677,0.004371,0.069867,8.596772,0.202657,0.430972,0.430972,0.000000,,0,1,1,0,0.031303,-0.194338,0.7917
0,389,-0.177110,-0.098748,-0.112775,0.004649,0.088769,8.616927,0.201451,0.056820,0.280972,0.224152,C-06,0,1,1,0,0.024167,-0.138636,0.7708
0,390,-0.153248,-0.101930,-0.101993,0.005990,0.099551,8.640963,0.200565,-0.141362,0.130972,0.272334,C-06,0,1,1,0,0.021450,-0.115891,0.7292
0,391,-0.133352,-0.104000,-0.102544,0.007680,0.099000,8.660895,0.199990,-0.139305,-0.019028,0.120277,C-06,0,1,1,0,0.019725,-0.107408,0.7292
0,392,-0.113454,-0.106036,-0.099942,0.009403,0.101602,8.680429,0.200038,0.044091,0.044091,0.000000,,0,1,1,0,0.017366,-0.101939,0.6875
0,393,-0.089558,-0.108480,-0.085138,0.008382,0.028272,8.705985,0.200301,0.225591,0.194091,-0.031500,C-06,0,1,1,0,0.015397,-0.101549,0.6667
0,394,-0.069621,-0.110516,-0.073537,0.007632,0.039873,8.726011,0.200487,0.171480,0.171480,0.000000,,0,1,1,0,0.012953,-0.085307,0.7083
0,395,-0.045680,-0.112604,-0.066303,0.007088,0.047107,8.750038,0.200251,0.084857,0.084857,0.000000,,0,1,1,0,0.012940,-0.079937,0.7292
0,396,-0.025722,-0.114024,-0.064300,0.006955,0.049110,8.770045,0.200067,0.025371,0.025371,0.000000,,0,1,1,0,0.010523,-0.066449,0.7292
0,397,-0.005762,-0.115406,-0.062086,0.006860,0.051324,8.790053,0.200086,0.033112,0.033112,0.000000,,0,1,1,0,0.009444,-0.064460,0.7917
0,398,0.018192,-0.116914,-0.061644,0.005507,-0.010999,0.022087,0.200010,0.003966,0.003966,0.000000,,0,1,1,0,0.008012,-0.060979,0.7708
0,399,0.038155,-0.118162,-0.059937,0.004279,-0.009293,0.042051,0.200029,0.026710,0.026710,0.000000,,0,1,1,0,0.006988,-0.061733,0.7708
0,400,0.058122,-0.119409,-0.054394,0.003050,-0.003750,0.062019,0.200090,0.083940,0.083940,0.000000,,0,1,1,0,0.005734,-0.060259,0.7292
0,401,0.082092,-0.120906,-0.044966,0.001577,0.005679,0.085991,0.200183,0.116424,0.116424,0.000000,,0,1,1,0,0.004945,-0.058794,0.7292
0,402,0.102075,-0.122148,-0.037159,0.000354,0.013486,0.103900,0.200227,0.113197,0.113197,0.000000,,0,1,1,0,0.003114,-0.043535,0.6667
0,403,0.122065,-0.123322,-0.028114,-0.000822,-0.015051,0.125965,0.200229,0.131951,0.131951,0.000000,,0,1,1,0,0.002790,-0.038330,0.6667
0,404,0.146056,-0.124114,-0.025518,-0.001614,-0.012456,0.149956,0.200029,0.024805,0.024805,0.000000,,0,1,1,0,0.002088,-0.028004,0.6875
0,405,0.166050,-0.124654,-0.024902,-0.002154,-0.011840,0.169950,0.200008,0.007652,0.007652,0.000000,,0,1,1,0,0.001892,-0.025918,0.7500
0,406,0.186043,-0.125183,-0.027128,-0.002683,-0.014066,0.189943,0.199997,-0.034222,-0.034222,0.000000,,0,1,1,0,0.001409,-0.024863,0.7500
0,407,0.210034,-0.125837,-0.027013,-0.003337,-0.026821,0.213934,0.200001,0.003613,0.003613,0.000000,,0,1,1,0,0.000791,-0.025809,0.7917
0,408,0.230028,-0.126383,-0.023721,-0.003883,-0.023529,0.233928,0.200017,0.049795,0.049795,0.000000,,0,1,1,0,-0.000040,-0.027594,0.7708
0,409,0.254021,-0.127009,-0.022326,-0.004509,-0.022133,0.257922,0.200015,0.014943,0.014943,0.000000,,0,1,1,0,-0.000330,-0.024913,0.7292
0,410,0.274018,-0.127516,-0.014371,-0.005016,-0.014179,0.277918,0.200042,0.122803,0.122803,0.000000,,0,1,1,0,-0.000242,-0.026724,0.7083
0,411,0.294017,-0.128023,-0.000835,-0.005523,-0.000642,0.297917,0.200064,0.197277,0.197277,0.000000,,0,1,1,0,-0.000413,-0.020086,0.7083
0,412,0.318016,-0.128631,0.014976,-0.006131,0.014976,0.321916,0.200041,0.186448,0.186448,0.000000,,0,1,1,0,-0.001565,0.000087,0.6667
0,413,0.338013,-0.128510,0.018641,-0.006010,0.018641,0.341913,0.199974,0.046622,0.046622,0.000000,,0,1,1,0,0.000271,0.006242,0.6875
0,414,0.358011,-0.128167,0.012686,-0.005667,0.012686,0.361911,0.200015,-0.096873,-0.096873,0.000000,,0,1,1,0,0.000428,0.016554,0.6875
0,415,0.382010,-0.127740,0.004580,-0.005240,0.004580,0.385910,0.200029,-0.095935,-0.095935,0.000000,,0,1,1,0,0.000626,0.015463,0.7292
0,416,0.402010,-0.127640,0.006766,-0.005140,0.006766,0.403900,0.199997,0.039638,0.039638,0.000000,,0,1,1,0,0.000504,0.004581,0.7917
0,417,0.422009,-0.127509,0.007023,-0.005009,0.007023,0.425909,0.200000,0.001345,0.001345,0.000000,,0,1,1,0,0.000450,0.006709,0.7917
0,418,0.446008,-0.127347,0.008057,-0.004847,0.008057,0.449908,0.199998,0.012814,0.012814,0.000000,,0,1,1,0,0.000699,0.007243,0.7708
0,419,0.466007,-0.127212,0.013053,-0.004712,0.013053,0.469907,0.199988,0.075200,0.075200,0.000000,,0,1,1,0,0.000626,0.009639,0.7083
0,420,0.486004,-0.127078,0.024738,-0.004578,0.024738,0.489904,0.199947,0.172217,0.172217,0.000000,,0,1,1,0,0.001295,0.010784,0.7083
0,421,0.509994,-0.126792,0.031666,-0.004292,0.031666,0.513894,0.199924,0.079232,0.079232,0.000000,,0,1,1,0,0.003064,0.013538,0.6875
0,422,0.529983,-0.126220,0.032970,-0.003720,0.032970,0.533884,0.199981,0.014960,0.014960,0.000000,,0,1,1,0,0.003730,0.027948,0.6875
0,423,0.553969,-0.125501,0.036446,-0.003001,0.036446,0.557869,0.199958,0.043571,0.043571,0.000000,,0,1,1,0,0.004534,0.028948,0.6875
0,424,0.573954,-0.124902,0.042120,-0.002402,0.042120,0.577854,0.199915,0.084040,0.084040,0.000000,,0,1,1,0,0.004729,0.035272,0.7292
0,425,0.593931,-0.124303,0.053255,-0.001803,0.053255,0.597831,0.199813,0.168274,0.168274,0.000000,,0,1,1,0,0.005733,0.040431,0.7292
0,426,0.617888,-0.123557,0.065894,-0.001057,0.065894,0.621788,0.199695,0.154164,0.154164,0.000000,,0,1,1,0,0.006564,0.052898,0.7708
0,427,0.637840,-0.122579,0.072960,-0.000079,0.072960,0.641740,0.199751,0.101323,0.101323,0.000000,,0,1,1,0,0.009088,0.056268,0.7708
0,428,0.657784,-0.121301,0.076740,0.001199,0.076740,0.661684,0.199852,0.053210,0.053210,0.000000,,0,1,1,0,0.007543,0.083532,0.7708
0,429,0.681713,-0.119470,0.076977,0.003030,0.076977,0.685613,0.199998,0.000746,0.000746,0.000000,,0,1,1,0,0.009291,0.087989,0.7083
0,430,0.701650,-0.117935,0.082107,0.004565,0.082107,0.703900,0.199921,0.081162,0.081162,0.000000,,0,1,1,0,0.008072,0.109087,0.7083
0,431,0.721575,-0.116400,0.090975,0.006100,0.090975,0.725475,0.199773,0.136303,0.136303,0.000000,,0,1,1,0,0.009017,0.118603,0.6458
0,432,0.745476,-0.114233,0.090489,0.008267,0.090489,0.749376,0.200011,-0.031510,-0.013697,0.017813,C-06,0,1,1,0,0.012247,0.122618,0.6250
0,433,0.765396,-0.112413,0.088414,0.010087,0.088414,0.769296,0.200046,-0.032043,-0.032043,0.000000,,0,1,1,0,0.019061,0.094435,0.6250
0,434,0.785314,-0.110646,0.093476,0.011854,0.093476,0.789214,0.199912,0.084268,0.084268,0.000000,,0,1,1,0,0.012807,0.139716,0.7083
0,435,0.809199,-0.108530,0.101776,0.013970,0.101776,0.813100,0.199753,0.104975,0.104975,0.000000,,0,1,1,0,0.019982,0.111928,0.6875
0,436,0.829098,-0.106505,0.099323,0.015995,0.099323,0.832998,0.200052,-0.053378,-0.045025,0.008353,C-06,0,1,1,0,0.014310,0.174561,0.7083
0,437,0.852991,-0.104059,0.088578,0.018441,0.088578,0.856891,0.200247,-0.140299,-0.140299,0.000000,,0,1,1,0,0.021848,0.141912,0.6667
0,438,0.872922,-0.102020,0.077137,0.020480,0.077137,0.876822,0.200435,-0.173171,-0.173171,0.000000,,0,1,1,0,0.008252,0.224613,0.6458
0,439,0.892868,-0.100198,0.071065,0.022302,0.071065,0.896768,0.200268,-0.085697,-0.085697,0.000000,,0,1,1,0,0.008788,0.224492,0.6458
0,440,0.916818,-0.098099,0.056393,0.024401,0.056393,0.920718,0.200439,-0.187233,-0.187233,0.000000,,0,1,1,0,-0.007002,0.287532,0.6042
0,441,0.936795,-0.096349,0.039168,0.026151,0.039168,0.940695,0.200603,-0.255926,-0.255926,0.000000,,0,1,1,0,0.003202,0.236959,0.6042
0,442,0.956783,-0.095048,0.028503,0.027452,0.028503,0.960684,0.200268,-0.147280,-0.147280,0.000000,,0,1,1,0,0.010151,0.194449,0.6250
0,443,0.980774,-0.094341,0.028102,0.028159,0.028102,0.984674,0.199999,0.007984,0.002720,-0.005264,C-06,0,1,1,0,0.002684,0.232675,0.6667
0,444,1.000764,-0.093783,0.035615,0.028717,0.035615,1.003900,0.199954,0.118216,0.118216,0.000000,,0,1,1,0,0.003646,0.235370,0.7500
0,445,1.020752,-0.093071,0.034165,0.029429,0.034165,1.024652,0.200013,-0.193397,-0.031784,0.161613,C-06,0,1,1,0,0.008718,0.226725,0.7083
0,446,1.044742,-0.092203,0.019946,0.030297,0.019946,1.048642,0.200088,-0.384161,-0.181784,0.202377,C-06,0,1,1,0,-0.000094,0.287921,0.7292
0,447,1.064741,-0.091480,0.001730,0.031020,0.001730,1.068641,0.200130,-0.265911,-0.265911,0.000000,,0,1,1,0,-0.008335,0.333161,0.7292
0,448,1.084741,-0.091034,-0.007226,0.031466,-0.007226,1.088641,0.200027,0.069800,-0.115911,-0.185711,C-06,0,1,1,0,-0.001523,0.281566,0.6875
0,449,1.108740,-0.091194,-0.004792,0.031306,-0.004792,1.112640,0.200003,0.225447,0.034089,-0.191358,C-06,0,1,1,0,-0.007640,0.298043,0.6667
0,450,1.128740,-0.091343,0.002439,0.031157,0.002439,1.132640,0.200005,0.107265,0.107265,0.000000,,0,1,1,0,-0.007506,0.294816,0.6667
0,451,1.152740,-0.091523,0.010375,0.030977,0.010375,1.156640,0.199996,0.093100,0.093100,0.000000,,0,1,1,0,-0.008709,0.317911,0.6875
0,452,1.172738,-0.091374,0.011658,0.031126,0.011658,1.176638,0.199994,0.013446,0.013446,0.000000,,0,1,1,0,-0.004544,0.313790,0.7083
0,453,1.192737,-0.091196,0.012938,0.031304,0.012938,1.196637,0.199992,0.018430,0.018430,0.000000,,0,1,1,0,-0.006623,0.341429,0.8125
0,454,1.216733,-0.090977,0.023584,0.031523,0.023392,1.220633,0.199955,0.134103,0.134103,0.000000,,0,1,1,0,0.004929,0.326353,0.4167
0,455,1.236726,-0.090647,0.026893,0.031853,0.026700,1.240626,0.199962,0.041012,0.041012,0.000000,,0,1,1,0,-0.006700,0.332610,0.3750
0,456,1.256721,-0.090138,0.020080,0.032362,0.019887,1.260621,0.200025,-0.135310,-0.108988,0.026322,C-06,0,1,1,0,0.005982,0.321016,0.7708
0,457,1.280718,-0.089518,0.006449,0.032982,0.006256,1.284618,0.200062,-0.163482,-0.163482,0.000000,,0,1,1,0,0.014883,0.272539,0.7292
0,458,1.300718,-0.089332,0.004755,0.033168,0.004562,1.303900,0.200004,0.100154,-0.013482,-0.113636,C-06,0,1,1,0,0.015853,0.252946,0.7292
0,459,1.320717,-0.089181,0.013257,0.033319,0.000194,1.324617,0.199989,0.134198,0.134198,0.000000,,0,1,1,0,0.004995,0.320572,0.7500
0,460,1.344715,-0.088857,0.012674,0.033643,-0.000388,1.348615,0.200003,-0.083896,-0.015802,0.068093,C-06,0,1,1,0,0.006804,0.318246,0.7083
0,461,1.364714,-0.088580,0.010156,0.033920,-0.002906,1.368614,0.200009,-0.037348,-0.037348,0.000000,,0,1,1,0,0.007009,0.315117,0.6875
0,462,1.384713,-0.088303,-0.002211,0.034197,-0.015273,1.388613,0.200019,-0.203658,-0.187348,0.016309,C-06,0,1,1,0,0.020840,0.210948,0.6250
0,463,1.408710,-0.087971,-0.029713,0.034521,-0.080357,1.412643,0.199938,-0.584557,-0.337348,0.247208,C-06,0,1,1,0,0.015647,0.226161,0.6042
0,464,1.428688,-0.087694,-0.061371,0.034778,-0.112015,1.432622,0.199664,-0.468684,-0.468684,0.000000,,0,1,1,0,-0.002476,0.268374,0.6458
0,465,1.452621,-0.087977,-0.087673,0.034473,-0.138317,1.456554,0.199315,0.310586,-0.318684,-0.629270,C-06,0,1,1,0,-0.008930,0.272772,0.6875
0,466,1.472533,-0.089167,-0.099632,0.033264,-0.150276,1.476465,0.199470,1.000000,-0.168684,-1.168684,C-06,0,1,1,0,0.009879,0.112109,0.7083
0,467,1.492431,-0.091075,-0.101471,0.031336,-0.152115,1.496361,0.199930,1.000000,-0.018684,-1.018684,C-06,0,1,1,0,0.003691,0.110242,0.7917
0,468,1.516318,-0.093488,-0.091779,0.028053,-0.205189,1.522052,0.200165,1.000000,0.131316,-0.868684,C-06,0,1,1,0,0.000538,0.084287,0.7292
0,469,1.536248,-0.095503,-0.073740,0.024761,-0.187150,1.541812,0.200456,1.000000,0.281316,-0.718684,C-06,0,1,1,0,-0.003988,0.081449,0.7083
0,470,1.556212,-0.097517,-0.045121,0.021467,-0.158530,1.561604,0.200794,1.000000,0.431316,-0.568684,C-06,0,1,1,0,-0.006709,0.070962,0.6042
0,471,1.580204,-0.099934,0.003024,0.017511,-0.110385,1.585391,0.201011,1.000000,0.581316,-0.418684,C-06,0,1,1,0,-0.016758,0.190122,0.4792
0,472,1.600194,-0.101940,0.053092,0.014223,-0.060318,1.605211,0.200681,1.000000,0.731316,-0.268684,C-06,0,1,1,0,-0.014413,0.162536,0.4792
0,473,1.620124,-0.103565,0.111542,0.010583,-0.090002,1.626354,0.199150,1.000000,0.881316,-0.118684,C-06,0,1,1,0,-0.025948,0.166121,0.6458
0,474,1.643851,-0.104137,0.187873,0.005580,-0.013671,1.649554,0.196636,1.000000,1.000000,0.000000,,0,1,1,0,-0.027142,0.192074,0.6458
0,475,1.663390,-0.102618,0.240909,0.003416,0.039365,1.669033,0.195523,0.341881,0.850000,0.508119,C-06,0,1,1,0,0.039965,-0.212498,0.6458
0,476,1.682705,-0.099499,0.283397,0.002865,0.081853,1.688590,0.195482,-0.537500,0.700000,1.237500,C-06,0,1,1,0,0.039359,-0.181630,0.6667
0,477,1.705610,-0.094122,0.322385,0.003860,0.120841,1.712096,0.196025,-1.000000,0.550000,1.550000,C-06,0,1,1,0,-0.017469,0.225335,0.7083
0,478,1.724502,-0.088580,0.345927,0.005768,0.144383,1.731691,0.196954,-1.000000,0.400000,1.400000,C-06,0,1,1,0,-0.006879,0.195088,0.7708
0,479,1.747006,-0.080970,0.363400,0.006503,0.048902,1.756203,0.198036,-1.000000,0.250000,1.250000,C-06,0,1,1,0,-0.004212,0.191584,0.7708
0,480,1.765676,-0.074051,0.369598,0.007310,0.055100,1.776098,0.199197,-1.000000,0.100000,1.100000,C-06,0,1,1,0,-0.001539,0.173985,0.7708
0,481,1.784331,-0.066839,0.367405,0.008399,0.052907,1.796069,0.200146,-1.000000,-0.050000,0.950000,C-06,0,1,1,0,0.005927,0.107443,0.7292
0,482,1.806781,-0.058219,0.354542,0.009654,0.040044,1.820084,0.200797,-0.525109,-0.200000,0.325109,C-06,0,1,1,0,-0.000283,0.134655,0.7292
0,483,1.825551,-0.051186,0.351204,0.010539,0.036706,1.840108,0.200410,0.144850,-0.050000,-0.194850,C-06,0,1,1,0,-0.003856,0.125019,0.6458
0,484,1.844314,-0.044301,0.356299,0.010110,-0.083461,1.861432,0.199678,1.000000,0.100000,-0.900000,C-06,0,1,1,0,-0.036240,0.259306,0.6458
0,485,1.866741,-0.036025,0.372477,0.008034,-0.067283,1.885247,0.198699,1.000000,0.250000,-0.750000,C-06,0,1,1,0,0.042746,-0.248439,0.6250
0,486,1.885293,-0.029117,0.394003,0.006372,-0.045757,1.904973,0.197263,1.000000,0.400000,-0.600000,C-06,0,1,1,0,-0.022378,0.138037,0.6875
0,487,1.903649,-0.022112,0.423317,0.004882,-0.016443,1.924564,0.195911,1.000000,0.550000,-0.450000,C-06,0,1,1,0,-0.021998,0.131246,0.6875
0,488,1.925309,-0.013158,0.467500,0.003745,0.027740,1.947974,0.195128,1.000000,0.700000,-0.300000,C-06,0,1,1,0,-0.015575,0.090128,0.7083
0,489,1.942964,-0.004947,0.511062,0.003645,0.071302,1.967314,0.194676,1.000000,0.850000,-0.150000,C-06,0,1,1,0,-0.016337,0.102300,0.7292
0,490,1.960163,0.004151,0.560709,0.002076,-0.004818,1.987294,0.194823,1.000000,1.000000,0.000000,C-06,0,1,1,0,-0.013445,0.100968,0.7500
0,491,1.980159,0.016571,0.610736,0.001860,0.045209,2.010832,0.196825,0.430062,0.850000,0.419938,C-06,0,1,1,0,-0.008967,0.099770,0.7708
0,492,1.996347,0.027935,0.644230,0.002790,0.078703,2.030589,0.198222,-0.682868,0.700000,1.382868,C-06,0,1,1,0,-0.002692,0.105333,0.7083
0,493,2.015309,0.042441,0.675118,0.004889,0.109591,2.054370,0.199293,-0.929665,0.550000,1.479665,C-06,0,1,1,0,-0.004224,0.144375,0.7083
0,494,2.030805,0.055031,0.693539,0.007225,0.128012,2.074199,0.199814,-1.000000,0.400000,1.400000,C-06,0,1,1,0,0.000138,0.128449,0.6458
0,495,2.046107,0.067901,0.705236,0.008458,0.014221,2.095169,0.200028,-1.000000,0.250000,1.250000,C-06,0,1,1,0,-0.010859,0.186917,0.6458
0,496,2.064341,0.083513,0.710973,0.008876,0.019957,2.119170,0.200050,-0.796088,0.100000,0.896088,C-06,0,1,1,0,-0.031710,0.298558,0.6667
0,497,2.079504,0.096552,0.708992,0.009267,0.017977,2.139164,0.199981,-0.407814,-0.050000,0.357814,C-06,0,1,1,0,-0.022120,0.249411,0.6875
0,498,2.094690,0.109566,0.708072,0.009625,0.017057,2.159160,0.199994,-0.018581,-0.018581,0.000000,,0,1,1,0,-0.024474,0.253646,0.7083
0,499,2.112882,0.125231,0.714777,0.010111,0.023761,2.183163,0.200096,0.706038,0.131419,-0.574620,C-06,0,1,1,0,-0.006025,0.107790,0.7292
0,500,2.127947,0.138430,0.727178,0.010070,-0.089386,2.204498,0.200417,1.000000,0.281419,-0.718581,C-06,0,1,1,0,-0.017302,0.159045,0.7917
0,501,2.142859,0.151865,0.746714,0.008391,-0.069850,2.224499,0.201042,1.000000,0.431419,-0.568581,C-06,0,1,1,0,-0.015602,0.123270,0.7500
0,502,2.160306,0.168444,0.779383,0.007013,-0.037181,2.248528,0.200258,1.000000,0.581419,-0.418581,C-06,0,1,1,0,-0.008277,0.054914,0.6667
0,503,2.174293,0.182671,0.814084,0.006550,-0.002480,2.268473,0.198831,1.000000,0.731419,-0.268581,C-06,0,1,1,0,-0.017829,0.130136,0.6458
0,504,2.187730,0.197301,0.854472,0.006764,0.037908,2.288337,0.199128,1.000000,0.881419,-0.118581,C-06,0,1,1,0,-0.016678,0.136016,0.6667
0,505,2.203131,0.215789,0.907207,0.008185,0.090644,2.312357,0.201583,0.975963,0.975963,0.000000,,0,1,1,0,-0.016029,0.146049,0.6667
0,506,2.215487,0.231780,0.946173,0.007847,0.003626,2.333594,0.202635,0.002481,0.825963,0.823482,C-06,0,1,1,0,-0.024643,0.215979,0.6458
0,507,2.229701,0.251519,0.985514,0.007966,0.042968,2.357918,0.203097,-0.486489,0.675963,1.162452,C-06,0,1,1,0,0.045586,-0.194042,0.6042
0,508,2.241020,0.268333,1.011698,0.008706,0.069151,2.378173,0.202834,-0.900218,0.525963,1.426181,C-06,0,1,1,0,0.042529,-0.170030,0.6667
0,509,2.251878,0.285390,1.030972,0.009961,0.088425,2.398354,0.202221,-0.939758,0.375963,1.315721,C-06,0,1,1,0,-0.014840,0.230068,0.7292
0,510,2.264399,0.306067,1.045173,0.012001,0.102626,2.422440,0.201410,-0.878983,0.225963,1.104946,C-06,0,1,1,0,-0.010763,0.216579,0.7708
0,511,2.274500,0.323390,1.049483,0.012426,-0.018802,2.444065,0.200479,-0.595797,0.075963,0.671761,C-06,0,1,1,0,0.005547,0.098227,0.7500
0,512,2.284462,0.340719,1.046123,0.012042,-0.022162,2.464049,0.199710,-0.320020,-0.074037,0.245984,C-06,0,1,1,0,0.003414,0.100350,0.7292
0,513,2.296485,0.361513,1.050275,0.011522,-0.018010,2.488063,0.200360,0.242280,0.075963,-0.166317,C-06,0,1,1,0,-0.005342,0.140340,0.7500
0,514,2.306432,0.378915,1.061274,0.011187,-0.007011,2.508105,0.200867,1.000000,0.225963,-0.774037,C-06,0,1,1,0,-0.009319,0.128967,0.6875
0,515,2.316292,0.396462,1.080056,0.010999,0.011771,2.528231,0.201969,1.000000,0.375963,-0.624037,C-06,0,1,1,0,-0.013877,0.136255,0.6667
0,516,2.328023,0.417804,1.112489,0.010159,-0.081280,2.553928,0.204058,1.000000,0.525963,-0.474037,C-06,0,1,1,0,-0.012203,0.128996,0.4792
0,517,2.337618,0.435890,1.148122,0.007873,-0.045646,2.574273,0.205633,1.000000,0.675963,-0.324037,C-06,0,1,1,0,-0.028118,0.193990,0.6458
0,518,2.346966,0.454301,1.192718,0.005936,-0.001051,2.594831,0.207379,1.000000,0.825963,-0.174037,C-06,0,1,1,0,-0.017921,0.136043,0.6875
0,519,2.357720,0.476861,1.254764,0.004213,0.060995,2.619763,0.208594,0.918599,0.918599,0.000000,,0,1,1,0,-0.013417,0.124168,0.6875
0,520,2.365617,0.496005,1.300241,0.003895,0.106472,2.640469,0.206956,-0.287443,0.768599,1.056042,C-06,0,1,1,0,-0.005217,0.112383,0.7292
0,521,2.373754,0.519269,1.345637,0.004496,0.026078,2.665680,0.205180,-0.865532,0.618599,1.484130,C-06,0,1,1,0,-0.011894,0.192299,0.7500
0,522,2.379461,0.538828,1.375145,0.003836,0.055587,2.686043,0.203560,-1.000000,0.468599,1.468599,C-06,0,1,1,0,-0.006855,0.178746,0.7708
0,523,2.384236,0.558485,1.395590,0.004102,0.076032,2.706270,0.202171,-1.000000,0.318599,1.318599,C-06,0,1,1,0,0.003151,0.118957,0.7292
0,524,2.388983,0.582146,1.409021,0.005393,0.089462,2.730368,0.201025,-1.000000,0.168599,1.168599,C-06,0,1,1,0,0.004625,0.114578,0.7083
0,525,2.392278,0.601888,1.410783,0.007114,0.091225,2.750309,0.200104,-1.000000,0.018599,1.018599,C-06,0,1,1,0,0.005758,0.102817,0.7083
0,526,2.395467,0.621622,1.403143,0.008936,0.083585,2.770215,0.199767,-0.809307,-0.131401,0.677906,C-06,0,1,1,0,0.001350,0.123769,0.6458
0,527,2.399289,0.645260,1.390636,0.009044,-0.054687,2.795325,0.199345,-0.166840,-0.166840,0.000000,,0,1,1,0,-0.002318,0.122795,0.4792
0,528,2.402816,0.664932,1.389009,0.008022,-0.056314,2.815285,0.199899,1.000000,-0.016840,-1.016840,C-06,0,1,1,0,-0.019927,0.171386,0.6667
0,529,2.406430,0.684615,1.396698,0.006917,-0.048624,2.835266,0.200254,1.000000,0.133160,-0.866840,C-06,0,1,1,0,-0.017869,0.125997,0.6875
0,530,2.410770,0.708292,1.417545,0.005593,-0.027778,2.859301,0.200908,1.000000,0.283160,-0.716840,C-06,0,1,1,0,-0.018697,0.110353,0.7083
0,531,2.414387,0.728095,1.444736,0.004499,-0.000586,2.879402,0.201644,1.000000,0.433160,-0.566840,C-06,0,1,1,0,-0.023659,0.126751,0.7083
0,532,2.418004,0.747978,1.482484,0.002696,-0.088313,2.899968,0.202440,1.000000,0.583160,-0.416840,C-06,0,1,1,0,-0.022044,0.103862,0.6875
0,533,2.422345,0.771932,1.541522,-0.001645,-0.029275,2.923922,0.203142,1.000000,0.733160,-0.266840,C-06,0,1,1,0,-0.017497,0.074111,0.6458
0,534,2.425805,0.791928,1.602655,-0.005105,0.031859,2.943919,0.202263,1.000000,0.883160,-0.116840,C-06,0,1,1,0,-0.021626,0.133081,0.6875
0,535,2.427832,0.815879,1.662893,-0.007132,0.092097,2.967869,0.199465,0.447910,0.733160,0.285250,C-06,0,1,1,0,-0.015479,0.123626,0.7083
0,536,2.427812,0.835752,1.701927,-0.007112,0.131130,2.987743,0.198389,-0.391393,0.583160,0.974553,C-06,0,1,1,0,-0.013830,0.136161,0.6875
0,537,2.426484,0.855540,1.730386,-0.005784,0.159590,3.007531,0.198186,-0.829000,0.433160,1.262161,C-06,0,1,1,0,-0.011162,0.139330,0.6250
0,538,2.423594,0.879191,1.752351,-0.005552,0.056081,3.030647,0.198511,-1.000000,0.283160,1.283160,C-06,0,1,1,0,-0.021967,0.203222,0.6458
0,539,2.420366,0.898845,1.761291,-0.004825,0.065020,3.050551,0.199214,-1.000000,0.133160,1.133160,C-06,0,1,1,0,-0.019255,0.194042,0.6667
0,540,2.416614,0.918483,1.760811,-0.003577,0.064541,3.070506,0.199997,-0.901978,-0.016840,0.885138,C-06,0,1,1,0,-0.023964,0.225245,0.6875
0,541,2.412082,0.942075,1.749084,-0.002052,0.052814,3.094481,0.200401,-0.524037,-0.166840,0.357198,C-06,0,1,1,0,-0.024737,0.222973,0.7083
0,542,2.408488,0.961762,1.747359,-0.000967,0.051089,3.114464,0.200101,0.725030,-0.016840,-0.741870,C-06,0,1,1,0,-0.012913,0.104391,0.7292
0,543,2.404973,0.981439,1.755034,-0.001033,-0.067000,3.134364,0.199743,1.000000,0.133160,-0.866840,C-06,0,1,1,0,-0.015564,0.093323,0.7292
0,544,2.400759,1.004988,1.775481,-0.002812,-0.046553,3.158221,0.198987,1.000000,0.283160,-0.716840,C-06,0,1,1,0,-0.027825,0.155398,0.6875
0,545,2.397247,1.024517,1.801463,-0.004270,-0.020571,3.178010,0.197909,1.000000,0.433160,-0.566840,C-06,0,1,1,0,-0.024670,0.126506,0.6667
0,546,2.393735,1.043907,1.836003,-0.005692,0.013969,3.197664,0.196296,1.000000,0.583160,-0.416840,C-06,0,1,1,0,-0.055401,0.264125,0.5833
0,547,2.389135,1.066900,1.887073,-0.006959,0.065039,3.221078,0.194965,1.000000,0.733160,-0.266840,C-06,0,1,1,0,-0.055933,0.273812,0.6250
0,548,2.384496,1.085748,1.936772,-0.007156,0.114738,3.240488,0.193732,0.900450,0.883160,-0.017290,C-06,0,1,1,0,-0.042626,0.227150,0.6250
0,549,2.377247,1.107938,1.985786,-0.008370,0.037962,3.262910,0.194633,0.122422,0.733160,0.610738,C-06,0,1,1,0,-0.052732,0.307117,0.6667
0,550,2.369997,1.126108,2.017685,-0.008296,0.069861,3.282473,0.195779,-0.519841,0.583160,1.103001,C-06,0,1,1,0,-0.039306,0.264355,0.6875
0,551,2.361890,1.144039,2.041175,-0.007337,0.093351,3.302128,0.196942,-0.764523,0.433160,1.197683,C-06,0,1,1,0,-0.026447,0.218394,0.7083
0,552,2.351356,1.165329,2.059472,-0.005354,0.111648,3.325799,0.198061,-0.971424,0.283160,1.254584,C-06,0,1,1,0,-0.023700,0.217845,0.7083
0,553,2.342106,1.182953,2.066678,-0.003218,0.118854,3.345588,0.199098,-0.841447,0.133160,0.974607,C-06,0,1,1,0,-0.019812,0.203410,0.7500
0,554,2.332596,1.200544,2.066277,-0.001847,-0.007030,3.365272,0.200052,-0.561504,-0.016840,0.544664,C-06,0,1,1,0,-0.017652,0.191482,0.7708
0,555,2.321186,1.221697,2.059018,-0.002037,-0.014290,3.389305,0.200570,-0.122693,-0.122693,0.000000,,0,1,1,0,-0.020668,0.197374,0.7708
0,556,2.311799,1.239359,2.059883,-0.002318,-0.013425,3.409304,0.199917,1.000000,0.027307,-0.972693,C-06,0,1,1,0,-0.018505,0.134032,0.7083
0,557,2.302403,1.256976,2.068532,-0.002570,-0.004776,3.429269,0.199326,1.000000,0.177307,-0.822693,C-06,0,1,1,0,-0.021827,0.129480,0.6458
0,558,2.291022,1.277954,2.088087,-0.002701,0.014780,3.453135,0.198123,1.000000,0.327307,-0.672693,C-06,0,1,1,0,-0.045956,0.227338,0.6458
0,559,2.281386,1.295222,2.111656,-0.002575,0.038348,3.472910,0.197261,1.000000,0.477307,-0.522693,C-06,0,1,1,0,-0.035738,0.130456,0.4792
0,560,2.271394,1.312210,2.142391,-0.004408,-0.056655,3.492204,0.196907,1.000000,0.627307,-0.372693,C-06,0,1,1,0,0.023233,-0.217323,0.6458
0,561,2.258628,1.332103,2.186971,-0.005789,-0.012075,3.515801,0.197238,1.000000,0.777307,-0.222693,C-06,0,1,1,0,-0.046134,0.228882,0.7083
0,562,2.247117,1.348175,2.229964,-0.005937,0.030918,3.535569,0.198168,1.000000,0.927307,-0.072693,C-06,0,1,1,0,-0.037216,0.200358,0.7292
0,563,2.232091,1.366770,2.281038,-0.004727,0.081992,3.559445,0.200305,0.939404,0.939404,0.000000,,0,1,1,0,-0.027187,0.167704,0.7708
0,564,2.218780,1.381863,2.317547,-0.002842,0.118501,3.579481,0.201943,0.277604,0.789404,0.511800,C-06,0,1,1,0,-0.017893,0.142274,0.7708
0,565,2.204971,1.396451,2.348305,-0.001533,0.023276,3.599290,0.200360,-0.310014,0.639404,0.949418,C-06,0,1,1,0,-0.011501,0.129402,0.8125
0,566,2.187926,1.413312,2.377065,-0.000642,0.052036,3.623249,0.199432,-0.463159,0.489404,0.952563,C-06,0,1,1,0,-0.006558,0.119714,0.7708
0,567,2.173448,1.427035,2.393506,0.000524,0.068477,3.643163,0.199255,-0.595062,0.339404,0.934466,C-06,0,1,1,0,-0.001758,0.103804,0.7708
0,568,2.158771,1.440569,2.402754,0.001965,0.077725,3.663076,0.199574,-0.428669,0.189404,0.618072,C-06,0,1,1,0,0.001816,0.087373,0.7500
0,569,2.141018,1.456705,2.405362,0.003868,0.080333,3.686990,0.199919,0.009427,0.039404,0.029977,C-06,0,1,1,0,0.007651,0.042258,0.7083
0,570,2.126180,1.470078,2.413595,0.005537,0.088567,3.705021,0.199697,0.748931,0.189404,-0.559527,C-06,0,1,1,0,0.020792,-0.055504,0.6667
0,571,2.111193,1.483277,2.428560,0.004629,-0.022018,3.727540,0.199763,1.000000,0.339404,-0.660596,C-06,0,1,1,0,0.022283,-0.087097,0.6875
0,572,2.092851,1.498765,2.454479,0.004375,0.003902,3.751545,0.200320,1.000000,0.489404,-0.510596,C-06,0,1,1,0,0.025037,-0.118244,0.7292
0,573,2.077213,1.511357,2.483343,0.004631,0.032766,3.771620,0.201200,1.000000,0.639404,-0.360596,C-06,0,1,1,0,0.013945,-0.052957,0.7292
0,574,2.061179,1.523582,2.519737,0.005422,0.069160,3.791768,0.202601,0.796391,0.789404,-0.006987,C-06,0,1,1,0,0.015036,-0.052730,0.7500
0,575,2.041417,1.537740,2.556948,0.007097,0.106370,3.816021,0.202942,0.316299,0.639404,0.323105,C-06,0,1,1,0,0.025325,-0.110937,0.7708
0,576,2.024605,1.549029,2.581410,0.007116,0.005344,3.837192,0.202620,-0.357999,0.489404,0.847403,C-06,0,1,1,0,0.031574,-0.130828,0.8125
0,577,2.004142,1.562014,2.602088,0.007106,0.026023,3.861427,0.202006,-0.411162,0.339404,0.750566,C-06,0,1,1,0,0.034270,-0.144055,0.7917
0,578,1.983476,1.574497,2.613993,0.007628,0.037928,3.885565,0.201171,-0.243824,0.189404,0.433228,C-06,0,1,1,0,0.037907,-0.173281,0.7708
0,579,1.966170,1.584640,2.618804,0.008326,0.042739,3.905612,0.200558,0.088909,0.088909,0.000000,,0,1,1,0,0.040064,-0.201646,0.7292
0,580,1.945297,1.596625,2.632809,0.009380,0.056743,3.929658,0.201114,0.566449,0.238909,-0.327540,C-06,0,1,1,0,0.043782,-0.242811,0.7292
0,581,1.927740,1.606509,2.652200,0.008723,-0.049633,3.950972,0.202186,1.000000,0.388909,-0.611091,C-06,0,1,1,0,0.058485,-0.347785,0.7292
0,582,1.906378,1.618253,2.685565,0.007209,-0.016268,3.975303,0.204182,1.000000,0.538909,-0.461091,C-06,0,1,1,0,0.058109,-0.361925,0.7500
0,583,1.888271,1.627834,2.721870,0.006263,0.020037,3.995767,0.205773,0.919159,0.688909,-0.230250,C-06,0,1,1,0,0.054546,-0.350897,0.7708
0,584,1.866174,1.638621,2.759806,0.005928,0.057974,4.020354,0.204935,0.569535,0.569535,0.000000,,0,1,1,0,0.051878,-0.336068,0.8125
0,585,1.847525,1.646819,2.783903,0.006464,0.082070,4.040718,0.203623,0.354313,0.419535,0.065222,C-06,0,1,1,0,0.048635,-0.312318,0.8542
0,586,1.824893,1.656255,2.822128,0.005922,-0.004966,4.066065,0.205053,0.592812,0.569535,-0.023277,C-06,0,1,1,0,0.047696,-0.311275,0.8542
0,587,1.801994,1.664849,2.853021,0.004830,0.025926,4.090499,0.203723,0.434527,0.434527,0.000000,,0,1,1,0,0.046283,-0.298884,0.8333
0,588,1.782748,1.671568,2.880002,0.004392,0.052907,4.110880,0.203842,0.456608,0.456608,0.000000,,0,1,1,0,0.043309,-0.280285,0.8125
0,589,1.759467,1.679032,2.912909,0.004492,0.085815,4.135327,0.203656,0.454048,0.454048,0.000000,,0,1,1,0,0.040921,-0.267418,0.8125
0,590,1.739930,1.684698,2.939943,0.005145,0.112848,4.155659,0.203341,0.438460,0.438460,0.000000,,0,1,1,0,0.037061,-0.241275,0.7500
0,591,1.716334,1.691026,2.977194,0.004894,0.037146,4.180771,0.203532,0.497642,0.497642,0.000000,,0,1,1,0,0.032893,-0.215435,0.7917
0,592,1.696560,1.695573,3.005418,0.004128,0.065370,4.201046,0.202745,0.436355,0.436355,0.000000,,0,1,1,0,0.028867,-0.184604,0.7917
0,593,1.672746,1.699843,3.028375,0.004390,0.088327,4.225238,0.201488,0.250603,0.286355,0.035751,C-06,0,1,1,0,0.024320,-0.149373,0.7708
0,594,1.652863,1.702552,3.038078,0.005451,0.098029,4.245277,0.200597,-0.103677,0.136355,0.240031,C-06,0,1,1,0,0.020361,-0.116063,0.7292
0,595,1.628991,1.705060,3.037600,0.007454,0.097551,4.269196,0.199989,-0.099514,-0.013645,0.085869,C-06,0,1,1,0,0.018617,-0.105957,0.7292
0,596,1.605114,1.707538,3.043634,0.008321,0.015451,4.294220,0.200103,0.082458,0.082458,0.000000,,0,1,1,0,0.015899,-0.103287,0.6875
0,597,1.585197,1.709602,3.058326,0.007542,0.030144,4.314228,0.200359,0.269159,0.232458,-0.036701,C-06,0,1,1,0,0.014596,-0.103706,0.6875
0,598,1.561262,1.712080,3.079138,0.006609,0.050955,4.338274,0.200663,0.258594,0.258594,0.000000,,0,1,1,0,0.012366,-0.089830,0.6875
0,599,1.541296,1.713700,3.087164,0.006276,0.058981,4.358303,0.200285,-0.039496,0.108594,0.148090,C-06,0,1,1,0,0.010912,-0.062751,0.7500
0,600,1.517333,1.715035,3.084324,0.006486,0.056141,4.382302,0.199974,-0.144687,-0.041406,0.103280,C-06,0,1,1,0,0.010375,-0.055993,0.7500
0,601,1.497368,1.716129,3.079408,0.006277,-0.011540,4.402706,0.199917,-0.074297,-0.074297,0.000000,,0,1,1,0,0.009213,-0.056576,0.7917
0,602,1.473415,1.717618,3.079071,0.004811,-0.011877,4.426661,0.200000,0.000217,0.000217,0.000000,,0,1,1,0,0.008025,-0.062441,0.7917
0,603,1.453451,1.718868,3.085681,0.003580,-0.005267,4.446626,0.200074,0.104776,0.104776,0.000000,,0,1,1,0,0.006212,-0.065798,0.7292
0,604,1.429484,1.720368,3.091624,0.002103,0.000676,4.470594,0.200138,0.070818,0.070818,0.000000,,0,1,1,0,0.005097,-0.058500,0.7292
0,605,1.405510,1.721868,3.100109,0.000627,0.009161,4.494570,0.200215,0.104743,0.104743,0.000000,,0,1,1,0,0.004162,-0.052637,0.6875
0,606,1.385522,1.723118,3.113116,-0.000618,-0.015414,4.514558,0.200305,0.193479,0.193479,0.000000,,0,1,1,0,0.002723,-0.042629,0.6667
0,607,1.361529,1.724193,3.121590,-0.001693,-0.006940,4.538551,0.200122,0.096420,0.096420,0.000000,,0,1,1,0,0.001942,-0.031367,0.6875
0,608,1.341534,1.724615,3.118534,-0.002115,-0.009996,4.558547,0.199987,-0.094364,-0.053580,0.040784,C-06,0,1,1,0,0.002908,-0.026050,0.7292
0,609,1.317542,1.725093,3.111586,-0.002593,-0.016945,4.582538,0.199952,-0.084862,-0.084862,0.000000,,0,1,1,0,0.001087,-0.019226,0.7500
0,610,1.297551,1.725688,3.112515,-0.003188,-0.016016,4.600081,0.200007,0.019868,0.019868,0.000000,,0,1,1,0,0.000632,-0.026998,0.7708
0,611,1.273560,1.726416,3.117052,-0.003916,-0.024349,4.626521,0.200031,0.055944,0.055944,0.000000,,0,1,1,0,0.000079,-0.029599,0.7917
0,612,1.253565,1.726970,3.118484,-0.004470,-0.022916,4.646515,0.200019,0.018303,0.018303,0.000000,,0,1,1,0,-0.000421,-0.025848,0.7500
0,613,1.229570,1.727614,3.124202,-0.005114,-0.017198,4.670510,0.200041,0.070617,0.070617,0.000000,,0,1,1,0,-0.000874,-0.023899,0.7292
0,614,1.205572,1.728258,3.136259,-0.005758,-0.005142,4.694508,0.200069,0.147404,0.147404,0.000000,,0,1,1,0,-0.000929,-0.020087,0.7083
0,615,1.185572,1.728795,-3.133928,-0.006295,0.007665,4.714508,0.200067,0.186046,0.186046,0.000000,,0,1,1,0,-0.001105,-0.010967,0.6667
0,616,1.161574,1.728923,-3.127190,-0.006423,0.014403,4.738507,0.199980,0.074126,0.074126,0.000000,,0,1,1,0,-0.001012,0.002844,0.6667
0,617,1.141575,1.728648,-3.131790,-0.006148,0.009802,4.758505,0.200011,-0.107081,-0.075874,0.031206,C-06,0,1,1,0,-0.000470,0.014685,0.7292
0,618,1.117576,1.728295,-3.141586,-0.005795,0.000007,4.782505,0.200022,-0.117892,-0.117892,0.000000,,0,1,1,0,-0.000340,0.011736,0.7292
0,619,1.097576,1.728276,3.140834,-0.005776,-0.000759,4.800081,0.200000,-0.002755,-0.002755,0.000000,,0,1,1,0,-0.000658,0.004619,0.7917
0,620,1.073576,1.728280,-3.140252,-0.005780,0.001341,4.826505,0.200000,0.026431,0.026431,0.000000,,0,1,1,0,-0.000466,-0.001463,0.7708
0,621,1.053576,1.728284,-3.134786,-0.005784,0.006807,4.846505,0.199996,0.081535,0.081535,0.000000,,0,1,1,0,-0.000312,-0.000026,0.7708
0,622,1.029578,1.728288,-3.122532,-0.005788,0.019061,4.870502,0.199966,0.148698,0.148698,0.000000,,0,1,1,0,0.000737,0.000774,0.7500
0,623,1.005586,1.728289,-3.110712,-0.005789,0.030881,4.894495,0.199908,0.141130,0.141130,0.000000,,0,1,1,0,0.001375,0.011202,0.7500
0,624,0.985597,1.727989,-3.104215,-0.005489,0.037377,4.914483,0.199897,0.090321,0.090321,0.000000,,0,1,1,0,0.001674,0.023320,0.6875
0,625,0.961618,1.727448,-3.096665,-0.004948,0.044928,4.938463,0.199869,0.091438,0.091438,0.000000,,0,1,1,0,0.002337,0.031996,0.6875
0,626,0.941640,1.726709,-3.093392,-0.004209,0.048201,4.958441,0.199921,0.044888,0.044888,0.000000,,0,1,1,0,0.003889,0.041011,0.7292
0,627,0.917671,1.725765,-3.087560,-0.003265,0.054033,4.982410,0.199866,0.072688,0.072688,0.000000,,0,1,1,0,0.004688,0.045830,0.7500
0,628,0.897704,1.724969,-3.080878,-0.002469,0.060715,5.000081,0.199800,0.099737,0.099737,0.000000,,0,1,1,0,0.005146,0.055136,0.7500
0,629,0.873757,1.723978,-3.068415,-0.001478,0.073178,5.026323,0.199648,0.157034,0.157034,0.000000,,0,1,1,0,0.006796,0.058784,0.7708
0,630,0.853812,1.722569,-3.067205,-0.000069,0.074387,5.046268,0.199970,0.010583,0.010583,0.000000,,0,1,1,0,0.006880,0.085044,0.7917
0,631,0.829878,1.720806,-3.067493,0.001694,0.074100,5.070202,0.199992,-0.004305,-0.004305,0.000000,,0,1,1,0,0.007844,0.091095,0.7500
0,632,0.805949,1.719041,-3.062212,0.003459,0.079381,5.094132,0.199916,0.070289,0.070289,0.000000,,0,1,1,0,0.004154,0.123709,0.7500
0,633,0.786022,1.717571,-3.048652,0.004929,0.092941,5.114058,0.199693,0.214279,0.214279,0.000000,,0,1,1,0,0.002389,0.141318,0.6875
0,634,0.762135,1.715679,-3.040567,0.006821,0.101026,5.137945,0.199670,0.095493,0.095493,0.000000,,0,1,1,0,0.009207,0.124420,0.6667
0,635,0.742235,1.713680,-3.043538,0.008820,0.098054,5.157845,0.200059,-0.247768,-0.054507,0.193261,C-06,0,1,1,0,-0.000121,0.208291,0.6458
0,636,0.718341,1.711255,-3.052573,0.011245,0.089019,5.181740,0.200223,-0.116596,-0.116596,0.000000,,0,1,1,0,0.011805,0.152862,0.6875
0,637,0.698421,1.709464,-3.050967,0.013036,0.090625,5.200081,0.199972,0.086264,0.033404,-0.052860,C-06,0,1,1,0,0.013508,0.146302,0.7083
0,638,0.674534,1.707333,-3.037162,0.015167,0.104431,5.225547,0.199715,0.238589,0.183404,-0.055185,C-06,0,1,1,0,0.012606,0.158666,0.7292
0,639,0.654646,1.705352,-3.034358,0.017148,0.107234,5.245434,0.199870,-0.173215,0.033404,0.206619,C-06,0,1,1,0,0.012282,0.194587,0.6875
0,640,0.630775,1.702790,-3.042872,0.019710,0.098720,5.269306,0.200166,-0.354036,-0.116596,0.237440,C-06,0,1,1,0,0.008451,0.239420,0.6667
0,641,0.606870,1.700222,-3.063420,0.022278,0.078172,5.293211,0.200520,-0.422047,-0.266596,0.155451,C-06,0,1,1,0,0.000974,0.289101,0.6667
0,642,0.586916,1.698081,-3.084359,0.024419,0.057234,5.313164,0.200803,-0.312485,-0.312485,0.000000,,0,1,1,0,-0.006703,0.313375,0.5833
0,643,0.562946,1.696073,-3.098357,0.026427,0.043235,5.337134,0.200396,-0.145001,-0.162485,-0.017484,C-06,0,1,1,0,-0.005361,0.287583,0.5833
0,644,0.542964,1.695141,-3.099849,0.027359,0.041744,5.357116,0.200022,-0.012652,-0.012652,0.000000,,0,1,1,0,0.013804,0.173858,0.6250
0,645,0.518980,1.694079,-3.112506,0.028421,0.029087,5.381101,0.200108,-0.172185,-0.162652,0.009533,C-06,0,1,1,0,0.004614,0.236507,0.6667
0,646,0.498987,1.693216,-3.118818,0.029284,0.022775,5.400081,0.200114,-0.086127,-0.086127,0.000000,,0,1,1,0,0.002889,0.246446,0.7083
0,647,0.474993,1.692661,-3.118939,0.029839,0.022654,5.425088,0.199999,0.001491,0.001491,0.000000,,0,1,1,0,0.002533,0.248630,0.7292
0,648,0.454998,1.692210,-3.117959,0.030290,0.023633,5.445082,0.199995,0.014861,0.014861,0.000000,,0,1,1,0,-0.008568,0.325774,0.7500
0,649,0.431003,1.691669,-3.126476,0.030831,0.015116,5.469078,0.200027,-0.110647,-0.110647,0.000000,,0,1,1,0,-0.008007,0.332565,0.7083
0,650,0.407004,1.691129,-3.138545,0.031371,0.003047,5.493077,0.200049,-0.144684,-0.144684,0.000000,,0,1,1,0,-0.002093,0.294838,0.6458
0,651,0.387004,1.690732,3.137592,0.031768,-0.004001,5.513076,0.200027,-0.096283,-0.096283,0.000000,,0,1,1,0,-0.009898,0.310863,0.6250
0,652,0.363005,1.690362,3.126863,0.032138,-0.014729,5.537075,0.199996,-0.128449,-0.128449,0.000000,,0,1,1,0,-0.008255,0.302954,0.6458
0,653,0.343007,1.690630,3.127623,0.031870,-0.013970,5.557073,0.200004,0.349730,0.021551,-0.328179,C-06,0,1,1,0,-0.008280,0.306728,0.7083
0,654,0.319008,1.690996,3.141272,0.031504,-0.000321,5.581072,0.200023,0.529009,0.171551,-0.357458,C-06,0,1,1,0,-0.000253,0.315526,0.4375
0,655,0.299010,1.691301,-3.120165,0.031199,0.021428,5.600081,0.199982,0.366757,0.321551,-0.045206,C-06,0,1,1,0,0.002815,0.316223,0.4375
0,656,0.275020,1.691452,-3.105221,0.031048,0.036179,5.625060,0.199872,0.050750,0.171551,0.120801,C-06,0,1,1,0,0.007637,0.320828,0.4167
0,657,0.255034,1.690823,-3.103107,0.031677,0.038293,5.645046,0.199968,-0.250887,0.021551,0.272438,C-06,0,1,1,0,0.005450,0.331155,0.7917
0,658,0.231048,1.689944,-3.113170,0.032556,0.028231,5.669032,0.200051,-0.288098,-0.128449,0.159649,C-06,0,1,1,0,0.016062,0.280156,0.7500
0,659,0.207052,1.689064,-3.135598,0.033436,0.005802,5.693028,0.200129,-0.291144,-0.278449,0.012695,C-06,0,1,1,0,0.017365,0.268977,0.7083
0,660,0.187053,1.688498,3.137739,0.034002,-0.016915,5.713028,0.200056,-0.047358,-0.128449,-0.081091,C-06,0,1,1,0,0.016131,0.260498,0.6875
0,661,0.163053,1.688566,3.138809,0.033934,-0.015846,5.737028,0.200001,0.144918,0.021551,-0.123367,C-06,0,1,1,0,0.007322,0.304113,0.7292
0,662,0.143053,1.688655,-3.139066,0.033845,-0.010536,5.757028,0.200001,0.076992,0.076992,0.000000,,0,1,1,0,0.004839,0.311765,0.6667
0,663,0.119053,1.688595,3.138545,0.033905,-0.016109,5.781028,0.200000,-0.133408,-0.073008,0.060401,C-06,0,1,1,0,0.019192,0.210026,0.6250
0,664,0.099054,1.688540,3.123723,0.033960,-0.030932,5.800081,0.199972,-0.451938,-0.223008,0.228930,C-06,0,1,1,0,0.013617,0.236109,0.5833
0,665,0.075068,1.688472,3.093468,0.034004,-0.098770,5.825046,0.199782,-0.700081,-0.373008,0.327073,C-06,0,1,1,0,0.014756,0.196428,0.5833
0,666,0.055099,1.688697,3.077723,0.033760,-0.114514,5.845014,0.199638,0.015666,-0.223008,-0.238674,C-06,0,1,1,0,0.061714,-0.179569,0.6458
0,667,0.031154,1.689928,3.071068,0.032506,-0.121170,5.868958,0.199819,0.670392,-0.073008,-0.743399,C-06,0,1,1,0,0.012948,0.111266,0.7292
0,668,0.007210,1.691608,3.076628,0.030802,-0.115609,5.892900,0.200075,1.000000,0.076992,-0.923008,C-06,0,1,1,0,0.009172,0.105318,0.7292
0,669,-0.012756,1.693023,3.091268,0.028746,-0.163735,5.914708,0.200239,1.000000,0.226992,-0.773008,C-06,0,1,1,0,0.004299,0.106735,0.7708
0,670,-0.036740,1.694721,3.121811,0.025509,-0.133191,5.938533,0.200455,1.000000,0.376992,-0.623008,C-06,0,1,1,0,0.003354,0.086752,0.7292
0,671,-0.056739,1.696136,-3.125253,0.022811,-0.097070,5.958400,0.200479,1.000000,0.526992,-0.473008,C-06,0,1,1,0,0.000393,0.086749,0.6875
0,672,-0.080713,1.697818,-3.070245,0.019590,-0.042062,5.982216,0.199941,1.000000,0.676992,-0.323008,C-06,0,1,1,0,0.002070,0.072041,0.6667
0,673,-0.100615,1.698834,-3.016205,0.017296,0.011978,6.002011,0.198591,0.932820,0.826992,-0.105828,C-06,0,1,1,0,-0.004376,0.137308,0.6875
0,674,-0.124336,1.698099,-2.963411,0.015164,-0.023363,6.027694,0.197285,0.265400,0.676992,0.411592,C-06,0,1,1,0,-0.026586,0.253759,0.6250
0,675,-0.143955,1.695994,-2.929763,0.013559,0.010285,6.047361,0.197175,-0.625311,0.526992,1.152303,C-06,0,1,1,0,-0.033287,0.319473,0.6875
0,676,-0.167343,1.692055,-2.901444,0.013052,0.038604,6.071072,0.197604,-0.932691,0.376992,1.309683,C-06,0,1,1,0,0.049437,-0.178562,0.6458
0,677,-0.190604,1.686982,-2.884620,0.013682,0.055428,6.094872,0.198415,-0.919034,0.226992,1.146026,C-06,0,1,1,0,-0.015020,0.246193,0.7083
0,678,-0.209933,1.682094,-2.879543,0.014866,0.060505,6.114775,0.199433,-0.639990,0.076992,0.716983,C-06,0,1,1,0,-0.009885,0.218804,0.7500
0,679,-0.233127,1.675888,-2.884209,0.015627,-0.057114,6.140756,0.200223,-0.256479,-0.073008,0.183472,C-06,0,1,1,0,0.005533,0.099844,0.7292
0,680,-0.252458,1.670797,-2.880001,0.014491,-0.052906,6.160714,0.199795,0.688020,0.076992,-0.611028,C-06,0,1,1,0,-0.001184,0.104828,0.7500
0,681,-0.275595,1.664692,-2.864494,0.013143,-0.037400,6.184605,0.199024,1.000000,0.226992,-0.773008,C-06,0,1,1,0,-0.009942,0.146295,0.7083
0,682,-0.294774,1.659604,-2.843013,0.012051,-0.015918,6.204418,0.197875,1.000000,0.376992,-0.623008,C-06,0,1,1,0,-0.011225,0.136773,0.6875
0,683,-0.317584,1.653477,-2.807158,0.010824,0.019937,6.228004,0.196118,1.000000,0.526992,-0.473008,C-06,0,1,1,0,-0.001767,0.050839,0.6458
0,684,-0.336349,1.648032,-2.769304,0.010199,0.057791,6.247533,0.195008,1.000000,0.676992,-0.323008,C-06,0,1,1,0,-0.032563,0.222438,0.6458
0,685,-0.358463,1.640660,-2.715542,0.007370,-0.013709,6.271963,0.194044,1.000000,0.826992,-0.173008,C-06,0,1,1,0,0.042847,-0.232848,0.6250
0,686,-0.380094,1.631705,-2.671954,0.006248,0.029879,6.295348,0.195297,0.413875,0.676992,0.263117,C-06,0,1,1,0,0.040616,-0.209005,0.6458
0,687,-0.397798,1.623220,-2.643963,0.006374,0.057869,6.314979,0.196519,-0.090923,0.526992,0.617915,C-06,0,1,1,0,0.040174,-0.191668,0.6667
0,688,-0.418747,1.612136,-2.620257,0.007468,0.081576,6.338655,0.197663,-0.564037,0.376992,0.941029,C-06,0,1,1,0,-0.022874,0.245119,0.7292
0,689,-0.436029,1.602359,-2.608385,0.008943,0.093448,6.358456,0.198646,-0.604049,0.226992,0.831042,C-06,0,1,1,0,0.000293,0.099264,0.7292
0,690,-0.456664,1.590222,-2.603284,0.008702,-0.027218,6.383532,0.199548,-0.395962,0.076992,0.472955,C-06,0,1,1,0,-0.000440,0.097972,0.7500
0,691,-0.473804,1.580037,-2.596907,0.008127,-0.020841,6.403461,0.199251,0.131409,0.131409,0.000000,,0,1,1,0,-0.003877,0.104096,0.7708
0,692,-0.494234,1.567603,-2.580710,0.007690,-0.004644,6.427374,0.198657,0.902768,0.281409,-0.621358,C-06,0,1,1,0,-0.010705,0.136541,0.7083
0,693,-0.511062,1.557076,-2.560038,0.007571,0.016028,6.447223,0.197991,1.000000,0.431409,-0.568591,C-06,0,1,1,0,-0.013178,0.133106,0.6875
0,694,-0.530898,1.544005,-2.526911,0.007989,0.049155,6.470975,0.197907,1.000000,0.581409,-0.418591,C-06,0,1,1,0,-0.015923,0.143765,0.6667
0,695,-0.550221,1.530143,-2.486099,0.007344,-0.035522,6.495767,0.198460,1.000000,0.731409,-0.268591,C-06,0,1,1,0,-0.035434,0.236616,0.6458
0,696,-0.565853,1.517830,-2.449557,0.006878,0.001020,6.515660,0.199535,0.805606,0.805606,0.000000,,0,1,1,0,0.041794,-0.226652,0.6250
0,697,-0.584110,1.502196,-2.413537,0.007299,0.037040,6.539693,0.200970,0.420233,0.655606,0.235373,C-06,0,1,1,0,0.039938,-0.206803,0.6458
0,698,-0.599025,1.488710,-2.389640,0.008193,0.060938,6.559781,0.201061,-0.200387,0.505606,0.705994,C-06,0,1,1,0,-0.003691,0.109047,0.7083
0,699,-0.616456,1.472137,-2.369105,0.009863,0.081472,6.583775,0.200291,-0.409358,0.355606,0.764965,C-06,0,1,1,0,-0.001850,0.105792,0.7500
0,700,-0.630718,1.458103,-2.358771,0.010423,-0.033742,6.605103,0.200037,-0.329833,0.205606,0.535439,C-06,0,1,1,0,0.000796,0.089096,0.7708
0,701,-0.647698,1.441142,-2.355102,0.009648,-0.030073,6.629090,0.199997,-0.068034,0.055606,0.123641,C-06,0,1,1,0,-0.001549,0.098846,0.7500
0,702,-0.661762,1.426931,-2.345704,0.009117,-0.020675,6.649077,0.199880,0.983577,0.205606,-0.777970,C-06,0,1,1,0,-0.009507,0.127578,0.7292
0,703,-0.678387,1.409689,-2.325853,0.008793,-0.000824,6.673026,0.199374,1.000000,0.355606,-0.644394,C-06,0,1,1,0,-0.012444,0.130362,0.6875
0,704,-0.694595,1.392121,-2.298096,0.008997,0.026933,6.696928,0.199188,1.000000,0.505606,-0.494394,C-06,0,1,1,0,-0.015297,0.137104,0.6667
0,705,-0.707678,1.377034,-2.268891,0.008976,-0.069845,6.718053,0.200093,1.000000,0.655606,-0.344394,C-06,0,1,1,0,-0.008569,0.120649,0.4792
0,706,-0.722883,1.358325,-2.225254,0.007688,-0.026208,6.742127,0.201625,1.000000,0.805606,-0.194394,C-06,0,1,1,0,0.041873,-0.242303,0.6458
0,707,-0.735150,1.342226,-2.185826,0.007240,0.013220,6.762362,0.202986,0.842035,0.842035,0.000000,,0,1,1,0,-0.013535,0.129505,0.6875
0,708,-0.749235,1.322349,-2.145276,0.007545,0.053770,6.786721,0.203412,0.344425,0.692035,0.347610,C-06,0,1,1,0,-0.008031,0.115887,0.6875
0,709,-0.760420,1.305414,-2.118097,0.008464,0.080949,6.806996,0.203105,-0.098176,0.542035,0.640211,C-06,0,1,1,0,-0.005006,0.114905,0.7292
0,710,-0.773222,1.284769,-2.093891,0.009616,-0.020583,6.832480,0.202484,-0.438935,0.392035,0.830970,C-06,0,1,1,0,-0.000967,0.102153,0.7292
0,711,-0.783425,1.267379,-2.081170,0.009050,-0.007862,6.852634,0.201597,-0.447406,0.242035,0.689441,C-06,0,1,1,0,0.000772,0.093922,0.7292
0,712,-0.795243,1.246400,-2.075124,0.008798,-0.001816,6.876711,0.200615,-0.197349,0.092035,0.289384,C-06,0,1,1,0,-0.007655,0.150041,0.7500
0,713,-0.806842,1.225309,-2.060688,0.008793,0.012619,6.900782,0.201126,0.452923,0.242035,-0.210888,C-06,0,1,1,0,-0.007598,0.129312,0.7083
0,714,-0.816422,1.207571,-2.040667,0.008942,0.032640,6.920940,0.202319,0.954537,0.392035,-0.562502,C-06,0,1,1,0,-0.009494,0.127328,0.6875
0,715,-0.827818,1.185996,-2.006682,0.008956,-0.058858,6.946498,0.204373,1.000000,0.542035,-0.457965,C-06,0,1,1,0,-0.037378,0.254931,0.6250
0,716,-0.837118,1.167719,-1.969738,0.007014,-0.021914,6.966913,0.205966,1.000000,0.692035,-0.307965,C-06,0,1,1,0,0.043249,-0.232315,0.6250
0,717,-0.847730,1.145404,-1.924808,0.005333,0.023016,6.991565,0.206010,0.672763,0.672763,0.000000,,0,1,1,0,0.040433,-0.215054,0.6458
0,718,-0.855682,1.126542,-1.894441,0.004861,0.053383,7.012030,0.204605,0.192408,0.522763,0.330355,C-06,0,1,1,0,-0.010931,0.137178,0.6875
0,719,-0.864209,1.103688,-1.867896,0.005317,0.079928,7.036418,0.203173,-0.219455,0.372763,0.592218,C-06,0,1,1,0,-0.004891,0.109907,0.7292
0,720,-0.870568,1.084524,-1.854248,0.006437,0.093576,7.056579,0.201820,-0.306259,0.222763,0.529022,C-06,0,1,1,0,-0.002904,0.100985,0.7500
0,721,-0.877472,1.061463,-1.848809,0.005690,-0.026775,7.081447,0.200571,-0.085561,0.072763,0.158324,C-06,0,1,1,0,-0.004117,0.100782,0.7500
0,722,-0.884239,1.038338,-1.833588,0.004891,-0.011553,7.105529,0.201152,0.596199,0.222763,-0.373435,C-06,0,1,1,0,-0.012049,0.140433,0.7500
0,723,-0.889874,1.018972,-1.811879,0.004251,0.010155,7.125688,0.202171,1.000000,0.372763,-0.627237,C-06,0,1,1,0,-0.012291,0.127292,0.7083
0,724,-0.896637,0.995567,-1.774267,0.003525,0.047768,7.150039,0.203751,1.000000,0.522763,-0.477237,C-06,0,1,1,0,-0.012502,0.121290,0.6667
0,725,-0.902269,0.975903,-1.732667,0.002963,0.089367,7.170485,0.205077,1.000000,0.672763,-0.327237,C-06,0,1,1,0,-0.036868,0.240117,0.6250
0,726,-0.907929,0.952144,-1.691481,0.000800,0.004790,7.195169,0.203237,0.493785,0.522763,0.028978,C-06,0,1,1,0,-0.028376,0.209207,0.6458
0,727,-0.911513,0.932261,-1.666349,-0.000251,0.029921,7.215345,0.201862,0.113632,0.372763,0.259131,C-06,0,1,1,0,-0.040948,0.291341,0.6458
0,728,-0.914636,0.908351,-1.648025,-0.000339,0.048245,7.239458,0.200861,-0.076479,0.222763,0.299242,C-06,0,1,1,0,0.035003,-0.183901,0.6667
0,729,-0.916472,0.888405,-1.641813,0.000352,0.054457,7.259476,0.200255,0.082150,0.082150,0.000000,,0,1,1,0,-0.010215,0.113356,0.7292
0,730,-0.918557,0.864452,-1.623610,0.001301,0.072660,7.283501,0.200466,0.592556,0.232150,-0.360406,C-06,0,1,1,0,-0.010487,0.100701,0.7292
0,731,-0.920641,0.840471,-1.592895,0.000059,-0.022099,7.307700,0.200698,0.915314,0.382150,-0.533164,C-06,0,1,1,0,-0.010816,0.093794,0.7500
0,732,-0.922378,0.820472,-1.556422,-0.001678,0.014374,7.327699,0.200738,1.000000,0.532150,-0.467850,C-06,0,1,1,0,-0.011861,0.098758,0.7708
0,733,-0.924370,0.796496,-1.501026,-0.003670,0.069771,7.351675,0.200001,0.720565,0.682150,-0.038415,C-06,0,1,1,0,-0.015508,0.136614,0.7292
0,734,-0.924696,0.776574,-1.464804,-0.003996,0.105993,7.371596,0.198920,-0.195826,0.532150,0.727976,C-06,0,1,1,0,-0.010489,0.130695,0.6875
0,735,-0.923510,0.752752,-1.434175,-0.002810,0.136622,7.395419,0.198613,-0.575568,0.382150,0.957718,C-06,0,1,1,0,-0.008251,0.131121,0.6458
0,736,-0.921493,0.732962,-1.418496,-0.001937,0.026826,7.415037,0.198932,-0.831983,0.232150,1.064133,C-06,0,1,1,0,-0.020070,0.195097,0.6458
0,737,-0.918138,0.709253,-1.411706,-0.001595,0.033617,7.438979,0.199568,-0.833051,0.082150,0.915201,C-06,0,1,1,0,-0.018810,0.191249,0.6458
0,738,-0.914982,0.689500,-1.415414,-0.000952,0.029909,7.458972,0.200115,-0.361053,-0.067850,0.293203,C-06,0,1,1,0,0.032797,-0.164479,0.6667
0,739,-0.911269,0.665799,-1.409667,-0.000254,0.035655,7.482952,0.199824,0.315987,0.082150,-0.233837,C-06,0,1,1,0,-0.031360,0.243897,0.7292
0,740,-0.907560,0.642142,-1.392775,0.000446,0.052548,7.506888,0.199279,0.926578,0.232150,-0.694428,C-06,0,1,1,0,-0.012934,0.104084,0.7292
0,741,-0.904469,0.622499,-1.369616,0.000435,-0.050057,7.526856,0.198440,1.000000,0.382150,-0.617850,C-06,0,1,1,0,-0.014202,0.101265,0.7500
0,742,-0.900759,0.599079,-1.331171,-0.001799,-0.011613,7.550462,0.196827,1.000000,0.532150,-0.467850,C-06,0,1,1,0,-0.014537,0.097594,0.7292
0,743,-0.897468,0.579749,-1.291028,-0.003422,0.028530,7.570004,0.195615,0.958199,0.682150,-0.276049,C-06,0,1,1,0,-0.016938,0.128148,0.7292
0,744,-0.892150,0.556815,-1.253015,-0.003978,0.066543,7.593539,0.196163,0.459252,0.532150,0.072898,C-06,0,1,1,0,-0.014328,0.124315,0.7083
0,745,-0.886669,0.537889,-1.230592,-0.003379,0.088967,7.613234,0.197092,0.083182,0.382150,0.298968,C-06,0,1,1,0,-0.012018,0.119035,0.6667
0,746,-0.879159,0.515332,-1.214352,-0.001718,0.105207,7.636950,0.198174,0.061367,0.232150,0.170783,C-06,0,1,1,0,-0.013726,0.131799,0.6667
0,747,-0.872662,0.496645,-1.198292,-0.002423,-0.004524,7.656511,0.197741,0.288987,0.288987,0.000000,,0,1,1,0,-0.048245,0.305452,0.6667
0,748,-0.864567,0.474402,-1.172780,-0.003059,0.020989,7.680172,0.196999,0.390863,0.390863,0.000000,,0,1,1,0,0.032482,-0.192432,0.6458
0,749,-0.855898,0.452395,-1.148117,-0.003072,0.045652,7.703826,0.197149,0.376509,0.376509,0.000000,,0,1,1,0,0.030338,-0.188574,0.6458
0,750,-0.848201,0.434237,-1.128193,-0.002577,0.065576,7.723541,0.197252,0.370651,0.370651,0.000000,,0,1,1,0,-0.011376,0.097288,0.7292
0,751,-0.838502,0.412699,-1.099216,-0.001461,0.094552,7.747136,0.196754,0.461719,0.461719,0.000000,,0,1,1,0,-0.013162,0.110075,0.7292
0,752,-0.829875,0.394985,-1.076720,-0.001616,-0.008435,7.766681,0.197114,0.430705,0.430705,0.000000,,0,1,1,0,-0.010829,0.099135,0.7500
0,753,-0.818916,0.374007,-1.050486,-0.002117,0.017799,7.790344,0.197350,0.426878,0.426878,0.000000,,0,1,1,0,-0.009422,0.093448,0.7708
0,754,-0.809298,0.356760,-1.029084,-0.001996,0.039201,7.810091,0.197568,0.424552,0.424552,0.000000,,0,1,1,0,-0.009173,0.095122,0.7083
0,755,-0.797192,0.336352,-1.004149,-0.001217,0.064136,7.833807,0.197873,0.418348,0.418348,0.000000,,0,1,1,0,-0.012178,0.122717,0.6875
0,756,-0.786653,0.319587,-0.983952,-0.000057,0.084333,7.853575,0.198143,0.412886,0.412886,0.000000,,0,1,1,0,-0.024917,0.199844,0.6875
0,757,-0.773491,0.299762,-0.960014,0.000939,-0.017467,7.877470,0.198455,0.414375,0.414375,0.000000,,0,1,1,0,-0.037734,0.262586,0.6667
0,758,-0.759781,0.280268,-0.935895,0.000557,0.006652,7.901299,0.198779,0.424894,0.424894,0.000000,,0,1,1,0,-0.035018,0.249491,0.6875
0,759,-0.747936,0.264277,-0.917219,0.000727,0.025328,7.921199,0.199141,0.398837,0.398837,0.000000,,0,1,1,0,0.035227,-0.195973,0.6667
0,760,-0.733258,0.245396,-0.893569,0.001488,0.048977,7.945102,0.199491,0.430570,0.430570,0.000000,,0,1,1,0,-0.023554,0.195484,0.7292
0,761,-0.720582,0.229960,-0.869329,0.002657,0.073218,7.965041,0.199934,0.541616,0.541616,0.000000,,0,1,1,0,-0.014880,0.144358,0.7708
0,762,-0.704852,0.211776,-0.842494,0.004184,-0.025930,7.989553,0.200746,0.491272,0.491272,0.000000,,0,1,1,0,-0.010504,0.123811,0.8125
0,763,-0.691385,0.196859,-0.821531,0.003796,-0.004967,8.009645,0.201015,0.449306,0.449306,0.000000,,0,1,1,0,-0.007197,0.107581,0.7708
0,764,-0.674819,0.179390,-0.796034,0.003921,0.020530,8.033720,0.200312,0.447986,0.447986,0.000000,,0,1,1,0,-0.004742,0.093876,0.7708
0,765,-0.660682,0.165246,-0.773317,0.004552,0.043247,8.053708,0.199699,0.472623,0.472623,0.000000,,0,1,1,0,0.004419,0.033300,0.7292
0,766,-0.643409,0.148662,-0.752791,0.005797,0.063772,8.077621,0.199328,0.353206,0.353206,0.000000,,0,1,1,0,0.008493,0.010207,0.6875
0,767,-0.625842,0.132462,-0.728763,0.007521,0.087801,8.101202,0.199265,0.436075,0.436075,0.000000,,0,1,1,0,0.019387,-0.051674,0.6667
0,768,-0.610841,0.119304,-0.707082,0.006843,-0.016067,8.122347,0.199834,0.480229,0.480229,0.000000,,0,1,1,0,0.023771,-0.082154,0.6875
0,769,-0.592429,0.103889,-0.685279,0.006689,0.005736,8.146360,0.200299,0.401623,0.401623,0.000000,,0,1,1,0,0.026957,-0.107378,0.7292
0,770,-0.576824,0.091298,-0.665902,0.006925,0.025113,8.166410,0.200672,0.426193,0.426193,0.000000,,0,1,1,0,0.016492,-0.048358,0.7292
0,771,-0.557755,0.076525,-0.638495,0.007685,0.052520,8.190520,0.201331,0.496793,0.496793,0.000000,,0,1,1,0,0.023199,-0.098519,0.7917
0,772,-0.541558,0.064526,-0.615006,0.008754,0.076009,8.210649,0.201770,0.497530,0.497530,0.000000,,0,1,1,0,0.027663,-0.133190,0.8125
0,773,-0.521790,0.050562,-0.590782,0.008278,-0.025255,8.235968,0.201830,0.416428,0.416428,0.000000,,0,1,1,0,0.031168,-0.155845,0.8125
0,774,-0.505063,0.039219,-0.569154,0.007653,-0.003627,8.256170,0.202260,0.444646,0.444646,0.000000,,0,1,1,0,0.034857,-0.188078,0.7708
0,775,-0.484667,0.025976,-0.540524,0.007389,0.025003,8.280486,0.202855,0.483330,0.483330,0.000000,,0,1,1,0,0.036743,-0.205129,0.7500
0,776,-0.463943,0.013301,-0.516786,0.007780,0.048742,8.304775,0.202505,0.386138,0.386138,0.000000,,0,1,1,0,0.039111,-0.221743,0.7083
0,777,-0.446455,0.003045,-0.495953,0.008482,0.069574,8.325037,0.202841,0.408352,0.408352,0.000000,,0,1,1,0,0.058820,-0.319136,0.7292
0,778,-0.425191,-0.008902,-0.467784,0.007645,-0.028024,8.350479,0.203410,0.453518,0.453518,0.000000,,0,1,1,0,0.061173,-0.344963,0.7083
0,779,-0.407239,-0.018448,-0.445024,0.006665,-0.005264,8.370787,0.203376,0.428845,0.428845,0.000000,,0,1,1,0,0.057691,-0.344105,0.7500
0,780,-0.385424,-0.029508,-0.414293,0.005962,0.025467,8.395236,0.203962,0.477796,0.477796,0.000000,,0,1,1,0,0.054835,-0.338716,0.7708
0,781,-0.366998,-0.038395,-0.383386,0.005781,0.056374,8.415693,0.204937,0.570586,0.570586,0.000000,,0,1,1,0,0.052123,-0.332030,0.8125
0,782,-0.344547,-0.048668,-0.337616,0.006060,0.102143,8.440381,0.206173,0.685429,0.685429,0.000000,,0,1,1,0,0.049345,-0.318107,0.8333
0,783,-0.325575,-0.056387,-0.306194,0.005585,0.008304,8.461639,0.204713,0.164815,0.535429,0.370614,C-06,0,1,1,0,0.047873,-0.296049,0.8542
0,784,-0.302593,-0.064593,-0.278453,0.004889,0.036045,8.486031,0.203245,0.099026,0.385429,0.286403,C-06,0,1,1,0,0.046229,-0.279921,0.8333
0,785,-0.279447,-0.071978,-0.256914,0.005022,0.057583,8.510326,0.202389,0.296609,0.296609,0.000000,,0,1,1,0,0.043979,-0.268118,0.8125
0,786,-0.260041,-0.077875,-0.230518,0.005416,0.083980,8.530604,0.203368,0.486070,0.446609,-0.039460,C-06,0,1,1,0,0.040894,-0.257463,0.8333
0,787,-0.236567,-0.084902,-0.187011,0.005992,0.127487,8.555101,0.204643,0.675111,0.596609,-0.078501,C-06,0,1,1,0,0.038953,-0.249770,0.7708
0,788,-0.216865,-0.089894,-0.158068,0.005907,0.043476,8.576218,0.203045,0.401318,0.446609,0.045291,C-06,0,1,1,0,0.033874,-0.205081,0.7917
0,789,-0.193122,-0.094681,-0.134725,0.005648,0.066820,8.600437,0.201723,0.151605,0.296609,0.145004,C-06,0,1,1,0,0.030463,-0.175349,0.7917
0,790,-0.173289,-0.097833,-0.124487,0.006263,0.077058,8.620509,0.200739,0.035141,0.146609,0.111468,C-06,0,1,1,0,0.025578,-0.145418,0.7708
0,791,-0.149465,-0.101094,-0.118098,0.007519,0.083447,8.644523,0.200357,0.077361,0.077361,0.000000,,0,1,1,0,0.021949,-0.126547,0.7292
0,792,-0.129593,-0.103731,-0.107881,0.008648,0.093663,8.664537,0.200566,0.161384,0.161384,0.000000,,0,1,1,0,0.018475,-0.117857,0.7292
0,793,-0.105718,-0.106835,-0.095968,0.008983,0.017442,8.689753,0.200627,0.149523,0.149523,0.000000,,0,1,1,0,0.016820,-0.110496,0.6667
0,794,-0.081812,-0.109773,-0.081056,0.007589,0.032354,8.713798,0.200725,0.187926,0.187926,0.000000,,0,1,1,0,0.015100,-0.101477,0.6667
0,795,-0.061869,-0.111917,-0.070127,0.006732,0.043283,8.733837,0.200544,0.160503,0.160503,0.000000,,0,1,1,0,0.012763,-0.086888,0.7083
0,796,-0.037921,-0.113999,-0.061432,0.006195,0.051978,8.757870,0.200296,0.103587,0.103587,0.000000,,0,1,1,0,0.011329,-0.074716,0.7292
0,797,-0.017960,-0.115256,-0.063134,0.006225,0.050276,8.777871,0.199983,-0.033696,-0.033696,0.000000,,0,1,1,0,0.009509,-0.062911,0.7500
0,798,0.005994,-0.116772,-0.061499,0.005638,-0.010854,0.009888,0.200021,0.023602,0.023602,0.000000,,0,1,1,0,0.008206,-0.062362,0.7917
0,799,0.025957,-0.118037,-0.058907,0.004392,-0.008262,0.029853,0.200052,0.039062,0.039062,0.000000,,0,1,1,0,0.006956,-0.062036,0.7917
0,800,0.049917,-0.119552,-0.056379,0.002900,-0.005735,0.053815,0.200073,0.030726,0.030726,0.000000,,0,1,1,0,0.006167,-0.062335,0.7500
0,801,0.069890,-0.120800,-0.047782,0.001671,0.002863,0.073788,0.200156,0.132109,0.132109,0.000000,,0,1,1,0,0.004456,-0.058738,0.7292
0,802,0.093868,-0.122297,-0.038190,0.000197,0.012455,0.097768,0.200237,0.115562,0.115562,0.000000,,0,1,1,0,0.003186,-0.046721,0.6667
0,803,0.117855,-0.123743,-0.026233,-0.001243,-0.013171,0.121755,0.200251,0.145620,0.145620,0.000000,,0,1,1,0,0.002985,-0.041036,0.6875
0,804,0.137849,-0.124488,-0.021706,-0.001988,-0.008644,0.141749,0.200068,0.058751,0.058751,0.000000,,0,1,1,0,0.002214,-0.031402,0.6875
0,805,0.161843,-0.125035,-0.024028,-0.002535,-0.010966,0.165743,0.199992,-0.033372,-0.033372,0.000000,,0,1,1,0,0.001677,-0.022776,0.7292
0,806,0.181836,-0.125477,-0.027583,-0.002977,-0.014521,0.185737,0.199974,-0.052439,-0.052439,0.000000,,0,1,1,0,0.001064,-0.023998,0.7500
0,807,0.205828,-0.126137,-0.025683,-0.003637,-0.025491,0.209728,0.200011,0.027664,0.027664,0.000000,,0,1,1,0,0.000237,-0.026422,0.7917
0,808,0.225822,-0.126694,-0.021985,-0.004194,-0.021792,0.229722,0.200028,0.054436,0.054436,0.000000,,0,1,1,0,-0.000139,-0.026820,0.7917
0,809,0.249817,-0.127274,-0.020680,-0.004774,-0.020487,0.253717,0.200012,0.013181,0.013181,0.000000,,0,1,1,0,-0.000498,-0.023462,0.7500
0,810,0.269814,-0.127741,-0.014457,-0.005241,-0.014264,0.273714,0.200033,0.094595,0.094595,0.000000,,0,1,1,0,-0.001176,-0.020480,0.7083
0,811,0.293813,-0.128302,-0.001826,-0.005802,-0.001634,0.297713,0.200054,0.151136,0.151136,0.000000,,0,1,1,0,-0.001433,-0.013345,0.7083
0,812,0.317812,-0.128863,0.013629,-0.006363,0.013629,0.321712,0.200038,0.184361,0.184361,0.000000,,0,1,1,0,-0.001030,-0.004240,0.6667
0,813,0.337809,-0.128875,0.019477,-0.006375,0.019477,0.341709,0.199964,0.075718,0.075718,0.000000,,0,1,1,0,-0.000584,0.007663,0.6875
0,814,0.361806,-0.128417,0.013853,-0.005917,0.013853,0.365706,0.200019,-0.084649,-0.074282,0.010366,C-06,0,1,1,0,-0.000229,0.018048,0.6875
0,815,0.381804,-0.128022,0.008500,-0.005522,0.008500,0.385704,0.200031,-0.076332,-0.076332,0.000000,,0,1,1,0,-0.000172,0.017987,0.7292
0,816,0.405804,-0.127681,0.005501,-0.005181,0.005501,0.409704,0.200013,-0.033698,-0.033698,0.000000,,0,1,1,0,-0.000043,0.011901,0.7917
0,817,0.425804,-0.127437,0.002726,-0.004937,0.002726,0.429704,0.200012,-0.039732,-0.039732,0.000000,,0,1,1,0,0.000233,0.007929,0.7917
0,818,0.449803,-0.127328,0.005602,-0.004828,0.005602,0.453703,0.199999,0.037411,0.037411,0.000000,,0,1,1,0,0.000280,0.005121,0.7708
0,819,0.469802,-0.127242,0.016504,-0.004742,0.016504,0.473702,0.199977,0.166443,0.166443,0.000000,,0,1,1,0,0.000796,0.005262,0.7083
0,820,0.493796,-0.127139,0.028473,-0.004639,0.028473,0.497696,0.199924,0.141599,0.141599,0.000000,,0,1,1,0,0.002035,0.012501,0.7292
0,821,0.517784,-0.126653,0.032897,-0.004153,0.032897,0.521684,0.199946,0.047585,0.047585,0.000000,,0,1,1,0,0.003582,0.018914,0.6875
0,822,0.537773,-0.126116,0.035347,-0.003616,0.035347,0.541673,0.199955,0.034639,0.034639,0.000000,,0,1,1,0,0.003730,0.027948,0.6875
0,823,0.561755,-0.125435,0.041810,-0.002935,0.041810,0.565655,0.199908,0.080115,0.080115,0.000000,,0,1,1,0,0.003886,0.033892,0.6875
0,824,0.581734,-0.124868,0.049704,-0.002368,0.049704,0.585634,0.199838,0.117317,0.117317,0.000000,,0,1,1,0,0.005271,0.040577,0.7292
0,825,0.605697,-0.124163,0.061014,-0.001663,0.061014,0.609597,0.199742,0.139300,0.139300,0.000000,,0,1,1,0,0.006242,0.048941,0.7708
0,826,0.625654,-0.123401,0.070469,-0.000901,0.070469,0.629554,0.199692,0.139624,0.139624,0.000000,,0,1,1,0,0.007339,0.059202,0.7708
0,827,0.649588,-0.122035,0.077554,0.000465,0.077554,0.653488,0.199773,0.084354,0.084354,0.000000,,0,1,1,0,0.007190,0.077320,0.7708
0,828,0.669529,-0.120502,0.075793,0.001998,0.075793,0.673429,0.200031,-0.034848,-0.034848,0.000000,,0,1,1,0,0.008761,0.092210,0.7292
0,829,0.693455,-0.118685,0.081266,0.003815,0.081266,0.697355,0.199917,0.073295,0.073295,0.000000,,0,1,1,0,0.007838,0.106438,0.7083
0,830,0.717368,-0.116870,0.089709,0.005630,0.089709,0.721268,0.199776,0.106954,0.106954,0.000000,,0,1,1,0,0.008587,0.114398,0.6667
0,831,0.737283,-0.115266,0.093879,0.007234,0.093879,0.741184,0.199801,0.059242,0.059242,0.000000,,0,1,1,0,0.009554,0.126698,0.6458
0,832,0.761183,-0.113025,0.088028,0.009475,0.088028,0.765084,0.200104,-0.081224,-0.081224,0.000000,,0,1,1,0,0.005762,0.160321,0.6250
0,833,0.781103,-0.111265,0.091790,0.011235,0.091790,0.785003,0.199932,0.066137,0.066137,0.000000,,0,1,1,0,0.012752,0.138974,0.7083
0,834,0.804995,-0.109162,0.098749,0.013338,0.098749,0.808895,0.199802,0.088222,0.088222,0.000000,,0,1,1,0,0.019802,0.110779,0.6875
0,835,0.824890,-0.107410,0.105753,0.015090,0.105753,0.828790,0.199661,0.107052,0.107052,0.000000,,0,1,1,0,0.013142,0.167555,0.7292
0,836,0.848759,-0.104922,0.103080,0.017578,0.103080,0.852659,0.200033,-0.148867,-0.042948,0.105919,C-06,0,1,1,0,0.021459,0.140530,0.6667
0,837,0.868663,-0.102830,0.091170,0.019670,0.091170,0.872563,0.200253,-0.319603,-0.192948,0.126655,C-06,0,1,1,0,0.008215,0.238279,0.6458
0,838,0.892581,-0.100318,0.074206,0.022182,0.074206,0.896481,0.200533,-0.212203,-0.212203,0.000000,,0,1,1,0,0.008821,0.238470,0.6250
0,839,0.916528,-0.097838,0.057652,0.024662,0.057652,0.920428,0.200635,-0.203196,-0.203196,0.000000,,0,1,1,0,-0.007218,0.293726,0.5833
0,840,0.936500,-0.096256,0.048803,0.026244,0.048803,0.940400,0.200315,-0.126391,-0.126391,0.000000,,0,1,1,0,0.003160,0.240254,0.6042
0,841,0.960479,-0.094493,0.034441,0.028007,0.034441,0.964379,0.200384,-0.176585,-0.176585,0.000000,,0,1,1,0,0.010586,0.198536,0.6250
0,842,0.980468,-0.093674,0.031679,0.028826,0.031679,0.984368,0.200042,-0.029497,-0.029497,0.000000,,0,1,1,0,0.004027,0.236507,0.6875
0,843,1.004457,-0.092772,0.027715,0.029728,0.027715,1.008357,0.200064,-0.048740,-0.048740,0.000000,,0,1,1,0,0.004319,0.240236,0.7500
0,844,1.024451,-0.092027,0.023653,0.030473,0.023653,1.028351,0.200073,-0.058789,-0.058789,0.000000,,0,1,1,0,0.003162,0.254253,0.7292
0,845,1.048447,-0.091170,0.009770,0.031330,0.009770,1.052347,0.200117,-0.170331,-0.170331,0.000000,,0,1,1,0,-0.007464,0.325104,0.7500
0,846,1.068446,-0.090889,0.007701,0.031611,0.007701,1.072346,0.200008,0.182979,-0.020331,-0.203310,C-06,0,1,1,0,-0.008409,0.325430,0.7500
0,847,1.092444,-0.090642,0.017682,0.031858,0.017682,1.096344,0.199981,0.135895,0.129669,-0.006227,C-06,0,1,1,0,-0.002886,0.291885,0.6667
0,848,1.116441,-0.090217,0.016514,0.032283,0.016514,1.120341,0.200005,-0.238029,-0.020331,0.217698,C-06,0,1,1,0,-0.010499,0.326160,0.6042
0,849,1.136439,-0.089857,0.005503,0.032643,0.005503,1.140339,0.200029,-0.451979,-0.170331,0.281648,C-06,0,1,1,0,-0.006089,0.317196,0.6250
0,850,1.160438,-0.089424,-0.020592,0.033076,-0.020592,1.164338,0.199995,-0.322906,-0.320331,0.002575,C-06,0,1,1,0,-0.007115,0.327531,0.6667
0,851,1.180431,-0.089259,-0.033192,0.033241,-0.033192,1.184331,0.199895,0.480196,-0.170331,-0.650527,C-06,0,1,1,0,0.000807,0.308712,0.4375
0,852,1.204416,-0.089956,-0.035403,0.032544,-0.035596,1.208316,0.199972,0.746323,-0.020331,-0.766654,C-06,0,1,1,0,-0.006211,0.305333,0.8542
0,853,1.224406,-0.090624,-0.027234,0.031876,-0.027426,1.228306,0.200035,0.810499,0.129669,-0.680830,C-06,0,1,1,0,-0.005854,0.305041,0.8125
0,854,1.248402,-0.091428,-0.004472,0.031072,-0.004665,1.252302,0.200109,0.732977,0.279669,-0.453308,C-06,0,1,1,0,0.002655,0.257706,0.8125
0,855,1.268402,-0.092098,0.017190,0.030402,0.016998,1.272302,0.200087,0.309574,0.309574,0.000000,,0,1,1,0,0.009736,0.253752,0.7500
0,856,1.292394,-0.092327,0.031188,0.030173,0.030996,1.296294,0.199907,-0.078085,0.159574,0.237659,C-06,0,1,1,0,0.013999,0.258043,0.7083
0,857,1.316382,-0.091635,0.032506,0.030865,0.019444,1.320282,0.199988,-0.233949,0.009574,0.243523,C-06,0,1,1,0,0.015854,0.260585,0.6875
0,858,1.336374,-0.091024,0.023591,0.031476,0.010529,1.340274,0.200035,-0.158982,-0.140426,0.018556,C-06,0,1,1,0,0.007733,0.322210,0.7083
0,859,1.360371,-0.090290,0.004877,0.032210,-0.008185,1.364271,0.200090,-0.228294,-0.228294,0.000000,,0,1,1,0,0.009540,0.307948,0.7083
0,860,1.380370,-0.089679,-0.012273,0.032821,-0.025336,1.384270,0.200081,-0.244013,-0.244013,0.000000,,0,1,1,0,0.019263,0.206654,0.6458
0,861,1.404360,-0.088945,-0.044168,0.033551,-0.094813,1.408292,0.199911,-0.645934,-0.394013,0.251922,C-06,0,1,1,0,0.012243,0.223637,0.6042
0,862,1.424321,-0.088340,-0.080287,0.034137,-0.130932,1.428254,0.199464,-0.548795,-0.544013,0.004782,C-06,0,1,1,0,-0.008004,0.288011,0.6250
0,863,1.448208,-0.088814,-0.112466,0.033640,-0.163111,1.452140,0.198909,0.272377,-0.394013,-0.666390,C-06,0,1,1,0,0.062859,-0.199895,0.6250
0,864,1.468061,-0.090289,-0.129169,0.032145,-0.179814,1.471992,0.199059,1.000000,-0.244013,-1.244013,C-06,0,1,1,0,0.001756,0.124927,0.7083
0,865,1.491848,-0.093043,-0.136984,0.029369,-0.187629,1.495777,0.199568,1.000000,-0.094013,-1.094013,C-06,0,1,1,0,-0.002557,0.099596,0.7500
0,866,1.515629,-0.096309,-0.133160,0.025283,-0.246570,1.521183,0.200104,1.000000,0.055987,-0.944013,C-06,0,1,1,0,0.045478,-0.323278,0.6250
0,867,1.535467,-0.099045,-0.120430,0.021276,-0.233839,1.540804,0.200410,1.000000,0.205987,-0.794013,C-06,0,1,1,0,0.017101,0.018307,0.4583
0,868,1.559328,-0.102329,-0.093151,0.016464,-0.206561,1.564405,0.200980,1.000000,0.355987,-0.644013,C-06,0,1,1,0,0.010959,0.023407,0.4583
0,869,1.579268,-0.105065,-0.059830,0.012451,-0.173240,1.584127,0.201486,1.000000,0.505987,-0.494013,C-06,0,1,1,0,0.004498,0.025207,0.4583
0,870,1.603251,-0.108348,-0.006070,0.007632,-0.119480,1.607849,0.201855,1.000000,0.655987,-0.344013,C-06,0,1,1,0,0.001787,0.022999,0.4583
0,871,1.623244,-0.111000,0.049394,0.002696,-0.152150,1.628027,0.201138,1.000000,0.805987,-0.194013,C-06,0,1,1,0,0.000795,0.018134,0.4583
0,872,1.647148,-0.113177,0.125209,-0.003917,-0.076335,1.651101,0.198813,1.000000,0.955987,-0.044013,C-06,0,1,1,0,-0.025200,0.190378,0.4792
0,873,1.666899,-0.113525,0.188877,-0.007955,-0.012667,1.670438,0.196603,1.000000,1.000000,0.000000,,0,1,1,0,-0.034914,0.143651,0.6667
0,874,1.690312,-0.111515,0.252226,-0.010363,0.050681,1.693814,0.195300,0.788445,0.850000,0.061555,C-06,0,1,1,0,-0.026036,0.117952,0.6875
0,875,1.713391,-0.107336,0.302592,-0.010577,0.101048,1.717267,0.195277,0.231699,0.700000,0.468301,C-06,0,1,1,0,-0.020239,0.110101,0.7292
0,876,1.732382,-0.102507,0.334933,-0.009388,0.133389,1.735681,0.195965,-0.239905,0.550000,0.789905,C-06,0,1,1,0,-0.030066,0.208452,0.7708
0,877,1.754935,-0.095470,0.362616,-0.009739,0.048119,1.759260,0.196930,-0.641089,0.400000,1.041089,C-06,0,1,1,0,-0.023764,0.191633,0.7708
0,878,1.773581,-0.088824,0.377130,-0.009184,0.062632,1.779047,0.198035,-0.703482,0.250000,0.953482,C-06,0,1,1,0,-0.010622,0.110729,0.7292
0,879,1.795860,-0.080184,0.384300,-0.007856,0.069802,1.802906,0.199200,-0.601527,0.100000,0.701527,C-06,0,1,1,0,-0.010727,0.111718,0.7292
0,880,1.814408,-0.072698,0.382126,-0.006473,0.067628,1.822859,0.200148,-0.205691,-0.050000,0.155691,C-06,0,1,1,0,-0.009921,0.093767,0.7083
0,881,1.836652,-0.063750,0.388149,-0.004842,0.073652,1.846781,0.199588,0.322729,0.100000,-0.222729,C-06,0,1,1,0,-0.027436,0.202788,0.6667
0,882,1.855117,-0.056248,0.401291,-0.005303,-0.038469,1.866109,0.198874,1.000000,0.250000,-0.750000,C-06,0,1,1,0,-0.040614,0.221353,0.6458
0,883,1.877092,-0.047232,0.426750,-0.006517,-0.013010,1.889831,0.197051,1.000000,0.400000,-0.600000,C-06,0,1,1,0,0.029065,-0.221870,0.6250
0,884,1.898767,-0.037966,0.461374,-0.007377,0.021614,1.913388,0.196089,1.000000,0.550000,-0.450000,C-06,0,1,1,0,-0.026577,0.133602,0.6875
0,885,1.916514,-0.029735,0.497471,-0.007499,0.057712,1.932951,0.195419,1.000000,0.700000,-0.300000,C-06,0,1,1,0,-0.024244,0.122546,0.7083
0,886,1.937307,-0.018961,0.548625,-0.006619,0.108865,1.956353,0.195332,0.907556,0.850000,-0.057556,C-06,0,1,1,0,-0.020317,0.110034,0.7292
0,887,1.954185,-0.008915,0.583570,-0.005758,0.018043,1.975249,0.196791,-0.048135,0.700000,0.748135,C-06,0,1,1,0,-0.012648,0.099724,0.7500
0,888,1.973995,0.004145,0.615794,-0.005335,0.050267,1.998973,0.198042,-0.586900,0.550000,1.136900,C-06,0,1,1,0,-0.010623,0.112485,0.7500
0,889,1.990207,0.015632,0.635154,-0.004313,0.069627,2.018816,0.198855,-0.746992,0.400000,1.146992,C-06,0,1,1,0,-0.006619,0.100431,0.7500
0,890,2.009419,0.029882,0.649676,-0.002565,0.084149,2.042672,0.199426,-0.804807,0.250000,1.054807,C-06,0,1,1,0,-0.006824,0.114623,0.7083
0,891,2.025313,0.041983,0.654670,-0.000854,0.089143,2.062575,0.199792,-0.466764,0.100000,0.566764,C-06,0,1,1,0,-0.008155,0.124929,0.6667
0,892,2.044365,0.056592,0.652309,0.000850,-0.038706,2.086622,0.200108,-0.119914,-0.050000,0.069914,C-06,0,1,1,0,-0.007541,0.123123,0.4792
0,893,2.063403,0.071176,0.657443,-0.000036,-0.033572,2.110588,0.199803,0.617955,0.100000,-0.517955,C-06,0,1,1,0,-0.032539,0.217758,0.6458
0,894,2.079169,0.083430,0.668525,-0.000634,-0.022490,2.130547,0.199617,1.000000,0.250000,-0.750000,C-06,0,1,1,0,0.032054,-0.214440,0.6458
0,895,2.097844,0.098438,0.690071,-0.000962,-0.000944,2.154503,0.199752,1.000000,0.400000,-0.600000,C-06,0,1,1,0,-0.021402,0.120579,0.6875
0,896,2.113128,0.111342,0.714442,-0.000752,0.023427,2.174504,0.200358,1.000000,0.550000,-0.450000,C-06,0,1,1,0,-0.019155,0.095264,0.7083
0,897,2.131146,0.127401,0.752749,0.000149,0.061734,2.198624,0.201458,1.000000,0.700000,-0.300000,C-06,0,1,1,0,-0.019465,0.097436,0.7083
0,898,2.145552,0.141351,0.792882,-0.000768,-0.023682,2.218675,0.199740,1.000000,0.850000,-0.150000,C-06,0,1,1,0,-0.018698,0.104545,0.7292
0,899,2.161914,0.158641,0.848625,-0.000867,0.032062,2.242479,0.198632,1.000000,1.000000,0.000000,C-06,0,1,1,0,-0.020934,0.144821,0.7500
0,900,2.174869,0.173865,0.887373,0.000104,0.070809,2.262446,0.200663,-0.120678,0.850000,0.970678,C-06,0,1,1,0,-0.011527,0.130174,0.7500
0,901,2.189891,0.192766,0.926435,0.002085,0.109871,2.286508,0.201703,-0.688797,0.700000,1.388797,C-06,0,1,1,0,-0.006417,0.128445,0.6875
0,902,2.204352,0.212178,0.958008,0.004824,0.141444,2.310559,0.202000,-0.964019,0.550000,1.514019,C-06,0,1,1,0,-0.003245,0.129883,0.6458
0,903,2.215980,0.228652,0.977670,0.005608,0.035124,2.331355,0.201727,-1.000000,0.400000,1.400000,C-06,0,1,1,0,-0.014756,0.197746,0.6458
0,904,2.229498,0.248656,0.992777,0.006446,0.050231,2.355483,0.201199,-1.000000,0.250000,1.250000,C-06,0,1,1,0,-0.028998,0.285884,0.6667
0,905,2.240476,0.265438,0.998192,0.007443,0.055646,2.375512,0.200495,-0.846061,0.100000,0.946061,C-06,0,1,1,0,0.041841,-0.157854,0.6667
0,906,2.253484,0.285598,0.995774,0.008784,0.053228,2.399467,0.199783,-0.490458,-0.050000,0.440458,C-06,0,1,1,0,-0.018622,0.238757,0.7292
0,907,2.264361,0.302389,0.997369,0.009868,0.054822,2.419443,0.200149,0.037939,0.037939,0.000000,,0,1,1,0,-0.003520,0.116726,0.7500
0,908,2.277381,0.322615,1.007991,0.009527,-0.060294,2.444773,0.200905,0.659598,0.187939,-0.471659,C-06,0,1,1,0,-0.004273,0.097889,0.7500
0,909,2.288084,0.339613,1.024255,0.008335,-0.044030,2.464825,0.201491,1.000000,0.337939,-0.662061,C-06,0,1,1,0,-0.013716,0.139380,0.7500
0,910,2.300774,0.360289,1.053217,0.007174,-0.015068,2.489057,0.203168,1.000000,0.487939,-0.512061,C-06,0,1,1,0,-0.013975,0.132203,0.7083
0,911,2.313192,0.381365,1.092101,0.006443,0.023816,2.513509,0.204715,1.000000,0.637939,-0.362061,C-06,0,1,1,0,-0.013003,0.123809,0.6875
0,912,2.323235,0.399297,1.133255,0.006280,0.064969,2.534060,0.206454,1.000000,0.787939,-0.212061,C-06,0,1,1,0,-0.012389,0.122637,0.6875
0,913,2.334778,0.421293,1.186704,0.005157,-0.007064,2.559653,0.207278,0.820113,0.820113,0.000000,,0,1,1,0,-0.032360,0.225829,0.6458
0,914,2.343471,0.439974,1.224826,0.003928,0.031057,2.580221,0.206006,-0.060333,0.670113,0.730446,C-06,0,1,1,0,0.042860,-0.201846,0.6250
0,915,2.352792,0.462696,1.261218,0.003598,0.067450,2.604778,0.204570,-0.535457,0.520113,1.055570,C-06,0,1,1,0,0.040515,-0.178290,0.6458
0,916,2.359696,0.481812,1.283455,0.004193,0.089686,2.625094,0.203128,-0.853219,0.370113,1.223331,C-06,0,1,1,0,-0.020865,0.235889,0.7083
0,917,2.367076,0.504883,1.299642,0.005797,0.105874,2.649263,0.201773,-0.901343,0.220113,1.121456,C-06,0,1,1,0,-0.014971,0.213273,0.7500
0,918,2.372611,0.524166,1.304368,0.006823,-0.015191,2.670138,0.200541,-0.642558,0.070113,0.712671,C-06,0,1,1,0,0.000738,0.099784,0.7708
0,919,2.378940,0.547305,1.299153,0.006450,-0.020405,2.694123,0.199747,-0.290096,-0.079887,0.210209,C-06,0,1,1,0,-0.002917,0.109028,0.7292
0,920,2.385375,0.570437,1.303498,0.005973,-0.016060,2.718129,0.200218,0.619683,0.070113,-0.549571,C-06,0,1,1,0,-0.011010,0.138738,0.7292
0,921,2.390744,0.589757,1.315959,0.005581,-0.003600,2.738177,0.200814,1.000000,0.220113,-0.779887,C-06,0,1,1,0,-0.013541,0.132419,0.6875
0,922,2.397186,0.613056,1.342307,0.005139,0.022749,2.762347,0.202010,1.000000,0.370113,-0.629887,C-06,0,1,1,0,-0.018268,0.140529,0.6458
0,923,2.402555,0.632602,1.373629,0.004210,-0.071693,2.783179,0.203273,1.000000,0.520113,-0.479887,C-06,0,1,0,0,0.041129,-0.256181,0.6042
0,924,2.408995,0.656242,1.423909,0.000799,-0.021413,2.807442,0.204856,1.000000,0.670113,-0.329887,C-06,0,1,1,0,0.036957,-0.243597,0.6250
0,925,2.414222,0.676093,1.476716,-0.001887,0.031393,2.827793,0.205368,1.000000,0.820113,-0.179887,C-06,0,1,1,0,-0.023953,0.156720,0.6875
0,926,2.419032,0.700037,1.531885,-0.003643,0.086562,2.852152,0.202959,0.432666,0.670113,0.237447,C-06,0,1,1,0,-0.013688,0.114601,0.6875
0,927,2.421643,0.720032,1.568897,-0.003715,0.123575,2.872316,0.201293,-0.597078,0.520113,1.117191,C-06,0,1,1,0,-0.022695,0.215175,0.7500
0,928,2.423205,0.744028,1.600844,-0.002243,0.155521,2.894090,0.200145,-0.960992,0.370113,1.331105,C-06,0,1,1,0,-0.017984,0.205169,0.7708
0,929,2.423367,0.768009,1.619721,-0.002667,0.048925,2.919999,0.199770,-1.000000,0.220113,1.220113,C-06,0,1,1,0,-0.013173,0.184195,0.7708
0,930,2.422652,0.787982,1.625253,-0.001952,0.054457,2.939972,0.199868,-1.000000,0.070113,1.070113,C-06,0,1,1,0,-0.004591,0.119282,0.7292
0,931,2.421358,0.811949,1.619507,-0.000658,0.048710,2.963940,0.200060,-0.741904,-0.079887,0.662017,C-06,0,1,1,0,-0.004404,0.110379,0.7083
0,932,2.420383,0.831924,1.623512,0.000317,0.052716,2.983914,0.199959,0.186790,0.070113,-0.116677,C-06,0,1,1,0,-0.022137,0.205136,0.6875
0,933,2.419223,0.855879,1.640943,0.001477,0.070146,3.007869,0.199753,0.786782,0.220113,-0.566669,C-06,0,1,1,0,-0.036157,0.230129,0.6458
0,934,2.418257,0.875812,1.664940,0.000168,-0.031331,3.027967,0.199374,1.000000,0.370113,-0.629887,C-06,0,1,1,0,-0.037393,0.230908,0.6458
0,935,2.417097,0.899655,1.705112,-0.001685,0.008842,3.051766,0.198483,1.000000,0.520113,-0.479887,C-06,0,1,1,0,0.032277,-0.211602,0.6458
0,936,2.416089,0.919414,1.746916,-0.003174,0.050646,3.071495,0.197353,0.663846,0.663846,0.000000,,0,1,1,0,-0.017666,0.130756,0.6875
0,937,2.413480,0.942954,1.786040,-0.003549,0.089770,3.095176,0.197185,0.044003,0.513846,0.469842,C-06,0,1,1,0,-0.028023,0.219903,0.7500
0,938,2.409419,0.966325,1.813427,-0.002464,0.117157,3.118873,0.197659,-0.247228,0.363846,0.611074,C-06,0,1,1,0,-0.023272,0.205507,0.7708
0,939,2.405145,0.985706,1.826893,-0.002262,0.004858,3.138454,0.198504,-0.415185,0.213846,0.629031,C-06,0,1,1,0,-0.007620,0.101761,0.7708
0,940,2.399248,1.008907,1.831856,-0.002323,0.009822,3.162393,0.199529,-0.336811,0.063846,0.400657,C-06,0,1,1,0,-0.008749,0.108883,0.7292
0,941,2.394224,1.028199,1.843920,-0.002257,0.021886,3.182329,0.199076,0.369453,0.213846,-0.155607,C-06,0,1,1,0,-0.015825,0.139717,0.7292
0,942,2.388191,1.051230,1.868854,-0.002145,0.046820,3.206136,0.197747,0.818213,0.363846,-0.454367,C-06,0,1,1,0,-0.014989,0.123585,0.6875
0,943,2.383150,1.070262,1.897937,-0.001998,0.075903,3.225824,0.196235,0.878773,0.513846,-0.364928,C-06,0,1,1,0,-0.014971,0.120577,0.6667
0,944,2.376699,1.092814,1.942314,-0.002309,-0.005510,3.249043,0.195096,0.758824,0.663846,-0.094978,C-06,0,1,1,0,-0.035514,0.220784,0.6250
0,945,2.370298,1.111341,1.971389,-0.003155,0.023565,3.268626,0.196118,0.095664,0.513846,0.418182,C-06,0,1,1,0,-0.045164,0.297812,0.6875
0,946,2.361554,1.133323,1.995689,-0.003091,0.047864,3.292283,0.197247,-0.139961,0.363846,0.503806,C-06,0,1,1,0,0.032885,-0.174850,0.6458
0,947,2.351997,1.155115,2.010068,-0.002200,0.062244,3.316062,0.198386,-0.204924,0.213846,0.418770,C-06,0,1,1,0,-0.030311,0.241495,0.7083
0,948,2.343583,1.173198,2.013965,-0.001012,0.066141,3.335971,0.199515,-0.077488,0.063846,0.141334,C-06,0,1,1,0,-0.025663,0.216957,0.7500
0,949,2.333295,1.194814,2.027037,0.000624,0.079213,3.357336,0.199038,0.411300,0.213846,-0.197454,C-06,0,1,1,0,-0.011596,0.107336,0.7292
0,950,2.324656,1.212688,2.045753,-0.000738,-0.027555,3.379738,0.197828,1.000000,0.363846,-0.636154,C-06,0,1,1,0,-0.014262,0.103577,0.7292
0,951,2.314112,1.233860,2.077036,-0.001697,0.003728,3.403372,0.196682,1.000000,0.513846,-0.486154,C-06,0,1,1,0,-0.019291,0.136348,0.7292
0,952,2.304875,1.251192,2.110078,-0.001950,0.036770,3.423010,0.196189,1.000000,0.663846,-0.336154,C-06,0,1,1,0,-0.017100,0.125310,0.6875
0,953,2.292967,1.271491,2.157257,-0.001292,0.083949,3.446534,0.196395,0.802272,0.802272,0.000000,,0,1,1,0,-0.014002,0.117182,0.6667
0,954,2.282103,1.287969,2.189051,0.000290,0.115744,3.466208,0.197731,0.049273,0.652272,0.603000,C-06,0,1,1,0,-0.049117,0.323086,0.6875
0,955,2.268215,1.307322,2.217847,0.001038,0.018801,3.490122,0.198786,-0.134734,0.502272,0.637006,C-06,0,1,1,0,-0.037366,0.282969,0.6875
0,956,2.253694,1.326322,2.237827,0.001601,0.038781,3.514029,0.199435,-0.333033,0.352272,0.685305,C-06,0,1,1,0,-0.027185,0.238200,0.6875
0,957,2.241290,1.341974,2.247504,0.002424,0.048458,3.533983,0.199761,-0.337558,0.202272,0.539830,C-06,0,1,1,0,0.033414,-0.150845,0.7083
0,958,2.226240,1.360658,2.250704,0.003601,0.051657,3.557946,0.199947,-0.181093,0.052272,0.233366,C-06,0,1,1,0,-0.011589,0.150665,0.7292
0,959,2.213624,1.376160,2.259390,0.004683,0.060344,3.577903,0.199866,0.683139,0.202272,-0.480866,C-06,0,1,1,0,-0.011666,0.132626,0.7708
0,960,2.198220,1.394554,2.277962,0.004688,-0.047067,3.602526,0.200078,1.000000,0.352272,-0.647728,C-06,0,1,1,0,-0.010112,0.106708,0.8125
0,961,2.185062,1.409678,2.300427,0.003934,-0.024602,3.622559,0.200803,1.000000,0.502272,-0.497728,C-06,0,1,1,0,-0.007226,0.077381,0.7917
0,962,2.168748,1.427440,2.336806,0.003674,0.011777,3.646674,0.200820,1.000000,0.652272,-0.347728,C-06,0,1,1,0,-0.003399,0.046483,0.7500
0,963,2.154647,1.441619,2.374949,0.004254,0.049920,3.666663,0.199211,1.000000,0.802272,-0.197728,C-06,0,1,1,0,0.004078,0.007241,0.7083
0,964,2.137246,1.457941,2.412005,0.005773,0.086976,3.690473,0.198848,0.648273,0.652272,0.004000,C-06,0,1,1,0,0.010429,-0.010853,0.7083
0,965,2.119199,1.473686,2.439730,0.006922,-0.010847,3.715258,0.199990,0.256343,0.502272,0.245929,C-06,0,1,1,0,0.020449,-0.051443,0.6875
0,966,2.103821,1.486495,2.456008,0.006844,0.005431,3.735273,0.200260,0.016899,0.352272,0.335373,C-06,0,1,1,0,0.025367,-0.075375,0.7083
0,967,2.085157,1.501624,2.467330,0.007073,0.016752,3.759297,0.200252,0.069186,0.202272,0.133086,C-06,0,1,1,0,0.029947,-0.106515,0.7292
0,968,2.069439,1.514067,2.483079,0.007494,0.032501,3.779339,0.200666,0.704319,0.352272,-0.352047,C-06,0,1,1,0,0.020723,-0.070811,0.7708
0,969,2.050262,1.528694,2.510739,0.008435,0.060161,3.803439,0.201493,1.000000,0.502272,-0.497728,C-06,0,1,1,0,0.024958,-0.113190,0.7708
0,970,2.033938,1.540555,2.541452,0.009276,-0.034614,3.824772,0.202661,1.000000,0.652272,-0.347728,C-06,0,1,1,0,0.028689,-0.142297,0.8125
0,971,2.013916,1.554342,2.573829,0.008351,-0.002237,3.849064,0.202820,0.549537,0.549537,0.000000,,0,1,1,0,0.032422,-0.160990,0.7917
0,972,1.996946,1.565340,2.594014,0.008149,0.017949,3.869285,0.202278,0.093283,0.399537,0.306253,C-06,0,1,1,0,0.036841,-0.182589,0.7500
0,973,1.976358,1.578026,2.609493,0.008458,0.033428,3.893466,0.201518,0.139850,0.249537,0.109687,C-06,0,1,1,0,0.039373,-0.202700,0.7292
0,974,1.955558,1.590450,2.629544,0.009101,0.053478,3.917686,0.202200,0.334179,0.334179,0.000000,,0,1,1,0,0.041453,-0.229086,0.7292
0,975,1.938009,1.600551,2.653916,0.009967,0.077850,3.936666,0.203361,0.626783,0.484179,-0.142604,C-06,0,1,1,0,0.059382,-0.331754,0.6875
0,976,1.916597,1.612463,2.693321,0.008089,-0.008511,3.963591,0.205032,0.655878,0.634179,-0.021699,C-06,0,1,1,0,0.060390,-0.345689,0.7292
0,977,1.898459,1.621798,2.719818,0.007378,0.017986,3.983977,0.203977,0.178760,0.484179,0.305419,C-06,0,1,1,0,0.056387,-0.326731,0.7708
0,978,1.876452,1.632197,2.742284,0.007355,0.040451,4.008317,0.202780,0.102388,0.334179,0.231791,C-06,0,1,1,0,0.053988,-0.318195,0.7917
0,979,1.857945,1.640592,2.764056,0.007653,0.062224,4.028638,0.203404,0.399179,0.399179,0.000000,,0,1,1,0,0.052564,-0.321105,0.8333
0,980,1.835483,1.650355,2.800505,0.008399,0.098673,4.052526,0.204849,0.772625,0.549179,-0.223446,C-06,0,1,1,0,0.049955,-0.317118,0.8542
0,981,1.816537,1.658105,2.831144,0.006746,0.004050,4.074584,0.204691,0.532607,0.532607,0.000000,,0,1,1,0,0.047666,-0.303768,0.8333
0,982,1.793585,1.666390,2.858611,0.005965,0.031516,4.098972,0.203231,0.379745,0.382607,0.002861,C-06,0,1,1,0,0.045154,-0.285109,0.8333
0,983,1.770437,1.674246,2.891244,0.005651,0.064149,4.123416,0.203826,0.460177,0.460177,0.000000,,0,1,1,0,0.043311,-0.278348,0.8333
0,984,1.750995,1.680324,2.918877,0.005883,0.091783,4.143784,0.203627,0.454834,0.454834,0.000000,,0,1,1,0,0.040054,-0.261470,0.7708
0,985,1.727481,1.687236,2.963134,0.006581,0.136039,4.168283,0.204632,0.614328,0.604834,-0.009494,C-06,0,1,1,0,0.038280,-0.249878,0.7917
0,986,1.707749,1.692100,2.992671,0.005446,0.052623,4.189404,0.203022,0.240178,0.454834,0.214656,C-06,0,1,1,0,0.031616,-0.195109,0.7917
0,987,1.683973,1.696723,3.017084,0.005354,0.077035,4.213626,0.201697,0.080049,0.304834,0.224786,C-06,0,1,1,0,0.027228,-0.158887,0.7917
0,988,1.664114,1.699702,3.027834,0.006145,0.087786,4.233691,0.200736,-0.062047,0.154834,0.216881,C-06,0,1,1,0,0.023458,-0.133496,0.7708
0,989,1.640267,1.702463,3.028808,0.007895,0.088759,4.257633,0.200020,-0.088412,0.004834,0.093246,C-06,0,1,1,0,0.021058,-0.118646,0.7083
0,990,1.620387,1.704732,3.036402,0.009387,0.096354,4.277587,0.200175,0.122961,0.122961,0.000000,,0,1,1,0,0.017761,-0.114351,0.6875
0,991,1.596503,1.707454,3.050036,0.008958,0.021853,4.302808,0.200439,0.174114,0.174114,0.000000,,0,1,1,0,0.015899,-0.106621,0.6667
0,992,1.572589,1.710173,3.063965,0.007784,0.035782,4.326847,0.200640,0.173510,0.173510,0.000000,,0,1,1,0,0.014030,-0.094384,0.6875
0,993,1.552642,1.712241,3.074702,0.007003,0.046519,4.346886,0.200518,0.158466,0.158466,0.000000,,0,1,1,0,0.013199,-0.086020,0.6875
0,994,1.528691,1.714084,3.079953,0.006704,0.051770,4.370906,0.200157,0.058591,0.058591,0.000000,,0,1,1,0,0.011203,-0.071376,0.7292
0,995,1.508729,1.715336,3.080427,0.006739,0.052245,4.390907,0.200008,0.003100,0.003100,0.000000,,0,1,1,0,0.009331,-0.061555,0.7917
0,996,1.484772,1.716818,3.082915,0.005601,-0.008033,4.415303,0.200036,0.031935,0.031935,0.000000,,0,1,1,0,0.008533,-0.063458,0.7708
0,997,1.464806,1.718010,3.082541,0.004428,-0.008407,4.435270,0.200006,-0.007928,-0.007928,0.000000,,0,1,1,0,0.007159,-0.059713,0.7708
0,998,1.440847,1.719437,3.084307,0.003023,-0.006641,4.459231,0.200025,0.023471,0.023471,0.000000,,0,1,1,0,0.005728,-0.057309,0.7292
0,999,1.420876,1.720627,3.092349,0.001853,0.001401,4.479203,0.200107,0.126251,0.126251,0.000000,,0,1,1,0,0.004803,-0.060174,0.7292
0,1000,1.396897,1.722054,3.107553,0.000449,0.016605,4.500081,0.200233,0.187978,0.187978,0.000000,,0,1,1,0,0.002915,-0.047292,0.6667
0,1001,1.372908,1.723270,3.116240,-0.000770,-0.012291,4.527173,0.200152,0.101415,0.101415,0.000000,,0,1,1,0,0.003457,-0.039526,0.6667
0,1002,1.352914,1.723799,3.115751,-0.001299,-0.012779,4.547166,0.199996,-0.015358,-0.015358,0.000000,,0,1,1,0,0.002820,-0.028812,0.7083
0,1003,1.328923,1.724398,3.112722,-0.001898,-0.015809,4.571157,0.199980,-0.037239,-0.037239,0.000000,,0,1,1,0,0.002264,-0.024883,0.7500
0,1004,1.308932,1.724925,3.111574,-0.002425,-0.016956,4.591149,0.199982,-0.014981,-0.014981,0.000000,,0,1,1,0,0.001415,-0.029093,0.7708
0,1005,1.284941,1.725581,3.116438,-0.003081,-0.024962,4.615139,0.200010,0.063465,0.063465,0.000000,,0,1,1,0,0.000761,-0.030248,0.7917
0,1006,1.264947,1.726127,3.117912,-0.003627,-0.023488,4.635134,0.200018,0.017987,0.017987,0.000000,,0,1,1,0,0.000437,-0.027754,0.7708
0,1007,1.240953,1.726730,3.118635,-0.004230,-0.022765,4.659127,0.200008,0.008069,0.008069,0.000000,,0,1,1,0,-0.000177,-0.023008,0.7292
0,1008,1.220957,1.727222,3.127175,-0.004722,-0.014225,4.679123,0.200038,0.128913,0.128913,0.000000,,0,1,1,0,-0.000764,-0.022390,0.7083
0,1009,1.196958,1.727812,3.140407,-0.005312,-0.000993,4.700081,0.200060,0.158032,0.158032,0.000000,,0,1,1,0,-0.001100,-0.012780,0.6667
0,1010,1.172958,1.728318,-3.132521,-0.005818,0.009071,4.727122,0.200020,0.119117,0.119117,0.000000,,0,1,1,0,-0.000607,-0.002675,0.6667
0,1011,1.152960,1.728285,-3.129505,-0.005785,0.012088,4.747121,0.199987,0.039636,0.039636,0.000000,,0,1,1,0,-0.000380,0.006563,0.6875
0,1012,1.128961,1.728036,-3.135419,-0.005536,0.006174,4.771120,0.200007,-0.074783,-0.074783,0.000000,,0,1,1,0,-0.000021,0.011629,0.7083
0,1013,1.108961,1.727824,-3.139324,-0.005324,0.002269,4.791120,0.200011,-0.054068,-0.054068,0.000000,,0,1,1,0,0.000009,0.008229,0.7500
0,1014,1.084961,1.727727,-3.140304,-0.005227,0.001289,4.815120,0.200001,-0.009701,-0.009701,0.000000,,0,1,1,0,0.000128,0.002502,0.7917
0,1015,1.064961,1.727661,-3.139538,-0.005161,0.002055,4.835120,0.200001,0.012143,0.012143,0.000000,,0,1,1,0,0.000138,0.001358,0.7708
0,1016,1.040961,1.727581,-3.130007,-0.005081,0.011586,4.859119,0.199989,0.120263,0.120263,0.000000,,0,1,1,0,-0.000060,0.003265,0.7708
0,1017,1.020964,1.727515,-3.119584,-0.005015,0.022009,4.879116,0.199955,0.151085,0.151085,0.000000,,0,1,1,0,0.001474,0.007366,0.7500
0,1018,0.996973,1.727372,-3.111059,-0.004872,0.030534,4.900081,0.199918,0.099555,0.099555,0.000000,,0,1,1,0,0.002193,0.017440,0.6875
0,1019,0.972988,1.727071,-3.101744,-0.004571,0.039849,4.927093,0.199872,0.112965,0.112965,0.000000,,0,1,1,0,0.003185,0.023769,0.7083
0,1020,0.953006,1.726556,-3.095960,-0.004056,0.045633,4.947075,0.199877,0.081890,0.081890,0.000000,,0,1,1,0,0.003693,0.032683,0.7083
0,1021,0.929037,1.725851,-3.085599,-0.003351,0.055994,4.971044,0.199781,0.128703,0.128703,0.000000,,0,1,1,0,0.004136,0.042797,0.7292
0,1022,0.909071,1.724933,-3.081414,-0.002433,0.060178,4.991010,0.199877,0.057132,0.057132,0.000000,,0,1,1,0,0.005450,0.057344,0.7500
0,1023,0.885121,1.723757,-3.072218,-0.001257,0.069374,5.014960,0.199765,0.116274,0.116274,0.000000,,0,1,1,0,0.007053,0.059933,0.7708
0,1024,0.865173,1.722661,-3.066116,-0.000161,0.075477,5.034907,0.199770,0.088855,0.088855,0.000000,,0,1,1,0,0.006910,0.075869,0.7917
0,1025,0.841250,1.721234,-3.057328,0.001266,0.084265,5.058831,0.199689,0.110205,0.110205,0.000000,,0,1,1,0,0.007704,0.087509,0.7708
0,1026,0.821320,1.719575,-3.058658,0.002925,0.082935,5.078760,0.200014,-0.025556,-0.025556,0.000000,,0,1,1,0,0.004236,0.136427,0.7500
0,1027,0.797407,1.717583,-3.054230,0.004917,0.087363,5.100081,0.199930,0.058584,0.058584,0.000000,,0,1,1,0,0.004078,0.142696,0.7083
0,1028,0.773500,1.715530,-3.053118,0.006970,0.088475,5.126581,0.199961,0.011529,0.011529,0.000000,,0,1,1,0,0.009550,0.124093,0.6458
0,1029,0.753576,1.713806,-3.054768,0.008694,0.086825,5.146504,0.199989,-0.026309,-0.026309,0.000000,,0,1,1,0,-0.000283,0.188036,0.6667
0,1030,0.729670,1.711728,-3.051467,0.010772,0.090126,5.170411,0.199943,0.045215,0.045215,0.000000,,0,1,1,0,0.011790,0.133775,0.6458
0,1031,0.709758,1.709997,-3.044180,0.012503,0.097412,5.190323,0.199812,0.114184,0.114184,0.000000,,0,1,1,0,0.013319,0.143347,0.7083
0,1032,0.685875,1.707776,-3.041248,0.014724,0.100345,5.214205,0.199882,0.032049,0.032049,0.000000,,0,1,1,0,0.013403,0.161311,0.7292
0,1033,0.665978,1.705887,-3.038680,0.016613,0.102913,5.234102,0.199854,0.039258,0.039258,0.000000,,0,1,1,0,0.014892,0.168978,0.7292
0,1034,0.642096,1.703426,-3.046861,0.019074,0.094732,5.257984,0.200155,-0.230351,-0.110742,0.119609,C-06,0,1,1,0,0.007784,0.228500,0.7083
0,1035,0.622172,1.701370,-3.063284,0.021130,0.078308,5.277908,0.200430,-0.257463,-0.257463,0.000000,,0,1,1,0,0.001041,0.280758,0.6667
0,1036,0.598235,1.699004,-3.074647,0.023496,0.066946,5.300081,0.200426,-0.134160,-0.134160,0.000000,,0,1,1,0,0.005657,0.241318,0.6250
0,1037,0.574279,1.696798,-3.088635,0.025702,0.052957,5.325802,0.200494,-0.173857,-0.173857,0.000000,,0,1,1,0,-0.016699,0.332906,0.6250
0,1038,0.554300,1.695072,-3.103164,0.027428,0.038429,5.345780,0.200533,-0.214642,-0.214642,0.000000,,0,1,1,0,0.010225,0.204296,0.6250
0,1039,0.530311,1.693258,-3.122029,0.029242,0.019564,5.369770,0.200415,-0.227109,-0.227109,0.000000,,0,1,1,0,0.013119,0.181231,0.6250
0,1040,0.510313,1.692572,-3.128075,0.029928,0.013518,5.389767,0.200071,0.125020,-0.077109,-0.202129,C-06,0,1,1,0,0.003749,0.229859,0.6875
0,1041,0.486316,1.692238,-3.122565,0.030262,0.019028,5.413764,0.199982,0.402150,0.072891,-0.329259,C-06,0,1,1,0,0.005300,0.223190,0.7708
0,1042,0.466323,1.691973,-3.109588,0.030527,0.032005,5.433758,0.199920,0.194519,0.194519,0.000000,,0,1,1,0,-0.007539,0.310831,0.7708
0,1043,0.442337,1.691377,-3.105261,0.031123,0.036332,5.457743,0.199942,-0.165957,0.044519,0.210476,C-06,0,1,1,0,-0.008030,0.331545,0.7500
0,1044,0.422348,1.690675,-3.111797,0.031825,0.029795,5.477732,0.200036,-0.636262,-0.105481,0.530781,C-06,0,1,1,0,-0.007134,0.348884,0.6875
0,1045,0.398354,1.689820,-3.132370,0.032680,0.009223,5.500081,0.200116,-0.705123,-0.255481,0.449642,C-06,0,1,1,0,-0.005132,0.330184,0.6250
0,1046,0.374355,1.688966,3.117557,0.033534,-0.024035,5.525725,0.200076,-0.443260,-0.405481,0.037779,C-06,0,1,1,0,-0.008189,0.322230,0.6250
0,1047,0.354367,1.688577,3.099113,0.033923,-0.042480,5.545714,0.199838,-0.012443,-0.255481,-0.243038,C-06,0,1,1,0,-0.007040,0.298985,0.6667
0,1048,0.330394,1.689162,3.089689,0.033338,-0.051903,5.569687,0.199827,0.684977,-0.105481,-0.790458,C-06,0,1,1,0,0.000009,0.296652,0.4583
0,1049,0.310420,1.690166,3.091976,0.032334,-0.049617,5.589660,0.200019,0.972807,0.044519,-0.928288,C-06,0,1,1,0,-0.012414,0.310163,0.8125
0,1050,0.286442,1.691406,3.107105,0.031094,-0.034680,5.613638,0.200143,0.780364,0.194519,-0.585844,C-06,0,1,1,0,-0.007827,0.291072,0.8542
0,1051,0.266448,1.692439,3.130381,0.030061,-0.011404,5.633633,0.200251,0.616161,0.344519,-0.271642,C-06,0,1,1,0,-0.007193,0.301123,0.8333
0,1052,0.242449,1.693679,-3.125600,0.028821,0.015800,5.657632,0.200244,0.320310,0.320310,0.000000,,0,1,1,0,0.003801,0.257619,0.7917
0,1053,0.222454,1.693962,-3.113371,0.028538,0.028029,5.677627,0.199930,-0.106823,0.170310,0.277133,C-06,0,1,1,0,0.011008,0.263891,0.7292
0,1054,0.198464,1.693380,-3.111258,0.029120,0.030142,5.700081,0.199976,-0.153738,0.020310,0.174048,C-06,0,1,1,0,0.013266,0.266296,0.7292
0,1055,0.174476,1.692751,-3.108184,0.029749,0.020347,5.725604,0.199958,0.038016,0.038016,0.000000,,0,1,1,0,0.013114,0.276243,0.7292
0,1056,0.154488,1.692098,-3.107845,0.030402,0.020685,5.745593,0.199995,0.003515,0.003515,0.000000,,0,1,1,0,0.009657,0.303983,0.7083
0,1057,0.130499,1.691305,-3.113670,0.031195,0.014860,5.769581,0.200030,-0.075188,-0.075188,0.000000,,0,1,1,0,0.009444,0.305741,0.6875
0,1058,0.110505,1.690644,-3.122333,0.031856,0.006197,5.789575,0.200070,-0.127733,-0.127733,0.000000,,0,1,1,0,0.021280,0.210031,0.6250
0,1059,0.086506,1.689852,3.138351,0.032635,-0.053886,5.813605,0.200109,-0.357059,-0.277733,0.079326,C-06,0,1,1,0,0.010013,0.254345,0.6042
0,1060,0.066510,1.689191,3.109176,0.033277,-0.083061,5.833602,0.200014,-0.592311,-0.427733,0.164578,C-06,0,1,1,0,0.003160,0.263378,0.6250
0,1061,0.042539,1.688572,3.077979,0.033873,-0.114259,5.857574,0.199629,-0.376242,-0.376242,0.000000,,0,1,1,0,0.062630,-0.161528,0.6250
0,1062,0.022591,1.689085,3.062150,0.033341,-0.130087,5.877522,0.199502,1.000000,-0.226242,-1.226242,C-06,0,1,1,0,0.012474,0.106650,0.7292
0,1063,-0.001327,1.690687,3.055404,0.031716,-0.136833,5.901438,0.199770,1.000000,-0.076242,-1.076242,C-06,0,1,1,0,0.005557,0.108271,0.7708
0,1064,-0.025242,1.692742,3.060656,0.028224,-0.194346,5.927186,0.200088,1.000000,0.073758,-0.926242,C-06,0,1,1,0,0.001262,0.091193,0.7292
0,1065,-0.045187,1.694469,3.074924,0.025217,-0.180078,5.946979,0.200291,1.000000,0.223758,-0.776242,C-06,0,1,1,0,-0.006831,0.110345,0.7083
0,1066,-0.069153,1.696542,3.104763,0.021607,-0.150240,5.970762,0.200599,1.000000,0.373758,-0.626242,C-06,0,1,1,0,-0.004612,0.058984,0.6042
0,1067,-0.089148,1.698269,3.140520,0.018598,-0.114483,5.990604,0.200743,1.000000,0.523758,-0.476242,C-06,0,1,1,0,-0.015707,0.211136,0.4792
0,1068,-0.113137,1.700336,-3.087289,0.014992,-0.059106,6.014410,0.200429,1.000000,0.673758,-0.326242,C-06,0,1,1,0,-0.013622,0.184753,0.4792
0,1069,-0.133068,1.701745,-3.032671,0.009948,-0.092622,6.035590,0.199118,1.000000,0.823758,-0.176242,C-06,0,1,1,0,-0.010921,0.164267,0.4792
0,1070,-0.156809,1.702273,-2.958310,0.004986,-0.018261,6.058812,0.196795,1.000000,0.973758,-0.026242,C-06,0,1,1,0,-0.024313,0.153402,0.6667
0,1071,-0.176370,1.700799,-2.906716,0.002774,0.033333,6.078304,0.195731,0.449305,0.823758,0.374453,C-06,0,1,1,0,-0.015336,0.136801,0.6875
0,1072,-0.199565,1.697029,-2.857835,0.002136,0.082214,6.101794,0.195613,-0.256722,0.673758,0.930480,C-06,0,1,1,0,-0.026170,0.237932,0.7292
0,1073,-0.222474,1.691583,-2.820669,0.003198,0.119380,6.125318,0.196200,-0.751453,0.523758,1.275211,C-06,0,1,1,0,-0.017779,0.210854,0.7708
0,1074,-0.241381,1.686021,-2.798681,0.003439,0.028413,6.145472,0.197146,-0.956861,0.373758,1.330619,C-06,0,1,1,0,-0.011732,0.191197,0.7708
0,1075,-0.263917,1.678430,-2.782953,0.003689,0.044141,6.169252,0.198237,-1.000000,0.223758,1.223758,C-06,0,1,1,0,0.000562,0.109062,0.7500
0,1076,-0.282627,1.671555,-2.778291,0.004442,0.048804,6.189170,0.199405,-0.860696,0.073758,0.934454,C-06,0,1,1,0,0.000415,0.107010,0.7292
0,1077,-0.305077,1.663040,-2.782814,0.005597,0.044281,6.213153,0.200277,-0.393200,-0.076242,0.316958,C-06,0,1,1,0,-0.004775,0.132718,0.7292
0,1078,-0.323793,1.656016,-2.779199,0.006489,0.047896,6.233123,0.199759,0.260094,0.073758,-0.186336,C-06,0,1,1,0,-0.006604,0.121391,0.6667
0,1079,-0.346174,1.647549,-2.764739,0.006379,-0.062906,6.257910,0.198955,0.958521,0.223758,-0.734763,C-06,0,1,1,0,-0.034377,0.237956,0.6250
0,1080,-0.364699,1.640487,-2.744716,0.004869,-0.042883,6.277678,0.197596,1.000000,0.373758,-0.626242,C-06,0,1,1,0,0.039001,-0.236078,0.6250
0,1081,-0.386677,1.631896,-2.711154,0.003268,-0.009321,6.301221,0.196119,1.000000,0.523758,-0.476242,C-06,0,1,1,0,-0.021269,0.144645,0.6875
0,1082,-0.408272,1.622719,-2.668736,0.002362,0.033096,6.324668,0.195345,1.000000,0.673758,-0.326242,C-06,0,1,1,0,-0.018090,0.125348,0.7083
0,1083,-0.425886,1.614359,-2.626812,0.002414,0.075021,6.344164,0.194888,1.000000,0.823758,-0.176242,C-06,0,1,1,0,-0.014855,0.115776,0.7292
0,1084,-0.446525,1.603071,-2.585686,0.003279,-0.009620,6.368089,0.196402,0.560002,0.673758,0.113756,C-06,0,1,1,0,-0.009692,0.103706,0.7292
0,1085,-0.463371,1.592795,-2.559471,0.002937,0.016594,6.387819,0.197572,-0.296628,0.523758,0.820386,C-06,0,1,1,0,-0.005090,0.102580,0.7500
0,1086,-0.483269,1.579730,-2.537326,0.003318,0.038740,6.411619,0.198525,-0.492506,0.373758,0.866264,C-06,0,1,1,0,-0.003466,0.104920,0.7708
0,1087,-0.499662,1.568427,-2.526184,0.004088,0.049881,6.431517,0.199202,-0.526872,0.223758,0.750630,C-06,0,1,1,0,-0.002470,0.100597,0.7083
0,1088,-0.519224,1.554582,-2.521545,0.005307,0.054521,6.455452,0.199750,-0.303047,0.073758,0.376805,C-06,0,1,1,0,-0.006524,0.128785,0.6875
0,1089,-0.535445,1.542954,-2.511407,0.006443,0.064659,6.475377,0.199321,0.461841,0.223758,-0.238083,C-06,0,1,1,0,-0.028974,0.216787,0.6458
0,1090,-0.554692,1.528756,-2.490878,0.005565,-0.040300,6.500097,0.199154,0.932919,0.373758,-0.559161,C-06,0,1,1,0,-0.034230,0.234364,0.6458
0,1091,-0.573583,1.514082,-2.462433,0.004843,-0.011856,6.524006,0.199419,1.000000,0.523758,-0.476242,C-06,0,1,1,0,0.036842,-0.218620,0.6458
0,1092,-0.588962,1.501329,-2.432574,0.004876,0.018004,6.543986,0.200194,1.000000,0.673758,-0.326242,C-06,0,1,1,0,-0.017089,0.136676,0.6667
0,1093,-0.607037,1.485307,-2.387514,0.005712,0.063064,6.568124,0.201665,0.892633,0.823758,-0.068875,C-06,0,1,1,0,-0.011117,0.106621,0.7292
0,1094,-0.621471,1.471381,-2.354940,0.007251,0.095637,6.588122,0.200021,0.211755,0.673758,0.462003,C-06,0,1,1,0,-0.004794,0.095371,0.7292
0,1095,-0.638159,1.454219,-2.324640,0.007654,0.000389,6.613027,0.199053,-0.291940,0.523758,0.815698,C-06,0,1,1,0,-0.001930,0.096868,0.7500
0,1096,-0.651715,1.439615,-2.306777,0.007763,0.018252,6.632953,0.199212,-0.518239,0.373758,0.891997,C-06,0,1,1,0,-0.001063,0.103084,0.7292
0,1097,-0.667711,1.421774,-2.294088,0.008308,0.030941,6.656908,0.199705,-0.522773,0.223758,0.746531,C-06,0,1,1,0,-0.000661,0.105638,0.7292
0,1098,-0.680919,1.406767,-2.290450,0.008946,0.034579,6.676890,0.199922,-0.116530,0.073758,0.190288,C-06,0,1,1,0,-0.005248,0.130825,0.6875
0,1099,-0.696636,1.388650,-2.278722,0.009883,0.046307,6.700856,0.199920,0.507625,0.223758,-0.283867,C-06,0,1,1,0,-0.011418,0.144462,0.6667
0,1100,-0.712082,1.370269,-2.258921,0.009394,-0.059874,6.726114,0.200232,1.000000,0.373758,-0.626242,C-06,0,1,1,0,-0.033230,0.239354,0.6458
0,1101,-0.724695,1.354675,-2.235263,0.008370,-0.036217,6.746145,0.200853,1.000000,0.523758,-0.476242,C-06,0,1,1,0,0.042039,-0.234308,0.6250
0,1102,-0.739416,1.335515,-2.197907,0.007739,0.001139,6.770299,0.202091,1.000000,0.673758,-0.326242,C-06,0,1,1,0,-0.014993,0.127483,0.6875
0,1103,-0.751308,1.319101,-2.158895,0.007780,0.040151,6.790567,0.203700,1.000000,0.823758,-0.176242,C-06,0,1,1,0,-0.011292,0.117105,0.7083
0,1104,-0.764990,1.298872,-2.118750,0.008617,0.080296,6.814975,0.203858,0.556221,0.673758,0.117537,C-06,0,1,1,0,-0.006553,0.107125,0.7292
0,1105,-0.775805,1.281662,-2.091929,0.008848,-0.018621,6.836446,0.203359,0.106136,0.523758,0.417622,C-06,0,1,1,0,-0.003600,0.104619,0.7708
0,1106,-0.788123,1.260709,-2.068503,0.008146,0.004805,6.860742,0.202583,-0.260933,0.373758,0.634691,C-06,0,1,1,0,-0.001559,0.101636,0.7500
0,1107,-0.797906,1.243076,-2.056363,0.008066,0.016944,6.880907,0.201589,-0.181989,0.223758,0.405747,C-06,0,1,1,0,-0.006386,0.140427,0.7292
0,1108,-0.809259,1.221803,-2.048169,0.008364,0.025139,6.905018,0.200909,0.126106,0.126106,0.000000,,0,1,1,0,-0.005739,0.125406,0.6875
0,1109,-0.820372,1.200398,-2.031332,0.008936,0.041976,6.929129,0.201587,0.676611,0.276106,-0.400505,C-06,0,1,1,0,-0.009958,0.134855,0.6667
0,1110,-0.829549,1.182389,-2.009268,0.008670,-0.061444,6.950489,0.202891,1.000000,0.426106,-0.573894,C-06,0,1,1,0,-0.037767,0.260173,0.6458
0,1111,-0.840456,1.160482,-1.972519,0.006565,-0.024695,6.974870,0.204896,1.000000,0.576106,-0.423894,C-06,0,1,1,0,0.042908,-0.237026,0.6250
0,1112,-0.849328,1.141928,-1.932858,0.005123,0.014966,6.995385,0.206498,1.000000,0.726106,-0.273894,C-06,0,1,1,0,-0.015275,0.136256,0.6875
0,1113,-0.859083,1.119320,-1.892889,0.004348,0.054935,7.019996,0.205117,0.538808,0.576106,0.037298,C-06,0,1,1,0,-0.011976,0.128999,0.7083
0,1114,-0.866321,1.100269,-1.867471,0.004608,0.080353,7.040374,0.203663,0.166165,0.426106,0.259940,C-06,0,1,1,0,-0.007578,0.113411,0.7292
0,1115,-0.874041,1.077249,-1.847567,0.005085,-0.025532,7.065304,0.202266,-0.063330,0.276106,0.339435,C-06,0,1,1,0,-0.004978,0.103085,0.7500
0,1116,-0.879810,1.057987,-1.839522,0.004290,-0.017488,7.085395,0.200990,0.121531,0.126106,0.004574,C-06,0,1,1,0,-0.005760,0.101878,0.7500
0,1117,-0.886552,1.034791,-1.820275,0.003533,0.001760,7.109539,0.201737,0.697183,0.276106,-0.421077,C-06,0,1,1,0,-0.012388,0.135169,0.7292
0,1118,-0.893291,1.011450,-1.789811,0.002814,0.032223,7.133823,0.203079,1.000000,0.426106,-0.573894,C-06,0,1,1,0,-0.012509,0.127952,0.7083
0,1119,-0.898902,0.991858,-1.754789,0.002254,0.067245,7.154195,0.204391,1.000000,0.576106,-0.423894,C-06,0,1,1,0,-0.011932,0.121653,0.6875
0,1120,-0.905488,0.968157,-1.699713,0.001204,-0.003443,7.178976,0.205112,0.794542,0.726106,-0.068437,C-06,0,1,1,0,-0.033132,0.225655,0.6458
0,1121,-0.909874,0.948278,-1.660934,-0.000642,0.035336,7.199249,0.203212,-0.077757,0.576106,0.653863,C-06,0,1,1,0,-0.043639,0.305572,0.6667
0,1122,-0.913653,0.924342,-1.625761,-0.001378,0.070509,7.223470,0.201678,-0.544752,0.426106,0.970858,C-06,0,1,1,0,-0.033470,0.275154,0.6875
0,1123,-0.915705,0.904363,-1.606223,-0.000897,0.090047,7.243549,0.200728,-0.899850,0.276106,1.175956,C-06,0,1,1,0,-0.021493,0.223552,0.7083
0,1124,-0.917077,0.880373,-1.595072,0.000764,0.101199,7.267520,0.200197,-0.924453,0.126106,1.050559,C-06,0,1,1,0,-0.018365,0.212976,0.7500
0,1125,-0.917587,0.860379,-1.596092,0.002776,0.100179,7.287419,0.199994,-0.526109,-0.023894,0.502214,C-06,0,1,1,0,-0.015192,0.190936,0.7500
0,1126,-0.918167,0.836387,-1.595342,0.002533,-0.024546,7.311784,0.199998,0.011054,0.011054,0.000000,,0,1,1,0,-0.006482,0.103227,0.7500
0,1127,-0.918747,0.812391,-1.582464,0.001953,-0.011668,7.335780,0.200043,0.771069,0.161054,-0.610015,C-06,0,1,1,0,-0.015117,0.144997,0.7500
0,1128,-0.919230,0.792391,-1.561166,0.001470,0.009630,7.355779,0.200051,1.000000,0.311054,-0.688946,C-06,0,1,1,0,-0.014641,0.125917,0.7083
0,1129,-0.919810,0.768402,-1.523585,0.000890,0.047212,7.379769,0.199852,1.000000,0.461054,-0.538946,C-06,0,1,1,0,-0.016076,0.123622,0.6458
0,1130,-0.920293,0.748448,-1.483053,0.000407,0.087743,7.399722,0.199328,1.000000,0.611054,-0.388946,C-06,0,1,1,0,-0.037722,0.230728,0.6250
0,1131,-0.919990,0.724590,-1.442745,-0.001501,0.002577,7.423531,0.198525,0.503417,0.503417,0.000000,,0,1,1,0,-0.031819,0.215505,0.6458
0,1132,-0.918495,0.704785,-1.419463,-0.002512,0.025860,7.443366,0.198520,0.139273,0.353417,0.214143,C-06,0,1,1,0,0.036742,-0.197598,0.6250
0,1133,-0.915562,0.681091,-1.403281,-0.002587,0.042041,7.467241,0.198959,0.026987,0.203417,0.176430,C-06,0,1,1,0,0.031565,-0.177956,0.6667
0,1134,-0.912914,0.661402,-1.384671,-0.002440,0.060652,7.487106,0.198401,0.300082,0.300082,0.000000,,0,1,1,0,-0.012912,0.114395,0.7292
0,1135,-0.909607,0.637893,-1.351710,-0.002120,0.093613,7.510845,0.197420,0.461231,0.450082,-0.011149,C-06,0,1,1,0,-0.011752,0.102714,0.7292
0,1136,-0.905360,0.614535,-1.326734,-0.002410,-0.007176,7.534348,0.197814,0.335026,0.335026,0.000000,,0,1,1,0,-0.010024,0.096182,0.7500
0,1137,-0.901333,0.595178,-1.306315,-0.003327,0.013243,7.554098,0.197663,0.340383,0.340383,0.000000,,0,1,1,0,-0.010327,0.098895,0.7292
0,1138,-0.896035,0.572101,-1.278691,-0.003937,0.040867,7.577768,0.197197,0.391438,0.391438,0.000000,,0,1,1,0,-0.009653,0.092528,0.7292
0,1139,-0.891136,0.553018,-1.254846,-0.003941,0.064713,7.597470,0.196965,0.410794,0.410794,0.000000,,0,1,1,0,-0.013728,0.125830,0.6875
0,1140,-0.884406,0.530292,-1.232407,-0.003077,0.087151,7.621155,0.197533,0.321036,0.321036,0.000000,,0,1,1,0,-0.012690,0.119014,0.6458
0,1141,-0.878415,0.511493,-1.212440,-0.001953,0.107118,7.637734,0.197262,0.354633,0.354633,0.000000,,0,1,1,0,-0.054050,0.324414,0.6667
0,1142,-0.870750,0.489129,-1.186317,-0.003403,0.007452,7.664204,0.196981,0.391924,0.391924,0.000000,,0,1,1,0,-0.048188,0.299232,0.6667
0,1143,-0.863751,0.470655,-1.168937,-0.003674,0.024831,7.683957,0.197604,0.309642,0.309642,0.000000,,0,1,1,0,0.031866,-0.189384,0.6458
0,1144,-0.854968,0.448690,-1.142778,-0.003567,0.050990,7.707612,0.196943,0.406849,0.406849,0.000000,,0,1,1,0,-0.034362,0.242390,0.7083
0,1145,-0.845578,0.426982,-1.117782,-0.002801,0.075987,7.731253,0.197163,0.388777,0.388777,0.000000,,0,1,1,0,-0.012940,0.105784,0.7292
0,1146,-0.837339,0.409102,-1.094129,-0.001700,0.099640,7.750908,0.196836,0.454446,0.454446,0.000000,,0,1,1,0,-0.012035,0.102261,0.7292
0,1147,-0.826832,0.387936,-1.065774,-0.002345,0.002512,7.774324,0.197031,0.456862,0.456862,0.000000,,0,1,1,0,-0.011874,0.104264,0.7500
0,1148,-0.817487,0.370529,-1.046231,-0.002540,0.022054,7.794080,0.197683,0.378019,0.378019,0.000000,,0,1,1,0,-0.009685,0.095880,0.7292
0,1149,-0.805785,0.349907,-1.021172,-0.002218,0.047113,7.817789,0.197686,0.418093,0.418093,0.000000,,0,1,1,0,-0.022907,0.196883,0.7708
0,1150,-0.795591,0.332965,-0.999643,-0.001446,0.068642,7.837546,0.197834,0.436936,0.436936,0.000000,,0,1,1,0,-0.020591,0.184399,0.7083
0,1151,-0.782796,0.312936,-0.974880,0.000120,0.093405,7.861261,0.198214,0.423594,0.423594,0.000000,,0,1,1,0,-0.022356,0.187963,0.6875
0,1152,-0.771689,0.296494,-0.955352,0.000473,-0.012805,7.881173,0.198550,0.406296,0.406296,0.000000,,0,1,1,0,-0.036148,0.253861,0.6667
0,1153,-0.757872,0.277066,-0.931133,0.000216,0.011414,7.905012,0.198845,0.428754,0.428754,0.000000,,0,1,1,0,-0.030322,0.225021,0.6458
0,1154,-0.743510,0.257973,-0.908645,0.000597,0.033901,7.928900,0.199272,0.402121,0.402121,0.000000,,0,1,1,0,0.031652,-0.179187,0.7083
0,1155,-0.728643,0.239216,-0.885515,0.001584,0.057032,7.952814,0.199648,0.422790,0.422790,0.000000,,0,1,1,0,-0.020943,0.178691,0.7500
0,1156,-0.715815,0.223884,-0.860179,0.002937,0.082368,7.972759,0.200232,0.572935,0.572790,-0.000145,C-06,0,1,1,0,-0.013762,0.137545,0.7708
0,1157,-0.699918,0.205800,-0.833193,0.003692,-0.016629,7.997287,0.201023,0.491019,0.491019,0.000000,,0,1,1,0,-0.009956,0.120782,0.7917
0,1158,-0.686313,0.191008,-0.811923,0.003491,0.004641,8.017383,0.200751,0.452252,0.452252,0.000000,,0,1,1,0,-0.006766,0.104983,0.7917
0,1159,-0.669583,0.173740,-0.786694,0.003873,0.029870,8.041423,0.200063,0.438630,0.438630,0.000000,,0,1,1,0,-0.001153,0.069159,0.7708
0,1160,-0.652475,0.156956,-0.762243,0.004863,0.054320,8.065370,0.199445,0.423734,0.423734,0.000000,,0,1,1,0,0.005173,0.028577,0.7083
0,1161,-0.637986,0.143271,-0.744850,0.006063,0.071713,8.085263,0.199122,0.366881,0.366881,0.000000,,0,1,1,0,0.010518,-0.004715,0.7083
0,1162,-0.620261,0.127223,-0.719687,0.006946,-0.028672,8.110041,0.199479,0.460092,0.460092,0.000000,,0,1,1,0,0.020651,-0.063105,0.6875
0,1163,-0.605115,0.114193,-0.699315,0.006550,-0.008299,8.130017,0.200049,0.451845,0.451845,0.000000,,0,1,1,0,0.023868,-0.086681,0.6875
0,1164,-0.586593,0.098889,-0.678974,0.006553,0.012041,8.154044,0.200380,0.370733,0.370733,0.000000,,0,1,1,0,0.027102,-0.109945,0.7292
0,1165,-0.570893,0.086393,-0.656478,0.006922,0.034537,8.174107,0.200980,0.499822,0.499822,0.000000,,0,1,1,0,0.016736,-0.053188,0.7500
0,1166,-0.551679,0.071754,-0.628218,0.007878,0.062797,8.198243,0.201550,0.504566,0.504566,0.000000,,0,1,1,0,0.025341,-0.114456,0.7708
0,1167,-0.535375,0.059905,-0.607183,0.009130,0.083832,8.217050,0.201681,0.438038,0.438038,0.000000,,0,1,1,0,0.027855,-0.131786,0.8333
0,1168,-0.515506,0.046074,-0.583545,0.007852,-0.018018,8.243678,0.201882,0.406364,0.406364,0.000000,,0,1,1,0,0.031552,-0.161478,0.7917
0,1169,-0.495295,0.032615,-0.554871,0.007306,0.010656,8.267955,0.202708,0.491704,0.491704,0.000000,,0,1,1,0,0.034884,-0.192652,0.7708
0,1170,-0.478171,0.021741,-0.530552,0.007290,0.034975,8.288240,0.202999,0.486098,0.486098,0.000000,,0,1,1,0,0.037348,-0.210550,0.7292
0,1171,-0.457344,0.009291,-0.509661,0.007927,0.055866,8.312496,0.202231,0.333271,0.336098,0.002828,C-06,0,1,1,0,0.040282,-0.229543,0.7292
0,1172,-0.439786,-0.000829,-0.488295,0.008780,0.077232,8.332744,0.203002,0.421594,0.421594,0.000000,,0,1,1,0,0.053757,-0.297336,0.6458
0,1173,-0.418419,-0.012678,-0.456571,0.007118,-0.016811,8.358214,0.203950,0.510611,0.510611,0.000000,,0,1,1,0,0.058308,-0.338276,0.7292
0,1174,-0.400374,-0.022010,-0.435216,0.006370,0.004544,8.378516,0.203132,0.392270,0.392270,0.000000,,0,1,1,0,0.055120,-0.332474,0.7708
0,1175,-0.378460,-0.032852,-0.403877,0.005907,0.035883,8.402961,0.204107,0.488520,0.488520,0.000000,,0,1,1,0,0.052467,-0.329531,0.8125
0,1176,-0.359943,-0.041595,-0.369944,0.005894,0.069816,8.423438,0.205484,0.623474,0.623474,0.000000,,0,1,1,0,0.050847,-0.326498,0.8333
0,1177,-0.337388,-0.051624,-0.326341,0.006440,0.113419,8.448117,0.205765,0.642683,0.642683,0.000000,,0,1,1,0,0.048645,-0.312209,0.8542
0,1178,-0.314523,-0.060502,-0.291334,0.005089,0.023164,8.473420,0.204277,0.143315,0.492683,0.349368,C-06,0,1,1,0,0.046995,-0.289253,0.8333
0,1179,-0.295306,-0.067035,-0.270392,0.004819,0.044106,8.493716,0.202836,0.125654,0.342683,0.217029,C-06,0,1,1,0,0.043538,-0.262001,0.8125
0,1180,-0.272108,-0.074286,-0.247850,0.005097,0.066648,8.518019,0.202491,0.312050,0.312050,0.000000,,0,1,1,0,0.042580,-0.260706,0.7917
0,1181,-0.252658,-0.080065,-0.220543,0.005615,0.093955,8.538303,0.203458,0.526879,0.462050,-0.064829,C-06,0,1,1,0,0.040074,-0.254456,0.7708
0,1182,-0.229132,-0.086949,-0.175592,0.006344,0.138906,8.562805,0.204669,0.725267,0.612050,-0.113217,C-06,0,1,1,0,0.038028,-0.244542,0.7500
0,1183,-0.209389,-0.091791,-0.145342,0.005443,0.056202,8.583916,0.203042,0.319570,0.462050,0.142480,C-06,0,1,1,0,0.032733,-0.194885,0.8125
0,1184,-0.185601,-0.096361,-0.120307,0.005405,0.081237,8.608140,0.201710,0.008249,0.312050,0.303801,C-06,0,1,1,0,0.028238,-0.157431,0.7917
0,1185,-0.165732,-0.099282,-0.109050,0.006255,0.092495,8.628204,0.200752,-0.181646,0.162050,0.343696,C-06,0,1,1,0,0.024540,-0.133223,0.7708
0,1186,-0.141871,-0.101957,-0.107500,0.008093,0.094044,8.652143,0.200049,-0.129041,0.012050,0.141091,C-06,0,1,1,0,0.022059,-0.114769,0.7292
0,1187,-0.118008,-0.104585,-0.105583,0.009977,0.095961,8.676077,0.200086,0.024986,0.024986,0.000000,,0,1,1,0,0.018558,-0.108498,0.7083
0,1188,-0.098109,-0.106775,-0.094787,0.009533,0.018623,8.697342,0.200291,0.203476,0.174986,-0.028490,C-06,0,1,1,0,0.016055,-0.105270,0.6667
0,1189,-0.074198,-0.109403,-0.077149,0.008448,0.036261,8.721372,0.200591,0.222882,0.222882,0.000000,,0,1,1,0,0.014700,-0.098812,0.6875
0,1190,-0.054250,-0.111389,-0.067535,0.007749,0.045875,8.741407,0.200437,0.136359,0.136359,0.000000,,0,1,1,0,0.012660,-0.080458,0.6875
0,1191,-0.030302,-0.113171,-0.063932,0.007512,0.049478,8.765420,0.200103,0.038543,0.038543,0.000000,,0,1,1,0,0.012476,-0.073976,0.7292
0,1192,-0.010342,-0.114462,-0.063620,0.007507,0.049789,8.785421,0.200006,0.002429,0.002429,0.000000,,0,1,1,0,0.010155,-0.063954,0.7917
0,1193,0.013611,-0.116000,-0.060709,0.006417,-0.010064,0.017505,0.200040,0.037542,0.037542,0.000000,,0,1,1,0,0.008943,-0.063209,0.7708
0,1194,0.033574,-0.117220,-0.061254,0.005216,-0.010609,0.037469,0.199996,-0.011024,-0.011024,0.000000,,0,1,1,0,0.007635,-0.060266,0.7708
0,1195,0.057530,-0.118681,-0.059082,0.003778,-0.008437,0.061427,0.200020,0.028694,0.028694,0.000000,,0,1,1,0,0.006747,-0.061829,0.7292
0,1196,0.081496,-0.120141,-0.047868,0.002341,0.002776,0.085393,0.200136,0.145053,0.145053,0.000000,,0,1,1,0,0.005193,-0.061421,0.7292
0,1197,0.101478,-0.121358,-0.036645,0.001144,0.013999,0.103900,0.200231,0.164501,0.164501,0.000000,,0,1,1,0,0.004897,-0.054381,0.6667
0,1198,0.125466,-0.122731,-0.025929,-0.000231,-0.012867,0.129366,0.200207,0.126972,0.126972,0.000000,,0,1,1,0,0.004318,-0.043338,0.6667
0,1199,0.145459,-0.123303,-0.024741,-0.000803,-0.011679,0.149359,0.200009,0.008787,0.008787,0.000000,,0,1,1,0,0.003258,-0.029750,0.7083
0,1200,0.169452,-0.123940,-0.026225,-0.001440,-0.013162,0.173352,0.200002,-0.019172,-0.019172,0.000000,,0,1,1,0,0.003182,-0.027095,0.7292
