episode,step,x,y,yaw,ey,epsi,s,speed,raw_steer,safe_steer,steer_correction,interventions,emergency,joint_envelope_violated,oscillation_persistent,cv_ok,cv_state_available,cv_perception_invalid,cv_ey,cv_epsi,cv_confidence,cv_curvature,cv_lane_width,cv_n_lines,cv_reason
0,1,-2.828751,-1.611946,-0.236495,0.007045,0.068680,19.992133,0.040995,0.100377,0.100377,0.000000,,0,0,0,1,1,0,0.018846,-0.185389,0.6875,0.3504,0.2606,2,ok
0,2,-2.819867,-1.613541,-0.226643,0.007754,0.037753,0.010778,0.104333,0.136371,0.136371,0.000000,,0,0,0,1,1,0,0.024003,-0.183715,0.6667,0.1959,0.2517,2,ok
0,3,-2.803510,-1.616406,-0.211179,0.009275,0.053217,0.027315,0.167492,0.215858,0.215858,0.000000,,0,0,0,1,1,0,0.024266,-0.175796,0.6458,0.2021,0.2514,2,ok
0,4,-2.784671,-1.619338,-0.190200,0.011380,0.074197,0.046264,0.198512,0.346739,0.346739,0.000000,,0,0,0,1,1,0,0.022321,-0.167947,0.6458,0.3287,0.2605,2,ok
0,5,-2.761027,-1.622846,-0.153062,0.013361,0.068614,0.070662,0.199758,0.528254,0.496739,-0.031515,C-06,0,0,0,1,1,0,0.030973,-0.166787,0.6250,0.1710,0.2483,2,ok
0,6,-2.741227,-1.625769,-0.130253,0.014771,0.091423,0.090626,0.200417,0.321953,0.346739,0.024786,C-06,0,0,0,1,1,0,0.028287,-0.145788,0.6667,0.3169,0.2588,2,ok
0,7,-2.721379,-1.628692,-0.116713,0.016192,0.104963,0.108761,0.200762,-0.062225,0.196739,0.258965,C-06,0,0,0,1,1,0,0.029158,-0.122895,0.7083,0.3343,0.2653,2,ok
0,8,-2.697535,-1.631666,-0.112337,0.017338,0.066800,0.135305,0.200203,-0.030977,0.046739,0.077716,C-06,0,0,0,1,1,0,0.032611,-0.114983,0.7500,0.2771,0.2645,2,ok
0,9,-2.677658,-1.634034,-0.110071,0.018480,0.069065,0.155290,0.200002,-0.073080,-0.073080,0.000000,,0,0,0,1,1,0,0.031996,-0.112670,0.7292,0.2604,0.2653,2,ok
0,10,-2.653825,-1.636666,-0.126711,0.019425,0.013643,0.179995,0.199626,-0.261905,-0.223080,0.038825,C-06,0,0,0,1,1,0,0.031053,-0.110242,0.7500,0.2530,0.2643,2,ok
0,11,-2.633997,-1.638875,-0.134881,0.019929,0.005472,0.199939,0.199473,-0.118296,-0.118296,0.000000,,0,0,0,1,1,0,0.029919,-0.131000,0.7708,0.1963,0.2645,2,ok
0,12,-2.614187,-1.641269,-0.141352,0.020246,-0.000998,0.218211,0.199535,-0.098787,-0.098787,0.000000,,0,0,0,1,1,0,0.027717,-0.150251,0.7083,0.1802,0.2609,2,ok
0,13,-2.594384,-1.644068,-0.138855,0.019403,-0.032479,0.240573,0.200077,0.392644,0.051213,-0.341431,C-06,0,0,0,1,1,0,0.023883,-0.162948,0.6875,0.2330,0.2644,2,ok
0,14,-2.570593,-1.647460,-0.124056,0.018443,-0.017680,0.264585,0.200448,0.466966,0.201213,-0.265753,C-06,0,0,0,1,1,0,0.022451,-0.170301,0.6667,0.2067,0.2635,2,ok
0,15,-2.550739,-1.650175,-0.118394,0.017376,-0.042588,0.285148,0.200373,0.080504,0.080504,0.000000,,0,0,0,1,1,0,0.022306,-0.165530,0.6458,0.1646,0.2657,2,ok
0,16,-2.530870,-1.652828,-0.109767,0.016143,-0.033961,0.305156,0.200548,0.135571,0.135571,0.000000,,0,0,0,1,1,0,0.022231,-0.160152,0.6875,0.1289,0.2638,2,ok
0,17,-2.510977,-1.655481,-0.096397,0.014911,-0.020590,0.325187,0.200817,0.207916,0.207916,0.000000,,0,0,0,1,1,0,0.018191,-0.156920,0.7083,0.1738,0.2673,2,ok
0,18,-2.487068,-1.658614,-0.077444,0.012922,-0.028110,0.349575,0.200938,0.238525,0.238525,0.000000,,0,0,0,1,1,0,0.016336,-0.149452,0.7500,0.1828,0.2674,2,ok
0,19,-2.463126,-1.661225,-0.061112,0.011444,-0.011778,0.373613,0.200643,0.199040,0.199040,0.000000,,0,0,0,1,1,0,0.015765,-0.133534,0.7292,0.1575,0.2698,2,ok
0,20,-2.443156,-1.663104,-0.047623,0.010142,-0.021318,0.393903,0.200543,0.197600,0.197600,0.000000,,0,0,0,1,1,0,0.016519,-0.124361,0.7292,0.1032,0.2657,2,ok
0,21,-2.423172,-1.664806,-0.031762,0.008896,-0.005458,0.413920,0.200537,0.232286,0.232286,0.000000,,0,0,0,1,1,0,0.015389,-0.113646,0.7500,0.1029,0.2649,2,ok
0,22,-2.403180,-1.665770,-0.024989,0.008388,0.001316,0.431499,0.200124,0.087082,0.087082,0.000000,,0,0,0,1,1,0,0.015796,-0.099449,0.7083,0.0681,0.2627,2,ok
0,23,-2.379188,-1.666382,-0.028487,0.007819,-0.022207,0.458081,0.199981,-0.049310,-0.049310,0.000000,,0,0,0,1,1,0,0.014506,-0.094021,0.6875,0.0939,0.2657,2,ok
0,24,-2.359195,-1.666951,-0.022764,0.007327,-0.016484,0.478076,0.200029,0.094164,0.094164,0.000000,,0,0,0,1,1,0,0.014308,-0.101037,0.6667,0.0267,0.2643,2,ok
0,25,-2.339198,-1.667526,-0.012108,0.006581,-0.023423,0.498191,0.200066,0.157799,0.157799,0.000000,,0,0,0,1,1,0,0.012360,-0.091945,0.6667,0.0292,0.2684,2,ok
0,26,-2.319198,-1.668100,0.002375,0.005738,-0.008940,0.518181,0.200082,0.209119,0.209119,0.000000,,0,0,0,1,1,0,0.011204,-0.086829,0.6667,0.0618,0.2674,2,ok
0,27,-2.295199,-1.668405,0.010500,0.005011,-0.015946,0.542253,0.199997,0.087741,0.087741,0.000000,,0,0,0,1,1,0,0.011810,-0.074300,0.7500,0.0433,0.2707,2,ok
0,28,-2.271204,-1.668585,0.028037,0.004136,0.001590,0.566233,0.199932,0.219931,0.219931,0.000000,,0,0,0,1,1,0,0.012318,-0.071395,0.7292,0.0036,0.2682,2,ok
0,29,-2.251213,-1.668283,0.033731,0.003859,0.007284,0.586223,0.199925,0.069675,0.069931,0.000256,C-06,0,0,0,1,1,0,0.012194,-0.056334,0.7292,0.0015,0.2689,2,ok
0,30,-2.227228,-1.667511,0.034599,0.003670,-0.004386,0.610266,0.199991,0.006218,0.006218,0.000000,,0,0,0,1,1,0,0.012406,-0.054762,0.7083,-0.0103,0.2694,2,ok
0,31,-2.203241,-1.666710,0.030773,0.003492,-0.008213,0.634266,0.200015,-0.049527,-0.049527,0.000000,,0,0,0,1,1,0,0.011847,-0.044282,0.7083,-0.0335,0.2667,2,ok
0,32,-2.179249,-1.665910,0.021415,0.003082,-0.028297,0.658309,0.200063,-0.117022,-0.117022,0.000000,,0,0,0,1,1,0,0.012066,-0.046563,0.6875,-0.0436,0.2654,2,ok
0,33,-2.155255,-1.665388,0.023416,0.002336,-0.026296,0.682297,0.199990,0.115437,0.032978,-0.082459,C-06,0,0,0,1,1,0,0.008355,-0.056428,0.6667,-0.0672,0.2678,2,ok
0,34,-2.131264,-1.664882,0.031113,0.001476,-0.027042,0.706291,0.199950,0.096893,0.096893,0.000000,,0,0,0,1,1,0,0.009489,-0.059220,0.6458,-0.1317,0.2655,2,ok
0,35,-2.111279,-1.664461,0.046996,0.000720,-0.011159,0.726266,0.199832,0.245230,0.245230,0.000000,,0,0,0,1,1,0,0.009055,-0.050248,0.7292,-0.1369,0.2669,2,ok
0,36,-2.087311,-1.663694,0.055548,0.000002,-0.009902,0.750238,0.199826,-0.026934,0.095230,0.122164,C-06,0,0,0,1,1,0,0.008637,-0.037607,0.7708,-0.1363,0.2690,2,ok
0,37,-2.063354,-1.662764,0.064381,-0.000676,-0.001069,0.774203,0.199771,0.109077,0.109077,0.000000,,0,0,0,1,1,0,0.009695,-0.022015,0.7708,-0.1614,0.2685,2,ok
0,38,-2.039417,-1.661727,0.080931,-0.001271,0.010491,0.798151,0.199545,0.211596,0.211596,0.000000,,0,0,0,1,1,0,0.008215,-0.010875,0.7500,-0.1347,0.2731,2,ok
0,39,-2.019487,-1.660334,0.085871,-0.001300,0.015431,0.818129,0.199811,0.003777,0.061596,0.057819,C-06,0,0,0,1,1,0,0.012510,0.006345,0.7708,-0.2413,0.2692,2,ok
0,40,-1.995576,-1.658306,0.085727,-0.000977,0.015287,0.842124,0.199993,-0.006344,-0.006344,0.000000,,0,0,0,1,1,0,0.011837,0.019105,0.7500,-0.2307,0.2699,2,ok
0,41,-1.971662,-1.656261,0.083532,-0.000780,0.009266,0.866119,0.200029,-0.028856,-0.028856,0.000000,,0,0,0,1,1,0,0.012878,0.017454,0.7500,-0.2527,0.2691,2,ok
0,42,-1.947733,-1.654215,0.070007,-0.000586,-0.004259,0.890134,0.200228,-0.289942,-0.178856,0.111085,C-06,0,0,0,1,1,0,0.012235,0.021975,0.6875,-0.2555,0.2665,2,ok
0,43,-1.927780,-1.652721,0.067341,-0.000646,-0.009168,0.910142,0.200080,1.000000,-0.028856,-1.028856,C-06,0,0,0,1,1,0,0.011289,0.010243,0.6875,-0.2734,0.2629,2,ok
0,44,-1.903841,-1.651078,0.076177,-0.000870,-0.000332,0.934136,0.199892,1.000000,0.121144,-0.878856,C-06,0,0,0,1,1,0,0.010153,0.011729,0.7292,-0.2736,0.2628,2,ok
0,45,-1.879927,-1.649443,0.093212,-0.001102,0.016416,0.958105,0.199612,0.217975,0.217975,0.000000,,0,0,0,1,1,0,0.009706,0.019459,0.8125,-0.2681,0.2605,2,ok
0,46,-1.856039,-1.647457,0.099336,-0.000983,0.022540,0.982075,0.199762,-0.113773,0.067975,0.181748,C-06,0,0,0,1,1,0,0.009633,0.044485,0.7917,-0.2300,0.2599,2,ok
0,47,-1.832154,-1.645088,0.096480,-0.000486,0.020552,1.006072,0.200058,-0.042698,-0.042698,0.000000,,0,0,0,1,1,0,0.010969,0.051545,0.7500,-0.2516,0.2604,2,ok
0,48,-1.812237,-1.643098,0.084436,-0.000061,0.008508,1.026084,0.200266,-0.319387,-0.192698,0.126688,C-06,0,0,0,1,1,0,0.008223,0.053525,0.7500,-0.1633,0.2642,2,ok
0,49,-1.788305,-1.640711,0.065515,0.000486,-0.007430,1.050126,0.200548,-0.237749,-0.237749,0.000000,,0,0,0,1,1,0,0.006607,0.064963,0.7500,-0.1335,0.2646,2,ok
0,50,-1.764337,-1.638324,0.034701,0.001128,-0.038244,1.074204,0.200857,-0.527895,-0.387749,0.140145,C-06,0,0,0,1,1,0,0.003302,0.052755,0.7083,-0.0909,0.2649,2,ok
0,51,-1.740345,-1.636536,0.013954,0.001170,-0.055191,1.098264,0.200395,-0.092231,-0.237749,-0.145518,C-06,0,0,0,1,1,0,0.001085,0.033825,0.7083,-0.0776,0.2672,2,ok
0,52,-1.716346,-1.635814,0.005684,0.000142,-0.063461,1.122251,0.200057,1.000000,-0.087749,-1.087749,C-06,0,0,0,1,1,0,-0.001444,0.010769,0.7292,-0.0616,0.2675,2,ok
0,53,-1.696346,-1.635686,0.009469,-0.001187,-0.059675,1.142207,0.199994,0.499034,0.062251,-0.436783,C-06,0,0,0,1,1,0,-0.002593,0.003532,0.8125,-0.0503,0.2672,2,ok
0,54,-1.672350,-1.635555,0.026329,-0.002565,-0.036981,1.166176,0.199938,0.416337,0.212251,-0.204087,C-06,0,0,0,1,1,0,-0.003011,0.005183,0.7917,-0.0317,0.2671,2,ok
0,55,-1.648366,-1.635423,0.044516,-0.003942,-0.018794,1.190121,0.199812,0.219778,0.219778,0.000000,,0,0,0,1,1,0,-0.001500,0.016909,0.7917,-0.0297,0.2679,2,ok
0,56,-1.628388,-1.634787,0.049934,-0.004490,-0.006704,1.210117,0.199880,0.034836,0.069778,0.034942,C-06,0,0,0,1,1,0,0.001744,0.040316,0.7708,-0.0395,0.2666,2,ok
0,57,-1.604419,-1.633646,0.051216,-0.004764,-0.005421,1.234112,0.199975,0.012268,0.012268,0.000000,,0,0,0,1,1,0,0.003434,0.047125,0.7292,-0.0414,0.2671,2,ok
0,58,-1.580450,-1.632475,0.050293,-0.004837,0.003689,1.258157,0.199985,-0.012706,-0.012706,0.000000,,0,0,0,1,1,0,0.004869,0.047938,0.7292,-0.0457,0.2678,2,ok
0,59,-1.556474,-1.631304,0.037808,-0.004846,-0.008797,1.282161,0.200090,-0.401914,-0.162706,0.239208,C-06,0,0,0,1,1,0,0.005677,0.047473,0.7292,-0.0350,0.2672,2,ok
0,60,-1.532490,-1.630352,0.036028,-0.004908,-0.000460,1.306212,0.200019,0.658073,-0.012706,-0.670780,C-06,0,0,0,1,1,0,0.005832,0.040055,0.6875,-0.0394,0.2666,2,ok
0,61,-1.512506,-1.629586,0.044554,-0.004927,0.008066,1.326211,0.199953,1.000000,0.137294,-0.862706,C-06,0,0,0,1,1,0,0.006565,0.035879,0.7500,-0.0510,0.2671,2,ok
0,62,-1.488530,-1.628514,0.044443,-0.004594,0.019754,1.350288,0.200007,-0.033539,-0.012706,0.020833,C-06,0,0,0,1,1,0,0.007337,0.036265,0.7708,-0.0405,0.2674,2,ok
0,63,-1.464548,-1.627429,0.031909,-0.004054,0.007220,1.374288,0.200099,-0.365110,-0.162706,0.202404,C-06,0,0,0,1,1,0,0.009154,0.042700,0.7708,-0.0386,0.2682,2,ok
0,64,-1.440555,-1.626344,0.012167,-0.003391,-0.002694,1.398336,0.200187,-0.241042,-0.241042,0.000000,,0,0,0,1,1,0,0.008312,0.034922,0.7500,-0.0197,0.2678,2,ok
0,65,-1.416555,-1.625679,0.003715,-0.003022,-0.011146,1.422342,0.200053,0.062019,-0.091042,-0.153061,C-06,0,0,0,1,1,0,0.007699,0.014138,0.7708,-0.0449,0.2664,2,ok
0,66,-1.392556,-1.625133,-0.011462,-0.002633,-0.018475,1.446380,0.200040,-0.183960,-0.183960,0.000000,,0,0,0,1,1,0,0.007239,0.005958,0.7500,-0.0445,0.2675,2,ok
0,67,-1.368560,-1.624728,-0.025894,-0.002228,-0.032908,1.470375,0.199947,-0.171195,-0.171195,0.000000,,0,0,0,1,1,0,0.006662,-0.008894,0.7083,-0.0493,0.2671,2,ok
0,68,-1.344569,-1.625239,-0.028397,-0.002739,-0.030866,1.494366,0.199977,0.973810,-0.021195,-0.995004,C-06,0,0,0,1,1,0,0.004440,-0.022966,0.6875,-0.0405,0.2658,2,ok
0,69,-1.324575,-1.625764,-0.020353,-0.003264,-0.022822,1.514360,0.200026,0.626650,0.128805,-0.497844,C-06,0,0,0,1,1,0,0.003833,-0.028787,0.7500,-0.0448,0.2667,2,ok
0,70,-1.300577,-1.626398,0.002225,-0.003898,0.002225,1.538358,0.200070,0.320458,0.278805,-0.041653,C-06,0,0,0,1,1,0,0.003586,-0.026361,0.7708,-0.0393,0.2673,2,ok
0,71,-1.276580,-1.627032,0.025849,-0.004532,0.025849,1.562355,0.200008,0.280839,0.280839,0.000000,,0,0,0,1,1,0,0.006014,-0.000937,0.7708,-0.0447,0.2673,2,ok
0,72,-1.252592,-1.626941,0.037278,-0.004441,0.037278,1.584535,0.199875,-0.091227,0.130839,0.222066,C-06,0,0,0,1,1,0,0.007645,0.017784,0.7917,-0.0309,0.2683,2,ok
0,73,-1.228613,-1.626444,0.045727,-0.003944,0.045727,1.610322,0.199856,0.101279,0.101279,0.000000,,0,0,0,1,1,0,0.009154,0.032078,0.7500,-0.0371,0.2657,2,ok
0,74,-1.208633,-1.625562,0.043148,-0.003062,0.043148,1.630302,0.200019,-0.101039,-0.048721,0.052318,C-06,0,0,0,1,1,0,0.011738,0.043059,0.7292,-0.0526,0.2656,2,ok
0,75,-1.184649,-1.624470,0.027604,-0.001970,0.027604,1.654287,0.200127,-0.530978,-0.198721,0.332257,C-06,0,0,0,1,1,0,0.012071,0.042458,0.7292,-0.0382,0.2662,2,ok
0,76,-1.160652,-1.623377,-0.000796,-0.000877,-0.000796,1.678283,0.200207,-0.688663,-0.348721,0.339942,C-06,0,0,0,1,1,0,0.011798,0.030637,0.7083,-0.0429,0.2669,2,ok
0,77,-1.136653,-1.622605,-0.018443,-0.000105,-0.018443,1.702282,0.200025,0.828354,-0.198721,-1.027075,C-06,0,0,0,1,1,0,0.009721,0.001103,0.6875,-0.0501,0.2650,2,ok
0,78,-1.112659,-1.622822,-0.023372,-0.000322,-0.023372,1.726277,0.199963,1.000000,-0.048721,-1.048721,C-06,0,0,0,1,1,0,0.007721,-0.017804,0.7292,-0.0377,0.2679,2,ok
0,79,-1.092663,-1.623265,-0.017068,-0.000765,-0.017068,1.746272,0.200021,0.291734,0.101279,-0.190455,C-06,0,0,0,1,1,0,0.006864,-0.023910,0.7917,-0.0379,0.2676,2,ok
0,80,-1.068664,-1.623809,0.003106,-0.001309,0.003106,1.770271,0.200051,0.473590,0.251279,-0.222311,C-06,0,0,0,1,1,0,0.006288,-0.025763,0.7917,-0.0360,0.2673,2,ok
0,81,-1.044665,-1.624135,0.012426,-0.001635,0.012426,1.794270,0.199994,0.046429,0.101279,0.054850,C-06,0,0,0,1,1,0,0.008624,-0.002119,0.7500,-0.0459,0.2671,2,ok
0,82,-1.024668,-1.624301,0.022133,-0.001801,0.022133,1.814267,0.199960,0.142116,0.142116,0.000000,,0,0,0,1,1,0,0.008624,-0.002119,0.7500,-0.0459,0.2671,2,ok
0,83,-1.000676,-1.624048,0.028088,-0.001548,0.028088,1.838260,0.199943,0.066187,0.066187,0.000000,,0,0,0,1,1,0,0.010370,0.016222,0.7292,-0.0448,0.2662,2,ok
0,84,-0.976684,-1.623388,0.022030,-0.000888,0.022030,1.862252,0.200031,-0.209237,-0.083813,0.125424,C-06,0,0,0,1,1,0,0.011899,0.025543,0.7292,-0.0454,0.2670,2,ok
0,85,-0.952686,-1.622706,0.003399,-0.000206,0.003399,1.884835,0.200079,-0.383741,-0.233813,0.149928,C-06,0,0,0,1,1,0,0.011641,0.021525,0.7083,-0.0377,0.2680,2,ok
0,86,-0.928686,-1.622288,-0.004472,0.000212,-0.004472,1.910249,0.200017,1.000000,-0.083813,-1.083813,C-06,0,0,0,1,1,0,0.011465,0.010692,0.6875,-0.0540,0.2656,2,ok
0,87,-0.908686,-1.622358,-0.000721,0.000142,-0.000721,1.930249,0.200002,1.000000,0.066187,-0.933813,C-06,0,0,0,1,1,0,0.009317,-0.004876,0.7500,-0.0325,0.2674,2,ok
0,88,-0.884687,-1.622477,0.016480,0.000023,0.016480,1.954248,0.199978,0.224699,0.216187,-0.008512,C-06,0,0,0,1,1,0,0.010205,-0.004567,0.7917,-0.0496,0.2672,2,ok
0,89,-0.860692,-1.622342,0.022566,0.000158,0.022566,1.978243,0.199958,-0.088123,0.066187,0.154310,C-06,0,0,0,1,1,0,0.010756,-0.001014,0.7917,-0.0505,0.2671,2,ok
0,90,-0.836698,-1.621821,0.022290,0.000679,0.022290,2.002237,0.200001,-0.007653,-0.007653,0.000000,,0,0,0,1,1,0,0.012854,0.019672,0.7500,-0.0414,0.2672,2,ok
0,91,-0.812702,-1.621282,0.011966,0.001218,0.011966,2.026233,0.200035,-0.133054,-0.133054,0.000000,,0,0,0,1,1,0,0.013629,0.020297,0.7708,-0.0495,0.2665,2,ok
0,92,-0.792703,-1.620832,-0.007253,0.001668,-0.007253,2.046233,0.200047,-0.338191,-0.283054,0.055138,C-06,0,0,0,1,1,0,0.013155,0.014133,0.7292,-0.0469,0.2668,2,ok
0,93,-0.768711,-1.620292,-0.042481,0.002208,-0.042481,2.070225,0.199884,-0.551175,-0.433054,0.118122,C-06,0,0,0,1,1,0,0.012351,0.010180,0.7500,-0.0343,0.2665,2,ok
0,94,-0.744747,-1.620232,-0.066414,0.002268,-0.066414,2.094188,0.199582,0.591377,-0.283054,-0.874431,C-06,0,0,0,1,1,0,0.009262,-0.024204,0.7292,-0.0428,0.2665,2,ok
0,95,-0.724799,-1.621093,-0.076235,0.001407,-0.076235,2.114137,0.199674,1.000000,-0.133054,-1.133054,C-06,0,0,0,1,1,0,0.005047,-0.061405,0.7083,-0.0413,0.2676,2,ok
0,96,-0.700869,-1.622887,-0.075686,-0.000387,-0.075686,2.135135,0.200012,0.169372,0.016946,-0.152426,C-06,0,0,0,1,1,0,0.002417,-0.074006,0.7708,-0.0425,0.2673,2,ok
0,97,-0.676928,-1.624723,-0.063570,-0.002223,-0.063570,2.162008,0.200174,0.160070,0.160070,0.000000,,0,0,0,1,1,0,0.000149,-0.077815,0.7917,-0.0407,0.2667,2,ok
0,98,-0.652972,-1.626469,-0.058148,-0.003969,-0.058148,2.185235,0.200155,0.060651,0.060651,0.000000,,0,0,0,1,1,0,0.000159,-0.070018,0.7500,-0.0609,0.2654,2,ok
0,99,-0.629004,-1.628149,-0.043852,-0.005649,-0.043852,2.209932,0.200291,0.181789,0.181789,0.000000,,0,0,0,1,1,0,-0.001650,-0.060745,0.7500,-0.0225,0.2687,2,ok
0,100,-0.609020,-1.629354,-0.036798,-0.006854,-0.036798,2.229916,0.200185,0.096368,0.096368,0.000000,,0,0,0,1,1,0,-0.002186,-0.048348,0.7292,-0.0182,0.2690,2,ok
0,101,-0.585034,-1.630499,-0.031217,-0.007999,-0.031217,2.253902,0.200103,0.065399,0.065399,0.000000,,0,0,0,1,1,0,-0.001847,-0.040497,0.7292,-0.0396,0.2671,2,ok
0,102,-0.561043,-1.631558,-0.023878,-0.009058,-0.023878,2.277892,0.200124,0.089429,0.089429,0.000000,,0,0,0,1,1,0,-0.001965,-0.035371,0.6875,-0.0443,0.2669,2,ok
0,103,-0.537048,-1.632399,-0.018229,-0.009899,-0.018229,2.301887,0.200070,0.066093,0.066093,0.000000,,0,0,0,1,1,0,-0.002761,-0.026075,0.7083,-0.0363,0.2675,2,ok
0,104,-0.513052,-1.632929,-0.016240,-0.010429,-0.016240,2.325884,0.200016,0.020657,0.020657,0.000000,,0,0,0,1,1,0,-0.002049,-0.022545,0.7292,-0.0497,0.2656,2,ok
0,105,-0.493054,-1.633300,-0.015296,-0.010800,-0.015296,2.345881,0.200009,0.012860,0.012860,0.000000,,0,0,0,1,1,0,-0.003094,-0.018315,0.8125,-0.0346,0.2685,2,ok
0,106,-0.469056,-1.633730,-0.009793,-0.011230,-0.009793,2.369879,0.200022,0.069325,0.069325,0.000000,,0,0,0,1,1,0,-0.003381,-0.018302,0.7708,-0.0348,0.2670,2,ok
0,107,-0.445057,-1.634157,-0.005000,-0.011657,-0.005000,2.393878,0.200026,0.055921,0.055921,0.000000,,0,0,0,1,1,0,-0.003033,-0.013258,0.7500,-0.0391,0.2670,2,ok
0,108,-0.425057,-1.634427,-0.001613,-0.011927,-0.001613,2.413878,0.200014,0.047351,0.047351,0.000000,,0,0,0,1,1,0,-0.002228,-0.013016,0.7708,-0.0564,0.2655,2,ok
0,109,-0.401057,-1.634503,-0.006555,-0.012003,-0.006555,2.435535,0.199997,-0.065693,-0.065693,0.000000,,0,0,0,1,1,0,-0.002510,-0.005978,0.7500,-0.0423,0.2666,2,ok
0,110,-0.377060,-1.634567,-0.020875,-0.012067,-0.020875,2.461876,0.199960,-0.178050,-0.178050,0.000000,,0,0,0,1,1,0,-0.003336,-0.007934,0.7500,-0.0406,0.2670,2,ok
0,111,-0.353066,-1.634955,-0.024064,-0.012455,-0.024064,2.485635,0.199976,0.057869,-0.028050,-0.085919,C-06,0,0,0,1,1,0,-0.004639,-0.018314,0.7500,-0.0436,0.2670,2,ok
0,112,-0.329071,-1.635486,-0.014651,-0.012986,-0.014651,2.509865,0.200027,0.141185,0.121950,-0.019235,C-06,0,0,0,1,1,0,-0.006593,-0.022715,0.6875,-0.0201,0.2676,2,ok
0,113,-0.309073,-1.635880,-0.012045,-0.013380,-0.012045,2.529863,0.200020,0.030753,0.030753,0.000000,,0,0,0,1,1,0,-0.005272,-0.019921,0.7500,-0.0443,0.2672,2,ok
0,114,-0.285074,-1.636321,-0.005039,-0.013821,-0.005039,2.553862,0.200031,0.086419,0.086419,0.000000,,0,0,0,1,1,0,-0.005164,-0.015654,0.7917,-0.0480,0.2668,2,ok
0,115,-0.261074,-1.636746,0.001865,-0.014246,0.001865,2.577862,0.200024,0.081063,0.081063,0.000000,,0,0,0,1,1,0,-0.005357,-0.010871,0.7917,-0.0355,0.2675,2,ok
0,116,-0.237074,-1.637026,0.008627,-0.014526,0.008627,2.601862,0.200000,0.079794,0.079794,0.000000,,0,0,0,1,1,0,-0.004453,-0.001553,0.7708,-0.0425,0.2667,2,ok
0,117,-0.213075,-1.636972,0.011879,-0.014472,0.011879,2.625860,0.199988,0.036374,0.036374,0.000000,,0,0,0,1,1,0,-0.004264,0.006541,0.7708,-0.0367,0.2675,2,ok
0,118,-0.193076,-1.636773,0.004790,-0.014273,0.004790,2.645859,0.200008,-0.208753,-0.113626,0.095127,C-06,0,0,0,1,1,0,-0.003635,0.007032,0.7292,-0.0443,0.2668,2,ok
0,119,-0.169077,-1.636524,-0.016645,-0.014024,-0.016645,2.669859,0.199986,-0.404614,-0.263626,0.140988,C-06,0,0,0,1,1,0,-0.002977,0.007832,0.7500,-0.0508,0.2674,2,ok
0,120,-0.145083,-1.636482,-0.026914,-0.013982,-0.026914,2.693853,0.199931,-0.076109,-0.113626,-0.037516,C-06,0,0,0,1,1,0,-0.005235,-0.006996,0.7083,-0.0425,0.2677,2,ok
0,121,-0.125090,-1.636989,-0.025249,-0.014489,-0.025249,2.713846,0.200010,0.154401,0.036374,-0.118027,C-06,0,0,0,1,1,0,-0.006611,-0.026695,0.7083,-0.0577,0.2649,2,ok
0,122,-0.101095,-1.637642,-0.013319,-0.015142,-0.013319,2.735935,0.200055,0.148286,0.148286,0.000000,,0,0,0,1,1,0,-0.008652,-0.028376,0.7500,-0.0301,0.2677,2,ok
0,123,-0.077096,-1.638283,-0.005490,-0.015783,-0.005490,2.761840,0.200058,0.089293,0.089293,0.000000,,0,0,0,1,1,0,-0.007493,-0.018113,0.7708,-0.0407,0.2666,2,ok
0,124,-0.053096,-1.638677,0.000007,-0.016177,0.000007,2.785840,0.200019,0.063298,0.063298,0.000000,,0,0,0,1,1,0,-0.006742,-0.010099,0.7708,-0.0523,0.2675,2,ok
0,125,-0.029096,-1.638850,0.003624,-0.016350,0.003624,2.809840,0.200002,0.041539,0.041539,0.000000,,0,0,0,1,1,0,-0.007416,-0.004432,0.7500,-0.0263,0.2675,2,ok
0,126,-0.009096,-1.638879,0.005671,-0.016379,0.005671,2.829839,0.199997,0.028212,0.028212,0.000000,,0,0,0,1,1,0,-0.007063,0.001273,0.7083,-0.0196,0.2693,2,ok
0,127,0.014904,-1.638800,0.002634,-0.016300,0.002634,2.853839,0.200000,-0.040081,-0.040081,0.000000,,0,0,0,1,1,0,-0.006492,0.003761,0.7292,-0.0373,0.2674,2,ok
0,128,0.038904,-1.638716,-0.005418,-0.016216,-0.005418,2.877839,0.199999,-0.097047,-0.097047,0.000000,,0,0,0,1,1,0,-0.006577,0.004116,0.7292,-0.0315,0.2680,2,ok
0,129,0.062903,-1.638845,-0.001513,-0.016345,-0.001513,2.901839,0.200003,0.053987,0.052953,-0.001033,C-06,0,0,0,1,1,0,-0.006562,-0.000544,0.7083,-0.0426,0.2672,2,ok
0,130,0.086903,-1.638983,0.003933,-0.016483,0.003933,2.925839,0.200002,0.064658,0.064658,0.000000,,0,0,0,1,1,0,-0.006349,-0.006872,0.7083,-0.0614,0.2645,2,ok
0,131,0.106903,-1.638914,0.003374,-0.016414,0.003374,2.945839,0.200001,-0.015255,-0.015255,0.000000,,0,0,0,1,1,0,-0.006611,-0.002372,0.7708,-0.0466,0.2663,2,ok
0,132,0.130903,-1.638810,0.004663,-0.016310,0.004663,2.969838,0.200000,0.017429,0.017429,0.000000,,0,0,0,1,1,0,-0.006247,-0.000587,0.7917,-0.0461,0.2673,2,ok
0,133,0.154902,-1.638706,0.010582,-0.016206,0.010582,2.993838,0.199991,0.074035,0.074035,0.000000,,0,0,0,1,1,0,-0.006667,0.003598,0.7500,-0.0333,0.2678,2,ok
0,134,0.174901,-1.638619,0.014796,-0.016119,0.014796,3.013836,0.199981,0.058819,0.058819,0.000000,,0,0,0,1,1,0,-0.005641,0.004644,0.7708,-0.0456,0.2656,2,ok
0,135,0.198898,-1.638274,0.013319,-0.015774,0.013319,3.036235,0.200004,-0.022476,-0.022476,0.000000,,0,0,0,1,1,0,-0.004837,0.012489,0.7292,-0.0483,0.2655,2,ok
0,136,0.222897,-1.637914,-0.000308,-0.015414,-0.000308,3.061833,0.200022,-0.265327,-0.172476,0.092852,C-06,0,0,0,1,1,0,-0.004768,0.009889,0.7292,-0.0398,0.2673,2,ok
0,137,0.242897,-1.637615,-0.014377,-0.015115,-0.014377,3.081832,0.200004,-0.202083,-0.202083,0.000000,,0,0,0,1,1,0,-0.005888,0.000506,0.7083,-0.0408,0.2686,2,ok
0,138,0.266893,-1.637744,-0.019287,-0.015244,-0.019287,3.105829,0.199970,0.124713,-0.052083,-0.176796,C-06,0,0,0,1,1,0,-0.007012,-0.013601,0.6875,-0.0423,0.2658,2,ok
0,139,0.290890,-1.638177,-0.012136,-0.015677,-0.012136,3.129825,0.200020,0.137160,0.097917,-0.039243,C-06,0,0,0,1,1,0,-0.008239,-0.018903,0.7292,-0.0348,0.2681,2,ok
0,140,0.310889,-1.638554,-0.002505,-0.016054,-0.002505,3.149825,0.200035,0.139782,0.139782,0.000000,,0,0,0,1,1,0,-0.008112,-0.018261,0.8125,-0.0402,0.2670,2,ok
0,141,0.330889,-1.638902,0.003940,-0.016402,0.003940,3.169825,0.200021,0.087470,0.087470,0.000000,,0,0,0,1,1,0,-0.007463,-0.005917,0.7917,-0.0327,0.2679,2,ok
0,142,0.354889,-1.639173,0.011561,-0.016673,0.011561,3.193824,0.199993,0.090372,0.090372,0.000000,,0,0,0,1,1,0,-0.007246,0.000752,0.7500,-0.0221,0.2682,2,ok
0,143,0.374887,-1.639062,0.014041,-0.016562,0.014041,3.213822,0.199986,0.030541,0.030541,0.000000,,0,0,0,1,1,0,-0.006072,0.006932,0.7708,-0.0417,0.2665,2,ok
0,144,0.398884,-1.638758,0.013769,-0.016258,0.013769,3.236535,0.199998,-0.005651,-0.005651,0.000000,,0,0,0,1,1,0,-0.005780,0.010307,0.7292,-0.0325,0.2680,2,ok
0,145,0.422884,-1.638445,0.001575,-0.015945,0.001575,3.261819,0.200016,-0.248999,-0.155651,0.093348,C-06,0,0,0,1,1,0,-0.005131,0.012958,0.7292,-0.0437,0.2667,2,ok
0,146,0.442883,-1.638184,-0.012319,-0.015684,-0.012319,3.281819,0.200004,-0.199305,-0.199305,0.000000,,0,0,0,1,1,0,-0.006178,0.002023,0.6875,-0.0427,0.2674,2,ok
0,147,0.466880,-1.638277,-0.017212,-0.015777,-0.017212,3.305816,0.199976,0.124284,-0.049305,-0.173589,C-06,0,0,0,1,1,0,-0.006107,-0.003985,0.6875,-0.0483,0.2661,2,ok
0,148,0.490878,-1.638658,-0.009823,-0.016158,-0.009823,3.329813,0.200017,0.102796,0.100695,-0.002101,C-06,0,0,0,1,1,0,-0.008222,-0.018744,0.7292,-0.0401,0.2665,2,ok
0,149,0.510878,-1.638989,0.000422,-0.016489,0.000422,3.349813,0.200027,0.149263,0.149263,0.000000,,0,0,0,1,1,0,-0.008120,-0.018434,0.7917,-0.0474,0.2664,2,ok
0,150,0.530877,-1.639215,0.005638,-0.016715,0.005638,3.369813,0.200005,0.067254,0.067254,0.000000,,0,0,0,1,1,0,-0.007824,-0.002887,0.7708,-0.0253,0.2672,2,ok
0,151,0.554876,-1.639395,0.012636,-0.016895,0.012636,3.393812,0.199988,0.083858,0.083858,0.000000,,0,0,0,1,1,0,-0.006577,0.000979,0.7500,-0.0440,0.2661,2,ok
0,152,0.574874,-1.639271,0.015256,-0.016771,0.015256,3.413810,0.199984,0.033848,0.033848,0.000000,,0,0,0,1,1,0,-0.006051,0.008603,0.7708,-0.0454,0.2664,2,ok
0,153,0.598872,-1.638954,0.014656,-0.016454,0.014656,3.436735,0.199997,-0.009293,-0.009293,0.000000,,0,0,0,1,1,0,-0.005002,0.010348,0.7292,-0.0579,0.2663,2,ok
0,154,0.622871,-1.638631,0.002160,-0.016131,0.002160,3.461806,0.200017,-0.255266,-0.159293,0.095973,C-06,0,0,0,1,1,0,-0.005252,0.012949,0.7292,-0.0415,0.2684,2,ok
0,155,0.642870,-1.638362,-0.012824,-0.015862,-0.012824,3.481806,0.200004,-0.216762,-0.216762,0.000000,,0,0,0,1,1,0,-0.006134,0.002124,0.7083,-0.0434,0.2669,2,ok
0,156,0.666867,-1.638400,-0.019184,-0.015900,-0.019184,3.505802,0.199967,0.127372,-0.066762,-0.194134,C-06,0,0,0,1,1,0,-0.007553,-0.011978,0.6875,-0.0418,0.2665,2,ok
0,157,0.690864,-1.638849,-0.012927,-0.016349,-0.012927,3.529799,0.200020,0.132846,0.083238,-0.049609,C-06,0,0,0,1,1,0,-0.008774,-0.019663,0.7292,-0.0360,0.2675,2,ok
0,158,0.710863,-1.639236,-0.002684,-0.016736,-0.002684,3.549798,0.200036,0.150657,0.150657,0.000000,,0,0,0,1,1,0,-0.009120,-0.018985,0.8125,-0.0310,0.2671,2,ok
0,159,0.730863,-1.639551,0.003016,-0.017051,0.003016,3.569798,0.200017,0.075312,0.075312,0.000000,,0,0,0,1,1,0,-0.008029,-0.006189,0.7917,-0.0370,0.2669,2,ok
0,160,0.754862,-1.639832,0.010796,-0.017332,0.010796,3.593798,0.199997,0.093190,0.093190,0.000000,,0,0,0,1,1,0,-0.007685,0.001358,0.7500,-0.0267,0.2683,2,ok
0,161,0.774861,-1.639759,0.013716,-0.017259,0.013716,3.613796,0.199985,0.037710,0.037710,0.000000,,0,0,0,1,1,0,-0.006423,0.002883,0.7708,-0.0509,0.2669,2,ok
0,162,0.798858,-1.639511,0.015454,-0.017011,0.015454,3.636935,0.199989,0.019441,0.019441,0.000000,,0,0,0,1,1,0,-0.006447,0.009271,0.7083,-0.0369,0.2661,2,ok
0,163,0.822857,-1.639199,0.005383,-0.016699,0.005383,3.661792,0.200014,-0.176873,-0.130559,0.046314,C-06,0,0,0,1,1,0,-0.006042,0.013865,0.7083,-0.0331,0.2651,2,ok
0,164,0.842856,-1.638937,-0.009259,-0.016437,-0.009259,3.681792,0.200010,-0.213091,-0.213091,0.000000,,0,0,0,1,1,0,-0.006598,0.007562,0.6875,-0.0386,0.2663,2,ok
0,165,0.866854,-1.638909,-0.015325,-0.016409,-0.015325,3.705790,0.199978,0.120361,-0.063091,-0.183451,C-06,0,0,0,1,1,0,-0.007366,-0.007956,0.6458,-0.0491,0.2652,2,ok
0,166,0.890852,-1.639257,-0.008960,-0.016757,-0.008960,3.729788,0.200015,0.097222,0.086909,-0.010313,C-06,0,0,0,1,1,0,-0.008171,-0.016912,0.7083,-0.0536,0.2668,2,ok
0,167,0.910852,-1.639564,-0.000841,-0.017064,-0.000841,3.749788,0.200023,0.117519,0.117519,0.000000,,0,0,0,1,1,0,-0.008934,-0.012455,0.7500,-0.0347,0.2646,2,ok
0,168,0.930852,-1.639833,0.004551,-0.017333,0.004551,3.769788,0.200010,0.072672,0.072672,0.000000,,0,0,0,1,1,0,-0.008193,-0.004277,0.7292,-0.0378,0.2659,2,ok
0,169,0.954851,-1.640082,0.013638,-0.017582,0.013638,3.793787,0.199992,0.110204,0.110204,0.000000,,0,0,0,1,1,0,-0.005666,0.001330,0.7292,-0.1005,0.2681,2,ok
0,170,0.974848,-1.640059,0.018679,-0.017559,0.018679,3.813784,0.199968,0.069089,0.069089,0.000000,,0,0,0,1,1,0,-0.004391,0.008184,0.7500,-0.1247,0.2708,2,ok
0,171,0.998844,-1.639655,0.019688,-0.017155,0.019688,3.837235,0.199993,0.008503,0.008503,0.000000,,0,0,0,1,1,0,-0.003794,0.015266,0.7083,-0.1261,0.2699,2,ok
0,172,1.022841,-1.639224,0.008738,-0.016724,0.008738,3.861777,0.200024,-0.257488,-0.141497,0.115991,C-06,0,0,0,1,1,0,-0.001963,0.016477,0.6875,-0.1752,0.2706,2,ok
0,173,1.042841,-1.638865,-0.010867,-0.016365,-0.010867,3.881776,0.200023,-0.291861,-0.291497,0.000363,C-06,0,0,0,1,1,0,-0.002990,0.008446,0.6458,-0.1725,0.2701,2,ok
0,174,1.066837,-1.638577,-0.023511,-0.016077,-0.023511,3.905772,0.199951,0.145331,-0.141497,-0.286828,C-06,0,0,0,1,1,0,-0.001799,-0.008276,0.6458,-0.2607,0.2670,2,ok
0,175,1.090830,-1.639119,-0.023433,-0.016619,-0.023433,3.929766,0.200003,0.082126,0.008503,-0.073624,C-06,0,0,0,1,1,0,-0.003065,-0.015569,0.6667,-0.2613,0.2647,2,ok
0,176,1.110827,-1.639599,-0.013303,-0.017099,-0.013303,3.949762,0.200038,0.190109,0.158503,-0.031606,C-06,0,0,0,1,1,0,-0.006926,-0.020465,0.7500,-0.2537,0.2653,2,ok
0,177,1.130825,-1.640069,-0.008333,-0.017569,-0.008333,3.969761,0.200041,0.064112,0.064112,0.000000,,0,0,0,1,1,0,-0.007099,-0.010890,0.7500,-0.2647,0.2649,2,ok
0,178,1.154825,-1.640556,-0.002237,-0.018056,-0.002237,3.993761,0.200031,0.072578,0.072578,0.000000,,0,0,0,1,1,0,-0.008040,0.004193,0.7292,-0.2485,0.2623,2,ok
0,179,1.174825,-1.640781,0.001375,-0.018281,0.001375,4.013761,0.200009,0.049917,0.049917,0.000000,,0,0,0,1,1,0,-0.009505,0.012437,0.7292,-0.2174,0.2643,2,ok
0,180,1.198825,-1.640783,-0.000263,-0.018283,-0.000263,4.037435,0.200000,-0.023740,-0.023740,0.000000,,0,0,0,1,1,0,-0.010954,0.025094,0.7083,-0.1823,0.2659,2,ok
0,181,1.222825,-1.640772,-0.007673,-0.018272,-0.007673,4.061760,0.199995,-0.091845,-0.091845,0.000000,,0,0,0,1,1,0,-0.012899,0.032875,0.7083,-0.1478,0.2656,2,ok
0,182,1.242824,-1.640923,-0.006606,-0.018423,-0.006606,4.081760,0.200002,0.023446,0.023446,0.000000,,0,0,0,1,1,0,-0.013664,0.034327,0.6458,-0.1552,0.2654,2,ok
0,183,1.266824,-1.641118,-0.004861,-0.018618,-0.004861,4.105759,0.200004,0.020449,0.020449,0.000000,,0,0,0,1,1,0,-0.013574,0.036294,0.6458,-0.1632,0.2657,2,ok
0,184,1.290823,-1.641289,-0.011695,-0.018789,-0.011695,4.129759,0.199992,-0.086501,-0.086501,0.000000,,0,0,0,1,1,0,-0.016311,0.047165,0.6667,-0.0778,0.2708,2,ok
0,185,1.310821,-1.641431,-0.018234,-0.018931,-0.016177,4.149756,0.199973,-0.093829,-0.093829,0.000000,,0,0,0,1,1,0,-0.015001,0.046268,0.7500,-0.1117,0.2645,2,ok
0,186,1.330817,-1.641675,-0.020987,-0.019175,-0.018930,4.169752,0.199975,-0.034669,-0.034669,0.000000,,0,0,0,1,1,0,-0.014822,0.041668,0.7708,-0.1152,0.2666,2,ok
0,187,1.354811,-1.642142,-0.021793,-0.019642,-0.015604,4.193747,0.199993,-0.007832,-0.007832,0.000000,,0,0,0,1,1,0,-0.016350,0.040875,0.7083,-0.0931,0.2640,2,ok
0,188,1.374806,-1.642550,-0.022340,-0.020050,-0.016150,4.213742,0.199993,-0.007843,-0.007843,0.000000,,0,0,0,1,1,0,-0.016000,0.039673,0.7292,-0.0825,0.2650,2,ok
0,189,1.398800,-1.643050,-0.023173,-0.020550,-0.016984,4.237135,0.199991,-0.010096,-0.010096,0.000000,,0,0,0,1,1,0,-0.017456,0.040912,0.7292,-0.0313,0.2659,2,ok
0,190,1.422790,-1.643557,-0.035561,-0.020803,-0.021525,4.261941,0.199922,-0.167290,-0.160096,0.007195,C-06,0,0,0,1,1,0,-0.017651,0.048933,0.6875,0.0123,0.2677,2,ok
0,191,1.442776,-1.644065,-0.040278,-0.021105,-0.026242,4.281931,0.199916,-0.061426,-0.061426,0.000000,,0,0,0,1,1,0,-0.018930,0.042152,0.6875,0.0274,0.2665,2,ok
0,192,1.466756,-1.645005,-0.039132,-0.021588,-0.015696,4.306145,0.200006,0.019371,0.019371,0.000000,,0,0,0,1,1,0,-0.019567,0.042456,0.6458,0.0480,0.2697,2,ok
0,193,1.490736,-1.645964,-0.043102,-0.022052,-0.019665,4.330139,0.199976,-0.053368,-0.053368,0.000000,,0,0,0,1,1,0,-0.018488,0.037480,0.6875,0.0516,0.2667,2,ok
0,194,1.510718,-1.646827,-0.043126,-0.022200,-0.008296,4.350549,0.200002,0.003069,0.003069,0.000000,,0,0,0,1,1,0,-0.016089,0.034332,0.7500,0.0089,0.2642,2,ok
0,195,1.530700,-1.647693,-0.041162,-0.022282,-0.006332,4.370550,0.200017,0.030758,0.030758,0.000000,,0,0,0,1,1,0,-0.015534,0.031421,0.7500,0.0180,0.2646,2,ok
0,196,1.554682,-1.648732,-0.034689,-0.022286,0.010745,4.394729,0.200065,0.081307,0.081307,0.000000,,0,0,0,1,1,0,-0.014176,0.032324,0.7292,-0.0045,0.2614,2,ok
0,197,1.574672,-1.649597,-0.030554,-0.022211,0.014880,4.414736,0.200087,0.057844,0.057844,0.000000,,0,0,0,1,1,0,-0.011804,0.039412,0.7083,-0.0240,0.2642,2,ok
0,198,1.598659,-1.650353,-0.035199,-0.021767,0.020653,4.438950,0.199973,-0.064844,-0.064844,0.000000,,0,0,0,1,1,0,-0.012142,0.037278,0.7083,0.0263,0.2658,2,ok
0,199,1.622637,-1.651092,-0.051885,-0.021139,0.003967,4.462931,0.199834,-0.302048,-0.214844,0.087204,C-06,0,0,0,1,1,0,-0.013323,0.042887,0.7083,0.0876,0.2708,2,ok
0,200,1.642603,-1.651707,-0.064256,-0.020617,-0.008404,4.480720,0.199691,-0.179226,-0.179226,0.000000,,0,0,0,1,1,0,-0.013542,0.024346,0.6667,0.0859,0.2689,2,ok
0,201,1.666550,-1.653112,-0.067452,-0.020489,-0.004928,4.507019,0.199926,0.099431,-0.029226,-0.128657,C-06,0,0,0,1,1,0,-0.014813,0.010958,0.6667,0.1146,0.2655,2,ok
0,202,1.690495,-1.654720,-0.067682,-0.020579,-0.005158,4.529718,0.199997,-0.000952,-0.000952,0.000000,,0,0,0,1,1,0,-0.015083,0.006205,0.7083,0.1143,0.2634,2,ok
0,203,1.710454,-1.656069,-0.060528,-0.020461,0.008259,4.551215,0.200084,0.116656,0.116656,0.000000,,0,0,0,1,1,0,-0.017051,0.003846,0.7917,0.1856,0.2674,2,ok
0,204,1.730420,-1.657418,-0.056213,-0.020355,0.012573,4.571227,0.200137,0.058714,0.058714,0.000000,,0,0,0,1,1,0,-0.015307,0.009284,0.7708,0.1808,0.2648,2,ok
0,205,1.754387,-1.659037,-0.047458,-0.020230,0.025535,4.595245,0.200226,0.109893,0.109893,0.000000,,0,0,0,1,1,0,-0.014963,0.013810,0.7708,0.2235,0.2655,2,ok
0,206,1.774367,-1.660190,-0.043193,-0.019930,0.029800,4.615256,0.200117,0.058489,0.058489,0.000000,,0,0,0,1,1,0,-0.013740,0.017329,0.7500,0.2272,0.2656,2,ok
0,207,1.798341,-1.661241,-0.049024,-0.019180,0.026875,4.639353,0.199950,-0.077522,-0.077522,0.000000,,0,0,0,1,1,0,-0.011891,0.016605,0.7083,0.2248,0.2678,2,ok
0,208,1.822302,-1.662280,-0.066692,-0.018342,0.009208,4.663321,0.199754,-0.260571,-0.227522,0.033049,C-06,0,0,0,1,1,0,-0.010510,0.011783,0.6875,0.2284,0.2680,2,ok
0,209,1.842253,-1.663361,-0.072450,-0.017860,0.004376,4.683291,0.199804,-0.017752,-0.077522,-0.059769,C-06,0,0,0,1,1,0,-0.011111,-0.008207,0.6875,0.2290,0.2672,2,ok
0,210,1.866194,-1.665085,-0.067356,-0.017713,0.009470,4.707293,0.200072,0.124564,0.072478,-0.052086,C-06,0,0,0,1,1,0,-0.012418,-0.024331,0.6667,0.2611,0.2668,2,ok
0,211,1.890143,-1.666830,-0.062704,-0.017587,0.014122,4.728784,0.200134,0.056123,0.056123,0.000000,,0,0,0,1,1,0,-0.011444,-0.025815,0.7083,0.2530,0.2675,2,ok
0,212,1.910108,-1.668285,-0.054974,-0.017486,0.021593,4.751320,0.200222,0.118312,0.118312,0.000000,,0,0,0,1,1,0,-0.009412,-0.025837,0.7708,0.2401,0.2662,2,ok
0,213,1.930081,-1.669710,-0.048008,-0.017353,0.028559,4.771344,0.200237,0.100456,0.100456,0.000000,,0,0,0,1,1,0,-0.007394,-0.025637,0.7708,0.2267,0.2648,2,ok
0,214,1.954056,-1.671019,-0.044583,-0.016802,0.029714,4.795340,0.200075,0.037936,0.037936,0.000000,,0,0,0,1,1,0,-0.007071,-0.025622,0.7292,0.2338,0.2653,2,ok
0,215,1.974036,-1.671953,-0.045242,-0.016188,0.029056,4.815332,0.200010,-0.013207,-0.013207,0.000000,,0,0,0,1,1,0,-0.005819,-0.025444,0.7083,0.2356,0.2644,2,ok
0,216,1.998004,-1.673063,-0.057706,-0.015501,0.013134,4.839221,0.199888,-0.166491,-0.163207,0.003285,C-06,0,0,0,1,1,0,-0.002604,-0.026564,0.6667,0.1359,0.2594,2,ok
0,217,2.021962,-1.674322,-0.061148,-0.015051,0.009692,4.863207,0.199921,-0.034593,-0.034593,0.000000,,0,0,0,1,1,0,-0.012030,-0.041038,0.6875,0.4065,0.2695,2,ok
0,218,2.041928,-1.675522,-0.054159,-0.014839,0.011712,4.883144,0.200067,0.159822,0.115407,-0.044415,C-06,0,0,0,1,1,0,-0.013181,-0.050126,0.6667,0.4433,0.2691,2,ok
0,219,2.065899,-1.676971,-0.042651,-0.014681,0.023220,4.907158,0.200178,0.141498,0.141498,0.000000,,0,0,0,1,1,0,-0.014419,-0.059451,0.6458,0.4988,0.2723,2,ok
0,220,2.089879,-1.678110,-0.039867,-0.014213,0.026003,4.930729,0.200051,0.028938,0.028938,0.000000,,0,0,0,1,1,0,-0.011138,-0.053378,0.7292,0.4681,0.2668,2,ok
0,221,2.109865,-1.679023,-0.034006,-0.013914,0.024928,4.951077,0.200090,0.088805,0.088805,0.000000,,0,0,0,1,1,0,-0.011599,-0.055414,0.7500,0.5520,0.2682,2,ok
0,222,2.129856,-1.679936,-0.027677,-0.013613,0.031256,4.971086,0.200130,0.091477,0.091477,0.000000,,0,0,0,1,1,0,-0.010034,-0.055426,0.7708,0.5365,0.2676,2,ok
0,223,2.153849,-1.680943,-0.020446,-0.013264,0.030038,4.994994,0.200107,0.086210,0.086210,0.000000,,0,0,0,1,1,0,-0.010185,-0.057921,0.7500,0.6002,0.2679,2,ok
0,224,2.173846,-1.681698,-0.012826,-0.012959,0.037658,5.015003,0.200115,0.110572,0.110572,0.000000,,0,0,0,1,1,0,-0.009671,-0.060614,0.7292,0.6181,0.2713,2,ok
0,225,2.197845,-1.682466,-0.003230,-0.012518,0.037330,5.038880,0.200076,0.113728,0.113728,0.000000,,0,0,0,1,1,0,-0.007475,-0.068300,0.7083,0.5764,0.2694,2,ok
0,226,2.221845,-1.682792,0.002007,-0.011819,0.042566,5.062872,0.200011,0.057980,0.057980,0.000000,,0,0,0,1,1,0,-0.008174,-0.073008,0.7083,0.6903,0.2712,2,ok
0,227,2.241845,-1.682803,0.003076,-0.010976,0.043636,5.082854,0.199999,0.011907,0.011907,0.000000,,0,0,0,1,1,0,-0.006638,-0.073745,0.6875,0.6718,0.2694,2,ok
0,228,2.265844,-1.682789,0.015887,-0.010243,0.043923,5.106693,0.199977,0.170212,0.161907,-0.008305,C-06,0,0,0,1,1,0,-0.005781,-0.100887,0.6667,0.6982,0.2691,2,ok
0,229,2.289837,-1.682774,0.032836,-0.009532,0.060872,5.130675,0.199897,0.205105,0.205105,0.000000,,0,0,0,1,1,0,-0.004795,-0.101554,0.7292,0.7296,0.2708,2,ok
0,230,2.309823,-1.682474,0.040440,-0.008823,0.053702,5.150542,0.199876,0.102778,0.102778,0.000000,,0,0,0,1,1,0,-0.001415,-0.093177,0.7708,0.7440,0.2677,2,ok
0,231,2.329803,-1.682047,0.048411,-0.008049,0.061674,5.170512,0.199829,0.117186,0.117186,0.000000,,0,0,0,1,1,0,-0.001187,-0.093141,0.7500,0.7763,0.2686,2,ok
0,232,2.353762,-1.681441,0.069306,-0.007153,0.065356,5.194320,0.199597,0.271099,0.267186,-0.003913,C-06,0,0,0,1,1,0,0.000018,-0.097168,0.7292,0.7942,0.2659,2,ok
0,233,2.373706,-1.680528,0.079467,-0.006279,0.075518,5.214266,0.199641,0.141649,0.141649,0.000000,,0,0,0,1,1,0,0.003479,-0.086927,0.7708,0.7537,0.2642,2,ok
0,234,2.397626,-1.678803,0.083507,-0.004600,0.079557,5.238189,0.199864,0.044452,0.044452,0.000000,,0,0,0,1,1,0,0.004099,-0.097299,0.7292,0.7958,0.2628,2,ok
0,235,2.421549,-1.676814,0.075939,-0.003071,0.052689,5.262061,0.200115,-0.142513,-0.105548,0.036966,C-06,0,0,0,1,1,0,0.007386,-0.116458,0.7083,0.7799,0.2627,2,ok
0,236,2.441490,-1.675294,0.078087,-0.001968,0.054837,5.282030,0.199961,0.235552,0.044452,-0.191100,C-06,0,0,0,1,1,0,0.007719,-0.134455,0.6875,0.7781,0.2605,2,ok
0,237,2.465403,-1.673487,0.092787,-0.000955,0.045952,5.305958,0.199722,0.419859,0.194452,-0.225406,C-06,0,0,0,1,1,0,0.009044,-0.155793,0.6458,0.7724,0.2613,2,ok
0,238,2.489278,-1.671679,0.111774,-0.000184,0.064939,5.329888,0.199341,0.241792,0.241792,0.000000,,0,0,0,1,1,0,0.013858,-0.174080,0.6875,0.6816,0.2626,2,ok
0,239,2.509131,-1.670173,0.131277,0.000367,0.059089,5.349797,0.198880,0.303239,0.303239,0.000000,,0,0,0,1,1,0,0.014891,-0.164720,0.7500,0.6766,0.2617,2,ok
0,240,2.528921,-1.668624,0.159471,0.000580,0.087283,5.369647,0.198133,0.553647,0.453239,-0.100408,C-06,0,0,0,1,1,0,0.016797,-0.162093,0.7708,0.6633,0.2649,2,ok
0,241,2.552561,-1.665934,0.186237,0.001670,0.114049,5.393415,0.198206,0.344698,0.344698,0.000000,,0,0,0,1,1,0,0.019087,-0.146572,0.7708,0.6485,0.2647,2,ok
0,242,2.572190,-1.662779,0.199089,0.003034,0.096438,5.413320,0.198845,0.098993,0.194698,0.095704,C-06,0,0,0,1,1,0,0.021598,-0.140389,0.7292,0.6398,0.2681,2,ok
0,243,2.595705,-1.658187,0.203080,0.005241,0.100428,5.437177,0.199713,0.034156,0.044698,0.010541,C-06,0,0,0,1,1,0,0.024355,-0.132802,0.7292,0.5839,0.2671,2,ok
0,244,2.619219,-1.653358,0.199877,0.007459,0.063805,5.461270,0.200119,-0.049608,-0.049608,0.000000,,0,0,0,1,1,0,0.023523,-0.153494,0.7292,0.6176,0.2635,2,ok
0,245,2.638811,-1.649387,0.205283,0.008883,0.069211,5.481210,0.199791,0.225859,0.100392,-0.125466,C-06,0,0,0,1,1,0,0.022556,-0.168908,0.7083,0.6223,0.2650,2,ok
0,246,2.662265,-1.644627,0.222874,0.010594,0.086803,5.505081,0.199081,0.634326,0.250392,-0.383934,C-06,0,0,0,1,1,0,0.022209,-0.176329,0.6875,0.6088,0.2642,2,ok
0,247,2.685597,-1.639868,0.251142,0.011366,0.075844,5.529357,0.197808,0.985571,0.400392,-0.585178,C-06,0,0,0,1,1,0,0.023765,-0.192211,0.6250,0.5857,0.2595,2,ok
0,248,2.704889,-1.635896,0.283141,0.011953,0.107843,5.549045,0.196291,0.853506,0.550392,-0.303113,C-06,0,0,0,1,1,0,0.022895,-0.168631,0.6667,0.6490,0.2575,2,ok
0,249,2.724021,-1.631196,0.307382,0.013057,0.090604,5.569192,0.197069,-0.036133,0.400392,0.436525,C-06,0,0,0,1,1,0,0.025029,-0.140857,0.7500,0.6279,0.2655,2,ok
0,250,2.746828,-1.624530,0.325393,0.014811,0.108615,5.592889,0.198070,-0.043965,0.250392,0.294358,C-06,0,0,0,1,1,0,0.028408,-0.127441,0.7708,0.5936,0.2630,2,ok
0,251,2.765756,-1.618351,0.331766,0.016900,0.114988,5.612690,0.199201,-0.017059,0.100392,0.117452,C-06,0,0,0,1,1,0,0.029839,-0.121456,0.7500,0.5861,0.2627,2,ok
0,252,2.788456,-1.610547,0.328975,0.018795,0.069149,5.637545,0.200173,-0.162723,-0.049608,0.113116,C-06,0,0,0,1,1,0,0.030430,-0.124055,0.7292,0.6079,0.2640,2,ok
0,253,2.811204,-1.602725,0.319431,0.020420,0.059604,5.661544,0.200731,-0.144666,-0.144666,0.000000,,0,0,0,1,1,0,0.031995,-0.147855,0.7292,0.5465,0.2643,2,ok
0,254,2.830238,-1.596207,0.303998,0.021410,0.002910,5.682577,0.201603,-0.277720,-0.277720,0.000000,,0,0,0,1,1,0,0.030582,-0.167883,0.7083,0.5482,0.2644,2,ok
0,255,2.853186,-1.588564,0.290278,0.021737,-0.010811,5.706763,0.201554,-0.190301,-0.190301,0.000000,,0,0,0,1,1,0,0.028034,-0.190669,0.7083,0.5556,0.2640,2,ok
0,256,2.876194,-1.581585,0.287071,0.021413,-0.014017,5.729455,0.200317,0.404290,-0.040301,-0.444591,C-06,0,0,0,1,1,0,0.024421,-0.215528,0.6875,0.5751,0.2599,2,ok
0,257,2.895361,-1.575918,0.292836,0.020224,-0.048637,5.751528,0.199694,0.610625,0.109699,-0.500926,C-06,0,0,0,1,1,0,0.021421,-0.248485,0.6875,0.5562,0.2617,2,ok
0,258,2.914470,-1.570258,0.307222,0.019110,-0.034250,5.771426,0.198908,0.327571,0.259699,-0.067872,C-06,0,0,0,1,1,0,0.020704,-0.254272,0.7917,0.5255,0.2625,2,ok
0,259,2.937272,-1.563465,0.327544,0.017399,-0.049965,5.795810,0.197739,0.295453,0.295453,0.000000,,0,0,0,1,1,0,0.018750,-0.250753,0.7917,0.5433,0.2645,2,ok
0,260,2.956178,-1.557331,0.336485,0.016093,-0.041024,5.815643,0.198848,-0.046473,0.145453,0.191926,C-06,0,0,0,1,1,0,0.016346,-0.241842,0.7917,0.5720,0.2648,2,ok
0,261,2.978828,-1.549431,0.336861,0.015041,-0.040648,5.837993,0.199986,-0.149046,-0.004547,0.144499,C-06,0,0,0,1,1,0,0.016086,-0.234322,0.7500,0.5589,0.2645,2,ok
0,262,3.001446,-1.541499,0.346026,0.013180,-0.065277,5.864003,0.199449,0.386886,0.145453,-0.241432,C-06,0,0,0,1,1,0,0.011513,-0.254250,0.7708,0.5652,0.2640,2,ok
0,263,3.020209,-1.534889,0.361957,0.011716,-0.049346,5.883842,0.198439,0.461555,0.295453,-0.166102,C-06,0,0,0,1,1,0,0.009357,-0.263766,0.7500,0.5625,0.2625,2,ok
0,264,3.042565,-1.526911,0.382720,0.009577,-0.061332,5.907829,0.197576,0.311240,0.311240,0.000000,,0,0,0,1,1,0,0.006934,-0.258105,0.7292,0.5850,0.2625,2,ok
0,265,3.064745,-1.518446,0.401020,0.007698,-0.043032,5.931496,0.197865,0.274622,0.274622,0.000000,,0,0,0,1,1,0,0.006685,-0.252121,0.7083,0.5609,0.2608,2,ok
0,266,3.083073,-1.511089,0.423376,0.006303,-0.052672,5.951419,0.196806,0.458710,0.424622,-0.034088,C-06,0,0,0,1,1,0,0.000252,-0.241691,0.6458,0.6521,0.2661,2,ok
0,267,3.101184,-1.503514,0.453475,0.004719,-0.022573,5.970987,0.195873,0.584800,0.574622,-0.010178,C-06,0,0,0,1,1,0,-0.000707,-0.231709,0.7292,0.6563,0.2702,2,ok
0,268,3.122610,-1.493550,0.480849,0.003734,0.004801,5.994595,0.197064,0.391710,0.424622,0.032912,C-06,0,0,0,1,1,0,0.001340,-0.206547,0.7708,0.6432,0.2615,2,ok
0,269,3.140257,-1.484650,0.498745,0.003097,-0.008396,6.014461,0.197747,0.338597,0.338597,0.000000,,0,0,0,1,1,0,0.002575,-0.192730,0.7708,0.6242,0.2629,2,ok
0,270,3.161261,-1.473365,0.510906,0.002748,0.003765,6.038301,0.198781,0.024774,0.188597,0.163824,C-06,0,0,0,1,1,0,0.004826,-0.186876,0.7500,0.5879,0.2636,2,ok
0,271,3.182142,-1.461768,0.520082,0.002466,-0.018070,6.062269,0.199067,0.148529,0.148529,0.000000,,0,0,0,1,1,0,0.004633,-0.179597,0.7500,0.5959,0.2647,2,ok
0,272,3.199428,-1.451880,0.534570,0.002071,-0.003581,6.082180,0.198609,0.467552,0.298529,-0.169023,C-06,0,0,0,1,1,0,0.014544,-0.189277,0.7083,0.2635,0.2448,2,ok
0,273,3.219985,-1.439834,0.549888,0.001846,0.011737,6.106005,0.198596,0.252907,0.252907,0.000000,,0,0,0,1,1,0,0.007004,-0.189990,0.7292,0.5105,0.2653,2,ok
0,274,3.240401,-1.427361,0.556626,0.001426,-0.011621,6.129979,0.199445,-0.265753,0.102907,0.368660,C-06,0,0,0,1,1,0,0.005049,-0.187308,0.7083,0.5686,0.2629,2,ok
0,275,3.257389,-1.416804,0.554818,0.001189,-0.013428,6.149978,0.200136,-0.356932,-0.047093,0.309839,C-06,0,0,0,1,1,0,0.005012,-0.192359,0.6875,0.5411,0.2641,2,ok
0,276,3.274400,-1.406246,0.552741,0.000672,-0.045139,6.170023,0.200228,-0.041457,-0.041457,0.000000,,0,0,0,1,1,0,0.005719,-0.221582,0.6667,0.4964,0.2632,2,ok
0,277,3.291400,-1.395745,0.557516,-0.000237,-0.040365,6.189984,0.199584,0.684359,0.108543,-0.575817,C-06,0,0,0,1,1,0,0.002699,-0.228730,0.7083,0.5159,0.2653,2,ok
0,278,3.311676,-1.383045,0.572168,-0.001176,-0.025713,6.213890,0.198774,0.456067,0.258543,-0.197524,C-06,0,0,0,1,1,0,0.001849,-0.232604,0.7917,0.4852,0.2640,2,ok
0,279,3.328391,-1.372295,0.591104,-0.002252,-0.035819,6.233700,0.198248,0.401051,0.401051,0.000000,,0,0,0,1,1,0,-0.000269,-0.234227,0.7500,0.5161,0.2631,2,ok
0,280,3.344909,-1.361257,0.606706,-0.003013,-0.020218,6.253552,0.198770,0.318196,0.318196,0.000000,,0,0,0,1,1,0,-0.001312,-0.219561,0.7917,0.5187,0.2651,2,ok
0,281,3.364450,-1.347563,0.632825,-0.003648,-0.023098,6.277310,0.198618,0.496183,0.468196,-0.027987,C-06,0,0,0,1,1,0,-0.004221,-0.204066,0.7708,0.5893,0.2672,2,ok
0,282,3.380477,-1.335755,0.649160,-0.004063,-0.006763,6.297214,0.199213,0.338670,0.338670,0.000000,,0,0,0,1,1,0,0.006503,-0.196001,0.7083,0.2513,0.2451,2,ok
0,283,3.399513,-1.321219,0.660144,-0.004151,0.004221,6.321164,0.199647,0.012557,0.188670,0.176112,C-06,0,0,0,1,1,0,-0.004658,-0.191428,0.7292,0.6243,0.2646,2,ok
0,284,3.415282,-1.308945,0.664612,-0.004584,-0.019933,6.341022,0.199849,0.090091,0.090091,0.000000,,0,0,0,1,1,0,-0.003563,-0.191644,0.7083,0.5883,0.2630,2,ok
0,285,3.430963,-1.296575,0.675118,-0.004919,-0.009427,6.360993,0.199699,0.340007,0.240091,-0.099916,C-06,0,0,0,1,1,0,-0.005806,-0.197284,0.6875,0.6402,0.2651,2,ok
0,286,3.449546,-1.281435,0.695827,-0.005204,-0.018202,6.384819,0.199859,0.608658,0.390091,-0.218567,C-06,0,0,0,1,1,0,-0.006694,-0.210473,0.6875,0.6535,0.2609,2,ok
0,287,3.464774,-1.268443,0.719588,-0.005335,0.005559,6.404835,0.200526,0.613118,0.540091,-0.073027,C-06,0,0,0,1,1,0,-0.007176,-0.202671,0.7292,0.6734,0.2624,2,ok
0,288,3.479779,-1.255109,0.739980,-0.005061,0.025951,6.424908,0.200975,0.436597,0.436597,0.000000,,0,0,0,1,1,0,-0.003496,-0.191171,0.7708,0.6168,0.2593,2,ok
0,289,3.497460,-1.238778,0.756502,-0.004840,0.013909,6.448830,0.200510,0.200047,0.286597,0.086550,C-06,0,0,0,1,1,0,-0.004800,-0.176373,0.8125,0.6919,0.2620,2,ok
0,290,3.511980,-1.224998,0.763397,-0.004494,0.020804,6.468845,0.200182,0.062960,0.136597,0.073637,C-06,0,0,0,1,1,0,-0.002292,-0.169104,0.8125,0.6803,0.2626,2,ok
0,291,3.526402,-1.211117,0.770958,-0.004197,-0.000447,6.488722,0.200141,0.160555,0.160555,0.000000,,0,0,0,1,1,0,-0.002893,-0.170027,0.7708,0.7068,0.2629,2,ok
0,292,3.543488,-1.194249,0.788548,-0.004097,0.017143,6.512731,0.199958,0.431056,0.310555,-0.120501,C-06,0,0,0,1,1,0,-0.002690,-0.179158,0.7917,0.7044,0.2648,2,ok
0,293,3.557498,-1.179995,0.800682,-0.003714,0.029277,6.532714,0.199787,0.247294,0.247294,0.000000,,0,0,0,1,1,0,-0.003755,-0.180649,0.7500,0.7702,0.2637,2,ok
0,294,3.571382,-1.165613,0.805894,-0.003532,0.004470,6.552616,0.199883,-0.308828,0.097294,0.406123,C-06,0,0,0,1,1,0,-0.002507,-0.178961,0.7500,0.7724,0.2689,2,ok
0,295,3.588018,-1.148308,0.803386,-0.003376,0.001961,6.576621,0.200056,-0.352179,-0.052706,0.299473,C-06,0,0,0,1,1,0,-0.002360,-0.182817,0.7083,0.7835,0.2590,2,ok
0,296,3.601917,-1.133922,0.801541,-0.003491,-0.029316,6.596522,0.200036,-0.037602,-0.037602,0.000000,,0,0,0,1,1,0,0.001500,-0.218921,0.6875,0.6680,0.2573,2,ok
0,297,3.618565,-1.116652,0.807459,-0.004091,-0.023399,6.620502,0.199855,0.674815,0.112398,-0.562417,C-06,0,0,0,1,1,0,-0.004086,-0.232465,0.6875,0.7638,0.2583,2,ok
0,298,3.632310,-1.102173,0.819341,-0.004437,-0.011517,6.640463,0.199475,0.440846,0.262398,-0.178449,C-06,0,0,0,1,1,0,-0.000690,-0.236775,0.8125,0.6597,0.2544,2,ok
0,299,3.645838,-1.087527,0.837015,-0.005071,-0.024036,6.660237,0.199227,0.390329,0.390329,0.000000,,0,0,0,1,1,0,-0.001218,-0.237126,0.8125,0.6640,0.2575,2,ok
0,300,3.661758,-1.069637,0.853904,-0.005534,-0.007147,6.684180,0.199717,0.302578,0.302578,0.000000,,0,0,0,1,1,0,-0.001885,-0.232241,0.7917,0.6884,0.2605,2,ok
0,301,3.674755,-1.054449,0.873773,-0.005700,-0.018781,6.704023,0.200096,0.537471,0.452578,-0.084893,C-06,0,0,0,1,1,0,-0.004572,-0.230677,0.7500,0.7731,0.2608,2,ok
0,302,3.687472,-1.038949,0.900538,-0.005808,0.007985,6.724072,0.200829,0.603814,0.602578,-0.001236,C-06,0,0,0,1,1,0,0.003821,-0.239394,0.7500,0.5317,0.2560,2,ok
0,303,3.702314,-1.019951,0.926139,-0.005362,0.033585,6.748176,0.201104,0.362127,0.452578,0.090451,C-06,0,0,0,1,1,0,0.000297,-0.238101,0.7500,0.6753,0.2633,2,ok
0,304,3.714357,-1.003875,0.940908,-0.005187,0.016017,6.768069,0.200913,0.134963,0.302578,0.167615,C-06,0,0,0,1,1,0,0.003611,-0.223686,0.7083,0.6299,0.2585,2,ok
0,305,3.726162,-0.987665,0.948696,-0.004874,0.023806,6.788119,0.200505,-0.021154,0.152578,0.173732,C-06,0,0,0,1,1,0,0.004731,-0.221174,0.6875,0.6121,0.2599,2,ok
0,306,3.740136,-0.968050,0.965402,-0.004441,0.007032,6.812063,0.201181,0.391342,0.302578,-0.088764,C-06,0,0,0,1,1,0,0.005930,-0.226414,0.7083,0.5594,0.2596,2,ok
0,307,3.751557,-0.951490,0.986625,-0.004222,0.028255,6.832178,0.201992,0.487323,0.452578,-0.034745,C-06,0,0,0,1,1,0,0.009528,-0.228041,0.7083,0.4643,0.2438,2,ok
0,308,3.762785,-0.934699,1.006351,-0.003712,0.047981,6.852371,0.202081,0.398645,0.398645,0.000000,,0,0,0,1,1,0,0.008616,-0.218857,0.7292,0.4733,0.2508,2,ok
0,309,3.775782,-0.914322,1.021676,-0.003146,0.025493,6.876415,0.201402,0.137658,0.248645,0.110988,C-06,0,0,0,1,1,0,0.007541,-0.206104,0.7917,0.5003,0.2533,2,ok
0,310,3.786291,-0.897231,1.027204,-0.002563,0.031022,6.896470,0.200569,0.063671,0.098645,0.034975,C-06,0,0,0,1,1,0,0.009261,-0.201403,0.8125,0.4659,0.2615,2,ok
0,311,3.798704,-0.876695,1.026057,-0.001922,-0.009306,6.920378,0.199878,-0.025396,-0.025396,0.000000,,0,0,0,1,1,0,0.009261,-0.201403,0.8125,0.4659,0.2615,2,ok
0,312,3.809068,-0.859563,1.031750,-0.001995,-0.003614,6.940400,0.200480,0.338459,0.124604,-0.213855,C-06,0,0,0,1,1,0,0.005008,-0.211849,0.7500,0.5260,0.2628,2,ok
0,313,3.819334,-0.842335,1.044988,-0.001934,0.009625,6.960455,0.201050,0.392839,0.274604,-0.118235,C-06,0,0,0,1,1,0,0.003821,-0.235839,0.7708,0.4736,0.2600,2,ok
0,314,3.831591,-0.821484,1.060664,-0.002422,-0.016034,6.984542,0.201691,0.255944,0.255944,0.000000,,0,0,0,1,1,0,0.001634,-0.233285,0.7500,0.4963,0.2628,2,ok
0,315,3.841543,-0.803980,1.071072,-0.002913,-0.005626,7.004672,0.201347,0.197814,0.197814,0.000000,,0,0,0,1,1,0,0.002097,-0.229600,0.7500,0.4655,0.2594,2,ok
0,316,3.851316,-0.786379,1.080918,-0.003200,0.004220,7.024802,0.201333,0.190287,0.190287,0.000000,,0,0,0,1,1,0,-0.000079,-0.230083,0.6667,0.4860,0.2587,2,ok
0,317,3.862866,-0.765110,1.097879,-0.004340,-0.019897,7.048838,0.202036,0.276981,0.276981,0.000000,,0,0,0,1,1,0,-0.000079,-0.230083,0.6667,0.4860,0.2587,2,ok
0,318,3.872286,-0.747210,1.119752,-0.005055,0.001976,7.069052,0.203018,0.434913,0.426981,-0.007932,C-06,0,0,0,1,1,0,-0.001835,-0.229564,0.7708,0.4398,0.2635,2,ok
0,319,3.881509,-0.729122,1.140359,-0.005861,-0.016820,7.089117,0.203076,0.382641,0.382641,0.000000,,0,0,0,1,1,0,-0.002203,-0.213365,0.7917,0.4324,0.2603,2,ok
0,320,3.891947,-0.707224,1.157665,-0.006753,0.000486,7.113359,0.202098,0.257847,0.257847,0.000000,,0,0,0,1,1,0,-0.000970,-0.197160,0.8125,0.3826,0.2639,2,ok
0,321,3.900425,-0.688843,1.174144,-0.007241,0.016965,7.133595,0.202540,0.305502,0.305502,0.000000,,0,0,0,1,1,0,-0.002163,-0.188447,0.7917,0.3995,0.2658,2,ok
0,322,3.908723,-0.670316,1.195942,-0.008113,0.001663,7.153637,0.203440,0.402610,0.402610,0.000000,,0,0,0,1,1,0,-0.003025,-0.182658,0.7917,0.4122,0.2634,2,ok
0,323,3.918026,-0.647904,1.213548,-0.008560,0.019269,7.177898,0.202133,0.220763,0.252610,0.031846,C-06,0,0,0,1,1,0,-0.002622,-0.183220,0.7708,0.4070,0.2634,2,ok
0,324,3.925220,-0.629144,1.219858,-0.008648,-0.008063,7.197721,0.200849,0.095655,0.102610,0.006955,C-06,0,0,0,1,1,0,-0.002467,-0.176438,0.7500,0.3952,0.2625,2,ok
0,325,3.933714,-0.606574,1.227852,-0.009047,-0.000069,7.221832,0.200983,0.118620,0.118620,0.000000,,0,0,0,1,1,0,-0.003870,-0.175881,0.7083,0.4051,0.2621,2,ok
0,326,3.940646,-0.587694,1.242386,-0.009217,0.014465,7.241944,0.201528,0.321876,0.268620,-0.053256,C-06,0,0,0,1,1,0,-0.003870,-0.175881,0.7083,0.4051,0.2621,2,ok
0,327,3.947571,-0.568693,1.265714,-0.010011,0.006911,7.261816,0.202869,0.731643,0.418620,-0.313023,C-06,0,0,0,1,1,0,-0.006251,-0.177183,0.7083,0.4158,0.2630,2,ok
0,328,3.955880,-0.545670,1.304874,-0.010971,0.046071,7.286274,0.204881,0.564890,0.564890,0.000000,,0,0,0,1,1,0,-0.005953,-0.163950,0.7292,0.4222,0.2615,2,ok
0,329,3.962152,-0.526306,1.330634,-0.011334,0.041907,7.306333,0.203364,0.106696,0.414890,0.308194,C-06,0,0,0,1,1,0,-0.002820,-0.139675,0.7917,0.3818,0.2641,2,ok
0,330,3.967594,-0.506840,1.347465,-0.011166,0.058738,7.326545,0.201999,-0.172615,0.264890,0.437504,C-06,0,0,0,1,1,0,-0.000880,-0.116590,0.8125,0.3667,0.2649,2,ok
0,331,3.973265,-0.483411,1.356603,-0.010121,0.067877,7.350629,0.200808,-0.011967,0.114890,0.126857,C-06,0,0,0,1,1,0,0.000817,-0.106522,0.7917,0.3504,0.2635,3,ok
0,332,3.977770,-0.463855,1.362644,-0.009566,0.045533,7.370413,0.200665,0.096657,0.096657,0.000000,,0,0,0,1,1,0,0.000048,-0.097497,0.7708,0.4082,0.2662,2,ok
0,333,3.982209,-0.444268,1.371980,-0.008949,0.054868,7.390487,0.201002,0.153727,0.153727,0.000000,,0,0,0,1,1,0,-0.000185,-0.100326,0.7708,0.4268,0.2690,2,ok
0,334,3.987193,-0.420726,1.378036,-0.008153,0.035140,7.414301,0.200498,0.076359,0.076359,0.000000,,0,0,0,1,1,0,0.000155,-0.106178,0.7500,0.4482,0.2721,2,ok
0,335,3.991256,-0.401074,1.391211,-0.007721,0.048315,7.434364,0.200903,0.223077,0.223077,0.000000,,0,0,0,1,1,0,-0.000270,-0.108943,0.7292,0.4750,0.2707,2,ok
0,336,3.995299,-0.381375,1.403042,-0.007260,0.060146,7.454469,0.201155,0.184208,0.184208,0.000000,,0,0,0,1,1,0,0.001575,-0.111867,0.7500,0.4502,0.2678,2,ok
0,337,3.999497,-0.357701,1.407692,-0.006560,0.039180,7.478330,0.200301,0.052119,0.052119,0.000000,,0,0,0,1,1,0,0.001829,-0.119262,0.6458,0.4789,0.2693,2,ok
0,338,4.002881,-0.337962,1.410766,-0.005927,0.042255,7.498348,0.200272,0.047970,0.047970,0.000000,,0,0,0,1,1,0,0.000480,-0.120827,0.7708,0.5228,0.2673,2,ok
0,339,4.006813,-0.314263,1.413294,-0.005312,0.019872,7.522233,0.200179,0.032121,0.032121,0.000000,,0,0,0,1,1,0,0.000724,-0.120429,0.8750,0.5072,0.2636,2,ok
0,340,4.010060,-0.294502,1.419371,-0.005005,0.025948,7.542257,0.200349,0.100222,0.100222,0.000000,,0,0,0,1,1,0,0.002811,-0.127550,0.7917,0.4545,0.2603,2,ok
0,341,4.013280,-0.274724,1.424092,-0.004669,0.030670,7.562293,0.200387,0.071592,0.071592,0.000000,,0,0,0,1,1,0,-0.000751,-0.128771,0.7500,0.5575,0.2623,2,ok
0,342,4.017058,-0.250971,1.430484,-0.004756,0.013195,7.586226,0.200440,0.083521,0.083521,0.000000,,0,0,0,1,1,0,-0.000908,-0.130106,0.7708,0.5605,0.2651,2,ok
0,343,4.020146,-0.231154,1.440915,-0.004792,0.023627,7.606282,0.200689,0.169685,0.169685,0.000000,,0,0,0,1,1,0,0.000706,-0.141687,0.7917,0.5118,0.2622,2,ok
0,344,4.023055,-0.211313,1.448062,-0.004874,0.006641,7.626222,0.200506,0.104362,0.104362,0.000000,,0,0,0,1,1,0,-0.001532,-0.145498,0.7500,0.5880,0.2625,2,ok
0,345,4.026369,-0.187481,1.456494,-0.005093,0.015073,7.650281,0.200496,0.107611,0.107611,0.000000,,0,0,0,1,1,0,-0.002251,-0.148037,0.7083,0.6213,0.2674,2,ok
0,346,4.028696,-0.167614,1.454439,-0.004844,0.013018,7.669568,0.199979,-0.235609,-0.042389,0.193220,C-06,0,0,0,1,1,0,0.000393,-0.154391,0.7292,0.5480,0.2639,2,ok
0,347,4.030997,-0.147752,1.451965,-0.005044,-0.014156,7.690166,0.199921,-0.037435,-0.037435,0.000000,,0,0,0,1,1,0,0.002538,-0.172195,0.6875,0.5144,0.2589,2,ok
0,348,4.033841,-0.123910,1.460208,-0.005349,-0.005913,7.714174,0.200181,0.224810,0.112565,-0.112244,C-06,0,0,0,1,1,0,0.001874,-0.188638,0.7500,0.4952,0.2574,2,ok
0,349,4.036215,-0.104016,1.476681,-0.005898,-0.013611,7.734062,0.200506,0.265568,0.262565,-0.003003,C-06,0,0,0,1,1,0,-0.004079,-0.191256,0.8125,0.6263,0.2646,2,ok
0,350,4.038588,-0.084084,1.502311,-0.006655,0.012019,7.754121,0.200918,0.395232,0.395232,0.000000,,0,0,0,1,1,0,0.000091,-0.186624,0.8333,0.5268,0.2616,2,ok
0,351,4.041152,-0.060124,1.523184,-0.007276,0.032893,7.775739,0.200722,0.194541,0.245232,0.050690,C-06,0,0,0,1,1,0,-0.003388,-0.173285,0.7917,0.6296,0.2648,2,ok
0,352,4.043051,-0.040139,1.543655,-0.008143,0.027927,7.798078,0.200734,0.300736,0.300736,0.000000,,0,0,0,1,1,0,-0.000117,-0.156697,0.7708,0.5646,0.2621,2,ok
0,353,4.044907,-0.016142,1.568848,-0.008685,0.053121,7.822140,0.200441,0.299438,0.299438,0.000000,,0,0,0,1,1,0,-0.000735,-0.160820,0.7708,0.6084,0.2654,2,ok
0,354,4.045505,0.003858,1.580172,-0.008490,0.038392,7.841954,0.200044,-0.145929,0.149438,0.295367,C-06,0,0,0,1,1,0,0.000515,-0.158017,0.7500,0.5853,0.2655,2,ok
0,355,4.045352,0.023857,1.580978,-0.007698,0.039197,7.861937,0.200000,-0.231267,-0.000562,0.230705,C-06,0,0,0,1,1,0,0.001266,-0.155958,0.7500,0.5949,0.2636,2,ok
0,356,4.045107,0.047856,1.569189,-0.006800,-0.000178,7.885714,0.200010,-0.269314,-0.150562,0.118751,C-06,0,0,0,1,1,0,0.001414,-0.155781,0.6875,0.5998,0.2658,2,ok
0,357,4.045103,0.067856,1.567685,-0.006758,-0.001682,7.905714,0.199999,-0.010004,-0.010004,0.000000,,0,0,0,1,1,0,-0.001683,-0.194396,0.7083,0.6335,0.2643,2,ok
0,358,4.045123,0.087856,1.576508,-0.006742,0.007141,7.925714,0.199997,0.284440,0.139996,-0.144444,C-06,0,0,0,1,1,0,-0.005620,-0.206530,0.7500,0.6927,0.2646,2,ok
0,359,4.045148,0.111852,1.599797,-0.007089,0.000768,7.949530,0.199922,0.482233,0.289996,-0.192238,C-06,0,0,0,1,1,0,-0.003501,-0.208967,0.8125,0.6157,0.2616,2,ok
0,360,4.045169,0.131833,1.629007,-0.007593,0.029978,7.969504,0.199680,0.610277,0.439996,-0.170282,C-06,0,0,0,1,1,0,-0.006587,-0.201522,0.7917,0.7036,0.2626,2,ok
0,361,4.045186,0.151779,1.658958,-0.008093,0.059929,7.989261,0.199252,0.444697,0.444697,0.000000,,0,0,0,1,1,0,-0.006294,-0.180345,0.7708,0.7361,0.2656,2,ok
0,362,4.044854,0.175636,1.699682,-0.009126,0.067804,8.013015,0.198492,0.519482,0.519482,0.000000,,0,0,0,1,1,0,-0.004275,-0.169194,0.8125,0.7083,0.2654,2,ok
0,363,4.043398,0.195436,1.724275,-0.008803,0.092397,8.032866,0.198447,0.109849,0.369482,0.259633,C-06,0,0,0,1,1,0,-0.004030,-0.145084,0.7708,0.7638,0.2694,2,ok
0,364,4.040992,0.215177,1.738976,-0.007857,0.073630,8.052431,0.198883,-0.071637,0.219482,0.291119,C-06,0,0,0,1,1,0,-0.003088,-0.130092,0.7708,0.7957,0.2718,2,ok
0,365,4.037771,0.238798,1.758730,-0.006859,0.093385,8.076249,0.198552,0.264461,0.264461,0.000000,,0,0,0,1,1,0,0.001776,-0.126129,0.7292,0.7202,0.2682,2,ok
0,366,4.034876,0.258399,1.783655,-0.005809,0.118309,8.096035,0.197680,0.455178,0.414461,-0.040717,C-06,0,0,0,1,1,0,0.000273,-0.119382,0.7292,0.8178,0.2714,2,ok
0,367,4.030594,0.281804,1.803796,-0.004569,0.103810,8.119577,0.198287,0.210169,0.264461,0.054292,C-06,0,0,0,1,1,0,0.000900,-0.122981,0.6875,0.8335,0.2746,2,ok
0,368,4.026508,0.301232,1.816996,-0.003081,0.117010,8.139375,0.198536,0.214191,0.214191,0.000000,,0,0,0,1,1,0,0.003412,-0.113505,0.7708,0.8418,0.2744,2,ok
0,369,4.021808,0.320616,1.821513,-0.001197,0.086842,8.159174,0.199536,-0.075862,0.064191,0.140053,C-06,0,0,0,1,1,0,0.006282,-0.103735,0.7917,0.8404,0.2694,2,ok
0,370,4.015861,0.343871,1.819260,0.000839,0.084590,8.183091,0.200115,-0.037304,-0.037304,0.000000,,0,0,0,1,1,0,0.008755,-0.112097,0.7917,0.8438,0.2680,2,ok
0,371,4.010942,0.363244,1.825241,0.002500,0.090571,8.203009,0.199721,0.231169,0.112696,-0.118473,C-06,0,0,0,1,1,0,0.008275,-0.122592,0.8333,0.8815,0.2679,2,ok
0,372,4.006027,0.382564,1.840239,0.003648,0.072345,8.222999,0.198994,0.301788,0.262696,-0.039092,C-06,0,0,0,1,1,0,0.007897,-0.131904,0.7708,0.9196,0.2669,2,ok
0,373,4.000130,0.405607,1.868746,0.004912,0.100852,8.246751,0.197479,0.437676,0.412696,-0.024979,C-06,0,0,0,1,1,0,0.006807,-0.131572,0.8125,0.9645,0.2715,2,ok
0,374,3.994820,0.424676,1.884770,0.006185,0.083962,8.266700,0.198002,-0.033164,0.262696,0.295860,C-06,0,0,0,1,1,0,0.011114,-0.138935,0.7708,1.0022,0.2693,2,ok
0,375,3.988891,0.443674,1.891985,0.007615,0.091177,8.286550,0.199111,-0.326464,0.112696,0.439160,C-06,0,0,0,1,1,0,0.013161,-0.134851,0.7708,1.0057,0.2725,2,ok
0,376,3.981325,0.466453,1.889851,0.009775,0.089042,8.310455,0.200131,-0.436094,-0.037304,0.398790,C-06,0,0,0,1,1,0,0.017124,-0.143164,0.7292,0.9598,0.2643,2,ok
0,377,3.975051,0.485428,1.895592,0.011081,0.061108,8.330692,0.199666,1.000000,0.112696,-0.887304,C-06,0,0,0,1,1,0,0.015791,-0.159249,0.7083,1.0165,0.2659,2,ok
0,378,3.968781,0.504339,1.909869,0.012284,0.075384,8.350579,0.198814,1.000000,0.262696,-0.737304,C-06,0,0,0,1,1,0,0.015791,-0.159249,0.7083,1.0165,0.2659,2,ok
0,379,3.961257,0.526865,1.937011,0.013552,0.066851,8.374789,0.197070,1.000000,0.412696,-0.587304,C-06,0,0,0,1,1,0,0.016152,-0.185148,0.7708,1.0845,0.2692,2,ok
0,380,3.954560,0.545481,1.952365,0.014510,0.082205,8.394550,0.197941,0.110031,0.262696,0.152666,C-06,0,0,0,1,1,0,0.019116,-0.176983,0.8542,1.1069,0.2678,2,ok
0,381,3.945843,0.567716,1.960441,0.016342,0.090280,8.418363,0.199102,0.093969,0.112696,0.018727,C-06,0,0,0,1,1,0,0.020831,-0.174436,0.8333,1.0883,0.2691,2,ok
0,382,3.938414,0.586195,1.966244,0.017479,0.058659,8.438863,0.199166,0.104899,0.104899,0.000000,,0,0,0,1,1,0,0.022706,-0.187292,0.8125,1.1053,0.2725,2,ok
0,383,3.930837,0.604604,1.979277,0.018606,0.071692,8.458738,0.198651,0.249790,0.249790,0.000000,,0,0,0,1,1,0,0.023751,-0.210292,0.7500,1.0960,0.2685,2,ok
0,384,3.921705,0.626536,1.998816,0.019857,0.050617,8.483289,0.197695,0.303769,0.303769,0.000000,,0,0,0,1,1,0,0.022816,-0.220463,0.7917,1.1524,0.2691,2,ok
0,385,3.913843,0.644659,2.016483,0.020518,0.068283,8.503032,0.197539,0.332119,0.332119,0.000000,,0,0,0,1,1,0,0.021691,-0.222851,0.7917,1.2071,0.2646,2,ok
0,386,3.905549,0.662644,2.030464,0.021633,0.082265,8.522806,0.198111,0.259172,0.259172,0.000000,,0,0,0,1,1,0,0.026337,-0.223541,0.7500,1.1249,0.2664,2,ok
0,387,3.895250,0.684019,2.055703,0.022799,0.064734,8.547437,0.197193,0.659264,0.409172,-0.250092,C-06,0,0,0,1,1,0,0.027760,-0.227801,0.6875,1.1207,0.2627,2,ok
0,388,3.886359,0.701584,2.083794,0.023801,0.092825,8.567098,0.196468,1.000000,0.559172,-0.440828,C-06,0,0,0,1,1,0,0.027792,-0.232027,0.7292,1.1594,0.2644,2,ok
0,389,3.876983,0.718871,2.111879,0.025359,0.120909,8.586702,0.196822,0.555592,0.555592,0.000000,,0,0,0,1,1,0,0.031151,-0.219108,0.7917,1.1381,0.2600,2,ok
0,390,3.864886,0.739284,2.136679,0.027139,0.100195,8.611516,0.197929,0.374726,0.405592,0.030866,C-06,0,0,0,1,1,0,0.034746,-0.205150,0.8125,1.1096,0.2602,2,ok
0,391,3.854323,0.756080,2.152647,0.029091,0.116162,8.631261,0.198503,0.321757,0.321757,0.000000,,0,0,0,1,1,0,0.036988,-0.195176,0.8125,1.1096,0.2590,2,ok
0,392,3.843405,0.772737,2.161586,0.031079,0.077648,8.652537,0.199247,0.145274,0.171757,0.026483,C-06,0,0,0,1,1,0,0.041075,-0.194280,0.7917,1.0604,0.2563,2,ok
0,393,3.830103,0.792587,2.174008,0.032980,0.090070,8.676357,0.199135,0.217492,0.217492,0.000000,,0,0,0,1,1,0,0.041889,-0.196769,0.8125,1.0609,0.2579,2,ok
0,394,3.818823,0.808993,2.185426,0.034801,0.101489,8.696183,0.199136,0.240421,0.240421,0.000000,,0,0,0,1,1,0,0.047095,-0.231263,0.8125,0.9935,0.2508,2,ok
0,395,3.804995,0.828558,2.191161,0.036272,0.057406,8.721875,0.199694,0.084660,0.090421,0.005761,C-06,0,0,0,1,1,0,0.045203,-0.239605,0.7500,1.0588,0.2543,2,ok
0,396,3.793368,0.844842,2.188836,0.037445,0.055080,8.741850,0.200206,-0.231619,-0.059579,0.172040,C-06,0,0,0,1,1,0,0.045203,-0.239605,0.7500,1.0588,0.2543,2,ok
0,397,3.781779,0.861123,2.192621,0.038288,0.006778,8.763786,0.199699,0.325679,0.090421,-0.235258,C-06,0,0,0,1,1,0,0.051528,-0.272818,0.7500,0.9225,0.2478,2,ok
0,398,3.767775,0.880542,2.205789,0.038569,0.019946,8.787726,0.199313,0.388166,0.240421,-0.147745,C-06,0,0,0,1,1,0,0.052084,-0.314610,0.7083,0.8710,0.2417,2,ok
0,399,3.755925,0.896586,2.215239,0.039029,0.029396,8.807667,0.199504,0.198616,0.198616,0.000000,,0,0,0,1,1,0,0.048784,-0.319392,0.8125,0.8973,0.2518,2,ok
0,400,3.743877,0.912485,2.230834,0.038920,-0.008702,8.829715,0.199341,0.370715,0.348616,-0.022099,C-06,0,0,0,1,1,0,0.048610,-0.324204,0.8125,0.8885,0.2509,2,ok
0,401,3.729117,0.931357,2.242211,0.038848,0.002674,8.853674,0.199721,0.140090,0.198616,0.058526,C-06,0,0,0,1,1,0,0.048285,-0.327697,0.8125,0.8200,0.2484,2,ok
0,402,3.716607,0.946924,2.257514,0.038796,-0.036973,8.875845,0.199734,0.469267,0.348616,-0.120651,C-06,0,0,0,1,1,0,0.045440,-0.330104,0.7917,0.8063,0.2527,2,ok
0,403,3.703782,0.962259,2.279370,0.038262,-0.015116,8.895829,0.200143,0.823219,0.498616,-0.324603,C-06,0,0,0,1,1,0,0.044912,-0.343706,0.7917,0.7681,0.2535,2,ok
0,404,3.687980,0.980380,2.299362,0.038113,0.004876,8.919871,0.200555,0.356998,0.356998,0.000000,,0,0,0,1,1,0,0.044720,-0.340567,0.7708,0.7316,0.2540,2,ok
0,405,3.674582,0.995287,2.310165,0.037521,-0.040704,8.942034,0.200500,0.224724,0.224724,0.000000,,0,0,0,1,1,0,0.044319,-0.340192,0.7708,0.7067,0.2538,2,ok
0,406,3.661045,1.010066,2.318197,0.036766,-0.032672,8.962061,0.200390,0.167933,0.167933,0.000000,,0,0,0,1,1,0,0.045577,-0.339957,0.7708,0.6270,0.2544,2,ok
0,407,3.644582,1.027599,2.335824,0.035996,-0.071722,8.988159,0.200401,0.669495,0.317933,-0.351562,C-06,0,0,0,1,1,0,0.042585,-0.354844,0.7083,0.6007,0.2512,2,ok
0,408,3.630579,1.041906,2.357855,0.034765,-0.049691,9.008141,0.199989,0.579340,0.467933,-0.111407,C-06,0,0,0,1,1,0,0.035946,-0.354929,0.7708,0.6346,0.2600,2,ok
0,409,3.613433,1.058640,2.382139,0.033840,-0.025407,9.032081,0.199378,0.420337,0.420337,0.000000,,0,0,0,1,1,0,0.032143,-0.338607,0.8125,0.6685,0.2622,2,ok
0,410,3.598912,1.072300,2.397112,0.032756,-0.066943,9.053960,0.199245,0.311114,0.311114,0.000000,,0,0,0,1,1,0,0.034932,-0.322801,0.8333,0.5273,0.2538,2,ok
0,411,3.584196,1.085743,2.411892,0.031473,-0.052164,9.073851,0.199449,0.319937,0.319937,0.000000,,0,0,0,1,1,0,0.031789,-0.313004,0.7917,0.5317,0.2573,2,ok
0,412,3.566166,1.101523,2.436919,0.030441,-0.027137,9.097789,0.199910,0.514654,0.469937,-0.044717,C-06,0,0,0,1,1,0,0.027930,-0.309943,0.8125,0.5651,0.2586,2,ok
0,413,3.550795,1.114347,2.458139,0.028930,-0.061525,9.119431,0.200386,0.471807,0.471807,0.000000,,0,0,0,1,1,0,0.027062,-0.314317,0.7708,0.5364,0.2590,2,ok
0,414,3.535189,1.126919,2.473381,0.027779,-0.046282,9.139438,0.200479,0.277179,0.321807,0.044629,C-06,0,0,0,1,1,0,0.027370,-0.307268,0.7500,0.4916,0.2584,2,ok
0,415,3.516273,1.141752,2.483433,0.026214,-0.088123,9.164926,0.200330,0.153455,0.171807,0.018352,C-06,0,0,0,1,1,0,0.025942,-0.299848,0.7917,0.4603,0.2572,2,ok
0,416,3.500413,1.153981,2.489663,0.024377,-0.081894,9.184869,0.200286,0.131801,0.131801,0.000000,,0,0,0,1,1,0,0.021944,-0.296864,0.7708,0.4638,0.2575,2,ok
0,417,3.484443,1.166100,2.502221,0.022691,-0.069335,9.204846,0.200749,0.358748,0.281801,-0.076947,C-06,0,0,0,1,1,0,0.016741,-0.298608,0.6875,0.5055,0.2593,2,ok
0,418,3.465021,1.180392,2.525925,0.020113,-0.091392,9.229959,0.201512,0.427575,0.427575,0.000000,,0,0,0,1,1,0,0.016492,-0.297617,0.7292,0.4256,0.2555,2,ok
0,419,3.448544,1.192037,2.552736,0.018066,-0.064581,9.250031,0.202532,0.567464,0.567464,0.000000,,0,0,0,1,1,0,0.014134,-0.284583,0.8125,0.4300,0.2557,2,ok
0,420,3.431797,1.203343,2.573661,0.016327,-0.085086,9.270801,0.202136,0.402256,0.417464,0.015208,C-06,0,0,0,1,1,0,0.013434,-0.268216,0.8125,0.4142,0.2567,2,ok
0,421,3.411398,1.216539,2.600193,0.013926,-0.058554,9.294977,0.202628,0.447231,0.447231,0.000000,,0,0,0,1,1,0,0.011842,-0.257543,0.8333,0.4236,0.2604,2,ok
0,422,3.394122,1.227225,2.627698,0.012327,-0.031048,9.315228,0.203638,0.551494,0.551494,0.000000,,0,0,0,1,1,0,0.010913,-0.233481,0.8333,0.4165,0.2642,2,ok
0,423,3.373039,1.239569,2.659596,0.010485,-0.034571,9.339926,0.203742,0.514050,0.514050,0.000000,,0,0,0,1,1,0,0.010529,-0.218440,0.8333,0.4155,0.2608,2,ok
0,424,3.355225,1.249263,2.679336,0.009445,-0.014831,9.360179,0.202756,0.350482,0.364050,0.013569,C-06,0,0,0,1,1,0,0.010529,-0.218440,0.8333,0.4155,0.2608,2,ok
0,425,3.337269,1.258457,2.691321,0.008750,-0.032746,9.380642,0.201643,-0.058523,0.214050,0.272573,C-06,0,0,0,1,1,0,0.010843,-0.187533,0.7500,0.4031,0.2628,2,ok
0,426,3.315635,1.269000,2.695973,0.007788,-0.028093,9.404689,0.200490,-0.299343,0.064050,0.363394,C-06,0,0,0,1,1,0,0.009883,-0.174448,0.7292,0.4142,0.2647,2,ok
0,427,3.297602,1.277624,2.692058,0.007135,-0.032008,9.424668,0.199693,-0.331791,-0.085950,0.245842,C-06,0,0,0,1,1,0,0.007454,-0.175908,0.7500,0.4350,0.2638,2,ok
0,428,3.279587,1.286315,2.692999,0.006012,-0.058772,9.444816,0.200096,0.026838,0.026838,0.000000,,0,0,0,1,1,0,0.007757,-0.189331,0.7083,0.3873,0.2631,2,ok
0,429,3.257910,1.296724,2.703620,0.004575,-0.048151,9.468819,0.200773,0.227334,0.176838,-0.050496,C-06,0,0,0,1,1,0,0.004741,-0.199433,0.7500,0.3949,0.2621,2,ok
0,430,3.239731,1.305344,2.720452,0.003308,-0.057335,9.488988,0.201765,0.440892,0.326838,-0.114054,C-06,0,0,0,1,1,0,0.001731,-0.201311,0.8125,0.4212,0.2657,2,ok
0,431,3.221400,1.313956,2.740377,0.001787,-0.037409,9.509185,0.203076,0.369119,0.369119,0.000000,,0,0,0,1,1,0,0.001513,-0.191440,0.8333,0.3931,0.2658,2,ok
0,432,3.199211,1.323892,2.760959,0.000404,-0.016827,9.533457,0.202584,0.306875,0.306875,0.000000,,0,0,0,1,1,0,0.001312,-0.178400,0.7917,0.3952,0.2660,2,ok
0,433,3.180566,1.331933,2.782697,-0.000977,-0.019567,9.553724,0.203416,0.396971,0.396971,0.000000,,0,0,0,1,1,0,0.000439,-0.169991,0.7917,0.4076,0.2651,2,ok
0,434,3.161769,1.339641,2.803543,-0.002043,0.001279,9.574012,0.203149,0.366045,0.366045,0.000000,,0,0,0,1,1,0,0.002070,-0.155826,0.7500,0.3480,0.2631,2,ok
0,435,3.139064,1.348098,2.819112,-0.002722,-0.006104,9.598184,0.201810,-0.130305,0.216045,0.346350,C-06,0,0,0,1,1,0,0.002094,-0.141968,0.7708,0.3581,0.2613,2,ok
0,436,3.120079,1.354586,2.823538,-0.002970,-0.001679,9.618245,0.200537,-0.016071,0.066045,0.082116,C-06,0,0,0,1,1,0,0.003707,-0.134880,0.7083,0.3294,0.2626,2,ok
0,437,3.097299,1.362105,2.818463,-0.003014,-0.006754,9.641139,0.199714,-0.393504,-0.083955,0.309549,C-06,0,0,0,1,1,0,0.002897,-0.136511,0.7083,0.3348,0.2627,2,ok
0,438,3.078346,1.368361,2.814922,-0.003595,-0.033001,9.662107,0.199523,-0.059685,-0.059685,0.000000,,0,0,0,1,1,0,0.000944,-0.149728,0.7292,0.3447,0.2628,2,ok
0,439,3.059391,1.374773,2.819470,-0.004297,-0.028452,9.682105,0.200272,0.157495,0.090315,-0.067179,C-06,0,0,0,1,1,0,-0.000499,-0.151491,0.7917,0.3425,0.2650,2,ok
0,440,3.036569,1.382475,2.835392,-0.005348,-0.032906,9.706083,0.201164,0.269792,0.240315,-0.029476,C-06,0,0,0,1,1,0,-0.002966,-0.158917,0.8125,0.3413,0.2643,2,ok
0,441,3.017462,1.388888,2.848075,-0.006370,-0.020223,9.726212,0.201773,0.215336,0.215336,0.000000,,0,0,0,1,1,0,-0.003921,-0.150549,0.8125,0.3496,0.2643,2,ok
0,442,2.998274,1.395225,2.863737,-0.007297,-0.004561,9.746398,0.202222,0.270674,0.270674,0.000000,,0,0,0,1,1,0,-0.003227,-0.144878,0.8125,0.3324,0.2643,2,ok
0,443,2.975114,1.402666,2.889687,-0.008762,0.000162,9.770515,0.202999,0.368241,0.368241,0.000000,,0,0,0,1,1,0,-0.003941,-0.138904,0.8125,0.3419,0.2658,2,ok
0,444,2.955708,1.408236,2.904358,-0.009347,0.014832,9.790696,0.201785,0.232557,0.232557,0.000000,,0,0,0,1,1,0,-0.002480,-0.126893,0.8125,0.3191,0.2640,2,ok
0,445,2.936254,1.413162,2.910036,-0.009482,0.000722,9.810616,0.200599,0.059018,0.082557,0.023539,C-06,0,0,0,1,1,0,-0.003116,-0.113843,0.7708,0.3352,0.2622,2,ok
0,446,2.912865,1.418968,2.921401,-0.009688,0.012087,9.834714,0.201056,0.159965,0.159965,0.000000,,0,0,0,1,1,0,-0.003116,-0.113843,0.7708,0.3352,0.2622,2,ok
0,447,2.893344,1.423381,2.922659,-0.009518,-0.006293,9.854499,0.200068,-0.211794,0.009965,0.221758,C-06,0,0,0,1,1,0,-0.005042,-0.113069,0.7083,0.3732,0.2663,2,ok
0,448,2.873837,1.427726,2.914665,-0.009684,-0.014286,9.874483,0.199674,-0.251880,-0.140035,0.111845,C-06,0,0,0,1,1,0,-0.002414,-0.125420,0.7292,0.3179,0.2619,2,ok
0,449,2.850454,1.433127,2.914750,-0.010073,-0.014202,9.898479,0.200028,0.012395,0.009965,-0.002430,C-06,0,0,0,1,1,0,-0.003792,-0.128837,0.7500,0.3099,0.2618,2,ok
0,450,2.830948,1.437625,2.923753,-0.010661,-0.023786,9.918297,0.200362,0.225509,0.159965,-0.065544,C-06,0,0,0,1,1,0,-0.006362,-0.138566,0.8125,0.3059,0.2629,2,ok
0,451,2.807462,1.443022,2.945939,-0.011473,-0.001600,9.942382,0.201232,0.395793,0.309965,-0.085828,C-06,0,0,0,1,1,0,-0.008756,-0.136761,0.7917,0.3582,0.2653,2,ok
0,452,2.787814,1.447508,2.961856,-0.012232,-0.005020,9.962315,0.201680,0.250037,0.250037,0.000000,,0,0,0,1,1,0,-0.006979,-0.124247,0.7917,0.3318,0.2658,2,ok
0,453,2.768105,1.451866,2.980185,-0.013094,0.013309,9.982482,0.201885,0.292739,0.292739,0.000000,,0,0,0,1,1,0,-0.008733,-0.119653,0.7917,0.3824,0.2673,2,ok
0,454,2.744394,1.456216,2.991828,-0.013252,0.024952,10.006588,0.200815,0.132567,0.142739,0.010172,C-06,0,0,0,1,1,0,-0.007432,-0.103702,0.7708,0.3593,0.2661,2,ok
0,455,2.724598,1.459695,3.005955,-0.013546,0.020693,10.026456,0.201172,0.224933,0.224933,0.000000,,0,0,0,1,1,0,-0.006446,-0.098820,0.7500,0.3380,0.2628,2,ok
0,456,2.704757,1.463173,3.025449,-0.013867,0.040187,10.046596,0.201632,0.305711,0.305711,0.000000,,0,0,0,1,1,0,-0.005805,-0.091007,0.7083,0.3282,0.2639,2,ok
0,457,2.680901,1.466535,3.038572,-0.013634,0.035574,10.070421,0.200691,-0.184898,0.155711,0.340609,C-06,0,0,0,1,1,0,-0.007164,-0.084841,0.7500,0.3984,0.2714,2,ok
0,458,2.661004,1.468678,3.040531,-0.013017,0.037533,10.090423,0.200072,0.018585,0.018585,0.000000,,0,0,0,1,1,0,-0.005603,-0.080101,0.7500,0.3796,0.2702,2,ok
0,459,2.641098,1.470764,3.049476,-0.012343,0.046478,10.110427,0.200232,0.145693,0.145693,0.000000,,0,0,0,1,1,0,-0.004823,-0.080198,0.7917,0.3666,0.2681,2,ok
0,460,2.617190,1.473268,3.058427,-0.011940,0.036951,10.134226,0.200391,0.109317,0.109317,0.000000,,0,0,0,1,1,0,-0.004823,-0.080198,0.7917,0.3666,0.2681,2,ok
0,461,2.597252,1.475340,3.068078,-0.011633,0.046602,10.154270,0.200506,0.146758,0.146758,0.000000,,0,0,0,1,1,0,-0.005340,-0.082193,0.8125,0.4291,0.2685,2,ok
0,462,2.577301,1.477097,3.074104,-0.011148,0.034933,10.174117,0.200254,0.084839,0.084839,0.000000,,0,0,0,1,1,0,-0.002674,-0.077439,0.7708,0.3719,0.2717,2,ok
0,463,2.553350,1.479063,3.081660,-0.010629,0.042489,10.198143,0.200257,0.093194,0.093194,0.000000,,0,0,0,1,1,0,-0.002875,-0.071004,0.7708,0.3790,0.2703,2,ok
0,464,2.533382,1.480614,3.089384,-0.010110,0.050213,10.217599,0.200294,0.114614,0.114614,0.000000,,0,0,0,1,1,0,-0.007449,-0.071932,0.7917,0.5183,0.2703,2,ok
0,465,2.509411,1.482144,3.095363,-0.009669,0.038523,10.241968,0.200151,0.069725,0.069725,0.000000,,0,0,0,1,1,0,-0.005397,-0.068195,0.7917,0.4743,0.2698,2,ok
0,466,2.489430,1.483300,3.100085,-0.009174,0.043245,10.261976,0.200136,0.068626,0.068626,0.000000,,0,0,0,1,1,0,-0.003868,-0.066753,0.7292,0.4431,0.2692,2,ok
0,467,2.469446,1.484274,3.103032,-0.008660,0.028936,10.281858,0.200071,0.040513,0.040513,0.000000,,0,0,0,1,1,0,-0.006984,-0.074679,0.6667,0.5284,0.2675,2,ok
0,468,2.445460,1.485392,3.113180,-0.008119,0.039084,10.305864,0.200134,0.128824,0.128824,0.000000,,0,0,0,1,1,0,-0.007665,-0.073908,0.8125,0.5577,0.2722,2,ok
0,469,2.425467,1.486092,3.116145,-0.007512,0.024426,10.325713,0.200044,0.036098,0.036098,0.000000,,0,0,0,1,1,0,-0.004454,-0.076825,0.7917,0.5189,0.2680,2,ok
0,470,2.405472,1.486747,3.123408,-0.007171,0.031688,10.345715,0.200072,0.110698,0.110698,0.000000,,0,0,0,1,1,0,-0.006056,-0.075775,0.8125,0.5698,0.2653,2,ok
0,471,2.381474,1.487532,3.133813,-0.006762,0.042094,10.369723,0.200100,0.124252,0.124252,0.000000,,0,0,0,1,1,0,-0.002186,-0.081451,0.8125,0.5064,0.2617,2,ok
0,472,2.361474,1.487959,3.139299,-0.006459,0.030696,10.389610,0.200033,0.074777,0.074777,0.000000,,0,0,0,1,1,0,-0.003982,-0.080279,0.8333,0.5939,0.2641,2,ok
0,473,2.341475,1.488318,-3.134988,-0.006165,0.039594,10.409611,0.200028,0.128871,0.128871,0.000000,,0,0,0,1,1,0,-0.002323,-0.083807,0.8125,0.5748,0.2655,2,ok
0,474,2.317475,1.488180,-3.136020,-0.005370,0.020900,10.433502,0.200002,-0.039772,-0.021129,0.018643,C-06,0,0,0,1,1,0,-0.001355,-0.082684,0.7708,0.5727,0.2606,2,ok
0,475,2.297475,1.488036,-3.140056,-0.004919,0.016864,10.453497,0.200005,-0.059545,-0.059545,0.000000,,0,0,0,1,1,0,-0.000598,-0.091986,0.7708,0.5893,0.2655,2,ok
0,476,2.277475,1.488003,-3.134544,-0.004579,0.022375,10.473494,0.199996,0.113109,0.090455,-0.022654,C-06,0,0,0,1,1,0,-0.000244,-0.100955,0.7500,0.5754,0.2604,2,ok
0,477,2.253477,1.487973,-3.127966,-0.004510,0.011724,10.497415,0.199982,0.077202,0.077202,0.000000,,0,0,0,1,1,0,-0.000438,-0.118185,0.7083,0.5948,0.2672,2,ok
0,478,2.233480,1.487949,-3.119831,-0.004523,0.019859,10.517411,0.199955,0.119845,0.119845,0.000000,,0,0,0,1,1,0,0.006199,-0.124302,0.7708,0.4639,0.2625,2,ok
0,479,2.209488,1.487812,-3.111574,-0.004616,0.010111,10.541325,0.199921,0.097621,0.097621,0.000000,,0,0,0,1,1,0,0.002902,-0.129010,0.8125,0.5554,0.2647,2,ok
0,480,2.189501,1.487605,-3.099472,-0.004793,0.022212,10.561313,0.199839,0.181866,0.181866,0.000000,,0,0,0,1,1,0,0.004828,-0.130389,0.8333,0.5117,0.2646,2,ok
0,481,2.169523,1.487232,-3.089725,-0.004803,0.031960,10.581294,0.199791,0.139063,0.139063,0.000000,,0,0,0,1,1,0,0.005823,-0.132925,0.7917,0.5039,0.2655,2,ok
0,482,2.145562,1.486442,-3.079951,-0.004860,0.024537,10.605186,0.199768,0.118335,0.118335,0.000000,,0,0,0,1,1,0,0.007588,-0.132858,0.8125,0.4543,0.2637,2,ok
0,483,2.125605,1.485636,-3.070900,-0.004779,0.033588,10.625158,0.199694,0.137493,0.137493,0.000000,,0,0,0,1,1,0,0.008881,-0.141601,0.8125,0.4165,0.2587,2,ok
0,484,2.105664,1.484734,-3.059541,-0.004814,0.026286,10.645021,0.199569,0.171665,0.171665,0.000000,,0,0,0,1,1,0,0.007649,-0.143178,0.7500,0.4415,0.2618,2,ok
0,485,2.081766,1.483541,-3.039120,-0.004994,0.046708,10.668948,0.199242,0.261673,0.261673,0.000000,,0,0,0,1,1,0,0.010157,-0.143871,0.7500,0.3622,0.2636,2,ok
0,486,2.061887,1.482234,-3.023329,-0.004830,0.062499,10.687330,0.199161,0.238178,0.238178,0.000000,,0,0,0,1,1,0,0.012132,-0.141381,0.7500,0.3229,0.2597,2,ok
0,487,2.042040,1.480358,-3.012793,-0.004379,0.051093,10.708734,0.199359,0.154578,0.154578,0.000000,,0,0,0,1,1,0,0.010764,-0.136694,0.7083,0.3495,0.2640,2,ok
0,488,2.018267,1.477927,-2.994864,-0.003632,0.069022,10.732620,0.198951,0.237298,0.237298,0.000000,,0,0,0,1,1,0,0.013050,-0.127755,0.7708,0.2950,0.2595,2,ok
0,489,1.998505,1.475689,-2.979610,-0.003107,0.058283,10.752418,0.198840,0.238634,0.238634,0.000000,,0,0,0,1,1,0,0.011188,-0.120118,0.7917,0.3396,0.2650,2,ok
0,490,1.978796,1.473227,-2.961467,-0.002529,0.076425,10.772271,0.198487,0.291157,0.291157,0.000000,,0,0,0,1,1,0,0.013255,-0.109069,0.8333,0.2828,0.2625,2,ok
0,491,1.955213,1.469424,-2.949310,-0.000986,0.088582,10.793404,0.199105,0.151944,0.151944,0.000000,,0,0,0,1,1,0,0.012825,-0.096033,0.8333,0.3037,0.2673,2,ok
0,492,1.935591,1.465802,-2.944587,-0.000007,0.064723,10.816000,0.199566,0.069866,0.069866,0.000000,,0,0,0,1,1,0,0.015122,-0.085653,0.8125,0.2499,0.2644,3,ok
0,493,1.912065,1.461277,-2.940324,0.001456,0.068986,10.839912,0.199642,0.056369,0.056369,0.000000,,0,0,0,1,1,0,0.014050,-0.095716,0.7708,0.2769,0.2670,2,ok
0,494,1.892460,1.457288,-2.945425,0.002440,0.032477,10.859967,0.200194,-0.167945,-0.093631,0.074314,C-06,0,0,0,1,1,0,0.014729,-0.098794,0.7917,0.2462,0.2639,2,ok
0,495,1.872846,1.453389,-2.943660,0.003038,0.034242,10.879956,0.199924,0.037847,0.037847,0.000000,,0,0,0,1,1,0,0.016817,-0.110127,0.7500,0.1717,0.2606,2,ok
0,496,1.849344,1.448719,-2.930520,0.003751,0.047382,10.902206,0.199422,0.422244,0.187847,-0.234397,C-06,0,0,0,1,1,0,0.013614,-0.114773,0.7083,0.2063,0.2635,2,ok
0,497,1.829818,1.444827,-2.916110,0.003620,0.030822,10.923943,0.198819,0.238906,0.238906,0.000000,,0,0,0,1,1,0,0.015781,-0.111751,0.7292,0.1589,0.2620,2,ok
0,498,1.810353,1.440854,-2.903546,0.003641,0.043387,10.943809,0.198634,0.203506,0.203506,0.000000,,0,0,0,1,1,0,0.012727,-0.103925,0.7708,0.2125,0.2641,2,ok
0,499,1.787049,1.435416,-2.897599,0.004010,0.021599,10.967844,0.199482,0.072954,0.072954,0.000000,,0,0,0,1,1,0,0.014339,-0.090426,0.8333,0.1728,0.2637,3,ok
0,500,1.767666,1.430782,-2.886586,0.004150,0.032612,10.987772,0.199039,0.194136,0.194136,0.000000,,0,0,0,1,1,0,0.013118,-0.084873,0.8125,0.1862,0.2660,2,ok
0,501,1.748329,1.425962,-2.880502,0.004483,0.038697,11.007698,0.199309,0.094362,0.094362,0.000000,,0,0,0,1,1,0,0.014264,-0.079652,0.7917,0.1503,0.2646,3,ok
0,502,1.725159,1.419961,-2.875220,0.004595,0.019327,11.031733,0.199461,0.072458,0.072458,0.000000,,0,0,0,1,1,0,0.015544,-0.084866,0.7917,0.1294,0.2631,3,ok
0,503,1.705862,1.414707,-2.876672,0.004910,0.017875,11.051730,0.200079,-0.031867,-0.031867,0.000000,,0,0,0,1,1,0,0.014894,-0.076383,0.7708,0.1106,0.2675,2,ok
0,504,1.686540,1.409438,-2.884923,0.005056,-0.010982,11.071845,0.200471,-0.148869,-0.148869,0.000000,,0,0,0,1,1,0,0.013800,-0.078594,0.7708,0.1165,0.2622,3,ok
0,505,1.663314,1.403224,-2.888724,0.004908,-0.014783,11.095888,0.200350,-0.046731,-0.046731,0.000000,,0,0,0,1,1,0,0.012115,-0.085124,0.7292,0.1062,0.2660,2,ok
0,506,1.643962,1.398215,-2.883132,0.004622,-0.009191,11.114258,0.199735,0.309383,0.103269,-0.206114,C-06,0,0,0,1,1,0,0.010046,-0.099762,0.6875,0.0984,0.2627,2,ok
0,507,1.620800,1.392215,-2.869525,0.003721,-0.013306,11.139888,0.199061,0.196301,0.196301,0.000000,,0,0,0,1,1,0,0.008280,-0.103180,0.7292,0.1135,0.2692,2,ok
0,508,1.601564,1.387192,-2.859332,0.003040,-0.003113,11.159757,0.198731,0.170400,0.170400,0.000000,,0,0,0,1,1,0,0.009437,-0.089594,0.7917,0.0724,0.2641,3,ok
0,509,1.582378,1.381921,-2.851288,0.002431,-0.011253,11.179684,0.198981,0.134138,0.134138,0.000000,,0,0,0,1,1,0,0.009121,-0.082770,0.8125,0.0753,0.2683,3,ok
0,510,1.559412,1.375347,-2.842810,0.001845,-0.002775,11.203566,0.199077,0.119699,0.119699,0.000000,,0,0,0,1,1,0,0.008673,-0.074933,0.8125,0.0608,0.2656,2,ok
0,511,1.540308,1.369574,-2.839588,0.001575,-0.013612,11.223542,0.199611,0.049493,0.049493,0.000000,,0,0,0,1,1,0,0.007628,-0.067376,0.8125,0.0773,0.2691,3,ok
0,512,1.521225,1.363753,-2.835346,0.001173,-0.009370,11.243489,0.199414,0.074642,0.074642,0.000000,,0,0,0,1,1,0,0.007694,-0.059269,0.7917,0.0537,0.2669,2,ok
0,513,1.498327,1.356530,-2.840053,0.000917,-0.014076,11.267498,0.200254,-0.123446,-0.075358,0.048088,C-06,0,0,0,1,1,0,0.007860,-0.058294,0.7917,0.0230,0.2669,3,ok
0,514,1.479197,1.350501,-2.851858,0.000435,-0.036906,11.287563,0.200886,-0.213636,-0.213636,0.000000,,0,0,0,1,1,0,0.005204,-0.062348,0.7500,0.0532,0.2669,3,ok
0,515,1.460017,1.344647,-2.856315,-0.000263,-0.041363,11.307605,0.200503,0.078580,-0.063636,-0.142215,C-06,0,0,0,1,1,0,0.005398,-0.074512,0.7500,-0.0179,0.2659,3,ok
0,516,1.437003,1.337881,-2.850795,-0.001414,-0.045364,11.331558,0.199717,0.145926,0.086364,-0.059561,C-06,0,0,0,1,1,0,0.002779,-0.081870,0.6875,-0.0004,0.2672,2,ok
0,517,1.417863,1.332252,-2.843481,-0.002448,-0.038050,11.351482,0.199318,0.128356,0.128356,0.000000,,0,0,0,1,1,0,0.002493,-0.082340,0.7917,-0.0256,0.2673,2,ok
0,518,1.398770,1.326621,-2.835073,-0.003465,-0.029642,11.371362,0.198874,0.145675,0.145675,0.000000,,0,0,0,1,1,0,0.001056,-0.074118,0.7917,-0.0104,0.2689,2,ok
0,519,1.375924,1.319702,-2.825499,-0.004668,-0.028294,11.395179,0.198928,0.137128,0.137128,0.000000,,0,0,0,1,1,0,0.000203,-0.066301,0.8125,-0.0195,0.2660,3,ok
0,520,1.356940,1.313771,-2.817322,-0.005502,-0.020117,11.415050,0.198881,0.142303,0.142303,0.000000,,0,0,0,1,1,0,0.000253,-0.055028,0.7917,-0.0371,0.2691,3,ok
0,521,1.334220,1.306364,-2.809865,-0.006308,-0.019101,11.438898,0.199157,0.105944,0.105944,0.000000,,0,0,0,1,1,0,0.000311,-0.049188,0.7917,-0.0565,0.2648,2,ok
0,522,1.315319,1.299937,-2.807275,-0.006770,-0.016510,11.458856,0.199678,0.039950,0.039950,0.000000,,0,0,0,1,1,0,0.000460,-0.035566,0.8125,-0.0794,0.2659,2,ok
0,523,1.296422,1.293380,-2.808952,-0.007141,-0.022877,11.478810,0.200102,-0.034767,-0.034767,0.000000,,0,0,0,1,1,0,-0.000632,-0.030678,0.7917,-0.0646,0.2683,3,ok
0,524,1.273738,1.285534,-2.808617,-0.007726,-0.022542,11.502805,0.200000,0.007365,0.007365,0.000000,,0,0,0,1,1,0,-0.001979,-0.027451,0.7292,-0.0612,0.2681,3,ok
0,525,1.254861,1.278996,-2.800715,-0.008205,-0.014641,11.522776,0.199537,0.148464,0.148464,0.000000,,0,0,0,1,1,0,-0.001799,-0.030597,0.7292,-0.0947,0.2660,2,ok
0,526,1.236033,1.272458,-2.794572,-0.008772,-0.012840,11.542652,0.199162,0.104706,0.104706,0.000000,,0,0,0,1,1,0,-0.001163,-0.029130,0.7083,-0.1005,0.2639,2,ok
0,527,1.213460,1.264305,-2.795781,-0.009170,-0.014049,11.566648,0.200088,-0.024339,-0.024339,0.000000,,0,0,0,1,1,0,-0.002048,-0.021719,0.7917,-0.0939,0.2680,2,ok
0,528,1.194653,1.257526,-2.792933,-0.009493,-0.014216,11.586655,0.199823,0.056192,0.056192,0.000000,,0,0,0,1,1,0,-0.000371,-0.016787,0.8542,-0.1523,0.2649,3,ok
0,529,1.175876,1.250748,-2.787038,-0.009791,-0.008321,11.606615,0.199451,0.108151,0.108151,0.000000,,0,0,0,1,1,0,-0.002390,-0.014675,0.8125,-0.1175,0.2659,2,ok
0,530,1.153388,1.242548,-2.782405,-0.010096,-0.005329,11.630498,0.199470,0.065722,0.065722,0.000000,,0,0,0,1,1,0,-0.003992,0.001109,0.7708,-0.0910,0.2657,2,ok
0,531,1.134672,1.235580,-2.780400,-0.010297,-0.003324,11.650468,0.199732,0.033064,0.033064,0.000000,,0,0,0,1,1,0,-0.002577,0.003589,0.8125,-0.1323,0.2687,3,ok
0,532,1.115952,1.228515,-2.783961,-0.010410,-0.006885,11.670477,0.200228,-0.071003,-0.071003,0.000000,,0,0,0,1,1,0,-0.001930,0.011757,0.7500,-0.1536,0.2661,2,ok
0,533,1.093414,1.220075,-2.798236,-0.010597,-0.020747,11.694547,0.200980,-0.348693,-0.221003,0.127690,C-06,0,0,0,1,1,0,-0.003302,0.012799,0.7500,-0.1334,0.2693,2,ok
0,534,1.074530,1.213044,-2.814351,-0.010790,-0.036862,11.714697,0.201962,-0.288004,-0.288004,0.000000,,0,0,0,1,1,0,-0.001439,0.004683,0.7292,-0.2064,0.2677,3,ok
0,535,1.051763,1.205009,-2.824504,-0.011430,-0.047259,11.738836,0.201137,0.083953,-0.138004,-0.221957,C-06,0,0,0,1,1,0,-0.005121,-0.000748,0.6875,-0.1785,0.2726,2,ok
0,536,1.032758,1.198735,-2.824511,-0.012365,-0.047266,11.758828,0.200037,0.156067,0.011996,-0.144071,C-06,0,0,0,1,1,0,-0.008369,-0.013243,0.7500,-0.1743,0.2697,3,ok
0,537,1.013779,1.192497,-2.815977,-0.013309,-0.036057,11.778842,0.199522,0.209779,0.161996,-0.047783,C-06,0,0,0,1,1,0,-0.009128,-0.014169,0.8125,-0.1939,0.2672,2,ok
0,538,0.991068,1.184999,-2.809116,-0.014319,-0.029197,11.802738,0.199240,0.095320,0.095320,0.000000,,0,0,0,1,1,0,-0.007388,-0.008117,0.8125,-0.2471,0.2667,2,ok
0,539,0.972175,1.178586,-2.805698,-0.014994,-0.025779,11.822679,0.199547,0.056322,0.056322,0.000000,,0,0,0,1,1,0,-0.006241,-0.000629,0.8125,-0.2651,0.2705,2,ok
0,540,0.953307,1.172127,-2.800995,-0.015644,-0.018109,11.842589,0.199325,0.084216,0.084216,0.000000,,0,0,0,1,1,0,-0.007727,0.006257,0.7917,-0.2397,0.2698,3,ok
0,541,0.930711,1.164301,-2.794845,-0.016341,-0.011959,11.866492,0.199272,0.090688,0.090688,0.000000,,0,0,0,1,1,0,-0.007664,0.020006,0.7708,-0.2572,0.2645,2,ok
0,542,0.911897,1.157516,-2.796487,-0.016557,-0.009580,11.886646,0.200109,-0.038202,-0.038202,0.000000,,0,0,0,1,1,0,-0.005745,0.036849,0.7708,-0.3184,0.2643,2,ok
0,543,0.893050,1.150734,-2.804845,-0.016711,-0.017938,11.906675,0.200545,-0.156617,-0.156617,0.000000,,0,0,0,1,1,0,-0.005498,0.040787,0.7292,-0.3396,0.2637,3,ok
0,544,0.870391,1.142788,-2.806094,-0.017078,-0.014663,11.930717,0.200068,-0.008327,-0.008327,0.000000,,0,0,0,1,1,0,-0.005079,0.037792,0.6875,-0.3512,0.2641,3,ok
0,545,0.851519,1.136203,-2.801639,-0.017386,-0.010207,11.950702,0.199736,0.086354,0.086354,0.000000,,0,0,0,1,1,0,-0.006653,0.039975,0.7292,-0.3537,0.2699,3,ok
0,546,0.832656,1.129536,-2.804645,-0.017616,-0.013214,11.970708,0.200189,-0.127809,-0.063646,0.064163,C-06,0,0,0,1,1,0,-0.005272,0.046803,0.7708,-0.3925,0.2653,2,ok
0,547,0.810017,1.121603,-2.801071,-0.017834,-0.002903,11.994796,0.199770,0.060869,0.060869,0.000000,,0,0,0,1,1,0,-0.004132,0.053782,0.8333,-0.4269,0.2671,2,ok
0,548,0.791190,1.114996,-2.793430,-0.017994,0.004738,12.014748,0.199299,0.141679,0.141679,0.000000,,0,0,0,1,1,0,-0.006131,0.065540,0.8333,-0.3974,0.2720,3,ok
0,549,0.768663,1.107031,-2.785538,-0.018018,0.019416,12.038768,0.199082,0.114622,0.114622,0.000000,,0,0,0,1,1,0,-0.002873,0.074331,0.8125,-0.4433,0.2716,3,ok
0,550,0.749937,1.100245,-2.779732,-0.017835,0.025223,12.058684,0.199179,0.102243,0.102243,0.000000,,0,0,0,1,1,0,-0.000532,0.091622,0.8333,-0.4955,0.2677,3,ok
0,551,0.731227,1.093178,-2.781810,-0.017317,0.031630,12.078847,0.200138,-0.186292,-0.047757,0.138535,C-06,0,0,0,1,1,0,0.001246,0.107818,0.7917,-0.5282,0.2688,3,ok
0,552,0.708715,1.084729,-2.794411,-0.016592,0.019030,12.102881,0.200763,-0.267700,-0.197757,0.069943,C-06,0,0,0,1,1,0,0.003675,0.111068,0.7708,-0.5617,0.2683,3,ok
0,553,0.689853,1.077692,-2.811616,-0.016023,0.001825,12.120921,0.201814,-0.312636,-0.312636,0.000000,,0,0,0,1,1,0,0.002924,0.109930,0.7292,-0.5566,0.2657,3,ok
0,554,0.670898,1.070885,-2.821673,-0.015487,0.001861,12.143294,0.201348,0.647546,-0.162636,-0.810182,C-06,0,0,0,1,1,0,0.003419,0.111880,0.7292,-0.5804,0.2628,3,ok
0,555,0.648107,1.063293,-2.823243,-0.015429,0.000291,12.167316,0.200102,0.539996,-0.012636,-0.552632,C-06,0,0,0,1,1,0,0.001668,0.103445,0.7708,-0.5940,0.2668,3,ok
0,556,0.629115,1.057001,-2.822376,-0.015230,0.012346,12.187483,0.200051,0.017109,0.017109,0.000000,,0,0,0,1,1,0,0.001305,0.108385,0.8125,-0.6033,0.2677,3,ok
0,557,0.610129,1.050710,-2.820956,-0.015005,0.013767,12.207482,0.199968,0.025216,0.025216,0.000000,,0,0,0,1,1,0,0.005047,0.111245,0.8333,-0.6840,0.2713,3,ok
0,558,0.587329,1.043144,-2.827954,-0.014545,0.018708,12.231705,0.200400,-0.109630,-0.109630,0.000000,,0,0,0,1,1,0,0.005070,0.119002,0.8125,-0.6879,0.2704,3,ok
0,559,0.568290,1.036841,-2.832620,-0.014049,0.014042,12.251754,0.200632,-0.078005,-0.078005,0.000000,,0,0,0,1,1,0,0.003795,0.130140,0.7708,-0.6666,0.2676,3,ok
0,560,0.549229,1.030673,-2.835048,-0.013628,0.024934,12.271954,0.200314,-0.039091,-0.039091,0.000000,,0,0,0,1,1,0,0.005272,0.137265,0.7500,-0.7180,0.2717,3,ok
0,561,0.526306,1.023383,-2.847552,-0.013018,0.012430,12.296001,0.200780,-0.295920,-0.189091,0.106829,C-06,0,0,0,1,1,0,0.007867,0.145842,0.7708,-0.7866,0.2672,3,ok
0,562,0.507143,1.017334,-2.855019,-0.012552,0.004962,12.315302,0.200988,-0.123239,-0.123239,0.000000,,0,0,0,1,1,0,0.006894,0.151352,0.7292,-0.7693,0.2648,3,ok
0,563,0.484123,1.010529,-2.853847,-0.012102,0.020616,12.340259,0.199926,1.000000,0.026761,-0.973239,C-06,0,0,0,1,1,0,0.006913,0.159256,0.7292,-0.7828,0.2647,3,ok
0,564,0.464970,1.004853,-2.844324,-0.011724,0.030139,12.360232,0.199512,0.721822,0.176761,-0.545061,C-06,0,0,0,1,1,0,0.008066,0.171064,0.7708,-0.8145,0.2587,3,ok
0,565,0.445855,0.999049,-2.842232,-0.010932,0.048278,12.380386,0.199790,-0.269409,0.026761,0.296170,C-06,0,0,0,1,1,0,0.008544,0.187871,0.8125,-0.8013,0.2584,3,ok
0,566,0.422897,0.991974,-2.850201,-0.009818,0.040309,12.404384,0.200428,-0.345407,-0.123239,0.222167,C-06,0,0,0,1,1,0,0.009598,0.201752,0.8125,-0.7929,0.2598,3,ok
0,567,0.403703,0.986074,-2.864643,-0.008689,0.043727,12.424585,0.201177,-0.286461,-0.273239,0.013221,C-06,0,0,0,1,1,0,0.010048,0.208990,0.7917,-0.7904,0.2587,3,ok
0,568,0.384413,0.980174,-2.885339,-0.007470,0.023031,12.444721,0.202209,-0.360323,-0.360323,0.000000,,0,0,0,1,1,0,0.012151,0.220186,0.8125,-0.8434,0.2552,3,ok
0,569,0.361114,0.973121,-2.914049,-0.005858,0.014007,12.469153,0.203149,-0.397992,-0.397992,0.000000,,0,0,0,1,1,0,0.009966,0.214547,0.7917,-0.7851,0.2570,3,ok
0,570,0.341587,0.967813,-2.933201,-0.004834,-0.005145,12.489362,0.202254,-0.304615,-0.304615,0.000000,,0,0,0,1,1,0,0.007514,0.212127,0.7500,-0.7557,0.2617,3,ok
0,571,0.321967,0.962742,-2.960719,-0.004060,-0.032664,12.506677,0.203108,-0.658049,-0.454615,0.203434,C-06,0,0,0,1,1,0,0.007206,0.200674,0.7292,-0.7503,0.2564,3,ok
0,572,0.298293,0.957035,-2.993429,-0.002943,-0.044450,12.534028,0.202799,-0.427761,-0.427761,0.000000,,0,0,0,1,1,0,0.003411,0.191842,0.7500,-0.6874,0.2602,3,ok
0,573,0.278485,0.953234,-3.012120,-0.003017,-0.063141,12.554059,0.201558,0.768355,-0.277761,-1.046116,C-06,0,0,0,1,1,0,0.001071,0.173497,0.7917,-0.6464,0.2582,3,ok
0,574,0.258630,0.949769,-3.031176,-0.002972,-0.057770,12.574421,0.201503,-0.292552,-0.292552,0.000000,,0,0,0,1,1,0,-0.001025,0.165175,0.8125,-0.6099,0.2587,3,ok
0,575,0.234753,0.946322,-3.049015,-0.003631,-0.075609,12.598536,0.200957,-0.220130,-0.220130,0.000000,,0,0,0,1,1,0,-0.000680,0.159764,0.7917,-0.6410,0.2589,3,ok
0,576,0.214834,0.944223,-3.054352,-0.004550,-0.055770,12.618631,0.200263,-0.072486,-0.072486,0.000000,,0,0,0,1,1,0,-0.005156,0.165675,0.7917,-0.5417,0.2608,3,ok
0,577,0.190911,0.941805,-3.069036,-0.005685,-0.070453,12.642648,0.200478,-0.191789,-0.191789,0.000000,,0,0,0,1,1,0,-0.006441,0.175733,0.7708,-0.5072,0.2577,3,ok
0,578,0.166957,0.939388,-3.092144,-0.006189,-0.065816,12.666916,0.200758,-0.290138,-0.290138,0.000000,,0,0,0,1,1,0,-0.006236,0.176334,0.7500,-0.4974,0.2640,3,ok
0,579,0.146976,0.937909,-3.102424,-0.006997,-0.076096,12.686935,0.200308,-0.106947,-0.140138,-0.033191,C-06,0,0,0,1,1,0,-0.006238,0.171376,0.7500,-0.5102,0.2582,3,ok
0,580,0.122995,0.936939,-3.102442,-0.008348,-0.045897,12.711088,0.199995,1.000000,0.009862,-0.990138,C-06,0,0,0,1,1,0,-0.008296,0.173511,0.7292,-0.4493,0.2620,3,ok
0,581,0.103014,0.936168,-3.092493,-0.009355,-0.035948,12.731059,0.199913,0.810153,0.159862,-0.650291,C-06,0,0,0,1,1,0,-0.007175,0.181535,0.7708,-0.4358,0.2623,3,ok
0,582,0.079044,0.935024,-3.090962,-0.009842,-0.001774,12.755382,0.199980,-0.378896,0.009862,0.388758,C-06,0,0,0,1,1,0,-0.005228,0.198490,0.8125,-0.4125,0.2614,3,ok
0,583,0.059066,0.934051,-3.099545,-0.009959,-0.010357,12.775384,0.200056,-0.302171,-0.140138,0.162032,C-06,0,0,0,1,1,0,-0.001721,0.212141,0.8333,-0.4401,0.2590,3,ok
0,584,0.035078,0.932883,-3.122747,-0.009645,-0.000678,12.799744,0.200197,-0.300692,-0.290138,0.010554,C-06,0,0,0,1,1,0,-0.001721,0.212141,0.8333,-0.4401,0.2590,3,ok
0,585,0.015079,0.931909,-3.139682,-0.009064,-0.017613,12.819758,0.200236,-0.236558,-0.236558,0.000000,,0,0,0,1,1,0,-0.000293,0.207445,0.7708,-0.4002,0.2610,3,ok
0,586,-0.008918,0.930741,3.112035,-0.007963,-0.014386,12.844058,0.200158,-0.397265,-0.386558,0.010708,C-06,0,0,0,1,1,0,-0.000040,0.200663,0.7917,-0.3689,0.2623,3,ok
0,587,-0.032885,0.929645,3.069024,-0.006501,-0.057396,12.868006,0.199623,-0.572615,-0.536558,0.036057,C-06,0,0,0,1,1,0,-0.002401,0.182743,0.7500,-0.3018,0.2653,3,ok
0,588,-0.052802,0.929351,3.032287,-0.005556,-0.060333,12.888116,0.198851,-0.552718,-0.552718,0.000000,,0,0,0,1,1,0,0.001505,0.157185,0.7292,-0.3793,0.2610,3,ok
0,589,-0.076611,0.930550,3.000034,-0.005560,-0.092587,12.911956,0.198501,0.600597,-0.402718,-1.003315,C-06,0,0,0,1,1,0,-0.002176,0.148525,0.7500,-0.3264,0.2654,3,ok
0,590,-0.096386,0.932612,2.983085,-0.006355,-0.077286,12.932032,0.198808,0.558043,-0.252718,-0.810761,C-06,0,0,0,1,1,0,-0.006122,0.096107,0.8125,-0.2742,0.2633,3,ok
0,591,-0.120067,0.936044,2.974561,-0.007774,-0.085810,12.955919,0.199445,0.352863,-0.102718,-0.455581,C-06,0,0,0,1,1,0,-0.006153,0.086351,0.8333,-0.3000,0.2648,3,ok
0,592,-0.139791,0.939348,2.976773,-0.009224,-0.052927,12.976130,0.200078,0.181594,0.047282,-0.134312,C-06,0,0,0,1,1,0,-0.007606,0.081566,0.8333,-0.2671,0.2646,3,ok
0,593,-0.163484,0.943346,2.986889,-0.010490,-0.042810,13.000125,0.200386,0.138339,0.138339,0.000000,,0,0,0,1,1,0,-0.008507,0.090857,0.7708,-0.2314,0.2646,3,ok
0,594,-0.183247,0.946445,2.986919,-0.011211,-0.014580,13.020417,0.199998,-0.169696,-0.011661,0.158035,C-06,0,0,0,1,1,0,-0.005752,0.109416,0.7708,-0.2412,0.2634,3,ok
0,595,-0.206940,0.950139,2.975507,-0.011525,-0.025991,13.044395,0.199655,-0.231611,-0.161661,0.069950,C-06,0,0,0,1,1,0,-0.004400,0.115198,0.7292,-0.2400,0.2706,3,ok
0,596,-0.230575,0.953834,2.958012,-0.011708,-0.017537,13.068633,0.199064,-0.235759,-0.235759,0.000000,,0,0,0,1,1,0,-0.003887,0.112809,0.7500,-0.2405,0.2654,3,ok
0,597,-0.250227,0.957244,2.952059,-0.011771,-0.023490,13.088579,0.199485,1.000000,-0.085759,-1.085759,C-06,0,0,0,1,1,0,-0.005386,0.108376,0.7292,-0.2150,0.2713,3,ok
0,598,-0.273805,0.961752,2.956188,-0.012258,-0.019361,13.110385,0.200153,0.630810,0.064241,-0.566569,C-06,0,0,0,1,1,0,-0.004117,0.101967,0.7917,-0.2308,0.2650,3,ok
0,599,-0.293455,0.965440,2.951537,-0.012092,-0.000543,13.132847,0.199830,-0.090246,-0.085759,0.004487,C-06,0,0,0,1,1,0,-0.002623,0.105905,0.8125,-0.2239,0.2676,3,ok
0,600,-0.316993,0.969857,2.937918,-0.011956,-0.014162,13.156796,0.199321,-0.190319,-0.190319,0.000000,,0,0,0,1,1,0,-0.003387,0.110907,0.8333,-0.1793,0.2647,3,ok
0,601,-0.336572,0.973792,2.934764,-0.011655,0.004171,13.177040,0.199738,-0.012018,-0.040319,-0.028300,C-06,0,0,0,1,1,0,-0.004147,0.106888,0.8125,-0.1533,0.2635,3,ok
0,602,-0.360072,0.978715,2.939999,-0.011468,0.009406,13.201050,0.200204,0.077990,0.077990,0.000000,,0,0,0,1,1,0,-0.002116,0.105393,0.7917,-0.1804,0.2647,3,ok
0,603,-0.379660,0.982724,2.936232,-0.010940,0.025343,13.221236,0.199852,-0.257904,-0.072010,0.185894,C-06,0,0,0,1,1,0,-0.002335,0.116046,0.7500,-0.1029,0.2661,3,ok
0,604,-0.403120,0.987524,2.920729,-0.010222,0.009840,13.245171,0.199232,-0.287466,-0.222010,0.065456,C-06,0,0,0,1,1,0,0.000894,0.118374,0.7292,-0.1501,0.2634,3,ok
0,605,-0.426519,0.992576,2.914696,-0.009487,0.021798,13.269271,0.199509,0.275638,-0.072010,-0.347648,C-06,0,0,0,1,1,0,-0.002010,0.110162,0.6875,-0.0810,0.2678,3,ok
0,606,-0.446013,0.997060,2.918592,-0.009028,0.025695,13.289269,0.200168,1.000000,0.077990,-0.922010,C-06,0,0,0,1,1,0,0.002759,0.104037,0.7917,-0.1525,0.2631,3,ok
0,607,-0.469458,1.002464,2.934611,-0.008262,0.058125,13.313474,0.200814,0.848330,0.227990,-0.620340,C-06,0,0,0,1,1,0,0.002139,0.099561,0.7708,-0.1218,0.2647,3,ok
0,608,-0.489044,1.006778,2.940106,-0.007253,0.063619,13.333504,0.200523,-0.125255,0.077990,0.203245,C-06,0,0,0,1,1,0,0.006114,0.125264,0.7917,-0.0894,0.2655,3,ok
0,609,-0.512549,1.011596,2.935540,-0.005577,0.074177,13.357526,0.199818,-0.449434,-0.072010,0.377424,C-06,0,0,0,1,1,0,0.008335,0.136252,0.8125,-0.0779,0.2642,3,ok
0,610,-0.532101,1.015593,2.922674,-0.003992,0.061312,13.377419,0.199309,-0.489406,-0.222010,0.267396,C-06,0,0,0,1,1,0,0.010755,0.139428,0.7917,-0.0862,0.2649,3,ok
0,611,-0.555459,1.020390,2.896302,-0.002062,0.048836,13.401223,0.198147,-0.455879,-0.372010,0.083869,C-06,0,0,0,1,1,0,0.010406,0.138413,0.8125,-0.0525,0.2669,3,ok
0,612,-0.574803,1.024424,2.873054,-0.000271,0.025588,13.420902,0.197344,-0.388825,-0.388825,0.000000,,0,0,0,1,1,0,0.012334,0.105956,0.7500,-0.0759,0.2665,3,ok
0,613,-0.597822,1.029623,2.835854,0.001480,-0.011612,13.444436,0.196192,-0.682101,-0.538825,0.143276,C-06,0,0,0,1,1,0,0.008888,0.089160,0.7708,-0.0091,0.2697,3,ok
0,614,-0.620604,1.035936,2.808167,0.002340,-0.027478,13.468044,0.197061,-0.257940,-0.388825,-0.130885,C-06,0,0,0,1,1,0,0.009207,0.063229,0.7292,-0.0357,0.2630,3,ok
0,615,-0.639453,1.042008,2.793852,0.002256,-0.041793,13.487847,0.198129,1.000000,-0.238825,-1.238825,C-06,0,0,0,1,1,0,0.005786,0.039147,0.7917,-0.0060,0.2704,3,ok
0,616,-0.661987,1.049989,2.787220,0.001659,-0.037204,13.511722,0.199286,0.945674,-0.088825,-1.034499,C-06,0,0,0,1,1,0,0.005761,0.019243,0.8542,-0.0254,0.2647,3,ok
0,617,-0.680752,1.056915,2.790062,0.000957,-0.034361,13.531712,0.200176,0.311456,0.061175,-0.250281,C-06,0,0,0,1,1,0,0.004865,0.005459,0.8333,-0.0249,0.2654,3,ok
0,618,-0.703337,1.065200,2.803719,0.000257,-0.011130,13.555754,0.200878,0.339030,0.211175,-0.127855,C-06,0,0,0,1,1,0,0.004940,0.003108,0.8333,-0.0029,0.2663,3,ok
0,619,-0.722268,1.072102,2.823591,-0.000213,0.008742,13.575898,0.202054,0.455925,0.361175,-0.094750,C-06,0,0,0,1,1,0,0.006329,0.016348,0.7917,-0.0087,0.2687,3,ok
0,620,-0.745123,1.080099,2.838924,-0.000379,0.032689,13.600115,0.201749,0.080196,0.211175,0.130979,C-06,0,0,0,1,1,0,0.007576,0.034580,0.7708,0.0158,0.2650,3,ok
0,621,-0.764228,1.086211,2.843206,0.000175,0.036971,13.620166,0.200490,-0.404072,0.061175,0.465247,C-06,0,0,0,1,1,0,0.009847,0.052159,0.7708,0.0163,0.2662,3,ok
0,622,-0.787150,1.093279,2.837647,0.001090,0.031412,13.641392,0.199704,-0.725172,-0.088825,0.636347,C-06,0,0,0,1,1,0,0.011192,0.067671,0.7292,0.0513,0.2653,3,ok
0,623,-0.809996,1.100338,2.821894,0.002175,0.022953,13.668016,0.198816,-0.468537,-0.238825,0.229712,C-06,0,0,0,1,1,0,0.012671,0.062343,0.7083,0.0482,0.2658,3,ok
0,624,-0.828962,1.106443,2.815995,0.002830,0.017054,13.687929,0.199294,0.265067,-0.088825,-0.353892,C-06,0,0,0,1,1,0,0.012834,0.052364,0.7500,0.0458,0.2645,3,ok
0,625,-0.851712,1.114105,2.819504,0.003428,0.027063,13.711909,0.200210,0.843317,0.061175,-0.782142,C-06,0,0,0,1,1,0,0.012286,0.040833,0.8542,0.0676,0.2636,3,ok
0,626,-0.870691,1.120505,2.822092,0.003934,0.029651,13.731933,0.200356,0.043896,0.043896,0.000000,,0,0,0,1,1,0,0.013852,0.041216,0.8125,0.0739,0.2654,3,ok
0,627,-0.893455,1.128048,2.815507,0.004736,0.028358,13.755881,0.199612,-0.228824,-0.106104,0.122720,C-06,0,0,0,1,1,0,0.014584,0.043903,0.8125,0.0942,0.2675,3,ok
0,628,-0.912359,1.134333,2.801699,0.005414,0.014550,13.775791,0.198810,-0.367823,-0.256104,0.111720,C-06,0,0,0,1,1,0,0.013946,0.041131,0.7917,0.1209,0.2662,3,ok
0,629,-0.934908,1.141886,2.782321,0.006208,-0.001079,13.799536,0.197756,-0.287487,-0.287487,0.000000,,0,0,0,1,1,0,0.014646,0.024438,0.7708,0.1038,0.2659,3,ok
0,630,-0.953549,1.148353,2.758588,0.006697,-0.024812,13.819261,0.196651,-0.627514,-0.437487,0.190027,C-06,0,0,0,1,1,0,0.012691,-0.002654,0.7292,0.1332,0.2657,3,ok
0,631,-0.975669,1.156498,2.727630,0.006856,-0.052665,13.842798,0.196437,-0.472156,-0.472156,0.000000,,0,0,0,1,1,0,0.009066,-0.025633,0.7292,0.1717,0.2698,2,ok
0,632,-0.997534,1.165632,2.706143,0.006098,-0.074152,13.866483,0.197579,1.000000,-0.322156,-1.322156,C-06,0,0,0,1,1,0,0.005429,-0.051542,0.7708,0.1881,0.2694,2,ok
0,633,-1.015623,1.173828,2.696202,0.004873,-0.084093,13.886304,0.198707,0.784530,-0.172156,-0.956687,C-06,0,0,0,1,1,0,0.002941,-0.072476,0.8125,0.1890,0.2678,3,ok
0,634,-1.037267,1.184127,2.694062,0.002933,-0.084167,13.910198,0.199832,0.242510,-0.022156,-0.264666,C-06,0,0,0,1,1,0,0.000790,-0.090690,0.8333,0.1987,0.2676,2,ok
0,635,-1.055313,1.192780,2.698176,0.001251,-0.080054,13.930141,0.200307,0.085074,0.085074,0.000000,,0,0,0,1,1,0,-0.001641,-0.097137,0.8333,0.2122,0.2681,2,ok
0,636,-1.077015,1.203160,2.702609,-0.000700,-0.074738,13.954116,0.200527,0.068199,0.068199,0.000000,,0,0,0,1,1,0,-0.003432,-0.100140,0.8125,0.2100,0.2667,2,ok
0,637,-1.095133,1.211742,2.705897,-0.002229,-0.071450,13.974106,0.200473,0.060901,0.060901,0.000000,,0,0,0,1,1,0,-0.005479,-0.100790,0.8125,0.2477,0.2678,2,ok
0,638,-1.116950,1.221884,2.718491,-0.003897,-0.059192,13.998105,0.200923,0.204633,0.204633,0.000000,,0,0,0,1,1,0,-0.007088,-0.099515,0.7917,0.2880,0.2725,2,ok
0,639,-1.135258,1.230293,2.737073,-0.005211,-0.040610,14.018209,0.202090,0.385968,0.354633,-0.031336,C-06,0,0,0,1,1,0,-0.005660,-0.088450,0.7292,0.2277,0.2648,2,ok
0,640,-1.157389,1.240099,2.751157,-0.006472,-0.027278,14.042369,0.201692,-0.007188,0.204633,0.211821,C-06,0,0,0,1,1,0,-0.008144,-0.074166,0.7083,0.3168,0.2692,2,ok
0,641,-1.179604,1.249345,2.755368,-0.007222,-0.023068,14.066419,0.200445,0.052054,0.054633,0.002578,C-06,0,0,0,1,1,0,-0.009554,-0.064201,0.7708,0.3671,0.2702,2,ok
0,642,-1.198163,1.256942,2.764316,-0.007731,-0.014120,14.086466,0.200808,0.169249,0.169249,0.000000,,0,0,0,1,1,0,-0.007872,-0.064741,0.7917,0.3489,0.2735,2,ok
0,643,-1.220510,1.266002,2.772327,-0.008286,-0.008619,14.110565,0.200969,0.117161,0.117161,0.000000,,0,0,0,1,1,0,-0.008421,-0.062450,0.8333,0.3787,0.2735,2,ok
0,644,-1.239184,1.273409,2.778349,-0.008599,-0.002597,14.130652,0.200882,0.106721,0.106721,0.000000,,0,0,0,1,1,0,-0.007557,-0.058504,0.8542,0.3962,0.2682,2,ok
0,645,-1.261648,1.282153,2.785540,-0.008862,0.000717,14.154732,0.200882,0.106586,0.106586,0.000000,,0,0,0,1,1,0,-0.007859,-0.053410,0.7917,0.4234,0.2652,2,ok
0,646,-1.280416,1.289335,2.792094,-0.008988,0.007271,14.174827,0.200966,0.116566,0.116566,0.000000,,0,0,0,1,1,0,-0.008293,-0.059157,0.7917,0.4533,0.2666,2,ok
0,647,-1.302980,1.297661,2.795647,-0.008900,0.005633,14.198827,0.200400,0.048800,0.048800,0.000000,,0,0,0,1,1,0,-0.006806,-0.057626,0.7708,0.4358,0.2676,2,ok
0,648,-1.321800,1.304486,2.796983,-0.008788,0.006969,14.218846,0.200177,0.021649,0.021649,0.000000,,0,0,0,1,1,0,-0.005779,-0.060086,0.7292,0.4534,0.2627,2,ok
0,649,-1.344411,1.312655,2.802858,-0.008625,0.012844,14.240971,0.200524,0.091049,0.091049,0.000000,,0,0,0,1,1,0,-0.006757,-0.061589,0.7292,0.4896,0.2665,2,ok
0,650,-1.367091,1.320823,2.814146,-0.008634,0.017680,14.266926,0.201203,0.169614,0.169614,0.000000,,0,0,0,1,1,0,-0.006362,-0.069193,0.7292,0.4962,0.2659,2,ok
0,651,-1.386048,1.327463,2.820293,-0.008452,0.023827,14.287012,0.200832,0.101341,0.101341,0.000000,,0,0,0,1,1,0,-0.005339,-0.064669,0.7500,0.5157,0.2644,2,ok
0,652,-1.408829,1.335110,2.822465,-0.008088,0.018134,14.310968,0.200213,0.026372,0.026372,0.000000,,0,0,0,1,1,0,-0.003526,-0.066655,0.8333,0.5011,0.2653,2,ok
0,653,-1.427834,1.341451,2.827411,-0.007783,0.023080,14.331000,0.200484,0.089751,0.089751,0.000000,,0,0,0,1,1,0,-0.002437,-0.078666,0.8125,0.5263,0.2644,2,ok
0,654,-1.450684,1.349057,2.834310,-0.007489,0.019977,14.355024,0.200812,0.099864,0.099864,0.000000,,0,0,0,1,1,0,-0.001702,-0.082020,0.7917,0.5256,0.2666,2,ok
0,655,-1.469769,1.355354,2.841704,-0.007267,0.027370,14.375120,0.201047,0.128721,0.128721,0.000000,,0,0,0,1,1,0,0.000111,-0.082274,0.7917,0.5109,0.2678,2,ok
0,656,-1.492713,1.362580,2.845743,-0.006722,0.020368,14.399102,0.200418,0.052415,0.052415,0.000000,,0,0,0,1,1,0,0.001475,-0.085440,0.8125,0.5006,0.2625,2,ok
0,657,-1.511851,1.368484,2.847737,-0.006308,0.022363,14.419124,0.200259,0.032700,0.032700,0.000000,,0,0,0,1,1,0,0.002811,-0.091475,0.7708,0.4920,0.2651,2,ok
0,658,-1.534850,1.375523,2.856532,-0.005757,0.031157,14.443171,0.200667,0.132180,0.132180,0.000000,,0,0,0,1,1,0,0.004674,-0.101047,0.7500,0.4726,0.2614,2,ok
0,659,-1.557921,1.382561,2.868522,-0.005534,0.030259,14.467196,0.201293,0.171352,0.171352,0.000000,,0,0,0,1,1,0,0.010290,-0.118601,0.7500,0.4156,0.2535,2,ok
0,660,-1.577207,1.388352,2.878791,-0.005297,0.040528,14.487331,0.201359,0.172618,0.172618,0.000000,,0,0,0,1,1,0,0.009667,-0.115043,0.8125,0.4247,0.2566,2,ok
0,661,-1.600415,1.394982,2.889391,-0.004864,0.035733,14.511399,0.201120,0.145629,0.145629,0.000000,,0,0,0,1,1,0,0.008557,-0.115776,0.7917,0.4582,0.2590,2,ok
0,662,-1.619819,1.400373,2.905043,-0.004467,0.051384,14.531534,0.201721,0.269355,0.269355,0.000000,,0,0,0,1,1,0,0.010216,-0.114182,0.7917,0.4311,0.2615,2,ok
0,663,-1.643203,1.406739,2.924458,-0.003971,0.052432,14.555692,0.201971,0.264625,0.264625,0.000000,,0,0,0,1,1,0,0.012815,-0.109960,0.7917,0.3969,0.2607,2,ok
0,664,-1.662761,1.411593,2.937439,-0.003376,0.065413,14.575834,0.201459,0.206076,0.206076,0.000000,,0,0,0,1,1,0,0.014955,-0.107291,0.7917,0.3707,0.2606,2,ok
0,665,-1.686303,1.417160,2.954916,-0.002395,0.082890,14.600006,0.201604,0.235248,0.235248,0.000000,,0,0,0,1,1,0,0.014955,-0.107291,0.7917,0.3707,0.2606,2,ok
0,666,-1.705968,1.421132,2.961035,-0.001281,0.069259,14.619992,0.200535,-0.145257,0.085248,0.230505,C-06,0,0,0,1,1,0,0.017209,-0.108708,0.7708,0.3632,0.2678,2,ok
0,667,-1.729571,1.425456,2.956856,0.000436,0.065080,14.643925,0.199849,-0.322870,-0.064752,0.258118,C-06,0,0,0,1,1,0,0.017324,-0.105278,0.7292,0.3530,0.2663,2,ok
0,668,-1.753166,1.429864,2.958914,0.001745,0.043117,14.667921,0.200079,0.032380,0.032380,0.000000,,0,0,0,1,1,0,0.015172,-0.116552,0.7083,0.3701,0.2667,2,ok
0,669,-1.772851,1.433543,2.969662,0.002613,0.053865,14.687928,0.200434,1.000000,0.182380,-0.817620,C-06,0,0,0,1,1,0,0.015195,-0.127360,0.7500,0.3579,0.2667,2,ok
0,670,-1.796544,1.437957,2.994422,0.003572,0.051306,14.712089,0.201195,0.672837,0.332380,-0.340457,C-06,0,0,0,1,1,0,0.015278,-0.125441,0.7708,0.3443,0.2635,2,ok
0,671,-1.816354,1.441627,3.013092,0.004006,0.069976,14.732232,0.201599,0.285158,0.285158,0.000000,,0,0,0,1,1,0,0.016864,-0.109762,0.7917,0.3343,0.2704,2,ok
0,672,-1.840174,1.445200,3.024486,0.005350,0.081370,14.756281,0.200647,0.102968,0.135158,0.032190,C-06,0,0,0,1,1,0,0.017094,-0.098451,0.7708,0.3439,0.2678,2,ok
0,673,-1.860038,1.447561,3.024947,0.006570,0.050616,14.776443,0.199999,-0.002631,-0.002631,0.000000,,0,0,0,1,1,0,0.017779,-0.087612,0.7917,0.3380,0.2664,2,ok
0,674,-1.883882,1.450353,3.030277,0.007868,0.055946,14.800415,0.200113,0.073233,0.073233,0.000000,,0,0,0,1,1,0,0.017655,-0.091087,0.7708,0.3381,0.2649,2,ok
0,675,-1.903754,1.452576,3.026092,0.008884,0.020972,14.820685,0.199904,-0.096672,-0.076767,0.019905,C-06,0,0,0,1,1,0,0.017350,-0.101780,0.7917,0.3383,0.2638,2,ok
0,676,-1.927587,1.455233,3.021348,0.009488,0.016227,14.844658,0.199792,-0.059238,-0.059238,0.000000,,0,0,0,1,1,0,0.017350,-0.101780,0.7917,0.3383,0.2638,2,ok
0,677,-1.951422,1.458104,3.027705,0.009879,0.022584,14.868662,0.200145,0.577273,0.090762,-0.486511,C-06,0,0,0,1,1,0,0.014676,-0.119032,0.7083,0.3432,0.2641,2,ok
0,678,-1.971308,1.460508,3.042597,0.009460,0.008058,14.889077,0.200450,1.000000,0.240762,-0.759238,C-06,0,0,0,1,1,0,0.010564,-0.128647,0.7083,0.4148,0.2658,2,ok
0,679,-1.995221,1.463392,3.072977,0.008898,0.038438,14.913158,0.200952,0.751591,0.390762,-0.360829,C-06,0,0,0,1,1,0,0.012823,-0.119375,0.7708,0.3734,0.2632,2,ok
0,680,-2.015185,1.465553,3.090188,0.008466,0.029173,14.933431,0.200737,0.088772,0.240762,0.151989,C-06,0,0,0,1,1,0,0.015614,-0.097919,0.8125,0.3455,0.2620,3,ok
0,681,-2.039159,1.467167,3.098501,0.008632,0.037486,14.957458,0.200193,-0.152804,0.090762,0.243566,C-06,0,0,0,1,1,0,0.015377,-0.085746,0.8333,0.3906,0.2696,2,ok
0,682,-2.059140,1.468046,3.096882,0.009235,0.035866,14.976691,0.199983,-0.032511,-0.032511,0.000000,,0,0,0,1,1,0,0.016183,-0.082651,0.8125,0.3808,0.2664,2,ok
0,683,-2.083115,1.469074,3.095745,0.009577,0.011708,15.001596,0.199977,-0.012993,-0.012993,0.000000,,0,0,0,1,1,0,0.017154,-0.086685,0.7708,0.3431,0.2672,2,ok
0,684,-2.103096,1.469939,3.099656,0.009864,0.015619,15.021593,0.200009,0.062852,0.062852,0.000000,,0,0,0,1,1,0,0.014028,-0.098824,0.7917,0.4133,0.2683,2,ok
0,685,-2.127081,1.470977,3.114617,0.009880,0.012007,15.045794,0.200110,0.189426,0.189426,0.000000,,0,0,0,1,1,0,0.014934,-0.102986,0.7708,0.3812,0.2689,2,ok
0,686,-2.151073,1.471776,3.118649,0.009999,0.016038,15.069799,0.200044,0.038716,0.039426,0.000710,C-06,0,0,0,1,1,0,0.016094,-0.096745,0.7083,0.3672,0.2686,2,ok
0,687,-2.171070,1.472396,3.131165,0.009992,0.011421,15.089978,0.200084,0.287290,0.189426,-0.097864,C-06,0,0,0,1,1,0,0.015883,-0.098082,0.7292,0.3847,0.2638,2,ok
0,688,-2.195069,1.473141,-3.124393,0.009754,0.039048,15.113987,0.200071,1.000000,0.339426,-0.660574,C-06,0,0,0,1,1,0,0.014203,-0.104897,0.7500,0.4141,0.2702,3,ok
0,689,-2.215062,1.473669,-3.105771,0.009647,0.057670,15.133328,0.199914,0.261499,0.261499,0.000000,,0,0,0,1,1,0,0.018120,-0.090218,0.7708,0.3679,0.2655,2,ok
0,690,-2.239042,1.473263,-3.096014,0.010132,0.049785,15.158131,0.199847,-0.129106,0.111499,0.240604,C-06,0,0,0,1,1,0,0.019659,-0.066911,0.8333,0.3820,0.2635,2,ok
0,691,-2.259022,1.472383,-3.097904,0.011089,0.047895,15.178107,0.200015,-0.196502,-0.038501,0.158000,C-06,0,0,0,1,1,0,0.021941,-0.057417,0.8333,0.3435,0.2644,2,ok
0,692,-2.283005,1.471290,-3.112695,0.012017,0.015888,15.202273,0.200120,-0.491131,-0.188501,0.302630,C-06,0,0,0,1,1,0,0.019739,-0.063236,0.7917,0.4134,0.2675,3,ok
0,693,-2.303001,1.470379,-3.131947,0.012697,-0.003364,15.222278,0.200196,-0.283249,-0.283249,0.000000,,0,0,0,1,1,0,0.017731,-0.091494,0.8125,0.4185,0.2664,3,ok
0,694,-2.327000,1.469286,3.125575,0.013345,-0.046274,15.246544,0.200185,-0.304900,-0.304900,0.000000,,0,0,0,1,1,0,0.017498,-0.119677,0.7500,0.3724,0.2642,2,ok
0,695,-2.350994,1.469024,3.111748,0.012873,-0.060101,15.270534,0.199915,0.171488,-0.154900,-0.326388,C-06,0,0,0,1,1,0,0.011609,-0.148879,0.7500,0.4500,0.2667,2,ok
0,696,-2.370984,1.469575,3.110679,0.011711,-0.061170,15.289856,0.199994,0.666407,-0.004900,-0.671308,C-06,0,0,0,1,1,0,0.010988,-0.171975,0.7500,0.4077,0.2643,2,ok
0,697,-2.394973,1.470293,3.112625,0.009833,-0.076875,15.314628,0.200005,0.024876,0.024876,0.000000,,0,0,0,1,1,0,0.005128,-0.178363,0.7708,0.4597,0.2709,2,ok
0,698,-2.414968,1.470891,3.123863,0.008279,-0.065637,15.334571,0.200056,0.351985,0.174876,-0.177109,C-06,0,0,0,1,1,0,0.001609,-0.190844,0.8333,0.4926,0.2691,2,ok
0,699,-2.438966,1.471609,-3.138815,0.006129,-0.062837,15.358616,0.200089,0.247389,0.247389,0.000000,,0,0,0,1,1,0,0.001807,-0.185316,0.7917,0.4510,0.2657,2,ok
0,700,-2.458965,1.472195,-3.124166,0.004243,-0.048188,15.378535,0.200041,0.205377,0.205377,0.000000,,0,0,0,1,1,0,0.002586,-0.177810,0.8333,0.4217,0.2627,2,ok
0,701,-2.482953,1.472787,-3.097769,0.001933,-0.039454,15.402472,0.199872,0.323660,0.323660,0.000000,,0,0,0,1,1,0,-0.000062,-0.163698,0.8125,0.4811,0.2667,2,ok
0,702,-2.502925,1.472768,-3.080152,0.000269,-0.021836,15.422375,0.199644,0.253479,0.253479,0.000000,,0,0,0,1,1,0,0.001657,-0.152021,0.7917,0.4233,0.2634,2,ok
0,703,-2.526873,1.471710,-3.071010,-0.000697,-0.012694,15.446326,0.199756,-0.019249,0.103479,0.122728,C-06,0,0,0,1,1,0,0.000516,-0.140337,0.7500,0.4439,0.2628,2,ok
0,704,-2.550807,1.470310,-3.064636,-0.001692,-0.023992,15.470270,0.199792,0.077323,0.077323,0.000000,,0,0,0,1,1,0,-0.000375,-0.141927,0.7708,0.4431,0.2657,2,ok
0,705,-2.570750,1.468789,-3.068650,-0.002170,-0.028007,15.490265,0.200062,-0.148716,-0.072677,0.076039,C-06,0,0,0,1,1,0,-0.003206,-0.141459,0.7500,0.5008,0.2675,2,ok
0,706,-2.594689,1.466937,-3.071456,-0.003014,-0.048542,15.514215,0.200094,-0.032658,-0.032658,0.000000,,0,0,0,1,1,0,-0.003049,-0.155041,0.7500,0.4565,0.2655,2,ok
0,707,-2.614636,1.465514,-3.064512,-0.003967,-0.041598,15.534189,0.199914,0.198049,0.117342,-0.080707,C-06,0,0,0,1,1,0,-0.008836,-0.159525,0.7917,0.5283,0.2685,2,ok
0,708,-2.638545,1.463817,-3.043989,-0.005243,-0.038288,15.558041,0.199569,0.312378,0.267342,-0.045037,C-06,0,0,0,1,1,0,-0.005748,-0.163609,0.7917,0.4328,0.2660,2,ok
0,709,-2.658429,1.462403,-3.023933,-0.006543,-0.018231,15.577933,0.199146,0.307241,0.307241,0.000000,,0,0,0,1,1,0,-0.008920,-0.153389,0.8125,0.5239,0.2665,2,ok
0,710,-2.682237,1.460327,-3.006761,-0.007719,-0.001060,15.601803,0.199115,0.213935,0.213935,0.000000,,0,0,0,1,1,0,-0.006325,-0.142432,0.7917,0.4618,0.2661,2,ok
0,711,-2.702032,1.458369,-2.989413,-0.008792,-0.002506,15.621529,0.198774,0.274570,0.274570,0.000000,,0,0,0,1,1,0,-0.007345,-0.125404,0.7917,0.5039,0.2681,2,ok
0,712,-2.725725,1.455387,-2.973940,-0.009476,0.012967,15.645399,0.198988,0.196719,0.196719,0.000000,,0,0,0,1,1,0,-0.007552,-0.130185,0.7708,0.5251,0.2653,2,ok
0,713,-2.749367,1.451811,-2.963699,-0.009795,0.005409,15.669148,0.199267,0.130949,0.130949,0.000000,,0,0,0,1,1,0,-0.005675,-0.123783,0.7500,0.4788,0.2649,2,ok
0,714,-2.769031,1.448703,-2.952088,-0.010068,0.017020,15.689054,0.198920,0.188728,0.188728,0.000000,,0,0,0,1,1,0,-0.005628,-0.118740,0.7083,0.4729,0.2602,2,ok
0,715,-2.792592,1.444325,-2.948429,-0.009871,0.001705,15.712785,0.199759,-0.155034,0.038728,0.193762,C-06,0,0,0,1,1,0,-0.005376,-0.123412,0.7292,0.4714,0.2629,2,ok
0,716,-2.812230,1.440491,-2.954634,-0.009895,-0.004501,15.732794,0.200222,-0.200676,-0.111272,0.089405,C-06,0,0,0,1,1,0,-0.011853,-0.122851,0.7500,0.5914,0.2762,2,ok
0,717,-2.835808,1.436031,-2.952307,-0.010065,-0.002174,15.756790,0.199906,0.063540,0.038728,-0.024811,C-06,0,0,0,1,1,0,-0.013640,-0.131427,0.7708,0.6384,0.2701,2,ok
0,718,-2.855432,1.432321,-2.941466,-0.010437,-0.010119,15.776617,0.199514,0.285892,0.188728,-0.097164,C-06,0,0,0,1,1,0,-0.011618,-0.134908,0.8125,0.5787,0.2692,2,ok
0,719,-2.878903,1.427868,-2.920800,-0.010925,0.010547,15.800502,0.198682,0.285512,0.285512,0.000000,,0,0,0,1,1,0,-0.014916,-0.137346,0.8333,0.6595,0.2657,2,ok
0,720,-2.898386,1.424051,-2.906794,-0.011389,0.004399,15.820092,0.198505,0.226482,0.226482,0.000000,,0,0,0,1,1,0,-0.013115,-0.119040,0.7917,0.6553,0.2692,2,ok
0,721,-2.921667,1.419227,-2.885050,-0.012026,0.026143,15.843858,0.197917,0.305961,0.305961,0.000000,,0,0,0,1,1,0,-0.017134,-0.123567,0.8125,0.7812,0.2748,2,ok
0,722,-2.944829,1.413745,-2.868500,-0.011994,0.042692,15.864905,0.198366,0.226228,0.226228,0.000000,,0,0,0,1,1,0,-0.013289,-0.114509,0.7917,0.7179,0.2623,2,ok
0,723,-2.964066,1.408639,-2.860790,-0.011806,0.031353,15.887362,0.199094,0.120438,0.120438,0.000000,,0,0,0,1,1,0,-0.016635,-0.109486,0.7708,0.8448,0.2709,2,ok
0,724,-2.987096,1.402303,-2.851935,-0.011311,0.040208,15.911243,0.199044,0.125642,0.125642,0.000000,,0,0,0,1,1,0,-0.016552,-0.108120,0.7292,0.8711,0.2697,2,ok
0,725,-3.006263,1.396616,-2.852651,-0.010817,0.018395,15.930969,0.200038,-0.072728,-0.024358,0.048370,C-06,0,0,0,1,1,0,-0.024487,-0.120992,0.7292,1.0100,0.2874,2,ok
0,726,-3.029272,1.389760,-2.853852,-0.010376,0.017194,15.954974,0.200105,-0.016586,-0.016586,0.000000,,0,0,0,1,1,0,-0.019732,-0.125032,0.7500,0.9501,0.2870,2,ok
0,727,-3.048432,1.384082,-2.846746,-0.010126,0.003540,15.974772,0.199629,0.133040,0.133040,0.000000,,0,0,0,1,1,0,-0.019062,-0.137480,0.7917,0.9904,0.2696,2,ok
0,728,-3.071365,1.377273,-2.837930,-0.010141,0.012355,15.998695,0.199130,0.125388,0.125388,0.000000,,0,0,0,1,1,0,-0.018183,-0.146210,0.8125,0.9979,0.2750,2,ok
0,729,-3.090415,1.371599,-2.825921,-0.010136,0.024364,16.018572,0.198446,0.214007,0.214007,0.000000,,0,0,0,1,1,0,-0.020835,-0.148449,0.8125,1.0981,0.2774,2,ok
0,730,-3.113140,1.364711,-2.801672,-0.010487,0.026188,16.042071,0.197224,0.404870,0.364007,-0.040863,C-06,0,0,0,1,1,0,-0.018038,-0.148424,0.7917,1.0682,0.2716,2,ok
0,731,-3.135655,1.357542,-2.773966,-0.010608,0.053894,16.065698,0.196839,0.412047,0.412047,0.000000,,0,0,0,1,1,0,-0.014389,-0.150672,0.7500,1.0252,0.2648,2,ok
0,732,-3.154262,1.350815,-2.758827,-0.010154,0.046204,16.085257,0.197946,0.032281,0.262047,0.229765,C-06,0,0,0,1,1,0,-0.014723,-0.150019,0.7917,1.0573,0.2612,2,ok
0,733,-3.176486,1.342069,-2.750718,-0.009199,0.054313,16.109121,0.199108,-0.087783,0.112047,0.199829,C-06,0,0,0,1,1,0,-0.012895,-0.130670,0.7500,1.1091,0.2644,2,ok
0,734,-3.194939,1.334659,-2.740256,-0.008265,0.064776,16.128537,0.198513,0.196884,0.196884,0.000000,,0,0,0,1,1,0,-0.013695,-0.132329,0.7292,1.1707,0.2776,2,ok
0,735,-3.217012,1.325374,-2.736590,-0.007357,0.043943,16.152707,0.199627,0.046951,0.046951,0.000000,,0,0,0,1,1,0,-0.015925,-0.155493,0.6875,1.2740,0.2746,2,ok
0,736,-3.235390,1.317522,-2.735538,-0.006480,0.044994,16.172672,0.199863,0.017166,0.017166,0.000000,,0,0,0,1,1,0,-0.009983,-0.158958,0.7292,1.1890,0.2681,2,ok
0,737,-3.257422,1.308083,-2.732025,-0.005784,0.023273,16.196475,0.199624,0.055975,0.055975,0.000000,,0,0,0,1,1,0,-0.007699,-0.176720,0.7917,1.1837,0.2627,2,ok
0,738,-3.275738,1.300184,-2.724138,-0.005350,0.031160,16.216417,0.199203,0.152594,0.152594,0.000000,,0,0,0,1,1,0,-0.010553,-0.194427,0.7917,1.3094,0.2740,2,ok
0,739,-3.297635,1.290654,-2.715469,-0.004893,0.012427,16.240162,0.198976,0.132441,0.132441,0.000000,,0,0,0,1,1,0,-0.009364,-0.203443,0.8125,1.3199,0.2635,2,ok
0,740,-3.319441,1.280960,-2.705838,-0.004737,0.022058,16.264026,0.198853,0.150337,0.150337,0.000000,,0,0,0,1,1,0,-0.011402,-0.230631,0.7917,1.4015,0.2650,2,ok
0,741,-3.337519,1.272727,-2.692646,-0.004427,0.035250,16.283887,0.198184,0.257641,0.257641,0.000000,,0,0,0,1,1,0,-0.003907,-0.244095,0.7500,1.2218,0.2606,2,ok
0,742,-3.359100,1.262466,-2.685308,-0.004200,0.013108,16.307662,0.199202,0.070025,0.107641,0.037617,C-06,0,0,0,1,1,0,-0.008129,-0.246577,0.7708,1.3365,0.2561,2,ok
0,743,-3.376999,1.253719,-2.672367,-0.003902,0.026049,16.327582,0.198771,0.276808,0.257641,-0.019167,C-06,0,0,0,1,1,0,-0.004923,-0.264273,0.7083,1.2748,0.2582,2,ok
0,744,-3.398273,1.243126,-2.647550,-0.003664,0.015633,16.351228,0.197264,0.526719,0.407641,-0.119077,C-06,0,0,0,1,1,0,-0.014747,-0.286833,0.6875,1.4904,0.2683,2,ok
0,745,-3.415753,1.234055,-2.620359,-0.003531,0.042824,16.370920,0.196681,0.538886,0.538886,0.000000,,0,0,0,1,1,0,-0.015186,-0.291469,0.7083,1.5042,0.2682,2,ok
0,746,-3.436354,1.222545,-2.585197,-0.002643,0.077986,16.394502,0.196864,0.587357,0.587357,0.000000,,0,0,0,1,1,0,-0.003134,-0.277438,0.7292,1.2823,0.2520,2,ok
0,747,-3.453217,1.212220,-2.563131,-0.001748,0.059341,16.414165,0.197924,0.367613,0.437357,0.069745,C-06,0,0,0,1,1,0,-0.002676,-0.258372,0.8333,1.3372,0.2601,2,ok
0,748,-3.473197,1.199212,-2.546002,-0.000085,0.076470,16.437949,0.198785,0.201542,0.287357,0.085816,C-06,0,0,0,1,1,0,-0.002676,-0.258372,0.8333,1.3372,0.2601,2,ok
0,749,-3.493005,1.185789,-2.537555,0.001471,0.038919,16.461878,0.199457,-0.051221,0.137357,0.188578,C-06,0,0,0,1,1,0,0.003243,-0.247875,0.7708,1.2336,0.2551,2,ok
0,750,-3.509462,1.174431,-2.537512,0.002320,0.038962,16.481856,0.200033,-0.015472,-0.012643,0.002829,C-06,0,0,0,1,1,0,0.001383,-0.248710,0.7500,1.3097,0.2614,2,ok
0,751,-3.529169,1.160795,-2.530210,0.003367,0.046264,16.505798,0.199492,0.488951,0.137357,-0.351594,C-06,0,0,0,1,1,0,0.001769,-0.283944,0.7708,1.2752,0.2563,2,ok
0,752,-3.545474,1.149309,-2.517081,0.003465,0.008324,16.525926,0.199068,0.301781,0.287357,-0.014424,C-06,0,0,0,1,1,0,0.000779,-0.307081,0.7292,1.2584,0.2593,2,ok
0,753,-3.564787,1.135238,-2.494419,0.003807,0.030985,16.549819,0.199013,0.410129,0.410129,0.000000,,0,0,0,1,1,0,-0.003586,-0.314458,0.7500,1.3493,0.2596,2,ok
0,754,-3.580620,1.123162,-2.473849,0.004275,-0.004068,16.569957,0.199290,0.448258,0.448258,0.000000,,0,0,0,1,1,0,0.006230,-0.341469,0.6458,1.1191,0.2489,2,ok
0,755,-3.599229,1.108085,-2.441865,0.004548,0.027916,16.593906,0.199875,0.790872,0.598258,-0.192614,C-06,0,0,0,1,1,0,0.001675,-0.330947,0.6875,1.2047,0.2544,2,ok
0,756,-3.614401,1.094959,-2.408426,0.005424,0.061355,16.613949,0.201330,0.890491,0.748258,-0.142233,C-06,0,0,0,1,1,0,0.002765,-0.311033,0.7917,1.1718,0.2520,2,ok
0,757,-3.632141,1.078584,-2.372752,0.006320,0.041069,16.638414,0.200676,0.625381,0.625381,0.000000,,0,0,0,1,1,0,0.005766,-0.291408,0.8125,1.1267,0.2564,2,ok
0,758,-3.649171,1.061665,-2.344689,0.007637,0.069132,16.662383,0.199714,0.472107,0.475381,0.003274,C-06,0,0,0,1,1,0,0.010291,-0.272551,0.7917,1.0368,0.2598,2,ok
0,759,-3.663032,1.047297,-2.328622,0.008960,0.028942,16.682816,0.199481,0.071738,0.325381,0.253643,C-06,0,0,0,1,1,0,0.008407,-0.259603,0.7917,1.1092,0.2589,2,ok
0,760,-3.679433,1.029827,-2.318233,0.009715,0.039331,16.706767,0.199603,-0.118586,0.175381,0.293966,C-06,0,0,0,1,1,0,0.010289,-0.249733,0.7708,1.0708,0.2576,2,ok
0,761,-3.693014,1.015154,-2.316626,0.010488,0.040938,16.726745,0.199940,-0.092029,0.025381,0.117410,C-06,0,0,0,1,1,0,0.012281,-0.269650,0.7292,1.0231,0.2569,2,ok
0,762,-3.709232,0.997505,-2.308397,0.010669,-0.006915,16.751313,0.199660,0.156318,0.156318,0.000000,,0,0,0,1,1,0,0.011937,-0.291591,0.7500,0.9753,0.2518,2,ok
0,763,-3.722586,0.982669,-2.294868,0.010600,0.006614,16.771275,0.199578,0.367052,0.306318,-0.060735,C-06,0,0,0,1,1,0,0.008986,-0.302248,0.7708,1.0150,0.2504,2,ok
0,764,-3.738271,0.964537,-2.270635,0.010990,0.030847,16.793048,0.200038,0.510540,0.456318,-0.054222,C-06,0,0,0,1,1,0,0.008796,-0.308523,0.6667,0.9690,0.2566,2,ok
0,765,-3.751030,0.949092,-2.247272,0.010527,-0.001022,16.815880,0.200583,0.521771,0.521771,0.000000,,0,0,0,1,1,0,0.004781,-0.312324,0.7292,1.0193,0.2612,2,ok
0,766,-3.765940,0.930112,-2.210550,0.010727,0.035700,16.840015,0.201758,0.760847,0.671771,-0.089076,C-06,0,0,0,1,1,0,0.006434,-0.300798,0.7917,0.9992,0.2573,2,ok
0,767,-3.780326,0.910645,-2.180421,0.010855,0.012003,16.864804,0.201957,0.455657,0.521771,0.066114,C-06,0,0,0,1,1,0,0.006305,-0.282965,0.8333,0.9852,0.2605,2,ok
0,768,-3.791926,0.894126,-2.159022,0.011029,0.033402,16.884988,0.201965,0.438671,0.438671,0.000000,,0,0,0,1,1,0,0.009106,-0.270995,0.8125,0.9343,0.2602,2,ok
0,769,-3.805375,0.874042,-2.141511,0.011605,-0.001119,16.909773,0.201450,0.174019,0.288671,0.114652,C-06,0,0,0,1,1,0,0.010245,-0.264413,0.7917,0.9171,0.2622,2,ok
0,770,-3.816257,0.857170,-2.134160,0.011496,0.006233,16.929850,0.200725,-0.017478,0.138671,0.156149,C-06,0,0,0,1,1,0,0.011513,-0.263806,0.7500,0.8523,0.2581,2,ok
0,771,-3.829075,0.836876,-2.134117,0.011593,0.006276,16.953852,0.199980,-0.005287,-0.005287,0.000000,,0,0,0,1,1,0,0.009119,-0.264261,0.7708,0.8682,0.2598,2,ok
0,772,-3.839755,0.819944,-2.129491,0.011110,-0.039743,16.974454,0.200393,0.102512,0.102512,0.000000,,0,0,0,1,1,0,0.007811,-0.275662,0.7292,0.8328,0.2558,2,ok
0,773,-3.852476,0.799507,-2.115067,0.010136,-0.025318,16.998507,0.201186,0.482090,0.252512,-0.229578,C-06,0,0,0,1,1,0,0.001408,-0.284562,0.7292,0.9495,0.2607,2,ok
0,774,-3.862980,0.782307,-2.096699,0.009491,-0.006951,17.018651,0.202240,0.376257,0.376257,0.000000,,0,0,0,1,1,0,-0.003100,-0.296016,0.6667,0.9397,0.2730,2,ok
0,775,-3.875392,0.761368,-2.065037,0.007896,-0.023294,17.043385,0.203701,0.591399,0.526257,-0.065142,C-06,0,0,0,1,1,0,-0.003453,-0.289886,0.7083,0.9250,0.2719,2,ok
0,776,-3.887478,0.740014,-2.023203,0.006773,0.018540,17.067896,0.205335,0.763693,0.676257,-0.087436,C-06,0,0,0,1,1,0,0.000028,-0.273614,0.7708,0.8435,0.2711,2,ok
0,777,-3.896938,0.721902,-1.994344,0.005861,0.001615,17.088628,0.204326,0.442443,0.526257,0.083815,C-06,0,0,0,1,1,0,0.000687,-0.247860,0.7917,0.8356,0.2694,2,ok
0,778,-3.907449,0.699898,-1.968967,0.005260,0.026992,17.113006,0.203147,0.345443,0.376257,0.030815,C-06,0,0,0,1,1,0,0.002287,-0.225928,0.7917,0.8033,0.2662,2,ok
0,779,-3.915763,0.681390,-1.949964,0.005109,0.003033,17.133503,0.202892,0.341792,0.341792,0.000000,,0,0,0,1,1,0,0.002736,-0.208150,0.7917,0.8061,0.2607,2,ok
0,780,-3.925033,0.659033,-1.936430,0.004813,0.016567,17.157704,0.201603,0.061365,0.191792,0.130427,C-06,0,0,0,1,1,0,0.003405,-0.209990,0.7708,0.7874,0.2603,2,ok
0,781,-3.932542,0.640316,-1.925172,0.004799,0.027825,17.177871,0.201686,0.201034,0.201034,0.000000,,0,0,0,1,1,0,0.016371,-0.205728,0.7292,0.3749,0.2359,2,ok
0,782,-3.940990,0.617787,-1.921023,0.004626,-0.009047,17.202137,0.200419,-0.164601,0.051034,0.215635,C-06,0,0,0,1,1,0,0.002448,-0.206799,0.7292,0.7947,0.2633,2,ok
0,783,-3.947857,0.599017,-1.926063,0.004382,-0.014086,17.222122,0.199682,-0.230987,-0.098966,0.132021,C-06,0,0,0,1,1,0,0.000371,-0.208519,0.7083,0.8250,0.2592,2,ok
0,784,-3.956201,0.576505,-1.923047,0.003765,-0.048876,17.246271,0.200188,0.305651,0.051034,-0.254618,C-06,0,0,0,1,1,0,-0.006742,-0.244445,0.6875,0.8893,0.2680,2,ok
0,785,-3.964491,0.553929,-1.910082,0.002553,-0.035911,17.270291,0.200802,0.628121,0.201034,-0.427087,C-06,0,0,0,1,1,0,-0.003516,-0.251221,0.7292,0.8008,0.2625,2,ok
0,786,-3.971396,0.535009,-1.890812,0.001577,-0.016641,17.290407,0.201948,0.480306,0.351034,-0.129272,C-06,0,0,0,1,1,0,-0.003119,-0.253426,0.7500,0.7705,0.2608,2,ok
0,787,-3.979677,0.512129,-1.863475,-0.000282,-0.025120,17.314718,0.203357,0.393820,0.393820,0.000000,,0,0,0,1,1,0,-0.002808,-0.244811,0.7917,0.7158,0.2581,2,ok
0,788,-3.986319,0.492915,-1.840420,-0.001676,-0.002065,17.334999,0.203262,0.390255,0.390255,0.000000,,0,0,0,1,1,0,-0.001504,-0.229459,0.7292,0.6748,0.2586,2,ok
0,789,-3.993775,0.469696,-1.810482,-0.003138,-0.005576,17.359264,0.203407,0.513614,0.513614,0.000000,,0,0,0,1,1,0,-0.001632,-0.212881,0.7292,0.6636,0.2607,2,ok
0,790,-3.999753,0.450198,-1.779347,-0.004474,0.025559,17.379614,0.204018,0.508721,0.508721,0.000000,,0,0,0,1,1,0,-0.002099,-0.209642,0.7292,0.6629,0.2637,2,ok
0,791,-4.005852,0.426651,-1.751659,-0.004997,0.053247,17.403113,0.202525,0.145583,0.358721,0.213138,C-06,0,0,0,1,1,0,-0.002331,-0.205482,0.7292,0.6721,0.2609,2,ok
0,792,-4.010056,0.406952,-1.737766,-0.005191,0.034038,17.423923,0.201319,0.101858,0.208721,0.106864,C-06,0,0,0,1,1,0,0.002714,-0.173863,0.7292,0.5465,0.2583,2,ok
0,793,-4.014257,0.383274,-1.732613,-0.004562,0.039192,17.447963,0.200338,-0.147489,0.058721,0.206211,C-06,0,0,0,1,1,0,0.003290,-0.170685,0.6875,0.5316,0.2618,2,ok
0,794,-4.018134,0.359598,-1.738827,-0.004070,-0.000757,17.471818,0.199804,-0.271550,-0.091279,0.180271,C-06,0,0,0,1,1,0,0.001809,-0.183897,0.6042,0.5350,0.2624,2,ok
0,795,-4.021477,0.339876,-1.735614,-0.004003,0.002456,17.491822,0.200105,0.092456,0.058721,-0.033735,C-06,0,0,0,1,1,0,-0.004550,-0.188717,0.7708,0.6525,0.2645,2,ok
0,796,-4.025496,0.316174,-1.720673,-0.004093,-0.016463,17.515719,0.200552,0.337206,0.208721,-0.128485,C-06,0,0,0,1,1,0,-0.003769,-0.195515,0.7708,0.5894,0.2626,2,ok
0,797,-4.028845,0.296369,-1.698467,-0.004727,0.005743,17.535796,0.201147,0.495528,0.358721,-0.136807,C-06,0,0,0,1,1,0,-0.001931,-0.198679,0.7500,0.5066,0.2618,2,ok
0,798,-4.032864,0.272523,-1.669084,-0.005478,0.035126,17.559967,0.201806,0.373936,0.373936,0.000000,,0,0,0,1,1,0,-0.005939,-0.184947,0.7917,0.6291,0.2643,2,ok
0,799,-4.035892,0.252599,-1.646698,-0.006360,0.022732,17.579871,0.201410,0.332193,0.332193,0.000000,,0,0,0,1,1,0,-0.005706,-0.164705,0.7708,0.6211,0.2647,2,ok
0,800,-4.039147,0.228644,-1.614576,-0.007317,0.054854,17.604028,0.201374,0.398498,0.398498,0.000000,,0,0,0,1,1,0,-0.002069,-0.157652,0.7500,0.5152,0.2642,2,ok
0,801,-4.040906,0.208656,-1.596505,-0.007288,0.038676,17.623855,0.200536,0.003860,0.248498,0.244638,C-06,0,0,0,1,1,0,-0.001272,-0.135422,0.7292,0.5264,0.2589,2,ok
0,802,-4.041936,0.184662,-1.587709,-0.006814,0.047472,17.647867,0.200113,-0.129412,0.098498,0.227910,C-06,0,0,0,1,1,0,0.000295,-0.131369,0.7292,0.4926,0.2582,2,ok
0,803,-4.042480,0.160664,-1.584738,-0.005855,0.050443,17.671851,0.200023,0.031424,0.031424,0.000000,,0,0,0,1,1,0,-0.001133,-0.126073,0.7292,0.5485,0.2620,2,ok
0,804,-4.042804,0.140667,-1.586663,-0.005527,0.016068,17.691648,0.200001,-0.031459,-0.031459,0.000000,,0,0,0,1,1,0,-0.003838,-0.130387,0.6667,0.5787,0.2662,2,ok
0,805,-4.043186,0.116671,-1.592256,-0.005240,0.010476,17.715646,0.199980,-0.069261,-0.069261,0.000000,,0,0,0,1,1,0,-0.001243,-0.144096,0.7500,0.5177,0.2592,2,ok
0,806,-4.043614,0.096674,-1.587345,-0.005314,-0.014205,17.735501,0.200019,0.286092,0.080739,-0.205353,C-06,0,0,0,1,1,0,-0.005085,-0.160787,0.7708,0.5539,0.2704,2,ok
0,807,-4.044136,0.072676,-1.568802,-0.005836,0.004338,17.759500,0.200047,0.260308,0.230739,-0.029569,C-06,0,0,0,1,1,0,-0.005323,-0.166044,0.7917,0.5519,0.2632,2,ok
0,808,-4.044571,0.052677,-1.550301,-0.006271,0.022839,17.779498,0.200009,0.265084,0.265084,0.000000,,0,0,0,1,1,0,-0.007622,-0.156540,0.7708,0.6035,0.2723,2,ok
0,809,-4.045092,0.028692,-1.522704,-0.007363,0.022063,17.803297,0.199826,0.337147,0.337147,0.000000,,0,0,0,1,1,0,-0.005575,-0.147676,0.7708,0.5586,0.2601,2,ok
0,810,-4.044809,0.008723,-1.508647,-0.007606,0.036119,17.823267,0.199674,0.195460,0.195460,0.000000,,0,0,0,1,1,0,-0.005407,-0.135322,0.7083,0.5847,0.2663,2,ok
0,811,-4.043516,-0.015227,-1.504224,-0.007264,0.014468,17.847057,0.199889,-0.115633,0.045460,0.161093,C-06,0,0,0,1,1,0,-0.004659,-0.128375,0.7083,0.5712,0.2630,2,ok
0,812,-4.041929,-0.039174,-1.503959,-0.006935,0.014733,17.871053,0.199998,0.000648,0.000648,0.000000,,0,0,0,1,1,0,-0.006764,-0.131779,0.6875,0.6242,0.2603,2,ok
0,813,-4.040596,-0.059133,-1.510403,-0.006651,0.008289,17.888267,0.200075,-0.103637,-0.103637,0.000000,,0,0,0,1,1,0,-0.005778,-0.140271,0.6875,0.5823,0.2624,2,ok
0,814,-4.039149,-0.083088,-1.508016,-0.007177,-0.014195,17.914870,0.199967,0.037874,0.037874,0.000000,,0,0,0,1,1,0,-0.006310,-0.154263,0.6250,0.5729,0.2669,2,ok
0,815,-4.037952,-0.103041,-1.496228,-0.007563,-0.002408,17.934856,0.199814,0.246459,0.187874,-0.058585,C-06,0,0,0,1,1,0,-0.014513,-0.170793,0.7708,0.7327,0.2665,2,ok
0,816,-4.036515,-0.126952,-1.472375,-0.008427,-0.003536,17.958614,0.199414,0.305831,0.305831,0.000000,,0,0,0,1,1,0,-0.012405,-0.163642,0.7917,0.6774,0.2613,2,ok
0,817,-4.035317,-0.146834,-1.451933,-0.009269,0.016907,17.978514,0.198981,0.310760,0.310760,0.000000,,0,0,0,1,1,0,-0.009213,-0.154818,0.7708,0.6222,0.2641,2,ok
0,818,-4.033385,-0.170633,-1.431129,-0.009962,0.013251,18.002170,0.198913,0.263931,0.263931,0.000000,,0,0,0,1,1,0,-0.009629,-0.142196,0.7500,0.6609,0.2665,2,ok
0,819,-4.031340,-0.190415,-1.414789,-0.010386,0.029592,18.022053,0.198822,0.253770,0.253770,0.000000,,0,0,0,1,1,0,-0.007156,-0.138869,0.7292,0.6331,0.2635,2,ok
0,820,-4.027972,-0.214106,-1.406170,-0.009983,0.038210,18.045978,0.199446,0.101584,0.103770,0.002186,C-06,0,0,0,1,1,0,-0.006049,-0.136518,0.7292,0.6190,0.2639,2,ok
0,821,-4.024063,-0.237785,-1.409002,-0.009646,0.011745,18.069709,0.200087,-0.091078,-0.046230,0.044848,C-06,0,0,0,1,1,0,-0.007298,-0.137657,0.7292,0.6785,0.2682,2,ok
0,822,-4.020785,-0.257538,-1.418053,-0.009380,0.002694,18.089730,0.200356,-0.148074,-0.148074,0.000000,,0,0,0,1,1,0,-0.006664,-0.147378,0.6667,0.6364,0.2641,2,ok
0,823,-4.016893,-0.281270,-1.424257,-0.009420,-0.028089,18.113559,0.200409,-0.075639,-0.075639,0.000000,,0,0,0,1,1,0,-0.011056,-0.175459,0.6250,0.7136,0.2689,2,ok
0,824,-4.013959,-0.301051,-1.420215,-0.009971,-0.024047,18.133549,0.199882,0.483466,0.074361,-0.409106,C-06,0,0,0,1,1,0,-0.013544,-0.196310,0.7083,0.7350,0.2644,2,ok
0,825,-4.010461,-0.324751,-1.403994,-0.010739,-0.032772,18.157254,0.199392,0.599382,0.224361,-0.375021,C-06,0,0,0,1,1,0,-0.016142,-0.198788,0.7708,0.7900,0.2614,2,ok
0,826,-4.007546,-0.344438,-1.383094,-0.011742,-0.011872,18.177131,0.198681,0.342749,0.342749,0.000000,,0,0,0,1,1,0,-0.016138,-0.198813,0.7500,0.8035,0.2644,2,ok
0,827,-4.003992,-0.367958,-1.357633,-0.012868,0.013589,18.200891,0.197994,0.341557,0.341557,0.000000,,0,0,0,1,1,0,-0.015112,-0.189071,0.7083,0.7900,0.2649,2,ok
0,828,-4.000788,-0.387445,-1.329521,-0.013943,0.016438,18.220243,0.197104,0.469837,0.469837,0.000000,,0,0,0,1,1,0,-0.015732,-0.169949,0.7292,0.8424,0.2691,2,ok
0,829,-3.995945,-0.410677,-1.305654,-0.014414,0.040306,18.243970,0.197787,0.308995,0.319837,0.010842,C-06,0,0,0,1,1,0,0.001216,-0.165680,0.7083,0.3540,0.2376,2,ok
0,830,-3.990555,-0.433758,-1.280406,-0.014506,0.039334,18.267330,0.197424,0.357829,0.357829,0.000000,,0,0,0,1,1,0,-0.012734,-0.161176,0.7083,0.8554,0.2629,2,ok
0,831,-3.985294,-0.452882,-1.267601,-0.014121,0.052139,18.287161,0.198421,-0.028676,0.207829,0.236505,C-06,0,0,0,1,1,0,-0.009992,-0.151538,0.6875,0.8193,0.2655,2,ok
0,832,-3.978279,-0.475769,-1.263028,-0.012965,0.056712,18.311071,0.199544,-0.175490,0.057829,0.233319,C-06,0,0,0,1,1,0,-0.009315,-0.147214,0.6875,0.8339,0.2645,2,ok
0,833,-3.972226,-0.494841,-1.267735,-0.012317,0.023853,18.330704,0.200266,-0.275346,-0.092171,0.183174,C-06,0,0,0,1,1,0,-0.007256,-0.174050,0.6458,0.8128,0.2597,2,ok
0,834,-3.965000,-0.517756,-1.269976,-0.011645,0.021611,18.354722,0.200226,-0.028311,-0.028311,0.000000,,0,0,0,1,1,0,-0.005118,-0.189185,0.6875,0.7485,0.2546,2,ok
0,835,-3.959071,-0.536841,-1.263572,-0.011402,-0.000528,18.374381,0.199650,0.400865,0.121689,-0.279176,C-06,0,0,0,1,1,0,-0.006292,-0.202771,0.7500,0.7651,0.2565,2,ok
0,836,-3.951962,-0.559654,-1.245498,-0.011493,0.017546,18.398275,0.198606,0.726239,0.271689,-0.454551,C-06,0,0,0,1,1,0,-0.006542,-0.211778,0.7500,0.7491,0.2580,2,ok
0,837,-3.946038,-0.578532,-1.222283,-0.011529,0.040761,18.418061,0.197175,0.621376,0.421689,-0.199687,C-06,0,0,0,1,1,0,-0.006279,-0.215079,0.7708,0.7475,0.2545,2,ok
0,838,-3.938741,-0.600958,-1.190892,-0.012010,0.041135,18.441267,0.196419,0.469904,0.469904,0.000000,,0,0,0,1,1,0,-0.005691,-0.203230,0.7708,0.7510,0.2553,2,ok
0,839,-3.930436,-0.623146,-1.169003,-0.011536,0.063024,18.464953,0.197527,0.264250,0.319904,0.055654,C-06,0,0,0,1,1,0,-0.003168,-0.197949,0.7292,0.6970,0.2573,2,ok
0,840,-3.922934,-0.641506,-1.157407,-0.010863,0.040638,18.484442,0.198406,0.205115,0.205115,0.000000,,0,0,0,1,1,0,-0.000455,-0.192276,0.7292,0.6388,0.2573,2,ok
0,841,-3.913394,-0.663461,-1.153156,-0.009863,0.044889,18.508359,0.199567,-0.116182,0.055115,0.171298,C-06,0,0,0,1,1,0,-0.001466,-0.188212,0.7083,0.6717,0.2605,2,ok
0,842,-3.905286,-0.681757,-1.157629,-0.008882,0.040415,18.528068,0.200327,-0.129059,-0.094885,0.034175,C-06,0,0,0,1,1,0,-0.002509,-0.197852,0.7292,0.6695,0.2584,2,ok
0,843,-3.895645,-0.703727,-1.154703,-0.008661,0.006950,18.552018,0.199791,0.689094,0.055115,-0.633979,C-06,0,0,0,1,1,0,-0.003196,-0.216869,0.6667,0.6465,0.2564,2,ok
0,844,-3.887561,-0.721981,-1.144348,-0.008408,0.017305,18.571980,0.199289,0.542826,0.205115,-0.337711,C-06,0,0,0,1,1,0,-0.005454,-0.224489,0.7292,0.6580,0.2563,2,ok
0,845,-3.877833,-0.743724,-1.122222,-0.008561,0.000095,18.595439,0.197694,0.378512,0.355115,-0.023397,C-06,0,0,0,1,1,0,-0.005351,-0.232219,0.7917,0.6385,0.2569,2,ok
0,846,-3.869604,-0.761660,-1.102562,-0.008902,0.019755,18.615169,0.197340,0.373629,0.373629,0.000000,,0,0,0,1,1,0,-0.003172,-0.225845,0.7500,0.5537,0.2580,2,ok
0,847,-3.859273,-0.782926,-1.074641,-0.008789,0.047676,18.638231,0.196985,0.452801,0.452801,0.000000,,0,0,0,1,1,0,-0.003994,-0.216327,0.7292,0.5816,0.2625,2,ok
0,848,-3.848333,-0.803845,-1.042112,-0.008947,0.038963,18.662063,0.196775,0.537330,0.537330,0.000000,,0,0,0,1,1,0,-0.003386,-0.208034,0.7292,0.5689,0.2634,2,ok
0,849,-3.838529,-0.821010,-1.022047,-0.008332,0.059027,18.681821,0.197846,0.372379,0.387330,0.014951,C-06,0,0,0,1,1,0,-0.004167,-0.205195,0.7500,0.5963,0.2662,2,ok
0,850,-3.826161,-0.841390,-1.007314,-0.007512,0.032387,18.705280,0.198768,0.166650,0.237330,0.070680,C-06,0,0,0,1,1,0,-0.002788,-0.179454,0.7292,0.5975,0.2650,2,ok
0,851,-3.815529,-0.858269,-1.002415,-0.006968,0.037286,18.725221,0.199558,-0.045504,0.087330,0.132834,C-06,0,0,0,1,1,0,-0.002513,-0.165829,0.6458,0.5910,0.2663,2,ok
0,852,-3.802611,-0.878512,-1.005518,-0.006171,0.034183,18.749028,0.200297,-0.162642,-0.062670,0.099972,C-06,0,0,0,1,1,0,-0.004082,-0.166799,0.6667,0.6235,0.2644,2,ok
0,853,-3.791897,-0.895397,-1.004429,-0.006352,-0.003718,18.768975,0.199886,0.029566,0.029566,0.000000,,0,0,0,1,1,0,-0.005203,-0.185243,0.6250,0.6170,0.2659,2,ok
0,854,-3.779019,-0.915587,-0.994323,-0.006508,0.006388,18.792922,0.199143,0.417549,0.179566,-0.237983,C-06,0,0,0,1,1,0,-0.008161,-0.188903,0.6875,0.6804,0.2649,2,ok
0,855,-3.768119,-0.932272,-0.978711,-0.006753,-0.015494,18.812609,0.198673,0.562057,0.329566,-0.232491,C-06,0,0,0,1,1,0,-0.008657,-0.201114,0.7500,0.6578,0.2633,2,ok
0,856,-3.754765,-0.952007,-0.951610,-0.007137,0.011607,18.836435,0.198350,0.547704,0.479566,-0.068138,C-06,0,0,0,1,1,0,-0.007419,-0.196072,0.7292,0.6312,0.2618,2,ok
0,857,-3.740860,-0.971371,-0.925973,-0.006858,0.037244,18.857908,0.198869,0.452266,0.452266,0.000000,,0,0,0,1,1,0,-0.004957,-0.187034,0.7500,0.5967,0.2593,2,ok
0,858,-3.728829,-0.987239,-0.906757,-0.006802,0.021624,18.879969,0.199286,0.411731,0.411731,0.000000,,0,0,0,1,1,0,-0.003464,-0.177703,0.7500,0.5796,0.2611,2,ok
0,859,-3.713901,-1.005950,-0.881233,-0.006060,0.047148,18.903894,0.199695,0.469340,0.469340,0.000000,,0,0,0,1,1,0,-0.001795,-0.174004,0.7083,0.5433,0.2603,2,ok
0,860,-3.701075,-1.021284,-0.866401,-0.005365,0.029780,18.923685,0.200015,0.070198,0.319340,0.249142,C-06,0,0,0,1,1,0,-0.000343,-0.154997,0.6875,0.5883,0.2615,2,ok
0,861,-3.685442,-1.039505,-0.856774,-0.004555,0.039406,18.947680,0.200115,-0.262296,0.169340,0.431637,C-06,0,0,0,1,1,0,0.000688,-0.149099,0.7083,0.5780,0.2638,2,ok
0,862,-3.672331,-1.054611,-0.855423,-0.003765,0.040757,18.966055,0.200015,-0.349420,0.019340,0.368760,C-06,0,0,0,1,1,0,0.001560,-0.147671,0.6875,0.5817,0.2643,2,ok
0,863,-3.656636,-1.072759,-0.860978,-0.003720,0.004012,18.991531,0.199950,-0.110118,-0.110118,0.000000,,0,0,0,1,1,0,0.001587,-0.170879,0.6667,0.5724,0.2645,2,ok
0,864,-3.643596,-1.087924,-0.859655,-0.003697,0.005335,19.011533,0.200020,0.190873,0.039882,-0.150991,C-06,0,0,0,1,1,0,0.000012,-0.184437,0.7292,0.5560,0.2626,2,ok
0,865,-3.627844,-1.106056,-0.849672,-0.003959,-0.015394,19.035451,0.200213,0.242875,0.189882,-0.052992,C-06,0,0,0,1,1,0,-0.002017,-0.190993,0.7917,0.5762,0.2605,2,ok
0,866,-3.611842,-1.124023,-0.831484,-0.004145,0.002794,19.059511,0.200750,0.376819,0.339882,-0.036937,C-06,0,0,0,1,1,0,-0.006064,-0.191146,0.7708,0.6766,0.2651,2,ok
0,867,-3.598261,-1.138800,-0.817043,-0.004176,-0.012965,19.079451,0.200598,0.306485,0.306485,0.000000,,0,0,0,1,1,0,-0.002771,-0.183093,0.7083,0.5703,0.2632,2,ok
0,868,-3.581670,-1.156216,-0.797712,-0.004317,0.006366,19.103503,0.200266,0.341244,0.341244,0.000000,,0,0,0,1,1,0,-0.003647,-0.175467,0.7500,0.5990,0.2619,2,ok
0,869,-3.567608,-1.170450,-0.784406,-0.004070,0.019672,19.123511,0.199996,0.270162,0.270162,0.000000,,0,0,0,1,1,0,0.006631,-0.175012,0.6875,0.2860,0.2443,2,ok
0,870,-3.550559,-1.187335,-0.776864,-0.004098,-0.001550,19.147390,0.199942,-0.196175,0.120162,0.316338,C-06,0,0,0,1,1,0,-0.003667,-0.171043,0.7083,0.6461,0.2667,2,ok
0,871,-3.536299,-1.201360,-0.777865,-0.004143,-0.002551,19.167391,0.200013,-0.259518,-0.029838,0.229680,C-06,0,0,0,1,1,0,-0.002155,-0.177921,0.6875,0.6197,0.2644,2,ok
0,872,-3.519267,-1.218273,-0.786575,-0.004631,-0.040320,19.191257,0.199993,-0.155533,-0.155533,0.000000,,0,0,0,1,1,0,-0.004761,-0.195292,0.6458,0.6561,0.2666,2,ok
0,873,-3.505150,-1.232440,-0.787279,-0.005484,-0.041023,19.211239,0.200000,0.654907,-0.005533,-0.660440,C-06,0,0,0,1,1,0,-0.007033,-0.216720,0.7500,0.6384,0.2590,2,ok
0,874,-3.488152,-1.249380,-0.779407,-0.006426,-0.033152,19.234400,0.199953,0.476046,0.144467,-0.331579,C-06,0,0,0,1,1,0,-0.006649,-0.222284,0.7500,0.6000,0.2589,2,ok
0,875,-3.470989,-1.266119,-0.763732,-0.007761,-0.046260,19.258986,0.199652,0.279951,0.279951,0.000000,,0,0,0,1,1,0,-0.011092,-0.231251,0.7708,0.6608,0.2565,2,ok
0,876,-3.456512,-1.279829,-0.746540,-0.008564,-0.029067,19.278908,0.199154,0.369709,0.369709,0.000000,,0,0,0,1,1,0,-0.010389,-0.233999,0.7083,0.6158,0.2554,2,ok
0,877,-3.438782,-1.295880,-0.718242,-0.009399,-0.029951,19.302566,0.199453,0.569178,0.519709,-0.049469,C-06,0,0,0,1,1,0,-0.010358,-0.229521,0.7292,0.6026,0.2580,2,ok
0,878,-3.423598,-1.308874,-0.695542,-0.009752,-0.007251,19.322548,0.200138,0.503584,0.503584,0.000000,,0,0,0,1,1,0,-0.010307,-0.218049,0.7083,0.6372,0.2615,2,ok
0,879,-3.405020,-1.324122,-0.675839,-0.009832,-0.015851,19.346285,0.200411,0.320033,0.353584,0.033551,C-06,0,0,0,1,1,0,-0.000307,-0.203333,0.7083,0.3116,0.2406,2,ok
0,880,-3.389353,-1.336602,-0.666027,-0.010087,-0.006040,19.366314,0.200324,0.035465,0.203584,0.168119,C-06,0,0,0,1,1,0,-0.000430,-0.194929,0.6667,0.3080,0.2427,2,ok
0,881,-3.370416,-1.351402,-0.656989,-0.010171,0.002998,19.390349,0.200317,0.161017,0.161017,0.000000,,0,0,0,1,1,0,-0.008120,-0.193610,0.6667,0.6114,0.2597,2,ok
0,882,-3.354498,-1.363596,-0.643043,-0.010514,-0.012445,19.410082,0.200782,0.492446,0.311017,-0.181429,C-06,0,0,0,1,1,0,-0.013001,-0.200049,0.6667,0.7280,0.2650,2,ok
0,883,-3.335115,-1.377953,-0.617510,-0.010722,0.013088,19.434202,0.201599,0.702470,0.461017,-0.241453,C-06,0,0,0,1,1,0,-0.012414,-0.198232,0.6875,0.7274,0.2654,2,ok
0,884,-3.315317,-1.391940,-0.582795,-0.010635,0.017912,19.458167,0.202848,0.620654,0.611017,-0.009636,C-06,0,0,0,1,1,0,-0.009537,-0.185340,0.7292,0.6721,0.2625,2,ok
0,885,-3.298490,-1.403188,-0.559557,-0.010358,0.041150,19.478404,0.202475,0.298792,0.461017,0.162225,C-06,0,0,0,1,1,0,-0.009966,-0.167443,0.7500,0.7452,0.2635,2,ok
0,886,-3.278027,-1.416140,-0.540354,-0.009422,0.060353,19.502464,0.201830,0.235507,0.311017,0.075511,C-06,0,0,0,1,1,0,-0.006247,-0.154528,0.7083,0.7209,0.2645,2,ok
0,887,-3.260830,-1.426552,-0.531724,-0.008887,0.039865,19.522399,0.200978,-0.096246,0.161017,0.257264,C-06,0,0,0,1,1,0,-0.006038,-0.144739,0.7083,0.7867,0.2681,2,ok
0,888,-3.240039,-1.438779,-0.513482,-0.007938,0.058107,19.546501,0.201694,0.314439,0.311017,-0.003422,C-06,0,0,0,1,1,0,0.008694,-0.146919,0.6667,0.3328,0.2411,2,ok
0,889,-3.222546,-1.448869,-0.498512,-0.007282,0.042998,19.566456,0.201995,0.290612,0.290612,0.000000,,0,0,0,1,1,0,-0.004011,-0.142320,0.6458,0.7865,0.2665,2,ok
0,890,-3.201411,-1.460502,-0.489243,-0.006376,0.052266,19.590564,0.200984,0.040763,0.140612,0.099849,C-06,0,0,0,1,1,0,-0.004619,-0.127254,0.5833,0.8673,0.2723,2,ok
0,891,-3.183749,-1.469926,-0.487806,-0.005364,0.053704,19.609727,0.200134,0.019215,0.019215,0.000000,,0,0,0,1,1,0,-0.003650,-0.149381,0.6042,0.8494,0.2641,2,ok
0,892,-3.162500,-1.481175,-0.478581,-0.004725,0.032244,19.634449,0.200715,0.156478,0.156478,0.000000,,0,0,0,1,1,0,0.026837,-0.196924,0.5625,0.3853,0.2032,2,ok
0,893,-3.141188,-1.492235,-0.477627,-0.003870,0.033197,19.658445,0.200046,-0.009175,0.006478,0.015653,C-06,0,0,0,1,1,0,0.025336,-0.184342,0.6042,0.3852,0.2076,2,ok
0,894,-3.123455,-1.501429,-0.484440,-0.003678,-0.004321,19.678285,0.199472,-0.147696,-0.143522,0.004174,C-06,0,0,0,1,1,0,0.019983,-0.201256,0.6042,0.4118,0.2154,2,ok
0,895,-3.102221,-1.512607,-0.484661,-0.003823,-0.004542,19.702281,0.200025,0.249844,0.006478,-0.243366,C-06,0,0,0,1,1,0,0.018624,-0.208560,0.6250,0.3721,0.2227,2,ok
0,896,-3.084492,-1.521925,-0.477099,-0.004064,-0.029232,19.722193,0.200581,0.495639,0.156478,-0.339161,C-06,0,0,0,1,1,0,-0.000934,-0.224292,0.7292,0.7859,0.2534,2,ok
0,897,-3.063075,-1.533017,-0.458433,-0.004747,-0.010566,19.746303,0.201677,0.563149,0.306478,-0.256671,C-06,0,0,0,1,1,0,-0.000087,-0.245662,0.7292,0.7434,0.2535,2,ok
0,898,-3.045056,-1.542251,-0.438601,-0.005233,0.009266,19.766544,0.203002,0.378539,0.378539,0.000000,,0,0,0,1,1,0,0.000104,-0.252450,0.7292,0.7259,0.2551,2,ok
0,899,-3.023248,-1.552805,-0.423262,-0.005876,-0.008305,19.790593,0.201832,0.218366,0.228539,0.010173,C-06,0,0,0,1,1,0,0.001733,-0.246022,0.7292,0.6765,0.2548,2,ok
0,900,-3.004962,-1.561357,-0.410714,-0.006281,0.004242,19.810775,0.201884,0.231521,0.231521,0.000000,,0,0,0,1,1,0,0.001755,-0.248185,0.6667,0.6532,0.2535,2,ok
0,901,-2.982848,-1.571362,-0.386262,-0.006806,-0.004136,19.834795,0.203052,0.396757,0.381521,-0.015236,C-06,0,0,0,1,1,0,0.003148,-0.257127,0.6667,0.5965,0.2537,2,ok
0,902,-2.960466,-1.581243,-0.351212,-0.007694,0.030915,19.859245,0.204669,0.644693,0.531521,-0.113173,C-06,0,0,0,1,1,0,0.000933,-0.251465,0.6875,0.6296,0.2596,2,ok
0,903,-2.941579,-1.589236,-0.318059,-0.008122,0.064068,19.879749,0.205192,0.583921,0.583921,0.000000,,0,0,0,1,1,0,0.002838,-0.235003,0.7500,0.5750,0.2629,2,ok
0,904,-2.918668,-1.597810,-0.286842,-0.008313,0.058402,19.903970,0.203714,0.213803,0.433921,0.220117,C-06,0,0,0,1,1,0,0.003276,-0.211389,0.7708,0.5700,0.2604,2,ok
0,905,-2.899430,-1.604200,-0.267512,-0.007725,0.077732,19.924232,0.202593,0.316226,0.316226,0.000000,,0,0,0,1,1,0,0.008055,-0.188293,0.7708,0.4671,0.2614,2,ok
0,906,-2.876243,-1.611009,-0.254839,-0.006750,0.050336,19.948121,0.201291,0.106420,0.166226,0.059806,C-06,0,0,0,1,1,0,0.006908,-0.172831,0.7292,0.4958,0.2646,2,ok
0,907,-2.856853,-1.616531,-0.239858,-0.006005,0.065317,19.968268,0.201932,0.254514,0.254514,0.000000,,0,0,0,1,1,0,0.006541,-0.167273,0.7292,0.4820,0.2636,2,ok
0,908,-2.833478,-1.623082,-0.216955,-0.005007,0.088220,19.992133,0.202401,0.317236,0.317236,0.000000,,0,0,0,1,1,0,0.014140,-0.175344,0.6875,0.2245,0.2475,2,ok
0,909,-2.813923,-1.627845,-0.205954,-0.004493,0.058443,0.020262,0.201173,-0.023337,0.167236,0.190573,C-06,0,0,0,1,1,0,0.010629,-0.163775,0.7083,0.3314,0.2587,2,ok
0,910,-2.790423,-1.632827,-0.203927,-0.003144,0.060470,0.044246,0.200114,-0.115359,0.017236,0.132595,C-06,0,0,0,1,1,0,0.009448,-0.159059,0.6458,0.3550,0.2589,2,ok
0,911,-2.766929,-1.637721,-0.207437,-0.002436,0.014239,0.068103,0.199922,-0.050326,-0.050326,0.000000,,0,0,0,1,1,0,0.013076,-0.173840,0.6250,0.2368,0.2519,2,ok
0,912,-2.747360,-1.641801,-0.208662,-0.002206,0.013014,0.088091,0.199887,-0.017166,-0.017166,0.000000,,0,0,0,1,1,0,0.008512,-0.178082,0.6458,0.3207,0.2588,2,ok
0,913,-2.723861,-1.646770,-0.199646,-0.002133,-0.020510,0.112023,0.200343,0.223671,0.132834,-0.090837,C-06,0,0,0,1,1,0,0.004895,-0.188641,0.6875,0.3651,0.2597,2,ok
0,914,-2.704227,-1.650915,-0.182810,-0.002784,-0.003674,0.132079,0.200952,0.286650,0.282834,-0.003816,C-06,0,0,0,1,1,0,0.002822,-0.193271,0.7292,0.2991,0.2609,2,ok
0,915,-2.680564,-1.655889,-0.150707,-0.003546,0.028429,0.156247,0.201985,0.457096,0.432834,-0.024262,C-06,0,0,0,1,1,0,0.002459,-0.184918,0.7083,0.2832,0.2664,2,ok
0,916,-2.660756,-1.659949,-0.126531,-0.004583,0.013823,0.176289,0.202158,0.369829,0.369829,0.000000,,0,0,0,1,1,0,0.003848,-0.163422,0.7292,0.2350,0.2631,2,ok
0,917,-2.636916,-1.663956,-0.104512,-0.005316,0.035841,0.200452,0.201336,0.272815,0.272815,0.000000,,0,0,0,1,1,0,0.004114,-0.147035,0.7500,0.2215,0.2632,2,ok
0,918,-2.617016,-1.666458,-0.095558,-0.005094,0.044795,0.218211,0.200501,0.033534,0.122815,0.089281,C-06,0,0,0,1,1,0,0.004177,-0.130745,0.7292,0.2082,0.2632,2,ok
0,919,-2.593120,-1.668942,-0.091218,-0.005214,0.015158,0.244355,0.200181,0.049441,0.049441,0.000000,,0,0,0,1,1,0,0.003587,-0.124183,0.6875,0.2072,0.2654,2,ok
0,920,-2.569224,-1.671147,-0.095684,-0.004983,0.010692,0.268352,0.199927,-0.063158,-0.063158,0.000000,,0,0,0,1,1,0,0.003146,-0.124525,0.6875,0.1939,0.2661,2,ok
0,921,-2.549316,-1.673058,-0.095602,-0.005347,-0.019796,0.288195,0.200006,0.005390,0.005390,0.000000,,0,0,0,1,1,0,0.002589,-0.130657,0.6458,0.1498,0.2655,2,ok
0,922,-2.525422,-1.675357,-0.092266,-0.005941,-0.016460,0.312192,0.200066,0.044150,0.044150,0.000000,,0,0,0,1,1,0,0.003858,-0.136751,0.6875,0.0691,0.2637,2,ok
0,923,-2.505497,-1.677272,-0.080192,-0.006586,-0.030858,0.332047,0.200264,0.252039,0.194150,-0.057889,C-06,0,0,0,1,1,0,-0.004559,-0.136755,0.7500,0.2064,0.2663,2,ok
0,924,-2.481558,-1.679571,-0.062202,-0.007752,-0.012868,0.356067,0.200520,0.223907,0.223907,0.000000,,0,0,0,1,1,0,-0.004179,-0.131448,0.7292,0.1584,0.2695,2,ok
0,925,-2.461593,-1.681104,-0.055830,-0.008341,-0.006496,0.376083,0.200215,0.083606,0.083606,0.000000,,0,0,0,1,1,0,-0.003637,-0.124522,0.7500,0.1455,0.2685,2,ok
0,926,-2.437623,-1.682836,-0.043858,-0.009458,-0.017554,0.399883,0.200323,0.149986,0.149986,0.000000,,0,0,0,1,1,0,-0.003410,-0.112815,0.7292,0.1065,0.2648,2,ok
0,927,-2.417637,-1.684279,-0.029103,-0.010446,-0.002798,0.419897,0.200431,0.219745,0.219745,0.000000,,0,0,0,1,1,0,-0.003173,-0.109754,0.7292,0.0503,0.2631,2,ok
0,928,-2.393643,-1.685503,-0.017898,-0.011357,-0.011618,0.443699,0.200170,0.128544,0.128544,0.000000,,0,0,0,1,1,0,-0.002889,-0.100345,0.7292,0.0414,0.2629,2,ok
0,929,-2.369646,-1.686365,-0.008829,-0.012127,-0.002549,0.467700,0.200092,0.106435,0.106435,0.000000,,0,0,0,1,1,0,-0.004941,-0.088442,0.6667,0.0702,0.2646,2,ok
0,930,-2.349647,-1.686572,-0.010903,-0.012322,-0.022218,0.487487,0.199995,-0.219996,-0.043565,0.176431,C-06,0,0,0,1,1,0,-0.003680,-0.085796,0.6667,0.0249,0.2661,2,ok
0,931,-2.325649,-1.686770,-0.020329,-0.012844,-0.031644,0.511479,0.199967,-0.117577,-0.117577,0.000000,,0,0,0,1,1,0,-0.006181,-0.074417,0.6458,0.0522,0.2684,2,ok
0,932,-2.305653,-1.687166,-0.018822,-0.013509,-0.030137,0.531468,0.200007,0.238871,0.032423,-0.206448,C-06,0,0,0,1,1,0,-0.009315,-0.093434,0.7083,0.0320,0.2668,2,ok
0,933,-2.281655,-1.687663,-0.004404,-0.014631,-0.030851,0.555233,0.200040,0.288703,0.182423,-0.106280,C-06,0,0,0,1,1,0,-0.009576,-0.097952,0.7292,-0.0074,0.2666,2,ok
0,934,-2.261656,-1.688077,0.014851,-0.015624,-0.011596,0.575212,0.200024,0.282372,0.282372,0.000000,,0,0,0,1,1,0,-0.010721,-0.088837,0.7500,0.0032,0.2696,2,ok
0,935,-2.237662,-1.688244,0.026806,-0.016621,-0.012180,0.598996,0.199931,0.130287,0.132372,0.002085,C-06,0,0,0,1,1,0,-0.010565,-0.084249,0.7292,0.0023,0.2676,2,ok
0,936,-2.217669,-1.687747,0.027740,-0.016939,-0.011246,0.618992,0.199997,0.003089,0.003089,0.000000,,0,0,0,1,1,0,-0.009125,-0.054838,0.7292,-0.0411,0.2678,2,ok
0,937,-2.193681,-1.687097,0.035027,-0.017312,-0.014685,0.642777,0.199953,0.092890,0.092890,0.000000,,0,0,0,1,1,0,-0.010252,-0.054601,0.6875,-0.0310,0.2690,2,ok
0,938,-2.169704,-1.686446,0.054014,-0.017929,0.004302,0.666755,0.199792,0.297726,0.242890,-0.054836,C-06,0,0,0,1,1,0,-0.009838,-0.048796,0.7292,-0.0840,0.2661,2,ok
0,939,-2.149738,-1.685673,0.061175,-0.018213,0.011463,0.686734,0.199810,0.091208,0.092890,0.001683,C-06,0,0,0,1,1,0,-0.009439,-0.033779,0.7083,-0.0786,0.2670,2,ok
0,940,-2.125784,-1.684247,0.062154,-0.018178,0.003999,0.710622,0.199981,0.007748,0.007748,0.000000,,0,0,0,1,1,0,-0.006718,-0.021411,0.6875,-0.1405,0.2662,2,ok
0,941,-2.105824,-1.683035,0.064944,-0.018142,0.006789,0.730618,0.199948,0.044104,0.044104,0.000000,,0,0,0,1,1,0,-0.008619,-0.013206,0.7500,-0.1136,0.2731,2,ok
0,942,-2.081880,-1.681580,0.072214,-0.018208,0.006764,0.754457,0.199852,0.092174,0.092174,0.000000,,0,0,0,1,1,0,-0.008770,-0.009155,0.7917,-0.1257,0.2688,2,ok
0,943,-2.061935,-1.680279,0.075424,-0.018247,0.009974,0.774445,0.199879,0.043730,0.043730,0.000000,,0,0,0,1,1,0,-0.006810,-0.004355,0.7708,-0.1783,0.2678,2,ok
0,944,-2.038007,-1.678661,0.079834,-0.018263,0.009394,0.798353,0.199840,0.055478,0.055478,0.000000,,0,0,0,1,1,0,-0.008282,0.000414,0.7500,-0.1378,0.2726,2,ok
0,945,-2.018075,-1.677276,0.085197,-0.018299,0.014757,0.818333,0.199760,0.082196,0.082196,0.000000,,0,0,0,1,1,0,-0.007507,0.003891,0.7500,-0.1614,0.2721,2,ok
0,946,-1.994165,-1.675347,0.087704,-0.018074,0.017264,0.842320,0.199906,0.029032,0.029032,0.000000,,0,0,0,1,1,0,-0.008936,0.018273,0.7292,-0.1182,0.2752,2,ok
0,947,-1.970254,-1.673288,0.084213,-0.017865,0.009948,0.866209,0.200029,-0.048371,-0.048371,0.000000,,0,0,0,1,1,0,-0.005389,0.021959,0.7500,-0.2383,0.2673,2,ok
0,948,-1.950323,-1.671569,0.082021,-0.017689,0.007755,0.886213,0.200066,-0.031390,-0.031390,0.000000,,0,0,0,1,1,0,-0.005537,0.024211,0.6875,-0.2454,0.2652,2,ok
0,949,-1.926411,-1.669600,0.090570,-0.017581,0.014061,0.910194,0.199858,0.119948,0.118610,-0.001338,C-06,0,0,0,1,1,0,-0.004163,0.025389,0.6667,-0.2801,0.2609,2,ok
0,950,-1.906499,-1.667965,0.096843,-0.017499,0.020334,0.930173,0.199740,0.092233,0.092233,0.000000,,0,0,0,1,1,0,-0.004453,0.032011,0.7292,-0.2749,0.2608,2,ok
0,951,-1.882611,-1.665657,0.095376,-0.017058,0.018580,0.954166,0.200035,-0.026533,-0.026533,0.000000,,0,0,0,1,1,0,-0.004919,0.040816,0.7708,-0.2559,0.2609,2,ok
0,952,-1.862708,-1.663752,0.102798,-0.016709,0.026003,0.974157,0.199861,0.129358,0.123467,-0.005891,C-06,0,0,0,1,1,0,-0.005458,0.045326,0.7917,-0.2491,0.2604,2,ok
0,953,-1.838850,-1.661469,0.114912,-0.016294,0.038984,0.998115,0.199603,0.155178,0.155178,0.000000,,0,0,0,1,1,0,-0.005530,0.053013,0.7917,-0.2293,0.2624,2,ok
0,954,-1.818987,-1.659349,0.118981,-0.015734,0.043053,1.018083,0.199770,0.055021,0.055021,0.000000,,0,0,0,1,1,0,-0.005674,0.072558,0.7708,-0.1697,0.2628,2,ok
0,955,-1.795159,-1.656572,0.120647,-0.014830,0.044718,1.042055,0.199917,0.019112,0.019112,0.000000,,0,0,0,1,1,0,-0.005398,0.084329,0.7708,-0.1615,0.2640,2,ok
0,956,-1.771322,-1.653696,0.111737,-0.013696,0.038792,1.066122,0.200188,-0.123448,-0.123448,0.000000,,0,0,0,1,1,0,-0.006141,0.103851,0.7500,-0.0934,0.2633,2,ok
0,957,-1.751431,-1.651295,0.095865,-0.012745,0.022920,1.086135,0.200506,-0.252720,-0.252720,0.000000,,0,0,0,1,1,0,-0.005723,0.102440,0.7083,-0.0833,0.2653,2,ok
0,958,-1.727528,-1.648503,0.084109,-0.011698,0.014964,1.110175,0.200530,-0.140255,-0.140255,0.000000,,0,0,0,1,1,0,-0.005547,0.099663,0.7292,-0.0743,0.2662,2,ok
0,959,-1.707598,-1.646792,0.084052,-0.011444,0.014907,1.130176,0.199995,1.000000,0.009745,-0.990255,C-06,0,0,0,1,1,0,-0.005502,0.081151,0.7500,-0.0550,0.2667,2,ok
0,960,-1.683694,-1.644786,0.095932,-0.011064,0.032621,1.154273,0.199792,0.530618,0.159745,-0.370872,C-06,0,0,0,1,1,0,-0.003981,0.079967,0.8125,-0.0622,0.2651,2,ok
0,961,-1.663788,-1.642902,0.097277,-0.010437,0.033967,1.174259,0.199964,-0.028825,0.009745,0.038571,C-06,0,0,0,1,1,0,-0.001718,0.087521,0.7917,-0.0467,0.2667,2,ok
0,962,-1.639891,-1.640596,0.086962,-0.009611,0.030324,1.198291,0.200161,-0.273123,-0.140255,0.132868,C-06,0,0,0,1,1,0,0.000714,0.094909,0.7708,-0.0483,0.2671,2,ok
0,963,-1.619952,-1.638672,0.068160,-0.008866,0.011523,1.218309,0.200446,-0.292784,-0.290255,0.002529,C-06,0,0,0,1,1,0,0.002596,0.085456,0.7708,-0.0515,0.2672,2,ok
0,964,-1.595995,-1.636372,0.050664,-0.007983,-0.005974,1.240723,0.200609,-0.209512,-0.209512,0.000000,,0,0,0,1,1,0,0.001872,0.068232,0.7292,-0.0393,0.2669,2,ok
0,965,-1.572012,-1.634159,0.021591,-0.006934,-0.025013,1.266502,0.200796,-0.403921,-0.359512,0.044409,C-06,0,0,0,1,1,0,0.002016,0.052391,0.7292,-0.0405,0.2677,2,ok
0,966,-1.552014,-1.632796,0.002703,-0.006555,-0.043902,1.286543,0.200345,-0.260896,-0.260896,0.000000,,0,0,0,1,1,0,0.001247,0.032125,0.7292,-0.0405,0.2672,2,ok
0,967,-1.528014,-1.632251,-0.007465,-0.006982,-0.043953,1.310611,0.200022,1.000000,-0.110896,-1.110896,C-06,0,0,0,1,1,0,0.000279,0.010072,0.6875,-0.0419,0.2679,2,ok
0,968,-1.508014,-1.632377,-0.005484,-0.007891,-0.041972,1.330590,0.200003,0.685770,0.039104,-0.646666,C-06,0,0,0,1,1,0,-0.001054,-0.007788,0.7500,-0.0410,0.2672,2,ok
0,969,-1.484015,-1.632567,0.009574,-0.008748,-0.015115,1.354710,0.199998,0.384937,0.189104,-0.195834,C-06,0,0,0,1,1,0,-0.001410,-0.008584,0.7917,-0.0338,0.2669,2,ok
0,970,-1.464019,-1.632725,0.029327,-0.009361,0.004638,1.374698,0.199927,0.291178,0.291178,0.000000,,0,0,0,1,1,0,-0.000306,0.003093,0.7917,-0.0315,0.2668,2,ok
0,971,-1.440035,-1.632696,0.044404,-0.009749,0.029544,1.398777,0.199816,0.175125,0.175125,0.000000,,0,0,0,1,1,0,0.002154,0.019124,0.7500,-0.0428,0.2672,2,ok
0,972,-1.420056,-1.631926,0.046959,-0.009226,0.032099,1.418764,0.199955,-0.008287,0.025125,0.033412,C-06,0,0,0,1,1,0,0.004692,0.042231,0.7708,-0.0371,0.2673,2,ok
0,973,-1.396084,-1.630914,0.049649,-0.008414,0.042636,1.442851,0.199938,0.033191,0.033191,0.000000,,0,0,0,1,1,0,0.006154,0.043919,0.7292,-0.0427,0.2673,2,ok
0,974,-1.372110,-1.629755,0.041011,-0.007255,0.033998,1.466826,0.200065,-0.184506,-0.116809,0.067697,C-06,0,0,0,1,1,0,0.007362,0.046988,0.7292,-0.0503,0.2668,2,ok
0,975,-1.352121,-1.628782,0.023576,-0.006282,0.016563,1.484435,0.200176,-0.446147,-0.266809,0.179338,C-06,0,0,0,1,1,0,0.008120,0.042225,0.7292,-0.0560,0.2667,2,ok
0,976,-1.328125,-1.627763,0.013018,-0.005263,0.010549,1.510811,0.200126,1.000000,-0.116809,-1.116809,C-06,0,0,0,1,1,0,0.006719,0.030841,0.6875,-0.0285,0.2664,2,ok
0,977,-1.308127,-1.627478,0.014583,-0.004978,0.012114,1.530809,0.199995,1.000000,0.033191,-0.966809,C-06,0,0,0,1,1,0,0.005381,0.018213,0.7292,-0.0229,0.2677,2,ok
0,978,-1.284132,-1.627176,0.028862,-0.004676,0.028862,1.554803,0.199936,0.429075,0.183191,-0.245885,C-06,0,0,0,1,1,0,0.006685,0.011369,0.7917,-0.0462,0.2687,2,ok
0,979,-1.264142,-1.626712,0.031899,-0.004212,0.031899,1.574794,0.199961,-0.128878,0.033191,0.162068,C-06,0,0,0,1,1,0,0.008362,0.019531,0.7917,-0.0518,0.2661,2,ok
0,980,-1.240156,-1.626107,0.036690,-0.003607,0.036690,1.598780,0.199931,0.059239,0.059239,0.000000,,0,0,0,1,1,0,0.009413,0.028550,0.7500,-0.0430,0.2674,2,ok
0,981,-1.220168,-1.625386,0.031254,-0.002886,0.031254,1.618768,0.200036,-0.128030,-0.090761,0.037269,C-06,0,0,0,1,1,0,0.011128,0.033939,0.7708,-0.0522,0.2659,2,ok
0,982,-1.196174,-1.624501,0.012153,-0.002001,0.012153,1.642762,0.200119,-0.311657,-0.240761,0.070896,C-06,0,0,0,1,1,0,0.010605,0.030523,0.7292,-0.0335,0.2670,2,ok
0,983,-1.172175,-1.623616,-0.019894,-0.001116,-0.019894,1.666760,0.200102,-0.550459,-0.390761,0.159698,C-06,0,0,0,1,1,0,0.009604,0.013574,0.7500,-0.0378,0.2672,2,ok
0,984,-1.152184,-1.623190,-0.037477,-0.000690,-0.037477,1.684635,0.199882,0.635393,-0.240761,-0.876154,C-06,0,0,0,1,1,0,0.007788,-0.009174,0.7292,-0.0475,0.2662,2,ok
0,985,-1.128205,-1.623713,-0.045618,-0.001213,-0.045618,1.710731,0.199868,1.000000,-0.090761,-1.090761,C-06,0,0,0,1,1,0,0.004932,-0.029155,0.6875,-0.0341,0.2673,2,ok
0,986,-1.108224,-1.624605,-0.042325,-0.002105,-0.042325,1.730711,0.200029,0.501080,0.059239,-0.441841,C-06,0,0,0,1,1,0,0.003727,-0.047670,0.7917,-0.0554,0.2671,2,ok
0,987,-1.084239,-1.625705,-0.025895,-0.003205,-0.025895,1.754696,0.200139,0.322383,0.209239,-0.113144,C-06,0,0,0,1,1,0,0.002808,-0.045858,0.8125,-0.0521,0.2674,2,ok
0,988,-1.064245,-1.626426,-0.021024,-0.003926,-0.021024,1.774691,0.200067,0.054970,0.059239,0.004269,C-06,0,0,0,1,1,0,0.002733,-0.033552,0.7917,-0.0361,0.2670,2,ok
0,989,-1.040250,-1.626956,-0.023897,-0.004456,-0.023897,1.798685,0.199989,-0.041421,-0.041421,0.000000,,0,0,0,1,1,0,0.003523,-0.024610,0.7917,-0.0462,0.2672,2,ok
0,990,-1.020258,-1.627382,-0.029854,-0.004882,-0.029854,1.818678,0.199958,-0.089763,-0.089763,0.000000,,0,0,0,1,1,0,0.001356,-0.026383,0.7083,-0.0076,0.2683,2,ok
0,991,-0.996275,-1.627894,-0.046335,-0.005394,-0.046335,1.842661,0.199838,-0.206334,-0.206334,0.000000,,0,0,0,1,1,0,0.001498,-0.032017,0.7292,-0.0504,0.2667,2,ok
0,992,-0.972304,-1.628785,-0.051695,-0.006285,-0.051695,1.866631,0.199896,-0.000851,-0.056334,-0.055483,C-06,0,0,0,1,1,0,-0.000876,-0.043723,0.6875,-0.0443,0.2672,2,ok
0,993,-0.952328,-1.629806,-0.046011,-0.007306,-0.046011,1.884835,0.200053,0.144124,0.093666,-0.050458,C-06,0,0,0,1,1,0,-0.002942,-0.052092,0.7083,-0.0358,0.2668,2,ok
0,994,-0.928349,-1.631047,-0.036448,-0.008547,-0.036448,1.910586,0.200131,0.117342,0.117342,0.000000,,0,0,0,1,1,0,-0.002677,-0.052781,0.6875,-0.0523,0.2661,2,ok
0,995,-0.908360,-1.632074,-0.029623,-0.009574,-0.029623,1.930575,0.200159,0.096962,0.096962,0.000000,,0,0,0,1,1,0,-0.003524,-0.040944,0.7708,-0.0441,0.2663,2,ok
0,996,-0.884368,-1.633111,-0.022747,-0.010611,-0.022747,1.954567,0.200106,0.081494,0.081494,0.000000,,0,0,0,1,1,0,-0.003379,-0.036158,0.8125,-0.0460,0.2674,2,ok
0,997,-0.864372,-1.633880,-0.016232,-0.011380,-0.016232,1.974563,0.200104,0.094148,0.094148,0.000000,,0,0,0,1,1,0,-0.003761,-0.027105,0.7917,-0.0463,0.2667,2,ok
0,998,-0.840374,-1.634668,-0.007860,-0.012168,-0.007860,1.998562,0.200079,0.099683,0.099683,0.000000,,0,0,0,1,1,0,-0.003248,-0.021629,0.7708,-0.0557,0.2663,2,ok
0,999,-0.820374,-1.634992,-0.004471,-0.012492,-0.004471,2.018561,0.200017,0.044176,0.044176,0.000000,,0,0,0,1,1,0,-0.004911,-0.009906,0.7292,-0.0091,0.2682,2,ok
0,1000,-0.796375,-1.635140,-0.009957,-0.012640,-0.009957,2.042561,0.199994,-0.072613,-0.072613,0.000000,,0,0,0,1,1,0,-0.003419,-0.006743,0.7500,-0.0436,0.2663,2,ok
0,1001,-0.772377,-1.635276,-0.017081,-0.012776,-0.017081,2.066558,0.199975,-0.085379,-0.085379,0.000000,,0,0,0,1,1,0,-0.003786,-0.010876,0.7083,-0.0470,0.2678,2,ok
0,1002,-0.752380,-1.635608,-0.013466,-0.013108,-0.013466,2.085135,0.200012,0.094933,0.064621,-0.030312,C-06,0,0,0,1,1,0,-0.004906,-0.017137,0.7292,-0.0420,0.2669,2,ok
0,1003,-0.728381,-1.636030,-0.005472,-0.013530,-0.005472,2.110555,0.200027,0.096883,0.096883,0.000000,,0,0,0,1,1,0,-0.005447,-0.017893,0.6875,-0.0427,0.2671,2,ok
0,1004,-0.708381,-1.636148,-0.005870,-0.013648,-0.005870,2.130554,0.199999,-0.014730,-0.014730,0.000000,,0,0,0,1,1,0,-0.004228,-0.013874,0.7500,-0.0589,0.2665,2,ok
0,1005,-0.684381,-1.636267,-0.003156,-0.013767,-0.003156,2.154554,0.200001,0.035131,0.035131,0.000000,,0,0,0,1,1,0,-0.005262,-0.008226,0.7917,-0.0334,0.2668,2,ok
0,1006,-0.664381,-1.636365,0.000411,-0.013865,0.000411,2.174554,0.200002,0.051756,0.051756,0.000000,,0,0,0,1,1,0,-0.004718,-0.005664,0.7917,-0.0415,0.2675,2,ok
0,1007,-0.640382,-1.636483,0.005608,-0.013983,0.005608,2.198554,0.200000,0.061982,0.061982,0.000000,,0,0,0,1,1,0,-0.004064,-0.003433,0.7500,-0.0537,0.2661,2,ok
0,1008,-0.620382,-1.636427,0.006861,-0.013927,0.006861,2.218554,0.199997,0.013935,0.013935,0.000000,,0,0,0,1,1,0,-0.003761,0.002216,0.7708,-0.0482,0.2669,2,ok
0,1009,-0.596382,-1.636331,-0.003605,-0.013831,-0.003605,2.242553,0.200001,-0.196575,-0.136065,0.060510,C-06,0,0,0,1,1,0,-0.003515,0.003664,0.7292,-0.0473,0.2667,2,ok
0,1010,-0.572385,-1.636235,-0.024559,-0.013735,-0.024559,2.266551,0.199946,-0.257746,-0.257746,0.000000,,0,0,0,1,1,0,-0.004035,-0.003312,0.7292,-0.0562,0.2662,2,ok
0,1011,-0.552393,-1.636359,-0.032794,-0.013859,-0.032794,2.285335,0.199906,0.075340,-0.107746,-0.183085,C-06,0,0,0,1,1,0,-0.006041,-0.019355,0.7292,-0.0452,0.2654,2,ok
0,1012,-0.528406,-1.637115,-0.030150,-0.014615,-0.030150,2.310530,0.200017,0.147601,0.042254,-0.105346,C-06,0,0,0,1,1,0,-0.007326,-0.032404,0.6875,-0.0567,0.2648,2,ok
0,1013,-0.508412,-1.637774,-0.021484,-0.015274,-0.021484,2.330523,0.200060,0.131762,0.131762,0.000000,,0,0,0,1,1,0,-0.009226,-0.030828,0.7708,-0.0346,0.2687,2,ok
0,1014,-0.484416,-1.638565,-0.011698,-0.016065,-0.011698,2.354520,0.200094,0.115417,0.115417,0.000000,,0,0,0,1,1,0,-0.008674,-0.027182,0.7917,-0.0382,0.2673,2,ok
0,1015,-0.464417,-1.639078,-0.005979,-0.016578,-0.005979,2.374519,0.200048,0.078284,0.078284,0.000000,,0,0,0,1,1,0,-0.008211,-0.019024,0.7917,-0.0414,0.2679,2,ok
0,1016,-0.440417,-1.639594,0.002329,-0.017094,0.002329,2.398519,0.200036,0.099354,0.099354,0.000000,,0,0,0,1,1,0,-0.008211,-0.019024,0.7917,-0.0414,0.2679,2,ok
0,1017,-0.420417,-1.639575,0.002958,-0.017075,0.002958,2.418519,0.200000,0.003128,0.003128,0.000000,,0,0,0,1,1,0,-0.006545,-0.002166,0.7500,-0.0699,0.2645,2,ok
0,1018,-0.396417,-1.639519,-0.001562,-0.017019,-0.001562,2.442519,0.200000,-0.057585,-0.057585,0.000000,,0,0,0,1,1,0,-0.007290,0.000740,0.7292,-0.0443,0.2674,2,ok
0,1019,-0.372417,-1.639464,-0.006386,-0.016964,-0.006386,2.466518,0.199997,-0.056884,-0.056884,0.000000,,0,0,0,1,1,0,-0.007300,-0.002609,0.7708,-0.0504,0.2673,2,ok
0,1020,-0.352417,-1.639582,-0.000901,-0.017082,-0.000901,2.485635,0.200004,0.109430,0.093116,-0.016314,C-06,0,0,0,1,1,0,-0.008603,-0.004969,0.7083,-0.0320,0.2673,2,ok
0,1021,-0.328417,-1.639744,0.005203,-0.017244,0.005203,2.510518,0.200002,0.069154,0.069154,0.000000,,0,0,0,1,1,0,-0.007973,-0.005732,0.6875,-0.0386,0.2661,2,ok
0,1022,-0.308417,-1.639649,0.001651,-0.017149,0.001651,2.530518,0.200003,-0.058841,-0.058841,0.000000,,0,0,0,1,1,0,-0.006814,-0.000541,0.7500,-0.0504,0.2655,2,ok
0,1023,-0.284418,-1.639610,0.002593,-0.017110,0.002593,2.554518,0.200000,0.015567,0.015567,0.000000,,0,0,0,1,1,0,-0.007963,0.001838,0.7917,-0.0266,0.2674,2,ok
0,1024,-0.264418,-1.639583,0.006158,-0.017083,0.006158,2.574518,0.199997,0.053651,0.053651,0.000000,,0,0,0,1,1,0,-0.007209,-0.000092,0.7917,-0.0415,0.2673,2,ok
0,1025,-0.240419,-1.639551,0.011095,-0.017051,0.011095,2.598517,0.199988,0.058745,0.058745,0.000000,,0,0,0,1,1,0,-0.007192,-0.000623,0.7917,-0.0458,0.2669,2,ok
0,1026,-0.220420,-1.639496,0.014534,-0.016996,0.014534,2.618515,0.199981,0.048267,0.048267,0.000000,,0,0,0,1,1,0,-0.006159,0.007972,0.7708,-0.0463,0.2673,2,ok
0,1027,-0.196422,-1.639181,0.009140,-0.016681,0.009140,2.642513,0.200010,-0.071910,-0.071910,0.000000,,0,0,0,1,1,0,-0.006500,0.011389,0.7083,-0.0177,0.2689,2,ok
0,1028,-0.172422,-1.638854,-0.007781,-0.016354,-0.007781,2.666513,0.200014,-0.209982,-0.209982,0.000000,,0,0,0,1,1,0,-0.006206,0.009738,0.7292,-0.0356,0.2679,2,ok
0,1029,-0.152424,-1.638800,-0.012748,-0.016300,-0.012748,2.685835,0.199984,-0.013675,-0.059982,-0.046307,C-06,0,0,0,1,1,0,-0.007096,-0.004225,0.7083,-0.0439,0.2670,2,ok
0,1030,-0.128425,-1.639086,-0.005903,-0.016586,-0.005903,2.710511,0.200012,0.119331,0.090018,-0.029313,C-06,0,0,0,1,1,0,-0.008023,-0.011822,0.6875,-0.0422,0.2663,2,ok
0,1031,-0.108425,-1.639307,-0.003485,-0.016807,-0.003485,2.730511,0.200009,0.030693,0.030693,0.000000,,0,0,0,1,1,0,-0.008224,-0.009227,0.7500,-0.0381,0.2661,2,ok
0,1032,-0.084425,-1.639544,0.003630,-0.017044,0.003630,2.754510,0.200009,0.087395,0.087395,0.000000,,0,0,0,1,1,0,-0.007794,-0.007148,0.7917,-0.0427,0.2663,2,ok
0,1033,-0.064425,-1.639723,0.008949,-0.017223,0.008949,2.774510,0.199997,0.074411,0.074411,0.000000,,0,0,0,1,1,0,-0.007246,-0.002099,0.7917,-0.0477,0.2662,2,ok
0,1034,-0.040428,-1.639872,0.017746,-0.017372,0.017746,2.798508,0.199972,0.106375,0.106375,0.000000,,0,0,0,1,1,0,-0.007300,0.005472,0.7500,-0.0288,0.2675,2,ok
0,1035,-0.020431,-1.639675,0.020996,-0.017175,0.020996,2.818504,0.199971,0.042005,0.042005,0.000000,,0,0,0,1,1,0,-0.006144,0.014402,0.7708,-0.0301,0.2672,2,ok
0,1036,0.003565,-1.639207,0.012816,-0.016707,0.012816,2.842500,0.200022,-0.151964,-0.107995,0.043969,C-06,0,0,0,1,1,0,-0.005027,0.019694,0.7500,-0.0448,0.2678,2,ok
0,1037,0.027564,-1.638728,-0.008059,-0.016228,-0.008059,2.866500,0.200035,-0.328834,-0.257995,0.070839,C-06,0,0,0,1,1,0,-0.005466,0.014258,0.7292,-0.0411,0.2665,2,ok
0,1038,0.047563,-1.638516,-0.016402,-0.016016,-0.016402,2.886035,0.199979,-0.066461,-0.107995,-0.041533,C-06,0,0,0,1,1,0,-0.007119,0.000011,0.7083,-0.0370,0.2672,2,ok
0,1039,0.071560,-1.638886,-0.013644,-0.016386,-0.013644,2.910495,0.200009,0.110728,0.042005,-0.068722,C-06,0,0,0,1,1,0,-0.007922,-0.009724,0.6667,-0.0381,0.2671,2,ok
0,1040,0.091559,-1.639220,-0.008551,-0.016720,-0.008551,2.930494,0.200020,0.074830,0.074830,0.000000,,0,0,0,1,1,0,-0.008620,-0.016747,0.7500,-0.0389,0.2665,2,ok
0,1041,0.115558,-1.639621,0.000754,-0.017121,0.000754,2.954494,0.200028,0.112061,0.112061,0.000000,,0,0,0,1,1,0,-0.009090,-0.010899,0.7917,-0.0236,0.2681,2,ok
0,1042,0.135558,-1.639850,0.005841,-0.017350,0.005841,2.974494,0.200005,0.068998,0.068998,0.000000,,0,0,0,1,1,0,-0.007586,-0.004358,0.7917,-0.0490,0.2671,2,ok
0,1043,0.159557,-1.640043,0.013493,-0.017543,0.013493,2.998492,0.199986,0.091598,0.091598,0.000000,,0,0,0,1,1,0,-0.007548,0.000404,0.7500,-0.0355,0.2671,2,ok
0,1044,0.179555,-1.639942,0.016925,-0.017442,0.016925,3.018490,0.199977,0.045764,0.045764,0.000000,,0,0,0,1,1,0,-0.006372,0.011098,0.7708,-0.0450,0.2661,2,ok
0,1045,0.203552,-1.639571,0.010359,-0.017071,0.010359,3.042488,0.200014,-0.088227,-0.088227,0.000000,,0,0,0,1,1,0,-0.006198,0.016286,0.7292,-0.0340,0.2675,2,ok
0,1046,0.227552,-1.639187,-0.008851,-0.016687,-0.008851,3.066487,0.200019,-0.249157,-0.238227,0.010930,C-06,0,0,0,1,1,0,-0.006214,0.009246,0.7292,-0.0416,0.2668,2,ok
0,1047,0.247550,-1.639059,-0.015801,-0.016559,-0.015801,3.086335,0.199977,-0.006458,-0.088227,-0.081770,C-06,0,0,0,1,1,0,-0.007698,-0.000756,0.7083,-0.0366,0.2675,2,ok
0,1048,0.271548,-1.639421,-0.011405,-0.016921,-0.011405,3.110483,0.200013,0.129762,0.061773,-0.067989,C-06,0,0,0,1,1,0,-0.009248,-0.014842,0.6875,-0.0346,0.2683,2,ok
0,1049,0.291547,-1.639744,-0.006521,-0.017244,-0.006521,3.130482,0.200021,0.069891,0.069891,0.000000,,0,0,0,1,1,0,-0.008316,-0.016796,0.7500,-0.0574,0.2664,2,ok
0,1050,0.315547,-1.640131,0.001447,-0.017631,0.001447,3.154482,0.200026,0.095455,0.095455,0.000000,,0,0,0,1,1,0,-0.009002,-0.009714,0.7917,-0.0324,0.2669,2,ok
0,1051,0.335547,-1.640347,0.006448,-0.017847,0.006448,3.174482,0.200003,0.068682,0.068682,0.000000,,0,0,0,1,1,0,-0.008107,-0.003541,0.7917,-0.0460,0.2679,2,ok
0,1052,0.359545,-1.640527,0.014435,-0.018027,0.014435,3.198481,0.199984,0.096542,0.096542,0.000000,,0,0,0,1,1,0,-0.007936,0.002183,0.7500,-0.0338,0.2671,2,ok
0,1053,0.379543,-1.640435,0.018422,-0.017935,0.018422,3.218478,0.199972,0.053950,0.053950,0.000000,,0,0,0,1,1,0,-0.006265,0.013153,0.7917,-0.0553,0.2680,2,ok
0,1054,0.403540,-1.640018,0.012219,-0.017518,0.012219,3.242475,0.200016,-0.081728,-0.081728,0.000000,,0,0,0,1,1,0,-0.006954,0.017679,0.7083,-0.0195,0.2692,2,ok
0,1055,0.427539,-1.639589,-0.006437,-0.017089,-0.006437,3.266475,0.200029,-0.245676,-0.231728,0.013948,C-06,0,0,0,1,1,0,-0.006194,0.009300,0.7292,-0.0493,0.2668,2,ok
0,1056,0.447538,-1.639434,-0.013046,-0.016934,-0.013046,3.286473,0.199986,-0.015926,-0.081728,-0.065802,C-06,0,0,0,1,1,0,-0.007117,-0.001527,0.6875,-0.0600,0.2663,2,ok
0,1057,0.471536,-1.639730,-0.008211,-0.017230,-0.008211,3.310472,0.200011,0.123963,0.068272,-0.055691,C-06,0,0,0,1,1,0,-0.007781,-0.014049,0.6875,-0.0593,0.2649,2,ok
0,1058,0.491536,-1.640000,-0.004469,-0.017500,-0.004469,3.330472,0.200016,0.051764,0.051764,0.000000,,0,0,0,1,1,0,-0.008617,-0.013543,0.7500,-0.0516,0.2665,2,ok
0,1059,0.515536,-1.640324,0.003907,-0.017824,0.003907,3.354471,0.200017,0.102281,0.102281,0.000000,,0,0,0,1,1,0,-0.008587,-0.010165,0.7917,-0.0433,0.2671,2,ok
0,1060,0.535535,-1.640527,0.009674,-0.018027,0.009674,3.374471,0.199997,0.080050,0.080050,0.000000,,0,0,0,1,1,0,-0.008183,-0.002781,0.7917,-0.0402,0.2670,2,ok
0,1061,0.559533,-1.640678,0.018505,-0.018178,0.018505,3.398469,0.199969,0.106727,0.106727,0.000000,,0,0,0,1,1,0,-0.008151,0.005791,0.7500,-0.0265,0.2674,2,ok
0,1062,0.579529,-1.640489,0.022207,-0.017989,0.022207,3.418464,0.199966,0.048962,0.048962,0.000000,,0,0,0,1,1,0,-0.006401,0.013574,0.7708,-0.0422,0.2666,2,ok
0,1063,0.603525,-1.639985,0.014604,-0.017485,0.014604,3.442460,0.200024,-0.111714,-0.101038,0.010675,C-06,0,0,0,1,1,0,-0.005815,0.018003,0.7292,-0.0444,0.2659,2,ok
0,1064,0.627524,-1.639467,-0.005569,-0.016967,-0.005569,3.466459,0.200044,-0.306391,-0.251038,0.055353,C-06,0,0,0,1,1,0,-0.006080,0.015216,0.7292,-0.0454,0.2667,2,ok
0,1065,0.647521,-1.639036,-0.023457,-0.016536,-0.023457,3.486457,0.199996,-0.255423,-0.255423,0.000000,,0,0,0,1,1,0,-0.006080,0.015216,0.7292,-0.0454,0.2667,2,ok
0,1066,0.671512,-1.639165,-0.032997,-0.016665,-0.032997,3.510447,0.199906,0.113436,-0.105423,-0.218859,C-06,0,0,0,1,1,0,-0.009831,-0.016213,0.6875,-0.0291,0.2682,2,ok
0,1067,0.691501,-1.639793,-0.030781,-0.017293,-0.030781,3.530437,0.200014,0.152748,0.044577,-0.108171,C-06,0,0,0,1,1,0,-0.011414,-0.033248,0.7500,-0.0385,0.2670,2,ok
0,1068,0.715494,-1.640588,-0.015457,-0.018088,-0.015457,3.554430,0.200083,0.194853,0.194577,-0.000276,C-06,0,0,0,1,1,0,-0.011247,-0.034152,0.7917,-0.0551,0.2666,2,ok
0,1069,0.735493,-1.641250,-0.005382,-0.018750,-0.005382,3.574429,0.200106,0.139433,0.139433,0.000000,,0,0,0,1,1,0,-0.010702,-0.023147,0.7917,-0.0531,0.2670,2,ok
0,1070,0.759493,-1.642029,0.009768,-0.019529,0.009768,3.598428,0.200077,0.181742,0.181742,0.000000,,0,0,0,1,1,0,-0.010072,-0.011971,0.7500,-0.0484,0.2664,2,ok
0,1071,0.779491,-1.641979,0.012848,-0.019479,0.012848,3.618427,0.199987,0.020936,0.031742,0.010807,C-06,0,0,0,1,1,0,-0.009356,0.007209,0.7500,-0.0348,0.2655,2,ok
0,1072,0.803490,-1.641720,0.004186,-0.019220,0.004186,3.642426,0.200010,-0.114271,-0.114271,0.000000,,0,0,0,1,1,0,-0.009071,0.009014,0.7083,-0.0269,0.2664,2,ok
0,1073,0.827490,-1.641459,-0.000139,-0.018959,-0.000139,3.666426,0.200010,-0.046458,-0.046458,0.000000,,0,0,0,1,1,0,-0.009176,0.004093,0.7083,-0.0410,0.2675,2,ok
0,1074,0.847490,-1.641426,0.006177,-0.018926,0.006177,3.686426,0.199997,0.107233,0.103542,-0.003691,C-06,0,0,0,1,1,0,-0.009506,-0.000970,0.6667,-0.0407,0.2674,2,ok
0,1075,0.871489,-1.641404,0.012594,-0.018904,0.012594,3.710425,0.199985,0.074316,0.074316,0.000000,,0,0,0,1,1,0,-0.009681,0.002230,0.6458,-0.0334,0.2672,2,ok
0,1076,0.891488,-1.641159,0.008090,-0.018659,0.008090,3.730423,0.200010,-0.072683,-0.072683,0.000000,,0,0,0,1,1,0,-0.008621,0.011211,0.7083,-0.0251,0.2679,2,ok
0,1077,0.915487,-1.640876,0.005991,-0.018376,0.005991,3.754423,0.200008,-0.022750,-0.022750,0.000000,,0,0,0,1,1,0,-0.007769,0.007788,0.7708,-0.0565,0.2670,2,ok
0,1078,0.935487,-1.640704,0.009227,-0.018204,0.009227,3.774422,0.199999,0.051649,0.051649,0.000000,,0,0,0,1,1,0,-0.008736,0.004717,0.7292,-0.0272,0.2647,2,ok
0,1079,0.959485,-1.640501,0.013904,-0.018001,0.013904,3.798421,0.199988,0.055764,0.055764,0.000000,,0,0,0,1,1,0,-0.008394,0.006948,0.7083,-0.0316,0.2643,2,ok
0,1080,0.979483,-1.640332,0.018243,-0.017832,0.018243,3.818418,0.199975,0.062416,0.062416,0.000000,,0,0,0,1,1,0,-0.004577,0.013392,0.7500,-0.1245,0.2708,2,ok
0,1081,1.003479,-1.639902,0.017941,-0.017402,0.017941,3.842414,0.200002,-0.008380,-0.008380,0.000000,,0,0,0,1,1,0,-0.003950,0.015135,0.6875,-0.1335,0.2714,2,ok
0,1082,1.027477,-1.639456,0.005551,-0.016956,0.005551,3.866412,0.200031,-0.239705,-0.158380,0.081325,C-06,0,0,0,1,1,0,-0.002912,0.014976,0.6875,-0.1607,0.2708,2,ok
0,1083,1.047476,-1.639084,-0.009738,-0.016584,-0.009738,3.886412,0.200027,-0.220657,-0.220657,0.000000,,0,0,0,1,1,0,-0.003294,0.009207,0.6667,-0.1772,0.2703,2,ok
0,1084,1.071474,-1.639030,-0.016439,-0.016530,-0.016439,3.910410,0.199974,0.155867,-0.070657,-0.226524,C-06,0,0,0,1,1,0,-0.001436,-0.004970,0.6458,-0.2651,0.2660,2,ok
0,1085,1.091472,-1.639344,-0.014123,-0.016844,-0.014123,3.930407,0.200008,0.041413,0.041413,0.000000,,0,0,0,1,1,0,-0.004348,-0.014318,0.7083,-0.2688,0.2639,2,ok
0,1086,1.115471,-1.639746,-0.001519,-0.017246,-0.001519,3.954406,0.200028,0.156320,0.156320,0.000000,,0,0,0,1,1,0,-0.006589,-0.011479,0.7500,-0.2387,0.2640,2,ok
0,1087,1.135471,-1.640057,0.004741,-0.017557,0.004741,3.974406,0.200016,0.083428,0.083428,0.000000,,0,0,0,1,1,0,-0.006374,0.000183,0.7500,-0.2495,0.2649,2,ok
0,1088,1.159469,-1.640361,0.016286,-0.017861,0.016286,3.998405,0.199991,0.139421,0.139421,0.000000,,0,0,0,1,1,0,-0.005509,0.012694,0.7292,-0.2809,0.2623,2,ok
0,1089,1.179466,-1.640296,0.021601,-0.017796,0.021601,4.018401,0.199959,0.070521,0.070521,0.000000,,0,0,0,1,1,0,-0.006404,0.037168,0.7292,-0.2415,0.2670,2,ok
0,1090,1.203461,-1.639790,0.015768,-0.017290,0.015768,4.042397,0.200022,-0.105119,-0.079479,0.025641,C-06,0,0,0,1,1,0,-0.007604,0.047690,0.6875,-0.1905,0.2662,2,ok
0,1091,1.227460,-1.639263,-0.002781,-0.016763,-0.002781,4.066396,0.200048,-0.360573,-0.229479,0.131094,C-06,0,0,0,1,1,0,-0.009488,0.051614,0.7083,-0.1580,0.2658,2,ok
0,1092,1.247458,-1.638824,-0.023286,-0.016324,-0.023286,4.086394,0.199999,-0.295271,-0.295271,0.000000,,0,0,0,1,1,0,-0.011559,0.047120,0.6458,-0.1348,0.2648,2,ok
0,1093,1.271447,-1.638804,-0.036143,-0.016304,-0.036143,4.110383,0.199877,0.166643,-0.145271,-0.311913,C-06,0,0,0,1,1,0,-0.011434,0.040296,0.6458,-0.1664,0.2666,2,ok
0,1094,1.291433,-1.639425,-0.038303,-0.016925,-0.038303,4.130369,0.199967,-0.022645,-0.022645,0.000000,,0,0,0,1,1,0,-0.015747,0.017362,0.7292,-0.1280,0.2671,2,ok
0,1095,1.315419,-1.640298,-0.029319,-0.017798,-0.027261,4.154354,0.200045,0.119709,0.119709,0.000000,,0,0,0,1,1,0,-0.015177,0.017070,0.7500,-0.1453,0.2644,2,ok
0,1096,1.335412,-1.641029,-0.024670,-0.018529,-0.022612,4.174347,0.200072,0.062884,0.062884,0.000000,,0,0,0,1,1,0,-0.016304,0.024430,0.7708,-0.1004,0.2663,2,ok
0,1097,1.359407,-1.641907,-0.015404,-0.019407,-0.009215,4.198342,0.200109,0.114168,0.114168,0.000000,,0,0,0,1,1,0,-0.016186,0.035265,0.7083,-0.0958,0.2652,2,ok
0,1098,1.379405,-1.642526,-0.009086,-0.020026,-0.002897,4.218341,0.200070,0.088451,0.088451,0.000000,,0,0,0,1,1,0,-0.016080,0.046293,0.7292,-0.0340,0.2669,2,ok
0,1099,1.403404,-1.642759,-0.013679,-0.020204,0.000357,4.242547,0.199990,-0.082955,-0.061549,0.021405,C-06,0,0,0,1,1,0,-0.014993,0.058634,0.6875,-0.0320,0.2689,2,ok
0,1100,1.427398,-1.642974,-0.030433,-0.020172,-0.016397,4.266542,0.199920,-0.237896,-0.211549,0.026346,C-06,0,0,0,1,1,0,-0.016117,0.061910,0.7083,0.0066,0.2680,2,ok
0,1101,1.447384,-1.643152,-0.042507,-0.020145,-0.028471,4.285738,0.199833,-0.172462,-0.172462,0.000000,,0,0,0,1,1,0,-0.016155,0.049827,0.6667,0.0094,0.2647,2,ok
0,1102,1.471361,-1.644057,-0.045190,-0.020545,-0.021754,4.310729,0.199961,0.146590,-0.022462,-0.169052,C-06,0,0,0,1,1,0,-0.018367,0.043424,0.6458,0.0518,0.2678,2,ok
0,1103,1.491338,-1.644871,-0.051697,-0.020947,-0.028261,4.330718,0.199903,-0.101176,-0.101176,0.000000,,0,0,0,1,1,0,-0.016688,0.030982,0.7292,0.0341,0.2676,2,ok
0,1104,1.515306,-1.646107,-0.050426,-0.021301,-0.015597,4.355106,0.200017,0.022909,0.022909,0.000000,,0,0,0,1,1,0,-0.015464,0.025533,0.7500,-0.0022,0.2634,2,ok
0,1105,1.535282,-1.647150,-0.047726,-0.021560,-0.012896,4.375107,0.200043,0.040677,0.040677,0.000000,,0,0,0,1,1,0,-0.015947,0.023247,0.7292,0.0199,0.2656,2,ok
0,1106,1.559258,-1.648402,-0.040782,-0.021741,0.004652,4.399284,0.200103,0.086657,0.086657,0.000000,,0,0,0,1,1,0,-0.015029,0.024209,0.7292,0.0257,0.2625,2,ok
0,1107,1.579244,-1.649443,-0.035466,-0.021842,0.009968,4.419296,0.200136,0.076341,0.076341,0.000000,,0,0,0,1,1,0,-0.013042,0.030662,0.6667,0.0296,0.2656,2,ok
0,1108,1.603226,-1.650307,-0.040756,-0.021461,0.015096,4.443507,0.199959,-0.085309,-0.073659,0.011650,C-06,0,0,0,1,1,0,-0.013122,0.036003,0.6875,0.0731,0.2717,2,ok
0,1109,1.627197,-1.651149,-0.058102,-0.020937,-0.002250,4.467488,0.199795,-0.247439,-0.223659,0.023780,C-06,0,0,0,1,1,0,-0.013849,0.033036,0.6667,0.1135,0.2698,2,ok
0,1110,1.647160,-1.652069,-0.063935,-0.020675,-0.001411,4.487601,0.199836,-0.009660,-0.073659,-0.063999,C-06,0,0,0,1,1,0,-0.013672,0.021684,0.6667,0.0850,0.2692,2,ok
0,1111,1.671113,-1.653593,-0.060669,-0.020681,0.001855,4.511603,0.200042,0.045505,0.045505,0.000000,,0,0,0,1,1,0,-0.015270,0.011330,0.6667,0.1262,0.2676,2,ok
0,1112,1.691075,-1.654807,-0.063702,-0.020629,-0.001178,4.529718,0.199962,-0.052164,-0.052164,0.000000,,0,0,0,1,1,0,-0.016224,0.008380,0.7708,0.1751,0.2677,2,ok
0,1113,1.715028,-1.656336,-0.059660,-0.020394,0.009126,4.555797,0.200050,0.056554,0.056554,0.000000,,0,0,0,1,1,0,-0.016167,0.009249,0.7917,0.1760,0.2675,2,ok
0,1114,1.734995,-1.657614,-0.055228,-0.020218,0.013558,4.575804,0.200101,0.065723,0.065723,0.000000,,0,0,0,1,1,0,-0.015224,0.011403,0.7708,0.1778,0.2652,2,ok
0,1115,1.758963,-1.659148,-0.048468,-0.020008,0.024524,4.599817,0.200171,0.083439,0.083439,0.000000,,0,0,0,1,1,0,-0.014988,0.015521,0.7708,0.2211,0.2644,2,ok
0,1116,1.778941,-1.660215,-0.046367,-0.019624,0.026626,4.619820,0.200053,0.026665,0.026665,0.000000,,0,0,0,1,1,0,-0.012143,0.010868,0.7083,0.2083,0.2671,2,ok
0,1117,1.802910,-1.661365,-0.055699,-0.018947,0.020200,4.643917,0.199923,-0.163067,-0.123335,0.039732,C-06,0,0,0,1,1,0,-0.011176,0.014161,0.7083,0.2286,0.2665,2,ok
0,1118,1.826859,-1.662510,-0.074656,-0.018215,0.001243,4.667883,0.199684,-0.242583,-0.242583,0.000000,,0,0,0,1,1,0,-0.010824,0.005771,0.6875,0.2254,0.2676,2,ok
0,1119,1.846798,-1.663704,-0.081498,-0.017847,-0.004672,4.687848,0.199741,0.028103,-0.092583,-0.120686,C-06,0,0,0,1,1,0,-0.010790,-0.012766,0.7083,0.2055,0.2674,2,ok
0,1120,1.870721,-1.665640,-0.077727,-0.017914,-0.000901,4.711850,0.200064,0.105769,0.057417,-0.048352,C-06,0,0,0,1,1,0,-0.013561,-0.029183,0.6667,0.2672,0.2658,2,ok
0,1121,1.890665,-1.667277,-0.071095,-0.017992,0.005731,4.728784,0.200160,0.101741,0.101741,0.000000,,0,0,0,1,1,0,-0.012690,-0.034269,0.7500,0.2607,0.2666,2,ok
0,1122,1.914612,-1.669243,-0.062599,-0.018090,0.013969,4.755885,0.200274,0.104793,0.104793,0.000000,,0,0,0,1,1,0,-0.011613,-0.035732,0.7708,0.2447,0.2677,2,ok
0,1123,1.934577,-1.670859,-0.054824,-0.018149,0.021744,4.775915,0.200306,0.114974,0.114974,0.000000,,0,0,0,1,1,0,-0.009109,-0.034128,0.7708,0.2243,0.2650,2,ok
0,1124,1.958545,-1.672501,-0.047814,-0.017931,0.026484,4.799931,0.200190,0.083572,0.083572,0.000000,,0,0,0,1,1,0,-0.008535,-0.032371,0.7292,0.2330,0.2638,2,ok
0,1125,1.978524,-1.673592,-0.044997,-0.017475,0.029301,4.819934,0.200075,0.037837,0.037837,0.000000,,0,0,0,1,1,0,-0.004035,-0.032154,0.6667,0.1315,0.2592,2,ok
0,1126,2.002498,-1.674715,-0.048421,-0.016829,0.022420,4.843821,0.199982,-0.047673,-0.047673,0.000000,,0,0,0,1,1,0,-0.011331,-0.030093,0.7083,0.3894,0.2692,2,ok
0,1127,2.026470,-1.675879,-0.048019,-0.016282,0.022821,4.867815,0.200006,0.008718,0.008718,0.000000,,0,0,0,1,1,0,-0.011715,-0.032339,0.6875,0.3915,0.2696,2,ok
0,1128,2.046451,-1.676852,-0.038673,-0.015864,0.027198,4.887745,0.200083,0.149925,0.149925,0.000000,,0,0,0,1,1,0,-0.012641,-0.039926,0.6667,0.4361,0.2675,2,ok
0,1129,2.070437,-1.678020,-0.029498,-0.015424,0.036373,4.911756,0.200147,0.108457,0.108457,0.000000,,0,0,0,1,1,0,-0.013623,-0.045901,0.6667,0.5002,0.2729,2,ok
0,1130,2.090429,-1.678701,-0.027467,-0.014766,0.038404,4.930729,0.200027,0.022292,0.022292,0.000000,,0,0,0,1,1,0,-0.009447,-0.040752,0.7083,0.4652,0.2675,2,ok
0,1131,2.114421,-1.679468,-0.022682,-0.014082,0.036251,4.955651,0.200050,0.059864,0.059864,0.000000,,0,0,0,1,1,0,-0.011184,-0.043307,0.7708,0.5673,0.2682,2,ok
0,1132,2.134417,-1.680107,-0.014270,-0.013507,0.044664,4.975649,0.200080,0.126080,0.126080,0.000000,,0,0,0,1,1,0,-0.010004,-0.045156,0.7500,0.5471,0.2680,2,ok
0,1133,2.158415,-1.680530,-0.012231,-0.012609,0.038254,4.999532,0.200011,0.017867,0.017867,0.000000,,0,0,0,1,1,0,-0.009130,-0.045048,0.7500,0.6009,0.2689,2,ok
0,1134,2.178414,-1.680847,-0.009998,-0.011867,0.040486,5.019519,0.200015,0.032989,0.032989,0.000000,,0,0,0,1,1,0,-0.007017,-0.047675,0.7292,0.5713,0.2678,2,ok
0,1135,2.202413,-1.681130,-0.013478,-0.010988,0.027082,5.043386,0.199996,-0.047023,-0.047023,0.000000,,0,0,0,1,1,0,-0.007608,-0.066884,0.7500,0.6676,0.2712,2,ok
0,1136,2.226410,-1.681456,-0.013626,-0.010290,0.026934,5.067376,0.200000,0.001050,0.001050,0.000000,,0,0,0,1,1,0,-0.007762,-0.079677,0.7083,0.6963,0.2697,2,ok
0,1137,2.246409,-1.681730,-0.004062,-0.009710,0.036498,5.084342,0.200017,0.158273,0.151050,-0.007223,C-06,0,0,0,1,1,0,-0.005085,-0.095447,0.6458,0.6493,0.2663,2,ok
0,1138,2.270409,-1.682059,0.005159,-0.009382,0.033194,5.111235,0.200017,0.105672,0.105672,0.000000,,0,0,0,1,1,0,-0.005014,-0.115556,0.6458,0.6807,0.2700,2,ok
0,1139,2.290409,-1.682223,0.010624,-0.008964,0.038660,5.131231,0.199992,0.075497,0.075497,0.000000,,0,0,0,1,1,0,-0.005637,-0.108777,0.7500,0.7493,0.2657,2,ok
0,1140,2.314406,-1.682338,0.019755,-0.008607,0.033018,5.155122,0.199964,0.110701,0.110701,0.000000,,0,0,0,1,1,0,-0.003509,-0.113544,0.7708,0.7460,0.2659,2,ok
0,1141,2.334399,-1.682393,0.031023,-0.008315,0.044285,5.175113,0.199908,0.166667,0.166667,0.000000,,0,0,0,1,1,0,-0.003509,-0.113544,0.7708,0.7460,0.2659,2,ok
0,1142,2.358385,-1.681975,0.038039,-0.007696,0.034090,5.198942,0.199904,0.079321,0.079321,0.000000,,0,0,0,1,1,0,-0.003127,-0.116947,0.7500,0.8057,0.2664,2,ok
0,1143,2.378368,-1.681475,0.043334,-0.007234,0.039384,5.218926,0.199890,0.076690,0.076690,0.000000,,0,0,0,1,1,0,-0.000999,-0.128861,0.7708,0.7846,0.2656,2,ok
0,1144,2.402341,-1.680798,0.052796,-0.006603,0.048847,5.240172,0.199808,0.117911,0.117911,0.000000,,0,0,0,1,1,0,-0.000124,-0.141511,0.7292,0.7935,0.2608,2,ok
0,1145,2.426299,-1.680073,0.065806,-0.006429,0.042556,5.266742,0.199685,0.162081,0.162081,0.000000,,0,0,0,1,1,0,0.002687,-0.150008,0.7292,0.7457,0.2650,2,ok
0,1146,2.446247,-1.679334,0.077976,-0.006106,0.054726,5.286701,0.199578,0.181790,0.181790,0.000000,,0,0,0,1,1,0,0.003865,-0.155493,0.6875,0.7487,0.2583,2,ok
0,1147,2.470170,-1.677610,0.081351,-0.005281,0.034516,5.310541,0.199904,-0.115669,0.031790,0.147459,C-06,0,0,0,1,1,0,0.004552,-0.161250,0.6458,0.7680,0.2614,2,ok
0,1148,2.490108,-1.676005,0.074896,-0.004542,0.028061,5.330530,0.200084,-0.107718,-0.107718,0.000000,,0,0,0,1,1,0,0.007402,-0.186011,0.6875,0.6988,0.2614,2,ok
0,1149,2.514039,-1.674213,0.077571,-0.003994,0.005383,5.354423,0.199954,0.177226,0.042282,-0.134943,C-06,0,0,0,1,1,0,0.004989,-0.199059,0.7708,0.7253,0.2632,2,ok
0,1150,2.533970,-1.672726,0.089541,-0.003854,0.017352,5.374408,0.199765,0.230418,0.192282,-0.038136,C-06,0,0,0,1,1,0,0.006215,-0.210875,0.7500,0.6690,0.2611,2,ok
0,1151,2.557853,-1.670942,0.108003,-0.003683,0.035815,5.398357,0.199408,0.235100,0.235100,0.000000,,0,0,0,1,1,0,0.005406,-0.219559,0.7292,0.6916,0.2607,2,ok
0,1152,2.577719,-1.669442,0.123837,-0.004150,0.021185,5.418152,0.199106,0.242142,0.242142,0.000000,,0,0,0,1,1,0,0.005882,-0.212382,0.7292,0.6551,0.2626,2,ok
0,1153,2.601522,-1.666822,0.131825,-0.003934,0.029173,5.442098,0.199590,0.018858,0.092142,0.073285,C-06,0,0,0,1,1,0,0.005854,-0.221286,0.7292,0.6429,0.2629,2,ok
0,1154,2.625318,-1.663684,0.128137,-0.003564,-0.007935,5.465994,0.200101,-0.138744,-0.057858,0.080886,C-06,0,0,0,1,1,0,0.016354,-0.223733,0.6667,0.2823,0.2417,2,ok
0,1155,2.649114,-1.660617,0.134045,-0.003576,-0.002027,5.489986,0.199847,0.086485,0.086485,0.000000,,0,0,0,1,1,0,0.001338,-0.239597,0.6875,0.6842,0.2605,2,ok
0,1156,2.668916,-1.658067,0.148335,-0.003589,0.012264,5.507677,0.199465,0.401006,0.236485,-0.164521,C-06,0,0,0,1,1,0,-0.001552,-0.263246,0.6458,0.6729,0.2586,2,ok
0,1157,2.692615,-1.655007,0.168923,-0.004757,-0.006375,5.533661,0.198827,0.271079,0.271079,0.000000,,0,0,0,1,1,0,-0.003881,-0.259518,0.7083,0.6869,0.2601,2,ok
0,1158,2.712287,-1.652458,0.194455,-0.005635,0.019157,5.553478,0.197935,0.571739,0.421079,-0.150660,C-06,0,0,0,1,1,0,-0.001606,-0.251896,0.7292,0.6067,0.2571,2,ok
0,1159,2.735746,-1.649229,0.231124,-0.007027,0.014346,5.576891,0.197052,0.501766,0.501766,0.000000,,0,0,0,1,1,0,-0.004108,-0.246726,0.7708,0.6626,0.2594,2,ok
0,1160,2.759021,-1.644865,0.261018,-0.007622,0.044240,5.600564,0.197287,0.406613,0.406613,0.000000,,0,0,0,1,1,0,-0.003177,-0.206673,0.7500,0.6412,0.2634,2,ok
0,1161,2.778291,-1.640462,0.280816,-0.007342,0.064038,5.618327,0.197666,0.327226,0.327226,0.000000,,0,0,0,1,1,0,-0.003245,-0.192173,0.7292,0.6554,0.2618,2,ok
0,1162,2.801252,-1.634768,0.310125,-0.007923,0.050298,5.643587,0.196914,0.422001,0.422001,0.000000,,0,0,0,1,1,0,-0.001870,-0.180534,0.7292,0.6216,0.2642,2,ok
0,1163,2.820228,-1.629444,0.332508,-0.007727,0.072682,5.663295,0.197084,0.385784,0.385784,0.000000,,0,0,0,1,1,0,0.000106,-0.180485,0.7292,0.5802,0.2639,2,ok
0,1164,2.842844,-1.622134,0.349329,-0.007118,0.048241,5.686731,0.198150,0.005440,0.235784,0.230344,C-06,0,0,0,1,1,0,0.002183,-0.167675,0.7500,0.5470,0.2669,2,ok
0,1165,2.861617,-1.615457,0.354613,-0.006446,0.053525,5.706645,0.199310,-0.265118,0.085784,0.350901,C-06,0,0,0,1,1,0,0.002422,-0.155558,0.7083,0.5624,0.2647,2,ok
0,1166,2.884138,-1.607135,0.350705,-0.005342,0.049617,5.729455,0.200236,-0.352137,-0.064216,0.287920,C-06,0,0,0,1,1,0,0.004104,-0.160313,0.6875,0.5146,0.2646,2,ok
0,1167,2.902921,-1.600263,0.350942,-0.005244,0.009470,5.750436,0.199968,0.010200,0.010200,0.000000,,0,0,0,1,1,0,0.002076,-0.183616,0.6667,0.5339,0.2632,2,ok
0,1168,2.925427,-1.592012,0.358942,-0.005064,0.017470,5.774407,0.199507,0.126839,0.126839,0.000000,,0,0,0,1,1,0,0.001375,-0.193061,0.7083,0.5298,0.2622,2,ok
0,1169,2.947824,-1.583740,0.376885,-0.005342,-0.000624,5.798100,0.198389,0.305918,0.276839,-0.029079,C-06,0,0,0,1,1,0,0.000006,-0.197910,0.7917,0.5153,0.2646,2,ok
0,1170,2.966362,-1.576810,0.392753,-0.005772,0.015244,5.817886,0.197760,0.287569,0.287569,0.000000,,0,0,0,1,1,0,0.000574,-0.191113,0.7917,0.5019,0.2650,2,ok
0,1171,2.988463,-1.568025,0.407933,-0.005918,-0.003370,5.841476,0.198232,0.227196,0.227196,0.000000,,0,0,0,1,1,0,-0.001745,-0.182159,0.7708,0.5526,0.2656,2,ok
0,1172,3.006757,-1.560485,0.424577,-0.006342,0.013274,5.861259,0.197609,0.314252,0.314252,0.000000,,0,0,0,1,1,0,-0.001210,-0.175215,0.7708,0.5271,0.2654,2,ok
0,1173,3.028529,-1.551054,0.444005,-0.006428,0.032702,5.884986,0.197760,0.300907,0.300907,0.000000,,0,0,0,1,1,0,-0.001214,-0.187404,0.7500,0.5265,0.2657,2,ok
0,1174,3.046550,-1.542666,0.452683,-0.006363,0.008631,5.904664,0.198878,-0.078037,0.150907,0.228945,C-06,0,0,0,1,1,0,-0.001593,-0.175642,0.7500,0.5458,0.2647,2,ok
0,1175,3.068127,-1.532176,0.453297,-0.006154,0.009245,5.928655,0.199993,-0.295495,0.000907,0.296402,C-06,0,0,0,1,1,0,-0.001593,-0.175642,0.7500,0.5458,0.2647,2,ok
0,1176,3.086136,-1.523418,0.445978,-0.005976,0.001926,5.946166,0.200539,-0.204785,-0.149093,0.055692,C-06,0,0,0,1,1,0,-0.004385,-0.179401,0.6667,0.5849,0.2620,2,ok
0,1177,3.107795,-1.513068,0.445397,-0.006804,-0.030652,5.972474,0.199997,0.581567,0.000907,-0.580659,C-06,0,0,0,1,1,0,-0.005838,-0.194482,0.7083,0.5740,0.2661,2,ok
0,1178,3.129411,-1.502728,0.454332,-0.007541,-0.021716,5.996424,0.199334,0.400326,0.150907,-0.249419,C-06,0,0,0,1,1,0,-0.010811,-0.213013,0.7708,0.6309,0.2624,2,ok
0,1179,3.147329,-1.494106,0.466774,-0.008604,-0.040367,6.016044,0.198389,0.244094,0.244094,0.000000,,0,0,0,1,1,0,-0.011064,-0.218398,0.7500,0.6204,0.2617,2,ok
0,1180,3.168677,-1.483609,0.482359,-0.009809,-0.024782,6.039803,0.198267,0.248723,0.248723,0.000000,,0,0,0,1,1,0,-0.011697,-0.219553,0.7292,0.6277,0.2641,2,ok
0,1181,3.186305,-1.474575,0.502354,-0.010660,-0.035798,6.059262,0.197387,0.540766,0.398723,-0.142044,C-06,0,0,0,1,1,0,-0.011697,-0.219553,0.7292,0.6277,0.2641,2,ok
0,1182,3.207149,-1.463414,0.535282,-0.011792,-0.002869,6.082880,0.196788,0.568611,0.548723,-0.019889,C-06,0,0,0,1,1,0,-0.000231,-0.214370,0.7083,0.2448,0.2443,2,ok
0,1183,3.224237,-1.453507,0.557335,-0.012069,0.019184,6.102630,0.197687,0.433682,0.433682,0.000000,,0,0,0,1,1,0,-0.008752,-0.194303,0.7083,0.5501,0.2633,2,ok
0,1184,3.244491,-1.440971,0.574716,-0.012248,0.006469,6.126106,0.198619,0.094380,0.283682,0.189302,C-06,0,0,0,1,1,0,-0.009071,-0.183431,0.6875,0.5662,0.2634,2,ok
0,1185,3.261237,-1.430164,0.581768,-0.012143,0.013521,6.146037,0.199377,-0.074195,0.133682,0.207877,C-06,0,0,0,1,1,0,-0.006698,-0.171796,0.6875,0.5302,0.2639,2,ok
0,1186,3.281187,-1.416970,0.597713,-0.012012,-0.000167,6.169584,0.198820,0.373792,0.283682,-0.090110,C-06,0,0,0,1,1,0,-0.006235,-0.172108,0.6875,0.5366,0.2643,2,ok
0,1187,3.300864,-1.403471,0.622033,-0.011953,0.024152,6.193446,0.198552,0.522918,0.433682,-0.089236,C-06,0,0,0,1,1,0,-0.004505,-0.189987,0.6875,0.4961,0.2651,2,ok
0,1188,3.317024,-1.391860,0.637825,-0.011472,0.039944,6.213339,0.199100,0.326421,0.326421,0.000000,,0,0,0,1,1,0,-0.004203,-0.177503,0.7083,0.5109,0.2660,2,ok
0,1189,3.336228,-1.377561,0.648212,-0.011115,0.021289,6.236953,0.199586,0.101515,0.176421,0.074905,C-06,0,0,0,1,1,0,-0.001337,-0.168810,0.7917,0.4531,0.2637,2,ok
0,1190,3.352122,-1.365484,0.656351,-0.010670,0.029427,6.256910,0.199645,0.175424,0.175424,0.000000,,0,0,0,1,1,0,-0.003165,-0.160986,0.7708,0.4967,0.2653,2,ok
0,1191,3.371061,-1.350807,0.666648,-0.010251,0.010725,6.280571,0.199701,0.186735,0.186735,0.000000,,0,0,0,1,1,0,-0.005251,-0.159974,0.7500,0.5469,0.2642,2,ok
0,1192,3.386690,-1.338381,0.681532,-0.009933,0.025609,6.300535,0.199668,0.444251,0.336735,-0.107516,C-06,0,0,0,1,1,0,-0.005744,-0.161300,0.7292,0.5503,0.2640,2,ok
0,1193,3.405222,-1.323164,0.695293,-0.009173,0.039370,6.322196,0.199908,0.248718,0.248718,0.000000,,0,0,0,1,1,0,-0.006674,-0.159352,0.7500,0.6088,0.2656,2,ok
0,1194,3.420545,-1.310314,0.700268,-0.008973,0.015723,6.344233,0.199988,-0.297307,0.098718,0.396025,C-06,0,0,0,1,1,0,-0.006490,-0.158103,0.6875,0.6244,0.2655,2,ok
0,1195,3.438911,-1.294863,0.697981,-0.008619,0.013436,6.368231,0.200010,-0.319447,-0.051282,0.268164,C-06,0,0,0,1,1,0,-0.005081,-0.161543,0.6667,0.5964,0.2652,2,ok
0,1196,3.457263,-1.279398,0.702948,-0.008710,-0.011081,6.391988,0.200000,0.122984,0.098718,-0.024267,C-06,0,0,0,1,1,0,-0.007920,-0.190659,0.7083,0.6447,0.2622,2,ok
0,1197,3.472467,-1.266393,0.713587,-0.008816,-0.000442,6.411996,0.200160,0.633231,0.248718,-0.384513,C-06,0,0,0,1,1,0,-0.008573,-0.194349,0.7083,0.6489,0.2608,2,ok
0,1198,3.490542,-1.250560,0.728674,-0.008851,-0.013919,6.435770,0.200301,0.657587,0.398718,-0.258870,C-06,0,0,0,1,1,0,-0.009345,-0.192489,0.8125,0.6697,0.2610,2,ok
0,1199,3.505451,-1.237091,0.749568,-0.008997,0.006975,6.455862,0.201018,0.454585,0.454585,0.000000,,0,0,0,1,1,0,-0.009403,-0.188904,0.7500,0.6749,0.2614,2,ok
0,1200,3.522918,-1.220526,0.774311,-0.008589,0.031718,6.479931,0.200313,0.434153,0.434153,0.000000,,0,0,0,1,1,0,-0.008455,-0.180582,0.8333,0.6765,0.2610,2,ok
0,1201,3.537096,-1.206414,0.792926,-0.008317,0.021521,6.499653,0.199855,0.381331,0.381331,0.000000,,0,0,0,1,1,0,-0.008642,-0.170845,0.7708,0.7284,0.2638,2,ok
0,1202,3.553743,-1.189201,0.815819,-0.007664,0.044414,6.523590,0.199294,0.401674,0.401674,0.000000,,0,0,0,1,1,0,-0.005438,-0.168862,0.7292,0.7172,0.2632,2,ok
0,1203,3.567355,-1.174611,0.828172,-0.006924,0.026748,6.543361,0.199375,0.181790,0.251674,0.069884,C-06,0,0,0,1,1,0,-0.003889,-0.162569,0.7292,0.7294,0.2657,2,ok
0,1204,3.583525,-1.156909,0.834394,-0.006158,0.032969,6.567324,0.199787,-0.257156,0.101674,0.358830,C-06,0,0,0,1,1,0,-0.002380,-0.158424,0.7083,0.7326,0.2671,2,ok
0,1205,3.599659,-1.139131,0.832196,-0.005313,0.030772,6.590094,0.200106,-0.372510,-0.048326,0.324185,C-06,0,0,0,1,1,0,-0.002505,-0.166167,0.6875,0.7727,0.2655,2,ok
0,1206,3.613165,-1.124349,0.826401,-0.005312,-0.004456,6.611179,0.200329,-0.131408,-0.131408,0.000000,,0,0,0,1,1,0,-0.002505,-0.166167,0.6875,0.7727,0.2655,2,ok
0,1207,3.629425,-1.106699,0.826950,-0.005369,-0.003907,6.635177,0.199954,0.148446,0.018592,-0.129855,C-06,0,0,0,1,1,0,-0.001331,-0.210191,0.7292,0.7222,0.2637,2,ok
0,1208,3.642921,-1.091972,0.833937,-0.005745,-0.027114,6.654963,0.199641,0.382317,0.168592,-0.213726,C-06,0,0,0,1,1,0,-0.002276,-0.220228,0.7917,0.7028,0.2508,2,ok
0,1209,3.658902,-1.074129,0.850919,-0.006286,-0.010133,6.678910,0.199642,0.466709,0.318592,-0.148117,C-06,0,0,0,1,1,0,-0.000064,-0.226564,0.8125,0.6352,0.2574,2,ok
0,1210,3.671941,-1.058985,0.871122,-0.006346,0.010071,6.697787,0.200042,0.460030,0.460030,0.000000,,0,0,0,1,1,0,-0.005560,-0.228865,0.7500,0.7801,0.2611,2,ok
0,1211,3.687216,-1.040414,0.899119,-0.006532,0.006566,6.722773,0.200688,0.519498,0.519498,0.000000,,0,0,0,1,1,0,0.003180,-0.237928,0.7500,0.5313,0.2566,2,ok
0,1212,3.699630,-1.024635,0.919046,-0.006229,0.026493,6.742848,0.200918,0.425059,0.425059,0.000000,,0,0,0,1,1,0,0.000059,-0.235130,0.7500,0.6712,0.2644,2,ok
0,1213,3.714176,-1.005438,0.934887,-0.005981,0.009997,6.766711,0.200768,0.254552,0.275059,0.020507,C-06,0,0,0,1,1,0,0.003177,-0.228283,0.7500,0.5844,0.2592,2,ok
0,1214,3.728436,-0.986065,0.943640,-0.005730,0.018750,6.790765,0.200461,0.147326,0.147326,0.000000,,0,0,0,1,1,0,0.004586,-0.225688,0.7083,0.5673,0.2641,2,ok
0,1215,3.740169,-0.969795,0.957296,-0.005474,-0.001075,6.810657,0.201076,0.358248,0.297326,-0.060922,C-06,0,0,0,1,1,0,0.004174,-0.233224,0.6875,0.5721,0.2608,2,ok
0,1216,3.753999,-0.950004,0.982552,-0.005360,0.024181,6.834800,0.202004,0.469724,0.447326,-0.022398,C-06,0,0,0,1,1,0,0.002957,-0.242679,0.6667,0.5787,0.2573,2,ok
0,1217,3.765283,-0.933215,1.011162,-0.004897,0.052792,6.855024,0.203213,0.629520,0.597326,-0.032194,C-06,0,0,0,1,1,0,0.006953,-0.227862,0.7292,0.4810,0.2481,2,ok
0,1218,3.778362,-0.912695,1.039875,-0.004411,0.043692,6.879191,0.202890,0.469426,0.469426,0.000000,,0,0,0,1,1,0,0.006953,-0.227862,0.7292,0.4810,0.2481,2,ok
0,1219,3.788757,-0.895362,1.056632,-0.003600,0.060449,6.899385,0.202086,0.233711,0.319426,0.085714,C-06,0,0,0,1,1,0,0.009874,-0.186802,0.8333,0.4613,0.2615,2,ok
0,1220,3.800731,-0.874399,1.067582,-0.002478,0.032219,6.923390,0.201140,0.083177,0.169426,0.086248,C-06,0,0,0,1,1,0,0.008549,-0.180067,0.7708,0.4991,0.2606,2,ok
0,1221,3.810571,-0.856827,1.078367,-0.001876,0.043003,6.943520,0.201480,0.212511,0.212511,0.000000,,0,0,0,1,1,0,0.008040,-0.179452,0.7500,0.5082,0.2622,2,ok
0,1222,3.822128,-0.835560,1.100391,-0.000844,0.065027,6.967702,0.202508,0.409686,0.362511,-0.047175,C-06,0,0,0,1,1,0,0.009303,-0.190614,0.7083,0.4494,0.2597,2,ok
0,1223,3.833291,-0.814089,1.114398,-0.000423,0.037700,6.991861,0.201612,-0.119576,0.212511,0.332087,C-06,0,0,0,1,1,0,0.010328,-0.186243,0.7708,0.4291,0.2611,2,ok
0,1224,3.842192,-0.796117,1.118351,0.000234,0.041652,7.011907,0.200472,-0.341069,0.062511,0.403580,C-06,0,0,0,1,1,0,0.009813,-0.177849,0.7083,0.4433,0.2581,2,ok
0,1225,3.852688,-0.774554,1.113446,0.000729,-0.004330,7.035911,0.199612,-0.269572,-0.087489,0.182083,C-06,0,0,0,1,1,0,0.010048,-0.181866,0.7083,0.4162,0.2649,2,ok
0,1226,3.861517,-0.756607,1.114490,0.000566,-0.003286,7.055912,0.200109,0.030487,0.030487,0.000000,,0,0,0,1,1,0,0.008085,-0.202295,0.7500,0.4118,0.2609,2,ok
0,1227,3.872092,-0.735010,1.125293,0.000416,0.007517,7.079958,0.200795,0.311304,0.180487,-0.130817,C-06,0,0,0,1,1,0,0.006542,-0.210415,0.7917,0.4095,0.2638,2,ok
0,1228,3.880846,-0.716894,1.142243,-0.000400,-0.014937,7.100079,0.201786,0.465875,0.330487,-0.135388,C-06,0,0,0,1,1,0,0.003562,-0.208014,0.7708,0.4172,0.2636,2,ok
0,1229,3.891326,-0.694924,1.172010,-0.001302,0.014831,7.124403,0.203846,0.467171,0.467171,0.000000,,0,0,0,1,1,0,0.003719,-0.197533,0.8125,0.3968,0.2669,2,ok
0,1230,3.899697,-0.676414,1.192618,-0.001947,-0.001661,7.144656,0.203095,0.364583,0.364583,0.000000,,0,0,0,1,1,0,0.003644,-0.181858,0.8125,0.4112,0.2650,2,ok
0,1231,3.909382,-0.653989,1.220987,-0.002745,0.026708,7.169070,0.203690,0.425972,0.425972,0.000000,,0,0,0,1,1,0,0.003386,-0.182666,0.7708,0.4103,0.2638,2,ok
0,1232,3.918328,-0.631351,1.243791,-0.002901,0.015870,7.193322,0.202805,0.328264,0.328264,0.000000,,0,0,0,1,1,0,0.004486,-0.173975,0.7917,0.3976,0.2631,2,ok
0,1233,3.925130,-0.612374,1.254773,-0.002917,0.026852,7.213481,0.201479,-0.202055,0.178264,0.380319,C-06,0,0,0,1,1,0,0.005623,-0.153919,0.7292,0.3914,0.2639,2,ok
0,1234,3.932669,-0.589551,1.257351,-0.002331,0.029430,7.237510,0.200228,-0.327688,0.028264,0.355952,C-06,0,0,0,1,1,0,0.006007,-0.147582,0.7292,0.3831,0.2626,2,ok
0,1235,3.938839,-0.570543,1.250990,-0.002247,-0.007813,7.257413,0.199640,-0.207844,-0.121736,0.086107,C-06,0,0,0,1,1,0,0.003480,-0.159324,0.6458,0.4258,0.2645,2,ok
0,1236,3.946263,-0.547777,1.246776,-0.002441,-0.012027,7.281358,0.199543,-0.057252,-0.057252,0.000000,,0,0,0,1,1,0,0.003121,-0.158148,0.6875,0.4173,0.2627,2,ok
0,1237,3.952624,-0.528804,1.251470,-0.002872,-0.037256,7.301292,0.200278,0.245235,0.092748,-0.152487,C-06,0,0,0,1,1,0,0.000996,-0.175303,0.7917,0.3961,0.2634,2,ok
0,1238,3.960269,-0.505962,1.267500,-0.003885,-0.021226,7.325359,0.201179,0.411632,0.242748,-0.168884,C-06,0,0,0,1,1,0,0.000068,-0.186231,0.7917,0.3632,0.2608,2,ok
0,1239,3.966640,-0.486813,1.289757,-0.004699,0.001031,7.345523,0.202372,0.630264,0.392748,-0.237516,C-06,0,0,0,1,1,0,-0.004262,-0.182922,0.7500,0.4633,0.2618,2,ok
0,1240,3.974284,-0.463647,1.324124,-0.006139,0.007013,7.369740,0.204038,0.486065,0.486065,0.000000,,0,0,0,1,1,0,-0.002531,-0.164600,0.7708,0.4158,0.2636,2,ok
0,1241,3.981319,-0.440289,1.354282,-0.007088,0.037171,7.394116,0.203184,0.409207,0.409207,0.000000,,0,0,0,1,1,0,-0.001055,-0.144033,0.7292,0.4220,0.2659,2,ok
0,1242,3.986318,-0.420720,1.371014,-0.007299,0.028118,7.414111,0.201849,0.047793,0.259207,0.211414,C-06,0,0,0,1,1,0,-0.000703,-0.128394,0.7500,0.4555,0.2714,2,ok
0,1243,3.991439,-0.397175,1.379951,-0.007028,0.037055,7.438205,0.200717,0.047476,0.109207,0.061731,C-06,0,0,0,1,1,0,-0.000685,-0.121459,0.7500,0.4901,0.2686,2,ok
0,1244,3.995261,-0.377541,1.377988,-0.006366,0.035092,7.457497,0.199945,-0.170543,-0.040793,0.129751,C-06,0,0,0,1,1,0,0.001113,-0.121649,0.7292,0.4533,0.2665,2,ok
0,1245,3.999822,-0.353989,1.376486,-0.006136,0.007975,7.482032,0.199885,-0.018777,-0.018777,0.000000,,0,0,0,1,1,0,-0.000479,-0.125979,0.7083,0.4982,0.2693,2,ok
0,1246,4.003640,-0.334363,1.377939,-0.005950,0.009427,7.502026,0.199971,0.026555,0.026555,0.000000,,0,0,0,1,0,0,-0.000479,-0.125979,0.7083,0.4982,0.2693,2,ok
0,1247,4.008224,-0.310787,1.387723,-0.006085,-0.005700,7.525904,0.200316,0.137949,0.137949,0.000000,,0,0,0,1,1,0,-0.002456,-0.154711,0.8333,0.4892,0.2619,2,ok
0,1248,4.012044,-0.291102,1.399080,-0.006355,0.005658,7.545955,0.200705,0.183582,0.183582,0.000000,,0,0,0,1,1,0,-0.000650,-0.156292,0.8125,0.4354,0.2585,2,ok
0,1249,4.016628,-0.267417,1.418961,-0.006833,0.001673,7.569906,0.201327,0.265711,0.265711,0.000000,,0,0,0,1,1,0,-0.006007,-0.154550,0.7708,0.5941,0.2646,2,ok
0,1250,4.021211,-0.243642,1.450366,-0.007745,0.033078,7.594102,0.202157,0.418136,0.415711,-0.002425,C-06,0,0,0,1,1,0,-0.004424,-0.144781,0.7708,0.5614,0.2633,2,ok
0,1251,4.024454,-0.223765,1.468584,-0.007925,0.051296,7.614240,0.201277,0.118321,0.265711,0.147390,C-06,0,0,0,1,1,0,-0.002146,-0.134441,0.8125,0.5447,0.2681,2,ok
0,1252,4.027339,-0.199879,1.478317,-0.007651,0.036896,7.638112,0.200458,-0.176071,0.115711,0.291782,C-06,0,0,0,1,1,0,-0.000411,-0.121610,0.7500,0.5505,0.2637,2,ok
0,1253,4.029215,-0.179963,1.479035,-0.006948,0.037614,7.658104,0.200010,0.002889,0.002889,0.000000,,0,0,0,1,1,0,-0.001113,-0.119679,0.7292,0.5941,0.2682,2,ok
0,1254,4.031427,-0.156065,1.477601,-0.006353,0.011479,7.681944,0.199985,-0.019453,-0.019453,0.000000,,0,0,0,1,1,0,0.000619,-0.131169,0.7292,0.5545,0.2652,2,ok
0,1255,4.033271,-0.136159,1.469771,-0.006078,0.003649,7.701934,0.199842,-0.126929,-0.126929,0.000000,,0,0,0,1,1,0,-0.000560,-0.158232,0.7708,0.5818,0.2668,2,ok
0,1256,4.035692,-0.112281,1.470994,-0.006044,-0.019297,7.725783,0.200033,0.312461,0.023071,-0.289390,C-06,0,0,0,1,1,0,-0.002823,-0.171502,0.7917,0.6171,0.2642,2,ok
0,1257,4.037719,-0.092371,1.481503,-0.006457,-0.008789,7.745791,0.200220,0.258998,0.173071,-0.085928,C-06,0,0,0,1,1,0,-0.002735,-0.179629,0.8125,0.5963,0.2652,2,ok
0,1258,4.040151,-0.068443,1.506664,-0.006950,0.016372,7.769837,0.200600,0.380480,0.323071,-0.057409,C-06,0,0,0,1,1,0,-0.001731,-0.186762,0.7917,0.5564,0.2576,2,ok
0,1259,4.042583,-0.044474,1.535654,-0.007913,0.019927,7.793724,0.200892,0.354785,0.354785,0.000000,,0,0,0,1,1,0,-0.002247,-0.178356,0.8333,0.5898,0.2640,2,ok
0,1260,4.044539,-0.024480,1.561736,-0.008773,0.046008,7.813795,0.200787,0.375686,0.375686,0.000000,,0,0,0,1,1,0,-0.002145,-0.167171,0.7708,0.6308,0.2649,2,ok
0,1261,4.045703,-0.000480,1.581634,-0.008826,0.039854,7.837624,0.200131,0.178313,0.225686,0.047372,C-06,0,0,0,1,1,0,0.001307,-0.157587,0.7500,0.5689,0.2668,2,ok
0,1262,4.045785,0.019518,1.587801,-0.008270,0.046020,7.857615,0.199972,-0.178051,0.075686,0.253737,C-06,0,0,0,1,1,0,-0.000777,-0.151021,0.7917,0.6388,0.2662,2,ok
0,1263,4.045387,0.043515,1.582166,-0.007105,0.040385,7.881587,0.200016,-0.361576,-0.074314,0.287262,C-06,0,0,0,1,1,0,0.000927,-0.151748,0.6875,0.6106,0.2662,2,ok
0,1264,4.045063,0.063514,1.579918,-0.006727,0.010550,7.901372,0.200015,-0.028783,-0.028783,0.000000,,0,0,0,1,1,0,-0.004517,-0.185444,0.7292,0.6932,0.2712,2,ok
0,1265,4.044791,0.087512,1.589198,-0.006410,0.019830,7.925369,0.199980,0.170380,0.121217,-0.049163,C-06,0,0,0,1,1,0,-0.003452,-0.196765,0.7500,0.6754,0.2647,2,ok
0,1266,4.044569,0.107507,1.599638,-0.006405,0.000610,7.945200,0.199932,0.152370,0.152370,0.000000,,0,0,0,1,1,0,-0.003452,-0.196765,0.7500,0.6754,0.2647,2,ok
0,1267,4.044303,0.131486,1.623690,-0.006719,0.024661,7.969179,0.199744,0.345437,0.302370,-0.043067,C-06,0,0,0,1,1,0,-0.005249,-0.193759,0.7708,0.7056,0.2631,2,ok
0,1268,4.043926,0.155438,1.644006,-0.007046,0.012128,7.992903,0.199536,0.245624,0.245624,0.000000,,0,0,0,1,1,0,-0.005323,-0.179859,0.7708,0.7205,0.2663,2,ok
0,1269,4.043294,0.175371,1.661442,-0.007553,0.029564,8.012839,0.199352,0.261463,0.261463,0.000000,,0,0,0,1,1,0,-0.004272,-0.171813,0.7917,0.7049,0.2624,2,ok
0,1270,4.042262,0.199239,1.689962,-0.007885,0.058083,8.036727,0.198862,0.367303,0.367303,0.000000,,0,0,0,1,1,0,-0.007947,-0.178117,0.7500,0.8131,0.2715,2,ok
0,1271,4.040570,0.219078,1.704946,-0.007801,0.039601,8.056354,0.199108,-0.180878,0.217303,0.398181,C-06,0,0,0,1,1,0,-0.005530,-0.169765,0.7292,0.7852,0.2661,2,ok
0,1272,4.037608,0.242852,1.710761,-0.007075,0.045416,8.080301,0.199679,-0.336958,0.067303,0.404261,C-06,0,0,0,1,1,0,-0.005095,-0.162911,0.7292,0.8015,0.2708,2,ok
0,1273,4.034828,0.262662,1.706068,-0.006161,0.040722,8.098089,0.200125,-0.418020,-0.082697,0.335323,C-06,0,0,0,1,1,0,-0.005222,-0.165662,0.7500,0.8170,0.2702,2,ok
0,1274,4.031476,0.286462,1.693581,-0.006057,-0.006405,8.124078,0.200436,-0.165560,-0.165560,0.000000,,0,0,0,1,1,0,-0.010238,-0.182751,0.7292,0.8970,0.2747,2,ok
0,1275,4.028970,0.306314,1.691779,-0.006193,-0.008207,8.144088,0.200070,0.474550,-0.015560,-0.490110,C-06,0,0,0,1,1,0,-0.011023,-0.214294,0.7500,0.9084,0.2674,2,ok
0,1276,4.026064,0.330126,1.701435,-0.006960,-0.033235,8.167852,0.199778,0.581814,0.134440,-0.447374,C-06,0,0,0,1,1,0,-0.012377,-0.232250,0.8333,0.9310,0.2648,2,ok
0,1277,4.023161,0.353888,1.722583,-0.008011,-0.012088,8.191768,0.199205,0.463398,0.284440,-0.178958,C-06,0,0,0,1,1,0,-0.014480,-0.247157,0.8125,0.9738,0.2603,2,ok
0,1278,4.020742,0.373620,1.747307,-0.009027,-0.020588,8.211343,0.198421,0.398569,0.398569,0.000000,,0,0,0,1,1,0,-0.019019,-0.241028,0.8125,1.0857,0.2724,2,ok
0,1279,4.017825,0.397159,1.787246,-0.010783,0.019351,8.234997,0.197040,0.545340,0.545340,0.000000,,0,0,0,1,1,0,-0.014525,-0.239587,0.7708,1.0085,0.2622,2,ok
0,1280,4.014619,0.416631,1.813907,-0.011458,0.046013,8.254720,0.197313,0.426488,0.426488,0.000000,,0,0,0,1,1,0,-0.017527,-0.224106,0.7917,1.1087,0.2703,2,ok
0,1281,4.009619,0.439861,1.834805,-0.011693,0.033997,8.278102,0.198067,0.089276,0.276488,0.187212,C-06,0,0,0,1,1,0,-0.012573,-0.204286,0.7500,1.0170,0.2634,2,ok
0,1282,4.004713,0.459145,1.843077,-0.011324,0.042269,8.297996,0.199063,-0.095970,0.126488,0.222459,C-06,0,0,0,1,1,0,-0.014417,-0.194772,0.7500,1.1064,0.2722,2,ok
0,1283,3.998620,0.482202,1.861820,-0.010868,0.027336,8.321521,0.198264,0.422780,0.276488,-0.146292,C-06,0,0,0,1,1,0,-0.012595,-0.202136,0.7083,1.0784,0.2669,2,ok
0,1284,3.993519,0.501293,1.885906,-0.010842,0.051421,8.341281,0.196960,0.658030,0.426488,-0.231542,C-06,0,0,0,1,1,0,-0.013416,-0.214255,0.7500,1.1243,0.2683,2,ok
0,1285,3.986721,0.524034,1.905627,-0.010113,0.071142,8.365006,0.197863,0.233172,0.276488,0.043316,C-06,0,0,0,1,1,0,-0.011450,-0.205321,0.7708,1.1211,0.2670,2,ok
0,1286,3.979122,0.546663,1.914883,-0.009322,0.044723,8.388495,0.198992,0.098838,0.126488,0.027650,C-06,0,0,0,1,1,0,-0.008071,-0.199145,0.8125,1.1080,0.2679,2,ok
0,1287,3.972447,0.565482,1.917162,-0.008445,0.047002,8.408443,0.199728,0.033599,0.033599,0.000000,,0,0,0,1,1,0,-0.009541,-0.205880,0.8333,1.1691,0.2735,2,ok
0,1288,3.964394,0.588030,1.923969,-0.007668,0.016384,8.432083,0.199315,0.103499,0.103499,0.000000,,0,0,0,1,1,0,-0.005957,-0.210907,0.7917,1.0936,0.2666,2,ok
0,1289,3.957621,0.606751,1.937434,-0.007402,0.029849,8.451990,0.198686,0.733343,0.253499,-0.479843,C-06,0,0,0,1,1,0,-0.008908,-0.247231,0.7917,1.1797,0.2611,2,ok
0,1290,3.949475,0.629046,1.963432,-0.007012,0.055847,8.475724,0.196949,0.552980,0.403499,-0.149480,C-06,0,0,0,1,1,0,-0.010052,-0.256209,0.7708,1.2275,0.2700,2,ok
0,1291,3.942243,0.647464,1.978346,-0.006929,0.030146,8.495219,0.197985,0.259781,0.259781,0.000000,,0,0,0,1,1,0,-0.008548,-0.254243,0.7708,1.2173,0.2607,2,ok
0,1292,3.932989,0.669447,1.988660,-0.006388,0.040461,8.519064,0.198829,0.150500,0.150500,0.000000,,0,0,0,1,1,0,-0.006692,-0.257758,0.7500,1.1923,0.2614,2,ok
0,1293,3.925057,0.687666,2.004134,-0.005925,0.013165,8.538679,0.198190,0.399704,0.300500,-0.099204,C-06,0,0,0,1,1,0,-0.007368,-0.264731,0.6875,1.2031,0.2625,2,ok
0,1294,3.915424,0.709307,2.032317,-0.005898,0.041347,8.562367,0.196773,0.462462,0.450500,-0.011962,C-06,0,0,0,1,1,0,-0.011053,-0.277480,0.7500,1.2761,0.2614,2,ok
0,1295,3.905345,0.730598,2.069239,-0.005321,0.078269,8.585917,0.196057,0.719548,0.600500,-0.119047,C-06,0,0,0,1,1,0,-0.006877,-0.265382,0.8125,1.2251,0.2576,2,ok
0,1296,3.896195,0.748048,2.092914,-0.004788,0.056429,8.605378,0.197224,0.424595,0.450500,0.025905,C-06,0,0,0,1,1,0,-0.002635,-0.250018,0.8125,1.1649,0.2589,2,ok
0,1297,3.884582,0.768683,2.120554,-0.003611,0.084070,8.629028,0.197464,0.459044,0.459044,0.000000,,0,0,0,1,1,0,-0.000257,-0.235895,0.8333,1.1388,0.2568,2,ok
0,1298,3.874322,0.785649,2.136557,-0.002204,0.052619,8.648689,0.198418,0.225503,0.309044,0.083540,C-06,0,0,0,1,1,0,0.002445,-0.224753,0.7917,1.1127,0.2568,2,ok
0,1299,3.861540,0.805842,2.146526,-0.000924,0.062589,8.672553,0.199230,-0.160989,0.159044,0.320033,C-06,0,0,0,1,1,0,0.003116,-0.217453,0.7917,1.1474,0.2606,2,ok
0,1300,3.850656,0.822610,2.147482,0.000374,0.063545,8.692501,0.199957,-0.069464,0.009044,0.078508,C-06,0,0,0,1,1,0,0.009119,-0.253372,0.7917,1.0264,0.2515,2,ok
0,1301,3.837569,0.842674,2.156255,0.001182,0.022500,8.716483,0.199277,0.301304,0.159044,-0.142260,C-06,0,0,0,1,1,0,0.005964,-0.274748,0.7500,1.0961,0.2523,2,ok
0,1302,3.826539,0.859275,2.169094,0.001682,0.035338,8.736408,0.198865,0.274038,0.274038,0.000000,,0,0,0,1,1,0,0.009744,-0.287131,0.7917,0.9925,0.2490,2,ok
0,1303,3.813023,0.878949,2.192784,0.002477,0.006940,8.760390,0.198583,0.552612,0.424038,-0.128573,C-06,0,0,0,1,1,0,0.007837,-0.299506,0.6875,1.0428,0.2527,2,ok
0,1304,3.799006,0.898240,2.223575,0.002842,0.037732,8.784233,0.198778,0.555701,0.555701,0.000000,,0,0,0,1,1,0,0.015362,-0.320311,0.7083,0.8694,0.2407,2,ok
0,1305,3.786741,0.913937,2.255335,0.003842,0.069492,8.804128,0.199367,0.845966,0.705701,-0.140266,C-06,0,0,0,1,1,0,0.015362,-0.320311,0.7083,0.8694,0.2407,2,ok
0,1306,3.771309,0.932308,2.285832,0.005104,0.046295,8.828328,0.200382,0.521573,0.555701,0.034128,C-06,0,0,0,1,1,0,0.015125,-0.297129,0.8333,0.8623,0.2538,2,ok
0,1307,3.758038,0.947357,2.306878,0.006226,0.067341,8.848361,0.200900,0.450568,0.450568,0.000000,,0,0,0,1,1,0,0.019614,-0.274728,0.8125,0.7786,0.2501,2,ok
0,1308,3.741770,0.965104,2.324126,0.008034,0.084589,8.870240,0.200595,0.174576,0.300568,0.125992,C-06,0,0,0,1,1,0,0.022553,-0.266342,0.8333,0.7202,0.2543,2,ok
0,1309,3.728030,0.979668,2.331733,0.008562,0.037247,8.892830,0.200223,-0.071039,0.150568,0.221606,C-06,0,0,0,1,1,0,0.022716,-0.258120,0.7917,0.6840,0.2557,2,ok
0,1310,3.711372,0.996979,2.344599,0.009592,0.050112,8.916832,0.200165,0.229704,0.229704,0.000000,,0,0,0,1,1,0,0.021769,-0.277762,0.7917,0.6831,0.2571,2,ok
0,1311,3.697352,1.011250,2.350340,0.010103,-0.000528,8.937390,0.200040,0.111036,0.111036,0.000000,,0,0,0,1,1,0,0.020965,-0.289704,0.7708,0.6738,0.2584,2,ok
0,1312,3.680368,1.028203,2.364955,0.010273,0.014087,8.961387,0.199877,0.267255,0.261036,-0.006219,C-06,0,0,0,1,1,0,0.019505,-0.296070,0.7708,0.6585,0.2616,2,ok
0,1313,3.663140,1.044832,2.387897,0.010845,0.037028,8.984265,0.199245,0.561313,0.411036,-0.150277,C-06,0,0,0,1,1,0,0.021423,-0.303160,0.7500,0.5626,0.2556,2,ok
0,1314,3.648503,1.058339,2.412983,0.010556,0.005437,9.005855,0.199069,0.550006,0.550006,0.000000,,0,0,0,1,1,0,0.019083,-0.303258,0.7292,0.5506,0.2556,2,ok
0,1315,3.630352,1.073996,2.450436,0.011104,0.042890,9.029820,0.200316,0.793501,0.700006,-0.093494,C-06,0,0,0,1,1,0,0.017188,-0.291530,0.7708,0.5653,0.2591,2,ok
0,1316,3.614780,1.086643,2.475895,0.011640,0.011839,9.050552,0.200866,0.437431,0.550006,0.112576,C-06,0,0,0,1,1,0,0.016352,-0.261702,0.8125,0.5744,0.2620,2,ok
0,1317,3.595735,1.101415,2.498702,0.012028,0.034646,9.074652,0.201005,0.385434,0.400006,0.014572,C-06,0,0,0,1,1,0,0.017535,-0.242020,0.7917,0.5497,0.2614,2,ok
0,1318,3.579652,1.113426,2.511008,0.012718,0.046952,9.094713,0.200749,-0.019377,0.250006,0.269383,C-06,0,0,0,1,1,0,0.019951,-0.224944,0.8125,0.4688,0.2599,2,ok
0,1319,3.560221,1.127583,2.517175,0.012681,-0.002488,9.119460,0.200323,-0.070555,0.100006,0.170561,C-06,0,0,0,1,1,0,0.018247,-0.220863,0.8125,0.4932,0.2620,2,ok
0,1320,3.543933,1.139273,2.528532,0.012644,0.008868,9.139510,0.200909,0.356638,0.250006,-0.106631,C-06,0,0,0,1,1,0,0.017763,-0.240699,0.7292,0.4653,0.2604,2,ok
0,1321,3.524257,1.153103,2.534776,0.012353,-0.036781,9.164260,0.200385,-0.010121,0.100006,0.110128,C-06,0,0,0,1,1,0,0.015738,-0.245635,0.7708,0.4766,0.2606,2,ok
0,1322,3.504557,1.166790,2.532269,0.011340,-0.039288,9.188227,0.199812,-0.185692,-0.049994,0.135699,C-06,0,0,0,1,1,0,0.013799,-0.244444,0.7500,0.4324,0.2578,2,ok
0,1323,3.488135,1.178236,2.536545,0.010465,-0.035011,9.208225,0.200386,0.573720,0.100006,-0.473714,C-06,0,0,0,1,1,0,0.010893,-0.262454,0.7083,0.4496,0.2553,2,ok
0,1324,3.468304,1.191884,2.550540,0.008491,-0.066777,9.232745,0.201096,0.310231,0.250006,-0.060224,C-06,0,0,0,1,1,0,0.005778,-0.258931,0.7917,0.4722,0.2621,2,ok
0,1325,3.451624,1.203147,2.563999,0.006875,-0.053318,9.252807,0.201343,0.279150,0.279150,0.000000,,0,0,0,1,1,0,0.003405,-0.259213,0.7708,0.4635,0.2611,2,ok
0,1326,3.431363,1.216349,2.588722,0.004960,-0.070025,9.277137,0.202385,0.430582,0.429150,-0.001432,C-06,0,0,0,1,1,0,0.004243,-0.256051,0.7917,0.4076,0.2560,2,ok
0,1327,3.414210,1.227175,2.615143,0.003181,-0.043604,9.297343,0.203371,0.536540,0.536540,0.000000,,0,0,0,1,1,0,0.001934,-0.252463,0.8333,0.4179,0.2602,2,ok
0,1328,3.393242,1.239820,2.652904,0.001531,-0.005843,9.321596,0.204453,0.620155,0.620155,0.000000,,0,0,0,1,1,0,0.001710,-0.221720,0.8333,0.4044,0.2637,2,ok
0,1329,3.375449,1.249833,2.682114,0.000189,-0.012052,9.342190,0.204270,0.553915,0.553915,0.000000,,0,0,0,1,1,0,0.001738,-0.204334,0.8542,0.4097,0.2615,2,ok
0,1330,3.353798,1.261065,2.708610,-0.000580,0.014443,9.366569,0.203240,0.275629,0.403915,0.128286,C-06,0,0,0,1,1,0,0.001729,-0.176255,0.7500,0.4098,0.2613,2,ok
0,1331,3.331910,1.271636,2.729095,-0.001166,0.005028,9.390845,0.202539,0.310209,0.310209,0.000000,,0,0,0,1,1,0,0.003029,-0.151242,0.7708,0.4045,0.2647,2,ok
0,1332,3.313549,1.279908,2.738343,-0.001363,0.014276,9.410982,0.201304,0.014929,0.160209,0.145281,C-06,0,0,0,1,1,0,0.003769,-0.143933,0.7500,0.4025,0.2626,2,ok
0,1333,3.291466,1.289352,2.739590,-0.001292,-0.012181,9.434968,0.200082,-0.371983,0.010209,0.382192,C-06,0,0,0,1,1,0,0.002419,-0.139228,0.7292,0.4234,0.2676,2,ok
0,1334,3.273086,1.297178,2.732497,-0.001586,-0.019274,9.454942,0.199513,-0.188486,-0.139791,0.048696,C-06,0,0,0,1,1,0,0.004536,-0.152947,0.7292,0.3616,0.2642,2,ok
0,1335,3.251069,1.306726,2.732508,-0.002097,-0.019263,9.478934,0.200038,0.118852,0.010209,-0.108643,C-06,0,0,0,1,1,0,0.002589,-0.162356,0.7500,0.3675,0.2644,2,ok
0,1336,3.232690,1.314681,2.740626,-0.002910,-0.037160,9.498893,0.200550,0.234198,0.160209,-0.073989,C-06,0,0,0,1,1,0,-0.001567,-0.173668,0.8125,0.3912,0.2660,2,ok
0,1337,3.210507,1.324206,2.760353,-0.003912,-0.017434,9.523013,0.201828,0.443516,0.310209,-0.133306,C-06,0,0,0,1,1,0,-0.002536,-0.170870,0.8333,0.3905,0.2667,2,ok
0,1338,3.191858,1.332139,2.784721,-0.004903,-0.017543,9.543134,0.203408,0.449265,0.449265,0.000000,,0,0,0,1,1,0,-0.003370,-0.162257,0.8125,0.4034,0.2651,2,ok
0,1339,3.169252,1.341431,2.813826,-0.006205,0.011563,9.567540,0.203690,0.425177,0.425177,0.000000,,0,0,0,1,1,0,-0.002042,-0.152318,0.7708,0.3692,0.2647,2,ok
0,1340,3.146453,1.349810,2.833628,-0.006652,0.008411,9.591697,0.202314,0.109965,0.275177,0.165212,C-06,0,0,0,1,1,0,-0.000366,-0.127440,0.7708,0.3534,0.2619,2,ok
0,1341,3.127363,1.356234,2.843685,-0.006806,0.018469,9.611838,0.201345,0.164490,0.164490,0.000000,,0,0,0,1,1,0,0.000613,-0.117621,0.7292,0.3513,0.2620,2,ok
0,1342,3.104412,1.363329,2.845320,-0.006394,0.020103,9.635857,0.200115,-0.129504,0.014490,0.143994,C-06,0,0,0,1,1,0,0.002249,-0.114140,0.7292,0.3169,0.2648,2,ok
0,1343,3.085283,1.369173,2.845311,-0.006364,-0.002612,9.655695,0.200007,-0.001441,-0.001441,0.000000,,0,0,0,1,1,0,0.001601,-0.120997,0.6875,0.3330,0.2628,2,ok
0,1344,3.062323,1.376183,2.847224,-0.006489,-0.000699,9.679701,0.200108,0.029299,0.029299,0.000000,,0,0,0,1,1,0,0.001601,-0.120997,0.6875,0.3330,0.2628,2,ok
0,1345,3.043168,1.382025,2.852966,-0.006694,-0.015332,9.699607,0.200411,0.104394,0.104394,0.000000,,0,0,0,1,1,0,-0.001218,-0.128212,0.8542,0.3265,0.2666,2,ok
0,1346,3.020135,1.389035,2.860565,-0.007232,-0.007733,9.723677,0.200819,0.107721,0.107721,0.000000,,0,0,0,1,1,0,-0.002752,-0.131496,0.7917,0.3430,0.2650,2,ok
0,1347,3.000901,1.394848,2.867681,-0.007642,-0.000617,9.743767,0.200958,0.121343,0.121343,0.000000,,0,0,0,1,1,0,-0.002963,-0.128133,0.8125,0.3416,0.2652,2,ok
0,1348,2.977739,1.401684,2.886344,-0.008461,-0.003182,9.767728,0.201679,0.310045,0.271343,-0.038702,C-06,0,0,0,1,1,0,-0.002789,-0.129892,0.8125,0.3229,0.2656,2,ok
0,1349,2.954435,1.408516,2.915396,-0.009303,0.025871,9.791999,0.202992,0.411102,0.411102,0.000000,,0,0,0,1,1,0,-0.003905,-0.133411,0.8125,0.3404,0.2639,2,ok
0,1350,2.934907,1.413695,2.932235,-0.009687,0.022921,9.812051,0.201909,0.163754,0.261102,0.097348,C-06,0,0,0,1,1,0,-0.001853,-0.108840,0.7708,0.3252,0.2635,2,ok
0,1351,2.911407,1.419037,2.941169,-0.009416,0.031855,9.836148,0.200752,0.081017,0.111102,0.030086,C-06,0,0,0,1,1,0,-0.000559,-0.095987,0.7292,0.3168,0.2630,2,ok
0,1352,2.891805,1.423056,2.942147,-0.008878,0.013196,9.855936,0.200048,0.007431,0.007431,0.000000,,0,0,0,1,1,0,-0.000393,-0.094074,0.7500,0.3255,0.2680,2,ok
0,1353,2.868272,1.427840,2.945999,-0.008631,0.017048,9.879949,0.200188,0.054891,0.054891,0.000000,,0,0,0,1,1,0,-0.000420,-0.099395,0.7083,0.3284,0.2639,2,ok
0,1354,2.848645,1.431826,2.950688,-0.008422,0.021737,9.899976,0.200362,0.076929,0.076929,0.000000,,0,0,0,1,1,0,-0.000490,-0.105763,0.7708,0.3098,0.2630,2,ok
0,1355,2.825062,1.436609,2.959295,-0.008539,0.011756,9.923881,0.200670,0.117245,0.117245,0.000000,,0,0,0,1,1,0,-0.000606,-0.102937,0.8125,0.3132,0.2642,2,ok
0,1356,2.805380,1.440563,2.966949,-0.008662,0.019410,9.943956,0.200761,0.121888,0.121888,0.000000,,0,0,0,1,1,0,-0.000584,-0.103567,0.7917,0.3115,0.2635,2,ok
0,1357,2.781724,1.445162,2.977223,-0.008862,0.010347,9.967904,0.200823,0.136157,0.136157,0.000000,,0,0,0,1,1,0,-0.001289,-0.099866,0.7708,0.3245,0.2654,2,ok
0,1358,2.758032,1.449421,2.985037,-0.008934,0.018160,9.991975,0.200575,0.100100,0.100100,0.000000,,0,0,0,1,1,0,-0.003590,-0.100427,0.7708,0.3855,0.2684,2,ok
0,1359,2.738271,1.452699,2.988613,-0.008782,0.003351,10.011854,0.200295,0.053495,0.053495,0.000000,,0,0,0,1,1,0,-0.003590,-0.100427,0.7708,0.3855,0.2684,2,ok
0,1360,2.714528,1.456578,3.002539,-0.008887,0.017277,10.035911,0.200671,0.189227,0.189227,0.000000,,0,0,0,1,1,0,-0.002641,-0.102724,0.7292,0.3500,0.2633,2,ok
0,1361,2.694702,1.459810,3.017043,-0.008967,0.031781,10.055999,0.201045,0.226645,0.226645,0.000000,,0,0,0,1,1,0,-0.002077,-0.096497,0.7292,0.3497,0.2643,2,ok
0,1362,2.670878,1.463077,3.023750,-0.008828,0.020752,10.079873,0.200353,0.044191,0.076645,0.032454,C-06,0,0,0,1,1,0,-0.003297,-0.097718,0.7500,0.3889,0.2692,2,ok
0,1363,2.651012,1.465582,3.027087,-0.008575,0.024089,10.099894,0.200216,0.048998,0.048998,0.000000,,0,0,0,1,1,0,-0.002852,-0.094434,0.7708,0.3765,0.2692,2,ok
0,1364,2.627158,1.468540,3.035763,-0.008428,0.014288,10.123768,0.200393,0.112864,0.112864,0.000000,,0,0,0,1,1,0,0.000019,-0.095638,0.8333,0.3153,0.2641,2,ok
0,1365,2.607263,1.470966,3.042553,-0.008477,0.021078,10.143810,0.200420,0.101940,0.101940,0.000000,,0,0,0,1,1,0,-0.001743,-0.097698,0.8125,0.3593,0.2642,2,ok
0,1366,2.583370,1.473758,3.052109,-0.008415,0.030634,10.165320,0.200469,0.120917,0.120917,0.000000,,0,0,0,1,1,0,-0.001743,-0.097698,0.8125,0.3593,0.2642,2,ok
0,1367,2.559457,1.476324,3.061316,-0.008536,0.022144,10.191786,0.200406,0.114446,0.114446,0.000000,,0,0,0,1,1,0,-0.002235,-0.093273,0.7708,0.3755,0.2701,2,ok
0,1368,2.539515,1.478302,3.069092,-0.008443,0.029921,10.211825,0.200381,0.115731,0.115731,0.000000,,0,0,0,1,1,0,-0.004274,-0.090704,0.7708,0.4282,0.2644,2,ok
0,1369,2.515571,1.480414,3.077177,-0.008452,0.020337,10.235686,0.200290,0.098672,0.098672,0.000000,,0,0,0,1,1,0,-0.007261,-0.088495,0.7708,0.5047,0.2678,2,ok
0,1370,2.495607,1.482069,3.088222,-0.008457,0.031382,10.255719,0.200391,0.179145,0.179145,0.000000,,0,0,0,1,1,0,-0.005317,-0.087253,0.7292,0.4636,0.2680,2,ok
0,1371,2.471635,1.483827,3.098645,-0.008366,0.024550,10.279644,0.200280,0.123438,0.123438,0.000000,,0,0,0,1,1,0,-0.004038,-0.085862,0.7083,0.4439,0.2662,2,ok
0,1372,2.451651,1.484972,3.104502,-0.008128,0.030406,10.299659,0.200153,0.082057,0.082057,0.000000,,0,0,0,1,1,0,-0.010740,-0.082701,0.7292,0.6000,0.2749,2,ok
0,1373,2.427665,1.486055,3.108628,-0.007552,0.034532,10.321901,0.200074,0.047410,0.047410,0.000000,,0,0,0,1,1,0,-0.006928,-0.082296,0.7708,0.5604,0.2719,2,ok
0,1374,2.407675,1.486904,3.113506,-0.007438,0.021786,10.343523,0.200100,0.072344,0.072344,0.000000,,0,0,0,1,1,0,-0.007022,-0.084062,0.8125,0.5706,0.2651,2,ok
0,1375,2.383681,1.487923,3.125249,-0.007262,0.033530,10.367538,0.200152,0.144413,0.144413,0.000000,,0,0,0,1,1,0,-0.008006,-0.087593,0.8333,0.6329,0.2701,2,ok
0,1376,2.359682,1.488820,3.135927,-0.007261,0.027324,10.391430,0.200103,0.125534,0.125534,0.000000,,0,0,0,1,1,0,-0.005549,-0.090139,0.8125,0.5978,0.2646,2,ok
0,1377,2.339682,1.489433,-3.136806,-0.007221,0.037776,10.411439,0.200073,0.149568,0.149568,0.000000,,0,0,0,1,1,0,-0.003793,-0.087705,0.8125,0.5777,0.2655,2,ok
0,1378,2.315684,1.489737,-3.128014,-0.006899,0.028906,10.435317,0.199989,0.101319,0.101319,0.000000,,0,0,0,1,1,0,-0.002931,-0.085955,0.7708,0.5757,0.2607,2,ok
0,1379,2.295686,1.489657,-3.124110,-0.006513,0.032810,10.455311,0.199974,0.052799,0.052799,0.000000,,0,0,0,1,1,0,-0.001618,-0.087077,0.7708,0.5870,0.2657,2,ok
0,1380,2.271692,1.489493,-3.115554,-0.005980,0.041365,10.478400,0.199939,0.107432,0.107432,0.000000,,0,0,0,1,1,0,0.000900,-0.089532,0.7708,0.5410,0.2645,2,ok
0,1381,2.251701,1.489356,-3.106455,-0.005895,0.033235,10.499188,0.199885,0.133292,0.133292,0.000000,,0,0,0,1,1,0,-0.000867,-0.098999,0.6875,0.6044,0.2694,2,ok
0,1382,2.227724,1.489151,-3.089831,-0.005737,0.049859,10.523165,0.199749,0.206252,0.206252,0.000000,,0,0,0,1,1,0,0.006578,-0.102855,0.7708,0.4768,0.2653,3,ok
0,1383,2.207754,1.488370,-3.084485,-0.005208,0.037200,10.543049,0.199866,0.067017,0.067017,0.000000,,0,0,0,1,1,0,0.004092,-0.102683,0.8125,0.5683,0.2675,2,ok
0,1384,2.183800,1.487314,-3.073828,-0.004611,0.047857,10.567018,0.199742,0.135823,0.135823,0.000000,,0,0,0,1,1,0,0.008669,-0.105413,0.8125,0.4715,0.2652,2,ok
0,1385,2.159875,1.486257,-3.051602,-0.004153,0.052886,10.590889,0.199404,0.303650,0.285823,-0.017827,C-06,0,0,0,1,1,0,0.010172,-0.108977,0.8333,0.4553,0.2617,2,ok
0,1386,2.139965,1.484917,-3.041583,-0.003538,0.062905,10.610834,0.199543,0.140093,0.140093,0.000000,,0,0,0,1,1,0,0.013169,-0.099832,0.7917,0.4200,0.2660,2,ok
0,1387,2.116089,1.482627,-3.039088,-0.002119,0.065400,10.634778,0.199907,0.024639,0.024639,0.000000,,0,0,0,1,1,0,0.014997,-0.105810,0.7708,0.3929,0.2611,2,ok
0,1388,2.096188,1.480595,-3.046344,-0.001225,0.039484,10.654719,0.200128,-0.221768,-0.125361,0.096406,C-06,0,0,0,1,1,0,0.015951,-0.112640,0.7708,0.3803,0.2636,2,ok
0,1389,2.072288,1.478146,-3.053811,-0.000152,0.032016,10.678719,0.200266,-0.090872,-0.090872,0.000000,,0,0,0,1,1,0,0.015839,-0.118212,0.7708,0.3697,0.2646,2,ok
0,1390,2.052367,1.476380,-3.050618,0.000317,0.013268,10.698714,0.199940,0.299657,0.059128,-0.240528,C-06,0,0,0,1,1,0,0.013535,-0.160164,0.7500,0.3483,0.2653,2,ok
0,1391,2.028469,1.474283,-3.048255,0.000723,0.015630,10.722700,0.199905,0.027474,0.027474,0.000000,,0,0,0,1,1,0,0.013943,-0.163526,0.7917,0.3140,0.2588,2,ok
0,1392,2.008559,1.472521,-3.045630,0.001075,0.018256,10.739761,0.199861,0.040560,0.040560,0.000000,,0,0,0,1,1,0,0.010693,-0.164294,0.8125,0.3425,0.2650,2,ok
0,1393,1.984685,1.470403,-3.031680,0.000842,0.006212,10.766678,0.199591,0.188074,0.188074,0.000000,,0,0,0,1,1,0,0.010078,-0.166244,0.8125,0.3115,0.2595,2,ok
0,1394,1.960844,1.468204,-3.021340,0.000764,0.016553,10.790620,0.199494,0.127254,0.127254,0.000000,,0,0,0,1,1,0,0.009352,-0.159838,0.8125,0.2885,0.2660,2,ok
0,1395,1.941000,1.466242,-3.011425,0.000252,-0.002116,10.810579,0.199354,0.154053,0.154053,0.000000,,0,0,0,1,1,0,0.008235,-0.156331,0.7917,0.2735,0.2600,2,ok
0,1396,1.917234,1.463782,-2.992254,-0.000363,0.017055,10.834464,0.198870,0.254317,0.254317,0.000000,,0,0,0,1,1,0,0.006717,-0.161304,0.7917,0.2816,0.2644,2,ok
0,1397,1.897470,1.461186,-2.983691,-0.000574,-0.005789,10.854381,0.199373,0.122992,0.122992,0.000000,,0,0,0,1,1,0,0.007042,-0.160730,0.7917,0.2609,0.2633,2,ok
0,1398,1.873783,1.457729,-2.976208,-0.001088,0.001694,10.878313,0.199483,0.095955,0.095955,0.000000,,0,0,0,1,1,0,0.008706,-0.151632,0.7708,0.1881,0.2606,2,ok
0,1399,1.854053,1.454455,-2.978846,-0.001126,-0.000944,10.898313,0.200093,-0.242977,-0.054045,0.188932,C-06,0,0,0,1,1,0,0.004193,-0.145249,0.7292,0.2291,0.2617,2,ok
0,1400,1.830361,1.450494,-2.983711,-0.001825,-0.036778,10.922284,0.200245,-0.064062,-0.064062,0.000000,,0,0,0,1,1,0,0.003401,-0.154761,0.7500,0.1974,0.2640,2,ok
0,1401,1.810616,1.447344,-2.978878,-0.002667,-0.031946,10.942260,0.199851,0.234421,0.085938,-0.148483,C-06,0,0,0,1,1,0,-0.000339,-0.160135,0.7708,0.2188,0.2623,2,ok
0,1402,1.786966,1.443575,-2.961811,-0.003957,-0.042613,10.966083,0.199296,0.350105,0.235938,-0.114168,C-06,0,0,0,1,1,0,0.000505,-0.164189,0.8333,0.1640,0.2610,2,ok
0,1403,1.763414,1.439807,-2.933758,-0.005601,-0.014560,10.989878,0.198253,0.440806,0.385938,-0.054868,C-06,0,0,0,1,1,0,-0.002322,-0.152931,0.8542,0.1673,0.2631,2,ok
0,1404,1.743880,1.436364,-2.916918,-0.006656,0.002281,11.009153,0.198323,0.265822,0.265822,0.000000,,0,0,0,1,1,0,-0.000532,-0.135442,0.8125,0.1197,0.2623,2,ok
0,1405,1.720525,1.431589,-2.902155,-0.007819,-0.007607,11.033346,0.198668,0.197260,0.197260,0.000000,,0,0,0,1,1,0,-0.003038,-0.117192,0.7917,0.1757,0.2675,2,ok
0,1406,1.701114,1.427150,-2.894512,-0.008321,0.000035,11.053251,0.199154,0.119934,0.119934,0.000000,,0,0,0,1,1,0,-0.001717,-0.108901,0.7708,0.1224,0.2666,2,ok
0,1407,1.677880,1.421688,-2.881823,-0.009048,-0.007883,11.076958,0.198716,0.180270,0.180270,0.000000,,0,0,0,1,1,0,-0.002025,-0.100575,0.7500,0.1027,0.2626,3,ok
0,1408,1.658592,1.417054,-2.865506,-0.009678,0.008435,11.096785,0.197987,0.283391,0.283391,0.000000,,0,0,0,1,1,0,-0.004402,-0.090134,0.7083,0.1381,0.2658,2,ok
0,1409,1.635536,1.410869,-2.855321,-0.009949,0.000898,11.120438,0.198992,-0.239833,0.133391,0.373224,C-06,0,0,0,1,1,0,-0.001069,-0.077737,0.7292,0.0713,0.2607,2,ok
0,1410,1.616351,1.405265,-2.855670,-0.010056,0.000549,11.140425,0.199964,-0.075561,-0.016609,0.058952,C-06,0,0,0,1,1,0,-0.002952,-0.074818,0.7708,0.0939,0.2715,2,ok
0,1411,1.593353,1.398498,-2.846975,-0.010139,0.009244,11.164398,0.199543,0.199895,0.133391,-0.066503,C-06,0,0,0,1,1,0,-0.002806,-0.073696,0.7708,0.0774,0.2648,2,ok
0,1412,1.570443,1.391730,-2.830605,-0.010496,0.009430,11.188144,0.198627,0.239591,0.239591,0.000000,,0,0,0,1,1,0,-0.003194,-0.071130,0.8333,0.0756,0.2693,3,ok
0,1413,1.551432,1.385928,-2.821259,-0.010637,0.018776,11.208020,0.198783,0.155659,0.155659,0.000000,,0,0,0,1,1,0,-0.001978,-0.054553,0.8125,0.0410,0.2652,2,ok
0,1414,1.528690,1.378690,-2.811496,-0.010701,0.014480,11.231749,0.198889,0.140748,0.140748,0.000000,,0,0,0,1,1,0,-0.002845,-0.044759,0.7917,0.0752,0.2685,2,ok
0,1415,1.509779,1.372280,-2.809226,-0.010491,0.016750,11.251716,0.199761,0.029604,0.029604,0.000000,,0,0,0,1,1,0,-0.001841,-0.035352,0.7917,0.0440,0.2665,2,ok
0,1416,1.487087,1.364473,-2.810831,-0.010216,0.004121,11.275560,0.200039,-0.027267,-0.027267,0.000000,,0,0,0,1,1,0,-0.000382,-0.030466,0.8125,0.0041,0.2678,2,ok
0,1417,1.468158,1.357965,-2.815032,-0.010211,-0.000080,11.295577,0.200286,-0.077461,-0.077461,0.000000,,0,0,0,1,1,0,-0.000817,-0.032172,0.7292,0.0159,0.2688,2,ok
0,1418,1.445441,1.350266,-2.810758,-0.010313,0.004195,11.319564,0.199731,0.130498,0.072539,-0.057959,C-06,0,0,0,1,1,0,-0.000415,-0.040582,0.7292,-0.0332,0.2657,3,ok
0,1419,1.426548,1.343857,-2.803367,-0.010518,0.002064,11.339441,0.199284,0.134653,0.134653,0.000000,,0,0,0,1,1,0,-0.002934,-0.039890,0.7083,0.0083,0.2666,2,ok
0,1420,1.403916,1.335927,-2.801857,-0.010539,0.003574,11.363422,0.199886,0.014028,0.014028,0.000000,,0,0,0,1,1,0,-0.001278,-0.034723,0.8125,-0.0335,0.2648,2,ok
0,1421,1.381306,1.327970,-2.796990,-0.010630,0.000215,11.387319,0.199597,0.075703,0.075703,0.000000,,0,0,0,1,1,0,-0.002163,-0.031192,0.8125,-0.0271,0.2680,3,ok
0,1422,1.362496,1.321333,-2.792793,-0.010742,0.004412,11.407265,0.199405,0.073919,0.073919,0.000000,,0,0,0,1,1,0,-0.001054,-0.028816,0.8333,-0.0665,0.2656,3,ok
0,1423,1.339964,1.313303,-2.787084,-0.010849,0.003681,11.431118,0.199318,0.084837,0.084837,0.000000,,0,0,0,1,1,0,-0.003366,-0.024716,0.7917,-0.0188,0.2665,2,ok
0,1424,1.321224,1.306504,-2.782604,-0.010907,0.008161,11.451054,0.199362,0.079201,0.079201,0.000000,,0,0,0,1,1,0,-0.001633,-0.016925,0.7917,-0.0626,0.2649,2,ok
0,1425,1.298765,1.298147,-2.780027,-0.010781,0.010737,11.473921,0.199714,0.035282,0.035282,0.000000,,0,0,0,1,1,0,-0.001505,-0.009576,0.8125,-0.0720,0.2661,2,ok
0,1426,1.280039,1.291075,-2.785927,-0.010713,0.000147,11.494963,0.200372,-0.150955,-0.114718,0.036237,C-06,0,0,0,1,1,0,-0.001685,-0.003145,0.7292,-0.0699,0.2681,3,ok
0,1427,1.257475,1.282586,-2.802850,-0.010654,-0.016775,11.519072,0.201412,-0.257978,-0.257978,0.000000,,0,0,0,1,1,0,-0.002783,-0.005073,0.7500,-0.0770,0.2666,3,ok
0,1428,1.238588,1.275729,-2.809626,-0.010923,-0.027895,11.539101,0.200891,0.115268,-0.107978,-0.223247,C-06,0,0,0,1,1,0,-0.001116,-0.012005,0.7292,-0.1202,0.2656,2,ok
0,1429,1.215904,1.267895,-2.807358,-0.011657,-0.025627,11.563088,0.199852,0.155378,0.042022,-0.113357,C-06,0,0,0,1,1,0,-0.005585,-0.034030,0.7917,-0.0909,0.2675,2,ok
0,1430,1.193277,1.260032,-2.795498,-0.012323,-0.016781,11.587056,0.199270,0.184817,0.184817,0.000000,,0,0,0,1,1,0,-0.004347,-0.029437,0.8333,-0.1553,0.2658,3,ok
0,1431,1.174483,1.253409,-2.789942,-0.012772,-0.011225,11.606978,0.199274,0.090411,0.090411,0.000000,,0,0,0,1,1,0,-0.005681,-0.015276,0.8125,-0.1324,0.2644,2,ok
0,1432,1.151983,1.245363,-2.782309,-0.013228,-0.005234,11.630802,0.199088,0.113806,0.113806,0.000000,,0,0,0,1,1,0,-0.006499,-0.003887,0.7708,-0.1091,0.2652,2,ok
0,1433,1.133274,1.238453,-2.778418,-0.013481,-0.001342,11.650744,0.199460,0.066929,0.066929,0.000000,,0,0,0,1,1,0,-0.005884,0.002781,0.8125,-0.1276,0.2686,3,ok
0,1434,1.110855,1.230034,-2.774787,-0.013654,0.002289,11.674691,0.199569,0.053320,0.053320,0.000000,,0,0,0,1,1,0,-0.004660,0.012062,0.7500,-0.1585,0.2684,2,ok
0,1435,1.092170,1.222866,-2.779666,-0.013648,-0.002177,11.694710,0.200317,-0.133272,-0.096680,0.036592,C-06,0,0,0,1,1,0,-0.004904,0.019023,0.7292,-0.1616,0.2707,2,ok
0,1436,1.069662,1.214284,-2.795557,-0.013691,-0.018069,11.718798,0.201222,-0.274728,-0.246680,0.028048,C-06,0,0,0,1,1,0,-0.003075,0.019771,0.7708,-0.2115,0.2672,3,ok
0,1437,1.050825,1.207318,-2.801659,-0.013922,-0.024413,11.738887,0.200798,0.186237,-0.096680,-0.282917,C-06,0,0,0,1,1,0,-0.004666,0.014937,0.7083,-0.2158,0.2708,2,ok
0,1438,1.028191,1.199271,-2.803169,-0.014499,-0.025923,11.762901,0.200142,-0.017448,-0.017448,0.000000,,0,0,0,1,1,0,-0.008264,0.006329,0.7500,-0.1702,0.2687,3,ok
0,1439,1.005559,1.191271,-2.801292,-0.015066,-0.021373,11.786965,0.199974,0.030337,0.030337,0.000000,,0,0,0,1,1,0,-0.007909,0.007162,0.7917,-0.2061,0.2672,3,ok
0,1440,0.986718,1.184605,-2.797542,-0.015487,-0.017623,11.806946,0.199745,0.068722,0.068722,0.000000,,0,0,0,1,1,0,-0.006660,0.008217,0.8333,-0.2563,0.2684,2,ok
0,1441,0.964158,1.176606,-2.789078,-0.015983,-0.006192,11.830855,0.199213,0.128787,0.128787,0.000000,,0,0,0,1,1,0,-0.007528,0.016393,0.7917,-0.2433,0.2693,3,ok
0,1442,0.945412,1.169919,-2.781842,-0.016379,0.001043,11.850754,0.198973,0.128376,0.128376,0.000000,,0,0,0,1,1,0,-0.006997,0.023132,0.7708,-0.2453,0.2658,3,ok
0,1443,0.922957,1.161510,-2.780341,-0.016480,0.002545,11.874732,0.199881,0.014670,0.014670,0.000000,,0,0,0,1,1,0,-0.006721,0.042826,0.7708,-0.2547,0.2635,2,ok
0,1444,0.904226,1.154442,-2.787307,-0.016325,-0.000399,11.894907,0.200433,-0.265880,-0.135330,0.130550,C-06,0,0,0,1,1,0,-0.004745,0.054916,0.7500,-0.3105,0.2633,3,ok
0,1445,0.881644,1.145958,-2.805990,-0.016173,-0.019082,11.919030,0.201588,-0.471883,-0.285330,0.186553,C-06,0,0,0,1,1,0,-0.004900,0.051771,0.7292,-0.3085,0.2686,3,ok
0,1446,0.862731,1.139105,-2.814352,-0.016255,-0.022921,11.939177,0.201120,0.129895,-0.135330,-0.265225,C-06,0,0,0,1,1,0,-0.006487,0.045710,0.6875,-0.3240,0.2698,3,ok
0,1447,0.840003,1.131366,-2.813951,-0.016807,-0.022520,11.963179,0.199983,0.308048,0.014670,-0.293378,C-06,0,0,0,1,1,0,-0.004813,0.036436,0.7500,-0.3869,0.2658,2,ok
0,1448,0.817250,1.123642,-2.822535,-0.017303,-0.024367,11.987300,0.200495,-0.134101,-0.134101,0.000000,,0,0,0,1,1,0,-0.006560,0.038849,0.8333,-0.3836,0.2681,2,ok
0,1449,0.798250,1.117286,-2.825303,-0.017758,-0.027135,12.007330,0.200335,-0.041372,-0.041372,0.000000,,0,0,0,1,1,0,-0.007017,0.041804,0.8125,-0.4067,0.2695,3,ok
0,1450,0.775433,1.109758,-2.827201,-0.018342,-0.022246,12.031476,0.200213,-0.026499,-0.026499,0.000000,,0,0,0,1,1,0,-0.007643,0.041910,0.8125,-0.4191,0.2714,3,ok
0,1451,0.756414,1.103553,-2.826933,-0.018805,-0.021978,12.051477,0.200037,0.007342,0.007342,0.000000,,0,0,0,1,1,0,-0.007344,0.049651,0.8125,-0.4453,0.2708,2,ok
0,1452,0.733565,1.096123,-2.834896,-0.019350,-0.021455,12.075682,0.200442,-0.124194,-0.124194,0.000000,,0,0,0,1,1,0,-0.005989,0.054167,0.8125,-0.4933,0.2685,2,ok
0,1453,0.714459,1.089933,-2.848994,-0.019662,-0.035554,12.095764,0.201212,-0.253809,-0.253809,0.000000,,0,0,0,1,1,0,-0.005371,0.058211,0.7500,-0.5414,0.2678,2,ok
0,1454,0.691446,1.082716,-2.858084,-0.020264,-0.044643,12.119875,0.200956,-0.119675,-0.119675,0.000000,,0,0,0,1,1,0,-0.006434,0.052545,0.7500,-0.5653,0.2677,2,ok
0,1455,0.672228,1.076906,-2.863816,-0.020786,-0.040283,12.140141,0.200750,-0.095100,-0.095100,0.000000,,0,0,0,1,1,0,-0.006434,0.052545,0.7500,-0.5653,0.2677,2,ok
0,1456,0.649140,1.070241,-2.866213,-0.021702,-0.042680,12.164155,0.200231,-0.029880,-0.029880,0.000000,,0,0,0,1,1,0,-0.009516,0.056112,0.7708,-0.5660,0.2667,3,ok
0,1457,0.626064,1.063712,-2.859507,-0.022550,-0.024784,12.188350,0.199656,0.103076,0.103076,0.000000,,0,0,0,1,1,0,-0.010526,0.061183,0.8125,-0.5954,0.2684,3,ok
0,1458,0.606867,1.058273,-2.855336,-0.023202,-0.020614,12.208292,0.199476,0.068337,0.068337,0.000000,,0,0,0,1,1,0,-0.008468,0.073572,0.8542,-0.6497,0.2707,3,ok
0,1459,0.583856,1.051633,-2.851441,-0.023676,-0.004780,12.232559,0.199579,0.054409,0.054409,0.000000,,0,0,0,1,1,0,-0.008733,0.086368,0.8125,-0.6571,0.2709,3,ok
0,1460,0.564706,1.046056,-2.846630,-0.023908,0.000032,12.252504,0.199348,0.084481,0.084481,0.000000,,0,0,0,1,1,0,-0.010194,0.089913,0.7708,-0.6209,0.2671,3,ok
0,1461,0.541734,1.039091,-2.849512,-0.023801,0.010470,12.276805,0.200161,-0.049038,-0.049038,0.000000,,0,0,0,1,1,0,-0.007827,0.120111,0.7500,-0.6872,0.2724,3,ok
0,1462,0.522553,1.033294,-2.860371,-0.023583,-0.000389,12.296842,0.200656,-0.310649,-0.199038,0.111611,C-06,0,0,0,1,1,0,-0.005101,0.135702,0.7500,-0.7639,0.2674,3,ok
0,1463,0.499421,1.026341,-2.884411,-0.023276,-0.009948,12.321307,0.201859,-0.352644,-0.349038,0.003606,C-06,0,0,0,1,1,0,-0.005616,0.138853,0.7292,-0.7561,0.2637,3,ok
0,1464,0.480046,1.020778,-2.897144,-0.023066,-0.022681,12.341464,0.201533,0.242035,-0.199038,-0.441073,C-06,0,0,0,1,1,0,-0.007110,0.135315,0.7292,-0.7748,0.2670,3,ok
0,1465,0.456745,1.014812,-2.901442,-0.023511,-0.026979,12.363435,0.200359,0.059228,-0.049038,-0.108266,C-06,0,0,0,1,1,0,-0.007936,0.129758,0.7500,-0.7988,0.2597,3,ok
0,1466,0.433440,1.009095,-2.899045,-0.023761,-0.008536,12.389898,0.199893,0.038300,0.038300,0.000000,,0,0,0,1,1,0,-0.011736,0.136524,0.8125,-0.7437,0.2603,3,ok
0,1467,0.414023,1.004291,-2.900104,-0.023962,-0.009594,12.409899,0.200053,-0.021858,-0.021858,0.000000,,0,0,0,1,1,0,-0.011044,0.148382,0.7708,-0.7524,0.2622,3,ok
0,1468,0.390693,0.998526,-2.910426,-0.023842,-0.002057,12.434319,0.200498,-0.151950,-0.151950,0.000000,,0,0,0,1,1,0,-0.010982,0.160053,0.7708,-0.7525,0.2626,3,ok
0,1469,0.371200,0.993721,-2.921508,-0.023735,-0.013139,12.454394,0.200976,-0.183866,-0.183866,0.000000,,0,0,0,1,1,0,-0.009815,0.173519,0.7708,-0.8014,0.2601,3,ok
0,1470,0.347746,0.987995,-2.934614,-0.023240,-0.006558,12.479044,0.201245,-0.176386,-0.176386,0.000000,,0,0,0,1,1,0,-0.010618,0.178502,0.7708,-0.7796,0.2600,3,ok
0,1471,0.328142,0.983329,-2.950418,-0.022859,-0.022362,12.499191,0.201789,-0.260917,-0.260917,0.000000,,0,0,0,1,1,0,-0.015651,0.190209,0.7292,-0.6860,0.2575,3,ok
0,1472,0.304557,0.978399,-2.959531,-0.022706,-0.010552,12.523777,0.200708,0.057948,-0.110917,-0.168864,C-06,0,0,0,1,1,0,-0.013438,0.196991,0.7292,-0.7264,0.2555,3,ok
0,1473,0.284891,0.974743,-2.957572,-0.022895,-0.008593,12.543780,0.199968,0.368510,0.039083,-0.329427,C-06,0,0,0,1,1,0,-0.015720,0.194640,0.7500,-0.6838,0.2607,3,ok
0,1474,0.261288,0.970349,-2.961465,-0.022800,0.011941,12.568304,0.200138,-0.057744,-0.057744,0.000000,,0,0,0,1,1,0,-0.016156,0.208428,0.8125,-0.6319,0.2570,3,ok
0,1475,0.237651,0.965953,-2.974385,-0.022485,-0.000980,12.592345,0.200563,-0.178990,-0.178990,0.000000,,0,0,0,1,1,0,-0.015332,0.221246,0.8125,-0.6294,0.2566,3,ok
0,1476,0.217903,0.962290,-2.991835,-0.021967,0.006747,12.612932,0.201096,-0.282033,-0.282033,0.000000,,0,0,0,1,1,0,-0.015175,0.229883,0.8125,-0.5883,0.2540,3,ok
0,1477,0.194149,0.958187,-3.004466,-0.021411,-0.005883,12.637031,0.200844,-0.155757,-0.155757,0.000000,,0,0,0,1,1,0,-0.013815,0.235115,0.7917,-0.5962,0.2567,3,ok
0,1478,0.174313,0.954906,-3.023385,-0.020768,0.002943,12.657839,0.201269,-0.313457,-0.305757,0.007700,C-06,0,0,0,1,1,0,-0.015028,0.237833,0.7708,-0.5393,0.2589,3,ok
0,1479,0.150443,0.950972,-3.053342,-0.019580,-0.027014,12.682002,0.201847,-0.383514,-0.383514,0.000000,,0,0,0,1,1,0,-0.014286,0.234040,0.7292,-0.5254,0.2544,3,ok
0,1480,0.130507,0.948436,-3.069575,-0.019133,-0.013030,12.702585,0.200873,0.013749,-0.233514,-0.247263,C-06,0,0,0,1,1,0,-0.014512,0.226393,0.7292,-0.4846,0.2610,3,ok
0,1481,0.106562,0.946365,-3.077180,-0.019196,-0.020635,12.726619,0.200241,1.000000,-0.083514,-1.083514,C-06,0,0,0,1,1,0,-0.014372,0.214632,0.7292,-0.4627,0.2586,3,ok
0,1482,0.086606,0.945060,-3.073553,-0.019451,0.015635,12.747285,0.199950,0.539587,0.066486,-0.473101,C-06,0,0,0,1,1,0,-0.014372,0.214632,0.7292,-0.4627,0.2586,3,ok
0,1483,0.062657,0.943427,-3.079540,-0.019126,0.009648,12.771287,0.200078,-0.247608,-0.083514,0.164093,C-06,0,0,0,1,1,0,-0.012588,0.219247,0.8125,-0.4340,0.2610,3,ok
0,1484,0.038692,0.941788,-3.097654,-0.018477,0.024415,12.795956,0.200266,-0.274346,-0.233514,0.040832,C-06,0,0,0,1,1,0,-0.008603,0.233025,0.7917,-0.3972,0.2609,3,ok
0,1485,0.018703,0.940422,-3.123107,-0.017504,-0.001038,12.815968,0.200426,-0.380470,-0.380470,0.000000,,0,0,0,1,1,0,-0.008066,0.235929,0.8125,-0.3774,0.2620,3,ok
0,1486,-0.005296,0.939039,3.139322,-0.016315,0.012902,12.840564,0.200236,-0.235781,-0.235781,0.000000,,0,0,0,1,1,0,-0.006000,0.219894,0.7917,-0.3978,0.2599,3,ok
0,1487,-0.025294,0.938111,3.113456,-0.015082,-0.012964,12.860545,0.200143,-0.440703,-0.385781,0.054922,C-06,0,0,0,1,1,0,-0.007842,0.206154,0.7708,-0.3186,0.2618,3,ok
0,1488,-0.049264,0.937052,3.071868,-0.013426,-0.020753,12.884969,0.199656,-0.516577,-0.516577,0.000000,,0,0,0,1,1,0,-0.004747,0.194239,0.7292,-0.3620,0.2622,3,ok
0,1489,-0.069195,0.937240,3.046523,-0.012613,-0.046098,12.904884,0.199179,0.726555,-0.366577,-1.093132,C-06,0,0,0,1,1,0,-0.007571,0.161201,0.8125,-0.3007,0.2648,3,ok
0,1490,-0.093064,0.938715,3.028502,-0.012716,-0.031869,12.929237,0.199258,0.847262,-0.216577,-1.063839,C-06,0,0,0,1,1,0,-0.006824,0.149943,0.7917,-0.3176,0.2600,3,ok
0,1491,-0.112930,0.940741,3.023437,-0.013057,-0.036934,12.949203,0.199726,0.139847,-0.066577,-0.206424,C-06,0,0,0,1,1,0,-0.007909,0.131954,0.7917,-0.2886,0.2646,3,ok
0,1492,-0.136769,0.943559,3.029236,-0.013754,-0.000464,12.973608,0.200132,0.159383,0.083423,-0.075960,C-06,0,0,0,1,1,0,-0.007692,0.128852,0.8125,-0.2797,0.2611,3,ok
0,1493,-0.160615,0.946250,3.026777,-0.013704,-0.002922,12.997606,0.199942,-0.036469,-0.036469,0.000000,,0,0,0,1,1,0,-0.004350,0.142822,0.7917,-0.2790,0.2656,3,ok
0,1494,-0.180471,0.948488,3.015735,-0.013659,-0.013964,13.016549,0.199692,-0.183509,-0.183509,0.000000,,0,0,0,1,1,0,-0.003169,0.148187,0.8125,-0.2705,0.2612,3,ok
0,1495,-0.204244,0.951173,2.991644,-0.012928,-0.009855,13.041872,0.199051,-0.320651,-0.320651,0.000000,,0,0,0,1,1,0,-0.002919,0.144651,0.7500,-0.2497,0.2686,3,ok
0,1496,-0.223999,0.953601,2.978382,-0.012545,-0.023117,13.061771,0.199010,-0.197298,-0.197298,0.000000,,0,0,0,1,1,0,-0.002090,0.134969,0.7708,-0.2745,0.2649,3,ok
0,1497,-0.247671,0.957329,2.974199,-0.012284,-0.001350,13.086073,0.199736,0.931898,-0.047298,-0.979196,C-06,0,0,0,1,1,0,-0.006104,0.129413,0.7083,-0.1850,0.2654,3,ok
0,1498,-0.267400,0.960655,2.980061,-0.012252,0.004512,13.106080,0.200184,1.000000,0.102702,-0.897298,C-06,0,0,0,1,1,0,-0.002402,0.125386,0.7500,-0.2396,0.2654,3,ok
0,1499,-0.291083,0.964515,2.977052,-0.011634,0.024972,13.130342,0.199898,-0.219119,-0.047298,0.171821,C-06,0,0,0,1,1,0,-0.001662,0.132587,0.8333,-0.1916,0.2668,3,ok
0,1500,-0.310795,0.967725,2.965502,-0.011040,0.013422,13.150305,0.199530,-0.426767,-0.197298,0.229469,C-06,0,0,0,1,1,0,0.000535,0.134430,0.8125,-0.2005,0.2629,3,ok
0,1501,-0.334379,0.971576,2.944703,-0.009957,0.014110,13.174427,0.198782,-0.282985,-0.282985,0.000000,,0,0,0,1,1,0,0.000093,0.130214,0.7917,-0.1562,0.2641,3,ok
0,1502,-0.357879,0.975667,2.929420,-0.008955,-0.001173,13.198258,0.198746,-0.202018,-0.202018,0.000000,,0,0,0,1,1,0,0.001286,0.117637,0.7917,-0.1807,0.2627,3,ok
0,1503,-0.377400,0.979302,2.915191,-0.008129,0.004302,13.218250,0.198497,-0.234089,-0.234089,0.000000,,0,0,0,1,1,0,-0.001008,0.110582,0.7500,-0.1131,0.2645,3,ok
0,1504,-0.400729,0.983911,2.893864,-0.007255,-0.017025,13.242015,0.198018,-0.296734,-0.296734,0.000000,,0,0,0,1,1,0,0.001843,0.100443,0.7292,-0.1713,0.2631,3,ok
0,1505,-0.420083,0.988263,2.879813,-0.006893,-0.013085,13.261971,0.198394,-0.227595,-0.227595,0.000000,,0,0,0,1,1,0,0.000246,0.095652,0.7500,-0.1363,0.2641,3,ok
0,1506,-0.443244,0.994249,2.873524,-0.006986,-0.019374,13.285892,0.199422,1.000000,-0.077595,-1.077595,C-06,0,0,0,1,1,0,0.000528,0.070775,0.7500,-0.1372,0.2605,3,ok
0,1507,-0.462537,0.999532,2.877087,-0.007261,0.000600,13.306025,0.200177,1.000000,0.072405,-0.927595,C-06,0,0,0,1,1,0,-0.001190,0.063164,0.8750,-0.0859,0.2670,3,ok
0,1508,-0.485723,1.005893,2.883711,-0.007275,0.007225,13.330067,0.200504,0.093582,0.093582,0.000000,,0,0,0,1,1,0,0.000945,0.067968,0.7917,-0.1124,0.2646,3,ok
0,1509,-0.505056,1.011003,2.880988,-0.007100,0.004501,13.349099,0.199862,-0.160346,-0.056418,0.103927,C-06,0,0,0,1,1,0,0.002071,0.075196,0.8333,-0.1043,0.2670,3,ok
0,1510,-0.528206,1.017118,2.867514,-0.006538,0.006151,13.374100,0.199199,-0.200172,-0.200172,0.000000,,0,0,0,1,1,0,0.002462,0.081227,0.7917,-0.0844,0.2634,2,ok
0,1511,-0.551274,1.023266,2.856589,-0.006045,-0.004773,13.397395,0.198868,-0.150732,-0.150732,0.000000,,0,0,0,1,1,0,0.000580,0.071512,0.8125,-0.0340,0.2709,3,ok
0,1512,-0.570421,1.028537,2.839798,-0.005484,-0.007668,13.417913,0.198169,-0.350159,-0.300732,0.049426,C-06,0,0,0,1,1,0,0.003594,0.062702,0.7500,-0.0934,0.2666,3,ok
0,1513,-0.593228,1.034891,2.809407,-0.004900,-0.038059,13.441581,0.196637,-0.629915,-0.450732,0.179182,C-06,0,0,0,1,1,0,0.000909,0.055408,0.7500,-0.0398,0.2699,3,ok
0,1514,-0.612074,1.040822,2.791557,-0.004898,-0.044088,13.461392,0.197665,1.000000,-0.300732,-1.300732,C-06,0,0,0,1,1,0,-0.000507,0.045580,0.7083,-0.0214,0.2687,3,ok
0,1515,-0.634570,1.048726,2.780580,-0.005624,-0.055064,13.485226,0.198799,1.000000,-0.150732,-1.150732,C-06,0,0,0,1,1,0,-0.003937,0.019334,0.7917,-0.0092,0.2693,3,ok
0,1516,-0.653276,1.055774,2.779865,-0.006563,-0.044558,13.505261,0.199994,0.529770,-0.000732,-0.530503,C-06,0,0,0,1,1,0,-0.004683,-0.001393,0.8542,-0.0200,0.2645,3,ok
0,1517,-0.675759,1.064267,2.789204,-0.007588,-0.035219,13.529273,0.200581,0.355371,0.149268,-0.206103,C-06,0,0,0,1,1,0,-0.004009,-0.002079,0.8125,-0.0412,0.2661,2,ok
0,1518,-0.694535,1.071172,2.789841,-0.008221,-0.025007,13.549330,0.199998,-0.007228,-0.000732,0.006496,C-06,0,0,0,1,1,0,-0.004745,0.001952,0.7917,-0.0050,0.2646,3,ok
0,1519,-0.717075,1.079441,2.792308,-0.008829,-0.022541,13.573331,0.200149,0.038707,0.038707,0.000000,,0,0,0,1,1,0,-0.005825,0.006853,0.7917,0.0352,0.2652,2,ok
0,1520,-0.739599,1.087654,2.785323,-0.009336,-0.020912,13.597402,0.199561,-0.254465,-0.111293,0.143172,C-06,0,0,0,1,1,0,-0.003569,0.010270,0.7917,0.0042,0.2654,3,ok
0,1521,-0.758297,1.094520,2.771470,-0.009628,-0.034765,13.617319,0.198759,-0.496658,-0.261293,0.235365,C-06,0,0,0,1,1,0,-0.006667,0.008497,0.7708,0.0573,0.2678,2,ok
0,1522,-0.780624,1.102913,2.760744,-0.010161,-0.045490,13.641165,0.198775,-0.154005,-0.154005,0.000000,,0,0,0,1,1,0,-0.007617,-0.000873,0.7292,0.0582,0.2662,3,ok
0,1523,-0.799186,1.110330,2.760022,-0.010879,-0.038919,13.661213,0.199968,0.151508,-0.004005,-0.155513,C-06,0,0,0,1,1,0,-0.009392,-0.011876,0.7500,0.0629,0.2663,3,ok
0,1524,-0.821494,1.119267,2.768310,-0.011763,-0.030630,13.685228,0.200541,0.133019,0.133019,0.000000,,0,0,0,1,1,0,-0.008349,-0.017831,0.7500,0.0344,0.2646,2,ok
0,1525,-0.840142,1.126715,2.775173,-0.012388,-0.017268,13.705373,0.201001,0.121952,0.121952,0.000000,,0,0,0,1,1,0,-0.009034,-0.011019,0.8542,0.0767,0.2652,2,ok
0,1526,-0.862575,1.135498,2.781416,-0.012934,-0.011024,13.729458,0.200748,0.090675,0.090675,0.000000,,0,0,0,1,1,0,-0.007290,-0.004242,0.8125,0.0494,0.2656,2,ok
0,1527,-0.881308,1.142689,2.785887,-0.013214,-0.001262,13.749581,0.200648,0.078590,0.078590,0.000000,,0,0,0,1,1,0,-0.008997,0.001701,0.7917,0.1139,0.2669,3,ok
0,1528,-0.903816,1.151122,2.788374,-0.013297,0.001225,13.773617,0.200286,0.034926,0.034926,0.000000,,0,0,0,1,1,0,-0.007320,0.001406,0.7917,0.1025,0.2654,2,ok
0,1529,-0.926307,1.159427,2.781236,-0.013236,-0.002164,13.797642,0.199547,-0.200577,-0.115074,0.085503,C-06,0,0,0,1,1,0,-0.007359,0.006698,0.7708,0.1217,0.2659,2,ok
0,1530,-0.944975,1.166367,2.767124,-0.013180,-0.016276,13.817558,0.198719,-0.363201,-0.265074,0.098127,C-06,0,0,0,1,1,0,-0.007076,-0.001640,0.7708,0.1229,0.2663,2,ok
0,1531,-0.967273,1.174930,2.758771,-0.013369,-0.024629,13.839129,0.199081,-0.011916,-0.115074,-0.103158,C-06,0,0,0,1,1,0,-0.009386,-0.015734,0.7500,0.1518,0.2681,2,ok
0,1532,-0.985829,1.182390,2.760198,-0.013728,-0.020096,13.861504,0.200105,0.176423,0.034926,-0.141497,C-06,0,0,0,1,1,0,-0.013207,-0.023243,0.7292,0.2028,0.2713,3,ok
0,1533,-1.008141,1.191329,2.769216,-0.014145,-0.011079,13.885538,0.200599,0.144165,0.144165,0.000000,,0,0,0,1,1,0,-0.010742,-0.032119,0.7708,0.1580,0.2679,2,ok
0,1534,-1.026800,1.198777,2.777468,-0.014480,-0.000762,13.905615,0.201151,0.147873,0.147873,0.000000,,0,0,0,1,1,0,-0.010460,-0.023204,0.8125,0.1791,0.2657,3,ok
0,1535,-1.049256,1.207527,2.784288,-0.014685,0.006059,13.929714,0.200816,0.098682,0.098682,0.000000,,0,0,0,1,1,0,-0.010175,-0.019145,0.7917,0.2035,0.2690,2,ok
0,1536,-1.068003,1.214612,2.787137,-0.014619,0.009790,13.949800,0.200384,0.046870,0.046870,0.000000,,0,0,0,1,1,0,-0.008214,-0.016614,0.8125,0.1909,0.2668,2,ok
0,1537,-1.090524,1.223035,2.790185,-0.014423,0.012838,13.973844,0.200368,0.044860,0.044860,0.000000,,0,0,0,1,1,0,-0.009232,-0.011001,0.8125,0.2120,0.2642,2,ok
0,1538,-1.113032,1.231298,2.783536,-0.014090,0.005853,13.997808,0.199580,-0.133300,-0.105140,0.028160,C-06,0,0,0,1,1,0,-0.010246,-0.010282,0.7708,0.2884,0.2725,3,ok
0,1539,-1.131731,1.238180,2.773969,-0.013838,-0.003714,14.017732,0.198957,-0.175846,-0.175846,0.000000,,0,0,0,1,1,0,-0.009077,-0.021286,0.7708,0.2563,0.2671,2,ok
0,1540,-1.154115,1.246750,2.771642,-0.013846,-0.006041,14.038851,0.199791,0.074713,-0.025846,-0.100559,C-06,0,0,0,1,1,0,-0.010963,-0.033133,0.7500,0.2914,0.2684,2,ok
0,1541,-1.172783,1.253980,2.778121,-0.013978,-0.000315,14.061690,0.200413,0.131820,0.124154,-0.007666,C-06,0,0,0,1,1,0,-0.014821,-0.037264,0.7500,0.3671,0.2709,2,ok
0,1542,-1.195244,1.262657,2.784866,-0.014110,0.006430,14.085768,0.200812,0.098285,0.098285,0.000000,,0,0,0,1,1,0,-0.012780,-0.043222,0.7708,0.3353,0.2734,3,ok
0,1543,-1.214015,1.269865,2.793974,-0.014199,0.013028,14.105859,0.201344,0.166349,0.166349,0.000000,,0,0,0,1,1,0,-0.011992,-0.042393,0.8333,0.3817,0.2736,2,ok
0,1544,-1.236615,1.278311,2.802661,-0.014093,0.021715,14.129986,0.201037,0.125048,0.125048,0.000000,,0,0,0,1,1,0,-0.008886,-0.036968,0.8125,0.3371,0.2676,2,ok
0,1545,-1.255490,1.285085,2.806397,-0.013772,0.021574,14.149998,0.200499,0.060901,0.060901,0.000000,,0,0,0,1,1,0,-0.010157,-0.034008,0.7917,0.4054,0.2657,2,ok
0,1546,-1.278161,1.293028,2.807955,-0.013237,0.023132,14.174014,0.200163,0.020006,0.020006,0.000000,,0,0,0,1,1,0,-0.010025,-0.031382,0.7917,0.4374,0.2668,2,ok
0,1547,-1.300809,1.300889,2.799812,-0.012680,0.009798,14.197907,0.199510,-0.170455,-0.129994,0.040461,C-06,0,0,0,1,1,0,-0.008486,-0.040516,0.7708,0.4334,0.2664,2,ok
0,1548,-1.319631,1.307438,2.793616,-0.012309,0.003602,14.217832,0.199140,-0.107394,-0.107394,0.000000,,0,0,0,1,1,0,-0.009139,-0.049637,0.7500,0.4452,0.2632,2,ok
0,1549,-1.342199,1.315608,2.795820,-0.012161,0.005806,14.240971,0.200151,0.170752,0.042606,-0.128146,C-06,0,0,0,1,1,0,-0.009734,-0.061333,0.7292,0.4692,0.2651,2,ok
0,1550,-1.361038,1.322432,2.803323,-0.012199,0.006857,14.261778,0.200598,0.141903,0.141903,0.000000,,0,0,0,1,1,0,-0.011149,-0.071975,0.7083,0.5023,0.2641,2,ok
0,1551,-1.383695,1.330505,2.807265,-0.012112,0.010799,14.285830,0.200421,0.051455,0.051455,0.000000,,0,0,0,1,1,0,-0.010156,-0.076807,0.7708,0.5098,0.2648,2,ok
0,1552,-1.402608,1.337192,2.813873,-0.012110,0.009542,14.305785,0.200792,0.120684,0.120684,0.000000,,0,0,0,1,1,0,-0.007194,-0.083788,0.7917,0.4782,0.2658,2,ok
0,1553,-1.425359,1.345156,2.821288,-0.012098,0.016957,14.329890,0.200876,0.106666,0.106666,0.000000,,0,0,0,1,1,0,-0.007204,-0.083489,0.7708,0.5034,0.2645,2,ok
0,1554,-1.444363,1.351692,2.828203,-0.012030,0.013869,14.349897,0.200990,0.120750,0.120750,0.000000,,0,0,0,1,1,0,-0.006298,-0.085857,0.8125,0.5149,0.2666,2,ok
0,1555,-1.467218,1.359301,2.834464,-0.011828,0.020130,14.373984,0.200715,0.088086,0.088086,0.000000,,0,0,0,1,1,0,-0.005558,-0.088573,0.8333,0.5086,0.2664,2,ok
0,1556,-1.490121,1.366800,2.841817,-0.011543,0.016442,14.397967,0.200860,0.106295,0.106295,0.000000,,0,0,0,1,1,0,-0.003503,-0.095542,0.7917,0.4996,0.2650,2,ok
0,1557,-1.509254,1.372983,2.850644,-0.011395,0.025270,14.418074,0.201252,0.154353,0.154353,0.000000,,0,0,0,1,1,0,-0.003640,-0.094117,0.7708,0.5105,0.2639,2,ok
0,1558,-1.532303,1.380341,2.868486,-0.011131,0.043111,14.442268,0.202067,0.258914,0.258914,0.000000,,0,0,0,1,1,0,-0.000538,-0.096431,0.7708,0.4733,0.2622,2,ok
0,1559,-1.551583,1.386029,2.876171,-0.010738,0.037908,14.462184,0.200953,0.122063,0.122063,0.000000,,0,0,0,1,1,0,0.004085,-0.106500,0.7083,0.4328,0.2551,2,ok
0,1560,-1.574773,1.392689,2.886151,-0.010163,0.047888,14.486305,0.201083,0.140277,0.140277,0.000000,,0,0,0,1,1,0,0.005478,-0.107962,0.7500,0.4262,0.2560,2,ok
0,1561,-1.594145,1.398076,2.894550,-0.009625,0.040891,14.506279,0.201062,0.139576,0.139576,0.000000,,0,0,0,1,1,0,0.006851,-0.108853,0.8333,0.4084,0.2628,2,ok
0,1562,-1.617458,1.404428,2.909328,-0.009028,0.055669,14.530434,0.201567,0.207527,0.207527,0.000000,,0,0,0,1,1,0,0.006376,-0.109188,0.8125,0.4320,0.2618,2,ok
0,1563,-1.636946,1.409504,2.920807,-0.008305,0.067148,14.549697,0.201365,0.186426,0.186426,0.000000,,0,0,0,1,1,0,0.008061,-0.105941,0.8333,0.4113,0.2602,2,ok
0,1564,-1.660393,1.415214,2.932208,-0.007501,0.060182,14.574530,0.201073,0.152423,0.152423,0.000000,,0,0,0,1,1,0,0.010438,-0.106338,0.8125,0.3759,0.2618,2,ok
0,1565,-1.683918,1.420756,2.953161,-0.006500,0.081135,14.598677,0.201775,0.290789,0.290789,0.000000,,0,0,0,1,1,0,0.012840,-0.116645,0.7500,0.3343,0.2625,2,ok
0,1566,-1.703582,1.424905,2.962686,-0.005531,0.070910,14.618625,0.200900,0.069063,0.140789,0.071726,C-06,0,0,0,1,1,0,0.012701,-0.110913,0.7708,0.3654,0.2673,2,ok
0,1567,-1.727200,1.429207,2.962657,-0.003789,0.070881,14.642569,0.199996,-0.092257,-0.009211,0.083046,C-06,0,0,0,1,1,0,0.012954,-0.107169,0.7708,0.3639,0.2669,2,ok
0,1568,-1.746883,1.432764,2.963684,-0.002500,0.047887,14.662455,0.200029,0.018520,0.018520,0.000000,,0,0,0,1,1,0,0.012819,-0.109980,0.7083,0.3536,0.2658,2,ok
0,1569,-1.770516,1.437032,2.970184,-0.001314,0.054387,14.686442,0.200243,0.091072,0.091072,0.000000,,0,0,0,1,1,0,0.012819,-0.109980,0.7083,0.3536,0.2658,2,ok
0,1570,-1.790245,1.440589,2.984559,-0.000318,0.068762,14.706465,0.200690,0.400696,0.241072,-0.159624,C-06,0,0,0,1,1,0,0.009917,-0.123688,0.7708,0.3874,0.2694,2,ok
0,1571,-1.813989,1.444857,3.006730,0.000363,0.063614,14.730573,0.201323,0.290888,0.290888,0.000000,,0,0,0,1,1,0,0.010848,-0.113566,0.8125,0.3725,0.2678,2,ok
0,1572,-1.833832,1.448389,3.026409,0.000938,0.083292,14.750720,0.201607,0.302876,0.302876,0.000000,,0,0,0,1,1,0,0.011448,-0.101509,0.7917,0.3715,0.2660,2,ok
0,1573,-1.857691,1.451715,3.039215,0.002078,0.064884,14.774835,0.200673,0.087979,0.152876,0.064898,C-06,0,0,0,1,1,0,0.013401,-0.087194,0.7917,0.3495,0.2658,2,ok
0,1574,-1.881567,1.454220,3.040488,0.003663,0.066157,14.798790,0.200039,0.010057,0.010057,0.000000,,0,0,0,1,1,0,0.015464,-0.086695,0.7917,0.3192,0.2652,2,ok
0,1575,-1.901459,1.456266,3.033538,0.004917,0.028418,14.818911,0.199891,-0.115992,-0.115992,0.000000,,0,0,0,1,1,0,0.013600,-0.084731,0.8125,0.3559,0.2663,2,ok
0,1576,-1.925307,1.458719,3.024380,0.005724,0.019260,14.842872,0.199687,-0.116202,-0.116202,0.000000,,0,0,0,1,1,0,0.012734,-0.099489,0.7708,0.3521,0.2648,2,ok
0,1577,-1.945170,1.461026,3.025785,0.006135,0.020665,14.862865,0.200019,0.638946,0.033798,-0.605149,C-06,0,0,0,1,1,0,0.012099,-0.113341,0.7500,0.3334,0.2654,2,ok
0,1578,-1.969027,1.463822,3.039521,0.005941,0.004982,14.887127,0.200305,0.759738,0.183798,-0.575940,C-06,0,0,0,1,1,0,0.006981,-0.129864,0.6667,0.4057,0.2708,2,ok
0,1579,-1.988938,1.466152,3.056114,0.005545,0.021575,14.907171,0.200611,0.255060,0.255060,0.000000,,0,0,0,1,1,0,0.009467,-0.120852,0.7708,0.3625,0.2639,3,ok
0,1580,-2.012867,1.468912,3.073192,0.004944,0.012176,14.931367,0.200737,0.209411,0.209411,0.000000,,0,0,0,1,1,0,0.010838,-0.111831,0.8125,0.3380,0.2599,2,ok
0,1581,-2.032825,1.470638,3.080686,0.004702,0.019670,14.951399,0.200291,0.102801,0.102801,0.000000,,0,0,0,1,1,0,0.007906,-0.104655,0.8333,0.4262,0.2673,2,ok
0,1582,-2.056787,1.472531,3.090119,0.004588,0.029104,14.975435,0.200296,0.116121,0.116121,0.000000,,0,0,0,1,1,0,0.009674,-0.101253,0.8125,0.3962,0.2652,2,ok
0,1583,-2.080760,1.474171,3.098763,0.004352,0.014726,14.999539,0.200227,0.104359,0.104359,0.000000,,0,0,0,1,1,0,0.010783,-0.095956,0.7917,0.3603,0.2658,2,ok
0,1584,-2.100744,1.475214,3.102610,0.004462,0.018574,15.019549,0.200093,0.051629,0.051629,0.000000,,0,0,0,1,1,0,0.011333,-0.096045,0.7708,0.3486,0.2648,2,ok
0,1585,-2.124722,1.476171,3.095340,0.004600,-0.007271,15.043635,0.199944,-0.195246,-0.098371,0.096875,C-06,0,0,0,1,1,0,0.009022,-0.096014,0.7917,0.4033,0.2691,2,ok
0,1586,-2.144700,1.477034,3.093587,0.004501,-0.009024,15.063631,0.199964,-0.019223,-0.019223,0.000000,,0,0,0,1,1,0,0.009444,-0.108312,0.7292,0.3667,0.2682,2,ok
0,1587,-2.168677,1.478143,3.103361,0.004197,-0.016383,15.087706,0.200065,0.253141,0.130777,-0.122364,C-06,0,0,0,1,1,0,0.008478,-0.120271,0.6875,0.3684,0.2648,2,ok
0,1588,-2.188666,1.479070,3.116041,0.003692,-0.003704,15.107711,0.200146,0.186046,0.186046,0.000000,,0,0,0,1,1,0,0.007303,-0.128961,0.7917,0.3902,0.2679,2,ok
0,1589,-2.212662,1.480180,3.129329,0.003086,0.009585,15.131724,0.200192,0.156475,0.156475,0.000000,,0,0,0,1,1,0,0.008337,-0.119844,0.7917,0.3624,0.2639,2,ok
0,1590,-2.232662,1.481068,-3.135948,0.002303,0.009851,15.151781,0.200194,0.263900,0.263900,0.000000,,0,0,0,1,1,0,0.007024,-0.114631,0.8125,0.3926,0.2624,2,ok
0,1591,-2.256658,1.481887,-3.115738,0.001576,0.030061,15.175780,0.199998,0.238756,0.238756,0.000000,,0,0,0,1,1,0,0.009421,-0.103942,0.8333,0.3427,0.2622,2,ok
0,1592,-2.280644,1.481987,-3.100452,0.001348,0.028132,15.199789,0.199838,0.180616,0.180616,0.000000,,0,0,0,1,1,0,0.008207,-0.082699,0.8125,0.4007,0.2665,2,ok
0,1593,-2.300625,1.481392,-3.095677,0.001712,0.032906,15.219775,0.199904,0.059610,0.059610,0.000000,,0,0,0,1,1,0,0.010111,-0.083569,0.7917,0.3735,0.2638,2,ok
0,1594,-2.324603,1.480303,-3.102407,0.002407,0.008929,15.243811,0.200056,-0.182963,-0.090390,0.092573,C-06,0,0,0,1,1,0,0.009197,-0.082788,0.7917,0.3957,0.2664,3,ok
0,1595,-2.344592,1.479382,-3.115797,0.002715,-0.004460,15.263819,0.200141,-0.201598,-0.201598,0.000000,,0,0,0,1,1,0,0.010144,-0.096816,0.7917,0.3714,0.2619,2,ok
0,1596,-2.368586,1.478560,-3.120853,0.002803,-0.009517,15.287827,0.200056,0.348408,-0.051598,-0.400006,C-06,0,0,0,1,1,0,0.006276,-0.111067,0.7500,0.4213,0.2669,2,ok
0,1597,-2.388580,1.478121,-3.114863,0.002320,-0.021178,15.307868,0.199976,0.170576,0.098402,-0.072174,C-06,0,0,0,1,1,0,0.002217,-0.135000,0.7292,0.4481,0.2708,2,ok
0,1598,-2.412568,1.477610,-3.104359,0.001683,-0.010673,15.331853,0.199910,0.128365,0.128365,0.000000,,0,0,0,1,1,0,0.003251,-0.136975,0.7708,0.4221,0.2676,2,ok
0,1599,-2.432550,1.477184,-3.094552,0.000984,-0.018573,15.351851,0.199829,0.143604,0.143604,0.000000,,0,0,0,1,1,0,0.000924,-0.131626,0.8125,0.4716,0.2688,2,ok
0,1600,-2.456515,1.476645,-3.080849,-0.000039,-0.004870,15.375800,0.199709,0.168740,0.168740,0.000000,,0,0,0,1,1,0,0.001695,-0.127836,0.8125,0.4483,0.2657,2,ok
0,1601,-2.480459,1.475891,-3.065366,-0.000949,-0.007050,15.399725,0.199574,0.192215,0.192215,0.000000,,0,0,0,1,1,0,0.001307,-0.121049,0.8125,0.4571,0.2676,2,ok
0,1602,-2.500395,1.474742,-3.057477,-0.001486,0.000838,15.419686,0.199685,0.111826,0.111826,0.000000,,0,0,0,1,1,0,0.001307,-0.121049,0.8125,0.4571,0.2676,2,ok
0,1603,-2.524297,1.473220,-3.045222,-0.001984,0.013093,15.443632,0.199519,0.156319,0.156319,0.000000,,0,0,0,1,1,0,0.002093,-0.118723,0.7917,0.4292,0.2620,2,ok
0,1604,-2.544192,1.471858,-3.032416,-0.002571,0.008227,15.463533,0.199337,0.197095,0.197095,0.000000,,0,0,0,1,1,0,0.000141,-0.113088,0.7917,0.4753,0.2671,2,ok
0,1605,-2.568024,1.470031,-3.014078,-0.003133,0.026566,15.487428,0.199097,0.235505,0.235505,0.000000,,0,0,0,1,1,0,0.002079,-0.108857,0.7083,0.4284,0.2662,2,ok
0,1606,-2.587845,1.468066,-3.001438,-0.003323,0.021476,15.507285,0.199161,0.191928,0.191928,0.000000,,0,0,0,1,1,0,0.000343,-0.104074,0.7083,0.4776,0.2711,2,ok
0,1607,-2.611589,1.465233,-2.989401,-0.003326,0.033513,15.531197,0.199256,0.153432,0.153432,0.000000,,0,0,0,1,1,0,0.002330,-0.094361,0.7708,0.4534,0.2642,2,ok
0,1608,-2.631349,1.462440,-2.983991,-0.002897,0.038923,15.550842,0.199590,0.078444,0.078444,0.000000,,0,0,0,1,1,0,0.001820,-0.088296,0.7917,0.4804,0.2697,2,ok
0,1609,-2.655048,1.458733,-2.982539,-0.002447,0.023163,15.575082,0.199917,0.015264,0.015264,0.000000,,0,0,0,1,1,0,0.003254,-0.087547,0.7917,0.4627,0.2674,2,ok
0,1610,-2.678734,1.454994,-2.976555,-0.001959,0.029146,15.599057,0.199737,0.082627,0.082627,0.000000,,0,0,0,1,1,0,0.003312,-0.093483,0.8125,0.4723,0.2701,2,ok
0,1611,-2.698451,1.451878,-2.969254,-0.001829,0.017653,15.618984,0.199499,0.118105,0.118105,0.000000,,0,0,0,1,1,0,0.002785,-0.094862,0.7917,0.4918,0.2686,2,ok
0,1612,-2.722074,1.448128,-2.959211,-0.001743,0.027696,15.642903,0.199236,0.133867,0.133867,0.000000,,0,0,0,1,1,0,0.002207,-0.103842,0.7917,0.5107,0.2644,2,ok
0,1613,-2.741734,1.444687,-2.954860,-0.001479,0.014248,15.662834,0.199618,0.063587,0.063587,0.000000,,0,0,0,1,1,0,0.004811,-0.107096,0.7500,0.4545,0.2632,2,ok
0,1614,-2.765313,1.440285,-2.953491,-0.001142,0.015617,15.686819,0.199908,0.014945,0.014945,0.000000,,0,0,0,1,1,0,0.002260,-0.106736,0.7500,0.5163,0.2616,2,ok
0,1615,-2.784948,1.436594,-2.946507,-0.000835,0.022601,15.706795,0.199663,0.118175,0.118175,0.000000,,0,0,0,1,1,0,0.002044,-0.119098,0.7292,0.5161,0.2705,2,ok
0,1616,-2.808470,1.432165,-2.936791,-0.001000,0.013342,15.730710,0.199286,0.130973,0.130973,0.000000,,0,0,0,1,1,0,-0.005102,-0.117224,0.7500,0.6452,0.2780,2,ok
0,1617,-2.828040,1.428349,-2.930735,-0.001029,0.019399,15.750648,0.199387,0.095114,0.095114,0.000000,,0,0,0,1,1,0,-0.004659,-0.117818,0.7500,0.6800,0.2742,2,ok
0,1618,-2.851481,1.423679,-2.919730,-0.001166,0.011617,15.774535,0.199003,0.152724,0.152724,0.000000,,0,0,0,1,1,0,-0.000287,-0.117204,0.8125,0.5931,0.2679,2,ok
0,1619,-2.874857,1.418900,-2.906441,-0.001314,0.024906,15.798395,0.198769,0.183544,0.183544,0.000000,,0,0,0,1,1,0,-0.000680,-0.112598,0.7917,0.6091,0.2687,2,ok
0,1620,-2.894286,1.414601,-2.897479,-0.001252,0.013713,15.818265,0.198994,0.144785,0.144785,0.000000,,0,0,0,1,1,0,-0.002211,-0.109018,0.8333,0.6656,0.2685,2,ok
0,1621,-2.917538,1.409250,-2.885229,-0.001369,0.025963,15.842125,0.198788,0.170895,0.170895,0.000000,,0,0,0,1,1,0,-0.000502,-0.105189,0.7708,0.6364,0.2703,2,ok
0,1622,-2.936850,1.404659,-2.871269,-0.001323,0.039923,15.861974,0.198290,0.238954,0.238954,0.000000,,0,0,0,1,1,0,-0.002939,-0.112566,0.7292,0.7322,0.2758,2,ok
0,1623,-2.959938,1.398687,-2.859106,-0.001146,0.033036,15.885801,0.198757,0.166708,0.166708,0.000000,,0,0,0,1,1,0,-0.004310,-0.111299,0.7500,0.8067,0.2750,2,ok
0,1624,-2.979117,1.393492,-2.848920,-0.000812,0.043223,15.905668,0.198688,0.173700,0.173700,0.000000,,0,0,0,1,1,0,-0.007327,-0.105213,0.7292,0.9188,0.2727,2,ok
0,1625,-3.002045,1.387061,-2.833942,-0.000481,0.037104,15.929465,0.198346,0.216879,0.216879,0.000000,,0,0,0,1,1,0,-0.005392,-0.108449,0.7292,0.8834,0.2700,2,ok
0,1626,-3.021057,1.381531,-2.817791,-0.000248,0.053255,15.949264,0.197818,0.285322,0.285322,0.000000,,0,0,0,1,1,0,-0.005249,-0.109141,0.7292,0.9041,0.2775,2,ok
0,1627,-3.043770,1.374211,-2.807863,0.000719,0.063183,15.970136,0.198928,0.122732,0.135322,0.012590,C-06,0,0,0,1,1,0,-0.005078,-0.105180,0.7708,0.9659,0.2723,2,ok
0,1628,-3.066413,1.366608,-2.799692,0.001493,0.050593,15.996991,0.199056,0.118341,0.118341,0.000000,,0,0,0,1,1,0,0.000962,-0.105879,0.7917,0.9069,0.2773,2,ok
0,1629,-3.085212,1.360126,-2.786142,0.002343,0.064143,16.016858,0.198452,0.250072,0.250072,0.000000,,0,0,0,1,1,0,0.001330,-0.108298,0.8125,0.9342,0.2770,2,ok
0,1630,-3.107665,1.352088,-2.775301,0.003210,0.052559,16.040753,0.198765,0.155027,0.155027,0.000000,,0,0,0,1,1,0,-0.001538,-0.109386,0.8333,1.0622,0.2755,2,ok
0,1631,-3.126310,1.345164,-2.767571,0.004049,0.060290,16.060625,0.198908,0.136763,0.136763,0.000000,,0,0,0,1,1,0,0.001630,-0.121236,0.7917,1.0429,0.2707,2,ok
0,1632,-3.148649,1.336408,-2.767783,0.005297,0.037249,16.084691,0.200048,-0.138459,-0.013237,0.125222,C-06,0,0,0,1,1,0,0.003800,-0.122771,0.7708,1.0347,0.2658,2,ok
0,1633,-3.167269,1.329100,-2.767961,0.006079,0.037071,16.104678,0.200020,-0.002449,-0.002449,0.000000,,0,0,0,1,1,0,0.002285,-0.134160,0.7500,1.1211,0.2606,2,ok
0,1634,-3.189575,1.320340,-2.758770,0.007021,0.046262,16.128537,0.199399,0.809867,0.147551,-0.662316,C-06,0,0,0,1,1,0,-0.000432,-0.146779,0.7292,1.2192,0.2670,2,ok
0,1635,-3.208072,1.313015,-2.743152,0.007359,0.037381,16.148691,0.198426,1.000000,0.297551,-0.702449,C-06,0,0,0,1,1,0,-0.005313,-0.170002,0.6875,1.3371,0.2764,2,ok
0,1636,-3.230060,1.304191,-2.714642,0.007875,0.065890,16.172378,0.196648,0.769884,0.447551,-0.322333,C-06,0,0,0,1,1,0,0.004376,-0.173450,0.7083,1.1840,0.2645,2,ok
0,1637,-3.251797,1.294739,-2.693453,0.008695,0.061846,16.196278,0.197629,0.320781,0.320781,0.000000,,0,0,0,1,1,0,0.010978,-0.160980,0.7708,1.1402,0.2656,2,ok
0,1638,-3.269777,1.286297,-2.683745,0.009759,0.071554,16.216113,0.198743,-0.029427,0.170781,0.200208,C-06,0,0,0,1,1,0,0.008563,-0.154643,0.8125,1.2845,0.2690,2,ok
0,1639,-3.291244,1.275927,-2.672189,0.011161,0.055707,16.240200,0.198678,0.183778,0.183778,0.000000,,0,0,0,1,1,0,0.008343,-0.159160,0.8125,1.3436,0.2672,2,ok
0,1640,-3.309038,1.267084,-2.662593,0.012143,0.065303,16.260045,0.198707,0.183476,0.183476,0.000000,,0,0,0,1,1,0,0.012438,-0.168607,0.7917,1.2898,0.2631,2,ok
0,1641,-3.330266,1.256259,-2.649633,0.013568,0.078263,16.283831,0.198569,0.209782,0.209782,0.000000,,0,0,0,1,1,0,0.015198,-0.189732,0.7708,1.2713,0.2690,2,ok
0,1642,-3.347812,1.246984,-2.631749,0.014614,0.066667,16.304035,0.197807,0.382571,0.359782,-0.022790,C-06,0,0,0,1,1,0,0.020532,-0.207127,0.7292,1.1932,0.2613,2,ok
0,1643,-3.368645,1.235553,-2.612505,0.016093,0.085911,16.327752,0.198108,0.313085,0.313085,0.000000,,0,0,0,1,1,0,0.016068,-0.208567,0.7708,1.3524,0.2647,2,ok
0,1644,-3.385799,1.225672,-2.589897,0.017553,0.073286,16.348051,0.197464,0.661113,0.463085,-0.198029,C-06,0,0,0,1,1,0,0.017804,-0.212497,0.7500,1.3430,0.2632,2,ok
0,1645,-3.406015,1.213343,-2.554329,0.019345,0.108854,16.371662,0.197254,1.000000,0.613085,-0.386915,C-06,0,0,0,1,1,0,0.020612,-0.229021,0.6875,1.3146,0.2630,2,ok
0,1646,-3.425727,1.200204,-2.514493,0.022086,0.148690,16.395193,0.197782,0.699484,0.699484,0.000000,,0,0,0,1,1,0,0.025480,-0.210076,0.7500,1.3091,0.2673,2,ok
0,1647,-3.441766,1.188505,-2.488409,0.024544,0.134063,16.415677,0.198801,0.425877,0.549484,0.123607,C-06,0,0,0,1,1,0,0.033594,-0.193745,0.7708,1.2178,0.2696,2,ok
0,1648,-3.460659,1.173838,-2.465999,0.028185,0.156473,16.439315,0.199501,-0.031635,0.399484,0.431119,C-06,0,0,0,1,1,0,0.039154,-0.179510,0.7917,1.1474,0.2579,2,ok
0,1649,-3.476189,1.161276,-2.454175,0.031174,0.122299,16.460698,0.199820,-0.257527,0.249484,0.507011,C-06,0,0,0,1,1,0,0.040078,-0.178984,0.7500,1.1699,0.2634,2,ok
0,1650,-3.494688,1.145998,-2.448173,0.034253,0.128300,16.484492,0.199957,-0.192571,0.099484,0.292055,C-06,0,0,0,1,1,0,0.041116,-0.172907,0.7708,1.2030,0.2641,2,ok
0,1651,-3.510077,1.133222,-2.449907,0.036872,0.126566,16.504322,0.200025,-0.056731,-0.050516,0.006215,C-06,0,0,0,1,1,0,0.047346,-0.204708,0.7292,1.1165,0.2569,2,ok
0,1652,-3.528562,1.117914,-2.449718,0.038864,0.075686,16.530238,0.199997,0.007360,0.007360,0.000000,,0,0,0,1,1,0,0.048129,-0.223373,0.7083,1.0947,0.2571,2,ok
0,1653,-3.543972,1.105163,-2.451253,0.040382,0.074152,16.550182,0.200020,-0.036689,-0.036689,0.000000,,0,0,0,1,1,0,0.046098,-0.246064,0.7500,1.1535,0.2579,2,ok
0,1654,-3.562437,1.089840,-2.445606,0.041688,0.024176,16.576380,0.199964,0.130120,0.113311,-0.016809,C-06,0,0,0,1,1,0,0.041748,-0.271671,0.6667,1.2329,0.2603,2,ok
0,1655,-3.580758,1.074335,-2.431913,0.042475,0.037868,16.600368,0.200104,0.992919,0.263311,-0.729608,C-06,0,0,0,1,1,0,0.043731,-0.303519,0.7292,1.1547,0.2515,2,ok
0,1656,-3.595865,1.061170,-2.413616,0.043422,0.056166,16.620384,0.200624,0.588460,0.413311,-0.175148,C-06,0,0,0,1,1,0,0.042734,-0.303895,0.7917,1.1600,0.2519,2,ok
0,1657,-3.613738,1.045064,-2.398518,0.043594,0.015303,16.646950,0.200642,0.088836,0.263311,0.174475,C-06,0,0,0,1,1,0,0.042927,-0.297941,0.7917,1.1434,0.2567,2,ok
0,1658,-3.628463,1.031454,-2.387707,0.043972,0.026114,16.666998,0.200440,0.227788,0.227788,0.000000,,0,0,0,1,1,0,0.041023,-0.294271,0.8125,1.1707,0.2592,2,ok
0,1659,-3.645936,1.014979,-2.382736,0.043901,-0.025172,16.693580,0.200124,0.021651,0.077788,0.056138,C-06,0,0,0,1,1,0,0.043041,-0.297320,0.7917,1.0765,0.2521,2,ok
0,1660,-3.660444,1.001205,-2.381189,0.043382,-0.023624,16.713578,0.200043,0.028798,0.028798,0.000000,,0,0,0,1,1,0,0.041960,-0.331934,0.7500,1.0251,0.2502,2,ok
0,1661,-3.677787,0.984586,-2.371560,0.042724,-0.070078,16.739990,0.200167,0.364402,0.178798,-0.185604,C-06,0,0,0,1,1,0,0.038393,-0.347986,0.7708,1.0711,0.2498,2,ok
0,1662,-3.692061,0.970559,-2.356327,0.041430,-0.054845,16.759960,0.200019,0.723150,0.328798,-0.394351,C-06,0,0,0,1,1,0,0.033711,-0.358296,0.7500,1.1159,0.2485,2,ok
0,1663,-3.708809,0.953431,-2.329424,0.040357,-0.027942,16.783891,0.199271,0.544382,0.478798,-0.065584,C-06,0,0,0,1,1,0,0.031654,-0.367341,0.7083,1.1221,0.2496,2,ok
0,1664,-3.725086,0.935959,-2.302827,0.038992,-0.056577,16.809944,0.199104,0.474727,0.474727,0.000000,,0,0,0,1,1,0,0.028435,-0.360978,0.7083,1.0961,0.2615,2,ok
0,1665,-3.738336,0.921035,-2.287428,0.037958,-0.041178,16.829874,0.199701,0.323079,0.324727,0.001648,C-06,0,0,0,1,1,0,0.027085,-0.350424,0.7917,1.0977,0.2589,2,ok
0,1666,-3.753922,0.902800,-2.267225,0.036894,-0.074800,16.855825,0.200094,0.378156,0.378156,0.000000,,0,0,0,1,1,0,0.025843,-0.345916,0.8333,1.0843,0.2595,2,ok
0,1667,-3.766674,0.887369,-2.253448,0.035499,-0.061023,16.875794,0.200260,0.298914,0.298914,0.000000,,0,0,0,1,1,0,0.025178,-0.344811,0.8125,1.0572,0.2579,2,ok
0,1668,-3.781730,0.868614,-2.235440,0.034164,-0.043016,16.899807,0.200541,0.330204,0.330204,0.000000,,0,0,0,1,1,0,0.025786,-0.346572,0.7917,0.9805,0.2538,2,ok
0,1669,-3.794029,0.852744,-2.213768,0.032620,-0.073376,16.921636,0.201203,0.482654,0.480204,-0.002450,C-06,0,0,0,1,1,0,0.021292,-0.350690,0.7708,0.9990,0.2575,2,ok
0,1670,-3.808431,0.833397,-2.194626,0.030872,-0.054233,16.945691,0.201071,0.310361,0.330204,0.019843,C-06,0,0,0,1,1,0,0.022529,-0.341056,0.7292,0.8849,0.2539,2,ok
0,1671,-3.820171,0.817090,-2.181827,0.029550,-0.092079,16.967269,0.200978,0.263997,0.263997,0.000000,,0,0,0,1,1,0,0.016171,-0.334916,0.7500,1.0307,0.2628,2,ok
0,1672,-3.834009,0.797333,-2.167235,0.027268,-0.077487,16.991281,0.201063,0.252687,0.252687,0.000000,,0,0,0,1,1,0,0.013836,-0.338189,0.7500,1.0133,0.2590,2,ok
0,1673,-3.847517,0.777329,-2.144308,0.025396,-0.054560,17.015346,0.201992,0.451891,0.402687,-0.049204,C-06,0,0,0,1,1,0,0.007033,-0.343552,0.6875,1.0144,0.2720,2,ok
0,1674,-3.858568,0.760391,-2.117564,0.023342,-0.075821,17.036648,0.203175,0.699306,0.552687,-0.146619,C-06,0,0,0,1,1,0,0.007756,-0.337507,0.7083,0.9656,0.2681,2,ok
0,1675,-3.871535,0.739641,-2.075595,0.021161,-0.033853,17.061019,0.204813,0.846536,0.702687,-0.143849,C-06,0,0,0,1,1,0,0.008144,-0.321615,0.7708,0.9230,0.2679,2,ok
0,1676,-3.881885,0.721976,-2.041626,0.019570,-0.045667,17.082409,0.204917,0.651309,0.651309,0.000000,,0,0,0,1,1,0,0.009890,-0.296880,0.7917,0.8616,0.2677,2,ok
0,1677,-3.893582,0.700392,-2.004447,0.017714,-0.008488,17.106889,0.204722,0.581261,0.581261,0.000000,,0,0,0,1,1,0,0.010760,-0.271809,0.7708,0.8404,0.2640,2,ok
0,1678,-3.902618,0.682143,-1.980502,0.016924,0.015457,17.127237,0.203582,0.265784,0.431261,0.165477,C-06,0,0,0,1,1,0,0.010488,-0.240551,0.7917,0.8466,0.2605,2,ok
0,1679,-3.912684,0.660037,-1.961380,0.015904,-0.008383,17.152181,0.202345,0.015634,0.281261,0.265627,C-06,0,0,0,1,1,0,0.015534,-0.242353,0.7500,0.7029,0.2527,2,ok
0,1680,-3.920558,0.641509,-1.952489,0.015481,0.000508,17.172310,0.201250,0.151359,0.151359,0.000000,,0,0,0,1,1,0,0.025249,-0.229595,0.7292,0.3786,0.2349,2,ok
0,1681,-3.929675,0.619207,-1.946201,0.014828,-0.034225,17.197040,0.200741,0.090140,0.090140,0.000000,,0,0,0,1,1,0,0.010953,-0.230595,0.7292,0.8040,0.2631,2,ok
0,1682,-3.938485,0.596884,-1.947920,0.013930,-0.035943,17.221023,0.199875,-0.034175,-0.034175,0.000000,,0,0,0,1,1,0,0.007608,-0.235271,0.7083,0.8253,0.2577,2,ok
0,1683,-3.945850,0.578270,-1.942097,0.013164,-0.030120,17.240221,0.200381,0.385739,0.115825,-0.269914,C-06,0,0,0,1,1,0,0.001673,-0.264209,0.7083,0.8825,0.2668,2,ok
0,1684,-3.954668,0.555836,-1.925006,0.011366,-0.050835,17.265553,0.201404,0.614595,0.265825,-0.348770,C-06,0,0,0,1,1,0,0.003365,-0.269452,0.7292,0.8225,0.2605,2,ok
0,1685,-3.962015,0.537003,-1.902040,0.009943,-0.027869,17.285718,0.202816,0.530255,0.415825,-0.114430,C-06,0,0,0,1,1,0,0.004474,-0.263512,0.8125,0.7588,0.2607,2,ok
0,1686,-3.970821,0.514176,-1.866055,0.007733,-0.027700,17.310430,0.204610,0.526673,0.526673,0.000000,,0,0,0,1,1,0,0.005191,-0.256446,0.8125,0.7076,0.2561,2,ok
0,1687,-3.977704,0.494962,-1.837877,0.006105,0.000478,17.330774,0.204021,0.473471,0.473471,0.000000,,0,0,0,1,1,0,0.006372,-0.239547,0.7500,0.6722,0.2583,2,ok
0,1688,-3.985472,0.471699,-1.799493,0.004481,0.005414,17.355406,0.204399,0.534474,0.534474,0.000000,,0,0,0,1,1,0,0.006412,-0.213553,0.7500,0.6735,0.2607,2,ok
0,1689,-3.991026,0.452166,-1.774997,0.003566,0.029909,17.375693,0.202894,0.198673,0.384474,0.185801,C-06,0,0,0,1,1,0,0.006815,-0.202995,0.7500,0.6743,0.2638,2,ok
0,1690,-3.996635,0.428620,-1.756756,0.003520,0.048150,17.399897,0.201595,0.003295,0.234474,0.231179,C-06,0,0,0,1,1,0,0.007980,-0.187849,0.7292,0.6519,0.2596,2,ok
0,1691,-4.001359,0.405017,-1.749714,0.003718,0.022090,17.424076,0.200527,-0.012764,0.084474,0.097238,C-06,0,0,0,1,1,0,0.011118,-0.178508,0.7500,0.5560,0.2597,2,ok
0,1692,-4.004931,0.385336,-1.749822,0.004162,0.021982,17.444074,0.199985,-0.008272,-0.008272,0.000000,,0,0,0,1,1,0,0.011071,-0.180726,0.6875,0.5430,0.2617,2,ok
0,1693,-4.009196,0.361742,-1.760962,0.004373,-0.022892,17.468182,0.199605,-0.157790,-0.157790,0.000000,,0,0,0,1,1,0,0.009472,-0.197136,0.6042,0.5346,0.2622,2,ok
0,1694,-4.012953,0.342106,-1.762200,0.004017,-0.024130,17.488171,0.199951,0.156566,-0.007790,-0.164356,C-06,0,0,0,1,1,0,0.002893,-0.209475,0.7708,0.6467,0.2634,2,ok
0,1695,-4.017517,0.318525,-1.752403,0.003537,-0.014333,17.510996,0.200341,0.324267,0.142210,-0.182058,C-06,0,0,0,1,1,0,0.001276,-0.219816,0.7708,0.6080,0.2605,2,ok
0,1696,-4.021323,0.298824,-1.734779,0.002393,-0.030569,17.532344,0.200920,0.583579,0.292210,-0.291370,C-06,0,0,0,1,1,0,-0.001755,-0.225565,0.7500,0.6258,0.2707,2,ok
0,1697,-4.025889,0.275088,-1.701654,0.001085,0.002556,17.556480,0.201868,0.587623,0.442210,-0.145414,C-06,0,0,0,1,1,0,-0.002776,-0.219795,0.7708,0.6296,0.2630,2,ok
0,1698,-4.029583,0.255229,-1.677490,-0.000331,-0.008060,17.576652,0.201920,0.363608,0.363608,0.000000,,0,0,0,1,1,0,-0.002988,-0.196133,0.7708,0.6339,0.2629,2,ok
0,1699,-4.033531,0.231331,-1.646840,-0.001983,0.022590,17.600818,0.201714,0.384998,0.384998,0.000000,,0,0,0,1,1,0,0.001221,-0.188919,0.7292,0.5130,0.2620,2,ok
0,1700,-4.036561,0.207379,-1.620828,-0.002872,0.014353,17.624857,0.201046,0.315084,0.315084,0.000000,,0,0,0,1,1,0,0.002018,-0.166455,0.7083,0.4898,0.2619,2,ok
0,1701,-4.038153,0.187398,-1.608619,-0.003209,0.026562,17.644899,0.200372,-0.169684,0.165084,0.334769,C-06,0,0,0,1,1,0,-0.000043,-0.153466,0.7083,0.5584,0.2620,2,ok
0,1702,-4.039149,0.163414,-1.606537,-0.002702,0.028644,17.668898,0.200023,-0.334460,0.015084,0.349544,C-06,0,0,0,1,1,0,-0.000225,-0.147851,0.7292,0.5539,0.2610,2,ok
0,1703,-4.039908,0.143430,-1.615010,-0.002709,-0.012278,17.688805,0.199952,-0.182532,-0.134916,0.047616,C-06,0,0,0,1,1,0,-0.001715,-0.153095,0.6458,0.5537,0.2683,2,ok
0,1704,-4.040969,0.119454,-1.614395,-0.003101,-0.011663,17.712802,0.200008,0.062034,0.015084,-0.046950,C-06,0,0,0,1,1,0,-0.001048,-0.169016,0.7500,0.5141,0.2586,2,ok
0,1705,-4.041860,0.099469,-1.603944,-0.003560,-0.030803,17.732706,0.200084,0.309312,0.165084,-0.144227,C-06,0,0,0,1,1,0,-0.005090,-0.183175,0.7917,0.5500,0.2696,2,ok
0,1706,-4.042929,0.075475,-1.578601,-0.004629,-0.005460,17.756700,0.200190,0.462504,0.315084,-0.147420,C-06,0,0,0,1,1,0,-0.005996,-0.182887,0.7917,0.5443,0.2583,2,ok
0,1707,-4.043820,0.055475,-1.554846,-0.005520,0.018294,17.776700,0.200177,0.338424,0.338424,0.000000,,0,0,0,1,1,0,-0.008345,-0.166997,0.7708,0.6278,0.2718,2,ok
0,1708,-4.044685,0.031486,-1.528017,-0.006883,0.016750,17.800514,0.199883,0.321289,0.321289,0.000000,,0,0,0,1,1,0,-0.005481,-0.153919,0.7500,0.5653,0.2603,2,ok
0,1709,-4.044383,0.007518,-1.512384,-0.007212,0.032382,17.824483,0.199713,0.181735,0.181735,0.000000,,0,0,0,1,1,0,-0.005010,-0.137692,0.7083,0.5781,0.2672,2,ok
0,1710,-4.043353,-0.012446,-1.509401,-0.006955,0.009291,17.844288,0.199927,0.000935,0.031735,0.030801,C-06,0,0,0,1,1,0,-0.005010,-0.137692,0.7083,0.5781,0.2672,2,ok
0,1711,-4.041929,-0.036401,-1.510099,-0.006790,0.008593,17.868285,0.199985,-0.009947,-0.009947,0.000000,,0,0,0,1,1,0,-0.004974,-0.136809,0.6875,0.5729,0.2619,2,ok
0,1712,-4.040740,-0.056366,-1.512960,-0.006650,0.005732,17.888267,0.200018,-0.044170,-0.044170,0.000000,,0,0,0,1,1,0,-0.007313,-0.139974,0.7083,0.6257,0.2616,2,ok
0,1713,-4.039312,-0.080329,-1.517743,-0.007122,-0.023922,17.912107,0.200070,-0.059066,-0.059066,0.000000,,0,0,0,1,1,0,-0.015089,-0.163843,0.6875,0.7488,0.2713,2,ok
0,1714,-4.038248,-0.100298,-1.512370,-0.007641,-0.018549,17.932098,0.199941,0.336884,0.090934,-0.245950,C-06,0,0,0,1,1,0,-0.011129,-0.174905,0.7292,0.6199,0.2652,2,ok
0,1715,-4.036982,-0.124244,-1.493727,-0.008615,-0.024887,17.955872,0.199699,0.512598,0.240934,-0.271664,C-06,0,0,0,1,1,0,-0.013707,-0.179016,0.7917,0.6681,0.2597,2,ok
0,1716,-4.035927,-0.144164,-1.468659,-0.009604,0.000181,17.975796,0.199266,0.607418,0.390934,-0.216483,C-06,0,0,0,1,1,0,-0.012597,-0.171007,0.7708,0.6494,0.2630,2,ok
0,1717,-4.034660,-0.167991,-1.433181,-0.010899,0.011200,17.999391,0.198442,0.456934,0.456934,0.000000,,0,0,0,1,1,0,-0.012609,-0.159985,0.7708,0.6801,0.2621,2,ok
0,1718,-4.032410,-0.191721,-1.408901,-0.011610,0.035480,18.023217,0.198574,0.295550,0.306934,0.011384,C-06,0,0,0,1,1,0,-0.008963,-0.131842,0.7292,0.6392,0.2614,2,ok
0,1719,-4.029656,-0.211441,-1.398154,-0.011323,0.046227,18.043126,0.199154,0.067804,0.156934,0.089130,C-06,0,0,0,1,1,0,0.003114,-0.131160,0.6875,0.2933,0.2443,2,ok
0,1720,-4.025579,-0.235080,-1.396867,-0.010737,0.023880,18.066806,0.199959,-0.060640,0.006934,0.067574,C-06,0,0,0,1,1,0,-0.006915,-0.128268,0.6875,0.6480,0.2650,2,ok
0,1721,-4.022141,-0.254784,-1.400758,-0.010306,0.019988,18.086804,0.200084,-0.068095,-0.068095,0.000000,,0,0,0,1,1,0,-0.006764,-0.134052,0.6667,0.6490,0.2645,2,ok
0,1722,-4.018015,-0.278453,-1.408182,-0.010035,-0.012014,18.110590,0.200323,-0.099048,-0.099048,0.000000,,0,0,0,1,1,0,-0.008705,-0.148239,0.6667,0.6760,0.2642,2,ok
0,1723,-4.014769,-0.298186,-1.405737,-0.010270,-0.009569,18.130587,0.199913,0.121903,0.050952,-0.070950,C-06,0,0,0,1,1,0,-0.011592,-0.179014,0.6875,0.7206,0.2656,2,ok
0,1724,-4.010894,-0.321832,-1.391335,-0.010566,0.004833,18.153334,0.199444,0.504777,0.200952,-0.303824,C-06,0,0,0,1,1,0,-0.013465,-0.183217,0.7500,0.7576,0.2655,2,ok
0,1725,-4.007665,-0.341474,-1.370227,-0.011277,0.000995,18.174201,0.198680,0.611718,0.350952,-0.260766,C-06,0,0,0,1,1,0,-0.013981,-0.182661,0.7708,0.7735,0.2625,2,ok
0,1726,-4.003790,-0.364912,-1.337348,-0.012073,0.033874,18.197944,0.197305,0.452647,0.452647,0.000000,,0,0,0,1,1,0,-0.015139,-0.173128,0.7708,0.8306,0.2604,2,ok
0,1727,-3.999282,-0.388181,-1.309795,-0.012639,0.036164,18.221297,0.197468,0.375903,0.375903,0.000000,,0,0,0,1,1,0,-0.013898,-0.157867,0.7500,0.8548,0.2658,2,ok
0,1728,-3.994890,-0.407450,-1.289749,-0.012664,0.056210,18.241061,0.197618,0.334425,0.334425,0.000000,,0,0,0,1,1,0,-0.011000,-0.149165,0.7500,0.8457,0.2659,2,ok
0,1729,-3.988706,-0.430462,-1.276262,-0.011901,0.043478,18.264592,0.198607,0.104566,0.184425,0.079858,C-06,0,0,0,1,1,0,0.004846,-0.141534,0.7083,0.3934,0.2357,2,ok
0,1730,-3.982994,-0.449591,-1.273535,-0.011082,0.046205,18.284538,0.199730,-0.192195,0.034425,0.226620,C-06,0,0,0,1,1,0,-0.005756,-0.140488,0.7292,0.7999,0.2641,2,ok
0,1731,-3.975969,-0.472561,-1.280895,-0.009935,0.038845,18.308532,0.200396,-0.211881,-0.115575,0.096305,C-06,0,0,0,1,1,0,-0.004882,-0.146342,0.6875,0.8011,0.2632,2,ok
0,1732,-3.970250,-0.491729,-1.281371,-0.009563,0.010217,18.328252,0.200000,-0.000034,-0.000034,0.000000,,0,0,0,1,1,0,-0.005005,-0.188488,0.6250,0.7976,0.2599,2,ok
0,1733,-3.963400,-0.514703,-1.272497,-0.009270,0.019090,18.352224,0.199532,0.136593,0.136593,0.000000,,0,0,0,1,1,0,-0.004539,-0.200699,0.6667,0.7731,0.2556,2,ok
0,1734,-3.957692,-0.533775,-1.256689,-0.009164,0.006355,18.371873,0.198648,0.376374,0.286593,-0.089781,C-06,0,0,0,1,1,0,-0.006047,-0.206655,0.7500,0.8024,0.2586,2,ok
0,1735,-3.950842,-0.556493,-1.227496,-0.009474,0.035548,18.395599,0.196878,0.526086,0.436593,-0.089492,C-06,0,0,0,1,1,0,-0.003803,-0.209949,0.7708,0.7551,0.2577,2,ok
0,1736,-3.943372,-0.579008,-1.207351,-0.009130,0.055693,18.419318,0.197761,0.276923,0.286593,0.009670,C-06,0,0,0,1,1,0,-0.001145,-0.196960,0.7500,0.7326,0.2578,2,ok
0,1737,-3.936716,-0.597648,-1.192660,-0.009002,0.039367,18.438816,0.197952,0.261078,0.261078,0.000000,,0,0,0,1,1,0,-0.001317,-0.190705,0.7500,0.7352,0.2574,2,ok
0,1738,-3.928228,-0.619892,-1.179240,-0.008374,0.052787,18.462616,0.198437,0.198305,0.198305,0.000000,,0,0,0,1,1,0,0.000726,-0.195655,0.7292,0.6847,0.2599,2,ok
0,1739,-3.920687,-0.638363,-1.175909,-0.007636,0.022135,18.482318,0.199613,-0.091605,0.048305,0.139910,C-06,0,0,0,1,1,0,0.001342,-0.199314,0.7292,0.6641,0.2576,2,ok
0,1740,-3.911457,-0.660542,-1.182104,-0.007005,0.015941,18.506333,0.200426,-0.247932,-0.101695,0.146237,C-06,0,0,0,1,1,0,0.000007,-0.202445,0.6667,0.6879,0.2589,2,ok
0,1741,-3.903871,-0.679045,-1.180032,-0.006586,0.018013,18.526326,0.199856,0.230992,0.048305,-0.182687,C-06,0,0,0,1,1,0,-0.001417,-0.224352,0.6458,0.6523,0.2543,2,ok
0,1742,-3.894729,-0.701182,-1.167719,-0.006818,-0.006065,18.550039,0.199178,0.472143,0.198305,-0.273838,C-06,0,0,0,1,1,0,-0.004016,-0.240293,0.6875,0.6731,0.2538,2,ok
0,1743,-3.887107,-0.719516,-1.151121,-0.007020,0.010532,18.569892,0.197980,0.313217,0.313217,0.000000,,0,0,0,1,1,0,-0.005089,-0.241683,0.7292,0.6581,0.2545,2,ok
0,1744,-3.877861,-0.741299,-1.123661,-0.007537,-0.001344,18.593240,0.196816,0.434408,0.434408,0.000000,,0,0,0,1,1,0,-0.004685,-0.239016,0.7917,0.6440,0.2561,2,ok
0,1745,-3.868095,-0.762785,-1.094196,-0.008028,0.028121,18.616837,0.196743,0.468060,0.468060,0.000000,,0,0,0,1,1,0,-0.003214,-0.225739,0.7708,0.5889,0.2605,2,ok
0,1746,-3.859371,-0.780451,-1.071453,-0.007807,0.050864,18.636538,0.197115,0.436556,0.436556,0.000000,,0,0,0,1,1,0,-0.002623,-0.213972,0.7500,0.5909,0.2650,2,ok
0,1747,-3.848338,-0.801340,-1.040175,-0.007777,0.040899,18.659848,0.196914,0.517470,0.517470,0.000000,,0,0,0,1,1,0,-0.002517,-0.206662,0.7708,0.5848,0.2646,2,ok
0,1748,-3.838482,-0.818491,-1.021125,-0.007110,0.059949,18.679617,0.197964,0.288303,0.367470,0.079167,C-06,0,0,0,1,1,0,0.008619,-0.191304,0.7083,0.2490,0.2470,2,ok
0,1749,-3.826175,-0.838810,-0.998040,-0.006208,0.041661,18.703054,0.198079,0.390841,0.390841,0.000000,,0,0,0,1,1,0,-0.000618,-0.177155,0.7083,0.5750,0.2647,2,ok
0,1750,-3.815450,-0.855548,-0.985678,-0.005512,0.054023,18.722921,0.198902,-0.048991,0.240841,0.289832,C-06,0,0,0,1,1,0,-0.000383,-0.157185,0.6875,0.5976,0.2649,2,ok
0,1751,-3.802229,-0.875514,-0.979874,-0.004315,0.059827,18.746837,0.199602,-0.324772,0.090841,0.415613,C-06,0,0,0,1,1,0,0.000177,-0.151194,0.7083,0.6046,0.2656,2,ok
0,1752,-3.791087,-0.892133,-0.982226,-0.003898,0.018486,18.766675,0.200231,-0.229194,-0.059159,0.170036,C-06,0,0,0,1,1,0,-0.000292,-0.163395,0.6250,0.6051,0.2665,2,ok
0,1753,-3.777762,-0.912072,-0.978283,-0.003543,0.022428,18.790653,0.199672,0.075860,0.075860,0.000000,,0,0,0,1,1,0,-0.003357,-0.166823,0.7083,0.6652,0.2653,2,ok
0,1754,-3.764354,-0.931901,-0.965834,-0.003456,-0.002616,18.814466,0.199114,0.327873,0.225860,-0.102013,C-06,0,0,0,1,1,0,-0.002768,-0.181255,0.7500,0.6295,0.2630,2,ok
0,1755,-3.753040,-0.948275,-0.952124,-0.003583,0.011093,18.834367,0.198991,0.292154,0.292154,0.000000,,0,0,0,1,1,0,-0.003099,-0.183460,0.7500,0.6460,0.2632,2,ok
0,1756,-3.739141,-0.967750,-0.941441,-0.003372,0.021776,18.857908,0.199444,0.181545,0.181545,0.000000,,0,0,0,1,1,0,-0.001820,-0.181818,0.7292,0.6121,0.2596,2,ok
0,1757,-3.727391,-0.983861,-0.931624,-0.003627,-0.003243,18.878126,0.199431,0.210744,0.210744,0.000000,,0,0,0,1,1,0,0.000115,-0.184842,0.7292,0.5553,0.2573,2,ok
0,1758,-3.713055,-1.003019,-0.916809,-0.003626,0.011572,18.902054,0.199428,0.269146,0.269146,0.000000,,0,0,0,1,1,0,0.008542,-0.189846,0.7083,0.2672,0.2435,2,ok
0,1759,-3.700879,-1.018852,-0.910738,-0.003692,-0.014558,18.921909,0.199778,-0.141622,0.119146,0.260768,C-06,0,0,0,1,1,0,-0.001208,-0.188381,0.7083,0.5716,0.2608,2,ok
0,1760,-3.686165,-1.037817,-0.912030,-0.004064,-0.015850,18.945911,0.200058,-0.237621,-0.030854,0.206766,C-06,0,0,0,1,1,0,-0.003281,-0.186748,0.6667,0.6109,0.2618,2,ok
0,1761,-3.673911,-1.053605,-0.907028,-0.004369,-0.010848,18.965893,0.199796,0.218645,0.119146,-0.099499,C-06,0,0,0,1,1,0,-0.002920,-0.195256,0.7083,0.5929,0.2615,2,ok
0,1762,-3.659053,-1.072407,-0.892738,-0.005326,-0.027748,18.989691,0.199696,0.671138,0.269146,-0.401992,C-06,0,0,0,1,1,0,-0.004640,-0.216696,0.6667,0.5809,0.2600,2,ok
0,1763,-3.643836,-1.090933,-0.870444,-0.005838,-0.005454,19.013659,0.199933,0.597471,0.419146,-0.178326,C-06,0,0,0,1,1,0,-0.005594,-0.217522,0.7500,0.5737,0.2596,2,ok
0,1764,-3.630792,-1.106123,-0.849621,-0.006191,-0.015342,19.033524,0.200504,0.465270,0.465270,0.000000,,0,0,0,1,1,0,-0.005748,-0.208433,0.7708,0.5745,0.2635,2,ok
0,1765,-3.614782,-1.124088,-0.831667,-0.006368,0.002611,19.057587,0.200693,0.256756,0.315270,0.058514,C-06,0,0,0,1,1,0,-0.008386,-0.195320,0.7917,0.6693,0.2656,2,ok
0,1766,-3.601180,-1.138854,-0.813676,-0.006316,-0.009598,19.077465,0.200683,0.388327,0.388327,0.000000,,0,0,0,1,1,0,-0.005610,-0.181483,0.7083,0.5896,0.2656,2,ok
0,1767,-3.584493,-1.156171,-0.789905,-0.006318,0.014172,19.101513,0.200137,0.416537,0.416537,0.000000,,0,0,0,1,1,0,-0.006015,-0.177380,0.7292,0.6040,0.2624,2,ok
0,1768,-3.570298,-1.170243,-0.770673,-0.005863,0.033404,19.121495,0.199679,0.397693,0.397693,0.000000,,0,0,0,1,1,0,-0.004877,-0.166050,0.7083,0.6356,0.2655,2,ok
0,1769,-3.553006,-1.186831,-0.755984,-0.005450,0.019330,19.145289,0.199574,-0.005833,0.247693,0.253526,C-06,0,0,0,1,1,0,-0.002919,-0.158632,0.7292,0.6269,0.2670,2,ok
0,1770,-3.538439,-1.200510,-0.750822,-0.005033,0.024492,19.165267,0.199798,-0.156995,0.097693,0.254688,C-06,0,0,0,1,1,0,-0.001867,-0.157025,0.6875,0.6245,0.2671,2,ok
0,1771,-3.520896,-1.216900,-0.753204,-0.004725,-0.006949,19.189129,0.200101,-0.310317,-0.052307,0.258010,C-06,0,0,0,1,1,0,-0.001966,-0.160114,0.6667,0.6324,0.2666,2,ok
0,1772,-3.503389,-1.233316,-0.753015,-0.004935,-0.006759,19.213128,0.199986,0.007346,0.007346,0.000000,,0,0,0,1,1,0,-0.001356,-0.184836,0.7083,0.5889,0.2600,2,ok
0,1773,-3.488786,-1.246946,-0.746140,-0.005065,0.000115,19.233103,0.199631,0.329019,0.157346,-0.171673,C-06,0,0,0,1,1,0,-0.002554,-0.190888,0.7708,0.5789,0.2605,2,ok
0,1774,-3.471110,-1.263094,-0.729485,-0.005563,-0.012013,19.256905,0.199475,0.441401,0.307346,-0.134055,C-06,0,0,0,1,1,0,-0.005159,-0.196434,0.7917,0.6295,0.2596,2,ok
0,1775,-3.456118,-1.276277,-0.709247,-0.005629,0.008226,19.276868,0.199781,0.479160,0.457346,-0.021814,C-06,0,0,0,1,1,0,-0.004093,-0.195981,0.7500,0.6021,0.2605,2,ok
0,1776,-3.437730,-1.291718,-0.685980,-0.005520,0.002310,19.300726,0.200306,0.430108,0.430108,0.000000,,0,0,0,1,1,0,-0.004640,-0.190021,0.7292,0.6164,0.2605,2,ok
0,1777,-3.422142,-1.304320,-0.668008,-0.005313,0.020283,19.320770,0.200585,0.391883,0.391883,0.000000,,0,0,0,1,1,0,0.007984,-0.180203,0.7083,0.2800,0.2430,2,ok
0,1778,-3.403146,-1.319134,-0.646871,-0.004743,0.013117,19.344708,0.200897,0.380515,0.380515,0.000000,,0,0,0,1,1,0,-0.003239,-0.171440,0.7083,0.6652,0.2621,2,ok
0,1779,-3.387119,-1.331201,-0.635727,-0.004451,0.024260,19.364768,0.200646,-0.131653,0.230515,0.362169,C-06,0,0,0,1,1,0,-0.000816,-0.164856,0.7083,0.6437,0.2641,2,ok
0,1780,-3.367769,-1.345452,-0.630686,-0.003847,0.029302,19.388792,0.200241,-0.337162,0.080515,0.417677,C-06,0,0,0,1,1,0,0.009209,-0.158425,0.6250,0.3005,0.2451,2,ok
0,1781,-3.348407,-1.359609,-0.634180,-0.003707,-0.003582,19.412661,0.199800,-0.227862,-0.069485,0.158377,C-06,0,0,0,1,1,0,-0.003439,-0.175230,0.6458,0.7256,0.2700,2,ok
0,1782,-3.332280,-1.371458,-0.630892,-0.003802,-0.000294,19.432674,0.200241,0.083921,0.080515,-0.003405,C-06,0,0,0,1,1,0,-0.003613,-0.184412,0.6875,0.7064,0.2660,2,ok
0,1783,-3.312814,-1.385601,-0.618249,-0.003995,-0.017542,19.456633,0.200795,0.292808,0.230515,-0.062293,C-06,0,0,0,1,1,0,-0.003507,-0.191772,0.7292,0.6771,0.2639,2,ok
0,1784,-3.296420,-1.397191,-0.600674,-0.004244,0.000033,19.476709,0.201468,0.487658,0.380515,-0.107142,C-06,0,0,0,1,1,0,-0.006840,-0.192643,0.7500,0.7749,0.2631,2,ok
0,1785,-3.276494,-1.410873,-0.581795,-0.004214,0.018912,19.500880,0.201504,0.321151,0.321151,0.000000,,0,0,0,1,1,0,-0.005954,-0.193320,0.7292,0.7718,0.2661,2,ok
0,1786,-3.259716,-1.421987,-0.569253,-0.004444,0.002336,19.520870,0.201281,0.253011,0.253011,0.000000,,0,0,0,1,1,0,-0.003070,-0.185685,0.6875,0.7312,0.2623,2,ok
0,1787,-3.239391,-1.435097,-0.551873,-0.004490,0.019716,19.545056,0.201649,0.296055,0.296055,0.000000,,0,0,0,1,1,0,0.009037,-0.180135,0.6458,0.3261,0.2407,2,ok
0,1788,-3.222318,-1.445683,-0.544059,-0.004434,-0.002549,19.565012,0.200841,0.053086,0.146055,0.092969,C-06,0,0,0,1,1,0,-0.006975,-0.178923,0.7083,0.8673,0.2657,2,ok
0,1789,-3.201780,-1.458107,-0.543920,-0.004513,-0.002410,19.589016,0.199985,-0.133367,-0.003945,0.129422,C-06,0,0,0,1,1,0,-0.006896,-0.193750,0.6042,0.8891,0.2700,2,ok
0,1790,-3.181278,-1.470527,-0.549901,-0.004607,-0.008391,19.609727,0.199495,-0.106154,-0.106154,0.000000,,0,0,0,1,1,0,-0.007225,-0.206469,0.5625,0.8799,0.2600,2,ok
0,1791,-3.164221,-1.480971,-0.548322,-0.005393,-0.037498,19.632850,0.200125,0.365380,0.043846,-0.321534,C-06,0,0,0,1,1,0,0.019449,-0.242594,0.6042,0.4021,0.2032,2,ok
0,1792,-3.143676,-1.493479,-0.537323,-0.006177,-0.026499,19.656891,0.200908,0.316261,0.193846,-0.122415,C-06,0,0,0,1,1,0,-0.016167,-0.248275,0.6250,1.0136,0.2687,2,ok
0,1793,-3.126415,-1.503791,-0.521053,-0.007138,-0.040935,19.676744,0.201663,0.334889,0.334889,0.000000,,0,0,0,1,1,0,0.010627,-0.261616,0.6250,0.4251,0.2126,2,ok
0,1794,-3.105434,-1.516024,-0.491871,-0.008335,-0.011752,19.701002,0.203427,0.594946,0.484889,-0.110057,C-06,0,0,0,1,1,0,-0.007727,-0.257459,0.6667,0.8089,0.2503,2,ok
0,1795,-3.087699,-1.525946,-0.468825,-0.009079,-0.020958,19.721052,0.203292,0.439305,0.439305,0.000000,,0,0,0,1,1,0,-0.007586,-0.237910,0.7292,0.8103,0.2514,2,ok
0,1796,-3.066152,-1.537342,-0.443054,-0.009979,0.004813,19.745411,0.203185,0.403863,0.403863,0.000000,,0,0,0,1,1,0,-0.004605,-0.240023,0.7292,0.7469,0.2535,2,ok
0,1797,-3.048003,-1.546399,-0.424007,-0.010249,0.023860,19.765692,0.202843,0.351232,0.351232,0.000000,,0,0,0,1,1,0,-0.003331,-0.238673,0.7500,0.7152,0.2537,2,ok
0,1798,-3.026033,-1.556766,-0.404502,-0.010626,0.010455,19.789653,0.202440,0.295950,0.295950,0.000000,,0,0,0,1,1,0,-0.001617,-0.234500,0.7292,0.6814,0.2559,2,ok
0,1799,-3.003885,-1.566707,-0.386155,-0.010734,0.028802,19.813929,0.202316,0.276993,0.276993,0.000000,,0,0,0,1,1,0,0.000214,-0.228155,0.7292,0.6171,0.2568,2,ok
0,1800,-2.985292,-1.574773,-0.368054,-0.010880,0.014072,19.833788,0.202799,0.329340,0.329340,0.000000,,0,0,0,1,1,0,0.001618,-0.236060,0.6458,0.5874,0.2546,2,ok
0,1801,-2.962795,-1.584159,-0.342924,-0.011266,0.039202,19.858162,0.203226,0.374650,0.374650,0.000000,,0,0,0,1,1,0,0.000635,-0.232417,0.7083,0.5882,0.2627,2,ok
0,1802,-2.943869,-1.591706,-0.314107,-0.011264,0.068019,19.878537,0.204499,0.514174,0.514174,0.000000,,0,0,0,1,1,0,0.001969,-0.225825,0.7292,0.5445,0.2607,2,ok
0,1803,-2.920947,-1.600022,-0.287832,-0.011173,0.057411,19.902587,0.203076,0.278150,0.364174,0.086024,C-06,0,0,0,1,1,0,0.001399,-0.205627,0.7708,0.5537,0.2610,2,ok
0,1804,-2.901707,-1.606564,-0.265050,-0.010726,0.080194,19.922904,0.203213,0.386554,0.386554,0.000000,,0,0,0,1,1,0,0.003508,-0.184912,0.7708,0.5048,0.2615,2,ok
0,1805,-2.878487,-1.613540,-0.246529,-0.009851,0.058646,19.946769,0.201937,0.247298,0.247298,0.000000,,0,0,0,1,1,0,0.002727,-0.176509,0.7500,0.5382,0.2641,2,ok
0,1806,-2.859072,-1.618743,-0.238465,-0.008795,0.066710,19.966842,0.200948,0.126995,0.126995,0.000000,,0,0,0,1,1,0,0.004137,-0.163133,0.7292,0.4971,0.2633,2,ok
0,1807,-2.835700,-1.624821,-0.219068,-0.007348,0.086107,19.990947,0.201637,0.331172,0.276995,-0.054177,C-06,0,0,0,1,1,0,0.012443,-0.170368,0.6875,0.2118,0.2486,2,ok
0,1808,-2.812246,-1.630421,-0.209015,-0.006540,0.055382,0.022555,0.200885,-0.069641,0.126995,0.196636,C-06,0,0,0,1,1,0,0.007325,-0.164043,0.7083,0.3583,0.2600,2,ok
0,1809,-2.792682,-1.634619,-0.209680,-0.005466,0.054717,0.042536,0.200012,-0.182618,-0.023005,0.159613,C-06,0,0,0,1,1,0,0.011919,-0.165454,0.6458,0.1912,0.2516,2,ok
0,1810,-2.769234,-1.639620,-0.221038,-0.004787,0.000638,0.066260,0.199557,-0.164077,-0.164077,0.000000,,0,0,0,1,1,0,0.007630,-0.172988,0.6250,0.2932,0.2592,2,ok
0,1811,-2.749726,-1.643968,-0.222638,-0.004831,-0.000962,0.086247,0.199903,0.135503,-0.014077,-0.149579,C-06,0,0,0,1,1,0,0.002945,-0.194171,0.6875,0.3450,0.2630,2,ok
0,1812,-2.726296,-1.649265,-0.213473,-0.004957,0.008203,0.108761,0.200371,0.557840,0.135923,-0.421917,C-06,0,0,0,1,1,0,0.000040,-0.205109,0.7083,0.3610,0.2601,2,ok
0,1813,-2.706718,-1.653682,-0.196590,-0.005944,-0.017454,0.130110,0.201023,0.572750,0.285923,-0.286827,C-06,0,0,0,1,1,0,-0.000788,-0.207844,0.7292,0.2830,0.2616,2,ok
0,1814,-2.683111,-1.658983,-0.164533,-0.007039,0.014603,0.154280,0.202135,0.468316,0.435923,-0.032393,C-06,0,0,0,1,1,0,-0.001223,-0.199353,0.7083,0.2575,0.2663,2,ok
0,1815,-2.663339,-1.663384,-0.136677,-0.008337,0.003676,0.174196,0.202736,0.434536,0.434536,0.000000,,0,0,0,1,1,0,-0.000733,-0.177527,0.7292,0.2293,0.2632,2,ok
0,1816,-2.639509,-1.668271,-0.100190,-0.009943,0.040163,0.198469,0.202548,0.466603,0.466603,0.000000,,0,0,0,1,1,0,-0.001280,-0.157725,0.7500,0.2302,0.2626,2,ok
0,1817,-2.615595,-1.672136,-0.068153,-0.010674,0.038223,0.222321,0.201668,0.393732,0.393732,0.000000,,0,0,0,1,1,0,0.000324,-0.131038,0.7083,0.1840,0.2622,2,ok
0,1818,-2.595631,-1.674327,-0.051006,-0.010827,0.055370,0.242404,0.200746,0.128507,0.243732,0.115225,C-06,0,0,0,1,1,0,0.000531,-0.100912,0.7083,0.2199,0.2669,2,ok
0,1819,-2.571657,-1.675936,-0.042652,-0.009994,0.063724,0.266418,0.200199,-0.091077,0.093732,0.184809,C-06,0,0,0,1,1,0,0.002197,-0.088768,0.6667,0.1805,0.2650,2,ok
0,1820,-2.551671,-1.677161,-0.031020,-0.009607,0.044787,0.286138,0.200274,0.175791,0.175791,0.000000,,0,0,0,1,1,0,0.002810,-0.083093,0.6667,0.1619,0.2685,2,ok
0,1821,-2.527679,-1.678314,-0.022129,-0.009052,0.053678,0.310151,0.200139,0.101582,0.101582,0.000000,,0,0,0,1,1,0,0.004366,-0.079087,0.6667,0.1097,0.2692,2,ok
0,1822,-2.507683,-1.679001,-0.017177,-0.008416,0.032157,0.329945,0.200070,0.068548,0.068548,0.000000,,0,0,0,1,1,0,0.002867,-0.071600,0.7083,0.1488,0.2664,2,ok
0,1823,-2.483685,-1.679750,-0.007947,-0.008031,0.041387,0.353952,0.200090,0.112252,0.112252,0.000000,,0,0,0,1,1,0,0.001786,-0.067763,0.7500,0.1738,0.2684,2,ok
0,1824,-2.463685,-1.680315,0.000189,-0.007652,0.049523,0.373956,0.200061,0.115486,0.115486,0.000000,,0,0,0,1,1,0,0.002484,-0.059937,0.7708,0.1439,0.2690,2,ok
0,1825,-2.439685,-1.680559,0.005420,-0.007228,0.031724,0.397769,0.200002,0.058348,0.058348,0.000000,,0,0,0,1,1,0,0.002547,-0.056165,0.7292,0.1463,0.2709,2,ok
0,1826,-2.415686,-1.680710,0.011924,-0.006833,0.038229,0.421766,0.199989,0.078346,0.078346,0.000000,,0,0,0,1,1,0,0.003521,-0.054439,0.7500,0.1046,0.2658,2,ok
0,1827,-2.395687,-1.680487,0.007711,-0.006348,0.013991,0.441636,0.200009,-0.074761,-0.071654,0.003106,C-06,0,0,0,1,1,0,0.004297,-0.059364,0.7083,0.0902,0.2617,2,ok
0,1828,-2.371688,-1.680192,-0.004960,-0.005961,0.001320,0.465634,0.200013,-0.155764,-0.155764,0.000000,,0,0,0,1,1,0,0.004994,-0.058027,0.7292,0.0538,0.2630,2,ok
0,1829,-2.351688,-1.680259,-0.006320,-0.005952,-0.000040,0.483799,0.199999,0.113932,-0.005764,-0.119696,C-06,0,0,0,1,1,0,0.003498,-0.071070,0.6667,0.0388,0.2650,2,ok
0,1830,-2.327688,-1.680382,0.003203,-0.006429,-0.008112,0.509527,0.200002,0.122728,0.122728,0.000000,,0,0,0,1,1,0,0.003355,-0.080597,0.6458,-0.0218,0.2664,2,ok
0,1831,-2.307689,-1.680485,0.010765,-0.006801,-0.000550,0.529523,0.199992,0.105980,0.105980,0.000000,,0,0,0,1,1,0,-0.001342,-0.070809,0.6875,0.0759,0.2685,2,ok
0,1832,-2.283692,-1.680608,0.021668,-0.007521,-0.004779,0.553402,0.199958,0.131227,0.131227,0.000000,,0,0,0,1,1,0,0.001729,-0.071923,0.7292,-0.0280,0.2665,2,ok
0,1833,-2.263699,-1.680661,0.031612,-0.008152,0.005166,0.573385,0.199904,0.143916,0.143916,0.000000,,0,0,0,1,1,0,0.000832,-0.065161,0.7500,-0.0032,0.2688,2,ok
0,1834,-2.239715,-1.680387,0.041902,-0.008687,0.002917,0.597264,0.199856,0.122770,0.122770,0.000000,,0,0,0,1,1,0,0.000953,-0.056816,0.7083,-0.0204,0.2671,2,ok
0,1835,-2.215740,-1.679707,0.048864,-0.008984,0.009878,0.621247,0.199867,0.082091,0.082091,0.000000,,0,0,0,1,1,0,0.000237,-0.038954,0.7292,-0.0217,0.2691,2,ok
0,1836,-2.195763,-1.678745,0.046997,-0.008837,0.008012,0.639168,0.200020,-0.035870,-0.035870,0.000000,,0,0,0,1,1,0,0.000565,-0.031582,0.7083,-0.0435,0.2681,2,ok
0,1837,-2.171787,-1.677564,0.040578,-0.008950,-0.009134,0.665145,0.200075,-0.080567,-0.080567,0.000000,,0,0,0,1,1,0,0.001324,-0.032864,0.7083,-0.0805,0.2672,2,ok
0,1838,-2.151804,-1.676747,0.044455,-0.009190,-0.005257,0.685142,0.199966,0.115745,0.069433,-0.046312,C-06,0,0,0,1,1,0,0.001286,-0.038203,0.7083,-0.1342,0.2687,2,ok
0,1839,-2.127833,-1.675783,0.053572,-0.009608,-0.004584,0.709074,0.199879,0.113632,0.113632,0.000000,,0,0,0,1,1,0,-0.001030,-0.035690,0.6667,-0.1101,0.2675,2,ok
0,1840,-2.107863,-1.674819,0.056082,-0.009820,-0.002074,0.729066,0.199935,0.030987,0.030987,0.000000,,0,0,0,1,1,0,-0.001547,-0.023573,0.7292,-0.1005,0.2716,2,ok
0,1841,-2.083902,-1.673564,0.058033,-0.010074,-0.007417,0.752977,0.199948,0.023434,0.023434,0.000000,,0,0,0,1,1,0,-0.001045,-0.017432,0.7917,-0.1300,0.2702,2,ok
0,1842,-2.063939,-1.672495,0.063458,-0.010346,-0.001992,0.772967,0.199887,0.085105,0.085105,0.000000,,0,0,0,1,1,0,-0.000336,-0.018415,0.7708,-0.1620,0.2688,2,ok
0,1843,-2.039993,-1.671212,0.071124,-0.010692,0.000684,0.796901,0.199785,0.094996,0.094996,0.000000,,0,0,0,1,1,0,-0.000605,-0.014298,0.7917,-0.1703,0.2702,2,ok
0,1844,-2.016059,-1.669739,0.076221,-0.010925,0.005781,0.820880,0.199833,0.061022,0.061022,0.000000,,0,0,0,1,1,0,0.002131,-0.002112,0.7708,-0.2546,0.2688,2,ok
0,1845,-1.996116,-1.668236,0.074305,-0.010843,0.003865,0.840880,0.200024,-0.035519,-0.035519,0.000000,,0,0,0,1,1,0,0.001143,0.007063,0.7500,-0.2396,0.2692,2,ok
0,1846,-1.972171,-1.666413,0.060155,-0.010863,-0.014111,0.864828,0.200207,-0.255834,-0.185519,0.070315,C-06,0,0,0,1,1,0,0.000558,0.010855,0.7500,-0.2386,0.2676,2,ok
0,1847,-1.952201,-1.664894,0.048611,-0.010889,-0.025654,0.884856,0.200334,-0.167546,-0.167546,0.000000,,0,0,0,1,1,0,-0.000773,0.006294,0.6875,-0.2496,0.2648,2,ok
0,1848,-1.928226,-1.663614,0.045414,-0.011472,-0.031095,0.908850,0.200034,0.083008,-0.017546,-0.100555,C-06,0,0,0,1,1,0,-0.001162,-0.005286,0.7292,-0.2659,0.2640,2,ok
0,1849,-1.908249,-1.662662,0.051213,-0.012076,-0.025296,0.928841,0.199968,0.091441,0.091441,0.000000,,0,0,0,1,1,0,-0.003180,-0.013802,0.7500,-0.2734,0.2615,2,ok
0,1850,-1.884283,-1.661520,0.055000,-0.012803,-0.021796,0.952821,0.199926,0.043381,0.043381,0.000000,,0,0,0,1,1,0,-0.005329,-0.003599,0.8125,-0.2542,0.2602,2,ok
0,1851,-1.864316,-1.660569,0.060454,-0.013411,-0.016342,0.972801,0.199865,0.083402,0.083402,0.000000,,0,0,0,1,1,0,-0.006430,0.001502,0.7917,-0.2343,0.2615,2,ok
0,1852,-1.840368,-1.659428,0.070717,-0.014140,-0.005211,0.996762,0.199734,0.129475,0.129475,0.000000,,0,0,0,1,1,0,-0.007202,0.010014,0.7500,-0.2336,0.2600,2,ok
0,1853,-1.816433,-1.657986,0.076361,-0.014575,0.000432,1.020736,0.199821,0.066044,0.066044,0.000000,,0,0,0,1,1,0,-0.009335,0.034845,0.7708,-0.1645,0.2634,2,ok
0,1854,-1.796489,-1.656475,0.072455,-0.014628,-0.003474,1.040737,0.200059,-0.069847,-0.069847,0.000000,,0,0,0,1,1,0,-0.009507,0.049086,0.7500,-0.1483,0.2639,2,ok
0,1855,-1.772539,-1.654636,0.055481,-0.014545,-0.017464,1.064841,0.200270,-0.318894,-0.219847,0.099047,C-06,0,0,0,1,1,0,-0.010972,0.053853,0.7500,-0.1068,0.2642,2,ok
0,1856,-1.752560,-1.653103,0.033349,-0.014466,-0.039596,1.084879,0.200467,-0.332820,-0.332820,0.000000,,0,0,0,1,1,0,-0.012555,0.050465,0.7083,-0.0870,0.2655,2,ok
0,1857,-1.728568,-1.651583,0.017321,-0.014695,-0.051823,1.108914,0.200282,-0.099112,-0.182820,-0.083708,C-06,0,0,0,1,1,0,-0.012555,0.050465,0.7083,-0.0870,0.2655,2,ok
0,1858,-1.708570,-1.651092,0.014280,-0.015662,-0.054865,1.128894,0.200024,0.124510,-0.032820,-0.157330,C-06,0,0,0,1,1,0,-0.017141,0.016220,0.7500,-0.0497,0.2670,2,ok
0,1859,-1.684574,-1.650703,0.023200,-0.016915,-0.040111,1.153024,0.199974,0.155855,0.117180,-0.038675,C-06,0,0,0,1,1,0,-0.017692,0.010696,0.7917,-0.0416,0.2673,2,ok
0,1860,-1.664581,-1.650384,0.030953,-0.017854,-0.032357,1.172997,0.199932,0.111064,0.111064,0.000000,,0,0,0,1,1,0,-0.017034,0.017332,0.7708,-0.0332,0.2665,2,ok
0,1861,-1.640595,-1.649873,0.036156,-0.018830,-0.020482,1.197042,0.199928,0.059167,0.059167,0.000000,,0,0,0,1,1,0,-0.015724,0.019706,0.7917,-0.0509,0.2663,2,ok
0,1862,-1.616613,-1.649252,0.041423,-0.019624,-0.015215,1.221019,0.199910,0.063928,0.063928,0.000000,,0,0,0,1,1,0,-0.014180,0.033353,0.7500,-0.0245,0.2688,2,ok
0,1863,-1.596629,-1.648442,0.039029,-0.019994,-0.017608,1.240723,0.200018,-0.042682,-0.042682,0.000000,,0,0,0,1,1,0,-0.012403,0.037339,0.7292,-0.0537,0.2656,2,ok
0,1864,-1.572645,-1.647449,0.031340,-0.020176,-0.015264,1.265217,0.200071,-0.096013,-0.096013,0.000000,,0,0,0,1,1,0,-0.011518,0.036268,0.7292,-0.0510,0.2677,2,ok
0,1865,-1.552652,-1.646621,0.024742,-0.020332,-0.021862,1.285226,0.200108,-0.094900,-0.094900,0.000000,,0,0,0,1,1,0,-0.012123,0.031740,0.7292,-0.0325,0.2677,2,ok
0,1866,-1.528659,-1.645903,0.021951,-0.020597,-0.014537,1.309430,0.200030,-0.028978,-0.028978,0.000000,,0,0,0,1,1,0,-0.012123,0.031740,0.7292,-0.0325,0.2677,2,ok
0,1867,-1.508664,-1.645419,0.025113,-0.020898,-0.011375,1.329429,0.199995,0.050650,0.050650,0.000000,,0,0,0,1,1,0,-0.010808,0.018593,0.7500,-0.0564,0.2657,2,ok
0,1868,-1.484672,-1.644812,0.023667,-0.020975,-0.001022,1.353775,0.200008,-0.022361,-0.022361,0.000000,,0,0,0,1,1,0,-0.010880,0.022227,0.7917,-0.0366,0.2674,2,ok
0,1869,-1.464678,-1.644312,0.027044,-0.020930,0.002355,1.373775,0.199990,0.054547,0.054547,0.000000,,0,0,0,1,1,0,-0.010591,0.022093,0.7708,-0.0273,0.2675,2,ok
0,1870,-1.440689,-1.643714,0.034315,-0.020758,0.019455,1.397987,0.199947,0.089479,0.089479,0.000000,,0,0,0,1,1,0,-0.010159,0.023921,0.7500,-0.0205,0.2682,2,ok
0,1871,-1.416704,-1.642976,0.036500,-0.020316,0.021639,1.421979,0.199970,0.021821,0.021821,0.000000,,0,0,0,1,1,0,-0.007378,0.031972,0.7708,-0.0502,0.2662,2,ok
0,1872,-1.396715,-1.642285,0.028332,-0.019785,0.021319,1.442220,0.200037,-0.156683,-0.128179,0.028504,C-06,0,0,0,1,1,0,-0.006638,0.034495,0.7292,-0.0447,0.2671,2,ok
0,1873,-1.372720,-1.641452,0.005926,-0.018952,-0.001088,1.466216,0.200115,-0.441643,-0.278179,0.163464,C-06,0,0,0,1,1,0,-0.006986,0.027989,0.7292,-0.0363,0.2669,2,ok
0,1874,-1.352720,-1.640761,-0.008204,-0.018261,-0.015218,1.484435,0.200106,-0.194179,-0.194179,0.000000,,0,0,0,1,1,0,-0.007558,0.012013,0.7083,-0.0509,0.2662,2,ok
0,1875,-1.328721,-1.640744,-0.012890,-0.018244,-0.015359,1.510214,0.199985,0.118324,-0.044179,-0.162503,C-06,0,0,0,1,1,0,-0.008517,-0.006330,0.6667,-0.0543,0.2649,2,ok
0,1876,-1.308722,-1.640969,-0.006444,-0.018469,-0.008913,1.530213,0.200009,0.122279,0.105821,-0.016458,C-06,0,0,0,1,1,0,-0.010512,-0.014191,0.7500,-0.0389,0.2671,2,ok
0,1877,-1.284722,-1.641254,0.007916,-0.018754,0.007916,1.554213,0.200009,0.173811,0.173811,0.000000,,0,0,0,1,1,0,-0.010545,-0.014089,0.7917,-0.0360,0.2679,2,ok
0,1878,-1.264724,-1.641424,0.015108,-0.018924,0.015108,1.574212,0.199981,0.096159,0.096159,0.000000,,0,0,0,1,1,0,-0.008693,0.001421,0.7917,-0.0446,0.2677,2,ok
0,1879,-1.240728,-1.641401,0.022237,-0.018901,0.022237,1.598207,0.199954,0.084298,0.084298,0.000000,,0,0,0,1,1,0,-0.007969,0.010203,0.7500,-0.0413,0.2665,2,ok
0,1880,-1.216735,-1.640992,0.024931,-0.018492,0.024931,1.622201,0.199974,0.028494,0.028494,0.000000,,0,0,0,1,1,0,-0.006895,0.017220,0.7708,-0.0394,0.2665,2,ok
0,1881,-1.196740,-1.640533,0.017470,-0.018033,0.017470,1.642196,0.200022,-0.155458,-0.121506,0.033952,C-06,0,0,0,1,1,0,-0.007187,0.023300,0.7083,-0.0095,0.2686,2,ok
0,1882,-1.172741,-1.639974,-0.004414,-0.017474,-0.004414,1.666195,0.200053,-0.344354,-0.271506,0.072848,C-06,0,0,0,1,1,0,-0.006149,0.016202,0.7292,-0.0460,0.2669,2,ok
0,1883,-1.152742,-1.639649,-0.013939,-0.017149,-0.013939,1.684635,0.199996,-0.084236,-0.121506,-0.037270,C-06,0,0,0,1,1,0,-0.007442,0.001459,0.6875,-0.0476,0.2657,2,ok
0,1884,-1.128744,-1.639956,-0.012402,-0.017456,-0.012402,1.710192,0.200005,0.132651,0.028494,-0.104157,C-06,0,0,0,1,1,0,-0.007935,-0.013825,0.6875,-0.0581,0.2647,2,ok
0,1885,-1.108745,-1.640245,-0.006092,-0.017745,-0.006092,1.730191,0.200017,0.094784,0.094784,0.000000,,0,0,0,1,1,0,-0.009631,-0.015445,0.7500,-0.0429,0.2661,2,ok
0,1886,-1.084745,-1.640593,0.003149,-0.018093,0.003149,1.754191,0.200020,0.109974,0.109974,0.000000,,0,0,0,1,1,0,-0.009175,-0.009208,0.8125,-0.0443,0.2671,2,ok
0,1887,-1.064745,-1.640801,0.008776,-0.018301,0.008776,1.774190,0.199999,0.077173,0.077173,0.000000,,0,0,0,1,1,0,-0.008907,-0.002116,0.7917,-0.0341,0.2667,2,ok
0,1888,-1.040747,-1.640928,0.015924,-0.018428,0.015924,1.798188,0.199976,0.085255,0.085255,0.000000,,0,0,0,1,1,0,-0.007969,0.003622,0.7500,-0.0425,0.2668,2,ok
0,1889,-1.016751,-1.640749,0.020233,-0.018249,0.020233,1.822184,0.199970,0.048909,0.048909,0.000000,,0,0,0,1,1,0,-0.007201,0.012832,0.7708,-0.0413,0.2673,2,ok
0,1890,-0.996754,-1.640373,0.014692,-0.017873,0.014692,1.842181,0.200016,-0.092159,-0.092159,0.000000,,0,0,0,1,1,0,-0.006619,0.018128,0.7292,-0.0395,0.2666,2,ok
0,1891,-0.972755,-1.639904,-0.004728,-0.017404,-0.004728,1.866180,0.200037,-0.273713,-0.242159,0.031553,C-06,0,0,0,1,1,0,-0.006045,0.013020,0.7292,-0.0478,0.2667,2,ok
0,1892,-0.952756,-1.639682,-0.012080,-0.017182,-0.012080,1.884835,0.199992,-0.031688,-0.092159,-0.060472,C-06,0,0,0,1,1,0,-0.007852,0.002661,0.7083,-0.0386,0.2675,2,ok
0,1893,-0.928757,-1.639955,-0.007788,-0.017455,-0.007788,1.910178,0.200008,0.102623,0.057841,-0.044782,C-06,0,0,0,1,1,0,-0.007566,-0.008365,0.6667,-0.0588,0.2645,2,ok
0,1894,-0.908758,-1.640198,-0.003992,-0.017698,-0.003992,1.930178,0.200013,0.053530,0.053530,0.000000,,0,0,0,1,1,0,-0.008645,-0.013331,0.7500,-0.0511,0.2664,2,ok
0,1895,-0.884758,-1.640491,0.004743,-0.017991,0.004743,1.954178,0.200013,0.106715,0.106715,0.000000,,0,0,0,1,1,0,-0.009066,-0.005767,0.8125,-0.0368,0.2679,2,ok
0,1896,-0.864758,-1.640634,0.009673,-0.018134,0.009673,1.974177,0.199993,0.067634,0.067634,0.000000,,0,0,0,1,1,0,-0.007978,-0.001697,0.7917,-0.0533,0.2670,2,ok
0,1897,-0.840761,-1.640736,0.018898,-0.018236,0.018898,1.998175,0.199968,0.112381,0.112381,0.000000,,0,0,0,1,1,0,-0.008150,0.006052,0.7500,-0.0287,0.2674,2,ok
0,1898,-0.816766,-1.640487,0.023264,-0.017987,0.023264,2.022169,0.199964,0.047826,0.047826,0.000000,,0,0,0,1,1,0,-0.006625,0.016251,0.7708,-0.0370,0.2668,2,ok
0,1899,-0.796770,-1.640046,0.016794,-0.017546,0.016794,2.042165,0.200021,-0.131528,-0.102174,0.029353,C-06,0,0,0,1,1,0,-0.005602,0.020885,0.7292,-0.0488,0.2664,2,ok
0,1900,-0.772771,-1.639506,-0.003670,-0.017006,-0.003670,2.066164,0.200050,-0.341749,-0.252174,0.089574,C-06,0,0,0,1,1,0,-0.005755,0.015856,0.7292,-0.0493,0.2666,2,ok
0,1901,-0.752772,-1.639227,-0.011733,-0.016727,-0.011733,2.085135,0.199997,-0.098567,-0.102174,-0.003608,C-06,0,0,0,1,1,0,-0.007108,0.003655,0.7083,-0.0422,0.2670,2,ok
0,1902,-0.728773,-1.639492,-0.008272,-0.016992,-0.008272,2.110162,0.200007,0.125347,0.047826,-0.077521,C-06,0,0,0,1,1,0,-0.007710,-0.010975,0.6875,-0.0564,0.2649,2,ok
0,1903,-0.708774,-1.639730,-0.000613,-0.017230,-0.000613,2.130162,0.200014,0.113556,0.113556,0.000000,,0,0,0,1,1,0,-0.008720,-0.013655,0.7292,-0.0390,0.2661,2,ok
0,1904,-0.684774,-1.640016,0.008405,-0.017516,0.008405,2.154162,0.200008,0.105989,0.105989,0.000000,,0,0,0,1,1,0,-0.008315,-0.005541,0.7917,-0.0343,0.2676,2,ok
0,1905,-0.664775,-1.640056,0.012648,-0.017556,0.012648,2.174160,0.199985,0.057945,0.057945,0.000000,,0,0,0,1,1,0,-0.007647,0.004204,0.7917,-0.0319,0.2671,2,ok
0,1906,-0.640778,-1.640029,0.019013,-0.017529,0.019013,2.198157,0.199966,0.076846,0.076846,0.000000,,0,0,0,1,1,0,-0.006680,0.007689,0.7500,-0.0443,0.2667,2,ok
0,1907,-0.616783,-1.639716,0.022064,-0.017216,0.022064,2.222152,0.199974,0.034284,0.034284,0.000000,,0,0,0,1,1,0,-0.005419,0.014821,0.7917,-0.0535,0.2664,2,ok
0,1908,-0.596787,-1.639312,0.014984,-0.016812,0.014984,2.242149,0.200019,-0.185156,-0.115716,0.069439,C-06,0,0,0,1,1,0,-0.005209,0.019126,0.7292,-0.0411,0.2683,2,ok
0,1909,-0.572788,-1.638816,-0.006746,-0.016316,-0.006746,2.266148,0.200039,-0.372011,-0.265716,0.106295,C-06,0,0,0,1,1,0,-0.005177,0.015872,0.7292,-0.0461,0.2660,2,ok
0,1910,-0.552789,-1.638563,-0.016795,-0.016063,-0.016795,2.285335,0.199979,-0.090410,-0.115716,-0.025306,C-06,0,0,0,1,1,0,-0.006583,-0.001425,0.7083,-0.0464,0.2664,2,ok
0,1911,-0.528792,-1.638944,-0.014571,-0.016444,-0.014571,2.310143,0.200008,0.134516,0.034284,-0.100233,C-06,0,0,0,1,1,0,-0.008167,-0.015109,0.6667,-0.0444,0.2651,2,ok
0,1912,-0.508794,-1.639286,-0.005914,-0.016786,-0.005914,2.330142,0.200025,0.131084,0.131084,0.000000,,0,0,0,1,1,0,-0.008459,-0.019898,0.7292,-0.0502,0.2669,2,ok
0,1913,-0.484794,-1.639696,0.004309,-0.017196,0.004309,2.354142,0.200028,0.119779,0.119779,0.000000,,0,0,0,1,1,0,-0.008083,-0.010122,0.7917,-0.0474,0.2680,2,ok
0,1914,-0.464794,-1.639841,0.009092,-0.017341,0.009092,2.374141,0.199994,0.063955,0.063955,0.000000,,0,0,0,1,1,0,-0.007732,-0.002048,0.7917,-0.0348,0.2669,2,ok
0,1915,-0.440796,-1.639915,0.015411,-0.017415,0.015411,2.398140,0.199977,0.075683,0.075683,0.000000,,0,0,0,1,1,0,-0.007458,0.006565,0.7500,-0.0247,0.2690,2,ok
0,1916,-0.416800,-1.639700,0.018696,-0.017200,0.018696,2.422136,0.199978,0.036501,0.036501,0.000000,,0,0,0,1,1,0,-0.005833,0.012515,0.7708,-0.0502,0.2662,2,ok
0,1917,-0.396802,-1.639362,0.011645,-0.016862,0.011645,2.442133,0.200015,-0.141968,-0.113499,0.028469,C-06,0,0,0,1,1,0,-0.005624,0.016649,0.7292,-0.0443,0.2656,2,ok
0,1918,-0.372803,-1.638946,-0.009697,-0.016446,-0.009697,2.466133,0.200022,-0.299829,-0.263499,0.036330,C-06,0,0,0,1,1,0,-0.006097,0.011355,0.7083,-0.0336,0.2674,2,ok
0,1919,-0.352805,-1.638753,-0.018522,-0.016253,-0.018522,2.485635,0.199970,-0.041236,-0.113499,-0.072264,C-06,0,0,0,1,1,0,-0.007098,-0.002848,0.7083,-0.0452,0.2678,2,ok
0,1920,-0.328809,-1.639164,-0.016538,-0.016664,-0.016538,2.510127,0.200009,0.138819,0.036501,-0.102318,C-06,0,0,0,1,1,0,-0.008407,-0.017404,0.6667,-0.0424,0.2648,2,ok
0,1921,-0.308810,-1.639546,-0.009820,-0.017046,-0.009820,2.530125,0.200026,0.100645,0.100645,0.000000,,0,0,0,1,1,0,-0.009458,-0.020254,0.7500,-0.0382,0.2661,2,ok
0,1922,-0.284811,-1.640004,-0.001057,-0.017504,-0.001057,2.554125,0.200036,0.103744,0.103744,0.000000,,0,0,0,1,1,0,-0.009471,-0.012508,0.7917,-0.0316,0.2662,2,ok
0,1923,-0.264811,-1.640275,0.004098,-0.017775,0.004098,2.574125,0.200011,0.070203,0.070203,0.000000,,0,0,0,1,1,0,-0.008263,-0.006716,0.7917,-0.0490,0.2672,2,ok
0,1924,-0.240812,-1.640485,0.010583,-0.017985,0.010583,2.598124,0.199993,0.077116,0.077116,0.000000,,0,0,0,1,1,0,-0.008047,-0.000380,0.7500,-0.0375,0.2670,2,ok
0,1925,-0.216814,-1.640444,0.015061,-0.017944,0.015061,2.622122,0.199979,0.052136,0.052136,0.000000,,0,0,0,1,1,0,-0.007530,0.006628,0.7708,-0.0375,0.2669,2,ok
0,1926,-0.196816,-1.640176,0.015774,-0.017676,0.015774,2.642120,0.199996,0.007021,0.007021,0.000000,,0,0,0,1,1,0,-0.007014,0.009122,0.7292,-0.0429,0.2672,2,ok
0,1927,-0.172817,-1.639832,0.004670,-0.017332,0.004670,2.666118,0.200018,-0.159532,-0.142979,0.016553,C-06,0,0,0,1,1,0,-0.006033,0.014281,0.7292,-0.0498,0.2670,2,ok
0,1928,-0.152818,-1.639545,-0.004325,-0.017045,-0.004325,2.685835,0.200019,-0.126404,-0.126404,0.000000,,0,0,0,1,1,0,-0.006960,0.007749,0.6875,-0.0409,0.2668,2,ok
0,1929,-0.128818,-1.639636,-0.003083,-0.017136,-0.003083,2.710118,0.200001,0.116928,0.023596,-0.093332,C-06,0,0,0,1,1,0,-0.007578,-0.002716,0.6875,-0.0438,0.2667,2,ok
0,1930,-0.108818,-1.639706,-0.003103,-0.017206,-0.003103,2.730118,0.200000,-0.002077,-0.002077,0.000000,,0,0,0,1,1,0,-0.008438,-0.005981,0.7500,-0.0339,0.2664,2,ok
0,1931,-0.084818,-1.639788,0.004017,-0.017288,0.004017,2.754118,0.200000,0.090141,0.090141,0.000000,,0,0,0,1,1,0,-0.008164,-0.005232,0.7917,-0.0417,0.2667,2,ok
0,1932,-0.064818,-1.639856,0.009036,-0.017356,0.009036,2.774117,0.199993,0.069779,0.069779,0.000000,,0,0,0,1,1,0,-0.007877,-0.001242,0.7708,-0.0407,0.2663,2,ok
0,1933,-0.040821,-1.639938,0.018235,-0.017438,0.018235,2.798115,0.199969,0.111855,0.111855,0.000000,,0,0,0,1,1,0,-0.007319,0.006368,0.7500,-0.0338,0.2676,2,ok
0,1934,-0.016826,-1.639680,0.022157,-0.017180,0.022157,2.822110,0.199969,0.042152,0.042152,0.000000,,0,0,0,1,1,0,-0.005229,0.014220,0.7708,-0.0570,0.2666,2,ok
0,1935,0.003171,-1.639268,0.015507,-0.016768,0.015507,2.842106,0.200019,-0.143061,-0.107848,0.035213,C-06,0,0,0,1,1,0,-0.005213,0.019225,0.7292,-0.0409,0.2681,2,ok
0,1936,0.027170,-1.638761,-0.005236,-0.016261,-0.005236,2.866105,0.200043,-0.367445,-0.257848,0.109596,C-06,0,0,0,1,1,0,-0.005483,0.016450,0.7292,-0.0357,0.2674,2,ok
0,1937,0.047169,-1.638459,-0.014171,-0.015959,-0.014171,2.886035,0.199993,-0.118367,-0.118367,0.000000,,0,0,0,1,1,0,-0.006601,0.001181,0.7083,-0.0425,0.2672,2,ok
0,1938,0.071166,-1.638772,-0.012373,-0.016272,-0.012373,2.910102,0.200006,0.126061,0.031633,-0.094428,C-06,0,0,0,1,1,0,-0.007377,-0.013644,0.6667,-0.0508,0.2654,2,ok
0,1939,0.091166,-1.639066,-0.004099,-0.016566,-0.004099,2.930101,0.200019,0.126198,0.126198,0.000000,,0,0,0,1,1,0,-0.007904,-0.016336,0.7292,-0.0539,0.2676,2,ok
0,1940,0.115166,-1.639418,0.005029,-0.016918,0.005029,2.954101,0.200019,0.106448,0.106448,0.000000,,0,0,0,1,1,0,-0.008002,-0.007493,0.7917,-0.0311,0.2677,2,ok
0,1941,0.135165,-1.639539,0.009593,-0.017039,0.009593,2.974101,0.199992,0.061156,0.061156,0.000000,,0,0,0,1,1,0,-0.007565,0.000549,0.7708,-0.0287,0.2686,2,ok
0,1942,0.159163,-1.639590,0.015730,-0.017090,0.015730,2.998099,0.199976,0.073484,0.073484,0.000000,,0,0,0,1,1,0,-0.006449,0.004690,0.7500,-0.0437,0.2673,2,ok
0,1943,0.183159,-1.639495,0.021658,-0.016995,0.021658,3.022094,0.199959,0.070490,0.070490,0.000000,,0,0,0,1,1,0,-0.006125,0.006487,0.7708,-0.0475,0.2666,2,ok
0,1944,0.203155,-1.639076,0.016936,-0.016576,0.016936,3.042090,0.200019,-0.107060,-0.079510,0.027549,C-06,0,0,0,1,1,0,-0.005046,0.019468,0.7292,-0.0431,0.2666,2,ok
0,1945,0.227154,-1.638548,-0.001498,-0.016048,-0.001498,3.066089,0.200048,-0.326769,-0.229510,0.097258,C-06,0,0,0,1,1,0,-0.004861,0.015334,0.7083,-0.0407,0.2666,2,ok
0,1946,0.247153,-1.638108,-0.016139,-0.015608,-0.016139,3.086088,0.200025,-0.206650,-0.206650,0.000000,,0,0,0,1,1,0,-0.006090,0.005180,0.7083,-0.0399,0.2660,2,ok
0,1947,0.271148,-1.638245,-0.021742,-0.015745,-0.021742,3.110084,0.199963,0.120278,-0.056650,-0.176928,C-06,0,0,0,1,1,0,-0.006502,-0.004689,0.7083,-0.0512,0.2680,2,ok
0,1948,0.291145,-1.638659,-0.016075,-0.016159,-0.016075,3.130080,0.200019,0.133566,0.093350,-0.040217,C-06,0,0,0,1,1,0,-0.008959,-0.021977,0.7500,-0.0420,0.2675,2,ok
0,1949,0.315143,-1.639174,-0.003413,-0.016674,-0.003413,3.154079,0.200045,0.153848,0.153848,0.000000,,0,0,0,1,1,0,-0.008866,-0.018947,0.8125,-0.0389,0.2679,2,ok
0,1950,0.335143,-1.639466,0.001531,-0.016966,0.001531,3.174079,0.200015,0.063569,0.063569,0.000000,,0,0,0,1,1,0,-0.008866,-0.018947,0.8125,-0.0389,0.2679,2,ok
0,1951,0.359143,-1.639713,0.007546,-0.017213,0.007546,3.198078,0.200001,0.071480,0.071480,0.000000,,0,0,0,1,1,0,-0.007680,-0.001274,0.7500,-0.0365,0.2678,2,ok
0,1952,0.383142,-1.639618,0.009409,-0.017118,0.009409,3.222077,0.199994,0.018528,0.018528,0.000000,,0,0,0,1,1,0,-0.007114,0.006794,0.7500,-0.0334,0.2682,2,ok
0,1953,0.403141,-1.639485,0.005929,-0.016985,0.005929,3.242077,0.200001,-0.055107,-0.055107,0.000000,,0,0,0,1,1,0,-0.007576,0.008061,0.7083,-0.0128,0.2688,2,ok
0,1954,0.427141,-1.639323,-0.004268,-0.016823,-0.004268,3.266077,0.200003,-0.124729,-0.124729,0.000000,,0,0,0,1,1,0,-0.006583,0.005911,0.7292,-0.0449,0.2675,2,ok
0,1955,0.447141,-1.639405,-0.004668,-0.016905,-0.004668,3.286076,0.200000,0.003330,0.003330,0.000000,,0,0,0,1,1,0,-0.007194,0.003411,0.7083,-0.0395,0.2672,2,ok
0,1956,0.471141,-1.639522,0.002443,-0.017022,0.002443,3.310076,0.200002,0.089555,0.089555,0.000000,,0,0,0,1,1,0,-0.007785,-0.006107,0.6875,-0.0427,0.2665,2,ok
0,1957,0.491141,-1.639475,0.002683,-0.016975,0.002683,3.330076,0.200000,-0.004153,-0.004153,0.000000,,0,0,0,1,1,0,-0.007503,-0.001930,0.7500,-0.0433,0.2667,2,ok
0,1958,0.515141,-1.639405,0.004245,-0.016905,0.004245,3.354076,0.199999,0.019837,0.019837,0.000000,,0,0,0,1,1,0,-0.007503,-0.001930,0.7500,-0.0433,0.2667,2,ok
0,1959,0.535140,-1.639346,0.008176,-0.016846,0.008176,3.374076,0.199995,0.058993,0.058993,0.000000,,0,0,0,1,1,0,-0.007157,0.000658,0.7708,-0.0371,0.2669,2,ok
0,1960,0.559139,-1.639275,0.012999,-0.016775,0.012999,3.398074,0.199985,0.057084,0.057084,0.000000,,0,0,0,1,1,0,-0.007401,0.005220,0.7500,-0.0212,0.2679,2,ok
0,1961,0.583136,-1.639197,0.018483,-0.016697,0.018483,3.422071,0.199969,0.065750,0.065750,0.000000,,0,0,0,1,1,0,-0.005848,0.012089,0.7708,-0.0380,0.2666,2,ok
0,1962,0.603133,-1.638845,0.013533,-0.016345,0.013533,3.442069,0.200016,-0.133984,-0.084250,0.049733,C-06,0,0,0,1,1,0,-0.005143,0.017153,0.7292,-0.0435,0.2660,2,ok
0,1963,0.627133,-1.638396,-0.005436,-0.015896,-0.005436,3.466068,0.200033,-0.334681,-0.234250,0.100430,C-06,0,0,0,1,1,0,-0.005042,0.011689,0.7292,-0.0413,0.2677,2,ok
0,1964,0.647131,-1.638077,-0.014935,-0.015577,-0.014935,3.486067,0.199994,-0.126463,-0.126463,0.000000,,0,0,0,1,1,0,-0.006403,-0.000767,0.6875,-0.0383,0.2673,2,ok
0,1965,0.671129,-1.638407,-0.013813,-0.015907,-0.013813,3.510064,0.200005,0.124256,0.023537,-0.100719,C-06,0,0,0,1,1,0,-0.006491,-0.013734,0.6667,-0.0594,0.2641,2,ok
0,1966,0.691128,-1.638718,-0.008467,-0.016218,-0.008467,3.530063,0.200016,0.079738,0.079738,0.000000,,0,0,0,1,1,0,-0.007730,-0.016070,0.7500,-0.0504,0.2673,2,ok
0,1967,0.715127,-1.639091,0.000359,-0.016591,0.000359,3.554063,0.200024,0.105915,0.105915,0.000000,,0,0,0,1,1,0,-0.007894,-0.013862,0.7917,-0.0397,0.2668,2,ok
0,1968,0.735127,-1.639352,0.005910,-0.016852,0.005910,3.574063,0.200008,0.076821,0.076821,0.000000,,0,0,0,1,1,0,-0.007417,-0.004886,0.7917,-0.0421,0.2666,2,ok
0,1969,0.759126,-1.639576,0.014126,-0.017076,0.014126,3.598061,0.199986,0.098646,0.098646,0.000000,,0,0,0,1,1,0,-0.006918,0.002463,0.7500,-0.0377,0.2682,2,ok
0,1970,0.783123,-1.639419,0.018017,-0.016919,0.018017,3.622058,0.199976,0.042562,0.042562,0.000000,,0,0,0,1,1,0,-0.006063,0.012713,0.7708,-0.0380,0.2673,2,ok
0,1971,0.803120,-1.639092,0.011891,-0.016592,0.011891,3.642056,0.200014,-0.100833,-0.100833,0.000000,,0,0,0,1,1,0,-0.005286,0.012871,0.7083,-0.0437,0.2656,2,ok
0,1972,0.827120,-1.638685,-0.008276,-0.016185,-0.008276,3.666055,0.200023,-0.300397,-0.250833,0.049563,C-06,0,0,0,1,1,0,-0.005321,0.009411,0.7083,-0.0467,0.2653,2,ok
0,1973,0.847118,-1.638505,-0.016220,-0.016005,-0.016220,3.686054,0.199978,-0.072051,-0.100833,-0.028782,C-06,0,0,0,1,1,0,-0.007313,-0.000151,0.6667,-0.0338,0.2680,2,ok
0,1974,0.871115,-1.638871,-0.012869,-0.016371,-0.012869,3.710051,0.200010,0.123601,0.049167,-0.074434,C-06,0,0,0,1,1,0,-0.008207,-0.015049,0.6458,-0.0399,0.2652,2,ok
0,1975,0.891114,-1.639200,-0.008794,-0.016700,-0.008794,3.730050,0.200019,0.058641,0.058641,0.000000,,0,0,0,1,1,0,-0.008904,-0.016275,0.7083,-0.0335,0.2655,2,ok
0,1976,0.915114,-1.639595,-0.000875,-0.017095,-0.000875,3.754049,0.200027,0.095755,0.095755,0.000000,,0,0,0,1,1,0,-0.008244,-0.010904,0.7708,-0.0505,0.2678,2,ok
0,1977,0.935114,-1.639841,0.003833,-0.017341,0.003833,3.774049,0.200009,0.064381,0.064381,0.000000,,0,0,0,1,1,0,-0.007640,-0.009415,0.7708,-0.0618,0.2671,2,ok
0,1978,0.959113,-1.640013,0.009770,-0.017513,0.009770,3.798049,0.199994,0.092336,0.092336,0.000000,,0,0,0,1,1,0,-0.007684,-0.002055,0.7292,-0.0430,0.2655,2,ok
0,1979,0.983111,-1.640058,0.015763,-0.017558,0.015763,3.822047,0.199976,0.069838,0.069838,0.000000,,0,0,0,1,1,0,-0.004575,0.005238,0.7500,-0.1236,0.2693,2,ok
0,1980,1.003109,-1.639759,0.014282,-0.017259,0.014282,3.842044,0.200005,-0.028270,-0.028270,0.000000,,0,0,0,1,1,0,-0.003981,0.012448,0.7083,-0.1326,0.2701,2,ok
0,1981,1.027108,-1.639375,0.000172,-0.016875,0.000172,3.866044,0.200025,-0.209243,-0.178270,0.030972,C-06,0,0,0,1,1,0,-0.003009,0.011904,0.6667,-0.1645,0.2708,2,ok
0,1982,1.047107,-1.639056,-0.013076,-0.016556,-0.013076,3.886043,0.200010,-0.188780,-0.188780,0.000000,,0,0,0,1,1,0,-0.002786,0.009272,0.6250,-0.1780,0.2699,2,ok
0,1983,1.071105,-1.639200,-0.017082,-0.016700,-0.017082,3.910040,0.199979,0.090643,-0.038780,-0.129423,C-06,0,0,0,1,1,0,-0.005255,-0.008552,0.6250,-0.1931,0.2710,2,ok
0,1984,1.091102,-1.639506,-0.011289,-0.017006,-0.011289,3.930038,0.200011,0.093535,0.093535,0.000000,,0,0,0,1,1,0,-0.004393,-0.015256,0.7083,-0.2722,0.2643,2,ok
0,1985,1.115102,-1.639884,-0.000892,-0.017384,-0.000892,3.954037,0.200025,0.124447,0.124447,0.000000,,0,0,0,1,1,0,-0.005838,-0.009213,0.7500,-0.2525,0.2647,2,ok
0,1986,1.135102,-1.640197,0.006160,-0.017697,0.006160,3.974037,0.200019,0.097926,0.097926,0.000000,,0,0,0,1,1,0,-0.006557,0.000963,0.7500,-0.2432,0.2651,2,ok
0,1987,1.159100,-1.640521,0.017092,-0.018021,0.017092,3.998036,0.199984,0.131714,0.131714,0.000000,,0,0,0,1,1,0,-0.006625,0.015624,0.7292,-0.2437,0.2625,2,ok
0,1988,1.183095,-1.640386,0.022928,-0.017886,0.022928,4.022031,0.199957,0.065766,0.065766,0.000000,,0,0,0,1,1,0,-0.006298,0.037307,0.7292,-0.2479,0.2658,2,ok
0,1989,1.203091,-1.639942,0.017888,-0.017442,0.017888,4.042026,0.200020,-0.108575,-0.084234,0.024341,C-06,0,0,0,1,1,0,-0.007452,0.047690,0.7083,-0.1957,0.2665,2,ok
0,1990,1.227089,-1.639386,-0.000831,-0.016886,-0.000831,4.066025,0.200054,-0.344868,-0.234234,0.110634,C-06,0,0,0,1,1,0,-0.008047,0.053987,0.7083,-0.1818,0.2654,2,ok
0,1991,1.247088,-1.638923,-0.021118,-0.016423,-0.021118,4.086023,0.200014,-0.293762,-0.293762,0.000000,,0,0,0,1,1,0,-0.011263,0.048823,0.6667,-0.1456,0.2646,2,ok
0,1992,1.271078,-1.638855,-0.033971,-0.016355,-0.033971,4.110014,0.199890,0.103845,-0.143762,-0.247607,C-06,0,0,0,1,1,0,-0.013839,0.035180,0.6250,-0.1197,0.2675,2,ok
0,1993,1.291066,-1.639506,-0.034600,-0.017006,-0.034600,4.130002,0.200000,0.001068,0.001068,0.000000,,0,0,0,1,1,0,-0.015548,0.020849,0.7083,-0.1274,0.2671,2,ok
0,1994,1.315055,-1.640338,-0.025420,-0.017838,-0.023362,4.153991,0.200053,0.119690,0.119690,0.000000,,0,0,0,1,1,0,-0.016023,0.021229,0.7500,-0.1191,0.2655,2,ok
0,1995,1.335050,-1.640982,-0.022177,-0.018482,-0.020120,4.173985,0.200045,0.041035,0.041035,0.000000,,0,0,0,1,1,0,-0.015490,0.028537,0.7708,-0.1051,0.2669,2,ok
0,1996,1.359046,-1.641714,-0.012858,-0.019214,-0.006669,4.197981,0.200075,0.116580,0.116580,0.000000,,0,0,0,1,1,0,-0.016273,0.038519,0.7083,-0.0794,0.2654,2,ok
0,1997,1.383045,-1.642327,-0.006237,-0.019827,-0.000048,4.221980,0.200046,0.075710,0.075710,0.000000,,0,0,0,1,1,0,-0.015227,0.048491,0.7292,-0.0490,0.2658,2,ok
0,1998,1.403044,-1.642467,-0.010633,-0.019916,0.003404,4.242185,0.199993,-0.092254,-0.074290,0.017964,C-06,0,0,0,1,1,0,-0.014604,0.059716,0.6875,-0.0315,0.2693,2,ok
0,1999,1.427039,-1.642607,-0.028483,-0.019810,-0.014447,4.266180,0.199927,-0.279547,-0.224290,0.055257,C-06,0,0,0,1,1,0,-0.014556,0.062942,0.7083,-0.0138,0.2678,2,ok
0,2000,1.447026,-1.642725,-0.043643,-0.019721,-0.029607,4.285738,0.199820,-0.219006,-0.219006,0.000000,,0,0,0,1,1,0,-0.015888,0.053639,0.6667,0.0102,0.2644,2,ok
0,2001,1.470999,-1.643485,-0.050160,-0.019980,-0.026723,4.310355,0.199881,0.219563,-0.069006,-0.288569,C-06,0,0,0,1,1,0,-0.017800,0.042319,0.6458,0.0479,0.2701,2,ok
0,2002,1.490971,-1.644218,-0.056425,-0.020301,-0.032989,4.330338,0.199826,-0.093460,-0.093460,0.000000,,0,0,0,1,1,0,-0.017770,0.026799,0.7292,0.0625,0.2674,2,ok
0,2003,1.514935,-1.645541,-0.052669,-0.020750,-0.017839,4.354713,0.200038,0.062590,0.056540,-0.006050,C-06,0,0,0,1,1,0,-0.015236,0.021433,0.7500,-0.0042,0.2627,2,ok
0,2004,1.534909,-1.646668,-0.049659,-0.021093,-0.014829,4.374716,0.200070,0.043076,0.043076,0.000000,,0,0,0,1,1,0,-0.015705,0.021035,0.7500,0.0250,0.2632,2,ok
0,2005,1.558884,-1.648020,-0.040747,-0.021377,0.004687,4.398892,0.200148,0.112638,0.112638,0.000000,,0,0,0,1,1,0,-0.013917,0.022870,0.7500,-0.0006,0.2635,2,ok
0,2006,1.582867,-1.649327,-0.033468,-0.021556,0.011966,4.422910,0.200151,0.086338,0.086338,0.000000,,0,0,0,1,1,0,-0.013307,0.031621,0.6667,0.0432,0.2641,2,ok
0,2007,1.602855,-1.650013,-0.037077,-0.021188,0.018774,4.443120,0.199974,-0.110366,-0.063662,0.046704,C-06,0,0,0,1,1,0,-0.012962,0.036520,0.7083,0.0778,0.2684,2,ok
0,2008,1.626831,-1.650806,-0.053646,-0.020615,0.002205,4.467102,0.199830,-0.299248,-0.213662,0.085586,C-06,0,0,0,1,1,0,-0.012772,0.036937,0.6667,0.1047,0.2697,2,ok
0,2009,1.646796,-1.651481,-0.062948,-0.020111,-0.000424,4.487201,0.199741,-0.132494,-0.132494,0.000000,,0,0,0,1,1,0,-0.011738,0.024365,0.6458,0.0515,0.2704,2,ok
0,2010,1.670749,-1.652957,-0.062349,-0.020069,0.000176,4.511199,0.200011,0.220906,0.017506,-0.203401,C-06,0,0,0,1,1,0,-0.014217,0.011996,0.6875,0.1138,0.2655,2,ok
0,2011,1.690707,-1.654223,-0.066416,-0.020069,-0.003892,4.529718,0.199963,-0.064874,-0.064874,0.000000,,0,0,0,1,1,0,-0.015934,0.009622,0.7708,0.1782,0.2674,2,ok
0,2012,1.714656,-1.655819,-0.063725,-0.019905,0.005061,4.555389,0.200038,0.040488,0.040488,0.000000,,0,0,0,1,1,0,-0.014362,0.008216,0.7917,0.1349,0.2635,2,ok
0,2013,1.734618,-1.657153,-0.060232,-0.019785,0.008554,4.575394,0.200080,0.052406,0.052406,0.000000,,0,0,0,1,1,0,-0.014477,0.007106,0.7708,0.1627,0.2648,2,ok
0,2014,1.758579,-1.658754,-0.053484,-0.019644,0.019509,4.599405,0.200156,0.084712,0.084712,0.000000,,0,0,0,1,1,0,-0.014402,0.009332,0.7708,0.2055,0.2656,2,ok
0,2015,1.782548,-1.660269,-0.048395,-0.019416,0.024598,4.623421,0.200133,0.060388,0.060388,0.000000,,0,0,0,1,1,0,-0.013131,0.006891,0.7083,0.2274,0.2676,2,ok
0,2016,1.802522,-1.661251,-0.052937,-0.018863,0.022962,4.643522,0.199956,-0.077283,-0.077283,0.000000,,0,0,0,1,1,0,-0.012607,0.013330,0.7083,0.2339,0.2661,2,ok
0,2017,1.826479,-1.662410,-0.067293,-0.018144,0.008606,4.667496,0.199790,-0.184294,-0.184294,0.000000,,0,0,0,1,1,0,-0.010706,0.008504,0.6875,0.2282,0.2677,2,ok
0,2018,1.846428,-1.663403,-0.075245,-0.017577,0.001581,4.687457,0.199718,-0.113476,-0.113476,0.000000,,0,0,0,1,1,0,-0.009843,-0.002007,0.6875,0.2122,0.2686,2,ok
0,2019,1.870362,-1.665170,-0.073029,-0.017473,0.003797,4.711455,0.200026,0.101843,0.036524,-0.065319,C-06,0,0,0,1,1,0,-0.012308,-0.023633,0.6667,0.2576,0.2666,2,ok
0,2020,1.890313,-1.666667,-0.067044,-0.017411,0.009782,4.728784,0.200107,0.091634,0.091634,0.000000,,0,0,0,1,1,0,-0.011730,-0.029237,0.7500,0.2624,0.2670,2,ok
0,2021,1.914265,-1.668463,-0.058802,-0.017340,0.017766,4.755478,0.200210,0.101822,0.101822,0.000000,,0,0,0,1,1,0,-0.010413,-0.030526,0.7708,0.2557,0.2662,2,ok
0,2022,1.934235,-1.669961,-0.050234,-0.017280,0.026333,4.775505,0.200303,0.127355,0.127355,0.000000,,0,0,0,1,1,0,-0.007569,-0.029998,0.7708,0.2136,0.2648,2,ok
0,2023,1.958208,-1.671376,-0.045637,-0.016837,0.028660,4.799507,0.200106,0.051435,0.051435,0.000000,,0,0,0,1,1,0,-0.009449,-0.029440,0.7500,0.3049,0.2688,2,ok
0,2024,1.982183,-1.672489,-0.045198,-0.016093,0.029100,4.823497,0.200005,0.002486,0.002486,0.000000,,0,0,0,1,1,0,-0.003990,-0.028652,0.6875,0.1697,0.2564,2,ok
0,2025,2.002159,-1.673403,-0.054128,-0.015545,0.016712,4.843389,0.199922,-0.143550,-0.143550,0.000000,,0,0,0,1,1,0,-0.010907,-0.029928,0.7292,0.4119,0.2707,2,ok
0,2026,2.026114,-1.674499,-0.067227,-0.014931,0.003613,4.867362,0.199765,-0.161518,-0.161518,0.000000,,0,0,0,1,1,0,-0.010296,-0.029787,0.6875,0.3868,0.2703,2,ok
0,2027,2.046068,-1.675789,-0.068820,-0.014828,-0.002950,4.887292,0.199969,0.160097,-0.011518,-0.171616,C-06,0,0,0,1,1,0,-0.013990,-0.050699,0.6667,0.4569,0.2692,2,ok
0,2028,2.070016,-1.677386,-0.062301,-0.014820,0.003569,4.911293,0.200051,0.086011,0.086011,0.000000,,0,0,0,1,1,0,-0.014837,-0.070696,0.6667,0.4857,0.2724,2,ok
0,2029,2.089979,-1.678718,-0.059533,-0.014813,0.006337,4.930729,0.200087,0.037304,0.037304,0.000000,,0,0,0,1,1,0,-0.012463,-0.074085,0.7500,0.4634,0.2653,2,ok
0,2030,2.113944,-1.680315,-0.046879,-0.014957,0.012054,4.955226,0.200218,0.163489,0.163489,0.000000,,0,0,0,1,1,0,-0.012463,-0.074085,0.7500,0.4634,0.2653,2,ok
0,2031,2.133926,-1.681625,-0.038573,-0.015052,0.020361,4.975250,0.200243,0.117039,0.117039,0.000000,,0,0,0,1,1,0,-0.012394,-0.074395,0.7708,0.5232,0.2666,2,ok
0,2032,2.157913,-1.683108,-0.024669,-0.015210,0.025815,4.999167,0.200304,0.171016,0.171016,0.000000,,0,0,0,1,1,0,-0.012831,-0.069882,0.7708,0.5896,0.2684,2,ok
0,2033,2.181909,-1.684309,-0.011870,-0.015139,0.038614,5.023193,0.200180,0.151409,0.151409,0.000000,,0,0,0,1,1,0,-0.010193,-0.075152,0.7083,0.5746,0.2691,2,ok
0,2034,2.201909,-1.685066,-0.001472,-0.014942,0.039088,5.043051,0.200110,0.147239,0.147239,0.000000,,0,0,0,1,1,0,-0.011506,-0.072095,0.7500,0.6683,0.2710,2,ok
0,2035,2.225908,-1.685711,0.011227,-0.014562,0.051787,5.067056,0.200032,0.150157,0.150157,0.000000,,0,0,0,1,1,0,-0.011301,-0.072608,0.7083,0.7056,0.2703,2,ok
0,2036,2.245906,-1.685831,0.018207,-0.013829,0.058766,5.084342,0.199969,0.096326,0.096326,0.000000,,0,0,0,1,1,0,-0.007344,-0.074799,0.6667,0.6641,0.2671,2,ok
0,2037,2.269900,-1.685715,0.024949,-0.013051,0.052985,5.110833,0.199946,0.079852,0.079852,0.000000,,0,0,0,1,1,0,-0.008010,-0.090156,0.6667,0.7077,0.2703,2,ok
0,2038,2.289892,-1.685520,0.031266,-0.012275,0.059302,5.130811,0.199919,0.091785,0.091785,0.000000,,0,0,0,1,1,0,-0.006634,-0.091313,0.7292,0.7438,0.2680,2,ok
0,2039,2.313879,-1.685008,0.036345,-0.011286,0.049608,5.154641,0.199927,0.059536,0.059536,0.000000,,0,0,0,1,1,0,-0.004544,-0.092997,0.7708,0.7474,0.2667,2,ok
0,2040,2.333860,-1.684520,0.049820,-0.010452,0.063082,5.174611,0.199819,0.209642,0.209536,-0.000106,C-06,0,0,0,1,1,0,-0.004942,-0.097212,0.7500,0.7920,0.2671,2,ok
0,2041,2.357822,-1.683877,0.062641,-0.009597,0.058691,5.198376,0.199716,0.152884,0.152884,0.000000,,0,0,0,1,1,0,-0.002972,-0.099555,0.7292,0.8023,0.2681,2,ok
0,2042,2.381763,-1.683039,0.077761,-0.008805,0.073812,5.222318,0.199569,0.188725,0.188725,0.000000,,0,0,0,1,1,0,-0.001692,-0.093721,0.6875,0.8350,0.2662,2,ok
0,2043,2.401691,-1.682160,0.092390,-0.007964,0.088440,5.240172,0.199405,0.221033,0.221033,0.000000,,0,0,0,1,1,0,0.001223,-0.108569,0.7083,0.8071,0.2632,2,ok
0,2044,2.425580,-1.680231,0.098862,-0.006572,0.075613,5.266021,0.199753,0.057009,0.071033,0.014024,C-06,0,0,0,1,1,0,0.006076,-0.111350,0.7292,0.7343,0.2668,2,ok
0,2045,2.445477,-1.678503,0.104227,-0.005260,0.080978,5.285949,0.199704,0.081975,0.081975,0.000000,,0,0,0,1,1,0,0.005970,-0.116491,0.6875,0.7842,0.2630,2,ok
0,2046,2.469326,-1.676367,0.121528,-0.004002,0.074693,5.309751,0.199342,0.313900,0.231975,-0.081924,C-06,0,0,0,1,1,0,0.008178,-0.130786,0.6667,0.7683,0.2631,2,ok
0,2047,2.489150,-1.674587,0.144562,-0.003083,0.097727,5.329634,0.198750,0.368610,0.368610,0.000000,,0,0,0,1,1,0,0.012176,-0.142477,0.7083,0.7102,0.2635,2,ok
0,2048,2.512867,-1.671861,0.161972,-0.001569,0.089784,5.353412,0.198924,0.206083,0.218610,0.012527,C-06,0,0,0,1,1,0,0.015054,-0.134324,0.7292,0.6943,0.2667,2,ok
0,2049,2.532596,-1.668857,0.167105,0.000099,0.094917,5.373298,0.199622,-0.017874,0.068610,0.086484,C-06,0,0,0,1,1,0,0.015054,-0.134324,0.7292,0.6943,0.2667,2,ok
0,2050,2.556271,-1.664876,0.161531,0.002476,0.089343,5.397188,0.200176,-0.094009,-0.081390,0.012619,C-06,0,0,0,1,1,0,0.020395,-0.137122,0.7708,0.6229,0.2668,2,ok
0,2051,2.579952,-1.661014,0.166048,0.004010,0.063397,5.421219,0.199853,0.088132,0.068610,-0.019522,C-06,0,0,0,1,1,0,0.020169,-0.153582,0.7292,0.6352,0.2675,2,ok
0,2052,2.599656,-1.657804,0.179024,0.005226,0.076372,5.441147,0.199432,0.389301,0.218610,-0.170691,C-06,0,0,0,1,1,0,0.030332,-0.176737,0.7083,0.2713,0.2440,2,ok
0,2053,2.623213,-1.653950,0.206083,0.006359,0.070011,5.465155,0.198434,0.531299,0.368610,-0.162689,C-06,0,0,0,1,1,0,0.020745,-0.179946,0.7083,0.5826,0.2630,2,ok
0,2054,2.642759,-1.650427,0.220337,0.007345,0.084265,5.484992,0.198615,0.209197,0.218610,0.009413,C-06,0,0,0,1,1,0,0.019755,-0.173749,0.7083,0.6540,0.2653,2,ok
0,2055,2.666145,-1.645669,0.232803,0.009063,0.096732,5.507677,0.198876,0.167825,0.167825,0.000000,,0,0,0,1,1,0,0.021327,-0.165068,0.6875,0.6138,0.2637,2,ok
0,2056,2.685575,-1.641544,0.246013,0.009719,0.070715,5.529048,0.198495,0.220812,0.220812,0.000000,,0,0,0,1,1,0,0.022446,-0.165491,0.6667,0.5923,0.2615,2,ok
0,2057,2.708778,-1.636421,0.271794,0.010766,0.096496,5.552786,0.197436,0.802526,0.370812,-0.431714,C-06,0,0,0,1,1,0,0.021067,-0.172804,0.6667,0.6433,0.2594,2,ok
0,2058,2.728004,-1.631571,0.285605,0.011859,0.068827,5.573009,0.198368,0.210719,0.220812,0.010093,C-06,0,0,0,1,1,0,0.023881,-0.157378,0.7500,0.5828,0.2615,2,ok
0,2059,2.751011,-1.625004,0.291321,0.013474,0.074543,5.596880,0.199453,-0.081456,0.070812,0.152269,C-06,0,0,0,1,1,0,0.023881,-0.157378,0.7500,0.5828,0.2615,2,ok
0,2060,2.773994,-1.618155,0.292671,0.015218,0.032844,5.621599,0.199879,0.015473,0.015473,0.000000,,0,0,0,1,1,0,0.023962,-0.153083,0.7292,0.6045,0.2632,2,ok
0,2061,2.793123,-1.612389,0.300464,0.015801,0.040638,5.641570,0.199586,0.143849,0.143849,0.000000,,0,0,0,1,1,0,0.026507,-0.166823,0.7500,0.5220,0.2591,2,ok
0,2062,2.815996,-1.605466,0.314999,0.016525,0.055173,5.665457,0.198757,0.212907,0.212907,0.000000,,0,0,0,1,1,0,0.025049,-0.178928,0.7500,0.5516,0.2613,2,ok
0,2063,2.834957,-1.599697,0.333013,0.016654,0.031925,5.686017,0.197683,0.321045,0.321045,0.000000,,0,0,0,1,1,0,0.026314,-0.179995,0.7292,0.5133,0.2655,2,ok
0,2064,2.857587,-1.592237,0.345410,0.016904,0.044322,5.709844,0.198646,0.087583,0.171045,0.083462,C-06,0,0,0,1,1,0,0.025504,-0.175640,0.7292,0.5494,0.2665,2,ok
0,2065,2.876355,-1.585820,0.361113,0.017330,0.060025,5.729455,0.197872,0.288762,0.288762,0.000000,,0,0,0,1,1,0,0.025689,-0.174363,0.6667,0.5336,0.2616,2,ok
0,2066,2.898686,-1.577993,0.389739,0.017150,0.048267,5.753958,0.196644,0.638020,0.438762,-0.199258,C-06,0,0,0,1,1,0,0.027787,-0.179296,0.6875,0.4960,0.2622,2,ok
0,2067,2.917065,-1.571166,0.421400,0.017381,0.079928,5.773563,0.195635,0.649422,0.588762,-0.060659,C-06,0,0,0,1,1,0,0.027551,-0.172461,0.7292,0.5122,0.2639,2,ok
0,2068,2.938818,-1.562018,0.450322,0.018170,0.072813,5.797782,0.196799,-0.127498,0.438762,0.566261,C-06,0,0,0,1,1,0,0.030637,-0.145063,0.8125,0.4895,0.2663,2,ok
0,2069,2.960323,-1.551966,0.469289,0.019541,0.091780,5.821480,0.197937,-0.043871,0.288762,0.332634,C-06,0,0,0,1,1,0,0.032860,-0.126058,0.7917,0.4834,0.2669,2,ok
0,2070,2.978123,-1.543085,0.477115,0.021076,0.065812,5.842000,0.199015,-0.071407,0.138762,0.210170,C-06,0,0,0,1,1,0,0.034192,-0.110147,0.7500,0.5018,0.2671,2,ok
0,2071,2.999441,-1.532071,0.476961,0.022623,0.065658,5.865945,0.200044,-0.262708,-0.011238,0.251470,C-06,0,0,0,1,1,0,0.034902,-0.104554,0.7500,0.5118,0.2669,2,ok
0,2072,3.017239,-1.522889,0.469598,0.023901,0.058295,5.885931,0.200556,-0.154376,-0.154376,0.000000,,0,0,0,1,1,0,0.035011,-0.124116,0.7292,0.5190,0.2656,2,ok
0,2073,3.038724,-1.511891,0.453512,0.024791,0.009460,5.910810,0.201730,-0.261365,-0.261365,0.000000,,0,0,0,1,1,0,0.035527,-0.131354,0.7708,0.5063,0.2643,2,ok
0,2074,3.056790,-1.502823,0.432293,0.025224,-0.011759,5.931019,0.202856,-0.438291,-0.411365,0.026925,C-06,0,0,0,1,1,0,0.030211,-0.170902,0.7083,0.5502,0.2629,2,ok
0,2075,3.078672,-1.492346,0.414666,0.024974,-0.061382,5.956113,0.202124,0.196637,-0.261365,-0.458003,C-06,0,0,0,1,1,0,0.023166,-0.201221,0.6667,0.6296,0.2665,2,ok
0,2076,3.097006,-1.484109,0.407939,0.023876,-0.068110,5.976183,0.200898,0.612028,-0.111365,-0.723394,C-06,0,0,0,1,1,0,0.022580,-0.212814,0.7083,0.6098,0.2651,2,ok
0,2077,3.119030,-1.474576,0.409883,0.022234,-0.066165,5.999971,0.199853,0.283587,0.038635,-0.244952,C-06,0,0,0,1,1,0,0.015017,-0.239700,0.7708,0.6888,0.2646,2,ok
0,2078,3.140989,-1.465012,0.421518,0.019903,-0.085623,6.024647,0.199191,0.197532,0.188635,-0.008897,C-06,0,0,0,1,1,0,0.012514,-0.262287,0.7500,0.6706,0.2608,2,ok
0,2079,3.159169,-1.457001,0.439051,0.018066,-0.068090,6.044429,0.198053,0.517069,0.338635,-0.178435,C-06,0,0,0,1,1,0,0.012165,-0.265166,0.7708,0.6340,0.2591,2,ok
0,2080,3.180739,-1.447280,0.469453,0.015618,-0.068699,6.068508,0.196558,0.562432,0.488635,-0.073797,C-06,0,0,0,1,1,0,0.021320,-0.265894,0.7083,0.2898,0.2403,2,ok
0,2081,3.198477,-1.438667,0.490559,0.013896,-0.047593,6.088152,0.197307,0.397577,0.397577,0.000000,,0,0,0,1,1,0,0.011394,-0.254687,0.7083,0.5968,0.2607,2,ok
0,2082,3.219555,-1.427626,0.506349,0.012414,-0.061897,6.112262,0.198381,0.108924,0.247577,0.138653,C-06,0,0,0,1,1,0,0.013811,-0.242820,0.7292,0.5281,0.2642,2,ok
0,2083,3.237016,-1.418020,0.511884,0.011121,-0.056362,6.132149,0.199369,-0.161854,0.097577,0.259431,C-06,0,0,0,1,1,0,0.010596,-0.231363,0.6875,0.5640,0.2619,2,ok
0,2084,3.257855,-1.406266,0.526606,0.009822,-0.041641,6.156039,0.198805,0.330827,0.247577,-0.083250,C-06,0,0,0,1,1,0,0.009894,-0.242075,0.6458,0.5471,0.2606,2,ok
0,2085,3.275051,-1.396348,0.545978,0.008481,-0.051903,6.176140,0.197783,0.542995,0.397577,-0.145419,C-06,0,0,0,1,1,0,0.010586,-0.252110,0.7083,0.5076,0.2622,2,ok
0,2086,3.295375,-1.384141,0.576019,0.007107,-0.021862,6.199808,0.197530,0.513119,0.513119,0.000000,,0,0,0,1,1,0,0.009936,-0.244692,0.7083,0.5045,0.2636,2,ok
0,2087,3.315356,-1.371213,0.597715,0.006277,-0.029209,6.223783,0.198490,0.280990,0.363119,0.082129,C-06,0,0,0,1,1,0,0.009879,-0.223981,0.7917,0.5057,0.2655,2,ok
0,2088,3.331826,-1.360024,0.608469,0.005666,-0.018455,6.243684,0.199190,0.178361,0.213119,0.034757,C-06,0,0,0,1,1,0,0.009126,-0.209383,0.7708,0.5173,0.2641,2,ok
0,2089,3.351486,-1.346317,0.612664,0.005221,-0.014259,6.267647,0.199770,0.005104,0.063119,0.058015,C-06,0,0,0,1,1,0,0.009796,-0.205608,0.7917,0.4975,0.2664,2,ok
0,2090,3.367808,-1.334813,0.619962,0.004409,-0.035961,6.287746,0.199461,0.158437,0.158437,0.000000,,0,0,0,1,1,0,0.004032,-0.202057,0.7292,0.5991,0.2665,2,ok
0,2091,3.387226,-1.320837,0.636971,0.003645,-0.018952,6.311659,0.199140,0.390331,0.308437,-0.081895,C-06,0,0,0,1,1,0,0.002444,-0.213583,0.7292,0.6065,0.2645,2,ok
0,2092,3.403253,-1.308950,0.644952,0.003019,-0.039593,6.331702,0.199608,-0.079835,0.158437,0.238271,C-06,0,0,0,1,1,0,0.001835,-0.211173,0.7500,0.6038,0.2636,2,ok
0,2093,3.422422,-1.294517,0.645913,0.002077,-0.038632,6.355678,0.199980,-0.142188,0.008437,0.150625,C-06,0,0,0,1,1,0,0.000292,-0.209061,0.6875,0.6411,0.2637,2,ok
0,2094,3.438355,-1.282467,0.652781,0.001335,-0.031764,6.375640,0.199657,0.536303,0.158437,-0.377866,C-06,0,0,0,1,1,0,-0.002878,-0.237148,0.6458,0.6804,0.2617,2,ok
0,2095,3.457302,-1.267820,0.669411,0.000023,-0.044618,6.399591,0.199537,0.507418,0.308437,-0.198981,C-06,0,0,0,1,1,0,-0.004334,-0.240681,0.7083,0.6760,0.2593,2,ok
0,2096,3.475944,-1.252772,0.693831,-0.000785,-0.020198,6.423534,0.199790,0.522341,0.458437,-0.063904,C-06,0,0,0,1,1,0,-0.005002,-0.232520,0.7708,0.6782,0.2585,2,ok
0,2097,3.491211,-1.239850,0.711953,-0.001408,-0.030640,6.443500,0.200206,0.399738,0.399738,0.000000,,0,0,0,1,1,0,-0.006058,-0.219035,0.7708,0.7142,0.2607,2,ok
0,2098,3.509294,-1.223992,0.731781,-0.001938,-0.010812,6.467545,0.200630,0.359931,0.359931,0.000000,,0,0,0,1,1,0,-0.003891,-0.212097,0.8125,0.6859,0.2611,2,ok
0,2099,3.524134,-1.210469,0.754211,-0.002146,-0.017194,6.487555,0.200964,0.492762,0.492762,0.000000,,0,0,0,1,1,0,-0.004867,-0.204088,0.7500,0.7275,0.2614,2,ok
0,2100,3.541513,-1.193835,0.777268,-0.002419,0.005863,6.511610,0.200214,0.397330,0.397330,0.000000,,0,0,0,1,1,0,-0.003367,-0.190994,0.7708,0.7129,0.2633,2,ok
0,2101,3.555684,-1.179718,0.789806,-0.002246,0.018401,6.531612,0.199946,0.238904,0.247330,0.008426,C-06,0,0,0,1,1,0,-0.003838,-0.192092,0.7083,0.7843,0.2616,2,ok
0,2102,3.572524,-1.162625,0.795937,-0.002265,-0.005487,6.555554,0.199941,-0.112022,0.097330,0.209353,C-06,0,0,0,1,1,0,-0.001517,-0.190160,0.7500,0.7475,0.2660,2,ok
0,2103,3.586526,-1.148341,0.793986,-0.002330,-0.007439,6.575556,0.200027,-0.212322,-0.052670,0.159653,C-06,0,0,0,1,1,0,-0.003088,-0.195770,0.6875,0.7981,0.2621,2,ok
0,2104,3.603311,-1.131197,0.799082,-0.002677,-0.031776,6.599473,0.199923,0.266002,0.097330,-0.168672,C-06,0,0,0,1,1,0,0.002834,-0.226335,0.6667,0.6698,0.2516,2,ok
0,2105,3.619935,-1.113932,0.812686,-0.003262,-0.018172,6.623433,0.199607,0.590400,0.247330,-0.343070,C-06,0,0,0,1,1,0,-0.004090,-0.235660,0.7083,0.7877,0.2577,2,ok
0,2106,3.633559,-1.099380,0.830717,-0.003470,-0.000140,6.643366,0.199064,0.541234,0.397330,-0.143904,C-06,0,0,0,1,1,0,0.000243,-0.235226,0.7917,0.6610,0.2525,2,ok
0,2107,3.649540,-1.081584,0.853698,-0.004019,-0.007354,6.667159,0.199596,0.418547,0.418547,0.000000,,0,0,0,1,1,0,0.002274,-0.228448,0.7917,0.6264,0.2584,2,ok
0,2108,3.662542,-1.066405,0.872759,-0.004029,0.011707,6.687145,0.200072,0.424273,0.424273,0.000000,,0,0,0,1,1,0,0.000991,-0.221406,0.7917,0.6742,0.2627,2,ok
0,2109,3.677795,-1.047810,0.900801,-0.003876,0.008248,6.711094,0.200729,0.522284,0.522284,0.000000,,0,0,0,1,1,0,-0.000429,-0.215587,0.7708,0.7342,0.2611,2,ok
0,2110,3.690190,-1.031996,0.923207,-0.003537,0.030653,6.731183,0.201120,0.482240,0.482240,0.000000,,0,0,0,1,1,0,0.016369,-0.215548,0.7292,0.2757,0.2408,2,ok
0,2111,3.704668,-1.012715,0.942472,-0.002759,0.017582,6.755180,0.201022,0.201784,0.332240,0.130456,C-06,0,0,0,1,1,0,0.008433,-0.213571,0.7500,0.5719,0.2585,2,ok
0,2112,3.716455,-0.996478,0.951679,-0.002416,0.026788,6.775241,0.200623,-0.307338,0.182240,0.489578,C-06,0,0,0,1,1,0,0.007867,-0.210478,0.7083,0.6167,0.2586,2,ok
0,2113,3.730385,-0.976912,0.954090,-0.001785,0.029199,6.799250,0.200113,-0.352644,0.032240,0.384884,C-06,0,0,0,1,1,0,0.009419,-0.210741,0.7083,0.5762,0.2645,2,ok
0,2114,3.744272,-0.957320,0.956073,-0.001632,-0.002298,6.823214,0.200125,0.034911,0.034911,0.000000,,0,0,0,1,1,0,0.007316,-0.231340,0.6458,0.5818,0.2551,2,ok
0,2115,3.755806,-0.940937,0.964388,-0.001607,0.006018,6.843250,0.200709,0.446120,0.184911,-0.261210,C-06,0,0,0,1,1,0,0.009359,-0.230853,0.7292,0.5067,0.2486,2,ok
0,2116,3.769479,-0.921092,0.983291,-0.001588,-0.012892,6.867297,0.201507,0.451249,0.334911,-0.116339,C-06,0,0,0,1,1,0,0.004615,-0.237256,0.7917,0.5508,0.2533,2,ok
0,2117,3.780692,-0.904327,1.005677,-0.001772,0.009494,6.887466,0.202436,0.468038,0.468038,0.000000,,0,0,0,1,1,0,0.006468,-0.240255,0.8125,0.4887,0.2594,2,ok
0,2118,3.793842,-0.883891,1.032390,-0.001562,0.036207,6.911767,0.202659,0.446286,0.446286,0.000000,,0,0,0,1,1,0,0.006659,-0.234172,0.8125,0.4866,0.2603,2,ok
0,2119,3.804409,-0.866618,1.052529,-0.001629,0.017166,6.931954,0.202548,0.394856,0.394856,0.000000,,0,0,0,1,1,0,0.004580,-0.213018,0.7292,0.5468,0.2600,2,ok
0,2120,3.816748,-0.845607,1.080931,-0.001400,0.045567,6.956319,0.203309,0.465851,0.465851,0.000000,,0,0,0,1,1,0,0.008213,-0.211590,0.7292,0.4419,0.2590,2,ok
0,2121,3.826508,-0.827878,1.098040,-0.000967,0.021341,6.976505,0.202328,0.222607,0.315851,0.093244,C-06,0,0,0,1,1,0,0.008595,-0.199835,0.7708,0.4334,0.2617,2,ok
0,2122,3.837656,-0.806447,1.109142,-0.000655,0.032443,7.000660,0.201241,-0.293169,0.165851,0.459020,C-06,0,0,0,1,1,0,0.009220,-0.187679,0.7500,0.4291,0.2631,2,ok
0,2123,3.848375,-0.784948,1.110782,0.000068,0.034084,7.024672,0.200118,-0.372479,0.015851,0.388330,C-06,0,0,0,1,1,0,0.006373,-0.188985,0.7083,0.4843,0.2593,2,ok
0,2124,3.857255,-0.767053,1.104306,-0.000129,-0.013470,7.044651,0.199508,-0.192757,-0.134149,0.058608,C-06,0,0,0,1,1,0,0.005922,-0.190796,0.7292,0.4274,0.2664,2,ok
0,2125,3.868048,-0.745619,1.104671,-0.000547,-0.013105,7.068646,0.200061,0.404589,0.015851,-0.388738,C-06,0,0,0,1,1,0,0.004389,-0.210450,0.7708,0.4289,0.2633,2,ok
0,2126,3.877037,-0.727719,1.112732,-0.001199,-0.044447,7.088630,0.200599,0.480649,0.165851,-0.314798,C-06,0,0,0,1,1,0,0.000681,-0.220853,0.7917,0.4648,0.2580,2,ok
0,2127,3.887754,-0.706097,1.132140,-0.002456,-0.025039,7.112730,0.201802,0.442429,0.315851,-0.126578,C-06,0,0,0,1,1,0,0.001469,-0.226982,0.8125,0.3915,0.2621,2,ok
0,2128,3.896531,-0.687940,1.143756,-0.003309,-0.013423,7.132879,0.201660,0.208516,0.208516,0.000000,,0,0,0,1,1,0,-0.000177,-0.222643,0.7917,0.4030,0.2637,2,ok
0,2129,3.906806,-0.665990,1.166367,-0.004744,-0.027912,7.156960,0.202716,0.499033,0.358516,-0.140517,C-06,0,0,0,1,1,0,-0.002446,-0.224179,0.8125,0.4172,0.2625,2,ok
0,2130,3.915298,-0.647505,1.192654,-0.005875,-0.001625,7.177270,0.204195,0.488715,0.488715,0.000000,,0,0,0,1,1,0,-0.002281,-0.218688,0.7708,0.4046,0.2611,2,ok
0,2131,3.924847,-0.625097,1.216150,-0.006934,-0.011771,7.201406,0.202896,0.098510,0.338715,0.240205,C-06,0,0,0,1,1,0,-0.002426,-0.206017,0.7500,0.3931,0.2618,2,ok
0,2132,3.933595,-0.602533,1.229684,-0.007573,0.001763,7.225598,0.201581,-0.085517,0.188715,0.274232,C-06,0,0,0,1,1,0,-0.002182,-0.189190,0.7083,0.3951,0.2632,2,ok
0,2133,3.940690,-0.583632,1.246552,-0.007891,0.018631,7.243527,0.202350,0.305542,0.305542,0.000000,,0,0,0,1,1,0,-0.003801,-0.181265,0.6667,0.4119,0.2624,2,ok
0,2134,3.949138,-0.560772,1.277453,-0.009110,0.018650,7.269840,0.203890,0.653756,0.455542,-0.198213,C-06,0,0,0,1,1,0,-0.005245,-0.174258,0.7083,0.4361,0.2613,2,ok
0,2135,3.955642,-0.541569,1.296862,-0.009505,0.038059,7.290111,0.202517,0.298948,0.305542,0.006594,C-06,0,0,0,1,1,0,-0.003502,-0.159696,0.7292,0.4065,0.2620,2,ok
0,2136,3.962563,-0.518424,1.308715,-0.009544,0.019989,7.314020,0.201218,0.043698,0.155542,0.111844,C-06,0,0,0,1,1,0,-0.002115,-0.141793,0.8333,0.3855,0.2650,2,ok
0,2137,3.967779,-0.499103,1.309765,-0.009200,0.021038,7.334031,0.200042,-0.010230,0.005542,0.015772,C-06,0,0,0,1,1,0,-0.000520,-0.133344,0.8125,0.3541,0.2624,2,ok
0,2138,3.973974,-0.475887,1.320117,-0.008910,0.003006,7.357814,0.200480,0.230664,0.155542,-0.075121,C-06,0,0,0,1,1,0,-0.003897,-0.137515,0.7708,0.4237,0.2649,2,ok
0,2139,3.979135,-0.456471,1.337805,-0.009034,0.020694,7.377903,0.201278,0.409033,0.305542,-0.103491,C-06,0,0,0,1,1,0,-0.003876,-0.126665,0.7708,0.4206,0.2654,2,ok
0,2140,3.985328,-0.433056,1.362144,-0.009155,0.045033,7.402124,0.202309,0.332402,0.332402,0.000000,,0,0,0,1,1,0,-0.003149,-0.135115,0.7292,0.4200,0.2663,2,ok
0,2141,3.990871,-0.409540,1.376418,-0.009238,0.033522,7.426026,0.201246,0.004215,0.182402,0.178187,C-06,0,0,0,1,1,0,-0.003516,-0.124386,0.7500,0.4980,0.2697,2,ok
0,2142,3.994847,-0.389910,1.379194,-0.008727,0.036298,7.446048,0.200207,-0.092690,0.032402,0.125093,C-06,0,0,0,1,1,0,-0.001726,-0.123716,0.7083,0.4655,0.2684,2,ok
0,2143,3.999422,-0.366366,1.371160,-0.008221,0.002649,7.469825,0.199704,-0.324053,-0.117598,0.206456,C-06,0,0,0,1,1,0,-0.001048,-0.128877,0.6667,0.4654,0.2691,2,ok
0,2144,4.003228,-0.346777,1.364571,-0.008030,-0.003941,7.489780,0.199442,-0.105155,-0.105155,0.000000,,0,0,0,1,1,0,-0.003236,-0.147598,0.6875,0.4860,0.2689,2,ok
0,2145,4.008129,-0.323281,1.367140,-0.008130,-0.001372,7.510469,0.200114,0.195726,0.044845,-0.150881,C-06,0,0,0,1,1,0,-0.004733,-0.151301,0.7500,0.5123,0.2681,2,ok
0,2146,4.012233,-0.303673,1.378432,-0.008769,-0.014991,7.533616,0.200530,0.328554,0.194845,-0.133709,C-06,0,0,0,1,1,0,-0.005121,-0.171474,0.8125,0.4525,0.2591,2,ok
0,2147,4.017157,-0.280063,1.403630,-0.009432,0.010207,7.557725,0.201398,0.591966,0.344845,-0.247120,C-06,0,0,0,1,1,0,-0.008585,-0.167960,0.7500,0.5457,0.2644,2,ok
0,2148,4.021261,-0.260296,1.434369,-0.010329,0.017081,7.577649,0.202300,0.548244,0.494845,-0.053398,C-06,0,0,0,1,1,0,-0.008439,-0.155593,0.7708,0.5673,0.2636,2,ok
0,2149,4.025890,-0.236471,1.465889,-0.011278,0.048600,7.601901,0.202109,0.394959,0.394959,0.000000,,0,0,0,1,1,0,-0.005928,-0.143824,0.8125,0.5331,0.2634,2,ok
0,2150,4.029319,-0.212579,1.486193,-0.011248,0.044772,7.625772,0.201026,0.001364,0.244959,0.243595,C-06,0,0,0,1,1,0,-0.005001,-0.118174,0.7500,0.5900,0.2639,2,ok
0,2151,4.031342,-0.192644,1.493282,-0.010689,0.051860,7.645802,0.200321,0.013895,0.094959,0.081063,C-06,0,0,0,1,1,0,-0.003419,-0.112762,0.7292,0.5854,0.2678,2,ok
0,2152,4.033281,-0.168714,1.495107,-0.009533,0.053686,7.669568,0.200057,0.018792,0.018792,0.000000,,0,0,0,1,1,0,-0.002886,-0.109494,0.7292,0.5932,0.2690,2,ok
0,2153,4.034859,-0.148770,1.496483,-0.008993,0.030361,7.689562,0.200061,0.020582,0.020582,0.000000,,0,0,0,1,1,0,-0.000489,-0.117505,0.7292,0.5436,0.2653,2,ok
0,2154,4.036687,-0.124841,1.490938,-0.008277,0.024817,7.713550,0.199946,-0.074185,-0.074185,0.000000,,0,0,0,1,1,0,-0.000799,-0.140244,0.7708,0.5699,0.2675,2,ok
0,2155,4.038284,-0.104902,1.495252,-0.008031,0.004961,7.733346,0.200068,0.087733,0.075815,-0.011918,C-06,0,0,0,1,1,0,-0.003143,-0.157476,0.8333,0.6102,0.2648,2,ok
0,2156,4.040206,-0.080957,1.512679,-0.008015,0.022387,7.757369,0.200294,0.237578,0.225815,-0.011763,C-06,0,0,0,1,1,0,-0.000886,-0.165103,0.7708,0.5539,0.2588,2,ok
0,2157,4.041809,-0.060981,1.531934,-0.008000,0.041643,7.775739,0.200482,0.284916,0.284916,0.000000,,0,0,0,1,1,0,-0.003342,-0.160301,0.7917,0.6272,0.2662,2,ok
0,2158,4.043732,-0.036988,1.565878,-0.008650,0.050151,7.801261,0.200637,0.416251,0.416251,0.000000,,0,0,0,1,1,0,0.000294,-0.151249,0.7917,0.5563,0.2635,2,ok
0,2159,4.044940,-0.012989,1.589164,-0.008545,0.073436,7.825290,0.200116,0.006129,0.266251,0.260122,C-06,0,0,0,1,1,0,0.001528,-0.140874,0.7708,0.6011,0.2664,2,ok
0,2160,4.045009,0.007005,1.598130,-0.007894,0.056349,7.845084,0.199929,-0.168083,0.116251,0.284334,C-06,0,0,0,1,1,0,0.003162,-0.136350,0.7292,0.5831,0.2657,2,ok
0,2161,4.044916,0.030990,1.613515,-0.007034,0.071734,7.869054,0.199825,0.190938,0.190938,0.000000,,0,0,0,1,1,0,0.004328,-0.137165,0.7500,0.5820,0.2662,2,ok
0,2162,4.044543,0.050968,1.623397,-0.006230,0.054030,7.888824,0.199786,0.140537,0.140537,0.000000,,0,0,0,1,1,0,0.001898,-0.137788,0.7083,0.6587,0.2701,2,ok
0,2163,4.043341,0.074933,1.624822,-0.004983,0.055454,7.912788,0.199979,0.009724,0.009724,0.000000,,0,0,0,1,1,0,0.003333,-0.149708,0.7083,0.6359,0.2687,2,ok
0,2164,4.042289,0.094904,1.624398,-0.003894,0.055031,7.932757,0.199990,-0.007049,-0.007049,0.000000,,0,0,0,1,1,0,0.004237,-0.154443,0.7708,0.6398,0.2664,2,ok
0,2165,4.041026,0.118868,1.627311,-0.003137,0.028283,7.956643,0.199959,0.038377,0.038377,0.000000,,0,0,0,1,1,0,0.004055,-0.161135,0.8125,0.6179,0.2597,2,ok
0,2166,4.039973,0.138832,1.634591,-0.002568,0.035562,7.976627,0.199876,0.113718,0.113718,0.000000,,0,0,0,1,1,0,0.002638,-0.169473,0.8333,0.6539,0.2642,2,ok
0,2167,4.038710,0.162769,1.652718,-0.002257,0.020840,8.000519,0.199621,0.232479,0.232479,0.000000,,0,0,0,1,1,0,-0.000059,-0.174182,0.7708,0.7190,0.2659,2,ok
0,2168,4.037447,0.186659,1.680308,-0.002360,0.048430,8.024443,0.199108,0.354884,0.354884,0.000000,,0,0,0,1,1,0,0.001494,-0.169924,0.7917,0.6881,0.2636,2,ok
0,2169,4.035932,0.206522,1.695093,-0.001982,0.063215,8.043550,0.199182,0.215294,0.215294,0.000000,,0,0,0,1,1,0,0.000328,-0.168207,0.7708,0.7726,0.2712,2,ok
0,2170,4.033205,0.230327,1.700885,-0.001521,0.035540,8.068242,0.199707,-0.186634,0.065294,0.251928,C-06,0,0,0,1,1,0,-0.001130,-0.164379,0.7917,0.8290,0.2708,2,ok
0,2171,4.030621,0.250163,1.696037,-0.000803,0.030691,8.088233,0.200120,-0.137614,-0.084706,0.052908,C-06,0,0,0,1,1,0,-0.001133,-0.171555,0.7500,0.8446,0.2703,2,ok
0,2172,4.027503,0.273983,1.690872,-0.000473,-0.009114,8.112233,0.200247,-0.064790,-0.064790,0.000000,,0,0,0,1,1,0,-0.002848,-0.186440,0.7083,0.8656,0.2715,2,ok
0,2173,4.025098,0.293834,1.695669,-0.000708,-0.004317,8.132228,0.199885,0.164940,0.085210,-0.079730,C-06,0,0,0,1,1,0,-0.005362,-0.217920,0.7500,0.9001,0.2642,2,ok
0,2174,4.022229,0.317621,1.713285,-0.001118,-0.021386,8.156150,0.199435,0.463452,0.235210,-0.228241,C-06,0,0,0,1,1,0,-0.006549,-0.226336,0.7917,0.9277,0.2631,2,ok
0,2175,4.019838,0.337384,1.737063,-0.002014,0.002392,8.176037,0.198730,0.698487,0.385210,-0.313277,C-06,0,0,0,1,1,0,-0.006801,-0.222783,0.8125,0.9479,0.2638,2,ok
0,2176,4.016969,0.360971,1.776483,-0.003069,0.041812,8.199774,0.197312,0.600615,0.535210,-0.065404,C-06,0,0,0,1,1,0,-0.006339,-0.220194,0.7917,0.9457,0.2678,2,ok
0,2177,4.013216,0.384388,1.805699,-0.003759,0.037805,8.223378,0.197599,0.302229,0.385210,0.082981,C-06,0,0,0,1,1,0,-0.003452,-0.184083,0.7917,0.9499,0.2650,2,ok
0,2178,4.009339,0.403792,1.825162,-0.003763,0.057268,8.243166,0.197864,0.316405,0.316405,0.000000,,0,0,0,1,1,0,-0.003452,-0.184083,0.7917,0.9499,0.2650,2,ok
0,2179,4.003765,0.426979,1.837853,-0.003049,0.037045,8.266898,0.198792,0.095654,0.166405,0.070751,C-06,0,0,0,1,1,0,-0.001002,-0.179351,0.7292,0.9707,0.2664,2,ok
0,2180,3.998549,0.446263,1.839637,-0.002378,0.038829,8.286864,0.199876,-0.241271,0.016405,0.257676,C-06,0,0,0,1,1,0,0.000081,-0.180240,0.7500,0.9717,0.2657,2,ok
0,2181,3.992175,0.469427,1.830703,-0.001467,0.029895,8.310871,0.200431,-0.210333,-0.133595,0.076738,C-06,0,0,0,1,1,0,-0.003179,-0.191481,0.7500,1.0894,0.2721,2,ok
0,2182,3.987032,0.488757,1.830960,-0.001353,-0.003525,8.330832,0.199960,0.080986,0.016405,-0.064580,C-06,0,0,0,1,1,0,-0.006963,-0.235418,0.7292,1.1444,0.2674,2,ok
0,2183,3.980858,0.511917,1.842099,-0.001335,0.007614,8.354801,0.199466,0.683347,0.166405,-0.516941,C-06,0,0,0,1,1,0,-0.008291,-0.249530,0.7708,1.1786,0.2669,2,ok
0,2184,3.975712,0.531139,1.860012,-0.001521,-0.010148,8.374647,0.198537,0.541173,0.316405,-0.224768,C-06,0,0,0,1,1,0,-0.012155,-0.252348,0.8750,1.2901,0.2751,2,ok
0,2185,3.969537,0.554032,1.891805,-0.002313,0.021645,8.398346,0.196727,0.642193,0.466405,-0.175787,C-06,0,0,0,1,1,0,-0.007870,-0.252015,0.8333,1.2093,0.2633,2,ok
0,2186,3.962920,0.576689,1.921882,-0.002614,0.051721,8.421947,0.196679,0.437553,0.437553,0.000000,,0,0,0,1,1,0,-0.008380,-0.240788,0.8125,1.2670,0.2702,2,ok
0,2187,3.956919,0.595369,1.950917,-0.003010,0.043333,8.441466,0.196030,0.525090,0.525090,0.000000,,0,0,0,1,1,0,-0.001965,-0.228738,0.7708,1.1313,0.2676,2,ok
0,2188,3.948702,0.617539,1.976274,-0.002511,0.068689,8.465105,0.197124,0.318959,0.375090,0.056130,C-06,0,0,0,1,1,0,-0.000534,-0.233565,0.7708,1.1337,0.2671,2,ok
0,2189,3.941161,0.635864,1.989126,-0.001665,0.040927,8.484825,0.198262,-0.259743,0.225090,0.484833,C-06,0,0,0,1,1,0,-0.000402,-0.231781,0.7708,1.1707,0.2682,2,ok
0,2190,3.931541,0.657765,1.994577,-0.000754,0.046378,8.508729,0.199415,-0.557186,0.075090,0.632275,C-06,0,0,0,1,1,0,-0.000668,-0.230279,0.7917,1.1923,0.2634,2,ok
0,2191,3.923330,0.676008,1.991114,0.000189,0.042914,8.528712,0.200226,-0.408251,-0.074910,0.333340,C-06,0,0,0,1,1,0,0.001861,-0.243176,0.7500,1.1513,0.2658,2,ok
0,2192,3.913538,0.697902,1.995318,0.000452,0.004348,8.552707,0.199678,0.905623,0.075090,-0.830533,C-06,0,0,0,1,1,0,-0.004216,-0.282521,0.7083,1.2586,0.2629,2,ok
0,2193,3.905307,0.716082,2.006761,0.000601,0.015791,8.572663,0.199177,0.640463,0.225090,-0.415373,C-06,0,0,0,1,1,0,-0.006499,-0.280814,0.7500,1.3022,0.2609,2,ok
0,2194,3.895396,0.737721,2.030023,0.000537,-0.006461,8.596495,0.197484,0.570525,0.375090,-0.195435,C-06,0,0,0,1,1,0,-0.005178,-0.299432,0.8333,1.2865,0.2562,2,ok
0,2195,3.885275,0.759064,2.062248,0.000064,0.025764,8.620112,0.196477,0.647106,0.525090,-0.122016,C-06,0,0,0,1,1,0,-0.003216,-0.292298,0.8333,1.2391,0.2543,2,ok
0,2196,3.876200,0.776601,2.082033,0.000354,0.045548,8.639855,0.197597,0.374250,0.375090,0.000840,C-06,0,0,0,1,1,0,-0.002389,-0.277670,0.7708,1.2441,0.2579,2,ok
0,2197,3.864798,0.797351,2.113206,0.000384,0.029268,8.663553,0.197010,0.570018,0.525090,-0.044929,C-06,0,0,0,1,1,0,0.001438,-0.269063,0.7708,1.1495,0.2526,2,ok
0,2198,3.854797,0.814344,2.139380,0.000802,0.055443,8.683266,0.197348,0.528072,0.528072,0.000000,,0,0,0,1,1,0,0.003389,-0.282078,0.8125,1.1285,0.2495,2,ok
0,2199,3.842044,0.834416,2.162128,0.001790,0.028373,8.707110,0.198351,0.330004,0.378072,0.048068,C-06,0,0,0,1,1,0,0.005150,-0.279643,0.7708,1.1131,0.2527,2,ok
0,2200,3.830975,0.850954,2.173576,0.002356,0.039821,8.727002,0.199089,0.212752,0.228072,0.015320,C-06,0,0,0,1,1,0,0.010761,-0.274858,0.7917,0.9998,0.2506,2,ok
0,2201,3.817387,0.870687,2.178649,0.003353,0.044893,8.750940,0.199702,-0.017294,0.078072,0.095365,C-06,0,0,0,1,1,0,0.013044,-0.280360,0.7917,0.9608,0.2493,2,ok
0,2202,3.805962,0.887048,2.189003,0.003592,0.003160,8.771076,0.199209,0.390978,0.228072,-0.162906,C-06,0,0,0,1,1,0,0.013428,-0.321344,0.7083,0.9546,0.2488,2,ok
0,2203,3.792012,0.906464,2.209870,0.003830,0.024027,8.794983,0.198974,0.556812,0.378072,-0.178741,C-06,0,0,0,1,1,0,0.014241,-0.328975,0.7292,0.8957,0.2422,2,ok
0,2204,3.777590,0.925524,2.238642,0.004364,-0.000895,8.819113,0.199162,0.777206,0.528072,-0.249135,C-06,0,0,0,1,1,0,0.013415,-0.324754,0.8333,0.8560,0.2483,2,ok
0,2205,3.765054,0.941048,2.267917,0.004615,0.028380,8.839064,0.199782,0.655823,0.655823,0.000000,,0,0,0,1,1,0,0.015134,-0.315222,0.8125,0.8033,0.2463,2,ok
0,2206,3.749392,0.959275,2.295868,0.005650,0.056331,8.863074,0.200667,0.482242,0.505823,0.023581,C-06,0,0,0,1,1,0,0.014857,-0.308926,0.8125,0.8002,0.2476,2,ok
0,2207,3.735929,0.974211,2.323311,0.006252,0.028824,8.883512,0.201243,0.597754,0.597754,0.000000,,0,0,0,1,1,0,0.016582,-0.282834,0.7917,0.7615,0.2557,2,ok
0,2208,3.719257,0.991568,2.354573,0.007263,0.060086,8.907558,0.200097,0.543420,0.543420,0.000000,,0,0,0,1,1,0,0.019709,-0.287961,0.7917,0.6875,0.2510,2,ok
0,2209,3.705024,1.005592,2.374084,0.008650,0.079598,8.927201,0.199608,0.267075,0.393420,0.126345,C-06,0,0,0,1,1,0,0.020018,-0.273394,0.7500,0.6813,0.2587,2,ok
0,2210,3.687688,1.022128,2.388418,0.009334,0.037550,8.951921,0.199539,-0.248931,0.243420,0.492351,C-06,0,0,0,1,1,0,0.021359,-0.270909,0.7292,0.6465,0.2595,2,ok
0,2211,3.673085,1.035769,2.393296,0.010139,0.042427,8.971887,0.199792,-0.385980,0.093420,0.479400,C-06,0,0,0,1,1,0,0.020807,-0.273069,0.7708,0.6262,0.2628,2,ok
0,2212,3.655461,1.051988,2.406381,0.010605,-0.001164,8.996434,0.199503,0.465259,0.243420,-0.221839,C-06,0,0,0,1,1,0,0.023424,-0.283417,0.7292,0.5354,0.2548,2,ok
0,2213,3.637563,1.067902,2.427471,0.010793,0.019925,9.020384,0.199695,0.430068,0.393420,-0.036648,C-06,0,0,0,1,1,0,0.018657,-0.280126,0.7500,0.5651,0.2605,2,ok
0,2214,3.622305,1.080834,2.451613,0.011424,0.044067,9.040374,0.200283,0.562463,0.543420,-0.019042,C-06,0,0,0,1,1,0,0.015284,-0.277630,0.8125,0.5932,0.2616,2,ok
0,2215,3.603559,1.095959,2.483373,0.011391,0.019317,9.065135,0.201095,0.581782,0.581782,0.000000,,0,0,0,1,1,0,0.014761,-0.259725,0.8125,0.5825,0.2624,2,ok
0,2216,3.587590,1.108209,2.507797,0.011822,0.043742,9.085257,0.201481,0.518010,0.518010,0.000000,,0,0,0,1,1,0,0.019101,-0.242509,0.8125,0.4716,0.2597,2,ok
0,2217,3.568098,1.122466,2.529299,0.012263,0.009635,9.110077,0.201347,0.040291,0.368010,0.327719,C-06,0,0,0,1,1,0,0.019341,-0.226422,0.8333,0.4680,0.2590,2,ok
0,2218,3.551666,1.134024,2.540258,0.012417,0.020595,9.130165,0.200881,-0.009063,0.218010,0.227073,C-06,0,0,0,1,1,0,0.018720,-0.223761,0.7917,0.4830,0.2626,2,ok
0,2219,3.531780,1.147688,2.554761,0.012866,0.035097,9.154289,0.201141,0.252530,0.252530,0.000000,,0,0,0,1,1,0,0.019613,-0.224706,0.7708,0.4383,0.2610,2,ok
0,2220,3.515094,1.158808,2.560267,0.012440,-0.011289,9.175054,0.200480,-0.101598,0.102530,0.204128,C-06,0,0,0,1,1,0,0.017552,-0.222943,0.7708,0.4398,0.2599,2,ok
0,2221,3.495048,1.171989,2.558010,0.012040,-0.013546,9.199042,0.199785,-0.292935,-0.047470,0.245465,C-06,0,0,0,1,1,0,0.017578,-0.220850,0.7500,0.4079,0.2581,2,ok
0,2222,3.474987,1.185214,2.563485,0.011017,-0.053832,9.223647,0.200485,0.164199,0.102530,-0.061669,C-06,0,0,0,1,1,0,0.011892,-0.235887,0.7500,0.4308,0.2615,2,ok
0,2223,3.458177,1.196143,2.575242,0.009756,-0.042075,9.243658,0.200970,0.527794,0.252530,-0.275264,C-06,0,0,0,1,1,0,0.009468,-0.238923,0.7500,0.4345,0.2601,2,ok
0,2224,3.437781,1.209094,2.598622,0.008497,-0.018695,9.267390,0.202268,0.435888,0.402530,-0.033358,C-06,0,0,0,1,1,0,0.008372,-0.238075,0.8125,0.4072,0.2580,2,ok
0,2225,3.420573,1.219671,2.615156,0.006943,-0.043591,9.288252,0.202023,0.324126,0.324126,0.000000,,0,0,0,1,1,0,0.007718,-0.230447,0.7917,0.4074,0.2599,2,ok
0,2226,3.399700,1.232047,2.636037,0.005488,-0.022709,9.312475,0.202312,0.343381,0.343381,0.000000,,0,0,0,1,1,0,0.007457,-0.220049,0.8125,0.3977,0.2623,2,ok
0,2227,3.382104,1.242116,2.656882,0.004270,-0.037284,9.332852,0.202938,0.408917,0.408917,0.000000,,0,0,0,1,1,0,0.004034,-0.199812,0.8125,0.4326,0.2652,2,ok
0,2228,3.360722,1.253838,2.683937,0.002944,-0.010230,9.357200,0.203316,0.431876,0.431876,0.000000,,0,0,0,1,1,0,0.004068,-0.191407,0.7708,0.4169,0.2596,2,ok
0,2229,3.342711,1.263043,2.699509,0.002430,0.005342,9.375493,0.202206,0.260328,0.281876,0.021548,C-06,0,0,0,1,1,0,0.003651,-0.177565,0.7500,0.4192,0.2630,2,ok
0,2230,3.320969,1.273515,2.708557,0.001509,-0.015510,9.401618,0.201034,-0.240566,0.131876,0.372442,C-06,0,0,0,1,1,0,0.004076,-0.166509,0.7500,0.4089,0.2654,2,ok
0,2231,3.299184,1.283597,2.708038,0.001031,-0.016028,9.425618,0.199931,-0.355184,-0.018124,0.337060,C-06,0,0,0,1,1,0,0.001582,-0.163846,0.7292,0.4428,0.2665,2,ok
0,2232,3.281068,1.291999,2.699578,0.000191,-0.052193,9.445594,0.199392,-0.215239,-0.168124,0.047115,C-06,0,0,0,1,1,0,0.003586,-0.180160,0.7292,0.3664,0.2623,2,ok
0,2233,3.259387,1.302242,2.697776,-0.001092,-0.053995,9.469539,0.199862,0.439371,-0.018124,-0.457495,C-06,0,0,0,1,1,0,0.000017,-0.195935,0.7500,0.3849,0.2620,2,ok
0,2234,3.241298,1.310829,2.704383,-0.002375,-0.073404,9.489477,0.200483,0.605069,0.131876,-0.473194,C-06,0,0,0,1,1,0,-0.001651,-0.198565,0.8125,0.3958,0.2648,2,ok
0,2235,3.219473,1.321068,2.721842,-0.004172,-0.055945,9.513518,0.201508,0.556281,0.281876,-0.274405,C-06,0,0,0,1,1,0,-0.005819,-0.209112,0.8542,0.4133,0.2627,2,ok
0,2236,3.201156,1.329552,2.734836,-0.005578,-0.042950,9.533655,0.201928,0.235827,0.235827,0.000000,,0,0,0,1,1,0,-0.006618,-0.205116,0.7917,0.3999,0.2643,2,ok
0,2237,3.179020,1.339544,2.755580,-0.007651,-0.046683,9.557697,0.202695,0.320754,0.320754,0.000000,,0,0,0,1,1,0,-0.006514,-0.195857,0.7917,0.3412,0.2591,2,ok
0,2238,3.160432,1.347563,2.771712,-0.009079,-0.030551,9.577890,0.202433,0.287949,0.287949,0.000000,,0,0,0,1,1,0,-0.007093,-0.186025,0.7917,0.3433,0.2605,2,ok
0,2239,3.138011,1.356526,2.781594,-0.010402,-0.043623,9.601812,0.201146,-0.011628,0.137949,0.149577,C-06,0,0,0,1,1,0,-0.008770,-0.176595,0.7708,0.3641,0.2592,2,ok
0,2240,3.115501,1.365322,2.793510,-0.011744,-0.031706,9.625942,0.201486,0.177717,0.177717,0.000000,,0,0,0,1,1,0,-0.008641,-0.175863,0.7292,0.3340,0.2625,2,ok
0,2241,3.096643,1.372483,2.811466,-0.012794,-0.036457,9.645763,0.202214,0.520692,0.327717,-0.192974,C-06,0,0,0,1,1,0,-0.009883,-0.174848,0.7083,0.3362,0.2610,2,ok
0,2242,3.073821,1.381056,2.843872,-0.014456,-0.004051,9.670085,0.204026,0.781894,0.477717,-0.304177,C-06,0,0,0,1,1,0,-0.012034,-0.162241,0.7500,0.3656,0.2630,2,ok
0,2243,3.054601,1.388123,2.880310,-0.015711,0.032387,9.690525,0.205484,0.815843,0.627717,-0.188126,C-06,0,0,0,1,1,0,-0.010223,-0.152757,0.7917,0.3225,0.2665,2,ok
0,2244,3.031310,1.395674,2.915705,-0.016639,0.047408,9.714707,0.203854,0.155943,0.477717,0.321774,C-06,0,0,0,1,1,0,-0.008392,-0.114987,0.8333,0.3244,0.2655,2,ok
0,2245,3.011772,1.401027,2.936697,-0.016524,0.068400,9.734965,0.202424,0.139443,0.327717,0.188275,C-06,0,0,0,1,1,0,-0.007744,-0.100765,0.8125,0.3311,0.2648,2,ok
0,2246,2.988239,1.406474,2.950658,-0.015705,0.061132,9.758744,0.201200,-0.066887,0.177717,0.244604,C-06,0,0,0,1,1,0,-0.003170,-0.062836,0.8125,0.3178,0.2667,2,ok
0,2247,2.968587,1.410632,2.959062,-0.014862,0.069537,9.778813,0.200840,0.130264,0.130264,0.000000,,0,0,0,1,1,0,-0.001792,-0.051645,0.8125,0.3107,0.2674,2,ok
0,2248,2.944975,1.415175,2.963609,-0.013469,0.054295,9.802603,0.200338,0.055118,0.055118,0.000000,,0,0,0,1,1,0,-0.001244,-0.055260,0.7708,0.3211,0.2654,3,ok
0,2249,2.921367,1.419428,2.956905,-0.012113,0.047591,9.826552,0.199769,-0.178998,-0.094882,0.084116,C-06,0,0,0,1,1,0,0.000347,-0.056504,0.7708,0.3080,0.2644,2,ok
0,2250,2.901712,1.423021,2.954717,-0.011035,0.045403,9.846504,0.199815,-0.030316,-0.030316,0.000000,,0,0,0,1,1,0,-0.000903,-0.071374,0.7292,0.3366,0.2658,2,ok
0,2251,2.878114,1.427475,2.962875,-0.010334,0.033923,9.870249,0.200282,0.186744,0.119684,-0.067060,C-06,0,0,0,1,1,0,-0.001205,-0.088690,0.6875,0.3390,0.2672,2,ok
0,2252,2.858414,1.431194,2.973710,-0.009848,0.044758,9.890290,0.200644,0.176920,0.176920,0.000000,,0,0,0,1,1,0,-0.000116,-0.089277,0.7708,0.3229,0.2648,2,ok
0,2253,2.834738,1.435452,2.980080,-0.009252,0.032542,9.914162,0.200445,0.076734,0.076734,0.000000,,0,0,0,1,1,0,0.001428,-0.083661,0.7708,0.2972,0.2640,2,ok
0,2254,2.814985,1.438928,2.989340,-0.008891,0.041801,9.934216,0.200702,0.151588,0.151588,0.000000,,0,0,0,1,1,0,0.001862,-0.079900,0.8125,0.3074,0.2639,2,ok
0,2255,2.791251,1.442824,2.995481,-0.008183,0.047943,9.956207,0.200406,0.075172,0.075172,0.000000,,0,0,0,1,1,0,0.003033,-0.077122,0.8333,0.2886,0.2650,2,ok
0,2256,2.771458,1.445934,2.999860,-0.007836,0.032984,9.978148,0.200355,0.067498,0.067498,0.000000,,0,0,0,1,1,0,0.001807,-0.072995,0.7708,0.3242,0.2660,2,ok
0,2257,2.747682,1.449607,3.009919,-0.007316,0.043043,10.002200,0.200605,0.133820,0.133820,0.000000,,0,0,0,1,1,0,0.000284,-0.077053,0.7917,0.3705,0.2704,2,ok
0,2258,2.723884,1.452898,3.013246,-0.006721,0.027984,10.026094,0.200181,0.037804,0.037804,0.000000,,0,0,0,1,1,0,0.002092,-0.077036,0.7500,0.3369,0.2639,2,ok
0,2259,2.704046,1.455560,3.015464,-0.006237,0.030201,10.046104,0.200159,0.033766,0.033766,0.000000,,0,0,0,1,1,0,0.002958,-0.079850,0.7083,0.3231,0.2637,2,ok
0,2260,2.680224,1.458724,3.024625,-0.005804,0.021627,10.070016,0.200365,0.122821,0.122821,0.000000,,0,0,0,1,1,0,0.000411,-0.086025,0.7292,0.3857,0.2708,2,ok
0,2261,2.660349,1.461361,3.034843,-0.005679,0.031845,10.090064,0.200589,0.158398,0.158398,0.000000,,0,0,0,1,1,0,-0.000264,-0.090950,0.7500,0.3935,0.2698,2,ok
0,2262,2.636476,1.464254,3.042506,-0.005258,0.039508,10.113051,0.200376,0.092070,0.092070,0.000000,,0,0,0,1,1,0,0.001283,-0.088184,0.7708,0.3717,0.2695,2,ok
0,2263,2.616567,1.466562,3.049888,-0.005208,0.028412,10.134050,0.200441,0.112579,0.112579,0.000000,,0,0,0,1,1,0,0.000025,-0.086838,0.8333,0.4362,0.2693,2,ok
0,2264,2.592658,1.469211,3.059893,-0.005002,0.038418,10.158105,0.200457,0.125587,0.125587,0.000000,,0,0,0,1,1,0,0.001203,-0.089203,0.8542,0.4138,0.2683,2,ok
0,2265,2.572721,1.471019,3.063635,-0.004629,0.024463,10.178045,0.200160,0.049622,0.049622,0.000000,,0,0,0,1,1,0,0.002295,-0.086645,0.7708,0.3884,0.2704,2,ok
0,2266,2.548786,1.473115,3.073110,-0.004242,0.033939,10.202069,0.200288,0.121827,0.121827,0.000000,,0,0,0,1,1,0,0.002752,-0.087363,0.7708,0.3747,0.2680,2,ok
0,2267,2.524843,1.474786,3.071655,-0.003608,0.014816,10.225983,0.199980,-0.042013,-0.028173,0.013840,C-06,0,0,0,1,1,0,-0.001781,-0.082595,0.7917,0.5075,0.2684,2,ok
0,2268,2.504895,1.476153,3.066805,-0.003326,0.009965,10.245975,0.199913,-0.075407,-0.075407,0.000000,,0,0,0,1,1,0,-0.001190,-0.086612,0.7708,0.4759,0.2708,2,ok
0,2269,2.480958,1.477945,3.072060,-0.003139,0.015220,10.269777,0.200077,0.123918,0.074593,-0.049325,C-06,0,0,0,1,1,0,-0.000487,-0.096851,0.6875,0.4432,0.2669,2,ok
0,2270,2.461001,1.479446,3.079432,-0.003261,0.005337,10.289949,0.200172,0.111128,0.111128,0.000000,,0,0,0,1,1,0,-0.008767,-0.106107,0.7292,0.6107,0.2751,2,ok
0,2271,2.437041,1.481248,3.089492,-0.003403,0.015397,10.313977,0.200287,0.123932,0.123932,0.000000,,0,0,0,1,1,0,-0.004012,-0.102502,0.7708,0.5394,0.2715,2,ok
0,2272,2.417064,1.482676,3.097451,-0.003682,0.005732,10.333935,0.200263,0.115559,0.115559,0.000000,,0,0,0,1,1,0,-0.003067,-0.105421,0.7917,0.5219,0.2675,2,ok
0,2273,2.393081,1.484286,3.112072,-0.004097,0.020353,10.357969,0.200358,0.180602,0.180602,0.000000,,0,0,0,1,1,0,-0.003046,-0.099590,0.7917,0.5507,0.2627,2,ok
0,2274,2.373087,1.485404,3.122742,-0.004284,0.014139,10.377921,0.200221,0.151131,0.151131,0.000000,,0,0,0,1,1,0,-0.003382,-0.099849,0.7917,0.5953,0.2660,2,ok
0,2275,2.349089,1.486442,3.135004,-0.004539,0.026401,10.401940,0.200137,0.145196,0.145196,0.000000,,0,0,0,1,1,0,-0.003029,-0.091521,0.8125,0.5924,0.2634,2,ok
0,2276,2.325089,1.487241,-3.134691,-0.004554,0.039891,10.425953,0.200072,0.160008,0.160008,0.000000,,0,0,0,1,1,0,-0.002837,-0.095028,0.8125,0.5932,0.2654,2,ok
0,2277,2.305090,1.487493,-3.126820,-0.004493,0.030099,10.445875,0.199986,0.108361,0.108361,0.000000,,0,0,0,1,1,0,-0.001623,-0.088863,0.7708,0.6352,0.2666,2,ok
0,2278,2.281094,1.487309,-3.123166,-0.003940,0.033754,10.469866,0.199977,0.039486,0.039486,0.000000,,0,0,0,1,1,0,0.001735,-0.087285,0.7292,0.5671,0.2645,2,ok
0,2279,2.261099,1.487101,-3.112523,-0.003623,0.027167,10.489794,0.199930,0.164901,0.164901,0.000000,,0,0,0,1,1,0,0.002776,-0.096965,0.7083,0.5724,0.2641,2,ok
0,2280,2.237118,1.486852,-3.090858,-0.003419,0.048832,10.513775,0.199764,0.271154,0.271154,0.000000,,0,0,0,1,1,0,0.005288,-0.105966,0.7500,0.5406,0.2613,2,ok
0,2281,2.217149,1.486250,-3.081849,-0.002856,0.057840,10.530700,0.199772,0.112124,0.121154,0.009031,C-06,0,0,0,1,1,0,0.007037,-0.097722,0.7917,0.5649,0.2681,2,ok
0,2282,2.193195,1.485015,-3.077529,-0.002133,0.044156,10.557669,0.199886,0.048773,0.048773,0.000000,,0,0,0,1,1,0,0.011136,-0.100026,0.8333,0.4925,0.2677,2,ok
0,2283,2.173241,1.483923,-3.069748,-0.001424,0.051937,10.577640,0.199789,0.121413,0.121413,0.000000,,0,0,0,1,1,0,0.012376,-0.105311,0.8333,0.4710,0.2614,2,ok
0,2284,2.149316,1.482612,-3.055648,-0.000895,0.048840,10.601574,0.199572,0.179066,0.179066,0.000000,,0,0,0,1,1,0,0.012715,-0.111651,0.8333,0.4724,0.2645,2,ok
0,2285,2.125417,1.481063,-3.044286,-0.000216,0.060202,10.625513,0.199558,0.139517,0.139517,0.000000,,0,0,0,1,1,0,0.016251,-0.117867,0.8125,0.4083,0.2602,2,ok
0,2286,2.105512,1.479150,-3.044277,0.000752,0.041550,10.645492,0.200005,-0.118731,-0.010483,0.108248,C-06,0,0,0,1,1,0,0.016869,-0.118969,0.7708,0.3975,0.2633,3,ok
0,2287,2.081616,1.476811,-3.053617,0.001716,0.032211,10.669484,0.200170,-0.124980,-0.124980,0.000000,,0,0,0,1,1,0,0.016686,-0.125500,0.7292,0.3857,0.2622,2,ok
0,2288,2.061693,1.475042,-3.052864,0.002338,0.032964,10.687330,0.199982,0.432930,0.025020,-0.407910,C-06,0,0,0,1,1,0,0.015240,-0.139162,0.7292,0.3870,0.2646,2,ok
0,2289,2.037801,1.472942,-3.039905,0.002719,0.023980,10.713487,0.199748,0.264255,0.175020,-0.089235,C-06,0,0,0,1,1,0,0.015090,-0.160041,0.7083,0.3587,0.2611,2,ok
0,2290,2.017913,1.471192,-3.031137,0.003062,0.032748,10.733448,0.199561,0.130715,0.130715,0.000000,,0,0,0,1,1,0,0.013325,-0.154873,0.7917,0.3657,0.2668,2,ok
0,2291,1.994083,1.469091,-3.013581,0.003041,0.024311,10.757447,0.199155,0.229565,0.229565,0.000000,,0,0,0,1,1,0,0.015062,-0.151618,0.7917,0.2972,0.2632,2,ok
0,2292,1.974270,1.467298,-2.996179,0.002942,0.041713,10.777341,0.198836,0.272648,0.272648,0.000000,,0,0,0,1,1,0,0.015226,-0.141218,0.8333,0.2750,0.2602,2,ok
0,2293,1.950560,1.464704,-2.975596,0.003006,0.033714,10.801296,0.198691,0.268216,0.268216,0.000000,,0,0,0,1,1,0,0.013179,-0.128356,0.7708,0.3181,0.2633,2,ok
0,2294,1.926945,1.461763,-2.948801,0.002887,0.060509,10.825093,0.198077,0.360950,0.360950,0.000000,,0,0,0,1,1,0,0.016259,-0.124438,0.8125,0.2379,0.2619,2,ok
0,2295,1.907345,1.458550,-2.934186,0.003554,0.075123,10.844943,0.198649,0.223428,0.223428,0.000000,,0,0,0,1,1,0,0.016343,-0.109421,0.7292,0.2530,0.2639,2,ok
0,2296,1.883877,1.453848,-2.927993,0.004411,0.049909,10.869002,0.199518,-0.093067,0.073428,0.166495,C-06,0,0,0,1,1,0,0.017831,-0.101722,0.7708,0.2212,0.2642,2,ok
0,2297,1.864324,1.449623,-2.931927,0.005340,0.045975,10.888983,0.200160,-0.365825,-0.076572,0.289253,C-06,0,0,0,1,1,0,0.019691,-0.096418,0.7083,0.1702,0.2615,2,ok
0,2298,1.840830,1.444531,-2.940281,0.006102,0.006651,10.913210,0.200488,-0.114406,-0.114406,0.000000,,0,0,0,1,1,0,0.019691,-0.096418,0.7083,0.1702,0.2615,2,ok
0,2299,1.821235,1.440521,-2.938834,0.006132,0.008099,10.933211,0.199928,0.729211,0.035594,-0.693617,C-06,0,0,0,1,1,0,0.012624,-0.116671,0.7708,0.2336,0.2642,2,ok
0,2300,1.797756,1.435734,-2.925991,0.006152,0.020941,10.955981,0.199427,0.368953,0.185594,-0.183359,C-06,0,0,0,1,1,0,0.013860,-0.119621,0.8333,0.1707,0.2632,2,ok
0,2301,1.778261,1.431745,-2.906285,0.005603,0.012914,10.977234,0.198588,0.362528,0.335594,-0.026934,C-06,0,0,0,1,1,0,0.012784,-0.116949,0.7917,0.1807,0.2644,2,ok
0,2302,1.754965,1.426674,-2.891786,0.005286,0.027412,11.001073,0.198675,0.190869,0.190869,0.000000,,0,0,0,1,1,0,0.013403,-0.104568,0.8333,0.1660,0.2649,2,ok
0,2303,1.731739,1.421092,-2.882352,0.005127,0.012195,11.025078,0.199086,0.126471,0.126471,0.000000,,0,0,0,1,1,0,0.015023,-0.090859,0.7917,0.1293,0.2626,2,ok
0,2304,1.708566,1.415242,-2.874164,0.005060,0.020383,11.048978,0.199164,0.113419,0.113419,0.000000,,0,0,0,1,1,0,0.013284,-0.082758,0.8125,0.1617,0.2669,2,ok
0,2305,1.685415,1.408913,-2.876229,0.005265,-0.002289,11.073070,0.200114,-0.198517,-0.036581,0.161937,C-06,0,0,0,1,1,0,0.014020,-0.079337,0.7917,0.1173,0.2629,3,ok
0,2306,1.662219,1.402585,-2.888761,0.005234,-0.014820,11.097113,0.200659,-0.234084,-0.186581,0.047504,C-06,0,0,0,1,1,0,0.010892,-0.078391,0.7083,0.1483,0.2662,2,ok
0,2307,1.642846,1.397494,-2.891690,0.005022,-0.017749,11.114258,0.200272,0.169712,-0.036581,-0.206293,C-06,0,0,0,1,1,0,0.010809,-0.090030,0.7292,0.0993,0.2625,2,ok
0,2308,1.623480,1.392543,-2.885582,0.004171,-0.029363,11.137225,0.199715,0.213302,0.113419,-0.099883,C-06,0,0,0,1,1,0,0.008636,-0.106696,0.7708,0.0968,0.2676,2,ok
0,2309,1.600298,1.386611,-2.873913,0.003235,-0.017694,11.161137,0.199139,0.166418,0.166418,0.000000,,0,0,0,1,1,0,0.007087,-0.107852,0.7292,0.1124,0.2640,2,ok
0,2310,1.577192,1.380659,-2.861395,0.002086,-0.021360,11.185010,0.198693,0.176471,0.176471,0.000000,,0,0,0,1,1,0,0.008183,-0.093126,0.8125,0.0495,0.2672,2,ok
0,2311,1.557992,1.375390,-2.854378,0.001379,-0.014344,11.204907,0.199130,0.114506,0.114506,0.000000,,0,0,0,1,1,0,0.007153,-0.084296,0.8333,0.0558,0.2641,3,ok
0,2312,1.538824,1.369878,-2.850209,0.000825,-0.024232,11.224859,0.199474,0.068141,0.068141,0.000000,,0,0,0,1,1,0,0.006000,-0.081371,0.8125,0.0780,0.2691,2,ok
0,2313,1.515864,1.363200,-2.841549,0.000031,-0.015572,11.248756,0.199029,0.127517,0.127517,0.000000,,0,0,0,1,1,0,0.004991,-0.068487,0.7917,0.0568,0.2666,2,ok
0,2314,1.492962,1.356344,-2.834585,-0.000576,-0.008608,11.269752,0.199237,0.097683,0.097683,0.000000,,0,0,0,1,1,0,0.006853,-0.067574,0.8125,0.0027,0.2661,2,ok
0,2315,1.470096,1.349191,-2.831546,-0.001285,-0.016594,11.296596,0.199685,0.039684,0.039684,0.000000,,0,0,0,1,1,0,0.004639,-0.060281,0.7708,0.0389,0.2664,2,ok
0,2316,1.451056,1.343165,-2.829422,-0.001773,-0.014470,11.316561,0.199711,0.036388,0.036388,0.000000,,0,0,0,1,1,0,0.005922,-0.059017,0.7500,-0.0185,0.2652,3,ok
0,2317,1.432045,1.337088,-2.821452,-0.002309,-0.016020,11.336499,0.199363,0.146809,0.146809,0.000000,,0,0,0,1,1,0,0.004659,-0.058080,0.7083,-0.0025,0.2653,2,ok
0,2318,1.409290,1.329729,-2.815132,-0.002910,-0.009700,11.360407,0.199299,0.088154,0.088154,0.000000,,0,0,0,1,1,0,0.004542,-0.052292,0.7917,-0.0251,0.2644,2,ok
0,2319,1.386563,1.322073,-2.813795,-0.003304,-0.016589,11.384364,0.199878,0.015134,0.015134,0.000000,,0,0,0,1,1,0,0.003187,-0.044524,0.8125,-0.0073,0.2682,3,ok
0,2320,1.367634,1.315670,-2.812076,-0.003676,-0.014871,11.404344,0.199783,0.031278,0.031278,0.000000,,0,0,0,1,1,0,0.004499,-0.045227,0.8333,-0.0616,0.2655,3,ok
0,2321,1.348706,1.309213,-2.813536,-0.003994,-0.016331,11.423018,0.200052,-0.029900,-0.029900,0.000000,,0,0,0,1,1,0,0.002505,-0.042513,0.7917,-0.0377,0.2693,3,ok
0,2322,1.325990,1.301481,-2.812078,-0.004552,-0.021313,11.448304,0.199908,0.024498,0.024498,0.000000,,0,0,0,1,1,0,0.002540,-0.041730,0.7917,-0.0590,0.2647,2,ok
0,2323,1.303276,1.293729,-2.813577,-0.005081,-0.022812,11.472299,0.200052,-0.024332,-0.024332,0.000000,,0,0,0,1,1,0,0.002373,-0.035722,0.7917,-0.0838,0.2660,2,ok
0,2324,1.280552,1.285976,-2.814707,-0.005757,-0.028633,11.496267,0.200123,-0.015869,-0.015869,0.000000,,0,0,0,1,1,0,-0.000705,-0.035733,0.7292,-0.0528,0.2661,2,ok
0,2325,1.261625,1.279552,-2.809874,-0.006360,-0.023799,11.516246,0.199718,0.092663,0.092663,0.000000,,0,0,0,1,1,0,-0.000761,-0.034403,0.7500,-0.0837,0.2664,2,ok
0,2326,1.242742,1.273132,-2.801396,-0.007018,-0.019665,11.536141,0.199201,0.153062,0.153062,0.000000,,0,0,0,1,1,0,0.001637,-0.038402,0.7083,-0.1416,0.2649,3,ok
0,2327,1.220122,1.265134,-2.800674,-0.007578,-0.018943,11.560126,0.199975,-0.014687,0.003062,0.017750,C-06,0,0,0,1,1,0,0.001118,-0.029057,0.7708,-0.1388,0.2631,2,ok
0,2328,1.197510,1.257118,-2.798872,-0.008101,-0.020155,11.584126,0.199868,0.027866,0.027866,0.000000,,0,0,0,1,1,0,-0.000341,-0.022671,0.8333,-0.1344,0.2659,3,ok
0,2329,1.178688,1.250438,-2.794240,-0.008506,-0.015523,11.604094,0.199584,0.085947,0.085947,0.000000,,0,0,0,1,1,0,-0.001965,-0.016229,0.7917,-0.1180,0.2644,2,ok
0,2330,1.159900,1.243758,-2.789135,-0.008899,-0.010418,11.624031,0.199272,0.090624,0.090624,0.000000,,0,0,0,1,1,0,-0.001948,-0.009180,0.7708,-0.1390,0.2668,3,ok
0,2331,1.137393,1.235599,-2.784929,-0.009341,-0.007854,11.647921,0.199515,0.060109,0.060109,0.000000,,0,0,0,1,1,0,-0.002062,-0.005842,0.7917,-0.1312,0.2689,3,ok
0,2332,1.114905,1.227231,-2.784809,-0.009586,-0.007733,11.671914,0.199990,-0.002390,-0.002390,0.000000,,0,0,0,1,1,0,-0.001660,0.008513,0.7500,-0.1487,0.2671,2,ok
0,2333,1.092380,1.218849,-2.794384,-0.009823,-0.016896,11.695951,0.200588,-0.285603,-0.152390,0.133213,C-06,0,0,0,1,1,0,-0.002729,0.012246,0.7500,-0.1428,0.2691,2,ok
0,2334,1.073520,1.211864,-2.811031,-0.010051,-0.033542,11.716062,0.201598,-0.351750,-0.302390,0.049361,C-06,0,0,0,1,1,0,-0.000769,0.007461,0.7708,-0.2062,0.2680,3,ok
0,2335,1.054571,1.205071,-2.820403,-0.010485,-0.043158,11.736191,0.201262,0.175806,-0.152390,-0.328195,C-06,0,0,0,1,1,0,-0.005596,0.001680,0.7083,-0.1534,0.2738,2,ok
0,2336,1.031793,1.197474,-2.821260,-0.011533,-0.044015,11.760180,0.200019,0.113017,-0.002390,-0.115406,C-06,0,0,0,1,1,0,-0.006109,-0.009574,0.7708,-0.1886,0.2704,3,ok
0,2337,1.009046,1.189916,-2.811860,-0.012567,-0.031941,11.784181,0.199458,0.190108,0.147610,-0.042498,C-06,0,0,0,1,1,0,-0.007119,-0.009699,0.8125,-0.2106,0.2667,2,ok
0,2338,0.990142,1.183601,-2.806484,-0.013338,-0.026565,11.804098,0.199286,0.089354,0.089354,0.000000,,0,0,0,1,1,0,-0.006452,-0.006500,0.8333,-0.2332,0.2691,2,ok
0,2339,0.971274,1.177219,-2.800456,-0.014034,-0.020537,11.824004,0.199144,0.107200,0.107200,0.000000,,0,0,0,1,1,0,-0.006947,0.005992,0.7708,-0.2262,0.2701,3,ok
0,2340,0.948688,1.169427,-2.792841,-0.014758,-0.009955,11.847866,0.199103,0.112130,0.112130,0.000000,,0,0,0,1,1,0,-0.006744,0.015025,0.7708,-0.2332,0.2665,3,ok
0,2341,0.926156,1.161400,-2.787120,-0.015243,-0.004234,11.871779,0.199337,0.082394,0.082394,0.000000,,0,0,0,1,1,0,-0.005805,0.030454,0.7292,-0.2640,0.2653,2,ok
0,2342,0.903634,1.153083,-2.791086,-0.015254,-0.004178,11.895932,0.200243,-0.188796,-0.067606,0.121190,C-06,0,0,0,1,1,0,-0.004249,0.045559,0.7500,-0.3064,0.2631,2,ok
0,2343,0.884814,1.146179,-2.802712,-0.015285,-0.015805,11.915979,0.200810,-0.404508,-0.217606,0.186902,C-06,0,0,0,1,1,0,-0.005239,0.050031,0.7500,-0.2961,0.2707,3,ok
0,2344,0.865936,1.139403,-2.807004,-0.015432,-0.015573,11.936065,0.200555,-0.001408,-0.067606,-0.066198,C-06,0,0,0,1,1,0,-0.003973,0.043105,0.6875,-0.3436,0.2673,3,ok
0,2345,0.843285,1.131509,-2.801914,-0.015813,-0.010483,11.960049,0.199706,0.433943,0.082394,-0.351548,C-06,0,0,0,1,1,0,-0.003952,0.042874,0.7708,-0.3728,0.2680,2,ok
0,2346,0.820673,1.123621,-2.797631,-0.016124,0.000537,11.984086,0.199504,0.061562,0.061562,0.000000,,0,0,0,1,1,0,-0.003130,0.052472,0.8333,-0.4072,0.2686,3,ok
0,2347,0.801881,1.116947,-2.786364,-0.016210,0.011804,12.004028,0.199096,0.261789,0.211562,-0.050228,C-06,0,0,0,1,1,0,-0.001205,0.063826,0.8125,-0.4560,0.2657,3,ok
0,2348,0.783175,1.110269,-2.773186,-0.016260,0.024982,12.022914,0.198224,0.236707,0.236707,0.000000,,0,0,0,1,1,0,-0.001580,0.073460,0.8125,-0.4220,0.2716,3,ok
0,2349,0.760815,1.101806,-2.766782,-0.015695,0.038173,12.047905,0.199303,0.049879,0.086707,0.036828,C-06,0,0,0,1,1,0,0.000740,0.096126,0.8125,-0.4428,0.2724,3,ok
0,2350,0.738469,1.093033,-2.770329,-0.014841,0.034626,12.071897,0.200231,-0.093618,-0.063293,0.030326,C-06,0,0,0,1,1,0,0.003847,0.115922,0.8125,-0.5000,0.2689,3,ok
0,2351,0.716058,1.084260,-2.781564,-0.013776,0.031876,12.096083,0.200911,-0.174663,-0.174663,0.000000,,0,0,0,1,1,0,0.005706,0.120972,0.7708,-0.5242,0.2649,3,ok
0,2352,0.697287,1.076950,-2.797735,-0.012920,0.015705,12.116209,0.201927,-0.297770,-0.297770,0.000000,,0,0,0,1,1,0,0.006317,0.124194,0.7500,-0.5416,0.2650,3,ok
0,2353,0.678426,1.069919,-2.806766,-0.012208,0.016767,12.136449,0.201228,0.455508,-0.147770,-0.603278,C-06,0,0,0,1,1,0,0.008412,0.123014,0.7083,-0.5878,0.2622,3,ok
0,2354,0.655755,1.062015,-2.807215,-0.011816,0.016319,12.160456,0.200006,1.000000,0.002230,-0.997770,C-06,0,0,0,1,1,0,0.006925,0.116460,0.7917,-0.5906,0.2644,3,ok
0,2355,0.633120,1.054138,-2.797496,-0.011286,0.037227,12.184537,0.199420,0.341839,0.152230,-0.189610,C-06,0,0,0,1,1,0,0.007299,0.120421,0.8125,-0.6162,0.2674,3,ok
0,2356,0.614297,1.047398,-2.796688,-0.010584,0.038035,12.204518,0.199982,-0.267836,0.002230,0.270065,C-06,0,0,0,1,1,0,0.007299,0.120421,0.8125,-0.6162,0.2674,3,ok
0,2357,0.595452,1.040636,-2.804332,-0.009783,0.042329,12.224662,0.200453,-0.401795,-0.147770,0.254024,C-06,0,0,0,1,1,0,0.009772,0.141249,0.7708,-0.6253,0.2666,3,ok
0,2358,0.572731,1.032521,-2.823990,-0.008625,0.022671,12.248761,0.201617,-0.341839,-0.297770,0.044068,C-06,0,0,0,1,1,0,0.011876,0.145347,0.7708,-0.6814,0.2683,3,ok
0,2359,0.549850,1.024412,-2.846649,-0.007442,0.013333,12.273104,0.202756,-0.327068,-0.327068,0.000000,,0,0,0,1,1,0,0.012186,0.151362,0.7708,-0.7138,0.2726,3,ok
0,2360,0.526788,1.016456,-2.876484,-0.006231,-0.016502,12.297469,0.203594,-0.428370,-0.428370,0.000000,,0,0,0,1,1,0,0.012873,0.137799,0.7708,-0.7776,0.2669,3,ok
0,2361,0.507438,1.010478,-2.895280,-0.005885,-0.035299,12.315302,0.202411,-0.303387,-0.303387,0.000000,,0,0,0,1,1,0,0.010829,0.128700,0.7292,-0.7507,0.2648,3,ok
0,2362,0.488017,1.005207,-2.905141,-0.005936,-0.030678,12.337921,0.201149,0.970437,-0.153387,-1.123824,C-06,0,0,0,1,1,0,0.009834,0.119234,0.7292,-0.7733,0.2661,3,ok
0,2363,0.464680,0.999555,-2.906118,-0.006694,-0.031655,12.361921,0.200024,0.974272,-0.003387,-0.977659,C-06,0,0,0,1,1,0,0.008617,0.118081,0.7500,-0.7986,0.2625,3,ok
0,2364,0.441351,0.993944,-2.902731,-0.007114,-0.012221,12.386023,0.199876,0.050259,0.050259,0.000000,,0,0,0,1,1,0,0.005881,0.129257,0.8333,-0.7618,0.2601,3,ok
0,2365,0.421908,0.989212,-2.907995,-0.007390,-0.017486,12.406031,0.200236,-0.260356,-0.099741,0.160615,C-06,0,0,0,1,1,0,0.005324,0.143565,0.8125,-0.7497,0.2621,3,ok
0,2366,0.402430,0.984476,-2.917986,-0.007434,-0.009617,12.426198,0.200666,-0.169010,-0.169010,0.000000,,0,0,0,1,1,0,0.004752,0.153149,0.7708,-0.7387,0.2616,3,ok
0,2367,0.379000,0.978805,-2.928189,-0.007407,-0.019820,12.450304,0.200966,-0.136593,-0.136593,0.000000,,0,0,0,1,1,0,0.006685,0.162785,0.7708,-0.8124,0.2598,3,ok
0,2368,0.355497,0.973244,-2.948606,-0.007176,-0.020550,12.474614,0.201641,-0.300895,-0.286593,0.014302,C-06,0,0,0,1,1,0,0.003959,0.171574,0.7708,-0.7514,0.2608,3,ok
0,2369,0.331894,0.967754,-2.971076,-0.006842,-0.043020,12.498845,0.201990,-0.298810,-0.298810,0.000000,,0,0,0,1,1,0,0.000232,0.172342,0.7292,-0.7022,0.2665,3,ok
0,2370,0.312166,0.963912,-2.981317,-0.007027,-0.032338,12.519093,0.200891,0.625322,-0.148810,-0.774132,C-06,0,0,0,1,1,0,0.002079,0.178067,0.7292,-0.7529,0.2582,3,ok
0,2371,0.292420,0.960692,-2.982007,-0.007659,-0.033028,12.539090,0.200000,1.000000,0.001190,-0.998810,C-06,0,0,0,1,1,0,-0.000704,0.170677,0.7708,-0.7048,0.2595,3,ok
0,2372,0.268744,0.956878,-2.971235,-0.008259,0.002170,12.563245,0.199668,0.171832,0.151190,-0.020643,C-06,0,0,0,1,1,0,-0.002427,0.178430,0.7917,-0.6560,0.2597,3,ok
0,2373,0.245095,0.952813,-2.970386,-0.008271,0.003020,12.587242,0.199993,-0.190031,0.001190,0.191221,C-06,0,0,0,1,1,0,-0.000742,0.209715,0.8333,-0.6396,0.2544,3,ok
0,2374,0.225375,0.949405,-2.978896,-0.008122,0.019687,12.607441,0.200262,-0.290905,-0.148810,0.142094,C-06,0,0,0,1,1,0,0.001218,0.225522,0.7708,-0.6375,0.2556,3,ok
0,2375,0.205612,0.945998,-2.997061,-0.007665,0.001522,12.627490,0.200797,-0.383261,-0.298810,0.084450,C-06,0,0,0,1,1,0,0.001475,0.245021,0.7917,-0.6113,0.2546,3,ok
0,2376,0.181819,0.941909,-3.024401,-0.007000,0.001927,12.651864,0.201500,-0.353973,-0.353973,0.000000,,0,0,0,1,1,0,0.000405,0.242248,0.7917,-0.5640,0.2593,3,ok
0,2377,0.157947,0.937896,-3.052791,-0.005734,-0.026464,12.676038,0.201698,-0.358242,-0.358242,0.000000,,0,0,0,1,1,0,0.000678,0.230970,0.7292,-0.5552,0.2560,3,ok
0,2378,0.134007,0.934161,-3.093001,-0.004604,-0.036456,12.700366,0.202065,-0.618248,-0.508242,0.110006,C-06,0,0,0,1,1,0,-0.000330,0.215777,0.7083,-0.5042,0.2620,3,ok
0,2379,0.114018,0.931570,-3.125833,-0.003797,-0.069288,12.720506,0.201306,-0.470962,-0.470962,0.000000,,0,0,0,1,1,0,-0.002554,0.214231,0.7292,-0.4651,0.2647,3,ok
0,2380,0.094019,0.930087,3.133820,-0.004096,-0.092820,12.740558,0.200370,0.554131,-0.320962,-0.875093,C-06,0,0,0,1,1,0,-0.003893,0.172633,0.8125,-0.4248,0.2630,3,ok
0,2381,0.070023,0.929261,3.112502,-0.004579,-0.081495,12.764704,0.199976,-0.249913,-0.249913,0.000000,,0,0,0,1,1,0,-0.004648,0.151203,0.7917,-0.4052,0.2610,3,ok
0,2382,0.046037,0.929539,3.103453,-0.006165,-0.090544,12.786509,0.199888,-0.031264,-0.099913,-0.068648,C-06,0,0,0,1,1,0,-0.005456,0.137830,0.8125,-0.3955,0.2625,3,ok
0,2383,0.026052,0.930238,3.102071,-0.007178,-0.059045,12.808820,0.199980,-0.013053,-0.013053,0.000000,,0,0,0,1,1,0,-0.006619,0.147092,0.8333,-0.3540,0.2619,3,ok
0,2384,0.006069,0.930976,3.099625,-0.008309,-0.061491,12.828785,0.199961,-0.037224,-0.037224,0.000000,,0,0,0,1,1,0,-0.005296,0.153649,0.7500,-0.3535,0.2613,3,ok
0,2385,-0.017902,0.931862,3.084963,-0.008946,-0.041457,12.853059,0.199824,-0.225126,-0.187224,0.037903,C-06,0,0,0,1,1,0,-0.003984,0.154603,0.7708,-0.3770,0.2623,3,ok
0,2386,-0.041854,0.932751,3.072203,-0.009469,-0.054218,12.877022,0.199673,-0.155112,-0.155112,0.000000,,0,0,0,1,1,0,-0.004801,0.155626,0.7292,-0.3277,0.2639,3,ok
0,2387,-0.065795,0.934368,3.070977,-0.009916,-0.021644,12.901345,0.199986,0.982344,-0.005112,-0.987456,C-06,0,0,0,1,1,0,-0.004594,0.155534,0.7708,-0.3040,0.2651,3,ok
0,2388,-0.085751,0.935759,3.079975,-0.010304,-0.012645,12.921345,0.200098,0.740573,0.144888,-0.595685,C-06,0,0,0,1,1,0,-0.001723,0.158378,0.7500,-0.3385,0.2621,3,ok
0,2389,-0.105713,0.936991,3.080447,-0.009930,0.020076,12.941696,0.199998,-0.205528,-0.005112,0.200417,C-06,0,0,0,1,1,0,-0.000887,0.172923,0.8125,-0.2941,0.2641,3,ok
0,2390,-0.129660,0.938452,3.068764,-0.009363,0.008393,12.965681,0.199850,-0.371300,-0.155112,0.216188,C-06,0,0,0,1,1,0,0.001056,0.183575,0.8333,-0.2766,0.2601,3,ok
0,2391,-0.153575,0.939913,3.045174,-0.008212,0.015474,12.989888,0.199464,-0.357384,-0.305112,0.052272,C-06,0,0,0,1,1,0,0.003431,0.181518,0.7917,-0.2610,0.2650,3,ok
0,2392,-0.173457,0.941131,3.021044,-0.007151,-0.008655,13.009779,0.198953,-0.369296,-0.369296,0.000000,,0,0,0,1,1,0,0.003682,0.167610,0.7708,-0.2508,0.2632,3,ok
0,2393,-0.193282,0.942465,2.996994,-0.005855,-0.004505,13.029790,0.198550,-0.434685,-0.434685,0.000000,,0,0,0,1,1,0,0.004704,0.152044,0.7500,-0.2742,0.2669,3,ok
0,2394,-0.216950,0.944359,2.953223,-0.004390,-0.048276,13.053488,0.197322,-0.765245,-0.584685,0.180560,C-06,0,0,0,1,1,0,0.003298,0.135436,0.7083,-0.2400,0.2670,3,ok
0,2395,-0.240441,0.947460,2.918563,-0.003768,-0.056986,13.077289,0.197349,-0.456708,-0.456708,0.000000,,0,0,0,1,1,0,0.001330,0.113116,0.7083,-0.2212,0.2654,3,ok
0,2396,-0.263782,0.951879,2.895468,-0.004207,-0.080081,13.101041,0.197967,1.000000,-0.306708,-1.306708,C-06,0,0,0,1,1,0,-0.000562,0.071447,0.7292,-0.2314,0.2653,3,ok
0,2397,-0.283153,0.956356,2.885377,-0.005131,-0.066703,13.121007,0.198884,0.805350,-0.156708,-0.962058,C-06,0,0,0,1,1,0,-0.002681,0.051427,0.8542,-0.1991,0.2690,3,ok
0,2398,-0.302496,0.961389,2.884344,-0.006397,-0.067736,13.140954,0.199950,0.344407,-0.006708,-0.351115,C-06,0,0,0,1,1,0,-0.004552,0.043349,0.8125,-0.1895,0.2648,3,ok
0,2399,-0.325733,0.967495,2.894030,-0.007807,-0.036563,13.165111,0.200447,0.318594,0.143292,-0.175302,C-06,0,0,0,1,1,0,-0.004320,0.038977,0.7917,-0.1901,0.2673,3,ok
0,2400,-0.349031,0.973601,2.904042,-0.008819,-0.026551,13.189174,0.200913,0.137624,0.137624,0.000000,,0,0,0,1,1,0,-0.004614,0.062583,0.7917,-0.1623,0.2640,3,ok
0,2401,-0.368471,0.978343,2.904027,-0.009247,-0.006862,13.209339,0.200013,-0.130378,-0.012376,0.118002,C-06,0,0,0,1,1,0,-0.002761,0.068528,0.7917,-0.1815,0.2657,3,ok
0,2402,-0.387890,0.983051,2.895076,-0.009368,-0.015813,13.229321,0.199611,-0.275221,-0.162376,0.112845,C-06,0,0,0,1,1,0,-0.002627,0.083922,0.7292,-0.1448,0.2635,3,ok
0,2403,-0.411101,0.988701,2.873404,-0.009534,-0.037485,13.253115,0.198566,-0.312423,-0.312376,0.000047,C-06,0,0,0,1,1,0,-0.002658,0.081368,0.7292,-0.1376,0.2641,3,ok
0,2404,-0.434202,0.994645,2.861112,-0.009598,-0.031785,13.277227,0.198792,0.909471,-0.162376,-1.071847,C-06,0,0,0,1,1,0,-0.001329,0.068661,0.7292,-0.1728,0.2595,3,ok
0,2405,-0.457257,1.001241,2.859612,-0.010309,-0.033285,13.300992,0.199904,1.000000,-0.012376,-1.012376,C-06,0,0,0,1,1,0,-0.004118,0.053258,0.7917,-0.1301,0.2655,3,ok
0,2406,-0.476485,1.006805,2.866950,-0.010594,-0.009537,13.321398,0.200367,0.332497,0.137624,-0.194874,C-06,0,0,0,1,1,0,-0.003702,0.048880,0.8333,-0.1350,0.2648,3,ok
0,2407,-0.495757,1.012371,2.875077,-0.010875,-0.001409,13.341456,0.200785,0.136678,0.136678,0.000000,,0,0,0,1,1,0,-0.004041,0.055530,0.8125,-0.1001,0.2676,3,ok
0,2408,-0.518911,1.018718,2.874758,-0.010654,0.013395,13.365614,0.199997,-0.050928,-0.013322,0.037606,C-06,0,0,0,1,1,0,-0.002743,0.068715,0.8333,-0.0976,0.2647,3,ok
0,2409,-0.542060,1.025044,2.874447,-0.010309,0.013084,13.389610,0.199980,-0.003804,-0.003804,0.000000,,0,0,0,1,1,0,-0.002252,0.077251,0.8125,-0.0544,0.2691,3,ok
0,2410,-0.561332,1.030323,2.866473,-0.009847,0.019007,13.409741,0.199614,-0.147546,-0.147546,0.000000,,0,0,0,1,1,0,-0.001065,0.079405,0.7708,-0.0479,0.2675,3,ok
0,2411,-0.580536,1.035603,2.849707,-0.009288,0.002241,13.429650,0.198738,-0.394629,-0.297546,0.097083,C-06,0,0,0,1,1,0,0.000136,0.075260,0.7500,-0.0636,0.2689,3,ok
0,2412,-0.603480,1.042158,2.838724,-0.008772,0.003079,13.453606,0.198864,-0.005113,-0.147546,-0.142433,C-06,0,0,0,1,1,0,-0.001798,0.069263,0.7292,-0.0290,0.2671,3,ok
0,2413,-0.626384,1.049294,2.838195,-0.008643,0.002550,13.477595,0.199995,1.000000,0.002454,-0.997546,C-06,0,0,0,1,1,0,-0.001481,0.060950,0.7500,-0.0376,0.2661,3,ok
0,2414,-0.649320,1.056464,2.848080,-0.008458,0.023657,13.501719,0.200527,1.000000,0.152454,-0.847546,C-06,0,0,0,1,1,0,-0.003714,0.056320,0.7708,0.0182,0.2702,3,ok
0,2415,-0.668468,1.062258,2.848840,-0.007964,0.024416,13.521719,0.200019,-0.025091,0.002454,0.027545,C-06,0,0,0,1,1,0,0.000903,0.063360,0.8333,-0.0228,0.2657,3,ok
0,2416,-0.687596,1.068030,2.840924,-0.007455,0.016501,13.541693,0.199583,-0.237209,-0.147546,0.089662,C-06,0,0,0,1,1,0,0.002288,0.066080,0.8333,-0.0140,0.2643,3,ok
0,2417,-0.710479,1.074956,2.829413,-0.006695,0.014564,13.565646,0.198923,-0.166133,-0.166133,0.000000,,0,0,0,1,1,0,0.001997,0.059470,0.8125,0.0196,0.2649,3,ok
0,2418,-0.733308,1.082248,2.826796,-0.006285,0.011948,13.589607,0.199754,-0.030816,-0.030816,0.000000,,0,0,0,1,1,0,0.002766,0.046567,0.7500,0.0054,0.2642,3,ok
0,2419,-0.752297,1.088425,2.817182,-0.005862,0.010948,13.609640,0.199430,-0.318503,-0.180816,0.137687,C-06,0,0,0,1,1,0,0.002564,0.046833,0.7708,0.0269,0.2643,3,ok
0,2420,-0.771198,1.094608,2.799111,-0.005442,-0.007123,13.629523,0.198337,-0.580110,-0.330816,0.249294,C-06,0,0,0,1,1,0,0.001118,0.042255,0.7292,0.0642,0.2685,3,ok
0,2421,-0.793750,1.102294,2.786212,-0.005149,-0.012728,13.653383,0.198567,1.000000,-0.180816,-1.180816,C-06,0,0,0,1,1,0,0.001269,0.029649,0.7292,0.0366,0.2653,3,ok
0,2422,-0.816236,1.110567,2.783446,-0.005348,-0.015495,13.677343,0.199750,1.000000,-0.030816,-1.030816,C-06,0,0,0,1,1,0,-0.002422,0.018203,0.7917,0.1061,0.2677,3,ok
0,2423,-0.838742,1.118978,2.790870,-0.005602,-0.001570,13.701401,0.200467,0.564272,0.119184,-0.445088,C-06,0,0,0,1,1,0,0.001119,0.006429,0.8750,0.0363,0.2647,2,ok
0,2424,-0.857569,1.125980,2.805121,-0.005714,0.012680,13.721488,0.201297,0.264937,0.264937,0.000000,,0,0,0,1,1,0,-0.000574,0.012174,0.8125,0.0981,0.2661,2,ok
0,2425,-0.876484,1.132932,2.816046,-0.005748,0.023605,13.740088,0.201545,0.185172,0.185172,0.000000,,0,0,0,1,1,0,0.001465,0.013553,0.8125,0.0603,0.2652,2,ok
0,2426,-0.899242,1.140746,2.820420,-0.005159,0.033271,13.765721,0.200453,0.055733,0.055733,0.000000,,0,0,0,1,1,0,0.003104,0.032417,0.7917,0.1052,0.2679,3,ok
0,2427,-0.922041,1.148489,2.827770,-0.004493,0.040621,13.789573,0.200854,0.109902,0.109902,0.000000,,0,0,0,1,1,0,0.004386,0.037321,0.7708,0.1358,0.2694,3,ok
0,2428,-0.941062,1.154678,2.826159,-0.003610,0.042759,13.809790,0.199892,-0.345029,-0.040098,0.304931,C-06,0,0,0,1,1,0,0.007459,0.043203,0.7500,0.1058,0.2654,3,ok
0,2429,-0.960045,1.160879,2.815946,-0.002750,0.032546,13.829742,0.199421,-0.629134,-0.190098,0.439037,C-06,0,0,0,1,1,0,0.007295,0.040496,0.7500,0.1477,0.2652,3,ok
0,2430,-0.982699,1.168324,2.793505,-0.001695,0.013210,13.853576,0.198044,-0.503196,-0.340098,0.163099,C-06,0,0,0,1,1,0,0.006045,0.033820,0.7292,0.1828,0.2686,3,ok
0,2431,-1.005201,1.176118,2.779850,-0.000975,-0.000445,13.877378,0.198493,0.802092,-0.190098,-0.992189,C-06,0,0,0,1,1,0,0.005498,0.014900,0.7083,0.1752,0.2693,3,ok
0,2432,-1.027632,1.184521,2.776637,-0.000857,-0.001593,13.901331,0.199675,1.000000,-0.040098,-1.040098,C-06,0,0,0,1,1,0,0.003537,-0.007066,0.8750,0.2032,0.2678,2,ok
0,2433,-1.046332,1.191656,2.782173,-0.000887,0.003943,13.921346,0.200355,0.263298,0.109902,-0.153396,C-06,0,0,0,1,1,0,0.003537,-0.007066,0.8750,0.2032,0.2678,2,ok
0,2434,-1.065087,1.198797,2.791943,-0.000903,0.013714,13.938732,0.200975,0.177639,0.177639,0.000000,,0,0,0,1,1,0,0.004647,-0.016277,0.7917,0.2027,0.2696,2,ok
0,2435,-1.087705,1.207366,2.809882,-0.000802,0.032535,13.965604,0.202080,0.268746,0.268746,0.000000,,0,0,0,1,1,0,0.005657,-0.010464,0.8125,0.2142,0.2651,2,ok
0,2436,-1.110434,1.215467,2.818883,-0.000231,0.041536,13.988745,0.201005,0.121962,0.121962,0.000000,,0,0,0,1,1,0,0.007013,0.006326,0.7500,0.2625,0.2716,3,ok
0,2437,-1.129400,1.221825,2.817884,0.000605,0.040201,14.009712,0.199922,-0.406144,-0.028038,0.378105,C-06,0,0,0,1,1,0,0.007101,0.013645,0.7708,0.3033,0.2712,3,ok
0,2438,-1.148333,1.228187,2.808394,0.001427,0.030711,14.029668,0.199461,-0.637932,-0.178038,0.459894,C-06,0,0,0,1,1,0,0.009323,0.014922,0.7500,0.2725,0.2693,3,ok
0,2439,-1.170930,1.235823,2.786874,0.002336,0.008438,14.053508,0.198118,-0.538936,-0.328038,0.210898,C-06,0,0,0,1,1,0,0.008466,0.001111,0.7500,0.3160,0.2675,2,ok
0,2440,-1.193382,1.243799,2.774340,0.002856,-0.004096,14.077328,0.198586,1.000000,-0.178038,-1.178038,C-06,0,0,0,1,1,0,0.006827,-0.018591,0.7292,0.3259,0.2737,3,ok
0,2441,-1.215770,1.252353,2.772033,0.002799,-0.008913,14.101298,0.199773,1.000000,-0.028038,-1.028038,C-06,0,0,0,1,1,0,0.003896,-0.045691,0.8333,0.3856,0.2725,2,ok
0,2442,-1.234439,1.259575,2.778139,0.002658,-0.002807,14.121314,0.200392,0.145470,0.121962,-0.023508,C-06,0,0,0,1,1,0,0.006495,-0.051965,0.8125,0.3251,0.2690,2,ok
0,2443,-1.253173,1.266801,2.790164,0.002535,0.009218,14.139496,0.201157,0.221534,0.221534,0.000000,,0,0,0,1,1,0,0.004315,-0.053772,0.8125,0.3935,0.2674,2,ok
0,2444,-1.275750,1.275377,2.800796,0.002439,0.015973,14.165551,0.201262,0.151597,0.151597,0.000000,,0,0,0,1,1,0,0.004832,-0.048645,0.7917,0.4249,0.2660,2,ok
0,2445,-1.298376,1.283416,2.801588,0.002867,0.016765,14.189559,0.200013,-0.136233,0.001597,0.137829,C-06,0,0,0,1,1,0,0.006223,-0.047385,0.7708,0.4423,0.2673,2,ok
0,2446,-1.317207,1.290086,2.793837,0.003131,0.003824,14.209551,0.199537,-0.421371,-0.148403,0.272968,C-06,0,0,0,1,1,0,0.007641,-0.051434,0.7500,0.4229,0.2636,2,ok
0,2447,-1.335964,1.296756,2.779899,0.003367,-0.010115,14.229457,0.198647,-0.255863,-0.255863,0.000000,,0,0,0,1,1,0,0.006558,-0.059069,0.7083,0.4615,0.2634,2,ok
0,2448,-1.358376,1.305038,2.772181,0.003261,-0.024285,14.253376,0.199151,1.000000,-0.105863,-1.105863,C-06,0,0,0,1,1,0,0.002648,-0.085509,0.6875,0.5030,0.2675,2,ok
0,2449,-1.380765,1.313692,2.774627,0.002711,-0.021840,14.277373,0.200164,1.000000,0.044137,-0.955863,C-06,0,0,0,1,1,0,0.002513,-0.095384,0.7917,0.5076,0.2644,2,ok
0,2450,-1.403216,1.322303,2.787016,0.002141,-0.017314,14.301433,0.200766,0.313074,0.194137,-0.118937,C-06,0,0,0,1,1,0,0.002375,-0.110060,0.7917,0.5144,0.2641,2,ok
0,2451,-1.422033,1.329475,2.805796,0.001598,0.001465,14.321563,0.201926,0.409934,0.344137,-0.065796,C-06,0,0,0,1,1,0,0.004465,-0.113537,0.7708,0.4980,0.2645,2,ok
0,2452,-1.440970,1.336598,2.822277,0.001143,0.017946,14.341790,0.202396,0.283070,0.283070,0.000000,,0,0,0,1,1,0,0.004607,-0.103880,0.7708,0.5365,0.2647,2,ok
0,2453,-1.463816,1.344665,2.838130,0.000918,0.023796,14.366026,0.201865,0.224476,0.224476,0.000000,,0,0,0,1,1,0,0.006659,-0.095401,0.7917,0.5278,0.2653,2,ok
0,2454,-1.486741,1.352030,2.843884,0.001374,0.029550,14.390101,0.200598,0.005900,0.074476,0.068576,C-06,0,0,0,1,1,0,0.009564,-0.087895,0.7917,0.5039,0.2657,2,ok
0,2455,-1.505853,1.357911,2.840210,0.001843,0.014836,14.410106,0.199802,-0.205474,-0.075524,0.129950,C-06,0,0,0,1,1,0,0.009564,-0.087895,0.7917,0.5039,0.2657,2,ok
0,2456,-1.524924,1.363776,2.830529,0.002273,0.005155,14.430054,0.199263,-0.175545,-0.175545,0.000000,,0,0,0,1,1,0,0.011626,-0.097278,0.7500,0.4767,0.2645,2,ok
0,2457,-1.547761,1.371061,2.828054,0.002404,-0.010209,14.454064,0.199796,0.556246,-0.025545,-0.581791,C-06,0,0,0,1,1,0,0.012221,-0.119194,0.7500,0.4663,0.2592,2,ok
0,2458,-1.570617,1.378461,2.836041,0.002173,-0.002222,14.478087,0.200446,0.387743,0.124455,-0.263288,C-06,0,0,0,1,1,0,0.014761,-0.141854,0.7500,0.4330,0.2518,2,ok
0,2459,-1.593542,1.385866,2.846458,0.001900,-0.007201,14.502202,0.201029,0.150078,0.150078,0.000000,,0,0,0,1,1,0,0.012981,-0.155410,0.8333,0.4314,0.2603,2,ok
0,2460,-1.612698,1.391946,2.853692,0.001565,0.000033,14.522297,0.200971,0.120990,0.120990,0.000000,,0,0,0,1,1,0,0.012068,-0.153999,0.8125,0.4515,0.2593,2,ok
0,2461,-1.631900,1.397938,2.862601,0.001329,0.008942,14.542410,0.201228,0.153380,0.153380,0.000000,,0,0,0,1,1,0,0.012871,-0.155360,0.8333,0.4252,0.2603,2,ok
0,2462,-1.654993,1.404772,2.868893,0.001100,-0.003133,14.566516,0.200659,0.084332,0.084332,0.000000,,0,0,0,1,1,0,0.013206,-0.156446,0.8125,0.4034,0.2601,2,ok
0,2463,-1.678139,1.411517,2.879698,0.000841,0.007672,14.590624,0.201165,0.155725,0.155725,0.000000,,0,0,0,1,1,0,0.013983,-0.174806,0.7500,0.3512,0.2588,2,ok
0,2464,-1.697472,1.416911,2.885267,0.000681,-0.006509,14.610710,0.200672,0.088081,0.088081,0.000000,,0,0,0,1,1,0,0.011389,-0.179056,0.7708,0.4002,0.2641,2,ok
0,2465,-1.716833,1.422201,2.890828,0.000402,-0.000948,14.630778,0.200703,0.092923,0.092923,0.000000,,0,0,0,1,1,0,0.010946,-0.179634,0.7292,0.3721,0.2646,2,ok
0,2466,-1.740074,1.428170,2.887369,0.000435,-0.004407,14.654774,0.199830,-0.146799,-0.057077,0.089721,C-06,0,0,0,1,1,0,0.008494,-0.179568,0.7292,0.3846,0.2633,2,ok
0,2467,-1.763303,1.434206,2.887992,-0.000192,-0.027805,14.678777,0.200041,0.013426,0.013426,0.000000,,0,0,0,1,1,0,0.007367,-0.194610,0.7083,0.3605,0.2626,2,ok
0,2468,-1.786565,1.440227,2.898948,-0.000798,-0.016849,14.702798,0.200493,0.357222,0.163426,-0.193796,C-06,0,0,0,1,1,0,0.001994,-0.201975,0.7708,0.3938,0.2662,2,ok
0,2469,-1.806020,1.445244,2.917207,-0.001636,-0.025909,14.722849,0.201290,0.523915,0.313426,-0.210488,C-06,0,0,0,1,1,0,0.000874,-0.200838,0.8125,0.3774,0.2652,2,ok
0,2470,-1.825575,1.450261,2.944984,-0.002572,0.001868,14.743016,0.202400,0.525996,0.463426,-0.062570,C-06,0,0,0,1,1,0,0.000874,-0.200838,0.8125,0.3774,0.2652,2,ok
0,2471,-1.849183,1.456182,2.976422,-0.003768,0.002092,14.767209,0.202845,0.413829,0.413829,0.000000,,0,0,0,1,1,0,0.000195,-0.171369,0.7917,0.3606,0.2622,2,ok
0,2472,-1.872910,1.461396,3.005791,-0.004878,0.031460,14.791477,0.202318,0.379838,0.379838,0.000000,,0,0,0,1,1,0,0.001874,-0.146465,0.7917,0.3317,0.2626,2,ok
0,2473,-1.892747,1.464826,3.021582,-0.004890,0.047251,14.811609,0.201194,0.098798,0.229838,0.131041,C-06,0,0,0,1,1,0,0.001647,-0.130934,0.7917,0.3498,0.2637,2,ok
0,2474,-1.912611,1.467490,3.027512,-0.004690,0.022392,14.831485,0.200360,-0.049647,0.079838,0.129486,C-06,0,0,0,1,1,0,0.001515,-0.118982,0.7708,0.3566,0.2628,2,ok
0,2475,-1.936476,1.470571,3.044826,-0.004501,0.039706,14.855547,0.200696,0.249699,0.229838,-0.019861,C-06,0,0,0,1,1,0,0.001072,-0.114885,0.7292,0.3565,0.2662,2,ok
0,2476,-1.960374,1.473255,3.053286,-0.004284,0.018747,14.879426,0.200373,0.099190,0.099190,0.000000,,0,0,0,1,1,0,-0.000463,-0.106196,0.7292,0.3904,0.2708,2,ok
0,2477,-1.984285,1.475583,3.057945,-0.004292,0.023406,14.903450,0.200192,0.055878,0.055878,0.000000,,0,0,0,1,1,0,0.000020,-0.101697,0.7917,0.3826,0.2651,2,ok
0,2478,-2.004220,1.477465,3.063641,-0.004241,0.029102,14.923474,0.200274,0.087127,0.087127,0.000000,,0,0,0,1,1,0,0.001216,-0.104182,0.7917,0.3463,0.2637,3,ok
0,2479,-2.024165,1.479342,3.070860,-0.004620,0.009845,14.943407,0.200348,0.108722,0.108722,0.000000,,0,0,0,1,1,0,-0.001883,-0.106041,0.8333,0.4250,0.2685,2,ok
0,2480,-2.048113,1.481517,3.081913,-0.005016,0.020897,14.967451,0.200404,0.137636,0.137636,0.000000,,0,0,0,1,1,0,-0.001494,-0.107304,0.8333,0.4104,0.2671,2,ok
0,2481,-2.072077,1.483410,3.091797,-0.005372,0.007760,14.991403,0.200299,0.119687,0.119687,0.000000,,0,0,0,1,1,0,0.000833,-0.100484,0.7708,0.3513,0.2672,2,ok
0,2482,-2.092056,1.484748,3.098798,-0.005556,0.014761,15.011425,0.200217,0.100506,0.100506,0.000000,,0,0,0,1,1,0,-0.000338,-0.100747,0.8125,0.3723,0.2658,2,ok
0,2483,-2.112040,1.485856,3.103961,-0.005512,0.019924,15.028778,0.200135,0.073019,0.073019,0.000000,,0,0,0,1,1,0,-0.001281,-0.097539,0.7708,0.3960,0.2684,2,ok
0,2484,-2.136029,1.487109,3.120928,-0.005898,0.018317,15.055352,0.200226,0.214208,0.214208,0.000000,,0,0,0,1,1,0,-0.000571,-0.100033,0.7500,0.3729,0.2698,2,ok
0,2485,-2.160027,1.488340,3.138113,-0.006210,0.035502,15.079379,0.200222,0.203417,0.203417,0.000000,,0,0,0,1,1,0,0.001005,-0.098234,0.7292,0.3509,0.2675,2,ok
0,2486,-2.184027,1.488970,-3.133608,-0.006304,0.029833,15.103280,0.200035,0.130987,0.130987,0.000000,,0,0,0,1,1,0,0.002860,-0.094994,0.7292,0.3360,0.2627,2,ok
0,2487,-2.204025,1.489309,-3.123416,-0.006222,0.040025,15.123281,0.199986,0.146312,0.146312,0.000000,,0,0,0,1,1,0,0.001388,-0.084900,0.7500,0.3887,0.2667,2,ok
0,2488,-2.224021,1.489002,-3.122148,-0.005664,0.023651,15.143171,0.199993,0.008467,0.008467,0.000000,,0,0,0,1,1,0,0.002824,-0.084003,0.7708,0.3605,0.2671,2,ok
0,2489,-2.248015,1.488577,-3.116419,-0.005147,0.029380,15.167163,0.199969,0.071405,0.071405,0.000000,,0,0,0,1,1,0,0.002639,-0.081042,0.8333,0.3685,0.2652,2,ok
0,2490,-2.272005,1.488152,-3.107206,-0.004717,0.021378,15.191079,0.199916,0.113208,0.113208,0.000000,,0,0,0,1,1,0,0.000424,-0.080939,0.7917,0.4237,0.2659,2,ok
0,2491,-2.291990,1.487764,-3.100878,-0.004559,0.027706,15.211068,0.199886,0.090075,0.090075,0.000000,,0,0,0,1,1,0,0.002502,-0.077976,0.7917,0.3936,0.2640,2,ok
0,2492,-2.311972,1.487209,-3.095579,-0.004235,0.033004,15.231054,0.199883,0.076239,0.076239,0.000000,,0,0,0,1,1,0,0.002709,-0.089274,0.7917,0.3973,0.2663,2,ok
0,2493,-2.335948,1.486118,-3.100005,-0.003753,0.011331,15.254973,0.200040,-0.062486,-0.062486,0.000000,,0,0,0,1,1,0,0.004312,-0.091237,0.7500,0.3612,0.2669,2,ok
0,2494,-2.359926,1.485121,-3.096507,-0.003489,0.014829,15.278970,0.199970,0.047486,0.047486,0.000000,,0,0,0,1,1,0,0.002303,-0.096532,0.7083,0.4015,0.2651,2,ok
0,2495,-2.383896,1.484128,-3.087201,-0.003456,0.006484,15.302902,0.199880,0.117816,0.117816,0.000000,,0,0,0,1,1,0,-0.000032,-0.102408,0.7500,0.4363,0.2674,2,ok
0,2496,-2.403863,1.483293,-3.081338,-0.003577,0.012348,15.322886,0.199828,0.083710,0.083710,0.000000,,0,0,0,1,1,0,-0.001821,-0.107573,0.7917,0.4623,0.2725,2,ok
0,2497,-2.423822,1.482414,-3.073299,-0.003654,0.020387,15.342116,0.199734,0.121281,0.121281,0.000000,,0,0,0,1,1,0,0.000127,-0.104223,0.7917,0.4253,0.2656,2,ok
0,2498,-2.447758,1.481204,-3.064033,-0.004017,0.011946,15.366765,0.199707,0.114073,0.114073,0.000000,,0,0,0,1,1,0,-0.000248,-0.104960,0.8333,0.4532,0.2686,2,ok
0,2499,-2.471676,1.479823,-3.053184,-0.004197,0.022794,15.390722,0.199608,0.136497,0.136497,0.000000,,0,0,0,1,1,0,0.000479,-0.098605,0.7917,0.4298,0.2646,3,ok
0,2500,-2.491590,1.478441,-3.045087,-0.004429,0.013229,15.410602,0.199612,0.120734,0.120734,0.000000,,0,0,0,1,1,0,-0.000416,-0.097086,0.8125,0.4643,0.2675,2,ok
0,2501,-2.511489,1.476890,-3.037122,-0.004561,0.021193,15.430561,0.199581,0.120278,0.120278,0.000000,,0,0,0,1,1,0,0.001285,-0.100293,0.7917,0.4120,0.2686,2,ok
0,2502,-2.535345,1.474866,-3.026154,-0.004681,0.014490,15.454429,0.199471,0.140077,0.140077,0.000000,,0,0,0,1,1,0,0.000997,-0.099626,0.7708,0.4265,0.2625,2,ok
0,2503,-2.559165,1.472678,-3.012210,-0.004883,0.028434,15.478349,0.199265,0.180117,0.180117,0.000000,,0,0,0,1,1,0,0.000450,-0.099481,0.7500,0.4414,0.2687,2,ok
0,2504,-2.582946,1.470075,-3.000913,-0.004737,0.022001,15.502183,0.199349,0.143212,0.143212,0.000000,,0,0,0,1,1,0,-0.000571,-0.096399,0.7708,0.4849,0.2687,2,ok
0,2505,-2.602735,1.467713,-2.991113,-0.004739,0.031801,15.522112,0.199265,0.153099,0.153099,0.000000,,0,0,0,1,1,0,0.001720,-0.092670,0.7083,0.4319,0.2692,2,ok
0,2506,-2.622498,1.465044,-2.983767,-0.004433,0.039148,15.542052,0.199426,0.111907,0.111907,0.000000,,0,0,0,1,1,0,0.001523,-0.089638,0.7708,0.4536,0.2651,2,ok
0,2507,-2.646199,1.461307,-2.984279,-0.003796,0.021422,15.565966,0.200009,-0.015312,-0.015312,0.000000,,0,0,0,1,1,0,0.002579,-0.087434,0.7917,0.4521,0.2688,2,ok
0,2508,-2.669889,1.457548,-2.976220,-0.003289,0.029482,15.589946,0.199755,0.115723,0.115723,0.000000,,0,0,0,1,1,0,0.001663,-0.096014,0.8125,0.4763,0.2691,2,ok
0,2509,-2.689599,1.454416,-2.965809,-0.002981,0.021098,15.609848,0.199413,0.167828,0.167828,0.000000,,0,0,0,1,1,0,0.000488,-0.093263,0.8333,0.5044,0.2664,2,ok
0,2510,-2.709277,1.451240,-2.958054,-0.002857,0.028853,15.629780,0.199308,0.119901,0.119901,0.000000,,0,0,0,1,1,0,0.002272,-0.091822,0.7917,0.4952,0.2703,2,ok
0,2511,-2.732851,1.447273,-2.947866,-0.002549,0.039041,15.653684,0.199185,0.136672,0.136672,0.000000,,0,0,0,1,1,0,0.002205,-0.097663,0.7917,0.5055,0.2649,2,ok
0,2512,-2.756400,1.442677,-2.947397,-0.001987,0.021711,15.677629,0.200001,-0.003086,-0.003086,0.000000,,0,0,0,1,1,0,0.002556,-0.098927,0.7500,0.5093,0.2621,2,ok
0,2513,-2.779950,1.438045,-2.948014,-0.001417,0.021094,15.701623,0.200023,-0.008564,-0.008564,0.000000,,0,0,0,1,1,0,0.000811,-0.106663,0.7292,0.5545,0.2732,2,ok
0,2514,-2.799562,1.434197,-2.940007,-0.001277,0.010127,15.721578,0.199709,0.200517,0.141436,-0.059082,C-06,0,0,0,1,1,0,-0.001058,-0.116941,0.6875,0.5649,0.2672,2,ok
0,2515,-2.819142,1.430351,-2.932253,-0.001278,0.017881,15.741531,0.199397,0.124039,0.124039,0.000000,,0,0,0,1,1,0,0.000776,-0.120252,0.7500,0.5311,0.2709,2,ok
0,2516,-2.842594,1.425712,-2.922676,-0.001320,0.008671,15.765420,0.199152,0.129969,0.129969,0.000000,,0,0,0,1,1,0,-0.003786,-0.114629,0.7708,0.6593,0.2667,2,ok
0,2517,-2.865984,1.420973,-2.908335,-0.001511,0.023012,15.789284,0.198681,0.198752,0.198752,0.000000,,0,0,0,1,1,0,-0.002719,-0.114550,0.8125,0.6604,0.2677,2,ok
0,2518,-2.885417,1.416774,-2.897851,-0.001414,0.033496,15.809166,0.198821,0.171256,0.171256,0.000000,,0,0,0,1,1,0,-0.003050,-0.105187,0.8333,0.6918,0.2635,2,ok
0,2519,-2.904800,1.412383,-2.886857,-0.001500,0.024335,15.829007,0.198709,0.183364,0.183364,0.000000,,0,0,0,1,1,0,-0.000483,-0.103212,0.7708,0.6459,0.2695,2,ok
0,2520,-2.927980,1.406878,-2.871932,-0.001451,0.039260,15.852832,0.198489,0.209706,0.209706,0.000000,,0,0,0,1,1,0,-0.004330,-0.100542,0.8125,0.7578,0.2720,2,ok
0,2521,-2.951066,1.400995,-2.857768,-0.001208,0.034375,15.876634,0.198537,0.197411,0.197411,0.000000,,0,0,0,1,1,0,-0.000499,-0.106001,0.7708,0.6959,0.2628,2,ok
0,2522,-2.974086,1.394463,-2.852261,-0.000520,0.039882,15.900552,0.199466,0.069320,0.069320,0.000000,,0,0,0,1,1,0,-0.003574,-0.103737,0.7500,0.8024,0.2745,2,ok
0,2523,-2.993236,1.388943,-2.845386,0.000136,0.046757,15.917512,0.199120,0.121103,0.121103,0.000000,,0,0,0,1,1,0,0.001371,-0.105562,0.7083,0.7377,0.2636,2,ok
0,2524,-3.012327,1.383396,-2.832247,0.000294,0.038799,15.940353,0.198465,0.234715,0.234715,0.000000,,0,0,0,1,1,0,-0.007270,-0.117433,0.7083,0.9188,0.2797,2,ok
0,2525,-3.035129,1.376614,-2.816231,0.000719,0.054815,15.964138,0.198213,0.230942,0.230942,0.000000,,0,0,0,1,1,0,-0.006103,-0.116444,0.7292,0.9403,0.2869,2,ok
0,2526,-3.057823,1.369324,-2.804311,0.001341,0.045975,15.987983,0.198660,0.169901,0.169901,0.000000,,0,0,0,1,1,0,-0.001297,-0.111087,0.8125,0.9483,0.2725,2,ok
0,2527,-3.076659,1.363070,-2.793018,0.001962,0.057267,16.007821,0.198413,0.201265,0.201265,0.000000,,0,0,0,1,1,0,-0.002554,-0.111367,0.8333,1.0184,0.2706,2,ok
0,2528,-3.095435,1.356421,-2.787281,0.002857,0.040579,16.027783,0.199256,0.092627,0.092627,0.000000,,0,0,0,1,1,0,-0.002897,-0.109013,0.7917,1.0711,0.2699,2,ok
0,2529,-3.117900,1.348341,-2.776300,0.003618,0.051560,16.051645,0.198668,0.167524,0.167524,0.000000,,0,0,0,1,1,0,-0.002889,-0.111064,0.7917,1.1120,0.2689,2,ok
0,2530,-3.140290,1.339936,-2.770429,0.004712,0.057431,16.075535,0.199350,0.080832,0.080832,0.000000,,0,0,0,1,1,0,-0.002623,-0.124271,0.7708,1.1702,0.2722,2,ok
0,2531,-3.162657,1.331237,-2.771096,0.005577,0.033936,16.099620,0.200063,-0.015655,-0.015655,0.000000,,0,0,0,1,1,0,0.002973,-0.134347,0.7500,1.0791,0.2643,2,ok
0,2532,-3.181278,1.323995,-2.764335,0.006296,0.040697,16.119587,0.199563,0.292819,0.134345,-0.158474,C-06,0,0,0,1,1,0,-0.000253,-0.144439,0.7292,1.1822,0.2781,2,ok
0,2533,-3.199818,1.316742,-2.749313,0.006778,0.031219,16.139654,0.198598,0.784015,0.284345,-0.499670,C-06,0,0,0,1,1,0,-0.001535,-0.161312,0.7083,1.2450,0.2666,2,ok
0,2534,-3.221870,1.308024,-2.721640,0.007171,0.058892,16.163363,0.196723,0.731568,0.434345,-0.297223,C-06,0,0,0,1,1,0,-0.003517,-0.172392,0.7292,1.3230,0.2744,2,ok
0,2535,-3.243656,1.298844,-2.695943,0.007952,0.059356,16.187191,0.197077,0.396604,0.396604,0.000000,,0,0,0,1,1,0,0.003851,-0.161880,0.8333,1.2917,0.2668,2,ok
0,2536,-3.261641,1.290543,-2.682194,0.008883,0.073105,16.206977,0.198200,-0.001164,0.246604,0.247768,C-06,0,0,0,1,1,0,0.010544,-0.157486,0.7917,1.1891,0.2601,2,ok
0,2537,-3.279530,1.281853,-2.674173,0.010211,0.081125,16.226821,0.198943,0.145976,0.145976,0.000000,,0,0,0,1,1,0,0.011617,-0.153812,0.8125,1.2353,0.2725,2,ok
0,2538,-3.300937,1.271100,-2.670972,0.011706,0.056924,16.251014,0.199675,0.044883,0.044883,0.000000,,0,0,0,1,1,0,0.016993,-0.161800,0.7708,1.1629,0.2638,2,ok
0,2539,-3.322270,1.260219,-2.659821,0.013138,0.068075,16.274920,0.199149,0.188340,0.188340,0.000000,,0,0,0,1,1,0,0.012887,-0.190336,0.7917,1.3107,0.2617,2,ok
0,2540,-3.343429,1.249230,-2.639538,0.014446,0.058879,16.299113,0.197904,0.382066,0.338340,-0.043726,C-06,0,0,0,1,1,0,0.019570,-0.209046,0.7292,1.1879,0.2625,2,ok
0,2541,-3.360875,1.239918,-2.621623,0.015450,0.076793,16.318863,0.197807,0.351773,0.351773,0.000000,,0,0,0,1,1,0,0.019537,-0.212686,0.7292,1.2185,0.2613,2,ok
0,2542,-3.378116,1.230271,-2.598153,0.016842,0.100263,16.338571,0.197301,0.475424,0.475424,0.000000,,0,0,0,1,1,0,0.019613,-0.211770,0.7292,1.2812,0.2682,2,ok
0,2543,-3.398432,1.218154,-2.561668,0.018506,0.101515,16.362722,0.197064,0.678156,0.625424,-0.052732,C-06,0,0,0,1,1,0,0.022976,-0.234737,0.6458,1.2324,0.2554,2,ok
0,2544,-3.418226,1.205190,-2.519117,0.021055,0.144066,16.386245,0.197518,0.744146,0.744146,0.000000,,0,0,0,1,1,0,0.025334,-0.209355,0.7292,1.2825,0.2664,2,ok
0,2545,-3.434253,1.193576,-2.481331,0.023761,0.141141,16.406647,0.198436,0.813464,0.813464,0.000000,,0,0,0,1,1,0,0.025334,-0.209355,0.7292,1.2825,0.2664,2,ok
0,2546,-3.449857,1.181197,-2.450571,0.027000,0.171901,16.426299,0.199597,-0.042377,0.663464,0.705841,C-06,0,0,0,1,1,0,0.041474,-0.175939,0.7500,1.0934,0.2568,2,ok
0,2547,-3.468156,1.165652,-2.422351,0.031698,0.200121,16.449846,0.200491,-0.029832,0.513464,0.543295,C-06,0,0,0,1,1,0,0.046602,-0.157238,0.7292,1.0782,0.2608,2,ok
0,2548,-3.486143,1.149652,-2.401682,0.035711,0.174792,16.475314,0.200814,-0.174417,0.363464,0.537880,C-06,0,0,0,1,1,0,0.047727,-0.144105,0.7500,1.1518,0.2628,2,ok
0,2549,-3.503830,1.133358,-2.389221,0.040084,0.187252,16.498962,0.200432,-0.247639,0.213464,0.461102,C-06,0,0,0,1,1,0,0.054781,-0.157304,0.7083,1.0976,0.2656,2,ok
0,2550,-3.518420,1.119662,-2.385739,0.043291,0.139666,16.520949,0.200113,-0.176827,0.063464,0.240291,C-06,0,0,0,1,1,0,0.056406,-0.169065,0.6875,1.1328,0.2635,2,ok
0,2551,-3.532979,1.105965,-2.389243,0.046071,0.136162,16.540743,0.199830,-0.345760,-0.086536,0.259224,C-06,0,0,0,1,1,0,0.060676,-0.181137,0.6667,1.0628,0.2596,2,ok
0,2552,-3.550533,1.089673,-2.402067,0.049243,0.123338,16.564481,0.199456,-0.304441,-0.236536,0.067904,C-06,0,0,0,1,1,0,0.059935,-0.203830,0.6250,1.0966,0.2611,2,ok
0,2553,-3.568295,1.073609,-2.414516,0.050779,0.055266,16.591046,0.199653,-0.224290,-0.224290,0.000000,,0,0,0,1,1,0,0.055182,-0.261934,0.6458,1.1588,0.2629,2,ok
0,2554,-3.583253,1.060348,-2.418466,0.051894,0.051316,16.611005,0.199905,0.169439,-0.074290,-0.243729,C-06,0,0,0,1,1,0,0.055962,-0.281725,0.6875,1.1070,0.2527,2,ok
0,2555,-3.598242,1.047096,-2.415555,0.052379,-0.001734,16.634023,0.200109,0.564000,0.075710,-0.488290,C-06,0,0,0,1,1,0,0.053658,-0.292954,0.8125,1.1176,0.2540,2,ok
0,2556,-3.616153,1.031060,-2.403572,0.052450,0.010249,16.658064,0.200484,0.447206,0.225710,-0.221496,C-06,0,0,0,1,1,0,0.049241,-0.304870,0.7917,1.1886,0.2549,2,ok
0,2557,-3.633892,1.014866,-2.398793,0.052497,-0.041229,16.685144,0.200185,-0.149816,0.075710,0.225526,C-06,0,0,0,1,1,0,0.049422,-0.307023,0.7708,1.1352,0.2522,2,ok
0,2558,-3.651567,0.998609,-2.396075,0.051495,-0.038511,16.709137,0.200113,0.046932,0.046932,0.000000,,0,0,0,1,1,0,0.046920,-0.335703,0.7708,1.1168,0.2482,2,ok
0,2559,-3.666262,0.985051,-2.397676,0.050690,-0.040112,16.729115,0.199896,-0.041452,-0.041452,0.000000,,0,0,0,1,1,0,0.047717,-0.357733,0.7292,1.0482,0.2524,2,ok
0,2560,-3.680974,0.971479,-2.393171,0.049083,-0.091690,16.751886,0.200244,0.503144,0.108548,-0.394596,C-06,0,0,0,1,1,0,0.040563,-0.374449,0.7708,1.1454,0.2514,2,ok
0,2561,-3.698508,0.955030,-2.379126,0.046972,-0.077644,16.775835,0.200364,0.968843,0.258548,-0.710295,C-06,0,0,0,1,1,0,0.034045,-0.386828,0.7292,1.2130,0.2508,2,ok
0,2562,-3.715717,0.938264,-2.356474,0.044872,-0.110225,16.802294,0.200031,0.892741,0.402272,-0.490469,C-06;C-02,0,0,0,1,1,0,0.027647,-0.402272,0.7083,1.2148,0.2625,2,ok
0,2563,-3.729727,0.924022,-2.337231,0.042818,-0.090981,16.822166,0.199576,0.723649,0.400113,-0.323536,C-06;C-02,0,0,0,1,1,0,0.025055,-0.400113,0.7917,1.2000,0.2606,2,ok
0,2564,-3.743465,0.909579,-2.318702,0.041103,-0.072452,16.842026,0.199139,0.607451,0.391804,-0.215648,C-06;C-02,0,0,0,1,1,0,0.024547,-0.391804,0.8125,1.1739,0.2566,2,ok
0,2565,-3.759598,0.891941,-2.297169,0.038595,-0.104745,16.867959,0.199407,0.381765,0.387387,0.005623,C-02,0,0,0,1,1,0,0.026776,-0.387387,0.7917,1.0542,0.2512,2,ok
0,2566,-3.775350,0.873885,-2.276224,0.036287,-0.083800,16.891809,0.199913,0.313005,0.385122,0.072117,C-02,0,0,0,1,1,0,0.022599,-0.385122,0.7917,1.0764,0.2536,2,ok
0,2567,-3.790746,0.855454,-2.255309,0.033932,-0.114916,16.917586,0.200303,0.314227,0.387803,0.073576,C-02,0,0,0,1,1,0,0.017560,-0.387803,0.7708,1.0969,0.2572,2,ok
0,2568,-3.803331,0.839851,-2.237849,0.031705,-0.097456,16.937508,0.200586,0.244350,0.382557,0.138207,C-02,0,0,0,1,1,0,0.020219,-0.382557,0.7292,0.9332,0.2528,2,ok
0,2569,-3.815687,0.824032,-2.220455,0.029787,-0.080062,16.957488,0.200845,0.332587,0.376236,0.043648,C-02,0,0,0,1,1,0,0.011816,-0.376236,0.7500,1.0902,0.2600,2,ok
0,2570,-3.830207,0.804772,-2.199439,0.026903,-0.109691,16.982936,0.201145,0.395791,0.374030,-0.021761,C-02,0,0,0,1,1,0,0.009784,-0.374030,0.7500,1.0605,0.2589,2,ok
0,2571,-3.844382,0.785213,-2.178236,0.024230,-0.088488,17.006942,0.201424,0.535961,0.371868,-0.164093,C-06;C-02,0,0,0,1,1,0,0.000485,-0.371868,0.7083,1.1203,0.2650,2,ok
0,2572,-3.855922,0.768692,-2.160592,0.021948,-0.118849,17.028048,0.201620,0.707346,0.366062,-0.341284,C-06;C-02,0,0,0,1,1,0,0.002568,-0.366062,0.7083,1.0169,0.2662,2,ok
0,2573,-3.867169,0.751941,-2.136019,0.019492,-0.094276,17.048075,0.202677,0.598864,0.516062,-0.082802,C-06,0,0,0,1,1,0,0.003070,-0.360957,0.7708,0.9529,0.2654,2,ok
0,2574,-3.880384,0.731477,-2.104496,0.016960,-0.062753,17.072303,0.203221,0.528481,0.528481,0.000000,,0,0,0,1,1,0,0.001757,-0.355023,0.7500,0.9431,0.2658,2,ok
0,2575,-3.892985,0.710654,-2.077747,0.014066,-0.081788,17.097279,0.202910,0.432723,0.432723,0.000000,,0,0,0,1,1,0,0.004258,-0.344724,0.7500,0.8563,0.2626,2,ok
0,2576,-3.904943,0.689566,-2.059699,0.011769,-0.063740,17.121412,0.201995,0.191730,0.282723,0.090993,C-06,0,0,0,1,1,0,0.003762,-0.314792,0.7708,0.7591,0.2476,2,ok
0,2577,-3.914683,0.671825,-2.041023,0.009666,-0.088026,17.141982,0.202711,0.364517,0.364517,0.000000,,0,0,0,1,1,0,-0.004432,-0.314399,0.7500,0.9327,0.2577,2,ok
0,2578,-3.924196,0.653908,-2.021250,0.007495,-0.068253,17.162151,0.202915,0.375578,0.375578,0.000000,,0,0,0,1,1,0,-0.005412,-0.311073,0.7500,0.9057,0.2574,2,ok
0,2579,-3.935239,0.632172,-1.995573,0.005322,-0.042576,17.185411,0.203258,0.401242,0.401242,0.000000,,0,0,0,1,1,0,-0.005183,-0.303662,0.7083,0.8567,0.2581,2,ok
0,2580,-3.945579,0.610216,-1.977666,0.002812,-0.065689,17.210802,0.202185,0.266450,0.266450,0.000000,,0,0,0,1,1,0,-0.006713,-0.289410,0.6875,0.8408,0.2517,2,ok
0,2581,-3.953978,0.591778,-1.958923,0.001012,-0.046946,17.230983,0.202932,0.348442,0.348442,0.000000,,0,0,0,1,1,0,-0.006713,-0.289410,0.6875,0.8408,0.2517,2,ok
0,2582,-3.962184,0.573169,-1.931845,-0.000958,-0.057674,17.251233,0.204181,0.573481,0.498442,-0.075039,C-06,0,0,0,1,1,0,-0.011897,-0.284511,0.7292,0.8590,0.2598,2,ok
0,2583,-3.971828,0.550566,-1.894342,-0.003456,-0.020172,17.275681,0.204897,0.553303,0.553303,0.000000,,0,0,0,1,1,0,-0.009380,-0.269463,0.7500,0.7889,0.2590,2,ok
0,2584,-3.980431,0.527703,-1.865563,-0.005076,-0.027208,17.299881,0.203448,0.383682,0.403303,0.019622,C-06,0,0,0,1,1,0,-0.008421,-0.246744,0.8125,0.7500,0.2598,2,ok
0,2585,-3.988613,0.504617,-1.828428,-0.006946,0.009927,17.324302,0.204507,0.529064,0.529064,0.000000,,0,0,0,1,1,0,-0.005276,-0.223976,0.7708,0.6587,0.2587,2,ok
0,2586,-3.994755,0.485213,-1.802300,-0.007809,0.036055,17.344637,0.203405,0.424444,0.424444,0.000000,,0,0,0,1,1,0,-0.004813,-0.205241,0.7292,0.6528,0.2585,2,ok
0,2587,-4.000211,0.465699,-1.781365,-0.008483,0.023542,17.364633,0.202513,0.334614,0.334614,0.000000,,0,0,0,1,1,0,-0.005201,-0.181232,0.7292,0.6766,0.2635,2,ok
0,2588,-4.006453,0.442152,-1.747637,-0.009146,0.057270,17.388985,0.203324,0.459463,0.459463,0.000000,,0,0,0,1,1,0,-0.003835,-0.180671,0.7500,0.6434,0.2681,2,ok
0,2589,-4.011708,0.418476,-1.723189,-0.009119,0.048615,17.412964,0.201944,0.297301,0.309463,0.012162,C-06,0,0,0,1,1,0,-0.000408,-0.160905,0.7500,0.5797,0.2606,2,ok
0,2590,-4.015239,0.398690,-1.712138,-0.008613,0.059666,17.433056,0.200884,-0.176178,0.159463,0.335642,C-06,0,0,0,1,1,0,0.001753,-0.151855,0.7083,0.5290,0.2604,2,ok
0,2591,-4.018109,0.378887,-1.710847,-0.007456,0.060958,17.453033,0.200048,-0.333382,0.009463,0.342845,C-06,0,0,0,1,1,0,0.002252,-0.148516,0.6875,0.5216,0.2610,2,ok
0,2592,-4.021466,0.355137,-1.720318,-0.006593,0.017752,17.476782,0.199749,-0.132958,-0.132958,0.000000,,0,0,0,1,1,0,0.001480,-0.149530,0.6458,0.5368,0.2644,2,ok
0,2593,-4.025041,0.331405,-1.719785,-0.006072,0.018285,17.500776,0.200034,0.038690,0.017042,-0.021648,C-06,0,0,0,1,1,0,-0.005609,-0.170714,0.7708,0.6486,0.2673,2,ok
0,2594,-4.028632,0.307651,-1.707735,-0.006046,-0.003525,17.524589,0.200359,0.321741,0.167042,-0.154700,C-06,0,0,0,1,1,0,-0.003247,-0.183771,0.7708,0.5521,0.2619,2,ok
0,2595,-4.031625,0.287814,-1.687977,-0.006322,0.016233,17.544649,0.200843,0.460472,0.317042,-0.143431,C-06,0,0,0,1,1,0,-0.002814,-0.188095,0.7500,0.5004,0.2617,2,ok
0,2596,-4.034617,0.267924,-1.662172,-0.006592,0.042038,17.564761,0.201375,0.397075,0.397075,0.000000,,0,0,0,1,1,0,-0.006607,-0.179011,0.7917,0.6068,0.2646,2,ok
0,2597,-4.037962,0.243999,-1.636455,-0.007601,0.032975,17.588630,0.201206,0.313982,0.313982,0.000000,,0,0,0,1,1,0,-0.004804,-0.159518,0.7708,0.5754,0.2665,2,ok
0,2598,-4.040941,0.220030,-1.604515,-0.008282,0.064915,17.612774,0.201210,0.393391,0.393391,0.000000,,0,0,0,1,1,0,-0.003899,-0.154212,0.7500,0.5467,0.2595,2,ok
0,2599,-4.042487,0.200036,-1.586786,-0.008327,0.048395,17.632557,0.200429,-0.026524,0.243391,0.269915,C-06,0,0,0,1,1,0,-0.001924,-0.132448,0.7083,0.5271,0.2595,2,ok
0,2600,-4.043165,0.180038,-1.579470,-0.007751,0.055711,17.652559,0.200074,-0.053063,0.093391,0.146455,C-06,0,0,0,1,1,0,-0.000643,-0.120413,0.6875,0.5222,0.2646,2,ok
0,2601,-4.043390,0.156039,-1.579642,-0.006473,0.055539,17.674454,0.199999,-0.008028,-0.008028,0.000000,,0,0,0,1,1,0,-0.000550,-0.121042,0.6875,0.5233,0.2642,2,ok
0,2602,-4.043588,0.132040,-1.581464,-0.006070,0.021267,17.700294,0.199996,-0.022185,-0.022185,0.000000,,0,0,0,1,1,0,-0.001889,-0.136246,0.6667,0.5432,0.2612,2,ok
0,2603,-4.043787,0.108041,-1.582868,-0.005600,0.019864,17.724289,0.199993,-0.016309,-0.016309,0.000000,,0,0,0,1,1,0,-0.001420,-0.147432,0.7083,0.4978,0.2669,2,ok
0,2604,-4.043975,0.088042,-1.574407,-0.005675,-0.001266,17.744133,0.200007,0.190604,0.133691,-0.056913,C-06,0,0,0,1,1,0,-0.005381,-0.151274,0.7708,0.5840,0.2730,2,ok
0,2605,-4.044165,0.068042,-1.564581,-0.005865,0.008560,17.764133,0.200006,0.139435,0.139435,0.000000,,0,0,0,1,1,0,-0.004837,-0.156051,0.7708,0.5385,0.2598,2,ok
0,2606,-4.044392,0.044046,-1.544179,-0.006260,0.000587,17.787967,0.199943,0.248655,0.248655,0.000000,,0,0,0,1,1,0,-0.006775,-0.153919,0.7708,0.5862,0.2712,2,ok
0,2607,-4.044619,0.020066,-1.516547,-0.007118,0.028219,17.811933,0.199728,0.340447,0.340447,0.000000,,0,0,0,1,1,0,-0.000820,-0.150959,0.7292,0.4341,0.2618,2,ok
0,2608,-4.044191,0.000104,-1.502746,-0.007215,0.042020,17.831899,0.199635,0.136082,0.190447,0.054365,C-06,0,0,0,1,1,0,-0.006664,-0.135460,0.7500,0.6208,0.2610,2,ok
0,2609,-4.042992,-0.019847,-1.499293,-0.006983,0.019399,17.851698,0.199893,-0.103948,0.040447,0.144395,C-06,0,0,0,1,1,0,-0.002054,-0.126951,0.7083,0.5072,0.2625,2,ok
0,2610,-4.041312,-0.043789,-1.502996,-0.006562,0.015696,17.875694,0.200034,-0.052306,-0.052306,0.000000,,0,0,0,1,1,0,-0.006309,-0.130816,0.7083,0.6369,0.2627,2,ok
0,2611,-4.039622,-0.067738,-1.508903,-0.006434,-0.015082,17.899531,0.200110,-0.073904,-0.073904,0.000000,,0,0,0,1,1,0,-0.004477,-0.143008,0.6458,0.5662,0.2622,2,ok
0,2612,-4.038133,-0.091690,-1.505784,-0.006845,-0.011963,17.923526,0.199958,0.046840,0.046840,0.000000,,0,0,0,1,1,0,-0.008370,-0.167542,0.7083,0.6136,0.2619,2,ok
0,2613,-4.036904,-0.111640,-1.493410,-0.007199,0.000410,17.941334,0.199791,0.243707,0.196840,-0.046867,C-06,0,0,0,1,1,0,-0.010889,-0.167383,0.7917,0.6432,0.2599,2,ok
0,2614,-4.035675,-0.131562,-1.471166,-0.008063,-0.002327,17.963286,0.199412,0.400657,0.346840,-0.053818,C-06,0,0,0,1,1,0,-0.009474,-0.165072,0.7708,0.5982,0.2644,2,ok
0,2615,-4.034072,-0.155419,-1.452381,-0.008909,0.016459,17.987181,0.199183,0.229674,0.229674,0.000000,,0,0,0,1,1,0,-0.011463,-0.154759,0.7708,0.6772,0.2592,2,ok
0,2616,-4.032183,-0.179216,-1.428984,-0.009833,0.015397,18.010836,0.198764,0.305096,0.305096,0.000000,,0,0,0,1,1,0,-0.007049,-0.142717,0.7292,0.5895,0.2634,2,ok
0,2617,-4.030199,-0.198988,-1.410293,-0.010317,0.034087,18.030701,0.198647,0.290521,0.290521,0.000000,,0,0,0,1,1,0,-0.008268,-0.145076,0.7292,0.6717,0.2679,2,ok
0,2618,-4.027427,-0.218714,-1.400581,-0.010014,0.043800,18.047321,0.199244,-0.024151,0.140521,0.164672,C-06,0,0,0,1,1,0,-0.004829,-0.138553,0.7083,0.5850,0.2640,2,ok
0,2619,-4.023393,-0.242366,-1.400630,-0.009673,0.020117,18.074339,0.200005,-0.097102,-0.009479,0.087623,C-06,0,0,0,1,1,0,-0.006685,-0.134135,0.7083,0.6567,0.2690,2,ok
0,2620,-4.019324,-0.266040,-1.411845,-0.009217,0.008902,18.098355,0.200350,-0.254122,-0.159479,0.094642,C-06,0,0,0,1,1,0,-0.006189,-0.142733,0.6458,0.6417,0.2666,2,ok
0,2621,-4.015496,-0.289741,-1.413242,-0.009517,-0.017073,18.122144,0.200052,0.006740,-0.009479,-0.016220,C-06,0,0,0,1,1,0,-0.012273,-0.174875,0.6667,0.7507,0.2713,2,ok
0,2622,-4.012356,-0.309482,-1.405221,-0.009858,-0.009053,18.142130,0.199760,0.355891,0.140521,-0.215370,C-06,0,0,0,1,1,0,-0.014069,-0.186691,0.7292,0.7825,0.2595,2,ok
0,2623,-4.009219,-0.329180,-1.387720,-0.010389,-0.016497,18.161841,0.199180,0.637743,0.290521,-0.347223,C-06,0,0,0,1,1,0,-0.014203,-0.190141,0.7708,0.7838,0.2628,2,ok
0,2624,-4.005454,-0.352707,-1.355687,-0.011312,0.015535,18.185650,0.197956,0.561868,0.440521,-0.121347,C-06,0,0,0,1,1,0,-0.014202,-0.182879,0.7292,0.7972,0.2677,2,ok
0,2625,-4.001384,-0.376080,-1.328224,-0.011904,0.042998,18.206363,0.197620,0.370971,0.370971,0.000000,,0,0,0,1,1,0,-0.015124,-0.159095,0.7500,0.8857,0.2650,2,ok
0,2626,-3.997615,-0.395424,-1.298928,-0.012633,0.047031,18.228730,0.196673,0.499514,0.499514,0.000000,,0,0,0,1,1,0,-0.010954,-0.152001,0.7083,0.7869,0.2684,2,ok
0,2627,-3.993078,-0.414627,-1.276699,-0.012502,0.069260,18.248461,0.197353,0.366149,0.366149,0.000000,,0,0,0,1,1,0,-0.011138,-0.153888,0.7292,0.8482,0.2654,2,ok
0,2628,-3.986657,-0.437539,-1.260929,-0.011660,0.058811,18.271956,0.198347,-0.041711,0.216149,0.257860,C-06,0,0,0,1,1,0,-0.007994,-0.133596,0.7292,0.8563,0.2637,2,ok
0,2629,-3.979504,-0.460376,-1.255884,-0.010358,0.063856,18.295851,0.199476,-0.173200,0.066149,0.239349,C-06,0,0,0,1,1,0,-0.005963,-0.130053,0.7083,0.8488,0.2631,2,ok
0,2630,-3.972084,-0.483212,-1.261064,-0.008993,0.030523,18.319559,0.200284,-0.109936,-0.083851,0.026085,C-06,0,0,0,1,1,0,-0.001729,-0.140520,0.6875,0.7839,0.2605,2,ok
0,2631,-3.965890,-0.502274,-1.265268,-0.008259,0.026320,18.339588,0.200529,-0.071389,-0.071389,0.000000,,0,0,0,1,1,0,-0.001439,-0.173692,0.6458,0.7840,0.2571,2,ok
0,2632,-3.959862,-0.521337,-1.261348,-0.007685,0.030240,18.359574,0.199788,0.110742,0.078611,-0.032131,C-06,0,0,0,1,1,0,-0.002249,-0.187403,0.6875,0.7853,0.2589,2,ok
0,2633,-3.952639,-0.544144,-1.246265,-0.007469,0.016779,18.383282,0.198930,0.255650,0.228611,-0.027039,C-06,0,0,0,1,1,0,-0.002343,-0.198343,0.7708,0.7701,0.2574,2,ok
0,2634,-3.945417,-0.566807,-1.223919,-0.007406,0.039125,18.407067,0.197551,0.334282,0.334282,0.000000,,0,0,0,1,1,0,-0.000011,-0.206680,0.7708,0.7253,0.2563,2,ok
0,2635,-3.938973,-0.585576,-1.212805,-0.007126,0.019222,18.426679,0.198539,0.128762,0.184282,0.055520,C-06,0,0,0,1,1,0,-0.001187,-0.202825,0.7500,0.7631,0.2570,2,ok
0,2636,-3.932184,-0.604282,-1.205823,-0.006928,0.026204,18.446578,0.199047,0.118938,0.118938,0.000000,,0,0,0,1,1,0,0.000657,-0.193488,0.7500,0.7090,0.2590,2,ok
0,2637,-3.923662,-0.626693,-1.204170,-0.006323,0.027857,18.470547,0.199855,0.017824,0.017824,0.000000,,0,0,0,1,1,0,0.010645,-0.212696,0.7083,0.3573,0.2355,2,ok
0,2638,-3.915088,-0.649093,-1.203173,-0.006273,-0.005128,18.494344,0.199881,0.014650,0.014650,0.000000,,0,0,0,1,1,0,-0.001309,-0.221524,0.7292,0.7061,0.2578,2,ok
0,2639,-3.906464,-0.671448,-1.192823,-0.006271,0.005222,18.518305,0.199335,0.286641,0.164650,-0.121991,C-06,0,0,0,1,1,0,-0.003200,-0.240201,0.7083,0.6953,0.2562,2,ok
0,2640,-3.899262,-0.689976,-1.176058,-0.006579,-0.014404,18.537953,0.198242,0.324507,0.314650,-0.009857,C-06,0,0,0,1,1,0,-0.003647,-0.248261,0.6458,0.6664,0.2537,2,ok
0,2641,-3.892034,-0.708346,-1.151613,-0.007158,0.010040,18.557685,0.196578,0.461826,0.461826,0.000000,,0,0,0,1,1,0,-0.003426,-0.246339,0.6875,0.6323,0.2546,2,ok
0,2642,-3.883057,-0.730079,-1.113058,-0.007451,0.048596,18.581197,0.195646,0.670221,0.611826,-0.058395,C-06,0,0,0,1,1,0,-0.004146,-0.235166,0.7083,0.6502,0.2572,2,ok
0,2643,-3.873030,-0.751446,-1.083519,-0.007571,0.038798,18.604479,0.196859,0.371616,0.461826,0.090210,C-06,0,0,0,1,1,0,-0.001678,-0.208014,0.7708,0.6163,0.2609,2,ok
0,2644,-3.863982,-0.769037,-1.066775,-0.007025,0.055543,18.624252,0.197953,0.174658,0.311826,0.137168,C-06,0,0,0,1,1,0,0.000808,-0.195042,0.7708,0.5728,0.2630,2,ok
0,2645,-3.854633,-0.786455,-1.046821,-0.006361,0.034253,18.643748,0.197558,0.397967,0.397967,0.000000,,0,0,0,1,1,0,0.000121,-0.186262,0.7500,0.6018,0.2649,2,ok
0,2646,-3.842869,-0.807120,-1.028139,-0.005655,0.052935,18.667517,0.198266,0.302880,0.302880,0.000000,,0,0,0,1,1,0,0.001883,-0.178837,0.7292,0.5608,0.2640,2,ok
0,2647,-3.830650,-0.827574,-1.012474,-0.004448,0.068600,18.691312,0.198617,0.259526,0.259526,0.000000,,0,0,0,1,1,0,0.011672,-0.177152,0.7083,0.2680,0.2454,2,ok
0,2648,-3.818000,-0.847881,-1.005383,-0.003799,0.034318,18.715024,0.199436,-0.254000,0.109526,0.363527,C-06,0,0,0,1,1,0,0.000641,-0.166831,0.7292,0.6113,0.2644,2,ok
0,2649,-3.807294,-0.864773,-1.006780,-0.003197,0.032921,18.735014,0.200114,-0.336341,-0.040474,0.295867,C-06,0,0,0,1,1,0,-0.000311,-0.165576,0.6875,0.6209,0.2651,2,ok
0,2650,-3.796603,-0.881720,-1.015727,-0.002872,-0.015016,18.754935,0.200746,-0.205917,-0.190474,0.015443,C-06,0,0,0,1,1,0,-0.001073,-0.174209,0.6250,0.6178,0.2650,2,ok
0,2651,-3.783930,-0.902137,-1.018588,-0.003325,-0.017877,18.778961,0.200223,0.139135,-0.040474,-0.179609,C-06,0,0,0,1,1,0,-0.004589,-0.195556,0.6875,0.6568,0.2636,2,ok
0,2652,-3.771340,-0.922535,-1.012531,-0.003836,-0.011819,18.802926,0.199473,0.465311,0.109526,-0.355784,C-06,0,0,0,1,1,0,-0.007717,-0.216233,0.7292,0.6702,0.2629,2,ok
0,2653,-3.760748,-0.939437,-1.000374,-0.004826,-0.037156,18.822707,0.199001,0.467728,0.259526,-0.208202,C-06,0,0,0,1,1,0,-0.006964,-0.223386,0.7500,0.6200,0.2593,2,ok
0,2654,-3.750078,-0.956194,-0.986036,-0.005700,-0.022819,18.842553,0.198648,0.296078,0.296078,0.000000,,0,0,0,1,1,0,-0.005732,-0.229523,0.7083,0.5635,0.2544,2,ok
0,2655,-3.736879,-0.976041,-0.960791,-0.006539,-0.032410,18.866180,0.198325,0.576179,0.446078,-0.130100,C-06,0,0,0,1,1,0,-0.006004,-0.227802,0.7083,0.5554,0.2544,2,ok
0,2656,-3.723131,-0.995485,-0.927549,-0.007180,0.000833,18.889985,0.198468,0.636719,0.596078,-0.040640,C-06,0,0,0,1,1,0,0.002111,-0.221187,0.7083,0.2836,0.2409,2,ok
0,2657,-3.708673,-1.014502,-0.902275,-0.006998,0.026106,18.911988,0.199308,0.333653,0.446078,0.112426,C-06,0,0,0,1,1,0,-0.005226,-0.197595,0.7083,0.5694,0.2603,2,ok
0,2658,-3.696225,-1.030108,-0.888270,-0.007096,0.007910,18.933604,0.199722,-0.127021,0.296078,0.423100,C-06,0,0,0,1,1,0,-0.004900,-0.180883,0.6667,0.5845,0.2619,2,ok
0,2659,-3.683570,-1.045579,-0.881106,-0.006890,0.015075,18.953591,0.199911,-0.007580,0.146078,0.153659,C-06,0,0,0,1,1,0,-0.003636,-0.174917,0.6875,0.5561,0.2629,2,ok
0,2660,-3.668191,-1.063994,-0.867763,-0.006784,-0.002773,18.977356,0.199996,0.252983,0.252983,0.000000,,0,0,0,1,1,0,-0.000782,-0.185595,0.6250,0.5109,0.2583,2,ok
0,2661,-3.652550,-1.082215,-0.853995,-0.006776,0.010994,19.001369,0.200215,0.254974,0.254974,0.000000,,0,0,0,1,1,0,-0.001923,-0.186969,0.6667,0.5167,0.2613,2,ok
0,2662,-3.639341,-1.097264,-0.844775,-0.006548,0.020215,19.019810,0.200282,0.198445,0.198445,0.000000,,0,0,0,1,1,0,-0.001923,-0.186969,0.6667,0.5167,0.2613,2,ok
0,2663,-3.626025,-1.112209,-0.839926,-0.006738,-0.005648,19.041235,0.200171,0.098678,0.098678,0.000000,,0,0,0,1,1,0,-0.002826,-0.182046,0.7500,0.5449,0.2645,2,ok
0,2664,-3.609952,-1.130065,-0.833965,-0.006796,0.000314,19.065260,0.200226,0.108253,0.108253,0.000000,,0,0,0,1,1,0,-0.004641,-0.180690,0.7708,0.5913,0.2611,2,ok
0,2665,-3.593706,-1.147805,-0.819953,-0.007146,-0.015875,19.089095,0.200549,0.425038,0.258253,-0.166785,C-06,0,0,0,1,1,0,-0.006631,-0.180062,0.7500,0.5996,0.2640,2,ok
0,2666,-3.577140,-1.165242,-0.797230,-0.007319,0.006848,19.113146,0.200311,0.550504,0.408253,-0.142251,C-06,0,0,0,1,1,0,-0.007978,-0.189128,0.7292,0.6279,0.2642,2,ok
0,2667,-3.563072,-1.179468,-0.784260,-0.007231,-0.008947,19.132945,0.199993,0.224697,0.258253,0.033556,C-06,0,0,0,1,1,0,-0.008105,-0.183196,0.7708,0.6501,0.2630,2,ok
0,2668,-3.548874,-1.193550,-0.778522,-0.007360,-0.003209,19.152942,0.199959,0.062642,0.108253,0.045611,C-06,0,0,0,1,1,0,-0.006939,-0.177310,0.6875,0.6380,0.2663,2,ok
0,2669,-3.531710,-1.210293,-0.765089,-0.007315,0.010224,19.176920,0.199718,0.241828,0.241828,0.000000,,0,0,0,1,1,0,-0.006443,-0.181151,0.7083,0.6287,0.2630,2,ok
0,2670,-3.514329,-1.226730,-0.743328,-0.007504,0.002927,19.200619,0.199028,0.523891,0.391828,-0.132063,C-06,0,0,0,1,1,0,-0.006647,-0.190401,0.6667,0.6379,0.2641,2,ok
0,2671,-3.499592,-1.240151,-0.727985,-0.007389,0.018270,19.220551,0.199469,0.327472,0.327472,0.000000,,0,0,0,1,1,0,-0.005604,-0.182545,0.7083,0.6257,0.2636,2,ok
0,2672,-3.484629,-1.253391,-0.719392,-0.007148,-0.001920,19.240339,0.199810,0.128987,0.177472,0.048485,C-06,0,0,0,1,1,0,-0.004057,-0.176372,0.7292,0.5939,0.2608,2,ok
0,2673,-3.466544,-1.269151,-0.713601,-0.007121,0.003871,19.264328,0.199929,0.102067,0.102067,0.000000,,0,0,0,1,1,0,-0.004006,-0.169567,0.7500,0.6091,0.2627,2,ok
0,2674,-3.448376,-1.284827,-0.709950,-0.006976,0.007522,19.287908,0.199970,0.065625,0.065625,0.000000,,0,0,0,1,1,0,-0.003298,-0.175081,0.7292,0.5779,0.2603,2,ok
0,2675,-3.430097,-1.300374,-0.698824,-0.007335,-0.010533,19.312124,0.200034,0.425572,0.215625,-0.209947,C-06,0,0,0,1,1,0,-0.004433,-0.199181,0.7292,0.5891,0.2601,2,ok
0,2676,-3.414686,-1.313152,-0.682813,-0.007377,0.005478,19.332143,0.200314,0.397098,0.365625,-0.031473,C-06,0,0,0,1,1,0,-0.006605,-0.197989,0.7083,0.6446,0.2634,2,ok
0,2677,-3.399100,-1.325728,-0.671858,-0.007471,-0.011870,19.351948,0.200310,0.230733,0.230733,0.000000,,0,0,0,1,1,0,-0.006605,-0.197989,0.7083,0.6446,0.2634,2,ok
0,2678,-3.380228,-1.340623,-0.660013,-0.007670,-0.000026,19.375988,0.200393,0.213831,0.213831,0.000000,,0,0,0,1,1,0,0.002701,-0.188532,0.6458,0.3020,0.2440,2,ok
0,2679,-3.361129,-1.355285,-0.640237,-0.007695,-0.009639,19.399830,0.200953,0.418851,0.363831,-0.055020,C-06,0,0,0,1,1,0,-0.008999,-0.196416,0.6250,0.6965,0.2674,2,ok
0,2680,-3.344955,-1.367222,-0.616607,-0.007833,0.013991,19.419931,0.201798,0.553209,0.513831,-0.039378,C-06,0,0,0,1,1,0,-0.010798,-0.196081,0.6667,0.7486,0.2685,2,ok
0,2681,-3.328534,-1.378890,-0.598667,-0.007608,0.031931,19.440074,0.201503,0.280520,0.363831,0.083311,C-06,0,0,0,1,1,0,-0.007814,-0.178371,0.6667,0.7326,0.2652,2,ok
0,2682,-3.308618,-1.392491,-0.585657,-0.007291,0.015050,19.463997,0.200974,0.137038,0.213831,0.076793,C-06,0,0,0,1,1,0,-0.005794,-0.165614,0.7500,0.7057,0.2624,2,ok
0,2683,-3.288585,-1.405784,-0.581342,-0.006879,0.019366,19.488035,0.200299,0.032222,0.063831,0.031609,C-06,0,0,0,1,1,0,-0.004584,-0.166247,0.7292,0.7148,0.2666,2,ok
0,2684,-3.268498,-1.418998,-0.576759,-0.006676,-0.005170,19.511865,0.200382,0.079152,0.079152,0.000000,,0,0,0,1,1,0,-0.007359,-0.177236,0.7292,0.7925,0.2698,2,ok
0,2685,-3.251679,-1.429905,-0.566064,-0.006762,0.005525,19.531911,0.200890,0.396455,0.229152,-0.167304,C-06,0,0,0,1,1,0,0.006956,-0.179639,0.6458,0.3388,0.2377,2,ok
0,2686,-3.234707,-1.440681,-0.548038,-0.006656,0.023551,19.552015,0.201738,0.375323,0.375323,0.000000,,0,0,0,1,1,0,-0.007738,-0.182374,0.6667,0.7977,0.2662,2,ok
0,2687,-3.214131,-1.453352,-0.533880,-0.006794,0.007629,19.575978,0.201360,0.040455,0.225323,0.184868,C-06,0,0,0,1,1,0,-0.010589,-0.171584,0.6667,0.9001,0.2674,2,ok
0,2688,-3.193437,-1.465629,-0.528715,-0.006667,0.012795,19.600040,0.200462,0.029257,0.075323,0.046066,C-06,0,0,0,1,1,0,-0.007586,-0.188184,0.6042,0.8396,0.2638,2,ok
0,2689,-3.176161,-1.475734,-0.527580,-0.006707,-0.016756,19.619879,0.200113,0.018506,0.018506,0.000000,,0,0,0,1,1,0,0.021554,-0.200144,0.5625,0.3953,0.2035,2,ok
0,2690,-3.158843,-1.485803,-0.519609,-0.006955,-0.008785,19.639910,0.200643,0.504023,0.168506,-0.335518,C-06,0,0,0,1,1,0,0.019000,-0.228171,0.5833,0.3811,0.2059,2,ok
0,2691,-3.137904,-1.497762,-0.500698,-0.007066,0.010126,19.663596,0.201670,0.461229,0.318506,-0.142723,C-06,0,0,0,1,1,0,-0.010964,-0.232504,0.6458,0.9365,0.2623,2,ok
0,2692,-3.116695,-1.509599,-0.472237,-0.007817,0.007881,19.688048,0.203451,0.597805,0.468506,-0.129299,C-06,0,0,0,1,1,0,0.012784,-0.232775,0.6250,0.4135,0.2153,2,ok
0,2693,-3.095131,-1.521234,-0.435600,-0.008216,0.044519,19.712546,0.204736,0.584848,0.584848,0.000000,,0,0,0,1,1,0,-0.002802,-0.213508,0.6875,0.7863,0.2534,2,ok
0,2694,-3.076899,-1.530304,-0.411572,-0.008310,0.036295,19.732673,0.203605,0.369368,0.434848,0.065481,C-06,0,0,0,1,1,0,-0.000769,-0.190816,0.7500,0.7590,0.2516,2,ok
0,2695,-3.058487,-1.538888,-0.390939,-0.008041,0.056928,19.752985,0.203127,0.371539,0.371539,0.000000,,0,0,0,1,1,0,0.004086,-0.194560,0.7500,0.6719,0.2546,2,ok
0,2696,-3.036227,-1.548460,-0.375596,-0.007167,0.039361,19.776967,0.201851,-0.046398,0.221539,0.267937,C-06,0,0,0,1,1,0,0.005038,-0.187672,0.7500,0.6794,0.2572,2,ok
0,2697,-3.013874,-1.557415,-0.370128,-0.006290,0.044828,19.801031,0.200588,-0.328066,0.071539,0.399605,C-06,0,0,0,1,1,0,0.007873,-0.189141,0.7083,0.6234,0.2584,2,ok
0,2698,-2.995239,-1.564663,-0.373892,-0.005360,0.041064,19.821004,0.199770,-0.276015,-0.078461,0.197554,C-06,0,0,0,1,1,0,0.008144,-0.194136,0.7292,0.6160,0.2587,2,ok
0,2699,-2.976628,-1.571922,-0.375661,-0.005023,0.006465,19.840780,0.199767,-0.028783,-0.028783,0.000000,,0,0,0,1,1,0,0.008277,-0.225063,0.6667,0.5757,0.2546,2,ok
0,2700,-2.954273,-1.580725,-0.368263,-0.004918,0.013863,19.864806,0.200484,0.456930,0.121217,-0.335713,C-06,0,0,0,1,1,0,0.006100,-0.238834,0.7083,0.5673,0.2619,2,ok
0,2701,-2.931812,-1.589502,-0.350855,-0.005013,-0.005611,19.888775,0.201495,0.460170,0.271217,-0.188953,C-06,0,0,0,1,1,0,0.004900,-0.242086,0.7917,0.5577,0.2625,2,ok
0,2702,-2.909165,-1.598277,-0.322693,-0.005496,0.022551,19.913058,0.203206,0.433776,0.421217,-0.012559,C-06,0,0,0,1,1,0,0.004411,-0.241297,0.7708,0.5093,0.2583,2,ok
0,2703,-2.890132,-1.605358,-0.301724,-0.005626,0.043520,19.931985,0.203043,0.357554,0.357554,0.000000,,0,0,0,1,1,0,0.002598,-0.235214,0.7500,0.5593,0.2612,2,ok
0,2704,-2.870978,-1.612044,-0.281670,-0.006106,0.023505,19.953448,0.202850,0.340742,0.340742,0.000000,,0,0,0,1,1,0,0.004054,-0.214330,0.7292,0.4829,0.2621,2,ok
0,2705,-2.847846,-1.619592,-0.257721,-0.006132,0.047454,19.977780,0.202729,0.335259,0.335259,0.000000,,0,0,0,1,1,0,0.012067,-0.209771,0.7083,0.2095,0.2481,2,ok
0,2706,-2.824595,-1.626237,-0.243585,-0.005738,0.020812,0.009542,0.201419,0.157214,0.185259,0.028045,C-06,0,0,0,1,1,0,0.005902,-0.199019,0.6875,0.3645,0.2572,2,ok
0,2707,-2.805177,-1.631170,-0.240717,-0.005411,0.023679,0.029574,0.200257,-0.029194,0.035259,0.064453,C-06,0,0,0,1,1,0,0.010140,-0.194000,0.6458,0.1865,0.2513,2,ok
0,2708,-2.785731,-1.636007,-0.230340,-0.004984,0.034057,0.049607,0.200599,0.254960,0.185259,-0.069701,C-06,0,0,0,1,1,0,0.003962,-0.195214,0.6458,0.3362,0.2587,2,ok
0,2709,-2.762305,-1.641807,-0.206544,-0.005430,0.015132,0.073498,0.201582,0.644465,0.335259,-0.309206,C-06,0,0,0,1,1,0,0.009634,-0.206653,0.6250,0.1746,0.2474,2,ok
0,2710,-2.738736,-1.647607,-0.171043,-0.006017,0.050633,0.097763,0.202866,0.553029,0.485259,-0.067770,C-06,0,0,0,1,1,0,0.007560,-0.195479,0.6458,0.1938,0.2480,2,ok
0,2711,-2.715034,-1.652803,-0.144605,-0.006531,0.034531,0.121768,0.202071,0.212105,0.335259,0.123154,C-06,0,0,0,1,1,0,0.005380,-0.168758,0.7500,0.2742,0.2637,2,ok
0,2712,-2.695224,-1.656260,-0.131914,-0.006473,0.047222,0.141877,0.200995,-0.018138,0.185259,0.203397,C-06,0,0,0,1,1,0,0.004643,-0.147924,0.7292,0.2785,0.2663,2,ok
0,2713,-2.675393,-1.659021,-0.128934,-0.005728,0.050203,0.161886,0.200169,-0.019006,0.035259,0.054265,C-06,0,0,0,1,1,0,0.004958,-0.135037,0.7708,0.2440,0.2651,2,ok
0,2714,-2.651574,-1.662258,-0.115296,-0.005624,0.025057,0.185700,0.200479,0.258276,0.185259,-0.073017,C-06,0,0,0,1,1,0,0.004436,-0.131925,0.7292,0.2273,0.2633,2,ok
0,2715,-2.627709,-1.665494,-0.096650,-0.005590,0.043703,0.209783,0.200868,0.238884,0.238884,0.000000,,0,0,0,1,1,0,0.003419,-0.131681,0.7500,0.2234,0.2639,2,ok
0,2716,-2.607792,-1.667955,-0.085241,-0.005722,0.021135,0.229659,0.200649,0.165950,0.165950,0.000000,,0,0,0,1,1,0,0.005153,-0.123557,0.7292,0.1721,0.2619,2,ok
0,2717,-2.587854,-1.670263,-0.071954,-0.005994,0.034421,0.249728,0.200724,0.200672,0.200672,0.000000,,0,0,0,1,1,0,0.003957,-0.115126,0.6667,0.1987,0.2656,2,ok
0,2718,-2.563911,-1.672204,-0.067122,-0.005495,0.039254,0.272391,0.200144,-0.064124,0.050672,0.114796,C-06,0,0,0,1,1,0,0.003841,-0.108768,0.6667,0.1968,0.2668,2,ok
0,2719,-2.539966,-1.673847,-0.068280,-0.005470,0.007526,0.297577,0.199999,-0.017188,-0.017188,0.000000,,0,0,0,1,1,0,0.004480,-0.105245,0.6458,0.1462,0.2664,2,ok
0,2720,-2.516020,-1.675482,-0.065664,-0.005397,0.010142,0.321579,0.200032,0.035486,0.035486,0.000000,,0,0,0,1,1,0,0.004348,-0.108761,0.6667,0.1172,0.2638,2,ok
0,2721,-2.496057,-1.676844,-0.054072,-0.005712,-0.004738,0.341456,0.200164,0.283574,0.185486,-0.098088,C-06,0,0,0,1,1,0,0.000217,-0.115599,0.7500,0.1656,0.2675,2,ok
0,2722,-2.476083,-1.678186,-0.047750,-0.006110,0.001584,0.361472,0.200192,0.084278,0.084278,0.000000,,0,0,0,1,1,0,-0.001318,-0.106222,0.7292,0.1758,0.2709,2,ok
0,2723,-2.452106,-1.679692,-0.039938,-0.006645,-0.013633,0.385332,0.200194,0.095375,0.095375,0.000000,,0,0,0,1,1,0,0.000711,-0.104921,0.7708,0.1250,0.2678,2,ok
0,2724,-2.428120,-1.681106,-0.028383,-0.007512,-0.002078,0.409344,0.200255,0.142076,0.142076,0.000000,,0,0,0,1,1,0,-0.001102,-0.101939,0.7292,0.1172,0.2646,2,ok
0,2725,-2.408125,-1.682233,-0.016300,-0.008184,0.010005,0.429359,0.200260,0.176066,0.176066,0.000000,,0,0,0,1,1,0,0.001383,-0.093227,0.7083,0.0180,0.2648,2,ok
0,2726,-2.388126,-1.683278,0.000474,-0.009111,0.006754,0.449208,0.200271,0.244151,0.244151,0.000000,,0,0,0,1,1,0,-0.002445,-0.087748,0.7083,0.1260,0.2670,2,ok
0,2727,-2.364127,-1.683892,0.013643,-0.009633,0.019923,0.473209,0.200016,0.149190,0.149190,0.000000,,0,0,0,1,1,0,-0.000422,-0.072224,0.6458,0.0609,0.2665,2,ok
0,2728,-2.340131,-1.684060,0.024062,-0.009939,0.012747,0.497035,0.199945,0.122671,0.122671,0.000000,,0,0,0,1,1,0,0.000720,-0.063133,0.6667,0.0317,0.2652,2,ok
0,2729,-2.316140,-1.683729,0.029324,-0.009931,0.018009,0.521029,0.199943,0.059910,0.059910,0.000000,,0,0,0,1,1,0,0.000223,-0.050799,0.6667,0.0149,0.2693,2,ok
0,2730,-2.296150,-1.683302,0.032557,-0.009853,0.006110,0.540871,0.199948,0.045638,0.045638,0.000000,,0,0,0,1,1,0,-0.000154,-0.049996,0.7083,0.0227,0.2701,2,ok
0,2731,-2.276162,-1.682835,0.039232,-0.009964,0.012785,0.560864,0.199904,0.100726,0.100726,0.000000,,0,0,0,1,1,0,-0.000497,-0.045712,0.7500,0.0162,0.2699,2,ok
0,2732,-2.252186,-1.682271,0.049091,-0.010095,0.022644,0.584846,0.199823,0.120736,0.120736,0.000000,,0,0,0,1,1,0,0.000033,-0.045832,0.7292,-0.0057,0.2683,2,ok
0,2733,-2.228218,-1.681330,0.054209,-0.010098,0.015224,0.608714,0.199887,0.058747,0.058747,0.000000,,0,0,0,1,1,0,-0.000175,-0.032845,0.7292,-0.0047,0.2697,2,ok
0,2734,-2.208249,-1.680363,0.056620,-0.009945,0.017635,0.628706,0.199929,0.033596,0.033596,0.000000,,0,0,0,1,1,0,0.000070,-0.031788,0.7292,-0.0117,0.2695,2,ok
0,2735,-2.188278,-1.679257,0.049988,-0.009769,0.000276,0.648588,0.200056,-0.109146,-0.109146,0.000000,,0,0,0,1,1,0,0.000658,-0.025074,0.7083,-0.0576,0.2683,2,ok
0,2736,-2.164303,-1.677921,0.041780,-0.009702,-0.007932,0.672599,0.200132,-0.098989,-0.098989,0.000000,,0,0,0,1,1,0,-0.000314,-0.029310,0.6667,-0.0705,0.2655,2,ok
0,2737,-2.140325,-1.676909,0.045117,-0.009996,-0.013038,0.696537,0.199968,0.107399,0.051011,-0.056388,C-06,0,0,0,1,1,0,-0.000787,-0.033719,0.7292,-0.1003,0.2696,2,ok
0,2738,-2.116355,-1.675919,0.054577,-0.010419,-0.003578,0.720524,0.199877,0.119573,0.119573,0.000000,,0,0,0,1,1,0,0.001018,-0.041871,0.7083,-0.1708,0.2668,2,ok
0,2739,-2.096386,-1.674894,0.056320,-0.010571,-0.001835,0.740519,0.199960,0.018434,0.018434,0.000000,,0,0,0,1,1,0,-0.001203,-0.027023,0.7500,-0.1322,0.2675,2,ok
0,2740,-2.076420,-1.673841,0.060876,-0.010852,-0.004574,0.760424,0.199910,0.070273,0.070273,0.000000,,0,0,0,1,1,0,-0.001869,-0.019193,0.8125,-0.1247,0.2703,2,ok
0,2741,-2.052470,-1.672576,0.067844,-0.011196,0.002394,0.784405,0.199822,0.086760,0.086760,0.000000,,0,0,0,1,1,0,-0.000812,-0.013470,0.8125,-0.1744,0.2710,2,ok
0,2742,-2.028532,-1.671298,0.076113,-0.011592,0.005673,0.808328,0.199736,0.103118,0.103118,0.000000,,0,0,0,1,1,0,-0.001703,-0.007104,0.7500,-0.1554,0.2734,2,ok
0,2743,-2.008595,-1.670083,0.082506,-0.011798,0.012066,0.828301,0.199733,0.094646,0.094646,0.000000,,0,0,0,1,1,0,0.000917,0.000491,0.7500,-0.2370,0.2692,2,ok
0,2744,-1.988661,-1.668459,0.079546,-0.011630,0.005281,0.848229,0.200046,-0.135185,-0.055354,0.079832,C-06,0,0,0,1,1,0,0.001151,0.012755,0.7292,-0.2470,0.2686,2,ok
0,2745,-1.964724,-1.666479,0.063831,-0.011502,-0.010434,0.872248,0.200264,-0.353532,-0.205354,0.148178,C-06,0,0,0,1,1,0,0.000182,0.017288,0.7292,-0.2397,0.2670,2,ok
0,2746,-1.940756,-1.664499,0.038356,-0.011379,-0.038153,0.896290,0.200523,-0.320450,-0.320450,0.000000,,0,0,0,1,1,0,0.000310,0.013157,0.7083,-0.2570,0.2646,2,ok
0,2747,-1.916768,-1.662907,0.023308,-0.011658,-0.053201,0.920329,0.200294,0.081864,-0.170450,-0.252314,C-06,0,0,0,1,1,0,-0.004807,-0.016311,0.7292,-0.2594,0.2628,2,ok
0,2748,-1.896772,-1.662340,0.021145,-0.012648,-0.055364,0.940308,0.200020,0.209719,-0.020450,-0.230169,C-06,0,0,0,1,1,0,-0.006486,-0.029392,0.7708,-0.2765,0.2616,2,ok
0,2749,-1.876779,-1.661871,0.029128,-0.013738,-0.047667,0.960276,0.199972,0.231925,0.129550,-0.102375,C-06,0,0,0,1,1,0,-0.009556,-0.029065,0.7917,-0.2554,0.2610,2,ok
0,2750,-1.852793,-1.661312,0.041023,-0.015049,-0.035772,0.984231,0.199891,0.144111,0.144111,0.000000,,0,0,0,1,1,0,-0.010510,-0.024217,0.7917,-0.2549,0.2617,2,ok
0,2751,-1.828823,-1.660752,0.058594,-0.016364,-0.017335,1.008167,0.199721,0.218091,0.218091,0.000000,,0,0,0,1,1,0,-0.013406,-0.005247,0.7917,-0.1721,0.2644,2,ok
0,2752,-1.808861,-1.659818,0.063742,-0.016994,-0.012187,1.028141,0.199847,0.047114,0.068091,0.020977,C-06,0,0,0,1,1,0,-0.013396,0.020583,0.7500,-0.1571,0.2648,2,ok
0,2753,-1.788899,-1.658554,0.058778,-0.017266,-0.014167,1.048240,0.200060,-0.208389,-0.081909,0.126480,C-06,0,0,0,1,1,0,-0.013714,0.037373,0.7500,-0.1419,0.2649,2,ok
0,2754,-1.764934,-1.657020,0.048535,-0.017475,-0.024410,1.072253,0.200168,-0.127438,-0.127438,0.000000,,0,0,0,1,1,0,-0.016004,0.044233,0.7500,-0.0924,0.2649,2,ok
0,2755,-1.740962,-1.655841,0.049757,-0.018039,-0.019387,1.096242,0.199987,0.040035,0.022562,-0.017473,C-06,0,0,0,1,1,0,-0.017388,0.039956,0.7083,-0.0617,0.2671,2,ok
0,2756,-1.716993,-1.654681,0.051197,-0.018628,-0.017947,1.120232,0.199972,0.017231,0.017231,0.000000,,0,0,0,1,1,0,-0.017448,0.043276,0.7292,-0.0510,0.2677,2,ok
0,2757,-1.697018,-1.653708,0.049702,-0.019112,-0.019442,1.140224,0.199989,-0.024913,-0.024913,0.000000,,0,0,0,1,1,0,-0.017028,0.047458,0.7500,-0.0424,0.2679,2,ok
0,2758,-1.677042,-1.652734,0.048158,-0.019415,-0.015153,1.160413,0.200005,-0.022376,-0.022376,0.000000,,0,0,0,1,1,0,-0.016859,0.047801,0.7917,-0.0199,0.2678,2,ok
0,2759,-1.653070,-1.651566,0.048867,-0.019757,-0.014444,1.184411,0.199999,0.010573,0.010573,0.000000,,0,0,0,1,1,0,-0.015302,0.045671,0.7917,-0.0412,0.2665,2,ok
0,2760,-1.629102,-1.650397,0.053571,-0.020031,-0.003067,1.208484,0.199953,0.060406,0.060406,0.000000,,0,0,0,1,1,0,-0.014224,0.046289,0.7500,-0.0325,0.2673,2,ok
0,2761,-1.609132,-1.649411,0.055544,-0.020224,-0.001093,1.228478,0.199944,0.026553,0.026553,0.000000,,0,0,0,1,1,0,-0.013324,0.048949,0.7292,-0.0129,0.2684,2,ok
0,2762,-1.589159,-1.648330,0.048099,-0.020245,0.001494,1.248679,0.200060,-0.185738,-0.123447,0.062291,C-06,0,0,0,1,1,0,-0.011328,0.052988,0.7500,-0.0376,0.2671,2,ok
0,2763,-1.565177,-1.647025,0.026384,-0.020120,-0.020220,1.272697,0.200220,-0.455157,-0.273447,0.181710,C-06,0,0,0,1,1,0,-0.010612,0.047997,0.7083,-0.0389,0.2672,2,ok
0,2764,-1.541180,-1.645721,0.006565,-0.019924,-0.029923,1.296926,0.200290,-0.233604,-0.233604,0.000000,,0,0,0,1,1,0,-0.011583,0.034414,0.7292,-0.0340,0.2668,2,ok
0,2765,-1.517180,-1.645196,-0.001285,-0.020341,-0.037773,1.320928,0.200028,0.105550,-0.083604,-0.189154,C-06,0,0,0,1,1,0,-0.012465,0.006954,0.7500,-0.0534,0.2660,2,ok
0,2766,-1.497180,-1.645205,0.002590,-0.021084,-0.022099,1.341261,0.200000,0.137569,0.066396,-0.071173,C-06,0,0,0,1,1,0,-0.013792,-0.000371,0.7708,-0.0332,0.2675,2,ok
0,2767,-1.477181,-1.645239,0.011262,-0.021572,-0.013427,1.361254,0.199989,0.128389,0.128389,0.000000,,0,0,0,1,1,0,-0.013776,-0.000401,0.7917,-0.0333,0.2672,2,ok
0,2768,-1.453183,-1.645046,0.013489,-0.021925,-0.011200,1.385250,0.199991,0.019104,0.019104,0.000000,,0,0,0,1,1,0,-0.012640,0.005177,0.7917,-0.0406,0.2663,2,ok
0,2769,-1.429186,-1.644817,0.018565,-0.022003,0.003704,1.409476,0.199976,0.063101,0.063101,0.000000,,0,0,0,1,1,0,-0.011236,0.011461,0.7708,-0.0520,0.2663,2,ok
0,2770,-1.409190,-1.644453,0.018888,-0.021886,0.004027,1.429475,0.200000,-0.000475,-0.000475,0.000000,,0,0,0,1,1,0,-0.010738,0.013268,0.7292,-0.0421,0.2673,2,ok
0,2771,-1.389193,-1.644075,0.016176,-0.021575,0.009162,1.449743,0.200009,-0.041790,-0.041790,0.000000,,0,0,0,1,1,0,-0.010485,0.016876,0.7292,-0.0382,0.2669,2,ok
0,2772,-1.365195,-1.643621,0.012117,-0.021121,0.005104,1.473740,0.200021,-0.048696,-0.048696,0.000000,,0,0,0,1,1,0,-0.009940,0.013967,0.7083,-0.0507,0.2674,2,ok
0,2773,-1.341198,-1.643325,0.018967,-0.020825,0.016498,1.497738,0.199979,0.092471,0.092471,0.000000,,0,0,0,1,1,0,-0.010126,0.010660,0.7083,-0.0451,0.2660,2,ok
0,2774,-1.317203,-1.642940,0.020870,-0.020440,0.018401,1.521733,0.199986,0.018388,0.018388,0.000000,,0,0,0,1,1,0,-0.008640,0.015016,0.7292,-0.0559,0.2659,2,ok
0,2775,-1.297206,-1.642573,0.014489,-0.020073,0.014489,1.541729,0.200012,-0.102671,-0.102671,0.000000,,0,0,0,1,1,0,-0.009510,0.018680,0.7708,-0.0206,0.2672,2,ok
0,2776,-1.277208,-1.642273,0.013626,-0.019773,0.013626,1.561728,0.200003,-0.004463,-0.004463,0.000000,,0,0,0,1,1,0,-0.009510,0.018680,0.7708,-0.0206,0.2672,2,ok
0,2777,-1.253211,-1.641924,0.018653,-0.019424,0.018653,1.584535,0.199987,0.064878,0.064878,0.000000,,0,0,0,1,1,0,-0.008499,0.010762,0.8125,-0.0494,0.2671,2,ok
0,2778,-1.229216,-1.641575,0.022438,-0.019075,0.022438,1.609719,0.199972,0.043964,0.043964,0.000000,,0,0,0,1,1,0,-0.007117,0.014968,0.7708,-0.0581,0.2656,2,ok
0,2779,-1.209222,-1.641283,0.026012,-0.018783,0.026012,1.629714,0.199956,0.051966,0.051966,0.000000,,0,0,0,1,1,0,-0.007070,0.019059,0.7292,-0.0410,0.2674,2,ok
0,2780,-1.189228,-1.640786,0.020043,-0.018286,0.020043,1.649708,0.200024,-0.247181,-0.098034,0.149147,C-06,0,0,0,1,1,0,-0.006427,0.024172,0.7292,-0.0421,0.2669,2,ok
0,2781,-1.165229,-1.640172,0.000073,-0.017672,0.000073,1.673706,0.200065,-0.371857,-0.248034,0.123823,C-06,0,0,0,1,1,0,-0.006031,0.018795,0.7083,-0.0458,0.2668,2,ok
0,2782,-1.141230,-1.639577,-0.014653,-0.017077,-0.014653,1.697705,0.200026,-0.168908,-0.168908,0.000000,,0,0,0,1,1,0,-0.006695,0.014127,0.7292,-0.0415,0.2669,2,ok
0,2783,-1.117233,-1.639822,-0.017086,-0.017322,-0.017086,1.721702,0.199988,0.187524,-0.018908,-0.206432,C-06,0,0,0,1,1,0,-0.009434,-0.014121,0.7292,-0.0365,0.2678,2,ok
0,2784,-1.097235,-1.640115,-0.008934,-0.017615,-0.008934,1.741700,0.200013,0.190816,0.131092,-0.059724,C-06,0,0,0,1,1,0,-0.009908,-0.019186,0.7917,-0.0423,0.2674,2,ok
0,2785,-1.077236,-1.640410,-0.002764,-0.017910,-0.002764,1.761700,0.200021,0.084202,0.084202,0.000000,,0,0,0,1,1,0,-0.009787,-0.015587,0.7917,-0.0403,0.2666,2,ok
0,2786,-1.053236,-1.640726,0.002660,-0.018226,0.002660,1.784735,0.200011,0.062643,0.062643,0.000000,,0,0,0,1,1,0,-0.009091,-0.008072,0.7917,-0.0409,0.2676,2,ok
0,2787,-1.029236,-1.640818,0.005931,-0.018318,0.005931,1.809700,0.199997,0.036895,0.036895,0.000000,,0,0,0,1,1,0,-0.008203,-0.000579,0.7708,-0.0508,0.2672,2,ok
0,2788,-1.009236,-1.640741,0.005455,-0.018241,0.005455,1.829699,0.199999,-0.010048,-0.010048,0.000000,,0,0,0,1,1,0,-0.008366,0.003058,0.7292,-0.0403,0.2678,2,ok
0,2789,-0.989236,-1.640656,0.002478,-0.018156,0.002478,1.849699,0.200001,-0.045028,-0.045028,0.000000,,0,0,0,1,1,0,-0.008962,0.005356,0.7292,-0.0202,0.2673,2,ok
0,2790,-0.965236,-1.640600,0.003498,-0.018100,0.003498,1.873699,0.199999,0.016261,0.016261,0.000000,,0,0,0,1,1,0,-0.008607,0.001971,0.6875,-0.0372,0.2672,2,ok
0,2791,-0.941237,-1.640546,0.012392,-0.018046,0.012392,1.897698,0.199986,0.112643,0.112643,0.000000,,0,0,0,1,1,0,-0.008595,0.001984,0.6875,-0.0367,0.2671,2,ok
0,2792,-0.917239,-1.640278,0.013505,-0.017778,0.013505,1.921696,0.199996,0.007038,0.007038,0.000000,,0,0,0,1,1,0,-0.007045,0.006762,0.7292,-0.0470,0.2656,2,ok
0,2793,-0.897240,-1.640037,0.005530,-0.017537,0.005530,1.941695,0.200011,-0.124998,-0.124998,0.000000,,0,0,0,1,1,0,-0.006929,0.012940,0.7708,-0.0340,0.2684,2,ok
0,2794,-0.877241,-1.639928,0.006535,-0.017428,0.006535,1.961695,0.199998,0.046998,0.025002,-0.021995,C-06,0,0,0,1,1,0,-0.007175,0.006179,0.7917,-0.0403,0.2674,2,ok
0,2795,-0.853242,-1.639809,0.012644,-0.017309,0.012644,1.985035,0.199987,0.075968,0.075968,0.000000,,0,0,0,1,1,0,-0.007466,0.004407,0.7917,-0.0371,0.2674,2,ok
0,2796,-0.829244,-1.639650,0.015942,-0.017150,0.015942,2.009691,0.199982,0.036924,0.036924,0.000000,,0,0,0,1,1,0,-0.005974,0.009332,0.7708,-0.0522,0.2666,2,ok
0,2797,-0.809247,-1.639392,0.017191,-0.016892,0.017191,2.029688,0.199989,0.016396,0.016396,0.000000,,0,0,0,1,1,0,-0.005543,0.012101,0.7292,-0.0516,0.2668,2,ok
0,2798,-0.789249,-1.639099,0.008868,-0.016599,0.008868,2.049687,0.200013,-0.243860,-0.133604,0.110256,C-06,0,0,0,1,1,0,-0.005300,0.013469,0.7292,-0.0490,0.2655,2,ok
0,2799,-0.765250,-1.638746,-0.013779,-0.016246,-0.013779,2.073686,0.200005,-0.279862,-0.279862,0.000000,,0,0,0,1,1,0,-0.005924,0.009428,0.7083,-0.0402,0.2664,2,ok
0,2800,-0.741255,-1.638576,-0.025637,-0.016076,-0.025637,2.097681,0.199937,0.066452,-0.129862,-0.196315,C-06,0,0,0,1,1,0,-0.007287,-0.004818,0.7083,-0.0449,0.2669,2,ok
0,2801,-0.717262,-1.639161,-0.024804,-0.016661,-0.024804,2.121673,0.200007,0.168424,0.020138,-0.148287,C-06,0,0,0,1,1,0,-0.009937,-0.025499,0.7292,-0.0348,0.2682,2,ok
0,2802,-0.697267,-1.639685,-0.013973,-0.017185,-0.013973,2.141669,0.200047,0.174270,0.170138,-0.004132,C-06,0,0,0,1,1,0,-0.010151,-0.027370,0.8125,-0.0456,0.2668,2,ok
0,2803,-0.677268,-1.640196,-0.008290,-0.017696,-0.008290,2.161668,0.200050,0.073113,0.073113,0.000000,,0,0,0,1,1,0,-0.009934,-0.021006,0.7917,-0.0435,0.2675,2,ok
0,2804,-0.653268,-1.640754,0.000311,-0.018254,0.000311,2.185235,0.200049,0.103283,0.103283,0.000000,,0,0,0,1,1,0,-0.009441,-0.015014,0.7917,-0.0432,0.2660,2,ok
0,2805,-0.629268,-1.641024,0.006129,-0.018524,0.006129,2.209667,0.200003,0.067117,0.067117,0.000000,,0,0,0,1,1,0,-0.008777,-0.007485,0.7708,-0.0523,0.2657,2,ok
0,2806,-0.609269,-1.640922,0.006190,-0.018422,0.006190,2.229667,0.200000,-0.004929,-0.004929,0.000000,,0,0,0,1,1,0,-0.008327,-0.001704,0.7708,-0.0511,0.2667,2,ok
0,2807,-0.589269,-1.640798,0.003619,-0.018298,0.003619,2.249667,0.200002,-0.039238,-0.039238,0.000000,,0,0,0,1,1,0,-0.008842,0.004897,0.7292,-0.0246,0.2678,2,ok
0,2808,-0.565269,-1.640648,0.000474,-0.018148,0.000474,2.273667,0.200004,-0.036911,-0.036911,0.000000,,0,0,0,1,1,0,-0.007899,0.000437,0.7083,-0.0509,0.2662,2,ok
0,2809,-0.541269,-1.640606,0.008948,-0.018106,0.008948,2.297666,0.199993,0.112108,0.112108,0.000000,,0,0,0,1,1,0,-0.008226,-0.000486,0.7083,-0.0478,0.2662,2,ok
0,2810,-0.517270,-1.640447,0.010766,-0.017947,0.010766,2.321665,0.199994,0.015071,0.015071,0.000000,,0,0,0,1,1,0,-0.008022,0.000279,0.6875,-0.0417,0.2649,2,ok
0,2811,-0.497271,-1.640289,0.005684,-0.017789,0.005684,2.341664,0.200003,-0.079921,-0.079921,0.000000,,0,0,0,1,1,0,-0.007356,0.007087,0.7708,-0.0424,0.2667,2,ok
0,2812,-0.477272,-1.640179,0.006813,-0.017679,0.006813,2.361664,0.199998,0.023490,0.023490,0.000000,,0,0,0,1,1,0,-0.007545,0.004022,0.7917,-0.0399,0.2667,2,ok
0,2813,-0.453273,-1.640052,0.012705,-0.017552,0.012705,2.385435,0.199987,0.072860,0.072860,0.000000,,0,0,0,1,1,0,-0.007757,0.003992,0.7917,-0.0303,0.2677,2,ok
0,2814,-0.429275,-1.639923,0.017261,-0.017423,0.017261,2.409660,0.199975,0.053020,0.053020,0.000000,,0,0,0,1,1,0,-0.006961,0.011907,0.7708,-0.0294,0.2674,2,ok
0,2815,-0.409279,-1.639662,0.018983,-0.017162,0.018983,2.429657,0.199984,0.022496,0.022496,0.000000,,0,0,0,1,1,0,-0.005692,0.013756,0.7500,-0.0511,0.2669,2,ok
0,2816,-0.389281,-1.639329,0.011085,-0.016829,0.011085,2.449654,0.200015,-0.244363,-0.127504,0.116859,C-06,0,0,0,1,1,0,-0.005361,0.017261,0.7292,-0.0416,0.2674,2,ok
0,2817,-0.365282,-1.638923,-0.011333,-0.016423,-0.011333,2.473654,0.200018,-0.306762,-0.277504,0.029259,C-06,0,0,0,1,1,0,-0.006362,0.010935,0.7083,-0.0284,0.2677,2,ok
0,2818,-0.341285,-1.638699,-0.022803,-0.016199,-0.022803,2.497650,0.199952,0.059114,-0.127504,-0.186618,C-06,0,0,0,1,1,0,-0.007556,-0.003321,0.6875,-0.0332,0.2660,2,ok
0,2819,-0.317292,-1.639223,-0.021564,-0.016723,-0.021564,2.521644,0.200007,0.170486,0.022496,-0.147990,C-06,0,0,0,1,1,0,-0.008701,-0.023764,0.7292,-0.0558,0.2670,2,ok
0,2820,-0.297294,-1.639686,-0.010228,-0.017186,-0.010228,2.541641,0.200042,0.180416,0.172496,-0.007919,C-06,0,0,0,1,1,0,-0.009841,-0.024352,0.7500,-0.0404,0.2671,2,ok
0,2821,-0.277295,-1.640142,-0.004146,-0.017642,-0.004146,2.561641,0.200044,0.079820,0.079820,0.000000,,0,0,0,1,1,0,-0.009725,-0.016409,0.7917,-0.0332,0.2682,2,ok
0,2822,-0.253295,-1.640450,0.000222,-0.017950,0.000222,2.585641,0.200011,0.049736,0.049736,0.000000,,0,0,0,1,1,0,-0.008596,-0.010298,0.7917,-0.0493,0.2673,2,ok
0,2823,-0.229295,-1.640586,0.003186,-0.018086,0.003186,2.609641,0.200001,0.033861,0.033861,0.000000,,0,0,0,1,1,0,-0.008663,-0.002965,0.7708,-0.0391,0.2677,2,ok
0,2824,-0.209295,-1.640538,0.003242,-0.018038,0.003242,2.629640,0.200000,-0.002091,-0.002091,0.000000,,0,0,0,1,1,0,-0.008737,0.001176,0.7292,-0.0334,0.2677,2,ok
0,2825,-0.189295,-1.640479,0.000673,-0.017979,0.000673,2.649640,0.200001,-0.038996,-0.038996,0.000000,,0,0,0,1,1,0,-0.008261,0.001272,0.7083,-0.0422,0.2665,2,ok
0,2826,-0.165295,-1.640464,0.001779,-0.017964,0.001779,2.673640,0.200000,0.016902,0.016902,0.000000,,0,0,0,1,1,0,-0.008220,-0.002239,0.7083,-0.0467,0.2663,2,ok
0,2827,-0.141295,-1.640453,0.006472,-0.017953,0.006472,2.697640,0.199996,0.058256,0.058256,0.000000,,0,0,0,1,1,0,-0.008220,-0.002239,0.7083,-0.0467,0.2663,2,ok
0,2828,-0.117296,-1.640442,0.010436,-0.017942,0.010436,2.721639,0.199990,0.046114,0.046114,0.000000,,0,0,0,1,1,0,-0.007082,0.003537,0.7500,-0.0594,0.2656,2,ok
0,2829,-0.097297,-1.640269,0.008880,-0.017769,0.008880,2.741638,0.200001,-0.028295,-0.028295,0.000000,,0,0,0,1,1,0,-0.007859,0.008092,0.7708,-0.0256,0.2680,2,ok
0,2830,-0.077298,-1.640088,0.010187,-0.017588,0.010187,2.761637,0.199998,0.022898,0.022898,0.000000,,0,0,0,1,1,0,-0.007426,0.006457,0.7917,-0.0350,0.2672,2,ok
0,2831,-0.053300,-1.639872,0.016368,-0.017372,0.016368,2.785635,0.199982,0.077250,0.077250,0.000000,,0,0,0,1,1,0,-0.006718,0.005234,0.7917,-0.0536,0.2659,2,ok
0,2832,-0.029304,-1.639628,0.019755,-0.017128,0.019755,2.809631,0.199975,0.038420,0.038420,0.000000,,0,0,0,1,1,0,-0.006092,0.015206,0.7708,-0.0398,0.2662,2,ok
0,2833,-0.009308,-1.639248,0.020094,-0.016748,0.020094,2.829627,0.199998,0.001945,0.001945,0.000000,,0,0,0,1,1,0,-0.005697,0.016991,0.7292,-0.0332,0.2678,2,ok
0,2834,0.010689,-1.638854,0.010676,-0.016354,0.010676,2.849625,0.200026,-0.276802,-0.148055,0.128747,C-06,0,0,0,1,1,0,-0.004973,0.018503,0.7292,-0.0406,0.2672,2,ok
0,2835,0.034689,-1.638382,-0.013578,-0.015882,-0.013578,2.873624,0.200023,-0.363879,-0.298055,0.065824,C-06,0,0,0,1,1,0,-0.004798,0.012171,0.7083,-0.0516,0.2663,2,ok
0,2836,0.058683,-1.638131,-0.026852,-0.015631,-0.026852,2.897619,0.199933,0.026619,-0.148055,-0.174674,C-06,0,0,0,1,1,0,-0.006843,-0.006850,0.7083,-0.0471,0.2662,2,ok
0,2837,0.082674,-1.638749,-0.027422,-0.016249,-0.027422,2.921610,0.200001,0.182509,0.001945,-0.180564,C-06,0,0,0,1,1,0,-0.009749,-0.026188,0.7292,-0.0282,0.2678,2,ok
0,2838,0.102669,-1.639300,-0.017882,-0.016800,-0.017882,2.941604,0.200042,0.184872,0.151945,-0.032927,C-06,0,0,0,1,1,0,-0.009903,-0.030869,0.7917,-0.0461,0.2660,2,ok
0,2839,0.122667,-1.639851,-0.011053,-0.017351,-0.011053,2.961602,0.200063,0.093293,0.093293,0.000000,,0,0,0,1,1,0,-0.010401,-0.024612,0.7917,-0.0295,0.2676,2,ok
0,2840,0.146666,-1.640510,-0.001210,-0.018010,-0.001210,2.985602,0.200071,0.117987,0.117987,0.000000,,0,0,0,1,1,0,-0.009567,-0.016712,0.7917,-0.0411,0.2667,2,ok
0,2841,0.170666,-1.640797,0.004233,-0.018297,0.004233,3.009602,0.200006,0.060295,0.060295,0.000000,,0,0,0,1,1,0,-0.009129,-0.004797,0.7500,-0.0341,0.2672,2,ok
0,2842,0.190666,-1.640738,0.002182,-0.018238,0.002182,3.029602,0.200001,-0.037227,-0.037227,0.000000,,0,0,0,1,1,0,-0.008918,0.001954,0.7292,-0.0312,0.2673,2,ok
0,2843,0.210666,-1.640658,-0.003783,-0.018158,-0.003783,3.049601,0.200000,-0.087581,-0.087581,0.000000,,0,0,0,1,1,0,-0.008988,0.001099,0.7292,-0.0301,0.2671,2,ok
0,2844,0.234666,-1.640748,-0.000559,-0.018248,-0.000559,3.073601,0.200002,0.046346,0.046346,0.000000,,0,0,0,1,1,0,-0.009085,-0.004380,0.6875,-0.0452,0.2664,2,ok
0,2845,0.258666,-1.640849,0.008388,-0.018349,0.008388,3.097601,0.199995,0.110188,0.110188,0.000000,,0,0,0,1,1,0,-0.009277,-0.006457,0.7083,-0.0377,0.2672,2,ok
0,2846,0.282665,-1.640706,0.010016,-0.018206,0.010016,3.121600,0.199995,0.013620,0.013620,0.000000,,0,0,0,1,1,0,-0.007492,0.003834,0.7500,-0.0536,0.2656,2,ok
0,2847,0.302664,-1.640562,0.005704,-0.018062,0.005704,3.141599,0.200002,-0.067688,-0.067688,0.000000,,0,0,0,1,1,0,-0.008028,0.008694,0.7708,-0.0306,0.2686,2,ok
0,2848,0.322664,-1.640452,0.006291,-0.017952,0.006291,3.161599,0.199999,0.014204,0.014204,0.000000,,0,0,0,1,1,0,-0.007875,0.005669,0.7917,-0.0338,0.2671,2,ok
0,2849,0.346663,-1.640323,0.011353,-0.017823,0.011353,3.185598,0.199991,0.062957,0.062957,0.000000,,0,0,0,1,1,0,-0.008224,0.003061,0.7917,-0.0321,0.2660,2,ok
0,2850,0.370660,-1.640194,0.016039,-0.017694,0.016039,3.209596,0.199978,0.055151,0.055151,0.000000,,0,0,0,1,1,0,-0.007015,0.011357,0.7708,-0.0435,0.2668,2,ok
0,2851,0.390657,-1.639997,0.018567,-0.017497,0.018567,3.229593,0.199979,0.034476,0.034476,0.000000,,0,0,0,1,1,0,-0.006607,0.013318,0.7292,-0.0356,0.2670,2,ok
0,2852,0.410655,-1.639663,0.011483,-0.017163,0.011483,3.249590,0.200015,-0.195558,-0.115524,0.080034,C-06,0,0,0,1,1,0,-0.005795,0.014358,0.7292,-0.0452,0.2664,2,ok
0,2853,0.434654,-1.639253,-0.009925,-0.016753,-0.009925,3.273590,0.200021,-0.347701,-0.265524,0.082176,C-06,0,0,0,1,1,0,-0.005684,0.015137,0.7292,-0.0472,0.2666,2,ok
0,2854,0.458651,-1.639041,-0.020504,-0.016541,-0.020504,3.297587,0.199961,0.030973,-0.115524,-0.146497,C-06,0,0,0,1,1,0,-0.006747,-0.002756,0.7292,-0.0587,0.2671,2,ok
0,2855,0.482647,-1.639507,-0.018375,-0.017007,-0.018375,3.321582,0.200009,0.147404,0.034476,-0.112929,C-06,0,0,0,1,1,0,-0.009836,-0.019860,0.7083,-0.0338,0.2673,2,ok
0,2856,0.502645,-1.639924,-0.008959,-0.017424,-0.008959,3.341580,0.200034,0.143400,0.143400,0.000000,,0,0,0,1,1,0,-0.010414,-0.021531,0.7708,-0.0282,0.2678,2,ok
0,2857,0.522644,-1.640309,-0.004171,-0.017809,-0.004171,3.361580,0.200028,0.061362,0.061362,0.000000,,0,0,0,1,1,0,-0.009285,-0.016356,0.7917,-0.0483,0.2657,2,ok
0,2858,0.546644,-1.640623,0.000284,-0.018123,0.000284,3.385580,0.200012,0.051953,0.051953,0.000000,,0,0,0,1,1,0,-0.008925,-0.009275,0.7917,-0.0426,0.2677,2,ok
0,2859,0.570644,-1.640731,0.002697,-0.018231,0.002697,3.409580,0.200000,0.026762,0.026762,0.000000,,0,0,0,1,1,0,-0.008820,-0.004905,0.7708,-0.0392,0.2677,2,ok
0,2860,0.590644,-1.640721,0.003590,-0.018221,0.003590,3.429579,0.199999,0.011413,0.011413,0.000000,,0,0,0,1,1,0,-0.008127,-0.002242,0.7292,-0.0532,0.2667,2,ok
0,2861,0.610644,-1.640696,0.000645,-0.018196,0.000645,3.449579,0.200000,-0.045965,-0.045965,0.000000,,0,0,0,1,1,0,-0.009157,0.001801,0.7083,-0.0175,0.2675,2,ok
0,2862,0.634644,-1.640684,0.000824,-0.018184,0.000824,3.473579,0.200000,0.004239,0.004239,0.000000,,0,0,0,1,1,0,-0.008754,-0.000638,0.7083,-0.0417,0.2667,2,ok
0,2863,0.658644,-1.640672,0.009013,-0.018172,0.009013,3.497579,0.199993,0.104462,0.104462,0.000000,,0,0,0,1,1,0,-0.008769,-0.000416,0.6875,-0.0405,0.2659,2,ok
0,2864,0.682642,-1.640496,0.010412,-0.017996,0.010412,3.521578,0.199996,0.010289,0.010289,0.000000,,0,0,0,1,1,0,-0.007544,0.006131,0.7500,-0.0425,0.2656,2,ok
0,2865,0.702642,-1.640330,0.004579,-0.017830,0.004579,3.541577,0.200004,-0.091230,-0.091230,0.000000,,0,0,0,1,1,0,-0.007840,0.007364,0.7708,-0.0297,0.2676,2,ok
0,2866,0.722642,-1.640242,0.005288,-0.017742,0.005288,3.561577,0.199999,0.017866,0.017866,0.000000,,0,0,0,1,1,0,-0.007788,0.005371,0.7917,-0.0363,0.2673,2,ok
0,2867,0.746641,-1.640143,0.010462,-0.017643,0.010462,3.585576,0.199991,0.064060,0.064060,0.000000,,0,0,0,1,1,0,-0.008060,0.003240,0.7917,-0.0380,0.2658,2,ok
0,2868,0.770639,-1.640043,0.015438,-0.017543,0.015438,3.609574,0.199979,0.058742,0.058742,0.000000,,0,0,0,1,1,0,-0.007926,0.009524,0.7292,-0.0110,0.2671,2,ok
0,2869,0.790636,-1.639883,0.018462,-0.017383,0.018462,3.629571,0.199976,0.041868,0.041868,0.000000,,0,0,0,1,1,0,-0.006680,0.010196,0.7083,-0.0314,0.2654,2,ok
0,2870,0.810633,-1.639547,0.011882,-0.017047,0.011882,3.649569,0.200015,-0.184690,-0.108132,0.076558,C-06,0,0,0,1,1,0,-0.005964,0.014358,0.7083,-0.0408,0.2660,2,ok
0,2871,0.834633,-1.639129,-0.008901,-0.016629,-0.008901,3.673568,0.200024,-0.307862,-0.258132,0.049730,C-06,0,0,0,1,1,0,-0.006347,0.011534,0.6875,-0.0303,0.2677,2,ok
0,2872,0.858630,-1.638922,-0.018971,-0.016422,-0.018971,3.697566,0.199967,0.007981,-0.108132,-0.116113,C-06,0,0,0,1,1,0,-0.007825,-0.002980,0.6667,-0.0273,0.2671,2,ok
0,2873,0.882626,-1.639349,-0.016335,-0.016849,-0.016335,3.721562,0.200010,0.135967,0.041868,-0.094099,C-06,0,0,0,1,1,0,-0.009560,-0.019795,0.6875,-0.0342,0.2664,2,ok
0,2874,0.902625,-1.639736,-0.006161,-0.017236,-0.006161,3.741560,0.200033,0.155568,0.155568,0.000000,,0,0,0,1,1,0,-0.009867,-0.020594,0.7292,-0.0343,0.2668,2,ok
0,2875,0.922625,-1.640114,-0.000212,-0.017614,-0.000212,3.761560,0.200030,0.079645,0.079645,0.000000,,0,0,0,1,1,0,-0.008078,-0.012621,0.7708,-0.0709,0.2680,2,ok
0,2876,0.946625,-1.640317,0.003951,-0.017817,0.003951,3.785560,0.200002,0.047175,0.047175,0.000000,,0,0,0,1,1,0,-0.006583,-0.005324,0.7708,-0.1010,0.2662,2,ok
0,2877,0.970624,-1.640440,0.008695,-0.017940,0.008695,3.809560,0.199994,0.056626,0.056626,0.000000,,0,0,0,1,1,0,-0.005592,0.000130,0.7500,-0.1226,0.2710,2,ok
0,2878,0.990623,-1.640443,0.012246,-0.017943,0.012246,3.829559,0.199986,0.049987,0.049987,0.000000,,0,0,0,1,1,0,-0.005164,0.004624,0.7083,-0.1259,0.2706,2,ok
0,2879,1.010622,-1.640228,0.009397,-0.017728,0.009397,3.849557,0.200004,-0.046882,-0.046882,0.000000,,0,0,0,1,1,0,-0.004719,0.010806,0.7083,-0.1402,0.2711,2,ok
0,2880,1.034621,-1.639955,0.000592,-0.017455,0.000592,3.873557,0.200013,-0.107841,-0.107841,0.000000,,0,0,0,1,1,0,-0.003987,0.008130,0.6458,-0.1699,0.2702,2,ok
0,2881,1.058621,-1.639938,0.003281,-0.017438,0.003281,3.897557,0.199999,0.096900,0.042159,-0.054741,C-06,0,0,0,1,1,0,-0.004512,0.002114,0.6458,-0.1904,0.2713,2,ok
0,2882,1.082621,-1.639938,0.006298,-0.017438,0.006298,3.921557,0.199996,0.035220,0.035220,0.000000,,0,0,0,1,1,0,-0.002513,-0.000794,0.6667,-0.2481,0.2639,2,ok
0,2883,1.102621,-1.639846,-0.000786,-0.017346,-0.000786,3.941556,0.200003,-0.126027,-0.114780,0.011248,C-06,0,0,0,1,1,0,-0.003145,0.007348,0.7292,-0.2639,0.2642,2,ok
0,2884,1.122621,-1.639837,-0.001968,-0.017337,-0.001968,3.961556,0.200000,-0.008155,-0.008155,0.000000,,0,0,0,1,1,0,-0.004165,0.009609,0.7500,-0.2499,0.2647,2,ok
0,2885,1.146621,-1.639844,0.002734,-0.017344,0.002734,3.985556,0.199999,0.059763,0.059763,0.000000,,0,0,0,1,1,0,-0.007107,0.006751,0.7500,-0.2241,0.2658,2,ok
0,2886,1.170621,-1.639850,0.006889,-0.017350,0.006889,4.009556,0.199996,0.048396,0.048396,0.000000,,0,0,0,1,1,0,-0.007442,0.017059,0.7500,-0.2321,0.2642,2,ok
0,2887,1.190620,-1.639856,0.012020,-0.017356,0.012020,4.029555,0.199986,0.074795,0.074795,0.000000,,0,0,0,1,1,0,-0.008048,0.026930,0.7500,-0.2175,0.2676,2,ok
0,2888,1.210618,-1.639626,0.011932,-0.017126,0.011932,4.049554,0.200001,-0.007058,-0.007058,0.000000,,0,0,0,1,1,0,-0.008048,0.026930,0.7500,-0.2175,0.2676,2,ok
0,2889,1.234618,-1.639328,-0.000503,-0.016828,-0.000503,4.073553,0.200015,-0.198829,-0.157058,0.041771,C-06,0,0,0,1,1,0,-0.009630,0.050131,0.6667,-0.1745,0.2633,2,ok
0,2890,1.258617,-1.639031,-0.015133,-0.016531,-0.015133,4.097552,0.199994,-0.174266,-0.174266,0.000000,,0,0,0,1,1,0,-0.011190,0.051500,0.6458,-0.1493,0.2656,2,ok
0,2891,1.282613,-1.639282,-0.017912,-0.016782,-0.017912,4.121549,0.199985,0.109259,-0.024266,-0.133525,C-06,0,0,0,1,1,0,-0.013940,0.040644,0.7083,-0.1076,0.2687,2,ok
0,2892,1.302609,-1.639541,-0.021574,-0.017041,-0.019516,4.141545,0.199971,-0.054549,-0.054549,0.000000,,0,0,0,1,1,0,-0.014738,0.035041,0.7083,-0.0996,0.2681,2,ok
0,2893,1.322604,-1.639810,-0.025060,-0.017310,-0.023002,4.161539,0.199959,-0.049640,-0.049640,0.000000,,0,0,0,1,1,0,-0.014738,0.035041,0.7083,-0.0996,0.2681,2,ok
0,2894,1.346597,-1.640376,-0.022429,-0.017876,-0.020372,4.185533,0.200008,0.037560,0.037560,0.000000,,0,0,0,1,1,0,-0.014560,0.033789,0.7500,-0.1081,0.2650,2,ok
0,2895,1.370591,-1.640957,-0.020961,-0.018457,-0.014772,4.209527,0.200014,0.016114,0.016114,0.000000,,0,0,0,1,1,0,-0.014310,0.034745,0.7083,-0.0903,0.2648,2,ok
0,2896,1.390587,-1.641441,-0.019026,-0.018941,-0.012837,4.229523,0.200022,0.028717,0.028717,0.000000,,0,0,0,1,1,0,-0.015750,0.041706,0.7500,-0.0369,0.2665,2,ok
0,2897,1.410582,-1.641858,-0.026459,-0.019229,-0.012423,4.249716,0.199975,-0.138938,-0.121283,0.017655,C-06,0,0,0,1,1,0,-0.015379,0.052620,0.6875,-0.0092,0.2687,2,ok
0,2898,1.434566,-1.642351,-0.047891,-0.019476,-0.033855,4.273704,0.199823,-0.276242,-0.271283,0.004959,C-06,0,0,0,1,1,0,-0.015800,0.046269,0.6875,0.0090,0.2692,2,ok
0,2899,1.458531,-1.643048,-0.058675,-0.019801,-0.035239,4.297881,0.199777,0.093797,-0.121283,-0.215080,C-06,0,0,0,1,1,0,-0.019322,0.041306,0.6250,0.0536,0.2681,2,ok
0,2900,1.482490,-1.644420,-0.057166,-0.020678,-0.033729,4.321863,0.200018,0.037919,0.028717,-0.009202,C-06,0,0,0,1,1,0,-0.019401,0.019989,0.6875,0.0553,0.2671,2,ok
0,2901,1.502461,-1.645596,-0.051835,-0.021294,-0.017006,4.342250,0.200074,0.081518,0.081518,0.000000,,0,0,0,1,1,0,-0.018900,0.016945,0.7500,0.0591,0.2657,2,ok
0,2902,1.522436,-1.646771,-0.047952,-0.021685,-0.013122,4.362256,0.200114,0.054584,0.054584,0.000000,,0,0,0,1,1,0,-0.017201,0.019533,0.7500,0.0221,0.2635,2,ok
0,2903,1.546411,-1.648162,-0.042626,-0.022105,0.002808,4.386440,0.200131,0.065084,0.065084,0.000000,,0,0,0,1,1,0,-0.015595,0.026243,0.7083,0.0267,0.2642,2,ok
0,2904,1.570393,-1.649497,-0.034213,-0.022313,0.011221,4.410458,0.200189,0.103311,0.103311,0.000000,,0,0,0,1,1,0,-0.012232,0.030921,0.7083,-0.0254,0.2652,2,ok
0,2905,1.590383,-1.650346,-0.030827,-0.022221,0.014607,4.430465,0.200067,0.045399,0.045399,0.000000,,0,0,0,1,1,0,-0.012577,0.032796,0.7083,0.0269,0.2657,2,ok
0,2906,1.610371,-1.650990,-0.037091,-0.021736,0.018760,4.450680,0.199965,-0.182121,-0.104601,0.077520,C-06,0,0,0,1,1,0,-0.013850,0.041439,0.7083,0.1061,0.2701,2,ok
0,2907,1.634345,-1.651746,-0.057010,-0.021126,-0.001159,4.474657,0.199785,-0.308114,-0.254601,0.053513,C-06,0,0,0,1,1,0,-0.011664,0.037761,0.6250,0.0378,0.2657,2,ok
0,2908,1.658299,-1.652726,-0.066270,-0.020626,-0.003745,4.498759,0.199771,0.152117,-0.104601,-0.256718,C-06,0,0,0,1,1,0,-0.012274,0.025029,0.6250,0.0671,0.2649,2,ok
0,2909,1.682248,-1.654275,-0.063432,-0.020656,-0.000908,4.522758,0.200030,0.094185,0.045399,-0.048786,C-06,0,0,0,1,1,0,-0.016971,0.009070,0.7500,0.1640,0.2685,2,ok
0,2910,1.702209,-1.655592,-0.061330,-0.020584,0.007456,4.542958,0.200057,0.029717,0.029717,0.000000,,0,0,0,1,1,0,-0.014091,0.005245,0.7917,0.1151,0.2633,2,ok
0,2911,1.722173,-1.656908,-0.059227,-0.020445,0.009559,4.562964,0.200077,0.031035,0.031035,0.000000,,0,0,0,1,1,0,-0.015425,0.011127,0.7500,0.1696,0.2666,2,ok
0,2912,1.746135,-1.658473,-0.051774,-0.020266,0.021219,4.586974,0.200154,0.095734,0.095734,0.000000,,0,0,0,1,1,0,-0.014543,0.014943,0.7292,0.1785,0.2636,2,ok
0,2913,1.770106,-1.659936,-0.046858,-0.019986,0.026134,4.610988,0.200123,0.057594,0.057594,0.000000,,0,0,0,1,1,0,-0.013133,0.012533,0.7500,0.2089,0.2657,2,ok
0,2914,1.790084,-1.660899,-0.048083,-0.019498,0.024909,4.628879,0.199994,-0.024645,-0.024645,0.000000,,0,0,0,1,1,0,-0.012686,0.017533,0.7292,0.2353,0.2679,2,ok
0,2915,1.810055,-1.661845,-0.059288,-0.018867,0.016611,4.651079,0.199880,-0.218295,-0.174645,0.043651,C-06,0,0,0,1,1,0,-0.011784,0.012354,0.7083,0.2430,0.2668,2,ok
0,2916,1.834005,-1.662981,-0.070085,-0.018125,0.005815,4.675044,0.199740,-0.129759,-0.129759,0.000000,,0,0,0,1,1,0,-0.011581,0.001898,0.6875,0.2374,0.2681,2,ok
0,2917,1.857946,-1.664636,-0.069066,-0.017908,0.007760,4.699036,0.200014,0.096595,0.020241,-0.076354,C-06,0,0,0,1,1,0,-0.010038,-0.016004,0.6667,0.1990,0.2653,2,ok
0,2918,1.881894,-1.666319,-0.063145,-0.017720,0.013681,4.723041,0.200090,0.075374,0.075374,0.000000,,0,0,0,1,1,0,-0.011150,-0.022651,0.7083,0.2447,0.2674,2,ok
0,2919,1.901856,-1.667720,-0.059644,-0.017564,0.016924,4.743049,0.200128,0.049760,0.049760,0.000000,,0,0,0,1,1,0,-0.010527,-0.023920,0.7708,0.2637,0.2680,2,ok
0,2920,1.921824,-1.669106,-0.052869,-0.017393,0.023698,4.763065,0.200197,0.103393,0.103393,0.000000,,0,0,0,1,1,0,-0.009180,-0.024720,0.7500,0.2491,0.2668,2,ok
0,2921,1.945795,-1.670692,-0.045963,-0.017113,0.028334,4.787078,0.200183,0.082857,0.082857,0.000000,,0,0,0,1,1,0,-0.007808,-0.026128,0.7292,0.2428,0.2664,2,ok
0,2922,1.969770,-1.671831,-0.045122,-0.016396,0.029176,4.811070,0.200014,0.007700,0.007700,0.000000,,0,0,0,1,1,0,-0.006431,-0.026450,0.7083,0.2493,0.2652,2,ok
0,2923,1.989747,-1.672764,-0.052081,-0.015782,0.022217,4.829387,0.199951,-0.111755,-0.111755,0.000000,,0,0,0,1,1,0,-0.002680,-0.027185,0.6875,0.1371,0.2590,2,ok
0,2924,2.009714,-1.673697,-0.062672,-0.015300,0.008168,4.850946,0.199832,-0.158999,-0.158999,0.000000,,0,0,0,1,1,0,-0.010324,-0.033864,0.7083,0.3774,0.2710,2,ok
0,2925,2.033665,-1.675163,-0.064017,-0.015055,0.006823,4.874941,0.199978,0.134957,-0.008999,-0.143955,C-06,0,0,0,1,1,0,-0.012537,-0.043577,0.6667,0.4191,0.2688,2,ok
0,2926,2.057623,-1.676656,-0.053956,-0.014921,0.011915,4.898879,0.200091,0.135157,0.135157,0.000000,,0,0,0,1,1,0,-0.015187,-0.061213,0.6458,0.4917,0.2724,2,ok
0,2927,2.081592,-1.678150,-0.047675,-0.014807,0.018195,4.922895,0.200158,0.072280,0.072280,0.000000,,0,0,0,1,1,0,-0.011857,-0.061151,0.7292,0.4660,0.2663,2,ok
0,2928,2.101571,-1.679302,-0.043603,-0.014696,0.015331,4.942814,0.200117,0.058213,0.058213,0.000000,,0,0,0,1,1,0,-0.012060,-0.062104,0.7292,0.5112,0.2661,2,ok
0,2929,2.121554,-1.680404,-0.038182,-0.014583,0.020751,4.962828,0.200153,0.080502,0.080502,0.000000,,0,0,0,1,1,0,-0.012659,-0.062896,0.7500,0.5497,0.2669,2,ok
0,2930,2.145540,-1.681637,-0.031487,-0.014397,0.018997,4.986733,0.200133,0.080709,0.080709,0.000000,,0,0,0,1,1,0,-0.010020,-0.062730,0.7292,0.5032,0.2656,2,ok
0,2931,2.169530,-1.682689,-0.025240,-0.014176,0.025244,5.010745,0.200103,0.074610,0.074610,0.000000,,0,0,0,1,1,0,-0.011230,-0.070676,0.7292,0.6076,0.2705,2,ok
0,2932,2.189525,-1.683440,-0.020272,-0.013867,0.030212,5.030752,0.200082,0.071026,0.071026,0.000000,,0,0,0,1,1,0,0.000647,-0.078330,0.6667,0.2517,0.2492,2,ok
0,2933,2.209522,-1.684135,-0.012350,-0.013687,0.028210,5.050618,0.200104,0.116497,0.116497,0.000000,,0,0,0,1,1,0,-0.010953,-0.079509,0.7292,0.6546,0.2686,2,ok
0,2934,2.233521,-1.684962,0.000353,-0.013489,0.040913,5.074630,0.200107,0.152600,0.152600,0.000000,,0,0,0,1,1,0,-0.011567,-0.086411,0.7083,0.6940,0.2711,2,ok
0,2935,2.257521,-1.685475,0.011252,-0.013170,0.039288,5.098452,0.200014,0.127090,0.127090,0.000000,,0,0,0,1,1,0,-0.008506,-0.093027,0.6667,0.6869,0.2674,2,ok
0,2936,2.281518,-1.685558,0.018698,-0.012556,0.046734,5.122441,0.199966,0.086144,0.086144,0.000000,,0,0,0,1,1,0,-0.007276,-0.101731,0.7292,0.7221,0.2687,2,ok
0,2937,2.301514,-1.685392,0.022911,-0.011884,0.036174,5.142285,0.199960,0.058099,0.058099,0.000000,,0,0,0,1,1,0,-0.006416,-0.101496,0.7708,0.7288,0.2655,2,ok
0,2938,2.321506,-1.685172,0.031197,-0.011318,0.044460,5.162271,0.199918,0.122171,0.122171,0.000000,,0,0,0,1,1,0,-0.006132,-0.106275,0.7708,0.7607,0.2672,2,ok
0,2939,2.345491,-1.684867,0.041050,-0.010597,0.054312,5.186246,0.199862,0.118645,0.118645,0.000000,,0,0,0,1,1,0,-0.005130,-0.108204,0.7708,0.7724,0.2655,2,ok
0,2940,2.369467,-1.684155,0.046912,-0.009898,0.042963,5.210020,0.199891,0.068112,0.068112,0.000000,,0,0,0,1,1,0,-0.001761,-0.107889,0.7708,0.7404,0.2627,2,ok
0,2941,2.389443,-1.683480,0.052671,-0.009260,0.048722,5.229997,0.199850,0.085343,0.085343,0.000000,,0,0,0,1,1,0,-0.003121,-0.127861,0.7292,0.8080,0.2612,2,ok
0,2942,2.409409,-1.682761,0.062923,-0.008764,0.039674,5.249800,0.199741,0.156826,0.156826,0.000000,,0,0,0,1,1,0,-0.000272,-0.140098,0.7500,0.7459,0.2612,2,ok
0,2943,2.433349,-1.681883,0.078558,-0.008386,0.055308,5.273753,0.199553,0.195311,0.195311,0.000000,,0,0,0,1,1,0,-0.000692,-0.144503,0.6875,0.7991,0.2609,2,ok
0,2944,2.457267,-1.680375,0.086875,-0.007484,0.040040,5.297530,0.199713,0.096718,0.096718,0.000000,,0,0,0,1,1,0,0.003205,-0.147718,0.7083,0.7337,0.2615,2,ok
0,2945,2.481179,-1.678324,0.083348,-0.006471,0.036513,5.321509,0.200053,-0.124914,-0.053282,0.071632,C-06,0,0,0,1,1,0,0.007481,-0.169856,0.6875,0.6798,0.2581,2,ok
0,2946,2.501112,-1.676593,0.080537,-0.005606,0.033702,5.341498,0.200099,-0.041096,-0.041096,0.000000,,0,0,0,1,1,0,0.004738,-0.183892,0.7083,0.7357,0.2617,2,ok
0,2947,2.521043,-1.674979,0.086986,-0.005230,0.014798,5.361358,0.199896,0.218187,0.108904,-0.109283,C-06,0,0,0,1,1,0,0.004738,-0.183892,0.7083,0.7357,0.2617,2,ok
0,2948,2.544940,-1.673053,0.097891,-0.004919,0.025703,5.385331,0.199698,0.138261,0.138261,0.000000,,0,0,0,1,1,0,0.005922,-0.207798,0.7708,0.6547,0.2591,2,ok
0,2949,2.568800,-1.671127,0.119301,-0.004931,0.016649,5.409108,0.199250,0.281496,0.281496,0.000000,,0,0,0,1,1,0,0.005046,-0.212736,0.7708,0.6540,0.2620,2,ok
0,2950,2.588633,-1.669512,0.138574,-0.005316,0.035922,5.429004,0.198817,0.297662,0.297662,0.000000,,0,0,0,1,1,0,0.016232,-0.220037,0.7083,0.2902,0.2410,2,ok
0,2951,2.608427,-1.667208,0.148789,-0.005012,0.046137,5.448928,0.199296,-0.083715,0.147662,0.231377,C-06,0,0,0,1,1,0,0.005737,-0.216474,0.7083,0.6248,0.2620,2,ok
0,2952,2.632159,-1.663674,0.149284,-0.004432,0.013213,5.472780,0.200001,-0.270105,-0.002338,0.267766,C-06,0,0,0,1,1,0,0.004425,-0.214854,0.6875,0.6408,0.2618,2,ok
0,2953,2.655910,-1.660103,0.138474,-0.003938,0.002402,5.496792,0.200293,-0.189344,-0.152338,0.037006,C-06,0,0,0,1,1,0,0.003478,-0.218172,0.6667,0.6486,0.2597,2,ok
0,2954,2.679683,-1.656783,0.137517,-0.004277,-0.037781,5.520617,0.200011,0.491888,-0.002338,-0.494226,C-06,0,0,0,1,1,0,-0.000038,-0.262866,0.6458,0.6209,0.2564,2,ok
0,2955,2.699483,-1.654035,0.146077,-0.004983,-0.029221,5.540594,0.199783,0.220818,0.147662,-0.073157,C-06,0,0,0,1,1,0,-0.005401,-0.270103,0.7083,0.6895,0.2588,2,ok
0,2956,2.719244,-1.651288,0.164153,-0.005682,-0.011145,5.560533,0.199248,0.592098,0.297662,-0.294437,C-06,0,0,0,1,1,0,-0.005705,-0.277177,0.7292,0.6318,0.2555,2,ok
0,2957,2.742855,-1.647992,0.197005,-0.007303,-0.019773,5.584102,0.198105,0.728657,0.447662,-0.280995,C-06,0,0,0,1,1,0,-0.005396,-0.272716,0.7083,0.5840,0.2542,2,ok
0,2958,2.766316,-1.644473,0.227391,-0.008763,0.010613,5.607780,0.197543,0.408111,0.408111,0.000000,,0,0,0,1,1,0,-0.007092,-0.256886,0.7292,0.6205,0.2538,2,ok
0,2959,2.785762,-1.640628,0.243861,-0.009545,-0.015966,5.627105,0.198272,0.013007,0.258111,0.245104,C-06,0,0,0,1,1,0,-0.008382,-0.230988,0.7083,0.6409,0.2599,2,ok
0,2960,2.805132,-1.636423,0.259571,-0.010532,-0.000256,5.646902,0.198182,0.261498,0.261498,0.000000,,0,0,0,1,1,0,-0.005986,-0.233876,0.7500,0.5611,0.2563,2,ok
0,2961,2.828241,-1.631090,0.287643,-0.011404,0.027817,5.670603,0.197129,0.405697,0.405697,0.000000,,0,0,0,1,1,0,-0.007135,-0.230985,0.7292,0.5725,0.2597,2,ok
0,2962,2.851141,-1.625380,0.320461,-0.012726,0.019373,5.693654,0.196526,0.474102,0.474102,0.000000,,0,0,0,1,1,0,-0.008262,-0.218098,0.7083,0.5834,0.2620,2,ok
0,2963,2.873828,-1.618555,0.343469,-0.013099,0.042381,5.717342,0.197503,0.299075,0.324102,0.025027,C-06,0,0,0,1,1,0,-0.006543,-0.192300,0.7083,0.5431,0.2634,2,ok
0,2964,2.892614,-1.612246,0.356596,-0.013050,0.015123,5.736693,0.198231,0.224576,0.224576,0.000000,,0,0,0,1,1,0,-0.006887,-0.184764,0.6667,0.5548,0.2616,2,ok
0,2965,2.911287,-1.605695,0.376872,-0.013178,0.035399,5.756481,0.197266,0.413201,0.374576,-0.038625,C-06,0,0,0,1,1,0,-0.004076,-0.188175,0.7083,0.4979,0.2634,2,ok
0,2966,2.933481,-1.597600,0.403988,-0.013041,0.062515,5.780105,0.196851,0.412249,0.412249,0.000000,,0,0,0,1,1,0,-0.003382,-0.181081,0.7292,0.4845,0.2658,2,ok
0,2967,2.955462,-1.588613,0.421714,-0.012698,0.044205,5.803390,0.197989,0.105722,0.262249,0.156527,C-06,0,0,0,1,1,0,-0.003111,-0.155478,0.7708,0.5108,0.2642,2,ok
0,2968,2.973681,-1.580596,0.428351,-0.012000,0.050842,5.823282,0.199133,0.104336,0.112249,0.007912,C-06,0,0,0,1,1,0,-0.002857,-0.146176,0.7708,0.5095,0.2630,2,ok
0,2969,2.991833,-1.572463,0.438550,-0.011334,0.027247,5.842785,0.198556,0.197340,0.197340,0.000000,,0,0,0,1,1,0,-0.002614,-0.145337,0.7500,0.5056,0.2653,2,ok
0,2970,3.013455,-1.562556,0.459978,-0.010924,0.048675,5.866565,0.197487,0.389438,0.347340,-0.042098,C-06,0,0,0,1,1,0,-0.002863,-0.143509,0.7917,0.5113,0.2661,2,ok
0,2971,3.034846,-1.552328,0.481377,-0.010127,0.070074,5.890262,0.197641,0.339652,0.339652,0.000000,,0,0,0,1,1,0,-0.001986,-0.152584,0.7292,0.5137,0.2650,2,ok
0,2972,3.056047,-1.541436,0.493741,-0.009330,0.049689,5.913769,0.198711,0.071437,0.189652,0.118215,C-06,0,0,0,1,1,0,-0.001316,-0.150780,0.7708,0.5118,0.2631,2,ok
0,2973,3.073643,-1.532004,0.496410,-0.008366,0.052358,5.933710,0.199731,-0.067305,0.039652,0.106956,C-06,0,0,0,1,1,0,-0.000004,-0.137399,0.6875,0.5270,0.2645,2,ok
0,2974,3.091250,-1.522480,0.491274,-0.007571,0.015226,5.953455,0.200414,-0.315807,-0.110348,0.205459,C-06,0,0,0,1,1,0,-0.001849,-0.138867,0.6875,0.5681,0.2639,2,ok
0,2975,3.112411,-1.511160,0.491829,-0.007228,0.015781,5.977451,0.199925,0.016390,0.016390,0.000000,,0,0,0,1,1,0,-0.002706,-0.153506,0.6875,0.5785,0.2609,2,ok
0,2976,3.133515,-1.499826,0.501539,-0.006847,0.025491,5.999971,0.199230,0.255123,0.166390,-0.088734,C-06,0,0,0,1,1,0,-0.005416,-0.166606,0.7708,0.6126,0.2635,2,ok
0,2977,3.151000,-1.490368,0.512556,-0.007122,0.005414,6.021069,0.198589,0.219634,0.219634,0.000000,,0,0,0,1,1,0,-0.003395,-0.174414,0.7917,0.5586,0.2676,2,ok
0,2978,3.168379,-1.480731,0.522797,-0.007149,0.015656,6.040942,0.198758,0.200091,0.200091,0.000000,,0,0,0,1,1,0,-0.005120,-0.173976,0.7500,0.6177,0.2637,2,ok
0,2979,3.189093,-1.468931,0.536335,-0.007250,-0.001817,6.064554,0.198674,0.225104,0.225104,0.000000,,0,0,0,1,1,0,-0.004376,-0.173101,0.7500,0.5942,0.2634,2,ok
0,2980,3.209601,-1.456824,0.556486,-0.007397,0.018334,6.088368,0.198164,0.342120,0.342120,0.000000,,0,0,0,1,1,0,0.006566,-0.177003,0.7083,0.2546,0.2456,2,ok
0,2981,3.229901,-1.444260,0.568400,-0.007174,0.000153,6.112037,0.199029,0.087574,0.192120,0.104547,C-06,0,0,0,1,1,0,-0.002481,-0.170121,0.7083,0.5567,0.2630,2,ok
0,2982,3.246741,-1.433518,0.570840,-0.007175,0.002593,6.132012,0.199790,-0.241802,0.042120,0.283922,C-06,0,0,0,1,1,0,-0.001625,-0.168534,0.7083,0.5408,0.2639,2,ok
0,2983,3.263593,-1.422711,0.566066,-0.007128,-0.002181,6.152031,0.200419,-0.245616,-0.107880,0.137736,C-06,0,0,0,1,1,0,-0.001937,-0.175187,0.6875,0.5381,0.2642,2,ok
0,2984,3.283840,-1.409835,0.568030,-0.007614,-0.029850,6.175797,0.199828,0.408328,0.042120,-0.366207,C-06,0,0,0,1,1,0,-0.000467,-0.205825,0.6458,0.4863,0.2593,2,ok
0,2985,3.304005,-1.396923,0.578785,-0.008315,-0.019096,6.199732,0.199095,0.735694,0.192120,-0.543573,C-06,0,0,0,1,1,0,-0.003276,-0.220427,0.7083,0.4801,0.2629,2,ok
0,2986,3.320663,-1.385992,0.594834,-0.008803,-0.032089,6.219403,0.198615,0.416686,0.342120,-0.074566,C-06,0,0,0,1,1,0,-0.004664,-0.220789,0.7917,0.4954,0.2632,2,ok
0,2987,3.337170,-1.374849,0.604730,-0.009473,-0.022194,6.239307,0.199234,0.195003,0.195003,0.000000,,0,0,0,1,1,0,-0.004869,-0.213306,0.7292,0.4812,0.2638,2,ok
0,2988,3.356802,-1.361214,0.621424,-0.009960,-0.005500,6.263205,0.198999,0.298194,0.298194,0.000000,,0,0,0,1,1,0,-0.004869,-0.213306,0.7292,0.4812,0.2638,2,ok
0,2989,3.376148,-1.347196,0.645580,-0.010491,-0.010344,6.286805,0.198924,0.435805,0.435805,0.000000,,0,0,0,1,1,0,-0.009217,-0.202479,0.7500,0.5592,0.2633,2,ok
0,2990,3.395164,-1.332706,0.666717,-0.010602,0.010794,6.310712,0.199389,0.377464,0.377464,0.000000,,0,0,0,1,1,0,-0.009278,-0.192304,0.7292,0.5720,0.2653,2,ok
0,2991,3.410810,-1.320301,0.677682,-0.010552,-0.006863,6.330376,0.199740,-0.052364,0.227464,0.279828,C-06,0,0,0,1,1,0,-0.009505,-0.183648,0.6875,0.5991,0.2635,2,ok
0,2992,3.426363,-1.307741,0.681687,-0.010659,-0.002858,6.350367,0.199927,-0.065391,0.077464,0.142854,C-06,0,0,0,1,1,0,-0.008109,-0.180112,0.7083,0.5847,0.2625,2,ok
0,2993,3.444913,-1.292539,0.693547,-0.010615,0.009002,6.374351,0.199899,0.293759,0.227464,-0.066295,C-06,0,0,0,1,1,0,-0.009976,-0.180131,0.6875,0.6293,0.2641,2,ok
0,2994,3.463229,-1.277025,0.713476,-0.010817,-0.000553,6.398054,0.200232,0.591866,0.377464,-0.214402,C-06,0,0,0,1,1,0,-0.011006,-0.198004,0.7083,0.6489,0.2625,2,ok
0,2995,3.478290,-1.263764,0.737111,-0.010635,0.023082,6.418120,0.201080,0.664626,0.527464,-0.137162,C-06,0,0,0,1,1,0,-0.008434,-0.189225,0.7292,0.6011,0.2581,2,ok
0,2996,3.493088,-1.250167,0.757997,-0.010282,0.015404,6.437912,0.200755,0.440597,0.440597,0.000000,,0,0,0,1,1,0,-0.009448,-0.176294,0.8125,0.6749,0.2618,2,ok
0,2997,3.510418,-1.233504,0.776823,-0.009708,0.034230,6.461946,0.200179,0.323160,0.323160,0.000000,,0,0,0,1,1,0,-0.007013,-0.162600,0.7500,0.6535,0.2615,2,ok
0,2998,3.527414,-1.216556,0.791542,-0.008700,0.048949,6.483031,0.199920,0.249503,0.249503,0.000000,,0,0,0,1,1,0,-0.005165,-0.155178,0.7917,0.6521,0.2600,2,ok
0,2999,3.544168,-1.199400,0.804638,-0.008253,0.033233,6.509613,0.199750,0.226390,0.226390,0.000000,,0,0,0,1,1,0,-0.004018,-0.150527,0.7708,0.6781,0.2654,2,ok
0,3000,3.557915,-1.184947,0.821899,-0.007544,0.050494,6.529547,0.199195,0.398550,0.376390,-0.022160,C-06,0,0,0,1,1,0,-0.005732,-0.159216,0.7083,0.7522,0.2648,2,ok
