episode,step,x,y,yaw,ey,epsi,s,speed,raw_steer,safe_steer,steer_correction,interventions,emergency,cv_ok,cv_state_available,cv_perception_invalid,cv_ey,cv_epsi,cv_confidence
0,1,-0.000606,-0.115745,-0.018444,0.006658,0.032200,0.003288,0.057503,-0.571127,-0.571127,0.000000,,0,1,1,0,0.013996,0.022242,0.7708
0,2,0.010423,-0.115912,-0.041605,0.006502,0.009039,0.014317,0.121019,-0.264636,-0.264636,0.000000,C-06,0,1,1,0,0.012166,-0.009191,0.7917
0,3,0.029068,-0.116474,-0.036693,0.005958,0.013951,0.032963,0.184631,0.078870,0.078870,0.000000,C-06,0,1,1,0,0.009609,-0.032011,0.7708
0,4,0.048904,-0.116896,-0.024247,0.005555,0.026398,0.052798,0.199982,0.187787,0.187787,0.000000,,0,1,1,0,0.009084,-0.040877,0.7292
0,5,0.072897,-0.117399,-0.022237,0.005075,0.028407,0.076793,0.199994,0.015374,0.015374,0.000000,C-06,0,1,1,0,0.008988,-0.026473,0.7292
0,6,0.092892,-0.117819,-0.026183,0.004674,0.024461,0.096787,0.199977,-0.061970,-0.061970,0.000000,,0,1,1,0,0.009049,-0.023379,0.7083
0,7,0.112884,-0.118301,-0.027236,0.004199,-0.014173,0.116784,0.199987,-0.012148,-0.012148,0.000000,,0,1,1,0,0.008201,-0.023700,0.6667
0,8,0.136877,-0.118895,-0.020691,0.003605,-0.007629,0.140777,0.200017,0.083187,0.083187,0.000000,,0,1,1,0,0.007942,-0.028319,0.6875
0,9,0.156873,-0.119372,-0.018996,0.003128,-0.005934,0.160773,0.200017,0.019831,0.019831,0.000000,,0,1,1,0,0.007483,-0.021836,0.7292
0,10,0.180869,-0.119893,-0.021674,0.002607,-0.008612,0.184769,0.200000,-0.033922,-0.033922,0.000000,,0,1,1,0,0.006896,-0.018497,0.7500
0,11,0.200863,-0.120326,-0.024629,0.002174,-0.011567,0.203900,0.199987,-0.042946,-0.042946,0.000000,,0,1,1,0,0.006704,-0.022419,0.7708
0,12,0.220857,-0.120759,-0.026908,0.001741,-0.026715,0.224757,0.199975,-0.032333,-0.032333,0.000000,,0,1,1,0,0.005945,-0.024202,0.7917
0,13,0.240850,-0.121269,-0.021896,0.001231,-0.021703,0.244750,0.200017,0.079959,0.079959,0.000000,,0,1,1,0,0.005236,-0.026089,0.7708
0,14,0.264847,-0.121887,-0.011785,0.000613,-0.011592,0.268747,0.200051,0.122266,0.122266,0.000000,,0,1,1,0,0.005495,-0.027548,0.7083
0,15,0.284846,-0.122402,0.000163,0.000098,0.000356,0.288746,0.200066,0.172666,0.172666,0.000000,,0,1,1,0,0.004901,-0.015500,0.7292
0,16,0.304846,-0.122714,0.006848,-0.000214,0.006848,0.308746,0.200011,0.088771,0.088771,0.000000,,0,1,1,0,0.004983,-0.004584,0.6667
0,17,0.324846,-0.122622,0.007814,-0.000122,0.007814,0.328746,0.199997,0.008891,0.008891,0.000000,,0,1,1,0,0.005645,0.002964,0.6875
0,18,0.348845,-0.122479,0.002929,0.000021,0.002929,0.352745,0.200003,-0.061065,-0.061065,0.000000,,0,1,1,0,0.005420,0.008379,0.6875
0,19,0.372845,-0.122411,0.003527,0.000089,0.003527,0.376745,0.199999,0.010740,0.010740,0.000000,,0,1,1,0,0.005067,0.006722,0.7292
0,20,0.392845,-0.122358,0.002915,0.000142,0.002915,0.396745,0.200000,-0.009475,-0.009475,0.000000,,0,1,1,0,0.005580,0.003868,0.7500
0,21,0.412845,-0.122304,0.001667,0.000196,0.001667,0.416745,0.200000,-0.018005,-0.018005,0.000000,,0,1,1,0,0.005615,0.003792,0.7917
0,22,0.432845,-0.122251,-0.001354,0.000249,-0.001354,0.436745,0.200001,-0.044263,-0.044263,0.000000,,0,1,1,0,0.006243,-0.001752,0.7917
0,23,0.456845,-0.122283,0.002171,0.000217,0.002171,0.460745,0.200000,0.045000,0.045000,0.000000,,0,1,1,0,0.006157,-0.004305,0.7708
0,24,0.476844,-0.122313,0.014819,0.000187,0.014819,0.480744,0.199980,0.193098,0.193098,0.000000,,0,1,1,0,0.005602,0.002257,0.7083
0,25,0.496841,-0.122254,0.020272,0.000246,0.020272,0.500741,0.199963,0.070490,0.070490,0.000000,,0,1,1,0,0.007200,0.008377,0.6875
0,26,0.516835,-0.122137,0.027359,0.000363,0.027359,0.520735,0.199931,0.103776,0.103776,0.000000,,0,1,1,0,0.007149,0.018259,0.7083
0,27,0.540822,-0.121969,0.038810,0.000531,0.038810,0.544722,0.199863,0.140013,0.140013,0.000000,,0,1,1,0,0.007917,0.024139,0.7083
0,28,0.564794,-0.121711,0.058130,0.000789,0.058130,0.568694,0.199684,0.241090,0.241090,0.000000,,0,1,1,0,0.008391,0.035876,0.7292
0,29,0.584752,-0.121209,0.071802,0.001291,0.071802,0.588652,0.199597,0.199546,0.199546,0.000000,,0,1,1,0,0.009648,0.050420,0.7500
0,30,0.608682,-0.119839,0.079550,0.002661,0.079550,0.612582,0.199755,0.089320,0.089320,0.000000,,0,1,1,0,0.010594,0.068149,0.7292
0,31,0.632602,-0.118149,0.084322,0.004351,0.084322,0.636502,0.199826,0.057461,0.057461,0.000000,,0,1,1,0,0.014085,0.074688,0.7500
0,32,0.656504,-0.116388,0.096752,0.006112,0.096752,0.660404,0.199616,0.162707,0.162707,0.000000,,0,1,1,0,0.013043,0.096025,0.7500
0,33,0.680398,-0.114153,0.090106,0.008347,0.090106,0.684298,0.200074,-0.100446,-0.100446,0.000000,C-06,0,1,1,0,0.015230,0.115143,0.6875
0,34,0.704307,-0.111889,0.083411,0.010611,0.083411,0.708208,0.200191,-0.082487,-0.082487,0.000000,,0,1,1,0,0.014224,0.125810,0.6667
0,35,0.724243,-0.110002,0.076459,0.012498,0.076459,0.728143,0.200300,-0.104957,-0.104957,0.000000,,0,1,1,0,0.015211,0.122262,0.6250
0,36,0.748178,-0.107945,0.071534,0.014555,0.071534,0.752078,0.200180,-0.059361,-0.059361,0.000000,,0,1,1,0,0.017695,0.110643,0.6250
0,37,0.772109,-0.106221,0.080888,0.016279,0.080888,0.776009,0.199862,0.127550,0.127550,0.000000,C-06,0,1,1,0,0.024006,0.078182,0.6667
0,38,0.796025,-0.104495,0.086268,0.018005,0.086268,0.799925,0.199804,0.063729,0.063729,0.000000,,0,1,1,0,0.017290,0.132997,0.6667
0,39,0.815951,-0.102793,0.085416,0.019707,0.085416,0.819851,0.200007,-0.017773,-0.017773,0.000000,,0,1,1,0,0.017675,0.155832,0.7292
0,40,0.839868,-0.100733,0.080506,0.021767,0.080506,0.843768,0.200086,-0.063932,-0.063932,0.000000,,0,1,1,0,0.017323,0.166753,0.6875
0,41,0.863802,-0.098674,0.067589,0.023826,0.067589,0.867702,0.200272,-0.165942,-0.165942,0.000000,,0,1,1,0,0.012315,0.205138,0.6875
0,42,0.887757,-0.096614,0.053747,0.025886,0.053747,0.891657,0.200440,-0.169922,-0.169922,0.000000,,0,1,1,0,0.011929,0.208235,0.6458
0,43,0.907730,-0.095433,0.051391,0.027067,0.051391,0.911630,0.200052,-0.024183,-0.024183,0.000000,,0,1,1,0,-0.002886,0.264599,0.6042
0,44,0.931706,-0.094086,0.036490,0.028414,0.036490,0.935606,0.200177,-0.192390,-0.192390,0.000000,C-06,0,1,1,0,0.005697,0.225583,0.6042
0,45,0.955695,-0.092739,0.022190,0.029761,0.022190,0.959595,0.200263,-0.170635,-0.170635,0.000000,,0,1,1,0,0.012266,0.187532,0.6458
0,46,0.979688,-0.092124,0.028499,0.030376,0.028499,0.983588,0.199978,0.090466,0.090466,0.000000,C-06,0,1,1,0,0.005218,0.222270,0.6875
0,47,1.003678,-0.091437,0.028424,0.031063,0.028424,1.007578,0.200002,-0.004094,-0.004094,0.000000,,0,1,1,0,0.004799,0.237779,0.7292
0,48,1.023673,-0.090863,0.014054,0.031637,0.014054,1.027573,0.200060,-0.226636,-0.226636,0.000000,C-06,0,1,1,0,0.005115,0.248893,0.7500
0,49,1.047673,-0.090173,-0.004814,0.032327,-0.004814,1.051573,0.200081,-0.222846,-0.222846,0.000000,,0,1,1,0,0.004673,0.250881,0.7083
0,50,1.071671,-0.090236,0.024027,0.032264,0.024027,1.075571,0.199951,0.400257,0.400257,0.000000,C-06,0,1,1,0,-0.008386,0.313676,0.7500
0,51,1.095665,-0.089680,0.016844,0.032820,0.016844,1.099565,0.200033,-0.120993,-0.120993,0.000000,C-06,0,1,1,0,0.005317,0.247696,0.6458
0,52,1.119664,-0.089077,-0.012634,0.033423,-0.012634,1.123564,0.200050,-0.368926,-0.368926,0.000000,C-06,0,1,1,0,-0.008666,0.327937,0.6042
0,53,1.139662,-0.089190,-0.016261,0.033310,-0.016261,1.143562,0.199981,-0.037301,-0.037301,0.000000,C-06,0,1,1,0,-0.006990,0.304331,0.6667
0,54,1.163661,-0.089561,0.015101,0.032939,0.015101,1.167561,0.200007,0.419242,0.419242,0.000000,C-06,0,1,1,0,-0.007278,0.305167,0.7083
0,55,1.187655,-0.089608,0.025158,0.032892,0.025158,1.191555,0.199939,0.106448,0.106448,0.000000,C-06,0,1,1,0,-0.003561,0.312290,0.7500
0,56,1.207651,-0.089162,0.010792,0.033338,0.010599,1.211551,0.200043,-0.240848,-0.240848,0.000000,C-06,0,1,1,0,0.000353,0.336863,0.8125
0,57,1.231650,-0.088852,0.014836,0.033648,0.014643,1.235550,0.199994,0.067380,0.067380,0.000000,C-06,0,1,1,0,-0.007674,0.335577,0.3750
0,58,1.255647,-0.088492,0.014315,0.034008,0.014122,1.259547,0.200002,-0.010850,-0.010850,0.000000,,0,1,1,0,0.004653,0.319906,0.7708
0,59,1.279646,-0.088128,0.007064,0.034372,0.006871,1.283546,0.200017,-0.090556,-0.090556,0.000000,,0,1,1,0,0.015624,0.266787,0.7083
0,60,1.303645,-0.087766,0.001945,0.034734,-0.011117,1.307545,0.200021,-0.058573,-0.058573,0.000000,,0,1,1,0,0.016170,0.258213,0.7083
0,61,1.323645,-0.087704,0.007263,0.034796,-0.005799,1.327545,0.199996,0.085594,0.085594,0.000000,,0,1,1,0,0.004498,0.332639,0.7292
0,62,1.347645,-0.087527,-0.002698,0.034973,-0.015760,1.351545,0.200005,-0.131326,-0.131326,0.000000,C-06,0,1,1,0,0.006866,0.318197,0.7083
0,63,1.371645,-0.087378,-0.007466,0.035122,-0.020528,1.375545,0.199997,-0.054384,-0.054384,0.000000,,0,1,1,0,0.014132,0.254644,0.6667
0,64,1.395638,-0.087286,-0.039601,0.035214,-0.052663,1.399538,0.199857,-0.420337,-0.420337,0.000000,C-06,0,1,1,0,0.019377,0.200024,0.6042
0,65,1.419602,-0.087205,-0.067339,0.035276,-0.117984,1.423536,0.199563,-0.334767,-0.334767,0.000000,,0,1,1,0,-0.006355,0.286312,0.6250
0,66,1.443546,-0.088741,-0.068189,0.033717,-0.118834,1.447478,0.200000,0.011281,0.011281,0.000000,C-06,0,1,1,0,0.064402,-0.191982,0.6250
0,67,1.467508,-0.090377,-0.040470,0.032058,-0.091114,1.471438,0.200289,0.376797,0.376797,0.000000,C-06,0,1,1,0,0.011833,0.122251,0.6875
0,68,1.491497,-0.092012,-0.016861,0.030400,-0.067505,1.495426,0.200432,0.280024,0.280024,0.000000,,0,1,1,0,0.012547,0.107001,0.7292
0,69,1.511495,-0.092400,-0.016061,0.029449,-0.129471,1.517309,0.199998,-0.010204,-0.010204,0.000000,C-06,0,1,1,0,0.013044,0.098891,0.7500
0,70,1.535494,-0.092771,0.012298,0.027535,-0.101111,1.541234,0.200012,0.370416,0.370416,0.000000,C-06,0,1,1,0,0.003838,0.145249,0.7708
0,71,1.559474,-0.093142,0.064517,0.025623,-0.048893,1.565141,0.199638,0.655442,0.655442,0.000000,C-06,0,1,1,0,0.002646,0.139449,0.7292
0,72,1.583411,-0.092109,0.077769,0.025114,-0.035641,1.589095,0.199674,0.129392,0.129392,0.000000,C-06,0,1,1,0,0.004957,0.137441,0.6667
0,73,1.607326,-0.090795,0.090421,0.024886,-0.022989,1.613045,0.199545,0.159308,0.159308,0.000000,,0,1,1,0,0.003846,0.132783,0.6875
0,74,1.627209,-0.089505,0.129914,0.023069,-0.071630,1.635944,0.198799,0.668225,0.668225,0.000000,C-06,0,1,1,0,0.002177,0.129669,0.4792
0,75,1.650946,-0.087780,0.165044,0.020320,-0.036500,1.659585,0.198085,0.443176,0.443176,0.000000,C-06,0,1,1,0,-0.010334,0.181791,0.6667
0,76,1.674588,-0.084436,0.179545,0.019181,-0.021999,1.683435,0.199040,0.173999,0.173999,0.000000,C-06,0,1,1,0,-0.002252,0.137099,0.6875
0,77,1.698130,-0.080721,0.213192,0.018424,0.011648,1.707256,0.197984,0.474456,0.474456,0.000000,C-06,0,1,1,0,-0.000965,0.111846,0.7083
0,78,1.721501,-0.076832,0.245264,0.017870,0.043720,1.730943,0.197239,0.436940,0.436940,0.000000,,0,1,1,0,0.000799,0.100787,0.7292
0,79,1.740841,-0.072950,0.270071,0.016036,-0.044427,1.752820,0.197191,0.412550,0.412550,0.000000,,0,1,1,0,0.001549,0.094710,0.7500
0,80,1.763890,-0.067415,0.294424,0.014172,-0.020074,1.776451,0.197520,0.340707,0.340707,0.000000,,0,1,1,0,-0.006255,0.151206,0.7917
0,81,1.786738,-0.061413,0.328446,0.012815,0.013948,1.800036,0.196316,0.500642,0.500642,0.000000,C-06,0,1,1,0,-0.004499,0.129876,0.7292
0,82,1.805588,-0.055777,0.352904,0.012346,0.038406,1.819705,0.196758,0.425863,0.425863,0.000000,,0,1,1,0,-0.004898,0.132995,0.6667
0,83,1.828016,-0.048124,0.374638,0.012689,0.060140,1.843400,0.197532,0.316966,0.316966,0.000000,,0,1,1,0,-0.004596,0.128257,0.6667
0,84,1.850220,-0.040025,0.404547,0.011460,-0.035213,1.868597,0.196506,0.460186,0.460186,0.000000,,0,1,1,0,-0.026953,0.231151,0.6458
0,85,1.872159,-0.031216,0.430076,0.010074,-0.009684,1.892199,0.197081,0.388605,0.388605,0.000000,,0,1,1,0,0.047045,-0.225367,0.6250
0,86,1.893850,-0.021764,0.454529,0.009375,0.014769,1.915849,0.197222,0.381418,0.381418,0.000000,,0,1,1,0,-0.010429,0.140685,0.6875
0,87,1.911709,-0.013491,0.479638,0.009243,0.039878,1.935530,0.196666,0.482681,0.482681,0.000000,,0,1,1,0,-0.007315,0.114109,0.7292
0,88,1.932836,-0.002929,0.509026,0.009789,0.069266,1.959144,0.196957,0.474133,0.474133,0.000000,,0,1,1,0,-0.005800,0.108606,0.7292
0,89,1.953645,0.008408,0.533869,0.009161,-0.031659,1.984068,0.197606,0.404689,0.404689,0.000000,,0,1,1,0,-0.003175,0.092173,0.7500
0,90,1.974136,0.020308,0.561466,0.008240,-0.004061,2.007747,0.197577,0.464048,0.464048,0.000000,,0,1,1,0,-0.010765,0.151308,0.7708
0,91,1.994272,0.032856,0.589441,0.008057,0.023914,2.031471,0.197893,0.476958,0.476958,0.000000,,0,1,1,0,-0.008596,0.136051,0.7083
0,92,2.010777,0.043828,0.610816,0.008487,0.045289,2.051286,0.198349,0.442988,0.442988,0.000000,,0,1,1,0,-0.007079,0.126792,0.6875
0,93,2.030284,0.057543,0.632919,0.009625,0.067391,2.075104,0.198861,0.386841,0.386841,0.000000,,0,1,1,0,-0.006897,0.125318,0.6667
0,94,2.049447,0.071782,0.659587,0.009322,-0.031428,2.100216,0.199074,0.482169,0.482169,0.000000,,0,1,1,0,-0.028470,0.230614,0.6458
0,95,2.065118,0.084098,0.681323,0.008832,-0.009692,2.120141,0.199520,0.474382,0.474382,0.000000,,0,1,1,0,0.045074,-0.221666,0.6250
0,96,2.083587,0.099387,0.703943,0.008852,0.012928,2.144118,0.200004,0.415608,0.415608,0.000000,,0,1,1,0,-0.013874,0.157950,0.6875
0,97,2.101749,0.115152,0.729944,0.009434,0.038928,2.168160,0.200781,0.481748,0.481748,0.000000,,0,1,1,0,-0.007466,0.113692,0.7083
0,98,2.119572,0.131419,0.760198,0.010619,0.069183,2.192261,0.200868,0.544270,0.544270,0.000000,,0,1,1,0,-0.004321,0.096569,0.7292
0,99,2.136786,0.148197,0.788427,0.010308,-0.028137,2.217669,0.199951,0.487523,0.487523,0.000000,,0,1,1,0,-0.003395,0.093827,0.7500
0,100,2.150762,0.162470,0.805527,0.009885,-0.011037,2.237640,0.199604,0.348051,0.348051,0.000000,,0,1,1,0,-0.008766,0.144800,0.7500
0,101,2.167152,0.179861,0.832989,0.009834,0.016425,2.261538,0.198893,0.495275,0.495275,0.000000,,0,1,1,0,-0.007059,0.129466,0.7292
0,102,2.183054,0.197729,0.860169,0.010466,0.043605,2.285449,0.199716,0.495776,0.495776,0.000000,,0,1,1,0,-0.007718,0.135739,0.6875
0,103,2.198520,0.216089,0.882643,0.011752,0.066079,2.309420,0.200255,0.412824,0.412824,0.000000,,0,1,1,0,-0.006512,0.127119,0.6667
0,104,2.213629,0.234823,0.909268,0.011140,-0.033278,2.334962,0.200861,0.491036,0.491036,0.000000,,0,1,1,0,-0.028363,0.236094,0.6458
0,105,2.225917,0.250736,0.931192,0.010565,-0.011355,2.355059,0.201242,0.471011,0.471011,0.000000,,0,1,1,0,0.045711,-0.221534,0.6250
0,106,2.240280,0.270158,0.954726,0.010378,0.012180,2.379214,0.201456,0.413281,0.413281,0.000000,,0,1,1,0,-0.009204,0.131701,0.6875
0,107,2.254255,0.289945,0.984552,0.010718,0.042005,2.403436,0.202378,0.523028,0.523028,0.000000,,0,1,1,0,-0.006535,0.113516,0.7292
0,108,2.265572,0.306740,1.009348,0.011448,0.066801,2.423674,0.202686,0.505127,0.505127,0.000000,,0,1,1,0,-0.004384,0.103743,0.7292
0,109,2.278665,0.327226,1.036587,0.010623,-0.031698,2.449432,0.202749,0.452929,0.452929,0.000000,,0,1,1,0,-0.002798,0.094949,0.7500
0,110,2.291294,0.348047,1.064333,0.009585,-0.003952,2.473762,0.203074,0.455799,0.455799,0.000000,,0,1,1,0,-0.009001,0.144949,0.7500
0,111,2.303468,0.369203,1.094232,0.009106,0.025947,2.498166,0.203562,0.483252,0.483252,0.000000,,0,1,1,0,-0.006399,0.127854,0.7292
0,112,2.315045,0.390675,1.121604,0.009304,0.053319,2.522560,0.203369,0.431333,0.431333,0.000000,,0,1,1,0,-0.005151,0.117918,0.6875
0,113,2.324223,0.408776,1.141482,0.009980,0.073197,2.542843,0.202959,0.367867,0.367867,0.000000,,0,1,1,0,-0.029636,0.239268,0.6458
0,114,2.334910,0.430741,1.171431,0.008502,-0.022337,2.568490,0.203919,0.464871,0.464871,0.000000,,0,1,1,0,-0.029400,0.237350,0.6458
0,115,2.344961,0.452971,1.197341,0.007312,0.003572,2.592857,0.203299,0.386437,0.386437,0.000000,,0,1,1,0,0.041342,-0.209138,0.6458
0,116,2.354482,0.475425,1.222847,0.006698,0.029079,2.617238,0.203253,0.377900,0.377900,0.000000,,0,1,1,0,-0.008880,0.121003,0.6875
0,117,2.363639,0.498116,1.256118,0.006510,0.062349,2.641707,0.204280,0.489088,0.489088,0.000000,,0,1,1,0,-0.008693,0.117722,0.7292
0,118,2.370774,0.517211,1.282128,0.006882,0.088359,2.662088,0.203807,0.443461,0.443461,0.000000,,0,1,1,0,-0.006685,0.106557,0.7500
0,119,2.378512,0.540302,1.307210,0.005123,-0.012348,2.687234,0.202859,0.347641,0.347641,0.000000,,0,1,1,0,-0.005064,0.098185,0.7500
0,120,2.385845,0.563560,1.336570,0.003807,0.017012,2.711585,0.203286,0.409496,0.409496,0.000000,,0,1,1,0,-0.011314,0.142710,0.7500
0,121,2.391608,0.583073,1.363847,0.003081,0.044289,2.731919,0.203458,0.447592,0.447592,0.000000,,0,1,1,0,-0.008917,0.123964,0.7083
0,122,2.397658,0.606626,1.391113,0.003082,0.071555,2.756236,0.202521,0.359327,0.359327,0.000000,,0,1,1,0,-0.008457,0.120106,0.6667
0,123,2.402901,0.630286,1.413692,0.003891,0.094134,2.778167,0.201857,0.292795,0.292795,0.000000,,0,1,1,0,-0.047465,0.313062,0.6667
0,124,2.407857,0.654046,1.446405,0.001651,0.001082,2.805120,0.202583,0.431608,0.431608,0.000000,,0,1,1,0,-0.028590,0.214788,0.6458
0,125,2.411939,0.677895,1.471194,0.000604,0.025872,2.829293,0.201493,0.306401,0.306401,0.000000,,0,1,1,0,0.036516,-0.197191,0.6458
0,126,2.414824,0.697813,1.490025,0.000252,0.044702,2.849416,0.201180,0.280767,0.280767,0.000000,,0,1,1,0,-0.030492,0.240636,0.7083
0,127,2.418045,0.721762,1.523699,0.000073,0.078376,2.873580,0.201545,0.423209,0.423209,0.000000,,0,1,1,0,-0.010288,0.105622,0.7292
0,128,2.420583,0.745749,1.553490,0.000117,-0.017307,2.897739,0.200821,0.354839,0.354839,0.000000,,0,1,1,0,-0.009041,0.099574,0.7500
0,129,2.421956,0.769748,1.573586,-0.001256,0.002789,2.921738,0.200221,0.231108,0.231108,0.000000,,0,1,1,0,-0.008478,0.098579,0.7292
0,130,2.423040,0.793742,1.608126,-0.002340,0.037330,2.945733,0.200076,0.428414,0.428414,0.000000,C-06,0,1,1,0,-0.009182,0.096300,0.7292
0,131,2.423543,0.813717,1.633865,-0.002843,0.063069,2.965707,0.199634,0.371924,0.371924,0.000000,,0,1,1,0,-0.013165,0.128698,0.7292
0,132,2.422853,0.837653,1.651872,-0.002153,0.081076,2.989644,0.199508,0.212514,0.212514,0.000000,C-06,0,1,1,0,-0.013069,0.133922,0.6875
0,133,2.421876,0.861546,1.679409,-0.001626,-0.016862,3.013359,0.199018,0.355941,0.355941,0.000000,,0,1,1,0,-0.051916,0.317125,0.6667
0,134,2.420871,0.881399,1.704718,-0.003129,0.008448,3.033180,0.198629,0.389883,0.389883,0.000000,,0,1,1,0,-0.047740,0.302485,0.6667
0,135,2.418476,0.905152,1.723488,-0.003744,0.027218,3.057046,0.198921,0.234260,0.234260,0.000000,C-06,0,1,1,0,0.032564,-0.189735,0.6458
0,136,2.415784,0.928820,1.751602,-0.004055,0.055332,3.080864,0.198116,0.379995,0.379995,0.000000,,0,1,1,0,-0.034446,0.244175,0.7083
0,137,2.413093,0.948454,1.772617,-0.003858,0.076347,3.100682,0.198126,0.333023,0.333023,0.000000,,0,1,1,0,-0.013555,0.110618,0.7292
0,138,2.409369,0.971898,1.800365,-0.003117,0.104095,3.124408,0.197680,0.377884,0.377884,0.000000,,0,1,1,0,-0.012288,0.102692,0.7292
0,139,2.404990,0.995189,1.828721,-0.004471,0.006687,3.147677,0.197396,0.391529,0.391529,0.000000,,0,1,1,0,-0.011473,0.097726,0.7500
0,140,2.400723,1.014470,1.850385,-0.005136,0.028351,3.167414,0.197448,0.361994,0.361994,0.000000,,0,1,1,0,-0.011360,0.097881,0.7292
0,141,2.396003,1.033633,1.871918,-0.005333,0.049884,3.187149,0.197317,0.367138,0.367138,0.000000,,0,1,1,0,-0.015499,0.131650,0.7500
0,142,2.389725,1.056462,1.896984,-0.004933,0.074950,3.210822,0.197277,0.360663,0.360663,0.000000,,0,1,1,0,-0.014539,0.126116,0.6875
0,143,2.384011,1.075341,1.917572,-0.004097,0.095538,3.230529,0.197231,0.360919,0.360919,0.000000,,0,1,1,0,-0.024746,0.198890,0.6875
0,144,2.376619,1.097807,1.943090,-0.004067,-0.004734,3.253717,0.197074,0.379242,0.379242,0.000000,,0,1,1,0,-0.052865,0.315581,0.6458
0,145,2.368553,1.120057,1.966881,-0.004732,0.019057,3.277374,0.197246,0.356947,0.356947,0.000000,,0,1,1,0,-0.045448,0.290206,0.6458
0,146,2.361328,1.138440,1.984420,-0.004759,0.036596,3.297126,0.197549,0.319416,0.319416,0.000000,,0,1,1,0,0.029221,-0.183344,0.6667
0,147,2.352263,1.160296,2.009272,-0.004350,0.061448,3.320784,0.197110,0.388319,0.388319,0.000000,,0,1,1,0,-0.033220,0.234273,0.7292
0,148,2.342681,1.181879,2.037815,-0.003359,0.089991,3.344378,0.196793,0.452021,0.452021,0.000000,,0,1,1,0,-0.014459,0.111068,0.7500
0,149,2.334142,1.199636,2.060105,-0.002765,-0.013203,3.363731,0.197112,0.425731,0.425731,0.000000,,0,1,1,0,-0.024641,0.198169,0.7708
0,150,2.325153,1.217185,2.082171,-0.003340,0.008863,3.383441,0.197258,0.429404,0.429404,0.000000,,0,1,1,0,-0.024321,0.199780,0.7500
0,151,2.313781,1.237959,2.108532,-0.003381,0.035225,3.407123,0.197472,0.434298,0.434298,0.000000,,0,1,1,0,-0.024301,0.202154,0.7500
0,152,2.303823,1.255025,2.130202,-0.002874,0.056895,3.426875,0.197703,0.435079,0.435079,0.000000,,0,1,1,0,-0.023005,0.194843,0.7500
0,153,2.291292,1.275214,2.153779,-0.001618,0.080471,3.450604,0.198160,0.398626,0.398626,0.000000,,0,1,1,0,-0.019589,0.174928,0.6875
0,154,2.278224,1.295082,2.179099,0.000264,0.105791,3.473387,0.198328,0.438657,0.438657,0.000000,,0,1,1,0,-0.040299,0.271428,0.6667
0,155,2.266890,1.311370,2.200982,-0.000272,0.001936,3.494175,0.198590,0.462393,0.462393,0.000000,,0,1,1,0,-0.036688,0.256384,0.6667
0,156,2.252738,1.330596,2.223929,-0.000140,0.024883,3.518047,0.199117,0.406421,0.406421,0.000000,,0,1,1,0,0.034831,-0.190502,0.6667
0,157,2.238078,1.349495,2.245916,0.000596,0.046870,3.541954,0.199495,0.398051,0.398051,0.000000,,0,1,1,0,0.030956,-0.172582,0.6667
0,158,2.225459,1.364973,2.267659,0.001693,0.068613,3.561894,0.199842,0.485933,0.485933,0.000000,,0,1,1,0,-0.017708,0.163726,0.7708
0,159,2.212454,1.380190,2.290543,0.003257,0.091497,3.581850,0.200504,0.509891,0.509891,0.000000,,0,1,1,0,-0.011644,0.130687,0.7917
0,160,2.196411,1.398172,2.315587,0.003532,-0.009441,3.606403,0.201123,0.450220,0.450220,0.000000,,0,1,1,0,-0.008568,0.117683,0.7917
0,161,2.182695,1.412843,2.337781,0.003494,0.012752,3.626486,0.200551,0.472101,0.472101,0.000000,,0,1,1,0,-0.005231,0.097867,0.8333
0,162,2.165824,1.429936,2.363721,0.004098,0.038692,3.650496,0.199834,0.447724,0.447724,0.000000,,0,1,1,0,-0.000084,0.064800,0.7708
0,163,2.148609,1.446579,2.386870,0.005263,0.061841,3.674412,0.199286,0.402782,0.402782,0.000000,,0,1,1,0,0.007027,0.021617,0.7083
0,164,2.134034,1.460136,2.406825,0.006613,0.081796,3.694271,0.199122,0.429186,0.429186,0.000000,,0,1,1,0,0.012009,-0.007938,0.7083
0,165,2.116105,1.475988,2.433588,0.007119,-0.016990,3.719110,0.199800,0.492797,0.492797,0.000000,,0,1,1,0,0.021310,-0.060467,0.6875
0,166,2.097725,1.491433,2.452981,0.006922,0.002404,3.743117,0.200214,0.355036,0.355036,0.000000,,0,1,1,0,0.027408,-0.099354,0.6667
0,167,2.082179,1.504074,2.469540,0.007081,0.018963,3.763153,0.200483,0.365012,0.365012,0.000000,,0,1,1,0,0.013758,-0.023100,0.7292
0,168,2.066376,1.516488,2.495136,0.007579,0.044559,3.783243,0.201339,0.567392,0.567392,0.000000,C-06,0,1,1,0,0.015754,-0.041811,0.7500
0,169,2.046990,1.530988,2.527691,0.008752,0.077114,3.807424,0.202073,0.576514,0.576514,0.000000,,0,1,1,0,0.026678,-0.117240,0.7708
0,170,2.030535,1.542620,2.545943,0.009354,-0.030122,3.828752,0.201555,0.367376,0.367376,0.000000,C-06,0,1,1,0,0.029716,-0.132756,0.8125
0,171,2.010556,1.556198,2.562676,0.008583,-0.013390,3.852895,0.201351,0.283093,0.283093,0.000000,,0,1,1,0,0.033478,-0.159116,0.7917
0,172,1.990237,1.569418,2.600079,0.008297,0.024014,3.877135,0.203534,0.652719,0.652719,0.000000,C-06,0,1,1,0,0.037094,-0.200492,0.7708
0,173,1.973006,1.579977,2.617193,0.008605,0.041128,3.897341,0.201976,0.314286,0.314286,0.000000,C-06,0,1,1,0,0.039411,-0.211309,0.7083
0,174,1.952137,1.592231,2.633024,0.009429,0.056958,3.921528,0.201706,0.256917,0.256917,0.000000,,0,1,1,0,0.043100,-0.234520,0.7292
0,175,1.931013,1.604070,2.662387,0.009534,-0.039445,3.946972,0.202883,0.488328,0.488328,0.000000,C-06,0,1,1,0,0.062871,-0.345049,0.6875
0,176,1.913135,1.613889,2.691886,0.008275,-0.009947,3.967330,0.204456,0.565807,0.565807,0.000000,,0,1,1,0,0.058616,-0.343146,0.7500
0,177,1.895032,1.623101,2.712789,0.007661,0.010956,3.987632,0.203049,0.378411,0.378411,0.000000,C-06,0,1,1,0,0.059222,-0.347552,0.7500
0,178,1.873061,1.633798,2.743024,0.007354,0.041191,4.012067,0.203955,0.468637,0.468637,0.000000,,0,1,1,0,0.054266,-0.330532,0.8333
0,179,1.854496,1.642371,2.779374,0.007515,0.077541,4.032516,0.205575,0.665915,0.665915,0.000000,C-06,0,1,1,0,0.051234,-0.322127,0.8542
0,180,1.831893,1.652102,2.818548,0.007707,-0.008546,4.058124,0.205052,0.569412,0.569412,0.000000,,0,1,1,0,0.049680,-0.310669,0.8750
0,181,1.809088,1.660084,2.829791,0.007168,0.002697,4.082280,0.201169,0.142131,0.142131,0.000000,C-06,0,1,1,0,0.048200,-0.291645,0.8333
0,182,1.789978,1.666367,2.857234,0.007102,0.030139,4.102396,0.201850,0.508701,0.508701,0.000000,C-06,0,1,1,0,0.045243,-0.291120,0.8125
0,183,1.766804,1.673887,2.901363,0.007116,0.074268,4.126760,0.204020,0.622509,0.622509,0.000000,,0,1,1,0,0.043093,-0.281872,0.8125
0,184,1.743398,1.680957,2.936298,0.007630,0.109203,4.151205,0.203639,0.469296,0.469296,0.000000,C-06,0,1,1,0,0.041157,-0.257763,0.7917
0,185,1.723780,1.685829,2.954927,0.008606,0.014878,4.172483,0.201995,0.286727,0.286727,0.000000,C-06,0,1,1,0,0.036833,-0.220163,0.7917
0,186,1.704091,1.690424,2.975636,0.007777,0.035588,4.192684,0.202204,0.331248,0.331248,0.000000,,0,1,1,0,0.032144,-0.195978,0.7917
0,187,1.680353,1.695706,3.014197,0.007031,0.074149,4.216991,0.203153,0.512619,0.512619,0.000000,C-06,0,1,1,0,0.028216,-0.176991,0.7708
0,188,1.660495,1.698978,3.030051,0.007534,0.090003,4.237111,0.201132,0.228774,0.228774,0.000000,C-06,0,1,1,0,0.023752,-0.138869,0.7500
0,189,1.636653,1.701726,3.021823,0.009296,0.081775,4.261046,0.199846,-0.125444,-0.125444,0.000000,C-06,0,1,1,0,0.021750,-0.116990,0.7292
0,190,1.612805,1.704530,3.038342,0.011004,0.098293,4.284249,0.200291,0.234186,0.234186,0.000000,C-06,0,1,1,0,0.017630,-0.117861,0.6667
0,191,1.592901,1.706872,3.049178,0.009771,0.020996,4.306365,0.200508,0.158644,0.158644,0.000000,,0,1,1,0,0.016041,-0.106793,0.6875
0,192,1.568989,1.709658,3.062850,0.008529,0.034667,4.330407,0.200636,0.171055,0.171055,0.000000,,0,1,1,0,0.015353,-0.099417,0.6875
0,193,1.545054,1.712047,3.073722,0.007685,0.045539,4.354446,0.200426,0.133105,0.133105,0.000000,,0,1,1,0,0.013862,-0.088453,0.7292
0,194,1.525099,1.713440,3.074588,0.007578,0.046406,4.374449,0.200014,0.005116,0.005116,0.000000,,0,1,1,0,0.010644,-0.066408,0.7500
0,195,1.505142,1.714799,3.076913,0.007505,0.048730,4.394452,0.200042,0.036204,0.036204,0.000000,,0,1,1,0,0.009348,-0.064158,0.7917
0,196,1.481189,1.716430,3.080866,0.005992,-0.010083,4.418885,0.200091,0.049074,0.049074,0.000000,,0,1,1,0,0.008808,-0.066656,0.7917
0,197,1.461226,1.717683,3.081758,0.004759,-0.009191,4.438850,0.200026,0.010822,0.010822,0.000000,,0,1,1,0,0.007466,-0.061754,0.7708
0,198,1.437266,1.719168,3.085725,0.003296,-0.005223,4.462811,0.200069,0.050635,0.050635,0.000000,,0,1,1,0,0.006101,-0.058992,0.7083
0,199,1.413298,1.720654,3.094694,0.001833,0.003746,4.486781,0.200159,0.112698,0.112698,0.000000,,0,1,1,0,0.004609,-0.056884,0.7083
0,200,1.393315,1.721893,3.106860,0.000607,-0.021671,4.506766,0.200258,0.181269,0.181269,0.000000,,0,1,1,0,0.003654,-0.048206,0.6667
0,201,1.369326,1.723131,3.115710,-0.000631,-0.012821,4.530755,0.200156,0.102356,0.102356,0.000000,,0,1,1,0,0.003161,-0.037673,0.6667
0,202,1.345334,1.723763,3.115395,-0.001263,-0.013135,4.554747,0.199997,-0.007493,-0.007493,0.000000,,0,1,1,0,0.003189,-0.031234,0.6875
0,203,1.325341,1.724276,3.113594,-0.001776,-0.014937,4.574739,0.199988,-0.027099,-0.027099,0.000000,,0,1,1,0,0.001559,-0.021883,0.7292
0,204,1.305350,1.724789,3.111179,-0.002289,-0.017351,4.594731,0.199974,-0.035279,-0.035279,0.000000,,0,1,1,0,0.001386,-0.026583,0.7917
0,205,1.281360,1.725498,3.115327,-0.002998,-0.026073,4.618721,0.200018,0.054839,0.054839,0.000000,,0,1,1,0,0.000730,-0.029078,0.7708
0,206,1.261366,1.726093,3.117587,-0.003593,-0.023813,4.638715,0.200030,0.030802,0.030802,0.000000,,0,1,1,0,0.000603,-0.029177,0.7708
0,207,1.237372,1.726775,3.119840,-0.004275,-0.021560,4.662708,0.200027,0.026693,0.026693,0.000000,,0,1,1,0,0.000102,-0.025235,0.7292
0,208,1.213376,1.727428,3.130045,-0.004928,-0.011355,4.686705,0.200060,0.126696,0.126696,0.000000,,0,1,1,0,-0.000563,-0.022301,0.7292
0,209,1.193376,1.727972,-3.141517,-0.005472,0.000076,4.706704,0.200074,0.166525,0.166525,0.000000,,0,1,1,0,-0.000603,-0.014514,0.6667
0,210,1.169376,1.728388,-3.132573,-0.005888,0.009019,4.730704,0.200009,0.102385,0.102385,0.000000,,0,1,1,0,-0.000289,-0.004448,0.6667
0,211,1.145378,1.728315,-3.129510,-0.005815,0.012082,4.754703,0.199988,0.033437,0.033437,0.000000,,0,1,1,0,-0.000160,0.005581,0.7083
0,212,1.125379,1.728114,-3.136553,-0.005614,0.005040,4.774702,0.200008,-0.110995,-0.110995,0.000000,,0,1,1,0,-0.000203,0.014456,0.7500
0,213,1.105379,1.727906,-3.140102,-0.005406,0.001491,4.794702,0.200011,-0.046359,-0.046359,0.000000,,0,1,1,0,-0.000542,0.010511,0.7500
0,214,1.081379,1.727748,3.140514,-0.005248,-0.001079,4.818702,0.200003,-0.029416,-0.029416,0.000000,,0,1,1,0,-0.000059,0.001944,0.7917
0,215,1.061379,1.727722,-3.140539,-0.005222,0.001053,4.838702,0.200000,0.034181,0.034181,0.000000,,0,1,1,0,-0.000029,-0.000778,0.7708
0,216,1.037380,1.727697,-3.127099,-0.005197,0.014493,4.862701,0.199981,0.168973,0.168973,0.000000,,0,1,1,0,0.000006,0.000407,0.7292
0,217,1.013385,1.727671,-3.115093,-0.005171,0.026499,4.886696,0.199933,0.141711,0.141711,0.000000,,0,1,1,0,0.001850,0.008074,0.7292
0,218,0.993393,1.727412,-3.109547,-0.004912,0.032046,4.906687,0.199924,0.077978,0.077978,0.000000,,0,1,1,0,0.002291,0.019967,0.7083
0,219,0.969409,1.726989,-3.101986,-0.004489,0.039607,4.930672,0.199888,0.092012,0.092012,0.000000,,0,1,1,0,0.003041,0.026940,0.6875
0,220,0.945432,1.726422,-3.093753,-0.003922,0.047839,4.954649,0.199849,0.100225,0.100225,0.000000,,0,1,1,0,0.003739,0.033340,0.7083
0,221,0.925458,1.725799,-3.086929,-0.003299,0.054664,4.974622,0.199823,0.099761,0.099761,0.000000,,0,1,1,0,0.005199,0.043007,0.7292
0,222,0.905491,1.724991,-3.081066,-0.002491,0.060527,4.994589,0.199825,0.085230,0.085230,0.000000,,0,1,1,0,0.005908,0.052932,0.7500
0,223,0.881542,1.723929,-3.071635,-0.001429,0.069957,5.018538,0.199733,0.117349,0.117349,0.000000,,0,1,1,0,0.007068,0.059443,0.7708
0,224,0.861595,1.722798,-3.066063,-0.000298,0.075529,5.038485,0.199790,0.079953,0.079953,0.000000,,0,1,1,0,0.007093,0.074956,0.7917
0,225,0.837670,1.721290,-3.059472,0.001210,0.082121,5.062411,0.199766,0.081892,0.081892,0.000000,,0,1,1,0,0.007495,0.088190,0.7917
0,226,0.813750,1.719335,-3.060427,0.003165,0.081166,5.086330,0.200021,-0.017825,-0.017825,0.000000,,0,1,1,0,0.004532,0.130908,0.7500
0,227,0.793820,1.717695,-3.055454,0.004805,0.086139,5.106261,0.199937,0.082457,0.082457,0.000000,,0,1,1,0,0.003621,0.143036,0.7083
0,228,0.769915,1.715727,-3.049628,0.006773,0.091964,5.130166,0.199833,0.072191,0.072191,0.000000,,0,1,1,0,0.009088,0.123636,0.6458
0,229,0.746016,1.713528,-3.050598,0.008972,0.090995,5.154065,0.200022,-0.016702,-0.016702,0.000000,,0,1,1,0,0.000391,0.186369,0.6458
0,230,0.726098,1.711711,-3.050679,0.010789,0.090914,5.173982,0.200000,-0.000061,-0.000061,0.000000,,0,1,1,0,0.011281,0.146384,0.7083
0,231,0.706184,1.709895,-3.046444,0.012605,0.095148,5.193896,0.199927,0.068202,0.068202,0.000000,,0,1,1,0,0.013206,0.146182,0.7083
0,232,0.682305,1.707715,-3.035852,0.014785,0.105741,5.217776,0.199721,0.137783,0.137783,0.000000,,0,1,1,0,0.012931,0.162600,0.7292
0,233,0.662416,1.705633,-3.037167,0.016867,0.104426,5.237664,0.200016,-0.032155,-0.032155,0.000000,C-06,0,1,1,0,0.013655,0.180479,0.7292
0,234,0.638522,1.703110,-3.060419,0.019390,0.081174,5.261558,0.200428,-0.317800,-0.317800,0.000000,C-06,0,1,1,0,0.008202,0.232104,0.6875
0,235,0.614594,1.700933,-3.066855,0.021567,0.074738,5.285486,0.200205,-0.064801,-0.064801,0.000000,C-06,0,1,1,0,0.001596,0.264023,0.6875
0,236,0.594644,1.699191,-3.075860,0.023309,0.065732,5.305436,0.200320,-0.138350,-0.138350,0.000000,,0,1,1,0,-0.005950,0.296091,0.6250
0,237,0.570685,1.697100,-3.091658,0.025400,0.049935,5.329396,0.200502,-0.196509,-0.196509,0.000000,,0,1,1,0,-0.005609,0.284617,0.6250
0,238,0.546703,1.695012,-3.114720,0.027488,0.026873,5.353377,0.200663,-0.282173,-0.282173,0.000000,,0,1,1,0,0.009662,0.202738,0.6250
0,239,0.526711,1.694413,-3.111408,0.028087,0.030184,5.373370,0.199979,0.072146,0.072146,0.000000,C-06,0,1,1,0,0.002469,0.231515,0.6667
0,240,0.506721,1.693889,-3.108292,0.028611,0.033301,5.393360,0.199959,0.043246,0.043246,0.000000,,0,1,1,0,0.003174,0.238144,0.7083
0,241,0.482731,1.693100,-3.118352,0.029400,0.023240,5.417349,0.200054,-0.133862,-0.133862,0.000000,C-06,0,1,1,0,0.004246,0.245170,0.7500
0,242,0.462735,1.692434,-3.126088,0.030066,0.015505,5.437346,0.200085,-0.109496,-0.109496,0.000000,,0,1,1,0,-0.007258,0.318281,0.7500
0,243,0.438738,1.692049,-3.124887,0.030451,0.016706,5.461343,0.199995,0.020997,0.020997,0.000000,,0,1,1,0,-0.010583,0.332680,0.7708
0,244,0.414741,1.691685,-3.127599,0.030815,0.013994,5.485340,0.200003,-0.035303,-0.035303,0.000000,,0,1,1,0,-0.002656,0.293993,0.6458
0,245,0.394742,1.691381,-3.135363,0.031119,0.006229,5.505339,0.200019,-0.116904,-0.116904,0.000000,,0,1,1,0,-0.007678,0.318178,0.6458
0,246,0.370742,1.691016,3.130876,0.031484,-0.010717,5.529338,0.200013,-0.205244,-0.205244,0.000000,,0,1,1,0,-0.007113,0.305067,0.6458
0,247,0.346743,1.691196,3.133644,0.031304,-0.007948,5.553337,0.200001,0.046191,0.046191,0.000000,C-06,0,1,1,0,-0.011511,0.324016,0.7083
0,248,0.326744,1.691371,-3.124036,0.031129,0.017557,5.573336,0.199982,0.403767,0.403767,0.000000,C-06,0,1,1,0,0.042990,-0.204226,0.5208
0,249,0.306747,1.691031,-3.127204,0.031469,0.014389,5.593333,0.200014,-0.077901,-0.077901,0.000000,C-06,0,1,1,0,-0.006080,0.340774,0.8125
0,250,0.282750,1.690688,-3.124759,0.031812,0.016641,5.617331,0.199992,0.035057,0.035057,0.000000,,0,1,1,0,-0.001890,0.332155,0.8125
0,251,0.262753,1.690407,-3.122549,0.032093,0.018851,5.637327,0.199984,0.031391,0.031391,0.000000,,0,1,1,0,0.003667,0.314080,0.7708
0,252,0.238757,1.689975,-3.122786,0.032525,0.018614,5.661323,0.199998,-0.004638,-0.004638,0.000000,,0,1,1,0,0.005928,0.313556,0.7708
0,253,0.214761,1.689538,-3.128867,0.032962,0.012533,5.685320,0.200016,-0.076401,-0.076401,0.000000,,0,1,1,0,0.015507,0.264572,0.7083
0,254,0.194763,1.689283,-3.125462,0.033217,0.003068,5.705318,0.199990,0.057436,0.057436,0.000000,,0,1,1,0,0.016395,0.257168,0.7083
0,255,0.170769,1.688985,-3.113218,0.033515,0.015313,5.729312,0.199938,0.151951,0.151951,0.000000,,0,1,1,0,0.005497,0.329402,0.7500
0,256,0.146776,1.688338,-3.123838,0.034162,0.004693,5.753305,0.200043,-0.145469,-0.145469,0.000000,C-06,0,1,1,0,0.008092,0.323904,0.6875
0,257,0.126778,1.687787,-3.128794,0.034713,-0.000263,5.773303,0.200055,-0.065953,-0.065953,0.000000,,0,1,1,0,0.017222,0.254723,0.6667
0,258,0.106778,1.687260,3.135452,0.035240,-0.019203,5.793302,0.200067,-0.291980,-0.291980,0.000000,C-06,0,1,1,0,0.021141,0.207595,0.5833
0,259,0.082790,1.686627,3.088597,0.035856,-0.103640,5.817325,0.199812,-0.591763,-0.591763,0.000000,C-06,0,1,1,0,0.002372,0.281778,0.6042
0,260,0.062836,1.686430,3.061433,0.036034,-0.130805,5.837280,0.199382,-0.387817,-0.387817,0.000000,C-06,0,1,1,0,-0.006262,0.283975,0.6458
0,261,0.038886,1.688268,3.103521,0.034173,-0.088716,5.861227,0.200491,0.621740,0.621740,0.000000,C-06,0,1,1,0,0.012581,0.130418,0.6667
0,262,0.014894,1.690166,3.128692,0.032252,-0.063545,5.885218,0.200509,0.280602,0.280602,0.000000,C-06,0,1,1,0,0.016250,0.104748,0.7292
0,263,-0.005103,1.690490,3.116495,0.031767,-0.138507,5.907234,0.199956,-0.216954,-0.216954,0.000000,C-06,0,1,1,0,0.016679,0.097404,0.7708
0,264,-0.029099,1.691097,3.139828,0.029617,-0.115174,5.931141,0.200067,0.321361,0.321361,0.000000,C-06,0,1,1,0,0.003032,0.166061,0.7708
0,265,-0.053084,1.691721,-3.075488,0.027452,-0.047305,5.955036,0.199673,0.888656,0.888656,0.000000,C-06,0,1,1,0,0.001298,0.155817,0.7292
0,266,-0.073039,1.690491,-3.078622,0.027396,-0.050440,5.975029,0.200083,-0.128571,-0.128571,0.000000,C-06,0,1,1,0,0.008036,0.139299,0.7083
0,267,-0.092993,1.689197,-3.067450,0.027403,-0.039267,5.995025,0.199875,0.194644,0.194644,0.000000,C-06,0,1,1,0,0.005292,0.136839,0.6667
0,268,-0.116888,1.687654,-3.027269,0.026819,-0.087221,6.022333,0.199154,0.538598,0.538598,0.000000,C-06,0,1,1,0,0.004552,0.122278,0.4792
0,269,-0.136721,1.686367,-2.998047,0.024370,-0.057998,6.042056,0.198405,0.443422,0.443422,0.000000,,0,1,1,0,0.059833,-0.245828,0.6250
0,270,-0.160442,1.683664,-2.980856,0.022587,-0.040807,6.065864,0.198974,0.208737,0.208737,0.000000,C-06,0,1,1,0,-0.002772,0.154758,0.6667
0,271,-0.184077,1.680652,-2.952610,0.021122,-0.012561,6.089645,0.198086,0.384963,0.384963,0.000000,C-06,0,1,1,0,0.001244,0.113046,0.7292
0,272,-0.203660,1.678102,-2.920746,0.019962,0.019302,6.109359,0.197068,0.525195,0.525195,0.000000,,0,1,1,0,0.001438,0.106875,0.7292
0,273,-0.226987,1.674102,-2.888093,0.019225,-0.060999,6.135469,0.197133,0.443876,0.443876,0.000000,,0,1,1,0,0.002809,0.098703,0.7708
0,274,-0.250156,1.668818,-2.868036,0.017085,-0.040942,6.159137,0.198069,0.270444,0.270444,0.000000,C-06,0,1,1,0,0.002019,0.103931,0.7708
0,275,-0.269334,1.664034,-2.838561,0.015705,-0.011466,6.178854,0.196911,0.522934,0.522934,0.000000,C-06,0,1,1,0,-0.004105,0.138471,0.7292
0,276,-0.288341,1.658981,-2.812110,0.014632,0.014985,6.198493,0.196632,0.452905,0.452905,0.000000,,0,1,1,0,-0.003519,0.133489,0.7083
0,277,-0.307198,1.653184,-2.791939,0.014314,0.035156,6.218218,0.197326,0.347280,0.347280,0.000000,,0,1,1,0,-0.003414,0.133129,0.6667
0,278,-0.329647,1.645672,-2.768134,0.014516,0.058961,6.241889,0.197262,0.353431,0.353431,0.000000,,0,1,1,0,-0.005897,0.138438,0.6667
0,279,-0.348176,1.639057,-2.742955,0.013207,-0.041122,6.263341,0.196512,0.458233,0.458233,0.000000,,0,1,1,0,-0.027228,0.239528,0.6458
0,280,-0.366510,1.631979,-2.717993,0.011792,-0.016161,6.282943,0.196559,0.458534,0.458534,0.000000,,0,1,1,0,0.048218,-0.227290,0.6250
0,281,-0.388272,1.622650,-2.694956,0.010952,0.006876,6.306606,0.197397,0.352368,0.352368,0.000000,,0,1,1,0,-0.011464,0.153158,0.6875
0,282,-0.406208,1.614503,-2.671162,0.010673,0.030671,6.326303,0.196784,0.456370,0.456370,0.000000,,0,1,1,0,-0.004689,0.105925,0.7292
0,283,-0.427443,1.604153,-2.642550,0.010981,0.059283,6.349924,0.196967,0.459210,0.459210,0.000000,,0,1,1,0,-0.004516,0.107114,0.7292
0,284,-0.444894,1.594979,-2.619787,0.010986,-0.043721,6.371044,0.197256,0.444585,0.444585,0.000000,,0,1,1,0,-0.002735,0.094618,0.7708
0,285,-0.462120,1.585345,-2.597455,0.009900,-0.021389,6.390752,0.197486,0.443636,0.443636,0.000000,,0,1,1,0,-0.003685,0.103227,0.7500
0,286,-0.482478,1.573210,-2.569317,0.009249,0.006748,6.414443,0.197660,0.475349,0.475349,0.000000,,0,1,1,0,-0.008591,0.140996,0.7500
0,287,-0.499168,1.562581,-2.546617,0.009289,0.029448,6.434230,0.198022,0.466027,0.466027,0.000000,,0,1,1,0,-0.007170,0.132052,0.7083
0,288,-0.515620,1.551492,-2.527002,0.009846,0.049064,6.454062,0.198543,0.404801,0.404801,0.000000,,0,1,1,0,-0.005223,0.120378,0.6875
0,289,-0.535076,1.537693,-2.505197,0.011083,0.070869,6.477883,0.198921,0.383188,0.383188,0.000000,,0,1,1,0,-0.008567,0.135480,0.6667
0,290,-0.551016,1.525755,-2.480260,0.010221,-0.029682,6.499175,0.198981,0.548848,0.548848,0.000000,C-06,0,1,1,0,-0.029395,0.235744,0.6458
0,291,-0.566670,1.513408,-2.459547,0.009766,-0.008969,6.519107,0.199564,0.446717,0.446717,0.000000,,0,1,1,0,0.042693,-0.212673,0.6458
0,292,-0.585136,1.498113,-2.437961,0.009792,0.012616,6.543084,0.199998,0.396539,0.396539,0.000000,,0,1,1,0,-0.010498,0.138357,0.6667
0,293,-0.600294,1.485013,-2.416301,0.010234,0.034277,6.563114,0.200645,0.483279,0.483279,0.000000,,0,1,1,0,-0.006688,0.112742,0.7292
0,294,-0.615220,1.471552,-2.389472,0.011102,0.061106,6.583195,0.201230,0.585221,0.585221,0.000000,,0,1,1,0,-0.004454,0.098308,0.7292
0,295,-0.632593,1.454895,-2.359298,0.011250,-0.034269,6.608725,0.200138,0.524023,0.524023,0.000000,,0,1,1,0,-0.003368,0.096768,0.7708
0,296,-0.646666,1.440697,-2.343848,0.010704,-0.018819,6.628709,0.199793,0.304768,0.304768,0.000000,C-06,0,1,1,0,-0.001537,0.092366,0.7500
0,297,-0.663172,1.423416,-2.313797,0.010494,0.011231,6.652604,0.198666,0.540615,0.540615,0.000000,C-06,0,1,1,0,-0.007626,0.136748,0.7083
0,298,-0.676545,1.408659,-2.292794,0.010841,0.032235,6.672517,0.199426,0.450439,0.450439,0.000000,,0,1,1,0,-0.005672,0.126297,0.6875
0,299,-0.689614,1.393554,-2.272931,0.011648,0.052098,6.692474,0.199989,0.439514,0.439514,0.000000,,0,1,1,0,-0.007174,0.136719,0.6667
0,300,-0.704935,1.375037,-2.247207,0.012369,-0.048161,6.718054,0.200537,0.477102,0.477102,0.000000,,0,1,1,0,-0.027633,0.232862,0.6250
0,301,-0.717411,1.359308,-2.225678,0.011534,-0.026632,6.738113,0.200950,0.468226,0.468226,0.000000,,0,1,1,0,0.045375,-0.218364,0.6250
0,302,-0.729612,1.343321,-2.204843,0.011074,-0.005797,6.758218,0.201270,0.445202,0.445202,0.000000,,0,1,1,0,0.043635,-0.213917,0.6458
0,303,-0.743886,1.323819,-2.180972,0.011005,0.018074,6.782386,0.201562,0.418381,0.418381,0.000000,,0,1,1,0,-0.008298,0.127995,0.6875
0,304,-0.755437,1.307280,-2.153912,0.011395,0.045134,6.802555,0.202665,0.573082,0.573082,0.000000,C-06,0,1,1,0,-0.005517,0.109259,0.7292
0,305,-0.766695,1.290457,-2.130300,0.012189,0.068746,6.822782,0.202548,0.474290,0.474290,0.000000,,0,1,1,0,-0.003015,0.097176,0.7708
0,306,-0.779747,1.269950,-2.103654,0.011035,-0.030347,6.848609,0.202707,0.443590,0.443590,0.000000,,0,1,1,0,-0.002003,0.094583,0.7500
0,307,-0.790313,1.252601,-2.078682,0.010133,-0.005375,6.868902,0.203330,0.495391,0.495391,0.000000,,0,1,1,0,-0.009241,0.148462,0.7500
0,308,-0.800542,1.235002,-2.052542,0.009645,0.020766,6.889253,0.203695,0.507495,0.507495,0.000000,,0,1,1,0,-0.005875,0.124857,0.7292
0,309,-0.812175,1.213593,-2.026935,0.009763,0.046372,6.913618,0.203076,0.400175,0.400175,0.000000,,0,1,1,0,-0.006674,0.134231,0.6875
0,310,-0.821478,1.195550,-2.006572,0.010302,0.066736,6.933910,0.203038,0.381131,0.381131,0.000000,,0,1,1,0,-0.005939,0.126093,0.6667
0,311,-0.832309,1.173645,-1.975900,0.009312,-0.028076,6.959636,0.204014,0.478595,0.478595,0.000000,,0,1,1,0,-0.028022,0.232023,0.6458
0,312,-0.840803,1.155181,-1.954718,0.008188,-0.006894,6.979929,0.203198,0.377614,0.377614,0.000000,,0,1,1,0,0.044454,-0.215989,0.6250
0,313,-0.848896,1.136565,-1.935117,0.007494,0.012707,7.000215,0.202986,0.349873,0.349873,0.000000,,0,1,1,0,-0.012924,0.151594,0.6875
0,314,-0.858298,1.114015,-1.904150,0.007025,0.043674,7.024643,0.204046,0.463425,0.463425,0.000000,,0,1,1,0,-0.007030,0.109466,0.7083
0,315,-0.865814,1.095029,-1.876393,0.007003,0.071431,7.045062,0.204211,0.482864,0.482864,0.000000,,0,1,1,0,-0.005314,0.098184,0.7292
0,316,-0.872711,1.075885,-1.852510,0.006713,-0.030476,7.066293,0.203402,0.401682,0.401682,0.000000,,0,1,1,0,-0.004636,0.096319,0.7708
0,317,-0.880283,1.052752,-1.827898,0.005135,-0.005864,7.090583,0.202779,0.341196,0.341196,0.000000,,0,1,1,0,-0.006368,0.110375,0.7500
0,318,-0.886324,1.033344,-1.800567,0.004113,0.021467,7.110884,0.203736,0.462146,0.462146,0.000000,,0,1,1,0,-0.010643,0.137630,0.7292
0,319,-0.891949,1.013814,-1.774921,0.003525,0.047113,7.131199,0.203145,0.413815,0.413815,0.000000,,0,1,1,0,-0.008974,0.127901,0.7083
0,320,-0.897802,0.990256,-1.750852,0.003719,0.071182,7.155473,0.202173,0.314853,0.314853,0.000000,,0,1,1,0,-0.007101,0.115874,0.6667
0,321,-0.902367,0.970540,-1.727957,0.004203,0.094077,7.174348,0.202390,0.364496,0.364496,0.000000,,0,1,1,0,-0.029352,0.220927,0.6458
0,322,-0.906660,0.950749,-1.701891,0.002234,-0.005621,7.196393,0.202480,0.408209,0.408209,0.000000,,0,1,1,0,-0.027788,0.213167,0.6458
0,323,-0.910888,0.926919,-1.677349,0.001042,0.018921,7.220566,0.201563,0.307661,0.307661,0.000000,,0,1,1,0,0.036712,-0.197557,0.6458
0,324,-0.914054,0.907011,-1.655189,0.000408,0.041081,7.240714,0.201518,0.335635,0.335635,0.000000,,0,1,1,0,-0.010960,0.115514,0.6875
0,325,-0.917478,0.883069,-1.624210,0.000026,0.072061,7.264896,0.201432,0.385040,0.385040,0.000000,,0,1,1,0,-0.010998,0.113060,0.7292
0,326,-0.919733,0.863087,-1.600026,0.000306,0.096244,7.285004,0.200950,0.348694,0.348694,0.000000,,0,1,1,0,-0.009132,0.101476,0.7292
0,327,-0.921391,0.843090,-1.578402,-0.000691,-0.007605,7.305080,0.200528,0.306223,0.306223,0.000000,,0,1,1,0,-0.009451,0.103231,0.7500
0,328,-0.922983,0.819092,-1.547663,-0.002283,0.023134,7.329079,0.200249,0.366997,0.366997,0.000000,,0,1,1,0,-0.008126,0.090961,0.7708
0,329,-0.923667,0.799105,-1.524374,-0.002967,0.046422,7.349066,0.199847,0.335135,0.335135,0.000000,,0,1,1,0,-0.008613,0.094968,0.7083
0,330,-0.923707,0.779137,-1.504449,-0.003007,0.066347,7.369034,0.199581,0.289420,0.289420,0.000000,,0,1,1,0,-0.012603,0.128058,0.7083
0,331,-0.923178,0.755210,-1.481348,-0.002478,0.089449,7.392961,0.199330,0.286386,0.286386,0.000000,,0,1,1,0,-0.012768,0.125163,0.6667
0,332,-0.922456,0.735314,-1.455644,-0.002597,-0.010321,7.412581,0.198866,0.398031,0.398031,0.000000,,0,1,1,0,-0.052063,0.315751,0.6458
0,333,-0.921123,0.715472,-1.434712,-0.003773,0.010611,7.432433,0.198789,0.315730,0.315730,0.000000,,0,1,1,0,-0.045672,0.294566,0.6875
0,334,-0.918747,0.691729,-1.414344,-0.004407,0.030978,7.456286,0.198790,0.261153,0.261153,0.000000,,0,1,1,0,0.031958,-0.187691,0.6458
0,335,-0.916506,0.672008,-1.392546,-0.004667,0.052776,7.476133,0.198263,0.348905,0.348905,0.000000,,0,1,1,0,-0.033584,0.238446,0.7083
0,336,-0.914019,0.652371,-1.367270,-0.004673,0.078052,7.495926,0.197767,0.408372,0.408372,0.000000,,0,1,1,0,-0.013603,0.105479,0.7292
0,337,-0.910334,0.628941,-1.337892,-0.003968,0.107431,7.519634,0.197547,0.398203,0.398203,0.000000,,0,1,1,0,-0.013245,0.105520,0.7292
0,338,-0.906377,0.609520,-1.321487,-0.004643,-0.001929,7.538952,0.198207,0.264598,0.264598,0.000000,,0,1,1,0,-0.011596,0.098567,0.7500
0,339,-0.901273,0.586360,-1.288596,-0.005463,0.030962,7.562654,0.196838,0.475980,0.475980,0.000000,C-06,0,1,1,0,-0.013529,0.108696,0.7500
0,340,-0.896449,0.567210,-1.268341,-0.005556,0.051218,7.582402,0.197535,0.334076,0.334076,0.000000,,0,1,1,0,-0.010841,0.095759,0.7083
0,341,-0.891104,0.548170,-1.251141,-0.005116,0.068418,7.602173,0.197765,0.293965,0.293965,0.000000,,0,1,1,0,-0.014111,0.124633,0.6875
0,342,-0.884329,0.525480,-1.226242,-0.004200,0.093316,7.625835,0.197193,0.366739,0.366739,0.000000,,0,1,1,0,-0.013581,0.117192,0.6458
0,343,-0.878316,0.506736,-1.202674,-0.003979,-0.008906,7.645049,0.196764,0.422404,0.422404,0.000000,,0,1,1,0,-0.054339,0.321427,0.6458
0,344,-0.871728,0.488149,-1.182561,-0.004673,0.011207,7.664756,0.197223,0.359219,0.359219,0.000000,,0,1,1,0,-0.049939,0.305001,0.6667
0,345,-0.863128,0.466020,-1.164394,-0.004796,0.029375,7.688497,0.197904,0.270252,0.270252,0.000000,,0,1,1,0,0.031357,-0.188454,0.6458
0,346,-0.855624,0.447743,-1.140403,-0.004526,0.053365,7.708253,0.196763,0.452461,0.452461,0.000000,C-06,0,1,1,0,-0.034891,0.239685,0.7083
0,347,-0.847813,0.429659,-1.118683,-0.003898,0.075086,7.727942,0.197054,0.403743,0.403743,0.000000,,0,1,1,0,-0.014587,0.112656,0.7292
0,348,-0.837879,0.408213,-1.091672,-0.002529,0.102097,7.751537,0.197019,0.429560,0.429560,0.000000,,0,1,1,0,-0.012023,0.099361,0.7500
0,349,-0.829082,0.390565,-1.070183,-0.003050,-0.001898,7.770937,0.197270,0.413991,0.413991,0.000000,,0,1,1,0,-0.011526,0.098706,0.7500
0,350,-0.819876,0.373129,-1.047368,-0.003382,0.020917,7.790651,0.197246,0.448851,0.448851,0.000000,,0,1,1,0,-0.024731,0.202743,0.7917
0,351,-0.808215,0.352501,-1.021261,-0.003098,0.047024,7.814346,0.197605,0.432730,0.432730,0.000000,,0,1,1,0,-0.010231,0.095640,0.7083
0,352,-0.797991,0.335544,-1.002559,-0.002307,0.065726,7.834130,0.198107,0.375164,0.375164,0.000000,,0,1,1,0,-0.020418,0.183216,0.6875
0,353,-0.785258,0.315470,-0.978627,-0.000818,0.089658,7.857854,0.198220,0.410758,0.410758,0.000000,,0,1,1,0,-0.024774,0.195204,0.6875
0,354,-0.774230,0.298991,-0.958005,-0.000112,-0.015458,7.877659,0.198423,0.430802,0.430802,0.000000,,0,1,1,0,-0.037851,0.258199,0.6667
0,355,-0.762806,0.282748,-0.937513,-0.000430,0.005033,7.897515,0.198730,0.432886,0.432886,0.000000,,0,1,1,0,-0.036436,0.253180,0.6875
0,356,-0.748586,0.263563,-0.914987,-0.000219,0.027559,7.921394,0.199171,0.401216,0.401216,0.000000,,0,1,1,0,0.034315,-0.194424,0.6667
0,357,-0.736350,0.247830,-0.895604,0.000419,0.046942,7.941314,0.199463,0.423495,0.423495,0.000000,,0,1,1,0,-0.024384,0.197024,0.7292
0,358,-0.723736,0.232354,-0.873699,0.001515,0.068848,7.961250,0.199846,0.488087,0.488087,0.000000,,0,1,1,0,-0.018589,0.162472,0.7708
0,359,-0.708062,0.214128,-0.843773,0.003466,0.098774,7.985209,0.200795,0.555644,0.555644,0.000000,,0,1,1,0,-0.013415,0.134494,0.7708
0,360,-0.694626,0.199202,-0.824646,0.003036,-0.008082,8.005719,0.200989,0.404116,0.404116,0.000000,C-06,0,1,1,0,-0.007486,0.107616,0.7708
0,361,-0.680894,0.184555,-0.802876,0.003026,0.013688,8.025797,0.200515,0.464406,0.464406,0.000000,,0,1,1,0,-0.003370,0.079933,0.7917
0,362,-0.663995,0.167496,-0.774917,0.003675,0.041647,8.049800,0.199738,0.484813,0.484813,0.000000,,0,1,1,0,0.000702,0.054456,0.7500
0,363,-0.649636,0.153633,-0.757008,0.004659,0.059556,8.069735,0.199397,0.367847,0.367847,0.000000,,0,1,1,0,0.005832,0.022946,0.7083
0,364,-0.635090,0.140019,-0.740329,0.005949,0.076234,8.089616,0.199160,0.355501,0.355501,0.000000,,0,1,1,0,0.010814,-0.005756,0.7083
0,365,-0.617257,0.124057,-0.714556,0.006419,-0.023541,8.114374,0.199612,0.474772,0.474772,0.000000,,0,1,1,0,0.020297,-0.062159,0.6875
0,366,-0.602039,0.111091,-0.695589,0.006119,-0.004574,8.134364,0.200118,0.419006,0.419006,0.000000,,0,1,1,0,0.026544,-0.106503,0.7292
0,367,-0.583445,0.095853,-0.673127,0.006218,0.017888,8.158404,0.200525,0.412794,0.412794,0.000000,,0,1,1,0,0.014160,-0.034119,0.7083
0,368,-0.567674,0.083425,-0.651087,0.006685,0.039928,8.178478,0.201052,0.482323,0.482323,0.000000,,0,1,1,0,0.013961,-0.033718,0.7500
0,369,-0.551622,0.071262,-0.626712,0.007535,0.064303,8.198600,0.201633,0.522325,0.522325,0.000000,,0,1,1,0,0.024556,-0.112781,0.7708
0,370,-0.532011,0.057104,-0.601997,0.008330,-0.036469,8.223833,0.201718,0.427645,0.427645,0.000000,,0,1,1,0,0.028500,-0.138693,0.8125
0,371,-0.515414,0.045617,-0.581633,0.007515,-0.016106,8.244001,0.201973,0.420548,0.420548,0.000000,,0,1,1,0,0.031888,-0.164675,0.7917
0,372,-0.498581,0.034388,-0.558732,0.007044,0.006796,8.264231,0.202527,0.468557,0.468557,0.000000,,0,1,1,0,0.034649,-0.188495,0.7708
0,373,-0.478045,0.021302,-0.528631,0.006987,0.036897,8.288582,0.203134,0.503783,0.503783,0.000000,,0,1,1,0,0.036794,-0.206514,0.7500
0,374,-0.460698,0.010969,-0.513493,0.007548,0.052034,8.308765,0.201890,0.289093,0.289093,0.000000,C-06,0,1,1,0,0.040881,-0.232800,0.7292
0,375,-0.443171,0.000918,-0.490876,0.008444,0.074651,8.328949,0.202865,0.449963,0.449963,0.000000,C-06,0,1,1,0,0.058665,-0.331615,0.6875
0,376,-0.421836,-0.010987,-0.459898,0.007190,-0.020138,8.354403,0.203810,0.496515,0.496515,0.000000,,0,1,1,0,0.058915,-0.340878,0.7292
0,377,-0.403811,-0.020435,-0.436067,0.006330,0.003693,8.374736,0.203564,0.445082,0.445082,0.000000,,0,1,1,0,0.057817,-0.342305,0.7500
0,378,-0.385590,-0.029468,-0.413735,0.005928,0.026025,8.395068,0.203398,0.411882,0.411882,0.000000,,0,1,1,0,0.055026,-0.335134,0.7708
0,379,-0.363445,-0.039926,-0.376469,0.005910,0.063291,8.419559,0.205002,0.574554,0.574554,0.000000,C-06,0,1,1,0,0.052052,-0.329380,0.8125
0,380,-0.344745,-0.048174,-0.348194,0.006423,0.091566,8.439991,0.204369,0.499048,0.499048,0.000000,,0,1,1,0,0.048151,-0.308603,0.8542
0,381,-0.322052,-0.057462,-0.314177,0.005653,0.000321,8.465321,0.204337,0.495170,0.495170,0.000000,,0,1,1,0,0.047077,-0.301419,0.8542
0,382,-0.302954,-0.064577,-0.288444,0.004791,0.026054,8.485683,0.203754,0.437795,0.437795,0.000000,,0,1,1,0,0.043385,-0.276795,0.8125
0,383,-0.283702,-0.071353,-0.259565,0.004301,0.054933,8.506086,0.204149,0.490342,0.490342,0.000000,,0,1,1,0,0.042991,-0.277408,0.8125
0,384,-0.260414,-0.078713,-0.228167,0.004503,0.086330,8.530509,0.203439,0.430331,0.430331,0.000000,,0,1,1,0,0.039706,-0.256108,0.8333
0,385,-0.240873,-0.084395,-0.200464,0.005142,0.114034,8.550849,0.203447,0.451539,0.451539,0.000000,,0,1,1,0,0.038149,-0.246526,0.7708
0,386,-0.221212,-0.089768,-0.167103,0.005217,0.034442,8.571923,0.203905,0.537556,0.537556,0.000000,,0,1,1,0,0.034424,-0.222953,0.8125
0,387,-0.197482,-0.095248,-0.132630,0.004275,0.068914,8.596259,0.202761,0.443418,0.443418,0.000000,,0,1,1,0,0.031007,-0.195208,0.7917
0,388,-0.177650,-0.098140,-0.127083,0.005146,0.074462,8.616283,0.200330,0.068015,0.068015,0.000000,C-06,0,1,1,0,0.024698,-0.142573,0.7708
0,389,-0.157805,-0.100874,-0.122778,0.006174,0.078766,8.636288,0.200311,0.065920,0.065920,0.000000,,0,1,1,0,0.021284,-0.128453,0.7292
0,390,-0.133965,-0.104097,-0.106599,0.007470,0.094945,8.660311,0.200654,0.216794,0.216794,0.000000,C-06,0,1,1,0,0.019008,-0.125814,0.7292
0,391,-0.114067,-0.106736,-0.095215,0.008602,0.106330,8.680351,0.200715,0.168660,0.168660,0.000000,,0,1,1,0,0.016997,-0.113881,0.6875
0,392,-0.094147,-0.109178,-0.083871,0.007390,0.029539,8.701450,0.200661,0.170256,0.170256,0.000000,,0,1,1,0,0.015260,-0.101441,0.6667
0,393,-0.070219,-0.111792,-0.070750,0.006320,0.042660,8.725497,0.200554,0.162291,0.162291,0.000000,,0,1,1,0,0.013370,-0.089465,0.6875
0,394,-0.050265,-0.113444,-0.065751,0.005955,0.047659,8.745516,0.200192,0.067079,0.067079,0.000000,,0,1,1,0,0.010422,-0.068403,0.7083
0,395,-0.026315,-0.115101,-0.063972,0.005842,0.049437,8.769522,0.200050,0.019058,0.019058,0.000000,,0,1,1,0,0.009470,-0.064900,0.7292
0,396,-0.006355,-0.116453,-0.061287,0.005777,0.052123,8.789529,0.200080,0.041124,0.041124,0.000000,,0,1,1,0,0.008521,-0.065073,0.7917
0,397,0.013609,-0.117791,-0.058899,0.004626,-0.008254,0.017505,0.200086,0.034676,0.034676,0.000000,,0,1,1,0,0.007391,-0.063119,0.7708
0,398,0.037570,-0.119345,-0.055837,0.003094,-0.005193,0.041467,0.200090,0.037633,0.037633,0.000000,,0,1,1,0,0.005885,-0.058844,0.7708
0,399,0.057541,-0.120610,-0.051220,0.001849,-0.000575,0.061439,0.200135,0.068898,0.068898,0.000000,,0,1,1,0,0.004612,-0.055783,0.7292
0,400,0.077518,-0.121875,-0.044657,0.000603,0.005987,0.081417,0.200197,0.097471,0.097471,0.000000,,0,1,1,0,0.004325,-0.056968,0.7292
0,401,0.101499,-0.123388,-0.033852,-0.000887,0.016793,0.103900,0.200260,0.132731,0.132731,0.000000,,0,1,1,0,0.003010,-0.048412,0.6667
0,402,0.121490,-0.124383,-0.027386,-0.001883,-0.014324,0.125390,0.200139,0.090681,0.090681,0.000000,,0,1,1,0,0.001855,-0.035699,0.6667
0,403,0.141483,-0.125102,-0.023891,-0.002602,-0.010829,0.145383,0.200058,0.048089,0.048089,0.000000,,0,1,1,0,0.001334,-0.028316,0.7083
0,404,0.165476,-0.125693,-0.023804,-0.003193,-0.010742,0.169376,0.200001,-0.001873,-0.001873,0.000000,,0,1,1,0,0.001063,-0.025384,0.7500
0,405,0.185470,-0.126174,-0.025480,-0.003674,-0.012418,0.189370,0.199993,-0.025748,-0.025748,0.000000,,0,1,1,0,0.000441,-0.023720,0.7500
0,406,0.205464,-0.126677,-0.025490,-0.004177,-0.025297,0.209364,0.199999,0.001789,0.001789,0.000000,,0,1,1,0,-0.000145,-0.024310,0.7917
0,407,0.229456,-0.127282,-0.024268,-0.004782,-0.024076,0.233356,0.200005,0.015186,0.015186,0.000000,,0,1,1,0,-0.000701,-0.025139,0.7917
0,408,0.249451,-0.127787,-0.021739,-0.005287,-0.021546,0.253351,0.200016,0.037646,0.037646,0.000000,,0,1,1,0,-0.001062,-0.026052,0.7292
0,409,0.273447,-0.128393,-0.013291,-0.005893,-0.013098,0.277347,0.200045,0.104352,0.104352,0.000000,,0,1,1,0,-0.001749,-0.021515,0.7083
0,410,0.293446,-0.128897,-0.002455,-0.006397,-0.002263,0.297346,0.200063,0.156167,0.156167,0.000000,,0,1,1,0,-0.001488,-0.016955,0.7083
0,411,0.313446,-0.129402,0.011269,-0.006902,0.011269,0.317346,0.200053,0.197047,0.197047,0.000000,,0,1,1,0,-0.000904,-0.009452,0.6667
0,412,0.337443,-0.129438,0.017925,-0.006938,0.017925,0.341343,0.199969,0.072739,0.072739,0.000000,,0,1,1,0,-0.001100,0.006437,0.6875
0,413,0.357441,-0.129088,0.014059,-0.006588,0.014059,0.361341,0.200012,-0.061494,-0.061494,0.000000,,0,1,1,0,-0.000594,0.014881,0.6875
0,414,0.377439,-0.128725,0.008261,-0.006225,0.008261,0.381339,0.200025,-0.083872,-0.083872,0.000000,,0,1,1,0,-0.000760,0.018874,0.7292
0,415,0.401439,-0.128439,0.006136,-0.005939,0.006136,0.403900,0.200008,-0.021497,-0.021497,0.000000,,0,1,1,0,-0.000096,0.009525,0.7500
0,416,0.421438,-0.128294,0.006416,-0.005794,0.006416,0.425339,0.200001,0.005044,0.005044,0.000000,,0,1,1,0,0.000018,0.004168,0.7917
0,417,0.441438,-0.128151,0.007346,-0.005651,0.007346,0.445338,0.200000,0.013537,0.013537,0.000000,,0,1,1,0,-0.000054,0.005594,0.7708
0,418,0.465436,-0.127980,0.017181,-0.005480,0.017181,0.469336,0.199977,0.124536,0.124536,0.000000,,0,1,1,0,0.000314,0.005295,0.7083
0,419,0.485431,-0.127837,0.027934,-0.005337,0.027934,0.489331,0.199930,0.156483,0.156483,0.000000,,0,1,1,0,0.000974,0.011733,0.7500
0,420,0.505422,-0.127447,0.031759,-0.004947,0.031759,0.509322,0.199948,0.047362,0.047362,0.000000,,0,1,1,0,0.002600,0.017769,0.6875
0,421,0.529409,-0.126842,0.035078,-0.004342,0.035078,0.533309,0.199950,0.039512,0.039512,0.000000,,0,1,1,0,0.003214,0.025197,0.7083
0,422,0.549395,-0.126263,0.037585,-0.003763,0.037585,0.553295,0.199950,0.036058,0.036058,0.000000,,0,1,1,0,0.003623,0.033686,0.6875
0,423,0.573376,-0.125535,0.043798,-0.003035,0.043798,0.577276,0.199903,0.077337,0.077337,0.000000,,0,1,1,0,0.004349,0.036448,0.7292
0,424,0.593352,-0.124928,0.052817,-0.002428,0.052817,0.597252,0.199819,0.136020,0.136020,0.000000,,0,1,1,0,0.005455,0.040261,0.7292
0,425,0.613319,-0.124314,0.063006,-0.001814,0.063006,0.617219,0.199716,0.150530,0.150530,0.000000,,0,1,1,0,0.006249,0.051163,0.7708
0,426,0.637263,-0.123265,0.072999,-0.000765,0.072999,0.641163,0.199711,0.121684,0.121684,0.000000,,0,1,1,0,0.008745,0.053061,0.7708
0,427,0.657206,-0.122049,0.078083,0.000451,0.078083,0.661106,0.199799,0.073056,0.073056,0.000000,,0,1,1,0,0.006898,0.082621,0.7708
0,428,0.677146,-0.120503,0.077064,0.001997,0.077064,0.681046,0.200017,-0.020995,-0.020995,0.000000,,0,1,1,0,0.008161,0.090928,0.7083
0,429,0.701070,-0.118636,0.081975,0.003864,0.081975,0.703900,0.199938,0.064468,0.064468,0.000000,,0,1,1,0,0.007471,0.107041,0.7083
0,430,0.720996,-0.117082,0.090212,0.005418,0.090212,0.724896,0.199801,0.127375,0.127375,0.000000,,0,1,1,0,0.008644,0.117478,0.6458
0,431,0.740913,-0.115330,0.091651,0.007170,0.091651,0.744813,0.199949,0.014824,0.014824,0.000000,,0,1,1,0,0.011596,0.120697,0.6458
0,432,0.764816,-0.113192,0.088417,0.009308,0.088417,0.768716,0.200011,-0.043582,-0.043582,0.000000,,0,1,1,0,0.018060,0.097095,0.6250
0,433,0.784732,-0.111428,0.094704,0.011072,0.094704,0.788632,0.199890,0.102003,0.102003,0.000000,,0,1,1,0,0.011892,0.140659,0.6875
0,434,0.804635,-0.109664,0.102410,0.012836,0.102410,0.808535,0.199741,0.117175,0.117175,0.000000,,0,1,1,0,0.019488,0.111295,0.6875
0,435,0.828501,-0.107492,0.108975,0.015008,0.108975,0.832401,0.199695,0.080794,0.080794,0.000000,,0,1,1,0,0.012590,0.171269,0.7292
0,436,0.848397,-0.105354,0.092708,0.017146,0.092708,0.852297,0.200285,-0.278017,-0.278017,0.000000,C-06,0,1,1,0,0.021365,0.151442,0.6667
0,437,0.872308,-0.102768,0.080022,0.019732,0.080022,0.876208,0.200513,-0.150630,-0.150630,0.000000,,0,1,1,0,0.007636,0.227235,0.6458
0,438,0.892248,-0.100934,0.075036,0.021566,0.075036,0.896148,0.200221,-0.069234,-0.069234,0.000000,,0,1,1,0,0.008303,0.226612,0.6458
0,439,0.912200,-0.099169,0.062107,0.023331,0.062107,0.916101,0.200383,-0.202939,-0.202939,0.000000,,0,1,1,0,-0.006258,0.285313,0.6042
0,440,0.936168,-0.097053,0.040262,0.025447,0.040262,0.940068,0.200607,-0.269929,-0.269929,0.000000,,0,1,1,0,0.001950,0.242762,0.6042
0,441,0.956156,-0.095782,0.030543,0.026718,0.030543,0.960056,0.200242,-0.131878,-0.131878,0.000000,,0,1,1,0,0.010315,0.190356,0.6250
0,442,0.976146,-0.095146,0.031068,0.027354,0.031068,0.980047,0.199995,0.016642,0.016642,0.000000,,0,1,1,0,0.002727,0.230677,0.6667
0,443,1.000133,-0.094423,0.036466,0.028077,0.036466,1.003900,0.199960,0.067757,0.067757,0.000000,,0,1,1,0,0.008830,0.202763,0.6667
0,444,1.020123,-0.093695,0.026581,0.028805,0.026581,1.024023,0.200060,-0.156041,-0.156041,0.000000,C-06,0,1,1,0,0.002736,0.257010,0.7292
0,445,1.040117,-0.092975,0.022049,0.029525,0.022049,1.044017,0.200070,-0.059261,-0.059261,0.000000,,0,1,1,0,-0.008660,0.327934,0.7500
0,446,1.064111,-0.092349,0.019977,0.030151,0.019977,1.068011,0.200021,-0.022917,-0.022917,0.000000,,0,1,1,0,-0.008866,0.329928,0.7292
0,447,1.084109,-0.091855,0.013593,0.030645,0.013593,1.088009,0.200041,-0.095421,-0.095421,0.000000,,0,1,1,0,-0.002187,0.293611,0.6667
0,448,1.104108,-0.091362,0.005066,0.031138,0.005066,1.108008,0.200058,-0.122852,-0.122852,0.000000,,0,1,1,0,-0.006843,0.314769,0.6250
0,449,1.128107,-0.090769,-0.011247,0.031731,-0.011247,1.132007,0.200050,-0.196816,-0.196816,0.000000,,0,1,1,0,-0.009467,0.314465,0.6458
0,450,1.148107,-0.090926,0.005627,0.031574,0.005627,1.152007,0.200008,0.285069,0.285069,0.000000,C-06,0,1,1,0,-0.009503,0.310809,0.6875
0,451,1.172105,-0.091166,0.017338,0.031334,0.017338,1.176005,0.199982,0.129534,0.129534,0.000000,C-06,0,1,1,0,-0.004632,0.311379,0.7083
0,452,1.192102,-0.090849,0.015038,0.031651,0.015038,1.196002,0.200008,-0.045742,-0.045742,0.000000,C-06;C-02,0,1,1,0,-0.017840,0.405766,0.8125
0,453,1.212099,-0.090549,0.018802,0.031951,0.018610,1.215999,0.199988,0.059955,0.059955,0.000000,C-02,0,1,1,0,-0.002225,0.335455,0.8125
0,454,1.236094,-0.090192,0.022821,0.032308,0.022628,1.239994,0.199971,0.047346,0.047346,0.000000,,0,1,0,0,-0.053950,-0.253061,0.4583
0,455,1.256090,-0.089751,0.018704,0.032749,0.018512,1.259990,0.200015,-0.068086,-0.068086,0.000000,,0,1,1,0,0.006227,0.316827,0.7708
0,456,1.276088,-0.089300,0.007517,0.033200,0.007324,1.279988,0.200044,-0.167647,-0.167647,0.000000,,0,1,1,0,0.015263,0.268644,0.7292
0,457,1.300088,-0.088804,0.000198,0.033696,0.000005,1.303900,0.200032,-0.081332,-0.081332,0.000000,,0,1,1,0,0.015837,0.258704,0.6875
0,458,1.320087,-0.088783,0.008154,0.033717,-0.004908,1.323987,0.199994,0.131250,0.131250,0.000000,C-06,0,1,1,0,0.004734,0.320273,0.7500
0,459,1.340087,-0.088627,0.008755,0.033873,-0.004307,1.343987,0.199999,0.002069,0.002069,0.000000,,0,1,1,0,0.006481,0.315527,0.7083
0,460,1.364086,-0.088427,0.006363,0.034073,-0.006699,1.367986,0.200003,-0.030209,-0.030209,0.000000,,0,1,1,0,0.006692,0.313841,0.6875
0,461,1.384086,-0.088260,-0.007001,0.034240,-0.020063,1.387986,0.200003,-0.203952,-0.203952,0.000000,C-06,0,1,1,0,0.021052,0.205546,0.6250
0,462,1.404078,-0.088094,-0.047179,0.034402,-0.097823,1.408011,0.199806,-0.633282,-0.633282,0.000000,C-06,0,1,1,0,0.014454,0.228592,0.6042
0,463,1.428016,-0.087894,-0.094058,0.034579,-0.144703,1.431949,0.199162,-0.575600,-0.575600,0.000000,,0,1,1,0,0.012889,0.185950,0.6042
0,464,1.447952,-0.089590,-0.045234,0.032864,-0.095878,1.451884,0.200637,1.000000,1.000000,0.000000,C-06,0,1,1,0,0.007038,0.133495,0.6875
0,465,1.471937,-0.091276,-0.028593,0.031155,-0.079238,1.475867,0.200313,0.164783,0.164783,0.000000,C-06,0,1,1,0,0.013552,0.113558,0.7292
0,466,1.491928,-0.091907,-0.032525,0.030504,-0.083170,1.495857,0.199982,-0.074968,-0.074968,0.000000,C-06,0,1,1,0,0.013858,0.108693,0.7500
0,467,1.511919,-0.092560,-0.027172,0.029263,-0.140582,1.517722,0.200032,0.090446,0.090446,0.000000,C-06,0,1,1,0,0.003002,0.161982,0.7917
0,468,1.535913,-0.093349,0.039528,0.026932,-0.073882,1.541616,0.199978,0.934398,0.934398,0.000000,C-06,0,1,1,0,0.000727,0.146443,0.7500
0,469,1.555878,-0.093972,0.075216,0.025026,-0.038194,1.561499,0.199517,0.494502,0.494502,0.000000,C-06,0,1,1,0,0.001996,0.150745,0.7083
0,470,1.575831,-0.092608,0.056029,0.025103,-0.057381,1.581499,0.200234,-0.368785,-0.368785,0.000000,C-06,0,1,1,0,0.008886,0.128929,0.7083
0,471,1.599798,-0.091126,0.051069,0.025041,-0.062341,1.605511,0.200091,-0.040789,-0.040789,0.000000,C-06,0,1,1,0,0.004754,0.135460,0.6875
0,472,1.619744,-0.090096,0.104109,0.023885,-0.097435,1.628501,0.199252,1.000000,1.000000,0.000000,C-06,0,1,1,0,-0.021927,0.212548,0.6250
0,473,1.639555,-0.089076,0.168800,0.021179,-0.032744,1.648153,0.197536,1.000000,1.000000,0.000000,,0,1,1,0,-0.013123,0.173491,0.6458
0,474,1.663191,-0.085235,0.175997,0.020528,-0.025547,1.672090,0.199806,0.033195,0.033195,0.000000,C-06,0,1,1,0,-0.005831,0.174234,0.6667
0,475,1.682886,-0.081756,0.173192,0.020261,-0.028352,1.692088,0.200063,-0.050682,-0.050682,0.000000,,0,1,1,0,0.001555,0.122862,0.6875
0,476,1.702538,-0.078297,0.203899,0.019981,0.002355,1.712041,0.198960,0.559273,0.559273,0.000000,C-06,0,1,1,0,-0.001256,0.113167,0.7083
0,477,1.725863,-0.074148,0.273383,0.019691,0.071839,1.735681,0.195824,1.000000,1.000000,0.000000,C-06,0,1,1,0,0.000009,0.092803,0.7708
0,478,1.745145,-0.068893,0.257626,0.018563,-0.056872,1.758167,0.200771,-0.391012,-0.391012,0.000000,C-06,0,1,1,0,0.006622,0.095938,0.7500
0,479,1.768236,-0.062731,0.299018,0.017282,-0.015480,1.782033,0.197981,0.658699,0.658699,0.000000,C-06,0,1,1,0,-0.004653,0.140678,0.7292
0,480,1.787271,-0.057574,0.324068,0.016301,0.009570,1.801729,0.196915,0.413934,0.413934,0.000000,C-06,0,1,1,0,-0.003386,0.136820,0.7083
0,481,1.806165,-0.051878,0.343928,0.015876,0.029430,1.821459,0.197364,0.343126,0.343126,0.000000,,0,1,1,0,-0.001907,0.129066,0.6667
0,482,1.828656,-0.044544,0.369195,0.015895,0.054697,1.845115,0.197105,0.375077,0.375077,0.000000,,0,1,1,0,-0.005874,0.143086,0.6667
0,483,1.847218,-0.038046,0.394095,0.014530,-0.045665,1.866725,0.196548,0.452565,0.452565,0.000000,,0,1,1,0,-0.025335,0.233742,0.6458
0,484,1.865587,-0.031069,0.419307,0.013009,-0.020452,1.886316,0.196519,0.462525,0.462525,0.000000,,0,1,1,0,0.049309,-0.228813,0.6250
0,485,1.887389,-0.021858,0.443007,0.012045,0.003247,1.909964,0.197321,0.361181,0.361181,0.000000,,0,1,1,0,-0.012264,0.160476,0.6667
0,486,1.905363,-0.013792,0.465336,0.011677,0.025576,1.929661,0.196960,0.426371,0.426371,0.000000,,0,1,1,0,-0.003569,0.102212,0.7292
0,487,1.923120,-0.005343,0.491187,0.011749,0.051427,1.949326,0.196646,0.498812,0.498812,0.000000,,0,1,1,0,-0.003924,0.104291,0.7292
0,488,1.944123,0.005530,0.518723,0.011829,-0.046804,1.974485,0.197229,0.444444,0.444444,0.000000,,0,1,1,0,-0.002116,0.092726,0.7708
0,489,1.961383,0.015108,0.540760,0.010677,-0.024768,1.994190,0.197492,0.436331,0.436331,0.000000,,0,1,1,0,-0.003763,0.106034,0.7500
0,490,1.978408,0.025106,0.564244,0.010006,-0.001283,2.013923,0.197558,0.474641,0.474641,0.000000,,0,1,1,0,-0.008181,0.140072,0.7500
0,491,1.998500,0.037714,0.593254,0.009896,0.027727,2.037643,0.197867,0.496155,0.496155,0.000000,,0,1,1,0,-0.006031,0.125832,0.7292
0,492,2.014977,0.048776,0.611699,0.010417,0.046172,2.057483,0.198608,0.376581,0.376581,0.000000,,0,1,1,0,-0.004849,0.119520,0.6667
0,493,2.034458,0.062510,0.635978,0.011586,0.070451,2.081289,0.198781,0.430366,0.430366,0.000000,,0,1,1,0,-0.027976,0.231027,0.6458
0,494,2.050417,0.074378,0.658212,0.010705,-0.032803,2.102617,0.199049,0.481310,0.481310,0.000000,,0,1,1,0,-0.027950,0.231085,0.6458
0,495,2.066109,0.086666,0.679235,0.010180,-0.011780,2.122541,0.199497,0.457253,0.457253,0.000000,,0,1,1,0,0.042251,-0.211899,0.6458
0,496,2.084611,0.101908,0.701891,0.010143,0.010876,2.146513,0.199963,0.417261,0.417261,0.000000,,0,1,1,0,-0.012372,0.151561,0.6875
0,497,2.099783,0.114986,0.724086,0.010558,0.033071,2.166539,0.200625,0.496211,0.496211,0.000000,,0,1,1,0,-0.005280,0.104012,0.7292
0,498,2.114731,0.128430,0.751035,0.011400,0.060020,2.186626,0.201278,0.588792,0.588792,0.000000,,0,1,1,0,-0.004503,0.098751,0.7292
0,499,2.132127,0.145069,0.781371,0.011565,-0.035192,2.212200,0.200168,0.528434,0.528434,0.000000,,0,1,1,0,-0.002343,0.089228,0.7708
0,500,2.146216,0.159255,0.796592,0.011000,-0.019972,2.232185,0.199817,0.299104,0.299104,0.000000,C-06,0,1,1,0,-0.002715,0.101922,0.7708
0,501,2.160043,0.173624,0.818993,0.010750,0.002429,2.252124,0.199058,0.485558,0.485558,0.000000,C-06,0,1,1,0,-0.007778,0.139163,0.7083
0,502,2.176172,0.191223,0.848852,0.011032,0.032288,2.275995,0.199306,0.540554,0.540554,0.000000,,0,1,1,0,-0.006313,0.128342,0.6875
0,503,2.189234,0.206333,0.869158,0.011847,0.052594,2.295952,0.200000,0.443259,0.443259,0.000000,,0,1,1,0,-0.007065,0.135351,0.6667
0,504,2.202033,0.221726,0.887563,0.013048,0.070999,2.314842,0.200339,0.406463,0.406463,0.000000,,0,1,1,0,-0.025537,0.222321,0.6250
0,505,2.217076,0.240523,0.912495,0.011706,-0.030052,2.341599,0.200861,0.455357,0.455357,0.000000,,0,1,1,0,-0.029347,0.242882,0.6458
0,506,2.229326,0.256482,0.935851,0.011189,-0.006695,2.361711,0.201421,0.504707,0.504707,0.000000,,0,1,1,0,-0.013728,0.158540,0.6875
0,507,2.243623,0.275987,0.961951,0.011104,0.019405,2.385894,0.201726,0.456689,0.456689,0.000000,,0,1,1,0,-0.007164,0.121425,0.6875
0,508,2.255236,0.292526,0.985812,0.011444,0.043265,2.406100,0.202284,0.497949,0.497949,0.000000,,0,1,1,0,-0.006797,0.118880,0.7292
0,509,2.266522,0.309328,1.009477,0.012202,0.066931,2.426326,0.202564,0.482116,0.482116,0.000000,,0,1,1,0,-0.002079,0.089747,0.7708
0,510,2.279638,0.329825,1.038455,0.011023,-0.029830,2.452179,0.202966,0.484416,0.484416,0.000000,,0,1,1,0,-0.002300,0.093867,0.7500
0,511,2.290200,0.347181,1.063361,0.010126,-0.004924,2.472476,0.203306,0.491147,0.491147,0.000000,,0,1,1,0,-0.009561,0.151124,0.7708
0,512,2.300375,0.364774,1.087219,0.009683,0.018934,2.492795,0.203335,0.461407,0.461407,0.000000,,0,1,1,0,-0.006017,0.126107,0.7292
0,513,2.312033,0.386159,1.112323,0.009768,0.044038,2.517151,0.203028,0.395951,0.395951,0.000000,,0,1,1,0,-0.006907,0.135186,0.6875
0,514,2.321421,0.404190,1.134673,0.010226,0.066388,2.537474,0.203370,0.421669,0.421669,0.000000,,0,1,1,0,-0.009389,0.140986,0.6667
0,515,2.330527,0.422420,1.159944,0.009525,-0.033824,2.559141,0.203926,0.471573,0.471573,0.000000,,0,1,1,0,-0.026551,0.224334,0.6458
0,516,2.340812,0.444546,1.186074,0.008079,-0.007694,2.583497,0.203328,0.392561,0.392561,0.000000,,0,1,1,0,0.044921,-0.218151,0.6250
0,517,2.348928,0.463157,1.205975,0.007362,0.012206,2.603788,0.203032,0.355100,0.355100,0.000000,,0,1,1,0,-0.013521,0.154926,0.6875
0,518,2.356810,0.481924,1.230551,0.006919,0.036782,2.624139,0.203827,0.440045,0.440045,0.000000,,0,1,1,0,-0.008143,0.115348,0.7083
0,519,2.365948,0.504682,1.265806,0.006772,0.072038,2.648662,0.204520,0.515466,0.515466,0.000000,,0,1,1,0,-0.006644,0.104755,0.7292
0,520,2.372663,0.523818,1.285220,0.006685,-0.034338,2.669813,0.202643,0.316539,0.316539,0.000000,C-06,0,1,1,0,-0.004851,0.098270,0.7500
0,521,2.380399,0.546943,1.315831,0.004947,-0.003728,2.694136,0.203637,0.437386,0.437386,0.000000,,0,1,1,0,-0.004295,0.088644,0.7708
0,522,2.386468,0.566358,1.341285,0.003899,0.021727,2.714450,0.203352,0.419747,0.419747,0.000000,,0,1,1,0,-0.010861,0.140269,0.7292
0,523,2.392006,0.585885,1.364978,0.003395,0.045420,2.734741,0.202896,0.383532,0.383532,0.000000,,0,1,1,0,-0.009070,0.127312,0.7083
0,524,2.397957,0.609438,1.390416,0.003492,0.070858,2.759034,0.202361,0.338591,0.338591,0.000000,,0,1,1,0,-0.008408,0.120586,0.6667
0,525,2.402565,0.629152,1.413688,0.003934,0.094129,2.778167,0.202425,0.369157,0.369157,0.000000,,0,1,1,0,-0.027634,0.211509,0.6458
0,526,2.406860,0.648944,1.439666,0.001997,-0.005656,2.799933,0.202464,0.405928,0.405928,0.000000,,0,1,1,0,-0.027125,0.209172,0.6458
0,527,2.411147,0.672776,1.465474,0.000746,0.020151,2.824115,0.201662,0.325443,0.325443,0.000000,,0,1,1,0,-0.015778,0.148713,0.6458
0,528,2.414175,0.692684,1.485014,0.000250,0.039691,2.844246,0.201285,0.291845,0.291845,0.000000,,0,1,1,0,-0.029877,0.238682,0.7083
0,529,2.416989,0.712630,1.510681,-0.000030,0.065358,2.864387,0.201532,0.387608,0.387608,0.000000,,0,1,1,0,-0.011509,0.114455,0.7292
0,530,2.419953,0.736605,1.542992,0.000049,0.097670,2.888545,0.201122,0.392093,0.392093,0.000000,,0,1,1,0,-0.009610,0.102429,0.7292
0,531,2.421518,0.756602,1.563378,-0.000818,-0.007419,2.908592,0.200460,0.284501,0.284501,0.000000,,0,1,1,0,-0.009193,0.101426,0.7500
0,532,2.422765,0.776601,1.585894,-0.002065,0.015098,2.928592,0.200268,0.322100,0.322100,0.000000,,0,1,1,0,-0.009842,0.104878,0.7500
0,533,2.423838,0.800589,1.617129,-0.003138,0.046333,2.952579,0.199899,0.378928,0.378928,0.000000,,0,1,1,0,-0.009084,0.096871,0.7292
0,534,2.423870,0.820557,1.636915,-0.003170,0.066119,2.972547,0.199585,0.283359,0.283359,0.000000,,0,1,1,0,-0.012670,0.127164,0.6875
0,535,2.423430,0.844482,1.662166,-0.002730,0.091370,2.996473,0.199276,0.314937,0.314937,0.000000,,0,1,1,0,-0.023659,0.200277,0.6875
0,536,2.422675,0.864376,1.685238,-0.002775,-0.011032,3.016066,0.198949,0.351670,0.351670,0.000000,,0,1,1,0,-0.052563,0.319825,0.6458
0,537,2.421351,0.884220,1.706005,-0.003961,0.009735,3.035919,0.198797,0.316127,0.316127,0.000000,,0,1,1,0,-0.048672,0.305428,0.6667
0,538,2.419048,0.907965,1.727534,-0.004666,0.031264,3.059764,0.198728,0.277052,0.277052,0.000000,,0,1,1,0,0.031320,-0.185724,0.6458
0,539,2.416817,0.927686,1.748563,-0.004937,0.052293,3.079610,0.198321,0.335325,0.335325,0.000000,,0,1,1,0,-0.033571,0.236559,0.7083
0,540,2.414303,0.947326,1.772984,-0.004917,0.076714,3.099410,0.197844,0.393809,0.393809,0.000000,,0,1,1,0,-0.031359,0.222629,0.7500
0,541,2.410729,0.970758,1.804601,-0.004322,0.108331,3.123105,0.197371,0.430836,0.430836,0.000000,,0,1,1,0,-0.014498,0.111241,0.7500
0,542,2.406732,0.990175,1.820511,-0.004911,-0.001523,3.142388,0.198291,0.250880,0.250880,0.000000,C-06,0,1,1,0,-0.012054,0.101147,0.7500
0,543,2.402462,1.009495,1.845033,-0.005583,0.022999,3.162162,0.197286,0.423849,0.423849,0.000000,C-06,0,1,1,0,-0.012354,0.100182,0.7708
0,544,2.396954,1.032503,1.873214,-0.005973,0.051179,3.185818,0.197105,0.398216,0.398216,0.000000,,0,1,1,0,-0.011605,0.096186,0.7083
0,545,2.391698,1.051536,1.892956,-0.005618,0.070922,3.205559,0.197453,0.337074,0.337074,0.000000,,0,1,1,0,-0.015007,0.128601,0.6875
0,546,2.385983,1.070449,1.911053,-0.004789,0.089019,3.225299,0.197575,0.314860,0.314860,0.000000,,0,1,1,0,-0.013769,0.119069,0.6458
0,547,2.378745,1.092964,1.937907,-0.004268,-0.009917,3.248432,0.196916,0.401378,0.401378,0.000000,,0,1,1,0,-0.054754,0.320717,0.6667
0,548,2.372211,1.111554,1.959147,-0.005014,0.011323,3.268122,0.197064,0.380822,0.380822,0.000000,,0,1,1,0,-0.047087,0.294159,0.6875
0,549,2.363647,1.133676,1.978812,-0.005167,0.030988,3.291843,0.197729,0.293996,0.293996,0.000000,,0,1,1,0,0.030424,-0.184997,0.6458
0,550,2.356206,1.151949,2.000449,-0.004954,0.052625,3.311572,0.196946,0.407112,0.407112,0.000000,,0,1,1,0,-0.034684,0.239054,0.7083
0,551,2.348435,1.170036,2.023197,-0.004364,0.075373,3.331249,0.196891,0.427049,0.427049,0.000000,,0,1,1,0,-0.014806,0.111006,0.7292
0,552,2.338507,1.191475,2.050867,-0.002999,0.103043,3.354835,0.196960,0.439271,0.439271,0.000000,,0,1,1,0,-0.029159,0.220966,0.7500
0,553,2.329688,1.209115,2.072168,-0.003427,-0.001140,3.374183,0.197298,0.410529,0.410529,0.000000,,0,1,1,0,-0.024988,0.200682,0.7708
0,554,2.320460,1.226546,2.094467,-0.003736,0.021159,3.393904,0.197309,0.438836,0.438836,0.000000,,0,1,1,0,-0.025002,0.204146,0.7708
0,555,2.308803,1.247166,2.121465,-0.003453,0.048157,3.417590,0.197530,0.448829,0.448829,0.000000,,0,1,1,0,-0.024332,0.203253,0.7292
0,556,2.298563,1.264108,2.140672,-0.002640,0.067365,3.437369,0.198074,0.385461,0.385461,0.000000,,0,1,1,0,-0.020060,0.178941,0.7083
0,557,2.287957,1.280841,2.160331,-0.001406,0.087023,3.457142,0.198215,0.404128,0.404128,0.000000,,0,1,1,0,-0.030707,0.241627,0.7083
0,558,2.274739,1.300618,2.186095,-0.000293,-0.012951,3.480863,0.198392,0.449754,0.449754,0.000000,,0,1,1,0,-0.042103,0.278753,0.6458
0,559,2.263269,1.316825,2.207655,-0.000553,0.008609,3.500717,0.198720,0.456849,0.456849,0.000000,,0,1,1,0,-0.034089,0.243770,0.6875
0,560,2.251387,1.332791,2.226715,-0.000338,0.027668,3.520617,0.199160,0.407252,0.407252,0.000000,,0,1,1,0,0.034461,-0.189934,0.6667
0,561,2.236661,1.351644,2.249425,0.000477,0.050379,3.544525,0.199538,0.412641,0.412641,0.000000,,0,1,1,0,-0.020320,0.175493,0.7083
0,562,2.223982,1.367077,2.271017,0.001650,0.071971,3.564465,0.199917,0.481213,0.481213,0.000000,,0,1,1,0,-0.016705,0.158793,0.7917
0,563,2.208276,1.385277,2.297882,0.003643,0.098835,3.588421,0.200716,0.496032,0.496032,0.000000,,0,1,1,0,-0.010489,0.123096,0.8125
0,564,2.194829,1.400208,2.318739,0.003292,-0.006290,3.608970,0.201048,0.447628,0.447628,0.000000,,0,1,1,0,-0.007976,0.113265,0.7917
0,565,2.181071,1.414825,2.340383,0.003322,0.015354,3.629043,0.200462,0.458500,0.458500,0.000000,,0,1,1,0,-0.003444,0.084739,0.7917
0,566,2.164152,1.431857,2.367487,0.004003,0.042458,3.653040,0.199723,0.469323,0.469323,0.000000,,0,1,1,0,0.000568,0.059850,0.7917
0,567,2.149786,1.445695,2.387463,0.005009,0.062434,3.672962,0.199244,0.418231,0.418231,0.000000,,0,1,1,0,0.004227,0.038932,0.7292
0,568,2.135204,1.459254,2.405881,0.006364,0.080852,3.692827,0.199176,0.393363,0.393363,0.000000,,0,1,1,0,0.011254,-0.002106,0.7083
0,569,2.117301,1.475136,2.431219,0.007013,-0.019358,3.717645,0.199742,0.466457,0.466457,0.000000,,0,1,1,0,0.018937,-0.047788,0.6875
0,570,2.102033,1.488055,2.448390,0.006782,-0.002188,3.737644,0.200149,0.378357,0.378357,0.000000,,0,1,1,0,0.027355,-0.100432,0.6875
0,571,2.086540,1.500752,2.465716,0.006863,0.015138,3.757675,0.200443,0.382742,0.382742,0.000000,,0,1,1,0,0.028644,-0.116608,0.7500
0,572,2.067618,1.515666,2.493144,0.007422,0.042566,3.781762,0.201149,0.502638,0.502638,0.000000,,0,1,1,0,0.020384,-0.072508,0.7708
0,573,2.051523,1.527799,2.519474,0.008322,0.068897,3.801897,0.201862,0.564915,0.564915,0.000000,,0,1,1,0,0.025224,-0.106285,0.7708
0,574,2.035144,1.539571,2.541380,0.009682,0.090803,3.820870,0.201843,0.451942,0.451942,0.000000,,0,1,1,0,0.028858,-0.129020,0.8333
0,575,2.015211,1.553244,2.560167,0.008586,-0.015898,3.847382,0.201479,0.315046,0.315046,0.000000,,0,1,1,0,0.032356,-0.152839,0.7917
0,576,1.998366,1.564278,2.585406,0.008285,0.009341,3.867517,0.202351,0.528972,0.528972,0.000000,C-06,0,1,1,0,0.035726,-0.189817,0.7500
0,577,1.977830,1.577237,2.609886,0.008337,0.033821,3.891800,0.202459,0.401621,0.401621,0.000000,,0,1,1,0,0.039144,-0.210871,0.7292
0,578,1.957013,1.589723,2.631692,0.008936,0.055627,3.916068,0.202363,0.355926,0.355926,0.000000,,0,1,1,0,0.041182,-0.228050,0.7292
0,579,1.939454,1.599872,2.653451,0.009766,0.077386,3.936331,0.203045,0.427442,0.427442,0.000000,,0,1,1,0,0.064134,-0.344955,0.6875
0,580,1.918083,1.611728,2.685628,0.008120,-0.016205,3.961933,0.203994,0.515418,0.515418,0.000000,,0,1,1,0,0.059491,-0.339084,0.7292
0,581,1.900042,1.620998,2.704893,0.007428,0.003061,3.982205,0.202787,0.351006,0.351006,0.000000,C-06,0,1,1,0,0.056213,-0.332219,0.7708
0,582,1.878142,1.631766,2.736527,0.007025,0.034694,4.006606,0.204177,0.497063,0.497063,0.000000,,0,1,1,0,0.053338,-0.329581,0.8125
0,583,1.859631,1.640538,2.771389,0.006983,0.069556,4.027090,0.205652,0.641326,0.641326,0.000000,,0,1,1,0,0.051760,-0.326470,0.8333
0,584,1.837085,1.650498,2.812707,0.007587,0.110874,4.051730,0.205420,0.607498,0.607498,0.000000,,0,1,1,0,0.049537,-0.311893,0.8542
0,585,1.818121,1.657286,2.822494,0.007035,-0.004601,4.072824,0.201145,0.138813,0.138813,0.000000,C-06,0,1,1,0,0.047949,-0.290898,0.8333
0,586,1.795218,1.664960,2.856206,0.006820,0.029112,4.096978,0.202165,0.508658,0.508658,0.000000,C-06,0,1,1,0,0.045308,-0.291192,0.8333
0,587,1.772070,1.672622,2.893213,0.006691,0.066118,4.121360,0.204025,0.518212,0.518212,0.000000,,0,1,1,0,0.044229,-0.282594,0.8333
0,588,1.752617,1.678700,2.921807,0.006927,0.094712,4.141739,0.203720,0.467185,0.467185,0.000000,,0,1,1,0,0.042020,-0.263489,0.7708
0,589,1.729109,1.685347,2.956602,0.007874,0.129507,4.166151,0.203464,0.467545,0.467545,0.000000,,0,1,1,0,0.039388,-0.241902,0.7500
0,590,1.709416,1.689855,2.975563,0.007340,0.035515,4.187347,0.201883,0.288337,0.288337,0.000000,C-06,0,1,1,0,0.033574,-0.202033,0.7917
0,591,1.685693,1.694956,3.004383,0.006768,0.064334,4.211605,0.202334,0.380304,0.380304,0.000000,,0,1,1,0,0.028899,-0.174996,0.7917
0,592,1.665859,1.698454,3.020973,0.007044,0.080925,4.231743,0.201315,0.249277,0.249277,0.000000,,0,1,1,0,0.024129,-0.146483,0.7500
0,593,1.642025,1.701560,3.026083,0.008454,0.086035,4.255738,0.200238,0.053367,0.053367,0.000000,C-06,0,1,1,0,0.021835,-0.127569,0.7083
0,594,1.622151,1.704059,3.033414,0.009718,0.093366,4.275729,0.200386,0.115611,0.115611,0.000000,,0,1,1,0,0.018411,-0.116623,0.7083
0,595,1.598274,1.707058,3.047391,0.009239,0.019208,4.301015,0.200663,0.178958,0.178958,0.000000,,0,1,1,0,0.016431,-0.109695,0.6667
0,596,1.574365,1.709964,3.061770,0.007878,0.033587,4.325061,0.200679,0.179443,0.179443,0.000000,,0,1,1,0,0.015180,-0.101747,0.6875
0,597,1.554420,1.712135,3.073736,0.006994,0.045553,4.345105,0.200599,0.177494,0.177494,0.000000,,0,1,1,0,0.012813,-0.085919,0.6875
0,598,1.530470,1.714047,3.079948,0.006627,0.051765,4.369128,0.200196,0.071822,0.071822,0.000000,,0,1,1,0,0.011460,-0.074243,0.7292
0,599,1.510508,1.715299,3.080026,0.006662,0.051843,4.389130,0.200001,-0.004202,-0.004202,0.000000,,0,1,1,0,0.009589,-0.063234,0.7917
0,600,1.486552,1.716777,3.082191,0.005640,-0.008757,4.413523,0.200026,0.028479,0.028479,0.000000,,0,1,1,0,0.008129,-0.060841,0.7708
0,601,1.466587,1.717988,3.082762,0.004448,-0.008186,4.433490,0.200017,0.007340,0.007340,0.000000,,0,1,1,0,0.006704,-0.057767,0.7708
0,602,1.442627,1.719434,3.084289,0.003025,-0.006659,4.457451,0.200034,0.019394,0.019394,0.000000,,0,1,1,0,0.005496,-0.055997,0.7292
0,603,1.422656,1.720638,3.092107,0.001840,0.001159,4.477423,0.200113,0.121936,0.121936,0.000000,,0,1,1,0,0.004054,-0.056916,0.7292
0,604,1.398678,1.722084,3.106888,0.000418,0.015940,4.500081,0.200237,0.182308,0.182308,0.000000,,0,1,1,0,0.002834,-0.047126,0.6667
0,605,1.374688,1.723358,3.116554,-0.000858,-0.011977,4.525392,0.200173,0.112577,0.112577,0.000000,,0,1,1,0,0.003036,-0.037300,0.6667
0,606,1.354694,1.723885,3.116719,-0.001385,-0.011811,4.545386,0.199998,-0.007290,-0.007290,0.000000,,0,1,1,0,0.002603,-0.028541,0.7083
0,607,1.330703,1.724472,3.112826,-0.001972,-0.015705,4.569378,0.199978,-0.048854,-0.048854,0.000000,,0,1,1,0,0.002397,-0.025297,0.7292
0,608,1.310712,1.724992,3.111590,-0.002492,-0.016941,4.589369,0.199981,-0.016519,-0.016519,0.000000,,0,1,1,0,0.001212,-0.027793,0.7500
0,609,1.286721,1.725648,3.116829,-0.003148,-0.024571,4.613360,0.200012,0.066198,0.066198,0.000000,,0,1,1,0,0.000646,-0.029916,0.7917
0,610,1.266727,1.726196,3.118331,-0.003696,-0.023069,4.633354,0.200020,0.018714,0.018714,0.000000,,0,1,1,0,0.000168,-0.025650,0.7708
0,611,1.242733,1.726763,3.118305,-0.004263,-0.023095,4.657348,0.200001,-0.001317,-0.001317,0.000000,,0,1,1,0,-0.000173,-0.021910,0.7500
0,612,1.222737,1.727232,3.126504,-0.004732,-0.014896,4.677344,0.200031,0.127260,0.127260,0.000000,,0,1,1,0,-0.000685,-0.023405,0.7083
0,613,1.198738,1.727795,3.139457,-0.005295,-0.001943,4.700081,0.200054,0.154735,0.154735,0.000000,,0,1,1,0,-0.000643,-0.016624,0.6875
0,614,1.174738,1.728339,-3.132118,-0.005839,0.009475,4.725342,0.200031,0.136100,0.136100,0.000000,,0,1,1,0,-0.000561,-0.004067,0.6875
0,615,1.154740,1.728307,-3.128887,-0.005807,0.012706,4.745341,0.199986,0.040114,0.040114,0.000000,,0,1,1,0,0.000018,0.004084,0.6875
0,616,1.130741,1.728042,-3.135282,-0.005542,0.006311,4.769340,0.200008,-0.080872,-0.080872,0.000000,,0,1,1,0,0.000277,0.010798,0.7292
0,617,1.110741,1.727817,-3.139789,-0.005317,0.001804,4.789340,0.200012,-0.062749,-0.062749,0.000000,,0,1,1,0,0.000143,0.007550,0.7500
0,618,1.086741,1.727768,-3.140058,-0.005268,0.001535,4.813340,0.200000,0.000533,0.000533,0.000000,,0,1,1,0,0.000082,0.002818,0.7917
0,619,1.066741,1.727738,-3.138913,-0.005238,0.002679,4.833340,0.200000,0.017368,0.017368,0.000000,,0,1,1,0,0.000017,0.001857,0.7917
0,620,1.042742,1.727702,-3.130467,-0.005202,0.011126,4.857339,0.199989,0.105810,0.105810,0.000000,,0,1,1,0,0.000143,0.002138,0.7708
0,621,1.022744,1.727672,-3.120384,-0.005172,0.021209,4.877336,0.199958,0.145277,0.145277,0.000000,,0,1,1,0,0.001499,0.006009,0.7500
0,622,0.998752,1.727591,-3.110840,-0.005091,0.030753,4.900081,0.199913,0.112718,0.112718,0.000000,,0,1,1,0,0.002359,0.015198,0.6875
0,623,0.974768,1.727303,-3.101298,-0.004803,0.040295,4.925313,0.199868,0.115179,0.115179,0.000000,,0,1,1,0,0.002831,0.024572,0.6875
0,624,0.954786,1.726752,-3.096085,-0.004252,0.045507,4.945294,0.199888,0.073239,0.073239,0.000000,,0,1,1,0,0.003454,0.033410,0.7083
0,625,0.930816,1.726006,-3.087405,-0.003506,0.054188,4.969265,0.199815,0.107427,0.107427,0.000000,,0,1,1,0,0.003880,0.042657,0.7292
0,626,0.910848,1.725154,-3.082616,-0.002654,0.058976,4.989233,0.199859,0.068265,0.068265,0.000000,,0,1,1,0,0.005412,0.053569,0.7500
0,627,0.886896,1.724059,-3.073286,-0.001559,0.068307,5.013184,0.199748,0.117685,0.117685,0.000000,,0,1,1,0,0.006337,0.061166,0.7708
0,628,0.866948,1.723012,-3.066678,-0.000512,0.074914,5.033133,0.199755,0.096456,0.096456,0.000000,,0,1,1,0,0.007415,0.069156,0.7917
0,629,0.843022,1.721570,-3.058967,0.000930,0.082625,5.057058,0.199730,0.095648,0.095648,0.000000,,0,1,1,0,0.007614,0.084611,0.7917
0,630,0.823090,1.719938,-3.059935,0.002562,0.081657,5.076990,0.200021,-0.022962,-0.022962,0.000000,,0,1,1,0,0.009239,0.100015,0.7292
0,631,0.799175,1.717969,-3.054697,0.004531,0.086895,5.100081,0.199923,0.071523,0.071523,0.000000,,0,1,1,0,0.003880,0.140009,0.7292
0,632,0.775269,1.715998,-3.051710,0.006502,0.089883,5.124812,0.199884,0.035194,0.035194,0.000000,,0,1,1,0,0.009047,0.123533,0.6458
0,633,0.755349,1.714245,-3.052526,0.008255,0.089067,5.144732,0.199981,-0.015312,-0.015312,0.000000,,0,1,1,0,-0.004775,0.203440,0.6667
0,634,0.731445,1.712135,-3.051633,0.010365,0.089959,5.168636,0.199967,0.012548,0.012548,0.000000,,0,1,1,0,0.000578,0.195269,0.6458
0,635,0.711531,1.710377,-3.045523,0.012123,0.096070,5.188550,0.199860,0.095944,0.095944,0.000000,,0,1,1,0,0.012515,0.146023,0.6875
0,636,0.687645,1.708190,-3.042645,0.014310,0.098948,5.212435,0.199881,0.032969,0.032969,0.000000,,0,1,1,0,0.013026,0.160165,0.7292
0,637,0.667748,1.706337,-3.037653,0.016163,0.103939,5.232333,0.199788,0.078322,0.078322,0.000000,,0,1,1,0,0.013485,0.173144,0.7083
0,638,0.643862,1.703854,-3.051918,0.018646,0.089674,5.256219,0.200265,-0.195047,-0.195047,0.000000,C-06,0,1,1,0,0.012936,0.191079,0.6875
0,639,0.623933,1.701776,-3.063268,0.020724,0.078324,5.276148,0.200457,-0.167992,-0.167992,0.000000,,0,1,1,0,0.008178,0.227828,0.6458
0,640,0.599997,1.699454,-3.073106,0.023046,0.068486,5.300081,0.200377,-0.119171,-0.119171,0.000000,,0,1,1,0,0.005785,0.238351,0.6458
0,641,0.576042,1.697254,-3.089133,0.025246,0.052460,5.324039,0.200556,-0.199791,-0.199791,0.000000,,0,1,1,0,-0.016199,0.330130,0.6250
0,642,0.556061,1.695431,-3.106539,0.027069,0.035054,5.344019,0.200651,-0.256371,-0.256371,0.000000,,0,1,1,0,0.009955,0.202384,0.6250
0,643,0.532070,1.693860,-3.121989,0.028640,0.019604,5.368010,0.200295,-0.181453,-0.181453,0.000000,,0,1,1,0,0.013087,0.176518,0.6250
0,644,0.512076,1.693388,-3.112643,0.029112,0.028950,5.388005,0.199966,0.160849,0.160849,0.000000,C-06,0,1,1,0,0.003843,0.226955,0.7083
0,645,0.488089,1.692874,-3.105240,0.029626,0.036352,5.411992,0.199916,0.085281,0.085281,0.000000,,0,1,1,0,0.004897,0.234805,0.7500
0,646,0.468097,1.692159,-3.124261,0.030341,0.017332,5.431983,0.200100,-0.314091,-0.314091,0.000000,C-06,0,1,1,0,0.004254,0.255485,0.7292
0,647,0.444098,1.691279,3.138950,0.031221,-0.002643,5.455982,0.200134,-0.232925,-0.232925,0.000000,,0,1,1,0,-0.008176,0.329392,0.7500
0,648,0.424099,1.691290,-3.127621,0.031210,0.013971,5.475982,0.199984,0.285244,0.285244,0.000000,C-06,0,1,1,0,-0.002079,0.273235,0.6875
0,649,0.400100,1.690952,-3.137996,0.031548,0.003597,5.499980,0.200022,-0.154078,-0.154078,0.000000,C-06,0,1,1,0,-0.006177,0.310895,0.6458
0,650,0.376101,1.690585,3.125392,0.031915,-0.016201,5.523980,0.200000,-0.239831,-0.239831,0.000000,,0,1,1,0,-0.008216,0.307759,0.6458
0,651,0.356104,1.690864,3.126603,0.031636,-0.014989,5.543977,0.200002,0.034900,0.034900,0.000000,C-06,0,1,1,0,-0.007840,0.298269,0.6667
0,652,0.332105,1.691245,-3.121476,0.031255,0.020116,5.567976,0.199991,0.452940,0.452940,0.000000,C-06,0,1,1,0,0.038319,-0.198948,0.5417
0,653,0.312108,1.690894,-3.131583,0.031606,0.010010,5.587973,0.200031,-0.203600,-0.203600,0.000000,C-06;C-02,0,1,1,0,-0.020764,0.415114,0.7917
0,654,0.288110,1.690661,-3.127241,0.031839,0.014160,5.611971,0.199988,0.068410,0.068410,0.000000,C-06;C-02,0,1,1,0,-0.002782,0.333831,0.8125
0,655,0.268113,1.690481,-3.121200,0.032019,0.020200,5.631968,0.199968,0.087483,0.087483,0.000000,,0,1,1,0,0.000345,0.325179,0.7708
0,656,0.244118,1.689998,-3.121081,0.032502,0.020319,5.655963,0.200001,-0.003955,-0.003955,0.000000,,0,1,1,0,0.003827,0.322522,0.7708
0,657,0.224121,1.689582,-3.126611,0.032918,0.014789,5.675959,0.200020,-0.084638,-0.084638,0.000000,,0,1,1,0,0.015120,0.269386,0.7083
0,658,0.200123,1.689087,-3.130042,0.033413,0.011358,5.699957,0.200025,-0.038435,-0.038435,0.000000,,0,1,1,0,0.015968,0.259902,0.7292
0,659,0.176127,1.688770,-3.118975,0.033730,0.009555,5.723954,0.199968,0.144096,0.144096,0.000000,C-06,0,1,1,0,0.014582,0.269719,0.7083
0,660,0.156131,1.688327,-3.123282,0.034173,0.005249,5.743950,0.200016,-0.071586,-0.071586,0.000000,C-06,0,1,1,0,0.010323,0.304003,0.6875
0,661,0.132133,1.687787,-3.134421,0.034713,-0.005890,5.767947,0.200045,-0.135811,-0.135811,0.000000,,0,1,1,0,0.007996,0.322851,0.6875
0,662,0.112133,1.687337,3.136424,0.035163,-0.018231,5.787947,0.200049,-0.177288,-0.177288,0.000000,,0,1,1,0,0.020220,0.211891,0.6250
0,663,0.088142,1.686796,3.095837,0.035692,-0.096400,5.811973,0.199859,-0.518373,-0.518373,0.000000,C-06,0,1,1,0,0.007734,0.257059,0.6042
0,664,0.068182,1.686352,3.061731,0.036117,-0.130507,5.831933,0.199431,-0.501880,-0.501880,0.000000,,0,1,1,0,-0.002904,0.274703,0.6458
0,665,0.044238,1.688157,3.092489,0.034289,-0.099748,5.855876,0.200373,0.446721,0.446721,0.000000,C-06,0,1,1,0,0.009677,0.156636,0.6667
0,666,0.024249,1.689746,3.126195,0.032681,-0.066042,5.875863,0.200600,0.489852,0.489852,0.000000,,0,1,1,0,0.011938,0.124802,0.7292
0,667,0.000256,1.690189,3.105213,0.032215,-0.087025,5.899855,0.199896,-0.323692,-0.323692,0.000000,C-06,0,1,1,0,0.017206,0.100306,0.7083
0,668,-0.023736,1.691027,3.136156,0.030033,-0.118847,5.925794,0.200124,0.431448,0.431448,0.000000,C-06,0,1,1,0,0.002325,0.167948,0.7917
0,669,-0.043728,1.691745,-3.088924,0.028030,-0.060741,5.945698,0.199886,0.903504,0.903504,0.000000,C-06,0,1,1,0,0.001684,0.151226,0.7292
0,670,-0.067673,1.691626,-3.061045,0.026608,-0.032862,5.969601,0.199407,0.308885,0.308885,0.000000,C-06,0,1,1,0,0.005762,0.141456,0.7292
0,671,-0.087616,1.690122,-3.075389,0.026826,-0.047206,5.989600,0.200174,-0.262712,-0.262712,0.000000,C-06,0,1,1,0,0.009746,0.126500,0.6667
0,672,-0.111536,1.688541,-3.041027,0.026865,-0.012844,6.013571,0.199454,0.485870,0.485870,0.000000,C-06,0,1,1,0,-0.023437,0.258681,0.6250
0,673,-0.131389,1.687233,-2.999509,0.024518,-0.059461,6.036656,0.198481,0.648911,0.648911,0.000000,C-06,0,1,1,0,-0.002976,0.132907,0.4792
0,674,-0.155104,1.684735,-2.977122,0.022534,-0.037073,6.060420,0.198695,0.270092,0.270092,0.000000,C-06,0,1,1,0,-0.008771,0.189327,0.6667
0,675,-0.174821,1.681796,-2.969400,0.021730,-0.029352,6.080338,0.199391,0.110348,0.110348,0.000000,C-06,0,1,1,0,0.001891,0.119310,0.6875
0,676,-0.198382,1.677896,-2.928299,0.021153,0.011750,6.104213,0.198249,0.592955,0.592955,0.000000,C-06,0,1,1,0,-0.000452,0.116696,0.7083
0,677,-0.221748,1.673919,-2.894920,0.020686,0.045128,6.127911,0.197168,0.448034,0.448034,0.000000,,0,1,1,0,0.001969,0.108552,0.7292
0,678,-0.241098,1.669709,-2.877707,0.019039,-0.050612,6.150248,0.198087,0.273556,0.273556,0.000000,C-06,0,1,1,0,0.004475,0.093972,0.7500
0,679,-0.264210,1.664099,-2.859795,0.017226,-0.032700,6.173961,0.198174,0.250541,0.250541,0.000000,,0,1,1,0,-0.003278,0.146404,0.7708
0,680,-0.283309,1.658909,-2.817487,0.016257,0.009607,6.193730,0.196770,0.788680,0.788680,0.000000,C-06,0,1,1,0,-0.005362,0.141946,0.7083
0,681,-0.305953,1.652024,-2.791544,0.015803,0.035550,6.217392,0.197273,0.354465,0.354465,0.000000,C-06,0,1,1,0,-0.001791,0.128145,0.6875
0,682,-0.324693,1.645594,-2.778170,0.016122,0.048924,6.237202,0.198164,0.233074,0.233074,0.000000,,0,1,1,0,-0.001314,0.123507,0.6875
0,683,-0.347019,1.637579,-2.752977,0.015037,-0.051144,6.262925,0.197023,0.386508,0.386508,0.000000,C-06,0,1,1,0,-0.027564,0.248099,0.6458
0,684,-0.365408,1.630651,-2.721309,0.013463,-0.019476,6.282513,0.195604,0.592819,0.592819,0.000000,C-06,0,1,1,0,0.045968,-0.224697,0.6458
0,685,-0.387206,1.621387,-2.698947,0.012549,0.002886,6.306180,0.197495,0.336825,0.336825,0.000000,C-06,0,1,1,0,-0.008308,0.141470,0.6875
0,686,-0.408755,1.611641,-2.672148,0.012177,0.029685,6.329828,0.196978,0.427069,0.427069,0.000000,,0,1,1,0,-0.002690,0.099693,0.7292
0,687,-0.426482,1.603085,-2.648155,0.012357,0.053678,6.349511,0.196895,0.463498,0.463498,0.000000,,0,1,1,0,-0.003773,0.106656,0.7292
0,688,-0.447437,1.592216,-2.616323,0.011958,-0.040257,6.374671,0.196830,0.521520,0.521520,0.000000,,0,1,1,0,-0.001728,0.090399,0.7708
0,689,-0.464640,1.582473,-2.596749,0.010976,-0.020683,6.394417,0.197848,0.380274,0.380274,0.000000,,0,1,1,0,-0.009759,0.157223,0.7917
0,690,-0.484994,1.570294,-2.569285,0.010364,0.006780,6.418129,0.197700,0.467168,0.467168,0.000000,,0,1,1,0,-0.007884,0.140398,0.7292
0,691,-0.501680,1.559671,-2.545865,0.010403,0.030200,6.437910,0.197964,0.482440,0.482440,0.000000,,0,1,1,0,-0.006433,0.130149,0.7083
0,692,-0.521372,1.546307,-2.520370,0.011146,0.055695,6.461697,0.198510,0.442194,0.442194,0.000000,,0,1,1,0,-0.005785,0.125943,0.6667
0,693,-0.537522,1.534720,-2.500941,0.011906,-0.050364,6.483062,0.198908,0.411085,0.411085,0.000000,,0,1,1,0,-0.028392,0.237747,0.6458
0,694,-0.556576,1.520320,-2.474908,0.010868,-0.024331,6.506923,0.199232,0.471374,0.471374,0.000000,,0,1,1,0,0.046127,-0.219537,0.6250
0,695,-0.575256,1.505344,-2.450692,0.010512,-0.000114,6.530863,0.199740,0.442103,0.442103,0.000000,,0,1,1,0,0.043308,-0.213719,0.6458
0,696,-0.590554,1.492467,-2.431859,0.010693,0.018718,6.550857,0.200156,0.418459,0.418459,0.000000,,0,1,1,0,-0.006290,0.113986,0.6875
0,697,-0.608645,1.476576,-2.403326,0.011417,0.047251,6.574926,0.201114,0.526114,0.526114,0.000000,,0,1,1,0,-0.004740,0.101517,0.7292
0,698,-0.623414,1.462928,-2.377149,0.012530,0.073429,6.595005,0.200748,0.559807,0.559807,0.000000,,0,1,1,0,-0.001732,0.085260,0.7708
0,699,-0.640555,1.446094,-2.351015,0.011467,-0.025986,6.620591,0.199896,0.447185,0.447185,0.000000,,0,1,1,0,-0.004362,0.111385,0.7708
0,700,-0.654473,1.431789,-2.329830,0.011107,-0.004801,6.640547,0.199334,0.443219,0.443219,0.000000,,0,1,1,0,-0.007776,0.139921,0.7500
0,701,-0.670756,1.414323,-2.302918,0.011186,0.022111,6.664425,0.199086,0.482428,0.482428,0.000000,,0,1,1,0,-0.005289,0.126633,0.7292
0,702,-0.683971,1.399384,-2.282261,0.011773,0.042768,6.684362,0.199721,0.451380,0.451380,0.000000,,0,1,1,0,-0.005022,0.126466,0.6875
0,703,-0.699439,1.381025,-2.257812,0.013057,0.067217,6.708334,0.200301,0.453540,0.453540,0.000000,,0,1,1,0,-0.026752,0.229087,0.6458
0,704,-0.714535,1.362272,-2.231232,0.012116,-0.032186,6.734024,0.200875,0.486221,0.486221,0.000000,,0,1,1,0,-0.028782,0.240103,0.6458
0,705,-0.726809,1.346348,-2.209680,0.011559,-0.010634,6.754122,0.201233,0.462469,0.462469,0.000000,,0,1,1,0,0.043502,-0.213864,0.6458
0,706,-0.741160,1.326917,-2.186234,0.011387,0.012812,6.778277,0.201458,0.411371,0.411371,0.000000,,0,1,1,0,-0.007692,0.125319,0.6667
0,707,-0.752791,1.310442,-2.160121,0.011675,0.038925,6.798442,0.202459,0.553110,0.553110,0.000000,,0,1,1,0,-0.007185,0.122027,0.7292
0,708,-0.766369,1.290303,-2.131442,0.012544,0.067604,6.822715,0.202590,0.485039,0.485039,0.000000,,0,1,1,0,-0.004293,0.107076,0.7500
0,709,-0.777304,1.273245,-2.108498,0.011589,-0.035191,6.844545,0.202746,0.459310,0.459310,0.000000,,0,1,1,0,-0.001762,0.091912,0.7500
0,710,-0.790013,1.252459,-2.079555,0.010463,-0.006248,6.868882,0.203195,0.477111,0.477111,0.000000,,0,1,1,0,-0.009268,0.150978,0.7708
0,711,-0.800217,1.234877,-2.055317,0.009991,0.017991,6.889205,0.203389,0.469891,0.469891,0.000000,,0,1,1,0,-0.006050,0.128381,0.7083
0,712,-0.811936,1.213492,-2.028196,0.010022,0.045112,6.913591,0.203298,0.429307,0.429307,0.000000,,0,1,1,0,-0.004750,0.118991,0.6667
0,713,-0.823129,1.191823,-2.001868,0.010651,0.071439,6.937972,0.203306,0.410689,0.410689,0.000000,,0,1,1,0,-0.008738,0.139040,0.6667
0,714,-0.832121,1.173556,-1.977998,0.009519,-0.030174,6.959649,0.203686,0.442023,0.442023,0.000000,,0,1,1,0,-0.024340,0.213218,0.6458
0,715,-0.842401,1.151388,-1.949582,0.008094,-0.001757,6.984043,0.203672,0.429478,0.429478,0.000000,,0,1,1,0,0.045875,-0.222507,0.6042
0,716,-0.850442,1.132730,-1.928828,0.007463,0.018996,7.004351,0.203144,0.366663,0.366663,0.000000,,0,1,1,0,-0.011367,0.140240,0.6875
0,717,-0.859752,1.110132,-1.899043,0.007098,0.048781,7.028788,0.203837,0.441056,0.441056,0.000000,,0,1,1,0,-0.007584,0.114272,0.7083
0,718,-0.867126,1.091119,-1.872856,0.007218,0.074968,7.049181,0.203932,0.453821,0.453821,0.000000,,0,1,1,0,-0.005222,0.098938,0.7292
0,719,-0.875280,1.068107,-1.844180,0.006160,-0.022146,7.074466,0.203398,0.403866,0.403866,0.000000,,0,1,1,0,-0.005078,0.099215,0.7500
0,720,-0.881578,1.048790,-1.821188,0.004867,0.000846,7.094743,0.203130,0.383559,0.383559,0.000000,,0,1,1,0,-0.004470,0.093644,0.7292
0,721,-0.888741,1.025449,-1.789075,0.003737,0.032959,7.119132,0.203497,0.443448,0.443448,0.000000,,0,1,1,0,-0.008621,0.122336,0.7500
0,722,-0.894990,1.001953,-1.763002,0.003531,0.059033,7.143444,0.202493,0.345410,0.345410,0.000000,,0,1,1,0,-0.009197,0.129650,0.6875
0,723,-0.899698,0.982284,-1.742679,0.003866,0.079355,7.163666,0.202175,0.322082,0.322082,0.000000,,0,1,1,0,-0.009137,0.126182,0.6667
0,724,-0.905027,0.958581,-1.712519,0.002868,-0.016249,7.188418,0.202513,0.398666,0.398666,0.000000,,0,1,1,0,-0.028932,0.218678,0.6250
0,725,-0.908955,0.938749,-1.688576,0.001469,0.007694,7.208586,0.202052,0.366689,0.366689,0.000000,,0,1,1,0,-0.019334,0.169058,0.6250
0,726,-0.912832,0.914885,-1.665050,0.000628,0.031220,7.232749,0.201368,0.293123,0.293123,0.000000,,0,1,1,0,0.035375,-0.194744,0.6667
0,727,-0.915784,0.894953,-1.641315,0.000210,0.054955,7.252893,0.201497,0.358661,0.358661,0.000000,,0,1,1,0,-0.012630,0.123340,0.7083
0,728,-0.919009,0.870990,-1.607651,0.000029,0.088619,7.277072,0.201355,0.413911,0.413911,0.000000,,0,1,1,0,-0.010648,0.108810,0.7500
0,729,-0.920645,0.850997,-1.589344,0.000055,-0.018548,7.297173,0.200482,0.253010,0.253010,0.000000,C-06,0,1,1,0,-0.008237,0.096856,0.7500
0,730,-0.922332,0.826999,-1.556710,-0.001632,0.014087,7.321172,0.200475,0.397074,0.397074,0.000000,,0,1,1,0,-0.010149,0.105423,0.7500
0,731,-0.923201,0.803008,-1.531173,-0.002501,0.039623,7.345163,0.199904,0.301074,0.301074,0.000000,,0,1,1,0,-0.008656,0.096967,0.7292
0,732,-0.923435,0.783033,-1.510166,-0.002735,0.060631,7.365137,0.199647,0.307194,0.307194,0.000000,,0,1,1,0,-0.012425,0.127001,0.7083
0,733,-0.923190,0.759099,-1.483834,-0.002490,0.086962,7.389072,0.199317,0.326661,0.326661,0.000000,,0,1,1,0,-0.012425,0.123661,0.6667
0,734,-0.922529,0.739196,-1.460978,-0.001829,0.109818,7.406071,0.199014,0.345915,0.345915,0.000000,,0,1,1,0,-0.010355,0.117056,0.4792
0,735,-0.921087,0.715379,-1.434166,-0.003749,0.011157,7.432531,0.198711,0.342323,0.342323,0.000000,,0,1,1,0,-0.050300,0.314091,0.6667
0,736,-0.919154,0.695590,-1.416669,-0.004324,0.028653,7.452405,0.198789,0.266183,0.266183,0.000000,,0,1,1,0,0.032163,-0.187784,0.6458
0,737,-0.916413,0.671918,-1.394147,-0.004587,0.051175,7.476234,0.198491,0.296588,0.296588,0.000000,,0,1,1,0,0.030082,-0.186424,0.6458
0,738,-0.913860,0.652279,-1.365911,-0.004527,0.079412,7.496038,0.197542,0.465424,0.465424,0.000000,C-06,0,1,1,0,-0.014223,0.107505,0.7292
0,739,-0.909955,0.628845,-1.341192,-0.003604,0.104131,7.519777,0.197952,0.326971,0.326971,0.000000,,0,1,1,0,-0.012514,0.103983,0.7500
0,740,-0.905451,0.605545,-1.316083,-0.004735,0.003476,7.543032,0.197679,0.346845,0.346845,0.000000,,0,1,1,0,-0.011902,0.099567,0.7500
0,741,-0.901343,0.586255,-1.290699,-0.005557,0.028860,7.562738,0.197010,0.432043,0.432043,0.000000,,0,1,1,0,-0.011731,0.096548,0.7708
0,742,-0.895743,0.563292,-1.261020,-0.005846,0.058538,7.586372,0.196916,0.421960,0.421960,0.000000,,0,1,1,0,-0.011651,0.097585,0.7083
0,743,-0.890184,0.544293,-1.245607,-0.005190,0.073952,7.606157,0.198028,0.256203,0.256203,0.000000,C-06,0,1,1,0,-0.014619,0.130007,0.6875
0,744,-0.883192,0.521639,-1.222715,-0.004055,0.096843,7.629838,0.197382,0.339835,0.339835,0.000000,,0,1,1,0,-0.028883,0.211945,0.6875
0,745,-0.877080,0.502919,-1.198933,-0.004230,-0.005164,7.649053,0.196707,0.430058,0.430058,0.000000,,0,1,1,0,-0.050937,0.307730,0.6667
0,746,-0.869026,0.480666,-1.175072,-0.004907,0.018696,7.672709,0.197250,0.356389,0.356389,0.000000,,0,1,1,0,-0.046880,0.292750,0.6875
0,747,-0.861790,0.462277,-1.158155,-0.004926,0.035614,7.692470,0.197644,0.306393,0.306393,0.000000,,0,1,1,0,0.029242,-0.184335,0.6667
0,748,-0.852736,0.440417,-1.132204,-0.004528,0.061565,7.716128,0.196980,0.406525,0.406525,0.000000,,0,1,1,0,-0.033381,0.234516,0.7292
0,749,-0.843132,0.418828,-1.105157,-0.003519,0.088611,7.739735,0.196966,0.425725,0.425725,0.000000,,0,1,1,0,-0.014686,0.112682,0.7500
0,750,-0.834647,0.401063,-1.081548,-0.002870,-0.013263,7.759056,0.196923,0.454398,0.454398,0.000000,,0,1,1,0,-0.010448,0.087445,0.7708
0,751,-0.823795,0.380027,-1.055776,-0.003493,0.012509,7.782719,0.197372,0.415921,0.415921,0.000000,,0,1,1,0,-0.011429,0.098475,0.7500
0,752,-0.814258,0.362719,-1.035960,-0.003472,0.032326,7.802479,0.197698,0.390373,0.390373,0.000000,,0,1,1,0,-0.024226,0.203128,0.7500
0,753,-0.802325,0.342233,-1.009593,-0.002883,0.058692,7.826181,0.197679,0.443728,0.443728,0.000000,,0,1,1,0,-0.021499,0.184160,0.7292
0,754,-0.791894,0.325410,-0.989032,-0.001845,0.079253,7.845947,0.198056,0.417867,0.417867,0.000000,,0,1,1,0,-0.020490,0.178742,0.6875
0,755,-0.778847,0.305514,-0.965667,0.000005,0.102618,7.869567,0.198425,0.402127,0.402127,0.000000,,0,1,1,0,-0.023036,0.187510,0.6875
0,756,-0.767570,0.289185,-0.944513,-0.000496,-0.001966,7.889506,0.198574,0.447319,0.447319,0.000000,,0,1,1,0,-0.036359,0.253159,0.6875
0,757,-0.753507,0.269898,-0.922326,-0.000472,0.020221,7.913376,0.199078,0.391685,0.391685,0.000000,,0,1,1,0,0.034419,-0.193604,0.6667
0,758,-0.738943,0.250942,-0.898532,0.000153,0.044015,7.937272,0.199398,0.432092,0.432092,0.000000,,0,1,1,0,-0.020566,0.171281,0.7083
0,759,-0.726398,0.235419,-0.878365,0.001166,0.064181,7.957205,0.199769,0.445192,0.445192,0.000000,,0,1,1,0,-0.018874,0.164129,0.7708
0,760,-0.710826,0.217134,-0.849853,0.003000,0.092694,7.981153,0.200562,0.530693,0.530693,0.000000,,0,1,1,0,-0.014058,0.138322,0.7708
0,761,-0.697464,0.202140,-0.828320,0.002977,-0.011756,8.001635,0.201103,0.463837,0.463837,0.000000,,0,1,1,0,-0.008816,0.112718,0.7917
0,762,-0.681007,0.184534,-0.801666,0.002930,0.014898,8.025735,0.200490,0.471611,0.471611,0.000000,,0,1,1,0,-0.006258,0.099823,0.7708
0,763,-0.666941,0.170296,-0.779220,0.003443,0.037344,8.045742,0.199866,0.465397,0.465397,0.000000,,0,1,1,0,-0.000019,0.058579,0.7917
0,764,-0.649747,0.153620,-0.757395,0.004569,0.059168,8.069669,0.199392,0.376671,0.376671,0.000000,,0,1,1,0,0.003878,0.037118,0.7292
0,765,-0.635206,0.140010,-0.739274,0.005859,0.077289,8.089543,0.199105,0.387849,0.387849,0.000000,,0,1,1,0,0.016462,-0.034631,0.6875
0,766,-0.617348,0.124079,-0.712173,0.006378,-0.021158,8.114290,0.199664,0.500351,0.500351,0.000000,,0,1,1,0,0.021968,-0.073970,0.6875
0,767,-0.599032,0.108571,-0.692072,0.006093,-0.001057,8.138287,0.200163,0.366144,0.366144,0.000000,,0,1,1,0,0.025569,-0.098305,0.6875
0,768,-0.583532,0.095885,-0.675874,0.006188,0.015141,8.158317,0.200414,0.356864,0.356864,0.000000,,0,1,1,0,0.011144,-0.011866,0.7292
0,769,-0.564603,0.080972,-0.647465,0.006751,0.043550,8.182408,0.201214,0.522509,0.522509,0.000000,C-06,0,1,1,0,0.018006,-0.065877,0.7500
0,770,-0.548499,0.068848,-0.621645,0.007664,0.069370,8.202545,0.201828,0.551617,0.551617,0.000000,,0,1,1,0,0.027648,-0.135973,0.7917
0,771,-0.528827,0.054783,-0.598422,0.008075,-0.032895,8.227765,0.201637,0.395467,0.395467,0.000000,C-06,0,1,1,0,0.029332,-0.144527,0.8125
0,772,-0.512193,0.043349,-0.578476,0.007325,-0.012948,8.247936,0.201977,0.412595,0.412595,0.000000,,0,1,1,0,0.031886,-0.165592,0.8125
0,773,-0.491900,0.029984,-0.547382,0.006901,0.018145,8.272231,0.203027,0.528721,0.528721,0.000000,,0,1,1,0,0.034637,-0.191767,0.7500
0,774,-0.474720,0.019291,-0.527630,0.007069,0.037897,8.292466,0.202382,0.382728,0.382728,0.000000,,0,1,1,0,0.038552,-0.217293,0.7083
0,775,-0.453848,0.006860,-0.504715,0.007745,0.060813,8.316750,0.202534,0.374909,0.374909,0.000000,,0,1,1,0,0.042291,-0.243672,0.7292
0,776,-0.432676,-0.005212,-0.475187,0.007792,-0.035427,8.342135,0.203560,0.481274,0.481274,0.000000,,0,1,1,0,0.060906,-0.343648,0.6875
0,777,-0.414778,-0.014943,-0.449503,0.006621,-0.009744,8.362473,0.203822,0.487731,0.487731,0.000000,,0,1,1,0,0.058857,-0.342579,0.7083
0,778,-0.393022,-0.026012,-0.422040,0.005885,0.017720,8.386872,0.203462,0.423817,0.423817,0.000000,,0,1,1,0,0.054890,-0.330328,0.7708
0,779,-0.374682,-0.034866,-0.398024,0.005696,0.041735,8.407237,0.203724,0.442179,0.442179,0.000000,,0,1,1,0,0.053410,-0.333084,0.8125
0,780,-0.352365,-0.045003,-0.353069,0.006043,0.086691,8.431746,0.205607,0.691589,0.691589,0.000000,C-06,0,1,1,0,0.048656,-0.316611,0.8333
0,781,-0.333499,-0.052886,-0.324015,0.006465,-0.009517,8.453019,0.204353,0.496227,0.496227,0.000000,C-06,0,1,1,0,0.048073,-0.304418,0.8542
0,782,-0.310654,-0.061363,-0.299117,0.005467,0.015381,8.477366,0.202955,0.348341,0.348341,0.000000,,0,1,1,0,0.047211,-0.292669,0.8333
0,783,-0.291483,-0.068039,-0.278112,0.005047,0.036386,8.497663,0.202996,0.358014,0.358014,0.000000,,0,1,1,0,0.044092,-0.281203,0.8125
0,784,-0.268295,-0.075739,-0.242199,0.004894,0.072299,8.522095,0.204260,0.511212,0.511212,0.000000,C-06,0,1,1,0,0.041155,-0.270564,0.8125
0,785,-0.244904,-0.082805,-0.208872,0.005408,0.105626,8.546524,0.203499,0.450654,0.450654,0.000000,,0,1,1,0,0.038880,-0.252756,0.7708
0,786,-0.225274,-0.088337,-0.174728,0.005863,0.026816,8.567666,0.204132,0.554272,0.554272,0.000000,,0,1,1,0,0.035910,-0.231866,0.7708
0,787,-0.201581,-0.093774,-0.145076,0.004956,0.056469,8.591958,0.202406,0.380241,0.380241,0.000000,C-06,0,1,1,0,0.032638,-0.206096,0.7917
0,788,-0.181770,-0.097302,-0.131011,0.005197,0.070533,8.612078,0.201118,0.206454,0.206454,0.000000,C-06,0,1,1,0,0.025071,-0.151845,0.7708
0,789,-0.157958,-0.100938,-0.119660,0.006083,0.081884,8.636150,0.200692,0.141743,0.141743,0.000000,,0,1,1,0,0.021785,-0.133911,0.7292
0,790,-0.138090,-0.103798,-0.109348,0.006991,0.092196,8.656203,0.200733,0.158191,0.158191,0.000000,,0,1,1,0,0.019773,-0.125732,0.7292
0,791,-0.114217,-0.106979,-0.096911,0.008334,0.104633,8.680249,0.200666,0.156766,0.156766,0.000000,,0,1,1,0,0.017233,-0.114846,0.7083
0,792,-0.094302,-0.109401,-0.086670,0.007157,0.026740,8.701310,0.200601,0.153644,0.153644,0.000000,,0,1,1,0,0.014498,-0.100439,0.6875
0,793,-0.070378,-0.112119,-0.072297,0.005983,0.041113,8.725359,0.200636,0.179770,0.179770,0.000000,,0,1,1,0,0.012251,-0.088025,0.6875
0,794,-0.046434,-0.114228,-0.064121,0.005419,0.049289,8.749390,0.200282,0.096521,0.096521,0.000000,,0,1,1,0,0.010493,-0.073695,0.7083
0,795,-0.026473,-0.115666,-0.060855,0.005268,0.052555,8.769402,0.200117,0.044989,0.044989,0.000000,,0,1,1,0,0.009534,-0.067483,0.7292
0,796,-0.002516,-0.117196,-0.059332,0.005282,0.054078,8.792361,0.200043,0.017761,0.017761,0.000000,,0,1,1,0,0.008134,-0.061041,0.7708
0,797,0.017451,-0.118451,-0.055532,0.003969,-0.004887,0.021347,0.200083,0.058348,0.058348,0.000000,,0,1,1,0,0.006346,-0.058869,0.7917
0,798,0.041414,-0.119785,-0.055679,0.002658,-0.005035,0.045311,0.199997,-0.003911,-0.003911,0.000000,,0,1,1,0,0.005628,-0.057421,0.7500
0,799,0.061385,-0.120892,-0.050739,0.001570,-0.000094,0.065284,0.200046,0.077996,0.077996,0.000000,,0,1,1,0,0.004487,-0.056495,0.7083
0,800,0.085360,-0.122221,-0.040797,0.000265,0.009848,0.089260,0.200136,0.123502,0.123502,0.000000,,0,1,1,0,0.003744,-0.055104,0.7083
0,801,0.105346,-0.123327,-0.033617,-0.000827,-0.020555,0.109246,0.200187,0.102769,0.102769,0.000000,,0,1,1,0,0.002212,-0.040013,0.6667
0,802,0.129336,-0.124525,-0.025361,-0.002025,-0.012299,0.133236,0.200147,0.098964,0.098964,0.000000,,0,1,1,0,0.001975,-0.034671,0.6875
0,803,0.153329,-0.125230,-0.023253,-0.002730,-0.010191,0.157229,0.200023,0.021285,0.021285,0.000000,,0,1,1,0,0.001525,-0.027880,0.6875
0,804,0.173323,-0.125750,-0.024112,-0.003250,-0.011050,0.177223,0.200009,-0.014878,-0.014878,0.000000,,0,1,1,0,0.000948,-0.023516,0.7292
0,805,0.197315,-0.126370,-0.028759,-0.003870,-0.015697,0.201215,0.199985,-0.057582,-0.057582,0.000000,,0,1,1,0,0.000532,-0.023926,0.7500
0,806,0.217308,-0.126946,-0.023643,-0.004446,-0.023450,0.221208,0.200027,0.083557,0.083557,0.000000,,0,1,1,0,-0.000178,-0.031136,0.7917
0,807,0.241302,-0.127642,-0.019291,-0.005142,-0.019098,0.245202,0.200046,0.050321,0.050321,0.000000,,0,1,1,0,-0.000690,-0.026819,0.7708
0,808,0.261299,-0.128144,-0.016924,-0.005644,-0.016731,0.265199,0.200028,0.032614,0.032614,0.000000,,0,1,1,0,-0.001332,-0.020305,0.7292
0,809,0.285297,-0.128710,-0.005956,-0.006210,-0.005764,0.289197,0.200051,0.137376,0.137376,0.000000,,0,1,1,0,-0.001419,-0.019259,0.7292
0,810,0.305297,-0.129182,0.004238,-0.006682,0.004238,0.309197,0.200054,0.144600,0.144600,0.000000,,0,1,1,0,-0.001833,-0.005271,0.6667
0,811,0.329296,-0.129514,0.013402,-0.007014,0.013402,0.333196,0.199992,0.106610,0.106610,0.000000,,0,1,1,0,-0.001773,0.005933,0.6667
0,812,0.353294,-0.129226,0.014217,-0.006726,0.014217,0.357194,0.199998,0.003668,0.003668,0.000000,,0,1,1,0,-0.001341,0.013344,0.6875
0,813,0.373292,-0.128957,0.012791,-0.006457,0.012791,0.377192,0.200002,-0.022406,-0.022406,0.000000,,0,1,1,0,-0.000640,0.013687,0.7500
0,814,0.397290,-0.128633,0.009034,-0.006133,0.009034,0.401190,0.200010,-0.045928,-0.045928,0.000000,,0,1,1,0,-0.000460,0.014377,0.7500
0,815,0.417290,-0.128364,0.004984,-0.005864,0.004984,0.421190,0.200015,-0.058215,-0.058215,0.000000,,0,1,1,0,-0.000146,0.008755,0.7917
0,816,0.441289,-0.128241,0.005311,-0.005741,0.005311,0.445189,0.200000,0.006046,0.006046,0.000000,,0,1,1,0,0.000064,0.003475,0.7708
0,817,0.461288,-0.128145,0.013667,-0.005645,0.013667,0.465189,0.199985,0.128106,0.128106,0.000000,,0,1,1,0,-0.000179,0.004845,0.7083
0,818,0.485282,-0.128029,0.032802,-0.005529,0.032802,0.489182,0.199900,0.235401,0.235401,0.000000,,0,1,1,0,0.000399,0.009217,0.7083
0,819,0.505272,-0.127427,0.029710,-0.004927,0.029710,0.509172,0.200011,-0.064371,-0.064371,0.000000,C-06,0,1,1,0,0.003020,0.024966,0.6875
0,820,0.529260,-0.126718,0.033028,-0.004218,0.033028,0.533160,0.199979,0.045908,0.045908,0.000000,,0,1,1,0,0.003451,0.024260,0.6875
0,821,0.553247,-0.125940,0.033534,-0.003440,0.033534,0.557147,0.199995,0.003993,0.003993,0.000000,,0,1,1,0,0.003315,0.031361,0.7083
0,822,0.573232,-0.125286,0.043345,-0.002786,0.043345,0.577132,0.199924,0.154348,0.154348,0.000000,C-06,0,1,1,0,0.004404,0.030449,0.7500
0,823,0.597203,-0.124500,0.054199,-0.002000,0.054199,0.601103,0.199819,0.130878,0.130878,0.000000,,0,1,1,0,0.005479,0.034670,0.7500
0,824,0.617170,-0.123796,0.062143,-0.001296,0.062143,0.621070,0.199769,0.115950,0.115950,0.000000,,0,1,1,0,0.006628,0.055181,0.7708
0,825,0.641118,-0.122622,0.069001,-0.000122,0.069001,0.645018,0.199803,0.082674,0.082674,0.000000,,0,1,1,0,0.009315,0.053827,0.7500
0,826,0.661067,-0.121461,0.073535,0.001039,0.073535,0.664967,0.199827,0.066198,0.066198,0.000000,,0,1,1,0,0.007388,0.081119,0.7917
0,827,0.684997,-0.119960,0.079243,0.002540,0.079243,0.688897,0.199801,0.071009,0.071009,0.000000,,0,1,1,0,0.008657,0.087240,0.7292
0,828,0.704930,-0.118608,0.084071,0.003892,0.084071,0.708831,0.199786,0.072098,0.072098,0.000000,,0,1,1,0,0.013558,0.078730,0.6458
0,829,0.728836,-0.116920,0.093256,0.005580,0.093256,0.732736,0.199636,0.117109,0.117109,0.000000,,0,1,1,0,0.009031,0.119981,0.6667
0,830,0.752734,-0.114723,0.091249,0.007777,0.091249,0.756634,0.200026,-0.032933,-0.032933,0.000000,C-06,0,1,1,0,0.004150,0.160393,0.6458
0,831,0.772650,-0.112896,0.091618,0.009604,0.091618,0.776550,0.199996,0.008519,0.008519,0.000000,,0,1,1,0,0.018481,0.096079,0.6250
0,832,0.796543,-0.110707,0.097965,0.011793,0.097965,0.800443,0.199881,0.084534,0.084534,0.000000,,0,1,1,0,0.012307,0.141209,0.6875
0,833,0.816440,-0.108883,0.105200,0.013617,0.105200,0.820340,0.199738,0.111232,0.111232,0.000000,,0,1,1,0,0.012358,0.165158,0.7292
0,834,0.840309,-0.106375,0.102960,0.016125,0.102960,0.844209,0.200050,-0.037205,-0.037205,0.000000,,0,1,1,0,0.012760,0.182898,0.7292
0,835,0.860216,-0.104269,0.089304,0.018231,0.089304,0.864116,0.200299,-0.223476,-0.223476,0.000000,C-06,0,1,1,0,0.006896,0.232343,0.7083
0,836,0.884136,-0.101741,0.073186,0.020759,0.073186,0.888036,0.200563,-0.199146,-0.199146,0.000000,,0,1,1,0,0.008150,0.228271,0.6458
0,837,0.904085,-0.100156,0.070345,0.022344,0.070345,0.907985,0.200092,-0.031945,-0.031945,0.000000,C-06,0,1,1,0,0.002619,0.247598,0.6042
0,838,0.928036,-0.098321,0.056531,0.024179,0.056531,0.931936,0.200257,-0.179490,-0.179490,0.000000,,0,1,1,0,0.001361,0.247651,0.6042
0,839,0.952008,-0.096486,0.038784,0.026014,0.038784,0.955908,0.200427,-0.217739,-0.217739,0.000000,,0,1,1,0,0.009762,0.202539,0.6250
0,840,0.971997,-0.095122,0.026667,0.027378,0.026667,0.975897,0.200320,-0.172205,-0.172205,0.000000,,0,1,1,0,0.001482,0.245278,0.6458
0,841,0.995989,-0.094435,0.026493,0.028065,0.026493,0.999889,0.200004,0.005466,0.005466,0.000000,C-06,0,1,1,0,0.002840,0.233685,0.7083
0,842,1.015978,-0.093891,0.041120,0.028609,0.041120,1.019878,0.199912,0.232703,0.232703,0.000000,C-06,0,1,1,0,0.003253,0.239907,0.7500
0,843,1.039965,-0.092898,0.018309,0.029602,0.018309,1.043865,0.200140,-0.323604,-0.323604,0.000000,C-06,0,1,1,0,0.003528,0.261875,0.7083
0,844,1.059963,-0.092083,0.007812,0.030417,0.007812,1.063863,0.200133,-0.138055,-0.138055,0.000000,C-06,0,1,1,0,-0.009409,0.336701,0.7083
0,845,1.083962,-0.091870,0.013917,0.030630,0.013917,1.087862,0.199987,0.084936,0.084936,0.000000,C-06,0,1,1,0,-0.002295,0.284714,0.6875
0,846,1.103960,-0.091593,0.013576,0.030907,0.013576,1.107860,0.200002,-0.010704,-0.010704,0.000000,,0,1,1,0,-0.009959,0.314785,0.6250
0,847,1.127959,-0.091250,-0.010298,0.031250,-0.010298,1.131859,0.200012,-0.308532,-0.308532,0.000000,C-06,0,1,1,0,-0.006731,0.308832,0.6458
0,848,1.151959,-0.091495,-0.004298,0.031005,-0.004298,1.155859,0.200011,0.094218,0.094218,0.000000,C-06,0,1,1,0,-0.010135,0.317334,0.6875
0,849,1.171957,-0.091728,0.021903,0.030772,0.021903,1.175857,0.199972,0.410289,0.410289,0.000000,C-06,0,1,1,0,-0.006900,0.305211,0.6875
0,850,1.195948,-0.091598,0.032081,0.030902,0.032081,1.199848,0.199910,0.103599,0.103599,0.000000,C-06,0,1,1,0,-0.003716,0.316349,0.7500
0,851,1.215941,-0.091005,0.019959,0.031495,0.019767,1.219841,0.200050,-0.193518,-0.193518,0.000000,C-06,0,1,1,0,0.000296,0.338993,0.8125
0,852,1.239936,-0.090531,0.020501,0.031969,0.020308,1.243836,0.199995,0.015296,0.015296,0.000000,C-06,0,1,1,0,-0.004105,0.323810,0.3542
0,853,1.259932,-0.090134,0.020829,0.032366,0.020637,1.263832,0.199997,0.003913,0.003913,0.000000,,0,1,1,0,0.012403,0.273108,0.7500
0,854,1.283928,-0.089653,0.013010,0.032847,0.012818,1.287828,0.200022,-0.098471,-0.098471,0.000000,,0,1,1,0,0.015239,0.266212,0.7083
0,855,1.303926,-0.089393,0.014715,0.033107,0.001652,1.307826,0.199995,0.032512,0.032512,0.000000,,0,1,1,0,0.016252,0.255972,0.7083
0,856,1.327923,-0.089090,0.017750,0.033410,0.004688,1.331823,0.199985,0.036353,0.036353,0.000000,,0,1,1,0,0.008335,0.312026,0.7292
0,857,1.351921,-0.088676,0.002584,0.033824,-0.010478,1.355822,0.200029,-0.195287,-0.195287,0.000000,C-06,0,1,1,0,0.009013,0.309664,0.7083
0,858,1.371921,-0.088343,-0.003989,0.034157,-0.017051,1.375821,0.200020,-0.086409,-0.086409,0.000000,,0,1,1,0,0.016074,0.249163,0.6667
0,859,1.395917,-0.088008,-0.034303,0.034492,-0.047365,1.399817,0.199912,-0.391384,-0.391384,0.000000,C-06,0,1,1,0,0.018157,0.210883,0.6458
0,860,1.415893,-0.087730,-0.062040,0.034755,-0.112685,1.419826,0.199653,-0.405588,-0.405588,0.000000,,0,1,1,0,0.011934,0.194363,0.6042
0,861,1.439840,-0.088904,-0.069307,0.033557,-0.119952,1.443772,0.199833,-0.068105,-0.068105,0.000000,C-06,0,1,1,0,0.063591,-0.185020,0.6250
0,862,1.459805,-0.090282,-0.044627,0.032160,-0.095272,1.463736,0.200267,0.399754,0.399754,0.000000,C-06,0,1,1,0,0.012702,0.117963,0.6875
0,863,1.483791,-0.091946,-0.023780,0.030474,-0.074425,1.487720,0.200419,0.244346,0.244346,0.000000,C-06,0,1,1,0,0.010728,0.120307,0.7292
0,864,1.503786,-0.092461,-0.023261,0.029939,-0.073906,1.507715,0.199998,-0.008666,-0.008666,0.000000,C-06,0,1,1,0,0.012157,0.104135,0.7708
0,865,1.527783,-0.093012,0.019842,0.027790,-0.093568,1.533524,0.200022,0.589335,0.589335,0.000000,C-06,0,1,1,0,0.002571,0.145491,0.7708
0,866,1.551769,-0.093536,0.046264,0.025725,-0.067146,1.557427,0.199823,0.302777,0.302777,0.000000,C-06,0,1,1,0,0.003521,0.148038,0.7292
0,867,1.571742,-0.093087,0.056125,0.024889,-0.057285,1.577388,0.199772,0.135261,0.135261,0.000000,C-06,0,1,1,0,0.004926,0.138159,0.7083
0,868,1.595685,-0.092375,0.082361,0.024058,-0.031049,1.601327,0.199431,0.340529,0.340529,0.000000,C-06,0,1,1,0,0.002697,0.135394,0.6875
0,869,1.615583,-0.091782,0.121247,0.023007,-0.080297,1.624097,0.198673,0.615316,0.615316,0.000000,C-06,0,1,1,0,0.004536,0.116758,0.4792
0,870,1.639363,-0.090014,0.147975,0.020293,-0.053569,1.647789,0.198634,0.327818,0.327818,0.000000,C-06,0,1,1,0,0.056382,-0.237404,0.6250
0,871,1.659117,-0.087874,0.166035,0.018699,-0.035509,1.667594,0.198645,0.279352,0.279352,0.000000,,0,1,1,0,-0.006526,0.157653,0.6667
0,872,1.682740,-0.084855,0.188824,0.017243,-0.012720,1.691365,0.198368,0.302735,0.302735,0.000000,,0,1,1,0,-0.003096,0.127286,0.6875
0,873,1.702310,-0.081931,0.228646,0.016454,0.027102,1.711136,0.197096,0.684822,0.684822,0.000000,C-06,0,1,1,0,-0.001712,0.104080,0.7292
0,874,1.725623,-0.077244,0.249423,0.016694,0.047878,1.734914,0.198229,0.260914,0.260914,0.000000,C-06,0,1,1,0,0.002035,0.091637,0.7708
0,875,1.748800,-0.072177,0.276112,0.014310,-0.038386,1.760629,0.197357,0.379532,0.379532,0.000000,,0,1,1,0,0.000319,0.096870,0.7708
0,876,1.767964,-0.067696,0.304761,0.012645,-0.009737,1.780239,0.196454,0.497621,0.497621,0.000000,,0,1,1,0,-0.006862,0.142666,0.7500
0,877,1.790721,-0.061703,0.341787,0.011307,0.027289,1.803734,0.196009,0.539271,0.539271,0.000000,,0,1,1,0,-0.004747,0.125299,0.7292
0,878,1.809513,-0.055448,0.355679,0.011445,0.041181,1.823539,0.198260,0.220881,0.220881,0.000000,C-06,0,1,1,0,-0.003899,0.125299,0.6667
0,879,1.831916,-0.047619,0.378508,0.011963,0.064010,1.847265,0.197323,0.345132,0.345132,0.000000,,0,1,1,0,-0.007412,0.136203,0.6667
0,880,1.850403,-0.040872,0.404860,0.010615,-0.034900,1.868401,0.196326,0.485334,0.485334,0.000000,,0,1,1,0,-0.027041,0.228413,0.6458
0,881,1.872315,-0.032179,0.435567,0.009136,-0.004192,1.891928,0.196502,0.472106,0.472106,0.000000,,0,1,1,0,0.046242,-0.225122,0.6250
0,882,1.890375,-0.024142,0.452136,0.008706,0.012377,1.911691,0.197796,0.299473,0.299473,0.000000,C-06,0,1,1,0,-0.009729,0.134405,0.6667
0,883,1.911819,-0.014086,0.479931,0.008659,0.040171,1.935376,0.196883,0.450669,0.450669,0.000000,C-06,0,1,1,0,-0.006343,0.107456,0.7292
0,884,1.932940,-0.003525,0.509913,0.009206,0.070153,1.958984,0.196889,0.486287,0.486287,0.000000,,0,1,1,0,-0.005640,0.105278,0.7292
0,885,1.950285,0.005874,0.532267,0.008820,-0.033260,1.979873,0.197395,0.438271,0.438271,0.000000,,0,1,1,0,-0.003964,0.095421,0.7708
0,886,1.970816,0.017765,0.556481,0.007871,-0.009046,2.003580,0.197843,0.402477,0.402477,0.000000,,0,1,1,0,-0.004575,0.101835,0.7500
0,887,1.987670,0.028095,0.580819,0.007571,0.015292,2.023346,0.197669,0.498511,0.498511,0.000000,,0,1,1,0,-0.009566,0.138304,0.7292
0,888,2.007552,0.041105,0.608081,0.007913,0.042554,2.047104,0.198210,0.468698,0.468698,0.000000,,0,1,1,0,-0.007232,0.125680,0.6875
0,889,2.023859,0.052446,0.626843,0.008761,0.061316,2.066949,0.198763,0.390832,0.390832,0.000000,,0,1,1,0,-0.007355,0.126109,0.6667
0,890,2.043131,0.066522,0.650292,0.009291,-0.040724,2.091996,0.199045,0.417920,0.417920,0.000000,,0,1,1,0,-0.026151,0.216092,0.6250
0,891,2.058909,0.078681,0.673546,0.008611,-0.017469,2.111904,0.199311,0.511772,0.511772,0.000000,,0,1,1,0,0.044495,-0.218087,0.6250
0,892,2.077494,0.093802,0.696485,0.008428,0.005470,2.135863,0.199860,0.417347,0.417347,0.000000,,0,1,1,0,-0.017386,0.175757,0.6875
0,893,2.095750,0.109409,0.720259,0.008829,0.029244,2.159878,0.200455,0.441305,0.441305,0.000000,,0,1,1,0,-0.006981,0.110048,0.6875
0,894,2.110738,0.122780,0.744881,0.009588,0.053866,2.179948,0.201348,0.541712,0.541712,0.000000,,0,1,1,0,-0.006725,0.108074,0.7292
0,895,2.128260,0.139325,0.776911,0.010454,-0.039652,2.205365,0.200331,0.564255,0.564255,0.000000,,0,1,1,0,-0.003548,0.090197,0.7500
0,896,2.142408,0.153461,0.793425,0.009811,-0.023139,2.225355,0.199863,0.327492,0.327492,0.000000,C-06,0,1,1,0,-0.003744,0.103105,0.7500
0,897,2.159028,0.170688,0.818656,0.009481,0.002092,2.249289,0.199140,0.446631,0.446631,0.000000,,0,1,1,0,-0.008571,0.138115,0.7500
0,898,2.172514,0.185314,0.843184,0.009656,0.026620,2.269183,0.199131,0.533045,0.533045,0.000000,,0,1,1,0,-0.006678,0.125216,0.7083
0,899,2.188233,0.203392,0.870138,0.010565,0.053574,2.293122,0.200021,0.494715,0.494715,0.000000,,0,1,1,0,-0.006078,0.122894,0.6667
0,900,2.201024,0.218790,0.887112,0.011775,0.070549,2.313103,0.200302,0.369031,0.369031,0.000000,,0,1,1,0,-0.024702,0.216221,0.6250
0,901,2.216063,0.237593,0.914056,0.010801,-0.028490,2.338634,0.200967,0.495954,0.495954,0.000000,,0,1,1,0,0.044721,-0.217987,0.6250
0,902,2.230700,0.256781,0.939088,0.010254,-0.003458,2.362761,0.201309,0.444717,0.444717,0.000000,,0,1,1,0,0.043192,-0.214818,0.6458
0,903,2.242592,0.273038,0.959157,0.010203,0.016610,2.382903,0.201554,0.422169,0.422169,0.000000,,0,1,1,0,-0.008188,0.123028,0.6875
0,904,2.256515,0.292881,0.988179,0.010618,0.045633,2.407139,0.202358,0.505530,0.505530,0.000000,,0,1,1,0,-0.007857,0.122152,0.7292
0,905,2.267788,0.309716,1.013383,0.011407,0.070836,2.427385,0.202794,0.513874,0.513874,0.000000,,0,1,1,0,-0.003715,0.097014,0.7708
0,906,2.280822,0.330257,1.041389,0.010192,-0.026896,2.453128,0.202877,0.464525,0.464525,0.000000,,0,1,1,0,-0.002952,0.095577,0.7500
0,907,2.291326,0.347637,1.065400,0.009360,-0.002885,2.473419,0.203201,0.472673,0.472673,0.000000,,0,1,1,0,-0.009952,0.150201,0.7500
0,908,2.303469,0.368802,1.094628,0.008912,0.026343,2.497815,0.203471,0.470738,0.470738,0.000000,,0,1,1,0,-0.005747,0.121610,0.7292
0,909,2.313093,0.386670,1.115205,0.009086,0.046920,2.518109,0.202969,0.386173,0.386173,0.000000,,0,1,1,0,-0.005228,0.118873,0.6667
0,910,2.324251,0.408357,1.141598,0.009753,0.073313,2.542490,0.203339,0.413511,0.413511,0.000000,,0,1,1,0,-0.029131,0.234255,0.6458
0,911,2.334989,0.430324,1.171439,0.008276,-0.022330,2.568130,0.203871,0.459403,0.459403,0.000000,,0,1,1,0,-0.028008,0.228670,0.6458
0,912,2.343422,0.448835,1.193753,0.007226,-0.000016,2.588445,0.203411,0.399816,0.399816,0.000000,,0,1,1,0,0.043399,-0.213901,0.6250
0,913,2.352930,0.471248,1.216522,0.006609,0.022754,2.612783,0.202862,0.334867,0.334867,0.000000,,0,1,1,0,-0.014232,0.156749,0.6875
0,914,2.360519,0.490100,1.245518,0.006469,0.051750,2.633105,0.204010,0.525864,0.525864,0.000000,C-06,0,1,1,0,-0.009171,0.118583,0.7292
0,915,2.369220,0.512954,1.276156,0.006766,0.082388,2.657558,0.203762,0.437144,0.437144,0.000000,,0,1,1,0,-0.006100,0.102910,0.7292
0,916,2.375846,0.532154,1.297967,0.005677,-0.021592,2.678680,0.203048,0.365463,0.365463,0.000000,,0,1,1,0,-0.005266,0.099877,0.7500
0,917,2.383300,0.555349,1.324435,0.004229,0.004876,2.702999,0.202981,0.368772,0.368772,0.000000,,0,1,1,0,-0.004688,0.092065,0.7708
0,918,2.389239,0.574811,1.353398,0.003319,0.033840,2.723327,0.203857,0.484047,0.484047,0.000000,,0,1,1,0,-0.009351,0.124724,0.7083
0,919,2.395460,0.598310,1.379233,0.003142,0.059675,2.747635,0.202457,0.341457,0.341457,0.000000,,0,1,1,0,-0.007939,0.116950,0.6875
0,920,2.401136,0.621928,1.405664,0.003521,0.086105,2.771923,0.202342,0.350138,0.350138,0.000000,,0,1,1,0,-0.011627,0.133490,0.6667
0,921,2.405521,0.641694,1.430400,0.002413,-0.014922,2.792572,0.202428,0.388894,0.388894,0.000000,,0,1,1,0,-0.026761,0.207030,0.6458
0,922,2.410126,0.665502,1.458588,0.000843,0.013265,2.816770,0.201947,0.359361,0.359361,0.000000,,0,1,1,0,-0.027235,0.210309,0.6667
0,923,2.413258,0.685396,1.477574,0.000242,0.032251,2.836901,0.201291,0.281132,0.281132,0.000000,,0,1,1,0,0.034401,-0.190513,0.6667
0,924,2.416719,0.709320,1.506458,-0.000180,0.061135,2.861070,0.201443,0.361760,0.361760,0.000000,,0,1,1,0,-0.010920,0.110492,0.7083
0,925,2.419287,0.729293,1.532895,-0.000212,0.087572,2.881208,0.201243,0.388177,0.388177,0.000000,,0,1,1,0,-0.011828,0.115904,0.7500
0,926,2.421576,0.753286,1.561896,-0.000876,-0.008900,2.905276,0.200671,0.344554,0.344554,0.000000,,0,1,1,0,-0.008768,0.096224,0.7708
0,927,2.422764,0.773286,1.582162,-0.002064,0.011365,2.925276,0.200233,0.283542,0.283542,0.000000,,0,1,1,0,-0.008958,0.097009,0.7708
0,928,2.423837,0.797276,1.612993,-0.003137,0.042196,2.949267,0.199957,0.373320,0.373320,0.000000,,0,1,1,0,-0.015790,0.148143,0.7292
0,929,2.424000,0.821240,1.638207,-0.003300,0.067411,2.973230,0.199565,0.304972,0.304972,0.000000,,0,1,1,0,-0.012827,0.127550,0.7083
0,930,2.423585,0.841180,1.657637,-0.002885,0.086841,2.993170,0.199356,0.288002,0.288002,0.000000,,0,1,1,0,-0.024131,0.206493,0.6875
0,931,2.422708,0.865058,1.685627,-0.002893,-0.010643,3.016738,0.198937,0.355570,0.355570,0.000000,,0,1,1,0,-0.053634,0.323444,0.6667
0,932,2.421479,0.884898,1.708631,-0.004173,0.012361,3.036575,0.198670,0.353199,0.353199,0.000000,,0,1,1,0,-0.044372,0.286968,0.6875
0,933,2.419044,0.908635,1.728666,-0.004747,0.032396,3.060430,0.198806,0.254403,0.254403,0.000000,,0,1,1,0,0.031544,-0.186188,0.6458
0,934,2.416754,0.928352,1.750197,-0.004959,0.053927,3.080278,0.198267,0.345181,0.345181,0.000000,,0,1,1,0,-0.033588,0.238321,0.7083
0,935,2.413630,0.951903,1.778757,-0.004826,0.082487,3.104035,0.197834,0.383891,0.383891,0.000000,,0,1,1,0,-0.030084,0.218876,0.7500
0,936,2.410486,0.971422,1.802451,-0.004165,0.106181,3.123795,0.197619,0.386352,0.386352,0.000000,,0,1,1,0,-0.012587,0.100489,0.7500
0,937,2.405912,0.994711,1.827019,-0.005245,0.004985,3.146985,0.197737,0.335719,0.335719,0.000000,,0,1,1,0,-0.012502,0.101878,0.7500
0,938,2.400854,1.017836,1.856304,-0.006100,0.034270,3.170642,0.197077,0.415840,0.415840,0.000000,,0,1,1,0,-0.013372,0.106496,0.7500
0,939,2.396073,1.036960,1.879592,-0.006229,0.057558,3.190353,0.197086,0.397034,0.397034,0.000000,,0,1,1,0,-0.018088,0.147192,0.7292
0,940,2.389500,1.059742,1.901456,-0.005531,0.079421,3.214055,0.197622,0.310696,0.310696,0.000000,,0,1,1,0,-0.014720,0.125059,0.6875
0,941,2.383661,1.078594,1.921375,-0.004567,0.099341,3.233766,0.197285,0.352680,0.352680,0.000000,,0,1,1,0,-0.030145,0.219399,0.6875
0,942,2.376215,1.101020,1.948815,-0.004871,0.000991,3.256853,0.196842,0.410997,0.410997,0.000000,,0,1,1,0,-0.049512,0.300783,0.6667
0,943,2.369368,1.119539,1.966940,-0.005300,0.019116,3.276594,0.197503,0.322306,0.322306,0.000000,,0,1,1,0,-0.048295,0.300392,0.6875
0,944,2.360612,1.141589,1.986341,-0.005249,0.038517,3.300319,0.197736,0.294613,0.294613,0.000000,,0,1,1,0,0.027920,-0.178619,0.6667
0,945,2.352963,1.159788,2.011403,-0.004814,0.063579,3.320055,0.196554,0.478828,0.478828,0.000000,C-06,0,1,1,0,-0.031806,0.220515,0.7500
0,946,2.343274,1.181363,2.036765,-0.003721,0.088941,3.343680,0.197185,0.394340,0.394340,0.000000,,0,1,1,0,-0.014373,0.111558,0.7292
0,947,2.333002,1.202657,2.063842,-0.003221,-0.009466,3.366928,0.197078,0.435038,0.435038,0.000000,,0,1,1,0,-0.025246,0.199576,0.7917
0,948,2.323962,1.220163,2.087439,-0.003731,0.014131,3.386623,0.197106,0.461313,0.461313,0.000000,,0,1,1,0,-0.025318,0.204456,0.7500
0,949,2.312467,1.240871,2.113958,-0.003632,0.040650,3.410308,0.197513,0.436965,0.436965,0.000000,,0,1,1,0,-0.024395,0.201517,0.7500
0,950,2.302371,1.257893,2.133106,-0.002984,0.059798,3.430088,0.198010,0.382189,0.382189,0.000000,,0,1,1,0,-0.019905,0.177652,0.7292
0,951,2.289773,1.278047,2.156531,-0.001652,0.083224,3.453818,0.198188,0.399673,0.399673,0.000000,,0,1,1,0,-0.020365,0.177855,0.6667
0,952,2.278872,1.294596,2.177847,-0.000070,0.104540,3.473387,0.198288,0.444301,0.444301,0.000000,,0,1,1,0,-0.040773,0.272572,0.6667
0,953,2.265249,1.314125,2.204395,-0.000566,0.005349,3.497368,0.198633,0.467746,0.467746,0.000000,,0,1,1,0,-0.036439,0.252946,0.6667
0,954,2.253428,1.330134,2.222655,-0.000425,0.023609,3.517268,0.199142,0.386144,0.386144,0.000000,,0,1,1,0,0.033775,-0.186285,0.6667
0,955,2.238773,1.349030,2.247848,0.000308,0.048802,3.541170,0.199450,0.461225,0.461225,0.000000,,0,1,1,0,-0.026127,0.212868,0.7292
0,956,2.223585,1.367571,2.269565,0.001680,0.070519,3.565098,0.199909,0.397251,0.397251,0.000000,,0,1,1,0,-0.017615,0.162942,0.7708
0,957,2.210577,1.382782,2.288842,0.003250,0.089796,3.585051,0.200385,0.430543,0.430543,0.000000,,0,1,1,0,-0.017222,0.163274,0.7917
0,958,2.194497,1.400770,2.322270,0.003149,-0.002759,3.609607,0.201320,0.614352,0.614352,0.000000,C-06,0,1,1,0,-0.010248,0.121026,0.7917
0,959,2.180694,1.415309,2.342496,0.003265,0.017467,3.629654,0.200362,0.414417,0.414417,0.000000,C-06,0,1,1,0,-0.002833,0.081417,0.7917
0,960,2.163767,1.432330,2.365947,0.003960,0.040918,3.653649,0.199794,0.404746,0.404746,0.000000,,0,1,1,0,0.001046,0.058921,0.7708
0,961,2.149416,1.446179,2.387796,0.004948,0.062768,3.673568,0.199157,0.463076,0.463076,0.000000,,0,1,1,0,0.006028,0.024967,0.7083
0,962,2.131872,1.462393,2.411910,0.006645,0.086881,3.697396,0.199250,0.431089,0.431089,0.000000,,0,1,1,0,0.011621,-0.006705,0.7083
0,963,2.116892,1.475572,2.432607,0.006938,-0.017970,3.718238,0.199789,0.456796,0.456796,0.000000,,0,1,1,0,0.024579,-0.079522,0.6875
0,964,2.098537,1.491041,2.450907,0.006707,0.000330,3.742241,0.200172,0.335611,0.335611,0.000000,,0,1,1,0,0.025120,-0.089693,0.7083
0,965,2.079865,1.506200,2.474204,0.006916,0.023626,3.766292,0.200654,0.431736,0.431736,0.000000,,0,1,1,0,0.013450,-0.022806,0.7083
0,966,2.064003,1.518535,2.499942,0.007513,0.049364,3.786376,0.201439,0.564282,0.564282,0.000000,,0,1,1,0,0.016295,-0.043777,0.7500
0,967,2.044543,1.532968,2.533405,0.008784,0.082827,3.810571,0.202246,0.591209,0.591209,0.000000,,0,1,1,0,0.024902,-0.106317,0.7708
0,968,2.028069,1.544456,2.543387,0.009124,-0.032679,3.831818,0.200787,0.189820,0.189820,0.000000,C-06,0,1,1,0,0.031581,-0.142497,0.8125
0,969,2.008062,1.558048,2.570532,0.008356,-0.005533,3.855993,0.202395,0.476614,0.476614,0.000000,C-06,0,1,1,0,0.033679,-0.169477,0.7708
0,970,1.991095,1.569172,2.597231,0.008045,0.021165,3.876278,0.203154,0.542882,0.542882,0.000000,,0,1,1,0,0.036728,-0.196318,0.7708
0,971,1.970413,1.581930,2.621908,0.008344,0.045843,3.900577,0.202581,0.401984,0.401984,0.000000,,0,1,1,0,0.038355,-0.207193,0.7292
0,972,1.952985,1.592093,2.635481,0.009092,0.059416,3.920739,0.201709,0.255309,0.255309,0.000000,,0,1,1,0,0.046056,-0.253161,0.7292
0,973,1.931825,1.603883,2.666358,0.009357,-0.035474,3.946158,0.202999,0.514225,0.514225,0.000000,C-06,0,1,1,0,0.062956,-0.350128,0.7083
0,974,1.910324,1.615481,2.696364,0.008034,-0.005468,3.970551,0.203721,0.471455,0.471455,0.000000,,0,1,1,0,0.059942,-0.341801,0.7083
0,975,1.892186,1.624614,2.717015,0.007507,0.015182,3.990852,0.203067,0.378336,0.378336,0.000000,,0,1,1,0,0.055965,-0.328525,0.7708
0,976,1.870182,1.635215,2.745321,0.007299,0.043489,4.015276,0.203683,0.436784,0.436784,0.000000,,0,1,1,0,0.054997,-0.332918,0.8333
0,977,1.851598,1.643619,2.782857,0.007621,0.081024,4.035669,0.205054,0.698869,0.698869,0.000000,C-06,0,1,1,0,0.050657,-0.323418,0.8333
0,978,1.828983,1.653108,2.817363,0.007650,-0.009731,4.061202,0.204315,0.492179,0.492179,0.000000,C-06,0,1,1,0,0.049085,-0.306646,0.8333
0,979,1.809961,1.660197,2.837701,0.006790,0.010607,4.081485,0.202884,0.339576,0.339576,0.000000,C-06,0,1,1,0,0.048326,-0.297917,0.8333
0,980,1.786967,1.668322,2.865037,0.006174,0.037942,4.105864,0.203292,0.391185,0.391185,0.000000,,0,1,1,0,0.045329,-0.283150,0.8333
0,981,1.767650,1.674829,2.895182,0.005959,0.068087,4.126246,0.204302,0.513185,0.513185,0.000000,,0,1,1,0,0.041715,-0.271773,0.7917
0,982,1.744284,1.681962,2.927945,0.006401,0.100850,4.150673,0.203474,0.444257,0.444257,0.000000,,0,1,1,0,0.038691,-0.252208,0.7917
0,983,1.720732,1.688649,2.970065,0.006406,0.030016,4.176006,0.204243,0.570252,0.570252,0.000000,,0,1,1,0,0.035773,-0.231345,0.7917
0,984,1.700982,1.693226,2.996114,0.005606,0.056065,4.196263,0.202526,0.395679,0.395679,0.000000,C-06,0,1,1,0,0.031659,-0.199058,0.7917
0,985,1.677197,1.697742,3.019788,0.005621,0.079739,4.220473,0.201642,0.299743,0.299743,0.000000,,0,1,1,0,0.027132,-0.162898,0.7708
0,986,1.657344,1.700218,3.019506,0.006905,0.079457,4.240438,0.199991,-0.018578,-0.018578,0.000000,C-06,0,1,1,0,0.021854,-0.125216,0.7292
0,987,1.633515,1.703138,3.025027,0.008496,0.084979,4.264392,0.200122,0.075862,0.075862,0.000000,,0,1,1,0,0.019257,-0.120717,0.7292
0,988,1.613636,1.705572,3.039957,0.009826,0.099909,4.284249,0.200433,0.240246,0.240246,0.000000,C-06,0,1,1,0,0.017211,-0.118199,0.6667
0,989,1.589736,1.708492,3.060806,0.008358,0.032623,4.309627,0.200812,0.261593,0.261593,0.000000,,0,1,1,0,0.016373,-0.112837,0.6667
0,990,1.569797,1.710309,3.065416,0.007828,0.037233,4.329642,0.200178,0.056033,0.056033,0.000000,C-06,0,1,1,0,0.013785,-0.083105,0.6875
0,991,1.545860,1.712393,3.073445,0.007287,0.045262,4.353664,0.200285,0.101622,0.101622,0.000000,,0,1,1,0,0.011971,-0.075497,0.7292
0,992,1.521913,1.714194,3.077126,0.007030,0.048943,4.377677,0.200115,0.042317,0.042317,0.000000,,0,1,1,0,0.011342,-0.073182,0.7292
0,993,1.501952,1.715646,3.081030,0.006865,0.052847,4.396180,0.200155,0.058661,0.058661,0.000000,,0,1,1,0,0.009599,-0.066508,0.7917
0,994,1.477994,1.717170,3.082598,0.005255,-0.008350,4.422081,0.200041,0.017141,0.017141,0.000000,,0,1,1,0,0.008271,-0.061893,0.7708
0,995,1.458029,1.718387,3.083384,0.004057,-0.007564,4.442048,0.200026,0.011122,0.011122,0.000000,,0,1,1,0,0.006554,-0.059738,0.7708
0,996,1.434066,1.719835,3.088500,0.002632,-0.002448,4.466012,0.200080,0.065943,0.065943,0.000000,,0,1,1,0,0.005342,-0.058187,0.7292
0,997,1.414091,1.721042,3.096318,0.001444,0.005370,4.485989,0.200155,0.118041,0.118041,0.000000,,0,1,1,0,0.004285,-0.054716,0.7083
0,998,1.390108,1.722490,3.112228,0.000010,-0.016302,4.509973,0.200273,0.197285,0.197285,0.000000,,0,1,1,0,0.003366,-0.047423,0.6667
0,999,1.370116,1.723156,3.111476,-0.000656,-0.017054,4.529964,0.200007,-0.027158,-0.027158,0.000000,C-06,0,1,1,0,0.002285,-0.026654,0.6875
0,1000,1.346127,1.723889,3.111465,-0.001389,-0.017066,4.553953,0.200002,0.001543,0.001543,0.000000,,0,1,1,0,0.002544,-0.030464,0.7292
0,1001,1.322137,1.724619,3.115484,-0.002119,-0.013046,4.577944,0.200023,0.051299,0.051299,0.000000,,0,1,1,0,0.001516,-0.028233,0.7292
0,1002,1.302144,1.725143,3.113411,-0.002643,-0.015119,4.597936,0.199988,-0.036369,-0.036369,0.000000,,0,1,1,0,0.001521,-0.029089,0.7708
0,1003,1.278154,1.725774,3.112281,-0.003274,-0.029119,4.621926,0.199986,-0.012162,-0.012162,0.000000,,0,1,1,0,0.000911,-0.026902,0.7917
0,1004,1.258162,1.726311,3.116510,-0.003811,-0.024890,4.641919,0.200008,0.066248,0.066248,0.000000,,0,1,1,0,-0.000215,-0.028070,0.7708
0,1005,1.234168,1.726955,3.119182,-0.004455,-0.022218,4.665912,0.200021,0.029836,0.029836,0.000000,,0,1,1,0,-0.000225,-0.027062,0.7083
0,1006,1.214172,1.727492,3.129239,-0.004992,-0.012161,4.685909,0.200055,0.151801,0.151801,0.000000,,0,1,1,0,-0.000685,-0.023405,0.7083
0,1007,1.190172,1.728136,-3.137500,-0.005636,0.004093,4.709908,0.200071,0.196633,0.196633,0.000000,,0,1,1,0,-0.000980,-0.016090,0.6667
0,1008,1.170172,1.728123,-3.135747,-0.005623,0.005845,4.729908,0.199997,0.013780,0.013780,0.000000,C-06,0,1,1,0,-0.000044,0.002067,0.6875
0,1009,1.146173,1.728017,-3.136236,-0.005517,0.005357,4.753908,0.199999,-0.006804,-0.006804,0.000000,,0,1,1,0,-0.000737,0.009822,0.6875
0,1010,1.122173,1.727910,-3.139310,-0.005410,0.002283,4.777908,0.200001,-0.038122,-0.038122,0.000000,,0,1,1,0,0.000185,0.004561,0.7292
0,1011,1.102173,1.727865,-3.138136,-0.005365,0.003456,4.797908,0.199999,0.020952,0.020952,0.000000,,0,1,1,0,0.000060,0.003451,0.7500
0,1012,1.078173,1.727814,-3.140084,-0.005314,0.001509,4.821907,0.200000,-0.025431,-0.025431,0.000000,,0,1,1,0,0.000025,0.002911,0.7917
0,1013,1.058173,1.727772,-3.139108,-0.005272,0.002485,4.841907,0.200000,0.016004,0.016004,0.000000,,0,1,1,0,0.000208,0.001029,0.7708
0,1014,1.034174,1.727722,-3.126903,-0.005222,0.014690,4.865906,0.199981,0.153546,0.153546,0.000000,,0,1,1,0,0.000399,0.000233,0.7083
0,1015,1.014179,1.727680,-3.114032,-0.005180,0.027561,4.885902,0.199928,0.186799,0.186799,0.000000,,0,1,1,0,0.001430,0.006117,0.7500
0,1016,0.990191,1.727352,-3.106513,-0.004852,0.035079,4.909890,0.199910,0.084341,0.084341,0.000000,,0,1,1,0,0.002681,0.016442,0.6875
0,1017,0.970204,1.726785,-3.103749,-0.004285,0.037843,4.929877,0.199949,0.037173,0.037173,0.000000,,0,1,1,0,0.003540,0.030255,0.6875
0,1018,0.946223,1.726052,-3.099586,-0.003552,0.042007,4.953857,0.199924,0.050809,0.050809,0.000000,,0,1,1,0,0.004119,0.034872,0.7083
0,1019,0.922249,1.725287,-3.090795,-0.002787,0.050798,4.977832,0.199848,0.109984,0.109984,0.000000,,0,1,1,0,0.004607,0.040383,0.7292
0,1020,0.902280,1.724650,-3.081036,-0.002150,0.060557,4.997801,0.199742,0.145691,0.145691,0.000000,,0,1,1,0,0.005649,0.047508,0.7292
0,1021,0.878332,1.723679,-3.070631,-0.001179,0.070962,5.021749,0.199711,0.126922,0.126922,0.000000,,0,1,1,0,0.006625,0.057637,0.7917
0,1022,0.858382,1.722287,-3.071037,0.000213,0.070556,5.041698,0.200008,-0.014658,-0.014658,0.000000,,0,1,1,0,0.007573,0.077379,0.7708
0,1023,0.834444,1.720581,-3.068868,0.001919,0.072725,5.065637,0.199979,0.029486,0.029486,0.000000,,0,1,1,0,0.008101,0.085151,0.7500
0,1024,0.814500,1.719159,-3.063332,0.003341,0.078260,5.085580,0.199899,0.085307,0.085307,0.000000,,0,1,1,0,0.003787,0.123511,0.7292
0,1025,0.790589,1.717453,-3.047712,0.005047,0.093880,5.109492,0.199640,0.202014,0.202014,0.000000,,0,1,1,0,0.003555,0.135710,0.7292
0,1026,0.770671,1.715651,-3.055362,0.006849,0.086230,5.129409,0.200083,-0.139030,-0.139030,0.000000,C-06,0,1,1,0,0.010438,0.131283,0.6667
0,1027,0.746756,1.713462,-3.059164,0.009038,0.082428,5.153324,0.200142,-0.042489,-0.042489,0.000000,,0,1,1,0,0.000264,0.189410,0.6875
0,1028,0.722847,1.711479,-3.048873,0.011021,0.092720,5.177233,0.199827,0.141908,0.141908,0.000000,C-06,0,1,1,0,0.012929,0.126816,0.7083
0,1029,0.702944,1.709837,-3.037632,0.012663,0.103961,5.197137,0.199610,0.171018,0.171018,0.000000,,0,1,1,0,0.012604,0.143936,0.7083
0,1030,0.679077,1.707410,-3.035713,0.015090,0.105879,5.221004,0.199941,0.015080,0.015080,0.000000,C-06,0,1,1,0,0.013130,0.164455,0.7083
0,1031,0.659180,1.705300,-3.045689,0.017200,0.095903,5.240901,0.200188,-0.167576,-0.167576,0.000000,C-06,0,1,1,0,0.012934,0.191885,0.6875
0,1032,0.635273,1.702764,-3.061582,0.019736,0.080011,5.264808,0.200466,-0.200361,-0.200361,0.000000,,0,1,1,0,0.007862,0.228277,0.7083
0,1033,0.615331,1.700831,-3.068977,0.021669,0.072616,5.284750,0.200334,-0.103025,-0.103025,0.000000,,0,1,1,0,0.000702,0.270185,0.6667
0,1034,0.591387,1.698682,-3.077813,0.023818,0.063780,5.308694,0.200324,-0.109262,-0.109262,0.000000,,0,1,1,0,-0.002072,0.279087,0.6667
0,1035,0.571419,1.696981,-3.093679,0.025519,0.047913,5.328662,0.200485,-0.241658,-0.241658,0.000000,,0,1,1,0,-0.016055,0.333933,0.6458
0,1036,0.547438,1.695063,-3.110372,0.027437,0.031221,5.352643,0.200430,-0.199746,-0.199746,0.000000,,0,1,1,0,0.010478,0.194713,0.6250
0,1037,0.523446,1.693880,-3.119602,0.028620,0.021991,5.376634,0.200145,-0.104901,-0.104901,0.000000,,0,1,1,0,0.002593,0.236582,0.6667
0,1038,0.503452,1.693414,-3.115515,0.029086,0.026078,5.396629,0.199982,0.070433,0.070433,0.000000,C-06,0,1,1,0,0.003637,0.231113,0.7083
0,1039,0.479462,1.692885,-3.108382,0.029615,0.033211,5.420618,0.199940,0.086470,0.086470,0.000000,,0,1,1,0,0.004193,0.234719,0.7500
0,1040,0.459470,1.692228,-3.124004,0.030272,0.017589,5.440611,0.200078,-0.256445,-0.256445,0.000000,C-06,0,1,1,0,-0.007851,0.331819,0.7500
0,1041,0.435472,1.691561,-3.130263,0.030939,0.011329,5.464609,0.200050,-0.064662,-0.064662,0.000000,C-06,0,1,1,0,-0.008471,0.329765,0.7292
0,1042,0.415473,1.691146,-3.134040,0.031354,0.007552,5.484608,0.200030,-0.052871,-0.052871,0.000000,,0,1,1,0,-0.001758,0.287858,0.6875
0,1043,0.391473,1.690703,-3.140545,0.031797,0.001048,5.508607,0.200032,-0.078048,-0.078048,0.000000,,0,1,1,0,-0.006434,0.308735,0.6458
0,1044,0.371473,1.690363,3.135648,0.032137,-0.005944,5.528607,0.200021,-0.100262,-0.100262,0.000000,,0,1,1,0,-0.007241,0.303979,0.6667
0,1045,0.347473,1.690485,-3.138974,0.032015,0.002619,5.552607,0.200003,0.114028,0.114028,0.000000,C-06,0,1,1,0,-0.008760,0.315029,0.6875
0,1046,0.323474,1.690632,-3.129150,0.031868,0.012442,5.576606,0.199989,0.116332,0.116332,0.000000,,0,1,1,0,-0.005123,0.312206,0.7083
0,1047,0.303475,1.690403,-3.132390,0.032097,0.009202,5.596605,0.200007,-0.059306,-0.059306,0.000000,C-06,0,1,1,0,-0.006118,0.339994,0.8125
0,1048,0.279477,1.690184,-3.126880,0.032316,0.014520,5.620603,0.199987,0.073081,0.073081,0.000000,,0,1,1,0,0.005398,0.327725,0.4167
0,1049,0.259480,1.690005,-3.120467,0.032495,0.020933,5.640600,0.199965,0.093104,0.093104,0.000000,,0,1,1,0,0.002071,0.326162,0.7917
0,1050,0.235484,1.689504,-3.126864,0.032996,0.014536,5.664596,0.200024,-0.088210,-0.088210,0.000000,C-06,0,1,1,0,0.013583,0.273043,0.7500
0,1051,0.215486,1.689073,-3.136378,0.033427,0.005022,5.684595,0.200043,-0.139084,-0.139084,0.000000,,0,1,1,0,0.015962,0.261755,0.7083
0,1052,0.191486,1.688940,-3.132283,0.033560,-0.003753,5.708594,0.199994,0.059108,0.059108,0.000000,C-06,0,1,1,0,0.015789,0.256000,0.7292
0,1053,0.171488,1.688845,-3.121546,0.033655,0.006984,5.728592,0.199964,0.160560,0.160560,0.000000,,0,1,1,0,0.009303,0.301740,0.7292
0,1054,0.147492,1.688377,-3.126249,0.034123,0.002282,5.752588,0.200017,-0.068456,-0.068456,0.000000,C-06,0,1,1,0,0.010557,0.303908,0.7083
0,1055,0.123495,1.687951,-3.127750,0.034549,0.000780,5.776586,0.200010,-0.015186,-0.015186,0.000000,,0,1,1,0,0.016667,0.254699,0.6667
0,1056,0.103496,1.687612,-3.141541,0.034888,-0.013011,5.796585,0.200029,-0.215666,-0.215666,0.000000,C-06,0,1,1,0,0.020923,0.209610,0.5833
0,1057,0.079502,1.687205,3.098908,0.035275,-0.093329,5.820612,0.199863,-0.537275,-0.537275,0.000000,C-06,0,1,1,0,0.008644,0.259652,0.6042
0,1058,0.059530,1.687272,3.081576,0.035189,-0.110661,5.840585,0.199665,-0.237375,-0.237375,0.000000,C-06,0,1,1,0,0.065620,-0.170164,0.6042
0,1059,0.035556,1.688651,3.115232,0.033787,-0.077005,5.864557,0.200280,0.476670,0.476670,0.000000,C-06,0,1,1,0,0.014489,0.122396,0.6667
0,1060,0.015561,1.689565,3.124916,0.032854,-0.067321,5.884551,0.200141,0.115920,0.115920,0.000000,C-06,0,1,1,0,0.014006,0.123874,0.7083
0,1061,-0.008428,1.690023,3.095319,0.032019,-0.159684,5.910581,0.199833,-0.397176,-0.397176,0.000000,C-06,0,1,1,0,0.018418,0.091213,0.7708
0,1062,-0.028416,1.690939,-3.136001,0.029819,-0.107818,5.930470,0.200228,1.000000,1.000000,0.000000,C-06,0,1,1,0,0.008191,0.082229,0.7083
0,1063,-0.052393,1.692089,-3.068638,0.027129,-0.040455,5.954323,0.199740,0.808642,0.808642,0.000000,C-06,0,1,1,0,0.003480,0.143328,0.7292
0,1064,-0.076339,1.690437,-3.085833,0.027237,-0.057650,5.978326,0.200242,-0.276522,-0.276522,0.000000,C-06,0,1,1,0,0.010086,0.130007,0.7083
0,1065,-0.096312,1.689033,-3.092947,0.027353,-0.064764,5.998348,0.200213,-0.090852,-0.090852,0.000000,C-06,0,1,1,0,0.006669,0.133611,0.6875
0,1066,-0.120240,1.687803,-3.027360,0.026045,-0.087311,6.025598,0.199032,1.000000,1.000000,0.000000,C-06,0,1,1,0,0.003136,0.139429,0.4792
0,1067,-0.140044,1.686795,-2.977463,0.023328,-0.037415,6.045240,0.197655,0.755459,0.755459,0.000000,C-06,0,1,1,0,-0.011038,0.186446,0.6458
0,1068,-0.163720,1.683048,-2.980683,0.022578,-0.040635,6.069199,0.200094,-0.097004,-0.097004,0.000000,C-06,0,1,1,0,-0.002643,0.164331,0.6667
0,1069,-0.183450,1.679847,-2.972597,0.022030,-0.032548,6.089180,0.199743,0.144464,0.144464,0.000000,C-06,0,1,1,0,0.001492,0.119774,0.6875
0,1070,-0.206995,1.675829,-2.915125,0.021571,0.024923,6.113061,0.197890,0.865437,0.865437,0.000000,C-06,0,1,1,0,-0.000430,0.106907,0.7292
0,1071,-0.226421,1.672227,-2.889706,0.021183,-0.062612,6.135511,0.197497,0.381131,0.381131,0.000000,C-06,0,1,1,0,0.004366,0.096798,0.7500
0,1072,-0.249609,1.666898,-2.872065,0.019080,-0.044971,6.159211,0.198282,0.240418,0.240418,0.000000,,0,1,1,0,-0.004606,0.166995,0.7708
0,1073,-0.272650,1.661230,-2.843079,0.017346,-0.015984,6.182875,0.197001,0.419981,0.419981,0.000000,C-06,0,1,1,0,-0.002912,0.138465,0.7500
0,1074,-0.291665,1.656344,-2.809077,0.016112,0.018018,6.202469,0.195626,0.604371,0.604371,0.000000,C-06,0,1,1,0,-0.004052,0.141340,0.7083
0,1075,-0.314222,1.649478,-2.777664,0.015666,0.049431,6.226044,0.196538,0.454761,0.454761,0.000000,,0,1,1,0,-0.002023,0.128154,0.6667
0,1076,-0.332875,1.642646,-2.768209,0.016396,0.058885,6.245894,0.198835,0.146051,0.146051,0.000000,C-06,0,1,1,0,-0.023341,0.231562,0.6250
0,1077,-0.355103,1.634022,-2.740477,0.014807,-0.038644,6.271754,0.197791,0.438874,0.438874,0.000000,C-06,0,1,1,0,0.053065,-0.236982,0.6042
0,1078,-0.373413,1.626798,-2.714212,0.013536,-0.012380,6.291396,0.196373,0.486377,0.486377,0.000000,,0,1,1,0,0.047166,-0.225715,0.6458
0,1079,-0.395123,1.617441,-2.688342,0.012743,0.013491,6.315024,0.197083,0.400331,0.400331,0.000000,,0,1,1,0,-0.006880,0.130106,0.6667
0,1080,-0.413003,1.609188,-2.665574,0.012583,0.036258,6.334716,0.196967,0.434389,0.434389,0.000000,,0,1,1,0,-0.004296,0.112301,0.7292
0,1081,-0.434186,1.598671,-2.638849,0.013065,0.062984,6.358361,0.197185,0.429833,0.429833,0.000000,,0,1,1,0,-0.003517,0.107220,0.7500
0,1082,-0.455043,1.587545,-2.608979,0.011831,-0.032913,6.383596,0.197076,0.493523,0.493523,0.000000,,0,1,1,0,-0.002229,0.096900,0.7500
0,1083,-0.472144,1.577730,-2.583855,0.010964,-0.007789,6.403295,0.197322,0.503842,0.503842,0.000000,,0,1,1,0,-0.009379,0.152655,0.7708
0,1084,-0.492341,1.565254,-2.558023,0.010688,0.018043,6.427032,0.198000,0.435156,0.435156,0.000000,,0,1,1,0,-0.007351,0.140208,0.7292
0,1085,-0.508927,1.554376,-2.539441,0.010994,0.036625,6.446865,0.198470,0.381119,0.381119,0.000000,,0,1,1,0,-0.004436,0.120433,0.6875
0,1086,-0.528531,1.540856,-2.513641,0.011917,0.062425,6.470661,0.198575,0.455501,0.455501,0.000000,,0,1,1,0,-0.008947,0.141731,0.6667
0,1087,-0.544582,1.529143,-2.490820,0.011708,-0.040243,6.492056,0.198888,0.489611,0.489611,0.000000,,0,1,1,0,-0.027022,0.231241,0.6458
0,1088,-0.563490,1.514518,-2.465465,0.010936,-0.014888,6.515949,0.199436,0.457380,0.457380,0.000000,,0,1,1,0,0.046622,-0.221293,0.6250
0,1089,-0.578972,1.501909,-2.446706,0.010793,0.003871,6.535915,0.199832,0.412562,0.412562,0.000000,,0,1,1,0,-0.011240,0.147119,0.6667
0,1090,-0.597239,1.486313,-2.420730,0.011178,0.029847,6.559932,0.200514,0.484456,0.484456,0.000000,,0,1,1,0,-0.006208,0.113523,0.7292
0,1091,-0.615203,1.470211,-2.391109,0.012146,0.059469,6.584035,0.201177,0.535962,0.535962,0.000000,,0,1,1,0,-0.003657,0.097650,0.7292
0,1092,-0.629763,1.456400,-2.367271,0.012284,-0.042242,6.605691,0.200365,0.499960,0.499960,0.000000,,0,1,1,0,-0.002597,0.095658,0.7708
0,1093,-0.646718,1.439421,-2.342117,0.011539,-0.017088,6.629675,0.199672,0.430761,0.430761,0.000000,,0,1,1,0,-0.003481,0.106092,0.7500
0,1094,-0.660506,1.425026,-2.320534,0.011336,0.004495,6.649606,0.199052,0.457254,0.457254,0.000000,,0,1,1,0,-0.006689,0.137034,0.7083
0,1095,-0.676622,1.407401,-2.293482,0.011646,0.031547,6.673487,0.199354,0.488552,0.488552,0.000000,,0,1,1,0,-0.005412,0.127846,0.6875
0,1096,-0.689696,1.392303,-2.273057,0.012444,0.051972,6.693443,0.199984,0.449696,0.449696,0.000000,,0,1,1,0,-0.006742,0.135714,0.6667
0,1097,-0.705024,1.373795,-2.248359,0.013028,-0.049313,6.719111,0.200492,0.456509,0.456509,0.000000,,0,1,1,0,-0.027334,0.232816,0.6250
0,1098,-0.717515,1.358075,-2.225818,0.012176,-0.026772,6.739171,0.200997,0.493248,0.493248,0.000000,,0,1,1,0,0.047654,-0.226573,0.6250
0,1099,-0.732124,1.338864,-2.201063,0.011665,-0.002017,6.763300,0.201316,0.439138,0.439138,0.000000,,0,1,1,0,-0.009370,0.138591,0.6875
0,1100,-0.746346,1.319299,-2.175493,0.011675,0.023553,6.787489,0.201761,0.448860,0.448860,0.000000,,0,1,1,0,-0.006639,0.120409,0.6875
0,1101,-0.757902,1.302710,-2.150919,0.012091,0.048127,6.807702,0.202423,0.510879,0.510879,0.000000,,0,1,1,0,-0.004586,0.106391,0.7292
0,1102,-0.771360,1.282436,-2.119620,0.012371,-0.046312,6.833627,0.203014,0.530288,0.530288,0.000000,,0,1,1,0,-0.002865,0.096376,0.7708
0,1103,-0.782094,1.265265,-2.098623,0.011235,-0.025315,6.853845,0.202560,0.411245,0.411245,0.000000,,0,1,1,0,-0.002948,0.103365,0.7500
0,1104,-0.794619,1.244357,-2.068700,0.010330,0.004608,6.878201,0.203421,0.492674,0.492674,0.000000,,0,1,1,0,-0.007838,0.140454,0.7500
0,1105,-0.804662,1.226672,-2.044374,0.010048,0.028933,6.898537,0.203467,0.467165,0.467165,0.000000,,0,1,1,0,-0.006528,0.131863,0.7083
0,1106,-0.816167,1.205171,-2.017707,0.010322,0.055601,6.922921,0.203289,0.419633,0.419633,0.000000,,0,1,1,0,-0.004754,0.119659,0.6667
0,1107,-0.825352,1.187044,-1.996169,0.011004,0.077139,6.942825,0.203252,0.400875,0.400875,0.000000,,0,1,1,0,-0.027314,0.228853,0.6250
0,1108,-0.835998,1.165044,-1.966987,0.009038,-0.019163,6.968990,0.203797,0.449638,0.449638,0.000000,,0,1,1,0,0.045999,-0.222758,0.6250
0,1109,-0.845992,1.142785,-1.940903,0.007912,0.006921,6.993363,0.203335,0.389807,0.389807,0.000000,,0,1,1,0,0.042642,-0.212586,0.6458
0,1110,-0.853893,1.124066,-1.919984,0.007433,0.027840,7.013676,0.203190,0.370955,0.370955,0.000000,,0,1,1,0,-0.007438,0.115569,0.6875
0,1111,-0.863057,1.101388,-1.887505,0.007234,0.060319,7.038135,0.204176,0.477846,0.477846,0.000000,,0,1,1,0,-0.007797,0.115230,0.7292
0,1112,-0.870198,1.082306,-1.862259,0.007595,0.085565,7.058506,0.203697,0.430904,0.430904,0.000000,,0,1,1,0,-0.004683,0.096214,0.7708
0,1113,-0.878093,1.059226,-1.834563,0.005645,-0.012529,7.083768,0.203224,0.388278,0.388278,0.000000,,0,1,1,0,-0.006039,0.107276,0.7500
0,1114,-0.884305,1.039855,-1.809224,0.004449,0.012810,7.104075,0.203422,0.422240,0.422240,0.000000,,0,1,1,0,-0.011355,0.146521,0.7500
0,1115,-0.891254,1.016447,-1.776767,0.003543,0.045267,7.128476,0.203408,0.442598,0.442598,0.000000,,0,1,1,0,-0.008398,0.124690,0.7292
0,1116,-0.896069,0.996836,-1.759799,0.003759,0.062235,7.148669,0.201849,0.266147,0.266147,0.000000,C-06,0,1,1,0,-0.007564,0.118977,0.6667
0,1117,-0.901611,0.973203,-1.730681,0.004273,0.091353,7.172937,0.202628,0.392236,0.392236,0.000000,,0,1,1,0,-0.029907,0.222697,0.6458
0,1118,-0.906762,0.949455,-1.700095,0.002296,-0.003824,7.197689,0.202375,0.396350,0.396350,0.000000,,0,1,1,0,-0.027040,0.210962,0.6458
0,1119,-0.910241,0.929598,-1.680691,0.001346,0.015579,7.217826,0.201494,0.291733,0.291733,0.000000,,0,1,1,0,0.030353,-0.147173,0.6458
0,1120,-0.913858,0.905716,-1.658952,0.000765,0.037318,7.241973,0.201202,0.272943,0.272943,0.000000,,0,1,1,0,0.034999,-0.191974,0.6667
0,1121,-0.916650,0.885770,-1.626000,0.000507,0.070270,7.262113,0.201616,0.510913,0.510913,0.000000,C-06,0,1,1,0,-0.010424,0.106445,0.7292
0,1122,-0.919229,0.861791,-1.598769,0.000969,0.097501,7.286225,0.200814,0.319196,0.319196,0.000000,C-06,0,1,1,0,-0.009101,0.104976,0.7292
0,1123,-0.920650,0.841795,-1.581378,0.000050,-0.010581,7.306375,0.200381,0.244326,0.244326,0.000000,,0,1,1,0,-0.008205,0.098795,0.7500
0,1124,-0.922114,0.817797,-1.549970,-0.001414,0.020826,7.330374,0.200321,0.380817,0.380817,0.000000,,0,1,1,0,-0.009752,0.105383,0.7500
0,1125,-0.922945,0.797808,-1.524653,-0.002245,0.046143,7.350362,0.199884,0.364833,0.364833,0.000000,,0,1,1,0,-0.012460,0.126913,0.7500
0,1126,-0.923001,0.773850,-1.499628,-0.002301,0.071169,7.374320,0.199521,0.303191,0.303191,0.000000,,0,1,1,0,-0.012305,0.128097,0.6875
0,1127,-0.922400,0.749934,-1.475501,-0.001700,0.095296,7.398237,0.199250,0.300133,0.300133,0.000000,,0,1,1,0,-0.023141,0.200930,0.6875
0,1128,-0.921553,0.730048,-1.452058,-0.002364,-0.006735,7.417919,0.198882,0.359448,0.359448,0.000000,,0,1,1,0,-0.052111,0.319254,0.6458
0,1129,-0.919869,0.706257,-1.425670,-0.003690,0.019652,7.441733,0.198632,0.338082,0.338082,0.000000,,0,1,1,0,-0.045134,0.292677,0.6875
0,1130,-0.917732,0.686493,-1.408853,-0.004059,0.036470,7.461609,0.198757,0.259127,0.259127,0.000000,,0,1,1,0,0.030128,-0.182281,0.6667
0,1131,-0.914883,0.662862,-1.381113,-0.004209,0.064210,7.485410,0.198049,0.374486,0.374486,0.000000,,0,1,1,0,-0.034027,0.243816,0.7292
0,1132,-0.912085,0.643265,-1.358276,-0.003901,0.087047,7.505203,0.197872,0.367518,0.367518,0.000000,,0,1,1,0,-0.013740,0.109955,0.7500
0,1133,-0.908129,0.619879,-1.330023,-0.003761,-0.010464,7.528483,0.197548,0.386326,0.386326,0.000000,,0,1,1,0,-0.012152,0.101985,0.7500
0,1134,-0.904167,0.600506,-1.309641,-0.004746,0.009917,7.548232,0.197711,0.335574,0.335574,0.000000,,0,1,1,0,-0.012043,0.103200,0.7292
0,1135,-0.898975,0.577411,-1.280814,-0.005463,0.038744,7.571893,0.197092,0.409523,0.409523,0.000000,,0,1,1,0,-0.011485,0.096675,0.7292
0,1136,-0.892986,0.554503,-1.255319,-0.005363,0.064239,7.595570,0.197297,0.362269,0.362269,0.000000,,0,1,1,0,-0.015510,0.130680,0.7292
0,1137,-0.887418,0.535548,-1.236877,-0.004687,0.082682,7.615315,0.197554,0.319187,0.319187,0.000000,,0,1,1,0,-0.012868,0.114323,0.6667
0,1138,-0.880312,0.512973,-1.211966,-0.003422,0.107592,7.637734,0.197159,0.368756,0.368756,0.000000,,0,1,1,0,-0.028922,0.213833,0.6875
0,1139,-0.873996,0.494329,-1.188811,-0.004514,0.004958,7.658176,0.196794,0.417677,0.417677,0.000000,,0,1,1,0,-0.049885,0.303740,0.6667
0,1140,-0.865599,0.472152,-1.168569,-0.004844,0.025200,7.681887,0.197678,0.299682,0.299682,0.000000,,0,1,1,0,0.030938,-0.187561,0.6458
0,1141,-0.858274,0.453821,-1.149779,-0.004759,0.043990,7.701626,0.197351,0.348331,0.348331,0.000000,,0,1,1,0,0.029283,-0.185137,0.6667
0,1142,-0.849072,0.432049,-1.123021,-0.004191,0.070747,7.725257,0.196919,0.420134,0.420134,0.000000,,0,1,1,0,-0.014528,0.107977,0.7083
0,1143,-0.840977,0.414130,-1.097808,-0.003238,0.095960,7.744896,0.196627,0.481813,0.481813,0.000000,,0,1,1,0,-0.013425,0.104747,0.7292
0,1144,-0.830488,0.392900,-1.073598,-0.003158,-0.005313,7.768213,0.197434,0.385048,0.385048,0.000000,,0,1,1,0,-0.011763,0.100434,0.7500
0,1145,-0.819458,0.371961,-1.046543,-0.003578,0.021743,7.791876,0.197279,0.444622,0.444622,0.000000,,0,1,1,0,-0.024801,0.201609,0.7917
0,1146,-0.809778,0.354760,-1.023971,-0.003380,0.044314,7.811612,0.197483,0.449513,0.449513,0.000000,,0,1,1,0,-0.024327,0.202743,0.7292
0,1147,-0.797549,0.334415,-0.999389,-0.002463,0.068896,7.835332,0.197958,0.412303,0.412303,0.000000,,0,1,1,0,-0.012534,0.119281,0.7083
0,1148,-0.786904,0.317694,-0.980840,-0.001189,0.087445,7.855114,0.198333,0.378462,0.378462,0.000000,,0,1,1,0,-0.025076,0.196070,0.6875
0,1149,-0.773671,0.297913,-0.956601,-0.000294,-0.014054,7.878860,0.198474,0.422379,0.422379,0.000000,,0,1,1,0,-0.039613,0.267372,0.6667
0,1150,-0.762220,0.281687,-0.935981,-0.000581,0.006565,7.898717,0.198744,0.436656,0.436656,0.000000,,0,1,1,0,-0.036164,0.251163,0.6875
0,1151,-0.747966,0.262523,-0.913550,-0.000329,0.028997,7.922599,0.199198,0.399410,0.399410,0.000000,,0,1,1,0,0.034136,-0.193919,0.6667
0,1152,-0.735697,0.246815,-0.892880,0.000351,0.049666,7.942519,0.199475,0.453996,0.453996,0.000000,,0,1,1,0,-0.020798,0.174512,0.7500
0,1153,-0.720450,0.228322,-0.866348,0.001800,0.076198,7.966444,0.200014,0.492315,0.492315,0.000000,,0,1,1,0,-0.017961,0.161020,0.7917
0,1154,-0.704666,0.210169,-0.839384,0.003220,-0.022821,7.990852,0.200846,0.495227,0.495227,0.000000,,0,1,1,0,-0.011249,0.124964,0.8125
0,1155,-0.688405,0.192356,-0.813069,0.002888,0.003495,8.014969,0.200813,0.469087,0.469087,0.000000,,0,1,1,0,-0.008053,0.108638,0.7708
0,1156,-0.674512,0.177907,-0.792560,0.003130,0.024004,8.035012,0.200208,0.427487,0.427487,0.000000,,0,1,1,0,-0.001213,0.067153,0.7708
0,1157,-0.657474,0.161031,-0.766342,0.004006,0.050222,8.058976,0.199519,0.455225,0.455225,0.000000,,0,1,1,0,0.002744,0.042147,0.7500
0,1158,-0.643028,0.147291,-0.748518,0.005137,0.068046,8.078881,0.199196,0.371587,0.371587,0.000000,,0,1,1,0,0.007308,0.014144,0.6875
0,1159,-0.625399,0.131154,-0.726243,0.006949,0.090320,8.101202,0.199386,0.402217,0.402217,0.000000,,0,1,1,0,0.017487,-0.039801,0.6875
0,1160,-0.607293,0.115450,-0.699927,0.006132,-0.008912,8.127538,0.200037,0.490648,0.490648,0.000000,,0,1,1,0,0.023901,-0.088817,0.6875
0,1161,-0.591888,0.102666,-0.683206,0.006092,0.007810,8.147556,0.200307,0.365796,0.365796,0.000000,,0,1,1,0,0.024747,-0.100901,0.7500
0,1162,-0.573108,0.087617,-0.660656,0.006454,0.030359,8.171619,0.200743,0.413468,0.413468,0.000000,,0,1,1,0,0.015882,-0.046105,0.7292
0,1163,-0.557172,0.075377,-0.636284,0.007171,0.054732,8.191700,0.201465,0.530472,0.530472,0.000000,,0,1,1,0,0.022160,-0.095491,0.7708
0,1164,-0.537649,0.061032,-0.604581,0.008551,0.086434,8.215888,0.202194,0.558719,0.558719,0.000000,,0,1,1,0,0.027192,-0.132883,0.8125
0,1165,-0.521115,0.049572,-0.591148,0.007803,-0.025621,8.237069,0.201139,0.259990,0.259990,0.000000,C-06,0,1,1,0,0.032009,-0.161035,0.7917
0,1166,-0.501007,0.036119,-0.562693,0.007207,0.002834,8.261255,0.202636,0.499174,0.499174,0.000000,C-06,0,1,1,0,0.032720,-0.176074,0.7500
0,1167,-0.483960,0.025121,-0.537510,0.007046,0.028018,8.281541,0.203034,0.506447,0.506447,0.000000,,0,1,1,0,0.036497,-0.204664,0.7500
0,1168,-0.463192,0.012475,-0.512253,0.007484,0.053275,8.305852,0.202729,0.413544,0.413544,0.000000,,0,1,1,0,0.038307,-0.217878,0.7083
0,1169,-0.442144,0.000340,-0.490081,0.008505,0.075446,8.330126,0.202519,0.356733,0.356733,0.000000,,0,1,1,0,0.053811,-0.297084,0.6458
0,1170,-0.424391,-0.009503,-0.466325,0.007444,-0.026565,8.351458,0.203491,0.462533,0.462533,0.000000,,0,1,1,0,0.058213,-0.336145,0.7292
0,1171,-0.402783,-0.021008,-0.433531,0.006249,0.006229,8.375910,0.204172,0.516084,0.516084,0.000000,,0,1,1,0,0.057940,-0.345006,0.7292
0,1172,-0.384533,-0.030062,-0.408938,0.005842,0.030822,8.396278,0.203753,0.450688,0.450688,0.000000,,0,1,1,0,0.055413,-0.337911,0.7708
0,1173,-0.362356,-0.040516,-0.374970,0.005841,0.064790,8.420795,0.204465,0.515679,0.515679,0.000000,,0,1,1,0,0.051342,-0.322650,0.8125
0,1174,-0.343647,-0.048727,-0.347097,0.006391,0.092663,8.441220,0.204332,0.494995,0.494995,0.000000,,0,1,1,0,0.048669,-0.312461,0.8542
0,1175,-0.320940,-0.058043,-0.311561,0.005444,0.002937,8.466558,0.204552,0.518035,0.518035,0.000000,,0,1,1,0,0.047246,-0.304073,0.8542
0,1176,-0.301824,-0.065144,-0.285002,0.004602,0.029496,8.486933,0.203869,0.451133,0.451133,0.000000,,0,1,1,0,0.046299,-0.297932,0.8333
0,1177,-0.278687,-0.073093,-0.252287,0.004197,0.062211,8.511394,0.203820,0.458570,0.458570,0.000000,,0,1,1,0,0.042988,-0.275443,0.8125
0,1178,-0.255373,-0.080053,-0.227042,0.004787,0.087456,8.535717,0.202646,0.340395,0.340395,0.000000,,0,1,1,0,0.039071,-0.251599,0.7708
0,1179,-0.235826,-0.085569,-0.198110,0.005586,0.116388,8.556012,0.203630,0.479984,0.479984,0.000000,,0,1,1,0,0.036819,-0.241767,0.7500
0,1180,-0.212206,-0.091990,-0.156646,0.004720,0.044898,8.581186,0.203911,0.551176,0.551176,0.000000,,0,1,1,0,0.033402,-0.220300,0.7917
0,1181,-0.192406,-0.096541,-0.125232,0.003955,0.076312,8.601488,0.202985,0.483398,0.483398,0.000000,,0,1,1,0,0.028492,-0.181062,0.7917
0,1182,-0.168577,-0.099956,-0.115481,0.005060,0.086063,8.625535,0.200477,0.103075,0.103075,0.000000,C-06,0,1,1,0,0.024486,-0.144684,0.7708
0,1183,-0.148717,-0.102316,-0.121617,0.006459,0.079927,8.645486,0.199917,-0.101942,-0.101942,0.000000,C-06,0,1,1,0,0.020415,-0.118665,0.7083
0,1184,-0.124874,-0.105232,-0.105154,0.008056,0.096390,8.669453,0.200363,0.234629,0.234629,0.000000,C-06,0,1,1,0,0.017548,-0.121583,0.7292
0,1185,-0.104970,-0.107668,-0.089911,0.008200,0.023498,8.690553,0.200661,0.229627,0.229627,0.000000,,0,1,1,0,0.015341,-0.110565,0.6667
0,1186,-0.081053,-0.110435,-0.076372,0.006977,0.037038,8.714598,0.200604,0.166829,0.166829,0.000000,,0,1,1,0,0.014835,-0.099869,0.6667
0,1187,-0.057118,-0.112459,-0.072066,0.006497,0.041344,8.738613,0.200142,0.047192,0.047192,0.000000,,0,1,1,0,0.011991,-0.077584,0.6875
0,1188,-0.037167,-0.114081,-0.067196,0.006162,0.046214,8.758628,0.200203,0.073684,0.073684,0.000000,,0,1,1,0,0.010559,-0.072972,0.7292
0,1189,-0.013218,-0.115904,-0.062617,0.005883,0.050793,8.782645,0.200150,0.055394,0.055394,0.000000,,0,1,1,0,0.009283,-0.069170,0.7500
0,1190,0.006745,-0.117334,-0.058945,0.005076,-0.008300,0.010641,0.200138,0.053947,0.053947,0.000000,,0,1,1,0,0.007874,-0.063900,0.7917
0,1191,0.030706,-0.118893,-0.055815,0.003540,-0.005171,0.034603,0.200089,0.037470,0.037470,0.000000,,0,1,1,0,0.006858,-0.061870,0.7917
0,1192,0.050676,-0.120132,-0.053287,0.002321,-0.002643,0.054574,0.200085,0.037032,0.037032,0.000000,,0,1,1,0,0.005181,-0.057000,0.7292
0,1193,0.074646,-0.121585,-0.046160,0.000890,0.004485,0.078545,0.200151,0.089592,0.089592,0.000000,,0,1,1,0,0.004202,-0.055543,0.7292
0,1194,0.094628,-0.122797,-0.038362,-0.000302,0.012282,0.098529,0.200216,0.114860,0.114860,0.000000,,0,1,1,0,0.003258,-0.050074,0.6667
0,1195,0.118617,-0.124250,-0.022741,-0.001750,-0.009679,0.122517,0.200311,0.192158,0.192158,0.000000,,0,1,1,0,0.002319,-0.041305,0.6667
0,1196,0.142610,-0.124877,-0.025105,-0.002377,-0.012042,0.146510,0.199997,-0.040755,-0.040755,0.000000,C-06,0,1,1,0,0.001790,-0.024265,0.7083
0,1197,0.162603,-0.125362,-0.026663,-0.002862,-0.013601,0.166503,0.199988,-0.021236,-0.021236,0.000000,,0,1,1,0,0.000870,-0.022299,0.7500
0,1198,0.186595,-0.125956,-0.025846,-0.003456,-0.012784,0.190495,0.199994,0.011735,0.011735,0.000000,,0,1,1,0,0.000714,-0.027119,0.7500
0,1199,0.206589,-0.126452,-0.024380,-0.003952,-0.024187,0.210489,0.200002,0.021776,0.021776,0.000000,,0,1,1,0,0.000198,-0.027280,0.7917
0,1200,0.230582,-0.127046,-0.024534,-0.004546,-0.024341,0.234482,0.200001,-0.002878,-0.002878,0.000000,,0,1,1,0,-0.000147,-0.026344,0.7917
