WARNING: All log messages before absl::InitializeLog() is called are written to STDERR
E0000 00:00:1783163004.862806  187620 descriptor_database.cc:633] File already exists in database: grpc/health/v1/health.proto
W0000 00:00:1783163004.862833  187620 message.cc:301] Protobuf GeneratedMessageFactory: File is already registered: grpc/health/v1/health.proto
2026-07-04T11:03:24Z [Info] [carb] Logging to file: /home/samuel/isaacsim/kit/logs/Kit/Isaac-Sim Python/6.0/kit_20260704_130324.log
[0.028s] [ext: omni.assets.plugins-0.0.0] startup
[0.028s] [ext: omni.blobkey-1.1.2] startup
[0.028s] [ext: omni.kit.async_engine-0.0.3] startup
[0.259s] [ext: omni.client.lib-1.1.1] startup
[0.266s] [ext: omni.client-1.3.0] startup
[0.268s] [ext: omni.protobuf.lib-1.0.0] startup
[0.269s] [ext: omni.grpc.lib-1.0.0] startup
[0.271s] [ext: omni.metrics.core-0.0.3] startup
[0.271s] [ext: omni.datastore-0.0.0] startup
[0.272s] [ext: omni.gpu_foundation.shadercache.vulkan-1.0.0] startup
[0.274s] [ext: omni.hsscclient-1.1.4] startup
[0.275s] [ext: omni.stats-1.0.1] startup
[0.275s] [ext: omni.ujitso.default-1.0.0] startup
[0.277s] [ext: omni.gpu_foundation-0.0.0] startup
[0.401s] [ext: carb.windowing.plugins-1.0.1] startup
[0.402s] [ext: omni.kit.renderer.init-1.0.1] startup
2026-07-04T11:03:25Z [848ms] [Warning] [omni.rtx] Skipping unsupported non-NVIDIA GPU: AMD Ryzen 5 9600X 6-Core Processor (RADV RAPHAEL_MENDOCINO)
2026-07-04T11:03:25Z [848ms] [Warning] [omni.rtx] Skipping unsupported non-NVIDIA GPU: AMD Ryzen 5 9600X 6-Core Processor (RADV RAPHAEL_MENDOCINO)

|---------------------------------------------------------------------------------------------|
| Driver Version: 595.71.05     | Graphics API: Vulkan
|=============================================================================================|
| GPU | Name                             | Active | LDA | GPU Memory | Vendor-ID | LUID       |
|     |                                  |        |     |            | Device-ID | UUID       |
|     |                                  |        |     |            | Bus-ID    |            |
|---------------------------------------------------------------------------------------------|
| 0   | NVIDIA GeForce RTX 5060          | Yes: 0 |     | 8151    MB | 10de      | 0          |
|     |                                  |        |     |            | 2d05      | d624d9ed.. |
|     |                                  |        |     |            | 1         |            |
|---------------------------------------------------------------------------------------------|
| 1   | AMD Ryzen 5 9600X 6-Core Proce.. |        |     | 10739   MB | 1002      | 0          |
|     |                                  |        |     |            | 13c0      | 00000000.. |
|     |                                  |        |     |            | 11        |            |
|=============================================================================================|
| OS: 24.04.4 LTS (Noble Numbat) ubuntu, Version: 24.04.4, Kernel: 6.17.0-35-generic
| XServer Vendor: The X.Org Foundation, XServer Version: 12101011 (1.21.1.11)
| Processor: AMD Ryzen 5 9600X 6-Core Processor
| Cores: 6 | Logical Cores: 12
|---------------------------------------------------------------------------------------------|
| Total Memory (MB): 31195 | Free Memory: 24743
| Total Page/Swap (MB): 488 | Free Page/Swap: 0
|---------------------------------------------------------------------------------------------|
2026-07-04T11:03:25Z [1,015ms] [Warning] [omni.rtx] PCIe link width current (8) and maximum (16) for device 0 don't match.
2026-07-04T11:03:25Z [1,015ms] [Warning] [omni.rtx] IOMMU is enabled.
[1.076s] [ext: omni.kit.pipapi-0.0.0] startup
[1.077s] [ext: omni.kit.pip_archive-0.0.0] startup
[1.077s] [ext: isaacsim.pip.newton-0.6.0] startup
[1.077s] [ext: omni.pip.compute-1.9.0] startup
[1.078s] [ext: omni.isaac.core_archive-5.3.0] startup
[1.078s] [ext: omni.kit.telemetry-0.5.2] startup
[1.096s] [ext: omni.kit.loop-isaac-1.6.0] startup
[1.097s] [ext: omni.kit.test-2.0.7] startup
[1.137s] [ext: omni.materialx.libs-1.0.9] startup
[1.142s] [ext: omni.gpucompute.plugins-0.0.0] startup
[1.142s] [ext: omni.usd.config-1.0.7] startup
[1.144s] [ext: omni.usd.libs-1.0.3] startup
[1.193s] [ext: omni.iray.libs-0.0.1] startup
[1.196s] [ext: omni.mdl-57.0.3] startup
[1.243s] [ext: omni.mdl.neuraylib-0.2.20] startup
[1.244s] [ext: omni.kit.usd.mdl-1.1.9] startup
[1.316s] [ext: omni.appwindow-1.2.2] startup
[1.318s] [ext: omni.kit.renderer.core-1.2.2] startup
[6.793s] [ext: omni.kit.renderer.capture-2.0.1] startup
[6.795s] [ext: omni.kit.renderer.imgui-2.0.6] startup
[6.827s] [ext: omni.ui-3.1.3] startup
[6.833s] [ext: omni.kit.mainwindow-1.0.3] startup
[6.833s] [ext: carb.audio-0.1.0] startup
[6.835s] [ext: omni.uiaudio-1.0.0] startup
[6.836s] [ext: omni.kit.uiapp-0.0.0] startup
[6.836s] [ext: omni.usd.schema.metrics.assembler-110.1.0] startup
[6.837s] [ext: omni.usd.schema.audio-0.0.1] startup
[6.839s] [ext: omni.usd_resolver-1.0.0] startup
[6.842s] [ext: omni.usd.core-1.8.3] startup
[6.844s] [ext: omni.metropolis.schema-0.0.3] startup
[6.844s] [ext: isaacsim.anim.robot.schema-0.1.1] startup
[6.845s] [ext: omni.usd.schema.anim-0.0.1] startup
[6.856s] [ext: omni.usd.schema.geospatial-0.0.1] startup
[6.858s] [ext: omni.usd.schema.omnigraph-1.0.1] startup
[6.861s] [ext: omni.usd.schema.semantics-0.0.0] startup
[6.863s] [ext: omni.activity.core-1.0.3] startup
[6.864s] [ext: omni.cubric-0.1.0] startup
[6.864s] [ext: omni.graph.exec-0.9.6] startup
[6.864s] [ext: omni.hydra.scene_delegate-0.3.5] startup
[6.866s] [ext: usdrt.scenegraph-7.6.3] startup
[6.882s] [ext: omni.hydra.usdrt_delegate-7.5.2] startup
[6.886s] [ext: omni.inspect-1.0.2] startup
[6.887s] [ext: omni.kit.actions.core-1.0.0] startup
[6.888s] [ext: omni.kit.audiodeviceenum-1.0.2] startup
[6.888s] [ext: omni.kit.commands-1.5.0] startup
[6.890s] [ext: omni.kit.exec.core-0.13.5] startup
[6.891s] [ext: omni.kit.usd_undo-0.1.8] startup
[6.891s] [ext: omni.kit.window.popup_dialog-2.0.25] startup
[6.894s] [ext: omni.kit.widget.nucleus_connector-2.3.1] startup
[6.895s] [ext: omni.timeline-1.1.0] startup
[6.896s] [ext: omni.usd-1.15.2] startup
[6.918s] [ext: omni.graph.core-3.1.2] startup
[6.920s] [ext: omni.kit.notification_manager-1.0.11] startup
[6.921s] [ext: isaacsim.core.deprecation_manager-0.4.2] startup
[6.922s] [ext: isaacsim.replicator.agent.schema-0.1.1] startup
[6.922s] [ext: isaacsim.robot.schema-6.3.6] startup
[6.926s] [ext: isaacsim.robot_motion.schema-0.2.0] startup
[6.926s] [ext: omni.anim.behavior.schema-110.1.0] startup
[6.929s] [ext: omni.anim.graph.schema-110.1.1] startup
[6.932s] [ext: omni.anim.navigation.schema-110.1.0] startup
[6.934s] [ext: omni.behavior.tree.schema-110.1.0] startup
[6.935s] [ext: omni.isaac.ml_archive-3.3.0] startup
[6.935s] [ext: omni.kit.asset_converter-5.1.4] startup
[6.942s] [ext: omni.pip.cloud-1.5.3] startup
[6.944s] [ext: omni.usd.schema.flow-110.0.0] startup
[6.944s] [ext: omni.usd.schema.mujoco-1.1.0] startup
[6.945s] [ext: omni.usd.schema.newton-1.2.0] startup
[6.945s] [ext: omni.usd.schema.omni_lens_distortion-1.0.0] startup
[6.945s] [ext: omni.usd.schema.omni_projectors-1.0.0] startup
[6.946s] [ext: omni.usd.schema.omni_sensors-0.0.0] startup
[6.951s] [ext: omni.usd.schema.omniscripting-1.0.1] startup
[6.953s] [ext: omni.usd.schema.physical_lighting-0.1.0] startup
[6.956s] [ext: omni.usd.schema.physx-110.1.11] startup
[6.975s] [ext: omni.usd.schema.render_settings.rtx-1.0.2] startup
[6.977s] [ext: omni.usd.schema.usd_particle_field-1.0.0] startup
[6.977s] [ext: isaacsim.core.version-2.1.0] startup
[6.978s] [ext: omni.kit.menu.core-1.2.0] startup
[6.978s] [ext: omni.kit.menu.utils-2.2.3] startup
[6.983s] [ext: isaacsim.app.about-2.3.0] startup
[6.986s] [ext: isaacsim.asset.transformer-1.2.3] startup
[6.988s] [ext: omni.scene.optimizer.core-110.1.0] startup
[7.017s] [ext: isaacsim.asset.importer.utils-1.8.0] startup
[7.019s] [ext: omni.convexdecomposition-110.1.11] startup
[7.020s] [ext: omni.physics-110.1.11] startup
[7.022s] [ext: omni.physx.gpu-110.1.11] startup
[7.022s] [ext: omni.physx.foundation-110.1.11] startup
[7.023s] [ext: omni.usdphysics-110.1.11] startup
[7.024s] [ext: omni.physx.cooking-110.1.11] startup
[7.026s] [ext: omni.physx-110.1.11] startup
[7.031s] [ext: omni.physics.physx-110.1.11] startup
[7.033s] [ext: isaacsim.asset.exporter.urdf-2.0.3] startup
[7.038s] [ext: omni.kit.clipboard-1.1.1] startup
[7.038s] [ext: omni.kit.usd.layers-2.6.1] startup
[7.043s] [ext: omni.kit.widget.context_menu-1.4.0] startup
[7.044s] [ext: omni.kit.context_menu-1.9.0] startup
[7.045s] [ext: omni.kit.helper.file_utils-0.1.10] startup
[7.046s] [ext: omni.kit.widget.nucleus_info-2.0.2] startup
[7.046s] [ext: omni.kit.search_core-1.0.8] startup
[7.046s] [ext: omni.kit.widget.path_field-2.0.13] startup
[7.047s] [ext: omni.kit.widget.browser_bar-2.0.10] startup
[7.047s] [ext: omni.kit.widget.filebrowser-2.13.4] startup
[7.050s] [ext: omni.kit.widget.options_menu-1.1.6] startup
[7.052s] [ext: omni.kit.widget.options_button-1.0.3] startup
[7.052s] [ext: omni.kit.widget.search_delegate-1.0.9] startup
[7.053s] [ext: omni.ui.scene-2.0.1] startup
[7.055s] [ext: omni.kit.window.filepicker-2.15.5] startup
[7.063s] [ext: omni.kit.window.file_importer-1.1.21] startup
[7.064s] [ext: omni.kit.material.library-3.1.2] startup
[7.067s] [ext: isaacsim.asset.transformer.rules-1.7.8] startup
[7.074s] [ext: omni.usdex.libs-2.2.2] startup
[7.079s] [ext: isaacsim.asset.importer.mjcf-3.10.0] startup
[7.081s] [ext: isaacsim.asset.importer.urdf-3.11.0] startup
[7.083s] [ext: omni.kit.primitive.mesh-1.1.0] startup
[7.085s] [ext: omni.kit.stage_template.core-1.1.22] startup
[7.085s] [ext: omni.kit.stage_templates-2.0.2] startup
[7.086s] [ext: omni.usd.metrics.assembler-110.1.2] startup
[7.088s] [ext: omni.warp.core-1.13.0] startup
[7.228s] [ext: isaacsim.core.experimental.utils-0.17.1] startup
[7.229s] [ext: omni.physics.stageupdate-110.1.11] startup
[7.230s] [ext: omni.physics.tensors-110.1.11] startup
[7.233s] [ext: omni.physx.tensors-110.1.11] startup
[7.235s] [ext: isaacsim.core.simulation_manager-1.15.4] startup
2026-07-04T11:03:31Z [7,236ms] [Warning] [isaacsim.core.simulation_manager.plugin] USD stage is not available; stage-opened subscription is deferred
2026-07-04T11:03:31Z [7,236ms] [Warning] [isaacsim.core.simulation_manager.plugin] USD stage is not available; stage-opened subscription is deferred
[7.245s] [ext: isaacsim.storage.native-1.9.2] startup
[7.246s] [ext: omni.usd.metrics.assembler.physics-110.1.11] startup
[7.247s] [ext: isaacsim.core.utils-4.1.6] startup
[7.248s] [ext: isaacsim.core.prims-0.11.6] startup
[8.021s] [ext: isaacsim.core.api-5.2.12] startup
[8.026s] [ext: isaacsim.core.cloner-1.7.2] startup
[8.027s] [ext: isaacsim.test.docstring-1.3.1] startup
[8.030s] [ext: isaacsim.core.experimental.prims-1.8.8] startup
[8.047s] [ext: isaacsim.core.experimental.primdata-0.3.2] startup
[8.048s] [ext: omni.graph.tools-1.81.0] startup
[8.063s] [ext: omni.graph-1.142.5] startup
[8.088s] [ext: isaacsim.core.experimental.actuators-0.1.0] startup
[9.630s] [ext: isaacsim.core.experimental.materials-0.7.0] startup
[9.633s] [ext: isaacsim.core.experimental.objects-0.8.0] startup
[9.676s] [ext: omni.hydra.engine.stats-1.0.5] startup
[9.678s] [ext: omni.hydra.rtx.shadercache.vulkan-1.0.0] startup
[9.679s] [ext: omni.index.libs-387500.3473.0] startup
[9.679s] [ext: omni.index-1.0.1] startup
[9.679s] [ext: omni.ujitso.client-0.0.0] startup
[9.679s] [ext: omni.usd.schema.playback-1.0.0] startup
[9.682s] [ext: omni.volume-0.5.2] startup
[9.685s] [ext: omni.hydra.rtx-1.0.3] startup
2026-07-04T11:03:34Z [9,685ms] [Warning] [omni.log] Source: omni.hydra was already registered.
[9.704s] [ext: omni.kit.hydra_texture-1.6.0] startup
[9.706s] [ext: omni.kit.raycast.query-1.2.0] startup
[9.709s] [ext: omni.kit.viewport.legacy_gizmos-1.0.24] startup
[9.711s] [ext: omni.kit.viewport.registry-104.0.6] startup
[9.712s] [ext: omni.kit.viewport.scene_camera_model-1.0.7] startup
[9.714s] [ext: omni.kit.widget.viewport-109.2.0] startup
[9.717s] [ext: omni.kit.window.drop_support-1.0.8] startup
[9.717s] [ext: omni.kit.viewport.window-109.0.2] startup
[9.729s] [ext: omni.kit.viewport.utility-2.0.1] startup
[9.730s] [ext: isaacsim.core.rendering_manager-0.4.2] startup
[9.745s] [ext: omni.graph.action_core-1.1.9] startup
[9.747s] [ext: omni.graph.action_nodes_core-2.10.2] startup
[9.748s] [ext: omni.graph.action_nodes-2.10.3] startup
[9.762s] [ext: omni.graph.action-2.10.2] startup
[9.763s] [ext: omni.graph.image.core-0.6.1] startup
[9.764s] [ext: omni.graph.image.nodes-1.3.1] startup
[9.764s] [ext: omni.graph.nodes_core-2.10.3] startup
[9.768s] [ext: omni.graph.nodes-2.11.1] startup
[9.772s] [ext: omni.kit.hotkeys.core-1.3.12] startup
[9.772s] [ext: omni.kit.property.adapter.core-1.1.1] startup
[9.774s] [ext: omni.kit.property.adapter.usd-1.0.5] startup
[9.775s] [ext: omni.kit.widget.filter-1.1.5] startup
[9.776s] [ext: omni.kit.widget.highlight_label-1.0.3] startup
[9.776s] [ext: omni.kit.widget.searchfield-1.1.8] startup
[9.777s] [ext: omni.kit.window.file_exporter-1.0.36] startup
[9.778s] [ext: omni.kit.widget.stage-4.3.0] startup
[9.784s] [ext: omni.kit.window.content_browser_registry-0.0.6] startup
[9.785s] [ext: omni.kit.window.file-2.0.10] startup
[9.787s] [ext: omni.kit.window.content_browser-3.1.8] startup
[9.793s] [ext: omni.kit.window.property-1.15.1] startup
[9.801s] [ext: omni.kit.property.usd-4.8.1] startup
[9.807s] [ext: omni.graph.scriptnode-2.10.2] startup
[9.813s] [ext: omni.kit.widget.searchable_combobox-1.0.7] startup
[9.814s] [ext: omni.kit.widget.settings-2.0.0] startup
[9.815s] [ext: omni.kit.window.preferences-1.8.3] startup
[9.819s] [ext: omni.kit.viewport.menubar.core-107.2.2] startup
[9.826s] [ext: omni.syntheticdata-0.6.15] startup
[9.845s] [ext: omni.replicator.nv-1.1.1] startup
[9.849s] [ext: omni.videoencoding-0.2.1] startup
[9.850s] [ext: omni.replicator.core-1.13.25] startup
2026-07-04T11:03:34Z [9,847ms] [Warning] [pxr.Semantics] pxr.Semantics is deprecated - please use Semantics instead
2026-07-04T11:03:34Z [9,900ms] [Warning] [omni.replicator.core.scripts.extension] No material configuration file, adding configuration to material settings directly.
[10.009s] [ext: isaacsim.core.nodes-5.10.4] startup
[10.030s] [ext: isaacsim.core.throttling-2.3.3] startup
[10.031s] [ext: omni.kit.manipulator.viewport-107.0.1] startup
[10.032s] [ext: omni.graph.visualization.nodes-2.1.4] startup
[10.041s] [ext: omni.kit.window.extensions-1.5.7] startup
[10.045s] [ext: isaacsim.gui.components-1.8.4] startup
[10.048s] [ext: isaacsim.robot.surface_gripper-3.6.1] startup
[10.056s] [ext: isaacsim.robot.manipulators-3.4.4] startup
[10.063s] [ext: isaacsim.robot_motion.lula-4.1.2] startup
[10.067s] [ext: isaacsim.robot_motion.motion_generation-8.2.8] startup
[10.072s] [ext: isaacsim.cortex.framework-1.0.17] startup
[10.073s] [ext: isaacsim.cortex.behaviors-2.0.16] startup
[10.074s] [ext: isaacsim.examples.base-1.3.1] startup
[10.075s] [ext: omni.kit.widget.zoombar-1.0.7] startup
[10.076s] [ext: omni.kit.browser.core-2.3.18] startup
[10.078s] [ext: omni.kit.browser.folder.core-2.0.2] startup
[10.081s] [ext: omni.kit.widget.stage_icons-1.0.8] startup
[10.082s] [ext: omni.kit.window.stage-2.6.1] startup
[10.084s] [ext: omni.kit.menu.stage-1.2.7] startup
[10.085s] [ext: omni.kit.usd.collect-3.0.5] startup
[10.087s] [ext: omni.kit.widget.prompt-1.0.7] startup
[10.088s] [ext: omni.kit.tool.collect-2.2.19] startup
[10.089s] [ext: isaacsim.examples.browser-0.3.1] startup
[10.091s] [ext: omni.kit.search.files-1.0.4] startup
[10.092s] [ext: omni.kit.widget.calendar-1.0.9] startup
[10.093s] [ext: omni.kit.widget.extended_searchfield-1.0.31] startup
[10.099s] [ext: omni.simready.content.browser-0.3.7] startup
[10.172s] [ext: isaacsim.gui.content_browser-0.4.2] startup
[10.174s] [ext: omni.kit.selection-0.1.6] startup
[10.175s] [ext: isaacsim.gui.menu-2.10.5] startup
[10.180s] [ext: isaacsim.gui.property-1.6.2] startup
[10.185s] [ext: omni.kit.viewport.actions-107.0.2] startup
[10.188s] [ext: omni.kit.viewport.menubar.display-107.1.3] startup
[10.189s] [ext: isaacsim.gui.sensors.icon-2.2.0] startup
[10.191s] [ext: omni.behavior.scripting.core-110.1.0] startup
[10.193s] [ext: isaacsim.replicator.behavior-1.5.3] startup
[10.194s] [ext: isaacsim.replicator.experimental.domain_randomization-1.2.4] startup
[10.205s] [ext: isaacsim.replicator.domain_randomization-1.2.1] startup
[10.260s] [ext: isaacsim.replicator.writers-1.5.3] startup
[10.277s] [ext: isaacsim.robot.experimental.wheeled_robots-0.2.9] startup
[10.292s] [ext: isaacsim.robot.policy.examples-5.2.11] startup
[10.306s] [ext: isaacsim.robot.wheeled_robots-5.2.3] startup
[10.309s] [ext: isaacsim.robot.wheeled_robots.nodes-0.1.2] startup
[10.322s] [ext: isaacsim.robot_motion.experimental.motion_generation-6.1.2] startup
[10.330s] [ext: isaacsim.robot_motion.cumotion-1.3.0] startup
[10.339s] [ext: omni.kit.numpy.common-0.1.3] startup
[10.340s] [ext: isaacsim.sensors.camera-1.7.8] startup
[10.361s] [ext: isaacsim.sensors.experimental.physics-3.0.1] startup
[10.366s] [ext: omni.sensors.net-1.0.1] startup
[10.368s] [ext: omni.sensors.nv.common-3.0.0] startup
[10.376s] [ext: omni.sensors.nv.materials-2.0.0] startup
[10.378s] [ext: omni.sensors.nv.acoustic-3.0.0] startup
[10.380s] [ext: omni.sensors.nv.ids-2.0.1] startup
[10.381s] [ext: omni.sensors.nv.lidar-3.0.0] startup
[10.383s] [ext: omni.sensors.nv.radar-3.0.0] startup
[10.385s] [ext: isaacsim.sensors.experimental.rtx-1.4.3] startup
[10.607s] [ext: isaacsim.sensors.physics.nodes-1.5.2] startup
[10.612s] [ext: isaacsim.util.debug_draw-3.2.2] startup
[10.616s] [ext: isaacsim.sensors.physx-2.5.4] startup
[10.621s] [ext: isaacsim.sensors.rtx-15.17.0] startup
[10.629s] [ext: isaacsim.simulation_app-2.18.3] startup
[10.629s] [ext: omni.anim.curve.core-1.6.0] startup
[10.636s] [ext: omni.graph.ui_nodes-2.10.5] startup
[10.653s] [ext: omni.hydra.scene_api-0.1.3] startup
[10.656s] [ext: omni.kit.manipulator.camera-110.0.0] startup
[10.659s] [ext: omni.kit.manipulator.selector-1.1.4] startup
[10.660s] [ext: omni.kit.manipulator.transform-107.0.0] startup
[10.663s] [ext: omni.kit.widget.toolbar-2.1.0] startup
[10.667s] [ext: omni.kit.manipulator.tool.snap-1.5.14] startup
[10.669s] [ext: omni.kit.viewport.manipulator.transform-107.0.4] startup
[10.671s] [ext: omni.kit.manipulator.prim.core-108.0.2] startup
[10.675s] [ext: omni.kit.manipulator.prim.usd-107.0.3] startup
[10.676s] [ext: omni.kit.manipulator.prim-108.0.0] startup
[10.676s] [ext: omni.kit.manipulator.selection-109.0.1] startup
[10.676s] [ext: omni.kit.menu.create-2.0.2] startup
[10.678s] [ext: omni.kit.property.audio-1.0.16] startup
[10.680s] [ext: omni.kit.property.camera-1.0.14] startup
[10.681s] [ext: omni.kit.property.geometry-2.1.2] startup
[10.683s] [ext: omni.kit.property.light-1.0.14] startup
2026-07-04T11:03:35Z [10,692ms] [Warning] [omni.usd] Encountered USD Warnings but USD Diagnostics are currently muted. To view USD Warnings, please set the '/persistent/app/usd/muteUsdDiagnostics' setting to false in Preferences page.
[10.706s] [ext: omni.kit.property.material-1.14.2] startup
[10.710s] [ext: omni.kit.property.render-1.2.2] startup
[10.711s] [ext: omni.kit.property.transform-1.6.9] startup
[10.713s] [ext: omni.kit.property.bundle-1.5.1] startup
[10.714s] [ext: omni.kit.usdz_export-1.1.0] startup
[10.716s] [ext: omni.kit.tool.asset_importer-5.2.0] startup
[10.720s] [ext: omni.kit.ui.actions-1.0.5] startup
[10.722s] [ext: omni.kit.viewport.menubar.camera-107.0.10] startup
[10.725s] [ext: omni.kit.viewport.menubar.lighting-107.3.2] startup
[10.727s] [ext: omni.kit.viewport.menubar.render-107.0.10] startup
[10.728s] [ext: omni.kit.viewport.menubar.settings-110.0.1] startup
[10.731s] [ext: omni.kit.window.console-1.1.8] startup
[10.733s] [ext: omni.kit.window.status_bar-0.1.11] startup
[10.735s] [ext: omni.kit.window.toolbar-3.0.3] startup
[10.736s] [ext: omni.ocio-0.1.1] startup
[10.737s] [ext: omni.physx.commands-110.1.11] startup
[10.742s] [ext: omni.replicator.replicator_yaml-2.0.12] startup
[10.749s] [ext: omni.rtx.window.settings-0.8.0] startup
[10.753s] [ext: omni.rtx.settings.core-0.7.0] startup
[10.754s] [ext: omni.usd.metrics.assembler.ui-110.1.1] startup
[10.759s] [ext: semantics.schema.editor-2.0.2] startup
[10.761s] [ext: semantics.schema.property-2.0.1] startup
[10.762s] [ext: omni.kit.menu.common-2.0.2] startup
[10.763s] [ext: isaacsim.exp.base-6.0.0] startup
[10.763s] [ext: isaacsim.exp.base.python-6.0.0] startup
[10.764s] Simulation App Starting
[11.521s] Simulation App Startup Complete
[11.527s] app ready
Starting kit application with the following args:  ['/home/samuel/isaacsim/exts/isaacsim.simulation_app/isaacsim/simulation_app/simulation_app.py', '/home/samuel/isaacsim/apps/isaacsim.exp.base.python.kit', '--/app/tokens/exe-path=/home/samuel/isaacsim/kit', '--/persistent/app/viewport/displayOptions=3094', '--/rtx/materialDb/syncLoads=True', '--/rtx/hydra/materialSyncLoads=True', '--/omni.kit.plugin/syncUsdLoads=True', '--/app/renderer/resolution/width=1280', '--/app/renderer/resolution/height=720', '--/app/window/width=1440', '--/app/window/height=900', '--/renderer/multiGpu/enabled=True', '--/app/fastShutdown=True', '--/app/installSignalHandlers=0', '--ext-folder', '/home/samuel/isaacsim/exts', '--ext-folder', '/home/samuel/isaacsim/apps', '--/physics/cudaDevice=0', '--/plugins/carb.tasking.plugin/threadCount=12', '--/plugins/omni.tbb.globalcontrol/maxThreadCount=12', '--portable', '--no-window', '--/app/window/hideUi=1']
Passing the following args to the base kit application:  ['--train-config', 'src/cobraflex_rl/config/train_isaac_2d_stage1.yaml', '--resume-from', 'policy/checkpoints/cobraflex_ppo_isaac2d_stage1_2024_1M.zip', '--run-id', 'ppo_isaac2d_stage1b_2024_1M', '--model-path', 'policy/checkpoints/cobraflex_ppo_isaac2d_stage1b_2024_2M']
Warp 1.13.0 initialized:
   CUDA Toolkit 12.9, Driver 13.2
   Devices:
     "cpu"      : "x86_64"
     "cuda:0"   : "NVIDIA GeForce RTX 5060" (8 GiB, sm_120, mempool enabled)
   Kernel cache:
     /home/samuel/.cache/warp/1.13.0
[isaac_train] render mode: headless (headless=True)
[isaac_train] multi-track scene ['complex_b', 'complex_d', 'complex_e']: per-episode circuit sampling; --centerline-config/--road-centerline-config ignored (config-dir naming convention applies).
[scene] track 'complex_b' built as geometry (9.6x4.6 m, 2-lane, offset (+0.0, +0.0))
[scene] track 'complex_d' built as geometry (10.0x4.9 m, 2-lane, offset (+24.8, +0.0))
[scene] track 'complex_e' built as geometry (10.3x4.8 m, 2-lane, offset (+49.9, +0.0))
[scene] velocity drives on 4 wheel joints; friction 0.05 (combine=min) on 4 wheel colliders, ground 0.05
[isaac_train] articulation root /World/Cobraflex/Geometry/base_footprint/base_link; wheel dof [0, 2, 1, 3]
Wrapping the env in a VecTransposeImage.
[isaac_train] resumed PPO from policy/checkpoints/cobraflex_ppo_isaac2d_stage1_2024_1M.zip at 1000448 steps
[progress] line-by-line mode (no usable TTY); progress every 1000 steps
PPO progress: 1000449/1000000 (100%) | ep_rew_mean=181.78 | ep_len_mean=264 | episodes=100 | fps=5479124
PPO progress: 1001449/1000000 (100%) | ep_rew_mean=185.38 | ep_len_mean=270 | episodes=100 | fps=37726
---------------------------------
| rollout/           |          |
|    ep_len_mean     | 270      |
|    ep_rew_mean     | 185      |
| time/              |          |
|    fps             | 37       |
|    iterations      | 1        |
|    time_elapsed    | 27       |
|    total_timesteps | 1001472  |
---------------------------------
Early stopping at step 0 due to reaching max kl: 0.88
PPO progress: 1002449/1000000 (100%) | ep_rew_mean=176.38 | ep_len_mean=253 | episodes=100 | fps=17675
----------------------------------------
| rollout/                |            |
|    ep_len_mean          | 253        |
|    ep_rew_mean          | 176        |
| time/                   |            |
|    fps                  | 35         |
|    iterations           | 2          |
|    time_elapsed         | 58         |
|    total_timesteps      | 1002496    |
| train/                  |            |
|    approx_kl            | 0.29460725 |
|    clip_fraction        | 0.559      |
|    clip_range           | 0.2        |
|    clip_range_vf        | 0.2        |
|    entropy_loss         | 3.96       |
|    explained_variance   | 0.724      |
|    learning_rate        | 0.00015    |
|    loss                 | 0.207      |
|    n_updates            | 6888       |
|    policy_gradient_loss | 0.0542     |
|    std                  | 0.034      |
|    value_loss           | 0.337      |
----------------------------------------
Early stopping at step 0 due to reaching max kl: 0.95
PPO progress: 1003449/1000000 (100%) | ep_rew_mean=183.55 | ep_len_mean=269 | episodes=100 | fps=11854
---------------------------------------
| rollout/                |           |
|    ep_len_mean          | 269       |
|    ep_rew_mean          | 184       |
| time/                   |           |
|    fps                  | 35        |
|    iterations           | 3         |
|    time_elapsed         | 86        |
|    total_timesteps      | 1003520   |
| train/                  |           |
|    approx_kl            | 0.2869089 |
|    clip_fraction        | 0.519     |
|    clip_range           | 0.2       |
|    clip_range_vf        | 0.2       |
|    entropy_loss         | 3.96      |
|    explained_variance   | 0.977     |
|    learning_rate        | 0.00015   |
|    loss                 | 0.114     |
|    n_updates            | 6889      |
|    policy_gradient_loss | 0.0966    |
|    std                  | 0.034     |
|    value_loss           | 0.0161    |
---------------------------------------
Early stopping at step 0 due to reaching max kl: 1.78
PPO progress: 1004449/1000000 (100%) | ep_rew_mean=186.54 | ep_len_mean=275 | episodes=100 | fps=9070
----------------------------------------
| rollout/                |            |
|    ep_len_mean          | 275        |
|    ep_rew_mean          | 187        |
| time/                   |            |
|    fps                  | 36         |
|    iterations           | 4          |
|    time_elapsed         | 113        |
|    total_timesteps      | 1004544    |
| train/                  |            |
|    approx_kl            | 0.32889733 |
|    clip_fraction        | 0.523      |
|    clip_range           | 0.2        |
|    clip_range_vf        | 0.2        |
|    entropy_loss         | 3.96       |
|    explained_variance   | 0.985      |
|    learning_rate        | 0.00015    |
|    loss                 | 0.206      |
|    n_updates            | 6890       |
|    policy_gradient_loss | 0.0698     |
|    std                  | 0.0341     |
|    value_loss           | 0.015      |
----------------------------------------
Early stopping at step 0 due to reaching max kl: 0.87
PPO progress: 1005449/1000000 (101%) | ep_rew_mean=185.93 | ep_len_mean=274 | episodes=100 | fps=7212
----------------------------------------
| rollout/                |            |
|    ep_len_mean          | 274        |
|    ep_rew_mean          | 186        |
| time/                   |            |
|    fps                  | 35         |
|    iterations           | 5          |
|    time_elapsed         | 142        |
|    total_timesteps      | 1005568    |
| train/                  |            |
|    approx_kl            | 0.40527987 |
|    clip_fraction        | 0.589      |
|    clip_range           | 0.2        |
|    clip_range_vf        | 0.2        |
|    entropy_loss         | 3.95       |
|    explained_variance   | 0.978      |
|    learning_rate        | 0.000149   |
|    loss                 | 0.4        |
|    n_updates            | 6891       |
|    policy_gradient_loss | 0.101      |
|    std                  | 0.0341     |
|    value_loss           | 0.0222     |
----------------------------------------
Early stopping at step 0 due to reaching max kl: 0.79
PPO progress: 1006449/1000000 (101%) | ep_rew_mean=190.35 | ep_len_mean=281 | episodes=100 | fps=6043
----------------------------------------
| rollout/                |            |
|    ep_len_mean          | 282        |
|    ep_rew_mean          | 191        |
| time/                   |            |
|    fps                  | 36         |
|    iterations           | 6          |
|    time_elapsed         | 170        |
|    total_timesteps      | 1006592    |
| train/                  |            |
|    approx_kl            | 0.23672774 |
|    clip_fraction        | 0.497      |
|    clip_range           | 0.2        |
|    clip_range_vf        | 0.2        |
|    entropy_loss         | 3.95       |
|    explained_variance   | 0.985      |
|    learning_rate        | 0.000149   |
|    loss                 | 0.0985     |
|    n_updates            | 6892       |
|    policy_gradient_loss | 0.0539     |
|    std                  | 0.0341     |
|    value_loss           | 0.0122     |
----------------------------------------
Early stopping at step 0 due to reaching max kl: 1.01
PPO progress: 1007449/1000000 (101%) | ep_rew_mean=186.33 | ep_len_mean=273 | episodes=100 | fps=5209
----------------------------------------
| rollout/                |            |
|    ep_len_mean          | 273        |
|    ep_rew_mean          | 186        |
| time/                   |            |
|    fps                  | 36         |
|    iterations           | 7          |
|    time_elapsed         | 197        |
|    total_timesteps      | 1007616    |
| train/                  |            |
|    approx_kl            | 0.40301833 |
|    clip_fraction        | 0.558      |
|    clip_range           | 0.2        |
|    clip_range_vf        | 0.2        |
|    entropy_loss         | 3.95       |
|    explained_variance   | 0.965      |
|    learning_rate        | 0.000149   |
|    loss                 | 0.231      |
|    n_updates            | 6893       |
|    policy_gradient_loss | 0.0831     |
|    std                  | 0.0341     |
|    value_loss           | 0.0444     |
----------------------------------------
Early stopping at step 0 due to reaching max kl: 3.82
PPO progress: 1008449/1000000 (101%) | ep_rew_mean=185.61 | ep_len_mean=275 | episodes=100 | fps=4576
----------------------------------------
| rollout/                |            |
|    ep_len_mean          | 275        |
|    ep_rew_mean          | 186        |
| time/                   |            |
|    fps                  | 36         |
|    iterations           | 8          |
|    time_elapsed         | 225        |
|    total_timesteps      | 1008640    |
| train/                  |            |
|    approx_kl            | 0.47354546 |
|    clip_fraction        | 0.572      |
|    clip_range           | 0.2        |
|    clip_range_vf        | 0.2        |
|    entropy_loss         | 3.95       |
|    explained_variance   | 0.965      |
|    learning_rate        | 0.000149   |
|    loss                 | 0.505      |
|    n_updates            | 6894       |
|    policy_gradient_loss | 0.115      |
|    std                  | 0.0341     |
|    value_loss           | 0.0352     |
----------------------------------------
Early stopping at step 0 due to reaching max kl: 0.99
PPO progress: 1009449/1000000 (101%) | ep_rew_mean=170.95 | ep_len_mean=255 | episodes=100 | fps=3978
---------------------------------------
| rollout/                |           |
|    ep_len_mean          | 256       |
|    ep_rew_mean          | 169       |
| time/                   |           |
|    fps                  | 35        |
|    iterations           | 9         |
|    time_elapsed         | 259       |
|    total_timesteps      | 1009664   |
| train/                  |           |
|    approx_kl            | 0.2676616 |
|    clip_fraction        | 0.388     |
|    clip_range           | 0.2       |
|    clip_range_vf        | 0.2       |
|    entropy_loss         | 3.95      |
|    explained_variance   | 0.979     |
|    learning_rate        | 0.000149  |
|    loss                 | 0.123     |
|    n_updates            | 6895      |
|    policy_gradient_loss | 0.0361    |
|    std                  | 0.0342    |
|    value_loss           | 0.0334    |
---------------------------------------
Early stopping at step 0 due to reaching max kl: 0.95
PPO progress: 1010449/1000000 (101%) | ep_rew_mean=169.35 | ep_len_mean=257 | episodes=100 | fps=3615
----------------------------------------
| rollout/                |            |
|    ep_len_mean          | 257        |
|    ep_rew_mean          | 169        |
| time/                   |            |
|    fps                  | 35         |
|    iterations           | 10         |
|    time_elapsed         | 285        |
|    total_timesteps      | 1010688    |
| train/                  |            |
|    approx_kl            | 0.22230971 |
|    clip_fraction        | 0.479      |
|    clip_range           | 0.2        |
|    clip_range_vf        | 0.2        |
|    entropy_loss         | 3.95       |
|    explained_variance   | 0.963      |
|    learning_rate        | 0.000149   |
|    loss                 | 0.113      |
|    n_updates            | 6896       |
|    policy_gradient_loss | 0.0348     |
|    std                  | 0.0342     |
|    value_loss           | 0.0471     |
----------------------------------------
Early stopping at step 1 due to reaching max kl: 0.87
PPO progress: 1011449/1000000 (101%) | ep_rew_mean=176.92 | ep_len_mean=267 | episodes=100 | fps=3321
---------------------------------------
| rollout/                |           |
|    ep_len_mean          | 267       |
|    ep_rew_mean          | 177       |
| time/                   |           |
|    fps                  | 36        |
|    iterations           | 11        |
|    time_elapsed         | 311       |
|    total_timesteps      | 1011712   |
| train/                  |           |
|    approx_kl            | 0.8731823 |
|    clip_fraction        | 0.601     |
|    clip_range           | 0.2       |
|    clip_range_vf        | 0.2       |
|    entropy_loss         | 3.95      |
|    explained_variance   | 0.912     |
|    learning_rate        | 0.000148  |
|    loss                 | 0.0836    |
|    n_updates            | 6898      |
|    policy_gradient_loss | 0.0694    |
|    std                  | 0.0342    |
|    value_loss           | 0.0309    |
---------------------------------------
Early stopping at step 1 due to reaching max kl: 0.85
PPO progress: 1012449/1000000 (101%) | ep_rew_mean=184.04 | ep_len_mean=279 | episodes=100 | fps=3049
----------------------------------------
| rollout/                |            |
|    ep_len_mean          | 280        |
|    ep_rew_mean          | 184        |
| time/                   |            |
|    fps                  | 36         |
|    iterations           | 12         |
|    time_elapsed         | 339        |
|    total_timesteps      | 1012736    |
| train/                  |            |
|    approx_kl            | 0.65177625 |
|    clip_fraction        | 0.576      |
|    clip_range           | 0.2        |
|    clip_range_vf        | 0.2        |
|    entropy_loss         | 3.95       |
|    explained_variance   | 0.982      |
|    learning_rate        | 0.000148   |
|    loss                 | 0.064      |
|    n_updates            | 6900       |
|    policy_gradient_loss | 0.107      |
|    std                  | 0.0342     |
|    value_loss           | 0.019      |
----------------------------------------
Early stopping at step 0 due to reaching max kl: 1.15
PPO progress: 1013449/1000000 (101%) | ep_rew_mean=181.79 | ep_len_mean=274 | episodes=100 | fps=2819
---------------------------------------
| rollout/                |           |
|    ep_len_mean          | 274       |
|    ep_rew_mean          | 182       |
| time/                   |           |
|    fps                  | 36        |
|    iterations           | 13        |
|    time_elapsed         | 367       |
|    total_timesteps      | 1013760   |
| train/                  |           |
|    approx_kl            | 0.2646563 |
|    clip_fraction        | 0.529     |
|    clip_range           | 0.2       |
|    clip_range_vf        | 0.2       |
|    entropy_loss         | 3.94      |
|    explained_variance   | 0.934     |
|    learning_rate        | 0.000148  |
|    loss                 | 0.142     |
|    n_updates            | 6901      |
|    policy_gradient_loss | 0.0444    |
|    std                  | 0.0343    |
|    value_loss           | 0.119     |
---------------------------------------
Early stopping at step 0 due to reaching max kl: 1.07
PPO progress: 1014449/1000000 (101%) | ep_rew_mean=175.31 | ep_len_mean=269 | episodes=100 | fps=2626
----------------------------------------
| rollout/                |            |
|    ep_len_mean          | 269        |
|    ep_rew_mean          | 175        |
| time/                   |            |
|    fps                  | 36         |
|    iterations           | 14         |
|    time_elapsed         | 394        |
|    total_timesteps      | 1014784    |
| train/                  |            |
|    approx_kl            | 0.23781931 |
|    clip_fraction        | 0.479      |
|    clip_range           | 0.2        |
|    clip_range_vf        | 0.2        |
|    entropy_loss         | 3.94       |
|    explained_variance   | 0.856      |
|    learning_rate        | 0.000148   |
|    loss                 | 0.23       |
|    n_updates            | 6902       |
|    policy_gradient_loss | 0.0477     |
|    std                  | 0.0343     |
|    value_loss           | 0.208      |
----------------------------------------
Early stopping at step 0 due to reaching max kl: 2.52
PPO progress: 1015449/1000000 (102%) | ep_rew_mean=173.01 | ep_len_mean=272 | episodes=100 | fps=2463
----------------------------------------
| rollout/                |            |
|    ep_len_mean          | 255        |
|    ep_rew_mean          | 162        |
| time/                   |            |
|    fps                  | 36         |
|    iterations           | 15         |
|    time_elapsed         | 426        |
|    total_timesteps      | 1015808    |
| train/                  |            |
|    approx_kl            | 0.44850576 |
|    clip_fraction        | 0.527      |
|    clip_range           | 0.2        |
|    clip_range_vf        | 0.2        |
|    entropy_loss         | 3.94       |
|    explained_variance   | 0.98       |
|    learning_rate        | 0.000148   |
|    loss                 | 0.468      |
|    n_updates            | 6903       |
|    policy_gradient_loss | 0.103      |
|    std                  | 0.0343     |
|    value_loss           | 0.0291     |
----------------------------------------
Early stopping at step 0 due to reaching max kl: 1.12
PPO progress: 1016449/1000000 (102%) | ep_rew_mean=161.56 | ep_len_mean=255 | episodes=100 | fps=2288
----------------------------------------
| rollout/                |            |
|    ep_len_mean          | 244        |
|    ep_rew_mean          | 153        |
| time/                   |            |
|    fps                  | 35         |
|    iterations           | 16         |
|    time_elapsed         | 456        |
|    total_timesteps      | 1016832    |
| train/                  |            |
|    approx_kl            | 0.36712736 |
|    clip_fraction        | 0.509      |
|    clip_range           | 0.2        |
|    clip_range_vf        | 0.2        |
|    entropy_loss         | 3.94       |
|    explained_variance   | 0.844      |
|    learning_rate        | 0.000148   |
|    loss                 | 2.38       |
|    n_updates            | 6904       |
|    policy_gradient_loss | 0.323      |
|    std                  | 0.0343     |
|    value_loss           | 0.313      |
----------------------------------------
Early stopping at step 0 due to reaching max kl: 0.81
PPO progress: 1017449/1000000 (102%) | ep_rew_mean=153.48 | ep_len_mean=244 | episodes=100 | fps=2157
----------------------------------------
| rollout/                |            |
|    ep_len_mean          | 244        |
|    ep_rew_mean          | 152        |
| time/                   |            |
|    fps                  | 36         |
|    iterations           | 17         |
|    time_elapsed         | 483        |
|    total_timesteps      | 1017856    |
| train/                  |            |
|    approx_kl            | 0.21905665 |
|    clip_fraction        | 0.507      |
|    clip_range           | 0.2        |
|    clip_range_vf        | 0.2        |
|    entropy_loss         | 3.94       |
|    explained_variance   | 0.805      |
|    learning_rate        | 0.000148   |
|    loss                 | 0.417      |
|    n_updates            | 6905       |
|    policy_gradient_loss | 0.05       |
|    std                  | 0.0343     |
|    value_loss           | 0.223      |
----------------------------------------
Early stopping at step 0 due to reaching max kl: 0.84
PPO progress: 1018449/1000000 (102%) | ep_rew_mean=153.78 | ep_len_mean=247 | episodes=100 | fps=2037
---------------------------------------
| rollout/                |           |
|    ep_len_mean          | 238       |
|    ep_rew_mean          | 150       |
| time/                   |           |
|    fps                  | 35        |
|    iterations           | 18        |
|    time_elapsed         | 512       |
|    total_timesteps      | 1018880   |
| train/                  |           |
|    approx_kl            | 0.2081871 |
|    clip_fraction        | 0.496     |
|    clip_range           | 0.2       |
|    clip_range_vf        | 0.2       |
|    entropy_loss         | 3.94      |
|    explained_variance   | 0.975     |
|    learning_rate        | 0.000147  |
|    loss                 | 0.36      |
|    n_updates            | 6906      |
|    policy_gradient_loss | 0.0906    |
|    std                  | 0.0344    |
|    value_loss           | 0.0192    |
---------------------------------------
Early stopping at step 1 due to reaching max kl: 0.77
PPO progress: 1019449/1000000 (102%) | ep_rew_mean=149.70 | ep_len_mean=238 | episodes=100 | fps=1935
----------------------------------------
| rollout/                |            |
|    ep_len_mean          | 249        |
|    ep_rew_mean          | 154        |
| time/                   |            |
|    fps                  | 36         |
|    iterations           | 19         |
|    time_elapsed         | 537        |
|    total_timesteps      | 1019904    |
| train/                  |            |
|    approx_kl            | 0.76164526 |
|    clip_fraction        | 0.542      |
|    clip_range           | 0.2        |
|    clip_range_vf        | 0.2        |
|    entropy_loss         | 3.94       |
|    explained_variance   | 0.837      |
|    learning_rate        | 0.000147   |
|    loss                 | 0.251      |
|    n_updates            | 6908       |
|    policy_gradient_loss | 0.0393     |
|    std                  | 0.0344     |
|    value_loss           | 0.169      |
----------------------------------------
Early stopping at step 0 due to reaching max kl: 1.02
PPO progress: 1020449/1000000 (102%) | ep_rew_mean=154.06 | ep_len_mean=249 | episodes=100 | fps=1850
----------------------------------------
| rollout/                |            |
|    ep_len_mean          | 258        |
|    ep_rew_mean          | 155        |
| time/                   |            |
|    fps                  | 36         |
|    iterations           | 20         |
|    time_elapsed         | 565        |
|    total_timesteps      | 1020928    |
| train/                  |            |
|    approx_kl            | 0.27356663 |
|    clip_fraction        | 0.442      |
|    clip_range           | 0.2        |
|    clip_range_vf        | 0.2        |
|    entropy_loss         | 3.93       |
|    explained_variance   | 0.975      |
|    learning_rate        | 0.000147   |
|    loss                 | 0.0296     |
|    n_updates            | 6909       |
|    policy_gradient_loss | 0.0461     |
|    std                  | 0.0344     |
|    value_loss           | 0.0161     |
----------------------------------------
Early stopping at step 0 due to reaching max kl: 0.95
PPO progress: 1021449/1000000 (102%) | ep_rew_mean=150.67 | ep_len_mean=256 | episodes=100 | fps=1752
----------------------------------------
| rollout/                |            |
|    ep_len_mean          | 256        |
|    ep_rew_mean          | 151        |
| time/                   |            |
|    fps                  | 36         |
|    iterations           | 21         |
|    time_elapsed         | 596        |
|    total_timesteps      | 1021952    |
| train/                  |            |
|    approx_kl            | 0.23890689 |
|    clip_fraction        | 0.526      |
|    clip_range           | 0.2        |
|    clip_range_vf        | 0.2        |
|    entropy_loss         | 3.93       |
|    explained_variance   | 0.981      |
|    learning_rate        | 0.000147   |
|    loss                 | 0.156      |
|    n_updates            | 6910       |
|    policy_gradient_loss | 0.0822     |
|    std                  | 0.0345     |
|    value_loss           | 0.0254     |
----------------------------------------
Early stopping at step 0 due to reaching max kl: 1.19
PPO progress: 1022449/1000000 (102%) | ep_rew_mean=154.12 | ep_len_mean=263 | episodes=100 | fps=1674
---------------------------------------
| rollout/                |           |
|    ep_len_mean          | 263       |
|    ep_rew_mean          | 154       |
| time/                   |           |
|    fps                  | 36        |
|    iterations           | 22        |
|    time_elapsed         | 624       |
|    total_timesteps      | 1022976   |
| train/                  |           |
|    approx_kl            | 0.3150769 |
|    clip_fraction        | 0.541     |
|    clip_range           | 0.2       |
|    clip_range_vf        | 0.2       |
|    entropy_loss         | 3.93      |
|    explained_variance   | 0.83      |
|    learning_rate        | 0.000147  |
|    loss                 | 0.119     |
|    n_updates            | 6911      |
|    policy_gradient_loss | 0.0817    |
|    std                  | 0.0345    |
|    value_loss           | 0.13      |
---------------------------------------
Early stopping at step 0 due to reaching max kl: 1.23
PPO progress: 1023449/1000000 (102%) | ep_rew_mean=160.09 | ep_len_mean=273 | episodes=100 | fps=1607
----------------------------------------
| rollout/                |            |
|    ep_len_mean          | 265        |
|    ep_rew_mean          | 156        |
| time/                   |            |
|    fps                  | 36         |
|    iterations           | 23         |
|    time_elapsed         | 652        |
|    total_timesteps      | 1024000    |
| train/                  |            |
|    approx_kl            | 0.38041484 |
|    clip_fraction        | 0.526      |
|    clip_range           | 0.2        |
|    clip_range_vf        | 0.2        |
|    entropy_loss         | 3.93       |
|    explained_variance   | 0.803      |
|    learning_rate        | 0.000147   |
|    loss                 | 0.454      |
|    n_updates            | 6912       |
|    policy_gradient_loss | 0.0928     |
|    std                  | 0.0346     |
|    value_loss           | 0.116      |
----------------------------------------
Early stopping at step 1 due to reaching max kl: 1.31
PPO progress: 1024449/1000000 (102%) | ep_rew_mean=151.09 | ep_len_mean=259 | episodes=100 | fps=1541
---------------------------------------
| rollout/                |           |
|    ep_len_mean          | 254       |
|    ep_rew_mean          | 148       |
| time/                   |           |
|    fps                  | 36        |
|    iterations           | 24        |
|    time_elapsed         | 678       |
|    total_timesteps      | 1025024   |
| train/                  |           |
|    approx_kl            | 1.3144851 |
|    clip_fraction        | 0.562     |
|    clip_range           | 0.2       |
|    clip_range_vf        | 0.2       |
|    entropy_loss         | 3.93      |
|    explained_variance   | 0.93      |
|    learning_rate        | 0.000146  |
|    loss                 | 0.0615    |
|    n_updates            | 6914      |
|    policy_gradient_loss | 0.0902    |
|    std                  | 0.0346    |
|    value_loss           | 0.0465    |
---------------------------------------
Early stopping at step 1 due to reaching max kl: 1.06
PPO progress: 1025449/1000000 (103%) | ep_rew_mean=149.35 | ep_len_mean=259 | episodes=100 | fps=1483
----------------------------------------
| rollout/                |            |
|    ep_len_mean          | 255        |
|    ep_rew_mean          | 147        |
| time/                   |            |
|    fps                  | 36         |
|    iterations           | 25         |
|    time_elapsed         | 708        |
|    total_timesteps      | 1026048    |
| train/                  |            |
|    approx_kl            | 0.72251576 |
|    clip_fraction        | 0.538      |
|    clip_range           | 0.2        |
|    clip_range_vf        | 0.2        |
|    entropy_loss         | 3.92       |
|    explained_variance   | 0.975      |
|    learning_rate        | 0.000146   |
|    loss                 | 0.156      |
|    n_updates            | 6916       |
|    policy_gradient_loss | 0.0796     |
|    std                  | 0.0346     |
|    value_loss           | 0.0166     |
----------------------------------------
Early stopping at step 0 due to reaching max kl: 1.04
PPO progress: 1026449/1000000 (103%) | ep_rew_mean=146.64 | ep_len_mean=255 | episodes=100 | fps=1429
----------------------------------------
| rollout/                |            |
|    ep_len_mean          | 260        |
|    ep_rew_mean          | 149        |
| time/                   |            |
|    fps                  | 36         |
|    iterations           | 26         |
|    time_elapsed         | 733        |
|    total_timesteps      | 1027072    |
| train/                  |            |
|    approx_kl            | 0.25633422 |
|    clip_fraction        | 0.531      |
|    clip_range           | 0.2        |
|    clip_range_vf        | 0.2        |
|    entropy_loss         | 3.92       |
|    explained_variance   | 0.815      |
|    learning_rate        | 0.000146   |
|    loss                 | 0.307      |
|    n_updates            | 6917       |
|    policy_gradient_loss | 0.0872     |
|    std                  | 0.0346     |
|    value_loss           | 0.146      |
----------------------------------------
Early stopping at step 0 due to reaching max kl: 0.95
PPO progress: 1027449/1000000 (103%) | ep_rew_mean=149.04 | ep_len_mean=259 | episodes=100 | fps=1381
---------------------------------------
| rollout/                |           |
|    ep_len_mean          | 246       |
|    ep_rew_mean          | 142       |
| time/                   |           |
|    fps                  | 36        |
|    iterations           | 27        |
|    time_elapsed         | 759       |
|    total_timesteps      | 1028096   |
| train/                  |           |
|    approx_kl            | 0.2878091 |
|    clip_fraction        | 0.478     |
|    clip_range           | 0.2       |
|    clip_range_vf        | 0.2       |
|    entropy_loss         | 3.92      |
|    explained_variance   | 0.958     |
|    learning_rate        | 0.000146  |
|    loss                 | 0.378     |
|    n_updates            | 6918      |
|    policy_gradient_loss | 0.108     |
|    std                  | 0.0346    |
|    value_loss           | 0.0224    |
---------------------------------------
Early stopping at step 0 due to reaching max kl: 0.86
PPO progress: 1028449/1000000 (103%) | ep_rew_mean=139.62 | ep_len_mean=239 | episodes=100 | fps=1337
----------------------------------------
| rollout/                |            |
|    ep_len_mean          | 229        |
|    ep_rew_mean          | 137        |
| time/                   |            |
|    fps                  | 36         |
|    iterations           | 28         |
|    time_elapsed         | 785        |
|    total_timesteps      | 1029120    |
| train/                  |            |
|    approx_kl            | 0.19198771 |
|    clip_fraction        | 0.418      |
|    clip_range           | 0.2        |
|    clip_range_vf        | 0.2        |
|    entropy_loss         | 3.92       |
|    explained_variance   | 0.957      |
|    learning_rate        | 0.000146   |
|    loss                 | 0.393      |
|    n_updates            | 6919       |
|    policy_gradient_loss | 0.0575     |
|    std                  | 0.0346     |
|    value_loss           | 0.048      |
----------------------------------------
Early stopping at step 0 due to reaching max kl: 0.93
PPO progress: 1029449/1000000 (103%) | ep_rew_mean=137.30 | ep_len_mean=230 | episodes=100 | fps=1296
----------------------------------------
| rollout/                |            |
|    ep_len_mean          | 234        |
|    ep_rew_mean          | 139        |
| time/                   |            |
|    fps                  | 36         |
|    iterations           | 29         |
|    time_elapsed         | 811        |
|    total_timesteps      | 1030144    |
| train/                  |            |
|    approx_kl            | 0.27607027 |
|    clip_fraction        | 0.572      |
|    clip_range           | 0.2        |
|    clip_range_vf        | 0.2        |
|    entropy_loss         | 3.92       |
|    explained_variance   | 0.971      |
|    learning_rate        | 0.000146   |
|    loss                 | 0.164      |
|    n_updates            | 6920       |
|    policy_gradient_loss | 0.103      |
|    std                  | 0.0347     |
|    value_loss           | 0.0273     |
----------------------------------------
Early stopping at step 0 due to reaching max kl: 1.00
PPO progress: 1030449/1000000 (103%) | ep_rew_mean=140.34 | ep_len_mean=235 | episodes=100 | fps=1256
----------------------------------------
| rollout/                |            |
|    ep_len_mean          | 229        |
|    ep_rew_mean          | 137        |
| time/                   |            |
|    fps                  | 36         |
|    iterations           | 30         |
|    time_elapsed         | 840        |
|    total_timesteps      | 1031168    |
| train/                  |            |
|    approx_kl            | 0.18556319 |
|    clip_fraction        | 0.467      |
|    clip_range           | 0.2        |
|    clip_range_vf        | 0.2        |
|    entropy_loss         | 3.92       |
|    explained_variance   | 0.96       |
|    learning_rate        | 0.000146   |
|    loss                 | 0.655      |
|    n_updates            | 6921       |
|    policy_gradient_loss | 0.106      |
|    std                  | 0.0347     |
|    value_loss           | 0.0356     |
----------------------------------------
Early stopping at step 0 due to reaching max kl: 1.27
PPO progress: 1031449/1000000 (103%) | ep_rew_mean=137.33 | ep_len_mean=229 | episodes=100 | fps=1217
----------------------------------------
| rollout/                |            |
|    ep_len_mean          | 235        |
|    ep_rew_mean          | 142        |
| time/                   |            |
|    fps                  | 36         |
|    iterations           | 31         |
|    time_elapsed         | 865        |
|    total_timesteps      | 1032192    |
| train/                  |            |
|    approx_kl            | 0.28697905 |
|    clip_fraction        | 0.512      |
|    clip_range           | 0.2        |
|    clip_range_vf        | 0.2        |
|    entropy_loss         | 3.92       |
|    explained_variance   | 0.974      |
|    learning_rate        | 0.000145   |
|    loss                 | 0.188      |
|    n_updates            | 6922       |
|    policy_gradient_loss | 0.0759     |
|    std                  | 0.0347     |
|    value_loss           | 0.0192     |
----------------------------------------
Early stopping at step 0 due to reaching max kl: 0.85
PPO progress: 1032449/1000000 (103%) | ep_rew_mean=142.66 | ep_len_mean=236 | episodes=100 | fps=1180
----------------------------------------
| rollout/                |            |
|    ep_len_mean          | 240        |
|    ep_rew_mean          | 146        |
| time/                   |            |
|    fps                  | 36         |
|    iterations           | 32         |
|    time_elapsed         | 894        |
|    total_timesteps      | 1033216    |
| train/                  |            |
|    approx_kl            | 0.28569913 |
|    clip_fraction        | 0.576      |
|    clip_range           | 0.2        |
|    clip_range_vf        | 0.2        |
|    entropy_loss         | 3.92       |
|    explained_variance   | 0.967      |
|    learning_rate        | 0.000145   |
|    loss                 | 0.515      |
|    n_updates            | 6923       |
|    policy_gradient_loss | 0.147      |
|    std                  | 0.0347     |
|    value_loss           | 0.0343     |
----------------------------------------
Early stopping at step 0 due to reaching max kl: 0.99
PPO progress: 1033449/1000000 (103%) | ep_rew_mean=146.14 | ep_len_mean=240 | episodes=100 | fps=1146
----------------------------------------
| rollout/                |            |
|    ep_len_mean          | 218        |
|    ep_rew_mean          | 131        |
| time/                   |            |
|    fps                  | 36         |
|    iterations           | 33         |
|    time_elapsed         | 928        |
|    total_timesteps      | 1034240    |
| train/                  |            |
|    approx_kl            | 0.25708893 |
|    clip_fraction        | 0.492      |
|    clip_range           | 0.2        |
|    clip_range_vf        | 0.2        |
|    entropy_loss         | 3.92       |
|    explained_variance   | 0.966      |
|    learning_rate        | 0.000145   |
|    loss                 | 0.0333     |
|    n_updates            | 6924       |
|    policy_gradient_loss | 0.0598     |
|    std                  | 0.0347     |
|    value_loss           | 0.0277     |
----------------------------------------
Early stopping at step 0 due to reaching max kl: 0.79
PPO progress: 1034449/1000000 (103%) | ep_rew_mean=131.13 | ep_len_mean=218 | episodes=100 | fps=1108
----------------------------------------
| rollout/                |            |
|    ep_len_mean          | 228        |
|    ep_rew_mean          | 138        |
| time/                   |            |
|    fps                  | 36         |
|    iterations           | 34         |
|    time_elapsed         | 953        |
|    total_timesteps      | 1035264    |
| train/                  |            |
|    approx_kl            | 0.22282349 |
|    clip_fraction        | 0.469      |
|    clip_range           | 0.2        |
|    clip_range_vf        | 0.2        |
|    entropy_loss         | 3.92       |
|    explained_variance   | 0.55       |
|    learning_rate        | 0.000145   |
|    loss                 | 0.366      |
|    n_updates            | 6925       |
|    policy_gradient_loss | 0.054      |
|    std                  | 0.0347     |
|    value_loss           | 0.282      |
----------------------------------------
Early stopping at step 0 due to reaching max kl: 1.05
PPO progress: 1035449/1000000 (104%) | ep_rew_mean=137.70 | ep_len_mean=228 | episodes=100 | fps=1080
----------------------------------------
| rollout/                |            |
|    ep_len_mean          | 235        |
|    ep_rew_mean          | 142        |
| time/                   |            |
|    fps                  | 36         |
|    iterations           | 35         |
|    time_elapsed         | 979        |
|    total_timesteps      | 1036288    |
| train/                  |            |
|    approx_kl            | 0.37818858 |
|    clip_fraction        | 0.479      |
|    clip_range           | 0.2        |
|    clip_range_vf        | 0.2        |
|    entropy_loss         | 3.91       |
|    explained_variance   | 0.976      |
|    learning_rate        | 0.000145   |
|    loss                 | 0.208      |
|    n_updates            | 6926       |
|    policy_gradient_loss | 0.0848     |
|    std                  | 0.0347     |
|    value_loss           | 0.0197     |
----------------------------------------
Early stopping at step 0 due to reaching max kl: 0.94
PPO progress: 1036449/1000000 (104%) | ep_rew_mean=142.17 | ep_len_mean=235 | episodes=100 | fps=1053
----------------------------------------
| rollout/                |            |
|    ep_len_mean          | 239        |
|    ep_rew_mean          | 142        |
| time/                   |            |
|    fps                  | 36         |
|    iterations           | 36         |
|    time_elapsed         | 1007       |
|    total_timesteps      | 1037312    |
| train/                  |            |
|    approx_kl            | 0.31262925 |
|    clip_fraction        | 0.608      |
|    clip_range           | 0.2        |
|    clip_range_vf        | 0.2        |
|    entropy_loss         | 3.91       |
|    explained_variance   | 0.917      |
|    learning_rate        | 0.000145   |
|    loss                 | 0.151      |
|    n_updates            | 6927       |
|    policy_gradient_loss | 0.0953     |
|    std                  | 0.0348     |
|    value_loss           | 0.0518     |
----------------------------------------
Early stopping at step 0 due to reaching max kl: 0.89
PPO progress: 1037449/1000000 (104%) | ep_rew_mean=141.73 | ep_len_mean=239 | episodes=100 | fps=1026
----------------------------------------
| rollout/                |            |
|    ep_len_mean          | 231        |
|    ep_rew_mean          | 143        |
| time/                   |            |
|    fps                  | 36         |
|    iterations           | 37         |
|    time_elapsed         | 1035       |
|    total_timesteps      | 1038336    |
| train/                  |            |
|    approx_kl            | 0.31475142 |
|    clip_fraction        | 0.566      |
|    clip_range           | 0.2        |
|    clip_range_vf        | 0.2        |
|    entropy_loss         | 3.91       |
|    explained_variance   | 0.959      |
|    learning_rate        | 0.000144   |
|    loss                 | 0.317      |
|    n_updates            | 6928       |
|    policy_gradient_loss | 0.128      |
|    std                  | 0.0348     |
|    value_loss           | 0.0266     |
----------------------------------------
Early stopping at step 0 due to reaching max kl: 1.88
PPO progress: 1038449/1000000 (104%) | ep_rew_mean=143.18 | ep_len_mean=231 | episodes=100 | fps=1000
----------------------------------------
| rollout/                |            |
|    ep_len_mean          | 238        |
|    ep_rew_mean          | 147        |
| time/                   |            |
|    fps                  | 36         |
|    iterations           | 38         |
|    time_elapsed         | 1061       |
|    total_timesteps      | 1039360    |
| train/                  |            |
|    approx_kl            | 0.30422843 |
|    clip_fraction        | 0.448      |
|    clip_range           | 0.2        |
|    clip_range_vf        | 0.2        |
|    entropy_loss         | 3.91       |
|    explained_variance   | 0.883      |
|    learning_rate        | 0.000144   |
|    loss                 | 0.509      |
|    n_updates            | 6929       |
|    policy_gradient_loss | 0.128      |
|    std                  | 0.0348     |
|    value_loss           | 0.124      |
----------------------------------------
Early stopping at step 0 due to reaching max kl: 0.77
PPO progress: 1039449/1000000 (104%) | ep_rew_mean=146.91 | ep_len_mean=238 | episodes=100 | fps=976
----------------------------------------
| rollout/                |            |
|    ep_len_mean          | 246        |
|    ep_rew_mean          | 150        |
| time/                   |            |
|    fps                  | 36         |
|    iterations           | 39         |
|    time_elapsed         | 1089       |
|    total_timesteps      | 1040384    |
| train/                  |            |
|    approx_kl            | 0.36193848 |
|    clip_fraction        | 0.603      |
|    clip_range           | 0.2        |
|    clip_range_vf        | 0.2        |
|    entropy_loss         | 3.91       |
|    explained_variance   | 0.956      |
|    learning_rate        | 0.000144   |
|    loss                 | 0.175      |
|    n_updates            | 6930       |
|    policy_gradient_loss | 0.115      |
|    std                  | 0.0348     |
|    value_loss           | 0.0226     |
----------------------------------------
Early stopping at step 0 due to reaching max kl: 1.20
PPO progress: 1040449/1000000 (104%) | ep_rew_mean=150.01 | ep_len_mean=246 | episodes=100 | fps=953
----------------------------------------
| rollout/                |            |
|    ep_len_mean          | 250        |
|    ep_rew_mean          | 152        |
| time/                   |            |
|    fps                  | 36         |
|    iterations           | 40         |
|    time_elapsed         | 1118       |
|    total_timesteps      | 1041408    |
| train/                  |            |
|    approx_kl            | 0.21213007 |
|    clip_fraction        | 0.379      |
|    clip_range           | 0.2        |
|    clip_range_vf        | 0.2        |
|    entropy_loss         | 3.91       |
|    explained_variance   | 0.951      |
|    learning_rate        | 0.000144   |
|    loss                 | 0.982      |
|    n_updates            | 6931       |
|    policy_gradient_loss | 0.132      |
|    std                  | 0.0348     |
|    value_loss           | 0.0401     |
----------------------------------------
Early stopping at step 0 due to reaching max kl: 1.17
PPO progress: 1041449/1000000 (104%) | ep_rew_mean=152.46 | ep_len_mean=250 | episodes=100 | fps=930
----------------------------------------
| rollout/                |            |
|    ep_len_mean          | 239        |
|    ep_rew_mean          | 148        |
| time/                   |            |
|    fps                  | 36         |
|    iterations           | 41         |
|    time_elapsed         | 1147       |
|    total_timesteps      | 1042432    |
| train/                  |            |
|    approx_kl            | 0.32373384 |
|    clip_fraction        | 0.544      |
|    clip_range           | 0.2        |
|    clip_range_vf        | 0.2        |
|    entropy_loss         | 3.91       |
|    explained_variance   | 0.904      |
|    learning_rate        | 0.000144   |
|    loss                 | 0.187      |
|    n_updates            | 6932       |
|    policy_gradient_loss | 0.0478     |
|    std                  | 0.0348     |
|    value_loss           | 0.0403     |
----------------------------------------
Early stopping at step 0 due to reaching max kl: 0.95
PPO progress: 1042449/1000000 (104%) | ep_rew_mean=147.63 | ep_len_mean=239 | episodes=100 | fps=907
PPO progress: 1043449/1000000 (104%) | ep_rew_mean=149.82 | ep_len_mean=243 | episodes=100 | fps=889
----------------------------------------
| rollout/                |            |
|    ep_len_mean          | 243        |
|    ep_rew_mean          | 150        |
| time/                   |            |
|    fps                  | 36         |
|    iterations           | 42         |
|    time_elapsed         | 1173       |
|    total_timesteps      | 1043456    |
| train/                  |            |
|    approx_kl            | 0.21240273 |
|    clip_fraction        | 0.52       |
|    clip_range           | 0.2        |
|    clip_range_vf        | 0.2        |
|    entropy_loss         | 3.91       |
|    explained_variance   | 0.917      |
|    learning_rate        | 0.000144   |
|    loss                 | 1.04       |
|    n_updates            | 6933       |
|    policy_gradient_loss | 0.115      |
|    std                  | 0.0349     |
|    value_loss           | 0.0678     |
----------------------------------------
Early stopping at step 0 due to reaching max kl: 0.90
PPO progress: 1044449/1000000 (104%) | ep_rew_mean=149.24 | ep_len_mean=231 | episodes=100 | fps=871
---------------------------------------
| rollout/                |           |
|    ep_len_mean          | 231       |
|    ep_rew_mean          | 149       |
| time/                   |           |
|    fps                  | 36        |
|    iterations           | 43        |
|    time_elapsed         | 1199      |
|    total_timesteps      | 1044480   |
| train/                  |           |
|    approx_kl            | 0.3123887 |
|    clip_fraction        | 0.546     |
|    clip_range           | 0.2       |
|    clip_range_vf        | 0.2       |
|    entropy_loss         | 3.91      |
|    explained_variance   | 0.928     |
|    learning_rate        | 0.000144  |
|    loss                 | 0.695     |
|    n_updates            | 6934      |
|    policy_gradient_loss | 0.0763    |
|    std                  | 0.0349    |
|    value_loss           | 0.0541    |
---------------------------------------
Early stopping at step 0 due to reaching max kl: 0.80
PPO progress: 1045449/1000000 (105%) | ep_rew_mean=142.73 | ep_len_mean=219 | episodes=100 | fps=852
---------------------------------------
| rollout/                |           |
|    ep_len_mean          | 219       |
|    ep_rew_mean          | 143       |
| time/                   |           |
|    fps                  | 36        |
|    iterations           | 44        |
|    time_elapsed         | 1227      |
|    total_timesteps      | 1045504   |
| train/                  |           |
|    approx_kl            | 0.2380745 |
|    clip_fraction        | 0.526     |
|    clip_range           | 0.2       |
|    clip_range_vf        | 0.2       |
|    entropy_loss         | 3.91      |
|    explained_variance   | 0.965     |
|    learning_rate        | 0.000143  |
|    loss                 | 0.893     |
|    n_updates            | 6935      |
|    policy_gradient_loss | 0.125     |
|    std                  | 0.0349    |
|    value_loss           | 0.0356    |
---------------------------------------
Early stopping at step 0 due to reaching max kl: 0.83
PPO progress: 1046449/1000000 (105%) | ep_rew_mean=146.69 | ep_len_mean=227 | episodes=100 | fps=836
----------------------------------------
| rollout/                |            |
|    ep_len_mean          | 227        |
|    ep_rew_mean          | 147        |
| time/                   |            |
|    fps                  | 36         |
|    iterations           | 45         |
|    time_elapsed         | 1253       |
|    total_timesteps      | 1046528    |
| train/                  |            |
|    approx_kl            | 0.22483388 |
|    clip_fraction        | 0.507      |
|    clip_range           | 0.2        |
|    clip_range_vf        | 0.2        |
|    entropy_loss         | 3.91       |
|    explained_variance   | 0.971      |
|    learning_rate        | 0.000143   |
|    loss                 | 0.239      |
|    n_updates            | 6936       |
|    policy_gradient_loss | 0.0724     |
|    std                  | 0.0349     |
|    value_loss           | 0.0285     |
----------------------------------------
Early stopping at step 1 due to reaching max kl: 1.08
PPO progress: 1047449/1000000 (105%) | ep_rew_mean=150.71 | ep_len_mean=229 | episodes=100 | fps=817
---------------------------------------
| rollout/                |           |
|    ep_len_mean          | 229       |
|    ep_rew_mean          | 151       |
| time/                   |           |
|    fps                  | 36        |
|    iterations           | 46        |
|    time_elapsed         | 1284      |
|    total_timesteps      | 1047552   |
| train/                  |           |
|    approx_kl            | 0.7930478 |
|    clip_fraction        | 0.573     |
|    clip_range           | 0.2       |
|    clip_range_vf        | 0.2       |
|    entropy_loss         | 3.91      |
|    explained_variance   | 0.932     |
|    learning_rate        | 0.000143  |
|    loss                 | 0.228     |
|    n_updates            | 6938      |
|    policy_gradient_loss | 0.0595    |
|    std                  | 0.0349    |
|    value_loss           | 0.039     |
---------------------------------------
Early stopping at step 1 due to reaching max kl: 1.02
PPO progress: 1048449/1000000 (105%) | ep_rew_mean=148.24 | ep_len_mean=224 | episodes=100 | fps=802
---------------------------------------
| rollout/                |           |
|    ep_len_mean          | 226       |
|    ep_rew_mean          | 150       |
| time/                   |           |
|    fps                  | 36        |
|    iterations           | 47        |
|    time_elapsed         | 1309      |
|    total_timesteps      | 1048576   |
| train/                  |           |
|    approx_kl            | 1.0189582 |
|    clip_fraction        | 0.513     |
|    clip_range           | 0.2       |
|    clip_range_vf        | 0.2       |
|    entropy_loss         | 3.9       |
|    explained_variance   | 0.961     |
|    learning_rate        | 0.000143  |
|    loss                 | 0.0899    |
|    n_updates            | 6940      |
|    policy_gradient_loss | 0.0972    |
|    std                  | 0.0349    |
|    value_loss           | 0.0385    |
---------------------------------------
Early stopping at step 1 due to reaching max kl: 1.38
PPO progress: 1049449/1000000 (105%) | ep_rew_mean=147.88 | ep_len_mean=219 | episodes=100 | fps=787
---------------------------------------
| rollout/                |           |
|    ep_len_mean          | 219       |
|    ep_rew_mean          | 148       |
| time/                   |           |
|    fps                  | 36        |
|    iterations           | 48        |
|    time_elapsed         | 1336      |
|    total_timesteps      | 1049600   |
| train/                  |           |
|    approx_kl            | 1.3831315 |
|    clip_fraction        | 0.596     |
|    clip_range           | 0.2       |
|    clip_range_vf        | 0.2       |
|    entropy_loss         | 3.9       |
|    explained_variance   | 0.892     |
|    learning_rate        | 0.000143  |
|    loss                 | 0.113     |
|    n_updates            | 6942      |
|    policy_gradient_loss | 0.0549    |
|    std                  | 0.035     |
|    value_loss           | 0.109     |
---------------------------------------
Early stopping at step 0 due to reaching max kl: 0.92
PPO progress: 1050449/1000000 (105%) | ep_rew_mean=150.63 | ep_len_mean=226 | episodes=100 | fps=773
---------------------------------------
| rollout/                |           |
|    ep_len_mean          | 226       |
|    ep_rew_mean          | 151       |
| time/                   |           |
|    fps                  | 36        |
|    iterations           | 49        |
|    time_elapsed         | 1363      |
|    total_timesteps      | 1050624   |
| train/                  |           |
|    approx_kl            | 0.3152972 |
|    clip_fraction        | 0.553     |
|    clip_range           | 0.2       |
|    clip_range_vf        | 0.2       |
|    entropy_loss         | 3.9       |
|    explained_variance   | 0.973     |
|    learning_rate        | 0.000143  |
|    loss                 | 0.285     |
|    n_updates            | 6943      |
|    policy_gradient_loss | 0.0948    |
|    std                  | 0.035     |
|    value_loss           | 0.0233    |
---------------------------------------
Early stopping at step 0 due to reaching max kl: 1.00
PPO progress: 1051449/1000000 (105%) | ep_rew_mean=156.37 | ep_len_mean=234 | episodes=100 | fps=758
----------------------------------------
| rollout/                |            |
|    ep_len_mean          | 234        |
|    ep_rew_mean          | 156        |
| time/                   |            |
|    fps                  | 36         |
|    iterations           | 50         |
|    time_elapsed         | 1390       |
|    total_timesteps      | 1051648    |
| train/                  |            |
|    approx_kl            | 0.24047202 |
|    clip_fraction        | 0.535      |
|    clip_range           | 0.2        |
|    clip_range_vf        | 0.2        |
|    entropy_loss         | 3.9        |
|    explained_variance   | 0.764      |
|    learning_rate        | 0.000142   |
|    loss                 | 0.37       |
|    n_updates            | 6944       |
|    policy_gradient_loss | 0.107      |
|    std                  | 0.035      |
|    value_loss           | 0.174      |
----------------------------------------
Early stopping at step 0 due to reaching max kl: 1.09
PPO progress: 1052449/1000000 (105%) | ep_rew_mean=154.79 | ep_len_mean=235 | episodes=100 | fps=745
----------------------------------------
| rollout/                |            |
|    ep_len_mean          | 235        |
|    ep_rew_mean          | 155        |
| time/                   |            |
|    fps                  | 36         |
|    iterations           | 51         |
|    time_elapsed         | 1418       |
|    total_timesteps      | 1052672    |
| train/                  |            |
|    approx_kl            | 0.32354578 |
|    clip_fraction        | 0.544      |
|    clip_range           | 0.2        |
|    clip_range_vf        | 0.2        |
|    entropy_loss         | 3.9        |
|    explained_variance   | 0.958      |
|    learning_rate        | 0.000142   |
|    loss                 | 0.146      |
|    n_updates            | 6945       |
|    policy_gradient_loss | 0.103      |
|    std                  | 0.035      |
|    value_loss           | 0.0257     |
----------------------------------------
Early stopping at step 0 due to reaching max kl: 0.77
PPO progress: 1053449/1000000 (105%) | ep_rew_mean=155.63 | ep_len_mean=238 | episodes=100 | fps=732
----------------------------------------
| rollout/                |            |
|    ep_len_mean          | 238        |
|    ep_rew_mean          | 155        |
| time/                   |            |
|    fps                  | 36         |
|    iterations           | 52         |
|    time_elapsed         | 1445       |
|    total_timesteps      | 1053696    |
| train/                  |            |
|    approx_kl            | 0.33656028 |
|    clip_fraction        | 0.531      |
|    clip_range           | 0.2        |
|    clip_range_vf        | 0.2        |
|    entropy_loss         | 3.9        |
|    explained_variance   | 0.834      |
|    learning_rate        | 0.000142   |
|    loss                 | 0.248      |
|    n_updates            | 6946       |
|    policy_gradient_loss | 0.0565     |
|    std                  | 0.0351     |
|    value_loss           | 0.191      |
----------------------------------------
Early stopping at step 1 due to reaching max kl: 1.01
PPO progress: 1054449/1000000 (105%) | ep_rew_mean=150.44 | ep_len_mean=230 | episodes=100 | fps=719
---------------------------------------
| rollout/                |           |
|    ep_len_mean          | 230       |
|    ep_rew_mean          | 150       |
| time/                   |           |
|    fps                  | 36        |
|    iterations           | 53        |
|    time_elapsed         | 1472      |
|    total_timesteps      | 1054720   |
| train/                  |           |
|    approx_kl            | 1.0129869 |
|    clip_fraction        | 0.597     |
|    clip_range           | 0.2       |
|    clip_range_vf        | 0.2       |
|    entropy_loss         | 3.89      |
|    explained_variance   | 0.968     |
|    learning_rate        | 0.000142  |
|    loss                 | 0.111     |
|    n_updates            | 6948      |
|    policy_gradient_loss | 0.107     |
|    std                  | 0.0351    |
|    value_loss           | 0.0211    |
---------------------------------------
Early stopping at step 0 due to reaching max kl: 1.23
PPO progress: 1055449/1000000 (106%) | ep_rew_mean=157.19 | ep_len_mean=240 | episodes=100 | fps=707
----------------------------------------
| rollout/                |            |
|    ep_len_mean          | 234        |
|    ep_rew_mean          | 153        |
| time/                   |            |
|    fps                  | 36         |
|    iterations           | 54         |
|    time_elapsed         | 1498       |
|    total_timesteps      | 1055744    |
| train/                  |            |
|    approx_kl            | 0.27493975 |
|    clip_fraction        | 0.516      |
|    clip_range           | 0.2        |
|    clip_range_vf        | 0.2        |
|    entropy_loss         | 3.89       |
|    explained_variance   | 0.889      |
|    learning_rate        | 0.000142   |
|    loss                 | 0.273      |
|    n_updates            | 6949       |
|    policy_gradient_loss | 0.112      |
|    std                  | 0.0352     |
|    value_loss           | 0.0856     |
----------------------------------------
Early stopping at step 0 due to reaching max kl: 1.12
PPO progress: 1056449/1000000 (106%) | ep_rew_mean=153.65 | ep_len_mean=237 | episodes=100 | fps=695
---------------------------------------
| rollout/                |           |
|    ep_len_mean          | 231       |
|    ep_rew_mean          | 151       |
| time/                   |           |
|    fps                  | 36        |
|    iterations           | 55        |
|    time_elapsed         | 1526      |
|    total_timesteps      | 1056768   |
| train/                  |           |
|    approx_kl            | 0.2874567 |
|    clip_fraction        | 0.507     |
|    clip_range           | 0.2       |
|    clip_range_vf        | 0.2       |
|    entropy_loss         | 3.89      |
|    explained_variance   | 0.813     |
|    learning_rate        | 0.000142  |
|    loss                 | 0.356     |
|    n_updates            | 6950      |
|    policy_gradient_loss | 0.0793    |
|    std                  | 0.0352    |
|    value_loss           | 0.254     |
---------------------------------------
Early stopping at step 0 due to reaching max kl: 0.88
PPO progress: 1057449/1000000 (106%) | ep_rew_mean=155.38 | ep_len_mean=237 | episodes=100 | fps=683
----------------------------------------
| rollout/                |            |
|    ep_len_mean          | 240        |
|    ep_rew_mean          | 158        |
| time/                   |            |
|    fps                  | 36         |
|    iterations           | 56         |
|    time_elapsed         | 1555       |
|    total_timesteps      | 1057792    |
| train/                  |            |
|    approx_kl            | 0.23475522 |
|    clip_fraction        | 0.462      |
|    clip_range           | 0.2        |
|    clip_range_vf        | 0.2        |
|    entropy_loss         | 3.89       |
|    explained_variance   | 0.898      |
|    learning_rate        | 0.000142   |
|    loss                 | 0.105      |
|    n_updates            | 6951       |
|    policy_gradient_loss | 0.0355     |
|    std                  | 0.0352     |
|    value_loss           | 0.0785     |
----------------------------------------
Early stopping at step 0 due to reaching max kl: 0.95
PPO progress: 1058449/1000000 (106%) | ep_rew_mean=142.89 | ep_len_mean=213 | episodes=100 | fps=672
----------------------------------------
| rollout/                |            |
|    ep_len_mean          | 215        |
|    ep_rew_mean          | 145        |
| time/                   |            |
|    fps                  | 36         |
|    iterations           | 57         |
|    time_elapsed         | 1584       |
|    total_timesteps      | 1058816    |
| train/                  |            |
|    approx_kl            | 0.31870386 |
|    clip_fraction        | 0.531      |
|    clip_range           | 0.2        |
|    clip_range_vf        | 0.2        |
|    entropy_loss         | 3.89       |
|    explained_variance   | 0.663      |
|    learning_rate        | 0.000141   |
|    loss                 | 0.377      |
|    n_updates            | 6952       |
|    policy_gradient_loss | 0.0629     |
|    std                  | 0.0352     |
|    value_loss           | 0.396      |
----------------------------------------
Early stopping at step 0 due to reaching max kl: 0.94
PPO progress: 1059449/1000000 (106%) | ep_rew_mean=145.54 | ep_len_mean=215 | episodes=100 | fps=661
----------------------------------------
| rollout/                |            |
|    ep_len_mean          | 214        |
|    ep_rew_mean          | 145        |
| time/                   |            |
|    fps                  | 36         |
|    iterations           | 58         |
|    time_elapsed         | 1611       |
|    total_timesteps      | 1059840    |
| train/                  |            |
|    approx_kl            | 0.31320065 |
|    clip_fraction        | 0.582      |
|    clip_range           | 0.2        |
|    clip_range_vf        | 0.2        |
|    entropy_loss         | 3.89       |
|    explained_variance   | 0.87       |
|    learning_rate        | 0.000141   |
|    loss                 | 0.0853     |
|    n_updates            | 6953       |
|    policy_gradient_loss | 0.0519     |
|    std                  | 0.0352     |
|    value_loss           | 0.149      |
----------------------------------------
Early stopping at step 0 due to reaching max kl: 0.87
PPO progress: 1060449/1000000 (106%) | ep_rew_mean=143.00 | ep_len_mean=204 | episodes=100 | fps=651
----------------------------------------
| rollout/                |            |
|    ep_len_mean          | 201        |
|    ep_rew_mean          | 141        |
| time/                   |            |
|    fps                  | 36         |
|    iterations           | 59         |
|    time_elapsed         | 1638       |
|    total_timesteps      | 1060864    |
| train/                  |            |
|    approx_kl            | 0.30966565 |
|    clip_fraction        | 0.544      |
|    clip_range           | 0.2        |
|    clip_range_vf        | 0.2        |
|    entropy_loss         | 3.89       |
|    explained_variance   | 0.799      |
|    learning_rate        | 0.000141   |
|    loss                 | 0.171      |
|    n_updates            | 6954       |
|    policy_gradient_loss | 0.0902     |
|    std                  | 0.0352     |
|    value_loss           | 0.168      |
----------------------------------------
Early stopping at step 0 due to reaching max kl: 1.04
PPO progress: 1061449/1000000 (106%) | ep_rew_mean=143.50 | ep_len_mean=205 | episodes=100 | fps=641
----------------------------------------
| rollout/                |            |
|    ep_len_mean          | 205        |
|    ep_rew_mean          | 144        |
| time/                   |            |
|    fps                  | 36         |
|    iterations           | 60         |
|    time_elapsed         | 1666       |
|    total_timesteps      | 1061888    |
| train/                  |            |
|    approx_kl            | 0.27682582 |
|    clip_fraction        | 0.533      |
|    clip_range           | 0.2        |
|    clip_range_vf        | 0.2        |
|    entropy_loss         | 3.89       |
|    explained_variance   | 0.951      |
|    learning_rate        | 0.000141   |
|    loss                 | 1.34       |
|    n_updates            | 6955       |
|    policy_gradient_loss | 0.138      |
|    std                  | 0.0352     |
|    value_loss           | 0.0442     |
----------------------------------------
Early stopping at step 0 due to reaching max kl: 1.17
PPO progress: 1062449/1000000 (106%) | ep_rew_mean=153.08 | ep_len_mean=217 | episodes=100 | fps=631
----------------------------------------
| rollout/                |            |
|    ep_len_mean          | 220        |
|    ep_rew_mean          | 156        |
| time/                   |            |
|    fps                  | 36         |
|    iterations           | 61         |
|    time_elapsed         | 1693       |
|    total_timesteps      | 1062912    |
| train/                  |            |
|    approx_kl            | 0.36873555 |
|    clip_fraction        | 0.542      |
|    clip_range           | 0.2        |
|    clip_range_vf        | 0.2        |
|    entropy_loss         | 3.89       |
|    explained_variance   | 0.926      |
|    learning_rate        | 0.000141   |
|    loss                 | 0.218      |
|    n_updates            | 6956       |
|    policy_gradient_loss | 0.0722     |
|    std                  | 0.0353     |
|    value_loss           | 0.0278     |
----------------------------------------
Early stopping at step 1 due to reaching max kl: 0.90
PPO progress: 1063449/1000000 (106%) | ep_rew_mean=150.83 | ep_len_mean=212 | episodes=100 | fps=623
----------------------------------------
| rollout/                |            |
|    ep_len_mean          | 212        |
|    ep_rew_mean          | 151        |
| time/                   |            |
|    fps                  | 36         |
|    iterations           | 62         |
|    time_elapsed         | 1718       |
|    total_timesteps      | 1063936    |
| train/                  |            |
|    approx_kl            | 0.68435967 |
|    clip_fraction        | 0.569      |
|    clip_range           | 0.2        |
|    clip_range_vf        | 0.2        |
|    entropy_loss         | 3.88       |
|    explained_variance   | 0.965      |
|    learning_rate        | 0.000141   |
|    loss                 | 0.122      |
|    n_updates            | 6958       |
|    policy_gradient_loss | 0.0824     |
|    std                  | 0.0353     |
|    value_loss           | 0.0334     |
----------------------------------------
Early stopping at step 0 due to reaching max kl: 0.83
PPO progress: 1064449/1000000 (106%) | ep_rew_mean=158.26 | ep_len_mean=220 | episodes=100 | fps=613
---------------------------------------
| rollout/                |           |
|    ep_len_mean          | 219       |
|    ep_rew_mean          | 158       |
| time/                   |           |
|    fps                  | 36        |
|    iterations           | 63        |
|    time_elapsed         | 1747      |
|    total_timesteps      | 1064960   |
| train/                  |           |
|    approx_kl            | 0.2568928 |
|    clip_fraction        | 0.558     |
|    clip_range           | 0.2       |
|    clip_range_vf        | 0.2       |
|    entropy_loss         | 3.88      |
|    explained_variance   | 0.944     |
|    learning_rate        | 0.00014   |
|    loss                 | 0.18      |
|    n_updates            | 6959      |
|    policy_gradient_loss | 0.0935    |
|    std                  | 0.0353    |
|    value_loss           | 0.0318    |
---------------------------------------
Early stopping at step 1 due to reaching max kl: 0.84
PPO progress: 1065449/1000000 (107%) | ep_rew_mean=157.42 | ep_len_mean=215 | episodes=100 | fps=605
----------------------------------------
| rollout/                |            |
|    ep_len_mean          | 211        |
|    ep_rew_mean          | 155        |
| time/                   |            |
|    fps                  | 36         |
|    iterations           | 64         |
|    time_elapsed         | 1773       |
|    total_timesteps      | 1065984    |
| train/                  |            |
|    approx_kl            | 0.64014745 |
|    clip_fraction        | 0.576      |
|    clip_range           | 0.2        |
|    clip_range_vf        | 0.2        |
|    entropy_loss         | 3.88       |
|    explained_variance   | 0.936      |
|    learning_rate        | 0.00014    |
|    loss                 | 0.116      |
|    n_updates            | 6961       |
|    policy_gradient_loss | 0.0821     |
|    std                  | 0.0353     |
|    value_loss           | 0.0603     |
----------------------------------------
Early stopping at step 0 due to reaching max kl: 0.78
PPO progress: 1066449/1000000 (107%) | ep_rew_mean=158.21 | ep_len_mean=211 | episodes=100 | fps=597
----------------------------------------
| rollout/                |            |
|    ep_len_mean          | 200        |
|    ep_rew_mean          | 151        |
| time/                   |            |
|    fps                  | 36         |
|    iterations           | 65         |
|    time_elapsed         | 1801       |
|    total_timesteps      | 1067008    |
| train/                  |            |
|    approx_kl            | 0.18447189 |
|    clip_fraction        | 0.439      |
|    clip_range           | 0.2        |
|    clip_range_vf        | 0.2        |
|    entropy_loss         | 3.88       |
|    explained_variance   | 0.906      |
|    learning_rate        | 0.00014    |
|    loss                 | 0.271      |
|    n_updates            | 6962       |
|    policy_gradient_loss | 0.0666     |
|    std                  | 0.0354     |
|    value_loss           | 0.148      |
----------------------------------------
Early stopping at step 0 due to reaching max kl: 1.02
PPO progress: 1067449/1000000 (107%) | ep_rew_mean=150.57 | ep_len_mean=201 | episodes=100 | fps=588
----------------------------------------
| rollout/                |            |
|    ep_len_mean          | 200        |
|    ep_rew_mean          | 149        |
| time/                   |            |
|    fps                  | 36         |
|    iterations           | 66         |
|    time_elapsed         | 1827       |
|    total_timesteps      | 1068032    |
| train/                  |            |
|    approx_kl            | 0.31755942 |
|    clip_fraction        | 0.593      |
|    clip_range           | 0.2        |
|    clip_range_vf        | 0.2        |
|    entropy_loss         | 3.88       |
|    explained_variance   | 0.938      |
|    learning_rate        | 0.00014    |
|    loss                 | 0.16       |
|    n_updates            | 6963       |
|    policy_gradient_loss | 0.098      |
|    std                  | 0.0354     |
|    value_loss           | 0.0874     |
----------------------------------------
Early stopping at step 0 due to reaching max kl: 1.15
PPO progress: 1068449/1000000 (107%) | ep_rew_mean=150.11 | ep_len_mean=201 | episodes=100 | fps=581
----------------------------------------
| rollout/                |            |
|    ep_len_mean          | 197        |
|    ep_rew_mean          | 148        |
| time/                   |            |
|    fps                  | 36         |
|    iterations           | 67         |
|    time_elapsed         | 1854       |
|    total_timesteps      | 1069056    |
| train/                  |            |
|    approx_kl            | 0.34702554 |
|    clip_fraction        | 0.577      |
|    clip_range           | 0.2        |
|    clip_range_vf        | 0.2        |
|    entropy_loss         | 3.88       |
|    explained_variance   | 0.678      |
|    learning_rate        | 0.00014    |
|    loss                 | 0.265      |
|    n_updates            | 6964       |
|    policy_gradient_loss | 0.101      |
|    std                  | 0.0354     |
|    value_loss           | 0.314      |
----------------------------------------
Early stopping at step 0 due to reaching max kl: 0.97
PPO progress: 1069449/1000000 (107%) | ep_rew_mean=145.40 | ep_len_mean=194 | episodes=100 | fps=572
---------------------------------------
| rollout/                |           |
|    ep_len_mean          | 180       |
|    ep_rew_mean          | 137       |
| time/                   |           |
|    fps                  | 36        |
|    iterations           | 68        |
|    time_elapsed         | 1882      |
|    total_timesteps      | 1070080   |
| train/                  |           |
|    approx_kl            | 0.2886923 |
|    clip_fraction        | 0.54      |
|    clip_range           | 0.2       |
|    clip_range_vf        | 0.2       |
|    entropy_loss         | 3.88      |
|    explained_variance   | 0.758     |
|    learning_rate        | 0.00014   |
|    loss                 | 0.987     |
|    n_updates            | 6965      |
|    policy_gradient_loss | 0.0897    |
|    std                  | 0.0354    |
|    value_loss           | 0.171     |
---------------------------------------
Early stopping at step 1 due to reaching max kl: 0.90
PPO progress: 1070449/1000000 (107%) | ep_rew_mean=133.68 | ep_len_mean=175 | episodes=100 | fps=565
----------------------------------------
| rollout/                |            |
|    ep_len_mean          | 170        |
|    ep_rew_mean          | 132        |
| time/                   |            |
|    fps                  | 37         |
|    iterations           | 69         |
|    time_elapsed         | 1908       |
|    total_timesteps      | 1071104    |
| train/                  |            |
|    approx_kl            | 0.57188195 |
|    clip_fraction        | 0.529      |
|    clip_range           | 0.2        |
|    clip_range_vf        | 0.2        |
|    entropy_loss         | 3.88       |
|    explained_variance   | 0.833      |
|    learning_rate        | 0.00014    |
|    loss                 | 0.167      |
|    n_updates            | 6967       |
|    policy_gradient_loss | 0.0338     |
|    std                  | 0.0354     |
|    value_loss           | 0.186      |
----------------------------------------
Early stopping at step 0 due to reaching max kl: 1.03
PPO progress: 1071449/1000000 (107%) | ep_rew_mean=131.90 | ep_len_mean=170 | episodes=100 | fps=558
----------------------------------------
| rollout/                |            |
|    ep_len_mean          | 181        |
|    ep_rew_mean          | 137        |
| time/                   |            |
|    fps                  | 37         |
|    iterations           | 70         |
|    time_elapsed         | 1936       |
|    total_timesteps      | 1072128    |
| train/                  |            |
|    approx_kl            | 0.27881676 |
|    clip_fraction        | 0.474      |
|    clip_range           | 0.2        |
|    clip_range_vf        | 0.2        |
|    entropy_loss         | 3.88       |
|    explained_variance   | 0.952      |
|    learning_rate        | 0.000139   |
|    loss                 | 0.207      |
|    n_updates            | 6968       |
|    policy_gradient_loss | 0.13       |
|    std                  | 0.0355     |
|    value_loss           | 0.0417     |
----------------------------------------
Early stopping at step 1 due to reaching max kl: 0.83
PPO progress: 1072449/1000000 (107%) | ep_rew_mean=137.05 | ep_len_mean=181 | episodes=100 | fps=551
---------------------------------------
| rollout/                |           |
|    ep_len_mean          | 178       |
|    ep_rew_mean          | 135       |
| time/                   |           |
|    fps                  | 37        |
|    iterations           | 71        |
|    time_elapsed         | 1964      |
|    total_timesteps      | 1073152   |
| train/                  |           |
|    approx_kl            | 0.7758978 |
|    clip_fraction        | 0.535     |
|    clip_range           | 0.2       |
|    clip_range_vf        | 0.2       |
|    entropy_loss         | 3.87      |
|    explained_variance   | 0.886     |
|    learning_rate        | 0.000139  |
|    loss                 | 0.139     |
|    n_updates            | 6970      |
|    policy_gradient_loss | 0.0954    |
|    std                  | 0.0355    |
|    value_loss           | 0.0872    |
---------------------------------------
Early stopping at step 1 due to reaching max kl: 0.80
PPO progress: 1073449/1000000 (107%) | ep_rew_mean=135.35 | ep_len_mean=178 | episodes=100 | fps=544
----------------------------------------
| rollout/                |            |
|    ep_len_mean          | 175        |
|    ep_rew_mean          | 133        |
| time/                   |            |
|    fps                  | 37         |
|    iterations           | 72         |
|    time_elapsed         | 1990       |
|    total_timesteps      | 1074176    |
| train/                  |            |
|    approx_kl            | 0.79616874 |
|    clip_fraction        | 0.588      |
|    clip_range           | 0.2        |
|    clip_range_vf        | 0.2        |
|    entropy_loss         | 3.87       |
|    explained_variance   | 0.973      |
|    learning_rate        | 0.000139   |
|    loss                 | 0.141      |
|    n_updates            | 6972       |
|    policy_gradient_loss | 0.101      |
|    std                  | 0.0355     |
|    value_loss           | 0.0275     |
----------------------------------------
Early stopping at step 0 due to reaching max kl: 1.28
PPO progress: 1074449/1000000 (107%) | ep_rew_mean=133.34 | ep_len_mean=175 | episodes=100 | fps=537
---------------------------------------
| rollout/                |           |
|    ep_len_mean          | 178       |
|    ep_rew_mean          | 135       |
| time/                   |           |
|    fps                  | 36        |
|    iterations           | 73        |
|    time_elapsed         | 2020      |
|    total_timesteps      | 1075200   |
| train/                  |           |
|    approx_kl            | 0.3557203 |
|    clip_fraction        | 0.553     |
|    clip_range           | 0.2       |
|    clip_range_vf        | 0.2       |
|    entropy_loss         | 3.87      |
|    explained_variance   | 0.814     |
|    learning_rate        | 0.000139  |
|    loss                 | 0.135     |
|    n_updates            | 6973      |
|    policy_gradient_loss | 0.0638    |
|    std                  | 0.0355    |
|    value_loss           | 0.2       |
---------------------------------------
Early stopping at step 0 due to reaching max kl: 0.79
PPO progress: 1075449/1000000 (108%) | ep_rew_mean=135.42 | ep_len_mean=178 | episodes=100 | fps=530
---------------------------------------
| rollout/                |           |
|    ep_len_mean          | 185       |
|    ep_rew_mean          | 140       |
| time/                   |           |
|    fps                  | 36        |
|    iterations           | 74        |
|    time_elapsed         | 2049      |
|    total_timesteps      | 1076224   |
| train/                  |           |
|    approx_kl            | 0.2185649 |
|    clip_fraction        | 0.494     |
|    clip_range           | 0.2       |
|    clip_range_vf        | 0.2       |
|    entropy_loss         | 3.87      |
|    explained_variance   | 0.966     |
|    learning_rate        | 0.000139  |
|    loss                 | 0.0403    |
|    n_updates            | 6974      |
|    policy_gradient_loss | 0.0983    |
|    std                  | 0.0355    |
|    value_loss           | 0.0334    |
---------------------------------------
Early stopping at step 1 due to reaching max kl: 1.61
PPO progress: 1076449/1000000 (108%) | ep_rew_mean=140.00 | ep_len_mean=187 | episodes=100 | fps=523
---------------------------------------
| rollout/                |           |
|    ep_len_mean          | 192       |
|    ep_rew_mean          | 145       |
| time/                   |           |
|    fps                  | 37        |
|    iterations           | 75        |
|    time_elapsed         | 2075      |
|    total_timesteps      | 1077248   |
| train/                  |           |
|    approx_kl            | 1.0921477 |
|    clip_fraction        | 0.603     |
|    clip_range           | 0.2       |
|    clip_range_vf        | 0.2       |
|    entropy_loss         | 3.87      |
|    explained_variance   | 0.959     |
|    learning_rate        | 0.000139  |
|    loss                 | 0.135     |
|    n_updates            | 6976      |
|    policy_gradient_loss | 0.109     |
|    std                  | 0.0356    |
|    value_loss           | 0.0162    |
---------------------------------------
Early stopping at step 0 due to reaching max kl: 0.94
PPO progress: 1077449/1000000 (108%) | ep_rew_mean=144.80 | ep_len_mean=192 | episodes=100 | fps=517
----------------------------------------
| rollout/                |            |
|    ep_len_mean          | 195        |
|    ep_rew_mean          | 144        |
| time/                   |            |
|    fps                  | 37         |
|    iterations           | 76         |
|    time_elapsed         | 2100       |
|    total_timesteps      | 1078272    |
| train/                  |            |
|    approx_kl            | 0.32680458 |
|    clip_fraction        | 0.578      |
|    clip_range           | 0.2        |
|    clip_range_vf        | 0.2        |
|    entropy_loss         | 3.87       |
|    explained_variance   | 0.843      |
|    learning_rate        | 0.000138   |
|    loss                 | 0.515      |
|    n_updates            | 6977       |
|    policy_gradient_loss | 0.101      |
|    std                  | 0.0356     |
|    value_loss           | 0.236      |
----------------------------------------
Early stopping at step 0 due to reaching max kl: 0.92
PPO progress: 1078449/1000000 (108%) | ep_rew_mean=143.91 | ep_len_mean=195 | episodes=100 | fps=512
---------------------------------------
| rollout/                |           |
|    ep_len_mean          | 197       |
|    ep_rew_mean          | 146       |
| time/                   |           |
|    fps                  | 37        |
|    iterations           | 77        |
|    time_elapsed         | 2126      |
|    total_timesteps      | 1079296   |
| train/                  |           |
|    approx_kl            | 0.2935161 |
|    clip_fraction        | 0.549     |
|    clip_range           | 0.2       |
|    clip_range_vf        | 0.2       |
|    entropy_loss         | 3.87      |
|    explained_variance   | 0.964     |
|    learning_rate        | 0.000138  |
|    loss                 | 0.245     |
|    n_updates            | 6978      |
|    policy_gradient_loss | 0.112     |
|    std                  | 0.0356    |
|    value_loss           | 0.025     |
---------------------------------------
Early stopping at step 1 due to reaching max kl: 1.06
PPO progress: 1079449/1000000 (108%) | ep_rew_mean=145.58 | ep_len_mean=197 | episodes=100 | fps=506
---------------------------------------
| rollout/                |           |
|    ep_len_mean          | 196       |
|    ep_rew_mean          | 143       |
| time/                   |           |
|    fps                  | 36        |
|    iterations           | 78        |
|    time_elapsed         | 2160      |
|    total_timesteps      | 1080320   |
| train/                  |           |
|    approx_kl            | 0.6975277 |
|    clip_fraction        | 0.582     |
|    clip_range           | 0.2       |
|    clip_range_vf        | 0.2       |
|    entropy_loss         | 3.87      |
|    explained_variance   | 0.958     |
|    learning_rate        | 0.000138  |
|    loss                 | 0.124     |
|    n_updates            | 6980      |
|    policy_gradient_loss | 0.0951    |
|    std                  | 0.0357    |
|    value_loss           | 0.0229    |
---------------------------------------
Early stopping at step 1 due to reaching max kl: 1.74
PPO progress: 1080449/1000000 (108%) | ep_rew_mean=140.11 | ep_len_mean=193 | episodes=100 | fps=498
----------------------------------------
| rollout/                |            |
|    ep_len_mean          | 192        |
|    ep_rew_mean          | 138        |
| time/                   |            |
|    fps                  | 36         |
|    iterations           | 79         |
|    time_elapsed         | 2187       |
|    total_timesteps      | 1081344    |
| train/                  |            |
|    approx_kl            | 0.78710634 |
|    clip_fraction        | 0.559      |
|    clip_range           | 0.2        |
|    clip_range_vf        | 0.2        |
|    entropy_loss         | 3.86       |
|    explained_variance   | 0.93       |
|    learning_rate        | 0.000138   |
|    loss                 | 0.0813     |
|    n_updates            | 6982       |
|    policy_gradient_loss | 0.0459     |
|    std                  | 0.0357     |
|    value_loss           | 0.0536     |
----------------------------------------
Early stopping at step 1 due to reaching max kl: 0.96
PPO progress: 1081449/1000000 (108%) | ep_rew_mean=135.91 | ep_len_mean=190 | episodes=100 | fps=493
----------------------------------------
| rollout/                |            |
|    ep_len_mean          | 182        |
|    ep_rew_mean          | 132        |
| time/                   |            |
|    fps                  | 37         |
|    iterations           | 80         |
|    time_elapsed         | 2213       |
|    total_timesteps      | 1082368    |
| train/                  |            |
|    approx_kl            | 0.67520034 |
|    clip_fraction        | 0.639      |
|    clip_range           | 0.2        |
|    clip_range_vf        | 0.2        |
|    entropy_loss         | 3.86       |
|    explained_variance   | 0.796      |
|    learning_rate        | 0.000138   |
|    loss                 | 0.0422     |
|    n_updates            | 6984       |
|    policy_gradient_loss | 0.0542     |
|    std                  | 0.0358     |
|    value_loss           | 0.126      |
----------------------------------------
Early stopping at step 1 due to reaching max kl: 1.04
PPO progress: 1082449/1000000 (108%) | ep_rew_mean=131.61 | ep_len_mean=183 | episodes=100 | fps=488
---------------------------------------
| rollout/                |           |
|    ep_len_mean          | 180       |
|    ep_rew_mean          | 128       |
| time/                   |           |
|    fps                  | 36        |
|    iterations           | 81        |
|    time_elapsed         | 2243      |
|    total_timesteps      | 1083392   |
| train/                  |           |
|    approx_kl            | 1.0361277 |
|    clip_fraction        | 0.472     |
|    clip_range           | 0.2       |
|    clip_range_vf        | 0.2       |
|    entropy_loss         | 3.86      |
|    explained_variance   | 0.956     |
|    learning_rate        | 0.000138  |
|    loss                 | 0.131     |
|    n_updates            | 6986      |
|    policy_gradient_loss | 0.0586    |
|    std                  | 0.0358    |
|    value_loss           | 0.0465    |
---------------------------------------
Early stopping at step 1 due to reaching max kl: 0.83
PPO progress: 1083449/1000000 (108%) | ep_rew_mean=127.58 | ep_len_mean=180 | episodes=100 | fps=482
---------------------------------------
| rollout/                |           |
|    ep_len_mean          | 184       |
|    ep_rew_mean          | 132       |
| time/                   |           |
|    fps                  | 36        |
|    iterations           | 82        |
|    time_elapsed         | 2269      |
|    total_timesteps      | 1084416   |
| train/                  |           |
|    approx_kl            | 0.7414701 |
|    clip_fraction        | 0.557     |
|    clip_range           | 0.2       |
|    clip_range_vf        | 0.2       |
|    entropy_loss         | 3.86      |
|    explained_variance   | 0.898     |
|    learning_rate        | 0.000138  |
|    loss                 | 0.0871    |
|    n_updates            | 6988      |
|    policy_gradient_loss | 0.133     |
|    std                  | 0.0358    |
|    value_loss           | 0.129     |
---------------------------------------
Early stopping at step 0 due to reaching max kl: 0.82
PPO progress: 1084449/1000000 (108%) | ep_rew_mean=131.64 | ep_len_mean=184 | episodes=100 | fps=477
----------------------------------------
| rollout/                |            |
|    ep_len_mean          | 186        |
|    ep_rew_mean          | 131        |
| time/                   |            |
|    fps                  | 37         |
|    iterations           | 83         |
|    time_elapsed         | 2295       |
|    total_timesteps      | 1085440    |
| train/                  |            |
|    approx_kl            | 0.29192594 |
|    clip_fraction        | 0.521      |
|    clip_range           | 0.2        |
|    clip_range_vf        | 0.2        |
|    entropy_loss         | 3.85       |
|    explained_variance   | 0.884      |
|    learning_rate        | 0.000137   |
|    loss                 | 0.337      |
|    n_updates            | 6989       |
|    policy_gradient_loss | 0.0692     |
|    std                  | 0.0359     |
|    value_loss           | 0.111      |
----------------------------------------
Early stopping at step 0 due to reaching max kl: 1.45
PPO progress: 1085449/1000000 (109%) | ep_rew_mean=130.62 | ep_len_mean=186 | episodes=100 | fps=472
PPO progress: 1086449/1000000 (109%) | ep_rew_mean=135.98 | ep_len_mean=194 | episodes=100 | fps=468
----------------------------------------
| rollout/                |            |
|    ep_len_mean          | 194        |
|    ep_rew_mean          | 136        |
| time/                   |            |
|    fps                  | 37         |
|    iterations           | 84         |
|    time_elapsed         | 2321       |
|    total_timesteps      | 1086464    |
| train/                  |            |
|    approx_kl            | 0.28595096 |
|    clip_fraction        | 0.5        |
|    clip_range           | 0.2        |
|    clip_range_vf        | 0.2        |
|    entropy_loss         | 3.85       |
|    explained_variance   | 0.829      |
|    learning_rate        | 0.000137   |
|    loss                 | 0.215      |
|    n_updates            | 6990       |
|    policy_gradient_loss | 0.054      |
|    std                  | 0.0359     |
|    value_loss           | 0.103      |
----------------------------------------
Early stopping at step 1 due to reaching max kl: 2.13
PPO progress: 1087449/1000000 (109%) | ep_rew_mean=139.02 | ep_len_mean=200 | episodes=100 | fps=462
---------------------------------------
| rollout/                |           |
|    ep_len_mean          | 200       |
|    ep_rew_mean          | 139       |
| time/                   |           |
|    fps                  | 36        |
|    iterations           | 85        |
|    time_elapsed         | 2353      |
|    total_timesteps      | 1087488   |
| train/                  |           |
|    approx_kl            | 0.7042927 |
|    clip_fraction        | 0.568     |
|    clip_range           | 0.2       |
|    clip_range_vf        | 0.2       |
|    entropy_loss         | 3.85      |
|    explained_variance   | 0.964     |
|    learning_rate        | 0.000137  |
|    loss                 | 0.407     |
|    n_updates            | 6992      |
|    policy_gradient_loss | 0.0681    |
|    std                  | 0.0359    |
|    value_loss           | 0.0176    |
---------------------------------------
2026-07-04T11:03:37Z [12,958ms] [Warning] [omni.physx.plugin] The rigid body at /World/Cobraflex/Geometry/base_footprint/base_link/body_link/zedm_camera_link has a possibly invalid inertia tensor of {1.0, 1.0, 1.0} and a negative mass, small sphere approximated inertia was used. Either specify correct values in the mass properties, or add collider(s) to any shape(s) that you wish to automatically compute mass properties for.
2026-07-04T11:03:38Z [13,403ms] [Warning] [omni.rtx] DLSS increasing input dimensions: Render resolution of (320, 180) is below minimal input resolution of 300.
2026-07-04T11:03:38Z [13,459ms] [Warning] [omni.fabric.plugin] Warning: attribute deviceIds not found for path /Render/OmniverseKit/HydraTextures/Replicator

2026-07-04T11:03:38Z [13,470ms] [Warning] [omni.syntheticdata.plugin] OgnSdPostRenderVarToHost : rendervar copy from texture directly to host buffer is counter-performant. Please use copy from texture to device buffer first.
2026-07-04T11:43:17Z [2,392,589ms] [Error] [omni.kit.app._impl] [py stderr]: /media/samuel/Fast_SSD/SE4AI/thesis_repo/src/cobraflex_rl/cobraflex_rl/cv_lane_estimator.py:253: RankWarning: Polyfit may be poorly conditioned
  c2, c1, c0 = np.polyfit(xs, ys, 2)
Early stopping at step 1 due to reaching max kl: 1.17
PPO progress: 1088449/1000000 (109%) | ep_rew_mean=140.61 | ep_len_mean=200 | episodes=100 | fps=457
---------------------------------------
| rollout/                |           |
|    ep_len_mean          | 200       |
|    ep_rew_mean          | 141       |
| time/                   |           |
|    fps                  | 36        |
|    iterations           | 86        |
|    time_elapsed         | 2381      |
|    total_timesteps      | 1088512   |
| train/                  |           |
|    approx_kl            | 1.1665629 |
|    clip_fraction        | 0.578     |
|    clip_range           | 0.2       |
|    clip_range_vf        | 0.2       |
|    entropy_loss         | 3.85      |
|    explained_variance   | 0.903     |
|    learning_rate        | 0.000137  |
|    loss                 | 0.131     |
|    n_updates            | 6994      |
|    policy_gradient_loss | 0.0874    |
|    std                  | 0.0359    |
|    value_loss           | 0.0608    |
---------------------------------------
Early stopping at step 1 due to reaching max kl: 2.80
PPO progress: 1089449/1000000 (109%) | ep_rew_mean=139.68 | ep_len_mean=200 | episodes=100 | fps=452
----------------------------------------
| rollout/                |            |
|    ep_len_mean          | 199        |
|    ep_rew_mean          | 139        |
| time/                   |            |
|    fps                  | 36         |
|    iterations           | 87         |
|    time_elapsed         | 2412       |
|    total_timesteps      | 1089536    |
| train/                  |            |
|    approx_kl            | 0.72938263 |
|    clip_fraction        | 0.585      |
|    clip_range           | 0.2        |
|    clip_range_vf        | 0.2        |
|    entropy_loss         | 3.85       |
|    explained_variance   | 0.741      |
|    learning_rate        | 0.000137   |
|    loss                 | 0.695      |
|    n_updates            | 6996       |
|    policy_gradient_loss | 0.0722     |
|    std                  | 0.036      |
|    value_loss           | 0.22       |
----------------------------------------
Early stopping at step 1 due to reaching max kl: 0.77
PPO progress: 1090449/1000000 (109%) | ep_rew_mean=141.32 | ep_len_mean=201 | episodes=100 | fps=447
---------------------------------------
| rollout/                |           |
|    ep_len_mean          | 201       |
|    ep_rew_mean          | 141       |
| time/                   |           |
|    fps                  | 36        |
|    iterations           | 88        |
|    time_elapsed         | 2439      |
|    total_timesteps      | 1090560   |
| train/                  |           |
|    approx_kl            | 0.6118652 |
|    clip_fraction        | 0.531     |
|    clip_range           | 0.2       |
|    clip_range_vf        | 0.2       |
|    entropy_loss         | 3.85      |
|    explained_variance   | 0.95      |
|    learning_rate        | 0.000137  |
|    loss                 | 0.0405    |
|    n_updates            | 6998      |
|    policy_gradient_loss | 0.0517    |
|    std                  | 0.036     |
|    value_loss           | 0.0365    |
---------------------------------------
Early stopping at step 0 due to reaching max kl: 1.26
PPO progress: 1091449/1000000 (109%) | ep_rew_mean=145.86 | ep_len_mean=208 | episodes=100 | fps=442
----------------------------------------
| rollout/                |            |
|    ep_len_mean          | 208        |
|    ep_rew_mean          | 146        |
| time/                   |            |
|    fps                  | 36         |
|    iterations           | 89         |
|    time_elapsed         | 2468       |
|    total_timesteps      | 1091584    |
| train/                  |            |
|    approx_kl            | 0.37942332 |
|    clip_fraction        | 0.593      |
|    clip_range           | 0.2        |
|    clip_range_vf        | 0.2        |
|    entropy_loss         | 3.84       |
|    explained_variance   | 0.942      |
|    learning_rate        | 0.000136   |
|    loss                 | 0.29       |
|    n_updates            | 6999       |
|    policy_gradient_loss | 0.0863     |
|    std                  | 0.036      |
|    value_loss           | 0.0475     |
----------------------------------------
Early stopping at step 0 due to reaching max kl: 1.04
PPO progress: 1092449/1000000 (109%) | ep_rew_mean=140.41 | ep_len_mean=194 | episodes=100 | fps=438
--------------------------------------
| rollout/                |          |
|    ep_len_mean          | 194      |
|    ep_rew_mean          | 140      |
| time/                   |          |
|    fps                  | 36       |
|    iterations           | 90       |
|    time_elapsed         | 2494     |
|    total_timesteps      | 1092608  |
| train/                  |          |
|    approx_kl            | 0.272549 |
|    clip_fraction        | 0.495    |
|    clip_range           | 0.2      |
|    clip_range_vf        | 0.2      |
|    entropy_loss         | 3.84     |
|    explained_variance   | 0.935    |
|    learning_rate        | 0.000136 |
|    loss                 | 0.129    |
|    n_updates            | 7000     |
|    policy_gradient_loss | 0.108    |
|    std                  | 0.036    |
|    value_loss           | 0.0573   |
--------------------------------------
Early stopping at step 0 due to reaching max kl: 0.81
PPO progress: 1093449/1000000 (109%) | ep_rew_mean=140.75 | ep_len_mean=196 | episodes=100 | fps=433
----------------------------------------
| rollout/                |            |
|    ep_len_mean          | 196        |
|    ep_rew_mean          | 141        |
| time/                   |            |
|    fps                  | 36         |
|    iterations           | 91         |
|    time_elapsed         | 2525       |
|    total_timesteps      | 1093632    |
| train/                  |            |
|    approx_kl            | 0.20019637 |
|    clip_fraction        | 0.502      |
|    clip_range           | 0.2        |
|    clip_range_vf        | 0.2        |
|    entropy_loss         | 3.84       |
|    explained_variance   | 0.898      |
|    learning_rate        | 0.000136   |
|    loss                 | 0.655      |
|    n_updates            | 7001       |
|    policy_gradient_loss | 0.118      |
|    std                  | 0.036      |
|    value_loss           | 0.154      |
----------------------------------------
Early stopping at step 1 due to reaching max kl: 6.76
PPO progress: 1094449/1000000 (109%) | ep_rew_mean=147.29 | ep_len_mean=205 | episodes=100 | fps=429
--------------------------------------
| rollout/                |          |
|    ep_len_mean          | 197      |
|    ep_rew_mean          | 144      |
| time/                   |          |
|    fps                  | 36       |
|    iterations           | 92       |
|    time_elapsed         | 2555     |
|    total_timesteps      | 1094656  |
| train/                  |          |
|    approx_kl            | 6.759297 |
|    clip_fraction        | 0.595    |
|    clip_range           | 0.2      |
|    clip_range_vf        | 0.2      |
|    entropy_loss         | 3.84     |
|    explained_variance   | 0.885    |
|    learning_rate        | 0.000136 |
|    loss                 | 0.0801   |
|    n_updates            | 7003     |
|    policy_gradient_loss | 0.073    |
|    std                  | 0.0361   |
|    value_loss           | 0.0772   |
--------------------------------------
Early stopping at step 0 due to reaching max kl: 0.78
PPO progress: 1095449/1000000 (110%) | ep_rew_mean=142.15 | ep_len_mean=195 | episodes=100 | fps=424
----------------------------------------
| rollout/                |            |
|    ep_len_mean          | 190        |
|    ep_rew_mean          | 138        |
| time/                   |            |
|    fps                  | 36         |
|    iterations           | 93         |
|    time_elapsed         | 2583       |
|    total_timesteps      | 1095680    |
| train/                  |            |
|    approx_kl            | 0.22785376 |
|    clip_fraction        | 0.533      |
|    clip_range           | 0.2        |
|    clip_range_vf        | 0.2        |
|    entropy_loss         | 3.84       |
|    explained_variance   | 0.901      |
|    learning_rate        | 0.000136   |
|    loss                 | 0.886      |
|    n_updates            | 7004       |
|    policy_gradient_loss | 0.114      |
|    std                  | 0.0361     |
|    value_loss           | 0.0747     |
----------------------------------------
Early stopping at step 1 due to reaching max kl: 1.55
PPO progress: 1096449/1000000 (110%) | ep_rew_mean=141.36 | ep_len_mean=193 | episodes=100 | fps=421
---------------------------------------
| rollout/                |           |
|    ep_len_mean          | 199       |
|    ep_rew_mean          | 146       |
| time/                   |           |
|    fps                  | 36        |
|    iterations           | 94        |
|    time_elapsed         | 2612      |
|    total_timesteps      | 1096704   |
| train/                  |           |
|    approx_kl            | 1.1256846 |
|    clip_fraction        | 0.556     |
|    clip_range           | 0.2       |
|    clip_range_vf        | 0.2       |
|    entropy_loss         | 3.84      |
|    explained_variance   | 0.959     |
|    learning_rate        | 0.000136  |
|    loss                 | 0.0427    |
|    n_updates            | 7006      |
|    policy_gradient_loss | 0.0799    |
|    std                  | 0.0361    |
|    value_loss           | 0.0463    |
---------------------------------------
Early stopping at step 0 due to reaching max kl: 1.91
PPO progress: 1097449/1000000 (110%) | ep_rew_mean=143.79 | ep_len_mean=193 | episodes=100 | fps=416
---------------------------------------
| rollout/                |           |
|    ep_len_mean          | 193       |
|    ep_rew_mean          | 144       |
| time/                   |           |
|    fps                  | 36        |
|    iterations           | 95        |
|    time_elapsed         | 2640      |
|    total_timesteps      | 1097728   |
| train/                  |           |
|    approx_kl            | 0.3804977 |
|    clip_fraction        | 0.604     |
|    clip_range           | 0.2       |
|    clip_range_vf        | 0.2       |
|    entropy_loss         | 3.84      |
|    explained_variance   | 0.962     |
|    learning_rate        | 0.000136  |
|    loss                 | 0.127     |
|    n_updates            | 7007      |
|    policy_gradient_loss | 0.138     |
|    std                  | 0.0362    |
|    value_loss           | 0.0356    |
---------------------------------------
Early stopping at step 0 due to reaching max kl: 0.92
PPO progress: 1098449/1000000 (110%) | ep_rew_mean=138.57 | ep_len_mean=182 | episodes=100 | fps=413
----------------------------------------
| rollout/                |            |
|    ep_len_mean          | 182        |
|    ep_rew_mean          | 139        |
| time/                   |            |
|    fps                  | 36         |
|    iterations           | 96         |
|    time_elapsed         | 2666       |
|    total_timesteps      | 1098752    |
| train/                  |            |
|    approx_kl            | 0.23629138 |
|    clip_fraction        | 0.509      |
|    clip_range           | 0.2        |
|    clip_range_vf        | 0.2        |
|    entropy_loss         | 3.83       |
|    explained_variance   | 0.827      |
|    learning_rate        | 0.000135   |
|    loss                 | 0.269      |
|    n_updates            | 7008       |
|    policy_gradient_loss | 0.0639     |
|    std                  | 0.0362     |
|    value_loss           | 0.191      |
----------------------------------------
Early stopping at step 0 due to reaching max kl: 0.85
PPO progress: 1099449/1000000 (110%) | ep_rew_mean=144.18 | ep_len_mean=191 | episodes=100 | fps=409
----------------------------------------
| rollout/                |            |
|    ep_len_mean          | 195        |
|    ep_rew_mean          | 148        |
| time/                   |            |
|    fps                  | 36         |
|    iterations           | 97         |
|    time_elapsed         | 2692       |
|    total_timesteps      | 1099776    |
| train/                  |            |
|    approx_kl            | 0.24420907 |
|    clip_fraction        | 0.494      |
|    clip_range           | 0.2        |
|    clip_range_vf        | 0.2        |
|    entropy_loss         | 3.83       |
|    explained_variance   | 0.741      |
|    learning_rate        | 0.000135   |
|    loss                 | 0.143      |
|    n_updates            | 7009       |
|    policy_gradient_loss | 0.0595     |
|    std                  | 0.0362     |
|    value_loss           | 0.262      |
----------------------------------------
Early stopping at step 0 due to reaching max kl: 1.07
PPO progress: 1100449/1000000 (110%) | ep_rew_mean=149.73 | ep_len_mean=197 | episodes=100 | fps=405
---------------------------------------
| rollout/                |           |
|    ep_len_mean          | 188       |
|    ep_rew_mean          | 142       |
| time/                   |           |
|    fps                  | 36        |
|    iterations           | 98        |
|    time_elapsed         | 2725      |
|    total_timesteps      | 1100800   |
| train/                  |           |
|    approx_kl            | 0.3360179 |
|    clip_fraction        | 0.568     |
|    clip_range           | 0.2       |
|    clip_range_vf        | 0.2       |
|    entropy_loss         | 3.83      |
|    explained_variance   | 0.934     |
|    learning_rate        | 0.000135  |
|    loss                 | 0.112     |
|    n_updates            | 7010      |
|    policy_gradient_loss | 0.0876    |
|    std                  | 0.0362    |
|    value_loss           | 0.0236    |
---------------------------------------
Early stopping at step 1 due to reaching max kl: 0.88
PPO progress: 1101449/1000000 (110%) | ep_rew_mean=141.33 | ep_len_mean=188 | episodes=100 | fps=401
----------------------------------------
| rollout/                |            |
|    ep_len_mean          | 186        |
|    ep_rew_mean          | 141        |
| time/                   |            |
|    fps                  | 36         |
|    iterations           | 99         |
|    time_elapsed         | 2757       |
|    total_timesteps      | 1101824    |
| train/                  |            |
|    approx_kl            | 0.61422575 |
|    clip_fraction        | 0.6        |
|    clip_range           | 0.2        |
|    clip_range_vf        | 0.2        |
|    entropy_loss         | 3.83       |
|    explained_variance   | 0.883      |
|    learning_rate        | 0.000135   |
|    loss                 | 0.215      |
|    n_updates            | 7012       |
|    policy_gradient_loss | 0.0525     |
|    std                  | 0.0363     |
|    value_loss           | 0.106      |
----------------------------------------
Early stopping at step 1 due to reaching max kl: 0.75
PPO progress: 1102449/1000000 (110%) | ep_rew_mean=131.96 | ep_len_mean=175 | episodes=100 | fps=396
----------------------------------------
| rollout/                |            |
|    ep_len_mean          | 178        |
|    ep_rew_mean          | 135        |
| time/                   |            |
|    fps                  | 36         |
|    iterations           | 100        |
|    time_elapsed         | 2787       |
|    total_timesteps      | 1102848    |
| train/                  |            |
|    approx_kl            | 0.61374825 |
|    clip_fraction        | 0.55       |
|    clip_range           | 0.2        |
|    clip_range_vf        | 0.2        |
|    entropy_loss         | 3.83       |
|    explained_variance   | 0.93       |
|    learning_rate        | 0.000135   |
|    loss                 | 0.109      |
|    n_updates            | 7014       |
|    policy_gradient_loss | 0.103      |
|    std                  | 0.0363     |
|    value_loss           | 0.0629     |
----------------------------------------
Early stopping at step 2 due to reaching max kl: 0.75
PPO progress: 1103449/1000000 (110%) | ep_rew_mean=134.84 | ep_len_mean=178 | episodes=100 | fps=393
--------------------------------------
| rollout/                |          |
|    ep_len_mean          | 186      |
|    ep_rew_mean          | 139      |
| time/                   |          |
|    fps                  | 36       |
|    iterations           | 101      |
|    time_elapsed         | 2813     |
|    total_timesteps      | 1103872  |
| train/                  |          |
|    approx_kl            | 0.541346 |
|    clip_fraction        | 0.633    |
|    clip_range           | 0.2      |
|    clip_range_vf        | 0.2      |
|    entropy_loss         | 3.83     |
|    explained_variance   | 0.952    |
|    learning_rate        | 0.000135 |
|    loss                 | 0.0599   |
|    n_updates            | 7017     |
|    policy_gradient_loss | 0.033    |
|    std                  | 0.0363   |
|    value_loss           | 0.0418   |
--------------------------------------
Early stopping at step 0 due to reaching max kl: 0.85
PPO progress: 1104449/1000000 (110%) | ep_rew_mean=139.02 | ep_len_mean=186 | episodes=100 | fps=390
----------------------------------------
| rollout/                |            |
|    ep_len_mean          | 178        |
|    ep_rew_mean          | 133        |
| time/                   |            |
|    fps                  | 36         |
|    iterations           | 102        |
|    time_elapsed         | 2839       |
|    total_timesteps      | 1104896    |
| train/                  |            |
|    approx_kl            | 0.26197654 |
|    clip_fraction        | 0.474      |
|    clip_range           | 0.2        |
|    clip_range_vf        | 0.2        |
|    entropy_loss         | 3.83       |
|    explained_variance   | 0.964      |
|    learning_rate        | 0.000134   |
|    loss                 | 0.202      |
|    n_updates            | 7018       |
|    policy_gradient_loss | 0.104      |
|    std                  | 0.0363     |
|    value_loss           | 0.0195     |
----------------------------------------
Early stopping at step 1 due to reaching max kl: 0.78
PPO progress: 1105449/1000000 (111%) | ep_rew_mean=128.71 | ep_len_mean=171 | episodes=100 | fps=387
----------------------------------------
| rollout/                |            |
|    ep_len_mean          | 176        |
|    ep_rew_mean          | 133        |
| time/                   |            |
|    fps                  | 36         |
|    iterations           | 103        |
|    time_elapsed         | 2865       |
|    total_timesteps      | 1105920    |
| train/                  |            |
|    approx_kl            | 0.43884304 |
|    clip_fraction        | 0.586      |
|    clip_range           | 0.2        |
|    clip_range_vf        | 0.2        |
|    entropy_loss         | 3.82       |
|    explained_variance   | 0.908      |
|    learning_rate        | 0.000134   |
|    loss                 | 0.124      |
|    n_updates            | 7020       |
|    policy_gradient_loss | 0.0288     |
|    std                  | 0.0364     |
|    value_loss           | 0.0618     |
----------------------------------------
Early stopping at step 0 due to reaching max kl: 0.98
PPO progress: 1106449/1000000 (111%) | ep_rew_mean=133.24 | ep_len_mean=176 | episodes=100 | fps=384
---------------------------------------
| rollout/                |           |
|    ep_len_mean          | 185       |
|    ep_rew_mean          | 138       |
| time/                   |           |
|    fps                  | 36        |
|    iterations           | 104       |
|    time_elapsed         | 2894      |
|    total_timesteps      | 1106944   |
| train/                  |           |
|    approx_kl            | 0.3020617 |
|    clip_fraction        | 0.555     |
|    clip_range           | 0.2       |
|    clip_range_vf        | 0.2       |
|    entropy_loss         | 3.82      |
|    explained_variance   | 0.885     |
|    learning_rate        | 0.000134  |
|    loss                 | 0.114     |
|    n_updates            | 7021      |
|    policy_gradient_loss | 0.0614    |
|    std                  | 0.0364    |
|    value_loss           | 0.136     |
---------------------------------------
Early stopping at step 1 due to reaching max kl: 0.78
PPO progress: 1107449/1000000 (111%) | ep_rew_mean=141.97 | ep_len_mean=190 | episodes=100 | fps=380
----------------------------------------
| rollout/                |            |
|    ep_len_mean          | 193        |
|    ep_rew_mean          | 145        |
| time/                   |            |
|    fps                  | 36         |
|    iterations           | 105        |
|    time_elapsed         | 2920       |
|    total_timesteps      | 1107968    |
| train/                  |            |
|    approx_kl            | 0.46417147 |
|    clip_fraction        | 0.615      |
|    clip_range           | 0.2        |
|    clip_range_vf        | 0.2        |
|    entropy_loss         | 3.82       |
|    explained_variance   | 0.93       |
|    learning_rate        | 0.000134   |
|    loss                 | 0.063      |
|    n_updates            | 7023       |
|    policy_gradient_loss | 0.0578     |
|    std                  | 0.0364     |
|    value_loss           | 0.041      |
----------------------------------------
Early stopping at step 1 due to reaching max kl: 1.38
PPO progress: 1108449/1000000 (111%) | ep_rew_mean=137.45 | ep_len_mean=183 | episodes=100 | fps=377
----------------------------------------
| rollout/                |            |
|    ep_len_mean          | 177        |
|    ep_rew_mean          | 135        |
| time/                   |            |
|    fps                  | 36         |
|    iterations           | 106        |
|    time_elapsed         | 2947       |
|    total_timesteps      | 1108992    |
| train/                  |            |
|    approx_kl            | 0.70782495 |
|    clip_fraction        | 0.589      |
|    clip_range           | 0.2        |
|    clip_range_vf        | 0.2        |
|    entropy_loss         | 3.82       |
|    explained_variance   | 0.792      |
|    learning_rate        | 0.000134   |
|    loss                 | 0.193      |
|    n_updates            | 7025       |
|    policy_gradient_loss | 0.063      |
|    std                  | 0.0365     |
|    value_loss           | 0.163      |
----------------------------------------
Early stopping at step 1 due to reaching max kl: 0.97
PPO progress: 1109449/1000000 (111%) | ep_rew_mean=134.61 | ep_len_mean=177 | episodes=100 | fps=374
---------------------------------------
| rollout/                |           |
|    ep_len_mean          | 182       |
|    ep_rew_mean          | 136       |
| time/                   |           |
|    fps                  | 36        |
|    iterations           | 107       |
|    time_elapsed         | 2975      |
|    total_timesteps      | 1110016   |
| train/                  |           |
|    approx_kl            | 0.8248762 |
|    clip_fraction        | 0.597     |
|    clip_range           | 0.2       |
|    clip_range_vf        | 0.2       |
|    entropy_loss         | 3.82      |
|    explained_variance   | 0.716     |
|    learning_rate        | 0.000134  |
|    loss                 | 0.289     |
|    n_updates            | 7027      |
|    policy_gradient_loss | 0.101     |
|    std                  | 0.0365    |
|    value_loss           | 0.311     |
---------------------------------------
Early stopping at step 0 due to reaching max kl: 0.76
PPO progress: 1110449/1000000 (111%) | ep_rew_mean=134.83 | ep_len_mean=181 | episodes=100 | fps=371
---------------------------------------
| rollout/                |           |
|    ep_len_mean          | 186       |
|    ep_rew_mean          | 140       |
| time/                   |           |
|    fps                  | 36        |
|    iterations           | 108       |
|    time_elapsed         | 3002      |
|    total_timesteps      | 1111040   |
| train/                  |           |
|    approx_kl            | 0.2468818 |
|    clip_fraction        | 0.51      |
|    clip_range           | 0.2       |
|    clip_range_vf        | 0.2       |
|    entropy_loss         | 3.81      |
|    explained_variance   | 0.928     |
|    learning_rate        | 0.000134  |
|    loss                 | 0.152     |
|    n_updates            | 7028      |
|    policy_gradient_loss | 0.0819    |
|    std                  | 0.0366    |
|    value_loss           | 0.0273    |
---------------------------------------
Early stopping at step 0 due to reaching max kl: 1.07
PPO progress: 1111449/1000000 (111%) | ep_rew_mean=139.67 | ep_len_mean=186 | episodes=100 | fps=368
----------------------------------------
| rollout/                |            |
|    ep_len_mean          | 190        |
|    ep_rew_mean          | 139        |
| time/                   |            |
|    fps                  | 36         |
|    iterations           | 109        |
|    time_elapsed         | 3031       |
|    total_timesteps      | 1112064    |
| train/                  |            |
|    approx_kl            | 0.28840142 |
|    clip_fraction        | 0.533      |
|    clip_range           | 0.2        |
|    clip_range_vf        | 0.2        |
|    entropy_loss         | 3.81       |
|    explained_variance   | 0.806      |
|    learning_rate        | 0.000133   |
|    loss                 | 0.274      |
|    n_updates            | 7029       |
|    policy_gradient_loss | 0.115      |
|    std                  | 0.0366     |
|    value_loss           | 0.149      |
----------------------------------------
Early stopping at step 1 due to reaching max kl: 0.86
PPO progress: 1112449/1000000 (111%) | ep_rew_mean=132.82 | ep_len_mean=181 | episodes=100 | fps=364
---------------------------------------
| rollout/                |           |
|    ep_len_mean          | 184       |
|    ep_rew_mean          | 134       |
| time/                   |           |
|    fps                  | 36        |
|    iterations           | 110       |
|    time_elapsed         | 3064      |
|    total_timesteps      | 1113088   |
| train/                  |           |
|    approx_kl            | 0.8616773 |
|    clip_fraction        | 0.53      |
|    clip_range           | 0.2       |
|    clip_range_vf        | 0.2       |
|    entropy_loss         | 3.81      |
|    explained_variance   | 0.95      |
|    learning_rate        | 0.000133  |
|    loss                 | 0.0279    |
|    n_updates            | 7031      |
|    policy_gradient_loss | 0.0678    |
|    std                  | 0.0366    |
|    value_loss           | 0.0338    |
---------------------------------------
Early stopping at step 1 due to reaching max kl: 1.15
PPO progress: 1113449/1000000 (111%) | ep_rew_mean=136.95 | ep_len_mean=185 | episodes=100 | fps=361
----------------------------------------
| rollout/                |            |
|    ep_len_mean          | 185        |
|    ep_rew_mean          | 137        |
| time/                   |            |
|    fps                  | 36         |
|    iterations           | 111        |
|    time_elapsed         | 3095       |
|    total_timesteps      | 1114112    |
| train/                  |            |
|    approx_kl            | 0.72244245 |
|    clip_fraction        | 0.566      |
|    clip_range           | 0.2        |
|    clip_range_vf        | 0.2        |
|    entropy_loss         | 3.81       |
|    explained_variance   | 0.936      |
|    learning_rate        | 0.000133   |
|    loss                 | 0.0866     |
|    n_updates            | 7033       |
|    policy_gradient_loss | 0.0897     |
|    std                  | 0.0367     |
|    value_loss           | 0.0421     |
----------------------------------------
Early stopping at step 1 due to reaching max kl: 1.08
PPO progress: 1114449/1000000 (111%) | ep_rew_mean=139.98 | ep_len_mean=193 | episodes=100 | fps=359
---------------------------------------
| rollout/                |           |
|    ep_len_mean          | 196       |
|    ep_rew_mean          | 144       |
| time/                   |           |
|    fps                  | 36        |
|    iterations           | 112       |
|    time_elapsed         | 3121      |
|    total_timesteps      | 1115136   |
| train/                  |           |
|    approx_kl            | 0.7364957 |
|    clip_fraction        | 0.582     |
|    clip_range           | 0.2       |
|    clip_range_vf        | 0.2       |
|    entropy_loss         | 3.81      |
|    explained_variance   | 0.967     |
|    learning_rate        | 0.000133  |
|    loss                 | 0.0688    |
|    n_updates            | 7035      |
|    policy_gradient_loss | 0.0819    |
|    std                  | 0.0367    |
|    value_loss           | 0.028     |
---------------------------------------
Early stopping at step 0 due to reaching max kl: 1.39
PPO progress: 1115449/1000000 (112%) | ep_rew_mean=142.24 | ep_len_mean=195 | episodes=100 | fps=356
----------------------------------------
| rollout/                |            |
|    ep_len_mean          | 202        |
|    ep_rew_mean          | 146        |
| time/                   |            |
|    fps                  | 36         |
|    iterations           | 113        |
|    time_elapsed         | 3149       |
|    total_timesteps      | 1116160    |
| train/                  |            |
|    approx_kl            | 0.37282807 |
|    clip_fraction        | 0.581      |
|    clip_range           | 0.2        |
|    clip_range_vf        | 0.2        |
|    entropy_loss         | 3.81       |
|    explained_variance   | 0.886      |
|    learning_rate        | 0.000133   |
|    loss                 | 1.9        |
|    n_updates            | 7036       |
|    policy_gradient_loss | 0.235      |
|    std                  | 0.0367     |
|    value_loss           | 0.138      |
----------------------------------------
Early stopping at step 0 due to reaching max kl: 1.16
PPO progress: 1116449/1000000 (112%) | ep_rew_mean=137.36 | ep_len_mean=192 | episodes=100 | fps=353
--------------------------------------
| rollout/                |          |
|    ep_len_mean          | 192      |
|    ep_rew_mean          | 137      |
| time/                   |          |
|    fps                  | 36       |
|    iterations           | 114      |
|    time_elapsed         | 3177     |
|    total_timesteps      | 1117184  |
| train/                  |          |
|    approx_kl            | 0.271146 |
|    clip_fraction        | 0.459    |
|    clip_range           | 0.2      |
|    clip_range_vf        | 0.2      |
|    entropy_loss         | 3.81     |
|    explained_variance   | 0.833    |
|    learning_rate        | 0.000133 |
|    loss                 | 0.349    |
|    n_updates            | 7037     |
|    policy_gradient_loss | 0.0522   |
|    std                  | 0.0367   |
|    value_loss           | 0.122    |
--------------------------------------
Early stopping at step 0 due to reaching max kl: 1.05
PPO progress: 1117449/1000000 (112%) | ep_rew_mean=140.94 | ep_len_mean=200 | episodes=100 | fps=350
----------------------------------------
| rollout/                |            |
|    ep_len_mean          | 200        |
|    ep_rew_mean          | 141        |
| time/                   |            |
|    fps                  | 36         |
|    iterations           | 115        |
|    time_elapsed         | 3202       |
|    total_timesteps      | 1118208    |
| train/                  |            |
|    approx_kl            | 0.29142156 |
|    clip_fraction        | 0.519      |
|    clip_range           | 0.2        |
|    clip_range_vf        | 0.2        |
|    entropy_loss         | 3.8        |
|    explained_variance   | 0.521      |
|    learning_rate        | 0.000132   |
|    loss                 | 0.328      |
|    n_updates            | 7038       |
|    policy_gradient_loss | 0.195      |
|    std                  | 0.0368     |
|    value_loss           | 0.249      |
----------------------------------------
Early stopping at step 1 due to reaching max kl: 1.06
PPO progress: 1118449/1000000 (112%) | ep_rew_mean=140.10 | ep_len_mean=202 | episodes=100 | fps=348
----------------------------------------
| rollout/                |            |
|    ep_len_mean          | 206        |
|    ep_rew_mean          | 143        |
| time/                   |            |
|    fps                  | 36         |
|    iterations           | 116        |
|    time_elapsed         | 3230       |
|    total_timesteps      | 1119232    |
| train/                  |            |
|    approx_kl            | 0.78869873 |
|    clip_fraction        | 0.57       |
|    clip_range           | 0.2        |
|    clip_range_vf        | 0.2        |
|    entropy_loss         | 3.8        |
|    explained_variance   | 0.932      |
|    learning_rate        | 0.000132   |
|    loss                 | 0.0537     |
|    n_updates            | 7040       |
|    policy_gradient_loss | 0.0541     |
|    std                  | 0.0368     |
|    value_loss           | 0.0377     |
----------------------------------------
Early stopping at step 1 due to reaching max kl: 1.53
PPO progress: 1119449/1000000 (112%) | ep_rew_mean=142.60 | ep_len_mean=206 | episodes=100 | fps=345
--------------------------------------
| rollout/                |          |
|    ep_len_mean          | 212      |
|    ep_rew_mean          | 146      |
| time/                   |          |
|    fps                  | 36       |
|    iterations           | 117      |
|    time_elapsed         | 3255     |
|    total_timesteps      | 1120256  |
| train/                  |          |
|    approx_kl            | 1.532884 |
|    clip_fraction        | 0.496    |
|    clip_range           | 0.2      |
|    clip_range_vf        | 0.2      |
|    entropy_loss         | 3.8      |
|    explained_variance   | 0.96     |
|    learning_rate        | 0.000132 |
|    loss                 | 0.0955   |
|    n_updates            | 7042     |
|    policy_gradient_loss | 0.0974   |
|    std                  | 0.0368   |
|    value_loss           | 0.036    |
--------------------------------------
Early stopping at step 0 due to reaching max kl: 0.81
PPO progress: 1120449/1000000 (112%) | ep_rew_mean=146.23 | ep_len_mean=212 | episodes=100 | fps=343
----------------------------------------
| rollout/                |            |
|    ep_len_mean          | 217        |
|    ep_rew_mean          | 148        |
| time/                   |            |
|    fps                  | 36         |
|    iterations           | 118        |
|    time_elapsed         | 3283       |
|    total_timesteps      | 1121280    |
| train/                  |            |
|    approx_kl            | 0.23332687 |
|    clip_fraction        | 0.498      |
|    clip_range           | 0.2        |
|    clip_range_vf        | 0.2        |
|    entropy_loss         | 3.8        |
|    explained_variance   | 0.866      |
|    learning_rate        | 0.000132   |
|    loss                 | 0.191      |
|    n_updates            | 7043       |
|    policy_gradient_loss | 0.072      |
|    std                  | 0.0369     |
|    value_loss           | 0.0622     |
----------------------------------------
Early stopping at step 0 due to reaching max kl: 0.83
PPO progress: 1121449/1000000 (112%) | ep_rew_mean=147.53 | ep_len_mean=217 | episodes=100 | fps=341
----------------------------------------
| rollout/                |            |
|    ep_len_mean          | 222        |
|    ep_rew_mean          | 151        |
| time/                   |            |
|    fps                  | 36         |
|    iterations           | 119        |
|    time_elapsed         | 3310       |
|    total_timesteps      | 1122304    |
| train/                  |            |
|    approx_kl            | 0.21041055 |
|    clip_fraction        | 0.331      |
|    clip_range           | 0.2        |
|    clip_range_vf        | 0.2        |
|    entropy_loss         | 3.8        |
|    explained_variance   | 0.884      |
|    learning_rate        | 0.000132   |
|    loss                 | 0.719      |
|    n_updates            | 7044       |
|    policy_gradient_loss | 0.174      |
|    std                  | 0.0369     |
|    value_loss           | 0.109      |
----------------------------------------
Early stopping at step 1 due to reaching max kl: 0.77
PPO progress: 1122449/1000000 (112%) | ep_rew_mean=149.25 | ep_len_mean=218 | episodes=100 | fps=338
---------------------------------------
| rollout/                |           |
|    ep_len_mean          | 218       |
|    ep_rew_mean          | 149       |
| time/                   |           |
|    fps                  | 36        |
|    iterations           | 120       |
|    time_elapsed         | 3336      |
|    total_timesteps      | 1123328   |
| train/                  |           |
|    approx_kl            | 0.6172069 |
|    clip_fraction        | 0.549     |
|    clip_range           | 0.2       |
|    clip_range_vf        | 0.2       |
|    entropy_loss         | 3.8       |
|    explained_variance   | 0.962     |
|    learning_rate        | 0.000132  |
|    loss                 | 0.103     |
|    n_updates            | 7046      |
|    policy_gradient_loss | 0.129     |
|    std                  | 0.0369    |
|    value_loss           | 0.0384    |
---------------------------------------
Early stopping at step 0 due to reaching max kl: 0.94
PPO progress: 1123449/1000000 (112%) | ep_rew_mean=153.83 | ep_len_mean=228 | episodes=100 | fps=336
----------------------------------------
| rollout/                |            |
|    ep_len_mean          | 230        |
|    ep_rew_mean          | 155        |
| time/                   |            |
|    fps                  | 36         |
|    iterations           | 121        |
|    time_elapsed         | 3365       |
|    total_timesteps      | 1124352    |
| train/                  |            |
|    approx_kl            | 0.28002664 |
|    clip_fraction        | 0.555      |
|    clip_range           | 0.2        |
|    clip_range_vf        | 0.2        |
|    entropy_loss         | 3.79       |
|    explained_variance   | 0.918      |
|    learning_rate        | 0.000132   |
|    loss                 | 0.129      |
|    n_updates            | 7047       |
|    policy_gradient_loss | 0.179      |
|    std                  | 0.037      |
|    value_loss           | 0.0512     |
----------------------------------------
Early stopping at step 1 due to reaching max kl: 0.89
PPO progress: 1124449/1000000 (112%) | ep_rew_mean=154.99 | ep_len_mean=230 | episodes=100 | fps=333
---------------------------------------
| rollout/                |           |
|    ep_len_mean          | 239       |
|    ep_rew_mean          | 160       |
| time/                   |           |
|    fps                  | 36        |
|    iterations           | 122       |
|    time_elapsed         | 3391      |
|    total_timesteps      | 1125376   |
| train/                  |           |
|    approx_kl            | 0.7515712 |
|    clip_fraction        | 0.53      |
|    clip_range           | 0.2       |
|    clip_range_vf        | 0.2       |
|    entropy_loss         | 3.79      |
|    explained_variance   | 0.944     |
|    learning_rate        | 0.000131  |
|    loss                 | 1.05      |
|    n_updates            | 7049      |
|    policy_gradient_loss | 0.0994    |
|    std                  | 0.037     |
|    value_loss           | 0.0628    |
---------------------------------------
Early stopping at step 1 due to reaching max kl: 0.79
PPO progress: 1125449/1000000 (113%) | ep_rew_mean=159.73 | ep_len_mean=239 | episodes=100 | fps=331
----------------------------------------
| rollout/                |            |
|    ep_len_mean          | 247        |
|    ep_rew_mean          | 165        |
| time/                   |            |
|    fps                  | 36         |
|    iterations           | 123        |
|    time_elapsed         | 3417       |
|    total_timesteps      | 1126400    |
| train/                  |            |
|    approx_kl            | 0.61578655 |
|    clip_fraction        | 0.577      |
|    clip_range           | 0.2        |
|    clip_range_vf        | 0.2        |
|    entropy_loss         | 3.79       |
|    explained_variance   | 0.931      |
|    learning_rate        | 0.000131   |
|    loss                 | 0.0484     |
|    n_updates            | 7051       |
|    policy_gradient_loss | 0.0572     |
|    std                  | 0.037      |
|    value_loss           | 0.0336     |
----------------------------------------
Early stopping at step 1 due to reaching max kl: 0.98
PPO progress: 1126449/1000000 (113%) | ep_rew_mean=165.04 | ep_len_mean=247 | episodes=100 | fps=329
----------------------------------------
| rollout/                |            |
|    ep_len_mean          | 249        |
|    ep_rew_mean          | 165        |
| time/                   |            |
|    fps                  | 36         |
|    iterations           | 124        |
|    time_elapsed         | 3445       |
|    total_timesteps      | 1127424    |
| train/                  |            |
|    approx_kl            | 0.50968194 |
|    clip_fraction        | 0.475      |
|    clip_range           | 0.2        |
|    clip_range_vf        | 0.2        |
|    entropy_loss         | 3.79       |
|    explained_variance   | 0.907      |
|    learning_rate        | 0.000131   |
|    loss                 | 0.0414     |
|    n_updates            | 7053       |
|    policy_gradient_loss | 0.032      |
|    std                  | 0.037      |
|    value_loss           | 0.0462     |
----------------------------------------
Early stopping at step 1 due to reaching max kl: 1.12
PPO progress: 1127449/1000000 (113%) | ep_rew_mean=165.04 | ep_len_mean=249 | episodes=100 | fps=327
----------------------------------------
| rollout/                |            |
|    ep_len_mean          | 256        |
|    ep_rew_mean          | 169        |
| time/                   |            |
|    fps                  | 36         |
|    iterations           | 125        |
|    time_elapsed         | 3473       |
|    total_timesteps      | 1128448    |
| train/                  |            |
|    approx_kl            | 0.83792853 |
|    clip_fraction        | 0.456      |
|    clip_range           | 0.2        |
|    clip_range_vf        | 0.2        |
|    entropy_loss         | 3.79       |
|    explained_variance   | 0.946      |
|    learning_rate        | 0.000131   |
|    loss                 | 0.194      |
|    n_updates            | 7055       |
|    policy_gradient_loss | 0.0499     |
|    std                  | 0.0371     |
|    value_loss           | 0.0322     |
----------------------------------------
Early stopping at step 1 due to reaching max kl: 1.00
PPO progress: 1128449/1000000 (113%) | ep_rew_mean=169.18 | ep_len_mean=256 | episodes=100 | fps=324
PPO progress: 1129449/1000000 (113%) | ep_rew_mean=178.39 | ep_len_mean=272 | episodes=100 | fps=322
---------------------------------------
| rollout/                |           |
|    ep_len_mean          | 272       |
|    ep_rew_mean          | 178       |
| time/                   |           |
|    fps                  | 36        |
|    iterations           | 126       |
|    time_elapsed         | 3501      |
|    total_timesteps      | 1129472   |
| train/                  |           |
|    approx_kl            | 0.5692515 |
|    clip_fraction        | 0.628     |
|    clip_range           | 0.2       |
|    clip_range_vf        | 0.2       |
|    entropy_loss         | 3.79      |
|    explained_variance   | 0.943     |
|    learning_rate        | 0.000131  |
|    loss                 | 0.0622    |
|    n_updates            | 7057      |
|    policy_gradient_loss | 0.0854    |
|    std                  | 0.0371    |
|    value_loss           | 0.0274    |
---------------------------------------
Early stopping at step 1 due to reaching max kl: 0.93
PPO progress: 1130449/1000000 (113%) | ep_rew_mean=177.31 | ep_len_mean=278 | episodes=100 | fps=320
---------------------------------------
| rollout/                |           |
|    ep_len_mean          | 278       |
|    ep_rew_mean          | 177       |
| time/                   |           |
|    fps                  | 36        |
|    iterations           | 127       |
|    time_elapsed         | 3526      |
|    total_timesteps      | 1130496   |
| train/                  |           |
|    approx_kl            | 0.5504307 |
|    clip_fraction        | 0.596     |
|    clip_range           | 0.2       |
|    clip_range_vf        | 0.2       |
|    entropy_loss         | 3.78      |
|    explained_variance   | 0.941     |
|    learning_rate        | 0.000131  |
|    loss                 | 0.106     |
|    n_updates            | 7059      |
|    policy_gradient_loss | 0.0436    |
|    std                  | 0.0372    |
|    value_loss           | 0.0712    |
---------------------------------------
Early stopping at step 0 due to reaching max kl: 0.85
PPO progress: 1131449/1000000 (113%) | ep_rew_mean=171.46 | ep_len_mean=268 | episodes=100 | fps=318
----------------------------------------
| rollout/                |            |
|    ep_len_mean          | 268        |
|    ep_rew_mean          | 171        |
| time/                   |            |
|    fps                  | 36         |
|    iterations           | 128        |
|    time_elapsed         | 3554       |
|    total_timesteps      | 1131520    |
| train/                  |            |
|    approx_kl            | 0.24114813 |
|    clip_fraction        | 0.499      |
|    clip_range           | 0.2        |
|    clip_range_vf        | 0.2        |
|    entropy_loss         | 3.78       |
|    explained_variance   | 0.973      |
|    learning_rate        | 0.00013    |
|    loss                 | 0.306      |
|    n_updates            | 7060       |
|    policy_gradient_loss | 0.0717     |
|    std                  | 0.0372     |
|    value_loss           | 0.0233     |
----------------------------------------
Early stopping at step 1 due to reaching max kl: 0.88
PPO progress: 1132449/1000000 (113%) | ep_rew_mean=173.88 | ep_len_mean=269 | episodes=100 | fps=316
---------------------------------------
| rollout/                |           |
|    ep_len_mean          | 276       |
|    ep_rew_mean          | 176       |
| time/                   |           |
|    fps                  | 36        |
|    iterations           | 129       |
|    time_elapsed         | 3580      |
|    total_timesteps      | 1132544   |
| train/                  |           |
|    approx_kl            | 0.8817687 |
|    clip_fraction        | 0.574     |
|    clip_range           | 0.2       |
|    clip_range_vf        | 0.2       |
|    entropy_loss         | 3.78      |
|    explained_variance   | 0.948     |
|    learning_rate        | 0.00013   |
|    loss                 | 0.126     |
|    n_updates            | 7062      |
|    policy_gradient_loss | 0.0703    |
|    std                  | 0.0372    |
|    value_loss           | 0.0409    |
---------------------------------------
Early stopping at step 1 due to reaching max kl: 0.87
PPO progress: 1133449/1000000 (113%) | ep_rew_mean=175.24 | ep_len_mean=275 | episodes=100 | fps=314
---------------------------------------
| rollout/                |           |
|    ep_len_mean          | 262       |
|    ep_rew_mean          | 168       |
| time/                   |           |
|    fps                  | 36        |
|    iterations           | 130       |
|    time_elapsed         | 3609      |
|    total_timesteps      | 1133568   |
| train/                  |           |
|    approx_kl            | 0.8023311 |
|    clip_fraction        | 0.514     |
|    clip_range           | 0.2       |
|    clip_range_vf        | 0.2       |
|    entropy_loss         | 3.78      |
|    explained_variance   | 0.973     |
|    learning_rate        | 0.00013   |
|    loss                 | -0.0284   |
|    n_updates            | 7064      |
|    policy_gradient_loss | 0.0607    |
|    std                  | 0.0372    |
|    value_loss           | 0.0265    |
---------------------------------------
Early stopping at step 0 due to reaching max kl: 0.80
PPO progress: 1134449/1000000 (113%) | ep_rew_mean=167.86 | ep_len_mean=263 | episodes=100 | fps=312
----------------------------------------
| rollout/                |            |
|    ep_len_mean          | 263        |
|    ep_rew_mean          | 168        |
| time/                   |            |
|    fps                  | 36         |
|    iterations           | 131        |
|    time_elapsed         | 3636       |
|    total_timesteps      | 1134592    |
| train/                  |            |
|    approx_kl            | 0.15512349 |
|    clip_fraction        | 0.47       |
|    clip_range           | 0.2        |
|    clip_range_vf        | 0.2        |
|    entropy_loss         | 3.78       |
|    explained_variance   | 0.937      |
|    learning_rate        | 0.00013    |
|    loss                 | 0.238      |
|    n_updates            | 7065       |
|    policy_gradient_loss | 0.0474     |
|    std                  | 0.0373     |
|    value_loss           | 0.0854     |
----------------------------------------
Early stopping at step 1 due to reaching max kl: 0.89
PPO progress: 1135449/1000000 (114%) | ep_rew_mean=171.02 | ep_len_mean=270 | episodes=100 | fps=310
----------------------------------------
| rollout/                |            |
|    ep_len_mean          | 270        |
|    ep_rew_mean          | 171        |
| time/                   |            |
|    fps                  | 36         |
|    iterations           | 132        |
|    time_elapsed         | 3666       |
|    total_timesteps      | 1135616    |
| train/                  |            |
|    approx_kl            | 0.53744847 |
|    clip_fraction        | 0.549      |
|    clip_range           | 0.2        |
|    clip_range_vf        | 0.2        |
|    entropy_loss         | 3.77       |
|    explained_variance   | 0.919      |
|    learning_rate        | 0.00013    |
|    loss                 | 0.0693     |
|    n_updates            | 7067       |
|    policy_gradient_loss | 0.0449     |
|    std                  | 0.0373     |
|    value_loss           | 0.0398     |
----------------------------------------
Early stopping at step 1 due to reaching max kl: 0.90
PPO progress: 1136449/1000000 (114%) | ep_rew_mean=178.03 | ep_len_mean=279 | episodes=100 | fps=308
---------------------------------------
| rollout/                |           |
|    ep_len_mean          | 279       |
|    ep_rew_mean          | 178       |
| time/                   |           |
|    fps                  | 36        |
|    iterations           | 133       |
|    time_elapsed         | 3691      |
|    total_timesteps      | 1136640   |
| train/                  |           |
|    approx_kl            | 0.5050284 |
|    clip_fraction        | 0.569     |
|    clip_range           | 0.2       |
|    clip_range_vf        | 0.2       |
|    entropy_loss         | 3.77      |
|    explained_variance   | 0.957     |
|    learning_rate        | 0.00013   |
|    loss                 | 0.0796    |
|    n_updates            | 7069      |
|    policy_gradient_loss | 0.0879    |
|    std                  | 0.0373    |
|    value_loss           | 0.0274    |
---------------------------------------
Early stopping at step 0 due to reaching max kl: 0.84
PPO progress: 1137449/1000000 (114%) | ep_rew_mean=180.04 | ep_len_mean=288 | episodes=100 | fps=306
----------------------------------------
| rollout/                |            |
|    ep_len_mean          | 288        |
|    ep_rew_mean          | 180        |
| time/                   |            |
|    fps                  | 36         |
|    iterations           | 134        |
|    time_elapsed         | 3716       |
|    total_timesteps      | 1137664    |
| train/                  |            |
|    approx_kl            | 0.20484787 |
|    clip_fraction        | 0.375      |
|    clip_range           | 0.2        |
|    clip_range_vf        | 0.2        |
|    entropy_loss         | 3.77       |
|    explained_variance   | 0.956      |
|    learning_rate        | 0.00013    |
|    loss                 | 0.043      |
|    n_updates            | 7070       |
|    policy_gradient_loss | 0.0076     |
|    std                  | 0.0373     |
|    value_loss           | 0.038      |
----------------------------------------
Early stopping at step 0 due to reaching max kl: 1.01
PPO progress: 1138449/1000000 (114%) | ep_rew_mean=182.79 | ep_len_mean=298 | episodes=100 | fps=304
----------------------------------------
| rollout/                |            |
|    ep_len_mean          | 298        |
|    ep_rew_mean          | 183        |
| time/                   |            |
|    fps                  | 36         |
|    iterations           | 135        |
|    time_elapsed         | 3744       |
|    total_timesteps      | 1138688    |
| train/                  |            |
|    approx_kl            | 0.22495869 |
|    clip_fraction        | 0.508      |
|    clip_range           | 0.2        |
|    clip_range_vf        | 0.2        |
|    entropy_loss         | 3.77       |
|    explained_variance   | 0.877      |
|    learning_rate        | 0.000129   |
|    loss                 | 0.643      |
|    n_updates            | 7071       |
|    policy_gradient_loss | 0.0901     |
|    std                  | 0.0373     |
|    value_loss           | 0.115      |
----------------------------------------
Early stopping at step 0 due to reaching max kl: 0.80
PPO progress: 1139449/1000000 (114%) | ep_rew_mean=181.00 | ep_len_mean=296 | episodes=100 | fps=302
----------------------------------------
| rollout/                |            |
|    ep_len_mean          | 299        |
|    ep_rew_mean          | 183        |
| time/                   |            |
|    fps                  | 36         |
|    iterations           | 136        |
|    time_elapsed         | 3773       |
|    total_timesteps      | 1139712    |
| train/                  |            |
|    approx_kl            | 0.29873517 |
|    clip_fraction        | 0.451      |
|    clip_range           | 0.2        |
|    clip_range_vf        | 0.2        |
|    entropy_loss         | 3.77       |
|    explained_variance   | 0.98       |
|    learning_rate        | 0.000129   |
|    loss                 | 0.119      |
|    n_updates            | 7072       |
|    policy_gradient_loss | 0.0591     |
|    std                  | 0.0373     |
|    value_loss           | 0.0145     |
----------------------------------------
Early stopping at step 1 due to reaching max kl: 0.85
PPO progress: 1140449/1000000 (114%) | ep_rew_mean=170.73 | ep_len_mean=280 | episodes=100 | fps=300
----------------------------------------
| rollout/                |            |
|    ep_len_mean          | 283        |
|    ep_rew_mean          | 174        |
| time/                   |            |
|    fps                  | 36         |
|    iterations           | 137        |
|    time_elapsed         | 3800       |
|    total_timesteps      | 1140736    |
| train/                  |            |
|    approx_kl            | 0.46067563 |
|    clip_fraction        | 0.507      |
|    clip_range           | 0.2        |
|    clip_range_vf        | 0.2        |
|    entropy_loss         | 3.77       |
|    explained_variance   | 0.979      |
|    learning_rate        | 0.000129   |
|    loss                 | 0.0526     |
|    n_updates            | 7074       |
|    policy_gradient_loss | 0.0432     |
|    std                  | 0.0374     |
|    value_loss           | 0.0234     |
----------------------------------------
Early stopping at step 1 due to reaching max kl: 0.91
PPO progress: 1141449/1000000 (114%) | ep_rew_mean=177.60 | ep_len_mean=290 | episodes=100 | fps=298
---------------------------------------
| rollout/                |           |
|    ep_len_mean          | 286       |
|    ep_rew_mean          | 176       |
| time/                   |           |
|    fps                  | 36        |
|    iterations           | 138       |
|    time_elapsed         | 3825      |
|    total_timesteps      | 1141760   |
| train/                  |           |
|    approx_kl            | 0.9082314 |
|    clip_fraction        | 0.582     |
|    clip_range           | 0.2       |
|    clip_range_vf        | 0.2       |
|    entropy_loss         | 3.77      |
|    explained_variance   | 0.85      |
|    learning_rate        | 0.000129  |
|    loss                 | 0.292     |
|    n_updates            | 7076      |
|    policy_gradient_loss | 0.0545    |
|    std                  | 0.0374    |
|    value_loss           | 0.29      |
---------------------------------------
Early stopping at step 1 due to reaching max kl: 1.39
PPO progress: 1142449/1000000 (114%) | ep_rew_mean=174.86 | ep_len_mean=286 | episodes=100 | fps=297
---------------------------------------
| rollout/                |           |
|    ep_len_mean          | 286       |
|    ep_rew_mean          | 175       |
| time/                   |           |
|    fps                  | 36        |
|    iterations           | 139       |
|    time_elapsed         | 3854      |
|    total_timesteps      | 1142784   |
| train/                  |           |
|    approx_kl            | 1.3871962 |
|    clip_fraction        | 0.585     |
|    clip_range           | 0.2       |
|    clip_range_vf        | 0.2       |
|    entropy_loss         | 3.77      |
|    explained_variance   | 0.879     |
|    learning_rate        | 0.000129  |
|    loss                 | 0.276     |
|    n_updates            | 7078      |
|    policy_gradient_loss | 0.0824    |
|    std                  | 0.0374    |
|    value_loss           | 0.145     |
---------------------------------------
Early stopping at step 1 due to reaching max kl: 0.87
PPO progress: 1143449/1000000 (114%) | ep_rew_mean=172.52 | ep_len_mean=284 | episodes=100 | fps=295
----------------------------------------
| rollout/                |            |
|    ep_len_mean          | 285        |
|    ep_rew_mean          | 172        |
| time/                   |            |
|    fps                  | 36         |
|    iterations           | 140        |
|    time_elapsed         | 3880       |
|    total_timesteps      | 1143808    |
| train/                  |            |
|    approx_kl            | 0.54756796 |
|    clip_fraction        | 0.509      |
|    clip_range           | 0.2        |
|    clip_range_vf        | 0.2        |
|    entropy_loss         | 3.76       |
|    explained_variance   | 0.929      |
|    learning_rate        | 0.000129   |
|    loss                 | 0.0921     |
|    n_updates            | 7080       |
|    policy_gradient_loss | 0.0599     |
|    std                  | 0.0375     |
|    value_loss           | 0.0473     |
----------------------------------------
Early stopping at step 0 due to reaching max kl: 0.86
PPO progress: 1144449/1000000 (114%) | ep_rew_mean=170.64 | ep_len_mean=283 | episodes=100 | fps=293
----------------------------------------
| rollout/                |            |
|    ep_len_mean          | 282        |
|    ep_rew_mean          | 171        |
| time/                   |            |
|    fps                  | 36         |
|    iterations           | 141        |
|    time_elapsed         | 3908       |
|    total_timesteps      | 1144832    |
| train/                  |            |
|    approx_kl            | 0.29740122 |
|    clip_fraction        | 0.562      |
|    clip_range           | 0.2        |
|    clip_range_vf        | 0.2        |
|    entropy_loss         | 3.76       |
|    explained_variance   | 0.945      |
|    learning_rate        | 0.000128   |
|    loss                 | 0.198      |
|    n_updates            | 7081       |
|    policy_gradient_loss | 0.0817     |
|    std                  | 0.0375     |
|    value_loss           | 0.0502     |
----------------------------------------
Early stopping at step 1 due to reaching max kl: 1.00
PPO progress: 1145449/1000000 (115%) | ep_rew_mean=174.32 | ep_len_mean=288 | episodes=100 | fps=291
----------------------------------------
| rollout/                |            |
|    ep_len_mean          | 288        |
|    ep_rew_mean          | 174        |
| time/                   |            |
|    fps                  | 36         |
|    iterations           | 142        |
|    time_elapsed         | 3936       |
|    total_timesteps      | 1145856    |
| train/                  |            |
|    approx_kl            | 0.53281605 |
|    clip_fraction        | 0.595      |
|    clip_range           | 0.2        |
|    clip_range_vf        | 0.2        |
|    entropy_loss         | 3.76       |
|    explained_variance   | 0.947      |
|    learning_rate        | 0.000128   |
|    loss                 | 0.0645     |
|    n_updates            | 7083       |
|    policy_gradient_loss | 0.0781     |
|    std                  | 0.0375     |
|    value_loss           | 0.0319     |
----------------------------------------
Early stopping at step 0 due to reaching max kl: 0.78
PPO progress: 1146449/1000000 (115%) | ep_rew_mean=166.60 | ep_len_mean=275 | episodes=100 | fps=289
---------------------------------------
| rollout/                |           |
|    ep_len_mean          | 259       |
|    ep_rew_mean          | 157       |
| time/                   |           |
|    fps                  | 36        |
|    iterations           | 143       |
|    time_elapsed         | 3969      |
|    total_timesteps      | 1146880   |
| train/                  |           |
|    approx_kl            | 0.2321031 |
|    clip_fraction        | 0.542     |
|    clip_range           | 0.2       |
|    clip_range_vf        | 0.2       |
|    entropy_loss         | 3.76      |
|    explained_variance   | 0.902     |
|    learning_rate        | 0.000128  |
|    loss                 | 0.12      |
|    n_updates            | 7084      |
|    policy_gradient_loss | 0.0462    |
|    std                  | 0.0376    |
|    value_loss           | 0.101     |
---------------------------------------
Early stopping at step 1 due to reaching max kl: 1.00
PPO progress: 1147449/1000000 (115%) | ep_rew_mean=151.35 | ep_len_mean=250 | episodes=100 | fps=288
--------------------------------------
| rollout/                |          |
|    ep_len_mean          | 236      |
|    ep_rew_mean          | 143      |
| time/                   |          |
|    fps                  | 36       |
|    iterations           | 144      |
|    time_elapsed         | 3997     |
|    total_timesteps      | 1147904  |
| train/                  |          |
|    approx_kl            | 1.003863 |
|    clip_fraction        | 0.483    |
|    clip_range           | 0.2      |
|    clip_range_vf        | 0.2      |
|    entropy_loss         | 3.76     |
|    explained_variance   | 0.917    |
|    learning_rate        | 0.000128 |
|    loss                 | 0.0859   |
|    n_updates            | 7086     |
|    policy_gradient_loss | 0.0599   |
|    std                  | 0.0376   |
|    value_loss           | 0.0695   |
--------------------------------------
Early stopping at step 1 due to reaching max kl: 1.04
PPO progress: 1148449/1000000 (115%) | ep_rew_mean=148.32 | ep_len_mean=244 | episodes=100 | fps=286
---------------------------------------
| rollout/                |           |
|    ep_len_mean          | 242       |
|    ep_rew_mean          | 146       |
| time/                   |           |
|    fps                  | 36        |
|    iterations           | 145       |
|    time_elapsed         | 4023      |
|    total_timesteps      | 1148928   |
| train/                  |           |
|    approx_kl            | 1.0432942 |
|    clip_fraction        | 0.457     |
|    clip_range           | 0.2       |
|    clip_range_vf        | 0.2       |
|    entropy_loss         | 3.75      |
|    explained_variance   | 0.92      |
|    learning_rate        | 0.000128  |
|    loss                 | 0.25      |
|    n_updates            | 7088      |
|    policy_gradient_loss | 0.0734    |
|    std                  | 0.0377    |
|    value_loss           | 0.0885    |
---------------------------------------
Early stopping at step 1 due to reaching max kl: 1.49
PPO progress: 1149449/1000000 (115%) | ep_rew_mean=146.15 | ep_len_mean=242 | episodes=100 | fps=284
---------------------------------------
| rollout/                |           |
|    ep_len_mean          | 244       |
|    ep_rew_mean          | 148       |
| time/                   |           |
|    fps                  | 36        |
|    iterations           | 146       |
|    time_elapsed         | 4050      |
|    total_timesteps      | 1149952   |
| train/                  |           |
|    approx_kl            | 0.8000152 |
|    clip_fraction        | 0.469     |
|    clip_range           | 0.2       |
|    clip_range_vf        | 0.2       |
|    entropy_loss         | 3.75      |
|    explained_variance   | 0.959     |
|    learning_rate        | 0.000128  |
|    loss                 | 0.209     |
|    n_updates            | 7090      |
|    policy_gradient_loss | 0.0663    |
|    std                  | 0.0377    |
|    value_loss           | 0.0222    |
---------------------------------------
Early stopping at step 1 due to reaching max kl: 1.10
PPO progress: 1150449/1000000 (115%) | ep_rew_mean=148.03 | ep_len_mean=244 | episodes=100 | fps=283
----------------------------------------
| rollout/                |            |
|    ep_len_mean          | 233        |
|    ep_rew_mean          | 142        |
| time/                   |            |
|    fps                  | 36         |
|    iterations           | 147        |
|    time_elapsed         | 4078       |
|    total_timesteps      | 1150976    |
| train/                  |            |
|    approx_kl            | 0.48345146 |
|    clip_fraction        | 0.576      |
|    clip_range           | 0.2        |
|    clip_range_vf        | 0.2        |
|    entropy_loss         | 3.75       |
|    explained_variance   | 0.917      |
|    learning_rate        | 0.000128   |
|    loss                 | 0.0375     |
|    n_updates            | 7092       |
|    policy_gradient_loss | 0.0515     |
|    std                  | 0.0377     |
|    value_loss           | 0.0377     |
----------------------------------------
Early stopping at step 1 due to reaching max kl: 0.77
PPO progress: 1151449/1000000 (115%) | ep_rew_mean=134.90 | ep_len_mean=222 | episodes=100 | fps=281
---------------------------------------
| rollout/                |           |
|    ep_len_mean          | 222       |
|    ep_rew_mean          | 135       |
| time/                   |           |
|    fps                  | 36        |
|    iterations           | 148       |
|    time_elapsed         | 4106      |
|    total_timesteps      | 1152000   |
| train/                  |           |
|    approx_kl            | 0.7015958 |
|    clip_fraction        | 0.538     |
|    clip_range           | 0.2       |
|    clip_range_vf        | 0.2       |
|    entropy_loss         | 3.75      |
|    explained_variance   | 0.945     |
|    learning_rate        | 0.000127  |
|    loss                 | 0.17      |
|    n_updates            | 7094      |
|    policy_gradient_loss | 0.0807    |
|    std                  | 0.0378    |
|    value_loss           | 0.0404    |
---------------------------------------
Early stopping at step 0 due to reaching max kl: 0.80
PPO progress: 1152449/1000000 (115%) | ep_rew_mean=137.53 | ep_len_mean=221 | episodes=100 | fps=279
----------------------------------------
| rollout/                |            |
|    ep_len_mean          | 218        |
|    ep_rew_mean          | 137        |
| time/                   |            |
|    fps                  | 36         |
|    iterations           | 149        |
|    time_elapsed         | 4132       |
|    total_timesteps      | 1153024    |
| train/                  |            |
|    approx_kl            | 0.20135969 |
|    clip_fraction        | 0.366      |
|    clip_range           | 0.2        |
|    clip_range_vf        | 0.2        |
|    entropy_loss         | 3.75       |
|    explained_variance   | 0.876      |
|    learning_rate        | 0.000127   |
|    loss                 | 0.131      |
|    n_updates            | 7095       |
|    policy_gradient_loss | 0.024      |
|    std                  | 0.0378     |
|    value_loss           | 0.0875     |
----------------------------------------
Early stopping at step 1 due to reaching max kl: 0.81
PPO progress: 1153449/1000000 (115%) | ep_rew_mean=137.06 | ep_len_mean=218 | episodes=100 | fps=278
----------------------------------------
| rollout/                |            |
|    ep_len_mean          | 221        |
|    ep_rew_mean          | 138        |
| time/                   |            |
|    fps                  | 36         |
|    iterations           | 150        |
|    time_elapsed         | 4158       |
|    total_timesteps      | 1154048    |
| train/                  |            |
|    approx_kl            | 0.61923456 |
|    clip_fraction        | 0.539      |
|    clip_range           | 0.2        |
|    clip_range_vf        | 0.2        |
|    entropy_loss         | 3.75       |
|    explained_variance   | 0.947      |
|    learning_rate        | 0.000127   |
|    loss                 | 0.0569     |
|    n_updates            | 7097       |
|    policy_gradient_loss | 0.0624     |
|    std                  | 0.0378     |
|    value_loss           | 0.0385     |
----------------------------------------
Early stopping at step 1 due to reaching max kl: 0.82
PPO progress: 1154449/1000000 (115%) | ep_rew_mean=137.54 | ep_len_mean=221 | episodes=100 | fps=276
----------------------------------------
| rollout/                |            |
|    ep_len_mean          | 221        |
|    ep_rew_mean          | 135        |
| time/                   |            |
|    fps                  | 36         |
|    iterations           | 151        |
|    time_elapsed         | 4184       |
|    total_timesteps      | 1155072    |
| train/                  |            |
|    approx_kl            | 0.47723308 |
|    clip_fraction        | 0.573      |
|    clip_range           | 0.2        |
|    clip_range_vf        | 0.2        |
|    entropy_loss         | 3.74       |
|    explained_variance   | 0.894      |
|    learning_rate        | 0.000127   |
|    loss                 | 0.11       |
|    n_updates            | 7099       |
|    policy_gradient_loss | 0.0509     |
|    std                  | 0.0379     |
|    value_loss           | 0.0358     |
----------------------------------------
Early stopping at step 0 due to reaching max kl: 0.84
PPO progress: 1155449/1000000 (116%) | ep_rew_mean=134.87 | ep_len_mean=221 | episodes=100 | fps=275
---------------------------------------
| rollout/                |           |
|    ep_len_mean          | 224       |
|    ep_rew_mean          | 134       |
| time/                   |           |
|    fps                  | 36        |
|    iterations           | 152       |
|    time_elapsed         | 4211      |
|    total_timesteps      | 1156096   |
| train/                  |           |
|    approx_kl            | 0.1944006 |
|    clip_fraction        | 0.453     |
|    clip_range           | 0.2       |
|    clip_range_vf        | 0.2       |
|    entropy_loss         | 3.74      |
|    explained_variance   | 0.886     |
|    learning_rate        | 0.000127  |
|    loss                 | 0.181     |
|    n_updates            | 7100      |
|    policy_gradient_loss | 0.0601    |
|    std                  | 0.0379    |
|    value_loss           | 0.106     |
---------------------------------------
Early stopping at step 1 due to reaching max kl: 0.83
PPO progress: 1156449/1000000 (116%) | ep_rew_mean=133.94 | ep_len_mean=224 | episodes=100 | fps=274
----------------------------------------
| rollout/                |            |
|    ep_len_mean          | 232        |
|    ep_rew_mean          | 138        |
| time/                   |            |
|    fps                  | 36         |
|    iterations           | 153        |
|    time_elapsed         | 4237       |
|    total_timesteps      | 1157120    |
| train/                  |            |
|    approx_kl            | 0.64955693 |
|    clip_fraction        | 0.517      |
|    clip_range           | 0.2        |
|    clip_range_vf        | 0.2        |
|    entropy_loss         | 3.74       |
|    explained_variance   | 0.948      |
|    learning_rate        | 0.000127   |
|    loss                 | 0.0338     |
|    n_updates            | 7102       |
|    policy_gradient_loss | 0.0647     |
|    std                  | 0.0379     |
|    value_loss           | 0.0182     |
----------------------------------------
Early stopping at step 0 due to reaching max kl: 2.16
PPO progress: 1157449/1000000 (116%) | ep_rew_mean=139.92 | ep_len_mean=239 | episodes=100 | fps=272
---------------------------------------
| rollout/                |           |
|    ep_len_mean          | 239       |
|    ep_rew_mean          | 140       |
| time/                   |           |
|    fps                  | 36        |
|    iterations           | 154       |
|    time_elapsed         | 4263      |
|    total_timesteps      | 1158144   |
| train/                  |           |
|    approx_kl            | 0.3231173 |
|    clip_fraction        | 0.479     |
|    clip_range           | 0.2       |
|    clip_range_vf        | 0.2       |
|    entropy_loss         | 3.74      |
|    explained_variance   | 0.88      |
|    learning_rate        | 0.000126  |
|    loss                 | 0.208     |
|    n_updates            | 7103      |
|    policy_gradient_loss | 0.076     |
|    std                  | 0.0379    |
|    value_loss           | 0.0533    |
---------------------------------------
Early stopping at step 1 due to reaching max kl: 1.44
PPO progress: 1158449/1000000 (116%) | ep_rew_mean=140.16 | ep_len_mean=239 | episodes=100 | fps=271
---------------------------------------
| rollout/                |           |
|    ep_len_mean          | 238       |
|    ep_rew_mean          | 139       |
| time/                   |           |
|    fps                  | 37        |
|    iterations           | 155       |
|    time_elapsed         | 4288      |
|    total_timesteps      | 1159168   |
| train/                  |           |
|    approx_kl            | 1.4406202 |
|    clip_fraction        | 0.441     |
|    clip_range           | 0.2       |
|    clip_range_vf        | 0.2       |
|    entropy_loss         | 3.74      |
|    explained_variance   | 0.897     |
|    learning_rate        | 0.000126  |
|    loss                 | 0.0996    |
|    n_updates            | 7105      |
|    policy_gradient_loss | 0.0711    |
|    std                  | 0.038     |
|    value_loss           | 0.074     |
---------------------------------------
Early stopping at step 1 due to reaching max kl: 1.45
PPO progress: 1159449/1000000 (116%) | ep_rew_mean=139.07 | ep_len_mean=238 | episodes=100 | fps=269
----------------------------------------
| rollout/                |            |
|    ep_len_mean          | 210        |
|    ep_rew_mean          | 125        |
| time/                   |            |
|    fps                  | 37         |
|    iterations           | 156        |
|    time_elapsed         | 4314       |
|    total_timesteps      | 1160192    |
| train/                  |            |
|    approx_kl            | 0.60678476 |
|    clip_fraction        | 0.567      |
|    clip_range           | 0.2        |
|    clip_range_vf        | 0.2        |
|    entropy_loss         | 3.74       |
|    explained_variance   | 0.972      |
|    learning_rate        | 0.000126   |
|    loss                 | 0.151      |
|    n_updates            | 7107       |
|    policy_gradient_loss | 0.079      |
|    std                  | 0.038      |
|    value_loss           | 0.0115     |
----------------------------------------
Early stopping at step 0 due to reaching max kl: 1.20
PPO progress: 1160449/1000000 (116%) | ep_rew_mean=124.68 | ep_len_mean=210 | episodes=100 | fps=268
----------------------------------------
| rollout/                |            |
|    ep_len_mean          | 214        |
|    ep_rew_mean          | 127        |
| time/                   |            |
|    fps                  | 37         |
|    iterations           | 157        |
|    time_elapsed         | 4339       |
|    total_timesteps      | 1161216    |
| train/                  |            |
|    approx_kl            | 0.30404362 |
|    clip_fraction        | 0.533      |
|    clip_range           | 0.2        |
|    clip_range_vf        | 0.2        |
|    entropy_loss         | 3.73       |
|    explained_variance   | 0.801      |
|    learning_rate        | 0.000126   |
|    loss                 | 0.136      |
|    n_updates            | 7108       |
|    policy_gradient_loss | 0.195      |
|    std                  | 0.038      |
|    value_loss           | 0.114      |
----------------------------------------
Early stopping at step 0 due to reaching max kl: 0.77
PPO progress: 1161449/1000000 (116%) | ep_rew_mean=124.22 | ep_len_mean=216 | episodes=100 | fps=267
----------------------------------------
| rollout/                |            |
|    ep_len_mean          | 215        |
|    ep_rew_mean          | 123        |
| time/                   |            |
|    fps                  | 37         |
|    iterations           | 158        |
|    time_elapsed         | 4368       |
|    total_timesteps      | 1162240    |
| train/                  |            |
|    approx_kl            | 0.26061356 |
|    clip_fraction        | 0.521      |
|    clip_range           | 0.2        |
|    clip_range_vf        | 0.2        |
|    entropy_loss         | 3.73       |
|    explained_variance   | 0.905      |
|    learning_rate        | 0.000126   |
|    loss                 | 0.194      |
|    n_updates            | 7109       |
|    policy_gradient_loss | 0.0826     |
|    std                  | 0.0381     |
|    value_loss           | 0.0374     |
----------------------------------------
Early stopping at step 0 due to reaching max kl: 0.81
PPO progress: 1162449/1000000 (116%) | ep_rew_mean=126.61 | ep_len_mean=223 | episodes=100 | fps=265
----------------------------------------
| rollout/                |            |
|    ep_len_mean          | 223        |
|    ep_rew_mean          | 127        |
| time/                   |            |
|    fps                  | 37         |
|    iterations           | 159        |
|    time_elapsed         | 4395       |
|    total_timesteps      | 1163264    |
| train/                  |            |
|    approx_kl            | 0.23475242 |
|    clip_fraction        | 0.385      |
|    clip_range           | 0.2        |
|    clip_range_vf        | 0.2        |
|    entropy_loss         | 3.73       |
|    explained_variance   | 0.888      |
|    learning_rate        | 0.000126   |
|    loss                 | 0.0611     |
|    n_updates            | 7110       |
|    policy_gradient_loss | 0.0776     |
|    std                  | 0.0381     |
|    value_loss           | 0.0735     |
----------------------------------------
Early stopping at step 1 due to reaching max kl: 0.92
PPO progress: 1163449/1000000 (116%) | ep_rew_mean=130.96 | ep_len_mean=232 | episodes=100 | fps=264
---------------------------------------
| rollout/                |           |
|    ep_len_mean          | 232       |
|    ep_rew_mean          | 131       |
| time/                   |           |
|    fps                  | 37        |
|    iterations           | 160       |
|    time_elapsed         | 4423      |
|    total_timesteps      | 1164288   |
| train/                  |           |
|    approx_kl            | 0.6543843 |
|    clip_fraction        | 0.498     |
|    clip_range           | 0.2       |
|    clip_range_vf        | 0.2       |
|    entropy_loss         | 3.73      |
|    explained_variance   | 0.943     |
|    learning_rate        | 0.000126  |
|    loss                 | 0.0634    |
|    n_updates            | 7112      |
|    policy_gradient_loss | 0.0521    |
|    std                  | 0.0381    |
|    value_loss           | 0.0255    |
---------------------------------------
Early stopping at step 1 due to reaching max kl: 0.89
PPO progress: 1164449/1000000 (116%) | ep_rew_mean=134.83 | ep_len_mean=240 | episodes=100 | fps=262
----------------------------------------
| rollout/                |            |
|    ep_len_mean          | 235        |
|    ep_rew_mean          | 132        |
| time/                   |            |
|    fps                  | 37         |
|    iterations           | 161        |
|    time_elapsed         | 4450       |
|    total_timesteps      | 1165312    |
| train/                  |            |
|    approx_kl            | 0.67998165 |
|    clip_fraction        | 0.587      |
|    clip_range           | 0.2        |
|    clip_range_vf        | 0.2        |
|    entropy_loss         | 3.73       |
|    explained_variance   | 0.934      |
|    learning_rate        | 0.000125   |
|    loss                 | 0.113      |
|    n_updates            | 7114       |
|    policy_gradient_loss | 0.0654     |
|    std                  | 0.0381     |
|    value_loss           | 0.0216     |
----------------------------------------
Early stopping at step 1 due to reaching max kl: 0.78
PPO progress: 1165449/1000000 (117%) | ep_rew_mean=132.21 | ep_len_mean=235 | episodes=100 | fps=261
----------------------------------------
| rollout/                |            |
|    ep_len_mean          | 243        |
|    ep_rew_mean          | 133        |
| time/                   |            |
|    fps                  | 37         |
|    iterations           | 162        |
|    time_elapsed         | 4476       |
|    total_timesteps      | 1166336    |
| train/                  |            |
|    approx_kl            | 0.48156783 |
|    clip_fraction        | 0.547      |
|    clip_range           | 0.2        |
|    clip_range_vf        | 0.2        |
|    entropy_loss         | 3.73       |
|    explained_variance   | 0.963      |
|    learning_rate        | 0.000125   |
|    loss                 | 0.0501     |
|    n_updates            | 7116       |
|    policy_gradient_loss | 0.0503     |
|    std                  | 0.0382     |
|    value_loss           | 0.0264     |
----------------------------------------
Early stopping at step 1 due to reaching max kl: 0.92
PPO progress: 1166449/1000000 (117%) | ep_rew_mean=133.29 | ep_len_mean=243 | episodes=100 | fps=260
---------------------------------------
| rollout/                |           |
|    ep_len_mean          | 237       |
|    ep_rew_mean          | 130       |
| time/                   |           |
|    fps                  | 37        |
|    iterations           | 163       |
|    time_elapsed         | 4508      |
|    total_timesteps      | 1167360   |
| train/                  |           |
|    approx_kl            | 0.5614201 |
|    clip_fraction        | 0.475     |
|    clip_range           | 0.2       |
|    clip_range_vf        | 0.2       |
|    entropy_loss         | 3.73      |
|    explained_variance   | 0.886     |
|    learning_rate        | 0.000125  |
|    loss                 | 0.0577    |
|    n_updates            | 7118      |
|    policy_gradient_loss | 0.0527    |
|    std                  | 0.0382    |
|    value_loss           | 0.0396    |
---------------------------------------
Early stopping at step 0 due to reaching max kl: 1.57
PPO progress: 1167449/1000000 (117%) | ep_rew_mean=126.89 | ep_len_mean=231 | episodes=100 | fps=258
----------------------------------------
| rollout/                |            |
|    ep_len_mean          | 231        |
|    ep_rew_mean          | 128        |
| time/                   |            |
|    fps                  | 37         |
|    iterations           | 164        |
|    time_elapsed         | 4536       |
|    total_timesteps      | 1168384    |
| train/                  |            |
|    approx_kl            | 0.18301101 |
|    clip_fraction        | 0.395      |
|    clip_range           | 0.2        |
|    clip_range_vf        | 0.2        |
|    entropy_loss         | 3.72       |
|    explained_variance   | 0.968      |
|    learning_rate        | 0.000125   |
|    loss                 | 2.49       |
|    n_updates            | 7119       |
|    policy_gradient_loss | 0.224      |
|    std                  | 0.0382     |
|    value_loss           | 0.0253     |
----------------------------------------
Early stopping at step 1 due to reaching max kl: 1.07
PPO progress: 1168449/1000000 (117%) | ep_rew_mean=127.57 | ep_len_mean=231 | episodes=100 | fps=257
----------------------------------------
| rollout/                |            |
|    ep_len_mean          | 225        |
|    ep_rew_mean          | 122        |
| time/                   |            |
|    fps                  | 36         |
|    iterations           | 165        |
|    time_elapsed         | 4570       |
|    total_timesteps      | 1169408    |
| train/                  |            |
|    approx_kl            | 0.69613034 |
|    clip_fraction        | 0.54       |
|    clip_range           | 0.2        |
|    clip_range_vf        | 0.2        |
|    entropy_loss         | 3.72       |
|    explained_variance   | 0.932      |
|    learning_rate        | 0.000125   |
|    loss                 | 0.177      |
|    n_updates            | 7121       |
|    policy_gradient_loss | 0.0525     |
|    std                  | 0.0382     |
|    value_loss           | 0.0326     |
----------------------------------------
Early stopping at step 1 due to reaching max kl: 0.94
PPO progress: 1169449/1000000 (117%) | ep_rew_mean=121.84 | ep_len_mean=225 | episodes=100 | fps=255
---------------------------------------
| rollout/                |           |
|    ep_len_mean          | 234       |
|    ep_rew_mean          | 127       |
| time/                   |           |
|    fps                  | 36        |
|    iterations           | 166       |
|    time_elapsed         | 4596      |
|    total_timesteps      | 1170432   |
| train/                  |           |
|    approx_kl            | 0.5474858 |
|    clip_fraction        | 0.581     |
|    clip_range           | 0.2       |
|    clip_range_vf        | 0.2       |
|    entropy_loss         | 3.72      |
|    explained_variance   | 0.78      |
|    learning_rate        | 0.000125  |
|    loss                 | 0.327     |
|    n_updates            | 7123      |
|    policy_gradient_loss | 0.0474    |
|    std                  | 0.0383    |
|    value_loss           | 0.284     |
---------------------------------------
Early stopping at step 1 due to reaching max kl: 0.90
PPO progress: 1170449/1000000 (117%) | ep_rew_mean=127.30 | ep_len_mean=234 | episodes=100 | fps=254
PPO progress: 1171449/1000000 (117%) | ep_rew_mean=128.38 | ep_len_mean=235 | episodes=100 | fps=253
---------------------------------------
| rollout/                |           |
|    ep_len_mean          | 235       |
|    ep_rew_mean          | 128       |
| time/                   |           |
|    fps                  | 36        |
|    iterations           | 167       |
|    time_elapsed         | 4624      |
|    total_timesteps      | 1171456   |
| train/                  |           |
|    approx_kl            | 0.6267954 |
|    clip_fraction        | 0.514     |
|    clip_range           | 0.2       |
|    clip_range_vf        | 0.2       |
|    entropy_loss         | 3.72      |
|    explained_variance   | 0.965     |
|    learning_rate        | 0.000124  |
|    loss                 | 0.0333    |
|    n_updates            | 7125      |
|    policy_gradient_loss | 0.089     |
|    std                  | 0.0383    |
|    value_loss           | 0.017     |
---------------------------------------
Early stopping at step 1 due to reaching max kl: 0.93
PPO progress: 1172449/1000000 (117%) | ep_rew_mean=129.09 | ep_len_mean=243 | episodes=100 | fps=252
----------------------------------------
| rollout/                |            |
|    ep_len_mean          | 250        |
|    ep_rew_mean          | 132        |
| time/                   |            |
|    fps                  | 36         |
|    iterations           | 168        |
|    time_elapsed         | 4650       |
|    total_timesteps      | 1172480    |
| train/                  |            |
|    approx_kl            | 0.45262176 |
|    clip_fraction        | 0.581      |
|    clip_range           | 0.2        |
|    clip_range_vf        | 0.2        |
|    entropy_loss         | 3.72       |
|    explained_variance   | 0.95       |
|    learning_rate        | 0.000124   |
|    loss                 | -0.000185  |
|    n_updates            | 7127       |
|    policy_gradient_loss | 0.0561     |
|    std                  | 0.0383     |
|    value_loss           | 0.0269     |
----------------------------------------
Early stopping at step 0 due to reaching max kl: 1.89
PPO progress: 1173449/1000000 (117%) | ep_rew_mean=132.03 | ep_len_mean=250 | episodes=100 | fps=250
----------------------------------------
| rollout/                |            |
|    ep_len_mean          | 260        |
|    ep_rew_mean          | 135        |
| time/                   |            |
|    fps                  | 36         |
|    iterations           | 169        |
|    time_elapsed         | 4679       |
|    total_timesteps      | 1173504    |
| train/                  |            |
|    approx_kl            | 0.38251856 |
|    clip_fraction        | 0.557      |
|    clip_range           | 0.2        |
|    clip_range_vf        | 0.2        |
|    entropy_loss         | 3.72       |
|    explained_variance   | 0.91       |
|    learning_rate        | 0.000124   |
|    loss                 | 0.153      |
|    n_updates            | 7128       |
|    policy_gradient_loss | 0.0783     |
|    std                  | 0.0384     |
|    value_loss           | 0.035      |
----------------------------------------
Early stopping at step 0 due to reaching max kl: 0.97
PPO progress: 1174449/1000000 (117%) | ep_rew_mean=139.19 | ep_len_mean=269 | episodes=100 | fps=249
----------------------------------------
| rollout/                |            |
|    ep_len_mean          | 269        |
|    ep_rew_mean          | 139        |
| time/                   |            |
|    fps                  | 36         |
|    iterations           | 170        |
|    time_elapsed         | 4704       |
|    total_timesteps      | 1174528    |
| train/                  |            |
|    approx_kl            | 0.48504075 |
|    clip_fraction        | 0.646      |
|    clip_range           | 0.2        |
|    clip_range_vf        | 0.2        |
|    entropy_loss         | 3.72       |
|    explained_variance   | 0.96       |
|    learning_rate        | 0.000124   |
|    loss                 | 0.243      |
|    n_updates            | 7129       |
|    policy_gradient_loss | 0.107      |
|    std                  | 0.0384     |
|    value_loss           | 0.0165     |
----------------------------------------
Early stopping at step 1 due to reaching max kl: 1.06
PPO progress: 1175449/1000000 (118%) | ep_rew_mean=138.38 | ep_len_mean=264 | episodes=100 | fps=248
---------------------------------------
| rollout/                |           |
|    ep_len_mean          | 264       |
|    ep_rew_mean          | 138       |
| time/                   |           |
|    fps                  | 36        |
|    iterations           | 171       |
|    time_elapsed         | 4737      |
|    total_timesteps      | 1175552   |
| train/                  |           |
|    approx_kl            | 0.5257386 |
|    clip_fraction        | 0.561     |
|    clip_range           | 0.2       |
|    clip_range_vf        | 0.2       |
|    entropy_loss         | 3.71      |
|    explained_variance   | 0.973     |
|    learning_rate        | 0.000124  |
|    loss                 | 0.0854    |
|    n_updates            | 7131      |
|    policy_gradient_loss | 0.067     |
|    std                  | 0.0384    |
|    value_loss           | 0.0188    |
---------------------------------------
Early stopping at step 1 due to reaching max kl: 0.95
PPO progress: 1176449/1000000 (118%) | ep_rew_mean=132.24 | ep_len_mean=257 | episodes=100 | fps=246
----------------------------------------
| rollout/                |            |
|    ep_len_mean          | 258        |
|    ep_rew_mean          | 133        |
| time/                   |            |
|    fps                  | 36         |
|    iterations           | 172        |
|    time_elapsed         | 4766       |
|    total_timesteps      | 1176576    |
| train/                  |            |
|    approx_kl            | 0.44315022 |
|    clip_fraction        | 0.445      |
|    clip_range           | 0.2        |
|    clip_range_vf        | 0.2        |
|    entropy_loss         | 3.71       |
|    explained_variance   | 0.975      |
|    learning_rate        | 0.000124   |
|    loss                 | 0.0944     |
|    n_updates            | 7133       |
|    policy_gradient_loss | 0.0634     |
|    std                  | 0.0384     |
|    value_loss           | 0.0226     |
----------------------------------------
Early stopping at step 0 due to reaching max kl: 0.97
PPO progress: 1177449/1000000 (118%) | ep_rew_mean=137.69 | ep_len_mean=266 | episodes=100 | fps=245
---------------------------------------
| rollout/                |           |
|    ep_len_mean          | 264       |
|    ep_rew_mean          | 136       |
| time/                   |           |
|    fps                  | 36        |
|    iterations           | 173       |
|    time_elapsed         | 4792      |
|    total_timesteps      | 1177600   |
| train/                  |           |
|    approx_kl            | 0.2839756 |
|    clip_fraction        | 0.481     |
|    clip_range           | 0.2       |
|    clip_range_vf        | 0.2       |
|    entropy_loss         | 3.71      |
|    explained_variance   | 0.806     |
|    learning_rate        | 0.000124  |
|    loss                 | 0.157     |
|    n_updates            | 7134      |
|    policy_gradient_loss | 0.0852    |
|    std                  | 0.0385    |
|    value_loss           | 0.194     |
---------------------------------------
Early stopping at step 2 due to reaching max kl: 0.75
PPO progress: 1178449/1000000 (118%) | ep_rew_mean=135.77 | ep_len_mean=264 | episodes=100 | fps=244
----------------------------------------
| rollout/                |            |
|    ep_len_mean          | 272        |
|    ep_rew_mean          | 139        |
| time/                   |            |
|    fps                  | 36         |
|    iterations           | 174        |
|    time_elapsed         | 4817       |
|    total_timesteps      | 1178624    |
| train/                  |            |
|    approx_kl            | 0.61298454 |
|    clip_fraction        | 0.611      |
|    clip_range           | 0.2        |
|    clip_range_vf        | 0.2        |
|    entropy_loss         | 3.71       |
|    explained_variance   | 0.917      |
|    learning_rate        | 0.000123   |
|    loss                 | 0.0599     |
|    n_updates            | 7137       |
|    policy_gradient_loss | 0.0413     |
|    std                  | 0.0385     |
|    value_loss           | 0.0538     |
----------------------------------------
Early stopping at step 1 due to reaching max kl: 0.90
PPO progress: 1179449/1000000 (118%) | ep_rew_mean=138.85 | ep_len_mean=272 | episodes=100 | fps=243
---------------------------------------
| rollout/                |           |
|    ep_len_mean          | 272       |
|    ep_rew_mean          | 138       |
| time/                   |           |
|    fps                  | 36        |
|    iterations           | 175       |
|    time_elapsed         | 4843      |
|    total_timesteps      | 1179648   |
| train/                  |           |
|    approx_kl            | 0.5657903 |
|    clip_fraction        | 0.565     |
|    clip_range           | 0.2       |
|    clip_range_vf        | 0.2       |
|    entropy_loss         | 3.71      |
|    explained_variance   | 0.973     |
|    learning_rate        | 0.000123  |
|    loss                 | 0.0902    |
|    n_updates            | 7139      |
|    policy_gradient_loss | 0.064     |
|    std                  | 0.0385    |
|    value_loss           | 0.0144    |
---------------------------------------
Early stopping at step 0 due to reaching max kl: 1.00
PPO progress: 1180449/1000000 (118%) | ep_rew_mean=137.71 | ep_len_mean=272 | episodes=100 | fps=242
---------------------------------------
| rollout/                |           |
|    ep_len_mean          | 279       |
|    ep_rew_mean          | 140       |
| time/                   |           |
|    fps                  | 37        |
|    iterations           | 176       |
|    time_elapsed         | 4869      |
|    total_timesteps      | 1180672   |
| train/                  |           |
|    approx_kl            | 0.2279282 |
|    clip_fraction        | 0.484     |
|    clip_range           | 0.2       |
|    clip_range_vf        | 0.2       |
|    entropy_loss         | 3.71      |
|    explained_variance   | 0.948     |
|    learning_rate        | 0.000123  |
|    loss                 | 0.101     |
|    n_updates            | 7140      |
|    policy_gradient_loss | 0.0658    |
|    std                  | 0.0385    |
|    value_loss           | 0.0209    |
---------------------------------------
Early stopping at step 1 due to reaching max kl: 0.84
PPO progress: 1181449/1000000 (118%) | ep_rew_mean=139.61 | ep_len_mean=279 | episodes=100 | fps=241
----------------------------------------
| rollout/                |            |
|    ep_len_mean          | 280        |
|    ep_rew_mean          | 140        |
| time/                   |            |
|    fps                  | 37         |
|    iterations           | 177        |
|    time_elapsed         | 4898       |
|    total_timesteps      | 1181696    |
| train/                  |            |
|    approx_kl            | 0.48469746 |
|    clip_fraction        | 0.546      |
|    clip_range           | 0.2        |
|    clip_range_vf        | 0.2        |
|    entropy_loss         | 3.71       |
|    explained_variance   | 0.971      |
|    learning_rate        | 0.000123   |
|    loss                 | 0.0956     |
|    n_updates            | 7142       |
|    policy_gradient_loss | 0.0746     |
|    std                  | 0.0386     |
|    value_loss           | 0.0155     |
----------------------------------------
Early stopping at step 1 due to reaching max kl: 1.21
PPO progress: 1182449/1000000 (118%) | ep_rew_mean=140.08 | ep_len_mean=280 | episodes=100 | fps=240
--------------------------------------
| rollout/                |          |
|    ep_len_mean          | 280      |
|    ep_rew_mean          | 141      |
| time/                   |          |
|    fps                  | 37       |
|    iterations           | 178      |
|    time_elapsed         | 4924     |
|    total_timesteps      | 1182720  |
| train/                  |          |
|    approx_kl            | 0.579136 |
|    clip_fraction        | 0.52     |
|    clip_range           | 0.2      |
|    clip_range_vf        | 0.2      |
|    entropy_loss         | 3.7      |
|    explained_variance   | 0.954    |
|    learning_rate        | 0.000123 |
|    loss                 | 0.0705   |
|    n_updates            | 7144     |
|    policy_gradient_loss | 0.0457   |
|    std                  | 0.0386   |
|    value_loss           | 0.0158   |
--------------------------------------
Early stopping at step 2 due to reaching max kl: 0.76
PPO progress: 1183449/1000000 (118%) | ep_rew_mean=141.05 | ep_len_mean=280 | episodes=100 | fps=239
----------------------------------------
| rollout/                |            |
|    ep_len_mean          | 288        |
|    ep_rew_mean          | 145        |
| time/                   |            |
|    fps                  | 37         |
|    iterations           | 179        |
|    time_elapsed         | 4952       |
|    total_timesteps      | 1183744    |
| train/                  |            |
|    approx_kl            | 0.38756678 |
|    clip_fraction        | 0.553      |
|    clip_range           | 0.2        |
|    clip_range_vf        | 0.2        |
|    entropy_loss         | 3.7        |
|    explained_variance   | 0.961      |
|    learning_rate        | 0.000123   |
|    loss                 | 0.0344     |
|    n_updates            | 7147       |
|    policy_gradient_loss | 0.0525     |
|    std                  | 0.0387     |
|    value_loss           | 0.012      |
----------------------------------------
Early stopping at step 1 due to reaching max kl: 0.85
PPO progress: 1184449/1000000 (118%) | ep_rew_mean=149.21 | ep_len_mean=297 | episodes=100 | fps=238
----------------------------------------
| rollout/                |            |
|    ep_len_mean          | 297        |
|    ep_rew_mean          | 149        |
| time/                   |            |
|    fps                  | 37         |
|    iterations           | 180        |
|    time_elapsed         | 4980       |
|    total_timesteps      | 1184768    |
| train/                  |            |
|    approx_kl            | 0.48184228 |
|    clip_fraction        | 0.498      |
|    clip_range           | 0.2        |
|    clip_range_vf        | 0.2        |
|    entropy_loss         | 3.7        |
|    explained_variance   | 0.972      |
|    learning_rate        | 0.000122   |
|    loss                 | 0.0781     |
|    n_updates            | 7149       |
|    policy_gradient_loss | 0.0668     |
|    std                  | 0.0387     |
|    value_loss           | 0.0128     |
----------------------------------------
Early stopping at step 1 due to reaching max kl: 1.05
PPO progress: 1185449/1000000 (119%) | ep_rew_mean=149.21 | ep_len_mean=297 | episodes=100 | fps=237
---------------------------------------
| rollout/                |           |
|    ep_len_mean          | 299       |
|    ep_rew_mean          | 150       |
| time/                   |           |
|    fps                  | 37        |
|    iterations           | 181       |
|    time_elapsed         | 5006      |
|    total_timesteps      | 1185792   |
| train/                  |           |
|    approx_kl            | 0.7532028 |
|    clip_fraction        | 0.565     |
|    clip_range           | 0.2       |
|    clip_range_vf        | 0.2       |
|    entropy_loss         | 3.69      |
|    explained_variance   | 0.954     |
|    learning_rate        | 0.000122  |
|    loss                 | 0.265     |
|    n_updates            | 7151      |
|    policy_gradient_loss | 0.11      |
|    std                  | 0.0388    |
|    value_loss           | 0.0213    |
---------------------------------------
Early stopping at step 0 due to reaching max kl: 5.98
PPO progress: 1186449/1000000 (119%) | ep_rew_mean=149.72 | ep_len_mean=299 | episodes=100 | fps=236
---------------------------------------
| rollout/                |           |
|    ep_len_mean          | 281       |
|    ep_rew_mean          | 139       |
| time/                   |           |
|    fps                  | 37        |
|    iterations           | 182       |
|    time_elapsed         | 5034      |
|    total_timesteps      | 1186816   |
| train/                  |           |
|    approx_kl            | 0.6277452 |
|    clip_fraction        | 0.51      |
|    clip_range           | 0.2       |
|    clip_range_vf        | 0.2       |
|    entropy_loss         | 3.69      |
|    explained_variance   | 0.832     |
|    learning_rate        | 0.000122  |
|    loss                 | 20.6      |
|    n_updates            | 7152      |
|    policy_gradient_loss | 1.48      |
|    std                  | 0.0388    |
|    value_loss           | 0.154     |
---------------------------------------
Early stopping at step 1 due to reaching max kl: 0.78
PPO progress: 1187449/1000000 (119%) | ep_rew_mean=138.95 | ep_len_mean=281 | episodes=100 | fps=235
----------------------------------------
| rollout/                |            |
|    ep_len_mean          | 280        |
|    ep_rew_mean          | 138        |
| time/                   |            |
|    fps                  | 37         |
|    iterations           | 183        |
|    time_elapsed         | 5063       |
|    total_timesteps      | 1187840    |
| train/                  |            |
|    approx_kl            | 0.78215647 |
|    clip_fraction        | 0.479      |
|    clip_range           | 0.2        |
|    clip_range_vf        | 0.2        |
|    entropy_loss         | 3.69       |
|    explained_variance   | 0.585      |
|    learning_rate        | 0.000122   |
|    loss                 | 0.0225     |
|    n_updates            | 7154       |
|    policy_gradient_loss | 0.0493     |
|    std                  | 0.0388     |
|    value_loss           | 0.0668     |
----------------------------------------
Early stopping at step 1 due to reaching max kl: 0.81
PPO progress: 1188449/1000000 (119%) | ep_rew_mean=140.80 | ep_len_mean=285 | episodes=100 | fps=233
----------------------------------------
| rollout/                |            |
|    ep_len_mean          | 285        |
|    ep_rew_mean          | 141        |
| time/                   |            |
|    fps                  | 37         |
|    iterations           | 184        |
|    time_elapsed         | 5090       |
|    total_timesteps      | 1188864    |
| train/                  |            |
|    approx_kl            | 0.46439666 |
|    clip_fraction        | 0.544      |
|    clip_range           | 0.2        |
|    clip_range_vf        | 0.2        |
|    entropy_loss         | 3.69       |
|    explained_variance   | 0.931      |
|    learning_rate        | 0.000122   |
|    loss                 | 0.581      |
|    n_updates            | 7156       |
|    policy_gradient_loss | 0.0761     |
|    std                  | 0.0389     |
|    value_loss           | 0.0342     |
----------------------------------------
Early stopping at step 0 due to reaching max kl: 2.35
PPO progress: 1189449/1000000 (119%) | ep_rew_mean=144.49 | ep_len_mean=294 | episodes=100 | fps=232
----------------------------------------
| rollout/                |            |
|    ep_len_mean          | 295        |
|    ep_rew_mean          | 145        |
| time/                   |            |
|    fps                  | 37         |
|    iterations           | 185        |
|    time_elapsed         | 5117       |
|    total_timesteps      | 1189888    |
| train/                  |            |
|    approx_kl            | 0.28106806 |
|    clip_fraction        | 0.493      |
|    clip_range           | 0.2        |
|    clip_range_vf        | 0.2        |
|    entropy_loss         | 3.69       |
|    explained_variance   | 0.958      |
|    learning_rate        | 0.000122   |
|    loss                 | 0.0954     |
|    n_updates            | 7157       |
|    policy_gradient_loss | 0.0633     |
|    std                  | 0.0389     |
|    value_loss           | 0.0438     |
----------------------------------------
Early stopping at step 1 due to reaching max kl: 0.79
PPO progress: 1190449/1000000 (119%) | ep_rew_mean=144.76 | ep_len_mean=295 | episodes=100 | fps=231
---------------------------------------
| rollout/                |           |
|    ep_len_mean          | 294       |
|    ep_rew_mean          | 145       |
| time/                   |           |
|    fps                  | 36        |
|    iterations           | 186       |
|    time_elapsed         | 5153      |
|    total_timesteps      | 1190912   |
| train/                  |           |
|    approx_kl            | 0.5253357 |
|    clip_fraction        | 0.552     |
|    clip_range           | 0.2       |
|    clip_range_vf        | 0.2       |
|    entropy_loss         | 3.69      |
|    explained_variance   | 0.95      |
|    learning_rate        | 0.000122  |
|    loss                 | 0.0343    |
|    n_updates            | 7159      |
|    policy_gradient_loss | 0.0568    |
|    std                  | 0.039     |
|    value_loss           | 0.0246    |
---------------------------------------
Early stopping at step 1 due to reaching max kl: 1.06
PPO progress: 1191449/1000000 (119%) | ep_rew_mean=145.07 | ep_len_mean=294 | episodes=100 | fps=230
----------------------------------------
| rollout/                |            |
|    ep_len_mean          | 304        |
|    ep_rew_mean          | 149        |
| time/                   |            |
|    fps                  | 36         |
|    iterations           | 187        |
|    time_elapsed         | 5178       |
|    total_timesteps      | 1191936    |
| train/                  |            |
|    approx_kl            | 0.57625514 |
|    clip_fraction        | 0.451      |
|    clip_range           | 0.2        |
|    clip_range_vf        | 0.2        |
|    entropy_loss         | 3.68       |
|    explained_variance   | 0.931      |
|    learning_rate        | 0.000121   |
|    loss                 | 0.072      |
|    n_updates            | 7161       |
|    policy_gradient_loss | 0.0507     |
|    std                  | 0.039      |
|    value_loss           | 0.0449     |
----------------------------------------
Early stopping at step 0 due to reaching max kl: 0.82
PPO progress: 1192449/1000000 (119%) | ep_rew_mean=142.69 | ep_len_mean=288 | episodes=100 | fps=229
----------------------------------------
| rollout/                |            |
|    ep_len_mean          | 288        |
|    ep_rew_mean          | 143        |
| time/                   |            |
|    fps                  | 36         |
|    iterations           | 188        |
|    time_elapsed         | 5205       |
|    total_timesteps      | 1192960    |
| train/                  |            |
|    approx_kl            | 0.19364381 |
|    clip_fraction        | 0.435      |
|    clip_range           | 0.2        |
|    clip_range_vf        | 0.2        |
|    entropy_loss         | 3.68       |
|    explained_variance   | 0.954      |
|    learning_rate        | 0.000121   |
|    loss                 | 0.311      |
|    n_updates            | 7162       |
|    policy_gradient_loss | 0.0645     |
|    std                  | 0.039      |
|    value_loss           | 0.0235     |
----------------------------------------
Early stopping at step 0 due to reaching max kl: 1.12
PPO progress: 1193449/1000000 (119%) | ep_rew_mean=141.11 | ep_len_mean=289 | episodes=100 | fps=228
----------------------------------------
| rollout/                |            |
|    ep_len_mean          | 289        |
|    ep_rew_mean          | 141        |
| time/                   |            |
|    fps                  | 36         |
|    iterations           | 189        |
|    time_elapsed         | 5232       |
|    total_timesteps      | 1193984    |
| train/                  |            |
|    approx_kl            | 0.29337826 |
|    clip_fraction        | 0.531      |
|    clip_range           | 0.2        |
|    clip_range_vf        | 0.2        |
|    entropy_loss         | 3.68       |
|    explained_variance   | 0.926      |
|    learning_rate        | 0.000121   |
|    loss                 | 0.226      |
|    n_updates            | 7163       |
|    policy_gradient_loss | 0.0825     |
|    std                  | 0.039      |
|    value_loss           | 0.0544     |
----------------------------------------
Early stopping at step 0 due to reaching max kl: 0.90
PPO progress: 1194449/1000000 (119%) | ep_rew_mean=143.18 | ep_len_mean=295 | episodes=100 | fps=227
----------------------------------------
| rollout/                |            |
|    ep_len_mean          | 280        |
|    ep_rew_mean          | 137        |
| time/                   |            |
|    fps                  | 36         |
|    iterations           | 190        |
|    time_elapsed         | 5261       |
|    total_timesteps      | 1195008    |
| train/                  |            |
|    approx_kl            | 0.22132263 |
|    clip_fraction        | 0.455      |
|    clip_range           | 0.2        |
|    clip_range_vf        | 0.2        |
|    entropy_loss         | 3.68       |
|    explained_variance   | 0.977      |
|    learning_rate        | 0.000121   |
|    loss                 | 0.169      |
|    n_updates            | 7164       |
|    policy_gradient_loss | 0.0543     |
|    std                  | 0.039      |
|    value_loss           | 0.0161     |
----------------------------------------
Early stopping at step 0 due to reaching max kl: 1.78
PPO progress: 1195449/1000000 (120%) | ep_rew_mean=135.14 | ep_len_mean=279 | episodes=100 | fps=226
----------------------------------------
| rollout/                |            |
|    ep_len_mean          | 289        |
|    ep_rew_mean          | 139        |
| time/                   |            |
|    fps                  | 36         |
|    iterations           | 191        |
|    time_elapsed         | 5294       |
|    total_timesteps      | 1196032    |
| train/                  |            |
|    approx_kl            | 0.32043606 |
|    clip_fraction        | 0.305      |
|    clip_range           | 0.2        |
|    clip_range_vf        | 0.2        |
|    entropy_loss         | 3.68       |
|    explained_variance   | 0.859      |
|    learning_rate        | 0.000121   |
|    loss                 | 1.03       |
|    n_updates            | 7165       |
|    policy_gradient_loss | 0.131      |
|    std                  | 0.039      |
|    value_loss           | 0.173      |
----------------------------------------
Early stopping at step 2 due to reaching max kl: 0.80
PPO progress: 1196449/1000000 (120%) | ep_rew_mean=137.41 | ep_len_mean=287 | episodes=100 | fps=225
---------------------------------------
| rollout/                |           |
|    ep_len_mean          | 295       |
|    ep_rew_mean          | 139       |
| time/                   |           |
|    fps                  | 36        |
|    iterations           | 192       |
|    time_elapsed         | 5319      |
|    total_timesteps      | 1197056   |
| train/                  |           |
|    approx_kl            | 0.6069558 |
|    clip_fraction        | 0.569     |
|    clip_range           | 0.2       |
|    clip_range_vf        | 0.2       |
|    entropy_loss         | 3.68      |
|    explained_variance   | 0.712     |
|    learning_rate        | 0.000121  |
|    loss                 | 0.132     |
|    n_updates            | 7168      |
|    policy_gradient_loss | 0.015     |
|    std                  | 0.0391    |
|    value_loss           | 0.115     |
---------------------------------------
Early stopping at step 0 due to reaching max kl: 1.77
PPO progress: 1197449/1000000 (120%) | ep_rew_mean=138.86 | ep_len_mean=295 | episodes=100 | fps=224
---------------------------------------
| rollout/                |           |
|    ep_len_mean          | 293       |
|    ep_rew_mean          | 138       |
| time/                   |           |
|    fps                  | 36        |
|    iterations           | 193       |
|    time_elapsed         | 5347      |
|    total_timesteps      | 1198080   |
| train/                  |           |
|    approx_kl            | 0.2775628 |
|    clip_fraction        | 0.519     |
|    clip_range           | 0.2       |
|    clip_range_vf        | 0.2       |
|    entropy_loss         | 3.68      |
|    explained_variance   | 0.939     |
|    learning_rate        | 0.00012   |
|    loss                 | 0.561     |
|    n_updates            | 7169      |
|    policy_gradient_loss | 0.0751    |
|    std                  | 0.0391    |
|    value_loss           | 0.0386    |
---------------------------------------
Early stopping at step 1 due to reaching max kl: 0.99
PPO progress: 1198449/1000000 (120%) | ep_rew_mean=137.72 | ep_len_mean=293 | episodes=100 | fps=223
----------------------------------------
| rollout/                |            |
|    ep_len_mean          | 302        |
|    ep_rew_mean          | 141        |
| time/                   |            |
|    fps                  | 36         |
|    iterations           | 194        |
|    time_elapsed         | 5375       |
|    total_timesteps      | 1199104    |
| train/                  |            |
|    approx_kl            | 0.44974867 |
|    clip_fraction        | 0.568      |
|    clip_range           | 0.2        |
|    clip_range_vf        | 0.2        |
|    entropy_loss         | 3.67       |
|    explained_variance   | 0.961      |
|    learning_rate        | 0.00012    |
|    loss                 | 0.106      |
|    n_updates            | 7171       |
|    policy_gradient_loss | 0.0608     |
|    std                  | 0.0392     |
|    value_loss           | 0.026      |
----------------------------------------
Early stopping at step 1 due to reaching max kl: 1.13
PPO progress: 1199449/1000000 (120%) | ep_rew_mean=140.66 | ep_len_mean=302 | episodes=100 | fps=222
---------------------------------------
| rollout/                |           |
|    ep_len_mean          | 311       |
|    ep_rew_mean          | 145       |
| time/                   |           |
|    fps                  | 36        |
|    iterations           | 195       |
|    time_elapsed         | 5400      |
|    total_timesteps      | 1200128   |
| train/                  |           |
|    approx_kl            | 0.6401945 |
|    clip_fraction        | 0.518     |
|    clip_range           | 0.2       |
|    clip_range_vf        | 0.2       |
|    entropy_loss         | 3.67      |
|    explained_variance   | 0.947     |
|    learning_rate        | 0.00012   |
|    loss                 | 0.0313    |
|    n_updates            | 7173      |
|    policy_gradient_loss | 0.0605    |
|    std                  | 0.0393    |
|    value_loss           | 0.0205    |
---------------------------------------
Early stopping at step 1 due to reaching max kl: 0.76
PPO progress: 1200449/1000000 (120%) | ep_rew_mean=144.90 | ep_len_mean=311 | episodes=100 | fps=221
---------------------------------------
| rollout/                |           |
|    ep_len_mean          | 318       |
|    ep_rew_mean          | 148       |
| time/                   |           |
|    fps                  | 36        |
|    iterations           | 196       |
|    time_elapsed         | 5426      |
|    total_timesteps      | 1201152   |
| train/                  |           |
|    approx_kl            | 0.5195736 |
|    clip_fraction        | 0.579     |
|    clip_range           | 0.2       |
|    clip_range_vf        | 0.2       |
|    entropy_loss         | 3.67      |
|    explained_variance   | 0.971     |
|    learning_rate        | 0.00012   |
|    loss                 | 0.0847    |
|    n_updates            | 7175      |
|    policy_gradient_loss | 0.0654    |
|    std                  | 0.0393    |
|    value_loss           | 0.0205    |
---------------------------------------
Early stopping at step 1 due to reaching max kl: 0.95
PPO progress: 1201449/1000000 (120%) | ep_rew_mean=147.85 | ep_len_mean=318 | episodes=100 | fps=221
----------------------------------------
| rollout/                |            |
|    ep_len_mean          | 327        |
|    ep_rew_mean          | 152        |
| time/                   |            |
|    fps                  | 36         |
|    iterations           | 197        |
|    time_elapsed         | 5454       |
|    total_timesteps      | 1202176    |
| train/                  |            |
|    approx_kl            | 0.59677005 |
|    clip_fraction        | 0.609      |
|    clip_range           | 0.2        |
|    clip_range_vf        | 0.2        |
|    entropy_loss         | 3.67       |
|    explained_variance   | 0.959      |
|    learning_rate        | 0.00012    |
|    loss                 | 0.0285     |
|    n_updates            | 7177       |
|    policy_gradient_loss | 0.0937     |
|    std                  | 0.0393     |
|    value_loss           | 0.0219     |
----------------------------------------
Early stopping at step 1 due to reaching max kl: 0.80
PPO progress: 1202449/1000000 (120%) | ep_rew_mean=154.45 | ep_len_mean=330 | episodes=100 | fps=220
----------------------------------------
| rollout/                |            |
|    ep_len_mean          | 339        |
|    ep_rew_mean          | 159        |
| time/                   |            |
|    fps                  | 36         |
|    iterations           | 198        |
|    time_elapsed         | 5482       |
|    total_timesteps      | 1203200    |
| train/                  |            |
|    approx_kl            | 0.79721206 |
|    clip_fraction        | 0.456      |
|    clip_range           | 0.2        |
|    clip_range_vf        | 0.2        |
|    entropy_loss         | 3.67       |
|    explained_variance   | 0.946      |
|    learning_rate        | 0.00012    |
|    loss                 | 0.0529     |
|    n_updates            | 7179       |
|    policy_gradient_loss | 0.168      |
|    std                  | 0.0393     |
|    value_loss           | 0.02       |
----------------------------------------
Early stopping at step 1 due to reaching max kl: 0.86
PPO progress: 1203449/1000000 (120%) | ep_rew_mean=161.79 | ep_len_mean=341 | episodes=100 | fps=219
----------------------------------------
| rollout/                |            |
|    ep_len_mean          | 321        |
|    ep_rew_mean          | 152        |
| time/                   |            |
|    fps                  | 36         |
|    iterations           | 199        |
|    time_elapsed         | 5508       |
|    total_timesteps      | 1204224    |
| train/                  |            |
|    approx_kl            | 0.40959474 |
|    clip_fraction        | 0.565      |
|    clip_range           | 0.2        |
|    clip_range_vf        | 0.2        |
|    entropy_loss         | 3.67       |
|    explained_variance   | 0.948      |
|    learning_rate        | 0.00012    |
|    loss                 | 0.183      |
|    n_updates            | 7181       |
|    policy_gradient_loss | 0.0578     |
|    std                  | 0.0393     |
|    value_loss           | 0.0241     |
----------------------------------------
Early stopping at step 1 due to reaching max kl: 0.77
PPO progress: 1204449/1000000 (120%) | ep_rew_mean=142.01 | ep_len_mean=297 | episodes=100 | fps=218
---------------------------------------
| rollout/                |           |
|    ep_len_mean          | 297       |
|    ep_rew_mean          | 142       |
| time/                   |           |
|    fps                  | 37        |
|    iterations           | 200       |
|    time_elapsed         | 5534      |
|    total_timesteps      | 1205248   |
| train/                  |           |
|    approx_kl            | 0.7464355 |
|    clip_fraction        | 0.541     |
|    clip_range           | 0.2       |
|    clip_range_vf        | 0.2       |
|    entropy_loss         | 3.66      |
|    explained_variance   | 0.908     |
|    learning_rate        | 0.000119  |
|    loss                 | 0.107     |
|    n_updates            | 7183      |
|    policy_gradient_loss | 0.0447    |
|    std                  | 0.0394    |
|    value_loss           | 0.0822    |
---------------------------------------
Early stopping at step 1 due to reaching max kl: 0.90
PPO progress: 1205449/1000000 (121%) | ep_rew_mean=146.05 | ep_len_mean=306 | episodes=100 | fps=217
---------------------------------------
| rollout/                |           |
|    ep_len_mean          | 303       |
|    ep_rew_mean          | 145       |
| time/                   |           |
|    fps                  | 37        |
|    iterations           | 201       |
|    time_elapsed         | 5560      |
|    total_timesteps      | 1206272   |
| train/                  |           |
|    approx_kl            | 0.4038937 |
|    clip_fraction        | 0.568     |
|    clip_range           | 0.2       |
|    clip_range_vf        | 0.2       |
|    entropy_loss         | 3.66      |
|    explained_variance   | 0.959     |
|    learning_rate        | 0.000119  |
|    loss                 | 0.134     |
|    n_updates            | 7185      |
|    policy_gradient_loss | 0.0413    |
|    std                  | 0.0394    |
|    value_loss           | 0.0236    |
---------------------------------------
Early stopping at step 1 due to reaching max kl: 0.89
PPO progress: 1206449/1000000 (121%) | ep_rew_mean=145.11 | ep_len_mean=303 | episodes=100 | fps=216
----------------------------------------
| rollout/                |            |
|    ep_len_mean          | 312        |
|    ep_rew_mean          | 150        |
| time/                   |            |
|    fps                  | 37         |
|    iterations           | 202        |
|    time_elapsed         | 5588       |
|    total_timesteps      | 1207296    |
| train/                  |            |
|    approx_kl            | 0.88999367 |
|    clip_fraction        | 0.404      |
|    clip_range           | 0.2        |
|    clip_range_vf        | 0.2        |
|    entropy_loss         | 3.66       |
|    explained_variance   | 0.951      |
|    learning_rate        | 0.000119   |
|    loss                 | 0.0462     |
|    n_updates            | 7187       |
|    policy_gradient_loss | 0.03       |
|    std                  | 0.0394     |
|    value_loss           | 0.0389     |
----------------------------------------
Early stopping at step 1 due to reaching max kl: 0.76
PPO progress: 1207449/1000000 (121%) | ep_rew_mean=149.55 | ep_len_mean=312 | episodes=100 | fps=215
---------------------------------------
| rollout/                |           |
|    ep_len_mean          | 319       |
|    ep_rew_mean          | 153       |
| time/                   |           |
|    fps                  | 37        |
|    iterations           | 203       |
|    time_elapsed         | 5613      |
|    total_timesteps      | 1208320   |
| train/                  |           |
|    approx_kl            | 0.7600517 |
|    clip_fraction        | 0.507     |
|    clip_range           | 0.2       |
|    clip_range_vf        | 0.2       |
|    entropy_loss         | 3.66      |
|    explained_variance   | 0.929     |
|    learning_rate        | 0.000119  |
|    loss                 | 0.036     |
|    n_updates            | 7189      |
|    policy_gradient_loss | 0.0515    |
|    std                  | 0.0394    |
|    value_loss           | 0.0455    |
---------------------------------------
Early stopping at step 1 due to reaching max kl: 0.93
PPO progress: 1208449/1000000 (121%) | ep_rew_mean=153.33 | ep_len_mean=319 | episodes=100 | fps=215
---------------------------------------
| rollout/                |           |
|    ep_len_mean          | 329       |
|    ep_rew_mean          | 158       |
| time/                   |           |
|    fps                  | 37        |
|    iterations           | 204       |
|    time_elapsed         | 5639      |
|    total_timesteps      | 1209344   |
| train/                  |           |
|    approx_kl            | 0.7567643 |
|    clip_fraction        | 0.541     |
|    clip_range           | 0.2       |
|    clip_range_vf        | 0.2       |
|    entropy_loss         | 3.66      |
|    explained_variance   | 0.851     |
|    learning_rate        | 0.000119  |
|    loss                 | 0.0525    |
|    n_updates            | 7191      |
|    policy_gradient_loss | 0.0496    |
|    std                  | 0.0395    |
|    value_loss           | 0.08      |
---------------------------------------
Early stopping at step 1 due to reaching max kl: 0.78
PPO progress: 1209449/1000000 (121%) | ep_rew_mean=158.39 | ep_len_mean=329 | episodes=100 | fps=214
---------------------------------------
| rollout/                |           |
|    ep_len_mean          | 328       |
|    ep_rew_mean          | 158       |
| time/                   |           |
|    fps                  | 37        |
|    iterations           | 205       |
|    time_elapsed         | 5667      |
|    total_timesteps      | 1210368   |
| train/                  |           |
|    approx_kl            | 0.5440543 |
|    clip_fraction        | 0.539     |
|    clip_range           | 0.2       |
|    clip_range_vf        | 0.2       |
|    entropy_loss         | 3.66      |
|    explained_variance   | 0.952     |
|    learning_rate        | 0.000119  |
|    loss                 | 0.0873    |
|    n_updates            | 7193      |
|    policy_gradient_loss | 0.0865    |
|    std                  | 0.0395    |
|    value_loss           | 0.0201    |
---------------------------------------
Early stopping at step 1 due to reaching max kl: 0.85
PPO progress: 1210449/1000000 (121%) | ep_rew_mean=157.99 | ep_len_mean=328 | episodes=100 | fps=213
---------------------------------------
| rollout/                |           |
|    ep_len_mean          | 324       |
|    ep_rew_mean          | 157       |
| time/                   |           |
|    fps                  | 37        |
|    iterations           | 206       |
|    time_elapsed         | 5694      |
|    total_timesteps      | 1211392   |
| train/                  |           |
|    approx_kl            | 0.5007074 |
|    clip_fraction        | 0.569     |
|    clip_range           | 0.2       |
|    clip_range_vf        | 0.2       |
|    entropy_loss         | 3.66      |
|    explained_variance   | 0.971     |
|    learning_rate        | 0.000118  |
|    loss                 | 0.129     |
|    n_updates            | 7195      |
|    policy_gradient_loss | 0.0494    |
|    std                  | 0.0395    |
|    value_loss           | 0.0162    |
---------------------------------------
Early stopping at step 2 due to reaching max kl: 0.92
PPO progress: 1211449/1000000 (121%) | ep_rew_mean=156.66 | ep_len_mean=324 | episodes=100 | fps=212
----------------------------------------
| rollout/                |            |
|    ep_len_mean          | 329        |
|    ep_rew_mean          | 160        |
| time/                   |            |
|    fps                  | 37         |
|    iterations           | 207        |
|    time_elapsed         | 5720       |
|    total_timesteps      | 1212416    |
| train/                  |            |
|    approx_kl            | 0.55335003 |
|    clip_fraction        | 0.597      |
|    clip_range           | 0.2        |
|    clip_range_vf        | 0.2        |
|    entropy_loss         | 3.65       |
|    explained_variance   | 0.973      |
|    learning_rate        | 0.000118   |
|    loss                 | 0.0955     |
|    n_updates            | 7198       |
|    policy_gradient_loss | 0.0324     |
|    std                  | 0.0396     |
|    value_loss           | 0.0152     |
----------------------------------------
Early stopping at step 1 due to reaching max kl: 1.04
PPO progress: 1212449/1000000 (121%) | ep_rew_mean=160.32 | ep_len_mean=329 | episodes=100 | fps=211
---------------------------------------
| rollout/                |           |
|    ep_len_mean          | 290       |
|    ep_rew_mean          | 142       |
| time/                   |           |
|    fps                  | 37        |
|    iterations           | 208       |
|    time_elapsed         | 5751      |
|    total_timesteps      | 1213440   |
| train/                  |           |
|    approx_kl            | 1.0379823 |
|    clip_fraction        | 0.528     |
|    clip_range           | 0.2       |
|    clip_range_vf        | 0.2       |
|    entropy_loss         | 3.65      |
|    explained_variance   | 0.947     |
|    learning_rate        | 0.000118  |
|    loss                 | 0.121     |
|    n_updates            | 7200      |
|    policy_gradient_loss | 0.056     |
|    std                  | 0.0396    |
|    value_loss           | 0.0255    |
---------------------------------------
Early stopping at step 1 due to reaching max kl: 1.34
PPO progress: 1213449/1000000 (121%) | ep_rew_mean=141.77 | ep_len_mean=290 | episodes=100 | fps=210
PPO progress: 1214449/1000000 (121%) | ep_rew_mean=141.42 | ep_len_mean=286 | episodes=100 | fps=210
---------------------------------------
| rollout/                |           |
|    ep_len_mean          | 286       |
|    ep_rew_mean          | 141       |
| time/                   |           |
|    fps                  | 37        |
|    iterations           | 209       |
|    time_elapsed         | 5778      |
|    total_timesteps      | 1214464   |
| train/                  |           |
|    approx_kl            | 0.7038564 |
|    clip_fraction        | 0.481     |
|    clip_range           | 0.2       |
|    clip_range_vf        | 0.2       |
|    entropy_loss         | 3.65      |
|    explained_variance   | 0.692     |
|    learning_rate        | 0.000118  |
|    loss                 | 0.0439    |
|    n_updates            | 7202      |
|    policy_gradient_loss | 0.0185    |
|    std                  | 0.0396    |
|    value_loss           | 0.145     |
---------------------------------------
Early stopping at step 0 due to reaching max kl: 0.75
PPO progress: 1215449/1000000 (122%) | ep_rew_mean=139.46 | ep_len_mean=279 | episodes=100 | fps=209
----------------------------------------
| rollout/                |            |
|    ep_len_mean          | 279        |
|    ep_rew_mean          | 139        |
| time/                   |            |
|    fps                  | 37         |
|    iterations           | 210        |
|    time_elapsed         | 5803       |
|    total_timesteps      | 1215488    |
| train/                  |            |
|    approx_kl            | 0.26224962 |
|    clip_fraction        | 0.431      |
|    clip_range           | 0.2        |
|    clip_range_vf        | 0.2        |
|    entropy_loss         | 3.65       |
|    explained_variance   | 0.798      |
|    learning_rate        | 0.000118   |
|    loss                 | 0.157      |
|    n_updates            | 7203       |
|    policy_gradient_loss | 0.0956     |
|    std                  | 0.0396     |
|    value_loss           | 0.181      |
----------------------------------------
Early stopping at step 0 due to reaching max kl: 0.92
PPO progress: 1216449/1000000 (122%) | ep_rew_mean=144.21 | ep_len_mean=288 | episodes=100 | fps=208
----------------------------------------
| rollout/                |            |
|    ep_len_mean          | 288        |
|    ep_rew_mean          | 144        |
| time/                   |            |
|    fps                  | 37         |
|    iterations           | 211        |
|    time_elapsed         | 5829       |
|    total_timesteps      | 1216512    |
| train/                  |            |
|    approx_kl            | 0.15842696 |
|    clip_fraction        | 0.46       |
|    clip_range           | 0.2        |
|    clip_range_vf        | 0.2        |
|    entropy_loss         | 3.65       |
|    explained_variance   | 0.941      |
|    learning_rate        | 0.000118   |
|    loss                 | 0.436      |
|    n_updates            | 7204       |
|    policy_gradient_loss | 0.065      |
|    std                  | 0.0397     |
|    value_loss           | 0.0268     |
----------------------------------------
Early stopping at step 2 due to reaching max kl: 0.94
PPO progress: 1217449/1000000 (122%) | ep_rew_mean=140.84 | ep_len_mean=279 | episodes=100 | fps=207
---------------------------------------
| rollout/                |           |
|    ep_len_mean          | 279       |
|    ep_rew_mean          | 141       |
| time/                   |           |
|    fps                  | 37        |
|    iterations           | 212       |
|    time_elapsed         | 5861      |
|    total_timesteps      | 1217536   |
| train/                  |           |
|    approx_kl            | 0.7488123 |
|    clip_fraction        | 0.568     |
|    clip_range           | 0.2       |
|    clip_range_vf        | 0.2       |
|    entropy_loss         | 3.65      |
|    explained_variance   | 0.963     |
|    learning_rate        | 0.000118  |
|    loss                 | 0.042     |
|    n_updates            | 7207      |
|    policy_gradient_loss | 0.0496    |
|    std                  | 0.0397    |
|    value_loss           | 0.0138    |
---------------------------------------
Early stopping at step 1 due to reaching max kl: 1.22
PPO progress: 1218449/1000000 (122%) | ep_rew_mean=141.74 | ep_len_mean=276 | episodes=100 | fps=207
----------------------------------------
| rollout/                |            |
|    ep_len_mean          | 280        |
|    ep_rew_mean          | 145        |
| time/                   |            |
|    fps                  | 37         |
|    iterations           | 213        |
|    time_elapsed         | 5887       |
|    total_timesteps      | 1218560    |
| train/                  |            |
|    approx_kl            | 0.80576074 |
|    clip_fraction        | 0.49       |
|    clip_range           | 0.2        |
|    clip_range_vf        | 0.2        |
|    entropy_loss         | 3.65       |
|    explained_variance   | 0.956      |
|    learning_rate        | 0.000117   |
|    loss                 | 0.133      |
|    n_updates            | 7209       |
|    policy_gradient_loss | 0.0857     |
|    std                  | 0.0397     |
|    value_loss           | 0.0363     |
----------------------------------------
Early stopping at step 1 due to reaching max kl: 0.94
PPO progress: 1219449/1000000 (122%) | ep_rew_mean=150.05 | ep_len_mean=287 | episodes=100 | fps=206
----------------------------------------
| rollout/                |            |
|    ep_len_mean          | 287        |
|    ep_rew_mean          | 150        |
| time/                   |            |
|    fps                  | 37         |
|    iterations           | 214        |
|    time_elapsed         | 5913       |
|    total_timesteps      | 1219584    |
| train/                  |            |
|    approx_kl            | 0.37125295 |
|    clip_fraction        | 0.437      |
|    clip_range           | 0.2        |
|    clip_range_vf        | 0.2        |
|    entropy_loss         | 3.65       |
|    explained_variance   | 0.921      |
|    learning_rate        | 0.000117   |
|    loss                 | 0.0261     |
|    n_updates            | 7211       |
|    policy_gradient_loss | 0.0247     |
|    std                  | 0.0398     |
|    value_loss           | 0.0468     |
----------------------------------------
Early stopping at step 1 due to reaching max kl: 1.12
PPO progress: 1220449/1000000 (122%) | ep_rew_mean=153.91 | ep_len_mean=297 | episodes=100 | fps=205
---------------------------------------
| rollout/                |           |
|    ep_len_mean          | 297       |
|    ep_rew_mean          | 154       |
| time/                   |           |
|    fps                  | 37        |
|    iterations           | 215       |
|    time_elapsed         | 5940      |
|    total_timesteps      | 1220608   |
| train/                  |           |
|    approx_kl            | 0.8880621 |
|    clip_fraction        | 0.472     |
|    clip_range           | 0.2       |
|    clip_range_vf        | 0.2       |
|    entropy_loss         | 3.64      |
|    explained_variance   | 0.971     |
|    learning_rate        | 0.000117  |
|    loss                 | 0.105     |
|    n_updates            | 7213      |
|    policy_gradient_loss | 0.0516    |
|    std                  | 0.0398    |
|    value_loss           | 0.0254    |
---------------------------------------
Early stopping at step 2 due to reaching max kl: 0.87
PPO progress: 1221449/1000000 (122%) | ep_rew_mean=151.32 | ep_len_mean=293 | episodes=100 | fps=204
---------------------------------------
| rollout/                |           |
|    ep_len_mean          | 293       |
|    ep_rew_mean          | 151       |
| time/                   |           |
|    fps                  | 37        |
|    iterations           | 216       |
|    time_elapsed         | 5966      |
|    total_timesteps      | 1221632   |
| train/                  |           |
|    approx_kl            | 0.7878527 |
|    clip_fraction        | 0.581     |
|    clip_range           | 0.2       |
|    clip_range_vf        | 0.2       |
|    entropy_loss         | 3.64      |
|    explained_variance   | 0.956     |
|    learning_rate        | 0.000117  |
|    loss                 | 0.0644    |
|    n_updates            | 7216      |
|    policy_gradient_loss | 0.0703    |
|    std                  | 0.0398    |
|    value_loss           | 0.0223    |
---------------------------------------
Early stopping at step 1 due to reaching max kl: 3.08
PPO progress: 1222449/1000000 (122%) | ep_rew_mean=151.45 | ep_len_mean=291 | episodes=100 | fps=204
---------------------------------------
| rollout/                |           |
|    ep_len_mean          | 291       |
|    ep_rew_mean          | 151       |
| time/                   |           |
|    fps                  | 37        |
|    iterations           | 217       |
|    time_elapsed         | 5992      |
|    total_timesteps      | 1222656   |
| train/                  |           |
|    approx_kl            | 1.3377334 |
|    clip_fraction        | 0.539     |
|    clip_range           | 0.2       |
|    clip_range_vf        | 0.2       |
|    entropy_loss         | 3.64      |
|    explained_variance   | 0.922     |
|    learning_rate        | 0.000117  |
|    loss                 | 0.101     |
|    n_updates            | 7218      |
|    policy_gradient_loss | 0.0623    |
|    std                  | 0.0398    |
|    value_loss           | 0.0424    |
---------------------------------------
Early stopping at step 0 due to reaching max kl: 1.04
PPO progress: 1223449/1000000 (122%) | ep_rew_mean=149.66 | ep_len_mean=288 | episodes=100 | fps=203
----------------------------------------
| rollout/                |            |
|    ep_len_mean          | 288        |
|    ep_rew_mean          | 150        |
| time/                   |            |
|    fps                  | 37         |
|    iterations           | 218        |
|    time_elapsed         | 6017       |
|    total_timesteps      | 1223680    |
| train/                  |            |
|    approx_kl            | 0.32412586 |
|    clip_fraction        | 0.49       |
|    clip_range           | 0.2        |
|    clip_range_vf        | 0.2        |
|    entropy_loss         | 3.64       |
|    explained_variance   | 0.634      |
|    learning_rate        | 0.000117   |
|    loss                 | 0.152      |
|    n_updates            | 7219       |
|    policy_gradient_loss | 0.0907     |
|    std                  | 0.0399     |
|    value_loss           | 0.283      |
----------------------------------------
Early stopping at step 0 due to reaching max kl: 0.79
PPO progress: 1224449/1000000 (122%) | ep_rew_mean=153.98 | ep_len_mean=296 | episodes=100 | fps=202
----------------------------------------
| rollout/                |            |
|    ep_len_mean          | 296        |
|    ep_rew_mean          | 154        |
| time/                   |            |
|    fps                  | 37         |
|    iterations           | 219        |
|    time_elapsed         | 6044       |
|    total_timesteps      | 1224704    |
| train/                  |            |
|    approx_kl            | 0.28111637 |
|    clip_fraction        | 0.543      |
|    clip_range           | 0.2        |
|    clip_range_vf        | 0.2        |
|    entropy_loss         | 3.64       |
|    explained_variance   | 0.971      |
|    learning_rate        | 0.000116   |
|    loss                 | 0.195      |
|    n_updates            | 7220       |
|    policy_gradient_loss | 0.0769     |
|    std                  | 0.0399     |
|    value_loss           | 0.0201     |
----------------------------------------
Early stopping at step 1 due to reaching max kl: 0.91
PPO progress: 1225449/1000000 (123%) | ep_rew_mean=155.74 | ep_len_mean=298 | episodes=100 | fps=202
----------------------------------------
| rollout/                |            |
|    ep_len_mean          | 298        |
|    ep_rew_mean          | 156        |
| time/                   |            |
|    fps                  | 37         |
|    iterations           | 220        |
|    time_elapsed         | 6073       |
|    total_timesteps      | 1225728    |
| train/                  |            |
|    approx_kl            | 0.39228922 |
|    clip_fraction        | 0.497      |
|    clip_range           | 0.2        |
|    clip_range_vf        | 0.2        |
|    entropy_loss         | 3.64       |
|    explained_variance   | 0.951      |
|    learning_rate        | 0.000116   |
|    loss                 | 0.0359     |
|    n_updates            | 7222       |
|    policy_gradient_loss | 0.0591     |
|    std                  | 0.0399     |
|    value_loss           | 0.0349     |
----------------------------------------
Early stopping at step 1 due to reaching max kl: 0.86
PPO progress: 1226449/1000000 (123%) | ep_rew_mean=155.55 | ep_len_mean=298 | episodes=100 | fps=201
---------------------------------------
| rollout/                |           |
|    ep_len_mean          | 308       |
|    ep_rew_mean          | 160       |
| time/                   |           |
|    fps                  | 37        |
|    iterations           | 221       |
|    time_elapsed         | 6098      |
|    total_timesteps      | 1226752   |
| train/                  |           |
|    approx_kl            | 0.5703775 |
|    clip_fraction        | 0.561     |
|    clip_range           | 0.2       |
|    clip_range_vf        | 0.2       |
|    entropy_loss         | 3.63      |
|    explained_variance   | 0.767     |
|    learning_rate        | 0.000116  |
|    loss                 | 0.117     |
|    n_updates            | 7224      |
|    policy_gradient_loss | 0.0612    |
|    std                  | 0.04      |
|    value_loss           | 0.143     |
---------------------------------------
Early stopping at step 1 due to reaching max kl: 1.00
PPO progress: 1227449/1000000 (123%) | ep_rew_mean=151.94 | ep_len_mean=283 | episodes=100 | fps=200
----------------------------------------
| rollout/                |            |
|    ep_len_mean          | 283        |
|    ep_rew_mean          | 152        |
| time/                   |            |
|    fps                  | 37         |
|    iterations           | 222        |
|    time_elapsed         | 6130       |
|    total_timesteps      | 1227776    |
| train/                  |            |
|    approx_kl            | 0.45876858 |
|    clip_fraction        | 0.541      |
|    clip_range           | 0.2        |
|    clip_range_vf        | 0.2        |
|    entropy_loss         | 3.63       |
|    explained_variance   | 0.961      |
|    learning_rate        | 0.000116   |
|    loss                 | 0.912      |
|    n_updates            | 7226       |
|    policy_gradient_loss | 0.0826     |
|    std                  | 0.04       |
|    value_loss           | 0.0207     |
----------------------------------------
Early stopping at step 0 due to reaching max kl: 1.02
PPO progress: 1228449/1000000 (123%) | ep_rew_mean=152.82 | ep_len_mean=284 | episodes=100 | fps=199
----------------------------------------
| rollout/                |            |
|    ep_len_mean          | 275        |
|    ep_rew_mean          | 149        |
| time/                   |            |
|    fps                  | 37         |
|    iterations           | 223        |
|    time_elapsed         | 6156       |
|    total_timesteps      | 1228800    |
| train/                  |            |
|    approx_kl            | 0.19436231 |
|    clip_fraction        | 0.438      |
|    clip_range           | 0.2        |
|    clip_range_vf        | 0.2        |
|    entropy_loss         | 3.63       |
|    explained_variance   | 0.841      |
|    learning_rate        | 0.000116   |
|    loss                 | 0.266      |
|    n_updates            | 7227       |
|    policy_gradient_loss | 0.0867     |
|    std                  | 0.04       |
|    value_loss           | 0.164      |
----------------------------------------
Early stopping at step 1 due to reaching max kl: 0.80
PPO progress: 1229449/1000000 (123%) | ep_rew_mean=152.91 | ep_len_mean=284 | episodes=100 | fps=199
----------------------------------------
| rollout/                |            |
|    ep_len_mean          | 263        |
|    ep_rew_mean          | 141        |
| time/                   |            |
|    fps                  | 37         |
|    iterations           | 224        |
|    time_elapsed         | 6186       |
|    total_timesteps      | 1229824    |
| train/                  |            |
|    approx_kl            | 0.33945397 |
|    clip_fraction        | 0.466      |
|    clip_range           | 0.2        |
|    clip_range_vf        | 0.2        |
|    entropy_loss         | 3.63       |
|    explained_variance   | 0.662      |
|    learning_rate        | 0.000116   |
|    loss                 | 0.0943     |
|    n_updates            | 7229       |
|    policy_gradient_loss | 0.0462     |
|    std                  | 0.0401     |
|    value_loss           | 0.114      |
----------------------------------------
Early stopping at step 0 due to reaching max kl: 0.77
PPO progress: 1230449/1000000 (123%) | ep_rew_mean=142.75 | ep_len_mean=267 | episodes=100 | fps=198
----------------------------------------
| rollout/                |            |
|    ep_len_mean          | 272        |
|    ep_rew_mean          | 146        |
| time/                   |            |
|    fps                  | 37         |
|    iterations           | 225        |
|    time_elapsed         | 6212       |
|    total_timesteps      | 1230848    |
| train/                  |            |
|    approx_kl            | 0.18934612 |
|    clip_fraction        | 0.462      |
|    clip_range           | 0.2        |
|    clip_range_vf        | 0.2        |
|    entropy_loss         | 3.63       |
|    explained_variance   | 0.928      |
|    learning_rate        | 0.000116   |
|    loss                 | 0.152      |
|    n_updates            | 7230       |
|    policy_gradient_loss | 0.0464     |
|    std                  | 0.0401     |
|    value_loss           | 0.0328     |
----------------------------------------
Early stopping at step 0 due to reaching max kl: 0.75
PPO progress: 1231449/1000000 (123%) | ep_rew_mean=145.77 | ep_len_mean=272 | episodes=100 | fps=197
----------------------------------------
| rollout/                |            |
|    ep_len_mean          | 281        |
|    ep_rew_mean          | 151        |
| time/                   |            |
|    fps                  | 37         |
|    iterations           | 226        |
|    time_elapsed         | 6238       |
|    total_timesteps      | 1231872    |
| train/                  |            |
|    approx_kl            | 0.21292262 |
|    clip_fraction        | 0.413      |
|    clip_range           | 0.2        |
|    clip_range_vf        | 0.2        |
|    entropy_loss         | 3.63       |
|    explained_variance   | 0.948      |
|    learning_rate        | 0.000115   |
|    loss                 | 0.174      |
|    n_updates            | 7231       |
|    policy_gradient_loss | 0.0713     |
|    std                  | 0.0401     |
|    value_loss           | 0.0321     |
----------------------------------------
Early stopping at step 4 due to reaching max kl: 0.95
PPO progress: 1232449/1000000 (123%) | ep_rew_mean=153.70 | ep_len_mean=285 | episodes=100 | fps=197
----------------------------------------
| rollout/                |            |
|    ep_len_mean          | 285        |
|    ep_rew_mean          | 154        |
| time/                   |            |
|    fps                  | 37         |
|    iterations           | 227        |
|    time_elapsed         | 6265       |
|    total_timesteps      | 1232896    |
| train/                  |            |
|    approx_kl            | 0.47865552 |
|    clip_fraction        | 0.588      |
|    clip_range           | 0.2        |
|    clip_range_vf        | 0.2        |
|    entropy_loss         | 3.62       |
|    explained_variance   | 0.916      |
|    learning_rate        | 0.000115   |
|    loss                 | -0.0171    |
|    n_updates            | 7236       |
|    policy_gradient_loss | 0.0173     |
|    std                  | 0.0402     |
|    value_loss           | 0.0212     |
----------------------------------------
Early stopping at step 1 due to reaching max kl: 1.02
PPO progress: 1233449/1000000 (123%) | ep_rew_mean=155.55 | ep_len_mean=290 | episodes=100 | fps=196
----------------------------------------
| rollout/                |            |
|    ep_len_mean          | 291        |
|    ep_rew_mean          | 157        |
| time/                   |            |
|    fps                  | 37         |
|    iterations           | 228        |
|    time_elapsed         | 6291       |
|    total_timesteps      | 1233920    |
| train/                  |            |
|    approx_kl            | 0.67114633 |
|    clip_fraction        | 0.523      |
|    clip_range           | 0.2        |
|    clip_range_vf        | 0.2        |
|    entropy_loss         | 3.62       |
|    explained_variance   | 0.742      |
|    learning_rate        | 0.000115   |
|    loss                 | 0.0759     |
|    n_updates            | 7238       |
|    policy_gradient_loss | 0.0361     |
|    std                  | 0.0402     |
|    value_loss           | 0.124      |
----------------------------------------
Early stopping at step 0 due to reaching max kl: 1.38
PPO progress: 1234449/1000000 (123%) | ep_rew_mean=157.48 | ep_len_mean=291 | episodes=100 | fps=195
---------------------------------------
| rollout/                |           |
|    ep_len_mean          | 283       |
|    ep_rew_mean          | 153       |
| time/                   |           |
|    fps                  | 37        |
|    iterations           | 229       |
|    time_elapsed         | 6321      |
|    total_timesteps      | 1234944   |
| train/                  |           |
|    approx_kl            | 0.3103305 |
|    clip_fraction        | 0.573     |
|    clip_range           | 0.2       |
|    clip_range_vf        | 0.2       |
|    entropy_loss         | 3.62      |
|    explained_variance   | 0.929     |
|    learning_rate        | 0.000115  |
|    loss                 | 0.183     |
|    n_updates            | 7239      |
|    policy_gradient_loss | 0.0917    |
|    std                  | 0.0402    |
|    value_loss           | 0.043     |
---------------------------------------
Early stopping at step 1 due to reaching max kl: 1.06
PPO progress: 1235449/1000000 (124%) | ep_rew_mean=153.16 | ep_len_mean=283 | episodes=100 | fps=195
---------------------------------------
| rollout/                |           |
|    ep_len_mean          | 273       |
|    ep_rew_mean          | 147       |
| time/                   |           |
|    fps                  | 37        |
|    iterations           | 230       |
|    time_elapsed         | 6349      |
|    total_timesteps      | 1235968   |
| train/                  |           |
|    approx_kl            | 0.4666765 |
|    clip_fraction        | 0.533     |
|    clip_range           | 0.2       |
|    clip_range_vf        | 0.2       |
|    entropy_loss         | 3.62      |
|    explained_variance   | 0.959     |
|    learning_rate        | 0.000115  |
|    loss                 | 0.043     |
|    n_updates            | 7241      |
|    policy_gradient_loss | 0.0686    |
|    std                  | 0.0403    |
|    value_loss           | 0.0148    |
---------------------------------------
Early stopping at step 1 due to reaching max kl: 0.80
PPO progress: 1236449/1000000 (124%) | ep_rew_mean=147.13 | ep_len_mean=273 | episodes=100 | fps=194
----------------------------------------
| rollout/                |            |
|    ep_len_mean          | 273        |
|    ep_rew_mean          | 147        |
| time/                   |            |
|    fps                  | 37         |
|    iterations           | 231        |
|    time_elapsed         | 6376       |
|    total_timesteps      | 1236992    |
| train/                  |            |
|    approx_kl            | 0.48791173 |
|    clip_fraction        | 0.55       |
|    clip_range           | 0.2        |
|    clip_range_vf        | 0.2        |
|    entropy_loss         | 3.62       |
|    explained_variance   | 0.965      |
|    learning_rate        | 0.000115   |
|    loss                 | 0.114      |
|    n_updates            | 7243       |
|    policy_gradient_loss | 0.04       |
|    std                  | 0.0403     |
|    value_loss           | 0.0182     |
----------------------------------------
Early stopping at step 0 due to reaching max kl: 0.77
PPO progress: 1237449/1000000 (124%) | ep_rew_mean=146.91 | ep_len_mean=273 | episodes=100 | fps=193
----------------------------------------
| rollout/                |            |
|    ep_len_mean          | 281        |
|    ep_rew_mean          | 150        |
| time/                   |            |
|    fps                  | 37         |
|    iterations           | 232        |
|    time_elapsed         | 6403       |
|    total_timesteps      | 1238016    |
| train/                  |            |
|    approx_kl            | 0.15028429 |
|    clip_fraction        | 0.449      |
|    clip_range           | 0.2        |
|    clip_range_vf        | 0.2        |
|    entropy_loss         | 3.61       |
|    explained_variance   | 0.962      |
|    learning_rate        | 0.000114   |
|    loss                 | 0.518      |
|    n_updates            | 7244       |
|    policy_gradient_loss | 0.0676     |
|    std                  | 0.0403     |
|    value_loss           | 0.0141     |
----------------------------------------
Early stopping at step 0 due to reaching max kl: 0.77
PPO progress: 1238449/1000000 (124%) | ep_rew_mean=147.45 | ep_len_mean=278 | episodes=100 | fps=193
----------------------------------------
| rollout/                |            |
|    ep_len_mean          | 278        |
|    ep_rew_mean          | 147        |
| time/                   |            |
|    fps                  | 37         |
|    iterations           | 233        |
|    time_elapsed         | 6429       |
|    total_timesteps      | 1239040    |
| train/                  |            |
|    approx_kl            | 0.21439938 |
|    clip_fraction        | 0.477      |
|    clip_range           | 0.2        |
|    clip_range_vf        | 0.2        |
|    entropy_loss         | 3.61       |
|    explained_variance   | 0.907      |
|    learning_rate        | 0.000114   |
|    loss                 | 0.0655     |
|    n_updates            | 7245       |
|    policy_gradient_loss | 0.0648     |
|    std                  | 0.0404     |
|    value_loss           | 0.0262     |
----------------------------------------
Early stopping at step 1 due to reaching max kl: 0.95
PPO progress: 1239449/1000000 (124%) | ep_rew_mean=151.75 | ep_len_mean=288 | episodes=100 | fps=192
---------------------------------------
| rollout/                |           |
|    ep_len_mean          | 288       |
|    ep_rew_mean          | 152       |
| time/                   |           |
|    fps                  | 37        |
|    iterations           | 234       |
|    time_elapsed         | 6454      |
|    total_timesteps      | 1240064   |
| train/                  |           |
|    approx_kl            | 0.5051683 |
|    clip_fraction        | 0.598     |
|    clip_range           | 0.2       |
|    clip_range_vf        | 0.2       |
|    entropy_loss         | 3.61      |
|    explained_variance   | 0.946     |
|    learning_rate        | 0.000114  |
|    loss                 | 0.0691    |
|    n_updates            | 7247      |
|    policy_gradient_loss | 0.0703    |
|    std                  | 0.0404    |
|    value_loss           | 0.0159    |
---------------------------------------
Early stopping at step 1 due to reaching max kl: 1.11
PPO progress: 1240449/1000000 (124%) | ep_rew_mean=156.73 | ep_len_mean=298 | episodes=100 | fps=191
----------------------------------------
| rollout/                |            |
|    ep_len_mean          | 287        |
|    ep_rew_mean          | 151        |
| time/                   |            |
|    fps                  | 37         |
|    iterations           | 235        |
|    time_elapsed         | 6484       |
|    total_timesteps      | 1241088    |
| train/                  |            |
|    approx_kl            | 0.46557721 |
|    clip_fraction        | 0.545      |
|    clip_range           | 0.2        |
|    clip_range_vf        | 0.2        |
|    entropy_loss         | 3.61       |
|    explained_variance   | 0.962      |
|    learning_rate        | 0.000114   |
|    loss                 | 0.112      |
|    n_updates            | 7249       |
|    policy_gradient_loss | 0.0605     |
|    std                  | 0.0404     |
|    value_loss           | 0.0159     |
----------------------------------------
2026-07-04T12:51:52Z [6,508,309ms] [Error] [omni.kit.app._impl] [py stderr]: /media/samuel/Fast_SSD/SE4AI/thesis_repo/src/cobraflex_rl/cobraflex_rl/cv_lane_estimator.py:253: RankWarning: Polyfit may be poorly conditioned
  c2, c1, c0 = np.polyfit(xs, ys, 2)
Early stopping at step 0 due to reaching max kl: 2.81
PPO progress: 1241449/1000000 (124%) | ep_rew_mean=147.83 | ep_len_mean=280 | episodes=100 | fps=191
----------------------------------------
| rollout/                |            |
|    ep_len_mean          | 281        |
|    ep_rew_mean          | 148        |
| time/                   |            |
|    fps                  | 37         |
|    iterations           | 236        |
|    time_elapsed         | 6514       |
|    total_timesteps      | 1242112    |
| train/                  |            |
|    approx_kl            | 0.29317287 |
|    clip_fraction        | 0.41       |
|    clip_range           | 0.2        |
|    clip_range_vf        | 0.2        |
|    entropy_loss         | 3.61       |
|    explained_variance   | 0.958      |
|    learning_rate        | 0.000114   |
|    loss                 | 0.549      |
|    n_updates            | 7250       |
|    policy_gradient_loss | 0.077      |
|    std                  | 0.0404     |
|    value_loss           | 0.0263     |
----------------------------------------
Early stopping at step 1 due to reaching max kl: 0.77
PPO progress: 1242449/1000000 (124%) | ep_rew_mean=148.43 | ep_len_mean=281 | episodes=100 | fps=190
--------------------------------------
| rollout/                |          |
|    ep_len_mean          | 291      |
|    ep_rew_mean          | 154      |
| time/                   |          |
|    fps                  | 37       |
|    iterations           | 237      |
|    time_elapsed         | 6543     |
|    total_timesteps      | 1243136  |
| train/                  |          |
|    approx_kl            | 0.772972 |
|    clip_fraction        | 0.423    |
|    clip_range           | 0.2      |
|    clip_range_vf        | 0.2      |
|    entropy_loss         | 3.61     |
|    explained_variance   | 0.872    |
|    learning_rate        | 0.000114 |
|    loss                 | 0.0637   |
|    n_updates            | 7252     |
|    policy_gradient_loss | 0.0611   |
|    std                  | 0.0405   |
|    value_loss           | 0.0808   |
--------------------------------------
Early stopping at step 1 due to reaching max kl: 0.98
PPO progress: 1243449/1000000 (124%) | ep_rew_mean=153.74 | ep_len_mean=291 | episodes=100 | fps=189
----------------------------------------
| rollout/                |            |
|    ep_len_mean          | 295        |
|    ep_rew_mean          | 154        |
| time/                   |            |
|    fps                  | 37         |
|    iterations           | 238        |
|    time_elapsed         | 6572       |
|    total_timesteps      | 1244160    |
| train/                  |            |
|    approx_kl            | 0.56344634 |
|    clip_fraction        | 0.547      |
|    clip_range           | 0.2        |
|    clip_range_vf        | 0.2        |
|    entropy_loss         | 3.61       |
|    explained_variance   | 0.924      |
|    learning_rate        | 0.000114   |
|    loss                 | 0.0604     |
|    n_updates            | 7254       |
|    policy_gradient_loss | 0.0672     |
|    std                  | 0.0405     |
|    value_loss           | 0.0441     |
----------------------------------------
Early stopping at step 1 due to reaching max kl: 4.19
PPO progress: 1244449/1000000 (124%) | ep_rew_mean=154.57 | ep_len_mean=298 | episodes=100 | fps=189
---------------------------------------
| rollout/                |           |
|    ep_len_mean          | 292       |
|    ep_rew_mean          | 153       |
| time/                   |           |
|    fps                  | 37        |
|    iterations           | 239       |
|    time_elapsed         | 6598      |
|    total_timesteps      | 1245184   |
| train/                  |           |
|    approx_kl            | 1.6801656 |
|    clip_fraction        | 0.464     |
|    clip_range           | 0.2       |
|    clip_range_vf        | 0.2       |
|    entropy_loss         | 3.61      |
|    explained_variance   | 0.962     |
|    learning_rate        | 0.000113  |
|    loss                 | 0.0446    |
|    n_updates            | 7256      |
|    policy_gradient_loss | 0.0434    |
|    std                  | 0.0405    |
|    value_loss           | 0.0117    |
---------------------------------------
Early stopping at step 1 due to reaching max kl: 1.40
PPO progress: 1245449/1000000 (125%) | ep_rew_mean=150.50 | ep_len_mean=288 | episodes=100 | fps=188
---------------------------------------
| rollout/                |           |
|    ep_len_mean          | 292       |
|    ep_rew_mean          | 153       |
| time/                   |           |
|    fps                  | 37        |
|    iterations           | 240       |
|    time_elapsed         | 6624      |
|    total_timesteps      | 1246208   |
| train/                  |           |
|    approx_kl            | 0.4275623 |
|    clip_fraction        | 0.524     |
|    clip_range           | 0.2       |
|    clip_range_vf        | 0.2       |
|    entropy_loss         | 3.6       |
|    explained_variance   | 0.934     |
|    learning_rate        | 0.000113  |
|    loss                 | 0.133     |
|    n_updates            | 7258      |
|    policy_gradient_loss | 0.057     |
|    std                  | 0.0406    |
|    value_loss           | 0.0512    |
---------------------------------------
Early stopping at step 0 due to reaching max kl: 0.97
PPO progress: 1246449/1000000 (125%) | ep_rew_mean=153.40 | ep_len_mean=292 | episodes=100 | fps=187
----------------------------------------
| rollout/                |            |
|    ep_len_mean          | 296        |
|    ep_rew_mean          | 155        |
| time/                   |            |
|    fps                  | 37         |
|    iterations           | 241        |
|    time_elapsed         | 6649       |
|    total_timesteps      | 1247232    |
| train/                  |            |
|    approx_kl            | 0.20667848 |
|    clip_fraction        | 0.444      |
|    clip_range           | 0.2        |
|    clip_range_vf        | 0.2        |
|    entropy_loss         | 3.6        |
|    explained_variance   | 0.935      |
|    learning_rate        | 0.000113   |
|    loss                 | 0.345      |
|    n_updates            | 7259       |
|    policy_gradient_loss | 0.103      |
|    std                  | 0.0406     |
|    value_loss           | 0.0475     |
----------------------------------------
Early stopping at step 1 due to reaching max kl: 1.18
PPO progress: 1247449/1000000 (125%) | ep_rew_mean=155.13 | ep_len_mean=296 | episodes=100 | fps=187
---------------------------------------
| rollout/                |           |
|    ep_len_mean          | 303       |
|    ep_rew_mean          | 158       |
| time/                   |           |
|    fps                  | 37        |
|    iterations           | 242       |
|    time_elapsed         | 6675      |
|    total_timesteps      | 1248256   |
| train/                  |           |
|    approx_kl            | 0.4690486 |
|    clip_fraction        | 0.471     |
|    clip_range           | 0.2       |
|    clip_range_vf        | 0.2       |
|    entropy_loss         | 3.6       |
|    explained_variance   | 0.957     |
|    learning_rate        | 0.000113  |
|    loss                 | 0.0769    |
|    n_updates            | 7261      |
|    policy_gradient_loss | 0.0409    |
|    std                  | 0.0406    |
|    value_loss           | 0.0146    |
---------------------------------------
Early stopping at step 1 due to reaching max kl: 1.35
PPO progress: 1248449/1000000 (125%) | ep_rew_mean=158.28 | ep_len_mean=303 | episodes=100 | fps=186
----------------------------------------
| rollout/                |            |
|    ep_len_mean          | 305        |
|    ep_rew_mean          | 157        |
| time/                   |            |
|    fps                  | 37         |
|    iterations           | 243        |
|    time_elapsed         | 6700       |
|    total_timesteps      | 1249280    |
| train/                  |            |
|    approx_kl            | 0.93049157 |
|    clip_fraction        | 0.5        |
|    clip_range           | 0.2        |
|    clip_range_vf        | 0.2        |
|    entropy_loss         | 3.6        |
|    explained_variance   | 0.926      |
|    learning_rate        | 0.000113   |
|    loss                 | 0.0594     |
|    n_updates            | 7263       |
|    policy_gradient_loss | 0.0583     |
|    std                  | 0.0406     |
|    value_loss           | 0.0448     |
----------------------------------------
Early stopping at step 1 due to reaching max kl: 0.82
PPO progress: 1249449/1000000 (125%) | ep_rew_mean=157.46 | ep_len_mean=306 | episodes=100 | fps=186
----------------------------------------
| rollout/                |            |
|    ep_len_mean          | 306        |
|    ep_rew_mean          | 157        |
| time/                   |            |
|    fps                  | 37         |
|    iterations           | 244        |
|    time_elapsed         | 6725       |
|    total_timesteps      | 1250304    |
| train/                  |            |
|    approx_kl            | 0.49411145 |
|    clip_fraction        | 0.562      |
|    clip_range           | 0.2        |
|    clip_range_vf        | 0.2        |
|    entropy_loss         | 3.6        |
|    explained_variance   | 0.968      |
|    learning_rate        | 0.000113   |
|    loss                 | 0.0845     |
|    n_updates            | 7265       |
|    policy_gradient_loss | 0.0461     |
|    std                  | 0.0407     |
|    value_loss           | 0.0135     |
----------------------------------------
Early stopping at step 1 due to reaching max kl: 1.70
PPO progress: 1250449/1000000 (125%) | ep_rew_mean=157.89 | ep_len_mean=310 | episodes=100 | fps=185
---------------------------------------
| rollout/                |           |
|    ep_len_mean          | 297       |
|    ep_rew_mean          | 154       |
| time/                   |           |
|    fps                  | 37        |
|    iterations           | 245       |
|    time_elapsed         | 6757      |
|    total_timesteps      | 1251328   |
| train/                  |           |
|    approx_kl            | 1.7038296 |
|    clip_fraction        | 0.434     |
|    clip_range           | 0.2       |
|    clip_range_vf        | 0.2       |
|    entropy_loss         | 3.6       |
|    explained_variance   | 0.97      |
|    learning_rate        | 0.000112  |
|    loss                 | -0.0271   |
|    n_updates            | 7267      |
|    policy_gradient_loss | 0.0452    |
|    std                  | 0.0407    |
|    value_loss           | 0.0132    |
---------------------------------------
Early stopping at step 1 due to reaching max kl: 0.77
PPO progress: 1251449/1000000 (125%) | ep_rew_mean=154.12 | ep_len_mean=297 | episodes=100 | fps=185
[isaac_interface] WARN: Spawn pose did not settle after teleport; first-step ey may be unreliable.
---------------------------------------
| rollout/                |           |
|    ep_len_mean          | 298       |
|    ep_rew_mean          | 154       |
| time/                   |           |
|    fps                  | 37        |
|    iterations           | 246       |
|    time_elapsed         | 6785      |
|    total_timesteps      | 1252352   |
| train/                  |           |
|    approx_kl            | 0.5859617 |
|    clip_fraction        | 0.473     |
|    clip_range           | 0.2       |
|    clip_range_vf        | 0.2       |
|    entropy_loss         | 3.59      |
|    explained_variance   | 0.902     |
|    learning_rate        | 0.000112  |
|    loss                 | 0.00199   |
|    n_updates            | 7269      |
|    policy_gradient_loss | 0.0378    |
|    std                  | 0.0408    |
|    value_loss           | 0.0873    |
---------------------------------------
Early stopping at step 0 due to reaching max kl: 0.92
PPO progress: 1252449/1000000 (125%) | ep_rew_mean=153.79 | ep_len_mean=298 | episodes=100 | fps=184
----------------------------------------
| rollout/                |            |
|    ep_len_mean          | 302        |
|    ep_rew_mean          | 156        |
| time/                   |            |
|    fps                  | 37         |
|    iterations           | 247        |
|    time_elapsed         | 6811       |
|    total_timesteps      | 1253376    |
| train/                  |            |
|    approx_kl            | 0.19618998 |
|    clip_fraction        | 0.445      |
|    clip_range           | 0.2        |
|    clip_range_vf        | 0.2        |
|    entropy_loss         | 3.59       |
|    explained_variance   | 0.859      |
|    learning_rate        | 0.000112   |
|    loss                 | 0.252      |
|    n_updates            | 7270       |
|    policy_gradient_loss | 0.0884     |
|    std                  | 0.0408     |
|    value_loss           | 0.0762     |
----------------------------------------
Early stopping at step 1 due to reaching max kl: 0.76
PPO progress: 1253449/1000000 (125%) | ep_rew_mean=156.35 | ep_len_mean=302 | episodes=100 | fps=183
----------------------------------------
| rollout/                |            |
|    ep_len_mean          | 310        |
|    ep_rew_mean          | 160        |
| time/                   |            |
|    fps                  | 37         |
|    iterations           | 248        |
|    time_elapsed         | 6837       |
|    total_timesteps      | 1254400    |
| train/                  |            |
|    approx_kl            | 0.38059002 |
|    clip_fraction        | 0.404      |
|    clip_range           | 0.2        |
|    clip_range_vf        | 0.2        |
|    entropy_loss         | 3.59       |
|    explained_variance   | 0.786      |
|    learning_rate        | 0.000112   |
|    loss                 | 0.0714     |
|    n_updates            | 7272       |
|    policy_gradient_loss | 0.0103     |
|    std                  | 0.0409     |
|    value_loss           | 0.0975     |
----------------------------------------
Early stopping at step 2 due to reaching max kl: 0.81
PPO progress: 1254449/1000000 (125%) | ep_rew_mean=159.95 | ep_len_mean=310 | episodes=100 | fps=183
---------------------------------------
| rollout/                |           |
|    ep_len_mean          | 286       |
|    ep_rew_mean          | 150       |
| time/                   |           |
|    fps                  | 37        |
|    iterations           | 249       |
|    time_elapsed         | 6868      |
|    total_timesteps      | 1255424   |
| train/                  |           |
|    approx_kl            | 0.5933187 |
|    clip_fraction        | 0.591     |
|    clip_range           | 0.2       |
|    clip_range_vf        | 0.2       |
|    entropy_loss         | 3.59      |
|    explained_variance   | 0.934     |
|    learning_rate        | 0.000112  |
|    loss                 | -0.00158  |
|    n_updates            | 7275      |
|    policy_gradient_loss | 0.0292    |
|    std                  | 0.0409    |
|    value_loss           | 0.0257    |
---------------------------------------
Early stopping at step 1 due to reaching max kl: 1.11
PPO progress: 1255449/1000000 (126%) | ep_rew_mean=149.77 | ep_len_mean=286 | episodes=100 | fps=182
---------------------------------------
| rollout/                |           |
|    ep_len_mean          | 290       |
|    ep_rew_mean          | 152       |
| time/                   |           |
|    fps                  | 37        |
|    iterations           | 250       |
|    time_elapsed         | 6894      |
|    total_timesteps      | 1256448   |
| train/                  |           |
|    approx_kl            | 1.1097819 |
|    clip_fraction        | 0.478     |
|    clip_range           | 0.2       |
|    clip_range_vf        | 0.2       |
|    entropy_loss         | 3.58      |
|    explained_variance   | 0.828     |
|    learning_rate        | 0.000112  |
|    loss                 | 0.137     |
|    n_updates            | 7277      |
|    policy_gradient_loss | 0.0919    |
|    std                  | 0.0409    |
|    value_loss           | 0.184     |
---------------------------------------
Early stopping at step 0 due to reaching max kl: 0.88
PPO progress: 1256449/1000000 (126%) | ep_rew_mean=151.85 | ep_len_mean=290 | episodes=100 | fps=182
PPO progress: 1257449/1000000 (126%) | ep_rew_mean=152.09 | ep_len_mean=287 | episodes=100 | fps=181
----------------------------------------
| rollout/                |            |
|    ep_len_mean          | 287        |
|    ep_rew_mean          | 152        |
| time/                   |            |
|    fps                  | 37         |
|    iterations           | 251        |
|    time_elapsed         | 6924       |
|    total_timesteps      | 1257472    |
| train/                  |            |
|    approx_kl            | 0.24897319 |
|    clip_fraction        | 0.543      |
|    clip_range           | 0.2        |
|    clip_range_vf        | 0.2        |
|    entropy_loss         | 3.58       |
|    explained_variance   | 0.73       |
|    learning_rate        | 0.000112   |
|    loss                 | 0.523      |
|    n_updates            | 7278       |
|    policy_gradient_loss | 0.091      |
|    std                  | 0.041      |
|    value_loss           | 0.242      |
----------------------------------------
Early stopping at step 1 due to reaching max kl: 0.84
PPO progress: 1258449/1000000 (126%) | ep_rew_mean=154.32 | ep_len_mean=289 | episodes=100 | fps=180
---------------------------------------
| rollout/                |           |
|    ep_len_mean          | 289       |
|    ep_rew_mean          | 154       |
| time/                   |           |
|    fps                  | 37        |
|    iterations           | 252       |
|    time_elapsed         | 6954      |
|    total_timesteps      | 1258496   |
| train/                  |           |
|    approx_kl            | 0.4660684 |
|    clip_fraction        | 0.491     |
|    clip_range           | 0.2       |
|    clip_range_vf        | 0.2       |
|    entropy_loss         | 3.58      |
|    explained_variance   | 0.91      |
|    learning_rate        | 0.000111  |
|    loss                 | 0.17      |
|    n_updates            | 7280      |
|    policy_gradient_loss | 0.0662    |
|    std                  | 0.041     |
|    value_loss           | 0.063     |
---------------------------------------
Early stopping at step 1 due to reaching max kl: 1.06
PPO progress: 1259449/1000000 (126%) | ep_rew_mean=153.84 | ep_len_mean=286 | episodes=100 | fps=180
---------------------------------------
| rollout/                |           |
|    ep_len_mean          | 286       |
|    ep_rew_mean          | 154       |
| time/                   |           |
|    fps                  | 37        |
|    iterations           | 253       |
|    time_elapsed         | 6980      |
|    total_timesteps      | 1259520   |
| train/                  |           |
|    approx_kl            | 0.8037313 |
|    clip_fraction        | 0.527     |
|    clip_range           | 0.2       |
|    clip_range_vf        | 0.2       |
|    entropy_loss         | 3.58      |
|    explained_variance   | 0.87      |
|    learning_rate        | 0.000111  |
|    loss                 | 0.0833    |
|    n_updates            | 7282      |
|    policy_gradient_loss | 0.0482    |
|    std                  | 0.0411    |
|    value_loss           | 0.0613    |
---------------------------------------
Early stopping at step 2 due to reaching max kl: 0.94
PPO progress: 1260449/1000000 (126%) | ep_rew_mean=148.19 | ep_len_mean=279 | episodes=100 | fps=179
----------------------------------------
| rollout/                |            |
|    ep_len_mean          | 279        |
|    ep_rew_mean          | 148        |
| time/                   |            |
|    fps                  | 37         |
|    iterations           | 254        |
|    time_elapsed         | 7006       |
|    total_timesteps      | 1260544    |
| train/                  |            |
|    approx_kl            | 0.49262628 |
|    clip_fraction        | 0.564      |
|    clip_range           | 0.2        |
|    clip_range_vf        | 0.2        |
|    entropy_loss         | 3.58       |
|    explained_variance   | 0.925      |
|    learning_rate        | 0.000111   |
|    loss                 | 0.0114     |
|    n_updates            | 7285       |
|    policy_gradient_loss | 0.0408     |
|    std                  | 0.0412     |
|    value_loss           | 0.0461     |
----------------------------------------
Early stopping at step 1 due to reaching max kl: 0.78
PPO progress: 1261449/1000000 (126%) | ep_rew_mean=143.18 | ep_len_mean=269 | episodes=100 | fps=179
----------------------------------------
| rollout/                |            |
|    ep_len_mean          | 269        |
|    ep_rew_mean          | 143        |
| time/                   |            |
|    fps                  | 37         |
|    iterations           | 255        |
|    time_elapsed         | 7034       |
|    total_timesteps      | 1261568    |
| train/                  |            |
|    approx_kl            | 0.44025213 |
|    clip_fraction        | 0.535      |
|    clip_range           | 0.2        |
|    clip_range_vf        | 0.2        |
|    entropy_loss         | 3.57       |
|    explained_variance   | 0.95       |
|    learning_rate        | 0.000111   |
|    loss                 | 0.0969     |
|    n_updates            | 7287       |
|    policy_gradient_loss | 0.0382     |
|    std                  | 0.0412     |
|    value_loss           | 0.021      |
----------------------------------------
Early stopping at step 2 due to reaching max kl: 0.77
PPO progress: 1262449/1000000 (126%) | ep_rew_mean=145.52 | ep_len_mean=271 | episodes=100 | fps=178
----------------------------------------
| rollout/                |            |
|    ep_len_mean          | 271        |
|    ep_rew_mean          | 146        |
| time/                   |            |
|    fps                  | 37         |
|    iterations           | 256        |
|    time_elapsed         | 7063       |
|    total_timesteps      | 1262592    |
| train/                  |            |
|    approx_kl            | 0.76649594 |
|    clip_fraction        | 0.608      |
|    clip_range           | 0.2        |
|    clip_range_vf        | 0.2        |
|    entropy_loss         | 3.57       |
|    explained_variance   | 0.608      |
|    learning_rate        | 0.000111   |
|    loss                 | 0.205      |
|    n_updates            | 7290       |
|    policy_gradient_loss | 0.0382     |
|    std                  | 0.0413     |
|    value_loss           | 0.303      |
----------------------------------------
Early stopping at step 1 due to reaching max kl: 0.82
PPO progress: 1263449/1000000 (126%) | ep_rew_mean=150.14 | ep_len_mean=278 | episodes=100 | fps=178
----------------------------------------
| rollout/                |            |
|    ep_len_mean          | 278        |
|    ep_rew_mean          | 150        |
| time/                   |            |
|    fps                  | 37         |
|    iterations           | 257        |
|    time_elapsed         | 7091       |
|    total_timesteps      | 1263616    |
| train/                  |            |
|    approx_kl            | 0.46561643 |
|    clip_fraction        | 0.557      |
|    clip_range           | 0.2        |
|    clip_range_vf        | 0.2        |
|    entropy_loss         | 3.57       |
|    explained_variance   | 0.967      |
|    learning_rate        | 0.000111   |
|    loss                 | 0.0485     |
|    n_updates            | 7292       |
|    policy_gradient_loss | 0.0705     |
|    std                  | 0.0413     |
|    value_loss           | 0.012      |
----------------------------------------
Early stopping at step 1 due to reaching max kl: 0.79
PPO progress: 1264449/1000000 (126%) | ep_rew_mean=154.68 | ep_len_mean=288 | episodes=100 | fps=177
----------------------------------------
| rollout/                |            |
|    ep_len_mean          | 288        |
|    ep_rew_mean          | 155        |
| time/                   |            |
|    fps                  | 37         |
|    iterations           | 258        |
|    time_elapsed         | 7119       |
|    total_timesteps      | 1264640    |
| train/                  |            |
|    approx_kl            | 0.37278157 |
|    clip_fraction        | 0.496      |
|    clip_range           | 0.2        |
|    clip_range_vf        | 0.2        |
|    entropy_loss         | 3.57       |
|    explained_variance   | 0.961      |
|    learning_rate        | 0.000111   |
|    loss                 | 0.104      |
|    n_updates            | 7294       |
|    policy_gradient_loss | 0.0578     |
|    std                  | 0.0413     |
|    value_loss           | 0.0273     |
----------------------------------------
Early stopping at step 1 due to reaching max kl: 1.21
PPO progress: 1265449/1000000 (127%) | ep_rew_mean=152.15 | ep_len_mean=276 | episodes=100 | fps=177
---------------------------------------
| rollout/                |           |
|    ep_len_mean          | 266       |
|    ep_rew_mean          | 148       |
| time/                   |           |
|    fps                  | 37        |
|    iterations           | 259       |
|    time_elapsed         | 7147      |
|    total_timesteps      | 1265664   |
| train/                  |           |
|    approx_kl            | 0.5237655 |
|    clip_fraction        | 0.579     |
|    clip_range           | 0.2       |
|    clip_range_vf        | 0.2       |
|    entropy_loss         | 3.56      |
|    explained_variance   | 0.963     |
|    learning_rate        | 0.00011   |
|    loss                 | 0.0929    |
|    n_updates            | 7296      |
|    policy_gradient_loss | 0.0995    |
|    std                  | 0.0414    |
|    value_loss           | 0.0158    |
---------------------------------------
Early stopping at step 1 due to reaching max kl: 0.94
PPO progress: 1266449/1000000 (127%) | ep_rew_mean=147.99 | ep_len_mean=266 | episodes=100 | fps=176
----------------------------------------
| rollout/                |            |
|    ep_len_mean          | 266        |
|    ep_rew_mean          | 147        |
| time/                   |            |
|    fps                  | 37         |
|    iterations           | 260        |
|    time_elapsed         | 7172       |
|    total_timesteps      | 1266688    |
| train/                  |            |
|    approx_kl            | 0.49642983 |
|    clip_fraction        | 0.56       |
|    clip_range           | 0.2        |
|    clip_range_vf        | 0.2        |
|    entropy_loss         | 3.56       |
|    explained_variance   | 0.942      |
|    learning_rate        | 0.00011    |
|    loss                 | 0.00156    |
|    n_updates            | 7298       |
|    policy_gradient_loss | 0.0513     |
|    std                  | 0.0414     |
|    value_loss           | 0.0442     |
----------------------------------------
Early stopping at step 1 due to reaching max kl: 1.26
PPO progress: 1267449/1000000 (127%) | ep_rew_mean=148.62 | ep_len_mean=268 | episodes=100 | fps=176
---------------------------------------
| rollout/                |           |
|    ep_len_mean          | 270       |
|    ep_rew_mean          | 150       |
| time/                   |           |
|    fps                  | 37        |
|    iterations           | 261       |
|    time_elapsed         | 7200      |
|    total_timesteps      | 1267712   |
| train/                  |           |
|    approx_kl            | 0.5705205 |
|    clip_fraction        | 0.591     |
|    clip_range           | 0.2       |
|    clip_range_vf        | 0.2       |
|    entropy_loss         | 3.56      |
|    explained_variance   | 0.94      |
|    learning_rate        | 0.00011   |
|    loss                 | -0.0345   |
|    n_updates            | 7300      |
|    policy_gradient_loss | 0.0907    |
|    std                  | 0.0415    |
|    value_loss           | 0.0192    |
---------------------------------------
Early stopping at step 1 due to reaching max kl: 0.79
PPO progress: 1268449/1000000 (127%) | ep_rew_mean=151.80 | ep_len_mean=271 | episodes=100 | fps=175
----------------------------------------
| rollout/                |            |
|    ep_len_mean          | 261        |
|    ep_rew_mean          | 148        |
| time/                   |            |
|    fps                  | 37         |
|    iterations           | 262        |
|    time_elapsed         | 7231       |
|    total_timesteps      | 1268736    |
| train/                  |            |
|    approx_kl            | 0.46270066 |
|    clip_fraction        | 0.532      |
|    clip_range           | 0.2        |
|    clip_range_vf        | 0.2        |
|    entropy_loss         | 3.56       |
|    explained_variance   | 0.884      |
|    learning_rate        | 0.00011    |
|    loss                 | 0.11       |
|    n_updates            | 7302       |
|    policy_gradient_loss | 0.0426     |
|    std                  | 0.0415     |
|    value_loss           | 0.081      |
----------------------------------------
Early stopping at step 0 due to reaching max kl: 0.78
PPO progress: 1269449/1000000 (127%) | ep_rew_mean=147.67 | ep_len_mean=261 | episodes=100 | fps=175
----------------------------------------
| rollout/                |            |
|    ep_len_mean          | 270        |
|    ep_rew_mean          | 153        |
| time/                   |            |
|    fps                  | 37         |
|    iterations           | 263        |
|    time_elapsed         | 7259       |
|    total_timesteps      | 1269760    |
| train/                  |            |
|    approx_kl            | 0.19051686 |
|    clip_fraction        | 0.43       |
|    clip_range           | 0.2        |
|    clip_range_vf        | 0.2        |
|    entropy_loss         | 3.56       |
|    explained_variance   | 0.796      |
|    learning_rate        | 0.00011    |
|    loss                 | 1.23       |
|    n_updates            | 7303       |
|    policy_gradient_loss | 0.163      |
|    std                  | 0.0415     |
|    value_loss           | 0.173      |
----------------------------------------
Early stopping at step 1 due to reaching max kl: 1.26
PPO progress: 1270449/1000000 (127%) | ep_rew_mean=153.05 | ep_len_mean=270 | episodes=100 | fps=174
--------------------------------------
| rollout/                |          |
|    ep_len_mean          | 270      |
|    ep_rew_mean          | 148      |
| time/                   |          |
|    fps                  | 37       |
|    iterations           | 264      |
|    time_elapsed         | 7284     |
|    total_timesteps      | 1270784  |
| train/                  |          |
|    approx_kl            | 0.879581 |
|    clip_fraction        | 0.383    |
|    clip_range           | 0.2      |
|    clip_range_vf        | 0.2      |
|    entropy_loss         | 3.56     |
|    explained_variance   | 0.853    |
|    learning_rate        | 0.00011  |
|    loss                 | -0.0221  |
|    n_updates            | 7305     |
|    policy_gradient_loss | 0.123    |
|    std                  | 0.0415   |
|    value_loss           | 0.0272   |
--------------------------------------
Early stopping at step 0 due to reaching max kl: 0.83
PPO progress: 1271449/1000000 (127%) | ep_rew_mean=148.81 | ep_len_mean=268 | episodes=100 | fps=174
----------------------------------------
| rollout/                |            |
|    ep_len_mean          | 270        |
|    ep_rew_mean          | 151        |
| time/                   |            |
|    fps                  | 37         |
|    iterations           | 265        |
|    time_elapsed         | 7315       |
|    total_timesteps      | 1271808    |
| train/                  |            |
|    approx_kl            | 0.49115494 |
|    clip_fraction        | 0.552      |
|    clip_range           | 0.2        |
|    clip_range_vf        | 0.2        |
|    entropy_loss         | 3.56       |
|    explained_variance   | 0.757      |
|    learning_rate        | 0.000109   |
|    loss                 | 0.194      |
|    n_updates            | 7306       |
|    policy_gradient_loss | 0.0804     |
|    std                  | 0.0415     |
|    value_loss           | 0.136      |
----------------------------------------
Early stopping at step 0 due to reaching max kl: 0.79
PPO progress: 1272449/1000000 (127%) | ep_rew_mean=148.43 | ep_len_mean=266 | episodes=100 | fps=173
---------------------------------------
| rollout/                |           |
|    ep_len_mean          | 266       |
|    ep_rew_mean          | 148       |
| time/                   |           |
|    fps                  | 37        |
|    iterations           | 266       |
|    time_elapsed         | 7343      |
|    total_timesteps      | 1272832   |
| train/                  |           |
|    approx_kl            | 0.1894655 |
|    clip_fraction        | 0.434     |
|    clip_range           | 0.2       |
|    clip_range_vf        | 0.2       |
|    entropy_loss         | 3.55      |
|    explained_variance   | 0.954     |
|    learning_rate        | 0.000109  |
|    loss                 | 0.186     |
|    n_updates            | 7307      |
|    policy_gradient_loss | 0.101     |
|    std                  | 0.0416    |
|    value_loss           | 0.0368    |
---------------------------------------
Early stopping at step 1 due to reaching max kl: 0.86
PPO progress: 1273449/1000000 (127%) | ep_rew_mean=148.66 | ep_len_mean=264 | episodes=100 | fps=172
--------------------------------------
| rollout/                |          |
|    ep_len_mean          | 260      |
|    ep_rew_mean          | 146      |
| time/                   |          |
|    fps                  | 37       |
|    iterations           | 267      |
|    time_elapsed         | 7372     |
|    total_timesteps      | 1273856  |
| train/                  |          |
|    approx_kl            | 0.731139 |
|    clip_fraction        | 0.42     |
|    clip_range           | 0.2      |
|    clip_range_vf        | 0.2      |
|    entropy_loss         | 3.55     |
|    explained_variance   | 0.918    |
|    learning_rate        | 0.000109 |
|    loss                 | 0.0621   |
|    n_updates            | 7309     |
|    policy_gradient_loss | 0.0505   |
|    std                  | 0.0416   |
|    value_loss           | 0.0442   |
--------------------------------------
Early stopping at step 2 due to reaching max kl: 0.87
PPO progress: 1274449/1000000 (127%) | ep_rew_mean=144.98 | ep_len_mean=254 | episodes=100 | fps=172
----------------------------------------
| rollout/                |            |
|    ep_len_mean          | 241        |
|    ep_rew_mean          | 139        |
| time/                   |            |
|    fps                  | 37         |
|    iterations           | 268        |
|    time_elapsed         | 7399       |
|    total_timesteps      | 1274880    |
| train/                  |            |
|    approx_kl            | 0.69492275 |
|    clip_fraction        | 0.459      |
|    clip_range           | 0.2        |
|    clip_range_vf        | 0.2        |
|    entropy_loss         | 3.55       |
|    explained_variance   | 0.844      |
|    learning_rate        | 0.000109   |
|    loss                 | 0.0775     |
|    n_updates            | 7312       |
|    policy_gradient_loss | 0.0125     |
|    std                  | 0.0416     |
|    value_loss           | 0.129      |
----------------------------------------
Early stopping at step 1 due to reaching max kl: 1.37
PPO progress: 1275449/1000000 (128%) | ep_rew_mean=136.01 | ep_len_mean=233 | episodes=100 | fps=171
----------------------------------------
| rollout/                |            |
|    ep_len_mean          | 233        |
|    ep_rew_mean          | 136        |
| time/                   |            |
|    fps                  | 37         |
|    iterations           | 269        |
|    time_elapsed         | 7427       |
|    total_timesteps      | 1275904    |
| train/                  |            |
|    approx_kl            | 0.59256935 |
|    clip_fraction        | 0.515      |
|    clip_range           | 0.2        |
|    clip_range_vf        | 0.2        |
|    entropy_loss         | 3.55       |
|    explained_variance   | 0.798      |
|    learning_rate        | 0.000109   |
|    loss                 | 0.202      |
|    n_updates            | 7314       |
|    policy_gradient_loss | 0.0399     |
|    std                  | 0.0416     |
|    value_loss           | 0.142      |
----------------------------------------
Early stopping at step 0 due to reaching max kl: 0.76
PPO progress: 1276449/1000000 (128%) | ep_rew_mean=136.60 | ep_len_mean=232 | episodes=100 | fps=171
----------------------------------------
| rollout/                |            |
|    ep_len_mean          | 222        |
|    ep_rew_mean          | 131        |
| time/                   |            |
|    fps                  | 37         |
|    iterations           | 270        |
|    time_elapsed         | 7459       |
|    total_timesteps      | 1276928    |
| train/                  |            |
|    approx_kl            | 0.30958223 |
|    clip_fraction        | 0.512      |
|    clip_range           | 0.2        |
|    clip_range_vf        | 0.2        |
|    entropy_loss         | 3.55       |
|    explained_variance   | 0.85       |
|    learning_rate        | 0.000109   |
|    loss                 | 0.243      |
|    n_updates            | 7315       |
|    policy_gradient_loss | 0.0904     |
|    std                  | 0.0416     |
|    value_loss           | 0.139      |
----------------------------------------
Early stopping at step 1 due to reaching max kl: 0.95
PPO progress: 1277449/1000000 (128%) | ep_rew_mean=133.53 | ep_len_mean=224 | episodes=100 | fps=170
----------------------------------------
| rollout/                |            |
|    ep_len_mean          | 224        |
|    ep_rew_mean          | 134        |
| time/                   |            |
|    fps                  | 37         |
|    iterations           | 271        |
|    time_elapsed         | 7485       |
|    total_timesteps      | 1277952    |
| train/                  |            |
|    approx_kl            | 0.81784284 |
|    clip_fraction        | 0.515      |
|    clip_range           | 0.2        |
|    clip_range_vf        | 0.2        |
|    entropy_loss         | 3.55       |
|    explained_variance   | 0.866      |
|    learning_rate        | 0.000109   |
|    loss                 | 0.0817     |
|    n_updates            | 7317       |
|    policy_gradient_loss | 0.0495     |
|    std                  | 0.0417     |
|    value_loss           | 0.14       |
----------------------------------------
Early stopping at step 3 due to reaching max kl: 0.75
PPO progress: 1278449/1000000 (128%) | ep_rew_mean=135.92 | ep_len_mean=229 | episodes=100 | fps=170
----------------------------------------
| rollout/                |            |
|    ep_len_mean          | 226        |
|    ep_rew_mean          | 133        |
| time/                   |            |
|    fps                  | 37         |
|    iterations           | 272        |
|    time_elapsed         | 7513       |
|    total_timesteps      | 1278976    |
| train/                  |            |
|    approx_kl            | 0.75032103 |
|    clip_fraction        | 0.527      |
|    clip_range           | 0.2        |
|    clip_range_vf        | 0.2        |
|    entropy_loss         | 3.55       |
|    explained_variance   | 0.959      |
|    learning_rate        | 0.000108   |
|    loss                 | 0.0137     |
|    n_updates            | 7321       |
|    policy_gradient_loss | 0.0118     |
|    std                  | 0.0417     |
|    value_loss           | 0.0225     |
----------------------------------------
Early stopping at step 1 due to reaching max kl: 0.77
PPO progress: 1279449/1000000 (128%) | ep_rew_mean=136.03 | ep_len_mean=229 | episodes=100 | fps=169
---------------------------------------
| rollout/                |           |
|    ep_len_mean          | 229       |
|    ep_rew_mean          | 136       |
| time/                   |           |
|    fps                  | 37        |
|    iterations           | 273       |
|    time_elapsed         | 7543      |
|    total_timesteps      | 1280000   |
| train/                  |           |
|    approx_kl            | 0.4394822 |
|    clip_fraction        | 0.582     |
|    clip_range           | 0.2       |
|    clip_range_vf        | 0.2       |
|    entropy_loss         | 3.55      |
|    explained_variance   | 0.655     |
|    learning_rate        | 0.000108  |
|    loss                 | 0.355     |
|    n_updates            | 7323      |
|    policy_gradient_loss | 0.0363    |
|    std                  | 0.0418    |
|    value_loss           | 0.225     |
---------------------------------------
Early stopping at step 0 due to reaching max kl: 0.76
PPO progress: 1280449/1000000 (128%) | ep_rew_mean=141.21 | ep_len_mean=237 | episodes=100 | fps=169
----------------------------------------
| rollout/                |            |
|    ep_len_mean          | 236        |
|    ep_rew_mean          | 141        |
| time/                   |            |
|    fps                  | 37         |
|    iterations           | 274        |
|    time_elapsed         | 7570       |
|    total_timesteps      | 1281024    |
| train/                  |            |
|    approx_kl            | 0.15746346 |
|    clip_fraction        | 0.479      |
|    clip_range           | 0.2        |
|    clip_range_vf        | 0.2        |
|    entropy_loss         | 3.54       |
|    explained_variance   | 0.805      |
|    learning_rate        | 0.000108   |
|    loss                 | 0.147      |
|    n_updates            | 7324       |
|    policy_gradient_loss | 0.0519     |
|    std                  | 0.0418     |
|    value_loss           | 0.161      |
----------------------------------------
Early stopping at step 2 due to reaching max kl: 0.82
PPO progress: 1281449/1000000 (128%) | ep_rew_mean=138.10 | ep_len_mean=229 | episodes=100 | fps=169
---------------------------------------
| rollout/                |           |
|    ep_len_mean          | 234       |
|    ep_rew_mean          | 141       |
| time/                   |           |
|    fps                  | 37        |
|    iterations           | 275       |
|    time_elapsed         | 7596      |
|    total_timesteps      | 1282048   |
| train/                  |           |
|    approx_kl            | 0.5464185 |
|    clip_fraction        | 0.535     |
|    clip_range           | 0.2       |
|    clip_range_vf        | 0.2       |
|    entropy_loss         | 3.54      |
|    explained_variance   | 0.971     |
|    learning_rate        | 0.000108  |
|    loss                 | 0.102     |
|    n_updates            | 7327      |
|    policy_gradient_loss | 0.042     |
|    std                  | 0.0418    |
|    value_loss           | 0.0214    |
---------------------------------------
Early stopping at step 3 due to reaching max kl: 0.90
PPO progress: 1282449/1000000 (128%) | ep_rew_mean=143.45 | ep_len_mean=235 | episodes=100 | fps=168
----------------------------------------
| rollout/                |            |
|    ep_len_mean          | 235        |
|    ep_rew_mean          | 143        |
| time/                   |            |
|    fps                  | 37         |
|    iterations           | 276        |
|    time_elapsed         | 7624       |
|    total_timesteps      | 1283072    |
| train/                  |            |
|    approx_kl            | 0.70975107 |
|    clip_fraction        | 0.581      |
|    clip_range           | 0.2        |
|    clip_range_vf        | 0.2        |
|    entropy_loss         | 3.54       |
|    explained_variance   | 0.89       |
|    learning_rate        | 0.000108   |
|    loss                 | 0.145      |
|    n_updates            | 7331       |
|    policy_gradient_loss | 0.0509     |
|    std                  | 0.0419     |
|    value_loss           | 0.106      |
----------------------------------------
Early stopping at step 1 due to reaching max kl: 0.79
PPO progress: 1283449/1000000 (128%) | ep_rew_mean=142.96 | ep_len_mean=233 | episodes=100 | fps=168
----------------------------------------
| rollout/                |            |
|    ep_len_mean          | 227        |
|    ep_rew_mean          | 140        |
| time/                   |            |
|    fps                  | 37         |
|    iterations           | 277        |
|    time_elapsed         | 7654       |
|    total_timesteps      | 1284096    |
| train/                  |            |
|    approx_kl            | 0.41397625 |
|    clip_fraction        | 0.51       |
|    clip_range           | 0.2        |
|    clip_range_vf        | 0.2        |
|    entropy_loss         | 3.54       |
|    explained_variance   | 0.97       |
|    learning_rate        | 0.000108   |
|    loss                 | 0.0531     |
|    n_updates            | 7333       |
|    policy_gradient_loss | 0.0372     |
|    std                  | 0.042      |
|    value_loss           | 0.0242     |
----------------------------------------
Early stopping at step 1 due to reaching max kl: 0.87
PPO progress: 1284449/1000000 (128%) | ep_rew_mean=139.98 | ep_len_mean=228 | episodes=100 | fps=167
---------------------------------------
| rollout/                |           |
|    ep_len_mean          | 212       |
|    ep_rew_mean          | 131       |
| time/                   |           |
|    fps                  | 37        |
|    iterations           | 278       |
|    time_elapsed         | 7681      |
|    total_timesteps      | 1285120   |
| train/                  |           |
|    approx_kl            | 0.6631341 |
|    clip_fraction        | 0.369     |
|    clip_range           | 0.2       |
|    clip_range_vf        | 0.2       |
|    entropy_loss         | 3.53      |
|    explained_variance   | 0.586     |
|    learning_rate        | 0.000107  |
|    loss                 | 0.309     |
|    n_updates            | 7335      |
|    policy_gradient_loss | 0.0363    |
|    std                  | 0.042     |
|    value_loss           | 0.44      |
---------------------------------------
Early stopping at step 1 due to reaching max kl: 0.81
PPO progress: 1285449/1000000 (129%) | ep_rew_mean=131.19 | ep_len_mean=212 | episodes=100 | fps=167
----------------------------------------
| rollout/                |            |
|    ep_len_mean          | 214        |
|    ep_rew_mean          | 134        |
| time/                   |            |
|    fps                  | 37         |
|    iterations           | 279        |
|    time_elapsed         | 7707       |
|    total_timesteps      | 1286144    |
| train/                  |            |
|    approx_kl            | 0.35038266 |
|    clip_fraction        | 0.498      |
|    clip_range           | 0.2        |
|    clip_range_vf        | 0.2        |
|    entropy_loss         | 3.53       |
|    explained_variance   | 0.97       |
|    learning_rate        | 0.000107   |
|    loss                 | 0.0513     |
|    n_updates            | 7337       |
|    policy_gradient_loss | 0.0523     |
|    std                  | 0.042      |
|    value_loss           | 0.024      |
----------------------------------------
Early stopping at step 1 due to reaching max kl: 0.75
PPO progress: 1286449/1000000 (129%) | ep_rew_mean=133.35 | ep_len_mean=213 | episodes=100 | fps=166
----------------------------------------
| rollout/                |            |
|    ep_len_mean          | 198        |
|    ep_rew_mean          | 127        |
| time/                   |            |
|    fps                  | 37         |
|    iterations           | 280        |
|    time_elapsed         | 7736       |
|    total_timesteps      | 1287168    |
| train/                  |            |
|    approx_kl            | 0.36748958 |
|    clip_fraction        | 0.441      |
|    clip_range           | 0.2        |
|    clip_range_vf        | 0.2        |
|    entropy_loss         | 3.53       |
|    explained_variance   | 0.969      |
|    learning_rate        | 0.000107   |
|    loss                 | 0.231      |
|    n_updates            | 7339       |
|    policy_gradient_loss | 0.0518     |
|    std                  | 0.0421     |
|    value_loss           | 0.0178     |
----------------------------------------
Early stopping at step 1 due to reaching max kl: 1.25
PPO progress: 1287449/1000000 (129%) | ep_rew_mean=122.89 | ep_len_mean=193 | episodes=100 | fps=166
---------------------------------------
| rollout/                |           |
|    ep_len_mean          | 194       |
|    ep_rew_mean          | 123       |
| time/                   |           |
|    fps                  | 37        |
|    iterations           | 281       |
|    time_elapsed         | 7764      |
|    total_timesteps      | 1288192   |
| train/                  |           |
|    approx_kl            | 0.7075186 |
|    clip_fraction        | 0.531     |
|    clip_range           | 0.2       |
|    clip_range_vf        | 0.2       |
|    entropy_loss         | 3.53      |
|    explained_variance   | 0.834     |
|    learning_rate        | 0.000107  |
|    loss                 | 0.072     |
|    n_updates            | 7341      |
|    policy_gradient_loss | 0.0768    |
|    std                  | 0.0421    |
|    value_loss           | 0.136     |
---------------------------------------
Early stopping at step 1 due to reaching max kl: 0.79
PPO progress: 1288449/1000000 (129%) | ep_rew_mean=125.70 | ep_len_mean=196 | episodes=100 | fps=165
----------------------------------------
| rollout/                |            |
|    ep_len_mean          | 190        |
|    ep_rew_mean          | 123        |
| time/                   |            |
|    fps                  | 37         |
|    iterations           | 282        |
|    time_elapsed         | 7794       |
|    total_timesteps      | 1289216    |
| train/                  |            |
|    approx_kl            | 0.37865776 |
|    clip_fraction        | 0.533      |
|    clip_range           | 0.2        |
|    clip_range_vf        | 0.2        |
|    entropy_loss         | 3.53       |
|    explained_variance   | 0.934      |
|    learning_rate        | 0.000107   |
|    loss                 | 0.0382     |
|    n_updates            | 7343       |
|    policy_gradient_loss | 0.0972     |
|    std                  | 0.0421     |
|    value_loss           | 0.067      |
----------------------------------------
Early stopping at step 2 due to reaching max kl: 0.83
PPO progress: 1289449/1000000 (129%) | ep_rew_mean=123.04 | ep_len_mean=190 | episodes=100 | fps=165
---------------------------------------
| rollout/                |           |
|    ep_len_mean          | 188       |
|    ep_rew_mean          | 127       |
| time/                   |           |
|    fps                  | 37        |
|    iterations           | 283       |
|    time_elapsed         | 7821      |
|    total_timesteps      | 1290240   |
| train/                  |           |
|    approx_kl            | 0.5994867 |
|    clip_fraction        | 0.575     |
|    clip_range           | 0.2       |
|    clip_range_vf        | 0.2       |
|    entropy_loss         | 3.53      |
|    explained_variance   | 0.977     |
|    learning_rate        | 0.000107  |
|    loss                 | 0.136     |
|    n_updates            | 7346      |
|    policy_gradient_loss | 0.0522    |
|    std                  | 0.0422    |
|    value_loss           | 0.0172    |
---------------------------------------
Early stopping at step 1 due to reaching max kl: 0.76
PPO progress: 1290449/1000000 (129%) | ep_rew_mean=127.03 | ep_len_mean=188 | episodes=100 | fps=164
--------------------------------------
| rollout/                |          |
|    ep_len_mean          | 191      |
|    ep_rew_mean          | 129      |
| time/                   |          |
|    fps                  | 37       |
|    iterations           | 284      |
|    time_elapsed         | 7847     |
|    total_timesteps      | 1291264  |
| train/                  |          |
|    approx_kl            | 0.511482 |
|    clip_fraction        | 0.52     |
|    clip_range           | 0.2      |
|    clip_range_vf        | 0.2      |
|    entropy_loss         | 3.53     |
|    explained_variance   | 0.936    |
|    learning_rate        | 0.000107 |
|    loss                 | 0.13     |
|    n_updates            | 7348     |
|    policy_gradient_loss | 0.0571   |
|    std                  | 0.0422   |
|    value_loss           | 0.0595   |
--------------------------------------
Early stopping at step 2 due to reaching max kl: 0.78
PPO progress: 1291449/1000000 (129%) | ep_rew_mean=131.49 | ep_len_mean=195 | episodes=100 | fps=164
----------------------------------------
| rollout/                |            |
|    ep_len_mean          | 195        |
|    ep_rew_mean          | 131        |
| time/                   |            |
|    fps                  | 37         |
|    iterations           | 285        |
|    time_elapsed         | 7873       |
|    total_timesteps      | 1292288    |
| train/                  |            |
|    approx_kl            | 0.53667986 |
|    clip_fraction        | 0.494      |
|    clip_range           | 0.2        |
|    clip_range_vf        | 0.2        |
|    entropy_loss         | 3.52       |
|    explained_variance   | 0.959      |
|    learning_rate        | 0.000106   |
|    loss                 | -0.00792   |
|    n_updates            | 7351       |
|    policy_gradient_loss | 0.0266     |
|    std                  | 0.0423     |
|    value_loss           | 0.0287     |
----------------------------------------
Early stopping at step 2 due to reaching max kl: 1.01
PPO progress: 1292449/1000000 (129%) | ep_rew_mean=131.42 | ep_len_mean=195 | episodes=100 | fps=164
----------------------------------------
| rollout/                |            |
|    ep_len_mean          | 196        |
|    ep_rew_mean          | 132        |
| time/                   |            |
|    fps                  | 37         |
|    iterations           | 286        |
|    time_elapsed         | 7899       |
|    total_timesteps      | 1293312    |
| train/                  |            |
|    approx_kl            | 0.56353647 |
|    clip_fraction        | 0.558      |
|    clip_range           | 0.2        |
|    clip_range_vf        | 0.2        |
|    entropy_loss         | 3.52       |
|    explained_variance   | 0.964      |
|    learning_rate        | 0.000106   |
|    loss                 | 0.105      |
|    n_updates            | 7354       |
|    policy_gradient_loss | 0.0291     |
|    std                  | 0.0423     |
|    value_loss           | 0.0191     |
----------------------------------------
Early stopping at step 1 due to reaching max kl: 0.78
PPO progress: 1293449/1000000 (129%) | ep_rew_mean=137.09 | ep_len_mean=204 | episodes=100 | fps=163
----------------------------------------
| rollout/                |            |
|    ep_len_mean          | 195        |
|    ep_rew_mean          | 131        |
| time/                   |            |
|    fps                  | 37         |
|    iterations           | 287        |
|    time_elapsed         | 7924       |
|    total_timesteps      | 1294336    |
| train/                  |            |
|    approx_kl            | 0.39301333 |
|    clip_fraction        | 0.568      |
|    clip_range           | 0.2        |
|    clip_range_vf        | 0.2        |
|    entropy_loss         | 3.52       |
|    explained_variance   | 0.959      |
|    learning_rate        | 0.000106   |
|    loss                 | 0.0737     |
|    n_updates            | 7356       |
|    policy_gradient_loss | 0.0359     |
|    std                  | 0.0424     |
|    value_loss           | 0.0258     |
----------------------------------------
Early stopping at step 1 due to reaching max kl: 0.94
PPO progress: 1294449/1000000 (129%) | ep_rew_mean=130.66 | ep_len_mean=195 | episodes=100 | fps=163
---------------------------------------
| rollout/                |           |
|    ep_len_mean          | 199       |
|    ep_rew_mean          | 133       |
| time/                   |           |
|    fps                  | 37        |
|    iterations           | 288       |
|    time_elapsed         | 7951      |
|    total_timesteps      | 1295360   |
| train/                  |           |
|    approx_kl            | 0.4551815 |
|    clip_fraction        | 0.53      |
|    clip_range           | 0.2       |
|    clip_range_vf        | 0.2       |
|    entropy_loss         | 3.52      |
|    explained_variance   | 0.917     |
|    learning_rate        | 0.000106  |
|    loss                 | -0.00271  |
|    n_updates            | 7358      |
|    policy_gradient_loss | 0.0535    |
|    std                  | 0.0424    |
|    value_loss           | 0.0625    |
---------------------------------------
Early stopping at step 1 due to reaching max kl: 0.92
PPO progress: 1295449/1000000 (130%) | ep_rew_mean=132.63 | ep_len_mean=199 | episodes=100 | fps=162
----------------------------------------
| rollout/                |            |
|    ep_len_mean          | 208        |
|    ep_rew_mean          | 138        |
| time/                   |            |
|    fps                  | 37         |
|    iterations           | 289        |
|    time_elapsed         | 7978       |
|    total_timesteps      | 1296384    |
| train/                  |            |
|    approx_kl            | 0.91877055 |
|    clip_fraction        | 0.494      |
|    clip_range           | 0.2        |
|    clip_range_vf        | 0.2        |
|    entropy_loss         | 3.52       |
|    explained_variance   | 0.946      |
|    learning_rate        | 0.000106   |
|    loss                 | 0.0897     |
|    n_updates            | 7360       |
|    policy_gradient_loss | 0.084      |
|    std                  | 0.0424     |
|    value_loss           | 0.0497     |
----------------------------------------
Early stopping at step 1 due to reaching max kl: 0.94
PPO progress: 1296449/1000000 (130%) | ep_rew_mean=138.19 | ep_len_mean=208 | episodes=100 | fps=162
--------------------------------------
| rollout/                |          |
|    ep_len_mean          | 211      |
|    ep_rew_mean          | 139      |
| time/                   |          |
|    fps                  | 37       |
|    iterations           | 290      |
|    time_elapsed         | 8008     |
|    total_timesteps      | 1297408  |
| train/                  |          |
|    approx_kl            | 0.938652 |
|    clip_fraction        | 0.477    |
|    clip_range           | 0.2      |
|    clip_range_vf        | 0.2      |
|    entropy_loss         | 3.52     |
|    explained_variance   | 0.961    |
|    learning_rate        | 0.000106 |
|    loss                 | 0.0744   |
|    n_updates            | 7362     |
|    policy_gradient_loss | 0.0441   |
|    std                  | 0.0424   |
|    value_loss           | 0.0195   |
--------------------------------------
Early stopping at step 1 due to reaching max kl: 0.82
PPO progress: 1297449/1000000 (130%) | ep_rew_mean=138.82 | ep_len_mean=211 | episodes=100 | fps=161
----------------------------------------
| rollout/                |            |
|    ep_len_mean          | 214        |
|    ep_rew_mean          | 140        |
| time/                   |            |
|    fps                  | 37         |
|    iterations           | 291        |
|    time_elapsed         | 8038       |
|    total_timesteps      | 1298432    |
| train/                  |            |
|    approx_kl            | 0.41938543 |
|    clip_fraction        | 0.52       |
|    clip_range           | 0.2        |
|    clip_range_vf        | 0.2        |
|    entropy_loss         | 3.51       |
|    explained_variance   | 0.696      |
|    learning_rate        | 0.000105   |
|    loss                 | 0.309      |
|    n_updates            | 7364       |
|    policy_gradient_loss | 0.0373     |
|    std                  | 0.0424     |
|    value_loss           | 0.194      |
----------------------------------------
Early stopping at step 2 due to reaching max kl: 0.94
PPO progress: 1298449/1000000 (130%) | ep_rew_mean=139.82 | ep_len_mean=214 | episodes=100 | fps=161
PPO progress: 1299449/1000000 (130%) | ep_rew_mean=138.91 | ep_len_mean=208 | episodes=100 | fps=161
---------------------------------------
| rollout/                |           |
|    ep_len_mean          | 208       |
|    ep_rew_mean          | 139       |
| time/                   |           |
|    fps                  | 37        |
|    iterations           | 292       |
|    time_elapsed         | 8065      |
|    total_timesteps      | 1299456   |
| train/                  |           |
|    approx_kl            | 0.4987671 |
|    clip_fraction        | 0.534     |
|    clip_range           | 0.2       |
|    clip_range_vf        | 0.2       |
|    entropy_loss         | 3.51      |
|    explained_variance   | 0.771     |
|    learning_rate        | 0.000105  |
|    loss                 | 0.0828    |
|    n_updates            | 7367      |
|    policy_gradient_loss | 0.0176    |
|    std                  | 0.0425    |
|    value_loss           | 0.255     |
---------------------------------------
Early stopping at step 1 due to reaching max kl: 1.19
PPO progress: 1300449/1000000 (130%) | ep_rew_mean=139.50 | ep_len_mean=207 | episodes=100 | fps=160
----------------------------------------
| rollout/                |            |
|    ep_len_mean          | 207        |
|    ep_rew_mean          | 140        |
| time/                   |            |
|    fps                  | 37         |
|    iterations           | 293        |
|    time_elapsed         | 8094       |
|    total_timesteps      | 1300480    |
| train/                  |            |
|    approx_kl            | 0.36447072 |
|    clip_fraction        | 0.511      |
|    clip_range           | 0.2        |
|    clip_range_vf        | 0.2        |
|    entropy_loss         | 3.51       |
|    explained_variance   | 0.941      |
|    learning_rate        | 0.000105   |
|    loss                 | 0.152      |
|    n_updates            | 7369       |
|    policy_gradient_loss | 0.0382     |
|    std                  | 0.0425     |
|    value_loss           | 0.0658     |
----------------------------------------
Early stopping at step 0 due to reaching max kl: 0.90
PPO progress: 1301449/1000000 (130%) | ep_rew_mean=133.28 | ep_len_mean=198 | episodes=100 | fps=160
----------------------------------------
| rollout/                |            |
|    ep_len_mean          | 198        |
|    ep_rew_mean          | 133        |
| time/                   |            |
|    fps                  | 37         |
|    iterations           | 294        |
|    time_elapsed         | 8126       |
|    total_timesteps      | 1301504    |
| train/                  |            |
|    approx_kl            | 0.29191864 |
|    clip_fraction        | 0.393      |
|    clip_range           | 0.2        |
|    clip_range_vf        | 0.2        |
|    entropy_loss         | 3.51       |
|    explained_variance   | 0.922      |
|    learning_rate        | 0.000105   |
|    loss                 | 0.177      |
|    n_updates            | 7370       |
|    policy_gradient_loss | 0.186      |
|    std                  | 0.0425     |
|    value_loss           | 0.0824     |
----------------------------------------
Early stopping at step 2 due to reaching max kl: 0.85
PPO progress: 1302449/1000000 (130%) | ep_rew_mean=135.83 | ep_len_mean=202 | episodes=100 | fps=159
---------------------------------------
| rollout/                |           |
|    ep_len_mean          | 202       |
|    ep_rew_mean          | 136       |
| time/                   |           |
|    fps                  | 37        |
|    iterations           | 295       |
|    time_elapsed         | 8153      |
|    total_timesteps      | 1302528   |
| train/                  |           |
|    approx_kl            | 0.8521576 |
|    clip_fraction        | 0.482     |
|    clip_range           | 0.2       |
|    clip_range_vf        | 0.2       |
|    entropy_loss         | 3.51      |
|    explained_variance   | 0.713     |
|    learning_rate        | 0.000105  |
|    loss                 | 0.0935    |
|    n_updates            | 7373      |
|    policy_gradient_loss | 0.0474    |
|    std                  | 0.0426    |
|    value_loss           | 0.198     |
---------------------------------------
Early stopping at step 3 due to reaching max kl: 0.92
PPO progress: 1303449/1000000 (130%) | ep_rew_mean=133.83 | ep_len_mean=201 | episodes=100 | fps=159
----------------------------------------
| rollout/                |            |
|    ep_len_mean          | 201        |
|    ep_rew_mean          | 134        |
| time/                   |            |
|    fps                  | 37         |
|    iterations           | 296        |
|    time_elapsed         | 8180       |
|    total_timesteps      | 1303552    |
| train/                  |            |
|    approx_kl            | 0.40048093 |
|    clip_fraction        | 0.551      |
|    clip_range           | 0.2        |
|    clip_range_vf        | 0.2        |
|    entropy_loss         | 3.5        |
|    explained_variance   | 0.731      |
|    learning_rate        | 0.000105   |
|    loss                 | 0.0492     |
|    n_updates            | 7377       |
|    policy_gradient_loss | 0.0102     |
|    std                  | 0.0426     |
|    value_loss           | 0.146      |
----------------------------------------
Early stopping at step 1 due to reaching max kl: 1.26
PPO progress: 1304449/1000000 (130%) | ep_rew_mean=139.37 | ep_len_mean=210 | episodes=100 | fps=159
----------------------------------------
| rollout/                |            |
|    ep_len_mean          | 209        |
|    ep_rew_mean          | 139        |
| time/                   |            |
|    fps                  | 37         |
|    iterations           | 297        |
|    time_elapsed         | 8206       |
|    total_timesteps      | 1304576    |
| train/                  |            |
|    approx_kl            | 0.36697748 |
|    clip_fraction        | 0.514      |
|    clip_range           | 0.2        |
|    clip_range_vf        | 0.2        |
|    entropy_loss         | 3.5        |
|    explained_variance   | 0.936      |
|    learning_rate        | 0.000105   |
|    loss                 | 0.108      |
|    n_updates            | 7379       |
|    policy_gradient_loss | 0.039      |
|    std                  | 0.0427     |
|    value_loss           | 0.0436     |
----------------------------------------
Early stopping at step 1 due to reaching max kl: 0.82
PPO progress: 1305449/1000000 (131%) | ep_rew_mean=140.67 | ep_len_mean=212 | episodes=100 | fps=158
---------------------------------------
| rollout/                |           |
|    ep_len_mean          | 212       |
|    ep_rew_mean          | 141       |
| time/                   |           |
|    fps                  | 37        |
|    iterations           | 298       |
|    time_elapsed         | 8235      |
|    total_timesteps      | 1305600   |
| train/                  |           |
|    approx_kl            | 0.5690507 |
|    clip_fraction        | 0.561     |
|    clip_range           | 0.2       |
|    clip_range_vf        | 0.2       |
|    entropy_loss         | 3.5       |
|    explained_variance   | 0.928     |
|    learning_rate        | 0.000104  |
|    loss                 | 0.154     |
|    n_updates            | 7381      |
|    policy_gradient_loss | 0.0256    |
|    std                  | 0.0427    |
|    value_loss           | 0.0522    |
---------------------------------------
Early stopping at step 1 due to reaching max kl: 1.04
PPO progress: 1306449/1000000 (131%) | ep_rew_mean=146.12 | ep_len_mean=220 | episodes=100 | fps=158
---------------------------------------
| rollout/                |           |
|    ep_len_mean          | 220       |
|    ep_rew_mean          | 146       |
| time/                   |           |
|    fps                  | 37        |
|    iterations           | 299       |
|    time_elapsed         | 8265      |
|    total_timesteps      | 1306624   |
| train/                  |           |
|    approx_kl            | 0.6321021 |
|    clip_fraction        | 0.451     |
|    clip_range           | 0.2       |
|    clip_range_vf        | 0.2       |
|    entropy_loss         | 3.5       |
|    explained_variance   | 0.809     |
|    learning_rate        | 0.000104  |
|    loss                 | 0.0886    |
|    n_updates            | 7383      |
|    policy_gradient_loss | 0.031     |
|    std                  | 0.0427    |
|    value_loss           | 0.157     |
---------------------------------------
Early stopping at step 1 due to reaching max kl: 1.22
PPO progress: 1307449/1000000 (131%) | ep_rew_mean=151.63 | ep_len_mean=231 | episodes=100 | fps=157
----------------------------------------
| rollout/                |            |
|    ep_len_mean          | 230        |
|    ep_rew_mean          | 151        |
| time/                   |            |
|    fps                  | 37         |
|    iterations           | 300        |
|    time_elapsed         | 8290       |
|    total_timesteps      | 1307648    |
| train/                  |            |
|    approx_kl            | 0.38645193 |
|    clip_fraction        | 0.516      |
|    clip_range           | 0.2        |
|    clip_range_vf        | 0.2        |
|    entropy_loss         | 3.5        |
|    explained_variance   | 0.952      |
|    learning_rate        | 0.000104   |
|    loss                 | 0.083      |
|    n_updates            | 7385       |
|    policy_gradient_loss | 0.0554     |
|    std                  | 0.0428     |
|    value_loss           | 0.0423     |
----------------------------------------
Early stopping at step 2 due to reaching max kl: 0.86
PPO progress: 1308449/1000000 (131%) | ep_rew_mean=151.33 | ep_len_mean=229 | episodes=100 | fps=157
--------------------------------------
| rollout/                |          |
|    ep_len_mean          | 225      |
|    ep_rew_mean          | 148      |
| time/                   |          |
|    fps                  | 37       |
|    iterations           | 301      |
|    time_elapsed         | 8316     |
|    total_timesteps      | 1308672  |
| train/                  |          |
|    approx_kl            | 0.587121 |
|    clip_fraction        | 0.513    |
|    clip_range           | 0.2      |
|    clip_range_vf        | 0.2      |
|    entropy_loss         | 3.5      |
|    explained_variance   | 0.844    |
|    learning_rate        | 0.000104 |
|    loss                 | 0.126    |
|    n_updates            | 7388     |
|    policy_gradient_loss | 0.0451   |
|    std                  | 0.0428   |
|    value_loss           | 0.0744   |
--------------------------------------
Early stopping at step 3 due to reaching max kl: 0.78
PPO progress: 1309449/1000000 (131%) | ep_rew_mean=147.13 | ep_len_mean=226 | episodes=100 | fps=157
----------------------------------------
| rollout/                |            |
|    ep_len_mean          | 228        |
|    ep_rew_mean          | 149        |
| time/                   |            |
|    fps                  | 37         |
|    iterations           | 302        |
|    time_elapsed         | 8346       |
|    total_timesteps      | 1309696    |
| train/                  |            |
|    approx_kl            | 0.49330586 |
|    clip_fraction        | 0.597      |
|    clip_range           | 0.2        |
|    clip_range_vf        | 0.2        |
|    entropy_loss         | 3.49       |
|    explained_variance   | 0.942      |
|    learning_rate        | 0.000104   |
|    loss                 | 0.00819    |
|    n_updates            | 7392       |
|    policy_gradient_loss | 0.0336     |
|    std                  | 0.0429     |
|    value_loss           | 0.0417     |
----------------------------------------
Early stopping at step 1 due to reaching max kl: 0.76
PPO progress: 1310449/1000000 (131%) | ep_rew_mean=151.86 | ep_len_mean=232 | episodes=100 | fps=156
---------------------------------------
| rollout/                |           |
|    ep_len_mean          | 232       |
|    ep_rew_mean          | 152       |
| time/                   |           |
|    fps                  | 37        |
|    iterations           | 303       |
|    time_elapsed         | 8374      |
|    total_timesteps      | 1310720   |
| train/                  |           |
|    approx_kl            | 0.5072338 |
|    clip_fraction        | 0.464     |
|    clip_range           | 0.2       |
|    clip_range_vf        | 0.2       |
|    entropy_loss         | 3.49      |
|    explained_variance   | 0.795     |
|    learning_rate        | 0.000104  |
|    loss                 | 0.168     |
|    n_updates            | 7394      |
|    policy_gradient_loss | 0.0393    |
|    std                  | 0.0429    |
|    value_loss           | 0.153     |
---------------------------------------
Early stopping at step 1 due to reaching max kl: 0.84
PPO progress: 1311449/1000000 (131%) | ep_rew_mean=153.85 | ep_len_mean=235 | episodes=100 | fps=156
---------------------------------------
| rollout/                |           |
|    ep_len_mean          | 238       |
|    ep_rew_mean          | 157       |
| time/                   |           |
|    fps                  | 37        |
|    iterations           | 304       |
|    time_elapsed         | 8400      |
|    total_timesteps      | 1311744   |
| train/                  |           |
|    approx_kl            | 0.6496542 |
|    clip_fraction        | 0.554     |
|    clip_range           | 0.2       |
|    clip_range_vf        | 0.2       |
|    entropy_loss         | 3.49      |
|    explained_variance   | 0.949     |
|    learning_rate        | 0.000103  |
|    loss                 | 0.153     |
|    n_updates            | 7396      |
|    policy_gradient_loss | 0.143     |
|    std                  | 0.043     |
|    value_loss           | 0.0367    |
---------------------------------------
Early stopping at step 4 due to reaching max kl: 0.76
PPO progress: 1312449/1000000 (131%) | ep_rew_mean=156.54 | ep_len_mean=238 | episodes=100 | fps=155
----------------------------------------
| rollout/                |            |
|    ep_len_mean          | 241        |
|    ep_rew_mean          | 155        |
| time/                   |            |
|    fps                  | 37         |
|    iterations           | 305        |
|    time_elapsed         | 8429       |
|    total_timesteps      | 1312768    |
| train/                  |            |
|    approx_kl            | 0.45757192 |
|    clip_fraction        | 0.565      |
|    clip_range           | 0.2        |
|    clip_range_vf        | 0.2        |
|    entropy_loss         | 3.49       |
|    explained_variance   | 0.904      |
|    learning_rate        | 0.000103   |
|    loss                 | -0.0222    |
|    n_updates            | 7401       |
|    policy_gradient_loss | -0.0201    |
|    std                  | 0.0429     |
|    value_loss           | 0.0693     |
----------------------------------------
Early stopping at step 1 due to reaching max kl: 0.91
PPO progress: 1313449/1000000 (131%) | ep_rew_mean=154.96 | ep_len_mean=241 | episodes=100 | fps=155
----------------------------------------
| rollout/                |            |
|    ep_len_mean          | 251        |
|    ep_rew_mean          | 160        |
| time/                   |            |
|    fps                  | 37         |
|    iterations           | 306        |
|    time_elapsed         | 8455       |
|    total_timesteps      | 1313792    |
| train/                  |            |
|    approx_kl            | 0.53947693 |
|    clip_fraction        | 0.448      |
|    clip_range           | 0.2        |
|    clip_range_vf        | 0.2        |
|    entropy_loss         | 3.49       |
|    explained_variance   | 0.781      |
|    learning_rate        | 0.000103   |
|    loss                 | 0.0503     |
|    n_updates            | 7403       |
|    policy_gradient_loss | 0.0634     |
|    std                  | 0.0429     |
|    value_loss           | 0.05       |
----------------------------------------
Early stopping at step 2 due to reaching max kl: 0.79
PPO progress: 1314449/1000000 (131%) | ep_rew_mean=158.11 | ep_len_mean=245 | episodes=100 | fps=155
----------------------------------------
| rollout/                |            |
|    ep_len_mean          | 240        |
|    ep_rew_mean          | 154        |
| time/                   |            |
|    fps                  | 37         |
|    iterations           | 307        |
|    time_elapsed         | 8483       |
|    total_timesteps      | 1314816    |
| train/                  |            |
|    approx_kl            | 0.52180207 |
|    clip_fraction        | 0.535      |
|    clip_range           | 0.2        |
|    clip_range_vf        | 0.2        |
|    entropy_loss         | 3.49       |
|    explained_variance   | 0.896      |
|    learning_rate        | 0.000103   |
|    loss                 | 0.0258     |
|    n_updates            | 7406       |
|    policy_gradient_loss | 0.0233     |
|    std                  | 0.043      |
|    value_loss           | 0.0388     |
----------------------------------------
Early stopping at step 1 due to reaching max kl: 0.79
PPO progress: 1315449/1000000 (132%) | ep_rew_mean=156.23 | ep_len_mean=243 | episodes=100 | fps=154
----------------------------------------
| rollout/                |            |
|    ep_len_mean          | 232        |
|    ep_rew_mean          | 152        |
| time/                   |            |
|    fps                  | 37         |
|    iterations           | 308        |
|    time_elapsed         | 8509       |
|    total_timesteps      | 1315840    |
| train/                  |            |
|    approx_kl            | 0.48307005 |
|    clip_fraction        | 0.464      |
|    clip_range           | 0.2        |
|    clip_range_vf        | 0.2        |
|    entropy_loss         | 3.49       |
|    explained_variance   | 0.95       |
|    learning_rate        | 0.000103   |
|    loss                 | 0.0506     |
|    n_updates            | 7408       |
|    policy_gradient_loss | 0.037      |
|    std                  | 0.043      |
|    value_loss           | 0.0445     |
----------------------------------------
Early stopping at step 2 due to reaching max kl: 1.03
PPO progress: 1316449/1000000 (132%) | ep_rew_mean=148.66 | ep_len_mean=226 | episodes=100 | fps=154
---------------------------------------
| rollout/                |           |
|    ep_len_mean          | 228       |
|    ep_rew_mean          | 151       |
| time/                   |           |
|    fps                  | 37        |
|    iterations           | 309       |
|    time_elapsed         | 8537      |
|    total_timesteps      | 1316864   |
| train/                  |           |
|    approx_kl            | 0.5069786 |
|    clip_fraction        | 0.568     |
|    clip_range           | 0.2       |
|    clip_range_vf        | 0.2       |
|    entropy_loss         | 3.48      |
|    explained_variance   | 0.951     |
|    learning_rate        | 0.000103  |
|    loss                 | 0.105     |
|    n_updates            | 7411      |
|    policy_gradient_loss | 0.0328    |
|    std                  | 0.0431    |
|    value_loss           | 0.0417    |
---------------------------------------
Early stopping at step 1 due to reaching max kl: 0.86
PPO progress: 1317449/1000000 (132%) | ep_rew_mean=145.66 | ep_len_mean=221 | episodes=100 | fps=153
----------------------------------------
| rollout/                |            |
|    ep_len_mean          | 221        |
|    ep_rew_mean          | 146        |
| time/                   |            |
|    fps                  | 37         |
|    iterations           | 310        |
|    time_elapsed         | 8567       |
|    total_timesteps      | 1317888    |
| train/                  |            |
|    approx_kl            | 0.39611953 |
|    clip_fraction        | 0.445      |
|    clip_range           | 0.2        |
|    clip_range_vf        | 0.2        |
|    entropy_loss         | 3.48       |
|    explained_variance   | 0.862      |
|    learning_rate        | 0.000103   |
|    loss                 | 0.146      |
|    n_updates            | 7413       |
|    policy_gradient_loss | 0.0383     |
|    std                  | 0.0431     |
|    value_loss           | 0.131      |
----------------------------------------
Early stopping at step 1 due to reaching max kl: 0.77
PPO progress: 1318449/1000000 (132%) | ep_rew_mean=139.82 | ep_len_mean=211 | episodes=100 | fps=153
----------------------------------------
| rollout/                |            |
|    ep_len_mean          | 216        |
|    ep_rew_mean          | 142        |
| time/                   |            |
|    fps                  | 37         |
|    iterations           | 311        |
|    time_elapsed         | 8596       |
|    total_timesteps      | 1318912    |
| train/                  |            |
|    approx_kl            | 0.42788365 |
|    clip_fraction        | 0.526      |
|    clip_range           | 0.2        |
|    clip_range_vf        | 0.2        |
|    entropy_loss         | 3.48       |
|    explained_variance   | 0.601      |
|    learning_rate        | 0.000102   |
|    loss                 | 0.165      |
|    n_updates            | 7415       |
|    policy_gradient_loss | 0.055      |
|    std                  | 0.0431     |
|    value_loss           | 0.249      |
----------------------------------------
Early stopping at step 1 due to reaching max kl: 2.47
PPO progress: 1319449/1000000 (132%) | ep_rew_mean=138.53 | ep_len_mean=208 | episodes=100 | fps=153
---------------------------------------
| rollout/                |           |
|    ep_len_mean          | 210       |
|    ep_rew_mean          | 139       |
| time/                   |           |
|    fps                  | 37        |
|    iterations           | 312       |
|    time_elapsed         | 8631      |
|    total_timesteps      | 1319936   |
| train/                  |           |
|    approx_kl            | 0.5078144 |
|    clip_fraction        | 0.528     |
|    clip_range           | 0.2       |
|    clip_range_vf        | 0.2       |
|    entropy_loss         | 3.48      |
|    explained_variance   | 0.925     |
|    learning_rate        | 0.000102  |
|    loss                 | 0.132     |
|    n_updates            | 7417      |
|    policy_gradient_loss | 0.0395    |
|    std                  | 0.0432    |
|    value_loss           | 0.0529    |
---------------------------------------
Early stopping at step 1 due to reaching max kl: 1.23
PPO progress: 1320449/1000000 (132%) | ep_rew_mean=140.32 | ep_len_mean=211 | episodes=100 | fps=152
---------------------------------------
| rollout/                |           |
|    ep_len_mean          | 212       |
|    ep_rew_mean          | 138       |
| time/                   |           |
|    fps                  | 37        |
|    iterations           | 313       |
|    time_elapsed         | 8657      |
|    total_timesteps      | 1320960   |
| train/                  |           |
|    approx_kl            | 1.2288499 |
|    clip_fraction        | 0.468     |
|    clip_range           | 0.2       |
|    clip_range_vf        | 0.2       |
|    entropy_loss         | 3.48      |
|    explained_variance   | 0.75      |
|    learning_rate        | 0.000102  |
|    loss                 | 0.28      |
|    n_updates            | 7419      |
|    policy_gradient_loss | 0.0759    |
|    std                  | 0.0432    |
|    value_loss           | 0.278     |
---------------------------------------
Early stopping at step 1 due to reaching max kl: 0.90
PPO progress: 1321449/1000000 (132%) | ep_rew_mean=136.28 | ep_len_mean=211 | episodes=100 | fps=152
----------------------------------------
| rollout/                |            |
|    ep_len_mean          | 211        |
|    ep_rew_mean          | 136        |
| time/                   |            |
|    fps                  | 37         |
|    iterations           | 314        |
|    time_elapsed         | 8683       |
|    total_timesteps      | 1321984    |
| train/                  |            |
|    approx_kl            | 0.37332726 |
|    clip_fraction        | 0.536      |
|    clip_range           | 0.2        |
|    clip_range_vf        | 0.2        |
|    entropy_loss         | 3.48       |
|    explained_variance   | 0.924      |
|    learning_rate        | 0.000102   |
|    loss                 | 0.0783     |
|    n_updates            | 7421       |
|    policy_gradient_loss | 0.0507     |
|    std                  | 0.0432     |
|    value_loss           | 0.0681     |
----------------------------------------
Early stopping at step 2 due to reaching max kl: 0.77
PPO progress: 1322449/1000000 (132%) | ep_rew_mean=140.98 | ep_len_mean=221 | episodes=100 | fps=152
---------------------------------------
| rollout/                |           |
|    ep_len_mean          | 221       |
|    ep_rew_mean          | 140       |
| time/                   |           |
|    fps                  | 37        |
|    iterations           | 315       |
|    time_elapsed         | 8709      |
|    total_timesteps      | 1323008   |
| train/                  |           |
|    approx_kl            | 0.5164102 |
|    clip_fraction        | 0.54      |
|    clip_range           | 0.2       |
|    clip_range_vf        | 0.2       |
|    entropy_loss         | 3.47      |
|    explained_variance   | 0.746     |
|    learning_rate        | 0.000102  |
|    loss                 | 0.0431    |
|    n_updates            | 7424      |
|    policy_gradient_loss | 0.0129    |
|    std                  | 0.0433    |
|    value_loss           | 0.118     |
---------------------------------------
Early stopping at step 1 due to reaching max kl: 0.92
PPO progress: 1323449/1000000 (132%) | ep_rew_mean=136.05 | ep_len_mean=213 | episodes=100 | fps=151
---------------------------------------
| rollout/                |           |
|    ep_len_mean          | 213       |
|    ep_rew_mean          | 136       |
| time/                   |           |
|    fps                  | 37        |
|    iterations           | 316       |
|    time_elapsed         | 8741      |
|    total_timesteps      | 1324032   |
| train/                  |           |
|    approx_kl            | 0.7104479 |
|    clip_fraction        | 0.475     |
|    clip_range           | 0.2       |
|    clip_range_vf        | 0.2       |
|    entropy_loss         | 3.47      |
|    explained_variance   | 0.955     |
|    learning_rate        | 0.000102  |
|    loss                 | 0.283     |
|    n_updates            | 7426      |
|    policy_gradient_loss | 0.0849    |
|    std                  | 0.0433    |
|    value_loss           | 0.0367    |
---------------------------------------
Early stopping at step 3 due to reaching max kl: 0.76
PPO progress: 1324449/1000000 (132%) | ep_rew_mean=136.05 | ep_len_mean=213 | episodes=100 | fps=151
----------------------------------------
| rollout/                |            |
|    ep_len_mean          | 215        |
|    ep_rew_mean          | 135        |
| time/                   |            |
|    fps                  | 37         |
|    iterations           | 317        |
|    time_elapsed         | 8766       |
|    total_timesteps      | 1325056    |
| train/                  |            |
|    approx_kl            | 0.63248646 |
|    clip_fraction        | 0.559      |
|    clip_range           | 0.2        |
|    clip_range_vf        | 0.2        |
|    entropy_loss         | 3.47       |
|    explained_variance   | 0.967      |
|    learning_rate        | 0.000101   |
|    loss                 | 0.0986     |
|    n_updates            | 7430       |
|    policy_gradient_loss | -0.00289   |
|    std                  | 0.0433     |
|    value_loss           | 0.0271     |
----------------------------------------
Early stopping at step 0 due to reaching max kl: 1.19
PPO progress: 1325449/1000000 (133%) | ep_rew_mean=122.86 | ep_len_mean=196 | episodes=100 | fps=150
---------------------------------------
| rollout/                |           |
|    ep_len_mean          | 196       |
|    ep_rew_mean          | 123       |
| time/                   |           |
|    fps                  | 37        |
|    iterations           | 318       |
|    time_elapsed         | 8794      |
|    total_timesteps      | 1326080   |
| train/                  |           |
|    approx_kl            | 0.2145862 |
|    clip_fraction        | 0.409     |
|    clip_range           | 0.2       |
|    clip_range_vf        | 0.2       |
|    entropy_loss         | 3.47      |
|    explained_variance   | 0.971     |
|    learning_rate        | 0.000101  |
|    loss                 | 0.669     |
|    n_updates            | 7431      |
|    policy_gradient_loss | 0.0844    |
|    std                  | 0.0433    |
|    value_loss           | 0.0371    |
---------------------------------------
Early stopping at step 1 due to reaching max kl: 0.92
PPO progress: 1326449/1000000 (133%) | ep_rew_mean=124.79 | ep_len_mean=204 | episodes=100 | fps=150
----------------------------------------
| rollout/                |            |
|    ep_len_mean          | 204        |
|    ep_rew_mean          | 125        |
| time/                   |            |
|    fps                  | 37         |
|    iterations           | 319        |
|    time_elapsed         | 8819       |
|    total_timesteps      | 1327104    |
| train/                  |            |
|    approx_kl            | 0.45815966 |
|    clip_fraction        | 0.454      |
|    clip_range           | 0.2        |
|    clip_range_vf        | 0.2        |
|    entropy_loss         | 3.47       |
|    explained_variance   | 0.904      |
|    learning_rate        | 0.000101   |
|    loss                 | 0.0266     |
|    n_updates            | 7433       |
|    policy_gradient_loss | 0.0272     |
|    std                  | 0.0434     |
|    value_loss           | 0.0631     |
----------------------------------------
Early stopping at step 0 due to reaching max kl: 0.75
PPO progress: 1327449/1000000 (133%) | ep_rew_mean=125.06 | ep_len_mean=204 | episodes=100 | fps=150
----------------------------------------
| rollout/                |            |
|    ep_len_mean          | 205        |
|    ep_rew_mean          | 123        |
| time/                   |            |
|    fps                  | 37         |
|    iterations           | 320        |
|    time_elapsed         | 8845       |
|    total_timesteps      | 1328128    |
| train/                  |            |
|    approx_kl            | 0.20604391 |
|    clip_fraction        | 0.401      |
|    clip_range           | 0.2        |
|    clip_range_vf        | 0.2        |
|    entropy_loss         | 3.47       |
|    explained_variance   | 0.912      |
|    learning_rate        | 0.000101   |
|    loss                 | 0.116      |
|    n_updates            | 7434       |
|    policy_gradient_loss | 0.0568     |
|    std                  | 0.0434     |
|    value_loss           | 0.0313     |
----------------------------------------
Early stopping at step 0 due to reaching max kl: 1.12
PPO progress: 1328449/1000000 (133%) | ep_rew_mean=122.59 | ep_len_mean=205 | episodes=100 | fps=150
----------------------------------------
| rollout/                |            |
|    ep_len_mean          | 214        |
|    ep_rew_mean          | 127        |
| time/                   |            |
|    fps                  | 37         |
|    iterations           | 321        |
|    time_elapsed         | 8870       |
|    total_timesteps      | 1329152    |
| train/                  |            |
|    approx_kl            | 0.18482384 |
|    clip_fraction        | 0.422      |
|    clip_range           | 0.2        |
|    clip_range_vf        | 0.2        |
|    entropy_loss         | 3.47       |
|    explained_variance   | 0.973      |
|    learning_rate        | 0.000101   |
|    loss                 | 0.161      |
|    n_updates            | 7435       |
|    policy_gradient_loss | 0.0416     |
|    std                  | 0.0434     |
|    value_loss           | 0.0253     |
----------------------------------------
Early stopping at step 1 due to reaching max kl: 0.77
PPO progress: 1329449/1000000 (133%) | ep_rew_mean=126.99 | ep_len_mean=214 | episodes=100 | fps=149
----------------------------------------
| rollout/                |            |
|    ep_len_mean          | 208        |
|    ep_rew_mean          | 122        |
| time/                   |            |
|    fps                  | 37         |
|    iterations           | 322        |
|    time_elapsed         | 8896       |
|    total_timesteps      | 1330176    |
| train/                  |            |
|    approx_kl            | 0.49685532 |
|    clip_fraction        | 0.549      |
|    clip_range           | 0.2        |
|    clip_range_vf        | 0.2        |
|    entropy_loss         | 3.47       |
|    explained_variance   | 0.953      |
|    learning_rate        | 0.000101   |
|    loss                 | 0.0082     |
|    n_updates            | 7437       |
|    policy_gradient_loss | 0.0551     |
|    std                  | 0.0434     |
|    value_loss           | 0.0227     |
----------------------------------------
Early stopping at step 1 due to reaching max kl: 0.87
PPO progress: 1330449/1000000 (133%) | ep_rew_mean=122.16 | ep_len_mean=208 | episodes=100 | fps=149
----------------------------------------
| rollout/                |            |
|    ep_len_mean          | 215        |
|    ep_rew_mean          | 121        |
| time/                   |            |
|    fps                  | 37         |
|    iterations           | 323        |
|    time_elapsed         | 8925       |
|    total_timesteps      | 1331200    |
| train/                  |            |
|    approx_kl            | 0.48953715 |
|    clip_fraction        | 0.531      |
|    clip_range           | 0.2        |
|    clip_range_vf        | 0.2        |
|    entropy_loss         | 3.46       |
|    explained_variance   | 0.803      |
|    learning_rate        | 0.000101   |
|    loss                 | 0.102      |
|    n_updates            | 7439       |
|    policy_gradient_loss | 0.0268     |
|    std                  | 0.0435     |
|    value_loss           | 0.153      |
----------------------------------------
Early stopping at step 1 due to reaching max kl: 0.83
PPO progress: 1331449/1000000 (133%) | ep_rew_mean=122.30 | ep_len_mean=217 | episodes=100 | fps=149
---------------------------------------
| rollout/                |           |
|    ep_len_mean          | 210       |
|    ep_rew_mean          | 117       |
| time/                   |           |
|    fps                  | 37        |
|    iterations           | 324       |
|    time_elapsed         | 8955      |
|    total_timesteps      | 1332224   |
| train/                  |           |
|    approx_kl            | 0.6013929 |
|    clip_fraction        | 0.556     |
|    clip_range           | 0.2       |
|    clip_range_vf        | 0.2       |
|    entropy_loss         | 3.46      |
|    explained_variance   | 0.947     |
|    learning_rate        | 0.0001    |
|    loss                 | 0.225     |
|    n_updates            | 7441      |
|    policy_gradient_loss | 0.0993    |
|    std                  | 0.0435    |
|    value_loss           | 0.0284    |
---------------------------------------
Early stopping at step 2 due to reaching max kl: 0.98
PPO progress: 1332449/1000000 (133%) | ep_rew_mean=120.08 | ep_len_mean=215 | episodes=100 | fps=148
---------------------------------------
| rollout/                |           |
|    ep_len_mean          | 214       |
|    ep_rew_mean          | 119       |
| time/                   |           |
|    fps                  | 37        |
|    iterations           | 325       |
|    time_elapsed         | 8982      |
|    total_timesteps      | 1333248   |
| train/                  |           |
|    approx_kl            | 0.4982333 |
|    clip_fraction        | 0.547     |
|    clip_range           | 0.2       |
|    clip_range_vf        | 0.2       |
|    entropy_loss         | 3.46      |
|    explained_variance   | 0.928     |
|    learning_rate        | 0.0001    |
|    loss                 | 0.22      |
|    n_updates            | 7444      |
|    policy_gradient_loss | 0.0187    |
|    std                  | 0.0436    |
|    value_loss           | 0.0514    |
---------------------------------------
Early stopping at step 2 due to reaching max kl: 1.25
PPO progress: 1333449/1000000 (133%) | ep_rew_mean=119.05 | ep_len_mean=214 | episodes=100 | fps=148
----------------------------------------
| rollout/                |            |
|    ep_len_mean          | 214        |
|    ep_rew_mean          | 118        |
| time/                   |            |
|    fps                  | 37         |
|    iterations           | 326        |
|    time_elapsed         | 9010       |
|    total_timesteps      | 1334272    |
| train/                  |            |
|    approx_kl            | 0.75238687 |
|    clip_fraction        | 0.544      |
|    clip_range           | 0.2        |
|    clip_range_vf        | 0.2        |
|    entropy_loss         | 3.46       |
|    explained_variance   | 0.921      |
|    learning_rate        | 0.0001     |
|    loss                 | -0.000293  |
|    n_updates            | 7447       |
|    policy_gradient_loss | 0.0161     |
|    std                  | 0.0436     |
|    value_loss           | 0.0569     |
----------------------------------------
Early stopping at step 0 due to reaching max kl: 1.34
PPO progress: 1334449/1000000 (133%) | ep_rew_mean=118.43 | ep_len_mean=214 | episodes=100 | fps=148
----------------------------------------
| rollout/                |            |
|    ep_len_mean          | 225        |
|    ep_rew_mean          | 118        |
| time/                   |            |
|    fps                  | 37         |
|    iterations           | 327        |
|    time_elapsed         | 9036       |
|    total_timesteps      | 1335296    |
| train/                  |            |
|    approx_kl            | 0.31358016 |
|    clip_fraction        | 0.355      |
|    clip_range           | 0.2        |
|    clip_range_vf        | 0.2        |
|    entropy_loss         | 3.46       |
|    explained_variance   | 0.466      |
|    learning_rate        | 9.99e-05   |
|    loss                 | 0.0183     |
|    n_updates            | 7448       |
|    policy_gradient_loss | 0.0298     |
|    std                  | 0.0436     |
|    value_loss           | 0.035      |
----------------------------------------
Early stopping at step 1 due to reaching max kl: 1.24
PPO progress: 1335449/1000000 (134%) | ep_rew_mean=119.66 | ep_len_mean=227 | episodes=100 | fps=147
---------------------------------------
| rollout/                |           |
|    ep_len_mean          | 224       |
|    ep_rew_mean          | 119       |
| time/                   |           |
|    fps                  | 37        |
|    iterations           | 328       |
|    time_elapsed         | 9065      |
|    total_timesteps      | 1336320   |
| train/                  |           |
|    approx_kl            | 0.8869252 |
|    clip_fraction        | 0.615     |
|    clip_range           | 0.2       |
|    clip_range_vf        | 0.2       |
|    entropy_loss         | 3.46      |
|    explained_variance   | 0.851     |
|    learning_rate        | 9.98e-05  |
|    loss                 | 0.0662    |
|    n_updates            | 7450      |
|    policy_gradient_loss | 0.0683    |
|    std                  | 0.0436    |
|    value_loss           | 0.0489    |
---------------------------------------
Early stopping at step 2 due to reaching max kl: 0.81
PPO progress: 1336449/1000000 (134%) | ep_rew_mean=119.20 | ep_len_mean=224 | episodes=100 | fps=147
----------------------------------------
| rollout/                |            |
|    ep_len_mean          | 225        |
|    ep_rew_mean          | 117        |
| time/                   |            |
|    fps                  | 37         |
|    iterations           | 329        |
|    time_elapsed         | 9093       |
|    total_timesteps      | 1337344    |
| train/                  |            |
|    approx_kl            | 0.44703174 |
|    clip_fraction        | 0.536      |
|    clip_range           | 0.2        |
|    clip_range_vf        | 0.2        |
|    entropy_loss         | 3.46       |
|    explained_variance   | 0.943      |
|    learning_rate        | 9.96e-05   |
|    loss                 | 0.0465     |
|    n_updates            | 7453       |
|    policy_gradient_loss | 0.00387    |
|    std                  | 0.0436     |
|    value_loss           | 0.0505     |
----------------------------------------
Early stopping at step 6 due to reaching max kl: 0.78
PPO progress: 1337449/1000000 (134%) | ep_rew_mean=116.53 | ep_len_mean=225 | episodes=100 | fps=147
---------------------------------------
| rollout/                |           |
|    ep_len_mean          | 234       |
|    ep_rew_mean          | 122       |
| time/                   |           |
|    fps                  | 37        |
|    iterations           | 330       |
|    time_elapsed         | 9121      |
|    total_timesteps      | 1338368   |
| train/                  |           |
|    approx_kl            | 0.3527207 |
|    clip_fraction        | 0.55      |
|    clip_range           | 0.2       |
|    clip_range_vf        | 0.2       |
|    entropy_loss         | 3.46      |
|    explained_variance   | 0.904     |
|    learning_rate        | 9.94e-05  |
|    loss                 | -0.0245   |
|    n_updates            | 7460      |
|    policy_gradient_loss | -0.0207   |
|    std                  | 0.0436    |
|    value_loss           | 0.0237    |
---------------------------------------
Early stopping at step 1 due to reaching max kl: 0.79
PPO progress: 1338449/1000000 (134%) | ep_rew_mean=117.44 | ep_len_mean=230 | episodes=100 | fps=146
----------------------------------------
| rollout/                |            |
|    ep_len_mean          | 229        |
|    ep_rew_mean          | 115        |
| time/                   |            |
|    fps                  | 37         |
|    iterations           | 331        |
|    time_elapsed         | 9149       |
|    total_timesteps      | 1339392    |
| train/                  |            |
|    approx_kl            | 0.36016095 |
|    clip_fraction        | 0.45       |
|    clip_range           | 0.2        |
|    clip_range_vf        | 0.2        |
|    entropy_loss         | 3.46       |
|    explained_variance   | 0.938      |
|    learning_rate        | 9.93e-05   |
|    loss                 | 0.0794     |
|    n_updates            | 7462       |
|    policy_gradient_loss | 0.0454     |
|    std                  | 0.0436     |
|    value_loss           | 0.0612     |
----------------------------------------
Early stopping at step 1 due to reaching max kl: 0.90
PPO progress: 1339449/1000000 (134%) | ep_rew_mean=115.17 | ep_len_mean=229 | episodes=100 | fps=146
----------------------------------------
| rollout/                |            |
|    ep_len_mean          | 233        |
|    ep_rew_mean          | 116        |
| time/                   |            |
|    fps                  | 37         |
|    iterations           | 332        |
|    time_elapsed         | 9182       |
|    total_timesteps      | 1340416    |
| train/                  |            |
|    approx_kl            | 0.44852594 |
|    clip_fraction        | 0.553      |
|    clip_range           | 0.2        |
|    clip_range_vf        | 0.2        |
|    entropy_loss         | 3.46       |
|    explained_variance   | 0.724      |
|    learning_rate        | 9.91e-05   |
|    loss                 | 0.13       |
|    n_updates            | 7464       |
|    policy_gradient_loss | 0.0429     |
|    std                  | 0.0437     |
|    value_loss           | 0.208      |
----------------------------------------
Early stopping at step 1 due to reaching max kl: 0.92
PPO progress: 1340449/1000000 (134%) | ep_rew_mean=115.75 | ep_len_mean=233 | episodes=100 | fps=145
---------------------------------------
| rollout/                |           |
|    ep_len_mean          | 242       |
|    ep_rew_mean          | 121       |
| time/                   |           |
|    fps                  | 37        |
|    iterations           | 333       |
|    time_elapsed         | 9207      |
|    total_timesteps      | 1341440   |
| train/                  |           |
|    approx_kl            | 0.6448957 |
|    clip_fraction        | 0.419     |
|    clip_range           | 0.2       |
|    clip_range_vf        | 0.2       |
|    entropy_loss         | 3.45      |
|    explained_variance   | 0.863     |
|    learning_rate        | 9.9e-05   |
|    loss                 | 0.193     |
|    n_updates            | 7466      |
|    policy_gradient_loss | 0.0863    |
|    std                  | 0.0437    |
|    value_loss           | 0.142     |
---------------------------------------
Early stopping at step 1 due to reaching max kl: 1.10
PPO progress: 1341449/1000000 (134%) | ep_rew_mean=120.82 | ep_len_mean=242 | episodes=100 | fps=145
PPO progress: 1342449/1000000 (134%) | ep_rew_mean=117.76 | ep_len_mean=235 | episodes=100 | fps=145
----------------------------------------
| rollout/                |            |
|    ep_len_mean          | 235        |
|    ep_rew_mean          | 118        |
| time/                   |            |
|    fps                  | 37         |
|    iterations           | 334        |
|    time_elapsed         | 9235       |
|    total_timesteps      | 1342464    |
| train/                  |            |
|    approx_kl            | 0.31595767 |
|    clip_fraction        | 0.47       |
|    clip_range           | 0.2        |
|    clip_range_vf        | 0.2        |
|    entropy_loss         | 3.45       |
|    explained_variance   | 0.966      |
|    learning_rate        | 9.88e-05   |
|    loss                 | 0.0269     |
|    n_updates            | 7468       |
|    policy_gradient_loss | 0.015      |
|    std                  | 0.0437     |
|    value_loss           | 0.0211     |
----------------------------------------
Early stopping at step 1 due to reaching max kl: 1.57
PPO progress: 1343449/1000000 (134%) | ep_rew_mean=121.28 | ep_len_mean=240 | episodes=100 | fps=145
----------------------------------------
| rollout/                |            |
|    ep_len_mean          | 240        |
|    ep_rew_mean          | 121        |
| time/                   |            |
|    fps                  | 37         |
|    iterations           | 335        |
|    time_elapsed         | 9263       |
|    total_timesteps      | 1343488    |
| train/                  |            |
|    approx_kl            | 0.81205237 |
|    clip_fraction        | 0.455      |
|    clip_range           | 0.2        |
|    clip_range_vf        | 0.2        |
|    entropy_loss         | 3.45       |
|    explained_variance   | 0.91       |
|    learning_rate        | 9.87e-05   |
|    loss                 | 0.021      |
|    n_updates            | 7470       |
|    policy_gradient_loss | 0.0484     |
|    std                  | 0.0437     |
|    value_loss           | 0.0865     |
----------------------------------------
Early stopping at step 0 due to reaching max kl: 1.11
PPO progress: 1344449/1000000 (134%) | ep_rew_mean=121.64 | ep_len_mean=243 | episodes=100 | fps=144
----------------------------------------
| rollout/                |            |
|    ep_len_mean          | 239        |
|    ep_rew_mean          | 120        |
| time/                   |            |
|    fps                  | 37         |
|    iterations           | 336        |
|    time_elapsed         | 9290       |
|    total_timesteps      | 1344512    |
| train/                  |            |
|    approx_kl            | 0.17959663 |
|    clip_fraction        | 0.347      |
|    clip_range           | 0.2        |
|    clip_range_vf        | 0.2        |
|    entropy_loss         | 3.45       |
|    explained_variance   | 0.845      |
|    learning_rate        | 9.85e-05   |
|    loss                 | 0.51       |
|    n_updates            | 7471       |
|    policy_gradient_loss | 0.0626     |
|    std                  | 0.0437     |
|    value_loss           | 0.189      |
----------------------------------------
Early stopping at step 1 due to reaching max kl: 8.65
PPO progress: 1345449/1000000 (135%) | ep_rew_mean=123.85 | ep_len_mean=244 | episodes=100 | fps=144
---------------------------------------
| rollout/                |           |
|    ep_len_mean          | 244       |
|    ep_rew_mean          | 124       |
| time/                   |           |
|    fps                  | 37        |
|    iterations           | 337       |
|    time_elapsed         | 9318      |
|    total_timesteps      | 1345536   |
| train/                  |           |
|    approx_kl            | 1.2832608 |
|    clip_fraction        | 0.595     |
|    clip_range           | 0.2       |
|    clip_range_vf        | 0.2       |
|    entropy_loss         | 3.45      |
|    explained_variance   | 0.949     |
|    learning_rate        | 9.84e-05  |
|    loss                 | 0.139     |
|    n_updates            | 7473      |
|    policy_gradient_loss | 0.0911    |
|    std                  | 0.0437    |
|    value_loss           | 0.0408    |
---------------------------------------
Early stopping at step 2 due to reaching max kl: 1.10
PPO progress: 1346449/1000000 (135%) | ep_rew_mean=127.81 | ep_len_mean=254 | episodes=100 | fps=144
---------------------------------------
| rollout/                |           |
|    ep_len_mean          | 254       |
|    ep_rew_mean          | 128       |
| time/                   |           |
|    fps                  | 37        |
|    iterations           | 338       |
|    time_elapsed         | 9344      |
|    total_timesteps      | 1346560   |
| train/                  |           |
|    approx_kl            | 0.6581417 |
|    clip_fraction        | 0.509     |
|    clip_range           | 0.2       |
|    clip_range_vf        | 0.2       |
|    entropy_loss         | 3.45      |
|    explained_variance   | 0.966     |
|    learning_rate        | 9.82e-05  |
|    loss                 | 0.15      |
|    n_updates            | 7476      |
|    policy_gradient_loss | 0.0297    |
|    std                  | 0.0438    |
|    value_loss           | 0.0286    |
---------------------------------------
Early stopping at step 1 due to reaching max kl: 0.80
PPO progress: 1347449/1000000 (135%) | ep_rew_mean=119.78 | ep_len_mean=239 | episodes=100 | fps=143
---------------------------------------
| rollout/                |           |
|    ep_len_mean          | 239       |
|    ep_rew_mean          | 120       |
| time/                   |           |
|    fps                  | 37        |
|    iterations           | 339       |
|    time_elapsed         | 9377      |
|    total_timesteps      | 1347584   |
| train/                  |           |
|    approx_kl            | 0.4342482 |
|    clip_fraction        | 0.512     |
|    clip_range           | 0.2       |
|    clip_range_vf        | 0.2       |
|    entropy_loss         | 3.45      |
|    explained_variance   | 0.955     |
|    learning_rate        | 9.81e-05  |
|    loss                 | 0.08      |
|    n_updates            | 7478      |
|    policy_gradient_loss | 0.0695    |
|    std                  | 0.0438    |
|    value_loss           | 0.0214    |
---------------------------------------
Early stopping at step 2 due to reaching max kl: 0.80
PPO progress: 1348449/1000000 (135%) | ep_rew_mean=118.73 | ep_len_mean=236 | episodes=100 | fps=143
---------------------------------------
| rollout/                |           |
|    ep_len_mean          | 236       |
|    ep_rew_mean          | 119       |
| time/                   |           |
|    fps                  | 37        |
|    iterations           | 340       |
|    time_elapsed         | 9405      |
|    total_timesteps      | 1348608   |
| train/                  |           |
|    approx_kl            | 0.5453391 |
|    clip_fraction        | 0.491     |
|    clip_range           | 0.2       |
|    clip_range_vf        | 0.2       |
|    entropy_loss         | 3.45      |
|    explained_variance   | 0.861     |
|    learning_rate        | 9.79e-05  |
|    loss                 | 0.171     |
|    n_updates            | 7481      |
|    policy_gradient_loss | 0.0192    |
|    std                  | 0.0439    |
|    value_loss           | 0.14      |
---------------------------------------
Early stopping at step 0 due to reaching max kl: 0.85
PPO progress: 1349449/1000000 (135%) | ep_rew_mean=119.66 | ep_len_mean=238 | episodes=100 | fps=143
----------------------------------------
| rollout/                |            |
|    ep_len_mean          | 238        |
|    ep_rew_mean          | 120        |
| time/                   |            |
|    fps                  | 37         |
|    iterations           | 341        |
|    time_elapsed         | 9433       |
|    total_timesteps      | 1349632    |
| train/                  |            |
|    approx_kl            | 0.31240797 |
|    clip_fraction        | 0.512      |
|    clip_range           | 0.2        |
|    clip_range_vf        | 0.2        |
|    entropy_loss         | 3.45       |
|    explained_variance   | 0.921      |
|    learning_rate        | 9.78e-05   |
|    loss                 | 0.114      |
|    n_updates            | 7482       |
|    policy_gradient_loss | 0.0771     |
|    std                  | 0.0439     |
|    value_loss           | 0.0683     |
----------------------------------------
Early stopping at step 0 due to reaching max kl: 1.15
PPO progress: 1350449/1000000 (135%) | ep_rew_mean=126.26 | ep_len_mean=250 | episodes=100 | fps=142
----------------------------------------
| rollout/                |            |
|    ep_len_mean          | 254        |
|    ep_rew_mean          | 129        |
| time/                   |            |
|    fps                  | 37         |
|    iterations           | 342        |
|    time_elapsed         | 9461       |
|    total_timesteps      | 1350656    |
| train/                  |            |
|    approx_kl            | 0.29390776 |
|    clip_fraction        | 0.392      |
|    clip_range           | 0.2        |
|    clip_range_vf        | 0.2        |
|    entropy_loss         | 3.45       |
|    explained_variance   | 0.858      |
|    learning_rate        | 9.76e-05   |
|    loss                 | 0.125      |
|    n_updates            | 7483       |
|    policy_gradient_loss | 0.0475     |
|    std                  | 0.0439     |
|    value_loss           | 0.194      |
----------------------------------------
Early stopping at step 4 due to reaching max kl: 0.84
PPO progress: 1351449/1000000 (135%) | ep_rew_mean=129.19 | ep_len_mean=255 | episodes=100 | fps=142
--------------------------------------
| rollout/                |          |
|    ep_len_mean          | 262      |
|    ep_rew_mean          | 132      |
| time/                   |          |
|    fps                  | 37       |
|    iterations           | 343      |
|    time_elapsed         | 9489     |
|    total_timesteps      | 1351680  |
| train/                  |          |
|    approx_kl            | 0.562809 |
|    clip_fraction        | 0.597    |
|    clip_range           | 0.2      |
|    clip_range_vf        | 0.2      |
|    entropy_loss         | 3.44     |
|    explained_variance   | 0.976    |
|    learning_rate        | 9.74e-05 |
|    loss                 | 0.0836   |
|    n_updates            | 7488     |
|    policy_gradient_loss | 0.00719  |
|    std                  | 0.0439   |
|    value_loss           | 0.0199   |
--------------------------------------
Early stopping at step 0 due to reaching max kl: 0.80
PPO progress: 1352449/1000000 (135%) | ep_rew_mean=132.27 | ep_len_mean=262 | episodes=100 | fps=142
----------------------------------------
| rollout/                |            |
|    ep_len_mean          | 251        |
|    ep_rew_mean          | 129        |
| time/                   |            |
|    fps                  | 37         |
|    iterations           | 344        |
|    time_elapsed         | 9518       |
|    total_timesteps      | 1352704    |
| train/                  |            |
|    approx_kl            | 0.15559548 |
|    clip_fraction        | 0.348      |
|    clip_range           | 0.2        |
|    clip_range_vf        | 0.2        |
|    entropy_loss         | 3.44       |
|    explained_variance   | 0.96       |
|    learning_rate        | 9.73e-05   |
|    loss                 | 0.0488     |
|    n_updates            | 7489       |
|    policy_gradient_loss | 0.0582     |
|    std                  | 0.0439     |
|    value_loss           | 0.0411     |
----------------------------------------
Early stopping at step 1 due to reaching max kl: 0.85
PPO progress: 1353449/1000000 (135%) | ep_rew_mean=120.13 | ep_len_mean=233 | episodes=100 | fps=141
----------------------------------------
| rollout/                |            |
|    ep_len_mean          | 233        |
|    ep_rew_mean          | 120        |
| time/                   |            |
|    fps                  | 37         |
|    iterations           | 345        |
|    time_elapsed         | 9546       |
|    total_timesteps      | 1353728    |
| train/                  |            |
|    approx_kl            | 0.41093335 |
|    clip_fraction        | 0.521      |
|    clip_range           | 0.2        |
|    clip_range_vf        | 0.2        |
|    entropy_loss         | 3.44       |
|    explained_variance   | 0.774      |
|    learning_rate        | 9.71e-05   |
|    loss                 | 0.258      |
|    n_updates            | 7491       |
|    policy_gradient_loss | 0.0268     |
|    std                  | 0.044      |
|    value_loss           | 0.127      |
----------------------------------------
Early stopping at step 1 due to reaching max kl: 0.91
PPO progress: 1354449/1000000 (135%) | ep_rew_mean=122.35 | ep_len_mean=243 | episodes=100 | fps=141
---------------------------------------
| rollout/                |           |
|    ep_len_mean          | 243       |
|    ep_rew_mean          | 122       |
| time/                   |           |
|    fps                  | 37        |
|    iterations           | 346       |
|    time_elapsed         | 9574      |
|    total_timesteps      | 1354752   |
| train/                  |           |
|    approx_kl            | 0.6307031 |
|    clip_fraction        | 0.482     |
|    clip_range           | 0.2       |
|    clip_range_vf        | 0.2       |
|    entropy_loss         | 3.44      |
|    explained_variance   | 0.959     |
|    learning_rate        | 9.7e-05   |
|    loss                 | 0.0655    |
|    n_updates            | 7493      |
|    policy_gradient_loss | 0.0527    |
|    std                  | 0.044     |
|    value_loss           | 0.0255    |
---------------------------------------
Early stopping at step 1 due to reaching max kl: 1.09
PPO progress: 1355449/1000000 (136%) | ep_rew_mean=123.65 | ep_len_mean=252 | episodes=100 | fps=141
---------------------------------------
| rollout/                |           |
|    ep_len_mean          | 252       |
|    ep_rew_mean          | 124       |
| time/                   |           |
|    fps                  | 37        |
|    iterations           | 347       |
|    time_elapsed         | 9599      |
|    total_timesteps      | 1355776   |
| train/                  |           |
|    approx_kl            | 0.4107261 |
|    clip_fraction        | 0.56      |
|    clip_range           | 0.2       |
|    clip_range_vf        | 0.2       |
|    entropy_loss         | 3.44      |
|    explained_variance   | 0.854     |
|    learning_rate        | 9.68e-05  |
|    loss                 | 0.281     |
|    n_updates            | 7495      |
|    policy_gradient_loss | 0.0388    |
|    std                  | 0.044     |
|    value_loss           | 0.146     |
---------------------------------------
Early stopping at step 1 due to reaching max kl: 1.14
PPO progress: 1356449/1000000 (136%) | ep_rew_mean=127.25 | ep_len_mean=250 | episodes=100 | fps=141
----------------------------------------
| rollout/                |            |
|    ep_len_mean          | 249        |
|    ep_rew_mean          | 127        |
| time/                   |            |
|    fps                  | 37         |
|    iterations           | 348        |
|    time_elapsed         | 9626       |
|    total_timesteps      | 1356800    |
| train/                  |            |
|    approx_kl            | 0.46958944 |
|    clip_fraction        | 0.56       |
|    clip_range           | 0.2        |
|    clip_range_vf        | 0.2        |
|    entropy_loss         | 3.44       |
|    explained_variance   | 0.956      |
|    learning_rate        | 9.67e-05   |
|    loss                 | 0.0553     |
|    n_updates            | 7497       |
|    policy_gradient_loss | 0.101      |
|    std                  | 0.044      |
|    value_loss           | 0.0307     |
----------------------------------------
Early stopping at step 2 due to reaching max kl: 1.26
PPO progress: 1357449/1000000 (136%) | ep_rew_mean=126.68 | ep_len_mean=249 | episodes=100 | fps=140
---------------------------------------
| rollout/                |           |
|    ep_len_mean          | 249       |
|    ep_rew_mean          | 127       |
| time/                   |           |
|    fps                  | 36        |
|    iterations           | 349       |
|    time_elapsed         | 9659      |
|    total_timesteps      | 1357824   |
| train/                  |           |
|    approx_kl            | 0.6911138 |
|    clip_fraction        | 0.523     |
|    clip_range           | 0.2       |
|    clip_range_vf        | 0.2       |
|    entropy_loss         | 3.44      |
|    explained_variance   | 0.836     |
|    learning_rate        | 9.65e-05  |
|    loss                 | 0.0473    |
|    n_updates            | 7500      |
|    policy_gradient_loss | 0.0349    |
|    std                  | 0.0441    |
|    value_loss           | 0.12      |
---------------------------------------
Early stopping at step 1 due to reaching max kl: 1.28
PPO progress: 1358449/1000000 (136%) | ep_rew_mean=128.77 | ep_len_mean=253 | episodes=100 | fps=140
----------------------------------------
| rollout/                |            |
|    ep_len_mean          | 248        |
|    ep_rew_mean          | 126        |
| time/                   |            |
|    fps                  | 36         |
|    iterations           | 350        |
|    time_elapsed         | 9686       |
|    total_timesteps      | 1358848    |
| train/                  |            |
|    approx_kl            | 0.52572584 |
|    clip_fraction        | 0.45       |
|    clip_range           | 0.2        |
|    clip_range_vf        | 0.2        |
|    entropy_loss         | 3.44       |
|    explained_variance   | 0.972      |
|    learning_rate        | 9.64e-05   |
|    loss                 | 0.0267     |
|    n_updates            | 7502       |
|    policy_gradient_loss | 0.0495     |
|    std                  | 0.0441     |
|    value_loss           | 0.0158     |
----------------------------------------
Early stopping at step 1 due to reaching max kl: 0.94
PPO progress: 1359449/1000000 (136%) | ep_rew_mean=129.20 | ep_len_mean=253 | episodes=100 | fps=140
----------------------------------------
| rollout/                |            |
|    ep_len_mean          | 256        |
|    ep_rew_mean          | 132        |
| time/                   |            |
|    fps                  | 37         |
|    iterations           | 351        |
|    time_elapsed         | 9712       |
|    total_timesteps      | 1359872    |
| train/                  |            |
|    approx_kl            | 0.45510072 |
|    clip_fraction        | 0.506      |
|    clip_range           | 0.2        |
|    clip_range_vf        | 0.2        |
|    entropy_loss         | 3.43       |
|    explained_variance   | 0.979      |
|    learning_rate        | 9.62e-05   |
|    loss                 | 0.0807     |
|    n_updates            | 7504       |
|    policy_gradient_loss | 0.0383     |
|    std                  | 0.0442     |
|    value_loss           | 0.0219     |
----------------------------------------
Early stopping at step 1 due to reaching max kl: 0.81
PPO progress: 1360449/1000000 (136%) | ep_rew_mean=135.23 | ep_len_mean=249 | episodes=100 | fps=139
---------------------------------------
| rollout/                |           |
|    ep_len_mean          | 245       |
|    ep_rew_mean          | 132       |
| time/                   |           |
|    fps                  | 37        |
|    iterations           | 352       |
|    time_elapsed         | 9740      |
|    total_timesteps      | 1360896   |
| train/                  |           |
|    approx_kl            | 0.5231735 |
|    clip_fraction        | 0.446     |
|    clip_range           | 0.2       |
|    clip_range_vf        | 0.2       |
|    entropy_loss         | 3.43      |
|    explained_variance   | 0.977     |
|    learning_rate        | 9.61e-05  |
|    loss                 | 0.0297    |
|    n_updates            | 7506      |
|    policy_gradient_loss | 0.0492    |
|    std                  | 0.0442    |
|    value_loss           | 0.0211    |
---------------------------------------
Early stopping at step 2 due to reaching max kl: 0.75
PPO progress: 1361449/1000000 (136%) | ep_rew_mean=131.16 | ep_len_mean=242 | episodes=100 | fps=139
----------------------------------------
| rollout/                |            |
|    ep_len_mean          | 236        |
|    ep_rew_mean          | 128        |
| time/                   |            |
|    fps                  | 37         |
|    iterations           | 353        |
|    time_elapsed         | 9769       |
|    total_timesteps      | 1361920    |
| train/                  |            |
|    approx_kl            | 0.43011022 |
|    clip_fraction        | 0.509      |
|    clip_range           | 0.2        |
|    clip_range_vf        | 0.2        |
|    entropy_loss         | 3.43       |
|    explained_variance   | 0.836      |
|    learning_rate        | 9.59e-05   |
|    loss                 | 0.031      |
|    n_updates            | 7509       |
|    policy_gradient_loss | 0.0197     |
|    std                  | 0.0442     |
|    value_loss           | 0.121      |
----------------------------------------
Early stopping at step 1 due to reaching max kl: 1.36
PPO progress: 1362449/1000000 (136%) | ep_rew_mean=129.19 | ep_len_mean=238 | episodes=100 | fps=139
---------------------------------------
| rollout/                |           |
|    ep_len_mean          | 238       |
|    ep_rew_mean          | 129       |
| time/                   |           |
|    fps                  | 36        |
|    iterations           | 354       |
|    time_elapsed         | 9799      |
|    total_timesteps      | 1362944   |
| train/                  |           |
|    approx_kl            | 0.4694849 |
|    clip_fraction        | 0.504     |
|    clip_range           | 0.2       |
|    clip_range_vf        | 0.2       |
|    entropy_loss         | 3.43      |
|    explained_variance   | 0.827     |
|    learning_rate        | 9.58e-05  |
|    loss                 | 0.195     |
|    n_updates            | 7511      |
|    policy_gradient_loss | 0.00426   |
|    std                  | 0.0442    |
|    value_loss           | 0.171     |
---------------------------------------
Early stopping at step 1 due to reaching max kl: 0.92
PPO progress: 1363449/1000000 (136%) | ep_rew_mean=131.69 | ep_len_mean=249 | episodes=100 | fps=138
---------------------------------------
| rollout/                |           |
|    ep_len_mean          | 251       |
|    ep_rew_mean          | 134       |
| time/                   |           |
|    fps                  | 36        |
|    iterations           | 355       |
|    time_elapsed         | 9827      |
|    total_timesteps      | 1363968   |
| train/                  |           |
|    approx_kl            | 0.2682931 |
|    clip_fraction        | 0.408     |
|    clip_range           | 0.2       |
|    clip_range_vf        | 0.2       |
|    entropy_loss         | 3.43      |
|    explained_variance   | 0.902     |
|    learning_rate        | 9.56e-05  |
|    loss                 | 0.155     |
|    n_updates            | 7513      |
|    policy_gradient_loss | 0.013     |
|    std                  | 0.0442    |
|    value_loss           | 0.107     |
---------------------------------------
Early stopping at step 2 due to reaching max kl: 0.92
PPO progress: 1364449/1000000 (136%) | ep_rew_mean=136.23 | ep_len_mean=256 | episodes=100 | fps=138
----------------------------------------
| rollout/                |            |
|    ep_len_mean          | 250        |
|    ep_rew_mean          | 133        |
| time/                   |            |
|    fps                  | 36         |
|    iterations           | 356        |
|    time_elapsed         | 9853       |
|    total_timesteps      | 1364992    |
| train/                  |            |
|    approx_kl            | 0.38773474 |
|    clip_fraction        | 0.552      |
|    clip_range           | 0.2        |
|    clip_range_vf        | 0.2        |
|    entropy_loss         | 3.43       |
|    explained_variance   | 0.88       |
|    learning_rate        | 9.55e-05   |
|    loss                 | 0.0984     |
|    n_updates            | 7516       |
|    policy_gradient_loss | 0.0301     |
|    std                  | 0.0443     |
|    value_loss           | 0.133      |
----------------------------------------
Early stopping at step 2 due to reaching max kl: 0.91
PPO progress: 1365449/1000000 (137%) | ep_rew_mean=136.12 | ep_len_mean=254 | episodes=100 | fps=138
----------------------------------------
| rollout/                |            |
|    ep_len_mean          | 254        |
|    ep_rew_mean          | 136        |
| time/                   |            |
|    fps                  | 36         |
|    iterations           | 357        |
|    time_elapsed         | 9881       |
|    total_timesteps      | 1366016    |
| train/                  |            |
|    approx_kl            | 0.50463754 |
|    clip_fraction        | 0.546      |
|    clip_range           | 0.2        |
|    clip_range_vf        | 0.2        |
|    entropy_loss         | 3.43       |
|    explained_variance   | 0.946      |
|    learning_rate        | 9.53e-05   |
|    loss                 | 0.056      |
|    n_updates            | 7519       |
|    policy_gradient_loss | -0.00125   |
|    std                  | 0.0443     |
|    value_loss           | 0.04       |
----------------------------------------
Early stopping at step 1 due to reaching max kl: 1.01
PPO progress: 1366449/1000000 (137%) | ep_rew_mean=136.24 | ep_len_mean=257 | episodes=100 | fps=138
----------------------------------------
| rollout/                |            |
|    ep_len_mean          | 251        |
|    ep_rew_mean          | 133        |
| time/                   |            |
|    fps                  | 36         |
|    iterations           | 358        |
|    time_elapsed         | 9908       |
|    total_timesteps      | 1367040    |
| train/                  |            |
|    approx_kl            | 0.50989753 |
|    clip_fraction        | 0.534      |
|    clip_range           | 0.2        |
|    clip_range_vf        | 0.2        |
|    entropy_loss         | 3.43       |
|    explained_variance   | 0.871      |
|    learning_rate        | 9.51e-05   |
|    loss                 | 0.049      |
|    n_updates            | 7521       |
|    policy_gradient_loss | 0.0262     |
|    std                  | 0.0444     |
|    value_loss           | 0.0533     |
----------------------------------------
Early stopping at step 2 due to reaching max kl: 0.78
PPO progress: 1367449/1000000 (137%) | ep_rew_mean=133.10 | ep_len_mean=251 | episodes=100 | fps=137
----------------------------------------
| rollout/                |            |
|    ep_len_mean          | 259        |
|    ep_rew_mean          | 136        |
| time/                   |            |
|    fps                  | 37         |
|    iterations           | 359        |
|    time_elapsed         | 9934       |
|    total_timesteps      | 1368064    |
| train/                  |            |
|    approx_kl            | 0.47941715 |
|    clip_fraction        | 0.524      |
|    clip_range           | 0.2        |
|    clip_range_vf        | 0.2        |
|    entropy_loss         | 3.42       |
|    explained_variance   | 0.656      |
|    learning_rate        | 9.5e-05    |
|    loss                 | 0.224      |
|    n_updates            | 7524       |
|    policy_gradient_loss | 0.004      |
|    std                  | 0.0444     |
|    value_loss           | 0.347      |
----------------------------------------
Early stopping at step 2 due to reaching max kl: 0.86
PPO progress: 1368449/1000000 (137%) | ep_rew_mean=136.97 | ep_len_mean=260 | episodes=100 | fps=137
----------------------------------------
| rollout/                |            |
|    ep_len_mean          | 266        |
|    ep_rew_mean          | 141        |
| time/                   |            |
|    fps                  | 36         |
|    iterations           | 360        |
|    time_elapsed         | 9964       |
|    total_timesteps      | 1369088    |
| train/                  |            |
|    approx_kl            | 0.71116585 |
|    clip_fraction        | 0.521      |
|    clip_range           | 0.2        |
|    clip_range_vf        | 0.2        |
|    entropy_loss         | 3.42       |
|    explained_variance   | 0.957      |
|    learning_rate        | 9.48e-05   |
|    loss                 | -0.00964   |
|    n_updates            | 7527       |
|    policy_gradient_loss | 0.048      |
|    std                  | 0.0444     |
|    value_loss           | 0.0301     |
----------------------------------------
Early stopping at step 2 due to reaching max kl: 1.14
PPO progress: 1369449/1000000 (137%) | ep_rew_mean=141.30 | ep_len_mean=266 | episodes=100 | fps=137
---------------------------------------
| rollout/                |           |
|    ep_len_mean          | 276       |
|    ep_rew_mean          | 143       |
| time/                   |           |
|    fps                  | 37        |
|    iterations           | 361       |
|    time_elapsed         | 9989      |
|    total_timesteps      | 1370112   |
| train/                  |           |
|    approx_kl            | 0.5254462 |
|    clip_fraction        | 0.51      |
|    clip_range           | 0.2       |
|    clip_range_vf        | 0.2       |
|    entropy_loss         | 3.42      |
|    explained_variance   | 0.971     |
|    learning_rate        | 9.47e-05  |
|    loss                 | -0.00473  |
|    n_updates            | 7530      |
|    policy_gradient_loss | -0.00724  |
|    std                  | 0.0444    |
|    value_loss           | 0.0218    |
---------------------------------------
Early stopping at step 1 due to reaching max kl: 0.77
PPO progress: 1370449/1000000 (137%) | ep_rew_mean=143.10 | ep_len_mean=276 | episodes=100 | fps=137
----------------------------------------
| rollout/                |            |
|    ep_len_mean          | 276        |
|    ep_rew_mean          | 141        |
| time/                   |            |
|    fps                  | 37         |
|    iterations           | 362        |
|    time_elapsed         | 10017      |
|    total_timesteps      | 1371136    |
| train/                  |            |
|    approx_kl            | 0.29497802 |
|    clip_fraction        | 0.56       |
|    clip_range           | 0.2        |
|    clip_range_vf        | 0.2        |
|    entropy_loss         | 3.42       |
|    explained_variance   | 0.985      |
|    learning_rate        | 9.45e-05   |
|    loss                 | 0.075      |
|    n_updates            | 7532       |
|    policy_gradient_loss | 0.071      |
|    std                  | 0.0444     |
|    value_loss           | 0.0124     |
----------------------------------------
Early stopping at step 2 due to reaching max kl: 1.53
PPO progress: 1371449/1000000 (137%) | ep_rew_mean=141.17 | ep_len_mean=276 | episodes=100 | fps=136
---------------------------------------
| rollout/                |           |
|    ep_len_mean          | 285       |
|    ep_rew_mean          | 147       |
| time/                   |           |
|    fps                  | 37        |
|    iterations           | 363       |
|    time_elapsed         | 10044     |
|    total_timesteps      | 1372160   |
| train/                  |           |
|    approx_kl            | 0.5281365 |
|    clip_fraction        | 0.476     |
|    clip_range           | 0.2       |
|    clip_range_vf        | 0.2       |
|    entropy_loss         | 3.42      |
|    explained_variance   | 0.974     |
|    learning_rate        | 9.44e-05  |
|    loss                 | -0.0143   |
|    n_updates            | 7535      |
|    policy_gradient_loss | -0.00274  |
|    std                  | 0.0444    |
|    value_loss           | 0.0186    |
---------------------------------------
Early stopping at step 1 due to reaching max kl: 1.60
PPO progress: 1372449/1000000 (137%) | ep_rew_mean=147.25 | ep_len_mean=285 | episodes=100 | fps=136
---------------------------------------
| rollout/                |           |
|    ep_len_mean          | 286       |
|    ep_rew_mean          | 144       |
| time/                   |           |
|    fps                  | 37        |
|    iterations           | 364       |
|    time_elapsed         | 10073     |
|    total_timesteps      | 1373184   |
| train/                  |           |
|    approx_kl            | 1.1285961 |
|    clip_fraction        | 0.45      |
|    clip_range           | 0.2       |
|    clip_range_vf        | 0.2       |
|    entropy_loss         | 3.42      |
|    explained_variance   | 0.972     |
|    learning_rate        | 9.42e-05  |
|    loss                 | 0.0868    |
|    n_updates            | 7537      |
|    policy_gradient_loss | 0.073     |
|    std                  | 0.0444    |
|    value_loss           | 0.0307    |
---------------------------------------
Early stopping at step 1 due to reaching max kl: 0.79
PPO progress: 1373449/1000000 (137%) | ep_rew_mean=143.61 | ep_len_mean=286 | episodes=100 | fps=136
----------------------------------------
| rollout/                |            |
|    ep_len_mean          | 292        |
|    ep_rew_mean          | 143        |
| time/                   |            |
|    fps                  | 37         |
|    iterations           | 365        |
|    time_elapsed         | 10101      |
|    total_timesteps      | 1374208    |
| train/                  |            |
|    approx_kl            | 0.34352925 |
|    clip_fraction        | 0.515      |
|    clip_range           | 0.2        |
|    clip_range_vf        | 0.2        |
|    entropy_loss         | 3.42       |
|    explained_variance   | 0.9        |
|    learning_rate        | 9.41e-05   |
|    loss                 | 0.0343     |
|    n_updates            | 7539       |
|    policy_gradient_loss | 0.0749     |
|    std                  | 0.0444     |
|    value_loss           | 0.111      |
----------------------------------------
Early stopping at step 0 due to reaching max kl: 1.00
PPO progress: 1374449/1000000 (137%) | ep_rew_mean=143.03 | ep_len_mean=292 | episodes=100 | fps=135
---------------------------------------
| rollout/                |           |
|    ep_len_mean          | 286       |
|    ep_rew_mean          | 138       |
| time/                   |           |
|    fps                  | 36        |
|    iterations           | 366       |
|    time_elapsed         | 10133     |
|    total_timesteps      | 1375232   |
| train/                  |           |
|    approx_kl            | 0.2717883 |
|    clip_fraction        | 0.51      |
|    clip_range           | 0.2       |
|    clip_range_vf        | 0.2       |
|    entropy_loss         | 3.42      |
|    explained_variance   | 0.987     |
|    learning_rate        | 9.39e-05  |
|    loss                 | 0.175     |
|    n_updates            | 7540      |
|    policy_gradient_loss | 0.0604    |
|    std                  | 0.0444    |
|    value_loss           | 0.0135    |
---------------------------------------
Early stopping at step 1 due to reaching max kl: 0.90
PPO progress: 1375449/1000000 (138%) | ep_rew_mean=137.82 | ep_len_mean=286 | episodes=100 | fps=135
---------------------------------------
| rollout/                |           |
|    ep_len_mean          | 293       |
|    ep_rew_mean          | 138       |
| time/                   |           |
|    fps                  | 36        |
|    iterations           | 367       |
|    time_elapsed         | 10158     |
|    total_timesteps      | 1376256   |
| train/                  |           |
|    approx_kl            | 0.7137899 |
|    clip_fraction        | 0.429     |
|    clip_range           | 0.2       |
|    clip_range_vf        | 0.2       |
|    entropy_loss         | 3.42      |
|    explained_variance   | 0.721     |
|    learning_rate        | 9.38e-05  |
|    loss                 | 0.0153    |
|    n_updates            | 7542      |
|    policy_gradient_loss | 0.0378    |
|    std                  | 0.0444    |
|    value_loss           | 0.041     |
---------------------------------------
Early stopping at step 0 due to reaching max kl: 0.78
PPO progress: 1376449/1000000 (138%) | ep_rew_mean=138.48 | ep_len_mean=293 | episodes=100 | fps=135
----------------------------------------
| rollout/                |            |
|    ep_len_mean          | 299        |
|    ep_rew_mean          | 141        |
| time/                   |            |
|    fps                  | 36         |
|    iterations           | 368        |
|    time_elapsed         | 10186      |
|    total_timesteps      | 1377280    |
| train/                  |            |
|    approx_kl            | 0.23614834 |
|    clip_fraction        | 0.435      |
|    clip_range           | 0.2        |
|    clip_range_vf        | 0.2        |
|    entropy_loss         | 3.42       |
|    explained_variance   | 0.938      |
|    learning_rate        | 9.36e-05   |
|    loss                 | 0.0728     |
|    n_updates            | 7543       |
|    policy_gradient_loss | 0.0638     |
|    std                  | 0.0445     |
|    value_loss           | 0.0396     |
----------------------------------------
Early stopping at step 2 due to reaching max kl: 0.99
PPO progress: 1377449/1000000 (138%) | ep_rew_mean=141.45 | ep_len_mean=299 | episodes=100 | fps=135
----------------------------------------
| rollout/                |            |
|    ep_len_mean          | 313        |
|    ep_rew_mean          | 148        |
| time/                   |            |
|    fps                  | 36         |
|    iterations           | 369        |
|    time_elapsed         | 10213      |
|    total_timesteps      | 1378304    |
| train/                  |            |
|    approx_kl            | 0.43055156 |
|    clip_fraction        | 0.525      |
|    clip_range           | 0.2        |
|    clip_range_vf        | 0.2        |
|    entropy_loss         | 3.42       |
|    explained_variance   | 0.962      |
|    learning_rate        | 9.35e-05   |
|    loss                 | 0.0048     |
|    n_updates            | 7546       |
|    policy_gradient_loss | 0.0339     |
|    std                  | 0.0445     |
|    value_loss           | 0.0205     |
----------------------------------------
Early stopping at step 1 due to reaching max kl: 1.15
PPO progress: 1378449/1000000 (138%) | ep_rew_mean=147.87 | ep_len_mean=313 | episodes=100 | fps=134
---------------------------------------
| rollout/                |           |
|    ep_len_mean          | 315       |
|    ep_rew_mean          | 149       |
| time/                   |           |
|    fps                  | 36        |
|    iterations           | 370       |
|    time_elapsed         | 10241     |
|    total_timesteps      | 1379328   |
| train/                  |           |
|    approx_kl            | 0.2933459 |
|    clip_fraction        | 0.488     |
|    clip_range           | 0.2       |
|    clip_range_vf        | 0.2       |
|    entropy_loss         | 3.41      |
|    explained_variance   | 0.875     |
|    learning_rate        | 9.33e-05  |
|    loss                 | 0.0844    |
|    n_updates            | 7548      |
|    policy_gradient_loss | 0.0188    |
|    std                  | 0.0446    |
|    value_loss           | 0.11      |
---------------------------------------
Early stopping at step 2 due to reaching max kl: 0.83
PPO progress: 1379449/1000000 (138%) | ep_rew_mean=149.39 | ep_len_mean=315 | episodes=100 | fps=134
----------------------------------------
| rollout/                |            |
|    ep_len_mean          | 314        |
|    ep_rew_mean          | 147        |
| time/                   |            |
|    fps                  | 36         |
|    iterations           | 371        |
|    time_elapsed         | 10268      |
|    total_timesteps      | 1380352    |
| train/                  |            |
|    approx_kl            | 0.45433807 |
|    clip_fraction        | 0.581      |
|    clip_range           | 0.2        |
|    clip_range_vf        | 0.2        |
|    entropy_loss         | 3.41       |
|    explained_variance   | 0.957      |
|    learning_rate        | 9.31e-05   |
|    loss                 | 0.0508     |
|    n_updates            | 7551       |
|    policy_gradient_loss | 0.0444     |
|    std                  | 0.0446     |
|    value_loss           | 0.0241     |
----------------------------------------
Early stopping at step 3 due to reaching max kl: 0.98
PPO progress: 1380449/1000000 (138%) | ep_rew_mean=147.30 | ep_len_mean=314 | episodes=100 | fps=134
----------------------------------------
| rollout/                |            |
|    ep_len_mean          | 312        |
|    ep_rew_mean          | 142        |
| time/                   |            |
|    fps                  | 37         |
|    iterations           | 372        |
|    time_elapsed         | 10293      |
|    total_timesteps      | 1381376    |
| train/                  |            |
|    approx_kl            | 0.49756587 |
|    clip_fraction        | 0.54       |
|    clip_range           | 0.2        |
|    clip_range_vf        | 0.2        |
|    entropy_loss         | 3.41       |
|    explained_variance   | 0.93       |
|    learning_rate        | 9.3e-05    |
|    loss                 | 0.0573     |
|    n_updates            | 7555       |
|    policy_gradient_loss | 0.00103    |
|    std                  | 0.0446     |
|    value_loss           | 0.101      |
----------------------------------------
Early stopping at step 2 due to reaching max kl: 0.76
PPO progress: 1381449/1000000 (138%) | ep_rew_mean=142.46 | ep_len_mean=312 | episodes=100 | fps=134
---------------------------------------
| rollout/                |           |
|    ep_len_mean          | 309       |
|    ep_rew_mean          | 140       |
| time/                   |           |
|    fps                  | 37        |
|    iterations           | 373       |
|    time_elapsed         | 10321     |
|    total_timesteps      | 1382400   |
| train/                  |           |
|    approx_kl            | 0.3245304 |
|    clip_fraction        | 0.548     |
|    clip_range           | 0.2       |
|    clip_range_vf        | 0.2       |
|    entropy_loss         | 3.41      |
|    explained_variance   | 0.835     |
|    learning_rate        | 9.28e-05  |
|    loss                 | 0.0779    |
|    n_updates            | 7558      |
|    policy_gradient_loss | 0.0427    |
|    std                  | 0.0446    |
|    value_loss           | 0.128     |
---------------------------------------
Early stopping at step 3 due to reaching max kl: 0.82
PPO progress: 1382449/1000000 (138%) | ep_rew_mean=139.68 | ep_len_mean=309 | episodes=100 | fps=133
---------------------------------------
| rollout/                |           |
|    ep_len_mean          | 302       |
|    ep_rew_mean          | 139       |
| time/                   |           |
|    fps                  | 36        |
|    iterations           | 374       |
|    time_elapsed         | 10351     |
|    total_timesteps      | 1383424   |
| train/                  |           |
|    approx_kl            | 0.4254941 |
|    clip_fraction        | 0.53      |
|    clip_range           | 0.2       |
|    clip_range_vf        | 0.2       |
|    entropy_loss         | 3.41      |
|    explained_variance   | 0.542     |
|    learning_rate        | 9.27e-05  |
|    loss                 | 0.0653    |
|    n_updates            | 7562      |
|    policy_gradient_loss | -0.0187   |
|    std                  | 0.0446    |
|    value_loss           | 0.117     |
---------------------------------------
Early stopping at step 1 due to reaching max kl: 0.76
PPO progress: 1383449/1000000 (138%) | ep_rew_mean=136.47 | ep_len_mean=292 | episodes=100 | fps=133
---------------------------------------
| rollout/                |           |
|    ep_len_mean          | 292       |
|    ep_rew_mean          | 136       |
| time/                   |           |
|    fps                  | 37        |
|    iterations           | 375       |
|    time_elapsed         | 10377     |
|    total_timesteps      | 1384448   |
| train/                  |           |
|    approx_kl            | 0.7632033 |
|    clip_fraction        | 0.414     |
|    clip_range           | 0.2       |
|    clip_range_vf        | 0.2       |
|    entropy_loss         | 3.41      |
|    explained_variance   | 0.777     |
|    learning_rate        | 9.25e-05  |
|    loss                 | 0.163     |
|    n_updates            | 7564      |
|    policy_gradient_loss | 0.082     |
|    std                  | 0.0446    |
|    value_loss           | 0.238     |
---------------------------------------
Early stopping at step 2 due to reaching max kl: 0.93
PPO progress: 1384449/1000000 (138%) | ep_rew_mean=136.47 | ep_len_mean=292 | episodes=100 | fps=133
PPO progress: 1385449/1000000 (139%) | ep_rew_mean=127.64 | ep_len_mean=273 | episodes=100 | fps=133
--------------------------------------
| rollout/                |          |
|    ep_len_mean          | 273      |
|    ep_rew_mean          | 128      |
| time/                   |          |
|    fps                  | 36       |
|    iterations           | 376      |
|    time_elapsed         | 10410    |
|    total_timesteps      | 1385472  |
| train/                  |          |
|    approx_kl            | 0.614712 |
|    clip_fraction        | 0.595    |
|    clip_range           | 0.2      |
|    clip_range_vf        | 0.2      |
|    entropy_loss         | 3.41     |
|    explained_variance   | 0.82     |
|    learning_rate        | 9.24e-05 |
|    loss                 | 0.382    |
|    n_updates            | 7567     |
|    policy_gradient_loss | 0.066    |
|    std                  | 0.0447   |
|    value_loss           | 0.123    |
--------------------------------------
Early stopping at step 5 due to reaching max kl: 0.77
PPO progress: 1386449/1000000 (139%) | ep_rew_mean=113.92 | ep_len_mean=254 | episodes=100 | fps=132
----------------------------------------
| rollout/                |            |
|    ep_len_mean          | 259        |
|    ep_rew_mean          | 117        |
| time/                   |            |
|    fps                  | 36         |
|    iterations           | 377        |
|    time_elapsed         | 10438      |
|    total_timesteps      | 1386496    |
| train/                  |            |
|    approx_kl            | 0.39707804 |
|    clip_fraction        | 0.551      |
|    clip_range           | 0.2        |
|    clip_range_vf        | 0.2        |
|    entropy_loss         | 3.4        |
|    explained_variance   | 0.774      |
|    learning_rate        | 9.22e-05   |
|    loss                 | 0.00635    |
|    n_updates            | 7573       |
|    policy_gradient_loss | 0.00623    |
|    std                  | 0.0448     |
|    value_loss           | 0.18       |
----------------------------------------
Early stopping at step 2 due to reaching max kl: 1.25
PPO progress: 1387449/1000000 (139%) | ep_rew_mean=118.17 | ep_len_mean=259 | episodes=100 | fps=132
--------------------------------------
| rollout/                |          |
|    ep_len_mean          | 259      |
|    ep_rew_mean          | 118      |
| time/                   |          |
|    fps                  | 36       |
|    iterations           | 378      |
|    time_elapsed         | 10466    |
|    total_timesteps      | 1387520  |
| train/                  |          |
|    approx_kl            | 0.520079 |
|    clip_fraction        | 0.534    |
|    clip_range           | 0.2      |
|    clip_range_vf        | 0.2      |
|    entropy_loss         | 3.41     |
|    explained_variance   | 0.961    |
|    learning_rate        | 9.21e-05 |
|    loss                 | 0.0406   |
|    n_updates            | 7576     |
|    policy_gradient_loss | 0.025    |
|    std                  | 0.0448   |
|    value_loss           | 0.034    |
--------------------------------------
Early stopping at step 1 due to reaching max kl: 0.97
PPO progress: 1388449/1000000 (139%) | ep_rew_mean=121.75 | ep_len_mean=269 | episodes=100 | fps=132
----------------------------------------
| rollout/                |            |
|    ep_len_mean          | 269        |
|    ep_rew_mean          | 122        |
| time/                   |            |
|    fps                  | 36         |
|    iterations           | 379        |
|    time_elapsed         | 10491      |
|    total_timesteps      | 1388544    |
| train/                  |            |
|    approx_kl            | 0.41909236 |
|    clip_fraction        | 0.477      |
|    clip_range           | 0.2        |
|    clip_range_vf        | 0.2        |
|    entropy_loss         | 3.4        |
|    explained_variance   | 0.821      |
|    learning_rate        | 9.19e-05   |
|    loss                 | 0.136      |
|    n_updates            | 7578       |
|    policy_gradient_loss | 0.0129     |
|    std                  | 0.0448     |
|    value_loss           | 0.173      |
----------------------------------------
Early stopping at step 2 due to reaching max kl: 0.86
PPO progress: 1389449/1000000 (139%) | ep_rew_mean=113.54 | ep_len_mean=248 | episodes=100 | fps=132
---------------------------------------
| rollout/                |           |
|    ep_len_mean          | 248       |
|    ep_rew_mean          | 114       |
| time/                   |           |
|    fps                  | 36        |
|    iterations           | 380       |
|    time_elapsed         | 10521     |
|    total_timesteps      | 1389568   |
| train/                  |           |
|    approx_kl            | 0.5726424 |
|    clip_fraction        | 0.525     |
|    clip_range           | 0.2       |
|    clip_range_vf        | 0.2       |
|    entropy_loss         | 3.4       |
|    explained_variance   | 0.917     |
|    learning_rate        | 9.18e-05  |
|    loss                 | 0.13      |
|    n_updates            | 7581      |
|    policy_gradient_loss | 0.0225    |
|    std                  | 0.0448    |
|    value_loss           | 0.0429    |
---------------------------------------
Early stopping at step 2 due to reaching max kl: 0.96
PPO progress: 1390449/1000000 (139%) | ep_rew_mean=115.31 | ep_len_mean=255 | episodes=100 | fps=131
----------------------------------------
| rollout/                |            |
|    ep_len_mean          | 255        |
|    ep_rew_mean          | 115        |
| time/                   |            |
|    fps                  | 36         |
|    iterations           | 381        |
|    time_elapsed         | 10550      |
|    total_timesteps      | 1390592    |
| train/                  |            |
|    approx_kl            | 0.40470037 |
|    clip_fraction        | 0.48       |
|    clip_range           | 0.2        |
|    clip_range_vf        | 0.2        |
|    entropy_loss         | 3.4        |
|    explained_variance   | 0.961      |
|    learning_rate        | 9.16e-05   |
|    loss                 | -0.0325    |
|    n_updates            | 7584       |
|    policy_gradient_loss | -0.00204   |
|    std                  | 0.0449     |
|    value_loss           | 0.0217     |
----------------------------------------
Early stopping at step 2 due to reaching max kl: 2.52
PPO progress: 1391449/1000000 (139%) | ep_rew_mean=105.24 | ep_len_mean=234 | episodes=100 | fps=131
--------------------------------------
| rollout/                |          |
|    ep_len_mean          | 231      |
|    ep_rew_mean          | 104      |
| time/                   |          |
|    fps                  | 36       |
|    iterations           | 382      |
|    time_elapsed         | 10580    |
|    total_timesteps      | 1391616  |
| train/                  |          |
|    approx_kl            | 1.478156 |
|    clip_fraction        | 0.518    |
|    clip_range           | 0.2      |
|    clip_range_vf        | 0.2      |
|    entropy_loss         | 3.4      |
|    explained_variance   | 0.969    |
|    learning_rate        | 9.15e-05 |
|    loss                 | 1.29     |
|    n_updates            | 7587     |
|    policy_gradient_loss | 0.088    |
|    std                  | 0.0449   |
|    value_loss           | 0.0294   |
--------------------------------------
Early stopping at step 1 due to reaching max kl: 0.84
PPO progress: 1392449/1000000 (139%) | ep_rew_mean=99.25 | ep_len_mean=215 | episodes=100 | fps=131
----------------------------------------
| rollout/                |            |
|    ep_len_mean          | 215        |
|    ep_rew_mean          | 99.2       |
| time/                   |            |
|    fps                  | 36         |
|    iterations           | 383        |
|    time_elapsed         | 10610      |
|    total_timesteps      | 1392640    |
| train/                  |            |
|    approx_kl            | 0.53364253 |
|    clip_fraction        | 0.49       |
|    clip_range           | 0.2        |
|    clip_range_vf        | 0.2        |
|    entropy_loss         | 3.4        |
|    explained_variance   | 0.673      |
|    learning_rate        | 9.13e-05   |
|    loss                 | 0.22       |
|    n_updates            | 7589       |
|    policy_gradient_loss | 0.0612     |
|    std                  | 0.0449     |
|    value_loss           | 0.439      |
----------------------------------------
Early stopping at step 2 due to reaching max kl: 0.87
PPO progress: 1393449/1000000 (139%) | ep_rew_mean=94.59 | ep_len_mean=215 | episodes=100 | fps=131
----------------------------------------
| rollout/                |            |
|    ep_len_mean          | 215        |
|    ep_rew_mean          | 94.6       |
| time/                   |            |
|    fps                  | 36         |
|    iterations           | 384        |
|    time_elapsed         | 10638      |
|    total_timesteps      | 1393664    |
| train/                  |            |
|    approx_kl            | 0.43765414 |
|    clip_fraction        | 0.492      |
|    clip_range           | 0.2        |
|    clip_range_vf        | 0.2        |
|    entropy_loss         | 3.4        |
|    explained_variance   | 0.886      |
|    learning_rate        | 9.12e-05   |
|    loss                 | 0.133      |
|    n_updates            | 7592       |
|    policy_gradient_loss | 0.0106     |
|    std                  | 0.045      |
|    value_loss           | 0.132      |
----------------------------------------
Early stopping at step 2 due to reaching max kl: 1.10
PPO progress: 1394449/1000000 (139%) | ep_rew_mean=97.81 | ep_len_mean=215 | episodes=100 | fps=130
----------------------------------------
| rollout/                |            |
|    ep_len_mean          | 196        |
|    ep_rew_mean          | 93.4       |
| time/                   |            |
|    fps                  | 36         |
|    iterations           | 385        |
|    time_elapsed         | 10668      |
|    total_timesteps      | 1394688    |
| train/                  |            |
|    approx_kl            | 0.60516256 |
|    clip_fraction        | 0.565      |
|    clip_range           | 0.2        |
|    clip_range_vf        | 0.2        |
|    entropy_loss         | 3.4        |
|    explained_variance   | 0.957      |
|    learning_rate        | 9.1e-05    |
|    loss                 | 0.167      |
|    n_updates            | 7595       |
|    policy_gradient_loss | 0.0433     |
|    std                  | 0.045      |
|    value_loss           | 0.0431     |
----------------------------------------
Early stopping at step 3 due to reaching max kl: 2.34
PPO progress: 1395449/1000000 (140%) | ep_rew_mean=95.93 | ep_len_mean=203 | episodes=100 | fps=130
---------------------------------------
| rollout/                |           |
|    ep_len_mean          | 206       |
|    ep_rew_mean          | 98.7      |
| time/                   |           |
|    fps                  | 36        |
|    iterations           | 386       |
|    time_elapsed         | 10696     |
|    total_timesteps      | 1395712   |
| train/                  |           |
|    approx_kl            | 0.7274771 |
|    clip_fraction        | 0.478     |
|    clip_range           | 0.2       |
|    clip_range_vf        | 0.2       |
|    entropy_loss         | 3.4       |
|    explained_variance   | 0.943     |
|    learning_rate        | 9.08e-05  |
|    loss                 | -0.00601  |
|    n_updates            | 7599      |
|    policy_gradient_loss | 0.00553   |
|    std                  | 0.045     |
|    value_loss           | 0.0387    |
---------------------------------------
Early stopping at step 3 due to reaching max kl: 0.87
PPO progress: 1396449/1000000 (140%) | ep_rew_mean=96.37 | ep_len_mean=197 | episodes=100 | fps=130
---------------------------------------
| rollout/                |           |
|    ep_len_mean          | 197       |
|    ep_rew_mean          | 96.4      |
| time/                   |           |
|    fps                  | 36        |
|    iterations           | 387       |
|    time_elapsed         | 10725     |
|    total_timesteps      | 1396736   |
| train/                  |           |
|    approx_kl            | 0.5279395 |
|    clip_fraction        | 0.559     |
|    clip_range           | 0.2       |
|    clip_range_vf        | 0.2       |
|    entropy_loss         | 3.39      |
|    explained_variance   | 0.951     |
|    learning_rate        | 9.07e-05  |
|    loss                 | 0.0258    |
|    n_updates            | 7603      |
|    policy_gradient_loss | 0.00946   |
|    std                  | 0.0451    |
|    value_loss           | 0.0486    |
---------------------------------------
Early stopping at step 2 due to reaching max kl: 0.75
PPO progress: 1397449/1000000 (140%) | ep_rew_mean=97.14 | ep_len_mean=194 | episodes=100 | fps=130
----------------------------------------
| rollout/                |            |
|    ep_len_mean          | 189        |
|    ep_rew_mean          | 94.3       |
| time/                   |            |
|    fps                  | 36         |
|    iterations           | 388        |
|    time_elapsed         | 10756      |
|    total_timesteps      | 1397760    |
| train/                  |            |
|    approx_kl            | 0.40054685 |
|    clip_fraction        | 0.495      |
|    clip_range           | 0.2        |
|    clip_range_vf        | 0.2        |
|    entropy_loss         | 3.39       |
|    explained_variance   | 0.932      |
|    learning_rate        | 9.05e-05   |
|    loss                 | -0.0154    |
|    n_updates            | 7606       |
|    policy_gradient_loss | 0.0244     |
|    std                  | 0.0451     |
|    value_loss           | 0.043      |
----------------------------------------
Early stopping at step 1 due to reaching max kl: 0.77
PPO progress: 1398449/1000000 (140%) | ep_rew_mean=89.78 | ep_len_mean=169 | episodes=100 | fps=129
----------------------------------------
| rollout/                |            |
|    ep_len_mean          | 169        |
|    ep_rew_mean          | 89.8       |
| time/                   |            |
|    fps                  | 36         |
|    iterations           | 389        |
|    time_elapsed         | 10786      |
|    total_timesteps      | 1398784    |
| train/                  |            |
|    approx_kl            | 0.52945346 |
|    clip_fraction        | 0.521      |
|    clip_range           | 0.2        |
|    clip_range_vf        | 0.2        |
|    entropy_loss         | 3.39       |
|    explained_variance   | 0.872      |
|    learning_rate        | 9.04e-05   |
|    loss                 | 0.0779     |
|    n_updates            | 7608       |
|    policy_gradient_loss | 0.0503     |
|    std                  | 0.0451     |
|    value_loss           | 0.131      |
----------------------------------------
Early stopping at step 1 due to reaching max kl: 0.77
PPO progress: 1399449/1000000 (140%) | ep_rew_mean=90.52 | ep_len_mean=178 | episodes=100 | fps=129
---------------------------------------
| rollout/                |           |
|    ep_len_mean          | 178       |
|    ep_rew_mean          | 90.5      |
| time/                   |           |
|    fps                  | 36        |
|    iterations           | 390       |
|    time_elapsed         | 10811     |
|    total_timesteps      | 1399808   |
| train/                  |           |
|    approx_kl            | 0.5752216 |
|    clip_fraction        | 0.438     |
|    clip_range           | 0.2       |
|    clip_range_vf        | 0.2       |
|    entropy_loss         | 3.39      |
|    explained_variance   | 0.949     |
|    learning_rate        | 9.02e-05  |
|    loss                 | 0.00482   |
|    n_updates            | 7610      |
|    policy_gradient_loss | 0.114     |
|    std                  | 0.0451    |
|    value_loss           | 0.0535    |
---------------------------------------
Early stopping at step 5 due to reaching max kl: 0.79
PPO progress: 1400449/1000000 (140%) | ep_rew_mean=88.53 | ep_len_mean=179 | episodes=100 | fps=129
----------------------------------------
| rollout/                |            |
|    ep_len_mean          | 179        |
|    ep_rew_mean          | 88.5       |
| time/                   |            |
|    fps                  | 36         |
|    iterations           | 391        |
|    time_elapsed         | 10837      |
|    total_timesteps      | 1400832    |
| train/                  |            |
|    approx_kl            | 0.43372852 |
|    clip_fraction        | 0.582      |
|    clip_range           | 0.2        |
|    clip_range_vf        | 0.2        |
|    entropy_loss         | 3.39       |
|    explained_variance   | 0.958      |
|    learning_rate        | 9.01e-05   |
|    loss                 | 0.0589     |
|    n_updates            | 7616       |
|    policy_gradient_loss | -0.00074   |
|    std                  | 0.0452     |
|    value_loss           | 0.0152     |
----------------------------------------
Early stopping at step 2 due to reaching max kl: 0.78
PPO progress: 1401449/1000000 (140%) | ep_rew_mean=89.27 | ep_len_mean=186 | episodes=100 | fps=129
----------------------------------------
| rollout/                |            |
|    ep_len_mean          | 186        |
|    ep_rew_mean          | 89.3       |
| time/                   |            |
|    fps                  | 36         |
|    iterations           | 392        |
|    time_elapsed         | 10867      |
|    total_timesteps      | 1401856    |
| train/                  |            |
|    approx_kl            | 0.70655245 |
|    clip_fraction        | 0.51       |
|    clip_range           | 0.2        |
|    clip_range_vf        | 0.2        |
|    entropy_loss         | 3.39       |
|    explained_variance   | 0.867      |
|    learning_rate        | 8.99e-05   |
|    loss                 | 0.12       |
|    n_updates            | 7619       |
|    policy_gradient_loss | 0.0488     |
|    std                  | 0.0452     |
|    value_loss           | 0.116      |
----------------------------------------
Early stopping at step 3 due to reaching max kl: 0.98
PPO progress: 1402449/1000000 (140%) | ep_rew_mean=93.26 | ep_len_mean=196 | episodes=100 | fps=128
---------------------------------------
| rollout/                |           |
|    ep_len_mean          | 196       |
|    ep_rew_mean          | 93.3      |
| time/                   |           |
|    fps                  | 36        |
|    iterations           | 393       |
|    time_elapsed         | 10893     |
|    total_timesteps      | 1402880   |
| train/                  |           |
|    approx_kl            | 0.4904453 |
|    clip_fraction        | 0.562     |
|    clip_range           | 0.2       |
|    clip_range_vf        | 0.2       |
|    entropy_loss         | 3.38      |
|    explained_variance   | 0.972     |
|    learning_rate        | 8.98e-05  |
|    loss                 | -0.0401   |
|    n_updates            | 7623      |
|    policy_gradient_loss | -0.0021   |
|    std                  | 0.0453    |
|    value_loss           | 0.0199    |
---------------------------------------
PPO progress: 1403449/1000000 (140%) | ep_rew_mean=93.69 | ep_len_mean=200 | episodes=100 | fps=128
----------------------------------------
| rollout/                |            |
|    ep_len_mean          | 200        |
|    ep_rew_mean          | 93.7       |
| time/                   |            |
|    fps                  | 36         |
|    iterations           | 394        |
|    time_elapsed         | 10922      |
|    total_timesteps      | 1403904    |
| train/                  |            |
|    approx_kl            | 0.28781846 |
|    clip_fraction        | 0.593      |
|    clip_range           | 0.2        |
|    clip_range_vf        | 0.2        |
|    entropy_loss         | 3.38       |
|    explained_variance   | 0.963      |
|    learning_rate        | 8.96e-05   |
|    loss                 | -0.0391    |
|    n_updates            | 7633       |
|    policy_gradient_loss | -0.0508    |
|    std                  | 0.045      |
|    value_loss           | 0.0129     |
----------------------------------------
Early stopping at step 1 due to reaching max kl: 1.47
PPO progress: 1404449/1000000 (140%) | ep_rew_mean=96.29 | ep_len_mean=210 | episodes=100 | fps=128
----------------------------------------
| rollout/                |            |
|    ep_len_mean          | 210        |
|    ep_rew_mean          | 96.3       |
| time/                   |            |
|    fps                  | 36         |
|    iterations           | 395        |
|    time_elapsed         | 10947      |
|    total_timesteps      | 1404928    |
| train/                  |            |
|    approx_kl            | 0.44617876 |
|    clip_fraction        | 0.435      |
|    clip_range           | 0.2        |
|    clip_range_vf        | 0.2        |
|    entropy_loss         | 3.39       |
|    explained_variance   | 0.917      |
|    learning_rate        | 8.95e-05   |
|    loss                 | 0.0949     |
|    n_updates            | 7635       |
|    policy_gradient_loss | 0.0149     |
|    std                  | 0.045      |
|    value_loss           | 0.0931     |
----------------------------------------
Early stopping at step 2 due to reaching max kl: 1.06
PPO progress: 1405449/1000000 (141%) | ep_rew_mean=100.87 | ep_len_mean=220 | episodes=100 | fps=128
---------------------------------------
| rollout/                |           |
|    ep_len_mean          | 220       |
|    ep_rew_mean          | 101       |
| time/                   |           |
|    fps                  | 36        |
|    iterations           | 396       |
|    time_elapsed         | 10973     |
|    total_timesteps      | 1405952   |
| train/                  |           |
|    approx_kl            | 1.0643585 |
|    clip_fraction        | 0.518     |
|    clip_range           | 0.2       |
|    clip_range_vf        | 0.2       |
|    entropy_loss         | 3.39      |
|    explained_variance   | 0.981     |
|    learning_rate        | 8.93e-05  |
|    loss                 | 0.0755    |
|    n_updates            | 7638      |
|    policy_gradient_loss | 0.0309    |
|    std                  | 0.0451    |
|    value_loss           | 0.0139    |
---------------------------------------
Early stopping at step 2 due to reaching max kl: 0.79
PPO progress: 1406449/1000000 (141%) | ep_rew_mean=100.66 | ep_len_mean=217 | episodes=100 | fps=127
----------------------------------------
| rollout/                |            |
|    ep_len_mean          | 221        |
|    ep_rew_mean          | 103        |
| time/                   |            |
|    fps                  | 36         |
|    iterations           | 397        |
|    time_elapsed         | 11002      |
|    total_timesteps      | 1406976    |
| train/                  |            |
|    approx_kl            | 0.45465985 |
|    clip_fraction        | 0.555      |
|    clip_range           | 0.2        |
|    clip_range_vf        | 0.2        |
|    entropy_loss         | 3.39       |
|    explained_variance   | 0.969      |
|    learning_rate        | 8.92e-05   |
|    loss                 | 0.0551     |
|    n_updates            | 7641       |
|    policy_gradient_loss | 0.0178     |
|    std                  | 0.0451     |
|    value_loss           | 0.0188     |
----------------------------------------
Early stopping at step 2 due to reaching max kl: 0.78
PPO progress: 1407449/1000000 (141%) | ep_rew_mean=102.93 | ep_len_mean=221 | episodes=100 | fps=127
----------------------------------------
| rollout/                |            |
|    ep_len_mean          | 227        |
|    ep_rew_mean          | 104        |
| time/                   |            |
|    fps                  | 36         |
|    iterations           | 398        |
|    time_elapsed         | 11028      |
|    total_timesteps      | 1408000    |
| train/                  |            |
|    approx_kl            | 0.62716526 |
|    clip_fraction        | 0.558      |
|    clip_range           | 0.2        |
|    clip_range_vf        | 0.2        |
|    entropy_loss         | 3.39       |
|    explained_variance   | 0.935      |
|    learning_rate        | 8.9e-05    |
|    loss                 | 0.0402     |
|    n_updates            | 7644       |
|    policy_gradient_loss | 0.0253     |
|    std                  | 0.0451     |
|    value_loss           | 0.0788     |
----------------------------------------
Early stopping at step 2 due to reaching max kl: 1.04
PPO progress: 1408449/1000000 (141%) | ep_rew_mean=104.55 | ep_len_mean=229 | episodes=100 | fps=127
----------------------------------------
| rollout/                |            |
|    ep_len_mean          | 229        |
|    ep_rew_mean          | 105        |
| time/                   |            |
|    fps                  | 36         |
|    iterations           | 399        |
|    time_elapsed         | 11054      |
|    total_timesteps      | 1409024    |
| train/                  |            |
|    approx_kl            | 0.34576407 |
|    clip_fraction        | 0.51       |
|    clip_range           | 0.2        |
|    clip_range_vf        | 0.2        |
|    entropy_loss         | 3.39       |
|    explained_variance   | 0.701      |
|    learning_rate        | 8.88e-05   |
|    loss                 | 0.0454     |
|    n_updates            | 7647       |
|    policy_gradient_loss | 0.0325     |
|    std                  | 0.0451     |
|    value_loss           | 0.148      |
----------------------------------------
Early stopping at step 3 due to reaching max kl: 0.94
PPO progress: 1409449/1000000 (141%) | ep_rew_mean=105.13 | ep_len_mean=235 | episodes=100 | fps=127
---------------------------------------
| rollout/                |           |
|    ep_len_mean          | 238       |
|    ep_rew_mean          | 108       |
| time/                   |           |
|    fps                  | 36        |
|    iterations           | 400       |
|    time_elapsed         | 11084     |
|    total_timesteps      | 1410048   |
| train/                  |           |
|    approx_kl            | 0.6082747 |
|    clip_fraction        | 0.577     |
|    clip_range           | 0.2       |
|    clip_range_vf        | 0.2       |
|    entropy_loss         | 3.39      |
|    explained_variance   | 0.95      |
|    learning_rate        | 8.87e-05  |
|    loss                 | -0.0467   |
|    n_updates            | 7651      |
|    policy_gradient_loss | 0.00718   |
|    std                  | 0.0452    |
|    value_loss           | 0.0427    |
---------------------------------------
Early stopping at step 4 due to reaching max kl: 0.75
PPO progress: 1410449/1000000 (141%) | ep_rew_mean=107.68 | ep_len_mean=238 | episodes=100 | fps=127
---------------------------------------
| rollout/                |           |
|    ep_len_mean          | 243       |
|    ep_rew_mean          | 107       |
| time/                   |           |
|    fps                  | 36        |
|    iterations           | 401       |
|    time_elapsed         | 11111     |
|    total_timesteps      | 1411072   |
| train/                  |           |
|    approx_kl            | 0.4534745 |
|    clip_fraction        | 0.607     |
|    clip_range           | 0.2       |
|    clip_range_vf        | 0.2       |
|    entropy_loss         | 3.38      |
|    explained_variance   | 0.965     |
|    learning_rate        | 8.85e-05  |
|    loss                 | 0.054     |
|    n_updates            | 7656      |
|    policy_gradient_loss | 0.00138   |
|    std                  | 0.0452    |
|    value_loss           | 0.0295    |
---------------------------------------
Early stopping at step 2 due to reaching max kl: 0.91
PPO progress: 1411449/1000000 (141%) | ep_rew_mean=104.78 | ep_len_mean=239 | episodes=100 | fps=126
---------------------------------------
| rollout/                |           |
|    ep_len_mean          | 231       |
|    ep_rew_mean          | 103       |
| time/                   |           |
|    fps                  | 36        |
|    iterations           | 402       |
|    time_elapsed         | 11143     |
|    total_timesteps      | 1412096   |
| train/                  |           |
|    approx_kl            | 0.9093933 |
|    clip_fraction        | 0.433     |
|    clip_range           | 0.2       |
|    clip_range_vf        | 0.2       |
|    entropy_loss         | 3.38      |
|    explained_variance   | 0.976     |
|    learning_rate        | 8.84e-05  |
|    loss                 | 0.0626    |
|    n_updates            | 7659      |
|    policy_gradient_loss | -0.000879 |
|    std                  | 0.0452    |
|    value_loss           | 0.022     |
---------------------------------------
Early stopping at step 3 due to reaching max kl: 0.78
PPO progress: 1412449/1000000 (141%) | ep_rew_mean=103.15 | ep_len_mean=231 | episodes=100 | fps=126
---------------------------------------
| rollout/                |           |
|    ep_len_mean          | 231       |
|    ep_rew_mean          | 103       |
| time/                   |           |
|    fps                  | 36        |
|    iterations           | 403       |
|    time_elapsed         | 11169     |
|    total_timesteps      | 1413120   |
| train/                  |           |
|    approx_kl            | 0.3737277 |
|    clip_fraction        | 0.514     |
|    clip_range           | 0.2       |
|    clip_range_vf        | 0.2       |
|    entropy_loss         | 3.38      |
|    explained_variance   | 0.919     |
|    learning_rate        | 8.82e-05  |
|    loss                 | 0.0231    |
|    n_updates            | 7663      |
|    policy_gradient_loss | -0.0197   |
|    std                  | 0.0452    |
|    value_loss           | 0.0816    |
---------------------------------------
Early stopping at step 4 due to reaching max kl: 1.76
PPO progress: 1413449/1000000 (141%) | ep_rew_mean=101.56 | ep_len_mean=229 | episodes=100 | fps=126
---------------------------------------
| rollout/                |           |
|    ep_len_mean          | 230       |
|    ep_rew_mean          | 104       |
| time/                   |           |
|    fps                  | 36        |
|    iterations           | 404       |
|    time_elapsed         | 11200     |
|    total_timesteps      | 1414144   |
| train/                  |           |
|    approx_kl            | 0.5566627 |
|    clip_fraction        | 0.579     |
|    clip_range           | 0.2       |
|    clip_range_vf        | 0.2       |
|    entropy_loss         | 3.38      |
|    explained_variance   | 0.972     |
|    learning_rate        | 8.81e-05  |
|    loss                 | 0.115     |
|    n_updates            | 7668      |
|    policy_gradient_loss | -0.00725  |
|    std                  | 0.0452    |
|    value_loss           | 0.018     |
---------------------------------------
Early stopping at step 2 due to reaching max kl: 1.34
PPO progress: 1414449/1000000 (141%) | ep_rew_mean=103.60 | ep_len_mean=230 | episodes=100 | fps=126
---------------------------------------
| rollout/                |           |
|    ep_len_mean          | 237       |
|    ep_rew_mean          | 109       |
| time/                   |           |
|    fps                  | 36        |
|    iterations           | 405       |
|    time_elapsed         | 11227     |
|    total_timesteps      | 1415168   |
| train/                  |           |
|    approx_kl            | 0.4901485 |
|    clip_fraction        | 0.507     |
|    clip_range           | 0.2       |
|    clip_range_vf        | 0.2       |
|    entropy_loss         | 3.38      |
|    explained_variance   | 0.709     |
|    learning_rate        | 8.79e-05  |
|    loss                 | 0.0892    |
|    n_updates            | 7671      |
|    policy_gradient_loss | 0.0285    |
|    std                  | 0.0453    |
|    value_loss           | 0.282     |
---------------------------------------
PPO progress: 1415449/1000000 (142%) | ep_rew_mean=108.54 | ep_len_mean=237 | episodes=100 | fps=125
----------------------------------------
| rollout/                |            |
|    ep_len_mean          | 243        |
|    ep_rew_mean          | 111        |
| time/                   |            |
|    fps                  | 36         |
|    iterations           | 406        |
|    time_elapsed         | 11257      |
|    total_timesteps      | 1416192    |
| train/                  |            |
|    approx_kl            | 0.29524857 |
|    clip_fraction        | 0.564      |
|    clip_range           | 0.2        |
|    clip_range_vf        | 0.2        |
|    entropy_loss         | 3.38       |
|    explained_variance   | 0.964      |
|    learning_rate        | 8.78e-05   |
|    loss                 | 0.00852    |
|    n_updates            | 7681       |
|    policy_gradient_loss | -0.0458    |
|    std                  | 0.0452     |
|    value_loss           | 0.0198     |
----------------------------------------
Early stopping at step 1 due to reaching max kl: 1.01
PPO progress: 1416449/1000000 (142%) | ep_rew_mean=110.99 | ep_len_mean=243 | episodes=100 | fps=125
----------------------------------------
| rollout/                |            |
|    ep_len_mean          | 225        |
|    ep_rew_mean          | 106        |
| time/                   |            |
|    fps                  | 36         |
|    iterations           | 407        |
|    time_elapsed         | 11287      |
|    total_timesteps      | 1417216    |
| train/                  |            |
|    approx_kl            | 0.34741524 |
|    clip_fraction        | 0.387      |
|    clip_range           | 0.2        |
|    clip_range_vf        | 0.2        |
|    entropy_loss         | 3.39       |
|    explained_variance   | 0.711      |
|    learning_rate        | 8.76e-05   |
|    loss                 | 0.211      |
|    n_updates            | 7683       |
|    policy_gradient_loss | 0.0733     |
|    std                  | 0.0452     |
|    value_loss           | 0.162      |
----------------------------------------
Early stopping at step 5 due to reaching max kl: 0.79
PPO progress: 1417449/1000000 (142%) | ep_rew_mean=106.70 | ep_len_mean=228 | episodes=100 | fps=125
---------------------------------------
| rollout/                |           |
|    ep_len_mean          | 229       |
|    ep_rew_mean          | 110       |
| time/                   |           |
|    fps                  | 36        |
|    iterations           | 408       |
|    time_elapsed         | 11320     |
|    total_timesteps      | 1418240   |
| train/                  |           |
|    approx_kl            | 0.5751621 |
|    clip_fraction        | 0.539     |
|    clip_range           | 0.2       |
|    clip_range_vf        | 0.2       |
|    entropy_loss         | 3.38      |
|    explained_variance   | 0.859     |
|    learning_rate        | 8.75e-05  |
|    loss                 | 0.0258    |
|    n_updates            | 7689      |
|    policy_gradient_loss | -0.0168   |
|    std                  | 0.0452    |
|    value_loss           | 0.129     |
---------------------------------------
Early stopping at step 2 due to reaching max kl: 0.89
PPO progress: 1418449/1000000 (142%) | ep_rew_mean=109.65 | ep_len_mean=229 | episodes=100 | fps=125
---------------------------------------
| rollout/                |           |
|    ep_len_mean          | 233       |
|    ep_rew_mean          | 111       |
| time/                   |           |
|    fps                  | 36        |
|    iterations           | 409       |
|    time_elapsed         | 11345     |
|    total_timesteps      | 1419264   |
| train/                  |           |
|    approx_kl            | 0.4557738 |
|    clip_fraction        | 0.471     |
|    clip_range           | 0.2       |
|    clip_range_vf        | 0.2       |
|    entropy_loss         | 3.38      |
|    explained_variance   | 0.96      |
|    learning_rate        | 8.73e-05  |
|    loss                 | 0.00754   |
|    n_updates            | 7692      |
|    policy_gradient_loss | 0.00769   |
|    std                  | 0.0452    |
|    value_loss           | 0.035     |
---------------------------------------
Early stopping at step 3 due to reaching max kl: 1.52
PPO progress: 1419449/1000000 (142%) | ep_rew_mean=110.91 | ep_len_mean=233 | episodes=100 | fps=125
---------------------------------------
| rollout/                |           |
|    ep_len_mean          | 232       |
|    ep_rew_mean          | 111       |
| time/                   |           |
|    fps                  | 36        |
|    iterations           | 410       |
|    time_elapsed         | 11371     |
|    total_timesteps      | 1420288   |
| train/                  |           |
|    approx_kl            | 0.6360636 |
|    clip_fraction        | 0.511     |
|    clip_range           | 0.2       |
|    clip_range_vf        | 0.2       |
|    entropy_loss         | 3.38      |
|    explained_variance   | 0.956     |
|    learning_rate        | 8.72e-05  |
|    loss                 | 0.0236    |
|    n_updates            | 7696      |
|    policy_gradient_loss | -0.00812  |
|    std                  | 0.0453    |
|    value_loss           | 0.0309    |
---------------------------------------
Early stopping at step 1 due to reaching max kl: 1.54
PPO progress: 1420449/1000000 (142%) | ep_rew_mean=111.47 | ep_len_mean=232 | episodes=100 | fps=124
--------------------------------------
| rollout/                |          |
|    ep_len_mean          | 234      |
|    ep_rew_mean          | 111      |
| time/                   |          |
|    fps                  | 36       |
|    iterations           | 411      |
|    time_elapsed         | 11398    |
|    total_timesteps      | 1421312  |
| train/                  |          |
|    approx_kl            | 0.520377 |
|    clip_fraction        | 0.371    |
|    clip_range           | 0.2      |
|    clip_range_vf        | 0.2      |
|    entropy_loss         | 3.38     |
|    explained_variance   | 0.969    |
|    learning_rate        | 8.7e-05  |
|    loss                 | -0.00697 |
|    n_updates            | 7698     |
|    policy_gradient_loss | 0.0267   |
|    std                  | 0.0453   |
|    value_loss           | 0.018    |
--------------------------------------
Early stopping at step 3 due to reaching max kl: 0.97
PPO progress: 1421449/1000000 (142%) | ep_rew_mean=111.39 | ep_len_mean=236 | episodes=100 | fps=124
---------------------------------------
| rollout/                |           |
|    ep_len_mean          | 231       |
|    ep_rew_mean          | 115       |
| time/                   |           |
|    fps                  | 36        |
|    iterations           | 412       |
|    time_elapsed         | 11428     |
|    total_timesteps      | 1422336   |
| train/                  |           |
|    approx_kl            | 0.5103145 |
|    clip_fraction        | 0.558     |
|    clip_range           | 0.2       |
|    clip_range_vf        | 0.2       |
|    entropy_loss         | 3.38      |
|    explained_variance   | 0.872     |
|    learning_rate        | 8.69e-05  |
|    loss                 | 0.0177    |
|    n_updates            | 7702      |
|    policy_gradient_loss | 0.00588   |
|    std                  | 0.0453    |
|    value_loss           | 0.0806    |
---------------------------------------
Early stopping at step 1 due to reaching max kl: 0.78
PPO progress: 1422449/1000000 (142%) | ep_rew_mean=111.13 | ep_len_mean=213 | episodes=100 | fps=124
----------------------------------------
| rollout/                |            |
|    ep_len_mean          | 220        |
|    ep_rew_mean          | 115        |
| time/                   |            |
|    fps                  | 36         |
|    iterations           | 413        |
|    time_elapsed         | 11456      |
|    total_timesteps      | 1423360    |
| train/                  |            |
|    approx_kl            | 0.30238104 |
|    clip_fraction        | 0.482      |
|    clip_range           | 0.2        |
|    clip_range_vf        | 0.2        |
|    entropy_loss         | 3.38       |
|    explained_variance   | 0.799      |
|    learning_rate        | 8.67e-05   |
|    loss                 | 0.32       |
|    n_updates            | 7704       |
|    policy_gradient_loss | 0.0496     |
|    std                  | 0.0453     |
|    value_loss           | 0.231      |
----------------------------------------
Early stopping at step 3 due to reaching max kl: 0.79
PPO progress: 1423449/1000000 (142%) | ep_rew_mean=114.87 | ep_len_mean=220 | episodes=100 | fps=124
----------------------------------------
| rollout/                |            |
|    ep_len_mean          | 211        |
|    ep_rew_mean          | 109        |
| time/                   |            |
|    fps                  | 36         |
|    iterations           | 414        |
|    time_elapsed         | 11485      |
|    total_timesteps      | 1424384    |
| train/                  |            |
|    approx_kl            | 0.36450547 |
|    clip_fraction        | 0.516      |
|    clip_range           | 0.2        |
|    clip_range_vf        | 0.2        |
|    entropy_loss         | 3.38       |
|    explained_variance   | 0.787      |
|    learning_rate        | 8.65e-05   |
|    loss                 | 0.121      |
|    n_updates            | 7708       |
|    policy_gradient_loss | -0.0165    |
|    std                  | 0.0453     |
|    value_loss           | 0.184      |
----------------------------------------
Early stopping at step 4 due to reaching max kl: 0.94
PPO progress: 1424449/1000000 (142%) | ep_rew_mean=108.67 | ep_len_mean=211 | episodes=100 | fps=123
----------------------------------------
| rollout/                |            |
|    ep_len_mean          | 217        |
|    ep_rew_mean          | 112        |
| time/                   |            |
|    fps                  | 36         |
|    iterations           | 415        |
|    time_elapsed         | 11513      |
|    total_timesteps      | 1425408    |
| train/                  |            |
|    approx_kl            | 0.34387204 |
|    clip_fraction        | 0.561      |
|    clip_range           | 0.2        |
|    clip_range_vf        | 0.2        |
|    entropy_loss         | 3.38       |
|    explained_variance   | 0.956      |
|    learning_rate        | 8.64e-05   |
|    loss                 | 0.0198     |
|    n_updates            | 7713       |
|    policy_gradient_loss | 0.00978    |
|    std                  | 0.0453     |
|    value_loss           | 0.0117     |
----------------------------------------
PPO progress: 1425449/1000000 (143%) | ep_rew_mean=114.11 | ep_len_mean=221 | episodes=100 | fps=123
----------------------------------------
| rollout/                |            |
|    ep_len_mean          | 208        |
|    ep_rew_mean          | 112        |
| time/                   |            |
|    fps                  | 36         |
|    iterations           | 416        |
|    time_elapsed         | 11541      |
|    total_timesteps      | 1426432    |
| train/                  |            |
|    approx_kl            | 0.41188797 |
|    clip_fraction        | 0.652      |
|    clip_range           | 0.2        |
|    clip_range_vf        | 0.2        |
|    entropy_loss         | 3.38       |
|    explained_variance   | 0.969      |
|    learning_rate        | 8.62e-05   |
|    loss                 | -0.103     |
|    n_updates            | 7723       |
|    policy_gradient_loss | -0.0699    |
|    std                  | 0.0452     |
|    value_loss           | 0.0132     |
----------------------------------------
Early stopping at step 6 due to reaching max kl: 0.79
PPO progress: 1426449/1000000 (143%) | ep_rew_mean=111.74 | ep_len_mean=208 | episodes=100 | fps=123
PPO progress: 1427449/1000000 (143%) | ep_rew_mean=115.01 | ep_len_mean=210 | episodes=100 | fps=123
----------------------------------------
| rollout/                |            |
|    ep_len_mean          | 210        |
|    ep_rew_mean          | 115        |
| time/                   |            |
|    fps                  | 36         |
|    iterations           | 417        |
|    time_elapsed         | 11568      |
|    total_timesteps      | 1427456    |
| train/                  |            |
|    approx_kl            | 0.45288163 |
|    clip_fraction        | 0.615      |
|    clip_range           | 0.2        |
|    clip_range_vf        | 0.2        |
|    entropy_loss         | 3.39       |
|    explained_variance   | 0.899      |
|    learning_rate        | 8.61e-05   |
|    loss                 | -0.0593    |
|    n_updates            | 7730       |
|    policy_gradient_loss | -0.0379    |
|    std                  | 0.0452     |
|    value_loss           | 0.0677     |
----------------------------------------
Early stopping at step 1 due to reaching max kl: 1.00
PPO progress: 1428449/1000000 (143%) | ep_rew_mean=112.48 | ep_len_mean=201 | episodes=100 | fps=123
----------------------------------------
| rollout/                |            |
|    ep_len_mean          | 201        |
|    ep_rew_mean          | 112        |
| time/                   |            |
|    fps                  | 36         |
|    iterations           | 418        |
|    time_elapsed         | 11599      |
|    total_timesteps      | 1428480    |
| train/                  |            |
|    approx_kl            | 0.69387585 |
|    clip_fraction        | 0.492      |
|    clip_range           | 0.2        |
|    clip_range_vf        | 0.2        |
|    entropy_loss         | 3.39       |
|    explained_variance   | 0.97       |
|    learning_rate        | 8.59e-05   |
|    loss                 | 0.137      |
|    n_updates            | 7732       |
|    policy_gradient_loss | 0.0671     |
|    std                  | 0.0452     |
|    value_loss           | 0.0264     |
----------------------------------------
Early stopping at step 3 due to reaching max kl: 1.02
PPO progress: 1429449/1000000 (143%) | ep_rew_mean=120.86 | ep_len_mean=213 | episodes=100 | fps=122
---------------------------------------
| rollout/                |           |
|    ep_len_mean          | 213       |
|    ep_rew_mean          | 121       |
| time/                   |           |
|    fps                  | 36        |
|    iterations           | 419       |
|    time_elapsed         | 11625     |
|    total_timesteps      | 1429504   |
| train/                  |           |
|    approx_kl            | 0.2544359 |
|    clip_fraction        | 0.445     |
|    clip_range           | 0.2       |
|    clip_range_vf        | 0.2       |
|    entropy_loss         | 3.39      |
|    explained_variance   | 0.966     |
|    learning_rate        | 8.58e-05  |
|    loss                 | -0.0168   |
|    n_updates            | 7736      |
|    policy_gradient_loss | 0.0036    |
|    std                  | 0.0452    |
|    value_loss           | 0.0236    |
---------------------------------------
Early stopping at step 6 due to reaching max kl: 0.82
PPO progress: 1430449/1000000 (143%) | ep_rew_mean=121.23 | ep_len_mean=208 | episodes=100 | fps=122
----------------------------------------
| rollout/                |            |
|    ep_len_mean          | 208        |
|    ep_rew_mean          | 121        |
| time/                   |            |
|    fps                  | 36         |
|    iterations           | 420        |
|    time_elapsed         | 11650      |
|    total_timesteps      | 1430528    |
| train/                  |            |
|    approx_kl            | 0.40977517 |
|    clip_fraction        | 0.545      |
|    clip_range           | 0.2        |
|    clip_range_vf        | 0.2        |
|    entropy_loss         | 3.39       |
|    explained_variance   | 0.911      |
|    learning_rate        | 8.56e-05   |
|    loss                 | 0.0159     |
|    n_updates            | 7743       |
|    policy_gradient_loss | -0.0328    |
|    std                  | 0.0452     |
|    value_loss           | 0.0664     |
----------------------------------------
Early stopping at step 4 due to reaching max kl: 1.07
PPO progress: 1431449/1000000 (143%) | ep_rew_mean=124.26 | ep_len_mean=218 | episodes=100 | fps=122
----------------------------------------
| rollout/                |            |
|    ep_len_mean          | 218        |
|    ep_rew_mean          | 124        |
| time/                   |            |
|    fps                  | 36         |
|    iterations           | 421        |
|    time_elapsed         | 11676      |
|    total_timesteps      | 1431552    |
| train/                  |            |
|    approx_kl            | 0.67896074 |
|    clip_fraction        | 0.528      |
|    clip_range           | 0.2        |
|    clip_range_vf        | 0.2        |
|    entropy_loss         | 3.39       |
|    explained_variance   | 0.961      |
|    learning_rate        | 8.55e-05   |
|    loss                 | -0.0185    |
|    n_updates            | 7748       |
|    policy_gradient_loss | -0.0203    |
|    std                  | 0.0452     |
|    value_loss           | 0.0332     |
----------------------------------------
Early stopping at step 4 due to reaching max kl: 0.77
PPO progress: 1432449/1000000 (143%) | ep_rew_mean=124.99 | ep_len_mean=211 | episodes=100 | fps=122
---------------------------------------
| rollout/                |           |
|    ep_len_mean          | 211       |
|    ep_rew_mean          | 125       |
| time/                   |           |
|    fps                  | 36        |
|    iterations           | 422       |
|    time_elapsed         | 11709     |
|    total_timesteps      | 1432576   |
| train/                  |           |
|    approx_kl            | 0.3343926 |
|    clip_fraction        | 0.58      |
|    clip_range           | 0.2       |
|    clip_range_vf        | 0.2       |
|    entropy_loss         | 3.39      |
|    explained_variance   | 0.988     |
|    learning_rate        | 8.53e-05  |
|    loss                 | -0.0424   |
|    n_updates            | 7753      |
|    policy_gradient_loss | 0.00372   |
|    std                  | 0.0452    |
|    value_loss           | 0.00896   |
---------------------------------------
Early stopping at step 2 due to reaching max kl: 1.88
PPO progress: 1433449/1000000 (143%) | ep_rew_mean=122.68 | ep_len_mean=203 | episodes=100 | fps=122
---------------------------------------
| rollout/                |           |
|    ep_len_mean          | 203       |
|    ep_rew_mean          | 123       |
| time/                   |           |
|    fps                  | 36        |
|    iterations           | 423       |
|    time_elapsed         | 11741     |
|    total_timesteps      | 1433600   |
| train/                  |           |
|    approx_kl            | 0.6012183 |
|    clip_fraction        | 0.496     |
|    clip_range           | 0.2       |
|    clip_range_vf        | 0.2       |
|    entropy_loss         | 3.39      |
|    explained_variance   | 0.964     |
|    learning_rate        | 8.52e-05  |
|    loss                 | 0.0384    |
|    n_updates            | 7756      |
|    policy_gradient_loss | 0.00499   |
|    std                  | 0.0452    |
|    value_loss           | 0.0418    |
---------------------------------------
Early stopping at step 1 due to reaching max kl: 1.76
PPO progress: 1434449/1000000 (143%) | ep_rew_mean=125.37 | ep_len_mean=207 | episodes=100 | fps=121
--------------------------------------
| rollout/                |          |
|    ep_len_mean          | 206      |
|    ep_rew_mean          | 123      |
| time/                   |          |
|    fps                  | 36       |
|    iterations           | 424      |
|    time_elapsed         | 11771    |
|    total_timesteps      | 1434624  |
| train/                  |          |
|    approx_kl            | 0.637967 |
|    clip_fraction        | 0.457    |
|    clip_range           | 0.2      |
|    clip_range_vf        | 0.2      |
|    entropy_loss         | 3.39     |
|    explained_variance   | 0.859    |
|    learning_rate        | 8.5e-05  |
|    loss                 | 0.212    |
|    n_updates            | 7758     |
|    policy_gradient_loss | 0.0365   |
|    std                  | 0.0452   |
|    value_loss           | 0.141    |
--------------------------------------
Early stopping at step 2 due to reaching max kl: 0.97
PPO progress: 1435449/1000000 (144%) | ep_rew_mean=123.46 | ep_len_mean=206 | episodes=100 | fps=121
---------------------------------------
| rollout/                |           |
|    ep_len_mean          | 216       |
|    ep_rew_mean          | 126       |
| time/                   |           |
|    fps                  | 36        |
|    iterations           | 425       |
|    time_elapsed         | 11797     |
|    total_timesteps      | 1435648   |
| train/                  |           |
|    approx_kl            | 0.5183747 |
|    clip_fraction        | 0.502     |
|    clip_range           | 0.2       |
|    clip_range_vf        | 0.2       |
|    entropy_loss         | 3.39      |
|    explained_variance   | 0.964     |
|    learning_rate        | 8.49e-05  |
|    loss                 | 0.0738    |
|    n_updates            | 7761      |
|    policy_gradient_loss | 0.000145  |
|    std                  | 0.0452    |
|    value_loss           | 0.0289    |
---------------------------------------
Early stopping at step 1 due to reaching max kl: 0.82
PPO progress: 1436449/1000000 (144%) | ep_rew_mean=117.31 | ep_len_mean=203 | episodes=100 | fps=121
----------------------------------------
| rollout/                |            |
|    ep_len_mean          | 206        |
|    ep_rew_mean          | 119        |
| time/                   |            |
|    fps                  | 36         |
|    iterations           | 426        |
|    time_elapsed         | 11827      |
|    total_timesteps      | 1436672    |
| train/                  |            |
|    approx_kl            | 0.51068133 |
|    clip_fraction        | 0.534      |
|    clip_range           | 0.2        |
|    clip_range_vf        | 0.2        |
|    entropy_loss         | 3.39       |
|    explained_variance   | 0.904      |
|    learning_rate        | 8.47e-05   |
|    loss                 | 0.0669     |
|    n_updates            | 7763       |
|    policy_gradient_loss | 0.0145     |
|    std                  | 0.0452     |
|    value_loss           | 0.087      |
----------------------------------------
Early stopping at step 1 due to reaching max kl: 0.87
PPO progress: 1437449/1000000 (144%) | ep_rew_mean=122.58 | ep_len_mean=211 | episodes=100 | fps=121
----------------------------------------
| rollout/                |            |
|    ep_len_mean          | 213        |
|    ep_rew_mean          | 123        |
| time/                   |            |
|    fps                  | 36         |
|    iterations           | 427        |
|    time_elapsed         | 11853      |
|    total_timesteps      | 1437696    |
| train/                  |            |
|    approx_kl            | 0.49505222 |
|    clip_fraction        | 0.41       |
|    clip_range           | 0.2        |
|    clip_range_vf        | 0.2        |
|    entropy_loss         | 3.39       |
|    explained_variance   | 0.861      |
|    learning_rate        | 8.45e-05   |
|    loss                 | 0.0886     |
|    n_updates            | 7765       |
|    policy_gradient_loss | 0.021      |
|    std                  | 0.0452     |
|    value_loss           | 0.14       |
----------------------------------------
Early stopping at step 3 due to reaching max kl: 0.77
PPO progress: 1438449/1000000 (144%) | ep_rew_mean=125.89 | ep_len_mean=217 | episodes=100 | fps=121
----------------------------------------
| rollout/                |            |
|    ep_len_mean          | 217        |
|    ep_rew_mean          | 126        |
| time/                   |            |
|    fps                  | 36         |
|    iterations           | 428        |
|    time_elapsed         | 11879      |
|    total_timesteps      | 1438720    |
| train/                  |            |
|    approx_kl            | 0.36698103 |
|    clip_fraction        | 0.488      |
|    clip_range           | 0.2        |
|    clip_range_vf        | 0.2        |
|    entropy_loss         | 3.38       |
|    explained_variance   | 0.978      |
|    learning_rate        | 8.44e-05   |
|    loss                 | -0.0623    |
|    n_updates            | 7769       |
|    policy_gradient_loss | -0.0181    |
|    std                  | 0.0452     |
|    value_loss           | 0.0143     |
----------------------------------------
Early stopping at step 6 due to reaching max kl: 0.79
PPO progress: 1439449/1000000 (144%) | ep_rew_mean=132.73 | ep_len_mean=227 | episodes=100 | fps=120
---------------------------------------
| rollout/                |           |
|    ep_len_mean          | 219       |
|    ep_rew_mean          | 129       |
| time/                   |           |
|    fps                  | 36        |
|    iterations           | 429       |
|    time_elapsed         | 11908     |
|    total_timesteps      | 1439744   |
| train/                  |           |
|    approx_kl            | 0.3936613 |
|    clip_fraction        | 0.542     |
|    clip_range           | 0.2       |
|    clip_range_vf        | 0.2       |
|    entropy_loss         | 3.39      |
|    explained_variance   | 0.963     |
|    learning_rate        | 8.42e-05  |
|    loss                 | -0.0932   |
|    n_updates            | 7776      |
|    policy_gradient_loss | -0.0401   |
|    std                  | 0.0451    |
|    value_loss           | 0.0189    |
---------------------------------------
Early stopping at step 4 due to reaching max kl: 0.76
PPO progress: 1440449/1000000 (144%) | ep_rew_mean=128.88 | ep_len_mean=219 | episodes=100 | fps=120
----------------------------------------
| rollout/                |            |
|    ep_len_mean          | 229        |
|    ep_rew_mean          | 134        |
| time/                   |            |
|    fps                  | 36         |
|    iterations           | 430        |
|    time_elapsed         | 11934      |
|    total_timesteps      | 1440768    |
| train/                  |            |
|    approx_kl            | 0.40609163 |
|    clip_fraction        | 0.508      |
|    clip_range           | 0.2        |
|    clip_range_vf        | 0.2        |
|    entropy_loss         | 3.39       |
|    explained_variance   | 0.97       |
|    learning_rate        | 8.41e-05   |
|    loss                 | 0.0265     |
|    n_updates            | 7781       |
|    policy_gradient_loss | -0.0217    |
|    std                  | 0.0451     |
|    value_loss           | 0.0267     |
----------------------------------------
PPO progress: 1441449/1000000 (144%) | ep_rew_mean=136.79 | ep_len_mean=233 | episodes=100 | fps=120
----------------------------------------
| rollout/                |            |
|    ep_len_mean          | 235        |
|    ep_rew_mean          | 137        |
| time/                   |            |
|    fps                  | 36         |
|    iterations           | 431        |
|    time_elapsed         | 11963      |
|    total_timesteps      | 1441792    |
| train/                  |            |
|    approx_kl            | 0.16493252 |
|    clip_fraction        | 0.511      |
|    clip_range           | 0.2        |
|    clip_range_vf        | 0.2        |
|    entropy_loss         | 3.39       |
|    explained_variance   | 0.972      |
|    learning_rate        | 8.39e-05   |
|    loss                 | -0.0387    |
|    n_updates            | 7791       |
|    policy_gradient_loss | -0.069     |
|    std                  | 0.0449     |
|    value_loss           | 0.00866    |
----------------------------------------
Early stopping at step 2 due to reaching max kl: 0.96
PPO progress: 1442449/1000000 (144%) | ep_rew_mean=137.41 | ep_len_mean=235 | episodes=100 | fps=120
----------------------------------------
| rollout/                |            |
|    ep_len_mean          | 245        |
|    ep_rew_mean          | 142        |
| time/                   |            |
|    fps                  | 36         |
|    iterations           | 432        |
|    time_elapsed         | 11988      |
|    total_timesteps      | 1442816    |
| train/                  |            |
|    approx_kl            | 0.42969584 |
|    clip_fraction        | 0.487      |
|    clip_range           | 0.2        |
|    clip_range_vf        | 0.2        |
|    entropy_loss         | 3.4        |
|    explained_variance   | 0.982      |
|    learning_rate        | 8.38e-05   |
|    loss                 | 0.0393     |
|    n_updates            | 7794       |
|    policy_gradient_loss | 0.017      |
|    std                  | 0.0448     |
|    value_loss           | 0.0219     |
----------------------------------------
Early stopping at step 6 due to reaching max kl: 1.09
PPO progress: 1443449/1000000 (144%) | ep_rew_mean=141.81 | ep_len_mean=241 | episodes=100 | fps=120
----------------------------------------
| rollout/                |            |
|    ep_len_mean          | 245        |
|    ep_rew_mean          | 144        |
| time/                   |            |
|    fps                  | 36         |
|    iterations           | 433        |
|    time_elapsed         | 12015      |
|    total_timesteps      | 1443840    |
| train/                  |            |
|    approx_kl            | 0.42415428 |
|    clip_fraction        | 0.604      |
|    clip_range           | 0.2        |
|    clip_range_vf        | 0.2        |
|    entropy_loss         | 3.4        |
|    explained_variance   | 0.962      |
|    learning_rate        | 8.36e-05   |
|    loss                 | -0.0545    |
|    n_updates            | 7801       |
|    policy_gradient_loss | -0.0479    |
|    std                  | 0.0448     |
|    value_loss           | 0.0168     |
----------------------------------------
Early stopping at step 6 due to reaching max kl: 1.49
PPO progress: 1444449/1000000 (144%) | ep_rew_mean=138.46 | ep_len_mean=235 | episodes=100 | fps=120
----------------------------------------
| rollout/                |            |
|    ep_len_mean          | 235        |
|    ep_rew_mean          | 138        |
| time/                   |            |
|    fps                  | 36         |
|    iterations           | 434        |
|    time_elapsed         | 12041      |
|    total_timesteps      | 1444864    |
| train/                  |            |
|    approx_kl            | 0.55803925 |
|    clip_fraction        | 0.574      |
|    clip_range           | 0.2        |
|    clip_range_vf        | 0.2        |
|    entropy_loss         | 3.41       |
|    explained_variance   | 0.986      |
|    learning_rate        | 8.35e-05   |
|    loss                 | -0.0268    |
|    n_updates            | 7808       |
|    policy_gradient_loss | -0.0429    |
|    std                  | 0.0447     |
|    value_loss           | 0.012      |
----------------------------------------
Early stopping at step 1 due to reaching max kl: 0.85
PPO progress: 1445449/1000000 (145%) | ep_rew_mean=140.39 | ep_len_mean=241 | episodes=100 | fps=119
---------------------------------------
| rollout/                |           |
|    ep_len_mean          | 241       |
|    ep_rew_mean          | 140       |
| time/                   |           |
|    fps                  | 36        |
|    iterations           | 435       |
|    time_elapsed         | 12069     |
|    total_timesteps      | 1445888   |
| train/                  |           |
|    approx_kl            | 0.3332747 |
|    clip_fraction        | 0.403     |
|    clip_range           | 0.2       |
|    clip_range_vf        | 0.2       |
|    entropy_loss         | 3.41      |
|    explained_variance   | 0.943     |
|    learning_rate        | 8.33e-05  |
|    loss                 | 0.0498    |
|    n_updates            | 7810      |
|    policy_gradient_loss | 0.0165    |
|    std                  | 0.0447    |
|    value_loss           | 0.0458    |
---------------------------------------
Early stopping at step 2 due to reaching max kl: 0.90
PPO progress: 1446449/1000000 (145%) | ep_rew_mean=145.28 | ep_len_mean=250 | episodes=100 | fps=119
---------------------------------------
| rollout/                |           |
|    ep_len_mean          | 254       |
|    ep_rew_mean          | 148       |
| time/                   |           |
|    fps                  | 36        |
|    iterations           | 436       |
|    time_elapsed         | 12096     |
|    total_timesteps      | 1446912   |
| train/                  |           |
|    approx_kl            | 0.5831818 |
|    clip_fraction        | 0.486     |
|    clip_range           | 0.2       |
|    clip_range_vf        | 0.2       |
|    entropy_loss         | 3.41      |
|    explained_variance   | 0.921     |
|    learning_rate        | 8.32e-05  |
|    loss                 | 0.0671    |
|    n_updates            | 7813      |
|    policy_gradient_loss | 0.0121    |
|    std                  | 0.0447    |
|    value_loss           | 0.0423    |
---------------------------------------
Early stopping at step 2 due to reaching max kl: 0.98
PPO progress: 1447449/1000000 (145%) | ep_rew_mean=148.12 | ep_len_mean=254 | episodes=100 | fps=119
----------------------------------------
| rollout/                |            |
|    ep_len_mean          | 264        |
|    ep_rew_mean          | 153        |
| time/                   |            |
|    fps                  | 36         |
|    iterations           | 437        |
|    time_elapsed         | 12123      |
|    total_timesteps      | 1447936    |
| train/                  |            |
|    approx_kl            | 0.36073568 |
|    clip_fraction        | 0.494      |
|    clip_range           | 0.2        |
|    clip_range_vf        | 0.2        |
|    entropy_loss         | 3.41       |
|    explained_variance   | 0.972      |
|    learning_rate        | 8.3e-05    |
|    loss                 | 0.0128     |
|    n_updates            | 7816       |
|    policy_gradient_loss | 0.00794    |
|    std                  | 0.0447     |
|    value_loss           | 0.0303     |
----------------------------------------
Early stopping at step 1 due to reaching max kl: 0.87
PPO progress: 1448449/1000000 (145%) | ep_rew_mean=153.29 | ep_len_mean=264 | episodes=100 | fps=119
----------------------------------------
| rollout/                |            |
|    ep_len_mean          | 273        |
|    ep_rew_mean          | 157        |
| time/                   |            |
|    fps                  | 36         |
|    iterations           | 438        |
|    time_elapsed         | 12148      |
|    total_timesteps      | 1448960    |
| train/                  |            |
|    approx_kl            | 0.37243977 |
|    clip_fraction        | 0.378      |
|    clip_range           | 0.2        |
|    clip_range_vf        | 0.2        |
|    entropy_loss         | 3.41       |
|    explained_variance   | 0.976      |
|    learning_rate        | 8.29e-05   |
|    loss                 | 0.0261     |
|    n_updates            | 7818       |
|    policy_gradient_loss | 0.0252     |
|    std                  | 0.0447     |
|    value_loss           | 0.0194     |
----------------------------------------
Early stopping at step 1 due to reaching max kl: 0.78
PPO progress: 1449449/1000000 (145%) | ep_rew_mean=155.43 | ep_len_mean=272 | episodes=100 | fps=119
--------------------------------------
| rollout/                |          |
|    ep_len_mean          | 273      |
|    ep_rew_mean          | 156      |
| time/                   |          |
|    fps                  | 36       |
|    iterations           | 439      |
|    time_elapsed         | 12176    |
|    total_timesteps      | 1449984  |
| train/                  |          |
|    approx_kl            | 0.781351 |
|    clip_fraction        | 0.36     |
|    clip_range           | 0.2      |
|    clip_range_vf        | 0.2      |
|    entropy_loss         | 3.41     |
|    explained_variance   | 0.89     |
|    learning_rate        | 8.27e-05 |
|    loss                 | 0.0338   |
|    n_updates            | 7820     |
|    policy_gradient_loss | 0.0179   |
|    std                  | 0.0447   |
|    value_loss           | 0.0614   |
--------------------------------------
Early stopping at step 4 due to reaching max kl: 0.95
PPO progress: 1450449/1000000 (145%) | ep_rew_mean=156.88 | ep_len_mean=273 | episodes=100 | fps=118
----------------------------------------
| rollout/                |            |
|    ep_len_mean          | 273        |
|    ep_rew_mean          | 157        |
| time/                   |            |
|    fps                  | 36         |
|    iterations           | 440        |
|    time_elapsed         | 12203      |
|    total_timesteps      | 1451008    |
| train/                  |            |
|    approx_kl            | 0.38540113 |
|    clip_fraction        | 0.512      |
|    clip_range           | 0.2        |
|    clip_range_vf        | 0.2        |
|    entropy_loss         | 3.41       |
|    explained_variance   | 0.91       |
|    learning_rate        | 8.26e-05   |
|    loss                 | 0.0182     |
|    n_updates            | 7825       |
|    policy_gradient_loss | -0.0243    |
|    std                  | 0.0448     |
|    value_loss           | 0.115      |
----------------------------------------
PPO progress: 1451449/1000000 (145%) | ep_rew_mean=159.42 | ep_len_mean=273 | episodes=100 | fps=118
---------------------------------------
| rollout/                |           |
|    ep_len_mean          | 265       |
|    ep_rew_mean          | 155       |
| time/                   |           |
|    fps                  | 36        |
|    iterations           | 441       |
|    time_elapsed         | 12229     |
|    total_timesteps      | 1452032   |
| train/                  |           |
|    approx_kl            | 0.3689646 |
|    clip_fraction        | 0.518     |
|    clip_range           | 0.2       |
|    clip_range_vf        | 0.2       |
|    entropy_loss         | 3.41      |
|    explained_variance   | 0.741     |
|    learning_rate        | 8.24e-05  |
|    loss                 | 0.0668    |
|    n_updates            | 7835      |
|    policy_gradient_loss | -0.0486   |
|    std                  | 0.0446    |
|    value_loss           | 0.147     |
---------------------------------------
Early stopping at step 3 due to reaching max kl: 0.84
PPO progress: 1452449/1000000 (145%) | ep_rew_mean=160.33 | ep_len_mean=273 | episodes=100 | fps=118
----------------------------------------
| rollout/                |            |
|    ep_len_mean          | 273        |
|    ep_rew_mean          | 160        |
| time/                   |            |
|    fps                  | 36         |
|    iterations           | 442        |
|    time_elapsed         | 12255      |
|    total_timesteps      | 1453056    |
| train/                  |            |
|    approx_kl            | 0.84403634 |
|    clip_fraction        | 0.436      |
|    clip_range           | 0.2        |
|    clip_range_vf        | 0.2        |
|    entropy_loss         | 3.41       |
|    explained_variance   | 0.881      |
|    learning_rate        | 8.22e-05   |
|    loss                 | 0.0617     |
|    n_updates            | 7839       |
|    policy_gradient_loss | -0.00538   |
|    std                  | 0.0446     |
|    value_loss           | 0.0772     |
----------------------------------------
Early stopping at step 0 due to reaching max kl: 0.87
PPO progress: 1453449/1000000 (145%) | ep_rew_mean=162.00 | ep_len_mean=280 | episodes=100 | fps=118
----------------------------------------
| rollout/                |            |
|    ep_len_mean          | 279        |
|    ep_rew_mean          | 162        |
| time/                   |            |
|    fps                  | 36         |
|    iterations           | 443        |
|    time_elapsed         | 12282      |
|    total_timesteps      | 1454080    |
| train/                  |            |
|    approx_kl            | 0.20359059 |
|    clip_fraction        | 0.452      |
|    clip_range           | 0.2        |
|    clip_range_vf        | 0.2        |
|    entropy_loss         | 3.41       |
|    explained_variance   | 0.96       |
|    learning_rate        | 8.21e-05   |
|    loss                 | 0.106      |
|    n_updates            | 7840       |
|    policy_gradient_loss | 0.0538     |
|    std                  | 0.0446     |
|    value_loss           | 0.0212     |
----------------------------------------
Early stopping at step 4 due to reaching max kl: 0.98
PPO progress: 1454449/1000000 (145%) | ep_rew_mean=161.92 | ep_len_mean=279 | episodes=100 | fps=118
----------------------------------------
| rollout/                |            |
|    ep_len_mean          | 289        |
|    ep_rew_mean          | 167        |
| time/                   |            |
|    fps                  | 36         |
|    iterations           | 444        |
|    time_elapsed         | 12311      |
|    total_timesteps      | 1455104    |
| train/                  |            |
|    approx_kl            | 0.43555602 |
|    clip_fraction        | 0.525      |
|    clip_range           | 0.2        |
|    clip_range_vf        | 0.2        |
|    entropy_loss         | 3.41       |
|    explained_variance   | 0.974      |
|    learning_rate        | 8.19e-05   |
|    loss                 | -0.0534    |
|    n_updates            | 7845       |
|    policy_gradient_loss | -0.0172    |
|    std                  | 0.0446     |
|    value_loss           | 0.0182     |
----------------------------------------
Early stopping at step 0 due to reaching max kl: 1.15
PPO progress: 1455449/1000000 (146%) | ep_rew_mean=167.19 | ep_len_mean=289 | episodes=100 | fps=118
----------------------------------------
| rollout/                |            |
|    ep_len_mean          | 293        |
|    ep_rew_mean          | 162        |
| time/                   |            |
|    fps                  | 36         |
|    iterations           | 445        |
|    time_elapsed         | 12344      |
|    total_timesteps      | 1456128    |
| train/                  |            |
|    approx_kl            | 0.28734925 |
|    clip_fraction        | 0.355      |
|    clip_range           | 0.2        |
|    clip_range_vf        | 0.2        |
|    entropy_loss         | 3.41       |
|    explained_variance   | 0.819      |
|    learning_rate        | 8.18e-05   |
|    loss                 | 0.802      |
|    n_updates            | 7846       |
|    policy_gradient_loss | 0.156      |
|    std                  | 0.0446     |
|    value_loss           | 0.0591     |
----------------------------------------
Early stopping at step 1 due to reaching max kl: 0.84
PPO progress: 1456449/1000000 (146%) | ep_rew_mean=158.98 | ep_len_mean=287 | episodes=100 | fps=117
----------------------------------------
| rollout/                |            |
|    ep_len_mean          | 293        |
|    ep_rew_mean          | 164        |
| time/                   |            |
|    fps                  | 36         |
|    iterations           | 446        |
|    time_elapsed         | 12374      |
|    total_timesteps      | 1457152    |
| train/                  |            |
|    approx_kl            | 0.26623005 |
|    clip_fraction        | 0.415      |
|    clip_range           | 0.2        |
|    clip_range_vf        | 0.2        |
|    entropy_loss         | 3.41       |
|    explained_variance   | 0.34       |
|    learning_rate        | 8.16e-05   |
|    loss                 | 0.375      |
|    n_updates            | 7848       |
|    policy_gradient_loss | 0.029      |
|    std                  | 0.0446     |
|    value_loss           | 0.142      |
----------------------------------------
Early stopping at step 4 due to reaching max kl: 1.10
PPO progress: 1457449/1000000 (146%) | ep_rew_mean=164.05 | ep_len_mean=294 | episodes=100 | fps=117
----------------------------------------
| rollout/                |            |
|    ep_len_mean          | 294        |
|    ep_rew_mean          | 164        |
| time/                   |            |
|    fps                  | 36         |
|    iterations           | 447        |
|    time_elapsed         | 12400      |
|    total_timesteps      | 1458176    |
| train/                  |            |
|    approx_kl            | 0.41880587 |
|    clip_fraction        | 0.493      |
|    clip_range           | 0.2        |
|    clip_range_vf        | 0.2        |
|    entropy_loss         | 3.41       |
|    explained_variance   | 0.961      |
|    learning_rate        | 8.15e-05   |
|    loss                 | 0.000782   |
|    n_updates            | 7853       |
|    policy_gradient_loss | -0.0336    |
|    std                  | 0.0446     |
|    value_loss           | 0.0267     |
----------------------------------------
Early stopping at step 2 due to reaching max kl: 1.75
PPO progress: 1458449/1000000 (146%) | ep_rew_mean=156.61 | ep_len_mean=289 | episodes=100 | fps=117
---------------------------------------
| rollout/                |           |
|    ep_len_mean          | 293       |
|    ep_rew_mean          | 160       |
| time/                   |           |
|    fps                  | 36        |
|    iterations           | 448       |
|    time_elapsed         | 12425     |
|    total_timesteps      | 1459200   |
| train/                  |           |
|    approx_kl            | 0.8194392 |
|    clip_fraction        | 0.525     |
|    clip_range           | 0.2       |
|    clip_range_vf        | 0.2       |
|    entropy_loss         | 3.41      |
|    explained_variance   | 0.965     |
|    learning_rate        | 8.13e-05  |
|    loss                 | 0.0399    |
|    n_updates            | 7856      |
|    policy_gradient_loss | 0.022     |
|    std                  | 0.0446    |
|    value_loss           | 0.0228    |
---------------------------------------
Early stopping at step 1 due to reaching max kl: 2.40
PPO progress: 1459449/1000000 (146%) | ep_rew_mean=153.74 | ep_len_mean=278 | episodes=100 | fps=117
---------------------------------------
| rollout/                |           |
|    ep_len_mean          | 278       |
|    ep_rew_mean          | 154       |
| time/                   |           |
|    fps                  | 36        |
|    iterations           | 449       |
|    time_elapsed         | 12453     |
|    total_timesteps      | 1460224   |
| train/                  |           |
|    approx_kl            | 0.5309113 |
|    clip_fraction        | 0.494     |
|    clip_range           | 0.2       |
|    clip_range_vf        | 0.2       |
|    entropy_loss         | 3.41      |
|    explained_variance   | 0.92      |
|    learning_rate        | 8.12e-05  |
|    loss                 | 0.237     |
|    n_updates            | 7858      |
|    policy_gradient_loss | 0.0301    |
|    std                  | 0.0446    |
|    value_loss           | 0.0943    |
---------------------------------------
Early stopping at step 5 due to reaching max kl: 0.95
PPO progress: 1460449/1000000 (146%) | ep_rew_mean=155.68 | ep_len_mean=285 | episodes=100 | fps=117
----------------------------------------
| rollout/                |            |
|    ep_len_mean          | 282        |
|    ep_rew_mean          | 155        |
| time/                   |            |
|    fps                  | 36         |
|    iterations           | 450        |
|    time_elapsed         | 12482      |
|    total_timesteps      | 1461248    |
| train/                  |            |
|    approx_kl            | 0.39748895 |
|    clip_fraction        | 0.568      |
|    clip_range           | 0.2        |
|    clip_range_vf        | 0.2        |
|    entropy_loss         | 3.41       |
|    explained_variance   | 0.786      |
|    learning_rate        | 8.1e-05    |
|    loss                 | 0.0179     |
|    n_updates            | 7864       |
|    policy_gradient_loss | 0.000446   |
|    std                  | 0.0446     |
|    value_loss           | 0.129      |
----------------------------------------
Early stopping at step 1 due to reaching max kl: 0.95
PPO progress: 1461449/1000000 (146%) | ep_rew_mean=154.96 | ep_len_mean=282 | episodes=100 | fps=117
---------------------------------------
| rollout/                |           |
|    ep_len_mean          | 261       |
|    ep_rew_mean          | 147       |
| time/                   |           |
|    fps                  | 36        |
|    iterations           | 451       |
|    time_elapsed         | 12519     |
|    total_timesteps      | 1462272   |
| train/                  |           |
|    approx_kl            | 0.6683423 |
|    clip_fraction        | 0.399     |
|    clip_range           | 0.2       |
|    clip_range_vf        | 0.2       |
|    entropy_loss         | 3.41      |
|    explained_variance   | 0.972     |
|    learning_rate        | 8.09e-05  |
|    loss                 | 0.0108    |
|    n_updates            | 7866      |
|    policy_gradient_loss | 0.0317    |
|    std                  | 0.0446    |
|    value_loss           | 0.0394    |
---------------------------------------
Early stopping at step 1 due to reaching max kl: 0.86
PPO progress: 1462449/1000000 (146%) | ep_rew_mean=147.23 | ep_len_mean=261 | episodes=100 | fps=116
----------------------------------------
| rollout/                |            |
|    ep_len_mean          | 271        |
|    ep_rew_mean          | 148        |
| time/                   |            |
|    fps                  | 36         |
|    iterations           | 452        |
|    time_elapsed         | 12548      |
|    total_timesteps      | 1463296    |
| train/                  |            |
|    approx_kl            | 0.33379367 |
|    clip_fraction        | 0.408      |
|    clip_range           | 0.2        |
|    clip_range_vf        | 0.2        |
|    entropy_loss         | 3.41       |
|    explained_variance   | 0.708      |
|    learning_rate        | 8.07e-05   |
|    loss                 | 0.18       |
|    n_updates            | 7868       |
|    policy_gradient_loss | 0.00881    |
|    std                  | 0.0446     |
|    value_loss           | 0.338      |
----------------------------------------
Early stopping at step 6 due to reaching max kl: 1.08
PPO progress: 1463449/1000000 (146%) | ep_rew_mean=146.22 | ep_len_mean=269 | episodes=100 | fps=116
---------------------------------------
| rollout/                |           |
|    ep_len_mean          | 263       |
|    ep_rew_mean          | 143       |
| time/                   |           |
|    fps                  | 36        |
|    iterations           | 453       |
|    time_elapsed         | 12576     |
|    total_timesteps      | 1464320   |
| train/                  |           |
|    approx_kl            | 1.0766306 |
|    clip_fraction        | 0.563     |
|    clip_range           | 0.2       |
|    clip_range_vf        | 0.2       |
|    entropy_loss         | 3.41      |
|    explained_variance   | 0.95      |
|    learning_rate        | 8.06e-05  |
|    loss                 | 0.145     |
|    n_updates            | 7875      |
|    policy_gradient_loss | 0.000323  |
|    std                  | 0.0446    |
|    value_loss           | 0.0312    |
---------------------------------------
Early stopping at step 2 due to reaching max kl: 0.92
PPO progress: 1464449/1000000 (146%) | ep_rew_mean=143.20 | ep_len_mean=263 | episodes=100 | fps=116
----------------------------------------
| rollout/                |            |
|    ep_len_mean          | 260        |
|    ep_rew_mean          | 143        |
| time/                   |            |
|    fps                  | 36         |
|    iterations           | 454        |
|    time_elapsed         | 12603      |
|    total_timesteps      | 1465344    |
| train/                  |            |
|    approx_kl            | 0.33362278 |
|    clip_fraction        | 0.473      |
|    clip_range           | 0.2        |
|    clip_range_vf        | 0.2        |
|    entropy_loss         | 3.41       |
|    explained_variance   | 0.929      |
|    learning_rate        | 8.04e-05   |
|    loss                 | 0.0677     |
|    n_updates            | 7878       |
|    policy_gradient_loss | 0.019      |
|    std                  | 0.0446     |
|    value_loss           | 0.0667     |
----------------------------------------
Early stopping at step 2 due to reaching max kl: 0.80
PPO progress: 1465449/1000000 (147%) | ep_rew_mean=142.70 | ep_len_mean=260 | episodes=100 | fps=116
----------------------------------------
| rollout/                |            |
|    ep_len_mean          | 248        |
|    ep_rew_mean          | 137        |
| time/                   |            |
|    fps                  | 36         |
|    iterations           | 455        |
|    time_elapsed         | 12631      |
|    total_timesteps      | 1466368    |
| train/                  |            |
|    approx_kl            | 0.24073759 |
|    clip_fraction        | 0.434      |
|    clip_range           | 0.2        |
|    clip_range_vf        | 0.2        |
|    entropy_loss         | 3.41       |
|    explained_variance   | 0.921      |
|    learning_rate        | 8.02e-05   |
|    loss                 | 0.0175     |
|    n_updates            | 7881       |
|    policy_gradient_loss | 0.00547    |
|    std                  | 0.0447     |
|    value_loss           | 0.078      |
----------------------------------------
Early stopping at step 2 due to reaching max kl: 1.02
PPO progress: 1466449/1000000 (147%) | ep_rew_mean=129.26 | ep_len_mean=234 | episodes=100 | fps=116
----------------------------------------
| rollout/                |            |
|    ep_len_mean          | 233        |
|    ep_rew_mean          | 128        |
| time/                   |            |
|    fps                  | 36         |
|    iterations           | 456        |
|    time_elapsed         | 12661      |
|    total_timesteps      | 1467392    |
| train/                  |            |
|    approx_kl            | 0.72375923 |
|    clip_fraction        | 0.496      |
|    clip_range           | 0.2        |
|    clip_range_vf        | 0.2        |
|    entropy_loss         | 3.41       |
|    explained_variance   | 0.808      |
|    learning_rate        | 8.01e-05   |
|    loss                 | 0.164      |
|    n_updates            | 7884       |
|    policy_gradient_loss | 0.0184     |
|    std                  | 0.0446     |
|    value_loss           | 0.203      |
----------------------------------------
Early stopping at step 1 due to reaching max kl: 1.33
PPO progress: 1467449/1000000 (147%) | ep_rew_mean=128.35 | ep_len_mean=233 | episodes=100 | fps=115
----------------------------------------
| rollout/                |            |
|    ep_len_mean          | 235        |
|    ep_rew_mean          | 131        |
| time/                   |            |
|    fps                  | 36         |
|    iterations           | 457        |
|    time_elapsed         | 12687      |
|    total_timesteps      | 1468416    |
| train/                  |            |
|    approx_kl            | 0.37514544 |
|    clip_fraction        | 0.465      |
|    clip_range           | 0.2        |
|    clip_range_vf        | 0.2        |
|    entropy_loss         | 3.41       |
|    explained_variance   | 0.949      |
|    learning_rate        | 7.99e-05   |
|    loss                 | 1.07       |
|    n_updates            | 7886       |
|    policy_gradient_loss | 0.0635     |
|    std                  | 0.0447     |
|    value_loss           | 0.0444     |
----------------------------------------
Early stopping at step 3 due to reaching max kl: 0.84
PPO progress: 1468449/1000000 (147%) | ep_rew_mean=131.00 | ep_len_mean=235 | episodes=100 | fps=115
----------------------------------------
| rollout/                |            |
|    ep_len_mean          | 205        |
|    ep_rew_mean          | 117        |
| time/                   |            |
|    fps                  | 36         |
|    iterations           | 458        |
|    time_elapsed         | 12720      |
|    total_timesteps      | 1469440    |
| train/                  |            |
|    approx_kl            | 0.53467345 |
|    clip_fraction        | 0.492      |
|    clip_range           | 0.2        |
|    clip_range_vf        | 0.2        |
|    entropy_loss         | 3.41       |
|    explained_variance   | 0.963      |
|    learning_rate        | 7.98e-05   |
|    loss                 | -0.0068    |
|    n_updates            | 7890       |
|    policy_gradient_loss | 0.0547     |
|    std                  | 0.0447     |
|    value_loss           | 0.0193     |
----------------------------------------
Early stopping at step 1 due to reaching max kl: 0.89
PPO progress: 1469449/1000000 (147%) | ep_rew_mean=117.43 | ep_len_mean=205 | episodes=100 | fps=115
PPO progress: 1470449/1000000 (147%) | ep_rew_mean=118.72 | ep_len_mean=205 | episodes=100 | fps=115
----------------------------------------
| rollout/                |            |
|    ep_len_mean          | 205        |
|    ep_rew_mean          | 119        |
| time/                   |            |
|    fps                  | 36         |
|    iterations           | 459        |
|    time_elapsed         | 12748      |
|    total_timesteps      | 1470464    |
| train/                  |            |
|    approx_kl            | 0.89435875 |
|    clip_fraction        | 0.36       |
|    clip_range           | 0.2        |
|    clip_range_vf        | 0.2        |
|    entropy_loss         | 3.41       |
|    explained_variance   | 0.922      |
|    learning_rate        | 7.96e-05   |
|    loss                 | 0.149      |
|    n_updates            | 7892       |
|    policy_gradient_loss | 0.0526     |
|    std                  | 0.0447     |
|    value_loss           | 0.0787     |
----------------------------------------
Early stopping at step 2 due to reaching max kl: 0.83
PPO progress: 1471449/1000000 (147%) | ep_rew_mean=121.18 | ep_len_mean=213 | episodes=100 | fps=115
----------------------------------------
| rollout/                |            |
|    ep_len_mean          | 213        |
|    ep_rew_mean          | 121        |
| time/                   |            |
|    fps                  | 36         |
|    iterations           | 460        |
|    time_elapsed         | 12775      |
|    total_timesteps      | 1471488    |
| train/                  |            |
|    approx_kl            | 0.35319972 |
|    clip_fraction        | 0.505      |
|    clip_range           | 0.2        |
|    clip_range_vf        | 0.2        |
|    entropy_loss         | 3.41       |
|    explained_variance   | 0.936      |
|    learning_rate        | 7.95e-05   |
|    loss                 | -0.00298   |
|    n_updates            | 7895       |
|    policy_gradient_loss | 0.0129     |
|    std                  | 0.0447     |
|    value_loss           | 0.057      |
----------------------------------------
Early stopping at step 4 due to reaching max kl: 1.05
PPO progress: 1472449/1000000 (147%) | ep_rew_mean=99.32 | ep_len_mean=161 | episodes=100 | fps=114
----------------------------------------
| rollout/                |            |
|    ep_len_mean          | 155        |
|    ep_rew_mean          | 94.7       |
| time/                   |            |
|    fps                  | 36         |
|    iterations           | 461        |
|    time_elapsed         | 12815      |
|    total_timesteps      | 1472512    |
| train/                  |            |
|    approx_kl            | 0.49151438 |
|    clip_fraction        | 0.558      |
|    clip_range           | 0.2        |
|    clip_range_vf        | 0.2        |
|    entropy_loss         | 3.41       |
|    explained_variance   | 0.953      |
|    learning_rate        | 7.93e-05   |
|    loss                 | -0.0233    |
|    n_updates            | 7900       |
|    policy_gradient_loss | -0.0314    |
|    std                  | 0.0447     |
|    value_loss           | 0.0234     |
----------------------------------------
Early stopping at step 2 due to reaching max kl: 0.87
PPO progress: 1473449/1000000 (147%) | ep_rew_mean=93.92 | ep_len_mean=148 | episodes=100 | fps=114
---------------------------------------
| rollout/                |           |
|    ep_len_mean          | 148       |
|    ep_rew_mean          | 93.9      |
| time/                   |           |
|    fps                  | 36        |
|    iterations           | 462       |
|    time_elapsed         | 12844     |
|    total_timesteps      | 1473536   |
| train/                  |           |
|    approx_kl            | 0.5495095 |
|    clip_fraction        | 0.49      |
|    clip_range           | 0.2       |
|    clip_range_vf        | 0.2       |
|    entropy_loss         | 3.41      |
|    explained_variance   | 0.572     |
|    learning_rate        | 7.92e-05  |
|    loss                 | 0.335     |
|    n_updates            | 7903      |
|    policy_gradient_loss | 0.0317    |
|    std                  | 0.0447    |
|    value_loss           | 0.439     |
---------------------------------------
Early stopping at step 7 due to reaching max kl: 0.81
PPO progress: 1474449/1000000 (147%) | ep_rew_mean=84.14 | ep_len_mean=132 | episodes=100 | fps=114
----------------------------------------
| rollout/                |            |
|    ep_len_mean          | 132        |
|    ep_rew_mean          | 84.1       |
| time/                   |            |
|    fps                  | 36         |
|    iterations           | 463        |
|    time_elapsed         | 12874      |
|    total_timesteps      | 1474560    |
| train/                  |            |
|    approx_kl            | 0.35231537 |
|    clip_fraction        | 0.54       |
|    clip_range           | 0.2        |
|    clip_range_vf        | 0.2        |
|    entropy_loss         | 3.41       |
|    explained_variance   | 0.961      |
|    learning_rate        | 7.9e-05    |
|    loss                 | -0.0547    |
|    n_updates            | 7911       |
|    policy_gradient_loss | -0.0475    |
|    std                  | 0.0445     |
|    value_loss           | 0.0256     |
----------------------------------------
Early stopping at step 2 due to reaching max kl: 0.78
PPO progress: 1475449/1000000 (148%) | ep_rew_mean=87.52 | ep_len_mean=138 | episodes=100 | fps=114
----------------------------------------
| rollout/                |            |
|    ep_len_mean          | 139        |
|    ep_rew_mean          | 88.4       |
| time/                   |            |
|    fps                  | 36         |
|    iterations           | 464        |
|    time_elapsed         | 12901      |
|    total_timesteps      | 1475584    |
| train/                  |            |
|    approx_kl            | 0.40123528 |
|    clip_fraction        | 0.462      |
|    clip_range           | 0.2        |
|    clip_range_vf        | 0.2        |
|    entropy_loss         | 3.42       |
|    explained_variance   | 0.941      |
|    learning_rate        | 7.89e-05   |
|    loss                 | 0.045      |
|    n_updates            | 7914       |
|    policy_gradient_loss | -0.0047    |
|    std                  | 0.0445     |
|    value_loss           | 0.0673     |
----------------------------------------
Early stopping at step 4 due to reaching max kl: 0.79
PPO progress: 1476449/1000000 (148%) | ep_rew_mean=88.53 | ep_len_mean=140 | episodes=100 | fps=114
---------------------------------------
| rollout/                |           |
|    ep_len_mean          | 140       |
|    ep_rew_mean          | 88.5      |
| time/                   |           |
|    fps                  | 36        |
|    iterations           | 465       |
|    time_elapsed         | 12930     |
|    total_timesteps      | 1476608   |
| train/                  |           |
|    approx_kl            | 0.3821361 |
|    clip_fraction        | 0.547     |
|    clip_range           | 0.2       |
|    clip_range_vf        | 0.2       |
|    entropy_loss         | 3.42      |
|    explained_variance   | 0.94      |
|    learning_rate        | 7.87e-05  |
|    loss                 | -0.0271   |
|    n_updates            | 7919      |
|    policy_gradient_loss | -0.0301   |
|    std                  | 0.0445    |
|    value_loss           | 0.0494    |
---------------------------------------
Early stopping at step 3 due to reaching max kl: 0.80
PPO progress: 1477449/1000000 (148%) | ep_rew_mean=98.22 | ep_len_mean=152 | episodes=100 | fps=114
---------------------------------------
| rollout/                |           |
|    ep_len_mean          | 155       |
|    ep_rew_mean          | 101       |
| time/                   |           |
|    fps                  | 36        |
|    iterations           | 466       |
|    time_elapsed         | 12958     |
|    total_timesteps      | 1477632   |
| train/                  |           |
|    approx_kl            | 0.4883146 |
|    clip_fraction        | 0.495     |
|    clip_range           | 0.2       |
|    clip_range_vf        | 0.2       |
|    entropy_loss         | 3.42      |
|    explained_variance   | 0.963     |
|    learning_rate        | 7.86e-05  |
|    loss                 | -0.0704   |
|    n_updates            | 7923      |
|    policy_gradient_loss | -0.00335  |
|    std                  | 0.0445    |
|    value_loss           | 0.0252    |
---------------------------------------
Early stopping at step 6 due to reaching max kl: 0.86
PPO progress: 1478449/1000000 (148%) | ep_rew_mean=101.51 | ep_len_mean=147 | episodes=100 | fps=113
---------------------------------------
| rollout/                |           |
|    ep_len_mean          | 147       |
|    ep_rew_mean          | 102       |
| time/                   |           |
|    fps                  | 36        |
|    iterations           | 467       |
|    time_elapsed         | 12988     |
|    total_timesteps      | 1478656   |
| train/                  |           |
|    approx_kl            | 0.3548324 |
|    clip_fraction        | 0.495     |
|    clip_range           | 0.2       |
|    clip_range_vf        | 0.2       |
|    entropy_loss         | 3.42      |
|    explained_variance   | 0.872     |
|    learning_rate        | 7.84e-05  |
|    loss                 | 0.122     |
|    n_updates            | 7930      |
|    policy_gradient_loss | -0.0205   |
|    std                  | 0.0445    |
|    value_loss           | 0.159     |
---------------------------------------
Early stopping at step 1 due to reaching max kl: 0.81
PPO progress: 1479449/1000000 (148%) | ep_rew_mean=98.11 | ep_len_mean=148 | episodes=100 | fps=113
---------------------------------------
| rollout/                |           |
|    ep_len_mean          | 142       |
|    ep_rew_mean          | 93.6      |
| time/                   |           |
|    fps                  | 36        |
|    iterations           | 468       |
|    time_elapsed         | 13023     |
|    total_timesteps      | 1479680   |
| train/                  |           |
|    approx_kl            | 0.3844668 |
|    clip_fraction        | 0.514     |
|    clip_range           | 0.2       |
|    clip_range_vf        | 0.2       |
|    entropy_loss         | 3.42      |
|    explained_variance   | 0.847     |
|    learning_rate        | 7.83e-05  |
|    loss                 | 0.115     |
|    n_updates            | 7932      |
|    policy_gradient_loss | 0.0373    |
|    std                  | 0.0444    |
|    value_loss           | 0.0825    |
---------------------------------------
Early stopping at step 5 due to reaching max kl: 0.87
PPO progress: 1480449/1000000 (148%) | ep_rew_mean=94.03 | ep_len_mean=141 | episodes=100 | fps=113
----------------------------------------
| rollout/                |            |
|    ep_len_mean          | 141        |
|    ep_rew_mean          | 94         |
| time/                   |            |
|    fps                  | 36         |
|    iterations           | 469        |
|    time_elapsed         | 13052      |
|    total_timesteps      | 1480704    |
| train/                  |            |
|    approx_kl            | 0.25431684 |
|    clip_fraction        | 0.471      |
|    clip_range           | 0.2        |
|    clip_range_vf        | 0.2        |
|    entropy_loss         | 3.42       |
|    explained_variance   | 0.952      |
|    learning_rate        | 7.81e-05   |
|    loss                 | 0.0659     |
|    n_updates            | 7938       |
|    policy_gradient_loss | -0.00474   |
|    std                  | 0.0444     |
|    value_loss           | 0.0431     |
----------------------------------------
Early stopping at step 4 due to reaching max kl: 1.23
PPO progress: 1481449/1000000 (148%) | ep_rew_mean=95.30 | ep_len_mean=145 | episodes=100 | fps=113
----------------------------------------
| rollout/                |            |
|    ep_len_mean          | 145        |
|    ep_rew_mean          | 95.3       |
| time/                   |            |
|    fps                  | 36         |
|    iterations           | 470        |
|    time_elapsed         | 13083      |
|    total_timesteps      | 1481728    |
| train/                  |            |
|    approx_kl            | 0.65113145 |
|    clip_fraction        | 0.465      |
|    clip_range           | 0.2        |
|    clip_range_vf        | 0.2        |
|    entropy_loss         | 3.42       |
|    explained_variance   | 0.976      |
|    learning_rate        | 7.79e-05   |
|    loss                 | 0.00314    |
|    n_updates            | 7943       |
|    policy_gradient_loss | -0.0233    |
|    std                  | 0.0444     |
|    value_loss           | 0.0242     |
----------------------------------------
Early stopping at step 1 due to reaching max kl: 1.45
PPO progress: 1482449/1000000 (148%) | ep_rew_mean=90.59 | ep_len_mean=138 | episodes=100 | fps=113
----------------------------------------
| rollout/                |            |
|    ep_len_mean          | 139        |
|    ep_rew_mean          | 91.4       |
| time/                   |            |
|    fps                  | 36         |
|    iterations           | 471        |
|    time_elapsed         | 13108      |
|    total_timesteps      | 1482752    |
| train/                  |            |
|    approx_kl            | 0.33135298 |
|    clip_fraction        | 0.44       |
|    clip_range           | 0.2        |
|    clip_range_vf        | 0.2        |
|    entropy_loss         | 3.42       |
|    explained_variance   | 0.916      |
|    learning_rate        | 7.78e-05   |
|    loss                 | 0.318      |
|    n_updates            | 7945       |
|    policy_gradient_loss | 0.0482     |
|    std                  | 0.0444     |
|    value_loss           | 0.0813     |
----------------------------------------
Early stopping at step 8 due to reaching max kl: 0.93
PPO progress: 1483449/1000000 (148%) | ep_rew_mean=87.83 | ep_len_mean=134 | episodes=100 | fps=112
----------------------------------------
| rollout/                |            |
|    ep_len_mean          | 134        |
|    ep_rew_mean          | 87.8       |
| time/                   |            |
|    fps                  | 36         |
|    iterations           | 472        |
|    time_elapsed         | 13136      |
|    total_timesteps      | 1483776    |
| train/                  |            |
|    approx_kl            | 0.38033655 |
|    clip_fraction        | 0.611      |
|    clip_range           | 0.2        |
|    clip_range_vf        | 0.2        |
|    entropy_loss         | 3.43       |
|    explained_variance   | 0.825      |
|    learning_rate        | 7.76e-05   |
|    loss                 | 0.147      |
|    n_updates            | 7954       |
|    policy_gradient_loss | -0.0455    |
|    std                  | 0.0441     |
|    value_loss           | 0.281      |
----------------------------------------
Early stopping at step 6 due to reaching max kl: 0.86
PPO progress: 1484449/1000000 (148%) | ep_rew_mean=86.30 | ep_len_mean=135 | episodes=100 | fps=112
--------------------------------------
| rollout/                |          |
|    ep_len_mean          | 128      |
|    ep_rew_mean          | 81.7     |
| time/                   |          |
|    fps                  | 36       |
|    iterations           | 473      |
|    time_elapsed         | 13162    |
|    total_timesteps      | 1484800  |
| train/                  |          |
|    approx_kl            | 0.541561 |
|    clip_fraction        | 0.601    |
|    clip_range           | 0.2      |
|    clip_range_vf        | 0.2      |
|    entropy_loss         | 3.44     |
|    explained_variance   | 0.961    |
|    learning_rate        | 7.75e-05 |
|    loss                 | -0.0458  |
|    n_updates            | 7961     |
|    policy_gradient_loss | -0.0374  |
|    std                  | 0.044    |
|    value_loss           | 0.0363   |
--------------------------------------
Early stopping at step 1 due to reaching max kl: 1.48
PPO progress: 1485449/1000000 (149%) | ep_rew_mean=84.55 | ep_len_mean=132 | episodes=100 | fps=112
---------------------------------------
| rollout/                |           |
|    ep_len_mean          | 132       |
|    ep_rew_mean          | 84.5      |
| time/                   |           |
|    fps                  | 36        |
|    iterations           | 474       |
|    time_elapsed         | 13191     |
|    total_timesteps      | 1485824   |
| train/                  |           |
|    approx_kl            | 1.4796417 |
|    clip_fraction        | 0.349     |
|    clip_range           | 0.2       |
|    clip_range_vf        | 0.2       |
|    entropy_loss         | 3.44      |
|    explained_variance   | 0.866     |
|    learning_rate        | 7.73e-05  |
|    loss                 | 0.0914    |
|    n_updates            | 7963      |
|    policy_gradient_loss | 0.0532    |
|    std                  | 0.0439    |
|    value_loss           | 0.165     |
---------------------------------------
Early stopping at step 2 due to reaching max kl: 1.23
PPO progress: 1486449/1000000 (149%) | ep_rew_mean=86.17 | ep_len_mean=140 | episodes=100 | fps=112
----------------------------------------
| rollout/                |            |
|    ep_len_mean          | 143        |
|    ep_rew_mean          | 88.7       |
| time/                   |            |
|    fps                  | 36         |
|    iterations           | 475        |
|    time_elapsed         | 13218      |
|    total_timesteps      | 1486848    |
| train/                  |            |
|    approx_kl            | 0.65060914 |
|    clip_fraction        | 0.505      |
|    clip_range           | 0.2        |
|    clip_range_vf        | 0.2        |
|    entropy_loss         | 3.44       |
|    explained_variance   | 0.894      |
|    learning_rate        | 7.72e-05   |
|    loss                 | 0.0928     |
|    n_updates            | 7966       |
|    policy_gradient_loss | 0.0277     |
|    std                  | 0.0439     |
|    value_loss           | 0.114      |
----------------------------------------
Early stopping at step 4 due to reaching max kl: 0.87
PPO progress: 1487449/1000000 (149%) | ep_rew_mean=87.68 | ep_len_mean=143 | episodes=100 | fps=112
----------------------------------------
| rollout/                |            |
|    ep_len_mean          | 146        |
|    ep_rew_mean          | 91         |
| time/                   |            |
|    fps                  | 36         |
|    iterations           | 476        |
|    time_elapsed         | 13251      |
|    total_timesteps      | 1487872    |
| train/                  |            |
|    approx_kl            | 0.25912002 |
|    clip_fraction        | 0.471      |
|    clip_range           | 0.2        |
|    clip_range_vf        | 0.2        |
|    entropy_loss         | 3.44       |
|    explained_variance   | 0.977      |
|    learning_rate        | 7.7e-05    |
|    loss                 | -0.0281    |
|    n_updates            | 7971       |
|    policy_gradient_loss | -0.0237    |
|    std                  | 0.044      |
|    value_loss           | 0.0236     |
----------------------------------------
Early stopping at step 4 due to reaching max kl: 0.79
PPO progress: 1488449/1000000 (149%) | ep_rew_mean=90.28 | ep_len_mean=144 | episodes=100 | fps=112
----------------------------------------
| rollout/                |            |
|    ep_len_mean          | 144        |
|    ep_rew_mean          | 90.3       |
| time/                   |            |
|    fps                  | 36         |
|    iterations           | 477        |
|    time_elapsed         | 13279      |
|    total_timesteps      | 1488896    |
| train/                  |            |
|    approx_kl            | 0.48986816 |
|    clip_fraction        | 0.499      |
|    clip_range           | 0.2        |
|    clip_range_vf        | 0.2        |
|    entropy_loss         | 3.44       |
|    explained_variance   | 0.949      |
|    learning_rate        | 7.69e-05   |
|    loss                 | 0.00656    |
|    n_updates            | 7976       |
|    policy_gradient_loss | -0.00225   |
|    std                  | 0.0439     |
|    value_loss           | 0.0688     |
----------------------------------------
Early stopping at step 1 due to reaching max kl: 2.62
PPO progress: 1489449/1000000 (149%) | ep_rew_mean=75.97 | ep_len_mean=122 | episodes=100 | fps=111
---------------------------------------
| rollout/                |           |
|    ep_len_mean          | 107       |
|    ep_rew_mean          | 67.6      |
| time/                   |           |
|    fps                  | 36        |
|    iterations           | 478       |
|    time_elapsed         | 13320     |
|    total_timesteps      | 1489920   |
| train/                  |           |
|    approx_kl            | 0.5954792 |
|    clip_fraction        | 0.379     |
|    clip_range           | 0.2       |
|    clip_range_vf        | 0.2       |
|    entropy_loss         | 3.45      |
|    explained_variance   | 0.934     |
|    learning_rate        | 7.67e-05  |
|    loss                 | 4.01      |
|    n_updates            | 7978      |
|    policy_gradient_loss | 0.195     |
|    std                  | 0.0439    |
|    value_loss           | 0.077     |
---------------------------------------
Early stopping at step 1 due to reaching max kl: 0.77
PPO progress: 1490449/1000000 (149%) | ep_rew_mean=65.86 | ep_len_mean=107 | episodes=100 | fps=111
----------------------------------------
| rollout/                |            |
|    ep_len_mean          | 111        |
|    ep_rew_mean          | 68         |
| time/                   |            |
|    fps                  | 36         |
|    iterations           | 479        |
|    time_elapsed         | 13348      |
|    total_timesteps      | 1490944    |
| train/                  |            |
|    approx_kl            | 0.42761678 |
|    clip_fraction        | 0.401      |
|    clip_range           | 0.2        |
|    clip_range_vf        | 0.2        |
|    entropy_loss         | 3.44       |
|    explained_variance   | 0.847      |
|    learning_rate        | 7.66e-05   |
|    loss                 | 0.215      |
|    n_updates            | 7980       |
|    policy_gradient_loss | 0.0131     |
|    std                  | 0.0439     |
|    value_loss           | 0.204      |
----------------------------------------
Early stopping at step 2 due to reaching max kl: 0.88
PPO progress: 1491449/1000000 (149%) | ep_rew_mean=71.16 | ep_len_mean=116 | episodes=100 | fps=111
----------------------------------------
| rollout/                |            |
|    ep_len_mean          | 117        |
|    ep_rew_mean          | 71.5       |
| time/                   |            |
|    fps                  | 36         |
|    iterations           | 480        |
|    time_elapsed         | 13375      |
|    total_timesteps      | 1491968    |
| train/                  |            |
|    approx_kl            | 0.38578662 |
|    clip_fraction        | 0.466      |
|    clip_range           | 0.2        |
|    clip_range_vf        | 0.2        |
|    entropy_loss         | 3.44       |
|    explained_variance   | 0.958      |
|    learning_rate        | 7.64e-05   |
|    loss                 | 0.077      |
|    n_updates            | 7983       |
|    policy_gradient_loss | 0.00913    |
|    std                  | 0.0439     |
|    value_loss           | 0.0459     |
----------------------------------------
Early stopping at step 3 due to reaching max kl: 0.79
PPO progress: 1492449/1000000 (149%) | ep_rew_mean=68.60 | ep_len_mean=109 | episodes=100 | fps=111
----------------------------------------
| rollout/                |            |
|    ep_len_mean          | 104        |
|    ep_rew_mean          | 68.4       |
| time/                   |            |
|    fps                  | 36         |
|    iterations           | 481        |
|    time_elapsed         | 13403      |
|    total_timesteps      | 1492992    |
| train/                  |            |
|    approx_kl            | 0.30878925 |
|    clip_fraction        | 0.516      |
|    clip_range           | 0.2        |
|    clip_range_vf        | 0.2        |
|    entropy_loss         | 3.44       |
|    explained_variance   | 0.953      |
|    learning_rate        | 7.63e-05   |
|    loss                 | 0.113      |
|    n_updates            | 7987       |
|    policy_gradient_loss | -0.00814   |
|    std                  | 0.0439     |
|    value_loss           | 0.0444     |
----------------------------------------
Early stopping at step 3 due to reaching max kl: 0.78
PPO progress: 1493449/1000000 (149%) | ep_rew_mean=69.85 | ep_len_mean=105 | episodes=100 | fps=111
----------------------------------------
| rollout/                |            |
|    ep_len_mean          | 110        |
|    ep_rew_mean          | 73.3       |
| time/                   |            |
|    fps                  | 36         |
|    iterations           | 482        |
|    time_elapsed         | 13433      |
|    total_timesteps      | 1494016    |
| train/                  |            |
|    approx_kl            | 0.29344663 |
|    clip_fraction        | 0.465      |
|    clip_range           | 0.2        |
|    clip_range_vf        | 0.2        |
|    entropy_loss         | 3.44       |
|    explained_variance   | 0.888      |
|    learning_rate        | 7.61e-05   |
|    loss                 | 0.0598     |
|    n_updates            | 7991       |
|    policy_gradient_loss | -0.00467   |
|    std                  | 0.044      |
|    value_loss           | 0.144      |
----------------------------------------
Early stopping at step 1 due to reaching max kl: 0.83
PPO progress: 1494449/1000000 (149%) | ep_rew_mean=68.34 | ep_len_mean=99 | episodes=100 | fps=111
----------------------------------------
| rollout/                |            |
|    ep_len_mean          | 98.7       |
|    ep_rew_mean          | 68.3       |
| time/                   |            |
|    fps                  | 36         |
|    iterations           | 483        |
|    time_elapsed         | 13461      |
|    total_timesteps      | 1495040    |
| train/                  |            |
|    approx_kl            | 0.31253397 |
|    clip_fraction        | 0.4        |
|    clip_range           | 0.2        |
|    clip_range_vf        | 0.2        |
|    entropy_loss         | 3.44       |
|    explained_variance   | 0.941      |
|    learning_rate        | 7.59e-05   |
|    loss                 | 0.154      |
|    n_updates            | 7993       |
|    policy_gradient_loss | 0.0449     |
|    std                  | 0.044      |
|    value_loss           | 0.0653     |
----------------------------------------
Early stopping at step 1 due to reaching max kl: 1.04
PPO progress: 1495449/1000000 (150%) | ep_rew_mean=67.35 | ep_len_mean=108 | episodes=100 | fps=110
---------------------------------------
| rollout/                |           |
|    ep_len_mean          | 108       |
|    ep_rew_mean          | 67.8      |
| time/                   |           |
|    fps                  | 36        |
|    iterations           | 484       |
|    time_elapsed         | 13490     |
|    total_timesteps      | 1496064   |
| train/                  |           |
|    approx_kl            | 0.5860104 |
|    clip_fraction        | 0.408     |
|    clip_range           | 0.2       |
|    clip_range_vf        | 0.2       |
|    entropy_loss         | 3.44      |
|    explained_variance   | 0.68      |
|    learning_rate        | 7.58e-05  |
|    loss                 | 0.119     |
|    n_updates            | 7995      |
|    policy_gradient_loss | 0.0775    |
|    std                  | 0.044     |
|    value_loss           | 0.187     |
---------------------------------------
Early stopping at step 1 due to reaching max kl: 0.99
PPO progress: 1496449/1000000 (150%) | ep_rew_mean=69.83 | ep_len_mean=111 | episodes=100 | fps=110
----------------------------------------
| rollout/                |            |
|    ep_len_mean          | 104        |
|    ep_rew_mean          | 68.7       |
| time/                   |            |
|    fps                  | 36         |
|    iterations           | 485        |
|    time_elapsed         | 13515      |
|    total_timesteps      | 1497088    |
| train/                  |            |
|    approx_kl            | 0.33035776 |
|    clip_fraction        | 0.341      |
|    clip_range           | 0.2        |
|    clip_range_vf        | 0.2        |
|    entropy_loss         | 3.44       |
|    explained_variance   | 0.834      |
|    learning_rate        | 7.56e-05   |
|    loss                 | 0.0713     |
|    n_updates            | 7997       |
|    policy_gradient_loss | 0.0239     |
|    std                  | 0.0441     |
|    value_loss           | 0.119      |
----------------------------------------
Early stopping at step 3 due to reaching max kl: 0.89
PPO progress: 1497449/1000000 (150%) | ep_rew_mean=71.99 | ep_len_mean=110 | episodes=100 | fps=110
----------------------------------------
| rollout/                |            |
|    ep_len_mean          | 118        |
|    ep_rew_mean          | 75.8       |
| time/                   |            |
|    fps                  | 36         |
|    iterations           | 486        |
|    time_elapsed         | 13541      |
|    total_timesteps      | 1498112    |
| train/                  |            |
|    approx_kl            | 0.38298157 |
|    clip_fraction        | 0.451      |
|    clip_range           | 0.2        |
|    clip_range_vf        | 0.2        |
|    entropy_loss         | 3.44       |
|    explained_variance   | 0.955      |
|    learning_rate        | 7.55e-05   |
|    loss                 | -0.0524    |
|    n_updates            | 8001       |
|    policy_gradient_loss | -0.0197    |
|    std                  | 0.0441     |
|    value_loss           | 0.0374     |
----------------------------------------
Early stopping at step 6 due to reaching max kl: 0.88
PPO progress: 1498449/1000000 (150%) | ep_rew_mean=75.80 | ep_len_mean=118 | episodes=100 | fps=110
---------------------------------------
| rollout/                |           |
|    ep_len_mean          | 121       |
|    ep_rew_mean          | 73.2      |
| time/                   |           |
|    fps                  | 36        |
|    iterations           | 487       |
|    time_elapsed         | 13570     |
|    total_timesteps      | 1499136   |
| train/                  |           |
|    approx_kl            | 0.5018743 |
|    clip_fraction        | 0.573     |
|    clip_range           | 0.2       |
|    clip_range_vf        | 0.2       |
|    entropy_loss         | 3.44      |
|    explained_variance   | 0.949     |
|    learning_rate        | 7.53e-05  |
|    loss                 | -0.0745   |
|    n_updates            | 8008      |
|    policy_gradient_loss | -0.0372   |
|    std                  | 0.0441    |
|    value_loss           | 0.0278    |
---------------------------------------
Early stopping at step 4 due to reaching max kl: 0.89
PPO progress: 1499449/1000000 (150%) | ep_rew_mean=72.30 | ep_len_mean=120 | episodes=100 | fps=110
---------------------------------------
| rollout/                |           |
|    ep_len_mean          | 128       |
|    ep_rew_mean          | 78.3      |
| time/                   |           |
|    fps                  | 36        |
|    iterations           | 488       |
|    time_elapsed         | 13597     |
|    total_timesteps      | 1500160   |
| train/                  |           |
|    approx_kl            | 0.2438522 |
|    clip_fraction        | 0.528     |
|    clip_range           | 0.2       |
|    clip_range_vf        | 0.2       |
|    entropy_loss         | 3.44      |
|    explained_variance   | 0.981     |
|    learning_rate        | 7.52e-05  |
|    loss                 | 0.00335   |
|    n_updates            | 8013      |
|    policy_gradient_loss | -0.0117   |
|    std                  | 0.0441    |
|    value_loss           | 0.014     |
---------------------------------------
Early stopping at step 1 due to reaching max kl: 1.50
PPO progress: 1500449/1000000 (150%) | ep_rew_mean=78.35 | ep_len_mean=128 | episodes=100 | fps=110
----------------------------------------
| rollout/                |            |
|    ep_len_mean          | 130        |
|    ep_rew_mean          | 79         |
| time/                   |            |
|    fps                  | 36         |
|    iterations           | 489        |
|    time_elapsed         | 13628      |
|    total_timesteps      | 1501184    |
| train/                  |            |
|    approx_kl            | 0.30954012 |
|    clip_fraction        | 0.398      |
|    clip_range           | 0.2        |
|    clip_range_vf        | 0.2        |
|    entropy_loss         | 3.44       |
|    explained_variance   | 0.829      |
|    learning_rate        | 7.5e-05    |
|    loss                 | 0.0757     |
|    n_updates            | 8015       |
|    policy_gradient_loss | 0.0101     |
|    std                  | 0.0441     |
|    value_loss           | 0.173      |
----------------------------------------
Early stopping at step 2 due to reaching max kl: 0.80
PPO progress: 1501449/1000000 (150%) | ep_rew_mean=80.76 | ep_len_mean=135 | episodes=100 | fps=110
---------------------------------------
| rollout/                |           |
|    ep_len_mean          | 135       |
|    ep_rew_mean          | 81.3      |
| time/                   |           |
|    fps                  | 36        |
|    iterations           | 490       |
|    time_elapsed         | 13657     |
|    total_timesteps      | 1502208   |
| train/                  |           |
|    approx_kl            | 0.3435795 |
|    clip_fraction        | 0.49      |
|    clip_range           | 0.2       |
|    clip_range_vf        | 0.2       |
|    entropy_loss         | 3.44      |
|    explained_variance   | 0.885     |
|    learning_rate        | 7.49e-05  |
|    loss                 | 0.118     |
|    n_updates            | 8018      |
|    policy_gradient_loss | 0.0157    |
|    std                  | 0.0441    |
|    value_loss           | 0.131     |
---------------------------------------
Early stopping at step 2 due to reaching max kl: 1.10
PPO progress: 1502449/1000000 (150%) | ep_rew_mean=80.56 | ep_len_mean=134 | episodes=100 | fps=109
---------------------------------------
| rollout/                |           |
|    ep_len_mean          | 140       |
|    ep_rew_mean          | 85.3      |
| time/                   |           |
|    fps                  | 36        |
|    iterations           | 491       |
|    time_elapsed         | 13683     |
|    total_timesteps      | 1503232   |
| train/                  |           |
|    approx_kl            | 1.0982232 |
|    clip_fraction        | 0.473     |
|    clip_range           | 0.2       |
|    clip_range_vf        | 0.2       |
|    entropy_loss         | 3.44      |
|    explained_variance   | 0.944     |
|    learning_rate        | 7.47e-05  |
|    loss                 | 0.000982  |
|    n_updates            | 8021      |
|    policy_gradient_loss | 0.0273    |
|    std                  | 0.0441    |
|    value_loss           | 0.0611    |
---------------------------------------
Early stopping at step 3 due to reaching max kl: 1.16
PPO progress: 1503449/1000000 (150%) | ep_rew_mean=87.98 | ep_len_mean=143 | episodes=100 | fps=109
----------------------------------------
| rollout/                |            |
|    ep_len_mean          | 150        |
|    ep_rew_mean          | 93.7       |
| time/                   |            |
|    fps                  | 36         |
|    iterations           | 492        |
|    time_elapsed         | 13711      |
|    total_timesteps      | 1504256    |
| train/                  |            |
|    approx_kl            | 0.42869684 |
|    clip_fraction        | 0.474      |
|    clip_range           | 0.2        |
|    clip_range_vf        | 0.2        |
|    entropy_loss         | 3.43       |
|    explained_variance   | 0.955      |
|    learning_rate        | 7.46e-05   |
|    loss                 | -0.0557    |
|    n_updates            | 8025       |
|    policy_gradient_loss | -0.0229    |
|    std                  | 0.0441     |
|    value_loss           | 0.0369     |
----------------------------------------
Early stopping at step 2 due to reaching max kl: 1.16
PPO progress: 1504449/1000000 (150%) | ep_rew_mean=94.12 | ep_len_mean=151 | episodes=100 | fps=109
----------------------------------------
| rollout/                |            |
|    ep_len_mean          | 156        |
|    ep_rew_mean          | 97.6       |
| time/                   |            |
|    fps                  | 36         |
|    iterations           | 493        |
|    time_elapsed         | 13738      |
|    total_timesteps      | 1505280    |
| train/                  |            |
|    approx_kl            | 0.64171195 |
|    clip_fraction        | 0.434      |
|    clip_range           | 0.2        |
|    clip_range_vf        | 0.2        |
|    entropy_loss         | 3.43       |
|    explained_variance   | 0.967      |
|    learning_rate        | 7.44e-05   |
|    loss                 | -0.0143    |
|    n_updates            | 8028       |
|    policy_gradient_loss | 0.0216     |
|    std                  | 0.0442     |
|    value_loss           | 0.0375     |
----------------------------------------
Early stopping at step 7 due to reaching max kl: 0.84
PPO progress: 1505449/1000000 (151%) | ep_rew_mean=97.61 | ep_len_mean=156 | episodes=100 | fps=109
----------------------------------------
| rollout/                |            |
|    ep_len_mean          | 166        |
|    ep_rew_mean          | 105        |
| time/                   |            |
|    fps                  | 36         |
|    iterations           | 494        |
|    time_elapsed         | 13764      |
|    total_timesteps      | 1506304    |
| train/                  |            |
|    approx_kl            | 0.83929753 |
|    clip_fraction        | 0.543      |
|    clip_range           | 0.2        |
|    clip_range_vf        | 0.2        |
|    entropy_loss         | 3.43       |
|    explained_variance   | 0.984      |
|    learning_rate        | 7.43e-05   |
|    loss                 | -0.0546    |
|    n_updates            | 8036       |
|    policy_gradient_loss | -0.0588    |
|    std                  | 0.0441     |
|    value_loss           | 0.0151     |
----------------------------------------
Early stopping at step 3 due to reaching max kl: 0.80
PPO progress: 1506449/1000000 (151%) | ep_rew_mean=108.06 | ep_len_mean=169 | episodes=100 | fps=109
----------------------------------------
| rollout/                |            |
|    ep_len_mean          | 177        |
|    ep_rew_mean          | 113        |
| time/                   |            |
|    fps                  | 36         |
|    iterations           | 495        |
|    time_elapsed         | 13797      |
|    total_timesteps      | 1507328    |
| train/                  |            |
|    approx_kl            | 0.31159255 |
|    clip_fraction        | 0.471      |
|    clip_range           | 0.2        |
|    clip_range_vf        | 0.2        |
|    entropy_loss         | 3.44       |
|    explained_variance   | 0.963      |
|    learning_rate        | 7.41e-05   |
|    loss                 | -0.0447    |
|    n_updates            | 8040       |
|    policy_gradient_loss | -0.00419   |
|    std                  | 0.0441     |
|    value_loss           | 0.0408     |
----------------------------------------
Early stopping at step 1 due to reaching max kl: 1.68
PPO progress: 1507449/1000000 (151%) | ep_rew_mean=113.20 | ep_len_mean=177 | episodes=100 | fps=109
----------------------------------------
| rollout/                |            |
|    ep_len_mean          | 183        |
|    ep_rew_mean          | 120        |
| time/                   |            |
|    fps                  | 36         |
|    iterations           | 496        |
|    time_elapsed         | 13828      |
|    total_timesteps      | 1508352    |
| train/                  |            |
|    approx_kl            | 0.31744167 |
|    clip_fraction        | 0.446      |
|    clip_range           | 0.2        |
|    clip_range_vf        | 0.2        |
|    entropy_loss         | 3.44       |
|    explained_variance   | 0.984      |
|    learning_rate        | 7.4e-05    |
|    loss                 | 0.0791     |
|    n_updates            | 8042       |
|    policy_gradient_loss | 0.0185     |
|    std                  | 0.0441     |
|    value_loss           | 0.0214     |
----------------------------------------
Early stopping at step 1 due to reaching max kl: 1.31
PPO progress: 1508449/1000000 (151%) | ep_rew_mean=119.58 | ep_len_mean=183 | episodes=100 | fps=109
----------------------------------------
| rollout/                |            |
|    ep_len_mean          | 172        |
|    ep_rew_mean          | 110        |
| time/                   |            |
|    fps                  | 36         |
|    iterations           | 497        |
|    time_elapsed         | 13859      |
|    total_timesteps      | 1509376    |
| train/                  |            |
|    approx_kl            | 0.25072694 |
|    clip_fraction        | 0.44       |
|    clip_range           | 0.2        |
|    clip_range_vf        | 0.2        |
|    entropy_loss         | 3.44       |
|    explained_variance   | 0.817      |
|    learning_rate        | 7.38e-05   |
|    loss                 | 0.0718     |
|    n_updates            | 8044       |
|    policy_gradient_loss | 0.0104     |
|    std                  | 0.0441     |
|    value_loss           | 0.273      |
----------------------------------------
Early stopping at step 4 due to reaching max kl: 1.19
PPO progress: 1509449/1000000 (151%) | ep_rew_mean=110.29 | ep_len_mean=172 | episodes=100 | fps=108
----------------------------------------
| rollout/                |            |
|    ep_len_mean          | 182        |
|    ep_rew_mean          | 115        |
| time/                   |            |
|    fps                  | 36         |
|    iterations           | 498        |
|    time_elapsed         | 13884      |
|    total_timesteps      | 1510400    |
| train/                  |            |
|    approx_kl            | 0.65659106 |
|    clip_fraction        | 0.499      |
|    clip_range           | 0.2        |
|    clip_range_vf        | 0.2        |
|    entropy_loss         | 3.43       |
|    explained_variance   | 0.674      |
|    learning_rate        | 7.36e-05   |
|    loss                 | 0.0504     |
|    n_updates            | 8049       |
|    policy_gradient_loss | -0.00607   |
|    std                  | 0.0441     |
|    value_loss           | 0.357      |
----------------------------------------
Early stopping at step 1 due to reaching max kl: 1.41
PPO progress: 1510449/1000000 (151%) | ep_rew_mean=117.25 | ep_len_mean=184 | episodes=100 | fps=108
----------------------------------------
| rollout/                |            |
|    ep_len_mean          | 184        |
|    ep_rew_mean          | 115        |
| time/                   |            |
|    fps                  | 36         |
|    iterations           | 499        |
|    time_elapsed         | 13911      |
|    total_timesteps      | 1511424    |
| train/                  |            |
|    approx_kl            | 0.37406898 |
|    clip_fraction        | 0.458      |
|    clip_range           | 0.2        |
|    clip_range_vf        | 0.2        |
|    entropy_loss         | 3.43       |
|    explained_variance   | 0.955      |
|    learning_rate        | 7.35e-05   |
|    loss                 | 0.18       |
|    n_updates            | 8051       |
|    policy_gradient_loss | 0.0347     |
|    std                  | 0.0441     |
|    value_loss           | 0.026      |
----------------------------------------
Early stopping at step 1 due to reaching max kl: 1.11
PPO progress: 1511449/1000000 (151%) | ep_rew_mean=115.34 | ep_len_mean=184 | episodes=100 | fps=108
---------------------------------------
| rollout/                |           |
|    ep_len_mean          | 192       |
|    ep_rew_mean          | 121       |
| time/                   |           |
|    fps                  | 36        |
|    iterations           | 500       |
|    time_elapsed         | 13936     |
|    total_timesteps      | 1512448   |
| train/                  |           |
|    approx_kl            | 1.1143523 |
|    clip_fraction        | 0.342     |
|    clip_range           | 0.2       |
|    clip_range_vf        | 0.2       |
|    entropy_loss         | 3.43      |
|    explained_variance   | 0.903     |
|    learning_rate        | 7.33e-05  |
|    loss                 | 0.0495    |
|    n_updates            | 8053      |
|    policy_gradient_loss | 0.0143    |
|    std                  | 0.0441    |
|    value_loss           | 0.116     |
---------------------------------------
PPO progress: 1512449/1000000 (151%) | ep_rew_mean=120.76 | ep_len_mean=192 | episodes=100 | fps=108
PPO progress: 1513449/1000000 (151%) | ep_rew_mean=123.62 | ep_len_mean=198 | episodes=100 | fps=108
---------------------------------------
| rollout/                |           |
|    ep_len_mean          | 198       |
|    ep_rew_mean          | 124       |
| time/                   |           |
|    fps                  | 36        |
|    iterations           | 501       |
|    time_elapsed         | 13962     |
|    total_timesteps      | 1513472   |
| train/                  |           |
|    approx_kl            | 0.3691645 |
|    clip_fraction        | 0.634     |
|    clip_range           | 0.2       |
|    clip_range_vf        | 0.2       |
|    entropy_loss         | 3.44      |
|    explained_variance   | 0.97      |
|    learning_rate        | 7.32e-05  |
|    loss                 | -0.0451   |
|    n_updates            | 8063      |
|    policy_gradient_loss | -0.0689   |
|    std                  | 0.0438    |
|    value_loss           | 0.0143    |
---------------------------------------
Early stopping at step 7 due to reaching max kl: 0.81
PPO progress: 1514449/1000000 (151%) | ep_rew_mean=126.51 | ep_len_mean=203 | episodes=100 | fps=108
---------------------------------------
| rollout/                |           |
|    ep_len_mean          | 204       |
|    ep_rew_mean          | 127       |
| time/                   |           |
|    fps                  | 36        |
|    iterations           | 502       |
|    time_elapsed         | 13990     |
|    total_timesteps      | 1514496   |
| train/                  |           |
|    approx_kl            | 0.4706762 |
|    clip_fraction        | 0.537     |
|    clip_range           | 0.2       |
|    clip_range_vf        | 0.2       |
|    entropy_loss         | 3.45      |
|    explained_variance   | 0.972     |
|    learning_rate        | 7.3e-05   |
|    loss                 | -0.071    |
|    n_updates            | 8071      |
|    policy_gradient_loss | -0.053    |
|    std                  | 0.0437    |
|    value_loss           | 0.0195    |
---------------------------------------
Early stopping at step 2 due to reaching max kl: 0.79
PPO progress: 1515449/1000000 (152%) | ep_rew_mean=131.93 | ep_len_mean=199 | episodes=100 | fps=108
---------------------------------------
| rollout/                |           |
|    ep_len_mean          | 201       |
|    ep_rew_mean          | 134       |
| time/                   |           |
|    fps                  | 36        |
|    iterations           | 503       |
|    time_elapsed         | 14016     |
|    total_timesteps      | 1515520   |
| train/                  |           |
|    approx_kl            | 0.3138951 |
|    clip_fraction        | 0.459     |
|    clip_range           | 0.2       |
|    clip_range_vf        | 0.2       |
|    entropy_loss         | 3.45      |
|    explained_variance   | 0.959     |
|    learning_rate        | 7.29e-05  |
|    loss                 | -0.00363  |
|    n_updates            | 8074      |
|    policy_gradient_loss | -0.00345  |
|    std                  | 0.0436    |
|    value_loss           | 0.0344    |
---------------------------------------
Early stopping at step 4 due to reaching max kl: 0.93
PPO progress: 1516449/1000000 (152%) | ep_rew_mean=130.73 | ep_len_mean=197 | episodes=100 | fps=108
---------------------------------------
| rollout/                |           |
|    ep_len_mean          | 197       |
|    ep_rew_mean          | 131       |
| time/                   |           |
|    fps                  | 36        |
|    iterations           | 504       |
|    time_elapsed         | 14043     |
|    total_timesteps      | 1516544   |
| train/                  |           |
|    approx_kl            | 0.3920531 |
|    clip_fraction        | 0.514     |
|    clip_range           | 0.2       |
|    clip_range_vf        | 0.2       |
|    entropy_loss         | 3.45      |
|    explained_variance   | 0.941     |
|    learning_rate        | 7.27e-05  |
|    loss                 | -0.0246   |
|    n_updates            | 8079      |
|    policy_gradient_loss | -0.0265   |
|    std                  | 0.0436    |
|    value_loss           | 0.0779    |
---------------------------------------
PPO progress: 1517449/1000000 (152%) | ep_rew_mean=128.80 | ep_len_mean=189 | episodes=100 | fps=107
----------------------------------------
| rollout/                |            |
|    ep_len_mean          | 189        |
|    ep_rew_mean          | 129        |
| time/                   |            |
|    fps                  | 36         |
|    iterations           | 505        |
|    time_elapsed         | 14071      |
|    total_timesteps      | 1517568    |
| train/                  |            |
|    approx_kl            | 0.44295323 |
|    clip_fraction        | 0.626      |
|    clip_range           | 0.2        |
|    clip_range_vf        | 0.2        |
|    entropy_loss         | 3.46       |
|    explained_variance   | 0.937      |
|    learning_rate        | 7.26e-05   |
|    loss                 | -8.5e-05   |
|    n_updates            | 8089       |
|    policy_gradient_loss | -0.0641    |
|    std                  | 0.0434     |
|    value_loss           | 0.0568     |
----------------------------------------
Early stopping at step 9 due to reaching max kl: 0.88
PPO progress: 1518449/1000000 (152%) | ep_rew_mean=122.32 | ep_len_mean=176 | episodes=100 | fps=107
--------------------------------------
| rollout/                |          |
|    ep_len_mean          | 176      |
|    ep_rew_mean          | 122      |
| time/                   |          |
|    fps                  | 36       |
|    iterations           | 506      |
|    time_elapsed         | 14103    |
|    total_timesteps      | 1518592  |
| train/                  |          |
|    approx_kl            | 0.531533 |
|    clip_fraction        | 0.574    |
|    clip_range           | 0.2      |
|    clip_range_vf        | 0.2      |
|    entropy_loss         | 3.47     |
|    explained_variance   | 0.959    |
|    learning_rate        | 7.24e-05 |
|    loss                 | -0.0681  |
|    n_updates            | 8099     |
|    policy_gradient_loss | -0.0661  |
|    std                  | 0.0431   |
|    value_loss           | 0.029    |
--------------------------------------
Early stopping at step 1 due to reaching max kl: 0.78
[isaac_interface] WARN: Spawn pose did not settle after teleport; first-step ey may be unreliable.
PPO progress: 1519449/1000000 (152%) | ep_rew_mean=124.18 | ep_len_mean=178 | episodes=100 | fps=107
----------------------------------------
| rollout/                |            |
|    ep_len_mean          | 178        |
|    ep_rew_mean          | 124        |
| time/                   |            |
|    fps                  | 36         |
|    iterations           | 507        |
|    time_elapsed         | 14131      |
|    total_timesteps      | 1519616    |
| train/                  |            |
|    approx_kl            | 0.27939194 |
|    clip_fraction        | 0.379      |
|    clip_range           | 0.2        |
|    clip_range_vf        | 0.2        |
|    entropy_loss         | 3.48       |
|    explained_variance   | 0.774      |
|    learning_rate        | 7.23e-05   |
|    loss                 | 3.89       |
|    n_updates            | 8101       |
|    policy_gradient_loss | 0.202      |
|    std                  | 0.0431     |
|    value_loss           | 0.203      |
----------------------------------------
Early stopping at step 6 due to reaching max kl: 0.81
PPO progress: 1520449/1000000 (152%) | ep_rew_mean=125.66 | ep_len_mean=183 | episodes=100 | fps=107
----------------------------------------
| rollout/                |            |
|    ep_len_mean          | 183        |
|    ep_rew_mean          | 126        |
| time/                   |            |
|    fps                  | 36         |
|    iterations           | 508        |
|    time_elapsed         | 14159      |
|    total_timesteps      | 1520640    |
| train/                  |            |
|    approx_kl            | 0.26453638 |
|    clip_fraction        | 0.549      |
|    clip_range           | 0.2        |
|    clip_range_vf        | 0.2        |
|    entropy_loss         | 3.48       |
|    explained_variance   | 0.959      |
|    learning_rate        | 7.21e-05   |
|    loss                 | 0.0107     |
|    n_updates            | 8108       |
|    policy_gradient_loss | -0.0101    |
|    std                  | 0.043      |
|    value_loss           | 0.0212     |
----------------------------------------
Early stopping at step 7 due to reaching max kl: 0.78
PPO progress: 1521449/1000000 (152%) | ep_rew_mean=123.53 | ep_len_mean=181 | episodes=100 | fps=107
----------------------------------------
| rollout/                |            |
|    ep_len_mean          | 174        |
|    ep_rew_mean          | 118        |
| time/                   |            |
|    fps                  | 36         |
|    iterations           | 509        |
|    time_elapsed         | 14189      |
|    total_timesteps      | 1521664    |
| train/                  |            |
|    approx_kl            | 0.39897528 |
|    clip_fraction        | 0.567      |
|    clip_range           | 0.2        |
|    clip_range_vf        | 0.2        |
|    entropy_loss         | 3.49       |
|    explained_variance   | 0.821      |
|    learning_rate        | 7.2e-05    |
|    loss                 | 0.086      |
|    n_updates            | 8116       |
|    policy_gradient_loss | -0.0292    |
|    std                  | 0.0429     |
|    value_loss           | 0.195      |
----------------------------------------
Early stopping at step 2 due to reaching max kl: 0.89
[isaac_train] STOP file /media/samuel/Fast_SSD/SE4AI/thesis_repo/experiments/sim/training/ppo_isaac2d_stage1b_2024_1M/STOP found -> ending training gracefully (model + metadata will be written)
[isaac_train] saved PPO model to policy/checkpoints/cobraflex_ppo_isaac2d_stage1b_2024_2M.zip
[isaac_train] learning curve + metadata under /media/samuel/Fast_SSD/SE4AI/thesis_repo/experiments/sim/training/ppo_isaac2d_stage1b_2024_1M
[14215.233s] Simulation App Shutting Down
